UniqueCount	AmbigCount
0	0
0	0
0	0
0	0
0	0
0	0
0	0
0	0
0	0
0	0
0	0
0	0
0	0
0	0
0	0
0	0
0	0
5	0
0	0
0	0
0	0
0	0
0	0
0	0
0	0
0	0
0	0
0	0
0	0
0	0
0	0
0	0
0	0
0	0
0	0
0	0
0	0
0	0
0	0
0	0
0	0
0	0
14	0
0	0
0	0
0	0
0	0
0	0
0	0
0	0
0	0
0	0
0	0
0	0
0	0
0	0
0	0
0	0
0	0
0	0
0	0
0	0
0	0
0	0
0	0
0	0
0	0
0	0
0	0
0	0
0	0
0	0
1515	1086
0	1085
0	1074
2847	1670
0	1669
52	73
803	3
485	4
151	115
0	8
0	7
0	95
0	0
1219	0
0	0
0	0
163	23193
79	23769
1	0
0	0
0	0
0	0
0	0
0	0
0	0
0	0
0	0
0	0
0	0
0	0
0	0
0	0
0	0
0	0
0	0
0	0
0	0
0	0
0	0
0	0
0	0
0	0
0	0
0	0
0	0
0	0
0	0
0	0
0	34
0	0
0	0
0	0
0	0
0	0
0	0
0	0
0	0
0	0
0	0
0	0
0	0
0	0
0	0
0	0
0	0
0	0
0	0
0	0
0	0
0	0
0	26
0	0
0	0
0	0
0	0
0	0
0	0
0	0
0	34
0	0
0	0
0	0
0	0
0	0
0	0
0	0
0	0
0	0
0	0
0	0
0	0
0	34
0	0
0	0
0	0
0	15
0	0
0	0
0	0
0	0
0	0
0	457
154	457
64	0
486	0
0	0
0	0
0	0
193	0
1032	0
0	6
0	6
60	24
1	24
9	501
5	1131
75	1131
254	9
0	9
29	311
268	311
11	1423
4	117
0	1410
148	7419
0	5470
85	7126
5270	1062
0	519
0	534
49	781
145	781
0	134
32	2030
32	312
0	213
0	1940
3801	4
65	7
0	0
39	0
0	686
649	686
176	0
1071	0
0	0
38	0
0	0
1212	406
43	0
0	10
72	33
0	23
74	146
4	62
0	84
883	0
99	87
0	87
0	0
0	0
0	66
97	66
2786	1256
0	918
3	578
75	62
121	1639
0	1579
0	205
0	122
0	137
0	1064
0	1032
0	964
0	1032
0	4
616	686
829	0
9	4296
354	5386
6	2308
643	5380
3965	0
0	0
433	110
0	656
0	145
0	621
114	1377
2	1255
81	312
371	312
81	6
294	6
1229	0
0	0
12	0
1392	36
2	36
23790	24582
0	242
0	24424
0	19392
0	24494
0	20261
4	437
9	437
23	432
0	24
0	0
0	24
8	24
0	24
0	6703
0	3000
220	7310
0	30
0	30
0	0
0	0
0	0
21	0
54	0
0	333
0	168
0	52
41	1216
11	1182
5	61
0	1216
0	948
137	948
0	4697
118	4987
0	4985
6	0
2082	2094
0	1730
4	364
143	0
344	437
0	120
0	3
0	32
0	0
0	0
67	9284
0	9284
25	155
427	155
1562	877
0	877
0	0
15	2677
0	29
0	2677
0	2677
0	0
0	0
0	0
44	0
7	16
0	16
21	1215
0	91
0	298
0	353
163	1152
349	4003
0	306
1347	3796
12	1927
165	7
0	929
0	654
0	908
0	760
0	0
0	0
0	0
0	66
35	1151
0	743
0	1157
0	2
0	2
0	8
0	395
0	201
741	1850
179	492
275	492
0	0
253	0
0	0
398	1139
0	1139
0	35
0	35
0	0
0	35
7195	2
136	0
30	746
665	746
0	0
0	1
12	1
1250	4167
271	4167
2319	343
31	145
11	488
274	0
1931	13
0	12
26	530
299	530
820	0
0	12
220	27453
2359	27453
109	240
5	672
90	495
0	55
0	29
154	80
0	25
7	25
0	0
0	0
0	67
1158	257
0	214
15	172
0	0
0	0
330	0
0	0
10	2186
0	1876
72	36
0	6
0	30
0	169
0	169
0	255
122	1320
0	9
0	1167
0	0
109	179
78	179
13	0
185	0
23	0
0	0
0	0
0	0
0	0
0	0
0	0
1	12
165	30
0	0
0	30
0	0
1187	0
808	0
261	428
0	428
89	1039
46	210
12	1039
0	713
694	209
0	208
258	0
0	72
0	403
0	80
0	414
0	3019
0	2291
0	1937
4	1744
14	1004
1183	6325
0	1853
0	6257
14	35
0	7
128	732
0	732
0	683
14	540
15	530
0	3031
101	111
0	0
0	0
680	0
723	1
0	232
1576	516
51	0
0	1587
159	1587
0	0
0	0
0	47
30	47
175	0
462	629
0	250
0	0
33	0
0	0
0	0
27	0
0	21
52	237
704	74
0	74
8176	5527
0	5523
302	679
0	34
0	69
413	380
4	321
67	95
0	95
4329	3
7	0
0	93
262	182
10143	10
0	4
114	4
0	7
0	7
0	39
5	37
0	8
25	299
7	517
13	299
0	0
10	36
0	8
0	36
0	885
955	1245
0	1244
2355	254
11	80
354	315
79	129
0	165
0	12
0	35
6	159
0	165
0	53
0	4
9	49
5	24
0	89
9	0
58	7
0	723
0	367
0	113
0	1340
48	1309
7	1332
0	1320
0	424
0	1340
0	1322
0	88
0	26
0	21
0	31
0	39
0	88
24855	19
342	206
0	138
0	123
137	0
2455	1302
93	14
109	14
0	2
77	2
0	11024
365	8566
1341	19185
111	18618
0	2170
0	0
77	63
0	0
0	3010
0	3037
0	2980
0	0
0	0
650	735
7	735
142	0
141	155
0	104
0	53
0	0
0	0
0	0
0	0
374	146
0	81
0	139
0	0
0	0
0	0
30	0
552	108
0	0
0	0
0	154
0	22
0	154
2	601
0	556
0	22
7	22
12	45
5	125
0	556
23	104
29	29
103	2746
0	40
0	2630
40	0
8270	1
19	105
0	14
0	83
0	15
0	90
0	11
13	18
0	5
5	29
0	0
0	0
446	392
0	392
65	75
14	60
0	75
744	0
387	115
0	724
0	724
112	26
2	26
2584	0
0	299
882	299
21	0
1705	7
0	0
0	0
1393	1
0	0
0	869
798	1126
0	333
18	157
0	22
48	82
0	82
91	1462
0	1642
93	1629
581	0
3	101
37	101
0	1187
0	156
0	1187
125	1175
0	0
9	0
122	0
18	621
0	621
0	506
0	6
574	506
0	7
89	244
91	380
0	0
15472	3646
0	174
0	3458
46	41
0	41
98	0
0	114
0	15
0	0
0	0
136	248
0	0
0	0
0	0
0	0
91	0
16	621
0	621
588	39
0	39
0	0
3514	0
0	59
678	0
112	117
891	117
10	0
12	1
749	4
1912	5
3530	1651
0	0
0	0
0	0
3	0
1891	219
0	216
0	256
0	248
11	256
562	1
18	14
0	14
49	449
0	329
0	427
0	0
0	31
87	282
0	0
0	0
0	0
0	110
0	69
506	8622
17	8622
775	0
27	0
0	0
59	7
15	7
0	658
0	1886
0	3
940	5020
0	238
0	9
0	9
25	0
11	0
601	3
0	56
123	179
0	36
0	89
2571	630
7	634
1863	1
1478	3
0	0
0	0
140	0
0	0
77	9
0	9
0	5
0	5
362	197
5	173
0	91
98	63
46	63
0	28
0	19
0	28
0	31
0	0
0	0
0	12
0	103
0	103
0	103
0	0
48	160
9	160
256	0
0	2
0	2
251	0
405	141
0	140
12	0
2008	928
12	72
0	928
8	4833
31	4841
3	0
0	158
54	158
1078	0
2	157
0	140
0	29
490	329
3	312
0	305
5	120
0	0
0	167
0	47
7	276
1	54
219	247
1239	106
0	106
0	0
0	373
10	373
0	271
0	132
0	132
0	195
310	555
321	23
0	23
184	153
12	138
8	0
0	0
8	0
0	0
0	0
0	0
0	4983
0	498
1	629
55	323
0	286
0	286
59	4921
0	3440
0	214
2837	214
823	1608
4	40
9	40
0	0
0	0
0	520
19	329
0	86
9	3
0	201
1115	637
0	652
1456	0
694	0
16	24
6	19
0	85
3	13
168	85
0	39
0	381
17	420
2207	1912
0	1912
0	1850
0	0
0	0
0	0
0	0
0	0
1037	56
0	53
87	3
37	0
0	1
0	1
5	1
0	324
2008	324
0	0
0	97
7	111
0	0
2965	253
0	251
0	244
0	246
14	129
0	129
1520	299
16	0
0	0
1040	0
3	461
91	359
7	128
1778	498
517	0
14	186
0	422
7	153
0	74
663	542
0	0
0	0
374	122
0	122
24	0
0	0
0	0
53	28
1617	0
0	0
0	0
71	298
59	299
10	239
41	0
578	39
0	38
729	560
0	560
0	0
0	0
82	2486
0	2486
0	2494
0	2494
0	0
31	178
25	178
3125	709
23	0
4798	4
196	0
18	0
28	9
0	9
25	42
5	42
0	37
173	0
0	0
68052	16284
23	733
0	378
208	733
5	782
0	55
7	358
0	770
0	56
0	0
0	19
42	14
0	5
0	5
11	23
17	1035
54	1025
21	1035
67	1
0	0
0	0
3	0
0	4
37	4
27	0
7	0
0	0
0	0
0	0
0	0
222	0
186	63
0	8
34	63
36	221
665	842
10	816
1680	78
0	70
0	8
0	8
0	8
0	4
0	8
0	8
975	0
666	717
0	173
0	0
0	0
220	786
40	786
0	6
0	0
0	6
199	72
36	797
0	237
0	237
920	982
0	732
249	312
0	245
0	583
0	559
304	39
0	39
233	304
0	304
66	1639
5	1680
0	1587
61	928
0	928
13	0
0	0
306	533
1138	540
0	833
0	3109
0	891
4907	3949
2265	0
9	0
9663	3
1341	5
0	0
0	16
0	8
0	16
286	0
4	0
685	354
0	354
3398	401
1469	185
0	17
17	17
6	90
0	93
24	82
0	35
1151	122
0	281
4253	1205
124	1201
617	0
61	1532
25	773
0	850
292	3593
3	2964
0	3820
36	11
55	11
54	0
0	29
17	29
0	348
0	348
11	3
378	596
0	596
51	423
0	423
0	385
99	385
0	84
0	80
0	84
0	57
0	2
0	92
0	53
0	47
112	2
0	2
0	5
0	10
0	0
4	6
0	8
335	11
57	1270
22	1265
339	1191
0	72
5	1191
0	69
3	69
13	0
0	508
1649	508
42	430
6	135
0	436
0	385
0	223
1152	0
649	3006
0	272
0	50
0	4
0	46
0	0
87	216
0	216
147	44
0	44
150	0
16	12
0	2
5	106
0	48
0	70
0	84
55	50
0	7
97	316
0	316
0	0
0	0
0	8
17	8
127	253
0	10
0	48
269	48
49	279
463	0
3	312
42	347
0	0
19	314
44	390
0	390
16	0
0	0
0	246
0	943
0	1155
13	1040
46	1038
0	1057
786	1203
0	1196
161	449
9	449
86	0
0	79
0	38
0	38
60	223
3432	2381
0	2234
22	2264
0	0
0	0
0	0
0	0
340	2661
0	2661
0	4
9	4
32	0
42	689
11	689
0	0
13	27
0	22
0	27
58	1797
0	1797
50	17
0	17
21	164
0	164
0	5
0	5
74	0
0	189
0	189
810	4
214	438
309	0
203	33
0	33
62	0
0	0
11	2
0	2
36	341
1	341
0	15
6	15
0	0
27	7
734	497
61	490
1	190
2704	191
0	2
336	125
0	0
0	66
0	90
13	156
0	26
0	112
0	52
0	34
0	48
78	232
1205	0
0	0
0	0
0	0
0	0
0	0
0	0
0	46
3	257
0	48
75	822
9	796
1003	12303
97	12303
560	138
0	9
0	137
63	207
0	207
194	3
0	3
604	0
8	0
0	0
0	0
0	1
0	1
113	15739
0	13432
0	8172
0	13963
51	1807
0	514
0	471
0	1293
531	0
0	0
942	8559
0	7469
0	264
0	174
306	326
0	126
111	26
0	26
1271	239
0	239
58	0
4	150
118	149
12	92
0	80
0	0
0	22
0	20
373	42
5	21
3	31
0	0
0	0
0	7
0	0
0	7
6	0
12	32
0	11
0	108
283	3
0	4
0	19
0	108
0	50
0	0
0	0
0	3
0	73
4	73
0	78
0	78
0	49
0	0
0	0
0	0
0	0
99	1
2	0
0	1
0	7
1	0
902	0
0	165
0	326
10	872
3	872
58	13
0	13
0	0
0	0
0	0
0	0
0	0
445	0
0	0
16	15
0	15
0	0
0	169
22	255
7	0
0	0
0	0
129	190
0	28
0	190
0	0
94	613
0	613
12	1300
0	1300
354	619
0	466
4	324
0	49
0	0
6	0
9	0
0	0
47	436
0	0
0	0
35	92
10	59
6	52
0	94
666	1353
405	526
0	57
11	526
0	41
0	37
2207	2
0	225
0	225
209	225
0	0
0	0
0	0
708	516
114	239
59	106
0	13
3	106
28	0
9	21
0	21
26	57
0	57
24	5
0	0
623	343
10	326
12	0
38	18
9	59
61	699
198	699
126	808
0	74
1229	0
3	0
0	0
22	292
0	292
0	29
70	201
749	1167
0	0
67	0
10	97
237	97
0	18
69	0
9	18
71	666
0	98
0	158
9966	2455
1999	2456
174	0
5	20
17	0
0	0
767	121
0	121
0	579
6724	590
240	31
0	30
0	1242
90	1248
3	1248
372	1251
189	355
0	345
0	110
5	355
30	0
677	99
0	99
0	65
2	36
21	48
0	0
45	15
83	9220
174	6826
40	9713
56	0
156	8
1023	0
1	0
11	172
401	172
70	50
72	148
0	8
17	188
13	268
0	0
0	0
530	649
0	649
62	38
2	51
0	23
0	45
1780	87
0	66
4	116
3581	1534
57	53
37	35
0	70
337	79
0	44
1911	85
4	85
20	11
0	11
0	666
0	0
0	0
0	11
0	0
0	4
101	1210
0	0
348	1328
0	1328
3	0
0	0
3	0
30	0
6	168
0	168
8	0
0	0
0	0
0	336
5	190
4	67
23	82
897	889
0	889
0	26
6	26
7893	1357
40	6
24	33
0	185
0	77
44	224
0	235
7	235
33	263
0	170
4549	1055
90	570
0	3
0	3
16589	4
7549	3285
29	3280
226	531
313	1
354	0
246	1348
0	1348
0	0
42	35
3319	1255
118	28
0	28
0	0
19	98
23	98
0	2041
59	7601
0	7240
0	0
14	0
0	0
0	8
0	8
0	73
0	69
0	76
0	32
0	5
0	12
0	6
0	6
0	48
0	11
11	0
296	66
0	0
0	0
71	4215
1105	14923
20	14923
515	136
0	136
30	10
212	5347
1400	5350
0	3242
0	0
73	2275
4	411
1098	2572
96	1032
0	646
0	1032
0	6
29	480
0	6
0	107
621	474
304	117
0	673
0	708
0	1902
4	132
9933	3560
665	15
26	14
68	2
22	0
0	0
1243	332
0	13
153	997
0	997
0	10
0	0
0	10
0	10
0	10
0	22
0	22
53	22
0	19
187	2487
0	1434
8	2550
0	2548
5	0
7	0
0	0
3278	1
0	329
21	329
0	869
0	939
0	159
0	782
0	852
226	332
0	332
0	2246
1425	2257
0	1199
161	1
3	1
0	446
0	2673
4	3450
42	3450
0	143
0	4
0	129
1109	580
0	0
40	119
0	137
0	137
44	107
25	221
0	22
5	225
0	191
13	29
0	5
0	302
0	314
1397	7611
50	7611
0	3260
0	3333
6	3368
0	3214
0	0
0	0
1173	0
564	236
0	236
56154	1184
0	1123
0	1856
0	2628
1073	2954
6	0
1213	244
0	243
2	0
253	1066
343	1066
1101	0
0	217
0	68
0	13
0	2
0	80
0	56
419	56
8	249
234	249
1695	810
14	183
0	189
40	340
0	99
0	56
0	294
0	167
0	11
0	140
0	195
0	173
110	0
784	98
0	4
0	29
689	203
0	21
855	21
3	0
0	0
0	0
0	0
0	35
349	36
0	39
12	75
307	1336
19	1331
43678	26
11	18
0	17
0	8
0	0
1956	0
95	1235
0	1235
0	963
0	1162
9	707
3	693
135	745
0	0
0	0
0	24
0	25
0	25
0	0
560	3952
0	3610
0	3604
0	35
0	124
0	35
0	124
0	92
0	125
11663	3347
0	3352
0	46
0	28
0	244
1739	291
17	66
3	134
19	28
0	8
0	228
0	39
0	0
69	609
0	172
68	560
747	225
4	136
0	126
4107	488
60	488
0	844
0	230
0	796
240	69
4	69
0	0
0	0
2249	0
0	180
0	256
0	130
149	5556
0	501
9	804
0	297
0	5685
0	0
0	0
4	23
0	0
0	371
0	350
0	332
0	46
0	332
0	0
111	0
113	130
0	737
724	737
212	0
33	0
164	316
0	123
0	316
1377	4
125	129
10	120
0	37
102	0
0	0
0	64
106	0
133	468
130	532
453	22
13	0
0	4
23	119
0	119
70	69
3335	1
1	12
0	2
0	0
0	0
615	4
0	0
11	4
984	0
0	0
0	2
0	0
28	36
277	0
0	1155
3	3557
762	3555
0	1984
18	1021
0	1352
632	88
0	82
504	0
6	154
395	154
59	0
0	184
0	105
0	105
0	143
0	47
0	481
0	53
4	512
0	104
0	148
0	148
2191	0
0	113
0	103
27	117
663	200
0	190
0	150
1127	564
127	0
594	223
0	223
124	83
0	29
8	22
0	22
0	10
0	10
0	0
487	914
0	9
0	22
0	22
0	22
9	0
0	467
700	467
0	1039
4243	4278
28	5036
0	5033
0	5033
0	5178
0	5033
0	5033
1937	0
228	0
0	0
17	0
0	0
0	0
0	0
897	1477
5	1473
213	12
0	12
0	0
170	0
32	20
0	9
432	269
8	101
0	271
0	282
0	271
0	418
0	452
0	452
0	5
0	7
24	245
0	50
0	254
0	254
0	249
27	0
0	0
0	0
0	0
39	0
0	17
14	208
1167	208
0	72
194	427
0	416
1331	0
0	0
2	558
0	561
0	577
0	17
0	184
0	173
0	142
0	66
0	70
0	125
329	0
0	12
0	15
0	15
81	19
0	19
0	87
0	125
19	419
5	94
0	377
216	788
0	788
54	375
14	405
0	440
3	432
0	445
0	348
0	462
46	286
94	286
916	304
96	0
8	16
0	12
4	48
0	48
17	35
0	25
56	60
0	491
3033	491
33	0
4325	0
36	0
0	0
0	0
15	8
0	8
0	0
0	0
0	0
0	0
2826	4
0	3
0	3
48	860
0	861
0	35
18	198
0	27
0	198
0	175
0	264
0	239
0	0
151	3478
4	3478
165	3283
0	894
0	817
5	2965
1	39
39	124
0	2
0	2
0	2
0	2
277	0
0	33412
0	26010
4	33837
0	30294
24	9588
24994	70940
0	32638
2	42142
0	0
1133	0
2259	2344
0	2344
214	139
0	139
0	0
0	157
12	136
38	482
0	70
38	503
216	0
0	234
139	277
0	50
129	255
0	0
258	0
2363	44
0	44
40	41
0	35
0	47
924	172
3025	4
124	123
11	78
28	4
0	101
421	666
23	0
12	0
266	484
1841	309
0	136
0	171
1769	3792
0	314
0	270
1	983
0	26
0	26
0	0
1183	0
0	0
6733	3
0	0
0	0
433	27
0	26
393	171651
14848	155529
616	152068
82	104197
6386	128747
8	97868
4990	625369
177	158731
85	177628
138	203155
78549	588910
6	4
0	0
0	0
0	0
0	0
0	0
28	2693
0	612
47	2693
26	60
2	60
1231	347
0	347
0	30
345	0
2059	0
2208	0
237	266
0	120
0	106
0	697
50	697
0	0
0	0
13	56
0	0
0	56
0	5
87	117
0	113
2396	2
228	171
0	169
3656	1
55	991
0	38
1	991
0	0
0	0
619	1058
20	1058
14	0
457	20
1918	0
1	3
3	3
0	3
0	11
0	303
14	338
209	1649
7	1655
38	184
155	184
289	1410
0	526
0	1379
0	143
8	118
1390	1491
0	1490
0	582
1886	1
0	0
138	0
4	2649
163	3041
162	834
371	1419
0	1549
251	1549
6	120
0	62
0	102
1534	719
0	719
330	505
0	0
85	91
0	15
53	0
0	228
0	73
0	219
37	188
0	236
11	0
256	106
0	106
99	2374
60	2237
0	24
1	956
0	947
240	660
0	660
0	0
0	539
41	539
0	0
314	41
0	38
388	45
0	11720
103	6328
4302	31985
0	31985
268	848
0	687
3	951
0	687
0	412
0	89
0	165
5	164
0	166
0	0
0	0
0	0
5406	3
0	0
0	371
0	371
0	57
0	56
445	57
360	0
0	8
8	21
0	21
565	667
0	113
46	655
0	70
0	160
0	148
0	0
2912	560
3	560
0	0
3043	4
0	0
0	0
3	0
0	0
198	1
0	252
201	252
674	0
0	0
0	0
1726	781
11	780
0	0
0	0
0	0
8	0
41	0
0	0
0	211
0	0
2	3924
0	2313
15521	4018
5701	226
18	221
128	0
0	1614
2	1017
404	1541
175	51
25	79
294	78
0	364
371	415
7	7
259	562
1717	562
231	237
0	0
1807	618
0	2672
4	2610
598	139
24	965
698	1763
0	1476
0	1545
0	48
251	87
189	135
32	227
0	227
0	174
0	207
3167	8
0	0
166	15
0	15
0	0
0	0
0	0
0	0
0	39
1654	39
6	35
0	2
0	35
0	0
9	0
0	0
0	0
0	58
790	58
0	0
1056	1379
0	1336
470	837
1029	1215
228	1212
33	29
9	70
2	70
1678	1110
0	1109
402	0
412	0
0	0
98	0
31	0
1173	96
0	96
136	2095
0	908
0	1187
0	111
13	589
0	533
4	477
70	477
0	59
0	85
0	29
0	46
23	0
16	347
0	248
929	0
4	14
0	14
1404	4
0	365
0	361
0	53
21	44
6	169
0	145
0	166
692	212
5	212
0	0
0	204
1359	205
2742	1
675	805
0	838
0	519
0	616
8560	4871
391	4870
3467	107
0	107
54	24
0	24
0	2
9	27
0	7
0	25
0	25
0	17
0	340
0	340
0	22
368	380
0	13
0	367
552	0
7275	0
1819	1453
0	110
0	1448
7	2046
0	1896
81	1776
7	279
7	3
48	0
0	3209
0	690
0	2452
26	57251
0	4961
567	59013
2187	55415
86	223
2	64
16	0
1871	0
1617	1981
7	0
0	0
7	636
0	416
2104	0
14128	0
48	60
0	35
77	60
0	456
9	0
971	1478
107	1478
138	0
237	0
57	36
0	27
0	0
0	0
0	0
0	4
0	4
0	4
27	0
21	27
16	791
7	393
4	667
0	40
84	198
101	230
1453	1
0	112
3274	112
62	0
5	139
0	128
0	594
0	222
0	6
0	6
532	0
0	9
0	20
0	20
0	20
0	58
0	30
0	30
1211	0
22	654
30	654
6482	1381
0	2
0	2
325	17
844	1054
0	769
0	1021
0	1021
0	1021
6	7
2052	8
24	31
0	31
84	134
630	254
0	254
16	13
0	5
0	13
47	0
34	2
1897	0
72	390
1650	390
0	0
1022	2
0	17
0	40
0	35
0	37
0	35
115	35
0	1
0	9
0	3
544	568
0	9
0	567
0	561
0	561
407	0
788	87
0	86
0	0
0	0
0	0
214	114
43	113
13	0
29	0
0	15
14	15
23	480
0	480
0	0
0	0
9	148
38	146
0	146
0	1
0	0
0	1
0	76
0	18
0	37
10	149
11	73
101	1255
8131	8398
0	0
0	0
12	44
0	20
16	42
0	0
0	0
0	0
0	0
15	0
97	476
242	476
0	0
342	537
0	1
1832	1
0	0
0	22
0	292
0	292
172	1345
6	1345
1767	0
0	34
0	31
0	7
184	56
8835	4
1012	8
0	8
4940	2598
0	2591
87	375
0	375
614	0
0	0
69	1019
0	475
0	504
0	239
0	182
0	0
0	699
14	54
23	1087
0	176
70	827
0	5
0	0
0	5
0	653
0	1908
3	1908
54	364
121	364
0	578
23	578
127	71
192	339
0	240
810	961
0	973
9639	11
3631	853
11	585
0	136
39	847
1046	0
0	2912
0	1198
442	3150
0	88
205	88
1	0
2	0
1467	1959
55	102
68	102
0	97
10	601
3601	699
0	9
0	3
6	39
0	21
0	219
0	2
0	168
0	226
0	217
0	0
16	2
228	820
8	820
139	6
0	768
55	79
86	0
7	0
0	0
0	0
37	620
1832	1327
89	1327
21	148
19	369
68	377
2	103
1010	3095
3	3156
63	25
0	25
24	706
2410	706
0	0
0	0
0	0
0	1
3	7
0	0
146	238
0	238
1102	0
70	0
0	25
170	159
0	173
0	824
0	694
1	652
2	764
0	779
0	771
66	87
750	53
0	53
51	310
13	310
0	0
0	0
0	0
0	0
0	0
0	0
0	0
2161	832
8	778
0	166
15	866
0	754
0	23
38	23
51	8
0	11
17	308
0	176
9	1663
0	1109
0	1718
1494	40
0	39
45	1
17	0
697	168
17	120
0	106
48	75
11	140
0	139
0	139
0	139
0	27
113	27
1649	2
0	0
3439	365
0	210
0	151
2219	1625
147	1625
0	8
0	8
0	8
0	8
16260	23
209	520
25	0
0	62
0	20
0	70
0	70
30	9
17	0
40	555
0	555
79	0
22	0
7590	2792
73	162
71	97
0	8
0	97
2	410
133	2175
6	1962
476	62
0	62
0	0
0	0
6	16
0	4
0	0
0	16
0	16
245	0
0	70
67	79
17	95
511	95
272	94
0	12
7	17
3	17
5	20
0	20
0	94
0	33
0	0
460	1689
69	1698
7025	1
1195	0
0	15
0	15
0	42
383	150
0	150
0	137
873	0
0	6
52	343
0	171
0	343
0	0
2383	1
0	5
0	0
0	0
138	288
33	0
139	0
0	0
0	190
281	195
108	475
0	148
3	5
75	0
86	863
9503	8
36	441
55	30
5254	443
47	213
27	213
0	127
0	15
9	127
0	90
266	0
1307	0
0	16
38	16
1600	0
108	372
383	372
203	0
0	0
192	0
11	4
0	18
0	18
154	410
0	19
0	410
4	0
852	1
76	925
0	925
808	209
9	209
4	263
0	91
84	274
26	24
0	22
25	70
178	131
0	24
0	3
0	3
0	110
103	0
491	0
2812	11295
0	10378
3	6217
0	673
0	282
3721	0
197	275
0	65
401	285
7	301
20	64
5	32
0	64
0	0
0	0
411	0
1080	11707
13152	11708
0	84
14747	9829
0	51
967	51
57	0
672	0
464	549
8	549
30	0
594	1098
171	1098
68	1091
0	523
37	558
0	83
62	557
7368	1
0	0
71	2
0	1110
0	276
0	279
0	389
0	47
0	279
64	334
4	1090
10	997
0	306
122	320
0	0
0	0
0	0
0	9
0	9
0	8
0	8
92	93
0	14
0	14
0	50
5	45
0	0
0	24
0	51
0	88
81	0
5633	6049
0	6046
186	57
0	57
0	0
0	0
0	0
0	0
0	0
1391	0
1165	0
0	0
327	0
0	151
0	150
0	155
0	141
0	64
0	65
0	65
0	64
0	64
0	64
0	689
0	689
1891	372
0	372
38	97
0	137
0	137
0	1404
1	806
390	5173
100	5058
0	5058
809	2140
52	245
34	72
0	1539
0	515
0	1619
0	1828
218	560
0	560
330	100
0	100
386	100
0	100
52	30
370	24
0	24
13	14
0	11
0	11
0	14
0	1
4	1
0	1
0	1
2377	2047
352	2037
93	5
1049	1477
3	33
0	82
0	1518
0	1535
748	4
0	0
0	7
0	0
0	7
70	0
1784	1
1391	0
3859	1841
31	133
229	82
15	25
0	0
123	170
0	170
615	1350
255	1350
20	1817
38	956
0	1817
514	202
0	17
0	17
0	0
406	532
0	532
0	0
60	0
0	5
0	0
0	844
3	26
0	128
0	514
0	829
34	1420
43	1420
0	0
28	0
0	0
61	6
0	10
84	24
0	25
0	3
0	24
0	64
63	68
169	0
147	64
0	105
69	105
8	3
0	0
1709	1
12	27
0	22
0	27
0	22
0	0
10	4
0	4
0	0
602	682
56	4
0	651
0	682
18	0
41	1057
0	1057
606	0
0	9
0	0
3	229
0	225
0	222
441	286
0	191
0	127
0	154
0	0
0	0
0	4
0	201
59	106
2	213
86	790
267	795
5	144
0	6
236	150
0	68
26	121
2	124
0	121
1321	2
0	10675
373	13249
0	4171
0	10675
2832	1
31	75
0	75
711	0
0	0
0	1966
0	790
0	1171
14663	1969
15	31
0	22
0	0
0	0
0	0
89	497
0	7
0	497
0	8
1129	767
0	767
5	150
0	146
804	250
0	294
856	451
110	451
3	124
18	124
4	15
1	2
3	22
839	1757
0	18
0	1762
0	44
0	1741
0	228
327	0
0	744
0	719
0	744
0	0
0	4
14	540
0	335
454	875
7	0
1423	800
64	353
0	960
1	0
633	0
9	5
0	0
881	3212
0	2745
1	157
0	669
0	625
0	4
0	4
0	0
9	0
106	103
9	103
74	100
2433	2
3064	1127
0	64
0	213
0	0
0	1271
0	1298
3855	3548
0	3548
0	0
0	0
0	0
0	0
0	0
0	0
4	0
251	669
238	669
16	29
5	260
0	267
0	245
0	252
11	267
11	109
0	48
0	31
37	0
16	4
0	77
0	45
0	0
26	0
52	0
0	154
6861	11719
0	11715
0	0
1205	0
175	56
33	56
57	110
0	110
1659	0
54	22
0	22
416	11004
0	10678
219	8278
636	2026
1	3
0	168
143	1031
0	397
0	1031
17	6
1125	2183
9	2276
0	2047
0	2276
0	2101
4	135
0	135
0	499
733	931
0	446
0	0
0	0
0	0
0	91
0	114
0	114
0	83
617	517
91	352
0	0
0	0
129	76
27	76
80	0
0	120
4	335
98	1872
0	1872
49	163
80501	35
0	0
12822	7
1	157
0	28
234	28
0	0
0	0
0	252
1580	250
56	98
0	17
515	186
0	88
16	91
0	91
164	0
0	20
0	113
0	95
1	52
0	52
644	941
15	512
118	343
0	677
0	657
251	3292
44	2968
30	324
72	2831
0	10
0	88
0	2831
0	0
162	29
0	29
564	0
0	73
0	31
650	980
0	980
1383	0
0	3
0	3
0	0
0	0
42	302
0	166
0	166
0	175
0	166
35	47
2075	4
9	35
26	11
0	66
0	66
149	0
0	243
247	243
7	7782
3098	7782
0	0
0	1
466	0
13774	4135
0	449
9	2895
0	780
0	0
1974	4
15	4
96	0
1152	0
0	78
0	71
3	104
0	3
19	0
0	0
0	0
5	0
97	0
0	1242
114	1962
1150	1277
2	3
12	36
171	36
74	41
0	41
916	88
0	88
0	0
0	0
0	42
16	1
54	423
0	7
0	418
5	2
163	6
270	488
18	488
0	0
0	0
1986	6
0	82
0	454
474	1826
4735	3423
0	3572
0	3662
0	0
675	0
56	363
0	5
0	4
0	441
392	441
27	0
7	23
0	23
1089	234
0	234
0	142
0	0
1173	1128
2	1128
19	0
369	207
0	167
0	212
0	0
0	3
18	75
0	72
0	0
181	5
0	5
0	0
0	0
0	0
0	0
0	5
0	226
0	0
3	14
0	4
0	107
0	121
0	232
1180	1353
0	1023
0	68
0	196
12	57
13	78
0	73
7	628
36	586
2	0
0	0
0	113
19	113
311	977
1	977
29	0
0	40
5	27
0	9
0	9
0	40
1813	0
4	84
0	299
0	88
0	41
0	80
373	79
0	0
0	111
1197	112
2	0
3	14
0	10
47	592
0	636
4	624
1302	0
30	160
46	1
1261	0
0	9
2473	885
0	79
0	111
0	98
0	108
0	111
2202	0
247	0
0	0
0	0
1	0
0	0
917	82
114	54
0	25
0	196
0	144
0	160
187	170
185	277
0	277
0	0
0	433
0	433
1405	1
0	268
569	269
1604	172
0	172
2615	0
121	0
4	0
0	1133
0	3
195	2109
0	2109
0	0
0	0
165	510
4	45
38	106
0	374
0	4
0	11
0	8
90	3347
0	380
1	3347
0	4
142	635
5	635
0	0
0	11
0	11
0	22
0	42
0	43
43	40
18	0
216	0
5854	2
0	7
21	0
271	0
24	179
844	179
1946	3
0	113
58	349
50	366
0	28460
247	2700
186	29144
77	30321
65	28516
0	63
0	35
0	51
0	44
0	107
0	33
63	33
0	0
0	0
11952	12174
8	12188
0	1357
0	7
0	16
0	16
0	9
0	9
630	1763
12	175
0	16
9	893
0	1759
990	1038
0	186
0	72
11	198
0	198
310	0
358	0
4	0
209	693
232	240
41	36
0	204
16	0
0	18
1431	18
91	0
3483	0
780	517
0	517
276	0
5	15
0	0
0	15
1643	1
0	2
0	0
75	166
11	324
0	217
1546	541
0	2859
843	2859
16	235
0	62
0	126
2	90
0	35
5	102
0	129
0	16
8	70
0	40
13	0
230	401
0	398
780	0
138	0
11	312
24	639
0	300
0	32
1	655
154	15450
5718	19390
294	20114
0	13595
189	0
0	29
0	49
169	225
29	41
139	22
0	22
7	0
466	0
1997	192
21	189
18	0
0	0
0	0
0	50
0	50
0	426
0	426
1385	1383
0	428
0	302
0	1383
59	0
1	171
2	6
19	171
2310	1551
0	1199
0	415
4	293
0	1
0	0
16	2701
0	570
0	1083
0	2605
45	403
0	105
0	363
1	0
30	0
0	28
286	0
0	386
0	409
21	425
0	352
9	134
519	134
1469	2112
0	2112
14	0
0	23
0	23
255	3323
0	70
0	3323
62	0
1055	1033
0	295
57	0
86	1391
23	430
0	1391
0	0
7	12
0	5
0	7
166	282
23	134
1197	134
3955	215
0	213
0	172
0	150
0	80
2	27
70	70
0	0
45	1894
0	1894
66	13
0	0
0	0
325	1167
1336	1167
669	0
0	0
475	480
0	472
6	0
2100	4
8373	1528
0	48
0	1519
24	1508
11	0
3	8
35	1084
0	84
286	4194
0	0
0	1126
45	408
0	394
1	202
0	157
8	146
0	3371
1086	569
36	76
559	76
0	76
834	716
0	115
0	716
0	5
38	5
435	0
8082	2
79	905
32	905
63	85
0	0
0	38
0	9
7	45
0	34
35	32
684	0
0	0
0	0
0	0
336	98
0	56
0	97
0	63
1756	19507
10	2226
0	7625
0	8481
2200	11630
72	23
0	698
0	896
35	337
239	459
0	389
100	3921
58	153
57	3896
60	89
3	9
0	9
0	119
0	107
939	0
3	0
141	23
0	23
12	5
1276	2241
0	0
0	29
229	51
0	22
0	0
0	0
0	0
222	1742
0	1819
0	1817
0	786
0	0
0	0
0	0
0	5812
22	7811
16	7785
0	7785
0	0
0	0
0	273
321	1489
0	574
0	962
0	22
2	23
0	35
0	12
0	23
0	27
0	40
0	28
0	28
355	0
12	7
0	7
0	0
22	664
0	715
0	733
0	49
0	819
0	7
0	3152
0	817
0	435
0	5
0	4302
0	4279
0	4230
0	4456
0	4060
3	0
0	0
0	0
0	79
0	200
0	207
0	0
0	0
154	1478
1442	0
43	602
0	357
0	157
44	595
8	0
0	4
0	4
0	7
0	7
0	1
0	1
0	1867
13	0
823	2683
0	1643
0	334
781	860
0	0
335	0
23	0
390	325
0	325
9	0
15	763
37	763
0	771
0	1046
2	1102
0	14
0	771
0	87
17	4042
132	4042
212	0
90	19
0	110
0	726
0	235
0	420
113	662
0	5001
0	2154
0	5795
14	5690
0	1736
0	6231
0	0
0	0
0	0
5	0
75	3640
49	3717
0	3719
10	3700
1363	0
0	24
248	24
239	586
2	581
0	0
35630	50
0	31
6	12
0	12
0	0
0	0
0	0
0	0
0	179
5311	396
0	395
1429	0
0	280
0	237
0	197
0	57
345	491
3	170
9	0
44	206
1623	515
20	408
32	144
965	2418
46	2620
0	2620
0	0
42	440
1	440
0	87
4	87
6	45
26	0
8	45
0	4
0	0
5	10
0	10
0	5
0	10
2190	0
0	0
0	0
0	0
0	1584
2	1513
0	310
0	1354
0	1582
0	1466
34	1395
23	1395
3061	242
2	242
903	0
0	0
0	0
0	71
0	43
0	126
0	102
20	126
1497	1140
0	1140
0	11
0	8
0	259
1	62
2329	1679
60	1702
6652	4709
26	4707
9	0
0	0
0	58
1	218
0	19
0	0
0	0
29	27
106	49
0	49
13	1591
212	1724
554	0
0	0
0	0
5	0
0	243
0	296
0	0
0	0
3	0
194	0
0	2938
295	2938
0	62
40	62
413	9
204	208
85	208
753	0
166	3371
0	3371
0	0
0	0
118	0
0	97
21	97
0	3
14	0
0	3
0	0
0	0
4	0
4	0
0	686
5567	1565
0	911
1	177
13	177
53	431
128	431
0	0
0	16
0	16
0	0
0	0
23	2
9	21
2198	0
0	104
29	104
100	1387
0	349
0	1387
0	13
0	0
0	0
0	0
40	782
0	782
615	0
0	12
14	47
0	36
0	47
0	30
36	0
0	0
0	0
0	0
0	0
0	158
0	197
0	204
0	95
0	564
0	875
204	875
185	805
0	805
24	0
0	0
0	62
10	62
0	0
0	0
20	0
53	359
0	19
0	359
6	0
2	0
0	0
55	100
424	5532
89	5532
0	10
0	3477
17	3487
1	1
822	0
0	30
0	23
0	0
0	23
131	676
139	677
165	379
0	379
0	5
0	0
0	0
0	0
0	0
28158	8
26159	172
10	161
226	33
0	33
0	33
0	26
2234	31
0	0
0	0
0	0
1508	1
1116	2130
0	1038
204	2314
1109	1
38	0
10	162
95	0
197	2121
0	463
775	463
31	0
0	1
470	863
0	3
1	3
0	3
0	0
0	16
257	855
1450	548
4	307
1045	1510
0	1510
0	0
0	2
3	2
1990	0
1564	3
379	0
7	759
182	1864
21	1687
0	1367
1	2
12	18597
1240	18597
5968	7006
0	452
0	161
3	6856
756	7330
773	7446
0	107
5062	6051
1453	1388
0	6051
1636	579
0	340
0	238
128	4516
7585	5239
0	5238
958	4988
0	0
0	0
6	0
0	0
0	0
53	1239
0	558
708	1172
0	305
66	1261
76	2016
4251	2686
0	0
0	263
103	3803
0	3800
0	25
0	15
0	25
12531	9
0	5
0	5
0	0
2	0
0	80
1040	82
223	0
0	0
0	0
0	0
0	330
130	330
0	0
0	202
1	13
0	13
0	13
614	203
0	26
2	26
3	0
103	0
7503	223
1	223
0	331
2535	331
11	16
286	0
74	0
0	0
0	0
26	0
15	0
888	4445
0	4445
23	130
332	1487
0	1486
182	23
0	23
0	0
0	12
1	172
0	14
0	172
15	0
1	34
7	59
0	57
0	53
0	11
2	6
0	4
0	0
0	0
4	0
3	1
0	0
0	0
0	716
0	1970
35	375
230	8198
42	7846
0	2553
0	493
155	493
10	0
1	0
0	161
0	244
10	147
0	6
0	0
0	0
414	776
0	776
104	554
0	596
81	580
967	0
2997	0
0	946
0	176
0	1090
0	1505
6245	2783
0	0
1025	152
0	152
0	0
14	19
0	19
0	176
6	459
0	154
0	176
40	459
0	0
0	16
0	0
0	17
0	3
0	33
0	33
73	70
4	34
1319	245
0	245
0	0
0	0
0	0
73	20
15	0
4799	5537
174	324
26	4
0	392
0	501
53	8
0	4603
0	4603
187	10
0	10
0	0
0	56
0	56
0	25
90	106
0	5
738	0
35	38
282	0
1955	2
142	31
0	31
0	0
271	8
111	368
36	450
0	210
4	416
0	423
6	1522
615	1928
0	406
6379	3
0	0
1	13
0	0
0	1
0	1
0	1
0	0
223	0
1267	637
8	637
0	1
0	1
1173	1
159	0
0	0
24	7
62	7
0	0
0	25
14	123
0	90
0	124
0	123
0	0
0	0
110	517
3742	518
0	0
0	0
175	166
0	166
668	95
0	94
64	17
0	11
193	0
3644	7
109	0
47	13
99	7201
3433	2814
145	785
32	0
971	3599
0	0
127	0
0	112
60	188
0	199
0	47
0	30
0	186
2961	123
19	242
1	0
1352	155
0	17
25	152
6	0
0	7
480	118
2	38
0	39
0	39
0	2000
0	7188
7	2113
0	1435
273	512
0	512
1260	1075
0	325
0	113
0	457
15	525
0	19
3	0
0	19
0	494
784	494
0	150
116	1403
0	1382
1154	2901
9	613
0	608
0	1536
0	0
336	3701
0	319
153	3692
1222	3602
1	29
0	3601
331	0
0	166
7763	3645
0	3559
0	6
12	29
28	960
0	960
103	3
0	637
0	250
0	144
5	638
0	4
0	4
0	0
480	0
21	0
0	4
0	4
2909	0
8	0
0	0
72	186
0	190
6	178
2	200
541	85
0	0
0	0
24	189
1452	379
10	379
0	0
0	0
2473	2
26	0
0	0
0	0
0	13
8	185
2	40
0	196
0	185
15	0
0	0
0	0
1223	1
1414	9
0	0
0	6
0	0
0	0
84	404
65	0
0	0
300	525
0	397
0	212
0	366
0	494
196	183
0	183
0	4
0	11
0	11
0	0
502	727
0	727
0	8
476	269
0	6
0	277
0	0
0	0
1286	2
4	461
0	481
0	0
0	258
191	550
0	550
0	8
481	0
0	0
27	207
0	39
0	87
15	0
0	4
0	506
0	71
0	41
10	506
88	12
24	12
0	0
0	16
1053	808
4	795
0	16
1699	0
18	0
0	0
98	0
5	0
1517	850
0	850
138	300
0	37
0	60
0	75
0	82
0	75
4005	185
12	181
226	79
4	79
34	111
148	111
0	0
902	103
0	14
0	0
0	518
0	141
0	140
0	13
0	140
0	0
0	0
0	0
288	709
2997	4
189	4384
215	4384
0	0
228	1538
0	792
74	1259
3000	7
0	0
24	162
0	11
0	185
22	786
8	780
5833	218
180	215
12	0
35	310
0	310
16696	4
0	0
0	1030
683	1030
0	631
0	486
40	144
0	25
227	33
5	33
0	0
0	0
0	5
0	5
38	25
0	0
0	39
0	5
0	39
0	0
211	0
56	0
0	0
0	130
191	339
1168	702
0	324
0	0
2	0
0	0
0	0
0	0
0	107
0	79
1177	796
0	15
0	16
44	179
0	166
647	0
0	0
0	0
0	20
8	742
0	629
5376	1693
402	2567
48	0
3	31
0	31
0	0
0	0
0	0
0	0
0	0
0	0
4202	13750
0	13750
10	846
20	13
0	829
4	16
0	11
0	9
0	11
0	11
0	15
0	9
0	7
0	11
0	1
0	11
0	8
28	8
0	0
0	0
0	98
279	142
0	105
0	97
6	74
9886	13524
0	418
520	13467
0	53
0	42
0	109
46	93
2	69
90	6613
0	6613
0	565
0	22
1	36
0	47
0	123
0	482
13	565
0	1076
792	1353
0	0
0	0
0	0
0	0
308	721
2297	13223
0	13223
0	8
0	8
477	188
0	188
0	417
0	86
0	86
0	95
0	93
0	86
0	84
0	98
0	96
1926	1635
42	2124
0	2104
322	0
80	635
429	7443
0	2191
0	6658
0	0
0	7
0	11
2	60
0	56
3	37
17	36
0	0
4	0
4	0
0	0
1140	0
6	268
0	162
0	18
0	1285
7	1138
2391	1239
545	709
0	28
0	110
3	709
1881	440
8	127
0	438
7	30
1	30
6	0
924	450
76	0
3541	3453
0	3440
0	11
64	64
0	53
40	35
0	35
136	0
0	0
0	0
0	0
0	4
0	79
312	2986
2	2986
761	0
0	8
1825	115
0	115
96	275
13	275
1	118
4437	0
0	4
595	676
39	676
654	145
0	117
0	132
0	226
0	225
0	226
717	0
12	28
0	28
0	146
0	676
67	551
19	564
7	343
36	1453
14	507
0	1340
0	0
3854	1261
67	1261
0	0
0	0
1556	2
23	0
0	0
42	0
0	0
34	64
0	39
0	9
10	9
0	0
113	903
0	903
0	0
0	3
0	0
534	3
24	1073
0	1073
0	60
35	78
8	0
1521	0
792	243
0	50
298	4091
125	3111
0	113
0	3700
9	0
7	3646
0	977
0	1009
35	3678
13	0
94	141
0	141
421	306
0	274
0	6546
0	2767
0	4943
11172	14241
105	2564
0	2564
0	2
0	0
116	204
32	204
223	177
244	86
2325	90
31	77
10	3
0	3
0	0
0	284
0	330
0	343
0	86
2	555
0	291
0	369
0	423
0	343
502	5
319	22693
233	2
11	335
0	44
3062	1681
270	1643
577	78
2	0
29615	13
0	63
0	63
10	115
0	151
0	151
899	0
1226	2
16461	19
34	133
2	133
0	1
0	1
0	1
0	20
110	20
2	17216
3	15349
395	33528
1	21993
0	29378
3	120
0	25
0	77
0	35
0	48
0	88
1	111
0	0
4658	22689
4330	1
661	0
2	2
0	58
0	0
0	0
0	36
3	36
0	7
396	3999
0	91
0	7
0	555
0	4024
0	4011
0	26
0	0
0	0
36	261
287	261
706	0
12	798
0	732
116	88
0	88
114	0
5	321
28	305
73	415
373	247
0	168
0	143
1271	509
42	636
0	591
913	0
6	107
22	96
0	103
173	769
0	416
117	355
36	0
18	0
0	0
0	0
0	5
0	5
0	0
0	0
199	0
338	1071
0	831
30	1396
0	1351
1280	16
1926	3
15	0
7	30
0	19
3	220
664	397
0	177
33	0
4442	8252
15	51
0	10
0	51
696	0
2	0
0	0
0	0
0	0
29	76
0	76
201	0
10	0
120	0
372	140
14	259
15	397
0	12
18	12
247	133
5	112
1530	0
789	258
2	257
6785	453
0	51
0	52
0	75
0	718
104	768
91	770
0	555
0	519
0	978
186	1288
203	0
0	16
59	774
4	774
0	0
391	0
4	44
116	44
0	88
67	125
0	0
0	409
18	472
0	72
0	85
0	128
0	135
26	0
1461	0
1181	1185
0	820
0	1178
0	948
0	1178
0	406
0	406
0	1
0	0
0	5
17	30
0	11
2	37
168	37
0	0
119	2
0	2
0	21
0	306
12	306
0	0
0	0
5	0
808	195
0	195
523	5214
1	5214
2	88
3	22
0	247
1188	1949
33	207
40	1944
73	173
0	173
3	173
0	145
6	217
734	54
0	54
0	3
0	3
0	0
0	0
0	20
31	20
26	2
0	2
0	2
550	0
0	7
0	7
30	9
0	61
0	61
4	0
1460	0
6685	982
2587	2266
2154	1
0	0
129	321
0	321
748	86
0	28
0	199
923	441
0	242
404	0
142	0
53	0
0	0
0	0
20	1271
0	149
7282	1615
111	0
2	168
0	153
6	168
0	93
72	93
818	0
71	53
0	53
0	169
0	83
346	936
0	133
0	934
86	0
0	16
17	121
0	54
0	11
0	75
196	1
309	0
1935	2062
150	2062
7063	3732
0	3731
766	0
121	392
39	392
542	345
0	96
83	345
113	5
17	5
0	14
335	19
0	16
431	640
14	81
0	640
0	0
0	0
0	0
0	26
0	34
0	34
0	0
50	200
0	200
675	0
80	795
138	795
0	447
45	447
997	4
9	55
0	55
218	0
0	0
0	0
0	26
0	62
0	21
0	189
0	22
0	30
0	185
0	196
123	0
0	42
384	405
0	349
0	0
133	0
2560	0
70	460
4	1476
5	322
15	471
0	452
0	296
1	1087
19	466
633	2461
25	1406
0	1220
0	0
0	0
2	0
0	3
3	3
75	0
6	10
0	10
405	984
0	12
0	3
0	45
21	984
1	0
0	0
0	61
292	43
0	485
0	2720
39	2728
0	2728
0	55
740	55
0	12
0	12
1	13
0	8
223	87
0	54
1	100
0	87
708	109
0	109
0	26
0	24
0	7
0	25
362	1
4034	5
217	165
3014	0
316	0
35	1546
10	1546
0	0
0	0
0	1138
143	1138
2452	0
89	45
325	364
69	28
1632	438
24	0
0	437
0	0
163	466
0	29
0	458
36	0
3726	0
3516	2386
0	1094
0	0
0	0
0	0
191	0
272	0
0	0
0	0
0	76
951	436
0	0
0	66
0	32
0	45
105	111
319	0
155	10775
192	1092
0	10169
151	0
187	0
29	418
0	418
5378	1581
43	1581
0	0
0	0
0	0
0	0
0	8
0	7
0	8
0	93
0	93
581	466
0	466
0	429
374	169
0	161
22	113
3	161
0	59
477	59
0	10
0	2601
8145	2606
0	0
0	0
3	2
0	2
202	207
0	0
1	0
0	0
57	568
0	574
0	168
0	489
0	501
0	0
0	71
0	111
0	315
44	315
0	454
2110	5669
0	312
0	0
27	5940
0	5855
17	5734
0	5130
3	1606
0	1402
0	1688
0	0
338	222
7230	1
20	205
63	205
0	13
0	8
1	8
0	16
9	1978
3300	1978
3	0
0	21
178	38
59	4300
319	4204
147	3101
13	0
0	54
0	0
0	54
0	684
1062	684
1	0
808	0
131	491
607	491
193	80
0	80
10	0
2444	14
0	14
38428	11409
0	11391
1081	24954
131	5504
0	1439
36	24471
408	295
7	52
0	295
382	3134
3	3074
7	555
0	3074
0	372
36	209
0	19
8	5
2378	385
135	80
0	0
0	80
5	33
2633	5
1120	652
72	778
0	575
5	0
1066	0
0	0
0	7
1	1573
0	404
1338	1446
0	0
0	0
0	0
0	0
12	19
0	19
0	0
1418	0
211	383
0	383
14	124
0	21
0	124
0	124
0	0
25	0
1200	0
0	98
62	98
306	364
163	696
0	696
308	2453
81	2453
3	5
0	0
177	513
8357	517
0	0
141	0
109	0
130	0
0	0
298	1
137	0
42	1397
0	1400
0	1372
0	1409
0	1375
1460	1018
0	0
0	0
0	0
2744	1
88	0
0	109
0	24
222	113
0	0
14	0
72	1082
0	1082
0	0
55	0
686	923
0	923
5	6
574	1026
0	37
23	1026
305	135
0	135
6	26
11	146
10	146
684	0
371	250
5	1906
89	1901
0	0
0	0
830	416
0	416
624	1518
0	139
18	1379
24	1730
21	1730
0	2418
0	110
50	2418
0	0
0	0
0	30
0	21
0	152
0	49
0	139
0	126
15	206
14	206
320	1850
0	1811
0	39
20	0
0	0
530	0
502	0
55	26
0	1
0	19
2705	1
3	1284
4633	1285
12	0
273	0
2358	537
0	537
18	87
0	72
0	12
0	12
0	15
466	43904
2437	43931
0	43928
0	26
0	6
0	6
0	19
24	51
9	158
0	260
0	198
14	260
156	0
0	0
85	1537
0	0
0	5839
368	5941
0	5514
0	6301
0	0
0	0
0	0
0	0
0	8
0	0
0	0
0	0
0	21
0	21
0	21
0	648
3	3480
213	3480
42844	25710
269	25684
0	21
33	102
0	102
0	91
8	13
243	239
7	239
0	3
13	6
0	288
0	359
476	359
189	107
5	107
0	0
1706	846
1667	594
0	0
0	0
793	78
184	78
0	0
0	0
3	78
0	173
393	0
19041	19
113	6
0	6
4260	1150
317	10
0	10
119	195
591	393
0	393
161	0
2652	4344
0	4344
0	0
0	0
358	847
62	0
64	3186
0	3186
0	33
0	33
274	146
219	2583
0	2475
0	143
0	105
16	0
0	25
2	317
7	317
7	0
0	3432
349	3432
6	0
9	0
804	604
0	499
0	499
0	604
0	499
0	0
0	0
0	0
3	0
107	4569
0	4569
789	0
234	162
0	101
0	64
0	10
0	216
0	216
286	2
0	5
0	0
80	64
38	166
0	286
4293	1474
55	44
0	1377
144	1139
10	23
0	23
894	8894
0	8894
327	0
1335	1
746	1022
0	1059
8	1017
20	1059
9	1017
15	260
0	23
269	324
0	324
14	2331
0	299
0	408
0	126
0	151
17	838
240	2462
23385	3
0	96
0	2
28	323
0	82
74	3825
8	3779
23	1611
0	1610
0	1655
0	1360
0	2496
0	1402
73	0
0	42
89	265
24	265
647	821
8	821
136	2612
0	2041
7	2510
1750	3586
386	3
240	205
0	218
10	93
324	0
0	9
0	9
25	0
0	0
1	117
0	114
0	116
0	90
34	0
4	0
204	16
0	16
13	0
0	6
0	6
0	0
1	0
683	101
528	933
0	427
25	427
1510	10
6	0
0	0
0	0
0	0
0	0
0	36
0	34
0	60
21	60
0	0
8787	6
0	0
0	0
0	0
0	0
1321	0
0	0
0	0
14	2
0	0
0	2
0	0
7	6
0	6
12	125
236	125
0	0
0	19
0	12
0	19
148	0
683	0
736	785
1009	895
0	893
9634	2
0	22
0	11
0	14
0	19
46	513
0	519
0	519
10	2363
26	928
116	2263
0	509
13	410
0	0
126	99
3113	2335
18	602
0	1951
0	2045
0	1837
5651	1
327	773
0	223
0	650
603	176
0	176
0	52
0	349
0	337
0	346
1526	0
0	0
0	159
0	12
0	4
0	44
223	44
272	218
0	218
351	3542
0	3542
0	255
0	255
397	866
131	869
515	92
0	92
0	184
0	774
439	1975
0	1231
0	1458
0	7
0	7
649	379
0	276
57	276
0	13
0	14
0	20
0	20
0	13
0	20
0	20
61	30
0	165
0	171
0	28
0	0
0	2
0	2
134	293
16	343
6	343
20	0
341	1
0	0
2653	0
138	7
94	28
0	28
16	0
904	275
0	275
0	0
7	0
42	19
0	19
0	7
0	7
755	0
177	0
0	122
0	141
19	184
18	1180
0	1115
69	1115
0	1219
50	5
0	5
0	0
4430	2523
0	2439
0	2485
3	2485
187	35
0	35
0	0
1	12
0	0
299	0
100	0
1643	634
1023	0
580	111
0	111
0	0
17	0
22	199
0	24
0	194
466	2
0	431
0	64
22	488
0	488
0	298
2716	299
68	749
0	194
0	684
0	726
50	526
277	0
0	0
1185	5
970	3844
6	1727
0	2425
0	459
0	242
0	48
105	741
12	692
39	9
0	9
0	0
0	0
0	0
1795	192
22	835
0	854
5	855
1	8
98	15
0	15
0	0
0	1605
424	1605
0	29
926	653
0	653
0	10
0	10
0	3787
16	65
43	3613
0	1469
2	2064
0	2160
16	2048
0	0
0	0
8	84
4	49
1	62
0	20
38	162
1652	115
0	0
0	0
20	1125
2167	1128
53	4561
0	4583
53	4442
246	0
0	94
42	158
0	94
0	151
0	112
0	133
121	25
5	25
0	25
0	180
0	136
0	120
0	120
49	986
0	425
707	1020
0	574
409	56
0	56
29	0
2658	1
192	103
0	103
1398	355
0	355
84	420
642	420
937	9410
0	624
2892	11253
0	5227
3991	3
117	0
0	0
0	0
0	0
0	0
0	7
93	7
302	322
0	322
4	305
0	159
508	159
127	14
38	703
0	1404
50	390
0	597
16	516
8	187
0	1319
97	1371
0	149
0	1371
0	11
0	0
25	11
7760	442
0	441
181	708
4	5747
5	5804
54	5799
0	607
18	55
0	545
0	679
13	720
0	74
0	74
5980	6
53	337
3	482
12	366
248	353
818	712
0	61
0	712
27	17
0	17
0	0
5194	518
0	518
1822	5
3256	0
5	35
8	35
0	525
0	608
637	1212
4	728
2	0
0	923
10	2183
0	2165
0	2394
1	963
0	3646
47	4662
0	2785
13	29
0	29
0	0
9	0
24	0
1282	0
1929	4
277	179
0	0
3	0
2347	0
128	93
0	93
400	1887
0	0
1723	262
0	262
47	171
0	0
0	0
0	0
0	0
0	6
0	6
6	0
0	0
0	1966
70	1966
41	26
18	91
0	6
0	69
0	22
0	11
0	11
0	11
0	11
0	0
833	0
0	6
1478	1
1271	824
0	815
0	23
0	23
0	10
0	10
0	0
0	0
0	86
118	569
2831	6526
43	71
0	6532
48	6532
0	68
157	731
0	137
0	121
639	122
16	0
0	64
297	64
329	127
0	15
0	126
0	130
1466	6
16	0
1393	2
0	138
0	138
2	0
750	0
0	33
0	33
0	0
0	0
0	0
0	6
0	4
0	0
0	25
0	14
0	25
2	0
0	3
0	8
0	11
0	18
5	18
0	18
0	0
0	0
0	74
0	14
0	74
1256	1195
19	1195
2	264
5	34
16	264
0	134
89	134
0	6
301	6
6	0
0	223
0	223
0	215
0	255
1166	255
1	10
793	288
0	3
193	245
0	1
256	0
0	0
395	0
0	0
0	0
0	27
0	27
5	0
0	0
0	474
0	0
0	0
0	465
30	0
0	52
31	56
0	35
37	42
0	0
1314	370
0	295
947	2
636	8
4	8
0	375
0	18
0	191
73	439
178	0
7	38
283	836
14	0
57	1478
0	1542
0	15
12	0
353	225
0	225
11	289
2792	651
0	389
0	32
0	6
8	33
52	382
0	325
0	425
6	0
0	1593
37	1402
0	1415
766	1580
4	266
1	266
247	833
2	819
6	601
0	109
475	671
0	535
0	430
0	0
0	0
0	0
0	1
0	0
0	1
6	6
0	0
0	2743
17469	2759
412	447
19	330
0	368
14	174
0	0
0	62
5	79
84	1933
0	79
5	1933
0	7
0	2
7	8
548	2
432	2
1910	0
7282	3887
1	3877
0	0
0	0
15	147
208	167
96	0
12	35
285	3
0	0
112	396
893	396
70	81
0	81
0	0
0	0
0	0
0	0
0	0
0	179
66	141
0	1585
13	1694
3	489
995	1182
0	355
0	339
0	651
0	633
0	0
0	0
3121	1726
18	153
509	1726
13	0
394	355
118	355
8	512
85	512
24	752
0	77
5	752
37	0
0	0
0	0
0	52
0	61
0	71
0	17
0	76
35	750
0	687
0	670
0	0
0	0
856	45
4200	383
120	0
2810	3
0	0
1382	2887
0	1626
0	0
0	0
0	128
42	258
0	258
1555	0
483	174
0	174
24	3551
4193	3551
74	0
6	0
0	0
0	34
18	7
0	7
0	0
0	0
43	110
47	110
0	18
2310	400
3415	485
13	438
43	456
220	0
0	0
2	0
607	112
0	112
0	3
0	3
2	0
2302	0
87	183
2044	184
0	7
0	7
90	673
106	673
368	962
0	0
9	109
0	51
0	107
514	0
705	525
431	525
0	46
16	46
3321	0
1433	0
0	0
0	0
4626	101
0	374
0	236
2136	552
113	992
1827	992
17	37
0	3
0	37
0	37
2	0
0	0
0	0
0	484
0	582
0	142
0	161
288	829
1	333
0	206
0	1
126	0
0	2838
0	3390
6	3236
0	2907
40	2907
0	477
0	349
0	349
0	349
0	0
0	0
15	0
356	0
452	311
0	300
0	131
27	0
0	0
1758	2
24	0
88	2471
0	61
0	2490
2	2517
6	2386
0	2517
0	4
0	4
0	940
287	940
214	0
240	0
0	171
514	171
54	123
0	35
0	0
1032	0
0	0
5	0
0	0
0	0
69	109
0	109
0	0
111	0
0	0
116	122
0	122
373	229
1	5
0	5
54	287
9	475
0	501
1315	0
0	0
75	4858
285	4858
321	228
0	0
0	0
25	3
0	3
0	0
0	0
321	206
0	204
742	326
17	0
45	31
1795	31
45	0
99	6
594	2069
0	2067
311	686
0	685
0	686
16	686
12	513
450	513
0	8
0	8
128	3269
1817	3269
0	164
0	143
423	164
409	1273
0	1273
0	0
0	0
19	1564
0	2332
0	2458
0	468
0	2
0	11
0	9
0	7
0	6
21	373
0	373
5	128
0	128
0	79
0	32
0	66
0	85
0	85
8	0
0	0
0	3
340	3
0	0
16	0
0	0
0	24
0	24
0	0
0	5
0	5
568	681
0	681
0	911
1172	1862
1000	34
120	34
0	42
0	0
0	0
0	0
0	0
0	0
4	0
27	22
0	22
12	500
0	528
0	497
1407	1032
21	285
0	747
2816	140
54	139
633	319
0	210
0	104
0	0
5085	0
0	267
27	2485
0	2485
0	73
0	395
0	399
12	399
0	85
877	85
186	1995
9	2006
101	263
43	197
66457	21
1067	1120
37	917
40	1120
6	0
0	37
0	11
7	58
13	60
193	3
0	3
961	711
120	0
0	50
111	50
2816	0
0	0
0	0
0	19
14	51
0	43
25	55
0	46
226	132
0	132
2826	19164
11	893
0	7682
9	19120
0	0
0	38
1776	730
28	767
4805	0
0	84
0	84
0	121
0	122
0	106
0	84
0	84
0	83
174	159
0	160
3	126
0	185
1334	290
8	271
171	242
0	242
24	0
0	543
216	543
0	188
0	41
34	125
0	51
2722	1177
0	932
0	1084
0	1001
196	1190
3857	1644
23	1644
8	0
21	90
0	0
158	2083
12	2086
78	1591
10	1591
5	469
0	186
24	469
6733	0
39	235
24	237
0	13
0	129
0	129
0	129
0	135
1306	854
0	19
195	19
1336	486
0	208
0	486
167	8796
125	599
0	7242
0	8995
10	20
0	34
4	64
12	69
0	0
0	0
10	53
23	48
351	0
12	114
39	0
0	203
13	203
0	0
2	25
237	25
0	0
0	0
155	0
3	0
127	6064
3	6064
0	178
39	740
14	740
0	0
4	0
0	0
0	0
0	0
0	0
0	0
0	0
7873	16151
11	16149
1735	1163
381	1163
184	542
0	542
0	758
21	641
75	520
0	602
522	2744
0	25
0	25
0	16
0	10
17	0
18	274
0	109
258	331
6	26
320	427
0	248
0	0
770	0
53	0
0	32
0	32
32	460
65	233
3	4
27	4
4	12
0	12
296	347
0	63
0	59
0	15
0	34
0	196
22	0
283	1159
0	1009
0	1159
0	4320
2410	7325
15	4731
0	5
1	70
0	24
1761	5067
8	603
74	5065
112	0
4016	5
405	467
5	464
0	0
5	0
0	23
0	23
477	1304
0	248
0	561
24	919
3956	2660
0	2660
48	5
0	5
17323	14
505	227
0	227
3	53
0	53
14	22
1343	844
135	4
0	98
11	357
67	300
0	0
7740	0
0	0
355	61
0	61
27	894
106	894
1413	0
0	3
2341	765
0	15
0	15
0	92
0	35
5	215
0	57
6	215
5	0
0	0
21	4
0	0
0	4
0	0
0	0
0	0
9	0
34	61
789	0
0	51
0	29
11	4
0	4
85	34
28	0
2162	1392
7	1390
0	1382
0	16
0	13
0	2
0	2
0	312
260	312
27	0
0	17
90	1365
17	1365
44	0
0	6
0	2
0	6
0	27
0	0
103	27
0	27
0	102
0	109
382	1280
0	646
138	5
0	5
450	0
0	21
0	21
0	21
8	3
172	0
0	284
31	284
296	659
0	433
0	385
0	421
0	281
0	421
0	2
0	2
0	2
20	2
0	152
0	3
0	255
52	1708
0	586
0	1659
0	0
0	0
351	0
2709	0
18	0
0	0
0	24
0	27
0	13
0	18
0	18
8	15
607	1094
0	0
0	1094
26	1063
189	11
0	11
1152	777
5	297
659	2038
0	0
57	356
0	265
0	355
0	0
7	370
0	280
0	110
0	293
18	328
4181	2859
10	2588
0	1127
0	1051
0	0
4	2
0	2
66	0
0	20
0	3
18	192
1422	264
101	0
0	0
0	0
0	0
975	0
469	249
0	249
31	811
14	921
0	682
36	665
217	2111
0	2181
0	0
2012	2
0	617
0	632
214	4873
11	827
16	1100
0	1728
44	4560
0	1458
0	1728
0	0
90	66
0	66
169	66
18	272
0	27
0	20
3	267
46	71
42	71
0	0
25	44
12	44
4	85
6707	507
223	589
14	210
15	210
0	119
173	224
30	224
2	189
37	189
0	0
0	0
0	0
27	170
0	162
30	3453
10	273
28	3447
47	233
5	1193
114	1069
0	0
11	0
8	16
0	11
0	69
0	69
9	60
0	233
1284	685
0	681
0	626
0	681
0	0
0	0
8	13
5	13
16931	652
2	507
1845	1266
311	133
16	133
12	212
0	56
0	212
30	0
0	8
45	8
287	87
0	87
22	10
0	10
11	902
18	125
15	896
0	174
0	0
44	174
0	40
0	40
0	0
0	17
56	17
8	0
0	0
0	0
0	210
32	210
1874	1152
0	898
0	967
0	817
0	681
11	939
0	0
0	0
0	0
529	0
1424	473
0	495
0	87
0	148
0	111
0	93
0	34
391	34
3	0
988	0
114	1
78	2370
28	2370
54	5
238	109
4	109
2767	0
130	115
0	115
0	0
12630	1761
0	63
0	57
0	26
16	63
0	57
14	222
0	222
9	603
0	235
46	560
3364	164
0	162
3980	2582
5	2575
16	16
6500	6271
0	29
40	28
0	0
3	13
33	13
0	0
0	0
5	0
3915	0
0	0
16	0
14	26
843	120
0	120
44	87
0	18
0	69
0	0
122	135
274	6
83	0
15	152
0	152
894	3236
0	3233
16	3225
0	3071
0	872
0	3096
8	0
286	196
30	182
18	119
0	148
0	201
0	58
0	333
3	329
611	1246
0	727
0	627
0	37
0	52
104	52
634	0
706	569
317	33
0	0
0	33
0	589
0	2187
0	109
57	888
0	2356
68	387
917	4227
77	7966
22	65
0	65
381	575
0	575
7	2677
0	108
0	1196
0	2717
71	0
4	17
0	0
1	17
0	147
84	147
0	143
4	29
923	5794
174	6753
0	3559
0	17
0	17
28	3
0	0
0	38
0	0
0	38
0	1
98	30
0	30
0	0
0	0
0	0
68915	22412
8321	17703
880	12423
15	4559
29	8446
0	8321
102	12783
0	8884
0	33
0	74
11	61
54	86
434	2629
9	2624
0	8
0	0
0	8
0	8
0	0
0	0
32	294
0	132
307	0
641	640
3593	3628
5	308
0	3512
178	3515
13	2
0	0
0	0
0	15
0	158
0	166
7	107
4	743
2	1113
65	2656
292	2585
0	116
0	440
0	210
0	145
70	385
19	0
0	2
0	2
0	16
0	16
1966	385
31	380
3855	33
0	4
0	20
50	8
728	0
6	105
3	109
0	304
0	265
0	459
6	102
20	1746
76	102
4	1681
0	543
0	545
0	536
0	101
0	502
71	0
166	54
0	0
0	0
0	0
0	0
0	1012
65	106
0	106
2365	578
548	0
0	0
0	0
3	1
0	2
900	1
6	232
99	232
0	11
0	0
0	11
0	11
0	0
9	0
74	1980
130	1980
0	0
6	3
0	3
0	0
0	0
0	0
0	0
29	0
0	0
79	332
23	232
58	1
0	231
45	14
0	14
0	0
0	0
0	0
0	0
0	1
8	6
0	6
400	0
320	68
0	68
0	47
128	1108
0	620
6	800
0	514
0	38
0	38
5988	3636
0	3383
4	24
215	22
312	0
1396	0
0	87
0	87
289	307
0	0
5	0
0	0
0	47
1508	141
84	180
0	1257
0	621
4544	1818
0	1104
2108	41
4	41
0	55
0	49
3	62
0	55
24	0
0	0
626	0
0	8
0	8
10	8
356	0
0	50
0	50
0	7
0	13
0	33
0	0
472	9176
0	9176
382	0
3960	346
0	346
530	328
0	304
0	103
50	2230
0	649
0	2153
2	0
8	0
143	1724
17	1724
702	0
386	149
3	181
0	81
0	61
0	181
263	51
0	3
0	48
46	0
2	4627
0	5211
658	22344
0	4350
0	5429
1312	22212
0	102
27	102
0	53
0	12
0	813
2	835
0	1068
0	1057
56	2511
0	752
0	107
128	4576
0	3125
101	2708
0	4806
47	344
3	394
0	8
1720	1
10	0
0	0
0	0
11	59
0	59
1489	253
0	0
3	0
0	0
5	0
0	0
162	259
0	49
36	71
756	2155
418	355
174	7699
0	2057
0	0
0	0
0	185
566	185
1248	0
0	2
0	2
0	0
51	630
0	630
155	0
538	1824
41	1794
0	1819
4577	7034
1059	653
0	6798
21	332
24	26
16	378
102	352
9	0
0	19
0	19
0	8
95	102
4	102
9	0
793	0
0	18
552	21
564	0
5844	4
122	0
61	0
135	1364
1	1364
132	2
0	0
0	12
0	12
707	3148
0	1509
8	3311
0	0
24	411
24	5793
0	608
134	5392
403	5731
69	5534
18	5412
0	320
110	320
59	0
23	0
0	24
13	24
0	12
1	12
13	0
0	0
125	0
0	0
0	3
8	3
0	274
137	14751
0	12730
0	3482
0	14589
0	6
0	6
91	16
452	96
0	0
0	96
632	1012
0	989
0	3160
32	4690
1266	0
7	12
0	12
174	4082
0	103
0	767
27	4084
0	43
0	162
0	7
14	2339
0	2286
0	1189
0	1433
37	1358
25	919
12	1270
1	1667
2296	1672
0	101
0	98
1145	786
0	211
0	779
303	1
0	1
1152	330
0	0
330	0
0	0
2228	820
0	947
0	970
356	367
12	231
3	367
0	234
6543	239
0	86
0	0
3	123
0	254
0	34
9	266
0	226
327	143
0	143
4226	17
0	15
0	0
0	83
0	16
0	40
0	57
1786	242
0	185
649	199
0	199
0	0
0	0
0	258
539	258
880	772
0	796
48	756
0	0
0	0
519	624
0	624
0	0
945	0
0	45
185	202
8	18
23	20
0	0
0	0
3673	5720
0	5720
20	2674
0	119
166	2674
2	215
86	2160
150	5
0	0
0	0
9567	1
0	0
0	40
257	1
0	100
0	65
1164	165
0	16
0	16
0	0
2	0
0	0
0	0
10	19
0	19
0	506
288	826
10	410
0	410
0	120
16	1291
0	4593
0	4610
0	163
0	121
6	88
8	450
0	450
0	275
214	0
936	580
0	440
0	109
310	6942
2595	6942
4412	1930
0	1926
0	16
0	57
0	14
0	55
24	683
0	154
831	689
0	0
16	67
0	65
358	69
0	0
607	99
193	47
31	52
781	24
0	24
6	29
43	72
45	8496
0	13198
15	6644
0	13334
0	13392
0	13457
0	0
0	0
0	0
0	0
25547	14
31	0
15	14
0	14
0	14
0	35
0	31
0	789
0	133
0	47
0	825
0	837
3333	525
0	525
0	63
0	544
2	469
4	47
17	547
515	498
0	155
44	442
138	202
0	202
10	0
757	0
13	85
1075	2321
0	2300
5	526
7023	527
0	0
8	6
0	47
18	47
16	14
0	14
2	0
209	691
0	691
820	12
555	0
0	424
0	675
0	639
1	4
1207	4
0	28
228	124
0	96
0	0
618	0
1416	327
0	327
4	0
16	474
0	86
10	429
0	93
27	59
1	10
0	0
0	0
134	193
455	189
0	0
84	138
0	138
188	136
0	136
6	67
36	499
0	359
24	452
0	34
776	0
668	0
194	0
2092	1
0	334
0	1106
11	976
79	6529
0	1694
28	6010
90	0
3	86
134	86
6	1
0	0
0	0
0	0
0	0
996	0
10	15403
340	4151
0	15739
50	0
33	154
10	23
4	16
274	0
81	150
0	0
176	669
0	660
0	669
35	0
0	399
0	0
0	17
0	385
0	399
595	20
0	20
7697	1
235	286
0	124
0	114
0	75
62	284
0	284
0	5
0	5
0	5
0	78
0	2497
5	2501
10	2
0	2
486	233
0	46
0	0
0	52
0	52
6	0
201	218
0	215
125	540
40	540
11	50
0	50
0	0
0	0
0	0
0	0
1392	1
68	0
0	41
26	41
0	122
6	122
186	128
0	128
0	0
895	79
0	76
366	0
0	0
0	0
1	6
0	0
2006	0
477	1
105	126
0	259
0	256
0	0
0	0
0	53
0	0
0	53
234	2058
15	2058
0	72
298	598
0	598
88	213
0	213
0	0
9289	3054
0	3052
5	155
0	155
204	496
508	496
0	0
0	0
2	9
0	6410
0	202
0	1421
0	1544
2	6218
0	5285
0	0
20051	18
13	40
53	40
1533	2
0	2
0	2
13	54
98	88
0	88
0	88
0	0
0	0
0	1800
10	1782
105	21
0	21
0	0
0	0
0	0
0	0
14	0
36	68
0	11
0	59
3816	35
3	35
748	0
0	112
14	112
1532	0
130	84
0	78
0	84
50	54
0	0
0	0
0	0
0	0
0	80
397	711
0	63
21	63
0	8
277	8
1378	1203
0	0
1031	13
0	31
0	18
4	187
338	2051
581	2019
20	103
0	103
0	15
16	15
105	0
0	0
41	184
0	0
0	0
0	0
0	0
0	0
831	0
3022	458
0	569
1514	0
0	0
14	1496
9929	5742
0	4401
4	1276
0	841
0	303
233	841
1	145
7	143
303	8334
0	2139
35	8356
2962	4811
26	1888
0	144
0	0
8	1180
849	2297
13	1436
5	831
0	4382
6	0
0	0
0	0
0	26
0	7
0	0
0	0
0	18
0	26
0	0
0	0
8	0
0	0
43	0
0	34
93	1778
0	5
0	28
5	58
0	54
0	58
0	50
2247	0
1343	862
12	810
10	835
43	0
0	0
0	0
0	0
0	294
284	294
0	2739
8	2739
9	10
0	10
0	0
0	0
485	1602
1	1602
18	2
0	2
0	28
3089	34
0	1076
5303	2428
0	974
13	522
0	1053
402	160
41	0
0	0
0	5
0	5
10	0
0	0
2554	391
0	0
0	0
10	171
0	171
523	0
18	0
0	0
0	39
0	7
13	110
0	0
0	27
29	27
41	133
109	133
371	318
0	318
3026	302
0	296
0	0
965	208
20	208
0	10660
0	10712
8309	10808
319	350
0	225
0	283
688	0
268	0
82	35
0	32
0	3
0	0
311	502
0	0
0	0
1647	719
10	127
0	0
63	0
1059	1777
0	1773
0	8
161	8
318	720
9	1
0	1
78	4767
0	4767
0	134
0	16
305	131
0	128
0	242
0	70
933	242
0	0
3	0
63	317
0	332
0	65
0	65
0	65
0	65
124	395
5	224
1941	7
0	0
1040	1581
63	308
462	567
0	567
0	10
0	11
0	11
1663	517
0	517
2300	2
0	332
728	332
166	190
1146	190
0	269
1306	269
0	95
0	456
0	466
6550	1
0	0
0	9
213	145
48	42
534	42
0	87
317	134
0	481
1045	481
673	575
0	424
16	181
1451	2030
15	2030
1	0
22218	4448
0	4440
0	525
102	674
0	366
24	84
100	82
43	6
8	8
0	8
0	49
0	15
0	49
0	44
0	538
2168	1843
27	1848
32	0
0	8
0	8
14	365
6	123
11	121
0	104
1008	207
422	0
0	34
0	34
1078	3
142	0
0	155
3306	160
0	0
0	0
0	0
0	0
0	0
0	0
0	7
0	241
0	566
0	566
0	75
0	9
0	396
0	574
0	574
81	219
0	100
10	173
2470	228
58	0
2	0
740	7759
0	7759
0	0
0	5
0	31
15	46
0	46
54	0
701	29
0	29
0	0
53	2
3266	2
0	0
0	2
11	17
0	17
0	0
0	0
1484	1286
89	38
0	3
0	35
55	0
1392	0
0	122
0	40
287	131
126	45
0	45
0	314
47	2403
0	28
106	2403
0	19
0	231
0	247
0	268
59	376
0	15
1	62
0	47
0	234
24	133
17	144
77	951
0	476
6709	3
2920	0
87	0
424	0
1002	0
6	0
0	0
10	25
82	61
0	60
4	333
0	2171
0	1401
71	1477
0	2398
0	1370
218	0
726	787
0	132
0	842
0	52
0	52
0	215
0	271
0	1899
0	1962
0	1906
0	7
0	3
0	11
0	14
0	0
14	15
0	15
0	15
0	110
30	110
0	41
0	331
0	0
0	331
275	381
0	381
219	0
317	355
0	125
8	370
0	233
4295	5
0	0
1044	3
0	2013
0	873
0	3052
199	3094
0	199
26	277
0	3
2686	0
125	236
4	236
0	7832
1266	7832
0	0
26	720
6	0
24	0
18703	16
100	8
11	337
6	337
5	18
202	18
97	134
0	134
0	0
756	0
0	632
0	124
17	801
131	801
0	113
613	113
1412	868
5	841
703	34014
34	32962
0	34013
0	5
12	0
0	0
227	578
0	267
0	573
0	0
0	0
0	0
0	0
0	0
78	209
48	49
174	16
7	0
20	0
1152	5
1579	1488
0	1488
10	1794
55	269
0	269
5	1794
1283	5
2412	1
786	0
0	0
0	0
7	0
0	0
0	0
219	0
789	0
0	64
6220	150
8	105
0	18
2	57
0	10
0	30
0	16
0	57
0	10
0	0
0	41
0	33
0	52
0	11
0	53
0	41
0	0
15	41
5	55
0	262
54	264
163	411
0	115
137	45
0	73
0	9
0	69
0	69
0	73
0	65
0	69
0	69
1394	0
90	0
5	15
0	15
53	514
0	514
0	25
0	230
0	1621
0	47
61	1729
0	1780
351	0
517	456
2	0
17065	3831
36	3800
0	1014
0	483
4	55
200	0
28	0
0	0
0	0
0	0
0	0
3479	104
44	0
57	0
0	25
0	6
1384	1905
0	1905
57	0
0	8
61	8
68	5522
67	447
0	114
0	5455
98	0
205	0
0	0
2120	88
0	86
99	62
0	62
26	7
0	0
0	0
0	0
0	44
11	50
9	50
65	0
8355	1844
0	1844
0	14
4	14
0	453
0	253
0	403
0	3129
102	3129
0	2572
0	0
0	0
0	84
915	84
0	4
0	4
23	221
0	190
0	190
0	221
0	111
0	1881
0	308
0	106
0	3515
0	3349
0	2688
0	2899
0	3310
0	235
13	235
24	222
0	344
0	13
5644	345
0	355
1408	355
0	67
98	67
0	0
0	0
0	0
0	0
2189	0
12	3
0	0
0	3
0	37
44	140
116	3982
440	4579
213	961
4	548
0	445
0	38
187	3611
5320	1013
8	1007
117	1007
128	648
146	648
0	0
0	0
0	0
11	6
0	103
0	0
0	305
0	110
0	91
0	293
1468	0
49	4789
27	5013
232	2623
0	165
16	628
18	616
64	557
110	557
767	548
0	0
53	548
416	0
12460	1146
0	1140
339	268
21	268
0	49
615	448
34	38
0	25
11	452
13	339
0	301
0	49
41	377
0	31
0	377
15	72
159	70
0	2
0	0
264	0
931	0
0	68
0	0
7	71
0	86
0	63
578	559
0	559
0	138
0	0
2296	1049
0	607
2	1049
666	1807
20	69
47	1807
654	897
0	4
6	4
9	173
1216	174
0	136
2365	2
1433	240
0	73
0	221
3309	5
158	704
161	704
7	0
2824	0
0	0
0	0
617	72
0	38
0	34
125	0
155	0
800	129
0	129
0	0
0	0
669	676
5	1730
6	1733
0	1735
0	1733
1038	1300
3	960
0	1298
16	46
0	18
94	18
0	665
0	535
260	1
375	772
0	257
162	1963
248	1683
188	1792
0	50
0	50
0	50
128	90
0	51
20	90
0	6
10	90
15	562
54	562
5	0
0	0
1	5
0	5
9	0
0	207
29	207
799	1
830	1966
201	6
0	0
0	0
0	0
0	0
0	0
0	0
613	712
0	11
0	11
4	11
0	0
4165	21574
0	21571
3791	1
0	0
0	0
1	0
0	0
0	0
82	0
0	2
0	2
17	9
0	353
2	353
3	186
0	1053
0	658
678	1054
293	0
0	0
0	0
0	0
3	30
0	30
201	0
0	22
0	62
90	4911
19	4911
19	32
7	4
0	10
0	10
0	4
17	20
0	32
0	44
0	189
18	369
0	1472
108	11095
31	11088
2	0
0	0
13	264
0	1072
2196	1073
1988	0
7	0
171	1434
0	1434
0	10
24	15
0	1381
0	579
43	1400
46	1393
58	927
0	2227
0	2272
1456	0
476	109
0	109
526	0
0	16
0	8
0	16
131	0
286	963
0	963
0	12
798	0
30	240
0	62
1	259
2192	3
1	0
3	6
1731	6
9	0
2292	0
0	224
1245	1482
0	899
0	1195
2592	1582
45	1582
0	0
0	0
0	0
213	408
0	3399
41	3501
13	118
0	118
141	1
468	1
1361	34
0	33
71	0
1300	0
164	0
903	0
10	7
0	7
6658	3
629	0
338	123
0	122
0	0
0	1
164	478
0	0
28	39
0	0
1	11
0	39
512	484
614	0
0	0
0	33
0	77
154	98
126	778
247	778
21	499
43	499
97	410
17	476
391	286
2185	5087
373	5087
0	0
3	0
516	168
0	236
0	243
0	91
17	53
4	148
11	148
83	0
5000	1712
0	1709
233	4028
7	4028
169	0
0	0
28	13
126	13
11	28
0	28
2277	3441
770	3441
11	23
13	23
0	167
0	167
0	167
0	0
0	0
0	0
0	6
0	6
0	0
0	0
89	3451
153	3405
57	1068
0	1068
1203	192
0	701
137	1466
0	147
0	18
1256	1406
0	965
0	970
0	892
27	1056
0	1027
0	973
204	940
0	959
0	558
0	618
828	598
0	152
777	380
0	380
4153	1933
0	0
28	1625
31	1625
773	236
289	313
150	480
0	469
0	410
753	1073
0	1073
0	0
13	0
8	0
8	182
0	221
0	1186
0	1167
0	1199
0	11
0	11
0	11
5787	1739
0	30
0	138
14	1746
355	2055
28	1666
0	496
23	1918
14	1680
0	194
0	23
4	23
0	54
0	153
7	694
0	86
0	648
1708	2702
69	2762
7	997
66	258
0	89
17	0
1013	0
0	14
2	14
0	0
399	266
24	472
18	472
0	17
6	30
0	29
21	5
300	1187
175	1726
0	251
0	0
0	468
0	172
185	640
0	0
0	6
0	303
0	368
0	369
33	266
0	266
582	4
862	383
62	4
19	0
0	1
0	4
0	0
295	157
0	157
116	105
0	105
0	160
118	160
668	109
0	109
121	677
0	677
3	0
6	0
14	0
84	3103
7	1534
4	3105
663	1
377	0
0	0
0	0
0	12
6	9
0	1
0	0
0	4134
17	5360
56	5316
2015	0
0	3
0	123
630	123
26	0
0	144
778	985
0	975
0	0
0	0
38	45
0	45
0	5
0	5
7606	7
116	0
2795	705
23	705
42	0
109	2664
580	2665
142	149
0	154
11	141
0	0
66	3336
0	2007
0	689
124	2018
174	211
0	203
0	470
146	874
0	17
0	53
10	70
0	3
0	3
4	11198
8030	11211
20	1071
7	40
0	50
0	9
5	97
3	75
0	86
0	292
0	288
0	0
0	0
0	8
0	8
0	0
0	0
6	14
1	14
578	0
1938	2
0	5
3027	1
200	0
0	0
0	13
0	0
0	13
122	1060
0	867
1634	0
0	11
0	11
45	819
0	819
1438	207
0	207
0	61
0	5
0	5
1144	637
0	637
555	0
0	0
19390	4
351	36
0	0
0	0
96	215
0	215
33	91
0	91
3483	98
0	98
15	0
8	0
0	36
251	40
0	4
422	0
7	493
7	493
0	202
0	24
0	10
0	71
160	197
0	170
0	175
592	646
23150	4697
8	3979
0	693
67	1024
215	768
3	0
0	0
0	9
9	18
0	18
0	0
0	0
0	0
298	46
85	0
0	5
14	356
0	0
0	0
0	0
1	1366
1	1962
0	1300
3	1874
1	12682
0	361
215	10718
0	12309
0	11015
10	39
0	215
0	1
3	227
9	215
7	0
5585	2202
0	2202
650	645
2655	0
125	0
0	557
0	32
847	589
47	15
0	2331
0	278
0	264
38	2393
0	44
0	0
4	0
4	0
0	353
914	354
56	0
8	33
0	33
153	66
0	469
0	104
0	405
3	469
0	474
0	469
14	34
6	30
0	459
10	1858
104	1864
888	0
0	0
0	0
0	0
0	0
319	6
0	6
4	25
0	14
55	23
135	391
0	94
0	343
1202	0
132	4432
364	4462
644	0
584	1608
0	451
1	1167
65	688
0	688
1648	2
6460	8330
0	8323
0	0
1138	0
490	0
0	13998
703	14224
0	14224
0	23
97	104
18	6
4	5
84	54
0	54
23	33
376	33
0	157
0	159
247	220
0	60
0	200
0	153
25	0
8	6
0	6
106	6
51	0
5	0
1641	1223
24	1222
622	800
604	3
1	3
36	49
1	91
285	145
0	145
10	0
0	993
5	1019
0	219
37	219
16	1382
0	3
3	1382
4	67
811	3171
0	3171
0	152
0	120
0	86
60	257
128	294
52	0
203	747
0	90
0	734
0	580
0	656
16	14
747	14
1939	2540
89	2303
0	1932
182	0
23	9
737	124
22	124
0	65
1580	1089
0	954
0	633
0	162
121	162
0	49
69	49
0	0
0	0
0	0
0	0
0	0
5018	487
7	486
0	8
0	8
0	7
186	7
51	3
122	93
24	144
393	2
19	1370
176	382
116	1716
0	436
0	0
220	52
42	26
20	111
485	111
0	35
26	35
2657	0
91	4754
0	4748
28	4757
0	0
1872	0
0	0
127	1445
0	592
38	1387
0	1382
0	803
377	17055
3	17068
386	16762
0	0
0	0
0	28
2532	31
50	198
0	198
0	198
0	0
0	0
0	0
0	0
0	0
0	0
139	228
3853	17606
24	17834
5893	3
11459	862
5	192
0	825
6	931
0	569
0	1791
0	1492
0	1479
0	927
5479	1
80	17
0	17
256	87
0	33
0	40
2	14
1	517
0	220
0	395
0	517
3	6
258	3
0	3
0	3
11	0
0	0
0	0
0	0
0	0
0	0
0	0
23	338
0	160
9	141
532	0
112	15
2	0
9026	732
1162	55
38	1
0	0
0	290
442	290
0	25
0	55
11	30
9	24
6	24
0	0
0	0
0	2398
0	101
0	2350
0	2379
0	2369
0	0
0	0
4	6
0	1
13	530
146	513
0	0
0	0
0	0
86	32
0	0
0	32
147	854
0	307
0	854
2541	9190
0	9190
0	0
289	102
0	102
112	0
59	0
515	0
732	359
134	1703
0	1703
46	1820
49	91
0	91
837	1002
0	921
32	922
2	963
0	1002
302	11126
1214	11660
0	864
0	6
0	6
0	81
13	83
1408	1
4240	7
0	0
0	0
297	0
0	147
88	147
0	75
264	1995
0	1995
0	683
0	739
6	0
0	0
0	0
0	0
298	70
102	523
927	595
5	47
314	2455
0	766
82	2520
0	267
542	657
85	618
49	618
0	93
959	93
357	0
0	0
0	0
252	338
0	338
0	850
0	955
20	1014
93	46
0	46
5	8
0	0
0	106
17	47
420	698
0	698
18	18
0	18
1764	2165
8	0
3	676
0	676
2983	1
238	1071
17	1071
10	0
0	0
0	1
31	1
11	106
0	106
0	0
0	0
0	0
1098	453
0	285
0	423
24	666
4	180
8	666
0	7
38	7
4	1
0	1
262	41
0	41
10	0
0	96
51	96
28	21
26	21
531	740
0	407
0	22
731	440
0	935
206	1547
0	491
0	1562
0	0
568	479
8	222
8	346
102	170
5518	6747
0	10
3043	6680
1100	2
33	123
303	1241
61	1241
0	0
0	0
1249	347
0	347
0	1747
0	43
459	7848
59	8388
3021	4706
0	4703
791	191
1946	4905
1	4905
0	5
0	5
1145	0
0	0
0	0
0	0
0	0
5027	0
1375	25
562	532
161	4861
17	1073
0	4699
1589	666
0	424
359	369
0	369
0	88
0	0
573	1537
0	1537
46	178
12	4161
0	4312
0	22
0	4233
41	2141
89	2152
0	2052
129	354
89	355
0	0
43	0
825	657
0	657
12	0
901	1228
0	102
0	268
0	1245
0	1238
0	1206
0	1266
0	1231
0	1253
11	0
719	0
861	1841
0	1787
0	252
0	512
0	2414
0	1610
9	1298
0	2897
40	2627
43	3212
1743	2920
0	183
1792	661
895	660
0	120
0	188
0	46
2	94
0	363
3	208
1648	774
23	58
11	58
6	974
356	974
266	332
0	332
0	0
4	0
14	739
0	713
0	19
0	19
0	0
10	371
5	217
2002	107
22	107
0	1
0	0
86	0
4	874
109	874
67	1
0	1
0	1
34	3
0	10
0	8
1446	0
54	0
0	15
23	393
0	33
22	0
91	395
0	7
1	7
712	317
0	345
0	260
0	293
0	78
0	90
773	0
1759	1
303	178
8	178
0	0
1177	2
0	0
0	0
28	126
0	126
0	124
107	124
0	153
899	294
0	141
64	217
0	217
26	13
0	0
0	30
35	0
1	21
0	424
46	424
237	292
0	0
3	0
0	329
0	99
0	8
783	360
100	368
0	355
129	7151
3	4543
39	6284
0	3439
603	9228
0	0
172	3848
0	104
0	102
41	3848
27	0
0	0
2	0
0	0
1827	1
0	0
0	9
0	9
24	9
1	0
27	0
4075	8
0	679
991	1302
13	1211
1	1052
3	902
1589	4
9	0
1897	0
184	668
243	0
5	0
0	0
24	51
0	146
0	52
0	1454
0	58
79	1454
220	0
40	18
39	51
218	4
21	4
0	94
2655	96
69	490
0	490
2	0
0	0
0	188
2613	901
25	856
0	0
0	2896
0	2896
0	2171
10	2378
0	204
1	181
0	118
1	2333
9	2
0	2
126	0
105	0
0	0
0	0
0	0
3573	1
166	0
378	0
0	9
15	43
2137	331
0	323
0	85
0	85
0	36
0	36
3	9
0	65
0	36
0	73
258	0
0	17
0	302
0	0
0	57
0	28
0	0
0	298
0	267
0	298
0	263
144	1128
0	712
10	708
0	542
52	0
0	0
73	105
0	0
2820	888
0	883
64	65
12	35
104	21
1411	9531
0	9531
0	0
0	6
0	6
0	0
26	6
74	0
1174	0
3494	1
1	109
13	506
95	480
1757	412
0	402
15	0
0	4014
1917	4014
1515	0
0	59
0	13
951	189
0	165
1294	0
0	34
344	2014
0	1077
0	1642
803	0
21	0
0	22
0	58
0	122
9	122
3	0
0	0
978	0
36	0
361	484
40	484
50	0
81	0
0	33
32	0
65	33
0	3947
0	3658
0	3684
27	3973
483	209
31	161
0	161
117	0
235	55
0	55
0	46
154	191
19	191
8	39
6	39
0	3
0	57
0	19
0	0
0	0
0	58
0	57
0	16
0	57
0	20
0	16
0	4
0	35
0	16
0	31
0	31
379	724
0	286
1054	739
3	0
3019	9
3	0
5	44
0	11
0	44
0	0
0	0
0	0
0	0
0	0
0	0
5	0
25	199
22	24
261	223
945	0
6	56
0	0
0	55
0	55
0	42
8	51
0	51
0	156
0	132
0	156
0	480
0	202
0	548
2341	1955
5	284
0	1743
4	1774
0	1738
0	1751
21210	16
5	0
254	0
0	39
0	39
0	3
0	22
0	0
3	2
39	162
0	91
0	72
362	0
0	0
0	0
1892	1658
123	2074
0	126
44	126
160	1638
0	223
0	1633
0	1475
1142	2359
0	2566
6	2299
12	2334
478	9
2	27
0	23
17	0
1530	718
0	492
0	676
684	80
0	0
8	0
5806	8617
256	9450
98	160
0	120
152	120
2	11
575	0
0	1
0	0
1	1
63	277
14	0
28	298
13	161
3251	2023
130	1970
0	1906
0	0
167	945
0	371
0	0
17	18
0	18
641	1027
15	1027
0	0
358	0
7234	2
0	187
0	7
9	116
186	308
8040	14611
0	1512
4	10689
0	11573
5	4640
20	182
0	198
7	204
37	1174
23	1174
0	5
0	5
9349	17
0	2336
0	245
0	6231
0	6377
582	0
0	0
92	1653
0	659
308	2022
0	29
81	29
2	7391
0	392
0	7391
0	0
1	0
207	3183
0	3183
8	14
0	14
800	1
583	152
10	152
0	0
18	0
0	0
0	14
0	12
49	0
834	1
282	135
0	51
0	84
8	163
0	163
0	7
0	677
997	677
118	411
0	330
190	298
0	0
0	0
38	0
27	185
0	0
0	0
0	0
419	344
0	131
0	213
2337	1488
348	0
0	0
0	10
0	23
0	23
0	0
0	0
12	0
251	291
0	76
16	214
0	6
0	6
0	6
2	0
0	0
0	861
0	226
337	6603
209	6674
605	272
0	29
17	0
12	0
0	0
0	14
14	1110
141	1100
0	1587
0	3416
19	2864
97	1662
0	2834
0	3384
0	3
0	316
0	387
802	556
53	586
0	357
138	43
0	9
0	43
0	9
0	0
1	0
0	239
481	1178
21	407
229	1017
0	17
8	17
670	0
4	68
0	0
2	273
0	82
446	265
1005	0
5927	2
0	303
0	303
0	294
0	291
0	231
0	9
0	53
14	155
0	155
952	2087
0	0
14	5
0	0
0	0
0	0
0	111
925	117
37	991
446	903
0	1005
180	2618
0	74
0	2650
0	2650
7	2719
93	425
0	0
0	0
0	5
0	0
7	5
0	0
0	0
99	2432
0	144
1194	2249
0	381
4	188
1230	489
0	19
275	19
8928	5724
0	0
0	0
0	0
3	0
0	0
0	27
5	250
0	0
0	11
22	347
0	347
0	0
150	588
0	0
0	0
47	0
0	0
18	0
415	198
0	3
48	0
1051	1139
0	435
0	861
49	125
0	0
0	0
0	0
0	0
46	0
1830	173
0	173
0	0
50	5366
456	5366
0	0
0	0
0	0
0	0
1	0
0	0
0	0
0	19
1	6
350	327
3	12
0	12
0	4
1	4
6	49
16	49
0	337
10	916
6325	1266
0	33
29	33
0	1796
0	275
684	19051
70	16959
0	6347
0	17644
0	0
5	0
67	36
0	36
0	0
1227	702
0	497
0	383
0	608
0	41
3	38
289	128
0	90
0	0
239	6657
9657	6657
0	2802
0	0
45	0
35	0
1342	322
758	322
1055	0
190	0
1292	2288
0	683
383	371
110	1605
4	43
80	43
94	0
70	0
0	2
0	0
0	2
26	64
32	334
88	337
0	582
1352	583
0	0
0	0
0	0
0	0
589	0
117	0
2829	1
0	0
89	328
416	2259
0	718
0	1912
4845	3155
30	2346
0	3148
0	0
0	429
0	99
0	5283
0	5369
64	5353
105	725
49	725
27	247
0	65
285	1710
820	1502
99	1
0	1
754	1665
2	149
0	1664
9	136
0	3
0	106
0	130
58	58
0	683
0	223
3027	713
87	180
7	180
21	0
149	0
6	222
126	0
0	142
3	429
0	429
10	429
0	0
0	0
0	0
0	2294
0	2266
0	2266
19	1782
5	0
26	0
39	7
0	7
0	226
0	989
0	156
0	17
176	1005
0	1005
0	937
506	375
13	374
0	356
264	432
0	30
0	0
50	30
1	0
0	9
1595	0
0	0
0	2
0	2
114	17
0	17
3	29
16	102
18	104
0	21
0	123
1326	246
0	0
0	13
0	16
0	16
220	3415
0	742
0	3415
403	1107
0	99
0	1107
0	0
0	0
422	142
0	142
0	0
0	1062
0	10641
358	10642
0	682
32	682
0	4423
0	4170
26	4345
0	4338
0	40
0	56
0	113
16	408
10	431
0	387
0	453
0	159
2	0
312	958
0	958
262	108
0	108
2221	320
0	320
25	15
0	15
194	115
0	115
13	313
0	313
0	313
83	1
0	1
0	1
0	1
0	142
60	142
0	0
0	18
0	6
0	0
0	0
0	6
2306	1460
6	896
340	1185
114	244
0	1641
0	1654
1434	3047
0	554
173	3047
0	67
0	62
0	55
0	35
0	3
0	3
36	9
0	0
0	9
0	0
10	12
0	22
0	22
10	32
0	32
27	0
0	0
0	0
83	0
1303	4
4208	0
720	0
0	8
1	16
13	16
43	1
0	0
0	20
33	20
0	20
0	0
0	0
0	502
0	97
0	2293
824	2293
0	227
23	232
1	31
0	14
16	9
0	0
0	0
14	0
0	0
0	0
0	0
4	170
312	170
0	3751
0	60
0	446
0	558
1574	3754
607	1523
15	788
0	753
28	670
0	10
0	0
0	34
0	34
0	83
60	0
21	5660
0	818
5	5541
0	169
0	291
0	303
0	954
0	942
0	970
0	914
0	343
10	91
0	245
0	595
0	405
0	3141
0	109
0	3065
73	142
34	2731
32	2946
0	522
0	2240
2	3043
16	118
504	118
0	0
0	0
14	28
0	28
345	266
0	266
0	266
0	266
167	0
16	0
0	458
777	458
26	9
0	2647
1229	2647
0	0
0	10
0	10
306	1416
43	1416
688	232
0	0
19	66
41	78
0	0
14	3
0	2
0	49
1	57
26	57
15	3242
23	3242
505	106
4565	1356
0	120
0	105
0	1355
1422	549
0	93
53	332
44	479
2539	1379
698	1378
10	39
18	39
382	0
103	1208
0	1208
142	5901
0	5736
21	5901
30	792
1	792
0	0
5301	0
159	3101
21	337
0	2112
14	3135
249	3657
0	3657
1242	65
0	65
0	0
646	49
0	49
0	0
63	386
0	41
4047	2188
0	0
0	14
39	0
0	49
0	49
0	0
110	73
0	0
30	0
326	472
0	14
0	14
0	118
0	118
25	391
20	391
0	282
0	0
6	0
352	297
0	297
180	36
0	36
2254	1
6236	0
0	0
208	0
0	1
0	17
0	0
0	0
0	17
51	0
5	0
0	0
0	0
0	48
96	168
7	65
209	517
39	517
8	0
0	0
4548	0
2	0
7	0
521	9218
419	9218
81	0
68	1
0	49
9	50
60	240
37	240
0	35
342	2751
0	35
72	2716
0	0
1691	1360
0	959
2113	1087
0	1087
1307	0
440	484
0	484
1	507
24	507
198	50
0	46
0	0
27	34
573	34
0	151
28	153
0	153
0	213
13	293
0	17
2784	293
196	219
6	219
7036	6
0	0
0	0
0	0
2149	1757
7	273
0	733
0	320
733	0
0	537
0	2021
0	391
0	391
77	2065
0	150
1219	658
0	326
0	495
6	152
34	464
0	33
73	616
6	0
0	0
0	17
61	17
0	0
0	0
75	0
31	1372
0	64
35	3857
0	3909
0	3953
0	2018
0	3923
1133	0
3	0
0	0
0	0
3	0
97	15
0	1
3027	1633
0	1633
68	2658
129	2868
34	2932
52873	20
283	0
0	14
31	916
75	4485
189	525
0	3238
215	2563
0	2570
4	2656
0	2998
426	0
779	0
0	321
10	321
0	0
0	0
0	9
0	0
0	9
8620	9154
29	4777
327	0
62	0
0	167
690	203
0	149
1143	0
0	0
0	0
0	121
3	168
0	168
0	0
0	0
118	147
36	147
348	0
15	0
0	0
0	0
0	0
0	3
0	0
0	0
0	0
0	7
0	8
250	192
0	180
0	18
68	243
25	243
0	8
0	8
0	8
9052	723
91	480
0	727
0	131
0	128
0	128
0	128
0	0
0	0
0	0
0	49
0	45
0	79
0	79
0	36
0	79
0	100
313	1085
0	17
0	1017
0	721
7871	913
0	40
0	88
44	92
2018	108
525	824
0	685
558	0
5	204
0	204
8	197
1104	73
0	71
2546	1
181	296
4681	0
0	0
0	4
0	325
0	150
0	75
978	0
6224	2054
3761	11
1568	878
14	877
0	0
0	0
0	15
0	505
0	0
0	523
1	523
0	72
0	0
2780	0
0	0
0	0
2505	0
162	5
0	5
0	0
0	0
0	0
4	54
247	54
6331	4
533	1
0	32
0	29
0	29
6	32
20	0
0	4
154	134
572	80
5	80
0	0
0	11
7	11
137	1108
0	1108
65	34
0	34
0	1090
220	1789
0	230
2395	2469
17	0
25	32
0	1
0	32
288	0
0	0
0	63
92	261
100	261
2	0
7	460
0	305
0	952
47	878
3216	2120
0	590
11	925
0	2032
0	0
21	15
0	15
0	15
378	290
0	288
1174	0
132	453
1548	454
12073	0
484	2913
0	2606
1101	566
16	566
122	0
9	0
403	0
694	0
8	0
450	6
0	0
233	0
1026	1454
0	0
0	0
0	0
0	0
0	0
0	0
1065	1695
3	1687
2306	790
0	785
26	765
97	1104
857	855
0	356
4	164
137	557
0	151
0	140
19	188
15	744
0	225
0	663
0	744
216	600
0	292
0	442
653	0
216	53
0	53
8	32
0	20
0	23
33	33
0	57
0	1103
2379	1103
14	29
0	545
4410	546
54	15
0	10
0	5
0	5
238	0
363	478
0	478
0	0
8	0
0	0
0	2
0	0
0	2
0	0
0	0
81	48
0	48
0	0
0	0
0	0
0	0
225	59
0	59
0	1510
137	1510
20	1510
84	2391
63	2436
76	825
69	229
7	229
782	774
0	223
0	235
1	165
24	0
12	0
0	34
3	34
58	0
0	16
0	16
3705	2137
24	452
1553	0
6	0
343	554
0	394
0	554
0	490
0	1484
4066	1488
2534	8
188	4
0	4
628	0
24	0
9	475
2465	1337
18	55
346	130
281	132
745	0
0	0
7	70
6	70
1893	273
0	185
10	59
110	0
0	972
412	1142
672	3066
2	109
0	60
0	67
0	80
2	0
155	0
85	0
0	0
0	0
0	0
0	27
21	201
0	0
0	176
10	3
11	883
0	572
0	189
0	211
0	32
0	37
0	859
4130	1
0	37
30	37
13	87
11	87
0	33
0	0
0	0
910	609
0	0
5	565
0	4
0	167
175	1902
0	1104
4	1902
0	517
0	337
0	202
0	243
1334	580
4	7
21	313
202	473
16	484
2	308
3650	795
14	0
0	0
1319	0
53	14
0	18
0	47
0	19
22	61
13	4
574	654
63	571
0	274
2811	189
72	3
894	2
0	35
21	35
98	0
1182	0
140	0
5	119
0	119
354	2670
0	406
84	2670
9	0
79	0
300	155
0	155
0	155
0	155
0	82
39	0
0	59
0	0
0	59
24	2
0	0
0	0
7456	3
93	1793
0	1793
20	1
6	1
349	37
0	37
44	86
29	7
0	86
0	50
0	676
177	676
184	0
69	0
0	0
0	0
0	0
0	0
45	0
566	0
0	0
0	0
0	0
0	728
0	410
9	1501
25	1374
482	0
376	42
0	42
0	633
0	98
0	342
0	2
0	2
0	2
67	236
0	27
2651	4
0	2
46364	41
218	260
69	260
397	179
0	179
0	8
0	8
45	6101
162	13848
420	4442
2601	13412
4308	1236
0	1235
73	40
0	40
0	10
0	10
0	10
503	0
4697	6357
0	6389
0	2334
5	0
0	0
0	52
45	273
0	250
23	270
0	273
0	0
0	0
0	0
4448	0
0	0
0	0
1910	0
1109	0
10	0
0	0
0	0
0	0
1475	18632
0	2036
0	17863
2	18650
0	19316
11	0
0	0
0	0
0	0
3062	312
0	311
0	121
0	56
0	118
0	102
15	793
0	74
0	765
14	99
65	99
9	0
4622	2
0	0
0	0
0	0
4416	5
0	0
96	574
125	574
1183	0
1315	3472
0	141
191	260
19	0
2400	234
0	0
40	233
6	23
12	212
0	244
46	115
378	108
6	0
0	0
0	0
0	0
0	28
0	90
5	97
12	47
0	301
0	316
0	0
0	0
0	0
263	0
127	263
0	307
47	467
0	95
0	467
62	55
1010	0
375	713
0	713
76	303
0	252
59	33251
179	34154
3219	31615
79	33251
0	305
50	305
0	82
0	60
66	457
7	484
0	72
5	72
7646	3636
488	2694
1	1027
7	9
2	3633
69	0
102	76
0	76
1100	166
0	87
0	151
399	196
0	196
5	2
0	4
0	1134
0	257
4809	436
8	2633
18	2651
10	2423
104	1827
0	1827
401	4
1	16
0	0
0	0
379	0
0	0
0	0
0	0
23	6
0	250
106	1519
10	1519
781	7
0	0
0	0
0	0
0	9318
71	1279
0	371
0	2908
717	9318
0	0
6	0
1	218
0	2841
109	3314
0	735
0	0
0	10025
0	6137
99	9971
4002	88
198	0
9	0
680	6423
0	2021
0	1142
0	713
9	5999
0	0
0	0
0	0
0	0
9	0
32	0
437	622
2	742
0	465
49	465
919	1
69	3
2	0
476	0
310	276
0	276
3	123
3	222
15766	13341
2	1570
0	974
0	12823
0	0
85	90
137	0
3	0
3	20
125	0
0	1
0	1
0	1
0	1
0	1
0	1
0	1
0	282
15	282
212	13
0	0
0	13
1708	0
582	74
0	74
6186	6
125	232
0	232
61	1685
0	185
0	1489
0	1701
177	13
0	13
0	15
21	15
126	0
0	3218
0	3169
0	3177
0	3151
19	3713
0	3417
0	3823
2	61
106	0
1800	52
0	52
0	48
0	0
0	0
0	233
0	47
146	280
0	360
71	365
135	0
15	0
0	0
0	116
0	66
11	212
0	120
1555	1089
411	965
137	269
0	1
0	21
15	269
0	0
47	0
3073	1342
0	1342
248	14
53	14
95	0
0	2
0	2
0	0
8	2
0	364
0	38
0	554
0	571
0	0
0	0
6	62
28	29
58	44
218	22
94	24
0	24
1	12
422	0
74	14
0	3
0	11
0	0
0	0
2	0
3	0
969	0
28	0
0	73
0	0
320	75
4	0
0	0
13	46
0	28
0	921
0	55
0	35
13	931
0	440
0	100
0	106
0	106
0	100
5	62
0	39
243	23
0	0
0	0
33	81
2	81
0	13
17	13
20	346
0	76
0	77
173	960
0	808
0	346
25	0
0	1
27	97
0	293
892	293
0	0
0	0
0	0
27	72
3	6
0	66
842	198
0	198
8	0
0	0
0	10
0	0
162	26
0	26
0	543
327	572
173	7097
40	2236
173	467
54	7097
15	0
12	0
9	0
31	3
2952	0
22	60
0	60
276	291
3051	1
0	103
1810	880
0	99
0	14
906	92
0	92
0	30
337	232
0	0
0	232
1366	1307
0	1307
141	0
0	14
0	14
452	876
0	876
397	2922
54	2922
0	2221
277	3236
0	3521
0	924
180	1376
0	1376
0	0
0	0
339	64
5868	10943
0	9
0	7
0	15
0	20
0	63
0	0
0	0
0	58
0	63
0	63
629	258
0	258
105	0
136	0
11	0
9	0
887	0
0	0
32	0
0	0
14	0
68	190
68	154
0	102
7	191
7	1452
0	287
119	1452
0	552
5	686
545	1777
5	1311
62	0
3	59
0	3
0	59
0	41
0	0
0	0
5081	10
1242	42
0	42
2889	913
42	908
6	0
242	0
0	0
0	0
0	0
0	0
0	0
0	0
0	5
0	5
0	0
0	0
0	0
0	0
0	377
38	377
2	0
73	1429
57	1426
44	289
368	159
0	0
1154	1457
19	433
0	657
0	708
0	563
0	810
0	814
14	12
0	12
75	17
15	6
0	11
12	6
1	6
0	0
0	122
0	73
31	77
30	794
0	852
0	126
3	338
2	230
0	1047
0	115
0	298
134	1094
0	276
120	268
232	434
3	127
156	615
185	1759
0	53
0	86
2	1404
8	1716
8	14
0	2
2206	263
0	263
0	222
0	283
0	89
0	48
0	122
6	261
541	289
0	118
0	1042
0	7
51	1034
0	935
0	891
0	38
0	3
204	87
0	87
0	0
0	0
193	883
20	158
0	673
110	52
1184	18
0	18
976	0
0	6
0	6
0	6
3827	1
333	0
4	11
19	0
0	0
2263	0
3166	4
104	0
0	16
0	7
0	4
0	9
0	5
0	1
0	1
0	1
0	1
0	1
0	14
27	14
0	0
1840	1213
0	1212
0	335
5152	336
0	382
1204	383
0	0
0	0
3231	3
89	0
0	0
0	0
0	0
216	0
102	132
3	132
133	1357
0	1357
3	424
6	424
22	0
198	176
3	178
10	0
456	5
0	5
0	0
0	0
7	0
31	0
0	720
26	737
653	0
366	0
1	6
3	58
0	58
44	39
880	0
1825	20505
1	3028
0	1920
205	0
0	0
2060	621
0	620
0	0
21	1
0	0
0	61
191	79
0	79
130	85
2529	85
23	3268
950	5741
308	3209
3305	8672
0	84
384	143
119	226
0	56
40	56
0	52
0	52
0	2
118	905
11	3002
63	2970
572	1563
21	1563
66	0
0	546
182	546
0	0
0	0
4	0
0	148
0	11
0	104
4	29
0	107
0	391
52	391
1309	0
0	0
4	181
1135	1945
0	2047
9	0
0	0
54	183
0	437
22	2750
297	2748
655	11543
0	2118
0	8796
0	1614
22	11128
15	0
17	0
0	0
0	0
0	0
0	0
0	0
0	0
0	0
0	0
0	0
0	0
0	0
0	0
0	0
0	0
0	0
0	0
0	0
0	0
0	0
0	0
0	0
307	0
3461	1549
6	1547
0	152
250	152
27	0
17	0
0	0
6	17
0	2
0	10
0	46
0	46
4005	10112
7	10112
35	1839
0	1839
82	458
0	544
3275	120
0	114
9	0
0	0
139	0
322	533
64	227
2	208
71	208
1486	1201
0	1106
4	531
3093	3538
104	0
983	1
16	470
290	470
375	518
0	54
0	0
0	56
0	16
0	7
0	56
0	56
0	56
81	0
0	9
1461	0
0	0
8	0
250	0
1118	333
0	0
0	333
676	70
0	14
0	56
5776	2945
0	1436
1	1509
0	47
0	47
293	0
0	23
266	23
82	139
69	139
156	0
1712	0
12	132
0	132
3712	0
1714	0
0	3
0	310
0	310
0	0
450	1
0	0
565	175
0	421
13	421
9	0
0	0
0	18
0	18
0	161
0	418
0	433
0	0
0	87
23	87
27	133
101	230
0	97
28	24
1118	0
0	0
0	0
0	0
0	153
0	138
29	1
0	311
0	340
6	319
0	34
175	132
82	132
2088	392
0	392
559	2521
983	2521
252	1655
0	1655
0	9
113	371
60	546
51	85
13	40
280	2349
4171	1636
827	5026
353	0
0	0
0	0
0	0
0	1068
74	1068
1393	397
0	393
79	810
0	87
113	154
0	877
0	23
0	708
21	85
601	953
341	0
2	161
175	2
0	0
14	73
0	73
0	79
290	79
0	419
0	141
180	733
0	0
0	867
1136	0
0	57
0	444
0	516
19	542
2052	3561
0	699
0	3392
0	1995
25	2059
0	2059
193	0
329	0
6	80
0	80
0	0
675	0
0	0
0	0
0	2
0	2
0	2
0	680
677	680
4	0
0	0
1272	115
0	115
1062	258
0	3
2070	0
0	1970
0	84
10	1844
1051	2
3212	1
0	0
0	0
0	0
0	0
0	0
0	0
0	0
0	11
5	17
4	17
19	0
513	309
0	293
0	233
0	10
0	10
13	200
0	201
0	0
0	0
0	0
0	0
2478	0
153	17246
5	9455
0	1387
0	15583
4	143
0	3
1	143
563	0
34	2872
118	2862
9	1855
0	326
2310	1314
343	1193
0	1446
0	0
0	2
7143	2886
0	2885
0	0
0	0
13	466
0	456
0	466
292	406
0	334
8	105
87	107
0	107
9	14
0	14
0	7
102	16098
189	14880
36	14785
0	8331
6	12954
2	12915
348	269
7	564
0	448
131	533
5	0
0	808
34	937
0	937
0	937
5	4
0	4
0	401
12	270
483	1611
1	1579
0	0
1	114
0	755
22	364
10	1839
48	1802
45	2572
0	4213
3460	4216
160	160
3	160
0	19
0	19
803	183
0	83
1	576
1	381
3914	2897
0	2897
0	0
0	0
0	0
0	0
0	0
0	0
16	0
0	0
43	0
77	2
0	0
0	0
20	7011
13821	32872
0	32853
0	1
2	1
3	1
223	179
0	31
7	94
0	55
0	54
0	58
77	58
0	5
55	20
26	626
536	733
0	17
0	135
0	735
0	626
0	25
0	163
87	163
84	104
0	104
71	10
11	10
9	8
0	1825
0	1847
0	20
0	60
0	0
5	0
7	229
107	229
0	214
49	327
0	120
444	1
0	543
481	594
235	24
9	24
0	0
0	12
10	12
0	0
0	0
4	1572
93	1572
0	70
7	70
0	0
1	0
14826	1586
22	88
0	0
0	0
0	0
8956	0
325	689
0	678
0	688
0	682
17	29
0	0
0	1
13	1
0	1
9	5
4407	5
3	53
0	39
0	16
0	16
0	0
17	20
0	20
0	70
0	70
0	0
0	0
0	0
6	73
0	14
58	186
0	0
0	0
0	0
0	0
9	0
0	380
0	327
0	839
0	892
2634	4
436	0
47	1569
34	1569
15	1460
0	1460
0	1460
1181	0
332	399
14	418
198	0
108	0
52	56
5	760
246	975
89	725
30	125
6	14
0	14
0	762
544	1186
0	721
0	534
0	403
0	1785
195	2638
0	1940
0	0
19	0
8	0
0	0
0	1055
987	1055
8	84
0	14
0	84
0	0
0	0
0	0
558	0
208	361
0	139
0	27
0	283
0	7
557	2432
33	182
0	318
31	2210
74	2361
10	3
0	3
63	2888
3	2888
0	2888
70	0
53	586
0	586
672	2
60	0
339	19
805	1337
0	0
0	0
0	0
0	0
0	15
0	173
0	173
0	162
0	390
0	242
13	95
387	390
44	513
0	513
23	740
2803	0
7359	3330
367	113
3	51
0	56
0	60
5440	104
9	1191
0	1191
0	4
2459	0
0	0
0	0
0	0
37	1070
0	604
74	1503
0	362
17	1647
0	49
0	49
54	1895
0	1895
13	108
0	951
0	41
57	41
0	41
0	48
0	6
0	13
0	18
0	6
0	13
0	6
0	6
0	6
0	6
0	48
0	6
0	6
0	48
0	6
0	41
0	6
12	202
768	1015
0	1015
7	98
48	102
0	0
18	845
0	257
0	584
10	84
0	54
230	339
3825	346
0	2
463	778
29	778
0	0
3	0
264	4
0	4
7	59
228	327
0	124
0	231
179	2292
31	2292
211	3
1185	370
140	368
14	2
0	2
0	0
0	3
0	3
1505	0
0	284
0	205
77	131
17	996
54	928
0	0
38	0
1168	0
141	63
640	0
0	46
0	13
15	132
0	122
0	92
17	123
0	1908
0	237
0	2107
362	48
0	2115
71	0
18	0
32	3109
1629	3111
288	0
0	2601
7	446
0	102
0	62
98	2604
0	141
0	769
49	769
295	7620
132	7620
0	3
23	14
0	14
0	3
0	0
0	0
0	3
3041	1
50	146
0	99
11	0
0	0
0	0
0	10
0	10
0	29
0	28
0	107
49	136
2064	58
0	58
0	0
0	0
0	68
275	68
0	121
0	6
0	532
0	627
0	632
5	0
0	0
0	73
0	871
0	1703
63	1702
1761	68
46	1220
0	1220
85	0
0	199
0	208
910	2400
14	2234
0	0
295	0
0	0
0	0
0	0
0	0
31	5
4	0
605	2
0	9
14	8
0	8
0	1
3	42
0	7
0	32
11	0
0	0
0	16
252	52
0	52
179	227
1757	373
159	373
164	36
41	53
0	0
0	53
1382	4664
0	971
85	4664
106	154
0	40
244	0
99	382
0	382
1515	868
0	873
2	198
0	198
2875	804
0	804
9	345
0	286
196	1062
0	396
6	42
0	0
0	0
31	253
186	253
408	470
0	364
0	382
133	235
5	234
8	9
0	0
0	9
14	370
0	88
0	42
0	86
0	0
0	0
0	0
0	1149
5	1027
0	742
149	195
0	185
0	195
3875	12
399	514
12	182
559	2428
164	2426
0	1542
4	1487
0	1542
97	25
0	25
152	53255
0	13445
1677	57829
411	2051
0	863
0	1884
215	39
0	39
255	571
0	571
24	18
214	105
0	22
866	0
3	240
0	240
951	261
0	261
554	3107
16	3107
0	20
0	20
127	148
7	148
97	0
704	1161
0	1114
0	1058
0	1077
0	1145
0	86
30	86
0	0
166	0
443	134
0	19
0	0
605	2
0	1
0	10
0	10
2	0
1339	4
0	4
2605	1383
0	832
3334	2
0	0
0	59
0	17
573	75
0	0
94	177
0	138
64	0
0	0
0	0
0	0
21	0
0	0
284	1012
50	103
0	255
7	898
0	7
0	4
0	7
0	7
43	0
169	0
64	217
1	217
31	930
27	930
0	141
1	148
9	7
0	0
84	0
0	772
41	772
1244	295
28	294
6	48
0	15
0	18
0	45
2	177
39	155
110	900
0	837
1697	1120
0	1115
0	206
0	0
0	12
9	0
6	0
0	8
6	1913
0	35
0	0
6	1913
6573	3
583	420
75	806
8	1040
0	327
64	576
0	576
535	4
0	4
10	4
5	3983
0	3512
21844	9537
0	3437
21	0
0	246
56	246
177	1438
1	1352
0	1046
259	1467
0	1371
0	1353
0	182
0	0
0	2456
793	2456
0	41
20	554
0	312
0	27
0	15
5	15
5952	6
0	0
0	4
1945	1737
0	1736
2	0
0	0
0	831
382	1430
0	611
0	600
114	13
82	0
253	361
0	135
0	122
0	122
0	107
0	122
0	120
0	78
0	57
6	314
0	91
0	314
63	0
115	0
466	0
0	0
0	0
163	85
3	85
639	0
246	3356
0	3357
0	3101
0	388
7129	1597
0	1377
0	432
545	1245
143	1245
3154	70
0	64
0	0
0	0
0	0
0	0
0	0
5	29
0	17
14	17
5	535
4982	1045
8	1045
355	1670
40	834
12	2572
3	5
0	5
39	83
0	83
1	310
0	45
4	214
0	103
216	144
316	461
1414	688
0	0
27	34
0	2
0	31
0	0
0	10
190	2783
30	4058
41	1700
0	4209
0	18
674	1406
121	1413
83	58
1	74
0	4518
47	4518
670	0
93	40
0	0
529	61
0	61
2	30
5	9
7	10
0	10
0	0
0	0
16	0
0	79
18	195
141	2030
0	377
0	239
0	248
1	1895
0	0
378	1676
1323	9522
60342	9551
139	1820
0	1294
0	0
0	0
0	0
0	339
0	77
838	0
0	63
1086	357
12	251
3	292
0	0
17	14
2783	7
0	0
14	0
27	90
599	239
71	239
58	4
541	30
58	2358
0	2358
11	21
0	54
0	152
273	152
0	58
0	50
0	36
13	58
0	0
0	4
0	4
217	81
0	81
6	0
155	1226
5	1163
85	1214
28	298
304	298
0	0
36	130
0	1055
4	39
0	1326
0	1342
0	1117
0	1156
3284	1188
0	1217
0	1169
0	584
8	0
0	0
50	32
0	32
1103	584
0	0
0	0
113	0
0	1
0	1
0	1
319	240
0	23
0	0
19	0
2105	3088
0	3087
2675	0
15	0
2378	1
0	363
0	397
0	77
0	29
0	40
14	124
0	73
188	167
0	95
0	206
0	152
459	370
331	500
0	3
0	3
0	3
0	0
37	204
0	105
2956	1
3	0
0	0
0	0
0	0
0	820
0	418
322	820
1314	0
0	0
209	0
317	0
0	0
56	366
289	366
0	144
29	144
10571	22
139	93
0	15
0	93
0	50
84	6938
0	1142
5	2392
125	6290
90	0
0	0
0	1
0	1
0	11
83	0
198	304
0	1132
358	6017
26	6020
0	28
455	0
14	22
0	106
612	106
65	0
59	3283
0	543
29	4546
78	2383
50	7267
4359	399
0	397
1	46
0	0
0	46
0	46
0	42
51	338
9	40
0	338
147	0
0	48
0	48
0	0
232	290
0	290
332	0
617	4762
0	4762
255	28
0	28
0	0
0	0
0	0
2725	842
5	842
0	0
0	83
0	303
0	67
0	123
0	303
49	254
398	0
703	245
48	245
2	9770
0	8901
0	6102
2176	0
218	125
10	117
0	54
0	50
14	46
10	8
27	182
0	182
0	880
531	1151
0	1023
0	0
229	3653
0	5460
0	2638
48	3608
860	0
8	0
0	0
0	0
0	0
0	479
0	4
582	0
0	572
0	39
0	237
32	1077
0	193
46	949
23	198
0	198
2300	0
1935	44
0	44
0	0
343	2292
5	218
368	2292
0	127
0	15
437	188
0	161
434	0
0	18
0	0
847	2
118	0
0	134
338	299
0	44
17	256
107	0
298	929
0	0
4	929
12869	4827
242	139
0	139
211	0
0	39
6	39
0	179
0	20
0	770
63	949
0	6
0	0
0	0
0	6
0	0
0	0
2	0
0	0
738	956
0	673
315	236
0	2
3	2
0	33
0	4
0	37
3	15
162	15
71	1067
0	380
0	1067
0	322
778	2263
0	405
5	2114
125	0
3894	0
81	127
0	3079
0	1024
0	51
0	3055
7	2839
213	0
12334	2843
0	2827
198	0
0	0
0	0
160	122
0	32
0	111
0	21
0	11
18	11
219	0
26	0
90	2799
13	2799
0	7
388	222
145	0
3	4
24	53
901	795
56	848
62	0
22	0
0	925
173	925
3	40
1272	9463
20	160
1	9423
36	9037
0	9180
52	191
16	191
0	0
245	2
0	2
0	21
0	10
0	46
0	34
0	418
0	426
0	0
0	0
14	65
0	65
15	0
6	32
204	43
0	27
0	27
0	29
104	31
1035	2
11	0
0	0
6	0
0	5067
111	5312
0	67
0	78
20	102
49	100
9	424
18	373
18	60
0	346
0	6
28	6
7	294
0	292
298	0
5	0
25	178
9	178
0	0
25	0
97	0
102	8
0	74
0	196
1562	707
0	0
0	0
0	0
123	0
0	0
0	0
36	398
9	426
582	939
14948	943
17	4
0	0
0	19
0	62
0	44
0	1
145	70
295	484
0	484
0	507
4	507
0	3190
28	519
0	327
0	327
0	3237
2905	6374
9	6372
1243	735
488	735
0	0
0	0
0	0
0	0
0	0
0	0
466	0
282	0
0	29
0	29
1158	0
9987	5
0	8
0	8
4669	0
3338	7
0	56
0	64
0	64
30	572
0	326
0	340
0	68
0	188
0	0
0	0
547	1
0	0
0	0
10	98
0	78
74	92
5	0
3	0
69	0
3470	3480
0	536
0	335
1359	2
370	0
0	18
0	6
0	25
15	195
0	39
0	177
153	1180
0	1180
4	9
0	7
0	0
0	0
27	29
0	22
0	22
0	22
148	0
20	101
9	102
0	112
248	0
210	146
126	87
35	87
4	0
0	0
83	786
0	1262
0	1053
0	278
447	1582
79	1407
630	3
432	531
0	283
471	0
0	2
0	0
1	1749
0	1749
26	1751
3	1741
0	1749
0	1749
341	206
0	206
0	200
0	0
0	59
0	1
0	59
1	1
1761	1
10	14
2	14
6	2254
13093	2254
0	0
0	2
0	2
0	8
484	171
2	163
0	8
91	8
1	0
0	18
8	18
0	4
0	0
0	353
0	109
0	113
0	237
0	0
26	5
33	330
0	330
456	1
1	407
141	407
90	59
11457	2618
0	2614
0	17
327	17
0	0
0	9
8	104
0	86
0	95
1	17
0	17
0	0
0	0
0	0
0	0
0	0
0	0
330	0
45	107
0	0
7	249
0	62
0	17
0	94
0	10
0	98
0	0
17	0
100	0
69	0
0	0
553	2650
42	2650
7	0
78	23
831	0
135	725
3	690
7	732
926	0
0	0
2191	296
0	195
55	977
1	982
9	0
3	344
0	152
32	344
75	0
3101	1
9	0
45	32
19	32
0	427
47	3401
94	3401
0	145
24	711
0	711
37	494
0	293
0	144
1086	547
152	34
0	34
0	5
6	210
0	120
0	210
0	0
5	0
1919	2626
2	232
138	1733
0	1734
0	1571
4019	740
17	790
0	75
0	75
4	65
0	93
1628	648
0	108
55	292
0	93
0	887
0	12
0	12
0	12
0	9
0	9
28	9
28	9
494	0
0	95
72	121
6	121
0	95
21	9
0	0
0	0
0	0
0	0
0	0
50	0
10	141
0	141
0	131
19	8
1332	1263
0	1249
0	1271
496	0
1821	4
23	0
17	0
0	9
43	9
1105	0
0	0
0	0
0	0
0	0
80	0
343	533
23	533
1	405
0	405
34	98
0	89
0	9
0	3259
9	664
7	449
7	278
171	4353
0	2464
3216	3
526	5
0	5
29	42
2540	971
65	163
0	977
0	0
0	0
0	25
646	25
12	0
229	193
229	0
1	3
0	0
0	3
0	2
0	2
0	0
0	0
12	0
2	0
0	36
0	115
426	246
0	78
0	176
8086	2
125	1018
0	734
13	1029
62	0
0	92
0	57
0	0
3	15
0	0
4	0
0	24
0	24
0	15
14	559
1028	552
835	1810
0	1810
0	1369
672	1280
0	913
0	0
0	0
7	84
0	242
228	319
0	84
89	561
1	40
0	39
348	447
0	20
0	11
27	1011
0	1011
1605	0
72	0
0	25
50	190
0	103
0	119
0	161
0	116
452	1195
0	1192
167	180
0	180
410	706
1063	0
310	0
0	0
0	0
0	0
0	595
0	236
7	573
0	37
0	396
68	2797
0	2610
0	2724
0	2705
119	35
0	35
227	604
0	604
2312	1
66	0
60	1489
0	52
0	1478
59	1440
1196	0
1080	0
6	45
0	45
17	93
0	9
0	9
0	0
0	0
0	0
187	334
7	278
0	0
28	90
10594	8
0	0
0	0
0	0
0	0
0	40
0	68
0	68
642	442
1	441
0	0
0	250
7	49
42	57
6	268
3725	338
32	257
3	308
4	8
0	173
20	4262
0	4134
950	1527
26	1526
4	1207
0	340
0	1207
4	50
4	50
0	0
861	166
0	166
208	0
4299	2
4076	1
19	0
0	0
0	0
0	0
0	0
452	64
92	0
2183	121
0	75
160	75
31	568
382	568
0	0
20	19
0	19
0	0
0	0
180	632
0	632
0	597
17	550
0	191
0	60
13	30
0	2
0	40
0	51
428	8947
0	8167
194	3982
8	3825
0	2565
0	4003
3773	7
216	0
0	0
9	23
79	23
144	0
0	0
0	0
24	63
28	63
13322	13
518	1905
37	1906
0	7
0	7
163	0
37	0
10	0
37	135
0	134
0	0
127	145
584	145
297	0
6	0
0	0
0	0
28	0
0	646
0	520
0	269
394	790
0	779
126	684
28	0
1149	1
617	0
0	0
0	0
1130	0
0	142
48	1593
60	1593
13	15
0	1
0	14
0	28
0	0
0	28
0	216
31	216
0	0
2	0
0	0
17	0
28	1
0	1
0	0
0	0
0	752
302	836
0	477
1648	1
2238	1667
0	1664
1539	123
29	121
226	5
0	10694
40831	26362
0	18296
0	0
0	0
1044	0
0	68
9	62
2001	1410
41	1409
3830	776
0	776
0	0
159	0
549	0
5	22
7	3
55	203
679	702
0	643
0	643
0	1052
0	34
4802	3228
6117	3242
158	0
743	1282
7	530
0	1278
0	98
11	613
0	197
0	167
0	576
0	216
1	334
1319	2309
0	2053
0	2210
0	1505
0	1903
24	2207
6955	1
21	20
1087	3
0	8
488	0
175	130
0	8
0	122
65	2455
0	297
26	3547
0	3460
1086	0
0	0
88	5
1962	471
0	468
197	5063
1216	5063
2798	0
247	0
3358	2
0	353
0	312
0	312
0	315
33	362
0	78
5	362
30	362
146	5997
7543	5998
4864	1606
0	1122
2	436
0	0
63	10
0	10
5	12
0	0
0	0
0	0
11	10
0	10
11	0
2720	3019
9	2554
0	1777
0	1616
3208	607
0	399
0	203
6	103
0	27
0	32
0	103
0	5
0	318
15	71
9	22
34	238
0	186
15	278
42	225
0	225
84	0
62	737
23	737
5587	2
0	0
1	44
0	45
85	83
0	0
1102	1570
0	1570
0	1570
575	0
3072	1
62	0
29	124
0	23
0	118
0	0
12	0
0	244
0	30
86	378
5	323
5770	0
0	52
112	269
6527	1134
2	14
0	449
0	526
0	344
0	99
0	35
690	743
2	664
0	0
734	506
145	347
0	115
0	436
3255	0
0	0
12	0
5479	1815
0	1154
0	348
0	118
0	541
170	83
0	8
0	0
0	8
566	0
79	637
8	560
0	316
11	87
0	128
4	64
0	3
0	27
0	61
0	61
0	50
6	6
2706	1476
86	1474
0	2388
0	2388
0	2388
696	2388
0	0
0	0
0	0
0	0
28	0
0	0
0	0
92	40
0	40
83	456
0	456
5	1517
0	659
6	1537
0	12
0	0
0	12
25	79
0	79
0	0
9	103
0	96
0	103
0	103
0	35
33	35
747	444
208	124
3	124
573	0
0	754
0	503
329	754
23	531
0	17
0	9
0	17
23	73
0	212
0	184
1	126
103	518
30	999
19	92
2244	999
1896	299
0	285
0	14
209	0
0	247
38	247
0	5
3	5
11	31
2256	0
9	3
159	3
411	1
206	1234
2	314
6	275
6	952
0	953
0	0
0	0
1661	649
0	1171
1013	1620
246	583
0	583
1444	0
0	0
0	0
0	0
264	0
0	42
18	54
2193	90
0	86
0	29
0	410
0	5
0	432
0	34
0	6
9	6
0	19
0	0
0	19
1446	588
0	588
135	248
23	248
0	0
0	9
0	9
0	0
0	0
0	0
0	0
0	0
47	0
0	0
0	12
0	18
0	0
21	18
1476	2538
0	1948
386	1
0	0
0	0
4264	3
0	7
1660	104
4	0
6261	6
0	2
0	60
23	60
0	14
0	14
0	14
22	0
8	33
309	260
0	260
0	0
3476	2135
0	1332
245	1906
0	69
42	69
3	90
0	59
0	104
0	445
14	30
96	445
41	100
0	2
0	98
24	69
0	69
0	370
0	370
36	0
1076	3
185	0
1	380
0	399
0	34
2234	0
0	0
0	1
33	46
8	0
0	19
0	19
0	0
0	995
500	1045
0	980
13	204
0	204
792	1267
58	446
674	949
5063	3072
0	3068
920	2896
0	2361
696	1
0	70
0	19
0	30
0	23
1	17
0	35
0	17
0	10
0	30
0	2730
189	2730
152	811
8	519
3	47
139	910
42	441
261	441
0	0
0	0
0	0
140	0
0	0
0	0
350	0
0	386
91	386
0	28
2128	1376
0	134
0	1376
0	0
0	0
220	0
8943	8
0	0
638	0
72	0
689	0
174	132
0	0
0	132
220	14882
0	2353
0	2406
32	14486
809	14480
0	8888
0	8741
0	9556
0	9703
0	67
0	113
0	549
98	469
0	457
0	0
0	0
185	506
88	85
0	462
4	834
3627	834
235	1301
622	1301
1215	0
0	10
8	27
0	10
916	27
0	718
0	223
0	718
8	1
0	710
159	710
0	4
6	49
0	49
0	0
0	0
0	0
211	528
0	528
253	0
592	63
1376	0
0	179
0	10
0	19
27	177
155	241
3	243
444	702
0	702
0	12
0	89
0	23
0	186
0	67
28	247
8	196
13	212
0	226
0	226
0	0
0	0
0	0
0	0
2	9
1385	10
915	0
0	0
215	62
1416	7
0	0
0	0
0	0
13	1158
0	0
5	1158
96	141
0	91
0	7
0	85
0	12
0	119
2	156
0	131
0	124
0	149
5665	2
799	576
0	576
0	0
0	0
0	2
0	4
0	0
3	6
4	0
0	0
0	0
258	326
0	326
240	0
10	749
4	756
1	770
0	760
346	781
541	886
2	8
0	8
3	902
0	36
0	13
0	241
0	23
0	5
0	67
0	211
38	0
3346	8
35	0
12	0
2	220
0	220
0	106
5	199
0	68
0	858
0	692
4402	1
0	477
0	488
0	323
0	488
34	485
6	481
0	333
52	530
0	142
5	2
0	530
1268	0
0	0
17	2561
300	2561
521	10
0	10
4	0
0	0
0	0
69	0
450	1280
0	904
0	1110
137	0
73	866
0	693
5	165
0	363
0	165
331	185
0	265
5	265
43	150
0	150
0	0
0	0
0	0
0	1261
247	1261
1	139
0	859
1218	0
0	41
9	3
6	41
2469	0
4162	2
0	145
0	12
0	12
0	145
16	135
0	135
3	280
0	280
0	54
0	20
60	55
2287	0
0	58
9	58
11	0
638	1209
0	1208
0	0
0	0
127	0
0	0
0	0
22	525
0	84
0	125
0	35
8	525
0	525
245	62
6	62
0	31
0	0
0	0
0	0
1981	0
421	2463
4175	2461
0	2130
315	0
0	0
0	0
0	0
23	2
135	577
457	577
0	0
5	0
296	829
16	829
25	52
0	89
278	89
829	402
248	0
0	0
0	0
0	2
0	20
220	22
20	186
0	0
332	186
73	24
0	0
0	24
337	117
0	117
541	179
3	100
0	79
247	0
171	19
0	19
4114	0
25	136
0	14
0	14
346	0
0	656
0	636
9	286
0	622
280	487
0	487
53	73
5	73
6	77
0	41
5	242
0	58
0	1832
0	1776
0	0
215	0
0	0
0	0
236	337
0	0
0	337
18	337
180	0
131	137
0	121
0	119
4	838
0	838
0	0
114	0
0	0
0	0
765	1
24	635
0	570
0	339
0	0
0	0
0	13
0	13
28	6
0	6
0	0
280	0
1044	1489
0	5
0	0
97	0
0	22
255	22
0	15
42	145
1981	1610
0	1235
5	318
20	356
0	1176
32	1400
378	1
8	0
0	0
659	1
96	1
0	1
0	5
31	5
0	5
77	0
31	4
5	258
1980	258
0	0
0	0
375	0
701	4151
0	4151
0	11
115	235
0	235
971	316
10	316
2239	0
0	11
99	11
382	523
0	155
4	297
0	381
0	8
0	2
6	608
4	608
0	0
0	5
0	5
600	391
0	391
0	385
0	0
352	181
12	181
0	35
1000	272
38	294
0	294
310	256
0	256
0	0
0	179
0	179
0	59
1070	4861
172	1113
70	39
0	3
0	5
0	0
12	1411
12	1411
54	170
82	7
0	0
0	156
0	163
0	74
5	11
0	0
0	398
0	447
0	1672
0	2095
0	1831
25	2048
0	0
0	0
0	37
0	37
0	8
0	8
56	64
0	64
0	1
101	0
0	4
4	20
0	20
0	3
636	1380
557	1380
0	1377
0	0
0	1
0	1
0	0
0	0
347	5246
0	5246
0	5188
0	5335
356	294
0	294
0	0
0	395
0	368
0	305
0	0
0	0
0	0
1	0
0	11
0	11
0	11
0	34
0	43
20	169
0	53
21	169
0	16970
36919	16987
0	96
39	492
0	492
889	0
392	0
4793	7
94	14
0	0
58951	8835
420	0
0	0
0	1281
0	1278
0	26
0	0
0	475
0	426
0	441
0	475
0	478
270	353
0	353
1618	0
412	273
313	273
208	0
908	0
455	71
0	71
264	317
0	317
0	55
114	58
198	271
162	271
0	0
0	7205
128	7205
93	7018
1889	1241
1	130
0	1239
158	18
14	0
4057	1863
15305	4
58	1741
385	1741
3	7
9	906
541	1083
15195	3420
0	54
17	3415
0	0
0	0
736	292
0	272
0	211
3	164
0	5
0	5
0	5
36	0
105	0
0	44
0	35
19	423
0	74
20	418
0	59
0	53
0	75
0	365
4	381
0	266
1404	266
3	25
0	23
0	12
1268	2413
18	0
3	0
0	0
0	233
0	59
0	73
0	0
6	0
49	2297
0	743
162	2479
2	0
0	0
336251	54558
7657	1
0	0
6	0
0	0
851	0
0	0
11	8
0	3220
42895	3239
0	81
88	81
0	0
4	2235
296	2235
0	0
0	0
1049	184
0	184
20	0
321	0
33	50
1	66
19	19
0	28
0	28
2160	0
0	8
0	8
2081	683
1546	0
227	42
4395	0
10	2175
1377	2175
0	0
0	548
0	848
112	1195
34	0
4	7
0	0
0	7
0	0
0	0
132	447
0	0
0	0
0	0
0	814
90	1260
85	1260
0	413
0	747
715	1076
14	2722
0	86
0	2699
6	373
82	2699
0	0
0	0
0	0
0	0
30	2612
27	2612
595	336
0	336
19	94
0	19
0	19
5	10
0	1
724	1068
0	162
0	65
160	65
42754	18
1491	53
0	22
0	31
0	0
0	0
0	8
0	0
114	8
431	9665
39	9724
0	9724
0	0
0	0
901	0
0	18
169	18
0	3
0	0
0	3430
57	3421
38	3416
0	2043
0	3480
0	3471
11500	7080
0	7074
115	104
0	0
12	11
0	429
0	429
1372	2662
0	2662
0	37
17	95
0	0
0	0
0	0
936	0
0	10
9	0
0	10
0	0
0	6
0	6
0	0
834	401
0	401
0	230
6400	60
3	57
0	0
759	0
0	8
17	8
0	8
0	113
49	113
1084	1
0	0
0	289
26	2209
0	2209
20	97
128	0
6	5
6914	310
0	293
0	293
22	293
0	257
41	493
426	941
0	580
6	609
194	0
0	5
945	0
2	3
42	8
0	8
684	0
414	2809
34	2809
0	1173
2696	1
88	141
2	205
553	205
1014	0
2	0
2	0
7	99
34	99
178	1284
973	1285
0	4878
4432	8528
0	3834
0	1267
469	0
25	27
0	56
27	94
0	54
0	40
0	40
0	54
0	54
0	0
0	1
1880	288
0	221
0	23
0	43
98	18
0	18
20	0
0	0
2	34
0	34
82	539
0	797
0	780
9137	1
1115	0
4449	2784
17	0
143	0
0	2
13	199
859	0
0	637
310	637
2940	0
0	3
0	3
806	0
24048	15
480	1634
0	1634
0	1524
572	680
0	162
5	0
0	5
32	1485
152	1485
0	0
0	0
19100	8
6	867
0	376
0	125
0	827
2	758
3	758
3400	1626
105	1622
450	0
0	9
0	9
34	9
0	525
653	525
0	0
0	0
1375	963
2037	1185
0	1170
37	1141
0	0
0	0
186	604
0	604
0	0
0	7
6	16
0	12
2468	27
0	26
0	5
0	5
278	2015
4	1969
3	1798
0	0
0	0
0	0
0	0
0	0
11	527
0	139
182	0
481	784
70	0
119	160
29	14
0	14
0	9
1287	4
2167	1362
0	1362
112	133
0	133
28	0
0	2
0	2
386	81
0	81
0	0
25	0
0	3
0	13290
2	15918
11	16087
14	16581
0	5020
4784	22417
11	3
0	3
34	1157
10	1157
0	0
0	0
16	0
0	0
26	0
68	316
33	316
5	52
28	68
1721	0
21	3675
0	1151
352	3506
10	61
7	16
0	61
2374	502
933	502
0	0
123	2895
0	735
0	2895
653	200
0	200
844	0
181	0
246	196
74	58
6	201
6	208
0	11
621	1063
857	1060
545	386
0	385
0	621
1978	621
1846	223
865	223
1655	0
991	0
9	38
0	35
0	26
0	35
0	16
180	131
0	8
0	0
0	0
0	8
5426	8
0	2
0	0
0	3
0	3
59	5
0	3
0	0
442	131
769	0
0	0
0	0
34	2
43	0
0	1
0	0
0	15
23	15
0	0
0	0
28	0
2193	5
0	18
0	18
0	6
108	220
0	84
0	0
0	0
35	226
0	215
0	226
0	0
0	0
0	0
0	207
22	231
735	0
646	1008
0	1008
0	0
0	0
0	0
12	122
52	123
8	0
0	0
1842	0
294	0
0	1165
0	63
22	1180
0	0
32	0
2	0
0	0
53	8
0	42
0	30
209	42
0	685
1900	685
0	0
0	0
0	687
108	646
39	429
0	8
0	81
0	81
45	0
0	3
10	9
0	0
2552	1142
5	1142
27	1
0	0
109	0
0	20
0	1658
0	200
10	0
4	76
15	1735
0	1648
0	1718
0	1737
0	164
15	374
305	4865
18	4865
0	0
0	0
0	0
0	1106
545	1106
2854	746
1169	0
39	6
0	0
352	0
47	438
0	30
0	12
0	0
0	0
0	12
91	0
4630	2321
13	2321
25	0
0	0
3	0
76	0
0	257
0	264
916	326
0	257
464	153
547	170
0	170
27	0
41	335
0	509
0	318
587	1064
0	0
17	6
0	6
0	0
0	0
0	0
6691	7
29	951
2	19
178	951
0	30
635	1182
1	97
0	1192
462	41
322	41
27	201
9	98
0	103
0	40
8	102
0	1224
3239	1228
319	0
151	15
0	15
0	15
91	0
0	4
0	4
273	4
35	0
21	56
0	56
1788	0
16	12
1454	0
0	10676
10	15650
3	13527
144	18675
0	10364
0	5
0	5
0	5
318	76
11237	1
0	14
0	14
19930	12
8	35
0	35
40	105
4	74
111	105
1119	3635
11	3635
45	0
341	1589
50	433
100	1589
10	17
0	356
0	33
6006	356
1210	0
0	0
157	55
0	55
0	55
0	2628
8	2508
38	2533
0	2615
3	40
43	51
0	38
28	164
0	215
49	0
0	3
921	133
0	7764
1928	7897
0	0
77	541
0	103
23	541
22	34
681	13575
0	8048
102	8023
1	13656
0	462
12	468
0	468
343	621
0	211
450	0
2654	3
11	211
11	0
83	0
965	52
0	52
7	43
0	224
0	238
0	67
213	67
0	5
46	39
0	39
2713	1449
0	1062
8	690
9	635
303	0
0	0
3	63
120	63
17	0
0	0
0	0
1733	145
1746	0
39	13
249	4530
0	153
0	1013
0	3749
2	2996
76	1104
23	688
0	196
0	361
0	2960
6	0
2	9
0	9
0	9
0	9
420	0
77	442
0	193
0	1836
27	1836
9	3983
6	4361
26	221
121	221
3802	638
0	635
12	0
22	12
0	0
0	0
0	0
61	295
0	295
1525	0
0	0
0	0
0	0
116	57
0	57
35	23
130	23
40537	30
35	779
0	779
510	121
0	121
0	50
167	134
0	109
1299	0
0	0
10	0
600	19
0	19
409	959
76	957
330	0
4	35
0	35
314	42
0	42
13	263
0	0
0	0
0	0
0	0
208	556
0	556
0	6
0	0
72	28
0	28
0	0
0	0
27	38
0	37
5	23
7384	6
0	390
0	7
0	59
55	60
0	74
0	51
67	51
221	4
3	0
0	0
0	0
0	0
0	168
0	166
209	120
0	4955
0	4708
11105	4956
10	1151
131	1151
185	0
81	13
0	0
0	13
0	0
36	1021
0	1021
8	40
0	34
17	48
0	0
0	0
3862	1
2979	762
70	760
0	0
0	34
0	0
80	39
272	287
0	131
0	62
5	356
0	287
0	0
0	0
0	8
460	8
50	83
0	83
0	83
7	100
0	13
40	11329
287	11329
0	0
2354	0
0	5385
0	2594
4	1770
0	3713
0	4934
10	5467
4516	1289
0	1283
1197	39
0	39
0	0
75	0
3938	1525
89	1520
0	1604
0	312
19815	2535
180	38
0	38
601	1814
0	153
36	135
0	132
11	1814
0	2
0	2
0	5
0	5
0	5
834	382
0	377
773	0
3712	942
0	295
338	939
2	0
7	1369
0	25
1331	1369
0	0
287	0
14	8
17	35
0	19
1551	327
0	670
0	503
0	58
180	58
0	0
0	0
1093	0
251	10
0	0
0	0
0	0
71	2859
16	2859
9	0
3393	1759
5130	5734
0	5733
0	886
105	5248
0	201
92	5249
114	551
3	551
1872	0
109	1204
14	1204
28	0
0	136
0	50
196	181
269	282
0	282
0	83
0	244
210	244
1125	0
0	0
213	1
81	1223
0	1223
0	672
15	672
77	0
13	145
0	3
0	91
1	128
0	1899
0	741
0	318
0	2216
0	1058
7	2392
0	107
18	107
126	21
0	0
12	8
196	8
346	0
170	114
281	0
7	0
0	0
0	0
0	5
139	2127
39	287
0	2033
1503	1069
95	1069
125	0
359	0
0	39
6	39
0	0
249	2098
7	2098
1397	0
84	3456
3805	3538
134	261
1259	0
1335	408
0	17
37	398
1577	0
426	5
0	7
0	0
0	7
0	7
0	0
0	93
648	3924
1768	3832
4	92
0	0
0	0
5	16
0	16
3	0
387	401
557	290
0	284
0	52
0	41
0	38
0	38
0	11
0	10
0	73
0	40
0	7
78	0
38	28
0	15
95	275
0	118
0	145
0	458
0	374
48	464
0	13
0	0
0	0
430	0
0	0
0	23
5	377
2	47
24	360
13	0
34	0
39	555
5343	315
0	314
6	0
125	2
0	2
943	1170
0	427
0	1166
0	82
0	82
0	59
49	258
0	87
68	253
615	0
0	0
0	0
0	0
193	0
166	0
0	0
204	0
7562	2590
0	2585
318	0
609	91
0	91
4	0
667	0
23	252
0	217
0	223
0	285
12	69
3	103
2142	1165
0	993
787	0
116	1933
12	1462
3294	2728
14622	6
2	51
0	32
0	51
0	51
333	5029
567	1011
3	1011
0	0
0	15
25	15
211	0
1	424
509	617
0	107
0	224
0	146
0	0
7	0
3	31
0	7
1393	753
897	0
3188	0
1626	143
0	143
24	269
0	1
57	126
3081	385
0	246
2	396
0	89
0	89
0	3
0	14
0	8
936	2615
0	46
0	2618
15	2649
41	80374
1927	80361
1860	80378
2489	80355
0	0
75	25
346	25
1857	776
0	776
0	28
0	34
570	35
4450	2
0	0
0	0
153	0
258	0
266	0
62	171
669	171
0	1529
0	1539
371	0
12	211
0	1548
0	1558
6617	0
29	0
215	0
0	6
0	11
0	0
0	0
0	0
40	11
1072	0
190	77
8	7
1	7
2546	1
427	445
0	162
0	224
130	0
3116	343
16	342
0	8
12482	5679
0	5678
0	0
49	3201
13	3201
17952	11
191	451
0	1
66	452
0	77
128	77
0	78
178	1943
445	1943
533	50
0	50
36	168
87	640
0	121
0	61
0	5
0	160
32	3
78	14
0	0
0	13
0	64
103	64
6042	6780
0	6120
0	672
0	6491
0	6345
0	9
0	0
0	0
2226	1299
1020	1
7	51
0	48
9	648
45	17371
27695	17389
0	806
0	422
0	407
0	407
0	407
51	0
511	1792
10	1681
0	662
40	1939
0	441
64	74
0	18
0	1
74	625
527	417
0	417
212	679
0	679
10	117
0	117
0	16
21	0
9786	3472
0	50
2	0
1877	0
52	723
0	723
17	414
2	11
0	42
0	0
0	42
0	35
0	115
0	37
3	318
78	424
10	0
39	107
635	108
1241	657
0	30
16	657
0	89
61	88
6	75
0	83
3	16
1273	0
5	107
0	107
280	2300
0	2300
97	110
0	110
0	104
14	907
0	5
7	368
0	368
0	0
0	0
0	0
0	0
10	10
0	10
33	2382
1191	2383
0	2120
190	1320
55	222
1742	1243
49	362
0	1093
200	2891
0	2891
0	0
0	0
643	5
0	0
11	0
0	0
260	1124
0	62
21	1256
0	318
35	345
0	161
0	206
0	54
9821	20
15	144
0	144
0	204
0	220
0	214
0	52
1054	261
0	244
0	133
3	152
0	104
0	152
18	1
0	249
2	249
180	0
2218	2
23	550
104	584
44	584
6922	3
1160	6
0	6
2	0
0	639
1803	741
2	2
0	1380
0	218
718	1598
49	0
662	13
237	0
0	0
0	0
107	0
0	270
0	237
676	307
209	341
0	341
0	71
0	3543
1709	3543
99	80
4	80
0	80
0	12
9	12
44	0
0	33
21	39
35	454
1493	454
6	182
0	182
0	0
6	2
0	2
35	0
2657	0
0	464
386	464
2061	565
0	3
0	181
57	181
0	412
0	306
487	697
0	270
0	0
0	0
0	4
1	38
2	1684
6296	10726
0	3791
0	10268
7286	13
136	88
35	0
6295	3
2	0
81	90
0	90
53	0
3613	2
1322	324
0	328
0	279
159	182
1200	182
5	793
0	436
0	775
0	775
17	215
0	129
0	85
0	80
0	208
0	149
27	213
0	0
105	0
4	273
0	1282
460	1287
46	0
0	13
0	27
4	1338
0	0
0	1317
0	190
93	1342
0	1330
1714	0
146	798
3772	1835
0	353
1718	353
31	1775
120	211
2794	1717
5	277
545	607
0	600
4789	4891
0	4889
17	41
0	41
448	174
0	7
0	167
0	282
66	280
685	85
111	0
0	37
0	37
0	0
0	0
74	278
22	278
19	689
52	689
0	0
0	0
0	0
12	10
0	10
28	0
265	0
0	0
0	0
0	0
202	813
80	249
1	1071
0	103
78	2734
0	2734
0	0
0	0
275	0
3808	11783
16	4120
17	7718
33	180
0	13
957	0
377	251
0	251
0	133
0	0
40	207
0	162
9	277
766	277
0	0
0	0
0	0
0	0
0	0
0	0
0	0
0	0
378	173
0	173
175	126
0	103
0	1360
36	2680
0	2680
291	3509
2	3509
1367	200
0	5
89	195
0	175
3531	175
3362	2
3170	37
0	37
5	0
0	0
0	15
0	7
0	38
10	54
0	97
219	102
6	0
2946	2
0	15
222	246
0	41
0	5
0	230
0	231
0	0
1	0
32	258
0	258
0	931
93	931
1212	2
0	0
0	0
210	1903
0	0
148	147
0	70
10	1926
0	1
0	0
3072	1311
6	1313
0	1365
48	440
28	45
21	440
0	427
75	0
144	252
18	1464
2692	2271
8	806
2886	1935
3149	1
94	0
473	0
601	0
180	295
8	295
6	242
214	242
0	0
12	0
3676	10
0	0
0	0
112	396
0	644
0	644
1978	918
0	922
0	922
73	1711
0	378
271	2089
357	374
13	0
732	0
9	0
39	31
0	31
0	4
21	4
76	102
98	35
0	43
28	43
708	0
303	0
3	0
38	203
13	203
0	0
50	4
0	0
0	4
0	0
0	146
1623	146
23	2356
138	2714
12	1023
6273	2438
0	0
218	0
5313	777
31	546
5067	265
0	256
0	0
0	0
0	0
134	0
62	736
500	736
0	6327
0	34
0	107
0	6354
120	6522
54	6530
0	6633
0	6589
5	0
0	0
1	0
0	0
0	6
5	168
0	108
1338	194
5	91
2996	91
1986	0
0	0
360	0
0	0
0	0
4	0
0	0
47	523
45	523
14	2976
3011	2976
940	0
51	0
13	3
0	3
0	5
0	5
0	7
0	5
9	7
43	7
1497	372
0	365
0	0
0	99
0	99
77	0
12	9829
12	8773
9	6482
68	11455
102	14308
3003	14829
0	588
449	588
0	20
0	107
853	127
211	203
0	203
0	202
504	519
0	40
0	6
0	68
0	519
4	463
0	227
1838	792
0	790
1159	3
106	33
0	703
12	910
35	951
0	30
1531	370
0	91
0	249
0	4
0	4
0	4
128	0
47	321
10	15
7	0
0	0
0	4
0	4
0	4
54	515
0	515
377	208
5	208
0	0
77	129
0	47
0	105
24472	28
0	43
0	74
0	73
3	67
0	26
8	58
0	357
0	100
0	346
0	2188
163	4349
0	4500
0	1211
12	264
896	3827
437	60
0	4
0	56
13	0
331	0
0	38
27	90
8	90
13	519
26	519
0	0
1123	121
14	121
18	0
0	0
0	0
58	1873
0	1873
818	0
0	0
0	0
0	0
119	1
3549	3
725	173
0	173
251	0
0	0
4571	1718
0	9
0	50
246	25
478	1725
6	0
24	40
0	34
0	8
545	0
0	1136
41	1683
0	1245
9	584
0	205
560	386
0	224
10890	3924
0	3921
0	25
99	25
99	443
0	443
0	929
0	956
0	956
69	139
232	141
505	1095
1436	0
197	299
74	299
0	0
0	0
0	0
0	0
0	108
13	117
0	117
2207	0
52	1657
27	1388
17	13
0	13
0	19
180	217
3	51
0	217
0	0
0	0
0	0
417	92
0	92
1668	0
350	190
3	0
0	0
0	195
38	195
484	280
783	45
0	51
0	46
0	55
0	52
23	0
14	0
0	130
0	174
1	24
0	207
29	634
0	3
0	828
0	808
0	183
1022	0
233	323
0	323
0	0
0	0
0	0
0	2
1	2
0	0
0	0
98	0
0	177
75	177
41	5121
0	103
0	273
0	5120
0	2973
0	0
0	0
0	31
0	0
0	0
85	0
390	1365
164	1306
0	59
5328	1446
0	1059
0	1103
0	978
0	1339
730	0
0	914
0	578
0	506
142	976
0	872
0	0
0	1476
0	119
0	33
224	1582
808	422
209	427
0	432
13	0
0	0
179	3133
1279	3039
0	353
0	544
610	341
9	132
0	238
0	249
514	112
0	112
5	0
0	449
308	640
8	640
0	0
0	0
0	0
4	600
33	600
0	8
0	8
0	0
274	1808
3176	1823
38	1712
601	1158
0	864
4	561
12	300
7	300
1911	617
0	315
6272	2
0	0
0	0
0	0
1294	451
0	451
213	1181
621	1145
0	684
93	1181
313	0
204	0
3	6
3814	534
2208	566
8	566
42	0
32	0
3	0
1	0
15	70
1680	70
0	0
0	0
0	0
68	54
0	19
0	54
9	46
309	0
329	0
1109	4543
27	4164
0	0
0	0
0	0
160	150
0	7
0	0
0	0
0	0
0	0
0	0
0	0
0	3654
0	1655
16214	3664
677	0
295	305
0	133
0	233
271	0
12	115
241	115
1315	1121
9	0
0	0
663	0
434	1324
0	510
6	1136
0	0
0	0
0	0
0	0
0	0
0	0
0	0
0	7
0	5
0	12
0	5
0	17
0	0
459	42
7350	745
0	743
0	1494
0	539
0	333
0	4
533	1313
34	124
8	402
26	1
0	379
259	1694
0	0
5	35
94	38
3	253
0	202
97	277
61	0
0	56
0	274
0	274
0	164
383	0
543	0
232	369
0	369
0	739
26	769
46	745
13921	772
4	71
706	71
16	25
0	25
2384	2812
0	2805
1	2720
157	0
41	0
0	0
22	621
3	621
0	4
0	4
3881	1234
4	1233
1	126
0	126
0	0
0	0
18	0
17	41
69	91
0	91
307	44
0	44
0	954
0	970
421	1031
0	25
0	25
0	0
1707	1874
3	48
0	1873
3620	5819
6	3166
0	4572
777	0
0	0
0	32
599	34
316	0
0	5
32	5
0	3
178	300
0	13
1250	569
190	569
0	0
0	0
0	48
230	73
0	9
0	18
0	1
309	485
81	485
0	213
0	597
110	634
0	0
38	601
789	601
638	685
0	685
70	0
1272	0
136	16
0	16
147	0
1648	0
40	438
0	438
0	0
0	0
0	558
2811	558
1409	0
13	0
9	86
24	49
0	49
0	80
0	80
0	232
1	179
8	0
0	204
1	9
0	9
1359	1025
138	12047
3611	20422
0	19185
0	380
0	35
0	35
0	59
0	10
10	0
1084	0
139	0
0	1382
49	1194
7	1382
11	1956
0	2278
11443	4236
1050	1302
5	185
0	1302
548	0
0	41
522	41
926	798
51	48
513	48
0	19
0	31
14	0
114	9
253	179
0	179
295	335
0	335
0	0
0	0
545	0
439	1034
0	322
57	322
10	0
443	37
0	37
0	4
0	4
482	433
23	180
164	583
133	1190
0	7
0	0
0	0
0	0
774	0
49	683
27	68
1	683
0	0
323	1204
0	380
415	0
4	447
2	2297
538	319
76	2173
0	0
0	0
0	0
35	156
0	61
0	156
177	5340
0	3621
5236	2057
0	1713
0	1714
0	4101
1836	4106
45	430
155	430
0	612
12	677
0	2920
3	10064
6	9960
380	192
0	62
0	49
8	49
69	0
4415	1427
0	301
0	0
738	4867
29	4867
20	354
0	6726
0	173
0	7219
4	7161
0	28
0	6
17	60
0	52
8	79
0	74
16	127
0	33
0	0
311	215
0	2
0	5
139	11
0	121
49	121
0	165
0	331
0	329
0	336
45	431
0	431
7936	937
4	6
0	58
202	639
87	624
312	361
18	361
29	5
111	10
0	3
0	172
0	1833
0	1941
0	1891
2245	3
6	38
18	52
0	27
0	0
0	0
0	138
0	138
15	927
0	822
25	2162
21	2074
59	0
0	0
26177	7
0	872
34	872
0	4889
154	5240
131	2531
447	2875
0	2164
0	490
16	1054
31	1150
0	367
116	382
5051	5
0	0
0	13678
2627	13784
0	13736
0	0
12	10207
0	12837
0	0
599	0
0	24
33	24
12	1
0	1
7	108
125	202
0	200
57	159
7	43
83	108
0	26160
0	9434
0	25893
0	12741
7	3232
67	27176
0	164
0	164
0	164
0	164
0	173
7135	2370
0	261
0	1973
0	1941
0	2009
27	2020
0	1930
0	2032
0	1980
0	12
0	12
7	5
0	506
0	704
0	686
0	56
0	752
0	122
95	841
223	2063
341	2063
12	11
0	11
540	135
10	1
0	0
4	135
0	155
713	842
0	798
0	795
0	770
0	0
339	0
118	0
0	790
84	2045
0	1850
0	181
160	2051
0	2
0	1316
15	1366
0	336
1832	336
63	181
0	181
32	272
46	272
0	69
194	74
0	1073
0	226
98	258
0	110
33	1123
9	783
0	779
4516	0
0	5
0	5
0	5
8	5
0	299
0	9
77	255
0	247
0	255
4395	0
3	0
0	0
152	0
0	14
19	276
0	276
24	1442
0	51
0	440
0	1460
0	1460
64	315
83	315
224	4712
14	4712
93	0
0	1085
0	318
0	129
0	964
158	0
0	44
0	1402
0	25
0	560
0	1453
0	1381
283	0
0	0
406	750
5	0
0	750
0	0
0	0
0	60
475	367
9	108
3	129
16	17
0	17
494	0
3	0
0	0
15	0
124	2
0	2
0	2
0	850
0	6
0	2270
0	683
37	2538
0	299
0	46
601	155
130	155
725	1825
24	1822
302	1
294	0
0	46
0	4
0	21
0	175
0	175
0	12
0	12
0	32
0	32
215	2065
0	135
14	2042
5829	3
17	44
0	4
206	0
497	8475
0	3407
73	8026
0	8670
39	5356
0	323
42	8119
0	8267
7	2
26	268
1124	268
15	371
0	249
0	204
0	200
0	78
0	75
16	139
17	139
5	11
732	891
171	581
0	238
0	243
8	202
3	136
0	60
4	30
0	30
0	40
113	500
2559	770
0	266
0	0
314	0
38	10
0	10
697	58
0	58
0	0
0	0
0	4
0	4
0	45
2	44
27	200
0	135
53	50
0	50
0	72
10	72
199	1
221	679
0	679
29	389
64	389
0	30
0	30
1261	228
7	228
0	71
6	1325
4	404
1141	1293
0	0
0	0
0	0
1499	0
0	8
1234	223
8	223
0	0
0	0
473	0
0	0
0	0
5	60
166	60
15	0
0	0
3228	1741
75	2724
10	2151
530	0
95	299
0	463
13	1098
0	387
0	241
0	144
26	566
14	271
24	1567
0	946
0	962
0	0
0	0
0	0
6	0
0	0
0	19
0	0
0	873
0	296
0	1692
49	4705
0	2273
0	4605
377	4877
0	4109
0	30
459	30
25	13934
0	15767
0	13225
0	13240
1	19826
62	22284
425	0
24	415
648	415
109	1
35	104
1	104
0	5
0	68
0	102
519	693
5	4
0	4
0	9
0	0
0	9
0	9
0	0
0	48
0	57
0	315
0	755
28	755
0	1
0	0
0	1
16	446
585	447
796	0
0	80
75	81
0	1
1822	0
2391	438
19	436
0	253
0	20
84	253
0	0
0	189
0	46
1062	189
89	462
0	1194
30	1161
99	0
30	16
0	16
7	0
74	0
47	0
34	0
1209	3616
0	3616
95	201
0	96
10	179
1705	0
0	0
0	0
0	2
103	0
0	0
0	0
142	2015
0	843
0	156
0	1799
387	5910
0	10802
0	10271
245	232
1846	232
0	5
40	10
0	10
0	10
0	0
0	0
0	0
0	0
13	0
0	0
0	0
920	0
3446	0
196	0
40	312
0	312
0	312
0	307
439	137
7	0
0	0
0	213
102	125
6	24
65	1700
59	411
8	1828
0	19
304	19
15	456
0	431
0	430
0	278
0	387
0	362
0	5
0	216
1600	216
2550	3327
0	224
0	0
3779	108
4	100
1	6
0	6
409	227
0	0
642	76
0	76
310	0
32	837
1091	837
226	0
5177	3
0	9
0	9
13	9
333	514
1	314
386	0
0	379
237	1219
0	429
0	855
33	44
167	189
0	189
566	0
23	0
0	0
0	0
47	0
1068	3784
323	3635
0	3782
216	313
0	132
25	185
244	1526
0	1526
0	0
2265	0
2514	0
4	913
0	450
0	905
0	0
0	0
8	0
1387	1590
46	0
0	0
22471	7
39	0
0	412
54	1355
135	1311
957	113
333	0
0	1071
27	1071
0	844
176	0
28	0
0	1059
383	2240
0	859
18	836
31	1038
0	1109
0	1130
7	266
15	1012
0	1088
0	2100
98	2322
2	2322
152	0
208	0
4	27
0	27
11	0
966	129
0	129
0	27
0	1
0	27
784	408
13	504
0	26
0	7
0	496
0	138
0	491
0	0
0	0
0	0
433	68
7	1823
7	1671
1	1720
0	888
4	688
12	688
0	688
0	314
135	582
10	357
0	7
50	1822
0	2052
0	2061
7	0
0	0
66	6
430	149
0	57
0	47
0	17
0	102
0	2
1	73
0	65
0	46
0	2
0	0
97	0
2311	1408
3	1407
0	0
620	0
1	2
27	440
0	786
0	786
0	9
1	786
130	435
2	0
62	204
369	0
0	96
53	4960
3172	6655
0	37
0	19
0	29
0	6655
6311	7
0	1801
11	1060
0	1173
210	1643
7	0
63	0
20	874
0	303
0	605
145	892
6	877
28	101
61	101
670	0
410	327
0	95
0	262
1151	0
93	141
55	70
0	18
27	140
1655	0
106	0
0	0
0	0
20	70
455	70
272	56
0	97
0	1320
297	1317
58	112
3	10
0	10
0	191
3	191
17	162
376	312
0	298
6	127
0	127
48	85
85	102
3	16
40	16
808	0
0	4
0	4
7	4
0	0
0	0
0	0
0	0
0	90
41	521
36	446
0	351
9	482
0	21
0	0
10	21
0	15
0	0
4	15
0	0
2420	432
10	99
0	405
0	1473
223	1821
0	240
15	1821
0	476
4	0
808	0
983	451
0	451
0	436
7	436
0	65
103	65
0	0
12	0
0	304
3041	1430
0	11
0	14
652	20
21	8996
46	143
72	33
44	238
54	1956
0	46
1217	1958
1005	0
0	0
3	0
73	0
19	62
0	41
0	62
14	56
941	1
24	1802
13	237
469	2742
1015	2484
3	909
17	3755
0	860
0	302
0	428
10	3943
0	2979
0	3953
0	0
2349	365
4544	4457
15	4454
798	847
0	847
19802	21
0	10677
9792	10682
0	0
0	36
549	36
803	1562
0	1562
261	12
0	12
0	3497
0	3605
28	3259
0	3162
0	0
0	0
0	0
495	1
23	37
0	39
334	125
0	22
0	125
0	0
0	0
0	0
0	0
0	19
0	2621
0	3606
0	3663
0	3663
0	3645
11	3645
0	3659
0	0
0	0
0	0
34	0
13	25
0	25
265	0
0	501
5	35
0	33
0	194
0	502
0	493
0	194
0	502
778	1085
136	1085
216	1076
51	233
55	233
0	277
1529	334
0	182
0	7
0	7
0	267
1089	268
0	19
0	13
0	11
117	72
7	0
0	4
61	0
0	0
1870	0
0	0
0	0
0	0
0	0
41	176
25	73
0	161
9419	852
0	476
139	218
0	220
0	181
0	212
0	0
0	1
0	0
3	984
0	259
94	1048
0	1043
4402	112
171	105
4551	1366
0	837
320	528
94	0
76	181
2	52
0	35
1	2
867	2648
0	2596
129	447
0	373
10837	794
1731	3607
0	2935
11	1054
0	0
0	0
0	0
0	0
0	0
2	0
111	161
0	161
0	3766
1465	3766
323	0
132	0
0	0
0	0
5121	380
1	379
0	13
63	131
555	915
0	911
3281	2475
0	0
615	0
1054	1
28	0
0	0
103	157
0	157
3	0
225	0
11	0
0	0
0	0
0	0
1151	206
0	202
0	4
113	0
0	168
24	0
6	1018
0	1967
8	1739
345	0
0	22
0	0
0	17
0	22
113	0
7	0
0	220
147	220
19	1969
0	1959
0	1992
1557	1
0	7
0	0
8	37
0	30
4	0
13	4
0	38
77	38
1234	675
7	669
0	568
573	568
0	385
196	0
1177	202
7	525
0	522
0	0
213	0
3	7
0	7
132	0
0	0
0	0
780	0
1602	0
6	208
0	106
6	31
7	4
470	5
39	149
10	153
5039	0
22	513
473	513
0	4645
1255	7814
0	1682
0	818
49	6826
0	4335
0	12
0	0
199	206
0	204
1115	0
5358	1093
18511	16304
1	16292
58	6852
7	11
0	0
0	0
39	115
19	128
10	128
130	2
0	2
16	171
2	171
2	353
0	149
0	47
0	9
0	447
0	10
0	10
1048	1
0	57
0	0
0	0
17	57
12	2
0	4
0	4
0	0
315	0
0	75
0	28
0	75
0	72
0	75
0	75
235	171
0	43
0	158
0	0
0	0
9	226
0	203
0	225
0	3
4	0
0	0
0	0
0	0
0	0
58	94
0	102
1335	1
559	0
0	287
682	361
4138	279
257	275
6	0
0	0
7585	10017
0	10017
95	695
0	934
0	894
463	453
0	453
0	0
975	234
0	234
0	3
0	3
0	0
0	0
113	2120
0	2192
0	0
11	0
435	0
0	4
1131	0
0	0
163	282
0	35
0	282
0	278
743	0
0	22
0	24
0	22
0	24
0	24
0	22
0	24
26	788
0	98
5	788
0	0
0	0
0	24583
2531	28255
300	0
78	60
0	92
3	0
0	0
0	0
16	64
0	64
0	20
2080	23
0	0
0	17
0	172
9	172
0	0
490	0
2323	1719
0	1399
9	328
5027	0
2	0
0	0
0	0
1685	150
0	150
436	3192
14	3192
0	0
568	19
0	19
226	691
18	691
0	0
0	0
1441	73
0	72
83	1371
44	1371
41	59
0	59
322	0
48	576
50	576
1210	1
0	0
16	693
56	1460
2	1592
12	1474
19	738
973	738
364	0
701	0
155	1664
0	221
35	566
39	1675
0	0
438	213
0	213
5	0
455	1
975	2
0	0
0	0
0	0
0	0
15112	3
0	0
80	348
0	114
0	348
10	0
0	0
14	19
0	19
0	0
816	0
14160	0
2	2
0	0
0	0
0	2
0	2
3	0
0	797
630	797
0	0
0	0
47	83
0	83
230	90
0	39
0	90
0	1332
0	921
1460	0
673	221
15	221
492	197
0	197
0	191
800	205
0	1
1033	189
0	189
0	9
29	9
0	2683
7035	3646
53	3638
200	361
4	360
287	270
295	270
76	0
28	0
0	1378
0	1806
3	142
8940	8495
24	8093
57	5928
182	0
0	47
16	436
106	436
5263	1083
337	1089
34	1089
0	3
0	0
0	3
0	696
224	696
98	0
86	469
0	469
0	20
74	20
0	67
0	12
1962	440
0	89
0	395
0	408
0	0
8	0
0	135
0	0
23	45
250	0
49	21
35	21
19	0
0	42
26	95
0	9
96	11
0	9
0	2
41	505
0	675
8	648
3011	1106
149	1312
0	1137
0	1289
0	499
23	1238
0	0
0	1
0	1
0	0
2	0
594	68
0	68
70	6
0	3672
37	901
0	132
18	901
382	224
18	0
62	0
6925	4
608	115
2444	1710
8	99
0	24
0	1681
1558	19
6	19
68	220
33390	13
0	0
0	8
352	74
0	74
0	0
0	0
0	0
43	31
453	164
0	0
73	2020
40	2011
81	1988
0	0
0	0
0	437
0	1477
5597	1566
0	76
0	106
55	617
0	534
72	593
589	704
0	243
0	60
7	228
19	0
1331	1822
0	223
33	0
0	21
0	387
0	391
0	391
26	63
293	377
0	54
0	279
0	398
9	194
12	1075
41	1082
7	71
89	3025
0	899
366	2975
0	1226
558	4756
32	3414
0	4749
0	1901
1553	2677
0	1794
0	879
0	0
2	18
0	0
0	18
156	148
1	0
0	0
0	0
0	0
5	3
1017	1962
0	1962
0	2270
18	2230
0	175
392	175
434	0
164	107
0	107
1134	506
12	178
0	475
8	32
0	32
924	0
376	0
0	135
16	135
0	283
0	410
0	450
0	406
1855	2079
193	2079
0	0
0	584
0	345
0	336
0	14
0	1
0	100
0	179
0	134
0	237
17	309
0	22
37	0
0	0
101	286
139	54
9	1590
5	625
8	1442
1	1590
155	1105
0	1105
427	80
36	80
26	228
240	228
480	878
103	551
0	263
0	485
0	0
0	0
58	3
0	3
0	9
11	51
0	51
0	87
0	56
10	122
31	117
0	5
0	5
0	0
2015	1062
0	389
3	126
161	0
69	656
229	657
0	26
109	36
0	36
617	0
0	5
0	5
3365	562
0	562
290	121
0	549
0	227
0	168
1703	3602
0	3339
0	175
0	63
4	175
0	80
0	10
4	80
0	254
0	13
0	2
0	2
0	254
0	156
0	32
0	32
0	101
71	25
89	63
1	544
0	65
879	1267
16	953
0	8
0	4
251	653
7	3992
0	3969
0	28
0	16
0	2422
0	2404
5	2440
0	2404
0	2427
0	2404
4	2405
0	2404
956	698
0	37
0	91
0	434
35	252
0	252
1253	720
0	100
0	720
61	255
33	255
618	678
2144	678
53	0
1	32
0	4
0	36
0	0
0	0
0	0
0	0
11	12
0	12
0	0
0	107
21	107
8	18
0	0
44	675
0	154
9	706
0	23
0	9
0	23
5	38
0	9
0	24
0	16
0	16
0	9
83	14
0	14
0	27
777	2141
0	641
0	1361
0	328
3	380
0	145
0	125
0	1715
0	1831
10	60
0	40
136	1162
0	1455
0	784
0	0
544	0
0	223
0	238
0	212
451	184
0	168
0	352
40	380
0	34
83	210
1062	210
60	66
0	66
0	3
80	3
0	3599
3935	7948
0	7943
0	0
39	1658
11	1658
46	8
0	8
0	8
7960	0
95	0
9	168
0	25
1	168
0	550
142	5304
0	4995
36	4908
443	143
0	56
0	177
0	189
0	0
0	0
775	54
0	449
3	449
101	873
45	3209
0	2936
1774	2981
127	19135
0	4641
0	3110
0	17894
0	0
2971	6
119	15
943	17
776	1936
485	1936
0	55
263	55
2959	2619
0	4102
143	4434
0	17
0	7
0	17
0	17
2005	1
195	0
55	1961
40	1961
0	0
201	3991
0	3948
0	4042
0	0
2594	3
0	402
0	305
0	402
92	0
14	0
0	3
17	3
0	0
0	0
0	0
232	0
23	27
0	11
0	0
0	27
30	732
28	661
14	22
3	22
0	22
0	0
0	0
0	0
0	0
0	0
0	0
0	0
0	0
0	0
853	260
0	260
212	0
233	2
136	0
0	0
6	3673
6008	3676
0	1063
6310	2985
0	999
0	585
0	2432
89	0
0	6
0	0
0	6
0	6
0	6
917	1809
9	0
90	294
0	294
719	49
0	49
58	0
0	0
0	260
54	260
2793	204
0	203
7	142
0	66
6	100
0	8
0	8
561	662
0	662
32	110
993	110
9	132
0	39
0	132
0	9380
15	12523
10504	13081
0	8
12	8
0	8
19	4
0	4
210	758
0	952
0	10
94	97
297	3552
17	3538
3656	768
186	777
6	580
32	414
0	138
6	1026
0	1093
4	867
0	1115
4154	5
0	0
0	0
2	126
67	172
144	172
55	0
0	0
0	0
0	1096
0	98
0	1159
0	0
0	0
884	165
0	165
537	311
0	114
16	311
246	138
266	233
0	5
34	0
0	0
0	0
0	0
38	1627
111	1598
5	10
0	4
0	6
1129	0
11535	12168
34	9895
0	9885
151	12105
111	0
5	0
23707	190191
0	31716
536	163541
0	14051
2050	0
0	41
213	163
0	138
0	51
0	0
0	0
17	28
0	944
1	948
0	9
0	32
0	651
0	682
0	682
0	621
576	0
0	12
0	1
25	13
1580	596
0	596
2705	5860
101	5860
3550	1
19	0
1367	0
0	0
41	0
432	550
0	485
13	66
25	2546
563	2129
76	3967
439	505
12	186
0	103
8	0
0	13
240	0
43	152
0	152
147	0
0	32
0	240
0	255
16	128
186	0
111	38
0	38
0	0
0	293
1548	293
599	0
0	0
0	0
32	1588
32	29
0	1599
1	1605
0	0
151	33
0	33
0	15
0	137
0	41
0	0
0	137
3	0
112	335
2	335
0	0
51	50
0	0
0	14
0	36
75	3228
0	0
1307	252
10	252
0	36
0	1186
1	1186
0	0
5650	7232
1397	1416
2	205
0	12
115	12
608	0
0	0
196	0
22	1526
15	280
0	265
54	1817
11	1099
0	1833
93	1013
0	1715
182	0
599	0
821	0
0	23
23	649
18	698
0	538
0	137
1	175
1495	0
0	0
0	0
0	1962
344	1962
0	771
0	2
0	127
0	83
0	144
2	144
133	639
52	0
456	236
0	236
0	0
0	0
0	65
0	65
0	0
0	0
0	0
2457	3650
0	461
39	461
10	518
0	76
0	76
0	76
0	0
727	1322
0	249
0	60
0	23
136	302
0	200
60	406
0	266
8191	0
0	0
9	0
253	0
12	0
0	0
4	29
1323	0
1	0
375	1611
8	390
1904	0
0	0
0	0
168	162
0	19
0	38
0	0
696	299
2343	0
0	1136
0	1507
350	1507
390	0
0	2889
0	143
0	4431
3	4481
44	4457
0	4390
0	2873
0	2832
28	251
0	204
12	5
0	4
5	504
0	111
1	104
2634	1
59	270
1650	1260
41	1289
226	358
5	698
0	323
0	335
0	212
0	174
0	336
0	615
200	0
1	0
0	0
0	0
1642	0
131	1599
0	205
136	3116
269	88
0	74
0	62
0	642
0	144
727	769
1	294
3	174
0	0
0	0
0	0
63	382
3	0
1611	40
0	27
336	27
154	9
287	0
55	2557
110	159
1677	46
150	3469
0	3228
52	117
118	127
18	127
0	3
208	26
0	16
0	7
3873	18697
4	6789
0	10898
0	18506
16488	10
121	1426
112	1446
2195	0
1745	1554
0	82
0	1515
0	540
1627	23
135	0
0	0
2448	0
0	92
262	92
124	546
20	101
53	524
0	939
0	412
49	401
0	917
0	936
308	0
0	130
1	130
5	118
299	81
0	81
0	5
0	5
0	5
0	0
0	0
59	0
23	22
0	20
14	22
1262	305
26	305
0	0
0	0
0	336
95	713
0	660
0	509
0	0
0	0
30	473
9	473
236	0
0	103
0	81
37	166
0	80
2578	80
0	0
5	0
11	0
0	7306
0	4871
0	752
0	11811
330	13562
0	11831
411	1
0	9
6	0
0	0
0	1
0	1
0	138
0	43
1	35
47	72
0	320
0	225
86	923
0	6382
7	5947
245	3010
1911	2
760	0
5	476
0	20
0	1667
84	156
0	617
0	1591
0	1577
0	1667
0	1667
0	13
0	13
0	13
8	8289
0	477
75	4982
34	7765
0	0
0	0
0	0
0	0
187	6
0	6
100	0
0	0
0	57
0	25
0	57
261	53
0	53
2	4
620	587
0	168
0	176
0	261
0	148
0	327
0	468
0	0
659	0
236	219
0	11783
4122	11783
0	10
0	10
0	0
0	0
7	6
8	6
588	880
0	26
0	493
13	493
0	880
332	0
1018	924
0	917
644	182
2	182
2	201
7	2657
9396	3856
0	1197
999	0
38	16
0	738
33	738
72	53
0	53
0	129
222	284
9	208
0	208
49	0
0	0
22018	9
0	6
0	6
0	61
14	697
945	655
0	0
0	0
6	1185
99	0
0	1
6	1
31	334
5	21
2	43
8	83
0	199
0	330
157	0
0	0
90	271
86	271
341	1498
0	1498
0	0
91	18
0	18
260	0
0	0
60	0
9	32
108	57
0	57
1017	0
35	15
0	15
0	0
1	289
0	129
535	61
0	61
966	310
0	310
0	0
306	0
0	1
11	8
0	8
0	0
0	171
0	97
0	314
6	172
191	340
0	223
370	223
0	0
4	320
7	320
0	491
60	491
1658	202
0	176
0	8
0	8
0	31
0	34
16	62
0	29
14	44
73	533
0	71
57	518
4	213
0	284
8291	586
26	0
20715	17
10544	2735
506	0
16165	4254
331	4251
140	0
650	0
284	140
370	13
0	13
2616	8043
0	3881
0	3323
0	4514
520	382
8	0
40	618
3096	2
3138	0
10	0
0	0
1	0
0	13
0	13
1	0
0	507
8603	976
0	469
0	45
585	121
0	120
0	1785
139	1785
39	262
0	149
31	262
19	504
36	504
978	0
765	0
0	32
37	32
0	21
0	394
0	100
0	364
0	388
2114	106
0	106
11	71
0	11
123	214
0	207
209	0
0	0
1527	811
0	667
0	811
0	0
0	0
0	0
1	0
0	0
0	0
0	0
9436	12
7	0
256	707
10	648
2577	27
0	27
999	447
0	442
0	128
0	81
1	6
0	0
0	1
0	414
48	414
8	235
86	235
0	18
0	18
19	993
0	993
0	79
0	83
0	83
0	0
61	0
102	305
121	305
0	0
0	447
6	447
0	0
0	0
17	0
6	0
68	0
289	0
0	62
4	356
137	34
40	611
0	552
31	394
10	394
48	0
85	0
162	0
6661	0
0	235
2079	0
1977	642
0	23
1912	83
128	267
0	267
0	0
27	54
5	54
69	610
0	610
602	654
0	215
0	464
0	2024
0	0
177	2024
0	0
0	6
12	6
0	78
4548	1913
90	201
71	1974
122	745
0	0
13	680
0	635
189	602
131	1255
0	1236
0	1226
0	19
171	615
8	519
15	396
52	272
539	482
0	481
0	2653
0	2712
0	2751
0	2637
0	2680
0	124
265	0
15	0
4	1631
0	1630
327	202
0	200
57	1737
0	1872
0	1838
0	242
0	225
38	112
0	37
8	27
1	22
0	0
0	0
0	0
72	834
0	879
0	139
0	9
0	883
898	0
0	0
0	0
47	675
0	247
0	76
252	689
0	0
0	11
0	11
10	5
15	0
1	0
0	72
5	72
0	0
0	0
16	880
220	958
0	0
0	0
0	0
1134	320
5	320
0	0
0	0
0	0
0	345
0	1408
7	403
28	1317
19	1408
0	0
0	0
0	0
0	0
4	0
0	0
4055	1799
0	1791
0	356
0	68
0	5
6	144
0	289
0	1825
0	421
0	353
0	1503
4	1968
0	1910
0	1914
0	1904
2	1822
0	1828
0	1783
0	0
0	8
0	0
4	8
13	740
0	145
0	113
26	740
13	1
3	1
12	0
3	0
0	29
70	29
6	0
422	35
5	35
11	0
0	14
96	44
0	35
0	13
143	315
0	168
0	147
327	2447
0	2143
9	615
0	0
0	61
0	30
0	4
0	4
613	1
2386	3
0	0
2777	0
171	0
222	585
0	89
9	585
1004	1
0	85
69	1581
1404	2164
2	73
0	73
0	4
0	4
29	1268
99	1741
17	487
22	0
0	0
190	234
0	5
49	5
0	0
225	0
0	0
0	0
0	0
0	0
0	0
5598	6
33666	4395
0	4383
0	386
0	12
71	386
0	146
417	146
0	0
7	29
2	10
0	7
0	39
14	16071
242	16084
12636	15909
1629	1805
0	4
0	4
79	0
211	1162
0	1162
28	0
2380	1
0	37
0	15
19	140
31	140
0	561
41	596
6	0
203	60
0	50
41	10
220	428
1915	2
0	70
0	147
3	149
1924	378
1	377
81	26
0	14
0	50
0	50
228	3617
598	3617
11	7
6	86
0	88
0	88
0	271
794	271
480	431
0	247
39	32
16	12
1416	79
0	78
88	42
15	42
28	0
303	185
0	185
89	1655
0	1678
160	159
0	1494
0	803
2354	803
7	146
91	67
0	213
18	0
0	0
13	49
0	49
1236	0
570	0
2368	2481
0	2481
51	96
0	85
0	102
0	96
0	2
0	181
21	402
6	2
102	0
502	0
543	4
0	160
0	56
32	184
0	35
0	33
131	275
0	53
93	93
0	238
0	89
21	0
0	37
0	18
97	605
0	3
0	190
0	580
0	0
334	272
0	272
236	0
0	25
0	25
2387	42
14	42
0	13
0	10
3	18
8	5
13	15
15	0
0	1
2149	4
10	0
628	2
0	14
0	149
286	149
2	0
0	0
0	0
0	0
0	0
0	0
26	132
3	101
0	0
0	0
0	0
0	0
0	0
0	0
0	49
0	49
18	2
0	0
53	791
123	791
559	0
89	4241
54	4241
0	5
0	0
0	0
0	0
9	2
60	213
415	213
5024	938
0	938
604	3
0	1808
0	1903
0	1931
0	136
79	168
0	145
1	0
138	0
569	194
0	21
262	246
9	0
2681	4007
0	343
9	527
0	3798
423	0
24	0
552	268
42	720
0	386
272	0
9	310
0	161
0	4
35	1782
0	62
0	108
4	1755
604	181
0	179
539	1780
0	1441
13	870
53	61
0	61
56973	6277
0	6240
0	335
45	369
0	369
194	98
0	98
292	0
0	17
312	0
7275	9663
0	9656
34	1393
0	72
0	41
0	1393
0	478
10699	6
427	130
7	67
75	63
682	506
0	114
0	1015
16	125
40	1066
4	0
554	0
0	0
0	0
22	512
138	480
0	19
0	0
0	23
0	428
0	431
0	17
0	383
0	319
0	2472
41	2314
0	3157
0	3157
0	446
0	432
0	425
0	432
160	89
0	89
52	84
0	0
0	0
0	0
0	0
0	0
1849	4456
358	4456
7	132
25	58
44	74
1914	1150
275	315
27	1044
69	264
74	264
0	0
0	0
332	87
0	36
0	83
0	42
0	42
0	0
0	0
0	0
9	61
453	0
0	0
0	0
0	0
5630	615
0	234
0	234
0	385
6	178
0	191
0	212
823	1407
0	129
0	22
90	68
0	24
644	1
294	20
0	20
4078	403
41	403
319	43
0	0
2199	1
0	9
0	9
1234	2013
5	991
0	1553
76	1593
0	14
0	14
0	0
0	0
0	0
0	0
421	0
6	34
0	4406
0	2270
15	2851
0	3181
40	4988
132	4361
0	0
0	53
634	166
0	73
78	239
0	0
0	0
547	551
119	551
51	12
0	12
2011	654
1	601
0	89
0	52
143	243
0	0
175	134
0	134
11	1
0	1
10	11
0	5
0	11
0	851
0	493
4	738
2	3
459	0
0	145
197	145
12	0
22	6
0	6
0	130
2488	1051
0	1017
0	0
3982	1624
9	48
0	109
0	3
699	153
736	1
0	0
0	0
20	2
0	1
1017	1
0	0
0	0
2463	0
1168	0
308	956
6	98
1	7
5	0
0	0
0	0
0	6
0	0
0	6
883	0
0	928
150	2095
2721	2150
493	0
0	29
0	4
0	0
22	44
335	50
0	28
0	24
0	15
0	56
0	594
0	38
0	608
79	683
52	683
1527	0
10	134
0	997
2	3630
0	3320
9	408
0	394
67	408
1	302
0	79
0	41
7	413
2	783
0	389
0	735
0	544
48	544
458	0
7147	66131
0	16872
5	17401
242	66848
84	50843
0	0
0	0
0	0
1519	0
19	68
5	68
0	0
284	121
234	121
422	1941
113	1941
48	0
488	0
33	69
0	69
0	0
13	0
0	0
1	2
0	0
0	0
0	0
0	0
0	19
0	109
79	119
195	0
679	2
1	152
19	0
278	137
0	137
601	1
32	313
0	300
4158	493
0	323
59	324
0	469
0	475
0	0
3	0
129	440
0	440
112	0
151	47
0	47
0	47
408	0
4	0
3282	1132
338	1132
1	14
7	451
738	465
0	3
11	18
0	0
89	40
13	453
0	453
0	45
156	45
529	0
0	0
0	0
0	0
0	0
0	1306
0	272
6961	5408
5	4746
0	4403
0	2353
534	533
0	453
5	453
0	0
35	7
0	7
0	0
0	0
414	0
0	0
954	0
0	0
0	26
0	26
3950	814
0	942
124	961
1504	0
17	711
0	30
9	725
83	648
65	648
87	0
0	0
308	0
0	83
393	83
589	0
0	7
0	14
76	553
0	553
668	984
14	46
0	6
2	46
2819	1
2063	294
4	247
0	18
0	9
0	14
0	31
0	14
0	18
4245	1
0	0
0	591
1070	598
0	1
334	72
12	30
239	0
0	11
0	11
0	11
39	0
0	0
0	0
0	0
909	0
0	6538
510	1879
0	2742
0	25
6600	6886
0	2435
0	1197
0	16
28	1166
0	212
1	237
5	4
0	4
50	293
13910	319
0	0
5	20
25	20
1	0
0	1
40	1
0	0
0	0
23	0
0	23
0	29
49	36
395	401
0	401
23	0
201	0
59	178
165	178
169	13
0	13
0	0
0	566
223	676
68	676
322	3
0	0
53	0
0	0
8512	8
0	651
71	1516
53	1516
336	111
1	111
0	2
0	0
0	54
0	54
27	329
242	428
0	205
132	970
20	14
7	0
0	0
0	14
30	0
0	381
0	424
26	90
0	90
0	99
0	340
0	90
0	0
3	728
0	465
0	412
0	468
4874	3386
37	3556
11	3726
0	3731
0	3723
6	87
0	87
1113	0
1949	1685
0	1685
0	1164
31	8
175	0
51	71
331	71
0	527
1820	704
0	143
76	942
13	611
25	467
0	8
0	8
48	365
0	365
3146	1
68	1629
0	88
0	37
0	1629
199	141
146	0
4	181
0	181
0	77
0	23
0	0
21	151
0	151
0	84
12	0
1889	0
37	1
0	0
283	839
36	872
0	869
0	0
0	7
0	7
222	3
124	0
111	0
0	0
0	0
1086	0
31	0
206	302
2448	2421
0	2015
0	2264
0	2287
0	2257
0	2002
0	63
308	94
0	94
771	0
0	665
561	665
3025	0
105	12
0	12
79	12354
0	12446
0	12671
0	2149
0	12688
0	0
0	0
0	4
45	10
3	6
2212	2006
538	0
92	362
0	362
0	291
0	12
0	9
48	21
0	0
0	0
0	0
181	452
27	569
187	5543
0	1030
0	1007
0	890
0	5489
0	11
0	49
409	59
0	70
1928	1487
4	665
0	451
11	408
9	495
23	404
7	1443
635	291
0	291
56	5
8	5
43	201
0	201
0	219
0	0
0	0
38	0
0	0
5	0
10	0
36	1872
26	582
0	1857
0	1762
1283	442
23	929
4631	929
2734	0
142	209
0	209
0	0
449	1001
0	918
0	417
2752	2875
44	314
0	455
22	256
14	259
0	832
0	504
0	2767
0	3102
0	3045
0	666
0	2723
0	545
1010	1
100	201
0	201
0	82
0	9
184	82
103	0
8	184
333	110
34	0
0	0
12	179
311	179
20	91
41	145
0	145
0	150
0	1585
0	265
0	1667
0	1714
0	368
67	0
493	68
0	68
0	0
0	0
0	0
24	154
16	154
0	110
0	0
0	0
0	87
0	406
6	390
267	195
0	195
0	0
41	277
10	2
43	279
187	118
201	206
0	100
1408	100
370	237
244	0
379	89
0	89
238	29
67	0
147	303
19	64
69	239
0	10
54	10
15	312
0	241
424	413
0	0
0	0
0	0
0	63
0	82
35	520
0	50
40	523
77	45
0	28
0	45
0	40
0	94
0	199
228	556
0	0
0	0
0	0
0	79
76	932
568	1011
0	369
0	107
240	129
0	129
0	122
4106	3
40	70
0	70
9	1029
37	1040
0	1040
0	1
4	13
18	5
0	5
133	23
0	23
278	0
0	0
522	93
9	93
680	110
12	110
14	17
0	40
0	33
598	480
0	481
1	191
0	97
0	644
21	644
5	39
0	41
0	37
0	195
0	227
109	237
0	230
0	0
0	5
0	5
0	8
373	31
0	28
55	62
44	62
105	19
0	19
0	0
0	163
670	185
0	830
1563	830
37034	16830
0	15814
0	12788
0	15481
0	8069
23	272
235	272
1	1
25	8
0	0
170	0
56	34
0	2380
0	2489
0	2493
0	907
0	14
0	31
0	0
0	0
0	98
0	15
5	379
8	375
0	865
9	816
0	816
269	2036
0	361
0	104
10	2036
0	119
0	163
20	189
102	213
0	16
0	33
153	33
0	103
10	469
7	3201
0	3187
0	3329
0	238
0	228
0	107
0	243
0	77
0	95
0	72
0	0
0	0
760	0
0	0
0	176
0	203
0	196
2632	0
339	0
15	1398
0	1398
0	366
0	18
0	79
0	83
233	652
134	546
964	714
0	350
0	266
0	328
3166	1384
0	30
0	30
5	430
31	430
364	0
0	278
0	5
0	5
0	0
0	54
11	184
0	5
0	165
1	50
0	28
4069	1
53	828
0	831
0	829
29	0
911	1
0	96
0	96
0	760
9	3
0	53
433	760
500	1644
320	1644
0	341
59	0
0	0
0	33
0	0
42	33
0	0
173	0
0	7
19	25
0	18
0	13
161	667
0	667
178	91
0	16
0	39
0	45
1	1
123	870
36	870
214	130
126	0
0	199
0	294
0	172
453	294
101	20
0	20
0	20
1092	0
0	0
0	0
410	307
0	641
0	620
0	663
0	78
0	108
0	214
0	467
0	154
0	100
63	168
0	343
0	1169
123	1346
0	0
1204	230
183	0
4859	7
27	7
0	7
357	0
0	0
0	0
6	143
7	45
21	7
0	7
0	0
276	449
0	449
0	0
113	0
124	0
73	0
0	0
0	50
0	50
47	96
7	99
0	162
0	125
0	144
0	23
0	23
1484	0
2673	4
7	59
0	45
0	0
9	59
60	289
0	289
0	289
4	24
659	24
28	0
10	0
0	601
226	801
0	83
231	907
0	12
16	0
45	0
188	597
121	9249
0	9154
90	8756
9	8045
0	0
0	132
490	845
0	738
0	464
108	0
4	84
0	67
0	82
0	66
0	36
0	36
848	0
168	97
218	119
116	70
0	23
2	15
0	9
0	70
1902	0
323	163
0	0
0	0
21	3
1	3
2	0
57	309
0	309
0	9
0	242
3	18
0	10
7	251
89	16
3	105
0	105
848	0
0	0
1437	0
0	0
192	258
1	19
0	0
0	0
0	19
121	11
0	11
0	0
0	0
19	0
56	48
47	66
0	66
0	89
0	89
1650	1863
18	1863
1208	0
502	0
0	0
178	0
0	0
0	124
59	124
0	853
255	8782
0	8782
111	62
0	62
107	166
0	16
442	0
173	2361
17	2361
10	7
0	7
56	17
0	31
0	0
0	0
0	24
0	31
0	0
0	0
227	0
18	0
1592	2
0	2
0	0
5	69
115	88
112	157
100	0
0	1962
0	35
60	2037
0	840
0	935
1268	342
0	341
1078	545
12	32
0	513
0	0
0	724
5	3234
0	1892
0	874
0	1642
0	1782
53	2737
0	0
64	709
19	709
12	18
0	129
22	709
0	432
869	350
0	350
0	6
108	6
0	315
426	526
0	328
0	19
0	119
10	630
0	114
915	601
723	41
1	41
0	0
15	0
0	109
779	109
5	0
6	0
1389	1877
113	0
0	0
57	30
4	0
0	595
1252	942
0	937
0	147
84	1
0	0
288	0
0	375
0	1985
0	1587
0	1595
0	2019
0	1837
0	1586
0	1838
5	22
0	150
0	686
0	422
22	962
96	699
128	1577
0	2850
82	129
0	0
9	2850
0	58
0	735
0	55
0	2646
0	2804
32	76
15	0
0	22
130	722
40	423
42	4
1422	3678
0	0
0	4
0	3299
0	3349
0	3305
0	0
0	0
0	0
0	1
0	1
0	81
4	245
488	245
0	106
131	324
120	542
2	282
11	2113
60	2124
0	5
5152	11
57	19
0	245
316	264
192	358
0	0
38	480
1	480
2	5
0	94
10051	100
0	0
0	4
0	4
0	107
0	135
14	156
0	0
0	1
0	1
9	50
0	37
14	152
93	745
0	14
130	754
0	4408
470	4408
0	1073
1587	1083
10	2191
0	2191
0	2134
0	16
428	16
18	124
0	33
0	49
721	1159
4	436
0	165
15	905
0	269
0	59
0	0
0	0
1940	0
0	0
0	0
10	0
0	0
19	0
89	77
0	27
2	27
42	585
0	585
19	0
643	0
0	0
1047	0
0	1396
0	67
0	1417
0	141
0	156
0	185
27	193
74	193
676	0
0	0
26	0
6	388
0	388
6	0
0	58
30	58
113	126
0	126
0	302
0	30
0	1593
203	2402
3	1754
0	2001
1	1657
0	1291
1	2025
743	0
0	0
0	0
0	236
36	62
0	82
0	83
15	233
0	0
7	0
11	0
93	0
0	8
0	13
7	105
0	105
672	4731
135	4731
5	0
68	1051
5	813
0	118
0	295
0	336
0	0
1674	154
0	119
0	119
0	149
167	36
0	3
0	3
94	0
110	0
236	28
0	28
0	0
0	0
0	22
0	22
0	22
0	430
82	466
68	4
84	3
2	14
181	390
7	323
12	220
431	0
1973	2983
18	2627
1936	2983
0	17
265	135
7	118
148	0
8	66
1157	4573
0	3056
0	3104
0	2087
59	4625
1566	4
26	396
0	396
343	94
0	48
0	12
0	5
0	22
0	44
0	22
37	18
0	0
50	0
17	45
0	0
0	0
579	0
1	0
0	0
34	0
12390	7
13	300
4	411
0	161
0	411
1347	196
96	0
0	733
0	737
586	4942
0	0
0	4942
0	0
0	0
581	0
1474	0
0	5
11	568
0	104
0	66
0	0
0	1
354	545
0	165
22	215
0	215
0	0
0	0
92	142
0	133
0	29
517	0
366	55
0	12
10	0
275	734
8	69
0	0
0	702
0	728
68	84
0	44
615	0
81	190
0	0
62	4738
98	4886
44	457
0	457
7	0
0	487
0	503
0	349
854	1019
0	1639
0	1639
0	1189
0	4562
7	4431
14	3263
0	4583
7	4456
0	4558
0	1643
0	4594
0	1639
83	3290
14	3290
0	267
0	270
0	350
20	669
0	1011
0	320
17	560
0	899
13	39
0	366
173	1073
325	68
0	68
0	7
15	128
191	129
3	337
2	349
48	452
0	452
1946	0
1337	0
6	5
0	5
0	44
1	44
1	0
3466	224
9	222
4	564
18	611
0	640
0	450
0	326
0	244
0	564
0	382
36	0
368	0
0	0
0	0
331	0
103	7286
10	7286
0	40
2	40
0	7
0	0
0	0
1852	268
0	268
0	0
95	41
0	18
0	13
0	34
0	0
478	12068
0	8969
131	464
0	30
3	0
0	0
0	207
1682	713
223	265
0	265
3	693
294	8579
50	8579
136	7492
14	128
72	128
64	523
4	73
0	20
0	521
0	435
0	260
0	18
13	196
3	728
321	728
0	0
558	0
20	134
517	134
94	103
2	0
0	102
37	0
39	316
256	316
92	2512
0	2397
315	2528
969	499
0	0
442	1504
0	1504
29	22
984	0
0	0
7	0
2377	1
0	54
1092	10957
0	390
0	10966
6	10061
208	13
8	42
9	42
2385	585
0	54
1894	0
0	256
253	1395
0	1290
0	1447
731	0
5	0
42	93
0	86
0	7
193	0
388	0
0	727
0	608
683	601
0	224
0	224
0	525
74	781
0	781
0	169
0	4
0	169
22	0
1784	375
4	22
0	225
0	212
3204	3
4	171
0	0
100	214
45	214
766	0
1435	0
1130	84
0	84
0	0
1	0
0	757
0	596
0	1430
7	813
74	2168
486	3772
141	3763
0	79
414	2101
156	16
2474	2295
0	202
0	726
15	2316
0	2355
0	726
2	0
1806	5
0	0
0	479
2062	503
116	624
0	624
297	0
4	0
0	0
1362	244
0	244
0	5422
0	1551
0	784
0	155
19	143
0	218
0	154
0	4073
1	3967
0	5327
0	0
13	40
21	40
14	19
0	0
0	19
0	409
657	683
0	274
681	1
1537	0
73	290
0	0
29	0
0	0
55	188
65	177
0	105
0	0
0	0
0	0
0	0
633	0
24	1470
25	1470
0	140
783	142
0	142
47	0
0	291
716	293
5754	2915
15	1118
0	2911
0	0
141	0
10283	11889
6	173
2257	174
20	142
19	87
108	0
78	142
9	9
1772	1640
0	9
0	1638
0	1596
2	1596
0	343
938	543
42	434
0	413
33	190
0	190
59	0
81	34
0	12039
5920	12047
2613	218
0	218
0	8777
0	9152
0	3176
0	8787
1	133
990	750
0	750
35	0
0	81
68	566
60	566
0	0
0	0
0	0
0	0
0	0
0	0
183	130
0	66
0	45
0	448
0	46
0	464
0	468
185	745
0	247
0	716
33	147
262	1253
4	1183
12	0
0	141
80	6845
19610	6735
0	0
0	33
0	0
126	33
0	0
0	0
2361	0
47	222
463	242
1	40
0	148
0	0
5	312
0	2715
14	1665
326	2844
0	1687
1065	0
0	9
0	9
0	4
42	4
13	20
0	89
0	59
0	89
215	39
275	382
0	382
295	845
0	128
0	182
22	0
0	145
3	4766
75	4815
5	3
0	3
0	3
117	0
687	0
17	0
0	39
0	13
0	22
0	56
0	56
1002	0
0	32
280	51
0	36
0	0
5	0
0	0
0	0
112	399
0	399
16	17
80	0
0	299
0	705
81	810
0	624
0	310
84	435
0	2
0	435
30	0
1858	319
0	319
2	3422
0	3430
0	2816
0	0
186	1494
14	124
0	21
0	1494
0	0
537	1133
0	200
0	1118
0	1133
0	0
526	638
0	638
0	45
0	7
0	48
0	135
0	119
3	1
701	539
0	540
0	0
0	0
0	0
18	46
0	46
0	40
43	111
0	111
4	29
8489	8386
0	14
0	137
0	0
294	15
0	8356
181	149
0	149
448	800
0	261
0	504
0	93
806	530
4529	0
1773	178
0	107
0	151
1	208
69	1669
0	524
0	507
72	1664
0	0
0	83
58	83
24	2848
5773	2849
0	25
12	25
0	0
0	0
0	0
0	1205
0	2959
0	2932
21	0
797	94
0	94
0	21
1775	200
0	198
0	40
0	459
972	475
17	0
20	0
0	0
228	58
0	0
0	159
0	236
0	30
0	159
0	219
0	0
0	1
100	1
150	0
11	0
60	95
0	84
3	318
3	300
0	74
13	78
16	329
0	0
73	2330
15	2330
47	7
232	3045
13	43569
0	17089
286	6471
1633	46994
468	0
0	2388
11121	6823
227	842
30	842
103	618
4	449
0	3
20	187
48	581
646	538
1925	3
579	32
0	32
2702	1043
1	1041
4	32
0	32
0	26
17	3
976	7
32	0
0	24
0	24
8	2
0	2
0	386
2	431
0	360
91	18
536	74
0	74
362	470
0	74
460	0
132	0
0	0
0	0
27	0
0	2903
16	6599
7729	7039
0	6755
7	71
0	71
0	0
47	38
0	33
0	27
75	4
0	4
15	28
946	239
0	185
44	157
5818	2
4	0
0	295
0	100
35	1360
0	3
177	1360
8	274
336	1
2	283
853	167
0	167
74	0
99	8
0	8
1301	15795
52	15795
38	0
48	134
17	134
0	40
0	0
0	0
350	72
0	7
17	72
23	41
0	26
0	23
0	6
0	26
10	4
0	4
53	1572
0	1572
0	0
0	0
0	0
4	3
5	108
0	105
56	315
28	315
181	627
0	627
58	0
0	157
148	157
0	980
0	1082
0	1065
0	10
0	43
1	48
2150	9
2944	944
0	225
2	918
0	0
0	0
0	27
2	8
0	27
2758	0
0	16
6845	6885
1993	221
0	221
0	14
2	14
0	14
0	0
419	87
0	87
11	195
775	414
0	329
0	20622
43	32708
205	32602
0	3
0	3
0	113
52	113
0	0
12	24
1237	2
0	12
2	12
8	12
0	17
0	17
842	0
6139	216
17	215
0	31
52	458
0	346
48	1826
0	717
5	1826
0	0
0	0
250	0
0	0
0	2943
9	656
0	13921
7	17726
0	651
666	22216
520	1223
84	1223
0	62
0	62
0	34
0	62
936	1
71	1207
0	1098
3	285
0	1282
0	0
68	50
0	50
1315	901
0	901
24	596
0	187
0	596
1715	0
1	6
0	6
324	0
2191	1
0	0
0	0
0	0
0	0
0	0
0	0
586	176
0	176
5768	7
898	1323
2	1227
0	1323
0	1227
13	8
15	8
0	515
0	189
0	34
0	391
0	394
31	550
0	196
0	631
15	593
1522	0
328	0
3068	1
0	0
865	784
0	554
17	233
7	0
70	0
105	0
3	0
826	4131
13	4303
102	0
9	3
888	1
0	20
0	20
27	334
3	92
21	235
250	508
24	204
9	547
11	300
0	62
0	54
0	90
53	90
0	66
0	0
0	0
0	0
359	1
0	3
0	3
657	474
0	474
0	0
1221	0
25	0
363	1464
42	1464
326	0
0	0
0	0
141	0
3134	0
16	0
0	0
0	0
0	0
0	0
0	0
0	0
0	0
2066	0
87	553
0	786
6	2333
13	2262
0	424
0	757
60	757
186	268
0	268
51	1081
0	59
106	1101
29879	2769
0	2071
0	689
0	173
0	144
0	165
0	173
0	173
0	173
0	0
0	0
0	0
0	300
0	401
0	401
60	37
168	0
527	210
11	0
12	0
12	51
1	51
1635	116
1	10
143	228
0	226
0	26
1807	957
0	0
78	5
0	5
0	0
0	0
0	0
0	18
0	292
0	8
0	8
0	5453
3	11761
5269	5403
19	11709
8	3083
297	0
62	352
0	275
0	0
246	0
6	185
0	79
3169	788
83	564
0	305
0	0
761	1374
0	697
0	519
0	1321
0	0
0	0
0	0
2077	807
9	72
17	0
0	0
0	0
0	0
12	13
0	5
0	0
2	0
0	0
0	0
7695	8
0	19
0	19
0	19
0	9
0	9
16	532
0	272
228	589
4	0
64	215
81	260
0	49
253	223
0	289
3	340
0	6
0	6
0	29
110	3
0	32
197	0
0	0
0	0
395	861
0	0
636	194
0	175
0	151
0	48
50	1555
0	4
588	1555
0	52
99	261
0	261
0	51
0	4
1118	2
346	371
13	371
21	34
0	34
0	1244
0	1165
0	1228
4	157
0	157
0	62
0	21279
5	1118
1255	1113
0	285
12	55
29	55
129	894
830	894
0	6
1207	0
12144	4596
7434	3
186	1809
6	210
0	302
0	319
78	1852
0	3925
0	4075
0	0
3164	2475
0	247
0	2451
0	2042
0	2239
0	2445
0	2279
0	1920
0	2457
0	1932
13	2452
0	102
19	102
38	139
11	212
0	212
14	30
11	30
64	3971
259	0
105	929
0	929
0	361
0	262
332	347
0	0
19	5
0	5
43	96
85	96
0	6604
6	0
710	5
0	78
14	124
10	6
22004	9
6	21
62	27
2	6
950	76
0	71
1	0
820	470
464	453
1	3257
0	2586
2394	820
0	820
22	1722
0	50
8	1722
0	0
17	77
5	88
18	5829
273	1906
0	1207
0	1354
0	1141
65	5646
7	83
0	80
0	10
1856	0
375	0
0	0
0	0
0	0
488	0
6566	3
0	146
0	223
320	303
0	173
65	173
0	75
69	179
36	151
0	152
0	152
5141	1301
265	1023
0	0
0	0
0	0
0	0
8	0
29	0
0	943
0	96
1	9
0	39
0	156
18	0
237	167
1050	362
90	3717
38	3866
41	3693
0	3766
0	3392
0	3752
84	17
0	0
0	8
0	17
1	254
0	43
0	220
0	3
0	51
101	51
128	1102
0	1102
0	0
60	138
0	138
4615	2
4070	4
0	472
0	463
2727	0
987	4
0	13
0	13
0	9
13	18
0	0
0	0
0	227
1210	227
3393	6
0	129
0	129
0	129
0	0
174	0
100	0
73	0
1049	0
0	30
11	1317
12	1385
0	1301
160	0
84	2110
8	330
0	244
1988	2113
113	810
0	810
10	98
0	25
579	260
3	204
0	0
4815	3
0	0
4	263
0	263
188	2573
168	2511
106	0
0	0
2786	5
0	0
0	0
0	0
0	13
9	13
888	2417
0	1249
515	346
16	325
0	127
0	0
7	0
425	1447
0	66
166	386
4	8
0	378
0	0
657	36
0	36
0	0
0	0
0	0
31	0
56	0
349	84
9	84
43	849
1	849
30	203
0	203
218	512
0	0
863	493
105	493
2	452
0	1824
0	1793
2	923
1336	2267
41	1825
0	1821
171	1769
457	1533
29	1533
0	0
1279	1
0	0
1416	0
97	27
0	4
5	31
2322	5
1508	196
0	195
1696	73
0	51
0	45
82	4081
0	973
0	4081
0	3936
161	3999
21	18
0	18
0	18
0	14
0	7
0	24
7	3
43	28
8	12
64	12
0	156
249	223
0	223
0	0
0	532
107	532
5	519
41	3989
0	0
1125	0
770	3689
167	187
0	236
48	3728
259	159
0	0
0	428
0	0
31	91
0	77
0	15
329	0
51	72
0	34
0	212
33	424
0	424
0	17
1	17
56	356
0	0
212	4968
0	666
501	4872
44	481
826	0
383	1460
0	1460
0	0
5	0
56	5
0	5
48	3971
38	20
0	4
0	0
580	957
0	956
4234	3
19	38
0	38
0	16
0	16
47	21328
4	20970
117	21344
0	21115
135	23880
285	20823
29	0
0	0
0	0
0	0
0	0
0	0
0	0
133	706
97	0
0	0
0	0
45	0
18	0
4012	105
10	0
0	105
15	0
816	2
0	16
0	66
13	337
363	337
1553	3
0	409
157	409
0	0
1343	5
0	20
280	78
28	78
77	0
12	0
0	0
244	1420
8	937
55	260
0	363
23	363
1727	2244
249	2244
0	441
8	3376
17235	3166
3	3164
0	0
4	21
49	2488
0	21
373	0
6	253
1184	253
62	0
0	0
67	8
0	8
0	225
0	40
1	644
0	621
0	40
0	54
0	36
1	39
0	4
559	1
0	0
0	0
485	6757
6245	6567
0	0
0	5
0	0
580	0
0	38
0	151
294	383
0	337
5682	1
3331	1
62	0
62	3816
0	0
0	0
0	0
0	0
0	0
0	0
22	154
6	154
0	0
0	0
0	0
13	0
0	3967
0	3846
3870	859
0	286
0	571
83	0
0	0
19	213
1808	213
0	0
275	11
26	0
207	603
0	228
0	0
0	41
58	538
74	519
3	519
7	11
0	11
124	44
108	44
2991	0
0	412
0	412
0	104
108	104
0	5
0	571
114	1801
1859	1666
28	1675
0	562
0	504
61	0
5619	187
0	182
0	0
515	0
16	1434
283	3147
2	3147
255	185
0	185
0	156
0	156
0	19
41	19
0	35
0	39
0	108
944	165
6	25
11	549
0	589
0	578
0	97
0	222
25	222
830	0
0	2464
0	49
22	1284
5	14534
0	10327
0	14311
0	14212
0	0
38	0
0	0
0	7
11	7
1	0
10	36
0	36
48	9
569	112
0	69
0	112
72	0
30	324
0	324
2914	1
155	254
6	0
337	254
36	0
893	1
0	0
0	0
0	0
0	0
0	0
1540	0
0	0
209	4568
499	4569
645	193
0	80
30	80
0	1235
552	1235
592	39
0	44
0	18
0	20
0	44
0	0
0	12
10	12
0	23
0	23
7947	3004
0	2999
44	3067
0	1214
5	1136
0	1268
0	897
1701	671
20	294
7	673
0	133
17	251
727	4090
0	1535
0	1691
0	0
0	0
1	0
8035	0
175	268
65	0
243	134
0	18
71	325
0	63
0	5
11	13
326	81
1675	358
1	227
0	131
151	384
26	371
2411	0
11	222
0	23
7	612
0	127
0	576
0	356
0	101
0	92
44	381
0	95
0	44
2	18
0	63
0	83
0	2561
2727	10487
0	6569
0	0
924	1645
0	1645
454	0
2200	1500
90	0
33	20
17	3288
123	356
0	47
0	86
0	40
0	3288
61	1239
63	333
0	0
0	0
34	333
1322	569
0	102
10	261
166	261
113	7781
1274	7786
0	3
605	7658
0	3804
0	0
0	76
8	61
204	0
4	144
0	132
0	172
0	171
1	141
0	171
45	119
0	11
0	16
0	16
0	407
0	820
0	781
1	439
0	306
0	50
47	0
33	187
0	187
0	157
860	112
0	112
104	150
0	110
0	30
0	150
0	148
0	297
92	297
2822	3064
25	293
0	128
7	202
0	6
1	202
2503	1
0	1789
0	1071
999	1813
19	0
445	0
0	0
0	0
859	1143
0	0
0	0
0	0
155	0
0	1087
1888	2672
0	2668
11	3
0	3
407	501
0	267
0	477
62	76
0	76
0	558
8368	558
1073	25
0	25
74	109
14	104
1384	109
53	7889
3672	4721
0	6923
0	3500
0	287
2	5010
0	4787
0	2267
0	1247
202	1624
0	287
0	14684
103	14684
290	76
0	16
0	76
0	0
17	8
252	8
0	35
152	346
84	23
585	307
0	306
507	2161
0	72
0	84
0	1939
5	2101
0	0
0	4296
3540	4297
820	495
0	494
37	66
0	508
0	508
246	890
8889	898
0	278
26	1193
0	1108
15	234
0	25
934	259
23	0
0	0
0	0
0	2243
0	60
0	2497
1	2298
0	2446
0	2389
0	0
0	0
0	0
23	42
0	27
0	17
0	2
23	114
0	107
0	52
0	0
0	0
0	0
0	107
0	114
4	0
34	0
0	0
81	0
202	534
26	1381
21	0
485	1502
0	90
0	91
0	1502
0	286
0	280
723	1081
3836	3675
323	1350
0	803
4515	17
73	1149
0	35
0	5
0	9
18	1149
0	0
11	0
273	167
0	10
0	34
0	139
14	143
17	143
0	6
0	6
225	361
1603	1
361	3063
3	3063
0	768
52	768
20	58
17	47
1239	484
0	311
2	458
23	71
0	71
1049	0
0	377
0	646
163	1681
0	553
2	1653
1741	6916
0	6916
0	0
0	0
18561	4369
0	0
0	97
0	38
0	89
212	0
7	56
0	56
1	0
0	537
0	116
13	840
3968	1513
847	3
0	0
0	0
0	0
17	0
31	52
0	17
0	17
0	0
0	250
0	250
0	0
1031	0
4123	0
14	11970
69921	12104
0	3440
62	39
0	63
16	53
1203	1
0	942
270	942
21	97
14	212
0	0
0	0
30886	4305
0	4282
111	635
15	117
227	591
4868	0
634	1183
17	1192
0	0
0	204
146	204
2621	331
79	341
41	111
0	395
0	254
0	0
0	1
0	0
0	0
0	0
73	0
57	95
255	98
1023	0
0	11
0	158
0	158
751	0
28	52
53	53
0	1
0	52
39	0
0	0
0	0
0	51
94	51
7	13
0	64
0	49
97	107
0	107
18	215
0	190
7388	405
2195	9269
0	9258
0	1540
749	260
551	392
0	392
401	331
0	225
12440	3
26	573
0	143
0	524
0	567
0	0
0	2834
3148	2828
18	817
68	514
2056	1311
60	96
0	3
0	72
0	1311
41	121
393	867
0	867
1436	212
0	50
0	0
0	0
0	3
0	2
49	137
0	135
98	0
7	567
2	562
0	0
77	4
0	5
0	0
0	5
0	2
0	2
0	699
537	699
10	49
0	2
0	0
0	49
22	14
0	14
537	0
3114	1246
0	181
0	0
6	56
1359	4200
0	701
14	337
0	3875
300	0
431	427
0	33
0	394
27	5
0	4
0	0
0	22
0	13
0	22
0	30
0	30
28	152
416	278
0	16
24	29
0	0
362	135
34	2080
16	1168
1387	2080
14	1086
2232	495
0	556
0	589
0	654
6	11
0	11
1958	0
83	3
792	0
854	631
0	631
189	325
0	480
140	1143
239	2018
9	11876
112	2533
0	11931
8	11887
67	0
27	0
22	186
3	322
32	340
34	14
0	14
54	39
0	39
4	39
8	413
2852	330
261	321
8888	4837
0	4836
0	459
84	239
202	536
34	123
0	128
0	128
1	0
35	331
0	331
3965	1063
0	127
25	929
5696	7
214	0
26	256
0	241
27	49
0	57
0	46
0	212
0	26
179	203
0	568
208	568
2505	0
244	64
0	64
0	178
59	270
0	269
259	119
37	833
55	833
656	0
2036	184
181	0
118	238
0	235
0	3
0	153
1434	10261
142	10287
11	5
0	0
0	0
0	0
0	0
0	0
0	0
0	0
2265	266
0	265
68	0
84	22
0	22
3	439
816	824
0	746
3	132
1562	1140
0	33
79	583
147	1145
1	926
178	1206
4196	38467
327	39262
0	17044
0	0
0	0
353	4627
1	4627
9	3
5	3
0	2347
0	1627
38	3135
16	2605
0	2502
8	0
0	0
0	643
0	25
160	643
4	38
0	38
0	38
2251	281
0	278
550	349
0	27
0	322
114	33
0	32
26	7124
19927	16980
110	835
6	15093
0	1046
0	221
0	367
17	201
20	59
145	130
5	71
0	563
21	563
433	563
2	0
68	0
0	173
169	881
0	127
0	835
502	5
1347	438
0	437
0	0
1380	0
0	0
0	0
0	3
0	0
0	3
0	3
0	3
0	3
73	0
64	1548
0	284
167	375
0	0
238	0
0	12
116	154
0	164
0	88
76	99
74	1185
155	1
0	0
843	357
0	227
0	91
0	11
0	26
0	121
0	116
0	47
0	121
161	1181
0	219
0	229
0	1512
292	1512
0	1266
171	1266
3	0
0	0
1	17
0	193
0	198
605	344
5	78
811	88
0	88
738	85
36	51
0	8
6	0
660	0
46	0
682	0
0	55
0	7
1231	7
63	1109
549	1109
29	340
0	253
0	1168
53	1240
691	217
0	13
25	13
0	3
0	3
2572	724
208	323
32	401
1609	22
9	22
628	441
0	132
196	1312
0	538
0	290
0	1312
9	18
1	5
76	159
175	492
0	0
0	459
0	446
9	506
17	0
47	0
5	0
86	290
0	290
2616	48
0	44
0	63
270	121
0	58
123	557
0	557
14	557
975	0
0	0
0	0
61	7595
12	7288
917	7320
0	26
0	0
0	26
3119	1109
0	0
0	43
0	10
0	75
28	10495
479	10495
77	0
0	1195
0	264
0	1307
0	1365
38935	15
105	284
124	284
400	298
12	126
0	298
0	2
0	2
0	0
38	118
14	1
6	118
115	196
0	196
0	0
3	0
0	20
0	20
7696	3
20	0
0	104
0	78
0	266
0	273
0	0
291	1676
0	1676
0	897
1363	1489
0	482
0	301
0	48
2	29
821	48
2703	0
0	0
0	45
0	85
111	0
0	0
0	0
8	5
0	0
0	5
1255	81
0	81
427	0
0	0
1	0
0	0
8	1029
129	907
0	89
13	1187
0	439
31	439
3734	2766
0	977
36	1106
4	0
0	0
22	114
23	75
0	114
5	1
74	1
0	2
29	8
0	8
0	0
0	0
0	165
196	165
2141	2
45	1308
13	38
20	1223
0	7
875	0
299	0
66	558
86	558
37	417
0	349
0	417
12	38
0	6
65	0
0	0
1	163
5	361
139	361
34	9
0	9
1	0
27	152
49	152
0	27
39	373
0	51
7	373
0	2781
65	2781
12	0
58	0
0	0
862	0
47	153
0	153
1403	37044
102	37044
80	0
0	97
0	93
64	310
0	310
203	774
0	80
18	774
2504	3225
1162	0
104	2147
30	2147
0	7
0	51
13	51
1769	0
29	0
0	7
4	7
0	0
1267	0
817	41380
315	5120
0	4923
30	41577
0	59
0	930
0	1641
1751	1678
0	60
516	178
4329	5
5	0
253	449
0	449
40	22
0	5
0	98
1096	103
649	0
5656	3
85	37
0	37
65	1810
229	1810
30	8
0	0
0	0
1242	228
11	228
750	539
0	536
0	0
0	0
0	0
120	36
0	36
1	511
0	12
448	12
0	256
73	84
0	55
105	0
1322	0
73	101
0	37
457	134
46	777
0	101
22	777
0	27
1	110
0	100
0	155
0	25
0	520
0	9
0	75
0	2779
0	2769
0	2675
0	0
7	34
0	34
0	0
321	5389
2	5389
0	0
0	3
3	3
0	63
497	268
0	44
0	67
0	268
0	0
0	0
30	1538
166	21
963	90
0	90
0	136
0	132
12	2151
0	975
0	975
45	2105
31	61
42	61
156	0
98	12
0	12
0	10
76	42
0	26
0	16
0	16
0	97
0	0
0	0
0	0
0	3116
0	44
19	3159
773	0
0	473
29	630
87	12
10	27
110	27
136	597
0	597
444	0
420	45
34	42
475	0
0	44
99	44
2	0
109	16
0	16
832	166
0	166
0	0
34	0
1299	0
0	6
145	6
1001	710
24	710
0	0
84	9
0	9
0	0
62	129
21	129
3239	627
63	27
0	646
0	613
0	280
223	90
0	9
0	79
217	0
83	330
2984	331
26	161
177	100
166	52
0	52
254	0
29621	16
27	164
2	164
0	0
0	0
132	0
101	4195
0	31
131	3570
11	4037
6	107
4381	3
0	11
0	12
0	10
0	31
0	31
0	32
0	31
0	37
42	19
0	18
0	18
4668	0
16	0
21	0
19	41
0	96
40	96
165	0
0	90
13	90
4814	2
841	97
0	97
20337	8
433	0
10	0
667	1987
1	542
0	390
0	388
0	24
0	365
0	383
0	383
857	2145
212	2143
291	0
954	0
48	124
0	124
0	87
83	373
0	118
0	20
0	75
4	1169
0	51
1366	476
3	473
1102	0
0	8
19	0
1478	1300
0	175
0	1126
18	752
244	5181
0	5132
3759	18174
23	18171
0	12880
56	0
334	0
458	0
172	30
0	30
2361	1323
37	1321
0	4
30	94
0	0
16	8
0	3
3774	11
0	0
87	0
1173	62
0	62
91	106
113	106
3	10641
0	5513
0	9476
25	8076
3	11052
32933	15433
0	8002
0	2485
61	2384
0	1239
1050	53
0	53
24	8
327	949
150	609
6	71
1	1018
1486	337
0	0
0	0
20	11
0	0
0	280
181	280
0	39
679	39
0	62
476	62
0	343
0	210
0	272
0	381
8	240
26	35
0	1551
11	199
15	1512
870	0
0	2
0	0
17	2
166	0
9	304
0	270
32	326
3	326
78	6
0	5025
0	5121
5	5124
41	6
0	6
0	0
659	0
71	0
6	58
3	79
431	627
0	58
0	627
1556	1520
0	735
0	1492
1619	2
0	12
0	4
0	0
0	12
0	53
0	117
58	985
64	985
3478	2572
0	2571
107	0
512	941
0	201
0	308
1100	1
275	607
0	708
1859	1609
0	1609
653	192
0	192
88	470
0	2425
0	316
0	4830
5	58
0	4280
0	4222
1752	4688
381	976
22	38
0	38
1007	0
83	0
0	0
1846	2
3241	573
0	572
133	638
6	638
31	240
76	26
0	14
84	12
4	921
28	956
0	953
0	984
2	897
0	0
0	0
0	0
0	0
0	0
11	0
0	0
0	0
0	0
0	0
0	0
0	0
0	1008
0	744
0	1018
0	1012
606	367
0	367
93	0
0	0
0	0
0	0
8	0
0	0
523	0
145	531
0	531
38	30
0	30
15957	1184
0	0
3829	0
43	1385
0	1385
19	86
0	86
0	5
0	86
0	34
0	86
0	86
163	77
131	77
0	30
7	30
0	0
14	262
0	262
65	0
57	397
0	397
130	0
6319	8279
0	8279
0	0
287	3642
0	3642
0	6730
1	15114
3233	56316
0	39489
7	56322
33	0
1354	0
40	0
211	712
0	735
0	0
0	64
0	22
0	196
432	2507
0	2455
0	158
0	158
43	471
8	361
8	320
0	441
137	0
6	0
0	0
8	0
0	0
0	26
0	26
984	1
1050	0
0	236
78	236
33	1092
0	1092
0	1092
1342	1014
18	19
17	588
0	569
0	5
0	5
0	0
0	0
0	5
0	5
1283	817
47	817
648	0
0	199
15	5016
0	4872
0	0
0	0
9	777
0	443
169	1219
0	1138
0	218
801	492
0	0
1260	12
49	250
0	231
10	230
384	231
0	0
0	0
5	0
3115	3
0	0
0	0
0	7
0	7
0	7
4251	5252
3	468
0	380
0	5091
265	4904
732	0
13	0
0	562
2957	1763
0	1868
17	1766
221	0
0	449
0	441
6	453
0	456
0	362
1013	1028
0	1016
1518	0
375	11605
2743	11605
4	2988
0	413
0	272
6	5156
0	4479
0	4953
180	0
9	119
7	119
316	0
2559	421
0	419
2	31
0	121
0	121
58	168
0	103
0	69
762	34
0	34
12	10
1	10
688	410
16	409
0	15
0	15
0	15
173	2346
4	373
29	2345
5	0
0	0
0	230
0	4201
143	4286
4	43
0	8
0	34
0	43
0	19
49	361
0	595
0	666
0	0
0	10
0	10
0	79
0	5
0	0
16	79
19	91
19	9
0	2650
80	2764
0	57
0	95
0	0
0	0
103	1644
81	1512
0	128
0	135
0	354
241	1505
54	1456
0	199
349	0
169	1353
3230	1353
7	137
0	55
6	137
12	2597
0	33
0	742
0	909
514	808
103	1840
9	1840
0	2031
13	1972
0	313
128	119
30	1687
808	3
2412	0
1522	2262
5782	1003
288	13
1706	472
0	464
0	15
56	0
0	210
81	791
0	791
10	1
0	0
0	0
510	0
72	1309
0	1309
10	8
0	8
0	251
0	0
1446	3778
0	3770
7	3722
174	0
305	117
0	117
196	9
0	9
29	393
13	164
0	352
3	0
0	132
379	132
6	0
9	0
0	0
0	55
101	55
313	242
85	242
1799	405
0	405
0	7
76	70
0	70
74	115
20	1585
0	1585
13	1386
218	0
471	0
1581	5
15	0
10	37
86	44
0	87
1165	568
57	0
90	396
37	1355
132	1355
126	68
7	32
0	36
0	427
234	534
545	0
16	0
30	236
13	226
0	70
55	103
278	27
15	27
2421	1458
0	1363
0	1364
0	1451
0	5
0	5
0	5
0	5
652	76
0	76
12	0
13	0
3731	0
2022	44
0	31
0	31
597	4314
0	321
0	98
3774	1976
2	0
0	0
0	0
4	0
0	0
0	73
61	73
91	36
31	3
0	22
558	250
124	52
0	0
65	0
14	23
0	0
0	23
2	0
0	129
7	133
1	133
385	687
39	0
0	502
51	1281
0	1344
0	1228
1096	0
389	0
492	1
907	28
0	28
187	0
41	12
0	12
0	0
1057	1123
31	1123
14	132
811	360
0	357
0	0
0	0
2539	1623
53	1620
766	0
0	0
350	97
0	97
0	0
552	0
41	38
0	298
0	150
0	538
0	202
4	91
0	544
0	955
0	31
473	31
373	0
11047	1465
0	1464
4087	218
24	218
7	0
88	0
1249	0
124539	91735
483	0
0	0
0	0
0	0
5	0
0	0
0	0
48	0
0	94
2474	107
3561	400
6	392
0	1138
0	1015
0	518
798	2295
0	19
0	0
5	19
35	213
4	60
0	23
0	13
0	0
55	316
525	316
586	1
0	0
44	78
0	78
0	74
0	101
71	101
0	0
0	0
6283	0
9	0
247	0
1382	415
0	386
0	335
149	0
237	171
0	53
16	179
12	0
156	62
2	62
0	51
8	4133
0	4140
0	3994
10938	9
0	53
0	1
0	219
0	67
5	186
0	0
0	0
0	0
0	0
321	0
65	835
229	1383
20	1185
75	0
0	0
2882	0
90	182
942	182
374	0
0	0
0	0
43	0
0	0
0	0
0	0
0	0
5	511
3	526
4189	10244
0	4507
402	10173
0	10173
3167	455
0	455
298	0
0	0
777	0
130	0
0	0
37	20
0	20
0	0
0	0
0	0
0	1630
671	5152
0	5186
0	5186
3757	2
1044	6
13	938
1888	1046
0	1046
35	756
0	756
1846	1
0	11
0	11
265	9
2036	228
1	228
194	43
0	43
940	0
190	46
0	46
0	74
0	139
3	28
66	683
9	651
2830	1
5	0
0	716
0	695
0	781
0	755
0	677
58	0
0	113
149	382
0	269
0	26
19	26
608	175
0	168
0	351
0	344
0	14
0	344
68	347
380	17
0	17
4	3
0	3
0	3
0	606
8	413
0	815
899	1087
1	777
0	85
38	85
1390	0
113	325
276	12
0	605
337	605
0	19
0	19
474	1406
0	0
119	35
0	35
0	35
12	0
156	1064
232	892
318	892
40	340
11	340
90	679
0	679
8	424
255	616
4241	4
675	620
0	619
0	0
18	0
1258	0
0	204
2008	273
0	0
4	0
27	110
140	110
4017	450
0	448
681	294
1	167
0	294
1018	0
3	119
39	80
273	401
0	392
49	391
67	90
28	29
0	7
0	5
0	0
0	288
0	295
1	5
0	13
121	0
0	0
0	0
1073	5
52	44
0	44
89	0
0	0
11	1050
7	1050
0	0
0	7
0	26
0	7
5	26
18	30
0	0
0	0
19	179
1186	2545
25	1271
0	2538
0	1497
4230	1930
0	725
72	577
67	651
544	616
0	616
104	104
49	104
9794	10657
19	7
0	0
0	0
0	85
0	18
0	13
0	79
0	1
0	1
159	0
143	22346
45	22352
2	1364
12	16724
0	0
0	2
3	2
80	15
0	510
3	260
4	0
1170	2232
83	0
31	0
9	0
32	2536
0	2535
0	1724
0	2554
0	0
0	0
0	125
0	149
0	362
3	366
8	0
0	1885
87	1885
35	0
0	2
96	0
0	0
352	2408
0	2329
0	2529
7	0
1128	0
0	0
0	0
0	0
0	0
0	0
525	0
158	388
0	0
583	74
0	74
10	0
0	57
405	660
0	84
10	47
27366	9
0	24
3	24
2826	0
0	38
74	126
6	126
0	31
0	141
0	138
0	6
0	6
0	6
22	218
0	77
0	218
816	0
0	7
0	30
894	41
4837	12964
0	11936
16	28
0	28
5717	4
2216	0
0	0
0	0
0	0
0	29
61	88
0	189
0	51
0	51
0	918
106	879
12	1126
5	2476
86	2429
0	0
254	0
20	30
14	4
0	26
1472	0
826	1516
0	131
37	1507
933	3
6	2683
0	8429
14772	11114
0	0
25	1234
232	1901
0	667
34	57
302	246
0	6
17	52
34	284
0	59
0	40
0	268
0	81
115	283
0	12
0	0
0	0
0	12
0	19
113	19
0	0
25	0
5	0
11	0
0	13
1	13
415	164
0	164
288	1652
1227	1653
0	0
18795	4
64	97
0	48
4	87
0	34
0	48
0	34
1908	327
13	152
0	291
10	10
135	10
0	0
0	0
0	0
0	0
164	518
0	459
3	459
1125	111
0	111
967	1075
8	114
4718	543
0	530
0	66
0	39
0	69
0	82
33	125
0	89
6482	2489
2	0
24	475
19	54
4	445
744	1
21	63
0	84
0	0
0	536
2107	2137
0	2119
3	1958
1669	451
13	8
0	0
0	8
0	0
9386	3562
0	3539
0	3538
37	3373
0	3561
0	514
796	857
0	453
0	337
0	786
4	367
0	642
0	497
767	733
2	130
325	2816
285	2816
0	0
250	159
83	27
12	27
2	14
0	14
2204	720
0	718
16	476
498	476
5	20
2073	414
0	392
379	21
0	392
809	129
74	129
1	0
447	3670
0	3670
0	0
0	0
0	0
26	0
44	61
76	1429
0	1384
13	1320
64	290
0	0
126	0
2	0
0	44
21	44
441	0
490	159
10322	945
30	0
2510	639
7	107
0	532
2099	98
0	97
2	1730
23	1722
0	159
0	2206
0	2045
431	2375
10	0
128	0
0	2384
309	1985
361	2022
13	316
883	316
0	0
0	0
1685	0
186	8
0	8
5416	169
0	156
2	80
0	57
0	28
204	2803
0	2565
0	6879
0	6930
8	1922
0	0
0	0
1232	478
0	206
4	27
0	27
54	86
0	35
0	28
0	92
0	98
5	105
832	2124
3	640
0	2044
0	0
632	0
10	96
655	130
0	169
27	2616
34	3507
41	1167
0	2299
0	2441
782	1
10276	1572
0	1572
93	659
0	659
619	0
46	79
0	79
673	6748
0	3696
7	4724
0	1599
0	0
56	0
0	8
0	8
21	8
0	0
0	0
0	0
0	0
5	57
143	57
0	0
14	0
0	0
0	627
8	61
15	107
0	627
2715	362
0	359
2685	2602
0	614
0	557
0	1471
0	34
0	68
0	100
154	107
0	95
42	2968
40	2968
0	2124
0	538
0	0
0	1291
0	1631
0	955
2	1627
0	839
764	839
0	1
0	1
0	22
107	22
0	0
17	51
0	51
108	0
75	0
0	0
489	0
483	0
0	813
0	848
0	759
6	0
24	54
0	54
186	0
5508	358
0	357
75	1105
13707	1112
0	570
0	505
0	1136
420	0
2919	1
0	44
0	664
0	44
0	855
0	855
0	527
0	57
0	33
14	92
0	68
0	45
26	78
0	1
0	529
0	465
0	446
0	209
0	34
0	34
3230	1354
62	1218
0	1064
0	0
3	0
0	0
0	0
0	190
12	217
0	251
4	840
16	99
0	2622
0	26
84	2683
0	840
0	914
97	388
0	218
0	413
0	0
5	2
17	2526
0	293
0	2586
14	165
0	162
0	10
0	0
0	0
0	0
398	0
13	32
24	32
0	0
12	0
0	1
19	22
0	22
336	0
37	0
0	54
280	54
24	383
0	383
446	450
1885	93
0	86
0	1184
0	413
0	433
0	1329
152	1494
109	252
0	90
4	146
5	2
0	8
0	181
0	107
12	957
48	964
0	927
0	909
0	0
84	0
0	54
0	16
0	62
1359	2208
0	2208
5	58
0	58
8	27
0	27
96	63
0	7
11	7
74	3
0	0
0	3954
0	4237
0	1583
0	0
1219	1678
2	808
200	1426
1318	0
0	0
2665	0
0	266
31	3
35	269
344	23
0	23
0	0
34	0
0	0
0	40
246	40
75	179
0	123
7	179
625	96
0	96
0	0
916	0
0	0
146	5
0	5
0	0
0	16
155	0
7	8
0	804
0	175
0	530
0	599
0	394
450	1255
70	746
0	312
13	354
0	354
0	0
0	0
460	453
0	377
0	474
0	462
0	0
0	0
0	276
0	677
0	1174
5	1029
0	243
8	159
15	243
0	0
0	0
0	0
0	0
0	0
0	0
0	0
0	0
0	15
64	8
0	8
0	0
0	0
0	151
78	201
0	401
152	602
129	187
0	187
380	1580
0	52
0	1580
0	211
7	124
0	289
70	500
4159	0
238	729
0	729
0	0
0	0
52	306
0	210
34	2718
16	4605
0	4458
0	27
0	47
111	0
1106	0
0	290
2395	300
0	102
9	2709
12	2709
11	2421
0	0
14	237
8	242
0	242
0	80
12	251
24	259
0	10
0	2
12	12
0	2
0	2
0	2
3054	0
202	617
0	625
194	0
9	3595
99	3072
0	454
455	3355
0	3353
0	587
0	2993
59	0
12515	5077
0	5069
50	39
84	6
0	6
0	0
0	0
0	7
0	2674
13	3316
6514	17558
602	15974
74	253
65	253
3080	616
0	89
0	35
0	65
0	635
0	0
0	0
0	0
0	2141
4	66
18	283
235	2141
164	0
0	3
0	7
0	171
540	762
0	776
0	0
57	4
7	0
0	640
0	6286
0	6367
6	6283
0	6269
0	6194
12	5620
0	6220
0	6464
301	366
0	156
27	67
511	1236
2	1236
251	21
0	17
0	0
69	1025
25	1025
146	6
0	6
16	37
62	37
5	5
0	5
0	27
16	441
0	444
115	4
84	418
0	418
0	2
0	0
0	0
25	93
272	0
1239	34
0	34
0	0
0	0
0	0
0	443
380	630
0	243
0	483
27	634
7	0
256	0
308	873
1740	620
15932	8620
181	8615
723	49
0	49
0	136
877	333
4	136
0	190
1307	0
2360	1
1	20
34	0
0	149
0	74
0	154
0	67
0	199
1	251
0	134
2	612
0	134
0	789
0	541
208	0
3	0
1414	0
202	703
0	155
0	358
14	453
3	407
2218	0
1104	0
58	95
0	0
0	0
0	0
0	0
0	0
0	36
0	36
0	0
0	142
39	142
1	3
0	0
0	518
0	333
0	447
6	623
0	820
18	638
30	714
32	4642
1	4739
25	655
157	0
35	431
0	107
0	431
433	617
131	617
1463	0
380	0
22	0
559	21
97	0
550	280
0	52
1	323
0	68
561	68
31	616
0	616
3424	3
0	0
3	0
0	203
817	203
415	0
82	0
5	0
0	0
0	0
5938	3
23	280
0	403
0	31
0	368
177	3792
0	26
14	323
127	3799
0	1241
104	1241
122	1246
0	211
0	0
0	207
0	211
0	211
789	22
19	22
419	3110
4895	3110
0	15
0	20
0	20
1007	1569
0	108
54	108
1	1334
0	556
2518	1339
5210	2618
28	2616
54	2601
144	74
15	0
0	74
0	0
2241	1
82	443
690	340
0	265
0	419
0	238
9	1281
1956	1804
0	1783
27	1295
1183	0
0	0
50	1639
18	1189
0	48
20	1177
31	1390
0	34
7	73
0	51
13	90
78	1114
0	232
23	1002
0	663
0	0
339	1816
6459	9
0	1236
0	0
0	0
76	0
7	0
0	38
0	47
0	0
0	0
16	47
0	32
0	90
1085	860
34	759
2405	0
0	52
1648	1926
215	0
39	1008
3	1008
4649	0
688	339
0	337
0	35
0	35
64	697
1118	697
0	0
0	67
29	145
225	297
0	1
0	283
27	151
395	151
0	0
5128	121
0	4
253	1081
0	1081
0	0
105	139
0	139
0	0
0	66
0	100
0	66
0	100
0	100
263	1
1442	286
2	286
78	1635
21	1635
500	0
0	0
38	0
403	0
6	0
10	0
0	0
0	0
0	7
606	0
10	11
0	0
0	0
188	229
12	46
0	238
35	587
98	587
60	104
606	67
0	67
13	126
194	126
179	376
0	0
0	376
164	0
75	464
0	421
0	420
0	484
0	475
0	384
0	38
9	384
5774	1
342	0
0	50
29	50
32	0
40	0
16	946
260	946
3	22
0	22
0	22
0	133
0	144
0	149
14	128
18	1497
0	1497
2579	0
73	0
993	2246
0	262
0	1455
11	336
0	1475
259	270
0	2098
1	2172
0	2098
0	2005
4	47
7	47
3	0
0	0
0	13
0	13
25	297
0	182
2942	371
5	258
0	134
0	826
131	826
18	0
46	250
78	456
1218	2196
0	2219
2839	3
0	102
0	39
4	1021
32	1021
0	0
0	0
0	0
0	0
20628	7754
405	505
0	176
39	305
5	305
0	25
0	25
1683	1
241	0
595	499
0	132
0	158
0	499
5994	4
0	0
0	0
0	0
0	0
0	0
482	0
8	0
0	0
0	92
0	95
0	4
61	35
751	1
0	0
71	0
5346	551
47	570
509	0
7	0
8	27
0	27
1225	0
571	0
0	28
0	2
21	160
189	137
48	3779
0	3779
13	120
0	139
0	139
0	139
0	139
15	900
4020	841
16	140
0	23
6	136
0	150
503	62
0	62
631	0
0	181
32	181
0	2
0	2
27	36
14	683
71	175
2119	0
0	100
789	100
3	191
66	191
0	71
171	0
0	95
0	92
9	77
61	0
14	0
229	3518
0	285
19	3329
177	217
0	215
7244	404
12	404
442	1287
0	69
0	1248
9	221
106	0
26	0
2	16
0	16
713	0
0	513
0	295
0	74
0	29
686	1491
10	1273
0	676
91	676
0	0
0	0
0	89
131	2364
0	2485
0	2429
754	718
302	722
3357	4270
3	194
0	427
0	0
1236	199
0	10
0	199
0	0
0	0
0	0
14	3864
0	3864
0	164
3976	3819
123	0
5	2
0	2
573	3727
0	3727
0	829
5407	5
89	0
0	0
0	0
25	282
0	246
328	366
0	0
0	4
0	16
0	11
7	335
0	0
1	0
0	0
0	1
0	1
1721	0
0	0
0	0
0	1170
0	1182
5	1180
4	1184
0	589
0	0
1040	238
0	237
15774	8236
10	8235
107	1203
462	1203
61	5
0	5
2	31
1143	33
0	0
0	0
0	0
0	606
0	221
0	610
0	221
133	610
25	242
28	12793
0	253
0	12887
0	435
35	3430
1436	3453
0	417
0	0
11	0
672	3
22	608
0	574
0	711
856	12835
74	5099
59	4364
67	12451
15	3
1	662
0	4709
8	4730
18	4724
0	4715
0	215
0	166
0	184
4	159
36	0
0	0
0	0
6	0
2007	2777
49	953
0	2777
3276	1
0	0
2	0
13	840
43	840
89	0
500	853
0	852
419	0
17	345
1890	345
0	0
0	1
0	1
0	1
0	1
0	1
0	824
11	697
26	861
0	379
0	387
1	391
0	383
0	363
46247	15
52	66
41	66
0	29
0	84
12	492
39	492
7	36
0	428
0	0
71	168
3	81
13	0
8	16
0	0
42	57
0	57
2	953
50	953
0	953
25	2591
601	2591
0	0
4	108
536	230
0	275
25	1931
0	41
0	82
224	1867
0	0
0	0
0	0
0	22
0	0
7669	2571
0	2565
0	477
147	658
0	656
49	657
29	657
0	12
0	37
54	47
0	22
0	24
0	31
0	0
78	0
1077	708
0	704
1088	2497
119	2497
0	0
0	0
1723	18
0	14
4309	0
0	7
32	0
0	811
0	900
0	751
0	735
0	445
0	391
0	0
0	0
0	2
0	0
0	0
0	0
0	18
0	14
10	32
58	853
309	853
640	1393
0	1393
28	1477
0	1502
0	329
0	46
29	119
10526	1
2854	10071
0	3286
11	5880
0	4306
1052	0
112	5450
28	3047
737	2189
97	4871
0	0
0	11
743	1396
0	342
0	135
6	129
0	58
4	1052
254	0
0	91
530	0
0	6
0	0
0	0
28	24
0	0
0	21
0	0
0	4
0	0
0	16
0	6
3	35
0	35
0	35
0	19
8	51
784	51
93	0
0	0
0	0
36	795
7	795
122	654
0	654
2514	262
7	262
15466	20
5847	1479
0	122
0	534
0	1418
62	280
0	18
0	1275
0	2862
0	2833
31	708
0	308
589	1
0	1
4289	3277
190	3314
5	2420
0	2748
280	284
0	101
0	284
0	126
0	139
404	224
441	4237
191	4238
0	4
0	0
270	507
190	46
0	8
0	30
0	33
0	30
0	0
0	0
0	0
122	23
0	23
1013	1629
0	1629
0	0
0	0
10	0
0	0
116	119
109	0
10	379
0	67
325	157
0	157
1116	3612
158	1918
37	1555
0	979
143	1128
0	948
0	2593
9	2884
0	2908
8	0
0	0
558	0
0	0
0	60
410	591
9	0
0	422
0	422
0	422
0	354
232	0
0	49
6600	254
0	202
153	2776
0	611
450	2776
0	0
17	0
0	704
0	618
0	587
28	52
0	402
0	296
34	313
0	480
1438	1538
28	1405
354	759
180	759
279	0
0	885
0	294
1007	898
0	322
2	562
0	297
0	77
0	65
25	65
0	28
0	28
99	41
0	34
0	3
2428	864
0	860
8525	8170
1245	3
0	12
0	12
0	34
0	24
938	0
1491	0
53	15
2	15
43	9
0	9
0	2
13	0
0	818
0	848
7	772
0	858
0	787
0	450
0	450
21	228
0	290
0	223
0	290
3	0
23	0
0	0
0	0
0	0
0	32
31	490
0	397
0	397
0	490
0	130
8	137
0	111
0	111
0	111
0	717
0	282
37	976
0	976
195	672
0	672
38	26
0	4313
0	4394
0	917
1357	5653
0	0
0	0
18	17
233	17
203	2261
82	3552
35	3474
0	0
0	0
16	0
0	0
58	51
0	36
1584	12826
81	12775
7	870
0	3820
0	12779
0	5
0	27
0	2221
24	31
93	2221
67	0
0	16434
4	11737
0	12132
22	16434
0	60
292	60
11	0
2	190
0	9
0	16
24	0
0	28
0	994
11	1332
0	1318
0	1363
1544	0
0	0
0	318
174	447
0	83
0	76
0	447
1563	447
505	362
0	362
1	0
0	0
0	8
12	8
230	81
0	81
1706	3576
0	3613
23	597
381	1
1876	3651
18	103
147	159
0	56
12544	2
12	4150
4524	4150
222	2
10	454
0	163
41	446
0	205
283	1106
0	179
0	919
230	233
5	233
0	13
0	13
416	1337
0	1337
502	0
61	6036
0	6036
2	2
707	2
2370	1123
25	1014
0	870
183	1698
0	178
0	1413
7	1706
0	5423
409	5423
2585	1778
7	946
0	1590
0	0
0	0
33	30
0	0
0	0
0	0
0	6
0	0
0	6
0	11
0	11
95	0
243	1
0	0
0	0
0	12
0	4
5197	3
2	4
0	4
20	702
1668	702
0	8
0	8
1	8
0	54
0	54
0	33
2295	128
0	62
0	66
87	17
0	0
0	17
19	1155
41	1155
11896	15400
0	6066
0	15396
0	66
0	7
0	66
62	0
425	0
56	1190
0	1190
0	7
0	0
7	0
0	601
2080	629
0	2149
3195	2149
463	397
10	397
56280	6
0	6783
2253	6817
7	87
51	150
0	646
0	408
300	646
763	1408
914	1407
103	39
0	13
0	26
0	1662
32	1662
8	1662
0	0
1	0
0	0
0	0
1129	0
0	0
49	0
2	16
40	36
0	29
0	36
3	0
0	0
0	26
0	6
0	20
2662	3218
0	3211
0	0
1	0
0	19
0	583
2	580
162	1331
0	1331
0	380
450	0
0	2
0	2
0	2
0	2
0	6
0	6
0	2
0	2
0	0
469	1495
8	523
543	0
41	0
0	573
5	620
0	0
89	351
0	351
0	14
0	14
0	0
335	0
45	266
0	341
480	136
0	136
0	0
0	0
5493	2
0	0
0	154
115	154
674	0
70	1290
10	1345
0	251
31	50
0	5
566	335
0	30
1034	0
1	559
0	279
0	103
41	539
0	460
19	11
0	11
536	0
497	0
142	230
0	145
0	172
0	155
0	145
0	155
0	199
0	203
273	0
0	0
0	0
6634	3
39	0
0	29
0	16
67	29
0	550
0	211
0	244
35	573
0	546
0	0
0	0
0	0
15941	4671
0	309
21	4197
181	1260
234	1894
0	966
84	105
54	966
54829	11481
0	1581
5	8499
0	0
0	2848
1889	2848
20	4859
7926	13590
0	2517
125	13366
2826	0
330	69
311	844
2196	0
0	19
24	19
6	13
0	13
887	5663
31	1774
0	5327
0	336
0	0
0	0
200	0
8961	6
3479	7
251	26
0	26
0	460
27	460
31	1860
0	2229
0	2312
1	0
1313	1092
2	1092
0	0
0	0
0	1620
0	1113
0	1937
0	1854
806	0
1482	503
12	0
0	0
169	0
226	205
19	61
499	2742
0	872
0	2177
351	160
0	0
0	0
32	399
560	399
254	0
17	1261
0	846
0	84
0	84
0	92
0	73
0	106
13	1657
4103	134
0	133
196	171
33	20
0	163
1589	1177
0	1170
31	1170
0	277
13	277
1280	0
31	1254
0	94
4450	273
0	222
585	0
247	0
2	0
0	0
289	0
0	28
0	595
0	1325
48	1852
0	1859
0	1888
0	0
149	1223
0	1223
152	44
0	44
115	156
0	41
0	24
0	0
649	240
0	240
0	0
0	0
0	0
0	0
0	0
0	0
0	0
0	634
0	3969
53	3969
31	0
616	0
5511	290
0	290
100	0
13	0
0	0
0	0
0	0
0	0
0	116
0	334
0	335
27	0
1129	0
14	23
0	0
2	92
18	56
317	276
13	0
0	229
48	229
44	204
26	229
0	0
182	0
48	752
0	711
5	762
6598	323
57	322
2	0
0	645
17	645
50	256
0	253
0	256
1	10
793	490
0	456
0	34
0	257
0	252
5	257
0	382
0	453
0	16
0	364
34	435
53	0
3	9
0	0
0	9
1211	774
0	772
0	0
0	28
0	0
6	49
0	49
15	832
106	11
0	0
0	0
0	0
0	0
130	99
1489	0
86	392
1	62
2	671
0	622
0	687
0	616
4193	5884
1663	524
11	405
0	70
8920	1642
0	616
302	363
83	728
3	11
0	0
16	0
789	106
0	103
0	62
46	24
0	12
174	0
0	15
0	15
9244	9
0	7
0	7
4591	6
1056	326
0	0
0	326
0	231
0	0
0	0
0	0
6	13
0	13
5	450
0	381
10	307
66	112
0	80
82	275
0	285
13	244
0	92
0	126
8	1319
3	375
0	341
0	1294
2074	0
4924	4087
2114	4087
104	313
0	59
0	313
2	0
28	0
7	0
1568	3483
62	3483
120	0
0	591
19	591
55	3200
359	3268
56	47
0	47
68	555
0	555
2237	7
869	0
315	9293
133	9293
1050	110
0	110
754	182
290	183
270	66
4099	314
0	173
53	167
890	0
50	469
2	3459
0	274
218	3438
3142	1827
16	229
0	35
31	0
0	352
82	231
0	227
0	418
1901	0
1630	199
0	199
4	67
0	0
0	1437
13	1453
36	31
0	31
75	183
0	9
2	81
1071	1283
0	1272
0	508
1144	508
0	51
11	49
5	66
15	0
7	0
616	987
90	987
1096	942
2758	0
0	61
111	109
0	22
0	55
0	55
1509	558
0	550
0	480
0	2
0	2
0	2
1188	1
3401	0
76	509
0	60
668	509
0	136
0	18
88	6
2783	6
0	41
134	42
5	14
0	0
0	0
0	0
0	5
0	5
1	0
89	0
0	0
0	2
5	2
627	7311
212	7311
0	379
97	379
132	5063
95	5789
0	4854
2356	1
9	0
1205	362
6	353
5	0
11	1814
27	1814
0	84
0	24
0	27
0	84
0	3
0	0
282	0
191	0
1330	1498
0	1477
0	1496
0	1475
0	10
3	10
28	61
0	90
725	137
376	194
9	15
0	2
3	15
0	18
0	18
57	0
58	211
0	243
0	243
0	0
98	0
0	32
602	32
96	14
0	14
0	13
6	14
0	3
0	3
0	0
0	0
0	0
0	0
0	31
0	259
0	748
0	766
0	745
0	745
95	275
46	2007
0	1990
0	641
0	5
0	5
0	0
0	2538
0	6
1129	3336
0	2566
0	32
2	239
210	271
15	344
0	344
118	9026
3060	9026
0	6094
0	6594
0	4140
654	0
639	0
70	399
5	399
4	219
107	0
21	0
0	1141
25	2853
424	2611
0	2497
0	2047
0	2497
14	57
0	1205
0	150
954	1205
442	0
532	13
0	13
54	753
0	26
0	59
0	5
0	746
0	747
0	13
225	130
0	126
0	138
0	150
187	0
11	0
0	40
49	40
0	0
348	51
7	20
0	19
0	11
0	23
136	12
1297	2229
0	3021
0	74
98	3021
9	38
715	0
0	54
79	54
2937	0
110	5
316	3541
35	88
0	20
0	0
0	0
64	0
4	4
3	0
0	50
0	47
0	46
0	50
0	2
118	9
17	93
4	30
674	0
0	0
0	0
0	0
0	0
1890	0
2910	522
0	522
108	194
0	0
0	194
116	35
0	35
6	473
2948	476
6	99
1044	0
176	0
5	0
18	245
1	112
94	254
0	25
0	12
0	254
0	0
0	0
0	0
5864	687
0	223
22	463
1	1
2093	112
0	112
0	4149
0	6710
0	2848
456	18350
0	18155
96	0
3790	873
0	872
0	629
18	567
0	499
0	0
199	13
0	0
59	40
0	40
0	0
1	0
311	739
6	64
0	739
0	708
0	64
66	64
6	0
228	0
328	461
0	0
0	0
68	136
20	136
2	0
0	0
0	0
0	0
0	0
0	0
0	0
0	0
0	0
0	0
57	1372
5	1372
0	0
0	0
0	0
0	0
9	106
10	271
0	140
0	246
0	0
0	0
109	0
8	24
0	0
0	24
26	27330
0	8003
281	13236
0	24479
0	23286
184	0
0	0
0	118
334	118
6339	0
2992	1
1007	3536
366	444
111	290
0	290
0	0
11	0
33	13
6	13
135	80
0	80
0	0
0	0
0	0
0	560
0	99
701	560
75	469
0	0
95	49
0	49
0	9
172	0
8	7
4169	1
0	0
0	0
0	0
14020	2133
0	2112
79	113
3343	0
0	219
0	85
4	10
0	15
0	219
9	217
113	171
95	171
673	0
11	0
0	16
6	367
0	366
5	367
18	4
0	4
0	0
0	0
0	0
0	0
0	0
0	0
0	0
827	0
0	205
2147	205
0	34
16	34
36	0
0	978
4	141
0	928
0	1147
0	1007
0	59
3	1163
0	1380
416	2957
0	2670
42	1911
0	1276
0	2566
0	1208
41	0
7	6
6733	2950
0	37
0	582
0	1303
0	1836
3	0
0	119
529	1879
100	1879
0	21
2	194
842	485
0	485
0	147
30	3
0	3
93	224
21	191
0	169
0	55
29	55
13	371
220	371
1	0
0	0
75	0
0	0
15	2
0	2
0	2
0	14
0	552
16	564
6	2
0	2
0	2
0	0
0	2
0	3
0	3
3422	719
0	714
0	11
0	11
0	1337
0	288
0	1306
5486	747
9	3
0	0
0	0
0	0
14	21
0	6
0	27
940	0
16	0
261	644
0	644
25	644
44	644
727	0
263	246
14	249
0	0
3790	1628
0	1054
0	38
0	29
91	289
1850	429
0	427
0	868
534	4289
40	4333
0	0
351	16
8	27
0	0
0	27
0	2
1	2
1123	0
72	64
0	27
0	0
0	0
0	0
0	973
1115	973
0	0
6	30
1	30
0	0
0	0
33	140
28	140
0	58
0	3
0	58
0	3592
16592	8699
0	607
905	9002
0	304
4349	1107
0	361
0	631
0	7
0	0
114	3155
0	38
0	0
3	3155
0	0
0	919
0	44
76	44
0	139
21	135
441	115
0	291
1455	291
594	4781
216	4781
11	113
19	192
47	193
29	17
0	17
2	2
0	0
0	43
3	129
0	129
46	0
0	0
66	84
0	70
0	0
0	0
349	0
389	0
54	73
1692	73
0	0
511	1163
50	1163
6	553
0	577
0	577
0	0
0	249
0	43
10	349
11	0
188	19
0	19
32	244
0	244
2470	9
1509	67
1530	10
1294	0
0	5
0	5
46	471
43	471
0	0
0	0
0	0
0	0
0	0
0	0
685	1242
0	685
243	0
0	0
1130	0
337	0
13	491
10	7
0	979
4	978
0	967
0	0
0	0
0	0
0	0
0	0
4	110
416	332
388	351
0	0
369	1
74	610
0	47
0	607
3206	3
19	0
0	0
8	0
0	0
0	0
0	106
534	186
0	80
28	1173
932	1178
88	83
0	83
0	0
0	0
6	0
0	0
65	2256
0	181
0	145
31	409
0	104
0	538
0	371
0	2258
0	829
9	625
41	597
0	247
25	1408
11782	2139
0	1361
0	1197
0	1204
0	1552
10	41
4	21
21	41
0	327
65	327
1	0
0	0
0	10
0	10
0	14
1580	0
662	4227
200	1819
0	4227
0	0
0	21
0	34
0	27
0	32
0	0
1	0
0	0
0	0
370	15
0	15
23	2
0	2
849	3
3887	1
69	183
0	180
0	182
0	15
0	328
13	328
0	307
37	74
1	0
0	0
0	0
0	0
0	0
0	0
2291	5
0	175
0	187
3	208
17	145
641	0
14	309
15	112
7	110
194	263
811	0
0	0
0	0
0	0
1165	279
4	0
0	0
27	29
0	5
0	5
0	0
0	0
0	0
9	6
0	102
140	108
0	55
0	11
0	33
0	15
0	38
0	33
0	0
525	849
9	849
0	0
1617	1
221	0
0	63
148	0
8	0
566	178
0	14
0	8
0	117
0	174
0	44
0	175
0	175
0	166
0	4440
0	480
48	4440
272	0
137	0
0	0
0	22
0	70
39	221
10	233
0	198
0	191
0	18
4	0
31	604
49	2724
0	403
25	331
0	255
48	2422
0	163
0	126
0	163
18	263
0	106
0	224
0	228
6776	4
13	232
0	150
0	280
0	676
5	831
0	672
39	1383
0	0
0	0
0	0
0	148
448	148
0	1
700	0
0	9
0	9
0	9
0	0
0	0
0	0
148	0
39	0
0	0
110	2232
117	2232
0	0
70	720
0	409
115	345
0	369
1483	38
0	31
1	18
1725	9650
3017	9653
0	0
0	107
1090	107
406	0
65	0
0	143
0	54
0	356
0	69
0	502
0	515
136	746
18	729
0	635
0	635
10361	2342
0	2334
0	0
403	114
0	112
0	0
0	0
0	9
0	2
17	9
0	0
18	40
0	51
0	38
0	7
0	272
160	538
0	500
15	3476
0	151
0	386
11	3320
0	0
71	797
94	792
0	166
49	18
13	6
0	6
1067	3529
19	2464
18	2648
0	483
0	0
431	905
42	905
123	0
850	0
0	1643
3	127
0	207
1372	1618
21	1438
0	832
0	956
9	1016
0	859
0	0
0	0
0	0
0	0
0	0
339	0
850	0
0	0
0	0
552	0
23	0
0	0
28	56
0	0
51	0
27	451
0	454
0	454
145	0
0	25
0	0
0	25
0	542
7	542
0	511
4	1478
104	4362
7	4362
0	0
829	0
8265	17026
0	2084
0	906
571	0
5	49
0	33
638	132
0	119
0	132
34	4804
13406	4819
7	118
0	0
0	0
14	0
0	0
0	0
0	146
32	125
0	200
6	807
2522	673
0	638
178	0
1706	0
0	1317
178	1317
835	6
567	8180
62	3350
191	8127
10	305
11	25
0	286
177	883
6	883
1329	0
199	39
0	39
1669	1136
0	1135
99	0
7	0
0	507
0	470
86	421
0	125
72	125
102	90
0	0
0	70
976	70
229	0
936	1162
0	597
235	950
0	950
3138	451
0	451
0	231
0	211
2	36
0	231
0	737
0	188
0	2338
0	2369
32	2254
0	2254
0	2435
0	2273
0	2351
0	576
0	209
0	179
0	200
3	0
0	0
0	0
4	210
0	91
1924	301
5	526
0	526
440	86
0	86
29	7
0	3
0	4
0	69
0	49
114	242
0	55
0	62
0	59
0	922
0	922
15	0
62	392
72	392
414	2
0	0
4928	0
34	77
203	77
0	39
0	39
46	0
62	2469
3418	2470
4	0
0	0
0	0
170	532
15	532
47	532
0	376
0	0
62	0
0	34
23	34
63	52
0	52
0	38
0	0
0	9
0	0
11	7
0	0
0	7
0	7
0	201
18	377
831	247
270	0
49	0
0	173
43	174
0	0
0	55
8	55
0	128
0	128
0	128
82	0
7	51
1059	76
15	76
241	0
81	0
3502	5225
0	5225
0	182
0	164
0	174
0	173
11730	2530
0	2525
1355	132
19	81
0	51
7	0
0	0
65	18
0	18
289	0
0	0
2794	0
103	1411
9	500
0	221
54	1501
10193	4542
1	4532
0	2119
255	2119
0	0
0	5
325	14
0	14
1748	6
0	2
0	464
1	38
14	0
0	376
14	401
7	9
0	534
0	33
1686	188
0	84
0	137
5	120
0	59
0	1
0	5
10	5
0	0
0	0
0	0
245	117
0	114
0	117
14	443
420	724
362	720
12	896
1118	969
142	11
0	11
745	0
0	75
0	159
26	386
0	104
0	0
251	0
49	17
0	17
7	1488
28	1488
156	4
0	0
421	204
10	0
1327	2860
3	2276
938	281
26	1470
21	177
0	164
0	2932
0	1411
0	387
14	11597
3	3723
0	7971
26	11897
101	11893
23	0
0	0
0	771
0	771
0	765
1366	539
244	172
0	520
0	520
0	479
21736	13
2178	70
54	70
0	133
38	0
37	133
0	25
191	0
12	0
0	0
37	0
10	35
111	35
0	311
0	492
0	486
1	497
9	12
0	12
0	0
0	0
0	0
0	71
157	71
969	0
0	693
0	637
81	698
279	0
2710	816
0	288
0	726
0	342
1528	262
0	262
1305	32
0	32
32	209
0	209
10	0
0	29
1352	911
0	60
52	922
0	0
0	8
0	8
0	6
0	0
10	6
0	0
187	1721
1806	1721
0	146
0	309
33	1125
303	1125
0	472
1359	158
4	1397
546	2028
0	0
741	788
0	40
0	93
0	0
0	580
0	787
0	5
0	35
0	35
57	2309
8	2261
0	1110
0	2341
22706	7
0	496
143	536
0	852
29	667
0	0
0	5
0	5
0	6
0	11
0	11
2504	3
0	152
0	158
573	158
8	36
0	36
0	2
0	138
0	130
0	147
19	153
0	147
0	106
1	166
0	149
477	397
0	341
0	227
1321	1554
0	1554
0	0
0	6
5	6
628	0
0	0
0	0
165	123
0	123
0	339
3489	841
11	499
1196	265
0	0
0	17
24	36
1061	711
0	752
0	722
0	721
0	20
0	10
4	20
0	0
521	224
0	224
4	208
0	9
0	9
513	88
1160	0
427	0
98	0
6	21
0	21
0	21
0	0
0	0
1170	0
0	0
0	0
0	0
0	0
26	360
42	360
11	1209
20	0
0	0
89	0
0	4
0	0
0	4
0	4
699	1893
1645	1893
145	1621
0	1621
20	326
0	549
0	540
0	540
0	532
0	530
0	0
605	271
0	281
0	4517
0	4788
0	4852
91	2648
0	31
0	13
9	4
0	35
0	35
0	0
1593	180
13	180
0	42
0	62
2250	85
0	0
420	69
10	69
7	16
0	16
13	505
0	0
0	0
23	0
83	5695
0	314
0	6607
19	6673
3	6679
4046	1
0	25
0	152
30	177
133	542
0	10
16	42
0	542
0	195
67	401
0	388
0	5
0	5
302	0
8	100
28	100
0	10
0	10
22	12
0	13
0	0
8	13
34	0
0	0
0	0
0	0
0	9528
3	6229
49	9522
0	5
0	0
9	64
0	362
115	459
0	312
0	208
170	2055
11	2055
21	262
73	52
9	0
0	0
33	1038
0	1013
0	967
19	0
0	123
0	4614
0	7180
139	7180
0	4627
2	200
343	201
0	33
8	33
142	102
0	45
0	29
0	109
4	0
0	0
0	0
0	0
357	499
0	0
4360	3115
6	3104
0	0
0	0
0	71
0	640
0	85
0	641
0	602
15	266
38	266
1911	1612
0	1466
0	0
1251	1148
0	105
308	1116
0	0
344	73
0	73
128	175
0	5
14	177
0	1863
8	259
0	146
0	1849
4	1819
482	930
0	3
3	8
0	11
0	11
0	0
496	0
832	1343
0	1343
4803	2
10	370
69	370
41	754
14008	5715
380	4952
0	52
6	52
0	0
0	617
0	93
0	119
0	55
1	30
42	736
11	71
286	71
14	52
0	52
0	15
0	33
0	277
0	284
27	284
9	6
1	6
0	299
20	684
18	729
0	729
1570	1061
0	248
0	810
1	1055
0	5
0	0
0	968
858	1392
0	453
2	1127
107	286
0	50
193	275
0	0
11	212
1	246
109	208
77	412
0	951
1227	3687
0	3687
0	2173
0	2729
1970	2956
0	833
1	1063
0	410
6492	1945
15	1940
168	2071
0	2071
6	25
0	8
0	25
3218	0
0	0
0	0
2022	0
4107	1009
12	703
0	817
365	6686
16	5823
0	0
0	369
0	374
0	384
0	374
0	1261
210	1261
0	0
0	453
0	53
20	472
0	77
0	0
332	0
730	24
215	770
0	48
0	28
52	798
1413	0
0	22
0	22
0	0
90	90
0	90
0	0
4801	1170
33	724
0	442
0	0
0	0
0	0
1972	0
0	0
4389	2549
70	847
0	53
0	845
11	1
436	1
0	1
1999	0
2228	5
1990	783
0	0
22	1292
90	409
0	54
0	409
2912	0
0	363
267	613
0	6
0	11
81	17
0	5
0	5
0	5
537	0
2	19031
0	4025
88	2700
0	1429
283	2440
10	18223
0	18431
0	227
117	625
0	528
24	0
0	0
20	1090
0	142
185	3749
3	3749
0	0
84	146
0	479
12	479
5	0
1	0
0	5
0	5
75	0
92	281
0	275
0	21
46	0
0	196
0	197
18	0
1353	0
87	142
134	98
0	98
0	27
6	0
13	1688
0	1714
0	1622
0	1639
0	1661
135	250
1	0
12	0
5681	0
21	16
2374	499
0	495
1928	22
0	22
680	3
0	0
0	0
0	0
3149	1
14	260
1707	3365
0	0
41	262
4561	1600
2801	1
10	1
12079	11
144	0
0	55
21	103
52	195
0	0
0	2
0	2
0	2
0	2
610	1
5225	0
195	761
251	558
0	78
0	519
82	34
0	34
0	8
0	8
0	0
1786	1938
0	1938
0	1937
0	833
58	1614
0	1640
327	78
19	78
0	422
233	4289
0	4372
7481	16139
3	215
0	215
0	215
0	0
410	1493
0	1493
0	438
49	438
0	0
9	21
4	1139
173	167
0	167
0	0
0	0
0	0
0	3
0	0
0	17
0	17
0	17
0	1638
0	240
0	2183
29	2177
11	0
396	49
0	49
0	0
0	0
0	0
0	764
0	1324
0	1373
1	2
0	0
463	42
0	18
10	36
0	36
874	2101
0	88
55	0
21	0
108	102
2	98
0	90
36	859
0	727
0	45
99	59
0	83
0	38
0	38
0	63
871	1504
0	4144
348	4175
0	159
7	147
7	95
5	439
0	428
2022	0
0	1066
69	1066
1327	0
491	0
0	0
1260	170
0	4
0	100
68	100
161	1268
0	1095
3	1185
438	92
0	500
202	149
169	652
0	500
447	0
0	4
0	4
0	4
0	4
0	0
4	508
2	26
789	508
0	0
2907	424
0	33
0	394
307	201
0	201
22	1
154	908
14	122
5	388
0	751
0	2
0	2
4888	4478
2	4471
82	0
0	0
1675	598
2	120
0	216
0	293
0	1213
256	1213
121	0
37	167
0	167
0	0
2895	0
271	602
303	791
4729	0
0	24
21	0
0	24
15	33
0	37
109	583
0	53
0	583
0	0
0	0
0	0
12	2
0	4
0	12
0	576
22	643
3	316
0	71
300	72
25	35
0	7
0	0
0	35
0	15
33	15
18	145
0	145
1106	0
0	0
3	0
1952	475
3850	0
251	0
8	636
0	618
0	71
0	469
0	607
3	119
0	71
0	291
8	578
1052	748
0	748
0	749
1	15
0	2291
615	2291
12	9
0	9
0	20
14	0
311	1417
0	1533
2	1197
1354	78
6	76
0	37
79	1692
0	258
0	1670
4	1650
0	8
105	8
7	474
205	3032
0	1121
866	2767
0	405
0	1103
0	1189
0	46
0	0
0	0
0	28
0	0
0	37
0	37
0	15
6	11
0	11
0	0
5859	116
174	116
33	0
0	0
95	114
0	114
0	23
0	23
606	94
66	94
600	1
0	337
116	480
31	480
0	3
0	3
97	3
0	0
1098	1397
28	1395
0	22
0	36
232	3
0	3
41	181
0	177
0	181
822	0
0	183
3731	183
123	0
9	94
1373	2871
8	319
26	192
38	2739
0	39
0	105
12	703
0	5
0	699
0	388
61	0
40	67
609	1440
554	40
93	1420
0	60
2122	0
649	5
61	846
0	136
17	848
0	0
24	4
0	4
0	0
26	0
5	52
802	1158
0	1158
445	1772
0	70
0	5
138	5
360	1772
340	0
0	3819
84	328
6863	3783
150	0
0	0
1307	1001
0	61
0	65
0	48
862	0
595	0
0	0
1	0
209	0
1	0
0	0
631	0
0	0
1220	1
7	0
0	105
135	111
0	0
0	0
0	0
0	0
299	0
182	101
0	101
29	4
0	4
0	120
352	120
201	0
21	6
177	489
0	489
0	6
557	896
0	896
0	98
362	525
554	715
4	13
17	65
0	148
0	14
491	382
0	305
0	220
0	0
0	0
11	63
0	21
0	63
0	0
50	73
0	7
0	7
0	0
247	18
54	158
89	176
0	409
0	379
14	28
528	0
10	0
2770	86
0	85
0	25
0	25
0	652
59	623
329	0
3079	764
0	7248
10826	15764
16	12056
47	1283
0	1291
0	161
29	1291
64	60
0	10
0	60
10	8
37	8
34	18
3	3007
0	2055
4	5942
8854	8480
0	3234
674	340
0	339
4728	92
7	0
2	97
131	97
247	11402
25582	11422
16	582
0	560
0	0
88	84
0	84
0	6620
0	934
0	6527
0	6461
0	6359
1715	257
2	257
0	2
0	85
0	87
0	100
548	135
0	105
5	20
0	20
0	0
96	225
8	41
586	781
626	20
0	20
40	195
0	195
0	0
0	0
0	0
4	0
0	0
882	1336
0	1336
355	167
0	13
0	0
15	86
0	82
0	36
0	9
0	9
0	0
37	1368
1626	1368
1931	1158
0	0
0	0
1592	1
2445	0
0	1361
2	736
781	110
1712	103
15	78
0	9
0	107
0	107
0	0
11	0
8	0
35	3006
0	2969
0	3014
0	3003
0	0
7539	3355
0	3351
97	122
8	122
0	75
331	0
0	13
0	13
0	692
32	116
719	694
0	0
0	0
217	0
7	0
0	0
337	3
9	175
285	315
0	212
0	226
14	236
0	236
0	23
0	27
0	23
546	0
2294	147
48	145
0	0
0	69
765	69
0	1
0	7
0	0
0	0
9247	11
10	0
398	651
24	0
144	0
0	0
412	3265
165	3265
238	100
7	4
2651	2009
0	1756
0	1759
2	848
140	1638
30	1292
2	959
243	0
0	146
0	19
0	134
0	146
9	81
0	0
7	0
0	203
1	859
0	3694
8	3406
156	3070
0	35
0	3038
0	0
706	1526
56	2152
20	7166
56	448
5	453
0	669
52	7163
14	2139
0	17
0	2291
0	834
4	0
0	0
1250	347
9	347
0	0
9032	4890
0	0
0	1
0	1
0	0
0	1
0	1
0	0
3	45
0	1
9	0
0	509
45	530
0	0
1117	0
0	0
0	294
19	248
23	0
0	74
25	869
0	869
0	867
0	142
0	6
0	950
12	0
6	1761
2307	2231
0	924
83	457
9	0
3	207
0	0
333	929
10	98
0	807
0	798
0	936
3327	1
281	185
0	185
0	0
0	0
0	0
0	12
0	12
137	12
78	12
0	12
176	703
0	276
10409	559
5	206
25	6772
469	8319
36	1200
129	1315
0	31587
344	29925
3709	1
0	116
0	3369
131	3584
58	2622
1	209
0	16
0	16
11	1
136	10
957	363
15	338
9	25
8	0
0	111
282	111
0	111
606	2342
200	2342
0	2171
173	0
0	0
0	0
0	0
0	0
0	5
0	0
0	5
0	14
67	2873
0	621
0	2721
2	197
1	37
4	193
0	12
0	0
0	0
0	12
32	0
0	0
12	0
4533	10
2036	0
463	9566
5	1190
0	101
34	9538
1143	346
38	61
0	29
0	61
434	0
158	3268
0	714
20	3037
63	18
364	414
64	262
0	386
256	0
806	5664
0	132
0	2712
0	204
0	3893
26	0
2403	0
2588	10155
162	1604
0	141
80	9433
47	921
7343	2199
0	2038
0	588
0	46
24	1020
4	1007
0	14
10	1030
0	1056
0	1070
88	11
0	10
0	1
0	1
0	1
2	16
0	44
0	36
149	80
0	0
0	0
0	0
8592	260
0	252
89	0
0	0
0	0
0	0
0	106
64	106
1680	225
0	37
7	217
1316	1139
0	795
39	1096
909	0
0	18
433	2321
0	2321
14766	70814
47	69654
2581	1145
0	1145
9	0
864	262
28	862
34	862
1021	0
0	0
10	7
0	7
0	0
0	0
0	0
13	178
0	176
0	3
816	591
0	591
181	0
0	938
42	1327
2826	1319
19	4515
116	8458
0	8271
11176	0
0	0
0	10
95	10
44	0
0	0
0	12
57	0
9	3
104	1063
0	92
0	1063
537	0
252	131
0	131
163	3619
0	3619
0	0
217	0
11	0
0	0
0	414
2751	414
139	0
0	1
0	0
2836	8
0	7
67	0
0	166
0	141
0	150
169	0
854	60
0	3
0	8
0	0
10	8
141	345
0	345
45	59
0	590
5	16
0	609
0	590
12	16
0	15
12	10
474	283
352	0
0	0
0	0
1	0
24	0
0	25
172	424
6	142
11	0
0	424
86	0
0	2154
73	2123
0	764
358	51
0	1531
3633	2637
26	2553
0	3
101	0
0	4
0	2
0	2
0	0
3	27
0	5
29	37
2548	78
0	0
0	3
154	51
0	48
12	401
0	40
580	0
147	627
5	99
925	115
170	115
14	150
0	105
13	0
0	0
0	0
0	0
29	581
7	628
0	223
0	628
0	0
1103	1
0	0
105	730
0	1101
0	224
3284	1110
0	0
0	3
0	3
190	52
12	50
2338	655
0	631
0	24
68	145
14	145
6	1336
0	352
23	1231
17	141
94	141
0	17
321	0
75	2141
0	2222
0	785
0	2222
124	406
2	406
5	1877
0	391
68	1730
17	16
1	16
20	0
15	27
0	27
0	67
49	67
0	59
0	67
0	0
0	0
355	224
0	328
30	169
0	354
0	187
60	523
0	1
876	512
0	511
4	0
22	6
0	41
988	482
0	37
10	5
227	565
18	307
0	158
0	276
0	138
8	0
1818	1
2146	4652
0	0
0	0
0	8
0	13
0	13
274	329
0	0
0	329
1	310
0	773
32	837
89	869
0	85
131	85
113	0
155	181
0	181
2	126
0	126
1088	374
5	372
98	709
3	715
6	43
6	39
0	127
72	389
67	352
0	69
0	64
0	69
62	0
9	183
0	183
292	124
0	22
0	36
2	72
2	72
25	86
0	13
451	141
5	226
0	13
0	38
0	0
30	38
105	65
0	65
606	1
5	0
485	103
38	9
0	932
0	932
0	0
543	0
0	0
17	0
55	54
0	54
0	1073
0	982
0	1035
14	1124
1	9767
6534	9772
18	36
0	36
116	321
0	45
5	332
1	0
0	402
4	402
0	0
0	0
351	0
0	4
0	4
0	4
45	24
0	7
0	0
0	0
0	17
19	203
0	236
1656	1543
79	1496
0	616
0	461
0	391
49	6705
14	438
0	6556
13	0
8734	31
453	0
0	0
0	1
0	1
6	0
0	65
0	154
13	169
1976	0
286	0
22	0
0	78
175	78
284	2497
448	2101
17	35
1	35
1491	1
0	3
0	3
3	219
0	193
0	198
0	180
324	458
1505	458
82	1
0	0
0	0
0	0
0	3
235	0
36	7
0	6
0	0
0	1
36	8
1957	5
0	3
1168	6
0	73
0	60
246	133
328	0
0	775
890	1277
0	708
0	0
55	445
469	377
0	313
12	69
0	0
16	0
0	0
49	1204
133	1204
530	1
0	0
0	0
1066	93
0	89
2025	0
44	940
3	940
0	0
10	0
87	0
34	293
0	293
0	0
0	23
0	1
0	385
111	695
0	611
0	0
0	348
0	348
0	113
0	13
0	0
0	0
0	0
0	0
0	326
0	65
0	136
0	0
0	53
0	477
0	477
0	0
0	15
67	15
4850	23
5	15
15	55
6	39
0	32
0	41
28	50
0	3
0	3
22358	2630
0	2436
0	298
0	2515
0	2301
52	524
0	425
153	174
6	70
15	171
0	0
1	534
4	439
8	531
7232	6
0	481
11	1272
0	357
0	1526
56	1458
14	1800
1216	1931
0	1954
4	0
0	62
16	62
0	62
2972	2736
59	844
5	2736
0	96
0	188
0	188
0	51
0	113
31	171
0	55
0	32
0	6
5	23
0	190
231	190
55	24
17	24
0	285
0	4
0	20
0	36
6	692
8	642
0	695
0	0
4	0
1007	4
0	4
0	0
0	5
0	144
0	5
69	149
0	115
1600	627
0	143
34	639
368	72
0	72
0	0
0	0
4	1411
3869	1411
0	0
67	0
0	0
0	0
2386	0
94	15
28	15
0	21
1970	258
0	256
259	177
0	177
0	94
0	41
0	185
0	251
7	217
0	185
0	251
29	0
2565	1158
0	1155
10	0
0	0
315	513
0	513
639	86
18	81
47	514
240	514
4214	857
0	853
628	599
2	599
250	2
66	97
0	97
0	755
3	54
55	755
6046	9
4457	2725
0	5
0	36
0	36
58	1138
0	1124
3518	1578
0	0
0	4961
38	4466
0	1084
584	2038
0	0
18	0
42	16
0	0
0	16
6	0
23	8
506	2529
32	537
0	7
0	2529
4	27
8	55
14	197
0	194
7	7
2	7
0	26
0	26
405	94
0	93
0	2037
9158	2037
0	2
0	2
0	2
0	2
35	53
38	240
0	240
4	196
1169	701
0	701
756	206
0	205
0	541
278	2027
0	19
0	19
11	0
46	157
0	157
0	24
27	24
55	91
0	497
264	497
0	164
78	4093
31	4230
189	0
192	0
7	0
0	1905
4565	2596
0	1660
0	0
0	408
0	406
0	425
0	0
654	543
16	25
0	108
43	97
363	97
134	0
3443	1
370	0
419	0
717	380
0	205
0	258
0	0
0	0
10	178
0	16
0	169
673	62
0	62
774	368
18	368
363	0
10	0
597	218
0	186
34	11
0	18
70	503
0	503
136	215
7956	2653
0	2650
180	135
21	117
0	67
0	88
202	13
0	13
13	11
0	0
19	137
0	137
0	161
0	161
0	161
0	128
451	0
10	9
0	0
0	9
4	3
0	422
0	421
0	5
0	5
0	5
41	30
0	0
138	1592
1304	1592
7	7
4	87
0	3
697	0
504	0
741	611
35	34
0	34
0	6
39	0
76	661
0	56
0	661
0	9
0	19
0	19
0	121
0	20
12	74
763	0
1	63
0	1921
159	1984
0	0
0	0
0	0
550	523
444	0
16	7
0	4
0	257
0	1736
381	1736
0	806
0	0
364	276
0	276
0	101
930	1018
0	266
0	859
8	985
79	46
0	0
0	3481
0	559
63	3481
97	38
0	0
452	160
0	68
18	68
44	28
0	0
0	0
0	0
0	0
410	1332
0	1332
15	461
0	461
0	0
0	0
15	33
0	158
26	283
16	164
30	283
0	0
1219	248
0	248
0	0
0	0
5	118
0	118
6	118
0	75
7015	2396
0	273
0	2274
1737	0
53	317
5	317
0	0
2	13
0	13
0	0
0	1392
1312	1392
0	518
10	77
0	477
0	0
0	0
0	140
764	2198
0	67
152	2139
3658	1
6	0
9	723
6	73
30	82
0	115
0	59
17	735
116	208
0	208
8	25
112	443
0	437
2	8073
4448	8073
21	82
0	82
724	2
2256	0
92	301
680	301
1264	0
67	38
75	69
848	3430
57	3426
0	15
0	15
7	0
0	0
61	203
247	2893
337	4578
1174	5520
0	1393
5	43
0	0
4	866
31	197
6	685
815	1551
3329	2809
475	2807
0	43
0	43
0	0
24	0
0	11
0	11
207	201
0	201
0	0
5104	2
0	0
33	102
373	409
0	365
0	0
0	0
612	0
604	1
130	660
1140	660
0	4
0	0
0	9
623	9
625	83
484	0
1668	458
0	458
0	0
0	3
0	16
23	17
8	0
0	246
133	246
1367	226
15	226
0	222
69	2729
784	2676
9	2665
0	2719
427	0
6	37
0	19
145	46
185	1009
0	331
13	1001
0	1119
486	1794
0	1786
32	582
0	69
103	588
0	0
10531	13
8	903
0	903
0	4
0	464
137	468
0	85
0	39
0	36
124	39
0	0
2018	0
82	1538
17	1538
0	88
3831	102
0	100
0	0
0	0
1754	0
0	0
0	0
92	292
48	292
21	107
1	107
0	0
0	0
0	0
1324	528
101	334
0	62
1261	297
0	297
30	679
0	26
0	679
215	530
0	477
0	421
0	0
0	0
0	0
17	38
0	0
0	40
0	19
51	40
11	68
22	68
0	0
0	22
10	22
84	126
0	204
0	202
1169	2
826	0
128	540
4896	540
513	0
0	0
0	24
65	24
232	56
0	56
3	1
188	752
1207	752
0	0
0	0
0	0
0	0
0	0
6	707
0	18
14	708
0	209
0	6
0	0
0	209
0	209
0	109
0	202
0	202
0	0
0	54
0	100
298	154
84	553
31	544
0	288
0	0
0	0
0	0
90	469
1418	474
860	0
0	8
0	8
38	8
0	8
20	0
18	2455
0	2961
653	3460
0	2297
0	1275
0	250
74	41118
217	2679
0	40728
13	40135
835	40589
0	0
0	0
0	0
0	12
0	12
388	963
27	304
0	304
0	15
1	25
0	25
0	0
0	0
0	0
8	98
0	98
839	1885
13	25
0	25
0	18
0	25
0	24
0	69
750	86
664	125
0	0
0	0
0	0
2244	341
0	341
10	182
40	513
2	513
0	3
0	3
94	172
0	2994
14	3016
18132	7483
22	1776
8	1571
217	2059
0	649
0	2059
457	0
427	6309
3541	6317
16	144
0	6
0	0
0	0
50	0
215	323
808	323
195	0
1331	0
11	0
0	18
0	0
11	2689
0	2689
47	302
0	55
11	626
1331	1088
0	982
34	500
0	21
4	507
6	0
0	0
95	0
87	2097
6	2074
0	6
6	196
0	25
1	50
0	51
0	175
0	164
178	0
362	847
0	847
0	397
23	293
6	266
0	266
0	5
9	331
4329	0
0	234
0	169
1503	276
832	242
0	951
4	301
0	360
271	5829
21	6074
19	283
4186	288
85	4880
10	4880
0	4249
2384	4249
0	0
0	275
0	0
0	235
0	192
8	484
0	503
393	494
562	124
2861	0
5452	1590
0	1581
0	2971
0	3362
6	976
6	6369
3	1229
86	6608
10	0
103	831
5	321
0	831
32	49
4	49
5	2002
335	2115
154	9
45	0
0	0
4489	25344
0	68
17	105
1424	106
329	0
0	6
172	11
0	11
0	43
147	43
0	49
11	412
0	3485
0	2272
0	1872
0	633
2	115
0	385
0	3473
0	3609
0	3889
33	112
0	154
25	0
2	52
0	79
2175	328
65	336
0	9
53857	28316
431	22103
901	23390
0	5871
243	478
0	478
20	164
0	164
362	0
359	203
122	203
68	0
11	137
0	40
0	5
0	0
5	1
0	1
39	140
0	5
30	34
211	2672
91	2672
0	0
0	0
1378	202
0	202
7829	8
24158	29
1436	71
1	71
0	37
0	29
0	25
0	73
0	6
0	25
0	45
0	51
0	51
0	15
0	39
0	46
66	881
66	888
0	0
58	399
5	399
930	0
0	0
0	37
0	37
0	0
0	19
0	0
4	19
90	876
1214	876
26	190
42	190
0	104
139	190
2525	4
139	1302
891	1296
0	1
0	1
9	11
0	1
0	11
0	32
53	32
2888	0
38	0
136	1701
696	1623
6	78
258	0
45	9
1168	9
4429	1297
192	1
0	45
62	3993
36	3952
0	16
75	247
0	247
213	2607
245	2607
0	281
12	194
7	282
0	282
0	0
0	0
6094	1
1329	272
0	272
108	0
348	0
6	5595
0	5252
0	5396
598	7197
0	0
0	0
569	180
0	71
0	185
1369	422
0	422
1259	4
5	0
0	0
0	0
0	0
17	8
0	8
0	4
146	928
0	928
0	150
0	0
0	0
140	0
26	5526
3689	6035
76	3944
0	100
0	100
715	0
1681	1
16873	8255
494	222
0	222
31	855
0	855
2066	2931
30	101
0	101
1997	0
401	584
15	568
0	114
0	149
1508	276
0	85
0	94
0	261
0	176
0	37
391	14
0	14
2182	7165
0	7165
0	0
21	28
1218	28
1123	938
724	121
0	67
0	86
0	268
863	268
184	130
0	3
0	3
0	0
17	7
0	297
11	293
2	115
273	226
2960	270
0	269
5577	0
215	0
32	963
49	963
593	66
0	43
0	10
7	47
0	0
22	1
0	1
37	735
0	161
0	641
3365	3
19	1353
0	381
0	1304
0	838
0	321
0	415
81	415
2	4
0	4
120	0
117	427
52	427
0	35
0	136
0	11
0	524
0	23
0	718
0	650
0	694
19	45
0	4
735	347
0	68
4	1
0	314
8	18
278	721
0	214
9	721
270	0
0	9
4	123
0	72
21	308
0	277
44	0
0	0
0	0
225	18223
934	18223
22	18140
597	213
237	0
97	29
0	15
8	1
0	1
8	37
0	37
0	15
0	15
0	15
0	15
6	0
0	0
0	0
48	68
6	56
155	145
3	89
43	1383
0	1383
0	0
4	57
6	52
0	52
0	42
224	42
0	0
88	101
5	101
0	1499
0	2653
0	2602
2	2670
0	2609
0	2616
0	1602
171	11190
0	2187
99	10699
0	9928
0	6243
12314	11181
11	80
3	80
522	22
0	923
0	751
25	6099
140	1489
0	3513
29	6065
1932	0
1242	6
7	339
5	1646
0	1803
36	329
4746	4879
22	1130
0	954
0	76
48	4827
0	4309
12	4827
790	2697
0	2697
0	159
224	273
2	114
0	0
0	0
0	0
0	0
0	0
189	13
0	174
0	268
13	1513
0	591
36	1513
61	102
186	401
0	495
37	493
299	161
229	161
0	0
52	65
0	65
1	87
1476	0
0	12
22	12
0	2
0	2
309	229
0	148
0	0
0	4
0	0
0	2553
176	2552
0	62
33	272
0	316
0	210
1	357
224	858
93	858
157	494
0	309
4	229
6162	9
145	532
0	17
0	526
0	0
0	0
0	549
0	20
261	2693
138	2707
250	0
0	3
0	8
0	48
25	11
0	57
422	241
0	0
0	893
184	893
0	171
0	1089
2003	0
0	0
1460	0
1066	9076
0	8728
833	0
0	0
0	0
0	0
0	0
85	0
3752	686
0	127
0	16
0	0
0	39
437	182
0	1
21	693
0	110
0	291
2243	2403
0	2026
0	2085
161	0
0	0
215	0
22	0
0	0
0	0
0	43
0	43
0	70
0	36
11854	1
888	787
101	248
0	166
1	0
0	29
113	121
0	32
0	121
0	106
0	106
2	3
0	23
0	119
0	23
3810	9401
0	1250
42	0
0	0
0	0
981	0
0	2
0	2
1038	480
250	428
0	123
146	972
0	1513
34	1249
46	5811
7	12609
1282	14158
89	4392
22	181
0	0
0	0
451	1
0	0
0	0
0	0
0	0
0	0
5113	626
21	622
5	12
0	0
0	10
0	29
238	138
0	138
355	217
7	217
23	195
16	195
0	4
0	4
0	4
0	4
263	105
0	107
40	0
97	51
75	0
0	0
217	0
10	19
0	19
1135	184
0	96
0	33
0	93
0	1678
0	1318
0	83
0	1819
0	1678
0	1777
15	1830
0	1606
63	0
2662	8136
4	8133
8	186
0	0
34	940
6	908
60	962
275	1254
0	1254
6	44
0	13
21987	45774
0	0
0	0
0	0
2469	1537
0	1537
0	1537
7	0
9	0
8	0
0	0
62	152
0	58
6	131
0	126
0	13
2	13
0	75
0	77
4927	0
172	545
217	545
33	0
41	774
0	774
29	422
0	3
3	123
0	123
0	21
216	330
0	131
43	75
80	0
23	28
0	341
29	0
26	116
16	160
0	108
46	772
21	617
245	908
316	32902
0	32858
0	5739
0	6214
0	6008
0	39
35	120
511	1603
0	714
0	1603
41580	39
0	4
0	0
0	0
137	66
0	0
0	0
0	66
0	14
18	14
0	235
0	181
0	0
246	538
0	179
0	12
3683	335
0	280
4	82
0	0
0	0
0	1431
1222	1431
570	1078
1	1078
128	0
0	30
26	60
0	79
280	178
0	6
0	123
0	19
21	0
1726	0
748	0
693	0
16	0
435	0
95	11
0	11
0	428
397	428
1983	14
914	141
15	127
0	0
431	101
609	0
0	0
0	0
224	234
0	374
0	111
0	324
0	293
0	295
0	293
2	0
0	5
2	5
0	5
464	0
61	0
48	68
0	68
0	2798
0	146
312	2798
8	0
1576	0
0	32
0	23
0	0
0	252
0	260
187	260
17	8
0	8
35	0
6913	1
3	0
0	420
1078	682
1	106
1097	106
0	52
0	59
0	59
0	0
0	9
0	12
0	10
0	4
11	9
8	0
0	0
0	0
78	660
0	660
229	122
16	130
0	86
1096	3109
0	122
0	457
6	349
0	2336
0	2365
11	2245
40	3141
1064	227
0	125
15	175
0	0
0	0
16	0
19	19
11027	6
0	0
0	23
0	23
604	1
860	1
15	327
46	827
387	915
0	559
102	178
0	18
0	94
0	12
0	95
0	1
36	25
0	75
0	20
0	11
94	332
0	127
1736	0
1316	760
0	760
128	1100
439	1100
635	912
14	36
20	36
1	1
96	465
0	465
0	42
1	53
57	708
818	708
0	44
65	44
13	149
20	0
1	785
0	627
1755	1343
3	2130
284	2144
0	1861
846	2167
0	4
0	0
0	0
0	865
0	898
34	898
409	3119
567	3119
14	0
22	307
0	0
4	307
275	0
0	20
312	22
3	180
2334	0
576	0
40672	23
14	0
660	29
0	25
2	0
8	7
0	7
75	489
105	489
40	74
0	74
0	81
287	1008
63	1008
1261	909
0	176
0	815
0	793
0	737
0	285
0	779
0	6
3	6
24	37
0	37
0	144
0	536
0	544
0	310
11	395
494	33
0	30
0	0
939	0
26	48
42	49
603	153
45	0
7	0
0	0
15	0
0	0
0	14
0	6
51	20
353	686
0	686
8177	7
0	4
0	4
0	302
0	530
0	527
0	311
0	10
0	548
27	966
4	924
40	592
0	0
0	0
2559	300
0	240
0	196
0	0
0	0
2482	863
0	222
0	641
0	0
0	0
0	0
10	0
0	68
0	0
0	18
126	127
11230	15340
0	15217
0	9665
0	176
764	183
0	57
3	0
12050	8
88	5
23	5
242	84
192	31
26	0
666	1484
258	0
20	364
56	954
0	375
707	1087
554	916
2552	922
0	0
5	136
9	29
0	29
0	29
8641	0
0	0
0	0
78	0
40	0
51	0
2	0
0	0
0	0
259	843
1299	7
1214	0
53	51
0	51
0	8
6	8
369	768
0	214
0	1525
8	84
0	28
14	2450
0	2544
0	1196
0	2557
126	0
941	1013
7	1013
4	1013
0	1013
0	0
18	3423
47	3423
580	3102
467	5044
2828	4228
0	15
35	15
21	2643
1	6415
33157	9713
0	3187
1664	5
0	931
776	931
0	5
0	939
0	8
0	925
0	1007
8	989
499	0
0	0
0	0
1849	0
8	1141
3	1285
562	0
1564	0
0	75
5	47
0	17
0	140
514	161
0	73
0	56
0	140
0	0
0	0
0	46
0	0
0	2
1457	0
0	0
0	0
0	3
0	0
0	0
0	3
0	0
8	0
0	0
17	185
0	185
0	157
356	157
0	0
0	900
240	900
0	0
0	15
0	0
60	0
222	568
0	13
6	575
0	572
0	568
0	481
0	561
0	8
0	0
4	8
0	1
0	1
45	0
0	0
0	589
0	465
65	3071
0	3230
0	740
21	693
166	480
0	368
0	5253
0	4803
0	4810
0	10796
0	5110
134	4787
1	9909
0	9862
0	10339
0	9998
3923	93
0	93
1209	736
0	736
184	400
0	400
0	320
0	0
0	0
20	0
2	0
948	0
3388	23424
895	23904
277	23373
46	937
13	13225
0	0
0	0
7	262
1082	1126
59	633
0	816
169	0
321	0
0	0
0	0
1542	0
0	0
661	0
0	0
0	9
16	9
81	2
0	48
13	48
0	0
7	0
43	1017
0	379
1812	949
0	0
626	79
0	79
0	0
171	75
0	75
0	0
0	11
40	11
0	0
0	0
1020	0
115	79
28	79
0	0
60	0
10	0
65	0
432	35
137	692
0	173
287	740
3	502
17	24
0	23
15	16
0	0
0	13
0	13
0	342
756	1455
0	0
0	0
1	58
0	76
3	76
441	9
4709	0
33	23
0	3
22	28
0	36
130	0
1655	0
0	0
0	0
10	0
3	211
0	198
14	211
231	0
0	0
138	0
0	0
1120	806
0	806
165	1261
25	334
71	334
401	0
2290	307
42	305
293	25
0	25
146	0
3871	4
0	54
0	54
0	54
0	54
0	54
0	0
1352	2
0	234
0	204
5323	4
14	0
65	62
0	0
0	0
31	39
0	39
1	605
0	275
0	122
158	858
0	0
942	0
0	434
23	434
84	0
130	0
0	0
0	0
1591	0
75	13
0	13
2752	150
1857	277
0	277
3	99
4	96
0	1170
0	81
0	1179
0	1253
0	1248
14	1147
26	217
0	61
4	61
0	104
390	597
0	218
0	597
31	36
0	36
0	36
2036	0
32	1706
24	1706
445	10
0	0
0	0
0	669
254	669
237	6
41	0
508	62
341	2408
0	538
0	0
0	0
5	566
1447	1075
1954	4
492	0
13	1137
168	1137
35	0
12	123
0	106
0	109
0	131
8	106
327	0
343	0
0	82
0	144
655	855
0	138
0	0
33	0
0	0
76	636
0	27
0	609
148	492
0	492
918	0
41	0
8394	354
0	346
1144	113
0	113
20	62
11	15
0	62
77	40
61	69
23	79
5	52
25	183
10	628
0	67
0	28
81	610
0	0
0	13
10	157
0	157
30	0
51	44
2	36
0	8
41	71
0	9
163	9
247	64
83	64
70	0
436	17842
20	6
64	17864
59	736
4	0
32	268
277	1040
0	1772
207	17718
0	707
7	48
0	5
0	1
0	5
190	356
0	101
0	246
58	343
610	0
0	0
0	2502
0	255
0	2502
48	2363
86	86
0	17
579	0
0	6
0	467
20	474
12	43
0	43
30	41
0	23
0	35
0	0
35	0
2867	0
261	0
104	147
0	147
988	22782
0	22782
0	0
0	269
1138	324
0	171
0	24
0	484
0	227
95	202
0	414
0	375
0	171
2902	966
0	795
458	0
23	281
0	265
0	265
0	281
678	657
0	37
0	14
0	66
0	66
4	1295
52	1304
464	0
70	156
1445	156
0	4
29	4
0	0
0	0
0	0
14	1046
0	936
0	1056
0	0
51	31
168	775
44	1602
0	1131
0	1141
0	1086
0	139
2	127
0	127
0	112
191	82
0	12
0	82
34	65
27	1546
152	220
8	220
9212	4371
757	2603
7	792
0	2336
24	97
0	10
20	0
250	864
0	2
0	2
22	0
260	114
191	119
0	0
0	0
0	0
39	185
659	822
8	823
0	741
15	35
0	23
210	826
0	807
0	814
71	178
0	23
0	23
0	40
18	11
0	11
642	638
0	115
0	472
0	54
0	54
0	472
590	472
6	526
123	321
0	39
0	321
0	16
3	145
0	123
0	102
14	10
193	10
1476	914
0	914
54	136
4	117
0	35
98	7221
57	2393
0	444
0	17648
20	17722
31	17849
2	14203
0	18072
0	18230
9	480
0	647
0	893
5	102
2172	1851
22	13
0	99
60	771
14	744
0	179
7	1089
0	264
0	1175
0	1082
4	1248
17	92
0	92
209	184
0	184
32	134
0	134
0	0
0	2613
0	845
0	2600
0	22
0	22
0	22
0	24
0	24
164	56
0	56
0	0
396	495
317	690
0	0
0	0
0	0
0	0
0	126
3	136
52	0
601	0
68	0
257	861
0	861
0	873
1500	811
0	0
0	0
0	0
0	0
0	0
0	0
0	0
0	0
0	0
0	0
1194	66
0	65
21	356
32	33
49	342
0	289
0	263
0	293
0	294
0	0
0	181
0	148
185	68
0	34
68	68
53	134
347	481
0	57
4	195
0	0
0	0
3248	1461
0	1461
0	1461
0	0
0	31
80	31
2954	8
0	5
0	40
0	40
0	40
181	868
1895	789
88	0
13	293
209	312
0	208
0	9
0	11
0	11
0	11
411	1138
0	1138
785	660
76	660
11	0
0	0
5	0
33	0
0	0
4	0
27	172
259	57
17	57
124	0
4	0
3	41
0	41
0	433
958	433
112	67
0	67
0	13
0	100
0	22
271	1807
2	1770
21	2363
6	1338
0	2680
1494	2774
0	2483
0	0
0	217
209	1399
3	1399
0	352
0	352
0	30
0	39
191	0
73	0
66	12
0	12
0	15
175	15
1204	0
36	0
186	272
0	272
21	653
0	653
2	1400
37	1400
367	117
0	117
0	0
0	0
0	0
8	0
0	0
329	0
10607	20
19	1
0	1
0	1
246	273
0	277
0	281
2	26
0	175
12	15
27	0
0	0
0	0
3	0
0	0
0	7
0	7
86	0
32	2885
0	41
68	2033
5943	4115
33	138
0	123
0	112
0	112
0	0
31	9
0	646
31	156
7	284
10	79
408	2961
0	3268
11	3154
1149	0
7	0
4419	251
0	251
0	119
82	119
67	3660
13	3660
25	0
0	0
176	221
0	150
0	221
0	221
0	150
0	117
0	71
0	20
816	155
0	22
0	70
23	0
9	81
0	252
28	252
13	0
0	0
0	7
24	22
0	22
1242	1406
599	1406
3474	1205
11	1205
0	0
0	0
72	3
0	3
64	470
0	470
0	25
26	25
3	0
0	42
0	0
3	42
97	3199
11	2774
11	739
26	3125
404	0
1358	2
399	2988
0	1885
168	1478
54	440
3	415
0	440
0	0
13	24
62	217
0	74
109	171
0	171
16	1868
0	2045
3	147
0	1921
79	2392
148	1568
423	1565
0	0
28	0
0	0
436	87
213	167
0	164
0	0
0	0
0	0
103	2732
1314	2732
57	0
640	555
0	555
17	0
169	73
3	3
165	231
0	69
151	300
0	12
23	12
47	0
0	469
0	111
0	58
32	469
0	158
0	0
0	45
0	268
162	0
241	0
54	0
1328	469
959	460
26	0
0	0
0	0
0	8
0	0
0	0
0	0
0	8
0	41
67	44
0	44
0	41
0	44
0	0
0	0
252	109
0	109
13	0
0	0
1574	818
30161	7952
0	654
1238	7979
0	0
6	0
4	0
893	78
2	78
0	40
30	46
3	0
399	0
2020	2
0	204
0	177
0	584
0	1051
0	435
0	1024
0	402
7	75
0	402
438	0
108	0
0	13
1056	14
0	2
0	1
0	1
52	0
0	4
0	9
93	13
2812	0
24	0
0	0
0	0
13	11
2	0
64	11
13	241
505	241
0	173
0	231
10382	340
0	220
595	2
642	152
0	45
5	135
0	23
5	47
0	47
0	0
195	416
0	416
0	49
0	216
0	4151
73	4151
0	0
0	0
104	6
0	6
0	0
0	0
328	0
0	393
907	393
0	301
0	128
196	301
105	0
0	54
41	458
0	448
0	0
546	0
0	25
0	201
0	184
65	354
0	120
0	78
102	345
0	132
208	2
0	0
1	0
451	168
0	168
806	1
241	0
0	38
11	1
150	337
0	0
0	0
983	0
0	0
0	168
9	151
703	228
0	97
0	97
0	2
0	2
0	0
0	62
50	117
0	34
34	212
0	184
1038	253
189	0
850	0
0	25
1	77
971	77
513	0
81	113
15	113
0	0
169	3558
0	1019
161	3494
917	0
0	150
889	3459
0	3459
0	2695
0	2695
38	0
0	0
0	0
0	0
26	0
0	0
0	4
3	4
57	0
0	0
0	5
1	8
8	8
0	0
21	140
51	18
0	18
0	124
0	124
211	0
47	594
0	44
9	594
0	0
0	0
2535	1777
0	410
61	1696
4	1696
0	603
160	603
152	3182
0	448
2	3161
5	3161
5555	1070
0	1061
19	789
0	191
0	777
0	777
13	295
0	260
624	487
2419	517
0	513
13	71
0	71
8	0
0	0
52	101
0	101
759	1294
0	17
0	8
0	1294
0	4
0	108
0	97
0	577
6	149
709	512
213	4
0	4
0	0
0	0
0	0
0	0
680	0
0	0
0	966
0	1078
0	6
84	509
0	490
712	639
107	1
110	184
0	35
621	35
1842	0
0	0
8	0
0	1024
1818	1041
0	563
4	140
8	0
10	0
650	719
0	19
0	719
0	0
0	0
0	6
0	6
96	221
0	41
0	191
0	34
32	34
514	461
0	35
0	0
0	152
86	257
0	162
39	0
72	0
180	112
8	21
0	0
0	0
20	17
31	341
205	358
10	58
0	0
0	0
215	1
12	0
0	0
48	212
2622	709
9	428
0	428
11	0
0	395
0	89
0	112
3	26
807	0
7054	1
0	0
0	71
334	990
23	990
643	0
112	63
8	0
26	86
126	90
0	5351
3464	18575
0	18575
376	843
0	468
495	2
343	0
22	1240
510	1240
0	0
0	0
0	0
0	0
2	0
0	0
1	0
0	0
0	0
0	8
0	8
0	0
26	0
0	0
6	0
43	11
232	19
0	2
0	0
0	0
0	0
0	0
0	26
2172	755
0	66
1103	6661
0	6807
36	29
1503	6820
0	657
0	0
214	145
2	145
562	168
0	165
536	218
1456	817
0	333
52	702
27	0
0	93
0	542
474	546
3	0
0	226
335	1021
0	1021
1	104
0	0
143	235
92	235
272	0
159	0
0	384
0	311
79	1455
1	518
0	6
70	6
0	0
1232	0
212	3
52	3
6549	4213
0	2974
0	1292
0	114
1985	115
0	184
51	185
93	0
205	616
9	616
251	0
665	32
0	13
4	19
62	0
488	0
0	93
10	667
34	667
0	332
4	21
6	302
0	1700
0	433
0	550
0	1777
0	1917
8	0
234	3527
0	789
29	134
1173	4020
6	83
29	83
744	2
0	4513
1	2292
0	4009
0	3956
0	4513
191	2837
0	10419
546	12173
0	14770
589	14214
447	0
0	5
1	28
1133	0
2183	878
1526	878
165	2824
0	595
0	0
8	2820
0	2662
39	1
385	176
0	152
0	50
8	45
0	25
679	36
0	34
0	19
29	21
169	618
0	597
1	1140
0	4261
260	9409
5	2134
0	6379
0	7832
432	0
0	588
261	2795
0	1946
40	2756
43	45
1	45
255	0
3	2880
47	139
0	1721
26	2941
0	2922
69	173
0	81
0	80
0	173
53	0
0	2
0	2
0	2
3316	0
14	0
0	0
2516	1433
117	1428
27	412
8	412
0	0
3026	3578
0	2621
21	509
0	3069
0	0
78	0
0	0
59	200
65	200
2180	1134
0	1134
0	0
0	0
0	175
95	175
5325	3006
7512	5
173	180
15	0
42	0
4	0
2511	0
841	30
0	30
0	426
115	426
0	519
351	626
0	626
9211	1192
0	768
18	555
12	0
0	1188
28	5663
11	5663
3	7120
0	164
251	195
0	77
0	0
0	354
1136	354
18	1610
227	1610
1088	7079
0	7078
0	0
0	0
448	0
643	1080
31	40
13	34
7685	979
133	970
0	47
0	47
195	47
0	5111
3716	5113
909	0
5	33530
3	904
0	3519
14	32415
49	33380
0	34332
0	515
6	557
0	263
31	271
9	181
48	181
0	181
168	32
0	32
0	0
0	0
0	0
0	0
1166	6429
7490	6447
943	0
605	0
137	8504
0	103
0	285
0	3281
0	8339
0	4027
5027	4030
0	18
10	24
0	10
19	245
0	16
33	323
0	341
17	131
0	249
1875	989
1528	0
0	0
0	0
0	0
8	89
3	6
1388	32
10	31
0	0
0	0
0	0
4	5
0	4
0	43
0	2858
0	2926
0	25
0	26
11	26
0	26
0	0
0	0
30	1573
664	1508
35	1495
0	0
0	0
0	0
0	3
553	1593
950	224
0	0
0	0
0	14042
2348	25045
0	12648
0	18899
0	18340
0	0
0	0
0	0
305	118
4	118
14	285
0	285
111	2080
258	1889
0	1870
6	1634
0	745
0	603
1	2172
1870	3622
3	105
0	105
194	0
0	0
0	0
20	54
0	54
21	0
0	0
33	0
0	0
22	0
0	396
32	400
10	391
0	0
152	0
9	0
4	0
31	0
6	0
0	0
7	0
58	657
0	40
461	1289
21	1289
0	0
21	0
33	896
10	904
0	10
0	47
0	47
0	0
0	0
3340	0
38	0
4829	7
0	0
2	107
0	272
0	27
0	149
12	27
0	27
486	0
2	196
0	4
199	199
48	0
13	6
0	0
0	0
1288	0
0	0
64	18
22917	7
0	0
4	366
4	366
1550	365
464	0
1321	591
0	574
20	54
0	14
0	67
0	41
0	123
72	94
0	66
15	84
0	84
4	734
0	734
105	0
0	0
0	0
0	0
26	0
7	21
3	21
2895	6423
41	6422
0	88
0	132
0	0
40	241
0	241
0	0
9	54
15	518
31	560
11	3499
26172	5661
0	3785
0	2001
694	9015
152	9106
154	520
0	520
0	0
433	0
104	16
0	16
0	1
0	1
118	393
0	48
26	204
0	204
0	0
0	12
0	12
0	12
0	604
1546	604
0	0
0	282
0	233
200	195
0	92
1875	0
16	0
6	127
12	127
2735	1728
0	1728
0	680
0	651
2207	680
188	338
7	0
0	338
57	0
116	1136
138	5
0	0
0	30
0	144
0	96
0	56
0	34
0	77
0	19
0	9
0	25
0	133
0	90
0	129
13	453
908	890
0	662
0	687
0	662
0	672
0	0
727	0
4	101
920	0
0	0
17	0
0	136
0	135
601	1751
120	1751
43	13
0	4
0	4
0	0
0	0
0	0
0	0
20	0
389	0
0	55
382	66
0	0
244	1880
5	1880
56	0
0	0
0	2
7	46
0	31
0	41
1	4
0	4
113	1721
0	365
0	178
0	16
0	1471
0	1058
127	414
27	0
0	0
0	0
11	37
0	0
0	37
0	131
0	140
0	123
2	11
341	514
0	514
0	0
425	0
5	1276
17	201
0	1351
12	1351
4	0
4	32
0	6
3	6
14	96
0	96
35	627
433	627
2330	520
0	520
0	2
4	2
0	2
955	2433
0	1965
1309	2089
0	2086
1554	1
27	1726
34	1726
0	169
0	21
0	146
0	105
0	484
0	610
0	616
5	1549
4259	1556
4294	1286
0	1286
247	235
0	0
1309	0
0	819
0	462
4	551
0	839
0	439
41	745
0	1918
0	3859
25	874
7	1512
0	3882
0	944
0	322
0	26
0	123
0	0
21	149
0	404
45	404
6338	52784
0	17
0	20263
0	33553
0	54802
0	61164
0	58743
0	2241
0	173
0	2808
0	1112
2292	10163
0	532
0	2012
0	2831
33	18
0	18
264	5747
0	68
0	4
31	5703
0	614
0	308
0	304
0	94
80	7389
15	6923
1413	6
0	0
0	0
0	0
0	0
39	0
667	247
1491	0
7665	219
82	0
292	41
0	41
55	3
280	0
354	0
103	3376
2710	3376
0	22
0	234
0	8
0	0
0	234
59	733
156	733
0	10
0	56
64	66
263	12
0	12
49	0
835	166
117	1382
0	1309
0	1445
237	0
2	3
0	12
0	2
0	12
462	0
43	0
0	0
0	2
0	2
55	73
0	73
0	0
1551	114
626	49
0	49
0	0
0	0
0	17
93	395
0	395
0	333
0	0
769	34
0	34
38	35
20	8
0	8
0	0
24	49
0	24
0	52
2	2
0	30
0	30
0	30
27	0
1735	0
2	47
0	35
4	22
0	15
0	3
15	26
0	26
0	37
2	61
0	26
0	735
507	2902
36	2676
0	1
9	1
3052	0
72	0
263	3997
32	3997
0	94
0	21
22	52
28	95
0	518
0	565
6	565
31	0
40	0
295	0
172	0
65	490
0	343
0	329
6	281
0	285
0	214
0	187
1196	397
0	385
0	394
0	12213
3	521
0	949
5	20309
179	8351
0	20309
0	0
0	0
44	0
2452	0
9	0
0	184
187	253
12	229
0	8
0	244
0	989
89	989
25	661
0	661
15	30
332	591
2417	622
11	0
247	105
0	41
34005	721
0	705
0	204
1245	346
0	402
0	346
0	6
2	5
37	56
0	0
4	3
4	47
0	0
0	0
0	0
0	144
2	0
0	27
36	144
227	94
5	0
0	0
0	14
0	28
47	32
784	0
0	0
0	0
0	0
0	0
0	26
0	0
1	26
0	0
0	0
0	5
0	5
1	43
0	4
1513	0
584	908
212	732
10	462
0	199
0	318
1	318
0	253
353	0
3346	0
0	0
0	0
0	0
7	0
0	1
0	0
442	449
2	449
8	7
0	7
1720	3075
146	3074
27	286
0	148
0	272
27	29
0	29
0	0
5250	1
0	24
18	24
253	4
0	4
141	57
0	57
0	13
39	280
0	291
265	291
0	221
0	0
4	0
0	85
69	82
10	629
165	2217
63	2219
0	193
411	1
48	0
0	644
233	554
127	0
60	219
0	195
0	0
0	101
0	68
32	101
3	134
8	133
392	808
14	625
314	511
8160	2473
287	1024
997	1
1	162
0	229
17	703
61	706
228	104
308	212
3	227
0	392
0	229
1246	355
0	0
0	0
0	0
0	0
0	70
0	70
163	8996
0	8996
160	5708
0	1713
0	1609
62	5708
0	3
0	102
0	38
0	151
5	162
0	115
9	73
184	87
0	76
0	10
46	2551
0	405
17	2747
1	0
0	0
7	32
0	32
8	1675
2512	1675
0	4
0	37
27	36
5	189
111	189
0	13
0	13
0	7
0	0
0	0
773	262
20	1295
0	1295
424	506
0	506
10	839
0	299
0	356
0	294
0	245
0	49
0	46
16	829
26	0
6	192
6	41
0	192
90	0
1904	416
0	410
13	1290
0	1350
16	1303
0	0
7	0
819	4310
0	4310
9	189
5	180
0	2
7	2
0	2
0	1115
1522	1540
2	1538
0	22
3	22
0	0
0	0
0	0
0	0
4	0
266	2437
26	2437
7	212
1988	214
25	292
40	356
6	324
410	0
106	0
32	1760
70	249
18	1760
0	0
748	2
6226	1741
8	297
0	1515
0	23
9	23
8	196
0	123
22	99
172	69
0	0
0	0
0	0
1270	0
141	239
0	33
0	104
0	1
0	0
0	1
3	0
0	0
0	97
27	799
9	796
104	4
0	4
203	160
0	159
22	8
0	8
319	0
0	3
4	3
0	3
1476	268
0	114
77	0
0	0
0	0
516	980
0	980
0	861
0	1934
0	2035
0	1211
0	2234
774	420
0	95
6	123
95	123
166	3
0	78
25	80
3557	2530
0	895
0	2526
0	0
97	1
0	1
0	0
0	0
0	0
0	0
0	0
907	7
0	974
2186	974
1362	1995
0	1995
1659	1704
117	1696
0	407
36	482
0	1370
54	1295
41804	20
0	0
0	0
0	0
0	0
10	2837
164	3330
0	1150
0	21
0	3615
116	3615
0	0
0	0
0	0
302	0
0	0
0	212
0	137
612	349
0	6
72	6
3792	603
13	528
100	415
46	0
0	0
1405	0
15	0
0	0
0	4
1343	252
1	2
6	250
2584	154
0	44
101	0
175	0
12	4429
780	544
0	1522
503	4849
16	1062
20	118
0	50
4	1062
124	0
12	0
321	0
68	11
0	11
0	0
0	0
0	0
11	15
0	0
0	15
0	15
72	0
0	0
798	110
3	117
11	105
0	6
0	6
0	6
0	0
0	6
2209	3
371	117
896	0
8	217
0	217
386	96
0	96
1298	7
0	0
0	0
0	402
0	3
0	457
0	457
1814	0
0	0
0	0
0	54
10	54
829	177
0	103
0	177
702	2828
0	2828
0	0
0	0
159	420
630	420
0	16
0	16
0	0
0	8
21	177
0	173
0	170
379	0
4	2169
0	370
3633	2162
0	1668
0	788
411	788
0	0
0	0
0	0
0	124
0	240
0	248
0	242
0	246
74	857
43	857
2142	770
53	372
0	382
57	282
27	18
68	391
0	69
0	349
0	0
122	348
12	348
12	3
0	3
3	23
0	198
1976	1198
0	1175
41	50
0	6
0	118
0	157
0	115
0	0
0	0
277	9
0	9
206	1821
5	482
3	1821
0	396
22	396
0	339
0	86
127	208
0	195
0	186
286	580
3293	987
0	984
0	0
93	118
0	735
0	724
0	514
295	514
0	0
0	40
87	526
1457	526
12	352
0	66
0	50
0	352
109	538
0	794
0	24
0	1010
0	1008
74	471
15	471
4020	0
88	0
0	388
0	212
5763	605
0	26
0	83
283	83
0	79
11	0
59	27
30	27
174	778
105	778
184	0
0	10
0	0
0	10
0	0
0	7
0	0
0	7
0	7
8	369
177	369
0	0
0	78
25	60
0	36
0	49
445	85
37	843
192	58
1146	1133
8	237
0	1133
47	1672
22	866
1	1672
0	0
275	474
3	122
0	36
0	453
480	196
6	7
25	196
1161	971
0	971
0	0
0	9
0	9
10553	3054
9	0
0	0
0	0
0	0
0	0
178	4
0	4
240	25
0	25
0	11
0	11
0	11
20	90
0	90
4003	0
0	11
0	98
0	0
0	96
0	98
443	0
6	0
4920	1
1596	2118
0	2116
2764	0
123	0
10	269
180	269
3683	1
6343	2
95	0
4152	49400
2838	49400
0	432
1653	432
758	0
13916	9905
0	9888
0	0
211	0
0	0
2216	0
8265	0
1772	4
0	43
0	43
0	22753
1456	22753
1188	32
0	32
0	0
0	0
441	1938
0	500
0	897
29	1938
91	31
0	4
0	27
2	1372
1115	1375
0	2954
3	2954
18	6
0	6
501	196
0	196
49	207
0	207
172	198
0	198
0	0
536	257
42	257
0	122
0	0
0	0
7	0
0	1147
417	1147
3	0
2142	3
800	83
182	0
203	2
893	0
1906	0
94	3008
8	3008
4	9
12	9
99	196
0	196
0	0
0	1921
0	668
0	883
0	1853
0	1982
0	1533
616	25
595	2730
791	2344
269	674
8	677
0	540
0	683
79	1489
185	1489
55	0
0	30
0	22
80	52
0	9470
25	9433
0	102
0	6293
23	0
902	793
498	793
0	302
1333	1743
0	280
0	9
10	85
204	80
3234	0
0	0
119	69
0	58
0	12
0	8532
3	4027
2649	8492
0	8703
0	8703
0	0
0	0
0	0
49	0
0	713
252	2766
55	2020
0	2775
720	1464
0	27
17	1424
19322	7
4700	3
0	5
57	5
59	1157
6	1413
80	1105
0	2932
69	2903
0	0
0	0
0	11
91	69
0	63
191	132
7	132
26	0
395	0
2211	3
27	0
0	14
0	5
0	110
13	107
0	105
116	95
24	95
5069	22
76	526
80	526
5934	2023
5	594
0	389
0	279
10	281
0	744
2806	744
143	282
0	271
474	0
454	1500
9	115
0	115
37	263
0	0
0	0
258	62
2	62
934	4
0	21
0	85
0	16
0	16
0	75
32	75
1	71
573	11
10	5
0	23
31	32
3	0
0	151
348	245
16735	2075
14	2066
86	906
13	138
51	935
1166	470
0	5
0	88
13	8
0	16
3	94
8777	1869
0	1862
0	0
0	0
0	45
0	54
0	0
0	54
0	45
0	54
196	564
0	195
123	1685
6262	1685
26	4
0	3
33	977
0	139
0	937
0	15
107	67
0	68
0	291
40	291
0	21
6	101
0	12
28	109
0	44
0	5
0	0
0	1448
0	257
0	2309
1812	2330
3286	0
34	3569
8	1032
18	954
0	8141
0	76
29971	7184
22	0
27	0
72	61
2	0
14	0
20	0
95	61
63	490
0	208
335	0
0	0
1648	521
7	521
0	0
0	0
536	0
27	2
0	2
0	3047
0	6496
11362	7830
0	5185
12	48
901	569
5	0
511	489
643	494
5	0
0	0
0	0
10	0
13	0
46	571
3	5
6	198
2	67
0	571
8	68
6	68
0	99
2575	99
2482	1
0	0
0	230
38	337
0	0
0	0
153	0
0	827
276	827
0	198
108	148
280	464
9	464
0	269
178	3209
0	3209
995	850
0	13
2	4
0	13
29	6575
3981	6575
31	491
0	34
3	478
3695	17
210	26
2	20
0	113
1	113
0	113
34	0
5463	1461
4	1457
67	3186
0	2745
0	3026
21	47
0	2
0	9
0	9
218	0
790	4749
1	100
7	65
0	353
0	18
920	1100
0	492
0	1539
14	1539
443	0
0	189
0	2115
0	1867
0	2123
829	1273
352	1273
40	141
0	141
0	6
26	96
0	96
0	96
109	201
764	803
420	2
786	0
8	389
0	525
13	525
18	9
0	9
0	1170
0	31
0	272
3	1424
18	1477
7947	4
0	0
0	0
0	29
0	133
11	531
90	673
0	482
0	395
0	537
0	6
6	6
0	340
3064	746
71	240
0	237
0	5645
7936	5645
0	0
470	0
227	6662
0	6740
0	293
13	6728
0	0
0	0
3	0
0	78
0	76
6	0
0	0
0	0
36	0
407	78
7	473
0	501
4	299
173	0
122	180
0	76
355	2472
0	2472
1362	179
0	179
85	0
0	0
0	27
6	507
277	507
0	0
4	407
0	96
0	407
10	7
0	1053
0	84
74	943
0	373
22	957
0	501
9	217
0	16
35	403
0	403
974	9
2757	10640
0	0
14	10640
14	0
19	594
0	590
0	78
0	52
0	167
0	107
107	285
0	208
2355	148
0	147
1347	46
0	46
29	0
2437	1
21	6
0	11
0	11
0	0
0	0
0	0
0	3
0	3
0	0
0	0
0	0
0	0
0	0
0	0
26	5001
6	4996
0	5039
1701	228
13	228
0	0
0	360
0	360
651	1
0	95
0	21
24	102
64	0
714	0
252	30
0	30
0	969
452	970
0	111
0	22
0	71
590	204
0	0
0	0
28	38
52	482
68	0
61	7
0	1047
0	1102
0	246
8	35
48	35
354	114
0	114
0	0
1039	385
0	8
0	51
6	337
0	0
30	21
0	0
0	0
0	0
0	0
0	0
0	0
0	26
1065	26
287	1491
0	1491
9	151
551	451
0	14
0	286
0	33
0	269
0	160
11	415
0	160
837	892
0	909
40	979
1376	34
45	34
11	196
0	56
0	0
0	7
692	7
0	0
0	86
0	0
8	86
13	503
0	227
0	552
0	82
0	82
0	82
0	82
0	39
172	39
16310	1209
81	1197
0	23
0	4
12	557
0	41
0	69
0	561
0	6
11	52
0	6
811	21
2	16
0	100
26	5
26	27
0	1959
0	1919
33	1987
0	306
1	306
9	211
0	0
2054	0
642	1386
0	1386
0	3983
0	272
0	3827
0	4069
0	3913
5	469
0	1482
661	1647
795	6464
1199	6464
32	69
413	144
0	4
69	1004
0	90
553	1251
14812	740
0	529
0	201
0	0
0	0
0	0
0	0
0	0
0	0
0	0
154	72
137	172
895	396
0	396
894	0
0	3218
0	242
2626	3218
0	140
0	0
13	0
0	530
1	530
0	496
0	158
5	147
20	66
0	0
82	1614
331	1614
8954	7518
7	7514
144	539
2	302
46	314
0	140
1	164
0	120
0	143
0	112
0	187
32	338
108	504
348	2259
0	2259
2	744
0	0
0	0
226	0
1039	1066
0	28
255	145
7	145
0	147
0	7
6140	4869
92	4866
72	170
0	0
5	0
988	0
94	48
3	51
0	36
0	32
177	133
0	147
0	7
0	75
324	370
0	295
808	2495
2872	2495
68	30
0	0
0	0
0	0
0	0
0	0
16	0
0	0
24	5
0	140
0	0
8	0
0	0
0	0
0	7
6	8
20	0
0	0
921	430
0	251
9063	262
494	0
21	0
927	9
5	125
4718	138
0	0
3	0
0	0
2185	2536
508	527
158	27
830	2309
9	2302
1294	0
6	0
0	0
162	335
22	335
2125	93
0	0
0	1267
7259	1269
0	1052
0	33
0	1034
327	328
0	245
0	46
0	396
0	1084
0	626
10	1077
3	10
0	10
0	0
0	181
164	181
86	562
52	3792
0	218
0	5
1579	3792
9	368
94	4169
999	4152
0	48
0	7
0	4
506	52
0	24
0	24
0	21
8	0
327	0
0	0
531	0
1136	1530
0	60
0	1529
1	218
0	273
0	0
1	1498
0	480
0	528
0	373
0	1499
0	1654
265	0
329	244
1171	300
0	192
0	217
0	10
0	10
0	10
0	9
27	215
0	215
0	0
44	0
96	8
0	222
191	836
586	0
6	0
5	18
4	1549
0	461
0	12
2	1523
0	1501
0	1005
0	0
0	0
58	19
0	19
0	19
794	474
0	470
0	470
414	614
0	617
0	526
0	515
0	481
0	493
0	0
0	0
0	165
0	14
0	85
79	402
12	351
982	0
0	15
512	974
0	970
0	959
0	299
267	1865
130	1957
0	48
8	48
767	547
7	372
766	333
1192	7
5	1229
982	2847
717	900
6	3
13	1687
177	1687
4	0
6018	0
82	0
1483	0
145	323
0	51
0	323
74	369
6	369
0	0
0	0
3	4
3173	582
104	280
2	302
30	82
0	0
314	698
824	698
1307	635
12	635
0	265
1767	930
0	719
0	44
0	17
35	0
0	44
0	44
0	337
17	417
0	417
12	0
0	0
0	168
0	214
0	10
442	0
5	380
0	48
1581	397
0	0
0	0
0	0
3	220
1180	804
0	2026
2	2092
0	1959
43468	14
6704	3277
91	2229
0	231
62	858
0	2595
604	116
0	116
0	243
590	1498
2	1275
32	0
3357	0
0	0
0	89
334	0
79	118
1555	3278
3	1108
5	79
26	1845
0	1911
108	1610
99	1806
0	1618
58	468
0	468
0	0
0	0
0	0
117	0
85	0
0	30
0	118
0	118
0	16
339	0
0	2
0	2
0	1123
0	1266
297	2548
0	2459
127	0
169	0
381	0
29	3591
0	3354
0	3591
5	2
0	0
108	469
16	469
205	0
877	0
503	315
0	103
0	103
2	0
96	0
0	0
0	0
1642	2
0	13
0	13
0	46
22	46
560	0
0	0
162	533
0	0
0	9
22	9
825	0
17	208
0	208
0	191
0	85
616	160
0	75
46	9
36	50
21	0
208	0
216	145
0	22
0	0
20	192
5	192
0	1
11	1
41	1
0	267
2231	267
0	424
18	492
43	492
79	170
0	170
7	4
0	4
0	5018
5	29
0	50
0	4922
0	3060
0	4993
498	0
2790	2505
299	131
167	7910
38	0
37	0
2	9
1477	2027
25	2017
0	1159
0	1053
0	838
2	141
0	0
0	0
38	0
0	187
1107	196
0	0
211	218
0	0
8	0
1	348
0	90
0	33
0	294
1	379
1007	7
416	0
0	175
55	175
47	0
0	0
0	11
0	13
15	13
0	0
0	164
0	0
0	265
15	265
10	265
61	0
2764	1144
0	1142
62	528
0	242
0	471
1487	0
0	0
133	2828
0	210
0	2851
527	0
0	0
18	0
26	2427
0	2427
0	381
614	381
59	0
0	54
0	54
349	333
0	331
4353	0
0	4
0	32
124	36
0	0
0	0
0	0
680	0
0	56
28	137
0	36
0	10
0	16
0	137
58	0
11	0
0	45
0	48
47	3
0	3
0	33
0	0
33	33
147	157
1	78
19	0
0	0
174	0
1	9492
948	12571
18	6388
7	465
228	437
115	466
1075	0
0	2
0	2
0	15
0	15
18	647
5	87
19	620
0	41
1468	41
0	114
77	114
45	90
228	230
0	121
2	77
996	3697
2	3697
0	0
0	0
723	10
0	8017
0	7742
31	47
8	47
1654	0
0	162
0	162
0	162
0	397
450	397
188	58
1	58
18	0
0	0
0	0
871	284
3	284
0	0
0	6
0	6
0	0
7	6
31	26
12	26
0	13
0	3
0	3
0	75
0	11
0	88
0	99
0	188
377	480
47	106
0	0
97	0
1109	291
0	173
87	41
0	33
0	8
0	10
0	129
0	10
12	129
10	222
0	15
0	222
0	0
40	3
195	0
224	508
0	508
0	503
0	508
0	140
0	307
861	0
183	0
29248	7462
82	7459
5	20
0	20
270	332
0	332
739	392
0	392
0	86
235	86
4143	0
4	391
18	391
11027	4864
1150	7
270	1196
10	1196
1826	21488
0	1799
3	19923
5	9915
9	18946
0	712
3574	1760
2574	0
913	646
0	251
4	229
0	243
0	5
0	0
913	21
3	21
23	0
45	0
984	243
19	243
0	0
0	31
0	31
0	31
0	21
0	24
3	24
1704	423
0	423
0	586
9	512
0	5806
44	5520
0	439
1	2401
145	2686
0	2686
0	0
90	0
1	0
0	0
23	0
0	21
0	4
0	21
0	21
4	48
37	2663
31	2673
1	0
575	1584
0	932
0	421
0	5
0	1121
0	0
839	1514
5	1514
410	0
0	34
16	2013
0	1717
0	2192
15	0
0	0
53	72
945	1908
0	2685
0	2673
69	0
0	0
0	413
387	1123
0	0
0	0
314	0
0	1144
0	464
370	2377
521	0
0	18
1497	822
32	839
0	522
8	654
0	654
19	0
0	0
55	0
1035	3041
3	3041
6	2165
0	845
179	19
0	19
0	0
1424	0
1745	4332
0	4332
5298	432
1380	30296
0	28428
0	9478
102	28803
434	0
0	393
6	393
0	17142
16	18174
1	16760
6	92
54	0
0	24
65	28
3	37
71	297
0	5
0	260
0	260
2594	1400
0	1301
0	826
0	1396
0	285
103	873
7	873
0	340
139	340
86	134
1	50
0	7
0	7
3600	1051
10	46
10	31
0	1009
329	0
4	745
0	309
93	1661
92	191
62	1684
0	0
2	0
0	0
0	349
0	467
0	334
288	542
39	355
0	92
38	341
372	68
0	68
443	0
304	359
418	0
0	0
287	18
16	16
0	2
0	0
1631	1
7	100
0	100
0	38
0	688
67	7
0	688
0	615
1157	2064
23	117
31	2064
4	0
36	0
0	16
0	85
13	85
0	13
0	24
0	28
44	41
9	0
0	35244
43	61069
0	42036
0	30569
25	26355
16	160303
13	170525
0	86776
541	1993
0	381
61	1898
5	0
0	8
0	8
375	53
0	53
797	818
0	186
0	1200
2	2
0	1183
0	1235
0	1348
3951	1348
886	105
0	101
10	0
5	341
0	247
0	601
0	585
55	1048
11	962
40	487
61	487
246	6
0	6
380	1
0	0
0	0
0	0
0	602
933	4186
0	2426
7	617
21	4368
172	264
65	258
361	186
0	65
0	163
0	0
0	0
0	2
0	0
20	2
21	214
0	902
0	858
368	94
21	282
67	282
55	1445
0	1445
61	0
5	23
0	0
0	0
10	12
0	8
0	0
0	0
191	1606
2961	1605
0	0
28	0
0	8
1053	8
0	8
3470	505
5	501
604	0
1946	1942
0	1221
0	721
649	2115
0	2016
126	869
0	13
0	71
0	0
0	62
0	62
122	0
0	8
132	704
0	1266
157	1294
2	1294
564	117
22	68
0	112
0	1400
1255	2030
0	658
0	2
0	2
0	0
0	0
0	0
0	0
60	626
54	610
0	5
0	605
1	761
88	609
0	146
2427	10
2	4
417	2029
193	2091
176	1181
1630	1181
7	509
1193	858
0	134
8	650
0	0
36	26
3105	670
0	666
0	40
0	113
0	45
732	453
0	0
0	453
7	0
2068	1
415	0
324	2
32	557
0	2761
0	131
0	94
1	2761
57	0
0	0
0	2522
56	2698
63	2851
0	98
142	218
136	1226
0	2844
83	4922
0	1511
0	4316
23	20
0	20
4	4
0	4
1219	119
42	0
0	48
55	273
0	274
0	23
0	24
239	81
0	6
0	10
0	67
0	66
0	70
0	0
2721	0
0	158
0	0
207	4083
428	4083
8	6996
25	29700
0	27930
1	27429
0	11
83	11
26	0
13892	21
0	0
103	156
32	0
0	0
51248	38
8159	2070
0	0
0	581
5333	581
270	0
0	579
0	65
0	96
0	0
1048	306
0	0
0	0
0	0
168	0
8991	1768
0	0
0	0
0	0
1154	1
210	2428
5	2428
3005	1
16	0
12	80
138	0
597	0
144	756
0	0
1	756
20	0
50	31
91	49
0	38
4506	7
394	0
0	0
0	0
3829	2
0	67
454	98
0	49
0	0
0	0
0	0
126	66
136	0
2739	1643
0	513
56	255
0	1538
35	1557
88	1557
240	67
0	66
0	2463
0	168
66	2463
39	352
0	296
0	203
689	1052
0	1114
0	990
0	1101
21	0
0	0
0	0
0	0
0	0
0	57
0	3133
0	3164
32	3117
16	3128
4817	1880
423	2001
862	1662
1946	2866
14	33
10	38
19	5
0	99
177	99
0	17
0	17
799	0
4	0
1258	3816
82	3815
12	59
0	1729
1	1729
0	77
12	77
0	0
0	0
57	388
0	370
0	388
5	478
0	340
0	336
0	333
237	195
6	193
40	61
1366	0
235	94
2	94
621	0
0	0
0	0
263	157
13	130
0	48
271	0
0	9
0	9
3683	5
1679	0
1863	0
0	950
7	1148
0	1148
0	1754
354	161
312	1915
0	12
3000	3330
0	3330
16294	8
34	138
0	138
15	115
0	115
816	79
0	79
0	0
0	23
245	24
0	1
714	209
0	0
0	0
0	352
3	334
134	92
0	27
61	907
0	284
0	907
292	804
16	804
326	340
41	342
39	230
20	230
3573	0
0	293
0	214
62	293
69	0
10	55
0	55
6	0
15	0
27	0
0	4776
17949	4786
0	25
0	25
4	42
0	36
0	12
15	12
3015	0
3938	389
40	389
0	1154
65	1154
0	3998
244	668
75	3998
215	342
216	342
99	139
0	139
0	36
0	36
24	547
906	1007
162	276
0	514
28	1003
154	761
7	0
0	0
27	165
0	165
0	165
978	1475
0	1436
31	1440
40	1475
6	1474
0	1410
960	419
242	419
0	0
0	0
557	10038
245	1847
0	9568
0	8032
11	8314
8	8524
0	8251
71	9258
35	335
0	270
0	1094
22	513
0	1276
37	1126
351	0
0	0
35	977
0	977
0	62
16	60
0	47
12	205
107	205
1018	359
0	359
0	5
775	1
36	0
400	0
27	3823
0	1029
218	3823
2493	986
0	986
1673	1840
95	258
109	1909
58	241
0	193
0	564
0	344
0	708
0	436
116	795
897	1256
2058	1944
38719	1972
310	81
25	29
0	81
169	0
7	0
288	2475
0	2475
1	632
142	632
0	56
42	37
0	6
0	37
1456	2155
0	21
108	1980
0	2149
3536	0
30	114
0	0
0	7
0	6
0	306
0	306
13	43
0	2
0	2
0	45
0	53
318	53
0	0
0	0
0	0
1655	0
15	0
0	0
0	0
0	0
284	0
3	0
46	0
0	255
0	56
0	0
0	159
25	255
0	53
951	54
0	167
0	53
0	17
6436	1828
373	95
0	0
7445	6
17	9
0	9
430	1340
0	1340
34	71
5	658
320	658
157	0
1280	612
12	611
0	0
0	6245
1867	6246
1	35
1508	93
8	0
0	24
0	52
18	108
0	181
0	2313
0	2343
20	219
0	4967
29	4696
0	4908
0	4601
61	930
0	194
0	297
0	170
7	930
0	7
642	517
0	455
0	12
0	38
0	393
0	20
0	46
65	393
101	0
0	159
14	135
0	3
0	148
682	280
0	14140
0	14140
0	9429
102	529
0	400
850	162
0	4
1152	1288
0	8
0	8
6	75
385	0
11	2
0	2
45	68
0	68
341	0
564	0
0	0
0	0
4192	119
0	14
0	113
0	3603
0	1476
4652	3606
1070	5
134	0
0	15
0	15
0	15
0	123
405	123
0	119
0	0
0	587
148	573
122	581
128	6
0	375
2	354
73	160
214	4573
0	4573
60	30
0	26
0	30
138	0
0	69
0	69
0	63
0	0
117	0
11	21
9	16
6	35
328	1416
9	183
0	1255
1830	302
32	244
3	302
0	0
0	61
71	117
2477	508
125	507
542	393
7	111
0	67
0	0
0	36
98	36
20	42
0	3
0	42
0	38
0	7
265	15
0	10
59	10
3156	3810
0	3896
0	32
0	250
0	364
0	4028
0	1316
1117	2679
0	2679
415	707
0	247
0	24
0	0
3	66
826	67
165	0
355	0
87	1
0	0
0	0
15527	6
41	38
0	14
0	24
0	24
0	20
79	20
12243	11
0	1871
3772	3488
0	1967
1606	0
0	0
251	0
265	624
37	652
0	652
56007	29922
6	29882
51	0
1478	0
51	1250
38	252
62	3
0	1247
187	137
0	28
0	26
65	0
26	0
0	0
0	194
222	823
0	755
0	0
2	264
1046	264
4595	0
7967	2
46	0
3	0
2611	401
850	0
8058	0
0	0
0	212
0	0
187	212
595	0
3133	1447
368	0
8	0
45	1731
0	1731
0	0
1	0
0	7
0	14
6	17
0	10
0	48
6	75
6	67
1227	0
0	0
0	0
7	3332
0	10321
0	10459
0	19
6	120
0	96
0	113
23	132
0	108
111	114
0	114
10	0
95	0
8	572
6	543
0	409
0	0
0	3
0	3
3	0
4150	309
0	309
1618	0
6	0
4	90
2722	1234
1	105
0	1501
52	1560
44	351
44	351
71	0
2308	105
0	104
104	241
1	9
122	70
0	56
23	0
0	0
0	0
338	0
136	0
0	524
96	524
45	64
0	64
19	67
0	67
0	25
463	1151
0	1147
89	101
7	101
0	3
0	3
0	650
77	1099
146	0
0	0
0	2050
0	300
4373	2050
0	0
0	0
0	0
0	19
0	19
241	17
7	49
19	55
0	1
0	0
25	174
0	2
2	23
0	6
0	1
0	161
0	159
0	161
0	170
704	700
0	31
0	31
698	1121
0	1119
0	0
0	0
0	0
0	0
0	0
0	0
0	0
0	0
0	127
0	474
153	538
6	560
0	560
8	774
3	47
2	770
40	27
222	77
0	68
9	73
0	35
135	35
7810	9327
2050	9325
0	30
0	42
0	42
0	41
18	42
0	29
41	30
921	0
808	4
3	129
0	262
0	197
0	282
203	736
0	346
687	404
0	404
150	1364
0	328
32	1364
88	149
143	147
0	0
0	0
0	0
0	74
225	72
0	4083
44	2479
79	3697
3	0
203	994
40	1182
20	325
230	142
4	135
0	61
5	512
32	512
5752	5
69	0
0	0
294	0
0	0
7	4
0	4
9282	3272
19	3350
36	2926
12	0
259	6
0	6
605	19
0	19
0	163
275	2445
7	2080
1	15
209	189
0	189
0	0
25	0
6	31
0	31
0	715
0	219
0	190
7	0
0	4
0	4
113	159
18	159
203	0
1017	3
4	0
425	279
0	0
1	10693
0	3378
23478	11170
0	3415
1233	0
0	20
11	52
0	34
68	72
0	27
0	27
99	148
0	149
0	0
0	23
4	23
6627	4
0	4
0	4
0	0
0	1
1	1
0	0
3	0
0	0
477	0
56	158
0	158
4005	1070
0	943
0	1069
125	257
20	257
167	287
91	287
0	7
0	0
0	0
33	7
4	7
7766	0
0	0
160	118
61	193
0	186
0	349
679	2223
0	844
0	1140
91	127
0	127
0	113
13	9
0	9
38	153
0	153
58	0
0	401
0	402
0	402
1520	0
2634	1934
0	215
19	1934
236	0
78281	57
0	33
124	74
19	0
403	0
67	662
0	426
5	117
0	117
0	662
5403	1
173	18966
0	11625
232	14147
3	4900
0	9494
4159	0
8825	945
0	465
0	473
0	0
14	85
3	85
139	1
0	0
3	1
1	1
8952	13
0	3
0	0
217	4
1140	4
101	77
7	0
25	50
39	3442
0	135
0	3561
0	3562
289	225
0	1485
153	1485
0	0
0	0
0	2
11	2
0	0
199	35
0	35
354	418
61	15
969	419
2891	6
0	128
2193	128
178	1
5	13
0	0
0	0
0	0
85	0
1631	0
0	0
257	0
0	30
0	5
22	35
0	6
0	6
0	6
0	6
117	39
3	91
0	91
1495	1428
0	2
166	1428
7	72
0	24
0	33
41	40
48	303
1243	0
3318	1
176	0
39	4
47	1175
0	22
0	276
107	748
66	748
354	4
588	0
0	0
0	0
0	6
0	6
0	6
0	0
2277	738
3	323
16	515
0	41
130	41
0	1
145	21
0	21
0	0
0	0
0	0
0	0
0	0
13	0
44	0
0	74
0	67
0	74
0	221
0	67
1792	5545
0	0
0	0
7849	0
0	80
730	260
0	40
6	0
35	14
179	0
10	0
0	14
0	9
6	93
7	12
5	90
39	0
0	0
0	2
0	20
0	0
0	0
0	0
0	0
0	20
0	20
9	0
0	0
0	0
3445	8
9	1136
0	1171
0	1070
0	1212
0	1194
3	1190
0	1129
61	422
35	422
2	422
2	382
0	382
0	226
70	1492
116	1492
412	179
0	66
5	188
8	0
0	0
93	345
0	0
0	63
0	231
0	226
0	231
0	5
0	5
6	2
0	1263
0	150
0	1204
38	5927
0	319
6	5675
0	0
0	0
0	417
0	471
0	471
29	0
0	0
0	13
373	14
224	169
0	169
619	5
0	388
0	70
0	411
0	422
0	414
0	57
29	57
0	0
0	0
0	0
0	0
0	0
0	0
0	0
34	6
0	0
0	0
0	13
24	13
281	530
0	530
97	0
2755	6
144	62
0	62
0	46
1	213
0	251
0	211
0	0
0	5
0	5
15	0
0	26
0	227
0	160
0	217
28	307
0	206
0	0
7	0
0	363
223	363
0	35
14	5
28	0
0	346
0	187
0	767
0	181
0	692
15	199
8	217
119	325
1435	1417
0	1335
0	1500
140	147
17	1714
0	1714
0	0
0	33
40	33
145	0
27	322
4	322
0	322
0	1044
12	1044
52	0
0	22
0	232
17	123
0	133
1041	689
0	334
7	361
0	269
23	32
306	469
334	469
1051	419
222	305
7	249
0	194
42	0
1907	0
0	0
0	0
0	0
0	30
0	30
17	100
0	37
2	207
417	9
3	8
0	254
0	1
0	0
0	243
0	153
0	254
0	149
162	9
0	3
0	6
0	65
0	149
361	182
0	137
207	447
0	122
89	518
76	419
5	133
964	16856
33	16856
0	0
3024	2685
13	175
526	175
0	2942
0	2928
12373	3262
0	3234
0	2317
0	1446
0	0
0	0
0	108
0	56
442	256
0	204
0	116
2922	92
0	92
489	845
0	845
0	0
19	0
25	144
5	144
396	0
11	0
0	223
19	400
0	223
0	90
0	222
0	250
0	173
0	2914
22	2779
11	2652
15	2855
0	2602
3	2846
12	2996
0	2588
363	89
375	89
277	758
0	756
0	0
0	0
93	33
61	12
2	19
17	19
50	51
0	51
2229	3214
0	3213
0	21
0	0
0	0
4	0
1699	0
0	0
9	0
0	0
118	0
11	314
13	52
0	35
1	314
70	0
396	795
7	16
126	0
3	326
1	42
6	0
8969	3
85	917
33	952
19	256
587	256
34	376
0	379
2222	826
15	826
3587	3291
0	3291
0	0
0	0
0	12
0	12
0	223
0	163
0	15
0	150
0	203
4	96
0	7
1	96
0	172
0	0
0	0
92	35
0	233
988	937
0	886
0	937
0	379
2228	736
7	139
77	182
0	182
1512	453
0	453
72	116
220	2370
151	2370
2891	5
27	111
50	111
0	32
0	35
0	1
0	35
481	2894
0	2797
14	563
0	1014
26	12
0	12
38	98
0	98
104	648
87	362
0	426
2	25
0	6
0	6
0	25
2606	6
1770	0
2	73
159	1
0	0
0	0
0	4
7984	4
103	1840
0	93
0	178
19	1819
0	1259
4	4
0	50
0	14
0	50
0	80
23	80
2446	0
3	201
0	25
8	673
0	684
144	10
0	10
215	1840
0	56
21	1632
0	16
0	16
11100	4
0	773
7	777
149	119
9	62
13	37
28	1393
0	1093
8	1077
0	1205
0	0
1	0
21	778
12	29
0	1167
0	1209
1837	539
5	478
0	202
628	375
0	375
4601	0
0	210
0	0
1	17
0	91
0	153
61	179
0	179
9	165
84	165
51	62
0	41
3	119
0	38
0	85
0	570
0	7468
0	650
0	7374
277	7305
116	690
0	342
0	12
0	209
0	0
0	0
0	99
0	4
0	0
0	0
0	0
0	0
107	0
183	175
0	175
4	23
0	30
0	30
821	3222
0	2618
68	604
258	0
0	473
146	499
172	0
6	0
0	1194
160	1194
0	226
142	227
0	150
0	7
0	7
3	303
12	0
6	303
11	71
894	17
110	17
2	0
0	0
0	0
0	0
0	0
0	30
86	30
0	0
0	0
0	0
500	0
415	622
1	0
0	0
10	96
1526	4496
0	109
0	45
5	4586
40	10
0	10
0	0
0	54
0	111
22	173
0	4
0	0
0	173
30	65
0	65
16	622
0	195
7	588
447	23
8	23
106	17
6	17
16	0
3	68
10	1844
5	203
0	1644
4	1473
0	323
17	1440
0	1297
428	0
0	3302
352	3302
0	40
85	177
0	175
15	27
13	27
0	6
2	585
0	222
888	510
1	15
1	15
0	15
359	36
137	389
31	358
0	3904
15	3904
13	7
0	9
0	9
959	1789
2	1789
33	223
0	223
970	0
41	3382
0	213
0	10
0	3400
0	3411
0	3523
48	3357
0	0
12	0
0	0
7	618
1	5
2	8
0	0
0	0
0	723
1577	725
0	12
0	33
0	33
0	20
1067	238
0	0
0	0
291	613
146	613
22	563
0	636
0	636
263	104
0	104
0	616
0	606
131	481
61	1997
0	962
12	77
136	2251
38	197
0	34
0	1941
8	1913
211	232
0	23
0	152
110	75
0	75
0	60
0	0
5	101
3	161
0	168
61	63
679	0
0	0
0	10
0	10
154	0
0	1569
119	1702
29	0
0	0
26	0
0	6
0	6
109	97
0	59
0	38
30	74
0	74
988	3
830	120
0	75
0	48
37	0
3	0
10	0
1455	0
2	0
0	0
17	12
0	12
1501	0
740	461
1	21
68	927
27	927
731	0
11	0
300	0
162	7
0	7
418	1
4	0
468	1343
0	1343
249	0
955	35
73	0
0	0
0	2
0	2
0	2
0	2822
74	2769
0	437
0	74
282	838
0	838
0	0
0	0
0	0
0	0
2	6
0	71
0	847
5	882
0	51
0	2
15	842
0	880
0	0
0	0
7999	2
0	8075
780	9668
0	1639
89	4
0	0
0	0
0	0
0	0
179	0
913	1
3754	707
1669	0
0	0
9	0
0	9
0	9
4	319
165	319
98	219
0	219
23	0
0	1002
0	85
0	221
0	359
26	1040
0	1000
65	104
5	0
0	0
114	0
8	120
16	0
10	34
0	34
21	198
0	32
550	198
1793	0
236	0
52	1542
869	1542
191	320
0	152
5	23440
0	24609
0	25812
257	27893
0	26691
36	32
0	27
0	0
0	5
0	9
0	9
10	0
677	0
1	0
8019	18995
18	18981
0	7736
3	5808
3568	6
1361	85
0	85
43	0
0	0
0	199
0	3
0	139
13	69
2228	0
23	0
3906	7
27	35
272	35
660	0
0	0
1522	0
0	269
9	269
92	5
3	5
12	12
0	11
0	0
113	12
0	12
0	0
834	0
117	143
58	597
210	597
57	0
0	0
54	0
15	0
5547	0
1	3
389	122
0	122
0	104
0	122
0	104
5	3
0	3
7	6
0	6
0	61
941	4124
10084	4176
481	1680
0	1680
4	201
0	31
256	217
216	186
0	0
0	0
0	0
6	6
2670	305
333	11
0	11
40	333
11	333
0	0
0	0
0	0
7	0
1991	1
0	10
0	10
0	1109
338	1109
282	148
4	148
1	0
460	5
325	8035
0	8035
0	5104
0	1228
7617	2467
0	2212
3	255
6	0
2	110
6819	457
0	184
9	171
30	120
0	906
3	151
2204	906
0	0
6	0
0	0
0	0
0	187
26	5
0	5
403	230
10	230
26	79
23	9
20	12
0	72
75	121
0	91
46	70
0	70
93	0
0	107
0	107
1987	0
1	275
0	0
129	0
0	564
0	375
220	564
0	955
0	4170
0	3896
0	4265
0	3654
3	305
0	428
1280	1074
0	698
0	140
0	5
0	38
22	33
30	61
0	61
30	33
0	0
0	0
0	0
17	2
180	2
2028	0
0	5
49	316
626	630
0	190
42	527
79	0
0	25
3	12140
2	5203
0	8615
6969	18168
32	15970
0	113
2699	335
0	0
2	0
378	252
0	252
0	89
0	0
10	89
0	192
0	0
0	0
358	0
2	312
0	1386
1073	1701
1951	4
1527	1420
0	572
0	2733
0	2613
0	2623
0	29
3	217
0	158
0	158
0	0
0	0
324	149
0	149
1883	735
63	735
0	135
15	135
13	0
0	5
3	0
0	0
0	0
0	0
4681	128
0	127
1080	0
0	0
10	0
13	0
5	0
81	0
995	431
156	431
0	406
67	398
0	72
0	431
539	213
0	75
0	209
20	1219
0	386
16	1219
0	22
0	11
32	11
937	454
37	456
0	0
0	0
0	0
41	0
2379	325
0	6
0	324
0	202
0	0
0	0
0	0
0	642
0	0
0	628
0	641
0	627
19	0
2	17
0	17
9	0
0	0
0	0
0	0
0	784
0	733
1	72
5	985
0	1
0	834
5	736
0	1006
1708	1841
0	1240
2	92
589	0
572	1758
5	1758
15	40
0	295
0	208
0	181
0	126
0	160
853	0
6498	537
6	77
0	7
0	28
174	556
0	591
54	955
0	44
0	106
0	220
0	185
1	990
0	1
0	1
0	1
0	0
1	20
119	0
0	0
0	0
0	0
0	0
3	0
0	238
0	5
0	10
0	0
0	10
0	238
0	238
0	364
0	326
3	205
62	205
48	425
0	429
0	415
0	23
97	23
3	0
0	0
123	7
32	23
0	23
204	114
1654	3
0	16
1161	0
0	102
0	119
137	503
0	492
0	22
0	22
0	535
1774	535
4	22
0	18
0	22
15	190
0	190
18	3884
0	37
0	3532
113	2298
2949	9878
0	5637
14	3793
11	4850
0	3165
2008	0
190	307
865	307
2420	2
11	480
0	72
0	429
76	448
1589	562
40	562
112	349
21	349
218	386
0	366
0	32
77	48
16	0
10	0
396	582
0	90
257	127
1	81
0	57
751	170
0	170
0	143
2278	2007
14	923
6	775
0	528
923	458
0	1143
56	4
0	4
0	75
37	41
0	319
32	342
131	75
0	74
0	74
78	0
0	0
0	0
257	138
168	863
0	251
50	335
0	30
5	33
0	21
4	21
0	21
21	0
0	74
1	2197
41	2197
33	0
0	86
211	86
0	768
0	1217
1955	1223
0	5
53	35
0	35
0	72
0	30
0	1032
10	1514
0	986
0	46
0	79
14	57
0	64
4	138
470	178
0	175
31	528
0	528
0	521
0	0
0	0
2037	396
0	210
0	214
56	369
0	369
0	1531
0	361
331	3153
9	1759
0	0
3467	7
644	37
329	0
1037	1
559	2
0	762
429	3051
342	3051
0	0
0	23
0	214
0	214
0	207
93	303
52	303
0	33
9	10
740	464
9	127
0	337
2880	6747
121	3526
7	1304
130	1267
3	1005
333	1005
0	0
0	0
18	26
0	26
0	59
0	42
0	59
0	59
0	0
162	2
35	0
0	659
0	1408
403	1408
7	0
21	0
1007	5510
400	5510
0	13
0	13
0	0
0	58
651	59
58	52
170	52
0	91
3871	99
390	0
0	53
0	72
4	72
18	0
0	344
49	364
3251	3
1702	84
0	84
0	0
0	0
0	842
1549	5220
0	83
0	83
0	7
381	0
1119	2239
0	133
0	0
0	2239
1379	1058
0	1058
581	0
0	7
0	4
0	0
13	7
347	0
6718	2
0	3
0	3
0	60
103	74
0	14
8	845
348	1752
0	1114
142	1703
0	605
0	43
0	51
30	605
1	76
0	76
0	4
0	9
0	9
0	33
0	33
0	33
0	33
4826	793
0	788
35	0
31	0
8	1
0	10
0	1388
0	523
0	829
0	196
0	1267
0	1482
0	0
0	0
9	0
0	1045
0	1045
6720	3
694	1010
578	2057
10963	15
57	1123
0	1123
0	351
0	302
0	351
1741	4200
0	4200
146	3917
0	0
0	0
57	3052
0	239
0	1888
24	3040
2167	118
0	371
6	5791
0	4262
1904	6162
0	263
729	113
2	272
0	1552
424	2175
0	2334
0	2229
0	0
0	0
0	0
0	0
762	505
0	505
0	169
0	388
0	388
0	63
7	57
0	50
859	70
10	388
0	103
25	374
68	0
0	0
0	3287
0	3240
7	3276
0	0
0	38
284	0
704	0
50	0
1898	1314
0	1139
121	729
0	76
0	21
0	239
685	704
44	0
0	9033
0	8853
0	4
31	70
0	70
0	47
0	0
0	47
0	47
0	194
56	197
0	197
14	0
332	385
0	23
16	31
1	87
30	88
0	57
0	0
157	0
0	62
0	58
1225	307
0	252
10	9
0	9
0	22
84	22
10	5
0	5
0	843
215	2178
121	2181
0	2219
0	297
0	278
0	1
0	2
0	254
0	51
610	156
0	0
0	6
0	6
610	6710
0	5805
363	612
2	612
71	45
1236	2071
2	154
6372	2
344	343
0	343
71	0
3683	0
112	0
0	414
596	661
5	567
0	632
1507	0
709	825
0	1062
0	1111
0	1194
1005	0
0	0
0	82
415	188
3	174
0	0
0	0
0	0
0	0
0	0
15	0
0	25
0	25
36	1428
0	1428
0	13
0	13
10	6
0	6
133	18
0	76
0	56
1830	93
180	412
0	47
2	4
357	410
0	992
327	1009
73	609
3	255
0	255
0	8
23	172
13	172
125	0
34	25
0	25
43	152
0	4
1464	56
7	52
0	13
5	13
0	0
2	0
0	104
1	107
0	71
0	74
0	84
0	78
0	94
0	69
0	0
386	359
0	359
75	7923
0	7923
48	95
122	0
0	0
0	0
0	13
0	13
11	0
41	1116
0	115
10	1116
257	834
0	349
284	790
422	0
1151	0
0	0
5	0
0	330
0	41
36	84
0	35
351	35
0	96
0	96
0	34
5972	7
810	0
1917	0
62	83
121	921
0	921
4	12
1	20
0	20
0	20
113	0
0	63
0	319
0	62
10	295
300	0
107	485
132	46
0	176
0	199
4	1093
0	1019
51	547
0	547
25	71
0	71
10	133
29	319
18	375
0	382
6	0
0	0
87	125
0	125
4	0
6	0
0	0
0	0
8	0
0	582
0	248
6	485
0	815
34	765
0	191
0	1669
0	396
0	74
30	2334
0	2453
0	0
5	0
3772	0
0	0
0	0
998	251
29	0
2207	0
2	359
0	68
271	121
10	344
0	138
0	364
0	365
108	0
0	18
10	18
0	12
0	18
0	18
2509	2
304	5328
173	5328
0	81
0	1839
0	1854
0	1846
119	1808
241	0
50	834
84	834
0	266
4457	13
63	6579
2595	6539
0	805
137	46
215	0
35	605
4	640
0	599
873	0
0	81
21	81
41	150
0	102
377	118
0	111
1076	0
27292	11867
0	11862
0	510
70	485
0	449
0	382
0	257
0	135
8	1338
0	1260
0	1107
0	1131
0	0
0	0
2294	12587
0	12587
717	320
23	320
5	9
0	6
176	767
0	767
0	6751
0	317
0	6606
6	7043
6	6317
0	2491
148	2491
0	1098
195	1176
46	1174
832	89
0	86
0	0
0	11
23	2426
0	1587
0	767
2469	2341
142	5
221	1
503	569
1743	1
1639	0
511	385
25	379
633	0
28	979
0	24
31	968
0	670
0	0
0	664
0	718
0	0
2419	0
53	136
0	1093
72	1154
0	1322
0	0
3218	3375
0	5
0	3375
996	569
404	381
730	14
0	14
0	458
4232	460
2900	7
0	2
0	2
0	15
0	15
260	510
0	4104
0	549
119	4505
377	4505
54	8
0	8
0	64
0	0
0	64
1	0
0	278
0	2615
0	576
2808	2616
0	169
3	169
0	132
127	167
8	2058
0	224
3653	4156
0	2591
1102	5
311	0
0	9
0	0
773	46
4	37
1421	345
0	343
0	340
117	0
804	2
0	10
0	0
0	0
0	0
0	0
527	506
0	0
20	5
0	1
0	162
46	162
0	0
2	616
3541	38046
0	3937
5599	31848
0	2431
56	7062
5	2
19	0
86	354
0	201
0	13
95	210
0	86
37	0
662	5928
0	99
81	5829
0	2513
2536	2513
99	0
0	55
0	95
83	151
0	99
0	87
2228	1346
201	1346
5	297
0	850
217	883
260	1058
0	855
99	1177
0	147
16	1168
65	263
32	263
0	211
0	8
69	211
0	0
0	0
0	4
0	4
0	3
14	7
17	235
1	235
0	195
3006	311
0	311
0	213
126	407
0	586
0	1063
50	1022
0	352
1617	353
0	0
0	0
0	0
0	0
0	137
0	2421
0	3070
17	3046
0	3077
0	51
7	74
0	0
0	0
0	290
0	136
275	3145
32	3190
61	150
0	664
641	667
2	949
0	357
0	988
243	5370
0	785
0	1831
8	5370
3129	1
13	0
0	0
53	23
0	7
0	174
82	430
46	481
0	231
1864	0
630	315
0	12
138	12
6	0
4787	2
0	1
0	1
3122	0
0	19292
10	13027
0	18124
2400	33613
0	20975
0	12953
452	0
0	28
219	28
0	0
0	0
0	0
0	0
0	0
0	0
0	7
6	90
0	16
0	70
38	94
0	86
0	271
0	179
0	263
49	113
0	144
528	1248
0	512
0	82
5	9
108	85
6	37
0	25
0	0
0	357
1345	362
1262	0
0	0
302	137
0	137
2245	3
49	4
0	4
0	25
12	792
416	782
110	3189
0	1365
0	1965
0	1346
1339	0
0	133
0	104
15	463
0	531
546	0
473	0
0	0
1	0
325	0
258	467
0	63
0	404
0	7
0	0
115	0
15424	1075
203	508
3	1005
0	1005
0	733
21	517
587	175
0	67
91	275
18	275
62	47
0	47
0	28
97	28
135	0
0	0
0	0
0	0
0	0
0	71
287	301
0	301
0	259
0	55
325	277
57	95
0	95
0	95
6640	2
107	484
0	56
303	441
38	13
0	11
0	0
0	0
231	0
0	1547
11957	18620
0	1051
2	7312
4	7467
0	7345
0	17992
0	0
6	0
0	0
632	632
0	632
128	3940
18	3363
0	3302
0	258
0	614
85	2975
774	391
1575	6
629	24
0	174
0	0
344	174
0	99
121	195
7	195
320	0
0	71
0	71
1	3
32	84
0	84
0	180
884	1323
12	66
0	0
18	66
2357	0
591	507
0	129
0	454
800	0
366	0
0	0
673	0
0	0
0	0
0	0
0	265
1061	1688
4	940
0	752
0	576
16	156
0	156
0	1784
1634	10125
0	10079
0	0
0	0
0	0
186	94
0	192
287	1659
0	273
42	1410
0	1394
0	1394
5	2
312	2
0	0
0	0
0	0
0	109
106	377
0	356
7	134
0	52
17	105
591	492
4	106
18	28
0	1
0	0
0	30
2	9
0	8
0	8
250	9
236	273
4	24
0	39
0	234
1360	102
37	102
9	0
4476	8
18	593
18	594
0	1538
9	1586
0	1581
0	657
0	1538
37	259
24	63
274	3522
0	115
15	458
0	0
0	0
0	452
827	452
13	15
29	17
0	134
0	250
411	269
2392	613
77	264
0	264
139	0
71	0
0	36
0	41
0	41
0	32
1327	181
86	181
70	4631
2246	4454
8	1066
16	1066
142	340
763	340
30	391
0	306
1342	948
0	902
0	854
0	841
0	1
0	1
1218	1524
0	1524
483	51
0	51
0	1148
0	100
0	1171
1791	2534
56	47
0	46
0	0
6	0
0	1
0	7
25	1096
27	1096
597	0
270	0
4	18
144	38
0	20
2	0
0	0
0	0
0	0
0	0
0	0
0	0
0	0
0	0
218	167
0	167
154	0
0	0
0	0
813	0
2527	5
26	23
0	18
10	6
529	16
0	16
483	559
263	270
0	22
37722	41773
130	1850
0	3995
0	41294
0	0
7	0
198	0
231	3
0	89
477	89
131	1857
0	105
0	4
0	1847
81	1746
30	44
102	163
0	272
391	2
109	481
0	0
0	0
139	562
3107	563
0	0
0	0
0	0
0	0
386	1052
16	0
303	550
0	548
86	1
166	607
135	1218
0	1218
0	69
0	34
14	646
0	646
264	6291
15	1883
27	6291
83	0
0	0
0	0
0	0
0	1220
1717	2335
1	2317
0	1500
0	1679
0	1574
5774	1
0	5
1503	137
0	132
28	28
0	0
0	0
154	309
325	643
0	117
1705	0
0	0
0	83
7	80
8	3
289	26
13	17
0	15
0	0
0	5
22	1738
0	1155
7	77
0	1487
0	1520
453	1520
0	42
213	107
0	59
0	989
0	267
1625	989
0	137
0	375
216	477
256	10
0	0
9	10
554	68
0	68
15	6
0	6
1222	827
0	978
10	0
784	272
0	6
0	0
0	6
0	0
0	0
0	0
0	0
0	0
0	12
0	145
80	145
648	331
0	25
0	331
0	4
7	20
56	60
0	0
0	78
8	75
0	70
197	281
0	281
587	174
0	133
0	6
1376	0
0	476
0	55
0	187
0	678
73	678
65	724
0	724
464	199
0	0
2	199
0	66
0	75
0	67
0	31
0	18
2	31
22	0
23	0
61	107
0	309
387	884
0	34
1	34
299	0
0	0
27	42
0	43
0	47
0	34
1965	13
0	13
1	965
0	914
1168	0
0	0
0	0
0	134
1	134
0	3
0	3
0	427
399	431
3053	2
0	2
67	2
98	185
0	79
0	0
0	0
0	38088
286	39238
0	16348
78	0
3	170
0	170
76	0
14	0
0	4
11	31
0	28
15	0
63	0
0	3
0	0
0	3
0	3
1646	1935
38	1931
25	8
0	3
855	760
0	760
6	48
0	48
200	0
9045	12
1058	965
5705	1
948	0
379	1375
3	65
37	0
56	20
89	16
0	16
1807	1705
115	1195
0	1198
62	1220
0	1280
0	1260
0	0
0	0
0	0
6	77
23	67
6	325
2201	328
0	82
0	0
0	0
31	0
136	0
217	30
0	3
0	3
0	3
8889	1467
4	1027
0	256
636	180
0	0
0	0
45	0
392	0
5	304
17	41
0	304
788	657
0	0
8	657
591	1486
0	1434
533	436
0	46
3	31
21	105
82	1819
716	1884
851	1284
0	14
0	1283
929	571
0	570
624	986
9	986
0	1422
486	1422
0	0
362	0
0	6192
5952	33733
2	33668
0	285
35	1348
0	1348
107	1324
2396	1324
11690	8
4024	0
0	0
0	0
0	214
0	104
211	5146
4	406
0	5146
0	12
0	55
861	50
0	0
0	0
1791	0
0	24
73	42
0	42
0	38
0	10
0	0
0	83
0	83
0	0
170	4
0	4
0	0
258	1013
22	964
59	1272
23	1405
0	1260
5	530
89	278
10	301
48	1032
0	1484
0	0
0	25
0	0
0	0
16	25
10	446
0	431
0	393
0	310
133	438
0	418
83	15
79	0
0	10
0	10
0	7
0	0
0	6
0	7
0	86
0	86
0	0
0	0
331	0
176	4586
43	4586
1787	0
0	8
322	8
461	0
129	302
0	264
0	264
14	61
0	61
19	0
350	0
1183	980
10	980
0	0
255	0
0	0
0	0
0	0
548	323
0	284
0	39
0	0
1201	0
0	187
75	187
11	35
107	124
0	121
10	80
875	0
1313	106
0	106
47	2282
206	1691
1034	878
583	5
173	0
16	1663
0	491
72	1666
0	7
0	34
38	51
25	62
0	12
4	0
9	0
0	65
103	65
5842	2693
0	599
17	2625
0	2567
7	2591
0	54
31	54
3477	1
0	16875
0	6644
61	12105
1748	16875
0	423
0	91
47	997
43	894
0	849
1919	0
0	10
0	10
0	10
0	0
0	0
15	0
444	1528
0	1528
0	0
0	0
0	26
118	26
1670	0
18	56
0	77
0	82
0	90
0	90
0	323
7	445
0	445
97	7
0	5845
0	4714
0	5933
1782	8357
384	0
99	24
183	0
0	0
2964	0
0	0
0	0
0	23
0	8
0	23
0	15
7	8
0	0
0	2
0	2
0	8
6211	3
379	959
1	363
0	538
127	890
0	445
0	899
0	0
116	0
0	105
0	105
7	104
0	6
61	6
0	6
18	593
9	527
0	444
19	104
8	103
1132	858
6	846
13	37
315	68
1	50
0	0
0	0
19	0
85	0
26	0
46	0
22	760
0	5
19	786
0	795
0	388
132	0
27	0
0	0
401	3
1088	2
0	49
0	0
1179	1157
5	157
0	132
41	1148
0	0
27	0
373	2
28	2202
0	2234
0	2272
152	183
0	183
0	114
0	181
0	152
0	1062
52	1080
25	51
2612	1
234	714
24155	732
62	0
0	1012
14	1163
29	1167
352	238
0	238
0	0
4216	12
237	402
0	6
0	6
66	104
33	143
0	143
1	356
0	21
11	86
0	14
0	36
31	361
0	325
1	362
0	0
0	0
0	0
1107	3212
2	3212
76	11
0	0
0	12
0	12
0	0
0	0
0	0
0	540
435	1465
0	1465
0	13
19	13
35	0
835	0
61	627
1368	627
132	110
0	32
27	58
0	32
0	58
0	58
47	105
251	243
0	1
0	0
0	0
2	0
0	0
0	242
1	872
43	938
0	904
0	838
368	0
0	0
0	0
0	0
0	0
0	3
0	13
0	13
0	1
259	73
0	73
0	0
56	150
0	3
5	150
212	633
0	1990
46	2197
0	2311
56	2317
0	0
0	22
0	22
0	386
0	41
3	35
0	28
0	28
0	381
16	0
1181	69
0	69
229	0
0	1577
0	2297
90	1615
13	2302
5574	125
0	124
0	263
427	263
1437	446
0	24
17	24
63	0
0	0
0	0
424	0
0	65
0	161
0	217
24	296
47	292
0	0
92	0
4995	0
471	1
106	0
256	666
0	666
64	11
0	638
1058	1437
0	1187
160	644
0	644
1087	689
242	151
16	151
108	0
16	22
0	0
2	10
0	10
0	10
0	10
0	0
2	0
0	21
341	248
0	240
10453	3122
240	479
0	479
319	6
0	6
106	0
1668	184
0	156
24	15
0	15
0	0
0	16
0	35
10	54
327	126
0	96
68	63
47	2183
204	2183
456	0
139	0
841	2
1220	7
0	0
702	2809
0	2533
0	2343
0	2150
0	2546
0	2343
189	2401
0	2940
0	2533
0	0
0	0
0	0
575	296
0	296
24534	1987
1759	0
178	5
146	495
0	495
0	0
409	179
4	6
4441	7
0	0
16	1480
15	1480
0	896
106	135
0	0
57	4
21	4
0	0
5917	3
0	0
0	1465
2	17805
205	40577
0	4440
0	10275
9	36837
0	413
826	1220
0	896
0	1220
2	1316
3	272
9	189
2574	1308
1	0
1855	0
79	66
0	0
0	0
0	2716
1032	2716
0	0
283	0
0	0
0	1363
13	1165
196	0
0	206
0	773
8	773
1	0
0	0
1087	125
0	122
298	1153
0	111
0	1095
74	228
0	228
222	0
0	58
0	40
0	29
0	5
0	52
0	0
0	277
0	276
265	6188
85	320
1	6188
0	45501
1225	58849
3	23583
29	32
0	19
8946	13
252	277
4	52
0	45
4	60
0	27
0	213
38	289
0	63
0	285
140	512
0	548
0	339
69	21
0	6
0	7
0	8
713	11
0	11
52	620
0	189
0	120
4	598
693	0
0	743
132	743
0	0
0	0
0	0
0	0
0	0
1	0
1259	1780
0	1780
0	0
144	393
0	393
19	102
5	331
16	146
4	9
4	18
0	19
19	1391
0	0
18	1381
645	0
9	13
0	13
11	16
0	16
0	23
741	647
0	0
333	383
0	6
52	0
0	383
52	353
0	353
0	10
0	10
0	0
0	0
4	9
0	9
8	4
0	499
0	689
52	193
104	2909
0	2971
0	24
3	55
91	302
0	211
0	1
0	1
0	63
0	50
2	57
0	0
1319	699
0	699
0	699
0	699
0	582
0	707
0	0
0	0
0	0
0	0
0	0
405	0
0	44
12	341
53	342
2	554
0	436
0	19
0	74
0	74
483	0
0	0
111	3230
0	1893
29	3230
0	0
64	0
0	682
499	682
122	230
0	230
0	0
1478	0
162	0
568	0
0	590
1365	988
0	1064
0	0
4	4
0	4
136	180
120	180
1018	517
0	517
291	0
0	0
0	0
0	245
0	253
0	200
0	191
0	128
5	1567
0	2053
0	2009
0	2046
1	3
52	1853
0	1850
0	90
61	4459
0	48
23	4666
0	2444
0	112
473	185
0	144
2135	0
304	85
0	33
0	52
10	0
0	224
57	243
0	240
0	0
0	239
0	239
2922	0
0	1551
3006	1554
0	1551
487	0
1118	43739
72	43739
0	90
6	81
742	910
26	822
18	5
0	5
33	49
0	0
0	49
1168	346
9	339
14	43
641	43
0	0
0	129
56	2547
0	150
31	409
0	409
1	361
4	341
20	2507
45	0
155	670
0	670
217	0
17	1262
0	25
550	1237
0	112
0	200
0	482
0	482
0	482
14	499
0	490
0	51
1467	529
2389	0
0	0
0	0
0	20
0	25
0	11
0	28
0	72
0	19
141	285
1299	0
9	0
414	46
0	46
863	113
25	113
0	459
4	2692
13	2775
16	0
0	0
0	0
0	0
0	0
0	0
0	0
0	0
0	0
0	192
414	192
0	0
0	0
0	0
0	2
0	0
0	0
0	2
627	5352
0	457
40	5531
1139	0
17	64
10	0
0	140
6	141
71	621
395	0
445	1260
158	242
48	0
706	0
13	63
0	62
0	0
0	0
0	23
12	6
0	0
2	77
0	93
0	57
0	103
0	0
0	0
0	0
531	1
4071	23084
4056	23089
424	0
111	319
1049	319
0	40
1866	0
125	0
308	0
8	35
0	0
60	9
0	0
0	0
62	0
0	260
3312	1211
22	607
0	950
0	253
1362	2
926	1366
18	43
0	1156
0	1147
1183	219
0	1110
0	1084
216	0
0	0
679	0
7459	8
75	85
0	30
3887	138
0	137
0	0
0	0
0	154
0	326
426	1417
0	1417
871	84
0	84
432	7
545	0
0	5809
21660	23100
4309	1675
7	6
0	0
845	0
201	1227
6	187
0	820
5	99
0	500
26	1283
10330	5942
17	751
13	5941
20	36
119	24
0	12
0	15
0	0
344	0
0	0
0	0
0	0
0	0
9	1
5	870
0	0
0	0
6662	177
0	162
1489	1332
0	1332
0	299
22	99
921	361
2877	0
1667	0
16	0
0	0
213	243
0	0
304	476
0	137
0	307
0	0
196	262
0	262
3	1
952	2
2	0
835	0
40	0
22550	0
0	42
118	41
0	17
240	243
0	216
471	0
23	90
34	166
415	144
0	3369
77	3369
112	496
0	128
0	49
0	32
6	496
504	128
0	16
859	0
7496	493
7	294
0	827
17	496
1	2262
3	499
8	235
38	499
0	231
0	438
0	18
0	1
10	2398
0	2320
0	2416
0	2373
37	0
91	311
0	0
0	311
0	3
0	3
0	30
23	77
0	0
0	18
150	600
0	609
0	600
15	14543
29	13966
9	12285
0	12171
380	7
0	7
1040	699
43	697
1105	0
0	0
7132	1
29	5
252	1319
303	17
2	2989
0	2739
458	0
8	0
0	0
25	54
279	54
0	1050
236	1050
2133	1311
45	1805
22	1734
4	6
0	0
6494	3445
13	3443
0	6
0	0
0	6
9191	1739
1	975
0	1100
3	0
1	9
33	9
5	9
37	9
0	107
37	135
128	39
5	966
0	0
70	945
149	945
131	534
746	534
1393	0
0	97
0	101
16	106
148	129
7	111
0	85
258	2245
54	2245
1911	172
0	0
51	0
34	0
299	0
2	996
0	531
0	1030
225	1268
2	289
35	0
0	309
0	118
0	297
19	309
12	7
0	0
1026	1
1	0
0	0
0	0
2304	1869
0	0
0	0
0	18
0	18
5	1020
0	575
0	560
0	0
0	0
0	0
192	16
0	16
39311	1217
0	1197
5	0
6747	3
29	0
27	0
0	1824
3694	2418
0	2418
134	35
24	35
841	299
0	297
42	0
68	0
0	147
0	149
0	362
10	362
0	62
496	0
90	0
25616	30727
1331	9518
78	24957
3799	0
795	0
12	159
0	164
0	164
3774	557
0	557
0	35
0	35
13	0
17	0
829	765
36	75
34	10
30	557
0	0
271	184
0	184
0	0
0	0
4	18
8	18
84	7
0	7
0	7
3	7
47	244
0	244
10	220
1329	28142
0	191
7	2164
7	175
0	1623
25	28648
22	0
8	71
64	71
12	1037
0	527
0	540
0	511
0	6
0	10
0	432
0	73
0	62
15	436
118	52
57	31
0	30
0	0
0	0
0	0
0	0
0	0
34	28
14	166
0	166
86	0
2727	5
2999	0
0	0
0	0
9	91
0	6
0	195
0	195
0	0
420	3186
176	3186
0	0
22	11
55	0
0	0
0	0
0	614
0	40
0	181
0	159
16	4421
0	4433
0	4517
114	1775
0	1520
0	10
5	12
0	8
633	0
17	883
0	439
0	430
0	45
0	384
0	0
0	0
6	11
0	0
0	11
0	0
55	1879
0	96
72	7603
23	7519
30	47
0	1
1	47
3789	3057
0	3057
0	2512
6575	3752
0	3745
598	772
0	343
0	395
47	3967
7	922
0	1273
0	463
118	3963
6284	4
34	89
151	954
0	361
0	223
0	643
0	667
0	0
0	0
0	0
40	34
5	20
0	17
0	20
116	453
149	453
0	46
11	161
0	47
145	139
0	1
0	1
62	118
0	6
0	7
0	394
0	394
749	538
0	10
4	0
0	10
0	0
5	18
128	118
19	118
535	370
0	756
228	3072
0	1007
0	2822
0	0
418	325
0	325
1672	1215
57	451
18	348
0	11
161	356
0	20
0	351
0	0
41	0
16	14
0	14
893	195
0	12
0	54
0	156
0	0
0	132
0	0
215	339
12	339
152	2
0	0
1041	0
97	10
0	0
0	0
388	4857
0	150
0	1011
14	943
877	6187
0	0
0	0
23	0
0	0
0	0
0	0
22	0
0	0
13	0
6	0
14	0
0	495
1216	1248
0	1382
1094	63
0	63
0	0
943	2
40	0
52	125
0	123
48	74
22	154
0	168
34	168
0	0
0	0
0	0
0	0
762	1108
0	1108
0	0
0	0
0	0
0	259
516	259
16	164
0	164
0	0
0	0
0	0
0	0
0	0
0	0
599	241
8	8
15	0
0	0
0	0
1	7
0	13
42	2443
0	2427
0	1003
0	1004
0	1003
0	2393
0	0
0	0
3	0
0	29
0	113
0	93
30	7532
0	7664
69	626
0	626
0	1
85	0
1661	0
0	176
0	173
224	293
0	273
0	293
25	36
0	36
5	0
168	86
0	86
45	2051
0	2051
0	111
0	29
0	1537
77	1537
0	14
0	0
0	14
163	9
0	0
0	0
16646	6
2	0
9	24
0	24
0	5
171	6
0	0
0	0
248	0
94596	18025
0	4101
182	565
0	565
693	0
0	15
0	15
6	15
38	508
0	48
0	292
288	4840
1738	542
3390	4300
0	0
0	0
0	0
0	0
0	0
269	0
16	0
0	0
21	8
0	0
0	12
0	0
0	12
0	45
0	26
638	277
0	125
0	152
0	39
0	39
0	0
1440	374
32	112
8	285
0	20
12	149
22	255
2081	295
32	327
0	327
351	1532
3	1656
0	1049
9	0
0	0
0	0
77	0
658	3157
0	2970
0	2745
0	2891
153	839
0	346
0	791
539	285
0	55
0	258
1	0
0	0
0	0
0	4
0	0
0	0
14	4
0	0
0	0
32	221
1	192
0	29
0	37
0	208
0	215
0	0
0	0
5088	1319
3	1147
0	1176
0	1264
20	58
0	2
146	664
36	76
0	6
25	106
0	120
27	206
0	222
2	217
0	0
0	77
0	47
4423	1
0	264
0	193
13	264
0	0
0	0
0	0
0	0
0	1038
276	1038
4780	4
0	0
10	228
6	0
0	51
56	228
16	0
102	29
0	29
960	187
0	187
0	0
0	0
0	0
0	0
0	10
0	336
0	100
1541	2055
0	1955
97	0
0	0
287	0
0	0
22	653
11	389
0	624
74	136
0	136
266	629
57	632
0	0
0	0
0	102
0	229
0	598
0	143
0	157
8	692
2	575
6	77
0	24
155	382
0	1
0	0
159	0
469	444
52	15
20	190
391	634
1348	4
54	6
0	6
0	6
0	0
306	0
21	47
0	47
0	47
0	0
0	0
251	7359
6054	7359
111	3465
0	79
0	16
24	105
0	3488
0	3459
648	780
55	779
5	312
6	1
0	0
11	0
0	0
0	0
56	0
11702	396
0	393
34	1
849	1095
20	27
0	1095
10	159
1400	159
21	0
0	47
0	47
0	0
101	753
0	89
0	1840
0	1840
0	1848
0	1840
0	1847
0	1855
0	351
199	1981
10	1981
0	987
12	20
102	20
0	0
22	5
11	12
0	12
105	103
0	103
7646	2
392	0
0	436
1366	797
0	56
1719	0
234	271
0	271
0	192
0	0
0	0
0	192
96	338
153	338
0	143
0	66
1106	66
6875	1571
14	1571
269	3317
0	31
23	3286
904	0
0	546
0	0
0	546
0	10
0	0
0	0
0	0
0	0
0	0
0	0
0	6
0	6
0	0
0	0
0	0
0	0
1358	0
0	0
0	0
0	0
0	0
2199	0
615	1626
52	126
0	0
0	0
0	0
0	0
0	0
4235	355
174	6
50	0
715	0
0	8
0	18
0	18
0	18
0	0
517	1
565	193
10	10
0	187
47	42
118	0
0	0
0	0
0	21
0	78
0	21
0	15
0	21
0	21
24	78
0	5
10	9
0	9
0	94
0	10
41	866
0	913
10	913
303	4
71	27
0	27
0	20
0	1
0	291
0	291
0	6
0	4
0	2
9	397
6	397
249	861
48	247
105	1054
0	0
0	0
27	192
1434	193
0	11
247	256
0	8
0	0
0	0
0	0
0	0
0	0
94	73
0	12
0	47
0	26
1613	0
162	575
0	38
0	335
0	549
63	311
9	311
0	0
54	127
1597	35
32	162
2022	926
48	119
0	119
0	1
751	0
0	0
839	0
0	172
1	207
266	424
195	3357
9	3357
20	122
3	109
0	121
20	122
338	0
74	173
2657	0
0	0
4	0
0	0
0	0
259	0
0	0
0	0
0	0
0	0
42	131
0	4
0	8
0	4
0	4
0	0
11	155
1867	155
0	91
51	91
0	222
1115	242
12	242
7	0
0	0
14	4
0	0
0	48
0	40
0	25
11	556
2809	998
0	679
0	395
1	94
0	176
0	331
7	378
0	411
0	0
0	0
0	292
0	120
33	47
13	512
0	47
0	512
36	0
1644	277
0	277
36	60
0	7
412	53
37	16
6	16
311	216
0	164
4	0
46	35
90	35
1529	0
0	82
0	34
16	13
1	15
0	15
34	260
0	260
621	137
0	34
5	101
0	9
0	859
0	759
10	0
745	550
0	550
668	0
0	0
170	0
0	0
0	0
0	164
62	365
0	0
19	0
472	146
0	146
2020	1828
0	1828
0	5
0	5
0	0
590	675
1	675
0	183
0	0
5136	4
6	0
0	0
32	303
0	222
0	52
105	542
0	30
33	673
0	689
0	490
2830	221
2287	0
4007	7
0	0
0	0
0	27
0	0
645	1087
0	1032
0	27
65	0
299	405
0	340
0	347
0	339
0	351
209	676
0	0
0	0
4	100
60	100
910	285
0	0
41	109
0	128
0	128
34	244
0	224
1233	0
0	518
0	1603
58	1603
392	0
27	66
6	66
0	49
187	424
0	75
425	424
265	49
0	0
0	0
1608	10
3	59
0	178
0	13
0	2036
6	6611
0	1932
350	6921
635	0
361	432
15	2018
3	1981
35	157
0	79
38	4191
6029	4197
0	807
64	807
0	0
0	0
0	0
0	2
11	2
39	0
21	170
0	10
0	57
0	57
5	113
0	0
0	0
4	138
0	37
0	15
4	249
223	321
0	15
0	92
3	6
0	1
60	288
232	14030
32	53
36	7272
0	7271
20	178
0	178
81	1204
3	1204
0	277
0	9
1298	9
1494	7
0	0
0	0
12154	26000
2	8425
6	5780
0	7765
9	11451
181	18146
4024	90632
0	10239
0	11030
84	90632
55	141
0	181
0	0
0	0
78	14118
154	14005
2579	1
54	486
0	486
0	462
5	49
0	40
42	880
47	212
0	103
63	470
19	211
103	470
1273	713
0	713
0	6
25	6
627	155
0	155
7810	6337
0	5898
0	5959
188	14092
60	0
0	0
4674	4
0	0
15553	3642
5	3632
0	0
79	0
85	2405
0	410
15	2491
4345	458
0	456
9	0
201	6507
0	6164
0	714
32	118
0	0
0	118
113	207
0	6
0	6
81	135
1	34
0	278
5	159
17	184
107	1304
0	434
31	1287
0	0
14	19
0	19
10	6
0	6
0	0
0	0
0	2
3269	0
8	406
0	406
265	23
0	23
13	73
3	221
76	164
0	1
1408	67
40	121
23	188
211	0
146	312
12	162
4	331
0	331
179	353
0	13
306	13
47	44
0	44
0	0
0	0
513	2600
0	2600
1878	3
468	63
12	60
1	0
55	147
0	147
296	0
11	0
0	22
0	15
0	17
0	11
340	11
4446	0
57	339
0	234
0	229
2462	4299
0	4283
0	2057
0	686
169	648
0	664
0	0
26	176
0	2948
0	1342
0	2944
22	3009
862	92
0	86
0	59
71	2337
0	2337
317	0
0	0
184	0
0	0
0	173
0	173
0	146
0	0
88	737
0	737
29	342
128	956
20	956
499	0
0	0
0	0
17	99
222	125
0	122
6	77
548	77
0	0
0	4
309	3542
11	3534
0	88
0	1005
12	224
7	1755
0	1692
0	0
0	1219
1	539
21	105
0	2243
0	2115
69	1671
252	0
0	0
0	0
0	0
5998	1415
0	1414
0	243
899	5140
121	8218
0	1553
0	176
0	3941
0	8025
27683	23610
0	23598
0	0
0	523
12	523
0	39
0	39
0	39
0	169
0	180
5	5
23	180
300	0
11	155
10	155
69	691
0	690
1	690
0	669
0	966
25569	975
7	8
11	37
23	37
21	0
0	59
0	59
149	0
71	414
11	101
819	1482
20	1482
18	66
0	0
212	1435
0	1383
0	1239
0	1281
1	1115
0	1115
1791	0
2139	1119
28	1119
960	0
293	127
0	0
130	112
8	112
47	196
107	187
148	9
0	32
156	32
0	0
44	0
4	132
0	2143
0	2511
46	7436
24	7322
3394	26090
1	15698
15	10854
4	25774
0	10
0	0
0	39
58	50
0	52
0	52
0	12
19	12
0	0
209	0
0	0
433	1057
0	48
33	1009
28	133
54	133
507	3357
0	41
0	661
361	3330
19	259
8	252
5	67
6	45
0	55
37	43
0	0
19	0
0	0
1	178
14	1143
4	669
9	1393
22	740
19	211
0	293
0	1272
6	0
0	0
8	0
415	0
86	0
0	203
0	196
125	245
0	131
0	0
176	356
0	356
225	739
67	101
12	101
16	23
835	360
148	453
68	453
93	42
10	42
57	1041
154	1041
1514	806
376	0
0	46
0	46
0	34
0	46
0	46
27	46
429	0
0	0
0	0
0	0
0	0
0	0
19	423
1979	1393
42	418
14481	14
8	15
0	15
315	226
0	45
12	190
4	24
0	18
0	24
50	7071
30109	10036
0	0
7	0
0	1
15	1
0	4
0	14
0	14
0	14
117	0
35	373
0	759
0	1495
25	5411
27	5101
0	3700
96	0
0	304
2449	2600
894	2603
0	18
0	18
1535	0
148	4539
17	633
162	4539
33	50
0	0
0	20
0	50
102	146
29	146
1163	0
333	1684
149	1684
6	6
0	0
289	0
0	272
64	4192
0	4192
0	2455
791	5
63	0
1776	741
40	741
0	150
22	0
116	0
917	26
31	26
155	411
0	219
70	219
71	40
17	40
0	0
83	62
0	62
0	30
2	30
0	0
0	0
54	3
0	3
44	798
26	798
0	295
0	255
16	0
1616	1
29	0
10	1539
25	1539
0	973
0	0
7	0
0	465
4764	1495
0	1486
0	1491
0	630
7	159
0	9
0	225
7	391
0	415
197	0
0	0
0	0
9111	1987
0	1981
585	2372
30	2379
67	115
0	16
60	857
7	857
2481	0
587	125
0	124
0	0
24	22
0	0
0	0
0	25
98	67
0	0
0	0
254	0
0	0
0	0
0	112
0	112
472	224
0	0
6	102
3	0
1921	2187
0	1
0	1
0	1
4690	2
15532	8
2000	441
0	135
3195	2284
0	284
0	209
0	2259
20	2438
3274	0
425	0
1099	0
0	25
45	4
0	89
0	89
0	130
353	130
0	92
16	1881
21	1881
2492	240
0	232
0	877
0	0
0	0
0	0
0	0
0	88
239	88
0	46
54	53
288	3
67	0
38	0
0	236
0	46
1314	310
0	72
0	0
23	315
0	85
0	352
6593	2531
0	877
277	877
65	23
1754	1746
0	1746
20	488
4	47
19	342
0	466
3607	1897
0	92
0	14
0	1942
9650	0
202	845
119	845
0	485
1299	300
0	139
3019	8902
502	8949
0	1064
0	0
10	236
46	11
8	0
0	11
0	362
0	262
71	362
462	6480
793	6557
93	1020
0	42
0	1020
0	0
0	0
3	906
1255	2265
0	2167
4	1600
0	0
0	0
0	64
0	175
78	420
14	420
0	94
189	94
0	3
37	3
0	3
3974	188
0	188
0	0
0	0
0	0
0	1
0	1
28	22
0	22
21	6
0	383
0	187
0	1168
0	901
41	4303
10	680
0	680
0	680
87	3624
2826	10433
29	10433
280	0
335	0
0	1769
321	1769
2	151
0	270
0	278
2	451
0	23
21	441
4450	1053
0	314
0	737
207	2
0	0
326	21610
4944	18037
0	13322
12	18627
498	21384
0	26110
0	0
7	0
196	98
0	100
76	111
10	84
808	551
1518	0
2718	3
42	886
21	1500
0	1500
0	22
0	20
0	14
0	457
3	457
2	18
4	457
244	286
90	21
12	86
12	697
69	697
0	3
0	3
25	0
0	0
8	0
0	0
1099	0
16	663
0	59
30	28
0	24
0	12
0	37
0	0
0	0
5	25
887	187
106	201
0	86
0	116
0	61
0	183
506	0
372	0
59	1457
0	1497
0	0
28	0
0	0
0	0
0	140
0	140
0	138
4	203
0	135
392	250
0	142
16	121
0	0
0	0
0	0
0	0
930	966
0	229
0	0
0	0
58	25
0	9
0	0
875	2343
0	1900
0	448
96	186
0	1763
8	0
0	4
62	4
3149	1381
0	614
3	147
1	176
0	1238
0	1244
5	1445
39	226
0	226
1291	915
0	915
275	96
1	96
1426	0
0	7
0	7
0	0
213	190
734	367
17	120
0	23
0	15
0	367
754	320
0	320
4250	3
7	45
877	501
7	501
0	0
5066	3216
193	3216
0	0
0	0
0	593
63	4123
0	1434
0	2530
0	3517
11	26
4845	1406
0	1312
1	134
0	122
0	66
0	130
0	118
7	630
44	1153
405	1040
1	2
0	2
0	0
209	0
88	0
15	35
0	35
1599	0
1335	4785
339	2366
377	6785
7	0
6	374
0	357
1	17
0	33
2093	627
28	749
20	0
47	307
43	391
2	0
0	9
0	22
3389	23
0	0
0	0
0	0
0	0
16	15
0	0
0	0
0	4
0	4
17	0
6	349
1	116
0	0
0	117
0	224
393	24295
48	451
1947	1
265	113
70	0
0	2380
0	95
8	1530
0	1
178	94
91	94
78	2581
63	1472
2	116
4342	3134
8	1177
0	3125
0	80
68	125
2402	216
0	11
7	64
339	98
0	98
0	4084
0	4688
41	8242
0	5924
34	1584
0	9069
0	24
21	24
0	3638
69	25035
0	509
5813	3144
0	958
30	3435
5	2962
0	41
0	41
0	8
22	8
233	15
0	15
10	0
15	415
0	188
0	174
0	104
9	0
0	263
0	523
0	151
776	754
5	11
0	0
106	848
0	197
1709	1341
0	0
0	0
0	0
0	0
2	0
0	0
622	0
0	1369
241	1369
282	122
0	114
0	122
95	0
13	0
42	0
0	0
408	352
0	88
0	81
0	0
0	0
13	318
0	380
10	365
480	0
33	85
0	85
80	785
627	1613
931	1803
2	20
12	1395
0	2
7	1440
6	1440
240	8
506	415
0	61
30	95
246	0
0	148
0	148
403	1
0	0
0	0
31	7890
121	8233
14	3
0	17
0	79
0	8
314	224
39	89
0	48
165	0
1104	223
661	648
21	8
0	644
6	42
6	1178
0	447
17	147
0	1165
16	4501
4	1179
0	4501
652	313
0	312
1071	24131
277	324
0	324
3783	403
6	8
0	116
0	4
1	424
53	3802
0	433
1280	0
0	58
0	26
0	16
0	55
234	0
0	0
0	4
0	53
0	106
244	312
0	208
355	104
0	8575
38446	8592
0	2
1	0
733	2614
0	0
0	0
0	0
434	0
0	0
63	24813
0	24737
200	23694
335	1442
0	2466
0	2538
4	195
5563	3359
0	1871
0	2570
0	4120
0	0
0	0
0	9
0	9
0	8
0	6
0	10
0	10
0	0
4593	1
762	902
23	902
11	0
168	9
0	0
0	0
106	0
0	0
0	0
0	0
301	2121
176	2121
0	2
0	0
0	2
0	2
0	2
0	0
4	0
35	3449
3275	3452
138	227
317	0
102	1640
0	246
0	853
0	558
0	843
7	853
0	1640
0	1650
99	7360
14580	7372
0	0
0	0
93	23473
0	448
231	450
269	139
0	139
0	0
1	20
0	20
40	95
0	95
0	95
0	95
3481	1577
120	0
0	1142
98	1146
9	24865
89	24873
0	108
0	108
0	224
2249	1499
0	1705
21	1445
23	1730
0	1528
70	2377
81	2488
0	0
209	0
0	41
0	93
12	138
0	84
219	237
0	237
0	0
0	0
13	1113
0	242
0	928
0	758
0	807
568	20969
0	20968
0	58
0	31
0	58
114	0
0	0
329	0
0	3615
125	23643
139	2090
41	26316
39	11
8	11
0	0
0	0
86	0
0	0
0	0
0	0
0	0
296	0
0	0
28	0
0	135
4	611
431	2957
0	18
0	2957
0	2959
90	44
49	3432
246	3476
0	0
90	38
0	38
3	0
5	19
0	10
248	23465
0	9
33	9
0	0
0	0
0	1187
0	37
31	92
22	117
325	1187
0	1080
1	1081
0	575
0	574
109	570
0	570
87	0
32	27009
10	27016
0	0
0	0
0	0
83	3011
0	3023
0	2888
1107	0
0	32
0	58
0	17
42	32
1353	10397
3	10397
4309	327
0	321
10	14
0	14
0	0
52	0
0	0
0	0
224	0
15	25823
0	25846
2	547
3	138
8	280
1	402
287	604
0	75
23	11
0	11
99	464
0	464
2672	1547
0	1546
8	8
0	8
7	4
208	23474
1	2
4307	1753
0	34
0	1752
160	25723
13	0
5	0
2	60
43	36
0	36
0	273
0	103
817	491
0	321
25	0
182	3402
295	441
7	441
0	5
15	85
50	74
2645	26
112	26
1050	5
534	455
81	455
223	81
111	0
401	377
0	282
0	158
155	68
16759	6
8777	2888
120	2884
0	97
3	16
199	739
0	727
257	285
0	285
0	0
10	2
0	2
0	2
52	400
104	398
0	0
0	0
0	0
0	0
8	23448
51	663
0	377
0	316
0	280
6	475
3	377
0	377
126	5013
0	102
3	5013
28	0
0	2
0	0
0	0
0	2
0	2
89	357
0	3598
35	23644
3	2242
1050	2242
0	206
5	206
10	204
2848	5
0	5
0	5
1450	821
0	821
0	0
1959	1435
0	1435
15	50
0	50
932	0
0	180
30	180
13	1011
0	110
0	193
6	938
21	1039
289	0
168	1324
0	1071
226	0
36	0
16	10255
0	5267
231	10544
0	4735
117	0
3	8
3	8
3	48
24	360
0	208
0	142
0	85
0	381
0	185
15	1493
99	1531
0	180
25	0
0	0
0	0
0	0
0	0
3702	707
31	62
10	14
0	0
0	14
642	68
0	68
0	14
0	33
13	44
5	14
0	33
0	136
0	403
22	403
306	343
0	343
0	104
234	104
10	395
0	395
3	0
7	71
0	0
120	200
6	2895
0	32
5	2919
0	399
189	461
28	580
0	544
5	460
17	589
0	510
0	573
0	404
0	197
0	141
0	54
0	2
166	186
0	0
0	0
357	57
0	57
28	0
664	4589
0	575
0	247
17	4723
12	88
1327	886
0	886
0	117
2233	218
0	213
0	8
0	0
0	0
2115	1239
9	61
14	1239
5	1139
0	100
0	18
0	27
3	54
0	22
782	229
0	891
0	111
684	891
0	496
0	613
24	2431
39	1952
84	1490
73	0
0	0
0	0
753	177
0	167
2111	167
141	2
21	0
4357	2
19	0
1559	671
3174	2
0	0
0	10
0	10
0	10
11	36
47	331
0	73
4	51
59	296
0	115
2022	0
0	16
19	16
20	0
0	0
0	24
2	71
0	132
0	130
210	0
121	84
0	78
2	110
2380	932
0	929
0	269
6727	394
355	110
0	110
11444	262
0	259
18	528
7	528
0	86
530	764
13	764
324	1328
0	974
0	42
8	1093
0	646
0	135
0	141
0	133
0	64
0	65
0	5
2	1086
9	0
1050	113
14	157
34	411
0	1210
0	1210
0	0
0	569
7	449
230	718
0	2103
0	1729
14	2235
316	60
9	60
911	157
10	157
2	352
0	89
0	165
0	806
0	864
0	1046
34	550
363	550
0	11
0	53
4	53
0	0
0	0
5437	1094
0	270
0	22
65	159
132	451
9	215
0	170
37	215
908	75
834	0
0	0
0	0
201	132
0	132
5104	675
0	666
0	227
477	247
36	291
881	367
78	0
116	184
10	184
4	0
0	0
0	0
0	9
0	9
0	107
1529	107
6576	6
91	40
0	40
460	0
40	409
487	409
6513	644
0	643
0	0
0	0
0	0
271	193
214	199
0	199
1239	1159
71	328
251	2785
0	2563
0	1312
0	2519
0	2350
82	0
222	1
0	1
24	0
5177	0
203	744
0	744
151	0
753	1512
19	1512
0	141
876	141
0	77
1101	1443
0	1443
0	3609
0	422
9321	4140
0	410
7	211
0	211
0	5
21	5
0	0
48	0
12	15
0	15
0	0
0	0
0	6
0	6
20	0
0	163
0	163
0	163
0	0
0	0
19	0
257	403
0	403
1837	144
3	113
0	119
0	16
31	297
11	297
738	416
0	127
0	2
0	0
0	0
0	0
0	0
0	0
0	0
0	0
0	183
0	23
0	23
0	183
0	142
4	183
10	48
0	9
12	184
114	35
0	35
1804	495
6	8
0	8
5918	395
0	12
6	12
213	4
0	4
353	0
66	407
0	384
291	119
0	119
0	584
62	584
2	320
0	81
0	81
25	0
0	0
1361	2861
0	2994
0	1902
0	25
0	2
0	26
1	17
0	17
110	0
10	104
0	5
0	132
0	45
0	45
198	45
64	51
0	55
26	0
22	10
1207	312
3698	7
1763	709
102	709
0	13
28	13
385	0
1162	1
0	221
50	293
0	0
273	0
25	11
2296	2363
0	628
0	1283
5	2147
0	0
0	7
2375	0
0	2
13	333
56	335
0	0
3	0
0	0
0	0
26	0
0	17
0	46
0	46
977	0
958	37
0	37
295	0
654	0
0	58
0	85
140	120
138	0
0	19
9	5
0	5
0	0
0	0
119	231
117	0
0	1
0	0
0	0
0	0
245	111
998	0
320	0
0	12
0	24
0	14
0	21
0	9
0	11
0	1
0	11
0	0
0	0
0	135
421	734
0	734
0	95
4	0
0	0
0	0
0	0
3	599
27	495
0	579
2	12
0	12
59	261
0	6
52	157
0	229
1104	345
0	26
868	941
0	1324
1	389
0	38
47	1324
0	4
23	458
269	458
103	0
301	0
7	203
75	203
2152	509
0	2
108	2
657	328
0	328
50	40
5	40
14	900
3394	1056
0	991
1538	630
141	355
0	356
0	364
465	364
95	2786
26	2591
65	0
0	22
24	22
0	0
0	63
16	454
125	454
163	213
0	155
0	80
39	80
15	9
0	17
1221	543
0	543
0	169
0	244
0	244
0	206
1819	0
569	0
238	650
0	650
0	0
0	0
1	5
0	1
0	0
0	1
16	132
28	132
0	0
0	0
7	233
0	233
2614	1311
0	2346
28	580
64	2021
137	1113
0	245
17	1113
597	46
4	46
0	699
117	699
2372	1
0	6
44	6
0	1281
0	1292
0	1314
8778	459
9	455
2	293
1	293
0	947
19	89
0	378
564	2487
0	628
0	1569
0	2
67	2
1341	392
0	5
0	11
0	16
1	5
535	0
159	1553
321	1553
71	0
58	1074
107	1074
128	54
0	398
298	398
11	5
0	5
22	48
0	48
0	164
0	238
0	254
18	254
0	172
0	246
109	8
0	8
52	1503
0	0
0	465
0	472
0	62
102	484
409	1162
2765	1933
235	1933
16	87
629	1107
0	967
0	257
0	283
4078	1368
465	1367
18	25
28644	11
90	0
117	1394
0	1432
80	647
0	0
832	4
14	4
6	2528
1336	2591
7	1556
296	17952
175	17952
1404	2
549	74
0	1
0	74
3	0
3176	0
518	1428
19	1428
0	311
0	554
0	529
0	315
0	474
0	457
0	482
0	499
0	6
183	1517
0	1734
0	1806
7	1609
0	0
0	0
0	0
9	0
23	0
26	0
0	0
0	0
0	0
0	0
0	0
6	33
0	0
0	33
208	0
0	0
12	58
0	57
279	0
0	0
87	2
0	2
39181	57
0	38
3563	1720
0	1718
0	1718
2015	0
5	182
0	182
5	207
9	177
255	240
725	29
12	313
0	49
54	360
0	35
0	0
0	0
25	172
0	226
5	0
0	0
0	17
0	455
0	195
0	199
0	36
0	456
0	501
0	501
21	509
0	520
0	436
0	501
1802	58
6	57
18	1691
86	1810
38	970
40	88
0	8
0	88
0	206
0	262
0	938
0	538
487	946
9	0
139	68
0	0
0	68
0	68
34	3391
0	367
0	368
29	3279
107	0
2	0
141	293
0	260
38	293
6925	3
85	2999
13	2999
38	15
47	15
184	10
84	10
429	925
0	925
1080	0
0	0
1609	6
145	6
0	12
9	21
37	33
878	84
0	84
2098	0
0	21
342	370
9	269
4276	5
2037	2
407	15
154	0
0	1
0	1
0	26
0	174
0	5
0	20
4	150
6	0
0	370
6403	7254
0	7248
7195	1
338	660
0	660
116	548
72	87
588	1534
1	189
7753	8199
380	7154
6	6563
35	15
0	12
0	0
226	0
4	0
88	5177
711	40
237	777
12	4558
34	926
80	2430
1874	16111
0	4148
0	11963
0	5
0	5
0	5
0	0
3677	887
0	852
6	22
0	39
0	134
79	215
1740	0
4	1105
503	1657
629	0
0	0
79	188
38	71
30	429
0	9
0	429
26	0
182	96
726	585
0	585
204	103
200	0
0	61
18	61
1081	423
0	423
9	503
0	499
1044	856
22	56
33	828
0	8
0	3
3	10
1125	0
2	1230
1344	1230
7476	1376
0	1452
155	162
0	0
0	6
0	80
0	80
0	112
56	948
12	949
0	0
0	0
436	410
18	410
450	1114
0	0
0	294
0	973
10	117
0	117
7	1084
0	451
0	452
0	436
0	457
0	457
0	448
0	305
124	305
0	255
124	255
259	11365
6013	13277
10	4900
250	0
12	280
0	280
0	1
98	0
0	0
80	42
4	42
0	0
0	650
0	637
3	0
0	0
6	0
61	94
0	120
145	128
186	394
0	6
6	33
141	33
74	4
85	0
20	1727
0	0
5018	8346
62	0
67	72
1080	69
0	0
37	29
18	29
0	547
0	443
0	476
92	254
473	254
51	35
0	35
69	32
0	32
492	0
0	0
0	18
0	0
0	18
0	0
0	83
1339	165
0	158
1049	1
87	119
14	119
786	839
0	839
946	13
11	13
3	960
0	0
0	0
0	902
681	1771
4	1769
0	3178
0	300
0	311
30	6221
1415	6342
255	1
0	51
16	64
0	43
0	229
0	118
0	228
1700	391
0	388
78	337
0	0
745	127
0	127
40	46
139	72
0	3
0	20
0	75
0	72
0	91
333	218
0	26
0	193
39	748
318	748
4645	503
0	0
0	6
0	6
2	2
111	1159
19	1159
6	92
1776	565
138	264
62	470
873	0
5	26
23	26
1	7
0	0
0	7270
6	7270
386	0
1526	0
1529	1
728	1
17	23
0	23
0	0
1106	9
0	42
75	42
2162	0
4287	205
0	201
944	505
2534	0
0	4
0	3
11	102
13	102
0	0
0	0
81	0
11	0
0	12
0	19
0	19
0	0
0	0
116	0
0	1
0	0
0	734
0	148
0	0
28	734
0	110
0	629
7	0
0	0
5027	1888
1067	1887
5	3207
23	3193
798	2
67	15
0	15
844	318
38	318
2	163
281	163
3000	437
0	416
0	409
17	32
6	0
0	11
11	276
9	276
0	243
22	11
17	11
0	11
47	49
0	161
256	222
6069	436
313	101
0	27
0	74
63	0
0	0
33	0
450	3797
2462	1665
127	3837
0	2343
0	226
0	234
17	205
0	89
0	89
0	2394
0	2345
0	2442
0	2342
32	160
0	31
0	5
678	1363
4	1363
0	0
2	0
32	88
0	88
1012	1401
0	1401
0	1354
18	957
99	1029
0	401
0	293
0	0
0	0
6	11
0	0
0	0
144	1465
1518	1582
21	33
21	1583
616	0
880	4970
11	496
4	259
0	5037
0	572
0	8
2564	1097
1	1121
15601	1437
0	1155
0	7
0	6
12	230
0	335
883	1355
16	1133
0	9
0	15
72	349
46	1624
224	1412
154	1422
311	36
0	36
628	611
10	61
16	219
0	383
0	0
0	84
12	84
0	11
0	10
0	0
609	38744
28594	38750
1747	1228
0	308
0	488
82	91
0	4560
0	415
0	431
112	4383
7	4469
0	4643
1156	0
0	17
0	16
131	0
10	0
0	0
0	0
0	0
0	0
273	70
0	70
106	0
9	3
0	64
0	524
667	606
91	604
0	483
0	0
0	0
0	0
0	0
0	1
42	99
23	99
0	0
237	0
0	2
336	1458
23	2
0	2
0	12
0	12
0	0
0	7
49	106
1640	0
2082	1712
660	1
161	0
106	114
0	127
1799	724
0	723
0	19
0	50
0	50
20	230
2645	3992
218	1475
0	3990
0	0
0	0
6	1350
7550	2622
0	1827
29	4095
1491	776
0	44
0	242
17	775
280	0
203	0
291	1063
1	1063
0	0
0	0
0	0
0	0
1241	203
0	181
0	177
0	55
471	85
0	30
290	0
0	0
0	0
0	0
0	0
0	31
0	31
0	186
175	195
5	78
0	3
0	192
3	0
200	0
13	76
0	76
13	0
13	35
53	35
401	78
0	78
6	0
286	4022
4	2791
18	2819
35	3867
796	0
0	0
0	0
21	105
0	105
10	22
16	22
55	0
45	0
6	18
0	78
0	79
0	6
536	6
2	65
0	0
169	0
40	182
10	186
756	19
0	653
8	1736
8	481
107	1687
0	486
0	329
14	1622
0	0
0	0
204	4
0	4
0	35
0	261
0	76
0	41
378	373
1	0
9854	10
0	806
2428	833
6	844
726	533
0	533
32	3
0	3
3443	854
10	854
5	328
1665	8
365	540
0	554
0	591
6771	74492
0	74491
0	0
0	0
0	0
0	0
14	0
0	0
0	0
0	0
66	72
0	27
125	29
89	85
230	1108
2636	709
9	0
0	60
8	649
0	394
0	394
0	2
0	6
0	3
23	11
13	605
16	75
23	605
28	4
1818	0
5	64
365	64
0	28
143	29
0	29
0	606
0	509
20	3429
13	231
403	3429
0	27
63	96
13	207
27	0
0	0
6	0
249	733
7	733
0	0
0	0
0	0
8	4
0	4
0	122
0	122
5	122
3873	0
0	854
631	854
7	0
0	3
25	352
42	445
0	1
0	1
0	34
18	54
984	113
0	113
127	432
274	432
173	5112
145	5112
13	0
3	0
8	0
0	4
0	4
0	4
0	4
0	4
16	4
0	1
32	56
334	865
0	655
1523	1
0	251
3105	251
0	6
19	6
15	300
7	300
7	28
0	0
0	28
22	17
292	89
1002	988
0	357
6	422
0	988
0	0
0	9
0	6
24	711
0	510
0	416
0	417
0	373
0	367
0	495
19	726
0	483
0	384
8	1596
0	1696
0	0
0	0
0	0
0	0
0	0
0	0
90	60
0	60
87	35
77	0
520	1548
3	1548
0	0
833	0
0	0
0	0
0	0
0	0
183	109
0	42
5	0
0	176
468	1430
1610	816
8	15
0	15
0	147
3101	147
1732	0
0	0
130	0
1311	1
12	0
111	0
5	336
0	11
724	0
1017	1
9	11
0	11
0	429
2444	727
106	647
0	221
0	0
0	534
4985	3286
5013	1685
0	1685
1028	0
474	2
0	0
1661	0
0	60
353	61
0	8
55	2
472	8
18	0
459	603
422	603
198	0
0	3673
4110	3645
0	1592
0	1358
0	1346
0	302
0	176
0	147
0	317
12	96
163	96
0	0
5	90
0	92
0	102
0	102
614	0
0	41
5	0
147	0
154	248
0	165
16	248
0	73
0	0
0	0
1742	1
111	0
19	145
0	145
6602	1711
0	1705
0	1565
0	1675
0	1637
0	67
0	38
0	13
16	105
457	906
0	906
0	41
14	10
0	3
21	41
18	6
0	6
0	10
0	0
0	0
28	22
0	0
11	32
305	517
12	1638
0	1937
0	1608
0	1224
135	10386
302	11040
0	10652
205	10284
8	0
30	134
577	461
0	461
0	113
0	84
0	13
25	13
103	20
0	0
3	8
3	37
0	678
0	80
0	42
48	923
0	467
0	645
9	188
23	140
31	155
0	1190
3031	1190
13	0
2229	959
913	1802
0	22
0	133
0	214
0	15
0	164
0	181
0	198
136	446
12	228
167	441
0	0
0	0
0	20
0	20
184	451
1695	1100
0	1089
13	0
0	0
0	0
121	22
212	91
0	42
0	329
0	21
0	329
19	1393
16	278
89	3
0	0
0	3
19	3386
3	3386
0	804
563	1224
0	1224
0	921
1102	1314
14453	11
12	0
393	3764
0	4399
10286	4083
249	0
0	0
0	0
753	0
86	1600
1	1600
68	64
1742	0
0	2707
0	833
3	187
0	1384
1392	3336
0	1695
0	1425
0	69690
61	72296
0	71607
1317	10809
1	0
0	35
0	0
0	101
0	149
0	149
0	120
0	0
72862	3226
0	3177
0	2330
0	2
17	2
6	161
4	161
3	6
0	6
534	160
0	160
194	0
335	20320
0	16858
0	6803
11	17131
10	16651
521	279
148	353
0	309
64	6837
0	1566
4	5321
50	2991
59	1392
0	441
0	543
14	1441
77	0
0	0
0	0
0	0
0	0
0	65
0	36
10	160
0	145
0	125
0	160
0	24
1	0
277	0
266	162
0	162
7	22
0	22
18	124
75	124
0	64
140	378
0	64
0	0
1049	0
0	694
0	124
0	764
470	590
8	71
947	0
0	574
514	569
1851	420
1396	227
0	227
18	0
0	0
0	29
0	29
0	29
2840	1
3224	143
0	5
2559	5004
52	0
0	0
0	0
0	0
0	0
61	112
0	112
48	65
0	65
17	12
0	7
25	6
0	5
18	0
4213	4932
69	532
6	36
18	36
0	2241
83	2241
247	80
0	80
0	16
0	8
12	609
74	660
730	246
49	0
0	32
0	32
0	32
8	0
0	0
0	0
77	13
0	13
0	0
93	38
1771	160
58	143
0	17
504	277
0	277
9898	1922
35	592
0	0
0	471
0	489
0	277
790	2399
0	827
1	9
0	0
5787	1
457	618
0	618
805	0
0	2
0	2
0	495
33	137
2298	507
0	3
0	0
0	8
30	2867
94	6970
104	3419
11578	6293
0	6156
914	3173
78	1457
51	17
0	2525
0	17
0	17
0	2547
19	191
4	288
1193	275
0	63
104	120
9	16
0	10
6381	0
1034	357
10	357
3193	35213
0	11290
9	37434
1	35392
11	30596
43	3575
28	3575
4068	1
0	92
0	92
0	0
101	0
0	6300
28793	9495
0	4257
54	0
557	586
0	2
0	2
0	0
248	0
0	6
2549	1658
0	1658
9	185
31	190
0	80
59	0
2183	0
1554	5
97	0
2710	0
350	92
330	219
0	0
0	5
10	211
336	211
31	286
3	363
0	333
0	0
22	25
177	113
0	113
512	1383
0	1383
1816	2483
61	1030
0	1644
125	1961
0	1649
8	1118
21	1118
0	1118
3945	1063
0	1049
57	3974
385	2005
0	4115
0	1
0	1
206	919
0	686
11091	1301
9827	2
30	0
51	0
0	7
0	7
0	0
0	24
12	12
111	200
0	200
633	574
0	41
0	67
54	534
56	1089
0	1089
102	347
0	8
0	8
215	0
13	0
0	191
0	28
0	305
0	0
0	329
0	175
134	59
65	77
0	77
0	4
82	4
45	615
0	290
0	188
0	240
18	44
0	8
0	5
0	44
1403	0
0	329
10	100
10	465
4380	929
13	50
0	50
0	13
0	21
0	0
9248	2
74	32
0	30
0	10
0	10
0	0
23	2
0	0
2	2
13	0
0	0
14	0
18	72
59	54
164	2053
0	786
29	2053
5	67
388	0
4	1681
18164	1704
6	4
0	2
0	2
21	0
94	96
0	168
728	1279
55	385
0	1284
9	8
0	8
3	0
0	0
304	0
0	0
552	38
0	38
51	0
90	4413
0	4419
0	4583
99	0
2010	93
5	92
102	616
0	376
221	1997
287	544
0	1786
0	0
0	0
0	0
120	39
1425	0
7	0
2	34
0	10
0	17
0	34
0	0
50	877
533	877
9007	2472
6	1131
243	0
0	123
0	123
0	201
0	207
335	150
0	39
0	39
0	87
7	80
0	80
0	0
0	0
7	0
1341	2030
0	19877
0	20321
28	20379
1191	2523
166	81
1	67
138	0
549	5758
0	4668
0	5376
6	776
244	7620
0	2003
0	4019
1017	7422
42	56
0	56
0	7
0	7
0	23
0	3
0	15
0	8
2928	2542
62	2542
41	21
0	21
0	0
77	0
1	0
2594	1
3	12
6	12
16	12
2202	594
0	593
62	51
0	3
0	3
19948	34
0	0
0	0
0	107
692	108
92	0
0	0
1954	1
71	25
2	185
0	196
0	196
9	257
2	248
0	0
0	1
0	0
0	0
3002	1457
0	0
0	4
0	4
74	175
0	175
969	171
161	0
0	0
0	0
0	6
0	6
0	6
495	2411
2	2411
0	44
474	0
92	2444
7	1163
8	558
0	5547
10	5297
2	45
5	0
0	0
531	0
55	416
0	1423
0	6298
234	5799
0	0
3	62
0	46
0	0
0	46
0	212
0	1115
0	1215
0	1168
2	0
407	303
0	124
0	303
1395	0
0	0
0	0
8	0
0	0
395	0
0	0
1081	484
0	469
9	176
0	176
0	3
0	0
0	0
27	0
3066	437
17	434
4	43
0	376
3652	386
0	3
0	395
0	141
0	5158
69	5254
0	5121
5	0
0	0
0	0
17	17
0	17
488	133
131	10
0	10
0	0
0	0
4	509
3	12
1822	684
0	241
646	5
79	387
1277	1
67	382
0	382
0	215
22	1102
16026	2094
0	1181
9	635
18	129
44	70
1161	70
0	0
0	0
103	0
1663	255
0	27
56	199
0	515
0	96
0	823
0	922
2138	2428
0	635
10	590
0	599
6	79
0	154
158	180
0	97
0	0
0	0
0	0
0	0
0	0
20	0
140	0
138	0
0	0
0	2
0	2
0	0
0	279
0	70
194	1133
8	777
37	183
167	0
4087	13332
19	3206
0	13033
52	60
7	406
273	920
0	442
0	140
15	17
0	356
11	230
0	267
0	893
0	320
863	655
32	64
6	654
0	0
32	387
0	116
7	116
0	28
0	29
55	92
0	0
0	8
131	2099
0	2096
3	716
1	175
0	101
0	650
150	0
3486	5832
88	5831
1712	275
0	270
12337	7
0	0
0	0
0	0
0	0
0	0
8	0
0	0
0	0
0	0
0	0
0	0
0	0
5425	701
69	210
0	643
1535	0
0	0
1704	786
28	174
0	786
29	786
1012	1
0	0
19	1135
0	15
0	1424
128	1410
0	6
0	6
0	0
0	0
0	6
7201	863
0	110
184	0
0	0
0	0
0	0
0	0
0	0
0	0
0	0
0	0
30	0
0	0
333	1281
20	1281
728	5215
537	5215
27	461
0	461
0	0
780	0
6	31
58	1082
33	393
373	935
13	164
84	8
0	8
7	0
5	35
0	0
3994	341
87	338
372	407
0	407
3282	1337
324	93
1	93
4	0
150	269
33	3943
23	4047
0	3804
0	0
0	0
0	0
43	0
0	9
13	12
0	0
30	198
5	198
69	4486
5	2321
3	153
0	219
0	4439
0	4397
8590	7
0	13
0	13
4168	2006
57	0
2076	0
161	38
0	13
29	25
0	464
681	711
34	243
22	124
0	43
0	169
0	1827
39	1720
49	424
0	1523
0	1596
27	1889
1638	6
12	20
0	11
0	20
1	496
0	348
14764	377
14	58
62	58
11	1
2325	0
1	0
0	0
0	0
253	0
55	11
0	11
0	11
97	0
0	0
0	0
0	0
0	616
0	648
0	641
3	407
27	648
0	0
6	3
319	293
0	306
18	306
0	10
0	10
7	14
2159	16
0	1650
101	1662
107	1662
0	62
0	318
1	318
0	54
458	1422
166	1422
924	729
0	266
0	3470
0	2383
0	3432
893	3459
0	0
0	0
18	62
393	0
0	85
0	2
75	100
23	25
6	32
0	63
25	133
1668	426
0	298
368	743
6	300
36	173
520	174
4811	5517
14	34
0	34
143	1906
0	74
50	178
11	1737
0	1912
0	1974
347	0
0	34
0	34
0	99
0	0
5	19
731	0
169	1
0	1
54	0
0	0
144	605
0	605
14	262
0	262
271	0
0	0
0	0
0	401
0	698
0	232
2351	680
0	1
13112	2
176	1433
0	1433
0	7
99	7
4943	260
0	259
0	6
2	6
241	9603
0	8209
463	3974
10	12345
13004	12357
0	0
0	0
0	0
0	0
0	0
0	0
37	3
0	130
28	0
12766	592
0	445
2070	1349
28	0
0	0
742	83
0	83
14	245
3033	527
0	18
165	527
9	552
13	620
0	4
80	86
146	700
0	2
805	35
4330	1734
11	0
0	167
1494	0
224	1703
0	1610
0	1635
4	1635
0	0
0	212
188	212
0	320
183	577
0	178
30	639
131	2431
0	30
0	236
0	830
0	359
159	1096
0	1322
82	478
0	137
17	496
0	466
0	0
18	0
367	80
0	80
1	0
527	0
11	1668
2473	1668
608	1
167	74
0	74
227	1284
18	1316
0	95
3920	102
159	168
0	168
172	0
10	103
37	103
0	111
0	11
0	2
0	11
0	25
32	30
0	0
30	183
0	183
0	139
0	3501
0	3527
0	3566
14	3566
1	3548
22	29
0	17
0	12
2	11
112	1792
12	1792
49	49
8	0
0	0
509	509
6657	0
0	0
0	0
0	0
0	0
1033	122
0	0
0	0
0	0
40	51
1434	268
0	72
30	273
619	273
1035	4
4109	0
0	0
0	0
318	0
65	107
0	107
122	169
97	2761
6	375
476	2658
0	13
3	13
0	0
9	1324
2633	1324
73	83
1311	4
257	0
37	0
61	91
0	91
9	0
0	0
0	8
0	28
0	0
0	28
0	28
2	0
0	641
0	510
0	142
0	641
4	139
0	0
0	139
35	252
0	87
0	0
0	1198
327	1208
0	1222
307	379
0	69
14	562
331	518
74	2236
0	793
0	826
0	2154
0	1675
1130	77
0	77
144	815
0	815
0	112
159	382
0	144
536	191
31	42
0	33
0	39
28	55
260	94
621	0
3	9
6	9
0	0
0	0
5297	728
13	725
24	1
0	1
475	2838
0	511
0	625
0	982
0	1310
0	701
0	1131
0	597
6	314
0	934
6	2965
0	54
0	3054
0	2927
73	3073
0	3054
0	823
0	308
0	244
5	311
0	320
23	932
0	636
4	671
0	671
2328	1196
40	47
0	1196
1487	144
0	72
0	72
41	83
0	9
0	74
740	0
0	2743
0	2658
15	2739
0	3346
0	3366
0	3274
1749	47529
0	42344
8586	47702
0	47689
130	42254
92	0
780	0
2	869
0	358
0	373
4412	782
115	0
0	190
8	190
0	71
0	190
0	5
5	2
0	0
0	130
0	11
170	130
0	0
2846	0
0	0
0	262
0	1603
0	316
181	1602
0	7
335	0
523	142
0	66
0	50
211	316
143	1005
15	1005
0	2
0	0
0	2
23	0
5	19
0	7
0	12
325	51
4	77
155	77
0	1939
868	1939
53	0
265	361
0	361
253	0
1375	0
0	0
0	0
70	404
0	404
68	146
0	131
0	143
0	125
797	0
1347	0
0	11
140	15
0	13
0	0
0	0
0	8
61	0
0	183
0	245
0	1996
3063	1996
1655	884
0	436
0	775
1027	32
0	32
0	0
0	0
0	0
0	0
313	128
0	128
753	1828
0	1828
407	90
0	72
0	42
0	207
0	207
0	30
832	30
0	21
7	278
3	278
0	0
0	51
35	199
0	73
0	126
0	0
304	0
3	8
1046	907
36	906
0	0
0	0
291	192
0	192
0	69
0	50
22	50
0	50
0	0
56	287
0	300
102	481
0	205
875	481
634	338
2998	7
24	0
1498	553
0	553
0	8
23	87
6	0
100	0
0	34
0	2
15	153
29	217
0	212
0	0
0	0
0	0
0	9
0	1016
1	466
21	432
12	485
0	39
0	283
0	1134
198	1173
821	224
0	8
0	122
3	122
0	108
665	0
3144	31
8	30
675	0
0	1079
0	227
0	344
0	1089
0	3023
0	783
0	3149
153	0
576	13
0	13
0	0
0	216
2343	1673
104	1718
0	23
0	0
0	23
0	2
0	2
0	2
421	0
38	2
0	2
17	0
19	219
1609	907
0	907
0	52
0	51
265	139
0	139
4536	660
0	648
0	0
970	361
0	360
0	19
0	37
324	114
204	114
0	317
7	60
0	12
105	257
26	68
0	80
18	465
0	699
0	699
0	0
0	0
0	0
0	2046
0	82
0	1919
0	1711
0	1342
3	5962
770	5962
16702	12126
0	448
0	12111
9027	6008
497	5918
0	69
0	37
0	0
0	5
0	299
0	76
0	3
0	73
0	66
0	299
2349	2
356	141
0	36
0	105
56	0
0	317
0	2
119	2
0	0
1120	0
53	1000
1710	1000
7927	3
0	19
348	366
0	366
0	0
185	184
0	23
16	174
1338	0
0	1237
84	1237
0	0
0	0
0	0
25	0
820	0
41	196
2	196
435	0
77	0
0	808
0	1006
0	1006
233	2139
2333	2144
0	6
0	6
0	6
19	54
0	58
293	58
477	254
0	381
0	119
136	1474
0	215
2	1477
24	0
0	0
158	0
1	624
0	621
16	0
448	41
3	41
25993	7
0	0
0	1
0	0
0	0
0	1
1	7
0	0
0	0
0	0
454	0
29	38
0	38
4	12
0	12
0	12
0	12
1066	1
244	0
0	0
0	1673
0	231
0	153
0	3
17	1733
3545	907
59	0
2	0
0	907
0	401
487	384
0	413
0	453
0	2417
0	2394
20	1752
0	0
0	0
647	0
9	0
45	77
0	77
0	0
0	0
485	0
0	5
83	588
56	588
0	0
0	0
4	479
0	121
0	161
0	121
0	7724
7	11475
8602	46028
0	46017
0	108
0	0
4	47
5	1222
21	1229
0	1051
48	58
0	58
53	11
0	11
0	18
579	189
0	189
27	0
2978	1
35	141
0	141
777	29
12	29
21	24
0	3
0	24
0	0
0	0
1686	0
952	3
0	0
73	21
1	21
3	2552
141	12707
193	3092
0	1274
8843	13316
0	0
0	0
0	40
223	40
340	8411
176	7973
0	5207
0	5
0	6
7	6
191	0
135	153
0	1
21	153
0	152
1184	0
1	160
0	75
0	46
0	90
0	70
0	58
0	30
0	63
0	44
8184	2
50	103
58	111
0	0
2265	134
41	0
0	5694
971	5694
4	0
0	0
0	0
0	19
2	0
0	43
429	233
0	232
0	247
0	363
127	363
20	0
0	0
7	0
100	0
940	0
2	58
0	41
451	12
0	2
109	35
691	539
211	0
0	0
9	0
0	0
0	402
206	402
4	0
259	632
783	632
14074	2620
0	2595
0	1199
44	120
0	294
3	119
0	300
0	295
0	0
1137	0
0	0
2	17
0	103
0	57
787	177
551	0
0	0
0	0
0	7
0	13
10	13
322	71
0	71
278	109
0	109
6369	2
365	1064
151	1062
0	131
0	54
0	91
0	95
0	58
7	93
32	0
0	0
0	0
0	0
0	0
0	2
0	1110
481	1110
2	30
1081	30
19	773
3	265
621	757
1379	37
0	36
2308	4
40	4
1714	1552
7	16
0	11
0	0
0	17
0	166
55	166
53	317
11	2101
110	393
0	2101
3120	10
0	10
4	197
101	19
7	357
493	509
111	1524
21	1524
0	0
0	0
0	0
0	0
0	0
12	98
62	104
0	253
28	287
0	246
0	148
0	0
0	0
0	0
0	0
7	131
156	131
0	40
0	43
14	43
2	11
0	2
0	682
3	466
0	226
17	0
8	386
0	118
0	107
1	3
0	0
98	51
0	51
0	7
1	6
0	5
0	6
0	0
0	0
480	586
0	331
0	15
0	602
3116	0
1687	0
17213	1
0	0
2098	1
113	40
0	22
2491	18
2325	2202
0	2191
38	14
0	14
56	0
1097	0
8	268
26	380
286	1094
0	90
22	69
0	1053
0	0
0	3
0	0
0	3
0	0
48	0
3737	314
2	314
8	0
0	26
52	32
409	0
123	0
61	478
10	163
9	405
0	800
24	2166
0	2166
1	503
5	518
1	11
23	203
0	56
13	203
0	30
5	282
862	1045
0	921
225	0
0	0
0	12
0	12
0	13
1662	427
0	428
16	448
9	52
8	0
0	43
0	52
0	43
6	67
0	67
4	45
0	7
1	52
606	0
2273	4
162	182
0	23
57	556
0	556
165	95
0	95
0	0
0	11
0	11
0	0
0	11
0	44
0	44
0	44
4361	466
0	466
162	196
0	196
1464	1
2	62
0	62
8	62
0	8
13	8
117	103
12	50
43	103
2	20
0	0
487	255
0	220
2	127
41	96
0	96
23	395
0	69
0	302
0	306
0	374
0	396
4911	2275
4320	2284
202	1570
1501	1570
0	1493
3	54
0	96
559	1141
0	1082
94	1082
1368	2464
0	2464
0	724
0	1247
6	460
9	121
1	59
10	411
55	1451
0	15
1	29
0	23
379	953
25	976
11	953
994	0
53	363
1	0
0	0
0	3
0	117
0	104
3	55
116	434
0	448
0	308
8	0
272	1519
60	1550
3211	152
0	152
1	1447
3363	1448
23	54
0	0
0	0
1203	1
0	351
0	139
0	139
0	115
0	109
0	114
3358	0
1	14
0	8
2	37
5	44
0	15
0	285
0	67
0	45
0	28
0	266
2494	1
288	179
0	179
0	0
0	0
0	0
43	0
0	1805
0	7618
97	8706
0	8697
3120	5
2483	0
405	16522
0	12370
581	16522
424	725
38	312
7	725
11	0
0	0
0	28
0	86
18	86
167	0
0	57618
2166	57618
190	1858
124	88
32	1785
0	183
0	29
77	502
0	500
0	739
65	739
0	121
774	121
2569	130
596	129
153	0
2	23
9	0
0	6
0	6
0	1
0	148
378	6699
0	6761
27	2437
0	6663
2	0
0	0
0	0
0	0
0	0
0	0
63	441
8	509
9	0
0	0
0	0
209	0
0	492
5	1191
1326	1785
3	1423
0	1785
51	2155
4	1791
7173	9
0	442
0	210
0	444
0	130
0	90
0	745
0	290
0	290
0	727
0	31
0	0
0	0
0	0
0	0
0	0
0	0
0	557
0	17
0	1755
22	1823
7	0
971	0
0	0
0	0
0	0
7	75
0	24
4	110
156	0
251	0
6	0
45	0
0	0
0	0
0	1
0	1
0	1
459	2463
315	2465
0	84
0	567
431	651
99	2599
0	2670
1583	2514
0	0
0	0
0	0
0	0
5378	1
16	341
28	341
261	487
0	487
0	487
267	22
37	91
0	91
17	6
40	10
144	28
8	28
0	0
0	0
0	0
148	41
0	40
0	40
0	0
0	0
0	0
76	153
0	153
85	83
0	83
5	50
0	50
0	52
18	375
0	351
0	389
0	78
0	567
145	567
0	344
0	0
6	0
15	446
47	760
144	776
1032	172
0	172
0	0
0	0
0	0
3	17
89	17
823	91
0	91
0	0
330	66
0	66
0	0
0	0
0	7
1121	41
0	41
7	7
3	0
521	6
995	1347
0	1347
0	3
0	1
258	991
101	1132
69	1318
0	1313
0	28
373	34
0	34
1840	0
7	0
4817	0
278	0
174	216
0	142
0	74
0	0
0	1
434	0
291	83
10	83
37	9
0	9
3	555
0	0
5	5
0	125
300	125
3	111
0	0
0	131
0	131
5737	0
194	0
0	3902
0	4034
641	6040
1336	0
0	5
0	5
1056	1255
0	1252
0	0
4	0
0	1
72	0
0	29
2	96
0	85
9	9
0	9
738	4
2	74
9	74
0	5
0	0
0	5
271	60
0	60
0	96
0	96
18	1395
0	236
0	1318
0	710
669	951
0	110
175	248
0	951
1988	3
5499	2439
11	2438
0	186
0	3
0	4
1491	0
0	0
2	422
0	360
0	126
53	1
0	1
20	752
4073	754
0	4
149	7
0	0
0	109
211	109
5	58
0	58
0	28
0	28
1	377
21	82
3	0
0	0
6	203
0	36
2187	837
0	104
4	3138
6897	4275
3	3276
0	4275
0	1199
498	2603
11	2603
806	50
0	49
24	0
476	0
1174	0
317	916
0	334
377	7778
977	14847
0	3962
0	14829
0	3
0	3
0	3
289	0
2	0
0	0
514	130
0	130
0	7
280	8
575	0
1145	0
45	0
0	124
100	1236
1	637
0	114
0	292
0	916
9	916
10	209
18950	220
0	3
0	3
0	3
0	0
0	0
0	0
0	0
263	0
873	0
62	9530
0	9626
0	9588
4093	9100
0	9518
0	11
0	11
507	36
0	51
0	7
5	24
1130	188
0	188
34	0
222	40
0	57
0	16
0	16
15	1691
2464	1691
0	1317
356	58
85	58
4	733
0	396
0	81
1037	211
0	57
0	180
7976	32518
1	2886
3	32518
1791	222
0	222
85	47
0	47
1178	77
0	76
49	0
0	0
0	0
0	0
0	764
0	348
5	688
0	381
988	1
37	0
0	2
0	2
0	2
94	0
1466	357
0	357
0	13
193	69
16	103
121	0
6	98
455	0
0	0
0	0
512	0
99	0
376	6001
0	174
303	6064
0	6057
0	445
376	459
7171	3
17	269
0	218
184	539
7	435
23	1046
17	1046
9	0
0	10
0	10
80	0
0	0
0	0
0	0
74	0
730	0
1118	253
0	6
0	253
0	7
0	7
7	296
2	757
505	837
5	0
0	0
609	1
6857	0
0	0
0	0
6	143
33	143
23	6
104	166
0	29
144	0
0	162
248	6
0	501
0	719
94	2968
2	2968
0	247
7	407
624	31
0	17
0	14
1489	0
0	0
366	0
665	172
0	172
104	0
296	15
192	0
0	9
0	18
0	258
0	340
0	2126
7729	2137
0	9
123	309
0	309
45	370
7	370
0	12357
0	12135
0	13616
31	15740
2053	15795
207	76
0	76
0	465
276	465
4	0
0	69
0	72
283	18
62	387
0	131
156	0
293	1646
0	1646
38	2541
0	933
0	2533
569	66
50	66
0	24
945	114
0	99
12	0
0	16
13	0
0	143
1311	154
1	109
33	95
7	60
0	36
49	0
50	0
321	5
2	5
773	0
2169	685
1	682
692	0
406	0
2983	12006
251	13
0	13
10445	6147
383	0
27	19
28	11
0	11
7	12655
6	21587
131	23838
12	27
1058	27
6557	6147
1429	885
308	885
5	874
0	0
0	0
0	0
0	0
0	2
0	18
0	0
1	18
0	0
0	0
0	2
0	0
0	2
27	186
0	186
0	0
0	0
0	0
138	656
51	656
5	317
0	317
0	235
66	271
12	271
0	249
0	0
51	40
0	40
0	0
0	0
0	0
0	0
63	0
0	12
337	12
0	0
0	0
0	0
0	0
0	0
0	0
0	0
4	35
0	0
0	35
0	0
0	0
0	0
0	0
0	0
683	0
0	0
0	0
0	0
16	0
0	0
0	12
0	12
0	0
0	0
0	0
0	0
0	0
9	43
0	46
96	0
0	0
284	3
0	0
0	0
0	0
218	0
7	46
0	0
0	0
0	0
0	0
5	0
0	0
0	8
0	311
506	311
0	0
0	0
0	0
0	0
0	843
2545	844
0	0
0	0
0	0
0	0
0	0
0	146
0	1
171	146
0	0
0	0
0	0
0	0
0	0
0	0
0	6
411	584
0	587
29	593
0	593
0	0
0	0
0	0
233	177
26	177
0	0
0	5
0	5
0	5
0	5
0	5
258	2
456	0
0	334
79	34
0	176
0	86
40	1541
0	334
0	334
333	1532
0	0
0	0
0	20
0	20
0	44
1068	44
0	0
0	0
76	44
14	44
0	15
28	727
47	727
157	178
0	178
8372	5387
0	5382
47	65
0	67
738	16
0	28
0	108
0	28
40	118
0	28
30	15
0	13
0	37
399	117
493	502
0	11
0	19
1	512
0	230
0	236
0	236
0	89
0	0
250	322
0	322
0	380
15	415
0	415
4131	813
30	813
29	421
756	421
116	0
0	127
0	124
18	144
0	0
57	0
0	126
0	114
0	123
0	111
0	79
156	79
89	0
0	0
84	28
8	51
128	51
0	15
0	15
14	17
2	3
0	3
0	37
20	52
0	34
0	25
692	85
154	85
0	0
0	0
1052	0
0	0
0	0
0	0
0	0
3001	4
488	306
0	306
0	579
42	1475
0	1380
20	1419
2989	0
0	18
0	18
0	11
0	147
510	708
0	708
0	0
51	23
0	0
0	0
0	0
0	11
39	36
139	756
6287	1
1977	13
0	0
0	0
937	410
0	408
2237	1
6	0
0	0
22	162
876	142
0	142
489	0
0	0
0	23
6	35
30	302
0	12
0	0
0	0
0	55
1039	55
196	33
4	33
0	0
10	52
0	0
3	253
0	11
0	253
25	28
28	1
0	0
127	66
0	9
0	61
4	0
0	0
0	0
0	0
8	0
0	0
0	0
0	0
0	12
0	12
0	0
0	691
0	681
786	0
0	1
10	7
4	687
0	752
0	771
34	167
354	0
5	384
0	138
1838	290
0	120
0	179
0	285
2625	1405
0	1394
16	801
13	3
8	110
143	110
0	0
11	0
39	196
0	0
10	0
0	0
133	127
0	127
0	127
11	0
228	0
0	0
0	0
0	0
1	627
418	627
0	0
0	0
3635	1
152	0
1166	0
56	0
654	0
0	155
99	155
0	0
0	0
22	423
4	423
7	4
0	4
678	268
0	140
0	130
0	97
49	27
0	27
326	27
0	0
266	0
0	0
0	0
0	0
0	0
22	0
0	0
0	2167
1446	2167
0	0
5	79
0	56
2	135
8	33
0	19
0	0
0	189
4	189
2124	0
0	172
761	172
791	74
4	74
0	0
13	5
1	0
0	0
6	107
0	107
16	16
0	7
422	0
0	16
171	16
0	36
0	36
164	702
4713	704
921	97
168	542
0	542
158	0
1	116
352	116
366	34
214	14
0	194
0	6
0	2
0	187
0	149
0	95
0	197
53	0
3	99
0	99
0	29
1260	500
3	429
0	500
71	220
118	164
26	4059
169	212
0	212
0	174
2	1969
0	470
0	251
3	2238
0	1259
0	695
0	70
0	176
0	519
0	0
0	459
0	459
0	715
406	716
0	63
0	29
225	63
2	722
482	5330
0	5330
7	488
0	58
1	481
0	456
3	991
0	523
30	454
0	434
0	61
128	0
0	2723
0	0
297	3279
6	1790
8	1803
0	33
0	63
0	68
228	0
0	842
0	477
0	452
0	445
0	388
263	0
28	634
1065	634
4	569
0	127
0	177
916	0
0	56
201	0
98	0
11	15
0	15
0	33
9	138
0	138
0	102
2	102
8	26
0	26
1400	0
27	66
0	66
0	17
0	6
0	17
3	2
50	2
0	2
0	2
0	81
35	81
0	81
6415	0
0	171
648	224
156	53
52	99
0	99
1951	2162
3	2160
238	4
0	0
3304	1
382	1
0	0
565	62
0	0
0	0
317	79
256	343
0	199
39	344
8	202
1970	4
1999	0
457	50
0	50
0	11
598	13
210	156
0	149
0	0
0	37
0	0
35	24
0	24
0	0
0	0
5882	0
155	193
0	47
0	193
9	141
1711	3
0	0
0	111
732	113
121	564
12	293
29	1111
0	262
0	1111
1048	1266
0	1264
4248	2
0	0
0	0
0	0
0	0
0	0
5	0
0	28273
3	1512
217	27540
0	8330
535	0
283	0
0	1
0	1
0	1
0	0
0	1
2260	271
0	271
0	71
1	5
0	71
0	5
0	0
0	69
407	69
12	0
0	247
1256	304
0	304
8230	0
0	0
0	0
0	0
0	0
0	0
0	0
497	0
832	102
0	102
0	0
150	1
16	0
18	915
4	895
196	0
840	0
0	766
10	767
0	629
0	119
0	119
0	119
16	1150
0	604
0	604
0	780
0	325
49	693
4	945
0	471
0	516
0	513
9	1032
36	550
0	553
7	677
0	230
0	113
18	608
0	665
0	654
0	125
0	437
0	615
0	98
0	43
0	669
6	141
0	146
0	162
0	162
8	433
0	17
2	6
2	262
1	492
0	214
0	198
0	150
2	1037
0	396
1	1162
0	1122
80	12
0	12
30	37
2188	154
0	49
0	31
0	12
0	49
1	165
736	134
0	134
250	0
1640	1
66	59
0	59
494	0
1738	0
1627	0
288	71
0	71
1	433
0	433
2	3692
0	2568
32223	6275
272	0
13	0
64	39
0	39
0	102
0	102
1254	352
1106	352
80	82
0	82
0	0
0	0
0	0
0	0
111	3438
0	3438
0	814
810	1
4	0
244	0
772	0
323	0
0	1020
3460	1020
1895	1196
24	1177
0	538
0	660
0	69
124	69
41262	7795
4	7777
0	0
0	76143
0	9757
505	77786
0	16148
14	0
0	0
12	0
10	204
277	204
0	6356
105	6357
140	376
387	376
82	0
18	27
0	27
0	103
0	94
0	39
0	631
1	597
0	0
0	0
142	508
0	508
0	0
0	0
7	3
0	3
0	0
4	109
162	141
0	120
0	140
0	33
0	2
0	2
7	33
0	2
8791	8
2	113
108	18
8	312
158	565
0	25
0	55
0	55
0	167
0	0
3	209
0	335
3	47
0	618
0	208
0	213
0	0
0	36
0	3285
0	25
8	0
0	8
0	3
12	0
7	388
22	162
0	761
0	1505
11	503
48	125
1	12
0	25
0	178
0	0
0	0
0	0
0	11
0	228
0	200
0	115
105	2567
0	101
0	1091
0	1073
0	1096
0	71
0	172
0	418
0	2
0	11
0	944
17	0
69	412
0	401
9	50
0	189
0	180
0	477
16	90
0	706
0	23
27	66
0	7
0	7
6	104
0	0
1	8
258	0
6	4
0	107
0	222
0	378
1	47
0	442
9	10
0	3
0	10
0	39
0	44
0	0
0	338
0	863
0	5420
0	567
52	113
0	14
0	65
4	270
0	647
0	63
22	444
277	380
0	0
16	12
0	0
0	0
10	11
353	632
301	0
0	28
1159	0
52	620
71	1849
0	1794
9	42
1	211
0	37
155	468
0	805
164	2075
41	387
0	0
0	0
326	3401
0	57
0	9
61	55
0	177
2	351
0	772
0	947
0	1072
72	234
0	348
21	0
27	415
0	6
0	161
0	746
3	503
31	268
87	2407
0	2125
7	1771
1	385
0	340
0	350
0	461
0	487
0	558
0	553
0	601
0	586
0	0
0	183
7	413
0	123
864	0
0	193
0	246
1236	1475
0	135
0	144
10	0
0	57
118	297
0	5338
0	5336
0	5291
0	1581
0	347
70	140
72	1339
0	328
184	387
200	2021
0	2669
9	8
0	42
0	229
0	87
5	11386
0	2226
111	657
0	178
159	960
25	2713
0	2713
2	2578
0	0
0	250
143	473
13	29
162	4868
20	479
92	593
0	0
0	1137
0	1213
30	54
0	8794
301	0
11	38
2	8
0	65
0	4426
0	2304
0	0
0	536
0	0
25	255
47	107
10	211
160	363
22	0
0	6
70	36
0	89
0	88
0	80
2	3
0	825
0	972
0	704
279	639
0	1881
0	1953
0	2228
0	0
6	176
0	0
0	1
0	518
273	0
466	799
0	116
10	19
0	430
0	65
210	198
287	0
0	0
0	0
0	735
0	533
0	7
0	3
0	33
0	2
43	4263
0	304
150	1285
2	14
0	0
0	1092
0	2
0	838
0	799
0	127
0	10824
0	210
0	3
0	233
0	625
0	42
0	0
53	299
0	13
0	45
0	7
0	0
0	1
0	4
0	4
0	4
36	0
0	0
0	534
50	15696
0	0
0	38
0	82
0	184
0	239
0	155
0	614
228	189
0	49
371	1982
931	300
179	291
0	1268
25	591
15	929
0	848
0	796
813	0
0	84
0	1674
0	1885
0	0
22	253
0	0
0	0
10	139
0	1117
123	0
0	90
6	103
71	0
0	740
0	679
0	175
0	158
0	132
0	189
110	112
28	18
0	0
191	965
0	5
0	5
0	8
7	638
0	0
189	370
0	604
0	143
0	116
0	109
0	116
0	116
331	0
0	0
5	547
0	0
0	0
35	0
0	237
0	237
0	72
477	2728
14	116
0	479
0	98
0	98
0	80
26	77
17	5649
0	4676
0	0
0	0
426	1163
1	0
0	0
0	0
66	2663
0	10
0	0
0	357
0	664
0	170
37	178
0	0
903	1866
0	104
0	0
0	1544
0	1578
0	1544
170	1587
6	1201
0	237
0	186
0	150
0	110
0	776
0	15
378	3329
0	0
11	40
0	0
39	478
0	7
15	598
0	58
72	786
0	15
0	1323
0	9
9	22
0	7
0	17
0	7
12	13
0	27
9	85
0	729
0	183
56	143
0	124
182	504
0	0
59	412
3	37
14	2048
0	884
45	0
0	1396
7	39
0	11
0	0
20	711
0	446
0	548
0	607
0	641
0	524
0	126
0	0
133	679
0	62
0	59
60	447
0	552
18	556
24	611
345	44
0	0
0	855
0	906
0	5
0	83
1	3324
0	2306
0	1637
4	1353
4	11
0	92
0	118
0	0
0	2
18	158
0	245
5	247
0	0
0	2316
0	8
0	85
0	78
0	300
0	0
2633	32
30	138
0	83
0	0
139	581
5	121
12	822
2280	1
0	65
0	2013
0	107
0	88
0	37
0	32
0	32
0	351
0	12
0	12
21	0
0	63
0	285
0	493
0	1983
0	89
0	108
0	92
0	111
0	92
0	627
0	808
0	1
118	1402
0	2122
0	4225
0	4225
31	1590
27	0
0	0
7	364
36	239
2	77
147	2923
0	301
1013	443
434	443
0	0
0	7
0	0
0	58
0	1677
0	814
3	85
0	0
0	5804
138	1207
0	834
483	3486
146	3486
7	35
0	0
224	485
0	483
144	305
0	51
480	0
101	0
0	84
9	210
19	210
0	0
0	9
0	45
0	45
0	0
0	214
0	25344
0	25277
0	0
10	151
0	373
0	360
0	325
0	145
2	42
16	89
0	118
0	292
107	656
0	564
0	569
61	738
314	1098
0	1098
0	0
0	77
43	0
570	1206
0	236
0	271
61	96
17	0
807	9
0	88
9	64
8	64
0	372
0	1043
75	510
12	60
1426	0
0	474
0	556
0	554
268	0
164	1
0	228
0	0
0	0
0	0
79	129
961	0
2	24
0	0
0	49
21	78
0	54
0	806
0	0
0	117
264	1528
0	3472
400	0
0	212
0	4354
2284	4228
0	4227
0	834
3	27
16	224
0	3178
9	3322
0	2952
194	2739
0	320
0	526
80	251
0	0
0	0
95	0
0	499
0	2
0	411
0	442
0	401
0	403
0	139
0	85
25	1073
67	1073
0	152
1	49
872	1016
0	1016
57	0
6	316
370	0
5	16
0	193
136	0
0	10228
0	9708
0	8600
116	2001
2107	2
702	0
0	11
0	109
0	119
120	1608
2	18
1	1672
0	115
0	237
0	250
0	0
0	0
250	0
0	6
0	370
4	380
0	372
0	299
0	295
3	158
0	40
0	428
30	45
0	55
80	249
2	10
0	0
0	2442
766	1626
21	4314
0	4314
0	1834
0	18
185	0
0	1929
27	0
126	1314
0	339
3	200
0	36
0	0
0	4
0	4
0	0
30	1789
38	0
1	8
0	100
96	517
0	114
0	2364
0	2559
0	2428
0	0
0	0
0	0
0	4749
5	555
0	0
0	0
0	0
0	0
0	114
0	0
0	0
0	230
0	212
0	230
130	862
0	275
16	626
0	626
0	605
10	0
0	408
70	0
13	2
0	2
0	5427
0	0
0	117
0	117
0	117
0	106
0	23
157	1076
0	981
0	0
1700	0
0	26
38	0
0	23
0	1042
86	2004
0	0
0	11
0	10
490	282
64	282
0	9927
0	33
0	33
3919	0
876	0
0	0
385	1936
0	1489
0	2
0	47
110	104
0	2
23	105
0	0
22	277
179	904
60	397
0	184
0	213
48	46
0	46
2	506
0	106
0	0
3469	5
12	1
0	44
0	0
74	165
942	8819
0	0
277	0
0	199
0	199
53	0
161	0
15964	17
2127	0
0	372
0	2819
0	252
477	0
0	1461
42	0
148	0
24	268
0	2100
3	2623
0	2643
0	310
0	1139
0	0
20	451
0	219
406	2
0	0
0	454
0	37
0	1084
0	2232
0	2561
0	74
0	0
8	12
1577	0
162	553
0	553
1	19
0	0
0	818
0	1136
256	963
0	914
11	0
0	30
0	381
8	0
0	7
204	1
0	6
0	59
0	59
0	413
0	0
59	19
22	0
82	305
0	20
0	20
0	0
0	0
0	0
25	12
39	1
6	173
0	2
457	0
8	0
4154	2
0	18
0	308
0	8
0	0
4	99
0	760
0	723
0	784
0	821
0	385
0	138
13	480
0	108
0	0
38	1150
0	173
0	88
350	2819
1124	2819
18	0
738	0
21	41
6	0
98	0
111	424
0	98
122	6
710	0
2403	0
36	0
0	5
78	0
24	80
791	6
0	4
0	158
0	121
0	161
201	0
0	124
0	164
0	93
0	93
0	93
0	93
0	93
0	76
0	6678
0	6671
0	6678
0	6419
0	6686
0	4889
0	3
121	0
4	0
7514	82
0	42
6	42
41	0
0	695
0	262
0	0
0	331
0	331
67	0
0	156
0	8
85	1
0	0
0	342
0	9
0	0
23	789
120	0
21	3236
0	3039
2	108
2	108
0	0
131	0
0	0
0	15
0	0
0	0
0	0
0	0
3	29
0	1671
0	1671
20	1632
13	0
0	2378
79	863
54	0
158	0
1	3
280	1337
361	0
0	791
0	676
0	609
0	320
0	633
0	64
0	64
47	0
0	88
108	0
0	0
75	362
0	0
34	252
0	193
459	0
0	52
115	0
1262	6375
0	468
0	1144
88	1166
44	570
0	954
21	0
555	0
0	0
68	779
1206	0
118	0
0	79
0	702
366	0
976	0
0	0
0	106
1337	0
0	501
0	469
138	0
29	33
0	1357
145	1357
63	0
0	0
0	97
0	4
40	0
0	86
0	86
0	0
199	0
0	1313
1980	0
93	2315
141	2315
0	2722
0	4784
79	4057
0	4057
0	2024
0	799
0	803
0	933
0	968
0	771
18	0
0	559
0	583
0	553
0	1645
0	0
249	509
0	539
2	34
2	91
73	12
0	12
71	0
24	0
1	6
31	347
144	95
0	1430
0	1410
0	0
0	139
117	0
121	0
14	78
123	0
193	374
0	374
0	157
0	130
0	2
59	532
35	17
0	46
0	0
0	78
0	290
6	0
60	144
0	144
19	229
127	238
0	0
437	0
0	193
2	0
9	3283
15	3283
0	185
0	185
0	138
153	0
0	0
0	624
0	69
0	919
0	1337
0	1067
0	1045
658	60
0	0
275	0
1	0
8	0
24	0
169	0
0	8
118	0
0	1
0	75
261	87
0	75
0	0
0	0
0	0
0	97
0	97
0	0
0	18
13	1
0	0
73	0
128	0
0	706
10	0
325	220
20	219
173	0
135	0
0	18
5359	1
0	115
0	115
298	2
18	35
0	0
50	1
0	0
19	1
7	19
2344	6
0	2395
0	2377
0	2351
0	2251
0	2237
0	1988
0	1857
0	138
0	1735
0	1440
8	121
732	0
55	1881
0	435
100	625
234	5
4965	0
0	0
0	869
0	868
0	994
0	0
0	809
63	809
0	12
0	12
0	17
0	17
0	0
235	0
0	0
363	0
7	20
0	10
4	10
68	0
0	660
85	631
0	184
187	71
0	0
0	595
2	597
0	502
0	600
0	597
0	0
2	47
0	720
0	720
0	607
0	720
0	511
3364	1
0	630
0	2
0	0
0	0
534	0
0	0
977	0
0	0
106	0
5395	4
1	58
0	64
0	64
2	148
0	148
7	0
108	62
0	62
733	64
14	80
0	80
17870	5
46	0
0	4
147	0
1811	0
634	459
0	459
1046	11
701	0
78	0
0	167
0	167
2	0
27	0
0	0
0	0
0	3
0	3
0	1466
0	1056
0	1058
397	1497
0	1052
827	1497
96	0
2624	0
0	0
949	0
409	0
39	0
6	0
0	0
79	0
0	235
24	235
0	234
425	213
0	131
0	0
0	0
0	0
0	0
0	0
0	0
2	0
67	0
7	21
441	21
0	0
7	0
0	7
0	7
174	0
0	0
6	159
5174	13
0	157
0	162
0	162
0	108
7	0
54	0
0	0
0	0
0	0
0	0
0	0
0	0
28	0
28	0
18	0
0	0
0	0
150	1280
0	29
514	0
137	131
0	0
461	2
62	296
0	81
44	333
0	333
13	0
0	0
414	0
0	731
210	0
21	684
0	643
0	655
0	0
53	719
0	0
109	36
88	818
0	859
0	456
0	75
0	0
0	11
25	0
1971	0
0	0
0	0
0	0
0	9
0	9
0	0
388	0
825	627
0	401
59	0
9	9
0	9
0	0
27	0
0	550
3111	0
12	0
251	0
518	0
0	127
13	4
595	0
0	0
416	776
0	776
138	0
0	0
0	0
49	0
6731	5
5	1619
0	1619
39	744
0	428
32	3
0	384
0	164
201	0
184	0
128	0
30	143
7	143
306	4
16	87
42	97
0	0
646	822
1603	0
0	0
31	0
18	30
0	30
75	0
0	38
0	38
12	0
271	0
385	29
9	0
479	381
0	381
0	11
0	11
0	0
11	0
11	0
4	0
94	0
1	1536
157	1536
0	1072
0	623
57	46
0	46
0	0
24	0
10	1
0	21
0	21
0	223
9	1
3	0
259	904
77	344
1	295
0	260
1496	95
0	0
6	818
16	29
0	29
0	0
0	0
29	0
60	0
0	204
0	162
0	204
0	0
997	0
0	36
0	118
0	118
0	0
0	0
0	36
216	0
1489	0
1	0
265	0
159	1429
1	1429
52	576
13	0
235	0
214	4
501	16
20	0
0	59
0	59
21	0
2	39
0	0
0	0
26	25
0	25
0	65
235	0
63	0
4	188
0	0
13	339
0	0
0	0
0	0
0	13
0	0
0	0
221	2
4083	1736
0	14
0	14
236	1
377	1
179	0
0	0
0	52
35	0
3	37
1	0
950	1
0	191
1211	0
23	0
0	119
8	0
0	0
100	0
1	0
632	0
151	0
2590	3
776	0
0	71
158	0
0	174
0	185
38	0
209	233
0	233
1188	0
763	0
10	0
0	210
6	210
143	0
67	621
0	621
0	0
481	0
0	223
9	0
350	0
0	0
0	599
122	599
1476	0
613	0
0	14115
17	198
0	240
144	111
0	24
24	0
0	0
359	0
0	586
0	0
105	686
256	0
0	0
0	0
0	0
41	0
4	46
2	0
1187	1730
0	1727
0	0
0	438
0	5029
10	0
0	0
0	0
856	0
532	1
385	0
1983	0
37	0
0	0
0	0
0	0
4	5
0	0
0	0
1	81
0	36
681	149
0	124
16	193
0	0
0	0
0	0
0	23321
2193	23327
0	5
88	0
44	473
10	472
0	460
0	0
2767	2
0	589
869	3
0	0
1565	2
1129	1011
0	250
973	6
0	197
0	146
93	189
780	0
0	0
191	10942
1240	0
0	0
621	0
0	8
0	6
13	0
0	268
0	263
0	268
5	248
112	1
6	1410
305	0
82	27
547	128
1255	0
99	1337
623	0
30	0
1113	0
467	152
10	172
0	212
24	212
726	0
168	0
0	1403
0	88
257	0
106	0
0	0
0	0
4	1
0	55
66	0
212	0
33	358
564	2
234	0
0	932
1137	0
0	764
0	755
0	346
0	356
0	0
114	0
3630	1
43	10
0	0
36	89
0	89
575	0
0	650
34	288
0	25
0	672
0	667
0	672
0	693
0	717
0	1189
67	1189
0	26
219	0
31	70
0	67
138	241
0	256
10	180
56	0
0	482
303	3245
0	1214
0	1214
1984	0
278	6019
20	6012
0	2
6	0
0	0
0	0
0	32
0	32
0	32
4	19
0	0
24	0
334	499
8	35
464	0
374	9
1002	1884
0	450
0	24
0	0
0	90
0	78
0	78
0	78
0	0
0	0
0	380
2022	2
88	14
0	23
0	23
47	148
111	763
159	763
1820	1122
0	0
0	495
4810	1
824	1
0	12
3	0
1543	0
245	1
0	36
0	36
0	29
0	0
0	11
30	0
0	0
113	144
9	210
0	463
83	450
0	388
0	321
444	11
312	0
85	0
21	0
6	0
0	0
1133	371
1	87
2154	6
54	416
0	980
8	136
0	175
2560	0
134	720
64	0
0	0
0	0
9	301
0	0
3911	4
0	0
1	0
11	0
258	173
3799	6
55	0
1768	10
0	0
22	0
4	1
0	598
229	0
32823	16
85	0
0	42
0	482
2521	2
13	0
0	130
0	1246
0	1
0	1
353	0
209	7
0	0
5622	5
0	517
30	306
4914	0
23	60
0	772
1106	2
0	941
1193	0
27	0
944	0
5	810
0	1671
0	34
0	34
11	59
0	147
0	0
0	0
3	299
17	299
89	902
0	0
8	0
46	602
0	2
0	7660
87	640
0	0
0	0
0	0
0	0
1	0
39	0
0	0
0	1299
426	1
181	0
0	64
0	785
0	275
0	0
0	0
0	0
0	0
0	47
0	70
0	258
22	0
0	0
1036	0
0	3
90	897
57	326
0	296
2	333
0	333
10	86
55	0
10	72
0	253
7	43
414	0
5	0
961	360
1	360
9547	16471
973	16466
0	0
150	335
0	134
1	26
0	1265
812	741
0	176
0	532
0	532
0	374
0	94
88	0
153	69
0	1515
0	0
20	257
0	0
18	175
0	49
0	180
0	190
13	214
42	0
85	0
3	0
0	669
0	220
789	0
0	9
0	9
0	9
8	106
0	0
0	0
0	28
0	883
0	201
132	453
3516	6
0	0
377	0
156	239
7	239
0	0
0	40
0	37
64	206
0	14
9	29
0	162
0	742
0	744
1475	0
5	296
0	231
585	0
9	0
54	0
0	10901
79	0
0	0
0	2
1257	0
35	587
0	202
6	0
0	0
166	165
0	0
0	33
0	200
7	132
0	182
0	0
3336	2116
502	2116
0	0
7600	7
3	0
1820	477
2437	477
0	228
0	1270
0	0
0	164
753	0
0	527
9	1
310	469
0	0
0	0
5	0
0	0
256	0
0	1955
19	55
0	340
72	0
0	18
322	3
169	3034
0	0
0	0
135	0
167	1290
414	1337
0	0
4	9
0	0
0	92
0	92
0	84
0	92
0	92
0	92
0	92
0	92
31	422
1642	2
20941	9
0	460
20	0
0	177
0	188
0	117
313	0
153	3
0	15
99	0
8	0
1	556
0	0
21	0
0	0
9	91
1626	148
958	150
49	0
0	507
0	1877
0	0
57	125
0	123
418	0
0	438
8	489
0	380
17	458
60	0
0	0
0	0
0	0
0	194
0	85
4	0
0	0
91	749
0	749
0	211
35	85
0	85
47	100
0	0
2	0
10	206
346	0
0	0
1	23
0	211
2329	212
688	8
6	197
0	178
0	31
8	240
8	29
0	29
0	0
8	0
977	0
0	0
37	0
0	18
22	18
0	7
0	324
0	37
0	37
0	0
8	29
10	0
0	4
0	173
0	0
0	0
0	1162
0	2
0	7
0	7
15	0
16	175
0	57
42	57
12	299
0	691
0	691
321	0
16	170
8	1149
0	1149
33	0
0	0
3	337
0	0
0	0
5691	4
0	1074
0	161
80	0
84	955
11201	17
0	29
0	61
17	0
0	131
0	9
2	249
0	249
239	213
0	166
0	1452
0	657
69	215
0	18
0	0
0	0
619	0
108	0
0	1
0	0
0	104
0	0
0	14
6	7
0	1941
89	1167
0	61
0	5
0	4579
0	4655
0	4741
0	129
230	0
0	956
0	1723
84	1985
23	1367
7393	3
36	40
0	499
0	1758
0	0
0	0
32	673
0	673
0	1205
0	179
0	0
0	0
0	0
0	0
0	0
0	22
0	899
0	6
0	0
9	94
0	0
0	1018
0	0
0	21
1	28
0	35
0	33
0	0
512	0
342	0
23	381
0	155
0	0
25	1064
0	2118
4	35
445	81
32	0
0	1255
0	627
0	9
0	0
0	29
21	895
539	895
0	420
12	0
0	18
601	2663
0	0
0	0
0	11
0	223
1655	3034
0	0
1	21
0	0
0	5487
0	10
0	15
23	106
0	0
0	141
0	0
0	0
409	0
0	0
38	0
217	0
0	1417
0	0
0	2
0	2
0	1568
0	137
186	0
0	355
0	0
0	1277
4	0
81	511
5	8
14	0
0	137
1274	165
88	192
2	187
0	134
16712	9
0	14
33	425
0	446
1	214
0	183
0	48
95	607
2621	847
0	845
387	0
150	1403
0	314
0	982
10	5
72	0
2	512
0	425
0	12
0	453
0	390
0	511
0	519
0	552
240	0
1	4
0	2009
0	682
0	141
0	141
0	0
33	64
104	0
0	35
0	0
392	0
0	0
0	0
0	0
0	0
358	915
0	4
77	607
0	198
0	198
0	0
13	871
0	1024
0	0
0	884
0	9
0	0
10	412
0	397
0	412
0	412
1	0
0	133
0	10036
0	10253
626	0
0	0
0	523
0	28
0	28
0	9
18	104
11	0
0	4
0	0
440	601
0	47
473	0
0	0
0	105
0	185
668	0
0	778
448	0
0	14
0	14
104	2552
28	1220
0	323
1792	0
32	327
24	1
427	7
0	134
0	0
0	0
0	1355
33	170
0	651
120	591
0	360
0	1300
0	42
0	1
0	7
131	0
0	694
32	123
103	0
28	222
0	51
0	825
0	830
0	992
0	992
376	0
0	0
40	29
0	0
0	222
29	0
8	20
0	80
0	265
6225	8
930	0
4	388
949	2
92	46
10	25
0	44
157	265
0	0
0	0
0	1112
0	79
0	35
5331	13940
0	13937
0	27
3	360
12	360
0	0
0	0
0	179
0	5
50	870
4	38
367	0
32	119
0	0
0	153
5	7
3	20
376	1944
0	106
0	0
0	6
0	6
43	0
35	86
0	0
0	0
0	288
0	0
0	0
0	0
0	0
0	0
0	0
0	135
0	0
0	305
0	74
0	242
267	0
52	1185
0	341
85	341
0	0
0	901
0	0
221	0
0	56
0	56
0	56
0	67
0	49
0	0
0	40
0	4
0	0
0	0
0	38
10	123
0	54
0	0
2	81
0	0
0	0
0	380
0	582
0	291
0	423
0	516
0	111
0	33
0	424
0	206
0	0
0	191
28	439
0	814
0	642
0	822
0	351
0	658
31	659
0	4
0	4
741	349
33	341
0	1590
0	277
24	58
493	0
58	126
7	126
0	27
5	21
0	21
0	329
25	228
0	96
0	93
0	0
28	203
0	0
13	19
822	9274
132	0
0	82
0	490
0	18
221	900
1124	0
0	136
3	136
0	207
5	132
0	438
0	0
0	0
0	1
0	1
0	1
2	16
205	688
0	7
0	0
0	0
0	0
0	72
9	199
181	6325
0	6359
0	136
214	7
878	2039
0	0
89	69
0	620
0	374
0	24
136	902
0	611
0	14
0	336
0	99
0	88
653	1323
0	535
0	610
0	460
0	78
0	0
0	5
0	573
2	138
0	10
14	0
0	261
0	0
0	246
17	0
0	65
328	0
782	0
0	4
2	7
823	0
0	0
1	40
0	2165
0	784
22	120
0	0
14	20
0	0
0	1
0	1
0	5
0	0
0	9
0	6
0	0
0	234
737	0
0	216
0	76
182	204
156	125
0	0
0	0
0	0
18	0
71	111
4123	2
0	0
642	8078
1	0
0	0
809	0
0	0
0	119
0	81
0	98
0	0
0	1217
0	1030
0	0
124	0
0	0
0	34
0	2573
0	2225
0	0
0	0
0	106
325	106
0	106
23	148
0	80
52	725
0	18
0	0
0	3114
824	0
12	134
0	81
66	225
0	693
0	515
0	693
0	693
0	693
0	555
0	656
0	386
0	537
10	0
0	348
0	828
1	6852
0	8700
63	53
0	6
0	113
0	115
0	113
2537	0
0	13
0	13
0	3
387	2860
30	135
166	269
58	0
28	0
11	38
0	37
0	0
185	271
11	139
13	0
0	2808
0	1386
2340	777
380	780
208	1511
0	1546
0	1322
113	1627
0	1486
1194	0
0	227
76	1760
0	1632
2	8
1234	0
0	0
58	8
163	0
0	396
0	388
0	384
0	279
0	145
0	233
3072	18603
2426	2
54	0
0	0
0	0
0	290
0	596
0	596
32	867
0	897
0	7884
0	1751
6	7878
479	0
13	144
0	528
0	545
868	0
166	8244
2	2470
0	2495
0	2443
0	1383
0	0
0	0
0	660
0	0
0	4
0	4
132	1039
0	987
0	411
0	188
0	6
0	0
0	0
0	0
204	0
0	160
0	279
15	0
556	1
152	474
1248	0
0	162
0	116
0	0
18	0
0	396
58	945
0	0
2219	124
0	0
46	0
7	680
0	9
0	6673
0	6673
0	6930
0	5205
0	3079
149	0
20	350
32	288
0	8
0	5
0	5
2398	0
0	6
0	6
61	806
0	806
0	806
0	792
0	1
23	0
0	89
0	381
0	667
50	560
0	17
0	17
446	145
0	38
0	84
0	113
0	204
0	7
102	173
354	824
0	425
0	143
1	1
0	0
0	12
15	9
16	0
0	377
0	0
0	0
146	4060
0	0
0	7
0	7
0	103
1	0
226	0
0	255
0	195
20	1849
70	1849
0	140
0	82
3	0
811	704
0	702
0	5716
62	0
0	0
0	797
33	797
12	342
2	342
0	215
59	14
23	318
0	22
0	5
0	87
0	0
173	0
0	143
0	125
1604	6
7	0
0	0
0	0
1	2931
634	2923
1	130
0	35
58	25
0	978
1131	0
0	355
3232	0
0	646
0	0
0	4
62	280
0	280
7	8
6112	0
42	0
0	0
89	0
33	0
2	0
54	0
0	0
689	0
0	0
0	0
98	0
0	704
89	299
7	0
35	0
0	0
0	0
0	78
1	61
19	2169
35	2414
10	23
0	156
115	0
0	0
0	0
46	0
18	42
3	939
0	954
0	888
763	0
23	14
74	0
0	18
2131	1
51	0
0	0
0	844
0	844
27	0
0	694
0	1283
5	0
0	128
323	0
11	28
0	224
0	207
109	257
15	0
0	12
0	12
31	2690
0	2665
0	123
0	21881
540	1
0	362
1	64
0	57
0	0
112	0
7	3
277	2
0	273
0	229
277	5
391	0
6553	4
0	2046
0	0
1252	0
1	32
0	180
509	0
0	0
0	286
0	0
0	0
0	64
0	14
2507	0
0	1583
5	2
0	9
1393	2586
0	2585
0	0
0	0
0	119
7	119
0	85
0	14247
0	14373
0	15834
0	15810
0	14324
14	8505
294	0
14	8
0	2260
0	2567
0	32
17	625
0	828
0	828
0	401
0	389
0	4
0	0
248	721
247	14
0	0
0	117
19	0
182	0
16	0
14	0
7	0
0	0
0	0
7	431
0	0
0	0
0	0
908	0
58	0
222	0
0	0
34	77
0	0
6	0
4655	3902
1720	3902
8	80
2	7
0	33
0	1288
1488	1
702	0
0	159
66	271
0	0
2205	2
141	1
0	35
172	544
0	0
39	0
288	974
186	974
107	1
0	17
292	0
168	0
0	7119
0	650
0	0
482	26
2574	1076
0	1076
393	1
512	0
0	683
128	0
0	5865
466	0
61	0
1961	3229
0	44
0	0
74	457
0	196
0	0
349	2292
0	536
0	445
0	503
0	533
0	503
0	503
0	503
0	12
0	203
25	0
134	0
0	7
0	7
46	283
8	218
3356	12
284	0
0	1
181	153
209	0
0	304
0	843
43	1842
0	1842
0	0
4936	2235
0	2235
0	11
0	11
1737	499
0	0
979	0
2	0
0	5
0	5
0	4662
0	4341
0	4176
1	3520
0	3819
0	3865
8	4294
0	3686
0	3846
0	4640
0	0
0	0
366	0
0	0
0	15
1825	1
3209	1
0	0
560	0
0	12
1	12
0	12
8	37
214	1094
41	0
59936	11
0	532
190	1
34	875
593	874
37	0
0	0
0	285
480	0
0	1
4	22
0	1333
0	5
0	0
4	10
54	114
7	114
0	0
18	324
0	0
6	0
168	3026
0	3022
0	0
0	0
0	0
0	0
3029	0
2	0
0	0
0	0
0	0
839	0
0	0
24	0
0	449
18	0
0	384
0	143
5	839
83	839
0	0
344	661
0	661
0	0
0	0
0	0
91	0
0	106
0	205
23	0
0	1093
6765	2
0	0
0	0
564	0
0	0
0	0
0	0
153	0
0	217
40	143
569	0
46	3183
8	3183
0	166
4	172
0	542
0	0
0	1
8	0
0	0
248	0
2	0
48	736
0	736
6	101
0	101
361	33
0	286
0	278
0	287
40	459
163	459
633	0
344	787
4	0
0	206
23	206
0	177
32	0
66	648
0	648
5	0
0	0
72	0
915	2917
2	2917
0	23
0	0
4	0
9	0
0	1646
22	412
11	0
107	0
0	0
0	0
0	46
0	46
0	0
12041	11379
509	0
0	0
0	81
0	111
10132	3
2	0
0	0
203	202
314	1997
8	0
1468	2672
0	0
26	0
0	1492
0	1532
0	1556
0	1540
0	1540
0	0
0	62
0	0
16	60
6527	12
75	207
516	924
335	2254
0	668
0	391
0	0
0	0
106	0
9	290
0	253
0	203
0	0
19	0
184	0
0	11
297	0
2302	6
0	0
0	16
68	2
70	0
0	0
0	0
17	0
25	0
8	5
64	0
15	2
0	0
324	0
64	0
0	0
14	0
42	165
192	0
183	0
0	0
117	0
39	28
146	0
3389	3
2	31
1498	6687
0	2638
0	0
360	0
0	247
150	1114
714	0
0	7
0	3176
0	5
0	1005
35	227
0	143
0	134
330	0
10050	0
122	1038
0	35
0	1300
1	0
53	128
28	0
737	0
76	0
0	470
0	66
33	0
0	102
1185	5
2753	5
0	6
6634	4
936	104942
2949	104942
26	0
6	23
0	23
0	23
32	116
0	4270
1908	3
0	4778
144	4778
347	0
0	136
1499	0
0	0
23	0
48	0
40	0
1	2
0	0
0	0
89	606
0	0
38	3810
0	3787
0	3810
19	3787
0	0
42	0
5	0
29	0
2090	0
0	249
0	288
106	123
7	123
2140	1
260	0
5020	3
142	3002
9	0
317	0
244	0
0	234
0	387
0	380
0	387
0	387
73	0
94	211
0	0
190	211
5712	2489
524	2490
6	1014
3	271
0	271
325	0
15	255
122	6
0	117
0	5
0	1
0	0
0	103
3	103
0	0
163	0
3588	0
0	0
26	264
0	6
0	6
6	0
186	367
0	367
106	0
0	0
24	107
0	0
26	0
7	0
107	280
0	280
0	27
6	27
3	220
0	226
0	296
0	250
0	263
2	0
13	4
128	0
136	1203
0	38
13	8
73	45
222	255
103	255
16	912
0	0
0	0
35	580
0	9
0	9
0	53
0	58
0	67
3	67
0	67
0	32
0	20
1708	2
0	0
151	1683
45	1683
42	39
0	24
2202	9488
5043	9488
0	0
0	21
0	21
0	13
20	387
0	379
0	156
8	137
0	6
0	0
0	0
0	6
0	6
0	6
0	0
0	6
0	42
0	108
0	27
129	1824
28	0
1534	0
57	236
56	236
5105	1
165	0
25	278
0	643
122	138
3041	1343
480	1
215	0
0	7
35	604
0	5
0	255
0	255
0	0
788	0
0	0
0	16
785	0
0	0
0	1547
0	1173
5	383
309	0
0	0
0	12994
554	51
47	51
0	146
57	0
242	0
2	177
7	180
1	180
0	150
1769	0
84	50
26	385
5	0
0	0
0	0
16	0
13	12
4	36
0	0
0	0
0	241
0	0
0	0
0	0
0	0
60	0
0	10
0	0
0	47
0	47
0	0
0	15971
1561	15971
14	46
2340	2
0	9
0	75
8	75
0	12
0	8
7	12
287	117
0	117
0	3
136	0
0	38
0	0
11747	5513
989	0
0	205
6	0
6	671
0	95
78	0
0	2520
0	2
23	0
62	474
0	2
0	49
0	104
0	0
0	880
8	11
0	11
213	489
0	489
20	0
0	82
33	0
15	34
908	33
0	2713
304	2714
898	3
0	64
0	64
13	12
39	0
0	0
0	21
0	88
1188	1
0	8
0	3
1	675
5	620
0	585
72	341
0	0
10	1
0	126
73	671
42	70
0	78
0	41
27	44
1	56
308	602
224	0
41	77
0	77
27	44
5	0
0	0
0	0
0	85
116	0
365	0
35	348
9	346
0	0
13	134
316	580
0	210
0	178
0	210
0	210
0	0
0	32
106	0
0	485
0	0
0	0
12646	7601
233	7503
373	6584
87	6771
115	6705
168	6931
2	2060
56	2337
57	2497
52	2378
91	2384
0	6373
0	438
0	451
2	440
0	448
6	94
0	0
0	0
4	0
4509	1
0	0
0	1166
0	1156
0	1167
0	439
0	0
0	458
0	0
0	4
1434	0
0	5
3	219
2211	0
0	992
8	0
104	0
0	2
65	0
0	402
2182	2
1099	752
18	251
24	118
27051	7
0	0
0	86
0	2184
0	0
0	12
0	12
0	0
285	0
53	1705
0	0
0	64
10	8
12	2
37	151
425	334
0	334
246	0
3	508
0	499
0	80
0	29
87	0
569	119
0	12
144	0
4	529
31	68
165	252
3	252
98	461
214	3262
0	3262
0	215
67	184
0	2
0	800
0	5
23	553
137	585
1225	0
0	21
0	21
0	21
0	4
3164	0
0	0
0	34
0	869
0	858
7	10
35	49
0	1307
1	2347
153	0
0	301
0	342
0	342
0	220
0	319
0	257
0	176
0	74
0	143
0	16
0	0
110	731
60	11
65	0
0	30
0	0
3	0
0	8
1	654
0	654
0	89
180	0
820	0
0	107
469	0
0	0
0	0
0	122
94	260
0	105
0	858
0	391
0	621
0	692
0	899
0	899
0	63
3023	1
44	1224
2	1191
0	5
94	478
0	0
0	0
1812	4
0	2
0	2
0	0
24	0
122	230
194	0
0	118
65	0
0	618
1938	2
0	6
0	6
0	10
0	13
589	0
56	0
0	0
0	0
0	0
0	121
6	121
0	975
0	327
0	8
20	33
0	6
401	3
0	0
0	193
0	1949
0	823
0	17
3	61
0	364
0	364
10	114
90	25
18	616
0	616
0	492
0	352
0	17
102	0
5	46
0	123
0	247
0	0
21	0
5	0
39	0
13	366
7	578
0	578
0	2
0	2
0	4
0	8
0	8
205	1
287	5
0	9813
478	115
0	115
0	115
0	7
1416	5551
0	0
0	0
100	66
17	24
930	0
6	536
21	536
0	0
0	0
192	764
15	764
0	129
0	41
19	170
15	285
53	340
0	340
0	111
0	0
26	0
7	2148
13	2148
0	32
0	1007
878	0
32	0
0	569
1	43
158	783
0	202
193	0
0	0
0	0
0	0
0	0
0	0
0	0
0	0
0	0
0	387
92	0
0	0
0	0
749	0
1259	24
0	24
1	0
4144	0
12	148
0	467
0	122
0	122
0	122
0	433
0	360
80	725
461	0
0	651
842	1505
0	0
5	72
0	68
0	3
4265	10
0	1807
1	0
16	624
0	138
0	138
40	138
97	71
0	123
0	251
0	1811
18	0
1438	2
2694	1
512	1
243	0
15	15
1285	0
0	1
3333	2
0	66
14	0
0	753
289	3
11	5740
2	6045
291	0
729	0
37	52
0	111
11	30
1	160
18	80
207	299
151	3
0	0
0	0
0	180
1844	4062
4930	5
24	63
0	29
0	29
8	0
1877	456
113	1609
79	304
9	0
0	0
0	675
192	678
41	239
21	341
0	341
0	75
941	16273
138	189
0	7
0	1466
0	1466
11	1309
0	140
0	24
0	39
0	141
240	453
1	8
22	295
3	102
0	59
0	3
0	3
0	197
0	194
48	1954
0	1954
0	196
0	0
0	6
0	6
0	0
0	0
14	0
0	634
0	1252
0	0
0	18
0	0
0	73
16	77
119	2919
404	68
6	0
0	3
0	3
0	3
0	3
0	3
114	0
0	0
0	0
0	0
0	940
0	562
0	833
0	651
5	0
0	126
379	0
796	1
61	140
0	15
0	15
0	136
17	180
0	1651
19	398
0	17
0	1
0	843
20	0
0	11
12	71
24	0
0	0
0	275
122	3
88	235
0	1200
0	0
668	0
275	0
0	73
117	72
1724	1
0	8
0	131
0	243
10	1198
120	286
384	2
172	358
6	700
1	686
26	0
0	14
178	0
0	590
0	531
14	49
0	53
0	4590
0	45
45	133
863	0
0	102
0	3225
39	157
0	161
0	0
194	0
10	935
31	935
0	0
0	119
41	47
463	619
0	471
21	471
0	70
0	83
0	103
0	2547
0	10141
1	538
0	222
11	0
0	0
0	0
0	0
70	0
0	60
0	0
2	691
0	628
1	6
0	0
0	0
0	175
0	15
12	897
57	897
0	312
23	244
0	2266
34096	23
0	0
277	1
0	384
0	4652
3188	0
0	533
90	281
0	0
0	0
0	0
3489	9097
0	5
0	6
0	253
4	3784
958	3784
30	0
0	0
0	0
44	0
0	8252
0	9
0	9
0	0
0	0
113	1647
0	0
0	0
11	0
0	0
2	109
0	0
0	41
0	19
8	414
0	141
0	0
0	1578
0	1735
0	206
2493	31695
116	31694
298	0
0	254
1187	353
0	349
0	33
0	277
77	145
63	160
593	0
284	0
0	892
0	1145
0	16
0	0
124	845
0	22
0	38
0	47
0	0
29	1644
108	1644
30	97
48	99
80	299
0	0
0	682
0	0
10	110
0	16
0	9
0	0
367	0
127	0
119	0
149	0
1016	2
0	0
0	0
11	408
1415	7484
0	1624
0	282
0	114
252	1262
0	40
3272	0
0	0
0	591
5	53
0	0
0	512
84	1159
0	1074
0	644
58	770
149	103
0	103
0	84
0	151
0	151
0	151
0	151
0	1748
1	1799
27	3687
0	3311
0	1529
74	5287
905	0
5275	1113
0	1111
11	0
0	95
0	280
0	23
160	497
0	9
0	12
0	0
0	0
0	8
0	0
0	866
0	169
23	21
0	0
67	0
0	1
290	2
6	400
0	400
0	323
0	217
34	155
43	55
8	66
0	36
60	0
16	76
0	776
124	320
0	0
226	0
80	218
0	1156
9	517
0	484
0	508
0	481
49	456
15	0
0	0
0	0
1442	0
0	0
5	82
0	4
116	0
0	11
0	11
0	0
0	0
0	101
0	16
1276	0
94	148
0	18
1648	4848
0	247
0	247
5	241
0	1
0	217
48	0
0	0
0	0
0	717
3	0
0	299
0	0
0	0
0	4
169	0
0	0
75	15
0	16
0	260
0	57
0	47
493	0
0	87
203	0
0	0
0	3233
0	1731
0	668
61	168
0	167
0	168
70	230
59	751
8	0
0	6
0	711
1	30
3	2
199	19
674	28
0	28
0	497
0	470
0	0
0	0
0	34
0	1466
0	1241
0	137
0	0
0	1
4	38
20	7
7	3
47	25
0	0
0	0
78	184
168	431
0	0
0	0
0	0
0	0
1246	0
0	0
270	963
0	963
41	67
1120	0
41	1885
0	1691
0	1812
64	620
0	134
0	31
2	364
382	0
44	129
38	0
46	294
52	294
0	325
37	712
0	712
0	33
0	12
17	538
160	300
7	120
0	0
481	0
0	242
0	212
14	803
3	0
0	19
689	7
64	479
63	554
0	0
0	38
0	244
0	246
9	982
102	982
13	46
0	370
0	369
3	411
0	0
11	686
18346	7
164	798
1589	1
0	269
298	79
0	3
15	3
83	909
0	909
701	105
0	105
0	3020
921	0
0	163
0	656
127	219
0	6
0	6
0	6
0	6
0	6
18	2024
0	0
77	355
0	31
0	286
6984	2
6968	142
0	536
119	1
0	682
0	0
720	0
0	35
0	0
631	0
0	85
0	79
2399	1
0	339
11	0
1	0
0	0
17	325
0	6
395	392
22	71
0	71
0	400
385	0
496	155
0	155
5	46
0	839
279	1
1732	2
1175	3
32	0
1	108
282	2061
28	177
30	177
0	0
150	1651
0	1651
0	12
0	13
0	380
0	18
0	18
0	0
21	130
5453	1
160	0
1	160
0	15
0	0
17	0
3	8
0	744
182	2181
0	3
0	3
0	3
0	46
0	46
0	0
562	1
2280	3
0	375
0	379
0	470
0	0
0	0
1458	0
0	0
92	0
1480	0
649	0
774	0
0	21
0	130
0	109
3282	1
52	0
0	10238
0	0
9568	5637
439	210
0	121
0	115
18	0
0	8
0	8
15	84
0	0
102	0
537	2
0	0
0	1423
0	569
3	647
0	12
3	0
228	382
0	1315
72	529
0	0
0	423
23	282
0	199
137	52
0	0
5	254
50	0
0	0
492	0
145	0
0	1285
0	1285
2	2
0	0
0	49
0	0
0	0
0	0
0	2068
0	2056
0	980
21	1056
0	6238
0	6393
18	1
35	2
0	377
0	79
0	79
0	33
101	217
0	217
0	178
0	150
0	103
0	0
0	0
0	0
106	4
90	497
0	0
0	365
0	355
0	254
3062	1
0	0
0	938
395	0
0	1062
0	0
0	0
0	60
71	0
18664	20
0	4
45	2
0	352
0	821
3	493
1	22
57	239
0	0
0	0
45	0
8	124
428	294
6	0
0	0
0	0
0	0
118	676
89	564
235	1
0	278
0	178
0	23
11	41
0	30
0	16
0	1444
0	1444
39	18
342	793
7	793
0	3
0	3
0	3
0	3
0	25
42	147
0	147
0	145
0	368
0	64
0	64
0	0
313	0
0	1273
1155	0
31	64
316	1142
1	393
8	119
159	0
0	2176
48	2147
0	39
1	0
0	815
6	150
0	222
12	222
11	16
31	3
1	0
31	0
0	79
181	308
248	1
0	0
0	0
15	0
339	0
2	23
1	0
0	869
4	0
11	0
0	31
0	1066
0	1066
54	0
0	68
40	307
188	0
38	15
0	8
8	0
0	727
2080	930
1274	926
7	19
38	33
278	0
96	242
6465	7
0	450
367	21
0	34
0	0
0	223
18	223
2696	0
2396	0
1853	325
0	325
0	147
186	0
1	28
0	0
5872	4
0	504
0	495
69	104
0	0
0	0
0	0
502	517
210	71
0	0
0	366
1	25
0	86
0	0
0	61
763	0
0	18
0	0
4	0
240	0
9	3
0	3
3925	0
46	0
590	0
6	52
12	131
0	125
0	625
0	254
33	377
0	213
0	217
322	0
836	3
508	1956
0	1956
0	35
8	0
0	114
0	0
241	0
0	0
3821	6686
0	40
0	40
0	40
0	40
0	0
930	4
0	5
0	1
0	1
0	1
0	0
373	0
355	0
666	0
14	0
95	0
326	140
0	46
0	0
2468	298
0	297
5061	0
50	0
327	0
1	567
0	87
0	5342
204	1841
0	832
0	5
3	45
0	0
0	0
0	0
0	0
0	7
0	7
187	0
0	0
0	0
0	283
0	7
71	546
9	344
0	717
282	0
9	1
5	1
65	0
0	0
3	99
0	1652
107	136
0	1034
251	0
0	0
441	1
0	1373
0	1241
133	0
0	0
0	19
0	19
0	9
0	42
25	302
231	559
0	73
24	1872
101	1745
0	1725
484	0
0	69
0	80
0	41
0	41
5393	3
0	0
0	0
0	0
0	8544
23	7675
0	7881
24	0
0	0
0	73
0	394
0	351
0	0
0	369
1561	32
6	196
735	0
0	0
0	0
436	0
0	168
33	0
0	0
11	0
0	0
0	0
0	75
0	70
0	62
271	0
0	30
0	153
0	278
0	0
0	0
1801	0
0	90
0	23
13	95
25	95
1624	713
19	713
114	883
22	0
0	26
0	26
563	0
337	0
0	0
69	0
0	191
99	4
5	0
0	0
0	368
0	1380
0	892
5254	9794
0	9790
0	136
0	136
0	152
0	136
0	27
727	1
0	9
17	526
0	370
0	121
6	49
0	2
481	1
0	3492
27	511
0	153
1177	0
0	1
0	0
0	9
0	9
0	0
540	0
1205	1
0	0
0	0
0	0
0	0
0	0
0	1410
1	0
309	131
0	130
0	91
0	72
476	185
0	0
0	169
0	115
0	133
0	3
0	3
0	11
0	0
1060	0
10	0
15	0
18	20
0	0
826	0
0	0
0	121
0	156
275	0
0	1027
0	11
141	0
0	562
0	22
0	0
0	0
8	4
0	0
1	0
0	998
0	900
0	784
0	921
0	454
0	14
12	9
0	485
0	48
0	0
0	0
0	104
874	2566
66	0
0	4
681	0
13	161
2536	1
0	0
831	0
1799	0
91	0
0	0
0	0
1108	1
0	396
9	323
1458	0
0	1
0	0
0	1
769	0
0	0
8	17
1781	3308
2334	1
0	1777
0	1782
0	1600
0	885
0	143
0	143
0	175
0	21
65	0
63	645
0	192
23	192
2	1357
3	78
0	71
0	64
74	0
5	5
0	873
36	47
241	0
0	357
1247	4
3	132
560	0
0	3
0	14
400	32
888	0
227	1354
0	105
0	105
1	0
62	751
73	794
0	0
0	0
113	836
130	1518
0	901
479	482
0	71
44	0
631	3369
0	31
0	31
0	31
0	17
0	31
0	31
59	0
147	0
44	305
87	82
0	44
0	0
11	0
7	0
0	0
0	114
0	146
14	146
0	0
0	0
335	0
0	0
0	819
0	817
33	547
18	17
58	502
0	1
0	0
1348	638
0	638
0	102
15227	2
0	0
38	0
0	0
0	0
0	0
0	0
0	0
0	0
0	0
0	0
0	0
952	7011
264	0
0	27
0	27
114	0
119	0
0	0
0	1
0	1
0	107
0	82
0	10654
0	0
16	633
1161	0
6	863
79	0
328	2146
966	0
0	1261
0	0
0	1203
135	0
0	23
0	54
1681	2
190	217
0	4
0	0
51	868
0	868
0	328
0	516
78	3277
0	537
0	6874
0	43
0	43
0	29
0	47
0	34
0	63
0	15
0	55
0	13
0	0
2	55
66057	27
0	0
0	0
3	0
38	0
66	0
1	24
0	89
13	20
0	160
2934	0
0	0
0	285
1084	1430
0	1430
0	217
0	0
46	195
40	0
0	232
5	0
11	136
149	0
0	23
0	0
35	33
0	0
869	0
0	0
0	611
0	0
52	885
0	0
0	0
5	263
0	868
425	0
0	1
156	1
25	0
12	136
5	5
21	0
0	6271
11	291
0	171
0	1375
758	0
1994	293
38	293
0	14
18	0
20	82
0	787
0	805
9	402
0	402
22	0
1968	0
534	0
0	0
43	0
0	16
0	16
0	32
13	94
0	1281
1	3
0	542
5920	0
55	529
389	0
0	0
2476	0
0	82
0	1406
0	0
0	0
1815	4641
122	4641
0	58
0	63
24	0
0	376
0	36
0	640
21	499
0	501
0	509
0	634
0	584
5	642
0	592
0	262
285	0
0	2747
0	2791
0	2791
0	2480
0	2480
0	2373
0	2685
0	2534
0	2675
86	2702
0	536
8198	4
0	18
0	18
381	288
0	0
0	29
0	12
0	502
7	0
0	0
0	1987
47	0
171	0
1403	0
6	0
0	678
374	1498
0	1498
0	593
0	0
0	162
48	2614
0	408
151	485
1094	0
340	0
123	0
116	0
10	0
0	12
155	0
0	0
27	0
777	0
0	0
0	0
0	444
0	0
0	0
1723	1
4	0
5	0
122	582
0	452
10	257
0	118
0	9
0	9
0	741
0	663
0	1080
0	2
0	9
0	9
0	29
0	205
5	0
30438	10
22	52
3	0
0	0
0	0
0	0
0	0
777	0
523	0
48	1256
104	856
197	0
0	0
60	0
239	0
0	167
0	207
0	238
0	254
87	0
0	274
7	0
15	219
0	1
450	0
0	0
0	0
0	37
19	154
9	200
0	154
0	13
0	0
0	6
0	0
0	0
759	0
0	2217
84	2217
0	5
0	28
112	28
39	0
0	1
0	532
0	307
38	456
6	0
5663	2373
17	2366
0	0
0	52
0	503
679	0
10	4484
836	0
288	128
1291	0
24	42
0	178
1	2304
54	0
0	0
0	1979
69	0
12	37
0	8
0	8
0	1035
0	1025
11	1026
132	0
5	870
0	854
0	22
0	22
7	2
165	0
0	0
0	17
0	33
0	449
215	0
222	0
0	340
0	320
0	316
0	323
0	320
0	411
0	316
0	232
0	223
1576	3
1	58
0	0
0	0
0	1060
0	7
11	1230
0	5
0	5
0	5
10	0
0	632
157	0
89	0
48	162
8	31
49	0
0	46
0	0
0	0
27	0
4074	21
7	0
0	0
1	122
461	146
27	2007
92	0
0	0
0	242
0	77
0	77
0	77
0	14
88	0
31	150
0	1994
16	0
8	0
0	0
48	0
0	4
0	728
0	823
5	2542
2184	2542
40	570
56	0
0	2562
0	91
218	2616
0	2084
0	0
0	1164
17	0
0	933
0	121
0	37
0	0
0	35
488	0
51	1022
81	3955
0	0
0	0
0	0
0	27
0	27
0	26
17	26
0	0
0	69
1	23
0	0
0	0
0	23
450	1
0	0
0	9
25	211
0	4
1577	5
16	106
0	60
94	0
0	35
4	0
0	0
0	416
1	26
34	26
0	156
10	233
33	51
0	51
1	288
13	0
0	0
84	0
3	0
0	787
0	618
0	379
0	31
618	0
32	54414
4	15
322	142
0	0
525	0
554	0
433	0
151	261
0	1394
44	803
1063	0
218	722
0	634
17	61
14	29
0	10
0	10
0	10
29	0
0	26
0	326
0	471
255	3895
50	3881
0	3046
234	766
576	766
0	0
0	0
0	0
0	451
0	1137
16	815
0	684
768	0
5	0
184	0
0	229
6	0
2679	9
0	16
0	16
0	16
0	16
0	16
0	16
0	15
0	15
0	30
0	0
20	28
596	0
0	0
0	0
1412	0
0	1325
48	1325
285	273
0	289
0	280
25	2299
0	3066
0	269
0	20
0	20
1184	0
5	6
0	0
771	1
8	445
982	6339
6	45
236	705
0	0
417	0
0	364
51	0
0	90
0	0
21	5
0	1029
2	763
0	1087
0	8525
7	0
0	217
27256	11
4639	7
0	117
122	241
0	0
0	0
0	0
0	0
0	0
0	0
0	0
577	5510
19	0
4894	4
185	461
3578	2
13	346
0	0
0	0
0	0
96	1915
0	88
169	1260
0	0
2189	2
194	0
1642	1
16	0
0	0
0	0
0	46
77	0
114	386
231	0
0	1385
0	1305
0	0
767	3
0	61
2	0
11	0
6	0
4	0
1017	18726
0	4230
0	1712
31	1712
27	326
0	0
0	3
0	3
0	3
0	0
0	36
124	1077
331	718
0	36
30	429
0	73
17	429
0	95
332	631
347	1492
0	1171
14	19
0	13
27	125
35	0
0	88
0	88
0	88
0	88
0	88
0	34
0	19
0	34
0	493
0	484
0	947
0	351
0	0
0	655
819	997
0	0
1	13
0	12
0	12
5	2486
0	1066
35	0
0	2
0	0
0	0
0	6367
16	6817
80	0
0	105
0	84
19	56
629	5945
30	229
0	13
0	20
0	509
0	250
0	257
66	501
0	54
8	162
4	323
3	319
0	11
0	593
0	478
0	567
0	130
0	0
1742	0
13	9
0	16
0	0
0	155
30	58
0	191
0	159
0	166
5	33
727	0
0	0
186	63
0	0
112	1092
0	453
105	624
0	96
0	303
5	0
48	0
0	274
0	1499
153	0
211	0
0	0
0	45
0	75
0	64
0	216
0	1478
0	6
0	0
0	0
0	0
2	2447
10	59
0	0
0	0
0	20
299	299
161	1568
0	506
1	493
9	772
0	723
0	660
435	0
178	0
0	875
0	3
1106	356
636	851
15	0
2	526
0	22
0	348
23	368
0	285
0	322
0	399
0	416
0	202
0	0
0	127
0	127
0	9
779	0
17	0
0	2069
57	0
111	2412
0	0
88	0
3	0
0	4258
0	0
25	700
0	0
2012	5
168	902
2	0
0	3349
392	0
360	0
0	1
0	0
214	0
1588	2
762	4
10	7
256	211
0	0
579	686
0	92
218	1780
23	2067
0	2129
0	2129
659	0
11	0
0	1363
0	1205
0	1572
0	1409
0	1321
0	1283
0	0
31	319
0	319
0	488
26	439
0	185
0	373
0	63
0	63
22	170
47	1843
0	1843
0	0
226	0
1105	1454
0	1454
0	0
74	81
0	4
196	13
0	0
0	180
0	0
218	468
9	0
0	39
0	39
0	39
0	39
0	39
0	39
0	39
0	39
0	0
22	398
0	0
70	631
0	631
0	265
0	0
0	37
16	836
0	0
3	308
0	308
0	125
0	0
0	25
1278	3
3	71
8	2
64	0
0	322
289	322
0	322
0	131
20	139
0	129
0	139
4759	3
7	7
0	25
0	197
0	196
0	484
59	153
213	0
0	21
755	0
383	0
119	0
0	0
0	514
4	169
35	0
0	37
0	0
1575	460
10	173
0	7
23	0
0	0
3253	0
0	0
0	0
0	0
0	13
0	5
0	8
0	11
0	11
3	0
0	1397
0	1356
31	11
0	6
0	194
0	721
0	1342
16	76
4	76
0	0
0	23
0	804
9	0
959	0
0	59
8	0
0	79
3	84
0	0
0	0
1562	0
0	0
10	0
0	700
0	302
2	422
0	2312
16	2633
0	2137
0	1763
18	3212
0	3387
46	3052
27	0
0	336
0	31
0	4
0	0
0	1567
0	59
0	59
1340	0
142	0
150	0
0	50
0	58
0	5
1122	0
5	138
50	0
0	611
0	6
16	0
16	43
28	44
843	0
0	0
9215	8
0	91
0	0
32	344
404	1111
211	0
0	0
12	15
1	191
1109	1
0	0
0	780
0	598
0	316
0	616
0	325
0	5
0	0
19	0
0	1826
0	208
2691	0
0	15
0	12
0	18
0	121
0	16
0	0
32	0
75	23
21046	7
0	34
0	34
13	102
0	286
21	210
9	210
0	2568
1	55
295	189
925	2
8	1
668	0
699	4
0	0
0	416
36	416
0	416
6	137
0	0
8	0
37	97
0	2082
107	9
54	9
1515	0
113	748
0	1585
356	256
5	207
88	3
0	0
148	154
0	114
0	113
13	192
340	0
0	714
0	858
7	230
12	230
0	186
0	22
0	22
24	41
0	806
0	246
0	806
0	816
0	821
0	806
0	0
0	0
1260	6
0	0
0	25
0	0
0	0
0	11
0	11
0	11
0	11
15	265
0	269
0	269
0	0
0	37
22	3672
62	3252
0	3397
84	3106
0	3646
996	3646
0	944
0	0
0	13
5	40
24	250
75	0
310	0
0	141
933	0
0	0
0	0
226	986
13	986
57	289
0	289
181	159
0	150
0	174
0	320
0	281
0	208
0	176
273	0
0	0
679	0
24	0
290	1321
0	1369
0	1225
111	0
1301	0
644	1
1	886
0	160
55	0
0	28
226	0
0	0
0	0
2211	6
2	177
0	457
117	0
614	0
12	0
2367	15464
36	0
0	0
504	8
0	0
0	0
0	241
165	0
0	0
0	0
0	0
21	0
0	0
0	1416
40	0
2601	0
22	237
34	1392
447	2
0	4
0	1824
0	861
538	2
0	0
4	8
2788	0
54	179
0	179
0	163
815	0
482	0
0	0
0	0
0	695
0	0
27	99
0	0
0	0
0	17
0	0
1365	1
0	1854
0	1854
13	0
77	0
23	4164
0	124
0	0
220	240
190	1362
0	0
0	0
55	490
1322	490
78	0
0	124
5374	2
0	34
0	220
0	205
0	302
0	0
0	0
0	528
1080	0
0	0
1083	0
520	3
2	0
0	0
0	120
90	0
0	294
21	143
0	0
0	0
0	0
0	0
1281	0
0	0
3538	5
29	0
1361	0
106	2316
0	0
0	711
0	2548
7	2695
29	74
3	0
57	352
1	352
146	594
102	594
8	0
33	393
11	106
1	1136
0	28
0	2010
293	725
0	807
0	345
38	1386
0	0
11	0
56	0
0	0
32	449
30	449
0	0
0	0
2299	0
0	68
78	0
417	0
0	11
4769	1588
0	1586
0	1290
381	0
1	354
0	19
0	18
2	197
0	211
15	18
0	300
17	965
0	874
0	0
258	0
11	204
3	0
0	0
0	0
5	6
27241	17
0	771
0	913
0	0
105	866
1068	0
0	436
11	0
0	0
27	0
1512	2
9	0
276	0
0	205
0	205
0	205
0	3
493	5
0	4
178	725
2504	0
0	0
241	4863
0	4862
15	0
12	1
0	4976
557	9
0	0
376	0
0	0
0	74
0	217
222	0
1	101
119	101
0	54
30	0
0	450
0	1
0	0
36	63
0	55
0	62
118	0
120	0
0	0
0	0
0	0
0	226
38	603
1	255
0	0
0	0
1852	3
0	13
0	13
7	0
104	827
1853	1
33	382
0	382
2	382
22	0
506	3
0	0
232	286
0	0
0	791
0	1209
0	940
0	918
1921	2711
0	2711
504	4
0	381
930	199
0	199
0	0
199	0
33	0
0	32
1189	0
0	0
0	1149
0	0
0	0
478	0
6	2025
67	2025
449	1
9	847
0	0
111	1
58	1195
17	1195
0	35
0	780
125	1153
0	0
12	0
0	231
292	0
93	1
88	192
0	0
0	0
0	0
0	38
0	0
0	0
0	0
0	529
11	529
11	319
41	319
145	18
91	6519
702	6519
18	395
55	384
0	0
77	24
0	24
88	446
0	0
0	197
0	312
1	218
61	0
0	363
0	37
0	37
190	314
0	1989
0	0
12	20
1315	0
0	1107
0	246
0	24
0	0
160	0
0	533
3207	3
0	334
25	0
301	0
0	5
14	75
0	14
0	569
530	514
0	514
5	694
0	776
0	345
554	0
0	145
0	20
7	121
8	0
0	34
0	32
0	34
9	0
10	0
228	1222
0	1222
0	0
32	0
1273	2
0	0
25	189
101	34
8	1394
219	343
0	0
1151	2
205	22881
1209	22881
8	175
0	671
0	0
0	20191
0	0
0	438
0	1128
0	999
0	7
11	0
139	188
0	231
0	95
0	272
0	265
0	265
0	56
0	2
0	16
0	0
18	0
17	23
141	0
0	619
2847	0
0	94
15	94
125	644
0	0
0	0
0	0
64	472
76	472
197	0
2	160
0	91
492	0
0	0
0	12
0	12
0	1298
0	1080
75	0
0	0
0	190
1351	0
0	4
277	0
95	108
55	0
27	0
1	1337
0	0
3153	182
0	182
1145	0
345	0
60	0
15	197
0	58
0	0
154	0
2	80
0	18
0	0
0	0
243	0
70	17
0	8168
295	1
497	732
0	693
0	727
0	700
0	596
0	0
0	29
0	15
0	29
0	29
0	15
4	0
0	0
4	60
0	0
0	0
0	0
1716	0
0	0
843	0
0	47
0	0
0	0
0	0
2085	0
1241	0
0	0
0	0
0	0
0	0
0	194
23	63
0	0
0	0
583	0
0	0
0	207
0	230
0	222
0	1
0	756
0	0
0	105
0	90
0	1078
76	43
11	43
0	636
336	4543
0	288
1539	4
8	102
12	0
0	2
437	0
0	78
8	0
204	0
0	28
62	0
0	40
0	13
0	13
0	13
0	6
0	39
16	2
0	0
0	0
2004	2
568	4
0	0
66	123
0	59
0	118
9	118
0	0
0	0
87	0
135	257
0	147
97	677
0	124
0	0
69	0
0	0
4	0
19	935
0	935
12	54
0	247
36	271
4891	1
0	2
0	114
532	0
465	0
370	0
0	943
0	657
0	793
67	272
0	0
61	984
0	26
13	91
0	0
0	0
6	2
0	1
23	0
0	2589
35	0
57	1
13	2
39	175
821	2030
198	2030
0	15
0	569
0	23
343	0
15	0
0	1
501	0
1660	0
0	0
7	39
0	0
3000	0
7	0
0	13
55	13
16	0
247	0
109	0
0	0
80	1203
72	0
0	7
264	692
0	0
0	3521
110	2618
0	1416
0	16
442	908
193	732
0	732
14917	5
0	0
0	0
249	0
0	0
11	364
0	675
0	171
0	6
0	537
0	0
5	0
0	1505
0	950
0	988
0	760
0	0
0	0
0	46
0	46
172	287
21	127
790	5288
28	5288
264	122
236	0
520	0
0	0
0	0
50	0
0	0
2675	0
0	14
0	14
89	646
0	0
0	48
1	0
14	0
119	3491
57	3491
16	2
451	0
118	87
824	0
0	0
0	0
0	0
0	0
0	0
0	0
27	688
679	11213
77	11213
0	31
93	0
0	14
53	0
0	1
0	7
0	0
0	0
0	0
0	74
0	3
0	3
1888	1
15	0
0	0
3	0
0	20
27	58
0	394
0	392
0	1188
0	1214
0	0
0	0
307	87
0	87
0	1287
0	1483
0	43
50	0
66	170
0	318
62	178
51	2
0	155
2181	0
0	1081
0	38
77	38
0	1576
89268	29
733	0
0	0
0	0
0	823
80	2539
36	2341
49	32
0	2
0	0
33	670
0	670
52	548
75	970
75	970
0	908
20	401
8	580
0	580
2	1
0	912
0	945
0	845
0	845
156	172
19	0
0	0
0	13826
2	32
0	89
0	0
0	0
0	0
0	1966
62	0
23	844
0	37373
1	38191
0	40734
0	0
30	222
231	270
0	3365
115	0
5	0
21	985
158	15
0	560
145	496
188	496
0	132
0	0
0	15
6527	0
0	3
59	0
529	2
1299	1
84	163
5	99
60	99
0	271
0	121
12	103
0	433
34	433
0	8
168	0
8	0
0	1935
0	0
184	88
0	112
0	105
0	3347
0	248
0	135
24	135
0	121
0	0
151	1
41	807
20	807
10	807
0	0
1	32
18299	9
0	2619
0	664
0	7752
235	1959
127	216
2	0
0	101
88	74
1	47
0	76
51	251
68	251
0	0
4778	2
0	43
773	0
5	1297
17	0
0	287
58	305
0	2500
21	0
6	5
0	327
0	5
0	5
0	0
2524	0
0	0
5	61
5	195
0	59
0	0
52	181
26	181
1502	2
0	0
0	0
0	0
41	578
24	638
0	558
0	0
0	168
10	0
0	0
10	22
0	1046
0	0
0	26
0	288
8	177
59	161
0	152
0	0
310	0
4	0
1931	0
50	0
3159	0
0	73
0	10
0	3
0	17
7641	4
0	72
0	187
0	159
0	0
0	0
115	350
7	21
2189	197
0	0
0	31
0	28
0	1404
0	1404
1	1464
0	678
0	1236
0	860
24	0
0	0
2	65
0	244
45	244
386	0
42	0
7123	8
0	1298
50	461
0	0
0	21331
0	4935
13	380
49	380
39	0
67	290
63	686
0	686
36	0
91	0
0	0
0	0
29	1513
0	455
0	132
0	150
0	1001
0	0
752	4
19	0
0	0
0	505
0	63
0	0
0	0
107	813
30	15
6	0
0	0
0	16
0	16
0	391
7	42
0	254
0	0
0	165
0	165
0	6
1031	0
0	989
273	0
90	0
1	719
17	16
8	0
0	320
0	184
0	198
0	0
12	25
0	25
13	24
50	52
0	108
163	0
0	151
541	151
87	35
4	0
55	0
0	0
6	118
0	477
433	0
2025	0
0	2410
0	2349
0	2077
0	2322
0	962
86	831
0	810
0	840
201	1373
0	109
221	992
150	0
15	506
0	0
26	0
28	104
0	0
359	23
1	0
90	3
0	0
0	0
2	60
0	0
0	58
0	16
3	0
13	20
0	0
0	482
0	0
225	4385
0	4385
0	22
0	0
512	0
0	261
0	189
0	174
17	0
3172	12143
0	12143
0	194
34	9
0	289
25	0
0	25
0	354
0	365
0	5
5	199
0	17
4	0
1	5
720	0
13	3337
159	251
32	803
0	753
52	72
111	0
0	0
26	58
1	0
149	937
315	1625
15	0
75	241
11	0
0	4892
4228	4899
0	222
3	205
0	49
14	404
12	404
0	489
0	689
2240	845
0	889
0	723
0	5
0	3
0	3018
0	0
0	0
0	1401
0	942
0	1013
1	1059
710	0
1129	0
0	0
57	0
0	69
385	5
220	2515
4	32
0	803
0	0
49	3
2	0
0	0
0	39
0	86
0	199
0	144
0	192
0	199
0	124
572	0
35	0
0	70
1	28
0	0
38	445
0	8
0	200
0	1443
0	0
0	8
4	56
373	1499
446	2450
0	0
158	0
0	52
5	32
1	0
0	0
0	17
0	0
0	83
457	827
0	0
0	0
0	0
0	0
0	213
14	8695
0	9398
0	419
0	910
78	362
1095	0
0	0
3184	1
189	320
2766	4
13	166
0	0
445	0
0	976
25	338
3	776
0	697
0	2478
4	2486
114	2608
0	2473
0	2595
0	727
117	214
0	75
0	25
0	24
75	1586
0	1587
352	0
0	6
0	0
739	0
0	0
121	1296
32	69
0	935
0	874
0	887
1726	0
1	0
123	320
12	72
0	56
31	315
0	302
0	340
0	352
0	352
0	320
42	203
0	3
4	0
0	0
62	216
0	436
385	0
80	480
0	85
0	19
0	636
142	1078
0	824
3	809
0	6
1718	0
0	0
59	694
1446	0
571	4
0	393
35	732
0	732
0	0
0	31
0	419
0	38
541	813
0	156
0	582
169	531
0	1776
12	1
93	0
117	0
21	0
0	675
0	167
0	194
0	0
0	0
0	0
0	261
0	723
0	11
0	436
0	373
2	8620
0	8566
7	269
0	269
3	0
0	0
0	8
3442	0
99	699
343	0
941	0
0	701
0	478
6102	3
436	0
324	0
0	966
4	0
0	0
0	0
53	450
0	968
0	723
0	125
224	0
37	0
217	0
0	0
0	0
21	313
0	1242
287	1242
92	561
7	0
0	0
0	99
45	0
0	29
1245	0
82	0
0	0
0	0
36	471
0	462
0	380
12414	15
379	0
0	8
9	1
0	64
237	163
0	580
0	580
0	279
4598	0
18134	8
509	93
2	1139
52	1139
4	62
26	62
0	410
0	0
0	65
102	0
0	4
8	179
0	0
473	0
0	33
10	0
0	1500
0	13
4478	0
0	951
0	728
0	0
74	547
2050	9
128	0
1	19
0	2
0	0
342	0
44	638
0	0
0	0
0	0
1715	0
0	0
0	0
0	0
0	110
220	0
0	0
0	92
0	227
0	138
0	1766
63	0
0	509
11	539
11	534
50121	51013
0	34389
1	52230
1081	14861
0	107
1935	5
0	5
0	551
0	0
51	0
0	0
0	0
0	256
0	558
0	185
6	219
0	57
167	0
0	94
0	94
0	0
0	0
0	135
0	2521
0	0
287	0
49	154
0	92
0	756
0	297
0	1463
0	3
222	4653
8	4653
0	2536
2901	4
483	0
0	13
0	20
0	25
0	25
0	32
0	32
0	32
0	32
0	39
0	20
7965	5
0	0
0	641
0	461
0	226
0	463
0	0
983	0
0	264
0	388
0	264
0	390
62	896
30	242
846	0
16	121
208	292
0	292
155	920
2400	780
4	779
1039	2494
403	2494
0	0
0	1109
0	2387
46	2387
53	483
0	1689
88	0
182	0
0	0
453	0
0	56
279	0
44	102
1329	67
0	0
0	51
83	361
351	0
5	107
0	0
230	0
0	17
0	1
8	135
21	135
0	0
0	0
0	0
31	0
0	0
0	0
0	521
70	29
0	0
0	72
176	0
209	0
0	228
0	46
9	26
14	0
0	1
407	0
0	236
0	635
0	0
544	0
1626	0
0	74
0	0
114	0
52	66
118	170
105	0
0	65
0	242
0	659
0	1572
1401	0
808	6
22	48
88	10
0	0
44	4
0	18
24	0
0	8
0	9
6	34
0	0
233	0
0	193
0	293
2	67
0	19
0	145
0	153
3216	0
0	0
0	951
0	728
0	0
21	224
0	144
0	90
0	92
245	2477
0	14
785	0
0	0
0	0
16	1200
0	1155
0	1217
0	1261
0	385
0	138
180	841
38	504
6	532
88	125
0	125
0	299
0	362
0	457
0	348
0	0
3	3
268	0
0	52
27	68
0	13
0	25
18	107
0	0
0	0
0	231
14	231
0	48
0	48
0	1219
0	123
0	0
0	0
53	0
20	154
0	154
0	1331
29	1327
0	1224
22	83
182	49
100	0
0	0
0	0
30	0
81	3697
84	3697
13	0
700	7
0	8
29	193
70	0
477	0
213	364
125	935
0	0
9	19
0	208
0	267
0	63
304	0
0	278
0	659
0	675
0	215
0	163
6	62
0	163
0	68
0	0
0	228
0	68
19	190
0	68
14	0
991	22
0	0
401	0
0	0
0	6
173	943
0	885
1	2208
0	2072
83	514
5005	7
0	614
0	220
5	224
0	224
0	220
27	194
0	0
123	1484
0	8
0	8
3554	2
161	454
0	380
649	237
7	62
12	153
101	463
0	0
25	13
1161	1
0	1201
0	20
357	1686
102	1143
490	0
598	178
2	0
19	276
0	109
0	109
0	52
1072	2447
298	2447
466	0
0	253
0	862
0	709
0	63
0	0
0	21
0	26
0	37
26	510
0	171
0	0
383	0
0	224
38	352
2	352
0	54323
4846	54323
0	327
84	0
0	90
945	0
146	0
0	0
2109	0
1	0
0	37
0	26
0	28
3682	351
0	180
0	0
0	3173
0	0
0	0
2	12
0	0
67	50
0	16
0	687
155	2404
0	2179
3	32
0	1373
0	485
0	29
34	29
0	0
6	402
0	360
0	76
0	1
0	1
0	315
0	299
0	266
0	9
0	559
295	2621
88	386
440	0
305	0
210	0
60	46
335	0
803	0
0	0
766	0
73	4
0	0
0	0
667	0
0	0
0	0
0	401
29	0
1	0
1	1
225	0
17	75
0	8
0	8
0	0
0	0
12	34
104	1151
62	0
329	1458
51	113
23	218
0	218
0	294
0	334
0	2733
0	2042
24	11
0	0
0	0
0	0
0	0
0	0
8	1
0	0
0	0
0	0
0	0
0	0
0	0
0	8276
0	8314
236	7703
0	7927
23	418
0	46
0	0
48	793
0	0
0	1
1108	0
2080	1288
0	1288
0	0
0	0
0	809
0	735
0	150
0	150
198	0
147	0
1	209
2443	0
0	178
6	185
170	30
45	1469
93	375
37	375
0	191
0	835
0	857
137	86
0	6260
98	0
1	169
0	651
928	0
0	379
2827	0
0	0
174	0
2704	2458
0	2454
0	392
0	0
26	0
42	0
7	777
0	753
0	33
25	430
74	349
1	0
3	0
4981	0
0	0
0	829
10	134
0	134
0	0
0	0
36	0
0	129
0	139
0	168
1	24
0	105
1	0
0	15
0	7
189	0
22	163
0	0
0	0
0	21
1	134
8	0
144	0
0	1
10	8
0	253
0	0
0	4548
0	0
116	0
786	1341
82	1330
581	3
70	0
1587	1579
3749	6
1038	0
0	80
4	73
0	91
0	81
0	753
53	92
0	92
0	639
15	0
3	0
128	14
0	21
12	0
1242	6209
9800	6211
0	0
932	0
0	0
3	1783
2	0
0	0
0	0
0	1729
0	0
1427	0
0	0
128	0
1916	0
157	0
155	0
1126	0
6	12
2	12
172	880
4296	5
0	0
0	4
808	0
0	0
0	206
59	207
0	207
0	205
0	0
0	5
0	5
0	5
0	5
36	0
0	119
87	119
402	0
1	523
22	729
98	421
0	250
246	0
502	5
242	0
0	2167
0	521
4156	521
0	17
16	17
1375	534
204	534
101	195
0	195
33	31
0	0
0	65
0	361
37	0
0	12
0	12
0	15
0	25
104	0
2	63
22	80
116	1
1	2
2	749
0	0
0	0
0	7
24	534
975	0
100	0
19	68
0	73
0	73
0	73
0	50
110	299
2412	0
475	0
25	63
46	63
10	19
1309	0
18	104
0	1344
0	1535
0	23
8	639
0	571
0	558
0	536
0	549
6	207
0	192
360	0
4	5
28	0
200	1940
0	1
0	0
844	0
0	0
7	114
0	0
0	0
1939	0
103	0
0	1
0	1
0	17
0	13
0	12
0	12
54	137
4	2006
5	327
0	226
0	120
58	0
0	39
0	0
635	1610
100	0
13	11
59	2712
0	2712
6	2712
0	0
6	156
0	156
0	132
0	40
11	0
0	249
0	0
89	0
70	0
28	864
0	0
0	0
141	0
0	0
648	1
0	17
0	146
19716	2
732	0
0	0
0	281
256	0
2089	0
0	0
482	3
39	0
149	2895
20	2895
24	823
88	823
0	0
0	0
0	0
0	1234
137	0
0	0
2269	3
0	740
1	0
0	29
0	18
0	13
47	278
0	209
0	5396
0	2763
4	46
0	32
163	1721
0	2648
0	1789
2	0
0	207
739	3817
0	158
0	0
223	5
1	1
114	881
0	174
0	174
0	0
69	0
200	0
0	2
1214	0
0	188
0	0
0	0
4	0
45	180
0	0
0	1236
215	1580
0	0
16	38
39	146
0	384
0	66
62	0
7	689
0	10
77	131
3946	1
19	0
81	0
0	653
9	13
0	13
0	11
6	32
0	0
47	1270
0	1266
0	0
103	0
0	22
15	87
0	0
4	0
6220	1
432	0
38	0
538	2229
0	2229
293	686
0	14
1889	0
8942	8
0	0
0	0
77	235
64	909
574	0
8	14390
423	15369
0	5443
0	35
0	0
0	58
0	58
27	62
0	0
0	0
33	0
0	0
7	32
11	138
43	203
3097	0
3140	5
13	0
0	0
8	32
20	33
508	0
0	28
0	148
47	196
37	271
26	5
0	10
0	295
0	284
3	374
27	0
191	0
681	0
0	0
298	824
0	778
0	15
0	110
9	0
0	180
29	180
1355	1192
0	1191
226	0
0	20
0	20
1071	0
0	0
0	20403
0	0
0	0
1904	1971
0	1867
149	1878
0	8
0	8
0	80
0	95
0	126
9	80
0	17
0	25
0	162
0	250
5	75
0	0
0	0
0	612
1	73
0	0
0	0
73	0
178	0
378	0
0	329
10	182
512	182
46	873
100	720
244	239
0	730
513	0
0	2931
0	9
35	114
0	651
0	0
0	299
506	0
2316	0
805	0
4	1296
0	5
26	110
0	110
0	37
89	0
10	958
65	5
0	0
323	0
0	183
0	298
1	0
0	863
2710	1709
0	1606
7	18
0	206
0	7
9	0
0	33
0	36
0	163
372	175
28	0
345	0
0	0
0	298
0	302
0	302
0	296
0	296
0	738
21	0
0	2037
21	0
26	0
0	520
2	24
0	24
0	14
0	23
0	0
0	0
1593	3373
0	3258
0	2278
5	1189
0	1553
3291	6
1	880
0	119
849	0
3	0
3516	14
0	323
6421	4
0	0
240	0
0	7
0	395
571	534
2	534
11	0
0	2
586	0
0	19
4458	2
868	0
0	576
12	100
7	100
353	0
558	0
11	270
0	1023
0	0
34	6
17	0
0	142
0	928
18	920
17	72
0	0
22	12
65	636
0	636
18	112
940	0
0	24
0	28
8	141
850	0
0	0
0	0
0	0
1	97
1428	0
0	7
0	5
53	0
0	5144
0	0
0	0
0	329
0	329
0	306
0	0
152	0
9	0
17	0
0	0
0	0
0	8
1	176
0	428
165	4296
0	4296
53	223
12	0
0	0
4	296
0	0
1667	1
0	326
0	326
0	31
181	0
49	206
54	943
726	0
75	134
0	250
24	0
246	0
83	533
0	533
0	2232
0	448
0	643
0	69
379	0
0	10
0	10
1	5
0	0
70	203
0	164
0	164
0	164
0	244
79	395
0	395
233	131
0	2
23	90
0	68
0	52
208	1024
0	22
293	68
1109	0
2	3
0	3
6	0
262	0
167	0
4	45
12	45
0	3
162	0
1	0
0	0
5	105
0	33
0	54
0	0
25	0
0	66
0	66
0	4526
26	0
0	114
1	115
0	115
0	115
0	114
0	111
0	0
145	101
0	101
0	576
638	0
45	0
54	0
211	0
0	0
10	88
3	0
0	832
0	119
64	0
0	2187
92	0
0	719
40	0
608	0
88	101
194	0
4	677
7	0
16	1057
0	1251
113	947
42	1141
359	44
0	44
0	0
1376	3
0	0
11	152
0	5
0	15
48	19
0	19
866	2
636	0
0	28
0	194
0	63
2	11
1	0
0	0
1	15
80	1439
40	1439
0	0
0	0
10	140
24	0
421	808
21	820
0	712
5	0
0	1
0	27
0	1024
48	1196
0	1202
0	69
17188	10
0	125
0	1089
0	1976
0	1538
0	1115
47	765
13	776
0	182
0	683
27	173
4	0
0	129
0	111
111	0
9	0
94	896
0	896
0	712
0	174
435	5
190	0
5	57
0	25
0	24
0	5
24	768
0	768
0	39
0	53
0	33
0	35
0	81
0	130
0	26
489	0
0	982
23	982
144	0
167	82
9	63
2	0
791	96
0	0
0	0
88	28
38	80
105	193
0	38
266	0
5	0
37	254
0	5
0	3
772	0
616	437
20	434
91	3361
0	4308
0	4266
0	4236
99	4414
11	4236
0	0
6	0
0	0
0	0
356	0
0	595
63	28
267	0
106	2848
157	0
2330	0
0	0
14	0
0	1286
0	199
133	1614
0	1296
0	161
0	16
0	16
0	16
0	16
0	16
0	16
0	16
0	16
40	0
0	0
3	1122
0	273
0	0
0	19
0	19
0	46
6398	6
314	0
1828	0
10	315
0	315
0	0
8	183
0	183
183	30
0	2277
0	2277
2	18
4354	0
4	0
0	273
3015	2
0	0
0	0
44	0
177	928
786	0
0	0
0	0
0	151
0	151
0	0
4	0
1077	0
0	0
0	0
0	3
0	3
1019	0
1	30
214	694
39	502
0	0
23	2528
173	2528
1511	0
0	0
0	0
0	9
5	10
10	0
655	0
329	1215
0	930
216	227
0	286
86	0
1376	0
133	0
842	0
8	4
2810	0
0	0
0	0
0	0
0	1604
78	924
0	1612
648	1062
0	1286
0	0
2231	0
0	132
0	156
0	966
620	1
0	25
582	25
6	0
29	16
9	378
0	36
0	7
0	6
444	0
1755	0
868	833
60	833
370	0
63	380
0	363
7	0
69	0
0	495
0	186
989	3
0	0
0	0
6	0
0	0
0	0
2730	1
0	161
0	179
0	460
91	564
15	87
36	334
0	8
1	561
1735	1
0	0
32	0
2	23
0	0
0	356
44	1905
169	1905
0	0
0	0
0	0
5	0
53	0
0	0
105	0
0	0
64	435
0	0
0	0
27	1044
10	1016
0	17
0	1334
0	28
0	21
311	791
0	72
1543	0
0	252
140	2770
51	2769
54	0
26	0
0	17
309	0
0	47
0	0
0	7
41	382
0	0
4	98
714	0
1865	0
609	786
10	741
261	0
0	0
765	1
0	0
0	0
94	0
0	0
0	0
396	0
73	2899
0	1529
18	0
1983	0
800	0
877	2
57	7
0	7
0	1108
3	0
0	0
117	0
4928	1
3	45
0	0
0	1
0	1
0	404
0	0
6	19
0	88
10662	10
0	0
233	0
0	0
2	63
7	497
0	497
11	0
0	11
0	11
18	0
0	0
56	0
0	677
0	124
0	124
0	0
0	0
214	0
494	0
0	45
0	0
0	4647
0	4647
184	0
7	0
0	0
255	912
0	912
4777	0
43	0
0	938
163	641
0	147
0	0
585	0
0	4
69	0
750	0
0	0
0	0
0	0
0	0
319	0
44	0
0	0
292	0
0	2262
0	240
0	239
7	200
0	108
0	211
0	108
0	93
0	78
0	76
0	1736
10	0
0	0
0	0
72	282
22	384
0	17
0	17
0	962
0	5
11	0
0	0
0	0
170	0
16	246
0	246
31	59
49	19
0	1
7	115
670	3
1153	0
0	0
0	0
106	0
0	0
0	77
57	77
46	0
0	0
12	904
178	0
191	850
0	444
0	0
0	544
0	645
0	544
0	645
0	491
0	645
770039	672
1003	0
863	0
0	30
10	30
0	601
0	119
0	35
0	35
0	30
0	22
0	27
0	1
220	0
0	842
0	646
0	736
0	598
0	669
0	0
0	2
0	37
0	404
3	45
0	42
0	138
0	126
0	116
135	696
0	248
5	0
0	13
0	0
0	0
0	3215
0	3215
5	2894
0	2696
7106	0
108	0
0	148
51	340
0	672
0	833
0	387
0	688
0	4263
49	45
128	149
293	149
0	142
30	0
106	1104
0	0
0	210
46	0
400	0
444	0
0	2112
7	30
0	53
0	101
0	13
0	0
0	2
368	0
35	11
82	488
3	0
717	0
1751	6
0	101
856	0
528	0
0	617
0	556
0	617
0	586
201	12
0	11
9	593
59	279
26	253
489	0
0	93
7	0
0	0
0	0
0	2164
0	1927
0	195
143	0
0	45
4	0
0	1199
105	1199
0	30
3832	0
7052	9463
0	9462
6706	3
1	72
0	0
27	341
1	0
81	0
0	107
1014	0
1034	0
216	1
0	11
0	0
255	0
3659	1
14	20
0	0
0	764
30	217
204	0
8	412
66	95
0	409
0	89
24	47
287	1733
51	0
217	453
400	1808
96	0
0	403
26	902
795	0
71	0
50	36
0	36
0	0
374	2
72	5
0	313
158	0
0	41
0	633
166	2472
131	2472
81	260
0	0
5772	10
1274	0
83	790
102	1530
34	1512
0	0
3	0
0	260
0	0
16	0
22	1160
0	1218
0	913
0	0
0	2287
0	42
220	1115
0	9056
0	0
0	50
0	0
5	0
0	0
7	0
121	0
0	42
0	0
38	184
0	447
0	0
10	95
0	93
0	91
0	270
107	0
0	58
0	8
0	8
0	505
0	298
655	0
0	93
0	318
0	318
4	376
21143	11
0	7
42	154
81	9
0	40
575	0
0	66
0	66
0	63
0	0
1095	0
189	3320
35	3286
34	3327
0	118
74	0
0	191
96	0
0	215
0	186
0	186
0	0
0	0
3	0
0	314
0	44
0	58
0	530
0	6
0	0
0	8
0	0
0	0
46	0
0	0
0	236
3	209
143	0
62	0
55	383
0	15
284	45
0	45
391	0
117	0
0	76
17	61
58	109
281	3410
0	3407
0	5023
2	0
0	0
0	0
460	102
0	0
0	45
23	230
0	19
1873	0
1654	4020
0	4020
1413	0
0	95
4	648
141	1565
1	0
0	0
54	786
332	1
31	236
0	96
0	96
0	94
0	11
0	800
0	721
0	0
172	0
0	7
0	7
0	7
39	111
159	456
282	0
10	561
18059	31
1227	0
794	0
187	166
0	166
0	336
0	79
0	27
5	0
0	166
0	0
0	0
7	33
0	33
0	77
0	77
0	69
0	0
0	34
0	7
0	0
19	241
0	0
0	166
5	315
47	315
0	190
132	0
0	528
778	4
4	0
64	2
61	9
12	9
3	5120
0	677
63	4852
0	0
24	0
0	129
1	11882
29	0
0	8
0	525
0	536
0	533
0	1
0	0
0	530
1719	0
18	25
0	0
9	0
75	1
0	943
0	0
8	7
0	0
0	0
17	0
0	114
19	86
5	114
6	0
0	25
0	34
0	30
0	5
359	700
95	0
0	1512
0	0
0	35
0	3
0	12
6	59
84	0
56	0
0	399
84	66
0	902
0	897
0	31
0	0
0	706
1361	5733
26	5732
0	1654
0	152
0	270
0	48
0	76
42	2574
521	0
0	61
0	106
0	1036
0	38
0	316
0	0
0	282
0	0
0	10
0	309
0	0
0	2693
90	2579
24	2604
38	2516
1	1096
0	485
36	485
0	274
0	85
80	0
0	1379
2	3006
265	3285
753	0
7	0
154	189
0	0
45	1
0	836
0	698
9	839
6	842
5	390
2	43
21	0
104	0
62	272
0	0
0	208
105	0
25	335
0	1138
105	1
0	0
0	0
0	0
0	3531
12	3522
28	3253
2	419
0	382
0	382
79	721
38	11
40	11
31	8
0	0
0	3717
60	4109
0	0
40	271
138	1706
10	1643
277	1560
0	685
131	369
14	447
0	312
161	0
0	119
0	384
5	38
0	266
142	1075
0	35
0	35
0	119
0	4
0	1
0	1033
0	843
33	1487
10	0
87	43
0	356
0	353
0	288
0	1
231	566
14	143
0	494
0	296
0	0
9	188
2525	1
0	0
0	8
0	33
0	33
0	0
0	436
0	0
0	75
549	522
0	522
0	13
67	7
0	0
0	200
0	0
0	0
0	196
127	0
0	61
0	352
278	871
0	0
0	12
140	0
317	2814
9663	24
0	0
0	0
0	463
0	86
125	1051
371	0
0	6
428	0
0	0
0	5
0	5
0	5
0	45
1	25
0	45
0	40
0	40
0	89
0	64
0	17
0	77
39	159
0	795
0	7
13	0
449	0
0	0
0	11
93	0
106	388
19	0
71	604
0	39
106	0
0	127
26	0
0	426
21	0
27	302
0	0
241	0
1808	1
0	0
0	0
0	0
0	115
7	0
0	90
5602	0
19	0
0	0
0	918
79	0
0	145
20	230
10	0
0	0
34	1068
63	1068
0	0
34	1351
1210	1351
5	155
142	155
197	0
3	0
0	0
0	0
0	9
34	383
779	147
4	1797
40	7436
36	426
0	0
0	0
41	0
0	42
628	0
0	0
287	0
0	0
31	358
26	358
0	0
0	0
0	0
0	0
0	0
0	0
0	0
0	0
0	7682
0	0
0	2
0	23
0	23
0	0
0	0
0	2800
0	59
0	2839
1	2844
823	1381
0	0
285	174
11	174
0	0
0	297
0	0
0	1
2	12
0	0
258	0
51	0
0	23
0	23
266	0
0	4801
129	4803
56	2495
0	855
0	2520
0	2636
0	0
0	0
23	0
0	19
0	0
0	0
1454	5
25	0
0	0
138	0
1018	0
972	3
8	5357
55	0
0	0
0	0
0	0
0	0
0	0
1	0
0	159
0	159
0	0
63	0
4	0
0	0
93	408
0	245
0	0
0	0
0	0
0	0
0	69
8	69
0	0
0	5
0	79
3	0
0	0
0	0
13	0
22	16
144	275
3	0
4	0
0	64
0	64
0	0
10	6
0	52
0	51
730	242
0	242
0	36
0	12
0	12
0	12
93	1298
0	85
0	332
290	351
0	8
4	0
0	0
0	2685
3	0
0	1492
0	945
190	3
0	742
0	0
174	0
490	0
0	711
0	697
453	0
0	0
0	0
26	3
0	0
145	0
4	3
0	444
665	638
0	0
7	0
34	177
0	247
0	0
0	0
0	347
0	0
175	13066
1760	13067
0	11480
5	60
0	397
1441	399
0	0
16	863
0	0
13156	1270
0	1261
798	0
2	0
5	2
0	2
0	0
43	0
0	72
0	0
0	0
110	256
0	46
850	0
707	1689
14	0
17	1260
0	1260
2699	761
0	0
81	75
16	0
0	2889
0	2026
0	1
0	406
286	0
0	0
33	24
4797	0
0	0
0	0
663	0
0	1
0	0
317	2038
6	97
1836	0
105	164
132	0
1151	11595
15	0
272	0
0	0
27	210
0	210
36	0
0	0
13	7
0	0
548	1
0	306
0	279
0	238
0	315
0	279
0	185
0	85
0	43
0	43
503	0
0	0
0	247
42	247
24	3557
0	3557
0	37
29	0
39	0
202	0
6	56
175	6048
105	6044
8	6056
9	6004
358	5932
0	12
0	12
0	12
0	12
0	12
0	17
34	0
1	344
0	358
0	358
0	350
4	677
0	669
0	599
0	659
0	6
19	0
0	1718
28	46
1	51
6	0
0	376
0	370
0	376
3	235
74	356
0	0
1331	0
0	2146
121	1121
258	0
1	3
5	5
1	0
6	0
0	2833
151	2916
0	156
0	0
0	0
3	0
1300	5
0	0
0	11
0	11
47	930
0	424
0	408
0	424
0	401
15	391
0	391
0	334
0	391
25	0
906	0
294	229
0	229
31	0
152	127
0	1167
16	1167
0	323
349	0
0	933
0	0
280	859
0	0
637	0
76	0
0	4063
0	4063
1142	0
2	552
0	18
1128	0
52	1
0	0
0	0
2101	0
23	248
3295	0
70	0
458	0
298	0
10	0
6	10
0	10
114	0
0	0
0	0
533	0
11	478
802	0
0	312
0	312
0	308
0	306
220	0
226	2
668	0
0	0
44	78
0	1443
50	503
0	503
21	0
3	0
107	83
0	83
625	0
21	27
157	0
0	410
420	0
938	2
0	360
0	0
0	3
8	0
68	1152
8	239
0	12
0	12
188	2057
469	2057
34	0
30	0
0	3
50	0
0	0
4	0
0	0
1216	913
0	913
84	0
943	1
0	0
0	0
0	19
0	200
0	200
14	190
1510	0
0	91704
0	0
449	367
0	367
0	0
0	95
0	220
0	93
105	402
0	402
64	0
53	749
0	185
0	185
10	317
30	226
6	104
0	0
0	0
0	16
0	0
0	192
309	1
0	603
43	603
7	18
5	54
1	54
0	85
0	248
1388	0
3	495
22	495
2800	121
1032	0
0	0
5	10
0	10
0	184
208	0
17	0
0	0
111	0
1	0
597	1151
0	0
82	6
0	0
61	85
0	85
147	3535
19447	10
1325	0
16	1075
0	958
0	445
14	0
0	460
0	273
48	262
0	185
0	0
0	11373
29	19
30	39
0	29
0	26
4530	15697
0	0
403	0
1	4052
134	3894
0	3904
0	1697
27	0
14	0
3	0
264	160
0	160
0	765
143	14
410	0
0	187
60	187
39	0
0	22
390	1250
0	1250
84	0
859	0
751	0
0	1142
0	1140
0	0
253	0
0	11
0	0
30	166
5	460
10	548
498	0
21	0
148	1174
7	1174
1	0
5	558
455	619
0	619
0	0
0	0
148	0
0	49
0	0
0	6187
0	5978
0	6814
363	0
17	0
100	0
0	0
0	970
159	0
0	843
85	0
151	2
0	2
606	0
829	0
140	0
3	0
0	6731
0	6373
0	6658
0	6740
0	6731
0	4932
0	1
0	87
74	169
0	0
0	0
0	0
0	0
0	8
604	3327
0	159
0	1336
2	0
0	0
124	59
0	1217
7	1217
0	121
0	31
0	0
0	6
0	499
0	2
258	0
0	532
0	96
0	22
97	29
4	228
1	0
0	1571
1	325
102	2557
0	0
0	78
0	160
0	92
0	0
0	0
0	88
0	190
0	0
0	8
0	41
0	6
198	0
0	263
936	484
1857	484
11	0
0	260
0	11
0	0
0	65
0	65
0	65
1	593
348	0
6	64
17	0
6	278
31	449
0	457
0	433
0	435
0	0
0	0
0	368
0	0
0	2088
0	1812
0	3780
2	3705
0	3765
0	110
33	0
138	1360
0	25
0	0
0	0
0	127
0	0
0	0
0	752
19	97
63	0
0	692
0	39
0	2512
13	0
0	0
0	203
0	1503
98	0
0	486
0	139
0	0
0	0
0	0
17	216
0	5
0	0
949	604
0	213
0	1289
57	0
0	1046
53	1
0	1
0	292
0	293
0	293
0	422
0	311
0	381
0	381
0	83
528	2481
0	3979
0	3992
45	223
82	5139
12	1228
0	637
0	4253
0	288
0	292
0	286
0	286
0	0
0	5803
0	5889
158	1841
0	91
0	66
0	0
932	0
557	1
4	54
0	9
2499	645
1	662
0	735
0	623
0	246
0	0
0	46
0	0
0	0
28	995
0	992
0	0
202	5
18	0
3	4
0	130
0	832
13	832
0	3
14	424
1996	425
0	86
1	116
0	13
23	546
0	397
0	351
174	0
8	0
0	0
375	0
0	666
0	481
0	0
19	14275
4993	14275
0	13435
0	0
156	231
11	720
439	720
0	19
0	1035
0	1017
0	976
0	990
0	1003
0	1017
0	1017
0	991
0	0
0	0
0	0
0	0
60	247
340	0
2	148
8	0
0	2254
0	348
37	621
72	621
25	1
0	559
0	0
0	0
748	0
421	2475
0	0
87	0
0	280
44	0
39	171
536	361
131	2226
0	1170
0	860
19	115
0	0
0	380
14	418
0	0
32	0
0	1447
0	8
199	0
4	52
0	87
1153	0
0	15
109	437
0	0
0	0
0	0
0	0
0	764
0	119
0	94
123	0
0	0
0	0
30	0
0	0
0	0
0	291
0	0
5	105
157	0
49	241
0	1292
14	528
93	337
49	337
7	12
194	111
4	47
16	0
0	6
0	2
0	310
0	0
6	0
0	436
0	4
0	14
0	11
0	0
1235	2
0	34
65	109
24	173
0	680
0	4
0	9670
23	0
0	72
23	230
270	191
0	190
0	9747
0	0
0	10
6	190
0	183
480	2
246	0
0	85
0	104
382	18309
0	323
2125	329
0	5
0	2
16	45
1140	533
5	49
0	24
14	2
0	2
783	0
0	0
0	2
0	2
0	55
0	1268
0	990
0	24
0	693
164	1349
14	32
40	0
0	0
346	0
158	8
0	8
0	1204
4	5
0	459
0	238
0	202
0	241
0	1378
0	229
10	12
0	18
339	4803
0	12
0	1
0	1
18	1881
39	0
1610	4
0	0
0	496
0	0
77	1914
15	1906
108	1457
0	69
0	0
0	0
183	1346
0	522
0	4
278	0
1	1
0	384
29	384
6	380
15	0
0	0
8	53
3	3
0	15
17	15
1311	2
0	19
0	227
0	200
67	180
0	0
0	0
3758	0
0	0
4	25
1307	0
775	0
139	0
0	21
0	21
0	12
0	12
0	21
0	8
7	16
17	40
19	218
26	398
6	328
0	398
0	0
0	0
150	0
0	4
981	1
0	0
6	0
348	0
8	0
0	1115
110	1126
4	0
0	865
93	865
140	7365
366	7364
153	0
0	0
0	0
0	546
123	29
0	1
122	0
0	798
1693	0
12	0
4	197
0	339
9	304
51	332
1564	0
1	0
2053	0
1232	1
270	0
0	0
0	0
141	2
1008	684
52	684
53	0
1	153
0	0
28	585
1053	0
6	2
0	2
285	1
0	0
1	0
2124	0
28	0
0	68
0	0
0	0
480	0
12	0
28	45
0	45
2639	1
0	0
0	0
0	0
13	45
254	0
37084	24713
0	24696
88	233
85	3992
0	3303
85	0
0	419
5	0
0	0
0	0
0	0
1780	5
28	3
0	3
0	12
0	477
0	477
781	216
245	420
523	837
0	0
20	0
0	26
0	19
0	14
0	13
0	9
0	6
0	9
0	6
0	6
0	6
0	5
0	0
0	0
0	704
295	0
18	2
7	0
99	0
80	0
0	0
574	0
29	0
357	3
0	0
305	43
0	43
387	205
7	0
10	443
0	443
17	0
0	1041
816	1
11	0
25	0
4578	0
15	0
0	217
114	0
243	0
10	0
0	143
68	0
24291	239
691	0
0	0
278	0
0	0
6	0
0	0
0	440
50	0
111	0
1024	1
36	169
31	132
49	132
380	0
0	0
8	0
544	0
8	107
0	0
38	0
1892	0
0	160
0	144
65	0
15	0
30	0
84	325
78	334
236	0
697	0
10816	11
55	2714
16	2689
12	2396
27	0
5490	8
216	6395
1	6395
4	18
53	0
0	92
0	92
0	0
2880	0
0	0
9	0
118	331
0	331
654	1
10	1060
13	0
78	76
0	0
107	0
7	0
0	83
1	0
6	13
127	0
1	31
577	1
0	0
53	50
0	0
5	5
0	0
0	0
22	0
410	90
0	90
103	605
0	605
10	0
281	0
0	122
0	141
271	0
4	0
2339	2
0	0
21	0
0	0
7	0
0	1
0	0
18	0
175	126
867	0
0	35
2124	4
26	0
88	659
170	1
4	50
657	0
0	0
801	0
34	158
60	335
0	634
104	0
265	2833
0	2833
10	75
0	75
0	94
593	0
24	153
0	153
0	0
0	0
0	42
0	80
0	93
21	55
6	529
266	529
0	16
61	254
0	254
486	0
0	4
0	7022
1	7099
60	2
136	864
0	0
0	0
0	2554
854	2554
7	0
0	74
9	74
0	1027
10	1031
0	46
124	0
178	0
0	25
0	25
222	0
0	1728
0	450
0	496
0	394
1053	8
0	13
0	0
0	5
0	5
0	5
0	8
0	9
0	18
0	21
7007	10
0	435
0	5635
0	201
0	201
21	206
0	201
0	189
0	197
278	550
0	128
472	0
167	0
1222	2
1	924
143	0
0	0
17	55
0	55
23	499
0	219
0	0
0	505
0	68
25	498
112	128
0	0
193	557
0	372
23	517
122	514
5	0
0	0
0	0
0	0
1	15
339	0
0	16
19	48
5	103
0	4884
0	4753
0	118
15	23
636	2728
0	0
0	39
0	106
447	1042
0	1042
0	701
11	701
0	816
0	20
1	0
7	34
0	0
0	63
1179	0
1	0
408	3
0	201
0	332
0	284
0	740
0	572
20	0
134	1670
89	0
0	0
0	35
0	0
658	0
0	0
3085	0
0	0
0	958
448	0
0	237
0	0
184	426
0	188
0	156
0	9
0	9
0	9
6	995
0	1213
0	8
108	666
0	759
0	76
2	1338
0	168
0	36
0	46
0	5
0	0
148	345
0	12
9620	1
0	95
0	18
10	0
8	0
0	0
0	9
0	9
0	9
0	9
7	2674
267	2674
37	28
46	238
242	0
15	145
1	123
268	9
59103	25
0	12
0	1981
68	155
0	155
0	44
0	3
0	0
0	325
0	594
0	0
6	167
16	0
0	1198
0	0
0	0
0	0
0	238
0	36
7	0
0	391
0	143
0	429
0	493
0	493
0	2196
0	140
309	0
927	0
21	5
43	56
9	56
0	1809
0	30
0	25
1	12
1906	0
0	1547
35	1547
0	0
0	92
0	9463
67	152
50	139
0	0
0	88
0	52
173	836
11	116
0	47
0	109
0	110
7	110
536	0
0	0
0	117
0	131
189	1454
0	694
1	283
0	530
10	32
4	221
0	168
0	361
0	138
0	0
26	0
0	114
4	72
40	0
0	10
0	0
0	11
0	41
38	1190
20	0
0	310
0	142
0	110
0	53
0	110
0	0
0	0
0	2
134	0
609	0
0	364
0	331
0	380
0	302
0	2828
0	1237
1	2644
0	2633
3	0
3153	695
154	2431
0	2431
51	0
69	0
174	1113
0	0
0	0
6	10
0	103
0	22
59	380
0	65
0	0
0	145
99	512
0	512
19	1
0	774
0	0
6	67
0	22
10	0
0	0
0	32
160	0
0	0
7	3
0	0
80	3039
0	3039
953	0
0	65
386	1123
2	6197
0	1745
0	1612
516	0
263	234
0	0
48	196
1	530
47	497
69	0
2	403
0	310
0	0
7	196
0	0
0	302
1300	0
0	118
0	2138
95	2138
230	1358
0	0
0	1064
0	691
127	6
995	0
3	1064
0	870
0	29
0	18
1139	1
39	0
0	6
531	0
8	19
0	0
0	7
8	1425
0	1382
0	1425
0	1412
0	1416
0	22
2	2
98	0
36	0
0	445
0	0
37	171
4	7
0	5
0	0
0	30
26	30
0	884
0	845
0	408
0	1440
0	0
108	0
1348	0
0	1032
11	16
0	3
2050	6
0	50
0	0
0	118
0	640
256	30
89	0
29	302
0	406
59	0
247	204
0	827
0	182
0	0
0	77
0	1717
0	1670
15	339
0	339
30	339
115	0
120	0
29	0
15	0
5	0
253	830
952	0
1	515
84	2101
850	598
0	596
3	0
0	0
0	872
0	474
0	0
11	1
0	1
0	406
0	343
0	342
0	0
29	1014
154	0
0	314
0	191
0	191
0	51
0	9
783	0
4	51
6	51
670	0
12	0
150	2722
2474	4
1	5
0	5
0	0
0	619
0	643
0	0
0	8
0	8
0	0
0	5
0	5
447	0
28	0
0	0
0	2152
0	0
28	1155
8	28
0	0
0	14
0	14
477	336
0	2340
456	142
1296	147
945	0
0	30
0	30
15	0
0	0
0	0
0	0
61	84
75	0
17	67
6	0
0	0
7	109
0	1
0	0
52	0
0	0
0	56
0	0
0	0
0	0
0	0
0	4
0	0
25	386
11	386
0	0
0	0
319	0
0	22
0	24
0	14
2406	2
0	1866
9	0
679	0
344	1012
84	0
0	64
1065	9392
0	9392
67	184
0	0
0	0
0	0
3	23
0	21
8	4
529	27
0	62
401	0
2662	0
1041	1
146	1487
0	1487
0	10
0	0
363	1015
155	1015
572	0
0	0
140	1
22	418
0	418
0	418
18	437
0	435
8	332
260	3
1123	0
0	0
48	957
38	957
0	813
0	642
0	351
0	658
29	246
443	246
59	0
84	4
0	0
9	0
0	0
26	0
40	705
0	9
1387	1913
12	1913
0	8
11	111
17	1084
0	946
57	533
32	0
0	27
0	226
3	223
0	216
19	194
0	253
0	240
0	46
0	16
0	0
0	0
0	3068
0	3072
0	84
1028	0
2	397
13	16
673	0
0	0
500	206
45	206
2	73
0	53
0	53
0	135
33	143
0	147
8	541
2	1
0	0
0	0
0	290
0	296
0	296
4	191
0	0
5	0
1	0
102	1776
0	0
0	0
1641	0
0	19
0	19
8	22
227	0
330	4292
31	4292
0	0
650	0
115	238
0	1572
0	1610
0	1442
0	1499
8	992
0	0
0	0
97	1302
0	1302
1426	3112
4	111
0	1526
0	1491
83	1458
210	1415
41	1473
0	1224
40	42
189	0
952	0
0	0
291	569
0	0
0	12
0	0
15	0
872	0
0	449
0	261
0	107
0	108
0	0
96	24
0	18
0	18
0	13
0	0
1885	2
0	164
0	449
0	449
32	31
0	0
0	330
1	0
134	1863
1120	0
0	151
0	212
44	2
0	403
696	0
14	0
78	837
0	0
121	747
0	112
573	0
153	4883
0	21
0	21
0	0
0	0
0	0
0	0
0	1
6	27
0	27
0	27
15	241
18	0
0	15
0	1278
12	1363
6	1375
1868	653
0	8
0	1529
0	1529
1265	1
517	351
0	744
0	682
50	166
12	0
3	0
0	155
0	0
0	0
0	24
8	249
0	102
511	1
2	0
29	125
0	422
5882	0
40	13
288	0
32	0
0	19
3	6
0	6
0	539
0	13
123	0
35	91
0	40
49	26
334	0
0	0
0	258
77	0
0	0
0	332
0	0
0	0
0	179
0	1971
31	146
0	0
16	262
0	0
0	26
5	7
0	0
0	33
0	11
0	17
0	150
39	137
69	110
0	110
0	7
0	7
15	0
286	1330
0	666
0	20241
111	0
3796	1
0	190
0	49
0	26
0	0
0	107
14	1384
0	0
71	0
20	53
0	514
20752	7
0	0
2	1201
236	1201
0	809
0	868
856	868
0	5
0	5
83	43
205	2918
16	2918
0	18
0	17
0	3
6	0
201	0
1436	2
0	892
0	3
0	137
0	0
33	3
332	1
999	6
809	0
137	454
0	0
0	0
0	0
0	3
0	199
0	120
188	0
1	11
0	234
0	255
3	255
0	535
65	535
0	0
0	13
0	0
0	6
0	26
1	336
101	0
177	0
0	781
0	843
0	845
2922	0
9	7059
1067	7057
0	206
0	404
0	422
0	328
0	318
122	0
3	2
0	2128
0	402
875	0
6	20
0	0
0	24
0	0
97	0
1242	0
3673	0
0	0
0	0
0	5
9	0
0	25
557	0
362	1179
0	0
0	0
6	430
0	0
114	1
17	62
0	175
0	169
0	175
0	175
0	0
4	151
57	151
322	0
0	0
1	343
0	353
0	338
0	335
0	1703
0	1736
0	1435
6	0
0	0
0	15
0	129
38	568
0	0
0	0
12	3
0	0
6	310
9	309
0	234
6	66
0	743
233	0
0	1095
10	1016
0	0
0	36
0	36
0	1080
0	1624
0	16137
0	16137
0	16137
1	0
1	329
10	329
0	0
0	361
102	361
0	0
0	0
0	0
33	364
10	816
18	222
1670	0
680	0
64	59
0	177
122	0
2767	6980
92	73
138	0
0	1349
0	1349
79	169
0	0
0	2258
0	1915
0	3
0	78
0	381
46	352
0	0
0	1458
0	0
0	282
592	0
286	0
3787	15774
12	0
60	344
0	345
0	8
0	5
756	0
0	4
0	0
0	529
1412	285
0	1314
0	0
44	0
273	694
0	694
0	889
0	245
0	9
10	63
488	0
0	0
6065	0
821	0
70	723
24	883
0	861
0	7
0	0
2	44
112	1389
1109	7
0	12
0	82
0	1
0	0
60	0
193	1983
0	0
238	0
22	303
513	0
1	28
204	494
6	2
59	383
0	5
0	43
0	19
0	45
7	6
0	56
0	0
0	1051
2	1033
0	1033
0	49
0	57
383	0
5	62
0	359
12809	4
0	0
149	0
387	0
8	79
0	0
0	0
0	0
0	3
9	41
0	41
438	3361
2	217
7	1
2070	0
0	2163
3	374
0	191
589	0
0	276
11	780
0	780
0	265
0	3
0	8
15	620
0	620
9	184
3238	0
11	0
0	5
7	119
9	18
38	4278
0	4278
132	1522
33	0
13	236
1212	439
254	504
8	504
50	3458
17	31
932	0
0	1390
0	1356
0	1303
0	1359
0	1356
0	0
0	0
0	312
0	237
6	35
0	144
11	144
7	54
235	0
0	13
0	13
0	0
1535	0
0	73
0	0
0	0
250	0
0	0
0	0
0	0
0	14387
0	14332
6850	2
49	18
0	855
0	0
0	0
0	0
240	0
1	1259
7	0
3296	1023
153	0
180	119
0	0
0	0
20	25
7	25
0	0
339	348
20	348
0	70
3322	0
46	0
135	0
0	0
15	168
28	0
41	6
79	0
0	1447
57	0
0	0
0	0
0	315
228	180
3	17
2902	0
0	0
0	0
0	648
0	1011
0	0
0	0
292	579
0	0
0	0
0	0
8	0
0	5
0	5
0	0
0	0
3033	0
33	0
340	1279
0	122
0	122
16	122
0	3
0	0
0	94
0	94
1343	0
1	0
43	245
9	1
948	0
0	0
0	0
19	0
0	99
55	9
79	0
73	457
0	457
2	0
0	0
15	22
6	22
0	648
0	703
56	703
585	0
874	0
1829	0
24	613
10	613
0	19
0	19
0	19
0	19
0	332
0	0
0	0
1325	1
43	269
0	0
0	0
87	0
36	338
0	338
0	148
16	1808
115	1845
0	757
163	1641
0	814
5	19
0	170
7	3
914	0
0	0
0	0
2	35
0	0
300	2299
154	1422
0	0
0	2
0	0
0	0
25	3425
0	3440
0	3413
292	807
0	3051
0	990
0	950
104	505
0	328
0	0
0	19
21	19
4	56
352	56
3	0
0	0
0	30
0	664
13	1
4	136
10	73
0	66
6	66
0	36
1	36
0	16
17	6
0	0
0	406
0	96
1	107
0	96
0	0
41	0
68	673
28	656
0	548
0	510
0	304
20	279
0	484
0	2
0	3734
9	3707
28	3728
0	3829
0	3709
0	3802
29	1468
4	1447
0	93
31	0
0	194
0	12
0	12
5	0
0	821
0	686
0	490
0	16
0	16
240	1
196	14306
70	14306
294	0
1328	8339
5025	3
41	0
0	1
9	141
1713	0
27	0
0	622
0	0
3059	0
32	0
5	303
0	999
0	983
0	9
0	4
0	9
0	0
0	0
134	0
0	0
0	0
0	0
0	0
0	0
186	0
58	1230
0	1472
0	1410
0	724
0	1727
0	1727
24	1727
0	337
0	294
6	247
9	247
34	0
0	103
55	122
25	257
0	257
44	65
0	36
0	36
20	0
0	593
0	18
56	0
444	268
598	0
322	0
0	5
619	573
0	573
0	83
41	0
87	0
19	223
0	42
0	56
0	0
1540	0
0	0
0	0
902	2
527	514
0	177
0	0
0	2371
0	2371
251	2371
98	0
229	5
143	0
0	0
6	0
0	181
3	0
0	4
0	1914
42	6
1074	0
54	328
334	0
0	1648
7	1542
0	1648
223	0
2813	0
79	276
116	275
120	1618
0	203
51	740
2543	2
375	0
0	751
3	743
19	710
2	13
0	0
10842	6
0	203
0	153
309	0
23	0
0	58
0	58
0	50
0	0
0	82
0	355
0	355
0	355
0	0
0	0
0	0
1227	0
115	0
51	129
369	0
0	3
0	0
671	0
10	68
1	1
19	13
0	0
294	908
4548	0
7215	5
39	41
45	99
0	99
68	0
4	23
3	0
0	0
2111	0
3	11
2	12
29	0
0	0
62	597
0	0
0	140
39	142
0	148
0	0
0	0
0	1009
0	978
11	1
0	88
0	281
0	86
0	112
0	936
57	976
0	856
0	565
73	531
114	316
0	76
2531	0
0	9
29	2498
29	12
278	0
24	0
23	60
1	245
0	184
98	965
7	0
0	459
0	71
0	1
0	830
0	850
66	810
0	27
1	6714
1010	1
14	32
0	642
0	34
0	2
0	361
61	353
9	0
0	0
45	308
93	155
419	0
10	0
0	2023
0	1812
0	1758
0	476
77	72
0	3
0	3
0	0
0	165
0	0
190	28
0	0
0	202
14	0
0	62
0	62
77	166
136	0
0	0
13	173
2099	1
26	85
8	0
0	0
10	15
48	0
227	525
1163	3
0	41
0	49
0	49
0	499
11	499
0	483
0	524
0	0
0	425
26	0
89	323
0	323
0	0
47	106
0	687
0	611
214	1096
0	671
0	532
1344	0
0	645
0	591
1060	8132
610	5
45	0
0	3629
0	0
0	222
278	0
0	11
0	0
0	0
0	57
48	43
0	0
78	330
30	11
7	40
14	132
443	1125
576	1125
0	0
151	596
0	0
13	0
78	286
0	21
837	0
23	0
0	2047
0	0
85	0
0	58
0	33
4	0
0	69
0	77
0	0
0	0
836	0
3	0
0	0
11	0
0	0
0	0
0	0
7	64
0	0
101	0
0	3
434	4
0	39
7630	4
0	0
0	0
0	0
0	26
150	279
71	786
0	2
0	2087
31	167
58	189
0	134
0	0
0	63
52	0
20	153
0	153
0	0
0	18
0	18
43	0
15	94
0	510
0	1
0	117
62	277
10	0
0	0
0	105
75	0
637	0
165	0
689	0
5	28
27	184
0	0
405	0
269	207
0	207
0	0
0	12
33	0
394	481
706	0
0	0
0	0
0	0
86	0
1896	0
0	0
0	0
1	203
0	174
0	648
0	639
0	543
42	782
0	629
0	0
226	0
1107	423
4	405
0	391
0	0
1088	0
141	281
0	0
0	1288
50	415
120	415
13	1007
0	1007
0	973
5	80
0	80
0	345
0	233
64	384
0	384
0	0
0	0
0	0
939	0
0	104
192	0
0	0
408	0
1517	306
0	306
53	803
0	0
14	59
0	0
251	7258
26	35
160	0
696	7
0	371
0	234
0	0
146	0
0	62
550	0
119	884
130	373
8	276
0	38
1258	0
116	2173
0	8
0	0
203	0
157	0
0	0
0	598
0	563
14	590
1	5
3	17
0	460
0	466
13	292
319	0
7	94
353	1771
0	0
0	0
7	0
981	1209
222	1837
1979	6
0	0
0	0
111	0
0	69
0	55
0	27
0	44
0	101
0	13
0	0
1036	0
456	55
1864	0
0	0
80	4447
0	4447
0	0
24	5372
0	5765
0	2914
103	0
19	1515
0	0
915	0
0	532
0	532
0	369
0	0
0	5004
6	0
117	2841
0	2841
221033	154
223052	130
2015216	1231
914200	624
17343	23
459311	286
909826	473
62631	18
37812	20
316577	208
208690	124
7476	9
458975	322
131	0
0	0
0	0
0	0
0	0
0	0
0	0
0	0
0	0
0	0
0	0
0	0
0	0
0	0
0	0
0	0
0	0
0	0
0	0
0	0
0	0
0	0
17	0
137	0
0	0
18190	10869
18	0
12	10633
0	0
0	12
710	13
0	0
0	0
0	0
0	0
0	2
0	2
0	49
0	49
0	47
5	68
1	0
0	0
100	0
0	0
0	0
0	3
0	55
0	5
0	5
0	0
0	0
0	38
10	38
0	13
0	13
101	35
0	35
0	0
0	492
0	0
0	0
0	0
0	0
0	0
0	0
0	0
0	0
0	0
1995	1136
0	1135
2	0
34	6
0	4
0	113
67	0
0	0
100	0
0	0
0	0
0	0
0	0
0	0
0	0
0	2
0	2
0	0
0	0
0	0
0	0
0	0
18	0
0	0
93	0
0	0
0	0
0	0
5	0
0	24
0	0
0	0
0	0
2	14
0	0
0	0
0	71
13	0
268	410
0	0
0	0
0	0
17	0
154	5
19	0
0	0
0	3
0	0
0	0
3	0
33	3
8	0
0	4
0	0
0	0
0	0
0	0
0	6
0	0
0	0
0	210
0	29
0	26
0	0
1	0
0	476
11	0
6	0
26	4
0	468
0	0
6	1
1	0
0	0
6	0
0	22
0	0
0	6
0	37
2	0
0	0
0	0
0	0
0	0
0	0
0	0
0	0
0	0
0	0
0	0
2	9
0	0
0	0
9	0
0	0
0	0
0	1
121750	42
11	703
0	0
0	0
0	0
0	0
0	0
4	0
0	0
0	0
53	38
2	493
0	0
0	0
0	3
0	0
0	0
0	0
0	0
0	0
0	0
33	1069
0	0
0	0
0	1
0	10
0	0
0	0
0	77
3	2
0	0
8	2
839	1
0	140
0	0
2	0
0	0
26	240
0	0
8	0
0	0
0	0
0	0
3	0
67	924
0	0
0	0
0	0
0	0
0	0
2	463
0	0
13	545
8	341
5	0
318	0
0	0
0	0
2	36
0	0
7	21
0	0
0	0
1	35
0	0
25	78
0	0
0	15
0	0
0	0
0	0
0	0
0	71
9	121
9	0
0	0
0	207
1	54
0	80
1	38
0	20
0	0
0	5
0	0
0	0
0	0
0	5
0	5
0	0
0	0
0	76
0	0
0	0
0	0
0	60
30	835
0	0
37	984
22	3
49	309
0	439
0	0
0	0
25	449
0	397
65	1266
0	0
0	170
0	0
0	0
0	0
0	4
0	0
0	0
0	0
0	0
9	115
15	537
10	47
11	18
42	0
5	34
0	100
0	15
0	0
11	85
0	2
0	99
0	0
0	1
0	0
139	0
4	595
0	534
34	859
0	0
0	0
10	1
0	0
10	5
0	0
0	0
0	0
18	86
120	0
32	46
0	0
0	0
50	0
0	0
0	0
0	0
0	0
0	0
0	0
0	0
0	0
0	0
9	16
0	83
0	0
1	1027
4	4
0	23
21	0
0	0
5	252
0	0
284	895
0	152
1	406
1	485
