UniqueCount	AmbigCount
0	0
0	0
2	0
0	0
0	0
0	0
3	0
0	0
0	0
0	0
0	0
0	0
0	0
0	0
0	0
0	0
0	0
1	0
0	0
0	0
0	0
0	0
0	0
5	0
0	0
0	0
1	0
0	0
0	0
0	0
0	0
0	0
0	0
0	0
0	0
0	0
0	0
0	0
0	0
0	0
0	0
0	0
11	0
0	0
0	0
0	0
0	0
0	0
1	0
0	0
0	0
0	0
0	0
0	0
0	0
0	0
0	0
0	0
0	0
0	0
0	0
0	0
0	0
0	0
0	0
0	0
0	0
0	0
0	0
0	0
0	0
0	0
1019	1190
0	1189
0	1185
1814	1487
0	1484
51	71
677	0
1329	6
265	394
2	57
0	2
0	378
1	0
1100	0
4	0
0	0
227	16180
64	16426
14	0
13	0
0	0
0	0
0	0
0	0
0	0
0	0
0	0
0	0
0	0
0	0
0	0
0	0
0	0
0	0
0	0
0	0
0	0
0	0
0	0
0	0
0	0
0	0
0	0
0	0
0	0
0	0
0	0
0	0
1	96
0	0
0	0
0	0
0	0
0	0
0	0
0	0
0	0
0	0
0	0
0	0
0	0
0	0
0	0
0	0
0	0
0	0
0	0
0	0
0	0
0	0
0	64
0	0
0	0
0	0
0	0
0	0
0	0
0	0
2	94
0	0
0	0
0	0
0	0
0	0
0	0
0	0
0	0
0	0
0	0
0	0
0	0
0	97
0	0
0	0
0	0
1	57
0	0
0	0
0	0
0	0
0	0
2	458
173	458
57	0
366	0
0	0
0	3
0	3
210	0
928	0
0	17
0	17
81	38
3	38
6	280
1	759
97	759
338	32
0	31
27	323
183	323
13	1243
12	111
0	1225
182	5932
0	4719
38	5484
4364	1028
0	363
0	318
77	518
79	518
0	137
31	1529
21	247
1	226
0	1423
2876	0
86	0
3	0
59	0
4	697
397	697
265	0
1034	0
0	0
208	0
0	0
798	682
25	0
0	17
114	29
1	12
57	129
5	65
0	64
847	0
88	105
0	105
0	0
0	1
1	115
254	115
1904	1312
0	943
3	611
33	53
107	1604
3	1483
0	205
0	90
1	182
0	1029
2	974
12	944
0	975
3	0
415	725
737	0
0	3768
261	4728
9	1753
526	4723
3300	0
0	0
769	152
0	396
0	95
0	365
80	843
1	762
39	265
296	265
66	14
285	14
1061	0
0	0
10	0
1149	40
1	37
13869	29632
0	356
0	29448
5	24899
0	29520
0	25660
15	604
8	604
15	580
0	35
0	23
0	451
54	458
0	452
0	4126
0	2212
216	4674
17	70
0	70
0	0
0	0
0	1
6	1
54	0
6	339
0	208
0	58
53	1274
10	1254
0	69
0	1271
1	822
151	822
2	4043
119	4382
0	4381
6	0
1388	1406
0	1092
3	314
86	0
371	643
0	166
0	15
0	32
0	2
0	2
40	8705
0	8705
8	177
391	177
1232	929
0	928
0	0
18	2376
0	79
0	2376
3	2428
0	0
0	0
1	1
109	1
4	13
0	13
8	929
0	58
0	219
0	274
53	871
686	4185
0	346
959	3923
4	2225
130	0
0	753
0	495
0	790
0	679
0	0
0	0
1	0
0	76
6	1209
0	875
0	1231
0	1
0	1
0	5
0	428
0	232
524	2024
115	396
271	396
0	0
151	0
0	0
416	1488
0	1488
0	32
4	32
10	0
0	28
4602	1
396	0
35	486
328	486
0	0
0	0
3	0
976	2604
149	2604
1547	401
74	210
25	609
270	0
1297	4
4	4
37	613
109	613
493	0
0	3
199	20729
2337	20734
113	298
15	692
82	432
0	119
0	73
105	132
0	19
3	19
0	0
0	0
0	100
935	335
0	247
19	231
0	0
0	0
375	0
0	0
17	2054
0	2100
71	51
0	11
0	40
3	268
0	268
0	166
117	1209
1	28
0	1114
1	0
130	149
90	149
32	0
169	4
10	0
0	11
0	0
0	8
0	0
0	0
0	11
13	80
318	79
0	0
0	79
1	0
1050	0
678	0
201	502
0	501
102	785
75	242
7	785
0	1175
629	349
0	349
245	0
0	62
0	290
0	82
0	312
0	2590
4	2039
0	1729
5	1589
7	716
757	5529
0	1645
0	5421
0	22
0	0
91	809
0	809
0	751
22	566
6	558
0	3385
91	70
0	0
0	0
733	0
385	0
0	169
1066	494
36	0
7	1347
135	1347
0	0
0	0
0	50
22	50
140	0
210	637
2	243
6	0
52	0
0	3
0	3
15	0
1	2
39	149
660	93
0	93
8035	3714
0	3712
316	595
0	57
0	78
318	276
8	235
76	223
0	222
3883	6
12	0
0	148
329	312
6788	3
0	0
128	0
0	4
0	4
0	46
8	8
0	2
8	255
2	518
3	252
0	0
1	5
1	0
3	5
0	578
704	829
0	829
2336	356
14	149
351	268
85	72
0	155
0	3
0	50
1	146
0	155
5	128
0	15
10	124
11	73
0	164
30	0
16	24
0	599
0	294
0	94
12	932
44	884
4	915
0	907
0	379
0	935
0	904
0	77
0	36
17	12
0	14
0	7
0	77
16577	11
482	285
0	211
0	122
56	0
1872	1049
103	20
97	20
0	0
45	0
1	7238
262	5818
1805	12431
69	11950
0	1533
0	3
87	52
0	0
0	3102
0	3134
0	3030
0	1
0	1
552	476
18	476
100	0
120	171
0	96
0	83
0	3
0	3
0	0
0	0
294	208
0	120
0	189
0	0
0	0
0	0
33	1
534	136
7	1
0	1
4	279
0	54
1	279
0	484
0	441
2	12
0	12
3	46
8	208
0	551
57	179
22	23
173	2590
0	54
0	2387
35	0
5688	15
69	256
0	46
0	193
0	54
0	219
0	24
12	27
0	9
10	51
1	0
0	0
292	269
0	269
50	75
4	72
0	75
709	1
249	81
0	660
0	660
75	21
0	21
1960	12
0	337
692	337
16	0
1467	2
0	0
0	0
1193	1
0	0
0	516
465	719
0	237
38	102
0	16
34	107
0	100
94	970
0	1090
97	1090
476	0
0	89
28	89
0	1287
0	105
0	1288
119	1256
0	0
18	0
182	0
8	415
0	415
0	469
3	20
179	469
0	0
139	276
90	404
0	0
12760	2599
0	111
0	2479
45	17
0	17
59	0
7	71
0	11
0	0
0	0
105	148
5	0
0	0
1	0
0	0
55	0
21	856
0	856
721	56
0	56
0	0
3406	2
0	60
622	2
169	184
1022	187
0	0
1	0
741	1
1676	5
2937	1398
0	0
3	7
0	0
0	0
1442	210
2	207
0	399
0	381
4	399
480	0
8	7
0	7
34	370
0	220
2	354
0	0
0	49
81	321
0	0
0	6
0	6
1	102
0	56
474	6022
8	6022
656	1
64	0
0	0
48	4
58	4
0	473
0	1764
0	3
461	4381
0	134
1	13
0	16
18	16
0	0
681	0
0	64
99	149
0	38
0	52
2473	718
33	734
1531	1
1355	5
0	0
0	0
204	0
0	9
48	13
0	4
0	9
0	1
192	215
1	189
0	70
72	166
67	166
0	37
0	49
0	109
0	122
0	0
0	0
0	69
0	144
0	131
11	144
0	9
44	203
37	203
255	0
21	9
0	9
134	0
319	34
0	34
22	0
1162	659
23	24
0	658
10	4836
9	4820
23	0
0	242
50	242
962	0
20	151
0	143
0	17
400	432
0	401
0	380
11	155
0	2
0	127
0	48
8	252
0	65
164	204
1009	110
0	110
0	0
0	299
24	299
0	241
16	201
0	201
6	139
239	517
368	25
0	24
195	238
0	224
7	0
0	0
2	0
0	0
0	0
0	0
0	4659
1	364
0	902
76	365
0	322
0	312
46	4500
0	3536
0	106
1936	106
309	676
0	81
16	81
0	0
0	0
1	783
3	483
0	103
0	0
0	327
991	1021
0	1006
1002	0
513	0
32	55
7	53
1	105
0	8
149	105
0	81
0	523
29	604
1730	1743
0	1739
0	1638
1	4
0	0
0	1
0	4
0	4
1061	70
0	62
70	8
3	0
0	2
0	0
7	2
0	169
2154	169
2	0
0	178
6	184
0	0
2351	248
0	230
0	224
0	241
3	188
0	188
1256	399
0	0
0	0
753	0
0	520
47	419
10	99
1254	516
435	0
16	141
5	299
0	131
0	72
493	428
0	0
0	0
341	81
0	81
29	0
0	0
0	0
56	30
1401	1
0	0
0	0
25	237
38	245
13	173
20	0
407	13
0	13
413	519
0	519
0	0
0	0
43	1838
0	1838
3	1845
5	1845
0	0
30	215
35	215
2899	808
20	0
3523	3
164	0
16	0
100	27
0	27
23	113
0	113
0	113
134	0
0	0
47006	16407
2	291
0	156
89	291
3	641
0	71
2	144
0	637
0	74
0	0
0	0
8	0
0	0
0	0
38	158
19	620
35	617
0	627
49	0
0	0
0	0
4	0
0	9
72	12
9	3
10	0
0	0
0	0
0	0
0	0
132	0
158	123
0	11
33	123
13	150
408	678
7	666
1105	41
0	40
0	110
0	110
16	36
7	18
0	36
0	36
999	1
543	561
0	157
0	0
0	0
255	920
74	919
0	0
0	0
0	0
255	127
22	652
0	226
0	225
815	843
3	597
332	370
0	266
0	661
0	641
250	45
0	45
280	349
0	349
30	1169
12	1191
0	1125
45	817
1	817
0	0
0	0
436	463
838	463
0	851
0	2373
0	756
3063	3227
2121	0
10	0
6898	9
971	0
0	0
0	25
0	24
0	29
322	0
18	0
452	314
0	314
2520	458
997	189
8	18
22	18
3	100
7	119
33	87
0	56
873	150
0	321
2421	1273
172	1258
325	0
46	920
9	442
0	505
187	1991
0	1800
9	2117
141	154
304	154
96	0
0	50
9	50
0	310
0	312
15	2
232	454
0	454
48	503
0	502
9	726
131	726
2	66
4	61
0	95
0	80
3	27
0	110
0	81
0	45
130	5
0	4
0	9
0	33
0	1
20	9
0	66
75	59
78	1195
35	1205
327	1392
0	51
9	1392
0	34
21	34
8	0
0	500
1228	500
23	390
0	79
0	393
0	352
0	233
908	2
475	2210
0	194
0	20
0	2
0	20
0	0
146	137
0	137
121	71
0	71
153	0
5	7
0	1
11	68
0	20
0	31
0	57
49	53
0	36
47	337
0	337
0	0
0	0
0	4
18	4
155	221
0	9
0	42
298	42
69	286
411	0
30	311
45	384
0	0
29	311
61	398
0	398
30	0
0	0
0	284
0	1229
0	1430
3	1309
24	1314
0	1329
534	1247
0	1238
90	567
3	567
74	1
0	60
0	35
0	34
51	208
2401	2636
0	2449
44	2437
0	0
0	0
0	0
0	0
293	2656
41	2654
0	21
0	21
29	0
54	629
2	629
0	9
18	55
0	39
0	55
79	1339
1	1339
39	14
0	14
31	122
0	122
0	0
0	0
91	0
0	209
0	209
549	0
271	369
449	0
262	34
0	34
66	9
0	9
26	21
0	21
20	193
1	193
0	3
2	8
4	50
6	50
680	646
62	601
4	106
1522	107
0	7
196	121
0	0
5	87
0	119
5	242
0	7
0	190
0	37
0	23
0	45
74	238
1020	0
0	0
0	0
0	0
0	0
0	0
0	0
0	20
0	263
0	37
58	695
1	685
1050	10214
86	10214
471	115
0	13
0	114
99	226
0	226
219	21
0	20
751	0
0	0
0	0
6	40
0	3
0	3
144	13264
0	11138
0	6424
0	11651
53	1439
0	691
9	656
0	759
452	2
0	0
1205	6924
0	5656
2	376
0	265
388	444
0	203
66	18
0	18
756	298
0	298
85	0
0	183
134	183
25	107
0	107
0	1
0	15
0	45
390	60
4	21
7	38
0	0
0	0
0	2
0	0
0	2
7	0
17	60
0	17
1	175
257	1
0	8
2	20
0	175
11	58
0	1
0	1
2	1
0	143
5	150
2	71
0	71
0	63
0	0
0	0
2	0
0	0
106	0
0	1
1	3
0	1
2	0
615	0
0	114
0	254
29	756
30	756
56	15
0	15
0	0
0	0
0	0
0	4
0	0
626	2
0	0
107	100
9	100
0	0
0	183
14	267
14	0
0	0
0	0
108	180
0	4
0	180
0	0
100	420
0	420
8	1151
0	1151
316	568
0	370
9	330
0	90
0	0
0	6
34	12
1	17
106	814
0	0
0	0
42	68
4	59
0	87
0	131
369	1264
372	417
0	67
39	417
2	60
3	43
2203	7
11	304
0	306
136	309
0	0
6	0
0	0
437	579
100	240
49	129
2	14
0	129
80	1
17	11
0	9
35	48
0	46
20	9
0	0
319	379
1	314
4	0
37	7
21	62
53	775
184	775
65	809
4	60
1068	1
11	2
0	2
13	181
0	181
0	6
29	191
569	1255
0	10
57	10
4	65
147	65
6	15
32	0
43	15
61	750
0	203
0	142
7161	2292
1502	2293
182	3
26	6
1	0
0	0
731	116
0	115
0	550
5498	551
312	62
0	62
0	1169
135	1169
6	1169
437	1171
154	372
0	336
0	123
1	372
3	0
565	141
0	142
0	55
3	23
27	26
0	0
41	14
38	6538
97	5113
31	7013
71	0
106	0
634	0
2	0
1	244
392	246
256	58
31	101
0	40
0	280
7	341
0	0
0	0
492	706
0	706
31	19
15	26
0	12
0	68
1701	174
0	131
12	210
2121	1062
29	43
8	45
0	69
338	106
0	33
1468	93
20	93
38	12
0	12
0	750
0	2
0	3
0	6
0	2
0	2
54	638
0	0
333	1468
0	1468
5	0
0	0
1	0
29	0
19	147
0	147
12	0
0	0
0	0
0	312
7	185
4	45
33	70
575	704
0	704
0	32
2	29
5875	1290
63	16
42	50
0	284
0	72
36	350
0	350
0	350
12	238
0	114
4178	1021
61	593
0	15
0	15
12404	5
5269	1604
6	1598
252	575
266	0
486	0
263	1678
0	1678
0	0
41	64
1488	834
147	49
0	49
0	0
0	55
3	55
0	2023
73	5754
1	5344
0	3
18	15
0	15
0	3
0	3
0	11
0	12
0	17
0	14
0	0
0	2
0	1
0	0
0	15
0	3
10	0
243	61
0	0
0	0
61	2829
1223	11744
1	11744
487	155
0	155
68	8
239	3833
1176	3833
0	2482
0	0
118	1225
16	243
353	1423
71	651
1	409
0	649
1	17
20	382
0	0
0	65
341	385
392	155
6	528
0	789
0	2414
3	204
11238	4115
852	38
28	38
99	0
8	0
0	0
1033	277
0	6
94	979
0	979
0	0
0	0
0	0
0	0
0	0
0	17
0	20
61	20
0	25
173	2328
0	1604
6	2393
0	2384
5	6
3	8
0	0
2496	0
0	308
38	308
0	846
0	958
0	217
0	782
0	894
244	278
0	278
0	2100
615	2108
0	631
151	1
4	1
1	229
0	2292
23	2712
68	2711
0	219
0	4
0	102
995	798
0	0
38	197
0	220
4	221
66	129
38	337
0	99
10	363
2	293
6	25
0	7
0	376
0	385
1338	6939
27	6935
0	3115
0	3204
28	3249
0	3077
0	0
0	2
1389	0
661	301
0	301
33892	1142
0	1114
0	1061
0	1634
830	1902
27	0
1036	143
0	143
19	0
86	556
300	556
903	1
5	210
0	43
3	29
0	15
1	44
0	46
325	46
9	324
278	324
1357	818
0	185
0	166
42	304
0	83
0	56
0	271
0	140
0	15
0	152
0	189
7	186
102	0
736	71
0	8
0	14
321	225
8	44
779	44
0	4
0	4
0	0
0	0
0	69
357	69
0	20
5	27
238	1584
26	1562
34778	35
5	7
0	4
0	4
0	0
1499	2
136	1548
2	1548
0	1155
7	1463
13	749
0	777
54	818
3	0
0	0
0	15
0	15
0	15
2	0
345	2447
0	2242
0	2225
0	45
0	84
0	45
0	70
0	62
0	84
10179	3459
0	3450
1	82
0	40
0	180
1535	319
9	60
9	141
47	44
0	2
0	160
2	53
0	0
78	427
3	111
48	398
484	280
25	145
1	155
3174	207
29	203
2	795
0	288
0	720
98	51
4	51
0	6
0	6
2240	0
0	218
0	286
3	136
275	4245
0	478
4	978
0	375
9	4432
0	0
0	0
7	30
0	0
7	504
1	422
11	324
0	46
0	324
0	0
270	1
76	144
3	927
761	927
349	0
16	0
243	343
0	173
0	343
1047	0
116	67
0	45
0	33
66	1
4	0
0	61
116	0
166	406
146	467
519	4
7	0
0	2
59	310
0	310
54	36
2313	0
1	6
0	0
1	0
0	0
848	31
0	0
38	30
621	0
0	0
5	1
0	0
246	486
379	0
7	811
1	2463
713	2455
6	1511
35	838
0	928
828	231
0	229
446	0
2	156
266	156
112	0
2	186
2	142
1	142
0	170
0	106
0	481
0	57
9	497
0	150
0	190
0	191
1546	0
0	103
0	95
18	107
1050	426
0	418
0	374
498	364
37	0
467	156
0	154
118	90
0	32
4	25
0	14
0	8
0	8
0	0
410	990
0	8
0	3
0	3
0	3
3	0
0	517
593	517
0	793
2291	3720
59	4173
2	4172
0	4173
4	4380
0	4181
0	4175
1128	0
171	0
0	0
1	0
0	0
0	0
0	0
531	1686
5	1686
290	2
0	1
0	1
130	0
6	21
0	15
341	316
8	111
0	310
0	324
3	310
1	414
0	428
6	428
0	1
0	17
46	224
0	47
0	229
0	228
1	223
14	7
0	7
0	0
0	0
2	0
7	30
7	165
912	165
0	137
244	519
5	513
904	0
0	0
14	689
0	681
0	716
0	14
0	186
6	176
0	136
0	45
0	62
0	128
189	0
0	15
10	11
0	11
99	20
0	20
0	68
0	78
18	341
0	74
0	315
148	975
0	975
86	448
9	457
29	488
1	470
0	463
0	315
0	472
38	432
104	432
645	171
192	0
1	11
0	6
0	36
0	36
21	8
0	8
39	16
5	584
2902	585
17	0
3247	1
71	0
17	0
0	0
4	3
0	3
0	0
0	0
0	0
0	7
2296	1
0	0
2	0
26	681
2	681
0	12
6	111
0	35
0	111
2	225
0	304
0	269
0	0
193	2755
2	2755
183	2422
0	804
0	783
9	2136
3	61
35	113
0	6
0	6
0	6
0	4
212	0
0	30397
0	22605
9	32733
0	29459
3	8810
13952	63230
0	24433
13	38784
4	0
918	1
1603	1937
0	1937
119	133
0	133
0	0
0	210
19	189
3	507
0	88
24	528
234	0
0	152
94	218
3	71
165	417
0	0
283	0
2831	59
0	58
16	22
0	17
0	20
491	162
3182	6
141	427
17	102
70	14
0	410
352	621
4	2
30	0
178	594
2014	315
0	139
0	176
1555	3962
1	374
0	264
0	637
0	28
0	28
1	0
1053	0
0	0
4446	5
0	1
3	1
417	5
0	5
296	122644
12333	107620
463	107290
118	71725
5201	97104
33	74970
4713	398854
266	109819
88	124832
178	146857
40157	367929
7	2
0	8
0	12
0	11
0	10
0	0
37	2058
0	574
107	2058
1	60
1	60
858	273
0	273
0	40
482	1
1800	2
1865	0
200	309
0	119
0	75
0	784
43	784
0	0
0	0
12	82
0	0
0	82
0	47
70	89
1	51
2602	0
167	107
0	107
2966	0
82	846
5	33
7	846
0	0
0	0
282	707
18	706
20	0
348	24
1524	0
8	0
2	8
0	8
0	23
0	319
25	332
232	1455
13	1457
25	164
212	164
280	1309
0	516
0	1278
0	169
2	133
1070	1485
0	1485
0	745
1620	0
8	0
111	0
0	2112
162	2513
132	841
447	1859
0	2069
305	2069
12	88
0	41
0	72
956	750
0	750
185	292
1	0
42	46
0	34
38	0
0	179
2	63
2	179
20	167
0	191
7	0
107	84
0	84
146	1800
70	1663
0	32
5	1543
0	1503
290	624
0	624
5	0
0	558
38	558
2	0
326	60
0	60
135	33
0	7507
97	4611
2965	21280
0	21280
175	639
0	584
6	777
0	584
0	348
0	49
0	151
25	148
0	163
0	0
0	16
1	16
4027	2
0	0
0	269
0	269
7	31
1	30
225	31
256	0
2	6
5	15
0	15
715	685
0	82
22	662
0	59
0	118
0	108
0	0
2185	541
3	540
0	0
2589	6
0	0
0	0
3	12
0	12
140	0
5	218
164	218
507	2
0	0
0	0
1438	1030
26	1030
0	0
0	0
0	0
307	1
40	0
0	0
0	452
0	0
10	3259
0	1823
10974	3433
5897	296
57	289
131	0
0	1600
0	1059
491	1510
107	82
19	64
237	54
0	537
558	619
18	20
216	373
939	373
224	180
0	0
2157	675
0	1940
1	1889
394	117
59	1133
751	1881
0	1583
0	1593
0	38
306	73
275	111
43	225
0	225
0	178
0	214
2220	1
0	0
163	7
0	7
0	0
0	0
0	0
17	2
2	64
1366	65
7	62
0	8
0	57
0	0
6	0
0	0
0	0
0	28
455	28
0	0
588	1220
0	1199
456	377
667	1280
148	1280
18	23
4	41
11	41
1977	1359
0	1359
395	0
566	0
0	0
21	0
43	0
1100	94
0	94
161	2172
0	900
0	1278
0	181
8	636
0	618
4	553
77	553
0	22
1	40
0	20
0	21
16	0
16	420
0	308
982	0
50	11
0	11
826	2
0	527
0	527
0	38
6	25
9	97
1	71
0	116
439	230
0	230
0	0
0	157
1020	157
2263	3
522	902
10	937
0	643
0	698
6844	4272
20	4264
3470	152
0	149
28	18
0	18
0	16
25	61
0	1
0	45
0	47
0	44
0	680
5	657
0	42
416	428
0	20
0	414
310	1
5966	3
1222	1635
0	157
0	1631
6	1609
0	1408
21	1389
0	220
30	50
39	0
0	3415
8	700
0	2292
25	41161
0	4433
727	42726
2626	39233
35	205
5	89
38	0
1769	1
1237	1481
12	0
0	0
14	908
7	671
1524	7
11370	6
35	52
0	8
73	52
0	131
2	0
779	1178
98	1178
145	0
327	0
2	2
0	1
0	0
0	10
0	2
0	11
0	13
0	13
8	0
37	56
30	745
20	287
2	661
0	55
105	192
90	243
1209	0
0	135
2664	137
46	0
41	111
0	108
0	693
0	231
8	23
0	23
418	1
0	13
0	33
1	30
0	33
3	36
0	27
0	27
821	1
43	813
37	813
4854	1571
0	2
0	2
466	69
582	829
0	667
0	781
0	781
0	781
7	5
2032	7
29	15
0	15
64	79
501	175
0	173
4	21
0	2
0	2
52	0
22	1
1856	2
59	342
1161	342
2	0
1013	1
0	19
0	18
0	21
0	17
1	42
172	42
3	6
0	10
0	12
454	1069
0	17
0	1060
0	1060
0	1059
371	0
757	95
0	95
0	0
0	0
0	0
164	177
48	176
432	0
66	0
0	14
14	14
34	347
0	347
0	1
0	1
11	129
99	182
0	182
0	0
0	0
0	0
0	44
0	12
0	23
10	102
0	58
65	1272
4462	8142
0	0
0	0
19	28
1	16
6	25
0	5
0	0
0	0
0	0
2	0
86	265
141	260
0	0
72	251
0	0
1807	21
0	16
0	28
0	271
0	271
136	1001
0	1001
1561	1
0	12
0	77
0	12
168	98
5822	2
901	24
0	24
6103	1892
0	1887
30	325
0	325
812	1
0	1
63	663
0	274
0	231
0	177
0	130
0	0
0	510
3	47
46	902
0	171
74	613
0	0
0	0
0	0
0	726
0	1745
0	1745
83	318
130	318
0	760
23	760
81	74
215	382
0	242
676	817
0	863
7769	2
2503	799
16	498
4	101
75	803
949	1
0	3115
0	1351
367	3240
0	106
97	106
3	5
9	0
1304	1944
67	75
63	75
0	99
14	505
2961	606
0	18
0	6
5	29
0	13
0	145
0	12
0	126
0	178
0	159
0	1
22	1
281	902
12	901
179	2
0	850
45	109
51	0
8	0
0	0
0	0
16	512
1297	1034
148	1029
1	77
7	348
48	427
4	141
944	3172
7	3202
21	13
0	13
27	623
1627	625
0	0
0	0
0	0
0	5
0	5
0	0
139	333
0	333
1194	0
50	0
0	44
80	155
2	166
0	891
0	787
0	753
3	849
0	849
9	808
47	115
870	49
0	49
39	274
6	274
0	12
0	0
0	12
0	0
0	0
0	0
0	0
1483	526
8	607
0	179
43	661
0	551
0	14
52	14
70	23
0	4
3	357
0	187
2	1491
0	1177
0	1564
1167	38
0	37
30	9
51	0
451	229
3	148
0	131
50	112
16	216
0	217
3	217
0	217
3	28
68	28
1810	1
0	0
3176	412
0	247
0	162
1500	1606
103	1606
0	3
0	6
0	6
0	6
16769	13
172	463
37	0
0	85
0	29
0	81
0	89
13	3
5	0
42	450
0	450
78	0
5	2
5415	2704
57	201
105	190
8	37
0	174
3	281
86	2191
21	2073
435	23
3	23
0	0
0	0
0	15
0	11
0	0
0	16
0	13
217	0
2	67
76	67
37	52
572	52
249	136
0	10
3	23
0	23
8	28
0	28
0	136
0	31
0	1
476	1918
53	1862
4215	2
1119	0
0	45
0	38
0	89
347	237
0	237
0	189
535	0
0	0
47	315
0	112
0	315
2	0
1930	3
0	2
0	0
0	0
137	430
140	0
328	8
0	1
0	175
166	181
121	524
0	210
9	10
51	0
42	734
8034	3
45	438
82	22
3983	440
90	244
31	244
0	99
0	12
3	99
0	58
263	0
844	0
1	48
75	48
1725	0
51	338
304	338
176	0
0	0
135	0
1	4
7	18
1	18
218	397
1	16
0	397
0	0
564	0
75	870
0	870
625	224
3	222
11	210
0	67
115	217
36	22
0	9
11	142
170	183
0	71
0	12
0	3
0	162
61	0
426	0
1562	8087
5	7212
0	4727
0	461
1	192
2327	0
138	347
2	97
255	216
27	225
13	123
4	82
2	123
0	8
0	11
398	3
1044	9381
7683	9384
0	52
10276	6320
0	49
635	50
27	0
471	3
442	729
11	729
21	0
373	1277
182	1277
38	1267
0	480
43	502
0	93
20	503
8024	4
0	0
131	10
1	670
0	179
0	221
0	315
0	58
5	224
37	231
1	633
7	604
0	189
93	208
0	0
0	0
0	0
0	5
0	5
0	22
0	19
25	122
0	10
0	30
0	61
1	58
0	10
0	14
0	85
0	112
80	0
2823	6425
0	6419
185	69
0	69
0	0
0	0
0	0
6	0
3	0
1347	1
993	0
0	0
255	2
0	236
0	233
0	233
0	231
0	87
0	90
0	90
0	86
0	85
0	88
0	591
0	591
1270	301
0	299
38	109
0	127
0	125
0	1477
4	815
277	4472
159	4402
0	4403
777	2028
40	153
39	18
0	1465
0	520
0	1602
0	1786
132	694
0	694
252	46
0	46
254	100
0	100
90	46
292	22
0	22
3	6
3	4
0	1
0	5
0	0
15	0
0	0
0	0
2151	2188
326	2187
86	0
773	1981
3	14
6	59
0	2018
0	2106
561	0
0	0
0	5
0	1
0	4
50	0
1568	0
1103	0
2597	1364
18	174
242	89
55	5
0	0
163	312
0	312
388	1749
238	1749
5	1702
30	1138
0	1702
406	235
1	0
4	0
0	0
154	291
0	291
0	0
121	0
0	0
0	0
0	623
3	48
0	145
0	432
1	623
77	1251
48	1251
44	0
15	0
0	0
48	3
0	15
58	36
15	36
0	19
0	189
0	192
148	286
149	0
121	82
0	139
31	139
9	3
0	0
1351	3
11	33
0	33
3	33
0	33
0	0
3	7
0	2
0	5
455	1028
74	1
0	988
0	1028
7	0
67	715
2	715
600	0
0	22
0	4
0	270
0	233
0	264
231	295
0	183
0	126
0	177
0	0
0	0
0	4
0	162
59	102
21	165
69	692
235	695
9	203
0	15
228	204
0	50
57	119
35	103
0	117
1486	2
0	7418
440	9319
0	2912
4	7418
2117	1
16	69
0	69
572	1
4	0
0	2133
0	879
2	1335
11516	2136
3	18
0	3
0	3
2	37
2	25
66	544
0	66
0	521
0	12
895	431
0	423
2	146
0	119
514	255
0	286
503	610
175	610
8	99
19	99
11	25
0	2
0	11
609	1866
0	41
0	1814
0	100
0	1768
0	226
373	0
5	648
0	623
0	653
0	0
0	7
15	800
0	390
709	1190
0	0
1621	693
56	304
0	782
1	0
987	0
1	1
0	0
687	3368
0	2967
0	193
0	722
0	568
0	4
0	3
0	0
4	0
220	232
17	232
94	112
2478	1
2050	1406
0	89
0	357
0	0
0	1483
0	1484
3886	3574
0	3572
0	0
0	0
0	8
0	5
0	1
8	8
0	0
182	813
267	813
22	33
24	240
0	256
0	223
0	239
8	243
9	71
0	33
0	17
54	0
4	7
0	126
7	84
0	0
18	0
60	5
7	497
4853	7272
0	7268
0	2
693	0
204	102
40	100
41	94
0	94
1314	2
56	97
0	97
360	6455
0	6237
140	4714
327	1094
0	7
0	135
104	864
0	266
0	864
26	10
743	2781
6	2975
0	2672
0	2976
0	2765
7	42
0	42
0	291
562	679
0	408
0	0
0	0
0	0
0	137
0	175
0	175
0	134
627	415
36	239
0	0
0	0
149	80
22	80
96	0
0	62
0	305
106	1564
0	1564
134	604
68058	42
0	0
8317	0
2	158
2	32
175	32
0	1
0	0
0	287
1307	288
121	172
0	31
629	332
0	160
10	89
2	89
211	0
2	20
6	113
0	110
0	53
0	53
525	729
6	310
118	331
0	609
0	581
315	2580
41	2245
56	335
95	2001
0	14
3	74
1	2001
0	0
224	19
0	19
775	0
4	104
3	56
549	1117
0	1117
1113	0
0	9
0	9
0	10
0	1
40	316
0	167
0	167
0	172
0	167
53	128
1948	0
4	38
19	40
0	104
0	85
78	0
0	260
163	260
0	5071
2443	5073
1	0
0	1
486	2
10991	3975
6	368
19	2785
0	814
0	0
1711	0
12	0
116	1
999	0
0	191
0	185
0	193
0	5
5	2
9	0
0	0
0	0
87	0
0	990
144	1593
1249	1383
0	6
14	77
107	77
63	31
0	31
982	56
4	56
0	0
0	0
7	53
6	13
34	345
0	11
0	339
5	18
110	0
110	198
15	198
0	0
0	0
1128	0
0	96
0	670
401	1604
3553	3723
2	3931
1	4039
0	0
751	0
78	359
0	5
0	5
0	243
427	243
31	0
4	7
0	7
695	238
0	238
0	159
0	0
1517	1388
28	1388
24	0
431	268
0	203
0	275
0	0
0	3
17	122
0	120
0	0
103	16
0	16
0	0
0	0
0	0
0	0
0	10
0	246
0	1
3	17
0	5
0	93
0	115
4	274
872	1399
0	1030
0	36
16	164
4	52
0	63
0	45
25	379
19	356
10	8
0	8
0	171
27	171
402	918
0	918
16	5
10	53
0	33
0	0
3	5
8	51
1287	1
6	106
0	284
5	97
0	23
3	79
261	50
0	0
0	58
895	58
0	0
0	15
0	4
87	607
0	653
1	642
1216	6
12	154
56	0
1299	0
0	10
2071	842
0	62
0	90
24	76
0	84
0	91
1290	0
419	0
15	11
0	11
8	2
0	2
1023	58
98	39
0	18
16	291
0	221
0	225
210	117
262	339
0	337
0	0
0	693
0	693
1158	0
0	154
875	154
1197	246
0	245
1586	0
206	0
0	0
0	954
0	1
185	1518
0	1518
0	10
7	10
194	611
0	46
42	186
0	389
3	111
0	8
0	6
76	2579
3	347
4	2579
0	10
137	833
0	833
3	0
0	26
0	26
0	36
0	67
0	67
10	69
17	0
366	3
5043	2
4	15
12	0
173	0
6	127
584	127
1623	3
0	135
51	265
24	288
0	21489
215	1919
155	21996
89	23183
101	21293
0	165
0	93
0	148
0	137
0	190
5	24
92	24
2	0
0	0
8356	6842
0	6842
0	881
0	0
0	0
0	0
0	0
0	0
322	1545
3	128
0	15
27	847
0	1543
1086	1122
0	172
0	103
10	185
0	185
660	0
272	0
2	0
279	876
166	292
20	39
0	253
0	0
5	31
1127	31
94	0
3503	1
801	616
0	616
340	0
0	36
0	6
0	36
1360	0
0	5
0	2
76	122
39	338
0	291
1083	629
3	1897
551	1897
5	216
0	70
0	107
5	64
0	38
1	76
0	107
0	11
1	38
0	28
3	0
197	452
0	452
942	0
179	0
13	295
11	392
0	292
0	42
5	403
114	15408
3758	17942
173	18186
6	14107
203	0
0	79
3	109
157	226
17	56
70	9
0	9
14	0
433	0
1560	214
38	210
6	0
0	8
0	8
0	57
0	57
0	299
0	299
745	1087
0	285
0	174
0	1087
53	0
10	174
2	9
34	174
2342	1410
0	1056
5	395
0	288
0	0
0	0
24	2478
0	800
0	1289
0	2293
53	424
0	165
0	377
0	3
43	0
13	49
139	4
0	499
0	522
87	534
0	475
4	164
518	164
1027	1243
0	1243
19	0
7	35
0	35
253	2188
0	23
0	2188
80	0
764	664
11	222
44	0
40	1156
26	197
2	1156
0	0
7	2
0	0
0	2
139	218
15	63
681	54
3125	269
0	266
0	184
0	130
0	80
9	24
46	38
6	0
38	1851
7	1851
82	22
0	0
0	0
387	1707
1667	1707
811	0
0	0
662	1125
9	1131
10	0
1478	1
6371	1722
0	16
0	1701
45	1663
49	0
7	9
36	1152
8	100
386	4623
0	0
0	1338
31	606
0	673
0	231
0	169
8	160
0	3320
786	582
34	219
200	219
0	219
704	583
0	66
0	583
0	1
47	1
257	0
7112	3
93	594
25	594
75	101
0	0
0	47
0	39
7	88
0	73
40	36
498	1
0	0
0	0
0	0
241	123
3	85
0	106
0	70
1255	12402
6	1596
1	5640
0	4171
2097	8235
76	21
0	712
0	896
26	329
193	356
0	350
78	4508
94	265
100	4434
42	56
1	16
0	16
0	130
0	124
872	0
9	0
139	16
0	14
8	4
732	1518
0	0
0	89
226	113
0	18
0	0
0	0
0	0
238	1229
0	1289
0	1306
0	788
8	4
0	0
0	4
0	4777
34	6166
28	6126
0	6136
0	0
0	0
0	165
243	789
0	167
0	632
6	36
3	34
0	42
6	23
0	43
0	77
0	82
0	83
0	83
214	0
6	0
0	0
0	0
10	802
0	828
0	943
0	37
0	1013
0	34
0	3352
0	830
0	326
0	4
0	4178
0	4131
0	4115
0	4314
2	3852
3	0
0	0
0	0
0	133
0	252
0	267
0	0
0	0
130	1090
1532	0
61	461
0	291
0	124
43	450
0	0
0	9
0	6
0	0
2	0
0	0
0	0
11	1280
11	0
651	1913
0	1173
0	207
552	805
0	0
214	0
47	0
328	272
0	272
0	0
18	522
20	522
6	525
0	1064
8	1156
0	6
0	677
0	106
13	4987
216	4987
278	0
75	19
0	86
0	736
0	177
0	426
103	694
0	4472
0	2275
0	5125
4	4978
0	1943
0	5499
0	1
0	1
0	1
5	0
49	2568
22	2585
0	2589
0	2573
978	0
0	50
534	53
145	391
2	388
0	6
30206	27
0	7
0	14
0	14
21	6
0	6
6	1
0	0
0	157
4803	385
0	380
773	0
0	361
0	350
0	289
0	95
203	453
0	160
1	4
21	132
901	413
17	353
14	137
717	2954
75	3171
0	3171
0	0
41	424
0	424
0	152
17	152
32	94
21	0
29	94
38	34
0	0
2	26
0	26
0	0
0	21
1589	0
9	0
4	0
0	0
0	1220
0	1144
0	241
0	1066
3	1175
0	1088
49	859
47	859
2152	225
1	225
717	0
0	0
0	0
0	52
0	29
3	101
4	85
10	101
974	759
0	759
0	5
0	5
0	260
38	56
1750	1959
122	2044
3898	4841
43	4839
3	0
0	0
0	147
2	371
0	11
0	1
0	4
14	57
231	72
0	67
14	1561
173	1672
426	0
0	0
0	0
6	0
0	421
0	458
0	0
0	0
219	0
191	0
0	2574
247	2574
3	55
29	55
468	0
137	213
62	213
695	0
278	2807
3	2807
0	4
0	1
183	5
0	92
4	92
0	0
11	0
0	0
5	0
2	0
0	0
3	0
5	584
3857	1316
0	746
16	192
13	192
47	384
169	386
0	0
1	9
0	9
0	0
0	0
10	0
0	3
1488	0
0	35
24	35
76	1283
0	413
18	1283
21	75
0	1
0	0
0	0
26	563
14	563
468	0
0	17
16	46
0	44
0	46
0	41
106	0
0	5
0	0
0	0
0	0
2	244
0	313
0	319
0	67
0	419
0	731
117	731
169	804
0	804
9	0
9	0
0	134
17	134
0	0
0	0
54	0
18	244
0	16
3	244
32	0
5	0
0	0
24	140
423	3925
43	3924
1	3
0	3703
40	3706
1	4
541	2
11	136
0	65
0	16
0	65
85	680
103	681
153	532
0	532
0	0
0	0
0	0
0	0
0	0
17207	8
22093	193
2	172
256	74
2	77
2	77
2	19
2251	23
0	0
0	0
0	2
1388	0
994	2568
0	1562
307	2916
874	0
144	0
8	224
68	0
170	1447
0	396
498	396
15	0
0	0
350	845
7	3
0	3
0	3
0	0
0	30
301	938
842	526
1	412
678	878
0	878
0	12
0	14
0	14
1782	1
1159	11
390	0
18	658
199	1934
23	1807
0	1440
0	0
0	17412
2262	17412
3846	7367
0	446
0	108
16	7195
542	5223
628	5267
0	92
4117	5845
1253	1497
0	5845
1413	613
0	337
0	271
131	2993
5073	3507
0	3503
953	3357
0	0
1	0
0	0
0	0
0	0
39	855
0	289
498	800
0	293
53	850
74	2023
3919	2348
0	0
0	268
135	3059
7	3054
0	24
0	18
5	24
8767	9
0	0
0	0
0	0
1	0
0	90
1148	96
868	0
3	0
0	0
0	0
0	193
102	193
0	0
0	255
14	13
0	13
8	13
681	258
0	42
55	42
0	0
97	0
8101	173
0	170
0	425
2071	426
9	6
249	0
75	6
0	5
0	0
15	0
38	0
549	5577
0	5576
22	142
388	1464
0	1464
109	47
0	47
1	0
0	19
0	181
0	37
0	190
4	0
0	19
0	20
0	24
0	20
0	0
0	0
0	4
0	5
0	3
5	0
0	2
0	2
0	0
4	639
2	2321
46	506
339	7277
44	6656
1	2419
0	409
156	409
6	0
0	0
0	164
0	247
8	163
0	10
0	0
0	0
370	943
0	941
48	564
0	596
67	596
1080	0
2541	4
0	1180
0	231
0	935
0	1347
4581	2769
0	0
839	262
0	262
0	0
6	18
0	18
1	235
2	535
4	221
0	235
71	538
0	0
0	9
0	4
0	28
0	10
0	24
0	28
106	134
8	79
1225	144
0	144
0	0
1	0
0	0
99	53
41	0
3307	6564
133	279
19	3
1	398
6	486
8	23
0	5461
0	5433
204	33
0	33
0	0
8	24
0	17
0	4
106	196
0	4
683	0
16	64
291	0
1344	2
125	64
0	64
0	0
195	21
113	488
18	642
0	328
14	607
0	622
0	770
506	1069
0	299
4816	1
0	0
5	1
0	0
0	0
0	0
0	0
1	0
269	0
877	622
5	622
0	0
4	0
1121	0
179	0
0	0
13	16
15	16
0	0
9	106
17	170
0	57
0	147
0	133
1	0
0	0
112	518
2749	519
0	0
0	0
146	100
0	98
557	120
0	120
144	216
0	160
266	0
3514	1
125	1
66	10
54	5216
1987	2238
246	761
24	0
1014	2999
3	0
207	0
0	201
55	386
3	395
0	50
0	27
0	164
2458	90
56	226
0	14
1255	197
0	6
8	182
3	0
0	13
402	47
13	64
0	67
0	67
0	1707
0	5206
0	1848
0	1251
218	489
0	489
1059	996
2	240
0	101
0	486
23	539
0	24
3	1
8	24
0	615
537	617
0	138
163	1534
0	1517
682	2331
4	579
0	477
3	1047
0	1
343	3170
3	338
56	3140
1048	3907
0	13
0	3906
149	6
3	123
4696	2984
0	2899
0	21
19	33
41	1748
0	1748
106	0
0	500
0	209
0	136
0	526
0	5
0	5
0	0
422	0
26	0
0	1
11	1
1925	1
0	0
0	0
41	165
0	191
0	174
0	193
342	155
0	0
0	0
21	225
1257	445
9	443
3	0
2	0
2180	2
23	0
1	5
0	5
0	7
12	97
0	34
0	97
0	97
27	0
0	0
0	0
942	1
1110	2
0	0
0	0
0	0
0	1
110	325
55	0
5	0
290	848
0	575
0	339
0	538
0	811
58	122
0	121
0	5
0	11
0	11
0	0
347	515
0	515
0	11
565	359
0	5
16	370
0	0
0	0
1137	0
12	576
0	596
1	0
0	140
226	439
0	439
0	6
514	0
4	0
44	142
2	33
0	66
4	0
0	11
0	701
0	88
0	34
17	701
78	11
0	9
0	2
1	15
1110	599
12	581
4	15
1657	0
7	0
4	0
49	0
1	1
913	602
0	602
133	365
0	126
0	147
0	149
0	171
0	163
2796	181
3	179
164	115
5	115
67	95
160	95
0	0
959	253
0	55
0	0
1	645
0	231
0	231
0	8
0	231
0	0
0	0
0	0
256	510
2668	1
204	3924
308	3925
0	0
179	1418
0	682
22	1046
3113	8
0	0
0	226
0	39
0	222
15	659
13	660
4482	77
120	77
6	0
18	187
1	187
15730	17
0	0
0	681
599	681
4	354
2	331
34	142
0	35
150	15
0	15
0	0
0	0
2	1
0	1
9	28
0	0
6	608
0	20
0	608
0	0
156	0
136	0
12	0
0	125
108	297
638	539
0	226
0	0
2	0
0	2
0	2
0	0
0	73
0	54
865	690
0	30
0	36
42	252
0	228
537	1
1	0
0	0
0	15
11	1047
0	941
3564	2004
325	1859
1	0
13	105
0	105
0	0
0	0
0	0
0	0
0	0
0	2
3633	10044
0	10043
28	683
8	15
0	672
17	20
0	4
0	4
0	4
0	4
0	1
0	12
0	0
0	12
0	8
0	9
0	12
30	12
0	0
0	0
0	73
156	118
0	61
0	85
16	76
7171	9677
0	271
192	9653
0	103
0	58
0	203
61	203
5	142
136	5824
0	5824
0	491
0	20
0	30
0	58
0	75
0	423
8	478
0	859
519	1044
0	7
0	7
0	0
0	0
227	610
1845	10696
0	10696
0	1
0	1
310	157
0	157
0	619
0	212
2	212
0	218
0	211
0	212
0	211
2	213
0	208
1305	2090
61	2813
0	2792
271	0
120	538
472	5286
0	1957
0	4533
0	0
2	131
8	51
5	333
33	276
11	61
7	61
0	0
37	0
39	0
0	0
982	1
5	372
2	225
0	23
0	1459
5	1276
1907	1370
294	592
0	36
0	107
2	592
1675	521
0	172
0	521
1	7
3	7
1	0
419	493
91	0
1882	3317
0	3316
0	26
64	67
0	50
33	46
1	46
118	0
0	0
0	0
0	0
0	30
0	77
311	2350
0	2350
614	0
5	128
1551	189
0	183
68	168
31	168
12	85
4256	3
5	8
467	723
10	722
511	92
0	79
0	91
0	489
0	488
3	471
702	0
7	96
0	96
0	120
0	610
19	516
36	516
3	290
13	1296
6	469
0	1182
0	0
2418	995
34	990
3	0
0	0
1337	2
1183	0
0	0
76	3
0	3
49	44
0	10
3	1
30	1
3	0
150	880
0	880
0	0
2	1
0	5
739	6
21	998
0	998
0	37
25	47
3	0
976	1
654	228
0	92
351	4896
275	3688
0	157
0	4485
0	0
6	2545
0	923
0	946
21	2568
14	0
48	105
0	105
555	273
0	225
0	5338
0	3279
0	2582
11852	11198
114	2995
0	2995
0	0
1	0
138	205
42	205
192	180
288	122
1963	126
27	72
7	8
0	8
0	4
0	320
0	405
0	424
0	136
1	803
0	430
3	563
0	623
0	535
337	8
218	14669
185	0
4	240
0	18
2341	2063
403	2037
539	60
3	0
22527	10
0	57
0	57
33	143
0	148
0	148
807	4
1021	2
11867	7
32	165
0	165
0	13
0	13
0	13
0	86
197	86
0	13916
0	12214
341	25171
0	17542
0	21490
4	150
0	53
0	53
0	87
0	81
0	117
6	163
0	0
3055	14661
4464	1
2791	0
20	7
3	35
0	0
0	0
0	41
2	41
0	16
270	3064
0	81
0	27
0	430
0	3065
0	3043
4	6
0	0
0	0
59	178
262	178
487	0
9	994
0	899
81	94
0	94
80	0
0	220
32	278
61	334
361	245
0	160
0	157
1026	661
45	845
0	815
578	0
15	93
17	85
0	91
169	1002
0	569
102	433
7	0
18	0
3	0
0	0
0	0
0	0
0	0
0	0
193	0
463	1083
0	791
43	1415
0	1373
1150	22
2104	0
17	0
16	53
0	38
0	173
561	332
0	161
3	0
3910	5814
22	18
6	1
0	18
622	0
3	0
0	3
0	3
0	2
35	88
0	88
279	0
8	0
52	0
338	157
41	466
40	622
0	9
34	9
113	65
4	60
804	4
644	302
0	302
5564	495
0	89
0	96
0	49
2	405
98	443
27	447
0	668
0	497
0	998
88	1206
201	0
0	0
120	916
0	916
0	0
834	0
3	65
73	65
0	81
53	136
0	0
0	689
26	751
5	82
0	84
0	189
0	150
49	0
1347	0
2072	2133
2	1569
0	2122
0	1658
0	2122
4	292
0	292
0	0
0	0
0	9
15	11
0	4
3	64
161	64
0	1
130	7
0	7
0	42
0	565
22	565
0	3
0	3
2	3
806	167
0	167
323	4054
4	4054
10	54
1	1
0	152
818	1648
29	109
50	1621
30	97
0	97
42	216
0	160
10	261
822	27
0	27
0	5
0	5
0	0
0	0
1	13
49	13
32	0
0	0
0	0
491	0
4	5
0	5
13	3
0	34
1	34
11	0
1217	0
4312	987
1718	2061
1896	0
0	2
131	231
0	231
946	107
0	21
0	147
1022	263
0	116
242	0
84	0
31	0
0	20
0	0
5	676
0	57
4441	911
102	0
0	223
0	216
3	223
0	33
89	33
597	0
58	46
0	46
0	144
0	114
319	1139
0	91
0	1138
93	0
0	13
27	131
0	28
0	23
0	103
277	2
290	0
1677	2900
176	2900
4729	3809
0	3803
445	0
96	326
58	326
417	588
0	138
121	588
128	9
4	9
0	22
158	31
0	34
370	699
7	24
0	696
0	1
0	1
0	0
0	27
0	33
0	33
0	0
39	394
0	394
573	2
118	1042
210	1042
2	507
15	507
1129	1
25	449
7	449
190	0
0	0
0	0
0	58
0	71
0	99
0	321
0	62
0	26
0	304
0	331
61	0
0	38
295	360
0	265
4	0
71	0
2112	1
34	514
5	1328
5	380
3	288
0	208
0	176
0	872
19	212
447	1919
19	961
0	1077
0	0
0	0
1	0
0	4
4	4
141	0
39	59
0	59
518	1379
0	16
0	14
0	83
42	1375
0	0
0	0
0	53
162	55
0	562
0	2086
72	2101
1	2101
0	29
557	29
0	3
0	3
4	31
0	14
156	90
0	61
5	114
0	90
545	182
0	182
0	62
0	60
0	7
0	60
255	0
4797	6
196	150
2144	0
352	0
129	1306
10	1306
0	0
0	0
1	969
109	969
2099	4
95	39
210	302
45	19
1797	535
37	0
0	534
0	0
97	373
0	7
0	373
17	0
3798	6
2504	2368
0	918
0	0
0	0
0	0
267	0
185	0
0	0
0	0
0	66
963	437
0	11
0	74
0	31
0	56
118	130
66	0
97	11982
197	766
0	11615
107	0
121	0
31	381
0	381
4078	2155
73	2148
1	5
0	5
0	4
0	0
19	53
0	17
0	53
0	61
0	61
668	556
0	556
0	524
242	170
0	67
32	53
0	67
0	29
343	29
0	5
0	2619
5231	2626
0	0
0	0
0	5
0	5
305	280
0	2
6	2
0	0
39	507
4	514
0	119
0	472
0	489
0	0
3	83
0	169
1	394
61	394
0	530
1028	5538
0	135
4	0
9	5285
0	5403
1	5149
0	4678
0	1378
0	1194
0	1439
0	0
198	193
5610	2
10	120
49	120
0	7
0	17
0	17
0	18
0	1405
2480	1406
5	0
0	20
108	24
73	4184
300	4105
196	3372
18	0
0	54
0	0
2	54
6	339
1098	339
0	0
662	0
187	704
508	704
71	41
0	41
0	0
2469	38
0	37
24815	11304
0	11289
1328	21261
72	6136
3	1269
25	20664
424	235
3	55
0	235
396	1910
4	1859
1	391
0	1857
0	455
22	263
0	54
21	5
2690	497
141	253
0	0
0	253
18	28
2017	0
813	626
111	705
5	543
4	0
1190	0
0	3
0	18
5	1157
0	307
1452	1067
0	1
2	1
0	0
0	0
18	20
2	20
0	0
1400	4
242	364
0	364
0	122
0	32
0	123
0	125
0	3
3	0
743	0
0	111
26	111
224	374
155	737
0	737
230	1790
50	1790
15	18
0	0
135	424
5499	427
0	0
111	0
122	0
111	0
0	0
338	1
73	0
40	1496
0	1468
0	1466
0	1486
0	1480
1126	1285
5	0
0	0
0	0
2275	3
109	0
0	188
0	30
160	202
0	2
3	2
67	915
0	915
4	0
20	0
499	664
0	664
14	3
354	819
0	19
27	819
280	152
0	150
1	22
9	180
12	180
506	5
389	229
18	1520
95	1517
0	0
0	0
995	412
0	408
738	1144
0	181
3	963
34	1770
2	1770
0	2760
0	199
87	2760
0	0
0	0
0	4
0	9
0	80
0	32
0	48
0	74
32	199
49	199
268	1235
0	1223
0	12
22	0
0	0
602	0
511	0
18	31
0	0
0	20
1975	2
7	1441
3746	1442
16	0
156	0
2552	449
19	449
11	42
0	15
0	17
0	14
0	21
273	25094
2524	25166
0	25166
0	20
0	16
0	16
0	20
49	55
0	220
3	371
0	281
13	371
237	9
0	9
60	1281
0	0
0	3932
452	4192
0	3692
11	4448
0	0
0	0
0	0
0	0
0	1
0	0
0	0
0	0
0	16
0	19
0	19
0	546
5	2488
193	2488
29492	22749
335	22729
9	27
41	192
5	169
0	168
11	2
175	155
2	155
0	25
12	39
0	308
0	400
470	402
133	74
2	74
20	0
1214	1036
1211	876
1	0
0	0
849	69
207	69
0	0
0	0
0	113
6	278
483	0
13344	12
125	28
0	28
2966	1443
288	16
0	16
110	198
507	399
0	399
121	0
2384	2693
0	2687
0	2
6	2
272	825
90	1
125	3707
0	3707
0	28
0	28
400	224
334	2644
0	2559
0	222
0	84
1	0
0	37
48	554
1	554
7	0
0	3721
673	3723
3	0
4	0
768	612
0	481
0	480
0	612
0	481
3	0
0	5
0	0
31	0
133	4694
0	4694
632	1
109	167
0	88
3	73
0	7
5	132
0	132
403	0
0	6
0	6
123	68
27	249
0	285
2780	1671
68	55
0	1556
184	1272
2	7
0	7
625	6897
0	6897
278	0
1087	2
549	1193
0	1244
1	1219
44	1244
9	1219
36	290
0	23
207	353
0	353
16	1879
0	372
0	583
0	110
0	185
23	1025
97	2056
15253	6
4	198
2	0
7	556
0	195
127	5442
16	5395
37	2533
0	2558
0	2660
0	2184
0	3791
5	2278
169	0
0	56
74	283
48	283
495	657
17	657
236	2311
6	1934
12	2475
1092	3278
418	0
126	142
0	164
13	175
301	4
0	0
0	0
99	0
1	0
2	181
0	169
0	181
0	141
34	0
24	0
113	28
0	28
10	0
6	19
2	21
0	0
1	0
471	133
267	930
0	327
22	327
1364	12
11	0
0	0
0	0
0	0
0	0
0	31
4	22
0	61
57	62
0	0
8513	2
0	2
0	1
0	2
0	2
939	0
0	0
0	0
0	0
0	0
0	0
0	0
0	0
0	0
16	280
255	280
0	0
0	20
0	5
0	19
161	0
690	0
418	385
638	657
0	655
8752	5
7	58
0	16
0	9
3	59
26	481
0	483
0	487
24	1546
17	694
70	1434
0	655
5	486
0	0
149	106
2442	2669
33	541
0	2342
0	2402
0	2214
6218	7
448	942
1	195
0	855
585	196
0	196
0	129
0	666
0	641
0	649
1072	0
0	0
10	157
0	4
0	5
0	25
259	26
200	116
0	116
397	2468
0	2468
0	195
4	195
534	1345
102	1345
470	160
0	160
0	115
0	480
331	1479
0	1007
0	1131
9	16
0	16
861	529
0	404
49	404
8	20
0	17
0	25
0	25
0	20
0	25
0	25
59	58
0	153
2	150
0	57
0	0
1	0
0	0
110	243
16	300
6	301
14	0
348	0
0	0
2758	2
69	15
82	36
6	36
2	0
762	296
0	294
0	0
1	0
21	41
6	41
0	0
1	0
666	0
273	0
0	95
2	139
11	175
6	1559
0	1631
92	1628
0	1692
44	11
0	11
0	0
3442	2981
0	2838
0	2916
0	2916
227	94
0	94
2	0
2	13
0	0
434	0
100	0
1121	480
1012	0
598	120
0	120
0	0
10	0
3	85
0	6
0	82
492	0
0	316
0	59
27	334
8	334
0	321
2343	323
135	973
0	241
0	916
0	946
69	695
496	0
94	13
2722	0
585	2563
21	1215
0	1636
4	510
4	315
3	88
142	690
0	630
133	43
0	43
0	0
0	0
0	0
1531	175
38	893
2	929
20	952
3	15
37	31
0	31
0	0
0	1101
295	1101
0	41
884	543
0	543
0	10
0	10
0	3346
33	83
45	3124
0	1585
0	2295
0	2403
0	2208
4	0
0	0
9	106
0	62
3	101
15	31
97	179
1582	116
0	0
0	0
19	816
1202	817
101	4517
0	4529
38	4327
211	0
0	152
30	261
0	157
0	261
0	185
0	236
96	27
5	36
0	36
0	228
0	179
0	181
0	181
34	520
0	236
361	552
0	265
448	117
0	115
0	0
1671	0
151	108
0	108
869	332
0	332
55	342
405	342
1104	9893
0	566
2504	12310
1	6048
2743	3
90	1
3	1
0	1
2	0
0	0
0	13
138	13
372	433
0	433
16	414
0	132
391	132
65	9
27	917
0	1479
84	437
0	756
8	660
0	245
0	1355
61	1052
14	117
0	1052
0	18
0	3
46	18
6654	514
0	510
153	745
14	4093
13	4254
40	4135
0	531
17	48
0	455
0	561
5	582
0	78
0	78
4780	1
89	561
6	787
8	519
426	600
542	729
2	45
0	729
43	59
0	59
1	0
4213	517
0	515
1468	6
4188	2
6	47
8	47
0	417
0	338
554	840
0	535
3	0
0	742
11	1496
2	1539
0	1609
0	789
1	2386
32	3125
0	1772
7	23
0	23
0	1
0	0
16	0
689	0
1494	0
283	155
0	3
2	3
2323	2
119	125
0	125
292	1673
0	0
1290	267
0	267
36	161
0	0
0	0
0	0
0	0
0	0
0	0
3	0
0	0
0	1830
95	1830
75	37
13	131
0	15
0	123
0	8
0	5
0	8
0	8
0	8
0	8
830	0
0	0
1044	3
842	733
0	728
0	11
0	11
0	6
0	6
0	4
0	4
0	67
110	470
2015	7389
55	61
1	7436
106	7436
0	132
188	861
0	351
0	122
462	125
25	0
0	33
221	33
311	273
0	42
0	282
0	292
1241	1
12	0
1542	0
8	123
0	123
13	0
598	0
0	30
0	30
0	0
0	0
1	0
0	7
0	1
0	0
0	28
0	14
3	27
0	0
0	4
0	6
0	11
4	27
1	30
0	9
0	2
3	2
0	47
0	11
0	47
902	1348
56	1348
1	336
0	26
13	336
0	205
114	205
0	10
310	13
0	0
2	212
0	212
0	206
0	245
860	245
0	5
525	324
0	5
140	291
0	11
331	1
4	0
820	4
0	0
0	0
12	54
0	54
15	0
0	0
14	574
0	0
0	1
0	558
16	0
2	43
49	61
0	70
28	51
0	0
1024	372
0	286
673	0
877	50
0	50
0	398
0	10
0	266
60	453
123	0
2	35
378	965
11	0
63	1453
2	1543
0	8
6	0
182	155
0	153
0	304
2083	690
0	394
1	51
0	15
0	56
57	326
0	333
0	404
0	0
0	1476
14	1278
1	1312
528	1442
11	282
4	282
161	891
0	851
0	739
0	107
375	702
0	538
0	405
0	0
0	0
0	0
0	0
1	0
0	1
18	11
0	5
7	2082
11918	2107
465	477
5	369
0	395
31	153
0	0
1	47
0	44
93	1479
0	44
0	1479
0	23
0	14
9	25
632	14
351	0
1649	2
5475	2506
1	2506
0	0
0	0
0	160
219	165
916	0
0	22
395	0
0	0
68	478
638	480
43	88
0	88
0	0
0	0
0	0
0	0
0	0
0	273
44	251
0	1150
3	1315
2	560
493	612
0	148
0	230
0	212
0	264
0	0
0	0
2083	2104
39	218
820	2104
22	0
371	407
209	407
6	398
126	398
11	572
7	119
5	588
25	0
0	1
0	1
0	71
7	74
0	94
0	22
0	104
67	1084
0	992
0	973
238	0
1	0
632	117
2597	208
56	0
1949	1
0	1
925	2271
0	1261
0	0
0	0
11	72
17	126
0	126
1682	0
532	183
0	183
5	4170
3319	4175
80	0
13	4
0	4
0	75
6	54
0	54
0	0
0	0
72	137
9	137
0	15
1567	395
4043	699
33	603
89	612
184	13
0	3
1	3
658	125
0	125
5	0
0	0
1	0
1961	0
109	200
1572	200
0	22
0	22
144	949
229	949
272	717
0	0
2	59
4	31
1	59
626	0
552	465
351	464
0	59
34	59
3039	2
1425	0
0	1
0	1
2714	70
1	311
0	243
1488	467
174	1422
1212	1422
17	81
0	6
0	81
0	81
0	0
0	0
0	0
0	523
0	661
0	146
0	139
231	891
0	327
0	183
0	0
112	0
0	2307
0	3015
2	2881
0	3782
87	3782
38	671
0	586
0	587
0	586
0	0
0	0
17	0
334	0
340	308
0	297
0	87
35	4
0	4
1319	0
48	0
227	2782
0	104
1	2793
31	2826
5	2608
0	2842
0	1
0	1
0	565
277	565
149	0
329	0
0	87
439	88
54	126
0	48
0	0
881	0
0	1
16	1
0	0
0	0
183	319
2	317
7	16
428	16
2	0
130	102
0	102
318	137
0	1
0	1
76	257
1	473
0	483
1156	1
0	0
52	4198
265	4198
177	235
0	0
0	0
47	21
0	20
0	1
0	0
194	242
0	234
756	572
12	0
39	24
1630	24
43	1
109	0
307	1251
0	1251
270	861
0	840
0	867
36	867
19	650
344	650
0	3
0	3
131	3024
1041	3025
1	147
0	114
342	146
324	948
0	948
0	4
0	5
54	1017
0	1492
0	1588
0	306
0	4
0	16
0	4
0	16
0	11
0	467
10	467
65	144
0	144
2	19
0	12
0	13
0	20
0	20
0	0
0	1
0	4
425	6
0	0
0	2
0	2
0	5
0	5
0	0
0	1
0	1
347	620
0	620
0	1126
730	1902
652	42
196	42
0	47
0	0
0	14
0	14
0	0
0	0
0	0
43	15
0	15
20	505
0	516
1	502
1249	835
12	198
0	633
2377	360
25	360
552	297
0	153
0	142
0	0
3678	1
0	266
41	1788
0	1788
0	64
0	319
0	324
12	324
0	126
835	126
143	1281
6	1287
85	312
44	189
47635	22
736	772
37	609
38	772
5	0
0	24
0	17
0	55
22	61
129	0
0	0
582	599
95	0
4	83
95	83
2299	0
0	0
0	0
0	20
26	72
0	42
13	76
0	63
302	147
0	147
2171	12274
0	463
5	4132
9	12263
0	0
0	25
1264	759
31	785
3501	1
0	125
4	118
0	154
0	150
0	141
0	123
0	113
0	121
151	160
0	169
9	167
16	249
869	413
36	404
182	386
0	386
13	0
0	433
220	438
0	230
0	32
8	92
0	57
1338	1240
0	977
0	1095
0	1021
131	1262
3230	1938
25	1937
0	6
9	117
0	0
132	2102
12	2102
117	1229
11	1229
19	319
10	68
12	319
3389	1
8	136
10	136
0	1
0	165
0	162
0	165
0	135
983	781
0	10
173	10
1009	445
0	162
0	445
335	6572
13	574
0	4764
38	6658
0	14
0	15
18	40
2	41
0	0
0	0
17	69
49	63
335	0
27	151
41	0
0	442
30	442
0	0
0	2
307	2
0	8
0	8
314	0
0	0
233	7819
6	7819
0	158
35	833
26	833
0	0
9	0
0	3
0	0
0	2
0	0
0	3
0	3
6154	9891
2	9888
1004	930
425	929
199	925
2	925
0	653
38	575
69	472
0	379
316	2253
5	146
0	153
3	132
0	89
8	20
13	288
0	132
300	395
17	30
199	320
0	153
0	0
661	8
30	8
2	19
0	19
35	341
51	217
15	18
66	18
1	2
0	2
206	246
0	80
0	56
0	21
0	14
0	111
27	0
255	1075
0	969
0	1075
0	2201
1415	3717
4	2322
0	3
0	5
0	2
1799	5441
3	609
47	5441
160	0
4374	7
210	366
21	365
1	4
15	4
0	29
0	29
383	1189
5	235
0	378
15	975
2348	3275
0	3274
161	23
0	23
13578	10
419	318
0	318
0	42
2	42
3	22
829	608
106	0
0	86
14	256
34	217
0	0
6121	6
0	0
282	37
0	37
5	906
115	906
1404	0
0	0
1547	617
0	0
0	0
0	89
4	18
23	342
5	116
0	343
4	0
0	0
3	4
0	0
0	4
2	0
0	0
0	0
33	0
110	43
494	0
0	23
0	21
2	2
0	2
97	72
9	0
1329	1125
16	1127
0	1112
2	4
0	4
1	0
0	0
0	276
288	276
19	0
0	11
89	914
6	915
43	0
0	2
0	0
2	2
0	55
0	0
89	55
0	55
0	96
0	122
324	1106
0	436
58	10
0	10
354	0
22	36
0	33
0	28
0	12
128	0
0	318
65	318
194	644
0	396
0	332
10	388
0	252
0	388
3	6
0	9
0	9
29	6
1	150
0	6
0	296
40	1469
0	621
0	1382
0	0
0	0
255	0
2672	3
7	0
0	0
0	9
3	12
0	6
0	6
0	6
9	6
374	1221
0	7
0	1219
35	1183
126	26
0	26
602	417
4	119
324	1468
0	13
87	514
0	399
0	501
0	0
75	304
0	235
0	111
0	247
13	260
3058	2754
0	2456
0	1134
0	874
0	0
0	0
0	0
38	0
0	8
0	4
12	205
946	285
99	0
0	0
205	0
0	0
784	0
404	127
0	126
21	755
27	881
0	659
47	623
220	2015
10	2132
3	0
2312	1
0	865
8	880
251	4696
7	1153
19	1547
0	2234
27	4268
0	1832
0	2234
0	0
63	47
0	42
125	42
9	246
0	13
0	8
19	243
78	57
59	57
0	0
32	35
39	35
1	30
5804	488
243	515
4	205
9	205
0	141
304	394
113	394
16	282
71	282
0	4
0	4
0	4
19	272
1	273
36	3378
1	248
73	3369
35	291
7	1002
111	867
0	0
4	0
15	12
0	8
0	51
7	51
0	70
0	242
915	690
0	690
0	616
0	690
0	0
3	0
8	7
10	7
8919	381
0	355
1225	1020
274	133
8	133
13	178
0	54
0	178
9	0
3	19
50	19
205	67
0	67
25	24
0	24
41	629
14	118
0	629
1	119
0	0
43	119
0	34
1	34
3	0
0	35
42	35
0	0
0	0
0	0
0	353
46	353
1847	1171
0	828
0	926
0	730
0	614
0	861
0	3
0	3
0	3
579	0
1038	515
0	541
0	83
0	122
0	84
14	94
0	58
237	58
20	0
1044	0
173	0
66	1228
14	1228
110	12
232	165
10	165
1675	0
116	134
0	134
5	0
8854	1667
3	72
0	71
0	38
6	73
0	72
20	130
0	130
11	630
0	201
12	566
4176	291
5	281
2904	1443
6	1440
628	346
5128	6952
0	29
14	18
1	0
5	5
31	5
0	0
0	0
0	0
2186	2
1	0
7	3
1	14
787	130
0	130
84	111
2	6
0	106
0	0
69	94
249	0
68	0
22	226
0	226
641	3428
0	3425
37	3391
0	3195
0	1153
0	3211
87	0
228	183
15	120
5	77
3	96
0	282
0	52
2	475
9	276
541	1287
7	588
0	706
0	86
3	114
85	116
598	0
501	421
363	36
1	4
0	32
8	640
0	2075
0	159
77	954
0	1770
81	378
659	4804
79	7906
44	66
0	66
369	554
0	554
8	2103
6	118
0	1189
0	2195
97	0
4	8
0	0
2	8
0	211
98	211
0	190
3	70
1018	4735
196	5903
0	3614
0	11
0	11
20	0
0	0
5	38
0	1
0	37
0	0
76	72
4	72
0	0
0	0
0	0
63744	24036
9568	19731
1800	12605
4	3099
67	7409
0	7355
139	12960
0	7911
0	36
1	129
2	101
60	60
715	2847
9	2850
0	2
0	0
0	2
0	2
0	0
0	0
10	228
0	168
328	0
462	717
2804	3513
0	190
0	3415
223	3418
5	10
0	0
0	0
0	0
0	166
4	195
0	118
14	509
6	789
137	1850
133	1800
0	104
0	379
0	172
0	143
14	350
3	0
0	29
0	29
0	2
4	2
2444	471
20	469
5552	62
0	9
0	54
101	13
705	1
16	163
0	143
0	306
0	264
0	448
11	221
10	1693
64	140
1	1603
0	702
0	677
0	669
0	220
0	644
70	0
158	62
0	0
0	0
0	0
0	0
0	656
77	126
0	126
1623	613
327	0
12	3
6	3
7	1
0	8
687	0
10	205
73	205
0	3
0	0
0	3
0	3
0	0
17	0
73	1889
169	1889
0	0
5	7
0	3
0	0
0	16
0	11
0	16
43	1
0	0
130	480
27	237
96	0
0	237
18	0
0	0
0	1
0	1
0	1
0	3
6	3
18	41
12	41
463	0
267	83
0	83
0	50
113	1176
7	816
36	885
0	502
0	40
0	37
3500	2625
1	2402
1	54
140	44
291	0
1248	3
3	53
0	53
256	295
0	0
0	0
0	2
0	43
989	110
65	146
0	1158
2	653
3367	1791
0	1141
1896	101
0	101
0	27
0	25
3	35
0	27
10	0
0	2
494	0
0	3
0	5
1	6
416	0
0	14
2	14
0	0
0	0
0	4
0	0
720	6738
0	6737
406	0
4269	597
0	596
207	217
0	212
0	66
55	1785
0	639
0	1714
5	13
14	13
205	1452
13	1452
607	0
512	177
0	139
0	50
0	63
0	131
263	59
1	5
0	54
67	0
0	2733
0	5260
719	18406
0	4261
0	5453
1503	18240
3	52
18	52
0	37
0	21
0	942
13	951
9	1101
0	1065
86	1761
0	598
0	98
70	3044
0	2179
88	1815
0	3332
21	269
7	332
0	6
1565	2
9	0
0	0
0	0
1	75
0	75
1136	269
1	0
0	0
0	0
0	0
0	0
152	248
0	40
35	86
602	2454
435	324
298	8595
0	2335
0	0
0	0
0	204
304	204
1221	1
0	34
2	34
0	0
12	229
0	229
185	0
309	1281
20	1274
0	1284
2326	4895
1220	713
0	4576
36	235
26	22
13	266
203	239
17	0
0	0
0	0
1	6
87	94
4	94
25	0
653	1
2	73
574	74
580	0
4769	4
106	0
37	0
105	1267
0	1267
130	0
0	2
0	38
27	38
417	2802
0	921
4	2893
0	0
36	426
18	5436
0	713
121	4935
493	5382
68	5204
28	5083
0	285
114	285
81	0
13	0
0	32
14	32
0	6
6	6
0	0
0	0
139	4
0	4
0	0
4	0
0	167
224	14303
5	11671
0	3344
0	14059
1	2
0	2
96	6
489	78
0	6
0	72
339	656
0	421
0	1856
35	2638
1010	0
0	15
5	13
241	2711
0	55
0	542
3	2720
0	61
0	257
0	13
11	2253
0	2227
0	1362
0	1618
36	1556
18	1065
4	1457
0	933
1727	934
0	73
1	93
897	680
0	215
0	637
387	1
12	0
1355	364
12	0
382	0
0	0
2211	1240
0	1483
0	1544
164	224
0	119
0	224
0	363
8760	373
0	40
0	0
0	67
0	120
0	23
1	145
0	102
247	97
0	95
4205	19
1	11
0	0
0	116
0	2
0	54
0	30
2269	253
0	223
785	228
0	228
0	0
0	0
0	223
539	223
1099	1288
0	1355
92	1290
0	1
0	13
314	619
0	606
3	0
524	0
0	70
209	307
4	60
9	60
0	0
12	0
4289	6559
0	6553
29	1822
0	114
52	1822
7	89
165	1919
98	2
0	0
0	0
10358	5
0	0
0	38
328	0
0	145
0	84
865	229
2	33
0	35
0	0
0	7
0	0
0	0
16	10
0	10
0	297
139	616
42	326
0	326
0	154
26	1408
0	3998
0	4038
0	185
0	135
5	73
15	858
2	858
0	488
287	0
676	608
1	411
1	102
230	3903
2338	3903
2318	1733
0	1733
0	24
1	65
0	25
0	60
25	749
0	145
598	752
0	1
13	178
2	121
624	181
0	0
719	91
158	42
41	49
859	60
0	60
13	42
39	44
21	9397
0	12279
25	7915
0	12379
0	12463
0	12461
0	0
0	0
0	0
1	1
17545	17
46	0
2	21
0	21
0	21
0	31
0	28
0	610
0	130
0	42
0	604
1	609
2370	369
0	364
0	56
0	734
5	577
0	59
22	737
468	597
2	161
17	578
60	215
0	213
49	0
477	0
45	183
597	2142
0	2109
1	404
4862	405
0	2
1	2
1	53
9	53
26	21
0	21
0	7
195	631
0	631
592	7
416	0
0	537
0	845
0	822
8	1
868	1
0	16
176	45
0	29
0	0
458	0
967	184
0	184
2	0
2	369
0	59
0	348
0	123
22	52
0	25
0	0
0	0
183	190
509	191
0	0
38	92
0	92
240	240
0	240
0	59
43	549
7	417
8	511
0	22
447	0
522	0
160	0
1571	2
17	401
0	1312
3	1196
105	6023
5	1647
14	5554
62	0
18	78
128	78
3	34
0	29
0	29
0	34
0	34
828	0
29	9932
371	3625
9	10361
112	0
10	70
7	8
8	1
77	0
36	69
0	1
192	733
0	727
0	723
19	0
0	332
0	0
0	7
0	323
0	332
491	61
0	61
5454	4
305	272
0	101
3	46
0	31
74	269
1	269
5	2
0	2
0	2
0	50
0	2265
2	2273
15	8
0	8
276	224
0	22
0	10
0	40
11	40
0	0
165	232
0	231
139	481
38	481
5	47
0	47
0	0
0	0
0	0
0	0
958	0
50	0
0	118
18	118
0	171
26	171
165	106
5	106
5	0
806	80
0	79
292	0
5	0
0	0
2	13
8	1
2181	0
470	0
69	155
0	260
0	294
0	0
0	0
0	24
0	0
0	24
251	1523
8	1523
0	74
247	788
2	788
124	362
1	362
0	0
6975	2397
0	2394
0	85
0	85
200	562
349	562
0	7
1	7
3	1
9	3914
0	59
0	903
3	1078
4	3723
0	3076
0	0
14692	7
8	41
26	41
1168	4
3	6
0	6
10	89
49	92
0	76
0	92
1	1
0	1
9	1382
12	1379
37	25
0	25
0	0
0	0
0	0
0	0
20	0
32	73
0	7
0	66
3150	63
0	59
773	2
0	89
17	89
1243	1
164	166
0	166
0	166
20	19
2	8
0	8
0	0
0	0
0	48
368	724
10	112
116	112
0	2
355	2
994	1324
3	0
614	0
1	49
0	9
17	191
284	2130
505	2106
2	173
0	173
0	35
9	35
147	21
0	21
66	151
0	0
0	0
0	0
0	0
0	0
839	1
2576	701
1	922
1211	0
0	0
0	815
7396	3433
0	2693
0	728
0	540
0	205
125	540
6	139
25	139
404	4948
0	1642
24	4952
1577	6050
85	2517
3	144
0	1
0	1382
702	2445
31	1550
10	769
9	5517
29	0
0	0
0	1
0	9
0	0
0	0
0	0
0	2
0	9
0	5
0	0
0	5
0	5
37	0
0	36
152	1373
0	0
0	14
0	69
0	57
0	60
0	35
3095	2
963	769
5	726
10	743
33	0
0	0
0	0
0	0
0	260
271	260
0	2062
8	2062
45	17
0	17
0	0
0	0
764	1508
0	1507
26	1
0	1
0	22
2940	23
0	746
3036	1508
0	541
1	307
0	662
270	117
41	0
0	0
0	0
0	0
0	0
0	0
2270	336
0	0
12	0
18	256
0	256
865	0
37	0
0	0
0	71
0	2
37	137
0	0
0	27
16	27
27	148
124	148
222	175
0	175
2732	202
0	202
0	0
1224	179
13	178
0	7991
0	8132
18409	8196
272	322
0	160
0	258
699	0
210	0
49	15
0	8
0	7
0	0
254	740
2	6
0	6
1347	757
13	101
1	0
27	0
772	1004
0	1004
0	8
174	10
180	568
1	0
0	0
74	4051
1	4051
0	188
0	21
176	188
0	178
0	151
0	45
628	151
0	3
23	3
16	287
1	329
0	34
1	31
0	34
0	34
76	352
6	244
2255	0
0	0
820	1191
73	213
353	609
0	606
19	14
0	15
0	14
1105	403
0	403
1684	0
0	364
451	364
128	185
647	185
0	273
854	273
2	91
0	622
0	672
6680	3
0	0
0	12
127	132
14	16
450	16
0	94
257	109
14	337
609	337
385	361
3	303
1	90
796	1543
2	1543
6	0
16973	4450
0	4435
0	582
131	723
0	352
41	133
153	125
7	12
9	14
9	16
0	30
0	25
0	30
0	28
0	520
1637	1682
20	1698
13	0
8	11
0	11
31	333
2	107
16	75
0	150
933	225
363	0
20	156
0	156
922	1
137	0
0	167
4153	167
0	3
0	3
0	3
0	0
0	0
0	3
0	11
0	320
0	883
0	882
0	94
0	14
0	684
0	902
0	900
72	265
0	109
12	211
1549	279
117	0
4	0
789	5690
0	5690
3	0
0	7
0	102
84	167
0	167
105	5
807	31
0	31
0	0
61	3
3525	6
0	6
0	0
5	16
0	19
0	0
0	1
895	1260
157	55
0	5
0	50
77	0
1156	1
3	185
0	54
356	198
181	88
0	88
0	356
54	1915
0	13
37	1915
0	31
0	262
0	276
0	225
65	295
0	23
7	197
0	178
0	138
28	120
16	98
51	890
0	586
5547	1
2597	1
91	0
365	0
586	0
152	0
0	0
26	20
70	43
0	43
8	486
0	2536
0	1772
127	1981
0	2822
0	1842
302	0
402	678
0	116
0	714
2	36
0	36
0	116
0	136
0	1480
1	1477
0	1469
0	24
0	10
0	27
0	31
0	0
7	25
0	29
2	29
0	198
51	198
0	53
31	374
0	4
0	370
230	482
0	482
97	0
316	462
0	168
6	470
0	280
3167	0
0	0
1959	2
0	1561
0	1078
0	2809
287	2866
0	131
30	148
2	0
3228	9
45	200
4	193
0	5559
1187	5562
0	0
28	566
0	0
14	0
14621	10
120	5
7	365
8	365
26	25
237	25
99	167
0	167
7	0
982	1
0	522
0	118
11	698
155	698
0	103
557	103
1142	1069
28	1021
954	25844
26	24880
0	25844
1	1
1	0
0	0
199	338
0	166
0	326
3	0
0	0
0	0
0	0
0	0
107	274
45	88
76	24
11	0
16	0
1072	0
898	966
3	966
7	1701
123	286
2	274
3	1701
1183	0
1871	2
849	1
0	9
0	9
9	9
0	8
0	4
199	0
594	3
0	105
4504	198
0	132
0	0
2	26
0	1
0	1
0	1
0	26
0	1
0	0
0	40
0	27
2	46
0	15
0	37
0	40
0	10
0	40
7	34
0	291
73	382
172	538
0	135
86	41
0	99
0	6
0	95
0	95
7	101
0	95
0	95
0	95
1017	0
130	0
0	0
0	0
21	507
0	507
0	44
0	147
0	1096
0	17
5	1179
0	1219
402	1
735	541
7	0
17431	6137
86	6082
0	1672
2	711
31	54
172	0
10	12
24	12
0	0
0	0
0	0
2759	102
73	0
129	0
1	35
0	2
1581	2339
0	2330
69	0
0	2
39	2
97	4764
102	457
0	120
0	4704
118	0
123	0
0	0
2143	63
0	59
72	38
0	38
18	16
0	3
0	4
0	4
19	42
2	43
2	43
37	0
9494	1075
0	1073
0	3
16	3
0	488
0	202
0	547
0	3231
153	3231
0	2769
0	0
6	0
0	37
699	37
2	3
9	3
34	267
5	214
0	214
0	267
0	83
0	2498
0	368
0	154
0	3869
4	3610
0	3176
0	3466
0	3584
0	243
10	243
20	303
5	384
0	6
4693	386
0	293
1043	293
0	46
35	46
0	0
0	0
0	0
0	0
1829	0
0	0
0	0
0	0
0	41
30	138
84	3564
444	4357
121	614
25	397
0	259
0	32
184	3455
3471	1112
3	1091
103	1109
115	410
131	410
0	0
0	0
0	0
9	2
0	62
0	2
0	153
0	67
0	61
0	145
1811	0
61	4041
38	4297
208	2743
0	273
31	650
5	599
53	387
84	387
468	491
0	0
25	490
251	0
11413	1198
0	1195
196	282
28	282
0	82
354	477
51	68
3	14
4	482
14	247
0	185
0	65
23	410
0	10
6	410
12	96
149	96
0	7
0	0
343	0
597	0
0	90
0	7
1	97
1	104
0	79
476	635
0	635
0	142
0	2
1540	1204
3	680
6	1203
402	1791
17	71
37	1790
695	924
0	0
0	0
2	203
975	205
0	154
1928	1
1362	513
0	130
0	480
2250	4
133	485
93	485
0	0
2496	0
0	3
0	3
482	93
1	62
0	29
145	0
96	0
538	148
0	148
0	95
0	95
650	730
0	2164
0	2171
0	2181
0	2170
1062	1940
48	1373
1	1938
28	71
0	49
54	49
0	435
0	413
266	0
307	535
0	203
142	1206
156	1044
146	1081
0	6
0	6
0	6
147	81
0	69
45	66
0	6
5	66
12	390
53	390
6	0
12	0
5	2
0	2
11	1
2	260
39	260
395	0
635	2295
265	1
0	0
0	0
0	0
0	0
0	0
0	0
322	662
0	0
0	0
0	0
0	0
3364	14701
0	14699
2490	3
0	6
0	6
0	0
0	0
0	0
61	0
0	0
0	0
11	5
18	370
0	370
3	236
0	1124
0	737
489	1124
137	0
1	0
0	0
0	0
10	37
2	37
185	0
0	5
0	110
133	5273
20	5272
41	52
3	3
2	11
0	39
0	39
38	45
0	46
0	43
0	152
26	311
0	2078
128	9099
61	9065
4	0
0	0
20	403
0	1354
1695	1351
1493	0
1	0
256	1528
0	1528
0	25
12	25
0	1012
0	494
93	1023
0	1008
85	1039
0	1871
0	1908
1136	0
413	56
0	56
596	0
2	6
4	4
0	6
130	0
446	887
0	886
0	11
552	0
16	329
0	117
7	359
2022	1
12	0
18	4
1657	4
10	0
2409	4
0	67
437	569
0	413
0	445
1960	2064
60	2064
0	0
0	0
0	0
211	412
0	2818
35	2889
6	211
1	211
208	4
485	4
1560	33
0	33
78	0
1329	0
153	0
972	0
5	5
1	5
3918	3
693	0
304	111
0	103
0	0
0	8
95	406
5	0
55	94
1	0
17	8
0	92
356	339
563	0
0	2
0	51
0	69
164	104
138	541
173	541
5	608
19	608
96	371
4	443
259	272
2141	6630
615	6628
0	4
0	4
375	144
0	291
30	323
0	152
7	64
17	69
7	69
103	2
3523	1822
0	1816
160	3624
6	3624
218	0
0	0
41	21
104	19
48	214
0	214
1305	4103
1085	4102
7	50
7	50
0	288
11	289
0	292
0	0
0	0
0	0
1	10
0	10
0	0
0	0
86	2899
313	2838
64	896
0	896
945	322
0	416
219	1089
0	123
0	19
1077	1550
4	1106
0	1042
0	934
35	1137
0	1103
0	1012
135	1037
0	1051
0	785
5	846
658	831
0	91
655	276
0	276
2884	1657
0	0
16	892
18	892
697	219
286	341
136	511
0	457
0	435
538	722
0	722
0	2
13	0
10	2
8	339
0	222
0	1271
1	1242
3	1300
0	27
0	27
0	27
3495	1759
0	19
0	173
26	1779
242	1190
15	885
4	324
56	1127
9	928
6	151
0	3
3	3
0	113
0	207
1	988
0	78
0	937
1104	2615
63	2720
4	1056
26	301
0	112
9	0
989	0
0	0
2	0
0	1
514	425
4	866
23	868
0	5
1	74
0	80
7	0
294	957
130	1562
0	199
0	0
0	436
0	119
140	555
0	0
0	11
0	376
0	475
0	475
25	388
0	400
491	0
1265	167
29	11
6	6
0	0
0	5
0	0
396	221
0	217
134	45
0	45
0	74
146	74
564	146
0	146
135	724
0	724
0	0
4	0
39	0
54	2921
0	1779
1	2929
486	0
317	1
0	0
3	0
4	10
0	10
0	0
0	0
0	4759
20	5577
75	5546
1447	1
0	6
0	165
855	165
11	0
2	137
728	966
0	961
0	0
0	0
34	39
0	39
0	0
0	0
6368	1
192	0
1856	734
18	729
28	0
116	1978
349	1979
98	135
0	142
20	142
0	0
102	1849
3	1101
0	364
72	1113
212	498
0	454
11	347
201	656
0	7
0	58
33	65
0	0
0	0
0	6702
4580	6704
8	608
12	56
0	41
0	10
4	86
6	75
0	78
0	195
0	177
0	7
0	0
0	26
0	26
0	0
0	0
8	11
9	11
769	0
1894	0
1	1
1510	0
258	0
0	0
0	8
0	2
0	8
167	1233
0	1069
1380	7
0	16
0	16
100	1031
0	1031
949	216
0	216
0	84
0	0
5	1
589	416
0	416
356	0
0	0
11715	10
295	22
1	9
0	9
93	150
0	150
37	96
0	96
2513	193
0	193
43	0
0	0
0	76
367	150
0	74
434	0
4	570
0	570
0	223
2	22
1	17
5	54
179	211
0	177
0	189
427	690
15949	3285
15	2812
0	458
72	1349
237	837
6	4
0	4
0	29
9	57
0	57
0	0
0	0
0	0
145	39
45	0
0	83
62	309
0	0
0	0
0	0
0	1418
3	1736
0	974
0	1438
0	9520
3	377
105	8208
0	9084
0	7849
15	67
0	167
0	9
24	189
16	167
8	0
4059	1857
4	1857
313	561
2113	3
106	0
0	763
0	151
1289	914
22	9
0	2116
0	244
0	259
45	2166
0	31
0	0
0	0
0	0
0	408
730	408
77	0
34	44
10	44
251	41
2	563
0	155
0	490
0	563
0	565
1	563
59	37
3	34
1	455
10	2045
81	2069
842	0
0	0
0	0
0	0
0	0
247	9
0	9
6	39
0	26
56	25
114	415
0	91
3	385
1098	1
175	3192
125	3227
752	0
656	1193
0	305
0	893
63	632
0	630
1816	1
4859	5863
3	5857
0	0
828	0
374	3
0	9281
467	9572
0	9575
0	17
68	64
6	8
19	21
104	81
0	81
56	23
513	18
2	170
0	164
212	252
0	88
18	191
0	160
8	0
0	0
0	0
159	8
36	0
13	0
1176	997
2	997
744	647
476	3
0	3
27	21
0	66
253	147
0	147
6	1
0	768
3	776
0	196
27	196
21	1014
0	5
0	1014
2	62
694	3466
0	3465
6	92
0	56
0	95
63	430
264	468
79	0
151	912
0	144
0	905
0	675
0	795
38	28
645	33
950	2300
132	2168
0	1748
150	0
17	3
550	71
25	70
0	18
1149	980
0	855
0	536
0	457
118	457
0	43
62	43
0	1
0	0
0	0
0	0
0	0
4327	489
0	486
2	6
0	6
0	37
232	37
59	5
272	129
13	78
284	0
47	1326
130	311
53	1610
0	387
0	3
168	39
45	8
27	83
284	83
0	13
9	18
2272	3
134	3629
0	3630
12	3650
0	0
1456	5
4	0
117	937
1	292
9	848
0	859
0	720
357	13499
14	13542
298	13246
0	0
0	0
2	9
2399	9
22	318
0	288
0	318
0	0
0	0
0	0
2	0
0	1
0	1
172	218
2327	18155
22	18372
5121	2
11169	1512
0	500
0	1540
1	825
4	301
0	1382
0	1087
0	1071
0	825
3704	0
107	13
0	13
229	33
0	13
0	20
3	0
0	591
0	257
9	431
0	591
2	0
268	4
0	4
0	0
28	0
1	0
0	0
0	0
0	0
0	0
0	0
16	233
0	114
0	102
762	0
130	11
16	0
7927	880
871	30
29	8
0	0
0	204
501	204
0	12
4	37
7	30
30	22
5	22
0	0
0	0
0	2500
0	150
0	2428
0	2457
0	2472
0	0
0	2
1	4
0	3
18	702
226	674
0	0
0	0
0	0
42	57
0	5
0	52
134	866
0	319
0	866
1526	11617
0	11616
0	0
159	67
2	67
44	0
93	0
623	2
351	323
254	1718
0	1718
26	1837
48	148
0	139
723	1278
1	1225
38	1212
0	1249
0	1278
207	7031
1107	7288
0	452
0	0
0	0
0	102
8	102
1611	0
3045	3
0	0
0	0
223	0
0	200
43	200
2	83
251	1500
0	1500
0	808
0	868
0	0
0	0
0	0
0	0
328	58
103	582
1075	642
0	37
316	2436
0	663
71	2486
0	363
262	683
87	588
31	588
0	95
1203	95
424	0
0	0
0	0
210	251
0	251
0	757
0	873
29	917
60	35
0	35
0	14
0	0
0	108
35	37
404	579
0	579
10	29
0	29
1418	1726
4	0
18	805
0	805
2238	2
227	624
9	624
8	0
2	0
0	0
41	0
21	125
0	125
2	7
0	7
0	7
720	237
1	141
0	230
21	371
3	117
19	371
0	22
17	22
0	6
3	6
374	116
0	116
4	1
4	114
21	114
35	34
18	34
326	441
0	630
0	31
674	677
0	613
111	860
8	305
0	873
0	0
424	689
3	294
0	209
89	310
6029	6071
0	18
2057	5950
1428	4
14	111
234	1005
36	1005
0	1
0	1
985	618
1	618
0	1292
6	13
416	5056
32	5414
1541	3633
0	3630
754	188
1771	3955
2	3954
2	6
0	6
695	0
0	0
0	0
0	0
0	0
3708	1
1025	28
348	490
180	3483
42	917
0	3351
1168	614
0	409
258	207
0	203
0	64
0	4
326	1545
0	1545
18	252
6	6572
0	6660
0	5
7	6535
64	2125
82	2127
0	2024
50	351
86	351
0	0
28	4
459	520
0	520
1	0
740	1565
0	120
0	287
0	1577
0	1570
0	1502
0	1615
0	1577
1	1602
0	0
603	0
857	2063
0	2016
0	238
0	539
0	2851
0	1986
3	1805
0	3168
5	3048
40	3947
1077	3173
0	330
1620	740
1137	750
0	95
2	153
1	43
7	119
3	365
1	272
1300	859
8	81
0	81
0	34
4	34
355	515
0	515
0	0
4	0
70	1172
0	1104
0	40
6	40
1	0
13	249
0	146
1961	129
36	129
0	11
0	0
127	0
5	836
81	836
103	0
0	6
5	4
5	8
4	8
0	3
1373	2
233	0
1	41
59	470
0	39
37	1
151	476
0	4
41	16
804	320
3	322
0	244
0	284
0	42
0	55
683	0
1819	0
265	152
1	152
0	0
871	10
0	0
0	0
30	190
0	189
2	117
111	117
0	120
909	228
0	108
30	245
0	245
19	12
0	0
0	40
45	0
0	24
0	481
34	481
305	396
0	1
2	1
3	282
0	93
0	11
499	323
155	334
0	312
84	5694
7	3283
47	4456
0	2141
646	7017
4	0
146	3093
0	94
0	69
10	3092
9	6
0	6
1	2
0	2
1605	0
0	3
0	8
0	0
7	8
0	0
0	3
3536	2
0	500
702	961
8	886
15	760
0	648
1063	0
39	0
1160	1
173	826
164	1
32	3
0	13
17	15
2	95
0	24
0	1541
0	49
77	1546
212	0
9	6
28	48
203	4
19	4
0	130
2113	131
29	319
0	319
5	7
0	7
0	318
2392	1184
85	1135
0	0
0	2114
0	2114
0	1394
24	1911
0	161
6	176
11	72
6	1837
6	0
0	0
161	0
108	0
0	0
0	0
0	0
2822	2
222	0
348	1
0	14
46	25
1290	401
0	396
3	116
4	115
17	46
0	36
2	2
0	70
0	40
0	71
326	0
0	25
0	366
0	4
0	95
1	39
4	3
0	360
0	343
0	360
0	347
160	781
0	497
0	497
0	381
13	0
0	0
35	99
6	0
2871	799
0	798
83	134
19	44
103	36
1106	10657
12	10657
0	0
0	7
0	7
0	0
49	7
133	0
1139	0
3762	1
12	154
14	700
157	693
1693	511
0	551
5	0
0	2214
1385	2214
1563	1
0	81
0	32
641	199
0	148
1136	0
0	10
292	1749
0	978
0	1404
647	0
59	1
0	33
0	48
0	137
9	137
0	9
0	0
822	0
28	0
415	435
48	435
17	0
129	0
0	33
13	2
65	35
0	3462
0	3161
4	3188
46	3489
328	188
39	178
0	178
110	5
266	174
4	174
0	77
238	621
7	621
2	122
27	122
0	28
2	118
0	76
0	0
0	0
0	111
0	114
0	48
0	109
0	79
0	45
0	10
0	86
0	45
0	86
0	81
452	790
0	310
663	818
13	0
2331	0
4	0
2	31
0	10
0	31
0	0
0	0
0	0
0	0
0	0
0	0
6	0
22	256
17	28
318	284
902	0
7	157
6	28
22	147
0	125
0	33
16	33
0	27
0	75
0	69
0	75
0	577
0	128
0	587
1945	1988
31	192
0	1715
1	1907
7	1825
0	1831
14676	18
4	0
226	0
0	36
0	36
0	16
0	17
0	1
1	0
10	162
0	99
0	64
318	0
0	0
3	1
1304	1648
142	2096
0	111
36	111
139	1890
0	244
0	1911
0	1750
648	1407
0	1591
1	1379
13	1399
640	3
18	7
0	6
12	0
1340	866
0	626
0	788
631	161
0	0
17	0
5249	10286
267	11237
164	165
0	80
289	80
1	1
627	0
0	0
0	0
0	0
39	305
0	0
19	242
0	127
2354	2015
278	1959
0	1935
0	0
119	812
0	389
0	0
4	38
0	38
335	483
2	483
2	0
1320	0
5085	4
0	154
0	0
15	80
119	242
3758	13135
0	1641
1	9381
0	10092
18	4956
0	0
0	0
0	0
79	1489
34	1489
9	18
0	18
5769	10
0	2882
0	212
0	5395
0	5377
455	1
0	0
212	1520
0	746
344	1958
0	19
96	21
0	5529
0	378
8	5529
0	4
4	4
163	1535
0	1535
3	23
0	23
1100	1
500	137
24	134
0	8
5	8
0	0
1	17
0	7
49	0
535	0
193	99
10	52
0	47
17	215
0	215
0	5
0	759
998	759
114	297
0	225
87	220
0	0
0	3
12	3
65	210
0	4
2	0
0	0
402	496
0	219
26	277
1329	1356
455	1
0	8
0	8
1	50
0	50
0	23
0	0
1	0
265	369
1	54
5	197
0	2
0	2
0	0
3	0
0	0
0	609
0	150
225	4983
277	5116
379	242
0	22
1	0
8	0
0	0
0	6
28	765
119	757
0	1138
0	2284
13	1883
51	1020
0	1854
0	2250
0	10
0	266
0	331
527	518
19	515
0	367
135	38
0	21
0	51
0	18
0	5
0	0
19	227
385	1115
46	563
400	975
0	4
33	4
729	1
5	27
0	0
3	354
0	126
445	320
794	0
3425	7
0	573
4	568
7	558
0	562
4	497
0	0
0	16
19	54
0	54
1049	2578
0	1
0	13
0	5
0	5
0	5
0	58
124	58
47	1450
406	1302
7	1466
226	2264
0	55
2	2278
0	2278
7	2314
71	354
0	3
0	1
0	0
0	0
18	4
0	0
0	0
121	3341
0	151
824	3056
0	359
0	158
1054	500
0	23
280	23
6849	7627
0	14
0	8
3	14
0	5
1	5
0	14
2	228
0	0
0	5
10	281
0	281
0	0
76	684
0	0
0	0
458	0
5	0
9	0
235	169
4	3
103	0
992	1125
8	328
0	876
10	37
0	4
0	0
0	0
1	0
55	2
1914	244
0	243
5	0
4	3950
210	3950
13	4
0	4
0	0
0	4
4	0
0	0
0	0
1	11
0	9
149	343
2	9
0	9
0	0
4	2
15	53
5	53
5	368
21	1280
6948	1652
2	2
38	2
6	2441
0	266
562	17398
65	15338
0	6807
13	16180
0	0
2	0
49	49
1	49
0	0
800	568
0	435
1	339
0	466
2	17
5	64
235	162
0	98
0	0
185	6592
7095	6590
0	3120
0	0
53	1
83	1
742	262
782	261
962	0
138	0
948	1935
0	567
442	367
121	1365
0	35
66	35
187	2
58	2
0	0
0	0
0	0
18	41
38	237
47	235
0	385
1402	385
0	3
0	3
0	0
0	0
245	0
142	5
2770	0
0	0
134	489
237	2496
0	666
0	2008
2877	3192
23	2411
0	3190
1	0
0	555
0	98
0	4115
0	4157
79	4171
43	531
62	531
28	322
0	112
214	1591
318	1327
152	1
0	1
785	1672
7	148
0	1682
6	193
0	13
0	132
0	185
62	139
0	606
1	195
2265	609
50	262
11	261
21	0
115	0
1	289
138	1
4	263
3	702
0	708
6	699
0	3
0	3
0	0
0	2066
0	2014
0	2014
28	1600
1	0
77	0
78	33
0	33
0	131
4	732
0	153
0	5
90	734
0	734
0	667
330	266
3	266
3	284
151	359
0	77
0	3
85	80
7	0
0	0
1330	0
0	0
0	2
0	2
213	21
0	21
5	22
11	46
6	59
0	29
0	63
1418	153
0	0
0	1
3	2
0	2
207	2621
0	567
0	2621
258	1065
0	172
0	1064
0	0
0	0
143	71
0	71
0	0
0	1317
0	9499
321	9500
0	656
54	656
0	3118
0	2829
32	3016
0	3005
0	42
0	64
2	129
7	482
23	518
0	463
0	524
0	203
4	0
341	1032
0	1032
279	80
0	80
1811	289
1	289
18	25
0	25
223	97
0	97
46	388
0	388
0	388
85	3
0	3
0	0
0	0
0	217
185	218
0	0
10	14
0	5
0	0
0	0
0	5
1587	1348
5	884
162	1170
116	244
0	1642
0	1648
887	2522
0	545
180	2522
0	52
0	38
0	37
1	25
0	4
0	4
42	14
0	0
0	14
0	0
1	48
2	59
0	59
2	22
0	22
109	13
0	13
0	12
93	0
894	1
2394	4
537	0
0	22
13	41
7	29
37	8
0	0
0	22
41	35
0	35
0	0
0	0
0	533
0	145
0	1543
518	1546
1	200
31	200
8	18
0	1
6	5
0	0
0	0
14	0
0	0
0	0
0	0
0	192
309	192
0	4585
0	102
0	487
0	535
1699	4585
232	2066
8	748
0	713
46	666
0	10
0	0
35	29
0	29
0	116
51	0
30	5160
0	857
0	5025
0	124
0	288
0	232
0	727
16	696
0	708
0	671
0	341
4	84
0	204
0	522
0	385
0	2725
0	110
0	2648
108	81
12	2316
14	2446
0	489
0	2081
0	2601
14	229
475	228
1	9
1	7
20	69
0	69
274	220
0	216
0	216
0	220
138	0
22	0
0	305
514	305
48	23
0	1718
1025	1718
0	0
0	5
0	5
181	1244
80	1244
374	219
0	0
8	116
25	162
2	0
30	8
0	3
0	44
0	65
37	65
49	2455
12	2455
760	91
3477	1487
0	152
0	91
0	1483
817	470
2	87
85	412
51	476
1889	1436
570	1436
26	81
27	81
364	0
105	776
0	776
239	4556
0	4338
10	4556
22	616
0	616
0	0
4998	1
140	2571
36	382
0	1941
14	2606
401	4640
0	4640
796	60
0	60
13	0
427	75
0	75
0	0
31	234
0	26
3481	3205
0	0
0	12
35	0
0	74
0	74
0	0
70	78
0	1
79	0
546	772
0	12
0	12
0	133
0	133
28	273
44	273
0	205
0	0
27	0
312	347
0	347
166	38
0	38
1866	3
6128	5
0	0
243	0
0	598
40	2512
3	236
1	15
16	2512
51	0
0	1
0	0
1	0
0	44
72	250
0	67
189	473
10	473
0	7
0	7
3439	0
3	12
4	12
634	7478
402	7477
79	0
104	1
0	16
11	17
31	243
35	243
0	35
428	2231
0	35
189	2196
4	0
1123	1558
0	1164
1531	1202
0	1202
793	0
346	398
0	398
3	443
31	443
86	29
0	29
3	0
35	36
669	41
16	299
26	302
0	299
0	180
2	248
1	4
1854	248
68	133
6	133
4838	6
5	2
0	0
0	2
1689	1835
0	235
0	958
0	392
848	0
0	415
1	1385
0	326
0	326
65	1476
0	101
811	537
0	232
0	444
22	246
54	627
0	33
126	873
0	1
0	0
0	7
27	7
2	0
0	0
83	0
19	1725
0	80
55	3665
0	3681
0	3751
0	2291
0	3751
1060	2
0	1
0	1
0	4
9	4
206	58
0	4
2646	1705
0	1705
77	1879
122	2208
46	2244
44736	34
271	1
23	31
40	775
88	4375
150	452
0	3335
253	2542
0	2669
3	2665
0	3070
473	0
768	6
0	353
19	353
0	3
0	3
0	19
0	5
0	19
6531	8625
12	4251
448	0
162	0
0	150
524	179
0	132
1131	13
2	5
5	5
0	103
0	127
0	127
0	0
0	0
132	144
52	144
231	0
15	0
0	0
0	0
0	0
19	2
1	6
0	6
0	4
0	10
0	8
328	191
0	181
0	6
47	248
17	248
0	7
0	7
0	7
6587	808
97	646
0	810
0	94
0	81
0	81
0	85
0	0
2	0
7	0
0	3
0	6
3	7
0	9
0	6
0	7
0	7
249	1022
0	10
0	906
0	687
5212	906
0	51
0	118
49	134
1598	108
533	847
6	645
492	1
12	201
0	194
9	185
684	18
0	18
2175	0
258	406
4077	4
0	0
0	12
0	369
2	114
0	61
1009	0
3533	1506
3609	1
992	839
13	839
13	0
0	2
4	10
0	513
0	0
0	517
0	517
10	68
0	0
2397	3
2	0
0	0
2177	4
167	11
0	11
5	0
0	0
0	0
5	29
241	29
3836	2
415	0
0	22
0	17
0	25
0	30
11	0
0	27
202	165
474	64
3	64
0	0
0	15
7	15
174	1045
0	1045
76	48
0	48
0	1579
498	2957
0	306
3546	3744
80	0
45	45
0	1
0	44
273	0
0	0
0	54
104	312
102	312
8	0
17	326
0	193
0	870
31	802
2112	1994
0	589
35	911
0	1888
0	4
7	1
0	1
0	1
313	294
0	294
1383	0
88	494
1000	494
9101	20
463	2128
0	1901
825	699
37	698
75	0
37	0
375	0
799	5
10	4
251	0
0	0
248	0
1321	1619
0	2
0	2
0	2
0	0
0	0
0	0
604	1361
8	1361
2360	768
0	766
31	744
102	1055
695	947
0	340
26	167
122	427
0	106
0	103
23	141
48	909
0	259
0	792
0	909
108	526
0	275
0	379
520	1
181	60
0	60
4	26
0	13
0	9
18	27
1	98
0	688
1579	688
17	14
0	404
3466	418
52	10
0	9
0	1
0	1
134	0
299	547
0	547
0	0
7	0
0	0
0	2
0	1
0	3
0	0
0	0
170	92
0	92
4	0
0	0
0	0
0	0
130	41
0	41
0	945
112	951
6	951
49	2063
54	2120
16	729
52	275
5	275
713	567
0	105
0	164
0	108
33	0
0	0
8	7
1	6
94	0
0	24
0	24
2833	1906
36	508
954	0
2	0
275	708
0	530
0	704
0	701
0	1167
2999	1169
3386	2
264	17
0	17
629	1
32	0
2	383
1207	1122
18	50
249	107
277	99
956	0
1	9
6	103
63	103
1484	345
4	258
14	87
26	0
0	1254
777	1487
499	2074
11	107
0	75
0	73
0	102
0	0
133	0
83	0
0	0
0	0
0	2
0	53
47	316
12	7
0	246
9	6
1	632
0	415
4	202
0	178
0	58
0	68
21	538
1233	0
0	62
71	62
12	55
11	55
2	45
0	5
0	0
614	651
0	2
0	847
0	10
0	269
143	1461
0	748
5	1461
0	419
0	427
0	185
1	209
1010	635
142	84
68	246
226	434
21	438
0	292
2644	681
9	1
0	1
1794	0
87	13
0	8
0	71
0	10
29	75
24	7
318	395
50	350
0	164
2633	249
84	0
846	0
0	23
5	23
69	0
1022	2
106	0
0	0
0	0
483	3006
0	450
109	3006
0	0
74	0
366	119
0	119
0	119
0	119
0	44
42	0
11	48
0	0
0	46
0	2
0	0
0	0
5596	4
116	1100
3	1100
15	17
13	17
301	26
0	26
54	152
36	14
0	152
0	20
0	582
83	582
150	1
174	0
0	0
0	0
0	0
0	0
46	0
467	0
0	0
0	0
2	0
6	488
0	263
35	1518
16	1428
215	0
369	25
0	25
0	660
0	78
0	402
0	1
0	1
0	1
50	248
0	31
2146	8
0	5
34506	37
111	252
38	252
258	89
0	89
0	3
0	3
41	4659
104	9537
271	3133
1601	9170
3159	1265
0	1264
25	56
0	56
0	16
0	16
0	16
660	0
2581	5203
5	5222
0	1481
0	0
0	7
0	56
71	401
1	360
50	395
0	401
1	0
0	0
5	0
3454	6
0	0
0	0
1490	0
1363	0
2	1
0	1
0	2
0	2
1268	15442
0	2066
0	14201
0	15255
0	16090
0	1
0	0
0	0
0	1
3011	254
0	253
0	135
0	89
1	104
1	89
3	614
0	79
0	590
11	120
95	128
10	0
3441	2
0	0
0	0
0	0
3619	1
0	0
100	430
82	430
1048	0
844	3748
0	210
269	297
2	0
1828	158
0	3
101	156
3	33
43	262
0	291
54	97
374	157
9	4
0	0
0	0
0	0
0	17
0	129
5	87
25	39
15	310
3	314
0	0
0	0
0	0
370	0
83	290
0	328
36	476
0	62
0	476
56	42
710	0
257	613
0	612
21	140
0	105
70	21107
159	21862
2972	20745
95	21090
0	279
51	279
0	101
0	103
71	423
3	448
0	29
4	29
6451	3683
539	2838
16	1003
10	14
3	3680
56	0
75	195
3	195
964	168
0	79
0	159
305	146
0	146
2	2
0	0
0	1411
0	287
3233	441
11	3100
69	3124
6	2843
133	1586
0	1586
384	1
6	10
0	0
6	4
339	0
2	0
12	18
0	18
22	25
0	268
129	1023
4	1023
750	0
0	0
0	0
0	0
1	6023
106	1012
0	320
0	1985
442	5998
0	0
0	0
0	166
0	1997
56	2545
0	426
0	0
0	6686
12	3664
101	6662
2904	114
302	1
0	0
570	4258
0	1496
0	976
0	643
8	3879
0	0
0	0
0	0
0	0
23	0
22	0
439	875
0	947
1	308
12	308
463	0
184	31
9	0
390	0
322	176
0	176
0	98
9	159
11698	12934
6	1799
0	1271
0	12215
0	0
31	57
168	0
15	0
15	30
96	0
0	6
0	6
0	6
0	6
0	6
0	9
4	7
8	482
16	482
181	13
3	0
0	13
1827	1
508	123
3	123
4386	6
163	232
6	232
119	1531
0	229
8	1327
0	1566
106	42
0	42
0	0
16	0
200	1
0	3478
0	3418
0	3383
0	3396
15	3164
0	2831
0	3249
10	67
117	0
1233	44
0	38
0	38
0	0
0	0
0	198
0	44
129	244
0	773
259	773
113	3
1	0
0	0
0	103
4	22
1	169
2	84
1753	692
231	607
111	427
0	1
0	40
17	427
0	0
73	0
2294	1452
0	1446
327	74
71	74
60	0
0	3
0	2
0	4
20	14
0	268
0	28
0	362
4	366
0	0
0	0
6	36
25	36
62	34
181	11
77	1
0	1
0	13
381	4
67	8
0	6
0	2
0	3
0	3
4	6
0	4
630	0
2	0
1	42
0	3
287	59
0	0
0	0
5	19
0	4
0	979
0	57
0	40
17	962
20	635
0	147
5	143
0	147
0	146
20	175
8	20
182	17
0	0
0	0
45	81
3	81
0	6
21	7
12	310
0	62
0	80
127	776
0	619
3	259
56	0
0	0
26	63
0	202
634	202
0	0
0	0
0	0
64	152
2	14
0	140
729	182
0	181
6	0
0	0
1	2
0	1
202	15
0	15
4	540
206	570
110	6921
75	2599
182	568
13	6921
40	2
20	0
6	2
14	2
2194	1
28	57
0	57
270	305
2908	2
0	128
1216	758
2	74
0	5
671	105
0	105
1	43
205	287
0	0
0	287
1065	1118
1	1118
197	0
0	10
0	10
401	909
0	909
254	2735
65	2735
0	1799
236	2627
0	2861
0	1022
131	1484
1	1484
3	0
0	3
372	146
3826	8401
0	17
0	5
0	19
0	20
0	76
0	0
0	6
0	76
0	79
0	75
326	124
0	124
118	0
128	0
18	0
9	0
638	0
0	0
137	42
0	36
29	0
70	161
76	141
0	119
3	143
9	1169
0	197
132	1169
0	303
6	260
285	1200
0	854
77	0
3	118
0	5
0	115
0	115
0	0
0	0
5863	0
1236	54
0	54
2810	1365
46	1364
2	0
278	0
0	1
0	0
0	0
0	4
0	10
0	14
0	9
0	10
0	1
0	0
0	0
0	0
1	289
18	289
0	0
72	1089
32	1089
41	397
409	232
2	0
1049	1605
35	555
0	638
5	671
0	519
0	750
0	773
19	19
0	19
20	7
20	3
0	6
4	3
1	3
0	0
0	150
0	49
4	47
21	784
0	832
0	91
3	296
5	212
0	1128
0	109
0	380
105	1157
2	263
180	391
255	560
3	175
127	697
193	2092
0	34
0	67
0	1610
0	2040
5	16
0	2
1563	148
0	147
0	252
0	344
0	62
0	81
0	151
8	311
378	338
0	135
0	1006
0	13
26	1018
0	937
0	915
0	14
0	7
222	81
0	81
0	0
0	0
335	1058
4	221
0	799
136	38
1134	9
0	9
1054	0
0	4
0	4
0	4
3464	4
338	0
0	0
23	1
0	1
1714	0
3023	4
75	0
0	0
0	0
0	0
0	0
0	0
0	4
0	4
0	4
0	4
0	4
0	17
7	17
0	0
1297	1212
0	1212
9	385
3851	385
1	241
1008	241
0	1
0	0
2723	2
86	0
0	0
0	0
0	0
278	0
117	195
6	195
123	1306
16	1306
5	626
20	626
5	0
122	65
5	65
1	0
559	19
0	19
2	0
0	0
5	0
20	0
0	742
54	747
468	0
386	0
2	25
6	172
0	170
20	38
846	0
1071	13854
1	2368
1	1351
293	0
0	0
1545	373
0	373
0	7
24	21
0	0
0	52
257	67
0	67
105	113
1913	114
68	2362
701	3964
236	2327
1541	7103
0	254
497	237
195	491
0	7
27	7
4	108
0	108
0	0
153	847
38	2517
44	2452
319	1411
48	1411
40	0
0	518
144	518
0	0
28	0
3	0
0	175
0	10
0	71
0	47
0	132
0	355
30	354
1051	1
0	0
0	332
916	2238
7	2444
0	0
0	0
34	227
0	233
41	2141
114	2133
473	7995
0	1844
0	6489
0	1069
7	7758
0	0
23	20
2	0
0	0
0	0
0	0
0	0
0	0
0	0
0	0
0	0
0	0
0	0
0	0
0	0
0	0
0	0
0	0
0	0
0	0
0	0
0	0
0	0
382	0
2679	922
5	922
0	161
244	161
27	0
9	0
0	0
0	60
0	13
0	22
0	96
0	96
2665	6628
3	6625
70	1332
3	1332
88	615
0	715
3856	111
0	106
13	0
0	1
133	1
373	764
61	372
2	174
59	174
1100	1152
0	1011
1	462
2867	3396
241	0
751	0
7	225
218	225
545	451
0	35
0	5
0	46
0	5
0	0
0	49
0	45
0	46
86	0
6	2
1623	17
0	17
3	0
507	0
674	393
0	0
2	390
535	53
0	24
0	29
6371	2647
0	1424
0	1219
0	7
0	7
233	0
0	93
644	93
86	214
114	214
183	0
1148	0
8	141
0	141
3544	1
1806	6
0	11
1	377
7	377
0	2
348	0
0	0
428	237
0	473
22	473
221	9
0	0
0	0
0	0
0	226
0	437
0	451
0	0
18	157
59	157
25	92
150	181
0	89
23	29
888	2
0	2
0	2
0	2
0	204
0	188
58	0
0	417
0	435
8	379
0	67
95	93
26	93
1793	659
0	658
562	2665
615	2677
270	1255
0	1254
13	2
160	740
168	923
82	106
3	84
475	3177
3512	1491
1093	6522
287	0
0	3
0	3
0	0
0	709
56	709
1225	657
0	657
59	845
0	84
115	155
0	917
0	9
0	782
18	170
422	1102
249	0
3	99
139	2
0	0
40	137
0	137
0	75
262	76
3	250
0	142
122	554
0	0
2	681
1125	0
0	60
0	478
0	535
17	535
2246	4373
4	941
0	4095
0	2665
36	2757
7	2756
157	0
588	0
4	43
4	43
0	0
593	0
0	0
0	0
0	0
0	0
0	0
0	776
553	776
8	16
11	0
1307	180
0	180
1122	282
0	13
2096	1
0	1820
0	50
1	1660
777	0
2555	0
0	0
0	0
0	0
0	0
0	0
0	0
0	0
0	0
2	18
24	18
16	0
434	336
0	332
0	256
0	0
0	0
20	274
0	266
0	0
0	0
0	0
0	0
2733	2
137	11211
0	6075
0	689
0	9983
6	189
0	44
0	189
628	1
68	1708
163	1679
5	1189
0	313
1785	1540
321	1361
0	1652
0	0
0	1
4914	2679
0	2678
0	0
0	0
14	421
0	405
0	421
242	303
0	262
4	55
104	98
0	98
0	14
2	14
0	14
53	11457
169	10518
7	10420
3	5614
8	8904
1	8861
231	291
9	553
0	467
129	515
2	0
0	1039
60	1216
0	1216
0	1216
4	5
0	5
0	312
10	255
269	1516
13	1494
0	0
1	91
2	668
4	332
16	1752
87	1773
70	2601
0	4172
2872	4173
303	157
16	157
4	23
1	23
514	318
0	190
6	678
3	280
3109	1903
3	1901
0	0
0	0
0	0
0	1
0	0
0	1
3	0
1	0
5	0
38	23
0	0
0	0
40	5842
7453	25697
0	25679
0	12
4	20
0	20
182	138
0	37
3	71
0	30
2	25
0	49
114	49
0	1
19	8
34	545
321	589
6	6
3	140
13	597
0	541
0	49
0	211
49	212
97	106
0	106
57	49
6	49
41	0
0	1512
0	1523
0	12
1	85
0	0
1	0
6	274
64	274
0	131
31	186
0	61
344	0
0	902
416	947
160	29
1	29
0	0
0	11
2	11
0	0
0	0
0	888
41	888
0	114
5	114
0	2
41	2
9341	1479
16	41
0	0
0	0
0	0
6602	4
203	1091
0	1073
0	1091
0	1084
5	62
0	0
0	0
20	3
0	3
14	11
3381	3
11	16
0	4
0	1
0	1
0	0
39	53
0	53
0	89
1	89
0	0
0	0
0	0
15	98
0	4
138	243
0	0
0	0
0	0
0	0
35	0
0	345
0	300
0	827
0	872
2460	0
376	0
60	1332
14	1332
20	978
0	978
7	978
775	0
316	454
43	475
423	0
129	0
40	81
0	486
92	621
54	450
20	78
30	24
0	24
0	577
486	864
0	574
0	410
0	356
0	1464
129	2078
0	1564
52	0
25	1
0	0
0	0
0	1314
817	1314
1	93
5	15
0	93
0	3
0	3
0	3
537	0
146	475
0	151
0	49
0	417
0	10
423	2635
45	202
0	348
33	2417
87	2535
9	5
0	1
48	2695
22	2688
0	2695
61	0
62	518
0	518
427	0
87	0
211	21
772	1219
0	0
0	0
0	0
0	0
4	15
0	196
0	204
0	191
0	412
0	298
13	115
322	414
51	671
0	671
15	884
2932	2
3972	2777
276	145
27	79
0	88
2	99
7836	137
15	1461
3	1461
0	4
1667	3
0	0
0	2
0	2
26	872
0	464
47	1027
0	297
9	1148
2	33
0	33
66	1762
0	1762
20	93
0	1067
0	85
140	107
0	106
0	85
0	53
0	20
0	44
0	55
1	31
0	55
0	53
0	55
0	64
0	105
0	33
2	56
0	104
0	55
0	116
0	63
11	311
322	1262
0	1262
18	101
29	101
0	0
7	564
0	192
5	357
9	67
0	68
247	323
4360	327
0	0
458	715
43	715
0	0
0	4
174	40
0	36
9	19
161	207
0	86
0	143
190	1510
11	1510
370	2
1406	444
123	437
5	5
0	5
1	10
4	4
2	4
1159	0
0	188
0	205
72	115
7	828
9	755
0	0
21	0
1155	0
162	140
627	1
0	100
0	24
57	169
8	124
0	82
16	131
0	1455
0	199
3	1595
377	48
0	1597
72	0
17	0
80	3353
1021	3353
514	0
0	2459
0	718
0	195
0	50
102	2463
0	281
0	621
16	621
378	6063
100	6063
0	8
15	60
0	60
0	0
0	0
0	0
0	0
2296	0
28	164
0	74
48	0
0	0
0	0
0	0
0	0
0	21
0	21
1	100
33	121
2017	97
0	92
0	0
0	0
0	79
297	79
0	188
0	7
0	590
0	611
3	624
4	12
2	12
0	150
4	1158
0	1880
90	1871
1628	110
19	1003
0	1003
61	0
0	187
0	165
618	2159
9	2034
2	0
303	1
0	0
4	0
0	0
0	0
58	0
0	0
562	0
0	3
0	3
0	3
0	0
58	133
0	34
12	111
10	0
0	0
0	15
213	42
2	42
114	220
1387	240
140	237
184	51
48	38
0	1
0	37
1118	3812
0	671
40	3811
29	142
0	56
211	0
53	431
0	431
921	870
0	896
0	180
0	180
1964	1162
29	1162
0	204
0	174
175	705
9	223
13	60
1	1
0	0
3	346
107	346
425	557
0	430
0	454
103	314
11	314
9	18
0	1
0	18
7	443
0	138
0	67
0	137
0	0
0	0
2	0
0	862
9	719
3	655
94	178
0	163
0	178
3652	3
312	706
21	249
606	2246
139	2246
0	1318
8	1236
2	1318
111	83
0	83
5	35319
0	8984
247	37913
491	2370
0	1143
0	2151
314	66
0	65
362	655
0	655
38	5
108	116
0	23
795	0
0	198
0	198
835	257
0	256
540	3657
36	3657
0	9
0	9
149	124
5	124
130	0
501	1004
0	947
0	932
0	929
0	996
0	72
12	72
0	0
114	0
387	97
0	3
0	0
746	2
0	2
0	0
0	0
3	0
971	4
0	0
1386	1274
3	816
2783	3
0	0
0	72
0	15
430	85
5	0
69	50
0	35
123	0
0	0
0	4
0	4
53	0
0	0
146	939
89	113
0	141
0	874
0	3
0	0
0	3
0	3
10	0
294	0
53	108
1	108
22	739
12	739
0	51
1	55
4	4
0	6
108	0
6	613
99	613
957	349
27	347
6	34
0	19
0	5
0	34
5	50
52	179
146	907
0	837
1441	1505
4	1501
0	334
0	0
0	22
4	0
2	0
0	11
10	2207
7	39
0	0
1	2207
4369	9
856	633
62	1011
3	1226
2	268
98	562
0	562
301	0
0	9
19	9
0	2568
3	1918
11673	5901
0	1875
32	0
0	139
16	139
136	1024
11	917
5	637
219	1870
0	1725
0	1685
0	151
0	0
0	1985
504	1985
0	40
17	1010
0	751
0	9
0	9
17	9
3935	1
0	0
0	8
1725	1084
0	1079
2	0
0	0
0	656
229	1041
0	399
5	442
121	19
106	0
149	301
0	127
24	310
0	303
0	276
0	310
0	102
0	49
0	18
4	267
0	72
0	267
26	0
120	0
377	0
0	0
0	0
151	68
0	68
617	0
153	3124
0	3124
5	2788
0	419
5548	1701
0	1486
0	345
378	711
86	711
2361	108
0	107
0	0
0	0
0	0
1	7
0	0
0	15
0	51
15	51
5	608
3999	1288
13	1288
365	2128
65	933
37	3165
0	0
0	0
55	57
0	57
0	376
0	57
6	163
0	124
147	78
232	362
718	655
0	12
45	26
0	10
0	11
0	0
0	18
165	1808
32	3098
45	1632
0	3198
2	8
622	1580
125	1576
51	23
1	54
0	2741
22	2741
364	0
63	18
0	0
502	79
0	79
16	37
3	2
5	36
0	36
0	3
0	0
1	3
0	114
33	179
141	1786
0	494
2	323
0	268
2	1675
0	0
434	2122
1503	10721
53093	10763
193	2256
0	1679
1	0
0	0
0	0
3	440
0	108
676	0
0	32
755	320
9	247
0	232
0	3
20	29
2795	0
0	1
22	1
22	179
210	366
35	366
95	7
362	38
55	1736
1	1736
20	18
0	22
0	83
154	83
0	48
0	46
0	35
15	46
0	0
0	3
0	3
199	82
0	82
26	0
167	1036
0	991
37	1017
28	324
285	324
0	0
25	216
2	1628
7	32
0	1910
0	1911
1	1580
0	1702
2815	1732
0	1832
0	1802
0	506
15	0
31	0
65	28
0	28
891	506
0	0
0	0
90	0
0	0
0	0
0	0
216	207
0	22
0	0
19	1
1502	3582
0	3582
2034	0
5	11
1450	0
0	455
0	460
0	106
2	62
0	55
11	177
0	86
110	297
7	182
0	347
0	263
407	305
444	521
0	7
0	7
0	7
0	0
47	209
0	106
1985	7
9	0
0	0
2	0
0	0
0	611
0	250
256	613
1155	7
0	0
214	0
198	0
0	0
83	419
196	419
0	264
44	264
10151	8
202	188
0	17
0	188
0	142
81	6259
0	1339
0	2129
41	5512
192	0
0	4
0	4
4	4
0	0
88	0
109	168
1	768
334	4494
20	4496
0	20
553	0
9	23
0	202
569	219
54	0
42	4203
0	692
14	3512
65	3172
41	6958
4047	407
0	405
10	60
0	4
0	55
0	60
0	60
36	363
2	23
0	363
178	0
10	38
0	38
0	17
111	184
0	175
574	0
617	3002
0	3002
220	76
0	76
0	6
0	0
0	0
1648	673
25	672
0	0
4	94
1	336
0	49
0	119
0	336
32	265
316	0
705	393
80	393
18	9258
0	8373
0	6126
1777	3
184	163
0	146
5	48
2	26
5	77
2	16
118	270
0	270
0	636
448	787
0	746
0	0
181	3023
0	4671
12	2304
24	3203
645	3
14	4
0	4
0	0
0	0
0	465
0	3
381	0
0	273
1	9
0	88
40	632
0	86
15	522
30	190
0	190
2032	0
1776	38
0	38
0	0
388	2483
0	273
444	2483
0	117
0	23
326	203
0	183
368	0
0	23
0	2
863	1
127	0
0	129
279	227
4	22
4	205
196	0
175	780
0	3
0	780
8800	5036
116	122
0	122
171	0
0	16
2	16
0	376
5	29
0	694
84	1070
0	12
0	4
0	4
0	12
0	9
0	0
8	1
0	1
698	926
0	538
335	314
0	0
0	0
2	104
0	15
11	134
0	5
43	5
121	1250
0	504
0	1243
0	248
650	2368
0	448
14	2235
126	0
3768	2
82	207
0	2193
8	824
1	49
0	2184
9	1981
270	0
9737	2591
0	2582
292	0
0	0
0	0
109	125
0	73
0	97
0	29
0	8
24	8
285	0
21	0
108	2278
13	2278
0	10
294	301
159	0
0	0
56	65
524	1038
144	1103
40	0
181	0
0	778
157	778
0	15
1268	8880
17	128
0	8814
27	8366
0	8506
62	200
28	200
0	0
299	4
0	4
0	52
0	33
0	59
0	78
0	418
0	429
0	0
6	0
23	69
0	69
11	0
0	28
273	58
0	39
0	39
0	27
71	27
905	2
6	0
0	0
2	0
0	3249
108	3568
2	78
0	139
8	150
30	150
5	319
1	253
2	63
0	237
0	4
80	4
11	257
0	269
262	0
0	0
13	78
15	78
0	3
26	0
101	0
59	1
0	67
0	222
1581	850
8	3
0	2
0	0
134	0
0	1
0	1
37	205
22	238
734	906
11387	907
1	11
0	0
0	31
1	149
0	100
0	0
139	165
339	524
0	524
0	624
35	624
0	2789
19	410
0	450
0	450
0	2851
2017	3672
8	3669
1160	589
474	589
0	0
0	0
0	0
0	0
1	0
0	0
260	0
200	0
1	35
8	33
1588	1
7056	9
7	10
0	10
4473	5
3185	2
0	52
0	76
0	79
26	980
0	715
0	746
0	36
0	196
0	1
0	0
814	0
0	0
0	0
2	125
0	96
80	125
0	0
4	0
114	0
2141	4002
0	725
0	453
1485	2
504	1
1	42
2	4
0	19
14	326
3	41
0	299
105	1161
0	1161
62	30
0	25
0	0
0	0
0	33
0	25
0	23
0	27
112	0
26	78
1	73
2	111
214	0
165	69
142	159
5	159
4	0
0	0
85	644
1	1037
0	775
0	187
405	1273
49	1153
655	0
357	441
0	214
473	0
0	5
0	0
6	1338
0	1338
5	1335
5	1335
0	1335
0	1338
266	207
1	207
0	200
0	1
0	22
0	1
0	22
4	1
2834	2
2	9
4	9
6	2001
8890	2003
0	17
0	14
0	10
0	18
430	195
15	177
0	11
120	11
4	0
0	468
91	517
0	100
0	0
0	386
0	140
0	143
1	254
0	0
40	0
26	296
0	296
257	0
16	296
96	296
54	56
7415	2176
0	2175
0	22
199	22
0	7
1	26
8	183
0	145
0	160
11	21
0	21
0	0
0	0
0	0
0	0
0	0
0	0
380	0
52	114
0	0
4	219
0	78
0	14
0	75
0	18
4	82
0	0
3	0
139	0
76	22
0	22
553	3174
88	3174
75	0
76	34
575	5
167	760
22	735
7	747
1666	1
9	0
2148	350
0	201
160	1015
1	1015
5	0
0	251
0	158
38	251
30	0
2046	2
11	0
60	14
8	14
0	421
53	3018
44	3018
0	118
26	507
0	507
28	713
0	396
0	192
792	774
118	59
0	58
5	9
0	262
0	210
2	271
0	0
0	0
1090	2042
0	309
129	1441
0	1441
0	1292
3222	1057
100	1124
4	84
0	84
1	74
0	124
1175	537
0	86
80	336
0	124
1	811
3	9
3	4
0	9
0	1
0	1
61	11
22	11
520	0
0	61
79	96
8	96
1	61
6	13
0	0
0	0
0	0
2	0
7	0
27	0
14	275
0	275
0	267
72	23
886	1398
0	1400
0	1412
309	0
1737	1
56	0
26	0
0	28
69	28
859	1
0	7
0	0
0	7
0	7
146	3
239	750
36	750
6	261
0	261
51	96
0	93
0	3
0	2055
7	640
8	483
15	257
258	3206
0	2156
2450	0
442	10
0	9
19	56
1995	1556
115	378
2	1592
0	0
0	0
0	49
466	49
9	0
147	190
146	0
2	4
0	4
0	1
0	4
0	4
0	9
3	10
32	1
0	1
0	24
0	135
293	230
0	90
0	181
5405	1
69	990
0	762
8	1014
57	0
0	79
0	51
0	0
0	4
0	0
0	0
0	6
1	6
0	6
12	994
965	975
962	1312
0	1303
0	828
402	761
0	568
0	0
0	0
35	78
0	368
147	284
0	78
106	652
3	21
0	17
243	437
0	21
0	30
12	1073
0	1094
1095	0
122	0
0	14
56	189
0	77
0	109
5	184
0	92
370	1177
0	1177
134	176
0	176
270	682
1053	0
225	4
0	4
3	0
5	0
0	643
1	187
10	588
0	42
0	444
88	2551
0	2215
0	2416
0	2402
114	9
0	9
245	850
0	850
1749	0
14	0
43	1332
0	134
0	1221
94	1178
1108	0
929	0
25	107
0	107
12	57
0	38
2	48
3	5
0	3
0	5
94	174
0	158
0	0
15	92
8310	6
0	0
0	0
0	0
0	0
0	62
0	89
0	93
556	571
14	571
0	0
0	238
1	31
39	58
0	263
2915	326
32	255
1	279
0	0
0	313
45	4104
0	3873
578	1555
16	1552
2	808
0	237
0	808
3	23
2	23
0	0
684	227
0	227
126	0
4173	7
3667	2
8	0
0	0
0	3
0	0
0	0
260	104
152	0
695	92
0	153
169	156
40	507
480	507
0	2
20	9
0	9
0	0
0	0
140	395
0	395
3	695
8	667
0	222
0	27
2	8
0	0
0	9
0	21
486	8217
0	7136
230	5140
11	4961
0	3548
0	5156
2822	0
203	0
0	0
24	19
119	19
159	1
0	14
9	24
12	50
24	50
7953	5
334	2355
19	2356
0	6
0	6
145	0
21	0
0	0
55	153
0	153
1	0
110	167
546	167
96	0
1	1
0	0
0	1
6	0
0	601
0	497
6	298
205	694
0	675
116	628
19	0
893	0
754	0
0	2
0	2
833	0
0	187
40	1510
43	1510
21	59
1	4
0	55
0	11
0	0
0	11
0	289
13	289
2	0
2	0
0	14
12	14
17	2
5	2
0	0
0	0
0	426
180	491
0	321
1423	0
1451	1526
0	1526
1643	135
4	134
157	0
9	8051
27199	20449
0	14050
0	6
0	6
933	0
1	105
0	102
1647	1626
45	1626
2275	648
0	648
1	0
158	0
429	0
6	5
2	4
58	135
401	589
0	556
0	556
0	833
0	17
2717	2668
6676	2679
180	2
519	1136
7	471
0	1134
1	116
2	507
0	181
21	174
2	473
0	190
0	316
1001	2189
2	1955
0	2114
0	1272
0	1800
45	2083
5674	5
8	28
824	1
0	7
344	0
156	133
0	12
0	120
22	2105
0	291
35	3291
0	3263
940	0
0	5
82	6
1591	661
0	661
340	4848
864	4848
2089	4
232	2
2208	2
0	369
0	344
0	344
3	181
19	209
0	61
1	212
13	211
158	6681
4962	6685
2572	1124
0	806
2	262
4	0
18	11
0	11
6	61
0	0
0	0
0	0
15	14
0	14
0	0
2033	2635
3	2104
4	1692
1	1412
2831	646
0	313
0	333
7	54
0	17
0	17
0	54
0	1
17	248
11	75
0	24
23	173
0	125
15	198
28	267
0	267
94	0
30	646
28	646
7082	8
0	23
0	33
0	52
86	95
0	0
799	1788
0	1785
0	1787
607	1
2316	0
61	1
32	112
0	35
0	97
0	0
5	2
0	213
0	12
98	379
12	341
4792	7
0	78
141	251
5328	1252
3	15
0	451
0	588
0	405
0	89
0	95
733	738
0	581
0	0
527	452
158	619
6	134
1	715
2637	0
2	8
10	8
3669	1547
0	919
0	260
0	159
3	515
99	97
1	0
0	0
0	0
586	0
52	486
3	393
0	225
0	94
0	92
0	156
1	21
0	82
0	144
0	139
0	126
5	0
1597	1364
69	1361
0	2674
0	2674
0	2681
515	2681
0	4
0	0
0	4
0	4
12	4
0	0
0	0
73	34
0	34
94	356
0	356
2	1733
0	915
0	1804
0	27
0	0
0	27
35	131
0	131
0	0
4	89
0	85
0	89
0	92
0	45
22	45
438	290
128	89
0	89
456	0
0	623
0	492
199	623
39	540
0	2
0	2
0	2
44	85
0	364
0	327
11	249
165	547
38	1411
32	114
1931	1412
1628	315
0	294
0	21
175	0
0	241
58	241
0	14
0	14
36	39
1800	5
0	4
192	4
295	0
243	900
4	272
5	288
13	583
0	590
0	0
0	0
1083	448
0	753
627	1044
183	507
0	507
1503	1
0	0
0	0
0	0
303	1
9	67
10	66
1838	113
0	113
1	16
3	495
0	1
9	531
0	51
0	9
0	9
4	41
0	7
0	34
1360	529
0	527
118	199
18	199
0	0
0	4
0	4
0	0
0	0
0	0
4	0
0	0
42	0
5	0
0	31
0	48
0	10
26	48
728	1459
2	1022
313	0
0	0
0	0
2662	5
0	8
988	165
18	0
4665	13
0	12
6	53
21	53
3	21
0	19
2	19
48	0
0	41
175	337
0	337
0	0
2239	1983
0	1283
267	1693
0	112
19	114
4	100
0	60
0	136
0	506
8	43
82	506
34	81
0	3
0	78
41	26
0	26
1	454
0	452
36	1
1337	1
214	0
0	406
4	458
0	25
1953	4
0	0
0	4
25	31
0	0
8	5
0	5
3	0
0	839
422	871
0	845
33	349
0	349
582	1348
95	475
319	1030
3405	2865
0	2859
1022	2760
0	2322
548	0
2	122
0	14
0	71
0	65
0	48
0	52
0	15
0	12
0	97
0	2126
169	2126
140	723
19	441
0	19
95	840
80	929
270	929
0	0
0	0
0	0
110	0
0	3
0	3
320	0
0	334
54	334
0	31
1461	1342
0	111
5	1351
0	0
0	0
314	0
5542	4
0	0
594	1
121	0
914	1
135	138
0	4
0	134
272	12650
0	2390
0	2334
37	12072
781	12149
0	7087
0	6936
2	7512
1	7663
0	58
0	91
0	543
41	476
0	490
0	0
0	0
99	122
44	20
0	107
6	857
2944	858
247	1297
427	1297
757	0
0	22
20	21
0	22
928	23
6	707
0	183
0	707
0	1
0	401
164	401
0	7
2	64
0	64
0	0
0	0
0	0
95	357
0	357
335	1
409	43
770	2
0	194
0	7
0	19
8	189
131	289
6	294
383	566
0	566
0	7
0	58
0	42
0	121
0	58
30	197
5	153
19	181
2	197
0	197
0	0
0	0
0	0
0	0
0	9
1507	9
616	1
0	0
240	65
1274	0
0	0
0	0
0	0
15	812
0	4
2	812
110	169
0	90
0	36
0	74
0	17
0	132
3	168
0	153
0	132
0	147
4816	3
525	463
0	463
2	1
0	0
0	3
3	14
0	0
3	17
0	17
0	17
0	17
158	214
0	214
252	0
6	488
4	493
0	511
2	491
205	514
368	1173
0	6
0	6
8	1200
0	34
0	8
7	194
0	18
0	10
0	54
0	168
28	0
3011	3
30	0
0	0
0	260
6	260
0	164
8	142
0	50
0	589
0	470
3718	1
0	686
0	692
0	523
0	690
39	416
2	416
0	322
35	555
0	87
8	5
0	555
1091	2
0	0
18	1722
281	1722
490	12
0	12
15	14
0	14
0	0
41	0
239	979
0	696
0	846
119	0
27	543
0	467
0	178
4	273
0	239
437	253
0	228
7	228
70	198
0	198
0	3
0	0
13	11
0	1124
252	1125
9	118
0	591
1058	2
0	72
3	6
10	72
1746	1
3704	1
0	138
0	27
0	21
0	138
19	112
0	122
10	197
1	197
0	58
0	33
113	59
2018	5
0	124
2	124
23	0
706	802
0	800
0	0
0	0
129	0
0	0
0	0
20	489
1	87
0	123
0	23
18	489
0	489
209	95
2	126
0	59
4	3
0	0
0	3
1629	0
443	1796
2559	1798
0	1576
348	1
0	0
0	0
0	0
16	1
183	708
388	709
0	2
5	2
257	882
72	882
20	97
0	98
357	98
537	261
254	0
0	0
0	0
0	5
0	17
155	22
20	295
0	0
338	295
69	50
0	6
0	44
409	136
0	135
401	199
0	155
0	44
241	0
241	35
0	35
2673	1
36	120
0	45
0	58
328	0
3	866
0	708
12	385
0	701
448	742
0	742
139	218
14	218
10	56
0	67
13	244
0	81
0	1346
0	1295
0	0
198	0
0	0
0	0
226	530
0	12
0	530
15	519
196	0
252	187
2	186
1	130
4	776
0	776
0	0
49	0
0	0
0	0
718	3
19	990
0	806
0	686
0	0
0	0
0	27
0	27
64	17
0	17
0	0
284	0
777	1380
0	0
0	0
43	0
0	27
274	27
0	39
73	204
1016	1302
0	1012
5	309
16	290
0	968
62	1210
203	0
1	0
0	0
632	6
65	16
0	16
0	9
42	9
0	9
72	0
13	28
7	205
1563	207
0	1
0	1
418	0
586	2978
0	2977
0	5
78	176
8	176
863	555
41	555
1575	8
0	9
102	9
242	412
0	109
2	255
0	266
0	34
0	16
17	510
4	510
0	0
2	27
0	27
516	351
0	351
0	351
0	0
315	220
2	220
0	41
1096	295
18	333
0	333
406	265
0	265
0	0
0	204
1	204
0	84
1109	5243
211	923
74	65
1	0
0	12
0	0
78	1467
15	1467
59	249
97	38
0	20
0	191
0	209
0	59
0	2
0	0
0	412
0	644
0	1383
0	1982
0	1738
31	1922
0	0
0	0
20	55
0	55
17	6
0	6
33	51
0	51
9	4
147	0
0	17
3	41
5	41
7	9
711	1278
498	1278
0	1270
0	0
0	2
0	2
0	0
0	0
578	5131
0	5182
0	5106
0	5317
743	710
0	710
0	0
0	385
0	365
0	262
0	0
0	0
0	0
2	0
0	20
0	20
0	20
0	66
2	71
9	205
0	93
21	205
0	12988
21935	13008
0	109
36	574
7	574
1067	1
305	0
3619	5
127	1
0	1
39223	7178
373	2
0	0
0	1190
0	1181
0	5
0	2
0	622
0	578
0	601
0	621
0	630
204	524
0	524
1921	0
372	301
456	301
134	0
557	0
479	37
0	37
242	353
0	353
0	41
155	41
220	413
149	215
0	0
0	6588
180	6589
130	6416
1979	946
0	149
0	946
292	12
4	0
3031	1741
12524	10
52	1979
265	1979
7	12
2	678
421	922
8538	3106
0	15
14	3140
29	8
0	8
320	199
1	187
0	125
2	77
0	1
0	0
0	0
39	0
177	0
0	36
6	14
20	350
24	106
22	345
0	62
0	59
0	66
0	400
11	404
0	212
1047	212
8	14
0	11
0	4
999	2305
17	0
0	0
0	0
7	286
0	43
0	133
0	0
1	0
127	1939
0	824
126	2135
2	2
0	2
515125	168277
4911	5
0	0
5	0
0	0
849	0
0	0
0	7
1	3674
34852	3704
0	74
87	74
0	0
0	1446
354	1447
0	0
3	0
694	227
0	227
29	0
341	0
45	83
1	92
30	27
8	52
0	52
1217	1
0	0
0	0
1939	385
1377	1
166	57
3816	6
1	1415
1012	1415
4	0
0	435
0	723
130	1122
25	0
10	2
0	0
0	2
0	9
0	9
147	456
0	0
0	0
4	0
0	661
88	877
42	877
0	229
0	453
683	650
10	2269
22	67
0	2229
26	340
17	2229
0	0
0	0
0	0
0	0
51	2424
26	2424
565	305
0	302
42	97
0	0
0	0
0	48
0	7
506	1024
2	226
1	118
256	118
32078	23
998	82
0	38
0	43
0	0
0	0
0	14
0	0
71	14
600	7578
61	7635
0	7635
0	0
1	0
823	2
0	41
165	41
0	1
0	0
0	3467
40	3413
36	3403
0	2322
2	3508
6	3454
9607	4919
0	4908
79	116
3	0
41	35
0	390
9	390
1451	2402
0	2402
0	47
6	98
0	0
0	0
0	0
1075	0
0	5
0	0
0	5
0	0
0	0
0	3
0	1
432	210
0	210
0	106
5659	83
9	81
0	0
815	1
0	10
28	20
0	20
0	179
59	179
790	1
0	0
0	147
18	1660
0	1660
5	61
210	0
12	12
7540	713
0	707
3	707
78	707
0	212
28	441
501	1012
0	606
5	641
228	0
0	0
736	1
4	0
22	20
0	20
708	1
484	1575
20	1571
0	745
2121	1
42	176
5	257
309	257
1234	0
3	0
17	0
7	101
8	101
241	889
410	889
0	1890
3619	4221
0	2364
0	539
325	0
7	16
0	20
2	55
0	12
0	27
0	27
0	14
0	28
0	0
0	2
1995	278
0	178
0	39
2	58
113	29
0	28
8	0
0	0
144	227
0	227
156	783
3	1051
14	1000
7321	6
660	0
5318	3291
31	0
101	2
0	1
36	388
1036	0
0	336
141	339
2214	0
0	1
0	1
735	1
18432	12
240	1429
0	1429
0	1346
612	759
0	152
0	0
0	0
25	1869
95	1869
0	0
0	0
12733	5
6	789
0	293
0	64
1	755
14	904
0	904
2031	1424
106	1424
498	3
0	13
0	27
70	27
0	608
1004	608
0	0
0	0
649	644
1254	1251
0	1222
84	1194
0	0
0	0
130	416
0	416
0	0
0	14
2	14
0	13
3241	45
0	44
0	4
0	4
171	1746
0	1692
30	1606
0	0
0	0
0	0
0	0
0	0
12	652
0	185
251	0
306	845
83	0
184	205
56	7
0	7
0	0
1239	0
2031	892
0	892
103	263
0	263
12	0
0	0
0	0
399	153
0	152
0	11
20	11
0	0
2	9372
9	11663
16	11735
0	12096
2	3137
3746	16056
9	7
0	7
29	726
19	726
0	0
0	0
3	0
0	0
68	0
33	166
53	166
19	60
45	71
2464	0
24	3268
0	1623
321	3105
14	83
7	3
0	83
2237	472
987	468
0	0
176	2223
4	629
0	2223
734	303
0	303
756	1
326	0
252	206
133	64
21	214
17	216
0	4
822	922
1186	921
498	274
0	274
0	496
1320	496
1526	151
810	154
1324	0
994	0
3	107
0	42
0	48
0	49
0	69
119	125
7	19
0	0
0	4
17	15
4213	8
0	3
0	7
0	4
2	4
35	33
0	28
0	23
417	150
638	0
0	11
0	11
16	13
15	0
8	21
0	0
0	11
16	11
0	0
0	0
41	0
1927	0
0	27
0	27
0	15
176	449
0	160
0	0
0	0
25	227
2	201
2	233
0	0
0	0
0	0
0	319
9	351
831	0
521	951
0	951
0	0
0	0
0	0
15	69
26	69
3	42
0	42
1923	0
401	0
13	1221
0	113
63	1259
0	0
28	0
2	0
0	0
48	23
0	41
0	19
310	41
8	593
1351	596
0	0
7	4
1	571
78	520
50	418
0	9
0	116
0	116
65	0
0	0
0	16
9	1
2482	1333
19	1333
50	36
0	2
148	0
0	33
0	1417
0	167
9	4
7	113
8	1469
0	1392
0	1454
0	1478
0	199
12	497
380	3581
16	3581
0	0
3	4
0	0
14	739
519	739
1889	689
906	0
7	1
0	0
443	0
16	313
0	29
0	11
0	3
0	3
0	11
82	0
3178	1843
4	1843
19	0
0	0
1	2
51	0
0	297
0	298
672	347
5	286
250	166
354	141
0	141
6	0
28	163
0	435
0	479
493	933
2	0
30	8
0	8
0	0
0	0
0	0
6314	6
19	822
1	6
164	822
0	35
499	1234
2	134
10	1261
307	20
219	20
46	174
8	36
0	138
0	59
0	138
0	1173
2467	1174
213	0
170	26
2	21
0	18
174	0
0	2
0	2
413	0
30	0
16	55
0	55
1555	3
87	9
1277	0
0	6601
0	11333
7	8928
147	13131
0	6444
0	0
0	0
0	0
188	93
9169	5
0	6
0	6
10582	2
21	39
0	39
17	72
0	42
55	72
954	2155
4	2155
66	0
126	1609
32	470
61	1609
87	123
0	236
0	3
3019	236
1088	0
0	0
148	44
0	44
0	44
0	2912
24	2779
42	2812
0	2892
1	43
75	43
2	31
27	177
0	211
48	0
8	0
870	99
0	4172
1603	4268
0	0
58	473
10	78
22	473
5	6
407	8345
1	4996
81	4981
4	8450
0	486
4	489
0	489
259	445
0	122
463	1
2232	2
24	265
1	4
130	0
670	30
0	30
16	23
0	168
5	176
0	114
273	114
0	0
9	23
0	23
2090	1465
0	862
16	912
1	793
391	0
4	0
0	66
158	66
23	0
0	0
0	0
3056	225
1372	0
20	15
231	3021
0	67
0	661
0	2502
23	2047
83	836
17	480
0	117
0	257
0	1987
3	0
0	9
0	9
0	9
0	9
429	0
79	372
0	106
0	1453
12	1453
5	3317
19	3733
18	167
43	167
2608	612
1	611
6	0
20	15
0	0
0	0
0	0
75	456
0	456
982	2
0	1
0	1
0	0
114	53
0	53
10	33
47	33
30717	23
42	730
0	730
456	170
0	170
0	46
219	105
0	82
694	0
0	0
1	0
7119	110
2	97
266	843
45	843
308	0
17	62
5	62
188	60
0	60
35	253
0	1
0	1
0	0
0	1
218	493
0	490
4	30
0	0
125	52
0	52
4	0
3	0
67	49
0	41
7	31
5750	6
1	449
0	9
0	134
54	54
1	168
0	27
69	27
247	0
0	0
0	0
0	0
0	0
0	127
0	119
206	111
0	5693
0	5405
8027	5698
70	1146
253	1146
166	0
55	16
0	9
0	14
2	4
17	856
0	856
14	92
0	57
23	60
2	0
0	0
5035	1
2188	819
93	818
3	0
0	50
0	0
168	54
165	328
0	157
0	76
19	409
0	328
0	0
0	0
0	5
306	5
108	145
5	145
0	145
8	107
7	22
8	8510
340	8510
0	2
1808	1
0	5121
0	2290
0	1883
0	3257
0	4479
18	5214
3234	1428
0	1428
1306	38
0	38
0	0
72	0
2215	1314
72	1314
0	962
0	204
10848	1671
230	52
0	52
533	1716
0	180
53	146
0	145
9	1712
16	8
0	8
0	0
0	0
0	0
690	412
2	412
999	0
2136	706
1	246
356	706
21	0
0	1627
0	29
1037	1620
25	0
551	0
11	6
4	18
0	13
790	235
0	496
0	357
0	129
192	129
0	0
0	0
1215	0
643	98
0	0
0	0
0	0
89	3138
2	3138
65	0
2849	2056
3715	4821
0	4821
1	612
140	3977
0	318
72	3977
82	350
3	350
1400	0
101	946
12	946
21	0
0	112
0	58
161	157
174	239
0	239
0	76
0	204
218	204
1203	0
0	0
156	0
109	1686
0	1686
4	554
31	554
48	0
5	140
0	0
0	50
0	133
0	1366
0	597
0	369
0	1760
0	1041
21	1937
0	191
48	191
109	14
0	0
14	24
275	24
203	0
108	69
338	0
1	0
0	0
0	0
0	4
195	2462
40	329
0	2363
1091	1562
98	1561
301	0
222	0
0	35
8	35
0	11
270	1510
4	1510
1044	2
110	3041
2314	3100
74	191
762	0
907	514
12	14
25	498
892	0
456	0
0	0
0	0
0	2
0	2
0	1
0	111
713	3549
913	3493
0	56
0	0
0	0
2	8
0	8
39	0
455	472
423	180
0	180
0	57
0	20
0	29
0	38
0	11
0	17
3	58
0	30
0	28
54	0
30	39
1	19
117	323
0	122
4	196
0	540
0	456
80	552
0	7
0	0
0	0
350	0
0	0
0	5
6	537
0	75
38	532
9	0
33	0
32	425
5000	144
1	139
1	0
88	2
1	2
731	857
0	256
0	856
0	96
0	96
0	75
55	266
0	96
152	266
392	0
0	0
0	0
0	0
223	0
120	2
0	2
348	0
6875	3068
0	3062
219	0
310	75
0	75
0	0
740	0
28	270
0	258
0	259
0	209
0	79
10	139
1767	978
0	758
492	0
117	1728
0	1234
1901	2427
10940	13
4	73
0	56
0	59
0	66
398	4305
357	401
0	401
0	0
0	4
39	4
24	0
0	293
283	432
0	81
2	183
0	97
0	0
15	3
5	48
0	2
1141	1037
780	4
2576	0
1431	146
0	146
45	348
0	20
112	256
2413	397
0	278
23	415
2	60
0	60
0	7
0	2
0	5
490	2522
0	51
0	2482
18	2558
36	64943
2660	64923
2860	64944
2735	64890
0	0
168	21
296	21
1873	736
0	736
0	39
8	48
403	48
3730	3
0	0
0	0
81	0
198	1
306	0
119	175
563	175
0	1988
0	2009
218	3
24	292
0	2046
0	2067
5322	0
21	0
340	0
0	6
0	14
0	0
0	3
0	0
38	17
666	0
185	104
0	0
0	0
1294	0
634	418
0	270
0	176
224	0
3059	391
26	391
0	4
8658	4396
0	4394
0	0
105	3153
19	3153
13748	3
212	876
5	2
160	878
0	51
98	55
0	38
105	1627
457	1627
486	41
0	41
46	193
32	800
5	145
0	54
0	5
0	188
109	0
22	27
0	0
0	38
0	78
82	78
3289	4627
0	4294
0	426
0	4371
4	4484
0	5
0	0
0	0
1416	905
735	1
3	135
0	135
10	498
32	13059
17166	13062
0	1054
0	527
0	577
0	573
0	573
44	0
488	1573
3	1565
0	663
47	1866
0	316
60	49
0	4
1	2
42	634
493	638
0	638
186	710
0	710
1	164
0	164
0	12
15	0
7343	4044
0	66
0	0
1450	0
78	712
0	712
15	414
23	1
2	26
0	0
0	25
2	22
0	87
0	24
0	213
102	287
10	6
17	125
458	125
869	721
0	41
44	711
0	81
58	83
27	33
0	76
3	4
804	0
7	117
0	117
478	3269
0	3263
102	141
0	141
0	131
170	798
0	5
0	292
0	292
0	1
0	0
0	1
0	1
29	9
0	9
57	2895
923	2895
0	2575
222	1648
66	351
1515	1538
56	388
0	1363
173	1858
0	1858
0	0
0	0
517	0
0	0
1	8
0	8
280	1365
0	30
45	1430
0	311
52	332
3	122
0	208
0	39
7215	13
7	134
0	134
0	446
0	483
0	453
0	110
1059	562
0	524
0	390
1	486
0	354
0	486
22	0
0	184
8	184
293	0
2173	0
21	422
70	445
44	445
5255	5
1445	9
0	7
0	0
9	579
1339	679
1	2
0	1024
0	203
407	1229
55	0
630	19
341	1
0	0
0	0
139	0
9	359
0	114
347	129
139	396
0	395
0	57
0	3658
1226	3658
56	85
5	85
0	78
0	17
34	17
77	0
0	43
12	49
9	303
711	303
22	187
2	187
0	1
5	467
0	467
45	0
1642	1
0	314
307	315
1534	611
0	19
0	132
50	132
2	379
0	247
370	663
0	294
0	0
0	0
0	1
0	40
5	2274
5544	13508
0	5146
0	12633
5459	8
114	75
45	0
5517	5
0	0
70	61
0	61
39	0
2520	0
999	339
1	339
0	278
201	271
1326	274
0	981
0	593
0	956
0	963
17	337
8	145
0	114
5	104
4	203
1	152
14	230
0	0
188	0
1	262
0	1114
305	1108
50	0
1	2
0	6
1	1040
0	0
2	1031
0	165
105	1054
0	1049
1031	0
169	826
3793	1988
0	403
1594	403
48	1822
103	325
1959	1768
8	184
406	431
0	419
3221	6165
0	6160
16	94
0	94
585	111
0	18
0	93
0	308
58	294
666	132
148	0
3	89
0	89
0	0
0	0
29	247
30	247
6	662
9	661
3	0
7	0
11	0
7	2
0	2
11	0
281	0
0	0
0	0
0	0
100	1274
70	423
0	1735
3	96
77	2588
0	2588
0	0
0	0
308	0
6773	13818
37	7327
30	6510
56	250
0	22
688	0
233	164
0	164
1	76
0	0
62	256
0	176
0	317
713	318
0	0
0	5
0	0
0	16
0	20
0	20
1	0
0	0
361	129
0	129
202	83
1	63
0	754
57	2374
0	2374
315	2842
11	2842
1432	127
0	13
84	114
0	256
3138	256
2765	2
2471	40
0	39
0	2
0	2
0	71
0	71
0	64
12	89
0	119
204	141
1	0
1782	0
0	36
182	299
0	13
0	21
0	250
0	264
2	0
9	1
20	120
0	120
0	973
126	973
705	1
0	0
0	0
243	1427
0	5
185	134
0	57
10	1433
0	1
0	0
3116	1700
27	1691
5	1766
47	487
35	57
22	484
0	470
68	0
154	212
10	766
1859	1283
0	518
2014	2228
2755	0
84	0
497	0
747	0
244	484
11	484
3	228
313	228
0	5
12	5
2680	0
0	0
0	0
79	355
0	721
0	718
1748	1060
9	1080
0	1081
27	1754
0	617
346	2372
310	289
33	0
730	0
0	0
96	24
0	24
0	4
47	4
57	67
89	27
0	20
36	20
566	0
410	0
8	0
19	261
22	261
0	0
16	2
0	2
0	0
0	1
0	117
1380	117
3	2483
196	2863
0	1046
4290	2542
24	0
235	1
4205	939
18	683
3293	162
3	160
0	32
12	64
56	62
123	0
5	414
271	414
0	6197
0	56
0	116
0	6241
153	6352
88	6392
1	6553
0	6505
0	0
0	0
4	0
0	0
0	6
12	166
0	106
990	224
10	77
2830	78
2225	4
5	0
313	0
0	0
1	0
2	4
0	4
34	477
13	477
8	3463
2274	3464
903	0
107	1
4	2
0	2
0	9
0	9
0	26
0	9
5	13
40	32
1938	353
0	353
10	0
0	67
12	67
65	0
4	8905
15	7646
5	5283
53	10047
65	12103
1716	12481
0	622
393	622
0	8
0	92
438	100
293	119
0	119
0	95
323	610
0	75
0	3
0	83
0	611
7	501
0	242
1063	853
0	851
652	0
95	32
0	959
19	1066
18	1156
0	15
1566	616
0	78
0	520
0	32
0	32
0	32
95	4
36	190
17	22
6	0
0	0
0	1
0	1
0	1
67	618
0	618
235	301
8	301
0	0
146	217
0	69
0	189
17546	22
0	35
0	94
0	98
7	85
0	35
0	66
3	329
0	138
0	311
0	1568
176	3646
0	3819
0	826
16	261
404	3179
399	82
0	1
2	81
10	0
397	0
0	53
20	123
1	123
41	362
9	362
0	0
1182	158
26	158
24	0
0	0
0	0
30	1635
0	1635
1077	0
0	2
0	1
0	2
99	0
2835	5
573	209
0	209
278	0
0	4
2857	2009
0	19
0	38
339	33
577	2009
1	0
23	71
0	33
0	39
492	0
2	1111
73	1665
0	1160
1	573
4	154
498	240
0	154
6652	2893
3	2889
0	26
151	26
118	619
0	619
0	554
0	572
0	572
56	144
262	144
266	1126
1291	0
82	222
79	222
0	0
0	0
0	0
0	0
0	62
5	74
0	74
2543	0
36	1329
11	1064
34	2
0	2
0	11
158	196
17	68
0	196
4	0
0	0
0	0
284	120
0	120
1499	0
318	242
32	1
0	1
4	135
11	135
292	236
737	19
0	30
0	15
0	22
0	31
28	7
25	7
0	187
0	193
1	32
0	122
13	605
4	5
0	699
3	684
0	156
975	0
314	388
0	388
0	0
0	0
0	0
0	0
0	0
0	0
0	0
119	0
0	231
85	231
92	4955
0	91
0	330
0	4945
2	3394
0	0
0	0
0	40
0	0
0	0
63	0
302	887
108	849
0	38
3457	1430
0	1023
0	1051
0	882
0	1284
528	0
0	654
0	406
0	365
65	697
0	588
5	0
0	1236
0	198
0	32
124	1421
580	526
320	776
7	791
28	0
0	0
206	2223
700	2138
0	295
0	462
353	185
10	75
0	113
0	126
659	150
0	149
7	0
0	375
146	504
26	503
0	0
4	0
0	0
18	626
22	626
0	0
0	0
0	0
306	2194
2362	2210
57	2116
340	817
0	656
0	328
11	334
25	334
999	589
3	351
4016	0
0	0
0	0
16	0
888	280
0	280
114	1169
774	1145
0	586
139	1169
538	0
126	0
3	0
3105	551
1921	540
3	538
58	1
63	0
3	0
5	4
7	76
1413	76
0	6
0	4
0	0
55	124
0	46
0	124
12	44
211	0
281	1
680	4243
14	3940
0	0
0	0
15	0
88	214
0	51
0	0
0	0
0	0
0	0
0	1
0	1
0	3813
0	1873
11676	3816
504	0
145	262
0	96
0	211
268	0
48	187
263	188
893	1534
5	0
0	0
306	0
228	822
0	308
7	657
0	0
0	1
0	1
0	1
0	1
0	1
0	0
0	9
1	7
2	12
0	5
0	14
0	0
319	37
7086	565
0	559
0	1609
0	553
0	396
0	8
555	1340
34	177
20	477
63	4
0	426
216	1780
0	0
2	27
78	27
0	169
0	116
64	169
17	0
6	71
0	335
4	321
0	271
528	0
438	0
163	290
0	290
0	788
18	808
58	794
10304	808
1	15
461	15
12	15
1	15
2205	3199
0	3197
0	3124
43	0
30	0
0	0
34	473
7	473
0	5
0	5
2844	1512
1	1512
13	128
0	128
0	0
1	0
20	0
61	43
68	128
0	128
324	64
0	64
0	1225
0	1245
240	1302
10	28
12	28
0	0
1215	1884
0	51
0	1884
2006	3644
7	1937
0	2901
491	5
0	0
0	80
485	80
368	6
0	6
33	6
0	9
235	406
0	2
1257	384
121	383
0	0
0	0
0	25
116	49
0	17
0	8
0	0
261	683
48	683
0	178
0	529
111	551
0	0
44	745
552	745
478	769
0	769
81	0
1407	2
78	0
0	0
215	1
2958	3
59	463
0	463
0	2
0	2
0	510
2201	511
1018	2
5	0
86	103
30	89
0	89
18	109
0	109
0	238
2	203
0	11
0	209
0	37
0	37
847	1180
52	6766
1556	10628
789	10153
0	551
0	67
0	67
0	52
0	8
4	0
938	0
130	0
0	941
21	722
4	941
14	1383
0	2065
6807	3450
1051	1690
0	230
0	1690
674	0
0	44
436	44
676	647
51	77
513	77
0	30
0	48
20	0
148	3
365	208
0	208
290	166
0	166
0	0
0	0
470	0
397	1299
0	492
79	492
10	0
313	35
9	16
2	0
0	0
147	172
22	178
152	451
299	1173
0	0
0	0
0	0
0	0
571	0
52	764
33	85
17	764
6	0
189	991
0	398
389	0
0	388
3	1458
326	257
91	1342
0	6
0	0
0	6
38	335
0	142
0	333
18	4071
0	2465
3112	1785
11	1570
0	1379
1	2080
884	2080
66	487
171	487
2	351
0	474
0	2738
5	7608
13	7505
282	193
0	42
0	12
0	12
118	0
2853	1301
0	339
0	0
516	4847
24	4847
17	403
0	5947
3	198
0	6543
9	6482
0	57
0	11
12	45
0	91
22	112
1	112
12	146
0	83
0	0
245	263
0	9
0	14
120	14
5	88
49	88
0	177
0	253
0	252
8	254
30	304
3	304
4980	839
38	2
0	61
186	898
145	889
137	256
22	256
31	18
369	95
0	16
0	275
0	1996
0	2111
0	2048
2543	0
11	24
25	45
1	27
0	0
0	0
0	140
0	140
3	879
0	753
27	1849
1	1748
95	5
0	5
24978	15
3	790
48	790
2	4126
127	4540
98	2785
335	3043
0	2106
0	500
7	869
16	924
0	263
55	272
3451	3
0	1
0	9445
2558	9528
12	9450
0	0
10	7244
0	8782
0	0
516	0
0	10
15	10
23	25
0	25
0	74
93	82
3	82
49	92
4	30
72	45
6	18322
0	7036
0	18087
0	9506
11	1973
42	19109
0	159
0	159
0	159
0	159
0	159
5851	2230
0	173
0	1949
0	1847
0	1907
40	1986
0	1885
0	1975
0	1927
0	6
5	6
7	5
0	594
0	715
7	689
6	61
0	786
0	172
110	938
166	1241
296	1241
16	25
0	25
441	153
0	6
0	0
4	153
0	290
711	1145
0	1096
0	1073
0	1078
3	0
438	2
237	0
0	840
94	1793
0	1544
0	171
94	1810
0	0
3	1132
2	1189
0	213
1538	213
82	100
0	100
70	451
87	451
0	41
244	42
0	1227
0	377
88	360
0	140
53	1284
17	1160
0	1242
2780	6
32	29
0	23
0	32
2	32
0	291
0	0
162	357
0	325
0	357
3289	2
8	0
0	0
165	0
0	16
21	199
0	199
20	890
5	46
0	383
0	902
0	902
63	292
92	292
239	3450
3	3450
84	0
15	920
0	393
0	136
0	734
352	0
0	57
1	1075
0	21
0	640
0	1108
0	1059
282	0
8	0
320	707
0	5
0	707
0	1
0	1
0	64
386	400
0	144
2	162
8	17
0	16
357	0
2	1
0	1
0	0
125	8
0	6
0	2
0	768
0	4
0	1357
0	665
47	1592
0	266
0	31
444	108
67	113
586	923
33	923
203	0
263	0
0	65
0	3
0	4
0	185
1	185
20	13
0	13
0	109
3	109
207	1663
0	245
10	1572
3794	5
18	22
1	10
100	0
444	5779
0	2474
65	5442
0	5895
50	5850
0	378
48	7749
0	7899
0	2
71	308
684	309
1	527
0	372
0	349
0	272
0	135
0	111
7	141
7	139
8	17
689	1101
242	668
3	225
0	380
21	288
9	174
0	46
0	27
0	23
0	28
67	527
2157	802
3	276
0	0
295	0
79	24
0	24
598	18
0	17
0	0
0	0
0	39
0	39
0	52
5	39
46	190
0	139
35	67
0	67
0	65
23	65
162	0
144	595
0	594
57	449
168	449
0	13
0	13
1543	216
4	216
0	54
2	1406
2	483
922	1314
5	0
2	7
0	7
1220	1
0	1
1733	368
19	365
2	0
0	0
776	2
0	0
0	0
27	88
142	88
51	2
0	0
2210	1535
65	2514
5	1913
470	0
74	292
0	615
21	920
0	394
0	250
0	173
22	449
14	285
22	1606
0	884
0	925
0	0
0	0
0	0
1	5
0	5
1	16
0	0
0	891
0	242
0	1286
48	3267
0	1770
0	3102
271	3336
0	2733
0	108
721	108
7	10228
0	12031
0	9640
0	9710
2	14131
84	16414
389	0
51	506
470	506
75	0
28	104
3	104
5	25
0	173
0	222
628	894
27	12
5	8
0	32
0	4
0	32
0	32
0	6
1	97
0	51
0	459
0	940
14	944
0	0
0	0
0	0
55	603
515	603
638	0
0	86
99	86
0	0
1931	2
2235	408
11	407
0	325
0	7
75	325
0	0
0	89
0	30
786	92
143	533
10	904
32	847
55	0
17	34
1	34
28	0
38	0
48	0
2	0
816	2314
0	2312
55	240
0	88
0	204
1394	0
0	0
0	2
0	16
90	0
7	0
1	0
88	1623
0	744
0	171
0	1408
353	5125
0	8609
2	8020
209	146
949	146
0	11
45	24
0	19
0	22
0	0
0	0
0	0
0	0
25	0
0	0
0	0
746	1
2967	4
359	0
53	183
0	183
0	183
0	179
359	117
0	0
1	0
0	177
165	76
8	17
36	1340
47	316
11	1448
0	29
312	29
40	644
0	629
0	629
0	368
0	566
0	513
21	6
2	558
2152	558
959	2645
0	95
0	0
3575	197
16	195
0	0
0	0
183	163
0	0
559	127
0	127
245	0
33	845
878	845
196	0
2859	0
0	21
0	20
9	21
282	561
19	340
269	0
0	456
213	671
0	236
0	411
16	19
89	109
0	109
473	0
31	0
0	8
0	2
118	0
603	4179
284	4025
0	4178
168	310
0	152
6	170
264	2047
0	2047
0	0
1401	0
2585	1
12	910
0	546
2	894
0	1
0	1
30	0
942	1556
11	0
19	0
16647	11
9	0
0	330
25	1360
162	1326
832	112
467	0
0	806
39	806
0	680
212	0
0	0
0	832
238	1571
0	654
8	640
10	850
0	870
0	898
0	266
53	842
0	865
0	1469
68	1571
7	1571
273	0
273	0
14	34
0	34
3	6
777	149
0	149
0	17
0	4
2	17
592	248
0	370
0	54
7	2
0	443
0	151
0	448
2	0
0	0
0	0
401	62
29	1353
3	1273
2	1439
0	736
0	724
4	724
0	724
0	249
85	498
27	283
0	3
32	1239
0	1449
0	1459
0	0
0	0
90	2
253	126
0	39
0	33
0	2
0	93
0	0
30	48
1	46
7	31
0	0
4	0
88	0
1742	1201
32	1200
1	0
601	0
0	0
33	362
2	596
0	596
0	11
3	595
110	354
17	0
83	172
226	0
0	104
46	5807
2251	7177
0	38
0	21
0	36
0	7177
4872	7
0	1893
8	1187
0	1242
224	1653
0	0
38	0
49	751
0	165
0	572
62	771
0	762
29	151
48	151
529	0
309	254
0	48
8	216
627	0
94	156
31	61
3	10
17	155
1065	1
70	0
0	0
0	0
58	80
266	80
286	29
0	63
0	1258
216	1256
63	144
0	13
5	13
6	228
0	228
5	174
269	303
0	298
2	23
0	23
37	87
32	88
0	13
10	13
681	0
0	6
3	6
30	6
0	0
0	0
0	0
0	0
0	105
54	397
4	321
0	346
2	359
0	33
0	0
13	38
0	6
0	3
0	6
0	7
2924	1903
0	584
0	1752
0	906
220	1058
0	115
3	1055
0	331
10	0
781	0
680	532
0	532
0	527
0	527
0	116
141	117
0	16
5	20
0	386
2431	1251
0	18
0	29
886	47
7	6350
50	139
108	15
49	154
76	2635
0	90
1101	2635
802	1
0	0
1	0
68	0
5	50
0	18
0	50
3	30
571	0
12	1400
3	141
426	1882
522	1684
0	764
3	2710
0	736
0	353
0	454
17	2923
0	2416
0	2804
0	0
1659	237
3067	3763
41	3760
630	680
0	680
14875	12
1	6714
6297	6720
0	0
3	22
383	22
728	1130
11	1130
342	30
0	27
0	2836
0	2936
47	2645
5	2609
0	3
19	3
0	0
279	0
53	40
0	67
191	165
0	30
0	165
0	0
0	0
0	1
0	1
0	24
0	2600
0	3107
0	3160
0	3149
0	3139
13	3131
0	3161
0	5
0	5
0	0
32	0
11	65
0	65
122	3
2	634
4	76
0	67
8	373
11	621
0	608
3	381
0	634
689	892
167	892
248	1319
41	130
14	130
0	412
1324	504
0	236
3	8
0	8
0	349
873	349
0	20
0	25
0	14
76	107
0	6
0	16
37	16
0	16
2127	1
5	0
4	0
0	0
0	0
36	185
17	81
0	149
8631	896
0	619
1306	1300
0	1407
0	1111
0	1270
0	0
2	2
0	2
2	892
0	327
73	993
0	981
4047	193
180	189
3316	1064
0	614
291	450
89	8
64	270
4	64
26	45
18	9
607	2829
0	2765
123	300
0	407
9132	681
1306	2101
0	1593
2	674
0	0
0	0
0	0
0	0
0	0
1	0
80	147
0	147
0	3272
1053	3272
273	1
140	0
0	0
0	0
3828	249
0	240
0	37
31	173
400	1006
0	1007
2190	2911
13	0
936	3
844	1
26	0
0	4
112	165
0	165
51	0
187	0
9	2
0	2
0	2
0	1
1354	249
0	239
14	12
90	0
0	226
65	9
6	1313
0	2043
10	1734
386	2
0	21
0	6
0	20
4	21
164	0
3	0
0	201
110	201
11	1369
0	1307
0	1364
1430	1
0	4
0	0
1	36
0	32
0	0
43	12
0	23
127	23
1172	416
3	416
0	581
339	581
0	384
150	0
1235	215
5	616
0	602
0	0
295	0
16	4
0	4
199	0
0	0
0	0
991	0
1290	4
17	195
0	104
0	41
7	9
539	10
34	213
0	185
3110	1
4	441
513	442
0	3980
1005	6746
0	1959
0	896
31	5197
0	4763
0	1
0	11
196	291
0	274
773	0
4255	981
12385	13400
4	13392
89	4537
7	11
0	5
0	0
35	80
16	86
13	86
150	2
0	2
19	197
0	197
5	385
0	178
0	61
0	0
0	570
0	11
0	11
1076	0
0	62
0	1
0	2
55	62
27	8
2	15
0	15
0	0
274	0
0	237
0	93
0	279
0	279
0	279
0	279
128	182
0	29
0	175
0	0
0	0
36	243
0	197
0	261
0	1
0	0
0	2
0	4
0	4
0	4
140	256
0	91
761	1
514	0
0	344
441	409
3390	305
290	300
11	0
0	0
4666	7058
0	7057
204	1268
0	1518
0	1380
332	348
0	348
0	0
1214	110
0	108
0	2
0	2
1	5
3	0
64	2638
4	2690
0	0
0	0
250	0
0	3
1062	1
0	0
132	351
0	53
0	351
0	324
582	0
0	55
0	55
0	55
0	45
0	43
0	55
3	49
18	847
0	109
10	847
0	11
0	11
29	32392
3397	36316
255	0
62	148
9	280
0	0
0	11
0	11
21	102
0	102
2	11
2965	20
0	0
0	11
0	119
35	119
0	0
297	0
1270	1803
0	1551
5	286
4242	5
0	5
0	5
0	0
1139	103
0	102
491	2088
7	2088
0	0
566	46
0	46
267	825
12	825
0	0
0	0
1400	113
0	113
163	1077
18	1077
91	42
0	42
372	0
58	368
1	368
841	0
0	0
4	445
70	971
0	1051
9	995
25	483
581	483
899	0
610	0
185	1910
1	264
42	764
48	1925
0	0
441	184
0	184
20	0
354	0
1491	4
3	0
0	2
0	2
0	0
11888	11
0	0
108	304
0	96
3	309
4	11
0	11
8	76
0	76
7	0
601	1
11870	9
0	0
0	0
1	0
0	1
0	1
20	0
0	701
427	701
0	0
0	0
54	94
2	94
151	63
0	28
0	63
0	1314
0	940
1065	0
513	251
52	251
442	181
1	181
0	176
536	292
0	4
1002	170
0	170
2	43
73	41
0	1856
4279	2310
52	2305
60	258
15	255
234	290
207	290
62	0
29	1
0	1284
0	1589
0	126
6149	9354
13	8970
69	6289
234	0
0	27
1	403
169	403
4024	1311
349	1310
78	1310
0	3
9	0
0	3
0	700
246	700
75	0
133	381
0	381
0	119
164	119
0	78
0	54
1653	773
0	165
0	623
0	681
0	0
17	0
6	181
0	0
29	28
181	0
45	38
35	38
7	0
0	36
47	83
3	5
236	8
0	8
4	0
47	500
0	689
8	612
2043	1113
140	1193
0	1079
8	1180
0	481
10	1127
0	1
0	2
0	3
0	1
23	0
666	53
14	53
100	10
0	3923
71	827
0	183
4	827
370	199
8	2
76	0
4962	7
249	97
1772	1774
0	120
0	63
0	1709
1580	30
5	30
101	231
22290	5
0	0
0	7
246	46
0	44
0	0
0	0
1	0
56	21
336	121
0	0
122	1999
34	1989
105	1993
0	0
0	0
0	756
0	2202
6446	2394
3	40
0	117
15	515
0	433
60	489
317	428
0	159
3	39
38	288
29	0
1184	2251
1	153
24	0
0	23
0	338
0	337
0	340
2	58
297	352
0	71
0	233
7	584
10	448
24	1199
14	1212
19	51
156	2605
0	1006
2	2562
0	1385
526	3053
32	2249
0	3045
0	1279
1386	2388
0	1563
0	825
0	0
4	17
3	0
0	17
199	155
4	0
0	0
0	0
0	0
9	6
592	1615
0	1614
0	1905
21	1887
6	180
280	180
368	0
135	91
0	91
766	699
13	204
0	667
12	21
0	21
778	0
339	0
0	138
18	138
0	320
2	368
0	403
0	386
1785	2289
217	2287
0	0
0	723
0	474
0	472
0	4
0	4
0	69
10	169
0	116
2	210
6	297
0	12
34	0
0	0
142	368
161	13
6	1539
0	471
2	1348
1	1539
80	964
1	964
338	78
8	78
7	133
136	133
254	974
148	381
0	378
0	775
0	0
0	2
11	13
0	13
0	716
1045	2209
0	2198
2	64
0	43
4	80
22	79
0	1
0	1
1	0
2539	1417
0	579
2	235
165	0
19	879
288	879
0	14
55	29
0	29
544	0
0	1
0	1
2472	614
0	612
235	100
0	605
0	350
0	196
1828	2921
0	2547
0	205
2	82
21	205
0	64
0	16
0	64
0	329
0	15
0	6
0	6
0	324
0	232
1	40
0	40
0	110
137	39
92	84
28	522
0	61
674	1203
24	907
4	23
0	5
153	603
5	4687
0	4673
0	36
0	21
0	3514
0	3507
0	3540
0	3507
0	3521
1	3507
8	3509
0	3507
566	584
0	51
0	48
0	417
27	282
0	282
818	711
0	71
0	710
13	243
43	243
468	630
1671	629
42	0
3	31
0	3
0	35
0	0
0	4
0	0
0	4
6	39
0	39
0	0
0	76
63	76
4	20
0	0
69	634
0	177
1	700
0	25
0	14
0	25
3	17
0	16
0	17
0	17
0	17
0	14
61	43
0	43
0	16
380	2418
0	539
11	1748
0	396
3	502
0	106
0	102
0	2020
0	2089
15	74
0	60
79	1098
3	1359
0	602
0	0
537	0
0	326
0	327
0	315
236	187
0	167
0	209
18	229
0	21
127	295
1232	295
92	187
0	187
0	6
65	6
0	3229
2546	6595
0	6595
0	0
74	1215
9	1215
61	9
0	9
0	9
4138	1
87	0
10	94
0	19
0	94
0	730
234	5119
0	4978
12	4913
362	127
0	92
0	187
0	206
0	3
0	3
566	5
0	440
7	429
148	770
82	2710
0	2473
1206	2542
83	16667
0	5203
0	3809
0	14856
0	0
1977	3
152	14
798	14
595	2388
533	2390
0	58
238	58
2618	2578
0	4523
147	4905
2	30
1	1
0	30
0	28
1965	0
222	0
92	1841
24	1841
3	0
260	2967
0	2906
0	2992
0	0
2075	4
0	269
0	174
5	272
49	0
4	0
0	4
0	4
0	0
3	2
0	2
217	0
33	65
0	18
0	0
0	65
17	545
7	499
6	9
4	6
0	9
0	0
0	1
0	1
0	0
0	0
0	0
0	0
0	3
4	3
486	193
0	193
266	0
135	1
229	0
0	0
3	2893
4864	2896
0	563
2258	2288
0	1020
0	643
0	2068
101	0
0	0
0	0
0	0
7	1
0	1
683	1759
19	0
83	306
5	306
660	58
0	54
61	0
1	0
0	165
34	165
1901	169
0	169
14	66
6	22
10	33
0	13
0	13
536	553
0	551
55	321
1518	323
15	178
0	104
0	177
11	6468
3	8731
6143	9066
0	28
18	29
0	29
10	11
0	11
343	1065
0	490
0	0
143	182
310	2830
22	2826
2333	631
312	628
3	535
42	387
0	193
2	885
0	972
7	773
3	1024
2735	4
0	0
0	0
5	134
84	266
117	266
27	1
0	0
0	0
0	1082
0	90
3	1151
0	0
0	6
602	184
0	185
416	242
3	117
8	242
310	139
260	225
0	0
5	0
0	0
0	0
0	0
53	1851
156	1829
56	22
2	14
0	8
809	0
11323	11917
32	9514
0	9504
129	11881
206	0
13	0
23313	131755
4	28885
669	106874
0	7341
1659	0
0	14
99	75
0	56
0	36
0	0
0	0
41	22
7	1066
6	1058
0	10
2	39
0	741
1	786
0	786
1	680
526	0
0	21
0	2
21	23
1804	506
0	505
2000	3304
73	3300
3284	1
48	0
1325	1
0	0
1	0
543	455
0	362
20	93
15	1749
359	1735
90	2950
263	476
25	181
0	75
5	0
0	7
185	0
49	148
0	148
190	1
0	31
0	270
0	294
33	105
277	0
173	20
0	20
0	0
1	343
1564	343
704	6
0	0
0	0
61	1223
33	53
0	1273
0	1276
4	0
97	17
0	17
0	2
4	116
0	46
3	7
0	94
6	0
181	492
8	492
9	6
53	56
0	0
0	5
0	45
61	1697
4	0
1001	223
16	221
0	82
0	1343
3	1343
0	0
4200	5033
1245	1372
8	177
0	14
114	29
621	0
2	0
145	0
22	1245
11	219
0	197
27	1426
0	938
0	1429
52	845
0	1353
146	0
324	0
478	0
0	33
23	687
20	724
5	773
0	251
0	267
810	0
0	3
0	3
6	1709
288	1710
14	827
3	2
0	159
11	118
1	168
7	167
245	701
80	0
348	240
0	240
0	0
0	0
0	16
0	16
0	0
0	0
0	0
2780	2265
0	605
34	605
5	682
0	156
0	156
0	156
0	0
402	695
0	136
0	27
0	16
44	169
2	241
100	341
1	211
5660	6
0	0
5	1
237	0
0	0
0	0
2	24
1601	1
19	0
414	1894
25	427
1254	0
0	0
0	0
132	157
0	7
0	30
0	0
570	270
2003	1
6	798
0	1118
256	1118
407	0
0	2242
0	81
0	3352
16	3380
81	3384
0	3327
0	2493
0	2468
25	209
0	180
24	5
0	5
4	637
0	210
15	188
1723	0
68	238
879	1060
20	1094
325	924
0	818
0	456
0	474
1	299
0	265
0	459
2	795
1375	1
22	0
0	0
0	0
1401	0
193	2139
2	167
227	3961
344	118
0	104
4	89
0	738
0	103
444	814
0	276
8	194
5	11
0	5
0	11
74	319
0	0
614	24
0	63
234	63
107	6
296	0
61	3647
110	220
891	40
227	5069
22	4731
47	101
83	134
33	134
0	7
209	43
0	9
0	27
3130	12864
7	4611
1	7604
0	12727
11140	14
111	1623
125	1633
3030	2
1427	1746
0	96
7	1686
0	536
1310	10
108	0
1	0
1651	3
2	140
281	140
194	325
9	94
61	344
0	922
2	462
55	456
0	873
0	916
313	0
2	122
3	131
0	118
321	47
0	47
0	0
0	0
0	0
0	0
0	0
77	0
15	25
6	24
3	30
1129	236
4	237
0	0
0	0
0	235
187	480
0	455
0	357
0	0
0	0
29	358
3	358
214	1
0	129
0	96
78	206
0	84
1747	84
0	0
0	1
3	1
0	5422
4	3301
0	374
0	8426
370	10086
1	8439
319	1
5	8
7	0
0	1
0	1
0	1
0	211
0	91
1	77
61	96
12	481
0	361
108	885
0	4573
1	4071
311	2420
1845	1
595	0
8	603
0	30
0	1536
169	234
0	736
0	1455
0	1336
0	1536
0	1536
0	94
0	96
0	96
15	7152
0	665
165	5485
11	6737
0	11
0	0
0	0
0	0
318	12
0	12
66	0
2	0
17	90
8	40
0	89
243	17
0	17
2	0
333	700
0	123
0	306
0	401
1	243
0	477
0	629
0	0
662	0
168	213
0	8160
2970	8163
0	19
0	19
0	0
0	0
5	16
1	16
633	1534
0	29
1	974
6	974
0	1534
240	0
1120	1517
0	1516
470	87
8	87
11	151
0	2419
8325	3311
0	889
1105	0
24	35
0	843
51	843
15	39
1	39
0	100
133	191
28	448
3	448
120	0
0	0
17970	8
0	0
0	0
0	42
26	587
577	569
0	0
0	0
1	1371
75	0
3	2
4	2
14	395
9	29
2	65
24	120
0	203
0	379
101	0
0	0
178	183
94	183
300	1407
0	1407
0	0
373	50
0	50
234	0
0	0
74	0
4	38
61	68
0	57
745	0
45	21
0	21
0	0
0	283
0	114
476	71
0	71
673	294
0	294
0	0
298	1
0	1
25	47
0	47
0	0
0	234
0	113
0	357
8	196
113	402
0	157
287	157
0	0
6	326
5	326
0	537
81	537
1291	204
0	189
0	4
0	4
0	16
0	21
11	39
0	23
17	21
45	275
2	38
50	279
0	100
0	148
7916	660
4	0
14992	10
8641	2492
607	0
9944	4997
313	4978
155	0
662	0
347	176
321	2
5	2
2021	5909
0	2198
2	2863
1	3936
307	309
6	0
47	665
2463	0
2767	0
7	1
0	1
0	0
4	65
0	65
32	0
0	717
6314	1204
0	508
14	42
560	156
0	156
0	1746
74	1746
63	339
0	200
41	352
34	475
18	475
647	0
632	0
0	9
29	9
0	6
0	305
0	92
2	273
0	298
1565	29
0	29
9	53
0	14
106	283
4	283
187	0
0	0
895	617
0	485
0	616
0	0
0	0
0	0
0	4
0	4
0	0
0	0
7079	12
22	0
193	368
14	353
3343	26
0	24
635	423
0	423
3	120
1	61
0	0
0	0
0	0
0	667
163	667
1	331
107	331
0	4
0	4
1	621
0	621
0	129
0	140
0	140
0	0
59	0
102	398
163	398
1	0
0	453
24	453
0	0
0	0
10	0
45	5
56	5
221	0
0	37
2	268
136	29
17	434
0	403
84	410
0	411
30	0
50	0
131	0
4428	3
5	310
2183	1
1797	923
0	25
994	73
139	160
0	160
0	0
50	56
3	56
75	395
0	395
576	407
0	100
0	325
0	2332
2	2
369	2332
0	0
5	9
5	9
0	107
2907	1421
58	162
88	1460
118	614
0	0
5	905
0	806
120	847
170	1008
0	987
0	982
0	21
191	598
7	525
4	296
32	214
605	359
0	359
0	2440
0	2491
0	2611
0	2405
1	2501
0	210
154	0
0	0
30	1828
0	1828
230	130
0	130
174	1894
0	2014
0	1935
0	266
0	275
9	92
0	34
10	15
9	27
0	0
0	0
0	0
81	967
9	1052
0	163
0	19
9	1055
932	0
0	2
0	2
107	980
0	377
0	91
342	1051
0	0
0	7
0	7
13	1
14	0
5	0
0	92
1	92
0	0
0	0
3	1016
187	1149
0	0
2	0
0	0
798	246
0	246
0	2
5	2
0	0
0	251
0	1447
1	319
53	1389
20	1449
0	8
20	8
0	0
0	0
2	0
0	0
3356	1982
0	1980
2	360
0	28
0	3
0	162
0	285
0	1844
0	390
0	302
0	1578
6	2009
0	1969
0	1958
0	1951
5	1862
0	1838
0	1808
0	3
0	4
0	0
0	4
26	565
0	116
0	93
4	566
6	4
6	4
3	0
0	0
0	41
25	41
0	0
261	24
23	24
0	0
0	49
167	138
0	89
0	73
96	304
0	96
0	209
298	1807
0	1459
0	575
0	0
4	65
0	58
0	2
0	2
665	0
2150	3
3	2
3130	10
213	2
109	555
1	56
11	555
850	0
5	59
36	1932
1662	2417
15	29
0	29
0	19
5	19
33	1116
41	1443
11	375
2	1
0	1
264	304
0	4
21	4
0	0
160	0
0	0
0	0
0	0
0	0
0	0
5722	3
27459	6141
0	6126
0	307
0	7
87	307
0	119
429	119
0	0
16	35
6	20
0	17
0	47
3	17130
150	17149
9405	17082
2096	2493
0	7
0	7
145	0
150	957
0	957
11	0
1769	4
0	34
0	6
13	132
26	135
0	438
65	516
24	0
189	58
0	40
40	18
114	311
1316	0
0	51
0	96
4	98
2125	397
0	396
151	42
0	42
0	52
0	52
115	2689
293	2689
41	10
29	135
0	135
0	133
0	329
652	329
408	336
0	213
43	18
42	16
1330	74
0	74
52	27
7	28
11	1
139	121
0	121
167	1001
0	1007
139	112
0	897
0	493
1376	495
9	177
129	79
2	255
13	0
0	1
5	49
0	30
1111	0
490	0
1272	1914
0	1914
27	73
0	66
2	78
0	73
0	9
0	171
6	320
0	9
131	0
423	0
468	0
0	135
0	19
43	148
0	43
0	53
88	241
0	53
25	102
3	174
0	90
8	0
0	24
0	37
41	518
0	6
0	215
0	514
0	2
481	334
0	334
191	0
0	25
0	25
2531	52
16	52
4	6
0	6
0	26
3	6
0	26
7	0
0	0
1939	0
6	0
616	0
0	13
0	246
470	246
0	24
0	0
0	0
0	0
0	24
0	0
23	81
0	68
0	5
0	5
6	4
0	0
0	2
0	0
0	32
0	32
21	10
0	0
34	863
191	863
930	0
143	4708
98	4708
0	0
0	0
0	1
0	0
0	8
68	210
395	211
3620	880
0	874
367	4
0	1378
0	1406
0	1453
0	154
84	185
0	153
16	0
658	1
379	145
0	33
124	288
0	0
2253	4866
0	422
46	593
0	4632
374	1
1	0
538	81
46	1312
0	844
308	0
9	320
0	124
0	1
31	1609
0	80
0	131
1	1600
575	234
0	234
380	1702
3	1334
14	860
55	115
5	115
44868	6363
0	6334
0	265
46	295
0	295
190	115
1	115
391	0
0	11
355	0
5861	5632
0	5630
46	728
0	58
0	35
0	728
0	346
9728	5
402	110
0	64
65	46
498	422
0	133
5	843
0	167
30	877
58	2
706	0
0	0
0	0
56	1164
222	1050
0	51
0	5
0	8
0	488
1	488
0	59
0	443
0	363
0	2232
107	2558
0	3243
0	3243
0	492
0	466
0	453
0	475
160	207
0	204
32	204
0	0
0	0
0	0
0	0
0	0
1286	2386
221	2386
23	264
20	116
49	148
1588	1263
278	297
28	1181
36	304
162	304
5	7
0	0
194	131
0	71
0	124
0	75
1	75
0	0
0	0
0	0
18	71
343	0
0	0
0	0
0	0
5046	630
0	213
0	213
0	413
14	260
0	235
0	275
464	1375
0	122
0	46
119	64
0	17
544	0
184	7
0	7
4382	250
43	249
354	63
0	1
1859	1
0	13
6	13
798	1532
2	1121
0	1482
27	1486
0	24
0	22
0	2
2	0
0	0
0	0
611	0
45	56
4	2776
0	1383
26	2131
0	1824
4	3306
109	2885
0	0
1	58
507	178
0	140
110	318
0	0
0	0
399	341
85	342
144	53
0	53
1746	381
0	357
0	73
0	24
181	216
0	0
115	108
0	108
0	0
0	0
2	3
0	2
0	3
0	645
0	475
5	557
3	4
417	0
0	103
142	103
15	3
112	9
0	9
0	160
2347	1222
0	1158
0	0
3013	1861
9	51
0	84
0	4
893	114
581	0
0	0
0	0
21	14
0	1
929	0
13	10
0	6
2237	0
1190	0
274	1066
3	84
2	25
86	0
0	1
0	1
0	3
0	1
0	2
1127	0
0	668
156	1890
1778	1917
414	0
0	20
2	6
0	0
1	72
264	58
0	40
0	36
1	12
0	90
1	750
0	84
0	789
96	637
88	640
1662	0
34	124
2	1105
16	4174
0	3817
13	330
2	324
67	330
0	253
0	47
0	37
9	274
8	723
1	353
0	659
0	642
41	642
520	2
4934	48044
0	13131
0	14485
263	48312
30	38418
4	6
0	7
0	6
996	1
16	53
18	53
2	0
317	126
187	126
304	1420
109	1420
84	0
293	0
38	77
0	77
0	0
13	3
0	3
1	2
0	2
0	0
0	0
0	0
0	90
0	215
65	226
246	0
443	0
5	114
29	0
201	135
0	135
434	0
18	349
2	327
3669	619
2	368
51	362
0	593
0	594
0	0
7	0
48	465
0	465
128	0
154	95
0	83
0	95
280	0
0	0
2365	888
211	887
4	19
13	449
786	468
0	3
3	13
0	0
137	62
24	547
1	547
0	31
170	31
434	0
0	0
0	0
0	0
0	0
0	970
0	195
4431	3867
0	3360
0	3093
13	1688
406	405
0	306
4	306
7	16
27	4
0	20
0	0
0	0
365	3
0	0
1354	1
4	0
7	51
5	55
2569	861
0	980
53	1024
1585	1
11	416
0	17
1	427
77	527
61	527
94	0
6	0
352	0
0	113
197	113
623	0
0	3
0	1
119	709
0	704
441	1237
9	35
0	0
13	35
4345	0
1663	334
0	274
0	27
0	10
0	17
0	26
0	26
0	27
3174	8
0	0
0	536
935	536
1	16
287	102
0	35
263	0
0	1
0	1
0	1
41	0
0	0
0	0
0	0
659	0
0	7045
627	1973
0	2858
0	35
6149	7401
0	2521
10	1293
0	85
11	1250
0	174
5	189
0	0
0	0
34	446
10588	462
0	7
11	3
46	3
7	0
0	8
10	8
0	0
1	0
8	0
4	19
0	19
56	19
280	452
0	452
58	0
280	0
65	165
152	165
226	10
0	9
0	0
0	590
402	875
76	875
425	0
0	0
104	0
0	0
8545	4
0	548
201	1129
23	1129
154	117
0	117
0	16
0	3
0	71
7	71
22	291
312	475
0	213
146	979
9	34
0	5
0	3
0	34
8	0
0	370
0	422
2	91
0	91
0	91
0	344
0	91
0	0
8	1018
0	683
0	638
0	703
3762	3396
59	3653
4	3931
0	3947
0	3929
30	89
0	85
929	0
1249	1617
0	1613
0	1207
24	11
187	0
32	55
128	21
0	500
1933	708
0	115
78	900
0	692
22	510
0	27
0	22
23	281
0	281
2707	2
72	1380
0	116
0	54
0	1380
216	76
234	0
21	132
0	128
0	87
0	26
0	0
17	148
1	148
6	72
100	0
1011	0
57	18
8	0
198	756
13	797
0	815
0	0
0	4
0	4
141	0
65	0
59	0
0	8
0	8
1065	2
144	0
321	640
1334	2522
0	2103
2	2431
0	2465
1	2442
0	1966
0	58
226	82
0	82
849	0
0	604
583	604
1933	1
103	1
0	1
116	12431
0	12477
0	12728
0	2379
0	12718
0	0
0	0
0	18
77	25
0	7
1426	1678
566	0
79	443
0	443
0	219
7	0
0	0
23	8
0	8
0	0
4	0
191	941
27	1103
374	6450
1	1911
3	1855
0	1431
0	6351
0	54
0	57
449	97
3	99
1161	1647
0	688
0	532
1	379
19	493
34	415
0	1565
583	186
0	183
18	3
24	3
34	410
0	410
0	489
0	0
0	0
40	0
0	0
5	0
15	0
60	1439
53	508
0	1418
0	1304
991	474
113	1721
2485	1721
1974	2
82	83
0	83
0	0
317	833
0	718
0	541
1707	3143
45	434
0	594
34	303
27	310
0	1149
0	681
0	2964
0	3429
5	3366
0	893
0	2913
0	729
795	4
72	120
0	120
0	151
4	43
97	151
55	0
15	190
19	139
22	8
0	8
9	37
306	37
2	24
43	86
0	86
3	237
2	1951
0	402
0	2001
0	2113
5	328
114	0
554	86
0	86
0	0
0	0
0	0
23	59
9	59
5	152
0	6
0	5
10	122
0	373
0	358
396	288
0	288
0	0
8	245
20	19
27	264
156	136
238	280
0	50
1287	50
365	321
190	0
422	109
0	109
329	16
14	0
142	449
31	116
64	332
0	0
15	0
13	319
3	264
211	478
0	0
0	0
0	0
0	70
0	73
58	539
0	27
27	539
39	88
0	60
0	88
0	43
0	73
0	151
75	385
0	0
0	0
0	0
3	93
56	915
650	1010
0	448
0	90
243	152
0	152
1	152
4364	0
76	98
0	98
8	912
26	944
0	957
0	7
0	11
6	7
0	7
61	33
0	33
333	0
4	0
590	85
2	84
407	61
6	61
0	18
8	37
0	21
699	556
0	556
0	166
0	110
0	817
34	817
12	22
0	15
1	16
0	228
0	267
97	274
2	277
0	0
0	0
0	0
0	23
380	108
0	105
78	99
134	99
123	22
0	22
0	0
0	113
432	118
0	1048
1482	1051
27889	17261
0	16008
0	12549
0	15541
0	8226
27	264
142	264
6	10
21	18
0	0
142	0
39	32
0	1713
1	1835
0	1851
0	877
0	9
3	28
6	0
8	0
0	83
0	27
15	397
2	395
18	839
20	801
0	798
257	1706
5	292
12	56
4	1706
2	190
0	206
12	223
100	304
0	8
0	20
119	20
0	92
31	486
0	2979
0	2970
0	3084
1	256
0	260
0	181
0	262
0	177
29	278
13	198
0	5
0	5
1044	0
0	0
3	112
0	129
0	124
2043	1
342	0
38	1748
10	1748
0	286
0	46
0	140
0	75
251	559
76	441
623	682
0	277
0	244
0	243
2974	2004
0	17
0	17
0	447
26	447
359	0
0	255
0	0
0	0
55	0
0	27
3	143
0	10
4	124
1	41
0	16
2844	0
22	736
0	736
0	717
9	0
1004	3
3	111
0	111
0	532
7	2
0	39
404	532
304	968
125	968
0	279
47	0
0	3
0	5
0	0
28	8
0	0
184	0
0	10
23	18
0	8
0	8
123	864
0	864
238	59
0	5
0	26
0	33
9	6
82	1078
30	1078
143	134
146	0
0	134
0	224
0	123
322	224
83	17
0	16
2	17
1166	0
0	0
0	0
339	395
0	746
0	733
0	788
0	70
3	58
0	197
0	375
0	148
0	92
24	131
0	275
6	831
123	931
0	4
1043	234
172	1
3957	3
3	0
0	0
342	0
0	0
0	0
12	94
3	37
20	2
0	2
0	0
233	301
0	301
4	0
127	0
113	0
79	0
0	5
6	27
1	27
38	155
34	173
0	111
0	71
0	101
0	26
26	26
2084	7
2863	3
1	52
0	43
0	1
4	53
71	433
0	411
0	433
2	30
547	30
46	0
29	0
0	345
135	450
0	72
227	494
0	14
16	0
59	0
144	372
122	9307
0	9165
98	8861
9	8143
0	0
1	64
194	470
3	375
0	241
54	0
10	139
0	107
0	131
5	126
4	18
0	18
951	0
143	89
288	102
129	149
0	25
0	13
0	4
0	146
1636	2
282	146
0	0
0	4
0	4
0	0
9	0
64	301
0	301
1	35
1	194
2	20
0	0
14	227
52	22
81	596
0	596
523	0
2	0
1456	0
0	0
156	214
0	16
0	2
0	0
1	16
120	11
0	11
0	4
3	12
10	12
75	30
71	122
0	122
0	86
0	86
929	1081
10	1081
1177	1
676	0
0	0
186	0
0	0
0	99
48	99
0	774
332	7123
7	7123
146	145
0	145
115	281
0	9
278	0
224	1673
44	1673
0	2
6	2
50	25
0	53
3	4
0	17
0	13
0	53
0	0
0	0
285	0
8	0
1591	6
0	2
3	0
13	131
52	64
93	195
121	0
0	1710
0	36
89	1817
0	943
0	961
926	339
0	339
1157	518
1	8
0	508
0	0
0	567
1	2573
0	1787
0	845
0	1559
0	1673
20	2069
0	0
64	682
10	682
4	45
0	190
5	680
0	461
803	387
0	387
27	18
71	18
2	214
241	314
0	177
0	28
0	191
11	755
0	133
722	673
29	14
0	14
0	0
0	0
2	88
629	88
6	0
1	0
1077	1681
93	0
0	0
111	86
0	0
3	530
713	874
0	873
0	105
64	12
0	12
314	0
0	231
0	1872
0	1684
0	1704
0	1910
0	1775
0	1686
3	1771
0	8
0	153
2	425
4	199
33	526
62	397
114	1162
0	1921
73	149
0	0
0	1921
0	59
0	865
0	116
0	2440
0	2552
16	80
14	0
0	12
119	803
43	512
60	2
1150	4524
0	0
0	1
0	4046
0	4116
0	4064
0	0
0	0
0	0
4	4
0	4
0	60
8	250
450	250
0	89
131	290
159	489
2	335
22	1716
118	1745
0	0
4523	0
31	23
0	134
444	157
146	340
0	0
41	514
8	514
0	0
0	91
7752	96
0	0
0	5
0	5
6	108
0	136
3	169
0	2
0	2
0	2
1	17
0	28
11	52
86	571
0	30
89	575
0	3720
281	3720
0	865
1060	866
42	1418
0	1418
0	1381
0	57
666	57
6	146
0	33
0	66
595	1082
0	454
0	135
0	846
0	325
0	36
0	0
0	0
2036	0
0	0
0	0
8	0
3	0
20	0
75	45
0	5
7	5
24	385
0	385
13	0
953	1
0	0
938	0
0	1032
0	90
0	1037
0	211
0	216
0	225
9	118
79	118
464	0
0	0
46	0
9	373
0	373
22	0
0	60
19	60
72	86
0	86
0	260
0	17
0	1589
193	2294
5	1569
2	1819
0	1529
0	1005
0	1838
971	0
0	0
0	0
0	192
22	64
0	76
0	77
0	191
0	0
3	0
14	0
131	0
0	8
4	14
5	179
0	179
590	2757
61	2757
16	0
74	722
1	477
0	58
0	228
0	280
1	0
1321	188
0	168
0	168
0	185
197	84
0	0
0	2
105	0
162	0
370	87
0	84
0	0
0	0
0	28
0	14
1	28
0	391
70	475
113	7
70	10
6	6
114	298
6	243
3	184
361	2
1400	1349
3	1122
1245	1351
0	40
312	156
0	116
123	0
0	60
640	6159
0	4670
0	4703
13	3282
25	6268
1307	0
90	313
0	313
341	155
0	67
9	10
0	5
0	57
0	80
0	43
11	12
0	0
65	0
14	39
0	0
0	0
489	0
1	2
0	2
98	0
3898	5
3	232
13	267
0	72
0	267
1019	127
55	0
0	583
1	586
432	3824
0	0
0	3824
0	0
0	0
727	0
1360	0
1	0
8	483
0	142
1	64
0	0
1	17
283	430
0	150
36	214
0	214
0	0
0	0
140	198
0	150
3	54
504	1
299	60
0	11
13	0
275	703
8	103
0	0
0	657
19	709
67	54
0	26
784	1
33	167
20	2
73	3936
101	4069
39	321
0	321
13	0
3	485
0	506
0	343
651	967
0	1552
0	1549
0	1170
0	3764
13	3565
18	2868
0	3780
10	3586
0	3676
0	1552
0	3797
0	1551
150	2557
15	2557
0	207
1	219
13	303
16	485
0	724
0	249
14	494
0	682
6	62
0	320
46	839
202	59
0	59
0	13
7	168
105	168
0	240
0	256
46	371
0	371
1236	0
1524	2
10	48
0	48
0	36
9	38
0	10
2969	265
38	262
35	631
6	665
0	678
13	534
0	413
0	312
0	631
0	486
28	0
299	0
2	0
0	0
343	0
135	6238
0	6238
0	134
2	134
0	8
0	0
0	0
1315	363
7	362
0	0
66	50
1	24
0	18
0	28
0	0
432	8401
0	5385
153	825
0	78
3	0
0	0
0	330
1151	889
272	300
0	300
0	608
138	5913
30	5913
65	5235
15	161
45	161
49	390
7	59
0	11
0	390
0	344
0	206
0	38
10	145
0	547
317	547
0	0
646	0
17	139
478	139
63	111
0	0
0	111
42	0
22	448
124	448
103	2271
0	2175
182	2273
852	559
0	0
245	1171
0	1171
31	69
796	0
0	4
0	4
2313	3
0	32
1366	8811
2	279
0	8812
0	7881
153	23
1	29
19	29
1860	705
0	51
1319	1
0	168
150	1218
0	1231
2	1314
769	7
1	0
21	89
0	60
0	40
113	2
392	0
1	824
0	655
810	1396
0	492
1	489
11	1281
80	971
0	971
0	160
0	12
9	160
29	0
1615	650
9	11
0	417
0	369
3368	1
3	227
2	0
92	350
99	350
743	0
1178	0
889	82
0	82
0	0
6	0
0	600
0	542
1	1422
27	718
86	2071
240	3087
77	3060
0	96
356	2118
101	13
1879	2591
0	227
0	866
1	2560
0	2679
0	868
0	0
1207	0
0	0
0	599
1866	633
50	578
0	578
194	0
15	0
0	0
629	224
12	224
0	5663
0	1031
0	593
0	286
4	205
0	342
0	128
0	4873
3	4722
0	5513
0	0
3	49
46	49
0	15
0	1
0	14
0	397
401	686
2	288
567	0
1236	0
10	120
0	0
34	0
0	0
118	225
41	202
0	113
0	0
0	1
0	1
0	0
583	4
44	1348
47	1348
0	105
260	37
0	37
30	0
1	318
689	318
3167	2438
1	909
0	2434
0	0
113	0
8169	8868
0	170
1762	172
17	103
24	72
43	0
132	103
14	2
1639	2269
0	2
0	2269
0	2211
20	2218
0	350
659	619
40	529
0	547
43	287
0	287
148	0
130	67
0	7662
4632	7663
3088	158
0	154
0	7628
0	8157
0	4068
0	7769
0	60
535	583
0	581
12	0
0	77
153	577
12	577
0	9
0	9
0	9
0	21
0	9
0	9
207	99
0	43
0	88
0	493
0	67
0	500
14	531
89	500
0	208
0	452
5	107
279	1322
0	1241
12	0
0	230
184	8800
17591	8643
0	0
0	30
0	0
194	30
0	0
0	0
1872	1
62	162
420	244
0	72
0	111
0	0
2	387
0	1815
2	813
170	1937
0	1305
951	0
0	11
2	11
0	3
50	3
11	8
0	96
0	40
17	96
101	27
259	438
0	438
172	698
0	152
0	144
10	0
0	207
0	4729
100	4762
11	8
0	8
0	8
93	0
561	0
54	0
0	18
0	6
0	8
0	20
0	20
727	0
0	54
247	83
0	44
17	0
9	0
0	1
0	1
115	361
0	361
9	21
48	0
0	253
0	700
85	782
1	627
0	258
46	392
0	3
0	392
22	0
2323	750
1	749
19	3044
0	3047
0	2594
0	0
177	1627
14	141
0	23
0	1625
0	0
386	1266
0	315
0	1252
0	1266
0	0
371	614
0	614
0	91
0	20
0	63
0	242
0	219
42	26
565	471
7	497
0	2
0	0
0	0
34	12
0	12
0	36
49	105
0	105
0	27
5098	10119
2	29
0	129
0	0
256	18
0	10076
148	278
0	278
229	568
1	220
5	556
0	91
625	566
3780	6
1737	217
0	132
0	157
3	177
0	1318
0	455
0	278
194	1319
0	1
0	147
68	147
6	2423
3810	2428
0	26
39	27
0	0
0	0
0	0
0	1594
0	3156
0	3107
3	0
643	124
0	124
0	29
1672	123
0	123
0	38
0	516
771	529
0	0
0	0
0	0
376	93
0	0
0	148
0	158
0	26
0	146
5	136
0	0
0	3
75	3
73	0
0	0
52	187
0	71
2	219
6	246
0	90
0	58
12	219
0	0
84	1685
10	1685
32	7
59	1183
31	35206
4	13895
163	4541
1845	38563
612	0
3	2209
6150	6384
294	486
23	486
75	409
5	299
1	19
51	206
72	710
424	669
1373	3
741	27
2	27
1869	1159
18	1159
118	292
0	292
0	218
31	14
772	0
27	0
0	31
1	31
8	0
0	0
0	331
17	378
0	275
100	14
667	60
0	58
159	400
0	68
298	0
160	0
0	0
0	0
48	0
0	3468
20	6874
5599	7428
11	7033
13	72
0	72
1	0
71	54
0	45
0	27
26	0
1	0
5	40
686	228
3	173
22	178
5814	0
0	0
9	356
22	72
26	1640
0	3
169	1640
12	260
423	5
0	268
884	112
0	112
45	0
109	8
0	8
1308	11318
26	11312
11	0
41	150
19	150
0	68
0	0
0	0
280	58
0	26
10	58
24	18
0	12
0	13
0	8
0	15
11	10
0	10
48	1026
0	1026
0	29
0	29
0	29
3	5
6	156
0	151
28	483
62	485
278	739
0	739
191	0
0	171
94	159
0	975
3	1081
0	1032
0	5
0	34
0	39
1560	2
2359	949
3	278
9	930
0	0
0	0
0	32
0	9
6	38
2862	0
0	2
3936	3324
1510	130
0	130
0	7
36	7
0	7
0	0
405	61
0	61
0	153
520	337
0	272
4	14654
29	18654
141	19844
0	15
0	15
0	76
27	76
0	0
7	5
1247	0
0	6
0	6
0	6
7	8
0	8
521	0
6629	269
30	266
0	38
15	429
0	314
78	1637
0	462
0	1637
0	0
5	0
293	8
0	8
1	1209
4	235
0	8812
0	11161
0	240
796	14051
304	1713
145	1713
3	128
0	117
0	31
0	121
583	0
32	1098
0	941
0	303
10	1170
0	0
34	116
0	116
921	775
0	775
26	622
0	158
0	622
1440	1
20	0
0	0
291	1
2196	0
0	0
0	0
0	0
0	0
0	0
0	0
513	139
0	139
4591	15
480	1225
0	1074
0	1225
0	1074
9	11
0	11
4	610
0	288
0	65
1	385
0	370
7	256
0	126
0	320
0	296
1374	1
242	0
6413	3
0	0
693	739
0	470
21	225
0	0
115	0
180	0
3	0
1122	3592
3	3662
79	0
4	5
737	1
0	11
0	11
61	313
3	90
4	181
250	475
8	161
50	678
18	208
0	37
0	62
0	106
43	111
0	57
0	0
0	0
0	0
295	0
0	6
0	6
371	461
0	461
14	0
982	0
9	0
348	1733
75	1733
352	0
0	4
0	0
133	0
3043	1
31	0
0	0
0	0
0	0
0	0
0	0
0	0
0	0
1581	2
13	868
1	1063
29	2788
11	2618
0	402
0	746
61	746
228	286
0	286
39	683
0	43
92	717
25584	3341
0	2375
0	948
0	192
0	146
0	178
0	183
0	174
0	183
0	0
0	0
0	0
0	366
0	455
0	452
52	48
94	0
441	255
31	0
19	0
17	10
0	10
1659	150
17	3
121	243
0	218
0	29
1530	670
0	9
74	13
0	4
0	0
0	0
0	0
2	68
0	194
0	7
0	7
0	2604
7	8225
3203	2500
14	8121
0	1379
264	0
92	291
0	189
0	0
253	3
0	231
0	123
3067	900
103	659
1	293
0	0
572	1172
2	453
0	534
0	1101
0	0
0	0
0	0
1197	627
21	70
18	4
0	4
0	0
0	0
2	10
0	3
0	0
0	0
2	0
0	0
5517	6
0	22
0	29
0	18
0	4
0	3
26	934
0	580
208	993
0	0
52	169
94	315
0	46
230	288
0	202
18	218
8	5
0	5
0	1
149	3
7	4
236	0
3	0
0	0
297	512
0	0
1007	306
0	275
0	277
0	62
65	1334
0	0
330	1334
0	51
91	158
0	158
0	16
0	0
742	0
226	342
0	342
17	30
1	30
3	1379
10	1335
0	1293
31	114
9	114
0	54
0	19582
3	704
648	699
0	259
17	52
13	52
81	706
478	706
0	10
1135	1
9074	5212
4712	4
189	1534
0	252
0	258
5	343
43	1571
0	4534
0	5021
1	0
2591	5226
0	751
0	5077
0	4435
0	4479
0	5085
0	4614
0	4077
0	5148
0	4042
3	5053
0	99
11	99
33	145
4	226
0	223
23	54
12	54
47	4856
212	0
111	962
0	962
4	318
0	233
176	296
17	0
23	3
0	3
55	132
37	132
0	7693
1	0
938	1
0	119
17	142
0	0
15580	6
8	6
36	11
7	5
823	97
0	97
35	0
718	455
337	416
17	3651
0	3008
1454	901
0	900
67	1693
0	74
1	1693
0	0
13	51
0	75
99	5427
254	1928
0	1208
0	1373
0	1085
29	5172
2	176
0	174
6	31
1200	0
267	0
0	0
1	0
0	0
404	0
5412	2
0	90
0	159
340	210
0	114
107	112
0	70
34	186
42	147
0	148
0	148
4769	1619
459	1267
0	3
0	0
2	3
0	3
20	0
84	0
0	530
1	80
1	13
0	53
0	167
58	0
224	261
1495	481
143	4301
18	4898
105	4841
0	4943
4	4329
0	4936
139	56
0	13
0	1
0	43
4	191
0	60
0	174
0	19
0	33
106	35
147	1068
12	1068
0	0
15	91
0	91
3512	0
4234	2
2	566
0	554
2292	0
1218	0
0	5
3	11
0	9
5	13
0	0
0	0
0	219
1081	220
2942	1
0	62
0	62
0	62
0	0
188	3
120	3
98	1
1373	2
0	6
50	1020
16	1101
1	1012
183	0
90	2027
0	347
0	287
1190	2027
101	504
0	504
3	31
0	6
188	110
0	83
0	0
4193	6
0	0
2	194
6	194
202	2241
233	2166
108	0
0	0
2583	4
0	0
0	0
0	0
0	2
10	2
675	1590
0	764
435	408
19	387
0	142
0	0
19	0
341	1170
0	88
234	643
4	38
0	605
0	0
543	25
0	25
0	0
2	0
0	1
22	1
104	0
388	91
32	89
34	712
4	712
18	115
4	115
137	334
0	0
698	518
91	514
9	488
0	1943
0	1971
4	938
1211	2335
64	1949
0	1892
189	1935
356	1488
43	1488
0	0
1678	1
0	0
1040	0
136	110
0	31
1	91
1060	0
1472	204
0	201
2175	80
0	36
11	81
47	2964
0	696
7	2969
0	2778
242	4883
10	22
0	26
0	26
0	21
26	13
0	44
5	0
102	57
4	27
50	27
0	159
178	118
0	118
0	0
2	446
119	446
1	445
89	4897
0	0
672	0
517	3800
136	192
0	182
18	3828
298	162
3	0
0	314
0	0
3	43
3	35
0	8
264	2
56	99
0	65
3	166
30	408
0	408
3	24
10	24
106	461
0	0
240	3784
0	533
389	3665
37	431
730	0
297	1280
0	1280
0	0
21	0
78	7
0	7
49	4856
36	31
0	1
0	0
305	568
3	568
4026	1
8	54
0	54
0	29
0	29
105	19595
73	19469
191	19994
2	19413
205	22365
149	19246
27	0
0	0
0	0
0	0
0	0
0	0
0	0
196	941
124	0
0	1
0	1
55	0
10	0
3217	114
2	0
0	114
37	0
582	0
0	20
6	132
36	371
282	371
2234	1
0	405
133	405
0	0
1019	0
0	67
198	193
39	193
95	0
22	0
0	0
174	1400
0	929
15	247
0	319
22	319
990	1501
270	1501
0	585
1	4061
13137	3901
10	3888
0	0
0	33
45	1757
1	33
607	0
1	221
678	223
56	0
0	0
49	3
0	3
0	224
0	33
4	590
0	599
0	53
0	68
0	48
1	48
0	7
485	10
0	0
0	0
396	4614
3279	4395
0	0
0	0
0	0
484	0
12	47
0	104
176	226
0	212
3801	2
3725	2
116	0
141	4707
0	0
0	0
0	0
0	0
0	0
0	0
29	93
3	93
0	0
0	3
0	3
13	0
0	5156
0	5004
4766	1257
0	338
0	918
68	0
0	0
0	171
1582	171
0	0
220	4
7	0
101	714
0	281
1	0
0	12
4	602
40	656
0	656
0	32
0	32
467	346
390	346
2344	2
1	301
0	301
0	104
173	104
0	2
0	674
153	2070
1495	1929
24	1919
0	715
0	597
135	0
5119	263
0	262
2	0
572	0
15	839
311	2427
11	2427
415	127
0	126
0	94
2	94
0	12
39	12
0	91
0	33
0	83
693	196
0	86
27	582
0	590
0	564
0	49
0	225
12	225
628	0
0	1904
0	53
12	1213
9	12197
0	8188
0	11805
0	11921
0	0
145	0
0	0
0	2
49	2
4	0
14	52
0	52
79	6
576	235
0	147
0	235
52	0
64	310
7	310
2160	8
152	349
10	0
311	349
83	0
766	0
0	0
0	0
0	0
0	0
0	0
1102	0
6	0
160	3005
312	3005
702	176
0	115
17	115
0	887
379	888
471	34
12	111
0	16
0	22
0	110
1	0
0	10
9	10
3	9
0	9
5420	3087
0	3086
40	2213
4	963
12	872
5	992
0	702
1099	639
5	282
12	634
0	120
29	206
542	2915
0	966
0	1476
0	0
0	0
0	0
6381	2
239	402
43	0
202	128
0	24
55	302
0	54
0	6
4	20
403	80
1592	390
0	181
0	207
222	404
23	357
1813	4
0	167
0	56
21	674
0	84
0	644
0	452
0	153
0	153
31	517
0	223
0	94
1	45
0	76
0	188
0	2511
2018	8544
0	4740
1	0
874	866
0	866
375	0
1545	1062
117	0
60	7
23	2475
130	331
0	32
0	110
0	70
0	2475
95	1258
69	492
0	42
2	42
41	450
1075	645
0	147
11	253
93	256
238	6079
1858	6079
0	5
589	5876
0	3579
7	0
4	55
0	16
163	0
0	191
0	165
0	202
0	195
0	155
0	194
41	130
0	5
0	10
0	10
0	489
0	959
2	937
2	529
0	282
0	80
46	1
3	99
0	99
0	90
811	93
0	92
66	102
0	71
0	24
0	93
0	89
0	334
101	334
2113	3011
34	276
0	110
13	153
0	15
0	150
2561	2
1	1294
0	859
637	1301
46	0
366	2
0	0
0	0
599	1699
0	3
0	3
0	0
184	0
1	1036
1971	2766
0	2765
1	16
0	16
255	449
0	262
0	426
34	109
0	109
2	466
6727	469
927	39
0	38
43	128
2	116
1364	116
31	6863
2073	4378
0	5720
0	2937
0	343
0	3142
0	3034
0	1407
0	918
206	1425
0	347
0	8690
61	8683
175	85
7	14
0	84
7	0
20	10
305	10
0	33
180	348
116	31
406	330
13	330
368	2814
0	92
0	94
0	2588
6	2685
0	0
0	3571
1853	3573
701	367
0	367
26	93
1	572
0	572
176	881
6099	884
2	195
16	900
0	833
0	134
0	47
893	182
87	0
0	0
0	0
0	1332
0	39
7	1475
2	1352
0	1425
1	1422
0	0
0	0
3	0
6	35
0	20
0	13
0	6
5	88
0	79
0	37
0	0
0	5
0	5
0	80
0	93
0	0
28	0
0	0
63	0
112	499
35	1404
11	1
280	1237
0	60
0	45
0	1237
0	348
0	333
775	1199
4188	3251
384	1397
0	651
3019	0
86	1195
0	55
0	2
1	27
27	1196
0	0
0	0
128	94
0	23
0	33
0	134
29	154
14	154
0	3
0	3
212	314
1266	1
356	3142
0	3142
0	1268
145	1268
10	114
4	55
847	468
0	297
2	426
12	36
0	36
1164	0
0	398
0	729
210	1621
0	602
4	1549
1077	3986
0	3986
13	0
0	0
11344	3158
7	0
0	33
0	12
0	30
196	0
45	114
0	114
0	0
0	432
0	123
9	703
2689	977
688	0
0	0
0	0
0	0
13	0
14	51
0	6
2	6
0	0
4	209
0	209
1	0
1164	2
3387	7
8	15447
59285	15616
17	3711
96	79
1	116
38	88
1360	3
0	478
135	478
64	170
14	286
7	0
0	0
25375	3446
0	3435
75	855
24	201
166	780
3270	2
412	1522
23	1503
3	0
0	144
124	144
2201	324
89	310
38	96
0	370
0	224
0	2
0	0
0	0
0	0
0	0
42	0
39	94
421	104
648	1
0	10
3	137
0	137
341	0
8	40
92	45
5	6
0	40
60	0
0	0
0	0
0	24
63	29
0	0
0	29
0	24
81	97
0	97
39	380
0	228
6701	612
1770	6556
0	6541
0	1232
563	243
572	441
0	441
228	189
0	141
9034	13
35	412
0	159
0	316
0	369
0	0
0	1781
2006	1768
25	767
33	521
1675	1564
98	101
0	3
0	78
0	1563
38	58
257	513
8	513
1568	256
0	52
0	3
0	3
0	7
2	13
42	121
0	108
77	0
20	378
9	378
0	0
56	6
0	0
0	0
0	0
0	5
3	5
0	504
478	505
30	142
0	25
0	7
0	138
27	0
0	0
525	0
2097	1592
0	274
3	0
6	182
1167	6648
0	1393
9	573
1	5930
312	0
388	370
0	19
0	351
24	17
0	24
0	1
0	110
0	9
0	82
0	107
0	114
38	108
330	145
0	12
15	48
0	0
240	93
38	2060
23	1287
835	2063
45	1167
1977	631
0	667
0	736
0	855
25	16
0	16
2067	0
88	3
1059	1
600	866
0	864
191	352
2	521
191	1230
193	2042
26	9207
107	2255
0	9297
25	9221
43	2
35	2
36	243
0	326
20	328
66	7
0	7
50	107
0	107
3	107
0	303
2507	240
232	207
6987	3387
1	3384
5	391
42	185
102	445
21	146
1	161
0	163
1	0
35	189
0	189
3296	1090
0	180
19	908
5449	2
128	0
35	273
0	259
33	148
0	162
0	149
0	234
0	35
87	204
0	811
243	812
2035	1
294	109
0	109
0	204
18	269
0	267
133	88
32	712
21	712
351	0
1143	110
210	0
68	198
0	198
0	0
0	146
1132	8369
99	8402
1	1
0	0
1	2
0	6
0	6
0	2
0	0
0	0
2957	431
0	425
120	0
138	72
6	72
0	314
378	769
0	750
15	62
1186	1240
0	31
88	611
273	1254
1	744
235	1074
3455	27870
442	28686
0	15794
0	0
0	0
438	2990
2	2990
12	5
2	5
5	1740
0	1169
23	2318
0	1924
0	1776
10	0
0	0
2	823
0	32
262	823
5	17
0	17
0	17
1488	198
0	196
678	313
0	44
0	269
141	34
1	34
9	4953
23631	12443
127	1047
9	10154
0	1236
0	156
0	264
12	132
12	68
153	112
9	44
0	524
37	524
153	524
0	0
88	0
0	244
53	901
0	154
0	811
404	0
1580	540
0	536
0	0
1338	2
0	5
4	5
0	6
0	0
0	0
0	0
0	6
0	0
172	0
79	1185
0	301
156	312
0	0
159	0
0	3
173	104
0	104
0	80
53	88
25	1462
111	0
5	0
1568	1152
0	944
0	262
0	25
0	14
0	68
0	68
0	20
0	68
127	959
0	177
0	205
0	1294
266	1294
1	1120
190	1120
0	0
0	0
0	15
0	223
0	219
561	438
0	150
833	164
0	143
584	105
14	51
0	21
6	0
926	0
7	0
670	0
5	23
0	0
1074	0
59	997
537	997
26	340
0	266
0	1119
65	1182
475	213
0	38
61	38
0	21
0	21
2297	699
183	310
28	386
1483	145
78	145
421	459
0	146
158	1305
0	582
0	215
0	1301
26	22
1	2
114	121
120	568
0	0
0	536
0	530
2	584
7	0
19	0
5	0
133	486
1	486
2133	46
0	46
0	71
391	146
0	75
136	849
3	849
29	849
806	0
0	1
2	0
79	7761
5	7368
765	7589
11	50
0	0
0	50
1856	1034
0	4
0	77
0	23
7	129
7	7827
570	7829
50	0
0	876
0	213
0	1099
2	1145
26440	25
65	221
107	221
319	195
41	92
0	195
0	0
0	0
0	0
45	98
5	6
2	98
85	168
2	168
0	0
0	0
0	8
0	8
6057	3
36	7
0	74
0	45
0	180
0	194
0	0
219	1739
8	1739
0	639
1178	1178
0	399
0	329
0	69
6	55
680	73
2223	0
0	0
0	77
0	118
154	5
0	5
0	0
0	12
0	0
0	12
891	58
0	58
431	0
0	0
6	0
0	0
16	632
128	664
0	39
9	786
15	473
45	473
2243	2450
0	870
42	947
5	0
0	0
22	92
17	68
0	91
5	22
20	22
0	14
9	37
0	31
0	0
0	0
0	172
392	172
1574	0
47	1035
4	58
7	928
0	2
747	0
149	0
116	405
93	405
32	405
0	349
0	405
13	59
0	16
74	9
0	9
0	25
10	68
13	68
37	7
0	7
12	0
23	118
28	118
0	18
21	246
0	29
0	235
0	2135
70	2135
4	0
42	0
0	0
772	0
63	171
0	171
1637	24737
63	24737
71	0
7	110
2	99
53	328
0	328
252	955
18	105
74	955
2338	3517
830	1
94	1661
13	1661
2	2
0	17
18	17
1598	0
18	0
1	11
0	7
0	0
892	0
800	34949
419	6880
0	6601
17	35228
0	76
0	1112
0	2032
1116	2083
5	106
713	332
3469	1
0	0
166	346
0	346
40	6
0	4
1	86
911	86
743	3
4721	4
131	22
2	22
85	1387
118	1387
36	6
3	0
0	0
1163	362
36	360
720	550
0	550
0	0
0	0
2	0
236	103
0	103
3	485
0	33
608	33
2	260
49	114
0	84
275	10
1259	4
51	18
0	49
482	63
65	675
0	119
11	675
0	19
0	57
0	42
0	144
0	38
0	515
0	18
0	55
4	2571
0	2618
5	2521
0	0
16	62
0	48
1	14
341	4574
12	4574
0	0
0	19
1	19
0	65
323	255
0	49
0	65
0	255
0	1
0	1
24	1613
11	5
965	133
0	133
0	106
0	117
25	1512
3	809
0	809
30	1477
17	49
51	48
130	0
98	13
0	13
0	8
46	29
0	14
0	3
0	3
0	171
0	0
2	0
0	0
0	2547
1	57
21	2579
1044	0
0	419
58	683
66	4
5	11
73	11
157	555
0	555
428	0
349	55
42	55
173	0
0	63
114	63
2	0
127	4
0	4
728	116
0	116
0	0
15	0
1414	0
2	12
124	12
763	837
15	837
0	0
38	4
4	2
0	1
91	98
13	98
2677	685
47	13
0	702
0	690
0	348
249	81
0	7
0	74
172	0
65	358
2353	358
29	154
119	90
82	44
0	44
164	0
24012	18
19	65
0	65
0	11
7	18
122	0
130	3299
1	36
131	2643
24	3114
0	76
3829	4
0	2
0	10
0	4
0	11
0	13
0	16
0	9
0	17
8	4
0	4
0	11
3967	1
39	0
24	0
67	44
20	148
65	148
193	0
0	82
5	82
4688	5
873	75
0	74
16862	10
396	0
14	0
456	2553
0	493
0	605
0	385
0	26
0	353
3	380
0	370
455	1800
289	1798
344	0
791	0
68	106
0	106
0	121
49	387
0	111
0	28
0	76
6	1245
0	27
1266	370
2	370
1019	1
2	4
45	0
928	1827
6	250
11	1585
40	622
256	3775
24	3730
2913	11043
4	11043
2	7170
105	0
374	0
268	1
86	17
6	17
1422	532
52	532
0	6
39	205
0	1
3	3
0	1
3600	7
0	0
81	0
950	69
0	69
56	50
130	50
4	10328
0	4652
0	8749
27	8202
4	10265
19344	14838
0	8084
0	1810
98	1718
0	1189
1044	46
0	46
40	46
317	1272
201	936
0	170
25	1329
1466	191
0	6
0	5
11	26
1	6
0	97
58	97
0	50
585	50
0	59
425	59
0	290
0	152
0	203
0	278
7	154
17	18
0	1238
3	223
9	1199
739	1
0	7
0	0
7	7
101	0
29	386
1	286
9	358
11	358
177	4
0	4395
0	4536
24	4536
29	6
0	6
0	0
517	0
76	0
13	33
24	101
287	626
5	38
0	621
1104	998
0	460
0	987
1298	5
0	15
0	6
0	0
0	15
0	47
1	157
41	849
50	848
2095	2482
0	2482
97	0
425	1382
0	266
0	472
1130	2
360	704
0	877
1614	828
0	827
503	137
0	135
92	479
0	2447
0	285
0	5536
11	61
0	4898
0	4846
1099	5354
290	747
24	22
0	22
718	0
148	0
0	2
1190	0
2179	561
0	558
111	312
9	312
60	257
82	46
0	30
70	14
11	958
48	966
0	999
0	998
9	894
0	0
0	0
0	0
0	0
0	0
0	1
0	1
0	1
0	0
0	0
0	0
0	2
0	688
0	545
0	688
0	687
573	307
0	306
95	0
0	2
0	0
0	2
2	4
0	4
601	0
82	449
3	449
34	43
0	43
10941	889
2	0
2577	4
35	1519
0	1519
61	126
0	126
0	26
0	120
0	41
0	121
0	120
87	57
122	57
4	3
4	3
6	0
6	184
8	184
50	0
72	219
0	219
144	0
3753	5092
0	5085
0	0
230	2317
0	2317
0	6674
1	6577
3362	41823
0	34433
1	41823
43	0
1190	10
15	7
116	779
0	800
0	2
5	64
0	9
6	164
372	1734
0	1698
2	167
3	167
25	260
3	198
0	157
0	221
184	0
0	7
0	7
0	0
0	0
10	22
0	22
706	1
773	0
0	178
63	178
18	560
9	560
0	559
798	537
69	26
27	556
1	531
5	14
0	14
0	4
0	4
0	14
0	14
993	822
86	822
776	0
0	137
54	4488
0	4373
0	0
0	0
42	646
0	303
128	943
0	830
0	269
625	492
10	0
849	10
36	211
0	199
3	163
245	203
0	3
0	0
0	3
2850	5
0	0
0	0
0	1
0	4
0	3
2373	5593
13	597
0	377
0	5415
296	5213
739	0
0	0
0	469
1757	1530
0	1575
12	1502
242	0
0	331
0	338
3	333
5	341
0	420
1251	1206
0	1171
1134	0
181	7282
2082	7283
15	1979
3	460
1	353
16	3637
0	3053
0	3441
169	0
11	167
0	167
247	0
1467	338
0	335
2	7
2	53
0	53
128	170
2	73
0	104
521	23
0	23
14	0
0	0
498	290
26	290
0	13
0	13
0	13
156	2236
24	250
31	2236
0	2
0	2
0	329
0	3603
178	3765
3	60
0	28
0	44
15	61
0	40
66	421
0	543
3	609
0	0
0	17
6	17
0	83
0	11
0	1
25	86
4	86
27	11
0	2694
52	2789
0	69
0	140
0	0
0	0
122	2137
60	1921
0	64
4	86
0	243
132	1255
36	1214
0	110
399	0
174	1038
1408	1038
0	114
1	40
8	114
0	1752
0	34
0	454
0	595
168	513
136	1703
1	1703
0	1858
18	1768
0	340
84	176
10	1562
591	0
1276	2
908	1556
3832	731
817	7
1299	648
0	647
0	25
14	0
10	182
36	714
0	714
17	0
0	0
0	0
425	0
69	1185
0	1185
0	1
0	1
0	199
2	0
1316	2215
2	2197
0	2185
209	0
513	106
0	104
206	10
0	10
18	291
13	68
0	262
11	5
0	139
268	139
0	4
0	7
0	3
0	79
135	79
274	219
103	219
1694	539
0	539
0	20
92	43
0	43
63	175
23	1240
0	1240
4	1107
243	0
796	0
1237	1
2	0
24	60
50	85
9	86
713	413
118	0
64	272
53	1405
146	1405
141	100
9	45
0	55
0	771
389	971
564	2
10	0
43	118
2	114
0	41
28	75
391	9
14	9
2530	1496
0	1411
0	1400
0	1485
2	3
0	3
0	0
0	3
491	90
1	90
15	0
4	0
3134	1
1895	8
5	18
0	18
372	4937
0	138
0	188
2190	1701
0	0
2	0
0	0
1	7
0	7
0	58
43	58
56	30
36	15
0	18
570	336
145	86
2	0
124	0
12	26
0	3
0	23
3	0
0	198
0	208
4	208
287	710
33	0
0	452
58	1399
0	1468
0	1344
777	0
802	0
712	0
700	37
0	37
153	0
42	25
0	25
0	0
708	757
26	756
5	75
877	437
0	437
0	3
0	3
1893	1656
63	1656
829	3
0	0
299	55
0	55
7	0
378	3
7	5
0	281
0	111
0	529
2	346
2	64
0	623
0	1032
0	25
565	29
298	0
13191	1849
0	1840
3209	141
28	141
3	0
53	0
1689	2
71765	59290
350	1
2	0
0	0
0	0
4	0
0	0
0	0
90	0
0	166
3751	174
3710	521
6	521
0	834
0	1169
0	567
592	2201
0	36
0	8
23	39
11	176
12	53
3	28
0	15
0	0
10	318
619	318
736	0
5	0
96	174
0	172
0	171
0	60
74	60
0	0
0	0
5564	5
21	0
296	3
941	358
4	335
0	279
105	0
149	153
0	99
7	182
27	0
154	77
0	77
0	99
14	3781
0	3781
0	3607
9475	4
0	105
0	9
0	262
0	142
14	218
0	0
0	0
0	0
0	0
326	0
48	563
224	842
3	653
185	2
0	0
2102	5
113	131
782	131
360	1
0	7
0	2
22	8
0	8
0	1
0	1
0	1
6	361
3	377
3150	7467
0	5914
597	10137
2	10137
2253	422
0	422
223	0
0	0
1009	0
132	0
0	0
23	40
0	40
0	8
0	8
0	8
0	1199
534	3460
1	3478
0	3478
3156	5
1384	9
16	1019
1302	851
0	851
54	868
0	872
1131	1
1	27
0	27
338	11
1830	291
5	289
195	90
0	90
969	0
187	51
0	51
0	150
3	193
0	27
71	688
0	610
3096	5
5	0
0	519
0	500
0	552
0	533
0	495
46	0
0	67
130	372
0	305
3	17
6	17
569	107
0	73
0	476
0	443
0	13
0	443
36	476
403	64
20	64
0	0
0	0
0	0
0	480
1	361
8	681
629	898
2	621
0	126
34	126
1132	0
159	382
122	9
3	707
303	707
7	8
0	8
352	828
7	0
176	84
0	84
8	84
0	0
226	865
327	881
286	881
79	308
5	308
92	592
0	592
4	450
161	602
3549	0
918	812
0	812
0	3
33	3
1025	0
0	241
1442	325
0	0
0	0
7	42
117	42
4504	465
0	464
564	303
0	200
0	303
615	0
5	79
41	66
240	413
0	407
30	410
63	71
43	31
0	2
0	0
0	0
3	336
0	338
0	0
0	13
145	2
0	0
0	0
1328	3
68	68
0	68
174	16
0	18
25	918
0	918
0	0
0	4
0	13
0	4
8	13
32	18
0	0
0	0
47	208
681	2426
15	1233
0	2424
3	1492
3041	1936
0	593
54	446
55	532
376	662
0	662
63	94
26	94
5853	10118
20	32
0	0
0	0
4	181
0	38
0	39
0	175
0	2
0	2
190	0
76	13769
66	13772
0	611
0	10138
0	6
0	3
23	9
84	16
2	551
5	303
3	0
880	2279
78	0
22	0
11	0
59	2383
0	2383
0	1887
0	2430
2	0
0	0
0	136
0	192
0	429
0	463
0	0
1	1621
112	1621
27	0
1	4
120	0
0	0
334	1858
0	1676
0	1897
13	0
865	0
0	0
0	0
0	0
0	0
0	0
547	0
204	489
3	0
811	94
0	94
46	2
9	64
353	786
15	66
15	45
23039	22
0	11
0	11
3683	1
0	11
152	137
0	153
0	24
0	173
0	166
0	0
0	0
0	0
30	83
0	20
0	83
544	1
0	16
0	49
879	65
3803	7630
22	6864
49	87
0	87
3814	9
1690	0
0	0
0	0
0	0
0	79
189	195
0	191
1	96
4	96
0	765
65	664
14	906
13	1698
43	1662
0	0
199	0
47	52
4	12
1	40
1067	1
497	1394
0	135
88	1389
919	0
5	1789
0	6385
12453	8176
3	0
143	1845
342	2523
0	678
36	82
444	273
0	14
38	77
24	217
2	54
0	57
0	189
0	86
206	299
0	1
0	1
0	1
3	1
7	25
33	25
7	0
9	0
20	0
12	0
0	2
0	2
257	178
0	175
255	1431
741	1431
3	0
14865	9
40	67
0	30
0	52
0	44
0	44
0	25
1903	318
0	188
0	242
18	22
174	22
0	0
0	0
0	0
0	0
147	419
0	346
0	346
597	108
1	108
600	1091
5	120
3527	543
0	542
0	81
0	55
0	76
0	109
2	182
1	127
4319	2686
0	0
0	292
7	43
2	274
511	0
4	21
0	45
7	0
0	584
1610	2313
0	2300
2	2136
1333	654
24	25
1	5
0	20
0	0
5583	3823
3	3806
0	3806
72	3599
0	3822
0	510
530	798
0	439
0	311
0	757
4	469
0	886
2	660
949	1006
6	102
196	1916
158	1916
0	0
266	92
54	29
5	28
6	3
0	3
1664	806
0	806
24	656
466	656
6	39
1559	267
0	258
448	9
0	258
665	132
32	132
5	0
408	3026
0	3026
0	0
0	0
0	0
20	0
26	101
65	1152
15	1103
13	1027
31	296
0	0
84	0
3	0
0	71
61	71
391	0
371	92
7732	939
39	0
1927	728
2	146
2	582
1571	142
0	142
0	1661
31	1599
0	114
0	2076
0	2030
294	2250
9	7
144	7
0	2006
215	1670
257	1604
13	242
465	242
0	0
0	0
2079	2
141	0
0	0
4221	115
0	115
1	50
0	29
2	32
249	1917
0	2519
0	4857
0	4932
34	2205
0	0
0	0
886	457
0	164
5	27
0	27
16	88
0	50
0	37
8	104
0	92
6	114
485	2094
36	668
0	1928
0	0
721	0
13	67
552	100
0	127
0	2678
55	2989
39	612
0	2220
0	2445
925	2
6518	1627
0	1622
52	459
0	459
680	0
36	36
0	36
563	3429
0	1725
3	2536
0	820
0	0
52	0
0	5
0	5
25	5
0	0
0	0
0	0
0	0
6	43
76	43
9	0
15	2
10	2
0	395
9	64
17	91
2	395
2089	298
0	298
2538	1900
0	632
0	255
0	1033
0	26
0	48
0	76
134	78
0	73
38	2626
16	2626
0	2058
0	458
0	1
0	1302
9	1702
0	947
16	1689
0	997
1039	997
0	0
0	0
0	51
109	51
3	0
50	106
0	106
80	0
21	0
0	0
1096	0
602	0
0	928
0	974
0	909
0	0
14	55
0	55
216	0
3490	238
0	236
48	1303
10587	1314
0	521
0	678
0	1286
1271	0
3012	0
0	69
10	1159
0	72
3	1407
0	1401
2	450
0	73
0	51
9	108
16	124
0	84
8	102
2	1
0	465
0	372
0	352
0	168
0	43
6	43
2386	1563
50	1390
2	1276
0	0
0	0
0	0
0	0
0	157
13	176
30	222
12	970
47	148
3	2050
7	41
52	2094
0	970
0	981
41	268
0	188
0	304
0	0
7	7
42	2689
0	400
3	2794
33	144
0	115
0	51
4	0
0	0
0	0
383	2
28	62
16	62
0	0
9	0
0	0
60	19
0	19
349	3
38	0
0	71
275	71
38	308
0	308
319	380
1548	95
0	91
0	854
0	197
0	408
0	958
77	1132
198	241
0	69
24	151
9	2
0	2
0	215
0	152
18	734
48	748
0	725
0	721
0	0
100	0
2	51
0	14
0	45
1190	2580
0	2578
16	46
0	46
6	19
0	19
81	16
0	2
18	2
59	9
2	1
0	2555
0	2883
0	1454
1	0
989	1437
1	531
167	1235
1349	1
0	6
1760	2
0	218
17	0
24	218
268	37
0	37
0	0
32	0
0	0
0	41
295	41
33	210
0	137
0	210
484	114
0	114
0	0
982	0
0	0
147	8
0	8
0	0
3	11
98	1
0	9
0	759
0	139
1	495
0	643
0	387
376	1308
0	670
0	388
18	316
0	315
0	0
8	0
357	418
0	348
0	420
0	421
0	0
0	0
0	561
0	900
0	1312
0	1045
1	186
0	108
56	186
0	0
0	0
0	0
0	0
0	0
0	0
0	0
0	0
0	9
58	0
0	0
0	0
0	0
0	164
109	208
0	444
263	652
101	164
0	164
273	1150
0	78
0	1150
0	296
0	146
0	396
127	692
2870	3
193	729
0	728
0	0
3	0
100	384
0	249
90	2986
0	4317
0	4050
0	15
0	23
164	0
693	0
0	262
1879	273
2	59
40	2545
34	2545
10	2177
0	0
22	308
5	314
0	314
0	162
19	434
23	455
0	4
0	3
45	10
0	3
0	6
0	4
3573	1
130	473
0	477
266	0
22	2868
63	2406
0	244
467	2503
0	2657
0	602
0	2305
76	0
7469	6189
0	6186
60	49
29	1
0	1
0	0
0	0
35	81
0	2823
0	3807
4935	17656
456	15561
131	178
41	178
1259	616
3	124
0	32
0	79
7	665
0	0
0	0
0	0
2	1998
0	74
3	333
230	1998
184	0
0	0
2	2
0	161
400	770
0	786
0	0
68	6
2	0
0	668
0	5454
0	5540
1	5418
0	5408
0	5362
10	4780
0	5362
0	5644
229	345
7	117
53	66
500	1312
0	1312
377	68
0	68
0	0
62	758
24	758
222	20
1	20
12	28
80	28
4	4
0	4
0	112
9	939
0	947
43	7
85	414
0	414
0	4
0	0
0	0
40	100
261	1
1108	27
0	27
0	0
0	0
0	0
0	425
338	609
0	249
0	444
69	598
2	0
134	0
318	914
1513	542
10451	5707
152	5704
586	24
10	24
0	117
753	305
20	122
0	184
1450	0
2487	4
5	13
35	0
0	156
0	63
0	156
0	74
0	194
0	197
0	101
43	628
0	170
0	748
0	519
149	0
5	0
1598	1
267	644
0	151
0	381
15	482
2	383
1522	0
727	4
32	47
0	0
0	0
0	0
0	0
0	0
0	25
0	18
0	0
0	91
56	91
0	0
0	0
0	587
3	400
0	577
18	725
4	751
19	752
20	810
13	3437
6	3477
9	756
84	0
31	319
0	96
0	319
255	420
46	420
1249	4
519	0
15	0
919	52
331	0
432	252
0	45
9	290
0	129
414	129
66	476
0	476
1879	1
0	0
17	0
0	183
582	183
447	2
76	0
5	5
0	3
15	3
6281	1
15	340
0	376
19	47
0	574
120	3359
0	43
23	433
116	3367
0	1482
189	1494
128	1484
0	415
0	27
0	402
0	399
0	421
661	57
61	57
512	2918
4692	2928
0	9
0	13
0	11
789	1788
0	133
82	133
0	1308
0	481
2086	1309
3857	2550
23	2531
23	2533
131	74
27	0
0	74
0	0
1666	1
105	442
438	344
0	262
0	550
0	288
46	2027
2177	2732
0	2683
351	1522
1100	0
0	0
379	1902
12	1117
0	79
18	1126
329	1811
0	35
0	54
0	53
21	79
67	861
0	249
6	786
0	538
5	0
308	1860
5974	11
138	1457
0	2
0	2
113	0
11	0
0	17
0	21
0	0
0	0
7	21
0	43
0	166
1363	969
47	772
2785	3
0	132
1368	2223
177	0
32	882
8	882
3682	3
481	202
0	202
0	44
0	44
100	870
869	870
0	0
0	43
16	99
177	256
0	2
0	247
63	194
503	194
2	0
3670	226
0	1
306	962
0	962
0	0
81	242
0	242
0	18
0	71
0	94
0	71
3	94
0	94
255	0
1731	431
1	430
48	1482
3	1482
539	0
0	0
58	0
546	0
3	0
2	0
0	0
0	0
0	2
807	2
3	7
0	6
0	6
205	326
47	95
0	331
34	714
168	714
35	103
449	48
0	47
6	186
300	187
158	308
1	3
0	305
129	0
130	585
0	554
0	540
0	613
0	597
21	362
0	30
0	362
4419	11
366	0
0	47
36	47
39	0
74	0
11	1087
208	1088
3	3
0	3
0	2
0	84
0	103
0	96
3	91
20	1774
0	1774
2421	0
41	0
924	2595
0	314
0	1532
26	469
0	1677
142	306
0	2457
13	2470
0	2457
0	2340
0	86
25	86
10	8
0	8
0	2
0	2
20	337
0	235
1879	437
2	28
0	26
0	162
53	162
18	0
75	328
86	399
660	2159
0	2205
1879	0
0	107
0	96
2	928
6	928
0	0
0	0
0	0
0	0
12894	7040
247	402
0	129
20	303
7	303
3	88
0	88
882	0
258	2
328	474
0	147
0	169
0	474
4351	0
0	0
0	0
0	0
0	0
0	0
306	0
40	0
0	0
1	144
0	95
0	15
45	51
989	3
0	0
85	1
4254	851
54	579
390	0
1	0
24	83
0	83
1324	0
572	0
6	23
0	7
24	249
212	237
19	2473
0	2473
18	209
0	205
2	205
0	215
0	205
21	1067
2897	1000
37	185
0	42
2	177
0	195
295	58
0	57
401	0
0	161
37	161
8	8
0	8
30	100
21	1082
58	128
1512	0
0	101
708	101
8	208
34	204
1	65
337	1
0	95
0	144
2	112
167	0
18	0
157	2574
0	240
22	2398
188	232
0	232
7288	438
0	436
231	1268
0	49
0	1265
6	127
96	0
12	0
9	6
0	10
584	0
1	595
0	334
0	63
0	30
583	1617
6	1354
0	520
95	520
0	0
0	0
0	127
207	1775
0	1833
0	1783
458	537
356	537
2218	3222
0	104
0	358
0	0
900	209
0	25
0	208
0	8
1	0
0	49
24	4418
0	4416
0	203
2687	4357
85	0
3	1
0	1
468	2911
2	2911
0	778
4328	4
130	0
1	0
10	0
47	512
0	337
404	376
0	0
0	2
0	9
0	10
12	355
0	0
5	0
0	0
0	2
0	0
986	0
0	0
0	0
0	1223
0	1239
0	1268
4	1274
0	823
0	0
605	279
0	279
11792	5316
1	5310
79	1090
267	1090
107	5
0	5
3	17
1274	17
0	0
0	0
0	0
0	710
0	342
0	712
3	344
251	710
29	167
25	13196
0	264
0	13377
0	358
13	2185
1083	2229
0	316
0	0
2	0
715	0
17	491
0	470
3	515
693	11246
75	6546
79	5940
41	10961
4	3
0	712
18	3467
4	3475
5	3478
0	3491
0	233
0	180
0	188
0	167
31	0
0	0
0	0
5	0
2093	2568
78	954
0	2568
3192	6
0	0
3	0
8	883
81	883
43	0
213	1081
0	1081
256	0
12	303
1494	303
0	0
0	3
0	3
0	3
0	3
0	3
3	502
13	376
35	515
0	296
0	308
15	345
4	308
0	287
32525	21
10	72
43	72
0	15
0	112
8	431
17	433
3	17
0	405
0	0
40	117
2	56
20	0
2	3
0	0
77	78
0	78
10	1146
49	1146
0	1146
33	2088
503	2088
0	0
0	143
551	254
0	161
36	1959
0	104
0	102
136	1886
0	0
0	1
0	0
0	3
0	0
5845	2256
0	2250
0	354
110	470
3	466
80	465
15	465
2	28
0	64
85	89
32	112
0	93
2	127
0	0
236	0
1264	629
0	629
803	2072
145	2072
0	0
0	0
1395	11
0	9
3493	1
0	0
57	4
2	1192
0	1171
0	995
0	1000
0	754
7	685
0	6
0	7
2	16
0	0
0	0
0	0
0	40
0	122
62	162
44	1314
332	1314
527	1001
0	1001
10	975
0	989
0	287
0	48
3	102
6201	0
1757	4843
0	1901
8	3246
3	1605
1045	1
111	3887
8	1893
453	1248
103	3708
0	0
0	17
457	1269
0	222
0	104
1	96
0	31
35	1166
449	0
0	60
620	0
0	1
0	0
0	0
7	4
0	0
0	5
0	4
0	6
0	0
0	4
0	2
0	13
0	13
0	13
0	7
2	31
586	31
113	0
0	0
0	0
38	706
0	706
95	651
0	651
2255	227
14	226
12479	15
4353	1239
0	134
0	458
0	1142
14	285
0	26
0	1015
0	2427
0	2395
23	927
0	520
418	3
4	3
3198	3554
91	3604
4	2770
0	3021
182	218
0	105
0	210
1	121
0	113
370	188
255	3999
158	3999
0	2
0	2
228	469
195	51
8	1
5	41
0	56
0	41
0	2
0	0
0	2
192	64
0	64
607	1234
0	1234
0	0
0	0
2	0
0	0
142	76
62	0
11	399
0	136
264	182
4	153
484	3220
250	1990
20	1109
1	701
101	794
0	642
2	2253
10	2546
1	2550
2	0
0	0
252	0
0	0
0	87
434	762
20	0
0	402
0	402
0	402
0	308
219	2
0	30
4643	175
0	138
130	2239
0	480
564	2239
4	0
22	0
0	853
0	669
0	657
48	32
2	321
0	220
32	284
0	367
745	1259
34	1021
377	715
109	715
206	0
0	469
0	169
720	478
0	165
9	696
0	412
0	26
3	102
36	102
0	26
0	26
149	46
0	37
0	0
1781	742
0	742
4960	7931
1465	0
1	7
0	7
0	27
0	25
809	1
1451	0
42	30
6	2
23	2
0	2
0	1
0	0
0	1023
0	1109
0	977
0	1102
0	1024
0	421
5	421
68	342
0	375
0	338
0	379
0	3
29	0
0	0
0	0
0	0
0	67
68	605
8	528
0	516
0	609
0	131
29	138
0	117
0	117
0	112
0	996
0	445
26	508
0	508
147	548
0	548
52	39
0	7129
6	7605
0	1484
1732	9730
0	18
0	21
22	63
276	63
206	1661
136	2165
23	2026
0	0
2	0
17	0
0	0
25	71
0	56
1200	8244
44	8223
22	374
0	1988
0	8226
1	0
0	48
0	1838
12	28
107	1838
100	0
0	11501
1	8040
0	8815
4	11501
3	60
319	60
53	4
20	186
0	0
1	39
54	2
0	86
0	1004
18	1561
0	1535
0	1599
1620	1
0	0
2	195
117	395
0	133
0	127
0	501
1555	503
830	594
0	594
5	4
0	4
0	5
15	6
285	158
0	157
1861	3487
0	3544
49	684
430	5
1092	3562
17	59
233	96
0	37
7761	9
23	2352
3672	2354
358	0
35	461
0	175
21	459
0	221
377	1222
0	253
0	1011
121	152
0	152
0	53
14	53
507	1285
0	1285
509	0
35	5291
0	5291
1	12
687	13
1783	1305
9	1213
0	945
87	1814
2	141
0	1663
0	1793
0	5388
382	5388
1498	1538
0	762
0	1336
0	0
0	0
17	12
0	0
0	0
0	0
0	0
0	0
0	0
0	6
0	6
82	0
371	0
0	0
0	0
0	0
0	0
4842	3
0	4
0	4
6	457
1123	457
0	2
0	2
0	2
0	46
0	46
0	40
2383	121
2	63
4	58
53	32
0	18
0	32
32	842
63	842
7682	11910
2	5473
0	11900
0	97
0	3
0	97
112	0
420	1
71	1239
0	1239
0	0
0	0
0	0
0	829
1814	845
0	1984
2454	1985
603	461
16	461
36737	10
0	4342
2081	4357
0	141
42	201
6	568
0	418
155	569
597	1111
652	1112
104	47
0	21
4	26
0	2073
19	2072
0	2073
0	0
0	0
0	7
10	7
935	3
0	0
96	0
0	4
40	31
0	31
0	31
0	0
0	0
12	28
2	7
0	21
1887	1971
0	1970
0	1
0	1
0	40
0	466
1	454
242	1004
1	1004
0	325
427	0
0	3
0	5
0	5
0	5
0	8
0	3
2	5
0	5
4	0
311	1509
4	537
378	0
29	0
0	460
1	515
0	0
108	401
0	401
4	23
3	23
3	0
299	0
45	330
6	437
299	129
0	129
1	0
0	0
4305	5
0	3
3	166
53	166
882	0
99	774
14	879
0	124
38	82
0	23
453	234
0	5
717	0
0	458
0	278
0	46
19	425
0	393
22	30
0	30
501	0
551	1
183	268
0	229
1	252
0	209
0	232
0	209
0	214
0	221
310	0
0	5
0	5
4266	0
79	0
0	0
5	0
44	0
0	524
0	298
0	308
20	569
0	523
0	0
0	0
0	0
11985	3898
0	367
17	3262
160	1185
221	1240
0	710
64	66
60	710
48891	14948
0	1809
0	11389
0	0
2	1824
1112	1824
4	2332
6103	11708
0	2012
86	11610
2115	2
195	70
358	1137
2186	0
11	20
29	20
2	18
0	18
1054	4243
62	1336
0	3848
0	395
0	1
0	1
141	0
13529	9
2663	4
257	14
6	14
0	648
74	648
79	2229
0	2608
0	2727
0	0
784	529
3	529
0	3
0	3
0	1165
0	799
0	1523
0	1419
964	1
920	477
11	0
0	0
180	0
187	227
17	37
290	2399
0	585
3	2082
324	164
0	3
0	3
61	385
552	385
319	1
9	879
0	831
2	81
0	81
0	105
0	85
0	117
5	1306
4128	141
0	139
320	362
11	72
0	359
1162	1413
0	1413
20	1413
0	236
1	236
944	0
15	1292
0	65
1660	139
2	110
1035	1
222	0
1	2
0	2
231	0
0	17
0	666
0	1442
61	1775
0	1781
0	1781
3	0
271	1227
0	1227
116	52
0	52
102	198
0	45
0	31
0	0
403	188
4	188
0	0
0	0
0	0
0	0
0	0
0	0
0	0
0	628
2	2930
54	2930
6	0
493	0
5321	359
0	352
122	0
4	0
0	0
0	69
0	6
0	69
0	153
0	421
0	479
395	0
1058	0
17	35
0	2
0	65
3	102
220	278
9	0
0	377
99	386
24	346
13	381
5	0
146	0
60	806
0	758
7	846
6420	350
96	341
5	0
0	729
12	729
51	362
0	336
2	362
2	19
958	610
0	574
0	36
0	377
1	377
5	361
17	548
0	627
0	8
0	513
79	592
41	0
0	1
0	0
0	1
894	549
0	549
0	0
20	17
4	0
39	68
0	68
15	1046
124	20
0	0
0	0
0	0
6	0
129	124
872	4
91	245
9	53
3	625
0	572
0	636
0	570
3878	8422
1165	457
16	364
3	53
6380	1911
0	781
284	362
81	810
34	16
0	2
39	2
705	94
0	89
0	59
53	35
0	14
113	0
2	25
0	25
6279	4
0	2
0	2
4605	1
804	394
0	0
0	388
0	216
0	0
0	0
0	0
5	33
0	32
11	432
0	308
0	288
62	81
0	83
84	255
0	226
20	201
0	54
0	124
2	868
0	253
0	225
4	852
2084	0
3788	4432
2081	4430
145	396
0	153
18	396
16	0
36	16
0	16
993	4041
92	4040
100	0
1	744
0	744
44	2571
394	2644
62	93
0	93
76	338
0	337
1739	2
634	0
274	6955
114	6955
772	100
0	99
746	217
348	217
265	68
4181	335
0	210
27	147
787	0
274	352
7	2472
17	243
246	2454
2202	1509
39	191
0	19
42	0
0	341
63	318
0	301
0	460
1598	0
1696	185
0	185
17	56
0	0
0	1178
35	1181
14	46
0	46
82	267
21	4
16	94
836	1622
0	1606
0	618
1215	618
0	364
20	348
18	463
14	0
11	0
649	1114
124	1114
1283	1244
2529	0
8	192
207	300
0	46
0	130
0	130
1021	563
0	535
0	483
0	0
0	0
0	0
824	0
2563	0
144	524
3	54
352	522
23	323
0	48
115	6
2567	9
0	29
161	29
13	24
5	7
0	0
0	0
0	3
0	3
0	0
40	0
0	4
0	4
4	4
258	3971
91	3971
0	673
143	673
193	3255
24	3545
0	2743
2014	1
29	0
940	293
5	291
0	0
11	1677
19	1677
0	119
1	39
0	24
0	119
0	0
0	0
443	0
165	1
966	1473
0	1430
0	1470
0	1427
0	8
3	8
27	42
0	120
419	158
281	180
11	5
0	4
0	5
0	11
0	11
23	0
30	187
3	226
0	226
0	0
46	0
0	74
823	74
178	34
0	28
1	32
0	30
0	30
17	30
0	0
0	0
0	0
0	0
0	46
0	474
2	802
7	854
0	788
2	795
185	389
49	1834
15	1829
0	881
0	0
0	0
0	0
3	1578
0	2
661	2006
0	1464
0	71
34	203
185	240
26	223
0	223
90	8548
1791	8551
0	5276
0	5710
0	3619
612	1
718	2
63	505
5	486
16	261
117	3
17	0
0	1458
35	3205
472	2949
0	2716
0	2328
0	2716
69	70
0	1446
0	196
695	1446
333	0
483	24
0	22
16	832
0	25
0	67
0	1
0	818
0	822
0	15
162	138
0	116
6	149
1	119
224	0
28	0
0	67
29	70
1	0
706	183
10	139
0	4
0	2
4	46
61	5
759	1205
0	2522
4	67
190	2522
51	107
657	0
0	84
137	84
3572	5
113	5
178	2214
62	352
0	144
0	0
0	0
73	6
2	7
0	3
0	73
0	65
0	61
0	74
0	9
81	10
129	133
4	69
474	1
3	4
0	4
0	0
0	0
2513	0
1818	700
0	699
115	140
0	8
0	132
79	14
0	14
12	415
1968	395
9	60
711	0
57	0
0	0
149	645
30	273
72	312
0	36
0	23
0	305
0	0
0	0
0	0
4154	624
1	150
1	471
0	0
1850	97
0	97
4	5552
0	7946
0	3857
527	16677
0	16376
101	0
2419	552
0	550
4	792
9	716
0	638
0	0
280	41
5	0
96	16
1	16
0	0
3	0
206	925
0	45
0	925
0	890
0	15
12	15
0	0
184	0
347	537
0	0
0	0
53	129
27	129
3	0
0	0
0	0
0	0
0	0
0	3
0	0
0	0
0	0
0	3
98	1177
24	1177
0	5
0	5
0	0
0	5
6	107
11	302
0	136
0	268
0	0
0	0
163	0
0	30
0	0
0	30
54	19524
18	4896
205	9756
4	16763
0	15768
66	0
0	2
0	145
300	145
3690	7
2685	0
797	2209
238	253
155	380
0	380
2	2
3	4
61	48
24	48
123	63
0	62
0	1
0	0
0	1
0	682
0	85
364	680
60	601
0	0
44	19
0	19
0	4
148	0
10	2
4562	2
0	0
0	0
0	0
8320	1222
0	1220
62	90
3164	7
0	207
0	61
8	11
0	18
0	199
16	204
60	145
72	145
476	0
27	0
0	24
23	232
1	232
3	232
0	5
0	5
0	0
0	0
0	0
0	0
0	0
0	0
0	0
726	1
0	258
1989	258
0	41
16	41
44	0
0	1034
3	94
0	997
0	1258
0	1124
0	53
4	1235
0	1473
269	2362
0	2113
57	1955
0	1346
0	1986
0	1262
37	0
8	14
5265	3740
0	80
0	952
0	1451
0	2479
4	0
0	135
804	2261
121	2259
0	33
7	337
540	373
0	373
0	131
22	1
0	1
140	125
6	122
0	75
0	83
31	83
3	223
202	223
4	0
0	0
13	0
0	0
4	6
0	6
0	3
0	14
0	662
21	673
11	9
0	9
0	8
0	5
0	9
0	0
0	0
2378	898
1	898
0	0
0	0
0	1214
0	293
0	1195
4268	814
15	17
0	3
0	0
0	3
5	47
0	3
0	50
420	0
28	0
214	673
0	673
36	673
63	673
512	0
228	339
16	356
0	0
2757	1612
3	1105
9	15
0	55
35	225
1363	451
3	451
0	721
504	3470
68	3494
40	0
246	10
0	1
0	0
0	1
0	0
0	0
1259	0
105	57
0	10
2	0
27	0
0	0
0	611
1206	612
0	12
17	58
2	55
0	0
0	0
84	265
40	265
0	164
1	21
9	156
0	3905
13160	10077
0	1027
1066	10397
0	251
2757	903
0	241
1	559
0	2
4	0
168	2971
0	30
0	0
1	2971
0	0
0	1176
0	51
91	51
0	71
0	60
201	67
0	393
1504	398
489	2836
105	2836
0	92
14	156
29	152
82	50
0	50
7	1
0	1
8	23
4	47
0	47
17	0
0	0
24	73
0	73
0	0
0	0
225	0
234	0
60	52
1420	52
0	0
370	1252
83	1251
24	480
0	490
0	490
0	0
0	259
0	55
1	314
0	0
170	38
0	38
12	189
12	189
1972	0
1021	69
1268	0
1021	0
0	0
0	0
17	410
23	410
0	0
0	0
0	3
0	0
0	7
0	7
542	912
0	462
254	0
0	0
1345	3
301	0
21	708
18	13
0	1365
25	1327
0	1314
0	2
0	2
0	0
0	2
0	2
7	68
286	288
507	333
3	0
412	0
62	556
0	26
0	550
2052	0
20	0
3	0
4	16
0	16
0	0
0	70
500	168
0	98
28	1172
840	1172
56	40
0	40
0	0
0	0
0	3
0	3
69	1517
0	94
0	79
6	284
0	37
0	351
0	243
0	1520
1	877
17	688
47	609
0	246
16	1449
8349	2336
7	1455
0	1336
0	1325
11	1677
5	90
2	39
52	90
1	413
114	413
2	0
0	0
0	0
0	0
12	32
1460	2
447	3824
152	1418
0	3824
0	0
0	47
0	89
1	111
1	99
0	0
0	2
0	2
0	2
386	10
0	10
32	19
0	19
586	1
2467	0
103	316
0	305
0	310
0	16
0	367
25	367
0	348
33	37
3	0
0	0
0	0
0	0
0	0
0	0
1608	3
0	262
0	320
13	356
9	246
495	0
0	232
13	89
0	81
194	208
647	0
0	0
0	0
0	0
788	297
6	0
0	0
30	53
0	21
0	25
0	0
0	0
0	0
2	22
0	100
132	122
0	47
0	25
0	40
0	25
0	46
0	40
0	0
477	1085
0	1085
5	0
1011	0
389	0
0	79
179	4
25	4
455	427
0	21
0	54
2	310
2	387
0	41
0	192
22	193
0	172
0	4276
0	449
87	4276
318	0
134	0
0	0
0	65
0	91
46	234
3	236
0	207
0	210
0	16
4	0
22	562
37	1939
0	400
7	362
0	230
23	1704
0	136
0	112
0	137
56	328
8	154
0	275
0	261
4334	11
2	51
0	79
2	137
0	287
4	376
0	337
9	695
0	5
0	5
0	0
0	218
565	218
0	0
407	0
0	3
0	3
0	3
3	0
0	0
0	3
106	0
35	5
0	5
86	2087
51	2087
1	0
74	751
0	495
62	294
0	347
940	50
0	47
5	26
2043	6976
3057	6972
0	0
0	114
1257	114
370	0
59	0
0	241
1	27
0	432
0	147
0	681
0	719
124	833
13	825
0	719
4	716
5062	2054
0	2051
0	0
289	82
0	82
0	0
0	0
0	12
0	4
27	12
0	0
12	22
0	49
0	49
0	10
0	255
136	462
0	414
0	3983
0	155
0	513
3	3823
0	0
88	1003
114	982
0	181
82	16
4	3
1	3
651	2550
9	1752
27	1893
0	221
0	0
273	533
17	533
149	0
1301	0
0	1618
0	97
0	164
784	1596
21	1405
0	741
0	847
1	886
0	747
0	0
0	0
0	0
0	3
0	3
257	0
533	0
0	0
0	0
457	0
108	1
5	1
85	96
14	2
80	2
16	382
0	386
0	385
123	5
0	33
0	0
0	33
0	594
13	579
0	511
15	1640
104	4173
0	4173
0	0
911	0
4434	14568
0	1442
0	943
673	0
34	31
0	15
582	48
0	24
0	48
36	4261
8691	4263
12	275
0	17
0	17
3	1
0	0
0	0
0	182
20	114
0	271
1	800
1771	744
0	629
183	0
1415	0
0	1332
204	1332
1071	1
763	8321
59	4349
133	8201
10	281
21	4
0	277
144	970
1	970
906	1
70	48
4	48
1705	1150
0	1147
65	0
7	0
0	570
6	528
79	465
0	79
78	79
105	68
0	0
0	57
978	59
224	0
613	1075
0	302
188	537
0	537
2223	482
0	482
0	240
0	217
0	14
0	240
0	976
0	256
0	2304
8	2350
14	2216
0	2194
0	2459
0	2264
0	2349
0	635
8	134
0	132
0	116
113	0
0	0
0	0
11	109
0	65
1292	178
10	661
12	661
344	30
0	30
821	228
0	50
0	177
0	117
0	120
75	437
0	67
0	78
20	131
0	916
0	916
29	0
96	347
64	346
397	1
0	0
4342	0
43	133
152	133
18	75
1	71
63	0
64	2372
2702	2372
0	0
0	0
0	0
123	569
7	575
38	575
0	393
0	0
64	0
0	59
30	59
101	50
0	50
0	14
0	0
0	0
0	0
4	61
0	0
0	61
0	61
0	204
30	337
596	191
224	1
62	0
0	139
38	139
15	0
0	68
45	68
0	154
0	154
0	154
89	0
9	27
1049	70
30	70
265	0
50	0
3398	4288
0	4285
0	564
0	553
0	571
0	564
8532	2273
0	2271
1550	236
23	91
29	144
12	4
0	0
57	10
0	10
193	0
0	0
1905	1
143	1503
32	584
0	228
48	1655
5742	3304
0	3302
0	1694
317	1694
0	0
0	0
324	19
0	19
1846	23
0	19
0	422
3	36
8	2
0	315
24	376
2	0
13	590
0	38
1494	312
0	153
0	243
2	210
0	132
0	12
0	56
2	56
2	3
0	2
0	3
168	125
0	125
0	125
2	559
386	795
447	784
3	908
1369	995
157	25
0	25
383	0
0	140
2	73
23	286
0	59
0	0
180	0
60	21
0	21
11	1331
58	1336
176	0
0	0
289	237
14	0
850	2163
4	1572
866	289
13	1204
1	33
0	26
0	2093
0	1151
0	325
1	8228
11	2233
0	5569
22	8328
92	8324
0	0
1	0
21	1147
6	1151
0	1130
1048	452
250	251
0	424
0	424
0	378
14546	6
1825	91
46	88
0	140
36	0
42	140
1	29
214	5
13	5
8	5
84	0
27	77
100	77
0	347
12	595
0	583
3	599
29	9
0	9
0	0
0	0
22	0
0	106
225	106
981	1
0	867
0	788
88	876
241	0
1411	670
33	316
0	636
0	361
1092	265
0	261
1159	42
0	41
30	377
0	377
10	0
0	38
845	1134
0	74
87	1145
0	0
0	2
0	2
0	13
0	2
1	13
0	0
250	2012
1026	2012
0	105
0	281
52	949
307	949
0	419
510	77
48	1254
609	1750
0	0
514	1008
0	34
0	113
0	0
0	817
0	1021
0	0
5	48
0	48
69	1921
9	1857
0	1296
0	1944
14606	8
0	301
177	313
1	423
25	326
0	0
0	6
0	6
0	2
0	30
2	30
2864	1
0	104
0	119
467	119
28	74
0	74
0	13
0	147
0	143
0	156
4	159
0	155
2	114
12	169
10	168
481	528
0	324
0	197
899	1398
0	1398
1	0
0	12
8	12
603	0
0	0
0	0
243	126
0	126
0	343
2678	851
12	507
1149	346
0	0
0	42
63	36
769	966
1	1019
0	990
0	954
0	66
0	23
0	63
0	0
194	184
0	183
6	174
4	0
0	0
342	52
1127	1
411	0
211	0
5	2
0	2
0	2
0	0
0	0
950	0
0	0
9	0
0	0
0	0
28	218
33	218
9	1354
18	3
0	3
33	0
0	1
0	0
0	1
0	1
673	1849
1272	1849
130	1101
5	1101
46	410
0	724
0	699
0	704
0	688
0	674
0	0
558	307
0	413
0	3958
2	4352
0	4455
41	3019
0	2
0	2
1	1
0	9
0	9
0	0
1469	220
52	219
0	58
0	55
2019	111
0	0
428	81
6	81
0	15
1	15
21	739
0	0
0	0
30	0
128	4306
3	360
7	5571
46	5658
0	5678
3783	2
0	51
0	137
34	188
165	799
5	19
13	54
0	802
0	277
53	437
0	422
0	0
0	0
204	0
48	179
29	179
0	0
2	0
33	32
0	16
0	0
0	16
59	0
0	0
0	0
0	0
0	5578
3	3421
26	5575
0	0
0	0
10	102
0	460
84	528
0	410
0	159
2	1444
4	1444
2	249
136	75
12	0
0	0
20	1188
3	1175
2	1165
17	0
0	110
0	4613
0	8335
211	8335
0	4633
10	186
290	186
0	15
0	15
116	172
0	37
0	21
3	179
12	0
0	0
0	0
0	0
489	661
0	0
2878	3057
27	3056
0	3
0	3
0	76
2	491
0	69
0	508
0	501
24	266
44	266
1356	1301
0	1233
0	0
833	1328
1	152
278	1287
0	5
370	85
0	85
95	189
0	10
9	199
13	1802
8	223
1	229
0	1775
4	1731
346	785
0	6
3	12
0	19
0	19
0	0
455	1
676	1482
12	1482
3979	2
3	259
54	259
34	716
12379	4414
305	3686
6	37
15	37
0	0
0	702
0	203
0	231
5	150
4	92
68	933
14	89
342	89
19	70
0	70
0	12
0	142
0	585
4	596
14	596
5	0
0	0
0	525
25	1207
74	1268
0	1268
1629	660
0	218
0	441
2	1064
0	0
0	1
0	527
759	858
10	341
22	1235
187	294
0	26
163	288
0	0
44	214
3	195
140	199
125	322
0	1053
1293	3980
0	3979
0	1707
2	2129
1410	2384
0	630
14	1132
0	599
5838	2613
2	2610
188	1544
0	1544
0	51
1	11
0	46
2536	0
0	0
0	0
1335	1
2433	641
4	496
0	703
313	5644
12	4912
0	0
0	476
0	476
3	488
0	486
0	783
194	783
4	0
0	427
0	94
49	445
11	170
0	3
334	0
714	48
125	793
2	63
0	41
121	834
1001	0
2	5
0	5
23	1
104	101
0	101
0	0
4373	1401
40	761
0	636
9	0
0	2
4	2
1759	1
0	0
2769	2251
51	690
0	37
0	690
11	7
501	10
5	9
1614	2
2543	3
1327	939
0	0
24	1393
62	446
0	75
0	446
2781	1
0	461
326	685
0	0
0	17
101	17
0	3
0	2
0	3
442	0
9	15823
0	3985
58	2808
0	1351
326	2502
4	15036
0	15055
0	144
70	496
0	448
35	15
0	15
33	1242
2	154
292	3250
0	3251
0	0
29	220
0	623
20	623
0	5
0	5
2	1
0	1
95	0
109	283
0	263
0	31
50	0
4	163
0	163
3	0
1059	0
76	113
93	101
0	101
0	33
6	0
34	1709
0	1751
0	1642
2	1682
1	1683
102	224
0	0
0	0
5166	0
21	11
2164	544
0	544
1655	38
0	38
499	0
0	0
0	0
0	0
4274	2
16	293
1131	3326
3	0
45	507
5148	1591
2022	0
22	22
10635	7
157	0
0	27
24	83
163	190
5	2
0	22
0	29
0	29
0	29
511	0
4574	4
260	940
215	321
0	64
0	293
241	140
0	140
0	7
0	7
0	0
1184	1863
3	1863
0	1863
0	902
48	1272
0	1297
392	231
29	231
2	372
248	3905
3	4050
5632	10685
33	177
0	177
0	177
2	0
377	937
0	937
0	383
86	383
0	0
6	21
9	1317
214	283
0	283
0	0
0	0
0	0
2	14
0	0
0	42
0	42
0	42
0	1328
0	382
0	2130
45	2125
14	0
355	64
0	64
4	0
0	0
0	0
0	733
0	1215
0	1269
0	0
0	0
664	93
0	40
5	44
0	44
474	1955
0	84
37	0
12	0
101	164
18	173
0	141
34	962
2	764
0	59
36	67
0	90
0	13
0	13
0	114
888	1652
0	3240
297	3252
0	142
7	129
34	66
3	393
4	393
1883	1
0	769
78	769
892	0
498	0
0	0
1110	305
2	0
0	112
39	112
186	1262
0	985
4	1153
514	120
0	429
145	75
127	504
0	429
513	0
1	6
0	4
0	4
0	7
0	3
9	467
6	51
444	466
1	0
2650	383
3	20
0	364
188	189
0	189
0	0
91	776
44	138
5	223
0	685
0	9
0	9
3888	3828
4	3826
68	0
0	2
1095	836
0	108
2	311
0	475
0	933
137	933
190	0
59	180
0	180
0	0
2107	1
344	979
248	1277
3680	1
0	13
59	0
1	13
26	48
0	48
143	592
0	38
0	592
0	0
0	0
0	0
22	5
0	0
0	16
12	439
41	563
4	388
0	52
292	52
94	100
0	1
0	34
0	100
0	12
17	12
127	147
0	147
959	0
0	0
4	0
1748	596
4128	2
316	2
3	819
0	788
3	67
0	384
0	437
1	155
0	78
0	304
1	408
893	921
0	920
0	978
0	23
0	1827
516	1827
28	19
0	19
2	32
3	0
222	1654
4	1776
5	1394
1334	131
0	126
0	73
27	1261
0	216
0	1258
0	1217
0	13
125	14
0	493
407	2714
0	1060
592	2422
0	376
0	989
0	1135
0	20
0	3
0	3
0	7
0	0
2	15
0	15
0	2
0	11
0	11
0	0
5434	185
245	185
31	5
0	5
126	100
2	100
0	14
30	14
734	81
74	81
520	0
0	409
165	595
54	598
4	11
0	9
93	12
0	4
850	1463
57	1465
4	20
3	29
235	6
0	5
20	181
0	180
0	181
704	0
0	188
3416	192
149	0
46	107
1015	2352
13	266
13	133
31	2219
0	49
0	51
23	471
0	11
0	467
0	310
53	0
37	72
517	1546
249	7
89	1542
0	33
1367	0
1418	0
46	831
0	95
3	836
0	0
15	12
0	12
0	1
6	1
5	78
839	958
0	958
620	2822
0	116
0	0
149	8
626	2831
199	0
0	5561
122	423
5883	5491
189	0
0	0
1162	687
2	78
0	92
0	82
809	0
370	1
0	0
0	0
178	0
18	0
0	0
750	2
0	0
1572	0
36	0
3	138
72	140
0	0
0	0
0	0
0	0
385	0
202	38
2	38
74	2
0	2
4	67
214	67
260	3
40	8
220	615
0	615
0	8
356	597
0	597
0	115
610	942
728	1111
3	17
24	134
3	127
0	36
232	190
0	143
1	124
0	0
0	0
10	51
0	27
3	50
0	0
50	90
0	14
0	14
0	0
231	15
93	291
79	306
11	576
8	574
13	20
504	0
9	0
2292	152
0	151
0	25
2	25
9	492
83	450
400	0
1894	625
0	7694
11141	16528
13	12553
56	999
0	998
0	140
34	1006
37	128
0	39
0	128
32	11
42	11
35	32
0	4286
0	2261
0	8018
8398	10834
0	4437
498	340
1	340
3181	27
4	0
6	95
103	95
320	12106
18032	12129
23	516
0	470
0	3
98	41
3	41
0	5843
0	1013
2	5751
0	5635
0	5541
1319	323
0	323
1	4
0	68
0	97
3	107
358	137
0	81
1	35
2	35
0	0
86	243
0	69
464	873
615	17
0	17
78	211
0	211
0	0
0	0
0	0
0	0
2	0
643	1816
0	1816
310	229
1	12
0	3
0	94
0	65
7	54
0	3
0	3
0	0
68	1154
1215	1154
899	479
0	0
0	0
1211	0
2502	0
0	745
2	504
875	94
1745	94
47	64
0	1
0	103
0	104
0	0
5	0
19	0
54	2953
0	2898
0	2955
0	2955
0	0
4636	2736
0	2735
117	216
7	217
0	180
343	2
1	2
0	2
0	863
40	96
679	865
0	0
0	0
497	0
0	0
0	0
535	2
14	127
300	227
0	151
0	524
36	525
2	525
0	2
0	2
0	0
526	0
1882	143
62	143
0	0
0	117
658	117
4	3
0	2
0	7
0	7
7975	3
6	0
258	657
23	0
89	0
0	0
205	2360
130	2360
245	186
1	0
2004	2295
0	1936
10	1991
2	633
44	985
22	969
2	692
338	0
0	114
0	29
0	101
0	114
2	94
0	0
1	0
0	130
0	699
0	2649
17	2448
157	2108
0	42
1	2067
0	0
461	1238
41	1660
5	5807
46	626
7	648
0	648
18	5704
9	1375
0	17
1	1516
0	787
2	0
0	0
1117	308
9	308
0	0
6145	2531
0	11
0	2
0	0
0	2
0	0
0	22
0	0
0	76
0	20
27	0
0	652
91	694
0	0
775	0
0	0
0	155
13	131
36	0
0	108
20	1151
0	1151
4	1143
3	130
0	5
7	953
9	16
6	1776
1461	2176
0	749
56	408
23	0
19	245
0	0
248	1107
22	63
0	931
0	856
0	1087
2484	2
226	104
0	103
0	0
9	28
0	28
0	8
7	3
178	8
70	4
0	4
234	897
0	293
8545	753
2	249
23	6652
375	7667
45	1330
150	1353
0	23623
362	21486
2899	0
0	97
0	2810
108	3046
29	2502
0	201
1	3
0	3
23	15
125	30
741	241
9	230
5	11
3	0
0	68
258	68
0	68
531	2773
217	2771
0	2500
150	0
0	3
0	3
0	0
0	0
0	5
0	0
0	5
0	19
32	2438
0	315
0	2348
3	142
0	18
0	139
1	55
6	6
0	3
0	58
20	0
0	0
28	0
4366	5
1875	2
521	7097
0	1143
3	98
15	7078
635	339
43	50
0	19
0	50
473	0
226	2992
0	693
6	2664
47	5
524	557
0	374
0	545
234	0
684	4392
0	155
3	1576
0	166
2	3444
14	0
1452	0
1924	12181
220	1249
0	152
88	11596
51	1144
5534	2598
0	2451
0	832
2	23
28	942
40	900
0	39
6	908
0	948
1	1000
105	42
0	42
2	33
0	33
0	7
5	15
0	27
0	35
192	65
0	3
0	0
0	3
3737	153
0	152
150	1
0	3
0	3
0	3
0	131
103	131
1016	147
0	10
1	145
788	1235
0	750
48	1143
675	0
1	0
162	1655
12	1655
8583	51473
32	51013
3947	2067
0	2064
0	0
633	167
59	845
35	845
777	2
0	0
22	7
0	7
7	0
0	0
0	0
54	258
5	257
0	0
612	573
0	573
254	0
3	577
29	728
1904	705
50	4585
218	6561
0	6261
10316	10
0	0
4	37
79	37
45	0
0	0
10	17
50	9
0	0
72	749
0	81
0	748
831	1
181	106
0	106
191	2972
0	2972
0	0
222	0
0	0
0	0
0	362
1709	364
127	0
0	0
0	0
2327	6
0	4
41	0
0	107
0	97
0	103
255	1
641	77
0	6
0	1
0	0
7	7
159	470
0	470
43	143
0	776
15	92
4	812
0	772
35	37
0	28
0	21
290	184
261	0
4	0
0	0
6	0
63	0
0	85
199	484
0	152
16	2
0	484
62	0
0	2364
76	2328
11	936
352	52
0	1687
3449	2912
14	2793
0	0
132	0
0	2
0	1
0	1
0	0
27	38
0	25
34	58
2171	123
0	0
0	1
131	18
0	17
14	493
4	48
471	0
123	635
2	103
745	104
141	106
7	129
0	50
13	0
0	0
0	0
0	0
64	459
3	531
0	239
2	531
4	0
1199	0
0	0
108	701
0	964
0	263
2380	962
0	0
0	0
0	0
137	38
15	38
2063	580
0	503
2	76
40	176
4	176
33	722
0	211
5	662
30	159
95	160
0	31
287	0
27	1803
0	1928
0	962
0	1919
62	522
23	522
37	1883
0	489
10	1592
0	0
0	0
14	0
5	27
0	25
0	176
52	155
4	164
0	159
0	0
0	0
269	226
0	277
23	265
0	397
0	210
147	662
0	3
670	419
0	419
1	0
12	5
0	92
946	536
0	51
34	1
337	680
13	264
2	173
0	218
0	113
0	0
1666	0
1739	3759
0	0
0	0
0	3
1	3
0	3
270	299
4	1
0	299
1	282
0	636
51	678
119	710
0	10
42	10
248	0
219	169
0	169
0	224
0	224
578	428
1	428
102	481
6	486
11	37
0	28
0	89
15	210
25	186
10	123
0	89
2	124
50	0
13	356
0	356
200	104
3	8
0	41
2	75
11	75
112	287
6	53
885	269
4	528
23	30
3	107
0	3
77	107
135	97
0	97
231	0
35	0
317	105
17	0
1	878
6	878
0	0
522	0
0	0
8	0
0	0
0	0
0	787
0	749
0	842
3	896
0	6934
5589	6936
6	39
0	39
94	517
0	87
1	543
4	0
0	370
8	369
0	3
0	3
205	0
0	0
0	3
0	3
21	18
2	6
0	1
0	3
0	16
11	179
0	175
814	1398
127	1363
0	569
0	377
0	250
58	4676
9	441
0	4497
13	0
7095	4
383	0
14	0
3	33
0	33
7	0
5	78
0	153
13	190
1209	0
303	0
120	0
0	56
65	56
425	1928
216	1607
19	33
9	33
1548	0
0	0
0	0
0	52
0	39
0	37
0	39
457	584
2353	584
222	0
0	0
0	0
0	0
0	0
254	0
12	11
10	11
0	0
0	6
51	32
1662	5
0	0
1016	0
0	140
0	114
621	255
155	0
0	519
531	853
0	516
0	0
28	240
258	456
0	401
12	61
0	0
39	3
0	3
52	868
89	868
582	1
0	0
0	0
1453	158
0	157
1226	0
42	722
5	722
0	0
44	0
265	0
76	371
0	371
0	0
0	22
1	6
0	281
70	525
0	459
0	0
0	516
0	514
4	282
0	38
0	0
0	0
0	0
0	0
3	365
3	63
0	133
0	20
3	28
0	523
0	518
0	0
0	4
84	4
4005	23
14	22
0	116
0	103
0	72
0	82
31	88
0	2
0	2
19895	3571
0	3275
0	332
0	3409
0	3224
58	382
0	316
135	186
5	59
6	186
1	0
7	458
0	380
16	458
4978	0
16	230
13	683
4	283
0	860
54	1038
23	981
983	1235
0	1127
2	0
0	4
1	4
0	4
3778	1756
67	332
0	1755
0	109
0	200
0	200
0	46
0	123
59	178
0	40
0	26
0	10
16	38
0	177
185	177
26	32
7	32
0	271
3	4
0	36
4	109
28	870
0	721
9	871
0	0
0	0
802	0
0	2
0	0
0	10
0	104
0	36
66	140
3	216
1209	905
4	251
31	931
253	88
0	87
0	0
0	0
7	1051
2817	1056
1	0
96	1
0	0
0	0
1963	2
195	21
15	21
0	18
1573	245
6	245
355	170
0	170
0	69
0	26
0	124
0	196
4	174
0	149
0	196
42	0
1737	1014
0	1012
1	0
0	0
378	665
0	661
495	70
2	70
39	723
228	725
2209	518
0	518
405	435
13	435
278	0
54	136
0	136
0	1069
26	75
87	1069
3755	1
2765	2821
0	2
0	14
4	16
65	982
0	1072
2630	1449
0	0
0	3925
20	3478
2	903
727	1851
0	0
35	0
35	75
14	0
0	75
0	0
4	21
411	2463
36	345
0	3
0	2463
6	37
0	62
7	161
0	156
0	5
4	5
0	16
0	16
422	76
0	76
0	2261
6707	2262
0	0
0	0
0	0
0	0
62	51
20	252
0	252
6	134
1058	1032
0	1032
527	197
0	197
0	506
193	2206
1	5
0	5
5	0
11	123
10	123
17	28
19	28
29	62
0	530
176	530
1	259
97	4446
41	4687
268	0
250	0
2	0
0	1368
2923	1712
0	1001
1	0
0	434
0	417
0	444
5	0
477	587
6	7
5	74
36	92
327	92
301	0
4204	2
513	0
189	0
459	408
0	223
0	264
0	2
0	2
7	178
1	21
0	169
925	155
3	154
634	233
15	233
202	0
23	0
477	208
5	383
62	12
0	47
65	623
0	623
257	442
5530	2786
0	2784
163	241
47	219
0	103
0	201
231	17
0	17
16	24
0	0
20	232
0	232
4	231
0	231
0	231
0	215
466	2
0	0
0	0
0	0
0	0
2	469
0	465
0	0
0	0
0	0
18	21
0	0
220	1563
897	1563
1	30
12	145
0	0
430	0
425	0
542	702
44	21
0	21
0	1
47	0
53	613
0	86
0	606
0	0
0	0
0	0
0	89
0	20
0	28
477	0
0	36
0	985
62	1020
0	0
0	3
0	3
395	298
330	1
41	10
4	10
0	190
0	991
313	992
0	514
2	0
405	502
0	502
0	143
641	1028
0	338
0	840
8	1002
49	19
0	0
0	2360
0	514
70	2360
274	45
0	0
491	150
1	67
8	67
57	15
0	0
0	0
0	0
0	0
234	1078
0	1078
9	418
0	418
0	0
0	0
76	52
6	127
39	256
3	162
3	256
0	0
970	177
0	177
0	0
0	0
11	101
0	110
0	110
0	101
5752	2949
11	311
6	2817
1695	0
46	262
1	262
2	1
0	8
0	3
0	0
0	1484
1814	1486
0	524
0	104
0	465
0	0
0	0
0	183
579	2955
7	102
137	2853
4814	0
12	0
0	627
2	76
44	80
0	106
0	59
32	613
187	289
0	289
0	10
88	452
0	445
3	6208
2947	6212
17	177
0	177
686	1
1586	0
103	312
462	314
1100	0
63	107
45	60
449	3456
65	3455
2	51
0	51
36	0
0	0
62	161
293	2124
90	2904
1015	3801
0	1209
14	38
0	10
0	924
40	159
8	943
843	1862
2167	2435
470	2435
5	19
0	19
0	0
12	0
0	0
0	0
145	121
0	121
0	0
5811	5
0	0
36	108
304	435
0	384
1	1
0	1
634	0
785	0
133	814
631	814
0	3
0	0
0	3
520	3
401	128
465	0
1485	619
0	619
0	0
0	33
2	37
28	58
27	0
0	291
217	291
953	349
2	349
3	330
110	2753
547	2652
9	2699
0	2722
540	0
4	48
0	27
135	48
136	1048
0	345
38	1036
0	1121
387	1310
0	1310
35	461
0	51
72	468
0	0
7348	4
19	985
4	985
2	4
0	356
120	357
0	78
0	87
0	80
151	87
0	0
1954	0
98	1497
47	1497
14	86
2969	75
0	68
0	0
0	0
1991	1
0	0
0	0
115	331
59	331
28	116
1	116
0	1
0	1
0	1
1425	604
78	374
0	63
1011	240
0	240
68	2594
5	222
7	2508
145	500
16	464
0	325
0	0
0	0
0	0
30	66
1	0
0	122
0	87
17	162
6	101
25	101
0	0
0	27
0	27
33	104
2	170
0	159
626	0
777	0
208	435
3543	435
498	0
0	15
0	62
128	62
342	34
0	34
0	9
254	919
1399	919
0	0
0	0
1	6
0	6
0	0
4	777
0	14
4	778
0	275
0	23
0	3
0	265
0	265
0	152
0	265
0	275
7	0
0	31
0	96
172	127
63	249
37	239
0	116
0	0
0	0
0	0
24	190
1157	191
598	0
0	0
2	0
17	4
0	4
62	0
13	1486
0	1939
588	2278
0	3194
0	1829
0	410
54	37420
185	3729
0	36942
8	36226
1398	36870
0	0
1	7
0	7
0	17
0	17
487	1186
22	263
10	263
0	10
11	46
0	45
1	0
0	4
0	0
34	205
0	205
585	2123
4	35
0	36
0	36
0	36
0	16
0	61
724	63
611	189
0	1
0	1
0	1
2056	355
3	353
10	175
13	549
6	549
0	1
0	1
126	301
4	3000
0	3029
13645	5565
11	833
9	1410
170	1645
4	562
0	1645
252	0
375	5404
1937	5406
23	147
0	29
0	0
0	0
31	0
326	386
1022	386
125	0
885	0
1	0
0	25
0	0
16	2569
1	2569
22	273
0	25
12	1021
1422	1665
0	1445
30	656
0	19
8	659
3	0
6	0
155	0
79	1512
0	1486
1	16
10	185
0	21
1	25
0	33
0	175
0	160
138	0
305	706
0	706
0	360
20	220
10	275
0	275
2	0
10	392
1210	0
0	291
0	238
1432	364
648	188
0	644
0	236
1	287
299	3919
12	4107
2	203
3424	207
157	4402
5	4402
0	3380
1122	3381
2	0
0	267
0	0
0	161
0	224
15	510
0	543
312	520
370	85
2868	0
7855	2715
0	2713
0	2376
9	2752
5	865
22	4160
0	1122
42	4421
4	0
96	995
13	353
0	995
23	87
7	87
7	1262
321	1365
149	37
19	0
0	0
2697	27083
3	88
19	112
1555	114
385	0
0	34
87	42
0	33
0	50
185	52
3	71
11	399
0	2895
0	1736
0	1236
2	400
6	95
0	378
0	2671
0	2822
0	3056
11	83
4	150
42	0
13	58
0	88
1852	546
102	555
0	9
33743	30379
536	23932
1292	25813
0	5874
261	643
0	642
41	190
0	187
318	2
147	225
121	225
48	0
13	298
0	79
0	1
0	1
4	1
13	1
56	87
0	3
11	23
131	1845
87	1845
0	0
0	0
1220	129
0	128
6160	8
14954	30
1371	49
0	49
0	39
1	27
6	3
0	59
0	2
0	19
0	27
0	33
0	30
0	18
0	17
0	29
280	3494
487	3548
0	0
46	321
0	321
865	0
0	0
0	53
0	58
0	0
0	11
0	0
0	15
120	967
1042	968
40	325
61	326
0	108
105	162
2193	0
102	1586
554	1566
0	2
0	0
1	10
0	2
0	10
11	50
56	50
2085	0
54	0
202	2208
594	2165
16	43
251	0
62	3
1021	5
3592	1551
153	0
0	33
119	3899
51	3856
0	8
64	229
0	229
102	2163
312	2163
0	252
7	123
11	251
2	252
0	1
4	1
5089	6
1055	299
0	299
157	0
272	0
0	2856
0	2892
3	2691
524	3884
0	0
0	0
428	254
0	136
0	254
922	324
0	324
1005	1
8	2
0	0
0	0
0	0
40	68
0	68
0	10
94	642
12	642
0	128
0	0
0	0
86	0
7	2917
2320	3283
29	2170
0	92
0	92
446	0
1226	2
10805	8043
482	333
0	332
33	723
1	723
1328	1945
11	91
0	88
1545	0
199	617
26	596
0	125
0	173
1224	265
2	116
5	121
0	243
0	184
0	60
389	26
0	26
1513	5312
0	5312
0	0
26	20
801	20
797	880
493	159
0	76
0	106
0	317
993	317
140	97
0	2
0	2
7	40
20	14
1	231
5	193
0	42
287	138
2260	367
0	366
3990	10
176	0
15	758
34	758
1009	151
0	57
0	6
10	60
1	0
33	15
0	15
55	838
0	142
0	747
2784	1
10	1225
0	381
5	1124
0	621
0	378
0	510
69	510
0	2
0	2
88	0
151	474
61	474
0	9
0	128
0	9
0	481
0	21
0	667
0	642
0	658
0	2
0	0
912	444
0	56
4	21
0	424
15	0
239	585
0	134
0	585
266	0
0	3
1	79
0	63
8	273
0	236
7	1
0	1
9	0
208	12846
692	12847
27	12777
428	234
94	0
140	42
1	3
1	4
0	4
5	73
0	73
0	0
0	3
0	3
0	0
1	0
0	0
5	0
79	110
0	41
125	144
0	103
27	1066
0	1066
1	0
8	31
23	82
0	82
0	82
120	82
0	0
118	23
0	22
0	1803
0	2539
7	2462
0	2604
0	2482
0	2490
2	1870
246	9639
0	1963
53	9290
0	8514
1	5521
7944	9624
13	86
1	95
597	4
0	978
0	850
60	5322
148	1619
0	3357
14	5260
2279	0
1041	0
0	462
8	1409
0	1602
38	438
2895	5437
35	1338
0	1196
0	180
46	5347
0	4544
3	5346
611	1593
0	1593
0	159
323	285
1	126
0	0
0	0
16	0
0	3
0	3
242	8
0	111
0	224
15	656
0	385
46	656
108	156
362	487
0	627
64	611
199	192
156	189
0	0
46	86
0	86
3	78
989	0
0	18
57	18
0	35
0	35
307	376
0	145
0	0
0	0
0	0
2	1766
159	1766
0	57
24	220
0	272
0	170
4	432
304	893
166	893
77	301
0	146
0	168
4122	8
113	614
0	22
0	593
2	0
0	0
0	315
0	12
312	2398
56	2437
340	0
0	11
1	23
0	177
49	28
0	53
262	237
0	0
0	1345
49	1345
0	130
0	696
2276	1
0	0
1554	0
793	5738
0	5503
1199	0
0	0
0	0
0	0
0	0
46	0
2612	736
0	65
0	20
0	10
0	58
186	139
0	6
22	403
0	190
0	285
1548	2348
0	2057
0	2123
112	0
0	2
95	0
28	0
0	0
0	2
0	18
0	18
0	137
0	122
9806	9
608	608
136	222
0	161
3	0
6	58
88	305
0	79
0	298
0	271
0	278
1	4
0	6
2	142
0	3
3457	10009
8	1081
7	0
0	0
0	0
1345	0
0	2
1	2
570	409
233	384
0	129
173	713
0	1500
72	1376
28	3825
0	8286
1071	9416
43	2810
0	163
2	0
0	0
388	0
0	2
0	0
0	0
0	0
0	0
4336	873
50	869
0	7
0	8
0	37
0	32
313	112
7	112
340	176
0	176
3	122
28	122
0	17
0	17
0	17
0	17
253	141
0	163
22	0
33	31
17	0
0	0
165	0
53	34
0	34
995	198
0	118
2	36
0	78
13	1448
0	1295
0	66
0	1582
0	1448
0	1544
17	1583
0	1394
118	0
1805	4636
2	4636
8	204
0	0
33	778
6	702
60	806
270	970
6	970
2	46
0	2
16186	30396
0	0
0	0
0	0
1585	1224
2	1231
0	1231
21	0
12	0
3	0
0	0
88	300
0	120
0	286
1	269
0	8
1	8
0	75
0	56
3620	0
157	558
181	559
28	0
60	857
0	857
16	573
0	18
2	194
0	187
0	41
86	307
0	172
36	99
70	0
46	62
0	325
57	0
37	78
8	143
0	132
31	504
17	478
185	646
257	22505
0	22440
0	7705
0	8805
0	8442
21	86
35	189
357	1630
0	543
0	1630
32121	28
0	0
0	0
6	0
128	102
0	5
0	9
0	97
0	0
10	0
0	248
0	140
0	0
307	493
0	188
0	9
2927	398
0	274
0	154
0	10
4	10
0	1307
808	1307
535	1067
0	1066
118	0
0	39
24	98
1	75
192	267
0	0
11	285
0	53
81	0
1441	0
609	0
387	0
12	0
294	3
74	16
0	16
0	324
520	324
1950	11
994	152
42	140
0	0
467	123
479	0
0	0
0	0
228	296
0	633
0	183
0	540
0	501
0	490
0	501
6	0
0	17
0	17
0	17
709	0
83	0
55	67
4	67
0	2910
0	105
180	2910
0	0
1672	3
0	4
0	3
0	5
0	165
0	182
124	182
2	21
0	21
16	0
6641	0
6	0
0	284
764	437
0	111
969	111
0	66
0	70
0	70
5	3
0	25
0	34
0	20
0	14
15	25
2	0
0	0
0	0
76	564
0	564
153	96
7	93
9	66
810	3663
0	138
0	523
3	302
0	3035
0	3064
18	2915
49	3688
561	253
0	144
15	218
0	0
0	2
11	0
8	10
7656	6
0	0
0	149
14	127
767	4
1114	2
14	239
63	695
246	783
0	512
85	95
0	22
0	109
0	21
0	109
0	4
11	27
6	71
1	15
0	8
224	748
0	259
1328	2
1054	935
0	935
140	962
240	962
445	759
3	14
40	14
4	6
134	666
0	666
0	28
7	44
47	831
482	836
0	31
95	31
11	147
49	0
3	828
0	650
1307	1313
7	2048
298	2000
1	1802
698	1767
0	2
0	2
0	0
0	1230
0	1257
97	1257
475	2827
517	2827
19	0
8	356
0	19
4	341
321	0
0	17
318	19
2	97
2532	1
493	0
36870	14
11	0
685	92
0	92
18	0
4	33
0	31
104	627
123	627
32	41
0	41
7	41
232	726
32	726
922	873
0	129
0	793
0	761
0	697
0	312
0	759
0	16
6	16
25	57
0	57
0	100
1	642
23	658
0	446
4	560
434	26
0	26
0	0
835	0
22	87
70	86
399	96
109	0
8	4
0	4
20	0
0	0
0	10
0	18
83	28
395	556
0	556
6543	9
0	9
0	9
0	357
0	733
0	673
1	383
1	8
0	463
25	718
9	633
26	470
0	0
0	0
1166	236
0	199
0	111
0	0
0	0
2057	843
0	175
3	668
0	8
0	8
0	0
8	0
0	67
0	0
0	11
95	124
6602	9983
0	9949
0	6240
0	110
387	112
0	24
0	0
11430	10
87	7
11	7
251	418
189	14
42	0
1000	1563
173	0
1	388
42	927
0	455
665	1122
668	1085
1918	1089
2	0
6	146
15	56
0	52
1	56
6604	1
0	0
0	0
197	0
53	0
68	1
5	1
0	1
0	0
213	841
1803	0
1040	0
63	19
0	19
2	7
0	7
332	744
0	175
9	1583
6	74
0	50
0	2176
0	2183
0	1081
1	2242
115	0
641	1141
0	1141
6	1141
0	1141
0	0
27	3045
54	3045
338	2497
576	4781
4273	4321
0	27
43	27
12	1874
0	5449
19986	7821
0	2414
1468	0
0	675
663	675
0	8
4	675
0	11
0	656
0	726
13	709
529	0
0	0
0	0
1474	4
7	782
1	895
374	0
1152	2
0	92
14	75
0	17
2	154
428	192
0	64
0	89
0	154
0	17
0	17
5	43
0	0
0	1
1017	2
0	0
0	0
0	0
0	0
0	0
0	0
0	0
3	0
0	0
42	193
0	193
0	125
278	125
0	5
0	750
225	750
0	0
0	4
0	0
35	0
134	439
0	9
0	450
0	445
0	439
3	404
0	425
0	2
0	0
4	2
16	3
0	3
75	0
0	0
0	660
1	545
73	2722
8	2880
0	959
9	525
129	379
0	302
0	4523
0	4156
0	4136
0	8040
0	4334
73	4043
11	7340
0	7275
0	7677
0	7436
4469	90
1	89
1026	625
0	625
84	415
0	415
10	359
0	0
0	0
5	0
41	0
820	0
3764	20934
644	20881
348	20472
46	703
7	13252
1	0
0	0
11	246
738	1076
31	658
0	715
193	0
336	0
6	1
0	1
1135	0
0	0
504	6
0	6
0	0
21	3
154	13
0	71
4	71
0	9
21	9
57	1131
0	393
1110	1058
0	0
435	78
0	78
5	18
203	104
0	104
11	0
0	6
22	9
0	3
0	2
1139	1
101	126
9	126
0	0
73	0
20	0
151	0
257	13
108	480
10	99
200	497
0	387
1	17
0	16
39	9
4	0
4	29
0	29
0	254
559	1224
2	0
3	0
3	66
0	71
0	71
450	4
3865	2
12	1
0	1
36	66
0	66
83	0
1180	3
0	0
0	0
28	1
0	120
0	110
25	120
232	0
0	6
232	6
0	0
494	441
0	438
83	1184
20	207
52	207
2356	0
1853	284
34	283
200	35
0	35
125	0
2680	0
0	22
0	24
0	24
0	24
0	24
0	0
1109	2
0	294
0	195
4701	0
9	1
51	70
0	0
0	0
16	16
0	16
0	274
0	119
0	51
66	534
0	0
893	3
0	437
46	437
77	0
498	0
0	0
0	0
1164	0
61	0
0	0
2735	172
1425	236
0	236
6	83
13	113
0	1035
0	127
0	1050
0	1161
0	1134
20	1012
1	157
0	150
41	150
0	187
338	711
0	364
0	709
13	94
0	94
3	94
1853	0
51	1176
55	1176
405	0
0	0
0	0
0	644
313	644
90	0
26	0
259	57
290	2680
0	563
0	0
0	0
0	510
933	962
2338	0
392	0
17	807
92	807
109	0
20	75
5	63
0	74
4	76
9	73
282	0
429	2
0	26
0	139
527	650
0	137
2	0
34	0
4	0
53	563
0	21
0	542
168	647
0	646
500	0
34	0
8501	318
0	310
1110	90
0	87
19	59
2	4
0	58
187	48
68	44
1	34
5	120
23	197
2	574
1	59
0	27
71	551
0	4
0	27
42	262
0	259
72	0
49	30
5	26
0	5
34	72
0	6
302	6
158	14
76	14
118	0
618	16847
29	9
179	16882
84	971
5	0
48	320
433	1223
2	1860
213	16816
0	929
0	32
16	4
0	0
0	4
185	529
0	113
0	394
47	528
645	1
0	0
0	1901
0	237
0	1901
46	1754
25	136
2	15
578	0
0	19
0	530
2	550
10	22
4	21
17	44
0	29
0	33
0	0
82	0
2218	6
175	0
80	96
0	96
1253	17884
0	17884
0	0
0	216
976	262
1	124
0	1
1	721
0	416
126	227
0	681
0	585
6	192
2689	782
0	588
368	0
30	262
0	253
0	253
0	262
624	565
0	43
0	17
8	69
0	69
4	1282
45	1299
586	0
160	236
1433	235
0	11
7	11
0	0
1	0
4	0
41	736
2	667
0	736
4	0
19	42
854	1201
12	1124
0	688
0	725
3	811
2	467
0	178
3	178
5	141
200	87
0	28
0	87
32	66
57	1510
213	328
7	330
6701	4274
764	2456
12	597
0	2094
24	90
0	6
44	0
214	724
1	17
0	13
4	4
174	62
118	113
3	6
0	2
0	6
23	135
572	723
2	734
0	691
31	51
11	38
145	981
0	956
0	963
59	122
0	37
0	29
0	20
61	78
0	78
402	709
0	90
0	338
0	70
0	35
13	320
342	341
31	408
75	404
0	45
0	404
0	9
5	178
0	166
0	115
17	30
174	30
837	951
0	951
43	103
4	85
0	27
107	5622
66	1945
0	633
0	14542
17	14196
53	14415
40	13102
0	14760
0	15040
37	350
0	509
0	966
0	81
2309	1713
13	0
0	137
82	683
6	656
0	131
4	1058
0	292
0	1090
0	1057
3	1157
21	120
4	120
196	208
0	208
60	121
0	121
32	0
0	2442
0	1319
6	2388
0	53
0	53
0	53
0	54
0	54
142	77
4	77
0	3
328	424
369	709
0	0
0	1
0	0
0	1
8	167
4	192
31	0
467	0
116	0
201	905
18	905
2	1346
1190	1252
4	0
0	19
0	3
1	31
0	6
0	127
0	186
0	186
0	177
0	0
951	89
0	88
30	173
20	14
32	161
0	171
0	173
0	179
0	185
12	0
0	139
0	217
236	99
0	73
49	99
47	107
305	606
0	88
22	285
0	0
0	0
2156	1010
0	1009
0	1009
1	0
0	53
53	53
2262	0
0	1
0	30
0	30
0	29
200	1017
1279	899
75	0
7	223
108	245
0	222
0	0
6	6
0	6
0	4
390	1027
0	1027
1201	1049
142	1049
11	0
0	0
9	0
17	12
0	9
6	12
30	142
301	53
14	53
98	0
18	0
6	45
0	45
0	380
693	380
36	52
0	52
0	2
9	104
0	51
191	1879
7	1837
9	2424
3	1412
0	2809
1150	2916
2	2666
0	0
0	214
225	1235
6	1235
15	306
0	306
0	26
1	31
280	0
44	0
53	24
0	24
0	27
232	27
984	0
46	0
236	188
0	188
28	530
0	530
23	1504
34	1504
230	137
0	137
0	0
0	0
0	0
0	0
0	0
308	1
6763	14
9	6
1	6
0	6
158	226
0	298
3	298
9	29
0	127
0	1
50	0
0	0
0	0
9	0
0	0
7	14
0	14
64	0
26	3378
3	29
77	1640
4007	4217
22	63
0	52
8	50
0	50
0	0
5	8
0	933
9	154
1	281
30	55
573	3521
0	3928
51	3724
943	2
293	23
3731	312
0	310
0	89
43	89
85	3630
11	3630
20	0
3	0
112	216
0	181
0	216
0	216
0	181
0	150
0	86
0	10
511	210
0	23
0	69
32	0
5	110
0	216
10	216
20	0
0	1
0	3
14	0
0	0
994	1431
757	1428
4145	1061
12	1060
0	0
2	0
73	4
0	3
95	427
0	427
0	69
54	69
15	0
0	42
0	1
1	42
122	2893
18	2545
0	750
25	2859
400	2
1231	0
348	2421
2	1621
199	1079
80	386
0	361
0	386
0	0
10	12
61	202
0	40
147	145
0	145
23	1079
2	1256
1	104
1	1156
78	1468
165	1324
269	1324
0	0
27	0
0	0
399	102
133	136
1	126
0	2
0	2
0	2
153	2578
834	2581
19	0
607	400
2	400
13	0
199	90
2	3
121	226
0	54
133	280
0	5
9	5
44	0
0	415
0	120
0	66
15	411
0	214
0	0
0	40
0	226
126	4
162	0
11	0
994	497
458	496
7	0
0	0
0	0
0	0
3	0
0	0
0	0
0	0
0	46
95	106
6	103
0	45
0	99
0	0
1	0
199	169
6	169
33	5
21	0
941	586
20888	8531
0	883
1603	8576
0	0
7	12
31	12
672	83
9	83
0	20
41	32
28	13
439	13
1787	2
0	206
0	213
0	579
0	965
15	478
0	972
0	509
1	85
0	509
335	0
154	0
0	50
1250	57
7	7
7	0
0	0
62	0
0	12
0	8
62	20
2519	0
18	1
0	1
0	0
3	9
1	1
26	10
17	273
669	273
0	1532
0	2704
18491	3262
34	1680
512	0
712	136
0	40
12	126
0	32
2	17
0	17
0	0
243	407
0	407
0	108
0	298
0	4227
52	4227
0	0
0	0
113	8
9	8
4	8
25	16
168	0
0	340
544	340
0	361
0	147
188	361
95	0
0	19
28	486
1	473
0	0
778	0
0	47
3	143
4	141
63	307
0	100
0	72
47	288
0	108
220	0
0	0
0	0
547	174
0	174
673	0
246	0
0	70
20	0
67	418
0	0
0	0
856	0
0	0
2	144
5	146
589	224
0	83
0	83
3	3
0	3
0	0
0	58
68	103
1	27
62	214
0	180
745	243
172	0
680	0
0	9
2	56
870	56
549	0
110	117
6	117
0	0
259	3015
0	877
167	2950
796	1
1	114
587	3396
0	3389
0	2803
0	2799
33	0
0	0
0	0
0	0
1	0
15	0
0	3
16	3
42	0
0	3
0	3
3	10
0	10
0	0
63	273
55	48
0	48
0	221
0	221
139	0
20	497
0	30
4	497
0	0
0	0
2061	1677
0	530
98	1848
2	1847
0	911
171	911
301	3671
3	787
7	3655
2	3655
4237	1037
4	1033
42	911
0	243
0	877
0	877
23	443
0	195
611	562
2702	903
0	902
15	41
0	41
276	0
0	0
115	133
0	133
491	784
0	4
0	1
0	780
0	52
0	138
0	71
0	832
5	281
792	780
197	1
0	1
0	0
0	0
0	2
0	2
497	0
0	0
0	1068
0	1281
0	2
90	616
0	611
795	743
127	0
119	196
0	43
561	46
1708	1
0	4
0	4
0	1174
1312	1203
1	652
19	297
4	12
5	12
484	854
0	16
0	854
0	0
0	0
0	1
2	1
82	276
0	35
0	257
0	28
43	28
377	306
0	23
0	0
0	106
37	173
0	87
44	6
82	6
122	83
2	13
0	0
0	0
13	97
25	251
196	348
42	42
0	0
0	0
307	0
7	0
0	0
53	222
1808	724
4	303
1	303
22	0
0	442
0	125
0	159
0	16
589	0
7719	11
0	0
0	33
335	989
47	987
722	0
59	15
6	0
37	78
174	106
0	3891
3225	14111
0	14102
262	377
0	229
208	4
204	0
25	990
357	990
33	4
7	4
0	0
0	0
9	0
0	0
0	0
0	0
0	3
0	3
0	6
0	0
19	0
0	0
6	0
8	8
441	31
0	17
5	6
0	0
0	0
1	0
0	23
2947	1092
14	58
1061	5189
0	5282
28	16
1745	5288
3	1010
0	0
357	195
28	192
473	137
0	137
367	160
1106	926
0	302
67	809
23	4
0	123
1	614
248	621
5	0
0	300
220	989
0	986
27	102
0	0
212	221
122	221
390	0
188	0
0	372
0	306
55	989
11	503
0	12
79	12
0	0
1179	0
184	1
23	1
4895	3357
0	2232
0	1145
0	123
2042	125
0	120
35	122
71	0
169	591
30	591
261	0
868	40
0	7
6	33
25	0
570	0
0	93
20	640
19	640
5	326
6	19
12	345
0	1604
0	422
0	551
0	1651
0	1748
3	0
171	3111
0	650
35	144
652	3445
1	56
28	56
510	0
0	2728
0	1325
0	2519
0	2487
0	2728
89	1396
0	7119
420	10336
0	12327
318	11809
467	1
0	15
4	41
941	0
1175	572
1361	576
197	2467
0	614
1	0
6	2466
0	2289
90	0
214	131
0	92
0	35
3	35
0	40
523	65
0	65
0	32
0	0
163	736
1	736
2	737
2	3159
351	6639
0	1324
0	4244
0	5205
375	0
7	633
261	2380
0	1835
17	2368
31	80
0	80
199	0
6	3465
92	203
0	2595
27	3527
0	3501
62	115
0	47
0	45
6	115
33	0
0	16
6	16
0	16
3155	7
41	0
4	0
2058	1696
179	1695
32	610
57	610
0	0
2878	2465
0	1460
45	749
6	1715
4	0
49	0
0	0
72	288
30	288
1656	1187
0	1187
0	0
0	0
0	90
174	90
2754	2873
5642	3
229	241
18	0
44	0
7	0
1897	0
665	24
0	24
7	386
88	386
0	471
373	569
0	569
7494	1172
0	652
5	700
35	0
0	1462
12	5057
6	5066
37	6543
0	106
140	121
0	25
0	0
7	567
1102	567
45	1469
153	1469
527	4981
0	4981
2	0
3	0
231	0
544	807
12	57
2	57
5236	972
128	969
0	43
0	51
205	52
0	5069
2632	5073
1066	0
0	27013
0	1187
1	4406
14	25316
48	26557
0	28090
0	537
11	581
0	307
53	319
2	139
39	139
0	130
181	119
0	119
0	1
0	0
0	0
0	0
1011	6141
5076	6154
505	0
432	1
36	7070
0	139
0	328
0	3539
0	6923
0	3148
2396	3152
0	10
0	15
0	9
12	111
0	21
22	170
0	227
4	58
0	152
1220	793
1458	3
0	2
0	2
0	2
13	113
2	27
1380	104
103	100
0	0
0	0
0	0
2	3
0	0
9	51
0	2925
0	3016
0	21
1	21
25	21
0	21
0	0
0	0
73	1511
446	1456
3	1425
0	0
0	0
0	0
2	6
396	1994
868	246
0	0
0	0
0	9906
2450	17995
0	7549
2	12703
0	12193
0	0
0	0
0	0
161	134
22	134
13	170
5	170
98	1118
151	1013
3	999
3	854
3	445
0	292
8	1214
1279	3129
1	93
0	93
206	0
0	0
0	2
14	22
0	22
107	27
0	25
28	6
2	6
12	0
1	428
25	446
0	440
0	0
224	0
7	0
2	0
20	0
0	0
0	0
3	0
48	509
2	28
326	866
6	866
0	0
5	4
42	985
21	1007
9	22
0	40
4	40
0	0
0	0
3176	3
64	0
3661	1
0	0
0	175
0	344
0	47
0	149
5	38
0	38
390	0
0	226
0	4
128	226
15	0
55	6
0	0
0	0
883	0
0	0
95	57
17928	16
0	0
7	385
3	385
1248	386
574	0
999	525
0	525
4	67
0	30
0	57
0	28
0	98
60	87
0	71
30	60
0	60
23	635
0	635
109	0
0	0
0	0
0	0
34	0
11	39
10	39
2376	4333
40	4330
0	105
0	142
0	2
25	283
0	283
0	0
23	76
0	797
93	869
4	3379
18396	5433
0	3729
0	2186
763	9862
275	10005
136	567
0	567
0	0
545	0
27	20
0	20
0	5
0	5
77	355
0	53
21	57
0	57
0	0
0	0
0	0
0	0
0	544
1218	546
0	0
0	429
0	297
219	245
0	161
1533	4
24	0
37	119
23	119
1565	855
0	854
0	805
0	735
1510	805
67	340
0	0
0	340
51	0
115	857
114	5
0	1
0	49
0	144
9	83
6	59
0	50
1	102
0	28
0	15
0	30
0	189
0	141
3	166
11	543
480	1262
0	1004
0	1014
0	1006
0	1020
0	0
691	0
2	87
642	0
0	0
61	0
8	104
0	87
564	2214
114	2214
22	5
0	0
0	0
0	0
0	0
0	0
0	0
12	0
318	0
13	50
245	59
0	0
222	1195
0	1195
45	0
2	0
0	7
0	35
0	35
0	30
0	8
0	8
141	1491
0	256
0	135
6	19
0	1205
0	1052
130	240
4	21
0	0
0	0
7	50
0	8
0	50
0	78
0	97
0	95
2	8
333	402
0	402
0	0
413	0
2	1045
4	237
0	1209
2	1212
7	0
6	9
0	7
13	7
22	156
0	156
52	536
339	536
2530	544
0	542
0	10
24	10
0	10
692	2959
0	2538
1065	2006
0	2005
963	0
130	1605
14	1606
0	149
1	11
0	144
2	84
0	398
3	477
0	456
2	871
2818	871
3369	1409
0	1407
217	165
9	0
720	0
5	726
0	363
7	464
0	749
0	351
17	632
0	1316
10	2853
24	801
7	1215
0	2890
0	855
0	231
1	45
0	84
0	0
11	129
0	398
73	398
5719	40868
0	3
0	24293
0	22593
0	41119
0	49432
0	46852
0	1320
0	228
0	1796
2	1011
1178	8293
0	812
3	833
0	1813
18	15
0	15
324	4990
4	73
10	14
32	4963
0	757
0	411
0	405
0	146
56	4900
11	4382
1290	0
0	0
0	0
0	0
0	0
33	0
608	194
1590	5
4606	116
128	0
280	41
0	41
70	0
313	0
275	0
120	2519
1908	2519
8	12
0	145
0	3
0	4
0	145
27	730
142	730
0	2
0	35
58	37
291	85
0	85
25	0
520	97
81	821
0	750
0	861
77	0
7	1
8	55
0	3
0	55
320	0
71	0
5	0
0	10
0	10
91	106
0	106
31	0
1035	62
605	81
0	81
2	3
0	0
5	26
49	293
0	293
0	231
0	4
895	28
0	28
38	39
5	2
0	2
0	5
9	85
0	3
0	38
0	4
0	4
0	4
0	6
40	0
1753	0
10	84
1	60
8	52
0	35
0	1
6	10
0	6
0	39
3	104
0	10
0	482
358	2381
19	2277
0	0
0	0
2276	5
117	0
338	3152
9	3152
2	129
0	24
39	81
8	107
1	378
6	395
4	395
42	0
28	0
270	0
125	0
100	483
13	402
0	396
1	317
6	318
0	264
2	163
672	381
0	366
0	381
0	11927
0	336
1	1098
9	20315
438	12629
10	20313
0	1
0	0
10	0
1434	0
30	0
2	206
157	304
0	282
0	2
0	303
0	922
124	933
49	461
0	461
22	33
408	555
3219	597
4	0
246	179
0	82
28141	814
3	801
0	279
832	462
1	501
0	459
0	20
0	4
33	53
0	0
0	11
1	29
0	0
0	0
0	0
0	157
0	7
4	18
33	157
211	117
5	2
0	0
0	3
0	11
12	18
960	0
0	0
0	3
0	3
0	0
0	13
0	0
4	13
9	21
0	21
0	2
1	8
9	69
0	8
937	2
555	795
119	870
0	624
0	218
0	333
7	336
0	280
437	0
3101	0
0	0
2	8
0	0
16	8
7	0
0	0
437	306
3	303
0	0
0	0
1225	3158
181	3157
16	260
0	156
0	258
37	44
2	44
0	0
2499	5
0	0
5	0
189	6
0	6
148	75
0	67
0	18
54	319
0	308
144	308
0	208
43	0
1	0
2	86
104	92
13	458
134	1647
95	1611
16	249
397	0
89	0
0	811
289	727
127	0
46	118
5	100
0	0
0	89
0	66
4	94
9	101
0	100
317	721
4	640
386	483
6483	2428
393	1084
1122	0
1	98
14	187
22	561
26	581
235	102
235	243
5	208
1	369
0	218
879	356
0	2
0	0
0	0
0	0
0	55
0	55
142	7890
0	7890
270	4841
0	1204
0	1924
19	4841
3	1
0	135
0	61
0	157
5	160
0	158
17	52
132	82
0	66
0	34
49	2145
0	525
16	2360
0	0
0	1
24	67
0	66
0	1010
1578	1010
3	7
0	42
21	49
5	233
78	233
0	79
0	79
2	61
0	0
0	0
755	177
21	1214
0	1214
270	729
0	729
0	460
0	239
2	306
0	271
0	199
0	34
0	36
5	450
1	0
0	175
0	49
0	175
173	0
2355	397
0	397
8	1170
0	1253
20	1182
0	1
0	1
1065	5047
0	5047
7	197
8	196
0	2
3	2
0	2
0	977
859	1331
2	1330
0	43
12	43
0	1
0	1
0	1
0	1
0	1
380	3536
65	3535
0	122
1176	122
27	199
11	251
0	263
601	0
98	0
38	1383
74	215
5	1383
5	0
544	0
4461	1580
0	348
0	1340
3	31
14	31
10	126
0	101
14	46
142	119
3	1
0	1
0	1
820	1
177	363
0	42
0	177
2	15
0	10
0	5
20	0
0	0
0	99
46	750
11	742
95	6
0	6
156	273
0	273
37	25
0	25
311	0
0	5
1	4
0	1
1412	308
7	110
74	0
0	0
0	0
342	966
0	966
0	541
0	1840
0	1981
0	1407
0	2157
585	376
0	90
13	129
91	129
244	0
4	70
27	65
2619	1914
0	714
0	1909
0	0
131	0
0	0
0	0
0	0
0	0
0	0
0	0
766	0
0	963
2297	964
1203	2038
0	2034
1188	2180
152	2179
0	353
23	387
0	1038
40	1004
29422	27
0	0
0	0
0	0
0	1
10	1777
195	2104
0	792
0	18
0	3282
141	3282
0	7
2	7
0	7
192	1
0	0
0	148
0	149
339	297
0	11
2	11
2665	690
17	556
146	465
99	2
0	2
475	0
20	2
0	2
0	5
1046	191
0	1
0	190
2107	95
2	8
85	0
122	0
30	4325
647	567
0	1510
417	4817
13	902
23	147
0	26
0	902
81	0
6	0
195	0
65	22
4	22
0	0
0	0
0	0
5	0
0	6
0	8
0	8
50	5
0	4
552	116
8	119
22	109
0	0
0	0
0	0
0	0
0	0
2971	2
330	58
1265	0
21	257
0	257
304	129
0	129
1221	1
0	0
0	0
0	560
0	11
0	642
0	649
1481	0
0	0
0	0
0	24
15	24
519	176
0	105
0	176
827	2357
0	2357
0	0
2	0
132	587
561	587
0	9
0	9
0	0
2	28
27	179
0	160
0	168
437	3
0	2069
0	435
2767	2065
0	1691
0	855
496	857
0	0
0	0
0	0
0	395
0	706
4	697
0	713
0	718
26	682
0	682
1420	726
46	358
0	351
51	282
25	3
45	297
0	30
0	215
0	0
105	366
8	366
3	7
0	5
4	26
0	142
1511	1132
0	1106
12	56
0	9
0	133
1	180
0	119
1	0
0	0
240	11
0	11
117	1626
10	275
5	1626
0	446
20	446
2	402
0	46
164	156
0	140
7	138
265	512
3119	1484
0	1482
1	0
73	161
0	755
26	728
0	624
318	624
0	0
0	34
54	528
984	529
7	328
0	77
0	37
0	328
98	358
11	861
0	35
0	1016
0	1009
47	299
1	299
3074	7
91	0
0	419
0	264
4939	687
0	26
0	65
248	73
1	68
15	0
66	41
62	41
188	977
90	977
159	0
0	0
0	2
0	2
0	0
0	6
0	0
0	6
0	5
1	559
109	559
2	0
0	47
1	43
0	38
0	44
290	80
17	567
110	75
1044	982
6	120
2	980
45	2208
0	614
0	2208
0	0
203	447
2	94
0	23
0	426
549	389
11	47
36	356
946	847
0	847
0	0
7	7
1	7
6465	2822
17	0
0	0
0	0
0	0
0	0
174	11
0	11
320	157
0	157
0	0
0	0
5	0
5	87
0	87
3383	3
0	37
0	79
0	0
0	75
0	89
366	1
5	0
4447	5
1049	1917
0	1917
2466	2
142	0
0	234
143	234
2909	3
6616	4
100	0
4741	40670
1980	40669
0	136
660	139
756	0
7442	6142
4	6138
0	6
323	1
0	0
1567	3
7734	3
885	1
0	25
0	28
0	17020
1482	17020
1149	9
0	9
0	4
0	4
511	2981
2	989
0	1337
10	2981
99	62
0	7
0	55
14	1496
730	1496
10	2270
2	2270
4	16
0	16
397	437
0	437
41	190
0	190
212	472
0	472
6	0
292	111
20	113
2	39
0	0
0	4
0	4
0	1124
563	1124
0	1
1965	6
612	109
184	0
263	0
698	3
1431	3
107	2447
9	2447
11	11
7	11
115	319
6	319
0	0
2	1140
0	412
1	608
0	1097
0	1201
0	1693
582	9
744	3125
1144	2627
236	389
0	381
0	319
0	389
91	1309
145	1309
24	0
1	13
0	12
71	25
0	9870
43	9791
1	68
0	7341
24	0
672	521
200	519
0	134
1175	1484
0	194
0	25
18	138
173	115
2133	3
0	0
62	26
1	20
0	6
0	5582
3	3014
3007	5570
0	5691
0	5691
0	0
0	0
0	25
55	25
0	608
176	1945
73	1538
0	1959
709	1830
0	13
13	1799
11219	14
3601	1
0	3
108	3
106	864
9	794
185	823
0	1845
17	1845
0	0
0	0
0	22
70	148
0	146
213	190
19	190
20	0
575	0
2388	7
59	0
0	59
0	3
0	202
6	195
0	205
87	171
11	171
4047	5
104	627
86	627
6457	3566
1	687
0	905
0	259
3	259
4	481
1815	481
133	342
0	305
431	0
582	1929
12	176
0	176
29	219
0	0
0	0
142	40
6	40
925	0
0	16
0	59
0	5
0	8
0	53
31	53
10	58
518	4
57	7
0	26
56	36
11	0
0	280
233	344
13174	2133
13	2122
99	669
6	177
37	721
951	389
0	5
0	156
26	30
0	19
2	168
9247	1556
2	1551
2	0
0	1
0	35
0	38
0	0
0	38
0	35
0	38
159	331
0	112
105	1404
3135	1404
129	64
6	63
16	1370
0	190
0	1333
0	38
46	108
30	120
0	283
33	283
0	18
8	65
0	11
20	71
6	104
0	15
0	0
0	1245
0	167
0	2050
1470	2076
3048	1
53	3470
5	811
25	784
0	7706
2	59
19092	6534
38	0
80	0
65	66
2	1
33	1
29	1
52	66
76	355
0	126
322	1
0	0
1010	428
9	426
0	0
0	0
523	0
13	18
0	18
0	2054
0	5331
7831	6534
0	3905
0	18
926	578
0	0
402	522
591	522
43	3
16	2
0	0
329	0
24	0
151	612
2	7
5	237
0	80
0	606
19	99
2	99
0	127
2237	127
1682	0
2	0
0	430
108	520
0	1
0	12
131	13
7	562
165	562
0	77
99	168
175	514
15	514
0	290
203	2270
0	2270
481	675
0	7
48	3
0	7
31	5917
3367	5921
20	497
0	31
2	481
2420	23
185	39
11	20
0	266
1	273
0	268
26	3
4149	1508
22	1505
72	2045
0	1741
0	1900
18	200
0	7
0	4
0	4
280	0
443	2712
8	101
1	106
0	310
0	61
581	1540
0	484
0	1249
5	1249
491	0
0	219
0	1731
0	1610
0	1762
906	1447
382	1447
22	176
0	176
0	6
51	95
0	95
0	89
66	274
950	1209
567	5
552	1
16	528
0	658
9	658
7	28
0	28
1	1111
0	45
0	283
4	1331
23	1376
5810	3
0	18
1	18
0	34
0	191
1	686
117	804
0	531
0	449
0	567
0	3
7	3
0	337
2136	604
32	249
0	249
0	3408
7816	3411
0	0
413	2
213	5831
0	5868
0	431
20	5822
0	0
0	0
6	0
0	172
0	188
26	0
0	0
0	2
35	2
369	92
15	622
0	650
12	288
195	0
66	115
0	38
264	1856
0	1856
845	215
0	215
78	0
0	11
0	63
30	729
354	729
0	0
28	355
0	60
0	355
2	4
0	803
0	53
63	687
0	303
47	708
0	427
3	277
0	20
30	396
0	396
756	0
2398	7396
0	0
16	7395
14	0
61	611
13	611
0	75
0	93
6	166
0	87
108	448
1	424
2418	281
0	268
1138	106
0	106
33	0
2405	3
22	6
0	19
0	19
0	0
0	0
0	0
43	33
0	33
0	9
0	9
0	0
0	0
0	0
0	0
59	4591
14	4522
0	4602
1299	299
3	298
8	0
12	321
0	321
599	0
12	167
0	81
22	170
73	0
599	0
620	96
0	96
0	565
520	566
0	123
0	45
1	66
765	233
0	0
0	5
38	22
135	549
80	0
54	0
5	1410
1	1474
1	297
9	61
24	61
369	252
0	252
0	0
880	334
0	9
0	55
2	280
0	11
42	54
2	3
0	0
0	0
0	0
0	0
0	0
0	8
980	9
156	1577
2	1577
5	130
536	389
0	4
0	254
0	36
4	178
0	154
6	427
12	154
672	926
6	988
51	1044
1428	67
25	67
41	302
0	111
1	0
0	27
810	27
0	0
0	62
5	0
0	62
0	442
0	261
0	488
0	99
0	99
0	99
0	99
0	35
185	35
11815	1433
69	1428
0	18
0	1
4	393
0	52
0	57
2	393
4	0
9	51
0	0
721	21
0	19
0	61
20	4
53	15
0	2029
0	2008
96	2060
0	434
16	434
13	268
0	0
1649	4
662	1509
0	1509
0	3486
0	404
0	3333
0	3603
0	3450
4	503
0	1351
383	1494
774	5196
857	5197
41	77
347	191
0	0
78	1169
0	94
884	1449
16682	1455
9	1119
0	333
0	0
1	0
0	0
0	0
0	0
0	0
0	0
106	68
106	129
1011	684
0	684
682	0
0	2773
0	204
1573	2774
0	191
0	0
4	0
6	581
0	581
0	494
10	173
0	164
7	49
0	4
92	1554
204	1554
6236	7282
0	7279
122	469
6	234
53	298
0	101
3	138
0	109
0	135
0	101
0	235
15	319
122	277
361	1651
0	1651
5	735
0	0
0	0
139	1
1140	1046
0	47
339	158
15	158
2	191
0	0
4647	5755
120	5752
49	181
0	0
1	0
1170	0
131	56
0	58
5	47
0	42
257	218
1	194
0	3
0	67
344	421
0	354
486	1465
2550	1467
95	70
0	0
0	0
0	0
0	0
0	0
7	5
0	5
29	22
0	191
0	6
0	6
0	0
0	0
0	10
7	24
34	0
0	0
540	300
0	385
7238	385
373	1
12	0
1164	9
3	97
3910	106
0	0
17	13
0	13
1290	1860
346	381
218	47
860	3005
3	3002
787	0
2	0
0	0
121	429
1	429
2391	136
0	0
0	629
4373	630
7	1185
0	77
0	1157
288	158
0	121
0	47
0	266
5	963
0	685
1	983
2	8
4	8
0	0
0	374
200	374
210	723
109	3716
0	280
0	4
968	3718
15	352
130	4319
447	4293
0	60
0	50
0	31
607	99
0	12
0	12
0	10
3	0
190	0
0	0
696	0
762	1567
4	112
0	1553
1	171
0	201
0	0
10	1035
0	339
0	367
0	260
0	1037
0	1141
243	0
200	246
760	324
0	182
0	287
0	10
1	10
0	10
0	10
22	91
0	91
0	0
52	0
192	8
11	141
237	502
518	0
7	0
9	3
2	1208
0	421
0	5
1	1202
0	1174
0	808
0	4
0	4
32	38
0	35
0	38
489	444
0	648
2	644
248	818
0	816
0	743
0	726
0	661
0	687
0	0
0	0
0	144
0	15
0	88
70	352
5	335
765	0
0	29
280	1257
0	1245
5	1242
0	250
227	1453
85	1577
0	158
30	158
425	389
0	246
500	285
926	1
8	412
509	1538
1078	1200
6	0
12	1669
200	1669
1	0
6721	11
123	0
1619	1
78	294
3	40
10	294
59	260
1	260
0	1
3	1
25	111
2399	623
134	278
0	344
45	82
0	0
356	644
609	644
870	655
19	655
8	269
1492	1050
0	814
0	65
0	8
47	2
0	65
0	65
0	428
61	549
0	549
2	7
0	7
0	120
0	140
0	7
396	0
1	477
1	118
1722	531
0	1
0	0
0	0
0	125
702	549
0	2139
14	2217
0	2012
35681	20
4279	3017
107	2176
0	152
53	695
0	2472
614	111
0	111
7	134
378	1060
0	926
37	0
2590	0
0	0
0	170
240	6
111	195
1392	3104
6	1273
10	57
7	1428
0	2317
101	1911
104	2163
0	2088
100	664
0	664
3	0
0	0
0	0
122	0
123	0
0	13
0	65
1	65
0	0
663	0
0	10
0	10
0	681
0	749
216	1731
58	1705
76	0
396	0
359	1
46	3339
0	3049
0	3344
15	1
0	0
49	206
20	206
96	0
640	0
682	459
10	238
0	238
0	0
99	0
4	0
0	0
1422	0
0	6
0	6
1	31
13	31
309	0
0	0
144	433
0	0
0	14
8	14
831	1
9	393
0	393
4	381
0	148
609	178
0	30
43	1
16	18
30	0
122	0
359	197
0	51
0	18
2	223
0	205
0	15
16	15
59	11
0	225
1798	226
0	393
6	448
57	448
77	75
0	75
19	8
0	8
0	4174
0	40
0	51
0	4031
0	3071
0	4074
494	3
2084	2291
290	153
189	6828
35	0
69	0
1	1
1262	1604
22	1579
0	776
0	770
0	697
0	174
0	6
1	6
41	0
0	174
630	178
3	0
67	241
0	0
4	0
47	467
1	91
0	51
0	430
4	514
1055	0
295	0
0	277
127	277
75	0
0	0
0	5
27	21
35	21
0	0
0	194
3	8
0	355
43	355
1	354
66	0
2602	1121
0	1121
56	496
1	253
0	427
1345	1
0	0
91	2598
0	259
13	2600
553	1
0	0
2	0
16	2100
3	2100
0	301
686	301
55	2
0	58
27	58
196	190
1	190
3295	3
25	26
0	32
188	58
0	9
0	9
0	12
602	0
0	33
38	125
0	16
2	36
0	45
0	124
125	0
0	0
1	60
0	73
15	13
1	13
0	26
2	6
19	32
156	146
0	65
8	0
0	0
221	0
0	5651
622	7593
12	3927
6	395
206	379
100	407
606	0
0	0
0	0
0	28
3	31
21	594
0	101
10	576
0	49
1355	49
0	221
51	221
43	44
241	134
0	81
7	49
965	2588
1	2588
0	0
0	0
590	45
0	6902
0	6394
35	119
24	119
908	0
3	182
0	180
0	182
0	565
454	565
158	37
0	37
1	0
0	0
0	0
833	175
0	175
0	9
0	2
0	18
0	0
5	18
37	90
3	90
7	31
0	2
0	2
0	52
0	4
0	67
0	72
0	251
446	498
59	97
0	0
139	0
657	265
0	169
53	23
0	22
0	1
1	22
0	231
1	57
6	226
38	287
0	25
0	289
0	0
37	0
213	0
205	541
0	537
0	529
0	537
0	175
0	319
658	1
159	0
13945	6044
42	6039
3	11
0	11
320	255
0	255
530	312
0	312
0	70
334	70
3960	0
4	161
6	161
6069	4372
1107	1
284	1486
15	1486
1628	15208
0	1285
11	14313
4	7030
2	13119
0	641
2265	1576
3009	1
697	580
0	233
30	189
1	201
0	0
0	0
703	10
0	10
10	0
53	0
938	234
20	230
0	24
0	49
5	54
0	32
0	12
3	40
8	41
1418	410
0	409
0	528
0	478
0	4615
35	4362
0	392
7	2364
152	2342
0	2342
0	0
170	1
0	0
0	7
7	7
0	15
0	0
0	7
0	15
7	35
18	2439
41	2444
0	1
387	1023
0	499
4	367
0	0
0	610
0	0
777	1604
10	1604
384	0
0	22
32	1309
0	1080
0	1373
3	0
0	0
76	35
728	2204
1	3122
0	3125
79	0
0	0
7	413
305	760
0	0
0	0
103	1
0	1043
1	727
334	2922
506	0
0	37
1633	1156
42	1193
0	562
55	681
0	681
21	0
0	0
73	1
951	1769
8	1769
3	1173
0	360
137	15
0	12
0	3
1405	0
857	2828
5	2825
4643	453
1004	21569
0	19892
7	7201
35	20174
378	0
0	455
0	455
0	13167
5	14209
4	12571
2	46
120	1
0	116
86	125
2	31
45	278
4	3
0	247
0	240
2213	1594
0	1474
0	915
0	1589
0	174
115	621
4	621
0	262
204	262
122	137
11	71
0	3
2	9
2309	1199
19	73
35	72
0	1119
298	0
0	692
0	186
116	1451
129	201
59	1486
0	0
0	0
0	0
2	269
0	425
1	290
182	445
60	172
0	38
17	156
241	43
0	42
428	2
210	205
319	0
7	0
436	61
21	50
0	11
0	0
1366	0
3	147
4	147
2	33
0	554
51	2
0	550
0	508
730	2165
15	118
35	2165
16	0
28	0
0	57
0	166
55	166
0	4
4	14
0	34
35	38
51	0
0	30429
4	57636
6	38641
3	31418
6	27481
3	123374
10	134981
0	78392
473	2858
0	326
132	2799
0	0
0	2
0	2
278	21
0	21
390	917
0	229
0	1060
1	8
0	1034
1	1098
0	1188
2421	1192
830	131
7	130
0	0
0	262
9	241
0	551
0	519
45	893
0	815
18	504
49	504
324	73
0	73
243	0
0	0
0	0
0	0
0	555
800	3499
0	1914
3	394
15	3694
160	274
98	277
225	151
3	40
0	133
0	0
0	0
0	3
0	0
2	3
15	177
0	692
5	651
186	69
13	272
101	272
81	1145
29	1145
146	0
0	18
0	0
0	0
0	16
0	10
0	4
1	4
210	1595
1917	1595
0	1
55	1
0	23
1054	19
0	23
2319	617
0	615
454	0
1307	1306
0	734
2	572
359	1477
0	1409
140	716
0	80
0	205
0	5
0	194
0	171
94	0
4	6
123	707
0	1128
135	1135
4	1127
629	133
29	75
0	120
1	1152
807	1567
0	641
0	7
0	5
0	0
0	2
0	0
0	0
75	784
42	773
0	12
0	683
4	973
54	688
0	237
1798	19
20	12
455	2453
181	2498
223	1223
1140	1223
27	464
784	798
0	139
13	645
1	1
56	30
2643	739
14	739
1	53
0	132
0	75
548	432
0	0
0	432
9	0
1936	0
497	0
352	1
23	478
0	1887
0	128
0	101
5	1887
82	0
12	0
2	1913
22	2402
25	2153
0	68
149	246
199	1146
0	2133
54	3797
0	1258
0	3089
20	33
0	33
5	6
0	6
1258	119
53	0
0	41
125	329
0	330
0	48
0	15
192	102
0	15
0	2
0	95
0	95
0	98
14	0
2172	0
0	100
0	0
162	2538
155	2538
2	5248
11	21173
0	19610
1	19192
0	20
115	26
62	0
10212	12
0	0
70	78
32	2
0	2
37290	21
4487	864
7	0
0	577
4493	583
428	1
23	701
0	104
0	181
0	0
790	304
0	2
0	0
0	0
156	0
4903	1354
0	0
6	3
0	3
751	1
189	1628
0	1628
2301	0
21	0
25	84
203	2
667	0
108	445
0	1
3	445
4	0
80	41
101	76
0	55
4697	2
385	0
0	0
0	0
2892	0
0	89
175	147
0	71
0	0
0	0
0	0
102	62
48	0
2305	1794
0	556
43	241
0	1675
31	1395
62	1395
105	31
0	31
0	2184
4	134
19	2184
13	206
0	181
0	85
916	1731
0	1827
0	1531
0	1790
17	0
0	0
0	0
0	0
14	0
0	116
7	5035
0	5057
45	4946
23	4982
2344	1150
586	1336
615	1112
1271	2420
22	52
8	62
17	10
2	128
192	128
9	3
0	3
958	1
23	0
1150	3817
113	3817
64	53
1	1235
0	1235
3	146
14	146
0	0
0	0
74	274
0	264
0	274
3	646
0	545
0	553
0	538
114	354
18	345
63	77
1186	0
203	48
1	48
676	0
0	0
0	0
202	149
13	116
0	40
233	0
0	10
0	10
2629	0
1497	3
1449	3
0	1360
1	1545
2	1545
0	1461
324	158
285	1619
0	17
2030	3193
3	3193
10388	2
47	170
6	170
18	103
0	103
488	74
1	73
0	0
0	23
218	30
0	7
343	173
0	0
0	0
0	521
6	436
232	216
0	109
69	702
0	199
0	702
138	966
25	966
571	520
68	519
26	137
37	137
2999	1
0	329
0	278
65	327
56	0
43	53
0	53
1	0
17	0
23	0
2	2545
13642	2557
4	75
0	75
4	29
0	25
0	6
17	6
2530	7
3441	607
56	604
0	699
41	699
3	3038
269	772
34	3038
172	250
163	250
51	90
0	90
3	52
0	52
67	770
643	1010
267	349
0	736
38	1027
130	501
5	4
0	4
30	193
2	190
0	193
844	1653
0	1604
28	1600
26	1641
19	1638
7	1578
771	396
282	396
0	0
0	0
858	13331
247	2020
0	12696
0	10970
24	11149
0	11516
0	11114
118	12458
18	268
0	204
1	754
19	370
11	910
22	820
380	0
0	0
24	650
0	650
0	102
11	77
0	69
16	203
81	203
708	369
3	367
4	9
645	0
40	0
383	0
6	2703
0	636
172	2703
2068	913
0	913
933	1481
78	289
113	1560
83	340
0	355
0	715
5	345
0	754
0	355
123	902
668	935
1244	1455
22476	1465
178	65
39	20
0	65
192	0
0	0
312	1745
0	1745
5	489
88	489
0	98
55	29
0	5
0	26
1175	2955
0	61
126	2688
0	2948
2837	1
127	235
0	0
0	1
0	17
1	352
0	356
5	58
0	17
0	17
0	29
1	25
214	33
1	6
0	7
0	7
1702	1
2	4
0	4
0	0
0	0
258	0
10	9
114	9
0	225
0	57
0	0
0	123
30	225
0	109
808	109
8	210
0	56
5	17
4142	924
316	139
0	4
6019	15
23	4
0	4
283	1041
0	1041
90	137
0	754
416	758
139	0
935	522
19	522
9	0
0	5761
1411	5761
0	37
1529	128
41	0
0	73
3	112
38	281
0	374
0	3328
0	3350
71	327
6	5816
77	5554
0	5659
0	5205
71	724
1	208
0	224
0	118
10	724
2	19
771	596
0	490
0	32
0	65
0	280
0	27
0	50
72	280
33	1
0	115
0	82
0	1
0	105
534	200
2	10906
0	10906
0	7836
149	842
0	594
718	243
0	55
643	1009
0	44
3	44
15	88
314	2
25	4
0	4
74	62
2	62
484	0
724	0
0	0
0	0
3600	204
3	14
0	198
0	2329
0	979
4484	2335
756	2
52	0
0	39
0	39
1	40
0	172
324	172
0	171
0	0
16	411
116	390
75	404
94	4
0	276
2	241
58	148
119	4912
0	4911
218	351
0	339
0	345
253	0
0	64
0	64
0	61
0	0
89	0
8	30
1	7
0	34
252	1560
6	150
1	1434
1411	296
45	222
10	292
14	0
0	50
39	83
2407	427
117	428
372	294
0	116
0	42
1	0
0	44
78	44
18	49
0	1
0	49
0	49
0	2
281	44
0	9
22	9
2225	4126
0	4308
0	44
2	401
0	601
0	4556
0	1731
1293	2385
0	2385
245	683
0	308
0	17
8	0
8	76
657	76
327	0
229	0
125	0
0	0
1	0
13792	7
67	56
0	12
0	41
0	41
0	13
59	13
9233	3
3	1203
2512	2713
0	1713
1711	3
0	0
438	0
254	622
39	644
0	641
33473	25921
12	25886
85	0
1522	0
71	1155
16	243
56	3
0	1152
142	112
0	20
0	17
101	0
32	0
4	0
0	218
130	718
0	641
0	0
5	144
719	144
5656	9
3782	5
13	0
0	0
1684	281
806	4
7799	8
0	0
21	232
0	14
135	232
540	0
2354	1606
363	0
4	0
54	1701
5	1701
0	0
11	0
0	9
0	7
0	7
0	6
0	32
3	45
0	45
1381	0
0	0
0	0
1	3672
0	9753
0	9948
3	38
0	119
0	102
9	83
26	130
0	119
91	78
0	78
8	0
395	0
17	695
5	651
0	511
0	8
0	3
5	3
23	0
4171	366
0	365
1352	0
8	0
12	68
1819	1303
2	155
0	1599
11	1657
54	318
67	318
189	0
1906	108
0	108
27	355
0	32
119	82
0	80
33	0
0	0
3	0
558	3
78	0
4	514
110	515
62	68
0	68
52	116
0	116
0	46
319	877
0	864
146	99
12	99
5	3
0	3
0	507
62	799
47	0
0	2
0	1716
0	182
2671	1718
0	0
0	0
0	0
4	8
0	8
304	61
10	75
20	91
0	1
0	0
70	324
0	11
25	96
0	5
0	1
0	328
0	319
0	328
0	328
557	562
0	16
0	16
624	1208
0	1208
0	0
0	0
0	0
0	0
0	0
0	0
0	0
0	0
0	108
0	484
167	529
1	546
0	546
0	659
3	52
3	638
96	47
159	99
0	99
0	84
0	24
116	24
5566	8657
1915	8659
0	25
0	34
0	48
0	35
5	48
0	32
24	32
779	2
1249	5
3	194
3	125
0	146
0	195
238	447
0	268
440	561
2	561
114	1104
0	357
39	1104
89	168
89	168
0	0
0	0
0	0
0	78
205	80
0	2354
42	1635
20	2144
42	6
142	716
30	861
6	268
223	129
2	72
0	81
5	427
46	427
4861	0
57	7
0	7
355	0
0	0
2	7
0	7
6545	2999
14	3043
42	2530
8	0
208	38
0	38
415	14
0	14
0	123
280	2040
0	1610
6	24
350	233
6	233
0	0
35	0
0	2
0	2
6	821
0	235
0	244
0	0
0	0
0	0
152	157
40	157
426	0
786	1
112	0
295	267
3	0
0	10328
0	3506
18681	10908
2	3587
1608	1
0	21
1	17
0	10
64	38
0	15
3	15
84	148
0	148
0	0
0	31
0	31
4979	3
0	0
0	0
0	0
12	16
0	16
0	0
0	0
0	0
598	0
94	176
0	176
3374	1439
0	1233
0	1430
172	284
28	284
168	416
94	416
3	75
0	15
4	2
52	65
23	65
6970	1
0	0
166	184
77	248
2	245
0	324
612	1775
0	628
0	931
91	149
0	149
0	106
12	19
11	19
19	92
0	92
49	0
0	554
2	554
0	554
1417	0
2406	2212
0	336
47	2212
259	0
50970	53
0	62
94	95
6	0
560	0
60	652
0	366
10	160
0	160
0	652
4026	13
151	12336
1	7221
158	9133
0	3170
0	6468
3495	4
6386	819
0	451
0	361
0	0
5	95
2	95
107	1
0	2
2	16
2	16
6613	0
0	1
4	1
229	1
1233	0
66	62
11	0
34	54
13	2773
0	158
0	2906
0	2906
245	197
0	1406
108	1408
3	0
7	0
4	8
2	8
2	2
61	38
0	38
324	202
66	11
867	203
2671	0
0	114
2372	115
186	4
1	21
0	4
0	4
0	0
53	0
1453	7
0	1
231	1
0	56
0	30
32	86
0	0
0	0
1	0
0	0
96	31
27	82
0	82
1161	2107
0	18
306	2107
21	59
0	3
0	17
23	21
38	253
1178	1
2424	1
153	0
23	2
41	916
0	14
0	234
79	511
71	511
213	4
483	2
0	0
0	0
0	5
0	5
0	5
0	0
1966	710
20	321
13	452
0	71
140	71
0	7
203	20
0	13
0	5
0	1
0	21
0	2
0	0
20	28
19	0
0	95
0	87
0	92
0	192
0	76
1475	4407
0	0
0	0
6520	5
0	114
596	235
2	59
14	0
41	28
181	7
13	7
0	28
0	20
1	148
15	22
7	143
25	0
0	0
0	2
0	22
0	0
0	0
0	0
0	0
0	22
0	22
1	0
0	0
0	0
2381	1
0	1125
0	1150
0	1072
0	1199
5	1172
1	1180
0	1121
86	566
60	568
14	568
20	315
2	315
0	212
50	1420
116	1420
330	152
0	93
12	177
9	0
0	0
86	264
0	4
0	52
0	198
0	189
0	197
0	0
0	0
7	0
0	1012
0	126
0	729
93	4159
0	281
40	3966
0	0
0	0
4	274
0	281
0	281
9	0
1	0
1	10
343	10
187	296
0	296
604	0
0	551
0	105
0	581
0	607
1	609
0	47
59	47
0	0
0	0
0	0
0	0
0	0
0	0
0	0
23	11
0	0
0	0
0	7
21	7
182	516
0	516
141	0
1724	1
106	25
0	25
0	59
7	187
0	227
0	183
0	0
0	0
0	0
24	0
0	12
0	205
0	155
0	200
65	257
0	197
0	0
29	0
0	353
308	353
0	30
22	0
3	0
0	250
0	153
0	583
0	177
0	523
40	232
4	204
153	369
1053	1637
4	1615
0	1736
140	133
27	1893
20	1893
0	0
7	36
31	36
276	0
36	361
15	361
0	357
0	925
13	925
89	0
0	75
0	115
6	92
0	180
879	540
0	333
8	278
0	223
36	53
147	343
174	343
616	232
104	506
7	260
0	163
94	0
1219	0
0	0
0	10
0	10
3	16
0	16
24	107
0	41
3	170
390	19
6	19
0	123
0	6
0	1
0	115
0	109
0	123
0	106
232	1
1	1
0	0
4	87
0	215
310	213
0	215
74	303
0	41
48	366
15	284
0	75
997	11501
45	11500
0	0
2125	1855
22	206
370	206
0	3818
0	3776
11152	4322
0	4276
7	3114
0	1834
5	0
0	0
0	150
2	53
426	348
0	248
0	170
3752	147
0	146
344	731
0	731
0	0
30	0
16	136
13	136
328	2
15	0
0	176
5	242
0	174
0	53
0	171
0	180
0	110
0	1969
6	1815
0	1647
24	1836
0	1761
35	1889
6	1966
0	1584
264	147
346	147
135	488
0	488
0	0
0	0
51	34
65	29
2	8
13	8
56	98
1	98
1441	3685
0	3685
0	47
0	1
0	6
0	6
1451	0
0	7
0	7
0	0
106	0
8	365
25	96
0	72
12	369
54	0
366	840
15	8
99	0
9	320
8	41
7	0
6742	2
128	1071
23	1105
27	273
451	273
50	336
0	342
1561	700
4	697
2014	3371
0	3371
0	0
0	0
0	0
0	0
0	160
0	94
0	2
0	78
0	130
0	78
0	0
1	67
1	136
0	0
0	0
151	41
0	222
819	1274
0	1221
0	1274
0	333
1718	549
0	85
58	148
0	148
1042	406
0	406
51	180
170	1967
233	1967
2007	2
44	51
53	51
0	72
0	83
0	19
0	25
352	2890
0	2809
19	556
0	1237
59	34
0	34
38	49
0	49
89	651
90	356
0	462
1	82
8	35
0	5
0	82
1495	3
1271	1
6	139
214	5
0	5
0	0
1	3
6486	1
98	1261
1	124
0	157
9	1256
0	956
3	10
0	96
0	35
0	96
7	77
24	77
1884	0
14	166
0	19
1	561
0	563
156	9
0	9
191	1413
0	29
10	1281
0	0
0	0
10772	11
0	722
0	725
121	93
0	74
3	56
37	884
0	721
0	684
0	747
0	0
12	0
24	607
17	33
9	848
5	871
1609	958
34	810
0	364
634	507
0	507
3332	4
0	300
0	0
0	13
0	128
0	213
40	106
0	106
9	187
125	187
47	81
1	42
8	87
0	26
0	67
0	464
0	6149
0	664
0	6031
252	5994
86	717
0	300
0	5
0	153
0	0
0	0
0	75
0	0
0	0
0	0
0	0
0	0
135	0
222	292
0	292
9	37
0	37
0	37
1098	3520
0	2794
96	729
269	0
0	307
146	310
118	0
0	0
0	942
124	942
3	238
155	238
0	153
0	25
0	25
32	412
36	2
38	412
14	48
902	16
98	16
2	0
0	0
0	0
0	0
3	0
0	8
20	8
2	0
0	0
6	0
377	2
191	365
0	0
0	8
17	97
839	5227
0	123
0	37
9	5357
1	0
0	0
4	0
0	126
0	163
16	274
0	5
0	0
0	271
31	118
0	117
8	630
0	235
20	604
537	106
53	106
49	56
10	42
19	0
24	61
18	1983
17	292
0	1695
5	1461
0	261
20	1413
0	1248
758	0
1	2763
416	2763
0	35
72	156
0	154
28	20
16	20
0	14
17	577
0	246
495	488
0	5
0	5
0	4
295	47
169	321
54	300
0	3214
12	3214
13	35
1	10
0	10
897	1680
10	1680
24	191
5	191
845	0
69	3269
3	177
1	18
0	3279
0	3268
0	3372
44	3135
0	0
15	3
0	3
4	703
2	11
13	12
4	0
0	0
0	1085
1183	1085
0	3
0	19
0	20
0	15
904	242
0	0
0	0
222	692
169	692
12	557
0	653
0	653
192	106
0	106
2	511
4	511
139	408
58	1680
0	565
33	49
16	1817
22	188
0	45
18	1847
5	1806
167	184
0	2
0	132
59	64
0	63
0	45
0	0
4	144
0	168
0	176
84	160
529	0
0	0
0	17
0	17
13	0
0	1112
97	1166
31	2
0	2
6	2
5	7
0	7
271	392
0	83
0	28
66	128
0	128
787	0
770	87
0	81
0	9
79	0
0	0
0	0
1519	1
6	0
12	0
23	31
0	31
1137	3
732	485
0	25
30	892
97	892
761	2
14	0
313	1
182	3
0	3
642	0
23	0
539	1067
0	1067
323	0
2872	119
82	1
0	0
1	41
0	43
0	39
0	2587
66	2507
0	481
0	47
310	792
0	792
0	0
0	0
0	0
0	0
14	12
0	134
0	726
18	759
0	100
0	4
5	717
22	769
0	0
0	0
4601	4
0	5987
1128	7816
10	1893
347	4
0	0
0	4
13	0
0	0
118	0
678	0
3298	484
1429	0
0	0
0	0
0	1
0	1
10	457
129	457
120	224
0	224
28	0
2	683
0	107
0	196
0	302
9	719
0	670
37	125
0	0
0	0
120	0
9	81
4	0
12	16
0	16
30	182
0	26
220	182
1332	0
409	0
67	1311
424	1311
198	327
0	141
0	17274
0	18295
0	19620
337	21938
0	20615
24	15
0	14
0	1
0	0
0	31
9	31
13	0
990	0
0	0
5443	13722
8	13718
3	5824
0	4222
2434	2
1367	105
0	105
67	0
0	0
0	205
0	6
0	119
11	42
1953	2
51	0
2925	2
74	20
524	22
321	0
0	0
1235	0
0	213
5	213
48	9
3	9
16	21
0	21
0	8
100	34
0	26
0	0
794	0
77	95
10	566
198	566
6	0
1	0
74	0
10	0
4617	6
0	17
367	198
0	185
0	174
0	185
0	184
4	3
0	3
7	0
0	0
0	41
805	3296
5267	3315
500	1699
0	1699
6	131
0	12
145	141
117	150
0	0
0	0
0	0
23	26
1804	194
382	20
0	19
3	343
6	343
0	9
2	7
0	4
0	9
1717	0
0	22
0	22
0	1122
344	1123
306	195
0	195
0	0
363	8
267	6458
0	6458
0	4834
11	1387
7174	2224
1	1897
0	324
0	0
0	53
4844	474
0	209
0	124
29	167
0	529
1	51
1212	529
0	0
0	0
0	0
0	0
0	157
11	10
0	10
642	240
6	240
21	84
77	4
22	22
6	93
103	123
0	97
18	98
0	98
104	0
1	76
0	76
1439	0
1	286
0	0
243	0
6	544
0	385
234	545
0	602
0	3730
0	3686
0	3851
0	3481
0	324
9	441
1145	823
0	475
0	91
0	29
0	90
29	74
11	79
0	79
26	49
0	0
0	0
0	0
38	0
251	0
1726	0
0	1
50	364
396	550
0	123
90	439
63	0
0	31
5	9429
0	3530
3	6894
5228	14622
59	12274
0	168
1968	523
0	6
12	6
242	183
0	181
0	96
0	0
14	96
0	149
0	0
0	0
287	0
5	269
0	1048
1039	1316
2090	3
1108	1327
0	518
0	2696
10	2572
0	2615
1	39
1	242
0	158
1	154
0	11
0	11
324	124
1	124
1775	636
129	633
0	140
40	140
26	0
0	0
0	3
0	3
0	3
0	0
3442	110
0	107
1319	0
0	0
9	0
1	0
6	0
120	1
1570	600
62	601
11	545
93	545
0	108
3	576
344	241
0	103
0	241
27	1152
0	384
4	1152
0	25
0	7
30	7
688	495
71	517
0	0
0	0
0	0
144	0
2044	272
0	4
0	268
0	169
0	0
0	0
0	0
0	636
0	0
0	619
0	624
0	607
4	0
2	52
0	52
0	1
0	1
0	1
0	0
4	1175
0	1142
7	70
11	760
0	0
0	628
11	566
1	640
964	1138
3	743
16	54
318	0
357	1945
12	1945
7	58
1	271
0	177
0	133
0	171
0	196
754	2
7033	215
1	123
0	7
0	40
96	435
0	511
71	791
3	42
0	73
0	178
0	162
5	807
0	0
0	0
0	0
0	0
4	30
56	0
0	0
0	0
1	0
0	0
5	0
0	427
0	11
0	28
3	20
0	28
0	423
0	427
0	445
0	281
11	371
86	371
28	584
0	555
0	544
0	78
233	78
3	0
0	0
123	8
42	8
0	8
262	113
1714	1
0	20
1098	1
0	121
0	113
141	510
1	486
5	37
2	37
0	640
1414	640
2	48
0	35
0	48
29	152
0	152
19	3009
0	37
1	2329
43	1150
1741	7175
0	4217
10	3060
17	3664
0	2128
1700	0
331	344
860	344
1950	0
7	674
0	85
0	636
54	661
1669	370
64	370
95	210
15	210
53	226
0	125
0	13
42	27
34	0
1	0
378	697
1	106
220	170
4	179
5	111
681	164
0	164
1	90
1419	2069
52	910
6	726
0	484
855	388
0	1178
38	11
2	11
0	117
24	55
0	373
13	408
94	76
0	67
0	68
47	0
0	0
0	0
346	261
122	530
0	300
42	356
0	86
96	117
2	87
13	97
0	109
14	0
0	41
24	2403
92	2403
32	0
0	96
176	96
0	763
4	1308
2052	1309
0	11
63	52
0	52
0	67
0	32
0	925
14	1560
0	1212
3	43
0	69
9	61
0	103
16	144
442	175
0	175
23	607
0	607
0	600
0	2
0	2
1240	294
0	193
0	201
99	295
0	295
0	1597
1	301
322	2502
0	998
17	6
2264	4
513	16
314	1
914	0
543	0
0	774
406	3051
228	3051
1	0
0	32
0	259
6	259
0	257
100	323
44	322
1	37
7	8
420	231
5	68
0	163
1713	6291
95	3111
0	1279
139	1291
0	741
236	741
0	0
0	0
13	28
0	28
0	26
0	11
0	26
0	26
0	0
147	0
49	0
0	823
0	1651
480	1651
9	0
35	0
617	4733
531	4733
0	31
4	31
0	0
0	97
698	97
74	85
197	85
0	94
3509	94
427	0
0	73
0	118
6	118
47	0
0	334
176	358
3964	5
1074	134
0	134
5	13
13	13
0	1105
933	5502
13	123
4	123
0	13
302	4
976	2274
0	94
0	7
0	2267
1074	629
0	629
518	0
0	4
0	4
0	4
16	4
291	0
4251	5
0	0
4	0
0	35
86	44
0	9
4	676
148	1575
0	1030
100	1522
0	642
0	78
0	85
51	640
1	0
0	0
0	3
0	8
1	8
0	4
0	8
0	4
0	4
3922	704
0	704
110	0
14	0
0	0
0	0
0	824
0	327
0	448
0	130
0	752
0	838
0	0
0	0
3	0
0	795
0	795
6017	7
245	560
458	1310
7059	2
88	1209
0	1209
0	436
0	415
0	420
1017	3578
0	3577
156	3375
0	0
0	0
101	2313
0	182
0	1645
16	2304
2586	168
0	501
20	6339
0	4247
1260	6841
0	137
474	83
0	142
0	1430
229	1978
0	2181
0	2052
4	0
0	0
0	0
2	0
614	397
0	396
0	114
0	312
0	312
0	66
4	54
0	34
724	84
15	341
0	72
19	341
57	0
0	0
0	3142
0	3038
9	3122
0	0
0	51
394	0
338	0
34	0
1370	1653
0	1425
71	526
9	50
0	33
0	234
656	643
67	0
0	7203
0	6941
0	4
16	99
5	99
0	34
0	0
0	34
0	34
0	235
38	252
0	252
16	0
367	619
0	22
30	52
1	186
15	193
1	127
0	0
209	0
0	58
2	34
705	316
4	257
13	51
0	51
0	36
89	36
27	4
0	4
0	948
198	2711
210	2724
0	2744
1	382
0	363
0	5
0	33
9	330
0	92
751	228
0	0
0	3
0	3
599	5157
0	4343
221	420
19	420
43	22
824	1806
4	205
5284	4
284	291
0	291
93	0
3269	1
98	0
0	415
302	597
1	521
1	600
1709	0
620	966
0	1309
0	1362
0	1467
581	0
2	0
0	102
268	205
0	175
0	0
0	0
0	0
6	1
0	1
27	0
0	19
3	19
39	1468
0	1468
0	50
0	50
0	2
0	2
133	35
0	61
1	37
1581	85
176	617
0	86
0	10
602	614
3	1112
313	1159
56	787
0	197
0	200
0	6
25	246
11	246
207	0
49	37
0	37
69	279
0	8
1845	94
0	86
0	9
7	9
0	10
3	0
0	161
30	171
0	106
6	119
0	151
0	159
0	169
0	134
0	0
538	426
0	426
65	6820
0	6820
29	129
146	0
0	0
0	0
2	25
0	25
392	44
40	954
0	156
4	954
210	673
0	285
182	608
486	0
824	0
0	0
4	0
0	331
4	7
22	82
0	60
439	60
0	108
6	108
0	38
6571	6
496	1
1508	2
50	102
73	459
1	459
0	0
0	18
0	18
0	18
56	0
0	43
0	286
0	47
32	275
83	0
94	527
73	37
0	204
0	211
13	874
0	810
48	653
0	648
30	95
0	95
4	104
14	295
13	301
0	311
0	0
1	0
141	191
0	191
20	0
0	0
0	0
0	6
11	6
0	489
0	188
13	321
4	710
31	634
0	280
0	1899
0	263
0	48
31	2877
0	2970
0	0
25	0
2857	1
0	0
0	0
621	131
25	0
2753	1
2	372
0	76
262	109
20	139
0	72
0	160
1	142
175	0
0	12
0	12
0	5
0	12
0	12
2314	2
245	4143
145	4143
0	135
0	2310
1	2405
0	2356
159	2235
294	2
108	816
23	816
0	302
3509	7
74	5684
1543	5683
0	688
88	2
196	0
53	532
9	572
0	548
657	0
0	59
36	59
37	101
0	130
210	188
0	166
1324	0
18542	9571
0	9567
0	496
37	442
0	475
0	442
0	323
0	144
3	1498
0	1412
0	1216
0	1250
0	3
0	3
1911	12562
0	12560
750	307
20	304
0	0
0	0
94	1076
0	1076
0	6281
0	347
0	6117
15	6567
2	5828
0	2060
174	2060
0	947
111	1069
64	1064
977	124
0	124
0	0
8	22
25	1875
2	1202
0	693
1443	1736
149	6
240	0
318	406
1368	0
1452	1
436	392
15	392
441	0
25	831
0	48
35	823
0	855
0	6
0	842
0	993
8	0
2020	0
33	102
0	766
29	709
9	866
1	0
1931	3176
1	3
0	3175
540	456
299	341
744	14
0	14
0	319
3624	322
1743	6
0	6
0	6
18	189
0	189
220	498
1	2628
0	376
60	2890
373	2890
31	5
0	5
0	33
0	0
5	33
7	0
0	214
7	2707
0	642
2102	2715
0	152
6	152
10	114
43	136
1	2039
0	179
2604	3397
0	1848
1215	1
198	0
0	11
0	0
823	72
5	60
996	443
0	437
0	424
147	1
825	0
0	6
0	2
0	0
0	0
0	0
473	694
0	20
38	23
0	15
0	186
34	186
4	0
0	348
2582	31101
0	3175
3810	25531
4	1689
26	6341
15	2
27	0
66	540
0	302
0	26
68	151
0	45
27	0
473	3041
0	71
29	2970
0	2015
1753	2015
138	0
0	51
0	47
58	100
1	136
7	99
1292	1503
299	1500
6	357
0	770
254	710
287	961
0	774
91	1091
2	102
6	1109
98	324
34	324
0	204
0	3
47	204
0	0
0	0
0	14
0	9
0	5
5	20
6	215
2	215
0	199
2071	351
0	348
0	229
69	341
0	598
0	1133
60	1082
0	354
1263	354
0	0
0	0
0	0
0	0
0	201
3	2445
0	3247
23	3251
0	3265
0	50
2	70
0	0
0	0
1	329
0	145
335	2681
14	2769
37	155
0	722
440	722
3	1504
0	738
0	1590
499	5800
0	986
0	2710
4	5798
1845	1
5	0
0	0
22	53
0	0
4	167
42	329
48	414
0	187
2028	3
570	518
0	29
270	29
2	0
4055	7
6	22
0	22
2375	0
3	15387
5	10797
1	13602
1655	26336
2	15511
0	10758
422	0
0	47
138	47
0	0
0	0
0	0
0	0
0	0
0	0
0	6
0	131
1	32
0	108
58	152
3	120
0	239
0	113
0	316
70	170
0	206
557	1360
0	379
0	64
0	18
109	72
9	22
0	12
0	0
0	431
973	431
1348	0
0	0
447	173
0	173
1591	0
83	20
1	20
0	38
10	702
297	702
143	2431
0	877
0	1661
0	854
1077	4
0	175
0	80
9	476
3	561
791	0
429	0
0	13
15	13
468	0
182	279
3	93
0	183
0	46
0	2
123	2
12784	1039
188	474
10	824
0	820
0	614
46	512
317	75
0	15
100	289
25	289
51	86
0	86
0	103
131	103
225	0
0	0
0	0
0	0
0	0
23	126
144	153
0	153
0	292
0	167
202	372
45	90
0	90
0	90
6894	11
112	548
2	71
225	520
61	30
0	15
0	9
0	5
284	0
0	2117
7240	17259
0	1249
0	8219
3	8325
0	8238
0	16235
0	0
10	16
0	16
454	507
0	507
202	2471
0	1943
0	1864
1	81
0	460
53	1779
499	377
1298	0
455	50
0	256
0	0
377	256
4	57
59	135
2	135
250	0
0	126
0	126
0	1
38	72
0	72
0	184
534	1201
33	64
2	0
8	64
2386	2
345	458
1	160
0	428
302	0
303	0
0	0
698	1
0	0
0	0
0	0
0	207
573	1317
0	653
1	666
5	583
18	285
0	285
0	1667
838	6727
0	6634
0	9
3	12
0	12
141	174
0	149
241	1740
0	269
54	1513
0	1509
0	1514
2	1
184	1
1	14
0	1
0	14
0	125
116	356
0	316
13	117
0	65
15	104
643	434
15	109
15	14
0	12
3	3
4	24
8	15
0	28
0	32
276	35
211	235
13	25
0	23
0	207
1581	113
38	113
0	0
3772	6
27	759
7	775
0	1404
1	1455
0	1453
0	860
0	1405
19	327
22	48
173	3794
0	126
37	589
1	0
0	0
0	412
661	412
15	6
13	11
0	162
0	266
414	286
1864	943
73	238
0	238
95	0
141	0
7	124
0	146
0	133
0	124
962	191
72	192
120	4982
1368	4749
5	1442
22	1450
54	199
538	199
63	269
3	148
1386	1405
0	1237
0	1268
0	1263
0	9
0	11
773	2011
0	2011
375	39
0	39
0	898
0	70
0	914
1351	2751
57	24
0	24
0	0
1	0
0	2
7	11
46	804
59	804
550	0
335	0
0	4
154	25
4	21
1	0
0	0
0	0
0	0
0	0
0	0
0	0
0	0
0	0
110	143
0	143
168	0
0	0
0	0
820	1
1824	1
20	46
2	46
10	4
596	29
0	29
545	634
245	254
18	167
17349	36244
171	2423
0	3130
0	35642
5	0
349	0
278	3
252	0
0	76
427	76
90	2103
0	128
0	7
0	2088
96	2005
11	25
101	143
0	167
279	3
145	335
0	2
0	0
151	543
2011	543
0	0
0	0
0	0
0	0
398	1155
408	0
303	526
0	526
69	0
92	657
70	876
0	876
0	77
0	87
40	1036
0	1027
239	5080
23	2146
23	5084
126	0
0	0
0	10
0	10
0	884
1277	1912
5	1887
0	1248
0	1336
0	1304
4361	10
0	1
818	131
0	125
43	26
0	0
0	0
189	202
375	615
0	142
2023	0
0	0
3	158
6	150
1	8
326	94
0	62
0	33
0	0
0	7
16	955
0	592
2	26
2	789
0	1233
611	1233
0	31
139	96
0	51
0	938
0	246
1310	938
0	166
0	186
93	314
274	13
0	3
0	10
494	66
0	66
46	16
0	16
1247	913
0	1013
12	0
916	466
2	11
0	2
0	9
0	0
0	0
0	0
0	0
0	0
1	28
0	168
92	168
314	463
0	26
2	463
0	0
1	22
38	117
0	3
0	155
29	152
0	125
121	320
0	320
426	120
0	89
7	4
1194	0
0	521
0	32
0	233
0	598
69	598
102	735
0	735
369	187
0	0
11	187
5	57
0	64
0	52
0	29
0	16
19	29
13	0
22	0
64	53
0	322
252	736
0	33
7	33
330	0
0	0
23	28
0	7
0	28
0	26
1911	34
0	32
1	1161
0	1031
1191	1
0	0
0	0
0	165
11	165
0	1
0	1
0	604
353	604
2255	0
0	2
69	2
60	238
0	133
0	0
0	0
0	25935
218	27151
0	13705
38	0
8	100
0	100
69	0
25	0
0	7
48	78
0	74
13	0
48	0
0	0
0	0
0	0
0	0
1240	2373
70	2371
77	47
0	43
623	664
0	664
0	67
0	67
177	0
5426	3
885	909
5144	1
530	1
330	1578
0	79
32	0
98	42
83	28
0	28
1393	1850
133	1533
0	1569
116	1577
0	1634
1	1581
0	0
0	0
5	0
4	64
25	60
0	339
1606	342
0	80
0	0
0	0
21	0
191	0
252	79
0	0
3	0
0	0
7080	1755
0	1260
0	244
375	137
0	1
2	3
9	0
243	0
1	220
22	34
0	220
933	380
7	2
1	376
363	1890
0	1791
304	310
0	38
8	18
37	65
73	2009
739	2040
599	1455
0	46
0	1455
1191	655
0	655
455	1252
9	1252
0	1443
313	1443
0	0
261	0
0	4181
5003	22559
4	22525
0	474
69	1371
2	1371
148	1523
1488	1523
6758	5
3391	1
0	0
0	0
0	330
0	209
242	4792
0	275
6	4785
0	21
23	91
765	79
0	0
0	0
1912	0
0	13
61	19
0	19
0	19
0	13
4	0
0	132
0	132
0	0
122	6
0	6
2	46
323	1425
20	1330
93	1546
29	1688
0	1572
0	545
88	312
12	356
98	1276
0	1827
3	0
0	6
0	0
2	0
13	6
8	403
2	384
0	344
0	235
153	388
0	377
30	34
135	3
10	4
0	4
0	3
0	4
0	3
0	20
3	95
0	97
0	0
0	0
236	1
194	3272
23	3272
1082	1
0	47
249	47
371	0
147	326
0	281
0	314
8	40
0	40
8	0
345	0
805	651
3	648
0	0
319	9
0	1
0	7
0	0
758	557
0	498
0	58
0	0
1315	1
11	211
45	211
21	17
30	89
0	89
23	56
683	0
1784	266
17	266
17	3417
128	1951
2324	2081
455	1
125	0
2	1272
0	479
50	1276
3	10
2	17
84	56
18	91
4	19
1	6
0	8
0	79
146	79
4984	3602
0	697
27	3503
4	3457
0	3483
0	33
4	33
2996	2
0	11785
0	5234
69	8883
1705	11785
0	331
0	68
37	668
28	569
3	533
2117	1
0	1
0	1
0	1
0	0
0	0
37	0
334	1073
0	1072
0	0
0	0
0	41
199	41
928	6
31	48
10	80
0	81
0	90
6	90
0	343
9	455
13	455
131	0
0	4272
0	2411
0	2927
2114	5371
300	0
64	20
155	1
0	1
2452	1
0	12
0	12
0	22
0	2
0	22
0	22
10	12
0	1
0	2
0	0
0	12
4761	0
272	643
1	339
0	523
153	896
0	372
0	893
0	0
68	0
0	126
0	122
0	125
2	10
44	18
0	18
2	608
14	507
19	382
10	161
21	149
1031	847
0	817
7	28
206	59
8	47
0	0
0	0
21	0
130	0
28	2
16	2
3	720
0	2
8	788
0	801
1	475
180	0
47	6
0	6
351	0
826	5
5	76
0	3
1011	1381
7	200
2	193
74	1358
0	0
6	0
481	0
46	1911
0	1915
0	1959
118	89
0	89
0	143
0	263
0	210
3	771
33	794
16	60
1983	4
102	312
18875	323
152	0
0	902
36	1013
9	1023
196	174
0	174
0	0
4060	6
198	435
4	25
0	15
49	86
37	129
0	129
9	331
0	11
9	99
0	35
0	64
66	279
0	259
5	286
0	0
0	0
0	0
846	2526
0	2526
81	32
0	0
0	23
0	23
27	0
0	0
0	0
0	652
386	1658
0	1658
1	12
21	12
79	0
687	0
41	528
1563	528
181	182
16	155
16	27
0	17
0	27
0	27
19	64
203	174
0	2
0	0
0	0
1	0
0	0
0	253
7	971
40	1009
0	934
6	896
355	0
0	3
2	0
0	3
0	3
6	8
0	0
0	0
0	0
236	121
0	121
0	0
24	174
0	4
4	174
294	553
0	2009
32	2256
0	2367
37	2374
0	0
25	35
0	35
3	333
0	65
10	96
0	85
0	44
0	327
46	0
871	98
0	96
206	0
0	987
0	1632
90	1138
8	1634
5131	98
0	96
0	484
539	484
1153	493
0	31
20	31
19	0
0	0
0	0
356	0
4	46
0	134
0	140
16	234
30	233
0	0
79	0
4126	0
592	2
88	0
438	1198
0	1198
112	42
0	434
623	861
0	654
161	586
0	586
1073	845
242	166
15	166
119	0
21	10
0	0
0	8
0	3
0	3
0	8
0	1
0	1
0	41
212	236
0	218
12940	4543
263	302
0	302
224	89
0	88
162	0
1566	247
0	107
71	34
0	34
0	0
0	20
0	16
0	13
247	84
0	81
102	62
101	2128
364	2128
558	1
206	0
829	0
976	1
0	0
420	2593
0	2513
0	2316
0	2088
1	2549
0	2316
225	2386
6	2840
1	2493
4	0
0	0
0	0
638	197
0	197
15360	1413
2128	4
281	35
82	374
0	374
0	0
228	144
11	0
2085	2
1	0
55	1522
16	1522
0	1164
49	58
0	10
77	28
0	28
0	0
4970	6
0	0
0	1179
2	9257
224	28792
2	3609
0	9246
4	25396
0	697
667	1557
0	1301
0	1554
13	964
2	236
0	128
1598	945
0	0
2714	2
57	83
1	0
0	0
0	2050
916	2050
0	0
191	0
0	0
6	1135
8	922
245	0
0	161
0	770
25	770
0	0
6	0
984	91
17	89
247	1210
0	135
0	1096
91	268
0	268
232	0
0	68
4	23
0	43
0	11
0	52
19	0
0	263
0	266
253	5105
25	230
0	5105
0	32400
1409	45737
25	21634
22	45
0	36
3646	19
209	260
10	63
0	56
2	66
0	51
2	153
56	275
0	115
0	271
134	404
0	447
0	309
84	52
0	14
0	33
0	8
738	9
0	9
66	439
0	170
0	106
3	410
604	0
0	1092
192	1092
0	0
5	0
0	0
0	10
0	6
0	11
1394	1699
0	1698
0	0
160	272
0	272
6	2
0	266
0	2
3	5
7	41
0	78
14	1509
0	0
9	1509
711	1
9	29
0	29
21	23
0	23
0	21
640	451
0	0
266	335
0	4
44	2
0	335
71	188
10	188
0	2
5	2
0	0
0	0
9	36
0	36
90	114
0	454
0	637
43	171
144	2441
5	2512
0	13
14	47
85	359
1	262
0	7
0	17
0	24
0	22
1	47
0	0
972	933
0	931
0	931
0	931
0	830
0	931
0	0
0	1
0	1
0	1
0	0
234	0
0	32
0	0
0	0
6	640
0	434
2	25
0	155
0	155
503	0
1	0
68	3144
0	2172
46	3144
0	0
104	0
3	492
404	492
109	254
0	254
0	0
1214	1
88	0
565	0
0	315
894	759
13	802
0	0
1	6
0	6
144	265
96	265
724	319
0	318
303	0
0	0
0	0
0	202
0	286
0	191
0	185
0	113
0	1817
0	2194
0	2192
0	2194
0	5
66	1644
7	1639
0	83
108	4889
0	55
106	5159
0	3437
1	71
418	169
0	150
1975	0
125	54
0	24
0	30
9	0
0	244
79	268
1	255
0	0
0	179
0	179
2481	0
0	1087
1636	1094
0	1087
462	0
1707	31377
67	31377
0	132
10	105
343	928
9	823
4	0
0	0
4	142
0	0
0	142
1106	406
23	403
11	74
728	74
0	0
0	242
126	3065
5	216
21	623
5	613
16	525
14	494
16	3027
143	0
200	721
0	721
172	0
16	1310
1	37
317	1307
0	120
5	157
0	576
0	594
0	588
3	598
0	583
0	71
913	509
1771	0
0	0
0	0
0	39
0	41
0	26
0	60
0	82
0	25
96	297
1206	0
11	0
380	40
0	40
594	145
29	145
0	448
53	2414
0	2484
1	0
0	0
0	0
0	0
0	0
0	0
0	0
0	0
0	0
3	133
263	133
0	2
1	2
0	0
0	13
0	0
0	0
0	13
699	4566
0	406
31	4776
1045	1
7	58
13	0
0	108
4	65
109	406
424	0
455	1030
183	236
52	0
602	0
45	127
0	110
0	0
0	0
0	25
0	7
0	0
6	62
8	84
1	43
0	85
0	0
0	0
0	3
365	0
2573	14978
3662	14981
344	0
123	411
743	416
0	21
1479	3
178	0
217	0
9	25
0	0
16	13
0	0
0	0
154	0
4	158
1888	840
13	405
0	677
0	159
1281	0
959	1621
23	23
0	1448
0	1466
1063	157
0	1419
1	1305
157	0
0	0
823	0
4918	2
61	94
0	37
2752	139
0	138
4	0
0	0
0	158
0	373
318	1262
0	1265
782	123
0	122
363	0
487	0
0	4336
10827	16433
3217	1750
0	29
0	15
545	0
214	896
0	220
6	532
0	80
2	282
31	961
5225	4779
14	744
1	4779
27	23
93	7
0	4
0	4
0	0
320	0
0	0
0	0
0	0
2	0
2	7
16	1408
0	0
0	0
5079	97
0	91
886	1102
0	1102
0	220
22	138
907	344
2117	1
1177	1
25	0
0	4
292	279
0	6
115	440
0	135
0	297
12	3
162	193
0	193
0	4
907	0
0	0
483	1
31	0
13784	5
2	55
155	54
0	16
360	289
0	230
744	0
20	86
40	209
362	186
1	3024
105	3024
71	478
0	103
0	72
0	51
6	481
472	95
0	22
604	1
5751	507
21	291
0	732
14	487
6	1592
12	522
13	295
18	520
0	277
2	459
4	13
10	14
7	1672
0	1598
0	1666
0	1640
82	0
101	419
0	4
0	419
0	21
0	5
0	30
18	123
0	2
0	27
102	286
1	287
1	281
8	9306
8	8906
3	7544
0	7463
301	20
1	20
1015	947
68	946
1216	6
0	0
4851	4
34	1
218	1417
379	12
0	2936
0	2646
270	0
7	19
7	19
33	78
228	78
6	661
184	661
1299	1415
59	1958
29	1872
10	29
0	3
3532	2895
4	2895
0	18
0	3
0	18
7151	2006
1	1091
0	1305
6	0
6	14
23	14
10	1
14	1
0	94
23	108
93	14
6	1406
0	2
145	1225
138	1225
129	557
581	557
1730	0
1	58
0	61
30	70
203	78
5	82
0	56
263	2022
26	2022
1213	134
0	5
28	0
41	0
261	0
1	1766
2	1106
11	830
243	1190
22	256
28	0
6	174
0	33
0	169
17	174
5	3
0	0
1118	2
4	0
5	0
0	0
2128	1480
0	4
0	0
0	11
0	11
14	1752
0	1200
1	1159
0	2
0	2
0	2
71	9
0	9
33707	1351
1	1320
0	0
4170	6
45	0
32	0
0	2333
3387	2967
0	2967
37	29
9	29
764	284
0	284
48	0
96	0
0	213
0	98
12	372
36	372
0	83
521	0
87	0
16619	26453
1226	6324
91	22730
3185	2
930	0
1	95
0	106
0	111
3433	486
1	486
9	120
1	120
27	0
26	0
944	1154
42	126
1	32
28	910
0	0
298	169
0	169
0	0
0	0
4	26
25	26
120	8
0	8
0	5
0	5
51	116
0	116
10	96
1474	20981
3	98
7	2078
0	72
0	1532
49	21557
9	0
2	56
23	56
17	1406
0	770
0	796
0	780
0	12
0	12
0	440
0	135
0	114
6	446
152	96
36	43
0	68
0	0
0	0
0	0
0	0
4	0
35	46
45	234
3	234
108	0
2522	1
2784	4
0	0
0	0
23	320
0	50
0	511
0	503
0	0
413	3812
228	3812
0	0
30	27
68	0
0	0
0	0
0	676
2	29
0	164
0	165
58	3402
0	3411
0	3489
101	1689
0	1361
0	2
0	2
0	1
465	0
0	1470
0	876
0	867
0	55
0	828
0	0
0	0
1	12
0	0
0	10
0	0
107	1984
0	178
86	6517
53	6448
26	21
0	2
7	21
2781	2553
0	2553
0	2061
3776	3991
0	3989
446	754
0	388
0	357
41	3214
12	493
0	723
0	271
80	3177
4942	6
26	97
117	1044
0	377
0	274
0	695
0	729
0	13
0	13
0	0
30	18
0	44
0	34
0	44
67	413
138	413
0	27
7	114
0	17
130	132
5	14
3	4
94	48
0	1
0	14
1	291
10	291
622	451
1	10
2	4
7	14
0	3
31	43
122	307
26	307
399	295
2	785
98	2745
0	985
0	2493
0	0
215	348
0	348
1457	1188
87	299
3	231
0	19
168	470
0	56
0	446
0	0
45	0
6	13
0	13
520	121
3	7
4	41
0	86
0	0
0	93
0	0
170	235
3	235
59	2
2	0
1050	0
29	1
0	0
0	0
486	4242
0	73
0	989
17	863
746	5537
0	0
0	0
16	0
2	0
0	0
0	0
17	0
0	0
15	0
17	8
5	0
0	607
872	1282
3	1476
1330	55
0	54
0	0
773	1
28	0
110	139
4	140
76	90
22	197
0	239
62	239
0	0
0	0
0	0
5	0
466	907
0	907
3	13
0	0
0	0
0	202
279	202
22	142
18	142
0	0
0	0
0	0
0	0
0	5
0	5
435	200
13	18
89	4
2	4
0	0
4	42
0	44
55	2650
0	2590
2	1330
0	1344
0	1339
0	2542
0	0
0	0
2	0
3	50
0	133
0	59
27	6799
0	6930
120	627
6	627
0	8
280	0
974	0
0	427
0	417
241	711
0	685
8	714
1	58
0	58
5	0
126	42
4	42
59	2098
0	2098
0	130
0	43
0	1412
125	1412
4	3
0	0
3	3
114	3
0	0
0	0
11317	3
0	2
10	49
2	49
3	33
396	33
0	0
0	0
226	3
67453	17735
3	4076
195	693
0	693
436	0
0	43
0	43
5	43
40	292
1	42
6	179
408	5526
2468	915
2270	4611
0	0
0	0
0	0
0	0
0	0
311	2
14	5
1	5
518	41
0	0
0	0
0	0
0	0
3	38
0	17
633	222
4	92
0	130
0	21
0	21
1	0
1273	486
53	132
13	386
9	24
12	166
27	272
1778	309
52	250
0	250
175	1272
5	1407
0	1077
0	0
0	0
0	0
93	0
462	2337
24	2175
0	2017
0	2098
119	1040
0	428
0	985
354	469
0	106
0	427
0	0
0	0
0	0
0	2
0	0
0	0
4	2
0	0
0	0
32	213
8	177
0	14
0	49
1	177
0	212
0	0
0	0
5091	1706
0	1452
0	1470
0	1647
10	57
0	6
213	511
36	65
0	3
9	90
0	113
44	197
0	196
1	213
0	0
0	40
0	22
3475	1
0	331
0	263
21	331
0	5
0	3
0	5
0	3
0	1225
371	1225
3344	0
0	0
28	255
0	0
0	72
61	234
20	0
135	36
3	36
1030	439
0	439
0	0
0	0
0	0
0	0
0	1
0	254
0	126
1267	2034
0	1907
47	0
0	0
202	5
0	0
24	487
6	336
3	468
85	161
0	161
169	501
63	501
0	0
0	0
0	57
0	236
5	582
0	90
7	188
0	701
0	635
39	123
0	45
223	561
0	4
0	0
485	1
343	514
15	32
21	179
217	693
1017	1
31	16
0	10
0	10
0	0
273	0
18	51
0	47
0	47
0	0
0	0
274	6934
3968	6936
109	2771
0	111
0	8
29	112
0	2771
0	2671
446	664
41	664
0	312
1	2
0	0
2	0
0	0
0	0
5	0
8247	261
0	252
48	4
435	1087
15	4
0	1087
8	164
1442	164
16	0
0	93
0	93
6	0
99	781
4	133
0	1335
0	1343
0	1340
0	1335
0	1337
0	1342
0	207
191	1462
7	1462
2	749
28	29
36	29
0	0
15	1
0	2
0	2
143	204
0	204
5964	0
322	0
0	493
894	1000
0	98
1467	3
233	334
0	334
0	202
0	0
0	0
0	93
43	136
44	136
0	54
2	97
907	99
4742	1297
2	1297
150	4501
0	19
25	4482
632	0
5	513
0	9
0	513
0	1
0	0
0	0
0	0
0	0
0	0
0	0
0	0
0	0
0	0
0	0
0	0
0	0
973	0
0	0
0	0
0	5
0	5
1908	0
334	1611
45	69
0	1
0	0
0	0
0	1
0	1
2827	244
201	0
43	0
508	0
0	12
0	17
0	18
0	18
0	0
393	2
355	149
13	8
0	146
19	28
181	0
0	0
1	0
0	9
0	9
0	9
0	9
0	9
0	9
0	9
0	18
0	18
0	18
0	108
0	1
37	791
0	816
13	805
237	0
24	34
7	34
0	128
0	25
0	473
11	473
0	18
0	17
0	6
10	536
1	536
126	1206
76	327
119	1459
0	0
0	0
12	139
1052	139
0	41
235	309
0	7
0	0
0	0
0	0
0	0
0	0
103	64
0	6
0	41
0	24
1654	0
90	517
0	17
0	304
0	513
53	246
7	246
0	0
67	151
1318	107
23	255
1255	910
68	162
0	162
0	2
457	0
2	0
772	0
3	161
4	171
195	491
286	2740
13	2738
58	97
0	83
0	97
12	97
160	0
69	228
2456	1
0	47
39	47
0	0
0	0
340	0
0	0
0	0
0	0
0	0
41	103
0	2
0	24
0	2
0	2
8	0
40	150
1507	151
5	146
47	146
7	267
643	156
7	156
18	0
0	0
55	13
0	0
4	164
0	136
2	95
0	377
1857	662
0	388
7	499
0	111
0	180
0	376
8	459
0	481
0	0
0	0
2	513
0	228
42	52
34	535
0	52
0	535
28	0
1437	314
0	313
22	74
0	1
282	73
52	5
4	3
203	247
0	151
59	0
35	50
164	50
819	0
0	146
0	42
23	12
0	23
0	23
52	256
2	256
571	202
0	35
11	160
0	31
0	767
3	697
24	0
598	645
0	642
550	1
0	0
96	0
8	0
0	0
1	192
30	467
0	0
102	3
491	161
0	161
1427	1374
0	1374
4	7
0	7
0	0
531	652
2	652
0	194
0	0
5068	2
3	0
0	0
43	262
0	223
0	25
148	528
3	59
50	799
8	836
0	582
1989	177
2456	0
1752	1
0	0
0	0
1	63
0	1
521	1348
0	1253
0	32
72	0
199	487
0	434
0	431
0	425
0	441
152	778
6	6
0	0
0	49
56	49
1088	334
0	0
75	139
0	95
0	95
27	126
0	112
962	0
5	570
8	2019
78	2019
459	0
94	104
9	105
0	75
76	457
0	108
646	457
202	47
0	0
0	0
1058	2
0	24
1	51
7	8
0	1195
10	5130
0	1607
309	5382
600	0
199	447
25	2116
5	2083
57	124
0	52
3	3240
3353	3244
0	1044
61	1044
0	0
0	0
0	0
0	2
16	2
19	0
30	214
1	15
5	115
0	123
0	91
0	0
0	3
5	130
0	20
1	14
7	212
187	270
0	14
0	68
0	15
2	9
92	262
334	10100
22	19
29	6078
1	6072
16	173
0	173
114	781
6	781
0	151
0	5
656	5
1303	1
0	2
0	2
10146	20633
8	8301
5	5478
0	7440
2	11013
117	12879
4829	81940
0	10666
1	13039
42	81938
43	174
0	216
19	0
5	0
79	10175
306	10111
1803	3
71	517
0	515
0	504
17	87
0	76
59	804
45	168
0	147
67	599
25	210
63	599
1262	605
0	605
0	19
17	19
487	150
0	150
5406	7457
0	6771
0	7126
118	10149
121	0
0	4
4460	3
0	0
10803	3096
1	3079
0	8
29	8
120	1917
0	330
1	1980
3139	399
0	396
14	1
195	4926
0	4502
0	726
12	71
0	0
2	71
161	298
0	0
0	0
52	104
0	34
0	260
3	122
2	130
106	1122
0	376
7	1100
0	0
7	3
0	22
2	21
0	21
0	1
0	4
0	20
2573	1
0	318
0	318
282	10
0	10
13	75
0	145
73	98
0	4
1555	92
61	191
27	283
233	1
127	265
0	136
2	274
3	272
52	221
0	9
341	10
54	25
0	25
0	32
0	32
318	2806
0	2806
789	4
462	68
0	68
0	0
18	102
3	102
315	0
0	0
0	32
2	32
0	23
0	42
240	42
4634	11
120	382
0	258
0	291
2145	2617
0	2610
3	1409
0	937
142	862
0	864
0	0
19	177
0	2466
0	777
0	2500
27	2533
644	86
0	59
3	63
73	2265
0	2265
230	0
0	0
183	1
0	0
1	46
4	46
0	38
2	0
64	560
0	560
32	299
122	842
3	842
388	0
0	0
0	0
8	94
208	140
0	133
8	117
659	117
0	0
5	15
248	2804
12	2804
0	47
3	1384
25	321
0	1721
0	1678
0	0
0	833
2	362
23	101
0	1925
0	1809
67	1632
240	0
0	0
0	5
0	5
5174	1654
0	1651
9	294
662	2839
91	5813
0	1544
2	113
0	3450
0	5423
17833	15567
0	15557
7	4
0	504
34	504
6	31
0	31
0	31
0	274
0	291
22	15
25	291
283	1
14	69
1	69
47	337
0	335
1	336
0	332
0	1064
17426	1077
2	34
4	44
3	47
26	0
2	10
5	10
128	0
84	573
32	61
813	1666
15	1666
52	181
0	0
167	1562
0	1540
0	1353
0	1437
1	1218
1	1218
1309	2
1757	1501
49	1501
793	0
358	206
0	0
121	171
5	171
36	184
108	199
105	19
0	20
172	20
0	0
54	0
3	56
0	1025
0	1256
59	3177
2	3123
2436	18722
0	12000
6	7615
0	18468
0	1
0	0
3	17
21	20
0	80
0	65
0	23
41	23
0	0
249	0
0	0
370	729
0	36
35	693
9	92
24	92
402	2347
3	36
0	498
256	2316
21	239
4	233
3	113
1	82
0	89
18	40
0	0
2	0
0	0
0	141
41	772
13	498
18	934
3	510
6	186
0	237
0	830
0	0
0	0
9	0
315	0
90	0
0	244
0	335
109	353
1	193
3	0
99	367
0	367
321	983
20	95
12	95
41	15
704	343
57	442
73	442
69	53
8	51
102	1069
123	1069
943	521
491	0
0	50
0	50
0	34
0	50
0	50
17	50
384	0
0	0
0	0
0	0
0	0
0	0
16	431
1266	1399
33	463
10825	12
0	11
0	11
319	224
1	21
11	203
0	8
0	2
0	8
15	7113
21734	10193
0	1
15	0
0	7
6	7
0	29
0	41
0	41
0	42
104	6
54	363
0	572
0	1029
46	3753
12	3438
0	2851
127	0
0	305
1539	2336
467	2333
0	0
0	1
1392	0
148	4812
17	541
224	4812
50	140
0	17
0	34
0	140
109	104
8	104
1330	3
319	1800
299	1801
13	7
0	0
226	0
0	307
123	3864
1	3860
0	2811
543	0
17	0
1136	589
54	589
1	153
23	0
196	0
945	20
28	19
196	465
0	168
81	168
81	26
34	26
0	0
158	120
0	136
0	28
14	28
0	4
0	6
35	13
0	7
26	453
9	453
0	175
0	147
27	0
1439	1
8	0
26	1527
26	1528
0	856
0	0
0	0
0	423
3256	1253
0	1240
0	1250
0	522
0	198
0	7
0	379
8	576
0	605
354	0
12	0
1	0
8377	1180
0	1174
511	1739
12	1740
52	124
0	27
56	729
7	729
2696	1
411	175
0	175
0	0
4	24
0	1
0	1
0	60
150	91
0	0
0	0
231	0
0	0
0	0
0	98
0	90
529	188
0	0
7	170
7	7
1183	2749
0	5
0	5
0	0
4147	5
12532	10
1440	355
0	133
3001	3075
0	382
0	245
0	3037
29	3272
3657	4
339	2
765	0
0	55
33	6
0	107
3	108
0	169
411	169
0	89
57	1435
18	1430
2633	312
0	307
8	751
0	7
0	7
0	0
0	0
0	166
186	166
0	38
42	40
153	0
43	0
17	0
8	169
3	26
975	284
0	115
4	0
37	271
0	99
0	316
5490	2518
0	656
204	656
133	21
1294	1499
0	1497
33	438
0	81
0	287
5	373
2464	2358
0	99
0	12
0	2386
10057	3
108	794
63	794
0	457
911	244
0	192
1928	8051
505	8145
0	1259
0	18
4	273
67	13
2	7
0	13
0	303
0	211
22	303
513	5172
632	5285
101	781
0	34
5	781
0	0
0	0
0	748
791	1693
2	1598
29	1233
12	0
0	0
0	101
0	199
64	426
3	423
3	79
190	79
1	30
43	30
0	30
3137	186
0	186
0	0
0	0
0	0
0	4
0	4
52	45
0	40
15	9
0	433
0	264
0	640
0	1026
28	3387
6	745
0	745
0	745
64	2663
2204	5829
2	5829
179	1
250	0
0	1653
305	1653
5	256
0	386
0	394
2	433
0	35
11	405
3536	814
0	301
0	508
219	0
5	0
186	18616
3918	13573
0	10748
7	17924
454	18418
0	22954
0	0
13	0
278	88
0	90
120	146
0	112
522	390
957	0
2223	0
50	895
0	1404
2	1404
0	20
0	12
0	14
0	729
1	729
3	79
14	727
179	335
40	32
21	120
46	684
41	684
0	18
0	18
13	16
0	0
32	0
0	0
1589	0
10	471
0	52
33	60
0	76
0	51
3	110
0	0
0	0
6	14
701	321
91	242
4	107
0	127
0	95
0	175
420	0
498	0
112	996
6	1018
0	0
34	0
22	0
0	0
0	197
0	197
0	156
6	204
0	122
529	264
0	155
3	137
11	3
0	1
0	0
0	0
928	1068
0	302
14	2
0	1
53	49
0	15
2	0
790	1975
0	1419
0	366
130	232
0	1652
100	0
0	3
31	3
2836	1571
2	684
14	112
7	145
0	1392
0	1395
25	1636
21	209
0	209
947	840
0	839
122	49
3	49
1365	4
0	0
0	0
7	0
126	248
536	447
24	155
0	55
0	44
0	445
709	403
0	403
3884	15
7	27
494	478
1	478
3	0
4110	3596
209	3593
0	0
0	0
0	701
35	3272
0	916
0	2213
0	2854
9	19
3557	1482
0	1258
3	105
0	78
5	54
0	108
0	74
0	618
62	918
363	823
0	0
0	0
0	0
119	0
64	0
22	62
0	62
1173	0
855	4721
227	2086
217	5760
49	8
39	449
12	441
5	16
2	5
1586	823
19	1021
8	0
52	540
53	614
0	0
0	9
0	25
3643	27
9	0
0	0
0	2
0	2
23	22
0	0
0	0
0	6
1	6
8	0
8	435
1	218
0	18
0	105
0	332
555	17197
56	422
1388	0
161	92
105	0
0	2106
3	63
1	1436
4	0
142	89
73	89
92	2256
59	1355
4	129
2811	3034
3	1343
0	3029
0	159
106	118
2094	281
0	4
6	111
133	74
0	69
0	2808
0	3279
25	5866
0	3597
47	892
0	6284
2	58
32	58
0	2656
53	18071
0	352
4880	3802
0	860
33	4092
2	3429
2	63
0	63
0	13
10	13
241	22
0	22
0	0
43	945
0	524
0	500
0	423
12	0
0	222
0	435
0	99
906	606
34	3
0	0
121	724
3	186
1023	1279
0	0
0	0
0	0
0	0
0	5
0	5
508	0
0	1122
244	1122
244	142
0	140
0	142
83	0
30	0
10	0
4	0
538	436
0	85
0	71
0	0
0	0
6	370
4	488
27	480
670	0
38	72
0	68
48	471
491	1492
434	1564
14	9
5	1232
0	2
9	1256
4	1256
409	179
540	441
0	114
27	232
241	0
4	241
0	241
446	0
0	0
13	2
41	5664
70	6026
26	11
0	24
1	107
4	26
560	282
47	107
0	42
202	0
667	302
364	765
45	7
7	760
8	52
9	1372
0	418
12	160
0	1275
3	3985
11	1384
0	3985
638	383
4	383
1031	16964
220	333
0	333
3325	560
4	4
0	119
0	21
6	591
62	2851
0	476
1084	4
3	42
0	26
1	13
2	37
212	0
0	0
4	13
6	40
0	123
454	305
2	170
269	111
0	6716
23107	6740
0	0
169	0
435	3040
0	7
0	0
0	7
389	0
0	0
39	17372
0	17289
295	16444
344	1654
0	2451
0	2542
0	234
3875	3155
0	1832
0	2451
1	3830
0	0
0	0
2	14
0	14
0	5
0	5
3	3
0	3
0	2
4262	0
690	955
12	955
2	0
242	28
0	0
0	0
65	0
0	0
0	4
0	4
118	2202
157	2202
0	0
0	0
0	0
0	0
0	0
3	0
13	0
26	2257
3179	2258
150	130
188	0
134	1219
0	236
3	788
0	536
0	734
7	788
0	1223
0	1256
147	7615
10502	7630
0	0
0	0
111	16290
0	424
149	430
168	115
0	115
0	3
5	19
0	16
20	112
3	112
0	112
0	112
1794	1404
139	0
0	872
172	872
1	17863
67	17827
0	85
18	85
0	203
1866	1891
0	2245
17	1822
48	2261
0	1974
30	2680
1	2783
0	0
161	0
0	19
0	83
26	117
0	94
349	363
0	363
1	4
0	4
7	1371
0	203
0	1238
0	1073
0	1092
885	15297
0	15297
38	130
0	59
0	130
73	0
0	0
71	0
0	2540
147	16977
103	1895
8	18855
40	12
3	12
0	0
0	0
166	0
0	0
0	0
0	0
0	0
580	0
0	0
7	0
0	178
2	344
678	2638
0	7
0	2632
0	2632
105	84
52	4178
298	4262
0	2
124	116
0	114
0	0
3	18
0	9
215	16272
0	15
44	15
0	0
0	0
0	1109
0	31
16	126
11	108
250	1109
0	1086
24	1091
0	742
0	742
115	450
0	450
65	6
54	19810
19	19810
0	2
0	2
0	2
60	2707
0	2708
0	2580
665	0
0	19
0	35
0	12
74	56
1341	8111
3	8110
3635	251
0	247
10	12
0	12
0	10
48	10
0	0
0	10
257	0
26	19082
1	19050
0	625
0	139
2	360
21	487
181	758
0	77
35	7
6	7
99	250
0	250
1524	1524
0	1524
53	41
0	41
9	6
293	16286
1	7
2496	1167
0	13
0	1167
168	19096
18	0
14	0
6	51
70	89
0	89
0	262
0	98
478	493
0	324
41	0
205	2471
136	424
13	424
0	7
4	105
69	99
1837	40
75	40
1043	3
563	542
173	537
235	148
293	0
173	300
0	242
4	103
113	156
13566	3
7322	4112
183	4106
0	167
0	32
171	900
0	875
236	529
0	529
0	22
14	24
0	23
3	4
29	640
114	637
0	1
5	15
0	1
0	15
0	16288
54	783
0	475
0	348
0	336
19	547
0	470
1	473
240	4672
0	163
4	4672
29	5
0	3
0	0
0	0
0	0
0	3
126	394
3	2496
12	16310
0	2798
711	2799
1	214
11	206
20	209
2347	1
0	3
0	3
1004	1023
0	1023
0	0
1388	1131
0	1131
25	53
0	53
629	0
0	183
18	183
11	1205
0	65
0	133
1	1134
17	1218
411	8
113	2155
6	1818
10	0
42	0
3	8227
0	5782
223	8502
0	5287
93	0
2	23
3	23
13	36
30	318
2	216
0	151
0	102
0	392
0	176
6	1155
104	1184
0	178
8	0
0	0
0	0
0	4
0	4
2300	437
37	37
9	16
0	0
0	15
572	88
1	88
3	15
0	49
12	71
3	22
0	49
0	212
0	567
13	567
227	357
0	357
0	135
273	135
21	451
0	451
5	0
26	94
0	1
97	227
32	3382
0	36
14	3415
0	293
150	325
29	535
0	466
12	362
25	541
2	377
2	534
0	422
5	209
0	101
0	27
0	10
101	216
0	0
0	0
213	186
0	183
8	0
509	4085
1	721
0	318
12	4279
0	76
847	1211
0	1211
0	109
1490	189
0	183
0	4
0	0
1	0
1407	1336
3	82
4	1335
2	1298
0	142
3	22
0	39
5	68
11	32
516	285
0	478
0	69
300	478
0	309
0	360
24	2277
26	1688
88	1719
41	0
0	0
0	0
609	181
0	111
1701	111
139	2
3	0
5521	1
12	0
1046	615
2335	3
0	0
0	4
1	4
0	4
6	40
22	401
0	69
0	42
55	367
0	200
1909	0
0	14
22	14
89	12
0	12
0	65
1	84
0	125
0	112
193	0
281	87
0	106
12	122
1429	1017
0	1017
0	190
5612	256
378	74
0	74
9801	349
0	338
35	490
3	490
0	139
533	1110
24	1110
230	1260
0	987
0	40
0	795
0	561
6	147
0	125
0	121
6	85
0	66
0	2
0	818
0	0
830	115
40	262
10	508
0	1327
0	1327
0	0
0	632
2	401
226	731
0	1891
0	1618
18	1963
419	91
15	91
989	189
2	189
4	536
1	178
2	366
2	1119
6	1205
0	1434
104	529
264	529
0	4
0	71
0	71
1	0
0	0
3825	848
0	455
0	65
106	249
302	769
7	224
0	185
32	224
1141	129
681	0
0	0
0	0
138	120
0	120
3872	779
2	775
0	341
538	306
23	391
822	328
106	0
128	319
8	319
4	0
0	0
0	0
0	8
7	8
0	69
1130	69
11810	10
149	194
0	194
300	0
108	462
354	463
6738	823
0	818
0	0
0	0
0	0
216	158
299	308
0	308
444	880
85	362
314	2167
0	1881
0	1277
0	2067
0	1785
82	0
105	0
0	0
34	0
4283	0
237	647
0	647
41	0
503	2073
38	2073
0	205
743	205
0	83
773	1388
0	1388
0	5024
0	617
7243	5701
0	590
4	108
0	108
0	17
36	17
0	1
69	1
44	20
0	20
0	0
0	0
21	3
0	3
8	0
0	107
0	109
0	109
0	4
0	4
38	0
248	216
0	216
1304	262
2	134
0	251
0	46
76	486
5	486
801	907
4	184
4	6
0	0
0	5
0	1
0	0
0	1
0	1
0	6
1	179
0	53
0	27
0	190
0	150
7	185
0	49
0	5
13	311
111	53
0	53
1457	405
9	13
3	13
4675	308
0	1
1	1
428	34
0	31
336	0
42	363
4	351
263	76
0	76
0	825
123	826
1	373
0	113
0	114
9	0
0	0
1039	3029
0	3189
0	2180
0	23
0	12
0	23
3	26
0	26
110	3
1	99
0	5
0	125
0	57
0	69
171	69
33	52
7	55
63	0
11	11
853	280
2127	0
1661	432
42	432
3	18
27	18
600	0
1109	0
5	236
57	400
0	9
191	0
37	8
1624	2117
2	549
0	1163
9	1970
0	0
0	0
1814	1
0	19
17	336
32	355
0	0
27	0
0	7
0	0
34	7
0	10
0	30
0	30
910	0
1207	77
0	74
248	0
459	0
0	19
2	53
61	62
78	0
0	12
12	17
0	12
0	5
0	0
83	245
135	0
0	0
0	0
0	0
0	0
223	74
958	1
396	0
0	2
0	6
0	3
0	11
0	9
0	4
0	9
0	6
0	0
0	0
0	151
420	996
0	996
0	124
6	0
0	0
0	1
0	1
18	652
17	514
0	627
10	6
3	6
47	212
0	27
99	147
0	279
1054	397
0	61
818	1448
1	1073
8	272
0	67
73	1078
8	3
8	450
191	452
129	0
334	0
9	149
43	149
1685	583
0	14
51	14
568	372
3	372
54	26
0	26
10	1089
3305	1281
0	1211
1048	506
224	357
0	358
0	254
314	254
275	3023
45	2797
67	0
0	31
5	31
0	0
0	69
9	443
146	443
102	215
0	158
0	36
45	36
17	0
0	174
7644	5016
0	5015
0	129
0	196
5	196
0	173
1256	1
389	0
284	746
0	746
6	3
0	3
1	5
6	5
0	0
0	5
22	118
10	118
0	0
0	0
23	251
4	251
2134	1131
0	2897
53	265
124	2476
150	767
0	216
13	767
608	30
0	30
0	674
164	674
2523	1
0	10
23	10
0	1351
0	1371
0	1404
5190	194
2	193
2	378
4	378
12	813
6	115
0	316
474	2138
0	585
0	1368
0	31
75	31
1533	600
13	43
0	35
0	47
3	43
466	0
111	1026
121	1026
67	0
92	836
65	836
96	58
0	403
366	405
10	5
0	5
22	109
0	113
1	143
0	173
0	199
26	199
0	131
0	163
36	7
0	7
62	2213
0	0
0	379
0	395
0	86
70	409
445	1528
2107	1888
235	1888
18	44
534	940
0	844
0	196
0	226
2735	1244
579	1244
0	17
18931	6
99	0
84	1091
0	1122
72	597
0	0
888	0
57	23
0	2926
834	3058
15	1785
436	16833
246	16832
839	0
444	96
1	3
0	96
8	0
1438	0
337	1437
36	1436
6	182
0	309
0	297
15	183
0	300
0	288
0	300
0	312
0	9
183	874
0	1019
0	1028
17	960
0	0
0	0
0	0
8	0
22	0
7	0
0	0
0	0
0	0
0	0
0	0
5	1
0	0
2	1
124	0
0	0
4	22
0	25
266	0
0	0
51	2
0	2
27780	46
0	34
2616	1686
0	1686
3	1686
1238	1
15	292
0	292
5	212
25	167
538	254
801	44
16	228
0	39
19	274
3	35
0	17
0	17
63	148
0	219
1	39
0	39
0	38
0	496
0	272
0	271
0	23
6	499
0	508
0	508
33	512
0	514
0	492
0	508
1616	50
15	46
0	1271
67	1383
35	827
21	117
0	40
1	117
0	142
7	290
0	830
0	375
270	831
0	1
115	174
0	0
1	169
0	174
38	3676
0	558
0	485
2	3581
114	0
0	7
171	437
0	399
28	437
6771	3
102	2233
2	2233
65	30
51	30
310	27
64	27
305	428
0	428
864	0
0	0
1541	24
215	23
0	5
30	10
81	13
688	48
0	48
1761	0
0	23
264	377
2	259
3094	0
2078	3
503	14
265	0
0	0
0	0
0	59
13	264
0	1
0	63
3	216
21	0
0	254
2819	4616
0	4602
7535	3
195	680
0	680
154	314
75	127
501	1088
9	79
3575	6723
395	6001
2	5474
21	3
0	2
0	0
352	2
0	0
143	5330
857	16
172	1011
16	4539
66	899
71	2775
2324	12381
0	4369
0	8009
0	2
0	2
0	2
0	7
3214	956
0	905
9	9
0	25
0	214
97	344
1638	0
0	948
234	1244
536	0
0	3
117	162
24	59
36	545
0	41
0	545
66	0
55	40
521	663
0	663
159	47
181	0
0	33
15	33
841	529
0	529
35	803
0	792
577	680
12	50
20	685
0	36
0	5
3	44
872	0
0	1122
982	1127
6255	1832
12	1920
127	123
0	0
0	5
0	86
0	86
0	148
100	987
9	985
0	0
0	0
300	328
17	327
344	941
0	0
0	373
0	795
10	112
0	112
21	1610
2	850
0	848
0	820
0	853
0	855
1	841
0	367
86	366
0	178
195	178
507	9137
4272	10929
32	4532
155	0
51	477
2	477
0	0
137	0
0	0
93	69
15	69
0	0
0	770
0	750
33	2
0	2
26	8
27	34
0	107
99	107
308	600
0	8
10	24
63	24
34	52
108	0
1	1294
0	0
2915	7233
108	0
29	85
907	85
0	1
46	26
30	26
1	650
0	491
0	531
149	300
577	298
90	52
0	52
89	19
0	19
523	1
3	1
0	5
0	0
0	5
0	0
0	61
1315	175
0	173
856	0
57	107
0	107
664	573
0	573
766	14
4	10
16	1597
0	1
0	0
0	1480
386	1603
6	1603
0	3060
0	261
0	292
29	4872
1262	4942
203	0
1	28
21	42
0	32
0	121
0	77
0	121
1613	437
0	437
105	283
0	0
464	163
0	163
23	109
164	190
0	3
0	14
2	197
1	195
0	164
166	239
2	37
0	204
62	581
297	581
3725	691
0	0
0	7
0	7
0	0
150	966
19	966
10	141
1479	597
49	128
53	314
703	0
16	27
7	27
0	1
0	0
0	4374
20	4374
636	1
1168	1
1372	2
656	0
6	23
0	24
0	0
968	0
0	8
83	8
1935	0
3496	183
0	181
719	408
1798	2
0	8
0	3
16	68
0	68
0	0
0	0
66	0
8	0
0	6
0	6
0	6
0	0
0	0
81	9
5	9
0	5
0	749
0	170
3	0
23	750
0	132
0	604
11	5
0	5
5339	2733
1577	2729
1	2166
72	2146
868	0
40	4
0	4
1353	662
130	660
2	159
265	159
1522	335
0	329
0	316
23	90
0	0
0	23
5	228
10	224
0	222
23	16
21	24
0	24
121	56
0	155
203	345
6017	562
639	169
10	53
0	116
64	5
0	5
45	0
502	3816
1619	1472
167	3707
0	2278
0	170
0	274
1	392
9	166
0	179
0	2280
0	2156
3	2273
0	2158
29	73
13	12
0	0
511	1273
8	1273
0	0
4	8
17	68
0	68
873	1636
0	1636
3	1592
10	635
70	691
6	201
0	210
0	0
0	0
0	1
0	0
0	0
167	1394
839	1521
28	27
11	1512
587	1
541	5879
0	474
0	282
0	5978
2	527
0	17
2743	1108
0	1096
11429	1871
5	1320
0	11
0	6
19	339
0	220
1179	1216
45	896
0	20
0	16
72	372
27	1686
313	1408
117	1432
313	32
0	32
382	610
1	113
32	150
0	375
0	0
0	107
46	107
0	8
0	3
0	0
408	32394
21729	32405
1201	1148
0	299
0	430
138	88
0	5177
0	494
0	502
159	4961
48	5071
1	5282
1039	1
0	11
0	6
111	0
4	0
0	0
0	0
0	0
0	0
329	60
0	60
109	0
1	0
1	81
0	645
719	784
222	784
0	550
0	0
0	0
0	0
0	3
0	8
81	116
48	118
0	2
347	0
7	6
271	1361
22	10
0	10
0	11
0	6
0	0
1	0
51	78
1274	2
1400	646
641	1
228	0
67	133
0	159
1101	569
6	566
0	31
4	67
0	66
56	104
1671	3391
173	1092
0	3391
0	0
4	0
0	1285
5496	2480
0	1620
26	2968
1531	1228
0	55
0	436
27	1228
358	0
185	2
202	566
2	566
0	0
0	0
0	0
0	0
637	191
0	158
0	161
0	80
578	159
17	79
207	0
0	4
0	0
0	3
0	4
0	10
0	10
6	221
232	224
13	87
4	1
0	223
0	0
194	0
21	146
0	146
12	0
26	125
54	125
279	56
0	56
3	0
260	3575
18	2689
33	2724
10	3346
670	0
0	0
0	0
3	68
0	68
3	17
22	17
49	0
43	0
10	36
0	59
0	55
0	26
648	26
0	50
0	1
192	0
7	143
24	143
352	11
1	403
5	1023
3	331
107	959
0	324
0	300
5	858
0	0
0	0
232	18
0	18
0	42
0	198
0	81
0	17
475	306
0	0
8164	0
2	782
2604	825
4	825
549	420
0	420
31	2
0	2
3068	1067
3	1065
1	436
1520	1
288	849
0	908
0	930
8161	64150
0	64146
0	0
0	4
0	7
5	11
4	0
0	0
0	0
0	0
54	86
0	17
68	20
94	70
187	1216
10	8
0	0
0	0
0	8
0	0
0	0
0	4
0	21
0	0
96	25
6	454
2	75
0	452
51	48
1598	3
37	138
518	139
0	36
145	66
0	66
0	458
0	391
17	2392
2	149
452	2393
0	26
48	72
20	211
4	0
0	0
4	0
167	754
11	754
0	7
0	4
0	4
4	25
0	25
3	105
0	106
4	106
2983	0
0	1191
472	1191
11	0
0	6
49	488
53	539
0	2
0	2
0	51
8	66
625	73
1	72
143	565
281	565
263	3716
126	3716
8	0
21	0
5	0
0	4
0	4
0	4
0	0
0	4
0	4
0	0
26	141
272	1010
0	772
1467	0
0	302
2036	303
0	5
28	5
12	287
5	287
5	12
0	2
0	12
14	8
288	123
956	1161
0	440
10	423
0	1160
1	7
0	12
7	9
27	691
0	594
6	436
1	412
3	345
0	338
0	595
41	714
0	527
3	397
14	1301
0	1431
0	0
0	4
0	7
0	0
0	7
0	7
54	63
0	63
56	24
131	0
468	1571
8	1571
0	0
510	0
0	0
0	0
0	0
0	0
153	111
0	43
6	0
0	275
326	1496
1029	851
50	30
0	30
0	91
2165	96
1166	3
0	0
6	0
1041	2
0	0
212	0
3	313
0	13
638	0
912	1
9	12
0	12
4	344
1214	534
77	496
0	200
0	3
0	652
2790	3329
3626	1429
0	1427
705	0
609	1
0	0
1550	3
0	55
208	55
1	2
46	3
290	3
35	0
342	510
267	510
445	0
0	4111
2648	4059
0	2124
5	1956
0	1903
0	410
0	233
0	195
0	405
83	334
267	334
0	2
4	138
0	179
1	185
0	185
616	0
8	65
0	4
66	0
70	261
2	211
20	252
0	49
0	0
0	0
1379	1
106	0
3	12
0	12
5190	1829
0	1800
0	1691
0	1762
0	1790
0	117
0	43
0	19
22	171
305	1112
0	1112
0	69
5	57
0	36
44	74
35	22
0	22
0	0
0	0
0	0
22	49
0	1
37	52
370	537
30	1500
0	1787
0	1473
0	1246
112	7576
423	8253
0	7810
127	7432
8	0
8	123
237	348
0	348
0	82
0	84
0	26
30	26
42	15
0	0
2	3
3	49
0	475
0	88
0	61
60	751
0	313
0	499
5	231
19	188
0	227
0	1449
2914	1452
40	0
1235	830
849	1732
0	1
0	23
0	58
0	8
0	51
0	54
0	53
82	275
15	161
165	275
0	0
5	9
0	27
0	27
171	334
1074	918
0	915
41	0
0	0
0	0
84	30
154	84
0	89
0	273
0	34
0	273
27	1059
7	242
143	20
0	2
0	18
158	11498
5	11498
0	856
985	1356
0	1351
0	1072
933	1085
12165	3
7	0
347	3838
2	4403
7326	4140
398	0
0	3
1	3
427	0
94	1233
2	1233
102	47
1637	2
3	2157
0	781
2	167
0	1220
929	2836
0	1357
0	2953
0	75104
157	81474
0	80627
1820	19050
2	0
0	41
0	0
0	64
0	109
1	109
0	80
8	0
51998	4122
0	4091
0	3023
0	0
1	0
28	165
9	165
4	12
0	12
266	45
0	45
186	0
261	13095
0	10508
1	4544
4	10678
6	10313
461	302
158	315
0	303
87	5737
0	1427
17	4024
137	3108
113	1076
2	275
0	344
0	1095
86	0
0	2
0	2
0	2
0	1
1	67
0	37
18	102
3	100
0	77
0	92
0	25
0	0
222	0
281	172
0	172
27	36
0	36
8	157
75	157
0	93
155	525
0	93
0	0
711	2
0	554
0	111
0	595
365	796
12	47
915	0
0	576
436	565
1938	474
1636	315
0	312
4	0
0	0
0	13
0	13
0	13
2077	0
2147	320
0	4
1571	5730
99	0
0	0
0	0
0	0
0	0
96	107
0	107
74	61
0	61
31	15
1	17
28	19
9	3
14	0
2982	5619
44	484
4	39
68	39
10	1737
98	1737
208	53
1	53
0	0
2	0
8	544
114	606
607	119
75	0
0	30
0	31
0	31
7	0
0	0
0	0
83	30
0	30
0	0
63	69
1529	225
54	221
3	4
539	238
0	237
7692	1837
24	759
0	37
0	551
0	611
0	356
559	2233
0	928
23	46
0	0
4628	2
563	891
0	890
881	0
0	5
0	5
0	520
22	150
1558	541
0	0
0	0
0	3
11	2833
123	6215
73	3665
7703	5563
0	5828
711	2853
79	1573
45	38
0	2364
0	37
0	38
0	2393
7	236
13	277
937	264
2	27
59	58
10	20
0	14
4704	0
823	398
16	398
3213	23763
0	6240
10	26515
7	23948
13	20805
53	2987
44	2987
2957	0
12	60
2	60
0	0
138	0
1	5520
22920	7226
1	2300
136	0
459	614
0	2
0	2
0	0
272	0
0	3
1623	1704
0	1704
6	179
51	180
0	76
94	0
1818	1
1467	0
35	0
3385	6
248	79
528	427
0	0
1	0
14	257
246	257
46	318
0	419
0	409
0	0
4	34
117	120
0	120
383	774
0	773
1237	2057
88	706
0	1411
136	1724
0	1424
8	1037
50	1037
0	1037
2532	831
0	830
82	2976
403	1562
2	3251
0	3
0	3
233	844
0	669
7176	798
7385	3
17	0
29	0
0	2
0	2
0	0
3	8
5	12
167	265
0	265
621	327
0	44
0	51
75	277
97	1049
0	1049
92	342
1	0
0	0
197	0
15	0
0	76
0	15
0	77
0	0
2	98
0	76
165	64
68	86
0	86
0	17
91	17
21	790
0	407
0	214
0	292
8	67
0	9
0	22
0	68
963	0
0	438
11	78
45	562
2747	1014
12	34
0	34
0	4
0	15
0	0
7219	2
22	31
0	21
0	22
0	21
1	0
23	0
0	0
0	0
2	0
0	0
1	0
11	113
48	39
146	1528
0	680
12	1528
0	54
315	0
5	1521
13045	1522
11	13
0	3
0	3
22	0
28	46
12	103
400	1432
46	336
0	1439
0	3
0	3
2	0
0	0
353	0
0	7
752	139
0	134
166	0
138	4414
0	4480
0	4634
168	0
2127	108
2	108
50	141
0	86
205	1948
342	693
0	1651
0	0
0	0
0	0
217	45
1509	0
22	0
13	41
0	7
0	17
0	39
0	0
27	747
653	747
6336	2218
18	957
273	0
0	332
0	332
0	408
0	412
428	226
0	57
0	92
0	103
2	42
0	42
0	0
0	0
14	0
1097	1753
0	14752
0	15240
7	15263
676	1764
186	72
0	78
75	0
310	3194
0	2430
0	2881
0	595
194	5818
0	1958
0	3509
824	5744
35	79
0	79
0	7
0	7
6	15
0	4
0	14
0	1
1494	1794
62	1792
44	27
0	27
0	8
50	0
30	0
2081	4
0	4
0	0
9	4
1831	837
4	834
40	78
0	0
0	0
10695	8
0	0
0	0
0	71
531	71
142	57
0	57
1809	1
38	29
0	173
0	178
0	176
40	191
0	176
0	0
0	0
0	0
0	0
2868	1290
0	0
0	0
0	0
62	194
0	194
604	160
192	0
0	0
0	0
0	1
0	22
0	22
508	1967
0	1965
0	6
292	2
74	1897
2	1020
24	465
1	4395
27	4170
3	68
0	0
0	0
449	0
53	389
0	1707
0	5207
114	4530
0	0
8	33
0	48
4	0
0	48
0	137
24	1021
0	1133
0	1095
0	0
315	355
7	160
0	355
1053	0
5	0
0	0
3	2
0	2
319	0
0	0
965	446
0	442
11	100
0	100
0	6
0	0
0	0
38	0
2445	603
53	603
0	46
0	341
2327	371
0	7
0	542
0	130
0	4416
42	4565
0	4355
0	0
0	0
0	0
31	4
0	4
273	134
163	15
2	15
0	0
0	0
0	391
0	16
1757	525
0	185
563	0
97	258
1053	0
53	216
0	216
0	118
33	1138
11029	2213
0	1258
1	592
41	255
14	30
872	30
0	0
0	0
69	0
1496	278
0	10
44	212
0	559
0	28
0	476
0	833
1474	1942
0	493
6	467
5	420
5	56
0	122
109	146
0	76
4	0
0	0
0	0
0	0
0	0
0	0
112	2
191	0
0	0
0	5
0	0
0	0
0	225
2	46
279	965
25	654
61	132
218	0
3042	7618
0	1434
0	7443
72	72
27	338
123	708
0	357
0	163
2	11
0	270
2	125
5	183
0	688
1	496
1219	835
81	88
29	772
0	0
7	258
0	146
6	146
0	31
0	34
83	82
0	0
0	10
88	1202
0	1202
1	533
9	185
1	107
0	470
105	0
2248	2611
26	2611
1611	232
0	231
9233	16
0	0
0	0
0	0
0	6
0	0
1	6
22	0
0	0
0	0
0	0
0	0
0	0
3587	656
87	208
0	578
1128	1
1	0
1390	694
35	113
0	694
65	694
740	0
0	0
37	1093
7	2
0	1212
110	1201
0	10
0	10
0	7
0	7
0	10
6135	939
0	120
317	0
0	0
0	0
0	0
0	0
0	0
0	0
0	0
0	0
115	0
2	0
258	511
31	511
878	5243
611	5242
21	375
0	375
0	0
637	0
6	32
45	1292
39	568
500	1092
0	165
109	22
0	22
0	0
2	72
0	0
3574	390
87	388
320	331
0	331
4468	1639
218	69
0	69
11	0
150	295
34	3173
8	3207
0	2947
0	0
0	0
0	0
63	0
0	6
19	14
2	0
56	261
2	261
107	4118
9	1488
6	240
0	255
1	4042
0	4037
5917	4
0	2
0	2
4164	4414
42	0
1881	3
76	29
0	8
7	21
0	282
465	433
11	151
24	145
5	58
0	139
0	1699
48	1598
63	383
0	1471
0	1518
10	1749
1405	1
19	18
0	10
0	19
17	776
0	536
9699	312
10	78
128	78
21	0
1894	1
0	0
0	0
0	0
274	0
10	6
0	1
0	5
107	0
0	0
0	3
0	3
0	791
0	882
0	864
0	570
37	882
0	0
0	6
320	405
3	429
15	429
0	10
0	10
5	2
1912	2
0	1273
108	1278
67	1278
3	59
0	301
2	301
0	96
445	1179
97	1179
606	512
0	136
0	2338
0	1454
2	2300
741	2326
0	0
0	0
8	73
412	0
0	29
1	12
36	44
2	16
0	28
3	23
12	63
910	545
0	487
195	571
6	276
24	102
521	102
2471	5692
6	56
0	56
88	1550
0	82
62	241
4	1354
0	1591
0	1639
340	0
0	31
0	31
0	112
2	0
11	19
413	0
173	7
0	7
128	0
0	0
178	405
0	404
9	191
0	191
288	0
0	0
0	0
2	454
0	748
0	203
1945	693
0	0
9264	2
196	1483
0	1483
0	29
56	29
3666	237
7	235
0	1
0	1
150	7116
0	5835
558	3635
12	9443
8929	9452
0	0
0	0
0	0
0	0
0	0
2	0
13	5
0	127
26	0
10520	491
0	373
1462	1640
41	0
0	0
1001	93
0	93
20	174
2671	618
8	21
184	620
25	615
16	714
0	13
55	67
147	766
0	1
660	13
3316	2067
10	0
0	245
1190	2
215	2125
23	2050
0	2043
26	2034
0	0
2	228
175	228
0	231
174	521
0	87
29	595
165	2135
0	38
0	255
0	533
0	403
107	642
0	987
81	588
0	207
12	585
0	533
0	0
34	0
262	143
0	142
8	0
479	0
22	1310
2158	1310
657	0
132	79
0	79
191	1516
26	1542
3	137
4422	137
163	118
0	118
47	0
1	98
33	98
0	95
0	0
0	15
0	17
0	47
40	51
0	0
71	220
0	220
0	214
0	3118
0	3091
4	3153
25	3148
11	3098
9	131
0	66
0	65
5	6
212	1514
12	1514
39	44
0	1
1	1
419	425
4391	5
0	0
0	8
0	8
0	8
1020	124
0	12
0	12
0	9
40	97
1353	349
0	106
44	402
460	402
915	0
3148	0
7	7
0	7
243	0
57	140
0	140
112	129
107	1871
8	286
391	1798
19	60
3	60
0	0
0	1240
2716	1242
115	68
1007	1
310	0
43	0
25	51
0	51
75	0
0	0
0	0
9	18
0	3
0	18
0	15
0	0
0	833
0	647
0	159
0	828
0	129
0	0
0	129
64	272
0	118
3	0
3	1323
321	1295
0	1338
261	530
0	68
8	779
532	722
40	1582
0	643
0	661
0	1462
0	1161
821	41
1	38
215	892
0	892
1	101
145	285
0	110
414	194
21	35
0	27
0	12
27	20
275	32
424	0
0	7
6	7
0	6
3	6
4098	592
10	592
0	3
0	3
571	3109
0	694
0	840
0	1238
0	1756
0	780
0	828
1	712
2	410
0	1128
24	2898
0	79
0	2948
4	2867
127	2990
2	2947
1	622
0	288
3	203
4	303
0	284
19	740
0	556
18	589
0	582
2706	2094
98	122
0	2084
1334	148
0	103
0	45
43	126
0	21
0	108
745	0
0	2840
0	2590
3	2746
0	3258
0	3190
0	3069
2140	32647
0	28315
10969	34504
0	34502
116	28232
68	0
697	0
0	1240
0	654
0	667
3217	986
101	0
12	182
0	182
0	86
0	182
0	5
10	1
0	0
0	178
0	8
213	178
0	0
2619	0
0	0
0	259
0	1503
0	188
136	1503
0	20
629	0
509	118
0	50
0	54
187	270
105	739
17	739
0	0
0	0
0	0
25	0
2	15
0	7
0	8
323	53
25	113
110	113
0	2344
898	2345
31	0
202	268
0	268
102	0
919	0
0	15
0	15
45	447
0	447
66	176
0	170
0	190
0	168
1028	1
1053	6
0	6
132	20
0	19
0	0
0	0
2	22
62	0
0	207
0	227
0	1875
1894	1875
1171	831
1	364
0	719
725	11
0	11
0	5
0	5
0	5
0	0
298	162
0	162
733	1073
0	1073
548	92
0	79
0	53
0	200
0	193
0	99
1086	99
0	85
0	369
0	369
1	0
0	62
87	152
0	88
0	62
0	0
275	0
10	9
707	801
22	801
0	0
0	0
197	212
0	212
0	46
0	57
23	57
7	57
0	0
23	350
0	379
131	419
0	181
601	420
564	467
2326	0
28	0
928	434
0	432
3	20
38	67
0	0
54	0
0	14
9	24
16	194
23	311
0	284
0	10
0	10
0	10
0	1
24	1723
0	1004
42	972
39	1009
0	10
0	253
0	1152
304	1162
492	204
0	18
0	103
1	103
1	95
620	0
3525	11
12	11
571	0
0	1147
0	259
0	403
0	1095
0	2325
0	815
0	2481
144	0
798	32
0	32
0	0
0	197
1623	2022
76	2084
0	31
0	1
1	28
0	11
0	11
0	11
249	0
92	11
0	11
20	0
11	157
1027	726
0	723
0	44
0	41
220	70
0	70
2771	517
0	516
0	0
1255	519
0	519
0	11
0	32
322	88
158	89
7	453
3	60
3	48
36	199
0	30
3	68
38	492
9	794
0	794
0	0
0	0
0	0
0	1986
0	81
0	1830
0	1749
0	1188
0	4522
710	4522
12729	13808
0	391
0	13796
5283	5514
603	5415
5	37
0	26
0	0
0	0
1	365
0	136
0	11
0	147
0	133
0	365
1636	4
290	102
3	26
0	76
38	2
0	443
0	4
73	4
0	0
770	0
137	1116
1410	1116
6221	0
0	64
219	496
0	489
0	0
195	213
0	10
17	222
1267	0
0	775
45	775
2	0
0	0
0	0
27	0
1288	0
21	187
22	187
411	0
80	0
4	917
0	1034
0	1034
210	2078
1260	2080
4	2
0	0
0	2
8	55
0	52
267	52
322	235
0	399
11	104
140	1051
0	190
8	1055
26	0
0	0
152	0
1	803
0	800
35	0
542	40
2	40
16999	14
0	0
0	8
0	0
0	0
19	8
45	6
0	2
2	2
0	0
889	0
50	37
0	37
14	4
0	4
0	4
0	4
920	0
343	0
0	0
0	1420
0	174
0	141
0	17
62	1577
2963	582
50	3
35	0
0	579
5	359
314	325
2	480
0	547
0	2083
0	2036
10	1688
0	0
0	0
557	4
0	0
11	34
0	34
0	0
0	0
343	0
0	5
106	561
119	561
0	0
0	0
9	617
0	164
0	233
0	164
0	5042
1	7694
6684	31597
0	31593
2	60
0	0
13	23
14	932
21	932
2	798
68	41
0	41
12	12
0	12
0	21
586	204
0	204
12	0
2875	0
80	143
0	143
607	62
0	62
52	85
0	9
0	80
0	2
0	2
1722	6
815	0
0	0
38	30
0	30
0	3243
367	14239
201	3426
0	1245
7616	14836
0	0
1	0
0	32
118	32
200	6506
186	6059
0	4389
0	3
0	9
9	9
288	0
106	183
1	3
19	183
0	169
1138	0
0	196
0	88
0	74
0	142
0	52
0	73
0	70
0	76
0	36
5381	11
32	114
67	108
0	7
2009	147
21	0
0	3438
1028	3439
0	5
0	5
0	5
0	22
0	1
0	74
385	380
0	380
5	402
0	397
71	397
15	0
0	3
0	3
117	0
670	0
2	38
0	14
337	28
0	2
70	48
631	504
207	1
1	0
21	1
0	0
0	605
295	605
4	1
234	413
665	414
10593	1541
0	1501
1	712
81	118
10	332
10	133
0	372
0	366
0	3
1067	4
0	0
8	38
0	106
0	62
954	207
594	0
0	1
0	1
0	10
0	1
0	1
326	48
1	48
320	122
4	122
4262	5
210	699
102	699
0	131
0	50
0	103
0	114
0	61
5	91
45	0
0	0
0	0
0	0
0	0
0	3
0	837
370	837
0	24
951	25
52	759
5	285
306	752
1729	58
2	53
2283	1
30	1
1321	1379
0	49
2	16
0	1
0	38
0	159
19	159
97	346
23	2479
94	414
0	2479
3422	13
0	11
9	198
114	3
14	316
505	470
103	1358
34	1358
0	0
0	0
0	0
0	0
1	0
16	102
38	102
0	274
8	311
2	267
4	255
0	0
0	0
0	0
6	0
23	237
106	237
0	57
0	57
16	57
4	9
0	3
1	818
2	595
0	272
42	0
7	543
0	145
0	192
6	9
0	0
171	53
0	53
4	26
13	3
0	11
0	5
0	2
0	2
262	663
0	435
0	9
2	688
2620	5
1204	0
11900	9
0	0
2015	0
125	51
0	31
1947	22
2396	2428
0	2428
40	16
0	16
39	0
863	0
7	274
2	427
223	905
0	82
13	74
0	867
0	0
0	1
0	1
0	1
0	1
81	0
2742	327
6	327
28	0
0	14
38	24
487	0
143	0
39	321
3	126
14	272
0	879
15	2111
0	2111
2	578
5	542
0	9
9	143
0	33
5	141
0	68
0	256
1492	1656
0	1498
229	0
15	0
0	7
0	7
41	90
1291	660
0	666
14	651
37	192
0	0
0	183
0	186
0	181
4	39
0	39
2	29
0	18
5	161
635	0
1517	1
118	151
13	176
104	560
0	560
286	78
0	78
0	0
0	0
0	0
0	0
0	0
0	130
2	121
0	130
2997	439
2	433
127	229
1	229
1399	1
0	117
0	113
0	114
0	9
4	9
112	132
3	45
12	129
39	145
2	19
336	207
0	172
0	101
25	86
0	86
5	346
0	56
0	241
0	285
0	316
0	346
3033	3365
2826	3365
315	1486
981	1485
0	1394
0	68
0	93
526	1257
0	1216
95	1215
1378	2843
0	2839
0	492
6	911
2	323
4	87
20	59
16	186
31	982
2	5
5	13
0	30
462	929
33	959
7	922
747	1
78	382
0	0
0	0
0	4
0	114
0	57
20	53
86	316
0	328
0	257
3	0
235	1174
95	1194
3933	233
0	230
8	555
2084	557
56	55
0	2
0	0
1259	1
3	390
0	166
0	167
0	143
0	144
0	154
2403	0
16	11
0	1
4	49
1	119
0	33
0	355
0	86
0	70
0	35
1	331
1881	6
174	150
0	150
0	0
0	0
0	0
6	0
0	1865
0	6908
65	7768
0	7769
2611	3
2001	0
529	13095
0	10935
459	13094
257	424
40	187
1	424
3	0
0	0
0	46
2	106
2	106
116	1
0	43225
2787	43227
129	1799
82	99
25	1712
0	182
0	42
63	530
0	525
0	710
86	710
0	313
1311	313
1725	141
468	140
234	0
7	52
0	0
0	2
2	2
0	17
0	195
136	6688
0	6682
7	3165
0	6584
0	5
0	5
0	5
0	0
0	0
0	0
101	475
0	521
8	0
0	2
0	2
152	0
0	485
0	1156
913	1834
1	1514
0	1834
42	2166
2	1879
5316	2
0	571
0	123
0	425
1	48
0	139
5	1037
0	557
0	554
0	1080
0	50
0	8
0	0
0	0
0	0
0	0
0	0
0	582
16	27
0	1899
57	1928
1	0
701	1
0	0
0	0
0	9
3	169
0	30
12	232
309	0
328	11
2	11
57	2
0	0
1	0
0	0
0	0
0	0
282	1559
129	1559
0	117
0	438
311	555
74	2865
0	2904
1305	2671
0	0
0	2
0	2
0	2
6124	10
33	296
11	296
223	787
1	783
1	787
282	18
13	38
0	38
0	5
24	5
144	78
5	78
0	0
0	0
0	0
150	27
0	26
0	27
0	0
0	0
0	0
58	171
0	171
222	124
0	123
3	140
12	140
0	30
38	263
0	242
0	407
0	118
0	385
98	385
0	283
11	0
2	0
6	385
46	548
66	563
599	157
0	157
0	0
0	0
8	0
6	77
56	77
553	174
0	173
5	3
311	76
0	76
0	0
21	1
24	18
1094	56
0	56
2	12
0	0
550	0
644	1553
0	1553
0	5
0	0
261	1021
91	1169
59	1356
0	1349
0	36
409	61
0	60
1458	5
6	0
3005	0
375	0
111	233
3	108
0	126
0	0
1	38
396	0
293	116
12	129
49	27
0	20
22	586
0	0
13	3
0	170
292	170
5	140
0	0
13	181
0	181
3872	2
140	0
0	3701
0	4312
678	6224
667	0
29	186
77	186
744	1472
0	1472
0	0
4	0
176	23
132	0
0	47
17	121
0	111
6	27
0	27
795	0
22	124
8	124
0	0
0	0
0	0
104	34
0	30
9	99
12	99
2	1359
3	267
0	1311
0	760
491	838
0	68
133	234
0	838
1610	1
4593	2624
18	2624
0	287
0	22
0	26
968	1
0	0
7	633
2	511
0	204
15	30
1	15
11	781
3159	781
0	0
113	0
0	12
0	254
172	254
0	23
0	23
6	45
6	45
1	356
78	102
2	9
0	9
0	131
1	11
1763	746
0	73
2	2341
4079	3243
0	2499
0	3240
0	880
464	2547
68	2547
744	66
0	64
8	0
632	1
657	0
428	1368
10	597
276	5864
1378	14027
0	4687
0	14002
0	11
0	11
0	11
399	0
0	0
0	0
389	188
15	187
0	8
256	9
622	0
794	1
42	0
4	170
112	1229
34	611
0	137
0	273
0	900
17	900
20	256
14795	267
0	5
0	6
0	6
0	0
0	0
0	0
0	0
198	0
537	0
44	10187
0	10266
5	10235
2971	9848
0	10127
0	39
0	39
328	24
0	47
1	1
1	25
788	250
0	250
22	1
187	55
0	69
0	60
0	60
69	2693
2165	2697
0	1780
201	73
120	73
45	1031
0	621
0	79
758	184
0	28
0	174
6270	27036
0	2696
3	27036
1028	163
0	163
81	114
0	114
1464	159
5	156
30	0
1	14
0	0
0	14
5	896
0	469
2	798
0	512
847	0
5	0
0	17
0	17
0	17
152	0
1263	361
3	361
0	9
136	48
16	91
150	3
16	90
11836	4
6	0
0	0
715	0
108	0
349	3919
0	120
348	3933
0	3929
4	558
208	570
4715	3
0	233
1	162
136	500
1	410
45	835
31	835
0	0
6	49
0	49
171	0
0	1
0	1
0	1
63	0
667	0
1003	345
0	11
0	342
0	6
0	6
1	142
6	459
380	486
3	0
0	0
701	0
4772	2
0	0
0	0
1	110
12	110
33	13
33	121
0	38
77	1
0	110
160	13
0	559
0	810
152	2250
0	2249
0	284
1	546
325	48
0	32
0	16
1585	0
0	0
214	0
563	506
0	506
88	0
283	28
222	0
2	29
9	36
0	258
0	341
0	2684
8586	2707
0	0
55	269
0	269
19	361
18	361
0	8178
0	7981
3	9211
21	10748
1613	10844
180	99
0	99
0	503
443	503
0	0
12	77
0	76
187	28
56	532
0	126
111	0
352	1595
0	1595
106	2011
5	812
0	1993
545	36
45	36
0	31
687	118
0	102
32	0
9	56
23	0
0	222
1343	240
0	174
19	47
8	30
0	18
96	0
129	0
350	28
0	28
960	1
1564	659
5	659
355	0
183	0
1401	4901
244	15
0	15
3562	2632
347	1
0	7
69	19
0	19
2	4288
5	8029
24	8660
3	23
892	26
2609	2632
1139	1055
208	1054
16	1046
0	0
0	0
2	1
0	0
0	0
0	14
0	4
1	14
0	0
0	1
0	5
0	0
0	5
9	248
0	248
0	0
0	0
0	0
180	818
34	818
1	307
0	307
0	244
36	273
20	272
0	248
0	0
63	38
0	38
0	0
0	0
0	0
0	0
52	0
0	5
387	6
0	0
0	0
0	0
0	0
0	0
0	0
0	0
3	97
0	28
0	97
0	0
0	0
0	0
0	0
0	0
747	0
0	0
0	0
0	0
33	1
0	0
7	2
0	2
0	0
0	0
0	0
0	0
0	0
2	48
0	58
86	0
0	0
226	7
0	0
0	0
0	0
179	6
13	59
0	0
0	0
0	0
0	0
1	6
0	6
0	7
0	389
286	389
0	0
0	0
0	0
0	0
0	913
1820	913
0	0
0	0
0	0
0	0
0	0
0	79
0	17
166	96
0	0
0	0
0	0
0	0
0	0
0	0
0	31
477	736
0	749
27	764
0	752
0	0
0	0
0	0
207	253
54	253
0	0
2	5
0	8
0	8
0	8
0	8
168	1
602	0
2	476
130	30
1	304
2	216
93	1539
0	294
0	292
211	1537
0	0
0	0
4	45
0	45
0	164
1117	164
0	0
0	0
49	43
12	43
0	43
6	783
66	783
165	109
9	109
6172	5609
0	5596
35	51
9	63
1133	18
0	57
0	126
0	71
65	183
0	63
3	63
0	33
0	86
435	161
393	554
0	5
0	26
0	568
0	265
0	299
0	299
4	133
0	4
187	354
0	353
3	437
7	371
0	371
3286	921
10	918
24	378
649	378
88	0
0	78
0	84
22	111
0	0
67	5
0	36
0	27
0	31
0	22
9	59
126	59
165	0
0	0
83	47
2	63
87	63
3	3
0	3
15	11
0	0
0	0
0	20
12	26
3	28
0	18
452	42
128	42
0	0
0	0
1419	0
0	0
0	0
0	0
0	0
2888	4
587	414
0	413
0	714
20	1831
0	1703
32	1762
2588	0
0	18
0	18
0	6
15	135
235	503
7	503
0	0
83	45
0	0
0	0
0	0
41	36
23	20
202	919
3975	5
3118	80
1	0
0	0
592	386
0	385
1453	0
0	0
0	0
32	160
977	226
0	226
384	0
0	0
1	27
14	35
18	287
1	8
0	0
0	0
0	49
817	50
72	30
9	30
0	0
1	56
0	0
0	176
0	4
0	176
19	30
20	29
0	2
109	49
3	14
0	45
2	2
0	0
4	0
0	0
0	0
0	0
12	0
4	0
2	13
1	13
15	0
2	1047
0	1043
691	0
0	3
14	13
13	902
0	949
0	992
36	153
477	0
2	423
1	98
1295	305
0	118
0	189
0	286
1511	959
0	959
1	569
0	0
11	63
111	63
0	0
13	0
293	64
0	0
2	0
0	0
239	211
0	210
0	211
49	0
242	0
0	3
0	3
0	0
35	514
360	514
1	0
0	0
3387	1
222	0
1102	2
62	0
620	0
0	86
51	86
4	2
2	2
13	150
1	150
5	0
0	0
540	200
0	67
0	109
0	111
57	33
0	22
384	22
0	0
337	0
0	0
0	0
0	0
0	0
13	0
0	0
0	1405
1413	1407
0	0
7	31
7	34
1	65
5	15
0	3
0	0
0	167
3	167
1841	0
1	213
831	213
711	97
0	96
0	0
12	11
0	0
0	0
23	280
0	280
1	22
0	15
425	0
0	16
232	16
6	55
0	55
156	684
3469	684
2379	199
191	513
0	512
473	5
26	142
292	142
45	13
132	10
0	373
0	24
0	1
4	341
0	287
0	267
0	396
34	0
0	100
16	100
0	30
2487	1442
1	1170
0	1438
39	169
123	159
34	4310
111	258
0	258
0	102
1	1728
0	345
0	265
0	2069
0	1323
17	387
1	42
0	88
0	304
244	0
212	1180
16	1180
0	962
580	963
0	100
10	53
208	100
6	666
418	5294
5	5294
15	609
0	82
5	551
0	430
2	1338
0	796
13	555
7	431
0	99
174	0
0	1954
0	2
430	2534
24	1675
8	1697
0	45
0	63
0	63
301	0
9	1433
0	876
0	850
1	822
0	541
262	0
19	537
718	537
7	696
0	181
0	220
983	3
4	82
133	0
57	0
36	75
0	75
0	49
2	127
0	119
0	76
0	76
10	67
0	67
2027	4
11	48
0	48
0	1
0	1
0	1
26	13
14	8
0	7
0	10
0	69
44	69
0	69
4741	5
0	143
561	173
133	30
32	76
0	76
1531	2287
0	2285
357	0
0	0
2576	0
262	3
0	0
269	40
4	0
0	0
292	101
231	186
0	94
59	278
2	211
2027	1
1756	0
634	84
0	84
0	36
601	36
219	95
0	83
17	0
0	36
0	0
100	255
27	254
0	1
0	1
3491	7
61	134
0	19
0	134
5	108
1746	1
0	0
0	123
874	123
69	352
0	185
5	789
0	251
0	789
1100	1833
0	1833
5092	1
0	0
0	0
0	0
0	0
0	0
0	0
0	24259
2	1736
0	22563
0	6918
337	0
274	12
0	4
0	5
0	5
0	1
0	5
1699	182
0	182
10	212
0	6
0	212
0	6
37	1
0	27
559	27
103	0
0	227
924	324
0	324
6645	12
0	0
0	0
0	0
0	0
0	0
0	0
245	0
957	187
0	186
8	0
193	0
11	0
16	1436
14	1342
273	0
900	0
0	880
7	889
1	742
0	138
0	138
0	138
15	1792
0	1210
0	1210
10	1202
0	687
49	784
6	1638
0	1017
0	687
0	679
4	1465
52	895
0	890
0	866
0	269
0	142
5	717
0	847
0	846
0	165
1	402
29	727
0	130
0	74
0	935
0	252
0	232
0	301
0	301
31	556
0	20
2	3
3	324
0	636
0	186
0	257
0	221
3	1596
0	739
0	2007
0	1919
46	41
0	41
40	16
1517	121
0	9
0	0
0	0
0	9
2	114
614	244
0	243
222	0
1266	0
94	73
0	73
594	0
1305	1
2014	2
508	112
0	112
0	435
0	435
0	3842
0	2412
21687	6270
192	0
7	0
73	121
0	121
0	93
0	93
803	274
1430	271
57	75
0	75
0	0
0	0
0	0
0	0
61	2324
0	2324
0	580
343	0
1	0
168	0
1216	1
471	1
0	1976
5160	1982
1584	1257
8	1213
0	555
0	698
0	93
131	93
30695	7896
24	7877
0	0
0	57907
1	11807
936	60832
0	18792
0	2
0	3
9	3
15	256
147	256
0	5007
31	5007
193	278
400	278
39	0
4	55
10	55
0	119
0	93
0	38
1	564
0	512
0	0
0	0
117	653
0	653
0	0
0	0
0	0
0	0
0	0
1	99
144	116
0	109
0	111
0	19
0	5
0	6
1	19
0	2
4465	3
2	91
72	33
1	436
176	596
0	51
0	68
0	65
4	247
2	0
0	153
0	390
9	52
0	542
0	173
0	142
0	2
0	52
0	3329
0	46
23	0
0	1
0	5
0	0
15	488
0	120
0	501
0	1545
3	389
10	37
1	12
0	59
0	74
0	0
0	0
0	0
28	27
0	230
0	202
0	175
85	2342
0	79
0	1219
0	1174
0	1221
0	92
0	127
0	488
0	9
2	32
0	1027
14	0
31	615
15	470
25	53
0	155
0	141
0	437
19	69
0	941
0	31
22	181
0	2
0	2
23	165
3	0
11	0
376	0
0	23
0	276
0	162
0	77
4	71
0	474
0	16
0	14
6	3
0	38
0	99
0	0
40	467
0	530
0	4739
0	501
35	92
0	13
11	124
1	315
0	589
0	42
34	253
330	420
0	0
19	17
0	44
0	0
2	5
199	867
262	0
0	32
1213	0
73	492
57	1572
0	1542
70	81
1	151
0	40
134	1018
0	521
1	1873
20	364
0	0
0	0
0	2938
0	50
0	16
119	135
0	229
8	450
0	765
0	901
0	962
59	311
0	221
37	0
50	360
0	0
85	294
0	604
0	506
48	402
26	1790
7	2395
0	2021
1	417
0	352
0	369
0	496
0	516
0	645
18	627
0	710
0	684
0	0
12	321
6	478
0	89
615	0
0	227
0	288
948	1351
0	133
0	147
10	0
0	41
229	448
0	5636
0	5666
7	5612
0	1496
0	342
0	110
53	1259
0	158
116	309
174	2295
0	2363
35	20
0	25
0	132
0	103
7	9315
0	2297
84	679
0	185
44	938
34	3940
0	3940
3	3790
0	1
0	310
43	445
19	33
266	5891
12	213
34	243
0	0
0	1260
0	1359
0	26
0	7168
319	0
4	27
0	0
1	22
0	4725
0	2956
0	2
0	251
0	0
16	220
35	129
39	452
120	382
13	0
0	7
26	20
0	68
0	66
0	41
0	3
0	755
0	949
0	730
233	701
0	1699
0	1798
0	1202
0	16
7	150
0	0
0	0
0	705
239	0
328	646
0	129
5	8
0	300
0	22
212	169
192	0
0	0
0	0
0	536
0	353
0	0
1	2
0	35
3	24
61	4890
0	261
0	1380
2	32
0	2
0	761
1	4
0	650
0	602
0	206
0	6306
0	159
0	8
0	217
0	471
0	104
0	4
0	269
0	19
0	41
0	4
0	0
0	1
0	5
0	5
0	5
26	4
0	6
0	499
14	7083
0	0
0	52
0	65
2	102
0	252
0	132
0	569
225	130
0	41
311	1481
620	166
257	161
0	1657
42	762
18	1183
0	1127
0	1060
826	0
0	418
0	1745
0	2123
0	3
4	405
0	0
0	0
0	62
0	667
211	0
0	117
3	99
89	0
0	887
0	782
0	143
0	138
0	151
0	152
86	113
10	42
0	0
171	1177
0	10
0	7
0	3
4	638
0	0
142	294
0	738
0	163
0	190
0	186
0	190
0	190
528	1
0	4
3	837
0	0
0	0
23	0
0	257
0	257
0	78
505	3269
6	63
0	371
0	202
0	202
0	179
3	72
12	4759
0	3689
0	0
0	0
364	1348
0	0
0	0
0	0
51	2989
0	11
0	0
0	392
0	511
0	235
19	171
0	0
592	1163
0	100
0	4
0	1338
0	1366
0	1326
113	1891
15	1401
0	278
0	215
0	184
0	211
0	736
0	64
557	2774
0	2
0	114
0	0
49	521
0	7
7	703
1	23
72	389
0	3
0	1035
0	0
24	44
0	56
0	20
0	2
22	35
0	17
3	91
0	524
0	172
32	134
9	185
194	735
0	0
28	408
22	26
7	1796
0	723
45	0
0	1269
0	75
0	35
0	1
80	1139
0	465
0	599
0	573
0	661
0	517
0	68
0	13
149	563
0	75
0	90
59	570
0	738
16	753
7	818
930	138
0	0
0	648
0	757
0	0
0	148
634	2640
0	2316
0	1628
0	1328
6	22
0	69
5	75
0	0
0	0
16	195
0	282
1	253
0	0
0	2269
0	40
12	144
0	89
0	247
0	1
2446	12
57	126
0	104
0	0
420	864
0	46
5	793
3727	4
0	87
0	1532
0	81
0	41
0	20
0	13
0	13
0	368
0	1
0	0
21	0
0	159
0	238
0	404
0	758
0	57
0	67
0	67
0	73
0	67
0	855
0	1069
1	0
95	1295
0	2161
0	4869
0	4869
30	1861
10	0
15	0
20	588
48	348
3	117
123	3312
0	338
249	266
220	266
0	0
0	13
0	0
8	58
0	1394
0	546
2	155
0	3
246	5564
145	1189
0	640
339	2980
144	2980
1	39
0	0
200	468
0	468
53	350
0	78
931	1
63	0
0	71
17	278
24	278
0	0
0	0
0	71
0	68
0	0
0	185
0	27082
0	26950
0	0
0	65
0	558
0	551
0	510
0	195
7	87
6	123
0	69
0	167
85	747
0	551
0	580
59	920
187	1021
0	1021
0	1
0	118
51	0
500	1397
0	239
0	181
35	65
48	0
703	0
0	54
6	24
0	24
0	281
0	1019
91	663
9	48
1309	0
0	520
0	555
0	550
328	0
218	4
0	137
0	0
1	1
0	0
31	259
948	0
57	60
0	13
0	85
16	88
1	69
1	623
0	0
0	67
378	1855
0	3748
592	1
0	131
0	3154
1915	3910
0	3910
0	597
3	24
3	226
0	2216
14	2349
0	2057
126	1953
0	182
0	543
121	309
0	0
1	0
135	0
0	661
0	5
0	657
0	674
0	616
0	636
0	222
0	118
32	1144
82	1144
0	279
1	21
474	969
0	969
67	0
6	397
316	2
0	14
2	274
25	0
0	8300
0	7922
0	6959
46	4412
1725	0
961	0
0	1
0	126
0	141
39	676
0	5
1	1452
0	118
0	208
0	228
0	0
0	0
343	0
0	0
0	250
2	261
0	259
0	223
0	483
24	111
0	17
0	371
31	56
0	58
56	213
13	11
6	3
0	2045
867	1904
48	3931
0	3931
3	2264
0	12
236	0
0	2107
18	0
148	1487
2	432
134	210
0	18
0	0
0	9
0	9
0	0
0	1843
90	0
17	31
0	106
37	484
0	151
0	2606
0	2830
0	2719
4	0
0	2
0	2
0	2712
0	425
0	1
0	1
0	0
0	0
0	62
0	2
0	0
6	244
0	240
0	244
138	1374
0	250
10	559
0	551
0	502
0	0
0	81
75	0
1	6
0	6
0	5505
0	4
0	144
0	145
0	157
0	135
0	24
143	1319
0	806
0	0
1583	0
1	6
83	0
0	22
0	1237
27	2869
0	0
0	31
0	14
545	217
153	217
0	9179
0	49
0	49
2050	0
741	0
21	0
448	2228
0	1379
0	0
74	67
170	108
0	8
15	99
0	0
16	260
159	978
76	413
0	258
1	285
16	36
0	36
0	560
0	68
0	0
2587	1
3	1
0	37
0	0
8	59
1080	7578
0	0
239	0
19	255
4	255
107	0
215	1
11549	11
2117	0
0	308
0	2484
0	211
379	0
0	1444
35	0
182	0
18	575
0	1955
0	2471
0	2505
0	362
0	1312
0	0
7	654
0	213
411	0
0	0
0	302
0	115
0	1152
0	1973
0	2275
0	68
0	0
8	8
851	0
114	341
0	341
0	108
0	3
0	678
0	857
130	644
0	990
29	0
0	18
0	405
23	0
0	12
177	0
4	14
0	137
0	137
0	240
0	0
52	8
97	0
111	194
0	37
0	37
0	0
0	0
0	0
12	2
20	0
27	196
0	0
475	0
3	0
4213	5
0	32
68	243
0	7
0	0
14	124
0	900
0	856
0	941
0	985
0	503
0	189
0	405
0	56
0	0
24	1441
0	149
0	117
361	1554
795	1554
55	3
801	1
16	50
14	0
117	0
71	435
0	57
160	0
411	0
2505	1
94	0
0	12
117	0
0	66
549	0
0	2
0	121
0	71
0	108
160	2
0	70
0	107
0	139
0	138
0	139
0	135
0	135
0	114
0	6785
0	6766
0	6785
0	6379
0	6781
0	5337
2	6
169	0
15	0
6365	85
0	28
11	28
67	0
87	535
0	244
13	0
0	835
0	835
93	2
0	184
0	46
80	0
0	0
0	339
0	3
0	0
8	823
60	0
54	3816
0	3531
2	142
0	142
0	0
73	0
0	0
0	31
0	33
0	33
0	33
0	33
4	53
0	1762
0	1762
7	1737
9	0
0	1290
38	845
82	0
168	0
1	0
266	1636
282	0
0	179
0	132
0	122
0	68
0	114
0	120
0	120
39	0
0	71
105	0
0	3
64	406
1	0
43	252
2	216
462	1
0	38
104	0
848	3856
0	495
0	1067
160	1072
30	492
0	609
23	0
767	1
1	16
88	725
1030	0
90	0
0	86
0	739
571	0
907	0
0	0
0	78
1023	1
0	476
0	455
109	0
17	23
0	1041
53	1041
243	0
0	0
0	79
0	52
13	0
0	78
2	78
0	8
125	0
0	1164
1190	3
110	2731
143	2731
3	3402
0	5318
128	4696
0	4694
0	2793
0	1074
0	1078
0	952
1	1038
0	721
12	0
0	514
0	526
0	506
0	1211
0	0
192	425
0	406
3	52
0	160
37	12
0	12
287	0
42	0
17	26
47	487
105	69
0	1496
0	619
0	0
0	130
99	0
90	1
22	147
118	0
215	504
0	504
0	174
0	143
0	1
78	525
29	5
0	60
0	0
0	87
0	204
4	12
28	76
0	76
18	191
123	196
0	0
400	0
0	274
52	1
2	2301
15	2301
0	238
0	237
1	113
171	0
0	0
0	706
0	58
0	956
0	1216
0	845
0	831
406	48
0	0
199	0
0	1
10	0
33	0
211	0
0	0
187	0
1	1
0	144
259	152
0	137
0	0
0	0
0	0
2	58
0	58
0	0
2	16
12	3
0	0
57	0
90	0
0	682
5	0
201	283
19	283
121	0
99	2
0	0
4360	0
0	97
0	95
345	0
0	34
0	0
37	0
0	0
33	15
25	40
1737	0
0	2884
0	2858
0	2844
0	2724
0	2726
0	2459
0	2370
0	75
0	1369
0	1138
10	131
926	1
42	1672
0	590
96	703
204	0
5231	7
0	0
0	1214
0	1213
0	1382
0	0
1	744
108	744
14	20
3	20
9	159
0	149
0	0
188	0
0	0
380	0
0	10
0	9
1	10
93	0
0	656
135	826
0	151
215	28
1	0
0	719
4	721
3	629
0	731
0	721
0	0
0	42
0	834
0	834
0	711
0	834
1	583
4194	2
0	436
3	4
0	1
0	1
654	0
0	0
1066	1
0	0
152	0
4132	1
0	62
0	63
0	63
18	87
0	87
0	0
157	53
0	53
491	58
10	120
0	120
10042	5
94	0
0	2
204	0
1224	0
362	649
0	648
1042	0
919	0
1023	0
0	176
0	176
0	0
30	0
1	0
0	0
0	23
0	23
0	1555
0	1121
0	1109
435	1605
0	1123
765	1601
67	0
1524	2
0	0
885	1
369	0
77	1
5	0
1	0
62	0
0	236
23	235
0	254
301	230
0	137
0	0
0	0
0	0
0	0
0	0
0	0
0	0
36	1
4	30
419	31
0	0
3	0
0	0
0	0
126	0
0	0
6	92
4093	2
0	160
0	184
0	186
1	119
20	6
47	0
0	0
0	0
0	0
0	0
4	0
0	0
23	0
240	0
29	0
0	0
0	0
197	1467
0	36
566	0
118	107
0	0
307	2
51	316
0	71
29	523
0	523
12	0
28	0
319	0
0	625
243	0
14	613
0	532
0	599
0	0
69	874
0	0
63	20
48	641
13	697
0	359
0	96
0	0
0	20
92	0
2057	0
0	8
0	4
0	8
0	11
0	15
0	0
604	2
774	696
0	432
54	0
1	8
0	8
0	0
65	2
0	850
2306	0
1	0
163	0
344	3
12	180
22	0
411	0
1	0
312	567
0	567
215	0
0	0
0	0
10	0
6953	4
3	1367
0	1356
66	928
0	270
46	1
0	377
0	271
196	0
131	1
109	0
16	113
6	113
244	0
69	99
24	167
0	0
597	795
1503	0
0	0
56	0
543	733
0	733
59	4
5	44
0	44
4	1
340	5
441	47
10	0
358	372
0	372
0	24
0	24
0	0
8	0
12	0
0	0
82	0
8	1907
83	1907
0	590
0	299
37	10
0	10
0	0
21	0
1	0
1	0
2	0
23	302
7	0
2	0
48	1175
1	395
1	368
0	307
801	38
0	0
0	586
32	30
0	30
7	0
0	0
39	0
109	0
0	206
0	187
0	206
0	0
1279	4
0	67
64	384
0	383
0	0
1	0
0	30
280	0
690	1
2	0
305	0
126	1412
0	1412
52	741
15	0
126	0
360	0
521	17
10	0
0	42
4	42
15	0
3	45
0	3
0	0
12	24
0	24
0	48
301	0
98	0
5	324
0	0
0	315
0	1
0	0
0	0
0	3
0	0
7	0
351	0
2621	1122
3	23
0	22
185	1
757	0
183	0
0	0
0	37
30	0
6	37
12	0
1083	4
0	232
1874	6
16	0
0	113
2	0
0	0
48	0
2	0
668	0
271	4
1887	0
783	0
0	21
203	0
0	187
0	196
59	0
238	291
0	291
1588	0
669	0
18	0
3	232
12	232
70	0
78	527
3	527
0	0
598	2
0	167
12	0
545	0
0	0
1	657
103	657
1094	0
513	0
0	8554
38	651
0	738
157	339
0	20
10	0
0	0
530	0
0	614
0	0
170	729
233	0
0	3
0	3
0	3
14	0
5	39
0	0
770	1719
0	1719
0	0
0	372
0	4305
7	0
0	0
0	0
754	0
501	0
659	0
1155	0
18	0
0	0
0	0
0	0
8	19
0	2
1	0
0	50
0	28
644	160
0	124
17	180
0	3
0	0
0	0
3	15605
1354	15605
0	2
135	0
34	391
22	388
0	382
0	0
3110	0
0	796
862	8
3	0
1455	3
929	1012
0	182
768	0
0	150
8	123
51	151
612	0
0	0
0	8398
419	2
0	0
552	0
0	28
0	28
2	0
0	498
0	478
0	476
4	516
153	0
0	1122
236	0
66	17
648	118
1411	0
116	1533
636	0
5	0
1347	5
428	115
8	179
0	178
34	187
364	0
189	0
4	1534
0	61
207	0
169	4
0	0
0	0
5	9
4	62
146	0
137	0
27	340
456	1
199	0
0	634
1098	6
0	767
0	771
0	419
0	432
9	0
99	0
2956	0
25	7
2	0
37	95
0	95
766	0
0	724
12	262
6	30
0	672
0	653
0	671
0	693
0	718
0	1258
94	1258
0	34
120	0
0	61
0	124
213	349
0	395
31	292
58	0
0	625
333	2912
0	838
0	838
1888	0
274	4867
12	4867
0	0
19	0
0	0
0	0
0	26
0	26
2	26
0	20
0	0
29	0
318	689
13	52
552	0
228	5
565	1502
0	388
0	8
0	0
1	62
0	46
0	46
0	46
0	0
0	0
7	350
1228	2
62	15
2	33
0	33
40	136
163	654
127	654
1473	1080
0	0
4	541
3373	1
1178	1
0	21
41	0
1717	2
376	1
0	36
1	36
0	23
0	5
0	10
24	0
0	0
13	198
0	255
0	821
113	493
8	1137
0	1005
345	16
394	0
125	0
37	0
12	0
0	0
893	430
9	102
2003	0
68	412
0	1062
9	112
0	201
2156	1
175	834
97	0
0	0
0	0
1	295
0	3
5626	3
0	0
0	0
14	0
229	89
3274	2
86	0
1526	1
0	0
28	0
0	0
0	610
135	0
24536	15
90	0
0	60
0	682
1728	5
27	0
0	144
0	1590
0	1
0	1
294	0
133	0
0	0
5199	0
0	558
22	304
3486	5
0	22
0	877
735	1
0	1447
873	3
9	0
906	0
12	817
0	1096
0	80
0	80
9	86
0	201
0	4
0	4
6	287
24	287
98	1156
0	0
99	0
25	229
4	0
0	4828
12	547
0	0
0	0
0	0
0	0
5	0
68	0
1	0
0	905
286	0
134	0
0	143
0	707
0	265
0	0
0	0
0	2
0	2
0	76
0	117
0	206
30	0
3	1
1149	4
0	14
63	923
76	327
0	265
4	327
0	327
4	79
35	0
5	59
0	267
4	27
698	0
54	0
735	366
0	366
6879	16093
917	16085
0	3
71	234
0	86
1	11
0	1017
592	730
0	110
0	407
0	410
3	314
0	97
97	0
196	94
0	843
0	0
13	335
1	5
14	284
2	41
0	261
0	271
8	283
130	0
117	0
0	0
0	508
0	309
1188	0
0	4
0	4
0	4
20	100
2	2
0	0
0	53
0	1048
0	196
209	650
3055	1
12	0
350	0
72	228
0	228
7	0
0	129
0	130
161	227
0	16
0	14
1	203
0	740
0	738
1882	0
12	310
0	204
776	0
69	0
19	0
0	6477
111	0
0	0
2	8
1064	2
9	670
51	234
81	8
0	8
206	255
0	0
0	30
0	204
0	121
0	180
0	0
1856	1786
636	1785
0	0
6161	1
6	5
2362	354
1655	354
0	221
0	1158
1	2
0	214
800	1
0	379
0	0
154	352
0	18
0	15
14	0
7	3
348	0
0	1907
15	45
0	287
26	0
0	38
944	3
104	2004
0	0
0	3
127	0
224	1315
475	1533
0	0
13	28
0	0
0	79
0	79
0	67
0	79
0	79
0	79
0	81
0	83
54	358
1533	2
14107	12
0	341
1	0
2	285
0	310
0	188
390	0
130	25
0	11
80	0
5	0
0	771
0	0
50	4
0	0
8	181
871	149
541	149
28	0
0	469
0	1681
0	0
52	71
0	71
246	0
0	402
3	422
1	342
18	436
93	0
0	0
0	0
0	0
0	157
0	67
10	0
0	0
62	976
2	976
0	381
37	94
0	94
14	186
2	0
0	0
2	223
662	1
3	0
4	30
3	260
2352	261
492	18
16	251
0	212
0	22
0	207
19	24
0	24
0	0
0	0
1130	0
0	0
119	0
1	91
65	92
0	2
0	290
0	48
0	48
0	0
5	26
0	0
0	17
8	366
0	0
0	0
0	1075
0	13
0	5
0	4
14	0
29	135
0	57
22	46
10	297
3	608
0	608
438	0
13	124
22	1134
0	1134
41	0
0	0
0	283
0	0
0	0
6370	2
0	996
15	91
57	0
82	666
10971	10
0	3
0	32
22	0
0	218
0	9
2	358
0	358
241	283
0	97
0	993
0	562
81	290
0	29
0	0
1	0
515	0
91	0
6	57
0	0
0	125
0	0
0	17
12	3
0	1874
177	882
0	36
0	11
0	5236
0	5326
0	5432
0	232
295	0
0	1138
0	1567
55	1907
13	1375
5600	6
0	9
0	1268
0	1630
0	0
0	0
17	482
0	482
0	1352
0	183
0	11
0	11
0	2
0	0
0	0
0	21
0	981
0	3
0	0
15	117
0	5
0	1283
0	0
0	93
0	11
0	72
0	58
0	0
329	0
375	0
15	360
0	172
0	0
0	865
0	1929
1	15
1847	229
30	0
0	834
0	635
0	1
0	0
0	43
28	885
346	885
0	427
22	0
0	5
767	3021
0	0
0	0
0	7
0	412
1125	2005
0	0
41	48
0	0
0	5333
0	28
0	31
25	95
0	7
0	117
0	3
4	0
539	0
0	0
88	0
201	0
0	1089
3	9
0	9
0	0
0	1777
0	147
136	0
1	392
0	0
0	1159
2	0
50	349
5	4
27	0
0	155
563	77
0	202
0	199
0	126
10281	14
0	40
12	508
6	532
0	216
0	312
0	21
134	760
1549	832
0	832
363	0
213	1530
0	234
0	987
8	4
5	0
2	347
0	308
0	14
0	306
0	336
0	373
0	390
1	467
340	1
6	48
0	3026
0	437
0	195
0	183
0	0
6	52
191	3
0	18
0	0
571	0
0	0
0	0
0	0
0	0
103	1088
0	7
81	657
12	193
0	193
0	0
18	431
0	396
0	0
0	911
0	2
0	0
75	1003
0	1017
1	993
0	1032
2	2
0	134
0	12265
0	12549
898	0
0	0
0	296
0	37
0	37
0	20
12	103
20	0
18	55
0	0
353	396
0	38
803	0
4	0
0	54
0	195
760	0
0	871
223	1
0	40
0	40
196	2733
11	1016
0	341
1995	0
47	376
12	0
532	8
0	79
0	0
0	0
0	1583
22	181
0	657
81	485
0	343
0	1159
0	91
0	5
0	5
214	0
0	700
32	189
107	0
0	280
2	52
0	889
0	892
0	1026
0	1026
404	2
0	0
102	114
0	0
0	193
12	0
0	39
1	54
0	278
4550	4
837	0
5	736
615	0
71	71
1	37
0	36
118	248
0	0
0	0
0	885
0	62
0	32
2865	8153
0	8153
0	9
6	463
0	463
4	0
0	0
0	296
0	4
4	916
8	45
489	0
0	88
0	0
6	166
0	2
9	21
352	2151
0	196
0	0
0	9
0	9
67	0
3	103
0	0
0	0
0	521
0	0
0	3
0	3
0	3
0	3
0	3
0	94
0	5
0	306
0	101
0	173
219	0
79	1462
0	245
73	245
0	0
0	507
14	0
268	0
0	74
0	74
0	77
0	81
0	55
0	22
0	64
0	12
0	0
0	6
0	47
6	133
0	144
0	0
4	43
0	0
0	0
0	387
0	504
0	212
0	326
0	552
0	73
0	20
0	421
0	197
0	0
0	194
73	388
0	188
0	131
0	186
0	80
0	123
51	823
0	28
0	23
1221	628
52	628
0	1556
0	262
13	69
504	0
74	159
9	159
0	17
2	31
0	31
0	403
34	352
2	156
3	152
1	0
21	193
0	0
24	45
702	9910
193	0
0	64
0	432
0	5
24	1200
900	2
0	27
0	27
0	282
5	127
0	369
0	0
0	0
0	0
0	19
0	19
1	10
125	709
0	25
5	0
0	4
0	4
13	85
23	282
165	8281
0	8405
0	107
161	18
739	1332
0	0
50	119
0	481
0	283
0	96
222	1156
0	741
0	24
0	273
0	76
0	160
522	1201
0	620
4	720
0	575
0	60
0	0
0	16
0	399
12	261
0	6
7	0
0	212
0	3
0	356
9	0
0	51
199	0
1070	3
1	114
0	35
816	1
0	0
0	13
0	1726
0	845
27	137
0	1
7	17
0	0
0	3
0	3
0	0
3	0
0	67
0	53
0	3
0	123
571	1
0	184
0	89
176	284
122	162
0	0
5	4
0	0
23	0
68	179
4377	1
0	0
445	8156
0	2
0	0
1206	2
0	0
0	74
0	66
0	49
0	0
0	1141
0	1000
0	0
62	0
0	0
0	16
0	1653
0	1431
0	0
0	0
0	248
330	248
0	226
20	136
0	71
52	831
0	0
0	0
0	4534
653	0
5	149
0	89
190	234
0	633
0	494
0	645
0	645
0	645
0	500
0	556
0	392
0	555
40	0
0	415
0	694
5	5392
1	7748
136	49
2	14
0	102
0	98
0	98
1701	0
0	2
0	2
0	0
142	2421
7	93
113	222
14	0
4	0
31	28
0	28
0	0
54	306
22	132
8	0
0	2727
0	1888
1586	687
502	686
155	1124
0	1076
0	930
83	1131
0	1001
878	0
4	244
29	1417
0	1320
0	4
960	0
3	0
30	8
251	1
0	661
0	626
0	697
0	403
0	312
0	446
1971	12565
1783	1
57	0
0	0
0	0
0	120
0	929
0	929
16	715
0	733
232	7614
0	1663
52	9562
316	2
21	120
0	577
0	620
695	0
98	8036
1	1678
0	1741
0	1683
0	1199
0	0
0	0
0	385
0	0
0	9
0	10
193	924
0	792
0	887
0	482
0	1
8	26
0	0
0	0
135	0
4	132
0	302
8	0
487	0
158	598
1113	0
0	123
0	179
14	0
19	4
0	272
184	1000
0	0
1737	87
0	0
30	0
28	707
0	0
0	6138
0	6138
1	6407
0	4444
0	3483
142	0
14	331
7	105
0	0
0	1
0	7
2693	2
0	4
0	4
55	990
0	948
0	990
15	984
0	0
55	0
0	198
0	84
0	123
93	622
10	18
6	18
667	223
0	37
0	105
1	146
0	277
0	28
157	149
326	581
0	370
0	139
0	0
5	0
0	0
32	0
4	0
0	267
0	5
0	0
156	4488
85	0
0	19
0	19
6	47
2	0
277	0
0	256
0	240
13	1694
104	1694
0	149
0	50
3	0
495	606
0	606
0	7625
84	0
0	0
0	616
67	617
24	314
2	314
0	192
33	19
25	313
0	21
0	3
0	68
0	10
147	13
0	149
0	111
1635	0
7	0
0	0
0	0
4	1820
469	1812
0	131
0	21
105	46
0	690
1110	0
0	360
2064	0
0	377
0	0
1	0
78	325
0	325
8	7
4625	4
63	0
2	1
118	0
23	0
4	0
65	0
0	0
885	0
0	0
0	0
41	0
0	643
148	259
0	10
24	10
0	0
0	0
0	52
2	40
5	2118
52	2437
0	7
0	184
197	0
0	0
10	0
39	0
4	60
0	1016
0	1035
8	976
736	0
7	23
117	0
0	7
1823	2
95	0
0	0
0	1137
0	1137
21	0
0	533
0	815
202	0
0	40
443	2
1	25
0	199
0	198
106	181
18	0
0	1
0	1
35	3710
0	3710
0	68
0	13802
310	0
1	237
7	101
0	98
0	0
36	0
1	1
226	4
0	193
0	179
246	3
188	0
7011	6
0	1499
0	0
1344	0
12	14
0	199
694	0
0	0
1	239
0	0
0	0
0	58
0	55
2530	0
1	1105
13	13
0	14
1216	2205
0	2204
0	0
0	0
2	46
2	46
0	37
0	12547
0	12682
0	13820
0	13786
0	12314
23	7911
276	0
18	10
0	1636
0	1859
2	56
60	684
6	1157
0	1168
0	744
3	742
0	13
15	0
374	1082
157	0
0	0
0	58
24	3
232	2
7	0
15	0
22	0
2	0
0	0
21	541
0	0
0	0
0	0
754	0
46	0
3853	4
0	0
18	45
0	0
8	1
3894	4080
1862	4078
0	71
9	3
0	28
0	1009
1726	1
807	1
0	167
114	413
0	0
3119	6
147	0
0	50
116	594
0	0
38	0
165	619
173	619
93	0
0	0
311	1
127	0
0	4977
0	644
0	0
430	15
1485	911
0	910
423	2
580	0
0	384
89	0
0	6217
321	0
71	0
1309	1697
0	46
0	0
11	463
0	202
7	0
630	2506
0	577
0	496
0	565
0	591
0	565
0	565
0	565
0	32
0	161
7	0
88	0
0	7
0	7
58	269
0	215
2233	0
313	0
0	0
167	168
304	0
0	168
0	672
52	1826
0	1826
0	0
3454	2811
0	2810
0	1
0	1
1616	1272
0	0
978	0
10	0
0	2
0	2
0	5266
0	4975
0	4827
1	3806
0	4329
0	4506
1	4706
0	4255
0	4344
0	5263
0	17
0	0
280	0
0	0
0	0
1926	0
1993	4
0	0
603	1
0	5
0	5
0	5
1	47
78	846
24	0
47281	25
0	490
173	0
48	878
452	880
30	0
0	0
0	265
368	0
0	11
0	15
0	1584
0	0
0	0
1	20
105	162
2	162
1	0
64	332
0	1
0	0
93	2615
0	2600
0	0
0	0
0	0
0	0
1923	1
5	0
0	4
0	4
0	0
808	0
3	0
30	0
0	473
14	0
0	431
0	126
3	527
67	527
0	0
218	716
0	716
0	0
0	0
0	0
101	0
0	146
0	261
37	0
0	980
6589	10
0	0
7	0
374	0
0	0
0	0
0	0
87	0
0	203
41	197
640	0
85	2847
0	2847
0	122
7	110
0	489
0	0
0	0
0	0
0	0
194	0
7	0
33	509
0	509
26	158
0	158
511	71
0	387
0	385
0	397
107	499
174	499
536	0
353	883
7	0
2	321
16	322
1	267
3	0
45	609
0	609
7	0
0	0
107	0
610	2413
0	2413
0	1
4	0
19	0
43	0
0	1326
10	226
16	0
109	0
8	0
0	0
0	36
0	36
14	0
6899	9321
348	0
0	0
0	128
0	167
8183	8
0	0
0	0
24	234
446	1801
43	0
1350	2992
8	0
11	0
0	2192
0	2295
0	2344
0	2304
0	2304
0	0
0	38
0	0
2	20
3913	15
69	53
516	1016
423	2478
0	132
0	86
0	0
0	0
153	0
3	614
1	539
0	489
0	0
6	0
144	0
0	6
449	2
1866	3
0	0
0	22
63	6
73	0
0	0
2	0
6	0
43	0
2	12
60	0
6	6
0	0
235	0
56	0
0	0
16	0
22	134
235	0
243	0
3	8
120	0
9	11
156	0
2121	4
2	23
1447	6251
0	2504
5	0
293	0
0	311
207	1534
590	0
0	33
0	2531
0	6
0	516
29	130
0	427
0	377
367	1
4890	19
75	1122
2	66
0	779
14	0
31	40
11	4
714	0
71	0
0	386
0	55
91	0
0	164
1419	0
1964	7
14	7
5164	7
550	76367
3055	76368
20	0
0	45
0	45
0	45
16	63
0	3222
2122	0
1	4367
141	4367
379	0
0	146
1211	0
0	0
5	0
72	0
173	0
6	0
0	0
0	0
74	596
0	0
28	3407
0	3378
1	3403
1	3374
1	13
119	0
0	0
17	0
982	2
0	208
0	324
66	95
1	95
2135	0
211	0
4505	9
511	2872
0	0
207	0
211	0
0	129
0	320
0	319
0	320
0	320
144	0
39	151
1	1
64	173
4615	2974
596	2970
0	1514
8	238
0	238
293	0
58	417
152	6
3	127
0	0
0	0
0	0
0	152
5	152
0	0
173	0
2700	0
0	0
10	284
0	0
0	0
0	0
201	444
0	444
76	0
0	0
23	53
3	1
15	1
7	0
118	286
0	285
2	14
13	15
19	298
0	310
0	372
0	320
0	364
3	0
0	0
202	0
195	1500
0	107
2	5
120	85
265	336
108	336
15	759
0	0
0	0
20	512
5	17
0	17
4	100
0	104
0	107
0	108
0	107
0	48
0	47
1533	9
0	0
157	1120
37	1120
10	45
0	26
1414	5998
4301	6005
2	0
0	16
2	23
0	17
34	418
0	410
0	191
3	169
0	1
0	1
0	1
0	1
0	1
0	1
0	1
0	1
0	30
4	102
4	33
202	1509
29	0
983	0
76	327
70	327
3435	0
183	0
138	361
0	738
48	138
1743	1094
510	1
326	0
0	3
0	548
0	1
2	254
0	254
0	0
1020	4
0	0
0	4
557	0
0	0
0	1182
0	739
0	207
468	0
0	0
0	9440
473	30
60	29
0	119
25	0
100	0
7	209
7	209
3	209
0	206
1377	5
0	5
57	619
11	0
0	0
0	0
43	0
42	80
152	486
0	0
0	0
0	355
8	0
0	3
0	3
0	3
36	0
0	5
0	0
5	62
1	62
0	0
4	11109
1219	11110
14	75
1918	2
0	49
0	131
13	131
10	63
0	59
1	51
190	181
0	181
2	6
81	0
0	30
0	0
7269	4923
412	0
0	241
2	0
15	684
0	129
152	0
0	2504
0	6
44	0
72	444
0	10
0	115
0	23
0	0
80	755
2	11
0	11
183	693
0	693
37	0
17	134
41	0
0	23
27	2
0	1565
279	1567
952	0
1	91
22	91
0	2
83	0
0	0
3	14
0	75
1014	1
2	27
1	34
3	522
11	482
0	460
29	308
0	0
1	1
0	132
86	684
62	96
0	100
0	80
81	17
3	141
159	460
265	0
16	61
0	61
16	85
4	7
3	0
0	0
1	105
146	0
584	0
41	484
4	484
0	1
17	116
267	608
0	258
0	206
0	260
0	250
0	0
0	39
93	2
0	428
0	0
7	0
10430	8039
256	7826
315	6822
113	7099
237	7155
161	7313
0	2120
73	2557
78	2850
165	2698
95	2651
0	3855
0	478
0	494
3	495
0	478
0	34
0	0
0	0
2	0
3502	0
0	5
4	765
0	765
0	774
0	404
0	0
0	495
0	2
0	2
1144	0
1	6
0	115
1684	0
0	871
27	0
131	0
0	11
129	0
9	262
1366	2
1450	1122
31	227
53	115
15844	27
6	0
0	109
0	3203
0	0
0	1
0	1
0	0
246	0
103	1847
0	0
0	104
9	8
2	0
28	196
443	394
0	394
373	0
8	567
0	547
0	264
0	0
48	1
477	179
0	13
197	1
10	402
20	61
176	209
3	209
140	559
266	2781
0	2781
0	169
74	152
20	4
0	568
0	4
0	664
261	642
947	0
0	29
0	31
0	31
0	4
2582	2
0	0
0	76
0	1214
0	1195
2	19
65	52
0	1061
1	1797
40	0
0	279
0	334
0	334
0	243
0	277
0	211
0	150
0	54
0	126
0	6
0	0
198	610
40	3
53	0
0	12
0	0
0	4
0	179
0	972
9	972
0	101
157	0
605	0
0	148
292	0
0	0
0	0
0	76
37	252
0	67
0	195
0	86
0	117
0	124
7	625
0	625
0	42
2210	1
81	1077
0	1041
8	4
67	450
0	0
0	0
2162	0
0	11
0	12
0	1
167	0
124	130
120	0
42	115
78	0
0	407
1883	3
0	14
0	14
0	46
0	0
958	0
84	0
0	0
0	0
2	0
0	261
4	261
0	856
0	322
0	0
35	11
0	6
520	0
1	0
0	262
0	1514
0	549
0	23
0	49
3	230
0	230
3	46
111	31
23	634
0	634
0	492
0	221
0	12
165	0
13	89
0	132
2	194
5	0
20	0
8	0
14	0
1	66
9	724
0	724
0	1
0	1
0	10
3	29
0	29
209	0
523	0
0	6315
183	28
0	28
0	28
0	4
816	4409
0	2
0	2
81	71
17	43
725	0
6	607
7	607
0	0
0	0
203	1143
17	1143
0	103
0	37
25	210
16	334
62	359
0	359
0	244
0	0
37	0
3	2240
15	2240
0	56
0	1146
1285	1
25	0
0	420
15	21
116	737
0	175
117	0
0	2
0	2
0	2
0	2
0	2
0	2
0	0
0	2
0	394
183	0
0	4
0	0
640	0
948	15
2	14
0	0
3149	7
28	127
0	593
0	189
0	189
0	185
0	172
0	274
23	666
401	0
0	970
603	1680
0	0
0	84
0	56
0	0
3190	5
0	2240
0	1
80	589
0	100
0	100
48	100
174	52
0	137
0	131
0	1239
19	2
1481	4
2095	1
556	2
282	0
3	9
1259	0
0	0
3025	5
0	129
10	0
0	657
203	7
7	5803
1	5957
273	0
603	0
31	73
0	72
7	86
0	238
18	161
208	219
107	8
1	0
0	0
0	198
3012	4313
3044	5
14	159
0	42
0	42
9	2
1028	166
17	1523
131	171
4	0
0	0
0	549
238	551
15	183
51	401
0	401
0	68
625	16391
0	247
0	13
0	1201
6	1201
28	1039
0	87
0	21
0	28
0	138
309	494
1	0
0	182
0	102
0	20
0	5
0	5
0	157
0	157
68	1975
0	1975
0	125
1	0
0	21
0	19
0	2
0	0
32	0
0	480
0	1513
0	0
0	0
0	0
0	75
14	78
238	4012
309	60
0	2
0	2
0	2
0	0
0	2
2	2
60	0
0	0
0	0
0	0
0	904
0	488
0	192
0	131
16	0
0	171
461	0
842	0
74	159
0	9
0	9
0	40
9	212
0	1396
14	453
0	22
0	14
0	841
14	0
0	49
21	55
10	0
0	21
0	187
161	9
88	248
0	1276
0	5
302	7
225	0
0	127
86	84
2019	3
0	64
0	250
0	289
7	1096
60	288
330	1
127	357
5	698
11	682
38	1
0	6
201	0
0	861
0	803
29	34
0	49
0	5209
33	55
136	121
1202	0
0	101
0	3516
67	148
7	152
0	0
258	0
11	861
42	861
0	0
0	69
15	46
485	872
0	491
42	491
0	60
0	69
0	67
0	2251
0	8190
18	647
0	239
26	0
0	0
0	0
0	0
48	0
0	20
0	0
12	622
0	550
11	22
0	5
0	0
5	176
0	16
2	761
35	761
0	278
17	257
0	2061
23893	20
0	3
417	0
0	1188
0	3755
2072	1
0	298
46	181
0	0
0	7
0	7
2423	6595
0	11
0	6
0	221
0	3245
753	3245
39	0
0	0
0	0
23	2
0	5808
0	13
0	24
0	0
0	0
72	1168
0	0
0	0
3	0
2	0
37	258
0	0
0	2
0	7
9	438
0	191
0	0
0	1465
0	1642
0	198
2523	25019
113	25016
229	0
0	278
1156	539
0	539
0	34
0	290
44	227
4	166
621	0
343	0
0	659
0	838
0	35
0	0
243	1037
1	22
0	9
0	83
0	0
45	1517
202	1517
74	207
60	207
22	349
0	0
0	560
0	0
5	136
0	30
0	15
0	0
350	0
209	0
110	0
139	0
836	0
0	0
0	0
4	412
2	5402
0	1104
0	156
0	69
212	1251
0	42
2847	0
0	0
0	517
16	52
0	0
0	334
56	1406
3	1302
0	520
15	888
231	94
0	94
0	82
0	208
0	208
0	208
0	208
0	2408
14	2474
29	4175
0	3694
0	1062
0	5359
546	0
3437	950
0	950
19	1
0	47
0	236
0	8
20	441
0	1
0	17
0	4
0	4
0	21
0	0
0	1019
0	125
37	73
3	0
118	0
0	36
401	0
3	716
0	681
5	553
0	407
38	302
0	6
3	9
0	61
71	0
10	65
0	975
52	389
0	0
196	0
129	241
0	1073
19	923
0	862
0	909
0	866
66	819
66	0
0	0
0	0
707	0
0	0
3	74
0	15
137	0
0	7
0	5
0	2
0	0
0	123
0	56
1682	1
150	167
0	31
1112	4371
0	183
0	181
9	151
0	4
0	304
38	0
0	0
0	0
0	608
42	0
0	284
0	0
0	0
7	17
248	1
0	0
146	2
0	27
0	297
0	47
0	43
386	0
0	106
58	0
0	5
0	3139
0	2067
0	826
77	153
0	139
0	153
71	175
43	842
2	0
0	0
0	599
4	70
0	6
242	40
599	28
0	28
0	488
0	521
0	0
0	0
0	56
0	1279
0	1011
3	241
0	0
0	0
5	64
21	25
0	11
133	30
7	0
0	0
78	210
127	496
0	0
0	0
0	0
0	0
844	0
0	0
280	766
0	766
35	77
1011	0
9	1729
0	1566
0	1628
32	554
0	54
0	25
65	312
25	0
38	91
25	0
42	170
57	172
0	353
44	606
0	606
0	29
0	5
3	450
145	365
3	118
0	0
335	0
0	228
0	174
18	1208
0	0
0	25
488	0
50	688
133	492
0	0
12	24
0	255
0	255
14	970
94	970
4	31
0	394
0	393
0	428
0	0
25	725
12729	13
130	646
1714	0
0	247
197	44
0	2
9	2
73	851
0	851
1232	320
0	315
0	3288
1071	1
0	232
0	470
195	427
0	0
0	0
0	0
0	0
0	0
24	2965
0	0
17	204
0	31
0	241
5083	1
7959	150
0	629
117	7
0	651
0	0
716	1
0	43
0	0
379	0
3	103
0	102
1860	1
0	296
41	0
3	3
0	0
51	420
0	5
401	600
15	58
0	58
0	409
324	0
641	160
0	160
45	136
0	647
259	1
1071	0
1402	1
18	0
3	110
32	1792
27	147
5	147
0	5
98	696
0	696
0	26
3	0
0	424
2	5
6	5
0	0
11	117
5579	2
119	0
14	205
0	15
0	0
27	0
0	11
0	689
197	2084
3	13
0	13
0	11
0	19
0	19
0	0
829	1
2081	1
0	360
0	365
0	454
0	0
7	0
1300	0
0	0
113	0
1686	0
1067	2
684	5
0	15
0	99
0	74
2785	0
45	0
0	7461
0	0
6693	7139
414	202
0	152
0	114
9	2
0	17
0	14
0	73
0	0
150	0
751	0
0	0
0	1720
0	636
4	620
11	13
0	0
236	446
0	695
118	687
0	0
0	309
0	400
0	259
85	23
0	0
0	209
112	0
0	6
423	0
213	0
0	1416
0	1416
10	2
0	0
0	31
0	0
0	0
0	0
0	1951
0	1955
0	936
8	987
0	5612
0	5738
2	1
19	0
13	443
0	362
0	362
0	119
89	467
0	467
0	358
0	328
0	83
0	6
0	6
2	0
77	2
64	731
0	0
0	419
0	418
0	297
1828	0
0	0
0	880
2762	0
0	659
0	13
0	13
0	117
92	0
13370	13
5	17
250	13
0	404
190	1079
1	285
1	36
66	287
4	0
0	0
15	0
20	194
363	325
8	4
0	8
2	9
0	9
184	1033
129	879
288	0
0	245
0	190
0	53
1	94
0	68
0	50
6	1468
0	1468
64	35
209	743
22	738
0	1
0	1
0	5
0	5
0	29
36	174
0	174
0	165
0	347
3	35
7	36
0	0
335	0
0	1155
793	1
11	44
0	842
0	285
15	147
100	0
8	1936
51	1901
0	27
0	0
0	713
0	117
0	338
23	338
8	18
11	3
0	0
42	0
0	95
71	243
132	0
0	3
0	3
6	0
309	0
0	13
0	0
0	798
5	0
29	0
0	24
0	1035
0	1036
25	0
0	109
40	217
134	0
23	2
0	38
17	0
0	794
1426	524
991	524
14	27
4	32
389	0
87	188
5869	3
0	408
345	23
0	32
0	0
0	151
36	151
2273	0
2859	4
1478	356
0	356
0	162
352	0
10	32
0	0
5059	9
0	643
0	405
45	134
0	0
0	0
0	0
14	342
176	62
0	0
0	324
0	108
0	101
0	0
5	74
488	0
0	7
0	1
21	0
242	0
20	3
9	3
2778	2
36	0
535	0
1	156
16	135
0	99
0	634
0	235
19	347
0	239
0	241
659	2
803	0
417	1263
0	1263
0	99
0	0
0	140
0	0
236	0
0	2
3519	4456
0	19
0	32
0	32
0	32
0	0
562	0
0	11
0	6
0	0
0	0
0	0
320	0
492	0
717	0
38	0
297	1
275	276
9	39
138	0
2218	421
0	420
5113	0
29	0
422	0
0	636
0	60
0	3363
274	1665
0	526
0	13
0	48
0	0
0	0
0	0
0	0
0	6
0	6
212	0
0	0
0	0
0	184
0	84
106	871
3	201
1	747
485	3
4	22
6	22
50	0
0	0
10	52
0	2193
87	114
0	1299
249	0
0	0
337	1
0	1328
0	1162
121	0
0	0
0	38
0	38
0	23
0	58
5	319
170	833
0	90
5	1398
114	1413
0	1406
474	1
0	69
0	93
21	41
0	41
3541	1
1	0
0	4
0	4
1	6325
24	5378
0	5656
68	0
0	0
0	133
0	389
0	357
20	0
0	397
1732	12
6	183
463	0
3	0
0	12
249	0
0	144
46	1
0	0
17	0
0	0
0	0
0	141
0	131
0	134
261	0
3	27
0	103
0	270
0	0
0	0
2074	1
0	106
0	1
69	287
6	287
789	665
55	665
81	905
16	0
0	50
0	50
517	0
421	1
0	0
58	0
0	188
93	0
0	1
0	1
0	254
0	1198
0	649
3764	6245
0	6245
0	147
2	147
0	186
0	149
0	21
731	0
0	20
32	489
0	326
0	113
11	56
0	13
357	5
0	3822
77	750
0	143
960	0
0	7
0	0
9	9
0	9
0	0
716	2
978	1
0	0
0	0
0	0
9	0
0	0
0	619
22	0
338	276
0	276
0	77
0	38
702	151
5	0
0	173
0	251
6	281
0	3
0	3
0	6
0	0
877	1
5	0
38	0
0	20
0	0
1338	5
0	0
8	58
0	82
210	0
0	886
4	5
94	0
0	569
0	4
0	0
0	0
5	0
0	0
0	0
0	692
0	598
0	536
0	630
0	164
0	8
0	9
0	527
9	71
0	3
0	3
0	100
1135	2263
53	0
7	11
430	0
70	150
2731	2
0	0
888	0
1642	0
175	0
0	4
3	0
768	0
0	230
51	358
1385	1
0	8
0	0
1	10
926	1
0	0
18	2
456	850
3006	0
0	1843
0	1847
0	1677
0	489
0	117
0	113
0	262
3	43
126	0
45	560
0	141
37	141
8	1563
8	92
0	70
0	74
75	0
7	7
0	914
19	22
279	0
0	316
975	0
7	133
442	0
0	0
0	27
251	19
1128	0
153	1269
0	286
0	286
17	0
102	1037
72	1048
0	0
0	0
59	730
93	674
0	392
342	448
0	137
79	0
587	3747
0	15
0	22
0	21
0	19
0	22
0	22
142	0
142	0
261	508
53	54
0	71
0	2
32	0
20	0
0	0
0	105
0	113
14	113
0	43
0	0
371	0
0	0
0	1037
0	1037
0	601
0	0
94	740
0	8
0	0
903	803
0	803
0	100
12519	5
0	0
38	1
0	0
0	0
0	0
0	0
0	0
0	0
0	0
0	0
0	0
869	6431
362	0
0	7
6	7
147	0
160	0
0	0
0	5
0	5
0	139
0	136
0	10115
0	0
26	552
1140	0
21	931
193	0
115	2192
971	2
0	1184
0	2
0	1500
212	0
0	33
0	63
1408	0
107	304
0	11
0	4
1	341
29	341
0	277
0	310
78	3146
4	710
0	3324
0	34
0	38
0	17
0	71
0	37
0	89
0	20
0	46
0	13
0	3
0	23
52886	53
0	1
0	1
4	0
30	0
91	0
6	61
0	109
0	42
0	117
2256	3
0	20
0	386
1265	2193
0	2192
0	172
171	0
12	190
90	0
0	219
0	0
0	114
127	0
0	29
2	0
14	11
0	0
897	0
0	1
0	702
0	0
38	841
0	0
0	0
0	227
0	871
558	0
1	0
102	0
40	0
24	351
2	10
27	0
0	6947
1	305
0	145
0	1577
575	2
1299	312
30	312
0	0
27	0
28	59
0	691
0	762
6	499
0	499
34	0
1903	0
782	0
0	0
55	0
0	0
0	0
0	42
27	121
0	999
5	2
0	528
5616	1
57	687
484	0
2	0
1839	0
0	82
0	828
0	3
0	3
1040	3548
118	3545
0	60
4	82
29	0
0	273
3	41
0	451
34	751
0	757
0	740
12	938
0	909
9	921
0	894
0	281
225	0
0	2664
0	2703
0	2703
3	2437
0	2437
0	2310
0	2573
0	2463
0	2568
86	2581
0	537
6333	10
0	7
0	7
364	521
5	0
11	11
0	18
0	489
1	0
0	0
0	2552
46	0
177	0
1658	0
13	0
0	631
274	961
16	961
0	430
0	0
2	201
104	3040
0	432
92	314
1105	2
641	1
111	0
106	0
47	0
21	32
91	0
1	0
1	0
1050	0
0	0
0	0
0	453
0	0
0	0
1334	0
1	3
5	0
47	331
0	1009
1	150
0	35
0	26
0	22
1	965
0	879
1	1423
2	5
5	12
0	12
0	26
0	181
0	10
22032	18
50	156
8	1
0	1
0	1
0	1
0	1
586	0
572	0
28	935
18	797
184	0
0	0
115	0
371	0
0	170
0	233
0	236
0	280
160	0
0	234
1	0
52	266
4	0
482	0
0	0
0	0
3	48
15	145
6	191
0	133
0	1
0	0
0	1
0	8
0	8
893	1
0	1466
102	1467
0	6
0	44
79	44
50	0
0	21
0	545
0	295
25	395
1	0
4063	2820
40	2817
0	0
0	33
0	475
571	1
1300	4470
549	0
332	37
1624	4
8	28
0	134
1	1406
79	0
3	0
0	2506
18	0
13	58
0	3
0	0
0	891
0	864
0	867
173	0
12	1039
0	1047
0	10
0	10
7	13
129	0
0	0
0	29
0	21
0	406
197	1
135	0
0	349
0	334
0	327
0	338
0	349
0	463
0	306
0	226
0	204
1577	0
6	139
0	8
0	8
0	1502
0	7
25	1710
0	5
0	5
0	5
49	0
0	320
136	0
82	0
0	243
0	14
127	0
0	27
0	0
0	0
35	0
3392	7
23	0
0	0
0	169
553	152
62	1739
78	0
0	0
0	236
0	55
0	55
0	55
0	22
82	0
27	155
0	1940
55	0
3	0
0	0
100	0
0	5
0	711
0	822
7	3000
2381	3002
25	877
35	0
0	2038
0	62
171	2824
0	2230
0	0
0	1073
1	0
0	930
0	126
0	16
0	0
0	35
421	0
34	913
63	4307
0	0
0	4
0	4
0	9
0	9
0	6
9	4
0	0
0	60
0	22
0	4
0	0
0	32
384	0
0	1
0	0
38	265
0	6
1056	0
7	97
0	108
92	0
0	49
4	0
2	5
0	365
3	37
20	37
0	234
15	225
16	28
0	28
0	251
14	0
0	0
47	0
0	0
0	185
0	125
0	80
0	57
510	0
78	167923
7	16
164	70
0	0
379	0
342	0
327	0
283	285
0	1350
25	985
727	0
138	621
0	550
19	68
4	44
0	6
0	6
0	6
13	0
0	19
0	279
0	537
439	3232
61	3232
0	2751
111	563
592	563
0	0
0	0
0	0
0	422
10	1594
19	1397
5	1159
724	2
0	0
207	0
0	564
8	0
2285	1
0	11
0	11
0	11
0	11
0	11
0	11
0	20
0	15
0	27
0	0
1	50
529	0
0	0
0	0
970	0
0	1369
11	1369
335	343
0	346
0	343
8	1621
0	2074
0	295
0	37
0	37
1692	0
1	12
0	11
1028	1
15	492
855	4690
0	45
272	879
0	0
377	0
0	259
72	0
5	57
0	0
7	12
0	1405
5	1047
0	1217
0	8248
7	0
0	148
19211	5
3102	7
0	47
65	200
0	0
0	0
0	0
0	4
0	4
0	4
0	2
888	4923
4	0
3380	3
162	306
2169	0
14	384
0	0
0	0
25	4
84	1814
0	73
126	1030
0	0
2280	2
244	0
1802	1
61	0
0	0
1	3
0	167
81	0
74	538
250	0
0	1454
0	1411
0	0
932	0
0	85
11	0
51	0
1	0
36	0
1802	15061
0	3610
0	1088
33	1088
27	572
0	0
0	23
0	23
0	23
0	0
0	47
154	999
224	677
15	16
5	112
0	54
0	112
0	187
244	515
343	1426
0	1485
0	1
0	9
7	89
41	0
0	113
0	119
0	120
0	118
0	123
0	41
0	31
0	2
0	354
0	341
0	625
0	321
1	4
0	628
946	1012
0	7
4	23
1	31
0	31
10	2685
0	794
18	0
1	7
0	4
0	4
0	12349
57	13351
120	3
0	79
0	71
23	20
556	4993
16	430
0	35
0	29
0	581
0	350
0	357
0	516
6	103
8	168
30	427
0	407
0	10
0	746
0	593
0	720
0	129
0	0
1207	2
7	19
0	4
0	0
0	54
24	67
0	184
0	156
0	151
17	32
795	0
0	0
130	52
0	0
91	764
0	326
59	623
0	92
0	140
14	0
6	18
0	289
0	1058
77	0
174	1
0	0
0	29
0	59
0	96
0	327
0	1970
0	4
0	0
0	0
0	0
0	2416
2	32
0	0
0	0
2	2
197	126
520	2294
0	452
4	833
20	1129
0	1093
0	936
639	1
189	0
0	1691
0	0
740	394
400	1185
31	0
54	658
0	49
2	423
42	529
0	413
0	492
1	624
0	566
66	235
0	0
0	207
0	207
0	13
511	2
36	0
0	864
17	0
228	2303
0	0
68	0
7	0
0	3507
0	3
4	248
0	0
1996	13
167	1156
1	0
0	3247
392	0
291	0
0	0
0	0
130	0
1242	0
991	2
0	10
202	173
3	0
437	709
0	107
438	2086
0	2522
1	2657
0	2643
573	2
14	2
0	1539
0	1411
0	1593
0	1474
0	1423
0	1402
0	4
37	318
0	318
0	211
14	226
0	210
0	331
0	46
0	53
51	266
76	1899
0	1899
0	6
359	1
605	1568
0	1568
0	0
55	164
0	10
265	0
0	0
0	244
0	0
174	307
24	0
0	30
0	30
0	21
0	25
0	22
0	22
0	26
0	26
0	7
60	236
0	0
147	847
0	844
3	408
0	0
0	73
85	746
0	0
9	248
0	248
0	37
0	0
0	15
1297	0
15	54
13	9
87	0
0	174
290	267
0	267
4	135
13	135
0	133
0	137
6743	6
1	12
1	28
0	157
0	149
0	340
0	98
265	0
2	25
587	0
419	0
105	0
0	0
0	706
9	174
75	0
0	29
0	0
1595	400
6	238
0	24
24	0
0	0
2465	2
0	0
0	0
0	0
0	9
0	8
0	3
0	4
0	1
0	3
0	1626
0	1565
18	8
0	11
0	119
0	883
0	1094
0	48
0	48
0	0
0	14
25	627
5	0
631	1
0	163
0	0
0	64
0	65
0	0
0	0
1791	3
0	0
0	0
0	562
0	284
2	403
4	2326
49	2328
0	2271
0	1938
29	3312
0	3367
77	2651
39	0
0	310
0	9
0	5
0	0
0	1059
0	24
2	24
1195	0
128	0
199	0
0	36
0	55
0	7
984	0
8	150
33	7
0	940
2	1
37	0
16	60
27	30
1107	3
0	0
9064	7
0	138
0	0
20	307
414	1176
265	0
0	0
13	2
252	338
1007	0
0	0
0	178
0	115
0	71
0	113
0	67
0	13
0	1
10	0
0	924
0	167
2900	0
0	3
0	0
0	3
0	167
0	3
0	1
49	0
122	7
14786	14
0	32
7	32
40	110
0	368
12	270
15	270
4	2442
4	29
33	130
592	0
0	0
653	1
460	0
0	0
0	438
129	438
5	438
23	161
0	0
8	0
55	120
0	2559
130	26
56	26
1574	6
155	992
0	1471
158	144
0	209
98	2
0	0
396	553
0	104
0	103
20	161
266	0
0	855
0	195
1	178
18	178
0	127
2	22
0	22
32	34
1	767
0	311
0	760
0	769
5	780
0	762
0	0
0	0
859	2
0	0
0	36
0	0
7	3
0	26
0	26
0	26
0	26
25	119
0	127
0	127
0	0
0	20
34	4323
83	3670
0	4027
119	3687
0	2007
629	2011
0	598
0	0
0	13
23	37
80	283
100	0
470	0
0	76
1050	1
8	0
34	0
250	1141
11	1141
103	280
0	280
103	80
0	198
0	251
0	348
0	300
0	221
0	97
290	0
0	0
613	0
12	0
227	1686
0	1770
0	1596
127	0
1213	6
404	0
5	737
0	164
99	0
0	15
5732	8
0	0
0	0
2969	0
1	136
0	292
116	0
357	3
7	0
1714	14530
82	2
0	0
614	30
0	0
0	0
0	256
123	0
0	0
0	0
0	0
34	0
3	0
0	1340
63	0
2901	0
13	321
62	1439
457	0
0	0
1	1819
0	512
505	0
0	0
8	24
4500	0
45	189
0	189
0	122
878	0
485	0
0	4
0	2
0	618
0	0
62	52
4	2
0	0
0	5
0	0
1688	4
0	1463
0	1463
9	0
11	0
12	4667
0	102
0	0
197	118
206	1318
0	0
0	0
52	439
911	439
133	0
0	95
3789	5
0	72
0	231
0	229
0	314
0	2
0	0
0	601
800	0
0	0
1340	0
669	0
6	0
0	0
0	79
121	0
0	213
1	109
0	5
0	5
0	0
4	0
1275	0
1	0
2585	2
9	0
924	0
155	2270
0	0
0	545
0	2485
0	2628
0	42
7	0
104	389
18	389
129	387
45	387
57	0
28	566
9	92
0	1454
0	48
0	2485
343	1339
0	1491
0	477
25	1492
0	0
6	0
137	0
0	0
32	406
8	406
0	0
0	0
2274	0
0	64
29	0
444	0
0	2
2466	1069
0	1069
0	797
248	0
0	291
2	9
0	16
0	210
7	208
6	12
0	406
11	881
0	833
0	0
286	0
8	246
0	0
0	0
0	0
17	3
24946	12
0	1028
0	1133
0	0
64	770
986	0
0	437
10	0
2	0
12	0
1275	0
16	0
457	7
0	158
0	158
0	156
0	21
381	2
0	12
176	543
2233	1
0	2
46	2880
0	2880
20	0
3	1
0	5190
655	1
1	0
119	0
0	0
0	93
14	222
224	0
10	105
149	105
0	74
15	0
0	380
1	3
0	1
15	58
0	46
0	57
70	0
404	0
0	0
0	0
0	2
0	240
24	531
6	172
1	0
0	0
1447	0
0	10
0	10
564	1
0	1185
1335	1
56	542
0	542
0	542
6	0
491	0
0	0
166	353
0	0
0	850
0	1111
0	751
0	737
1112	2449
0	2449
646	0
0	341
963	413
0	411
0	0
157	0
64	0
0	36
939	0
0	0
0	1203
0	0
0	0
380	0
23	2409
80	2409
516	0
15	826
0	1
112	0
93	1053
19	1053
0	25
0	1296
142	1341
0	0
10	0
0	245
286	0
174	0
89	321
0	0
0	0
0	0
7	28
0	0
1	0
0	0
0	437
19	437
40	297
30	297
136	33
98	6365
347	6367
13	398
46	397
2	0
115	246
32	246
84	497
0	0
0	267
0	241
4	185
36	0
21	359
0	26
0	26
76	198
0	1855
0	1
25	45
1241	2
0	1058
5	255
0	9
0	0
201	0
0	433
1720	0
0	342
7	0
161	0
0	4
0	21
0	29
0	406
342	627
0	627
6	1265
0	1421
0	477
426	0
0	204
0	32
51	92
1	0
0	32
0	32
6	32
1	0
3	4
190	1190
0	1190
0	0
7	0
962	0
0	0
24	209
98	55
0	1299
173	304
0	0
1120	0
180	16796
980	16796
0	128
0	615
0	0
0	13616
0	5
0	313
2	1145
0	995
0	9
0	5
139	165
0	344
0	180
4	247
0	237
0	237
0	41
2	3
0	21
0	6
12	0
29	7
161	0
3	781
2565	1
0	140
17	140
0	529
0	2
5	2
2	2
39	287
57	287
138	0
4	150
0	168
398	0
7	0
0	0
0	0
0	977
0	753
83	0
0	0
0	167
1166	0
0	3
410	0
74	157
73	1
19	0
7	1081
0	0
2987	278
0	270
1260	0
619	0
98	0
2	226
0	62
0	0
157	0
4	79
2	7
0	0
0	0
306	0
74	13
0	7928
177	0
608	740
0	673
0	731
0	720
0	559
0	0
0	21
0	19
0	21
0	21
0	19
1	0
3	0
9	51
0	0
0	0
0	0
1419	0
0	0
666	0
0	60
0	0
0	0
0	0
1351	1
789	0
0	2
0	2
0	0
0	0
0	180
22	62
0	1
0	1
667	0
0	0
0	294
0	306
0	281
0	3
0	181
0	0
0	112
0	95
0	946
121	89
50	89
0	726
1	3941
0	430
1125	3
5	156
10	0
0	0
423	0
0	92
1	11
184	0
9	19
49	0
0	11
0	10
0	10
0	10
0	0
0	46
25	8
7	0
0	0
1377	1
882	1
2	0
7	113
0	28
0	64
11	64
0	0
0	0
131	0
29	277
0	133
71	567
0	117
0	0
75	0
0	4
0	0
30	1174
0	1174
16	89
0	284
0	215
4557	5
0	0
0	66
558	0
447	0
325	0
0	861
0	552
0	668
43	466
0	0
60	1237
0	5
20	162
0	20
0	0
0	0
0	3
23	0
0	1775
223	0
35	0
18	2
13	236
576	1336
131	1336
0	32
0	514
0	18
467	0
10	0
3	7
539	1
1763	4
0	0
10	106
0	0
2525	3
12	0
0	13
47	14
32	0
162	0
336	0
4	0
78	1325
67	0
18	21
170	403
7	0
0	3785
120	2096
0	873
0	22
396	1228
146	625
0	625
11875	13
0	0
0	0
205	0
0	4
83	302
2	640
0	267
6	1
0	449
2	0
3	0
0	1516
0	960
0	1051
0	730
0	0
0	0
0	94
0	94
72	341
41	119
496	5119
16	5117
206	124
212	0
489	0
0	6
14	0
75	0
0	1
2275	0
0	4
0	4
101	690
0	0
0	79
7	0
11	0
91	2316
21	2316
58	1
467	0
50	149
890	0
0	0
0	0
0	3
0	3
0	0
0	0
17	709
823	9052
35	9052
0	27
78	0
0	8
37	0
0	0
0	5
0	2
0	2
0	2
0	47
0	0
0	0
1534	0
25	0
0	0
2	0
0	17
16	93
0	473
0	471
0	1181
1	1215
0	0
0	0
372	138
0	125
0	817
0	1258
0	14
87	0
38	100
1	194
34	106
73	10
0	238
2314	5
0	766
0	37
65	37
0	1810
83978	54
905	2
0	3
0	0
0	725
87	3545
67	3296
47	11
0	10
0	0
4	733
0	733
49	588
91	919
130	919
0	801
31	435
34	413
0	413
0	5
1	735
0	752
0	710
0	710
56	162
27	0
0	0
0	9367
6	92
0	97
0	0
0	0
0	0
0	2295
35	0
0	666
1	33630
1	32896
0	35509
0	0
13	205
185	255
0	3325
155	0
1	0
70	877
47	23
0	566
215	506
203	506
8	122
0	0
0	45
3206	1
0	0
41	0
398	0
1557	2
101	124
16	101
51	101
0	240
0	109
16	108
4	347
9	347
1	3
232	0
15	0
0	2228
0	0
86	52
2	155
0	118
0	3224
0	208
0	62
0	62
0	62
0	0
175	0
17	1077
40	1094
17	1094
0	0
2	53
12557	7
0	1639
0	439
0	7028
199	1944
218	293
0	0
2	420
109	42
2	101
0	132
74	178
22	178
3	0
2767	2
0	27
558	2
0	1516
11	0
0	255
79	271
0	2289
18	0
3	7
0	342
0	9
0	9
0	9
1702	2
0	0
34	77
5	129
3	29
0	0
28	132
43	132
1227	2
0	0
2	0
0	0
34	255
23	299
0	269
0	0
12	198
22	0
0	0
10	102
0	993
0	0
0	45
0	440
25	167
26	94
0	88
0	0
434	0
0	0
1393	0
67	0
4313	4
0	50
0	0
0	0
0	32
4872	1
0	99
4	228
0	175
0	6
0	6
140	396
0	29
1944	338
0	0
0	25
0	24
0	1223
0	1223
20	1275
0	693
0	1077
0	805
26	0
0	0
0	58
2	380
52	380
458	0
47	0
6414	15
0	1075
45	537
4	0
0	15285
0	3694
29	183
10	183
105	0
106	419
104	785
0	785
24	0
152	0
0	0
0	0
20	1555
0	502
0	132
3	144
0	687
0	0
534	0
42	0
0	0
0	739
0	68
0	0
0	0
160	644
34	18
9	0
0	0
0	15
0	15
0	377
0	25
0	245
0	0
3	29
0	29
0	0
464	0
0	711
258	0
130	0
0	766
3	22
26	0
0	292
0	133
0	165
0	1
8	56
0	56
52	16
23	37
2	144
187	0
0	165
450	165
83	29
5	0
4	0
0	0
21	139
0	457
516	0
2390	0
0	2274
0	2168
1	1830
0	2235
0	1186
111	1192
0	1084
1	1207
228	1574
0	110
229	871
114	0
21	372
0	0
27	0
33	116
0	5
304	35
1	0
132	5
0	0
0	5
1	8
0	0
0	23
3	6
0	1
10	16
0	0
1	448
5	0
301	5455
0	5455
0	58
0	0
403	1
0	177
0	122
0	107
16	0
2445	8133
0	8133
2	193
30	7
0	209
12	0
0	36
0	208
0	220
0	0
10	196
0	67
1	1
4	2
565	0
5	3778
101	185
7	1007
2	930
114	107
68	0
0	0
50	75
0	0
150	878
187	1126
0	0
39	340
1174	4
0	2744
2499	2745
0	315
10	293
0	99
28	425
4	425
11	497
0	795
1752	850
4	1116
0	972
0	1
0	31
0	1616
0	0
0	0
0	1340
0	900
0	1025
3	1050
430	0
706	0
0	3
14	0
0	125
485	17
245	2832
12	44
0	936
2	0
66	0
12	0
0	0
0	65
0	125
0	190
0	84
0	180
0	190
0	133
370	0
44	0
0	70
0	39
3	0
13	459
0	58
0	193
0	1511
0	0
0	0
0	57
368	1066
391	2077
0	0
96	0
0	75
8	27
0	0
0	0
0	23
0	0
0	109
600	1185
0	0
0	0
0	0
0	0
0	234
4	5954
0	6414
0	320
0	590
104	406
1310	0
0	3
2642	1
199	292
2004	0
32	166
2	1
680	0
0	747
36	436
0	922
0	817
0	1954
3	1988
96	2170
0	1984
0	2166
0	936
122	258
0	179
0	82
0	30
79	1811
0	1812
403	3
0	0
0	0
604	1
3	0
274	1550
7	70
1	1307
0	1332
0	1337
1532	2
6	0
122	410
5	70
0	24
37	462
0	462
0	469
0	492
0	492
0	431
26	284
0	0
18	0
3	0
31	236
0	301
266	0
94	491
1	101
0	8
0	689
161	1324
0	939
7	937
0	1
1604	0
0	0
94	802
1186	0
580	0
0	355
73	646
0	646
6	0
0	42
0	232
0	69
478	729
0	60
17	685
150	652
1	1955
6	2
67	0
114	0
17	0
0	694
0	204
0	237
0	6
0	6
0	0
0	207
0	1102
0	14
0	4179
0	3849
0	6567
0	6519
6	260
0	260
10	0
11	0
0	3
3672	5
4	1000
259	0
1006	0
0	899
0	406
4406	3
425	0
429	0
0	827
0	0
0	0
3	0
81	640
0	1370
0	1048
0	164
180	0
61	0
315	0
7	0
0	3
21	333
5	1055
208	1055
94	565
13	0
0	0
0	83
29	0
0	23
1549	1
248	0
0	0
0	2
34	376
0	376
0	418
7319	3
245	0
4	6
23	4
0	77
384	101
0	546
0	546
0	297
4023	0
10522	3
413	143
15	1400
74	1400
3	58
1	58
0	382
0	0
0	40
162	0
0	0
0	225
0	0
606	0
0	2
20	0
0	1928
2	12
2976	0
0	895
0	666
0	0
35	715
2299	0
107	0
0	17
0	0
0	0
433	0
0	849
0	2
0	2
0	0
1906	0
0	0
0	0
0	0
0	233
269	0
0	0
0	139
0	214
0	241
0	1353
39	0
0	464
13	662
6	591
32608	45372
0	32545
6	46634
1652	14317
0	121
1385	1
0	5
0	390
0	0
27	0
0	0
0	0
0	222
0	546
0	226
6	244
0	37
158	0
0	205
0	205
0	0
0	0
0	41
0	1764
0	0
384	0
28	171
0	75
0	181
0	207
0	1249
0	9
260	4018
20	4017
0	1858
3063	5
352	0
0	23
0	21
0	71
0	92
0	93
0	71
0	76
7	98
0	79
0	39
7205	7
0	0
0	163
0	110
0	60
0	102
0	0
969	1
0	281
0	433
0	281
0	443
50	1213
17	263
881	1
10	100
166	332
0	332
182	1012
2546	979
0	977
552	1451
323	1451
0	0
0	1034
0	2988
37	2988
79	816
0	1495
92	0
256	0
0	0
302	0
0	81
220	0
73	73
1030	36
0	0
0	104
81	307
327	0
7	75
3	0
180	0
0	18
0	10
0	104
35	104
0	0
0	0
0	8
17	0
0	0
0	0
0	423
4	11
8	0
0	53
227	0
131	0
0	288
0	39
25	37
15	0
0	0
640	0
0	239
0	538
1	0
683	0
1438	0
0	33
0	1
119	0
98	141
90	305
64	0
0	51
0	167
0	716
0	1980
1611	1
1003	1
35	30
154	9
0	0
19	13
0	15
31	0
0	18
0	20
13	58
0	0
287	0
0	191
0	338
1	253
0	138
0	318
0	360
5288	3
0	0
0	889
0	666
0	5
20	204
0	117
0	85
3	109
300	2446
0	7
786	0
0	0
0	0
0	1035
0	968
0	1063
0	1107
0	487
0	190
222	904
55	522
0	455
97	125
4	125
3	256
0	278
0	329
0	268
0	0
0	5
517	0
4	63
0	95
15	25
0	14
24	77
0	5
0	5
0	180
18	180
3	30
0	30
0	1231
0	85
0	0
0	7
46	0
14	146
0	146
0	1727
42	1722
0	1465
35	81
102	45
118	0
0	0
0	0
12	0
93	3170
150	3170
8	0
413	0
0	10
28	190
71	0
392	0
203	325
58	838
0	0
2	25
0	191
0	165
0	55
275	0
10	272
0	764
0	778
0	278
0	145
8	40
0	145
0	61
0	0
0	235
0	110
24	191
0	29
30	0
1002	8
0	0
398	0
0	0
0	8
539	871
0	757
3	2012
0	1889
74	512
4202	4
0	554
0	220
5	214
0	223
0	207
29	188
0	0
147	1567
0	6
0	6
2997	8
83	637
0	383
697	208
4	123
10	96
121	573
0	0
25	17
1237	3
0	503
1	30
713	2003
260	1699
389	0
364	134
3	0
0	488
0	112
0	112
0	41
617	1788
205	1787
503	1
0	455
0	1414
0	510
0	140
0	0
0	41
0	41
0	53
11	496
0	195
0	0
427	0
0	246
60	293
0	293
6	39901
3593	39910
0	343
162	0
0	128
1342	3
187	0
4	0
2088	3
12	0
0	53
0	41
0	20
3888	468
0	241
0	0
0	2853
4	0
0	0
25	61
0	9
47	34
0	20
0	710
152	1813
0	1595
12	29
0	1805
0	425
0	49
41	26
0	0
14	452
0	431
0	108
0	0
0	0
0	372
0	350
0	339
0	11
0	633
263	2627
0	442
409	0
288	0
194	0
30	37
198	0
789	0
12	0
930	1
157	0
0	0
0	0
547	0
0	27
0	0
0	281
19	0
2	0
1	15
100	0
21	73
0	0
0	0
0	0
0	0
11	30
89	873
34	0
313	1226
0	112
32	238
2	238
0	358
0	418
0	2487
0	1847
3	9
0	0
0	1
0	0
0	0
0	0
6	8
0	0
0	0
3	0
0	0
0	0
0	0
0	9432
0	9491
301	9052
0	9014
21	482
0	174
0	0
30	963
0	0
1	4
734	0
2027	1335
0	1331
0	0
0	0
0	811
0	706
0	143
5	143
372	0
167	4
0	136
2238	2
3	214
5	251
255	2
41	1306
120	318
26	318
0	52
0	904
0	915
121	88
0	3717
152	0
3	89
0	343
1306	0
0	529
3163	3
0	6
90	0
1387	1708
0	1706
0	242
0	0
10	0
103	0
0	1156
0	1136
0	19
26	465
189	369
0	0
0	0
3667	0
0	0
48	757
9	141
0	141
0	0
0	0
61	0
0	193
0	203
0	218
0	14
0	190
5	0
0	12
10	6
146	0
21	146
0	2
0	0
0	26
0	129
11	0
132	0
0	19
6	22
0	380
0	0
0	4010
10	0
41	0
490	1295
92	1291
441	0
122	0
1214	1407
4391	0
921	0
0	98
0	133
0	142
0	116
2	595
33	132
7	132
0	743
26	3
6	5
124	35
0	41
6	0
1487	6478
6970	6483
0	2
667	0
0	0
0	1466
0	0
4	15
0	0
0	1684
1	0
1572	0
0	1
140	0
1319	0
533	0
73	0
1031	1
0	10
6	10
150	1041
3124	9
0	0
0	2
882	1
0	0
0	287
106	290
0	290
0	277
0	0
0	0
0	0
0	0
0	0
33	0
0	174
69	174
459	1
0	348
23	994
81	385
0	256
284	0
611	27
262	0
2	1767
0	552
3525	554
12	15
36	15
1441	545
143	542
131	227
0	227
96	46
0	0
0	48
0	314
35	0
0	1
0	1
0	1
0	17
127	0
11	58
38	208
117	0
18	0
5	1021
0	1
0	21
0	33
16	491
1424	1
59	0
30	102
0	108
0	108
0	108
0	75
83	219
1587	1
571	0
21	84
12	84
5	11
686	0
24	86
0	1077
0	1297
0	50
19	596
0	466
0	461
0	459
0	572
0	298
4	140
501	0
5	4
32	0
174	1356
3	2
0	0
498	0
0	0
45	146
0	0
0	0
1205	0
126	0
0	2
0	2
4	155
0	142
0	144
0	120
98	198
145	1676
2	402
0	256
0	112
68	1
2	49
0	0
610	1569
225	0
29	11
93	1963
0	1963
19	1959
0	0
0	105
0	105
0	91
0	18
29	0
0	336
0	0
76	0
41	0
0	892
0	0
0	0
148	0
0	0
519	1
10	13
0	214
14498	16
903	0
0	0
0	86
398	0
1237	0
0	0
661	13
87	0
174	2446
45	2446
40	856
77	856
10	0
0	0
0	0
0	740
176	0
0	0
1982	2
0	747
2	0
0	42
0	30
0	30
31	275
0	233
0	4884
0	2614
7	48
0	42
77	1594
0	2158
0	1508
0	0
0	188
0	5061
0	245
0	0
254	0
11	0
19	632
0	202
0	202
0	0
61	0
217	0
0	0
1019	3
0	98
0	0
0	0
1	0
35	169
0	0
0	1075
164	1561
0	20
36	70
26	152
0	273
0	83
49	0
7	841
0	10
66	125
3802	6
38	0
107	0
0	603
3	21
0	21
0	32
7	41
0	0
83	934
0	934
0	0
135	0
0	37
6	118
0	0
2	0
6236	3
341	2
31	0
648	2962
0	2962
227	736
0	17
2323	1
7301	2
0	4
0	4
34	165
159	945
557	0
31	16931
529	18156
0	4296
0	43
0	0
0	57
0	57
8	70
10	0
2	0
78	0
10	19
8	36
12	193
116	180
3595	0
2279	0
6	0
0	6
68	165
14	166
801	3
0	51
0	155
138	374
13	293
73	0
0	2
0	239
0	237
1	286
32	0
241	0
531	0
0	0
342	1127
0	742
0	4
0	182
6	0
0	240
14	240
1016	1084
0	1084
164	0
0	3
1	3
915	0
0	0
0	25840
0	0
0	0
1566	2066
7	1963
83	1950
0	14
0	14
0	75
6	23
0	26
17	33
0	24
0	145
0	311
0	445
16	12
0	0
0	0
0	424
19	93
0	0
0	2
83	1
117	0
313	0
0	545
4	236
517	236
44	659
39	483
102	133
0	503
433	0
0	1944
0	5
13	60
1	1043
0	21
0	399
470	0
1739	7
873	0
8	791
0	0
13	52
0	52
0	139
68	0
34	1030
132	0
0	0
822	0
0	246
0	263
21	0
0	734
1992	1311
0	1231
41	38
0	406
0	16
14	0
0	24
2	30
0	203
352	237
6	0
542	0
3	0
0	351
0	341
0	341
0	326
0	334
0	442
7	0
0	1184
61	0
22	0
0	463
1	17
0	17
0	11
0	11
0	0
3	0
765	3027
0	2828
0	2061
5	918
0	1578
2537	5
1	1041
0	22
581	0
18	0
3639	1
0	279
6037	3
0	0
250	0
0	2
0	305
655	635
19	635
8	4
0	3
701	0
2	26
3443	3
748	0
0	571
14	188
1	188
431	0
596	0
11	346
0	1040
0	0
7	2
35	0
0	113
1	782
42	776
18	56
0	0
149	21
65	511
0	511
1	107
753	4
0	110
0	119
25	131
557	2
0	0
0	0
0	0
35	167
1760	1
0	20
0	0
85	0
0	4606
0	0
0	0
0	209
0	209
0	197
0	0
411	0
31	0
16	4
0	2
0	2
0	10
15	277
0	311
206	3468
0	3468
56	227
5	0
0	0
5	406
2	0
1564	4
4	327
9	327
0	23
84	0
26	119
132	951
980	0
21	124
0	328
85	2
265	0
57	434
0	431
0	2279
0	399
0	552
0	78
313	0
0	0
0	0
1	35
0	0
45	218
0	173
1	173
0	173
0	246
86	460
0	460
250	150
1	1
33	151
0	38
0	51
338	1179
0	18
202	60
846	0
1	4
0	3
0	0
319	0
170	0
12	68
11	68
0	0
107	0
6	0
0	0
23	118
0	63
0	73
0	0
33	0
0	58
0	61
0	4290
20	0
0	118
0	118
0	118
0	118
0	118
0	104
3	0
186	164
0	164
0	747
475	0
67	0
176	1
183	0
0	0
21	261
6	0
0	686
0	309
82	0
0	1607
42	0
0	807
22	4
593	0
64	133
205	0
1	781
4	0
25	907
0	1048
43	809
34	950
269	29
0	27
0	0
1030	1
4	8
39	154
0	0
0	10
32	35
0	35
772	1
464	1
0	71
0	276
0	74
13	18
0	0
0	0
1	20
81	1223
49	1223
0	0
0	0
13	112
66	0
544	873
16	885
0	796
0	1
0	0
0	29
4	954
33	1109
0	1117
0	36
11456	7
0	155
0	926
0	1898
0	1558
0	780
64	891
3	894
0	151
0	845
10	228
3	0
13	123
0	92
131	0
4	0
85	940
0	940
0	662
2	209
415	0
528	1
19	47
0	10
0	6
0	10
53	937
6	937
0	62
0	59
0	27
0	46
0	67
0	137
0	46
327	0
0	1235
33	1235
168	2
169	112
4	49
4	1
700	94
0	0
0	2
85	19
73	26
122	158
0	107
336	0
25	0
19	284
0	15
0	13
829	0
398	472
19	472
97	3989
0	5190
0	5092
4	5031
65	5338
16	5048
2	0
10	0
0	0
0	0
379	0
0	450
78	21
249	0
134	3246
123	0
1774	0
2	0
8	0
0	957
0	388
173	1658
0	1289
0	47
0	17
0	16
0	17
0	16
0	17
0	16
0	17
0	17
19	0
0	0
14	1182
0	275
0	4
0	10
0	10
0	60
5114	1
328	0
1944	5
6	269
0	269
0	0
7	295
0	295
255	101
0	1789
0	1789
1	12
3393	1
6	0
0	282
2016	0
3	2
0	2
20	0
359	1550
604	0
0	0
0	0
0	199
0	187
0	0
4	0
1010	3
0	3
0	3
0	4
0	4
1110	0
3	34
227	700
49	675
0	0
15	1933
168	1933
1174	2
0	0
0	0
13	14
6	12
4	5
506	0
263	1188
0	785
182	214
0	319
44	0
1816	2
95	0
696	0
3	2
2454	1
0	0
0	0
3	0
0	1621
89	1040
0	1639
526	660
0	1256
0	0
1716	0
0	99
0	90
0	1068
514	3
0	68
662	68
5	0
30	20
32	388
0	24
0	17
0	7
295	0
1461	1
537	1194
211	1194
365	0
133	508
0	358
3	0
37	0
0	447
0	150
1115	2
0	0
0	0
0	0
4	0
0	0
1821	2
0	366
0	445
0	400
52	626
16	83
58	521
0	21
372	516
1616	0
0	0
21	0
0	4
1	0
0	59
25	1498
126	1498
0	1
0	1
0	0
13	0
50	0
0	0
156	0
0	0
45	383
0	0
0	0
16	510
113	498
2	8
0	1014
0	39
0	30
366	659
0	124
1547	6
0	241
154	2107
60	2107
28	0
28	0
0	14
375	0
0	26
0	0
3	0
46	309
0	0
0	13
922	0
1471	0
421	715
40	730
164	0
0	0
740	0
33	18
0	18
55	0
0	0
0	0
280	0
60	3001
0	1466
42	0
1779	2
595	0
656	1
55	108
1	108
0	1216
7	0
0	0
275	0
4450	6
12	61
0	0
1	6
0	8
0	325
0	0
41	26
0	174
7898	2
0	0
215	0
0	0
4	16
9	400
0	400
95	0
21	57
0	57
3	0
0	0
38	0
0	567
0	117
0	117
4	0
0	3
380	0
377	0
0	72
0	16
0	5182
0	5182
198	0
17	0
0	0
267	991
6	991
3621	1
0	0
0	938
102	454
0	263
0	0
559	0
1	9
113	0
645	0
0	0
0	0
0	0
0	0
398	2
53	0
0	0
388	0
0	1556
0	284
0	287
5	275
0	175
0	284
0	175
0	152
0	107
0	91
0	1122
3	0
0	7
2	1
40	147
25	418
0	48
0	48
0	717
1	0
4	1
0	0
0	0
216	1
14	280
8	280
39	81
28	35
0	21
9	131
604	0
1011	4
0	0
0	0
65	0
0	0
0	83
51	83
47	0
0	0
244	906
185	0
223	707
0	402
0	0
0	524
0	574
0	523
0	591
0	476
0	584
339900	332
782	0
1097	2
0	117
1	117
0	495
0	118
14	92
0	88
0	78
0	56
0	49
0	22
107	0
0	176
0	127
0	162
0	115
0	122
0	0
0	0
0	49
0	436
1	135
0	135
0	214
0	204
0	111
168	363
0	246
10	0
3	6
10	2
0	10
0	3316
0	3316
8	2959
0	2723
4262	4
145	0
0	168
41	437
0	129
0	193
0	83
0	121
0	4890
91	35
126	153
492	153
0	129
60	0
46	696
0	3
0	151
47	0
370	0
635	0
0	1252
3	21
0	70
0	123
0	8
0	0
0	9
620	4
92	4
115	577
3	0
789	0
1452	0
0	32
730	0
543	0
0	732
0	632
0	732
0	692
204	11
0	8
0	547
79	286
51	275
263	0
0	61
16	0
0	0
3	0
0	2471
0	2107
0	134
149	0
0	68
18	0
12	1103
88	1103
0	79
3085	0
4970	5932
0	5930
7374	1
4	101
0	0
45	319
0	0
69	0
0	164
762	0
905	0
323	1
0	10
0	7
376	0
2680	5
33	20
2	0
0	616
9	302
205	0
8	613
22	34
0	505
0	113
13	21
336	3207
70	0
294	555
384	1671
83	0
0	367
28	787
1122	0
105	0
55	69
0	69
0	3
368	2
129	0
0	449
335	0
0	0
0	627
175	2170
99	2170
1	243
0	0
7153	3
1052	0
90	659
202	2101
39	2023
0	0
0	0
0	179
6	0
20	0
8	986
0	1028
0	724
1	1
0	2729
8	53
362	733
0	6562
0	0
0	164
0	0
9	3
0	0
5	0
197	2
0	47
0	0
26	148
0	456
0	0
0	89
0	85
0	69
1	276
86	0
0	45
0	3
0	3
0	292
0	430
741	1
0	100
0	218
0	218
1	256
17388	12
0	14
84	195
131	9
0	21
549	0
0	20
0	20
0	16
0	2
1198	4
146	2819
44	2804
36	2830
0	108
97	0
0	52
148	1
0	263
1	221
9	221
0	0
0	0
0	0
0	265
0	37
0	58
0	725
3	3
0	0
1	3
0	0
0	0
1	0
0	0
0	292
9	266
125	0
122	0
96	343
0	44
139	48
0	48
330	0
117	0
0	83
4	41
74	165
56	1967
0	1967
0	5921
2	0
0	0
0	0
365	73
0	0
0	38
25	162
4	11
1491	0
1688	3117
0	3117
1305	0
0	98
0	771
158	1592
0	0
0	0
88	872
436	0
0	219
0	104
0	101
0	96
0	1
0	857
0	610
0	0
184	0
0	6
0	6
0	6
12	176
13	540
282	0
0	709
14102	8
1052	0
523	0
92	83
0	83
0	329
0	69
0	12
0	0
0	122
0	0
0	0
8	56
0	56
0	62
0	62
0	37
0	0
0	65
0	2
0	0
50	391
0	2
0	60
3	331
31	331
0	162
74	0
0	440
1015	0
0	0
117	0
95	22
26	22
4	4164
0	791
14	3747
0	0
2	0
0	255
3	8861
61	0
0	4
0	1147
0	1106
0	1160
0	1
0	3
0	802
1318	2
4	17
5	18
19	19
88	0
0	530
0	0
24	13
0	9
0	0
3	0
0	117
9	101
9	117
18	0
0	56
0	58
0	17
0	3
107	363
128	0
0	977
0	0
0	27
0	3
0	20
8	72
95	0
62	0
0	330
178	141
0	1010
0	985
0	28
0	0
0	557
1100	4457
81	4453
0	1508
0	177
0	384
0	77
0	106
18	2621
505	1
0	43
0	64
0	964
3	15
0	364
0	0
0	327
0	1
0	12
0	108
0	3
0	2015
96	1915
8	1952
34	1871
0	872
1	320
21	320
0	344
0	144
114	0
0	1218
0	2503
203	2860
712	1
3	0
192	210
0	5
34	9
0	586
0	494
0	591
1	634
19	308
7	96
5	0
78	0
46	178
0	0
0	349
51	0
139	287
0	875
76	0
0	0
0	0
0	8
0	2859
25	2857
35	2650
0	376
0	478
0	478
62	630
18	8
16	8
23	16
0	16
0	3747
1	4138
0	0
0	295
111	2139
5	2065
361	1774
0	808
309	591
36	755
0	509
238	0
0	200
0	380
0	28
0	339
69	792
0	9
0	9
2	113
0	0
0	0
0	1355
0	608
29	1356
0	0
94	46
0	355
0	367
0	306
0	2
187	456
0	94
0	467
0	254
0	2
0	214
2634	0
6	0
0	19
0	29
0	29
0	0
0	504
0	0
1	96
458	329
0	329
0	0
46	7
6	0
0	137
0	4
0	4
0	412
231	0
0	42
0	435
251	877
0	0
0	13
209	0
296	2691
5297	3
0	0
0	0
0	466
0	43
71	777
476	0
0	3
406	0
0	0
0	0
0	0
0	0
0	14
0	27
0	12
0	11
0	78
0	151
0	62
0	23
0	101
26	121
0	840
0	0
4	0
385	0
0	0
0	1
47	0
38	422
33	0
34	568
1	45
111	0
0	97
39	0
0	598
5	0
74	345
0	8
343	0
2077	1
0	0
0	0
0	0
0	62
16	0
0	127
6445	2
0	0
0	2
0	1204
132	0
10	124
23	196
0	0
0	2
35	990
32	990
0	4
43	716
620	716
23	131
124	131
277	0
14	4
0	0
18	0
0	7
0	157
1008	38
1	2021
14	8245
60	800
0	0
0	0
4	0
0	79
898	3
0	0
229	0
0	1
55	423
17	423
0	5
0	5
0	5
0	5
0	5
0	5
0	5
0	5
0	6147
0	0
0	6
0	21
0	21
0	0
0	5
0	2646
0	87
2	2751
2	2672
1005	1570
0	0
178	191
42	191
0	0
0	206
0	0
0	16
0	16
0	0
236	0
24	0
0	15
0	15
203	0
13	3341
183	3341
52	2199
0	834
0	1905
0	1946
0	28
0	18
15	0
0	24
1	0
0	0
1441	1
63	0
0	0
220	0
1065	0
700	0
20	5166
38	0
0	1
0	0
0	0
0	0
0	0
2	0
0	137
5	137
6	11
30	11
0	0
0	0
62	612
0	362
0	1
0	1
0	0
0	1
0	176
2	176
6	0
0	1
2	66
13	0
0	0
0	0
17	0
4	20
156	255
1	8
6	0
2	22
0	22
0	13
1	0
0	18
0	21
740	301
0	301
0	51
0	0
0	0
0	0
61	1050
0	206
0	285
356	419
0	10
10	0
0	0
0	1854
0	0
0	1426
0	829
180	1
0	602
0	0
174	0
493	1
2	820
0	805
375	0
0	0
0	0
60	1
1	0
63	0
7	3
0	290
424	638
0	0
14	0
16	146
0	245
0	0
0	0
0	77
0	0
79	8874
1028	8875
0	7759
1	55
0	351
920	354
0	1
74	926
0	0
8966	1296
0	1293
942	0
0	0
0	4
0	4
0	0
26	0
0	86
0	2
0	0
100	223
5	43
867	0
1849	2576
14	0
11	756
0	756
1968	488
0	4
52	40
5	0
0	2851
0	2120
0	0
0	300
446	0
44	0
11	50
3964	0
0	0
0	11
753	0
0	8
0	0
151	1468
2	89
2737	2
80	212
188	0
1836	10804
14	0
320	0
0	0
78	187
0	187
21	0
0	0
38	2
0	0
599	3
0	426
0	385
1	313
0	419
0	342
0	276
0	75
0	43
1	43
659	0
0	0
2	194
15	194
17	2583
0	2583
0	31
54	0
54	0
227	0
0	29
246	4025
120	4018
0	4032
4	4013
267	3907
0	43
2	43
0	43
0	43
0	43
0	31
19	0
0	299
0	322
0	322
0	316
2	526
0	507
0	470
0	612
0	5
0	0
0	1735
12	60
0	93
13	0
0	396
0	380
0	396
0	279
91	364
0	0
918	1
0	1559
140	1074
258	0
7	8
47	3
2	0
3	0
0	4139
197	4277
0	218
4	4
0	4
0	0
1048	0
0	0
0	0
0	0
43	1046
0	482
0	452
0	483
3	473
6	454
1	452
0	350
0	450
13	0
679	3
295	281
29	281
0	0
99	68
0	1045
33	1045
0	339
264	0
0	522
1	10
210	1199
0	0
505	0
79	4
0	3330
0	3330
1043	0
6	533
0	22
821	1
35	3
0	0
0	0
1994	5
22	149
2239	0
61	0
439	0
630	0
9	0
0	36
0	36
81	1
0	0
0	0
315	0
25	450
870	2
0	185
0	184
0	187
0	177
334	0
199	0
604	0
0	0
91	60
0	1024
51	538
0	538
29	0
2	0
67	63
0	63
472	2
18	21
267	0
0	522
456	0
821	0
0	274
0	0
8	13
53	4
101	1233
12	183
0	8
0	8
226	1675
462	1676
51	0
9	0
0	0
30	0
0	0
2	2
0	6
874	923
0	923
38	0
838	2
0	0
0	0
0	28
0	203
0	203
16	199
1518	1
0	59253
0	0
421	303
0	303
0	2
0	128
0	220
0	85
101	403
0	403
90	0
21	1085
0	334
2	334
12	489
26	179
7	70
0	0
1	0
0	21
0	0
0	140
189	0
0	853
99	853
10	5
0	83
15	83
0	57
0	133
1400	3
0	535
29	535
2074	35
666	1
0	0
25	10
4	23
0	309
306	0
4	0
0	0
164	0
12	0
741	1255
0	2
63	0
6	0
164	123
0	123
3	3391
15839	11
1157	0
10	1031
0	998
12	374
22	0
0	305
0	306
65	167
0	189
0	0
0	8594
23	35
34	19
0	16
0	13
1902	7083
4	0
371	0
0	2692
81	2623
3	2624
0	1269
61	0
40	0
22	0
167	91
0	91
7	677
129	15
377	0
1	144
55	144
17	1
0	8
216	936
0	936
186	1
1144	4
813	0
0	1355
0	1382
0	7
412	0
0	2
0	0
45	281
39	1111
10	556
487	0
40	0
94	614
0	614
2	0
0	118
310	528
0	528
0	0
0	3
148	0
0	64
0	0
0	6004
0	5724
0	6381
375	0
15	1
178	0
0	0
0	1317
223	2
0	863
31	0
127	1
0	1
441	2
500	0
195	1
12	0
0	7158
0	6690
0	7126
0	7186
0	7154
0	5706
0	11
0	138
105	170
0	0
0	0
0	0
0	0
0	7
528	4029
0	137
0	1080
0	8
3	8
24	64
0	1292
24	1293
0	110
0	7
0	4
0	16
0	558
1	7
217	0
0	547
0	40
0	19
80	19
0	267
0	0
0	1310
1	222
114	2311
0	6
0	47
0	186
0	56
0	0
0	0
0	201
0	242
0	0
0	12
244	35
0	3
366	0
0	219
686	520
1969	526
0	0
0	235
0	0
0	0
0	20
0	20
0	20
348	875
416	0
6	102
20	0
0	260
27	500
1	490
0	498
0	499
0	1
0	1
0	491
0	0
0	1931
0	1653
0	5430
22	5289
0	5455
0	152
42	0
105	1417
0	49
0	0
0	0
0	0
0	24
0	0
0	1122
66	392
20	0
0	521
4	23
0	2623
6	0
0	0
0	161
0	2213
88	1
0	367
0	134
0	0
0	8
0	8
9	247
0	0
0	0
898	740
0	191
0	1290
65	11
0	1162
47	5
0	5
0	396
0	338
0	338
0	452
1	293
0	365
0	349
0	88
561	2502
0	4265
0	4273
29	205
17	4635
6	1181
0	448
0	4146
1	296
0	279
0	267
0	279
0	0
0	5246
0	5341
105	1363
0	69
0	151
0	10
458	0
521	0
1	58
0	16
1803	616
2	640
0	679
0	583
2	234
0	0
0	52
4	0
0	0
21	780
0	780
0	0
257	2
31	0
20	11
0	138
0	720
38	720
6	6
26	395
1520	397
0	73
2	118
0	19
42	877
0	712
0	674
136	0
0	0
0	0
359	0
0	829
0	649
0	0
6	9409
4335	9410
0	8782
0	1
159	245
1	710
367	710
0	6
0	1356
0	1311
0	1285
0	1304
0	1321
0	1359
0	1341
0	1277
0	1
0	1
0	1
0	0
60	249
348	0
8	324
40	0
0	2477
0	70
29	527
17	513
21	0
0	677
0	0
0	0
883	0
482	2912
0	0
114	0
1	295
12	0
43	161
79	321
136	2332
0	1091
0	871
1	81
6	0
0	263
6	319
0	0
47	1
0	1170
0	32
201	0
10	86
0	76
1278	0
0	34
131	814
0	0
0	0
0	0
0	0
0	624
0	136
0	133
153	0
0	5
0	6
12	0
0	0
0	0
0	219
0	8
0	94
112	0
48	239
7	1714
45	869
151	491
63	491
0	0
187	226
2	22
2	0
0	0
0	1
0	108
0	0
6	0
0	310
0	6
0	7
0	24
0	0
1453	1
0	42
101	128
0	169
0	759
0	13
0	6921
39	0
0	29
55	234
156	187
0	187
0	9757
0	0
0	18
3	161
0	153
521	1
235	0
0	167
0	158
942	12933
0	704
2313	717
0	35
0	21
21	121
1168	802
6	11
0	40
5	6
4	6
1592	1
0	2
0	40
3	40
0	55
0	1475
0	981
0	23
0	876
227	1639
6	44
50	0
0	0
506	0
127	4
0	4
0	991
0	2
0	565
0	291
0	250
0	237
0	1171
0	169
6	3
0	23
395	5033
4	14
0	0
0	0
13	2144
10	0
1332	3
0	0
0	474
0	0
119	2322
11	2322
195	1287
0	77
2	0
0	7
133	1402
3	725
1	8
250	0
19	9
0	530
20	530
24	419
18	0
0	0
15	93
0	16
0	16
1	16
2343	5
0	11
0	163
0	221
27	128
9	0
0	0
3998	3
0	0
6	49
759	0
567	0
143	0
0	18
0	16
0	14
0	14
0	17
0	16
0	14
6	14
21	269
18	286
19	241
0	286
0	4
7	0
205	0
0	0
872	0
0	0
8	0
492	0
3	0
0	1304
120	1326
3	0
3	690
83	690
82	5354
367	5352
124	0
0	0
0	0
0	314
113	47
0	0
195	1
0	607
1430	1
26	0
6	161
0	609
0	570
27	614
1452	0
17	0
1161	2
1171	0
220	0
28	13
0	11
195	2
818	398
52	398
62	0
10	146
0	0
42	640
977	1
0	0
0	0
390	5
0	0
0	0
1404	0
195	0
0	107
7	0
0	0
503	0
11	0
4	59
0	59
2007	1
0	0
0	1
0	1
8	39
268	0
24884	14442
0	14427
39	112
31	2940
0	2312
164	0
0	395
0	5
0	5
0	5
17	0
1225	2
24	9
0	9
0	28
1	337
0	337
645	237
371	472
510	665
0	0
24	0
0	41
0	29
0	33
2	32
2	16
0	15
0	16
0	15
0	13
0	7
0	2
0	0
0	0
0	436
475	0
13	0
8	0
167	0
61	0
0	0
412	0
76	0
306	1
0	0
238	55
0	54
516	292
17	0
62	1345
0	1345
7	0
0	1120
1283	0
26	0
53	0
3744	3
6	0
0	240
187	0
257	0
3	0
0	95
75	0
18907	271
690	0
4	0
283	0
0	0
20	0
0	0
0	354
35	0
120	0
895	3
43	89
194	394
115	394
377	0
0	0
204	0
814	1
16	165
0	0
54	0
2216	3
0	170
0	152
120	0
9	0
74	0
131	362
78	364
308	0
731	0
8705	4
47	2987
39	2957
1	2618
55	0
3968	0
231	5024
3	5024
0	0
57	4
0	77
0	77
0	0
2483	0
0	0
35	0
60	256
0	256
641	0
6	1026
6	0
71	63
0	0
98	0
0	0
7	97
1	0
0	2
179	0
2	32
582	0
0	0
45	36
0	0
5	7
0	0
0	0
14	0
326	103
0	103
144	568
0	568
43	0
386	0
0	125
0	195
184	0
3	0
1571	2
0	0
8	0
0	0
10	0
3	0
0	0
10	0
131	256
1048	0
0	18
2004	3
37	0
277	579
183	0
6	31
489	0
0	0
194	0
167	246
102	367
0	803
33	0
277	3876
0	3876
26	113
0	113
0	256
471	1
20	79
0	79
0	0
0	4
0	28
0	64
0	68
4	35
0	387
258	387
0	12
67	209
0	209
314	0
0	10
0	7363
0	7391
52	0
63	724
0	0
0	0
0	3815
717	3815
10	0
0	104
20	104
0	1045
6	1063
0	128
35	0
230	0
0	38
5	38
375	0
0	1594
0	338
0	367
0	256
1060	1
0	7
0	5
0	2
0	10
0	9
0	13
0	10
0	20
0	18
4380	4
0	424
0	7135
0	126
0	126
44	122
0	126
0	119
0	129
216	566
0	214
592	1
240	3
826	0
10	909
167	3
0	6
5	31
0	31
0	542
0	275
0	5
0	422
18	145
89	688
0	118
0	2
211	728
0	552
37	689
125	380
2	1
0	1
0	0
0	0
1	2
292	0
0	346
4	33
28	71
0	5590
0	5403
0	136
24	35
858	2088
0	0
0	55
0	111
296	763
0	763
0	754
13	772
0	1148
0	15
2	2
15	32
0	0
0	95
1235	3
1	0
487	1
0	314
0	480
0	180
0	810
0	582
7	0
70	2003
203	0
0	0
0	19
6	0
624	0
0	0
2839	3
0	0
0	947
566	0
0	149
0	0
204	396
0	199
0	166
0	2
0	2
0	0
0	1016
0	1138
0	0
75	748
0	846
0	45
2	1067
0	147
0	117
2	117
0	0
0	0
53	264
0	0
10620	14
0	80
0	22
2	2
0	0
0	0
0	14
0	14
0	14
0	8
8	1597
304	1597
0	0
52	192
144	0
15	144
14	108
314	9
54139	35
0	19
0	1404
29	126
0	126
0	19
0	13
0	2
0	302
0	567
8	0
7	240
19	0
0	1834
0	2
0	13
0	13
0	330
0	35
4	0
0	430
0	126
0	343
0	374
0	374
0	2221
4	320
216	0
651	2
10	13
23	71
2	71
0	1759
0	101
0	82
2	5
2148	2
3	1762
84	1763
0	13
0	78
0	5852
136	553
41	117
0	0
11	44
0	39
137	502
41	163
6	52
0	180
0	188
3	195
670	0
0	0
0	119
0	108
86	1619
0	154
0	63
0	89
5	17
0	289
0	252
2	344
0	189
0	3
47	0
0	110
9	99
23	0
0	4
0	0
0	26
8	50
33	1087
95	0
0	239
2	102
0	76
0	60
0	76
0	1
0	1
0	10
163	1
545	4
0	372
0	343
4	400
0	330
0	2323
0	905
0	2166
0	2160
2	0
2368	619
82	2072
0	2072
94	0
108	0
98	1354
0	0
0	0
12	8
0	196
0	23
20	318
0	134
12	0
0	129
95	558
0	558
11	10
0	786
0	0
0	58
0	33
0	0
0	0
0	46
90	0
0	0
3	0
0	0
67	2799
0	2799
763	6
0	48
349	1131
1	4442
0	1375
0	1228
465	0
356	264
0	0
50	227
3	303
48	256
117	0
12	239
0	143
0	0
26	269
0	0
0	640
1659	0
0	141
0	1705
76	1705
132	1069
3	0
0	966
0	601
66	1
1257	1
0	1209
0	1055
0	19
0	18
1142	0
54	0
0	0
269	0
23	98
0	0
0	0
2	1735
0	1704
0	1735
0	1696
0	1683
0	69
1	18
156	0
18	0
0	240
0	0
15	111
0	5
2	5
0	0
8	8
39	8
0	925
0	919
0	476
0	1138
6	0
151	0
1547	4
0	706
2	33
3	7
2130	2
0	53
0	0
33	200
0	717
253	33
94	0
11	323
39	682
64	0
240	246
0	796
0	68
3	1
0	56
0	1914
0	1840
46	333
3	333
5	333
138	0
66	0
54	0
15	0
18	0
98	997
955	3
7	559
53	2110
739	858
0	858
7	0
0	0
0	907
0	446
0	0
5	0
0	0
0	527
0	468
0	454
0	2
22	1374
175	2
0	283
0	68
0	68
0	31
0	3
613	2
10	92
3	92
737	0
21	0
96	2820
1420	6
1	15
0	15
0	0
0	855
0	890
2	0
0	0
0	0
0	0
1	8
0	8
491	1
12	0
0	0
0	1969
0	0
0	477
32	33
0	0
2	5
2	5
524	310
0	2606
217	210
1454	210
996	1
0	23
0	23
5	0
0	1
0	1
0	0
37	73
41	0
5	42
0	0
0	0
13	165
0	0
0	0
105	0
0	0
0	96
0	0
0	0
0	0
0	0
4	2
0	0
29	358
33	358
0	0
0	0
338	0
0	27
0	19
0	4
1926	2
0	1755
9	0
461	0
311	967
74	0
0	32
773	5977
0	5976
63	152
0	0
0	0
0	0
7	18
0	22
12	3
320	21
0	37
408	0
1858	1
796	0
136	1167
0	1167
3	1
0	0
303	1471
152	1471
823	0
0	6
98	0
48	528
0	528
0	528
36	537
0	537
6	372
82	0
798	1
0	0
87	1250
89	1250
0	188
0	131
0	80
0	123
20	261
283	261
37	0
73	6
1	0
5	0
6	0
31	0
122	879
0	17
905	1672
16	1672
1	23
10	112
15	1186
0	1013
13	405
26	0
0	30
2	196
0	176
0	175
14	187
2	223
0	216
0	69
0	14
0	0
0	0
0	3018
2	3055
0	120
755	1
0	527
10	26
474	0
0	0
453	312
55	311
4	71
0	37
0	37
0	130
12	143
0	155
23	737
0	0
2	0
0	0
0	309
0	316
0	316
18	174
0	0
4	0
5	0
83	1673
0	0
0	0
1035	1
0	8
0	8
2	24
328	0
398	3370
20	3370
0	0
528	0
86	154
4	1352
0	1393
1	1265
0	1236
2	998
5	0
0	0
80	1187
0	1187
1809	2950
1	74
0	1483
0	1445
67	1464
192	1462
67	1400
0	1093
33	57
152	0
1106	1
0	0
266	924
0	0
0	14
0	0
10	0
777	1
2	653
0	363
0	89
23	136
0	0
438	83
0	2
0	2
0	8
0	0
1200	1
0	121
0	421
0	410
20	31
0	0
0	364
0	0
225	1741
1086	2
0	127
0	167
0	0
0	330
571	1
54	43
0	377
0	2
156	887
0	55
566	1
0	2530
0	46
0	43
0	0
0	0
0	0
0	0
0	0
8	11
0	19
0	19
1	227
6	0
0	2
0	1394
3	1545
9	1561
1195	344
0	0
0	1324
0	1324
1072	0
402	422
0	928
0	867
63	144
24	2
1	1
0	260
0	0
0	0
0	39
0	285
0	163
471	0
12	0
38	189
0	526
5904	10
77	40
164	1
15	0
0	14
4	13
0	13
0	504
0	26
51	0
26	84
0	41
21	30
259	0
0	0
0	155
136	0
0	0
0	362
40	0
0	0
0	151
0	1925
21	69
0	0
27	242
0	0
0	17
0	2
0	10
0	27
0	15
32	12
0	172
53	122
38	120
10	125
0	4
0	4
87	0
337	1131
0	556
0	17702
158	0
3067	1
0	290
0	43
0	18
16	0
0	114
17	2003
0	0
134	0
7	37
0	486
15035	7
0	0
9	1437
263	1437
0	936
0	903
664	903
0	2
0	2
236	84
205	2267
16	2267
0	58
0	52
0	23
3	0
172	0
1128	2
0	933
0	7
0	155
0	0
96	3
414	0
1134	0
1058	0
83	376
0	3
0	0
0	3
0	2
0	39
0	26
120	0
18	25
0	296
0	359
2	359
3	427
25	427
3	0
0	15
0	0
0	4
0	30
42	281
82	0
220	0
0	939
0	567
0	850
3178	2
2	5999
682	5999
0	307
0	551
0	575
0	447
0	443
152	0
11	4
0	1784
0	192
882	0
9	13
0	0
0	47
2	3
131	0
1059	4
3900	3
0	0
0	0
0	5
12	0
0	34
587	0
285	964
0	0
0	0
2	364
0	0
88	0
5	65
0	366
0	353
0	361
0	364
0	6
0	83
68	83
292	0
0	0
19	422
0	419
0	417
0	390
0	2291
0	2304
0	2003
5	0
0	0
0	11
0	72
12	413
0	15
0	0
17	2
0	0
6	433
26	426
0	335
36	152
0	633
203	0
0	1124
2	1060
0	0
0	23
0	23
0	807
0	583
0	10687
0	10687
0	10687
10	0
5	356
30	371
0	4
0	365
70	365
0	0
0	7
0	7
23	320
23	851
13	249
1654	0
863	1
33	50
0	180
221	0
1537	4900
110	33
74	0
0	1272
0	1286
68	174
0	0
0	1455
0	1232
0	1
0	111
0	458
53	442
0	0
0	1361
0	1
0	115
492	1
445	0
3217	13776
3	0
76	365
0	365
0	0
0	0
921	0
0	7
0	0
0	507
976	388
0	1085
0	0
10	0
201	643
4	643
0	767
0	153
0	8
6	107
257	2
0	0
6100	2
837	2
82	818
17	1271
4	1243
16	81
0	0
6	17
164	1396
1319	2
0	28
0	48
0	14
2	0
71	0
385	2510
0	0
257	0
55	253
501	0
0	41
96	365
12	20
98	466
0	10
0	63
0	61
0	74
0	38
0	96
0	0
0	915
5	912
0	909
0	61
0	62
452	0
7	57
0	205
8138	4
0	0
109	0
336	0
26	81
0	0
0	0
0	0
0	2
18	34
0	34
490	2988
2	166
3	3
1181	1
0	2553
2	497
0	79
345	0
0	388
8	568
0	568
0	346
33	0
0	10
3	624
7	624
19	193
3469	2
12	7
0	28
1	136
4	57
29	4551
0	4542
171	1993
13	0
0	202
704	244
174	586
13	586
49	2809
9	15
530	0
0	1432
0	1394
0	1347
0	1397
0	1394
0	5
0	5
0	544
0	208
9	64
0	228
24	228
1	77
164	0
0	3
0	3
0	0
1377	0
0	38
0	0
0	0
356	0
0	0
0	0
0	0
0	14090
0	14027
8030	6
26	35
0	650
0	0
0	0
0	0
161	1
0	1201
4	0
2119	1043
136	0
153	200
0	2
0	0
42	31
5	31
0	8
361	433
6	433
0	43
2928	1
3	2
239	0
0	0
16	163
25	0
32	3
40	0
0	1606
35	0
0	0
0	0
0	518
288	137
1	25
3211	2
0	0
0	0
0	278
1	1011
0	0
0	0
573	411
0	0
0	4
1	0
0	0
0	3
0	3
3	0
0	0
2388	0
46	0
207	1197
1	113
0	113
5	113
0	0
0	0
0	136
3	136
1086	0
2	0
0	185
7	3
721	0
0	0
0	0
6	0
1	103
120	7
143	0
68	712
3	712
0	14
0	0
21	46
2	46
0	583
0	659
28	659
538	0
1305	0
2084	1
49	495
30	495
0	10
0	10
0	10
0	10
0	277
0	0
0	0
1243	0
21	251
0	0
0	0
76	1
39	336
0	336
0	177
9	1554
129	1595
0	581
0	1876
0	689
0	14
0	117
20	7
710	0
0	2
0	2
15	56
0	3
182	1621
160	1159
0	0
0	0
0	0
0	0
41	3555
0	3585
0	3513
216	847
0	2820
0	818
0	813
79	408
0	370
5	1
0	40
19	40
14	169
481	169
0	7
0	1
0	37
0	652
13	1
0	162
0	58
0	50
3	50
0	16
4	12
0	12
3	5
3	0
0	408
0	113
1	135
0	113
0	0
70	1
76	862
18	851
0	701
1	660
0	445
23	394
0	339
0	17
0	2704
16	2683
60	2659
0	2807
1	2644
0	2765
9	1490
7	1454
0	123
17	0
0	145
0	3
0	3
10	5
0	1154
0	954
0	584
0	9
0	10
243	0
245	12173
37	12173
319	0
595	7233
3037	6
45	0
0	16
2	76
2051	6
35	0
0	365
0	0
2450	0
16	0
12	229
3	1096
0	1023
0	7
0	1
0	7
0	10
0	10
87	0
0	0
1	0
0	0
0	0
0	0
168	0
45	1739
0	1947
0	1088
0	681
0	1075
0	1075
45	1075
0	340
0	308
0	382
9	382
39	1
0	64
67	96
45	287
0	287
50	30
4	93
2	93
33	0
0	542
8	15
114	0
427	81
530	0
360	0
5	18
383	399
0	399
0	102
54	0
78	0
35	197
0	66
0	46
0	0
1103	0
0	0
7	0
783	0
353	381
0	116
0	0
0	1700
0	1700
236	1700
100	0
261	4
179	0
1	0
40	0
0	270
0	0
6	5
0	1792
61	11
1019	0
40	186
454	0
0	1404
15	1278
0	1404
195	0
2003	0
123	295
110	337
247	2309
0	366
132	441
1943	1
375	0
0	345
1	329
14	297
0	1
0	0
8673	5
0	446
0	395
312	0
21	0
0	47
0	38
0	35
0	0
0	16
0	242
0	242
0	242
0	0
0	0
0	0
1016	0
194	0
47	136
412	0
0	0
0	1
566	3
1	36
4	2
27	21
0	0
202	795
4690	6
7228	0
94	79
27	111
0	111
125	0
0	9
5	0
0	0
1693	1
3	9
2	9
44	0
0	0
42	686
0	1
0	159
2	184
0	199
0	0
0	0
0	920
4	900
9	29
0	86
0	320
0	66
0	81
0	965
62	1029
0	925
0	611
105	675
122	596
0	93
2209	0
1	14
39	2727
25	28
182	0
33	0
3	25
0	243
0	199
38	909
3	0
0	463
0	72
0	9
2	1024
0	1034
45	989
2	11
0	4745
740	0
16	18
0	923
0	31
0	0
0	421
43	493
0	4
0	4
20	397
88	143
490	0
16	0
0	2524
0	2234
0	2077
0	331
72	53
0	22
0	22
0	0
0	176
0	0
110	21
0	0
0	174
7	0
0	33
0	33
42	154
264	2
0	0
31	137
2376	2
90	188
40	0
6	0
6	2
45	0
264	594
1696	0
0	52
0	57
0	55
14	577
27	576
0	565
0	562
0	0
0	354
37	0
59	268
0	268
0	0
18	86
0	771
0	744
13	812
0	485
0	390
1085	0
0	582
0	560
616	9079
490	0
40	0
0	3357
0	0
0	303
147	0
0	15
2	0
0	0
0	71
36	38
0	0
56	235
23	3
8	51
23	89
247	967
402	971
0	0
225	840
0	0
5	0
116	239
0	3
1108	0
30	0
0	1608
0	0
37	0
3	86
0	24
11	0
0	48
0	62
0	0
0	0
700	1
0	0
0	0
11	0
0	0
0	0
0	0
8	65
0	0
116	0
0	14
481	0
0	9
4966	4
0	16
0	13
0	16
0	32
259	828
51	715
0	10
5	2577
15	94
92	217
0	63
0	0
0	41
45	0
24	168
0	168
0	0
0	7
0	7
41	0
1	69
0	667
0	3
0	121
94	392
7	0
5	0
0	147
78	0
1038	0
260	0
755	0
2	29
347	110
0	0
267	1
176	290
0	290
0	4
0	12
21	0
427	616
335	0
0	0
0	0
0	0
48	0
1627	1
0	0
0	0
26	260
0	245
0	515
0	509
0	435
82	607
1	412
0	0
185	0
956	630
8	604
0	574
0	0
1061	0
0	207
0	0
0	1006
62	412
116	412
7	1666
0	1662
0	1612
11	64
0	64
0	381
0	266
39	387
0	387
0	0
0	3
0	0
1459	2
4	136
213	0
0	0
296	0
1306	479
0	479
132	1350
0	0
18	87
0	0
349	8885
3	24
108	0
790	0
0	401
0	252
0	0
243	0
0	145
458	0
50	1048
121	375
8	175
4	66
915	0
201	2002
0	0
0	0
173	0
157	0
5	0
0	554
0	480
13	553
0	0
8	21
0	448
0	452
16	314
364	0
20	60
318	1852
0	1
0	0
1	0
622	1287
321	2333
1556	1
0	0
0	0
331	1
0	56
0	93
0	57
0	71
4	128
12	41
0	0
918	0
575	145
2216	2
0	0
45	3096
0	3096
0	0
20	4814
0	5216
0	2805
81	2
42	1837
0	0
660	2
0	404
0	407
0	313
0	0
0	5726
14	0
3	229
0	229
119207	92
124299	114
1189638	1031
514639	409
9616	35
272973	257
525108	361
33932	4
23699	27
195710	171
150268	97
3937	8
312696	253
80	0
0	0
0	0
3	0
0	0
0	0
0	0
0	0
0	0
0	0
0	0
0	0
0	0
0	0
0	0
0	0
0	0
0	0
0	0
0	0
0	0
0	0
13	0
51	0
0	0
5973	3691
3	0
6	3632
0	0
0	7
687	2
3	0
0	0
3	0
0	4
0	4
0	0
0	51
0	51
0	50
8	56
3	0
0	0
72	1
0	1
0	1
0	17
0	74
0	0
0	0
0	0
0	0
0	25
6	36
0	0
0	0
36	10
0	10
0	0
0	341
4	0
0	0
0	0
0	2
0	8
0	0
0	0
0	0
0	0
1451	1248
0	1248
0	0
15	4
1	2
3	117
36	0
0	0
56	0
0	0
0	0
0	0
0	0
0	0
0	0
16	10
0	7
0	0
0	0
0	0
5	0
0	0
1	0
0	0
84	0
0	0
0	0
1	0
1	0
0	1
0	0
0	0
0	0
5	10
0	0
1	0
4	69
13	0
90	401
0	0
0	0
3	0
0	0
145	11
20	0
0	0
0	3
0	0
0	0
7	0
78	32
7	0
0	0
0	0
0	0
0	0
0	0
0	13
0	2
0	2
5	248
5	88
0	27
0	0
0	0
0	648
12	20
15	0
8	1
3	633
1	0
2	7
0	0
5	0
5	0
0	48
0	0
0	0
3	60
9	1
0	0
0	0
3	0
0	0
0	0
0	0
0	0
0	0
0	0
0	0
0	0
0	0
0	0
3	1
0	0
0	0
0	0
100957	34
23	984
0	0
0	0
0	0
13	0
0	0
0	3
0	0
2	18
94	30
6	700
0	0
0	0
0	2
3	0
0	0
0	0
0	4
0	1
0	0
59	1648
0	4
0	1
0	0
0	18
2	13
0	0
0	37
0	0
0	0
7	4
917	18
0	143
0	0
11	0
0	0
82	401
0	0
6	0
0	0
0	0
0	0
0	0
33	1061
0	0
0	0
0	0
0	0
2	0
8	487
0	0
27	628
17	299
9	0
345	0
0	0
0	0
4	62
2	0
1	17
0	0
0	1
11	44
0	0
12	63
0	0
0	3
1	0
0	0
0	0
0	0
1	103
12	244
6	0
0	0
3	263
6	86
0	98
0	61
0	105
0	0
0	1
0	1
0	0
0	0
1	3
0	1
0	0
0	0
4	103
0	0
0	0
6	0
0	48
42	599
0	0
44	621
75	20
178	237
12	357
0	0
0	0
21	598
0	337
63	914
0	0
0	214
0	0
0	0
0	0
0	3
1	2
0	0
0	0
0	0
6	160
5	215
17	56
0	8
50	0
0	36
10	184
0	3
0	0
6	138
0	1
0	201
0	0
0	0
0	0
99	0
14	1178
11	606
30	1491
0	0
0	0
0	0
0	0
0	7
0	0
0	0
0	0
19	55
68	0
64	32
0	0
0	3
19	0
0	0
0	0
0	0
0	0
0	0
0	0
0	0
0	0
0	0
1	14
0	135
0	0
23	1518
49	72
12	95
33	0
0	0
2	357
0	0
162	540
0	200
2	454
0	603
