UniqueCount	AmbigCount
0	0
0	0
0	0
0	0
0	0
0	0
4	0
0	0
0	0
0	0
0	0
0	0
0	0
0	0
0	0
0	0
0	0
0	0
0	0
0	0
0	0
0	0
0	0
0	0
0	0
0	0
0	0
0	0
0	0
0	0
0	0
0	0
0	0
0	0
0	0
0	0
0	0
0	0
0	0
0	0
0	0
0	0
3	0
0	0
0	0
0	0
0	0
0	0
0	0
0	0
0	0
0	0
0	0
0	0
0	0
0	0
0	0
0	0
0	0
0	0
0	0
0	0
0	0
0	0
0	0
0	0
0	0
0	0
0	0
0	0
0	0
0	0
1272	1524
0	1521
0	1517
3047	2480
0	2476
86	147
945	0
1392	0
298	328
0	57
0	10
0	304
0	0
1292	3
0	12
0	12
342	19667
70	19962
9	0
7	0
0	0
0	0
0	0
0	0
0	0
0	0
0	0
0	0
0	0
0	0
0	0
0	0
0	0
0	0
0	0
0	0
0	0
0	0
0	0
0	0
0	0
0	0
0	0
0	0
0	0
0	0
0	0
0	0
0	44
0	0
0	0
0	0
0	0
0	0
0	0
0	0
0	0
0	0
0	0
0	0
0	0
0	0
0	0
0	0
0	0
0	0
0	0
0	0
0	0
0	0
0	24
0	0
0	0
0	0
0	0
0	0
0	0
0	0
0	42
0	0
0	0
0	0
0	0
0	0
0	0
0	0
0	0
0	0
0	0
0	0
0	0
0	38
0	0
0	0
0	0
0	26
0	0
0	0
0	0
0	0
0	0
0	657
189	657
73	0
424	0
0	0
0	0
0	0
284	0
1126	0
0	4
2	4
74	58
1	58
10	357
0	948
89	949
408	18
0	18
41	387
226	387
12	1322
7	122
0	1290
207	6658
0	5042
102	6226
3369	1060
0	462
0	437
102	687
73	687
0	218
40	2224
10	421
0	335
2	2111
4258	5
102	0
0	0
54	0
0	935
439	935
277	0
1086	1
0	0
135	0
0	0
1122	679
93	0
0	12
152	33
0	21
63	197
0	106
0	91
1161	3
93	98
0	98
0	0
0	4
0	108
245	108
2720	1528
0	1049
0	749
48	40
148	1783
1	1679
0	254
0	116
0	196
0	1148
0	1100
5	1010
0	1100
8	0
550	892
778	1
0	4050
354	4921
1	1881
514	4921
3978	8
0	0
783	139
0	513
4	97
0	507
135	1119
6	1020
42	458
385	458
104	5
375	5
1273	1
0	1
11	1
1226	37
0	37
18754	37681
0	475
0	37393
7	31596
0	37507
0	32573
1	392
20	392
4	383
0	13
0	0
0	19
0	19
0	19
0	6825
0	3520
276	7663
11	57
0	57
0	0
0	0
0	0
12	0
112	0
0	350
0	208
0	65
21	1391
4	1336
8	34
0	1386
0	851
173	851
0	5691
141	6208
0	6208
5	0
1622	2009
0	1596
3	407
143	0
367	564
0	143
0	3
0	43
0	0
0	0
73	9729
0	9729
26	173
478	173
1301	931
0	930
0	0
29	2663
0	73
0	2669
4	2712
0	0
0	0
0	0
74	0
6	14
0	14
29	1130
0	83
0	346
0	405
55	1070
672	5006
0	379
1219	4656
13	2580
156	0
1	881
0	533
0	918
0	749
0	0
0	0
0	0
0	54
40	1444
0	1073
0	1444
0	8
0	0
0	8
0	563
0	287
721	2879
198	459
339	459
0	0
252	0
0	0
451	1609
0	1609
0	31
9	31
2	0
0	28
6891	3
339	1
33	768
388	768
0	1
0	1
2	1
1328	3865
163	3862
1730	397
54	250
11	647
307	0
1872	6
0	4
34	666
149	666
634	0
68	19
191	30752
3160	30753
128	290
15	767
129	527
0	78
0	50
90	95
0	40
3	40
0	0
0	0
0	57
984	275
0	215
12	196
0	0
0	0
495	0
0	7
5	2082
0	1979
37	87
0	7
0	80
1	244
0	244
0	195
94	1400
0	9
0	1264
0	0
150	184
149	184
36	0
249	0
26	0
0	5
0	0
0	5
0	0
0	0
3	5
9	8
134	27
0	0
0	27
0	0
1234	4
746	0
284	563
1	560
133	1112
76	319
11	1112
0	964
788	344
0	342
246	0
0	83
0	314
0	152
0	365
2	3363
6	2683
0	2233
8	2101
2	966
1021	6643
0	2234
0	6553
0	12
0	0
82	846
0	846
0	795
42	725
5	718
0	3197
162	127
0	0
0	0
850	2
681	2
2	173
1412	515
7	0
5	1738
208	1738
0	0
0	0
0	35
93	35
161	0
405	892
7	306
16	0
18	0
0	2
0	2
14	0
6	27
56	309
767	72
0	72
9097	4045
0	4039
256	718
0	42
0	112
523	326
0	292
104	212
0	212
4717	1
6	0
0	187
333	320
9939	10
0	0
104	0
0	10
0	10
0	55
4	9
0	2
9	349
2	665
9	349
0	0
2	10
4	5
0	10
0	504
750	788
0	786
2545	314
13	149
473	312
59	205
0	158
0	0
0	37
0	160
0	160
0	82
0	6
12	78
11	43
0	131
2	0
41	25
1	550
0	312
0	98
1	990
29	958
1	967
0	973
0	370
0	1003
0	960
0	61
0	15
18	12
0	2
0	16
0	61
20801	14
642	435
0	330
0	198
84	0
2307	1065
149	10
99	10
0	1
151	1
0	9632
453	7290
1969	16723
194	15987
0	2168
0	0
93	65
6	0
0	3144
0	3169
0	3084
0	0
0	0
579	471
2	471
136	0
181	160
0	103
0	65
0	18
0	10
0	7
0	12
400	223
0	141
0	172
0	0
2	0
0	0
54	6
926	181
0	3
0	3
13	171
0	36
0	171
0	613
0	533
0	17
5	17
0	52
9	246
0	514
16	206
25	25
239	2520
0	51
0	2288
14	0
7444	17
56	211
0	49
0	174
0	30
0	181
0	42
13	37
0	21
4	79
5	0
0	0
365	377
0	376
76	113
0	80
0	113
791	0
301	98
0	906
0	906
80	41
0	41
2495	0
0	455
1214	456
25	0
1653	6
0	0
0	0
1279	0
0	0
0	749
576	1028
0	347
61	77
0	17
38	107
0	103
84	1152
0	1409
94	1407
556	3
0	87
35	87
0	1589
0	183
0	1589
190	1568
0	0
15	0
196	0
26	524
0	524
0	692
0	11
187	692
0	0
136	227
123	347
0	0
15152	2979
0	88
3	2875
72	38
0	38
79	0
5	138
0	3
0	0
0	0
101	167
1	0
0	0
0	0
0	0
79	2
20	665
0	665
910	89
0	88
0	0
3280	4
16	112
679	2
218	200
1118	202
2	0
3	0
882	0
1562	11
4077	1958
0	0
3	1
0	0
0	0
2013	186
0	182
0	374
0	362
16	374
595	0
16	6
0	6
61	429
1	265
0	374
0	0
0	56
93	348
0	0
0	0
0	0
2	113
0	90
593	7743
3	7743
946	0
32	0
0	0
89	9
64	9
0	612
0	2060
0	1
586	5220
0	163
3	13
0	13
27	11
0	0
906	0
0	87
132	188
0	35
1	67
2855	901
25	939
2044	3
1671	2
0	0
0	0
182	0
0	7
60	19
0	13
0	9
0	2
314	296
0	265
0	124
107	299
162	299
0	66
0	105
0	182
0	185
0	0
0	0
0	25
0	90
0	89
11	90
0	1
45	272
34	272
277	0
7	8
0	8
216	0
422	89
0	89
14	0
1615	910
21	38
0	910
11	5436
14	5416
12	0
0	319
79	320
1400	1
33	179
0	171
0	19
386	494
0	425
0	409
35	235
0	0
0	180
0	40
16	296
0	67
250	257
1256	156
3	155
0	0
0	288
21	288
0	214
12	172
0	172
0	115
320	543
347	50
0	50
176	324
0	305
12	3
0	3
5	0
0	0
0	0
0	0
0	4415
6	353
0	852
98	298
0	235
0	231
45	4126
0	3351
0	149
2354	149
521	1014
0	59
23	59
0	0
0	0
4	950
10	504
0	99
0	0
0	352
1468	1272
0	1240
1040	0
620	0
64	100
9	90
0	118
0	13
202	118
0	56
0	527
12	583
2339	2166
0	2166
0	2108
5	2
0	0
0	0
0	2
0	2
975	42
0	34
91	6
151	0
0	6
0	6
0	6
0	171
1956	173
0	0
0	250
3	281
0	0
2875	222
0	206
0	202
0	217
0	195
0	195
1618	447
4	18
0	18
490	2
8	614
72	483
9	68
1655	636
560	0
3	148
7	370
1	142
3	85
570	508
0	0
0	0
573	110
0	110
18	0
0	2
2	2
69	65
1824	5
0	0
0	0
63	244
30	256
13	202
60	0
497	38
0	36
644	757
0	754
0	0
0	0
115	2282
0	2282
2	2284
3	2284
0	0
14	189
37	189
3585	985
19	0
5490	8
141	0
52	0
71	39
0	39
12	78
0	78
0	75
189	0
0	0
63954	19554
7	434
0	269
130	434
0	722
0	74
7	183
0	717
0	74
3	5
0	3
47	3
1	1
0	1
6	7
13	856
52	855
7	863
27	0
0	0
0	0
2	0
0	20
75	20
27	0
5	0
0	0
0	0
0	0
0	0
202	7
272	135
0	8
58	135
5	238
460	776
13	693
1313	43
0	41
0	14
0	14
0	47
0	8
0	47
0	47
1457	1
626	738
0	178
0	7
0	7
361	1393
74	1393
0	0
0	0
0	0
416	134
21	757
6	247
0	240
956	979
3	712
339	427
0	294
0	752
0	709
320	48
4	48
366	455
0	455
33	1341
5	1379
0	1276
30	963
2	963
6	0
0	0
340	501
1129	502
1	1135
0	3230
0	1149
4858	4368
2615	0
5	0
9747	6
1256	1
0	0
0	10
0	6
7	10
409	0
31	0
666	376
3	376
4462	625
1389	242
0	27
31	27
9	146
9	137
24	129
6	73
1018	187
0	439
3145	1668
176	1656
578	0
84	1367
3	571
5	617
334	3176
0	2745
0	3331
70	64
106	64
115	0
0	19
9	19
0	445
0	446
28	0
372	471
12	471
60	442
0	442
12	1230
218	1230
0	29
0	29
0	54
0	36
0	17
0	49
0	44
0	14
184	1
0	1
0	22
0	64
0	8
22	32
0	61
35	43
48	1253
19	1242
485	1821
0	81
18	1821
0	35
11	35
6	0
0	705
1674	708
41	525
0	96
0	525
5	487
0	339
1316	1
620	3165
0	271
0	31
0	4
0	27
0	0
162	232
0	229
174	113
0	113
157	0
0	1
0	1
9	95
0	47
0	58
0	83
105	73
0	33
70	342
0	342
0	0
0	0
0	0
51	4
136	277
0	30
0	69
264	71
102	333
464	1
22	413
52	502
1	0
8	380
43	479
0	479
7	0
0	0
0	348
0	1391
0	1699
20	1542
48	1557
0	1547
879	1432
0	1425
86	502
1	503
239	0
0	67
0	6
0	6
68	239
3361	3281
0	3056
29	3111
0	5
0	5
0	0
0	0
458	2879
47	2879
0	16
0	16
30	0
49	863
3	863
0	0
40	46
0	39
0	46
90	1822
0	1822
107	14
0	14
36	136
0	136
4	0
0	0
75	0
0	204
0	204
433	0
328	464
421	0
307	47
0	47
84	11
0	11
21	24
0	24
32	323
2	323
0	32
2	50
5	5
38	42
1044	850
87	804
12	128
1967	131
0	5
261	172
0	0
5	129
0	165
7	287
0	18
0	206
0	80
0	18
0	49
87	383
1321	3
0	0
0	0
0	0
0	0
0	0
0	0
0	27
0	231
0	17
53	704
10	693
1439	13667
109	13667
511	172
0	17
0	172
87	297
0	297
218	26
0	25
950	0
4	0
6	0
1	0
2	6
0	6
203	14703
0	12484
0	7110
0	12981
31	1500
0	667
13	641
0	833
599	0
0	0
1205	8483
0	7077
0	405
0	277
362	492
0	217
109	57
0	57
1115	425
0	424
74	0
1	205
252	205
68	86
0	76
0	0
0	18
2	39
352	58
18	23
18	51
0	0
0	0
5	2
3	3
0	2
17	0
137	147
0	75
0	105
301	0
0	4
0	10
0	105
0	54
0	0
0	0
5	0
0	57
1	61
0	122
0	122
0	83
0	0
0	0
0	3
0	3
251	0
0	17
0	22
0	6
0	0
960	0
2	195
0	296
53	996
31	996
70	14
0	14
0	0
0	0
0	0
0	7
0	7
762	0
0	0
23	16
5	16
0	0
0	135
24	267
13	0
0	0
0	0
95	207
0	15
1	207
0	0
153	601
0	601
7	1276
0	1276
339	698
0	506
4	371
0	44
0	0
0	0
5	6
1	6
96	861
0	0
0	0
27	73
2	46
0	127
0	182
626	1497
695	694
0	141
72	694
0	49
0	45
2498	0
14	292
0	298
236	299
0	0
5	0
0	0
564	670
103	312
33	73
0	5
0	73
47	0
5	0
0	0
62	91
0	91
10	5
0	4
554	485
9	384
12	0
97	20
5	66
87	799
193	799
102	955
0	70
1365	0
10	6
0	6
0	204
0	204
0	16
24	265
589	1347
0	0
58	0
0	89
199	89
0	7
46	0
3	7
74	673
0	132
0	85
8626	2795
2034	2784
199	0
27	12
15	5
0	5
993	176
0	174
0	833
7510	846
263	87
0	87
0	1407
162	1407
0	1407
511	1410
108	346
0	302
0	98
10	347
0	0
820	128
0	128
0	43
14	23
22	28
0	0
50	8
37	9413
153	7332
53	10100
72	0
228	0
894	2
6	0
7	309
490	309
249	55
43	226
0	65
25	518
5	691
0	0
0	0
521	875
0	875
35	37
3	44
0	13
0	74
2006	149
11	117
10	202
2754	1357
46	69
26	44
3	97
388	125
0	36
1964	131
4	131
38	33
0	33
0	673
0	0
0	0
0	4
0	0
0	0
72	1130
0	0
629	1805
0	1805
6	0
0	0
1	0
7	0
11	195
0	195
7	0
0	0
0	0
0	327
0	164
2	53
39	45
661	666
1	666
0	53
7	53
8507	1519
75	9
38	40
0	353
0	112
28	412
0	413
8	413
18	356
0	194
4146	1197
92	704
0	3
0	3
16416	25
6091	1930
1	1929
354	639
381	0
443	0
250	1657
0	1654
0	0
65	77
2062	1067
190	36
0	31
0	5
39	46
6	46
0	2735
112	8148
0	7649
0	0
33	7
6	7
0	4
0	4
0	40
0	36
0	46
0	20
0	5
0	1
0	1
0	1
0	35
0	2
6	0
283	58
0	0
0	0
76	3707
1493	15496
11	15494
534	158
0	158
29	3
445	4933
1235	4934
0	3175
0	0
161	2809
20	591
784	3254
110	1000
0	661
0	996
0	5
47	716
0	4
0	99
536	708
386	121
0	460
0	658
0	2077
2	130
11286	3473
953	33
25	32
171	2
2	0
0	0
1399	420
0	13
145	1203
8	1203
0	0
0	0
0	0
0	0
0	0
0	12
0	12
55	12
0	73
128	2966
0	2083
48	3075
0	3046
7	0
8	0
0	0
3308	3
0	294
32	294
0	568
0	604
0	155
0	518
0	554
296	438
0	438
0	3410
1460	3415
0	1126
177	14
0	14
0	331
0	2767
44	3410
72	3410
0	162
0	1
0	144
1053	689
3	0
67	138
0	176
11	184
54	174
37	237
0	40
1	243
0	276
15	29
0	11
0	371
0	381
1566	7827
11	7822
0	3911
0	4000
46	4065
0	3855
0	0
0	0
1400	1
885	399
0	396
47559	1352
4	1306
0	1607
0	2065
1420	2557
22	0
1402	214
0	214
7	0
154	752
395	755
1290	3
1	194
0	59
0	34
0	7
0	66
0	44
340	48
14	313
346	313
1896	1074
0	187
0	160
42	331
0	104
0	80
0	280
1	175
0	2
7	176
0	250
13	236
135	0
724	53
0	4
0	11
528	297
6	38
899	44
0	12
7	14
0	0
0	0
0	43
474	43
0	22
19	46
220	1721
17	1710
49220	103
4	11
0	11
0	2
0	0
2099	3
222	1816
0	1812
0	1467
7	1690
3	1014
2	990
141	1094
0	0
0	0
0	18
0	18
0	18
5	2
447	3822
0	3412
0	3411
0	60
0	138
0	57
0	109
0	81
0	127
12649	4107
0	4082
3	79
0	34
0	240
1631	397
47	77
0	130
50	38
0	0
0	210
0	52
0	0
66	629
21	95
94	601
547	204
17	94
0	117
4006	300
42	293
0	768
0	252
0	707
154	59
26	59
0	3
0	3
3616	2
0	142
0	290
0	106
312	4659
0	499
0	925
0	355
2	4870
0	0
0	0
4	19
0	0
1	374
0	345
4	367
0	21
0	367
0	0
47	0
116	170
1	1085
889	1085
336	0
26	0
401	426
0	176
0	426
1626	1
122	97
0	76
0	26
70	0
7	0
0	61
176	0
165	570
145	631
603	19
12	0
0	4
17	51
0	51
67	44
3440	2
0	3
0	3
0	0
0	0
859	53
0	0
32	53
793	0
0	0
0	0
0	0
77	96
433	0
2	1315
4	3788
1062	3781
4	1872
16	984
0	1218
735	186
0	184
478	0
11	186
270	186
63	2
10	307
0	166
0	166
0	207
0	96
0	520
0	53
5	556
3	288
0	340
0	343
1911	1
0	104
0	89
10	104
900	444
0	440
0	384
790	353
56	0
511	175
0	175
168	80
0	31
18	18
0	13
0	11
0	11
0	0
525	1017
0	5
0	38
0	38
0	38
6	0
0	791
806	794
0	773
3094	3894
32	4522
0	4522
0	4522
7	4635
0	4520
0	4520
1545	2
187	0
0	0
4	0
0	0
0	0
0	0
602	1787
4	1787
256	1
0	1
0	0
171	0
7	24
0	22
406	406
0	135
0	369
0	395
0	369
7	366
0	400
10	400
0	10
0	50
36	228
0	48
0	238
0	236
0	233
34	0
0	0
0	0
0	0
3	0
7	16
3	196
938	201
0	188
265	604
5	590
987	1
0	0
28	866
3	851
0	885
1	36
0	305
7	304
0	214
0	75
0	111
0	223
244	0
0	7
3	8
0	8
89	31
0	31
2	101
0	82
11	493
0	121
0	439
164	1097
0	1097
110	415
1	449
25	481
2	443
0	457
0	330
0	476
34	369
78	369
879	337
135	0
2	0
0	0
0	61
0	61
28	1
0	5
36	6
0	561
3927	564
6	0
4004	5
74	0
5	0
0	0
0	2
0	1
0	0
0	0
0	0
0	3
2985	5
0	1
9	0
100	888
0	888
0	22
7	160
0	53
0	160
0	278
0	312
0	275
0	0
290	4221
0	4221
177	2977
0	978
4	1044
2	2607
1	65
3	182
0	8
0	8
0	8
0	8
296	0
0	42059
2	32512
13	47282
0	41648
10	11352
20014	89290
0	33566
1	54339
7	0
1120	0
2190	2373
0	2371
227	128
1	128
2	0
0	189
7	170
22	511
0	70
15	530
504	1
19	196
157	250
0	63
291	554
0	0
380	0
3370	40
0	38
21	70
2	48
0	53
497	184
3582	2
159	297
15	104
50	7
0	261
512	678
16	1
14	0
200	637
2462	401
0	142
0	240
1564	3769
0	298
0	293
0	626
0	26
0	26
0	0
1300	3
0	0
6467	9
0	0
0	0
382	20
0	20
596	242003
22758	207818
916	211734
206	143838
9454	189806
59	147866
9010	815859
392	217417
160	246752
228	291410
87044	754366
4	9
0	19
0	19
0	10
0	0
2	0
96	2834
0	674
43	2834
8	104
0	104
1185	366
0	365
0	26
452	0
1915	0
2084	2
241	298
0	126
0	87
0	619
34	619
0	0
0	0
17	103
0	4
0	103
0	54
113	79
0	27
2567	4
171	137
2	137
3762	12
78	914
0	32
1	913
0	0
0	0
401	915
19	915
16	0
478	30
1647	3
32	7
5	10
0	10
0	23
0	356
20	360
267	1667
20	1682
15	169
214	169
378	1779
0	667
0	1742
0	190
4	150
1363	1824
0	1821
0	851
2257	0
0	0
66	0
3	2717
151	3178
167	1010
560	1952
0	2221
348	2224
23	202
0	99
0	189
1327	844
0	844
308	514
3	0
72	136
0	28
27	0
0	281
0	45
0	281
36	238
8	258
6	0
382	193
0	193
125	2194
86	2005
0	13
1	1093
0	1064
283	714
0	714
9	0
0	668
59	668
3	0
422	69
0	68
151	43
0	9772
121	5464
3445	27487
0	27487
230	858
0	827
11	1104
0	827
0	570
0	70
0	204
19	195
0	206
1	0
0	21
16	21
4472	3
0	0
0	352
0	352
0	27
0	23
408	28
246	0
10	32
3	78
0	72
781	801
1	103
79	778
0	57
0	109
0	107
0	0
3189	822
0	816
0	0
3168	10
0	0
0	0
3	0
0	0
227	0
0	285
425	285
594	1
0	0
0	0
1492	1169
21	1167
0	0
0	0
0	0
34	0
44	0
0	0
0	392
0	0
15	4506
0	2560
14650	4774
6367	308
33	296
224	0
0	1726
0	1070
617	1621
110	22
28	91
339	85
0	468
551	490
6	11
280	552
1755	553
253	277
1	0
1970	546
0	1863
3	1801
650	174
38	1373
1229	2560
0	2077
0	2202
0	41
339	90
195	131
23	221
0	221
0	151
0	182
2935	2
0	0
183	3
0	2
0	0
0	0
0	0
7	0
0	68
1734	70
4	47
0	13
0	47
0	0
6	0
0	0
0	0
0	44
776	44
0	0
750	1506
3	1476
390	681
856	1503
162	1502
1	22
6	52
8	52
2333	1404
0	1404
660	8
1137	0
0	0
54	0
77	0
1265	109
0	107
216	2373
0	1017
0	1365
0	217
16	718
0	615
3	552
50	552
0	31
0	54
0	46
0	32
30	0
2	319
0	248
1362	0
30	10
0	10
1220	2
0	458
0	458
0	49
0	30
12	118
0	99
0	214
575	304
0	304
0	0
0	235
1472	236
2401	4
617	1099
4	1159
0	755
0	961
9901	5683
29	5671
3990	188
3	182
51	8
0	8
0	5
27	70
2	4
0	64
0	65
0	54
0	650
0	635
0	35
426	468
0	35
0	427
447	0
6761	7
1441	1796
0	99
0	1795
26	2158
0	1854
38	1805
15	389
6	16
41	0
0	4356
18	946
0	2754
37	53694
6	5693
854	55443
3342	51180
43	229
2	75
46	0
1816	0
1634	2497
21	0
0	0
38	795
7	604
1969	0
17496	9
35	98
0	40
124	98
0	70
18	0
953	1360
148	1359
106	0
306	0
47	23
0	19
0	0
0	0
0	1
0	9
0	7
0	9
32	0
66	58
49	924
22	384
3	748
0	82
141	252
111	320
1603	1
0	178
3986	178
26	0
0	117
0	116
0	531
0	191
4	27
0	27
513	2
0	0
0	12
0	12
0	12
7	94
0	67
0	68
1126	0
17	1039
41	1039
5966	1784
0	7
0	7
597	54
553	962
1	708
7	907
0	900
0	907
6	1
2152	1
17	21
0	21
65	70
659	225
0	223
10	26
0	11
0	12
151	0
22	48
2322	5
32	407
1660	408
0	0
979	5
0	268
0	272
0	302
0	269
0	20
121	20
1	0
0	7
0	8
540	1299
0	11
0	1302
0	1299
0	1296
356	1
850	66
0	66
0	0
0	0
0	0
176	205
51	205
318	0
40	0
0	26
0	26
16	463
0	463
0	1
0	1
0	237
82	255
0	255
0	0
0	0
0	0
0	52
0	23
0	28
6	134
0	82
89	1707
6425	10139
0	0
0	0
13	39
0	17
25	39
0	1
0	0
0	0
0	0
3	0
68	379
212	381
0	0
212	480
0	2
2469	15
0	15
0	35
0	227
0	227
198	1304
2	1304
1793	4
0	22
2	63
0	16
145	97
8861	17
1000	22
0	21
5736	1934
0	1928
41	362
12	362
948	1
1	0
79	1123
0	513
0	425
0	281
0	203
0	0
0	753
9	45
72	1273
0	176
50	873
0	0
0	0
0	0
0	962
0	2285
0	2285
72	321
174	321
0	883
33	883
130	68
339	383
0	214
715	872
0	884
10846	9
3209	1154
9	722
0	130
80	1171
669	0
0	4300
0	1831
383	4438
0	104
97	104
32	2
6	0
1734	2483
113	50
90	49
0	90
15	651
3189	756
0	15
0	8
0	19
0	22
7	161
0	9
0	127
0	190
0	178
0	3
12	3
225	819
26	819
177	2
0	780
43	104
96	1
0	0
0	0
0	0
40	721
1991	1596
218	1592
0	77
8	222
74	268
9	126
905	2552
1	2565
14	7
0	6
27	901
2079	903
0	5
0	0
0	5
0	0
0	1
0	0
183	289
0	289
1061	1
60	0
0	24
122	224
5	230
0	575
0	517
0	474
7	535
0	536
0	516
46	104
974	63
0	54
45	431
7	431
1	0
0	0
0	0
0	0
6	0
0	0
0	0
2057	600
14	1086
0	240
61	1172
0	1031
0	9
45	9
58	9
0	10
26	301
0	166
4	1544
0	1220
0	1620
1147	46
0	46
42	6
31	0
592	229
15	123
0	155
62	99
12	131
0	137
0	137
0	137
0	74
207	74
1990	0
0	0
3212	308
0	213
0	90
1926	1909
121	1909
0	14
0	13
0	13
0	18
21692	13
328	844
44	0
0	40
0	4
0	56
0	56
35	7
0	0
35	581
0	581
72	0
22	0
7181	3200
126	269
68	86
0	14
0	76
3	353
127	2412
29	2226
510	48
0	46
0	0
0	0
1	8
0	8
0	8
0	12
0	8
324	0
0	91
104	94
58	106
739	106
282	132
0	16
0	32
0	29
0	47
0	35
0	138
0	21
0	8
561	2336
54	2262
6322	7
1344	3
0	56
2	35
0	79
425	266
5	266
0	218
623	0
0	4
46	381
0	148
0	381
6	0
1854	2
0	9
0	0
0	0
117	421
170	1
400	9
0	6
0	184
185	195
110	531
0	184
8	13
57	0
104	863
10604	9
51	518
55	8
4759	525
67	298
48	298
0	72
0	5
8	72
0	32
326	0
1248	0
0	61
78	61
2151	1
130	504
367	504
173	0
0	0
134	0
0	1
0	10
11	10
235	442
0	24
0	442
0	0
779	3
109	1004
1	1004
624	221
12	221
4	267
0	128
124	288
42	24
0	5
11	126
236	224
0	62
0	13
0	3
0	203
68	0
421	0
2035	11682
4	10693
0	6385
0	580
6	260
3519	0
229	338
8	41
291	283
72	292
26	133
5	106
8	133
0	0
0	3
507	0
1581	14636
11820	14656
0	46
15366	10651
0	79
1091	83
29	0
950	3
574	833
27	833
31	0
433	1290
148	1290
35	1282
0	534
41	574
5	91
24	578
7978	20
0	0
105	2
3	808
0	217
0	273
0	399
0	52
11	274
51	299
0	766
7	742
0	211
124	220
1	0
0	0
3	0
0	14
0	14
0	22
0	18
58	116
0	11
0	38
0	60
4	55
0	5
0	20
0	77
0	101
45	4
4136	8069
0	8061
167	44
0	44
0	0
0	0
0	0
2	0
3	0
1592	0
1963	1
0	0
394	0
0	217
0	220
0	220
0	220
0	103
0	103
0	103
0	103
0	103
0	103
0	824
0	824
1556	406
0	404
54	148
0	190
0	190
0	2090
0	1181
439	6183
171	6127
0	6132
918	2106
36	170
34	26
0	1473
0	532
0	1693
0	1809
244	682
0	682
293	54
0	54
283	98
0	98
119	62
282	44
0	44
0	7
0	0
0	0
0	7
0	0
1	0
0	0
0	0
2269	1848
389	1866
82	5
813	2091
11	25
3	88
0	2153
0	2221
753	0
0	0
0	7
0	0
0	7
70	0
1872	1
1354	0
3326	2111
12	171
267	59
115	29
0	0
180	399
0	399
543	1933
297	1934
4	2024
34	1284
0	2024
713	205
0	0
0	0
0	0
264	402
0	402
0	0
96	0
2	6
0	0
0	738
0	64
0	147
0	542
0	740
121	1762
24	1762
39	0
23	0
0	0
102	2
0	11
70	15
4	18
0	7
0	31
0	33
8	44
167	0
168	97
0	219
107	219
0	0
0	0
1913	0
16	35
0	31
0	35
0	31
0	0
0	40
0	23
0	17
562	838
97	0
0	808
0	838
2	0
120	1001
0	1001
654	2
0	85
0	7
0	462
6	420
0	462
390	465
0	385
0	168
0	209
0	2
0	2
0	3
0	206
69	145
1	225
80	735
337	752
0	178
7	10
260	178
0	88
56	157
19	152
0	157
1367	0
0	9482
551	12320
0	4193
0	9482
3064	2
22	50
0	50
834	1
7	0
0	2908
0	1115
0	1909
15338	2917
28	29
0	13
0	3
0	21
0	18
73	499
0	25
0	485
0	2
1229	660
0	650
0	208
0	132
521	268
0	304
688	758
220	758
2	99
3	99
9	17
0	7
1	18
728	1892
0	49
0	1815
0	124
0	1770
0	217
314	0
12	807
0	765
0	809
3	0
0	3
47	960
0	377
689	1337
0	0
1913	914
98	332
0	1006
31	0
959	4
0	2
4	0
961	3914
0	3478
0	217
0	903
0	584
0	3
0	3
0	2
0	2
164	199
37	199
124	144
3221	8
2399	1347
0	47
0	297
1	3
0	1478
0	1453
4836	4464
0	4461
0	0
0	2
0	2
0	0
0	0
1	2
0	0
199	1114
256	1114
6	31
29	349
0	371
0	319
0	341
10	364
16	67
0	15
0	11
40	0
6	12
0	80
4	56
0	0
15	0
48	1
0	183
6446	10561
0	10557
0	0
877	7
238	140
44	140
25	89
0	89
1956	1
47	25
0	25
654	10038
0	9796
245	7427
486	1442
0	3
0	215
88	1149
0	398
0	1149
38	2
881	2830
3	3029
0	2721
0	3040
0	2811
4	299
5	299
0	392
818	858
8	497
0	0
0	9
0	9
0	89
0	108
0	109
0	87
591	490
42	362
0	0
0	0
162	96
15	96
111	0
0	114
6	325
99	1719
0	1719
9	203
80981	113
0	0
12080	4
5	250
0	46
212	46
0	0
0	0
0	222
1436	221
135	177
0	33
771	327
0	150
19	68
0	68
216	0
0	37
11	204
0	199
4	93
0	93
653	980
0	386
109	430
0	782
0	769
302	2987
67	2622
54	365
104	2526
0	30
0	81
0	2526
0	0
201	20
0	20
943	0
0	154
0	53
641	1432
0	1434
1508	7
0	3
0	3
0	30
0	11
34	311
0	184
0	195
0	195
0	191
70	124
1920	3
1	45
32	22
0	91
0	84
103	0
0	240
188	240
0	6717
3249	6719
0	0
0	0
543	0
15367	5007
0	491
1	3385
0	1102
0	0
2174	1
20	0
91	0
1268	0
0	135
0	127
0	129
0	0
7	0
0	0
0	0
0	2
85	2
0	1533
199	2271
1890	1931
0	3
12	23
147	23
67	24
0	24
973	81
0	80
0	0
0	0
11	32
17	9
35	367
0	14
0	367
1	21
149	0
202	403
6	403
0	0
0	0
1565	1
0	141
0	675
604	2106
4514	4513
0	4699
1	4845
0	0
553	2
111	651
0	3
0	3
0	326
578	327
58	0
0	23
0	23
1288	305
0	304
0	215
0	0
1715	1295
2	1292
12	0
555	344
0	270
0	355
0	0
0	1
9	152
0	152
0	0
135	24
0	24
0	0
0	0
0	0
0	0
17	20
1	160
0	0
0	20
0	0
0	138
0	165
0	367
1026	1622
0	1164
0	82
7	204
14	74
8	94
0	93
10	624
28	556
5	10
0	10
0	164
18	164
494	1085
0	1085
0	0
0	21
6	0
0	0
1	0
1	21
1619	3
0	110
0	282
0	97
0	37
2	83
437	50
0	1
0	106
981	106
5	0
0	11
0	10
108	792
0	834
3	815
1395	3
67	298
80	0
1387	1
0	15
2118	956
0	61
0	100
21	91
0	97
0	100
2101	4
825	3
0	0
0	0
0	0
0	0
1205	82
121	55
0	28
28	359
0	249
0	297
194	119
276	302
0	302
0	0
6	661
0	661
1438	0
0	140
687	144
1584	222
3	215
2224	3
139	0
6	0
0	1476
0	1
436	2420
0	2420
2	5
5	5
217	565
0	61
19	178
0	349
0	98
2	26
0	24
137	3500
0	464
4	3500
0	0
145	995
6	995
7	0
0	27
0	22
0	33
8	67
0	67
16	73
28	0
388	0
5257	7
8	31
38	0
321	0
17	136
739	137
2229	2
0	179
54	333
44	375
0	22508
267	2060
148	23006
89	24286
106	22337
0	123
0	70
0	115
0	110
0	132
0	24
69	24
0	0
0	0
9932	8360
0	8348
0	1031
0	0
0	3
0	3
0	0
0	0
472	1995
0	179
0	5
32	1025
0	1995
1417	1208
0	216
0	102
11	218
0	233
599	0
350	2
0	0
332	964
123	273
1	6
0	267
8	0
1	24
1521	24
127	0
3872	1
939	758
0	756
432	0
3	16
0	5
0	16
1752	4
5	1
0	0
85	155
29	295
3	262
1028	557
9	2719
772	2719
25	286
0	79
0	160
6	81
0	38
0	143
0	154
0	58
2	53
4	69
11	0
303	576
0	576
1082	0
140	0
19	407
17	622
0	419
0	73
0	698
144	17070
5004	20113
250	20543
4	15454
201	4
0	52
10	81
218	228
74	68
78	31
6	31
7	0
437	0
1941	253
48	251
5	0
0	1
0	1
0	80
0	80
0	363
0	363
1715	2264
0	578
0	327
0	2264
33	0
25	140
8	10
7	140
3045	1786
0	1317
0	557
0	376
0	0
0	0
19	2731
0	785
0	1212
0	2525
58	512
0	175
0	433
8	1
83	0
8	70
231	7
0	499
0	517
49	527
0	469
0	182
594	183
1518	1516
0	1516
10	0
8	47
0	47
287	2708
0	35
0	2708
102	0
1183	929
3	298
22	3
63	1449
22	219
4	1449
0	3
0	6
0	0
0	6
150	262
12	130
927	78
3799	269
0	259
0	191
0	142
0	58
5	10
39	38
11	0
98	2344
8	2344
58	22
0	0
0	0
373	1597
1718	1596
676	0
0	0
824	1456
5	1456
5	0
2061	2
8433	2105
0	31
0	2076
52	2025
39	0
6	38
38	1231
0	107
330	4443
0	6
0	1254
35	607
6	570
3	247
0	190
15	175
0	3241
1080	842
63	144
778	144
0	144
750	718
0	100
0	709
0	1
89	1
313	0
8454	15
64	1027
29	1027
53	130
4	0
0	87
0	65
9	125
0	113
44	17
593	3
0	0
0	0
0	0
279	174
0	122
0	138
0	92
1812	16880
5	2116
0	7737
0	5853
3238	11232
38	17
0	921
0	1241
54	443
302	520
0	526
102	5052
121	222
153	4996
33	58
0	10
0	10
0	122
0	114
784	1
17	0
147	26
0	26
24	3
1412	2314
0	0
0	65
174	95
3	30
0	0
0	0
0	0
248	1306
0	1426
0	1449
0	878
0	20
6	0
0	20
0	6833
41	8785
32	8729
0	8731
0	11
0	11
5	208
397	1084
5	254
0	848
0	37
0	44
0	42
0	20
0	37
0	107
0	99
0	109
0	109
361	0
2	4
0	4
0	1
0	573
0	590
0	643
0	38
0	667
0	14
0	3587
0	784
0	359
0	2
0	4386
0	4360
3	4325
0	4481
0	4100
13	0
0	0
0	0
0	184
0	327
0	328
2	0
0	0
77	2022
1893	2
93	575
0	383
0	170
38	564
0	0
0	3
0	3
0	7
1	7
0	1
2	1
7	2006
18	0
954	2683
0	1752
0	303
626	1146
0	0
245	0
53	0
262	311
0	311
3	0
14	772
47	772
5	781
0	1274
41	1389
0	3
0	901
0	137
10	5483
311	5483
326	0
229	25
0	123
0	940
0	177
0	546
126	779
0	5380
4	2614
0	6212
11	5929
0	2248
0	6625
0	2
0	2
2	2
5	0
53	4037
75	4071
0	4099
5	4062
1560	3
0	55
388	56
202	392
3	386
0	3
40924	70
0	19
6	14
0	14
39	2
0	2
1	3
3	0
0	122
5363	361
0	358
1171	2
0	334
0	329
0	260
0	90
328	683
1	235
14	0
16	253
1137	579
24	464
36	162
928	3258
57	3493
0	3493
4	0
42	613
2	607
0	140
5	140
11	71
27	0
45	71
0	0
0	0
0	17
0	17
0	0
0	7
2145	6
6	0
5	0
0	0
0	1526
0	1466
0	338
0	1280
0	1522
0	1408
50	1275
67	1275
3183	303
0	303
1053	1
0	0
0	0
0	57
0	26
0	102
10	67
14	102
1362	948
0	948
0	8
0	8
0	253
28	67
2096	2175
99	2246
5051	5455
69	5455
0	0
0	0
1	96
2	269
0	9
0	2
0	2
7	20
96	32
0	28
13	1602
261	1741
711	0
0	0
0	0
0	0
0	346
0	383
0	0
0	0
1	0
235	0
0	2843
278	2843
2	91
38	91
507	0
253	209
71	209
741	0
297	3530
12	3530
0	4
1	5
186	9
0	43
0	43
0	0
0	0
0	0
0	0
0	0
6	0
0	0
0	773
4448	1760
0	999
30	180
15	180
41	604
232	604
0	0
4	13
0	13
0	0
0	0
10	0
4	22
1908	0
0	53
29	53
104	1509
0	517
13	1509
0	0
0	0
0	0
0	0
36	732
12	732
619	3
0	23
9	60
0	50
0	60
0	34
100	0
0	8
0	0
0	0
0	0
0	326
0	399
0	418
0	57
0	414
0	726
213	726
213	780
0	780
22	0
6	0
0	116
13	116
0	0
2	0
43	0
69	452
0	15
6	452
37	0
11	1
0	0
13	133
501	5045
79	5045
0	2
0	2931
25	2931
5	0
837	0
0	3
0	32
0	16
0	32
135	865
157	865
199	634
0	634
0	0
0	0
0	0
0	0
0	0
28312	24
24775	231
15	200
225	114
0	122
5	122
0	32
2534	33
0	0
0	0
0	0
1391	1
1237	2644
0	1618
314	3030
1192	1
66	0
18	173
103	0
322	2443
0	460
590	460
20	0
0	0
572	1231
18	15
0	15
1	15
0	0
0	16
411	1267
1304	634
0	633
1061	1305
0	1305
0	8
0	13
0	13
2539	5
1638	1
360	0
0	621
207	1905
16	1811
0	1535
0	0
0	19697
1961	19700
4943	8250
0	510
0	151
1	8091
989	8204
946	8325
0	106
5419	7475
1623	1858
0	7473
1589	757
0	337
0	415
136	3672
6409	4460
0	4456
1081	4266
0	0
2	0
3	0
0	0
0	0
91	1145
0	446
754	1080
0	279
40	929
123	1653
4283	2171
0	0
0	258
179	3854
4	3854
0	6
0	6
9	6
11399	8
0	0
0	0
0	0
0	0
0	75
1300	77
383	0
0	0
0	0
0	0
0	329
174	329
0	0
0	364
6	17
0	17
0	17
782	367
0	45
63	45
0	0
54	0
9646	212
0	198
0	377
2465	378
13	3
316	0
93	20
0	4
0	0
39	0
14	0
904	7204
0	7202
11	182
509	1724
0	1724
119	27
0	24
1	0
0	6
6	149
0	9
0	149
8	0
5	2
12	14
0	5
0	5
0	0
0	9
0	0
1	0
0	0
0	0
0	0
0	0
0	0
0	678
0	2633
92	587
395	8758
73	8054
1	2900
0	399
215	399
3	3
5	0
0	276
0	399
13	209
0	17
0	0
0	0
614	1175
0	1175
62	655
0	698
62	690
1206	2
2777	3
6	1432
0	306
0	998
0	1634
6140	3281
10	0
991	199
0	199
0	0
0	10
0	10
0	464
7	899
0	422
0	464
108	908
0	0
0	8
0	6
0	30
0	10
0	32
0	34
101	150
0	66
1089	193
0	193
0	0
4	0
0	0
87	25
26	0
4436	7461
207	317
23	0
0	539
8	616
44	35
0	6372
0	6311
232	20
0	20
0	0
4	14
0	8
0	3
126	118
0	0
837	2
6	24
328	0
1954	0
189	105
0	105
0	0
228	47
158	442
36	597
0	310
15	579
0	564
7	1301
735	1658
0	357
5747	3
2	0
10	0
0	0
0	0
0	0
0	0
0	0
323	0
1206	641
8	641
0	4
0	4
1450	0
196	0
0	0
20	27
56	27
0	0
8	106
33	174
0	66
0	182
0	168
0	0
0	0
142	563
3146	564
0	0
0	0
179	235
0	235
674	156
0	156
34	4
0	1
222	2
3969	12
130	0
67	17
67	6821
2613	2870
259	1059
24	0
1266	3926
7	0
145	0
0	219
78	418
4	469
0	66
0	16
0	185
3296	84
64	258
0	23
1487	241
0	10
6	215
0	0
5	14
391	123
4	65
0	58
0	65
0	2358
0	6804
0	2506
0	1809
287	647
0	647
1161	1272
0	303
0	132
0	377
19	473
0	19
0	0
0	19
0	648
663	648
0	161
182	1565
0	1551
1038	3176
5	788
0	811
7	1266
0	2
419	4077
1	422
63	4045
1123	3818
0	24
0	3817
397	12
0	139
6001	4137
2	4014
0	6
26	71
30	1818
0	1818
90	0
0	649
0	273
0	141
5	674
0	1
0	1
0	0
490	0
39	0
0	6
4	6
2990	2
1	0
0	0
49	207
0	252
4	246
0	253
407	175
0	0
0	0
42	277
1749	537
39	530
0	0
0	0
2933	9
24	0
0	0
0	0
3	9
17	132
13	29
0	133
0	132
50	0
0	0
0	0
956	1
1595	6
0	0
0	0
0	0
0	0
116	430
36	0
0	0
244	725
0	494
0	320
0	446
0	677
13	54
0	54
0	11
0	30
0	30
3	0
566	784
0	781
0	16
697	383
3	7
11	399
0	0
0	0
1026	0
0	431
0	479
0	0
0	222
174	480
0	480
0	5
420	0
3	0
29	216
0	46
0	105
2	0
0	8
0	1040
0	124
0	38
10	1040
112	32
0	27
0	5
0	5
1838	830
22	821
7	8
2074	0
5	0
0	0
115	0
7	0
1330	886
0	885
196	507
0	100
0	97
0	115
0	143
0	125
3884	248
2	241
235	101
0	101
47	81
198	80
0	0
702	171
0	26
0	0
0	491
0	197
0	191
0	9
0	191
0	0
0	0
0	0
262	651
3045	0
231	4709
364	4714
0	0
268	1636
0	756
20	1287
3275	4
0	0
0	191
0	32
0	298
21	832
26	840
5246	198
156	196
3	0
37	378
0	378
17832	26
0	0
0	1012
860	1012
0	614
0	524
38	157
0	46
126	15
0	15
0	0
0	0
0	13
1	13
52	28
0	0
0	67
0	0
0	67
0	0
205	0
113	0
0	0
0	103
179	359
961	715
0	324
0	0
0	0
0	0
0	0
0	0
0	128
0	116
1037	942
0	34
0	47
36	270
0	256
290	0
16	0
0	0
0	26
23	738
0	686
4826	2585
407	2815
7	0
10	94
0	94
0	0
0	0
0	0
0	0
0	0
0	0
4911	13302
0	13300
22	918
8	34
2	900
12	43
0	9
0	8
0	9
0	18
0	10
0	24
0	5
0	32
0	19
0	6
0	2
32	2
0	0
0	0
0	104
263	171
0	106
0	112
10	101
8487	10700
0	240
292	10677
0	110
0	84
3	223
84	223
0	137
175	6569
0	6569
0	592
0	19
0	33
0	63
0	90
0	532
22	590
0	1044
772	1312
0	0
0	0
0	0
0	0
308	774
2507	14140
0	14137
0	1
0	1
333	170
0	170
26	545
0	204
0	210
0	208
0	174
0	210
0	196
0	219
0	190
1513	2144
111	3005
0	2976
335	0
165	772
602	6842
0	2453
0	6021
0	0
0	36
1	6
7	85
0	65
2	10
11	10
0	0
25	0
44	0
0	0
1457	1
3	472
1	249
0	19
0	1991
3	1665
2375	1873
304	591
0	22
0	81
6	591
1980	519
0	169
0	516
0	13
10	13
8	0
748	550
80	0
2491	4109
0	4106
0	24
89	109
0	97
49	29
0	29
132	0
0	0
0	0
0	0
0	25
0	162
416	3714
2	3714
939	0
0	3
2317	217
12	216
82	207
40	207
12	61
4905	6
7	8
620	943
15	941
497	110
0	79
0	105
0	286
0	280
0	280
865	1
19	61
0	61
0	192
0	693
30	585
34	581
0	325
18	1669
4	480
0	1506
0	0
3207	1251
48	1249
0	0
0	0
1728	6
63	0
0	0
76	3
0	3
39	35
0	18
0	6
53	6
0	0
106	966
0	966
0	0
2	1
0	7
484	8
72	1222
0	1222
0	77
42	114
4	0
1253	4
746	306
0	127
332	5436
306	4040
0	218
0	4892
0	0
3	3553
0	1374
0	1373
9	3552
9	0
108	190
0	190
627	329
0	282
0	6724
0	3916
0	3455
15369	14092
150	3205
0	3205
0	0
0	0
142	334
36	334
265	274
449	188
2437	196
29	128
9	22
1	22
0	0
0	377
0	438
0	438
0	183
1	886
0	494
0	697
0	722
0	558
423	14
327	18015
127	0
10	293
0	20
2813	2223
363	2193
546	47
5	0
34814	38
0	44
0	44
13	181
0	211
0	211
913	0
1186	0
17541	20
71	191
0	191
0	11
0	11
0	11
0	65
129	65
0	16948
0	14908
397	30779
0	21090
1	26222
36	235
0	102
0	88
0	90
0	150
0	165
1	290
0	0
3581	18015
5233	4
1142	1
0	0
4	93
0	0
0	0
0	34
10	34
0	5
451	4608
0	143
0	16
0	607
0	4616
0	4529
0	3
0	0
0	0
94	308
366	308
699	1
0	608
0	576
83	81
0	81
99	0
6	285
63	267
106	370
386	393
1	268
0	253
1190	768
46	973
0	920
1087	2
7	92
15	86
0	91
186	969
1	465
123	504
21	0
10	0
1	0
0	0
0	0
0	0
0	0
0	0
207	2
598	1385
0	1015
45	1774
0	1703
1289	41
2556	1
8	0
5	49
0	18
0	209
533	397
0	188
18	0
4946	6832
18	55
0	4
0	55
684	0
4	0
0	0
0	0
0	0
34	161
0	161
270	2
11	0
92	0
350	140
46	405
37	545
0	11
32	11
132	35
10	35
1355	0
726	247
0	243
6885	539
0	118
0	123
0	61
0	540
73	598
21	605
0	772
0	588
0	1231
145	1521
258	0
0	0
76	1063
0	1063
0	2
498	1
3	58
148	58
0	124
105	163
0	0
0	735
50	809
0	91
0	114
0	232
0	181
35	0
1403	0
2268	1998
0	1455
0	1988
0	1595
0	1988
1	273
0	273
0	2
0	1
0	1
44	16
0	5
3	47
206	47
0	2
252	12
0	12
0	8
0	309
3	309
0	0
0	0
4	0
996	383
0	380
325	5049
5	5046
5	79
3	6
0	202
992	2141
7	170
48	2120
38	170
0	170
22	233
0	173
12	275
1028	65
0	63
0	7
0	7
0	0
0	0
6	13
41	14
30	7
0	0
0	7
521	0
0	9
0	9
42	0
0	22
0	22
4	0
1449	3
6271	1094
2072	2626
2670	7
0	0
184	345
0	345
1101	109
0	16
0	214
1095	313
0	98
435	0
156	0
74	0
6	6
0	2
5	980
0	80
6849	1341
70	0
1	223
0	212
0	223
0	97
75	97
678	7
52	71
0	71
0	213
0	164
345	1410
0	81
0	1410
72	3
0	19
21	158
0	38
0	30
0	124
236	0
476	0
1814	2971
212	2970
7709	6798
0	6791
598	0
116	358
36	358
567	790
0	173
173	787
103	8
2	8
14	22
215	54
0	48
396	555
0	5
0	552
0	13
0	14
0	13
0	43
0	48
0	48
0	0
59	386
0	386
706	2
140	1097
228	1097
0	616
64	616
1153	2
5	86
3	86
242	0
0	0
0	0
0	12
0	23
0	61
0	171
0	25
0	11
5	163
0	172
78	0
2	52
436	454
0	332
6	0
142	0
2783	4
45	543
4	1516
6	408
22	305
0	222
0	176
0	968
24	227
607	2145
9	1092
0	1271
0	0
0	0
0	0
3	27
4	27
113	0
56	61
0	61
510	1285
0	28
0	17
0	74
55	1283
0	0
0	0
0	108
221	66
0	653
0	2460
85	2480
0	2480
0	82
624	84
0	0
0	0
1	15
0	3
184	110
1	45
11	122
0	110
701	184
0	180
0	44
0	40
0	4
0	40
205	0
5333	5
241	262
3240	2
517	3
3	1692
156	1692
0	0
0	0
0	1350
227	1350
2946	5
60	11
289	406
62	33
1968	586
45	1
0	584
0	0
132	440
1	9
0	440
2	0
3826	7
2868	2450
0	1064
0	5
0	4
0	5
190	0
244	0
0	0
0	0
0	71
1435	585
0	14
0	91
0	41
0	114
105	205
330	1
168	11979
196	879
0	11464
133	0
177	0
21	391
0	391
4201	1864
32	1861
0	5
0	5
0	5
0	0
4	2
0	2
0	2
0	79
7	79
603	648
0	648
0	607
270	291
3	55
44	44
0	55
0	27
427	27
0	3
0	3454
7208	3467
0	0
0	0
15	5
0	5
420	281
0	0
3	0
0	0
75	579
5	591
0	108
0	534
0	558
0	0
0	150
0	243
4	556
113	556
0	468
1072	6244
0	245
4	0
20	6405
0	6385
2	6213
0	5489
0	1682
0	1554
5	1886
0	0
288	230
6236	8
7	147
103	147
0	10
0	10
0	10
0	15
1	1836
3077	1842
1	0
0	76
107	82
99	5237
487	5066
192	4347
7	0
0	107
0	4
3	107
7	456
1368	456
6	2
754	1
168	747
750	747
137	108
0	108
31	0
2692	35
0	33
35344	14705
6	14659
1640	26890
101	7994
0	1353
27	26019
591	418
7	82
0	418
438	2671
7	2639
2	569
0	2633
0	569
7	281
0	67
4	7
3374	638
155	203
0	0
0	203
9	37
2597	1
1137	776
176	899
8	657
6	0
1296	0
0	0
0	30
4	1277
3	287
1433	1183
0	0
0	0
0	0
0	0
0	3
2	3
0	0
1619	3
235	389
0	389
3	60
0	1
0	60
0	60
0	0
3	0
894	2
0	123
13	123
289	390
158	816
2	815
263	2156
54	2155
17	21
0	0
182	460
6773	463
0	0
162	0
206	0
98	0
0	0
295	3
93	0
61	1417
0	1384
0	1351
0	1395
0	1378
1223	1589
0	0
3	0
0	0
2700	3
148	0
0	208
0	73
177	219
0	0
0	0
64	1162
0	1162
0	0
19	0
678	1030
0	1030
66	0
485	1085
0	32
23	1085
384	169
4	169
5	48
20	221
0	221
637	0
461	349
21	1823
68	1809
0	0
0	0
1347	554
0	552
636	1355
0	171
4	1184
24	1693
6	1686
0	2787
0	157
95	2794
0	0
0	0
0	1
0	17
1	95
0	8
0	75
0	81
25	103
20	103
323	1779
0	1755
0	24
65	2
0	2
749	0
600	2
34	29
0	1
0	16
2602	0
9	1713
4452	1713
12	0
205	0
2261	471
29	470
17	74
0	54
0	27
0	27
0	14
426	34476
3086	34597
0	34597
0	16
0	19
0	19
0	5
58	31
0	202
0	268
0	190
33	268
287	15
0	15
61	1654
0	0
0	5109
582	5380
0	4757
12	5766
0	0
0	0
0	0
0	1
0	0
0	1
0	1
0	1
0	3
0	3
0	3
0	648
11	2769
173	2769
49885	35269
592	35224
0	14
27	127
0	122
0	93
12	7
233	226
5	226
0	3
4	3
0	380
0	508
663	508
166	121
0	124
27	0
1620	1199
2306	841
1	0
0	0
963	82
179	82
0	0
0	0
0	120
0	243
416	0
13903	18
2	0
0	0
4266	1859
359	33
40	33
164	264
612	459
0	459
81	0
2161	2958
0	2957
0	3
12	0
277	894
68	0
124	4592
0	4592
0	54
0	54
300	224
306	2644
0	2580
0	221
0	62
7	0
0	71
28	619
4	619
5	0
0	3955
679	3955
4	0
0	0
945	627
0	511
0	511
0	626
0	511
0	0
0	0
0	0
11	0
194	5630
0	5630
672	2
168	242
10	137
0	99
5	3
4	75
1	75
337	1
0	3
0	3
119	84
71	281
0	376
3744	2334
50	69
0	2172
235	1832
9	15
0	15
983	10507
0	10507
317	1
1141	0
552	1404
0	1449
15	1423
40	1448
3	1422
13	269
0	34
219	382
1	382
20	2368
0	358
0	646
0	71
0	204
45	1241
133	2580
20245	15
12	231
0	1
19	675
0	166
136	6437
33	6470
82	3205
0	3212
0	3281
8	2709
0	4484
0	2749
106	1
0	87
110	325
49	325
601	825
1	825
184	2572
4	2159
1	2859
1302	3642
434	0
194	193
0	204
2	98
278	6
0	9
2	9
58	0
0	0
0	162
3	162
0	162
0	118
16	0
5	0
193	47
0	47
19	0
10	12
2	11
0	0
0	0
767	212
295	1246
2	332
16	332
1829	11
6	0
0	0
0	4
0	4
0	4
0	28
0	20
0	45
28	45
2	0
9555	20
0	0
0	0
0	0
0	0
1429	0
0	0
0	0
0	0
0	0
0	0
2	0
0	0
0	0
30	329
301	329
0	0
0	12
0	0
0	12
60	0
986	0
575	635
989	894
0	892
8756	11
4	20
0	7
0	7
4	27
39	422
0	423
0	429
11	1866
40	843
87	1726
0	749
0	509
0	0
161	106
2995	2925
21	555
0	2533
0	2735
0	2423
5375	4
456	1007
5	221
0	939
704	295
0	293
0	137
5	709
0	662
0	671
1494	1
4	0
3	128
0	0
0	6
0	28
191	28
239	129
0	129
808	4579
0	4579
0	288
9	288
642	1388
133	1386
375	70
0	70
0	171
3	656
487	2317
0	1683
0	1867
0	21
0	21
718	574
0	384
37	387
0	18
0	12
0	19
0	19
0	18
0	19
0	19
79	51
0	128
0	145
0	51
0	0
0	0
0	0
86	325
27	398
0	410
7	0
394	0
0	0
2992	3
90	19
50	74
6	74
12	0
1020	371
0	361
0	0
0	0
58	51
0	51
0	5
2	5
1027	2
396	0
0	101
0	167
3	201
0	1300
0	1264
74	1264
0	1376
44	4
0	4
0	3
4485	3654
0	3506
0	3599
17	3598
181	148
0	148
0	0
3	7
0	0
333	0
169	5
1525	671
1100	0
799	207
0	207
3	0
29	0
18	230
0	30
0	219
514	0
0	371
0	64
31	400
8	400
0	256
2716	258
138	894
0	229
0	818
0	877
35	624
406	0
8	3
3916	9
735	3495
12	1621
0	2187
0	535
0	319
0	63
214	748
4	690
56	23
0	23
5	0
0	0
0	0
1652	268
16	960
0	963
13	985
0	9
68	27
3	27
0	0
0	1334
499	1334
0	27
1169	663
0	663
0	3
0	3
0	3716
33	78
21	3492
0	1811
0	2572
0	2721
0	2541
9	0
0	0
30	132
0	56
0	124
17	29
97	229
1973	155
0	0
0	2
11	1221
1816	1224
114	4693
0	4693
36	4475
283	0
0	157
47	243
0	168
0	243
0	190
0	221
179	45
13	47
0	47
1	206
0	139
0	133
0	133
39	909
4	464
533	924
0	456
330	113
0	110
12	0
2278	5
189	130
0	130
1277	431
9	430
108	472
635	472
1379	12814
0	773
3210	16267
4	7939
3573	4
134	2
7	0
0	0
1	6
0	6
0	13
164	13
363	648
0	648
16	623
0	211
678	211
114	4
28	995
10	1531
64	477
0	832
27	713
0	243
0	1408
89	1273
3	114
0	1273
0	14
0	2
46	14
8133	521
0	520
226	837
3	5463
15	5636
61	5527
0	636
24	79
0	576
0	683
10	757
0	80
0	80
5439	11
87	588
0	837
2	506
459	718
811	912
0	53
0	911
42	47
0	47
0	0
4707	519
0	506
1874	7
4194	5
11	57
13	57
0	436
0	479
625	1025
0	606
3	0
0	808
8	1875
3	1800
0	1908
0	902
0	3075
61	4065
0	2242
15	14
0	14
0	0
11	0
46	0
820	0
1669	5
340	168
0	0
2	0
2918	4
84	132
0	132
314	2001
0	0
1789	417
0	417
73	184
0	0
0	0
0	0
0	0
0	0
0	0
0	0
0	0
0	2421
81	2421
70	11
22	107
0	18
0	90
0	17
3	1
0	7
0	7
0	7
0	7
925	2
0	8
1525	0
1091	860
0	858
0	23
0	23
0	4
4	4
0	0
0	0
0	54
168	627
2449	8800
85	130
0	8835
68	8835
0	95
222	848
0	268
0	169
562	169
4	0
3	27
238	27
292	204
0	45
0	194
0	211
1272	0
3	0
1505	3
1	147
0	147
5	0
696	7
0	12
0	12
0	0
0	0
0	0
0	2
0	0
0	0
0	24
0	10
0	24
0	0
0	2
0	21
0	12
4	55
8	58
0	3
0	14
0	11
0	86
0	8
0	86
1095	1627
95	1627
0	327
0	14
6	327
0	205
139	205
0	32
356	32
10	0
4	169
0	169
0	151
0	331
1102	331
0	16
704	355
0	3
121	236
0	21
306	0
0	0
481	0
0	0
0	0
37	22
0	22
24	0
0	0
0	316
0	1
1	1
0	292
12	0
7	86
29	102
0	112
29	109
0	0
1285	548
0	361
1057	3
1035	40
0	40
0	566
0	15
0	379
89	649
80	0
5	28
301	990
2	0
30	1513
2	1611
0	3
14	0
259	329
0	329
2	360
2589	883
0	527
0	67
0	38
2	73
58	346
5	366
0	423
12	0
0	1745
28	1517
0	1541
801	1717
10	319
8	319
213	743
0	675
0	623
0	102
499	940
0	767
0	590
0	0
0	0
0	0
0	0
4	0
0	0
8	8
0	0
0	2262
13705	2278
508	578
7	434
0	457
68	272
0	0
1	59
0	68
136	2001
0	68
0	2001
0	24
0	9
4	24
500	9
480	0
2324	7
6481	3090
0	3085
0	0
0	0
4	202
113	206
164	0
18	6
367	0
0	0
121	533
694	533
85	110
0	110
0	0
0	0
0	0
0	0
0	0
0	322
94	308
0	1341
4	1545
0	702
651	1222
0	374
0	476
0	613
8	552
0	0
0	0
2916	2117
19	194
684	2116
63	0
532	655
371	652
20	490
137	490
15	765
6	100
9	767
36	0
0	0
0	0
0	76
10	77
0	71
0	61
1	134
75	1067
2	976
0	920
10	0
0	0
858	103
2853	468
100	0
2920	3
0	1
1481	2519
0	1447
0	0
0	0
2	129
14	219
0	219
1945	0
507	137
0	137
4	4460
3971	4460
23	0
14	8
0	8
0	77
7	42
0	42
0	0
0	0
61	88
26	88
0	8
1509	343
4157	659
40	587
60	562
177	18
0	2
7	2
615	114
0	114
0	1
0	1
0	0
2212	4
129	185
2143	186
0	10
0	10
165	1070
258	1070
326	881
0	0
4	30
0	17
0	30
555	0
851	623
473	623
0	53
18	53
3487	3
1804	4
0	5
0	5
6752	176
0	484
0	405
2044	806
151	1545
1274	1545
10	106
0	4
0	106
0	101
0	0
0	0
0	0
0	654
0	859
0	163
0	210
285	1126
0	374
0	207
0	0
124	0
0	2446
0	3244
0	3042
0	4408
104	4408
0	504
0	417
0	417
0	417
0	0
0	0
16	0
392	1
364	435
0	433
0	102
39	1
0	0
2009	3
20	0
158	3175
0	113
0	3193
20	3239
11	2982
0	3197
0	5
6	5
0	697
263	697
209	0
296	0
0	115
631	117
31	116
0	36
2	0
989	4
0	0
13	0
0	0
0	0
47	128
0	128
7	5
298	5
2	0
115	112
0	111
405	242
0	10
0	10
53	238
0	450
0	479
1139	2
0	0
68	4930
335	4930
279	185
0	0
0	0
20	0
0	0
0	0
0	0
243	323
0	316
850	624
20	0
59	12
2172	15
68	1
110	0
357	1406
0	1406
321	908
0	901
0	919
49	919
23	669
404	669
0	2
0	2
137	3582
1293	3586
1	251
0	191
505	252
474	930
0	930
0	0
0	1
47	1779
0	2340
7	2492
0	656
0	2
0	15
2	2
0	15
0	16
3	303
12	303
9	130
0	130
3	60
0	8
0	37
0	52
0	55
9	0
0	0
0	5
704	5
0	0
4	1
0	1
0	0
6	0
0	0
0	1
0	1
577	808
0	808
0	1384
946	2443
885	54
173	54
13	10
7	0
0	20
4	20
0	0
0	0
0	0
76	23
0	23
7	551
0	560
0	513
1775	917
19	303
0	614
3051	322
62	314
687	397
0	162
0	234
0	0
4665	6
0	268
52	2304
0	2304
0	58
1	411
0	436
6	436
0	181
1014	183
198	1783
5	1791
70	201
36	111
73570	77
797	1086
67	900
13	1086
0	0
0	10
0	15
3	28
4	31
139	3
0	3
1000	970
100	0
4	117
134	117
3295	6
0	0
0	0
8	41
13	136
0	92
25	147
0	118
327	200
0	200
2781	15590
0	585
3	5073
6	15563
0	0
0	43
1625	863
48	891
4262	9
0	151
0	150
0	198
7	185
0	172
0	156
0	134
0	145
157	238
0	243
9	151
19	230
1269	496
36	467
265	440
0	440
33	0
0	564
332	569
0	255
0	58
20	67
0	75
2050	1406
0	1121
3	1230
0	1159
142	1419
4038	2203
25	2199
0	0
19	66
4	0
101	2427
16	2427
73	1785
20	1785
20	499
0	169
22	499
4663	5
31	192
20	192
0	1
0	156
0	156
0	156
4	171
1385	973
0	108
276	109
1302	559
0	233
0	556
418	7941
15	621
0	5993
28	8032
0	26
0	53
13	100
6	106
0	3
0	3
14	76
36	72
484	2
29	186
25	0
0	521
19	521
0	0
3	9
348	9
0	8
0	8
306	0
0	3
227	8267
10	8267
0	180
49	783
9	783
0	0
7	0
0	2
0	0
0	2
0	2
0	2
0	2
7351	12400
17	12396
1267	1164
528	1167
196	902
0	902
0	849
68	781
93	609
0	493
456	2884
0	57
0	57
0	45
0	40
9	2
12	333
0	158
340	494
37	24
193	392
0	197
10	0
735	4
35	3
0	35
0	35
47	514
93	242
19	14
113	14
1	2
0	2
237	271
0	36
0	23
0	15
0	44
0	160
21	0
340	1177
0	1093
0	1177
0	3723
2321	6440
2	4059
8	15
11	42
0	14
2055	6206
1	682
71	6200
65	0
5178	4
248	406
45	406
0	4
29	4
0	81
0	81
385	1244
5	221
9	397
11	985
2999	3379
0	3372
80	17
0	17
12812	21
574	450
0	447
0	59
6	59
23	54
1208	938
170	1
0	77
44	326
87	277
0	0
8143	10
0	0
386	53
0	55
17	1093
85	1092
1772	0
0	5
1913	788
0	8
0	0
0	73
0	24
15	268
0	73
0	268
0	0
0	0
15	1
0	0
0	1
0	0
0	0
0	0
31	0
55	23
817	0
0	41
0	20
0	0
0	0
120	48
3	0
1512	1195
11	1198
0	1179
11	11
0	11
0	4
0	4
0	339
367	339
46	0
0	17
81	1314
3	1311
50	0
0	0
0	0
0	0
0	72
0	0
142	72
0	72
0	63
0	109
293	1307
0	707
77	4
0	4
505	1
23	44
0	43
0	33
0	27
106	0
0	321
44	321
256	676
0	393
0	394
0	433
0	280
0	433
0	13
0	11
0	11
6	11
0	227
0	10
0	465
61	2292
0	917
0	2103
0	0
0	0
365	0
3286	5
3	0
0	3
0	10
15	23
1	5
0	7
0	6
4	7
399	1210
0	16
0	1210
30	1173
111	55
0	55
1047	783
0	225
193	1168
0	45
150	692
0	560
0	649
0	0
47	531
2	428
0	230
0	441
19	475
4265	3662
0	3331
1	1506
7	1148
0	0
3	1
0	1
77	0
0	20
0	4
4	253
1264	351
91	0
0	0
377	0
4	0
836	2
344	122
0	122
36	749
40	880
4	650
48	571
225	2213
4	2372
2	0
2792	11
0	1196
0	1236
341	6070
7	1520
31	2014
0	2772
30	5537
0	2279
0	2773
0	0
71	51
0	80
147	80
14	258
0	23
0	13
12	245
87	84
30	84
0	0
26	23
37	23
0	50
7814	635
212	681
2	229
9	229
0	139
177	130
42	130
1	277
78	277
0	7
0	0
0	7
22	267
7	273
38	3537
0	272
55	3540
33	483
9	1490
330	1245
0	0
3	0
14	28
0	8
0	74
3	74
5	81
0	299
1133	821
0	821
0	729
0	821
0	0
0	0
0	3
11	3
14688	653
0	382
1351	1334
373	177
2	177
4	263
0	74
7	263
2	0
7	0
54	0
200	101
2	101
41	16
0	16
29	901
16	169
0	896
1	240
4	0
82	240
0	23
0	23
4	0
0	9
12	9
0	0
0	0
0	0
0	387
71	387
2334	1336
0	1004
0	1067
0	886
0	745
1	991
0	7
0	7
0	7
742	1
1247	545
0	571
0	90
0	172
0	97
18	116
0	68
355	68
8	0
1123	2
205	0
132	2078
16	2078
237	22
326	216
1	216
2597	2
163	162
0	162
0	0
11740	2274
0	60
0	59
0	24
1	60
0	59
33	197
0	197
16	722
0	247
15	649
5225	285
0	283
4172	2172
0	2169
21	0
6050	7822
0	67
29	24
3	0
0	12
31	12
0	0
0	0
14	0
2895	0
2	2
6	5
2	18
923	142
4	142
90	132
9	12
0	124
0	0
101	125
263	2
99	0
6	248
0	248
757	4252
0	4252
58	4205
0	3996
0	1269
15	3973
0	0
314	198
17	174
16	96
0	148
0	307
0	62
0	432
1	368
610	1521
2	802
0	850
0	71
0	99
63	100
814	6
793	676
317	21
0	0
0	21
4	785
0	2576
0	187
92	1168
0	2298
97	375
890	5904
90	9830
16	78
0	78
442	637
0	637
4	2496
0	144
0	1346
0	2589
64	0
15	18
0	0
0	10
0	249
133	249
0	234
6	42
1204	5500
258	6681
0	3774
0	24
5	27
9	0
0	0
6	62
3	9
0	53
0	0
90	105
7	105
0	0
0	0
0	0
87306	37262
12345	27976
1886	22292
39	8565
17	14577
0	14387
142	22978
0	15356
0	25
1	139
13	117
48	73
636	3151
8	3153
0	5
0	0
0	5
0	5
0	0
0	0
12	306
0	185
300	0
605	840
3521	4579
0	247
0	4458
276	4477
7	8
0	0
0	0
0	2
0	146
7	159
0	88
12	717
0	1134
120	2633
195	2578
0	135
0	433
0	232
0	187
51	390
87	0
8	8
0	8
0	1
6	1
2673	461
34	453
6289	97
0	9
0	85
98	14
1005	3
8	124
3	120
0	277
3	309
0	457
3	223
8	1701
59	132
0	1681
0	671
0	692
0	664
0	221
0	663
102	0
137	59
0	0
0	0
0	0
0	0
0	925
80	202
0	202
2154	734
497	0
0	7
0	7
7	0
0	8
1050	0
5	294
190	294
0	10
0	0
0	10
0	10
0	0
5	0
56	2155
154	2155
0	0
14	17
0	17
0	1
0	32
0	25
0	32
58	0
0	0
118	570
31	201
106	0
0	201
36	3
0	3
0	0
0	0
0	0
0	0
0	0
4	19
0	19
512	3
357	62
0	62
0	39
141	1360
9	953
27	1067
0	480
0	32
0	27
5278	3324
0	3095
4	57
129	59
297	0
1349	2
0	40
0	40
274	288
0	0
4	0
0	0
0	56
1195	129
42	174
0	1169
0	744
4316	1893
0	1111
2052	121
0	121
0	54
0	48
6	60
0	53
14	0
0	0
606	5
0	5
0	5
7	7
431	1
0	34
3	34
0	0
0	2
0	14
2	0
744	8538
0	8538
484	0
4977	654
0	647
485	385
0	376
0	138
85	2566
0	807
0	2366
7	14
4	14
251	2062
6	2062
724	3
416	185
1	82
0	37
0	16
0	82
279	49
0	6
3	43
59	0
0	3482
0	6165
789	21428
0	4430
0	6419
1554	21296
7	82
21	82
0	48
0	38
0	747
19	758
1	874
0	834
64	2252
1	725
0	106
75	3934
0	2780
138	2389
0	4341
20	392
14	459
0	10
2146	1
0	0
1	4
0	0
7	56
0	52
1410	380
0	0
0	0
7	0
2	0
0	0
104	234
0	64
48	99
663	2237
462	332
276	8393
0	2156
0	0
0	0
0	230
348	230
1250	2
5	35
0	35
0	0
39	391
0	391
210	0
539	2112
16	2102
0	2119
3384	8568
1806	1991
0	8239
36	270
38	36
16	366
164	343
8	0
0	8
0	0
0	0
100	76
0	76
21	0
812	0
0	67
942	68
628	1
5805	9
97	0
35	0
103	1443
10	1443
147	0
0	0
0	3
4	3
696	3820
0	1292
7	3929
1	3
18	628
18	6514
0	806
91	5724
579	6516
107	6225
46	6146
0	317
125	317
72	0
11	0
0	25
4	25
0	7
6	7
0	0
0	0
276	0
0	0
0	0
0	0
0	204
123	14692
3	11805
0	3730
148	14568
0	0
0	0
119	5
502	75
0	1
0	74
485	926
0	799
0	3061
76	4515
1231	4
0	17
0	19
220	3234
0	54
0	593
6	3248
0	55
0	247
0	19
5	2669
0	2716
6	1595
0	1889
48	1822
9	1224
16	1724
0	1459
2513	1461
0	98
3	111
1040	795
0	279
0	766
412	7
7	7
1703	340
2	0
271	0
0	0
2208	1168
0	1417
0	1455
263	426
6	280
4	426
0	539
10052	551
0	42
0	0
0	90
0	175
0	42
1	196
0	130
287	91
0	91
4540	32
2	21
0	0
0	211
0	31
0	156
0	52
2165	251
0	199
976	330
0	326
0	0
0	0
0	221
749	221
1352	1534
0	1598
128	1533
0	1
0	12
340	712
0	700
10	0
863	2
0	85
197	300
0	18
20	20
0	0
2	0
4970	6588
0	6581
56	1874
0	135
74	1874
8	100
138	2226
76	7
0	0
0	2
11407	9
0	0
0	114
271	0
0	169
0	123
1280	292
6	23
0	23
0	4
0	5
0	4
0	4
29	14
0	14
0	484
204	880
30	397
0	391
0	193
25	1399
0	4170
0	4210
1	236
0	170
12	75
15	748
2	748
0	420
420	0
1066	795
5	539
0	133
303	5821
3038	5821
2436	1922
0	1922
0	41
4	79
0	34
0	55
44	938
0	230
753	938
0	0
16	134
0	92
472	134
0	0
655	84
174	23
36	61
718	58
0	58
23	84
36	38
23	10246
0	13274
29	8320
0	13516
0	13514
3	13539
0	0
0	0
0	0
0	0
23110	33
39	0
6	45
0	45
0	45
0	56
0	61
0	874
0	160
0	73
0	972
0	976
3065	492
0	492
0	89
0	468
13	655
0	36
11	476
628	731
0	147
24	324
127	235
0	235
54	0
593	0
28	283
936	3126
0	3022
0	667
7808	681
0	10
6	15
0	42
6	42
20	29
0	29
0	11
179	758
0	758
783	12
597	0
0	525
0	921
0	894
0	1
993	1
0	6
213	106
0	100
0	0
501	0
1024	229
0	229
4	0
9	378
0	57
2	353
0	120
6	89
10	41
0	0
0	0
124	233
655	236
0	0
81	133
0	133
317	250
0	250
0	66
42	514
4	368
4	476
0	30
603	0
690	0
183	0
1679	3
10	465
0	1404
13	1272
156	6313
0	1633
12	5620
43	0
16	57
128	57
4	10
0	10
0	12
0	12
0	12
967	0
22	15653
529	5222
11	16155
48	0
58	240
8	17
44	14
243	5
157	238
0	0
266	871
0	856
0	851
10	0
0	366
0	0
0	5
0	339
0	366
554	13
1	12
8016	7
395	371
0	184
5	88
0	71
50	306
1	306
4	0
0	0
0	0
3	45
0	2687
9	2693
13	14
0	14
360	287
0	33
0	0
0	43
28	43
0	0
306	306
0	299
131	625
49	625
7	86
0	86
0	0
0	0
0	0
0	0
1164	2
48	0
0	115
12	115
0	189
33	189
198	140
3	139
3	2
874	82
0	82
176	0
0	0
0	0
19	26
41	22
2037	0
619	0
92	111
0	274
0	283
0	0
0	1
0	27
0	0
0	27
249	1940
12	1940
0	74
277	884
6	883
133	362
0	362
0	1
8514	3152
6	3145
6	123
0	123
285	659
368	660
0	0
0	0
0	3
6	5831
0	102
0	1158
0	1684
8	5539
0	4488
0	0
17984	41
5	26
152	26
1521	3
0	6
0	6
14	132
85	153
0	95
0	153
0	1
0	0
2	1586
32	1595
56	16
0	16
0	0
0	0
0	0
0	0
31	0
38	79
0	10
0	69
3738	74
6	73
677	0
3	83
25	83
1763	0
181	175
0	175
0	175
27	58
0	4
0	4
0	0
0	0
5	73
532	902
6	108
51	108
0	1
440	1
1047	1341
0	0
826	3
0	35
0	11
17	225
403	2365
642	2318
6	181
0	181
0	16
27	22
151	2
0	2
54	180
0	0
0	0
0	0
0	0
0	0
893	1
3198	847
0	1128
1588	6
0	0
2	903
9949	3962
0	3103
0	795
0	787
0	336
213	787
12	188
7	188
295	6497
0	2218
8	6508
2202	6609
79	2468
0	178
0	1
0	1543
573	2637
14	1781
26	811
18	5924
40	0
0	1
0	6
0	15
0	1
0	1
0	1
0	7
0	15
6	7
0	0
0	7
0	7
13	0
0	58
86	1582
0	7
0	44
0	144
0	123
0	111
0	94
3085	17
1312	971
20	927
7	917
32	0
0	0
0	0
0	0
0	421
375	423
0	2617
4	2617
33	32
0	32
0	0
0	0
928	1879
4	1879
19	6
0	6
3	43
3936	44
0	1083
4126	2407
0	923
7	472
0	1081
349	143
56	0
0	0
0	0
0	0
5	0
0	0
3220	455
0	0
5	0
17	167
0	167
530	2
39	0
0	0
0	98
0	8
17	203
0	0
0	21
8	21
47	207
146	207
251	154
0	154
3609	295
0	286
2	0
1237	284
18	282
0	8615
0	8714
10398	8787
463	488
0	301
0	402
814	0
359	0
63	15
0	12
0	3
0	0
313	1058
5	0
0	0
1570	622
0	62
0	0
69	0
1135	1455
7	1455
0	15
182	15
238	921
11	0
0	0
72	5248
0	5248
0	145
0	20
196	141
0	137
0	306
0	96
971	306
0	0
6	0
17	482
5	525
0	37
12	30
0	37
0	37
143	526
17	364
3805	1
0	2
1186	1705
76	274
485	630
0	630
0	24
0	29
0	31
1661	664
0	661
1875	3
0	421
609	421
123	188
927	188
0	386
1207	386
0	41
0	428
0	431
8719	9
0	0
0	15
212	102
39	42
618	42
0	89
298	121
0	501
917	502
626	660
30	503
7	205
1161	1833
7	1831
16	0
22121	5898
0	5885
0	646
124	830
0	448
51	130
253	130
38	13
11	14
0	14
0	29
0	13
0	29
0	15
0	618
1863	2156
36	2163
20	0
20	9
0	9
55	402
0	142
16	68
1	162
1151	255
286	1
0	44
0	44
1245	0
174	0
0	144
4526	144
0	11
0	11
0	12
0	0
0	1
0	12
0	18
0	223
0	614
0	611
0	76
0	15
0	512
9	599
0	592
87	214
0	69
27	183
2114	215
109	0
11	0
1210	8658
0	8658
0	0
0	8
0	56
40	105
0	105
155	0
1000	41
0	41
3	0
56	19
4290	34
0	2
0	0
1	3
0	4
0	0
0	0
1297	1550
140	52
0	8
0	44
62	0
1609	0
5	214
0	62
343	223
191	114
0	114
0	373
27	2449
0	40
70	2449
0	46
0	277
1	296
0	240
142	303
0	29
5	136
6	107
0	243
40	69
0	78
90	1071
0	585
6734	6
3012	0
108	0
351	1
864	4
7	0
5	0
28	16
48	55
9	55
1	584
0	3036
0	2116
89	2338
0	3329
0	2185
304	0
419	833
0	122
2	868
6	92
0	92
0	168
0	185
5	1642
8	1634
0	1636
0	19
0	16
0	44
0	44
0	2
8	48
0	49
1	49
0	93
17	93
10	97
22	658
0	6
0	652
411	543
0	533
131	0
395	811
0	318
10	816
0	492
4783	21
0	0
1481	4
0	1924
0	1176
0	3282
371	3345
0	151
44	193
0	0
3370	4
100	228
10	228
0	8155
1768	8155
0	0
44	921
0	0
28	0
18815	17
98	10
4	425
0	425
19	28
218	28
150	185
0	185
6	0
1301	0
0	586
0	163
8	838
168	838
0	85
579	85
1481	1022
35	962
1243	29836
27	28861
0	29832
0	5
6	0
0	0
209	442
0	201
0	428
0	0
0	0
0	0
0	0
0	0
96	263
22	73
193	49
22	0
6	0
1266	5
1251	1363
0	1363
32	1764
100	308
4	303
9	1764
1414	0
2545	0
924	0
0	12
0	12
4	3
0	3
0	0
156	6
831	3
0	140
5897	300
0	188
0	6
0	34
8	8
0	11
0	11
0	34
0	8
0	0
0	29
0	9
1	32
0	4
0	22
0	29
0	0
0	29
26	83
0	308
31	426
179	618
0	116
75	58
0	128
0	2
0	99
0	99
3	129
0	99
0	99
0	99
1285	0
456	0
0	1
0	1
34	609
0	609
0	33
0	137
0	1295
0	46
10	1380
0	1428
604	0
701	615
8	0
21355	7749
115	7652
0	2203
9	854
19	18
228	2
15	10
5	10
0	0
0	0
0	0
3153	114
113	0
130	0
1	54
0	12
1450	2242
0	2242
20	0
0	1
66	1
85	6368
103	743
4	171
0	6240
175	0
205	0
0	0
2326	76
0	76
127	35
0	35
18	17
0	6
5	14
0	14
9	20
8	22
7	22
50	0
12176	1558
0	1533
0	9
23	9
0	523
0	227
0	721
6	4224
149	4224
0	3549
0	0
3	0
0	99
860	100
0	0
36	0
19	350
4	283
0	283
0	350
0	90
0	2513
0	354
0	124
0	3846
0	3684
0	3189
0	3390
0	3647
0	293
12	298
13	320
0	409
0	10
6624	417
0	297
1290	298
0	83
65	83
0	0
0	0
0	0
0	0
2010	6
1	1
0	0
0	1
2	16
79	206
150	4368
473	5278
114	848
35	501
0	368
0	53
252	4315
4199	1236
20	1230
161	1237
137	480
153	480
0	0
0	1
2	1
21	0
0	72
0	0
0	171
0	76
0	67
0	149
2276	1
87	4533
34	4871
218	3052
0	243
39	528
8	484
61	496
88	496
640	692
0	0
42	692
421	1
13611	1653
0	1641
271	308
22	308
0	89
514	501
59	59
0	16
0	513
20	384
0	310
2	87
49	522
0	29
0	522
4	47
138	47
0	4
0	0
440	0
727	1
0	45
0	0
0	61
4	64
0	35
489	666
1	663
0	108
0	2
1966	1474
0	872
8	1472
560	2335
1	117
47	2334
971	1003
0	0
0	0
17	276
1186	276
0	221
2230	7
989	262
0	75
0	235
3440	2
146	613
168	613
11	5
2937	3
0	0
0	0
555	68
0	28
0	39
161	0
122	0
891	166
0	159
0	7
0	7
766	1054
0	2622
6	2644
0	2665
0	2641
1025	1746
49	1165
3	1746
42	67
0	87
73	87
0	477
0	406
233	1
295	629
0	255
282	2322
401	2041
216	2052
1	42
0	42
0	38
70	78
0	63
25	71
0	0
35	71
14	424
44	424
8	0
0	0
3	9
0	9
10	0
3	278
23	278
558	0
847	2678
167	0
0	0
0	0
0	0
0	0
0	0
0	0
569	652
0	0
0	0
0	0
0	0
4571	20191
0	20186
3637	2
0	7
0	7
0	0
0	0
0	0
75	0
0	0
0	0
17	30
12	277
3	277
0	251
0	1440
0	893
564	1440
202	0
0	0
0	0
0	0
1	43
2	43
320	0
0	20
0	89
164	5556
11	5537
18	42
1	6
2	4
0	19
0	20
51	32
0	37
0	22
0	136
34	322
0	2315
193	11653
63	11599
6	0
0	0
2	466
0	1488
1871	1485
1802	1
9	0
257	1519
0	1519
0	47
10	52
0	1376
0	694
102	1410
50	1378
72	1243
0	2327
0	2377
1557	5
485	100
0	100
582	0
0	8
0	4
0	8
168	0
437	981
0	981
0	10
838	0
41	479
0	116
1	530
2463	0
1	0
12	6
1942	8
6	0
2550	0
0	210
949	1286
0	867
0	958
2227	2142
58	2142
0	0
0	0
0	0
429	577
0	3119
37	3306
10	204
0	204
247	0
465	0
1737	26
0	24
129	0
1430	1
136	7
1306	5
0	0
0	0
6270	6
858	0
302	173
4	159
0	0
0	14
111	628
0	1
26	49
0	0
3	1
0	49
512	490
598	0
0	1
0	23
1	63
237	74
195	770
209	770
12	616
50	616
48	524
9	611
379	307
2615	6977
485	6977
0	2
9	2
559	206
7	433
30	485
0	185
6	80
21	98
20	98
131	1
4384	1886
0	1886
226	4418
2	4418
350	0
0	0
56	42
108	42
10	60
0	60
1824	5063
1311	5065
11	37
0	37
0	488
19	491
0	493
0	6
0	0
0	6
0	9
0	9
0	0
0	0
131	3308
308	3254
71	1093
0	1093
1495	341
0	508
256	1365
0	139
2	55
1166	1839
3	1397
0	1243
0	1129
9	1315
0	1270
0	1244
148	1222
0	1222
0	906
0	965
966	927
0	111
726	371
0	366
3661	2103
4	0
17	1064
27	1064
619	235
378	366
149	615
0	579
0	543
658	1103
0	1102
0	9
13	0
15	9
15	309
0	184
0	1345
7	1323
0	1380
0	29
0	29
9	29
4597	2248
2	19
0	192
19	2265
263	1544
26	1232
0	323
26	1511
9	1293
0	143
0	3
2	3
0	60
0	225
2	988
0	127
0	885
1207	2778
69	2995
4	1116
37	332
4	116
21	0
1381	0
0	12
8	12
0	0
937	613
11	1220
19	1209
3	0
0	6
0	6
11	0
354	1245
142	1991
4	531
0	0
3	546
0	100
132	646
0	0
0	15
0	400
0	457
5	463
15	385
0	385
732	0
812	351
49	21
0	21
0	0
0	0
0	0
412	210
0	210
125	47
0	47
0	135
184	135
719	141
0	141
114	785
0	785
0	0
23	0
41	0
81	4096
0	2350
4	4099
641	0
381	0
0	0
0	0
11	32
0	5
0	0
0	0
0	5331
24	6403
47	6357
2232	0
0	5
0	158
927	158
12	0
7	191
893	1230
0	1201
0	2
0	2
31	36
0	36
0	3
0	3
8886	3
327	0
2306	966
24	966
15	0
157	2429
389	2429
113	177
0	186
6	186
0	0
143	3121
0	1891
0	676
143	1905
246	607
0	552
0	406
229	809
0	11
0	77
32	88
0	0
0	0
0	10287
6606	10306
2	987
0	57
6	52
0	24
0	107
12	79
0	53
0	282
0	262
0	7
4	1
0	18
1	18
0	0
0	0
1	17
7	17
788	0
2471	0
1	9
2778	2
316	0
0	0
0	5
2	0
0	5
135	1144
0	948
1528	4
0	8
0	8
139	1230
0	1230
1184	242
5	242
0	139
0	2
0	19
1039	744
0	744
530	0
0	3
19074	19
409	20
0	3
0	3
79	219
0	219
74	132
0	132
3239	275
0	270
16	0
0	0
0	41
253	56
0	12
449	0
2	471
2	471
0	264
0	21
0	19
0	62
198	245
0	212
0	231
524	781
20891	3734
6	3199
0	509
47	1328
227	898
0	3
0	3
0	33
8	61
0	61
0	0
0	0
0	0
239	35
150	0
0	44
52	310
0	0
0	0
0	0
0	1920
1	2368
2	1235
0	1841
0	12490
1	478
140	10736
0	11948
0	10239
17	87
0	158
0	15
27	170
31	158
0	0
5431	2429
0	2422
384	797
2655	7
151	0
0	650
0	157
1196	810
77	14
0	2205
0	257
0	279
36	2232
0	46
0	2
0	2
6	2
0	361
917	361
64	0
23	38
14	38
228	33
0	587
0	145
0	528
0	587
0	598
5	587
38	24
2	23
3	401
26	1976
96	1985
1103	0
0	0
0	0
5	0
0	0
358	5
0	5
19	85
0	74
110	47
95	560
0	94
0	533
1559	4
196	3973
246	4015
982	0
847	1716
0	409
0	1307
104	773
0	766
2006	4
5742	6860
9	6841
0	3
1502	4
587	1
0	12045
663	12472
0	12476
3	13
89	90
14	11
0	3
120	107
0	107
100	30
509	31
2	240
3	256
223	294
0	144
6	251
0	148
26	0
10	2
0	2
238	13
51	0
9	0
1591	1366
30	1366
1064	785
631	18
0	13
16	52
0	78
433	130
0	128
34	0
0	1115
2	1127
1	197
36	197
38	1434
0	1
0	1434
0	72
684	3628
0	3628
0	127
0	41
0	144
52	397
206	451
66	0
282	1231
0	150
0	1186
0	1001
0	1102
39	18
792	18
1472	2944
143	2727
0	2243
232	0
22	8
598	99
23	95
0	13
1707	1318
0	1178
0	624
0	270
142	270
0	25
59	25
0	0
0	0
0	0
0	0
0	0
5552	495
0	486
0	12
0	12
0	29
234	29
63	8
203	122
19	113
391	3
29	1652
113	285
112	1924
0	402
0	0
243	62
43	12
5	112
368	112
0	15
24	18
2667	2
126	4391
0	4360
43	4406
0	0
2238	2
4	0
129	1043
9	415
16	946
0	942
0	810
543	16825
9	16824
350	16504
0	0
0	0
0	30
2539	34
54	265
0	239
0	265
0	0
0	0
0	0
4	0
0	4
0	4
307	260
3026	22487
29	22738
6155	3
17654	2078
2	679
1	2127
6	897
0	392
0	1596
0	1299
0	1291
0	897
4418	3
86	17
0	17
275	36
0	21
0	11
0	3
0	447
3	200
12	341
0	447
0	0
372	3
0	2
0	2
17	0
5	0
0	0
0	0
0	0
0	0
0	0
18	355
0	156
0	105
766	0
236	12
8	0
8383	937
1168	33
26	0
0	0
0	214
507	223
0	18
0	92
7	76
16	7
16	7
0	0
0	0
0	2842
0	126
0	2759
0	2804
0	2797
0	0
0	1
2	18
4	19
31	667
245	645
0	0
0	8
0	0
58	64
0	3
0	53
133	1001
0	314
0	1001
2196	14230
0	14225
0	0
247	113
2	113
65	0
86	0
544	0
585	281
214	2177
0	2177
66	2235
48	94
0	94
718	1172
0	1127
23	1097
0	1151
0	1172
291	10683
1527	10964
0	474
0	4
0	4
0	142
6	142
1881	1
3675	7
0	0
0	0
263	0
0	151
54	151
0	95
327	1961
0	1958
3	888
0	946
2	0
0	0
0	0
0	0
344	83
117	582
1086	666
0	32
404	2542
0	687
105	2618
0	534
358	1037
108	783
43	783
0	83
901	83
559	0
0	0
0	0
337	312
0	312
0	906
0	1055
78	1091
57	46
0	46
0	4
0	0
2	141
43	94
386	687
0	687
16	36
0	36
1763	2490
2	0
4	1028
0	1028
3141	3
281	1088
1	1088
2	0
0	0
0	4
27	4
12	108
0	108
0	4
0	4
0	3
840	318
0	195
0	300
36	585
12	189
22	586
0	34
2	34
0	0
0	0
368	94
0	93
12	2
0	67
27	67
26	56
23	56
508	639
0	495
0	57
734	560
0	824
265	1190
6	325
0	1210
0	0
666	757
5	387
12	300
115	344
6911	7168
0	5
2362	7052
1674	7
122	176
495	1194
64	1190
0	0
0	0
1036	566
0	566
0	1408
0	31
438	5764
20	6209
2365	4950
0	4942
910	262
2504	5442
0	5435
0	6
0	6
1204	0
2	0
0	0
0	0
0	0
4821	2
1492	48
420	547
187	4199
23	1076
0	4033
1386	763
0	473
420	385
0	375
0	86
0	10
500	1962
0	1962
9	184
11	7503
0	7580
0	21
2	7448
65	2945
90	2943
0	2756
68	339
102	340
0	0
21	6
558	613
0	613
0	0
665	1710
0	133
0	260
0	1697
0	1701
0	1612
0	1734
0	1700
3	1722
0	0
739	0
896	1910
0	1858
0	208
0	622
0	3309
0	2209
36	2367
0	3728
34	3587
44	4903
1649	3735
0	268
1783	875
1069	875
0	82
0	217
0	57
12	129
2	459
0	317
1626	1001
13	79
2	79
0	32
2	32
273	514
0	514
0	0
14	0
161	993
0	907
0	19
5	19
0	6
46	540
9	404
2322	112
43	111
0	15
0	0
77	0
6	1031
106	1031
141	0
0	4
0	4
20	9
2	12
2	7
1755	0
86	0
0	119
40	762
0	123
17	0
153	781
0	0
32	4
895	421
0	426
0	314
0	373
0	70
1	95
1093	4
2078	5
401	133
6	133
0	0
1119	22
0	0
0	2
27	167
0	165
0	132
98	132
0	131
1032	240
0	106
73	215
0	215
28	25
0	0
0	81
63	0
0	44
0	598
45	598
275	496
0	13
2	13
0	374
0	108
0	5
556	419
163	423
0	394
133	7966
4	4407
38	6730
0	3488
1091	10564
0	0
213	3827
0	100
0	68
43	3827
10	0
0	0
0	9
0	9
1565	5
0	0
0	20
0	0
8	23
0	0
4	0
4538	2
0	639
1095	1322
0	1222
8	1050
1	921
1272	9
25	0
1635	0
231	940
259	0
34	4
0	8
3	73
10	139
0	13
0	1734
0	82
97	1736
329	0
28	14
27	19
281	9
33	9
0	110
2523	118
64	609
0	609
4	2
0	2
0	265
2106	1055
58	1029
10	3
0	2889
0	2889
0	2034
43	2142
0	199
5	195
10	85
0	2077
13	0
3	0
191	0
124	0
0	0
0	0
0	0
2713	7
161	0
386	0
10	11
40	40
1483	398
0	389
7	148
2	145
27	31
0	31
0	5
0	79
0	38
0	79
415	0
0	29
0	406
0	12
0	91
0	31
0	3
0	388
0	382
0	388
0	392
134	1099
0	713
0	711
0	509
34	0
0	0
107	88
0	0
2709	791
0	790
52	75
10	44
141	36
1479	12896
7	12896
0	0
0	6
0	3
0	0
101	6
147	3
1376	3
4241	12
2	154
21	654
109	613
1557	474
0	482
7	0
0	3425
2165	3426
1997	21
0	57
0	2
797	200
0	150
1491	0
0	21
318	2096
0	1327
0	1708
869	0
13	0
0	31
0	41
0	125
7	125
0	0
0	0
1162	5
36	0
552	630
61	630
30	0
117	0
0	31
17	3
72	34
0	3651
0	3399
0	3414
37	3666
376	274
50	198
0	198
122	0
253	183
1	183
0	67
142	468
27	468
8	86
13	88
0	5
4	48
6	30
0	0
0	0
0	48
0	48
0	22
0	48
0	30
0	27
2	0
0	44
0	22
0	42
0	42
387	849
0	357
788	869
12	0
3208	11
3	0
10	35
0	11
0	35
0	0
0	0
0	0
0	0
0	0
0	0
0	0
21	288
24	66
333	356
862	0
6	79
0	4
2	64
0	49
0	39
6	39
0	36
0	155
0	125
0	155
0	754
0	108
0	691
2398	2224
16	195
0	1965
7	2171
1	2004
0	2024
20734	30
2	0
276	0
2	32
0	32
0	6
5	5
0	1
0	0
27	200
0	145
0	55
467	0
0	0
0	0
1764	1898
210	2435
3	174
60	174
197	1840
0	313
0	1840
0	1701
1074	2035
0	2238
4	1841
11	1855
829	8
42	22
0	18
19	0
1687	876
0	677
0	742
1087	254
0	0
0	0
6558	12569
327	13636
117	161
0	82
234	82
0	0
503	0
0	0
0	0
0	0
58	375
7	2
29	297
5	179
3072	2547
228	2487
0	2447
0	0
160	885
0	406
0	0
6	29
0	29
651	805
14	805
0	0
215	0
6594	1
0	254
0	3
6	119
196	392
5049	15491
0	1933
7	10848
1	11863
9	5733
19	106
1	135
0	139
95	1896
51	1896
17	20
0	20
8582	21
0	3613
0	265
0	7414
10	7397
532	0
5	0
128	2022
0	811
386	2554
0	21
57	21
9	7350
0	515
15	7350
0	0
0	0
226	2220
0	2220
5	11
0	7
918	1
494	126
28	126
0	4
11	4
0	4
0	45
0	27
80	0
985	1
225	92
0	40
0	52
46	255
0	255
0	0
0	732
1379	733
131	392
0	313
193	267
0	0
0	8
39	8
57	352
0	6
0	0
0	0
367	428
0	141
13	287
2376	2175
382	0
5	6
0	9
4	37
0	37
0	22
0	5
27	5
299	402
5	70
7	179
0	0
0	0
0	0
3	10
0	0
0	617
0	137
270	5833
253	5897
577	413
0	73
0	0
17	0
1	0
0	8
37	966
115	950
0	1344
0	2642
6	2193
45	1141
0	2155
2	2600
1	12
0	366
0	434
712	666
92	662
3	570
222	70
0	36
0	70
0	5
0	3
0	0
5	172
434	950
31	489
268	865
0	25
42	25
626	0
7	33
0	8
8	486
0	133
549	461
988	7
4546	8
0	450
0	442
7	433
0	442
0	380
0	0
0	38
4	141
0	141
1227	2994
0	0
13	16
0	0
0	0
0	0
0	46
165	46
39	1417
453	1265
0	1436
297	3081
0	105
0	3098
0	3098
13	3199
59	449
0	7
0	7
0	10
0	0
71	24
0	0
0	0
166	3408
0	133
914	3077
0	579
0	256
1382	772
0	31
275	31
7908	6488
0	3
0	0
0	3
0	0
4	0
0	14
2	266
0	0
0	12
10	341
0	341
0	2
120	674
0	0
0	0
25	0
0	2
8	2
320	142
0	3
92	0
1080	1351
0	470
0	966
16	77
0	4
0	0
0	0
2	0
64	0
2436	254
0	246
14	0
5	5974
429	5970
4	0
0	0
0	0
0	0
0	0
0	2
0	0
0	17
0	12
309	376
4	8
0	8
0	0
0	0
32	76
9	76
10	399
29	1472
7650	1884
0	8
65	8
3	2311
2	305
677	17836
46	15596
0	7042
5	16734
0	0
0	0
93	45
0	45
0	0
1057	720
0	525
0	411
0	607
2	29
8	73
495	290
0	217
0	0
175	6905
8153	6917
0	3277
0	3
55	0
93	0
933	269
953	270
1157	2
136	0
1098	2491
0	664
472	396
85	1817
2	20
66	20
133	6
72	4
0	2
0	0
0	2
6	36
35	296
41	300
0	431
1548	431
0	0
0	0
0	0
0	2
451	0
165	0
2928	2
0	2
120	547
376	2865
0	722
0	2318
3578	3470
36	2741
0	3466
0	0
0	652
0	94
0	4975
0	5027
146	5027
109	762
103	762
62	288
0	117
329	1803
548	1563
111	0
0	0
952	2025
13	172
0	2027
12	153
0	8
0	80
0	148
58	114
0	711
0	239
3094	721
93	279
25	279
66	0
193	2
0	450
175	2
13	341
20	1081
0	1076
7	1077
0	0
0	0
0	0
0	2342
0	2276
0	2280
27	1816
2	0
75	0
80	67
0	67
0	140
4	801
0	171
0	9
106	799
0	799
0	738
502	302
8	302
8	412
238	485
0	25
0	0
67	25
9	0
1	18
1654	0
0	0
0	0
0	0
92	15
0	15
1	40
30	69
13	93
0	25
0	109
2128	226
0	0
0	0
1	3
0	3
202	2773
0	621
0	2773
375	1163
0	112
0	1160
0	0
0	0
195	81
0	81
0	0
0	1496
0	10190
412	10190
0	740
67	741
0	4039
0	3693
48	3902
0	3946
0	40
0	75
0	150
17	488
8	533
0	469
0	551
0	220
0	0
418	993
0	993
206	93
0	93
2124	354
5	354
10	11
0	11
336	202
0	202
52	409
4	409
0	409
65	2
0	2
0	2
0	2
0	232
215	232
0	0
0	16
0	5
0	0
0	0
0	5
2173	1667
6	1173
305	1427
169	326
0	1988
0	1988
1268	2986
0	673
134	2986
0	69
1	56
0	39
0	55
0	0
0	0
67	24
0	0
0	24
0	0
13	46
0	8
0	8
0	12
0	12
258	45
0	45
0	29
129	0
1140	4
3657	11
789	0
0	40
22	63
34	43
0	0
0	0
0	31
38	46
0	46
0	0
0	0
0	471
0	121
0	2553
737	2553
0	187
55	188
0	39
0	2
2	5
0	3
0	1
19	1
1	0
0	0
0	0
0	145
360	145
0	5219
0	89
0	577
0	809
1779	5221
364	2236
16	889
0	828
40	815
11	8
0	0
65	24
0	24
0	211
35	0
25	6063
0	940
0	5878
4	157
0	313
0	304
0	860
16	840
0	831
0	803
0	400
7	78
0	246
2	659
0	448
0	3247
0	84
0	3151
85	130
21	2688
25	2979
0	676
0	2408
0	3077
17	243
712	243
0	2
0	2
21	70
0	70
431	280
0	280
0	280
0	280
152	0
30	0
0	466
871	466
6	2
0	2762
1172	2764
0	0
0	0
0	0
193	1365
33	1365
494	284
0	1
0	0
0	1
3	0
26	11
0	4
4	71
0	79
35	79
31	2381
10	2381
782	89
4149	1705
0	146
0	88
0	1703
1223	612
2	128
66	438
58	575
1942	1579
543	1573
43	70
10	70
344	1
121	1107
0	1107
257	6213
0	5836
11	6213
41	976
0	976
0	0
5551	3
236	3180
96	450
0	2497
2	3213
492	5450
0	5450
951	75
0	75
0	0
543	61
0	61
0	0
58	403
0	24
3747	3447
0	0
0	16
38	0
7	52
0	52
0	0
184	174
0	19
50	0
911	1015
0	16
0	16
0	137
12	137
51	322
75	322
0	222
0	0
32	0
409	444
0	443
197	34
0	34
2108	3
6829	6
0	0
280	0
0	30
0	139
0	1
0	0
0	139
60	0
0	3
0	0
5	1
0	37
105	224
2	64
194	670
16	670
0	6
0	6
4269	2
0	10
0	10
768	9596
385	9593
124	0
185	1
0	34
26	35
64	340
65	340
0	56
420	2560
0	56
154	2500
2	6
1421	1618
0	1204
1696	1315
0	1312
1149	0
398	413
0	413
0	613
11	613
94	31
0	31
5	0
82	76
767	76
6	209
19	218
0	218
0	316
29	428
0	3
2708	429
97	114
3	114
6237	8
9	0
0	0
0	0
2279	2806
1	308
0	1322
0	661
759	0
0	517
0	1795
0	442
0	442
71	1899
0	131
1322	720
0	318
0	554
14	273
82	566
0	47
127	839
0	0
0	0
0	4
15	4
0	0
0	0
109	0
24	1920
1	133
39	4426
0	4510
0	4504
0	2710
0	4569
1264	0
0	0
0	0
0	0
14	0
190	47
0	0
4488	2371
0	2368
73	2003
107	2286
30	2337
51748	60
282	0
30	20
42	1077
182	5049
224	545
0	3643
316	2943
0	2841
17	3052
0	3420
546	2
737	1
0	255
25	255
0	1
0	0
0	17
0	0
1	17
8463	11473
20	5366
440	1
178	0
7	200
713	219
0	151
1319	1
0	0
8	0
0	106
0	144
0	144
0	0
0	0
179	288
85	287
356	1
19	0
0	0
0	0
0	0
7	6
6	9
0	9
0	9
0	1
0	11
266	254
0	243
0	5
49	283
11	283
0	17
0	17
0	17
8828	1102
132	812
0	1078
0	113
0	112
0	112
0	115
0	0
0	0
6	0
0	8
0	9
2	21
0	21
0	8
0	21
0	25
328	1009
0	4
0	926
0	709
7017	1164
0	45
0	129
54	129
2213	171
747	800
5	645
433	0
7	299
0	285
17	281
1110	74
0	74
2887	7
364	404
4609	9
0	0
0	7
0	468
10	226
0	82
1304	1
5231	2298
4335	3
1142	962
53	962
9	0
0	10
5	48
0	767
0	7
0	775
5	775
16	143
0	0
3643	6
0	0
6	0
2675	0
160	4
0	2
2	0
0	0
0	0
8	17
261	19
5441	14
500	0
0	59
0	66
0	82
4	75
3	0
0	8
231	138
571	112
4	108
0	0
0	17
5	17
185	963
0	963
66	24
0	24
0	2314
593	3948
0	357
4549	5218
0	0
26	57
0	13
0	44
286	0
1	0
0	72
124	341
93	341
10	0
4	342
0	194
8	966
30	872
2678	2440
0	687
75	1040
0	2270
0	0
36	7
0	7
0	7
401	322
0	322
1933	1
90	525
1337	526
12327	10
513	2684
0	2376
988	691
7	690
74	0
9	3
388	0
1086	8
4	8
392	2
0	0
314	0
2095	1731
0	2
0	2
0	2
0	0
0	0
0	0
834	1828
2	1828
2864	1114
0	1112
41	943
128	1299
965	1146
8	458
29	230
113	570
0	211
0	190
60	255
29	891
0	267
4	776
0	891
172	575
0	291
0	423
706	0
213	65
0	65
4	28
0	23
0	25
19	28
0	140
0	893
2000	893
22	40
0	375
3858	387
23	14
0	12
0	2
0	2
166	0
378	637
0	637
0	0
9	0
0	1
0	0
0	7
0	7
0	0
0	0
155	41
0	41
10	0
0	0
0	0
0	0
163	49
0	49
0	1120
124	1123
10	1123
73	2162
65	2215
31	756
50	212
3	212
886	752
0	150
0	301
0	125
26	0
4	0
0	23
7	23
155	0
0	23
0	23
4327	2713
34	628
1199	1
12	0
303	1185
0	922
0	1122
0	1152
0	1544
4238	1547
4817	4
277	9
0	9
858	1
34	0
9	463
2067	1437
35	57
382	147
303	61
769	3
0	5
8	63
32	63
1765	384
11	272
8	95
55	0
0	1354
840	1533
679	3092
15	148
0	115
0	108
0	141
0	0
135	0
92	1
0	0
0	0
0	0
0	41
42	301
5	4
0	260
14	2
0	1196
0	983
21	312
0	471
0	106
0	126
16	1240
1998	4
0	46
113	46
21	56
11	56
1	97
0	0
0	0
929	770
0	0
0	681
0	11
0	268
127	1780
0	906
5	1780
0	517
0	440
0	202
0	231
1305	672
47	5
35	338
216	586
25	587
0	414
3388	925
31	6
0	6
1809	1
84	7
0	4
0	41
0	12
15	48
21	20
538	667
96	595
0	250
3233	280
71	2
981	2
0	23
0	23
101	0
1282	1
119	0
23	128
1	128
580	3502
0	478
96	3502
0	0
25	0
418	184
0	184
0	184
0	184
0	90
22	0
0	6
0	0
0	6
6	2
0	0
0	0
6214	7
89	1457
5	1457
8	13
1	13
337	41
7	41
78	139
35	7
0	138
0	28
0	729
103	729
183	0
232	0
0	0
0	0
0	0
0	0
23	0
620	0
0	0
0	0
0	0
0	586
0	311
35	1756
19	1653
304	0
349	27
0	27
0	794
0	65
0	451
0	0
0	0
0	0
60	287
0	18
2384	1
0	0
47638	62
188	274
25	274
303	114
0	114
0	0
0	0
78	6438
195	13451
442	4371
2196	12993
4656	1574
0	1570
31	62
0	59
0	0
0	0
0	0
372	1
3132	6873
0	6920
0	2009
0	0
0	2
0	54
57	313
0	285
51	310
0	311
8	0
0	0
21	0
4791	5
0	0
0	0
1863	2
1460	0
10	4
0	4
0	14
0	14
1597	19550
0	2450
0	18166
1	19395
0	20437
0	1
0	0
0	0
0	1
3024	305
0	303
0	119
1	69
0	119
6	90
13	647
0	59
0	629
25	140
119	140
7	0
4022	10
0	0
0	0
0	0
3824	1
0	0
141	518
86	518
1125	3
1046	4003
0	230
246	325
0	0
2083	258
0	2
86	252
1	59
41	354
0	454
109	170
509	134
6	10
0	0
0	0
0	0
0	23
0	100
0	61
23	27
12	310
2	324
0	0
0	0
0	0
316	0
91	385
7	436
44	496
0	85
0	496
56	74
784	0
319	750
0	749
65	257
0	203
104	32338
223	33350
3927	31482
180	32316
0	357
58	357
0	65
0	98
52	420
2	423
0	141
2	141
7273	4163
727	2945
6	1120
1	22
5	4152
117	0
84	82
0	82
1130	190
1	91
0	189
416	218
0	218
2	3
0	3
0	1665
0	334
3931	494
12	3361
23	3441
7	3092
131	2013
0	2013
569	0
34	50
0	15
0	20
448	0
0	0
4	19
0	19
16	31
0	461
156	1542
4	1542
895	1
0	0
0	0
0	0
1	6861
96	1197
0	372
0	2281
553	6855
0	0
0	0
3	178
0	1984
70	2861
0	472
0	0
0	7211
0	3779
77	7193
3850	87
228	0
0	0
623	5614
0	1900
0	1282
0	932
16	5259
0	0
0	0
0	0
0	0
4	0
33	0
447	979
0	1067
0	316
22	316
722	1
149	21
26	0
478	2
484	345
0	345
0	86
20	168
15875	15429
7	1931
1	1360
0	14658
0	0
60	70
202	0
8	0
11	20
184	0
0	2
0	2
0	2
0	2
0	2
0	2
2	2
12	673
23	673
206	13
14	0
0	13
2247	3
661	127
0	127
5405	14
175	328
17	328
109	1921
0	341
0	1768
0	1945
230	35
0	35
0	39
6	39
180	0
0	4027
0	3950
0	3957
0	3951
22	3638
0	3204
0	3719
8	79
245	0
1717	52
0	51
0	51
0	0
0	0
0	212
0	36
204	248
0	272
137	272
130	0
6	5
0	5
0	95
0	106
46	237
0	98
2130	832
301	733
155	452
0	5
0	35
16	452
0	0
88	0
2646	1642
0	1638
272	15
75	15
89	0
0	1
0	5
0	4
13	14
0	383
0	37
0	510
6	539
0	0
0	0
2	56
28	42
80	50
241	9
123	16
0	16
5	28
323	0
91	24
0	6
0	18
0	0
0	0
12	5
3	6
921	0
74	0
4	96
0	0
462	99
0	0
0	0
20	89
0	25
0	959
0	70
0	27
1	940
17	659
0	142
11	155
0	159
0	139
18	117
9	26
204	19
0	0
0	0
68	70
4	70
0	1
21	4
2	291
0	42
0	109
226	839
0	628
3	290
25	0
0	1
37	53
15	188
861	188
0	0
0	0
0	0
65	100
0	9
0	92
853	270
0	269
0	0
0	0
0	7
0	14
229	24
0	24
6	641
213	696
194	8310
109	3150
203	742
13	8310
30	6
21	0
25	0
6	1
2430	3
37	80
0	80
231	310
3012	3
0	261
1934	1244
14	140
0	12
821	110
0	110
13	60
240	262
0	0
0	262
1312	1603
0	1603
169	0
0	23
0	23
424	1178
0	1178
263	2457
16	2456
0	2418
330	3499
0	3820
0	1198
155	1875
0	1875
0	0
0	10
403	109
4112	9932
0	5
0	2
0	17
0	23
0	73
0	0
0	2
0	72
0	78
0	67
496	181
0	180
85	0
155	0
15	0
8	0
810	2
0	0
17	5
0	5
63	0
41	118
95	114
0	75
8	116
8	1459
0	242
149	1459
0	391
4	384
378	1615
1	1282
66	0
5	78
0	5
0	67
0	70
0	0
0	0
5618	6
1353	78
0	76
2336	1005
58	999
3	0
266	0
0	2
0	0
0	0
0	2
0	3
0	3
0	2
0	2
0	0
0	0
0	0
0	0
0	339
43	339
0	0
74	1229
58	1229
32	717
808	494
9	0
1193	1782
35	592
0	703
4	739
0	565
0	836
3	858
18	9
0	9
39	17
10	6
0	13
4	8
15	6
7	0
0	278
0	89
12	120
34	970
1	1092
0	102
4	336
0	273
0	1516
0	142
0	409
150	1553
3	300
306	463
275	659
0	95
181	580
248	2053
0	49
0	82
15	1658
0	1947
0	14
0	6
2417	230
0	230
0	212
0	294
0	48
0	43
0	141
9	274
447	336
0	90
0	1038
0	5
28	1031
0	979
0	970
0	28
0	6
163	78
0	69
5	0
0	0
416	1259
11	222
0	957
167	81
1411	18
0	15
1354	1
0	4
0	4
0	4
4793	4
332	2
0	0
65	0
0	0
2020	1
3532	2
80	0
0	28
0	4
0	4
0	21
0	28
0	0
0	0
0	0
0	0
5	0
0	11
30	11
0	0
1748	1511
0	1511
1	506
5552	513
0	226
1115	226
0	1
0	0
3466	0
118	0
0	0
0	0
0	0
239	1
172	165
16	165
139	1754
0	1754
3	614
15	614
12	0
273	86
5	86
6	3
680	27
0	26
0	0
4	0
0	0
69	0
0	932
35	967
685	0
557	0
0	48
8	193
0	193
22	39
1193	0
1390	13580
0	2354
0	1648
320	0
1	0
2011	500
0	500
0	7
19	19
0	0
0	40
290	54
0	51
131	92
2059	94
21	3685
984	5922
221	3633
2439	10146
0	115
291	124
137	241
0	15
27	15
6	37
0	37
0	8
151	906
12	2745
32	2696
425	1663
96	1663
83	0
0	544
163	544
13	0
3	0
0	0
0	191
0	7
0	68
0	46
0	133
2	366
29	360
1494	0
0	0
9	310
1257	2702
1	2897
8	0
0	0
42	296
0	474
60	3132
254	3124
720	11780
0	2408
1	9816
4	1621
1	11605
0	3
31	13
2	0
0	0
0	0
0	0
0	0
0	0
0	0
0	0
0	0
0	0
0	0
0	0
0	0
0	0
0	0
0	0
0	0
0	0
0	0
0	0
0	0
441	1
3720	1260
2	1249
0	207
263	207
33	0
7	0
0	0
0	8
0	0
0	5
0	19
0	19
3057	7098
3	7098
42	1436
0	1436
101	879
0	969
3826	111
0	105
19	0
0	2
179	2
477	786
89	363
1	206
76	206
1416	1512
6	1358
0	567
3356	4449
279	0
814	0
27	379
311	383
415	650
0	100
0	0
1	67
0	19
0	19
0	67
0	67
0	67
91	0
9	9
1827	13
0	13
0	0
448	3
767	403
0	0
0	400
770	36
0	15
0	20
6823	2810
0	1499
0	1305
0	23
0	23
215	0
0	24
420	25
90	248
113	248
210	0
1243	5
11	189
0	189
4203	5
2472	4
0	24
0	398
13	398
10	4
506	6
0	0
593	232
0	593
19	593
17	1
0	0
0	3
0	3
0	200
0	433
0	459
0	0
9	137
67	137
30	115
183	239
0	124
26	68
1018	0
0	0
0	0
0	3
4	371
7	412
49	0
0	439
0	461
7	409
0	65
160	145
63	145
2066	745
0	745
596	3079
725	3079
385	1263
0	1263
40	12
209	953
169	1008
94	142
10	89
475	3358
4180	1493
1244	7038
281	0
3	11
0	8
0	3
0	658
43	658
1300	556
0	556
51	847
0	84
164	157
0	922
0	7
0	831
17	197
396	1109
339	0
11	136
280	4
0	0
25	168
0	168
4	55
367	55
0	341
0	174
201	724
0	0
0	902
1344	1
0	32
0	560
0	599
7	607
2485	6130
5	1139
30	5700
0	3154
32	3225
9	3223
212	0
470	2
1	134
3	134
0	0
727	1
0	0
0	0
0	6
0	6
0	6
0	813
557	813
0	5
7	0
1535	115
0	113
1214	324
0	3
2379	6
0	1922
0	59
0	1769
1172	0
3309	2
0	4
0	0
0	4
0	4
0	0
0	0
0	0
0	5
7	25
1	21
25	4
622	436
0	433
0	346
0	13
0	13
21	406
0	405
0	0
0	0
0	0
0	0
2813	1
187	14508
1	7899
3	884
0	12567
0	172
0	42
0	172
1046	0
54	2474
172	2444
12	1725
0	289
1972	1765
359	1601
0	1938
2	0
0	5
6519	3912
0	3912
0	0
0	0
27	719
0	694
0	719
305	510
0	443
5	87
45	19
0	19
2	23
5	8
0	23
38	14795
293	13664
23	13514
4	6854
15	11492
0	11438
468	431
2	687
0	589
197	630
8	0
0	1303
72	1541
0	1541
0	1541
29	20
0	20
0	277
5	310
623	1865
2	1836
0	0
23	162
0	885
6	350
16	1982
62	2040
64	3042
0	4850
3274	4853
262	210
0	210
9	8
0	8
702	332
0	193
6	658
2	296
3990	2297
0	2287
0	0
0	0
0	0
0	0
0	0
0	0
11	0
7	7
39	0
55	10
0	0
0	0
16	7502
10389	33055
0	33049
7	18
8	30
0	19
147	138
0	37
5	84
0	17
0	9
0	109
173	109
0	2
43	19
17	680
475	739
0	15
3	194
20	743
0	679
0	43
0	256
91	258
60	124
0	124
76	59
4	59
56	0
0	2123
0	2121
0	15
7	111
0	0
0	0
13	253
56	253
0	254
41	356
0	118
610	0
0	756
533	801
195	48
13	48
0	0
0	6
1	6
0	0
0	0
32	1765
117	1765
0	129
1	129
0	8
3	8
11004	1854
11	79
0	0
0	0
0	0
9287	32
237	1269
0	1243
0	1269
0	1255
29	126
0	0
0	0
19	0
0	0
1	5
5189	9
18	78
0	46
0	13
0	13
0	0
50	71
0	71
0	80
0	80
0	0
0	0
0	0
16	82
0	5
113	178
0	0
0	0
0	2
0	2
28	0
0	445
0	363
2	856
0	938
2740	3
428	0
84	1707
30	1707
27	1004
0	1010
0	1010
1048	4
482	489
34	507
251	0
111	0
42	83
15	548
147	791
55	638
13	102
14	51
0	51
0	885
521	969
0	853
0	687
1	546
0	1845
137	2631
0	1883
75	0
48	0
0	0
0	0
1	1613
1169	1614
1	130
0	44
0	130
0	6
0	6
0	6
605	0
207	639
0	235
0	30
0	599
0	5
672	3237
47	193
0	493
42	2920
106	3160
1	5
0	5
88	3286
19	3286
0	3286
120	0
69	605
0	605
600	0
60	0
329	19
695	1206
0	0
0	0
0	0
0	0
0	12
0	191
0	199
0	181
0	483
0	345
7	136
440	483
45	734
0	734
26	941
3177	1
6624	3880
259	98
10	95
0	108
4	119
3594	232
26	1309
3	1309
0	4
2564	0
0	0
0	0
0	0
49	1238
0	635
102	1444
0	435
22	1684
0	42
0	42
61	2104
0	2104
15	74
0	1122
0	83
181	108
0	109
0	83
0	38
0	13
0	21
0	48
0	21
0	48
0	48
0	51
0	51
0	93
0	26
23	51
0	93
0	48
0	119
0	48
10	322
619	1390
0	1390
6	92
28	92
0	0
14	735
0	254
0	455
0	78
0	94
232	547
3999	554
0	0
730	1022
53	1022
0	0
1	0
88	33
0	33
0	53
233	252
2	76
0	218
207	2216
16	2216
380	5
1331	535
107	528
4	0
0	0
24	6
0	0
0	0
1580	0
0	284
0	284
111	218
17	1178
57	1069
0	0
39	0
1192	0
154	145
682	1
0	74
0	2
38	149
33	114
0	84
7	131
6	1889
0	312
1	2092
479	87
1	2096
51	1
14	0
87	4394
1373	4394
447	0
0	2408
0	640
5	171
0	58
48	2410
0	251
0	687
30	687
409	7890
102	7890
0	13
18	57
0	48
0	0
0	0
0	0
0	0
2788	1
55	186
0	131
5	0
0	2
0	2
0	0
0	0
0	26
0	25
0	115
35	141
2093	48
0	45
0	0
0	0
0	65
399	65
0	253
0	14
0	632
0	662
0	670
0	0
1	0
0	108
18	965
0	1660
70	1645
2014	93
23	795
0	795
157	0
0	233
0	253
751	2673
19	2444
7	0
348	0
0	0
0	0
0	0
0	0
120	6
0	0
618	0
0	1
6	1
0	1
0	1
86	187
0	52
18	135
18	0
0	0
0	21
269	52
0	52
88	218
1924	322
162	322
241	55
71	63
0	0
0	63
1435	4154
0	702
53	4150
57	142
0	41
316	0
81	487
0	487
1050	773
0	782
1	294
0	294
3095	1714
39	1714
0	206
0	176
246	827
3	256
21	57
0	0
0	0
1	315
152	315
450	520
0	338
0	442
169	313
3	313
0	12
0	0
0	12
0	307
0	74
0	61
0	70
0	0
0	0
16	0
0	1319
1	1128
2	958
129	220
0	209
0	221
4501	5
343	913
27	258
755	2428
189	2428
0	1587
3	1501
0	1587
88	43
0	43
6	72293
0	18828
510	77785
723	2838
0	1328
9	2609
236	68
0	68
480	629
0	629
41	0
151	99
0	15
872	1
3	244
0	244
960	340
0	335
594	3213
24	3212
0	3
0	3
170	156
5	156
141	0
603	1016
0	962
0	949
0	942
0	1005
0	50
1	50
0	0
128	0
347	91
0	14
4	0
891	0
0	0
0	13
0	13
4	0
1103	0
0	0
2244	1586
0	1012
3391	4
0	0
0	65
7	29
539	85
0	0
94	77
0	58
110	0
0	0
0	0
0	0
62	0
0	0
266	1107
88	123
6	179
0	1006
0	0
0	7
4	7
0	0
31	0
329	1
127	273
2	273
22	919
18	919
0	242
5	246
15	4
0	4
119	0
1	844
134	845
1066	441
39	441
1	37
0	33
0	13
0	34
0	77
50	194
156	979
0	913
1797	1844
0	1838
0	396
0	0
0	29
0	0
4	0
0	5
14	2063
11	28
0	0
4	2063
7333	18
751	690
89	1238
18	1487
0	324
111	595
0	595
465	2
0	16
30	16
0	3316
2	2841
16356	7528
1	2764
23	0
0	279
71	279
224	1470
16	1330
3	915
255	1987
0	1844
0	1842
0	231
0	0
0	2650
720	2650
0	49
22	682
0	538
0	17
0	7
9	7
4044	2
0	0
0	9
2421	1280
0	1279
1	0
0	0
0	1002
326	1493
0	513
1	718
167	16
69	0
171	371
0	117
15	360
0	353
0	341
0	359
0	71
0	43
0	17
5	207
0	71
0	207
39	0
153	0
694	0
0	0
0	0
169	72
0	72
1196	0
224	3858
0	3858
0	3497
0	528
6932	2150
0	1887
0	547
486	911
115	911
2972	120
0	118
0	0
0	5
0	7
0	30
0	5
5	39
0	10
1	10
4	487
4287	1290
11	1290
365	2772
75	1121
60	4028
0	0
0	0
46	70
0	70
0	313
0	39
12	219
0	199
122	102
309	522
1215	951
0	5
39	53
0	3
0	46
0	0
0	20
166	2113
51	3551
39	1880
0	3697
0	10
821	2061
102	2058
56	20
1	94
0	3627
16	3627
576	1
132	57
0	0
638	107
6	107
16	54
0	1
12	11
0	11
0	1
0	0
2	1
0	164
19	271
156	2270
0	489
5	314
0	328
8	2135
0	0
509	1826
1262	10426
55783	10484
179	1919
0	1509
0	0
0	0
0	0
0	335
0	82
803	0
0	48
1004	378
3	299
0	243
0	8
25	18
3320	9
0	1
58	1
35	217
64	403
44	403
111	20
437	54
81	2384
7	2384
27	45
5	72
0	217
262	217
0	98
0	94
0	86
6	95
0	0
2	0
0	0
285	160
0	160
20	0
126	1126
5	1029
28	1099
16	337
293	338
0	0
39	185
0	1739
4	65
0	2124
0	2102
0	1725
0	1827
3334	1900
0	1945
0	1900
0	697
3	0
21	0
84	27
0	27
1280	697
0	0
0	0
88	0
0	0
0	0
0	0
172	188
0	29
0	0
10	0
1906	4125
0	4125
2878	7
0	0
2277	1
0	339
0	358
2	126
0	38
0	59
17	194
0	111
166	276
0	163
0	347
0	251
474	398
482	582
0	12
0	12
0	12
0	0
28	233
0	75
2720	5
26	0
0	0
0	0
0	0
0	769
0	232
259	769
1524	1
0	0
249	0
236	0
0	0
117	497
259	497
0	196
48	196
8376	14
176	120
0	20
0	118
0	94
58	7016
0	1629
6	2047
84	6046
104	0
0	1
0	10
0	10
5	19
36	0
158	172
0	1228
462	6018
14	6019
0	14
541	0
3	19
0	254
642	271
103	0
25	3971
0	712
5	3310
35	2972
53	6602
4324	500
0	492
0	0
0	0
0	0
0	0
0	0
42	352
5	29
0	352
138	0
0	46
0	46
0	16
122	247
0	244
451	3
899	4099
0	4099
170	61
0	61
0	8
0	0
0	0
2103	690
6	689
0	0
0	51
6	412
0	86
0	72
0	412
49	285
363	0
620	411
99	411
5	12977
0	11722
0	8095
1716	2
129	135
0	119
3	39
0	10
6	77
0	29
112	229
0	229
0	1049
680	1231
0	1128
0	0
300	4523
0	7401
1	3546
52	5066
872	0
12	0
0	0
0	2
0	0
0	463
0	1
596	0
0	347
0	25
0	82
32	718
0	99
20	570
41	218
0	218
2168	1
1997	16
0	16
0	0
536	2955
0	358
502	2955
0	108
0	20
219	179
0	163
438	0
2	22
0	3
1112	0
113	0
0	233
317	388
0	22
0	368
154	0
264	929
0	4
0	929
13803	6957
172	122
0	122
213	0
0	17
7	17
0	370
0	40
0	1012
142	1382
0	12
0	7
0	3
0	12
0	7
0	0
13	5
0	5
824	1316
0	680
372	377
0	15
7	15
0	71
0	5
10	89
0	7
49	7
131	1516
0	649
0	1514
3	268
661	2899
0	684
9	2752
126	3
3780	0
74	257
0	2707
6	997
0	36
0	2685
13	2470
331	4
13154	3187
0	3178
288	4
0	0
0	0
86	112
0	40
0	99
0	24
0	9
16	9
242	0
4	0
140	2873
22	2873
0	18
263	212
244	0
2	5
49	102
686	1159
176	1260
45	0
8	0
0	665
123	665
1	26
1072	7847
8	99
0	7789
29	7452
1	7551
70	210
16	210
0	0
361	22
0	22
0	25
0	15
0	54
0	39
1	360
0	374
0	0
6	0
22	22
0	22
1	0
0	35
318	51
0	47
0	47
0	45
71	48
1071	5
0	0
0	0
0	0
16	4800
189	5166
0	107
0	137
8	138
55	138
20	421
6	338
4	63
2	349
0	4
45	4
14	274
0	287
368	0
0	0
22	135
27	135
2	3
14	0
169	0
41	7
0	61
0	160
1509	826
1	11
0	0
0	0
172	0
0	0
0	0
27	372
16	411
693	1271
14479	1295
6	23
0	0
0	16
0	135
0	104
0	4
151	144
423	756
0	756
0	724
12	725
0	4002
46	490
0	538
0	538
0	4109
2685	5160
18	5154
1435	698
477	698
0	0
0	0
0	0
0	0
0	0
0	0
402	4
245	0
0	47
0	42
2077	0
9869	28
0	0
0	0
5307	7
3767	1
0	90
0	119
0	119
31	613
0	414
0	435
0	42
0	147
0	0
0	0
640	2
0	0
0	0
3	76
0	45
112	80
0	0
0	0
82	0
3133	4674
0	873
0	525
1708	0
567	0
6	56
12	8
0	36
20	414
0	46
0	384
99	1436
0	1436
21	7
0	3
0	0
0	0
11	52
0	47
0	47
0	52
110	0
26	92
10	89
0	100
241	0
246	90
157	203
11	201
9	5
0	5
63	1245
2	1811
0	1411
2	254
460	2088
81	1921
592	0
304	416
0	197
566	1
0	14
0	0
11	1627
0	1625
1	1628
5	1627
0	1625
0	1625
405	208
0	197
0	196
0	1
0	40
0	2
0	40
6	2
3087	5
0	15
4	15
4	3058
14658	3079
0	0
0	0
0	0
0	19
405	118
10	93
0	7
132	7
3	0
0	54
6	57
0	3
0	0
1	450
0	188
0	189
0	260
0	0
37	0
42	296
0	296
317	1
15	401
76	401
59	67
10690	2990
0	2983
0	31
225	31
0	2
0	16
12	200
0	186
0	186
7	0
0	0
0	0
0	0
0	0
0	0
0	0
0	2
446	2
71	107
0	0
20	148
0	32
0	22
0	99
0	21
6	114
0	0
1	0
159	0
102	43
0	43
639	3197
100	3196
47	0
112	36
717	0
172	914
0	866
11	903
1300	0
25	0
2560	435
0	236
177	1149
0	1150
8	0
49	422
0	231
13	422
50	0
3003	1
5	0
38	7
9	7
3	541
101	3522
58	3522
0	130
25	691
0	691
34	672
0	378
0	184
718	701
154	43
0	43
0	6
0	309
0	239
0	309
0	0
0	0
1590	2924
0	342
229	1741
0	1741
4	1641
3495	889
88	945
3	148
0	148
0	140
0	190
1327	574
0	83
96	521
1	190
2	983
0	5
48	5
0	5
1	1
0	1
70	24
13	24
630	0
0	84
74	154
9	154
1	84
7	8
0	2
0	0
0	0
0	0
3	0
24	0
26	290
0	290
0	290
23	6
998	1920
0	1891
0	1937
539	0
2603	0
53	0
23	0
0	27
100	27
1309	2
0	8
0	0
1	8
0	0
41	4
428	942
35	942
1	329
0	329
20	93
0	88
0	5
0	2472
7	661
9	560
0	335
217	3681
0	2413
3049	2
651	19
0	19
41	80
2825	1807
104	376
0	1839
0	19
3	41
0	29
601	29
13	0
265	188
138	0
0	9
0	9
0	1
0	0
0	0
0	5
5	5
23	0
2	0
0	38
0	148
437	273
0	107
0	222
7594	10
108	1183
0	857
15	1187
69	0
0	139
0	90
0	0
0	0
0	0
0	0
0	5
0	5
0	5
21	1046
1480	1040
1249	2114
0	2113
0	1117
369	979
0	862
0	0
0	0
35	131
0	300
127	360
0	131
88	660
0	13
0	8
215	466
0	35
0	23
33	1031
0	1044
1377	0
92	0
0	27
77	219
0	96
0	139
0	201
0	100
585	1462
0	1462
114	175
0	175
419	833
1313	1
357	1
0	0
0	0
0	0
0	568
0	132
17	542
0	34
0	391
139	2911
0	2600
0	2761
0	2774
157	10
0	10
409	900
0	900
2228	3
71	0
61	1287
0	131
0	1196
111	1168
1212	3
966	3
9	75
0	75
63	128
0	17
2	23
0	8
0	7
0	8
157	274
0	248
3	0
12	133
8724	5
0	0
0	0
0	0
0	0
9	44
0	58
0	58
522	593
27	593
0	0
0	222
2	15
36	75
0	249
3456	331
31	246
0	266
1	0
0	288
25	4266
0	4047
681	1665
18	1665
1	1058
0	330
0	1058
3	52
3	52
0	4
933	324
0	324
198	0
4084	1
4314	5
26	0
0	0
0	0
0	0
0	0
442	200
84	0
1297	136
4	175
238	175
25	559
464	559
0	0
51	62
0	62
0	0
0	0
251	549
0	549
0	731
4	694
0	291
0	47
0	25
0	0
0	34
2	35
429	8009
0	7052
198	4595
7	4459
0	3168
0	4604
4216	2
272	0
10	0
9	1
53	1
311	0
0	0
0	0
7	27
63	27
10271	16
446	2557
42	2557
0	0
0	0
109	0
11	0
5	0
52	88
0	88
3	0
153	150
729	153
49	0
21	0
0	0
0	0
18	0
6	614
0	544
0	289
251	732
0	727
137	679
29	0
1112	5
722	1
0	0
0	0
999	0
0	153
37	1604
31	1604
61	66
7	23
0	43
0	6
0	0
0	6
0	192
41	188
0	0
1	0
0	5
22	5
18	1
0	1
0	2
0	2
0	645
309	747
5	474
1884	12
1936	2362
0	2359
1765	209
30	204
198	0
5	11396
38937	27747
0	18544
1	2
0	2
1010	0
0	41
3	41
2062	1786
90	1786
3153	874
0	871
0	0
271	1
535	2
13	22
17	15
45	203
557	769
0	725
0	725
0	787
0	11
3604	3041
7404	3052
182	3
688	1275
11	518
0	1275
0	122
9	577
0	226
0	210
12	517
0	246
4	377
1205	2648
0	2325
0	2554
0	1627
0	2160
18	2542
7299	21
5	14
1086	0
0	9
470	0
115	194
0	23
0	171
40	2141
0	343
27	3587
0	3550
836	0
0	1
59	3
1641	536
0	536
421	5551
1005	5551
2999	3
252	0
3579	4
0	322
0	314
0	314
0	540
34	630
0	130
5	618
11	628
174	8120
6548	8127
4078	1607
1	1082
4	465
0	0
28	10
0	10
14	64
0	0
0	0
0	0
21	32
0	32
0	0
2599	3394
0	2781
0	2329
0	1992
4404	940
0	437
0	495
8	56
0	28
0	28
0	56
0	0
1	190
18	57
0	25
18	133
0	95
14	144
37	253
0	253
102	0
33	1001
44	1001
8261	8
0	8
4	21
0	49
53	76
0	0
891	1690
2	1689
0	1689
651	1
2958	7
66	0
58	114
0	30
0	102
0	7
8	1
0	380
0	38
136	646
4	538
6524	13
0	138
134	337
6686	1301
0	20
0	439
0	632
0	431
0	153
0	60
859	927
1	760
0	0
751	542
190	546
4	140
0	637
3242	2
2	11
13	11
4767	1992
0	1124
0	369
0	221
3	681
97	108
3	1
0	0
0	1
574	1
54	728
5	642
3	361
0	121
0	126
0	86
0	14
0	52
0	77
0	77
0	72
0	0
2166	1598
98	1598
0	2642
0	2642
0	2633
750	2643
0	16
0	0
0	0
0	0
34	16
0	0
0	0
167	42
0	42
147	367
0	367
7	1914
0	882
0	1984
0	7
0	0
0	7
84	145
0	145
0	0
4	91
0	83
0	91
0	91
0	27
18	27
607	372
244	127
0	127
551	1
0	818
5	588
222	818
24	654
0	2
0	2
0	2
54	94
0	282
0	251
15	198
258	612
48	1380
29	78
1891	1383
2053	344
0	323
0	16
244	0
0	364
79	364
0	3
2	3
22	34
2209	0
0	1
197	1
508	0
205	997
16	292
0	217
8	746
0	752
0	0
0	0
1260	519
0	1201
943	1612
266	729
0	729
1433	5
0	0
0	0
0	0
343	0
2	57
16	69
2346	122
0	122
0	22
0	547
0	0
7	583
0	18
0	7
12	7
0	29
0	3
0	26
2039	880
0	875
156	240
25	239
0	0
0	8
0	8
0	0
0	0
0	0
3	0
0	0
101	2
0	0
0	10
0	22
0	5
18	22
1114	2256
5	1547
316	0
0	6
0	6
3918	6
0	3
1740	280
0	0
6737	7
0	2
10	73
36	73
0	28
0	10
8	10
58	0
0	53
215	427
0	427
0	0
3321	2614
0	1691
366	2233
0	92
24	92
9	108
0	54
0	142
0	551
16	49
101	551
13	73
0	2
0	71
73	78
0	78
2	284
0	282
2	0
1482	0
277	0
1	388
22	404
6	116
2452	2
0	0
0	7
17	49
0	0
0	16
0	16
7	0
0	1154
624	1177
0	1090
27	387
0	387
733	1649
119	683
412	1183
4213	4677
0	4668
1703	4438
0	3692
619	0
0	147
0	17
0	62
0	52
1	51
0	59
0	11
0	14
0	98
2	2774
281	2774
195	1088
27	648
5	27
143	1218
95	986
434	986
0	0
0	0
0	0
175	0
0	0
0	0
409	0
0	432
51	433
0	42
1797	1463
0	188
0	1478
0	0
0	0
383	0
8237	8
0	12
692	0
96	4
738	0
111	159
0	1
0	158
291	17251
0	2310
0	2468
45	16527
888	16697
0	7589
0	7441
1	8062
0	8210
0	54
0	92
0	615
55	526
0	566
0	0
0	0
717	783
302	200
0	684
1	890
3272	890
277	1433
483	1433
984	0
0	0
43	48
0	0
1250	48
0	786
0	224
0	786
0	3
0	778
221	778
0	6
3	61
0	61
0	0
0	0
0	0
197	639
0	637
351	7
499	84
1190	8
9	228
0	29
0	28
21	225
129	242
11	250
417	626
0	626
0	1
0	49
0	36
0	111
0	60
25	182
15	140
8	204
0	228
0	228
0	0
0	0
0	0
0	0
0	7
1989	8
785	0
0	0
376	117
1411	0
0	0
0	0
0	0
20	894
0	5
2	894
120	247
4	164
0	29
0	142
0	26
0	227
11	235
0	182
0	163
0	216
5860	8
855	632
0	632
0	0
0	0
0	0
0	11
0	0
0	11
0	0
0	0
0	0
219	418
0	418
266	2
0	523
36	525
1	540
0	527
259	545
406	1124
2	13
0	13
10	1145
0	48
0	3
7	300
0	23
0	2
0	65
0	275
16	0
3371	0
7	0
1	0
0	138
3	138
0	106
1	165
0	53
0	654
0	508
3919	0
0	667
0	667
0	508
0	667
20	427
5	414
0	312
70	731
0	104
19	1
0	731
1453	1
0	0
22	2368
419	2368
648	17
0	17
4	0
0	0
0	0
25	0
295	1289
0	983
0	1144
151	0
72	816
0	666
0	244
0	368
0	232
479	244
0	271
4	271
60	176
0	175
0	6
0	6
0	7
0	1127
273	1127
5	129
0	654
1114	0
0	84
6	4
14	84
2448	1
4555	15
0	128
0	10
0	6
0	128
11	120
0	126
1	168
0	168
0	33
0	22
82	33
2257	19
2	110
23	110
5	0
829	1080
0	1079
0	0
1	0
119	0
0	0
0	0
38	590
0	114
0	164
0	43
7	590
0	590
377	115
3	166
0	106
4	3
0	3
0	0
1859	1
533	2440
3276	2441
0	2133
443	0
0	0
0	0
0	5
34	8
240	943
525	948
0	0
0	0
318	956
63	956
5	148
0	153
324	153
806	391
197	0
0	0
0	0
0	3
0	15
216	18
24	329
0	0
447	329
76	55
0	13
0	42
497	176
0	175
544	198
0	155
0	43
339	0
333	91
0	91
3211	0
42	97
0	30
0	30
419	0
0	704
0	545
1	333
0	543
467	748
0	743
165	303
34	303
8	15
0	78
10	324
0	87
0	1773
0	1731
0	0
166	0
0	0
2	0
228	490
5	0
0	490
55	490
179	0
225	256
5	256
2	145
10	870
0	870
0	0
70	0
0	0
0	0
462	2
1	593
0	464
0	400
0	1
0	1
0	17
0	17
16	3
0	3
0	0
240	0
908	1660
0	0
0	0
60	0
0	37
279	37
0	82
65	285
1385	1527
0	1198
7	332
12	288
0	1164
82	1446
181	0
4	0
0	0
900	1
71	17
0	17
0	3
19	3
0	3
72	5
34	18
4	287
2129	288
0	5
0	0
649	0
711	4375
0	4375
0	8
161	272
5	272
1045	576
81	571
2345	2
0	17
165	17
290	510
0	125
0	272
0	363
6	10
0	6
0	630
5	630
7	0
0	21
0	21
567	434
0	434
0	431
0	0
535	253
0	253
4	51
1384	442
46	510
0	510
325	276
0	276
0	8
0	121
0	121
0	69
1443	6438
213	1226
97	108
0	0
0	15
0	6
49	1247
1	1247
59	308
82	21
0	62
0	260
0	287
1	105
0	0
0	0
0	615
0	733
3	1914
0	2612
0	2302
32	2530
0	0
0	0
22	31
0	31
17	10
0	10
43	136
8	136
3	7
146	0
0	16
5	81
4	81
6	13
996	1877
517	1874
0	1858
0	0
0	4
0	4
0	0
0	0
629	6332
0	6383
0	6268
0	6546
486	480
0	480
0	0
0	306
0	301
0	207
0	0
0	0
0	0
0	0
0	25
0	25
0	25
0	63
0	83
53	234
2	119
37	234
0	15855
32253	15885
0	107
66	701
8	701
1251	0
334	0
5150	10
174	19
0	0
51266	8687
488	1
0	0
0	1317
0	1313
0	34
0	0
0	772
0	717
0	721
0	759
0	763
214	496
0	496
2329	0
430	456
478	456
185	0
887	0
420	81
0	75
203	329
0	329
0	58
110	58
156	261
110	258
0	0
0	6829
231	6829
147	6648
2353	1195
2	227
0	1194
129	7
2	0
4691	2470
16932	20
56	1985
348	1985
3	24
2	791
486	1122
11697	4000
0	16
21	4050
17	11
0	11
409	284
6	274
0	168
4	136
0	0
0	0
0	0
61	0
42	0
0	56
0	32
6	407
3	121
22	394
0	74
0	70
0	88
0	445
6	459
0	282
1351	282
5	0
0	0
0	0
1480	3009
45	0
0	0
0	0
1	334
0	27
0	184
0	0
0	0
107	2387
0	1097
176	2708
0	0
0	0
366047	78872
7193	10
0	0
14	0
0	0
1100	1
2	0
2	0
10	4109
43017	4164
0	42
87	44
0	0
0	1827
318	1827
0	0
0	0
1012	229
5	229
11	0
228	0
35	58
3	60
44	7
4	31
0	31
1990	0
0	6
0	6
3149	683
1945	1
150	89
4254	1
6	1848
1740	1848
0	0
0	337
0	564
112	1003
31	0
9	4
0	0
0	4
0	6
0	6
182	555
0	0
0	0
0	0
0	1010
184	1403
111	1403
0	316
0	554
863	813
24	3081
11	107
1	3026
29	405
53	3032
0	2
0	0
0	0
0	0
62	2544
27	2544
494	271
0	268
59	106
2	8
0	8
4	8
0	1
658	1309
0	220
0	69
167	69
44457	74
1228	69
0	23
0	46
0	0
0	0
0	1
0	0
183	1
717	9133
92	9242
0	9242
4	0
0	0
1135	0
0	74
175	74
0	1
0	0
0	3253
40	3218
46	3208
0	2240
2	3272
0	3236
10798	5644
0	5620
87	166
0	0
12	8
0	550
17	550
1745	2460
0	2459
0	21
17	63
0	0
0	0
0	0
2341	4
0	5
2	5
0	0
0	0
0	16
0	11
0	0
385	179
0	179
0	96
6388	61
11	52
0	0
784	0
0	14
25	7
0	14
0	176
48	176
1077	0
1	0
0	202
15	1892
0	1892
6	54
349	0
0	10
8389	879
0	860
0	865
58	860
0	260
25	430
688	1188
0	760
0	825
268	0
0	0
1080	0
0	0
21	15
0	15
679	1
691	2737
28	2731
0	1309
3047	2
114	216
4	356
440	359
1355	0
1	0
1	0
18	93
13	93
337	1386
756	1386
11	2444
4388	5076
2	2679
0	622
368	0
14	6
2	16
21	33
0	2
0	18
0	18
0	2
0	11
4	0
0	1
1985	266
0	181
0	30
0	51
87	24
0	22
29	0
0	0
69	83
0	83
236	935
2	1316
6	1265
7619	12
963	0
4803	3110
28	0
109	3
0	0
0	196
1152	2
0	488
242	488
2651	2
0	11
0	11
907	0
23550	42
397	1425
0	1424
3	1353
770	1079
3	283
4	0
0	0
11	1892
114	1892
0	1
0	1
13478	18
3	853
0	358
0	77
9	798
11	695
0	695
2278	1663
182	1662
577	0
0	4
0	7
19	7
0	906
1214	908
1	4
0	6
971	636
1483	1412
0	1380
112	1387
0	0
0	0
123	552
0	552
0	0
0	4
1	4
0	4
4110	85
0	83
0	4
0	4
140	1503
0	1452
18	1407
5	0
0	0
0	0
0	0
0	0
1	532
0	184
217	0
429	1014
88	4
250	215
43	15
0	15
0	9
1498	6
2947	1190
0	1188
99	294
6	294
5	0
0	0
0	0
475	188
0	188
0	9
12	9
2	4
4	11135
15	13774
11	13864
0	14350
0	3751
4312	18855
14	6
0	6
61	953
33	953
0	0
0	0
4	0
0	0
57	0
41	352
41	352
25	62
73	80
2176	0
23	4308
0	2047
551	4057
13	34
0	6
0	34
3011	704
1247	699
0	0
166	2977
4	796
0	2977
1010	432
0	432
731	1
232	0
262	238
170	94
7	255
45	275
0	19
795	1074
1215	1077
733	391
0	391
0	591
1782	593
1536	172
944	172
1561	3
1212	0
5	136
0	56
0	53
0	64
0	81
167	134
4	19
0	0
0	5
4	14
5259	1
0	4
0	0
0	2
3	2
22	4
0	0
0	0
391	161
803	1
5	23
0	8
29	23
39	0
5	0
0	0
0	11
21	11
0	0
0	0
62	0
2671	2
0	23
0	23
0	7
231	399
0	110
0	0
0	0
16	197
0	185
5	207
0	0
0	0
0	0
0	441
29	450
907	1
661	1338
0	1338
0	0
0	0
0	0
4	173
32	173
1	8
0	8
2347	2
383	4
0	1301
0	95
21	1337
0	0
55	0
2	0
0	0
25	6
0	38
0	15
257	38
12	778
1848	780
0	0
0	4
0	681
116	617
52	492
0	0
0	77
4	77
263	0
0	2
25	35
8	5
3985	1845
3	1838
30	13
0	0
89	0
0	35
0	1891
0	233
18	12
13	109
0	1955
0	1863
0	1943
0	1967
0	159
8	465
677	4684
17	4684
0	0
0	0
0	0
5	1102
603	1102
2634	739
1450	1
15	6
0	3
343	0
44	420
0	19
0	5
0	0
0	0
0	5
128	0
4591	2311
1	2308
42	0
0	0
0	0
74	0
0	485
0	495
830	577
0	485
408	214
507	112
0	111
11	0
48	256
0	619
0	505
685	1241
0	0
32	4
0	4
0	0
0	0
0	0
9279	13
51	1014
1	8
222	1014
0	25
481	1260
19	104
11	1305
572	22
204	7
39	155
4	53
0	102
0	58
0	102
0	1606
3061	1607
340	0
265	19
0	12
0	14
237	0
1	0
0	0
422	0
19	0
22	57
0	57
1921	2
19	4
1594	2
0	8878
0	14011
8	11331
152	16608
0	8561
0	0
0	0
0	0
210	106
10725	14
0	21
0	21
16605	20
8	32
0	32
44	161
6	79
166	147
1286	2948
2	2948
92	0
118	1673
53	420
43	1673
11	27
0	299
0	7
3834	300
1356	0
0	0
130	62
0	62
0	62
0	3249
8	3122
44	3180
0	3235
0	20
53	24
0	14
28	156
0	202
31	0
14	1
1083	165
0	5329
2132	5495
1	0
52	376
11	98
26	376
0	9
494	10526
6	6357
42	6323
2	10654
0	451
7	465
0	465
270	604
0	133
522	0
2452	0
25	219
0	0
135	0
623	37
0	36
29	58
10	180
0	200
0	161
266	161
5	1
16	35
0	35
2711	1706
0	1017
37	1070
0	941
342	0
9	0
1	59
199	59
33	1
0	0
1	1
2284	174
1594	2
20	23
206	3449
0	48
1	764
1	2811
17	2594
123	1079
9	629
0	238
0	316
0	2550
1	0
1	2
0	2
0	2
0	2
617	2
86	380
0	155
0	1607
21	1607
5	4128
15	4591
24	215
70	215
3030	697
0	696
28	0
26	16
0	4
0	4
0	4
123	550
0	550
1196	0
0	0
0	0
0	0
91	109
0	109
50	41
150	41
43187	50
46	717
0	717
600	176
0	176
0	60
234	204
0	160
934	0
0	0
13	1
550	20
0	20
452	1195
26	1195
338	0
14	49
2	49
198	81
0	81
49	364
0	0
0	0
0	0
0	0
384	717
0	716
0	7
0	0
120	93
0	90
0	0
10	0
46	24
0	16
5	7
7885	10
0	327
0	17
0	76
65	31
0	108
0	49
91	49
331	0
0	0
0	0
0	0
0	0
0	152
0	140
233	132
0	6999
0	6643
10946	7018
39	1351
307	1352
210	0
67	32
0	26
0	30
0	0
24	1370
0	1370
48	103
0	48
0	68
8	0
0	5
4982	0
2965	947
144	937
0	0
0	24
0	0
97	24
168	338
0	215
0	131
10	417
0	338
0	0
0	0
0	8
445	8
69	124
18	124
0	124
36	163
5	21
52	11355
406	11355
0	0
2065	2
0	4264
0	1886
2	1523
0	2788
4	3783
2	4336
4761	1610
0	1601
1698	33
0	32
0	1
69	0
2718	1510
55	1507
0	1091
0	264
12893	1847
287	70
0	70
641	1781
0	200
29	190
0	182
26	1781
0	16
0	16
0	0
0	0
0	0
741	482
0	482
1251	0
2890	1014
0	376
460	1009
12	0
0	1610
0	54
1048	1584
0	0
550	3
6	5
15	8
2	8
1227	185
2	697
0	474
0	117
250	117
0	0
0	0
1473	0
353	76
0	0
0	0
0	0
81	4666
5	4666
12	1
3779	2005
4332	5905
0	5897
1	808
129	4782
0	366
129	4782
170	396
2	396
1763	5
81	1211
16	1211
44	0
0	145
0	82
174	209
231	267
0	267
0	83
0	273
309	273
1199	1
0	0
199	0
76	1591
0	1591
0	532
19	532
37	0
13	165
0	4
0	83
0	154
0	1928
0	834
0	288
0	2417
0	1244
6	2552
13	161
38	161
153	32
0	5
28	23
282	23
262	1
155	130
418	0
0	0
0	0
0	0
0	19
236	2587
1	347
0	2506
1573	1779
158	1779
388	0
305	0
0	39
15	39
0	5
353	1965
5	1965
1165	6
116	3967
2942	4043
151	268
895	0
1258	612
8	30
45	607
1395	1
569	1
0	0
0	0
0	5
0	5
0	4
0	112
710	3505
986	3466
0	39
0	0
0	0
14	32
5	32
22	0
500	599
627	298
0	295
2	39
0	15
0	21
0	22
0	3
0	14
0	41
0	25
0	16
30	0
56	41
12	36
97	314
0	138
0	172
0	595
0	496
84	605
0	17
0	0
0	0
470	0
0	0
0	9
4	516
0	87
59	512
8	0
85	0
19	501
5187	132
0	131
0	0
112	1
0	1
993	1124
0	358
0	1124
0	101
0	101
0	94
51	251
0	101
169	251
608	0
0	6
0	6
3	6
242	0
107	0
0	0
866	0
16950	7323
4	7307
330	0
436	103
0	103
0	0
860	0
18	200
0	191
0	187
0	219
0	105
15	112
1908	1054
0	833
695	3
136	2112
2	1415
2629	2985
13056	13
7	26
0	15
0	26
0	26
485	5214
534	627
0	624
0	0
0	12
28	12
328	2
0	384
416	592
0	83
6	243
4	152
0	0
0	0
11	38
0	6
1480	1284
981	1
3660	4
1738	146
0	143
45	285
0	14
0	187
3037	516
0	328
18	538
0	172
0	172
5	7
0	0
0	3
769	3366
4	75
0	3295
17	3363
26	102697
3922	102701
4351	102706
3964	102647
0	0
158	12
372	12
2437	1022
0	1022
0	44
20	66
562	66
4550	10
0	0
0	0
88	0
242	0
362	0
129	166
581	166
0	2375
0	2367
312	10
43	372
0	2462
0	2454
6309	13
22	0
307	0
0	0
0	5
0	7
0	5
0	1
25	11
883	0
254	57
0	0
0	0
1862	4
714	598
0	337
0	287
266	0
3454	486
19	473
0	19
13671	7089
0	7089
0	0
62	3298
21	3298
17796	32
252	662
0	2
187	662
0	77
93	78
0	101
166	2221
512	2221
551	56
0	56
43	213
75	1081
3	139
0	96
0	2
0	230
39	1
30	28
2	0
0	28
0	74
71	74
4882	6740
0	6112
10	573
0	6328
3	6379
0	16
0	0
0	0
2025	1328
768	1
2	93
0	93
11	858
9	22635
29224	22661
0	857
0	460
0	431
0	432
0	432
35	0
640	2199
21	2154
0	892
40	2555
0	480
54	45
0	11
0	0
68	721
597	720
0	719
168	749
0	749
4	227
0	227
0	15
5	5
9407	4608
0	30
0	0
1871	3
76	780
0	780
4	511
43	12
6	23
6	0
0	23
0	21
0	104
0	13
0	257
141	353
2	2
24	156
717	156
968	833
0	26
53	824
0	121
92	118
51	47
0	113
3	0
1207	0
5	119
0	119
511	3327
0	3327
71	137
0	135
0	135
91	870
0	15
0	510
0	510
0	0
0	0
0	0
0	0
12	13
0	13
66	2608
1021	2608
0	2316
273	1535
59	336
1642	1441
62	398
0	1336
156	2286
0	2285
0	0
0	0
595	1
0	2
15	19
0	19
466	1387
0	24
28	1500
0	293
40	300
0	91
0	213
0	10
9375	7
0	53
0	53
0	456
0	487
0	453
0	112
1325	653
0	620
0	298
5	374
0	260
0	374
3	0
0	359
19	359
196	0
2117	2
21	478
86	514
38	514
6970	7
1431	7
0	2
6	0
5	880
1813	1069
5	6
0	1303
0	285
647	1592
51	0
542	16
251	0
0	0
0	0
54	0
5	314
0	130
502	165
133	275
0	275
0	74
0	3820
1279	3820
91	93
3	93
0	87
0	5
0	5
43	0
0	73
10	81
14	317
784	318
25	248
3	248
0	0
0	472
0	472
11	0
2396	1
0	380
332	380
1844	517
0	13
0	118
69	118
0	401
0	206
301	824
0	371
0	0
0	0
0	24
16	74
3	2037
6611	13520
0	4802
0	12785
7028	16
114	116
30	0
6853	9
2	0
96	121
0	121
37	0
3826	8
1335	362
0	362
0	299
169	254
1324	256
0	663
0	402
0	601
0	618
5	230
23	272
0	217
0	208
18	330
0	258
51	369
0	0
89	0
9	305
0	1239
391	1229
38	0
0	13
0	32
10	1600
0	0
0	1530
0	321
161	1621
0	1581
1482	2
210	869
4306	1974
0	403
1878	405
36	1950
166	262
2145	1897
15	316
464	738
0	719
4075	7061
0	7057
12	36
0	36
565	156
0	31
0	124
0	418
57	394
915	187
145	0
0	51
2	51
0	3
0	3
104	360
32	360
9	596
19	596
0	0
0	0
0	0
50	33
0	33
16	0
346	0
0	1
0	0
1	1
98	1142
76	349
2	1514
0	150
75	2945
0	2945
0	0
0	0
320	0
3826	9059
11	4162
0	4909
42	173
0	23
805	1
346	206
0	206
13	108
0	0
56	180
0	119
19	315
716	315
2	0
0	0
0	0
0	3
0	3
0	3
0	0
0	0
364	171
0	171
184	115
0	90
0	987
40	2689
0	2689
393	3331
7	3331
1752	154
0	17
109	135
0	214
3508	214
3131	2
2701	28
0	28
3	0
0	0
0	19
0	19
0	55
4	68
0	118
200	138
6	0
2575	6
0	16
191	246
0	31
0	12
0	224
0	231
2	0
0	0
121	276
0	276
0	1510
102	1510
997	1
0	0
0	0
282	2187
0	13
223	208
0	111
2	2217
0	9
0	0
3337	1802
24	1749
0	1857
28	563
16	79
5	563
0	535
61	0
141	309
31	1262
2885	2088
2	826
2427	2442
4024	0
84	0
547	3
901	1
204	410
5	410
0	252
297	252
0	0
0	0
3426	3
0	0
0	0
83	306
0	686
0	686
1504	935
5	945
0	945
49	1884
0	705
277	2589
238	284
25	0
832	3
10	0
64	16
0	16
0	0
26	0
72	94
136	30
0	19
18	19
445	0
402	0
8	0
16	295
18	295
3	0
20	0
0	0
0	0
0	5
0	110
1684	110
3	2886
224	3303
3	1207
5182	2943
34	0
355	0
5421	1261
40	968
4270	207
1	198
0	0
1	0
3	0
170	0
11	532
425	532
3	5815
0	27
0	138
0	5846
142	6002
65	6066
0	6161
0	6120
0	3
0	0
0	0
0	0
0	8
65	113
0	89
1303	160
7	64
3341	76
2998	9
8	0
384	0
2	0
0	0
0	1
0	1
52	621
3	621
25	3734
2724	3735
906	0
86	0
2	3
0	3
0	2
0	7
0	20
0	1
2	14
56	25
1909	382
0	381
0	0
0	296
16	296
70	0
8	12056
15	10157
1	7390
91	13493
138	16177
2404	16766
0	745
570	747
0	16
0	195
1105	215
357	197
0	197
0	175
467	704
0	45
0	0
0	91
0	705
17	633
0	257
1392	860
0	860
911	1
164	58
0	919
32	1118
56	1150
0	8
1622	560
0	54
0	495
0	0
0	0
0	0
137	0
46	263
13	56
8	0
0	6
0	6
0	6
0	6
70	633
4	633
359	365
1	365
0	0
147	242
0	46
0	227
27008	17
0	47
0	117
0	121
11	90
0	39
11	73
8	396
0	169
0	391
0	1712
189	3876
0	4008
0	1053
9	232
652	3364
515	55
0	11
0	43
11	0
416	3
0	72
15	166
0	166
33	688
47	688
0	0
1395	145
47	145
29	0
0	0
0	0
24	1749
0	1749
1380	2
0	4
0	4
0	4
63	1
3590	7
576	236
0	236
313	0
0	1
3674	2248
0	1
0	49
378	25
647	2246
3	0
20	60
0	48
0	34
697	6
0	1209
89	1765
0	1200
0	617
8	152
630	238
0	129
9559	4481
0	4477
0	26
188	26
9	24
0	24
0	747
0	773
0	773
111	199
411	199
327	1017
1556	2
125	307
125	307
0	0
0	0
0	0
0	5
0	65
11	85
0	85
2693	2
29	1529
22	1222
31	20
0	20
2	11
199	198
53	77
0	198
3	0
0	0
1	0
403	97
0	97
1788	3
242	157
25	3
0	3
1	252
28	252
371	224
873	44
0	60
0	49
0	54
0	62
8	0
10	0
0	181
0	188
0	35
0	316
14	923
0	3
0	1105
2	1081
0	197
1093	2
450	521
0	520
0	0
0	0
0	0
0	0
0	0
0	0
0	0
86	0
0	293
139	293
127	4613
0	87
0	299
0	4594
0	3058
0	0
0	0
0	16
0	0
0	0
80	0
522	1394
199	1350
0	44
4512	1714
0	1344
0	1406
0	1211
0	1560
666	0
10	864
0	500
5	449
101	925
0	766
5	0
0	1508
0	141
0	19
130	1636
773	579
317	777
0	793
42	0
0	0
257	3243
1160	3149
2	418
3	591
431	234
11	116
0	130
0	139
597	98
0	98
8	0
0	379
185	548
41	542
0	0
0	0
0	0
37	710
0	710
0	0
0	0
0	0
296	2279
2646	2283
70	2190
623	1252
0	991
0	534
14	400
18	400
1779	818
10	482
5359	1
0	0
0	0
13	0
1193	582
0	581
179	1316
897	1283
0	646
154	1316
329	0
140	0
4	0
4025	622
2650	788
0	787
31	0
19	0
3	0
9	6
14	110
1536	111
0	1
1	1
0	0
65	94
0	19
0	94
0	34
334	0
281	2
1181	6073
9	5697
0	0
0	0
9	0
132	170
0	43
0	0
0	0
0	0
0	0
0	0
0	0
0	4942
0	2471
15476	4959
703	0
198	269
0	129
3	198
237	1
19	171
254	171
1009	1911
0	0
0	0
431	0
404	1125
0	534
25	896
0	0
0	0
0	0
0	0
0	0
0	0
0	0
0	13
0	30
0	32
0	17
11	23
0	0
258	84
8355	706
0	703
0	2674
0	936
0	455
0	16
820	2141
63	210
9	592
51	8
0	572
426	2884
0	0
12	27
89	28
0	281
0	186
85	285
23	0
0	90
0	370
5	364
0	281
470	0
550	0
233	363
2	363
0	940
27	981
59	938
13389	993
9	47
625	48
30	32
0	32
2311	3586
0	3586
0	3490
96	0
35	0
0	0
31	515
5	515
3	19
0	19
3079	1508
3	1507
8	131
0	131
0	0
0	0
2	0
150	67
131	231
0	231
393	110
0	110
0	1527
0	1549
277	1661
4	58
18	58
0	0
1472	2315
0	57
0	2315
1463	4034
0	2031
0	3091
617	0
0	0
0	96
561	101
372	1
0	0
48	0
0	1
206	370
0	13
1340	416
167	415
3	0
0	0
0	46
155	76
0	18
0	15
0	9
389	904
79	904
0	196
0	625
81	648
0	0
45	703
724	704
758	997
0	997
83	0
1530	8
221	12
0	12
328	4
2357	0
79	538
0	538
0	0
0	0
0	556
2316	557
1401	3
12	0
46	140
38	100
0	100
11	80
0	80
0	219
0	172
0	2
0	192
0	16
0	16
1056	1084
95	9427
1976	15362
1160	14710
1	428
0	47
0	47
0	22
3	6
16	0
1542	2
108	0
0	1050
34	881
8	1050
4	1849
0	2527
9022	4388
998	1804
0	209
0	1802
762	0
0	102
698	102
1449	1139
70	124
684	124
0	29
0	56
9	0
175	0
283	214
0	214
286	224
0	224
0	0
0	0
587	2
510	1475
9	722
113	722
6	0
503	58
10	47
5	8
0	8
430	635
4	172
195	500
217	1168
4	1
0	0
0	0
0	0
715	0
37	745
54	61
20	745
0	0
272	1403
0	549
452	2
0	599
2	2391
709	430
123	2226
0	5
0	5
0	2
36	218
4	106
0	218
415	5886
0	3803
4726	2371
4	2018
0	1928
0	4768
1835	4770
92	540
164	538
0	535
6	621
0	3414
3	9999
2	9903
306	238
0	72
3	32
8	32
42	0
4340	1632
0	409
0	0
590	5365
12	5365
5	482
0	7224
4	231
0	7927
8	7847
0	40
0	13
15	38
0	61
8	77
0	72
12	105
0	55
0	0
214	338
0	9
0	23
187	28
6	144
70	146
0	177
0	280
3	278
7	272
48	367
0	367
7478	1207
2	1
0	64
167	1061
109	1044
196	465
36	465
16	15
237	78
0	7
0	232
0	2338
0	2442
0	2294
2343	1
5	35
45	49
11	27
0	0
0	0
0	156
0	156
4	1044
0	870
18	2058
8	1956
135	7
0	7
36561	36
0	1039
41	1039
2	5021
137	5582
111	3292
450	3685
0	2550
0	641
25	1141
13	1262
0	415
87	435
4563	7
0	0
0	11357
2883	11497
11	11398
0	0
14	8639
11	10684
0	1
547	0
0	21
8	21
43	25
0	25
2	99
47	75
0	71
77	158
8	79
60	73
5	22907
0	8338
0	22618
0	11601
4	2314
91	23820
5	157
0	157
0	157
0	155
0	157
7265	2646
0	187
0	2269
0	2079
0	2183
41	2326
0	2138
0	2232
0	2252
0	21
1	21
13	3
0	574
0	727
0	687
21	73
0	764
0	192
112	915
149	1838
524	1838
28	25
0	26
636	154
0	6
0	0
3	147
0	249
770	1043
0	969
0	965
0	936
1	0
339	2
336	0
0	977
118	2399
0	2069
0	214
121	2451
0	0
2	1431
0	1494
8	440
2106	442
83	131
0	131
39	444
77	444
0	31
185	31
0	1351
0	343
121	327
0	144
32	1397
18	836
0	876
4267	6
15	15
0	12
0	15
3	15
0	260
0	2
119	371
0	346
0	371
4998	4
0	0
0	0
206	0
1	11
22	222
0	222
23	1161
12	39
0	549
0	1185
0	1185
70	332
85	332
300	4042
6	4042
115	0
11	1083
0	440
0	175
0	841
252	1
0	94
0	1675
0	48
0	889
0	1742
0	1662
426	0
0	0
418	947
0	7
0	947
0	0
0	0
0	60
455	517
2	172
10	211
11	23
0	23
410	1
11	1
0	1
16	2
138	21
0	21
0	0
0	1090
0	1
0	2084
0	926
37	2379
0	436
0	59
548	179
101	179
677	1453
27	1453
234	0
154	0
0	79
0	3
0	4
0	172
0	172
2	6
0	1
8	115
12	115
294	1820
0	182
9	1779
5759	11
45	47
0	10
183	0
482	7460
0	3379
63	7021
0	7675
41	5737
0	282
67	7930
0	8019
1	2
40	323
1121	323
7	553
0	379
0	372
0	269
0	133
0	113
2	149
2	149
1	16
889	1145
299	701
0	251
0	390
22	283
0	163
0	95
0	32
0	70
0	56
126	428
2681	697
0	269
0	0
352	0
47	11
0	11
831	47
0	47
0	3
0	3
0	98
1	98
8	80
0	54
43	216
0	170
71	122
0	122
0	39
24	39
150	0
150	514
0	514
34	455
137	455
0	23
0	23
1140	188
5	188
5	68
3	1730
3	599
1375	1638
1	0
2	0
0	0
1263	0
0	8
1658	350
31	349
0	0
0	0
637	0
0	0
0	0
42	140
179	140
47	0
0	0
2894	1695
59	2805
6	2295
490	1
102	364
0	741
26	1106
0	522
0	322
0	248
25	515
20	349
17	1953
0	1090
2	1137
0	0
0	0
0	0
1	0
0	0
0	15
1	3
0	1197
0	418
0	1986
38	4621
0	2719
0	4286
469	4730
0	3711
1	81
745	81
18	12377
0	14872
0	11722
0	11814
0	17216
47	20260
515	0
46	536
822	539
199	0
29	97
0	95
0	25
0	138
0	221
748	1262
37	16
3	16
0	46
0	12
0	46
0	46
0	12
0	103
0	97
0	605
0	1044
38	1054
0	2
0	0
0	2
64	703
577	705
716	1
0	84
101	87
0	3
2564	1
2720	590
36	590
0	282
0	14
54	282
0	0
0	143
0	16
1016	143
131	572
2	984
22	913
87	0
26	54
0	50
11	0
22	0
88	0
0	0
991	3386
0	3386
97	283
0	94
0	257
1633	0
0	0
0	7
0	18
36	0
18	0
0	0
119	1909
0	870
0	167
0	1621
671	8132
0	13555
0	12613
220	197
1412	200
0	12
60	21
0	20
0	20
0	0
0	0
0	0
0	0
28	1
0	1
0	1
874	2
3353	7
239	0
63	333
0	333
0	333
0	332
324	179
17	0
0	0
0	176
185	117
4	33
75	1628
73	438
10	1740
0	12
558	13
45	878
1	851
0	848
0	531
0	785
0	706
0	9
5	426
2060	431
1290	3628
0	123
0	0
4179	220
15	219
0	9
0	9
685	452
0	0
599	96
0	96
386	0
20	1157
1116	1161
193	0
4758	5
0	22
0	22
6	22
411	684
1	430
333	0
0	556
257	1067
0	404
0	537
21	14
201	158
0	158
549	0
5	0
0	4
0	0
10	2
754	4592
281	4379
0	4582
213	299
0	168
14	139
337	2511
4	2511
0	0
1904	0
2617	0
7	923
0	444
0	902
0	6
0	6
31	4
1505	1789
11	0
9	0
18424	25
10	0
0	451
25	1510
235	1493
793	159
473	0
0	1137
70	1137
0	958
199	1
5	0
0	1108
404	2103
0	877
15	840
42	1032
0	1167
3	1200
30	344
56	1026
5	1145
0	1969
96	2464
6	2464
221	0
252	0
17	21
0	20
2	7
735	124
0	109
0	0
0	15
0	0
861	388
54	535
0	43
1	2
3	366
0	93
11	380
0	0
0	0
0	0
450	94
28	1734
2	1719
6	1977
1	1141
0	1312
12	1312
0	1309
0	374
94	762
23	404
0	4
27	1858
0	2207
0	2219
0	2
0	2
75	1
317	187
0	70
0	36
0	0
0	151
0	0
20	50
0	42
5	48
0	0
8	4
122	0
2059	1319
16	1318
0	7
690	0
0	0
48	566
0	1054
0	1055
0	22
0	1074
182	532
10	0
57	254
323	0
0	128
67	5987
2413	7528
0	41
0	23
0	57
0	7515
6303	11
0	2125
5	1231
0	1369
264	1889
0	0
43	0
36	1210
0	320
0	951
92	1272
6	1256
28	165
109	165
784	2
423	447
0	86
0	385
991	3
138	200
28	123
0	13
20	189
1526	1
94	0
0	0
0	0
62	66
321	66
298	29
0	104
3	1275
277	1281
90	132
0	5
5	5
15	224
0	224
5	215
290	347
0	345
0	24
0	24
80	149
52	160
0	19
45	19
833	0
0	6
6	6
118	6
0	0
0	0
0	0
0	0
0	150
56	676
3	557
0	496
13	597
0	29
0	0
16	30
0	15
0	0
0	15
0	0
2569	835
9	288
0	748
0	1252
257	1488
0	252
5	1488
0	506
5	0
936	0
816	650
0	650
0	645
0	645
0	77
64	77
0	7
0	7
0	361
3092	1370
0	25
0	35
780	58
0	7616
26	144
79	21
46	238
91	2511
0	66
1202	2512
1313	0
0	0
4	0
80	0
20	61
0	14
0	61
0	18
751	3
14	1785
10	208
546	2447
749	2224
7	1045
13	3603
1	999
3	449
0	479
30	3787
0	3044
0	3714
0	0
2437	448
4206	5291
51	5288
752	654
0	654
18534	30
0	7670
7364	7683
0	0
6	33
628	33
734	1320
5	1318
331	14
0	13
0	3648
0	3826
38	3444
0	3359
0	5
17	5
0	0
415	0
95	122
0	31
179	132
0	11
0	132
0	0
0	2
0	0
0	2
0	43
0	2719
0	3478
0	3538
0	3537
0	3535
22	3528
0	3498
0	6
0	6
0	0
61	0
8	72
0	72
192	0
0	679
17	96
0	89
7	420
6	678
0	674
0	423
0	682
854	1067
157	1068
333	1499
32	303
24	303
0	448
1803	519
0	213
0	3
0	3
0	413
1067	413
0	51
0	35
0	6
72	181
0	4
0	5
29	9
0	9
2308	1
0	0
1	0
0	0
6	13
60	217
27	113
0	192
11547	1120
0	827
79	110
0	110
0	87
0	93
0	0
0	1
0	0
0	1303
0	454
133	1457
0	1430
4512	180
215	178
4782	1416
0	839
390	571
129	4
32	187
6	48
4	64
22	6
747	2980
9	2927
202	509
0	512
14714	995
1789	3401
0	2608
9	1052
0	0
0	0
0	0
0	0
0	0
17	0
98	177
0	177
0	3860
1189	3862
335	3
372	1
0	1
0	1
4552	313
0	308
0	39
28	244
486	1184
0	1183
2740	3293
20	0
1041	4
1108	0
25	0
0	0
92	107
0	107
47	0
209	0
6	0
0	0
0	0
0	0
1648	295
0	277
1	15
159	0
1	293
49	4
5	1628
0	2647
9	2257
478	3
0	16
0	13
0	12
0	12
193	0
0	0
0	208
124	208
10	1852
0	1804
0	1873
1566	0
0	9
0	0
14	68
0	59
0	0
38	15
0	29
150	29
1351	556
0	556
0	691
438	691
0	515
320	0
681	268
4	493
0	488
0	0
389	0
40	1
0	1
47	0
0	0
1	0
881	2
1828	0
20	181
0	65
3	21
5	19
580	19
57	204
4	192
4322	9
9	495
620	495
3	5331
1399	8813
3	2536
0	1261
36	7104
0	6161
0	6
0	0
247	350
5	328
1244	8
4853	1269
15387	16178
12	16154
62	5387
5	18
0	6
0	2
28	120
18	138
18	138
230	1
0	1
7	323
0	323
2	293
0	143
0	44
0	0
0	653
0	3
0	3
1130	3
0	25
0	0
0	0
68	25
24	0
0	6
0	6
0	0
443	0
0	225
0	30
0	239
0	239
0	239
0	239
157	152
0	27
0	146
7	2
2	2
42	282
0	220
0	278
0	3
0	0
0	0
0	0
0	0
0	0
88	150
0	116
1147	2
661	0
0	332
697	416
3715	365
398	358
0	0
0	0
7320	11623
0	11618
181	1164
0	1506
0	1403
556	496
0	496
0	0
1199	146
0	146
0	0
0	0
2	3
6	0
76	2968
6	2988
0	7
13	7
219	0
0	0
1030	2
0	0
204	400
0	61
0	400
0	353
742	0
0	44
0	35
0	44
0	15
0	15
0	44
1	26
18	831
0	138
20	831
0	10
0	10
38	37823
4453	42259
361	0
28	160
15	363
0	0
1	8
0	8
8	118
0	118
1	19
3338	15
0	0
0	25
0	131
9	131
0	0
430	0
1618	1891
0	1651
5	293
5570	6
4	0
0	0
0	0
1609	148
0	140
657	3368
6	3368
0	0
617	66
0	66
171	904
4	903
0	2
0	0
1943	86
0	84
119	1126
22	1126
78	57
0	57
469	0
80	348
6	348
1020	2
0	0
25	604
68	1242
10	1349
15	1259
18	781
828	781
172	0
761	3
208	1913
14	199
56	763
61	1929
1	0
352	129
0	129
12	0
420	0
1608	4
11	0
0	6
0	6
0	0
14489	13
0	0
149	384
0	142
0	393
9	18
0	18
5	52
0	52
14	0
859	0
17851	6
2	0
0	0
1	0
0	1
0	1
2	0
0	1032
668	1032
0	0
3	0
43	92
7	92
192	115
0	52
0	115
0	2571
0	1768
1473	0
609	228
85	227
430	181
0	181
0	171
1301	381
0	37
1171	196
0	195
0	18
53	14
0	2696
6451	3471
48	3470
164	477
7	477
293	260
207	260
108	0
20	7
0	1441
0	2026
0	207
7820	11180
19	10696
58	7792
234	0
0	31
2	387
162	387
4491	1344
391	1344
97	1344
0	3
4	3
0	6
0	603
256	603
114	0
162	452
0	452
0	84
121	84
0	39
0	62
2458	906
0	116
0	759
0	782
0	0
55	0
4	140
0	0
30	53
178	4
59	61
47	61
17	0
0	25
25	87
10	9
169	43
8	43
0	0
40	692
0	747
19	676
2569	1340
144	1338
6	1224
11	1323
0	613
0	1330
0	0
0	10
0	10
0	1
19	0
572	42
7	42
57	4
0	4428
77	991
0	200
2	991
408	260
8	5
53	0
6491	1
468	93
2257	2080
0	133
0	53
0	2011
2127	15
28	14
137	273
30430	12
0	0
0	17
371	56
0	56
0	4
0	10
1	14
43	38
534	192
0	0
138	2286
46	2280
94	2264
0	0
0	0
0	0
0	0
431	3
5	86
0	238
51	871
0	808
105	838
450	517
0	216
0	54
33	297
26	0
1566	2559
6	272
10	0
0	19
0	437
0	437
0	439
0	54
268	365
0	97
0	215
13	653
12	446
61	1391
40	1395
17	118
145	3383
0	1325
6	3319
0	1662
673	4775
49	3634
0	4757
0	2094
1581	2450
0	1486
0	963
0	0
16	19
7	0
0	19
208	147
10	3
0	0
0	0
0	0
7	6
844	2424
0	2424
0	2096
35	2091
7	229
363	230
431	0
161	130
0	130
923	733
25	269
0	718
24	34
0	34
987	0
537	0
0	52
0	52
0	405
0	446
0	471
0	457
1947	2448
195	2446
0	0
10	568
0	333
0	329
0	0
0	14
0	98
2	302
0	193
3	271
6	395
0	10
18	0
0	0
126	295
208	23
5	1879
0	673
4	1719
2	1876
187	1154
0	1154
418	163
64	163
21	207
223	207
375	1062
117	444
0	335
4	765
0	0
0	0
75	37
0	37
0	43
82	141
0	139
0	30
0	20
2	36
44	36
0	7
0	7
0	0
1952	1277
0	523
0	260
242	0
30	758
281	758
6	37
35	32
0	32
695	0
0	0
0	0
3306	833
0	831
272	152
0	695
0	318
0	247
2471	3323
0	2949
0	199
0	52
9	199
0	81
0	1
7	81
0	430
0	25
0	6
0	14
0	418
0	292
0	57
0	57
0	102
148	47
163	70
7	599
0	63
927	1392
22	995
5	25
0	12
217	803
7	5851
0	5834
0	52
0	19
0	4227
0	4212
19	4286
0	4212
0	4229
0	4212
12	4221
0	4212
783	866
0	58
0	62
0	648
10	290
0	290
975	816
5	141
0	815
21	243
24	243
505	861
2077	864
35	0
0	47
0	14
5	43
0	0
0	0
0	0
0	0
17	18
0	18
1	0
0	21
6	21
9	12
5	0
99	614
0	273
2	716
0	26
0	11
0	27
0	15
0	15
4	13
0	11
0	11
0	11
120	22
0	22
0	25
540	2491
0	698
23	1625
0	400
10	468
6	134
0	105
0	1972
0	2063
15	80
0	34
90	1217
1	1621
0	1096
0	0
518	3
0	326
0	326
0	309
362	172
0	159
0	330
40	372
0	54
165	361
1522	362
65	114
0	114
0	5
125	8
0	5035
3674	10425
0	10419
0	0
92	1381
23	1381
47	9
0	9
0	9
6608	13
162	0
2	124
0	34
0	124
0	855
213	5819
0	5654
20	5553
387	135
0	99
0	188
0	220
0	0
0	0
687	35
0	473
8	462
185	1104
101	3161
0	2783
1776	2829
90	16983
0	5085
10	4108
0	15029
0	0
2827	5
146	42
993	42
694	2804
587	2804
0	28
273	28
3589	3780
0	6116
135	6598
0	19
0	7
0	19
0	19
2364	1
294	0
93	2393
32	2393
0	0
457	4025
0	3923
0	4075
0	0
2542	8
0	318
0	220
0	323
153	0
5	2
0	0
6	2
0	0
0	1
0	1
234	0
40	71
0	11
0	0
0	71
16	595
0	573
1	5
1	5
0	5
0	4
0	5
0	5
0	0
0	0
0	0
0	0
0	22
14	22
761	285
1	283
377	0
239	0
297	0
0	0
0	4352
6703	4360
0	583
2536	2236
0	954
0	517
0	2000
65	0
0	1
0	1
0	1
3	7
0	7
878	2181
47	0
76	310
4	310
816	74
0	74
59	0
0	3
0	154
67	154
2567	194
0	191
5	74
0	18
1	42
0	41
0	41
657	559
1	559
65	392
1668	391
6	153
0	73
0	153
7	8484
0	11558
9590	11980
0	18
7	18
0	18
23	14
0	14
437	971
0	639
0	5
129	173
364	3340
65	3334
2912	773
291	773
1	600
33	464
0	227
4	1072
0	1139
20	895
0	1190
3753	6
0	3
0	3
17	125
78	195
173	195
97	0
0	0
0	0
0	1633
0	166
3	1730
0	0
5	5
995	206
1	206
621	278
7	128
0	278
435	193
303	291
6	0
5	0
0	0
0	0
0	0
95	2177
155	2161
30	28
0	12
0	16
1039	1
14066	15354
44	12628
0	12621
159	15309
112	0
0	0
32067	180889
5	38707
833	147887
0	9583
1884	4
0	29
241	149
0	130
0	62
0	0
0	0
23	41
3	1319
17	1300
0	10
12	44
0	965
0	970
0	970
0	813
475	0
0	2
0	0
30	2
1987	513
0	508
2752	4640
105	4637
3799	8
59	0
1631	6
0	0
12	0
480	406
0	314
26	88
35	2183
596	2139
93	3603
399	489
16	162
0	111
0	0
0	20
243	0
26	86
0	86
112	0
0	33
0	222
0	237
37	96
308	0
172	17
0	17
5	0
0	330
1579	330
785	0
0	0
0	0
55	1513
23	55
0	1556
2	1562
4	0
131	8
0	8
0	6
5	128
0	38
3	10
0	114
0	0
153	386
12	386
0	8
49	38
0	3
0	1
0	29
87	2862
4	0
1074	237
41	234
0	100
0	1831
0	1831
0	0
4885	6418
1541	1573
16	191
0	9
90	22
838	0
0	0
169	0
24	1659
22	261
5	221
47	1918
1	1252
0	1923
45	1195
0	1858
232	0
451	0
700	4
0	69
17	860
26	897
19	694
0	304
0	274
1380	2
0	0
0	0
10	2003
228	2004
7	1014
8	0
0	226
4	170
3	226
0	226
309	712
125	0
405	314
0	314
0	0
0	0
0	7
0	7
0	0
0	0
0	0
4836	2682
0	487
19	487
0	634
0	179
0	179
0	179
0	0
570	902
0	167
0	37
0	11
128	211
6	423
112	579
6	274
7405	10
0	0
12	0
356	0
4	0
0	0
3	41
1186	3
23	0
435	2165
7	522
2286	3
0	0
0	0
127	99
0	1
0	19
0	0
791	410
2481	1
2	780
0	1060
267	1062
345	10
0	2211
0	74
0	3429
2	3442
97	3416
0	3399
0	2469
0	2439
43	328
0	187
38	81
0	81
1	465
0	137
21	130
2356	4
95	352
1499	1484
26	1517
339	665
8	613
3	402
0	375
0	237
0	187
0	346
0	611
345	0
5	0
0	0
0	0
1625	4
162	2358
1	238
181	4450
275	99
0	97
1	84
0	890
0	146
576	1015
0	353
2	230
3	8
0	8
0	8
72	578
0	0
967	4
0	90
294	90
215	83
378	1
65	4176
109	237
1478	32
253	6112
7	5690
84	168
114	180
38	180
0	0
186	21
0	3
0	18
3623	15118
26	5676
2	9172
0	14951
14172	10
103	1760
125	1771
2910	11
1755	1786
0	131
0	1716
0	694
1586	21
170	1
1	0
2277	0
0	99
309	99
181	490
6	111
56	366
0	1007
4	516
56	489
0	898
0	1002
290	0
0	10
0	13
0	13
484	67
0	64
0	0
0	0
0	0
0	0
0	0
41	0
34	61
14	57
14	81
1343	299
8	299
0	0
0	0
0	334
134	663
0	627
0	484
0	0
0	0
27	329
12	329
139	0
0	100
0	53
63	140
0	118
2261	125
0	0
0	1
2	1
1	7199
1	4266
0	434
0	11163
513	13500
0	11174
550	0
3	4
6	0
0	1
0	1
0	1
0	205
0	97
0	64
48	100
6	571
0	463
86	903
0	5731
3	5266
345	2870
2001	0
1087	2
5	799
0	45
0	1999
266	328
0	925
0	1894
5	1806
0	2001
0	1999
0	4
0	4
0	4
8	8365
0	671
172	6091
29	7865
0	7
0	0
0	0
0	0
233	10
0	10
97	0
5	0
8	36
0	11
0	25
247	32
0	32
11	0
559	822
0	211
0	310
0	399
5	221
0	491
0	667
0	0
816	0
132	254
0	9797
3841	9798
0	13
0	13
0	0
0	0
18	4
1	4
737	1593
0	63
0	930
55	930
0	1596
263	0
1300	1390
0	1383
658	109
4	109
18	283
0	3127
11469	4256
0	1124
1357	0
39	24
0	800
57	800
15	40
0	40
0	93
224	231
9	279
0	279
69	0
0	0
22264	21
0	8
0	8
0	77
40	736
650	693
0	0
0	0
13	2476
136	0
0	1
2	1
20	300
3	9
3	48
0	78
0	148
0	289
137	0
0	0
164	229
69	229
556	1761
0	1761
0	0
350	40
0	40
384	1
0	0
94	0
5	15
36	29
0	23
844	4
38	1
0	1
0	0
2	246
0	105
515	120
0	120
873	278
0	276
0	0
301	1
0	4
6	40
0	40
0	0
0	214
0	103
0	379
14	193
145	426
0	228
352	228
0	0
0	410
4	410
0	483
60	483
1617	266
0	251
9	0
0	0
0	18
0	5
4	28
1	7
6	5
86	396
2	58
79	387
0	141
0	219
8067	515
4	0
17975	14
11091	2954
478	0
12563	6187
362	6139
158	0
711	0
512	270
486	9
1	9
2733	8019
0	3171
0	3631
15	5071
500	419
4	0
59	571
3224	0
3052	9
3	5
0	0
0	5
0	35
0	35
0	1
0	880
7536	1412
0	540
5	80
675	242
0	242
0	2074
84	2075
50	186
0	90
35	186
28	580
25	580
979	4
946	0
0	15
24	16
0	3
0	288
0	57
0	263
0	295
2085	65
0	62
4	46
0	13
190	262
0	262
237	0
0	0
1586	886
0	711
0	886
0	0
0	0
0	0
4	3
0	3
0	0
0	0
9861	17
28	0
289	595
37	565
3306	36
0	32
786	491
0	491
0	122
10	70
0	0
0	0
0	0
0	464
99	464
1	310
95	310
9	4
0	4
1	760
0	760
0	108
0	114
0	114
4	0
88	0
197	401
220	402
0	0
0	266
13	266
0	0
0	0
4	0
0	2
23	2
219	0
0	58
2	370
194	38
36	612
0	556
69	456
2	457
58	0
107	0
176	0
6390	3
1	269
2157	0
1746	942
4	28
1221	114
227	320
0	320
0	0
46	47
0	47
67	757
0	757
709	490
0	131
0	381
0	2103
1	0
372	2104
0	0
0	2
1	2
0	106
3638	1601
76	167
55	1676
158	651
0	0
10	1003
0	861
105	934
213	984
0	960
0	959
0	23
203	757
13	636
5	417
18	278
524	369
0	369
0	2769
0	2827
0	2911
0	2697
0	2846
4	250
251	0
5	0
11	2023
0	2023
313	144
0	144
136	1978
0	2057
0	2051
0	226
1	218
37	123
0	36
0	27
2	20
0	0
0	0
0	0
59	1230
10	1269
0	201
0	25
11	1276
992	2
0	0
2	0
141	1115
0	485
0	139
458	1188
0	0
0	7
0	7
17	1
2	0
0	0
0	104
13	104
0	0
0	0
13	1110
250	1271
0	0
0	0
0	0
1133	330
6	328
0	1
10	1
0	0
1	263
0	1559
12	382
66	1474
7	1568
0	3
11	3
0	0
4	0
1	0
0	0
4021	2159
0	2156
0	408
0	49
3	1
0	126
0	283
0	2026
0	436
0	293
0	1677
14	2207
0	2156
0	2128
0	2122
3	2029
0	2017
0	1967
0	0
0	4
0	0
0	4
60	779
0	131
0	74
2	782
31	18
10	17
0	0
6	0
0	36
89	36
0	0
426	21
3	18
0	0
0	29
212	135
0	65
0	90
154	306
0	82
0	229
422	2328
0	1856
0	772
0	0
2	108
0	79
0	0
0	0
765	2
1910	5
7	0
5601	3
230	0
179	697
0	69
15	697
1132	2
0	71
95	1816
1735	2458
10	42
0	42
0	7
9	7
11	1236
78	1697
0	576
0	0
0	0
249	312
0	12
55	12
0	0
249	0
0	0
0	0
0	0
0	0
0	0
6593	12
32025	7000
0	6989
0	462
0	24
117	462
0	197
533	199
0	0
17	26
13	11
0	11
0	34
13	23526
224	23541
14091	23414
2777	3192
0	11
0	11
83	0
381	1574
0	1574
6	0
2360	6
0	44
0	7
15	143
18	132
0	512
80	558
8	0
201	70
0	46
26	24
106	389
1473	3
0	91
0	154
14	161
2625	492
0	492
82	15
0	15
0	36
0	36
159	4523
533	4523
42	10
0	75
0	75
0	75
0	463
1155	464
449	349
0	237
30	23
30	29
1526	75
0	73
40	55
3	55
27	0
231	101
0	101
163	1355
0	1358
104	147
0	1124
0	751
1841	762
12	190
108	57
4	247
54	0
0	7
0	78
0	56
1747	1
551	0
1881	2687
0	2687
34	146
0	148
0	161
0	146
2	10
0	271
0	371
0	10
93	0
546	0
848	1
0	200
0	17
30	200
0	21
0	34
120	268
0	40
49	81
5	233
0	74
14	0
0	49
0	22
57	583
0	12
0	239
0	563
0	0
557	377
0	377
210	0
0	23
3	23
2857	71
18	69
0	10
0	7
3	17
0	3
0	16
16	0
0	0
2421	0
11	0
730	0
0	39
0	299
482	299
0	15
0	10
0	0
0	0
0	15
0	10
60	143
0	110
3	2
0	2
0	0
0	0
0	0
0	0
0	30
0	30
23	29
0	0
78	1169
205	1165
794	1
149	5013
87	5013
0	0
0	0
0	0
0	0
0	4
104	193
470	193
4410	1080
0	1075
457	1
0	1886
0	1877
0	1972
0	142
85	180
0	149
3	0
474	0
464	151
0	54
213	403
2	0
2419	5184
0	550
44	611
0	4911
416	0
3	0
610	104
41	856
0	522
426	0
21	336
0	106
0	0
46	2020
0	105
0	173
9	2001
715	236
1	236
444	2080
0	1648
25	1037
19	146
3	146
50838	7214
0	7148
0	345
55	398
0	398
271	139
0	139
262	3
0	25
378	0
8407	9167
7	9159
31	1141
0	118
0	63
0	1141
0	513
12162	20
487	179
7	79
117	96
578	658
0	232
0	1049
23	253
26	1112
23	0
757	0
0	0
0	0
26	794
154	737
0	27
0	0
0	10
0	550
7	559
0	67
0	481
0	361
0	2858
118	3025
0	3930
0	3930
0	574
0	538
0	511
0	553
126	153
0	153
20	153
0	0
0	1
0	1
0	1
0	1
2012	3734
365	3734
20	264
35	119
42	146
1854	1487
485	386
24	1368
77	431
211	431
1	15
0	0
277	136
0	45
0	121
0	50
0	50
0	0
0	0
0	0
12	112
392	0
0	2
0	2
1	0
10400	1382
0	496
0	496
0	875
6	267
0	241
0	287
562	1615
0	155
0	27
78	30
0	3
852	0
186	12
0	12
4679	174
42	173
460	40
3	2
2265	4
5	1
2	1
1095	1858
8	1336
0	1758
52	1773
0	12
0	12
0	0
0	0
0	0
0	0
691	0
58	104
2	4218
0	2180
20	3096
0	2871
14	5006
242	4396
0	0
0	70
589	202
0	194
92	392
0	0
0	0
518	436
40	436
1	0
0	0
1791	445
0	405
0	54
0	40
279	206
19	0
232	136
0	136
0	0
0	0
5	11
0	9
0	2
0	867
0	549
3	760
0	4
253	0
0	108
184	108
20	4
125	10
0	10
0	134
2355	1516
0	1415
0	0
3588	2126
7	58
0	146
0	4
1135	166
851	0
0	0
0	0
20	22
3	18
1107	0
9	14
0	10
2933	2
1549	2
576	2008
0	160
4	18
19	0
0	0
0	0
0	1
0	0
0	1
1149	0
0	974
169	2742
2273	2825
470	1
0	49
0	1
0	0
28	126
244	57
0	50
0	23
3	16
0	148
1	772
0	83
0	844
150	742
77	742
1689	0
10	196
0	1204
13	4955
0	4626
20	400
0	384
115	400
3	285
0	48
0	70
6	288
0	675
2	316
0	612
0	700
39	700
620	2
6573	64587
0	17743
8	19385
350	65198
40	51313
0	12
0	12
0	10
1205	0
16	127
20	127
0	0
214	140
144	140
602	2111
159	2111
74	0
485	4
28	51
0	51
0	0
27	0
0	0
2	0
0	0
0	0
0	19
0	40
0	50
7	147
49	151
246	0
604	0
6	166
18	0
224	197
0	197
516	2
30	400
0	390
4396	756
7	444
39	431
0	744
0	744
0	0
2	0
48	488
0	487
173	0
221	106
0	79
0	106
377	2
0	0
2915	1069
327	1068
4	17
6	480
953	497
5	0
14	1
0	0
116	39
48	598
0	598
0	33
242	33
584	0
0	0
0	0
0	0
0	0
11	1449
0	187
5685	5365
1	4558
0	4254
3	2161
442	463
0	434
6	434
0	5
57	7
0	12
0	0
0	0
132	0
0	0
1300	0
0	0
0	28
10	31
3318	959
0	1086
107	1113
1623	1
18	647
0	49
4	669
99	823
82	823
114	0
2	0
449	0
0	67
201	67
491	1
0	3
8	9
108	873
0	873
650	1714
24	85
0	7
4	85
5986	6
2279	398
0	336
0	22
0	16
0	6
0	13
0	20
0	22
3160	3
0	0
0	737
1248	738
0	7
331	65
0	19
388	0
0	12
0	12
0	12
78	0
0	0
0	0
0	0
841	0
0	9019
658	2363
0	3554
0	51
8322	9554
0	3085
8	1349
0	88
5	1323
0	148
4	178
0	6
0	6
39	483
12662	507
0	3
0	12
69	12
26	0
0	10
51	5
0	0
0	0
1	0
0	22
0	29
72	23
447	526
0	526
48	0
322	0
23	194
161	195
80	1
0	1
0	0
0	533
245	737
38	737
563	1
0	2
84	0
0	0
9381	15
3	647
155	1512
29	1512
247	125
0	125
0	10
0	6
8	97
0	97
32	345
254	454
0	189
104	988
7	43
0	13
0	0
0	43
18	0
0	269
0	323
11	66
0	66
0	66
0	243
0	66
0	0
2	822
0	614
0	561
0	620
4895	4273
44	4551
12	4824
0	4835
0	4822
34	113
0	110
1503	1
1299	1830
0	1830
0	1310
22	25
169	0
51	77
550	45
0	563
1960	773
0	132
151	1029
0	401
14	321
0	20
0	17
40	324
0	324
3612	0
83	1641
0	136
0	52
0	1641
197	125
262	0
19	226
0	207
0	123
0	68
3	0
17	190
4	190
16	73
76	0
1644	0
34	4
19	0
275	746
27	786
0	810
0	0
0	9
1	9
201	0
109	0
40	0
0	41
0	20
1292	1
107	0
288	571
1818	2774
0	2213
5	2620
0	2679
0	2611
0	2122
0	53
268	80
0	80
1011	2
0	805
985	805
2641	3
29	5
6	5
121	12874
0	12951
0	13168
0	2187
0	13160
0	0
0	0
0	0
48	2
0	2
1759	1980
706	4
104	475
3	475
0	128
5	2
0	3
71	11
0	6
0	0
4	0
243	726
15	832
306	6889
0	1953
2	1891
0	1381
0	6768
0	68
0	62
417	93
5	142
1535	1803
0	821
0	553
14	319
21	485
38	503
27	1710
675	236
5	232
46	0
40	0
67	366
0	366
1	404
0	0
0	0
18	0
0	0
0	0
1	0
84	1607
61	602
0	1562
0	1465
1256	587
93	2131
3520	2140
2972	2
123	132
0	130
0	0
340	916
0	792
0	554
2378	3973
96	464
0	789
43	397
15	401
0	1392
0	848
0	3791
0	4354
0	4285
7	1104
0	3756
0	880
1082	0
79	172
0	172
0	316
30	107
261	319
61	0
9	224
465	142
165	17
0	17
12	66
363	66
0	32
39	44
0	44
0	147
0	1581
0	260
0	1559
0	1662
1	514
81	0
807	81
0	79
0	0
0	0
0	0
48	173
12	173
0	98
0	1
0	0
1	62
0	353
0	342
262	103
0	103
0	0
7	209
0	1
34	210
152	166
333	368
0	85
2373	87
408	358
85	0
482	107
0	107
255	6
39	0
209	444
12	120
74	324
0	0
22	0
17	298
0	187
261	488
0	4
0	0
0	4
0	73
0	25
63	438
0	44
47	441
54	103
0	48
0	103
0	28
0	65
0	150
100	358
0	0
0	0
0	0
0	114
37	1157
876	1271
0	359
0	68
290	192
0	187
0	186
5327	4
21	86
0	86
0	927
31	961
0	974
0	6
0	10
2	0
0	0
57	14
0	14
510	0
0	0
599	124
20	124
599	74
13	70
0	0
0	3
0	3
1050	900
1	900
12	280
0	190
0	1157
60	1157
0	43
0	29
5	28
0	214
0	223
30	235
4	233
0	0
0	6
0	6
0	10
305	72
0	79
117	164
192	164
103	26
0	26
0	0
0	194
535	202
0	808
1224	808
34436	23346
0	22048
34	17885
0	21638
0	9586
6	243
130	243
2	0
44	40
0	0
34	0
74	46
0	1946
0	2092
0	2110
3	975
0	2
5	27
0	0
3	1
0	101
0	30
13	454
7	447
4	886
0	859
0	856
253	2167
0	315
9	65
2	2167
0	118
0	207
16	215
98	239
0	33
0	47
133	47
1	107
17	562
8	3466
0	3401
3	3581
0	260
0	260
1	172
0	260
0	50
10	56
6	37
0	5
3	5
982	0
0	0
3	136
0	145
0	145
2434	0
242	0
24	1531
8	1531
0	455
0	14
0	119
0	141
293	879
113	690
938	912
0	356
0	362
0	355
3460	2208
0	4
0	4
7	486
29	486
380	0
12	465
0	6
0	6
0	0
0	42
2	228
0	5
6	220
13	106
0	35
3730	2
37	734
0	737
0	730
34	0
1006	1
0	126
0	126
0	604
0	1
0	48
473	606
527	1247
257	1247
0	334
51	0
0	1
0	24
0	0
39	25
0	0
219	0
0	18
18	39
0	16
0	26
172	1028
4	1028
294	44
0	1
0	32
0	11
15	5
73	1175
57	1175
213	234
215	0
0	204
0	308
0	184
399	308
74	33
0	33
7	33
1378	1
0	0
0	0
471	468
0	956
0	937
0	1010
0	79
0	50
0	187
0	576
0	178
3	117
64	180
5	414
2	1081
176	1365
0	1
1322	218
176	0
4860	6
3	17
0	17
536	3
0	0
0	0
6	103
0	34
40	0
0	0
0	0
243	402
3	402
20	0
107	0
159	0
97	0
0	0
0	23
0	23
77	231
52	234
0	80
0	47
0	75
0	17
4	17
2583	7
3984	5
3	84
0	66
0	0
19	84
31	353
0	353
0	353
1	37
793	37
74	0
19	0
0	258
151	339
0	41
226	402
0	3
21	5
52	5
73	533
129	11568
0	11423
99	11103
10	10133
0	0
4	90
372	728
0	644
0	334
56	0
18	103
0	77
0	88
0	80
14	29
0	29
610	0
229	96
302	104
152	97
0	30
0	19
0	6
0	97
1977	2
321	281
0	0
0	0
6	17
0	17
9	0
92	355
0	355
0	17
0	232
2	21
0	0
16	249
78	16
13	99
0	99
784	0
0	0
1621	2
1	0
206	404
0	58
0	7
0	0
0	58
212	14
0	14
0	5
2	8
42	8
33	22
35	65
0	65
7	112
0	112
1197	1531
30	1530
1048	0
625	2
0	0
181	0
0	0
0	167
19	167
0	914
419	8561
0	8559
201	241
0	241
98	224
0	12
426	0
367	2525
51	2525
0	4
0	4
49	41
0	42
1	0
0	1
0	23
0	42
0	0
0	0
406	0
9	0
1732	15
0	1
0	0
0	159
55	65
126	224
230	0
0	2143
0	48
97	2250
0	1014
5	1112
1248	393
0	393
890	395
21	5
0	390
0	0
0	621
10	3416
0	2088
0	1027
0	1855
0	1961
43	2810
0	0
99	787
22	787
6	55
0	141
3	787
0	462
921	429
0	427
17	25
71	25
0	313
421	504
0	352
0	29
0	201
11	892
0	182
821	815
14	0
0	0
0	0
9	0
0	102
798	106
13	0
6	0
1251	1962
111	0
0	0
136	92
7	0
2	668
1101	1104
0	1101
0	88
63	11
0	11
331	0
0	195
0	2016
0	1718
0	1740
0	2053
0	1849
0	1722
0	1838
0	22
0	217
2	573
14	327
38	822
115	546
178	1830
0	2897
104	201
0	0
2	2897
0	87
0	992
0	126
0	2776
0	2925
19	113
9	3
0	24
176	918
15	476
129	8
1389	5424
0	0
0	8
0	4956
0	5030
0	4964
0	0
0	0
0	0
0	1
0	1
0	76
10	251
653	253
0	104
205	368
157	566
0	538
38	2625
78	2680
0	0
5199	12
54	14
0	181
480	195
252	395
0	0
33	636
1	636
0	0
0	99
9120	113
0	0
0	9
0	9
5	133
0	124
6	176
0	0
0	0
0	0
8	33
0	40
6	90
59	574
0	30
98	591
0	4511
420	4512
1	1293
1490	1293
35	1476
0	1476
0	1429
0	27
364	27
0	54
0	7
0	14
636	1351
0	570
0	202
0	1033
0	376
0	43
0	0
0	0
2670	2
0	1
0	1
35	0
2	0
18	0
83	34
0	23
11	23
48	560
2	560
46	0
784	0
0	0
1052	1
0	1200
3	108
0	1208
1	225
0	238
0	256
24	203
63	203
613	0
0	0
59	0
8	357
0	357
27	0
0	70
40	70
82	105
0	105
0	261
0	11
0	1626
259	2456
6	1724
5	1942
0	1669
0	1077
4	1983
865	0
0	0
0	0
0	275
30	104
0	113
3	113
3	275
0	11
10	11
28	0
108	0
0	13
0	5
0	140
0	140
942	4571
99	4571
0	0
124	1063
2	837
0	139
0	249
0	326
0	0
1668	185
0	165
0	165
0	185
170	59
7	0
1	1
167	0
153	0
432	95
0	95
0	0
0	0
24	44
0	36
0	44
0	446
69	505
143	10
88	10
3	6
163	401
0	277
14	238
549	2
1900	2163
11	1820
1702	2163
0	35
334	187
0	151
186	0
0	90
1115	6974
0	5136
0	5096
0	3453
40	7186
1634	4
104	703
0	702
424	137
0	50
10	14
0	7
0	26
0	86
0	21
14	10
0	7
23	0
17	18
0	0
0	0
670	0
1	6
0	6
112	0
6693	12
21	278
12	365
0	134
0	361
1479	224
67	0
0	1079
0	1079
461	4413
2	0
0	4413
0	0
0	0
783	0
1620	2
0	0
12	542
0	187
5	60
0	0
0	2
341	540
2	254
49	324
0	322
0	0
0	0
182	376
0	253
0	69
423	2
267	61
0	24
10	0
386	1053
33	164
0	0
0	971
17	1051
83	63
0	25
600	0
59	161
14	0
63	5038
160	5208
56	444
0	444
30	0
2	533
0	562
0	353
858	964
0	1592
0	1586
0	1170
0	4251
13	4099
8	3238
0	4284
1	4132
0	4250
0	1597
0	4292
0	1592
178	3222
18	3222
0	281
0	249
2	378
45	715
0	1054
0	306
6	604
0	958
3	38
0	465
123	1182
232	77
0	74
0	12
20	257
131	257
0	356
0	400
19	513
0	513
1688	8
1822	1
5	25
0	25
0	4
5	9
0	9
3438	298
28	297
23	871
3	964
0	949
0	733
0	593
0	419
0	871
5	683
16	0
504	0
0	0
0	0
345	0
182	6833
5	6833
0	75
10	75
0	5
0	0
0	0
1708	447
0	445
0	0
48	24
0	4
0	4
0	22
0	0
786	11929
0	7955
147	786
0	103
0	0
0	0
0	427
1447	1071
346	464
0	464
5	763
203	7765
44	7765
69	6803
9	213
63	213
38	564
20	78
0	22
0	564
0	382
0	220
0	32
41	164
10	849
403	851
0	0
575	0
23	146
524	146
53	108
1	0
0	108
46	0
43	364
158	364
67	2501
0	2366
267	2513
962	531
0	0
356	1796
0	1796
23	46
1002	3
0	0
0	0
3384	9
0	22
1513	11197
0	341
0	11196
16	10076
190	24
12	23
17	23
2671	791
0	22
1864	3
0	198
194	1462
0	1389
0	1547
914	0
0	0
32	66
0	44
0	30
184	0
440	0
0	1557
0	1197
443	875
0	296
0	355
3	766
48	1026
2	1026
0	135
0	8
2	135
50	0
1501	609
16	4
0	375
0	308
4139	3
2	197
9	0
137	341
58	341
773	0
1535	1
1027	104
0	99
0	0
0	0
1	906
0	721
2	1790
78	1015
115	2622
168	4237
231	4195
0	85
442	1828
120	19
1972	2708
0	311
0	1027
4	2747
0	2834
0	1031
0	0
1391	2
0	0
0	688
2044	715
69	660
0	660
340	0
8	2
0	2
1034	220
18	220
0	6420
1	1171
0	630
0	293
7	242
0	406
0	172
0	5552
9	5429
0	6282
0	0
9	35
39	35
7	23
0	0
0	23
12	468
521	811
1	343
945	2
1888	1
40	334
0	0
18	0
4	0
89	252
53	239
0	122
0	0
0	0
0	0
0	0
611	0
52	1590
54	1590
0	176
506	80
0	80
35	0
0	381
817	387
4390	2910
5	1205
0	2893
0	0
177	0
9051	11812
0	195
2222	197
8	85
35	60
24	0
81	86
30	5
2031	2588
0	5
0	2585
4	2525
33	2534
0	408
784	750
48	595
0	614
27	246
0	246
115	3
118	32
0	8570
5236	8572
3453	167
0	161
0	9797
0	10453
0	4705
0	9924
0	83
758	852
0	849
13	0
0	78
151	682
13	680
0	0
0	0
0	0
5	11
0	0
0	0
177	49
0	42
0	53
0	541
0	46
0	563
7	586
161	803
0	367
0	729
28	118
290	1439
0	1354
0	0
2	366
350	13787
27480	13512
0	0
0	65
0	0
149	65
0	0
0	0
2157	6
22	158
460	311
12	63
0	179
0	0
0	336
0	1734
4	832
252	1882
0	1218
1132	0
9	7
11	7
0	1
58	1
23	39
0	83
0	16
11	83
112	19
256	412
0	412
230	775
0	148
0	159
68	0
0	218
2	5352
140	5422
4	17
0	17
0	17
126	0
587	0
44	0
0	22
0	1
0	5
0	22
0	22
904	0
0	43
344	78
0	45
0	0
18	0
0	0
0	0
159	584
0	583
3	38
53	0
0	247
0	649
115	728
0	570
0	259
47	638
0	6
0	638
52	0
1429	511
0	511
20	3609
0	3609
0	3177
0	0
160	1755
2	259
0	39
0	1753
0	0
479	1528
0	358
0	1507
0	1528
0	0
485	571
0	570
0	95
2	22
0	58
0	229
0	215
22	28
680	526
9	554
0	0
0	0
0	0
56	67
0	67
0	51
41	113
0	113
0	32
7282	14012
0	13
0	174
0	0
211	31
0	13972
98	298
0	298
284	763
0	221
2	712
0	111
747	719
4132	3
1765	259
0	173
0	202
1	274
0	1682
0	636
5	300
283	1683
0	0
0	79
45	79
7	2978
5378	2985
0	29
13	29
0	0
0	0
0	0
0	1512
0	3023
0	2965
18	0
662	185
0	185
0	51
2119	213
0	213
3	66
0	639
1040	670
16	35
11	0
0	35
320	82
0	2
8	157
0	236
0	38
0	149
0	253
0	0
0	0
41	0
80	0
0	0
57	198
13	144
3	349
0	335
0	85
3	118
1	354
0	0
153	2131
31	2131
126	4
93	1886
43	47799
0	17579
183	6004
2428	51917
494	0
3	2804
8627	8202
296	393
7	393
121	522
1	417
0	7
39	256
73	841
591	797
1593	1
1012	47
0	47
2470	1278
23	1273
18	92
0	92
0	77
28	31
1409	1
44	0
0	34
0	34
6	4
0	4
0	367
13	501
2	415
72	72
621	49
0	49
248	498
0	160
542	0
115	0
0	0
0	0
33	0
0	3469
22	7887
6913	8584
2	8179
10	52
0	52
0	0
41	60
0	43
0	27
104	15
0	15
49	52
939	274
0	218
36	166
7334	8
3	0
7	401
6	143
13	1800
0	8
179	1800
9	305
400	5
0	309
1043	131
0	126
38	0
251	11
0	11
1907	15867
56	15866
5	0
56	132
18	129
0	74
0	2
4	2
354	77
0	31
21	77
14	24
0	11
0	11
0	11
0	11
16	5
0	5
47	1375
0	1375
0	5
0	5
0	5
0	12
7	154
0	142
34	299
48	299
282	784
0	782
113	0
0	192
127	187
0	1123
0	1256
0	1206
0	10
0	35
1	35
2014	3
2794	1013
0	329
2	988
0	0
0	0
0	46
6	22
0	52
3563	2
0	1
6340	5814
2181	213
0	212
0	5
54	5
0	5
0	0
518	30
0	30
0	125
603	350
0	284
3	20052
34	28195
163	29750
0	20
0	20
0	129
18	129
1	0
0	14
1656	0
0	3
0	3
0	3
13	12
0	12
684	0
9176	320
39	314
3	51
6	472
0	367
85	2147
0	649
0	2147
0	0
0	0
226	2
0	2
1	1699
0	268
0	10582
0	13137
0	278
918	16726
327	1567
147	1567
0	84
0	80
0	13
0	71
843	2
24	1104
0	978
0	313
4	1194
0	0
65	44
0	43
1294	1261
0	1261
35	779
0	154
1	779
1837	3
25	4
0	3
340	0
3020	4
0	0
0	0
0	0
0	0
0	0
0	0
681	218
0	216
5197	7
673	1456
0	1349
0	1456
0	1349
7	5
0	5
0	456
0	221
0	92
0	473
0	454
6	407
0	147
0	455
6	432
2425	3
253	0
3930	6
0	0
961	1020
0	776
56	477
10	0
256	0
145	0
9	0
1145	4276
0	4355
113	0
16	4
845	1
5	5
0	5
61	355
5	91
25	277
316	568
9	236
5	483
26	398
0	50
0	77
0	145
98	147
0	46
0	9
0	13
0	10
378	0
0	3
0	3
551	642
0	642
5	0
913	0
16	0
391	1846
54	1847
465	1
0	4
0	0
115	0
3282	8
6	2
0	0
0	0
0	2
0	0
0	2
0	2
0	2
1697	0
4	947
6	1209
29	3098
21	2937
0	541
0	995
68	995
290	375
0	375
50	958
0	24
125	984
28340	3965
0	2842
0	1089
0	163
0	121
0	154
0	139
0	135
0	139
0	0
0	0
0	0
0	255
0	350
0	350
47	26
182	0
482	247
35	0
1	0
14	21
0	21
1731	144
10	4
207	392
0	324
0	103
1656	841
0	0
59	3
0	3
0	0
0	0
0	0
0	21
0	195
4	10
0	10
0	3587
16	10276
3612	3294
6	9980
0	1921
354	2
110	382
0	273
0	0
316	2
0	324
0	152
3660	1257
159	955
6	380
0	0
818	1788
4	811
0	737
0	1725
0	0
0	0
0	0
1802	988
13	66
29	1
0	1
2	0
0	0
6	9
0	0
0	0
0	0
1	4
0	4
7613	17
0	32
0	35
0	29
1	9
0	9
56	1058
0	663
275	1223
0	0
34	184
77	455
0	36
406	439
0	315
27	357
7	18
0	18
0	3
178	6
10	0
326	0
3	2
0	0
381	759
0	0
871	300
0	273
0	243
0	76
42	1540
0	1
387	1541
0	61
177	270
0	270
0	42
0	0
565	0
350	432
10	432
13	38
7	38
6	1324
9	1289
0	1207
21	178
0	178
0	70
0	19502
6	1027
1166	1026
0	337
29	52
12	52
152	934
615	937
0	17
1308	0
10413	5800
6765	12
181	1798
0	324
0	317
0	317
51	1824
0	4801
0	5017
0	0
2329	4969
0	741
0	4816
0	4153
0	4316
0	4833
0	4396
0	3844
0	4935
0	3823
5	4788
0	176
39	176
50	174
8	290
0	290
8	32
24	32
86	4846
285	0
133	1031
0	1031
0	574
0	441
284	552
95	0
23	4
0	4
39	134
52	134
0	8379
0	0
1008	1
0	72
20	107
14	0
22449	35
5	6
30	6
0	0
990	145
0	145
63	0
1267	784
465	469
18	3884
0	3294
2413	1220
0	1217
114	2078
0	46
1	2078
0	0
7	51
2	62
33	6107
302	2317
0	1470
0	1726
0	1332
25	5776
0	137
0	131
18	10
1632	4
378	0
0	0
10	0
0	0
549	0
6512	14
0	146
0	199
334	300
0	196
88	199
0	91
43	215
85	154
0	168
0	168
6181	2017
605	1559
0	0
0	0
0	0
0	0
13	0
34	0
0	645
7	105
0	12
0	66
0	147
76	0
251	200
1206	413
198	4527
20	4855
133	4937
0	4972
6	4327
0	4971
142	62
0	18
0	3
0	43
2	235
0	51
0	217
0	6
0	52
225	52
241	1370
2	1370
7	0
65	229
0	229
4655	7
4645	3
12	444
0	421
2937	4
1598	1
0	14
4	4
0	4
9	14
0	0
0	0
0	222
1104	228
3326	6
0	125
0	125
0	125
0	0
259	14
186	14
80	0
1378	0
0	10
30	1484
24	1551
0	1434
259	0
109	2317
0	363
0	307
1441	2317
128	675
0	675
0	79
0	2
416	279
7	205
0	0
4830	2
0	0
0	294
4	294
238	2861
219	2810
106	0
0	0
2891	1
0	2
0	2
0	0
0	11
14	11
705	1567
0	776
590	445
41	427
12	120
0	0
26	0
409	1249
0	45
292	760
8	74
0	686
0	0
583	44
0	44
0	0
0	0
0	0
22	0
156	1
454	107
37	107
34	721
8	721
54	202
4	202
222	575
0	0
879	654
93	645
8	586
0	2137
0	2188
5	971
1341	2624
106	2156
0	2173
183	2173
376	1683
75	1683
0	1
1640	1
0	0
1365	0
113	128
0	21
0	120
985	2
1839	192
0	192
2762	117
0	40
0	157
36	3683
0	841
0	3683
0	3507
207	4837
0	27
0	28
0	32
0	17
2	9
0	25
0	0
79	34
13	31
42	32
0	270
213	216
0	213
0	0
9	650
156	644
4	650
103	4856
0	0
1035	0
625	4588
189	160
0	226
10	4626
428	271
13	0
0	467
0	0
1	41
1	40
0	1
261	0
35	63
0	47
0	130
31	408
0	408
3	25
16	25
133	636
0	0
320	4849
0	805
432	4622
51	459
990	2
359	1925
0	1924
0	0
16	0
54	10
0	10
55	4846
44	37
0	8
0	0
475	911
0	911
4916	6
13	45
0	45
0	24
0	24
111	19500
23	19493
235	20021
10	19456
260	22998
434	19261
36	6
0	6
0	0
0	0
0	0
0	2
0	0
322	1015
126	0
0	0
0	0
27	0
18	0
4115	115
10	0
0	115
6	0
812	2
0	27
0	132
18	348
274	350
1939	1
0	573
120	573
0	0
1352	2
0	136
338	316
51	316
60	0
28	0
0	0
600	2992
31	2027
11	213
0	296
18	296
1276	1740
262	1731
0	723
17	4475
17738	4728
23	4721
0	0
0	36
41	2315
0	36
1001	0
4	448
928	448
61	0
0	0
41	8
0	8
0	213
0	56
3	513
0	521
0	13
0	48
0	44
2	11
0	3
550	15
0	0
0	0
772	6568
4983	6214
0	0
0	6
0	0
723	1
26	56
0	127
200	302
0	266
4744	15
4974	12
66	0
127	4701
0	0
0	0
0	0
0	0
0	0
0	0
49	113
10	113
0	0
0	0
0	0
13	0
6	5195
0	5046
5403	1434
0	370
0	1062
71	0
0	0
14	158
1648	158
0	0
247	16
15	0
187	707
0	254
0	0
0	24
79	646
85	645
0	645
11	40
0	40
99	53
102	53
3238	5
6	349
3	349
0	69
140	69
0	0
0	813
174	2623
1991	2447
29	2372
0	885
0	704
144	0
6134	339
1	339
2	0
580	1
16	1286
442	3382
0	3382
405	161
4	162
0	133
5	133
0	28
59	28
0	81
0	43
0	147
727	260
0	76
33	671
0	679
0	650
0	73
1	251
5	251
833	0
0	2581
0	55
11	1429
4	15297
5	10639
0	14678
0	14955
0	0
23	0
0	0
0	1
27	1
5	0
10	46
5	46
80	16
470	214
0	154
0	214
51	0
62	255
2	255
2972	0
207	401
2	0
360	401
110	0
850	1
0	0
0	0
0	0
0	0
0	0
1471	0
18	0
148	4189
423	4189
763	167
0	160
42	160
0	1228
505	1228
532	71
0	46
0	3
0	14
0	46
0	0
0	5
14	5
8	9
4	9
6960	4002
0	3999
59	2971
0	1359
18	1261
0	1341
1	880
1209	752
5	294
2	732
0	112
32	257
629	3675
0	1332
1	1770
0	0
0	0
0	0
6941	6
171	254
72	0
257	96
0	31
93	261
0	68
0	4
2	32
354	104
1739	332
0	163
0	169
274	516
31	448
2181	0
0	153
0	41
12	694
6	86
0	681
0	496
0	181
0	181
42	617
0	208
0	99
5	46
0	87
0	164
11	2924
2698	10284
0	5901
0	0
1185	1361
0	1360
474	3
1571	1103
124	0
46	15
42	2968
106	431
2	19
0	122
0	93
0	2968
99	1338
82	394
0	30
8	30
49	363
1358	810
0	152
7	375
106	375
254	7853
1720	7853
0	6
695	7659
0	4483
0	0
22	94
0	51
200	2
4	172
0	163
0	235
0	235
4	132
0	235
107	124
0	17
0	20
0	20
0	513
0	970
1	934
0	410
0	203
0	74
43	2
24	180
0	180
9	141
1037	187
0	187
69	78
0	40
0	3
0	78
0	78
0	386
157	386
2541	3976
49	328
0	84
8	174
0	20
1	174
2740	1
1	1838
0	1204
840	1854
50	0
676	1
0	0
0	0
613	1590
3	1
0	1
0	0
171	0
0	1036
2135	2639
0	2632
3	13
0	13
416	582
5	388
0	547
41	121
0	121
0	558
7816	568
870	46
0	46
88	119
15	151
1627	151
43	8479
3069	5732
0	6961
0	3860
0	480
2	4284
0	4202
0	1992
0	1389
293	1757
0	480
0	12615
37	12613
179	87
0	17
0	87
1	0
45	7
426	8
0	23
201	346
105	59
458	342
9	341
463	3261
0	135
0	96
0	2993
10	3123
0	0
0	4663
2574	4665
799	544
0	543
45	96
3	597
0	597
183	874
5308	879
0	321
24	1122
0	997
5	191
0	42
1127	233
76	0
0	0
0	0
0	1759
0	80
0	1993
0	1779
0	1942
0	1902
0	0
0	0
0	0
7	27
0	14
0	14
0	0
29	336
0	300
0	133
0	1
0	5
0	5
0	308
0	344
2	0
34	1
0	1
63	0
179	764
100	2697
24	1
293	1149
0	19
0	53
0	1149
2	307
0	305
1099	1872
5740	4869
617	2108
0	903
3218	1
117	1267
2	77
0	6
4	9
25	1267
0	0
0	0
177	90
0	45
0	85
0	142
27	166
30	168
0	1
0	1
244	411
1524	3
410	3104
0	3104
0	1423
109	1425
0	129
18	87
1016	575
0	351
0	497
5	29
0	29
1143	0
0	463
0	793
180	1843
0	689
0	1778
1594	6259
0	6257
8	0
0	0
15813	4283
23	0
0	38
0	21
0	32
291	0
25	84
0	84
2	0
0	471
0	126
13	765
3565	1413
992	1
0	0
0	0
0	0
49	0
8	31
0	1
0	1
0	0
9	218
0	218
3	0
1315	6
3829	1
4	19819
76395	19958
6	4559
58	65
0	107
10	55
1417	1
0	663
192	663
95	196
14	342
4	4
0	4
32608	4406
0	4378
91	1045
30	279
197	933
3811	10
444	1220
23	1200
0	0
0	171
156	171
3030	194
116	235
52	85
0	261
0	114
0	0
0	0
0	0
0	0
0	0
44	0
67	111
415	120
1108	0
0	10
0	197
0	197
624	1
9	39
86	39
2	0
0	39
100	0
2	0
0	0
0	37
92	46
15	12
0	50
0	44
89	165
0	165
28	522
0	379
9147	926
2320	8354
1	8341
0	1721
958	298
550	481
0	481
160	205
0	130
11231	11
30	405
0	157
0	315
0	363
0	0
0	2953
2672	2920
6	1002
43	742
1671	1323
77	108
0	1
0	49
0	1319
40	76
418	825
0	825
1339	284
0	20
0	0
0	0
0	4
11	10
49	91
0	81
48	0
7	663
10	663
0	0
83	1
0	0
0	0
0	0
0	0
0	0
0	714
627	714
24	82
0	12
0	5
0	78
20	5
0	5
503	0
2783	1800
0	351
0	0
0	152
1281	6428
1	1454
59	542
0	5689
475	0
517	603
0	25
0	577
67	34
0	14
0	0
0	73
0	8
0	64
0	76
0	76
70	187
438	243
0	0
20	39
0	0
354	84
34	1889
6	1174
920	1889
39	1083
2695	788
0	678
0	829
0	987
9	31
0	31
2099	0
138	10
1348	0
797	997
0	997
194	423
7	549
148	1372
257	2497
40	11617
184	2713
0	11721
15	11651
42	5
43	1
48	330
1	402
16	443
129	9
0	9
33	62
0	62
0	62
6	463
3689	382
232	336
8732	4272
0	4254
1	427
99	171
155	471
35	227
4	232
0	232
2	0
57	359
0	359
3835	1179
0	169
20	1010
6379	11
212	0
17	383
0	350
15	130
0	147
0	144
7	287
0	38
107	258
0	902
402	902
2729	8
372	94
0	94
0	193
35	224
0	239
147	95
33	616
28	616
513	0
1706	197
94	0
33	144
0	138
0	6
0	93
1564	9320
113	9361
0	3
0	0
0	6
0	3
0	3
0	0
0	0
0	0
3644	449
0	441
96	1
136	67
2	65
9	390
638	949
0	882
37	170
1323	1283
0	34
110	657
272	1293
0	1097
278	1527
5083	38313
504	39402
0	21900
0	0
0	0
463	3990
3	3990
10	4
22	4
14	2464
0	1633
28	3276
8	2711
0	2542
13	0
0	0
0	1050
1	32
317	1050
1	24
0	24
0	24
2143	210
0	207
616	228
0	31
0	197
122	14
0	14
4	5800
25820	14405
159	1181
6	11847
0	1334
0	163
0	267
18	154
34	84
130	126
7	42
0	702
19	702
243	702
0	0
87	0
0	254
77	961
0	167
0	874
484	0
2001	794
6	794
0	0
1553	4
0	0
10	0
0	3
0	0
0	2
0	2
5	5
5	2
169	0
73	1406
0	312
152	355
0	0
218	0
0	5
146	130
0	143
0	145
7	80
23	1731
189	0
8	0
694	506
0	430
0	117
0	5
0	29
0	72
0	72
0	45
0	72
148	1181
0	246
0	263
0	1739
364	1739
0	1300
248	1302
0	0
0	0
0	40
0	244
0	273
864	521
4	190
1081	203
0	202
664	128
13	43
0	42
0	0
837	0
5	0
895	0
1	29
0	3
1313	4
46	1053
764	1054
20	434
0	332
0	1401
76	1482
524	256
0	27
31	27
8	46
0	46
2884	808
198	330
63	478
1501	45
17	44
569	534
0	127
217	1605
0	565
0	275
0	1604
40	22
0	4
79	82
145	621
0	0
0	600
0	600
1	632
2	0
29	0
0	0
79	326
0	326
2666	41
0	36
0	81
449	199
0	118
90	1028
5	1038
28	1038
1021	0
1	7
0	0
119	9495
4	8993
846	9235
22	37
0	0
0	37
2622	1309
0	0
0	69
0	13
0	146
10	10525
794	10526
40	0
0	1146
0	276
0	1423
6	1516
34728	54
120	255
90	255
456	320
57	129
2	320
0	0
0	0
0	0
15	75
10	0
0	75
62	176
0	176
0	0
0	0
0	27
0	27
8513	16
23	0
0	26
0	9
0	164
0	164
0	0
177	1780
13	1779
0	807
1475	1395
0	459
0	338
0	63
12	42
882	66
2212	1
0	0
0	58
0	158
159	8
0	8
0	0
0	15
0	4
0	15
1164	79
0	79
411	0
0	0
6	0
0	0
5	762
251	850
0	70
0	979
35	435
32	435
3248	2969
0	980
51	1218
0	0
0	0
6	106
30	83
8	106
11	5
31	5
0	2
11	22
0	22
0	0
0	0
0	188
299	189
1688	8
49	1600
13	77
19	1421
0	13
931	1
175	2
102	511
68	511
35	574
0	471
0	574
10	69
0	9
126	1
6	1
7	173
34	336
126	336
23	12
0	12
37	0
42	294
77	294
0	33
45	351
0	56
3	329
0	2475
107	2475
7	0
31	0
0	0
1059	2
82	187
0	187
2247	39044
112	39037
54	0
6	213
0	194
38	407
0	407
301	1015
0	55
44	1015
3404	5333
1245	0
104	1941
10	1941
0	16
0	84
7	83
1419	2
19	0
0	5
0	5
0	0
1257	1
995	44479
452	8386
0	8065
31	44800
0	61
0	1010
0	1990
1369	2017
5	50
457	136
5840	15
0	0
144	202
0	202
15	11
0	6
0	142
1260	144
947	1
8098	7
144	23
0	23
10	1441
301	1441
32	11
5	0
0	0
1176	349
18	349
828	623
0	623
0	0
0	0
0	0
182	65
0	65
8	1002
0	53
517	53
0	451
112	225
0	159
152	0
1812	2
112	110
0	87
576	199
34	812
5	110
23	812
0	25
0	54
0	32
0	243
0	23
0	804
0	21
0	113
5	3170
1	3156
0	3054
6	0
13	39
4	18
0	21
410	6101
23	6101
0	0
0	32
5	32
0	39
342	278
0	31
0	41
0	279
1	0
0	0
33	3244
28	8
1147	137
0	136
0	102
0	138
20	1832
0	934
0	934
87	1781
10	62
51	62
140	0
85	15
0	15
0	11
58	50
0	33
0	3
0	3
0	132
0	0
0	0
0	0
0	2558
0	29
17	2578
1259	0
0	374
37	640
64	2
4	9
68	9
253	659
0	659
594	0
481	60
53	60
514	0
2	48
63	48
0	0
112	9
0	9
912	164
0	163
10	0
19	0
2535	1
1	17
196	17
1224	1076
43	1076
0	0
60	0
11	0
0	0
57	154
44	154
2682	738
37	9
0	751
0	732
10	258
283	94
0	4
0	90
299	0
52	384
3215	381
66	192
167	132
140	40
0	40
153	0
31957	31
7	124
0	124
0	5
26	26
146	0
157	3561
0	33
137	2941
17	3322
3	87
4789	7
0	19
0	37
0	6
0	38
0	38
3	37
0	32
0	47
8	14
0	14
0	36
5397	9
22	0
16	0
71	54
18	165
88	165
297	0
0	203
23	203
6503	6
1140	131
0	130
22377	21
442	0
24	0
573	3072
0	636
0	667
0	418
0	44
0	400
0	401
0	415
519	2234
327	2229
434	0
1351	3
105	158
0	158
0	155
73	503
0	151
0	17
0	93
7	2392
0	18
1434	577
3	576
1242	7
4	1
19	0
1330	1826
4	171
7	1652
23	910
360	4828
22	4760
3716	14682
9	14679
0	9870
58	0
372	0
249	0
133	25
0	25
1814	725
81	722
0	12
55	189
0	7
6	29
0	11
4286	2
0	0
103	0
1328	134
6	132
135	43
176	43
16	11035
0	5241
0	8841
41	9145
6	10216
25544	15952
3	9036
0	2297
127	2174
0	1433
1425	48
0	42
17	14
380	1547
181	1144
0	176
20	1620
1149	418
0	3
0	3
1	1
0	3
0	260
155	260
0	30
777	31
0	103
549	103
0	283
0	144
0	201
0	318
0	219
21	36
0	1361
0	265
8	1293
1051	0
0	0
0	0
17	0
93	2
17	237
0	212
14	339
22	338
128	2
0	5302
0	5439
45	5440
29	7
0	7
0	0
633	0
86	0
3	54
12	96
343	724
0	58
0	717
1501	1555
0	759
0	1549
1488	0
0	7
0	0
0	0
0	7
0	49
4	144
54	870
74	870
3022	3143
0	3138
118	1
436	1258
4	307
0	445
1400	0
371	859
0	1001
2119	1189
5	1184
441	100
0	100
185	839
0	2870
0	455
0	6559
0	71
0	5784
0	5714
1626	6331
323	1004
33	25
0	25
1090	3
228	0
0	0
878	1
2684	663
0	662
164	856
10	855
57	216
180	25
0	16
38	9
8	1515
46	1587
0	1610
0	1648
0	1497
0	0
0	0
1	0
0	0
0	0
0	0
0	0
0	0
0	0
0	0
0	0
0	0
0	642
0	468
0	642
0	642
742	409
0	409
69	0
0	3
0	0
0	3
0	0
0	0
640	0
62	462
4	462
28	43
0	43
15905	1454
0	0
3926	5
52	1579
0	1579
56	99
0	99
0	6
0	99
0	33
0	99
0	99
139	66
141	66
0	10
5	10
5	0
19	211
0	211
78	0
75	335
0	335
120	0
5721	7482
2	7476
0	0
295	3409
0	3409
0	8081
0	9122
4798	52142
0	41881
2	52137
45	0
1475	4
20	1
111	788
0	820
0	0
0	134
0	24
0	248
447	2069
0	1994
1	79
6	79
39	408
14	317
0	251
5	364
252	0
0	5
0	5
5	0
0	0
11	18
0	18
878	8
994	0
0	217
75	217
20	768
3	768
0	768
1064	680
41	15
36	656
2	644
0	0
0	0
0	0
0	0
0	0
0	0
1221	957
72	957
959	1
0	201
50	4841
0	4686
0	0
0	0
37	1022
0	591
215	1384
0	1256
0	348
696	549
0	0
1144	24
115	341
0	331
4	303
456	333
0	0
0	0
0	0
3282	8
4	4
0	4
0	0
0	0
0	0
3577	7573
14	814
0	421
0	7370
482	7094
896	1
0	0
0	574
2566	2147
5	2141
43	2009
163	0
0	375
0	361
3	379
3	391
0	554
1546	1554
0	1519
1829	3
224	8535
2386	8540
5	2348
1	422
8	289
37	4473
0	3744
0	4291
180	1
9	131
4	131
377	2
2020	425
5	425
3	2
5	130
0	130
89	245
0	88
0	168
505	34
16	34
36	0
12	0
766	435
16	435
0	8
0	8
0	8
198	2479
15	264
39	2478
0	0
0	0
0	440
2	5048
165	5279
8	81
0	15
0	53
12	86
0	43
89	510
0	616
0	664
0	0
0	0
6	0
0	128
0	56
0	9
8	138
23	148
47	16
0	2723
39	2806
0	61
0	167
0	0
0	0
153	2170
81	1956
0	54
5	153
16	211
141	1339
40	1307
0	202
392	0
202	1376
1809	1377
0	141
0	23
0	141
0	2201
0	42
0	768
0	894
370	780
172	2200
5	2200
0	1668
12	1601
0	296
113	128
21	1394
807	0
2110	0
1205	2070
6023	1006
469	8
1365	686
0	686
0	33
37	0
5	266
84	1063
0	1063
17	9
0	9
0	9
628	0
91	1369
0	1367
15	19
0	19
0	531
0	0
1737	3056
0	3040
0	3029
322	0
471	119
0	119
181	8
0	8
3	560
19	142
0	529
5	8
0	163
398	163
0	4
0	4
0	0
3	76
124	76
265	297
153	297
2605	872
0	868
0	42
144	75
0	75
82	251
42	1699
0	1699
8	1504
330	0
785	0
1586	4
0	0
17	88
97	138
6	91
869	621
142	0
84	330
67	1593
166	1593
102	72
4	19
0	53
0	647
336	839
552	4
16	0
61	198
17	202
0	52
66	109
450	30
11	27
2933	1785
0	1689
0	1667
0	1764
1	20
0	33
0	9
0	22
503	72
1	72
9	0
26	0
4029	5
2083	23
7	23
0	23
418	5242
0	140
0	171
2873	1906
7	0
3	0
5	0
10	7
0	7
0	116
73	116
71	29
14	5
0	20
435	364
153	59
4	0
77	0
7	41
0	0
0	41
2	0
0	149
0	156
0	156
382	899
26	0
0	600
111	1585
0	1672
0	1493
983	0
851	1
741	0
887	52
0	52
203	0
33	12
0	12
0	0
852	975
11	975
6	141
954	430
0	425
0	5
0	5
2586	2341
72	2335
1101	13
0	0
386	82
0	82
10	0
588	0
31	23
0	229
0	101
0	410
0	338
0	85
9	693
0	1021
0	77
468	77
299	0
16296	2629
7	2619
3777	200
22	185
10	1
72	0
881	0
133325	108900
459	0
10	8
0	8
0	8
0	0
0	0
0	0
39	0
0	157
3728	172
3787	626
3	620
0	1090
0	1424
0	781
752	2745
0	18
0	4
24	18
88	332
7	99
0	37
0	26
0	0
33	317
834	317
793	1
0	0
100	84
0	84
0	77
0	91
113	91
0	0
0	0
4470	0
17	0
449	12
1075	587
0	549
0	454
149	0
273	263
0	181
17	324
25	0
173	90
1	90
1	69
28	3964
0	3972
0	3821
10810	11
0	45
0	7
0	158
0	61
0	139
0	0
0	0
0	0
0	0
520	5
63	889
280	1259
5	949
82	0
0	0
2894	4
141	210
1137	210
332	0
0	17
0	15
28	17
0	17
0	0
0	0
0	0
21	562
23	593
3718	8511
0	5943
573	10958
0	10958
2833	510
0	507
335	6
0	0
936	1
165	0
0	0
57	46
0	46
0	0
0	5
0	5
0	1553
854	4599
0	4608
0	4608
3851	5
1427	18
11	1015
1715	1148
0	1147
113	1237
0	1237
1954	0
0	13
0	13
296	4
1974	325
6	320
146	63
0	63
1152	0
167	25
0	25
0	182
0	255
0	42
68	936
3	891
3423	9
1	0
0	408
0	407
0	440
0	439
0	410
39	0
0	60
188	344
0	282
3	7
12	7
545	140
0	113
0	643
0	628
0	10
0	628
18	569
441	69
16	66
0	9
0	9
0	9
0	666
12	484
0	995
904	1292
0	890
0	110
34	110
1749	0
126	403
162	18
3	730
341	731
11	43
0	43
418	1321
0	0
165	43
0	43
0	43
1	0
74	1309
352	1081
266	1081
75	373
20	373
169	1233
0	1233
0	608
262	828
4094	2
1232	1038
1	1037
0	2
7	2
1339	4
0	288
2088	407
0	0
0	0
1	62
107	62
5310	548
0	537
618	391
2	269
0	384
722	1
11	86
68	72
256	420
0	417
43	417
39	95
49	27
0	6
0	0
0	2
3	365
0	371
0	2
0	12
140	0
0	0
0	0
1464	0
50	50
0	50
105	0
0	0
27	976
12	976
6	0
0	10
0	35
0	10
4	35
35	25
0	0
0	0
125	206
801	2599
6	1212
0	2595
2	1519
3485	1886
0	586
67	571
78	669
395	632
0	632
124	147
26	141
7051	11779
27	57
0	0
0	0
0	47
0	10
0	15
0	37
0	23
0	23
130	0
109	15752
75	15760
1	844
0	11510
0	0
0	3
34	3
147	31
1	443
3	276
0	0
967	2650
85	0
42	0
31	0
45	2427
0	2427
0	1862
0	2450
2	3
0	3
0	125
0	194
0	424
0	459
0	0
0	2006
144	2006
50	0
4	1
129	0
0	0
361	2041
0	1859
0	2114
10	0
951	0
0	0
0	0
0	0
0	0
0	0
619	0
270	664
1	0
677	120
0	120
53	0
22	78
409	941
36	95
24	44
38428	20
9	26
0	26
3569	10
0	25
113	174
0	164
0	59
0	186
0	166
0	0
0	0
0	0
44	173
0	31
0	173
794	0
0	13
0	78
1142	92
4570	9421
30	8540
28	73
0	73
5615	6
2264	3
0	0
0	0
0	0
0	45
118	131
0	166
3	86
0	86
0	1405
54	1200
8	1653
22	3078
101	3029
0	0
262	2
67	55
6	16
0	38
1543	7
559	1538
0	115
119	1534
1000	0
0	1969
0	7063
13623	9046
5	0
95	2019
361	2748
0	735
44	74
377	238
2	10
62	51
28	223
0	47
0	53
0	204
0	58
148	259
0	4
0	0
0	3
0	4
5	34
88	34
0	0
65	0
7	0
7	0
0	0
0	0
441	218
0	215
219	2143
787	2140
0	0
16374	5
97	97
0	31
0	73
0	65
0	68
0	53
1815	389
0	200
0	296
18	14
135	14
0	0
0	0
0	0
0	0
241	663
0	541
0	541
788	135
0	134
871	1214
0	155
3990	658
0	644
0	71
0	59
0	61
0	91
11	171
0	112
7207	3981
0	0
19	1143
3	115
21	1003
615	0
11	45
0	75
8	0
0	846
1978	3060
0	3035
19	2746
1798	684
57	26
0	4
0	22
0	0
6569	4366
2	4355
0	4352
78	4116
0	4359
0	490
721	969
0	477
0	406
0	868
0	200
0	503
0	380
498	584
5	191
339	2845
155	2845
0	0
279	139
80	30
22	30
5	10
0	10
1913	884
0	884
10	607
457	608
5	17
1485	247
0	230
442	16
0	230
895	167
39	167
3	0
589	4240
0	4240
0	0
0	0
0	0
59	0
22	97
98	1310
13	1244
10	1167
40	324
0	0
117	0
1	0
0	49
94	49
545	0
414	141
15163	1718
66	0
2322	899
3	199
0	698
2284	209
0	207
0	1781
19	1751
0	101
0	2013
0	1895
364	2204
0	9
141	9
0	2572
274	2251
224	2069
9	244
512	244
0	0
0	0
1886	0
201	5
0	5
4178	152
0	151
0	148
0	132
0	44
265	2890
0	3219
0	7008
0	7078
19	2656
0	1
0	0
1023	509
0	207
12	40
0	40
15	67
0	35
0	17
2	73
0	74
1	92
671	2406
20	744
0	2192
1	0
723	1
7	113
593	107
0	146
3	3194
43	3593
14	774
0	2664
0	2948
806	0
8041	2024
0	2023
111	704
0	704
515	0
50	43
0	43
677	5344
0	2555
4	3914
0	1222
0	0
16	0
0	14
0	14
21	14
0	0
0	0
0	0
0	0
5	47
111	47
0	0
12	0
13	0
0	339
0	44
10	116
6	339
3006	441
0	441
2771	2081
0	658
0	320
0	1127
0	38
0	76
0	115
272	130
0	107
47	2806
25	2806
0	2166
0	565
0	0
0	1597
11	2046
0	1139
5	2001
0	1101
1019	1102
0	0
0	0
0	64
150	64
0	0
49	44
0	44
52	0
25	5
0	5
1172	0
880	0
2	1069
0	1141
5	1046
1	0
0	46
0	46
231	1
4256	272
1	267
83	1700
15549	1735
0	619
0	673
0	1399
335	0
3769	1
0	59
6	1165
0	64
1	1459
0	1452
0	621
4	74
0	73
22	198
12	181
1	129
30	186
2	1
8	615
0	559
0	438
0	193
0	43
1	43
2951	1558
49	1378
3	1251
0	0
5	0
0	0
0	0
0	222
17	266
25	328
4	1200
47	233
0	2611
10	77
20	2672
0	1200
0	1216
71	402
0	267
0	425
0	0
6	9
45	2586
0	457
3	2733
26	166
10	137
0	56
1	0
0	0
0	0
327	0
57	30
42	30
0	0
26	0
0	0
52	17
0	17
308	1
70	0
0	43
252	43
48	421
0	421
504	482
2024	166
1	166
0	1232
0	378
0	518
0	1375
143	1619
155	279
3	65
18	221
0	2
0	2
1	324
0	187
1	1175
106	1162
0	1159
0	1140
0	0
84	0
3	83
0	33
0	76
1335	2908
0	2908
19	50
0	50
0	10
0	10
92	34
0	0
18	0
73	15
3	0
0	3656
0	4020
0	2002
3	0
1543	1840
0	727
223	1509
1575	3
5	6
2565	2
0	373
16	0
26	373
293	54
0	54
0	0
18	0
0	0
0	66
499	66
32	179
0	77
0	179
722	107
0	107
0	0
1235	0
0	0
135	11
0	11
0	0
0	12
135	0
0	5
0	731
0	175
0	476
0	549
0	289
384	1185
88	700
2	308
26	328
0	327
0	5
3	5
448	414
0	312
0	423
0	421
0	0
0	0
0	550
0	996
0	1435
1	1098
0	272
3	207
56	272
0	0
0	3
0	0
0	3
0	0
0	0
0	0
0	0
0	4
66	20
0	20
0	0
0	0
0	148
110	210
0	434
210	644
156	268
0	268
145	1183
0	109
0	1183
0	352
0	189
0	460
142	812
3802	12
249	1007
0	1007
0	0
0	0
82	388
0	276
66	3251
2	4840
0	4585
0	9
0	25
260	0
980	6
0	316
2273	324
0	62
65	2326
27	2326
16	2039
0	0
14	268
3	271
0	271
0	175
18	508
35	524
0	3
0	0
12	6
0	0
0	3
0	0
4057	12
193	705
1	706
262	0
28	3656
62	2923
7	277
352	3043
0	3353
0	737
0	2899
76	0
10634	7139
0	7131
39	62
66	13
0	10
0	0
0	0
47	120
0	3640
0	4548
6375	21221
546	18796
111	146
74	146
2481	1027
0	146
0	42
0	106
0	1078
0	0
0	0
0	0
7	2374
0	87
0	474
268	2374
166	0
0	1
2	2
0	190
544	788
0	809
0	0
62	0
0	0
0	748
0	6545
0	6673
5	6532
0	6514
0	6352
5	5852
0	6344
0	6761
368	584
1	203
98	141
663	1491
0	1491
98	7
0	7
0	0
30	1044
72	1044
232	11
0	11
13	29
85	29
0	0
0	0
0	70
14	655
0	657
68	0
85	536
0	536
0	18
0	0
0	0
40	92
400	0
1120	9
0	9
0	0
0	0
0	0
0	251
180	367
0	155
0	287
27	364
5	1
265	0
469	1072
1733	694
14800	7745
222	7712
983	56
0	56
0	56
675	213
12	56
0	156
6062	6
2841	4
3	3
33	0
0	220
0	114
0	230
0	93
0	289
0	183
0	178
28	702
0	287
0	789
0	543
217	0
9	0
2043	8
251	657
0	218
0	461
11	575
0	456
1960	5
1010	0
53	89
0	0
0	1
0	1
0	1
0	1
0	23
0	7
0	0
0	106
48	106
1	0
0	0
1	692
0	480
0	617
13	882
0	990
12	866
21	998
16	4593
6	4720
5	882
141	0
34	489
1	130
0	489
284	548
88	544
1611	0
381	0
11	0
1149	49
464	2
509	263
0	49
10	309
0	129
560	129
91	632
0	632
3037	0
0	0
1	0
0	316
810	316
604	0
71	0
3	0
0	0
2	0
8170	7
6	354
0	447
4	49
0	528
135	3371
2	34
21	416
142	3383
0	1590
106	1598
144	1601
0	290
0	9
0	283
0	283
0	290
841	98
50	98
626	3412
5962	3421
0	4
0	3
0	3
1484	1966
0	127
77	127
0	1237
0	415
2628	1238
4860	3052
14	3032
44	3041
70	88
17	0
0	87
0	0
2273	3
165	532
507	458
0	284
0	657
1	383
49	2288
2497	3182
0	3125
38	1592
1301	0
0	0
130	2023
17	1266
0	67
31	1266
36	1943
0	35
4	73
0	53
16	95
83	1185
0	351
3	1114
0	731
1	0
437	2281
8424	18
0	1701
2	0
0	0
113	0
31	0
0	11
0	14
0	0
0	0
35	14
0	19
0	174
1419	869
35	686
3505	8
1	165
1880	3019
275	1
19	915
16	915
4956	4
638	318
0	316
0	48
0	48
118	753
854	753
0	0
0	56
22	97
161	246
0	3
0	234
74	167
494	167
6	0
5285	255
0	10
385	1244
0	1242
0	0
172	413
0	413
0	12
0	55
0	77
0	55
0	77
0	77
276	1
2769	513
1	509
76	1587
13	1587
614	1
0	0
76	0
912	0
2	0
0	0
0	0
0	0
0	8
1259	4
9	17
0	0
0	0
226	309
48	114
0	311
7	695
158	695
28	105
592	72
0	72
15	177
324	177
240	485
11	0
0	485
179	0
129	807
0	751
0	748
0	844
0	831
4	517
0	53
11	517
6108	14
378	0
0	14
4	14
17	0
44	0
34	1455
299	1455
0	12
0	12
0	12
0	73
0	124
0	108
4	89
0	1481
0	1481
2937	10
48	0
988	2848
0	320
0	1787
27	549
0	1850
202	349
0	2693
20	2763
0	2693
0	2580
0	67
12	67
6	3
0	3
0	0
0	0
22	391
0	290
2554	528
13	135
9	116
0	555
91	555
17	0
122	432
142	477
710	2730
0	2761
2759	6
0	125
0	99
0	1022
13	1022
0	6
0	6
0	6
0	0
19590	9664
473	639
0	269
29	315
1	315
12	64
0	64
1367	5
465	0
368	531
0	152
0	191
0	531
4910	4
0	0
0	0
0	0
0	0
0	0
509	0
28	0
70	0
2	263
0	146
0	12
80	70
977	0
0	0
64	0
8920	1790
87	1120
616	0
0	0
8	69
0	69
1535	2
777	0
0	36
0	8
5	254
263	240
29	3421
0	3421
9	163
2	165
8	165
3	164
0	165
4	955
3021	883
24	268
4	65
0	283
0	298
516	100
0	97
620	0
3	207
60	207
0	3
0	3
39	85
19	1205
55	182
1823	4
0	114
819	116
5	162
46	145
4	78
439	0
0	146
0	257
17	218
145	2
0	0
229	3071
0	304
10	2857
287	299
0	299
9916	385
5	379
346	1633
0	80
1	1614
10	136
142	0
18	0
0	7
0	13
897	2
0	584
0	361
0	66
0	32
602	1560
12	1337
0	865
80	865
10	0
0	0
0	252
175	2139
0	2228
0	2152
693	756
346	756
2969	4021
2	216
0	388
0	0
1120	229
0	28
0	228
0	12
0	0
0	19
30	5044
0	5044
0	251
3737	4995
66	0
2	1
0	1
569	4343
3	4343
0	1214
4957	10
173	0
0	0
3	0
36	347
0	230
429	432
0	0
0	0
0	29
0	21
8	380
0	0
7	0
0	0
0	5
0	1
1356	0
0	0
0	0
0	1565
0	1586
4	1581
9	1620
0	1030
0	0
823	300
0	297
16214	6957
0	6943
145	1282
362	1282
77	17
0	17
8	19
1359	20
0	0
0	0
0	0
0	941
0	434
0	947
3	434
394	948
45	268
42	14819
0	278
0	14947
0	386
21	3177
1785	3218
0	364
20	0
3	0
610	1
20	713
0	661
4	651
877	14735
69	8322
92	7578
99	14436
7	25
6	901
9	4646
10	4678
14	4654
22	4665
0	269
0	207
0	210
0	173
132	0
0	0
0	0
0	0
2272	2847
53	961
1	2843
3561	3
0	0
0	0
21	1010
46	1010
64	0
393	1346
0	1345
393	0
29	470
1625	470
0	0
0	8
0	8
0	8
0	8
0	8
9	657
41	451
30	610
0	325
0	330
12	371
5	344
0	289
44326	63
42	89
81	87
0	27
2	222
12	576
28	576
9	31
0	503
0	0
71	111
6	67
31	0
0	0
0	0
72	84
0	84
17	1208
46	1208
0	1208
34	2868
440	2873
0	0
0	161
623	324
0	154
39	1973
0	123
0	108
198	1910
0	0
0	2
0	2
0	0
0	0
7844	2606
0	2598
0	335
46	452
0	452
196	452
32	452
0	45
0	45
65	90
4	18
0	9
0	18
0	0
130	0
1534	716
0	714
884	2388
177	2389
0	0
0	0
1697	36
0	31
4884	8
0	0
11	0
0	871
32	932
0	915
0	848
0	574
0	490
0	0
3	0
0	10
0	0
0	0
6	0
0	26
0	30
37	56
93	1402
435	1406
746	1192
0	1192
24	1187
6	1137
3	372
0	40
10	119
10212	0
3634	8227
0	2606
0	5151
2	3088
1241	0
123	5364
41	2765
704	1739
160	5176
5	0
0	0
679	1551
0	313
0	91
0	82
0	41
41	2350
205	0
0	129
571	0
0	0
0	0
0	0
7	8
0	0
0	0
0	0
5	7
0	0
0	3
0	3
0	11
0	11
0	11
0	5
7	47
778	47
79	0
0	0
0	0
51	928
0	928
82	785
0	785
2739	343
10	343
16255	25
7900	1823
0	169
0	584
8	1708
33	321
0	28
0	1178
5	2868
0	2854
35	664
0	328
849	7
2	7
3366	3873
145	3969
4	3074
0	3310
319	377
0	225
0	368
0	175
0	175
530	270
302	4289
184	4285
0	3
0	3
291	633
297	38
9	0
4	38
0	43
0	38
0	3
0	0
0	3
159	39
0	39
771	1499
0	1499
0	0
0	0
1	0
0	0
122	100
75	0
2	435
0	213
302	204
0	216
557	4166
218	2513
37	1427
2	838
125	1054
0	787
4	2850
5	3216
0	3223
6	0
0	0
385	0
0	0
0	101
685	883
18	0
0	628
0	628
0	628
0	525
233	0
0	47
5746	184
0	136
167	2511
0	496
617	2513
0	0
14	0
6	896
0	768
0	716
68	46
0	454
0	283
39	480
6	519
1046	1701
23	1446
429	865
100	865
236	3
0	620
0	248
1023	637
0	266
0	587
0	407
11	97
8	148
52	148
0	45
1	45
117	53
0	48
0	2
2472	952
0	950
7156	10242
1630	1
0	17
0	17
0	36
0	32
1149	3
1826	5
58	17
0	4
146	10
6	10
0	5
0	0
0	691
0	707
0	609
0	729
0	719
0	537
6	537
66	402
0	492
0	425
0	492
1	18
31	0
0	0
0	0
0	0
0	47
73	562
0	449
0	458
0	576
0	127
33	133
0	104
0	104
0	103
0	686
0	279
38	975
9	975
239	611
0	611
0	0
0	4161
0	4487
0	810
1107	5722
0	10
0	10
10	75
246	75
294	2265
188	3008
45	2858
0	0
0	0
23	0
0	0
65	94
2	24
1520	10793
94	10749
26	463
7	2458
0	10752
0	5
0	36
0	1698
9	29
113	1698
62	0
7	16769
0	11588
0	13037
10	16769
2	69
363	69
46	0
7	171
0	0
17	43
90	8
8	63
0	1185
45	1795
0	1780
0	1847
2049	1
0	0
0	238
160	389
0	99
0	103
0	697
1774	699
874	675
0	675
10	11
0	11
0	0
16	1
71	52
0	52
2163	3922
0	3976
55	839
596	3
1715	4014
8	52
234	139
1	85
12912	8
32	3507
5348	3533
621	0
29	528
0	227
81	523
0	300
479	1462
0	269
0	1181
179	213
6	213
0	28
4	28
708	1746
0	1745
504	0
52	5677
0	5677
0	27
687	27
2196	1378
6	1239
0	1053
94	1910
6	142
0	1732
0	1971
0	5262
405	5262
2240	2612
0	1473
0	2198
0	0
0	0
46	24
0	0
0	1
0	0
0	1
0	0
0	1
0	2
0	2
33	0
304	0
0	0
0	0
0	2
0	2
5233	2
4	0
0	0
11	822
2010	829
0	0
0	9
0	9
0	31
0	31
0	23
2281	140
0	80
3	55
44	20
0	10
0	20
35	763
69	763
10937	16809
0	7751
0	16805
0	116
0	18
0	116
106	0
553	1
50	1543
0	1543
0	0
0	3
0	3
0	778
2046	788
0	2634
3139	2635
606	411
9	411
45556	30
0	5415
2603	5433
5	181
51	240
9	697
0	464
182	697
707	1250
818	1251
179	71
0	47
6	22
0	1827
12	1827
0	1827
0	0
3	0
0	13
0	13
1059	1
19	0
109	0
0	3
12	33
0	26
0	33
0	0
0	0
14	15
0	0
0	15
2500	2603
0	2598
0	0
0	0
0	41
0	697
4	684
189	952
1	952
0	281
535	0
0	1
0	1
0	1
0	1
0	1
0	1
0	1
0	1
8	0
416	1934
8	733
418	4
65	0
0	557
12	597
0	0
140	571
0	571
1	22
3	22
0	0
417	0
78	377
3	474
399	114
0	114
11	0
0	0
5281	10
0	0
0	183
68	183
913	3
92	962
5	1094
0	184
26	112
0	20
654	391
0	9
989	0
0	494
0	284
0	68
27	471
0	410
0	19
0	19
685	0
670	0
221	269
0	230
5	265
0	241
0	230
0	236
0	247
0	251
186	0
0	6
0	6
6246	9
20	0
0	6
2	6
28	6
0	700
0	397
0	450
20	743
0	723
0	0
0	0
0	0
14388	4923
0	466
25	4130
276	1425
276	1629
0	1054
73	115
59	1055
56031	14279
0	1880
0	11071
0	0
0	2794
1765	2795
5	3496
8020	15080
0	2682
97	14927
2778	10
473	67
317	1082
2306	3
3	7
30	7
6	19
0	19
1230	5195
87	1669
0	4710
0	485
0	0
4	0
308	0
13066	27
2923	0
233	16
0	16
0	738
85	738
72	2578
0	2966
0	3103
7	0
1131	800
0	800
0	0
0	0
0	1698
0	1252
0	2138
0	2060
945	0
1491	605
61	0
0	0
202	4
173	298
41	54
404	3238
0	826
3	2800
330	213
0	0
0	0
44	573
561	573
451	0
43	1024
0	912
0	113
0	113
0	138
0	80
0	161
5	1489
4566	136
0	128
346	328
6	82
0	310
1290	1366
0	1366
13	1366
0	313
7	313
1263	1
21	2485
0	79
2352	222
9	191
1766	1
100	0
5	0
0	0
217	0
4	9
0	833
0	1895
92	2319
0	2328
0	2332
0	1
311	1723
0	1722
113	68
1	68
57	117
0	21
0	36
0	0
662	191
4	191
0	0
0	0
0	0
0	0
0	0
0	0
0	0
0	714
0	3638
80	3638
35	0
529	0
6020	342
0	337
119	1
4	0
0	0
0	7
0	2
0	7
0	118
0	442
0	473
76	0
1228	0
30	43
0	5
0	65
18	88
315	268
5	0
0	474
110	481
36	428
49	481
11	0
218	0
54	736
0	697
14	770
6773	400
41	394
36	0
0	736
20	736
56	415
0	390
10	415
12	17
1270	774
0	739
0	35
0	355
0	340
4	348
19	565
0	681
0	10
0	536
69	652
91	0
0	0
0	0
0	0
1067	584
0	580
0	0
13	3
5	2
25	82
0	82
36	1830
151	63
0	0
0	0
0	0
2	0
149	128
1226	1
87	377
0	53
5	658
0	641
0	667
0	609
3923	9130
1137	436
24	355
0	44
8442	2206
0	904
440	437
85	903
12	47
4	0
18	0
941	91
0	87
0	55
58	19
0	4
179	0
0	16
0	16
8017	8
0	0
0	0
6125	12
948	530
0	0
0	525
0	344
0	0
0	0
0	0
21	18
0	17
7	405
0	358
0	255
87	112
0	211
269	612
0	216
11	192
0	55
2	126
0	1066
0	420
0	207
3	1044
2010	1
4706	4939
2677	4935
230	530
0	217
5	530
18	0
61	19
4	19
1033	4084
111	4081
106	0
18	888
0	888
53	3163
350	3246
73	66
4	66
138	605
0	605
2607	15
693	0
321	9337
164	9337
986	100
0	100
788	193
299	194
270	83
4003	333
0	213
41	145
1009	0
19	522
7	3371
0	327
410	3304
2616	1857
39	323
0	41
52	0
0	327
120	259
0	252
0	456
2056	3
2123	196
0	192
19	79
0	0
0	1283
34	1289
21	49
0	49
148	288
12	27
10	121
1109	1961
0	1940
0	662
1345	663
0	84
8	88
0	113
43	0
18	0
667	1141
178	1141
892	1351
2751	1
1	142
108	223
0	32
0	91
0	91
1334	449
0	448
0	357
0	0
0	0
0	0
1177	0
2783	4
173	686
0	75
451	686
7	192
0	39
114	1
2439	1
0	24
105	24
16	48
3	5
0	0
0	0
0	0
0	0
0	1
61	0
0	16
0	15
1	21
342	5873
240	5873
0	696
175	696
94	3349
23	3668
0	2863
2328	0
35	0
1110	432
8	432
2	0
8	1773
27	1775
0	96
12	30
0	32
0	96
0	0
0	0
433	0
197	0
1213	1551
0	1507
0	1551
0	1507
2	0
0	0
38	45
0	81
540	125
424	166
7	14
3	12
0	14
0	18
0	18
45	0
88	484
11	561
0	561
0	0
47	0
0	126
1078	127
160	27
0	24
0	26
11	26
0	14
8	14
0	0
0	0
0	0
0	0
0	91
0	455
0	850
0	901
0	836
0	835
328	739
36	3750
5	3721
0	1820
0	0
0	0
0	0
0	2558
1	0
890	3304
0	2370
0	47
29	212
277	300
24	286
0	286
56	9871
2299	9878
0	6444
0	6890
0	4286
879	0
902	0
33	529
3	518
7	269
171	0
26	0
0	1600
30	3721
494	3495
0	3145
6	2767
0	3145
67	61
0	1716
0	240
802	1716
403	0
572	19
0	15
37	867
2	28
0	85
0	0
0	858
0	858
0	19
212	206
0	172
4	220
0	193
236	0
6	0
0	57
28	57
0	0
184	49
2	36
0	3
0	0
1	11
114	15
1207	1603
0	3562
5	73
254	3562
14	11
846	0
0	41
60	41
4142	5
135	4
275	2914
32	158
0	65
0	4
0	4
41	0
0	10
0	0
0	91
0	86
0	86
0	93
0	2
69	3
73	133
0	77
641	0
0	0
0	0
0	0
0	0
2414	3
2440	768
0	767
123	164
0	8
0	156
85	5
0	5
21	527
2533	508
14	114
1141	5
94	0
1	0
29	279
9	94
64	233
0	12
0	11
0	233
0	1
0	0
0	1
5489	850
1	212
3	635
6	0
2071	152
0	148
0	5374
0	8023
3	3734
453	18532
0	18249
131	0
3730	840
0	832
12	847
33	781
0	723
0	0
384	51
0	0
57	42
0	42
0	0
0	0
222	1027
0	50
0	1027
0	972
0	30
11	30
0	0
240	0
333	598
0	0
0	0
98	196
32	196
0	0
0	0
0	0
0	0
0	0
0	0
0	0
0	0
0	0
0	0
83	1033
4	1033
0	0
0	0
0	0
0	0
12	92
9	316
0	114
0	283
0	0
0	0
182	0
13	22
0	0
0	22
59	25986
14	6731
305	13468
4	22403
0	20845
292	0
0	10
0	198
388	198
5726	6
3359	0
1029	2910
190	276
160	392
0	392
5	0
7	10
46	35
15	35
205	92
0	92
0	0
0	0
0	0
0	761
0	104
486	758
54	658
0	0
88	42
0	42
0	6
202	0
22	3
5321	5
0	0
0	0
0	0
11612	1792
11	1791
57	64
3977	9
0	168
0	68
0	4
0	0
0	141
46	170
97	203
128	203
879	1
39	0
0	31
15	312
0	310
4	312
12	6
1	6
4	0
0	3
0	0
0	3
0	0
0	0
0	3
1318	1
0	354
2582	357
0	38
14	38
64	0
0	1443
3	133
0	1385
0	1731
0	1512
0	105
12	1663
0	1939
286	3068
0	2843
63	2482
0	1766
0	2670
0	1654
11	0
22	33
7572	5057
0	77
0	1184
0	2196
0	3093
3	0
0	172
737	1967
149	1966
0	21
1	256
839	525
2	525
0	173
62	4
0	4
161	183
17	192
3	112
0	66
42	66
0	324
213	324
3	0
0	0
42	2
0	2
14	3
0	3
0	0
0	45
6	1116
21	1157
13	13
0	11
0	13
0	11
0	13
0	0
0	0
3126	946
6	946
0	0
0	0
0	1303
0	254
0	1277
4808	759
18	12
5	9
0	4
0	9
3	50
0	19
4	67
568	1
31	0
310	755
0	755
44	755
71	755
694	0
286	350
21	362
0	0
3594	1835
4	1318
0	58
0	172
176	478
1947	676
0	675
0	723
568	4020
75	4050
21	0
288	5
8	18
0	1
0	17
0	0
0	0
1662	10
91	38
0	6
4	2
0	0
0	0
0	883
1385	883
0	9
0	63
7	54
0	0
0	0
70	268
49	268
0	104
7	15
5	104
0	4980
16533	13373
0	1402
1528	13786
3	297
3769	1226
0	336
1	804
0	0
15	0
201	3464
0	44
0	0
0	3464
0	0
0	2030
19	73
114	76
0	105
9	85
357	100
0	417
1793	420
473	3986
186	3986
4	68
11	132
23	134
60	5
0	5
11	0
0	0
0	26
0	76
0	76
21	0
0	0
29	124
0	122
0	0
0	0
327	0
284	0
18	60
1557	65
0	0
501	1410
68	1410
15	473
0	493
0	493
0	2
0	277
0	40
0	350
7	0
278	40
0	40
1	243
9	243
2930	15
1247	83
1712	0
1095	0
0	0
0	0
46	545
31	545
0	0
1	0
0	0
0	0
0	0
0	0
675	1263
0	645
356	0
0	0
1160	0
358	0
21	703
0	16
0	1339
14	1311
4	1320
0	7
0	7
0	0
0	7
0	7
6	89
267	426
713	499
8	0
557	0
138	918
2	45
0	894
3516	5
30	0
0	0
1	13
0	10
0	2
0	134
736	221
0	87
42	1234
992	1237
71	58
0	58
0	0
0	0
6	4
0	4
109	1792
0	155
0	160
21	421
0	77
0	518
0	343
4	1808
0	883
55	742
72	745
0	213
5	1493
10127	2329
5	1457
0	1247
0	1270
6	1757
0	148
0	57
77	148
2	471
67	471
9	0
0	0
0	0
0	0
20	33
1958	1
431	5284
194	2172
0	5284
0	0
0	1
0	18
0	19
0	17
0	0
0	4
0	4
0	4
618	76
0	76
25	18
0	18
732	3
3831	5
194	420
0	398
0	401
0	15
0	430
36	430
0	411
21	17
4	0
0	2
0	2
0	2
0	2
0	2
2030	5
0	176
0	214
23	244
13	158
730	0
4	297
43	73
0	72
277	277
684	0
1	0
0	0
0	0
1214	314
18	0
0	0
35	42
0	1
0	2
0	0
0	3
0	3
0	18
0	96
116	114
0	55
0	3
0	4
0	4
0	5
0	4
0	0
581	1480
0	1478
0	0
1449	1
232	0
0	97
165	2
29	2
540	440
6	12
0	15
0	341
2	408
0	32
0	120
11	121
6	111
0	5711
0	627
51	5711
216	0
201	0
0	0
0	70
0	163
79	348
3	332
0	318
0	331
0	25
0	0
24	807
26	2577
0	540
14	592
0	387
51	2336
0	158
0	141
0	166
69	350
13	184
6	270
2	270
6641	5
85	283
0	235
0	334
14	938
1	1230
2	864
35	1986
0	0
3	0
0	0
0	213
656	213
0	0
730	0
1	4
0	4
0	4
0	7
0	0
0	10
83	0
41	0
0	0
150	2432
68	2432
0	0
91	751
0	448
91	321
0	333
1272	39
0	18
0	17
2263	8899
3348	8902
0	0
0	180
1451	181
391	0
29	0
0	267
0	36
0	501
0	163
0	712
0	768
146	746
7	730
0	639
0	636
8000	2953
0	2945
0	0
445	177
0	177
39	27
0	23
0	27
0	13
48	27
0	0
2	29
0	48
0	47
0	8
0	290
136	500
0	451
1	4234
0	179
4	550
2	4058
0	0
39	54
4	54
0	16
55	25
5	0
0	0
876	3514
12	2475
10	2580
3	298
0	0
487	809
44	809
91	0
1149	0
0	1774
0	128
0	195
1103	1729
13	1597
0	870
0	1033
0	1053
0	873
7	0
0	0
0	0
0	8
0	8
338	0
855	0
0	0
0	0
463	0
60	1
0	1
40	85
0	1
61	1
73	486
7	491
0	491
2	1
0	34
0	0
0	34
0	551
31	540
0	527
2	1478
122	4039
5	4039
0	0
1040	3
6182	18853
0	1916
2	988
771	0
21	45
0	24
550	44
0	26
0	44
43	4756
11645	4765
5	170
0	15
0	20
0	5
0	0
0	0
0	253
24	112
0	274
5	890
2130	812
0	737
177	1
1822	2
0	1573
181	1573
1155	1
744	7737
64	3754
135	7656
1	234
17	0
3	234
241	931
7	931
1184	1
121	90
0	90
2336	1471
0	1471
77	0
6	0
9	536
9	495
50	440
0	54
13	54
108	68
0	0
0	57
1037	57
268	0
789	1392
0	442
335	776
0	776
2633	495
0	489
0	279
0	243
0	11
0	279
0	1010
0	332
0	2684
4	2700
45	2591
0	2593
0	2795
0	2646
0	2704
0	746
0	178
0	168
4	163
200	0
0	0
0	0
0	197
0	102
2004	300
12	572
7	572
409	62
0	62
102	21
0	8
0	13
0	136
0	100
120	506
0	88
0	93
36	105
0	909
2	909
17	0
95	445
83	445
459	1
0	0
5762	3
48	146
179	146
4	41
4	37
84	0
108	2898
3210	2899
0	0
0	0
0	0
121	581
14	589
33	589
0	463
0	0
108	0
0	92
18	92
114	112
6	111
0	60
0	0
6	0
0	0
9	17
0	0
0	17
0	17
0	224
29	326
944	205
295	1
45	0
0	194
55	200
0	0
0	90
41	90
0	138
1	136
0	138
73	0
63	51
2305	93
38	91
360	0
83	0
3625	4244
3	4244
0	256
0	258
0	267
0	256
11999	3116
1	3098
1616	152
19	65
18	87
6	0
0	0
47	6
0	6
257	0
0	0
2610	2
220	1744
30	644
0	226
65	1861
8930	4777
4	4773
0	1656
350	1656
0	0
0	0
416	44
0	44
1923	18
0	17
0	416
0	35
27	0
0	340
25	370
5	0
15	496
0	88
1623	428
0	183
0	352
1	245
0	168
0	20
0	40
20	40
0	11
0	0
0	11
258	180
0	176
0	177
17	711
519	1025
473	1009
0	942
1484	1018
86	26
0	26
548	0
0	132
0	118
21	375
0	92
0	0
237	0
64	37
0	37
10	1501
66	1502
140	0
0	0
418	310
26	0
1015	2734
3	2073
927	234
19	1341
24	181
0	162
0	2596
0	1242
0	355
0	10047
5	2659
0	6930
21	10212
57	10206
0	0
0	0
20	892
0	904
0	888
1079	571
256	245
0	523
0	523
0	497
19679	27
2194	137
59	137
0	164
24	0
67	164
0	63
373	1
21	4
0	4
64	0
22	70
100	70
0	440
21	726
0	716
3	726
9	0
0	0
0	0
0	0
1	0
0	89
145	89
1027	4
0	1149
0	990
143	1153
271	0
1677	696
26	226
0	639
0	257
1703	471
0	466
1301	63
2	63
23	329
0	329
10	0
0	17
1060	1258
0	86
88	1264
0	0
0	3
0	3
0	19
0	4
0	19
0	9
273	2121
1432	2121
0	200
0	357
44	1428
410	1428
0	496
849	73
32	1770
760	2339
0	0
688	1281
0	37
0	166
0	0
0	987
0	1281
0	3
12	33
0	33
77	2146
15	2048
0	1330
0	2163
20623	29
0	360
142	379
1	510
18	411
0	0
0	5
0	5
0	0
0	13
0	13
3094	3
0	205
0	218
571	226
10	128
0	128
0	0
0	128
0	126
0	132
10	129
0	131
17	94
1	166
7	141
565	645
0	482
0	193
1071	1944
2	1942
1	0
0	14
2	14
813	0
0	3
0	3
363	216
0	216
0	347
3415	944
16	596
1302	345
0	0
0	19
62	49
945	847
0	891
0	852
0	866
0	46
0	35
5	38
0	0
276	193
0	193
6	179
1	0
0	0
516	87
1711	0
472	5
125	0
0	13
0	1
0	13
0	0
0	0
1390	3
0	0
11	0
0	0
0	0
36	269
23	269
16	2736
8	2
0	2
46	0
0	6
0	2
0	6
0	6
627	2306
1551	2304
138	1497
8	1497
25	452
0	699
0	698
0	696
0	675
0	671
0	0
733	357
0	416
0	4945
6	5346
0	5462
27	3429
0	6
0	4
0	3
0	19
1	19
0	0
1836	282
70	282
0	58
4	69
2395	124
3	0
417	69
15	69
14	72
0	72
54	986
0	0
0	0
34	0
81	5171
10	359
2	6654
49	6726
0	6741
4324	15
0	23
0	99
24	122
181	782
0	18
25	61
0	782
0	359
31	575
0	543
0	6
0	6
262	0
37	190
20	190
0	1
0	1
28	43
0	11
0	0
0	11
42	0
0	0
0	0
0	0
5	8206
0	5053
50	8206
0	0
0	0
20	77
0	468
140	575
0	414
0	270
143	2311
8	2311
8	431
152	88
71	8
0	5
42	1362
0	1326
1	1341
35	0
0	116
0	5110
0	9196
208	9196
0	5118
4	231
292	231
0	23
0	23
105	126
0	35
0	23
6	135
32	0
0	1
0	0
0	0
482	669
0	0
3600	3600
39	3595
0	5
0	5
0	85
5	632
0	91
0	637
0	631
42	367
56	369
1795	1612
0	1508
0	0
1039	1453
1	164
244	1433
0	3
304	62
0	62
97	209
0	13
8	222
10	1802
8	189
0	219
0	1787
3	1743
481	1025
0	0
9	17
0	17
0	17
0	0
640	0
682	1660
20	1659
5380	8
7	336
85	336
50	862
15005	5498
368	4614
4	43
3	43
0	0
0	584
0	144
0	176
0	122
6	84
84	760
21	99
332	100
23	22
0	22
0	4
0	124
0	578
0	591
40	591
10	0
0	0
0	804
55	1844
98	1904
0	1904
1973	853
0	278
0	569
0	2139
0	0
0	2
8	754
1106	1160
5	429
62	2538
251	447
0	57
201	429
0	0
62	193
30	234
227	181
112	381
0	1207
1679	4577
0	4576
0	2559
0	3084
2031	3467
0	1101
23	2153
0	733
6569	2505
5	2496
256	2280
0	2280
0	67
4	15
0	64
2733	1
0	0
0	0
1692	7
2541	750
12	534
0	794
401	6191
10	5389
0	0
0	340
0	343
0	368
0	359
0	1063
277	1063
5	0
0	521
0	104
49	561
0	92
0	0
396	0
1331	40
100	675
0	56
0	48
86	723
1226	1
13	39
0	39
4	0
129	102
0	102
0	0
4372	1441
33	757
2	682
18	0
0	0
10	0
1900	0
0	0
4042	3141
33	828
0	30
0	828
12	6
450	15
7	15
2085	9
2835	3
1993	1095
0	0
69	2547
79	471
3	114
0	471
3188	0
0	431
406	681
0	1
0	3
103	5
0	5
0	2
0	5
392	0
8	18298
12	4552
65	3267
0	1585
357	2918
23	17475
0	17359
0	297
126	778
0	656
32	0
0	0
10	2432
0	196
298	3504
9	3504
1	0
44	218
0	702
6	702
0	2
0	2
0	0
0	0
158	0
165	272
0	267
0	28
59	0
0	36
0	36
49	0
1242	4
112	182
132	81
0	81
0	33
0	0
16	1625
0	1673
0	1572
0	1607
0	1631
122	249
0	0
10	0
5953	5
39	43
2566	565
0	565
2117	40
0	40
909	0
0	0
0	0
0	0
3473	6
21	258
1195	3266
9	0
41	529
5729	1725
2788	4
19	8
13071	13
212	1
0	9
22	60
97	154
0	0
0	18
0	31
0	26
0	26
694	1
5939	5
7	1633
280	552
0	68
0	507
75	29
0	29
0	5
6	5
2	0
1405	2178
0	2181
0	2181
0	1814
64	1500
0	1512
403	154
45	154
0	899
266	4638
3	4788
7189	15314
50	234
0	234
0	234
7	0
491	1313
0	1313
1	465
119	465
0	0
0	2
6	2358
154	174
0	174
0	0
0	0
0	0
0	11
2	0
0	62
0	62
0	62
0	1792
0	424
0	2703
54	2689
0	0
375	53
0	53
0	8
0	3
0	5
0	879
0	1643
0	1707
3	11
0	11
638	78
0	38
13	66
0	66
466	2149
0	96
48	3
23	3
138	204
18	213
0	169
121	1847
1	1463
0	65
64	103
0	128
0	0
0	0
0	108
1069	1832
0	3630
432	3651
0	177
1	158
16	79
0	464
1	464
2302	2
0	896
58	896
1152	1
492	4
6	0
1115	233
0	0
0	160
83	160
231	1293
0	1050
7	1199
508	103
0	653
162	93
217	748
0	653
532	7
2	14
0	12
0	12
0	15
0	10
10	555
16	49
623	555
2	0
2915	474
0	19
0	459
299	309
0	309
23	2
203	1131
48	231
7	364
0	989
0	9
0	9
5042	4905
9	4905
130	1
0	0
1628	886
0	124
3	312
0	483
0	1125
212	1125
266	0
32	199
0	199
0	0
2745	6
393	1150
284	1410
4949	10
5	29
44	0
0	29
44	75
0	75
225	683
0	40
0	683
0	0
0	0
0	0
12	3
0	1
0	12
5	471
29	578
1	366
0	76
255	76
33	48
0	0
0	7
0	48
0	32
15	32
52	117
0	117
1188	1
2	0
17	0
1397	810
5498	4
391	0
9	651
0	619
0	58
0	567
0	710
12	237
0	62
0	398
0	655
998	993
0	993
0	1024
0	8
0	2495
676	2495
8	6
0	6
7	8
1	0
242	1699
0	1878
0	1530
1322	168
8	163
6	64
54	1667
0	306
0	1658
0	1615
0	5
58	5
0	543
554	3419
0	1294
687	3087
0	480
0	1190
0	1423
0	42
0	4
0	3
0	11
0	2
9	35
0	31
7	1
0	13
0	13
0	0
6902	245
398	241
42	0
0	0
135	103
0	103
0	0
26	0
1088	123
140	118
819	1
0	507
189	771
78	771
7	7
0	0
71	7
0	7
800	1629
84	1621
0	24
3	38
354	14
0	14
38	314
0	309
0	314
1112	9
0	270
4410	270
300	0
15	109
1149	2574
4	275
5	170
36	2460
0	32
0	85
24	592
0	23
0	574
0	359
56	0
63	100
489	1529
488	10
102	1521
0	19
1682	0
862	0
33	932
0	137
6	935
0	0
20	31
0	31
0	0
0	0
2	42
881	1102
0	1102
612	2910
0	105
0	5
221	7
617	2916
278	2
0	5803
181	533
7043	5717
182	0
0	0
2125	1224
0	48
0	69
0	58
989	0
642	0
0	0
0	0
200	0
8	0
0	0
870	0
0	0
2020	10
19	0
0	291
122	291
0	0
0	0
0	0
0	0
424	1
119	101
3	101
84	5
0	5
0	63
416	63
459	2
47	5
287	871
0	869
0	3
506	654
0	653
0	117
613	1061
721	1252
3	18
14	173
0	151
0	43
332	309
0	271
0	183
0	0
0	0
24	41
0	25
2	38
0	0
69	151
0	17
0	17
0	0
221	22
77	275
142	297
12	482
14	467
5	37
805	2
10	0
2396	162
0	159
0	29
10	29
5	489
82	453
269	0
2706	935
0	8636
12414	18435
6	14023
78	1609
0	1651
0	333
12	1657
53	136
0	44
0	136
21	27
23	27
6	39
0	4218
0	2277
9	7794
8930	10729
0	4430
664	506
1	506
4104	60
0	0
0	120
112	120
205	13452
21787	13485
37	561
0	532
0	11
191	47
7	47
0	7480
0	1247
3	7376
0	7227
0	7082
1771	379
0	374
0	1
0	90
0	128
0	142
484	223
0	130
0	19
11	19
0	0
118	380
0	45
573	1144
676	6
0	6
62	278
0	278
4	0
0	0
0	0
6	0
3	0
725	2278
0	2275
365	182
0	11
0	0
4	81
0	70
6	41
0	3
0	3
0	0
164	1484
1688	1488
1592	1341
0	0
0	0
1256	2
3233	0
0	1297
11	707
865	94
1522	92
33	97
0	11
0	123
0	130
0	0
0	0
22	0
45	3253
0	3168
0	3253
0	3251
0	0
6874	3923
0	3915
106	239
5	239
0	175
447	0
0	15
0	15
0	1088
33	122
853	1088
0	2
0	0
543	0
7	0
0	0
554	0
7	213
286	354
0	275
0	809
35	815
0	812
3	23
0	25
0	20
831	0
1997	258
101	252
0	0
1	138
639	139
0	0
0	0
0	6
0	6
10128	6
1	0
393	770
23	0
131	0
0	0
262	3242
222	3242
374	149
0	0
2239	2553
0	2161
8	2209
0	754
147	1625
12	1159
0	978
401	0
0	144
0	27
0	140
13	144
0	115
0	0
8	0
0	192
0	1022
0	3695
9	3376
148	2814
0	43
0	2771
0	0
478	1454
20	1605
4	5898
42	569
3	644
0	726
53	5855
17	1721
0	20
0	1920
0	928
0	0
0	0
1455	491
11	491
0	0
8116	3503
0	3
0	0
0	0
0	0
0	0
0	4
0	0
0	9
0	4
9	0
0	622
103	691
0	0
1043	5
0	0
0	180
13	172
38	0
0	112
24	1035
0	1035
5	1033
26	228
0	6
6	1029
7	3
0	1768
1931	2229
0	787
44	391
45	0
8	164
0	0
300	1263
18	78
0	1031
0	999
0	1230
3093	0
418	197
0	197
0	0
2	20
0	20
0	3
1	1
192	3
64	9
0	9
338	1078
0	365
10589	913
7	316
18	7513
492	8811
71	1617
170	1671
0	28009
414	25604
4167	6
0	135
0	3440
147	3753
22	3027
0	233
0	2
0	2
17	8
239	37
1059	300
12	272
14	23
8	0
0	109
314	109
0	109
696	4027
302	4029
6	3750
121	0
0	0
0	0
0	0
0	0
0	6
0	0
0	6
0	37
41	3095
0	387
0	2978
10	172
1	46
3	172
0	35
9	0
0	0
0	35
18	0
0	0
23	0
5122	4
2025	1
829	9004
2	1492
6	145
4	8978
848	469
47	52
0	29
0	52
529	0
266	3639
0	848
2	3157
83	8
410	540
44	361
0	522
341	0
827	5978
0	204
9	2226
0	191
0	4729
26	0
2076	0
2448	13839
205	1554
0	165
116	13151
75	1219
6340	2757
0	2651
0	921
0	46
27	885
31	825
0	48
11	844
5	864
0	924
79	50
0	50
6	11
1	11
0	0
3	19
0	31
0	10
193	60
0	1
0	1
0	1
5393	349
0	332
166	0
0	0
0	0
0	0
0	138
132	138
1913	270
3	16
11	265
972	1732
0	1147
88	1680
941	0
1	1
472	2599
1	2599
12326	68791
53	67909
5223	2667
0	2658
7	0
811	253
71	1018
62	1018
913	0
0	0
10	4
0	4
3	0
0	0
0	0
68	330
9	329
0	0
764	673
0	673
227	0
0	774
45	1091
2751	1085
36	5751
275	8644
0	8345
13393	28
0	0
8	21
71	21
163	0
3	0
11	23
86	0
5	0
105	1161
0	137
0	1161
1153	0
340	154
0	154
189	4045
0	4045
0	0
272	0
0	0
0	0
0	460
2246	461
119	0
0	0
0	0
2689	19
0	13
101	0
0	143
0	114
0	128
260	0
853	102
0	5
0	10
0	9
36	30
188	555
0	555
33	161
0	666
38	107
0	713
0	665
41	29
0	23
6	15
352	294
400	0
0	0
0	0
2	0
43	0
0	98
183	517
11	168
9	17
0	517
88	0
0	2038
41	2046
6	694
340	53
0	1465
3362	2495
30	2390
0	0
67	0
0	1
0	0
0	0
0	0
16	58
0	45
35	62
3187	166
0	0
0	0
126	48
0	48
9	379
7	12
852	0
159	811
2	83
695	84
186	86
28	224
0	113
9	0
0	0
0	0
0	0
44	369
14	498
0	161
0	498
13	0
1178	1
0	0
166	753
0	1349
0	232
3218	1354
0	0
0	7
0	7
187	52
24	54
2492	841
0	779
5	62
51	235
12	235
22	1186
0	337
8	1107
38	186
57	186
0	33
440	0
57	2086
0	2180
0	1057
0	2180
79	610
13	610
35	2222
0	530
33	1909
2	9
0	9
34	0
28	43
0	43
0	130
31	106
0	117
0	112
0	0
0	0
550	306
0	539
20	339
0	436
0	210
133	775
0	6
961	563
0	563
7	0
24	20
0	56
1194	577
0	89
46	1
312	723
17	363
0	200
0	331
0	172
0	0
1936	1
2091	5044
0	7
0	0
0	8
0	33
0	33
306	376
0	0
0	376
5	357
0	609
37	629
121	682
0	22
58	22
264	0
157	161
0	161
5	156
0	156
854	482
4	482
136	752
3	772
3	72
0	64
0	60
38	185
42	168
27	177
0	148
0	177
76	0
1	186
0	186
235	148
0	26
0	73
0	64
0	64
32	54
11	11
172	61
0	113
7	13
1	73
0	11
67	70
66	78
0	75
1239	3
20	0
338	102
31	3
10	1380
0	1380
0	0
675	0
0	0
15	1
20	47
0	47
0	924
0	800
0	905
10	968
0	10147
8233	10166
7	48
0	48
113	491
0	80
14	507
14	3
0	343
0	346
0	6
0	6
316	1
3	18
3	33
0	33
90	35
5	21
0	0
0	17
0	30
20	214
0	336
1366	1769
145	1776
0	625
4	377
0	262
42	5533
9	421
0	5355
6	0
8041	2
545	0
19	0
0	33
0	33
7	0
4	110
0	216
30	286
1792	0
405	0
19	0
0	82
72	82
652	2793
312	2352
27	50
0	50
1627	1
0	0
0	0
6	149
0	106
0	124
0	98
460	569
2395	578
162	0
0	0
0	0
0	0
0	0
281	0
50	43
16	43
0	0
0	13
54	10
2174	0
0	0
1160	3
0	100
0	31
433	131
175	6
0	607
638	994
0	562
0	0
45	363
414	507
0	456
27	97
0	0
59	0
0	0
63	1018
123	1018
604	0
0	0
0	0
1905	264
0	264
1742	2
17	1007
4	1007
0	0
6	0
375	0
79	445
0	445
0	0
0	51
1	10
0	321
83	618
0	538
0	0
0	401
0	401
7	207
0	49
0	0
0	0
0	0
0	0
0	352
0	48
0	105
0	9
5	21
0	466
0	466
0	0
0	5
44	5
4553	28
14	22
0	90
0	87
0	85
0	64
64	89
2	0
0	0
20142	3539
0	3320
0	348
0	3392
0	3150
61	532
0	453
141	319
0	86
36	319
2	0
11	569
4	507
8	567
7262	9
7	261
37	953
0	256
9	1023
53	1175
20	1247
1345	1528
0	1467
4	0
0	89
24	89
0	89
4314	2187
57	402
0	2185
0	107
0	202
0	202
9	51
0	118
47	183
0	41
5	29
0	25
9	37
12	164
228	164
82	33
18	33
0	242
0	5
0	35
7	111
51	728
0	584
11	726
0	0
0	0
1113	4
0	20
0	0
0	34
0	114
0	56
91	170
0	255
1690	1224
0	326
52	1270
355	120
0	117
0	0
5	0
10	1422
3528	1425
2	0
64	0
0	0
0	0
2152	0
152	18
19	18
0	25
2291	288
1	288
350	246
0	246
0	138
0	32
7	218
0	292
4	274
0	231
0	292
37	0
2275	1181
0	1175
2	0
0	0
357	576
0	576
741	78
1	78
36	621
162	622
2887	685
0	679
468	475
13	475
344	5
75	114
0	114
0	1145
18	82
79	1145
5244	11
3458	3095
0	4
0	42
3	43
88	1407
0	1505
3248	2022
0	0
0	4896
27	4361
0	1225
677	2296
0	4
12	0
9	51
16	0
0	51
0	0
22	17
470	3407
24	595
0	5
0	3406
0	34
6	67
17	239
0	239
0	4
0	4
0	32
0	32
373	62
0	62
0	2731
9552	2742
0	0
0	0
0	0
0	0
58	26
30	295
1	295
28	238
910	965
0	964
707	181
0	180
0	511
245	2343
0	4
0	4
8	0
44	152
12	152
8	23
18	23
78	85
0	535
208	535
0	284
134	5527
35	5773
222	0
200	0
7	0
0	1908
4138	2550
0	1612
1	0
0	336
0	342
0	349
0	0
611	515
32	15
10	90
37	159
414	159
82	0
3769	7
525	2
622	0
685	515
0	335
0	333
0	6
0	6
0	7
0	0
0	7
810	133
3	132
727	327
18	327
446	0
19	0
538	220
10	226
48	0
0	53
58	579
6	579
208	279
7471	3357
0	3332
110	80
26	65
0	35
0	58
299	4
0	4
3	2
0	0
23	223
0	223
2	259
0	259
0	259
10	250
579	0
5	4
0	0
0	4
0	0
2	380
0	367
0	0
0	0
0	0
16	18
0	0
245	2380
1377	2387
0	31
11	100
0	0
628	0
534	1
589	783
26	42
0	42
0	7
17	0
39	818
0	116
0	810
0	0
0	0
0	0
0	71
0	6
0	26
845	0
0	60
0	1448
183	1507
0	0
0	0
2	0
535	323
552	0
21	17
0	3
0	249
0	1361
413	1368
0	713
0	0
399	345
0	345
0	124
801	1315
0	405
0	1047
20	1290
38	34
0	0
0	3412
0	736
39	3412
168	33
0	0
578	118
15	72
0	72
50	35
0	0
0	0
0	0
0	0
248	1323
0	1323
13	482
0	482
0	0
0	0
184	112
13	125
66	293
9	209
32	293
0	0
1044	227
0	227
0	0
0	0
1	109
0	115
0	110
0	135
5408	2598
2	292
0	2480
1886	0
46	306
8	306
0	7
0	4
0	3
0	0
0	1950
1915	1952
0	582
3	110
3	521
0	0
0	0
0	203
683	3267
4	109
144	3168
4922	1
7	0
0	889
1	134
66	120
0	91
0	61
8	843
191	249
0	249
5	34
106	509
0	509
0	8432
3982	8433
21	86
0	86
602	4
2066	5
164	363
783	363
1214	6
96	99
24	41
690	4205
94	4203
1	44
0	44
26	0
0	0
91	195
371	2210
140	3479
1303	4353
0	1213
3	35
0	0
0	904
37	162
12	929
644	1833
2894	3087
546	3087
0	50
0	50
0	0
0	0
0	8
0	8
140	182
0	182
6	4
6581	8
0	0
67	229
397	550
0	481
16	2
0	2
806	0
925	2
164	986
749	986
0	3
0	0
2	0
643	4
549	156
619	0
1743	681
0	680
0	0
0	14
0	17
52	31
16	0
0	283
308	283
1234	340
2	340
0	309
104	3022
673	2898
5	2934
0	2960
494	0
20	86
0	46
152	87
179	1253
0	345
30	1184
0	1322
630	1796
0	1794
80	649
0	67
71	655
0	0
9735	11
6	1019
4	1019
1	12
0	361
124	361
0	73
0	42
0	30
169	42
0	0
2184	2
107	1682
58	1682
19	110
3903	147
0	146
0	0
0	0
2060	0
5	0
0	0
113	403
58	403
45	139
2	139
2	0
0	0
0	0
1984	740
79	305
0	68
1295	261
0	261
141	3667
1	242
8	3571
204	794
24	724
0	584
0	0
0	0
0	0
30	32
0	0
3	80
8	78
22	126
0	100
24	100
0	0
4	16
0	16
100	160
0	224
0	207
660	1
924	1
239	485
4697	489
635	0
0	16
0	29
74	29
448	91
0	90
4	0
281	918
1564	918
0	0
0	0
2	2
0	2
0	0
7	850
0	2
1	850
0	282
0	36
9	13
0	285
0	285
0	179
0	277
0	274
0	0
0	30
0	147
300	177
92	375
61	349
0	156
0	0
0	0
0	0
54	345
1447	347
779	0
5	5
0	5
49	0
0	0
71	0
5	2145
0	2772
971	3241
0	3918
0	2459
0	379
85	45861
354	4713
0	45309
8	44399
1132	45043
0	0
2	0
0	0
0	4
0	4
511	1357
28	412
7	412
0	21
0	32
0	30
0	6
0	2
0	0
61	121
0	121
662	2100
5	63
0	77
0	78
0	77
0	18
0	40
399	40
746	205
0	0
0	0
0	0
2545	483
0	472
13	237
56	590
1	590
0	9
0	9
141	278
2	3692
2	3710
21123	8633
1	1360
7	1951
242	2151
0	746
0	2151
312	0
467	6914
2524	6922
32	278
0	34
0	0
0	0
82	0
388	395
1225	395
182	0
1171	2
8	0
0	2
5	0
23	3532
0	3532
1	467
0	24
5	1047
1480	1682
0	1434
30	1056
0	8
11	1061
0	0
1	0
140	0
35	1702
0	1702
1	13
0	205
0	44
0	69
0	73
0	186
0	189
139	0
454	1069
0	1069
0	558
35	365
6	373
0	373
0	8
11	276
1902	1
0	281
0	229
1554	374
1096	282
0	911
0	276
0	349
269	6001
10	6242
9	289
4164	302
163	4564
1	4562
0	4406
1599	4407
6	0
0	235
0	0
0	170
0	161
11	484
0	512
386	493
417	71
2818	0
10316	3629
0	3625
0	2787
10	3282
3	1034
9	5471
0	1421
61	5764
5	0
141	1322
8	455
0	1322
42	61
13	61
16	1602
303	1753
189	22
19	0
1	0
5104	48778
2	150
21	170
1815	170
415	0
0	16
92	43
0	43
4	71
207	71
0	102
27	556
0	3568
0	2145
0	1463
5	514
1	103
0	335
0	3454
0	3592
0	3822
57	141
8	297
11	0
3	115
0	142
2273	751
158	760
0	10
42349	35553
747	28166
1473	30404
0	6498
258	528
0	528
21	222
0	219
457	0
277	352
180	352
155	0
3	181
5	56
0	0
0	0
1	6
27	6
41	147
0	2
26	19
233	2699
105	2699
0	0
0	0
1351	116
0	116
6961	14
21317	40
1468	36
0	36
0	68
0	75
0	10
5	106
0	13
0	65
0	23
6	24
0	24
0	12
0	17
0	23
85	1028
124	1051
0	0
64	491
0	491
743	3
0	5
0	48
0	48
0	0
0	11
0	10
0	33
129	1082
1044	1085
40	434
79	434
6	194
162	304
2713	1
126	1666
545	1662
0	0
0	0
11	3
0	0
0	3
11	47
40	47
3231	1
34	0
246	2736
825	2666
26	70
528	0
61	14
1250	17
4141	1644
213	3
13	31
98	5066
100	4987
0	14
72	333
0	333
130	2324
308	2324
0	400
22	241
8	403
0	400
0	0
3	0
6720	13
1246	332
0	326
170	0
275	3
0	4496
0	4472
0	4264
665	6186
0	0
0	0
497	259
0	150
0	258
1436	396
0	396
1408	1
0	0
0	0
0	0
0	0
14	32
0	32
0	2
127	848
28	848
0	106
0	0
3	0
89	0
71	4659
3801	5274
51	3473
0	24
0	24
378	1
1375	1
15624	13344
504	307
0	307
42	1158
0	1158
2330	3138
65	146
0	131
1652	0
249	663
24	622
0	125
0	144
1323	309
0	79
0	91
0	288
0	217
0	53
472	22
0	19
1935	6870
0	6870
4	0
38	29
914	29
1197	1196
611	152
0	82
0	104
0	272
1027	272
148	93
0	0
0	0
0	14
8	11
0	342
2	307
0	112
314	235
2897	379
0	379
5891	6
331	0
16	773
26	773
1272	206
0	71
0	9
23	72
0	0
42	11
2	11
36	1023
0	168
0	930
3280	3
11	1407
0	298
0	1300
0	940
0	450
0	603
103	603
3	2
0	2
63	0
179	361
44	361
11	11
0	141
0	7
0	498
0	13
0	684
0	625
0	673
10	0
0	0
1040	396
0	63
2	11
0	357
9	6
396	765
0	190
5	765
356	3
6	3
12	75
0	64
14	355
0	341
1	1
0	1
8	0
246	14632
862	14633
29	14559
558	320
250	0
186	54
0	13
0	0
0	0
2	45
0	45
0	13
0	15
0	18
0	16
3	0
0	0
0	0
99	160
9	25
138	167
2	142
64	1102
0	1102
2	0
13	114
12	42
0	42
0	82
123	82
0	0
138	60
1	60
0	1985
0	2938
6	2840
0	3023
0	2854
0	2863
0	2071
259	12062
0	2518
69	11273
0	10323
1	6856
9867	12067
5	91
7	94
452	7
2	1146
0	1028
50	6248
153	1903
0	3823
29	6168
2604	0
1150	2
0	669
9	1927
3	2219
50	514
3653	6057
19	1343
1	1325
0	142
67	5902
0	5061
14	5895
892	2216
0	2214
3	232
356	345
2	111
4	2
0	2
16	0
0	0
0	0
219	11
0	95
0	413
22	1769
0	746
42	1774
90	142
253	426
0	561
62	562
258	197
187	197
0	3
93	143
0	143
9	53
1480	0
0	9
9	9
0	46
0	46
610	469
0	228
0	3
0	3
0	3
1	2170
200	2171
0	100
45	153
0	168
0	103
8	384
311	943
188	943
108	460
2	290
11	196
5521	4
104	374
0	11
0	357
0	0
0	0
0	439
0	5
407	3110
94	3149
239	0
0	17
9	27
1	186
131	38
0	63
373	338
2	0
0	1798
50	1798
0	140
0	894
2571	10
0	0
1869	5
1250	8096
0	7801
905	3
0	0
0	0
0	2
0	2
113	0
3451	972
0	75
0	30
0	10
0	35
266	139
0	3
11	493
0	171
0	292
1852	2627
0	2313
0	2386
145	0
0	3
146	0
38	0
0	0
4	8
0	16
0	16
0	111
0	95
10148	5
579	810
144	255
0	186
8	0
0	2
92	231
0	39
0	224
0	210
0	217
0	6
0	14
1	182
0	14
4846	9902
1	1330
0	0
0	0
0	0
1140	0
0	0
0	0
940	582
256	530
0	144
128	908
0	1728
62	1609
41	4806
0	10405
1253	11826
34	3516
18	256
0	0
0	0
431	0
0	3
0	0
0	0
0	0
0	0
5500	989
33	982
0	3
0	12
0	36
2	41
313	116
0	116
370	201
0	196
9	213
42	213
0	1
0	1
0	1
0	1
306	141
3	166
23	0
77	41
31	0
0	0
256	0
94	32
0	32
1429	240
0	115
1	40
0	130
2	1713
0	1539
0	75
1	1950
0	1713
0	1957
38	2026
0	1656
43	0
2776	6778
3	6774
0	135
1	0
30	858
0	773
76	880
347	1319
0	1319
7	77
0	17
19694	41907
0	0
0	0
0	0
2223	1433
1	1436
0	1436
4	0
16	0
0	4
0	4
89	345
0	95
0	341
0	334
0	19
3	19
0	102
0	78
4528	4
156	547
172	547
23	0
107	1133
0	1133
21	760
0	41
19	149
0	132
0	54
146	436
0	187
56	112
47	0
67	84
0	461
78	0
35	62
1	199
0	185
24	723
25	665
239	922
311	30300
0	30199
0	9920
0	11383
0	10888
19	100
49	151
340	1711
6	641
0	1711
35759	25
0	0
0	0
1	0
108	79
0	3
0	3
0	76
0	2
44	2
0	287
0	153
0	5
325	611
0	246
0	13
3321	460
0	279
4	194
0	0
0	0
0	1539
923	1539
561	1001
3	1001
111	0
0	55
62	100
7	72
342	223
0	0
2	184
0	43
57	0
1828	3
922	0
681	1
6	0
419	1
118	14
0	14
0	398
580	398
2266	14
1006	197
31	164
0	0
400	158
791	0
0	0
0	0
270	324
0	741
0	188
0	645
0	587
0	596
0	587
53	0
0	8
0	8
0	8
440	0
61	0
54	58
0	58
0	3110
0	110
239	3110
1	0
2579	0
3	3
0	3
0	3
0	222
0	232
304	234
12	12
0	12
13	0
6385	16
23	0
0	373
839	594
0	145
1118	145
0	34
0	40
0	40
0	0
0	1
0	1
0	0
0	0
0	1
3	0
0	0
0	0
99	875
0	875
191	117
11	121
17	60
1079	4040
0	121
0	475
1	279
0	3319
0	3365
24	3214
56	4090
677	288
0	157
20	235
0	3
0	3
17	6
32	16
10219	16
0	0
0	79
20	79
919	0
926	0
10	229
109	700
225	801
0	525
133	160
0	16
0	91
0	11
0	95
0	14
13	46
2	104
0	18
7	11
196	415
0	120
7869	11
1396	1019
0	1017
247	1103
284	1105
603	1011
13	30
45	30
0	9
146	638
0	638
0	66
0	81
43	837
489	838
0	23
110	23
44	204
53	0
1	861
0	722
1593	1524
7	2479
395	2435
0	2175
1077	2145
0	3
0	3
0	0
0	1071
0	1107
53	1107
602	3663
557	3664
5	0
8	359
0	3
0	356
399	3
0	26
304	31
5	165
3242	0
660	0
45331	54
8	0
808	61
0	59
9	0
23	38
0	22
120	740
196	740
31	31
0	31
6	52
268	1096
45	1096
1082	944
0	128
0	889
0	873
0	723
0	323
0	859
5	70
7	70
47	38
0	38
0	116
0	743
9	750
0	522
27	608
486	36
0	34
0	0
1020	2
49	89
88	89
621	132
58	0
6	0
0	0
13	14
0	14
0	3
0	7
71	10
436	679
0	679
10491	4
0	0
0	0
0	333
0	601
0	580
5	350
0	3
0	616
52	1044
22	932
51	628
0	0
0	0
2342	345
0	265
0	183
0	0
0	0
2556	991
0	224
0	766
0	0
0	0
0	0
2	0
0	97
0	0
0	6
106	158
9443	12226
0	12083
6	8009
0	131
528	137
0	67
0	0
12943	27
148	0
10	0
335	452
234	28
31	0
2275	3185
260	0
4	422
18	918
0	494
744	1086
794	1050
2194	1051
0	0
6	84
10	54
0	48
6	54
8634	5
0	0
0	0
111	0
60	2
56	2
0	0
0	0
0	0
375	1044
1886	0
1337	0
148	80
0	80
0	7
6	7
375	771
0	214
14	1964
5	81
0	67
0	2809
0	2771
0	1363
0	2877
130	0
984	1371
4	1369
4	1369
0	1369
2	0
7	5837
75	5837
696	5031
1802	9572
6703	8592
0	18
42	18
6	3170
3	9163
35351	13270
0	4022
1870	0
0	874
888	877
0	15
11	1053
0	23
0	945
0	1095
7	1090
534	0
0	0
0	0
2301	1
12	887
0	1023
619	0
1389	3
0	119
28	89
0	22
3	169
620	217
0	77
0	113
0	169
0	0
1	0
2	39
0	0
0	0
1314	1
0	0
0	0
0	0
0	0
0	0
0	0
0	0
17	0
0	0
25	158
0	158
0	217
379	223
0	0
0	918
296	918
0	0
0	2
0	0
86	0
136	351
0	10
3	347
0	349
0	351
0	302
0	345
0	0
0	0
4	0
10	6
0	6
60	0
0	0
0	706
0	630
49	3632
4	3775
0	1045
0	662
179	433
0	394
0	5173
0	4659
0	4666
0	9675
0	4967
99	4629
7	8774
6	8685
0	9110
0	8849
4176	103
0	100
1165	746
0	745
71	297
0	297
10	250
0	0
0	0
0	0
11	0
1271	0
4151	22794
832	23178
281	22421
31	624
18	14048
3	0
0	0
3	233
1080	1121
80	673
0	768
183	0
386	0
1	0
0	0
1288	3
0	0
664	2
4	1
4	6
12	6
197	41
0	65
0	65
0	3
18	3
57	1412
5	434
1457	1335
0	0
631	86
0	86
3	13
164	72
0	72
13	0
0	2
14	10
0	8
0	1
1146	3
181	143
34	143
5	0
36	0
8	0
180	0
410	10
201	742
0	149
319	708
8	511
7	26
0	21
47	20
0	0
11	34
0	34
0	333
685	1587
0	0
8	0
13	43
0	103
1	103
474	4
4902	4
0	0
0	0
8	31
0	35
182	0
1299	1
0	0
0	0
22	0
0	181
0	158
38	181
219	0
0	0
154	5
0	0
815	501
0	501
151	1685
14	222
60	222
561	2
2255	349
28	347
310	50
0	50
170	0
3659	0
0	12
1	14
0	14
0	14
0	14
0	0
1447	2
0	188
0	120
5247	9
23	10
49	72
0	0
0	0
22	20
0	20
0	494
0	159
9	195
276	917
0	0
1073	2
0	444
62	444
88	0
310	0
0	0
0	0
1567	0
137	14
0	14
3028	210
1829	338
0	338
4	47
3	114
0	1057
0	94
0	1061
0	1157
0	1141
32	1034
11	342
0	127
7	127
0	301
461	1011
0	556
0	1011
28	82
0	82
6	82
2194	8
100	1535
36	1535
395	2
0	0
0	0
1	710
390	710
201	0
20	0
293	40
491	3309
0	683
0	0
0	0
0	769
1305	1392
2561	6
536	0
7	682
72	682
48	0
14	111
0	93
6	103
2	115
1	106
286	0
472	0
0	6
0	93
465	613
0	76
0	0
27	0
0	0
66	555
0	50
0	505
177	707
0	707
866	2
32	0
9485	365
0	352
1078	163
0	157
0	4
0	0
0	4
136	36
26	46
0	54
8	104
25	171
4	577
0	45
0	13
86	573
0	0
4	42
17	249
0	249
54	0
76	37
0	32
11	5
36	79
0	7
282	7
191	26
82	26
100	0
787	22736
69	8
236	22751
141	1180
0	0
64	408
462	1780
6	2376
254	22640
0	1405
4	6
54	332
4	132
0	324
238	486
0	110
0	361
86	486
836	3
0	0
0	2325
0	303
8	2325
60	2204
90	167
0	30
695	0
0	4
0	544
5	548
9	27
0	27
13	44
0	23
0	31
0	0
41	0
2799	3
320	0
65	103
0	103
1430	27813
0	27811
0	0
0	229
1045	252
2	104
0	3
1	716
0	407
120	215
0	672
0	604
3	359
3439	1202
1	842
476	0
43	381
0	357
0	357
0	381
937	800
0	24
0	15
0	122
3	122
0	1455
44	1464
516	0
205	251
2200	254
0	8
40	8
0	0
0	0
1	0
63	1195
0	1077
0	1213
0	0
47	63
889	1410
1	1150
0	642
0	697
3	844
12	542
1	152
0	152
0	121
154	93
0	12
0	93
45	64
73	1718
246	367
21	373
8203	4888
861	2806
12	745
0	2494
21	155
0	16
19	0
303	958
3	2
0	0
3	2
162	45
187	117
12	20
0	9
0	20
95	188
761	905
5	899
0	829
47	48
7	47
148	964
0	964
0	963
86	121
0	31
0	29
0	23
30	81
0	80
523	864
0	86
0	362
0	63
0	9
0	345
370	362
28	425
107	461
0	40
0	461
0	10
7	145
0	143
0	134
7	63
137	63
943	1128
6	1128
38	115
0	103
0	28
114	6848
77	2224
0	610
0	17250
11	17034
69	17138
15	15214
0	17509
0	17822
31	348
0	613
0	989
0	88
2147	1825
14	18
0	124
90	718
0	698
0	117
7	1002
0	194
0	1019
0	983
3	1067
12	118
6	118
153	169
0	169
55	112
0	112
0	0
0	2802
0	1405
0	2766
0	38
0	38
0	38
0	40
0	40
211	109
0	109
0	3
374	545
355	855
0	0
0	2
0	0
0	2
0	94
13	174
52	0
497	0
225	0
271	1043
25	1043
1	1373
1564	1216
7	4
0	0
0	0
0	0
0	0
0	1
0	1
0	1
0	1
0	0
1573	149
0	149
51	490
60	58
74	457
0	277
0	261
0	276
0	292
32	0
0	284
0	169
236	100
0	69
95	100
76	147
418	749
0	147
15	315
0	0
0	0
3314	1353
0	1346
0	1347
0	0
0	89
59	89
2617	0
0	0
0	19
0	19
0	19
153	1125
1695	1005
238	0
6	345
150	354
0	291
0	0
6	0
0	0
0	0
438	1172
0	1172
1447	1294
203	1294
8	0
0	0
11	0
20	18
0	18
0	18
17	109
312	56
0	56
124	0
41	0
4	39
4	39
0	521
945	524
67	70
0	70
0	8
0	158
0	26
291	1973
28	1932
5	3294
0	1985
0	3753
1713	3883
11	3500
0	0
1	283
206	1368
2	1368
16	414
0	414
0	90
0	83
337	0
106	0
46	31
0	31
0	33
226	34
1103	1
46	0
257	255
0	255
35	768
0	768
27	1486
75	1486
302	151
0	149
0	0
0	0
12	0
0	3
0	3
369	0
8850	19
3	4
3	4
0	4
318	262
0	317
0	321
13	15
0	295
4	0
13	0
0	0
0	0
4	0
0	0
6	17
0	17
91	0
15	4341
0	56
68	2011
4880	5473
11	73
0	52
12	52
0	52
0	0
10	24
0	1349
21	155
6	276
12	84
673	4189
0	4439
45	4266
1321	0
9	5
4908	432
0	425
0	152
97	152
94	3806
7	3806
14	0
2	0
186	298
0	230
0	298
0	293
0	235
0	206
0	92
0	22
765	246
0	24
0	67
11	0
17	98
0	236
21	236
16	0
0	2
0	6
19	0
0	0
1186	1743
896	1743
5342	1625
23	1620
0	0
0	0
65	10
0	10
115	513
0	513
1	45
44	46
17	0
0	30
0	0
0	30
133	3407
18	2838
5	834
19	3395
397	0
1312	0
686	2924
3	1616
187	1462
62	368
7	344
0	368
0	0
17	27
41	319
0	81
151	187
0	187
27	1532
0	1740
5	127
2	1601
105	2100
181	1670
428	1670
0	0
22	0
0	0
369	82
204	230
2	219
0	0
0	0
0	0
148	2855
1057	2856
60	0
776	467
0	465
9	0
212	219
4	36
143	298
0	61
141	359
7	7
8	7
32	0
0	453
0	182
4	123
20	453
0	256
0	0
4	20
0	262
155	0
319	3
55	0
1290	589
586	586
21	0
0	0
0	0
0	5
0	0
0	0
0	0
0	5
0	52
75	78
16	78
0	49
0	75
0	0
5	0
252	220
9	220
27	0
22	0
1484	896
26096	9939
0	1096
2036	10039
0	5
3	15
41	15
810	48
5	48
0	37
29	50
17	21
594	21
2114	2
0	236
0	223
0	564
0	951
4	439
0	938
1	712
2	147
0	712
372	2
113	0
0	9
900	9
20	0
8	0
0	0
45	0
0	13
1	14
90	27
2931	0
31	0
0	0
0	0
4	17
0	0
29	17
49	319
769	319
4	1755
0	3046
20670	3698
11	1868
486	0
1009	178
0	62
28	163
0	62
34	24
0	24
0	0
410	656
0	656
0	86
0	210
0	4391
62	4391
0	0
0	0
129	17
12	17
0	4
0	5
306	2
0	360
823	360
0	441
0	198
187	441
120	0
0	31
55	470
10	458
0	0
636	0
0	55
1	210
0	184
76	448
0	108
0	100
59	436
0	122
163	0
0	0
0	0
545	146
0	146
832	4
229	0
5	118
12	1
73	547
0	0
0	0
1184	0
0	0
0	122
1	134
596	183
1	116
0	116
10	2
0	2
0	0
3	91
74	141
0	26
50	277
0	188
867	302
171	0
784	2
0	33
1	74
1153	75
533	0
93	158
6	158
0	0
315	3948
0	1159
123	3828
916	0
10	208
776	4065
0	4059
9	3321
0	3318
19	0
0	0
0	3
0	3
0	0
5	0
0	2
3	2
140	0
0	0
0	2
0	7
0	7
0	0
16	113
44	16
0	16
67	180
0	180
185	0
59	571
5	56
2	571
0	0
0	0
2432	2177
0	619
112	2227
0	2227
0	964
177	964
297	3429
0	661
6	3421
9	3421
5417	1351
1	1347
38	721
0	191
0	703
0	699
34	543
3	232
718	731
2956	1001
0	997
19	9
0	9
46	0
0	0
147	187
0	187
601	903
0	5
0	1
0	903
0	43
0	137
0	84
0	726
6	128
741	648
179	6
0	4
0	0
0	0
0	0
0	0
712	0
0	0
0	1230
0	1408
0	9
124	600
0	588
804	975
197	0
37	243
0	58
556	63
2097	4
0	0
0	0
0	1296
1635	1322
1	837
1	190
4	4
15	4
453	810
0	22
0	810
0	0
0	0
0	7
0	7
56	193
0	20
0	186
0	51
75	51
413	370
0	24
0	0
0	205
59	354
0	172
71	0
109	0
44	106
2	35
0	0
0	0
10	90
37	360
279	450
110	212
0	0
0	0
272	0
5	0
0	0
121	360
3256	1075
0	294
0	294
22	0
0	330
0	128
0	150
5	18
748	0
7312	13
0	0
0	24
312	872
65	872
676	0
622	128
0	0
72	94
229	137
0	4799
3891	17011
0	17009
362	530
3	320
310	9
384	0
57	1060
511	1060
18	1
0	1
0	1
0	0
8	0
0	0
0	0
0	0
0	1
0	1
0	1
0	1
23	0
0	0
25	0
6	23
577	30
0	4
4	3
0	0
0	0
0	0
7	21
2950	1014
8	59
1025	5573
0	5693
17	19
1983	5718
0	925
0	0
351	226
36	226
445	179
0	177
836	253
1256	1167
0	449
84	1032
26	0
0	100
7	596
383	617
14	0
0	372
346	1238
0	1233
4	129
0	0
217	274
122	274
243	0
209	1
0	295
0	367
112	1111
18	425
0	0
82	0
0	0
1831	0
344	0
31	0
7382	4860
0	3156
0	1651
0	117
2158	119
0	244
40	244
89	3
274	779
18	779
370	1
1060	71
0	13
2	56
97	0
778	0
0	74
4	702
21	702
0	314
7	3
3	326
0	1712
0	434
0	557
0	1756
0	1853
0	0
270	4444
0	930
76	145
824	4944
10	83
41	83
723	3
0	3969
15	2157
0	3685
0	3633
0	3969
147	2233
0	8694
481	12847
0	15159
531	14664
563	2
0	6
16	43
969	0
1429	696
1524	696
202	2895
0	799
9	10
8	2887
0	2673
39	0
251	128
0	96
0	32
0	26
0	31
598	66
0	63
0	26
81	9
200	674
0	666
1	1027
0	4088
373	8131
0	1620
0	4917
0	6389
382	0
4	687
261	2731
0	2048
8	2717
36	86
0	86
262	0
18	3230
116	138
0	2226
12	3314
0	3288
74	187
0	89
0	81
3	187
30	0
0	2
3	2
0	2
4334	8
41	0
9	0
2319	1896
282	1888
74	567
35	567
0	0
3662	3569
0	2177
12	849
3	2707
0	0
77	0
3	0
74	242
38	242
2410	1428
0	1426
0	0
0	0
0	114
162	114
3928	4185
6491	9
185	195
33	0
17	0
21	0
2641	0
830	37
0	37
5	523
57	523
0	554
420	671
0	671
10975	1372
0	792
28	788
41	3
0	1702
29	6183
25	6186
0	7822
0	147
152	174
0	44
0	0
0	683
1300	683
48	1760
237	1760
708	6192
2	6191
0	0
0	0
352	0
668	1015
11	86
18	82
7283	1299
130	1291
0	61
0	61
160	61
0	4815
2866	4820
1252	2
0	34519
18	1378
0	5338
7	32720
85	34139
0	35583
0	576
7	650
0	330
50	344
3	152
19	152
0	151
146	117
0	117
0	0
0	0
0	0
0	0
1250	7011
5955	7031
853	0
682	0
44	8702
0	171
0	377
0	4267
0	8469
0	2876
2629	2890
0	11
0	17
0	12
12	177
0	7
39	272
0	313
5	66
0	196
1686	993
1806	11
0	0
0	0
0	0
10	145
0	34
1501	82
58	76
0	0
0	0
0	0
9	5
0	3
0	46
0	2441
9	2501
0	40
0	58
29	44
0	44
0	0
0	0
44	1524
531	1497
15	1427
0	0
0	0
0	0
0	18
638	2364
1034	309
0	2
0	2
0	12386
3232	22665
3	9584
10	15989
0	15333
0	0
0	0
0	0
154	180
19	180
27	372
12	372
129	1745
231	1572
0	1569
11	1343
12	642
0	610
24	1855
1828	3890
7	113
0	113
194	0
0	0
0	2
20	46
0	46
11	14
0	14
39	7
0	7
15	0
10	500
40	524
1	503
0	0
438	0
30	0
19	0
70	0
11	0
26	0
15	0
53	620
0	53
479	1100
10	1100
0	0
5	1
57	1143
26	1160
6	26
0	106
12	106
0	0
0	0
3476	5
53	0
4317	7
0	0
3	167
0	311
0	61
0	124
2	24
0	24
522	3
0	251
11	2
163	251
57	0
27	4
0	0
0	0
1111	3
0	0
53	55
25331	27
0	0
2	455
0	455
1643	464
759	0
1239	853
0	853
0	61
0	32
0	73
0	51
0	101
88	85
0	60
25	84
0	84
28	797
0	797
93	0
0	0
0	0
0	0
47	0
10	4
5	4
3092	5763
78	5761
0	83
0	94
0	2
21	278
0	278
0	0
14	92
4	797
118	824
4	3393
21139	5503
0	3720
0	2397
830	10754
264	10880
209	652
0	652
0	0
565	1
51	20
0	20
5	6
0	4
121	540
0	73
24	101
0	101
0	0
0	5
0	5
0	0
0	802
1414	804
5	0
0	393
0	262
166	223
0	161
2164	4
18	0
30	165
27	165
2047	1224
0	1224
0	1163
0	1052
2276	1163
170	402
9	0
0	402
60	0
129	1115
159	2
0	0
0	112
0	218
0	127
0	63
5	66
0	200
0	37
9	23
0	33
0	181
0	127
0	212
22	635
702	1401
0	1031
0	1081
0	1032
0	1073
0	0
854	0
2	60
693	0
0	0
22	0
4	254
2	211
693	2366
91	2366
31	11
0	0
0	0
0	0
0	0
0	0
0	0
22	0
354	0
28	144
377	154
0	0
342	1894
0	1894
39	0
0	0
0	0
5	38
3	30
0	35
0	1
0	1
116	1581
1	335
0	139
15	20
87	1561
0	1153
211	304
6	29
0	1
0	1
26	94
0	2
0	94
0	36
0	37
0	37
0	9
492	662
0	662
0	0
445	1
16	1110
0	268
0	1275
16	1282
3	0
17	25
0	3
3	3
6	236
5	236
57	696
425	696
3130	779
0	778
0	6
12	6
0	6
656	3176
1	2761
1494	2821
0	2816
1296	0
142	1855
34	1855
0	219
5	53
0	165
3	81
0	595
3	678
0	690
9	1097
3738	1099
4033	1585
0	1585
373	266
10	0
733	2
7	925
0	502
8	617
0	955
6	491
31	834
0	1344
8	3246
14	1020
0	1455
0	3296
0	1047
0	373
0	42
0	91
0	0
34	133
1	336
44	336
7407	56800
0	8
0	31355
0	31557
0	57336
0	67659
0	64297
0	1812
0	171
0	2245
2	1169
1483	10566
0	1070
0	1256
1	2225
15	26
0	26
277	5379
1	93
6	13
6	5349
15	1069
0	1136
0	1058
0	475
59	6332
31	5806
1689	1
1	0
0	0
0	0
0	0
58	0
736	215
1834	0
6416	158
76	0
287	41
2	41
83	1
467	0
380	2
101	2775
1921	2780
8	26
0	127
0	0
0	0
0	127
36	668
90	668
0	7
0	78
70	85
309	75
0	75
35	0
702	156
88	1373
0	1291
0	1466
261	1
7	0
0	45
0	0
0	45
488	3
102	0
0	0
0	19
0	19
35	43
0	43
103	0
1506	75
766	95
0	95
0	0
0	0
3	55
44	313
17	323
0	281
0	2
839	20
0	19
31	12
21	3
0	3
0	4
34	61
0	14
5	75
3	12
0	36
0	36
0	36
50	0
1840	0
12	84
0	61
31	32
0	46
0	2
0	9
0	5
0	40
3	98
0	9
0	614
513	3010
37	2828
0	3
0	7
2819	2
92	0
458	4078
65	4079
0	93
0	18
50	72
12	143
12	440
4	456
0	456
53	0
29	0
238	0
218	0
86	599
27	490
0	475
0	383
10	383
0	340
2	158
781	465
0	434
0	465
0	15366
8	491
0	1300
14	27210
806	16392
2	27210
0	1
0	0
21	0
2064	1
3	0
0	319
155	363
5	313
0	5
4	247
2	872
127	873
114	621
0	621
33	43
418	755
3112	797
0	0
291	158
0	80
36230	854
0	789
0	965
2525	1427
4	1573
0	1426
0	2
0	0
6	26
0	0
0	0
0	24
0	0
0	0
0	0
0	138
2	3
11	13
36	138
235	126
0	8
0	1
0	19
0	48
30	52
1158	1
0	0
0	11
0	11
0	0
0	4
0	0
0	4
0	6
1	6
0	7
1	33
16	68
0	33
1947	6
501	928
168	1002
9	711
0	338
0	505
0	512
0	400
458	0
3585	9
0	5
0	2
0	0
0	7
5	1
0	0
682	437
0	437
5	1
0	1
1511	3785
191	3785
51	296
0	197
0	290
34	75
1	75
0	0
3714	10
0	0
11	0
271	8
0	8
115	71
0	65
0	12
66	381
0	358
236	358
2	265
11	0
0	0
5	108
127	78
15	659
156	2432
54	2384
23	377
431	0
91	0
0	884
285	819
138	3
79	204
0	165
0	0
0	150
0	75
17	153
5	138
0	140
296	689
0	619
434	604
7104	2666
463	1239
1341	7
4	152
0	258
26	685
30	722
299	129
395	249
0	295
0	488
4	303
1223	444
0	0
0	0
0	0
0	0
2	17
0	17
147	7451
0	7451
281	5257
0	1322
0	1885
73	5256
0	0
0	106
0	46
0	164
1	167
0	121
25	94
104	51
0	45
0	21
25	2569
0	577
13	2831
1	0
0	6
11	49
0	43
0	1789
2451	1789
0	6
0	65
16	47
5	211
90	211
0	56
0	56
1	53
6	0
0	0
724	191
8	1246
0	1244
587	876
0	876
0	660
0	305
5	408
0	347
0	261
0	67
0	42
6	659
5	0
14	245
0	35
0	245
199	0
2873	441
0	440
9	1523
0	1618
34	1547
0	0
0	0
1466	6025
9	6018
4	165
7	159
0	0
0	0
0	0
0	1179
1271	1569
3	1568
0	38
9	38
0	2
0	2
0	2
0	0
8	2
506	4234
81	4234
0	162
1737	164
26	211
9	268
0	250
609	0
119	0
42	2090
84	218
18	2090
0	0
716	0
5629	2049
0	434
0	1756
0	42
5	42
26	193
0	131
19	107
120	129
0	0
0	4
0	4
1022	0
107	320
0	30
0	172
3	3
0	0
0	3
4	0
0	0
0	114
44	920
11	920
121	5
0	5
123	284
0	284
30	24
0	24
456	0
0	14
2	6
0	14
1652	271
8	80
52	0
0	0
0	0
478	1159
0	1159
0	615
0	2196
0	2281
0	1716
0	2470
663	358
0	101
3	145
105	145
288	0
6	67
23	85
3087	2387
0	945
0	2377
0	0
179	0
0	0
0	0
0	0
0	0
0	0
0	0
758	0
1	945
2320	945
1489	2481
0	2480
1455	2109
105	2107
0	399
58	446
0	1194
40	1147
41557	55
0	4
0	4
0	0
0	0
19	2762
333	3261
0	1205
0	59
0	4289
171	4289
0	3
0	3
0	3
282	0
0	0
0	253
0	254
600	507
0	5
56	5
3581	1034
21	904
254	784
39	1
0	1
767	0
8	1
0	0
0	0
1205	329
0	0
0	329
2985	180
4	26
100	0
153	0
32	4699
786	547
0	1434
522	5148
16	1062
30	166
0	27
0	1062
87	0
4	0
256	3
78	15
4	15
0	0
0	0
0	0
19	0
0	1
0	1
1	1
44	9
0	9
708	194
6	198
33	186
1	0
0	0
0	0
0	0
0	0
2822	2
434	98
2067	3
13	307
14	307
372	132
0	132
1396	3
2	0
0	0
0	884
0	0
0	877
83	940
1834	3
0	0
0	0
0	42
16	42
667	207
0	119
0	207
1172	3612
0	3605
0	4
0	4
163	541
449	541
0	10
4	10
0	0
2	22
32	183
0	160
0	169
362	0
0	2866
0	434
3815	2864
0	2260
0	1264
673	1264
0	0
0	0
0	0
0	555
0	874
12	888
0	897
0	903
45	839
18	839
2067	1054
58	533
0	497
50	404
35	5
63	299
0	44
0	205
0	0
221	484
0	484
0	14
0	7
0	45
3	199
1895	1482
0	1437
45	99
0	2
0	118
7	214
0	117
0	0
0	0
283	18
0	18
100	1691
0	321
0	1691
0	537
60	537
0	510
0	67
175	174
0	148
25	142
326	548
3606	1651
0	1649
0	0
91	175
0	821
51	805
0	726
374	726
4	0
0	52
87	521
1015	522
8	429
0	142
0	45
6	429
117	366
7	940
0	30
0	1139
0	1109
108	396
9	396
4010	14
43	0
0	436
0	396
6441	839
0	37
0	82
432	102
0	100
5	0
67	38
28	38
153	1003
104	1003
131	1
0	0
0	0
0	0
0	0
0	7
0	0
0	7
0	5
0	486
157	486
0	0
0	68
6	61
0	19
0	52
332	70
20	927
179	63
1205	1094
10	131
0	1093
21	1858
28	835
5	1858
0	0
174	531
3	117
0	38
0	516
337	228
0	30
16	212
1136	1132
0	1117
0	0
10	22
0	22
8723	3832
5	0
0	0
0	0
0	0
0	0
230	8
0	8
230	32
0	31
0	3
0	3
0	3
20	126
0	126
4224	1
0	9
0	66
0	2
2	64
0	66
487	0
11	0
5371	12
1625	2568
0	2566
3345	2
81	0
0	220
94	220
4279	11
6535	6
167	0
6874	56853
3109	56850
0	228
815	228
879	0
8139	6836
2	6825
0	3
334	0
0	0
2279	1
9815	14
1389	0
0	14
0	14
0	26305
1816	26305
1529	30
0	30
0	0
0	0
464	1974
0	641
0	829
10	1974
152	55
6	12
0	43
19	1917
1065	1917
4	2792
6	2792
0	0
0	0
340	325
0	325
44	192
0	192
204	379
0	379
0	0
397	175
57	175
0	73
0	0
0	0
4	0
0	1552
770	1552
0	0
1877	2
773	136
229	1
216	0
980	0
1928	5
124	3033
2	3033
16	0
11	0
100	205
0	205
0	0
5	2185
0	902
3	1071
0	2119
0	2272
0	1936
612	13
735	3496
1402	2863
296	487
0	477
0	405
8	488
148	1685
215	1685
13	0
0	11
0	11
70	22
0	11789
71	11708
0	89
0	9092
11	0
941	809
381	810
0	311
1392	1873
0	225
0	41
8	202
258	170
2885	0
0	0
107	67
5	34
0	35
0	7238
0	3882
3999	7212
0	7374
0	7374
0	0
0	0
0	12
54	12
0	642
259	2224
75	1639
0	2247
781	2021
0	14
24	1984
17471	12
4535	6
0	26
210	26
71	1610
0	1245
170	1537
1	3311
32	3259
0	0
0	0
0	45
128	249
0	248
187	201
22	201
11	0
497	1
2074	7
105	0
0	41
0	3
0	182
23	172
0	182
93	123
4	123
5137	6
106	759
120	760
5971	2750
4	546
0	611
0	277
7	277
7	588
2363	594
149	387
0	359
540	1
791	1977
20	175
0	175
58	308
0	0
0	0
170	55
2	55
1216	8
0	17
0	44
0	0
0	9
0	37
13	37
6	126
724	13
29	7
0	18
46	26
3	0
0	272
262	381
15525	2370
5	2355
143	673
16	114
60	703
1340	473
0	3
5	201
25	35
0	27
1	209
9841	1710
1	1699
0	0
0	5
0	56
0	55
0	0
0	55
0	56
0	55
94	376
0	123
113	2186
5293	2186
33	6
0	6
0	991
0	208
0	933
12	52
55	103
10	111
0	321
52	321
0	30
8	132
0	4
0	133
0	84
0	17
0	0
0	1529
0	203
0	2556
2214	2584
2972	0
104	5270
15	1418
41	1357
0	11012
4	47
25657	9455
36	1
96	0
102	97
21	0
60	0
42	1
76	97
54	314
0	93
432	0
3	0
1535	497
6	496
0	2
0	0
485	0
23	21
0	21
0	2843
0	7374
11478	9043
0	5455
10	56
1418	966
5	0
681	727
697	728
10	5
2	5
0	0
47	0
8	0
117	561
1	14
5	250
0	57
0	550
22	110
4	110
0	104
2461	106
1942	3
0	0
0	305
84	369
0	2
0	5
206	7
9	1087
346	1087
0	207
91	207
245	624
26	624
0	478
229	3075
0	3075
747	808
0	13
37	12
0	13
27	8861
4940	8866
21	628
0	26
0	621
3103	36
177	42
5	6
0	309
11	311
0	311
7	0
4445	1707
39	1705
137	3304
0	2836
0	3107
11	105
0	5
0	10
0	12
277	0
701	4088
3	132
0	86
0	259
0	51
624	1428
2	669
0	1591
14	1591
611	3
0	270
0	2139
3	2005
0	2168
1106	1617
540	1618
56	187
0	187
0	17
67	189
0	189
0	176
47	107
871	1311
746	0
911	3
14	490
0	594
5	594
6	15
0	15
0	1157
0	61
0	307
0	1427
39	1471
7508	1
4	14
0	14
0	45
0	235
0	738
109	899
0	583
0	508
0	669
0	3
12	3
0	358
3160	753
47	272
0	272
0	4323
9295	4330
0	0
506	0
233	5958
0	6015
0	372
9	5978
0	0
0	0
8	0
0	143
0	155
14	0
0	0
0	0
30	0
518	181
2	541
0	615
6	355
251	0
147	188
3	71
569	3267
0	3267
1071	181
0	180
172	0
7	7
2	18
27	690
297	690
0	0
25	291
0	52
0	291
0	0
6	937
0	102
116	784
0	384
19	815
0	506
15	348
3	22
49	556
0	556
1037	4
3314	10535
0	0
15	10534
40	0
17	475
5	475
0	78
0	65
0	146
0	98
140	323
0	294
2941	445
0	409
1807	103
0	103
32	0
2824	5
26	11
5	15
0	15
0	0
0	0
0	0
38	30
0	30
0	8
0	8
0	0
0	0
0	0
0	0
86	4658
2	4557
0	4668
1516	290
8	288
5	0
10	353
0	353
646	0
11	143
0	97
32	146
37	0
770	0
395	55
0	55
0	738
639	740
0	94
0	47
2	65
608	206
0	0
0	3
63	41
134	670
136	0
46	4
0	1571
5	1677
1	312
4	86
78	86
405	249
0	249
0	0
1048	425
1	5
0	58
0	362
0	10
57	40
0	0
0	0
0	0
0	0
0	0
0	0
0	6
946	6
159	1527
6	1527
0	140
633	463
0	3
2	320
5	56
8	157
0	115
9	469
8	115
820	1078
0	1113
91	1216
1765	105
70	100
46	221
0	76
3	0
0	61
918	61
0	0
0	159
4	0
0	159
8	553
0	351
14	616
0	59
3	59
2	59
0	59
0	23
279	23
15049	1528
119	1516
0	43
0	0
10	467
0	55
0	83
11	462
2	1
30	100
0	1
941	31
7	28
0	72
18	3
74	15
0	2133
0	2128
88	2177
0	321
3	321
14	259
0	0
2149	0
788	1775
0	1774
0	4156
0	475
0	4024
0	4310
0	4178
21	690
0	1748
538	1990
1177	6630
1154	6629
21	94
300	145
3	0
54	1299
0	97
865	1585
14189	1042
4	783
0	239
0	0
0	0
0	0
3	0
0	0
0	0
0	0
82	91
177	163
1140	742
0	742
952	0
0	3456
0	225
2191	3462
0	145
0	0
25	0
26	620
0	620
0	508
4	240
5	233
3	77
0	5
107	1834
214	1834
9139	10147
0	10132
101	581
0	296
35	365
0	112
0	118
0	81
0	113
0	97
0	196
31	221
110	338
438	1712
0	1712
5	735
0	0
0	0
98	0
1376	1333
0	83
237	136
9	136
0	151
0	6
5492	5771
107	5763
48	164
0	0
2	0
1372	0
147	70
0	57
0	46
0	55
284	217
0	146
0	1
2	75
269	395
0	320
357	1503
2291	1506
96	60
0	0
0	0
0	0
0	0
0	0
15	4
0	4
16	3
0	145
0	9
0	9
0	0
0	0
0	34
17	36
38	0
0	0
868	432
0	316
9467	321
412	0
8	4
1259	8
0	122
4537	131
0	0
1	3
0	3
2124	3044
514	690
225	67
1025	3959
4	3948
1201	0
5	0
0	0
151	594
3	594
2761	152
0	0
3	960
7130	971
0	1000
0	23
1	980
471	278
0	146
0	61
0	353
7	1068
0	714
0	1085
4	0
0	0
0	0
0	262
182	265
133	729
141	4625
0	348
0	3
1127	4627
18	362
175	4966
759	4946
0	61
0	38
0	21
477	99
7	5
0	5
0	5
3	0
313	0
0	0
740	2
1016	1921
3	112
0	1891
6	311
0	350
0	0
15	1525
0	551
0	536
0	425
0	1525
0	1636
339	4
223	216
1032	391
5	238
0	310
0	5
0	5
0	5
0	5
103	280
1	280
0	0
48	0
96	14
1	436
248	704
712	0
2	0
33	5
1	1705
0	575
0	13
11	1663
0	1634
0	1266
0	7
0	7
107	33
0	31
0	33
707	617
0	656
0	648
314	758
0	760
0	710
0	688
0	670
0	684
0	0
0	0
0	177
0	10
0	91
81	440
6	401
904	6
0	56
238	1175
0	1166
15	1156
0	263
331	1968
108	2098
0	46
18	46
732	647
0	395
620	336
1240	2
4	841
853	2527
1026	1226
11	2
9	1551
258	1548
6	2
7321	6
47	0
1731	0
97	350
0	54
11	350
130	300
1	300
0	0
0	0
42	98
2980	751
180	307
0	443
24	52
0	0
421	690
681	690
918	927
20	927
9	316
1797	1208
0	923
0	61
0	2
53	9
6	61
0	61
0	545
101	748
0	747
1	0
0	0
0	317
0	436
0	46
498	0
0	482
4	134
2011	580
0	3
0	0
0	0
0	171
980	701
0	2507
6	2625
0	2427
52262	59
5454	3215
101	2297
0	180
27	742
0	2623
759	167
0	167
0	164
417	1158
0	994
29	0
3529	3
0	0
0	183
386	4
102	192
2465	5207
11	1991
26	117
13	2595
0	2545
145	2163
171	2380
0	2258
90	587
1	587
0	0
0	0
0	0
76	0
148	0
0	19
0	107
1	107
0	0
695	3
0	4
0	4
0	972
0	1145
395	2352
0	2288
147	0
456	3
348	0
47	3695
0	3516
0	3699
19	3
0	0
49	356
18	356
148	0
858	1
829	508
2	223
0	223
1	0
49	0
4	0
0	0
1713	0
0	3
0	3
3	26
0	26
281	0
0	0
156	606
0	0
0	45
28	45
1043	2
5	352
0	352
0	342
0	125
773	206
0	81
17	1
37	48
23	0
198	0
309	177
0	58
0	7
4	241
0	234
0	11
23	11
52	11
0	349
2198	350
0	400
13	428
30	428
157	129
0	129
9	3
0	3
0	5412
0	53
0	53
0	5267
0	3896
0	5382
525	2
2517	2561
337	199
282	9754
46	0
53	0
0	6
1781	1945
36	1923
0	993
0	902
0	810
0	281
0	0
0	0
28	0
0	253
985	273
0	0
113	319
0	0
6	0
48	502
0	76
0	60
0	417
1	529
1200	2
417	1
0	272
142	272
88	0
0	0
0	8
19	35
36	35
0	0
0	190
2	0
0	375
57	375
1	374
121	0
2914	1166
0	1161
82	511
5	286
0	434
1360	0
0	0
149	2897
0	247
4	2906
570	0
0	0
4	0
29	2536
1	2536
0	292
603	293
77	3
0	51
14	51
321	270
0	270
4266	6
17	19
0	20
157	39
0	9
0	13
0	13
735	0
2	50
35	108
0	6
0	13
0	25
0	102
140	0
0	0
0	66
0	78
35	9
9	9
0	62
0	25
17	77
142	160
0	67
5	0
0	0
266	1
0	6352
665	8538
14	4292
18	415
311	386
87	415
935	0
0	0
0	0
0	32
0	37
16	671
0	67
21	674
0	84
1763	90
0	296
109	296
73	88
268	182
0	82
4	48
909	2555
6	2552
0	0
0	0
662	36
0	9867
0	9351
32	61
12	61
1309	4
0	210
5	214
0	216
0	916
534	916
201	24
0	24
3	0
0	0
0	0
1059	183
0	183
0	4
0	5
2	15
0	0
7	15
24	96
6	96
8	22
0	2
2	2
0	53
0	1
0	48
0	57
0	231
434	477
44	117
0	0
105	0
1029	331
0	228
101	44
0	39
0	5
2	21
3	177
1	24
3	177
21	301
0	47
0	301
0	0
7	0
252	0
214	542
0	535
0	526
0	535
0	195
0	342
919	0
172	0
17511	6721
63	6716
4	13
0	13
337	230
0	230
591	489
0	489
0	83
421	86
4197	8
0	289
7	289
8201	4397
1490	2
275	1231
24	1226
1690	18478
0	1439
9	17283
3	8548
5	16128
0	793
3146	1905
3122	4
1094	1002
0	372
20	284
6	293
0	5
0	0
1552	47
1	44
28	0
83	0
1073	334
23	333
0	6
0	18
4	22
0	16
0	3
0	20
11	20
1869	565
0	555
0	643
0	508
0	5501
15	5102
0	437
0	2683
200	2786
0	2786
0	8
186	8
1	8
0	11
4	11
0	26
0	3
0	14
0	26
1	33
42	2873
44	2876
1	5
555	1273
0	684
0	426
0	1
0	767
0	0
860	1755
8	1753
330	1
0	30
30	1994
0	1719
2	2103
2	0
0	0
62	59
1047	2575
0	3579
0	3589
94	0
0	0
10	546
423	1125
0	0
0	0
198	0
0	896
0	609
272	2371
536	0
0	35
1918	1242
54	1276
0	514
71	901
0	901
4	0
0	0
47	0
1285	2392
3	2392
2	1616
0	536
85	17
0	5
0	12
1813	6
1285	4263
0	4263
6503	592
103	31781
0	28351
12	10588
91	28756
573	1
0	627
0	627
0	16399
12	17523
3	15486
6	25
27	0
0	46
66	63
0	10
57	194
0	1
0	184
0	180
2569	1537
0	1437
0	856
0	1530
0	255
135	893
0	893
0	423
289	423
131	185
20	61
0	5
5	6
3101	1499
31	128
31	94
0	1398
365	2
0	1008
0	303
177	1916
100	296
75	1944
0	0
4	0
0	0
5	308
0	461
0	336
148	499
68	238
0	71
4	234
302	65
0	64
563	0
346	341
364	0
0	2
391	47
13	42
0	5
0	0
1755	0
5	132
0	132
2	8
0	676
72	2
0	651
0	642
931	2879
12	166
34	2874
16	0
55	0
0	49
0	175
33	175
0	18
0	29
0	50
37	51
14	0
0	36670
5	68852
10	46344
0	36864
9	32507
15	153566
16	167949
0	93869
643	3598
0	539
183	3498
0	0
0	5
0	5
426	46
0	46
458	1018
0	323
0	1378
0	29
0	1346
0	1437
1	1644
3076	1649
1183	128
0	125
6	0
0	358
4	280
0	725
0	721
75	1213
10	1159
12	488
61	488
236	51
0	51
234	3
0	0
0	0
0	0
0	687
1143	4392
0	2316
0	532
10	4603
222	306
69	306
374	197
0	68
0	159
0	0
0	0
0	0
0	0
15	0
56	169
0	724
4	685
353	53
18	411
75	411
91	1486
15	1486
125	1
0	40
0	0
0	0
39	77
0	20
0	0
0	0
309	1926
2260	1926
0	0
87	0
0	25
1291	26
0	25
3070	666
2	665
618	0
3376	3944
0	2189
0	1753
514	1786
0	1716
112	858
0	19
0	55
0	1
0	52
0	48
112	0
8	36
167	786
0	1349
135	1365
2	1363
719	115
23	61
0	106
0	1456
1086	1991
0	756
0	2
0	2
0	0
0	0
0	0
0	0
62	724
34	714
1	28
0	467
2	711
19	467
0	169
1859	12
15	11
486	3405
281	3535
295	1586
1625	1586
14	585
914	1054
0	140
13	842
0	0
43	25
3579	877
4	874
0	60
0	161
3	76
564	507
0	0
0	507
6	0
2069	3
600	2
367	0
15	438
0	2357
0	100
0	98
2	2357
84	0
6	0
6	2733
70	2962
17	2979
3	99
246	285
175	1482
0	2962
100	4797
0	1721
0	4131
21	29
0	29
9	0
0	0
1515	123
54	0
0	49
95	332
0	332
0	53
0	9
214	136
0	27
0	15
0	134
2	125
0	127
0	0
2720	0
0	168
3	0
266	3716
269	3716
0	7782
27	31218
0	27958
0	27245
0	24
217	31
83	0
14593	5
0	0
116	163
101	20
0	20
49057	87
6738	1218
0	0
0	647
5612	649
489	0
30	496
0	77
0	123
0	0
885	225
0	4
0	0
0	0
93	0
7938	1929
0	2
6	4
0	4
981	0
352	2012
9	2012
3145	7
60	0
19	238
202	0
815	2
184	791
0	0
0	791
7	0
85	44
120	68
0	54
5428	13
604	0
0	0
0	0
3708	6
0	154
306	206
0	59
0	0
0	0
0	0
93	61
14	0
2692	2229
0	651
75	326
0	2078
51	1726
58	1726
118	35
0	34
0	2601
0	154
28	2601
43	404
0	376
0	106
989	2064
0	2138
0	1864
0	2075
18	0
0	0
0	0
0	0
0	0
0	105
9	5584
0	5608
49	5403
28	5536
3589	1732
440	1955
730	1593
1918	3352
14	66
20	102
32	36
3	254
368	254
7	4
0	4
1256	0
6	0
1290	4450
148	4450
28	29
0	1643
0	1643
1	139
15	139
0	0
0	0
72	236
0	227
0	236
0	523
0	453
0	457
0	450
251	584
37	570
73	142
1596	3
269	80
3	80
783	6
0	0
0	0
339	230
21	207
4	46
214	0
0	0
0	0
3245	12
1865	1
1607	0
0	1734
1	1998
0	1998
0	1524
265	52
262	1575
0	23
2650	3755
0	3751
13878	14
70	235
2	235
18	89
0	89
575	84
1	84
0	0
0	53
273	62
0	9
635	229
0	0
0	0
0	363
7	301
160	152
0	75
70	926
0	288
5	926
172	854
7	854
524	590
70	590
32	179
25	179
3611	18
0	217
0	180
50	212
78	0
15	29
0	29
0	0
5	0
11	0
2	3321
16886	3356
5	48
0	48
0	20
0	20
0	0
11	0
3078	4
3528	616
37	615
0	999
73	999
6	3696
292	790
56	3696
191	212
180	212
125	164
3	164
0	77
0	77
68	693
773	959
315	329
0	651
52	986
150	734
12	8
0	8
42	206
18	206
0	206
993	1923
0	1846
21	1837
36	1918
14	1917
15	1812
1110	457
398	457
0	0
0	0
1047	17839
306	2647
0	16921
0	14628
15	14820
9	15329
0	14727
264	16637
32	370
0	357
0	1242
46	549
25	1480
25	1322
333	0
0	0
64	1009
0	1009
0	135
6	117
0	97
14	313
80	313
770	472
0	472
0	2
832	0
13	0
450	1
11	3939
0	988
319	3939
2659	1180
0	1178
1249	1847
142	383
194	1942
95	280
0	240
1	515
0	214
6	563
0	218
79	646
816	1425
1585	1742
30887	1769
151	67
61	17
0	67
212	0
3	0
316	2094
0	2094
14	612
101	615
0	222
65	23
0	4
0	19
1321	3043
0	55
104	2781
0	3040
3853	0
49	256
0	3
0	2
0	29
0	411
0	415
10	95
0	26
0	26
0	52
0	50
290	54
0	5
0	6
0	6
2168	0
0	1
0	1
0	0
0	0
333	0
0	1
77	1
0	355
0	88
0	0
0	190
41	355
1	84
926	85
25	298
0	108
2	9
6333	1677
324	166
0	1
6901	16
33	8
0	8
383	1405
0	1402
98	136
2	880
454	881
103	0
1289	604
3	604
0	0
0	8794
1771	8806
0	58
1778	177
15	0
0	56
3	83
29	308
0	432
0	2945
0	2978
38	333
3	5425
70	5304
0	5280
0	4884
87	915
0	243
0	298
0	84
0	915
10	15
846	635
0	526
0	41
0	54
0	351
0	48
0	67
81	351
39	0
0	120
16	76
0	4
0	92
620	221
6	16653
0	16653
0	12444
166	917
0	652
854	251
0	48
930	1541
0	12
4	12
12	52
407	0
4	0
0	0
78	80
2	80
300	0
869	0
0	0
0	0
4247	223
0	25
0	221
0	3398
0	1324
5901	3403
899	10
187	2
0	18
0	18
0	16
0	246
416	246
0	242
0	0
36	486
280	484
0	475
71	11
0	280
5	266
94	158
91	4645
0	4645
81	80
0	78
0	80
294	0
0	79
0	81
0	70
4	0
98	0
0	30
4	3
5	32
262	1429
33	117
6	1333
1577	365
50	317
19	365
0	0
0	64
33	116
2714	501
147	500
560	443
1	196
0	55
5	0
0	30
27	30
38	69
0	1
0	69
0	69
0	4
228	36
0	19
23	19
2546	4528
0	4647
0	40
0	406
0	512
0	4801
0	1847
1699	3503
0	3501
315	856
0	341
0	48
13	4
0	83
737	83
424	0
284	0
118	0
0	6
5	6
17541	29
47	38
0	12
0	26
0	26
0	22
82	22
11797	10
0	1540
3371	3747
0	2486
1725	6
0	2
417	0
272	608
22	637
0	637
47007	34728
22	34628
54	0
1530	1
39	1107
2	198
46	2
6	1106
180	250
0	39
0	35
85	0
50	0
0	0
0	233
223	826
0	700
0	0
3	177
1013	177
8308	4
3929	1
11	0
1	0
1613	222
1046	0
9377	22
5	0
9	254
0	22
86	254
493	0
2655	1928
497	1
5	0
102	2119
0	2119
0	0
15	0
0	19
0	20
0	19
0	10
0	22
0	58
0	52
1637	3
0	0
0	0
7	4482
0	12540
0	12772
0	61
17	194
0	170
9	158
9	210
0	186
96	85
3	85
30	0
325	0
41	614
22	596
0	444
0	0
0	4
13	4
0	0
4740	416
0	414
1803	0
12	0
11	54
2111	1404
0	155
0	1987
45	2053
62	343
50	343
190	0
2456	131
0	131
48	271
0	7
119	105
0	99
0	2
0	0
0	0
521	3
72	0
0	714
113	714
59	121
0	121
35	60
0	60
0	25
422	1225
0	1215
142	102
13	102
0	3
0	3
0	786
121	1112
83	0
0	0
0	2179
0	263
3455	2182
0	5
0	5
0	5
0	20
0	20
310	31
1	46
6	49
0	0
0	0
22	291
1	0
7	93
0	1
0	0
0	296
0	291
0	296
0	296
738	706
0	4
0	4
698	1485
0	1485
0	0
0	0
0	0
0	0
0	0
0	0
0	0
0	0
0	120
0	424
210	471
6	495
0	495
2	707
0	34
0	694
55	71
263	135
0	127
6	125
0	29
156	29
7511	11879
2799	11879
0	26
0	40
0	43
0	40
6	43
0	36
58	37
1178	2
1550	2
0	211
0	158
0	261
0	382
365	803
0	472
779	733
0	733
121	1312
0	404
58	1312
113	196
88	196
0	0
0	0
0	0
3	122
211	92
0	3354
32	2321
52	3069
0	0
156	1158
63	1405
1	414
254	167
3	96
0	120
9	567
30	567
5719	6
38	8
0	8
457	0
0	1
0	1
6	1
9171	3693
33	3734
29	3173
2	0
256	34
0	32
587	12
0	12
0	156
345	2401
2	1946
22	25
389	197
0	197
0	0
84	0
13	31
0	31
0	556
0	118
0	192
0	0
0	3
0	3
188	174
74	174
501	2
945	0
49	0
390	420
9	0
0	12358
0	3967
23812	13012
5	4041
1902	2
2	22
9	55
0	44
78	77
0	27
8	27
100	207
0	208
0	0
0	27
11	27
6353	13
0	0
0	0
0	0
0	6
0	6
0	0
0	0
0	0
554	1
93	289
0	289
4064	1477
0	1273
0	1474
165	197
17	197
178	369
91	369
0	82
0	10
1	1
59	84
29	84
7058	6
0	0
244	217
107	292
0	284
0	373
741	2089
0	757
0	1116
116	124
0	124
0	80
15	23
1	23
22	183
0	183
46	0
0	657
0	657
0	657
1818	2
3490	3203
0	412
47	3202
317	0
64951	100
0	61
81	115
0	0
565	4
154	904
0	482
35	278
0	278
0	903
6670	6
204	14929
3	8685
232	10618
0	3733
0	7523
4148	1
8046	1037
0	565
0	451
0	0
9	112
0	112
83	1
0	7
10	22
7	22
7863	9
0	10
3	12
262	12
1525	6
56	69
9	0
24	69
16	3390
0	156
0	3533
0	3533
266	272
0	1601
155	1601
0	0
1	0
4	0
4	0
11	7
19	15
0	15
455	351
91	18
1188	355
2970	3
0	123
2548	125
168	5
10	57
0	0
0	0
2	0
58	0
1760	1
0	1
273	1
0	33
0	35
17	68
0	8
0	8
0	8
0	0
157	58
26	114
0	114
1424	2558
0	3
428	2558
22	83
0	5
0	6
17	6
37	350
1503	2
3187	8
237	0
37	2
39	1272
0	10
0	295
78	843
107	845
368	11
568	0
0	0
0	0
0	3
0	8
0	8
0	7
2215	765
15	302
10	569
0	60
148	60
0	3
144	12
0	7
0	0
0	0
0	14
0	0
0	0
3	14
6	0
0	90
0	83
0	90
0	232
0	75
1800	4503
0	0
0	0
7952	7
0	138
771	301
0	51
4	0
35	2
186	0
6	0
0	2
0	16
20	151
8	25
16	138
18	0
0	1
0	3
0	29
0	6
0	5
0	5
0	5
0	29
0	29
3	9
0	9
0	9
2732	1
0	1188
0	1209
0	1094
0	1266
0	1233
8	1250
0	1135
91	857
114	896
38	896
8	305
0	305
0	194
73	1409
111	1409
324	117
0	49
9	119
4	3
0	3
100	329
0	1
0	62
0	211
0	197
0	202
0	0
0	0
0	0
0	1308
0	155
0	989
116	5359
0	382
26	5099
0	0
0	0
8	394
0	424
0	423
57	0
0	0
0	7
483	7
189	357
3	357
670	3
0	542
0	76
0	560
0	583
0	549
6	81
38	81
0	1
0	1
0	0
0	0
0	0
0	0
0	0
52	14
0	0
0	0
0	0
16	0
310	551
0	551
129	0
2458	0
168	45
0	39
0	104
0	231
0	267
0	218
0	0
0	0
0	0
17	0
0	40
0	241
0	187
0	220
63	329
0	214
0	0
28	0
0	395
312	395
7	74
14	10
4	0
0	344
0	193
9	777
0	198
0	707
42	216
3	224
214	425
1248	1616
0	1557
0	1691
202	181
42	2093
24	2093
0	0
0	29
23	29
374	0
56	404
13	404
0	400
0	1248
16	1248
113	0
0	86
0	107
19	85
0	243
1055	624
0	432
37	333
0	296
15	69
287	813
581	813
921	335
114	423
2	174
0	104
90	1
1869	0
0	0
0	7
0	7
3	93
0	93
13	170
0	63
6	218
471	21
3	20
0	224
0	24
0	5
0	234
0	165
0	236
0	162
316	6
0	5
0	1
2	128
0	225
338	250
0	225
158	329
4	31
74	543
39	407
10	125
1327	16271
32	16265
0	0
3264	2732
26	322
506	322
0	4808
0	4766
14674	5347
0	5282
0	3801
0	2235
2	0
7	0
0	138
0	57
476	397
0	296
0	147
4753	178
0	172
501	852
0	852
0	0
12	0
30	153
47	153
259	1
6	0
2	184
25	394
0	182
0	103
0	259
0	270
0	174
0	2778
4	2574
0	2441
40	2681
0	2553
34	2702
2	2898
0	2379
247	119
401	119
273	683
0	683
0	0
0	0
116	65
54	52
13	27
8	30
46	83
0	83
1769	3994
0	3994
0	24
0	0
0	0
6	0
1638	6
0	0
0	0
0	0
135	0
1	590
18	150
0	97
3	593
27	0
322	916
1	21
117	0
7	436
4	77
4	0
7733	4
99	1145
25	1215
22	429
649	429
78	550
0	552
2075	929
12	928
1552	4175
0	4175
0	0
0	0
0	0
0	0
0	295
16	223
0	8
0	186
0	214
7	170
0	2
2	148
0	303
0	4
0	4
127	33
0	269
861	1369
0	1297
0	1369
0	458
2596	806
0	137
97	229
0	229
1299	536
2	536
64	158
268	3699
286	3699
2517	0
54	71
33	71
0	38
0	60
0	19
0	25
490	3165
0	3078
23	588
0	1330
20	5
0	5
23	68
0	68
76	788
125	381
0	627
0	71
0	22
0	0
0	71
2295	1
1512	3
4	70
209	4
0	4
0	0
0	5
7019	3
128	1353
1	129
0	192
14	1349
0	945
2	5
0	121
0	23
0	121
0	19
17	19
2360	4
3	147
0	6
4	656
0	670
134	4
0	4
233	1802
1	28
6	1670
0	0
0	0
13781	18
0	829
15	834
98	170
4	102
12	81
34	1306
4	993
0	1032
0	1124
0	0
2	0
30	805
12	38
16	1015
0	1052
1770	1095
57	902
0	403
783	487
0	487
5216	5
0	296
0	0
4	27
0	110
0	229
62	157
0	157
3	168
157	168
25	32
0	8
7	120
0	53
0	73
0	798
0	8453
0	1067
0	8249
384	8214
114	885
0	385
0	23
0	192
0	0
0	0
0	88
0	0
0	0
0	0
0	0
0	0
113	0
218	281
0	281
27	100
7	100
2	100
1236	3633
0	2935
66	698
269	0
0	491
191	501
184	0
0	0
0	1187
155	1187
0	213
171	213
0	146
0	17
0	17
32	631
38	3
41	631
52	57
817	24
92	20
11	0
26	0
0	0
0	0
3	0
10	16
50	16
5	11
2	11
2	0
417	0
231	458
0	0
0	0
23	114
905	5253
5	118
0	28
6	5343
63	7
0	7
0	7
0	154
0	217
20	350
0	1
0	0
0	340
32	95
0	95
4	572
0	231
16	522
521	89
45	89
142	70
0	68
42	0
24	75
40	3340
7	444
13	2899
4	1634
0	277
16	1601
0	1441
374	2
0	3429
461	3429
0	46
95	139
0	139
16	32
29	32
0	20
11	696
0	306
737	595
0	6
0	6
0	6
470	72
248	247
50	215
0	4139
17	4139
51	53
0	0
0	0
1113	2286
15	2286
37	187
0	187
912	0
84	3858
0	247
0	47
0	3870
0	3838
0	3964
104	3657
0	0
1	0
0	0
1	567
1	1
0	5
0	0
0	0
0	961
1492	967
0	0
0	29
0	29
0	16
1189	261
6	0
0	0
337	969
160	969
0	626
0	730
0	724
234	143
0	143
2	644
0	641
244	511
68	2046
0	720
26	85
59	2311
13	229
0	75
13	1977
2	1912
199	309
0	7
0	214
99	143
0	129
0	102
0	0
13	171
0	197
0	208
164	144
632	0
0	0
0	21
0	21
29	0
0	1654
122	1754
59	0
0	0
2	0
6	0
0	0
137	163
0	61
0	24
78	88
0	88
1011	0
995	84
3	81
0	11
28	0
9	0
26	0
1683	3
2	0
9	0
18	34
0	34
1478	0
1051	563
0	17
19	1116
103	1116
823	0
18	0
303	0
220	8
4	8
736	1
18	0
719	1510
0	1501
300	0
2226	39
97	0
0	0
0	24
0	24
0	15
0	2762
76	2698
0	494
0	87
373	1104
0	1103
0	0
0	0
0	0
0	0
8	0
0	126
0	861
22	935
0	88
0	4
5	859
23	936
0	0
0	0
7305	9
0	6707
1415	8766
0	2099
129	5
0	2
0	1
9	0
0	0
159	0
843	0
5618	592
2013	4
0	0
6	2
0	4
0	4
5	566
222	566
115	338
0	338
7	0
1	1056
0	89
0	210
0	361
0	1114
0	1041
31	145
3	0
0	0
164	0
0	26
6	0
43	53
3	53
27	211
0	48
394	211
1685	10
458	0
59	1351
521	1351
346	409
0	221
0	23533
0	24973
0	26786
412	29577
0	27766
48	34
0	27
0	2
0	1
0	1
0	1
18	0
1081	5
0	0
6938	15225
16	15218
3	6001
0	4472
3782	3
1231	114
0	113
110	2
0	2
0	167
0	4
0	95
0	30
2390	3
20	0
3548	6
59	13
488	14
708	0
0	0
1785	0
0	307
7	307
80	6
0	6
5	3
0	3
0	6
172	24
0	17
0	0
1125	2
82	163
21	671
180	671
28	0
0	0
79	0
40	0
6189	3
0	6
433	195
0	186
0	173
0	186
0	174
3	0
0	0
9	0
0	0
2	46
1155	4691
7652	4725
383	1506
0	1506
0	183
3	15
255	191
203	192
0	0
3	0
0	0
3	25
2200	373
476	26
0	20
45	557
7	557
0	5
0	0
0	0
5	5
2110	0
0	34
0	34
0	1203
346	1203
349	243
0	243
0	0
349	7
243	6175
0	6175
0	4447
6	1171
7708	2620
2	2171
1	435
0	0
0	116
5258	528
0	172
1	139
34	184
1	695
2	86
2427	698
0	6
0	10
0	6
0	0
0	192
13	15
0	15
585	243
6	242
21	97
69	4
6	45
8	89
132	150
0	126
16	98
0	98
119	0
2	89
0	89
1997	2
4	188
0	0
97	0
2	725
0	475
311	725
0	875
0	4702
0	4674
0	4858
0	4318
0	359
10	490
1314	1035
0	652
0	102
0	11
0	64
13	56
15	328
1	328
96	297
0	0
0	0
0	0
57	0
316	0
2889	13
0	9
63	466
430	597
0	124
78	529
59	0
0	34
9	12164
0	4826
8	8937
6268	18454
75	15594
0	172
2491	543
0	0
15	0
346	206
0	206
0	170
0	0
24	170
0	139
0	0
0	0
325	1
10	382
0	1155
1270	1538
2585	2
1359	1393
0	579
0	2759
5	2641
0	2671
0	8
10	139
0	131
0	129
0	2
0	2
487	218
0	218
2176	791
133	785
0	104
39	104
12	0
0	0
0	5
0	5
0	5
0	0
4749	174
0	166
1827	3
0	0
1	0
0	0
14	0
77	0
1667	554
94	552
3	584
97	584
0	113
4	478
419	321
0	177
0	319
62	1372
0	471
5	1372
0	27
0	8
32	8
712	592
53	598
0	6
0	6
0	0
117	0
2610	366
0	12
0	363
0	254
0	0
0	0
0	0
0	664
1	1
0	638
0	648
0	622
17	0
5	55
0	55
2	15
0	12
0	15
0	0
0	828
0	766
18	119
33	1159
0	3
0	995
9	839
10	888
1330	1699
2	1103
39	105
538	0
518	1758
15	1758
13	61
1	452
0	194
0	153
0	183
0	200
1052	6
10359	119
3	114
0	7
0	36
128	539
0	545
82	1071
0	49
0	95
0	247
0	227
22	1091
0	0
0	0
0	0
0	0
7	74
100	0
0	5
0	0
5	5
0	0
0	0
0	463
0	12
0	41
0	20
0	41
0	457
0	463
0	326
1	221
6	270
84	270
60	812
0	717
0	758
0	39
110	39
0	0
0	0
145	8
59	7
0	7
248	190
1937	11
2	30
1183	5
1	215
0	208
227	718
0	695
7	53
6	53
0	850
1485	850
0	7
0	7
0	7
30	112
0	112
22	4190
0	30
0	3038
83	1582
2370	9564
0	5171
12	4027
15	4703
0	2665
1906	2
342	461
1106	467
2586	4
25	770
0	113
0	708
89	743
2068	373
65	368
103	400
4	400
243	427
0	403
0	14
44	30
39	0
5	0
521	783
0	135
270	197
2	99
4	61
976	226
0	226
0	165
2088	2828
64	1413
8	1134
0	603
1094	490
0	1495
36	12
2	12
0	151
49	56
0	384
6	410
110	54
0	52
0	52
107	1
0	0
0	0
449	330
291	771
0	321
58	394
0	68
27	85
0	47
6	48
0	50
13	0
0	80
30	2695
57	2695
24	0
0	91
193	94
0	893
8	1627
2389	1630
0	0
45	66
0	66
0	94
0	35
0	1133
4	1952
0	1606
0	35
2	43
25	29
0	141
33	221
546	138
0	138
33	722
0	722
0	717
0	0
0	0
1661	466
0	238
0	252
90	348
0	348
2	1829
2	475
485	3299
0	1552
4	0
2961	7
580	23
339	1
1053	1
744	3
0	1244
535	4887
346	4887
0	0
0	15
3	202
5	202
0	201
81	408
48	408
16	38
36	21
595	329
5	89
0	240
2392	7364
92	3801
0	1255
191	1616
0	1042
274	1048
0	0
0	0
19	15
0	15
0	20
0	16
0	20
0	20
0	0
150	0
42	0
0	946
0	1952
661	1954
14	0
49	0
1211	6981
787	6981
0	0
1	0
5	0
0	66
822	66
81	82
182	83
0	75
4216	76
498	1
0	55
0	108
0	108
56	0
0	287
164	305
4782	9
1582	145
0	142
0	1
31	1
0	1433
1168	6582
7	71
7	71
0	1
369	2
943	2239
0	72
0	6
0	2232
1475	904
0	902
656	0
0	5
0	0
0	0
13	5
370	4
5586	9
0	3
0	3
0	35
52	42
0	7
8	616
165	1738
0	914
131	1691
0	1458
0	137
0	187
138	1439
6	125
0	125
0	0
0	7
0	5
0	31
0	31
0	31
0	31
5423	1190
0	1182
34	0
55	0
0	6
0	15
0	975
0	332
0	543
0	154
0	870
0	1011
0	2
0	0
0	2
0	918
0	918
6806	13
360	711
435	1467
12799	26
101	1227
0	1227
0	277
0	283
0	276
1369	4541
0	4539
248	4286
0	0
0	0
93	2795
0	219
0	1932
10	2772
2541	189
0	632
7	6869
0	4586
1473	7505
0	437
1301	213
0	462
0	1955
296	2699
0	2959
0	2820
0	0
0	0
0	0
0	0
638	404
0	404
0	127
4	346
0	346
0	90
0	104
0	64
914	125
19	445
0	86
19	445
37	0
0	0
0	3362
0	3224
29	3338
0	0
0	51
395	0
625	0
72	0
1638	1777
1	1542
106	760
2	14
0	30
0	309
773	804
28	0
0	8375
0	8028
0	1
47	83
0	83
0	51
0	0
0	51
0	51
0	245
50	279
0	279
8	0
328	695
1	40
17	45
0	143
51	143
0	91
0	9
320	0
0	68
0	50
1006	451
8	380
21	16
0	16
0	53
93	55
16	7
0	7
0	1035
204	2857
228	2900
0	2919
3	415
0	388
0	8
0	37
5	355
0	178
1019	385
0	7
0	28
0	28
613	6009
0	5148
423	682
38	682
60	26
1170	2557
9	207
6257	9
378	403
0	403
100	0
5288	9
118	0
0	361
294	469
1	435
0	475
1925	5
783	961
0	1284
0	1336
0	1464
1030	1
2	0
0	184
337	247
0	188
0	0
0	0
0	0
3	0
0	0
44	0
0	24
1	24
40	1666
0	1666
0	33
0	33
0	0
0	0
93	20
0	87
0	57
1982	115
208	589
0	104
0	23
726	566
0	1403
389	1458
49	931
6	174
0	174
4	22
68	269
9	269
155	0
79	31
0	31
69	387
0	6
1622	87
4	73
0	17
14	17
0	3
2	0
0	142
9	144
0	84
3	102
0	118
0	119
0	143
0	95
0	0
510	436
0	436
48	7030
0	7030
46	216
82	0
0	0
0	0
1	24
0	24
45	5
48	1213
0	161
7	1213
360	863
0	417
299	735
462	0
1078	2
0	0
0	0
0	293
0	41
31	181
0	52
446	52
2	146
3	146
0	91
7885	4
539	0
1978	5
33	144
123	566
0	566
0	1
0	27
2	28
0	28
101	0
0	49
0	506
0	106
12	489
259	0
54	571
174	52
0	267
0	293
7	1470
0	1349
73	763
0	762
52	95
4	95
0	175
11	417
10	425
0	443
0	11
0	11
64	218
0	218
55	0
6	0
0	0
0	1
27	1
6	601
0	284
11	412
17	896
10	818
0	306
0	1827
0	248
0	22
48	2816
0	2884
0	0
13	0
3391	6
0	0
0	0
677	203
16	0
2987	0
32	315
0	35
482	151
28	258
0	145
0	274
2	271
168	0
0	1
0	1
0	1
0	1
0	1
2610	5
469	5686
203	5686
0	153
0	2471
0	2532
0	2431
146	2316
325	1
141	1010
36	1010
0	350
4292	0
115	7363
2172	7355
0	962
82	12
230	1
35	651
11	725
0	682
781	0
0	58
16	58
50	220
0	183
200	206
0	178
1482	0
26258	12675
0	12658
0	645
103	585
0	538
0	441
0	250
0	136
0	1487
0	1384
0	1248
0	1279
10	14
0	14
1953	14577
0	14576
673	399
47	395
0	0
0	0
87	927
0	927
0	7962
0	456
0	7734
16	8314
0	7512
0	2658
194	2658
0	984
119	1082
79	1073
1164	114
0	111
0	0
15	26
13	2431
0	1628
0	1000
1919	2282
164	5
277	2
546	564
2015	3
1864	3
557	512
37	510
593	0
59	1209
0	69
40	1190
0	608
0	0
0	603
0	703
6	0
2276	3
28	69
0	1009
58	975
15	1175
5	0
2750	4046
0	1
0	4046
942	780
410	308
903	20
1	17
0	338
4417	345
2543	0
0	5
0	5
4	3
0	3
288	685
0	3809
0	536
145	4245
527	4245
51	6
0	5
0	19
0	0
2	19
3	0
0	233
0	2947
7	832
2533	2953
0	220
9	220
5	115
46	130
3	1972
0	159
2883	3252
0	1682
1234	5
303	0
0	1
0	0
1004	62
12	61
1193	568
0	565
0	531
186	0
574	2
0	21
0	1
0	0
0	0
0	0
849	1165
0	24
27	17
0	16
0	162
37	162
0	0
0	504
3232	40676
0	3960
5023	33415
2	2093
39	8244
37	10
30	0
82	497
0	259
0	29
53	152
0	41
57	0
688	4116
0	90
34	4026
0	2620
2411	2625
150	0
0	52
0	90
25	142
0	121
9	94
1694	1512
349	1507
7	387
0	970
241	888
320	1173
0	969
117	1148
0	94
43	1149
104	458
79	458
0	218
0	12
42	218
0	0
0	0
0	3
0	3
0	3
2	3
2	325
2	325
0	283
3029	350
0	349
0	187
97	300
0	714
0	1334
36	1251
0	501
1878	503
0	0
0	0
0	0
0	0
0	217
2	2828
0	3787
23	3795
0	3818
0	34
16	69
0	0
0	0
0	324
0	179
490	2939
21	3026
33	133
0	802
448	802
0	1762
0	776
5	1843
652	6521
2	992
0	3090
4	6516
2614	2
10	0
0	0
12	47
0	6
0	213
119	388
64	502
0	232
2674	4
646	331
0	16
225	16
16	0
4500	2
5	42
0	42
3132	3
0	20659
0	15000
0	17918
2290	35084
2	20147
0	14903
506	1
0	68
253	68
0	0
0	0
0	0
0	0
0	0
0	0
0	24
0	136
0	25
4	141
48	206
0	125
8	276
0	141
0	377
93	191
0	161
573	1572
0	500
0	42
0	10
127	45
6	45
0	18
0	0
0	554
1306	554
1605	3
0	0
465	126
0	126
1808	4
78	4
0	0
0	85
9	804
325	802
235	3808
0	1408
0	2521
0	1369
1419	2
0	194
0	80
7	618
5	712
754	2
485	1
0	1
5	1
447	1
288	353
0	112
3	241
2	42
0	17
115	17
15871	1077
234	554
0	1010
0	1007
0	800
23	610
590	138
0	27
29	280
54	280
56	0
0	0
0	90
97	91
207	0
0	0
0	0
0	0
0	0
0	49
239	285
1	285
0	250
0	65
212	268
83	138
0	138
0	131
7439	10
88	566
0	114
284	527
22	13
0	5
0	2
0	5
225	0
0	2078
7899	17780
0	1261
0	8159
1	8270
0	8180
0	16825
0	0
22	11
0	6
549	573
0	573
313	3876
5	3124
5	3067
4	153
0	659
42	2842
648	431
1751	0
565	74
0	266
0	0
345	266
0	84
96	160
11	142
395	0
1	49
0	49
0	2
25	97
0	97
0	285
718	1541
22	19
11	0
0	19
2905	3
459	580
10	207
0	533
244	0
378	0
0	0
666	0
1	0
0	0
0	0
1	171
1039	1635
0	843
4	792
10	672
25	273
0	273
0	2182
1283	9759
0	9685
0	0
0	2
0	2
282	316
0	182
292	1970
0	288
69	1663
0	1670
0	1676
0	0
241	0
0	12
0	1
0	12
0	130
150	424
0	387
22	105
0	45
10	95
824	646
13	145
11	28
0	4
0	0
5	30
0	27
0	41
0	42
325	46
347	296
0	19
0	39
0	251
1799	152
3	152
0	0
5154	2
34	724
10	749
0	1572
5	1604
0	1604
0	832
0	1572
34	273
27	74
243	4282
0	192
19	622
4	1
0	1
0	568
856	568
14	16
46	22
0	220
0	337
376	348
2874	1159
27	233
0	233
91	0
153	0
0	38
0	46
0	45
0	30
992	233
56	237
177	6279
1953	6019
0	1769
29	1793
76	243
670	243
40	354
0	167
1143	1012
0	917
0	892
0	888
0	4
0	4
774	2067
0	2067
410	19
0	19
0	1036
0	125
1	1079
1543	2868
58	19
0	19
0	0
7	0
0	10
11	15
60	1075
43	1075
683	0
346	0
1	11
239	47
6	36
3	0
0	0
0	0
0	0
0	0
0	0
0	0
0	0
0	0
211	223
0	223
248	0
0	0
0	0
962	3
2548	5
29	66
0	61
8	2
689	21
0	21
578	637
354	347
19	1
26497	50956
298	3153
2	4760
0	50121
0	0
5	0
252	2
360	1
0	134
651	135
119	2421
0	120
0	7
0	2404
135	2290
22	47
193	215
0	158
397	1
191	420
0	0
0	0
152	718
2675	718
0	0
0	0
0	0
0	0
499	1298
1	0
331	555
0	554
54	0
96	837
107	1166
0	1166
0	90
0	82
39	835
0	835
240	6207
17	2346
19	6207
146	0
0	0
0	1
0	1
0	1199
1511	2710
4	2660
0	1843
0	1988
0	1957
6243	12
0	2
1125	141
0	135
50	32
0	4
0	4
166	237
433	659
0	136
2545	5
0	0
3	298
58	282
12	16
412	129
0	51
0	86
0	10
0	14
14	953
0	672
4	37
0	768
0	1209
514	1210
3	22
163	67
0	40
0	1076
0	241
1662	1076
0	91
0	98
64	165
269	5
0	2
0	3
651	143
0	143
64	23
0	23
1575	1135
0	1271
8	0
1059	494
0	0
0	0
0	0
0	0
0	0
0	0
0	0
0	0
0	48
0	260
135	260
366	436
0	49
0	436
0	0
2	53
32	70
0	6
0	101
15	101
0	81
129	372
0	372
572	181
0	150
10	3
1348	1
1	603
0	68
0	313
0	722
91	718
78	706
0	706
636	429
0	0
5	429
14	44
0	48
0	44
0	42
0	28
31	42
27	0
9	0
159	73
1	675
414	1411
0	37
0	37
437	0
0	0
55	48
0	22
2	53
0	33
2236	37
0	36
16	889
0	772
1460	8
0	0
0	0
0	173
13	173
0	5
0	5
0	432
358	432
3004	2
0	2
29	2
58	161
0	84
0	0
0	0
0	30454
230	31742
0	16653
36	0
4	127
0	127
94	0
16	0
0	0
45	38
0	38
25	0
64	0
0	0
0	0
0	0
0	0
1168	1881
53	1879
49	86
0	73
570	708
0	706
0	33
0	33
113	0
10371	11
1150	1185
6160	3
832	2
364	1791
0	133
56	0
44	39
101	51
0	51
1412	1986
207	1729
0	1745
178	1757
0	1835
0	1796
0	0
0	0
0	0
5	86
29	82
6	412
1868	416
0	111
0	0
0	0
10	0
116	0
331	140
0	7
10	7
0	7
8563	1886
0	1402
0	262
738	167
0	0
0	0
21	0
279	0
0	323
10	60
0	323
1014	556
5	4
0	550
417	2754
0	2652
528	450
0	53
10	12
19	75
119	2262
725	2284
649	1477
0	45
0	1475
1300	757
0	757
359	1255
12	1255
0	1622
284	1622
0	0
251	0
0	5172
5820	26870
1	26839
0	459
66	1354
0	1354
149	1816
1601	1821
10285	18
3970	2
0	0
0	0
0	335
0	184
286	4526
0	319
1	4522
0	27
5	86
888	74
0	0
0	0
2223	3
0	10
53	25
0	22
0	17
0	7
11	0
0	150
0	150
0	0
88	4
0	4
3	7
323	1377
18	1301
178	1797
82	1903
0	1815
0	657
90	318
17	410
102	1497
4	2051
0	0
0	4
0	0
0	0
3	4
3	396
7	388
0	831
0	527
3	873
0	872
68	24
133	0
0	25
0	25
0	9
0	2
0	2
0	5
0	50
0	52
0	0
0	0
772	0
235	4604
43	4604
1861	0
0	46
321	47
492	0
178	360
0	320
0	305
44	51
0	51
5	4
363	0
1206	934
0	933
0	0
190	0
0	0
0	0
0	0
708	528
0	509
0	19
0	0
1212	0
3	332
98	332
9	46
42	183
0	182
31	104
717	0
985	152
10	143
6	3423
97	2096
2867	1930
748	1
129	0
15	1638
10	687
78	1638
0	38
14	29
19	28
15	57
0	0
1	2
4	2
0	75
117	75
6877	4436
0	791
3	4274
0	4302
0	4233
0	45
7	45
3381	4
0	14968
0	6867
57	11104
2012	14968
0	495
0	98
78	992
36	845
0	792
2279	1
0	0
0	0
0	0
0	0
0	0
54	0
570	2178
0	2178
0	0
0	0
0	79
208	79
1376	0
12	54
0	79
0	97
0	110
0	110
0	459
13	618
0	618
146	0
0	5428
0	3611
0	4542
2769	7366
419	5
133	34
164	0
0	0
3421	1
10	18
0	12
0	18
0	2
0	18
0	17
5	27
0	0
0	2
0	0
0	25
6141	9
437	1148
2	581
0	678
182	1057
0	467
0	1056
0	0
79	0
0	136
0	129
9	143
23	26
54	42
0	37
0	651
24	613
9	452
3	164
12	174
1108	947
6	931
4	84
297	152
16	109
0	0
0	0
38	0
126	0
42	0
10	0
1	748
0	1
7	797
0	801
6	456
174	0
38	1
0	1
367	0
1041	0
1	86
0	11
1165	1493
2	228
3	213
90	1483
4	0
17	0
701	0
47	2243
0	2238
0	2289
198	144
0	144
0	118
0	275
0	220
0	806
47	838
32	58
2197	3
131	324
21264	351
107	0
0	946
17	1111
16	1113
190	181
0	181
0	0
5136	11
278	562
1	30
0	17
94	73
91	210
0	210
11	203
0	9
19	165
0	64
0	97
61	425
0	388
0	449
0	0
3	0
0	0
1253	3375
0	3373
67	36
0	0
0	35
0	35
80	0
0	0
6	0
0	755
571	2030
0	2030
0	9
26	9
40	0
995	0
30	510
1749	508
192	258
0	8
38	29
0	13
0	29
0	29
27	75
318	274
5	3
0	0
0	0
2	0
0	0
0	320
12	1309
51	1361
13	1288
6	1237
345	0
0	0
0	0
0	0
0	0
18	4
0	0
0	0
0	0
301	97
0	97
0	0
38	164
0	8
12	164
391	528
0	2199
51	2494
2	2628
99	2668
7	0
10	64
0	64
2	413
0	45
19	96
4	63
0	60
0	386
17	0
877	118
0	117
287	2
0	1551
0	2607
151	1928
39	2634
5849	113
0	93
0	467
546	467
1022	325
0	62
46	62
34	0
0	0
0	0
411	0
0	67
0	159
0	246
12	359
52	345
0	0
110	0
4699	1
671	0
83	0
434	1328
0	1328
44	33
0	650
982	1256
0	1005
219	625
0	625
1345	1002
208	214
48	214
147	0
39	22
0	0
0	18
0	17
0	17
0	18
0	0
0	0
0	59
314	309
0	276
14404	5310
259	412
0	412
196	107
0	107
142	0
2306	331
0	114
81	23
0	23
0	0
0	33
0	34
6	40
360	105
0	83
57	97
64	2322
242	2322
508	0
203	0
1013	1
1122	2
0	7
564	2582
0	2349
0	2119
0	1870
0	2352
0	2119
209	2184
1	2723
9	2323
0	0
0	0
0	0
568	210
0	210
22359	1974
2052	7
112	17
172	683
0	683
0	0
424	130
9	3
2945	8
0	0
53	1702
24	1702
0	1247
110	124
0	2
93	17
10	17
0	0
6091	5
0	0
0	1635
0	12353
351	38959
0	5028
0	12879
16	34223
0	627
725	1545
0	1246
0	1541
22	1501
9	239
0	159
2264	1481
0	0
2469	4
82	91
0	4
0	4
0	3198
1251	3198
0	0
306	0
0	0
1	1349
16	1115
163	0
3	227
0	767
19	767
0	8
0	8
1452	137
11	137
327	1373
0	125
0	1285
95	253
0	253
216	0
6	141
0	44
0	95
0	3
0	94
26	0
0	344
0	345
280	6477
56	294
0	6477
0	41802
1659	58867
43	27120
29	74
0	57
5881	35
351	253
1	76
0	67
0	76
0	57
0	174
75	308
0	112
0	304
221	631
0	667
0	401
102	27
0	7
0	12
0	11
1092	7
0	5
63	580
0	232
0	175
3	536
759	0
0	1086
227	1086
0	0
0	0
0	0
2	7
0	4
6	7
1418	1900
0	1900
0	0
271	363
0	363
23	93
0	388
0	123
0	2
28	70
0	130
20	2356
0	3
7	2339
626	0
10	22
0	22
31	7
0	7
0	31
853	695
0	0
395	449
0	0
72	0
0	449
114	223
1	223
0	0
5	0
2	0
0	0
6	29
2	29
24	19
0	563
0	620
56	200
180	2655
4	2752
0	84
60	135
69	403
0	310
0	0
0	7
0	49
0	42
24	109
0	0
1087	1011
0	1011
0	1011
0	1011
0	848
0	1018
0	0
0	5
0	5
0	5
0	0
362	0
0	80
39	280
31	260
0	469
0	287
0	22
0	157
0	159
680	7
0	0
83	3814
0	2399
47	3814
5	0
148	0
0	507
474	507
86	218
0	218
0	0
1439	3
98	0
655	0
0	479
1154	825
1	901
12	0
7	2
0	2
177	258
98	258
1136	530
0	528
326	0
0	0
0	0
0	248
0	327
0	229
0	225
0	132
0	1970
0	2492
3	2463
0	2492
0	14
65	1835
0	1821
0	72
150	5313
0	72
65	5571
0	3470
0	89
609	228
0	195
2454	2
134	30
0	12
0	18
3	0
0	210
58	227
0	218
0	0
0	134
0	134
3130	1
0	1839
2514	1839
0	1839
484	0
2110	43616
41	43616
1	136
6	124
513	950
24	842
19	0
0	0
14	114
0	0
0	114
1258	587
24	575
6	66
967	66
0	0
0	209
122	2858
0	204
16	761
5	747
15	659
4	605
35	2801
62	0
197	1001
1	1001
96	0
21	1576
0	42
343	1520
0	148
0	190
0	627
0	637
0	627
4	682
0	627
0	37
1243	517
2464	1
0	0
0	0
0	60
0	42
0	26
2	81
0	96
0	45
139	353
1233	1
9	0
407	60
2	58
799	126
25	126
0	633
76	3043
6	3172
2	0
0	0
0	0
0	0
0	0
0	0
0	0
0	0
0	0
0	159
262	160
0	2
0	2
2	0
0	0
0	0
0	0
0	0
714	4598
0	401
36	4807
1369	2
17	19
61	0
0	156
0	89
43	611
533	0
446	1130
193	394
59	0
848	1
19	33
0	29
0	0
0	0
0	23
1	4
0	0
12	128
13	155
5	114
0	155
0	0
0	0
0	0
466	1
3440	21358
4666	21371
531	0
123	637
1209	637
0	12
1747	3
125	0
289	0
29	41
0	0
26	33
0	0
0	0
155	1
8	170
2355	1084
13	556
0	911
0	267
1614	1
1049	1582
33	20
0	1477
0	1471
1124	115
0	1382
0	1302
265	0
0	0
821	0
6744	8
62	105
0	26
4201	229
0	222
2	0
0	0
0	284
0	585
452	1808
0	1805
899	128
0	128
464	4
1059	0
0	8157
20565	31135
3811	1935
64	91
0	27
715	1
178	1286
0	223
2	860
0	148
0	531
20	1322
6408	5270
19	785
2	5263
15	29
93	22
0	17
0	13
0	0
464	0
0	0
0	14
0	34
0	0
10	9
11	1040
0	0
0	0
7013	120
0	111
906	1172
0	1172
0	183
42	151
969	385
2551	1
1900	5
17	0
0	11
247	268
0	12
159	554
0	181
0	327
0	0
192	279
0	278
0	5
1388	0
0	0
753	0
14	0
20382	21
0	44
106	44
0	13
477	349
0	253
689	0
8	123
51	253
479	171
2	3388
110	3389
61	441
0	118
0	22
0	14
14	450
579	119
0	30
784	0
7304	679
22	288
0	790
38	552
16	1883
14	584
10	296
44	588
0	292
2	510
4	11
9	4
1	1928
0	1873
0	1952
0	1901
77	0
183	488
0	1
0	488
0	13
0	4
0	24
25	72
0	0
0	3
132	380
0	374
15	378
43	12182
2	11667
2	10138
0	10015
339	24
0	21
1138	1060
65	1060
1455	0
0	1
6923	19
28	0
317	2125
804	25
1	4835
0	4453
388	0
0	2
6	2
42	102
198	102
9	863
295	863
1913	1661
68	2361
17	2278
9	33
0	2
5463	4243
4	4235
0	5
0	0
0	5
8653	2309
12	1337
0	1327
4	0
9	3
23	3
33	4
12	4
0	188
50	225
101	37
8	960
3	0
161	1227
186	1227
158	723
731	723
2772	0
24	165
0	175
41	116
202	132
6	50
0	39
408	2577
35	2577
1461	172
0	0
26	0
32	0
300	0
10	1081
0	650
11	1020
350	1352
41	457
67	0
0	397
0	144
0	372
60	397
8	18
0	0
1572	2
17	0
8	0
0	0
2751	1999
0	0
0	0
0	0
0	0
10	1252
0	856
0	815
0	0
0	0
0	0
102	15
0	15
43321	1852
0	1816
0	0
6323	9
57	0
27	0
0	2572
3839	3269
0	3268
61	10
11	10
830	385
0	384
52	0
50	0
0	259
0	116
4	453
48	453
0	91
767	0
95	0
23395	34394
1441	8426
101	29253
3929	4
1074	2
8	123
0	123
0	131
4136	546
0	544
9	24
0	24
11	0
77	0
1036	1001
34	116
11	7
38	746
0	0
373	244
0	244
0	0
2	0
9	28
25	28
92	15
0	15
2	4
0	4
72	232
0	232
1	214
2038	30675
0	112
1	3281
1	109
0	2361
81	31608
15	0
13	83
51	83
34	1166
0	647
0	651
0	610
0	13
0	10
0	396
0	117
0	105
2	401
103	99
83	46
0	71
0	0
0	0
0	2
0	2
0	0
35	56
24	250
3	250
81	0
3677	8
2985	0
0	0
1	0
4	149
0	37
0	221
0	214
0	0
422	4259
240	4259
0	0
18	15
79	0
0	0
0	0
0	805
0	51
0	225
5	193
34	4600
0	4605
0	4716
112	2130
0	1785
0	17
0	17
0	17
559	0
12	1082
0	584
0	582
1	37
0	548
0	0
0	0
11	8
0	1
0	8
0	0
102	2208
0	134
111	7358
24	7301
56	42
0	6
0	43
3928	3922
0	3919
0	3120
5350	4486
0	4484
518	840
0	419
0	381
38	3599
1	605
0	1044
0	433
49	3618
6516	4
34	96
269	1160
0	420
0	201
0	830
0	861
0	32
0	32
0	0
92	41
2	43
0	39
0	43
106	348
164	358
0	46
6	123
0	35
182	164
24	8
0	8
76	139
0	5
0	30
0	238
1	238
850	530
0	25
1	5
9	30
0	7
38	35
95	271
18	271
560	492
0	792
126	2706
3	927
0	2464
0	0
328	331
0	331
1898	1439
76	347
0	259
0	39
203	586
0	111
0	523
0	0
40	0
9	14
0	14
647	185
11	13
0	60
0	138
1	0
0	118
0	0
250	299
10	299
107	0
0	0
1349	0
101	0
0	0
0	0
628	5106
0	96
0	1171
61	1100
882	6755
0	0
0	0
8	0
0	0
0	0
0	0
9	0
0	0
11	0
0	16
18	0
0	701
1018	1470
0	1688
1526	59
0	58
1	0
885	2
43	0
61	161
1	165
98	84
13	208
0	237
58	237
0	0
0	0
0	0
10	0
708	1121
0	1121
0	0
3	0
0	0
0	301
417	301
43	180
28	180
0	0
0	0
0	0
0	0
0	0
0	0
583	157
8	30
17	0
0	0
0	0
4	39
11	41
59	3160
0	3093
0	1474
0	1466
0	1477
0	3034
0	0
0	0
4	0
0	48
0	192
0	129
29	9248
0	9398
127	708
0	708
0	4
189	0
1292	0
0	29
0	14
21	37
0	37
0	37
8	70
0	70
3	0
143	38
2	38
41	2422
0	2422
2	165
0	23
0	1670
100	1670
0	0
0	0
0	0
125	3
0	0
0	0
16287	15
2	0
9	42
2	42
4	28
308	28
0	0
2	0
311	0
79813	20057
0	4762
169	671
0	671
638	0
0	42
0	42
4	42
61	382
1	48
11	242
396	6101
2824	950
2759	5157
0	5
0	0
0	5
0	0
0	0
425	1
13	0
0	0
45	0
0	0
0	0
0	0
0	0
1	64
0	13
743	171
0	80
0	91
0	24
5	24
0	0
1140	611
19	165
10	487
11	23
26	200
22	333
2056	369
46	313
0	313
239	1788
33	1933
0	1399
10	0
0	2
0	2
87	0
567	2651
25	2474
0	2305
0	2386
89	749
0	322
0	695
401	523
0	66
0	489
0	0
0	0
0	0
0	0
0	0
0	6
12	6
0	0
0	0
45	269
4	204
0	16
0	54
2	203
0	269
0	0
0	0
5370	1650
0	1457
0	1462
0	1592
8	27
0	2
249	700
39	36
0	0
2	133
0	179
18	247
0	259
3	264
0	0
16	72
0	43
4075	11
0	371
0	295
30	371
0	0
0	0
0	0
0	0
0	1326
392	1326
4683	4
0	0
29	324
0	0
0	90
66	323
31	0
129	21
0	16
964	341
0	341
0	0
0	0
0	0
0	0
0	0
0	385
0	197
1560	2535
0	2337
78	0
0	0
272	4
0	0
86	543
9	409
0	508
71	189
0	189
244	936
68	936
0	0
0	0
4	68
0	323
2	675
0	105
0	216
0	801
3	697
38	132
0	44
219	518
0	7
0	0
85	0
351	620
16	8
15	89
214	709
1411	2
37	30
1	4
0	4
0	0
378	0
17	95
0	93
0	93
0	0
0	0
276	7593
4784	7599
179	2757
0	160
0	17
40	154
0	2760
0	2650
461	698
38	698
2	351
5	7
0	0
1	0
0	0
0	0
14	8
11679	454
0	438
65	1
581	1315
7	9
0	1315
43	275
1875	275
49	0
0	70
15	70
0	3
101	1141
19	151
7	1787
0	1793
0	1801
0	1787
2	1787
0	1801
0	290
240	1791
0	1789
1	896
42	31
47	31
0	0
23	4
0	15
0	15
159	223
0	223
5676	3
397	0
0	528
1059	1126
0	84
1840	0
204	347
0	344
0	217
0	0
0	0
1	232
95	367
169	368
0	145
10	104
1132	105
7564	1402
53	1393
335	4826
0	28
20	4798
766	0
12	485
0	10
0	485
0	0
0	2
0	2
0	2
0	2
0	5
0	7
0	15
0	8
0	0
0	0
0	0
0	0
1076	1
0	0
0	0
0	0
0	0
2522	0
815	2126
50	113
0	0
0	0
0	0
0	0
0	0
4205	369
149	0
84	0
888	0
0	31
0	29
0	29
0	31
0	0
573	0
495	202
9	18
0	190
53	63
655	0
0	0
0	2
0	16
0	68
0	15
0	15
0	16
0	17
15	68
0	8
6	8
0	6
0	180
0	10
66	1549
0	1580
23	1540
294	0
49	22
0	22
0	116
8	15
0	406
0	406
7	17
0	10
0	11
14	544
1	544
220	1213
108	383
130	1511
0	0
0	0
17	301
1676	301
0	36
249	232
0	8
0	0
0	0
0	0
0	0
0	0
182	54
0	12
0	34
2	28
1866	2
92	855
0	52
0	503
0	848
91	261
24	261
4	0
94	141
1506	69
32	209
1646	1119
36	112
0	112
0	0
648	0
0	0
1071	0
0	171
0	202
207	610
328	3564
17	3564
59	199
0	175
0	197
29	199
232	0
109	241
3040	4
0	4
4	4
0	0
0	0
284	0
0	3
0	3
0	3
0	0
54	88
0	0
0	3
0	0
0	0
15	0
17	87
1661	88
0	117
61	117
0	248
972	219
23	219
10	0
0	0
56	9
4	0
4	131
0	105
1	82
0	365
1636	613
0	372
8	398
0	147
0	193
0	413
0	513
0	533
0	1
0	1
10	383
0	148
44	69
44	645
0	69
0	645
75	0
1813	387
0	386
41	66
0	1
399	66
63	7
0	5
365	348
0	220
21	0
53	39
151	39
1492	2
0	70
0	81
5	19
0	9
0	9
65	290
0	290
530	188
0	38
4	135
0	23
0	1022
0	895
9	0
760	689
0	686
1103	0
0	0
133	0
10	0
0	0
3	181
85	379
0	0
41	6
691	195
0	195
2030	1843
0	1843
3	0
5	0
0	0
746	823
0	822
0	220
0	0
5894	2
1	0
0	0
44	291
0	235
0	46
117	501
11	62
54	986
10	1030
0	693
2784	216
2281	2
2393	3
0	0
0	0
0	59
0	0
662	1393
0	1317
0	17
74	0
238	451
0	363
0	402
0	378
0	387
158	589
0	3
0	0
0	98
87	98
978	291
0	0
74	123
0	115
0	115
46	195
6	173
859	0
2	609
0	2045
52	2045
433	0
99	118
13	120
0	123
128	719
0	191
572	721
292	83
0	0
0	0
1292	0
6	39
2	88
0	14
0	1601
14	6241
1	2082
300	6624
824	0
298	455
12	2317
16	2271
26	131
0	63
20	4417
5045	4418
0	1068
81	1068
0	0
0	0
0	0
0	2
2	2
58	0
17	128
0	7
7	59
0	62
0	66
0	0
0	2
1	83
0	13
0	13
4	174
254	258
0	7
0	71
0	15
1	3
119	346
345	12046
33	25
31	7114
0	7101
5	142
0	142
89	1086
26	1086
0	192
3	6
1091	7
1316	0
6	2
0	2
11642	24966
10	10277
0	6683
0	9299
12	13590
146	15248
5848	97096
1	13258
0	16261
52	97087
55	221
0	275
7	0
0	0
102	12136
285	12041
3071	0
60	537
0	537
0	522
2	54
0	46
58	1042
74	209
8	131
71	628
28	272
41	628
1731	786
0	780
0	39
52	39
533	142
0	140
6365	7970
0	7115
0	7586
178	12123
209	2
0	2
5084	9
3	0
15128	4524
0	4489
0	13
44	13
148	2393
0	442
0	2492
4373	574
0	572
13	0
239	5735
0	5246
0	872
20	146
0	0
41	146
153	358
0	0
0	0
80	139
0	11
0	326
2	125
0	206
123	1408
0	499
6	1389
0	0
13	13
0	24
1	21
0	16
0	5
0	4
0	9
2912	6
0	338
0	338
325	14
0	14
21	107
2	206
111	155
0	6
1736	114
64	269
62	375
283	0
216	409
8	188
2	404
2	409
90	347
7	15
376	15
71	24
0	24
0	35
0	35
322	2788
0	2788
1047	3
447	95
0	94
2	0
64	145
0	145
398	0
0	0
0	25
0	24
0	14
0	44
353	44
6449	9
157	558
0	395
0	406
2905	3461
0	3438
1	1803
0	837
156	764
0	809
0	0
36	203
0	2881
0	1006
0	2897
36	2937
883	92
0	67
0	73
86	2637
0	2637
233	0
0	0
154	0
0	0
0	77
13	77
0	65
0	1
84	914
0	914
50	288
181	972
2	972
562	2
0	0
0	0
8	139
162	168
0	168
5	111
897	113
0	0
0	19
427	3572
9	3572
0	68
0	1825
29	360
0	2326
0	2231
0	0
0	1066
0	456
4	110
0	2447
0	2269
96	2024
264	0
0	0
0	8
0	8
6316	1789
0	1785
2	400
743	3796
132	7669
0	1968
0	124
0	4358
0	7139
26475	22949
0	22914
0	4
0	582
23	586
0	20
0	20
0	20
0	246
0	252
9	7
14	252
275	0
25	148
0	148
52	575
0	575
0	575
4	558
0	1247
23585	1283
9	39
1	75
6	68
51	0
0	35
3	35
178	0
112	580
49	48
825	1962
34	1962
37	91
127	0
251	1906
0	1870
0	1662
4	1759
0	1438
0	1438
1825	1
1914	1640
23	1640
1023	2
378	182
0	0
107	169
14	169
64	178
181	177
53	22
0	23
224	23
0	4
61	0
0	91
0	1399
0	1769
78	4458
7	4378
2661	19939
1	12413
3	8229
0	19649
0	7
0	0
0	11
17	11
0	70
0	65
0	20
43	20
0	0
308	0
0	0
399	1215
7	61
58	1154
33	130
34	130
453	2952
0	9
0	648
341	2942
59	359
17	355
1	161
11	116
0	136
40	35
0	0
3	0
0	0
0	140
40	978
14	553
33	1202
14	574
7	174
0	280
0	1102
0	0
0	0
23	0
331	0
130	0
0	326
0	387
161	434
0	241
4	0
117	447
0	447
353	1250
37	140
5	140
51	54
956	425
149	525
75	525
86	66
26	66
99	1126
195	1126
1519	755
416	0
0	57
0	57
0	47
0	57
0	57
12	62
579	0
0	0
0	0
0	0
0	0
0	0
17	553
1449	1727
59	564
13363	20
4	2
0	2
366	245
0	31
18	214
1	21
0	6
0	21
19	8340
28276	12962
0	0
10	0
0	8
10	8
0	28
0	42
0	42
0	42
140	7
18	430
0	678
0	1204
75	4611
23	4198
0	3492
100	0
0	506
2382	3057
660	3062
2	15
0	15
1665	0
299	8187
13	889
440	8187
52	99
0	8
0	13
0	99
123	81
5	81
1809	2
371	2188
267	2188
9	1
0	0
379	0
0	408
162	4571
0	4558
0	3140
664	0
69	0
1307	636
43	636
10	143
16	0
247	0
1094	29
28	26
206	540
0	227
77	227
81	18
24	18
0	0
211	150
0	157
0	41
8	41
0	1
0	5
52	6
0	1
55	635
29	635
0	296
0	207
24	0
1867	0
21	0
35	1502
17	1502
0	817
0	0
0	8
0	479
3801	1496
0	1485
0	1489
0	616
3	159
0	1
0	391
7	563
0	592
208	0
16	0
3	0
9762	1550
0	1546
713	2021
52	2022
64	147
0	22
63	891
0	891
2284	2
445	199
0	199
0	0
18	18
0	3
0	3
0	50
67	65
0	0
0	0
296	0
4	3
0	3
0	119
0	55
650	175
0	0
9	154
8	6
1351	2703
0	5
0	5
0	4
4925	3
15947	26
2020	436
0	140
3760	3598
0	510
0	368
0	3545
1	3885
3816	2
498	0
1074	0
0	38
34	15
0	107
4	115
0	118
352	118
0	63
45	1893
61	1887
3371	469
0	442
18	1040
0	0
0	0
1	9
0	0
0	148
199	148
0	52
70	57
130	0
59	0
31	0
8	271
0	54
1314	408
0	137
0	0
49	317
0	124
0	343
6269	3017
0	860
247	860
118	31
1635	1684
0	1681
21	646
0	104
0	393
1	592
3323	2830
0	111
0	9
1	2885
11584	14
136	757
91	757
0	457
1312	324
0	226
2600	9706
644	9861
0	1358
0	12
12	230
66	8
0	4
0	8
0	339
3	259
25	339
677	6288
872	6443
145	1052
0	48
14	1052
0	0
0	0
2	775
1047	1763
3	1613
28	1188
0	0
0	0
0	117
0	196
52	472
18	458
4	105
226	105
0	22
40	20
0	22
3548	173
0	173
3	0
0	0
0	0
0	3
0	3
74	68
0	68
12	0
0	580
0	267
0	683
0	1190
27	3729
5	884
0	884
0	884
63	2894
2418	6741
1	6738
317	10
328	0
0	1938
296	1938
8	197
0	369
0	387
4	476
0	47
22	470
4430	995
0	439
0	551
151	4
0	0
322	34540
6794	26176
0	20895
6	33969
856	34316
0	43329
0	0
1	0
321	155
0	155
81	80
3	68
672	526
1099	0
2637	1
37	950
6	1609
4	1609
0	22
0	10
0	22
0	538
8	538
3	66
12	538
249	343
46	14
30	166
23	848
36	848
0	2
0	2
22	13
0	0
32	0
0	0
1572	0
52	634
0	45
18	64
0	51
0	34
0	97
0	0
0	0
16	18
808	340
102	237
2	123
0	131
0	88
0	175
471	0
517	0
156	1228
2	1250
0	0
57	0
0	0
0	0
3	143
0	143
3	191
24	356
0	198
607	419
0	164
4	147
0	0
0	0
0	7
0	7
1487	1395
0	362
4	0
0	0
44	24
0	12
0	0
886	2470
0	1678
0	406
73	242
0	1937
45	0
0	4
50	4
2941	1586
0	678
6	112
8	143
0	1407
0	1410
34	1647
16	232
2	232
1023	920
0	911
175	36
0	36
1413	3
0	0
0	0
0	0
243	238
662	572
39	209
0	74
0	42
0	566
918	460
0	460
4558	0
12	74
602	517
1	517
0	0
6363	5266
262	5259
0	0
0	0
0	726
39	4216
0	1209
6	2722
0	3462
7	41
4721	1872
0	1628
0	120
0	119
0	105
0	150
0	125
2	1159
108	1877
544	1703
3	0
0	0
0	0
148	1
73	2
32	39
0	39
1437	4
1116	5624
285	2640
335	7264
42	0
68	404
8	404
0	20
10	7
1989	994
31	1256
52	0
59	561
108	655
0	0
0	3
0	40
3520	40
0	0
0	0
0	3
0	3
14	4
0	0
0	0
0	0
0	0
8	0
2	366
1	163
0	18
0	183
0	379
649	20806
91	490
2139	4
227	120
62	0
0	2126
1	88
17	1475
0	1
253	52
55	52
46	2353
64	1315
6	120
3341	3812
4	1445
0	3799
10	213
114	184
3007	399
0	0
20	144
237	107
0	101
4	4072
0	4576
14	8309
0	5466
42	1307
0	8966
1	52
26	52
0	3227
48	21729
0	462
5826	4341
0	1023
52	4701
15	3921
0	37
0	37
0	15
8	15
180	8
0	8
0	0
0	539
0	357
0	308
0	216
21	0
0	298
0	560
0	133
1079	801
12	1
0	0
162	959
0	282
1802	1794
0	0
0	0
0	0
0	0
0	3
0	3
637	0
0	1238
274	1238
296	107
0	104
0	107
56	0
24	0
5	0
0	0
682	686
0	111
0	77
0	7
0	7
6	415
0	507
16	483
589	0
53	110
0	100
48	780
596	1723
616	1967
10	31
6	1833
0	1
2	1876
7	1876
209	62
570	695
5	136
16	314
228	0
0	277
0	277
577	0
0	0
5	0
34	6924
107	7443
6	9
0	12
2	79
7	20
514	236
24	99
0	37
151	0
873	355
398	883
27	7
3	876
6	74
6	1640
0	429
28	170
0	1570
2	4703
9	1659
0	4703
919	422
11	422
1179	20443
285	453
0	453
4046	622
8	24
0	175
0	12
6	652
110	3361
0	577
1523	0
0	40
0	26
0	14
0	41
317	11
0	11
4	13
3	39
0	146
397	334
0	184
539	142
0	8355
30681	8402
0	2
5	0
714	3463
4	2
0	0
0	2
499	1
2	0
44	21140
0	21127
399	19941
462	1638
0	2473
0	2575
0	200
4591	3515
0	1935
0	2749
6	4403
0	0
0	0
0	5
0	5
0	0
0	3
0	8
0	8
0	1
5138	5
717	1052
9	1052
3	0
364	15
0	5
2	0
70	0
0	2
0	2
0	2
278	2452
202	2452
0	5
0	0
0	5
0	5
0	5
0	0
14	0
49	2820
4017	2820
152	175
283	0
107	1484
0	239
4	971
0	634
0	891
0	971
0	1484
0	1531
216	8770
12976	8785
0	0
0	0
138	19708
0	362
224	377
266	218
0	218
0	0
5	18
0	18
37	144
6	146
0	144
0	144
3089	2253
160	0
0	1198
161	1198
1	21674
73	21766
0	135
20	135
0	207
2312	2608
0	3129
57	2484
57	3143
0	2710
49	3078
4	3217
10	0
206	0
0	26
0	114
16	176
0	149
407	398
0	398
3	0
0	0
27	1462
0	204
0	1378
0	1277
0	1274
1073	18683
0	18683
45	149
0	55
0	149
51	0
0	0
174	1
0	3021
145	20423
103	2218
4	23436
32	14
11	15
0	1
0	0
121	0
0	0
0	0
0	0
0	0
622	0
0	0
5	0
0	166
0	312
802	2924
0	21
0	2905
0	2905
96	55
60	4415
215	4470
0	0
99	77
0	77
1	0
9	51
0	28
297	19699
0	29
31	29
0	0
0	0
0	1385
0	26
76	162
8	168
462	1385
0	1539
8	1552
0	1012
0	1012
88	561
0	561
81	6
74	24230
25	24340
0	7
0	7
0	7
59	3152
0	3155
0	2992
1202	2
0	25
11	53
0	10
121	65
1161	8730
5	8729
4981	310
0	307
35	18
0	18
0	0
23	0
0	0
0	0
286	1
6	22808
7	22924
0	707
0	110
10	451
21	558
256	856
0	64
61	12
0	12
159	245
0	244
2726	2173
0	2172
22	11
0	11
5	7
467	19706
4	9
3226	1308
0	9
0	1307
202	23302
16	0
23	0
6	24
86	93
0	93
0	252
0	114
548	448
0	304
6	0
274	2898
161	438
6	438
0	24
15	70
58	93
2533	82
60	76
1490	2
579	536
182	536
284	160
117	0
204	303
0	219
0	121
79	235
16020	23
9370	4630
208	4613
0	162
0	40
204	979
0	944
327	551
0	551
0	14
3	16
0	15
4	3
10	621
129	618
0	4
0	32
0	1
0	32
1	19701
87	865
0	516
0	391
0	357
32	604
0	512
0	514
198	4467
0	120
9	4467
16	6
0	11
0	0
0	0
0	11
0	11
139	533
2	2992
24	19754
1	3132
731	3132
0	239
8	206
16	230
2991	6
0	3
0	3
1138	822
0	822
0	0
1699	1336
0	1326
21	100
0	100
935	3
6	183
20	183
14	1136
0	73
0	184
6	1046
17	1169
423	3
180	2550
4	2158
53	0
26	0
19	10474
0	6552
309	10842
0	5977
93	0
1	6
4	6
10	37
17	344
0	182
0	110
0	76
0	380
0	139
0	1218
91	1270
1	154
9	0
0	0
0	0
0	1
0	1
3592	592
36	40
4	19
0	0
0	11
686	54
0	54
0	16
0	37
18	86
0	49
1	44
0	315
0	607
24	607
274	275
0	275
2	105
339	105
10	517
0	517
0	0
11	106
0	1
127	254
42	4764
0	70
25	4824
0	331
150	388
23	608
0	538
7	418
15	625
7	459
0	610
0	457
0	220
0	131
0	43
0	6
133	221
0	0
0	0
164	117
0	117
9	0
626	4667
0	777
0	402
23	4913
0	128
1007	1466
0	1466
0	113
1873	219
0	219
0	8
0	0
0	0
1924	1708
3	94
22	1713
4	1658
0	130
0	28
0	41
0	66
4	33
589	291
0	909
0	107
620	909
0	543
5	637
35	2769
50	2133
113	2078
78	0
0	10
0	10
758	190
0	92
1966	93
196	3
8	0
5902	16
5	2
1365	706
2850	5
0	0
0	9
3	9
7	9
2	20
36	282
0	28
0	14
53	268
0	151
1639	2
0	14
39	14
44	5
0	5
0	41
0	69
0	149
0	142
247	0
261	109
0	132
7	150
1827	1322
7	1320
0	239
7998	331
367	74
0	74
9019	294
0	278
53	575
15	575
0	180
655	1338
15	1338
331	1691
0	1340
0	45
0	831
0	615
0	170
0	164
0	156
3	69
3	92
0	1
0	833
0	0
1142	118
35	206
26	413
1	1313
0	1313
0	0
0	491
17	378
270	624
0	2332
0	2058
3	2426
372	122
14	122
1267	223
0	223
0	512
2	174
6	338
0	1124
0	1246
0	1613
67	452
263	454
0	3
9	124
13	124
0	0
0	0
5519	873
0	294
0	22
63	166
233	482
33	262
0	235
30	262
1178	147
845	0
0	0
0	0
163	101
0	101
4778	933
0	928
0	468
641	401
33	514
1154	538
66	0
119	345
9	345
0	0
0	0
0	0
0	9
1	9
0	77
1606	79
17729	29
190	255
0	255
401	0
152	522
404	522
6250	804
0	793
0	0
0	0
0	0
289	189
355	334
0	334
1068	1201
123	410
506	2920
0	2636
0	1824
3	2841
0	2465
87	0
169	16
0	12
37	0
7054	6
190	652
0	652
45	0
629	2431
17	2431
0	250
987	251
0	66
1149	1792
0	1792
0	5649
0	702
9747	6474
0	804
6	258
0	258
0	22
33	22
0	4
41	4
21	32
0	32
0	0
0	0
10	5
0	5
55	0
0	132
1	134
2	134
0	0
0	0
60	0
338	298
0	298
1380	343
0	138
0	195
0	23
65	429
0	429
639	446
0	106
2	23
0	0
0	1
0	0
0	0
0	1
0	1
0	1
0	173
0	60
0	34
0	173
0	138
0	173
0	32
0	5
19	372
79	53
0	53
1771	702
18	14
0	14
6664	386
0	34
8	34
155	18
0	18
387	0
38	462
15	431
241	59
0	58
0	664
115	664
0	333
0	114
0	114
4	0
0	0
1495	3995
0	4199
0	2758
0	22
0	16
0	22
0	32
0	32
126	0
17	166
0	0
0	187
0	58
0	69
132	72
23	61
18	67
33	0
15	20
1121	340
3647	1
2035	637
63	637
12	64
48	64
528	0
1715	0
0	145
65	276
0	8
153	0
16	21
1607	2808
0	715
0	1564
262	2613
0	0
0	0
2005	1
0	33
21	615
90	648
6	0
12	0
0	9
0	0
26	9
0	3
0	23
0	23
1117	5
1331	107
0	107
341	0
813	0
0	41
0	43
49	73
46	0
0	11
4	12
0	12
0	0
3	0
124	429
124	0
4	0
1	0
0	0
0	0
293	93
864	0
408	0
0	1
0	10
0	10
0	18
0	14
0	5
0	13
0	1
0	0
0	0
0	195
410	971
0	971
0	147
0	0
0	0
0	0
0	0
14	651
12	548
0	606
3	15
0	15
42	316
2	27
141	228
0	321
1229	528
0	36
707	1242
0	1456
3	506
0	74
63	1456
18	6
20	639
208	639
114	0
509	0
22	264
64	264
2098	756
0	22
27	22
629	347
3	347
87	28
0	28
18	1211
4325	1418
0	1378
1233	657
263	451
0	462
0	327
434	328
288	3808
47	3538
45	0
0	47
9	47
0	0
0	46
5	540
170	542
144	246
0	188
0	62
47	62
2	3
0	25
1875	1128
0	1127
0	159
0	274
6	274
0	235
1630	2
475	0
376	823
0	823
0	2
0	2
4	6
2	5
0	0
0	5
25	95
21	95
3	0
0	0
20	315
0	315
2696	1368
0	3249
54	371
153	2829
159	1172
0	356
38	1169
662	39
0	38
0	716
176	716
2902	0
0	11
79	11
0	1412
0	1424
0	1463
8022	316
12	312
1	533
1	533
42	869
14	101
0	391
512	2412
0	698
0	1629
2	10
65	10
1865	664
0	81
0	69
0	102
0	83
587	1
166	1566
160	1566
77	0
53	858
70	858
86	33
0	558
309	558
0	2
0	2
11	107
0	115
8	185
0	256
0	288
39	289
0	217
0	228
36	3
0	3
226	3659
3	0
0	405
0	403
0	92
62	437
590	1655
2126	1924
247	1924
17	37
611	1092
0	966
0	218
0	225
3661	1433
646	1427
2	33
26776	32
131	0
121	1344
0	1402
93	832
0	2
1343	2
35	16
9	2426
804	2514
9	2306
488	20955
261	20955
1300	1
483	138
0	0
0	138
19	0
2217	7
524	1854
30	1851
11	289
0	416
0	360
0	278
0	367
0	357
0	413
0	423
0	11
187	1159
0	1433
0	1436
21	1364
0	0
0	0
0	0
14	0
7	0
34	0
0	0
0	0
0	0
0	0
0	0
0	12
0	0
0	12
210	0
0	0
17	15
0	15
194	0
0	0
86	8
0	8
39850	85
0	35
3720	2184
0	2180
0	2180
1738	1
9	226
0	226
9	225
32	154
526	247
917	75
44	428
0	68
26	513
2	34
3	2
0	2
94	225
0	311
4	0
0	0
0	17
0	368
0	174
0	174
0	31
16	385
0	413
0	413
16	411
0	418
0	365
0	413
1685	51
18	51
5	1891
92	2060
10	1268
42	100
0	25
0	100
0	109
0	347
4	1123
0	513
232	1066
7	7
113	186
0	0
0	186
0	186
43	3804
0	558
0	495
2	3732
100	0
0	8
227	586
0	537
42	581
9405	7
127	2743
3	2743
26	20
57	22
286	1
51	1
429	652
0	652
1069	0
0	0
1897	19
294	13
0	2
37	28
55	30
852	95
0	93
2296	9
0	34
339	364
1	261
4736	8
3538	0
455	34
277	0
0	1
0	1
0	55
1	189
4	0
0	51
0	140
12	0
0	422
4162	6602
0	6581
9041	17
228	754
0	754
128	363
67	96
527	1177
0	94
4269	7084
378	6225
7	5764
40	4
0	1
0	0
295	0
12	0
104	4401
757	16
237	734
4	3759
40	754
93	2317
2823	15996
0	5434
0	10553
0	2
0	0
0	0
2	5
3904	1153
0	1131
2	31
2	97
0	211
80	418
2151	1
0	1602
369	2067
655	0
0	0
70	237
19	93
22	670
0	13
0	670
59	0
72	48
519	778
0	778
238	104
181	0
0	36
44	36
1341	727
0	725
12	724
0	664
940	976
23	96
51	949
0	33
0	7
0	35
1134	1
7	1224
1320	1224
6912	1925
0	2011
162	155
0	0
0	5
0	76
4	76
0	132
108	1012
3	1003
0	0
0	0
462	456
19	456
337	917
0	0
0	321
0	761
30	154
0	154
25	1083
0	563
0	558
0	509
0	555
0	557
0	555
0	193
9	193
0	191
130	191
475	11811
5901	14269
38	5860
210	0
30	430
0	430
6	8
118	0
0	0
85	99
3	99
0	0
0	635
0	624
11	1
0	1
14	0
43	54
0	144
124	147
331	679
0	20
5	27
182	27
63	39
64	2
8	1714
0	0
5569	9288
82	0
35	74
967	75
0	2
47	25
36	25
0	548
0	354
0	385
251	347
761	347
59	53
0	53
133	20
0	20
555	1
8	0
0	7
0	0
0	7
0	0
0	87
1843	300
0	300
932	0
71	139
7	139
1091	748
0	748
1009	40
0	40
13	1107
0	5
0	4
0	953
488	1758
3	1758
0	3410
0	284
0	285
42	5846
1433	5937
317	0
0	54
22	75
0	50
0	137
0	87
0	137
1943	480
0	478
119	376
0	0
574	196
0	196
28	79
186	164
0	0
0	26
0	177
0	177
0	200
295	353
0	61
0	319
92	836
389	836
6595	1063
0	0
0	0
0	0
0	0
127	1073
20	1073
11	120
1729	686
69	202
48	425
709	0
11	33
6	33
0	0
2	0
0	7293
4	7293
283	0
1320	3
1505	5
897	1
8	31
0	52
0	2
1333	0
0	12
60	12
1926	6
4314	261
0	253
918	500
2252	0
0	6
0	0
15	76
0	76
0	0
0	0
67	0
0	0
0	2
0	4
0	4
0	0
0	0
107	1
0	0
0	8
0	730
1	185
3	0
34	724
0	111
0	578
42	8
0	8
6266	3160
1898	3155
0	2245
34	2203
1215	0
31	6
0	6
1655	768
169	767
6	167
309	167
2268	429
1	413
0	405
28	63
7	0
0	12
38	224
0	221
0	210
31	14
5	32
0	32
89	82
0	141
192	325
6779	553
840	215
16	54
0	155
38	4
0	4
30	0
499	4519
1957	1773
99	4491
0	2793
0	264
3	350
10	414
2	138
0	200
0	2777
0	2675
12	2857
0	2676
14	82
0	22
0	0
605	1686
0	1685
2	0
0	16
32	180
0	176
787	1841
0	1839
0	1814
7	856
97	918
0	258
3	357
0	0
0	0
0	2
0	0
0	0
268	1911
1340	2048
58	53
30	2043
903	0
776	6148
0	530
5	307
0	6255
0	520
0	5
2694	1012
6	1026
16376	2361
0	1708
0	8
0	6
23	402
0	256
1203	1429
37	1039
0	6
0	21
116	371
52	1689
354	1389
176	1459
502	44
0	42
489	551
0	62
30	161
0	354
34	0
0	138
52	138
0	8
0	6
0	0
425	39207
27542	39243
1403	1235
0	210
0	463
452	151
0	6124
0	537
0	563
120	5892
12	5958
0	6265
1318	4
0	9
0	7
105	0
6	7
0	7
0	0
0	0
0	0
276	23
0	23
182	0
0	5
0	73
0	725
788	871
208	870
0	627
0	0
0	0
0	0
0	5
0	11
83	176
56	176
0	0
393	0
10	18
309	1730
30	22
0	22
0	6
0	0
0	0
0	0
44	69
2008	6
2136	1230
727	0
208	0
0	33
0	83
1897	769
0	768
0	19
0	42
0	42
54	192
2297	4038
231	1391
0	4035
0	0
0	0
2	1676
7514	3524
0	2170
34	4463
1153	1344
0	51
0	455
28	1343
338	0
218	0
423	998
5	995
0	0
0	0
0	0
0	0
922	345
0	267
0	297
0	106
508	154
20	48
381	0
0	2
0	0
3	0
0	20
0	40
0	40
11	139
175	163
17	49
3	11
0	152
7	0
133	0
17	126
0	126
4	0
31	88
101	88
533	131
0	129
5	0
255	3787
36	2817
3	2869
25	3578
1084	1
0	9
0	9
0	26
0	26
20	15
33	15
83	0
52	0
10	35
0	80
0	80
0	32
716	32
0	100
20	7
190	0
11	188
36	188
442	18
0	692
11	1586
3	571
120	1437
0	554
0	551
27	1267
0	0
0	0
427	45
0	45
0	60
0	260
0	98
0	19
476	394
0	0
10307	20
0	860
2935	926
7	900
812	711
0	711
32	2
0	2
3897	1320
0	1318
0	523
2821	15
308	1068
0	1114
0	1170
10935	85670
0	85649
0	0
0	0
4	8
3	8
8	0
0	0
0	0
13	0
54	120
0	22
92	27
123	145
176	1467
2882	1180
0	6
0	139
3	1022
0	749
0	746
0	9
0	15
0	1
81	25
13	436
0	80
0	435
40	17
2020	1
46	218
549	218
0	80
249	59
0	59
0	632
0	570
20	3232
6	210
663	3232
0	12
21	62
30	319
23	1
0	1
0	0
250	957
38	957
0	4
0	0
0	1
12	5
0	5
6	65
0	65
3	65
4048	7
0	1323
618	1325
8	0
0	3
24	361
0	404
0	0
0	0
0	48
15	56
752	105
6	104
142	678
234	678
203	4883
164	4883
3	0
0	0
21	0
0	13
0	13
0	13
0	12
0	13
5	13
0	8
58	160
337	1085
0	888
1844	0
0	286
2541	287
10	0
11	0
15	403
13	403
9	21
0	0
0	21
33	10
76	86
1148	1261
0	438
35	497
0	1262
0	0
0	2
2	8
34	757
0	656
0	559
0	550
0	490
0	490
0	636
29	776
0	608
0	540
10	2075
2	2323
3	0
0	0
0	0
0	0
0	0
0	0
63	75
0	75
166	29
207	0
720	1732
1	1732
0	0
906	3
0	0
0	0
0	0
0	0
150	161
0	72
1	0
0	299
479	1840
1298	1085
5	5
0	5
0	98
2830	99
1548	1
0	0
5	0
1234	0
6	1
117	0
4	219
0	1
958	1
799	0
40	8
0	8
0	317
1670	584
121	552
0	191
0	0
0	747
4146	4447
4915	2155
0	2154
1057	0
1152	0
0	0
1782	0
0	113
338	113
0	3
12	6
520	6
45	0
438	660
394	660
213	3
3	5132
3524	5071
0	2539
0	2401
0	2349
0	413
0	239
0	188
11	407
16	135
151	135
0	0
0	214
0	263
0	264
0	264
764	1
30	146
0	20
91	0
182	277
0	208
39	277
0	119
0	0
0	0
1823	0
107	3
8	169
0	169
6648	2033
0	1997
0	1891
0	1987
0	1983
0	115
0	16
0	10
23	144
451	1002
0	1000
0	106
6	84
0	36
53	123
21	38
0	38
0	0
0	0
0	0
22	30
0	0
36	30
481	699
40	1798
0	2227
0	1953
7	1654
161	10342
667	11327
9	10697
246	10174
14	0
3	178
443	506
0	506
0	127
0	120
0	14
36	14
122	30
0	0
0	4
2	28
0	458
0	36
0	37
31	685
0	301
0	488
17	199
23	150
0	190
0	1640
3605	1640
46	0
2082	1123
1164	2208
0	18
0	163
0	305
0	29
0	237
0	288
0	287
79	281
12	174
220	281
0	0
0	20
0	36
0	36
200	418
1424	1324
0	1314
17	0
0	0
0	0
141	41
183	129
0	70
0	313
0	32
0	313
32	1294
15	280
90	7
0	0
0	7
32	3873
13	3873
0	791
927	1202
0	1202
0	921
1373	1759
15425	19
12	0
277	3906
4	4410
7674	4161
454	0
0	0
0	0
301	2
139	1718
2	1718
89	91
1683	0
0	2539
0	946
5	209
0	1487
1146	3322
0	1744
0	3563
0	83435
195	91070
0	90150
2132	20173
2	0
0	57
0	0
0	113
0	178
0	178
0	141
6	0
71044	4655
0	4570
0	3304
0	2
3	2
20	213
8	213
8	2
0	2
753	150
0	150
205	1
368	15216
0	12363
0	4792
5	12621
8	12130
510	365
175	406
0	288
106	6697
0	1548
13	4820
103	3404
107	1338
0	343
0	378
0	1364
109	0
0	1
1	1
0	1
0	1
16	116
0	66
22	74
0	72
0	54
0	68
0	24
0	0
238	0
440	171
0	171
15	49
0	49
2	269
135	269
0	172
256	727
0	172
0	0
599	0
0	764
0	186
0	844
466	875
35	104
1202	0
0	792
445	766
2316	421
1721	334
0	334
38	0
0	0
3	92
0	92
0	87
2444	0
3402	375
0	5
1724	6289
96	0
0	0
0	0
0	0
0	0
115	110
0	110
36	31
0	31
33	18
3	12
17	12
0	10
7	0
3270	5056
58	386
5	13
64	13
0	1978
99	1979
301	93
3	93
0	9
0	4
2	541
96	617
796	207
63	0
0	13
0	16
0	16
17	0
0	0
0	0
130	26
0	26
0	0
110	69
2042	244
53	237
5	6
619	298
0	296
9651	2130
0	520
0	10
0	386
0	495
1	364
502	2484
0	845
17	6
0	0
4902	12
497	669
0	669
1027	0
0	3
2	3
0	686
40	274
2074	719
0	0
0	4
5	8
47	3859
158	8907
168	4945
11740	8155
0	8237
809	3465
168	1806
62	41
0	2896
0	41
0	41
0	2918
9	365
13	465
1268	460
0	35
74	103
0	28
0	18
5837	6
759	382
12	382
3822	32558
0	8696
9	36186
0	32729
27	28895
68	3049
39	3049
3814	3
8	49
0	49
1	0
57	0
5	6746
29197	9343
16	3391
31	0
548	754
0	2
0	2
0	0
287	0
0	7
2084	1853
0	1845
1	194
33	194
0	82
125	0
2103	2
1789	0
105	0
3509	0
441	70
777	530
0	1
0	3
0	209
245	209
65	375
0	485
0	476
0	5
9	38
133	205
0	205
597	1164
0	1164
1503	2480
59	969
0	1701
133	2067
0	1708
11	1098
49	1098
0	1098
4108	1321
0	1304
54	4357
519	2294
0	4811
0	0
0	0
296	961
0	776
11272	1223
10024	22
29	0
81	0
0	0
0	0
0	0
0	11
7	0
162	316
0	316
707	492
0	79
0	84
64	413
150	1416
3	1416
125	459
8	0
0	0
178	0
10	0
0	147
5	19
0	217
0	0
0	232
0	122
128	105
128	109
0	109
0	17
98	17
39	576
0	311
0	133
0	253
17	34
0	5
0	19
0	39
1420	2
11	436
19	95
53	582
3268	1074
24	35
0	35
0	5
0	11
0	0
8732	10
94	84
0	56
0	36
4	48
0	0
4	3
0	1
0	3
6	0
0	0
7	0
14	143
18	47
210	2056
0	844
15	2056
1	85
424	0
6	1864
16775	1882
5	12
0	0
0	0
0	0
64	59
25	165
418	1588
62	428
0	1603
1	21
0	21
4	0
0	0
431	0
7	0
500	72
0	71
129	0
132	4086
0	4093
0	4242
87	0
2356	90
8	88
93	306
0	165
343	2983
518	900
0	2695
0	0
0	0
0	0
271	38
1546	3
4	0
10	33
0	5
0	11
0	29
7	0
45	785
805	785
8148	2636
13	1389
165	0
0	426
0	429
0	568
0	590
610	265
0	73
0	107
0	116
0	73
0	73
0	0
0	0
10	1
1967	2969
0	23553
0	24287
33	24350
1050	2450
257	164
5	85
74	0
607	5692
0	4402
0	5249
0	769
204	6908
0	2192
0	4084
1246	6907
26	44
0	44
0	12
0	12
1	21
0	9
0	14
0	2
2685	2659
171	2654
33	1
0	1
0	3
101	2
11	0
2923	8
0	0
0	0
12	2
1729	599
1	590
47	134
0	0
0	0
13701	23
0	0
0	0
0	94
669	94
132	48
0	47
2779	0
100	39
3	161
0	168
0	168
45	262
0	256
0	0
0	0
0	1
0	1
3493	1611
0	0
0	4
0	4
47	169
0	169
689	251
242	1
0	0
0	0
0	4
7	24
0	24
961	2942
0	2940
0	11
430	0
104	1826
9	1204
25	538
2	4960
12	4698
24	100
0	0
2	0
484	0
77	623
6	2599
0	6868
295	5866
0	0
4	59
0	51
3	0
0	51
0	206
13	1034
0	1158
0	1120
6	0
360	314
0	142
0	314
1309	8
1	0
0	0
10	8
0	8
332	2
0	0
1401	570
0	570
3	108
0	108
0	3
0	0
0	0
43	0
3320	832
56	832
5	47
0	383
2793	411
0	3
0	526
0	126
0	5327
95	5493
0	5234
3	0
0	0
0	0
76	4
0	4
414	165
145	6
2	6
0	0
0	0
4	401
0	19
1875	519
0	168
615	1
126	265
1585	1
62	414
0	414
0	213
70	1269
13285	2622
0	1493
9	686
41	223
18	28
670	28
0	0
0	0
101	0
1822	287
1	14
31	261
0	601
0	46
0	852
0	1106
1928	2851
0	596
20	563
9	519
1	95
0	191
105	214
0	129
0	0
4	0
0	0
0	0
0	0
0	0
174	0
220	0
0	0
0	17
0	11
0	0
0	253
2	58
274	1150
44	765
73	166
226	0
3316	10471
7	2147
0	10246
118	106
17	330
135	839
0	361
0	165
1	16
0	386
0	150
17	276
0	806
0	507
1291	957
82	119
14	888
0	0
17	267
0	192
12	192
0	47
4	41
71	99
0	0
0	44
163	1913
0	1913
2	721
6	177
0	144
3	623
95	2
3619	4357
57	4356
1919	313
0	307
10915	29
0	0
0	0
0	0
0	0
0	0
0	0
17	0
0	3
0	3
0	3
0	0
0	3
5196	961
77	289
0	855
1611	2
2	0
1702	901
46	174
0	901
46	901
846	0
0	0
68	1352
0	1
0	1507
137	1493
0	2
0	2
0	0
0	0
0	2
7456	936
0	137
398	0
0	0
0	0
0	0
0	0
0	0
0	0
0	0
0	0
51	0
3	4
494	1019
44	1018
972	6059
658	6059
49	588
0	588
0	0
773	0
36	35
41	1217
17	509
450	1037
5	257
69	45
0	45
0	0
5	115
0	1
4279	444
61	442
475	436
0	436
5452	2010
310	66
1	64
4	0
236	338
66	3578
14	3649
0	3351
0	1
0	1
0	1
58	0
0	5
0	5
4	0
83	320
18	320
124	4627
15	1788
14	224
0	226
3	4578
0	4531
8733	6
0	0
0	0
4310	4953
20	0
2290	11
134	39
0	24
12	15
0	377
608	544
26	166
11	178
0	63
0	134
0	1965
26	1853
68	397
0	1740
0	1786
12	2073
1692	1
13	31
0	22
2	42
8	652
0	511
16753	438
15	68
103	68
11	0
1922	0
0	0
0	4
0	4
445	0
34	11
2	1
0	11
109	1
0	0
0	2
0	2
0	807
0	891
0	880
0	527
60	891
0	2
0	5
283	380
0	407
8	407
0	5
2	5
3	0
2426	1
0	1555
104	1566
90	1566
45	100
2	323
14	323
0	91
542	1493
126	1493
1186	917
0	250
0	4934
0	2993
0	4865
1486	4901
0	0
0	0
13	47
662	0
0	52
8	20
47	101
1	18
5	40
12	37
15	139
1582	674
3	540
248	810
14	369
45	113
655	113
3357	7347
0	51
0	51
79	1566
0	135
61	224
1	1396
0	1604
0	1653
315	0
6	5
0	5
0	117
0	0
16	15
598	0
159	4
0	4
97	0
0	0
244	582
0	582
40	433
0	433
469	0
0	0
0	0
0	500
0	811
0	227
2276	771
0	6
11668	10
187	1606
0	1606
0	14
93	14
4918	290
13	284
0	10
3	10
174	8754
0	7134
639	4451
15	11117
12049	11136
0	0
0	0
0	0
0	0
0	0
0	0
23	13
0	155
46	0
12980	695
0	517
1743	1622
79	0
0	0
1067	137
0	132
11	217
2821	653
4	13
160	655
27	679
45	640
0	6
56	66
155	704
0	0
692	27
4716	2627
22	0
0	246
1484	3
238	2007
23	1946
0	1931
31	1930
0	0
0	447
298	447
0	152
195	601
0	134
40	632
150	2704
0	39
0	314
0	708
0	456
130	808
0	1411
59	687
0	171
15	511
0	469
0	0
37	0
453	133
4	133
3	0
685	0
12	1610
2600	1612
674	0
136	74
0	74
227	2063
58	2097
0	119
4431	119
194	193
0	193
95	0
16	149
22	149
6	188
0	3
0	16
0	19
0	37
26	41
0	0
117	463
0	463
3	235
5	3527
0	3517
6	3548
39	3547
8	3523
29	103
0	42
0	61
2	27
271	1994
12	1994
35	59
0	0
0	0
557	595
6726	3
0	0
1	1
4	1
0	1
1050	157
0	4
0	4
0	4
42	141
1506	375
0	149
40	433
513	434
1067	0
3834	0
4	6
0	6
277	0
75	106
0	106
96	239
155	2571
10	421
518	2474
7	34
0	34
0	0
0	1407
3229	1409
105	124
1441	8
302	0
27	0
76	71
0	71
21	0
0	0
0	29
4	35
0	1
0	22
0	22
6	0
0	735
0	461
0	137
0	735
0	205
0	0
0	205
46	363
0	140
0	0
4	1533
420	1493
0	1541
348	568
0	128
17	863
630	771
90	2394
0	989
0	980
0	2228
0	1698
1077	83
0	83
243	1079
0	1079
0	64
159	320
0	159
429	253
91	108
0	30
0	29
38	23
402	53
526	0
0	8
5	8
0	3
1	3
5148	687
12	684
25	16
0	16
41	2697
0	890
0	1232
0	1562
0	1874
0	901
0	726
0	705
1	557
0	1288
24	3379
0	68
0	3402
0	3310
100	3448
10	3402
0	743
0	326
0	236
0	339
0	321
14	904
0	738
31	767
0	764
2198	1522
88	105
0	1518
1349	198
0	114
0	83
39	86
0	24
0	69
889	5
0	3373
0	3214
4	3385
0	3867
0	3897
0	3761
2443	41430
0	36243
12608	42803
0	42795
148	35347
85	0
846	2
0	828
0	385
0	421
4029	1112
115	0
9	225
0	225
3	91
0	225
0	6
14	1
0	0
0	160
0	18
224	161
1	0
2977	6
0	0
0	286
0	1920
2	339
209	1914
0	2
487	0
576	157
0	71
0	86
185	371
148	881
36	881
0	0
0	0
0	0
46	0
17	25
0	0
0	25
464	54
21	174
156	174
0	2721
1065	2722
42	1
203	315
0	315
164	0
1165	0
0	8
0	8
35	351
0	351
85	289
0	289
0	331
0	272
1043	9
1378	4
0	15
103	22
0	22
0	0
0	0
6	9
49	0
0	306
0	310
0	2530
2663	2536
1652	1164
14	417
0	975
1031	58
0	57
0	8
0	8
0	8
0	0
425	208
0	208
884	1392
0	1392
743	101
0	74
1	44
0	198
0	192
0	75
1245	77
0	55
11	449
4	449
0	1
0	81
86	176
0	99
0	68
0	0
383	3
43	18
1036	949
26	948
0	0
0	0
334	256
0	256
0	67
0	60
22	60
7	60
0	0
88	368
0	404
98	528
0	157
955	529
762	551
2841	2
16	0
1295	480
7	479
3	0
25	54
12	0
119	0
0	3
9	38
19	183
46	329
0	318
0	8
0	8
0	8
0	2
17	1141
4	701
41	718
47	733
0	19
0	239
0	1066
239	1085
722	269
0	7
0	173
2	173
0	153
878	1
3732	16
0	13
717	0
0	1081
0	306
0	378
0	1057
0	2307
0	725
0	2441
140	0
396	32
0	29
0	0
0	222
2252	2658
122	2730
0	13
11	1
4	9
0	16
0	16
0	16
428	0
14	1
0	1
13	1
28	216
1495	937
0	927
0	105
0	93
297	104
0	104
4148	718
0	718
0	0
1400	637
0	637
0	17
4	41
379	129
183	129
0	458
7	41
0	38
65	359
2	72
0	52
42	481
0	789
0	789
0	0
0	0
0	0
0	2501
2	88
0	2329
0	2199
15	1353
0	5448
836	5451
16869	15780
0	383
0	15757
8134	8080
970	7894
2	27
0	5
0	0
8	0
0	433
6	143
0	6
0	143
0	145
0	433
2380	5
338	157
0	36
0	121
47	7
0	451
0	16
90	16
0	0
1332	0
135	1281
1691	1283
8221	8
0	69
298	546
0	541
0	0
219	198
0	28
33	290
1595	5
0	1035
30	1037
4	0
0	0
7	0
34	0
1753	1
46	112
29	112
560	0
59	0
1	1115
0	1185
0	1185
211	2309
1444	2310
8	2
0	0
0	2
46	156
0	87
358	87
431	258
9	514
29	146
205	1439
0	283
4	1452
50	0
0	0
198	0
3	665
0	662
27	0
499	60
7	60
26158	19
0	0
0	3
0	0
0	0
31	3
61	6
0	4
0	4
0	0
658	0
47	80
0	80
2	9
0	9
0	9
0	9
1138	0
237	0
0	0
0	1510
0	154
0	131
0	9
32	1670
2863	676
46	4
6	0
0	669
1	441
475	393
8	663
0	722
0	2822
0	2785
25	2230
0	0
0	0
720	0
12	0
37	50
0	50
0	0
0	0
412	1
0	1
115	618
156	618
0	0
0	0
2	572
0	220
0	282
0	222
0	5536
17	8431
7554	38251
0	38250
0	107
0	0
12	24
13	1371
30	1400
10	1265
79	55
0	55
55	10
0	10
0	3
742	321
0	320
41	0
3472	0
95	107
0	106
1024	42
0	37
14	22
0	3
0	18
0	0
0	0
1929	2
676	0
0	0
73	40
0	40
0	3294
282	14035
212	3191
0	1198
7811	14749
0	0
0	0
0	53
171	53
236	7714
156	7198
0	5180
0	0
0	8
15	8
342	0
162	211
6	3
19	211
0	201
1321	4
13	306
0	152
0	87
0	191
0	82
0	111
0	64
0	123
1	63
7013	13
64	121
55	137
2	12
2554	170
18	0
0	4939
1310	4939
9	0
0	3
0	3
0	31
5	5
0	52
454	346
0	343
7	351
0	482
101	484
9	0
0	0
6	0
84	0
984	2
1	67
0	10
469	22
0	0
30	54
766	520
244	0
11	0
20	4
0	0
0	776
481	780
11	0
242	462
668	462
13359	1929
1	1893
0	805
146	100
11	336
2	82
0	371
0	352
0	0
1196	3
0	5
6	35
0	98
0	87
1005	220
668	1
0	0
0	0
0	1
0	0
11	0
291	59
1	59
315	117
0	117
6181	13
317	1115
128	1115
0	124
0	63
0	108
0	121
0	76
16	92
48	0
0	0
0	0
0	0
0	0
0	0
0	982
563	982
1	33
1135	33
43	857
0	317
367	843
1805	37
0	37
2261	3
48	1
2149	1556
0	33
0	12
0	0
0	21
0	149
30	149
104	325
12	2600
139	415
0	2600
4459	21
0	12
3	156
85	1
3	331
605	458
178	1624
44	1624
0	0
0	0
0	0
0	0
0	0
17	87
33	87
0	321
27	390
0	326
0	261
0	0
0	0
0	0
0	0
12	220
150	220
0	64
0	64
9	65
15	17
0	0
0	689
7	426
0	276
70	0
8	491
0	177
0	142
2	83
0	46
218	31
0	31
18	35
11	5
6	20
0	5
0	0
0	0
354	559
0	301
0	14
0	574
2978	6
1900	3
15865	17
0	0
2219	0
243	94
0	39
2540	57
3646	3323
0	3323
10	10
0	10
87	0
1143	1
2	255
7	365
296	1016
0	86
14	68
0	978
0	0
0	11
0	12
0	15
0	12
45	0
3535	361
2	353
7	0
0	3
54	6
541	0
126	0
42	401
11	126
11	348
0	925
9	2299
0	2299
0	494
21	449
2	21
6	235
0	61
13	235
0	47
7	218
907	1437
0	1312
223	2
0	0
8	12
2	12
0	47
1725	697
0	698
9	682
10	87
0	0
0	87
0	87
0	87
2	63
0	63
3	36
0	24
1	69
770	0
2085	3
189	177
0	45
52	506
0	506
197	82
0	82
0	0
0	0
2	0
0	0
0	0
0	30
0	31
0	31
3553	489
0	489
236	384
0	384
1473	0
11	80
0	80
5	80
0	2
10	2
93	118
4	26
60	118
3	64
0	0
356	259
0	230
0	123
60	124
0	124
15	469
0	69
0	276
0	404
0	421
0	470
4598	4211
3704	4205
404	1852
1110	1856
0	1788
3	102
0	125
559	1424
0	1380
107	1378
1714	3321
2	3321
0	597
0	1113
4	373
4	148
22	76
6	299
75	1230
5	17
5	31
0	42
533	1160
33	1197
10	1155
1079	6
78	517
0	0
0	0
0	7
0	147
0	86
40	69
85	367
0	383
0	307
14	0
240	1494
76	1532
4579	325
0	321
11	808
3315	813
33	74
0	0
0	0
1271	4
0	253
0	87
0	87
0	73
0	73
0	83
4119	3
5	1
0	0
3	81
22	145
0	40
6	341
3	92
0	68
0	44
0	312
2435	1
303	245
0	245
0	0
0	0
0	0
0	0
0	2153
0	7863
46	8885
0	8880
3061	3
2665	1
481	13504
0	10898
441	13504
454	758
44	408
1	758
3	0
0	0
0	26
0	83
11	83
283	0
0	52379
2970	52379
148	1602
68	99
24	1525
0	141
4	34
99	516
0	508
0	968
101	968
0	113
793	114
2127	119
621	117
282	0
0	54
0	0
0	0
0	0
0	5
5	170
293	7243
0	7234
15	3091
0	7133
0	1
0	1
0	1
0	0
0	0
0	0
52	650
0	700
4	0
0	7
4	7
193	0
0	665
0	1638
1221	2457
0	2096
0	2457
73	2851
15	2505
7246	10
0	564
0	136
0	416
0	115
0	209
6	715
0	345
0	345
0	708
0	51
0	6
0	0
0	0
0	0
0	0
0	0
0	654
12	24
6	2011
46	2075
3	0
865	0
0	0
0	0
0	12
0	112
0	73
11	231
191	0
385	2
0	0
55	2
0	0
0	0
0	0
0	0
0	0
395	2490
228	2489
0	181
0	542
402	725
73	3104
0	3164
1563	2881
0	3
0	3
1	0
0	0
7717	3
60	322
54	322
287	1054
0	1054
1	1054
305	15
38	48
0	48
0	2
25	0
207	68
0	68
0	3
0	0
0	3
74	29
0	18
0	29
0	0
0	0
0	0
72	243
0	243
192	170
0	170
0	62
0	62
3	62
37	280
0	269
0	435
0	194
0	428
79	428
0	302
8	0
12	0
8	474
105	736
125	744
828	212
0	212
0	0
0	0
7	0
9	74
81	74
833	182
0	182
1	8
388	63
0	63
0	5
35	1
41	26
1020	40
0	40
18	34
0	0
471	0
967	1616
0	1614
0	3
0	0
322	1236
115	1368
86	1657
0	1657
0	43
318	67
0	67
1772	1
0	0
4148	6
327	0
200	243
0	151
0	94
0	0
1	5
425	1
234	57
15	61
43	1
0	1
4	417
0	0
16	0
0	169
286	169
4	175
0	2
7	204
0	204
5832	6
132	0
0	4592
0	5185
759	7482
918	6
3	5
9	5
855	1114
0	1113
0	0
0	0
8	1
122	0
0	65
8	111
0	96
11	12
7	12
762	0
34	163
8	163
0	5
0	2
0	5
191	70
0	70
9	114
12	114
13	1547
0	297
0	1505
0	819
608	1187
0	147
186	311
0	1187
1974	6
4275	2104
16	2097
0	193
0	8
0	4
1221	0
0	0
0	596
13	394
0	257
32	5
0	1
16	729
3748	735
0	0
150	0
0	8
0	255
195	255
0	10
0	10
7	5
0	5
12	280
1	96
5	0
0	0
0	137
7	17
1976	774
0	88
1	3345
5803	4435
0	3358
2	4434
0	1230
345	2470
83	2467
1147	113
0	111
22	0
586	0
1141	0
133	903
7	439
262	6407
1669	16958
0	6455
0	16929
0	2
0	2
0	2
449	1
0	0
0	0
488	240
19	237
0	7
318	7
684	0
1370	3
103	0
0	193
119	1575
39	792
0	135
0	331
0	1141
5	1141
0	221
17118	244
0	8
3	8
0	4
0	0
0	0
0	0
0	0
225	0
645	2
69	13084
0	13249
0	13130
3827	12619
0	13065
0	5
0	5
520	63
2	80
0	10
8	35
1238	289
0	287
55	0
111	60
0	82
0	8
0	8
39	2773
2385	2783
0	1654
396	64
83	68
8	797
0	492
0	89
781	168
0	70
0	142
8283	36015
2	3406
2	36014
1508	230
0	228
76	81
0	81
1876	152
12	152
77	0
2	9
0	0
0	6
1	852
0	502
5	766
0	556
1405	1
134	0
0	2
0	2
0	2
143	0
1620	412
0	410
0	5
214	64
5	77
207	0
7	77
607	0
0	7
5	7
531	1
106	0
463	5429
0	133
409	5453
0	5451
0	555
309	581
9036	15
23	204
0	164
193	466
8	369
32	940
26	940
4	0
0	43
0	43
104	0
0	9
0	9
3	9
128	0
824	0
1083	347
0	3
0	347
0	0
0	0
10	274
3	777
505	844
4	0
0	0
718	1
5960	8
0	5
0	5
28	145
6	145
45	6
84	161
0	48
69	1
0	155
155	6
0	736
0	1101
204	3036
0	3036
0	393
2	419
432	47
0	17
0	30
1529	0
0	0
310	0
716	335
5	335
141	0
300	29
287	2
3	25
0	39
0	315
0	410
0	3453
11866	3497
0	0
93	244
3	242
12	367
10	367
0	11117
0	10893
0	12530
13	14377
2117	14447
192	81
0	81
0	602
419	602
0	0
8	46
0	53
190	14
98	392
1	99
129	0
404	1851
0	1851
73	2400
2	980
4	2370
650	46
40	43
0	70
684	126
0	113
41	0
0	17
44	0
0	338
1539	350
0	267
56	104
10	49
3	56
51	0
132	0
322	46
0	46
1127	0
1625	736
0	735
868	0
491	0
1617	7023
211	29
0	24
5918	3555
357	0
12	31
58	4
0	4
0	6246
4	12461
62	13749
0	18
1205	18
3854	3556
1278	1051
279	1051
22	1035
0	0
0	0
0	0
0	0
0	0
2	56
0	16
1	56
0	0
0	0
0	0
0	0
0	0
17	330
0	330
0	0
0	0
0	0
151	700
20	700
12	432
0	432
0	251
77	297
34	297
0	266
0	0
51	48
1	48
0	0
0	0
0	0
0	0
89	0
5	29
493	29
0	0
0	0
0	0
0	0
0	0
0	0
0	0
0	97
0	10
0	97
0	0
0	0
0	0
0	0
0	0
861	1
0	0
0	0
0	0
29	0
0	0
10	24
0	24
0	0
0	0
0	0
0	0
0	0
0	52
18	80
86	0
0	0
222	27
0	0
0	0
0	0
216	10
14	80
0	0
0	0
0	0
0	0
7	1
0	1
0	15
0	431
406	431
0	0
0	0
0	0
0	0
0	974
2035	980
0	0
0	0
0	0
0	0
0	0
0	102
0	4
168	106
0	0
0	0
0	0
0	0
0	0
0	0
0	50
545	806
0	817
36	847
0	826
0	0
0	0
0	0
290	266
66	266
0	0
0	3
0	9
0	9
0	9
0	9
255	1
541	0
0	318
19	18
0	175
7	99
116	1556
0	279
0	279
190	1556
0	0
0	0
4	75
0	77
0	144
1186	144
0	0
0	0
92	67
16	67
0	30
6	830
53	830
249	183
0	183
7670	7156
0	7149
26	26
7	38
900	16
0	43
0	109
0	43
64	233
3	89
8	93
0	92
5	64
495	158
427	631
0	8
0	8
1	637
0	205
0	226
0	226
0	134
0	0
201	484
0	484
0	551
6	292
0	292
3428	888
28	888
27	487
863	487
131	0
0	124
0	133
2	156
6	0
51	20
0	83
0	48
0	73
0	37
0	62
140	62
165	0
0	0
65	45
7	55
98	55
0	2
0	2
9	4
0	5
0	5
0	30
9	55
11	69
0	39
671	81
175	80
0	0
0	0
114	0
0	0
0	0
0	0
0	0
3580	8
685	430
0	430
0	797
12	1862
0	1748
35	1797
2796	4
0	6
1	6
0	4
29	261
405	741
17	741
0	0
106	29
6	0
0	0
0	0
1	25
52	58
238	867
5254	6
2647	19
11	0
0	0
734	512
0	512
1887	4
0	4
0	4
52	222
948	240
0	236
661	0
0	0
0	24
27	26
63	525
0	2
0	0
0	0
0	63
923	66
186	6
3	6
0	0
11	129
0	0
5	317
0	4
0	317
95	50
21	31
0	6
223	111
0	25
0	83
54	24
0	0
2	0
0	0
0	0
0	0
7	0
1	0
0	27
1	27
5	0
0	662
0	662
810	0
0	0
19	16
4	838
0	940
0	961
46	221
766	1
0	405
0	101
1927	385
0	151
0	194
0	362
2235	1464
0	1455
3	943
0	1
17	111
154	111
0	0
10	0
167	142
2	3
4	3
0	3
236	191
0	191
0	191
12	0
320	0
0	7
0	7
0	0
53	605
430	605
0	0
0	0
4046	1
192	0
1259	3
108	0
665	0
0	147
102	147
0	0
0	0
51	886
12	886
6	2
0	2
608	189
0	83
0	88
0	88
44	19
0	16
348	20
0	0
394	0
0	0
0	0
0	0
0	0
10	0
0	0
0	2064
1839	2064
0	0
1	29
14	24
4	53
49	96
0	38
0	0
0	273
23	273
2143	4
0	212
1077	212
901	109
1	108
0	0
50	4
0	0
0	0
9	96
0	96
13	37
0	11
579	0
0	16
193	16
8	58
0	58
260	990
5640	997
1138	92
210	497
0	497
152	0
7	142
318	143
228	7
162	10
0	184
0	5
0	2
0	173
0	161
0	110
0	193
24	0
0	109
14	109
0	29
1072	551
0	442
0	548
34	193
180	174
78	5948
175	277
0	277
0	150
0	1961
0	366
0	275
0	2430
0	1436
0	531
0	31
0	80
0	451
139	0
104	861
2	861
0	1071
555	1071
0	106
6	30
256	106
8	682
374	5391
13	5391
1	452
0	26
0	426
0	383
4	1002
8	609
9	426
0	370
0	149
349	1
0	2543
0	0
493	3211
12	1983
19	2002
0	43
0	12
0	12
420	0
0	971
0	607
0	564
0	547
0	344
377	1
17	522
804	522
6	626
0	213
0	240
837	0
0	86
102	0
112	0
8	46
2	46
0	12
24	97
0	97
3	115
10	115
4	11
0	11
2135	0
28	38
0	38
0	0
0	0
0	0
30	9
27	1
0	9
0	9
0	106
47	106
0	106
5580	2
0	130
660	169
122	38
33	68
0	68
1530	2733
2	2733
320	0
0	0
3018	3
331	0
0	0
603	79
0	0
5	0
295	80
217	329
0	165
38	298
17	167
2360	6
1977	0
458	46
0	45
0	66
632	66
202	165
0	155
3	0
0	53
0	0
88	207
0	203
1	10
0	10
5423	3
133	264
5	28
0	264
18	184
1814	0
0	0
0	137
994	137
71	484
15	228
10	1224
2	400
0	1224
1355	1832
0	1832
6875	5
0	0
0	2
0	2
0	0
0	0
0	0
1	28054
10	1962
270	26700
0	8010
499	1
487	5
0	0
0	0
0	3
0	0
0	3
2696	423
0	420
0	88
7	27
0	82
0	21
5	2
0	43
359	43
0	0
0	226
1041	337
0	335
7922	6
0	0
0	0
0	0
0	0
0	0
0	0
747	2
1218	176
0	171
1	0
163	0
12	0
23	987
7	956
239	0
1055	1
3	784
4	760
12	734
0	273
0	279
4	281
10	1244
0	764
0	764
3	863
0	452
3	693
21	1163
0	692
8	613
0	574
0	1140
37	677
0	643
9	742
0	309
0	221
0	611
5	703
0	686
0	204
4	311
17	605
0	159
0	101
2	673
0	271
0	215
0	290
0	290
4	431
0	34
31	18
13	357
28	569
0	143
0	276
0	268
3	1033
0	458
1	1355
0	1230
65	53
4	53
65	1
1958	116
0	12
0	2
0	1
0	12
0	127
751	296
0	295
346	0
1667	3
115	132
0	132
331	3
1575	0
1669	0
456	92
0	92
14	599
0	599
10	5385
6	3055
30072	8478
179	0
9	0
84	98
0	98
0	262
0	262
1109	308
1504	303
93	168
0	168
0	0
0	0
0	0
0	0
117	2930
0	2930
0	746
548	0
5	0
138	3
1227	0
421	0
0	2002
5444	2010
2051	1712
8	1643
1	711
0	909
0	128
151	128
42526	9792
12	9749
0	0
2	93392
0	17301
1309	97298
0	29018
0	0
0	5
5	5
18	239
180	239
0	6937
121	6937
213	309
602	309
101	0
14	56
3	56
0	136
0	113
0	49
0	570
0	507
0	0
0	0
60	646
0	646
0	0
0	0
0	0
0	0
0	0
3	144
193	168
2	157
0	168
0	19
0	3
0	3
0	19
8	2
7430	2
3	133
91	34
7	369
217	685
0	45
0	89
0	85
4	246
1	0
2	164
0	444
1	69
0	691
0	229
0	180
0	0
8	95
0	4446
0	43
33	0
0	8
0	4
0	0
25	664
0	149
0	734
0	2022
15	574
13	64
1	0
0	70
0	155
0	0
0	0
0	0
49	46
0	278
0	264
0	251
130	3142
0	138
0	1314
0	1264
0	1322
0	77
0	168
0	598
0	2
0	3
3	1082
34	0
60	596
4	599
10	99
0	192
0	168
121	495
41	175
0	1012
1	59
15	91
0	8
0	8
29	275
0	0
8	16
420	0
20	52
0	299
0	158
0	150
2	67
0	587
1	20
0	10
0	9
0	39
0	73
0	0
0	551
0	771
0	6214
7	663
30	119
0	20
4	142
1	342
0	618
0	84
67	274
310	476
0	0
3	4
0	7
0	0
18	4
373	926
381	0
0	20
1175	0
72	888
43	1703
0	1684
14	76
1	189
0	122
145	1346
0	755
1	1913
129	414
0	0
0	0
434	3690
31	66
0	13
133	148
0	189
12	320
0	914
0	1264
0	1391
120	347
0	392
38	0
76	365
0	4
14	192
0	753
3	669
22	254
55	2562
9	2637
0	2169
1	297
0	290
0	277
0	407
0	416
0	506
17	503
0	542
0	518
0	0
13	340
1	488
0	75
492	0
0	298
0	403
1577	2189
0	136
0	160
0	0
0	84
172	509
0	7716
6	7731
17	7666
0	1779
0	459
0	142
42	1241
0	278
146	331
139	2857
0	3259
41	43
0	60
0	192
0	97
0	13108
0	3246
51	1000
0	165
66	1478
42	3916
0	3916
1	3787
0	0
0	236
128	425
10	31
327	5874
10	288
70	337
0	0
0	1180
0	1279
0	72
0	8630
375	0
9	19
0	0
3	50
0	4507
0	2658
49	10
0	478
0	1
52	267
65	174
25	392
36	517
25	0
0	11
125	55
0	86
0	86
0	68
1	25
0	812
0	1039
0	903
170	715
0	2120
0	2212
0	1603
0	5
0	142
0	0
0	8
0	866
211	0
12	785
0	120
18	20
0	432
0	50
295	141
241	0
0	0
0	0
0	779
0	565
0	0
4	1
0	34
0	49
39	5732
0	281
0	1429
3	33
0	4
0	1055
0	2
0	849
0	810
0	182
0	7829
0	228
0	7
0	242
0	638
0	64
0	4
0	410
0	26
0	58
0	0
0	0
0	4
0	4
0	4
0	4
37	0
0	0
0	764
13	4385
0	0
0	44
0	168
0	103
0	252
0	123
0	649
446	208
0	10
342	2497
831	219
353	188
0	1742
38	1005
14	1460
0	1382
0	1301
1162	4
0	452
0	1925
0	2100
0	2
12	464
0	0
0	0
0	74
0	1026
190	3
0	66
0	157
106	0
0	1019
0	924
27	288
0	252
0	94
0	169
102	125
42	65
0	0
242	1411
0	13
0	9
0	2
6	854
0	0
181	492
0	898
0	127
0	205
0	203
0	205
0	205
506	2
0	0
4	821
0	0
0	0
9	0
0	216
0	216
0	68
450	3211
3	120
0	427
0	125
0	125
0	113
23	128
14	5722
0	4514
0	0
0	8
446	1480
0	3
0	0
0	0
155	2640
0	0
0	0
0	431
0	700
0	231
13	179
0	0
1104	1902
0	114
0	1
0	1591
0	1613
0	1591
143	2104
12	1539
4	385
0	297
0	262
9	174
0	1022
0	53
408	3869
0	0
37	80
0	0
68	719
0	18
24	871
0	10
177	642
0	7
0	1211
0	0
27	59
0	24
0	7
0	1
5	0
0	62
8	132
0	760
0	169
52	82
2	248
376	947
0	9
0	457
6	8
4	2551
0	856
59	0
0	1551
6	41
0	71
0	22
36	803
0	524
0	672
0	665
0	739
0	605
0	32
0	0
155	631
0	108
0	127
56	653
0	562
6	589
22	586
155	77
0	0
0	751
0	795
0	6
0	142
708	3625
0	2401
1	1777
1	1485
3	26
0	77
9	112
0	0
0	0
9	167
0	171
3	427
0	8
0	2546
0	46
0	62
0	30
0	465
0	19
2448	13
16	167
87	141
0	11
500	990
0	70
14	934
3589	2
0	93
0	1855
0	65
0	56
0	41
0	38
0	38
0	420
0	9
0	9
13	0
0	144
0	367
0	635
0	1263
0	73
0	93
0	105
0	125
0	105
0	944
0	1205
0	8
129	1449
0	2453
0	5206
0	5206
28	2056
23	0
43	2
26	487
37	273
0	74
93	3422
0	325
558	342
345	342
0	0
0	17
0	0
10	66
0	1878
0	813
7	174
0	1
1	7619
46	1391
0	828
421	3348
133	3347
1	12
0	0
279	397
0	397
124	391
0	134
1008	0
92	0
0	73
15	310
52	310
0	0
0	0
0	73
0	70
0	0
0	335
0	48766
2	48389
0	0
11	137
0	657
0	626
0	579
0	284
18	65
32	86
0	98
0	324
1	832
0	820
0	841
87	1122
210	1504
0	1504
0	1
0	67
145	0
475	1505
0	231
0	318
32	53
26	0
751	1
0	81
10	95
0	95
0	351
0	1187
74	979
15	88
1583	0
0	470
0	902
0	894
312	0
226	0
0	242
0	0
0	0
0	0
98	182
985	4
6	24
0	2
0	61
55	191
1	101
0	690
0	0
0	99
265	2052
0	4000
673	2
0	277
0	4270
2243	3646
0	3644
0	773
12	27
16	306
0	3546
34	3655
0	3314
161	2897
0	256
0	556
52	293
0	4
4	0
176	0
0	669
0	1
0	553
0	575
0	507
0	514
0	162
0	110
33	1035
33	1035
0	387
5	52
592	1044
0	1044
65	0
19	394
470	1
5	1
7	268
69	0
0	11437
0	10848
0	9525
384	4947
1994	1
262	0
0	2
0	117
0	124
42	1014
0	30
0	1826
0	165
0	348
0	371
2	0
0	0
352	1
0	0
0	349
7	361
0	355
0	299
0	410
15	139
1	39
0	455
16	122
0	88
29	317
12	0
5	0
0	2250
1046	2109
55	4559
0	4559
1	2905
0	10
211	1
0	2236
13	0
230	1711
0	438
0	278
0	29
0	0
0	6
0	6
0	0
0	1945
73	0
0	0
0	156
148	511
0	186
0	3254
0	3524
0	3436
0	0
0	0
0	0
0	4088
0	501
0	2
0	2
0	2
0	0
0	45
1	2
0	0
11	260
0	250
0	263
103	1252
0	401
6	714
0	714
0	659
0	0
0	155
86	0
4	12
0	12
0	7167
0	0
0	110
0	122
0	122
0	107
0	13
143	1499
0	1105
0	0
1975	0
1	17
46	0
0	51
0	1614
131	2591
0	0
0	11
0	7
478	276
134	275
0	12360
0	26
0	26
2849	0
860	3
7	0
310	2273
0	1660
0	0
0	82
252	131
0	16
8	88
0	0
11	253
201	1056
53	416
0	245
0	286
16	30
0	30
0	425
13	32
0	0
3805	10
21	6
0	42
0	0
23	226
45	11143
0	0
269	0
0	211
2	211
147	0
223	0
15993	24
2709	2
0	416
0	2464
0	309
675	0
0	1598
66	0
170	0
14	645
0	2145
0	2542
0	2597
0	335
0	1265
0	8
13	681
0	254
518	0
0	0
0	427
0	209
0	1231
0	2470
0	2896
0	1
0	0
0	2
1260	0
181	427
0	427
0	32
0	0
0	856
0	1115
571	633
0	1017
12	0
3	25
0	470
28	0
0	34
200	1
0	1
0	77
0	77
0	304
0	0
42	21
75	0
263	367
0	17
0	17
0	0
0	0
0	0
5	2
17	0
29	275
0	11
467	3
11	0
4253	7
1	39
0	276
0	14
0	0
14	128
0	1240
0	1195
0	1284
0	1329
0	514
0	249
38	499
0	121
0	0
41	1851
0	158
0	97
436	2381
1295	2381
36	0
763	0
20	14
22	0
113	0
89	457
0	39
875	5
601	0
3144	2
59	0
0	21
166	0
13	170
695	1
0	0
0	123
0	72
0	109
260	0
0	76
11	112
0	167
0	167
0	171
0	163
0	163
0	153
0	7921
0	7917
0	7921
0	7522
0	7932
0	5966
0	2
192	2
0	0
8473	71
0	29
5	29
54	0
0	705
0	229
2	0
0	598
0	598
86	0
0	254
0	14
65	0
0	0
0	469
0	3
0	0
28	860
75	0
51	4339
0	4042
6	194
4	194
0	0
98	0
2	0
0	44
0	0
0	0
0	0
0	0
25	34
0	1537
0	1537
15	1483
1	0
0	2062
75	1231
90	0
238	0
21	0
375	2006
412	0
0	333
0	284
0	265
0	128
0	299
0	136
0	136
78	3
0	70
128	1
0	0
144	720
0	0
34	223
6	182
503	1
0	51
142	0
1160	6118
0	511
0	1571
198	1585
55	642
0	837
12	0
900	0
0	1
107	897
1331	1
103	0
0	104
0	982
568	2
1132	3
0	0
0	69
1281	1
0	489
0	478
170	0
58	50
4	1320
53	1320
74	1
0	0
0	88
0	39
33	0
0	113
2	113
0	26
137	0
0	1461
1800	2
110	3048
171	3048
20	3663
0	5911
142	5049
0	5048
1	2829
0	1140
0	1149
4	1322
17	1362
0	1093
7	0
0	736
0	753
0	731
0	1883
0	0
298	597
0	589
14	22
0	197
52	14
0	14
55	2
28	0
37	25
84	430
139	98
0	1840
0	408
0	0
0	123
141	0
88	0
16	90
128	0
270	419
0	419
0	188
0	170
0	8
130	624
10	7
0	51
0	0
0	57
0	258
0	18
68	165
0	165
7	234
76	234
0	0
431	0
0	268
1	0
8	2997
21	2997
0	161
0	161
0	141
142	0
0	0
0	860
0	108
0	928
0	1196
0	877
0	859
596	88
0	0
193	0
0	0
5	0
0	0
242	0
0	0
112	0
1	0
1	74
363	91
0	73
0	4
0	4
0	4
6	79
0	79
0	0
19	25
9	0
1	0
153	0
108	0
0	833
1	0
327	259
26	259
108	0
78	0
0	1
5731	3
0	93
0	93
391	4
0	21
0	0
36	0
0	0
22	25
44	57
1938	0
0	3243
0	3236
0	3215
0	3114
0	3083
0	2700
0	2623
0	159
0	1739
0	1513
21	143
1179	2
63	2001
0	618
137	794
289	0
5720	13
0	0
0	1488
0	1517
0	1719
1	0
0	788
99	788
1	5
0	5
0	43
0	37
0	0
295	2
0	0
472	0
0	19
1	14
0	9
56	0
0	836
7	972
0	180
260	101
0	0
0	746
0	755
6	690
0	777
0	755
0	0
0	48
0	750
0	753
0	669
0	750
0	515
5144	2
0	661
0	1
0	0
0	0
710	0
0	0
1395	0
0	0
146	0
5260	1
0	88
0	91
0	91
12	179
0	179
0	0
200	89
0	89
743	64
43	99
0	99
14416	17
38	0
0	0
214	0
1608	0
495	798
0	798
1458	4
1242	7
1321	2
0	250
0	250
4	0
57	0
14	0
0	0
0	15
0	15
0	1716
0	1217
0	1197
387	1781
0	1198
815	1777
76	0
1670	2
0	0
1125	4
395	2
57	0
0	0
0	1
111	0
0	268
23	266
0	270
381	252
0	162
0	0
0	0
0	0
0	0
0	0
0	0
1	0
57	1
3	14
496	14
0	0
16	0
0	0
0	0
140	1
0	0
10	158
4224	7
0	129
0	177
0	177
6	114
36	0
31	0
0	5
0	4
0	0
0	0
0	0
0	0
25	0
39	0
14	0
0	0
0	0
191	1630
0	67
633	1
133	110
0	0
301	0
69	392
0	77
28	536
0	536
20	0
19	0
293	0
0	915
189	0
26	721
4	643
0	700
0	0
97	935
1	0
0	55
61	855
16	887
0	430
0	104
0	0
0	63
38	0
2224	2
1	6
0	0
0	6
0	0
0	0
0	0
482	0
696	804
0	567
53	0
9	13
0	13
0	0
41	0
0	1789
2850	19
1	0
243	1
442	4
5	193
44	0
586	0
0	0
437	667
0	667
273	0
0	0
0	0
13	0
8557	5
7	1409
0	1407
91	954
0	386
27	2
0	432
0	268
280	0
159	0
152	0
16	98
0	98
360	0
31	81
38	151
0	0
607	934
1954	0
0	0
36	0
36	47
0	47
85	2
0	34
0	34
2	1
499	0
392	48
3	0
483	426
0	426
0	28
0	28
0	7
5	0
13	0
7	0
56	1
158	2285
76	2285
0	913
0	504
31	18
0	18
7	0
21	0
7	0
2	0
0	0
0	352
19	0
0	0
316	1244
35	397
10	452
0	356
1202	14
0	0
0	896
8	35
0	35
0	0
0	0
27	0
160	0
0	190
0	174
0	190
0	0
1460	4
0	18
7	162
0	162
3	0
0	0
0	55
389	0
1392	0
1	0
265	0
314	1871
0	1871
5	553
2	0
150	0
426	7
797	4
5	0
0	53
10	53
32	0
2	33
0	0
0	0
0	0
0	0
0	59
279	0
114	0
42	221
0	0
24	432
0	0
0	0
0	0
0	6
2	0
0	0
298	1
4020	1413
3	25
0	24
287	0
916	0
251	0
0	0
0	38
59	0
36	84
0	0
1136	0
0	232
2144	1
22	0
0	117
17	0
0	0
115	1
7	0
672	3
290	15
2762	1
818	1
0	45
170	0
0	234
0	239
29	0
250	324
0	324
683	0
791	0
20	0
0	199
8	199
73	0
64	471
0	471
0	0
571	1
2	252
13	0
419	0
5	0
0	797
85	797
1246	1
657	0
0	10714
19	265
0	325
95	174
0	20
3	0
0	0
714	0
0	751
0	0
248	654
258	2
0	0
0	0
0	0
28	0
1	46
1	0
933	2118
0	2114
0	0
3	503
0	5212
10	0
0	0
0	0
818	0
621	4
503	2
2141	0
9	0
0	0
0	0
0	0
0	5
0	0
0	0
2	71
0	34
751	160
0	194
16	268
0	0
0	0
0	3
1	19718
1759	19719
0	2
116	0
74	646
22	639
0	632
0	0
3540	0
0	875
875	6
7	8
1645	0
1086	1131
0	238
1300	2
0	166
5	124
116	174
657	0
1	0
114	9928
779	0
0	0
601	0
0	22
0	22
0	0
0	267
0	255
0	255
4	267
171	0
0	1454
342	1
212	62
676	116
1070	2
117	2281
937	0
17	0
1573	6
495	79
21	261
0	347
43	348
671	0
162	0
1	1565
0	83
283	1
277	13
0	0
0	0
0	8
0	40
47	2
171	0
27	395
562	1
221	0
0	753
1240	0
0	869
0	874
0	373
0	385
2	0
128	3
3537	2
19	20
4	0
48	109
0	109
799	0
0	859
8	346
0	11
0	1013
0	966
0	1003
0	1064
0	1092
0	1488
76	1488
4	65
220	0
0	84
0	144
241	338
0	375
0	289
83	0
0	546
544	3581
0	1124
0	1124
2049	4
192	6002
16	6002
0	0
4	0
0	0
0	0
0	21
0	21
7	21
10	19
0	0
36	0
516	1061
7	66
765	3
323	0
720	2003
46	502
0	11
5	0
1	84
0	71
0	71
0	71
0	0
0	0
13	497
1628	0
59	7
0	35
1	35
138	168
245	831
274	831
1865	1315
0	0
7	561
3831	1
1191	0
0	12
26	0
1852	0
438	2
0	87
0	87
0	36
0	8
0	3
47	0
0	0
26	208
0	247
0	783
92	545
0	786
0	704
581	49
348	0
146	0
8	0
17	0
0	0
1305	409
0	82
2339	1
54	458
0	1149
31	249
0	236
2676	5
227	755
86	0
0	0
0	0
0	371
0	0
6393	4
3	0
6	0
23	1
153	127
4694	5
93	0
1961	8
0	0
12	0
0	0
0	680
237	7
32206	64
52	0
0	73
0	744
2156	0
24	0
0	170
0	1795
0	17
0	17
366	0
126	0
0	0
6302	1
0	633
11	223
4558	20
38	45
0	765
1194	0
0	1236
1221	1
17	0
830	1
6	1071
0	1254
0	34
0	34
4	68
0	117
0	7
0	7
0	448
54	448
227	1039
0	0
0	0
47	206
14	0
0	6011
148	992
0	0
2	0
0	0
0	0
0	0
65	0
1	0
0	1327
362	0
243	0
0	109
0	825
0	366
0	0
0	0
0	4
0	4
0	47
0	77
0	294
28	0
0	0
1398	4
2	17
0	1001
75	416
0	365
13	416
0	416
7	144
30	0
19	58
0	377
0	6
598	0
8	0
996	470
0	470
8317	17710
1028	17689
0	2
160	390
0	122
0	15
0	1333
784	1025
0	215
0	552
0	555
5	376
0	106
94	0
256	116
0	1263
0	0
6	372
4	0
27	371
1	61
0	249
0	270
5	283
41	0
117	0
0	0
0	688
0	341
1325	1
0	2
0	7
0	7
22	141
0	0
0	0
0	38
0	1016
0	203
110	725
4431	8
12	0
295	0
66	213
0	213
0	0
0	84
0	80
160	292
0	14
0	40
0	264
0	807
0	811
1976	3
1	232
0	208
661	1
25	0
35	0
0	7185
99	0
44	26
3	38
1486	3
33	940
26	309
50	19
0	16
14	181
0	0
0	33
0	319
3	156
0	243
0	0
2484	2058
721	2058
0	0
7992	14
0	4
2612	499
2307	500
0	280
0	1968
2	0
0	226
881	2
0	690
0	0
343	522
0	13
0	7
8	0
0	0
474	1
0	2337
0	45
8	307
22	0
0	38
390	4
110	2752
0	0
3	2
133	0
278	1689
624	2282
2	0
12	15
0	0
0	59
0	59
0	44
0	59
0	59
0	59
0	59
0	59
75	379
1775	6
19845	24
0	514
0	0
1	323
0	341
0	240
373	5
164	20
0	3
83	0
3	0
2	802
0	0
51	0
0	0
19	216
1296	234
848	234
45	0
0	633
0	1962
0	0
110	122
6	122
416	0
0	379
1	418
1	327
6	439
110	0
0	0
0	0
0	0
0	205
0	126
0	0
0	0
93	1149
1	1149
3	225
49	81
0	81
73	148
0	0
33	0
3	278
654	0
4	0
6	19
1	341
2405	343
537	44
24	229
0	201
0	32
24	263
20	54
0	54
0	0
7	0
1277	3
0	0
25	0
0	42
67	42
0	16
0	368
0	26
0	26
0	0
24	52
2	0
0	11
7	437
0	0
2	0
0	1392
0	14
0	0
0	0
8	0
21	178
0	40
35	91
18	368
1	628
0	628
522	0
16	168
23	1164
0	1164
9	0
0	0
0	376
0	0
0	0
7289	11
0	1272
68	110
60	0
62	843
11861	24
0	52
0	73
31	0
0	217
0	3
0	350
0	350
285	277
0	156
0	974
0	800
60	192
0	36
0	1
0	0
763	2
109	0
29	55
0	0
0	145
0	0
0	11
13	0
0	2738
206	1451
0	26
0	2
0	6110
0	6246
0	6313
0	126
301	0
0	1284
0	1938
48	2356
16	1639
6907	10
42	31
0	878
0	2073
0	0
0	0
21	483
0	483
0	1256
0	244
0	6
0	6
0	6
0	0
0	5
0	32
2	1360
0	0
0	0
13	126
0	6
0	1587
0	2
0	72
0	4
0	65
2	81
0	0
503	0
450	0
4	524
0	297
0	0
107	1309
0	2255
6	10
629	98
44	0
0	1064
0	809
0	2
0	0
0	63
50	929
367	929
0	591
6	0
0	36
327	3598
0	0
0	0
0	17
0	288
1466	2752
0	0
19	40
0	0
0	6031
0	27
0	37
31	109
0	0
0	140
0	5
12	0
503	0
0	1
51	0
214	0
0	1251
0	11
5	11
0	0
0	1569
0	209
136	0
4	499
0	0
0	1412
0	0
43	313
4	8
14	0
0	260
1206	237
14	159
1	160
0	185
14575	20
15	46
21	589
0	653
0	265
0	260
0	34
116	751
1591	1124
0	1123
417	0
0	1861
0	180
0	1089
0	3
3	0
4	290
0	227
0	3
0	363
1	412
0	443
0	469
2	579
346	0
0	17
0	3194
0	594
0	235
0	238
0	0
23	59
132	0
0	8
0	5
702	0
0	1
0	1
0	1
0	1
205	1388
3	18
134	837
10	186
0	186
0	0
24	916
0	792
0	0
2	1222
0	8
0	2
12	663
0	639
0	663
0	669
0	0
0	165
0	12493
0	12716
1146	0
0	0
0	323
0	80
0	80
0	27
11	105
2	0
13	50
0	0
396	588
0	59
1035	2
5	0
0	96
0	276
788	0
0	1144
330	3
0	46
0	46
176	2712
5	1164
0	463
2586	0
59	486
12	8
644	3
0	70
0	0
0	0
0	1724
16	164
0	770
54	659
0	425
0	1125
0	67
0	0
0	1
212	0
0	893
45	213
106	0
18	345
0	55
0	1139
0	1161
0	1358
0	1358
382	2
0	0
50	84
0	0
0	230
42	0
1	66
7	81
0	244
5333	9
1152	0
0	513
911	2
99	67
0	29
0	57
184	290
0	0
0	0
0	1098
0	78
0	40
4294	12293
0	12291
0	8
19	353
0	353
7	0
0	0
0	212
0	19
49	1139
13	33
379	0
11	95
0	2
10	214
0	0
18	11
529	3257
0	118
0	0
0	2
0	2
40	0
14	140
0	0
0	0
0	628
0	0
0	0
0	0
0	0
0	0
0	0
0	125
0	0
0	279
0	131
0	271
317	0
120	1733
0	365
112	365
0	0
0	846
6	0
328	0
0	83
0	81
0	82
0	85
0	65
0	17
0	64
0	4
0	0
0	2
0	56
2	156
0	166
0	0
3	66
0	0
0	3
0	442
0	617
0	239
0	373
0	660
0	93
0	24
0	507
0	269
0	0
0	253
47	403
0	344
0	278
0	342
0	137
0	310
41	946
0	0
0	0
1769	754
45	752
0	1786
0	377
16	95
592	6
88	135
21	135
0	10
0	12
0	12
0	416
111	524
0	196
0	185
0	0
59	215
0	0
48	91
4	9696
168	0
0	43
0	669
0	0
217	1226
586	0
0	165
0	165
1	111
5	130
0	463
12	0
0	4
0	0
0	2
0	2
0	38
165	855
0	18
7	0
0	41
0	41
1	102
13	291
262	9847
0	9938
1	257
206	8
1018	1775
0	0
29	129
0	634
0	315
0	37
329	1476
0	919
0	48
0	373
0	99
0	271
730	1544
0	737
0	832
0	642
0	47
0	0
0	6
0	492
1	327
0	15
2	0
0	316
0	2
0	625
7	0
0	102
342	0
1065	0
0	19
2	35
791	0
0	0
0	41
0	2489
0	1014
35	197
0	5
14	12
0	0
0	4
0	4
0	8
2	0
0	39
0	26
0	18
0	223
330	0
0	130
0	73
129	97
287	194
0	4
0	6
0	0
22	0
31	146
4105	12
0	0
403	7869
9	0
0	0
1409	1
0	0
0	119
0	95
0	77
0	0
0	1448
1	1382
0	0
83	0
0	0
0	53
0	2588
0	2177
0	0
0	0
0	238
359	239
0	209
20	189
0	89
62	1064
0	3
0	0
0	5292
727	0
2	55
0	21
161	283
0	687
0	544
0	691
0	691
0	691
0	570
0	621
0	607
0	827
28	8
0	455
0	1259
9	11816
0	15038
197	84
9	33
0	130
0	119
0	126
2438	7
0	7
0	7
0	0
220	3352
22	83
194	223
104	0
11	0
10	14
0	14
0	0
137	354
13	165
10	0
0	3683
0	1983
1839	821
457	815
209	1445
0	1417
0	1196
156	1495
0	1327
1348	2
10	471
34	1696
0	1617
0	1
1438	0
0	1
29	2
357	0
0	692
1	663
0	709
0	452
0	302
0	415
5004	13357
2417	1
11	0
0	0
0	0
0	334
0	1159
0	1159
52	806
0	812
1	9463
0	2259
1	10460
346	0
12	77
0	750
0	800
843	2
342	13331
14	2482
0	2566
0	2476
0	1688
0	0
0	0
0	593
0	0
0	31
0	29
106	1147
0	990
0	434
0	190
0	0
0	8
0	0
0	0
175	0
4	116
0	365
16	0
520	1
1100	810
1449	3
0	153
0	158
0	0
16	0
0	330
241	1142
0	0
2106	68
0	0
30	0
40	881
0	0
0	7156
0	7156
11	7431
0	5260
0	3852
103	0
0	205
0	54
0	0
0	0
0	6
3226	3
0	0
0	0
52	1062
0	1042
0	1062
8	1053
0	2
21	0
0	142
0	140
0	301
67	725
6	12
1	12
588	168
0	55
0	220
0	137
0	225
0	26
139	158
297	774
0	345
0	144
7	0
2	0
0	11
15	1
14	0
0	449
0	0
0	0
190	5262
4	0
0	6
0	6
1	104
3	0
434	3
0	273
0	256
16	1850
67	1850
0	138
61	109
3	0
540	619
0	619
0	6488
89	0
0	0
0	805
55	805
34	288
0	288
0	191
47	12
13	376
0	46
0	14
0	116
25	5
135	0
0	228
0	171
1626	2
22	0
0	0
0	0
17	2875
706	2855
1	163
0	30
112	43
0	1018
1233	2
0	459
2699	6
0	640
0	0
0	0
45	311
0	311
21	10
6392	3
63	0
0	0
126	2
17	0
0	0
62	0
0	0
963	0
0	0
0	0
77	0
0	804
247	424
0	3
2	3
0	0
0	0
0	80
0	66
10	1782
89	2148
0	28
0	254
186	0
0	0
4	0
32	0
16	57
3	1223
0	1236
0	1197
941	0
5	13
125	0
0	33
2635	2
45	0
0	0
0	1082
0	1082
16	0
0	696
0	1142
45	0
0	97
556	0
24	18
0	258
0	260
254	270
13	2
0	9
0	9
31	3742
0	3729
0	91
0	16393
0	0
0	447
0	118
0	115
0	0
44	0
4	21
200	1
0	212
0	181
299	9
246	0
8441	8
170	2294
0	0
1305	2
11	10
0	208
385	0
0	0
0	309
0	0
0	0
0	19
0	45
3083	3
0	1190
14	9
0	38
1609	3299
0	3299
0	0
0	0
0	72
0	72
0	30
0	16126
0	16314
0	18027
0	17994
0	15806
29	10183
516	0
57	22
0	2529
0	2810
2	62
34	885
1	1045
0	1054
0	596
0	595
0	12
0	0
350	1145
290	8
0	0
0	98
1	4
331	0
7	0
10	0
14	0
0	0
0	0
13	578
0	2
0	2
0	0
1007	2
159	0
270	0
0	0
0	34
2	0
3	0
4788	4651
2217	4647
0	63
14	10
0	37
0	1541
1917	0
751	0
0	204
71	261
0	0
2985	2
387	0
0	74
317	420
4	4
31	0
188	935
262	935
143	0
2	5
343	0
179	0
0	6354
0	846
0	0
788	28
2137	1318
0	1318
421	0
680	0
0	683
119	0
0	6688
365	0
107	0
2044	2862
0	77
0	0
41	722
0	418
0	0
791	2879
0	728
0	630
0	708
0	726
0	708
0	708
0	708
0	43
0	195
7	0
80	0
0	2
0	2
67	289
0	219
3340	6
359	0
0	1
112	148
314	0
0	172
0	804
66	2006
0	2006
0	0
4016	2971
0	2969
0	0
0	0
1521	879
0	0
1517	0
14	1
0	0
0	0
0	5958
0	5719
0	5435
3	4200
0	4844
0	5023
0	5391
0	4707
1	5000
0	5952
0	1
3	0
354	0
3	0
0	0
2038	3
2460	3
0	0
552	1
0	2
0	2
0	1
14	99
340	869
30	0
70742	107
0	547
237	0
59	1119
506	1119
18	0
0	0
0	331
335	0
0	0
0	28
0	1718
0	0
0	0
0	7
86	171
5	171
0	0
14	463
0	0
6	0
210	3154
0	3126
0	0
0	0
0	0
0	0
2061	1
14	0
0	0
0	0
0	0
900	0
4	0
32	0
0	482
6	0
0	330
0	154
1	768
95	768
0	0
194	785
14	785
0	0
0	0
0	0
100	0
0	141
0	208
56	0
0	1260
5847	14
0	0
0	0
597	0
0	0
0	0
0	0
161	0
0	264
56	298
936	0
91	3256
2	3256
0	179
9	179
5	565
0	0
0	0
2	0
0	0
385	1
9	0
21	642
0	642
10	192
0	192
500	57
0	373
0	371
0	370
146	635
235	636
561	0
360	1028
11	0
2	240
27	240
0	189
45	0
75	693
3	693
2	0
0	0
96	0
684	2714
0	2714
0	0
0	0
16	0
3	0
0	1653
16	296
0	0
126	0
1	0
0	0
0	26
0	26
13	0
10131	13126
473	0
0	0
0	101
0	127
11438	5
0	0
0	0
287	221
405	2496
42	0
1115	2646
4	0
0	0
0	2099
0	2216
0	2303
0	2254
0	2254
0	0
0	35
4	0
20	44
5024	16
122	54
302	1540
461	2876
0	282
0	147
0	0
0	0
156	0
7	494
0	434
4	382
0	0
0	0
110	0
0	6
374	0
2120	4
0	0
0	13
74	5
70	0
0	0
0	0
19	0
47	2
12	2
74	0
6	5
0	0
232	3
63	0
0	0
37	0
28	161
245	0
280	0
0	1
109	0
22	3
178	0
3180	1
8	17
5657	8174
0	3853
0	0
455	0
0	313
198	1911
775	5
0	38
0	3108
2	10
0	1071
14	175
7	275
0	265
381	0
7459	9
121	1206
0	39
0	1132
5	0
88	97
18	0
973	0
82	0
2	470
0	52
85	0
0	204
1594	3
2443	4
6	5
6206	3
746	107286
4279	107288
42	0
0	27
0	27
0	27
45	120
0	4021
2491	4
6	5417
152	5417
353	3
0	84
1534	2
1	0
4	0
73	0
0	0
0	3
0	0
0	0
103	805
0	0
26	4050
0	4015
5	4044
10	4009
0	0
151	0
5	0
18	0
1179	0
0	290
0	355
46	106
0	106
2593	2
287	0
4879	22
156	4181
0	0
198	0
318	3
0	123
0	301
0	299
0	301
0	301
178	0
64	189
0	0
85	244
4795	3895
782	3890
0	1736
0	239
1	239
293	0
86	554
150	2
0	154
0	0
0	0
0	0
3	214
18	214
0	0
183	0
3327	8
0	0
34	271
0	0
0	0
0	0
239	360
0	360
145	0
0	0
0	72
11	1
14	1
11	0
121	422
0	422
0	13
8	13
43	307
0	321
0	398
0	355
0	389
8	0
21	0
114	0
242	1680
0	11
0	8
140	75
248	325
158	325
4	1011
0	0
0	0
41	548
0	22
0	22
0	82
0	86
0	90
0	86
0	90
0	23
0	23
1719	3
0	0
210	1644
40	1644
20	38
0	19
1576	6972
4873	6970
0	0
0	18
0	18
0	1
52	534
0	528
0	269
1	210
0	2
0	2
0	2
0	2
0	2
0	2
0	2
0	2
3	52
0	120
5	38
125	1853
27	0
1671	7
53	450
59	450
5453	4
310	0
73	485
171	845
71	193
2352	1553
411	1
323	0
0	6
22	619
0	0
11	265
0	265
0	0
915	0
0	0
0	3
861	0
15	1
3	1689
0	1306
430	460
558	0
0	0
0	11429
627	11
100	11
0	174
25	0
212	0
10	256
18	261
10	261
1	255
1643	5
114	32
43	695
5	0
0	0
0	0
45	0
3	8
12	96
0	0
0	0
0	271
8	0
0	2
3	10
0	10
66	0
0	8
0	0
2	106
0	106
0	0
11	13820
1560	13820
2	95
2717	4
0	6
0	151
12	151
10	89
0	87
3	69
257	210
0	210
0	4
107	0
0	79
0	0
10020	6581
488	0
0	373
0	0
11	666
0	216
101	0
0	2997
0	4
56	0
134	616
0	18
0	104
0	94
0	0
0	1235
0	5
0	5
213	643
0	643
15	0
12	107
14	0
1	19
126	9
2	2419
370	2419
938	0
0	132
7	132
11	6
75	0
0	0
1	32
0	116
1240	2
8	46
0	32
5	761
15	674
0	667
85	531
0	0
1	0
0	138
75	666
60	109
0	120
0	92
51	42
12	160
335	504
338	0
46	91
0	91
5	87
8	3
13	3
0	3
0	101
140	0
673	2
37	436
11	436
0	0
10	205
199	766
0	234
0	189
0	234
0	233
0	0
0	22
97	0
0	444
0	0
0	0
11985	8914
265	8758
517	7794
121	7993
265	8015
233	8239
0	2104
98	2645
167	2938
140	2754
126	2660
0	6116
0	568
0	581
10	581
0	567
7	54
0	0
0	0
11	21
3975	1
0	0
9	1021
0	1021
0	1065
0	524
0	0
0	436
0	0
0	3
1522	8
0	9
0	155
2646	0
0	1066
51	0
126	0
0	5
132	3
9	391
2099	2
1470	1241
21	355
25	157
21560	29
12	0
0	100
0	3444
0	0
0	1
0	1
0	0
347	1
157	1986
0	0
0	200
0	6
6	0
102	187
490	378
0	377
415	0
0	380
0	364
0	171
0	56
43	0
585	202
0	7
256	0
11	354
17	92
204	215
0	215
56	648
338	3560
0	3560
0	184
89	131
20	18
0	763
0	10
63	751
180	564
1243	5
0	11
0	11
0	11
0	3
3316	2
0	0
0	169
0	1488
0	1476
5	17
92	54
0	1628
0	2555
184	0
0	362
0	432
0	432
0	262
0	395
0	332
0	253
0	109
0	173
0	10
0	0
86	815
26	6
51	0
0	24
0	0
0	4
0	62
7	1056
11	1056
0	107
164	0
993	0
0	135
380	0
0	0
0	0
0	113
42	331
0	71
0	354
0	147
0	298
0	316
2	795
0	795
0	62
2723	1
76	1549
3	1493
1	10
141	548
0	0
0	0
2095	0
0	10
0	13
0	3
29	0
223	150
162	0
149	182
37	0
0	724
2085	3
0	2
0	2
14	17
0	0
1014	8
74	0
0	0
0	0
0	0
0	197
1	197
0	1171
0	409
0	9
37	14
0	8
524	0
0	0
0	246
0	1658
0	650
0	28
0	52
0	297
0	297
7	88
194	37
14	695
0	695
0	549
0	347
31	20
80	0
1	106
0	163
0	215
0	0
11	0
10	0
17	0
0	127
19	1070
0	1070
0	1
0	1
0	7
0	7
0	7
242	6
452	0
0	10644
503	104
0	103
0	103
0	7
971	4504
0	0
0	0
66	68
12	44
866	4
1	697
7	697
0	1
0	1
167	1263
21	1263
0	75
0	25
8	174
19	289
88	467
0	468
0	157
0	0
39	0
0	2716
9	2716
0	28
0	1393
1220	0
22	0
0	675
23	43
191	1051
0	432
178	2
0	2
0	2
0	2
0	2
0	2
0	2
0	2
0	2
0	614
209	0
0	12
0	0
754	0
1308	21
3	21
0	0
4177	10
24	193
0	728
0	190
0	194
0	186
0	635
0	281
30	616
422	3
0	908
678	1415
0	0
5	63
0	97
0	0
4157	7
0	2546
3	3
139	713
0	148
0	148
108	148
225	62
0	167
23	203
5	1448
22	0
1735	5
2576	7
682	0
242	0
8	14
792	1
0	0
3739	5
0	128
1	0
0	883
295	40
20	7471
4	7785
326	0
636	0
10	48
0	130
12	92
0	225
0	254
305	329
152	11
0	0
0	0
0	199
2488	5949
4399	6
17	144
2	39
0	39
3	12
1956	383
115	1872
269	332
26	0
0	0
0	764
248	771
6	218
28	476
0	476
0	103
368	19518
0	274
0	3
0	1397
2	1397
13	1210
0	147
0	54
0	68
0	157
323	521
0	17
0	341
0	237
0	44
0	5
0	5
0	196
0	205
76	2314
0	2314
0	222
0	0
0	11
0	11
0	3
0	0
25	0
0	670
0	1578
0	0
0	6
0	0
0	144
20	134
138	3927
335	95
0	0
0	0
0	0
0	0
0	0
0	0
88	0
0	0
0	0
0	0
0	1128
0	665
0	344
0	269
15	0
0	132
486	0
993	0
79	117
0	3
0	3
0	37
0	212
0	1950
11	613
0	20
0	1
0	1041
27	0
0	0
29	77
37	0
0	4
0	239
241	22
67	278
0	1425
0	0
385	1
266	0
0	104
115	63
2323	2
0	64
0	295
0	341
10	1600
33	242
403	0
346	272
0	721
5	700
35	0
0	8
262	0
0	887
0	821
3	99
0	84
0	5793
2	61
93	161
1395	3
0	92
0	5329
104	371
5	382
0	0
298	0
0	893
43	894
0	5
0	120
13	46
274	544
0	510
31	510
0	42
0	44
0	106
0	3134
0	9694
1	736
0	293
26	0
0	0
0	0
0	0
69	0
0	44
0	0
15	771
0	686
4	25
0	8
0	2
0	289
0	9
0	887
43	887
0	340
27	373
0	2625
32449	33
0	0
427	0
0	1367
0	5042
2931	1
0	359
97	371
0	0
0	2
0	2
2910	8156
0	8
0	5
0	277
2	3730
811	3730
35	0
0	0
0	0
41	17
0	6831
0	4
0	6
11	0
0	3
57	1513
0	0
0	0
1	0
0	0
19	154
0	0
0	0
0	22
5	580
0	186
0	0
0	1682
27	1903
4	229
3619	36085
174	36083
184	0
0	286
1417	553
0	550
0	42
0	379
52	244
53	161
734	0
197	0
0	1020
0	1379
0	24
0	0
23	1198
6	54
0	19
0	79
0	0
44	1795
268	1795
62	144
60	144
95	445
0	0
0	673
0	0
0	152
0	29
0	17
0	0
444	0
227	0
138	0
103	0
922	1
0	0
0	0
6	577
3	8441
0	1693
0	303
0	130
225	1220
0	37
3014	6
0	0
0	795
21	26
0	0
0	575
51	2006
0	1832
0	633
54	821
324	122
0	122
0	181
0	289
0	289
0	289
0	289
0	1968
0	2029
33	4760
0	4229
0	1357
0	6921
763	0
4483	1250
0	1250
12	0
0	89
0	224
2	16
235	644
0	6
1	4
0	0
0	0
0	14
0	0
0	1045
0	120
36	51
0	0
171	0
0	13
460	1
22	611
0	580
0	513
0	384
28	267
5	74
18	95
0	96
61	0
0	36
0	1093
120	324
0	0
304	2
183	317
0	1180
19	979
0	914
0	975
0	912
42	860
39	0
0	35
0	0
1145	0
0	0
0	127
0	19
125	0
0	4
0	4
0	0
0	0
0	158
0	17
1813	3
302	272
0	66
1313	4388
0	279
0	278
0	245
0	5
0	260
71	0
0	0
0	2
0	563
24	0
0	276
0	0
0	0
0	27
164	3
0	0
73	1
5	53
0	325
0	12
0	11
268	0
0	101
82	0
0	8
0	3864
0	2616
0	940
140	225
0	210
0	225
35	202
51	959
4	0
0	8
11	965
10	60
0	11
297	57
618	33
0	28
0	562
0	557
0	2
0	2
0	104
0	1577
0	1305
0	126
0	5
0	0
0	24
0	6
5	5
50	48
5	0
0	0
158	275
214	726
0	0
0	0
0	0
0	0
1452	0
0	0
253	956
0	956
18	61
1161	0
12	2188
0	1911
0	2040
60	680
0	77
0	61
0	404
52	0
0	80
41	0
39	225
29	225
0	270
51	1013
0	1013
0	36
0	19
5	523
188	507
1	100
0	0
604	0
6	409
0	353
44	1311
0	0
0	25
679	0
58	757
56	860
0	0
15	36
0	301
0	306
24	1423
170	1423
2	49
0	397
0	390
0	407
0	0
40	896
16466	38
12	1137
1833	1
0	326
300	67
0	8
42	8
137	958
0	957
730	167
0	167
0	3872
1094	3
0	283
0	509
276	530
0	0
0	0
0	0
0	0
0	0
17	2981
0	0
26	351
0	32
0	239
6029	11
8720	231
6	890
150	16
0	677
0	0
744	0
0	44
0	0
424	0
0	80
0	75
3959	12
0	359
5	0
2	0
0	0
47	662
0	0
399	664
9	101
0	101
0	499
410	0
808	258
0	258
36	151
0	875
247	0
1390	2
1767	1
57	0
9	129
42	2589
28	188
7	188
0	8
148	1820
0	1820
0	67
0	0
0	438
1	11
0	11
0	0
9	135
6571	15
132	0
11	215
0	0
0	0
21	0
3	25
0	733
180	2307
4	4
0	4
0	4
0	34
0	34
0	0
1179	0
2391	2
0	709
0	647
0	859
0	0
6	0
1459	1
0	0
132	0
1758	0
1000	1
727	0
0	7
0	49
0	35
3208	2
24	0
0	8511
0	0
8663	8783
559	309
0	167
0	148
5	7
0	19
0	18
31	88
0	0
138	0
668	3
0	0
0	1712
0	715
0	702
1	17
0	0
310	572
0	901
172	712
0	0
0	438
26	440
0	210
126	64
0	1
3	218
80	0
0	13
275	0
222	0
0	1834
0	1840
19	10
0	0
0	16
0	0
0	0
0	0
0	2380
0	2390
0	1156
7	1193
0	7523
0	7761
1	0
36	3
4	344
0	308
0	308
0	75
94	441
0	441
0	341
0	318
0	60
0	0
0	0
20	0
65	17
229	1445
0	0
4	530
0	530
0	405
2909	4
0	0
0	1196
279	0
0	830
0	0
0	0
0	70
145	0
17012	36
1	11
58	7
0	536
516	1272
59	360
2	29
65	296
0	0
0	0
17	0
28	208
335	317
1	0
0	0
0	0
0	0
113	1111
129	1003
357	0
0	283
0	210
0	63
4	118
0	58
0	48
0	1376
0	1376
46	20
245	1111
20	1110
0	14
0	14
0	14
0	14
0	39
37	285
0	285
0	275
0	353
0	39
1	60
0	0
453	0
0	1357
1143	0
6	33
271	1035
0	491
23	117
99	0
3	2247
40	2202
0	19
10	0
0	835
3	137
0	320
67	319
5	1
56	13
4	0
55	0
0	64
119	276
268	0
0	3
0	3
0	0
320	0
0	17
0	0
0	1153
51	0
42	0
0	57
0	1310
0	1330
32	0
0	87
0	464
177	0
23	29
0	13
34	0
0	1013
2083	875
1711	874
5	19
17	19
421	1
70	282
7476	9
0	457
406	34
0	22
0	0
0	219
17	219
2498	8
3650	10
1712	421
0	416
0	220
267	1
0	33
0	0
6293	5
0	701
0	702
36	111
0	0
0	0
0	0
32	569
81	121
0	0
0	536
6	140
0	88
0	2
0	71
676	5
0	34
0	6
27	0
311	0
12	0
5	0
3543	2
39	0
736	1
1	104
60	249
0	173
0	721
0	258
35	552
0	217
0	217
617	0
1126	0
455	1645
0	1645
2	70
7	0
0	171
0	0
307	2
0	0
2880	7258
0	53
0	53
0	53
0	53
0	0
932	0
0	5
0	5
0	0
0	0
0	0
365	0
553	0
707	1
48	0
263	0
385	175
11	36
60	0
2584	384
0	384
5541	0
22	0
428	0
0	756
0	110
0	5473
332	2323
0	600
0	0
4	90
0	0
0	0
0	0
0	0
0	14
0	14
208	1
0	0
0	0
0	294
0	5
111	809
9	337
0	992
606	0
17	16
3	16
89	0
0	0
8	43
0	1769
104	131
0	1475
317	0
0	0
406	0
0	1741
0	1550
153	2
0	0
0	61
0	61
0	23
0	77
9	398
260	828
0	219
12	1767
126	1721
0	1703
442	0
0	77
0	97
3	7
0	7
4685	25
11	0
0	7
0	7
7	8753
32	7562
0	7854
39	0
0	0
0	191
1	411
0	370
4	0
0	409
2306	16
2	198
459	0
0	0
0	0
341	0
0	205
66	0
0	0
17	0
0	0
0	0
0	120
0	104
0	107
332	0
0	39
0	106
0	344
0	0
5	0
2225	2
5	137
0	12
44	105
19	105
1188	715
36	714
145	1179
6	0
0	75
0	75
610	2
342	1
0	0
108	0
0	262
90	0
0	0
0	0
0	276
0	1186
0	693
4910	9097
0	9096
0	202
0	202
1	245
0	208
0	18
1052	0
0	36
74	850
0	583
0	175
0	70
0	41
563	0
0	5092
15	607
0	93
1006	0
0	9
0	0
0	10
0	10
0	0
747	4
1082	7
0	0
0	0
0	0
10	0
0	0
0	408
30	0
227	118
0	117
0	32
0	29
613	198
2	0
0	551
0	303
7	328
0	17
0	17
0	19
0	0
1161	0
0	0
18	0
0	6
0	0
1152	1
0	0
0	76
0	138
124	0
0	932
15	14
57	0
0	694
0	19
0	6
0	0
2	0
0	0
14	0
0	792
0	702
0	593
0	681
0	382
0	18
0	32
0	571
1	87
0	0
0	0
0	114
832	2889
95	0
4	6
656	0
37	262
2720	2
0	0
906	1
2085	0
115	0
0	1
2	0
997	1
0	294
29	425
1405	0
0	10
0	0
4	13
718	0
0	0
17	1
217	360
3304	0
0	2109
0	2109
0	1812
0	777
0	181
0	181
0	295
0	34
107	0
75	797
0	196
40	196
7	1418
2	140
0	113
0	120
69	0
16	11
0	1068
116	57
222	0
0	304
1445	0
1	121
514	2
0	0
0	28
414	6
1294	4
213	1473
0	187
0	187
29	0
135	1283
53	1168
0	0
0	0
79	767
54	454
0	274
308	599
0	136
92	0
562	4177
0	14
0	24
0	23
0	22
0	24
0	24
151	0
188	0
171	424
36	78
0	46
0	0
4	0
11	0
0	0
0	120
0	142
16	142
0	9
0	0
318	0
0	2
0	1267
0	1267
0	768
20	0
215	1058
0	10
0	0
1063	864
0	864
10	196
16420	36
0	0
17	0
0	6
0	6
0	6
0	6
0	6
0	6
0	0
0	0
0	0
1143	7890
308	0
0	1
17	1
142	0
262	2
0	0
0	0
0	0
0	115
0	107
0	11771
0	0
0	528
1198	1
138	932
89	0
387	2639
1243	0
0	1685
0	0
0	1680
292	0
0	38
2	56
1635	12
105	260
0	23
0	3
15	826
22	826
0	539
0	399
76	3393
58	585
0	5807
0	13
0	26
0	14
0	110
0	12
0	93
0	5
0	62
0	12
0	0
0	29
70152	77
0	0
0	0
3	0
31	0
58	0
12	140
0	122
26	39
0	143
2588	0
0	5
0	518
1189	2000
0	2000
0	361
0	0
15	153
93	0
0	284
10	0
1	131
151	0
0	15
0	0
11	14
0	2
847	7
0	0
0	779
0	0
83	950
0	0
0	0
18	267
0	1116
684	0
0	5
101	0
30	0
35	218
20	20
5	0
0	7816
12	310
0	162
0	1791
761	0
1915	434
23	433
5	6
35	3
37	53
0	810
0	914
0	492
0	492
27	0
2220	5
851	0
0	0
38	0
0	1
0	1
0	19
8	193
0	1304
1	20
0	501
6260	6
103	712
519	0
1	0
2716	0
0	52
0	1321
0	1
0	1
1971	6778
225	6778
0	15
0	23
31	0
0	286
5	47
0	682
66	802
0	804
0	808
11	1108
0	1044
2	1111
0	1047
0	327
469	0
0	3177
0	3197
0	3197
0	2832
0	2832
0	2723
0	3110
0	2979
0	3100
67	3119
0	805
7473	10
5	23
0	23
416	628
1	0
0	28
0	5
0	637
0	3
0	0
0	3072
26	0
226	0
2476	3
0	0
0	634
360	1215
1	1215
0	401
0	0
0	269
138	3462
0	471
125	429
1375	0
614	0
170	0
96	0
17	0
20	55
51	0
0	2
1	0
1099	4
0	0
0	0
0	495
0	0
0	0
2073	0
6	0
4	0
96	362
0	593
1	233
0	84
10	23
0	21
0	882
0	761
0	1541
0	17
6	6
0	6
0	36
0	343
8	18
32023	34
24	104
0	0
0	0
0	0
0	0
0	0
619	1
531	0
35	1425
30	946
252	0
0	0
125	0
448	0
0	252
0	324
0	342
0	388
157	0
0	355
4	0
46	422
3	0
540	0
0	0
0	0
2	32
9	210
15	310
0	194
0	15
0	0
0	9
0	0
0	0
850	1
0	1760
134	1760
0	10
0	34
59	34
57	0
0	0
0	533
0	288
35	520
0	0
5399	3052
31	3047
0	0
0	54
0	599
776	2
1539	5590
731	0
481	60
1287	3
4	63
0	153
1	2274
417	0
0	0
0	2737
23	0
15	48
0	0
0	0
0	944
0	899
2	898
101	0
15	1144
0	1143
0	25
0	25
17	17
189	0
0	0
0	16
0	31
0	549
191	0
254	7
0	371
0	355
0	349
0	352
0	376
0	524
0	317
0	235
0	207
1643	5
1	114
0	0
6	0
0	2093
0	5
39	2312
0	5
0	5
0	5
26	0
0	612
179	0
67	0
70	424
0	27
68	0
0	14
0	0
0	0
52	0
3871	4
25	0
0	0
41	104
657	242
258	2087
59	0
0	0
0	394
0	78
0	78
0	78
0	25
106	3
19	133
0	2598
64	0
9	0
0	0
96	0
1	6
0	862
0	982
8	3151
2695	3153
87	1057
22	0
0	2775
0	85
144	2975
0	2263
0	0
0	1088
0	0
0	1246
0	127
0	22
0	0
0	56
480	0
129	1096
97	5039
0	0
0	0
0	0
0	29
0	29
0	22
17	4
0	0
0	41
0	20
0	2
0	0
0	49
437	2
0	7
0	0
58	219
0	0
1425	3
16	117
0	82
109	1
0	29
2	0
4	0
0	529
5	56
12	56
0	238
12	291
39	9
0	9
0	287
20	0
0	0
71	0
4	0
0	336
0	267
0	138
0	60
618	1
14	78500
15	9
180	133
0	0
382	1
612	0
380	0
430	351
0	1601
34	1051
1113	1
206	769
0	705
18	113
11	24
0	15
0	17
3	9
24	0
0	41
0	289
0	1194
538	4658
79	4657
5	3960
158	556
778	559
0	0
1	0
0	0
0	489
0	1996
0	1200
0	907
767	0
1	0
217	0
0	313
38	0
2911	2
0	42
0	43
0	42
0	43
0	42
0	43
0	53
0	52
0	68
0	0
15	85
666	2
0	0
0	0
1440	0
0	1703
31	1703
305	237
0	361
0	338
10	2083
0	3092
0	338
0	16
0	16
1744	3
1	32
0	0
1329	0
34	322
368	5290
3	59
337	841
0	4
406	2
0	409
78	0
6	70
0	0
37	3
0	1571
0	1142
0	1424
0	11008
3	0
0	204
26361	40
4257	4
0	45
50	154
0	0
0	0
0	0
0	0
0	0
0	0
0	0
889	6580
60	0
4819	14
152	370
2808	2
7	428
0	0
0	0
8	0
146	2108
0	103
132	1130
0	0
2898	4
131	0
2234	11
56	0
0	0
0	0
0	114
80	0
81	525
240	0
0	1687
0	1564
0	0
884	0
0	171
8	0
21	0
28	0
34	0
3221	29318
0	7219
0	1249
32	1252
28	624
0	0
0	15
0	15
0	15
0	0
5	72
238	1156
156	649
0	16
8	221
0	71
3	220
0	198
348	570
350	1656
0	1581
0	9
0	13
26	158
48	0
0	105
0	105
0	105
0	105
0	105
0	39
0	15
0	15
0	288
0	283
0	1114
0	547
2	1
0	855
690	1244
0	0
0	24
0	36
0	36
507	3973
0	1145
13	0
0	0
0	0
0	0
0	11197
79	12197
100	1
0	137
0	117
14	65
1002	7466
93	391
0	28
0	30
0	755
0	303
0	305
90	733
0	180
10	525
6	330
0	330
0	18
0	708
0	563
0	681
0	151
0	0
1508	5
0	10
0	0
0	0
0	141
30	28
0	257
0	197
0	217
34	19
810	0
2	0
108	38
0	0
124	1055
0	424
50	791
0	111
0	257
4	0
47	22
0	264
0	1096
102	0
232	0
0	0
3	62
0	99
0	105
0	308
0	2334
0	18
4	0
0	0
0	0
0	2747
7	42
0	0
0	0
5	29
226	159
271	2383
0	542
13	835
19	1161
0	1109
0	1008
663	0
191	0
0	1763
0	0
1176	502
549	1152
57	0
64	1027
0	96
7	723
47	905
3	664
0	786
10	933
0	900
1	203
0	0
0	245
0	257
0	33
631	0
15	0
0	1218
123	0
175	3010
0	0
119	0
0	0
0	4042
0	3
7	209
0	0
2286	21
103	1038
4	0
0	4182
483	0
339	0
0	0
0	0
165	0
1302	0
1152	0
4	5
300	244
0	0
635	856
0	87
312	2004
25	2493
0	2650
0	2650
725	0
9	1
0	1559
0	1419
0	1700
0	1565
0	1497
0	1467
0	0
27	348
0	348
0	407
17	390
0	352
0	498
0	56
0	56
27	258
37	2036
0	2036
0	0
264	0
1040	1969
0	1969
0	0
115	128
0	3
225	0
0	0
0	183
0	0
173	630
18	0
0	58
0	58
0	48
0	47
0	48
0	48
0	54
0	44
0	5
61	433
0	0
96	825
0	825
5	349
0	0
0	64
10	881
0	0
9	297
0	297
0	77
0	0
0	26
1548	0
0	57
18	15
144	0
0	149
411	350
0	350
3	135
36	137
0	134
0	142
5694	3
12	7
0	48
0	172
0	160
30	558
26	183
282	0
0	26
753	1
522	2
142	0
0	0
0	913
16	182
108	3
0	35
0	0
1855	512
44	176
0	25
20	0
0	0
3316	0
0	0
0	0
0	0
4	33
0	23
0	31
0	31
0	31
0	0
0	1771
0	1691
26	29
0	13
0	206
0	973
0	1553
5	58
0	58
0	0
0	6
6	987
0	0
959	0
0	115
0	0
0	97
10	91
0	0
0	0
1973	0
0	0
3	0
0	706
0	317
8	456
2	4043
88	4374
0	4098
0	3584
37	6474
0	6419
45	5324
27	0
0	245
0	59
0	0
0	0
0	1397
0	19
0	19
1451	1
135	0
240	1
0	39
0	19
0	0
1202	0
5	187
29	17
0	1146
0	3
33	0
7	37
18	46
1258	0
0	2
10304	18
0	116
0	0
37	421
386	1516
296	0
0	0
16	15
0	203
1471	3
0	0
0	332
0	268
0	131
0	300
0	137
0	0
0	2
18	0
0	1676
0	172
1918	0
0	8
0	6
0	8
0	141
0	2
0	0
39	0
64	21
18815	28
0	40
4	40
48	128
0	295
18	378
56	378
0	3143
0	27
40	208
675	0
0	0
756	0
864	0
0	0
0	476
113	476
8	476
29	179
0	0
8	0
42	115
0	2521
161	17
82	17
2729	0
87	1321
0	1847
142	161
0	182
90	0
0	0
428	603
0	92
0	92
36	168
399	0
0	836
0	354
12	353
13	353
0	211
0	36
0	36
23	66
0	780
0	259
0	772
0	785
0	787
3	772
0	0
0	0
1278	2
0	0
0	86
0	0
0	0
0	31
0	31
0	29
0	31
21	181
6	204
0	204
0	0
0	23
61	4440
90	3811
0	4201
101	3837
0	3253
965	3253
0	907
0	0
0	15
9	25
167	309
77	0
431	0
0	124
1177	1
0	0
6	0
330	1144
12	1144
132	337
0	337
163	143
0	199
0	282
0	367
0	318
0	274
0	169
269	0
0	0
1002	3
7	0
337	1775
0	1844
0	1685
118	0
1552	3
727	0
1	927
0	213
296	2
0	35
400	0
0	0
0	0
4051	1
2	169
0	391
170	0
642	0
9	0
2514	19704
118	5
0	0
652	18
0	0
0	0
0	261
139	0
0	0
0	0
0	0
20	0
0	0
0	1780
154	0
3281	1
63	358
1	1692
543	2
0	0
0	2667
0	758
726	0
0	0
10	52
4636	19
69	148
0	148
0	117
852	0
486	3
0	0
0	2
0	837
0	0
22	43
0	0
5	0
0	7
0	0
1725	0
0	2013
0	2013
14	0
133	0
13	5710
0	121
0	0
245	215
236	1621
0	2
0	2
59	596
963	597
303	2
0	159
5122	0
0	48
0	339
0	325
0	422
0	0
0	0
0	737
1307	0
0	0
1415	0
660	0
9	0
0	0
0	78
131	0
0	261
16	149
0	3
0	3
0	0
0	0
1614	0
9	0
3281	5
6	0
1246	0
158	2546
0	5
0	576
0	3048
0	3265
44	55
6	0
125	480
32	480
115	491
42	491
13	0
26	535
3	85
0	1627
0	59
3	2990
348	1147
0	1251
0	388
50	1589
0	0
4	0
143	0
0	2
38	530
16	530
0	1
8	0
2117	6
0	30
68	0
464	0
0	0
3489	1321
0	1318
0	1007
299	0
91	548
0	25
0	25
0	233
1	242
24	25
0	370
8	881
0	818
5	0
263	0
9	497
0	0
0	0
0	0
13	1
30766	32
0	1199
0	1341
0	0
59	990
1143	3
0	582
0	0
0	0
55	0
1586	2
10	0
454	0
0	149
0	152
0	152
0	12
534	3
0	21
456	784
2366	7
0	1
182	4415
0	4415
22	0
6	0
0	6174
956	10
0	0
125	0
0	0
0	120
0	173
225	0
0	111
60	111
0	90
24	0
0	482
0	9
0	0
12	80
0	75
0	80
95	0
170	0
0	0
0	0
0	0
0	241
6	558
5	218
0	0
0	0
1673	0
1	4
0	4
55	0
52	1438
1870	2
57	487
0	487
0	487
1	0
511	0
0	0
409	377
0	2
0	793
0	1062
0	748
0	730
1509	3183
0	3182
711	4
0	308
911	459
0	459
0	0
162	0
96	0
0	37
1404	3
0	0
0	1388
0	0
0	0
482	0
16	1777
73	1777
556	0
16	894
0	3
77	0
117	1091
26	1091
3	47
2	1320
180	1230
4	0
14	0
0	429
367	2
157	1
0	341
0	0
0	2
0	2
0	21
0	0
0	0
0	0
0	599
26	599
62	307
32	307
182	34
171	8401
550	8401
11	216
42	216
3	0
27	18
2	18
136	311
0	0
16	277
0	282
2	297
30	0
37	651
0	50
0	50
222	262
2	2363
0	0
15	24
1262	5
0	1286
20	222
0	19
0	0
189	0
0	606
2273	8
1	290
1	0
288	0
0	3
4	45
0	18
0	564
520	636
0	636
2	1106
0	1210
0	388
519	0
0	285
0	8
39	136
5	0
0	51
0	51
2	51
0	0
6	2
217	1357
0	1357
0	0
47	0
1404	3
0	0
38	219
140	132
9	1916
499	478
0	0
1420	0
153	19017
1025	19018
7	182
0	704
0	0
0	13338
0	0
0	420
0	1492
0	1312
0	10
0	11
171	187
13	479
6	205
0	276
0	268
0	268
0	24
1	2
0	24
0	5
0	0
32	6
159	0
4	757
2983	3
0	179
23	179
0	701
0	4
0	4
0	4
48	407
105	407
215	0
3	118
0	90
505	0
0	0
0	43
0	43
0	1381
0	1141
85	0
0	0
0	161
1355	0
0	3
446	0
40	133
83	0
36	0
4	1182
0	0
3111	283
0	282
1328	1
1462	2
86	0
13	375
0	88
0	0
188	0
0	81
0	42
4	1
0	0
346	0
33	8
0	10238
268	0
764	889
0	819
0	882
0	846
0	658
0	0
0	27
0	26
0	27
0	27
0	21
8	0
3	0
0	92
0	0
0	0
4	0
1812	0
0	0
752	0
0	46
0	0
0	0
0	0
2240	7
1068	0
0	2
0	2
0	0
1	0
0	166
41	97
7	0
7	0
821	2
3	0
0	225
0	237
0	232
0	6
0	334
0	0
0	76
0	79
0	1208
115	40
37	40
0	915
230	5941
0	421
1340	1
11	165
0	0
0	0
400	0
0	181
0	5
220	0
31	33
29	0
0	2
0	29
0	29
0	29
0	5
0	15
25	8
0	0
0	0
1624	2
835	0
0	0
44	125
0	46
0	65
19	65
0	0
0	0
107	0
56	334
0	181
67	600
0	147
0	0
87	0
0	3
8	0
43	1214
0	1214
11	127
0	314
9	258
6245	5
0	0
0	138
477	0
400	0
432	0
0	991
0	671
0	812
41	494
0	0
107	1713
0	16
31	172
0	6
0	0
2	8
0	9
22	0
2	2425
28	0
20	0
13	0
45	232
731	1654
182	1654
0	11
0	836
0	16
467	2
12	0
0	10
498	0
2082	2
0	0
2	65
0	0
2852	0
1	0
0	23
86	23
35	0
121	0
290	0
2	0
73	1341
98	0
12	29
257	709
9	0
0	4275
127	2889
0	1217
0	11
544	1083
199	759
0	757
14103	16
3	0
0	0
305	0
0	0
64	403
0	781
0	324
30	1
0	530
0	0
2	2
0	1797
0	1409
0	1461
0	1105
0	0
0	0
0	46
0	46
96	380
46	171
668	6441
32	6441
223	157
338	0
581	0
0	7
4	0
62	0
0	0
2716	1
0	20
0	20
191	781
0	0
0	55
0	13
0	0
88	3873
26	3873
31	1
649	0
76	144
780	0
0	0
0	0
0	1
0	1
0	0
0	0
8	781
968	10947
39	10947
0	48
83	0
0	3
29	0
0	0
0	16
0	11
0	11
0	11
0	62
0	4
0	4
1904	1
52	0
0	2
13	0
0	22
26	82
0	323
0	314
0	1317
5	1382
0	0
0	0
350	99
0	97
0	1144
0	1757
0	28
58	0
34	139
0	219
37	112
58	24
0	301
3118	0
1	859
0	41
91	41
0	2066
88329	119
844	0
0	0
0	0
0	1090
155	4437
46	4096
27	6
1	16
0	0
23	1157
0	1157
85	954
149	1020
91	1017
0	923
27	562
59	518
0	518
0	2
4	962
0	1007
0	917
0	917
160	184
49	0
0	0
0	12842
3	164
2	96
6	0
0	0
0	0
0	2675
37	0
0	935
0	40893
0	39906
0	43254
0	0
39	284
291	347
0	3266
116	1
1	0
38	1111
348	32
0	945
241	878
416	878
10	135
0	0
0	30
4615	7
0	21
86	0
418	1
1428	0
83	172
29	113
54	113
0	300
0	151
15	117
6	286
51	286
0	13
328	0
16	0
0	2440
0	0
112	87
0	181
0	121
0	4238
0	264
0	122
41	123
0	106
3	0
220	2
41	1393
33	1396
10	1396
0	2
0	69
15975	13
0	2087
0	542
0	9647
232	2481
187	303
4	0
6	145
93	55
0	131
0	162
70	205
44	205
14	0
3954	0
0	33
678	0
1	2074
16	0
0	199
14	243
0	2557
0	0
4	7
0	335
0	1
0	1
0	1
2094	1
0	0
54	142
22	187
5	55
0	0
66	190
59	190
1695	1
0	0
0	0
0	0
76	361
27	421
0	395
0	0
18	211
20	0
0	0
9	78
0	1251
0	0
0	34
0	487
9	253
85	204
0	183
0	0
502	0
7	0
1858	0
95	0
3294	3
0	80
0	8
0	0
0	38
6922	7
0	63
11	205
0	165
0	1
0	1
174	468
1	12
1896	204
0	0
0	35
0	35
0	1328
0	1328
6	1396
0	678
0	1124
0	1144
33	0
0	0
0	78
0	373
78	373
567	0
65	0
7920	11
27	1338
69	598
0	0
0	29864
0	7422
14	246
16	246
118	0
21	262
88	918
0	918
52	0
195	3
0	0
0	0
26	1490
0	425
0	208
0	232
0	1224
0	0
793	0
28	0
0	0
0	986
0	60
0	15
0	15
440	894
47	21
0	0
0	0
0	8
0	8
0	428
0	43
21	330
0	1
0	77
0	77
0	3
764	1
0	974
355	0
165	3
70	924
0	16
33	0
0	417
0	200
0	234
0	9
14	39
0	39
33	4
16	62
4	137
207	0
0	180
592	180
111	12
8	0
17	0
0	0
20	101
0	508
607	3
2266	2
0	2490
0	2272
0	1974
0	2421
0	1357
142	1135
0	1082
0	1140
234	1551
0	154
269	1067
155	0
6	533
0	3
22	0
21	166
1	3
378	84
1	0
148	7
0	0
0	0
0	11
0	0
0	20
2	6
5	0
0	4
0	0
1	599
4	0
325	5847
0	5847
0	9
0	0
563	1
0	191
0	122
0	117
17	0
2719	10160
0	10160
0	190
40	12
0	435
25	0
0	29
0	315
0	322
0	4
9	294
0	69
4	0
3	1
755	0
11	4398
178	286
0	595
0	553
106	122
106	0
0	0
25	63
0	0
177	1053
224	1686
6	0
70	281
88	0
0	4330
4280	4331
0	485
17	474
0	184
23	472
0	472
6	672
0	830
2145	1090
0	1079
0	927
0	3
0	21
0	2794
0	11
0	8
0	1338
0	905
0	966
0	1062
652	0
1092	0
0	12
54	0
0	139
454	9
516	3005
7	59
0	1055
0	0
58	0
7	0
0	0
0	108
0	185
0	308
0	201
0	298
0	308
0	222
576	2
17	0
3	96
0	37
1	0
0	374
0	28
0	265
0	1986
0	0
0	0
4	94
294	1069
381	2617
0	0
189	3
0	84
0	33
5	0
0	0
0	14
0	0
0	136
635	1442
0	0
0	0
0	0
0	0
0	319
0	6904
0	7440
0	387
0	651
124	721
1600	1
0	0
3172	4
286	417
2442	8
12	231
3	4
586	0
0	1004
71	484
0	1116
0	1005
0	2270
6	2309
98	2481
0	2307
0	2479
0	1019
145	207
0	174
0	39
0	36
49	2123
0	2123
695	0
0	0
0	0
697	0
0	0
344	1642
25	65
7	942
0	916
0	920
2176	9
0	1
188	551
13	66
0	40
42	541
0	531
0	553
0	560
0	560
0	509
18	322
0	0
8	0
0	0
31	270
0	435
271	0
72	490
0	95
0	36
0	730
198	1431
0	991
5	1040
0	0
1829	0
0	0
101	925
1255	0
573	4
0	540
73	936
0	936
0	0
0	63
0	335
0	69
621	971
34	71
6	627
211	767
0	2736
9	2
29	0
141	1
23	0
67	800
0	277
0	298
0	4
0	4
0	0
0	392
0	1541
5	29
0	932
0	863
0	9489
0	9434
15	273
0	273
12	0
1	0
0	13
4356	4
5	1221
315	2
1059	7
0	827
0	628
5677	3
523	0
448	1
0	1304
0	0
0	0
0	0
104	691
0	1324
0	990
0	163
269	0
26	0
456	0
12	0
0	0
31	280
13	1575
348	1575
112	798
18	0
0	0
0	47
56	0
0	28
1992	9
318	2
0	0
0	2
80	660
0	647
0	420
10432	30
397	0
0	11
5	0
0	76
455	140
0	631
0	631
0	313
4333	8
13382	20
528	187
16	2081
86	2081
0	30
5	30
0	371
0	0
0	73
169	0
0	0
0	192
0	0
476	0
0	9
4	2
0	1977
0	15
4747	4
0	983
0	756
0	0
87	969
2369	0
93	0
0	31
0	0
0	0
443	0
51	952
0	0
0	0
0	0
2376	5
0	0
0	0
0	0
0	214
277	0
0	0
0	166
0	271
0	126
0	1916
11	0
5	455
25	736
4	517
40283	51104
0	35519
2	52205
1495	14226
0	151
2094	2
0	3
0	526
0	0
2	0
0	0
0	3
0	250
0	613
0	251
9	281
0	44
172	0
0	184
0	189
0	0
0	0
0	59
0	2450
0	0
428	0
30	192
0	99
0	334
0	215
0	1497
0	15
267	4219
14	4216
0	3036
3465	2
316	0
0	13
0	17
0	72
0	96
0	101
0	72
0	72
0	102
0	78
0	17
12831	13
0	0
0	259
0	183
0	87
0	211
0	0
1350	1
0	279
0	446
0	279
0	467
90	1346
15	329
1058	0
11	152
195	309
0	309
215	1240
2846	1103
0	1096
935	2377
542	2376
0	0
0	1307
11	3687
78	3687
142	1015
0	1769
68	0
245	1
0	0
411	0
0	83
271	0
68	84
1204	28
0	0
0	56
144	290
433	0
5	132
0	0
232	0
0	21
0	2
0	194
44	194
0	0
0	0
0	2
23	0
3	0
0	0
0	643
3	18
16	0
0	87
171	0
184	0
0	297
0	46
12	11
0	0
0	0
594	2
0	245
0	772
0	0
747	0
1730	7
0	17
4	10
121	0
51	43
190	233
76	0
0	63
0	268
5	876
0	2085
1914	2
949	5
34	22
172	3
0	0
86	13
0	27
31	0
0	17
0	30
15	44
0	0
322	0
0	293
0	384
18	369
0	178
0	400
0	455
3760	6
0	1
0	983
0	756
0	6
31	266
0	121
0	96
7	104
379	3183
0	0
867	0
0	0
0	0
1	1035
0	971
0	1068
0	1113
0	499
0	241
304	1012
86	599
0	534
128	158
0	158
0	448
3	478
0	578
0	447
1	0
1	8
730	0
7	101
52	134
13	15
0	18
0	117
0	2
0	2
0	218
10	219
0	36
0	36
0	1763
0	71
0	0
0	2
61	0
30	187
0	186
0	1892
54	1918
0	1636
31	61
127	83
188	0
0	1
0	1
3	0
121	3932
126	3932
5	0
551	0
0	20
21	186
51	0
364	3
153	389
148	1203
0	0
11	28
0	188
0	263
0	60
433	0
10	350
0	568
0	589
0	202
0	164
0	65
0	164
0	75
0	0
0	185
0	160
25	221
0	43
6	0
1254	19
0	0
471	0
0	0
0	20
259	1258
0	1020
4	2538
0	2370
74	517
4857	6
0	740
0	234
4	230
0	235
0	224
14	161
0	0
66	3185
0	2
1	2
4089	14
215	634
0	295
807	239
5	100
11	132
182	654
0	0
5	5
1405	0
0	599
0	20
535	2579
270	1591
524	0
489	153
1	0
98	434
0	110
0	110
0	37
927	2479
326	2484
627	1
0	454
0	1283
0	651
0	145
0	0
0	49
0	45
0	60
0	683
0	201
0	0
569	3
0	308
116	452
0	452
1	51854
4805	51866
0	375
193	0
0	104
1981	4
243	0
4	0
2728	4
0	0
0	60
0	45
0	37
4975	596
0	195
14	0
0	3465
0	0
0	0
40	64
0	1
136	45
0	18
0	899
206	2529
0	2250
0	27
0	1863
0	435
0	41
35	53
0	0
22	518
0	478
0	108
0	0
0	0
0	276
0	261
0	237
0	4
0	636
193	2851
70	456
556	0
321	0
246	1
86	52
352	1
893	0
2	0
1219	6
86	0
0	2
0	0
446	5
0	12
0	0
0	220
27	0
0	0
0	24
101	0
41	79
0	0
0	0
0	0
0	0
8	35
81	1224
82	0
441	1587
41	159
10	268
4	268
0	498
0	546
0	2949
0	2112
12	4
0	0
0	0
0	0
0	0
0	0
26	10
0	0
0	0
7	0
0	0
0	0
0	0
0	10497
0	10553
352	10039
0	10023
34	568
0	114
0	0
23	1004
0	0
0	12
925	0
2145	1288
0	1282
0	0
0	0
0	942
0	833
0	165
0	165
657	0
209	0
80	186
2399	2
4	253
7	286
364	24
87	1659
197	392
21	392
0	33
0	1177
0	1175
181	82
0	4533
85	0
2	157
0	487
1327	0
0	574
3731	1
0	4
116	0
1552	1631
0	1628
0	377
0	0
24	0
95	0
0	1474
0	1471
0	44
22	379
231	424
0	0
0	0
4323	4
0	0
0	936
12	106
0	106
0	1
0	1
58	0
0	201
0	220
0	243
0	9
0	182
27	0
0	32
3	0
202	4
64	281
0	0
0	0
0	51
11	195
4	0
186	0
0	12
1	12
0	388
0	0
0	5771
0	0
114	0
578	1411
112	1408
517	0
103	0
1893	2262
4621	5
804	0
0	66
0	78
0	80
0	77
0	1151
30	112
7	112
0	973
42	0
0	0
177	40
0	58
7	0
1652	7237
8163	7241
0	0
786	2
0	0
0	1995
0	0
4	1
0	0
0	1781
3	0
1374	3
2	0
204	0
1453	3
626	0
81	0
1344	0
10	2
6	23
52	1135
4917	2
0	0
0	4
1034	0
0	0
0	363
156	368
0	368
0	358
0	0
0	0
0	0
0	0
0	0
35	0
0	219
85	219
493	3
1	483
17	1106
89	366
0	211
361	0
876	20
259	2
0	2139
0	558
3725	561
17	3
21	3
1581	525
176	524
178	180
0	180
151	63
0	0
0	59
0	411
26	0
0	0
0	0
0	0
0	36
133	0
2	157
12	167
105	0
10	5
0	1256
0	0
0	11
0	6
5	613
1381	0
106	0
31	100
0	106
0	107
0	106
0	61
48	329
2288	3
621	0
54	112
67	112
6	25
1188	3
23	73
0	1353
0	1710
0	41
26	637
0	541
0	534
0	534
0	611
6	358
0	188
438	0
1	5
91	0
213	1927
1	1
0	0
716	0
0	0
14	182
0	0
0	0
1536	0
194	0
0	0
0	0
6	111
0	111
0	104
0	95
52	187
208	1977
0	281
0	195
0	124
99	0
0	62
0	0
677	2020
249	0
36	10
142	2707
3	2707
7	2707
0	0
0	120
0	122
0	122
0	57
21	0
0	358
0	0
64	0
72	0
0	1280
0	0
0	0
104	0
0	0
505	0
1	8
0	206
18031	33
881	0
0	0
0	162
442	0
1614	2
0	0
747	23
92	0
237	3241
44	3241
37	719
55	719
0	0
0	0
0	0
0	1239
119	0
0	0
2330	10
0	1015
0	0
0	57
0	42
0	46
82	257
0	255
0	6104
0	3262
9	50
0	48
85	1917
0	2436
0	1669
6	0
0	274
0	5399
9	222
0	0
244	0
0	0
106	883
11	295
0	295
0	0
70	0
225	0
0	8
1403	0
0	197
0	0
0	0
0	0
20	190
0	0
0	1156
162	1708
0	2
25	49
63	242
0	394
0	91
79	0
0	969
0	3
28	134
3960	12
35	0
100	0
0	803
4	18
0	18
0	36
3	72
0	0
85	1140
0	1140
0	0
110	0
0	33
2	107
0	0
0	0
7421	22
475	0
49	0
729	3948
0	3947
331	968
0	20
2474	1
8545	4
0	1
0	1
93	266
57	892
526	1
18	16277
337	17558
0	4197
2	44
0	0
0	27
0	27
6	72
0	0
9	0
58	0
8	3
4	17
9	176
172	297
5412	9
2731	4
16	6
15	7
21	78
22	78
774	1
10	38
0	147
61	283
19	306
56	0
0	12
0	306
0	288
3	284
13	0
392	0
597	0
0	0
292	1198
0	844
0	2
0	258
0	0
0	362
29	362
1301	1338
0	1338
211	0
0	5
0	5
1270	2
0	0
0	32835
0	0
0	0
1911	2521
13	2382
101	2426
0	27
0	27
0	94
13	56
0	81
20	80
0	55
0	28
0	298
0	411
23	45
0	3
1	3
270	610
36	108
2	0
0	0
45	1
231	0
224	0
0	644
3	378
534	378
54	964
126	820
345	271
0	782
447	0
8	3138
0	30
11	71
48	1171
0	29
0	441
583	0
2271	4
806	0
4	1209
0	0
32	87
0	87
0	85
164	0
75	1216
66	0
0	0
733	4
0	330
0	290
3	0
0	863
2357	1538
0	1451
37	23
0	282
0	15
13	0
0	30
8	42
3	254
420	283
4	0
628	0
4	0
0	404
0	369
0	363
0	354
0	369
0	628
29	0
0	1695
42	0
45	0
0	843
6	18
0	18
0	34
0	37
0	0
0	0
1163	3860
0	3639
0	2599
10	1276
0	1933
3475	6
44	1135
0	58
733	0
48	0
4217	0
0	310
7968	17
0	0
305	0
0	2
0	380
655	642
31	642
17	1
0	1
620	0
10	31
4443	10
886	0
0	501
26	179
0	179
468	0
750	0
20	363
0	1477
0	0
66	7
41	0
0	182
6	1046
58	1027
22	77
0	0
91	1
98	461
0	461
18	165
661	0
0	42
0	59
18	302
772	0
0	0
0	0
0	0
16	151
1620	0
0	11
0	6
91	0
0	5502
1	0
0	0
0	286
0	286
0	269
0	0
217	0
46	0
7	22
0	7
0	7
0	8
23	396
0	389
253	5244
0	5244
95	410
6	4
0	4
16	404
0	0
1784	6
0	349
10	349
9	21
155	0
0	165
64	1176
1228	1
76	196
36	446
84	0
288	0
101	496
0	493
0	2645
0	500
0	699
0	70
406	0
0	0
1	0
2	17
0	0
90	184
3	242
0	242
0	242
0	216
83	540
0	540
302	161
0	0
18	88
0	76
0	31
329	1079
0	30
271	95
1039	2
0	3
0	3
4	0
418	0
309	0
10	70
23	70
0	2
92	0
6	0
0	0
1	155
0	98
0	35
0	0
61	0
0	58
0	58
0	4472
49	0
0	227
0	227
0	227
0	227
0	227
0	204
1	0
170	162
0	162
0	1025
640	0
96	0
171	0
258	2
0	0
1	94
0	0
0	1077
0	267
107	0
0	2318
61	0
0	1064
26	0
544	0
89	212
220	0
5	702
8	0
19	1237
0	1430
86	1124
29	1317
246	53
0	53
0	0
1233	0
0	0
1	191
0	6
3	16
54	40
0	40
901	0
548	0
0	141
0	421
0	63
5	14
0	0
0	0
2	1
85	1311
19	1311
0	0
0	0
0	125
271	4
614	1020
14	1027
0	906
2	5
2	1
0	17
0	1029
68	1245
0	1249
0	44
16851	11
0	193
0	1268
0	2586
0	2189
0	966
48	745
0	745
0	177
0	1001
15	241
10	0
2	178
0	133
106	0
11	0
115	1216
0	1216
0	652
0	174
537	1
314	3
20	12
0	18
0	9
0	18
35	943
8	943
0	112
0	115
0	38
0	92
3	140
0	277
0	58
469	1
0	1354
37	1354
161	1
206	87
1	65
8	0
799	87
0	0
0	3
91	19
79	57
108	189
0	99
273	0
22	0
47	330
0	14
0	3
1041	1
464	516
23	516
111	3833
0	4994
0	4860
8	4802
46	5153
15	4815
0	0
8	0
0	0
0	0
353	0
0	795
24	18
309	0
123	3032
150	0
2186	0
9	0
37	0
0	2007
0	196
185	1817
0	1447
3	97
0	40
0	33
0	40
0	37
0	36
0	37
0	37
0	33
12	0
0	0
7	1201
0	276
0	20
0	23
0	23
0	0
8430	10
290	1
2523	4
47	278
0	278
0	0
7	375
0	375
233	84
0	2224
0	2224
0	7
4362	5
7	0
0	307
2235	9
0	0
0	0
45	0
159	1283
751	0
2	0
0	0
0	238
0	241
0	0
2	0
1067	0
0	0
0	0
0	3
0	3
1178	0
2	5
265	893
64	679
0	0
19	2380
209	2380
1578	0
0	0
0	0
3	15
11	5
20	6
571	0
529	1439
0	1020
214	271
0	360
75	0
1526	1
96	0
725	0
10	2
2922	4
0	0
0	0
0	1
0	1825
62	1134
0	1831
564	837
0	1550
0	0
2317	3
0	61
1	190
0	1395
474	0
0	71
773	74
9	0
1	3
28	354
0	17
0	7
0	2
497	0
1576	0
364	791
122	791
521	0
59	633
0	647
0	0
94	0
0	557
0	192
1322	3
0	0
0	0
6	0
0	0
0	0
2562	0
0	377
0	415
0	510
34	607
30	131
76	543
0	47
0	649
1728	3
0	0
23	0
3	12
0	0
0	124
33	1782
172	1782
0	20
0	20
0	2
0	0
81	0
0	0
140	0
7	0
72	399
0	0
0	0
2	688
33	672
5	10
0	1382
0	19
0	14
700	948
0	134
1754	11
0	278
174	2271
88	2271
77	0
29	0
0	17
366	2
0	27
0	0
0	0
34	419
0	0
2	80
998	1
1869	0
536	852
36	1025
201	0
0	0
744	0
19	10
0	10
101	0
0	0
0	0
266	0
81	3332
0	1603
19	0
1776	0
689	1
701	1
10	3
0	3
0	1467
2	0
0	0
198	0
5780	14
4	76
0	0
7	0
0	0
0	430
0	0
16	20
0	316
10519	28
0	0
274	0
0	0
0	34
5	464
0	464
19	0
0	0
0	0
1	0
0	0
28	0
0	600
0	147
0	147
0	0
0	7
379	0
465	0
0	9
0	4
0	5347
0	5347
248	0
23	0
0	0
275	1100
0	1100
3868	8
3	0
0	1703
174	779
0	113
0	0
576	0
6	6
98	0
596	3
0	0
0	0
0	0
0	0
470	1
38	0
0	0
369	2
0	2066
0	336
0	334
4	342
0	202
0	349
0	210
0	173
0	138
0	114
0	1410
5	0
0	3
0	0
16	183
19	351
0	55
0	55
0	877
5	0
14	0
0	0
0	0
242	0
25	363
10	363
27	79
47	23
0	19
3	128
679	0
1437	1
7	0
0	0
88	0
0	3
0	83
93	83
64	0
3	0
9	1151
186	0
220	1152
0	620
0	0
0	582
0	629
0	582
0	636
0	527
0	632
112466	193
1156	0
1299	0
0	37
9	37
0	527
0	110
17	79
0	73
0	49
0	44
0	54
0	8
118	0
0	339
0	262
0	319
0	270
0	288
0	0
0	5
0	35
0	487
10	110
0	110
1	174
0	151
0	83
217	470
0	396
0	0
2	1
0	1
0	0
0	3582
0	3582
22	3163
0	3004
6316	5
115	0
0	207
60	486
0	282
0	346
0	145
0	314
0	5784
102	70
181	141
486	141
0	167
67	0
150	1143
0	0
0	152
66	0
383	0
684	0
0	1487
3	30
0	17
15	147
0	11
1	0
0	7
747	5
118	3
49	715
9	0
896	0
1847	4
0	80
863	0
562	0
0	945
0	786
0	945
0	933
202	4
0	21
0	734
84	333
48	204
511	2
46	61
18	0
0	0
8	0
0	3000
0	2560
0	224
207	0
0	76
14	3
14	1473
158	1473
0	140
3745	2
7761	8936
0	8935
9520	5
12	86
0	2
58	288
0	0
66	0
0	252
903	0
1126	3
231	0
0	3
0	0
299	1
3615	2
19	55
2	0
0	786
22	379
233	0
18	663
17	13
0	606
0	145
53	42
268	2462
48	0
639	555
1067	2651
79	0
0	465
25	1070
1096	1
82	0
47	52
0	52
0	0
424	5
132	0
0	732
320	0
0	79
0	675
165	2805
142	2805
1	298
0	0
16463	17
1381	2
114	949
207	2012
33	1961
0	0
0	7
0	236
15	0
11	0
10	1118
0	1172
0	844
0	0
0	2918
4	47
429	1014
0	8106
0	0
0	183
0	0
7	4
0	0
0	0
246	0
0	10
0	0
13	222
0	555
0	0
4	98
0	96
0	89
1	320
91	0
0	36
0	29
0	29
0	514
0	508
1121	1
0	92
0	346
0	346
1	398
21778	17
0	17
78	145
100	19
0	12
631	0
0	37
0	37
0	35
0	3
905	0
268	3438
48	3397
50	3442
0	129
102	0
0	33
121	0
0	338
4	334
23	334
0	0
0	0
8	0
0	260
3	16
0	65
0	765
0	4
0	0
4	8
0	0
0	0
8	0
1	0
4	353
8	338
122	0
53	0
63	290
0	19
227	93
0	93
360	0
164	0
0	70
2	36
50	179
101	2548
0	2548
0	6191
7	0
0	0
0	0
414	83
0	0
0	26
15	99
1	25
1860	1
2166	4357
0	4355
1286	0
0	63
16	1144
241	1708
1	0
0	0
225	1139
341	0
8	235
0	57
0	50
0	48
0	0
0	947
0	774
0	0
218	0
0	23
0	28
0	28
15	190
48	614
265	0
0	727
18397	36
1457	2
594	4
142	125
0	124
0	341
0	63
0	14
4	0
0	155
0	0
0	0
15	56
0	56
0	63
0	63
0	50
0	0
0	104
0	3
0	4
39	463
0	0
0	95
9	319
47	319
0	304
187	0
0	467
1175	7
0	0
70	0
164	22
46	22
7	5302
0	977
28	4792
0	0
17	0
0	223
328	11805
67	0
0	3
0	683
0	664
0	683
0	9
0	11
0	717
1964	0
9	36
9	10
19	10
97	0
0	645
0	0
6	9
0	1
0	0
14	0
0	99
22	81
19	99
5	0
0	20
0	20
0	17
0	3
104	469
90	0
0	1408
0	0
0	20
0	0
0	1
0	95
135	0
73	0
0	294
81	43
0	1659
0	1643
0	22
0	0
0	691
1149	5305
72	5305
0	1963
0	214
0	322
0	56
0	100
12	3147
545	4
0	61
0	100
0	1191
0	17
0	466
0	0
0	386
0	7
0	5
0	63
0	5
0	2188
156	2110
23	2106
65	2009
0	891
6	457
58	457
0	431
0	97
150	0
0	1506
1	2746
302	3072
536	0
0	0
138	185
0	5
52	2
0	771
0	662
0	771
0	786
32	293
29	148
41	0
106	0
120	334
0	0
0	342
102	0
59	252
0	1161
103	0
0	0
0	0
0	0
0	3303
34	3292
84	3079
79	358
0	440
0	440
101	941
24	0
26	0
8	3
0	13
0	4375
7	4789
0	0
0	332
151	2439
6	2362
382	2047
0	886
328	541
32	753
0	497
313	0
0	190
0	303
5	21
0	439
154	1350
0	9
0	9
0	111
0	0
0	0
0	1340
0	938
59	2171
0	0
127	50
0	329
0	335
0	237
0	0
387	773
0	103
0	595
0	361
0	0
12	222
3150	0
0	0
0	40
0	51
0	51
0	0
0	603
0	0
0	104
563	441
0	440
0	0
77	1
3	0
0	245
0	3
0	3
0	369
190	2
0	23
0	686
412	1273
4	0
0	17
269	0
354	3240
8390	11
0	0
0	0
0	555
0	69
100	1106
461	0
0	3
556	0
0	0
0	12
0	6
0	12
0	28
0	41
0	18
0	13
0	110
3	261
0	123
0	30
0	183
18	82
17	916
0	0
1	0
607	1
0	0
0	0
60	0
68	440
33	0
0	577
4	33
135	0
0	93
53	0
0	586
9	0
90	398
0	16
270	0
2586	8
7	0
0	0
0	0
0	110
5	0
0	197
7726	10
2	0
0	0
0	1504
111	0
14	87
54	331
0	0
0	0
44	1088
33	1088
0	4
35	814
849	814
10	170
147	170
305	0
26	6
0	0
1	0
0	13
22	351
505	60
0	1859
7	8096
46	704
0	0
0	0
25	0
0	87
1459	5
0	0
261	0
0	0
51	433
11	433
0	2
0	2
0	2
0	2
0	2
0	2
0	2
0	2
0	6849
0	0
0	29
0	49
0	49
0	0
0	0
0	3152
0	84
6	3223
0	3175
1050	1779
0	0
219	160
10	160
0	0
0	322
0	5
0	7
0	29
0	0
321	0
124	0
0	48
0	47
228	0
4	4163
151	4164
38	2641
1	874
0	2853
0	2975
0	19
0	13
17	0
0	29
0	5
0	0
1861	3
58	0
2	0
307	0
1473	2
830	2
10	6361
48	0
0	0
0	3
0	0
0	0
3	0
3	0
0	95
0	95
15	8
94	8
8	0
0	0
78	568
0	360
0	0
0	0
0	0
0	0
0	82
0	82
14	0
0	0
0	99
1	0
0	0
0	0
37	0
18	16
103	612
0	6
6	0
8	42
0	42
0	3
7	0
0	6
0	6
713	284
0	281
0	55
0	11
0	11
0	6
60	1060
0	168
0	336
438	321
0	8
8	0
0	0
0	2732
1	0
0	1656
0	1031
252	0
0	879
0	0
453	1
487	0
0	922
0	895
396	0
0	0
0	0
56	6
6	0
177	0
3	1
0	372
516	854
0	0
7	0
18	146
0	314
0	0
0	0
0	128
0	0
106	10245
1144	10245
0	9259
0	89
0	472
1341	476
1	0
46	1184
0	0
12377	1581
0	1563
998	0
6	0
2	25
0	25
0	0
35	0
0	119
0	0
0	0
110	236
2	39
904	0
1885	2517
1	0
6	1168
0	1168
2716	618
4	12
137	53
0	0
0	3333
0	2558
0	0
0	365
577	0
0	0
34	73
4852	12
0	0
0	2
807	4
0	0
0	0
174	1168
0	152
2751	0
64	258
278	0
2044	16127
20	1
285	0
0	0
33	166
0	166
8	0
0	0
14	6
1	0
458	0
0	449
0	362
0	304
0	417
0	373
0	270
0	69
0	32
2	32
747	0
0	0
0	221
10	221
12	3112
0	3112
0	10
49	0
45	0
352	0
31	27
200	5089
98	5074
10	5123
16	5060
361	4942
0	18
0	18
0	18
0	18
0	18
3	27
22	0
0	533
0	551
0	546
0	536
1	682
0	672
0	597
0	857
0	4
14	0
0	2208
0	0
2	65
39	0
0	409
0	394
0	409
0	248
79	371
1	0
1259	6
0	1942
193	1429
390	2
8	7
30	0
20	0
0	0
0	4673
289	4887
0	317
0	0
0	0
0	0
1233	0
0	0
0	19
0	0
53	1414
0	590
0	546
0	590
19	562
0	540
0	540
0	413
0	542
9	0
854	0
448	311
35	311
13	0
143	91
0	906
49	906
0	332
449	0
0	627
0	0
519	1219
0	0
669	1
75	6
0	5702
0	5702
1367	2
22	625
0	29
1038	0
53	0
0	0
0	0
2411	2
20	167
3110	3
69	0
514	1
563	2
13	0
0	44
0	44
117	0
0	0
0	0
647	0
10	548
982	6
0	217
0	215
0	229
0	207
230	2
289	0
695	1
0	0
117	116
0	1106
46	577
0	577
23	0
0	0
92	67
0	66
822	0
32	44
178	0
0	849
358	0
896	0
0	513
0	0
0	9
27	2
236	1352
9	218
0	22
0	22
220	2045
518	2045
35	0
10	0
0	14
54	0
0	0
0	0
0	4
788	853
0	853
87	0
1125	0
0	0
0	0
0	32
0	255
0	255
10	243
1886	1
0	108749
0	0
492	315
0	312
0	0
0	145
0	257
0	93
109	397
0	397
135	0
21	1060
0	333
7	333
6	508
30	268
9	131
2	0
0	0
0	41
0	0
0	190
249	0
2	866
82	866
24	8
0	88
14	88
0	55
0	223
1740	4
2	605
56	605
3359	87
688	2
0	0
3	14
0	18
0	353
247	0
7	0
0	0
244	0
9	0
931	1345
0	2
60	0
0	0
87	76
0	75
210	4440
18649	19
1295	6
9	1374
0	1309
11	425
13	0
0	432
0	385
52	253
0	242
0	0
0	10449
12	23
40	32
0	22
0	16
1486	4385
0	0
555	0
0	3142
105	3024
2	3024
0	1514
44	0
35	0
13	2
186	127
0	127
0	732
160	7
596	1
4	142
34	142
25	0
0	49
294	1346
0	1346
195	1
1258	0
906	0
0	1393
0	1450
0	0
438	0
0	0
0	0
63	224
18	644
19	946
508	0
57	0
157	884
10	884
10	0
1	292
248	362
0	362
0	0
0	0
181	1
0	111
0	0
0	7648
0	7329
0	8198
611	0
12	1
164	0
0	0
0	1470
359	0
11	1279
18	0
143	14
0	14
585	0
802	2
216	0
5	0
0	8492
0	7957
0	8407
0	8554
0	8514
0	6500
1	1
0	98
78	292
0	5
0	5
0	5
0	0
0	0
306	5145
0	135
0	1139
0	3
0	3
48	105
7	1110
25	1110
0	100
0	12
0	1
0	30
0	530
0	0
274	0
0	620
0	48
0	18
85	18
5	231
0	0
0	1910
0	346
115	3376
1	0
0	114
4	170
0	51
1	13
0	13
0	58
0	157
0	0
0	5
353	27
0	2
324	1
0	308
870	530
2688	533
4	0
0	301
0	0
0	5
0	39
0	39
0	39
2	841
467	0
2	77
29	0
4	343
31	595
0	595
0	589
0	593
0	5
2	5
0	684
0	0
0	2127
0	1843
0	5698
21	5433
0	5649
0	137
21	0
110	1636
0	24
0	0
0	0
0	109
0	0
0	0
0	1241
48	163
10	0
0	672
0	93
0	3132
25	0
0	0
0	249
0	3659
24	0
14	540
0	142
0	0
0	5
0	5
21	348
0	0
0	0
1043	908
0	267
0	1703
67	14
0	1330
78	4
4	4
0	496
0	433
0	433
0	587
1	225
0	322
0	314
0	91
759	2496
0	4934
0	4955
20	221
72	4388
0	1116
10	519
0	4695
0	403
0	387
0	372
0	376
0	0
0	7694
0	7874
121	2111
0	118
0	205
0	6
648	0
658	2
3	33
0	35
2551	778
0	807
0	892
0	802
2	286
5	0
2	74
0	0
0	0
28	1089
0	1089
0	0
254	9
13	0
2	15
0	130
3	1042
52	1042
1	22
27	513
1877	516
0	123
0	183
0	16
52	677
0	502
0	518
196	0
10	6
0	0
465	1
0	891
0	731
0	0
18	11858
5180	11862
0	11037
0	0
171	429
10	778
448	779
9	8
0	1529
0	1494
0	1472
0	1482
0	1506
0	1521
0	1519
0	1447
0	0
0	0
0	0
0	0
84	403
395	0
4	170
22	0
0	2876
0	142
58	629
53	594
56	2
0	753
0	2
0	2
990	0
600	3289
0	0
75	0
14	404
29	0
30	184
296	303
122	2781
0	1359
0	1087
0	97
10	0
0	315
14	382
0	0
39	0
0	1247
0	10
294	0
16	59
0	89
2446	1
0	24
114	861
0	0
0	3
0	3
0	0
0	928
0	114
0	106
194	0
0	0
0	2
70	0
0	0
0	0
0	243
0	2
0	90
152	0
91	268
0	1998
60	1038
131	491
63	491
0	0
199	253
11	57
11	0
0	0
0	0
0	63
0	7
2	0
0	450
0	3
0	25
2	2
0	0
1504	0
0	37
109	119
48	198
0	1079
0	5
4	11746
49	2
0	139
28	218
187	173
0	173
0	12553
0	0
0	13
3	216
0	202
667	0
320	0
0	223
0	193
975	25388
0	865
2730	870
0	0
0	0
0	103
1273	717
4	12
0	17
12	0
3	0
2006	1
0	2
1	34
0	34
0	59
0	1555
0	992
0	57
0	964
198	1623
3	59
66	0
0	0
370	0
157	24
0	24
0	1403
0	0
0	622
0	335
0	309
0	335
0	1554
0	313
4	6
4	22
234	6953
4	49
0	3
0	3
7	2904
12	0
1250	0
0	0
0	606
0	0
194	2917
20	2917
237	1615
0	94
0	0
8	5
287	1167
0	709
4	8
429	0
0	6
0	611
82	611
31	512
7	0
0	0
14	103
0	47
0	58
6	58
2912	2
0	11
0	452
0	221
0	209
15	0
0	0
4060	7
0	0
3	40
937	1
943	0
342	1
0	2
0	2
0	2
0	2
0	2
0	2
6	5
0	1
10	348
22	327
0	279
0	325
0	4
3	0
174	0
0	0
1098	1
0	0
1	0
645	0
0	0
0	1855
192	1858
1	0
0	847
122	847
94	9138
546	9137
176	0
0	0
0	0
0	363
163	48
0	0
202	0
79	722
1467	5
44	1
1	202
0	453
0	369
98	415
1755	2
11	0
1421	0
1427	0
234	0
10	0
0	0
220	3
1051	483
22	483
74	0
10	200
0	0
37	564
1085	0
1	4
0	4
391	0
0	0
0	0
1594	1
83	0
0	92
5	0
4	0
420	0
6	0
3	14
0	14
2779	15
0	0
0	2
0	2
0	18
322	0
35149	19940
0	19900
115	194
19	3467
0	2736
106	0
0	481
0	31
0	31
4	0
21	0
1533	6
40	22
0	22
6	50
5	413
0	413
796	270
0	420
517	898
0	0
38	0
3	18
0	17
0	16
0	16
0	15
0	15
0	15
0	15
0	15
0	10
0	1
0	0
0	0
0	592
377	0
32	0
2	0
161	0
96	0
0	0
583	1
47	0
447	2
0	0
295	24
0	24
87	344
12	0
1	537
0	537
5	0
0	1343
1592	4
30	0
86	0
5457	4
29	0
0	286
258	0
281	4
0	0
0	163
85	0
24697	276
787	0
0	0
267	0
0	0
28	8
0	8
0	435
20	0
120	0
1112	1
60	157
69	295
103	295
381	0
4	0
30	0
989	1
14	127
0	0
79	1
2852	6
0	140
0	102
100	0
13	0
55	0
157	398
90	399
341	0
885	0
11167	8
79	4217
39	4187
0	3634
30	0
5080	6
321	6244
0	6244
0	5
58	10
0	133
0	127
0	0
3010	4
0	0
20	0
103	269
0	269
733	2
15	1264
0	0
62	70
0	0
28	0
1	0
1	108
0	0
0	7
195	0
3	18
596	0
0	0
91	39
0	0
3	6
0	0
0	0
25	0
560	138
0	138
115	739
0	735
68	0
399	0
0	161
0	197
224	0
0	0
1926	6
0	0
59	0
0	0
2	0
3	0
0	0
8	0
281	187
1052	0
0	18
2059	1
56	0
313	584
151	0
12	28
548	1
0	0
547	0
228	288
92	372
0	859
40	0
275	4084
0	4084
4	67
0	67
0	150
522	0
31	115
0	115
0	0
0	0
0	34
0	87
0	102
0	49
0	537
263	537
0	10
71	264
0	264
313	0
0	2
0	8172
0	8191
68	0
58	958
0	0
0	0
3	3925
748	3925
0	0
0	103
9	103
0	1213
3	1229
0	124
78	0
284	0
0	31
4	31
433	3
1	2017
0	373
1	458
1	392
1073	1
0	0
0	1
0	7
0	12
0	5
0	12
0	5
0	7
0	7
6174	13
0	539
0	8775
0	172
0	172
30	152
0	172
0	172
0	171
482	601
0	194
676	0
247	8
1017	0
4	1119
203	0
0	4
0	45
0	45
61	823
0	270
0	0
0	657
3	83
58	641
192	116
0	0
217	859
0	645
68	788
104	526
0	2
3	2
0	2
0	0
0	4
403	1
0	0
2	64
10	68
0	5011
0	4834
0	166
21	82
306	2663
0	0
0	63
0	139
317	964
0	964
0	844
20	868
0	1097
0	47
0	2
29	44
0	0
0	130
1442	0
3	0
490	2
0	358
0	570
0	295
4	757
0	500
1	0
79	1979
210	0
0	0
0	6
8	9
868	0
0	0
3016	4
4	0
20	1081
727	0
0	309
0	0
202	494
0	233
0	176
0	10
0	10
0	10
0	1533
3	1791
0	0
121	1023
0	1177
0	61
0	1351
0	195
0	65
5	65
0	6
0	0
89	329
0	2
11545	11
0	115
0	8
0	0
14	0
0	0
0	11
0	11
0	11
0	11
17	2149
406	2149
12	3
56	197
205	0
6	159
18	135
134	3
83110	136
0	42
0	1962
46	168
1	168
0	14
0	9
0	3
0	340
0	647
0	0
11	241
13	0
5	2016
0	6
0	6
0	6
0	342
0	55
0	0
0	330
0	154
0	563
0	612
0	612
0	2299
3	372
399	0
702	0
3	6
19	86
13	86
0	2178
0	84
0	61
0	2
2935	0
0	2016
89	2016
0	0
0	70
0	7422
194	603
34	174
0	0
0	62
0	57
345	709
46	162
0	26
0	199
0	237
2	241
919	3
0	4
0	112
0	123
41	1723
0	305
0	118
0	265
5	23
5	437
0	359
1	383
0	179
0	3
42	2
0	80
4	63
52	0
0	10
0	0
0	27
1	14
57	1472
7	0
0	315
3	142
0	129
0	90
0	124
0	0
0	0
0	4
228	0
864	0
0	393
0	351
14	403
0	340
1	3386
0	1452
1	3173
0	3156
5	0
3071	842
98	2517
0	2517
121	0
92	0
138	1418
0	0
0	0
1	4
0	207
0	19
47	430
0	75
4	0
0	85
135	733
0	733
3	2
0	645
0	0
17	71
0	43
1	9
0	9
0	27
141	0
0	0
0	2
0	0
78	3686
0	3686
1012	1
0	59
386	1273
0	6561
0	1745
0	1621
554	0
362	383
0	0
40	214
13	533
59	447
63	0
9	375
0	225
0	0
9	299
0	0
0	565
1410	0
0	128
0	2284
107	2280
195	1385
0	0
0	1132
0	765
33	0
1309	7
0	1143
0	952
0	8
0	8
1277	8
99	0
0	0
342	0
2	55
0	0
9	0
9	2002
0	1963
0	2002
0	1979
0	1971
0	46
3	21
161	0
28	0
0	363
0	0
34	200
0	8
0	8
0	0
18	31
26	31
0	1019
0	1003
0	527
0	1513
15	0
151	0
1891	2
0	933
1	25
19	19
2576	3
0	73
0	0
38	295
0	840
211	38
101	0
5	291
28	678
44	2
547	498
0	982
0	214
0	4
0	15
0	2253
0	2181
29	436
30	436
25	436
130	0
182	0
61	0
10	0
6	0
458	1328
1034	2
16	601
5	1821
1255	1144
0	1142
5	0
0	0
0	890
0	518
0	5
5	5
0	5
0	748
0	655
0	652
0	0
22	1403
194	0
0	384
0	80
0	80
0	41
3	9
618	0
4	74
3	74
852	0
24	0
75	3095
1558	5
0	12
1	12
0	0
0	1007
0	1041
0	3
0	28
0	28
0	0
0	8
0	8
505	0
15	0
0	0
0	2797
1	0
53	1339
5	18
0	7
0	0
0	0
504	245
0	3026
229	295
1613	296
1058	3
0	19
3	19
2	0
0	0
0	0
0	0
60	88
111	0
2	53
0	0
0	0
30	188
0	0
0	8
78	0
0	0
0	85
0	0
0	0
0	0
0	0
1	0
19	0
44	415
5	415
0	0
0	0
435	0
0	20
0	17
0	7
2698	3
0	2586
15	0
557	1
436	1082
62	0
0	71
1402	9316
0	9315
57	131
0	0
0	0
0	0
20	40
0	9
8	2
293	17
0	40
608	0
2490	4
1072	0
198	1561
2	1560
6	4
0	0
359	1552
117	1552
851	0
0	20
106	15
29	669
0	669
0	669
58	629
0	618
22	395
14	0
937	1
0	0
68	1138
90	1138
0	344
0	278
0	137
0	310
25	315
239	315
67	0
113	1
0	0
0	0
9	0
49	0
55	841
0	6
966	2087
13	2086
0	9
19	165
9	1335
0	1141
67	464
25	0
0	8
0	223
0	190
0	181
16	196
3	255
0	247
0	68
0	23
0	2
2	0
0	3448
1	3432
0	175
1062	0
0	645
9	20
486	0
0	0
440	362
53	364
12	147
0	47
0	47
0	140
15	157
0	186
10	811
0	0
0	0
0	0
0	383
0	392
0	392
16	182
0	0
1	0
5	0
111	2174
0	0
0	0
1203	0
0	25
0	25
0	18
547	0
520	4192
26	4192
0	0
709	1
153	238
9	1823
0	1868
0	1650
0	1695
33	1273
0	0
0	2
95	1354
0	1354
1479	3653
0	93
0	2154
0	2078
125	2185
358	2112
64	2039
0	1506
14	89
188	0
1345	3
0	0
366	1128
0	0
0	5
0	0
20	0
1033	2
0	664
0	439
0	102
33	178
0	0
225	50
0	15
0	15
0	18
0	0
996	1
0	192
0	599
0	592
36	78
0	0
0	340
0	0
227	2464
1201	3
0	212
0	259
54	1
0	450
661	0
5	0
68	681
0	0
234	956
0	111
612	0
125	3501
0	41
0	41
0	0
0	0
0	0
0	0
0	0
10	38
0	30
0	30
0	301
9	0
0	1
0	1616
5	1851
9	1863
1730	488
1	9
0	1750
0	1750
1156	0
619	322
0	954
0	875
84	182
9	2
4	0
0	217
0	3
0	0
0	15
5	351
0	149
537	0
12	0
110	204
0	576
7287	9
92	39
216	0
32	0
0	53
2	17
0	17
0	520
0	19
63	0
25	129
0	40
13	25
332	0
0	0
161	443
87	0
0	0
0	445
3	0
0	0
0	198
0	1755
42	90
0	0
40	344
0	0
0	7
0	2
0	0
0	9
0	4
0	9
6	203
54	225
74	101
12	106
0	7
0	7
35	0
424	1562
0	641
0	23854
228	2
4483	1
0	268
0	65
0	24
7	0
0	107
4	2207
0	0
154	0
3	34
0	693
19855	11
0	0
1	1549
347	1549
0	1060
0	1322
916	1322
0	0
0	2
140	59
409	2885
0	2882
0	78
0	58
0	32
13	0
178	0
1249	1
0	889
0	4
0	264
0	1
41	4
529	5
1160	0
1247	2
140	407
4	20
0	1
0	19
0	6
0	83
0	47
190	0
11	1
0	324
0	388
5	388
2	538
45	538
0	0
0	23
0	0
0	11
0	24
28	346
153	0
256	0
0	1087
0	927
0	1086
3828	5
3	7231
933	7231
3	320
0	606
0	620
0	482
0	477
186	0
0	2
0	1917
0	333
1055	1
2	13
0	0
0	29
0	0
136	0
1286	0
5340	4
0	0
0	4
0	0
10	0
0	38
673	8
202	945
0	0
0	0
15	455
0	0
159	0
13	117
0	249
0	246
0	243
0	237
0	4
1	128
41	128
178	2
0	0
12	417
0	424
0	406
0	366
0	2663
0	2691
0	2408
2	0
0	0
0	12
0	211
52	617
0	9
0	0
25	4
0	0
8	429
59	415
0	326
46	111
0	691
232	0
0	1017
1	967
0	2
0	25
0	23
0	1015
0	885
0	15307
0	15307
0	15307
11	0
0	402
28	416
0	1
0	532
71	532
0	2
0	3
0	3
21	334
13	1085
16	250
1807	0
864	1
49	53
1	190
221	0
2114	6249
86	99
114	0
0	1502
0	1510
92	182
0	0
0	2280
0	1862
0	0
0	69
0	347
20	342
0	0
0	1724
0	0
0	151
587	0
462	0
4098	17947
2	0
65	445
0	445
0	9
0	4
1058	0
0	11
0	0
0	517
1164	519
0	1758
0	0
44	0
244	740
0	740
0	1174
0	238
0	24
13	137
133	0
0	0
6390	16
1038	0
131	732
31	1131
5	1104
26	120
0	0
10	42
155	1425
1567	0
0	15
0	82
0	2
0	0
97	0
401	2737
0	2
243	0
64	350
692	0
0	43
104	490
2	6
33	586
0	2
0	58
0	55
0	73
0	41
0	109
0	0
0	1094
0	1102
0	1096
0	87
0	90
371	0
4	40
0	341
12156	14
0	0
173	0
371	0
19	51
0	0
0	0
0	0
0	0
51	47
0	47
872	3357
0	194
6	9
2093	0
0	3182
0	465
0	118
586	1
0	349
1	805
0	802
0	345
121	0
0	22
2	807
11	807
26	246
3733	3
36	21
0	35
3	162
0	55
24	4703
0	4698
130	1940
30	0
5	182
1153	340
247	638
13	638
28	3819
7	30
754	0
0	1715
0	1656
0	1618
0	1632
0	1656
2	0
0	0
0	543
0	238
3	77
0	186
20	186
2	44
142	0
0	6
0	6
0	0
1684	1
0	199
0	0
0	2
346	1
0	8
0	0
0	0
0	15810
0	15720
7462	3
39	56
0	613
0	0
0	0
0	0
377	0
0	1317
21	0
3665	1482
152	0
106	192
0	3
0	0
31	12
2	12
3	2
417	482
14	479
0	113
3727	8
1	0
221	0
0	0
18	220
10	0
22	0
58	0
0	1923
40	0
0	0
0	0
0	331
276	171
4	17
3007	3
0	0
0	0
0	457
0	1130
0	0
0	0
736	629
0	0
0	0
0	0
0	0
0	8
0	8
8	0
0	0
2925	1
73	0
362	1508
1	158
0	153
5	158
0	0
0	0
0	53
4	53
2490	0
2	1
21	243
19	15
874	0
0	0
0	0
15	0
0	77
134	3
154	5
44	758
16	758
2	10
0	0
13	25
2	25
0	575
0	611
35	611
648	0
1508	5
2364	6
36	610
19	610
0	9
0	10
0	9
0	10
0	420
0	0
0	5
1423	1
13	337
0	0
0	0
183	0
41	463
0	463
0	156
14	1910
222	1937
0	794
268	2343
0	945
1	10
0	119
32	19
1007	3
0	5
0	5
5	45
0	0
206	2083
185	1695
0	0
3	0
0	0
0	0
45	3721
0	3749
0	3694
212	1040
0	3829
0	992
0	930
135	500
0	482
0	3
0	39
23	39
7	110
445	112
6	0
0	0
0	40
0	1016
4	0
0	131
1	147
0	40
6	40
0	14
8	14
0	14
15	0
0	0
0	505
0	106
5	124
0	107
0	0
78	0
78	1181
9	1165
0	994
7	950
0	594
22	550
0	490
0	26
0	3352
15	3322
70	3292
0	3446
1	3268
0	3363
11	1740
1	1658
0	136
22	0
0	151
0	7
0	7
0	2
0	1241
0	998
0	721
0	3
0	4
247	0
290	13180
60	13180
457	0
364	9287
4796	0
49	0
0	1
0	64
2260	0
83	0
0	457
0	0
2779	1
33	0
20	387
3	1383
0	1293
0	11
0	6
0	11
0	12
0	12
102	0
0	0
0	0
0	0
0	0
0	0
186	0
38	1931
0	2247
0	1750
0	1075
0	1459
0	1459
39	1459
0	353
0	312
0	343
8	342
42	3
3	64
68	86
58	313
0	313
74	61
16	51
7	51
4	0
0	813
4	18
163	0
396	104
758	0
246	0
12	15
525	492
0	492
0	144
30	0
73	0
88	190
1	87
0	61
0	0
1524	5
0	0
17	0
854	6
375	527
0	138
0	0
0	2489
0	2489
322	2489
110	0
338	6
204	0
0	0
41	0
0	187
0	0
9	0
0	2084
42	5
1252	0
21	200
294	3
0	1676
39	1479
0	1676
220	0
2911	8
65	404
133	338
261	2206
0	357
21	642
2588	2
407	0
0	638
3	634
53	620
0	8
0	0
10365	22
0	445
0	386
303	0
22	0
0	116
0	83
0	94
11	0
0	53
0	366
0	366
0	366
0	0
0	0
0	0
1415	0
185	0
48	172
447	0
0	1
0	0
836	0
0	43
2	1
26	28
0	0
382	929
5751	5
9896	2
50	79
33	114
0	114
83	0
0	1
6	0
0	0
1739	2
0	10
0	0
41	0
2	0
13	940
0	0
0	117
22	149
0	165
0	0
0	0
0	1060
0	1029
13	23
0	110
0	372
0	77
0	112
0	979
45	1070
0	945
0	517
96	783
151	659
0	106
2904	4
0	38
136	2855
15	20
265	0
17	0
8	46
0	254
0	210
31	1183
0	0
0	526
0	79
0	0
1	1188
0	1258
115	1161
3	73
0	7004
961	0
18	23
0	938
0	8
0	0
0	510
78	515
1	2
0	2
39	403
138	225
518	0
37	0
0	2574
0	2373
0	2238
0	506
40	34
0	11
0	11
7	0
0	130
0	0
388	35
0	0
0	214
25	0
0	45
1	45
0	174
261	0
0	3
22	78
2574	6
57	114
61	0
1	0
15	15
42	0
201	479
1448	8
0	55
0	69
0	68
10	797
29	788
0	789
0	865
1	0
0	449
45	0
125	424
0	424
0	0
8	130
0	942
0	854
9	1041
0	591
0	441
1161	0
0	478
0	461
679	10512
599	0
46	0
0	4108
0	0
0	320
146	0
0	47
3	0
0	0
0	97
41	11
0	0
49	306
38	8
9	94
12	97
358	1311
427	1312
0	0
282	944
0	0
11	0
150	309
0	22
1195	0
5	0
0	2207
0	0
92	1
0	84
0	19
16	0
0	56
0	69
0	0
0	0
1026	2
0	0
0	0
19	0
0	3
0	3
0	3
0	80
0	0
126	0
0	0
614	0
0	7
7722	8
0	0
0	0
4	0
0	10
104	400
39	851
0	4
0	2993
83	90
59	230
0	130
0	0
0	33
77	0
37	226
0	226
0	0
0	13
0	13
90	0
16	53
0	848
5	0
0	191
71	447
14	0
6	0
0	268
71	1
1041	0
287	0
634	0
0	53
65	197
0	0
415	2
256	252
0	251
0	0
0	27
44	0
287	739
671	5
0	0
0	0
0	0
102	4
2118	0
0	0
0	0
0	296
0	273
0	744
0	734
0	627
81	810
5	635
0	0
242	0
1085	756
4	740
0	689
0	0
1257	0
1	309
0	0
50	1174
58	606
128	606
3	1484
0	1484
0	1448
16	64
0	64
0	413
0	308
34	543
0	543
0	0
0	0
0	0
626	0
0	98
215	0
0	0
413	1
1698	590
0	589
152	1563
0	0
6	112
0	0
0	9457
28	29
113	0
776	1
0	433
0	267
0	0
174	0
0	241
653	1
98	1016
78	581
20	223
0	32
1115	1
75	2321
0	3
0	0
232	0
195	0
5	0
0	648
0	586
8	644
0	0
14	21
0	479
0	499
36	417
489	0
7	92
431	1923
0	5
0	0
0	0
827	1896
458	2105
1879	1
0	0
0	0
248	0
0	117
0	156
0	66
0	108
21	234
7	51
1	0
1015	0
509	166
2691	8
2	0
65	4603
0	4603
0	0
31	5726
0	6246
0	3430
84	1
34	1936
0	0
863	2
0	546
0	547
0	371
0	0
0	6289
14	0
79	2453
0	2453
210802	239
212147	274
2014954	2965
801705	1265
18648	112
478135	718
930490	1224
55581	14
39705	76
320922	458
241969	344
7071	43
508509	876
140	0
0	0
0	0
0	0
0	0
0	0
0	0
0	0
0	0
0	0
0	0
0	0
0	0
0	0
0	0
0	0
0	0
0	0
0	0
0	0
0	0
0	0
7	0
75	0
0	0
3089	1877
10	0
0	1849
0	0
25	64
793	3
0	0
0	0
0	0
0	0
0	0
0	0
0	58
0	58
0	70
9	80
13	0
0	0
34	5
3	0
0	0
0	37
0	96
0	3
0	3
0	0
0	0
0	61
2	63
0	1
0	1
75	19
0	19
0	0
0	495
0	0
0	0
0	1
0	0
0	3
0	0
0	0
0	0
0	0
1595	1141
0	1139
0	0
8	2
0	0
3	105
44	0
0	0
46	0
0	0
0	0
0	0
0	0
0	0
0	0
0	9
0	9
0	0
0	0
0	0
7	0
7	11
0	0
0	0
106	0
1	0
0	0
0	0
0	0
0	23
0	0
0	0
0	0
6	27
0	0
0	0
10	90
6	0
0	418
0	0
0	0
4	0
1	0
242	19
13	0
0	1
0	2
0	0
0	0
3	4
72	1
4	0
0	1
1	0
0	0
0	0
0	0
0	4
0	0
0	0
0	243
0	53
0	34
0	0
0	0
0	529
7	0
20	0
14	2
0	520
2	0
0	0
7	0
0	0
0	0
2	44
0	0
0	0
5	31
13	0
0	0
0	0
0	0
0	0
0	0
0	0
0	0
5	0
0	0
0	0
14	7
0	0
0	0
0	0
0	0
0	0
2	3
148416	108
24	738
0	0
0	0
0	0
4	0
0	0
0	4
0	0
0	2
76	63
7	484
0	0
0	0
0	5
1	5
0	6
0	0
0	0
0	2
0	0
41	1218
0	0
0	0
0	1
4	11
1	6
0	0
0	28
0	0
0	0
0	3
773	8
4	212
0	0
17	0
0	0
86	349
0	0
4	0
0	17
0	0
0	0
0	0
156	1987
0	0
0	0
0	0
0	0
0	0
0	347
0	0
5	326
10	266
13	0
230	2
0	0
0	0
9	60
0	0
2	1
0	0
0	0
0	30
0	0
2	84
0	0
0	25
0	0
0	0
4	0
0	0
0	108
5	207
12	0
0	0
0	251
0	68
0	86
0	66
0	63
0	0
0	0
0	0
0	0
0	0
0	0
0	0
0	0
0	0
0	165
0	0
0	0
4	0
2	82
54	837
0	0
5	954
113	36
25	285
0	357
0	0
0	0
6	359
0	341
42	1273
0	0
0	212
0	0
0	0
0	0
1	2
0	0
0	0
0	0
0	0
1	86
2	108
21	65
2	10
68	0
0	26
0	111
1	0
0	0
18	70
0	2
1	119
0	0
0	0
0	0
171	0
3	749
3	662
9	1062
0	0
0	0
0	1
0	0
3	6
0	0
0	0
0	0
42	58
58	0
41	21
0	0
0	0
9	0
0	0
0	0
0	0
0	0
0	0
0	0
0	0
0	0
0	0
12	4
0	109
0	0
1	981
0	10
0	53
19	0
0	0
1	304
0	0
271	622
11	258
4	423
4	457
