UniqueCount	AmbigCount
0	0
0	0
0	0
0	0
0	0
0	0
0	0
0	0
0	0
0	0
0	0
0	0
0	0
0	0
0	0
0	0
3	0
0	0
0	0
0	0
0	0
0	0
0	0
0	0
0	0
0	0
0	0
0	0
0	0
0	0
0	0
0	0
0	0
0	0
0	0
0	0
0	0
0	0
0	0
2	0
0	0
1	0
11	0
0	0
0	0
0	0
0	0
0	0
0	0
0	0
0	0
0	0
0	0
0	0
0	0
5	0
0	0
0	0
0	0
0	0
0	0
0	0
0	0
0	0
0	0
0	0
0	0
0	0
0	0
0	0
0	0
0	0
1612	1610
0	1610
0	1599
2021	1826
0	1825
148	225
795	5
1259	3
365	235
0	42
0	10
0	214
0	0
1454	0
1	5
0	5
326	25648
37	26277
10	0
7	0
0	0
0	0
0	0
0	0
0	0
0	0
0	0
0	0
0	0
0	0
0	0
0	0
0	0
0	0
0	0
0	0
0	0
0	0
0	0
0	0
0	0
0	0
0	0
0	0
0	0
0	0
0	0
0	0
0	66
0	0
0	0
0	0
0	0
0	0
0	0
0	0
0	0
0	0
0	0
0	0
0	0
0	0
0	0
0	0
0	0
0	0
0	0
0	0
0	0
0	0
3	20
0	0
0	0
0	0
0	0
0	0
0	0
0	0
0	68
0	0
0	0
0	0
0	0
0	0
0	0
0	0
0	0
0	0
0	0
0	0
0	0
0	68
0	0
0	0
0	0
0	52
0	0
0	0
0	0
0	0
0	0
0	725
182	725
106	0
4	0
0	0
0	23
0	23
152	0
1368	3
0	5
11	6
13	17
0	17
1	333
0	993
70	993
434	45
0	45
32	421
328	421
23	1907
18	179
0	1872
186	8878
0	6819
85	8382
4061	1098
0	417
0	422
84	625
62	625
0	140
29	2327
24	395
0	370
9	2142
4799	1
75	1
0	0
29	0
0	1004
594	1004
458	0
1293	0
0	0
302	0
0	0
1615	949
69	0
0	13
102	24
0	11
61	150
4	67
1	83
1787	1
68	95
0	95
0	14
0	14
0	95
218	95
3197	1983
0	1423
1	931
51	81
202	1971
4	1888
0	187
0	94
0	155
0	1251
1	1199
0	1081
0	1199
10	9
521	834
850	0
0	4113
279	5120
11	2020
517	5125
5344	0
0	0
647	130
0	606
0	134
0	689
152	1419
3	1328
51	481
450	482
67	11
425	11
1473	1
0	0
19	0
1107	10
0	10
24540	40983
0	362
0	40713
0	33382
0	40827
0	34451
0	431
10	441
29	416
0	23
0	0
0	17
0	17
0	17
0	6671
0	3674
452	7649
5	55
0	55
0	0
0	0
0	6
35	6
148	0
0	378
0	240
0	79
35	1544
11	1521
5	100
0	1537
0	1120
121	1120
0	5809
109	6295
0	6295
0	0
2083	2167
0	1735
0	429
191	0
538	663
0	171
0	4
0	53
0	0
0	0
93	12067
0	12067
20	173
566	173
1759	1107
0	1105
0	0
20	3573
2	56
0	3573
6	3602
0	0
1	0
0	0
72	0
8	16
0	16
25	1485
0	111
0	421
0	495
112	1408
663	5107
0	315
1488	4799
17	2538
202	1
0	897
0	580
0	943
0	788
0	0
0	0
0	0
0	103
11	1644
0	1136
0	1664
0	19
0	3
0	23
0	623
0	337
797	2968
193	554
290	554
0	0
249	0
0	0
474	2010
0	2010
0	26
0	26
0	0
0	26
7307	2
219	0
14	715
435	715
0	0
0	0
10	0
1668	4337
325	4337
2531	395
80	228
36	623
472	0
2247	16
0	14
40	930
222	930
918	0
1	4
279	39834
3946	39836
167	290
20	713
96	455
7	94
0	46
203	113
0	27
1	27
0	0
0	0
0	120
1209	427
0	317
8	280
0	1
0	0
203	0
0	3
17	2640
0	2383
190	97
7	17
0	80
1	189
0	189
0	483
192	2362
0	36
0	2125
0	0
183	217
160	217
26	0
286	3
25	0
0	7
0	0
0	0
0	0
0	0
0	7
24	43
1101	152
0	4
0	148
2	0
1530	0
868	0
353	689
3	689
129	1304
76	449
4	1304
0	1178
868	292
0	292
217	0
0	163
0	465
0	190
0	532
3	3393
0	2566
0	2131
12	1959
2	837
1286	7177
0	2219
0	7085
34	56
1	24
202	1103
0	1103
0	1033
16	619
8	613
0	3995
157	107
0	0
0	0
1156	0
603	0
0	189
1654	566
3	0
13	2407
233	2412
0	0
0	0
0	76
69	76
131	0
553	895
12	349
12	0
9	0
0	0
0	0
24	0
0	6
28	337
796	82
0	81
10702	5729
0	5723
267	714
0	90
0	84
352	343
59	290
150	307
0	307
6022	2
32	0
0	188
436	305
10488	36
2	1
157	8
2	6
0	6
0	103
0	13
0	0
34	426
6	555
2	426
0	0
10	10
0	0
0	10
0	1068
1086	1367
0	1362
4523	484
5	149
454	367
108	134
0	178
0	0
0	24
0	175
0	178
0	66
0	5
24	64
10	40
0	117
23	0
57	26
0	943
0	464
0	112
19	1607
79	1543
5	1571
0	1561
0	615
0	1615
0	1555
0	81
0	27
4	27
0	15
0	17
0	81
29518	30
603	402
0	275
0	207
70	0
2409	1316
156	10
79	10
0	0
105	0
0	10664
405	8086
2178	18215
270	17454
0	2436
0	0
96	121
5	0
0	4036
0	4100
0	4040
0	0
3	0
594	653
6	650
125	0
161	199
0	117
0	89
0	12
0	3
0	7
0	7
428	168
0	81
0	147
0	0
0	0
0	0
47	3
1030	204
0	0
0	0
5	266
0	51
0	266
9	775
0	680
0	24
10	24
0	24
2	220
0	679
39	193
42	7
181	3258
0	48
0	3044
46	0
8546	1
66	219
0	44
0	175
0	45
0	183
0	23
19	26
0	15
13	49
0	0
0	0
446	375
0	375
147	94
1	93
0	94
1191	2
368	61
0	1050
0	1050
68	26
0	25
2635	2
0	402
1209	402
39	1
2488	0
0	0
0	0
1237	12
0	0
0	893
855	1219
0	390
44	106
0	21
44	81
0	74
71	1362
0	1550
84	1546
721	0
18	94
51	94
0	1699
0	267
0	1699
141	1682
0	0
41	0
276	0
15	624
0	624
0	867
0	25
660	867
0	6
157	253
112	402
0	0
17026	3516
2	122
2	3381
56	21
0	21
108	1
0	75
0	8
0	0
0	0
176	193
4	0
0	0
5	0
0	0
100	0
22	1021
0	1021
965	98
4	98
0	0
4520	0
13	67
776	0
239	186
1417	186
5	0
7	6
934	0
2247	22
3460	1774
0	0
0	6
0	0
1	0
1928	188
0	188
0	561
0	529
11	561
562	0
13	15
6	15
83	534
0	286
3	480
0	0
0	51
169	424
0	0
0	0
0	0
3	134
0	113
722	8918
0	8918
1031	2
57	0
0	0
106	19
68	19
0	834
0	2872
0	4
967	7082
0	235
0	24
0	24
32	13
0	0
1032	0
0	116
121	215
0	41
0	68
3698	822
24	853
2439	0
1954	7
0	0
0	0
212	0
0	18
137	26
0	13
0	23
0	12
313	255
4	241
0	98
87	234
99	234
0	64
0	61
0	147
0	155
7	0
0	0
0	66
0	316
0	303
13	316
0	0
42	375
44	375
406	0
43	3
0	3
294	0
530	97
0	97
30	0
2186	913
32	47
6	909
0	5706
12	5691
1	0
0	377
43	377
1127	0
1	220
0	215
0	42
587	763
12	685
1	659
19	336
0	0
0	206
2	38
15	330
0	79
225	281
1312	162
0	162
0	0
3	370
7	360
0	254
19	149
6	148
0	204
376	624
467	49
0	49
282	251
1	232
6	0
0	0
8	0
1	0
0	0
0	0
0	6425
0	688
0	1103
162	371
0	323
0	321
59	6130
0	4760
0	164
3090	164
578	1050
0	69
24	69
0	0
0	0
7	1060
7	514
0	161
3	6
0	344
1366	1429
0	1407
1268	2
905	0
26	38
2	37
0	133
5	5
212	133
0	84
0	583
15	667
2844	2481
0	2478
0	2366
0	0
0	0
0	0
0	0
0	0
1178	62
1	58
113	4
151	0
0	1
0	1
4	1
0	240
2703	240
3	0
0	161
0	165
0	0
3800	255
0	230
0	227
0	247
4	115
0	115
1819	498
13	12
0	12
1517	0
0	569
52	462
23	73
1926	568
482	0
4	178
6	420
0	160
0	105
610	560
0	0
0	0
830	129
0	129
27	0
0	0
9	0
112	65
2082	2
0	0
0	0
51	350
69	350
13	258
25	0
652	26
0	26
666	889
0	889
3	2
0	2
88	2429
0	2429
0	2436
0	2436
0	0
17	189
49	193
4310	1214
30	3
4347	3
215	1
51	0
34	37
0	37
21	71
1	71
0	63
181	0
0	0
78614	22453
7	510
0	251
99	510
2	768
0	82
1	198
0	765
0	82
0	0
0	0
9	0
4	0
0	0
27	17
17	981
22	982
3	988
42	0
0	0
3	0
3	0
0	7
79	7
6	0
1	0
0	0
0	0
0	0
0	0
162	0
280	144
0	8
56	144
14	230
560	1006
41	981
1393	68
0	68
0	36
0	36
10	63
0	32
0	63
0	63
1290	0
828	815
0	218
0	3
0	3
442	1285
57	1285
0	2
0	0
0	2
338	189
17	994
4	325
0	317
1453	1227
8	895
367	483
0	300
0	808
0	728
302	63
3	63
238	289
0	289
119	1679
20	1737
2	1624
62	1065
11	1065
3	0
0	0
327	561
1233	559
0	859
0	3108
0	966
4312	3968
3367	0
2	0
10911	12
1297	0
0	0
1	12
0	16
7	20
435	0
44	0
715	466
0	466
3827	589
1545	179
0	17
49	17
13	139
29	177
27	156
0	61
1504	236
0	465
4972	2052
226	2035
613	0
66	1641
13	768
0	845
268	3770
4	3230
0	3988
29	27
62	27
113	0
0	32
10	32
0	575
3	576
40	0
364	651
0	651
86	619
0	619
28	2757
543	2757
0	48
0	42
0	60
0	53
5	7
5	71
0	53
0	35
153	0
0	0
0	15
0	35
0	7
19	12
0	45
54	42
45	1338
19	1332
524	1794
0	57
14	1794
0	83
9	83
0	0
0	889
1914	889
7	259
2	55
0	259
0	235
0	169
1844	1
745	3308
0	351
0	16
0	10
0	6
0	5
221	224
1	224
170	90
0	90
257	0
9	2
0	2
14	92
0	39
0	41
0	90
109	199
0	20
80	290
0	290
0	0
0	0
0	0
27	0
184	427
0	31
0	46
262	50
74	273
523	0
19	312
83	434
0	0
79	384
49	434
0	429
25	0
0	0
0	575
6	2138
0	2576
20	2324
112	2354
0	2373
1537	2648
0	2645
161	734
3	734
300	0
0	65
0	18
0	18
50	351
3979	3121
0	2890
27	2947
0	0
0	0
0	0
0	0
418	3698
20	3698
0	42
6	42
30	0
32	786
13	786
0	1
47	117
0	88
0	117
68	2103
5	2103
149	9
0	9
51	214
0	214
7	4
0	4
188	0
0	301
0	301
650	0
263	493
534	1
325	55
0	55
75	10
0	10
14	19
0	19
21	269
8	269
0	29
0	29
2	2
12	65
968	790
79	725
0	113
1954	113
0	3
260	255
0	0
0	120
0	147
17	297
0	21
0	237
0	60
0	35
0	68
81	433
2075	2
0	0
0	0
0	0
0	0
0	0
0	0
0	6
2	280
0	61
85	910
6	889
1485	15593
158	15593
625	139
0	6
0	136
169	447
0	447
235	10
0	9
1022	0
10	0
1	0
3	13
0	2
0	2
185	17620
2	15130
1	8750
0	15523
51	2262
0	913
17	878
0	1349
568	0
0	0
1472	10328
0	8614
1	760
0	536
883	900
0	433
108	28
0	28
1461	415
4	411
106	0
0	189
179	189
23	76
0	76
0	0
0	35
0	55
791	90
0	13
5	20
0	0
0	0
8	27
0	0
0	27
10	0
180	165
4	114
0	210
323	2
0	6
0	19
0	210
0	88
0	0
0	0
1	2
0	154
13	155
1	107
0	107
0	82
0	0
0	0
14	0
0	0
199	0
1	1
0	1
0	1
12	0
1006	1
0	156
0	399
54	1120
41	1120
76	42
0	42
0	0
0	0
0	0
0	4
0	4
939	0
0	0
38	28
0	28
0	0
0	264
74	413
9	0
0	0
0	0
141	260
0	28
1	260
0	0
136	486
0	486
5	1552
0	1552
341	737
0	521
0	405
0	57
0	0
0	0
10	16
0	16
105	786
0	0
0	0
43	117
9	94
0	113
0	150
839	1582
541	464
0	100
40	464
12	66
8	53
2694	1
20	399
0	404
221	404
0	0
9	0
0	0
556	652
153	261
66	94
1	13
1	94
57	0
7	18
1	10
118	177
0	169
18	5
3	1
374	446
0	323
8	0
87	37
9	96
75	789
173	789
96	1336
4	51
1291	3
3	1
0	1
15	273
0	273
3	66
49	294
1276	1438
0	0
74	0
5	117
275	117
0	10
27	1
9	10
119	1279
0	310
1	240
12169	3205
2460	3187
168	0
18	17
4	1
0	1
845	191
0	187
0	808
8405	816
431	204
0	202
0	1473
146	1473
4	1473
584	1475
157	448
0	406
0	139
5	453
0	0
939	178
0	178
0	98
16	16
21	18
0	0
57	17
34	10702
182	8243
35	11354
83	0
181	0
1011	0
6	0
3	260
652	260
198	88
44	401
0	95
51	716
12	1004
0	0
0	0
731	955
0	955
76	54
2	60
0	25
0	37
2507	142
3	106
23	149
3455	1584
65	56
30	71
3	85
422	172
0	50
2135	100
26	100
80	46
0	46
0	1279
0	0
0	1
0	5
0	0
0	0
81	877
0	0
735	2007
0	2007
0	0
0	0
8	0
43	0
9	244
0	244
6	0
0	0
0	0
0	379
3	213
4	70
43	77
854	902
0	902
2	31
7	31
10069	1943
87	23
52	75
0	349
0	109
35	464
0	467
11	467
6	266
0	115
5716	1294
50	763
0	4
0	4
17842	26
5263	1766
7	1765
654	1250
405	0
575	0
318	1825
0	1822
0	0
75	59
2120	1099
170	64
0	64
0	0
42	88
14	88
0	3122
97	9330
0	8727
0	0
22	0
0	0
0	5
0	5
0	58
0	56
0	64
0	20
0	4
0	1
1	1
0	0
0	61
0	4
9	0
319	94
1	0
0	0
98	4546
1644	17551
13	17547
611	231
0	231
51	4
343	4948
1550	4948
0	3165
0	0
205	3318
31	627
986	3724
165	1076
4	687
0	1074
5	11
53	597
0	0
0	88
519	595
635	118
2	597
0	747
0	3045
9	148
13981	4688
886	60
20	58
133	0
13	0
0	0
1077	324
0	21
170	1273
0	1273
0	0
0	0
0	0
0	0
0	0
0	36
0	36
93	36
0	72
262	4035
0	2623
8	4166
0	4111
2	3
10	0
0	0
3738	0
0	269
14	269
0	1394
0	1540
0	320
0	1280
0	1426
277	355
0	355
0	3407
1558	3411
0	871
145	10
5	10
0	296
0	3252
36	3973
80	3973
0	241
0	2
0	156
1334	894
0	0
121	203
0	236
10	252
92	202
87	561
0	89
16	573
0	310
1	39
0	12
0	413
0	423
2009	10052
25	10050
0	4166
0	4262
42	4327
0	4127
0	0
0	0
1732	0
1107	544
0	540
50379	1277
0	1242
0	1683
0	2405
1276	2840
64	0
1492	386
0	386
15	0
159	841
351	843
1347	1
2	234
0	63
0	21
0	16
0	70
0	86
523	86
12	346
437	346
2193	1204
0	298
0	221
77	496
0	153
0	137
0	441
1	233
0	22
6	187
0	310
39	297
155	0
1124	126
0	17
0	33
558	419
5	69
958	71
0	0
3	0
0	0
0	0
0	100
554	100
0	61
26	163
317	2291
20	2253
49462	41
20	16
0	4
0	13
0	0
2715	3
206	2340
7	2347
0	1845
1	2233
5	1146
15	1083
149	1160
0	0
0	0
0	13
0	13
0	13
0	0
477	3789
0	3502
0	3499
0	70
0	104
0	50
0	82
0	63
0	116
15154	4505
0	4501
1	152
1	67
0	303
3104	567
45	111
9	191
99	74
0	4
1	259
0	76
0	0
65	700
6	147
98	674
701	248
27	152
0	126
4775	354
54	348
11	1537
0	555
0	1400
248	48
9	48
0	3
0	3
3912	2
0	223
0	340
6	139
421	6628
0	622
0	1321
0	541
1	6907
0	0
0	0
13	13
0	0
0	248
2	213
5	443
0	55
0	443
0	0
772	2
137	229
0	1096
1058	1100
437	2
25	2
329	534
0	252
0	534
2034	5
97	73
0	55
0	22
149	0
0	0
0	68
132	0
185	545
198	613
621	35
5	0
3	10
4	33
0	33
52	75
3852	1
0	4
0	4
0	0
0	0
1361	57
0	7
58	50
900	2
0	0
0	1
0	0
36	34
567	0
4	1318
24	3738
853	3714
0	2302
31	1198
0	1562
539	155
0	155
531	0
14	447
694	447
73	0
9	374
0	138
0	138
0	170
0	95
0	554
0	76
3	573
3	226
0	289
0	296
2547	1
0	86
0	74
12	90
1246	378
0	364
0	345
1413	833
69	0
660	155
0	155
190	101
0	37
34	21
0	21
0	19
0	19
0	8
698	1213
0	7
0	8
0	10
0	10
14	0
0	908
1079	908
0	1027
4310	5123
60	5718
0	5715
0	5714
12	5941
0	5739
0	5714
1788	0
156	0
0	0
11	0
0	0
0	0
0	0
689	1869
6	1869
110	0
0	0
0	0
263	0
24	10
0	10
431	360
5	173
0	308
0	339
0	308
0	397
0	408
9	408
0	9
0	31
23	335
0	55
0	343
0	343
0	343
33	0
0	0
0	4
0	4
11	4
17	32
14	238
1303	238
0	146
238	644
0	632
1234	0
0	0
23	1012
0	1004
0	1032
0	28
0	374
20	374
0	303
0	139
0	129
0	298
301	0
0	27
0	5
0	5
145	31
0	31
0	92
0	109
29	517
0	91
0	486
184	1158
0	1158
133	539
10	554
43	594
3	560
0	545
0	386
0	551
41	556
153	556
962	218
117	0
0	7
0	3
0	41
0	41
32	10
0	0
33	10
0	706
4723	707
15	0
5137	2
79	0
2	0
0	0
0	0
0	0
0	0
0	0
0	0
0	2
3377	5
0	0
2	0
104	1088
0	1088
0	20
6	160
0	33
0	160
4	201
0	222
0	190
0	0
215	4488
0	4488
202	3051
0	968
0	918
2	2723
1	39
5	146
0	0
0	0
0	0
0	6
189	0
0	46649
0	36645
5	51301
0	44689
24	12388
24647	97968
0	38800
19	61086
0	0
1246	0
2769	3283
0	3280
198	175
1	175
0	0
0	300
10	264
16	642
0	110
10	678
311	1
17	263
125	340
0	93
441	792
0	0
440	0
4087	86
0	82
19	44
5	20
0	38
840	260
4359	5
186	169
1	56
75	20
0	149
527	788
31	3
9	0
225	730
2808	530
0	216
0	314
2000	5703
9	480
0	408
7	1108
0	41
0	41
4	4
1292	2
0	0
6809	8
0	0
0	0
548	25
0	25
503	211051
21431	189584
663	183975
109	125892
9016	167680
58	127610
6851	729213
244	194920
155	221525
252	257566
78607	679236
0	2
0	3
0	3
0	3
0	2
0	0
29	2872
0	627
109	2872
0	93
2	93
1770	510
0	510
0	47
613	0
2518	0
2459	0
283	311
0	122
0	149
0	1182
58	1182
0	0
0	0
12	122
0	0
0	122
0	85
93	145
0	66
3861	3
165	150
0	150
3415	1
78	1160
0	48
11	1161
0	0
0	0
551	1078
32	1078
33	0
521	38
1847	1
7	0
0	5
0	5
0	34
0	468
33	468
299	2329
10	2341
9	203
241	203
365	1860
0	630
0	1821
0	154
11	115
1577	1799
0	1798
0	768
2371	6
20	0
117	0
0	3708
170	4157
158	1041
510	2320
0	2556
410	2559
10	80
0	47
0	72
1741	1040
0	1038
259	445
0	0
53	46
0	40
35	0
0	251
0	81
0	250
30	238
0	278
3	0
129	82
0	80
85	2493
89	2329
0	35
9	1501
0	1476
312	843
0	843
111	0
0	545
62	545
0	0
550	85
0	84
161	14
0	10423
104	5778
4053	28985
0	28983
269	1007
0	895
24	1263
0	895
0	582
0	55
0	193
30	193
4	203
0	0
0	9
1	9
5358	1
0	0
0	416
0	416
0	35
0	35
412	35
266	0
0	48
12	72
0	62
1062	1192
0	176
54	1136
0	84
0	120
0	112
0	0
3784	862
0	859
0	0
3895	6
0	0
0	0
6	0
0	0
155	0
0	313
382	313
929	3
0	0
0	0
2199	1282
17	1279
0	0
0	0
0	0
29	1
67	0
0	0
0	486
0	0
7	4969
1	2943
18448	5171
7095	271
103	265
141	3
3	2242
0	1431
711	2121
191	35
57	74
361	70
0	536
649	571
27	17
280	624
1521	628
89	175
0	0
2498	770
1	2803
1	2730
745	265
53	1454
1124	2565
0	2057
0	2047
0	44
291	139
294	183
70	274
0	272
0	204
0	223
3286	1
0	0
205	9
0	9
0	4
0	4
0	4
7	5
5	70
1835	70
11	98
0	21
0	98
0	3
15	3
0	3
0	3
0	65
756	65
0	0
1320	2505
6	2462
408	803
1160	1899
406	1899
30	16
0	74
10	74
2693	1667
0	1663
562	1
1429	0
0	0
81	0
52	0
1798	122
0	119
285	2838
0	1105
0	1737
0	220
38	714
0	708
0	647
65	647
0	39
0	72
0	43
0	47
47	0
6	402
0	279
1432	0
50	23
0	23
1235	1
4	652
0	647
0	36
11	61
11	156
0	148
0	163
578	304
0	304
0	0
0	178
1366	181
4056	0
709	1132
9	1207
0	779
0	895
10466	5825
23	5811
4213	159
0	156
42	60
0	60
0	27
30	76
1	0
0	50
0	53
0	39
2	702
0	693
0	41
456	502
0	40
0	462
551	0
13778	10
2059	2342
0	158
0	2340
17	2068
0	1833
54	1761
35	254
26	9
77	0
0	4742
13	1041
0	3132
36	65202
1	6827
1183	67248
3748	62640
83	294
0	84
30	0
2647	1
1789	2482
29	0
0	0
76	1136
0	840
2258	5
17559	7
34	67
0	19
85	67
0	480
9	0
1300	1740
163	1741
53	0
249	0
20	7
0	1
0	5
0	6
0	0
0	7
0	6
0	7
32	0
36	64
85	1904
35	899
26	1555
0	60
166	280
119	332
1727	0
0	141
3423	145
77	0
101	161
0	159
0	728
0	268
0	40
0	40
597	1
3	37
0	51
0	43
0	51
14	89
0	80
0	92
1269	0
56	1086
55	1086
3816	876
0	0
0	0
534	58
753	1357
2	918
8	1318
0	1313
3	1318
5	3
2086	5
66	39
0	39
74	118
406	170
0	170
11	22
6	7
0	13
190	1
61	20
2456	0
134	489
1914	493
0	0
1236	1
0	204
0	231
20	239
0	225
1	35
262	35
0	1
0	2
0	2
505	1123
0	2
0	1119
0	1120
0	1119
526	0
1043	93
0	93
0	0
0	0
0	0
197	227
76	227
14	0
107	0
0	16
21	16
37	730
0	730
0	3
0	3
22	221
95	278
0	278
0	0
0	0
0	0
0	114
5	25
0	42
29	214
0	100
40	1588
7419	11078
0	0
0	0
43	79
0	25
3	69
0	6
3	0
0	0
0	0
9	0
116	616
319	616
0	0
219	586
0	0
2637	17
0	17
0	18
0	277
0	277
260	1774
0	1774
1878	3
0	24
0	51
0	18
179	87
7209	6
1214	18
0	18
11777	4606
0	4602
48	557
16	557
776	0
0	0
97	1885
0	904
0	798
4	404
0	306
0	0
0	863
28	51
71	1372
0	183
59	901
0	0
0	0
0	0
0	970
0	2476
0	2476
102	466
257	466
0	912
21	912
140	68
347	494
0	301
1090	1082
0	1114
12100	15
4304	1043
7	725
0	151
57	1072
1317	6
0	6207
0	2661
710	6557
0	120
89	120
38	1
6	0
1972	3035
107	115
79	117
0	138
20	944
4456	1088
0	8
0	2
11	42
0	40
0	202
0	18
0	149
0	233
0	223
0	3
19	5
363	1099
35	1099
214	8
0	1038
54	83
162	6
0	0
0	0
0	0
71	1535
4609	3386
415	3381
0	135
7	489
96	538
0	212
1575	4489
6	4510
0	0
0	0
45	1164
3119	1168
0	0
0	5
15	5
0	2
3	2
0	0
184	427
0	427
1278	0
134	1
0	44
23	152
0	156
0	696
0	644
0	612
6	671
0	668
6	659
64	104
1245	88
0	87
80	488
7	488
0	0
0	0
0	0
0	0
0	0
0	0
0	0
2538	825
19	933
0	208
15	1019
0	899
0	12
64	12
104	6
0	9
16	326
0	186
9	1919
0	1510
0	2036
1619	56
0	56
52	0
39	0
629	284
0	202
0	161
79	78
12	213
0	215
1	215
0	215
0	63
318	63
2058	2
0	0
4923	520
4	313
0	204
2575	2052
111	2056
0	9
0	13
0	13
0	16
41289	42
233	578
68	0
0	106
0	18
0	115
0	130
66	1
2	0
28	627
0	627
129	3
10	0
8472	3621
144	313
116	149
14	27
0	137
0	426
272	3135
33	2924
772	38
0	38
0	0
0	0
0	21
0	14
0	14
0	28
0	21
337	0
0	80
83	84
61	134
873	134
405	206
0	26
1	55
0	51
7	60
0	62
0	212
0	35
0	4
544	2284
38	2281
5437	11
1606	1
0	55
0	36
0	112
370	240
0	240
0	205
700	0
3	0
60	394
0	146
0	394
9	0
2536	1
0	1
0	0
0	0
159	399
60	0
339	14
0	14
0	225
259	228
130	688
0	271
11	16
25	0
129	1157
11966	8
64	505
86	22
6203	509
52	298
48	297
0	143
0	11
8	143
0	91
389	0
1635	1
3	58
53	58
2391	4
128	458
463	458
132	0
0	0
106	0
8	2
0	17
0	17
305	449
0	7
0	449
0	0
625	1
152	1654
10	1654
869	299
10	299
14	325
0	168
154	358
146	61
0	13
23	171
256	308
0	87
0	11
4	4
0	291
88	0
414	0
2098	12213
8	10988
4	6865
0	661
0	215
3077	5
244	476
0	78
284	198
24	206
12	139
4	66
1	139
0	0
0	0
564	1
1521	15066
12346	15067
0	64
16193	11814
0	103
1257	103
55	0
1312	3
678	1013
33	1013
19	0
613	1932
172	1932
47	1900
0	619
42	684
0	120
49	669
6470	3
0	0
47	17
4	1466
0	410
7	452
0	644
0	171
8	433
64	479
8	1386
3	1235
0	306
163	322
0	0
0	2
0	0
0	4
0	4
0	21
0	21
37	73
0	7
0	12
0	50
4	45
0	0
0	10
0	35
0	65
67	8
5303	8604
0	8601
244	67
0	67
0	0
0	0
0	0
33	1
4	0
1686	2
1859	0
0	0
349	0
0	368
0	368
6	380
0	355
0	190
0	190
0	192
0	194
0	198
0	189
0	708
0	708
1996	519
3	519
53	156
0	204
0	204
0	1914
0	1173
531	6579
183	6489
0	6502
1052	2138
32	173
40	31
0	1536
0	481
0	1707
0	1819
264	1013
0	1013
298	54
0	54
334	99
1	99
144	47
640	49
0	49
9	21
0	16
0	16
0	21
0	5
10	5
0	5
0	0
3246	2225
371	2246
106	6
1108	2717
2	32
3	102
0	2807
4	2882
949	2
0	0
0	8
0	0
0	4
94	0
1799	3
1715	0
4008	2221
37	93
233	35
26	22
0	0
158	468
0	468
827	1819
327	1822
11	2393
19	1487
0	2393
833	282
0	5
0	5
0	0
208	416
0	416
0	0
138	0
0	0
0	0
0	732
3	40
0	155
0	534
0	730
91	1816
49	1816
0	0
36	0
0	0
72	0
0	5
70	17
12	17
0	3
0	119
0	174
121	197
255	0
248	72
0	320
131	320
9	0
0	0
2348	2
4	107
0	100
0	107
0	100
5	0
0	16
0	4
0	12
926	1708
140	10
0	1646
0	1708
17	0
90	997
0	997
700	2
0	41
0	7
1	371
0	355
0	371
412	383
2	273
0	174
0	210
5	0
4	0
0	2
0	187
46	120
8	197
48	577
238	590
6	224
1	5
281	225
0	34
77	128
13	98
0	128
1632	5
0	9486
629	12421
0	4306
0	9486
3272	2
30	65
0	65
715	0
6	0
0	2978
0	1182
0	1833
19157	2996
17	42
0	17
0	2
0	30
0	24
104	726
0	66
0	713
0	16
1161	1031
0	1030
7	164
0	214
999	506
0	560
741	739
182	739
27	100
28	100
9	20
0	2
3	3
1025	2835
0	59
0	2814
0	108
0	2754
0	391
362	1
3	848
0	832
0	858
0	0
0	2
42	731
0	405
799	1136
0	0
2172	1062
91	460
0	1187
24	0
1227	4
2	0
0	0
1099	4173
0	3615
5	196
0	877
0	684
0	0
0	0
0	0
3	0
306	268
20	268
134	175
2956	4
3423	1524
0	68
0	262
0	0
0	1601
0	1586
5682	5263
0	5257
0	0
0	3
0	13
0	2
0	2
5	13
3	0
374	1829
438	1829
18	46
29	402
0	416
0	368
0	382
17	410
33	135
0	59
0	47
55	0
3	16
0	174
13	153
0	0
25	0
170	8
23	410
5324	8523
0	8523
0	0
1312	0
196	139
59	139
129	290
0	290
1970	2
113	80
0	80
649	9632
0	9398
207	7231
440	1398
0	8
5	195
92	1211
0	421
0	1211
14	8
1145	2853
0	2993
5	2714
0	2994
0	2782
0	57
0	57
0	467
930	1079
7	646
0	0
0	2
0	2
0	121
0	164
0	172
0	117
789	598
102	379
0	0
0	0
162	127
45	127
90	0
0	113
1	361
143	1803
0	1803
66	477
99677	63
0	0
13473	13
4	222
3	20
225	20
8	6
0	0
0	340
1841	335
129	119
0	35
618	241
0	122
2	105
0	105
252	0
1	37
0	187
0	173
3	110
0	110
915	1257
9	552
131	512
0	945
0	916
316	3449
64	2985
78	464
135	2867
0	28
0	101
0	2867
0	1
220	10
0	10
902	0
1	188
2	56
852	1499
0	1496
1815	2
0	10
0	10
0	27
0	4
84	611
0	341
0	348
0	348
0	339
74	143
2808	3
3	78
27	37
0	147
0	129
129	0
0	440
269	440
2	7471
3497	7473
0	0
0	0
566	0
16516	5258
4	440
34	3615
1	1175
0	0
2373	5
44	9
117	0
1483	0
0	250
0	252
0	254
0	3
8	0
0	0
1	0
2	0
153	0
0	1267
172	1851
1348	1582
5	0
21	56
144	56
76	21
0	21
1110	70
10	70
0	0
0	0
11	83
16	19
60	562
0	28
0	550
5	6
108	0
138	259
8	259
0	0
0	0
2203	1
0	171
0	829
544	2225
5833	4966
2	5276
4	5468
0	0
723	4
145	589
0	2
0	2
0	384
645	389
83	0
13	26
0	26
1180	299
0	299
0	212
0	0
2186	1726
9	1724
32	0
727	336
0	288
0	352
0	0
0	0
0	66
0	66
0	0
199	29
0	29
0	0
0	0
0	0
0	0
10	5
0	243
0	0
13	6
0	2
0	127
0	174
0	318
1373	1773
1	1305
1	39
7	192
1	51
1	75
0	56
25	657
26	615
6	6
0	6
0	190
16	190
452	1048
0	1048
0	7
0	48
0	27
0	0
3	7
7	41
2183	4
0	117
0	313
10	90
0	38
0	134
356	56
0	0
0	122
1207	122
0	0
0	16
0	8
137	941
0	1005
5	988
1102	0
23	218
88	0
1549	0
0	21
4475	1568
0	118
0	151
43	125
0	145
0	151
2062	4
943	0
7	7
0	7
2	0
0	0
1360	105
145	84
0	27
28	310
0	174
0	253
184	128
299	348
0	348
0	0
6	834
0	834
1847	7
0	150
1009	153
2466	291
3	290
2036	3
212	0
0	0
0	1237
0	6
319	2196
0	2196
0	0
4	0
280	893
0	75
12	251
0	594
0	10
0	16
0	4
114	3929
2	423
0	3929
0	2
214	1009
0	1009
4	8
0	20
0	14
0	66
8	110
0	112
59	109
68	0
427	0
8348	11
5	8
18	0
280	0
14	139
967	140
1980	0
0	254
48	487
86	566
0	33666
338	3180
153	34603
96	36112
96	33308
0	176
0	93
0	164
0	154
0	295
6	57
64	57
0	6
0	6
11891	10043
0	10041
0	1271
0	0
0	0
0	0
0	0
0	0
681	2517
0	151
0	21
24	1331
0	2517
1658	1813
0	249
0	128
0	256
0	263
982	0
268	0
0	0
228	734
295	462
38	80
0	382
46	0
6	24
1528	29
42	0
4910	7
1004	701
0	701
415	2
5	25
0	0
0	25
2136	1
0	21
0	0
142	194
41	486
0	362
1608	850
0	2960
778	2960
12	356
0	123
0	139
1	79
0	47
0	111
0	136
0	16
11	47
0	52
11	0
254	531
0	531
1215	0
136	0
6	442
48	674
0	422
3	75
0	668
193	19734
6256	23538
270	23923
0	17702
266	0
1	32
1	80
145	175
41	25
111	34
5	29
14	0
501	0
2544	297
34	296
15	0
0	15
0	15
0	90
0	90
0	256
0	256
1807	2238
0	763
0	383
0	2238
60	0
7	226
0	8
3	226
2816	1944
3	1503
0	544
0	352
0	0
0	0
12	2990
0	818
0	1285
0	2758
51	589
0	194
0	537
10	0
40	0
8	53
257	6
0	639
0	679
77	692
0	620
11	197
634	197
1450	1670
0	1670
76	0
3	55
0	55
351	3004
0	49
0	3004
104	0
1210	786
1	246
36	0
97	1813
30	425
0	1813
0	4
0	6
0	0
0	6
206	313
5	159
1100	102
4947	293
3	293
0	314
0	235
0	117
5	15
52	27
1	0
60	1946
11	1946
134	52
0	0
0	0
419	1662
1629	1661
817	0
0	0
760	1105
5	1104
6	0
2247	6
9668	2146
0	4
0	2120
58	2096
146	0
1	27
72	2166
0	182
488	6177
0	2
0	1638
77	844
2	725
0	302
2	257
11	233
0	4530
1292	774
27	106
730	109
0	100
1096	764
0	108
0	763
0	1
125	1
355	4
10184	11
119	922
71	922
79	133
0	0
2	54
0	60
15	112
0	89
41	20
723	0
0	0
0	0
0	0
404	226
8	158
0	197
0	123
2135	20086
45	2511
0	9385
0	7012
3280	13142
61	25
0	1227
0	1553
25	293
163	359
0	350
103	6093
124	184
163	6039
29	60
3	20
0	20
0	230
0	193
1068	0
0	0
155	9
0	9
33	4
1156	1905
1	0
5	62
231	84
0	21
0	0
0	0
0	4
482	1775
0	1874
0	1904
0	1063
0	7
0	0
0	7
0	8863
56	11436
54	11395
0	11399
0	3
0	3
4	295
433	1514
0	462
0	1070
0	53
0	38
0	47
3	28
0	53
0	126
0	116
0	126
0	126
354	0
4	2
0	2
0	3
19	652
0	674
0	811
0	62
0	863
0	56
0	4593
0	1213
0	521
0	2
0	5722
0	5624
1	5623
2	5911
0	5264
47	1
0	0
0	0
0	144
0	287
0	290
0	0
0	0
121	1529
1916	0
67	616
0	362
0	148
61	609
0	1
0	2
0	2
0	7
7	7
0	5
3	5
10	1641
47	0
961	2826
0	1664
0	323
1415	2127
0	0
308	0
58	1
394	335
0	335
7	0
15	1011
48	1011
2	1012
0	1656
40	1770
0	8
0	1127
0	217
11	7191
370	7195
390	0
165	19
0	148
0	1055
0	273
0	649
115	922
0	6505
1	2922
0	7507
31	7231
0	2546
0	7939
0	1
0	1
0	1
5	0
76	3547
48	3606
0	3597
10	3598
1320	0
0	45
397	45
292	550
6	522
0	2
51554	68
0	16
0	0
0	0
36	0
0	0
0	0
1	0
0	206
6780	551
0	544
1160	0
4	599
0	580
0	484
0	149
387	751
8	333
0	0
60	224
1208	509
34	405
44	149
1185	3384
49	3607
0	3613
0	0
70	658
0	658
0	103
23	103
21	97
37	0
24	97
1	7
0	0
0	31
0	31
0	3
0	17
1994	1
24	0
7	2
0	2
0	1772
0	1709
0	299
0	1576
0	1693
0	1619
79	1596
67	1596
3161	243
3	236
1146	0
0	0
0	0
0	68
0	35
0	114
0	92
23	114
1635	1271
0	1271
0	19
6	9
0	338
39	86
2642	2336
144	2426
7232	6791
17	6784
0	0
0	0
15	230
9	571
0	3
0	5
0	6
6	17
171	30
0	19
31	1745
194	1855
776	0
0	0
0	0
10	0
0	383
0	414
0	0
0	0
11	0
222	0
0	3607
391	3607
5	70
35	70
659	1
302	265
77	265
583	0
329	3501
0	3501
0	0
0	0
152	0
0	80
14	80
0	0
4	0
0	0
8	0
4	0
7	0
1	0
0	961
6034	2156
0	1210
13	278
27	278
115	861
207	861
1	0
0	8
0	8
4	0
0	0
12	0
4	11
3529	3
0	71
43	71
82	1973
0	594
11	1973
0	3
0	0
0	0
0	0
62	801
6	801
729	0
0	38
28	68
0	54
0	65
0	60
112	0
0	0
0	0
0	0
0	0
0	213
0	311
0	323
0	51
0	557
0	940
240	940
239	1204
0	1204
32	0
3	0
0	86
4	86
0	4
0	4
35	0
38	260
0	13
0	260
37	0
0	0
0	0
32	140
510	5227
71	5227
0	6
0	3825
36	3825
1	0
1280	0
0	24
0	26
0	6
0	26
183	1106
196	1106
226	595
0	595
0	0
1	0
0	0
0	0
0	0
35284	19
29094	242
8	216
386	77
0	84
1	84
0	25
3266	26
0	0
0	0
0	0
2116	1
1302	2832
0	1780
376	3281
1406	0
34	0
19	343
88	0
282	2084
0	593
782	593
22	0
5	0
522	845
29	20
3	20
0	20
0	0
4	33
343	1367
1810	741
0	627
1128	1397
0	1397
0	8
0	20
0	16
2600	0
1576	38
511	0
17	753
216	2025
7	1845
0	1572
0	0
3	28182
2225	28182
7689	10598
0	573
4	176
8	10388
640	7505
1051	7624
0	157
7176	9341
1915	2248
0	9334
2483	967
0	475
0	489
159	4923
8479	5772
0	5769
1492	5405
0	0
0	0
0	0
0	0
0	0
105	1303
0	589
779	1184
0	288
45	1449
134	2084
6109	2832
0	0
0	340
244	4854
10	4851
0	18
0	11
5	18
14323	8
0	1
0	1
0	0
1	0
0	112
1348	113
510	0
1	0
0	0
0	0
0	350
118	350
0	0
0	424
19	14
0	14
0	14
934	424
0	44
68	44
10	0
96	6
10741	290
0	284
0	569
3833	569
5	11
372	0
164	23
0	15
0	0
33	0
6	0
1223	8402
0	8402
8	130
594	1945
0	1945
188	27
4	27
0	0
0	21
6	162
0	22
0	163
2	0
0	87
8	96
3	87
0	80
0	10
2	16
0	7
0	0
0	0
1	0
0	0
0	0
0	0
11	722
1	2306
66	490
403	8996
44	8436
0	2850
0	631
228	631
7	0
4	0
0	217
0	298
25	164
0	0
0	0
0	0
584	1407
0	1403
81	768
0	812
77	810
2124	0
5550	5
0	1928
0	395
0	1660
0	2366
7928	4669
8	0
1139	281
0	280
0	0
4	13
1	13
0	226
7	575
1	205
0	226
77	583
4	0
0	17
0	5
0	27
0	17
0	31
0	31
127	139
0	80
1655	239
0	237
0	0
0	0
0	0
120	106
58	0
6737	9677
214	426
25	1
2	739
0	840
41	26
6	8301
0	8204
395	62
0	60
0	0
11	127
0	94
0	6
129	167
0	5
1198	0
12	18
212	0
2158	7
180	84
0	84
0	0
311	54
148	691
16	941
1	516
31	893
0	913
7	1232
642	1608
7	376
7166	7
0	0
4	5
0	5
0	0
0	0
0	0
0	0
331	4
1525	894
7	894
0	7
6	7
1693	0
282	0
0	0
16	41
61	41
0	0
2	108
37	218
0	95
0	226
0	209
0	0
0	0
160	699
4876	699
0	0
0	0
242	243
0	243
1016	146
0	146
103	32
3	21
226	0
4827	6
154	0
42	32
130	8117
3649	3584
279	1299
16	0
1461	4877
9	0
270	0
0	180
86	344
6	377
0	84
2	73
0	340
4928	191
146	449
0	10
2113	248
0	9
15	238
0	0
16	31
980	189
4	40
0	40
0	40
0	2705
0	8085
0	2897
0	2031
327	690
1	690
1339	1335
6	381
0	89
0	624
22	665
0	27
4	0
0	27
0	641
681	641
0	227
189	2151
3	2111
1426	3857
6	952
0	850
0	1759
0	0
348	4788
0	506
119	4770
1422	5406
0	14
0	5404
321	0
0	159
8079	4804
0	4721
0	9
16	59
80	2916
0	2916
174	0
0	736
0	306
0	183
9	808
0	0
0	0
0	0
777	0
60	0
0	13
6	13
3513	1
0	0
0	0
55	216
0	266
19	298
0	276
619	219
0	0
0	0
36	215
1451	401
27	401
0	0
0	0
3589	2
41	0
0	12
2	12
0	9
0	194
34	33
0	199
0	194
32	0
0	0
0	0
1022	0
1442	1
0	0
0	0
0	0
0	0
151	459
42	0
0	0
416	917
0	671
0	383
0	640
0	885
328	507
0	495
0	21
0	47
0	47
6	0
496	634
0	634
0	27
745	339
0	4
16	366
0	0
0	0
1292	0
5	524
0	696
0	0
0	177
215	523
0	523
0	2
758	1
0	0
80	333
1	70
0	148
1	0
0	31
0	939
0	159
0	52
12	939
168	9
2	9
0	0
5	22
1617	714
2	692
5	10
2535	0
4	0
0	0
241	10
29	10
1587	1097
0	1097
274	649
0	89
0	115
0	117
0	125
0	120
4186	229
5	226
282	120
4	120
99	193
224	195
0	0
1081	150
0	26
0	0
2	590
0	179
0	176
0	41
0	176
0	0
0	0
0	0
425	800
4003	5
320	6083
333	6083
0	0
207	1681
6	728
45	1354
4473	8
0	0
2	310
0	49
0	260
5	831
22	820
5620	167
185	161
0	0
43	339
0	339
21812	24
0	0
0	976
971	976
0	619
0	537
45	138
0	25
222	48
0	48
0	0
0	0
1	0
0	0
67	11
0	0
7	83
0	3
0	83
0	0
304	0
78	0
0	0
0	194
201	479
865	888
0	429
0	0
0	0
0	0
0	0
0	0
0	117
0	108
1252	907
0	36
0	26
46	278
0	255
652	0
2	0
0	0
0	23
11	1084
0	1037
5407	2389
374	3104
8	0
5	90
0	90
0	0
0	0
0	0
0	0
0	0
0	0
5700	16174
0	16170
27	943
16	23
8	956
2	4
0	2
0	5
0	2
0	8
0	7
0	13
0	7
0	19
0	14
0	5
0	10
76	10
0	0
0	0
0	96
246	172
0	103
0	60
2	20
11499	14648
0	505
413	14593
0	106
0	97
0	194
67	171
0	129
125	8946
0	8946
0	630
0	12
0	64
0	97
0	96
0	554
30	625
0	1224
712	1616
0	0
0	0
0	0
0	0
128	334
2884	16962
0	16959
0	3
0	3
483	135
8	135
10	523
0	149
0	147
0	152
0	151
0	149
0	152
0	147
0	149
1976	2645
58	3391
0	3363
263	0
156	862
635	9070
0	3057
0	7897
3	0
0	46
0	27
2	109
1	80
7	39
8	35
0	0
65	0
46	0
0	0
1681	0
0	345
0	173
0	21
0	1850
23	1574
2660	1732
591	1171
0	56
1	205
0	1171
2614	643
0	246
0	643
3	17
12	17
14	0
741	638
116	0
3289	5179
0	5175
3	52
354	265
2	245
35	75
5	75
356	0
0	0
0	0
0	0
0	15
6	81
331	3023
3	3021
1392	1
4	11
2137	261
0	255
80	250
47	251
5	66
6284	11
0	18
762	912
29	912
432	98
0	77
0	98
0	486
0	482
0	476
952	0
0	27
0	27
0	160
0	816
29	683
26	669
8	474
16	1768
7	630
0	1646
4	0
4096	1326
50	1326
0	0
0	0
1629	5
31	0
0	0
65	1
0	1
49	62
0	19
0	13
32	13
0	0
96	1006
0	1006
0	0
5	0
0	14
706	14
62	1286
0	1286
0	44
21	81
3	0
1552	3
1143	425
0	136
483	6964
483	5491
0	222
0	6358
0	0
9	4179
0	1434
0	1397
45	4142
9	0
92	182
0	182
735	351
0	310
0	8781
0	4744
0	4853
18257	18394
162	3384
0	3384
2	0
0	0
117	239
43	239
179	220
402	249
3143	252
57	116
14	26
4	26
0	0
0	393
0	477
0	472
5	160
4	825
0	482
0	632
0	670
0	560
550	10
313	22594
164	0
13	378
0	38
3406	2907
470	2904
614	135
7	0
42392	29
0	44
0	44
25	143
0	171
0	171
1000	1
1531	3
18718	28
46	276
0	276
0	15
0	15
0	15
0	82
129	82
0	19866
0	17725
495	36864
1	24961
0	31334
21	206
0	55
0	116
0	59
0	108
0	156
4	219
0	0
4350	22587
5661	0
698	0
3	0
5	74
0	0
0	0
0	78
2	78
0	24
425	4875
10	144
0	29
4	636
0	4878
0	4832
0	4
0	0
0	0
71	472
460	472
838	0
6	995
0	924
70	90
0	90
112	0
0	362
43	413
127	535
609	375
10	288
0	221
1550	870
66	1062
0	1002
1206	9
15	102
38	91
0	95
251	1459
0	762
191	697
24	0
19	0
0	0
0	0
0	6
0	6
0	0
0	0
310	3
528	1494
0	1074
79	1875
0	1799
2270	57
2957	6
19	0
3	66
0	22
0	191
608	348
0	157
15	0
4771	7616
27	18
0	0
0	18
936	0
0	0
0	7
0	7
0	7
25	170
0	170
364	0
12	0
65	0
588	227
37	554
35	781
0	4
42	4
150	91
6	91
1384	0
921	379
0	379
11890	824
0	105
0	110
0	78
3	692
102	733
12	740
0	867
0	648
0	1335
150	1651
196	0
1	23
76	1175
0	1175
0	0
676	0
2	87
163	87
0	87
88	143
0	0
0	1403
68	1534
1	132
0	194
0	344
0	267
53	0
1696	0
3237	3447
0	2497
0	3433
0	2725
0	3433
0	528
0	528
0	0
0	0
0	0
16	24
0	8
10	85
243	85
0	0
152	16
0	16
0	55
0	788
17	788
0	2
0	2
6	2
1325	302
0	302
340	5924
0	5924
15	107
1	7
0	232
1489	2751
59	215
70	2722
57	167
0	167
28	208
0	113
8	235
1086	75
0	71
0	2
0	2
0	0
0	0
12	47
68	47
21	0
0	0
0	0
667	1
0	2
0	2
14	5
3	70
7	70
5	0
1925	1
8845	1513
3159	3393
2813	1
0	0
139	331
0	331
1516	131
0	13
0	246
1413	425
0	177
473	0
124	0
53	0
7	7
0	0
12	1322
0	97
8073	1726
131	0
10	234
0	216
0	234
0	58
97	58
812	0
95	97
0	97
0	212
0	187
424	1307
0	116
0	1307
54	0
0	46
57	211
0	65
0	44
0	156
363	0
494	0
2599	3668
289	3666
9874	7408
0	7406
708	0
125	316
85	316
603	696
0	187
173	696
153	7
0	7
11	48
233	65
0	33
319	484
0	10
0	471
0	5
0	9
0	0
0	36
0	42
0	42
0	0
38	306
0	306
843	0
158	1500
259	1500
0	701
89	701
1252	4
13	173
4	173
261	0
0	0
0	0
0	25
5	59
4	113
0	291
0	28
0	34
7	278
0	306
99	0
0	88
563	635
0	519
0	0
284	0
3564	2
157	639
10	1805
5	464
24	488
0	332
0	315
0	1255
29	344
657	2704
25	1390
0	1417
0	0
0	0
0	0
0	7
10	7
180	0
43	107
0	107
883	1863
0	22
0	19
0	85
67	1851
4	0
0	0
0	72
337	59
0	840
0	3362
77	3405
0	3405
0	40
838	40
0	0
0	0
8	35
0	25
274	230
2	120
7	255
0	230
784	247
0	246
0	19
0	19
0	0
0	20
368	0
5667	14
281	264
3528	1
520	0
48	2048
81	2048
0	0
0	0
0	877
70	877
4096	0
158	80
401	398
90	17
2624	940
25	2
0	931
0	0
168	467
0	17
0	467
15	0
4438	2
4028	3103
0	1251
0	4
0	4
0	4
231	0
203	0
0	0
0	0
0	120
1765	715
0	8
0	100
0	63
0	84
140	184
121	0
229	16869
242	1173
0	16260
132	0
281	0
33	297
0	297
6196	2325
63	2319
4	44
0	38
0	11
0	6
1	9
0	12
0	16
0	157
2	157
851	727
0	720
0	674
358	300
0	66
36	57
0	66
0	12
470	12
0	4
0	3779
9783	3784
0	0
0	0
0	16
0	16
380	315
0	0
2	0
0	0
124	654
0	661
0	163
0	614
0	627
0	0
0	192
0	355
1	843
199	843
0	648
1520	7359
0	295
0	1
11	7880
0	7821
7	7595
0	6705
0	1925
0	1700
0	2171
0	0
280	190
9389	1
4	129
82	129
0	14
0	12
0	12
0	22
2	2019
3740	2026
0	0
0	48
196	60
111	6195
631	6036
219	4873
24	0
0	71
0	0
0	71
0	557
1668	557
3	0
1018	0
256	1139
1152	1139
133	129
0	129
0	0
3034	24
0	24
43762	16556
1	16522
1354	25453
73	6703
3	1221
23	24743
521	341
8	100
0	341
510	3115
7	3064
10	677
0	3068
0	491
30	276
0	39
6	1
3271	523
187	154
0	3
5	154
0	3
2729	2
1440	1099
221	1229
0	936
13	0
1532	0
0	0
0	20
7	1774
6	460
1811	1667
0	0
0	0
0	0
0	0
14	33
1	32
0	1
1991	3
276	512
0	512
7	219
0	44
0	227
0	227
0	0
11	0
855	3
0	171
19	171
219	409
221	852
0	852
612	4430
101	4430
0	1
0	0
204	698
9704	706
0	0
137	0
218	0
145	0
0	0
331	0
78	0
77	1818
0	1799
0	1698
0	1798
0	1736
1694	1684
0	0
0	0
0	0
3069	5
130	0
1	128
0	39
228	136
0	0
0	0
75	1409
0	1409
2	0
49	0
721	1104
0	1104
156	3
663	1691
0	38
38	1684
425	171
0	171
7	43
5	275
0	275
750	0
612	408
25	2304
130	2292
0	3
0	3
1811	845
4	845
689	1732
0	206
4	1526
20	1973
6	1973
0	2981
0	283
65	2991
0	0
0	0
0	0
0	16
0	111
0	18
0	82
0	95
10	161
18	161
402	2080
0	2055
1	25
37	0
0	0
720	4
548	0
20	21
0	5
0	14
2828	1
0	1639
5391	1641
20	0
259	0
4269	759
36	757
20	147
0	82
0	55
0	55
0	56
541	45120
3940	45211
0	45209
0	47
0	26
0	17
0	18
83	70
5	691
3	968
0	679
13	877
377	31
0	31
45	1662
0	0
0	6058
578	6480
0	5787
16	6786
0	0
0	0
0	0
0	10
0	13
0	14
0	18
0	14
0	41
0	41
0	41
0	928
5	3865
267	3865
39758	27691
497	27656
0	12
31	68
0	56
0	63
14	0
230	334
0	334
0	32
17	42
0	413
0	521
720	521
258	143
15	143
0	0
1787	1205
1684	1104
2	0
0	0
1064	93
315	93
0	0
0	0
0	189
0	438
631	0
24234	22
0	0
0	0
5236	1805
400	14
1	13
205	318
734	631
0	631
145	0
4466	5599
0	5593
0	2
7	0
440	1204
110	4
108	5627
0	5627
0	48
0	48
509	315
317	3663
0	3538
0	314
0	124
11	0
2	56
36	697
8	697
3	0
0	5184
838	5184
0	0
7	0
954	821
0	708
0	708
0	821
0	708
0	0
0	2
0	0
6	0
189	6518
0	6518
906	4
232	222
0	128
3	98
0	12
0	97
1	97
534	0
0	2
0	2
100	93
27	277
0	444
4277	2438
71	89
0	2303
264	1788
7	9
0	9
1166	11620
0	11620
347	0
1540	0
787	1405
0	1461
11	1444
39	1454
4	1444
47	404
0	44
245	533
0	533
17	2096
0	319
0	630
0	129
2	168
11	1011
150	2330
22084	3
10	258
7	1
14	600
0	181
144	6930
25	6974
80	3288
0	3329
0	3430
0	2687
0	4779
9	2764
116	0
0	115
127	561
57	561
789	844
5	844
304	3199
1	2495
8	3214
1465	4290
512	0
192	200
0	204
37	269
373	0
0	23
24	23
23	0
0	0
11	183
2	148
0	169
0	124
27	0
11	0
163	33
0	33
27	0
0	0
3	0
0	0
0	0
570	99
528	1617
5	415
29	415
1873	6
6	0
0	0
0	4
0	4
0	4
0	79
3	91
0	175
92	176
0	0
9725	5
0	0
0	0
0	0
0	0
1281	0
0	0
0	4
2	0
0	4
0	4
0	0
7	0
0	0
30	304
311	304
0	6
0	45
2	12
0	41
277	0
805	0
534	691
1113	986
0	986
9381	1
36	379
10	119
4	104
3	393
56	654
0	672
0	672
22	2547
94	1151
137	2358
0	710
9	505
0	0
255	101
4065	3110
44	734
0	2598
0	2709
0	2452
7171	5
529	1377
8	236
0	1270
774	246
0	246
0	145
5	767
0	720
1	743
1513	0
51	0
2	332
6	1
0	0
0	44
313	44
227	184
0	184
440	3434
0	3434
0	518
12	518
571	1525
145	1525
668	242
0	242
0	229
0	1155
564	3379
0	2222
0	2561
0	2
0	2
1347	766
0	504
43	504
9	53
0	50
0	58
1	58
0	44
0	58
0	63
219	159
0	347
0	362
5	157
0	0
4	16
0	16
135	478
30	571
0	571
27	0
802	5
0	0
3833	8
79	16
71	76
15	75
9	0
1126	493
0	493
0	3
0	3
38	33
0	33
0	1
0	1
612	2
237	0
0	111
0	137
1	211
17	1395
0	1355
89	1349
0	1444
75	16
0	16
0	14
5826	3887
0	3748
0	3793
8	3793
320	185
0	183
0	0
2	1
0	0
617	0
247	0
1838	767
1336	2
593	59
0	59
5	0
16	0
10	255
0	28
0	247
784	0
0	368
0	66
24	402
11	402
0	247
3003	248
142	1141
0	223
0	1051
0	1136
62	760
478	0
1591	226
3088	1
974	4997
14	2184
0	3288
0	816
3	447
1	120
171	1055
2	980
72	3
0	3
0	0
0	0
0	0
2371	311
26	1294
1	1351
9	1354
0	1
69	23
0	23
0	0
0	1711
531	1711
0	51
1313	700
0	700
0	15
0	15
0	4976
37	98
41	4735
0	2299
0	3169
0	3361
2	3122
6	0
0	0
23	168
2	72
3	160
18	18
117	274
2410	217
0	3
0	4
19	1124
2067	1127
113	6752
0	6757
54	6476
212	0
0	187
55	273
0	192
0	273
0	203
0	262
178	48
6	56
0	56
1	181
0	126
0	129
0	129
71	989
0	506
626	1000
0	520
797	153
0	147
6	0
2089	0
183	184
3	184
1178	408
5	405
78	459
766	459
1388	13509
0	758
4036	16994
0	8020
4970	0
128	0
5	0
0	0
1	2
0	2
0	21
208	21
538	594
0	594
25	572
0	161
494	161
129	23
27	1021
0	1810
99	512
0	861
20	746
0	272
0	1693
93	1508
5	118
0	1508
0	7
0	0
41	7
10360	657
0	656
160	892
2	7029
25	7215
69	7080
0	664
21	74
0	515
0	643
8	706
0	67
0	69
6610	7
149	722
15	1031
7	715
514	819
1076	1073
0	58
0	1073
95	103
0	103
0	0
6654	860
0	854
2252	5
3984	4
0	23
15	23
0	559
0	541
751	1257
4	797
5	0
5	950
22	2078
8	2082
0	2162
2	981
0	3387
56	4450
0	2521
41	56
4	56
0	0
22	0
44	0
837	7
2080	0
427	216
0	0
0	0
3482	1
140	127
0	127
473	2288
0	0
2405	569
0	569
69	241
0	0
0	0
0	0
0	1
0	4
0	4
19	0
0	0
0	2707
193	2707
96	16
28	106
0	6
0	97
0	9
3	2
0	21
0	21
0	21
0	15
1213	0
0	18
1810	0
2030	1412
0	1411
0	31
0	31
0	14
0	14
0	0
0	0
0	85
151	686
3279	10037
59	101
0	10071
81	10071
0	169
269	1291
0	353
0	186
702	186
2	0
0	55
347	55
506	298
0	50
0	279
0	307
1379	2
4	0
1326	2
0	168
0	168
26	0
743	0
1	27
0	27
0	0
0	0
3	0
0	0
0	3
0	0
0	4
0	3
5	4
7	0
0	8
0	17
0	23
0	59
11	59
0	0
0	0
10	3
0	67
0	13
0	67
1449	1970
139	1970
4	314
1	21
24	314
0	321
130	321
0	5
437	5
11	0
0	193
0	193
0	176
0	294
1082	295
0	19
943	452
0	6
138	353
0	4
481	0
0	0
411	0
0	0
0	0
0	14
0	14
14	0
0	0
1	496
0	9
0	9
0	463
16	0
12	58
52	93
0	86
38	93
0	0
1544	557
0	415
988	13
990	21
0	21
0	664
0	24
0	339
149	757
120	0
0	38
405	1102
28	0
48	1765
1	1845
5	10
7	0
289	256
0	256
5	417
3364	1024
0	594
0	107
0	41
0	117
62	542
5	553
0	641
12	0
0	1893
37	1648
0	1658
744	1883
6	377
10	377
394	1450
23	1359
0	1196
0	96
607	1040
0	831
0	667
0	0
0	0
0	0
2	0
0	0
0	0
18	11
0	9
9	2979
19780	3018
637	818
1	600
0	697
33	233
0	0
2	41
0	80
121	2256
0	80
3	2256
0	24
0	15
22	24
794	15
549	0
2949	4
8195	3939
0	3931
0	2
0	2
0	179
161	190
135	0
24	20
454	0
0	0
147	650
895	650
80	146
0	146
1	0
0	0
0	0
0	0
0	0
0	436
86	426
0	1920
0	2148
3	942
851	830
0	157
4	321
0	258
3	360
6	0
0	0
3828	2671
35	260
969	2667
39	0
680	828
313	828
6	480
123	480
5	926
6	140
1	938
29	0
0	0
0	0
0	80
9	124
0	168
0	81
0	249
106	1681
7	1490
0	1419
9	0
0	0
991	200
3496	315
115	0
2670	0
0	0
1453	3610
0	1999
0	0
0	0
11	105
21	163
0	163
1783	0
879	165
0	165
1	5123
4961	5126
153	0
11	2
0	2
0	86
9	29
0	29
0	0
0	0
52	173
68	173
0	11
1966	495
7467	1012
46	811
188	878
209	7
0	3
4	3
825	134
0	133
0	3
0	3
0	0
2832	3
149	219
2688	223
0	2
0	2
213	1573
303	1573
345	949
0	0
3	92
1	38
10	92
842	0
1129	618
612	618
0	105
30	105
3593	7
2167	4
0	7
0	7
10804	272
0	435
0	412
2260	775
144	1781
2010	1781
34	152
0	15
0	152
0	147
1	0
0	0
0	0
0	537
0	742
0	192
0	206
374	1034
0	414
0	243
0	0
172	0
0	3530
0	4499
4	4185
0	4824
76	4824
56	746
0	623
0	630
0	623
0	0
0	0
42	0
352	0
409	427
0	420
0	112
49	0
0	0
2154	1
39	0
131	2977
0	149
0	2984
16	3060
2	2858
0	3044
0	13
9	13
0	701
279	701
148	0
404	0
0	113
552	113
50	150
0	48
0	0
1168	0
0	3
1	3
0	0
0	0
24	144
1	144
0	2
92	2
0	0
120	155
0	155
426	248
0	0
0	0
121	322
0	583
0	630
1281	0
0	0
64	5170
407	5170
210	219
0	0
0	0
13	2
0	2
0	0
0	0
251	310
0	308
911	709
64	0
65	25
2496	25
31	0
107	0
533	2053
0	2053
339	957
0	935
0	966
35	966
16	620
549	620
0	8
0	8
138	3747
1696	3749
0	212
0	160
332	212
458	1330
0	1330
0	1
2	1
58	1584
0	2362
0	2502
0	503
0	10
0	12
0	10
0	12
0	11
14	330
9	330
232	289
2	289
0	26
0	6
0	11
0	28
0	31
0	0
0	3
0	0
534	7
0	6
0	3
0	3
0	0
0	0
0	0
0	4
0	4
534	787
0	787
0	1529
1205	2789
1410	41
254	41
2	73
0	0
0	10
7	10
0	2
0	6
7	6
66	16
0	16
8	585
0	608
0	556
1964	1318
26	398
0	919
3765	325
67	320
664	302
0	145
0	156
0	1
5934	4
5	387
58	2837
0	2837
0	66
0	376
0	395
16	395
0	152
1076	154
412	3376
20	3391
30	357
23	198
89500	50
1383	1530
75	1301
39	1530
0	0
0	13
0	14
10	27
33	28
109	0
0	0
890	809
80	0
0	181
179	181
3370	7
0	0
0	0
1	30
4	101
0	74
50	105
0	86
372	198
0	198
2919	19657
0	691
0	7076
14	19624
0	0
0	29
1776	791
65	827
4808	12
0	176
0	166
0	198
0	200
0	180
0	170
0	153
0	170
220	225
0	223
6	147
22	260
1390	466
41	431
235	464
0	464
53	1
0	705
338	705
0	261
0	59
12	136
0	84
2342	1480
0	1203
5	1357
0	1274
164	1510
5191	2579
23	2573
0	0
41	100
0	0
92	2360
12	2361
88	1775
44	1775
26	564
2	209
23	564
4131	4
25	244
27	244
0	0
7	163
0	161
0	163
1	142
1455	1151
0	0
242	4
1768	687
0	318
0	687
221	10256
131	875
0	8054
15	10341
0	27
0	21
23	86
2	88
0	0
0	0
12	139
74	131
529	3
74	323
50	0
0	291
15	291
1	0
7	11
485	15
0	3
0	3
393	1
0	0
217	9463
1	9463
0	169
47	1158
43	1158
0	0
6	0
0	11
0	0
0	2
0	1
0	11
0	11
9325	16042
27	16041
2096	1791
744	1787
184	821
0	821
0	877
38	847
103	650
0	567
475	3188
5	109
0	114
0	105
0	99
1	20
11	407
0	181
372	562
31	21
302	493
0	290
0	0
791	3
23	3
0	28
0	28
45	385
95	223
15	8
77	8
7	18
0	18
306	347
0	80
0	75
0	16
2	48
0	164
33	0
365	1284
2	1164
0	1284
0	3572
2130	5917
7	3582
0	6
10	38
0	3
2742	7612
4	641
57	7610
318	3
6337	7
360	503
29	503
8	4
16	4
0	44
0	44
549	1993
7	388
0	684
16	1558
4266	3781
0	3779
60	17
0	17
15347	14
426	356
5	354
0	115
3	115
11	42
1702	934
194	0
3	213
76	751
17	647
0	0
9352	23
0	0
405	34
0	30
7	1084
106	1084
2198	0
4	2
2133	780
0	4
0	4
0	57
0	6
6	216
0	33
0	220
5	0
0	0
7	0
0	0
0	0
6	0
0	0
0	0
728	0
54	26
880	1
0	30
0	29
4	8
0	8
77	77
31	0
2196	1639
12	1651
0	1628
11	12
0	12
0	2
0	2
0	391
374	395
112	0
4	12
114	1482
0	1482
22	0
0	3
0	3
5	3
0	83
0	3
158	83
0	83
0	105
0	188
479	1517
0	757
374	41
0	41
688	1
63	66
0	66
0	39
11	16
135	0
0	345
69	345
398	885
1	412
0	463
5	481
0	297
0	481
0	10
0	10
0	10
67	10
0	208
0	11
0	500
98	2762
0	1074
0	2577
1	0
0	0
576	0
4136	4
8	0
0	8
0	15
10	29
0	6
0	10
0	9
1	10
512	1708
0	2
0	1708
85	1665
185	49
0	49
1108	764
0	220
893	2820
0	9
71	612
0	452
0	610
0	0
68	422
0	369
0	180
0	335
23	335
4843	4022
0	3582
2	1711
0	1328
0	0
0	6
0	6
98	0
0	14
0	0
0	287
1448	420
89	0
0	0
0	0
0	0
966	0
494	209
0	209
36	1200
48	1271
5	1033
51	904
299	2574
10	2716
5	0
2762	2
0	889
6	898
288	4882
8	1013
19	1384
0	2131
16	4464
2	1754
0	2134
0	0
116	123
0	46
107	46
0	443
0	34
0	9
12	443
60	52
21	52
0	0
52	56
71	56
11	39
8008	629
267	662
17	326
21	326
0	207
130	118
11	118
32	353
66	353
0	2
0	0
0	2
8	336
6	333
55	4570
10	362
74	4559
68	365
4	1429
157	1236
0	0
14	0
2	6
0	4
0	86
0	86
2	148
3	599
2462	1437
0	1434
0	1242
0	1434
0	0
0	0
13	18
7	18
14091	547
1	787
2751	2285
327	146
19	140
18	205
0	70
0	205
24	0
1	11
49	11
270	88
9	88
14	12
0	12
32	979
34	171
0	976
5	186
0	0
47	186
0	23
0	23
0	0
0	9
56	9
2	1
0	0
0	1
0	393
42	393
3887	2134
8	1494
0	1812
0	1464
0	1230
2	1706
0	0
0	0
0	0
822	2
1508	617
0	654
0	133
0	281
0	180
6	208
0	84
347	84
10	0
1351	0
193	0
104	2198
20	2197
147	6
339	184
1	184
2477	0
98	163
0	163
3	0
15248	2735
0	53
0	35
0	14
21	54
0	44
15	191
0	191
12	830
0	264
35	781
5753	333
0	322
4665	2595
1	2594
480	282
7493	8929
0	42
11	62
2	0
2	5
38	7
0	0
0	0
0	0
3473	8
2	12
12	2
5	32
1150	219
0	217
116	140
0	7
0	134
0	0
103	178
344	0
106	0
32	346
0	346
986	4745
0	4745
76	4717
0	4451
3	1399
1	4437
166	0
350	217
54	152
11	102
2	106
4	315
2	81
0	495
5	445
759	1615
15	824
0	927
3	84
0	111
84	111
802	0
1406	907
334	49
0	5
0	44
0	976
0	3156
0	177
75	1209
0	3000
90	472
911	6464
139	11511
33	93
0	93
613	886
0	886
3	3577
0	194
0	1875
0	3697
95	0
6	2
0	2
7	2
0	207
72	207
0	184
11	78
1329	7136
276	8388
0	4802
0	9
0	9
3	3
0	0
0	70
0	10
0	60
0	0
96	65
0	65
0	0
0	0
0	0
92376	37204
12683	27893
2083	21498
26	8162
110	14287
0	14206
136	22013
0	14892
0	35
12	138
14	112
43	59
956	4867
14	4865
0	0
0	0
0	0
0	0
0	0
0	0
18	254
0	144
224	0
1129	1390
4331	4974
2	296
0	4842
308	4850
7	2
0	0
14	0
0	10
0	193
0	226
0	134
21	790
21	1258
172	3001
235	2904
0	213
0	567
0	299
0	245
20	513
25	0
1	5
0	5
0	5
0	5
5312	1072
56	1072
5453	68
0	4
0	59
79	4
1106	1
0	175
4	159
12	377
0	446
0	689
12	268
15	2437
52	190
3	2449
0	920
0	890
0	870
0	268
0	860
97	0
163	34
0	0
0	0
0	0
0	0
0	1561
69	170
0	170
2481	968
569	0
3	5
0	5
0	1
0	2
996	0
0	260
147	260
0	7
0	0
0	7
0	7
0	0
55	0
107	2583
257	2583
0	0
5	10
0	10
0	10
0	17
0	11
0	17
36	0
0	0
212	596
44	279
29	0
0	279
11	4
0	4
0	0
0	0
0	0
0	3
1	9
29	37
7	37
668	0
339	49
0	49
0	45
172	1801
0	1138
44	1283
0	810
0	30
0	28
6420	3990
0	3689
2	40
212	39
219	0
1769	0
0	136
0	136
380	292
0	0
1	0
0	0
2	55
1664	122
75	164
0	1529
0	814
5670	2338
0	1404
2932	161
0	157
0	113
0	95
27	114
0	113
38	0
0	0
531	1
0	8
0	8
6	8
448	0
1	88
6	88
0	15
0	15
0	42
0	0
834	9721
0	9721
584	0
6079	724
0	716
1211	675
0	652
0	162
64	2701
0	873
0	2558
14	0
2	0
191	2151
14	2151
858	0
559	211
6	244
0	113
0	39
0	244
358	49
4	5
5	43
56	0
0	4492
0	7422
919	26503
0	5337
0	7630
1798	26325
3	58
29	58
0	24
0	43
0	1081
13	1096
6	1294
0	1261
101	3196
12	953
0	125
151	6389
0	4218
156	3452
0	6723
10	347
33	448
0	0
2486	0
0	0
0	0
0	0
17	64
0	64
1613	383
0	0
0	0
7	0
0	0
0	0
165	248
6	119
34	86
938	2742
524	454
199	10731
0	2594
5	0
0	0
0	187
451	187
1625	0
0	53
0	53
0	0
21	486
0	486
138	0
630	2259
42	2258
1	2273
5032	10778
1759	2289
0	10374
21	428
32	33
14	487
257	430
14	0
0	0
0	0
3	10
82	111
7	111
24	0
964	1
0	111
1227	111
538	1
7614	15
154	0
45	0
165	1660
10	1660
197	0
0	0
0	37
31	37
654	4076
0	1485
4	4272
0	0
60	757
5	8160
0	1046
231	7344
536	8118
145	7854
27	7695
0	373
139	373
189	0
11	0
0	14
12	14
0	1
9	1
2	0
0	0
156	5
0	5
0	0
6	0
0	251
321	17443
0	14498
0	4170
0	17224
0	18
5	18
115	14
613	104
0	18
0	86
801	1561
0	968
0	2780
47	4287
1328	1
2	36
0	22
284	4293
0	59
0	688
32	4304
0	84
0	272
0	10
14	2747
0	2775
0	1571
0	1767
58	1729
38	1141
3	1695
0	1528
2625	1530
0	133
4	80
1397	992
0	250
0	959
410	7
15	6
1923	510
0	0
330	0
0	0
2799	1241
0	1421
0	1473
286	430
10	259
1	430
0	493
11293	509
0	103
0	0
0	141
0	291
0	53
6	324
0	247
436	133
1	133
6389	23
10	20
0	0
0	113
0	13
0	73
0	53
2468	337
4	282
1168	366
0	366
1	0
0	0
0	255
831	255
1756	1673
0	1757
134	1682
0	1
0	16
460	834
0	818
0	0
1127	1
3	41
353	308
0	53
14	53
0	0
59	0
5496	8068
0	8059
80	3787
4	278
191	3787
4	124
216	2755
163	7
0	0
8	0
10334	16
0	0
0	64
278	3
0	124
0	89
1259	213
4	25
0	25
0	0
0	0
0	0
0	0
23	13
0	13
0	551
332	1026
46	611
0	611
0	253
14	1813
0	5835
0	5923
0	175
0	106
14	113
30	784
10	784
0	425
442	0
898	737
5	520
0	142
298	5494
2915	5495
3397	2242
0	2240
0	36
0	111
0	35
1	82
64	891
0	218
1024	896
0	0
16	352
0	265
1219	380
0	0
997	166
307	63
56	102
1120	53
0	53
5	43
75	77
65	12367
0	16980
52	9822
1	17099
0	17216
0	17264
0	0
0	0
0	0
0	0
28904	20
33	0
14	12
0	12
0	12
0	62
1	55
0	967
0	173
0	77
0	978
3	993
3218	536
0	532
0	123
4	675
26	1287
5	89
0	681
1172	1394
0	108
54	573
135	266
0	266
18	0
537	1
19	329
1096	3459
0	3375
0	1043
11705	1057
0	11
4	11
0	53
21	53
27	32
0	32
0	11
209	895
0	895
906	17
664	2
0	564
0	912
0	866
0	3
1019	3
0	12
276	120
0	108
0	0
623	0
1384	300
0	300
1	0
4	572
0	58
5	551
0	184
51	81
8	47
0	0
0	0
196	271
640	271
0	0
85	139
0	138
281	173
0	173
0	120
59	894
0	593
48	825
0	11
764	0
748	0
182	0
2141	5
22	453
0	1571
5	1415
116	8063
0	2194
43	7442
77	0
9	68
190	68
3	7
0	3
0	3
0	3
0	4
1271	1
26	19668
696	5640
11	20300
176	0
27	208
0	23
14	4
158	8
142	221
0	4
328	1027
0	1017
0	1015
35	0
0	436
0	0
0	20
0	422
0	436
1106	67
0	67
11555	10
426	393
0	168
0	112
0	107
61	322
3	322
1	0
0	0
0	0
0	83
3	2943
8	2950
25	7
0	7
566	321
0	63
0	18
0	41
33	41
1	0
287	290
0	283
202	537
55	537
0	59
0	59
0	0
0	0
0	0
0	0
1257	0
73	0
0	79
14	79
0	169
20	169
160	127
5	127
5	15
1009	103
1	102
453	0
0	0
0	0
7	13
6	19
2933	10
561	0
101	147
0	242
0	257
0	0
0	0
0	52
0	0
0	52
279	2206
24	2206
0	106
374	928
3	928
148	336
0	336
0	0
9789	3310
0	3307
12	125
0	125
230	803
496	803
0	0
0	0
5	9
0	7257
0	128
0	1489
1	1955
0	6948
0	5731
0	0
17908	26
0	14
57	14
1771	3
0	6
0	6
11	86
114	156
0	126
0	156
0	2
0	1
3	2140
17	2129
64	22
1	22
0	0
0	0
0	0
0	0
10	0
14	120
0	11
0	109
4342	53
5	50
1215	0
4	99
12	99
1590	0
214	134
0	134
0	134
26	14
0	3
0	3
4	0
0	0
2	75
377	830
17	108
94	108
0	1
388	1
1500	1611
0	0
830	0
0	39
5	14
11	199
374	2547
682	2500
7	191
0	191
0	55
6	55
181	2
0	2
118	283
0	0
0	0
0	0
0	6
0	6
756	0
3864	948
0	1220
1489	2
0	0
1	1150
11527	5167
0	4057
0	1048
0	702
0	279
273	702
6	172
9	172
371	7485
0	2465
21	7493
2636	7805
72	2935
0	213
0	5
0	1617
960	3521
32	2164
20	1066
17	7135
28	0
0	0
0	0
0	15
0	0
0	0
0	0
0	7
0	15
0	11
0	3
29	11
0	11
9	0
0	73
133	2121
0	1
0	35
0	113
0	105
0	105
0	71
4120	4
2086	1241
16	1154
32	1199
58	0
0	0
0	0
0	0
0	287
391	287
0	3653
27	3653
29	34
0	34
0	0
0	0
847	1630
0	1630
36	0
0	0
0	17
4096	25
0	1393
5648	3136
0	1215
9	676
0	1357
494	174
47	0
0	0
0	1
0	1
6	0
0	0
4150	459
0	0
7	0
44	391
0	391
505	0
67	0
0	0
1	123
1	11
103	237
0	0
0	50
36	50
78	201
253	201
353	234
0	230
5032	557
0	557
0	0
1705	439
11	436
0	8277
0	8351
10296	8448
418	411
0	194
0	328
914	0
217	0
71	21
0	13
0	8
0	0
329	884
0	1
0	1
1487	771
11	90
0	0
13	0
1341	1977
0	1975
0	10
248	10
381	919
24	6
0	6
122	5722
0	5722
0	239
0	37
263	237
0	234
0	353
12	121
1099	353
0	4
3	4
16	405
0	436
0	21
5	21
0	21
0	21
130	564
18	424
2579	0
0	0
2070	2758
148	414
449	700
0	700
0	26
0	26
0	23
1661	553
0	552
2488	4
0	440
602	440
191	170
992	170
0	418
1328	420
10	72
0	623
0	658
9975	13
0	0
0	32
178	168
38	29
652	31
0	108
417	126
4	548
1142	550
629	730
0	571
50	205
1421	2257
17	2257
33	0
26790	6117
0	6092
0	694
204	944
0	550
56	119
180	118
20	34
9	20
1	28
0	45
0	12
0	45
0	21
0	656
2540	2342
20	2353
11	0
23	13
0	13
48	484
10	153
3	102
4	244
1301	351
433	0
20	176
0	176
1046	1
210	0
0	119
4619	122
0	2
0	2
0	2
0	0
0	0
0	2
0	6
0	377
0	832
0	827
0	113
0	19
0	681
0	819
0	819
140	323
0	124
29	268
2866	345
156	0
1	0
1410	8444
0	8444
0	0
0	7
0	100
127	218
0	218
107	2
1058	52
0	52
1	0
58	29
4846	31
0	2
0	1
0	6
0	8
0	0
0	1
1600	1883
152	45
0	8
0	37
74	0
1432	3
7	277
0	76
514	301
284	134
0	134
0	439
23	2768
0	26
55	2768
0	39
0	287
0	308
0	268
129	328
6	59
25	310
0	259
0	211
23	126
41	136
50	991
0	581
8131	7
3515	4
110	0
479	0
1289	1
1002	0
0	0
16	31
50	106
0	106
10	539
1	3528
0	2314
125	2568
0	3808
0	2384
422	1
694	1311
0	232
0	1346
2	93
0	93
0	176
0	236
0	2231
13	2287
0	2234
0	10
0	6
0	10
0	10
0	0
9	33
0	42
7	42
0	155
47	155
0	89
18	486
0	1
0	483
489	402
0	402
141	0
276	435
0	144
10	439
0	301
5241	4
0	0
1123	0
0	2134
0	1163
0	3421
342	3502
0	336
21	389
0	1
6197	3
58	202
7	200
0	8867
1663	8867
0	0
45	919
0	0
23	0
21452	24
80	32
31	655
11	655
7	62
235	62
170	293
0	293
31	0
438	0
0	913
0	272
16	1116
157	1116
0	139
849	139
1929	1411
19	1349
1283	34565
25	33651
0	34565
3	2
12	0
0	0
273	604
0	308
0	595
0	0
0	0
0	0
0	0
0	0
126	310
78	82
123	27
4	0
6	0
1421	1
1492	1589
0	1589
15	1997
90	311
3	301
18	1997
1944	9
2494	5
1072	3
22	65
0	65
6	3
0	0
0	3
212	0
976	0
0	191
8469	300
5	188
0	0
0	39
5	8
0	8
0	8
0	39
0	8
0	0
0	63
0	34
1	70
0	15
0	48
0	63
0	24
0	63
20	54
0	392
33	346
138	622
1	116
152	56
0	86
0	16
0	87
0	87
0	89
0	87
0	87
0	87
1349	0
430	0
0	0
0	0
62	675
0	675
0	48
0	265
0	1688
0	52
25	1811
0	1863
421	2
1018	780
11	0
22210	7063
122	6950
5	1995
0	837
33	21
172	0
29	27
16	27
0	9
0	9
0	9
3784	151
80	0
142	0
0	39
0	5
2103	2597
0	2595
40	0
0	10
68	10
139	6963
141	619
0	171
0	6868
156	0
230	0
0	0
3191	153
0	152
75	38
0	38
6	27
0	10
0	18
0	18
5	37
1	41
0	41
48	0
13391	1922
0	1914
0	6
29	6
0	541
0	280
0	603
0	4252
157	4252
0	3484
0	0
0	0
0	86
1108	86
3	0
17	0
19	351
2	274
0	274
0	351
0	149
0	3447
0	532
0	215
4	5640
0	5396
0	4648
0	4924
0	5373
0	255
21	258
37	270
0	488
0	11
8098	510
0	351
1278	352
0	49
57	49
0	0
0	0
0	0
0	0
2595	5
11	0
0	0
0	0
0	49
66	235
147	5088
405	5876
144	1011
50	657
0	470
0	34
268	4884
5207	1182
2	1176
193	1184
162	577
192	577
0	0
0	0
5	0
36	2
0	43
0	4
0	109
0	64
0	52
1	103
2555	1
68	4911
45	5150
355	3007
0	287
41	798
10	763
85	656
124	656
774	781
0	0
56	781
402	0
15142	1986
0	1972
298	334
23	334
0	137
774	846
115	113
0	59
6	855
6	381
0	277
0	118
39	340
0	17
0	340
32	43
135	43
0	2
1	0
416	0
818	0
0	70
0	28
0	98
5	106
0	67
645	845
0	842
0	193
0	2
2822	1548
0	822
28	1548
648	2671
32	123
49	2671
888	1219
0	0
0	0
3	273
1555	276
0	206
2629	9
1659	480
0	162
0	452
3487	10
151	644
158	644
1	6
3510	7
0	0
0	0
691	85
0	35
0	50
195	0
121	0
745	129
0	128
0	40
0	40
989	1060
0	2619
8	2623
0	2660
0	2623
1401	2025
24	1400
0	2024
51	84
0	89
33	89
0	470
0	434
271	2
401	618
0	266
148	1594
221	1367
156	1446
0	69
0	69
0	61
113	134
0	111
24	74
1	10
13	74
12	658
83	658
0	0
0	0
13	4
0	4
48	0
19	358
41	358
569	1
945	3047
400	0
0	0
0	0
0	0
0	0
0	0
0	0
566	850
0	0
0	0
0	0
0	0
4168	21110
0	21110
2836	1
0	37
0	37
0	4
0	0
0	4
67	0
0	0
0	0
23	22
21	474
0	474
0	247
0	1665
0	1123
872	1665
158	0
1	0
0	0
0	0
4	76
3	76
271	0
0	14
0	130
204	6858
16	6851
63	71
0	3
5	16
0	47
0	43
101	56
0	63
0	64
0	182
41	410
0	2928
187	14622
83	14576
5	0
0	0
12	459
0	1701
2341	1698
1884	3
12	0
290	2084
0	2082
0	26
5	32
0	1312
0	637
126	1346
61	1330
96	1568
0	3124
0	3187
1701	1
589	60
0	60
839	0
0	13
0	10
0	12
201	0
456	1231
0	1231
1	11
847	4
48	485
0	170
0	565
2455	6
8	0
21	22
1987	24
1	0
3506	4
0	54
628	669
0	445
0	558
3123	2514
57	2514
0	0
0	3
0	3
217	589
0	3702
63	3890
4	217
0	217
356	25
481	17
1841	27
0	26
133	1
2057	2
110	0
1437	5
6	20
0	20
7922	6
797	0
403	103
3	89
0	0
0	14
193	728
0	0
32	37
0	0
2	0
0	37
573	496
673	0
0	0
0	39
0	65
208	92
143	1017
270	1017
6	748
60	748
119	1035
16	1188
769	648
3179	7788
647	7791
0	13
17	16
916	409
0	482
18	531
0	235
5	78
10	118
11	118
105	0
6290	2572
0	2550
229	5266
0	5266
269	0
0	0
72	15
92	15
24	120
0	118
2472	5256
1326	5257
4	113
10	113
0	480
25	480
0	480
0	0
0	0
0	0
0	21
0	21
0	0
0	0
162	6287
475	6138
101	1057
0	1057
1468	320
0	670
283	1660
0	173
0	28
1487	1885
9	1289
0	1249
0	1146
29	1334
0	1302
0	1242
187	1234
0	1271
0	952
5	1073
1114	1041
0	126
732	343
0	343
4689	2204
0	0
25	1491
30	1491
765	291
386	483
137	706
0	652
0	597
771	1013
1	1013
0	6
18	0
23	6
5	462
0	353
0	2018
11	1978
0	2068
0	35
0	35
10	35
5476	2480
0	40
0	249
29	2505
306	2026
8	1567
12	426
36	1891
0	1561
14	174
0	0
1	0
0	138
0	357
8	1502
0	145
0	1427
1750	3439
66	3582
27	1402
13	424
19	154
7	0
1567	1
0	4
0	4
0	4
635	417
14	765
17	758
5	3
0	46
0	51
4	0
423	1223
141	1939
0	299
0	0
0	661
0	146
184	810
0	0
0	22
0	477
0	577
2	589
26	503
0	506
648	0
1254	346
25	20
0	17
0	1
0	3
0	0
382	219
0	219
145	69
0	69
0	112
195	112
750	188
0	188
80	910
0	910
0	0
14	0
44	0
94	4669
0	2391
9	4670
768	1
400	2
0	0
0	0
0	12
0	0
0	0
0	0
0	5660
25	7087
39	7041
2431	0
0	4
0	161
1032	162
31	0
0	187
969	1207
0	1174
0	5
0	5
48	48
0	48
3	0
0	0
9719	11
198	0
2648	1002
25	1001
34	0
165	2949
471	2951
126	183
0	188
1	188
0	0
139	2766
0	1652
0	507
103	1621
314	659
0	607
2	537
325	1017
0	9
0	77
12	86
0	0
0	0
0	9894
6104	9907
13	878
5	68
3	46
0	14
4	107
6	121
0	115
0	348
0	343
0	0
0	0
0	13
3	13
0	5
0	5
11	5
23	5
1586	0
2306	0
2	5
2276	0
315	1
0	0
0	12
6	2
0	12
254	1801
0	1565
1925	1
0	14
0	14
90	1177
0	1177
1268	211
0	202
0	65
0	3
1	5
1114	565
0	565
654	0
0	0
20826	15
333	38
11	42
0	42
101	264
0	264
37	115
0	115
4434	230
0	223
21	1
4	0
0	26
226	36
0	10
512	1
0	500
4	500
0	221
2	22
0	16
6	51
183	208
0	161
0	174
529	856
26418	4877
18	4189
2	675
19	1612
260	1137
0	0
0	0
10	80
2	104
0	114
1	0
0	0
0	0
324	64
81	0
0	18
18	264
0	0
0	0
0	0
1	2162
0	2771
1	1550
0	2416
0	15528
0	509
215	13002
0	15033
0	13011
15	39
0	199
0	6
11	222
29	204
14	0
6507	3002
0	3002
482	793
3071	0
146	0
0	715
3	134
1331	851
44	14
0	3018
0	345
0	367
59	3117
0	46
0	0
0	0
1	0
0	575
1188	575
50	0
34	44
7	44
247	37
0	624
0	137
0	536
0	624
0	630
8	624
45	28
10	28
3	538
3	2280
101	2281
1317	0
0	0
0	0
0	0
0	0
389	18
0	18
14	51
0	33
92	32
172	528
0	132
5	487
1635	2
254	5024
289	5063
1118	1
778	1515
0	363
0	1164
132	769
0	768
2544	2
7455	8796
5	8789
2	0
1433	1
511	2
0	14770
670	15187
0	15197
0	27
117	109
27	0
11	27
206	117
0	117
28	22
722	28
0	194
0	244
328	324
1	128
5	252
0	194
6	0
12	0
0	0
48	0
70	0
21	0
1950	1532
20	1532
1347	1018
654	6
0	6
46	28
9	70
442	159
0	159
15	0
0	1109
17	1118
4	220
25	220
30	1543
0	6
1	1543
9	127
1433	7182
0	7182
0	117
0	59
0	143
62	394
277	477
53	0
272	1351
6	173
0	1326
0	1082
0	1226
63	51
821	51
1743	3093
208	2792
0	2330
358	0
50	22
693	120
18	120
0	11
2019	1295
0	1172
0	697
0	143
77	143
0	31
89	31
0	0
0	0
0	0
0	0
0	0
7166	647
0	644
5	0
0	0
0	39
256	39
93	6
256	199
3	80
483	0
42	1832
193	458
101	2251
0	501
3	0
364	25
34	9
14	199
597	199
0	14
12	22
3383	3
133	5053
0	5033
47	5066
0	0
2143	1
5	0
128	1177
0	367
19	1083
0	1079
0	1028
598	20992
19	20989
402	20561
0	0
0	0
6	26
3164	27
36	249
0	222
0	249
0	0
0	0
0	0
2	0
0	0
0	0
316	328
4636	29354
60	29679
7266	6
19473	1811
0	551
0	1832
8	962
0	453
0	1758
0	1466
0	1415
0	962
5844	5
125	37
0	34
351	64
0	22
0	40
13	2
0	707
0	307
30	510
0	707
18	0
385	9
0	9
0	3
25	0
0	3
0	0
0	3
0	0
0	0
0	0
52	505
0	203
2	157
1437	0
169	27
2	0
12035	1233
1135	58
39	0
0	0
0	265
568	270
0	35
0	92
12	64
43	14
9	14
0	0
0	0
0	3747
0	170
0	3669
0	3699
0	3717
13	0
0	7
1	9
3	7
45	931
280	880
0	0
0	0
0	4
107	145
0	8
0	133
157	971
0	309
0	971
2670	15208
0	15206
0	0
253	130
0	130
74	0
67	0
804	1
786	444
251	2412
0	2411
71	2546
63	118
0	113
1110	1634
0	1520
47	1516
8	1591
0	1634
330	9384
1481	9714
0	532
0	1
0	1
0	78
13	81
2191	0
4958	4
0	0
0	0
297	0
0	217
48	217
13	228
636	4073
0	4073
0	681
0	768
19	0
0	0
0	0
0	0
303	91
135	554
1156	645
0	84
512	3141
0	914
107	3215
0	530
513	1008
84	527
42	528
0	95
1198	95
554	0
0	0
0	0
237	272
0	272
0	997
0	1105
89	1164
86	55
0	55
0	13
0	0
0	198
10	73
498	716
0	716
34	25
0	25
1832	2365
0	0
17	1118
0	1118
2625	0
390	1489
32	1489
6	0
6	0
0	6
15	6
28	117
0	117
9	3
0	3
0	3
733	294
0	155
0	276
17	617
8	226
11	617
0	9
13	9
7	2
6	2
452	94
0	94
4	0
0	153
71	153
88	66
51	66
310	421
0	634
0	41
887	683
2	1090
225	1560
4	463
0	1577
0	0
665	715
16	447
9	386
154	339
8564	9109
0	15
3480	8936
1605	2
133	181
323	1274
42	1274
0	0
0	0
1410	878
0	878
0	2038
4	32
631	8720
58	9318
2861	5881
0	5879
1523	419
2426	6332
0	6326
0	9
0	9
1455	2
0	0
0	0
0	0
0	0
6581	0
1638	47
535	708
319	5249
37	1219
0	5050
1675	837
0	603
428	472
0	470
0	131
0	1
620	2414
0	2414
5	222
3	5784
0	5871
0	10
0	5760
127	3135
141	3129
0	2990
74	256
87	257
0	0
5	3
567	647
0	642
0	0
909	1499
0	121
0	289
0	1532
0	1513
0	1439
0	1542
0	1506
0	1539
0	0
857	1
1311	2663
0	2609
0	330
0	750
0	3295
0	2171
28	2408
1	3663
28	3484
63	4906
1742	3678
0	318
2460	956
1393	962
0	79
0	221
0	38
16	151
3	537
0	313
1772	1091
6	85
0	85
0	28
46	28
451	640
0	640
0	0
19	0
79	1223
0	1160
0	7
0	7
0	0
49	697
1	512
2759	191
44	189
0	11
0	0
114	0
0	1016
117	1017
109	0
0	5
12	5
29	10
0	12
0	6
1906	2
59	0
4	88
84	827
0	104
4	0
150	839
0	0
70	7
1490	632
0	636
0	496
0	586
0	45
1	50
932	1
2502	3
429	252
4	251
0	0
1379	6
0	0
0	0
36	204
0	204
0	108
139	108
0	173
1453	294
0	117
91	352
0	352
22	28
1	0
4	65
70	0
0	11
0	600
49	601
268	511
0	1
1	1
1	417
0	122
0	14
757	456
169	470
0	448
154	8405
6	5056
52	7055
1	3627
919	10678
10	0
283	5328
0	192
0	116
23	5328
9	0
0	0
0	3
0	3
1605	0
0	0
0	5
0	0
12	5
0	0
0	0
5907	4
0	765
1230	1466
21	1376
7	1145
6	1021
1355	5
14	0
1844	0
225	1098
215	0
27	3
0	7
9	21
3	255
0	101
0	2269
0	85
91	2269
349	2
3	7
29	30
319	5
49	5
3	101
2934	101
98	561
0	561
3	0
0	0
0	288
2729	1065
103	1001
4	0
0	3470
0	3470
0	2506
57	2898
0	182
22	207
25	143
9	2821
1	0
0	0
172	0
150	0
0	0
0	0
0	0
3039	5
207	0
432	0
2	11
54	56
2273	549
0	548
5	174
0	164
14	48
0	33
0	0
0	51
0	35
0	55
360	0
0	31
0	443
0	4
0	87
0	14
12	1
0	438
0	393
0	438
0	406
186	1320
0	805
0	815
0	649
30	0
0	0
91	165
3	0
3062	976
0	969
79	163
15	43
116	36
1567	12289
5	12288
0	2
0	12
0	6
0	0
58	12
122	0
1508	3
4618	3
5	140
15	689
241	728
2389	545
0	608
6	0
0	3450
1932	3458
2613	0
0	122
0	30
987	286
0	209
1893	0
0	31
236	2151
0	1352
0	1655
1132	0
48	0
0	23
0	69
0	155
2	155
6	3
0	0
1095	0
38	0
520	555
71	555
33	0
67	0
0	58
16	5
67	63
0	5081
0	4728
3	4768
60	5121
401	160
29	246
0	246
173	2
399	162
0	162
0	140
251	813
33	808
9	62
12	62
0	4
0	42
0	34
0	0
0	0
0	42
0	42
0	25
0	42
0	34
0	31
0	5
0	34
0	30
0	34
0	34
451	869
0	387
880	905
4	0
3184	9
24	0
0	49
0	5
0	49
0	0
0	0
0	0
0	0
0	0
0	0
0	0
28	241
13	33
209	274
1222	0
0	112
0	0
2	110
0	79
9	53
16	53
0	47
0	169
0	120
0	169
0	855
0	151
0	760
3038	2861
10	277
0	2605
17	2796
0	2558
0	2587
20452	39
4	0
275	0
0	26
0	26
0	6
0	11
0	1
0	0
15	141
0	72
0	69
431	0
0	0
4	0
2150	2357
203	2981
5	161
73	161
217	2527
0	362
0	2537
0	2284
1432	2649
0	2905
13	2496
18	2553
1024	22
11	0
0	0
15	0
1792	848
0	608
0	721
1940	550
0	0
6	0
8443	11732
322	13023
135	197
0	122
286	122
12	2
1864	4
0	0
0	0
0	0
35	529
10	0
24	379
2	216
4269	3271
299	3204
0	3120
0	0
169	1109
0	468
0	0
11	28
0	28
588	949
15	946
8	0
442	0
8094	3
0	232
0	2
12	81
107	331
6359	16251
0	1838
2	12174
0	13052
9	5362
6	48
12	61
0	62
75	1520
30	1520
39	25
0	25
8797	14
0	3898
0	297
1	8626
6	8688
662	3
9	0
88	980
0	461
190	1252
0	14
101	14
0	9508
0	487
10	9508
0	4
0	4
187	2201
0	2199
36	125
0	112
611	2
869	179
56	179
0	30
18	30
0	1
2	35
0	26
88	0
1200	1
341	141
27	55
0	86
48	230
0	230
0	7
0	976
1584	976
109	244
0	186
146	197
0	0
0	4
58	4
115	341
1	0
2	1
0	1
515	610
0	274
22	336
2623	2286
610	0
2	4
2	12
17	68
0	70
0	26
0	0
9	0
365	455
8	100
6	273
0	0
0	0
0	0
0	0
0	0
0	922
10	196
431	7429
274	7568
380	231
0	39
18	0
5	8
0	8
0	8
36	769
180	765
0	1184
0	2439
13	2074
58	1138
0	2038
0	2400
0	11
0	510
0	667
672	912
120	975
0	679
259	80
0	48
0	80
0	1
0	10
0	0
22	274
883	1470
41	701
443	1314
0	19
24	19
594	0
8	59
0	0
3	654
0	179
645	608
1012	0
6727	1
0	336
1	336
21	314
0	317
0	306
0	0
0	16
19	103
0	103
1457	3089
0	0
3	12
0	3
0	3
0	3
0	144
393	144
34	1298
539	1171
0	1303
232	3403
0	137
0	3438
0	3438
7	3551
103	568
0	18
0	0
0	5
0	2
36	23
0	0
0	0
191	4347
0	234
1213	3945
4	742
1	306
1772	1003
0	21
385	21
8402	8087
0	109
0	9
53	109
0	4
3	4
0	43
3	315
0	0
0	15
9	357
0	359
0	0
107	723
0	0
0	0
868	0
4	0
22	0
403	155
0	1
73	0
1195	1569
7	519
0	1182
32	63
0	0
0	0
0	0
4	0
20	0
2524	255
0	254
2	0
15	5575
376	5575
27	19
0	19
0	6
0	19
2	0
0	0
0	0
3	30
0	18
262	461
8	13
0	13
0	1
3	4
32	60
16	60
0	590
46	1812
9132	2411
2	2
78	2
33	3024
0	453
952	24366
59	21245
0	9178
4	22693
0	0
1	0
96	23
0	23
3	0
1165	729
0	526
3	445
0	603
4	32
4	53
404	235
0	182
0	0
212	9744
12502	9753
0	4469
0	0
86	1
141	1
1212	408
987	409
1263	0
193	0
1044	2095
0	619
471	384
150	1477
0	42
131	42
215	5
74	4
0	3
0	0
0	3
9	93
56	432
48	438
0	681
1838	684
5	0
0	0
0	0
1	0
304	1
146	0
3731	3
0	0
151	606
409	3532
0	1022
0	2916
4669	4513
24	3554
0	4504
0	0
0	651
0	103
0	6028
3	6082
99	6080
74	742
88	742
37	308
0	91
336	2059
607	1808
207	0
0	0
783	2039
10	131
0	2040
14	222
0	22
0	181
0	217
45	165
0	906
0	331
3441	936
71	296
15	296
27	0
198	0
9	467
262	4
7	386
9	1180
2	1185
15	1177
0	0
0	0
0	0
0	2106
0	2041
0	2043
5	1623
0	0
122	0
64	37
0	37
0	241
0	1090
0	179
0	21
181	1107
0	1107
0	1021
530	353
35	353
8	708
417	869
0	48
2	5
75	53
1	1
0	4
1693	0
0	4
0	6
0	6
257	52
0	52
2	41
23	75
5	93
0	17
0	177
2160	295
0	0
0	0
0	2
0	2
213	3788
0	950
0	3788
557	1541
0	208
6	1535
0	0
0	0
256	127
0	127
0	0
0	1526
0	12616
406	12620
0	811
89	815
0	4860
0	4570
27	4808
0	4767
0	49
0	101
3	292
46	812
24	833
5	795
0	840
0	335
4	0
457	1346
0	1346
388	118
0	118
2553	514
2	505
17	21
0	21
439	291
0	291
59	511
0	511
0	511
61	0
0	0
0	0
0	0
0	284
164	286
0	1
3	8
0	8
0	2
0	0
0	10
3388	2779
2	1768
357	1541
145	350
0	2162
0	2174
1741	4025
0	755
200	4025
0	74
0	58
0	60
0	49
0	0
0	0
156	69
0	0
0	69
0	10
8	50
11	98
0	98
6	6
0	6
222	42
0	42
0	36
72	0
1295	0
3831	1
814	0
0	44
20	78
6	96
53	13
0	0
0	39
37	49
0	49
0	0
0	0
0	622
0	165
0	2424
857	2424
0	314
22	316
10	49
0	0
8	29
5	1
4	3
58	3
0	0
0	0
0	0
0	183
401	183
0	6199
0	122
0	668
0	856
2150	6203
509	2638
13	991
0	900
16	899
2	4
0	0
74	65
1	64
0	113
41	0
37	6478
0	890
25	6275
0	197
0	446
0	366
0	1142
2	1093
0	1075
0	1021
0	392
9	83
0	196
0	579
0	503
0	3303
0	116
0	3254
97	145
30	2861
24	3054
0	527
0	2549
0	3153
6	216
518	218
0	3
0	3
20	29
0	29
376	276
0	276
0	276
0	276
251	0
71	0
0	424
828	425
40	17
0	2984
1336	2985
0	0
0	0
0	0
310	1617
89	1617
740	361
0	0
19	118
32	188
0	0
81	49
0	42
0	82
0	90
57	90
58	3310
5	3310
988	130
4882	2008
0	161
0	130
0	2004
1501	658
0	134
69	520
70	709
3181	1840
1279	1835
15	144
33	144
349	3
116	1350
0	1350
249	6745
0	6490
17	6745
26	1208
0	1208
0	0
7017	6
351	5103
69	719
0	3953
10	5175
474	5854
0	5854
1279	97
0	95
0	0
1116	151
0	150
0	0
22	385
1	35
5198	4242
0	0
0	5
51	0
0	87
0	87
0	0
117	103
0	0
40	0
571	977
0	5
0	5
0	176
0	176
45	384
29	384
0	285
0	0
27	0
396	300
0	300
175	65
0	65
2352	1
8060	11
6	0
330	0
0	88
4	368
0	42
0	1
1	368
11	0
0	12
0	4
19	29
0	105
97	324
4	52
275	721
27	721
0	2
0	2
4345	7
0	1
0	1
845	10971
347	10972
120	0
119	0
0	26
31	26
73	276
64	276
0	37
577	3671
0	37
213	3634
5	0
1566	1804
0	1222
2699	1661
0	1661
1549	0
469	501
0	501
0	541
10	541
72	18
0	18
14	0
60	76
962	76
0	294
51	306
4	306
0	334
10	424
0	8
2934	425
95	147
5	147
8097	12
13	2
0	0
0	2
2792	2578
0	282
0	1330
0	646
928	0
0	589
0	1909
0	433
0	433
70	2003
0	142
1096	614
0	273
0	494
19	172
49	767
0	62
181	940
0	0
0	0
0	20
8	20
0	0
0	0
115	1
27	2160
5	88
59	5628
0	5739
0	5769
0	3188
0	5822
1440	4
0	0
0	0
0	3
20	3
559	78
0	15
5525	2759
0	2759
89	2949
148	3330
69	3391
71851	69
415	0
35	38
41	1255
149	6038
214	746
0	4294
261	3426
0	3411
16	3571
0	3975
596	0
816	0
0	266
12	266
0	3
0	0
0	3
0	0
1	3
10136	13097
31	6454
563	0
131	0
0	247
878	282
0	225
1551	11
0	0
5	0
0	97
0	133
0	133
0	0
0	0
191	210
83	210
371	0
12	0
0	0
0	0
0	0
4	1
0	8
0	8
0	1
0	3
0	3
399	260
0	257
0	0
82	323
36	323
0	15
0	15
0	15
9171	945
155	706
0	939
0	112
0	92
0	92
0	106
0	0
0	0
5	0
0	0
0	18
0	25
0	29
0	21
0	26
0	26
419	1253
4	7
0	1097
0	804
9515	1179
0	102
0	254
98	295
2283	118
778	1055
11	849
811	1
6	355
0	346
13	329
951	59
0	57
3426	4
342	389
6222	6
0	0
0	3
0	431
1	122
0	50
2313	1
6108	2280
5110	5
1653	1202
74	1202
1	0
0	4
4	22
0	692
0	4
0	701
0	701
4	68
0	0
4136	4
4	0
0	0
2929	0
128	1
0	1
0	0
0	0
0	0
15	52
265	58
6475	8
687	0
0	49
0	52
0	68
1	65
1	0
0	47
337	179
629	96
0	96
0	0
0	61
38	61
339	1425
0	1425
87	40
0	40
0	1831
270	2794
0	231
3248	3757
287	0
39	61
2	2
0	59
284	0
0	0
0	115
155	474
130	474
20	0
33	529
0	292
1	1219
61	1100
3858	3041
0	968
79	1285
0	2895
0	0
9	8
0	8
0	8
448	351
0	351
1754	0
176	601
1671	603
13656	17
640	3236
0	2864
1385	778
20	777
134	0
34	0
388	0
1239	0
19	0
330	0
0	0
315	0
2263	2502
0	0
0	0
0	0
0	0
0	0
0	0
1280	2333
13	2333
4429	1783
4	1783
46	940
164	1382
943	1307
0	512
33	235
221	556
0	129
0	129
80	157
46	920
0	248
0	807
0	925
134	686
0	317
0	461
798	0
214	66
0	66
2	34
0	13
0	19
31	34
7	56
0	1295
2768	1299
9	49
3	570
4731	574
85	30
0	24
0	6
0	6
164	1
458	835
0	835
0	0
3	0
0	0
0	4
2	2
0	7
0	2
0	0
93	54
0	54
5	5
0	5
0	0
7	0
181	56
0	56
0	1404
155	1405
5	1405
142	2731
37	2771
44	824
51	340
7	340
1054	896
3	184
0	271
0	109
12	0
1	0
0	18
1	18
147	0
0	21
4	21
4393	2944
83	665
1522	1
0	0
378	1375
0	1049
0	1288
0	1360
0	1997
4874	1997
4145	3
400	23
0	20
789	0
41	0
12	420
2308	1506
32	31
336	161
420	166
772	6
0	16
1	131
93	131
2149	466
25	305
17	110
62	0
0	1627
953	1875
654	3229
5	131
0	59
0	46
0	115
0	2
88	0
106	0
0	0
0	0
0	2
0	48
67	311
2	9
0	239
0	2
9	962
0	741
4	287
0	332
0	100
0	103
24	934
2132	1
0	66
103	66
13	68
21	68
0	61
0	2
0	0
1203	904
0	2
0	771
0	7
0	198
197	2231
0	1091
8	2231
0	706
0	575
0	273
0	228
1764	804
193	90
42	313
323	495
36	500
0	341
3749	816
3	0
0	0
2273	0
52	13
0	19
0	50
0	31
31	66
10	8
674	850
93	747
0	350
3881	487
67	0
988	1
0	18
3	18
225	1
1451	0
249	0
0	0
0	0
610	3839
0	520
148	3843
3	0
98	0
528	186
0	186
0	186
0	186
0	65
26	0
4	60
0	0
0	60
7	1
0	0
0	0
10183	6
106	1741
5	1741
11	9
25	9
277	30
2	30
46	176
68	11
0	176
0	51
0	809
165	809
252	0
288	0
0	0
0	0
0	0
0	0
38	0
758	1
0	0
0	0
0	1
8	795
0	496
42	2277
24	2136
365	2
372	29
0	28
0	938
0	137
0	517
0	0
0	0
0	0
52	285
0	33
3218	3
0	0
53882	57
335	544
61	543
320	161
2	161
0	0
0	0
64	7418
181	15615
454	5263
3009	14989
4785	1463
0	1458
28	63
0	63
0	3
0	3
0	3
935	0
3758	6118
0	6140
0	1890
1	0
0	2
0	85
94	403
0	386
70	395
0	403
14	0
0	0
0	0
5820	6
0	0
0	0
2390	0
1393	0
4	0
0	0
0	3
0	3
1722	23938
0	2867
0	22492
0	23811
0	24934
2	5
0	0
0	0
0	5
4289	397
0	396
3	102
0	63
0	119
0	100
28	762
0	72
0	734
32	130
193	130
4	0
5139	4
0	0
0	0
0	0
4762	4
0	0
127	673
126	673
1622	1
1228	4920
0	265
311	338
6	0
2800	304
0	5
109	300
3	37
58	334
0	361
83	163
575	232
6	4
0	0
0	0
0	0
0	25
0	204
9	159
18	41
19	541
0	556
0	0
0	0
0	0
348	0
110	377
0	446
61	597
0	108
0	597
67	69
1130	0
470	749
0	749
87	285
1	214
96	36463
271	37612
5415	35279
94	36432
0	354
72	354
0	100
0	58
53	374
0	406
0	16
9	16
9136	4593
761	3480
9	1267
9	22
3	4579
120	0
116	223
1	223
1216	240
0	92
0	233
368	168
0	168
3	1
0	0
0	1995
0	411
5870	615
11	4378
68	4448
5	4011
109	1988
0	1988
626	3
5	17
0	0
0	13
444	0
0	0
2	15
0	15
38	55
0	469
223	1796
7	1796
1158	1
0	0
0	0
0	0
0	9687
176	1560
6	543
0	3096
624	9664
0	6
0	6
0	254
0	3543
100	4684
0	962
0	0
0	12708
16	7062
199	12659
3837	98
163	0
5	0
724	6664
0	2159
0	1401
0	1090
28	6307
0	0
0	0
0	0
0	0
21	0
54	1
616	1335
4	1418
0	397
15	397
766	6
195	24
1	0
618	0
452	326
0	326
0	169
11	236
22383	19601
10	2583
0	1723
0	18649
0	0
65	64
309	0
26	0
10	34
161	0
0	4
0	4
0	4
0	4
0	4
3	4
8	4
5	303
14	303
347	28
1	0
0	28
3784	3
752	156
0	156
6799	3
257	339
5	339
96	2605
0	346
0	2231
0	2629
156	68
0	68
0	18
14	18
244	0
0	4610
0	4532
0	4517
0	4496
59	4453
0	3892
0	4580
23	113
281	0
2128	47
0	47
0	43
0	0
0	0
0	238
0	26
228	269
0	269
150	269
161	0
9	0
0	0
0	116
0	117
23	270
7	89
2134	1063
275	967
180	589
3	1
0	55
27	586
0	0
157	0
3963	1925
0	1922
187	17
84	17
77	0
0	5
0	2
0	15
3	17
0	367
0	22
0	545
0	553
0	0
0	0
1	68
15	20
103	66
225	2
78	15
0	15
5	19
547	0
73	22
0	8
0	14
3	0
0	0
18	0
0	2
902	0
53	0
0	24
0	0
595	177
0	0
0	0
23	38
0	7
0	1148
0	92
0	32
5	1142
14	706
0	209
0	215
0	219
0	203
24	146
15	41
227	5
0	0
0	0
46	106
1	106
0	10
27	17
39	370
1	69
0	114
135	1090
0	897
8	332
39	0
0	0
38	53
1	255
929	255
0	0
0	0
0	0
42	101
0	13
0	90
867	230
0	230
7	0
0	0
0	11
0	0
287	30
0	30
2	605
331	656
173	9314
58	3499
211	781
11	9313
36	0
10	0
12	0
6	3
2528	0
20	80
0	80
407	407
4751	4
0	270
1958	1087
38	144
0	11
1030	119
0	119
9	47
250	296
0	0
0	296
1767	1819
3	1816
142	0
0	10
0	10
426	1072
0	1072
521	4789
122	4789
0	2680
352	3524
0	3917
0	1245
178	1962
0	1962
5	0
0	3
459	142
5842	13912
0	9
0	9
0	25
0	33
0	59
0	0
0	11
0	51
0	59
0	59
506	166
0	166
139	0
227	0
8	0
23	0
964	0
0	0
95	56
0	48
22	0
103	202
102	184
0	131
0	172
16	1616
0	269
67	1616
0	498
9	545
505	2119
0	1528
147	0
8	129
0	11
0	111
0	129
0	6
0	6
6936	1
2047	71
0	71
2420	1152
59	1150
14	0
345	0
0	0
0	0
0	0
0	0
0	1
0	1
0	1
0	1
0	0
0	0
0	0
0	0
0	439
42	439
0	0
81	1769
57	1769
86	914
932	607
11	0
1589	2153
27	622
0	801
9	928
0	687
0	1016
0	1032
23	0
0	0
99	23
5	2
0	22
3	3
4	9
0	0
2	163
0	65
9	89
33	990
0	1091
0	120
0	366
9	272
0	1339
0	204
0	439
142	1391
0	6
1	2
0	6
5	163
211	951
214	2661
0	41
0	103
7	1974
0	2518
11	17
0	4
2613	260
0	257
0	352
0	484
0	94
0	88
0	202
12	453
554	404
0	110
0	1008
0	6
63	1012
2	958
0	927
0	43
0	5
242	89
0	80
1	0
0	0
393	1649
2	303
0	1290
179	56
1770	36
0	35
1458	0
0	10
0	10
0	3
5519	0
304	3
9	0
42	11
0	11
2769	1
4159	4
95	0
0	0
0	0
0	0
0	0
0	0
0	3
0	3
0	3
0	3
0	3
0	24
5	24
0	0
3070	2430
0	2429
0	433
5966	437
0	348
1458	349
0	2
0	0
3925	2
83	0
0	5
0	5
0	5
261	0
202	257
8	257
205	2170
3	2170
15	714
17	714
13	0
306	103
4	103
0	0
489	27
0	27
0	0
0	0
3	0
66	0
0	1992
86	2037
805	3
681	0
1	13
17	187
0	200
34	50
2018	2
1624	14942
0	2616
0	1742
565	2
0	0
2563	636
0	636
0	36
169	39
0	0
0	110
389	154
0	151
148	157
3537	166
47	3541
924	6022
391	3447
2745	9841
0	248
505	218
164	465
0	26
30	26
8	53
1	53
5	0
195	1038
7	3478
55	3393
546	1606
41	1606
134	0
0	692
194	692
0	0
104	2
0	0
0	212
0	15
4	107
0	40
0	137
2	402
29	401
1778	0
0	0
3	454
1457	3099
2	3396
0	0
0	0
50	335
0	462
70	3451
292	3447
641	12739
0	2588
0	10178
0	1582
1	12530
1	0
8	21
5	0
0	0
0	0
0	0
0	0
0	0
0	0
0	0
0	0
0	0
0	0
0	0
0	0
0	0
0	0
0	0
0	0
0	0
0	0
0	0
0	0
559	0
3361	1146
3	1142
0	166
290	166
19	0
15	0
0	0
13	20
0	3
0	14
0	44
3	44
4100	9430
5	9430
56	1763
0	1763
112	668
0	739
5414	115
0	111
21	0
0	3
190	3
680	1152
102	604
0	190
94	190
1628	1797
0	1641
0	600
3769	4957
235	0
1086	3
20	379
396	379
270	817
0	65
0	0
0	101
0	19
0	8
0	104
0	93
0	101
148	0
8	10
1948	14
0	12
0	0
486	0
1111	613
3	0
0	613
828	89
0	37
0	50
9290	3999
0	2047
0	1946
0	49
0	49
288	0
0	23
338	23
54	168
77	168
169	0
1871	0
17	112
0	112
7971	8
2946	6
0	1
0	487
8	487
3	4
551	0
7	0
480	216
0	672
26	672
57	1
0	0
0	0
0	0
0	291
0	553
0	570
6	0
10	196
66	196
38	213
189	333
0	120
35	43
852	1
0	0
0	0
0	0
0	205
0	237
68	0
0	578
0	613
3	570
0	97
141	158
43	158
2676	842
0	842
649	3588
967	3589
380	1608
0	1608
11	10
280	965
137	1191
103	136
0	83
472	3901
4995	2079
1462	8358
304	2
1	0
0	0
0	0
0	716
60	716
1574	700
0	700
98	850
0	103
111	169
0	916
0	17
0	907
8	148
485	1271
314	0
4	126
203	3
3	0
53	193
0	193
2	74
338	78
0	373
0	194
206	856
0	0
0	1035
1357	3
0	52
0	602
0	668
5	672
3118	6085
6	1068
0	5749
0	3486
22	3570
11	3565
419	0
647	2
1	79
0	79
4	0
831	0
0	0
0	0
0	75
2	82
0	82
0	1098
814	1098
1	18
7	0
1635	131
0	131
1502	352
0	11
4030	2
2	3868
0	137
9	3510
1401	0
4062	4
0	0
0	0
0	0
0	0
0	0
0	0
0	0
0	5
2	18
12	18
12	0
726	460
0	453
0	363
0	8
0	8
41	414
0	406
0	0
0	0
0	0
0	0
3672	4
157	14823
0	8065
5	749
0	13319
4	165
0	29
0	165
768	1
71	3051
180	3017
4	2055
0	421
2202	1807
435	1667
0	1948
0	0
0	0
7630	4047
0	4035
0	0
0	0
9	601
0	574
0	601
414	560
0	492
5	91
73	39
0	37
0	27
0	15
0	27
171	14700
282	13534
31	13407
3	6599
12	11416
5	11375
439	367
35	675
0	519
170	635
0	0
0	1209
31	1422
0	1422
7	1422
17	11
0	11
0	249
0	237
873	1770
0	1737
0	2
3	112
1	831
3	498
51	2347
89	2323
116	3594
0	5426
3961	5445
298	160
0	160
10	6
0	6
929	336
0	168
307	1287
191	828
4203	3008
0	3002
0	0
0	0
0	0
0	0
0	0
0	0
12	0
4	0
40	0
55	15
0	0
0	0
21	7111
11701	33124
0	33108
2	63
38	106
0	88
224	182
0	49
2	102
0	31
2	25
0	81
209	81
0	9
35	8
73	693
455	763
3	8
2	167
12	767
0	687
0	45
0	266
115	266
130	182
0	182
104	92
4	92
21	1
4	2202
4	2212
0	16
9	91
0	0
0	0
19	292
95	292
0	241
81	387
0	157
488	0
0	943
829	969
222	18
6	18
0	0
0	23
5	23
0	0
0	0
8	1869
92	1869
0	86
10	86
0	1
42	1
14588	2330
52	88
0	1
0	1
0	1
10201	13
331	1580
0	1546
0	1580
0	1571
43	141
0	0
0	12
6	12
0	12
8	19
5430	9
16	88
0	61
0	11
0	11
0	0
52	73
0	73
0	128
0	128
0	0
0	0
0	0
12	102
0	3
160	208
0	0
0	0
0	0
0	0
27	0
0	493
0	378
0	1141
0	1256
2952	1
497	0
68	1966
24	1966
46	2431
0	2434
0	2434
1137	1
385	385
22	397
699	0
146	0
64	164
0	448
91	668
88	539
12	91
11	22
0	22
0	991
697	1371
0	899
0	681
0	581
0	2307
185	3264
0	2447
71	0
36	0
5	4
0	4
10	1841
1327	1841
8	141
0	15
10	141
0	0
0	0
0	0
972	0
310	684
0	175
0	52
0	585
0	16
632	3647
42	292
4	452
37	3308
114	3501
1	2
0	2
104	3752
18	3752
0	3752
3	0
84	757
0	755
787	4
68	0
322	12
1073	1728
0	0
0	0
0	0
0	0
0	13
4	210
0	212
0	199
0	448
0	291
0	101
510	450
58	720
0	720
36	924
4862	1
6663	3476
404	106
15	139
0	157
0	163
5363	374
16	2085
0	2085
0	2
2719	9
0	0
0	0
1	0
30	1222
0	667
90	1733
0	383
28	1873
0	64
0	64
57	2347
0	2347
20	125
0	1379
0	79
234	104
0	106
0	85
0	51
4	23
0	32
0	41
2	22
0	39
0	51
0	41
0	62
0	96
0	25
14	52
5	96
0	52
0	117
0	62
21	424
780	1568
0	1568
25	172
55	177
0	0
10	733
6	202
1	535
1	128
0	96
263	433
5728	435
3	3
834	1218
59	1218
0	0
0	0
241	54
0	54
6	56
315	326
0	148
0	250
222	2281
15	2281
350	0
1591	455
171	454
0	0
0	0
44	20
5	0
1	0
1937	2
0	295
0	249
86	207
17	1293
18	1156
0	0
16	0
1692	3
265	277
878	0
0	55
0	8
55	128
34	138
0	94
10	157
0	2201
0	291
0	2451
564	85
0	2416
73	0
46	0
87	4880
1815	4880
406	0
0	4520
13	1355
0	408
0	184
179	4528
0	571
0	866
54	866
468	8443
120	8442
0	0
19	15
0	15
0	0
0	0
0	0
0	0
3378	0
28	110
0	53
119	2
0	0
0	0
0	0
0	0
0	42
0	39
0	132
70	174
2667	71
0	71
0	0
0	0
0	64
430	64
0	188
0	9
0	862
0	904
0	928
4	1
0	1
0	140
4	1319
0	2372
80	2357
2354	101
6	1178
0	1178
114	0
0	279
1	289
1044	3453
12	3158
14	0
444	0
0	0
0	0
0	0
2	0
58	0
0	0
890	0
0	9
4	4
0	3
3	10
48	136
0	31
23	54
27	4
0	4
0	5
239	32
0	32
129	207
2573	469
259	464
270	104
59	35
0	1
0	34
1662	5273
0	1009
78	5273
78	178
0	36
327	0
132	507
0	507
1708	1091
0	1120
0	275
0	275
3313	1637
17	1630
0	275
0	250
247	835
2	311
13	31
0	0
0	0
16	444
197	445
569	828
0	595
0	711
113	345
0	345
5	14
0	0
0	14
3	507
0	112
1	47
0	112
0	3
0	3
8	0
0	1253
2	1065
1	871
172	325
0	302
0	328
4714	5
447	842
43	276
837	2911
180	2910
0	1824
1	1753
0	1824
241	51
0	50
9	65299
0	16071
360	70043
809	3162
0	1435
0	2840
223	62
0	62
484	863
0	863
49	0
109	74
0	19
1092	0
7	291
0	291
1042	276
0	276
748	4696
59	4696
0	22
0	22
9	259
16	259
118	0
942	1518
0	1463
0	1404
0	1441
0	1493
0	71
9	71
0	0
126	0
553	86
0	17
3	0
893	10
0	10
0	8
0	8
0	0
1454	0
0	0
2361	1799
0	1100
4663	7
0	0
0	78
0	13
543	89
4	0
50	111
0	95
176	1
0	0
0	0
0	0
64	0
0	0
243	1281
80	103
0	124
0	1223
0	0
0	0
0	0
0	0
7	0
402	0
148	288
9	288
29	887
19	887
0	126
6	131
1	5
0	3
340	0
1	836
105	836
1215	361
37	361
5	24
0	7
0	8
0	16
6	111
73	249
164	1326
0	1246
3634	2790
24	2777
0	693
0	0
0	44
22	2
13	2
0	9
32	3939
6	27
0	0
1	3939
7799	10
826	769
73	1271
13	1506
0	319
90	750
0	750
847	0
0	18
20	18
6	4074
0	2344
17761	9271
0	2312
13	0
1	257
37	257
242	1564
0	1425
0	1064
325	1878
0	1758
0	1717
0	201
0	0
0	2791
794	2791
0	58
0	793
0	616
0	41
0	37
78	37
4642	4
3	0
0	16
2710	1793
0	1792
3	0
0	0
1	952
400	1643
0	710
5	644
228	8
112	0
190	410
0	155
18	247
0	240
0	226
0	247
0	56
0	34
0	15
4	392
0	160
0	392
37	0
140	0
580	3
0	4
0	4
171	73
0	73
767	0
264	4371
4	4371
7	3960
0	524
8106	2273
0	1959
0	544
323	739
116	739
3469	150
0	145
0	0
0	13
0	15
1	49
0	9
19	55
0	12
6	12
16	673
6236	1687
14	1685
514	2668
56	1072
40	3844
0	0
0	0
48	75
0	75
0	426
0	55
4	287
0	152
211	154
294	593
1412	996
0	4
30	28
0	12
0	12
0	0
1	16
231	2745
69	4365
50	2131
0	4545
0	6
817	2118
120	2118
60	45
4	73
0	4326
49	4326
787	1
78	20
0	0
461	78
0	78
15	64
0	3
14	19
0	19
0	0
0	0
1	0
0	207
28	304
223	2915
3	686
0	420
0	408
10	2759
0	0
635	1859
1762	12357
75037	12415
254	2029
0	1556
0	0
0	0
0	0
0	540
0	130
1195	0
0	68
1515	527
14	465
0	331
0	0
32	23
3952	0
0	0
55	0
19	251
750	527
63	526
69	8
627	64
76	2442
4	2441
61	47
0	63
0	219
334	219
0	70
0	66
0	57
26	75
0	4
0	9
0	9
264	127
0	127
20	0
228	1608
0	1491
77	1580
31	329
313	334
0	0
59	237
2	2060
20	84
0	2503
0	2471
0	2055
0	2180
4320	2254
0	2261
0	2220
0	639
4	0
39	0
61	16
0	16
1276	641
0	0
0	0
175	0
2	0
0	0
0	0
251	210
0	29
0	0
21	1
2392	4572
0	4572
3208	0
53	45
2278	7
0	351
0	361
2	152
11	60
7	70
8	228
0	92
184	361
0	240
0	472
0	345
649	467
716	704
0	5
0	5
0	5
0	0
35	237
0	107
3006	2
116	0
0	0
10	0
0	0
0	848
0	418
297	850
1755	3
0	0
273	0
284	0
0	0
114	424
289	424
0	223
62	223
12554	9
203	134
0	11
0	134
0	104
59	9883
0	2184
2	3027
136	8637
157	0
0	4
0	9
0	9
7	5
110	0
165	170
6	1570
415	7659
33	7662
0	25
689	2
5	31
0	210
840	258
62	0
47	4954
0	807
23	4713
86	3605
87	8798
5044	511
0	505
0	6
0	0
0	6
0	6
0	6
103	421
1	30
0	421
126	0
1	53
0	53
0	17
216	314
0	310
601	0
1006	5402
0	5402
290	104
0	104
0	6
0	0
0	0
2544	916
26	914
0	0
7	128
0	467
0	75
0	149
0	467
53	364
444	0
894	618
73	618
9	12372
0	11182
0	7703
2269	1
263	193
0	179
0	71
0	32
13	66
13	4
152	300
0	300
0	978
323	1217
0	1059
0	0
399	4834
0	7402
21	3504
27	5082
971	0
19	1
0	1
0	4
1	0
0	411
0	12
697	4
3	452
0	39
0	132
31	946
0	135
46	765
23	235
0	235
2281	0
2003	45
0	45
0	0
628	3227
0	350
630	3227
0	133
0	12
549	221
0	202
480	0
4	27
0	0
1136	0
163	0
0	167
508	351
0	47
2	304
144	0
296	1000
0	0
0	1000
16313	7664
128	104
0	104
157	0
0	13
10	13
0	428
0	39
0	918
103	1346
0	5
0	1
0	1
0	5
0	1
0	0
10	2
0	2
1115	1417
0	854
360	305
0	0
0	0
0	42
0	5
0	65
0	0
58	0
163	1820
0	702
0	1813
0	389
931	3425
0	722
8	3225
130	0
5363	4
73	198
0	3018
9	1079
0	51
0	3013
12	2804
446	0
16118	4252
0	4239
495	3
1	0
0	0
134	172
0	75
0	138
0	22
0	1
9	1
304	0
39	0
112	3745
22	3745
0	27
374	287
402	0
0	13
50	76
837	1358
155	1433
126	0
60	0
0	914
164	914
1	14
1459	12991
42	193
9	12947
34	12494
2	12717
85	263
10	263
0	0
228	12
0	8
0	70
0	53
0	84
0	93
0	564
0	577
0	0
2	0
11	72
0	72
13	0
7	13
273	25
0	17
0	17
0	36
149	41
1319	0
2	0
5	0
2	0
0	5841
169	6217
0	65
0	95
2	99
37	97
11	443
10	345
20	94
0	365
0	0
42	0
24	230
0	231
319	0
0	0
56	175
26	173
1	0
13	0
173	0
40	18
0	60
0	156
1618	635
0	2
0	0
0	0
408	0
0	0
0	0
12	394
25	422
1119	1371
17890	1382
3	25
0	0
0	25
0	145
0	120
0	0
146	162
459	607
0	607
0	922
19	922
0	3669
43	526
0	446
3	446
0	3756
2551	5620
18	5620
1757	801
600	802
0	0
0	0
0	1
0	1
0	0
0	1
426	0
397	2
2	60
2	59
3024	1
11318	16
0	0
0	0
6608	4
3853	4
0	37
0	69
0	69
15	880
0	590
0	632
0	57
0	218
0	0
0	0
846	0
0	0
0	0
1	59
0	41
103	65
0	0
0	5
138	5
3475	4918
0	870
6	509
1860	0
524	0
3	35
12	11
0	28
15	387
2	75
0	338
182	1589
0	1589
214	161
0	145
0	0
0	0
8	31
0	25
0	19
0	26
123	1
45	95
7	89
5	97
239	0
191	82
107	207
10	207
20	14
0	14
112	953
2	1429
0	1204
7	258
418	1833
43	1530
641	0
317	410
0	198
473	0
0	27
0	1
3	2108
0	2108
14	2108
5	2097
0	2108
0	2109
372	196
0	189
0	196
0	0
0	45
0	2
0	39
0	8
3243	7
0	17
5	17
7	2902
18837	2913
4	83
0	99
0	76
0	5
341	162
21	157
0	17
152	17
0	0
0	71
6	75
0	5
0	0
0	459
0	128
0	136
10	318
0	0
58	0
44	375
0	375
364	0
26	375
116	375
83	43
13024	2966
0	2959
0	39
312	39
0	5
0	16
2	176
0	154
0	162
33	18
0	18
0	0
0	0
0	0
0	0
0	0
0	0
521	0
86	176
0	0
18	257
0	70
0	14
0	82
0	17
0	86
0	5
8	5
225	0
21	17
0	17
750	3797
125	3797
88	0
101	31
919	2
241	1007
16	967
14	1018
1827	8
0	0
3460	551
0	268
204	1666
1	1667
25	0
63	499
0	292
18	498
24	0
2552	3
5	0
73	8
31	8
0	607
63	4219
98	4219
0	218
21	943
0	943
44	769
0	419
0	257
930	843
167	58
0	58
1	5
0	318
0	271
4	332
0	0
0	0
2133	3251
0	378
150	1697
0	1700
0	1571
4499	999
52	1061
11	185
0	185
0	179
0	183
1725	689
0	93
103	515
0	183
25	1088
11	13
42	10
0	13
1	6
0	6
58	57
21	57
827	0
0	55
79	92
3	90
8	56
2	16
0	1
0	0
0	0
3	0
2	0
104	0
12	386
0	386
0	367
50	16
1703	2222
0	2198
0	2235
575	1
2762	3
42	0
23	0
0	46
114	46
1018	0
0	10
0	0
0	10
0	5
175	12
484	922
26	921
1	324
0	324
43	72
0	71
0	1
0	3441
2	877
7	729
24	455
269	5044
0	3218
3742	0
617	20
0	20
37	68
2940	1807
136	429
4	1857
0	5
0	11
0	24
626	24
27	0
217	218
194	0
7	4
0	4
0	3
0	0
0	0
0	0
22	0
49	0
15	0
0	24
0	146
449	281
0	94
0	208
8529	8
118	1210
0	864
6	1245
75	0
1	143
0	96
0	0
0	13
0	0
0	6
0	13
1	13
0	13
6	887
1387	881
1698	2542
1	2538
0	1109
373	1016
0	823
0	0
0	0
36	99
0	405
140	375
0	99
100	780
0	7
0	5
384	692
0	35
0	36
53	1463
0	1486
2093	4
154	0
0	37
50	354
0	198
0	240
0	322
0	225
623	1483
0	1483
159	233
0	233
371	930
1584	4
396	1
0	0
4	0
3	0
0	754
0	250
9	753
0	85
0	549
82	3709
0	3372
0	3549
4	3528
142	20
0	20
367	1154
0	1154
1984	0
94	0
57	1709
0	169
0	1576
73	1540
1570	1
1378	0
19	146
0	146
42	130
0	17
5	22
5	0
0	0
0	0
127	284
0	241
0	0
58	216
9799	2
0	0
0	0
0	0
0	0
4	78
0	120
0	120
588	668
11	667
0	0
0	165
2	54
60	100
4	175
4064	268
58	178
0	220
0	4
6	320
33	6275
0	6057
1028	2349
34	2349
17	1109
0	301
0	1109
1	26
0	26
0	2
1046	340
0	340
234	0
5809	7
6525	3
29	0
0	0
0	0
0	0
0	0
466	136
129	0
1718	106
0	112
144	112
36	724
519	724
1	0
73	80
7	80
0	0
0	0
202	509
0	509
3	805
9	776
0	276
2	55
0	33
0	2
0	43
0	29
590	9890
0	8987
256	5047
1	4803
0	3301
0	5060
4654	2
195	0
1	0
5	0
47	0
353	0
0	0
0	0
12	75
15	75
11376	3
592	3046
58	3046
9	10
0	10
444	0
30	0
0	0
82	170
0	170
0	0
125	209
752	210
128	6
23	3
0	0
0	3
20	0
0	750
0	623
0	312
269	883
0	883
167	793
20	0
1376	3
928	2
0	0
0	0
1413	1
0	220
43	3066
90	3068
34	69
0	2
0	67
0	5
0	0
0	5
0	283
40	280
0	0
0	0
0	0
7	0
26	0
0	0
0	3
0	3
0	849
356	979
3	600
1987	3
2271	2327
0	2327
2381	262
48	262
262	0
1	13087
48047	32522
0	22379
4	9
0	9
1235	2
0	135
59	135
2160	1763
55	1761
3775	988
0	988
0	0
180	0
586	3
1	8
0	8
34	244
635	985
0	908
0	908
0	1122
0	31
5165	3957
9129	3977
245	0
850	1475
13	706
0	1470
0	107
8	585
0	212
0	191
7	541
0	256
0	479
1187	2883
0	2562
1	2780
0	1752
0	2393
39	2769
9557	6
5	25
1253	0
0	1
531	0
180	122
0	28
0	90
36	2871
0	431
64	4653
0	4612
1302	2
0	2
47	0
2323	538
0	537
428	7218
1252	7218
3320	1
259	4
3499	3
0	343
0	321
0	321
0	508
41	566
0	104
3	554
8	559
336	8366
7870	8366
3591	1387
0	886
3	440
0	0
43	28
0	28
16	95
0	0
0	0
0	0
27	14
0	14
0	0
2589	3368
11	2750
3	2138
0	1792
4634	964
2	513
0	449
19	51
0	22
0	28
0	51
0	0
21	324
13	86
0	35
27	238
0	201
23	260
38	318
0	318
124	0
22	710
21	710
9998	14
0	34
0	51
0	74
147	146
0	0
1480	2406
0	2406
0	2406
1001	0
3593	9
27	0
32	211
3	75
0	188
0	6
8	2
0	381
0	30
138	692
20	603
8033	8
0	143
218	381
9051	1655
0	9
0	651
0	712
0	614
0	138
0	76
787	886
0	732
0	0
669	672
209	661
3	173
1	800
3752	3
3	4
3	4
6583	2359
0	1466
0	458
2	183
0	702
108	122
21	7
0	0
0	7
805	0
110	696
9	572
0	370
0	104
0	102
0	94
0	24
0	56
1	85
0	85
0	68
0	2
2685	2014
135	2014
0	2821
0	2821
0	2825
687	2837
0	10
0	0
0	5
0	5
36	10
0	2
0	2
106	53
0	53
136	346
0	346
3	2286
0	1021
10	2347
0	3
0	0
0	3
60	148
0	148
0	0
9	211
0	199
0	211
0	223
0	29
42	29
548	493
183	126
0	126
631	0
0	967
0	718
294	967
32	790
0	7
0	7
0	7
42	124
0	326
0	278
0	199
253	719
51	1535
42	83
2764	1542
2259	380
0	332
0	43
227	0
0	397
79	397
0	30
2	30
35	33
2399	5
0	0
263	0
523	0
239	1126
13	338
0	267
37	815
0	837
0	0
0	0
1495	646
0	1211
995	1817
327	784
0	784
2046	0
0	0
0	0
0	0
287	0
0	34
9	40
2799	165
2	162
9	24
1	632
0	4
29	689
0	16
0	17
1	17
0	76
0	2
0	74
1951	957
0	950
255	213
28	213
0	0
0	4
0	4
2	0
0	0
0	0
5	0
0	0
61	0
0	0
0	15
0	29
0	7
30	29
1276	2591
1	1884
581	0
0	1
5	1
5152	8
0	19
1617	190
24	0
6453	21
0	10
4	74
21	74
4	28
2	7
1	7
60	0
0	97
309	488
0	488
1	0
4000	2892
0	1845
368	2558
0	140
29	140
0	141
0	79
0	181
0	589
15	33
108	589
32	62
0	2
0	60
61	58
0	58
2	383
0	355
8	0
1989	4
215	1
0	434
1	473
0	36
3026	1
0	0
0	10
18	59
0	0
1	14
0	14
6	0
0	1268
604	1343
0	1310
26	442
0	442
910	1833
112	624
699	1428
4701	4953
0	4945
1557	4723
4	3835
855	0
5	90
0	14
0	28
0	46
0	50
0	45
0	9
0	11
0	56
1	2606
227	2606
172	1122
24	629
6	57
135	1309
22	487
199	488
0	0
0	0
0	0
99	0
0	0
0	0
439	0
0	437
70	437
0	29
2428	1996
0	214
0	2011
0	0
0	0
371	0
9051	6
0	16
799	0
218	2
798	0
196	226
0	8
0	218
282	16724
0	2517
0	2702
43	16270
996	16166
0	12138
0	11964
0	12987
1	13161
0	58
0	154
0	833
21	708
0	742
0	0
0	0
206	380
94	54
0	352
15	871
3881	872
215	1875
613	1875
1118	0
0	14
43	14
5	14
1200	14
0	926
0	297
0	926
0	0
0	2084
716	2084
0	5
9	57
0	57
0	0
0	0
0	0
249	712
0	712
563	0
630	88
1467	0
0	206
0	6
0	14
10	204
179	327
12	330
414	770
0	770
0	31
0	108
0	93
0	258
0	146
38	457
12	339
20	242
0	255
0	255
0	0
0	0
0	0
0	0
1	4
1867	4
793	0
0	0
331	59
1607	2
0	0
0	0
0	0
20	1227
0	8
1	1227
288	319
6	215
0	40
0	213
0	36
0	274
7	285
0	253
0	231
0	263
6784	1
918	690
0	689
4	0
1	0
0	1
11	13
0	0
0	14
18	12
0	12
0	12
264	274
0	274
308	0
7	703
17	710
0	741
0	708
277	747
606	1245
3	5
0	5
16	1257
1	48
0	8
3	252
0	21
0	5
0	65
0	233
24	0
3918	5
18	0
8	0
3	655
17	655
0	389
14	201
0	65
0	847
5	677
5483	1
0	786
2	790
0	587
0	790
63	486
0	481
0	332
57	590
0	92
14	1
0	590
1652	1
0	0
15	2631
433	2633
552	18
0	18
14	3
0	3
0	0
51	0
357	1453
0	1040
0	1294
166	0
77	854
0	723
0	245
0	407
0	254
427	281
0	250
3	250
102	228
0	228
0	5
0	5
16	41
0	1293
299	1293
38	161
0	847
1516	2
0	103
6	2
9	103
2467	2
5795	3
0	285
0	79
0	49
0	285
12	268
0	277
17	313
1	313
0	45
0	28
96	50
2864	9
5	153
3	153
27	0
1018	1294
0	1292
4	0
0	0
188	0
0	0
0	0
29	623
0	87
0	107
0	36
31	624
0	623
208	78
0	93
0	70
4	0
0	0
0	0
2433	0
600	3357
4899	3357
0	2927
450	0
0	0
0	0
1	0
25	5
480	1530
947	1537
0	0
0	7
613	1541
97	1541
0	108
0	151
504	152
908	568
237	2
0	0
0	0
3	10
0	18
230	28
34	390
0	0
532	390
92	51
0	26
0	25
720	223
0	219
450	202
0	137
0	65
276	0
337	32
0	32
4197	11
57	107
0	38
0	36
426	0
0	883
0	779
25	410
0	765
371	697
0	697
233	315
20	315
44	131
0	52
3	277
0	58
0	2258
0	2214
0	0
202	0
0	0
0	0
455	736
7	11
0	736
33	736
213	2
238	252
0	252
2	151
4	938
0	938
0	0
35	0
0	0
0	0
609	1
27	1006
0	866
0	669
0	0
0	0
0	15
1	15
11	23
0	23
0	0
246	0
1092	1752
0	2
0	2
110	0
1	69
367	69
0	47
98	245
2103	2035
0	1589
7	365
27	480
0	1531
106	1830
284	0
6	0
0	0
781	0
93	16
0	16
0	12
13	12
0	12
111	8
16	19
24	414
3122	415
0	18
0	13
493	0
842	4982
0	4982
0	4
113	167
2	167
1031	572
47	572
2317	1
0	20
105	20
367	586
0	196
5	355
0	423
0	17
0	15
3	723
0	723
0	0
0	14
0	14
674	342
0	342
0	342
0	0
730	333
0	333
0	33
1445	456
46	492
0	492
505	376
0	376
0	18
0	216
0	216
2	81
1377	6125
263	1288
62	63
0	2
0	2
0	0
64	1499
5	1499
72	308
106	64
0	35
5	234
0	256
0	185
0	0
0	0
0	673
0	766
0	2163
0	2874
0	2515
30	2797
0	0
0	0
2	22
0	22
27	5
0	5
31	74
3	74
3	0
348	0
0	18
12	45
7	45
0	3
1272	2360
710	2361
0	2357
0	0
0	3
0	3
0	0
0	0
630	7455
0	7588
0	7447
0	7807
787	646
9	646
0	0
0	473
0	465
0	357
0	0
0	0
0	1
23	1
0	77
0	77
0	67
0	49
0	39
39	231
0	75
23	231
0	15240
28336	15252
0	181
49	901
21	901
1225	0
500	0
5415	15
171	9
0	0
63289	10908
468	0
1	0
0	1581
0	1566
0	20
0	0
0	785
6	743
0	733
0	789
0	804
334	656
0	656
2308	1
623	546
599	551
140	0
872	0
585	43
0	42
303	491
5	491
0	54
197	54
92	164
156	202
0	0
0	8900
199	8900
202	8706
2475	1555
1	306
0	1555
178	17
17	0
3692	1969
29136	26
65	2330
436	2330
9	19
0	1070
608	1288
14780	4454
0	53
11	4425
24	29
0	29
743	339
0	325
7	212
4	179
0	0
0	0
0	0
40	0
92	0
0	48
0	26
13	332
2	89
15	324
0	115
4	105
0	124
4	476
9	485
1	319
1606	319
20	34
0	34
0	17
1730	3384
34	0
0	0
0	0
0	303
0	57
0	132
0	0
0	0
190	2923
0	1273
240	3228
0	0
0	0
267234	55440
7802	11
0	7
17	7
0	0
1213	0
0	0
3	0
5	3846
40829	3880
0	95
146	98
0	0
0	2135
378	2135
0	0
0	0
1022	241
0	241
27	0
345	0
50	29
0	40
2	12
13	113
0	113
1889	6
0	10
0	7
3658	691
2299	0
208	85
5469	0
0	2176
1595	2177
0	0
0	510
0	858
123	1332
55	0
0	0
0	0
0	0
0	0
0	0
186	714
0	0
0	0
25	0
5	987
103	1338
145	1339
0	331
0	648
683	931
12	3725
3	145
0	3635
23	514
53	3636
0	0
0	0
0	0
0	0
112	3190
24	3190
660	410
0	406
57	177
2	9
0	9
6	54
0	13
864	1142
3	198
1	177
293	177
50066	73
1822	94
0	68
0	22
0	9
0	9
0	23
0	9
196	23
705	9500
43	9582
0	9582
0	0
0	0
1291	0
0	83
218	83
0	2
0	0
0	4968
41	4921
42	4913
0	3153
0	5032
5	4985
13412	6900
0	6880
138	213
0	0
35	48
0	471
12	471
1911	3060
2	3057
0	7
17	45
0	0
0	0
0	0
1890	12
0	6
0	2
0	6
0	0
0	9
0	9
0	0
374	144
0	144
0	95
8207	76
46	75
2	0
793	0
0	10
42	15
0	15
0	280
98	280
1127	0
0	0
0	229
4	2048
0	2048
16	76
270	2
0	6
10737	943
0	940
0	940
51	940
0	462
85	758
719	1749
0	1094
0	1166
279	0
0	0
1731	0
5	0
21	13
0	13
782	0
627	2956
32	2955
0	1302
3595	9
101	236
26	451
583	451
1234	3
0	0
13	0
10	106
1	106
302	1339
636	1339
4	2136
3941	4794
0	2715
0	624
490	0
9	14
0	45
20	81
0	32
0	30
0	30
0	30
0	42
2	0
0	1
2209	307
0	201
0	39
0	61
57	21
0	21
24	1
2	0
77	79
0	79
222	1229
0	1839
14	1780
9865	10
851	0
6841	4070
21	0
108	0
0	1
19	322
1510	0
0	479
195	479
3761	0
0	0
0	0
795	0
30939	49
418	2122
0	2122
7	2019
776	752
0	238
14	0
0	2
7	2430
92	2430
0	0
0	0
26467	29
6	1179
0	466
0	166
4	1131
35	1077
0	1077
5437	3433
318	3432
763	0
0	0
0	4
11	4
0	868
1242	868
3	3
0	0
1065	959
2129	1878
0	1815
105	1815
0	0
0	0
178	671
0	671
0	0
0	15
1	15
0	15
4060	87
0	84
0	2
0	2
196	1960
0	1880
31	1781
0	1
0	1
0	0
0	0
0	0
0	626
0	146
300	0
457	1217
73	0
250	222
88	8
0	8
0	0
1677	0
2710	1308
2	1305
148	282
0	282
3	3
0	0
0	0
525	198
0	198
0	9
40	9
0	0
0	11802
10	14564
2	14768
5	15190
4	4332
4442	20463
4	12
0	12
49	1154
13	1154
0	0
0	0
8	0
0	0
55	0
49	410
71	410
4	86
49	111
3285	3
14	4367
0	1802
502	4148
12	67
5	13
0	67
3201	674
1191	674
4	0
222	2925
2	842
0	2925
1065	377
0	376
1164	0
293	0
382	335
147	93
27	346
2	347
0	1
1056	1241
1363	1240
602	399
0	399
1	936
2072	938
2062	287
1315	286
1961	0
1357	0
13	99
0	45
0	42
0	46
0	45
206	169
3	40
0	1
0	6
19	34
6552	1
0	0
0	2
0	5
3	3
33	4
0	4
0	4
577	189
608	0
1	4
0	0
24	4
21	0
0	0
0	0
0	21
24	21
2	0
0	0
29	0
3392	1
0	25
0	25
0	4
251	452
2	178
0	0
0	0
54	269
0	258
5	291
0	0
0	0
0	0
0	451
39	489
1019	0
702	1431
0	1431
0	0
0	0
0	0
26	202
58	202
15	42
0	42
2727	0
565	0
0	1205
0	73
17	1217
0	0
32	0
0	0
0	1
62	17
0	62
0	33
355	62
0	926
2127	927
47	0
5	14
0	666
94	597
32	423
0	5
0	106
6	106
454	0
0	16
0	42
24	0
3611	1611
10	1611
75	42
0	2
118	0
0	25
0	1374
0	153
0	0
4	93
8	1456
0	1402
0	1437
0	1469
0	325
10	969
620	6326
38	6326
0	0
6	15
2	0
22	934
771	934
3242	896
1776	9
6	1
0	0
437	0
87	806
2	54
0	3
1	3
0	0
0	1
111	0
5129	2659
0	2654
54	0
0	0
2	0
99	0
0	455
0	465
1168	583
9	462
518	267
582	247
2	247
28	0
49	382
0	810
0	751
880	1692
0	0
51	9
0	9
0	0
0	0
0	0
10793	4
0	952
3	9
144	953
0	43
724	1374
8	133
2	1403
471	17
198	16
69	202
5	39
0	163
0	82
0	163
0	1673
3738	1674
401	1
274	21
3	21
0	8
121	0
0	0
0	0
369	1
45	0
13	50
0	50
2180	0
149	7
1585	0
1	10119
6	16682
8	12934
192	19335
0	9842
0	7
0	7
0	7
333	140
12150	13
0	15
0	15
18008	30
4	23
0	23
52	269
15	170
171	247
1196	3040
10	3040
89	0
218	2234
58	522
112	2232
10	16
0	583
0	20
8015	584
2528	4
0	0
161	121
0	121
0	121
0	4864
39	4647
94	4711
0	4848
6	48
92	51
0	34
25	129
0	171
39	0
10	4
1162	139
0	7083
2420	7222
0	0
69	577
1	86
60	577
40	4
608	11125
0	6874
91	6852
4	11255
0	561
23	565
0	565
345	663
0	195
580	0
2931	1
22	227
17	17
123	0
1004	49
0	44
13	35
0	145
0	154
0	107
337	107
0	10
66	50
0	50
3295	2197
10	1380
27	1285
0	1143
547	0
6	0
0	83
222	83
18	2
0	2
0	0
4130	391
2096	0
38	25
245	3757
0	88
0	647
0	3241
1	3072
137	1178
16	711
0	177
0	350
0	3017
5	0
3	19
0	19
0	19
0	19
467	0
93	516
0	193
0	1876
12	1876
10	5374
41	5874
22	165
87	165
7115	1645
0	1632
36	0
29	22
0	4
0	4
0	4
92	364
0	364
1583	0
0	0
0	0
0	0
93	74
0	74
23	30
92	30
53472	56
32	1476
0	1476
748	202
0	202
0	57
306	111
0	85
2118	2
0	0
9	1
595	17
3	17
385	950
70	950
448	2
42	82
1	82
331	58
0	58
22	128
0	0
0	0
0	0
0	0
397	908
0	908
5	37
0	0
149	121
2	121
11	0
8	0
46	34
0	33
5	16
8160	9
0	459
0	17
0	126
1	55
0	167
0	61
97	61
337	0
0	0
0	0
0	0
0	0
0	185
0	158
211	115
0	8532
0	8068
14671	8544
36	1232
273	1232
191	0
73	22
0	19
2	18
2	9
45	1494
0	1494
25	91
0	59
49	74
1	0
0	2
8615	0
3655	1156
201	1156
0	0
0	87
0	0
258	98
200	421
0	198
0	102
8	506
0	421
0	0
0	0
0	13
471	13
79	134
18	130
0	134
14	151
2	43
26	14229
597	14229
0	0
2249	2
0	9589
0	4397
0	3517
0	6361
0	8635
16	9825
6265	2144
0	2140
1521	42
0	41
0	2
66	0
4611	2858
136	2857
0	1538
0	285
18849	2364
390	44
0	44
721	2183
0	227
51	216
0	216
23	2180
1	5
0	5
0	0
0	3
0	3
920	492
4	489
1040	0
3373	1175
0	382
335	1172
11	0
11	1909
0	76
1666	1894
3	0
789	0
29	0
29	31
0	15
1654	321
0	774
0	565
0	91
237	91
0	0
0	0
1569	0
760	108
0	0
0	0
8	0
141	5475
2	5475
44	4
4711	3179
5610	6663
0	6660
0	845
199	6835
0	384
84	6835
143	602
1	602
1188	0
94	1374
30	1374
25	0
0	138
0	122
213	223
292	268
0	268
0	75
0	288
238	288
1452	0
3	0
203	0
143	2178
0	2178
0	792
28	792
106	0
6	183
0	0
0	83
0	167
0	2308
0	1069
0	365
0	2852
1	1591
5	3054
0	221
57	221
173	51
0	2
20	39
368	40
250	0
153	170
333	0
0	0
0	0
0	0
0	2
175	3342
61	446
0	3189
1645	1623
160	1622
295	0
419	0
0	52
17	52
5	6
355	2474
11	2474
1427	0
125	4598
4033	4681
120	296
967	0
1514	671
3	22
40	655
1364	0
620	2
0	0
0	0
0	25
0	25
0	0
0	173
1021	5248
1524	5142
0	107
0	0
0	0
4	17
0	17
20	0
616	549
725	282
0	279
0	51
0	21
0	21
0	18
0	10
0	16
0	28
0	11
0	18
107	0
35	32
0	12
190	450
0	191
3	243
0	716
0	591
99	716
0	17
0	0
0	0
586	0
0	0
0	11
31	735
0	119
58	726
28	0
85	0
40	680
7628	263
0	258
0	0
104	4
0	4
1106	1164
0	382
0	1162
0	111
0	111
0	87
59	262
0	111
194	262
724	0
0	9
2	14
0	19
235	0
107	2
0	2
553	0
14184	6353
0	6331
440	1
455	115
0	115
8	0
947	4
40	300
0	274
0	263
1	353
0	120
5	153
2426	1547
0	1274
963	4
172	2969
1	1929
3572	4149
15303	26
0	34
0	22
0	33
0	34
702	8115
818	1003
0	1003
0	0
0	32
90	32
183	0
0	469
591	702
0	92
6	248
0	178
0	0
23	0
3	30
9	5
1739	1407
1110	1
3566	7
2018	149
0	146
20	177
0	2
69	293
4292	603
0	398
5	623
5	131
1	131
0	5
0	14
0	9
1140	3400
0	52
0	3355
63	3437
64	93499
3000	93485
3453	93508
3835	93452
0	0
61	10
243	9
3249	1015
0	1015
0	41
3	79
616	79
4927	3
0	0
0	0
158	0
281	0
349	1
142	330
806	330
0	2618
0	2653
375	4
40	452
0	2664
0	2699
8111	3
55	0
457	0
0	4
0	10
0	0
0	0
0	0
34	13
1186	0
308	152
0	5
1	5
2110	0
592	532
0	267
0	171
188	0
4745	532
30	528
0	11
11539	6204
7	6198
0	6
79	4359
17	4359
26034	29
245	732
0	0
74	731
0	38
78	39
1	59
232	2270
662	2270
671	63
0	63
57	234
146	1028
0	149
0	76
0	5
0	231
130	0
34	13
15	0
0	106
0	182
182	182
5637	8517
0	7655
6	634
0	8110
1	7925
0	12
0	0
0	0
3336	2221
1202	5
10	87
0	87
21	935
15	22471
31913	22478
0	1228
0	733
0	547
0	540
0	540
39	0
780	2631
6	2577
0	1086
81	3030
0	593
13	35
0	9
0	0
85	974
729	919
0	919
230	938
0	938
10	167
0	167
0	23
0	8
12603	4816
0	46
6	0
2339	0
123	856
0	856
5	533
34	9
6	45
0	0
0	45
0	29
0	124
4	16
1	370
175	507
3	5
3	85
526	85
1411	1011
0	93
62	977
0	188
119	148
34	88
0	140
13	31
1287	0
9	200
0	200
385	3537
0	3537
127	162
0	159
0	147
183	1182
0	1
11	431
0	431
0	0
0	0
0	0
0	0
40	8
0	8
54	3448
1617	3449
0	3068
327	2066
92	436
2329	1913
75	473
0	1721
245	3163
0	3163
0	0
0	0
812	3
0	0
0	8
0	8
575	1799
0	115
107	1969
0	344
69	358
0	146
0	190
0	22
11529	9
12	78
0	78
0	378
0	426
0	416
0	100
1357	519
0	471
0	281
2	364
0	232
0	361
14	1
0	294
11	294
200	0
2829	0
25	453
74	483
48	483
7927	2
1698	16
0	14
1	0
1	1028
2906	1266
0	1
0	1987
0	339
843	2326
81	0
656	8
171	0
0	0
0	0
159	0
16	287
6	172
450	211
392	813
0	813
0	110
0	7361
2910	7362
53	156
1	156
0	146
0	30
51	30
41	3
0	38
20	43
16	345
1134	345
7	276
0	276
0	0
11	467
0	467
45	0
2243	3
0	475
438	475
1612	501
0	16
0	99
55	99
4	410
0	281
665	1282
0	481
0	0
0	0
0	6
7	80
0	2314
7033	14398
0	5453
0	13572
8410	4
278	210
36	0
7960	4
0	0
104	103
0	103
69	0
4609	2
1677	369
0	366
0	279
241	346
2020	349
0	1007
0	643
0	1010
0	1014
8	458
11	198
0	146
0	166
16	261
0	197
58	299
0	0
222	0
12	465
0	1885
650	1880
69	0
0	1
0	37
7	2019
0	0
0	1967
0	322
182	2047
0	2012
2210	5
224	1100
5633	2630
0	540
2337	540
45	2120
87	295
2830	2060
62	336
649	757
0	745
5779	8335
0	8324
27	64
0	64
605	149
0	18
0	131
2	395
63	375
799	160
230	0
0	66
1	66
0	0
0	0
109	441
69	441
22	298
18	298
0	0
0	0
2	0
514	529
0	529
14	0
423	0
0	60
4	5
49	75
190	1418
108	358
0	1791
5	118
83	3345
1	3345
0	0
0	0
464	3
5780	14584
4	5963
8	8647
13	125
0	10
1022	0
673	495
2	494
12	258
0	0
59	244
0	147
0	296
748	302
0	0
0	1
0	0
0	1
0	1
0	1
0	0
0	0
343	249
0	249
220	129
0	73
0	1264
87	3224
0	3224
329	4101
13	4101
1925	208
0	2
134	203
0	225
4269	227
3208	0
2973	40
0	36
1	0
0	0
0	69
0	69
0	160
9	224
0	267
400	317
1	0
3473	3
0	24
278	334
0	20
0	44
0	279
0	308
3	0
9	0
6	28
0	28
0	1347
137	1347
1228	0
0	0
0	0
243	2126
0	23
297	189
0	53
0	2172
0	17
0	0
4696	2362
20	2331
9	2429
61	613
56	43
27	611
0	593
68	0
194	355
34	1261
2883	2136
9	875
3163	3047
4249	11
97	0
748	0
929	6
303	678
29	677
0	250
253	250
0	2
0	2
4294	3
0	0
0	0
66	408
0	809
0	809
2570	1379
6	1389
0	1389
95	2113
0	706
373	2819
818	737
12	0
494	0
0	0
92	12
0	12
0	2
38	2
51	100
175	33
0	34
53	34
668	4
477	2
3	0
45	442
34	442
1	0
187	20
0	6
0	9
0	1
0	206
1740	206
5	3063
146	3424
0	1166
5707	3195
1	0
234	0
6545	1141
40	876
5384	275
11	267
0	0
0	0
2	0
158	0
27	721
401	721
3	8061
0	59
0	174
0	8068
137	8299
89	8303
2	8447
0	8409
0	0
0	0
5	0
3	0
0	5
37	179
0	90
1507	222
1	85
3803	93
3193	4
7	6
427	5
1	0
1	0
0	0
0	0
39	991
10	991
15	4426
3627	4426
1066	0
74	0
0	2
0	2
0	5
0	14
0	8
0	1
3	10
31	12
1965	417
0	417
1	0
0	262
8	262
46	0
10	13100
5	11356
24	8314
72	14819
91	17956
3145	18727
0	781
516	781
0	38
0	106
718	144
349	165
0	164
0	152
656	827
0	61
0	15
0	91
6	827
22	706
0	337
1723	1025
0	1025
1058	1
94	60
0	1177
24	1384
45	1483
0	7
2081	711
0	117
0	587
6	3
0	3
0	3
97	9
85	271
6	37
0	0
0	2
0	3
0	3
0	3
87	772
2	772
303	357
4	357
0	0
282	614
0	171
0	533
26549	21
0	64
0	130
0	145
14	125
0	29
11	90
0	377
0	158
0	374
0	2110
238	4599
0	4824
0	1253
14	373
1018	4159
707	87
0	8
0	77
13	0
437	0
0	52
11	142
13	142
15	530
45	530
4	0
1529	161
28	161
85	0
0	0
0	0
55	2724
8	2724
1422	1
0	6
0	6
0	6
64	3
4121	3
657	241
0	241
350	0
3	0
5115	2567
0	22
2	64
539	56
625	2566
0	0
40	82
4	63
0	56
619	0
0	1348
81	1970
0	1357
0	775
6	218
712	345
0	206
11081	3726
0	3724
0	59
201	59
55	319
0	319
0	857
0	881
0	881
97	160
582	160
545	1618
1826	0
142	238
91	238
0	0
0	2
0	2
0	4
0	101
9	111
3	111
3231	1
54	2020
20	1681
37	7
0	7
0	5
173	313
36	85
0	313
17	0
0	0
0	0
322	87
0	87
2143	1
672	427
41	0
0	0
7	145
36	145
443	273
1041	38
0	43
0	40
0	50
0	43
12	4
17	4
0	247
0	312
0	45
0	278
41	1091
6	1
0	1254
7	1232
0	272
1677	1
539	440
1	440
0	0
0	0
0	0
9	2
0	2
0	0
0	0
156	0
0	242
155	242
124	6618
0	106
5	341
0	6613
0	4216
0	0
0	0
0	36
0	0
0	0
72	0
352	1295
178	1252
0	43
6343	1781
0	1292
0	1360
0	1177
0	1627
638	0
21	692
0	437
0	387
132	750
0	658
2	0
0	1663
0	195
0	30
224	1840
1086	606
410	825
0	828
488	0
0	0
267	3540
1335	3443
0	450
0	675
474	217
6	109
0	93
0	121
910	182
0	180
50	0
0	477
263	654
33	647
0	0
0	0
0	0
40	853
0	853
0	0
0	0
0	0
392	2754
3920	2775
86	2675
712	1377
0	1042
5	517
1	428
24	428
1595	624
7	285
6927	8
0	0
0	0
9	0
1477	543
0	543
165	1633
1048	1605
0	851
137	1633
555	0
230	0
1	4
5464	848
2475	564
2	562
25	0
64	0
6	0
2	5
18	94
1930	94
0	6
0	6
0	0
146	74
0	25
0	74
21	34
279	0
245	0
1279	5974
41	5598
0	0
0	0
6	0
138	187
0	32
0	0
0	0
0	0
0	0
0	0
0	0
0	6191
0	3200
19686	6214
604	0
250	387
0	189
2	257
244	0
32	180
349	180
3660	5332
0	0
0	0
399	0
432	1328
0	559
22	1064
0	0
0	4
0	4
0	4
0	4
0	4
0	0
0	9
0	3
0	9
0	1
12	33
0	0
513	123
9322	972
0	959
0	2213
0	750
0	462
0	19
869	1774
30	168
17	566
13	4
0	513
321	2363
0	0
4	21
55	22
3	215
0	134
80	218
20	0
4	152
0	579
9	569
6	412
378	0
692	0
298	380
4	380
0	876
28	909
83	879
17496	921
7	21
628	23
33	43
0	43
2925	4336
0	4332
0	4223
87	0
75	0
0	0
27	475
0	475
0	1
0	1
5671	2448
7	2447
5	128
2	128
0	0
2	0
12	0
13	65
102	185
0	185
453	113
0	113
0	1929
0	1955
447	2060
34	92
6	92
0	0
1753	2386
0	42
0	2384
2773	5302
9	2770
0	4277
762	1
0	0
0	106
621	106
522	0
0	4
29	4
0	20
262	407
0	1
1612	617
267	617
0	0
0	0
0	112
211	135
0	15
0	9
0	8
487	766
78	766
0	194
0	685
117	738
0	0
49	898
908	898
725	1006
0	1006
153	0
1611	2
305	16
0	16
291	1
2933	3
83	548
0	548
0	0
0	0
0	591
2874	591
1289	0
19	0
75	151
71	140
0	140
7	142
0	142
0	315
5	279
0	11
0	293
0	20
0	20
1338	1515
133	12529
3625	20520
2	19214
10	635
0	96
0	96
0	46
0	7
10	0
1906	3
127	0
0	1275
25	1038
20	1275
14	2108
0	2768
11488	4888
1438	2101
0	289
0	2100
582	0
0	66
581	66
1489	1145
85	90
671	90
0	24
0	47
7	0
184	3
469	212
0	212
236	244
0	244
0	0
0	0
722	6
543	1843
10	583
94	583
19	0
293	54
8	17
10	9
0	9
582	605
26	290
244	700
306	1535
7	0
0	0
0	0
0	0
818	0
78	988
33	83
22	988
12	10
409	1504
0	471
458	4
5	612
3	2707
622	473
98	2562
0	1
0	0
0	1
73	467
0	160
0	464
427	6651
0	4590
5622	2870
0	2422
0	2325
2	3887
1535	3890
107	528
253	528
4	503
0	587
0	3287
8	9866
17	9743
430	314
0	87
0	18
17	18
42	0
5143	1843
0	484
0	0
791	6408
26	6404
24	589
0	9461
0	330
0	10223
11	10160
0	31
0	4
20	71
6	57
11	82
0	82
7	152
0	42
0	0
256	209
0	28
0	55
208	57
6	164
77	164
0	88
0	175
0	173
8	164
35	375
0	375
10694	1443
9	0
1	67
169	935
182	922
357	573
85	572
49	35
549	109
0	11
0	312
0	2435
0	2594
0	2492
2266	1
5	48
35	78
5	37
1	0
0	0
0	225
0	225
8	1418
0	1209
21	2931
17	2779
78	7
0	7
47170	39
0	1077
81	1077
0	6332
136	6789
193	3509
529	4022
0	2843
0	594
31	1320
9	1407
0	372
86	393
5111	3
0	0
0	12516
3370	12639
6	12558
0	0
0	9655
0	11760
0	3
710	0
0	25
16	25
30	18
0	18
0	79
97	88
9	87
88	101
6	32
85	60
5	24001
0	9031
0	23674
0	11870
6	2739
91	25035
0	149
0	150
0	149
0	149
0	152
9434	3454
1	320
0	3003
0	2819
0	2895
33	3100
0	2901
0	3037
0	2993
0	19
14	19
0	13
0	785
0	1006
6	953
0	100
0	1253
0	315
150	1502
202	1995
505	1995
43	13
0	16
692	168
8	18
0	0
0	168
0	286
1013	1362
5	1312
0	1265
0	1306
0	0
387	0
275	0
0	792
159	2236
0	1995
0	172
190	2251
0	0
1	1306
0	1388
7	284
2193	287
95	228
1	227
61	573
99	572
10	36
232	38
0	1383
0	415
100	358
0	139
57	1462
22	1069
0	1128
4158	0
25	22
0	18
0	22
2	22
0	348
0	3
163	481
0	436
0	481
5658	8
0	0
0	0
180	0
7	23
14	161
0	161
10	698
3	31
0	249
0	719
0	719
83	479
90	479
292	5897
9	5897
112	0
25	1325
0	532
3	196
0	1075
277	0
0	52
0	1584
0	34
0	727
0	1611
0	1549
411	0
49	0
401	847
0	0
0	847
0	0
0	0
0	123
534	554
0	185
14	218
16	6
0	6
370	0
10	0
0	0
47	4
212	30
0	30
1	0
0	1382
0	5
0	2793
0	1158
45	3110
0	587
0	51
699	139
103	138
633	1256
21	1256
328	0
147	0
0	58
0	10
0	17
0	200
16	200
2	16
0	11
0	123
4	123
301	2253
0	304
31	2154
6229	5
37	72
0	13
153	0
620	8330
0	3671
38	7886
0	8538
67	7324
0	382
118	10616
0	10757
0	12
39	263
863	263
0	519
0	336
0	307
0	292
0	123
0	90
5	176
1	169
0	20
1013	1256
237	830
7	293
0	349
9	312
4	163
0	92
11	43
11	52
0	83
209	1007
5184	1475
1	462
0	0
278	0
133	30
0	30
852	31
0	31
0	0
0	0
0	27
5	27
0	63
0	42
47	220
0	171
143	185
0	185
0	38
23	38
133	0
398	975
0	975
17	384
145	384
0	12
0	12
2107	293
30	288
0	112
5	1933
17	709
1434	1782
10	0
0	0
0	0
1568	1
0	1
1466	334
12	334
0	0
0	0
830	0
0	0
0	0
52	134
221	134
0	0
0	0
3283	1832
89	2768
11	2175
679	0
115	391
0	773
28	1359
0	501
0	355
1	215
50	645
16	399
31	2192
0	1211
0	1262
0	2
0	2
0	2
0	0
0	0
4	13
0	0
0	1339
0	412
5	2263
62	5668
0	3117
0	5460
526	5865
0	4771
0	103
810	105
10	13162
0	15489
0	12460
0	12496
0	18326
85	21288
611	0
83	621
1239	622
182	0
34	123
0	123
0	19
0	109
0	167
744	993
6	15
8	16
0	51
0	5
7	51
0	51
0	20
1	123
0	70
1	639
0	1226
14	1230
0	4
0	0
0	4
88	918
882	919
752	0
0	96
139	106
0	7
3170	8
3119	692
19	686
0	428
0	29
56	428
0	0
0	126
0	15
1068	126
130	591
4	1144
20	1097
43	0
40	30
0	30
17	0
18	0
64	0
19	0
1242	3828
0	3828
89	320
0	131
0	298
1823	2
0	0
0	12
1	18
41	0
20	0
0	0
155	2206
0	1013
0	164
0	1909
718	10287
0	16966
7	15708
199	187
1257	188
0	20
81	37
0	34
0	37
0	0
0	0
0	0
0	0
34	0
3	0
0	0
1193	0
4460	5
158	0
60	421
0	421
0	421
0	420
532	226
4	0
0	0
0	190
251	154
11	73
93	2512
60	720
23	2645
0	12
635	13
9	691
0	671
0	668
0	411
0	569
0	518
3	5
3	562
2262	563
2567	3667
0	212
0	0
5120	260
8	256
0	0
0	0
301	153
0	0
887	155
0	153
433	0
8	984
1194	987
204	3
4861	6
0	34
0	34
18	34
449	722
18	472
367	0
0	561
277	1005
0	320
0	668
7	21
199	256
0	256
617	0
20	0
0	11
0	0
531	0
1174	5527
366	5338
0	5535
235	378
0	177
52	207
274	2392
0	2392
0	0
2284	0
3658	2
10	967
0	436
0	947
0	1
0	1
20	1
1487	1680
63	0
56	0
32250	23
55	0
0	419
19	1357
192	1352
1097	229
707	0
0	1260
78	1260
0	1020
288	1
6	0
0	1346
418	2519
0	1076
11	967
25	1132
0	1424
0	1465
8	378
125	1122
0	1385
0	2359
106	2724
6	2724
152	0
278	0
24	65
0	65
0	1
1168	181
0	173
0	27
0	8
2	25
981	528
50	674
0	69
8	0
2	649
0	172
0	686
0	0
0	0
0	0
770	96
49	2164
0	2023
0	2277
0	1088
0	1539
14	1539
0	1525
0	441
98	841
47	503
0	22
54	2144
0	2490
0	2503
1	0
0	0
67	0
395	191
0	47
0	65
0	2
3	126
0	0
47	45
0	37
6	23
0	0
0	0
117	0
2454	1472
32	1472
2	0
939	0
0	0
70	710
0	1300
0	1300
0	16
19	1313
248	698
26	0
107	228
396	0
0	118
25	4647
2457	6337
0	27
0	27
0	36
0	6337
8139	2
0	2493
2	1400
9	1600
310	2208
0	0
47	4
66	1013
0	241
0	754
84	1041
0	1033
72	144
66	144
909	0
570	394
0	113
6	310
923	0
127	221
44	99
0	7
12	206
1772	2
108	0
5	0
0	0
54	116
309	115
303	36
0	129
0	2025
381	2022
77	187
5	31
13	31
0	222
0	222
0	224
405	508
0	497
8	202
0	202
75	126
42	143
0	22
49	22
983	0
0	5
0	5
39	5
0	0
0	0
0	0
0	0
0	131
59	585
13	489
0	455
16	515
0	38
0	0
20	38
0	19
0	0
1	19
0	5
2768	1105
0	271
0	1046
5	1352
300	1584
0	181
6	1584
0	491
0	0
996	6
1151	715
0	715
0	700
0	700
0	90
99	90
0	2
0	10
0	435
3849	1650
0	17
0	27
921	47
2	8264
48	161
85	14
32	272
78	3006
0	113
1676	3007
1382	0
0	0
0	0
45	0
7	61
0	21
0	61
7	29
936	1
13	1699
4	181
603	2395
714	2174
0	1012
20	4079
0	964
3	378
0	473
11	4350
0	3526
1	4375
3	0
2158	353
5557	6977
35	6970
838	762
5	759
25384	49
6	7076
6443	7077
1	0
0	21
628	22
1287	2023
2	2023
433	15
0	15
0	3826
0	3994
12	3601
0	3494
0	0
60	0
0	0
487	0
11	14
0	51
317	186
0	32
0	182
6	0
0	0
0	0
6	0
0	22
0	3356
0	4235
0	4291
0	4293
0	4277
23	4274
0	4282
6	4
0	4
0	0
73	0
73	116
0	116
268	2
0	784
10	107
0	97
5	458
0	784
0	771
0	459
0	784
994	1076
164	1076
375	1727
45	250
34	250
0	462
1726	586
0	292
1	19
0	19
0	338
1037	343
0	22
0	22
0	9
146	150
0	11
0	21
16	11
0	11
3177	0
0	0
34	0
0	2
16	19
81	278
37	100
0	237
12635	1127
0	736
61	61
0	61
0	49
0	56
0	0
11	0
0	0
3	2237
0	835
148	2490
0	2465
5659	157
191	154
5518	1877
2	1222
539	651
108	5
41	248
0	59
28	85
15	11
1015	4154
0	4095
163	580
0	545
13299	1103
1877	3107
0	2337
0	1031
0	0
0	0
0	0
0	0
0	0
15	2
119	184
0	184
0	5065
1615	5066
410	1
221	0
0	5
0	5
6684	491
0	482
0	20
68	166
582	1099
0	1099
3368	3693
15	0
1091	1
1202	3
18	0
0	3
149	156
0	156
47	0
224	0
2	5
0	5
0	5
0	5
1609	290
0	279
0	13
136	1
0	285
85	17
12	1608
0	2798
10	2430
713	5
0	47
0	17
0	36
0	40
191	0
0	0
0	198
182	198
25	1986
0	1967
0	2004
2210	1
0	10
0	0
38	63
3	53
0	0
40	16
0	32
114	32
1356	726
0	726
0	707
654	707
0	462
251	0
1016	262
2	603
0	593
0	0
372	0
21	7
0	7
107	0
1	0
0	0
936	0
1992	4
3	101
0	52
7	16
8	22
581	22
53	213
1	218
4388	0
19	599
664	600
10	5777
1220	9408
0	2601
4	1084
23	7504
0	6657
0	4
0	3
148	252
4	243
1050	1
7142	1268
22057	22774
1	22760
55	8106
8	5
0	1
0	0
33	117
22	132
16	132
227	0
0	0
16	411
4	411
1	384
0	159
0	41
0	1
0	770
0	3
0	3
1280	3
0	70
0	1
0	0
52	70
18	2
4	12
0	12
0	0
457	0
0	247
0	79
0	287
0	272
0	283
0	283
244	218
0	34
0	218
4	0
0	0
33	301
0	267
0	304
4	0
0	0
0	1
0	5
0	5
0	0
118	180
0	49
944	0
744	0
0	404
853	524
5308	462
324	453
0	0
0	0
7885	12233
0	12232
163	869
0	1145
0	1077
489	463
0	463
0	0
2253	290
2	289
0	0
0	0
17	4
0	0
161	4027
7	4085
0	2
23	2
226	0
0	0
1406	2
0	0
248	462
0	75
0	462
0	411
704	1
0	58
0	45
0	61
1	31
0	36
0	61
0	34
18	1158
0	132
15	1158
0	5
0	5
92	43497
4873	48986
331	0
77	159
4	406
0	0
0	18
0	18
9	168
0	168
4	23
3529	50
0	2
0	21
0	140
27	140
0	0
492	0
2382	2266
0	1934
4	333
6373	3
9	4
0	4
0	0
2157	175
0	174
604	3142
0	3142
0	0
671	26
0	26
377	979
8	979
0	0
0	0
1999	114
0	111
332	1980
62	1983
105	77
0	77
370	0
50	520
44	520
1013	2
0	0
11	698
59	1311
6	1437
5	1330
33	676
852	676
225	0
841	1
254	2435
8	275
63	782
75	2449
0	0
754	368
0	368
9	0
417	0
1454	0
4	0
0	0
0	0
0	0
18317	17
0	0
116	315
0	114
0	318
1	6
0	6
5	58
0	58
27	0
881	0
16740	10
0	0
0	0
11	0
0	2
0	2
6	0
0	1004
794	1005
0	0
0	0
35	133
0	133
191	77
6	27
0	77
1	1743
0	1237
1790	2
782	346
70	346
538	231
10	230
0	218
1013	352
0	8
1288	233
0	220
0	6
34	6
0	2773
7811	3665
53	3654
154	411
14	411
364	404
356	404
95	0
33	6
0	2012
0	2223
0	200
10357	13128
21	12661
90	9309
218	0
0	40
5	551
171	554
10370	2622
628	2617
268	2617
0	2
12	0
0	2
0	799
314	799
74	0
149	470
0	470
0	72
134	72
0	104
0	128
3364	1379
0	230
0	1133
0	1178
0	0
21	0
0	178
0	0
10	21
183	0
66	27
55	27
20	0
0	26
29	110
0	7
153	10
0	10
0	0
31	817
0	1000
18	895
3469	1702
174	1722
0	1481
27	1691
0	729
7	1617
0	0
0	10
0	12
0	2
26	0
630	82
9	79
94	4
0	5482
71	1026
0	220
8	1026
728	419
0	0
99	0
7837	5
471	136
2810	2494
0	142
0	69
0	2421
2278	31
23	30
90	315
37139	17
0	0
0	8
475	84
0	84
0	0
0	0
0	0
43	72
523	200
0	0
200	2662
23	2656
122	2632
0	0
0	0
0	690
0	2297
6657	2496
15	84
3	238
46	1002
0	892
165	957
475	666
1	286
0	54
16	397
26	0
1781	3233
4	158
15	0
0	22
1	411
0	421
0	422
0	126
272	520
0	76
0	323
2	655
3	442
29	1489
39	1495
13	78
221	4519
0	1700
29	4433
0	2212
629	4801
24	3692
0	4787
0	2034
2047	3345
0	2283
0	1062
0	0
8	28
0	3
0	28
396	332
2	0
0	0
0	0
0	0
0	7
870	2559
0	2558
0	2372
14	2372
7	239
369	242
553	0
109	103
0	103
1109	950
11	352
0	919
21	10
0	10
1008	0
686	0
0	101
0	101
0	575
7	666
0	736
5	687
4091	5154
432	5151
0	0
3	723
0	393
0	390
0	9
0	10
3	100
12	280
3	275
0	248
7	431
0	5
21	0
0	0
88	320
216	62
10	2235
2	792
5	1955
3	2236
150	1567
0	1567
393	90
16	90
8	380
310	380
478	1134
119	518
1	422
12	829
0	0
0	0
33	30
0	30
0	7
20	21
0	21
0	42
0	31
1	61
43	58
0	11
0	11
0	0
3583	1814
0	758
8	280
207	0
54	927
345	927
10	23
28	33
0	33
647	0
0	0
0	0
3482	869
0	860
385	166
0	783
0	343
0	291
2551	4276
0	3875
0	144
0	52
26	144
0	56
0	2
14	56
6	439
0	30
2	26
0	18
0	431
0	260
1	31
0	31
0	122
137	50
83	102
15	718
0	74
945	1693
13	1226
1	20
0	4
217	989
17	6172
0	6158
0	67
0	25
0	4369
0	4355
0	4392
0	4355
0	4369
0	4355
10	4362
0	4355
1043	938
0	74
0	119
0	616
48	292
0	292
1204	937
0	132
0	937
15	287
56	287
461	991
2208	991
61	0
9	205
0	108
0	127
0	0
0	0
0	0
0	0
2	18
0	18
0	0
8	61
66	61
11	37
0	0
55	869
0	264
13	956
0	28
0	19
0	28
6	44
0	25
0	32
0	32
0	32
0	19
187	63
0	63
0	34
730	3405
0	903
29	2242
0	558
13	695
14	171
3	164
0	2757
0	2878
3	98
0	61
177	1661
5	2024
0	948
0	0
583	1
0	507
3	507
0	502
401	216
0	202
7	555
51	573
0	27
171	307
1414	313
137	226
0	226
0	5
45	5
0	5504
4441	11316
1	11310
0	0
66	1617
8	1617
82	2
0	2
0	2
8742	5
71	0
1	159
0	28
0	159
0	1131
233	7875
0	7600
8	7548
628	159
0	161
0	262
0	296
0	0
0	0
709	21
0	631
4	620
125	1068
98	3470
0	3035
2017	3124
102	20569
0	6273
1	4943
0	18145
0	0
3667	3
165	18
1321	26
844	2938
547	2938
0	35
312	35
4421	4104
2	6603
202	7131
0	34
0	9
0	34
0	34
2208	4
234	0
84	2216
28	2216
8	0
332	4717
0	4609
0	4740
0	0
3248	10
0	541
0	362
7	543
231	0
6	6
0	8
5	14
0	6
0	0
0	0
335	0
47	48
0	12
0	0
0	48
34	1219
29	1116
6	14
0	14
0	14
0	0
1	3
0	3
0	0
0	0
0	0
1	0
0	3
10	3
822	336
0	335
314	0
227	3
402	0
0	0
4	4339
7433	4342
0	655
2980	2413
0	1069
0	568
0	2129
143	0
0	0
0	0
0	0
5	0
0	0
914	2250
12	0
143	399
6	399
923	56
0	56
77	0
0	0
0	283
79	283
2925	191
0	190
15	105
0	27
8	59
0	3
0	3
632	604
0	604
101	421
2663	422
16	188
0	89
0	188
5	10994
17	14838
9827	15505
0	24
12	28
0	28
12	30
0	30
348	1146
0	981
0	10
166	202
578	4418
24	4400
4049	803
295	808
7	679
55	497
0	255
5	1162
0	1244
21	956
1	1297
4673	1
0	2
0	2
4	211
96	316
232	316
182	2
5	0
0	0
0	1446
0	91
0	1511
3	0
1	12
1520	364
0	366
484	346
0	141
0	346
756	324
429	398
0	0
10	0
0	0
0	0
0	0
67	1876
126	1867
40	8
0	0
3	8
1661	0
17995	19148
34	15626
0	15614
232	19074
29	0
7	0
32401	214788
4	43968
798	177111
0	11710
2339	4
0	29
247	138
0	124
0	60
3	0
0	0
23	39
0	1222
3	1204
0	20
2	53
4	946
5	943
0	943
0	789
646	0
0	22
0	0
13	22
2389	682
0	678
4269	7969
162	7966
7036	1
50	0
1835	0
0	0
15	0
479	491
0	394
13	97
44	2755
591	2648
111	4661
574	498
18	175
0	99
3	0
0	17
269	0
32	111
0	111
111	0
0	27
0	324
1	332
43	124
261	0
114	5
0	5
3	0
0	366
1973	368
1046	0
0	0
0	0
27	1692
39	41
0	1727
0	1726
2	0
139	21
0	21
0	2
3	228
0	58
2	11
0	191
5	0
184	595
5	595
0	1
69	34
0	0
0	4
0	29
109	3081
8	0
1931	375
25	375
0	106
0	1947
3	1947
0	0
5582	6724
2034	1918
9	308
0	17
210	44
1019	1
13	0
244	0
15	1947
29	300
0	293
45	2325
3	1516
0	2340
73	1459
0	2212
249	0
579	0
690	0
0	17
27	773
26	789
8	824
0	182
0	254
1665	0
0	0
0	0
12	2366
330	2366
1	1069
1	12
0	194
22	135
0	213
0	213
406	766
89	6
572	321
0	321
0	12
0	12
0	74
0	81
1	0
0	0
0	0
6008	3582
0	510
32	510
0	815
0	118
0	118
0	118
0	0
793	977
0	168
5	40
0	6
84	195
5	429
144	651
4	416
8753	8
0	0
9	1
393	0
0	3
0	3
0	27
1389	0
48	0
591	2747
2	652
2622	0
1	0
0	0
167	198
0	10
0	55
0	0
778	388
3099	3
4	835
0	1155
278	1155
607	0
0	3648
0	103
0	5702
4	5690
121	5659
0	5627
0	3905
0	3830
21	299
0	217
428	579
0	579
0	697
0	161
28	148
2855	3
89	426
1662	1717
3	1761
300	795
1	749
0	512
0	514
3	317
0	237
0	493
0	912
509	3
35	0
0	0
0	0
1931	8
185	2663
2	260
354	5271
390	57
0	42
0	43
0	1153
0	209
793	1324
3	359
15	231
0	2
0	0
0	2
83	578
0	0
775	12
0	52
338	52
259	49
423	2
81	5048
320	269
1749	33
328	7020
17	6407
61	183
154	250
66	250
0	0
292	52
3	8
0	44
3739	18454
4	6918
0	11056
0	18303
17413	14
88	1771
89	1786
3240	2
2295	2473
0	162
0	2398
0	830
1797	15
159	0
0	0
2712	4
0	93
330	93
210	507
8	113
76	451
0	1147
0	595
84	585
0	1086
0	1147
336	0
1	113
15	145
0	142
486	70
0	62
0	0
0	0
0	0
0	0
0	1
83	0
50	57
12	25
17	64
1565	403
28	397
0	3
0	0
0	317
166	720
0	676
0	508
0	0
10	0
38	336
0	336
176	0
0	79
0	81
73	154
0	156
2798	159
0	0
1	0
9	0
0	8029
0	4930
0	597
0	12187
503	14543
0	12196
692	0
0	1
6	0
0	0
11	2
0	1
0	173
0	63
0	53
121	94
7	604
0	494
126	978
0	6835
1	6232
405	3338
2450	5
988	0
0	619
0	50
0	1922
140	236
0	719
0	1865
0	1765
0	1924
0	1922
1	32
0	32
0	32
15	10901
0	817
163	7596
27	10229
0	39
0	0
0	0
0	0
375	10
0	10
68	0
2	0
19	222
4	126
0	197
321	20
0	20
3	4
673	840
0	186
0	355
0	486
0	290
0	547
0	721
0	0
992	0
217	300
0	10951
3986	10955
0	20
0	20
0	0
0	0
7	12
18	12
874	1591
0	25
0	851
23	854
0	1591
324	0
1914	1979
0	1977
872	143
5	143
32	296
1	3555
13990	5185
0	1614
1252	0
48	23
0	954
52	954
27	60
0	60
0	121
206	231
2	178
6	178
197	0
0	0
24378	24
0	5
0	5
0	43
29	765
840	748
0	1
0	1
7	1544
104	0
0	6
12	6
36	465
0	9
3	109
11	193
0	304
0	433
245	0
0	0
234	281
121	281
540	1861
0	1861
0	0
309	52
0	52
473	0
0	0
76	0
0	41
45	63
0	60
1396	0
53	9
0	9
0	0
4	299
0	109
530	83
0	83
1195	275
0	275
0	2
400	0
0	3
29	48
0	47
0	0
0	259
0	98
0	366
6	184
116	449
0	229
455	229
3	0
8	439
8	439
0	733
117	733
2198	354
0	318
0	5
0	5
0	8
0	23
17	33
2	21
1	30
93	503
0	68
45	535
2	167
0	299
9548	710
9	0
23842	19
13123	3801
1379	0
15600	5925
396	5896
239	0
937	0
745	277
438	13
11	13
3177	8744
0	3390
5	4147
0	5633
428	455
0	0
71	764
3725	1
4134	2
5	2
0	0
5	3
0	36
0	36
7	0
0	976
10189	1571
0	612
9	55
708	165
0	165
0	2720
147	2720
58	309
0	169
56	311
31	745
17	740
1058	1
981	0
0	65
42	65
0	12
0	258
0	78
0	239
0	260
2135	85
0	85
11	62
0	17
137	359
0	365
285	0
0	0
1586	860
0	652
0	857
0	0
0	0
0	0
2	11
0	11
0	0
0	0
11728	2
0	0
246	732
18	678
4227	35
0	32
1096	746
0	736
5	165
6	97
0	0
0	0
0	0
0	997
230	997
3	446
112	446
4	12
0	12
2	938
4	938
0	194
1	206
0	206
7	0
52	0
159	531
204	531
2	0
0	860
47	860
0	0
0	0
7	0
0	0
55	0
404	1
0	51
4	359
174	28
36	558
0	521
90	500
0	506
65	0
65	2
171	0
7428	3
9	158
3209	0
2468	1073
1	52
1636	138
193	248
0	248
0	0
70	55
1	55
89	706
0	706
792	604
0	148
0	482
0	2777
3	5
388	2782
0	0
0	3
21	3
0	104
4092	1800
84	202
82	1868
131	772
0	0
43	1093
0	955
93	1027
294	1707
0	1671
0	1664
0	36
283	990
13	924
25	611
59	495
653	444
0	444
0	2981
0	3082
0	3216
0	2963
0	3080
0	262
262	0
4	0
20	2243
0	2243
396	237
0	237
172	2430
0	2536
6	2493
0	348
0	338
42	154
0	67
11	18
19	22
0	5
0	0
0	0
59	1230
4	1312
0	221
5	53
0	1342
1589	0
0	4
0	4
151	1449
0	570
1	160
549	1512
0	0
0	3
0	3
9	1
17	0
0	0
0	102
6	102
0	0
0	0
27	927
315	1039
0	0
0	0
0	0
1268	415
23	415
0	2
12	2
0	0
2	448
0	2073
15	638
35	1965
34	2081
0	25
29	25
0	0
14	0
4	0
0	0
6418	3231
0	3222
3	578
0	38
6	8
0	172
0	360
0	2750
0	695
0	337
0	2189
16	2939
0	2896
0	2880
0	2871
26	2764
0	2745
0	2699
0	3
0	8
0	0
1	9
36	592
0	120
0	91
7	592
82	30
18	30
8	0
1	0
0	52
37	52
4	0
310	31
1	31
0	0
0	32
158	118
0	52
0	78
127	465
4	153
0	315
295	2644
0	2321
0	704
0	0
15	109
0	87
0	0
0	0
1022	1
2689	0
2	0
4089	4
183	0
169	748
3	104
21	748
1284	7
6	98
72	2187
2296	2882
20	42
0	42
0	21
5	21
9	1680
71	2116
11	485
12	9
0	9
391	445
0	0
31	0
0	0
287	0
0	0
0	0
0	0
0	0
0	0
6981	7
42138	6752
0	6724
0	439
0	19
154	439
0	199
904	199
0	2
32	61
3	12
0	4
0	69
11	20233
182	20262
14800	20153
2023	2541
0	11
0	11
65	0
401	2175
0	2174
13	0
2757	0
0	40
3	15
7	178
26	178
0	569
39	650
39	0
243	77
0	59
73	18
135	354
1975	4
0	82
0	230
1	235
2900	511
0	510
199	41
0	39
0	54
0	54
230	4250
570	4250
24	20
4	89
0	98
0	94
1	384
913	384
490	267
0	184
20	44
29	7
1872	91
0	87
52	73
25	73
15	0
210	172
0	172
182	1533
0	1554
114	156
0	1376
0	943
2079	949
13	189
137	69
3	253
41	0
0	11
6	74
0	63
1733	1
474	0
2289	3013
0	3008
7	113
0	83
0	113
0	113
3	15
0	285
4	418
5	7
119	0
542	1
825	0
0	158
0	36
26	183
0	27
0	33
158	281
0	58
36	109
8	245
0	95
56	0
0	53
0	15
63	678
0	20
0	248
0	643
0	0
512	376
0	375
317	0
0	42
0	42
3386	77
21	74
0	1
0	1
3	29
3	13
4	34
24	0
0	2
2714	6
12	0
734	0
0	31
0	228
517	229
0	4
0	0
0	0
0	0
0	4
0	0
17	129
6	120
0	5
0	4
1	5
0	1
0	0
5	1
0	30
0	30
27	16
0	0
54	1155
230	1155
1087	2
180	6629
88	6629
0	0
0	0
0	0
0	0
0	4
134	202
554	202
5956	1255
0	1239
522	1
0	1267
0	1315
0	1354
0	163
99	183
0	152
4	0
199	0
639	173
0	24
181	376
1	0
3342	6569
8	689
27	806
5	6136
509	0
4	0
695	186
56	1356
0	883
373	0
14	371
0	125
0	12
39	2114
0	104
0	217
3	2068
873	188
0	188
481	2157
0	1671
27	1045
57	170
16	170
75810	9884
0	9805
0	346
31	397
0	397
335	144
6	142
396	0
0	21
509	0
7796	9443
0	9440
67	2204
0	108
0	53
0	2204
0	826
14816	16
450	141
4	43
150	98
633	686
0	248
0	1264
20	275
30	1325
38	0
1007	0
0	0
0	0
21	1294
296	1182
0	94
0	1
0	9
0	773
15	767
0	104
0	665
0	561
0	3287
115	3638
0	4500
0	4500
0	1057
0	1015
7	1003
0	1038
127	143
0	143
70	143
0	0
0	3
0	3
0	3
0	3
2013	3907
324	3907
19	286
13	156
48	130
2364	1710
488	495
27	1584
55	600
225	600
8	0
0	0
214	82
0	32
0	82
0	32
0	32
0	0
0	0
0	0
4	30
550	0
0	1
0	1
0	0
6790	800
0	232
0	232
0	566
15	299
0	245
0	310
912	2164
0	194
6	71
104	27
2	7
911	0
326	34
0	33
6407	402
64	398
586	50
3	0
2464	2
3	10
10	10
1110	2195
6	1632
0	2254
33	2249
0	11
0	11
0	2
6	0
0	0
0	0
652	2
41	55
10	4038
0	2034
37	3046
0	2804
15	4891
141	4369
0	0
0	90
725	269
0	197
133	466
0	0
0	0
367	399
17	404
5	0
0	0
2399	684
0	649
2	78
1	35
233	254
2	0
206	160
0	160
0	0
0	0
3	12
0	2
0	12
0	783
0	501
1	701
0	8
344	0
0	127
136	127
12	2
136	16
0	16
0	124
2868	1629
0	1563
0	0
7079	3580
11	87
0	173
0	8
1096	178
984	0
0	0
0	0
36	21
0	20
1069	2
13	9
0	1
2650	0
1665	1
367	1241
0	118
4	35
23	0
0	2
0	2
0	2
0	2
0	0
1499	0
0	1087
246	2596
2284	2619
538	0
0	76
0	16
0	1
33	184
241	56
0	52
0	23
0	13
0	104
7	592
0	61
0	644
134	853
80	853
2102	0
13	125
0	1319
18	5545
0	5173
20	455
0	445
109	457
0	326
0	88
0	55
0	464
9	920
6	484
0	809
0	967
64	968
598	0
8431	78488
0	20538
5	22669
304	79803
94	62672
0	7
0	7
0	1
1525	0
16	109
38	109
1	0
352	118
336	118
513	2481
227	2481
53	0
718	0
28	52
0	52
0	0
23	5
0	5
5	0
0	0
0	0
0	5
0	9
0	82
0	243
66	271
229	0
720	1
0	178
86	0
247	186
0	186
623	3
43	583
1	561
6418	1001
12	602
54	596
0	972
0	972
0	0
3	0
102	539
0	539
123	0
195	89
0	85
0	89
430	0
0	0
3611	1305
477	1304
0	15
21	577
1114	592
1	4
16	3
0	0
103	54
39	623
8	623
0	37
161	37
593	0
0	0
0	0
0	0
0	0
0	1702
0	295
6892	6378
0	5459
0	5035
0	2590
563	464
0	299
16	299
0	4
60	3
0	7
0	0
0	0
601	2
0	0
1665	5
4	0
0	6
13	6
4620	1350
0	1510
144	1557
2605	0
12	647
0	36
0	662
116	686
117	686
165	0
6	0
511	0
0	114
255	114
742	0
0	4
0	26
145	750
0	750
801	1696
30	61
0	1
22	61
4763	4
2705	530
0	460
0	41
0	29
0	14
0	64
0	27
4	41
4465	0
0	0
0	659
1412	659
3	7
335	132
0	62
386	0
0	17
0	17
0	17
67	0
0	4
1	4
0	0
891	2
0	9238
726	2538
1	3898
0	42
9783	9656
0	3529
7	1449
0	35
41	1429
0	206
2	285
0	0
0	0
45	571
16915	587
0	2
2	26
63	27
36	0
0	22
77	22
0	0
4	0
15	0
0	22
0	23
36	23
402	443
0	443
43	0
299	0
45	205
215	205
463	16
0	14
0	0
0	678
335	931
110	931
593	2
0	9
134	0
0	0
10693	14
0	846
231	1918
18	1918
426	204
0	204
0	4
0	1
1	103
7	103
7	423
254	485
0	313
187	1221
12	62
0	26
0	2
0	62
22	0
0	385
0	453
12	89
0	89
0	92
0	361
0	89
0	0
5	999
0	715
0	667
0	720
6012	4678
47	4916
0	5219
0	5227
0	5201
37	96
0	96
2616	2
1874	2008
0	2006
0	1409
53	67
172	0
37	78
85	9
0	776
2834	1061
0	113
117	1301
0	617
8	451
0	58
0	36
48	353
0	353
4145	6
91	1938
0	104
0	22
0	1938
304	72
193	0
24	188
0	171
1	112
0	56
0	0
20	255
0	255
5	77
70	0
1890	0
100	22
13	0
228	863
18	884
0	932
0	0
0	0
3	0
242	3
105	0
58	0
0	33
0	29
1699	0
70	0
235	421
2676	3916
0	3233
0	3815
0	3847
0	3791
0	2982
0	104
355	117
0	117
1030	3
0	747
704	747
3166	4
170	15
0	15
110	16741
0	16817
0	17052
0	3163
0	17050
0	0
0	0
0	1
19	1
14	0
2152	2265
709	0
78	297
0	297
6	221
0	9
0	4
73	23
12	10
0	3
0	3
141	881
48	1052
345	7015
0	1792
0	1767
0	1373
0	6930
0	49
0	40
554	75
8	110
1919	2218
2	1005
0	660
6	549
18	655
23	527
4	2080
794	276
0	276
49	10
37	10
44	381
0	381
0	405
0	0
0	0
28	0
0	0
42	0
12	0
62	1650
81	473
0	1616
1	1521
1564	732
135	1855
3801	1854
2897	0
122	140
0	140
0	0
486	972
0	864
0	838
3089	4832
80	640
0	975
80	529
11	532
0	1722
0	1086
0	4784
0	5343
2	5265
4	1244
0	4673
0	1188
816	0
56	155
0	155
0	198
0	54
179	198
48	0
3	245
14	105
202	2
0	2
21	130
482	133
20	66
59	102
0	102
0	252
0	2130
0	436
0	2162
0	2281
2	476
136	0
729	74
0	74
0	0
0	0
0	0
53	125
20	125
5	143
0	9
0	0
26	82
0	453
0	439
320	154
0	154
0	0
13	337
1	23
45	360
177	156
427	260
0	102
1589	106
378	363
317	0
634	169
0	169
407	14
20	0
193	475
39	122
123	353
0	0
40	0
7	309
3	185
360	559
0	5
0	2
0	3
0	93
1	84
63	649
0	44
72	652
51	79
0	37
0	79
0	29
0	38
0	141
83	434
0	0
0	0
0	0
6	138
98	1304
768	1442
0	400
0	113
434	242
0	244
0	244
5479	4
117	102
0	102
6	1344
29	1394
0	1397
0	21
0	22
11	5
0	5
126	55
0	55
626	1
1	0
648	66
8	66
666	94
12	94
0	0
0	3
0	3
1080	695
4	696
5	124
0	134
0	762
20	762
0	50
0	53
5	35
0	248
0	278
56	313
0	292
0	0
0	0
0	0
3	3
274	36
0	31
75	84
170	84
194	60
0	57
0	0
0	160
607	173
0	1175
1853	1175
45716	23640
0	21896
1	16887
0	21314
0	11484
6	389
216	389
12	6
79	27
0	0
176	0
75	33
0	2474
0	2614
0	2633
0	1161
7	6
0	60
0	0
2	0
0	74
0	37
22	503
9	492
9	948
0	877
0	870
303	1941
6	355
1	127
4	1941
2	202
0	269
15	305
169	362
0	31
0	52
182	52
9	205
44	1020
0	5372
0	5387
0	5586
0	296
0	296
0	163
0	296
0	48
11	78
0	56
0	1
0	1
1067	4
0	0
0	223
0	234
4	217
2920	1
350	0
33	1894
0	1894
0	334
0	35
0	113
0	133
221	810
63	589
999	871
0	278
0	324
0	276
4092	2415
0	12
0	12
3	578
49	578
366	0
0	328
0	0
0	0
0	0
0	36
11	240
0	13
3	215
3	82
0	45
4290	4
41	949
0	949
0	921
4	0
1053	0
5	303
0	303
0	516
6	4
0	58
437	516
546	1373
150	1373
0	301
86	0
14	2
0	10
0	0
30	12
0	0
168	0
4	17
25	44
0	26
0	31
166	1264
6	1261
236	103
0	7
0	57
0	46
6	10
110	1514
38	1514
245	157
183	0
0	180
0	331
0	153
560	333
117	19
0	18
2	19
1599	2
0	0
0	0
635	574
3	1069
0	1024
0	1134
4	93
0	61
0	232
0	501
0	157
0	121
47	158
4	402
13	1389
150	1589
0	0
1672	288
223	0
6179	4
12	4
0	4
536	0
1	0
0	0
43	96
0	41
69	7
0	7
0	0
231	370
0	370
8	0
235	0
164	0
61	0
0	16
0	70
0	70
77	219
65	246
0	122
0	65
0	106
0	10
9	10
2011	0
4173	1
4	59
0	54
0	0
15	60
46	457
0	447
0	463
0	11
383	11
73	0
43	0
0	616
267	791
0	111
347	838
0	23
3	0
85	0
288	909
126	14313
0	14175
107	13735
15	12704
9	0
0	146
493	847
0	702
0	403
92	0
5	112
0	123
0	134
0	112
12	40
0	40
957	0
262	103
337	113
138	188
0	36
1	30
0	7
0	188
2339	1
275	273
0	0
0	15
13	20
0	20
13	2
85	330
0	330
0	2
0	233
10	29
0	10
10	235
92	31
21	122
0	122
768	2
0	0
1649	0
1	0
133	322
0	58
0	6
0	0
3	58
205	18
0	18
0	2
8	13
31	13
56	54
75	132
0	132
2	84
0	84
1290	1694
21	1690
1466	0
693	0
0	0
234	0
0	0
0	163
72	163
0	1002
354	10582
2	10582
205	196
0	196
152	305
0	19
425	2
262	2551
32	2551
4	0
0	0
77	71
0	131
6	23
0	25
0	53
0	130
0	0
0	0
414	6
3	0
2199	10
0	4
0	0
14	96
60	116
140	212
280	2
0	2762
0	43
105	2943
1	1412
0	1476
1684	522
0	522
1880	894
0	19
0	875
0	0
0	690
0	3691
0	2440
0	1249
0	2139
0	2269
41	3079
0	0
105	970
16	970
18	78
0	208
16	972
0	560
1393	578
0	577
9	9
82	9
0	313
389	504
0	309
0	68
0	330
9	1301
0	269
1042	1176
20	5
0	5
0	0
11	0
0	107
839	107
0	0
9	0
1571	2601
179	0
0	0
104	99
0	0
3	785
1322	1316
0	1315
0	152
65	12
0	12
451	1
0	404
0	2634
0	2249
0	2292
0	2698
0	2502
0	2252
8	2499
0	41
0	291
11	793
0	398
70	999
78	767
157	2218
0	3657
107	272
0	0
11	3657
0	74
0	1190
0	104
1	3692
0	3885
17	109
23	5
0	35
177	1038
84	660
63	18
1590	5853
0	0
0	8
0	5254
0	5331
0	5280
0	0
0	0
0	0
0	0
0	0
0	65
9	206
704	206
0	81
111	372
323	982
1	392
37	2526
151	2556
9	0
5072	7
50	25
0	279
513	304
212	406
0	0
30	642
8	642
3	0
0	153
11681	160
0	0
0	4
0	4
9	168
0	149
24	211
0	0
0	0
0	0
5	35
0	50
29	101
109	733
0	34
139	733
0	5688
512	5688
0	2129
2736	2130
50	3414
0	3414
0	3338
0	11
361	11
16	214
0	38
0	78
628	1614
0	642
0	220
4	1268
0	440
0	77
0	0
0	0
2837	5
0	0
0	0
51	0
9	0
15	0
65	81
0	3
15	3
53	542
20	542
51	0
908	0
0	0
1337	0
0	1680
9	98
0	1720
4	305
0	284
0	357
24	149
72	149
779	0
0	0
19	0
8	414
0	414
67	0
0	72
42	72
70	89
0	89
0	209
0	16
0	1915
267	2975
0	2197
4	2434
0	2149
0	1350
8	2472
1215	0
0	0
0	0
0	288
42	97
0	91
0	95
4	280
0	2
1	2
24	0
227	0
0	12
0	21
0	177
0	177
881	4730
106	4730
7	0
69	1164
0	888
0	155
0	292
0	346
0	0
2095	237
0	213
0	213
0	237
245	78
2	3
0	3
165	0
178	0
425	51
0	50
0	0
0	0
21	62
0	44
0	62
0	487
109	565
133	7
81	7
8	2
168	310
0	247
3	212
559	0
2878	2482
26	2044
1965	2480
0	34
593	255
0	221
96	0
3	95
1139	7472
0	5472
0	5419
2	3642
68	7679
1892	1
32	380
0	380
378	199
0	88
6	25
0	30
0	35
0	105
0	21
11	14
0	0
64	0
22	17
0	0
0	0
715	0
0	0
0	0
95	0
7065	2
23	460
21	595
0	236
0	587
1476	241
100	0
0	932
0	937
706	5632
0	0
0	5630
0	0
0	0
750	1
1669	0
4	4
2	804
3	249
3	141
0	0
0	6
405	762
0	295
57	369
0	369
0	0
1	0
187	237
0	172
0	43
522	2
386	107
0	22
11	0
339	927
15	99
0	0
0	859
16	889
109	75
0	24
1048	0
77	209
6	1
83	5871
163	6061
51	477
0	477
25	0
0	632
0	647
0	451
865	1294
0	1974
0	1964
0	1468
1	5423
30	5251
24	4023
0	5449
4	5282
0	5430
0	1970
0	5470
0	1974
146	3588
12	3588
0	288
0	286
5	402
27	662
0	991
0	307
16	612
0	922
14	51
0	430
73	1108
296	99
0	99
0	36
31	224
188	224
0	360
8	406
49	491
0	491
1800	2
2023	0
24	80
0	80
0	36
25	36
5	0
4264	277
35	270
21	1001
7	1055
0	1083
0	787
0	613
0	469
0	1001
0	713
7	0
443	0
0	0
0	0
381	1
179	7469
1	7469
0	60
0	60
0	5
0	2
0	0
2064	432
0	432
0	0
78	13
0	8
0	5
0	13
0	0
769	15356
0	10411
404	1971
0	272
5	0
0	0
0	323
1665	830
289	471
0	471
14	1052
267	10348
59	10345
108	9132
8	149
71	148
98	620
4	83
0	33
0	620
0	489
0	314
0	49
27	181
0	809
495	809
0	0
691	0
16	188
674	188
117	122
0	0
0	122
36	0
32	433
172	433
129	3376
0	3191
200	3389
1286	768
0	0
423	2018
0	2017
11	26
1104	0
0	0
0	0
3406	3
0	38
1772	13595
0	367
0	13602
17	12352
260	37
8	14
1	14
3134	777
0	20
2072	0
0	318
267	1965
0	1848
0	2069
991	0
8	0
41	133
0	110
0	41
168	0
415	1
0	953
0	732
444	805
0	353
0	308
4	755
81	1285
3	1285
0	192
0	4
0	192
34	0
2188	732
13	11
0	447
0	352
3570	4
9	111
11	0
145	362
88	362
1068	1
1697	2
1102	81
0	81
0	0
1	0
1	1689
0	1201
0	3285
38	1889
171	4683
553	7309
238	7289
0	124
449	2400
188	32
2864	3163
0	273
0	1161
13	3240
0	3349
0	1165
0	0
1676	3
5	0
0	915
2877	930
78	706
0	706
280	0
12	0
0	0
1174	214
0	212
0	7559
0	1545
0	789
0	306
23	284
0	380
0	224
0	6341
5	6124
0	7444
0	0
4	44
31	44
3	16
0	0
0	16
9	408
528	768
0	360
1210	8
2880	3
42	166
5	0
51	0
1	0
119	392
44	362
0	225
0	0
0	0
0	0
0	0
676	0
81	1883
58	1882
0	154
588	109
0	108
52	0
0	378
826	378
6563	3488
4	1414
0	3485
0	0
193	0
10939	12614
0	245
3436	248
26	181
36	138
86	0
174	179
28	9
2196	2172
0	9
0	2169
0	2124
17	2135
0	487
1074	913
58	717
0	818
61	269
0	269
113	1
99	75
3	10262
5554	10266
4040	231
0	225
0	9240
0	9887
0	4272
0	9483
4	131
881	818
0	817
67	0
0	60
145	638
26	636
0	1
0	1
0	1
2	4
0	1
0	3
281	166
0	32
0	94
3	579
0	70
0	592
5	617
242	1029
0	459
0	883
14	167
299	1434
0	1311
0	0
6	227
313	12100
29082	11917
0	1
0	63
0	5
192	64
0	0
0	0
2912	3
19	227
523	381
1	86
0	225
0	0
6	394
0	2606
0	1416
330	2749
0	1674
1456	1
0	15
8	15
0	6
60	6
21	36
0	140
0	43
11	140
152	33
458	555
0	555
336	1254
0	273
0	239
8	0
0	308
0	6514
167	6632
38	26
0	26
0	26
100	0
637	0
95	0
0	50
0	1
0	5
0	51
0	51
1079	0
0	18
369	61
0	45
13	0
33	0
0	0
0	0
100	498
0	498
0	26
142	0
0	442
0	981
154	1116
3	882
0	447
46	919
0	15
0	919
20	0
2659	808
0	803
6	4073
0	4073
0	3503
0	0
201	1912
14	168
0	28
0	1911
0	0
743	1804
0	453
0	1791
0	1804
0	0
504	836
0	835
0	89
0	48
0	99
0	304
0	260
42	44
1258	1020
1	1063
0	13
0	0
0	0
85	65
0	65
0	52
56	125
0	125
0	49
9513	16607
0	22
0	186
0	0
395	50
0	16538
253	302
0	302
448	779
0	335
8	775
8	130
850	782
8515	6
2746	315
0	213
0	231
11	298
0	2111
3	726
0	501
303	2111
0	0
0	84
51	84
24	3695
6017	3700
2	29
20	29
0	0
0	0
0	0
0	2155
0	4423
0	4348
44	0
812	130
0	130
0	13
1915	155
0	154
0	74
0	522
1094	530
45	42
44	0
0	42
426	109
0	0
0	184
0	284
0	30
0	173
6	290
0	0
0	1
65	1
133	0
0	0
59	64
4	90
1	283
8	274
0	81
5	81
37	283
0	0
93	2652
35	2652
108	11
191	2638
77	57492
0	20867
255	7333
2410	62185
727	0
2	3188
10003	8569
164	443
0	443
135	604
9	512
0	16
85	396
130	1351
983	1274
1876	0
804	71
8	71
3156	1489
24	1489
95	281
0	281
0	222
6	13
868	0
14	0
0	29
0	29
2	0
0	0
0	343
10	397
0	287
168	74
722	71
0	71
289	624
0	148
547	0
144	0
0	0
0	0
29	0
0	4165
19	8784
7914	9525
0	9070
28	67
0	67
1	0
103	56
3	48
0	26
117	6
1	6
4	42
790	205
0	140
6	157
7678	4
1	0
15	450
4	135
38	2263
0	8
198	2263
23	335
598	10
0	340
922	138
0	138
97	0
126	0
0	0
2042	20553
77	20550
16	0
37	130
21	130
0	61
0	0
0	0
449	62
0	38
24	56
50	28
0	19
0	24
0	27
0	28
31	8
0	8
38	1672
0	1672
0	6
0	6
0	6
0	7
3	244
0	238
42	510
82	510
150	384
0	384
75	0
0	174
186	158
0	1008
0	1148
0	1119
0	8
0	17
2	19
2317	2
3846	1147
0	343
7	1101
0	0
0	0
0	32
1	10
1	36
4937	6
8	4
6435	5480
1800	157
0	157
0	3
8	3
0	3
0	0
511	69
4	69
4	184
571	417
0	360
7	25385
33	36678
272	37744
0	12
0	12
0	145
13	145
0	1
15	6
1786	1
0	13
0	13
0	13
9	5
0	5
939	1
8593	293
30	293
0	90
25	521
3	390
68	2551
0	769
4	2551
0	0
0	0
213	6
0	6
0	1677
3	349
0	12517
6	15647
1	346
701	19182
458	2069
154	2072
0	37
0	35
0	8
0	31
1047	1
50	1222
0	1050
0	350
0	1294
0	0
45	113
0	113
1181	987
0	985
27	840
0	198
5	840
1699	3
13	12
0	10
446	0
2536	2
0	0
0	0
0	0
0	0
0	0
0	0
710	184
0	184
7151	5
704	1828
0	1712
0	1828
0	1712
2	0
0	0
2	595
0	253
0	166
0	676
0	677
24	606
0	165
0	675
4	660
1320	0
228	0
4557	4
0	0
1081	1169
0	847
15	355
0	0
149	0
235	0
0	0
1516	5735
1	5852
177	0
7	7
832	4
3	7
0	7
81	460
0	119
25	324
336	730
27	284
39	660
16	304
0	51
0	63
0	161
69	168
0	67
0	24
0	24
3	14
409	0
0	0
0	0
484	529
0	529
26	0
1152	0
5	0
532	1957
78	1957
570	1
0	0
0	0
125	0
4211	1
9	2
0	0
0	0
0	2
0	0
0	1
0	1
0	1
2185	0
54	1173
6	1574
16	4035
25	3840
0	514
0	936
82	936
295	417
0	417
78	1148
0	46
132	1193
36827	4222
0	3059
0	1133
0	262
0	167
0	225
0	247
0	229
0	247
0	0
0	0
0	0
0	384
0	465
0	465
151	63
137	0
717	286
37	0
65	0
22	13
0	13
2249	160
15	0
200	334
0	297
6	64
2449	876
0	7
46	15
0	8
0	0
0	0
0	0
2	40
0	287
0	16
0	16
0	5186
4	17218
5975	5117
46	17144
0	2641
221	0
83	320
0	212
0	0
265	0
0	272
0	93
3593	1259
98	897
5	443
0	0
1025	1711
1	819
0	656
0	1615
0	0
0	0
0	0
2006	1227
16	82
36	2
0	2
0	0
0	0
9	14
0	4
0	0
0	0
3	1
0	1
8280	7
0	33
0	36
0	21
10	12
0	12
32	934
0	569
325	1036
0	0
47	195
133	374
0	62
409	361
0	277
20	328
1	0
0	0
1	14
233	0
12	14
392	0
0	3
0	3
347	853
0	0
1175	379
0	337
0	328
0	104
130	2131
0	1
690	2133
0	46
189	197
0	197
0	51
0	0
811	2
342	586
0	586
6	43
0	43
0	1691
17	1614
0	1602
13	201
0	201
0	87
0	24965
13	1058
1021	1058
0	275
10	40
9	40
191	1553
1085	1554
0	0
1340	0
14607	7564
5950	1
243	1938
0	352
0	337
5	386
77	1964
0	5428
0	5847
0	0
3039	4597
0	517
0	4509
0	3953
0	4006
0	4527
0	4135
0	3667
0	4544
0	3607
5	4516
6	166
58	167
66	202
2	292
0	302
25	61
13	61
101	5487
442	0
195	1432
0	1432
0	510
0	379
239	463
66	0
41	15
0	15
46	143
90	143
0	8667
4	0
1113	2
0	134
8	177
1	0
28043	31
7	21
76	21
4	0
1022	114
0	114
57	0
872	524
607	737
9	4626
0	3716
2217	1069
0	1067
104	2071
0	86
4	2072
0	0
7	66
0	52
37	6984
376	2430
0	1520
0	1773
0	1372
62	6640
0	155
0	154
7	17
2725	1
375	0
0	0
0	0
0	0
546	0
8113	6
0	99
0	235
388	294
0	234
98	233
0	92
64	215
16	117
0	121
0	118
7222	2201
593	1714
0	0
0	0
0	0
0	0
23	0
41	0
0	913
0	133
9	15
0	83
0	249
76	0
284	312
1761	644
88	5139
90	5416
103	5321
0	5390
3	4787
0	5389
100	73
0	16
0	4
0	57
5	240
0	54
0	224
0	14
0	30
277	31
172	1497
24	1494
0	0
62	248
0	248
4880	18
5363	11
0	561
0	537
3442	1
2254	0
0	7
2	12
0	12
7	10
0	0
0	0
0	222
1458	228
3862	7
0	126
0	126
0	126
0	0
222	5
178	5
57	0
1676	0
0	7
28	1563
4	1627
0	1528
280	0
107	2803
2	353
0	297
2183	2806
102	864
0	864
0	52
0	4
468	307
1	264
0	0
6270	3
0	0
0	274
12	274
330	3266
398	3202
167	0
0	0
3556	1
0	1
0	1
0	0
0	3
8	3
1047	2413
0	1191
417	449
6	435
4	113
0	0
29	0
527	1921
0	58
212	709
2	60
0	649
0	0
582	59
2	58
0	0
0	0
0	0
30	0
94	7
498	83
59	83
52	1224
7	1224
45	134
0	134
232	424
0	0
846	596
230	596
14	532
0	2812
4	2899
4	1246
1366	3294
98	2813
0	2805
231	2831
536	2046
58	2046
0	2
1914	4
0	0
1801	6
100	85
0	12
6	76
2277	3
2390	274
0	274
3035	86
0	26
32	137
112	4728
0	1004
3	4735
0	4503
226	5621
9	14
0	19
0	19
0	14
0	7
0	37
4	0
90	44
1	64
87	64
3	307
384	250
0	250
0	0
15	1080
247	1080
4	1068
133	5632
0	0
1173	4
734	3886
209	183
0	238
27	3937
388	292
0	0
0	525
0	0
18	91
5	79
0	12
461	0
45	107
0	59
0	120
53	277
0	277
1	32
15	32
93	540
0	0
284	5405
0	689
438	5255
28	732
1155	0
389	1795
0	1795
0	0
17	0
36	11
0	11
74	5487
15	19
0	0
0	0
648	1099
0	1099
6622	2
8	28
0	28
0	13
0	13
80	24969
27	24564
201	25062
12	24580
163	27862
389	24251
27	1
0	1
0	0
0	0
0	0
0	0
0	0
349	1270
151	0
0	0
0	0
21	0
31	0
5660	195
9	0
0	188
38	0
669	0
0	80
9	288
28	430
319	430
2142	5
0	705
142	705
0	0
1610	1
0	73
328	156
49	158
159	0
37	0
0	0
357	1714
13	1104
28	546
0	661
46	661
1354	1778
354	1778
0	726
3	4719
20503	4669
7	4657
0	0
0	39
87	2950
0	44
829	1
3	387
1080	387
121	0
0	0
45	5
0	5
0	360
0	91
0	757
0	768
0	41
0	63
0	51
0	36
0	7
758	8
0	0
0	0
620	7156
5450	6919
0	0
0	0
0	0
656	0
22	24
6	138
240	341
0	284
6138	3
8342	18
98	0
171	5295
0	0
0	0
0	0
0	0
0	0
0	0
61	142
0	142
0	1
0	1
0	1
16	0
0	5774
0	5564
6054	1576
2	395
0	1171
110	1
0	0
13	231
2073	236
0	0
253	7
5	0
221	843
0	282
8	1
0	17
38	762
46	784
0	784
9	49
0	49
123	86
86	87
3225	14
9	440
0	440
0	117
179	117
0	4
0	755
174	2499
2040	2347
18	2286
0	814
0	688
73	0
6626	252
0	247
0	0
975	0
28	1519
435	3730
5	3730
471	194
5	194
0	171
1	171
0	30
88	30
0	135
3	69
6	183
1079	347
0	124
25	670
0	696
0	669
0	109
0	270
9	271
1042	0
0	3121
0	83
11	1642
7	17705
2	12506
0	17205
0	17308
0	0
124	0
1	0
0	0
33	0
10	0
8	64
0	64
109	9
726	292
0	196
0	292
141	0
50	333
1	333
3317	0
284	505
9	0
427	504
71	0
1209	0
0	0
0	1
0	1
0	1
0	1
2268	2
6	0
175	4546
419	4546
946	274
0	136
53	136
0	1181
637	1181
886	109
3	77
0	5
0	5
0	77
1	0
0	18
39	18
4	9
0	9
8589	4019
0	4015
50	3577
0	1690
16	1421
3	1748
0	1338
1845	942
10	456
15	910
0	177
17	250
633	4119
8	1467
0	1999
0	0
0	5
0	5
11747	3
171	342
103	0
269	182
0	43
80	455
0	62
0	0
2	35
394	97
2022	444
2	251
0	193
313	613
42	550
3300	3
0	232
0	25
18	740
0	102
0	710
0	418
0	191
0	176
51	643
0	296
0	143
16	62
0	78
0	249
3	3505
3432	13436
0	7852
0	0
1067	1227
0	1227
473	1
2213	1451
71	0
71	11
63	3827
161	507
0	47
6	186
0	113
0	3827
85	1792
119	399
0	41
0	41
34	358
1653	998
0	271
1	399
145	399
244	9128
2177	9128
0	0
748	8801
0	4855
0	0
28	128
8	72
207	0
0	153
0	144
0	196
0	193
1	141
0	193
57	103
0	3
0	38
0	38
0	590
0	1217
16	1165
5	516
0	304
0	88
27	0
12	119
0	119
15	113
984	110
0	110
107	100
0	69
0	8
0	96
0	90
0	467
108	467
2935	4323
43	427
3	144
1	260
0	12
7	260
3635	5
0	1750
0	1067
828	1774
89	1
633	0
0	0
0	0
1121	1807
0	0
0	0
8	0
264	0
0	1255
2685	3432
0	3430
7	22
0	22
454	696
14	426
0	649
75	182
7	182
9	618
9783	622
1338	79
0	79
157	138
15	145
2067	145
61	10381
3295	6524
0	8604
0	4301
0	511
2	6228
0	5993
0	2877
0	2092
234	2204
0	511
0	16506
79	16500
318	108
0	26
0	108
4	0
35	23
523	23
0	24
244	505
66	35
468	369
3	362
619	3386
0	157
0	90
0	3084
9	3239
0	0
0	6589
3618	6589
1274	666
0	666
46	138
0	697
0	697
192	1271
9181	1280
17	301
27	1266
0	1198
4	251
0	53
1282	304
50	0
0	0
0	0
0	2139
0	72
6	2363
5	2164
0	2313
0	2263
3	0
0	0
0	0
11	54
0	39
0	35
0	4
40	210
0	181
0	93
0	0
0	1
0	1
0	181
0	210
3	0
78	0
0	0
58	0
228	671
22	1720
8	0
459	1708
0	46
0	70
0	1705
2	345
0	343
1191	1886
6029	4890
545	2208
0	913
3670	8
118	1695
0	81
0	0
6	28
24	1695
0	0
0	0
113	198
0	42
4	78
0	222
42	246
37	246
0	0
0	0
338	368
2585	1
827	5381
0	5381
0	1377
91	1377
5	230
52	146
1406	834
0	467
3	710
20	47
0	47
1356	0
0	549
1	929
225	2232
0	771
1	2178
1888	6335
0	6333
4	2
0	2
20053	4680
3	0
3	62
0	30
0	55
194	0
35	105
0	105
0	0
0	569
0	159
12	938
4060	1383
902	0
0	0
0	0
0	0
53	0
19	113
0	20
0	20
0	0
0	283
0	283
0	0
1261	0
5002	7
5	21315
89585	21524
23	5747
100	73
0	117
19	86
2748	2
0	634
207	634
82	178
4	323
0	0
0	0
38382	5109
2	5070
131	1177
36	252
283	1047
3922	5
997	2971
55	2959
0	0
0	149
187	149
3972	401
183	365
49	143
0	454
0	307
0	0
0	0
0	0
0	0
0	0
60	0
60	107
453	112
984	0
0	0
0	166
0	166
877	1
17	26
115	26
0	0
0	26
40	0
0	1
0	1
0	33
96	57
0	5
0	58
0	55
151	202
0	202
54	393
0	237
9628	638
2942	10374
0	10343
0	1894
783	325
1162	1036
0	1035
197	218
0	137
14428	5
38	448
0	155
0	365
0	422
0	0
0	2867
3791	2844
21	868
56	564
2564	1881
112	168
0	7
0	69
0	1877
40	115
467	958
0	958
1564	264
0	39
0	0
0	0
0	28
3	3
83	110
0	107
47	0
32	775
5	775
0	0
72	4
0	0
0	0
0	0
0	0
2	0
0	807
725	810
31	100
0	8
0	14
0	93
21	6
0	6
610	0
3048	1848
0	288
0	0
0	161
1461	6639
0	1315
21	545
15	5880
358	0
558	499
0	46
1	453
46	18
0	13
0	0
0	131
0	3
0	90
0	128
0	131
80	225
438	400
0	24
61	70
0	0
368	93
57	3174
18	1936
1704	3174
46	1813
2973	827
0	878
0	963
0	1090
60	21
0	21
2809	8
156	6
977	0
976	1029
0	1029
292	467
0	588
180	1488
344	2634
32	13612
137	3154
2	13729
14	13625
61	0
30	0
59	282
0	346
18	362
84	14
0	14
57	44
0	44
8	44
3	488
3105	380
306	374
11629	6521
6	6512
10	619
163	246
167	678
21	172
0	179
0	179
0	0
118	381
0	381
5839	1652
0	260
38	1389
9070	6
168	0
30	482
0	466
23	161
0	161
0	147
0	262
0	24
145	242
0	718
266	718
3087	5
603	252
0	252
0	175
46	228
0	233
192	119
46	652
35	652
523	3
1509	212
297	0
163	243
0	239
0	4
0	151
1702	11559
173	11606
0	5
0	0
0	0
0	15
0	15
0	3
0	0
0	0
3200	414
0	411
98	0
135	28
4	28
0	458
778	1004
0	957
17	310
2271	1840
0	44
80	857
356	1870
1	1441
314	1862
6230	50526
603	52029
0	26685
0	0
0	0
566	4847
21	4847
34	5
10	5
5	2857
0	2056
19	3627
0	3090
0	2870
0	0
0	0
0	1308
0	82
321	1308
0	4
1	4
0	4
2264	228
0	222
742	256
0	32
0	224
150	15
0	15
10	7918
31216	20317
201	1379
25	17214
0	1693
2	183
0	331
11	189
28	79
124	143
0	64
0	766
34	766
410	766
0	0
75	0
0	247
118	1248
0	145
0	1146
527	0
1564	597
5	590
1	0
1977	5
10	4
3	4
0	6
0	0
0	8
0	10
0	10
0	10
77	0
119	1796
0	339
174	412
2	0
250	0
0	19
231	231
0	207
0	198
25	72
89	1923
173	0
3	0
1195	835
0	664
0	141
0	15
0	12
0	59
0	59
0	30
0	59
158	1423
0	277
0	325
0	2109
444	2110
2	1649
244	1649
2	0
0	0
2	50
0	216
0	244
860	511
0	155
1025	164
0	153
800	93
24	34
0	35
1	0
1074	2
5	0
849	0
2	17
0	4
1291	7
70	1365
920	1365
26	502
0	370
0	1538
103	1656
512	217
0	43
24	43
0	10
0	10
3431	903
228	401
41	502
1203	43
30	43
773	550
0	186
269	1741
0	701
0	325
0	1740
35	21
0	0
101	147
238	795
0	0
0	716
0	719
4	808
9	0
24	0
2	4
180	782
0	786
2932	42
0	42
0	119
454	241
0	122
154	1011
8	1023
33	1023
1104	0
0	0
0	0
152	11428
23	10861
1206	11119
13	44
0	0
0	44
2955	1492
0	0
0	55
0	20
0	109
19	13859
820	13860
116	0
0	1441
0	242
0	1585
0	1628
46638	27
99	325
48	329
576	314
61	132
5	314
0	0
0	0
0	0
61	107
10	5
0	112
34	152
0	152
0	0
0	2
9	30
0	30
7018	0
117	3
0	79
0	47
0	215
0	234
0	0
345	2019
26	2017
5	993
1742	1726
0	525
4	466
0	73
13	50
985	74
2967	6
0	0
0	71
0	163
249	8
0	8
0	0
0	11
0	3
0	11
1112	77
0	76
588	0
0	0
6	0
0	0
3	859
247	1025
0	80
9	1158
7	777
60	769
4113	3663
4	1281
61	1472
0	0
0	0
7	148
25	80
2	148
0	12
42	12
0	3
22	16
0	14
0	0
0	0
0	157
350	159
2049	2
55	1577
6	81
4	1392
0	14
1212	0
308	0
103	588
74	588
29	393
0	351
0	393
22	58
0	9
110	0
5	0
0	94
8	238
148	238
22	13
0	13
8	0
42	218
60	218
0	12
33	300
0	28
0	293
0	3251
51	3251
11	0
26	0
0	0
1105	0
100	299
0	299
1895	37262
134	37260
57	1
7	117
0	98
64	361
0	361
384	1915
17	147
159	1915
4651	6951
1812	2
153	3205
11	3205
3	10
0	17
8	17
2129	4
67	0
0	3
1	3
0	0
1406	0
1174	53141
481	8347
0	7976
59	53510
0	110
0	1388
0	2627
2127	2660
0	65
670	190
4941	10
0	0
301	411
0	411
40	3
0	1
2	148
1295	148
742	0
8171	22
120	39
6	39
86	2008
216	2008
87	18
0	0
0	0
1588	479
7	479
849	626
0	626
0	7
0	7
0	0
240	125
0	125
1	596
0	54
578	54
0	357
85	133
0	107
184	6
1577	19
93	56
0	89
527	145
73	845
0	148
23	845
0	55
0	73
0	65
0	249
0	48
0	842
0	14
0	119
3	3697
0	3716
0	3557
0	0
9	63
5	57
4	6
405	6422
20	6422
0	0
0	25
4	25
0	58
371	241
0	46
0	63
0	241
0	1
0	1
50	1989
0	0
1019	163
0	163
0	91
0	153
63	1990
7	1024
0	1024
68	1933
34	76
74	76
169	0
150	17
0	17
0	5
57	90
0	41
0	8
0	8
0	215
1	0
0	0
0	0
0	3686
0	75
11	3730
1090	0
0	546
60	843
179	3
0	21
68	21
238	826
0	825
543	0
505	60
39	60
488	0
0	81
140	81
4	0
158	59
1	56
953	179
0	179
0	0
30	0
2687	2
0	15
162	15
1418	1209
13	1206
0	0
28	4
5	4
0	20
96	98
22	98
4042	912
89	2
0	921
0	918
2	350
375	90
0	3
0	86
168	0
89	501
3413	498
61	259
196	154
166	52
0	52
166	0
32352	41
24	149
11	149
0	1
4	1
168	0
171	4965
0	35
114	3941
23	4676
6	117
6702	5
0	18
0	33
0	0
0	36
0	36
0	44
0	40
0	48
25	21
0	21
0	21
6536	3
27	0
8	0
44	54
0	118
47	118
283	0
0	124
15	124
9259	5
1109	109
0	108
25987	19
813	0
18	0
744	3546
0	793
0	708
0	363
0	17
0	342
0	355
0	347
868	2667
397	2672
375	2
1190	0
91	160
0	160
0	103
49	400
0	111
0	27
0	33
7	1495
0	58
1652	520
2	515
1332	3
0	0
16	0
1530	2000
11	202
6	1805
42	1138
491	6581
20	6495
3843	15307
23	15297
2	10411
97	0
482	0
383	0
184	6
0	6
2242	1071
68	1071
0	10
60	220
0	2
27	16
0	12
4627	6
0	0
52	0
1400	63
2	63
98	46
218	46
16	12133
0	5170
0	9968
27	10693
3	10489
32023	17507
0	10575
0	2264
114	2150
0	1388
1444	67
0	66
32	78
305	1404
200	880
0	64
12	1471
1567	442
0	12
0	8
18	24
0	15
2	298
155	298
0	39
831	39
0	67
654	67
0	268
0	244
0	336
0	487
9	314
19	39
0	1719
0	303
0	1676
1513	3
0	0
0	0
9	0
200	0
22	393
0	291
29	308
26	308
164	8
0	6092
0	6228
19	6228
28	21
0	20
0	1
893	0
123	0
5	63
24	138
344	959
6	84
0	959
1540	1596
0	759
0	1584
2039	4
0	4
0	0
0	0
0	4
0	49
2	185
104	1251
69	1249
3353	2790
0	2790
166	0
1686	5219
3	1129
0	1968
1481	4
321	769
0	885
3748	2289
0	2288
656	183
0	183
148	631
0	3014
0	322
0	6657
15	65
0	5901
0	5818
1703	6445
311	1299
21	28
0	28
887	0
202	0
2	3
1548	1
3943	876
0	876
205	823
8	825
82	255
220	53
0	45
112	8
12	1397
41	1492
0	1482
0	1541
5	1374
0	0
0	0
0	0
0	0
0	0
4	0
0	0
0	0
0	0
0	0
0	0
3	1
4	805
0	604
0	808
0	806
1481	776
4	775
75	0
0	8
0	0
0	8
0	4
0	4
1058	0
126	516
0	516
72	39
0	35
22398	1904
0	0
3847	8
121	2106
4	2106
48	152
0	152
0	19
0	145
0	44
0	145
0	145
148	114
167	114
0	23
23	25
0	2
30	247
9	247
98	0
127	449
0	449
198	1
5444	8888
0	8888
0	0
341	3713
0	3713
0	11489
2	15341
6074	77017
0	59901
0	77021
50	0
1835	2
25	2
320	1684
0	1758
0	0
4	156
0	54
2	219
385	2065
0	1971
5	120
9	122
38	411
7	326
0	300
0	331
187	0
0	3
0	3
0	0
0	0
13	20
0	20
911	0
1071	0
9	238
89	238
34	753
4	753
1	753
850	672
28	27
33	669
5	642
3	46
0	39
0	9
0	10
0	47
0	47
1524	1122
118	1121
1036	4
0	247
68	6704
0	6512
0	0
0	0
47	1242
3	708
190	1686
3	1590
3	300
859	658
7	0
1323	26
114	319
0	308
24	263
405	308
0	11
0	0
0	11
3745	5
8	0
0	0
0	4
0	8
0	8
4156	7451
23	852
0	510
0	7212
402	6949
854	1
14	0
0	705
2865	2023
0	2164
42	2085
246	0
0	439
0	436
4	426
0	444
0	430
1869	1686
0	1674
1810	7
160	9506
2518	9509
14	3651
0	673
0	485
8	6487
5	5565
0	6197
134	0
5	248
0	248
372	0
2290	443
0	442
0	20
3	95
0	95
116	198
0	65
0	138
538	22
1	21
19	0
0	0
723	603
30	601
0	8
0	9
0	9
150	2859
17	325
40	2859
3	0
0	0
0	399
5	4660
110	4856
6	32
0	13
0	27
1	32
0	22
112	634
0	1152
0	1224
0	0
0	13
23	13
0	75
0	14
0	1
22	77
21	145
45	12
0	3736
76	3888
0	49
0	168
0	0
0	0
200	2662
107	2450
0	91
0	125
1	258
149	1552
50	1518
1	207
448	2
225	1643
2959	1645
0	187
0	30
14	187
0	2439
0	56
16	680
0	847
362	728
131	2258
8	2258
0	2911
21	2790
0	454
109	231
17	2357
1111	2
2156	3
1136	1847
7421	1030
779	7
2310	855
0	853
0	18
71	0
17	215
129	935
0	935
16	17
0	17
0	10
870	0
65	1372
0	1372
0	12
0	12
0	299
0	0
2020	3515
0	3491
0	3487
278	0
363	100
5	100
250	21
0	21
14	363
7	71
0	336
3	6
0	166
305	166
1	0
0	0
0	0
0	67
109	67
274	258
99	258
2043	575
0	575
0	42
108	38
0	38
159	400
46	1718
0	1718
3	1519
381	0
1130	0
1697	0
0	0
20	94
49	142
16	97
871	628
128	0
66	427
67	2028
138	2028
190	128
9	63
0	59
0	820
439	1043
860	5
20	0
52	225
3	202
0	62
80	86
412	49
35	48
3099	1952
0	1818
0	1820
0	1922
1	46
0	48
0	20
4	43
708	77
0	77
21	0
32	0
4964	9
2512	13
14	50
0	50
510	6171
0	175
0	218
4065	2459
0	0
0	0
0	0
13	0
0	0
0	102
54	102
64	52
28	9
0	28
1166	530
68	26
0	0
306	0
24	33
0	1
0	32
0	0
0	87
0	93
1	93
547	890
3	0
0	1042
118	2540
1	2638
0	2369
1280	0
783	0
671	0
1094	55
0	54
199	0
71	17
0	17
0	0
698	692
45	691
17	67
1059	558
0	558
0	0
0	0
2815	2212
80	2211
1193	4
0	0
624	132
0	130
12	0
636	0
12	10
0	241
0	142
0	582
0	499
7	68
9	1094
0	1501
0	56
431	56
336	0
16937	2442
1	2426
5187	220
22	213
3	0
117	0
1046	0
142132	111697
544	0
3	0
0	0
0	0
0	0
0	0
0	0
87	0
0	216
4575	225
5274	654
6	649
0	2201
0	2513
8	1263
1421	5075
0	26
0	0
28	26
32	245
6	62
0	39
0	22
3	0
2	389
794	389
986	2
0	0
56	139
0	139
0	139
0	82
105	82
0	0
0	0
3955	4
8	0
540	4
1338	692
0	667
0	489
161	0
170	113
0	83
5	140
73	0
182	102
0	100
0	80
4	5820
0	5825
0	5638
12407	6
0	51
0	9
0	229
0	74
16	196
0	0
0	0
0	0
0	0
336	0
63	893
284	1370
25	1057
195	0
0	0
3046	4
180	203
1415	203
341	0
0	13
0	10
42	13
0	13
0	0
0	0
0	0
12	628
23	640
4223	10964
0	6609
739	13389
0	13389
2731	651
0	644
493	0
0	0
1050	3
99	0
0	0
62	49
0	49
0	0
0	0
0	0
0	1664
924	5481
0	5510
0	5510
5022	2
1826	10
16	1489
2027	1313
0	1312
146	1673
3	1690
2106	4
2	30
0	30
383	20
2325	289
1	289
300	145
4	145
1269	0
303	79
0	79
0	107
4	190
0	33
87	831
6	799
4235	1
16	0
0	469
0	449
0	521
0	501
0	469
80	0
0	90
206	480
4	390
17	30
29	30
908	218
0	175
0	578
0	563
0	8
0	563
93	569
640	59
41	56
4	2
0	2
0	2
0	735
3	494
0	1060
988	1343
1	979
0	120
90	120
1771	1
150	461
242	16
0	733
365	734
10	21
0	21
549	1328
4	0
195	41
0	41
0	41
6	0
66	1514
388	1097
344	1097
77	408
14	408
136	1490
0	1490
3	644
342	838
5106	2
1436	1421
0	1421
0	0
16	0
1378	1
0	271
2227	398
0	0
0	0
17	109
142	109
5917	612
0	612
693	504
2	326
0	502
1058	7
4	101
78	73
350	486
0	481
63	461
65	53
44	21
0	8
0	1
0	0
0	527
0	535
4	1
0	6
137	0
0	0
0	0
1676	0
118	82
0	82
599	37
0	47
8	1758
4	1758
0	0
0	6
0	23
0	6
9	23
15	14
0	0
0	0
57	241
1188	3317
24	1578
0	3305
1	1961
3882	2007
2	677
111	719
124	826
510	643
0	643
83	146
34	146
8814	13139
13	16
0	0
0	0
0	54
0	5
0	13
0	53
0	53
0	53
245	0
111	15259
84	15259
0	804
0	11192
0	1
0	8
24	9
136	12
0	481
10	209
0	0
1289	3088
108	0
50	0
24	0
97	3586
0	3586
0	2780
0	3604
7	0
0	0
0	82
0	129
0	312
0	335
0	0
3	2064
115	2064
37	0
5	2
161	0
0	0
319	2231
0	2059
0	2303
10	0
1159	0
0	0
0	0
0	0
0	0
0	0
929	0
272	527
0	0
1407	179
0	179
25	0
0	92
491	1007
17	105
34	60
38843	25
0	18
0	18
6238	2
0	19
146	213
0	215
0	51
0	236
0	216
0	0
0	0
0	0
27	151
0	41
0	151
1283	3
0	8
0	91
1439	99
4185	9927
2	9035
55	35
0	35
6132	2
2642	0
0	0
0	0
0	0
0	131
198	225
0	244
9	316
0	316
0	1350
109	1198
8	1575
27	3071
46	2995
0	0
292	0
83	40
0	9
0	31
1359	1
778	1869
0	129
90	1862
1108	0
3	2513
6	7583
14122	10107
0	0
70	1875
274	2529
3	654
45	97
547	341
0	30
57	115
35	271
0	33
1	47
0	267
0	55
102	154
0	0
0	0
0	0
2	0
0	10
10	10
0	0
543	0
16	0
19	0
0	5
0	5
396	193
0	193
341	1997
1262	1999
0	0
18213	4
52	118
0	46
0	72
0	71
0	65
0	39
2082	393
0	194
0	302
39	62
310	65
0	0
20	0
0	0
0	0
177	557
0	495
0	495
859	133
0	133
891	1364
0	211
6369	926
0	913
0	42
0	61
0	37
0	56
12	120
0	64
7412	4069
0	0
12	1130
8	132
10	1013
605	1
3	68
0	104
25	0
0	866
2263	3489
0	3460
12	3231
1721	691
29	28
0	5
0	23
0	0
10016	5329
2	5317
0	5313
94	5055
0	5322
0	597
887	1054
8	521
0	434
0	1002
3	309
0	540
0	476
534	676
6	189
366	3190
254	3190
0	0
395	297
92	75
6	75
4	6
0	6
2384	1088
0	1080
26	692
522	693
12	17
1752	438
0	415
439	9
0	425
938	201
46	200
0	0
577	3999
0	3999
0	0
0	0
0	0
18	0
53	158
115	1772
0	1719
8	1633
39	377
5	0
104	0
0	0
0	134
91	134
721	1
786	296
16354	1940
90	0
2800	1010
0	214
0	790
3022	210
0	209
0	2216
23	2141
0	175
0	2794
4	2522
462	2950
7	1
166	1
1	2681
325	2091
377	2095
18	305
676	305
3	0
0	0
1879	1
259	32
0	32
5315	198
0	187
0	64
1	57
0	33
406	3313
0	3292
0	7803
0	7851
15	2594
1	0
0	0
1003	539
0	174
8	26
0	26
45	106
0	41
0	24
7	117
0	115
7	137
740	3131
12	920
0	2910
0	0
1053	1
7	98
995	138
12	197
8	4077
39	4523
51	926
0	3482
0	3816
938	2
9578	1860
0	1851
231	1440
0	1440
772	1
32	49
0	49
749	5705
0	2909
24	4095
0	1230
0	0
193	0
0	5
0	5
17	5
0	0
0	0
0	0
0	0
5	41
38	41
0	0
16	0
17	0
0	795
25	83
37	182
0	795
3859	558
0	552
3442	2922
0	724
0	503
0	1720
0	42
0	73
0	111
268	122
0	112
43	3787
25	3787
0	2909
0	754
0	0
0	2033
12	2631
0	1565
13	2596
0	1277
1358	1277
0	0
0	0
0	53
132	53
0	0
77	93
0	93
109	0
24	5
0	5
1564	0
747	1
0	1256
0	1349
3	1211
0	0
7	75
0	75
493	4
5795	384
5	379
57	1681
17243	1695
0	748
0	1087
0	1945
454	0
4273	5
0	57
1	1194
0	51
0	1498
0	1490
1	1011
0	97
0	88
34	282
13	155
1	166
4	215
0	0
10	969
0	913
0	762
0	382
0	49
0	49
4290	1979
64	1723
12	1643
0	0
2	0
0	0
0	0
0	342
53	408
46	514
0	1003
25	140
0	2614
2	37
42	2676
0	1003
0	1018
48	408
0	277
0	470
0	0
1	17
44	3165
0	555
8	3356
45	399
12	343
0	146
0	0
0	0
0	0
563	0
52	62
12	62
0	0
23	0
0	0
14	17
0	17
280	0
76	0
0	77
284	77
122	899
0	899
483	653
2243	102
0	101
0	1067
0	273
0	379
0	1208
109	1358
254	411
0	96
44	206
3	5
0	5
0	324
0	213
10	1297
114	1304
0	1280
0	1259
0	0
158	0
6	107
0	45
0	100
1568	3058
0	3057
35	38
0	38
6	3
0	3
100	38
0	2
33	2
67	3
9	8
0	4535
0	5079
0	2362
3	0
1405	1856
3	801
195	1572
1849	2
0	0
3534	5
0	337
9	0
12	337
388	33
0	33
0	0
32	0
0	0
0	25
292	25
49	212
0	136
2	212
721	101
0	101
0	0
1473	6
0	0
116	8
0	8
0	4
7	14
108	0
0	2
0	891
0	201
0	582
0	611
0	411
389	1423
90	849
0	406
21	408
0	408
0	0
4	0
478	514
0	417
0	525
0	518
0	9
0	0
0	438
0	977
0	1551
0	1289
0	132
0	106
26	132
0	0
0	12
0	12
0	12
0	12
0	0
0	0
0	0
0	21
46	0
0	0
0	0
0	0
0	273
103	408
0	746
346	1153
200	194
0	194
268	1380
0	86
0	1380
0	474
0	236
0	680
132	1154
3075	0
329	1372
0	1372
0	0
0	9
126	444
0	315
91	3448
6	5293
0	5035
0	23
0	50
135	0
1015	0
0	331
2210	345
1	78
42	3096
33	3096
11	2668
4	9
6	261
32	271
0	271
0	195
19	446
17	487
0	11
0	16
32	41
0	16
0	30
0	23
4749	5
228	769
0	792
326	0
4	3628
97	3036
0	300
724	3286
0	3306
0	618
0	2943
128	0
12220	7328
0	7322
68	87
79	13
0	13
0	4
0	0
10	6
0	4149
0	5408
7824	25840
776	22906
123	230
102	230
2781	1026
0	138
0	34
0	86
3	1065
0	0
0	0
0	0
7	2870
6	119
14	463
375	2870
245	0
0	2
8	10
0	188
507	938
0	954
0	9
77	3
7	1
0	780
0	7559
0	7654
11	7513
0	7499
0	7420
13	6683
0	7435
0	7763
488	501
4	252
34	122
845	1940
11	1940
205	21
0	21
0	0
85	1119
59	1119
255	16
0	12
20	26
136	26
2	1
0	1
0	60
7	766
0	770
33	7
77	497
0	497
0	9
2	0
0	0
55	224
473	0
1496	18
8	18
0	0
0	0
6	7
0	650
384	888
0	372
0	679
53	870
0	0
265	0
552	1149
2260	755
18063	9874
240	9861
1414	75
8	74
0	156
1131	423
31	165
0	258
2057	4
3027	1
3	20
13	0
0	327
0	178
0	328
0	138
0	337
0	301
0	256
28	974
0	286
1	1098
0	775
239	0
17	0
2383	3
237	866
0	243
0	512
25	593
0	477
1907	4
889	1
58	147
0	0
0	0
0	0
0	0
0	0
0	12
0	11
0	0
0	94
52	94
4	0
0	0
6	924
0	670
0	884
39	1115
0	1389
25	1138
26	1330
20	6088
1	6163
3	1264
113	0
40	597
0	137
0	597
280	416
59	416
1917	2
610	1
1	0
1312	61
2517	1
594	325
0	65
20	364
0	118
537	118
54	720
3	720
3178	6
0	0
51	0
0	328
991	330
645	0
133	0
14	0
0	0
6	0
7669	10
26	538
0	530
13	71
0	702
245	4891
31	54
54	661
221	4918
0	2098
124	2103
183	2102
0	206
0	7
0	202
0	207
0	211
1152	81
50	81
839	4499
7306	4499
0	19
0	22
0	22
963	2304
0	183
57	183
5	1392
0	434
3012	1394
6121	3756
38	3751
26	3744
159	54
28	0
0	54
2	0
2672	3
149	634
661	516
0	367
0	740
0	512
42	2252
2354	3160
0	3133
407	1892
1548	0
0	0
500	2315
19	1757
0	76
24	1774
61	2317
6	47
3	86
0	55
15	115
55	1243
4	292
15	1191
1	716
4	0
374	2583
9703	7
177	1922
0	0
0	0
82	0
5	0
0	34
0	46
0	0
0	0
19	46
0	44
0	159
1572	1054
34	879
3966	0
3	121
1613	2487
254	0
34	1023
21	1023
5790	5
788	324
0	324
0	41
0	41
110	903
1055	903
0	0
0	89
41	219
239	428
5	8
0	388
95	273
863	273
16	0
5587	231
0	3
466	1288
0	1288
0	0
224	365
0	365
0	0
8	66
0	70
0	66
3	70
0	70
272	0
2985	484
0	480
68	1779
19	1779
600	0
0	0
142	0
934	0
26	0
1	0
0	0
0	0
0	10
1307	2
10	34
0	0
10	0
330	637
96	206
0	664
22	889
168	889
45	154
576	91
0	88
37	197
252	197
248	478
12	0
0	478
194	0
172	818
0	745
0	737
0	851
0	834
14	500
0	68
14	500
7080	15
432	1
0	52
12	52
48	0
41	0
10	1257
303	1257
0	8
0	8
0	4
0	59
0	69
0	67
3	61
16	1787
0	1787
3965	3
55	0
1428	4266
0	388
0	2723
21	771
0	2838
189	489
0	4075
3	4157
0	4075
0	3973
0	63
33	63
20	11
0	11
0	0
0	0
32	473
0	335
3042	612
8	95
0	77
0	323
36	323
22	0
111	464
172	552
1164	3244
0	3298
3296	4
0	163
0	109
5	1310
15	1310
0	0
0	0
0	0
0	0
19492	9182
546	764
0	275
35	419
4	419
6	89
0	89
1769	1
244	1
596	638
0	179
0	224
0	638
5869	5
0	0
0	0
0	0
0	0
0	0
520	0
12	0
0	0
4	179
0	119
0	11
96	62
1090	0
0	0
56	0
15533	3147
36	714
579	0
0	0
23	83
0	83
2014	1
706	1
4	37
0	4
36	294
296	273
15	4058
0	4058
14	222
0	213
4	213
6	222
0	213
5	1595
4991	1546
33	308
0	56
3	289
0	313
471	153
0	153
670	3
2	246
70	246
19	0
0	0
56	118
32	1298
131	190
2897	2
1	136
803	136
11	173
48	161
0	80
467	0
0	119
0	179
15	126
208	0
9	0
243	4382
0	333
19	4180
195	335
0	335
9758	434
0	433
419	2102
0	104
2	2114
16	153
127	0
31	0
0	3
0	4
816	1
1	943
0	513
0	81
0	55
905	2262
7	1832
0	961
127	961
0	0
0	0
0	177
226	2740
0	2810
0	2742
612	702
269	703
3403	4339
0	174
0	494
0	0
1479	246
0	12
0	246
0	1
2	0
1	2
13	5997
0	5997
0	258
4921	5917
49	0
7	5
0	5
671	5549
0	5549
0	1582
5419	12
142	0
9	0
9	0
59	175
0	130
373	426
0	1
0	0
0	21
0	16
9	388
0	0
14	0
0	0
0	4
0	0
1503	3
0	0
0	0
0	1732
0	1776
0	1792
3	1818
0	994
0	0
785	279
0	279
14218	6509
7	6495
146	1256
344	1256
61	6
0	6
10	11
1512	11
0	0
0	0
0	0
0	881
0	374
0	904
0	397
215	890
64	327
70	15956
3	303
0	16143
2	464
37	3902
1877	3941
0	410
0	0
7	0
711	2
40	804
0	625
0	659
806	14421
82	6545
69	5816
73	13918
591	201
0	1023
16	5856
6	5811
22	5812
17	5884
0	260
0	179
0	193
0	195
52	0
0	0
0	0
4	0
2750	3669
26	1438
0	3669
3768	2
0	0
0	0
17	1011
48	1011
54	0
482	1475
0	1471
397	1
27	562
2191	566
0	0
0	4
0	4
0	4
0	4
0	4
11	581
7	397
35	566
0	295
0	303
36	320
20	305
0	271
56190	44
42	81
35	81
0	35
0	139
3	796
42	796
8	40
54	733
3	2
68	273
5	169
14	0
3	17
0	0
34	35
0	35
7	1713
68	1713
0	1713
32	3482
678	3485
1	0
0	159
1050	364
0	220
56	2640
0	113
13	98
277	2574
4	0
0	8
0	8
1	17
0	0
7440	2452
0	2444
0	316
14	510
5	506
189	517
16	517
0	34
0	69
73	100
4	30
0	17
0	30
0	0
579	0
1612	783
0	783
1361	3173
176	3173
0	0
0	0
1884	16
2	16
5664	9
0	0
107	8
0	1108
12	1147
0	934
0	931
0	699
0	620
0	0
0	0
3	3
3	3
0	3
0	0
0	26
0	42
17	68
107	1647
482	1647
745	1526
0	1526
15	1410
0	1380
0	501
0	74
33	131
11616	4
3058	7508
3	2287
0	4391
1	3132
1703	0
141	5953
13	3076
727	2072
120	5260
0	0
0	10
910	2151
0	506
0	165
0	153
3	82
80	1498
376	0
0	185
586	0
0	4
0	0
0	0
7	9
0	0
0	15
3	6
20	5
0	0
0	6
0	8
0	15
0	15
0	15
0	11
11	44
785	44
158	0
0	0
0	0
53	1084
2	1084
87	789
0	789
3376	449
6	444
19427	30
8948	2344
0	238
0	794
14	2194
16	394
0	38
0	1644
1	3920
0	3894
1	943
7	525
650	8
11	8
5252	5258
228	5315
5	3998
0	4399
326	320
0	143
0	299
0	123
0	141
557	197
428	5682
181	5682
0	2
0	2
296	589
306	59
5	17
0	42
0	45
0	42
0	0
0	0
1	0
206	68
0	68
947	2029
0	2028
0	0
0	0
6	0
0	0
217	131
60	0
17	460
0	123
271	178
0	178
755	5306
209	3052
34	1939
0	1109
180	1422
0	1122
0	3672
11	4072
2	4136
0	0
0	0
456	0
0	0
0	104
659	999
17	0
0	606
0	606
0	606
0	514
281	0
0	42
7632	270
0	219
198	3587
0	806
810	3587
0	0
4	0
0	750
0	617
0	588
53	35
0	425
0	283
34	489
0	479
1407	1774
83	1553
467	1117
205	1117
278	0
4	657
0	172
1183	683
5	214
0	744
0	410
0	200
0	76
38	76
2	60
0	60
147	62
0	31
17	1
3105	1204
0	1202
9870	12642
1855	0
0	6
0	7
0	24
0	20
1265	0
3022	7
37	40
4	12
788	85
1	85
0	54
1	0
0	831
0	843
0	729
0	855
0	818
1	756
12	756
71	354
0	420
0	349
0	420
0	2
72	0
0	0
1	0
0	0
0	73
95	765
14	646
0	647
3	770
0	211
52	230
0	191
0	191
0	191
0	1042
0	468
29	1050
1	1050
240	673
0	673
99	27
0	7398
0	7700
0	1514
1942	9872
0	16
0	16
7	46
205	46
294	2834
214	3801
40	3592
0	0
0	0
36	0
0	0
15	68
0	56
1567	12564
68	12562
25	626
0	3280
0	12552
0	11
0	19
0	1869
0	34
86	1869
76	0
0	18449
0	12696
0	13863
10	18449
0	76
481	76
51	0
9	329
0	0
10	45
72	7
0	70
0	1756
25	2638
0	2619
0	2705
2141	5
2	0
0	294
170	553
0	202
0	173
0	806
2371	806
754	550
0	550
4	1
0	1
0	0
11	0
341	169
8	169
1978	4358
0	4388
38	904
477	8
1942	4404
22	116
300	211
0	95
11882	7
0	4289
6223	4297
526	0
26	565
0	170
78	565
0	369
520	1639
0	336
0	1287
212	211
0	211
0	123
57	123
840	2371
0	2370
673	1
43	7075
0	7075
0	20
813	23
2670	1598
16	1505
0	1163
278	3625
5	265
0	3180
8	3671
0	6403
404	6403
1986	2022
0	973
0	1723
0	0
0	0
49	7
0	3
0	3
0	0
0	3
0	0
0	3
0	9
0	9
75	0
348	0
0	0
0	0
0	0
0	0
5816	13
1	3
0	3
4	556
1501	558
0	2
0	2
0	2
0	38
0	37
0	30
2833	112
0	78
1	32
53	24
0	16
0	24
47	1388
60	1388
13228	18328
3	8139
0	18315
0	166
0	14
0	166
131	0
430	0
102	1864
0	1864
0	0
0	0
0	0
0	1045
2692	1082
0	2763
4084	2764
591	524
14	518
84726	68
0	7316
3147	7331
7	176
45	278
2	818
0	560
289	818
723	1477
1036	1482
165	40
0	21
0	19
0	1363
4	1363
5	1363
0	0
0	0
0	15
7	15
1349	2
0	0
144	0
0	0
62	20
0	17
0	20
7	0
0	0
5	6
0	0
0	6
2644	3356
0	3354
0	0
0	1
0	41
8	598
5	567
207	1222
2	1222
0	332
575	5
0	3
0	8
0	8
0	8
0	8
0	3
0	8
0	8
0	0
602	2673
0	953
728	0
47	0
0	718
16	800
0	0
140	539
0	538
0	44
2	44
0	0
316	0
99	662
21	839
612	111
0	110
55	0
0	0
7026	5
0	0
2	234
102	234
953	0
134	1187
26	1282
0	204
22	87
0	8
709	305
0	30
1274	1
4	669
0	351
0	76
55	626
6	534
5	6
0	6
601	0
586	0
259	456
0	330
9	376
0	323
0	335
0	331
0	355
0	380
285	0
0	2
8	2
6797	8
44	0
0	8
2	8
52	8
0	643
0	291
0	330
7	669
0	651
0	0
0	0
0	0
19219	6190
0	454
29	5405
297	1916
303	2056
0	1096
112	116
64	1096
52111	12684
0	1578
3	9450
8	0
0	2178
1598	2178
2	4614
10200	17570
0	3164
152	17350
3541	11
270	61
303	893
3061	5
0	4
30	4
0	13
0	13
2301	10333
125	3135
0	9555
0	773
0	9
4	9
262	0
9320	4
5260	5
292	3
0	3
0	881
129	881
97	2756
0	3219
0	3371
10	0
1476	1084
5	1084
0	0
0	0
0	1906
0	1269
0	2376
0	2204
1344	0
1173	721
25	0
0	0
223	0
432	449
42	88
730	5066
0	1258
0	4390
502	170
0	0
0	0
26	666
847	667
529	7
32	1325
0	1210
0	114
0	114
0	148
0	111
6	184
4	1856
5352	193
0	190
252	346
15	72
0	320
1765	1507
0	1501
48	1501
0	224
6	224
1682	1
32	1581
0	137
3473	255
3	206
2205	0
245	3
5	11
0	11
329	0
0	25
0	733
0	1717
55	2200
0	2208
0	2208
0	0
249	1304
0	1304
134	78
1	78
45	138
0	32
8	52
0	0
531	220
0	220
0	0
0	0
0	0
0	0
0	0
0	0
0	0
0	920
0	4777
59	4777
5	0
505	3
10050	544
2	534
122	0
0	0
0	0
3	28
0	9
0	32
0	127
0	517
0	534
129	0
1701	3
29	77
0	0
0	76
7	81
316	254
20	0
0	418
93	423
43	407
33	423
24	0
224	0
93	962
7	836
5	999
9065	476
110	475
15	0
0	800
10	800
89	467
0	432
0	467
31	23
1062	651
6	621
0	29
0	502
0	485
10	479
24	551
0	691
0	4
0	523
95	663
26	0
1	5
0	0
0	5
1415	983
0	983
0	0
24	43
15	7
40	122
0	122
3	1159
115	34
0	0
0	0
5	0
0	0
198	125
1352	0
105	438
5	91
8	932
0	820
0	952
0	844
6126	10683
1408	568
26	422
0	82
15265	3752
1	1400
625	700
91	1742
45	30
1	1
28	1
1186	134
0	127
5	83
105	39
0	17
183	1
5	26
0	26
10127	18
0	0
0	0
6071	7
1258	585
0	0
0	581
0	362
0	0
0	0
0	0
6	45
0	36
3	455
0	364
3	306
131	128
0	190
308	721
0	515
31	434
0	176
2	256
1	1791
0	512
6	466
2	1760
2828	3
6092	5619
2909	5613
249	631
0	222
4	631
11	0
85	7
0	7
1556	5108
251	5108
114	0
0	1391
4	1391
37	3988
468	4110
80	83
0	83
112	549
0	549
3065	4
947	0
368	12023
212	12023
1170	131
0	126
1238	260
494	260
399	73
5311	352
0	228
53	148
1160	3
241	525
5	3842
14	352
370	3807
3474	2067
23	329
0	48
69	0
0	263
173	273
0	269
6	409
2733	0
2431	218
0	218
22	44
0	0
0	1622
25	1638
22	48
0	48
123	232
18	9
25	118
1102	1595
0	1575
0	784
1584	784
0	117
10	124
9	153
8	0
4	0
1117	1652
254	1652
1818	1729
3844	3
11	231
249	340
0	54
0	165
0	154
1671	654
0	642
0	510
0	3
0	3
0	3
1291	0
3588	1
213	658
0	77
538	658
11	161
0	20
103	0
3181	7
4	19
163	20
41	33
2	7
0	0
0	0
0	0
0	0
3	0
123	0
0	7
0	2
33	7
478	8754
403	8755
0	737
208	737
158	4947
50	5450
0	4255
2577	10
21	0
1359	350
10	348
9	0
60	2766
42	2766
0	103
2	39
0	41
0	103
0	0
0	0
537	0
190	0
1641	1933
0	1878
0	1930
0	1878
1	24
0	24
51	67
0	173
676	239
616	357
32	24
0	18
0	24
0	11
0	11
30	0
82	404
1	495
0	495
0	0
54	0
0	134
1161	137
150	13
0	7
0	13
6	9
0	4
5	4
0	0
0	0
0	0
0	0
0	101
0	594
0	1139
8	1202
0	1141
0	1138
175	653
33	2940
3	2939
0	1442
0	0
0	0
0	0
0	3330
9	8
1155	4163
0	3064
0	55
23	301
320	348
45	287
0	287
84	13769
3683	13773
0	8541
0	9291
0	5853
943	0
1112	0
98	659
0	644
23	305
133	0
3	0
0	1423
31	3532
627	3272
0	2950
4	2562
0	2950
62	77
0	1690
0	289
1050	1690
352	0
740	13
0	13
36	937
0	25
13	64
0	1
0	928
0	928
0	29
236	171
0	148
3	198
0	145
251	0
5	0
0	101
68	112
3	0
575	103
16	70
3	5
0	3
8	38
79	8
1142	1775
0	3636
1	90
196	3636
6	10
827	1
0	317
425	322
3812	0
170	20
393	3488
0	30
0	0
0	0
0	0
9	0
0	6
5	0
0	102
0	100
0	83
0	109
0	4
109	11
153	133
0	37
664	1
0	14
0	14
0	0
0	0
3078	4
2795	764
0	763
82	204
0	3
0	201
133	9
0	9
6	551
3141	539
17	82
1373	1
100	1
3	1
0	67
0	0
82	253
0	43
0	23
0	248
0	0
0	0
0	0
6986	877
2	212
6	653
3	0
2460	161
0	160
0	2923
0	4546
0	1983
226	11707
0	11580
180	0
3655	856
0	854
16	904
22	849
0	794
0	0
343	84
9	0
103	23
0	23
7	2
1	2
349	976
3	39
0	976
3	964
0	33
24	33
2	0
371	0
511	743
0	0
0	0
135	256
13	256
4	0
0	0
0	0
0	0
0	0
0	10
0	0
0	0
0	0
0	10
113	1448
44	1448
0	6
0	6
0	0
0	6
8	102
0	399
0	134
0	329
0	0
0	0
186	1
7	32
0	0
0	32
45	31869
23	8101
337	14765
4	28725
0	26843
158	0
0	11
0	187
523	187
4613	0
3937	5
1021	3472
195	358
189	365
0	365
0	7
5	18
66	42
6	42
280	153
0	153
0	0
0	0
0	0
0	1181
4	212
838	1170
80	963
0	0
80	38
12	38
0	1
190	0
41	4
7101	3
0	0
0	0
0	0
14963	2508
0	2503
201	191
4333	4
0	120
0	31
2	7
0	6
0	102
17	117
112	179
131	187
1145	0
36	0
0	19
11	367
0	367
2	367
8	10
2	10
1	0
0	0
0	0
0	0
0	0
0	0
0	0
885	0
0	355
2804	356
0	79
14	79
55	0
0	1607
14	176
0	1562
0	1930
0	1675
0	96
9	1886
0	2290
456	3739
0	3388
99	2947
0	2077
0	3175
0	1916
55	0
18	11
6914	4654
0	85
0	1057
0	2037
0	2895
0	0
1	126
868	2433
116	2433
0	12
2	171
943	643
4	639
7	168
87	24
0	24
192	275
27	279
5	222
0	163
71	163
1	278
190	278
4	0
0	0
20	5
0	5
11	9
0	9
0	0
0	21
0	1202
48	1211
6	11
0	8
0	8
0	11
0	8
0	0
0	0
4778	1322
7	1316
0	1
0	0
3	1854
0	401
0	1837
6077	990
15	10
0	10
0	0
0	10
9	103
0	10
6	109
596	3
11	0
449	1143
1	1143
91	1143
61	1143
863	0
255	271
27	281
0	0
4273	2085
0	1407
12	29
0	193
154	539
2022	772
0	771
0	1193
866	6632
140	6657
30	0
444	12
26	56
0	5
0	51
0	8
0	8
1709	1
168	68
0	3
9	4
6	0
0	0
0	935
1561	938
0	7
4	36
2	36
0	0
0	0
74	209
36	209
0	87
2	13
6	87
0	6582
22988	16983
0	1659
1770	17360
0	317
4597	1233
0	401
4	741
0	0
2	0
125	3862
0	67
0	0
0	3862
0	0
5	1335
15	55
55	60
0	101
2	65
356	90
0	422
2093	423
724	4722
168	4720
0	130
11	208
50	206
44	48
0	48
11	0
0	0
0	43
7	92
0	92
36	0
0	0
14	22
0	19
0	0
0	0
412	0
379	0
76	89
2393	92
0	0
604	1527
75	1527
8	564
0	581
0	581
0	0
0	265
0	58
1	382
0	0
281	69
0	69
10	271
4	271
3183	5
1234	71
1509	1
1669	3
0	0
0	0
29	457
30	457
0	0
13	0
0	1
0	0
2	1
0	1
670	1405
0	726
462	0
0	0
1529	0
422	0
19	691
0	23
0	1626
31	1607
0	1550
0	8
0	8
0	0
0	8
0	8
0	99
420	411
506	419
8	0
490	0
84	594
0	18
0	589
3325	9
53	2
0	0
17	6
0	6
0	0
0	142
773	273
0	131
31	1543
1154	1543
97	41
0	41
0	0
0	0
4	0
0	0
62	1885
0	154
0	149
20	349
0	77
0	419
0	315
0	1882
0	1074
57	797
100	777
0	237
12	1928
15784	3121
7	1931
0	1574
5	1552
8	2012
8	149
0	76
105	149
0	454
45	455
0	0
0	0
0	0
0	0
19	16
2080	0
637	5901
223	2332
0	5900
0	0
0	26
0	83
0	89
2	115
0	0
0	0
0	0
0	0
651	54
0	54
61	22
0	22
692	7
4064	1
229	448
0	441
0	441
0	17
0	331
22	335
0	315
16	63
2	0
0	0
0	0
0	0
0	0
0	0
2501	1
0	361
0	434
39	472
17	330
827	0
4	271
36	92
4	94
278	265
847	2
6	0
0	0
0	0
1186	364
4	0
0	0
41	52
0	10
0	10
0	0
0	0
0	0
3	14
10	109
155	123
0	53
0	28
0	71
0	39
0	74
0	71
0	0
658	1384
0	1384
0	0
1537	2
316	0
0	67
276	0
21	0
626	498
0	7
0	75
7	383
0	469
0	43
0	192
24	197
0	171
0	7261
0	907
161	7261
418	1
208	0
0	0
0	49
0	104
79	319
5	326
0	301
0	299
0	64
2	0
32	818
46	3112
0	526
14	474
0	317
18	2741
0	179
0	167
0	182
68	512
12	279
0	403
0	408
6472	2
12	204
4	168
0	272
20	733
1	824
0	714
1	1532
0	3
0	3
0	0
0	303
1034	303
0	0
603	0
0	9
0	9
0	9
0	1
0	0
0	14
133	0
38	6
0	6
181	2655
63	2655
0	0
82	1035
0	646
106	439
0	489
1530	95
0	62
8	45
1928	7815
2918	7811
0	0
0	176
1540	176
510	0
26	0
0	208
0	4
0	434
0	133
0	617
0	665
250	1147
27	1120
0	1000
0	996
8188	2642
0	2638
0	0
485	133
0	133
0	0
0	0
0	23
0	4
41	23
0	0
11	46
0	64
0	19
0	20
0	293
230	641
0	567
0	5202
0	249
0	668
9	4931
0	0
6	49
6	49
0	1
53	64
3	6
0	6
942	3864
45	2595
20	2865
4	332
0	0
370	626
15	626
113	0
780	0
0	1895
0	156
1	260
1328	1866
10	1638
0	1170
0	1338
7	1422
0	1199
0	0
0	0
0	0
0	0
0	0
317	0
856	2
0	0
0	0
555	0
49	4
0	4
69	89
7	22
163	23
40	524
0	533
0	533
79	19
3	41
0	0
0	41
0	832
25	819
0	779
6	2471
142	6716
3	6716
0	0
1090	1
8873	24660
0	2463
0	1354
921	0
23	57
0	30
845	112
0	69
0	112
95	5702
14388	5712
9	144
0	13
0	13
0	0
0	0
0	0
0	218
16	158
0	301
9	979
2636	870
0	760
175	4
2758	2
0	1693
153	1693
1061	1
811	10792
63	4806
154	10665
3	304
25	27
0	293
267	1332
11	1331
1077	0
102	80
3	79
2782	1903
0	1899
75	0
6	0
0	600
19	570
84	438
0	62
55	62
53	54
0	0
0	89
1406	89
259	0
956	1371
0	495
373	841
0	841
4659	905
0	905
0	266
7	231
0	19
0	266
0	1406
0	453
0	3234
0	3310
28	3011
0	2987
0	3424
0	3076
0	3177
0	833
0	219
0	205
7	185
201	0
4	0
0	0
3	191
0	117
2463	308
24	733
13	733
428	59
0	58
76	41
0	0
0	41
1	129
0	98
98	468
0	106
0	105
17	161
0	1124
1	1132
19	0
94	437
37	437
456	5
0	0
5509	0
36	177
292	177
2	65
2	59
62	0
98	3561
5141	3563
0	0
0	0
0	0
193	739
22	750
32	750
0	616
0	0
96	0
0	134
59	134
115	72
0	72
0	43
0	5
2	13
0	5
5	27
0	0
0	27
0	27
0	313
32	427
1003	238
335	0
48	0
0	154
50	158
3	0
0	90
50	91
0	155
0	155
0	155
96	0
33	25
1521	99
50	99
396	2
69	0
4658	5945
0	5933
0	438
0	438
1	437
0	437
14030	3574
0	3556
1850	223
29	94
18	126
10	8
0	0
61	13
0	13
251	0
8	0
3106	3
218	2210
10	702
0	259
53	2312
9889	4943
0	4942
0	3608
658	3608
0	0
0	0
476	53
0	53
2742	24
0	24
0	596
0	44
5	7
0	476
11	510
7	8
3	577
0	44
1980	459
0	231
0	353
8	326
0	200
0	24
0	58
7	58
0	0
0	0
0	0
380	214
0	212
0	214
24	969
684	1395
592	1374
2	1213
1826	1314
173	24
0	24
511	0
0	145
0	156
17	433
0	88
0	0
594	0
50	32
0	32
16	1896
109	1903
223	0
0	0
659	282
34	0
1351	3227
5	2407
1274	391
47	1722
19	209
0	188
3	2647
9	1288
0	392
0	10520
5	3171
0	7412
10	10733
106	10725
30	0
0	0
4	915
0	916
0	912
1396	644
357	273
0	608
0	608
0	584
23763	16
2740	122
61	119
0	183
101	0
60	183
0	40
602	7
20	7
0	7
293	0
17	33
90	33
0	480
0	828
0	810
0	829
7	2
0	2
0	0
0	0
0	0
0	72
229	72
1318	1
0	968
0	885
106	968
314	0
4258	1145
0	406
0	1057
0	503
1684	378
0	377
1788	52
0	52
51	363
0	363
28	0
0	75
2324	2144
0	169
188	2157
0	0
0	8
2	8
0	30
0	9
0	27
0	7
247	2410
1756	2410
0	312
0	692
66	2362
761	2362
0	584
1038	145
75	1699
760	2427
0	0
839	1240
0	52
0	142
0	0
3	984
0	1243
0	2
26	73
0	73
129	2717
3	2614
0	1688
0	2725
23506	18
0	449
171	466
9	713
18	574
0	6
0	1
0	1
0	9
0	26
0	26
3892	8
0	183
0	193
809	195
16	100
0	100
0	3
0	127
0	113
0	127
10	129
0	127
8	96
8	157
0	130
677	702
0	435
0	160
1357	1813
0	1813
0	0
0	15
11	15
869	0
5	0
0	0
284	143
0	143
0	377
3471	1047
20	670
1858	516
0	0
0	26
49	45
1354	1208
2	1253
0	1210
2	1230
0	34
0	9
1	25
0	0
259	121
3	117
5	99
3	0
0	0
472	43
1771	0
805	0
135	0
0	5
0	5
0	5
0	0
0	0
1447	0
0	0
4	0
0	0
0	0
39	339
29	339
14	1773
0	15
0	9
57	0
0	2
0	2
0	0
0	2
1069	2745
2222	2741
169	1747
4	1747
60	546
0	857
0	818
1	838
0	803
0	780
0	0
840	527
0	341
0	5163
0	5470
0	5575
42	3231
3	0
0	0
0	0
0	23
0	23
0	0
1781	273
34	272
0	62
0	81
2774	151
0	0
633	122
25	122
17	45
0	45
26	977
0	0
0	0
14	0
66	5988
2	314
3	7218
15	7264
7	7275
5896	8
0	14
0	136
46	151
227	1057
0	23
6	59
0	1057
0	314
46	512
0	494
0	0
0	0
250	0
51	195
41	195
0	11
0	11
32	47
0	17
0	0
0	17
30	0
0	0
0	0
0	0
0	10155
0	6165
50	10153
0	0
0	0
4	105
0	591
142	691
0	509
0	224
148	2455
13	2455
26	363
155	46
105	10
0	10
51	1628
0	1616
0	1595
5	0
3	213
0	5972
0	10381
254	10381
0	5989
0	226
343	226
0	30
1	30
168	186
0	57
0	14
3	191
31	0
0	0
0	0
0	0
853	1054
0	0
4795	3806
11	3806
0	1
0	1
0	84
0	659
0	91
0	663
0	651
51	533
48	533
1469	1344
0	1260
0	0
1457	1953
0	185
399	1924
0	2
285	68
0	67
111	233
0	27
13	260
21	2317
30	324
8	285
0	2279
0	2244
474	945
0	0
2	13
0	13
0	13
0	0
395	0
930	1820
5	1817
6228	0
13	581
210	581
35	1082
18456	7463
569	6353
0	55
5	55
0	0
0	959
0	223
0	290
0	184
2	99
104	1249
35	179
425	181
31	53
0	53
0	8
0	132
0	522
15	530
17	530
3	0
0	0
0	521
34	1347
92	1409
0	1406
2074	1074
0	277
0	796
3	1258
0	0
0	0
0	1108
1153	1675
9	594
11	1484
257	483
0	43
239	479
0	0
53	340
44	303
185	322
154	564
0	1146
1853	4792
0	4792
0	2321
0	2943
2051	3322
0	1079
25	1424
0	711
8088	2943
4	2938
149	2004
0	2004
5	82
0	26
0	81
3254	2
0	0
0	0
2031	1
4140	1046
4	731
0	907
429	7990
16	7059
0	0
0	348
0	362
0	372
0	372
0	1319
260	1319
17	0
0	410
0	97
20	443
0	70
0	0
444	0
4473	195
251	882
0	78
0	73
115	955
1546	4
0	22
0	22
17	0
114	206
0	206
0	0
6066	1866
36	989
3	874
0	0
0	0
0	0
2200	1
0	0
4951	3704
80	840
3	36
0	840
14	3
643	3
3	3
2909	2
2927	1
1785	1081
0	0
24	1644
87	568
0	128
0	568
3810	1
0	546
407	907
0	7
0	14
150	21
0	0
0	0
0	0
561	0
15	22059
7	5602
79	3686
0	1948
332	3218
11	21168
1	21093
0	340
141	782
0	659
73	1
0	1
72	1657
7	249
374	5138
0	5138
0	0
83	237
0	817
15	817
13	0
0	0
0	9
0	9
123	0
165	349
0	346
0	27
55	0
0	209
0	209
45	0
1178	0
91	187
88	78
0	78
0	87
13	0
30	2726
0	2783
2	2615
0	2668
9	2684
130	361
2	0
17	0
6565	14
41	18
2652	652
0	651
3848	121
0	120
900	0
0	0
0	0
0	0
3884	0
15	274
1873	3970
0	0
42	553
6375	2163
2903	3
16	1
25625	18
212	0
0	26
26	106
122	110
0	4
0	10
0	12
0	12
0	12
890	0
6986	5
375	1036
182	460
0	75
0	423
577	294
0	294
0	8
2	8
2	0
1953	2698
0	2696
0	2696
0	1064
129	3053
0	3095
338	272
44	272
0	507
305	5328
1	5465
6841	13708
57	392
0	393
0	393
73	0
414	1356
0	1356
0	488
75	488
0	0
8	52
10	1491
209	191
0	190
0	0
0	1
0	1
0	9
0	0
0	52
0	52
0	52
0	1486
0	275
0	2135
23	2126
5	0
479	73
0	73
0	0
0	0
0	0
0	1129
0	1864
0	1915
8	9
0	3
1534	238
0	44
21	0
0	0
764	2969
0	94
54	0
28	0
168	331
13	314
0	265
48	1097
0	825
0	65
64	93
0	109
0	31
0	31
1	136
1424	2156
0	4243
609	4259
0	151
20	142
11	84
3	445
5	445
2544	3
0	929
78	929
1258	0
526	0
0	0
1765	292
0	0
0	281
160	281
299	1408
0	1169
6	1295
634	128
0	891
316	167
335	1058
0	891
675	0
0	11
0	6
0	6
0	12
0	14
10	661
9	53
723	661
0	0
3325	415
3	31
0	385
346	310
0	310
14	11
153	1583
63	309
40	438
0	1402
0	1
0	1
6183	5521
13	5520
85	0
0	0
2062	1068
0	145
0	397
0	587
0	1395
230	1395
307	0
119	336
0	336
0	0
2911	1
371	1168
336	1458
5941	1
0	10
42	0
0	10
30	50
0	52
238	700
0	51
0	700
13	0
0	0
0	0
14	9
0	4
0	12
5	678
3	835
0	479
0	156
411	156
47	79
0	0
0	11
0	79
0	28
40	28
109	117
0	117
2260	5
0	0
5	0
2091	691
5379	0
606	0
8	773
0	733
0	70
0	438
0	484
7	181
0	80
0	357
22	473
1295	1072
0	1070
0	1087
1	26
0	2550
768	2550
49	51
0	51
8	14
0	0
305	1966
3	2132
0	1687
966	178
0	173
0	59
48	1834
0	313
0	1828
2	1763
0	53
214	53
3	521
467	3710
0	1378
1061	3475
0	508
0	1323
0	1488
0	35
0	1
0	4
0	21
4	1
5	19
0	19
0	17
0	14
0	14
0	0
7916	214
340	197
66	0
0	0
119	57
0	57
0	28
27	28
1027	97
106	97
646	6
0	659
279	928
81	935
16	5
0	2
102	5
2	1
1085	1447
68	1443
0	41
9	50
388	1
0	1
41	246
0	237
0	246
1200	0
0	304
4881	305
232	0
36	127
1521	3451
3	408
5	165
90	3303
0	38
0	72
35	502
0	11
0	498
0	316
34	0
35	90
558	1579
457	25
92	1559
0	42
2145	3
1021	0
55	1179
0	211
8	1188
0	0
46	24
0	24
0	1
6	1
0	31
1027	1479
0	1479
770	2792
0	89
0	2
187	15
554	2800
382	4
1	5763
130	456
8250	5678
182	0
0	0
1774	1062
8	145
0	147
0	137
1417	0
502	1
0	0
0	0
433	0
4	0
0	0
1072	2
0	0
1833	1
21	0
0	249
107	252
0	0
0	0
0	0
0	0
368	0
224	108
2	108
109	0
3	0
0	96
371	96
402	0
22	7
354	851
0	851
0	7
570	908
0	905
0	131
741	1114
757	1357
0	24
6	194
0	197
0	66
347	289
0	209
2	185
0	0
0	0
3	75
0	35
13	74
0	0
24	128
0	23
0	23
0	1
226	14
118	280
117	293
15	522
4	527
13	14
669	3
20	0
3165	242
0	239
0	23
0	23
2	695
62	660
276	0
3261	976
0	12534
17311	27257
18	20905
64	2008
0	2028
0	495
26	2040
42	125
0	59
0	125
19	31
34	31
32	20
4	4713
0	2710
4	8594
10974	11898
0	4741
1232	705
0	705
4746	94
0	0
0	91
186	91
273	14344
27904	14363
25	624
0	562
0	16
109	40
4	40
0	9605
0	1445
2	9420
0	9241
0	9028
1807	320
0	320
2	0
0	99
0	121
0	160
435	225
0	145
1	30
12	30
0	0
133	396
21	95
868	1252
690	21
2	16
83	308
0	308
0	0
0	0
0	0
2	0
1	0
741	1775
0	1771
393	247
0	5
0	0
5	144
0	104
0	79
0	2
0	2
0	4
90	1629
1620	1631
1519	1267
0	0
0	0
2081	1
3967	0
9	1097
7	779
1647	190
2852	188
46	141
0	9
0	203
0	196
0	0
0	0
4	0
41	4738
0	4674
0	4746
0	4746
0	0
6102	3280
0	3277
243	380
14	385
0	286
472	2
0	3
0	3
0	1178
72	164
884	1178
0	20
0	0
336	3
4	0
0	0
539	0
0	275
306	426
0	276
0	652
56	661
0	661
0	19
0	19
0	13
543	3
2488	209
123	207
0	0
2	113
670	116
4	1
0	0
0	0
0	0
12517	6
11	0
738	1508
40	0
102	0
0	0
378	4543
375	4543
365	210
3	0
2571	2198
0	1888
0	1999
4	904
59	1357
48	1305
6	963
469	0
0	166
0	28
0	127
2	166
0	130
0	1
13	0
0	230
0	1043
0	3973
5	3630
176	3229
0	53
0	3176
0	0
681	1446
43	1611
2	6805
26	622
17	654
1	782
41	6806
15	1167
0	22
1	1324
0	615
5	0
0	0
1647	483
9	483
0	0
14763	6551
0	6
0	0
0	0
0	0
0	0
0	13
0	0
3	56
0	13
33	0
0	778
143	876
0	0
1070	0
0	0
0	278
16	231
83	0
0	88
47	1466
0	1466
3	1449
33	174
0	2
14	1195
16	8
2	2150
2404	2658
0	923
71	483
57	0
11	274
0	0
286	1424
16	104
0	1244
0	1089
0	1405
3271	8
435	229
0	229
0	0
1	21
0	21
0	18
0	13
254	18
79	37
0	37
287	1074
0	351
12951	861
4	353
32	9809
545	11645
71	2147
276	2020
0	39363
674	36120
4384	6
0	145
0	4068
172	4315
48	3306
0	221
0	0
0	0
13	8
172	22
925	301
13	276
5	25
20	0
0	105
230	108
0	105
796	3871
235	3870
3	3610
187	0
1	0
0	0
0	0
0	0
0	1
0	0
0	1
0	40
39	3789
0	693
0	3571
6	147
0	9
0	145
0	34
12	6
0	0
0	34
47	0
0	0
15	0
7064	10
2738	2
848	11171
0	1485
21	183
30	11137
962	400
66	78
8	35
1	81
642	0
262	4403
0	1024
1	3951
82	30
637	765
0	478
0	736
243	0
1140	7560
0	203
0	2869
0	323
0	5836
61	0
2262	4
3066	15405
346	1950
0	196
110	14484
63	1364
8671	3330
0	3127
0	934
0	32
40	1039
32	995
0	49
5	1010
0	1019
1	1094
122	53
0	53
1	1
1	1
0	0
18	128
0	221
0	306
1054	530
0	5
0	5
0	5
4851	191
0	190
145	0
0	0
0	0
0	0
0	143
88	143
1845	249
4	16
0	248
1238	1582
0	974
59	1481
943	3
7	2
377	4087
34	4087
15672	69186
66	67941
4583	2044
6	2028
7	0
1165	378
58	1080
59	1080
1110	2
0	0
5	4
0	4
8	0
0	0
0	0
57	525
17	525
0	0
850	791
0	791
252	0
3	706
86	966
2497	954
43	6560
223	10448
0	10174
14263	10
0	0
6	31
75	31
196	0
7	0
21	39
149	1
0	0
132	1141
0	123
0	1140
1180	0
338	171
0	171
315	5581
0	5581
0	0
312	0
0	0
0	0
0	788
4075	792
287	0
0	0
0	0
3319	23
0	14
150	0
0	168
0	136
0	157
365	3
687	108
9	6
0	0
0	0
0	0
172	641
0	641
52	92
0	783
47	56
0	809
0	779
39	51
0	31
23	40
505	328
443	0
0	1
0	1
5	1
97	0
0	70
215	868
8	243
10	0
0	868
115	0
0	4043
155	4029
8	1450
649	77
0	3039
6548	5058
51	4880
5	0
86	0
0	0
0	0
0	0
0	0
53	55
0	23
30	88
3653	170
0	0
0	0
178	47
0	47
0	559
0	11
810	0
204	942
5	182
857	182
180	187
2	175
0	58
16	0
6	0
0	0
0	0
44	461
3	525
0	236
2	525
15	0
1909	0
0	0
123	748
0	1373
0	203
3618	1370
0	0
0	4
0	4
192	42
18	45
3105	798
0	727
20	69
107	279
15	279
43	1231
0	328
14	1168
25	198
128	198
0	25
310	0
42	2749
0	2940
4	1305
0	2940
110	735
34	735
43	2127
0	526
49	1861
4	19
0	19
19	0
8	22
0	20
0	200
41	189
7	187
0	189
0	0
0	0
392	326
0	487
26	369
0	528
0	358
106	897
0	1
1190	699
0	696
6	0
27	23
0	56
1369	643
0	77
23	0
347	772
11	328
0	188
2	284
0	170
0	0
2152	3
2833	7169
0	3
0	0
0	5
0	12
0	12
361	356
2	0
0	356
0	338
0	732
50	782
91	847
0	102
104	102
216	0
181	165
0	165
9	465
0	465
1354	722
2	718
188	877
8	900
1	34
1	33
3	107
43	300
36	266
30	204
0	110
0	204
46	0
17	114
0	114
286	132
0	7
0	31
0	88
1	88
100	211
2	35
569	235
6	430
8	7
5	113
0	4
45	109
160	71
0	71
1090	0
10	0
591	163
32	0
2	1261
3	1261
0	0
637	7
0	0
23	0
0	0
0	0
0	771
0	730
0	802
13	857
0	12201
8726	12208
8	24
0	24
59	469
0	78
0	484
1	0
0	513
0	513
0	0
0	0
360	0
0	0
0	3
0	3
61	9
0	0
0	0
0	0
0	9
34	218
0	380
1547	2151
187	2144
0	1124
7	789
0	375
87	8732
27	786
0	8424
18	0
10270	0
432	0
0	0
0	40
0	40
23	0
1	73
0	219
44	250
2363	1
544	0
19	0
0	83
157	83
764	2974
333	2437
19	51
15	51
2288	3
0	0
0	0
3	293
0	268
0	274
0	210
591	779
2774	779
209	0
0	0
0	0
0	0
0	0
440	0
21	25
19	25
0	0
0	8
33	32
2412	0
0	0
1281	0
0	73
0	90
357	163
287	0
0	693
781	1188
0	686
0	0
23	473
393	478
0	421
21	75
0	0
39	2
0	2
101	1427
179	1427
712	4
0	0
0	0
1808	267
0	267
1966	3
31	1253
6	1253
0	0
19	0
247	0
39	377
0	377
0	0
0	33
3	8
0	442
131	814
0	739
0	0
0	593
0	589
2	146
0	15
0	0
0	0
0	0
0	0
0	349
1	76
0	154
0	38
0	29
0	476
0	476
0	0
0	0
84	0
6100	24
30	22
0	82
10	73
0	69
0	75
63	78
2	5
0	5
30098	4203
0	3771
0	473
0	3889
0	3684
66	596
4	525
197	286
8	107
42	286
0	0
2	581
0	501
15	578
9404	8
9	413
41	1316
0	470
7	1620
107	1795
15	1835
1852	2297
3	2278
7	0
3	0
0	0
0	0
6470	3310
136	683
4	3300
0	137
0	224
0	224
0	29
0	92
56	131
0	49
0	18
0	13
26	45
0	282
268	282
66	28
3	28
0	350
2	4
0	21
7	148
28	1009
2	844
5	1001
0	0
3	0
1244	1
0	4
0	0
0	22
0	158
0	49
95	207
0	156
1658	744
4	193
37	762
506	86
0	85
0	0
0	4
8	1793
4496	1799
0	0
67	0
0	0
0	0
2639	0
238	17
19	17
0	42
2527	410
1	410
557	294
0	294
0	129
0	41
0	232
0	339
0	307
0	267
0	339
45	0
3140	1506
0	1500
5	0
0	0
325	675
5	675
879	109
10	107
18	841
299	844
4987	1055
0	1051
494	473
4	473
619	0
82	93
0	93
0	1259
19	82
89	1259
5564	2
4730	3712
0	10
0	27
0	27
105	2440
0	2609
6120	3423
0	0
0	5769
20	5178
0	1237
751	2473
0	1
12	0
54	120
51	0
0	120
1	0
5	29
622	3611
35	528
0	2
0	3611
0	25
0	60
19	265
0	255
1	0
0	0
0	43
5	43
455	85
0	85
0	3069
10048	3080
0	0
0	0
0	0
0	0
68	61
33	272
0	272
4	87
1113	1045
0	1045
948	248
0	245
0	721
351	2742
2	14
0	14
6	0
31	103
5	103
6	16
24	16
87	106
0	640
291	640
0	388
102	5936
60	6295
266	0
197	0
13	0
2	1591
4182	2197
0	1450
5	0
0	469
3	495
0	498
12	0
693	685
20	39
8	86
60	92
463	93
110	2
5421	14
592	0
622	0
831	613
0	323
0	385
0	0
0	0
2	22
0	0
2	23
1843	212
15	203
954	380
27	380
508	0
45	0
677	281
6	300
78	11
0	68
56	592
5	592
138	377
9799	4321
8	4316
306	266
50	227
0	127
0	193
253	3
0	3
10	3
0	0
32	245
0	245
23	296
0	296
0	296
5	279
769	1
0	4
0	0
0	4
0	0
3	442
0	428
0	0
0	0
0	0
12	23
0	0
242	2690
1623	2697
4	62
9	186
0	0
706	0
567	0
794	906
42	34
16	34
0	10
19	0
58	1019
0	167
0	1002
0	7
0	7
0	7
0	106
0	7
0	47
459	1
0	71
0	1571
157	1641
0	0
0	6
8	6
469	327
962	0
30	11
0	7
0	249
0	1419
324	1433
0	721
0	0
372	460
0	460
0	175
1072	1565
0	413
0	1350
37	1539
47	24
0	0
0	3636
0	567
139	3637
191	35
0	0
691	190
10	56
2	56
70	27
0	0
0	0
0	0
0	0
407	1673
0	1673
9	464
0	464
0	0
0	0
111	110
4	154
58	355
2	257
6	355
0	0
1237	185
0	185
0	0
0	0
18	108
0	111
0	111
0	116
6786	2784
6	308
0	2623
2596	2
57	327
0	325
0	7
3	28
0	22
0	0
0	1728
2215	1730
0	708
3	119
0	642
0	0
0	0
0	311
835	3525
2	196
149	3435
2486	3
10	0
5	1124
7	91
81	210
0	153
1	101
23	1077
214	343
0	343
0	22
134	655
0	646
0	8915
4467	8926
16	99
0	99
887	0
2764	1
149	413
842	413
1707	2
143	172
54	45
771	4362
96	4352
0	62
0	62
17	0
0	0
47	213
419	2841
103	4241
1582	5412
0	1439
6	59
0	2
0	1192
72	173
8	1075
1025	2267
3416	3433
579	3433
1	94
0	94
0	0
10	0
0	5
0	5
209	220
2	220
1	16
8260	11
0	0
32	157
381	549
0	491
47	68
0	68
776	0
918	0
158	1009
1054	1009
0	0
0	0
0	2
715	3
728	156
765	1
2423	738
0	738
0	0
0	20
0	5
14	25
37	0
0	302
266	302
1653	418
9	418
0	394
109	3304
837	3086
8	3258
0	3209
486	0
24	106
0	54
211	106
263	1658
0	491
39	1618
0	1824
557	2096
0	2096
77	715
0	45
128	717
0	0
11731	13
10	1282
8	1282
1	8
0	378
121	378
0	70
0	50
0	55
182	61
0	0
2814	0
110	2231
95	2231
6	67
4132	160
0	155
0	4
0	4
2479	2
0	0
0	0
149	466
71	466
41	181
14	181
0	0
0	0
0	0
1881	673
120	578
1	70
1386	263
0	263
386	11313
3	825
11	10974
401	790
8	734
0	594
0	0
0	0
0	0
22	52
0	0
0	85
0	46
30	99
6	134
32	135
0	0
0	24
0	24
31	159
0	249
0	230
1117	0
1027	3
262	544
6416	545
641	0
0	15
0	57
88	54
501	80
0	80
4	0
373	1091
1873	1092
0	0
0	0
7	1
0	1
0	0
1	627
0	12
0	627
0	416
0	29
1	0
1	413
0	413
0	261
0	405
0	408
9	0
0	30
0	128
266	158
95	487
69	474
0	202
0	2
0	2
0	2
69	424
1698	425
1019	0
0	0
2	0
28	3
0	3
108	0
8	2540
0	3332
898	3870
0	3583
0	2145
0	401
113	52672
245	4167
0	52135
18	51157
1419	51981
0	0
2	2
0	2
0	26
3	26
745	1643
61	329
6	329
0	30
11	39
0	39
0	0
0	0
0	0
30	174
3	174
1002	2949
10	64
0	59
0	61
0	55
0	28
0	63
787	72
639	174
0	9
0	4
0	9
2710	515
0	508
9	282
33	746
7	746
0	0
0	0
159	356
8	4238
11	4283
21798	8766
3	1404
16	2100
251	2287
0	880
0	2286
497	1
698	9847
4331	9852
10	133
0	17
0	0
0	0
78	0
274	426
1265	428
176	0
1289	0
23	0
0	54
2	0
18	3162
0	3162
16	325
0	11
14	1191
2129	1884
0	1657
52	802
0	10
14	802
0	0
16	0
372	0
157	3705
18	3655
4	15
1	249
0	58
0	72
0	72
0	232
0	207
216	0
429	1090
0	1090
0	494
12	294
5	339
0	339
3	7
19	354
1849	1
0	384
0	310
2129	494
920	386
0	1186
0	334
0	395
385	7004
22	7400
12	424
5293	424
210	6274
9	6274
0	5893
2403	5893
3	0
0	182
0	0
0	152
0	121
18	791
5	834
514	806
534	102
3210	5
10591	3052
0	3042
0	4060
14	4633
7	1187
25	7666
8	1632
62	7972
2	0
81	1575
11	563
0	1575
19	90
12	90
4	1614
308	1751
258	27
26	0
0	0
4536	46575
0	119
29	145
1971	149
456	0
0	25
154	46
0	31
0	57
177	57
6	94
15	622
0	4611
0	2844
0	1946
0	649
0	134
0	462
0	4470
0	4665
0	4946
31	148
0	202
23	0
1	92
0	128
2856	615
143	622
0	10
59551	40512
804	31547
1286	33470
2	8461
247	660
0	660
52	228
0	223
429	0
311	343
122	343
85	0
1	140
1	25
0	1
0	1
2	0
24	0
27	98
0	4
30	7
170	2779
128	2779
0	0
0	0
1613	183
0	183
11050	12
24429	57
1955	64
0	60
0	32
0	59
0	1
0	64
0	0
1	27
1	31
0	38
0	38
0	26
0	12
0	33
165	1711
171	1775
0	0
75	456
6	456
741	0
0	0
0	54
0	63
0	0
2	8
0	0
0	13
167	1365
1504	1366
38	377
55	379
4	249
219	364
2763	2
210	2153
820	2143
0	4
0	4
2	6
0	4
0	6
16	32
19	32
3614	1
38	0
255	2458
592	2399
55	59
402	1
96	3
1568	3
5713	2276
142	0
0	62
131	5024
82	4980
0	6
30	292
0	292
261	2866
400	2866
2	350
29	181
10	350
0	350
0	4
0	4
7797	14
1660	369
0	369
130	0
261	0
4	4692
0	4542
0	4502
654	6290
0	0
0	0
702	309
0	150
0	309
1571	313
0	313
1806	2
4	3
0	0
0	0
0	0
9	46
0	46
0	0
182	1101
14	1101
0	140
0	0
0	0
160	0
32	4622
3957	5193
46	3460
0	36
0	36
514	7
1540	5
31733	24081
606	322
0	322
41	957
2	957
2365	3188
26	128
0	126
1972	0
347	826
21	781
0	172
0	176
1787	304
0	94
5	101
0	273
0	202
0	59
507	18
0	18
2716	8991
0	8991
0	0
39	30
1142	30
1114	904
689	216
0	90
0	147
1	340
1167	340
162	195
0	0
0	0
0	26
4	38
0	312
14	262
0	102
441	249
3703	463
0	461
5811	18
490	0
20	1047
16	1047
1522	222
0	27
0	2
38	28
2	0
26	11
0	10
38	1109
0	220
0	947
3437	2
19	1574
0	302
0	1476
0	996
0	445
0	567
99	567
0	3
0	3
127	0
156	617
60	617
0	5
0	165
0	10
0	695
0	26
0	959
0	871
0	945
17	53
0	2
1201	401
0	49
0	22
0	388
0	0
289	757
0	117
2	757
387	0
0	4
28	60
0	58
6	306
0	276
4	6
0	6
29	0
264	17087
882	17087
18	16993
656	251
242	1
211	45
0	9
0	7
0	7
0	48
0	48
0	9
0	9
0	9
0	9
5	0
0	0
0	0
76	131
0	39
191	187
4	148
25	1622
3	1622
0	0
4	83
7	31
0	31
6	41
158	41
0	0
179	81
0	81
0	2354
0	3573
1	3454
0	3670
0	3482
0	3508
0	2442
285	14743
0	3114
86	13808
0	12714
10	8501
13646	14735
7	96
4	96
501	11
0	1393
0	1160
66	7666
176	2426
0	4595
77	7582
4276	0
1425	4
0	675
13	2693
0	2956
71	625
5263	7252
43	1669
0	1487
0	187
61	7147
0	5982
21	7147
616	2018
0	2018
0	215
439	424
0	208
0	0
0	0
4	0
0	0
0	0
228	16
0	133
0	405
17	1936
0	761
39	1941
148	185
310	462
0	640
55	618
309	271
261	271
0	0
30	67
0	67
6	68
1816	0
0	0
21	0
0	4
0	4
343	222
0	129
0	0
0	0
0	0
0	2238
198	2238
0	73
38	274
2	314
0	184
0	364
484	1185
227	1185
122	455
5	211
0	270
7053	2
145	690
0	35
0	672
2	0
0	0
0	520
7	14
537	4040
63	4076
555	1
0	5
0	6
0	42
97	12
0	60
468	338
0	0
0	1981
74	1981
1	213
0	1164
3499	0
0	0
1889	1
1372	10060
0	9686
955	0
0	2
0	2
0	0
0	0
144	0
4263	1110
0	72
0	18
0	14
0	54
283	144
0	6
23	732
0	196
0	376
2564	3008
0	2619
0	2659
199	0
0	0
226	0
27	3
0	0
0	6
0	28
0	28
0	169
0	162
15526	9
644	815
157	282
1	186
4	0
3	52
100	343
0	70
0	342
0	319
0	320
12	13
0	31
7	195
0	31
5829	11755
0	1614
3	0
0	0
0	0
1739	0
0	6
0	6
1031	593
389	540
0	145
264	1110
0	2119
82	1868
51	4948
0	11278
1382	12702
32	3640
3	205
0	0
0	0
955	0
0	0
0	0
0	0
0	0
1	0
6016	978
53	972
0	0
0	3
0	38
0	38
434	170
0	170
406	224
0	224
18	248
19	248
0	13
0	13
0	13
0	13
403	160
0	196
43	0
84	39
80	0
0	0
237	0
49	36
0	36
1779	218
0	106
0	22
6	112
11	3394
0	2826
0	100
15	3744
0	3391
0	3603
56	3709
0	3266
87	0
2093	5379
8	5379
4	226
0	0
45	1121
11	1014
59	1135
463	1295
0	1295
11	46
0	12
15522	47129
0	0
0	3
0	3
2322	1395
0	1395
0	1395
33	0
11	0
0	4
0	4
78	425
0	146
0	424
0	393
0	38
10	38
0	96
0	78
5594	5
218	588
173	584
16	0
71	1118
0	1118
33	697
0	14
5	147
0	147
0	62
200	648
0	268
62	196
151	0
101	67
0	656
99	0
61	87
0	218
0	207
25	749
60	687
282	948
207	37982
0	37853
0	11475
0	12953
0	12327
27	123
34	205
527	1914
0	733
0	1914
46871	45
0	2
0	2
1	2
158	80
0	0
0	5
0	80
0	0
22	0
0	394
0	242
0	0
382	716
0	281
0	2
4084	421
1	335
6	102
0	22
0	22
0	1614
1318	1614
672	1072
0	1070
117	5
0	24
50	101
0	62
296	230
0	2
6	150
0	18
65	0
2088	3
784	0
580	0
3	0
419	0
94	14
0	14
0	392
695	392
2833	14
1282	220
21	210
0	0
323	94
951	1
0	0
0	0
228	364
0	664
0	172
0	576
0	551
0	539
0	551
79	0
0	9
0	9
0	9
835	0
42	0
61	83
2	83
0	4492
0	174
351	4492
8	0
2702	1
0	2
0	2
0	0
0	274
0	285
223	285
20	20
0	20
26	0
8686	11
19	0
0	463
1288	715
0	176
1089	176
0	84
0	84
0	84
2	20
0	73
0	81
0	30
0	42
49	73
13	0
0	0
0	0
95	778
0	778
183	167
3	141
20	121
1407	5061
0	207
0	826
0	370
0	4181
0	4227
40	3980
35	5114
1106	354
0	222
15	275
0	2
0	2
37	4
14	22
12717	19
0	0
0	67
14	56
1123	0
811	0
21	248
58	811
341	870
0	558
177	247
0	16
0	91
0	3
0	99
0	4
21	36
12	108
0	26
0	15
439	1154
0	452
7086	1
1606	1141
0	1141
156	1291
312	1291
706	1151
9	32
33	32
3	4
136	711
0	711
0	50
6	61
53	1120
879	1120
0	37
109	37
5	83
79	0
3	1038
0	843
1952	1758
19	2888
413	2859
0	2469
1030	2328
0	0
0	0
0	0
0	1337
0	1359
46	1359
848	4796
686	4796
19	0
3	751
0	19
3	735
381	0
0	30
652	38
23	255
3632	0
582	0
52532	72
46	0
963	111
0	110
8	0
4	25
0	22
180	709
184	709
21	51
0	51
2	56
362	1198
104	1198
1247	1014
0	188
0	919
0	902
0	816
0	379
0	890
0	24
8	24
40	49
0	49
0	169
0	975
3	993
0	667
31	827
502	63
0	63
0	0
1251	0
62	108
71	108
709	228
122	0
30	26
0	26
17	6
0	6
0	4
0	5
42	9
646	947
0	947
10610	11
0	7
13	7
0	454
0	869
0	804
0	473
4	6
0	563
39	935
7	872
33	638
2	0
0	0
2830	377
0	313
0	208
0	0
0	1
2648	1051
7	297
3	747
0	15
0	8
0	0
15	0
0	161
0	0
0	28
129	264
10979	15078
0	14978
0	9715
0	129
588	129
0	47
2	0
16527	14
138	0
13	0
496	525
260	53
36	0
1764	2654
305	0
0	472
24	1158
0	558
863	1390
731	1139
2790	1140
6	0
10	136
1	61
0	60
0	52
10478	7
0	6
0	6
168	0
65	0
87	0
3	0
0	0
0	0
329	1143
2734	9
1528	3
83	96
0	96
0	3
6	3
476	780
0	178
16	2231
5	110
5	49
8	3255
0	3329
0	1633
0	3389
119	0
1088	1374
5	1373
0	1373
0	1373
4	0
17	5772
100	5772
632	4907
1360	9028
6518	8119
0	22
46	22
20	3269
8	8590
36576	12623
0	3749
2188	3
0	1010
894	1010
0	12
0	979
0	15
0	932
0	1035
0	1022
611	0
0	0
0	0
1913	11
11	944
0	1078
563	0
1463	2
0	110
23	96
0	20
2	223
585	289
10	112
1	125
0	223
0	3
0	3
0	29
0	0
0	11
2020	0
0	0
0	0
0	0
0	0
0	0
0	0
0	0
26	0
0	0
44	143
0	143
0	165
528	167
0	0
0	1587
424	1587
0	0
5	11
0	0
52	0
228	710
0	11
3	707
0	713
0	710
0	663
0	679
0	12
0	0
6	12
4	1
0	1
80	0
0	0
0	593
0	506
68	4043
4	4226
0	1047
9	961
267	632
0	535
0	7669
0	6972
0	7083
0	14641
0	7470
184	6950
17	13245
0	13125
0	13767
0	13375
4257	99
0	97
1505	1057
0	1057
209	665
0	662
22	490
0	0
0	0
13	0
43	0
885	0
5483	30416
807	30696
443	29880
64	963
19	17400
6	3
0	0
49	316
1186	1487
98	835
0	1057
132	0
458	0
15	1
0	1
3133	3
0	0
1169	7
0	7
0	4
15	12
284	46
0	50
0	50
0	0
20	0
41	1702
5	554
2133	1605
0	0
703	99
0	99
46	60
223	88
0	86
0	0
0	10
18	10
0	0
0	0
1398	3
198	121
59	121
0	0
29	0
0	0
174	0
470	22
163	833
10	177
394	848
0	614
3	35
0	28
62	25
0	8
2	78
0	78
0	310
655	1334
0	7
6	7
14	46
0	126
1	126
575	4
5885	5
26	4
0	0
23	23
0	23
352	2
1712	2
0	0
0	1
17	3
0	237
0	209
59	237
461	0
3	4
215	4
0	0
949	519
0	519
156	2163
20	262
84	262
853	4
3565	556
77	556
364	40
0	40
171	0
4562	1
0	44
0	46
0	46
0	46
0	46
0	0
1661	2
0	296
0	227
6315	4
26	0
53	98
0	0
0	0
29	37
0	37
0	472
0	206
0	116
147	887
0	0
1161	4
0	593
60	593
193	0
1783	7
0	0
0	0
1562	3
95	10
0	10
3212	183
1968	274
0	274
1	58
7	87
0	1330
0	93
0	1327
0	1429
0	1393
30	1293
11	237
0	124
38	124
0	279
361	846
0	512
0	846
37	137
0	137
3	124
2466	0
90	1879
31	1879
424	0
0	0
0	0
0	871
315	871
78	1
24	0
404	90
623	3750
0	739
0	0
0	0
0	1270
2651	2315
2965	7
500	0
12	872
69	872
110	0
33	131
7	131
2	118
2	154
1	125
301	0
622	0
0	36
0	194
748	1045
0	181
0	0
17	0
0	0
119	693
0	79
0	614
156	758
0	758
1032	1
56	0
12046	576
0	576
1256	130
0	130
0	4
0	0
0	4
157	31
54	36
6	42
19	128
43	250
8	861
0	75
0	40
57	856
0	14
2	11
44	316
0	301
45	0
72	38
2	36
2	6
89	145
0	14
284	14
437	59
193	59
96	0
746	23437
51	23
219	23400
165	1197
2	0
48	359
500	1614
1	2460
307	23421
0	1312
8	10
41	414
0	158
0	409
262	542
0	117
0	413
64	541
725	0
0	0
0	2712
0	237
0	2719
62	2565
63	161
7	26
897	1
0	9
0	607
6	608
3	19
3	19
32	87
0	49
0	44
0	0
46	0
3626	15
598	2
95	81
0	81
1478	21689
0	21689
0	0
0	405
1658	511
1	287
2	6
4	1009
0	504
221	238
0	956
0	878
15	338
3711	1153
0	813
464	1
28	327
0	310
0	310
0	327
738	613
0	27
0	19
2	74
3	74
0	1623
64	1639
702	1
82	198
1610	198
0	30
68	30
0	0
0	0
0	0
39	1139
0	1009
0	1144
0	0
94	85
754	1355
12	1881
0	1253
0	1270
0	1233
0	517
0	248
0	248
0	216
217	66
0	20
0	65
10	53
33	2240
262	349
15	350
10919	5691
1178	3145
11	889
0	2829
19	126
0	22
19	0
304	979
0	8
0	8
7	0
297	103
155	101
13	16
0	5
0	16
105	161
985	1045
21	1054
0	982
36	55
15	49
238	1207
0	1206
0	1201
75	160
0	40
0	38
3	32
18	46
0	46
696	827
0	100
0	767
0	70
0	32
23	744
713	767
54	837
116	406
0	52
0	406
0	9
3	97
0	87
0	82
2	25
251	25
1274	983
0	982
38	106
10	93
0	24
134	12949
139	4112
0	1025
0	31458
54	31204
45	31700
19	26902
0	32158
0	32496
41	451
0	691
0	1208
0	142
2746	2171
58	5
0	185
144	987
8	958
0	157
4	1309
0	395
0	1374
0	1302
2	1486
12	103
0	103
188	252
0	252
37	92
0	92
229	0
0	3511
0	1588
2	3449
0	28
0	28
0	28
0	33
0	33
186	126
2	126
0	0
347	628
389	907
0	0
3	4
0	0
0	4
1	245
21	172
19	0
592	0
405	4
310	1032
9	1032
1	1446
1655	1283
1	5
0	34
0	14
2	31
0	0
0	186
0	257
0	257
0	219
0	0
1873	171
0	159
30	354
46	37
92	337
0	339
5	316
0	321
0	340
20	0
0	209
5	189
178	75
0	48
53	75
90	197
492	893
0	179
34	276
0	0
0	0
3111	1369
0	1368
0	1368
0	0
0	56
85	59
3087	6
0	0
0	3
0	3
0	3
194	1343
2137	1210
326	0
14	338
162	356
0	305
0	5
5	5
0	5
0	5
519	1621
0	1621
1496	1380
173	1380
15	0
0	0
25	0
7	0
0	0
9	0
31	140
419	76
8	76
116	0
15	0
12	86
0	86
0	436
838	436
105	116
0	116
0	5
6	169
0	49
394	2213
12	2169
35	3387
0	1943
0	3745
1958	3911
2	3539
0	0
2	300
230	1659
2	1659
16	398
12	398
0	48
0	45
242	0
94	0
63	48
0	48
0	24
202	26
1364	0
56	0
259	243
0	243
40	1079
0	1079
13	1878
81	1878
302	186
0	186
0	0
0	0
6	0
0	8
0	8
354	0
10769	15
4	7
8	7
3	7
332	367
1	348
0	340
6	10
0	192
0	0
64	0
0	0
0	2
20	2
0	0
0	5
0	5
86	0
19	4644
3	35
89	2384
6197	5916
27	78
0	66
0	58
0	58
0	0
24	13
0	1259
9	206
5	394
21	79
643	4569
0	4973
27	4853
1910	2
59	6
5498	574
0	564
0	123
115	123
111	5371
33	5371
89	0
0	0
196	322
0	278
0	320
0	318
0	280
0	234
0	104
0	25
1044	320
4	46
0	89
34	0
3	97
6	216
23	216
4	0
0	0
0	0
18	5
0	5
1868	2148
960	2148
5166	1550
6	1547
0	0
0	0
48	7
0	7
101	565
0	565
11	97
72	97
23	0
0	30
0	0
0	30
197	3789
42	3194
0	980
26	3758
552	0
1716	0
452	2816
0	1828
247	1303
65	566
5	518
0	566
0	0
17	22
63	232
0	54
139	239
0	239
55	1649
0	1873
3	151
5	1691
96	2241
257	1953
587	1954
0	0
49	0
0	0
308	75
219	191
0	178
0	3
0	2
0	3
202	3533
1195	3533
51	0
842	651
0	651
9	0
259	203
0	6
134	222
0	86
144	310
19	31
47	31
36	0
0	570
0	202
0	126
48	567
0	291
0	0
0	59
0	367
160	0
311	0
29	0
1412	620
745	617
32	0
0	0
0	0
0	0
0	0
0	0
0	0
0	0
0	113
175	201
38	201
0	110
0	188
0	0
0	0
330	248
0	244
11	5
15	0
1835	1205
31307	10181
0	1064
1674	10212
0	0
21	13
33	13
1084	79
3	76
0	21
53	36
22	4
420	5
2522	2
0	323
0	289
0	904
0	1459
21	610
0	1425
0	599
9	99
0	599
548	6
197	0
0	47
1466	47
37	9
6	2
0	2
60	0
0	27
0	20
135	47
3620	4
51	0
0	0
0	0
1	14
0	0
41	14
26	377
802	378
0	1149
0	1936
16691	2328
18	1359
563	0
967	143
0	40
16	135
0	39
9	40
0	40
0	0
313	702
0	702
0	116
0	252
0	5458
53	5458
0	0
0	0
137	7
35	7
0	0
2	6
307	0
2	518
1012	518
0	521
0	225
280	521
128	0
0	49
51	624
13	591
0	0
1045	0
0	38
0	194
0	193
84	390
0	127
0	80
69	374
0	137
150	0
0	0
9	0
711	246
0	246
979	1
233	0
2	96
28	1
133	466
0	0
0	0
1361	1
0	0
3	120
8	143
640	196
13	38
0	38
0	3
0	3
1	0
0	138
89	185
0	57
56	307
0	252
1405	372
286	0
833	2
0	12
0	84
1287	85
654	0
98	183
1	180
0	0
417	6930
0	1935
260	6715
916	0
6	68
1131	4971
0	4963
0	4011
0	4009
61	0
0	0
0	0
0	0
9	0
35	0
0	3
5	3
29	0
0	10
0	8
3	24
1	24
0	0
26	88
38	28
0	28
0	201
0	201
250	0
63	607
0	37
2	607
0	0
0	0
2518	2086
0	1045
137	3991
4	3988
0	753
184	753
309	3545
0	667
14	3541
17	3540
6547	1459
14	1451
34	1185
0	337
0	1110
0	1110
24	630
5	347
786	846
3001	891
0	891
13	57
0	57
616	0
4	0
131	172
0	172
836	1227
0	18
0	5
0	1225
0	36
0	128
0	63
0	740
0	108
800	674
230	0
0	0
0	0
0	0
0	0
0	0
568	0
0	0
0	1263
0	1490
0	1
111	662
0	655
985	1016
224	1
0	257
0	93
737	93
5475	1
0	7
0	7
0	1595
2462	1612
1	1007
7	177
5	16
13	16
723	1046
0	29
0	1046
0	0
0	0
0	1
2	1
67	283
0	46
0	241
0	49
101	49
490	401
0	58
0	0
0	160
68	283
0	143
55	8
184	5
132	98
9	28
0	1
0	1
20	127
74	389
266	516
37	46
0	1
0	1
376	1
3	0
0	0
61	279
2935	905
15	790
11	790
4	0
0	393
0	74
0	118
2	21
688	0
14008	12
0	0
0	35
431	1085
55	1085
1122	0
491	125
4	0
49	80
291	162
0	5643
4102	20362
0	20356
326	815
0	413
485	16
277	0
38	1462
576	1462
64	0
8	0
0	0
0	0
1	0
0	0
3	0
0	0
1	0
0	0
0	0
0	0
13	0
0	0
24	0
11	16
585	23
0	3
0	4
0	0
0	0
0	0
0	27
3072	901
15	59
1481	7160
0	7296
20	19
2105	7312
3	826
0	0
419	215
24	215
598	268
0	268
792	247
1582	1179
0	416
115	1064
32	4
0	171
10	826
525	845
39	0
11	371
399	1388
0	1388
3	129
0	0
225	334
124	335
217	0
247	0
0	550
0	493
132	1740
9	691
0	5
76	5
0	0
1848	0
305	0
0	0
8655	5042
0	3634
0	1295
0	99
2393	105
0	166
49	166
134	0
397	853
23	853
423	0
1314	65
0	12
9	52
63	0
870	0
0	130
7	850
39	850
0	306
4	16
20	404
1	1987
0	498
0	635
0	2094
0	2174
0	0
398	5016
0	1207
39	108
1335	5671
16	138
30	138
839	1
0	4310
0	2284
2	3964
0	3919
0	4310
128	2402
0	10613
575	13726
0	16726
691	16079
623	0
0	10
0	60
1252	2
2081	844
1966	847
262	3741
0	957
14	5
2	3737
0	3449
89	0
333	185
0	133
4	48
2	47
0	52
658	73
0	70
0	31
32	3
291	790
0	787
0	1097
0	4925
432	9983
0	2031
0	6347
0	7756
497	0
2	793
458	3732
0	2628
22	3717
84	57
0	57
357	0
8	4995
166	219
0	3560
35	5068
0	5031
119	193
3	85
0	106
3	193
17	0
0	6
0	6
0	6
3857	4
52	0
23	0
3101	2073
288	2064
118	679
39	679
0	0
3664	4214
12	2600
23	1078
3	3133
0	0
81	0
0	0
126	305
147	305
2954	1632
0	1631
0	0
0	0
0	169
173	169
3865	4100
7705	5
285	332
11	0
44	0
15	0
1767	0
994	28
0	28
10	405
82	405
0	504
430	633
0	633
12067	1818
14	1053
15	886
60	0
0	1843
14	7205
16	7218
19	9465
0	171
295	211
0	51
0	0
0	682
1357	686
68	2395
326	2395
1101	7269
0	7269
14	4
0	4
300	0
890	1348
18	61
28	37
8532	1506
122	1501
0	67
0	69
234	69
5	6017
4072	6018
1792	1
0	34139
10	937
0	5074
34	32624
61	33749
0	34922
0	877
10	943
0	455
36	466
0	195
36	195
0	195
208	96
0	96
0	8
0	0
0	0
0	0
1980	11481
10122	11529
826	0
676	0
109	10788
0	138
0	443
0	4704
1	10524
0	3212
3017	3215
0	25
3	31
0	7
22	133
0	12
27	210
0	254
0	73
0	167
2489	1448
1979	0
0	0
0	0
0	0
13	124
0	11
1877	99
53	99
0	0
0	0
0	0
0	11
0	2
3	101
0	3502
14	3680
0	48
0	61
23	59
0	59
0	0
0	0
85	1951
628	1886
16	1831
0	0
0	0
0	0
0	4
599	2580
1101	356
0	0
4	0
2	13328
3370	24926
0	11328
0	18438
0	17796
0	0
0	0
0	0
219	179
11	179
26	489
10	489
209	2275
182	2075
0	2058
1	1711
4	804
0	737
34	2439
2170	4608
2	260
0	260
229	0
0	0
0	11
31	64
1	64
55	7
0	7
49	15
0	15
34	1
5	639
39	665
9	640
0	0
584	0
30	0
31	0
49	0
12	0
12	0
8	0
72	805
0	34
440	1429
8	1429
0	0
10	6
64	1289
25	1310
5	23
0	133
1	133
0	0
0	0
4093	1
26	0
5123	5
0	0
0	218
0	472
0	73
0	217
3	25
0	25
599	0
7	346
2	3
181	346
48	0
53	3
0	0
0	0
1668	2
0	0
44	51
26555	25
0	0
9	644
0	637
2324	644
774	0
1455	792
0	790
0	131
0	55
0	112
0	55
0	190
136	151
0	133
50	92
0	92
36	1223
0	1223
161	0
0	0
0	0
0	0
36	0
27	29
13	29
3333	5639
65	5637
0	121
0	156
0	5
35	334
0	334
0	0
19	97
15	1014
150	1080
6	5340
33319	8412
0	5697
0	3047
1100	14238
371	14442
201	878
0	878
1	0
744	0
85	32
9	32
0	3
0	3
137	457
0	49
23	81
0	81
0	0
0	0
0	0
0	0
0	736
1827	736
0	0
0	588
0	431
303	371
0	214
2326	4
23	0
35	170
21	170
2120	1199
0	1199
0	1129
0	1036
2715	1129
128	399
14	1
0	398
67	0
111	1157
211	11
0	0
0	140
0	208
19	78
0	52
2	56
0	206
0	37
0	23
0	26
0	191
0	162
0	216
22	675
769	1603
0	1226
0	1249
0	1231
0	1260
0	0
1219	0
0	81
713	0
0	0
23	0
7	106
2	86
805	3220
145	3222
64	5
0	0
0	0
0	2
0	0
0	0
0	2
9	0
519	0
19	94
272	99
0	0
266	1733
0	1733
31	0
0	0
0	0
5	23
1	13
0	16
0	3
0	3
90	1991
0	430
0	229
11	28
138	1934
0	1498
182	367
20	9
0	13
0	13
33	100
0	12
0	100
0	107
0	107
0	105
1	4
523	725
0	725
0	0
525	0
10	1412
0	338
0	1577
33	1578
8	0
0	11
0	9
18	9
12	262
5	262
48	803
459	803
3555	840
0	839
0	11
46	11
0	11
1143	4373
0	3713
1669	2677
0	2676
1689	0
136	2181
21	2181
0	176
7	34
0	192
0	83
0	548
5	678
0	630
2	1264
4637	1266
4673	1897
0	1894
337	277
3	0
1475	1
15	940
0	522
15	601
0	983
6	492
25	851
0	1820
11	4138
15	1012
16	1589
0	4168
0	1103
0	384
3	39
0	93
0	0
37	132
2	561
74	561
8957	67704
0	4
0	35634
0	39486
0	68924
0	80558
0	76762
0	2322
0	258
0	3088
0	1375
2057	12625
0	1106
0	1759
0	3090
15	7
0	7
418	7076
0	64
4	2
40	7051
9	1375
0	1499
0	1458
0	615
106	8049
34	7415
2131	0
0	0
0	0
0	0
0	0
56	0
896	219
2126	0
7331	204
62	0
374	107
0	105
75	0
461	0
476	0
75	3140
2586	3141
1	34
0	202
0	0
0	0
0	202
32	965
196	965
0	6
0	46
43	52
369	64
0	63
19	0
774	143
114	1528
0	1488
0	1653
213	0
14	1
35	106
0	5
0	106
430	0
153	0
0	0
0	19
0	19
19	53
0	53
0	0
1621	87
672	67
0	64
0	0
0	0
4	27
27	290
10	294
0	240
0	0
1249	28
0	28
42	20
16	5
0	5
0	2
13	55
0	1
13	54
0	36
0	44
0	44
0	52
45	0
3364	0
17	88
0	50
10	82
0	73
0	0
3	15
0	15
0	74
4	181
0	15
0	731
553	3489
38	3280
0	5
4	9
2866	11
122	0
571	3968
75	3971
0	113
0	40
44	64
5	157
11	439
0	454
4	454
38	0
28	0
299	0
168	0
108	536
5	401
0	388
0	310
14	315
7	263
2	178
1802	804
0	759
0	802
0	16885
2	516
0	1617
0	29608
802	17237
2	29607
0	4
0	0
0	0
2278	4
10	0
0	263
165	327
0	323
0	8
3	265
0	1196
194	1196
87	908
0	908
50	37
452	820
3583	858
2	0
369	204
0	124
40563	901
11	865
0	746
2048	1211
0	1300
0	1206
0	21
0	9
1	37
0	0
0	3
1	16
0	0
0	0
0	0
0	164
2	8
0	28
38	164
288	69
12	9
0	0
0	13
0	21
32	23
1015	0
0	0
0	3
0	3
0	3
0	19
0	0
3	19
13	11
0	11
0	14
0	44
22	81
0	44
1473	0
809	1210
227	1284
6	927
0	364
0	534
14	539
0	431
445	0
4941	0
0	0
0	0
0	0
5	0
0	1
0	0
754	390
0	390
0	0
0	0
1655	3561
230	3559
63	359
0	222
0	348
50	45
1	45
0	0
3001	1
0	6
0	6
345	4
0	4
125	60
0	60
0	12
110	483
0	354
267	354
0	225
8	0
2	0
7	87
90	59
24	693
188	2484
78	2450
6	305
408	0
175	0
0	913
376	852
112	0
24	156
5	138
2	0
0	128
0	93
15	136
11	146
16	146
433	1142
8	1026
524	675
9555	3538
596	1503
1457	0
28	206
4	299
41	891
93	906
464	130
308	297
4	300
3	474
0	303
1636	436
0	6
0	0
3	0
0	0
0	59
0	59
144	8679
0	8679
316	6428
0	1718
0	2286
54	6428
0	1
0	126
0	47
0	177
1	177
3	150
44	75
121	98
0	57
0	22
30	3282
0	587
14	3503
4	0
0	14
48	143
0	129
0	1493
2235	1495
0	11
0	94
36	66
0	277
99	277
0	45
0	45
5	36
0	0
0	0
1215	382
25	1720
0	1720
1176	1902
0	1902
0	733
0	312
8	360
0	333
0	238
0	64
3	34
10	731
22	0
18	295
0	64
0	295
241	0
3315	542
0	540
11	1532
0	1610
33	1544
0	0
4	0
1655	6974
0	6971
17	170
23	170
0	6
0	6
0	6
0	1310
1249	1722
9	1722
0	54
32	54
0	2
0	2
0	2
0	0
0	2
617	4866
99	4866
0	233
1996	233
26	266
1	337
0	309
1073	1
163	0
52	2074
115	227
22	2074
1	0
844	3
7774	2446
0	521
0	2061
0	27
20	27
14	233
0	162
41	101
178	94
4	7
0	0
7	7
1247	1
221	314
0	39
0	159
2	5
0	5
0	0
10	0
0	0
0	87
28	832
7	829
161	22
0	22
148	253
0	253
36	25
0	25
500	0
0	6
4	6
0	6
2974	615
16	92
65	0
0	5
0	5
510	1247
0	1247
0	1028
0	2666
0	2774
0	1919
0	2988
962	443
0	194
10	263
147	263
259	0
0	114
35	111
3500	2911
0	973
0	2908
0	0
118	1
0	1
0	0
0	0
0	0
0	0
0	0
1024	2
0	1385
3143	1385
1661	2361
0	2355
1758	2199
130	2198
0	389
34	449
0	1388
49	1328
41982	48
0	12
0	12
0	0
0	0
42	3120
308	3679
0	1350
0	60
0	4771
206	4771
0	7
0	7
0	7
347	0
5	0
0	296
0	193
471	489
0	19
32	19
4894	1074
33	901
181	819
96	0
0	0
1085	0
17	4
0	4
0	0
1346	276
2	0
0	273
3400	207
11	24
122	0
191	2
50	6061
1079	742
0	1930
734	6654
28	1103
13	193
1	24
0	1103
85	0
6	0
150	0
61	22
2	22
0	0
0	0
0	0
1	0
0	0
0	0
0	0
55	15
0	15
987	168
3	168
43	155
0	0
0	0
0	0
0	0
0	0
3355	2
346	61
1641	0
79	418
0	418
447	148
0	148
1751	1
3	0
0	2
0	786
0	7
0	719
115	855
2107	2
0	0
0	0
0	35
18	35
796	184
0	107
2	184
1567	4373
0	4373
0	0
19	0
177	456
537	456
0	26
3	26
7	0
2	48
26	191
0	155
0	184
531	0
1	2632
0	307
4460	2614
0	2144
2	1372
626	1378
0	0
0	0
0	2
0	374
0	654
1	654
0	655
0	687
54	881
16	881
2010	1020
71	410
0	584
75	354
20	13
45	311
0	67
0	247
0	0
199	499
20	499
12	45
0	36
13	48
0	201
2177	1679
0	1631
45	73
0	2
0	146
0	205
0	130
6	0
4	0
264	22
0	21
172	2114
16	470
0	2114
0	621
28	621
0	572
5	58
235	206
0	176
17	172
415	780
4786	2063
0	2060
0	0
129	119
0	1010
38	981
0	726
485	726
0	0
0	66
143	1069
1982	1069
7	508
0	157
0	52
8	508
91	515
2	1000
0	49
0	1223
0	1176
120	426
6	426
4790	7
94	0
0	452
0	408
7626	871
0	32
0	113
294	138
3	135
28	0
103	21
40	21
221	1036
93	1036
193	1
0	0
0	0
0	0
0	0
9	17
0	0
0	17
0	16
0	706
211	706
0	0
0	38
0	34
0	27
0	61
615	88
40	933
176	66
1613	1503
13	151
3	1502
38	1707
21	726
3	1707
0	0
419	947
13	186
0	67
0	927
297	133
0	5
12	133
1426	1339
0	1339
0	0
0	10
0	10
10504	4279
5	0
0	0
0	0
0	0
0	0
219	12
0	12
128	66
0	62
0	0
0	0
0	0
16	72
0	71
5612	3
0	6
0	62
0	0
0	58
0	64
569	0
9	0
5330	4
2296	3064
0	3059
4111	1
165	0
0	257
118	257
4641	6
8634	3
111	0
6748	52759
2775	52762
0	136
571	136
980	3
9587	7808
4	7801
0	2
391	1
0	0
2564	3
12891	4
1563	3
3	104
0	108
0	31527
2104	31528
1628	32
0	32
0	0
0	0
693	3442
0	1207
0	1563
6	3442
158	61
4	11
0	49
19	2216
1331	2217
4	3014
3	3014
8	16
0	16
296	171
0	171
38	269
0	269
302	329
0	329
0	0
412	202
41	206
0	85
0	0
0	0
8	0
0	1520
561	1520
0	0
2559	0
891	107
286	0
301	0
1064	8
1788	0
103	3051
3	3051
6	9
12	9
66	226
8	226
0	0
0	1739
0	779
0	949
0	1780
4	1861
0	2096
769	22
800	3917
1416	3319
421	542
1	540
0	450
0	548
152	2332
300	2332
50	0
0	5
0	30
85	35
0	13817
84	13759
0	95
0	10216
16	0
937	633
364	633
0	183
1597	2297
2	357
0	43
9	226
280	203
3493	0
0	0
62	26
0	13
0	13
0	9505
0	4675
4372	9465
0	9695
0	9695
0	0
0	0
0	16
22	16
0	983
329	3237
104	2484
0	3246
885	2078
0	48
20	2023
15197	8
5563	2
0	23
109	23
57	1625
0	1581
147	1539
4	3649
44	3563
0	0
0	0
0	37
146	184
0	183
236	236
22	236
22	0
588	4
2821	1
53	0
0	50
0	0
0	220
4	208
0	228
113	156
13	156
6824	4
134	784
121	784
6861	3604
3	859
0	724
0	370
6	370
0	624
3169	624
159	346
4	335
641	0
814	2229
32	145
0	145
36	241
0	0
0	0
235	109
4	109
1414	8
0	15
0	77
0	15
0	15
0	77
42	77
6	82
851	32
22	12
0	44
76	52
7	0
3	359
478	529
23200	2677
15	2660
143	958
5	237
82	1013
1347	516
0	2
2	193
24	17
0	32
0	204
12448	2242
0	2233
0	0
0	0
0	47
0	47
0	0
0	47
0	40
0	47
137	457
0	124
177	2193
6854	2194
87	45
7	45
1	1417
0	199
0	1357
1	54
62	169
35	176
0	353
55	353
0	37
8	118
0	18
25	131
3	123
0	34
0	0
0	2490
0	438
0	4307
3646	4350
4760	4
61	5578
12	1440
35	1442
0	12290
0	69
35397	10482
30	0
61	0
104	102
20	6
34	6
22	0
87	102
71	480
0	113
433	3
1	0
1765	588
21	587
0	0
0	0
565	0
17	14
0	14
0	3116
0	7947
12671	9718
0	6007
5	48
1312	769
0	0
648	546
655	546
24	1
8	1
0	0
0	0
15	0
83	660
0	4
3	270
0	72
0	658
34	141
10	141
0	148
3085	148
2521	1
6	0
0	348
70	466
0	10
0	5
97	15
6	1324
422	1324
0	280
134	230
287	722
8	722
0	364
277	3561
0	3561
1287	1017
0	6
26	2
0	6
25	7663
4025	7664
39	662
0	22
7	655
4130	46
312	36
5	13
0	394
18	409
0	408
25	0
6103	1875
14	1873
110	3543
0	3042
0	3360
38	271
0	26
0	4
0	4
380	1
799	4478
18	191
0	87
0	358
0	34
834	1960
6	923
0	2259
8	2259
681	0
0	255
0	2583
0	2380
0	2605
1176	1458
376	1457
43	175
0	175
0	22
73	188
0	188
0	181
142	322
1649	1896
566	0
791	4
4	545
0	629
19	629
0	8
0	8
0	1488
0	33
0	413
18	1822
17	1894
10310	4
3	17
2	17
0	34
0	227
2	887
161	1043
0	707
0	571
0	727
0	24
19	24
0	436
3454	910
83	320
0	320
0	5746
11271	5749
0	0
517	0
274	8467
0	8538
0	569
10	8495
0	0
0	0
7	0
0	220
0	220
33	0
0	0
0	0
40	0
641	171
4	765
0	820
9	414
228	1
115	196
0	46
471	3062
0	3062
1362	235
0	233
116	0
5	0
0	41
45	951
459	954
0	0
13	420
0	64
0	420
23	2
2	1001
0	72
152	837
0	430
31	867
3	572
7	273
0	43
44	522
0	522
1977	1
2717	9431
6	4
10	9427
13	0
56	560
1	560
2	85
0	53
4	175
0	84
148	291
0	214
2074	260
0	259
1842	126
0	125
44	0
3330	1
28	13
3	71
0	71
0	3
0	3
0	0
21	35
0	35
0	7
0	7
0	0
0	0
0	0
0	0
94	5429
4	5353
0	5459
2366	436
23	436
6	0
3	392
0	392
756	0
0	178
0	103
26	198
38	0
779	0
361	38
0	37
0	1237
974	1237
0	177
0	36
9	81
1323	294
0	0
0	2
40	28
152	917
142	0
80	0
0	1957
3	2089
15	478
13	86
102	86
589	330
0	329
0	0
1329	497
0	10
0	114
7	381
0	0
14	48
2	0
0	0
0	0
0	0
0	0
0	0
0	13
1373	13
268	1874
0	1874
0	137
656	529
0	3
0	389
0	38
9	274
1	221
2	596
0	221
1035	1363
0	1383
89	1501
1604	76
52	75
57	228
2	76
0	0
0	30
839	31
0	0
0	312
15	0
9	312
4	629
0	280
0	720
0	121
0	121
0	115
0	116
0	31
285	31
17171	1818
67	1812
0	36
0	6
5	512
0	54
7	67
5	510
0	1
38	96
0	1
1203	36
5	34
0	86
22	1
108	11
6	2940
0	2880
84	2992
0	414
19	414
1	446
0	0
2409	1
869	2202
0	2202
0	4803
0	582
0	4617
0	4981
0	4795
23	959
0	2309
705	2587
1186	7415
1487	7415
16	86
320	152
0	0
63	1681
0	131
1092	2152
18688	1427
0	1155
0	261
0	0
0	0
0	0
0	0
0	0
0	0
0	0
109	127
188	213
1416	832
0	832
986	0
0	4033
0	243
2397	4034
0	153
0	1
47	0
1	425
4	425
2	335
12	323
18	335
5	96
0	23
96	2239
283	2239
12274	12260
0	12238
108	734
5	329
67	483
0	145
0	135
0	100
0	130
0	102
4	253
36	436
194	501
496	2459
0	2459
3	970
0	0
0	0
77	0
1700	1562
5	101
611	315
26	314
2	171
0	19
7343	7263
107	7253
120	268
0	0
0	0
1396	0
133	105
1	122
8	87
0	69
304	224
2	156
0	4
0	65
426	323
0	258
821	2717
3881	2717
115	82
0	0
0	0
0	0
0	0
0	0
18	17
0	17
6	16
0	152
0	13
0	13
0	2
0	0
1	21
29	30
20	0
1	0
1019	487
0	536
11534	546
388	0
14	0
1409	4
12	157
6116	158
0	0
16	1
0	1
2244	2541
567	757
232	61
1435	3925
9	3920
1222	3
0	0
0	0
194	636
16	636
2766	152
0	0
0	1206
8030	1212
0	775
0	14
0	764
376	206
0	257
0	69
0	540
6	1891
0	1193
8	1876
0	5
0	5
0	0
0	255
172	255
239	961
107	4895
0	274
0	0
1334	4897
27	527
220	6630
1075	6589
0	43
0	31
0	17
488	74
10	36
0	39
0	19
10	0
265	2
0	0
1241	0
1163	2233
3	133
0	2192
6	288
2	314
0	0
5	1776
0	533
0	575
0	410
0	1775
1	1937
233	0
369	315
1275	430
0	294
0	311
0	5
0	5
0	5
0	5
18	37
0	37
0	6
74	0
140	6
10	405
258	794
1068	1
0	0
3	13
0	1396
0	479
0	6
6	1375
0	1346
0	1004
0	2
0	2
60	51
0	49
0	51
803	671
0	803
0	803
347	999
0	999
0	899
0	896
0	806
0	844
0	0
0	0
0	189
0	32
0	115
54	406
3	373
1144	0
0	43
576	1973
0	1965
7	1938
0	469
466	2442
114	2727
0	114
19	114
694	607
0	365
679	404
1257	1
7	796
887	2446
1193	1315
1	0
14	2389
322	2388
7	0
8486	0
65	0
1972	0
85	443
0	86
3	443
68	470
10	470
0	0
0	0
2	10
3357	815
187	358
0	457
65	94
14	0
552	771
876	771
1509	1023
20	1023
4	422
2542	1606
0	1235
1	149
0	13
52	1
2	149
0	149
0	613
68	841
0	841
15	15
0	15
0	296
0	405
0	40
465	0
0	580
11	141
1816	644
1	1
0	0
0	0
4	166
1289	920
0	2907
0	3041
0	2743
58964	36
7872	3961
154	2655
1	240
67	1121
0	3042
797	125
0	125
6	254
460	1317
6	1063
79	0
3669	0
0	8
0	195
397	9
140	223
1602	3616
4	1286
19	42
6	1968
0	2759
154	2350
136	2587
0	2449
89	744
1	744
7	0
0	0
0	0
144	0
141	0
0	9
0	146
0	146
0	5
629	0
0	3
0	3
0	1165
0	1348
299	2823
131	2816
118	0
340	0
466	2
51	4213
0	3936
0	4219
9	0
0	0
167	586
80	586
157	0
1360	0
899	726
0	254
0	254
2	0
116	0
0	0
0	0
2384	2
0	0
0	0
6	43
24	43
487	8
0	0
225	628
0	0
0	20
25	20
1407	0
14	460
0	460
0	445
0	138
862	178
0	40
71	0
28	53
23	0
192	0
480	234
0	56
0	24
26	311
0	287
0	31
12	31
50	8
0	429
2579	437
0	369
0	408
42	408
156	199
0	199
10	8
0	8
0	7647
0	79
0	39
0	7431
0	5224
0	7567
583	2
3178	3028
381	214
264	10577
78	0
116	0
4	2
2140	2392
23	2344
0	1275
0	1210
0	1008
0	240
0	0
4	0
24	0
0	199
979	224
7	0
350	328
0	0
15	0
46	389
0	111
0	78
0	321
10	450
1240	2
419	1
0	390
151	390
62	0
0	0
0	19
25	61
11	61
2	0
0	194
4	0
0	380
72	380
5	370
73	0
3516	1404
0	1400
134	1130
1	563
0	970
1800	6
0	3
91	3738
0	343
0	3746
557	3
0	0
4	0
30	2991
13	2991
0	294
538	294
78	11
0	72
10	72
389	338
3	338
5162	4
11	9
0	31
152	40
0	17
0	27
0	30
937	0
0	47
33	150
0	20
0	26
0	40
0	150
124	0
6	0
0	77
0	100
146	15
15	15
0	44
0	11
34	55
303	178
0	89
3	0
0	0
390	0
5	8059
820	10746
17	5356
27	446
356	415
72	456
1512	0
0	0
0	0
0	30
0	30
52	846
7	127
38	840
0	77
2042	78
0	220
82	220
54	68
290	188
0	102
7	59
1149	3647
0	3647
0	0
0	0
902	61
0	10699
0	10066
140	328
69	328
1205	1
0	218
2	221
0	221
0	760
435	767
161	32
0	32
2	0
0	2
0	2
1034	322
0	318
0	12
0	5
0	40
0	5
7	40
30	103
0	103
5	17
0	0
0	0
0	40
0	0
0	41
0	47
0	332
664	804
102	124
0	0
97	0
1461	402
0	227
103	76
0	70
0	6
5	43
0	334
9	75
9	334
13	210
0	27
0	210
0	0
44	0
242	0
181	1024
0	1024
0	1020
0	1024
0	349
0	622
968	0
187	2
23652	7961
59	7953
1	24
0	24
529	471
0	471
753	568
0	563
0	83
388	83
4978	1
0	163
9	163
6541	3215
1165	0
423	1714
22	1714
2012	24019
0	1995
15	22450
9	11038
18	20981
0	865
3914	2118
3385	0
1237	855
7	345
17	257
0	245
0	0
0	0
1099	60
3	60
46	0
118	0
1312	401
19	401
0	7
0	17
0	17
0	16
0	6
0	57
37	57
1706	509
4	509
0	651
0	599
0	6883
26	6535
0	431
13	3170
222	3384
3	3384
0	0
123	0
0	0
0	14
18	14
0	27
0	5
0	17
0	27
23	45
55	5199
92	5202
0	3
778	1674
0	856
0	598
0	1
0	1027
0	0
1097	2100
7	2098
433	1
0	11
49	2139
0	1806
0	2243
10	0
0	0
83	57
1164	2829
0	3886
0	3911
48	0
0	0
7	690
460	1301
0	0
0	0
180	7
0	1060
0	626
282	2557
726	1
0	49
2331	1590
55	1634
0	672
33	991
0	991
40	0
0	0
131	0
1514	2923
0	2927
0	1963
0	570
107	43
0	34
0	9
1953	3
1483	4533
0	4533
7805	643
83	31935
0	28524
8	10005
117	28957
495	0
0	678
0	678
0	15865
12	16827
9	15133
7	31
151	0
0	53
77	85
0	24
48	297
0	0
0	273
0	271
3164	1949
0	1811
0	1164
0	1941
0	366
247	1387
0	1387
0	388
264	388
231	207
7	71
0	0
10	0
4381	1840
19	136
74	91
0	1725
252	0
0	1154
0	357
235	2536
174	364
11	2595
0	0
1	0
0	0
0	323
0	577
4	406
312	615
37	374
0	111
27	362
329	77
0	77
657	0
353	244
604	3
0	0
664	83
14	57
0	25
0	0
2063	1
0	121
0	121
8	37
0	599
44	9
0	592
0	565
1362	3031
22	179
14	3031
22	0
36	0
0	80
0	202
47	202
0	1
0	31
0	44
29	57
17	0
0	49766
6	92453
2	63329
10	49241
17	43399
5	209173
28	227601
0	127104
677	3697
0	574
141	3613
0	0
0	0
0	0
507	36
5	36
696	990
0	321
0	1414
0	17
0	1381
0	1467
0	1657
3534	1660
1714	186
0	182
9	0
1	355
4	369
0	771
0	810
66	1225
12	1223
50	655
74	655
548	81
0	81
367	0
0	0
0	0
0	0
0	992
1560	5741
0	3074
8	681
16	5986
283	497
82	497
628	396
0	151
0	324
0	0
0	0
0	2
0	0
11	2
28	263
0	1184
2	1110
302	69
20	579
191	579
100	1585
71	1585
150	0
0	23
0	0
0	0
42	66
0	6
0	0
0	0
250	2227
3120	2222
0	4
62	4
0	43
1760	37
4	43
3896	985
3	981
562	0
1820	2314
3	1383
0	930
693	2027
2	1908
223	988
3	62
0	172
0	6
0	157
0	156
126	0
4	11
193	860
0	1416
187	1430
0	1430
838	197
22	127
0	170
0	1705
1410	2443
0	950
0	11
0	11
0	0
0	0
0	0
0	0
128	991
41	972
0	26
0	698
8	951
0	694
0	198
2574	25
11	25
569	3417
302	3501
317	1895
1832	1895
11	750
1428	1118
0	276
3	898
0	0
65	46
3963	1001
5	1000
0	143
0	167
0	91
669	617
0	0
0	617
10	0
2440	0
623	0
339	3
25	551
0	2577
10	135
0	126
27	2577
89	0
3	3
7	2916
54	3130
17	3206
7	116
220	232
231	1523
0	3142
50	5106
0	1841
0	4312
45	11
0	11
12	8
0	8
1909	128
60	0
0	52
94	345
0	350
0	52
0	23
322	137
0	40
0	16
0	130
0	128
0	133
0	0
4074	2
0	119
0	0
234	3998
99	3998
3	7319
25	31477
0	28230
0	27527
0	11
131	21
105	0
15832	15
0	0
81	114
45	0
0	0
56623	38
5667	1198
0	0
3	849
7511	849
473	0
54	802
0	136
0	203
0	0
990	250
0	3
0	0
0	0
250	0
8065	2078
0	1
4	8
0	8
1095	0
346	3104
21	3104
3685	6
55	0
25	142
181	0
865	0
146	689
0	0
15	690
3	0
54	42
137	67
0	55
6736	9
612	0
0	0
0	0
3850	5
0	115
329	159
0	54
0	0
0	0
0	0
111	82
8	0
4057	2753
1	844
86	387
0	2587
50	2052
52	2052
85	28
0	27
0	2562
0	168
51	2562
46	289
0	248
4	122
923	1974
0	2052
0	1792
0	2023
19	0
0	0
0	0
0	0
0	0
0	108
6	6374
0	6391
43	6283
39	6316
4003	1932
1186	2244
1074	1951
2208	3837
26	46
8	58
47	12
8	268
447	268
0	4
0	4
1639	1
16	0
1748	5398
179	5398
66	75
2	2000
0	2000
17	245
13	245
0	0
0	0
81	460
2	437
0	460
0	559
1	479
0	482
0	472
195	467
20	447
61	135
1470	1
267	99
7	97
993	7
0	0
0	0
449	355
22	287
0	127
353	0
0	8
0	8
4274	5
2062	1
2229	0
0	1806
4	2052
0	2052
0	2370
542	234
503	2604
0	38
3713	4751
0	4749
17615	14
68	235
4	235
22	120
0	120
1730	202
0	199
0	0
0	67
256	80
0	13
519	212
0	0
65	0
0	580
16	463
104	124
0	41
70	915
0	238
12	915
267	1152
39	1152
814	748
81	745
50	206
38	206
4225	1
0	315
2	262
41	304
7	0
31	31
0	31
0	0
272	1
106	0
0	4068
18550	4090
1	52
0	52
0	9
0	9
0	6
9	6
4043	5
4884	584
24	578
0	1104
65	1104
1	4523
343	979
86	4523
128	246
221	246
87	90
0	90
7	63
4	63
64	771
1047	1185
389	382
0	747
75	1244
210	778
5	5
0	5
54	215
1	215
0	211
1453	2544
0	2450
38	2451
33	2510
16	2525
4	2394
1067	469
373	469
0	1
0	0
1144	18375
309	2806
0	17469
0	14569
21	15220
10	15721
0	15117
161	16721
45	534
0	391
0	1600
55	788
10	1812
25	1677
459	0
7	0
32	1154
0	1154
0	116
18	105
0	91
23	168
61	168
1021	460
6	459
0	10
1153	0
49	0
490	1
22	4880
0	1125
333	4880
3236	1297
0	1296
1466	2187
94	376
155	2300
181	293
0	268
0	514
0	249
0	537
0	215
94	634
879	1456
2487	2480
44164	2499
160	20
51	3
0	20
261	0
1	0
407	2792
0	2792
0	778
223	778
0	164
78	27
0	7
0	23
1771	3397
0	134
148	3017
0	3390
3966	4
46	217
0	8
0	8
0	26
6	304
0	310
4	48
4	25
0	25
0	44
0	47
295	48
3	0
0	5
10	5
2616	0
0	0
0	0
0	0
0	0
333	4
5	4
131	4
0	356
0	65
0	0
0	150
57	356
1	101
982	107
18	259
0	110
0	7
6516	1702
371	176
0	13
7691	10
35	10
0	10
314	1419
0	1415
73	138
0	941
453	954
129	0
1551	855
15	855
9	0
0	8666
2107	8669
0	47
2054	176
11	0
0	86
1	134
29	306
0	395
0	4153
0	4167
95	424
7	8059
36	7584
0	7887
0	7267
73	961
2	309
0	358
0	154
7	961
0	20
878	677
0	568
0	27
0	75
0	500
3	58
0	99
97	500
29	0
0	229
23	170
0	7
0	194
866	322
9	18064
0	18064
0	12915
259	1189
0	876
1394	323
0	45
1113	1711
2	158
0	158
13	77
489	0
23	7
0	7
41	57
0	57
471	0
911	0
0	0
0	0
4961	239
0	44
7	234
0	3812
0	1612
5989	3812
1289	0
156	0
0	49
0	49
7	49
0	236
432	238
0	232
0	0
16	453
193	453
0	446
74	4
0	530
0	431
92	295
174	6587
0	6587
75	73
0	68
0	73
237	0
0	92
0	92
0	86
2	0
147	0
7	26
6	14
1	32
364	2078
7	228
1	1905
1947	407
59	336
2	405
1	0
0	70
40	170
3637	577
153	577
565	467
0	224
0	25
2	0
0	34
82	34
39	79
7	0
0	79
0	76
2	2
395	47
0	24
54	24
3761	5988
0	6211
0	54
0	540
0	736
0	6442
0	2285
1363	3574
0	3572
471	992
0	379
0	58
4	0
8	91
841	91
439	0
278	1
212	0
0	0
8	0
21981	19
86	45
0	21
0	24
0	24
0	23
68	23
13218	9
9	1862
4247	4114
0	2570
2317	0
0	0
519	0
432	1016
36	1055
0	1053
55925	42458
5	42408
64	0
1993	2
81	1863
32	337
106	4
0	1859
198	203
0	38
0	15
129	0
42	0
0	0
0	242
187	986
0	853
0	0
5	182
950	182
6697	1
3840	0
23	0
11	0
2063	352
955	0
10908	20
2	0
6	361
0	25
168	361
899	0
3229	1732
501	0
16	0
97	2539
2	2539
0	0
13	0
0	34
0	16
4	15
0	3
0	49
23	66
1	56
2169	3
0	0
0	0
12	3610
0	11782
0	11966
0	34
6	124
0	108
8	91
8	132
0	116
184	146
0	146
7	0
279	0
25	843
25	813
0	592
0	2
0	1
5	1
23	0
5924	573
0	573
2047	2
19	0
26	137
4003	2760
0	303
0	2374
38	2447
48	325
95	326
182	0
2872	134
0	132
94	334
0	18
192	89
0	87
1	0
0	0
1	0
644	0
129	0
6	727
138	727
105	125
0	125
36	125
0	125
0	62
483	1354
0	1339
86	131
3	131
0	17
0	17
0	767
102	1250
62	4
0	0
0	2831
0	337
4350	2833
0	0
0	0
0	0
0	23
0	23
419	61
7	71
31	78
1	1
0	0
37	278
0	0
8	90
0	15
0	1
0	256
0	256
0	256
0	263
755	753
0	23
0	23
928	1570
0	1569
0	0
0	2
0	4
0	4
0	4
0	4
0	4
0	4
0	154
0	746
276	885
15	923
0	920
2	809
1	47
0	780
120	102
324	87
0	86
0	93
0	34
237	34
9724	13703
3306	13706
0	29
0	35
0	43
0	35
27	43
0	44
69	52
1351	3
1329	1
4	146
0	187
0	229
3	363
363	762
0	417
799	694
0	694
118	1127
0	342
42	1127
93	292
179	292
0	0
0	0
0	0
10	128
231	125
0	3413
44	2076
42	3055
52	7
173	1254
31	1490
29	463
260	235
0	87
0	153
5	588
32	588
6754	4
51	17
0	17
669	0
0	0
4	7
0	7
10190	3904
25	4001
90	3399
11	0
203	67
0	67
640	31
0	31
0	335
371	2978
0	2457
14	43
367	183
0	179
0	0
42	0
8	4
0	4
0	676
0	129
0	256
3	0
0	0
0	0
137	204
53	204
454	0
1178	3
90	0
430	384
0	0
0	12801
0	4135
25487	13448
3	4216
1891	2
0	47
1	54
0	38
68	101
0	20
0	20
84	240
0	240
0	0
0	33
14	33
7893	6
0	0
0	0
0	0
2	4
0	4
0	0
0	0
0	0
503	1
142	265
0	265
5434	1829
0	1580
0	1824
229	294
32	294
151	481
115	481
0	46
0	14
1	6
65	48
32	58
13402	5
0	0
243	211
84	325
0	323
0	379
758	2593
0	949
0	1415
156	229
0	229
0	174
40	16
0	16
27	210
0	210
43	0
0	717
7	717
0	717
1721	0
3898	3274
1	459
81	3268
325	3
76983	70
0	78
186	166
12	0
542	2
111	777
0	473
23	169
0	160
0	781
5533	15
182	17303
15	10056
149	12507
5	4363
0	8621
4592	4
11142	1315
0	658
0	652
0	0
18	121
9	121
150	0
0	2
11	19
24	19
8902	6
0	6
0	15
226	15
2232	3
76	55
0	0
33	69
23	3761
0	226
0	3986
0	3987
294	302
0	1780
131	1794
0	0
6	0
0	3
7	7
4	2
100	14
0	14
542	332
79	53
1346	331
3038	1
0	150
3480	150
279	5
8	24
5	1
0	1
0	0
31	0
2244	1
0	1
420	1
0	63
0	15
26	78
0	4
0	4
0	4
0	4
155	38
29	61
0	61
1519	2453
1	8
334	2454
29	105
0	16
0	20
9	28
53	430
1795	2
3362	5
162	0
19	0
39	1269
0	16
0	291
71	894
138	894
272	0
472	0
0	0
0	0
0	16
0	16
0	16
2	12
3060	1066
17	469
15	728
0	82
124	82
0	0
123	25
0	25
0	0
0	0
0	4
0	0
0	0
17	4
32	0
0	96
0	84
0	96
0	292
0	75
2544	6849
0	0
0	0
7775	9
0	137
937	379
0	77
19	0
39	10
267	23
28	23
0	10
3	8
27	141
8	10
7	136
20	0
0	0
0	3
0	29
0	1
0	0
0	0
0	0
0	29
0	29
2	0
0	0
0	0
3587	6
3	1510
7	1455
0	1386
0	1574
2	1559
1	1563
0	1439
158	1003
148	1010
31	1010
49	351
0	351
0	229
89	1946
124	1946
441	170
0	88
8	176
3	0
0	0
155	406
0	3
0	102
0	289
0	284
0	280
0	0
0	0
1	0
0	1414
0	179
0	1121
75	6020
2	397
29	5756
0	0
0	0
14	443
0	469
6	469
5	0
0	0
0	13
476	13
232	314
0	314
841	0
0	803
0	139
0	857
0	877
1	846
5	85
31	85
0	0
0	0
0	0
0	0
0	0
0	0
0	0
31	6
0	0
0	0
0	8
75	8
295	666
0	666
165	0
3086	2
226	74
0	74
0	52
2	291
7	329
0	280
0	0
0	14
0	19
18	16
0	32
0	405
0	291
0	388
88	521
0	385
5	0
29	0
0	397
305	397
3	51
19	15
16	0
0	248
0	184
0	693
0	195
0	643
46	340
17	329
159	459
1589	2081
0	2027
0	2182
227	172
21	2490
25	2490
0	0
0	43
46	43
338	0
31	530
22	530
0	518
0	1516
14	1516
142	8
0	81
0	128
20	132
0	213
1123	685
0	425
7	317
0	282
50	100
401	760
563	760
890	294
159	361
9	250
0	179
132	0
2237	0
0	0
0	0
0	0
106	1986
0	1986
24	174
0	74
0	235
428	23
13	23
0	210
0	9
0	1
0	190
0	152
0	213
0	152
395	1
0	0
0	1
1	150
0	344
453	342
0	341
257	336
11	71
160	589
94	448
4	170
1452	22016
50	22014
0	0
3431	2528
43	259
492	259
0	5456
0	5430
18195	6135
1	6087
8	4483
0	2506
16	0
0	0
0	238
7	121
674	632
0	450
0	279
7081	345
0	343
483	955
0	952
0	0
8	0
21	221
56	221
304	0
12	0
6	224
18	383
0	218
0	110
0	208
0	211
0	178
0	3078
13	2876
0	2689
28	2974
0	2816
47	2994
2	3182
0	2616
439	224
558	225
254	634
0	634
0	0
0	0
159	88
47	60
14	23
18	23
111	146
0	146
1769	3789
0	3785
0	28
0	1
0	3
0	3
2298	0
0	0
0	0
0	0
196	1
11	397
7	109
0	74
11	398
35	0
389	1162
30	18
125	0
5	418
1	76
14	0
9188	4
171	1214
17	1251
11	257
583	257
44	494
0	499
2824	1028
17	1026
2396	4706
0	4706
0	0
0	0
0	5
0	5
0	333
0	287
0	13
3	236
5	226
0	125
0	14
0	96
3	280
0	0
0	0
152	31
0	319
1158	1581
0	1497
0	1578
0	571
3150	925
0	142
117	181
0	181
1401	474
1	474
67	196
79	2254
286	2254
3196	1
79	94
51	94
0	140
0	142
0	8
0	10
506	3619
0	3523
18	644
0	1514
63	16
0	16
29	120
0	120
109	717
136	408
4	521
0	59
2	27
0	6
0	59
2689	2
1833	8
0	67
302	9
0	9
0	0
0	7
15176	11
126	1392
0	71
0	134
5	1389
0	922
13	3
0	88
0	18
0	88
3	101
14	101
2690	0
19	218
0	40
1	925
0	944
122	33
0	33
245	1926
5	74
2	1739
0	5
0	5
15020	20
0	1187
8	1194
174	200
10	88
11	72
45	1802
0	1352
12	1519
0	1636
0	0
12	0
50	1053
14	59
6	1329
0	1377
2580	1414
43	1109
0	665
1183	739
0	737
6123	14
3	270
0	0
6	27
0	133
0	186
49	171
0	171
17	222
125	222
47	63
5	41
15	125
0	35
0	100
0	814
0	10510
0	1055
0	10260
324	10189
116	943
0	417
0	7
0	261
0	0
0	0
0	106
0	5
0	0
0	0
0	0
0	0
136	0
339	340
0	340
12	126
0	136
0	136
1326	4676
0	3915
104	766
245	0
1	499
180	512
218	0
0	0
0	1264
167	1264
0	344
177	344
3	236
0	47
0	46
24	545
38	4
49	545
34	66
1393	48
83	47
12	0
218	0
0	0
0	0
1	0
3	50
88	50
0	11
0	11
1	0
774	0
320	433
1	0
0	2
47	134
1554	7176
0	171
0	41
0	7342
6	1
0	1
7	12
0	134
3	199
19	335
0	19
0	0
0	325
52	120
0	118
17	659
0	214
19	639
592	96
66	96
30	53
5	44
15	0
8	60
19	2947
16	430
5	2518
2	1829
1	292
14	1775
0	1584
391	0
0	3518
319	3518
0	25
77	145
0	144
30	41
0	41
0	28
21	869
5	325
814	765
0	2
0	2
0	2
450	113
186	438
42	415
0	5113
13	5113
34	16
0	12
0	12
1801	3493
13	3494
55	295
0	295
967	0
95	4008
10	233
1	41
0	4013
0	3951
0	4093
89	3760
8	0
0	5
0	5
3	838
2	12
2	2
0	6
0	0
0	907
1658	908
0	0
0	19
0	19
0	15
1457	341
0	0
0	0
490	1034
261	1034
2	920
0	1080
0	1063
317	193
0	188
0	502
0	502
102	344
157	2443
0	848
43	75
109	2695
41	322
0	54
1	2513
2	2469
214	386
0	14
0	289
107	84
0	82
0	56
0	0
2	151
0	208
0	215
185	139
781	0
0	0
0	19
0	19
16	0
0	1592
123	1690
40	0
0	0
2	1
20	0
0	0
182	210
0	123
0	36
90	159
0	159
1092	0
1034	87
0	66
3	24
66	0
0	0
6	0
2253	1
9	0
8	0
10	17
0	17
1656	0
897	578
0	47
67	1768
146	1768
877	1
12	4
368	3
217	10
10	10
799	0
22	0
632	1266
0	1266
494	2
1767	120
61	0
0	0
5	28
2	29
0	28
0	3041
99	2933
0	500
0	92
398	1174
0	1174
0	6
0	6
0	6
0	6
3	5
5	221
0	1285
35	1372
0	164
0	11
8	1285
39	1371
0	0
0	0
8254	6
0	9296
1323	11653
0	2427
274	9
4	0
0	9
24	0
0	0
157	0
1613	0
4429	702
2509	1
0	0
1	5
0	5
0	5
22	452
206	452
124	349
0	346
25	0
0	861
0	69
0	159
0	357
25	916
0	837
59	114
10	0
0	0
88	3
3	74
12	0
43	36
0	36
22	182
0	41
410	182
2316	1
536	2
81	1489
525	1489
296	362
2	201
0	26197
0	27777
0	29573
342	32810
0	31019
24	14
0	11
0	3
0	0
0	21
21	21
7	0
1168	0
0	0
8997	19784
19	19778
5	7761
2	5869
4046	3
1646	166
0	164
149	0
1	0
1	218
0	2
0	146
0	36
2968	5
35	0
3750	10
46	26
565	30
1112	0
7	0
1816	0
0	305
7	305
71	15
0	15
22	5
0	5
0	11
179	45
0	34
0	0
884	0
86	178
16	646
260	646
52	0
0	0
95	0
16	0
8043	9
2	39
406	281
0	253
0	217
0	253
0	237
5	0
0	0
0	6
0	6
0	86
1275	5136
10231	5193
889	3696
0	3696
14	251
0	12
165	258
238	181
0	0
7	0
0	0
12	33
4067	541
610	17
0	14
28	462
0	462
0	3
0	3
0	0
10	3
2569	1
0	30
2	30
0	1633
568	1633
331	197
0	197
10	0
620	0
261	7876
0	7876
0	5592
29	1435
10084	3252
4	2789
0	457
1	0
0	93
8842	632
0	239
0	164
37	243
0	930
10	131
2405	936
0	0
2	3
0	2
0	0
0	150
26	16
0	16
730	295
10	295
18	99
72	0
32	45
5	87
134	145
0	124
29	94
0	94
81	0
0	112
0	112
2287	3
0	271
0	0
252	0
9	555
3	401
281	555
0	1124
0	5762
0	5678
0	5961
0	5260
0	442
4	627
1468	1363
0	844
0	135
0	24
0	105
19	94
5	83
0	83
53	64
0	0
0	0
0	6
42	1
349	1
7030	13
0	7
149	730
695	818
6	185
82	652
166	0
0	52
18	11933
0	4833
0	8562
6618	18449
62	15656
0	201
3697	618
0	6
17	6
384	317
0	317
0	172
0	0
41	172
5	313
0	0
0	0
157	0
0	435
0	1539
1243	1977
2939	8
1806	1779
0	643
0	3433
7	3275
0	3293
0	5
0	211
0	123
0	115
0	10
0	10
832	409
1	409
2374	826
155	826
0	134
40	134
29	0
0	5
0	4
0	4
0	4
0	0
5023	147
0	146
1447	0
0	0
4	0
0	0
12	0
155	0
1487	499
101	499
4	742
126	736
0	155
0	725
554	360
4	184
0	358
37	1461
0	465
6	1461
0	22
0	8
29	8
952	596
78	600
0	0
0	0
0	0
209	0
2927	380
0	19
0	375
4	242
0	0
0	0
0	0
0	910
4	0
0	882
0	886
0	857
14	0
1	51
0	51
3	4
0	4
0	4
7	0
16	1020
0	972
4	90
12	817
0	2
0	707
11	573
0	1024
1666	1860
5	1297
12	92
666	0
594	2379
25	2377
1	49
9	365
0	267
0	191
0	244
0	274
1502	2
9358	343
11	114
0	8
0	30
186	690
0	725
65	1031
0	62
0	120
0	216
0	214
5	1033
0	0
0	0
0	0
0	0
1	35
55	0
6	15
11	10
7	21
0	0
0	0
0	588
5	48
0	55
3	19
0	55
0	574
0	588
0	440
6	366
26	378
73	378
32	635
0	654
0	627
0	58
155	58
6	0
0	0
195	19
84	4
0	4
291	142
2647	4
0	16
1218	0
4	227
0	145
179	648
3	608
15	95
0	95
0	838
1864	838
6	52
0	31
0	52
28	167
0	167
23	4814
0	54
1	3439
78	1866
2835	10989
0	5932
15	4805
22	5219
0	3158
2659	3
374	554
1194	556
4153	7
2	859
0	82
0	824
73	851
2474	614
90	610
94	487
40	487
79	158
0	72
0	39
42	70
25	0
2	0
541	875
2	143
223	257
8	78
9	68
988	245
0	244
0	154
3173	4421
178	2009
12	1591
0	888
1392	739
0	2548
58	17
11	17
0	177
44	60
0	429
40	457
167	74
0	71
0	73
22	0
0	0
0	0
458	397
207	852
0	277
69	421
2	120
89	181
2	77
10	87
0	89
6	0
0	146
21	3153
165	3153
29	0
0	83
201	83
0	943
3	1669
2744	1670
0	5
75	71
0	71
0	114
0	49
0	1370
11	2169
0	1590
1	79
4	102
20	84
0	164
56	310
586	207
0	204
44	701
0	701
0	687
0	1
0	1
2381	514
0	265
0	289
70	452
3	452
0	1930
0	462
509	3460
3	1655
7	7
3333	2
778	42
493	1
1112	2
581	0
0	832
414	3460
205	3460
0	0
0	17
0	369
0	369
0	365
144	428
62	428
24	57
15	7
803	488
9	107
0	381
2702	8953
90	4276
7	1863
152	1855
2	1179
319	1179
0	0
0	0
41	18
0	18
0	69
0	44
0	69
0	69
0	0
158	0
82	0
0	992
0	2292
708	2293
11	0
25	0
1075	7452
749	7452
0	1
0	1
0	0
0	73
716	73
121	66
215	66
0	128
5346	132
539	0
0	82
5	159
4	159
42	0
0	341
134	359
5306	1
1712	173
0	173
0	15
20	15
0	1441
1438	7302
8	55
14	55
0	0
455	0
1377	3226
0	186
0	15
0	3211
1837	1249
0	1249
689	2
0	2
0	0
0	0
0	2
345	0
7062	9
0	13
7	13
0	36
116	36
0	0
1	989
225	2339
1	1470
158	2252
0	1481
0	166
0	130
109	1476
0	14
0	14
0	0
0	5
0	5
0	40
0	40
0	40
0	40
6681	1197
0	1196
321	0
77	0
0	4
0	3
0	1204
0	438
0	635
0	196
0	1077
0	1240
0	4
0	4
6	8
0	1024
0	1024
8235	6
537	996
650	2027
13738	8
132	1536
0	1536
0	436
0	356
2	399
2748	8157
0	8147
342	7676
0	0
0	0
88	3719
0	232
0	2432
12	3706
3641	220
0	542
2	7999
0	5615
1929	8541
0	338
1160	190
0	362
0	2099
394	2845
0	3144
0	3004
0	0
0	0
0	0
6	0
811	560
0	560
0	159
4	421
0	421
0	101
4	85
0	56
878	120
7	485
0	123
23	480
47	0
0	0
0	4648
0	4487
35	4619
0	0
0	47
435	0
662	5
54	0
2272	2203
1	1951
97	869
11	41
0	7
0	262
687	730
11	0
0	11703
0	11398
0	1
31	47
1	47
0	56
0	0
0	56
0	56
0	301
34	325
0	324
5	0
482	713
0	37
61	75
0	160
42	167
0	86
2	0
215	0
0	59
0	56
1298	465
0	418
21	122
0	122
0	58
115	58
26	7
0	7
2	1511
315	3865
276	3906
0	3913
0	569
0	548
0	9
0	18
12	485
0	115
767	277
0	6
0	6
0	6
750	8310
0	7042
429	660
8	660
126	53
995	2216
1	197
8393	13
455	497
0	497
89	0
5438	1
275	0
0	652
576	894
0	771
0	850
2117	0
923	1104
0	1344
0	1397
0	1559
795	0
14	0
0	90
489	259
3	237
0	0
0	0
0	0
9	13
0	13
112	0
0	18
0	18
63	2301
0	2301
14	56
0	56
60	125
0	124
104	35
0	101
0	94
2265	149
282	869
0	164
0	30
695	846
0	1340
361	1428
69	969
0	217
3	217
8	3
31	244
6	244
182	0
36	47
0	47
100	300
0	5
1842	52
0	47
0	10
24	10
0	0
6	0
0	168
13	188
0	108
6	138
0	154
0	173
0	187
0	129
0	0
627	683
0	681
73	8330
0	8330
54	217
139	0
0	0
0	0
8	89
0	89
30	0
75	1223
0	181
1	1224
444	1512
0	625
476	1416
512	0
1356	0
0	0
0	0
0	374
3	12
45	97
0	132
675	132
0	292
9	292
0	98
9946	5
609	0
2284	7
112	161
189	880
0	880
0	5
0	12
0	12
0	12
111	0
0	63
0	418
0	95
12	401
292	0
174	836
149	83
0	306
0	346
12	1367
0	1273
87	887
0	887
54	134
5	134
18	154
14	368
38	418
0	416
0	5
0	5
181	235
0	235
32	0
4	3
0	3
0	1
9	1
9	595
0	217
16	427
7	851
32	820
0	354
0	2798
0	522
21	67
67	4071
0	4225
9	0
32	0
4046	2
0	0
4	0
945	203
33	3
4075	3
59	493
0	84
492	122
47	225
0	155
0	259
6	232
207	0
0	4
5	4
0	1
0	4
0	4
3076	0
788	9709
336	9709
0	156
0	2681
0	2671
0	2632
149	2570
409	0
125	1182
51	1181
0	358
5778	3
113	8893
2869	8847
0	1033
185	46
272	0
46	936
3	997
0	942
794	1
0	71
41	71
56	176
0	128
265	180
2	162
1296	1
31147	13727
0	13723
0	577
62	560
0	687
0	558
0	419
0	196
0	1953
0	1811
0	1527
0	1581
0	0
0	0
2288	15048
0	15047
776	437
24	437
0	4
0	4
87	1311
0	1311
0	8298
0	415
0	8014
30	8636
0	7818
1	2621
197	2621
0	817
141	930
34	910
1330	106
0	106
0	0
6	7
14	2745
0	1817
0	875
2524	2630
151	0
246	0
507	590
1848	2
2152	2
696	530
40	530
675	0
75	1515
1	74
32	1486
0	892
0	7
0	878
0	991
0	0
2925	0
31	118
0	880
33	764
7	956
0	0
3551	4738
2	4
0	4731
855	698
473	741
1064	17
0	17
0	505
4743	514
3183	5
0	0
0	0
1	193
14	193
330	614
0	5015
0	705
119	5531
503	5531
51	0
0	0
0	24
0	0
8	24
0	0
0	325
5	3374
5	932
3252	3383
0	174
3	174
11	174
101	199
2	2789
0	276
3653	4701
0	2556
1324	1
364	0
0	7
0	0
1277	93
14	84
1371	621
0	617
0	575
133	3
1140	1
2	6
0	0
0	0
0	0
0	0
687	1087
0	30
48	16
0	9
0	205
32	205
0	0
0	545
4131	47081
0	4567
6396	38668
1	2584
16	9453
13	4
29	1
115	293
0	167
0	13
66	192
0	71
68	0
762	5315
0	92
86	5223
0	3004
2746	3005
232	0
0	28
0	72
72	100
0	188
0	91
1952	1884
387	1882
1	429
0	1096
298	1065
461	1400
0	1097
86	1608
0	198
36	1620
205	544
112	546
0	251
0	3
100	251
0	0
0	0
0	5
0	1
0	12
9	22
5	336
4	336
0	302
5983	676
0	668
5	262
226	476
0	914
0	1592
49	1529
0	532
1978	532
0	0
0	0
0	0
0	0
0	269
0	3371
0	4353
16	4391
0	4414
0	32
17	86
0	0
0	0
0	407
0	181
464	4043
36	4140
46	84
4	888
591	888
0	1833
0	813
0	1906
646	7292
0	1041
0	3091
1	7285
2855	3
6	0
5	0
15	42
0	5
0	220
113	568
146	715
0	304
2676	2
784	538
0	20
318	20
2	0
7237	7
0	16
0	16
3770	5
0	24382
5	17390
0	21306
2780	41417
0	24129
0	17314
746	0
0	44
216	44
0	0
0	0
0	0
0	0
0	0
0	0
0	8
0	116
0	20
2	105
52	131
6	115
0	357
0	164
0	331
68	179
0	183
626	1571
0	598
0	82
5	19
180	90
4	10
0	7
0	0
0	495
1625	497
1885	0
0	0
558	87
0	87
3145	1
124	8
0	8
10	55
12	833
428	826
204	3509
0	1383
0	2253
0	1353
1681	1
0	180
0	94
12	599
0	679
930	0
628	0
0	8
4	8
601	1
153	285
0	70
0	214
0	23
0	0
122	0
15455	1109
544	567
9	1167
0	1166
0	869
32	721
564	124
0	48
36	361
67	361
98	0
0	0
0	91
79	91
127	0
0	0
0	0
0	0
0	0
8	97
195	278
3	277
0	264
0	81
244	283
100	200
0	205
9	205
13205	14
124	690
0	102
471	651
50	12
7	11
0	1
0	1
356	3
0	2632
13477	25291
0	1822
4	10214
3	10576
0	10253
0	23867
0	0
30	12
0	12
959	839
0	839
352	3983
0	3221
0	3101
6	92
0	766
97	3066
899	545
2181	0
647	64
0	16
0	0
33	16
11	97
88	164
13	152
262	0
0	100
0	100
0	0
72	110
0	110
0	282
795	1605
43	16
3	0
0	16
3673	0
512	504
7	163
0	454
43	0
465	1
0	0
844	1
7	0
0	0
0	0
12	313
964	1926
0	1017
2	907
1	765
23	229
0	229
5	1512
1052	8231
0	8181
0	1
0	7
0	7
185	193
0	191
384	2175
0	429
43	1847
0	1801
0	1804
0	3
276	3
0	12
0	0
0	12
0	191
153	447
0	406
30	145
0	62
20	107
772	612
4	77
25	21
0	12
0	0
0	7
0	8
0	24
0	23
513	23
269	284
0	21
0	40
0	239
2441	198
10	198
2	0
5470	5
15	910
12	915
0	1850
12	1910
0	1903
0	1030
0	1850
26	297
21	74
362	5311
0	150
28	746
0	0
0	0
0	629
970	629
9	19
15	30
0	207
0	344
570	358
2409	844
137	431
0	431
164	0
240	0
13	83
0	86
0	80
0	71
1544	236
58	236
153	7256
2329	6890
13	1931
33	1949
116	341
912	341
92	327
0	176
1994	1498
0	1360
0	1364
0	1358
0	16
0	17
1338	2584
0	2582
710	88
0	88
0	1367
0	160
0	1427
2035	3532
76	30
4	30
0	0
12	2
0	11
4	21
18	896
54	896
662	1
542	0
0	12
130	46
0	34
0	0
0	0
0	0
0	0
0	0
0	0
0	0
0	0
0	0
170	167
0	167
145	0
0	0
0	0
1081	1
2337	0
50	83
0	80
2	0
651	12
1	11
865	760
392	261
12	19
34069	58909
236	3191
0	6289
0	58049
4	0
11	0
249	0
298	1
0	110
667	110
154	2553
0	143
0	13
0	2528
128	2407
41	61
134	241
0	240
470	2
157	542
0	1
0	0
111	645
2803	645
0	0
0	0
0	0
0	0
732	1532
0	0
498	753
0	748
76	0
105	781
138	1118
0	1118
0	80
0	122
23	1113
0	1113
321	8206
28	3119
39	8207
121	0
0	0
0	0
0	0
4	1276
1819	2716
19	2650
0	1761
0	1938
0	1874
9818	7
0	3
1238	150
0	145
68	24
0	0
0	0
313	359
478	975
0	219
3840	4
0	0
11	341
12	317
6	24
422	82
4	50
0	36
0	4
0	5
37	2002
0	1164
12	84
11	1707
0	1582
757	1582
0	11
151	106
0	68
0	1429
0	426
2111	1440
0	135
0	156
67	262
213	0
0	0
0	0
636	81
0	81
31	13
0	13
1730	1151
0	1363
22	0
1478	649
2	0
0	0
0	0
0	0
0	0
0	0
0	0
0	0
0	66
0	250
119	250
435	532
0	49
5	532
0	5
18	32
114	146
3	0
0	201
12	201
0	161
117	255
0	254
602	198
0	174
0	0
1581	5
0	610
0	47
0	230
0	747
123	747
252	2109
0	2109
482	182
0	0
0	181
11	45
0	61
0	48
0	53
0	31
21	53
39	0
14	0
76	79
0	508
339	1273
0	33
7	33
565	0
0	0
50	71
0	62
0	79
0	36
2431	39
0	37
20	1147
0	1026
1696	4
0	0
0	0
0	207
0	207
0	0
0	0
0	732
472	732
3296	0
1	8
71	8
17	130
0	87
0	0
0	0
0	43163
338	44831
0	22823
65	0
23	173
0	173
100	0
26	0
0	8
54	63
0	60
22	0
38	0
0	8
0	0
0	8
0	8
1632	2833
70	2833
29	69
0	66
1021	1026
0	1026
2	60
0	60
344	0
7800	18
1183	1484
9695	13
713	0
544	2271
0	91
100	0
31	70
42	19
0	19
3141	3498
234	1999
0	2044
188	2030
0	2121
6	2067
0	0
0	0
0	0
2	108
43	90
0	418
2377	422
0	122
0	4
0	0
28	4
203	0
487	174
0	0
15	1
0	0
10107	2044
4	1425
0	290
660	256
0	0
0	2
44	0
559	0
0	530
19	73
0	530
1481	668
11	7
0	661
672	3381
0	3285
535	555
0	76
12	10
30	91
145	2837
804	2857
807	1766
0	65
0	1765
1407	882
0	882
650	1338
0	1336
0	1944
428	1944
0	0
405	0
0	5675
6006	29833
4	29790
0	554
82	1699
0	1699
144	2350
2786	2360
10339	11
5066	2
0	0
0	0
0	586
0	298
487	7482
1	431
2	7482
0	32
46	111
1177	88
0	0
0	0
2246	2
0	13
53	21
0	21
0	21
0	4
1	0
0	173
0	173
0	0
134	3
0	3
13	0
375	1837
29	1740
74	2158
32	2272
0	2210
4	715
82	499
18	591
122	1737
1	2478
0	0
0	5
0	0
3	0
13	5
41	727
7	662
0	57
0	111
279	138
0	86
36	18
156	0
1	16
0	16
0	4
0	12
0	1
0	18
1	107
4	115
0	0
0	0
1076	1
351	5546
60	5543
1688	2
0	48
373	49
553	5
184	480
0	453
0	437
20	71
0	71
6	0
425	0
1164	933
0	930
0	0
245	0
0	0
0	0
0	0
843	598
0	510
0	88
0	0
1698	1
8	187
96	187
2	71
84	199
0	199
12	112
871	0
1446	172
6	172
39	3258
162	2297
1867	1418
648	0
121	0
19	1669
0	742
119	1669
0	13
14	42
9	18
26	41
1	0
0	8
0	8
0	158
163	158
7904	4380
0	993
16	4244
0	4232
0	4220
0	77
3	77
3941	0
0	18421
0	7890
100	13631
2274	18421
0	262
0	50
37	600
13	559
0	530
2687	1
0	17
0	17
0	17
0	0
0	0
51	0
699	2059
0	2059
0	0
0	0
0	78
205	78
1412	1
21	54
0	82
0	102
0	103
0	103
0	499
5	581
0	581
117	3
0	5946
0	3813
0	4760
2350	7827
476	0
114	27
176	0
0	0
4090	1
3	18
0	18
0	6
0	0
0	6
0	6
6	30
0	4
0	3
0	1
0	28
8447	13
413	920
0	479
0	822
194	1255
0	648
0	1252
3	0
108	0
0	94
0	94
13	91
0	5
48	20
0	20
7	817
30	723
29	598
16	167
28	164
1367	1307
0	1303
10	92
341	125
16	70
0	0
0	0
13	0
183	0
25	6
55	0
0	785
0	4
8	802
0	811
0	507
221	1
37	6
0	6
404	0
1877	5
1	94
0	6
1316	1791
1	303
2	246
98	1765
6	0
32	0
708	0
31	2397
0	2370
0	2429
170	117
0	116
0	156
0	319
0	251
3	1066
122	1096
19	26
2639	0
184	485
25232	505
127	0
0	1058
64	1277
40	1289
194	243
0	243
0	0
4998	8
383	480
0	20
0	11
40	116
81	193
0	193
8	332
0	8
3	129
0	61
0	83
51	376
0	351
11	393
0	0
0	0
0	0
1364	3909
4	3909
47	18
0	2
0	11
0	11
61	0
0	0
3	0
0	750
509	2081
0	2081
0	6
7	6
158	1
1000	1
0	493
1388	493
182	102
0	32
78	111
0	76
0	111
0	111
14	21
266	246
0	0
0	0
0	0
0	0
0	0
0	376
5	1408
64	1451
0	1391
0	1348
414	0
0	7
0	0
0	7
0	7
7	7
0	3
0	3
0	3
241	134
0	134
0	0
44	191
0	3
15	191
393	718
0	2246
47	2542
0	2648
85	2641
0	0
29	56
0	56
12	359
0	74
29	85
4	69
0	47
0	342
20	0
1314	149
0	149
310	2
0	1551
0	2644
160	1826
12	2654
7589	151
0	149
0	706
717	706
1735	564
0	84
47	84
39	0
0	0
0	0
544	0
0	58
0	194
0	210
27	336
36	332
0	0
146	0
6614	6
622	0
64	0
591	1632
9	1632
76	23
0	731
1123	1508
0	1237
226	671
0	671
2031	1594
249	184
6	184
173	0
25	6
0	5
0	25
0	24
0	24
0	25
0	2
0	2
0	20
312	271
0	267
16767	5625
228	386
0	386
273	79
5	79
172	0
3618	428
0	211
116	28
0	28
0	0
0	13
0	21
0	38
362	88
0	75
51	90
94	1888
248	1888
596	0
241	0
1199	2
1302	1
0	0
737	3284
0	3183
0	2877
0	2613
0	3201
0	2877
245	3016
3	3560
2	3166
0	0
0	0
0	0
714	362
0	361
37281	3372
2420	0
130	27
199	387
0	387
0	0
511	242
178	56
4409	2
4	0
57	2163
27	2163
0	1530
42	69
0	2
56	13
2	12
0	0
7324	14
0	0
0	1639
0	13963
313	40288
0	4738
0	11909
34	35695
0	681
935	1992
0	1593
0	1992
26	1420
9	238
3	201
2604	1411
0	0
2517	6
97	143
8	1
0	1
0	2757
1116	2757
0	0
322	0
0	0
6	1601
7	1302
171	0
0	340
0	1323
30	1323
0	0
4	0
1313	103
9	103
538	1586
0	127
3	1443
84	286
0	286
196	0
0	78
3	15
0	57
0	7
0	60
5	0
0	335
0	335
253	6329
76	394
2	6329
0	39282
1478	55690
2	25693
57	77
0	50
4742	32
264	245
3	32
0	27
0	32
0	21
4	254
77	412
0	141
0	406
146	594
0	643
0	395
83	31
0	5
0	21
0	9
1108	4
0	4
99	640
0	313
0	226
6	600
682	0
0	1510
227	1512
0	0
0	0
0	0
0	4
0	4
0	4
1866	2152
0	2151
0	0
155	311
0	311
0	0
0	346
0	0
0	4
10	45
0	62
12	2123
0	4
10	2120
864	0
19	19
9	19
37	24
0	24
0	23
946	899
0	0
452	478
0	0
74	0
0	478
100	300
1	300
0	0
16	0
0	0
0	0
12	25
7	25
9	1
0	617
0	835
72	251
180	3146
4	3255
2	30
13	51
81	381
0	284
0	0
0	22
0	30
0	29
27	104
0	0
1568	1200
0	1201
0	1201
0	1199
7	1013
0	1200
0	0
0	5
0	5
0	5
0	0
257	1
0	20
0	0
0	0
0	616
0	446
0	15
0	134
0	137
762	0
0	0
57	4398
0	2784
49	4398
0	1
105	0
0	594
536	594
127	326
0	326
0	0
1615	0
125	0
681	0
0	712
1465	1349
5	1456
4	0
6	3
0	3
201	401
130	401
1151	469
3	468
391	0
0	0
0	0
0	241
4	316
0	218
0	200
0	106
0	2258
0	2875
1	2862
0	2875
0	5
55	1807
8	1802
0	105
123	6081
0	67
90	6419
0	3771
0	141
718	291
0	257
2642	0
145	35
0	4
0	31
4	0
0	329
116	372
0	346
0	0
0	226
0	226
3882	2
0	1988
3248	1988
0	1988
879	0
1629	48195
139	48187
0	138
18	136
458	1060
5	908
34	2
0	2
25	182
0	0
0	182
1441	705
32	685
19	97
946	97
0	0
0	300
99	3546
0	272
10	722
0	714
15	611
12	505
21	3515
96	0
246	1175
1	1174
107	0
18	1919
4	55
503	1883
0	204
0	196
0	767
0	770
0	767
0	799
0	768
1	53
1117	603
2580	4
0	0
0	0
5	34
0	50
0	25
0	60
0	132
3	27
142	444
1385	0
4	0
621	44
0	44
845	104
33	100
0	622
63	3608
25	3712
0	0
0	0
0	0
0	0
0	0
0	0
0	0
0	0
0	0
0	249
295	250
0	0
0	0
7	0
0	12
0	0
0	0
0	12
860	7723
0	654
49	8072
1451	0
12	42
34	0
0	154
0	148
83	693
560	5
545	1345
331	431
68	0
787	5
6	26
0	26
0	0
0	0
0	14
3	12
0	0
6	104
5	131
0	72
0	126
0	0
0	0
1	2
595	1
4828	27474
5602	27478
508	1
111	466
1240	469
0	27
2371	0
247	0
302	0
17	34
0	0
52	44
0	0
0	0
213	0
0	194
2736	1217
4	575
0	1019
0	204
1533	0
1396	2085
26	50
0	1909
0	1895
1550	191
0	1784
0	1758
231	0
0	0
1548	0
6913	5
51	91
0	23
3661	215
0	202
2	0
0	0
0	273
2	523
580	1800
0	1800
1116	152
0	150
346	0
1121	5
0	8838
23529	34482
4744	2256
111	79
0	11
1000	2
337	1323
0	233
6	833
0	102
0	510
38	1413
12242	10086
65	1613
21	10078
11	28
47	9
0	5
0	8
0	1
463	3
0	0
0	4
0	9
0	0
19	5
33	1567
0	0
0	0
8878	209
0	188
1118	1335
0	1335
0	238
32	168
1308	473
3238	1
1696	0
2	0
0	6
596	553
0	11
199	548
0	234
0	343
0	0
182	333
0	331
0	7
1303	0
2	2
679	0
36	0
22883	17
0	82
216	82
0	22
603	433
0	333
776	0
28	139
62	225
516	204
2	4050
93	4050
128	554
0	116
0	46
0	40
11	565
534	183
0	52
728	0
8459	684
40	389
0	1005
25	646
28	2343
19	687
16	366
23	688
0	348
0	625
0	13
25	11
2	2503
0	2401
0	2506
0	2481
110	0
94	361
0	5
0	361
0	19
0	4
0	52
20	129
6	0
0	55
152	422
0	415
3	421
28	14045
22	13401
0	11629
0	11511
337	16
1	8
1657	1256
61	1256
2039	1
0	7
7662	17
54	0
335	2109
595	28
0	4648
0	4365
379	0
0	4
4	4
50	98
382	97
2	1070
233	1070
2251	1825
83	2479
64	2376
2	25
0	0
5451	3434
1	3431
6	7
0	3
0	7
12439	2564
1	1508
0	1579
5	0
9	14
38	14
15	2
24	2
0	83
71	101
135	19
11	1306
0	0
184	1236
187	1236
127	634
976	634
2491	0
0	123
0	123
34	88
292	94
0	84
0	76
469	3307
63	3307
1387	162
3	0
75	2
42	0
453	0
7	1661
0	991
6	1313
260	1734
106	356
62	0
0	312
0	101
0	281
28	312
1	1
0	0
2860	4
2	0
2	0
0	0
4501	3102
0	5
0	0
0	14
0	14
41	1779
0	1120
0	1047
0	0
0	0
0	0
77	10
0	10
43565	1665
5	1626
0	0
6041	12
94	0
18	0
0	3373
5567	4291
0	4285
87	30
34	30
1426	527
0	524
46	0
68	0
0	356
0	77
1	511
37	511
0	189
595	0
110	0
32546	44254
1899	11008
103	37659
4800	3
1302	2
1	147
0	157
0	171
5665	702
0	697
1	42
0	42
32	0
69	0
1508	1690
33	191
27	81
27	1286
0	0
434	240
0	240
0	2
0	2
7	38
31	38
164	10
0	10
0	0
2	0
50	213
0	213
4	180
2288	34564
2	167
10	3683
4	129
0	3253
73	36055
16	0
5	40
27	40
50	1784
0	959
0	980
0	957
0	18
0	7
0	510
0	92
0	73
23	524
165	100
66	57
0	70
0	0
0	0
0	0
0	0
0	1
23	42
28	210
0	210
214	0
3225	8
4522	0
0	0
0	0
11	149
0	8
0	246
0	238
0	0
493	3856
251	3856
0	0
5	24
118	0
0	0
0	0
0	883
0	26
0	242
0	316
77	5461
1	5473
0	5551
199	2431
0	2057
0	12
2	13
1	13
818	2
14	1645
0	940
0	954
2	88
0	906
0	0
0	0
1	14
0	0
0	3
0	0
82	2174
0	134
129	7680
56	7615
105	68
0	16
3	72
3678	3509
0	3507
0	2807
7010	4998
0	4996
584	934
0	391
0	478
55	4252
15	889
2	1248
0	403
88	4263
8886	3
63	106
458	1616
0	555
0	379
0	1052
0	1103
0	0
0	0
0	0
72	41
0	70
0	56
0	70
97	519
204	519
0	37
0	149
3	20
164	161
4	19
0	16
364	190
36	12
13	36
0	288
16	288
891	766
0	14
19	4
9	18
0	0
33	21
211	611
93	611
693	550
1	1022
122	3792
0	1415
0	3523
0	0
289	401
0	401
2055	1523
126	447
16	316
0	46
322	828
0	103
0	785
0	0
50	0
17	6
0	6
836	150
6	16
0	54
0	113
5	0
0	147
0	0
276	350
6	350
126	4
0	0
1894	2
29	1
0	0
0	0
721	6622
0	99
0	1664
20	1624
1221	8896
0	0
0	0
24	0
0	0
0	0
0	0
23	0
0	0
23	1
4	13
35	0
0	663
1427	1690
0	1903
1806	84
0	83
0	0
1255	0
42	0
45	245
9	286
135	134
78	208
0	213
75	214
0	0
0	0
0	0
3	0
649	1451
0	1451
0	0
0	0
0	0
0	297
488	297
47	109
16	109
0	0
0	0
0	0
0	0
0	8
0	14
624	226
9	14
58	8
0	8
0	0
4	26
7	29
131	4729
0	4661
2	1972
0	2062
0	1978
0	4572
0	0
0	0
3	0
0	63
0	182
0	143
59	10285
0	10435
124	819
0	819
0	5
83	0
1465	5
0	6
0	9
33	15
0	15
0	15
10	32
7	32
0	0
223	61
0	61
65	3050
3	3049
9	164
0	66
0	2335
149	2336
0	4
0	0
0	4
141	11
0	0
0	0
18492	16
11	4
7	60
6	60
4	19
285	19
0	0
7	0
303	0
95709	20889
0	4595
217	696
0	695
846	0
0	38
0	38
0	38
64	358
8	25
4	229
436	7280
2887	1171
3610	6114
0	0
0	0
0	0
0	0
0	0
329	0
16	0
0	0
51	0
0	0
0	0
0	0
0	0
15	79
0	18
659	265
0	109
0	156
0	55
0	55
0	0
1715	769
38	147
4	659
3	7
24	170
12	301
2263	318
39	367
0	367
289	1748
23	1880
0	1252
1	0
0	0
0	0
127	0
858	3626
12	3354
0	3151
0	3248
173	1258
0	501
0	1193
734	591
0	121
0	529
0	0
0	0
0	0
0	0
0	1
0	6
12	7
0	0
0	0
94	304
10	226
0	11
0	59
0	221
0	304
0	0
0	0
6802	1678
0	1420
0	1487
0	1624
18	34
0	7
232	647
42	77
0	2
33	84
0	188
25	215
0	211
2	228
0	0
0	63
0	49
5433	11
0	456
0	354
46	456
0	1
0	7
0	7
0	7
0	1834
439	1836
5881	4
0	0
16	301
0	0
0	105
61	294
25	0
172	21
0	21
1151	349
0	349
0	0
0	0
0	0
0	0
0	1
0	445
0	147
1943	2567
0	2420
73	0
0	0
287	1
0	0
42	612
16	444
0	581
64	132
0	132
255	780
94	780
0	0
0	0
0	83
0	295
0	710
0	131
5	170
0	832
0	727
50	116
0	49
231	633
0	11
0	0
83	0
420	582
36	28
18	168
275	751
1958	2
39	42
0	4
0	4
0	0
327	0
6	29
0	29
0	29
0	0
0	0
302	8342
5743	8344
154	3639
0	119
0	34
31	155
0	3654
0	3587
498	772
45	771
0	317
5	10
0	0
13	0
0	0
0	0
49	11
12778	574
3	562
41	5
867	1652
12	15
0	1652
8	356
2444	358
49	0
0	111
5	111
0	0
93	1086
4	181
6	1941
0	1945
0	1950
0	1941
0	1944
5	1953
0	305
236	2128
5	2125
0	997
21	22
60	22
3	0
40	5
0	5
0	5
235	431
0	431
6532	3
252	0
0	547
1334	1241
0	108
1984	1
388	447
0	447
0	290
0	0
0	0
0	131
83	218
159	218
0	75
2	118
1223	119
6941	1262
10	1254
307	5005
0	21
27	4983
765	0
12	603
0	5
0	603
0	1
0	11
0	11
0	11
0	11
0	11
0	11
0	11
0	0
0	0
0	0
0	0
0	0
1432	2
0	0
0	0
0	0
0	0
2426	1
576	2348
76	151
0	1
0	1
0	0
0	1
0	1
3832	312
227	0
74	0
434	5
0	8
0	41
0	41
0	38
0	1
934	0
506	168
18	19
0	153
72	65
677	0
0	0
0	0
0	12
0	46
9	12
0	12
0	12
0	12
7	46
0	11
2	11
0	11
0	207
0	6
106	1482
0	1545
30	1535
575	2
48	23
4	23
0	103
5	20
0	490
5	490
0	6
0	5
0	1
2	600
2	600
277	1820
114	521
187	2198
0	0
0	0
36	410
2360	421
0	36
235	263
0	11
0	0
0	0
0	0
0	0
0	0
103	59
0	9
0	42
0	17
2244	0
173	830
0	59
0	526
0	819
101	308
12	308
0	0
96	173
2008	167
28	340
2348	1266
110	172
0	172
0	0
737	1
3	0
1432	2
6	273
5	355
424	1007
286	3452
8	3451
75	164
1	151
0	160
12	160
203	1
127	311
3448	2
0	20
40	20
0	0
0	0
279	0
0	6
0	6
0	6
0	6
125	156
0	3
0	21
0	3
0	3
11	0
32	141
2132	142
5	132
100	132
24	339
940	211
2	210
35	2
0	2
46	2
0	0
0	151
0	130
0	73
0	517
2436	834
0	502
7	559
2	141
0	205
0	469
0	574
0	607
0	0
0	0
0	273
0	94
93	87
51	685
0	88
0	685
76	0
1916	392
0	391
30	75
4	7
387	68
64	0
1	0
274	266
0	178
17	0
57	44
121	47
1428	6
0	103
0	19
24	31
5	10
0	10
85	492
4	492
846	233
0	60
1	161
0	34
0	1068
0	964
5	0
903	735
0	734
995	1
0	0
181	0
12	0
0	0
0	236
77	467
0	0
16	0
1060	276
0	276
2117	2032
0	2032
0	6
0	6
0	0
921	1108
4	1108
2	319
0	0
6826	2
0	0
0	0
40	337
0	256
0	58
151	545
11	95
68	1056
16	1122
0	764
3519	354
2656	0
1222	0
0	0
0	0
1	57
0	4
857	1721
0	1636
0	28
80	0
321	561
0	455
0	490
0	465
0	480
126	720
0	2
0	13
0	98
66	98
1048	267
0	0
93	150
4	102
0	102
29	153
3	130
1357	2
5	639
0	2081
49	2081
472	0
105	149
17	149
0	105
157	686
0	165
744	686
293	67
0	0
0	0
1283	0
1	87
9	121
0	14
0	2362
5	8846
0	2610
474	9232
647	0
394	689
45	4118
20	4042
51	168
0	75
16	4693
5194	4698
0	1017
81	1017
0	0
0	0
0	0
0	12
32	12
55	0
33	195
0	14
5	80
0	80
0	115
0	0
0	11
13	135
0	15
8	13
4	341
228	283
1	24
0	73
9	19
0	0
151	366
423	15511
32	36
22	9022
1	8997
19	160
0	160
100	1140
10	1140
0	233
0	8
1690	12
1962	0
5	0
0	0
13666	28432
18	10832
0	7091
3	9709
7	14684
145	18208
7038	125571
1	16884
0	20125
123	125570
35	227
0	291
24	0
6	0
113	15604
313	15506
2925	1
101	767
0	767
0	751
13	79
0	62
49	1111
64	269
4	189
88	920
68	361
96	920
2080	1032
0	1032
0	35
8	35
628	147
0	147
8871	9069
0	8366
0	8602
111	15567
160	1
0	10
6640	2
2	0
18983	4821
4	4805
0	10
68	10
117	2866
0	547
0	2967
4510	419
0	412
26	2
252	7912
0	7282
0	1101
7	181
0	0
10	181
157	375
0	0
0	0
57	143
2	24
0	352
2	145
1	205
107	1558
0	610
22	1537
0	0
11	4
0	36
16	36
0	36
0	2
0	20
0	34
4076	6
0	371
0	371
361	23
0	19
5	130
0	293
96	220
0	16
1977	117
69	258
56	372
251	0
242	527
11	332
5	549
5	538
86	371
4	10
431	10
39	29
0	29
0	15
1	15
526	3646
1	3646
1432	1
715	104
0	104
1	0
49	128
0	128
432	0
3	0
0	17
0	17
0	17
0	42
360	42
7158	4
142	651
0	439
0	489
2803	4133
6	4117
1	2029
0	999
148	932
0	920
1	1
41	261
0	3371
0	1292
0	3384
41	3434
724	53
0	41
0	41
56	2852
0	2852
251	0
0	0
303	0
0	0
0	68
8	68
0	52
0	0
90	786
0	786
57	553
276	1796
10	1794
417	0
0	0
0	0
4	136
240	160
0	156
5	99
1143	99
0	0
0	17
454	4324
10	4324
4	98
0	1996
32	484
7	2668
0	2559
0	0
0	1352
0	586
9	183
0	3198
0	2978
97	2642
393	0
10	0
54	179
2	179
7737	2346
0	2338
0	313
901	5398
133	9703
0	2156
3	146
0	5136
0	9270
36001	31489
0	31476
15	2
0	947
15	947
4	48
0	48
0	46
0	268
0	268
7	16
21	268
271	3
18	148
11	148
64	569
0	567
1	565
3	547
0	1408
28717	1427
7	19
0	47
0	47
38	0
0	24
0	24
207	0
102	565
39	95
1057	1942
20	1942
37	135
0	0
267	2330
0	2289
0	2023
0	2131
0	1767
0	1767
1808	6
2745	2036
48	2032
1228	0
436	223
0	0
141	162
9	162
35	212
179	225
94	8
0	94
379	94
0	0
57	0
0	52
0	1146
0	1346
34	3285
0	3235
3329	25240
0	15547
14	10300
0	24862
0	6
0	0
0	16
63	16
0	116
0	114
0	48
75	48
0	0
274	0
0	0
668	1399
0	85
0	1318
20	107
19	107
548	3725
0	27
0	682
392	3703
34	308
6	302
0	109
17	80
6	96
35	32
0	0
0	0
0	0
0	238
36	1300
20	793
16	1539
4	822
13	355
0	423
0	1350
2	0
0	0
18	0
549	0
109	0
0	377
0	449
146	481
0	265
7	0
133	347
0	347
451	1267
56	125
25	125
105	49
1126	552
92	502
87	502
87	38
13	38
122	1369
138	1369
2516	1357
751	0
0	66
0	66
0	42
0	66
0	66
14	66
631	0
0	0
0	0
0	0
0	0
0	0
8	724
1911	2089
55	687
17061	17
0	1
0	1
450	363
0	43
28	324
2	10
0	6
0	10
8	8496
27092	12291
0	0
20	0
0	3
6	3
0	17
0	39
0	39
0	39
164	5
89	523
0	838
0	1358
51	5205
20	4744
0	3707
178	0
0	452
2664	3529
760	3529
0	14
0	14
1771	2
195	6108
14	641
352	6108
87	129
0	13
0	47
0	129
183	100
8	100
2262	3
399	2513
345	2512
4	0
0	0
418	0
0	331
181	5442
0	5436
0	3550
425	0
58	0
2878	1177
83	1176
12	281
10	0
206	0
1072	43
27	43
213	665
0	230
120	230
127	32
40	32
0	0
118	102
0	106
0	76
12	76
0	1
0	4
46	7
0	3
39	749
19	749
0	268
0	199
27	0
2228	1
193	0
19	2235
25	2235
0	1344
0	0
0	11
0	642
5120	1682
0	1666
0	1668
0	728
1	140
0	2
0	338
2	484
0	513
332	0
13	0
3	0
10571	1738
0	1734
683	2208
25	2209
71	116
0	14
85	1092
1	1092
2839	0
544	224
0	224
0	0
18	23
0	2
0	2
0	21
92	38
0	0
0	0
379	4
0	0
0	0
0	133
0	113
759	246
0	0
3	96
0	7
1774	3486
0	0
0	0
0	0
6714	6
19787	9
3362	655
0	152
4566	3608
0	483
0	343
0	3538
1	3899
4746	2
603	1
1215	0
0	47
54	9
0	95
0	101
0	184
312	184
0	90
42	2958
59	2957
3706	477
0	460
29	1081
0	2
0	2
1	0
0	0
0	126
214	126
0	85
96	87
174	2
80	0
37	0
26	234
0	55
1501	338
0	105
0	0
27	528
0	184
0	582
7026	3169
0	912
256	912
144	9
2000	2216
0	2215
23	521
0	67
9	372
4	470
4143	2578
0	109
4	21
4	2634
18097	15
201	1064
107	1064
0	578
1514	370
0	251
3418	12887
834	13032
3	1574
0	0
18	132
81	43
0	26
0	26
0	476
0	294
42	476
932	10772
1591	10944
230	1201
0	72
2	1201
0	0
0	0
0	999
1327	2521
0	2347
38	1768
0	4
0	4
0	120
0	133
78	395
7	389
9	92
220	93
0	25
50	25
0	25
4797	263
0	263
0	7
0	0
0	0
0	9
0	9
46	63
0	63
24	5
0	508
0	319
0	1228
1	1236
42	4891
10	877
0	875
0	875
76	4068
2990	8302
7	8302
263	0
285	0
0	2190
413	2190
3	207
0	364
0	381
0	465
0	42
34	454
5362	1172
0	519
0	649
270	0
0	0
184	19203
4183	14417
0	11715
0	19292
473	19052
0	24153
0	0
5	0
330	142
0	142
263	274
7	219
894	741
1284	0
3139	6
67	1082
9	1877
0	1877
0	27
0	17
0	18
0	668
1	668
3	57
7	673
217	414
73	15
16	210
26	1053
52	1053
0	0
0	0
31	2
0	0
38	0
0	0
1718	1
31	683
0	77
58	94
0	100
0	63
9	152
0	0
0	0
9	9
1055	339
201	267
4	143
0	150
0	114
0	175
603	4
719	0
192	1696
14	1733
0	0
63	0
0	2
0	2
1	172
0	172
0	232
1	376
0	279
592	456
0	170
8	164
5	0
0	0
0	6
0	6
1689	1797
0	417
0	0
0	0
90	60
0	7
0	0
1330	3215
0	2341
0	556
168	312
0	2664
103	0
0	4
103	4
4122	1761
0	817
9	182
13	182
0	1611
0	1621
50	1841
21	327
4	327
1587	1235
0	1235
206	76
1	76
2038	1
0	0
0	0
1	0
272	275
915	765
14	263
0	114
0	73
0	761
936	475
0	474
6376	10
1	33
725	608
0	608
1	0
6730	5728
306	5722
0	0
0	0
0	786
32	4547
0	1289
4	2984
3	3925
23	31
5934	2022
0	1799
0	183
0	134
0	111
0	206
0	131
3	1062
98	1564
446	1409
0	0
0	0
0	0
312	1
112	1
17	18
0	18
1783	2
1378	6764
350	3054
412	8623
132	0
71	316
7	315
0	10
7	0
2526	993
14	1259
36	0
108	591
42	669
0	0
0	5
0	11
4693	21
0	0
0	0
0	0
0	1
6	8
0	0
0	0
0	0
0	0
5	0
11	495
0	229
0	18
0	146
0	423
520	27585
85	647
2133	0
293	204
127	0
0	2902
6	118
8	2039
0	1
251	78
115	78
109	3222
83	1825
10	141
5200	5012
10	1991
0	4981
0	196
163	185
2965	386
0	4
6	157
218	76
0	71
4	4027
0	4769
61	8708
0	5590
26	1334
2	9530
1	16
46	16
0	3935
51	28620
0	563
8542	5522
0	1347
23	6027
6	5009
5	84
0	84
0	8
11	8
304	12
0	12
6	0
23	1021
0	587
0	568
0	475
9	0
0	291
0	519
0	156
1326	788
34	11
0	0
167	998
0	302
1930	1789
0	1
0	1
0	1
0	0
0	4
0	4
695	0
0	1461
356	1461
332	134
0	134
0	134
124	0
34	0
4	0
0	0
684	479
0	138
0	102
0	6
0	6
23	582
20	718
35	690
815	0
86	156
0	153
65	804
816	2053
771	2253
4	20
10	1926
0	5
11	1952
11	1952
182	31
689	607
0	185
59	401
262	0
1	365
0	365
460	2
0	0
15	0
44	8211
96	8793
24	18
0	28
0	71
24	51
600	224
63	86
6	15
239	0
861	377
662	1035
52	6
9	1032
13	81
15	1767
0	570
17	204
0	1641
4	5477
11	1782
0	5477
1210	620
3	620
1201	27196
284	411
0	411
5181	603
12	31
0	203
0	16
2	644
69	4612
0	759
1583	0
0	49
0	22
0	19
0	45
313	0
0	0
4	21
12	52
0	191
508	475
4	265
236	135
0	10808
38123	10826
0	2
19	0
790	4165
0	0
0	0
0	0
643	0
0	0
59	27915
0	27584
336	26336
549	2859
0	4156
0	4283
0	227
5996	4028
0	2294
0	3128
3	4968
1	5
0	0
0	6
0	6
0	0
0	0
0	9
0	9
0	0
6390	0
907	1202
17	1202
1	0
187	26
0	0
3	0
141	0
4	0
0	2
0	2
250	3111
241	3111
0	0
0	0
0	0
0	0
0	0
6	0
29	6
59	4576
5893	4587
196	165
420	0
190	2407
0	505
0	1557
0	1026
0	1472
8	1558
0	2407
0	2459
191	9577
14916	9606
0	0
0	0
120	26182
0	517
240	545
248	216
0	216
0	0
9	18
0	18
35	144
3	144
0	144
0	144
3270	1917
114	0
0	1437
165	1437
8	28646
74	28410
6	130
10	130
0	283
3363	2933
0	3655
40	2804
53	3671
0	3052
29	3671
124	3771
19	0
218	0
0	30
0	177
54	234
0	171
530	566
0	565
0	0
0	0
50	1737
0	291
0	1529
0	1369
0	1396
996	25015
0	25015
28	112
0	50
0	112
91	0
0	0
335	0
0	3813
228	26707
185	2675
6	29761
19	14
6	15
0	1
0	0
95	0
0	0
0	0
0	0
0	0
695	0
0	0
3	0
0	213
0	539
875	3660
2	24
0	3634
0	3639
105	96
63	5324
381	5420
0	0
94	137
0	137
6	0
0	28
0	15
377	26169
0	1
27	1
0	0
0	0
0	1497
0	41
49	146
17	175
368	1497
0	1728
13	1749
0	1138
0	1138
159	693
0	693
80	4
67	30895
9	30677
0	0
0	0
0	0
81	3877
0	3888
0	3668
1182	8
0	13
7	40
0	3
198	91
1457	11229
0	11228
7513	474
0	464
15	12
0	12
0	0
17	0
0	0
0	0
440	0
10	29991
0	29749
3	944
8	154
2	590
18	786
338	1139
0	77
93	2
0	2
155	371
0	371
2613	1992
0	1992
55	50
0	50
7	2
443	26177
11	8
4700	2106
0	36
0	2105
245	29713
21	0
28	0
3	61
89	145
2	145
0	297
0	131
642	546
0	380
55	0
256	3968
187	489
7	489
0	17
18	118
30	125
5370	89
237	79
1572	9
561	520
128	520
397	168
300	0
244	442
0	377
0	182
102	253
20240	16
11212	4494
183	4484
0	271
2	77
383	1865
0	1799
226	600
0	600
0	53
27	57
0	44
25	2
41	1278
303	1276
0	0
0	10
0	1
0	10
7	26169
63	1017
0	601
0	454
0	391
17	729
4	591
0	601
252	5797
0	142
10	5797
7	4
0	5
0	0
0	0
0	3
0	5
177	507
5	3756
21	26250
0	3912
994	3912
0	219
18	204
13	213
3548	3
0	0
0	0
1682	1195
0	1194
0	0
2162	1747
0	1745
29	92
0	92
921	0
4	195
8	195
7	1606
0	150
0	261
12	1493
22	1646
521	0
186	2092
0	1745
47	0
52	0
0	10356
0	5947
215	10756
0	5440
141	0
6	4
1	4
30	56
59	393
0	238
0	141
1	89
0	438
0	174
6	1484
117	1503
0	183
7	0
5	1
0	1
0	4
0	4
5496	926
26	75
17	11
0	0
0	11
670	73
0	67
4	26
0	113
22	159
4	48
0	118
0	293
0	686
28	686
212	318
0	317
0	159
478	159
45	608
0	608
0	0
11	75
0	0
105	218
27	4001
0	72
10	4063
0	351
224	420
61	594
0	497
13	404
43	605
0	456
0	596
0	420
0	296
0	178
0	32
0	18
161	319
1	0
0	0
288	195
0	195
0	0
810	6287
0	1186
0	417
32	6508
0	138
1245	1239
0	1239
0	173
4033	394
0	390
0	12
0	0
0	0
2474	2157
7	122
22	2162
4	2084
0	160
4	17
0	46
5	91
6	17
671	357
0	927
0	96
921	927
0	500
2	628
39	3206
39	2402
118	2414
85	0
0	0
0	0
1053	282
0	92
2517	92
175	11
79	0
7191	17
39	0
1612	913
3217	6
0	0
0	182
1	182
0	181
1	36
40	445
0	50
0	41
115	408
0	226
2441	4
0	11
42	11
99	5
0	5
0	54
0	113
0	186
0	160
211	0
304	114
0	172
17	192
2443	1505
0	1505
0	237
8237	352
454	101
0	101
17014	562
0	553
66	523
4	523
0	222
749	1223
14	1223
354	1821
0	1403
4	73
0	1362
0	928
3	214
0	153
0	169
6	100
0	128
0	9
1	1427
0	0
1208	160
39	283
12	604
0	1648
0	1648
0	0
0	724
9	500
278	850
0	2924
0	2513
40	3046
521	94
8	94
1295	227
4	227
27	584
0	154
2	769
5	2295
4	2465
0	2975
53	601
348	601
0	5
4	75
11	75
0	0
7	0
6686	776
0	353
0	69
100	233
373	655
15	253
0	177
45	253
1628	170
947	0
0	0
0	0
212	149
0	149
6137	1036
7	1029
0	424
680	419
24	506
942	468
91	0
120	351
10	351
0	0
0	0
0	0
0	0
15	0
0	88
1343	88
17851	8
194	357
0	357
487	0
95	577
492	577
10461	1198
0	1186
0	0
0	0
0	0
318	218
299	306
0	306
1461	1502
167	473
368	2974
0	2708
0	1566
0	2668
0	2560
175	0
223	3
0	3
45	0
9189	8
247	792
0	792
32	0
661	2650
34	2650
4	212
1133	212
0	93
1083	1763
0	1763
0	5605
0	747
11367	6480
0	665
14	187
0	187
0	21
21	21
0	3
145	3
36	51
0	51
0	0
0	0
10	7
2	7
8	0
0	160
0	164
0	164
0	0
0	0
35	1
568	565
0	565
2007	302
1	94
0	325
8	62
86	714
32	714
525	461
1	135
3	3
0	0
0	0
0	7
0	0
1	10
0	7
0	9
3	251
0	64
0	19
0	259
0	185
9	255
0	50
0	4
28	352
128	46
0	46
2217	699
36	6
1	6
8433	469
0	13
3	13
402	11
0	11
349	0
43	511
0	484
288	116
0	116
0	789
108	789
0	378
0	96
0	96
41	0
0	0
1412	4103
0	4328
0	2826
0	21
0	8
0	21
14	41
0	41
114	0
0	200
0	0
0	244
0	106
0	129
201	123
51	67
36	83
40	0
25	16
1319	357
4346	0
2500	809
113	806
9	60
77	60
672	0
1811	3
0	251
80	360
10	37
251	0
21	0
2664	3247
0	869
0	1735
14	3025
0	0
0	0
3119	0
0	27
25	656
90	683
2	0
7	0
0	1
0	0
57	1
0	18
0	68
0	68
1200	0
1232	95
0	94
291	0
916	0
0	70
1	84
99	134
84	3
0	32
7	13
0	7
0	6
0	0
155	316
157	0
4	0
0	0
0	0
0	0
297	106
1157	1
368	0
0	1
0	6
0	2
0	13
0	9
0	6
0	9
0	5
0	0
0	0
0	258
642	1253
0	1253
0	196
6	0
0	0
0	0
0	0
41	819
27	650
2	768
8	8
6	8
69	275
0	27
153	154
0	343
1429	484
0	51
761	1498
7	1429
21	499
0	105
102	1446
18	16
8	497
308	497
123	0
630	0
35	281
77	281
2547	885
0	29
87	31
818	495
6	495
54	33
0	32
54	1341
4971	1570
0	1485
1616	798
328	522
0	527
0	378
653	379
287	3732
42	3453
60	0
0	69
10	69
1	0
0	102
31	774
185	774
120	228
0	150
0	107
40	107
15	0
0	6
1219	610
0	610
0	162
0	262
1	262
0	214
1808	0
580	0
364	774
0	773
0	1
0	1
0	0
4	1
0	0
0	1
45	166
26	166
0	0
0	0
18	227
1	227
3392	1754
0	3725
84	527
238	3185
145	1003
0	296
25	1003
811	48
1	47
0	912
240	912
4157	6
0	6
68	6
0	1672
9	1680
0	1720
12942	437
2	420
0	531
12	531
25	1040
6	115
0	434
643	3006
4	872
0	2044
0	11
107	11
2249	797
4	50
0	38
0	53
2	50
605	2
274	1859
244	1859
45	0
131	1491
85	1491
101	47
0	656
562	656
3	9
0	9
8	61
0	77
2	214
0	245
0	269
13	269
0	182
1	212
121	8
0	8
187	4140
0	0
0	324
0	345
0	101
80	355
620	1907
3401	2836
351	2831
40	44
723	1457
0	1317
0	260
2	300
4972	1743
790	1742
12	52
29510	32
65	0
203	2337
0	2461
176	1399
0	0
1150	0
46	34
8	3983
1354	4142
7	2167
479	21467
232	21467
1640	0
536	135
0	1
0	132
3	0
2174	0
688	2463
51	2463
8	290
0	520
0	491
2	303
0	496
0	490
0	519
0	525
0	15
126	1270
0	1509
0	1510
8	1427
0	0
0	0
0	0
13	0
21	0
47	0
7	0
0	0
0	0
0	0
0	0
0	9
0	0
0	9
194	0
0	0
14	25
0	25
397	0
0	0
56	3
0	3
41802	66
0	73
4425	2656
0	2655
0	2657
1668	0
8	251
0	251
10	290
32	168
549	333
1053	79
19	387
0	53
33	442
4	29
0	15
0	15
98	197
0	346
0	26
0	26
0	21
0	392
0	152
0	156
0	19
15	377
0	394
0	394
28	407
0	407
0	379
0	394
2194	51
36	51
1	2127
63	2322
48	1390
33	151
0	45
0	151
0	153
4	372
11	1190
0	603
183	1033
9	0
145	277
0	3
0	273
0	277
32	4829
0	708
0	552
2	4776
98	7
0	22
333	836
0	735
31	836
9677	12
145	3798
2	3798
57	28
91	28
299	18
89	18
447	753
0	753
1369	1
0	0
2901	10
328	6
0	9
0	13
62	22
1078	112
0	107
2198	3
0	43
459	547
0	404
3958	6
3019	2
552	28
213	0
0	0
0	0
0	62
7	259
0	0
0	69
0	202
6	0
0	434
5902	8156
0	8136
10278	5
392	985
0	985
74	388
75	152
834	1988
1	146
7658	11433
650	10100
7	9129
41	1
0	1
0	0
702	0
12	0
150	6178
1155	24
415	1265
6	5358
25	1184
169	3544
3062	19347
0	6296
0	13046
3	6
0	6
0	6
2	1
4888	1264
0	1231
5	8
0	43
0	266
195	400
1800	2
0	1497
495	2107
817	0
0	0
141	212
11	41
40	620
0	27
0	620
62	0
166	41
702	685
0	685
148	82
186	0
0	56
10	56
1373	594
0	594
0	868
0	823
1003	924
20	55
60	893
0	28
0	10
5	36
930	3
5	1535
1711	1538
10417	2301
0	2405
141	119
0	0
0	14
2	104
7	104
0	232
168	1393
8	1384
0	0
0	0
405	300
17	300
526	1070
0	0
0	357
0	932
21	158
0	158
15	1575
0	800
0	799
0	809
0	793
0	799
3	799
0	324
45	324
0	217
122	217
479	13411
6637	16107
24	6350
192	0
50	587
4	587
0	5
139	0
0	0
116	104
2	101
0	0
0	811
0	780
39	0
0	0
30	11
18	38
0	150
152	150
258	606
1	13
35	43
116	43
55	53
87	10
21	1727
0	0
5619	8951
81	0
94	75
1229	80
0	3
76	21
27	21
7	799
0	591
0	661
271	414
1046	419
142	69
0	69
116	8
0	8
470	1
8	0
0	1
0	0
0	1
20	0
0	57
1956	277
0	273
1189	0
162	248
2	248
1154	757
0	757
1156	15
2	13
8	1650
0	0
0	0
0	1503
535	2599
3	2599
0	3499
0	261
0	378
43	6324
1689	6407
314	1
10	80
28	83
0	51
0	172
0	120
0	172
2258	710
0	709
119	380
1	0
866	282
0	282
19	135
145	196
0	4
0	27
0	206
0	203
0	226
337	450
3	77
0	411
63	806
373	806
4294	610
0	0
0	0
0	0
5	0
151	1325
26	1325
22	103
2379	809
101	289
97	471
862	0
19	92
11	92
1	9
0	1
0	7693
4	7693
447	7
2109	5
1962	5
931	0
10	31
0	33
3	2
1176	0
0	33
77	33
2855	8
5539	281
0	275
1039	636
2869	0
0	6
0	5
19	85
6	85
0	0
0	0
101	0
0	0
0	6
0	17
0	17
0	0
0	0
74	1
5	2
0	6
0	924
2	187
5	0
33	917
0	114
0	754
27	9
0	9
8624	4090
2297	4089
4	3182
40	3149
1035	0
73	20
0	20
2142	879
191	875
2	180
352	181
2037	379
0	350
0	352
30	64
13	0
0	15
47	304
0	303
0	273
52	12
10	20
0	20
97	90
0	236
361	510
8928	842
726	258
4	62
0	196
67	17
0	17
70	0
861	6999
2994	2745
208	7003
0	2691
0	230
0	324
10	379
0	145
0	153
0	2712
0	2654
10	2782
0	2654
20	93
9	17
0	0
574	1960
0	1959
0	0
0	17
19	104
0	104
1406	2674
0	2673
0	2581
16	1076
96	1151
4	341
3	421
0	0
0	0
6	4
0	0
0	0
266	2030
1426	2219
39	60
59	2226
765	0
1132	7975
0	738
0	473
0	8068
0	391
0	5
3160	873
0	850
16501	2138
0	1563
0	14
0	13
6	555
0	383
1485	2026
61	1489
0	4
0	8
118	396
74	1685
307	1377
144	1433
586	24
0	23
592	842
0	102
52	236
0	551
0	0
0	134
46	134
0	19
0	18
0	0
510	45316
31721	45350
1833	1341
0	211
0	463
386	213
0	7569
0	607
0	648
226	7228
34	7304
5	7693
1444	0
0	19
0	18
188	0
4	0
0	0
0	0
0	0
0	0
506	66
0	66
139	0
2	12
0	87
0	734
809	842
197	842
0	616
0	0
0	0
0	0
0	4
0	5
130	185
78	185
0	3
346	0
6	0
401	1881
23	3
0	3
0	13
0	12
1	0
0	0
58	103
1922	4
1932	1077
724	0
203	0
0	48
0	104
2138	891
6	890
0	12
0	48
0	48
99	363
3931	7525
416	2447
0	7524
0	0
2	0
0	1754
8780	3669
0	2383
44	4463
2785	1846
0	141
0	687
22	1843
284	0
279	0
434	1007
8	1003
0	5
0	5
0	3
0	3
1094	336
0	282
0	279
0	88
567	177
13	89
502	0
0	8
0	1
0	1
0	13
0	27
0	27
0	218
230	255
4	97
0	11
0	244
0	0
213	0
33	163
0	163
30	0
10	140
101	140
636	107
0	105
2	0
337	5353
36	4051
21	4117
40	5041
1047	0
10	16
0	16
0	25
0	25
7	3
39	3
34	0
35	0
14	56
0	125
0	122
0	43
951	43
0	139
208	12
157	0
12	177
29	177
702	15
0	606
27	1591
0	478
108	1447
0	483
0	473
22	1290
0	0
0	0
188	11
0	11
0	47
0	281
0	117
0	42
643	413
21	0
13688	21
0	1224
3389	1311
15	1255
837	629
0	629
29	14
0	14
4793	1615
19	1607
0	605
4070	5
439	1059
0	1064
0	1121
11058	92171
0	92167
0	0
0	0
0	8
5	8
7	0
0	0
0	0
12	0
114	104
0	20
77	34
152	134
250	1339
22	0
0	0
0	0
0	0
0	0
0	0
0	4
0	19
0	9
69	32
48	571
0	112
7	571
76	27
2212	1
60	183
514	185
0	70
430	129
0	129
0	704
0	597
28	3641
6	272
623	3642
2	43
54	98
32	129
12	4
0	4
4	0
352	1360
40	1360
0	6
0	5
0	6
10	20
0	20
2	66
0	68
0	68
4944	5
0	1652
768	1652
21	0
0	0
19	450
40	554
0	0
0	0
0	62
6	103
918	109
10	107
208	1235
563	1235
232	5463
161	5463
12	0
5	0
12	0
0	5
0	5
0	5
0	3
0	5
13	5
0	2
33	144
412	1291
0	999
2206	3
0	405
3701	409
0	0
18	0
11	361
12	361
0	29
0	0
0	29
32	4
317	140
1472	1539
0	559
4	559
0	1539
0	22
1	25
21	25
30	959
0	823
15	617
0	596
0	499
0	496
0	917
78	1085
0	860
5	579
2	1486
4	1605
0	0
1	0
2	0
0	0
0	0
0	0
51	94
0	94
181	48
125	0
872	2005
5	2003
0	0
676	0
0	0
0	0
0	0
0	0
166	221
0	109
11	0
0	317
562	1917
1691	1327
14	15
0	15
3	125
3175	128
3230	3
0	0
105	0
1730	0
0	0
275	0
0	386
0	1
902	0
2043	0
31	9
0	9
0	536
2350	762
107	679
0	250
0	0
2	847
5331	5106
5202	2355
0	2349
1419	0
1261	0
0	0
2048	3
0	64
478	64
0	1
40	1
445	0
52	0
524	767
334	768
194	2
0	5637
4622	5555
0	2616
0	2380
0	2338
0	331
0	155
0	123
0	330
33	175
187	175
0	5
7	194
0	255
0	269
0	269
753	0
16	76
5	19
82	0
165	379
0	309
37	379
1	100
0	0
0	0
2282	2
136	0
2	137
0	137
9116	2639
0	2602
0	2429
0	2570
0	2550
0	143
0	22
0	5
25	180
547	1183
0	1183
0	113
17	73
0	38
53	117
28	21
0	21
0	0
0	0
0	7
30	38
0	0
25	50
439	855
39	2269
0	2849
0	2451
0	1839
255	12072
565	12999
0	12443
325	11925
6	0
5	68
492	426
0	425
0	135
2	120
0	0
22	0
104	14
0	3
0	2
2	42
0	572
0	70
0	54
23	875
0	380
0	604
5	241
26	177
3	230
0	1692
3894	1695
113	0
1922	1138
1238	2191
0	5
0	90
0	157
0	10
0	119
0	154
0	150
163	457
11	286
319	457
0	0
3	6
6	57
0	57
292	581
2039	1640
0	1629
38	0
0	0
0	0
158	34
262	152
0	109
0	366
0	18
0	366
43	1635
14	331
41	0
0	0
0	0
33	3770
2	3770
4	1414
1508	2142
10	2141
0	1657
1478	1918
19173	16
11	0
574	6462
1	7477
12921	6856
469	3
0	0
0	0
236	5
168	1924
6	1924
107	56
2164	5
5	3206
0	1024
0	202
0	1611
1342	4056
0	1972
0	3757
0	111685
249	119815
0	118740
2694	23920
10	0
0	36
0	0
0	104
0	191
0	193
0	121
0	0
90347	5308
0	5239
0	3769
0	5
0	5
34	319
1	319
10	2
0	2
326	78
0	78
204	0
410	17004
2	13873
8	5209
1	14107
4	13730
594	406
228	620
0	334
121	9486
0	2335
18	7253
118	4575
128	1684
0	446
0	639
1	1713
69	0
0	1
3	1
0	1
0	0
14	84
0	65
9	52
0	44
0	41
0	50
0	2
0	0
345	0
253	146
0	146
17	32
0	32
7	215
115	215
0	109
303	572
0	109
0	0
557	0
0	788
0	154
0	837
565	826
31	111
1125	1
0	981
596	955
3618	756
1797	374
0	367
30	9
0	0
0	131
0	131
0	131
3037	3
3560	468
0	1
2487	8210
308	0
0	0
0	0
0	0
0	0
96	100
0	100
152	110
0	110
17	7
0	21
13	24
2	4
8	0
5029	6869
81	576
10	47
50	47
7	2672
131	2672
304	93
0	93
0	15
0	5
11	677
108	734
363	215
76	0
0	27
0	27
0	27
12	0
0	0
0	0
116	21
0	21
0	0
114	100
2418	288
93	269
3	14
668	397
0	397
11486	2280
9	951
0	26
0	623
0	768
8	407
919	3356
0	1187
4	10
0	0
7126	13
622	779
0	779
849	0
0	9
0	9
0	831
68	250
2627	874
0	0
0	4
0	4
57	3933
159	9569
82	4913
14219	8756
0	8523
1078	4663
91	1704
38	61
0	2800
0	61
0	61
0	2821
16	307
6	405
1307	378
0	47
81	86
7	36
0	19
6519	0
1124	368
12	365
3975	37516
0	10447
19	41202
0	37730
34	32430
129	4926
55	4926
3374	2
17	86
0	86
4	0
72	0
0	8010
34665	10995
0	4101
76	0
637	798
0	0
0	0
0	0
317	0
0	11
2972	2153
0	2148
4	183
77	183
0	94
64	0
2895	1
2111	0
95	0
3753	2
375	73
1202	688
0	1
0	3
0	205
244	205
116	491
5	689
0	668
5	3
0	34
125	117
0	117
481	1337
0	1337
2205	3259
111	1222
0	2294
157	2708
0	2302
4	1105
47	1105
0	1105
4762	1437
7	1434
79	3822
484	2016
1	4115
0	7
0	7
340	1312
0	1007
11623	1365
11178	11
12	0
62	0
0	2
0	2
0	0
8	53
3	5
179	208
0	208
598	512
0	52
0	47
35	462
119	1353
0	1353
148	544
0	1
0	1
350	1
72	0
0	61
0	4
0	82
0	0
0	86
0	61
163	87
135	113
0	113
0	13
97	13
45	721
0	470
0	154
0	324
18	51
0	2
0	11
0	51
1563	1
3	411
15	99
16	544
4025	1051
2	26
0	26
0	13
0	6
0	0
11194	15
54	34
0	29
0	17
5	19
0	0
6	0
0	0
1	0
1	0
0	0
12	0
20	158
51	64
210	2496
0	1092
12	2496
3	72
476	1
6	2192
21309	2198
2	7
0	0
0	0
12	0
58	60
21	158
541	1917
41	523
0	1933
0	15
0	15
0	9
0	9
405	1
1	11
388	70
0	70
163	0
158	5848
0	5857
0	6007
168	6
2365	87
4	84
113	255
0	145
282	2706
407	762
0	2474
0	0
0	0
0	0
262	49
2205	0
3	0
19	65
0	19
0	20
0	48
0	0
132	1224
1005	1224
9732	3128
50	1370
380	0
0	385
0	385
0	458
0	483
578	222
0	55
3	84
0	99
0	143
0	143
0	0
0	0
17	0
1809	2712
0	24401
0	25183
47	25255
1258	3076
211	60
1	75
69	1
366	4099
0	3354
0	3733
0	933
330	8616
0	2633
0	4944
1482	8540
24	59
0	59
0	3
0	3
0	5
0	3
0	5
0	2
2770	2867
120	2865
14	10
0	10
0	0
176	0
9	0
3304	12
0	9
5	3
14	10
2870	927
7	922
67	126
0	11
0	11
14364	14
0	0
0	0
0	102
776	102
145	59
0	57
2730	2
26	10
0	231
0	237
0	237
38	244
0	236
0	0
0	0
0	4
0	4
4455	2095
0	0
0	0
0	0
68	288
0	288
799	212
331	0
0	0
0	0
0	0
0	23
0	23
692	2568
0	2568
4	13
412	0
174	2435
4	1315
39	558
2	5906
33	5627
0	83
4	0
2	0
679	0
133	740
0	3569
0	12055
382	10593
0	0
10	65
0	57
9	5
0	57
0	180
17	1380
0	1522
0	1473
0	0
521	335
3	133
0	335
1606	0
0	0
0	0
12	1
0	1
370	1
0	0
1740	714
0	699
10	133
0	133
0	5
0	0
0	0
50	0
3732	719
80	719
4	104
0	423
3901	489
1	4
0	620
10	212
0	7432
42	7563
0	7331
4	0
0	0
0	0
39	20
0	20
416	116
225	22
3	22
0	0
0	0
0	502
6	16
2418	688
0	237
504	0
91	293
1791	10
74	502
0	502
0	225
45	1255
14312	2379
0	1317
10	703
34	237
35	50
994	51
0	0
0	0
133	0
2466	372
0	29
41	200
0	582
0	39
0	853
0	745
2277	2563
0	596
2	545
9	493
1	105
0	164
100	192
0	130
0	0
0	0
0	0
0	0
0	0
0	0
44	0
224	0
0	0
0	9
0	0
0	0
0	400
1	102
342	1547
66	933
87	215
292	0
3550	10090
0	1805
0	9912
127	75
14	468
192	961
0	510
0	185
0	20
0	369
0	194
15	291
0	934
4	663
1486	1123
114	121
13	1042
0	0
44	293
0	158
1	158
0	21
0	26
107	71
0	0
0	26
169	2152
0	2152
9	949
5	176
0	143
0	863
76	0
3460	4521
75	4521
1982	325
0	316
12522	9
0	0
0	0
0	7
0	31
0	1
5	34
22	0
0	0
0	0
0	0
0	0
0	0
7012	1106
87	300
0	987
2461	11
6	0
2246	954
73	155
0	952
88	952
1200	0
4	0
133	1646
0	4
0	1867
175	1839
0	2
1	7
0	5
0	0
0	2
10488	1425
0	229
244	0
0	0
0	0
0	0
0	0
0	0
0	0
0	0
0	0
65	0
5	0
425	1096
13	1096
1082	7149
773	7149
20	557
0	557
0	0
1008	0
0	15
64	1880
43	711
603	1642
5	274
72	11
0	11
0	0
0	102
0	2
4856	461
132	457
544	458
0	458
6397	1964
278	99
3	99
0	0
202	527
32	4769
52	4851
0	4509
0	0
0	0
0	0
69	0
0	1
3	4
5	0
85	575
24	575
107	6012
20	2676
16	239
0	284
5	5913
0	5890
9546	7
0	0
0	0
5675	5073
31	0
2968	0
67	20
0	8
1	12
0	375
585	534
11	159
49	110
2	28
0	145
0	2337
51	2208
65	429
0	2000
0	2080
4	2433
2216	2
18	17
0	8
0	18
21	778
0	550
15915	534
20	77
86	77
47	0
2395	5
0	0
1	0
4	0
390	8
42	5
0	0
0	5
141	0
0	4
0	5
0	5
0	824
0	932
0	914
0	598
41	932
0	1
0	5
385	558
0	582
4	582
0	3
0	3
0	11
2817	15
0	1795
147	1805
82	1805
2	104
9	293
21	293
0	98
619	1547
155	1547
656	614
0	181
0	3091
0	2024
0	3047
862	3078
0	0
0	0
8	45
535	2
0	54
4	26
91	86
3	21
6	50
6	28
14	81
1630	443
0	364
344	670
27	314
26	182
589	183
4199	8004
9	50
0	50
141	2184
0	131
67	289
2	1956
0	2255
0	2284
293	0
0	7
0	7
4	266
4	0
11	62
508	0
263	9
0	9
100	0
0	0
366	712
0	712
59	520
0	520
481	0
0	0
0	0
0	685
0	1137
0	348
2947	1092
0	4
13892	15
301	2401
0	2401
0	26
167	26
5657	352
11	347
0	12
0	12
202	9673
0	7953
670	4706
5	13257
12908	13269
0	0
0	0
0	0
0	0
0	0
0	0
31	1
0	172
31	0
18333	873
0	671
2271	2024
34	0
0	3
1185	166
0	159
32	227
3779	765
13	21
163	769
30	774
25	953
0	21
67	105
237	1033
0	0
849	16
5612	3133
26	0
0	290
1934	1
325	2111
5	2042
0	2019
14	2016
0	0
5	429
383	432
0	271
252	752
4	163
27	823
192	2755
0	80
0	296
0	793
0	444
149	954
0	1399
164	710
0	345
25	898
0	810
0	0
57	0
429	154
0	153
7	2
583	2
21	1661
2904	1661
643	1
156	74
0	74
187	1719
45	1803
0	119
5011	127
173	230
0	230
87	0
17	150
42	150
1	147
0	3
0	20
0	8
0	49
27	49
0	0
41	342
0	342
2	223
0	4537
0	4539
15	4593
35	4589
4	4548
19	205
0	124
0	81
10	9
211	1859
4	1859
39	77
0	1
4	0
604	827
8301	8
0	0
0	2
0	2
2	2
1283	154
0	6
0	6
0	6
29	113
1584	458
0	114
16	521
741	521
1160	4
4681	4
8	11
0	10
331	0
96	146
0	146
178	256
226	3276
12	470
520	3174
5	31
3	31
0	0
0	2718
6103	2726
130	137
1728	2
392	0
25	0
77	91
0	91
58	0
3	0
0	17
5	67
0	4
0	58
0	55
9	0
0	964
0	775
0	179
0	959
0	195
0	0
0	195
46	311
0	140
0	0
16	1536
420	1476
0	1562
408	629
0	90
29	938
619	844
95	2959
1	1186
0	1195
3	2802
0	2103
1093	51
0	51
405	1309
0	1307
0	61
146	290
0	194
508	350
41	56
0	33
0	30
7	45
387	75
719	0
0	19
6	19
3	3
0	3
6956	920
11	920
9	19
0	19
1383	4587
0	699
0	668
15	1108
5	1731
0	847
0	1603
0	979
0	459
0	1127
29	4132
0	82
0	4206
0	4112
91	4259
6	4206
0	747
0	341
0	234
0	346
0	328
14	889
0	921
15	986
0	978
4540	2889
157	129
0	2885
1727	225
0	123
0	91
67	120
0	17
0	103
1158	0
0	3763
0	3582
5	3715
0	4489
0	4461
0	4344
2413	46972
0	41061
13212	49425
0	49409
176	41226
150	0
937	4
7	1514
0	758
0	773
4512	1053
125	1
3	251
0	247
5	86
0	247
0	13
6	1
0	0
0	194
0	15
197	194
0	0
3841	4
8	0
0	444
0	2124
3	317
198	2124
0	5
525	0
710	189
0	86
0	59
231	387
150	974
19	974
0	0
0	0
0	8
71	0
0	11
0	11
0	0
429	57
22	203
168	203
0	2894
1240	2894
53	0
349	650
0	650
87	0
1529	0
0	0
0	8
79	459
0	459
104	269
0	251
0	284
0	224
1768	1
1704	1
0	23
205	38
0	33
0	0
0	0
0	3
60	0
0	257
0	300
0	2895
3248	2895
1704	1199
0	530
0	1062
1136	8
0	7
0	4
0	0
0	0
0	0
447	149
0	148
955	1619
0	1619
557	99
0	84
0	26
3	225
0	215
0	157
1690	157
0	106
25	494
9	494
0	2
0	67
106	167
0	92
0	75
0	0
388	0
4	18
858	823
29	823
0	0
0	0
302	273
0	273
0	73
0	48
25	51
1	51
0	0
39	295
0	331
117	647
0	273
1070	653
589	547
3621	2
5	0
1719	641
2	636
0	3
42	79
0	0
122	0
0	31
9	48
80	323
40	480
0	455
0	4
0	0
0	0
0	16
29	1740
0	1042
38	1077
21	1104
0	29
0	426
0	1523
360	1552
908	286
0	2
0	163
3	163
0	148
760	1
4583	32
7	26
835	0
0	1664
0	407
0	522
0	1671
6	3834
0	1246
0	4006
100	0
654	22
0	21
0	0
0	273
3110	2907
110	3004
0	35
0	2
2	33
0	12
0	0
0	0
455	0
84	12
0	12
15	0
12	102
1601	664
0	663
0	106
0	96
253	114
0	114
4696	817
0	813
0	0
1677	606
0	601
0	16
0	66
507	123
276	135
6	635
0	104
0	81
59	266
3	29
0	99
69	790
4	1209
0	1209
0	0
0	0
0	0
0	3225
3	149
0	2892
0	2798
0	1680
0	6367
976	6367
22573	19439
0	532
0	19420
10280	8428
881	8293
1	58
0	32
0	0
0	3
0	433
3	159
0	16
0	160
0	152
0	433
2373	4
406	175
3	47
0	128
42	3
0	637
0	11
106	11
0	6
1263	0
134	1660
2305	1662
15515	10
0	49
369	511
0	510
0	0
229	141
0	16
16	262
1699	2
0	1275
121	1278
2	0
0	0
11	0
19	0
1174	0
24	179
38	179
575	0
86	0
6	1037
0	1131
0	1131
358	3335
2259	3338
0	0
1	2
0	0
5	21
0	107
391	108
512	301
0	485
23	159
137	1401
0	241
17	1389
44	0
0	0
150	0
0	865
0	863
92	0
942	113
1	110
23209	14
0	0
0	0
0	0
0	0
33	0
67	2
0	3
0	3
0	0
1512	0
22	39
0	39
39	22
0	22
0	22
7	22
1475	1
388	0
0	0
0	2188
0	254
0	158
2	16
53	2361
5489	1213
35	4
38	0
0	1208
6	455
568	427
1	738
0	821
0	3228
0	3131
16	2625
0	6
0	6
604	0
22	0
21	88
0	88
0	0
0	0
245	2
0	7
140	803
109	803
28	9
0	0
8	639
0	137
0	235
0	146
0	5665
0	8667
7549	37322
0	37319
0	120
0	0
28	32
9	1408
21	1417
15	1245
71	67
0	67
34	16
0	16
0	58
628	245
0	245
31	0
5392	2
82	195
0	195
741	85
0	85
24	35
0	4
0	31
5	0
0	0
2367	0
1293	2
0	0
77	24
2	24
0	3686
272	18043
247	3596
0	1336
11827	18739
6	0
5	0
0	36
180	36
348	9842
221	9087
0	6582
0	0
0	0
8	0
273	0
198	199
5	2
37	199
0	190
1377	0
3	216
0	72
0	73
0	148
0	67
0	77
0	26
0	74
0	39
7724	9
74	137
115	145
2	3
2807	194
0	0
0	6059
1389	6061
0	2
2	2
0	2
0	18
10	7
0	67
687	463
0	463
0	473
0	542
202	542
17	0
0	0
0	0
139	0
770	0
4	32
0	11
622	13
0	2
73	49
680	561
356	0
14	0
2	0
0	0
0	812
434	812
0	0
285	692
1085	691
14962	2254
0	2209
4	1025
73	124
22	477
4	189
0	537
0	521
0	0
1203	0
0	5
2	22
0	43
0	71
924	136
863	0
0	0
0	0
0	2
0	0
5	0
672	115
1	113
418	165
1	165
7027	4
311	967
105	967
0	159
0	90
0	117
0	126
0	99
4	74
34	0
0	0
0	22
0	2
0	19
0	2
0	817
437	817
20	31
1315	34
60	1053
1	403
583	1037
2227	39
0	34
3048	1
44	0
2677	1752
4	29
4	24
0	0
0	5
0	160
11	160
140	365
15	3055
131	441
0	3053
4895	13
0	9
27	292
204	8
0	459
664	672
159	1955
42	1955
0	0
0	0
0	0
0	0
0	0
26	130
43	130
0	445
28	510
4	430
13	388
0	3
0	3
0	3
0	3
30	519
347	519
0	74
0	74
24	74
10	13
0	2
0	922
5	551
0	269
33	0
6	582
0	115
0	153
12	51
0	42
147	70
0	70
1	7
0	3
0	5
0	3
0	0
0	0
429	859
0	524
0	21
0	871
4067	1
2060	0
19794	20
0	0
2127	0
149	96
0	48
2692	48
2854	2516
0	2515
55	22
0	22
80	4
1172	8
3	225
0	378
328	1033
0	47
7	52
0	1005
5	0
0	1
0	0
0	1
0	0
85	0
4311	425
3	425
19	0
0	20
99	30
715	8
226	0
45	495
7	171
7	425
0	1061
3	3100
0	3100
0	538
2	548
0	13
5	152
0	28
2	152
0	108
5	403
1279	2020
0	1783
250	0
4	0
3	0
4	0
35	104
1942	853
0	856
14	809
45	223
0	0
0	221
0	220
0	221
7	73
0	73
1	45
0	15
15	212
817	0
2195	6
118	99
29	190
99	687
0	687
190	78
0	78
0	0
0	4
0	4
0	0
0	4
0	131
0	118
0	131
4079	598
0	598
267	493
0	493
2054	0
1	137
0	126
0	126
0	21
5	21
174	201
4	76
17	201
42	137
1	21
380	260
0	213
0	137
68	188
0	188
26	614
0	83
0	423
0	514
0	571
0	617
4886	4053
4513	4057
417	1791
1192	1791
0	1669
1	100
0	126
702	1525
0	1477
104	1480
1842	3391
0	3391
0	710
2	1254
11	475
0	89
10	45
0	319
36	1368
1	11
1	19
0	47
698	1473
24	1520
27	1469
1321	0
115	622
3	5
0	5
0	0
0	97
0	97
35	61
95	404
0	433
0	287
14	0
530	1732
97	1769
4534	323
0	315
2	841
2760	844
82	49
3	52
0	19
1799	3
21	441
0	186
0	187
0	155
0	154
0	163
3522	7
8	14
0	4
2	69
8	65
0	14
2	319
0	104
5	77
0	63
1	281
2710	0
238	194
0	194
0	11
0	11
0	0
16	0
0	2598
0	10198
115	11696
0	11691
3316	1
3161	3
739	21451
0	17512
763	21451
439	763
69	388
1	764
0	0
0	0
2	28
0	76
27	76
225	0
0	69387
3994	69387
180	2349
61	118
52	2262
0	159
0	45
138	590
0	576
1	929
132	929
0	128
647	128
2673	145
597	139
361	8
0	55
3	0
0	0
6	0
0	6
0	186
284	8505
0	8552
9	3477
0	8431
0	9
0	6
0	9
0	0
0	1
0	1
64	515
3	560
3	0
0	5
1	5
178	0
0	662
0	1651
1544	2863
0	2328
0	2863
84	3324
18	2835
8546	8
0	640
0	297
0	646
0	210
0	152
8	930
0	460
0	459
0	965
0	51
0	0
0	0
0	0
0	0
0	0
0	0
0	802
26	19
0	2805
67	2864
13	0
1172	0
0	4
0	4
0	9
0	127
0	31
13	196
147	0
280	3
0	3
108	0
0	0
0	0
0	1
0	1
0	1
482	2569
222	2569
0	246
0	631
489	877
141	3864
0	3961
2050	3665
0	0
0	0
0	0
0	0
7648	2
33	437
17	437
300	817
3	817
0	817
285	20
21	69
0	69
0	1
47	5
216	44
5	44
0	0
0	0
0	0
164	29
0	20
4	29
1	0
0	3
0	3
53	286
0	286
147	138
0	138
7	127
0	127
0	23
42	288
0	274
0	493
0	114
0	439
79	439
0	302
5	0
5	0
25	462
53	709
180	739
1042	248
0	246
0	0
0	0
2	2
10	53
76	53
1069	251
0	251
11	0
272	50
0	50
0	0
22	5
22	36
1626	65
1	65
21	25
0	0
775	0
820	2048
0	2048
0	19
0	0
428	1439
119	1640
97	1934
0	1924
3	49
520	62
0	62
1868	0
9	0
5508	3
472	0
169	275
0	157
0	119
0	0
5	37
495	1
404	89
18	92
33	31
0	27
0	505
0	2
53	17
0	225
397	225
0	195
0	1
6	230
0	230
6808	8
161	0
0	5418
0	5780
808	8586
886	0
0	62
18	62
1032	2028
0	2028
0	1
6	1
26	23
134	0
0	63
29	127
0	124
33	7
0	7
835	1
30	172
18	171
0	5
0	1
0	5
213	40
0	40
4	158
8	158
5	1694
7	381
0	1652
0	899
806	1580
0	166
193	396
0	1580
2339	0
7410	3606
8	3598
0	251
0	13
0	22
1554	0
0	0
5	667
0	488
0	192
2	20
0	9
24	1026
4892	1032
0	0
173	2
0	15
0	213
261	216
0	26
0	26
15	37
3	37
18	350
112	101
0	11
0	3
0	143
5	8
2697	844
0	110
5	3796
6956	4967
0	3751
0	4964
0	1399
772	3914
56	3914
1260	68
0	68
15	0
763	1
917	1
807	1807
14	1017
507	7210
1267	15659
0	5036
0	15628
0	5
0	5
0	5
415	0
4	0
0	0
540	209
35	207
0	13
325	18
750	0
1326	0
76	0
0	188
131	1546
21	770
0	144
0	285
0	1101
20	1101
14	237
20553	268
0	15
0	15
0	9
0	0
0	0
0	0
0	0
226	0
839	0
67	13328
0	13379
0	13344
4644	12935
0	13300
0	66
0	66
518	68
3	100
1	2
0	34
1679	370
0	370
37	4
196	86
0	94
0	86
0	86
67	3299
3490	3299
0	2349
214	38
125	38
40	956
0	513
0	126
1087	313
0	54
0	282
10285	43514
8	3989
2	43511
1671	196
0	196
118	44
1	44
2307	210
2	205
91	0
0	15
2	0
0	7
0	965
0	437
3	797
0	529
1063	0
95	0
0	17
0	17
0	17
156	0
1908	474
0	473
0	26
276	89
6	104
254	6
4	96
567	0
0	0
0	0
1331	0
119	0
413	6129
0	196
353	6157
0	6154
0	666
368	683
8290	8
0	423
3	258
281	736
0	647
47	1219
28	1219
0	0
4	58
0	58
123	1
0	7
0	7
0	7
89	4
943	0
1288	318
0	12
0	315
0	6
0	6
10	300
0	779
593	910
11	0
1	0
1351	0
7656	7
2	8
0	8
9	194
26	194
63	17
70	168
0	46
140	1
0	138
235	13
0	773
0	1091
173	3537
0	3534
0	364
2	536
538	49
0	31
0	17
1689	1
0	0
408	0
667	241
15	241
153	0
312	5
307	0
1	15
4	25
0	255
0	369
0	2687
9061	2725
0	0
96	372
0	372
13	443
10	443
0	12679
0	12376
0	14455
9	16940
2338	17039
328	166
0	166
0	462
476	462
2	0
0	137
1	131
481	14
182	591
9	170
361	0
519	2350
0	2350
104	4027
0	1192
0	4009
726	71
43	71
0	62
757	98
0	84
71	0
0	23
23	0
0	377
2203	437
0	347
69	50
0	19
2	32
88	0
182	2
525	41
4	41
1218	0
2226	820
12	816
1657	1
858	0
2397	8450
330	52
0	52
6904	4933
544	4
33	41
43	19
0	19
3	7424
18	13803
40	14875
0	38
1241	40
4869	4933
1744	1208
335	1207
14	1180
0	0
0	0
0	0
0	0
0	11
0	37
0	13
0	37
0	0
0	0
0	11
0	0
0	11
31	258
0	258
0	0
0	0
0	0
166	1131
43	1131
5	323
0	323
0	240
64	279
29	277
0	239
0	0
37	36
4	36
0	0
0	0
0	0
0	0
137	0
7	9
498	11
0	0
0	0
0	0
0	0
0	0
0	0
0	0
2	82
0	14
0	82
0	0
0	0
0	0
0	0
0	0
968	1
0	0
0	0
0	0
57	0
0	0
23	9
0	9
0	0
0	0
0	0
0	0
0	0
5	105
0	107
110	0
0	0
282	6
0	0
0	0
0	0
197	8
44	107
0	0
0	0
0	0
0	0
2	0
0	0
0	13
0	473
528	473
0	0
0	0
0	0
0	0
0	1409
2992	1410
0	0
0	0
0	0
0	0
0	0
0	161
0	7
280	168
0	0
0	0
0	0
0	0
0	0
0	0
0	38
716	785
0	785
54	798
0	790
0	0
0	0
0	0
438	344
76	345
0	0
0	12
0	13
0	13
0	13
0	13
227	0
603	0
4	377
115	23
0	219
5	137
142	1667
0	246
0	246
320	1667
0	0
0	0
7	43
0	42
0	143
1092	143
0	0
0	0
63	83
6	83
0	56
40	1079
91	1079
167	183
0	183
9382	7265
0	7250
60	55
9	76
1349	28
0	61
3	112
0	62
93	177
0	54
5	59
0	53
0	114
509	215
530	782
0	18
0	28
4	794
0	259
0	269
0	269
0	98
0	2
255	328
0	328
0	391
2	419
0	419
4064	1017
16	1010
46	507
757	507
118	0
0	110
0	127
17	144
0	0
93	4
0	173
0	140
0	169
0	136
12	50
218	50
103	0
1	0
198	43
4	41
173	41
0	11
0	11
23	1
0	0
0	0
0	47
21	62
15	81
0	56
555	85
167	85
1	0
0	0
259	1
0	0
0	0
0	0
0	0
4363	0
620	373
0	373
0	725
29	1974
0	1815
44	1932
3713	1
0	15
1	15
0	11
19	208
384	551
9	551
0	0
36	32
0	3
0	3
0	0
9	13
37	41
192	1067
6155	4
4397	29
9	0
0	0
847	493
0	493
2218	3
5	0
0	0
40	176
1245	342
0	342
605	0
0	0
14	34
43	50
46	434
18	16
0	0
0	0
0	45
947	45
122	29
3	29
0	0
25	60
0	0
0	169
0	0
0	169
105	57
53	52
5	0
218	112
0	18
0	107
93	5
0	0
0	0
0	0
0	0
0	0
0	0
0	0
0	11
0	11
15	0
0	982
0	978
764	3
4	3
32	3
7	933
0	994
0	1056
56	230
356	0
6	447
0	149
2329	415
0	146
0	250
0	393
2361	1177
0	1174
3	712
5	0
6	62
185	62
0	0
24	0
221	180
6	5
2	3
0	5
285	260
0	260
0	260
25	0
613	3
3	3
0	3
0	0
55	739
644	739
0	0
0	0
4838	2
319	0
1264	1
53	0
759	0
0	141
78	141
0	5
4	5
15	237
0	237
3	2
0	2
907	246
0	116
0	77
5	113
73	20
0	31
440	31
0	0
362	0
0	0
0	0
0	0
0	0
22	0
0	0
0	2290
1700	2290
0	0
7	37
6	57
2	94
77	85
0	58
0	0
0	183
2	183
2380	4
0	218
1070	218
991	143
0	143
0	0
41	12
0	0
0	0
35	379
0	379
8	63
0	51
571	0
0	37
226	37
27	66
0	66
207	1106
5989	1106
2862	255
348	638
0	638
115	0
23	142
375	142
180	10
269	15
0	252
0	9
0	5
0	234
0	222
0	140
0	271
23	0
13	98
2	98
0	27
3798	1836
7	1423
0	1824
65	125
207	102
26	5808
201	279
0	279
0	173
3	2733
0	624
0	422
0	3420
0	2127
18	679
0	64
0	161
0	518
137	0
162	1110
6	1110
0	1248
771	1249
0	85
24	22
319	85
0	1129
639	8251
10	8251
3	679
0	71
1	665
0	535
16	1593
4	933
0	702
23	562
0	74
186	0
0	3717
0	0
704	4553
91	2728
22	2779
0	71
0	66
0	66
333	0
4	1546
0	961
0	887
0	876
0	572
356	0
29	729
1103	729
17	801
0	169
0	227
1121	4
2	60
262	0
92	0
29	25
2	25
0	41
0	119
0	116
7	33
0	33
0	0
0	0
2304	1
34	103
0	103
0	5
0	5
0	5
21	15
67	5
0	12
0	12
0	163
66	163
0	163
7879	6
0	158
667	185
124	23
49	54
0	54
2362	2892
0	2891
302	0
0	0
3500	1
377	0
0	0
440	58
4	3
0	0
343	88
308	293
0	145
45	348
8	236
2870	7
2640	3
528	62
0	62
0	40
789	40
268	129
0	121
0	0
0	49
2	0
83	160
5	160
0	0
0	0
5949	3
65	216
0	21
0	216
10	155
2154	0
0	0
0	110
1195	110
111	539
0	303
17	1227
0	361
0	1227
1314	2143
0	2143
6910	3
0	0
0	0
0	0
0	0
0	0
0	0
2	40396
4	2403
0	37798
0	11648
594	0
400	2
0	3
0	3
8	12
0	5
0	12
2129	185
0	184
8	95
0	11
0	95
0	11
11	5
0	26
525	30
34	0
0	246
1273	408
0	406
10270	8
0	0
0	0
0	0
0	0
0	0
0	0
357	0
1287	144
0	142
7	0
122	2
7	0
34	1526
8	1452
261	0
1435	0
0	914
2	959
1	888
0	151
0	151
0	151
59	1714
0	1056
0	1056
7	1394
0	738
42	1033
1	1777
0	998
0	722
0	702
1	1656
114	906
0	927
3	856
0	250
0	152
0	796
0	774
0	769
4	216
0	455
19	880
0	128
0	70
0	838
9	255
0	173
0	289
0	289
21	571
0	43
8	3
1	308
17	684
1	232
0	257
0	198
4	1639
0	736
0	2025
0	1917
83	53
0	53
50	14
2379	129
0	2
0	0
0	0
0	2
1	111
810	248
0	248
514	1
2130	0
97	125
0	125
727	1
1826	0
2034	4
597	136
5	136
0	429
0	429
0	5543
5	3662
35702	9249
192	1
5	0
55	170
0	170
0	156
0	156
1222	365
1502	364
180	227
0	227
0	8
0	8
0	8
0	8
91	3198
0	3198
1	751
844	0
2	0
197	0
1497	1
566	0
0	1828
5241	1833
2668	1949
25	1894
0	787
0	999
0	56
131	56
52156	11666
14	11630
0	0
0	101264
0	18500
1036	105104
0	30666
6	0
0	10
8	10
19	318
228	318
0	7242
68	7242
170	284
437	284
69	1
20	97
2	97
0	170
3	138
0	78
3	819
3	756
0	0
0	0
162	636
0	636
0	0
0	0
0	0
0	0
0	0
1	98
296	117
0	115
0	117
0	82
0	6
0	23
37	82
6	12
6965	9
8	120
153	57
14	550
201	804
0	7
0	27
0	26
3	292
3	0
18	149
0	508
3	88
0	754
0	212
0	223
0	0
0	68
0	5103
0	38
14	0
0	12
0	7
0	0
42	527
0	131
0	778
0	2211
7	784
41	63
12	5
0	102
0	170
2	0
0	0
0	0
0	10
0	308
0	342
0	400
75	3256
0	140
0	1327
0	1305
0	1327
0	129
0	155
0	1004
0	3
0	18
2	842
21	0
30	691
15	549
0	65
0	146
0	117
19	634
27	261
0	1270
2	35
17	135
0	9
0	10
19	189
0	0
0	9
527	0
0	11
0	329
0	227
0	319
3	79
0	732
10	6
0	31
8	6
0	50
0	69
0	0
33	547
0	852
1	7421
0	791
27	204
0	43
12	139
2	317
0	950
0	87
61	358
476	667
0	0
0	18
0	1
0	0
26	5
660	1264
329	0
0	26
1353	2
105	764
29	1945
0	1924
83	72
3	189
0	14
127	1044
0	1356
235	2513
192	367
0	0
0	0
0	4109
90	99
0	0
99	176
0	269
10	434
0	1297
0	2084
0	2315
0	407
0	374
23	0
98	512
0	0
95	243
0	902
0	533
80	342
45	2854
0	2531
0	2116
0	419
0	401
0	380
0	530
0	564
0	635
22	642
0	678
0	644
0	0
10	337
1	559
0	83
1130	0
0	277
0	374
1168	1685
0	113
0	142
15	0
0	87
322	440
0	7893
0	7924
6	7826
0	2062
0	544
0	107
80	1751
0	204
221	258
215	3212
0	5405
22	29
0	7
0	134
0	184
2	13398
0	3152
135	991
0	213
44	929
69	4935
0	4935
1	4729
0	0
0	354
152	657
9	46
343	7301
13	428
61	507
0	0
0	1616
0	1699
11	63
0	10865
405	0
1	29
0	4
0	18
0	6407
0	3662
26	15
0	586
0	5
89	413
30	201
45	486
111	622
52	0
7	8
55	45
0	74
0	74
0	71
1	201
0	998
0	1268
0	1010
52	766
0	2199
0	2397
0	1775
0	18
0	264
0	0
0	5
0	922
285	0
3	1017
0	141
0	11
0	487
0	18
248	155
203	0
0	0
0	0
0	819
0	567
0	6
2	0
0	43
0	27
39	5900
0	421
257	1855
0	16
0	8
0	1128
2	0
0	856
0	811
0	223
0	8227
0	255
0	2
0	223
0	712
0	61
0	0
20	388
0	16
0	56
0	2
0	0
0	9
0	16
0	16
0	16
43	2
0	0
0	671
5	6949
0	0
0	72
0	98
0	153
0	274
0	166
0	759
448	270
7	37
439	2482
865	261
313	248
0	2023
36	960
26	1470
0	1397
0	1308
990	0
0	525
0	2255
0	2949
0	0
18	492
0	0
0	0
0	95
0	1119
302	3
0	100
5	156
134	0
0	1211
0	1119
37	576
0	531
0	197
0	207
86	164
49	63
0	0
279	1171
1	16
0	11
0	0
5	848
0	0
271	549
0	1063
0	155
0	229
0	222
0	229
0	229
348	0
0	13
5	1056
0	0
0	0
10	0
0	255
0	250
0	72
599	3977
2	79
0	649
0	160
0	160
0	155
5	118
27	7770
0	6139
0	0
0	7
498	1802
0	0
0	0
0	0
125	3771
0	11
0	0
0	451
0	647
0	303
24	188
0	0
1212	2397
0	150
0	0
0	1888
0	1924
0	1888
293	2614
23	1981
6	433
0	318
0	275
11	197
0	1015
0	50
384	3473
0	0
0	146
0	0
82	821
0	10
25	1058
0	26
57	689
0	17
0	1227
0	0
19	55
0	33
0	27
0	0
2	12
0	46
22	215
0	869
0	175
53	153
9	269
49	795
0	0
0	492
6	31
3	2199
0	716
118	0
0	2151
13	65
0	43
0	16
27	1356
0	842
0	1015
0	1019
0	1122
0	911
0	80
0	0
220	732
0	174
0	173
87	770
0	818
35	854
33	787
617	63
21	0
0	625
0	711
0	0
0	135
2	3662
0	3157
0	2286
0	1920
3	7
0	120
36	143
0	0
0	2
6	171
5	316
0	425
0	7
0	2756
0	41
0	80
0	47
0	541
0	2
3305	29
52	188
20	122
0	9
533	900
5	125
3	1026
3024	2
0	86
0	2194
0	145
0	109
0	30
0	27
0	27
0	450
0	27
0	27
25	0
0	139
0	409
0	653
0	1378
0	89
0	104
0	97
1	112
0	97
0	925
0	1208
0	2
188	1921
0	2722
0	5904
0	5904
55	2414
17	0
40	0
23	653
55	322
12	114
827	4090
0	527
1018	885
565	890
0	0
0	22
0	0
0	63
0	1969
0	807
2	217
0	0
378	7382
83	1852
0	953
492	3628
145	3628
0	20
0	0
398	564
0	564
138	707
0	125
1233	0
199	2
0	124
17	253
40	253
0	0
0	0
0	116
0	111
0	0
0	342
0	46568
0	46373
0	0
14	103
0	568
0	555
0	515
0	183
7	122
6	140
0	110
0	355
8	1102
0	763
0	774
100	1046
289	1612
0	1612
0	2
0	126
133	1
458	1638
0	258
0	263
116	112
30	0
1041	3
0	192
0	56
0	56
0	388
0	1293
137	951
10	120
2038	0
0	627
0	764
0	755
451	0
293	0
0	247
0	8
0	3
0	0
71	242
1177	1
55	40
0	5
0	55
30	163
8	96
135	1067
0	0
0	75
564	2962
0	4920
608	0
0	171
0	4678
2533	4165
0	4165
0	990
1	12
6	326
0	3551
21	3725
3	3273
147	3075
0	270
0	673
115	385
0	1
0	0
112	0
0	1051
0	21
0	656
0	675
0	620
0	629
0	173
0	102
90	1299
93	1299
0	300
8	28
1301	1769
2	1768
134	0
12	520
602	0
0	18
0	282
127	0
0	12896
0	12141
0	10675
39	5070
2400	8
297	0
0	5
0	171
1	191
57	1044
0	46
0	2018
0	127
0	315
0	343
3	0
0	0
504	0
0	2
0	413
5	423
0	419
0	365
0	677
57	156
0	60
0	573
15	90
0	84
86	317
10	11
8	0
0	3350
711	1794
50	5154
0	5154
6	2673
0	14
280	4
0	2581
0	0
257	2648
3	700
236	173
0	40
0	0
0	23
0	23
0	0
0	2181
116	0
9	41
0	132
119	617
0	323
0	3173
0	3451
0	3333
0	0
0	6
0	6
0	4478
4	680
0	0
0	0
0	0
0	0
0	103
0	1
0	0
9	447
0	415
0	448
120	1732
0	328
39	850
0	837
0	801
8	0
0	339
99	0
0	3
0	3
0	7814
0	24
0	234
0	235
0	235
0	223
0	25
178	1729
0	1357
0	0
3216	3
0	2
40	0
0	33
0	1947
250	2532
0	0
0	0
0	0
615	252
147	252
0	12134
0	49
0	49
3275	6
999	0
20	0
328	2815
0	1752
0	3
62	79
427	298
0	33
55	165
0	0
11	245
200	1188
87	480
0	299
0	319
5	18
0	18
0	522
0	46
0	2
4426	0
3	5
0	53
0	0
0	196
718	11938
0	0
278	0
5	177
0	177
96	1
363	0
16949	27
4941	1
0	515
0	3523
0	355
484	2
0	1888
58	0
184	2
17	560
0	2969
0	3510
0	3576
0	424
0	1584
0	3
7	689
0	300
539	0
0	0
0	446
0	123
0	2165
0	2827
0	3371
0	7
0	0
12	15
1854	1
136	474
0	474
0	46
0	5
0	912
0	1157
227	960
0	1213
4	0
0	14
0	554
35	0
1	25
243	1
0	8
0	223
0	223
0	367
0	0
45	11
99	0
292	540
0	14
0	14
0	0
0	0
0	0
11	6
36	2
25	306
0	9
375	0
10	0
4705	5
2	20
0	402
1	6
0	0
22	125
0	1174
0	1119
0	1235
0	1290
0	665
0	217
1	582
0	117
0	0
29	1803
0	204
0	151
473	2487
1334	2488
28	0
877	0
109	60
16	0
105	0
128	676
0	88
170	0
449	0
3302	5
33	0
0	11
205	0
16	83
863	1
0	4
0	231
0	88
0	142
350	2
0	100
1	154
0	185
0	185
0	185
0	179
0	179
0	140
0	8233
0	8230
0	8233
0	7854
0	8247
0	6145
0	2
223	0
1	0
10652	123
0	38
3	38
99	0
110	884
0	333
0	0
0	753
0	753
72	0
0	202
0	78
89	0
15	0
0	400
0	4
0	0
20	1110
152	0
55	5514
0	5116
15	105
3	105
0	0
83	0
0	0
0	32
0	6
0	6
0	6
0	6
3	23
0	2122
0	2122
10	2093
8	0
0	1945
60	845
55	0
349	0
7	2
0	1956
385	0
0	693
0	627
0	569
0	348
0	576
0	174
0	174
58	0
0	52
238	1
0	2
106	497
5	0
37	284
5	268
687	0
0	47
104	0
1072	5856
0	742
4	1512
302	1527
72	1006
0	843
16	0
581	0
13	0
134	1069
1660	8
86	0
0	171
0	1137
891	0
1196	0
0	0
0	103
1340	0
0	498
0	474
151	0
69	68
3	1496
108	1496
234	0
34	0
0	116
0	53
75	0
0	100
0	100
0	19
220	0
0	1652
1497	3
113	3565
242	3565
0	4348
0	7293
119	6403
0	6403
8	3515
0	1469
0	1478
6	1210
17	1281
0	960
6	0
0	567
0	596
0	553
0	1744
0	0
341	827
0	725
19	16
1	239
52	9
0	9
81	0
24	0
7	33
105	549
314	139
0	1912
0	726
0	0
0	172
169	0
86	0
37	190
208	0
379	637
0	637
0	223
0	179
0	5
158	735
24	16
0	51
0	0
0	117
0	229
0	18
97	162
0	162
22	176
93	183
0	0
625	0
0	302
65	0
5	3652
24	3652
0	130
0	130
0	114
165	0
0	0
0	823
0	85
0	1294
0	1727
0	1199
0	1189
681	120
0	0
267	0
8	0
12	0
23	0
159	0
0	0
217	0
0	0
0	97
293	97
0	97
0	0
0	0
0	0
4	89
0	89
0	0
0	33
11	0
0	0
102	0
142	0
0	930
10	0
403	340
12	340
167	0
123	0
0	2
7567	8
0	136
0	136
460	0
7	20
0	0
25	0
0	0
33	29
46	46
2230	3
0	3418
0	3409
0	3376
0	3263
0	3236
0	2880
2	2618
0	143
0	1877
0	1598
8	135
1319	0
24	2288
0	456
10	600
272	0
6984	3
0	0
0	1657
0	1660
0	1947
0	0
19	917
83	917
8	23
0	23
3	23
0	23
0	0
255	0
0	0
550	0
3	14
8	17
0	8
84	0
0	1018
169	1104
0	283
343	35
1	0
0	786
3	790
0	723
0	808
0	790
0	0
0	51
0	1005
0	1008
0	869
0	1003
0	707
5236	9
0	686
1	2
0	0
0	0
1280	3
0	0
1645	2
0	0
189	0
5891	2
0	84
0	89
0	89
16	166
0	166
0	0
231	102
0	102
659	97
38	105
0	105
20080	22
237	0
0	2
256	0
2053	0
646	803
1	803
1504	2
1139	2
154	0
0	363
4	363
0	0
36	0
1	0
0	0
0	10
0	10
6	2075
0	1458
0	1445
480	2151
0	1452
967	2150
98	0
1928	5
0	0
981	0
486	0
92	0
10	0
0	0
91	0
0	332
28	332
0	349
409	326
0	210
0	8
0	0
0	8
0	8
0	8
0	4
38	0
110	7
10	45
750	49
0	0
12	0
0	4
0	4
131	1
0	0
13	130
5737	11
0	212
0	223
0	223
2	146
37	0
83	0
0	0
0	0
0	0
0	0
0	0
0	0
29	0
77	0
30	0
0	0
0	0
285	1447
1	42
747	0
338	152
0	0
315	0
78	407
0	108
25	433
0	433
14	0
9	0
439	0
0	972
245	0
27	961
0	881
0	935
0	0
85	1219
0	0
117	45
82	1018
7	1079
0	519
0	88
0	0
0	34
6	0
2877	2
0	3
0	0
2	3
0	6
0	6
0	3
621	0
936	912
0	566
104	0
4	14
0	14
0	0
58	0
0	3137
3170	1
1	0
226	0
845	0
4	182
17	0
558	0
3	0
484	1092
0	1092
196	0
0	0
0	0
21	0
10849	4
13	1913
0	1904
105	1162
0	424
64	24
0	533
0	262
249	0
183	0
199	0
13	127
9	127
421	0
1	82
34	219
1	0
913	1026
1886	3
0	0
35	0
68	91
0	91
43	0
0	50
0	50
2	1
529	0
632	58
11	0
413	481
2	481
0	8
0	8
0	0
11	0
37	0
2	0
77	0
5	3162
167	3162
0	1202
0	599
72	22
0	22
2	0
24	0
6	0
5	5
0	5
29	377
0	0
0	0
192	1140
52	399
5	428
0	352
1581	65
0	0
0	1202
39	29
0	29
0	0
0	0
96	0
135	0
0	152
0	138
0	152
0	0
1625	1
0	85
12	141
0	141
4	0
0	0
0	36
332	0
1428	6
0	0
286	0
317	2066
0	2066
4	484
7	0
230	0
370	1
811	4
16	0
0	90
0	90
51	0
0	11
0	0
0	0
0	36
0	36
0	27
330	0
122	0
15	287
0	0
0	343
0	0
0	0
0	0
0	29
1	0
1	0
259	2
4515	1655
4	37
0	36
395	0
1071	2
301	0
0	0
0	55
66	0
43	123
5	0
1532	0
0	283
2009	3
27	0
0	101
3	0
0	0
129	0
2	0
772	0
250	6
2964	6
1094	1
0	9
228	0
0	179
0	199
34	1
351	322
0	322
1006	3
1263	3
28	0
0	239
33	239
124	3
104	659
0	659
0	0
732	0
0	186
16	0
427	2
0	0
0	753
120	753
1838	3
769	1
0	13865
20	395
0	446
161	235
0	25
23	0
0	1
550	0
0	798
0	0
109	724
412	0
0	0
0	0
0	0
38	0
10	71
2	2
931	2068
0	2067
0	0
0	583
0	8115
25	1
0	0
10	6
997	0
1171	2
433	4
1853	1
35	0
0	0
0	0
0	0
0	23
0	2
0	0
0	48
0	26
875	211
0	135
12	195
0	0
0	0
0	0
4	21672
2119	21674
0	0
160	0
69	663
11	652
0	635
0	0
4174	0
0	823
1228	0
33	2
1313	2
1269	1425
0	296
1335	0
0	172
1	133
96	189
604	0
4	0
149	13910
503	0
0	0
758	0
0	48
0	48
2	0
0	523
0	512
0	499
32	484
330	0
1	1198
331	0
138	46
1065	226
1291	0
142	1505
988	0
32	0
1506	0
520	113
2	256
0	310
44	313
825	0
210	0
0	2151
0	92
268	0
190	9
0	0
0	0
0	2
0	70
70	0
192	0
21	406
761	1
192	0
0	731
1720	0
0	1047
0	1049
0	532
0	565
0	0
109	0
5231	2
36	18
0	0
61	200
0	200
784	0
0	907
7	366
4	0
0	851
0	822
0	847
0	871
0	908
0	1546
147	1546
9	68
182	0
29	78
0	189
255	443
0	505
21	433
67	0
0	593
640	4170
0	1143
0	1143
2846	3
209	5079
13	5079
0	0
22	0
0	0
0	0
0	7
0	7
2	7
2	7
0	0
64	0
391	607
10	71
817	0
333	0
2018	3100
11	410
0	53
0	0
3	127
0	122
0	122
0	122
0	0
0	0
10	553
2514	0
85	16
4	22
1	22
98	152
207	829
245	829
2292	1555
0	0
2	654
5035	3
1252	1
0	1
44	0
2319	2
471	0
0	76
3	76
0	17
0	8
0	6
45	0
0	0
41	238
0	286
0	1963
101	639
0	962
0	835
489	7
452	0
203	0
26	0
7	0
0	0
1405	548
5	75
2876	1
105	463
0	1313
25	195
0	273
3693	8
173	1008
121	0
0	0
0	0
0	319
0	0
7274	5
0	0
4	0
50	0
230	82
4896	8
95	0
3473	7
0	0
26	0
0	0
0	707
223	0
40408	54
90	0
0	90
0	699
2817	1
45	0
0	229
0	1847
0	6
0	6
563	0
182	0
0	0
6933	7
0	867
32	250
4974	7
48	62
0	961
1247	3
0	1498
1081	5
26	0
1268	8
0	1201
0	2018
0	84
0	84
21	74
0	197
0	2
0	2
0	301
30	301
300	1168
0	0
476	0
83	912
13	0
0	6513
7	1001
10	0
2	0
0	0
0	0
3	0
53	0
1	0
0	2221
518	0
331	0
0	140
0	1363
0	382
0	0
0	0
0	20
0	20
0	77
0	129
0	258
32	0
0	0
1587	1
0	7
116	1216
102	398
0	361
3	401
0	401
17	164
42	0
27	82
0	383
0	33
699	0
24	0
841	361
0	361
9335	20619
965	20612
0	1
196	305
0	177
1	6
0	2285
899	1011
0	268
0	589
0	589
25	499
0	177
117	0
280	86
0	1650
0	0
5	334
1	3
0	315
0	59
0	401
0	429
56	452
107	0
148	0
7	0
0	573
0	361
1471	0
0	6
0	6
0	6
57	173
4	0
0	0
0	51
0	1333
0	193
253	925
3619	5
21	5
420	0
110	241
0	241
0	0
0	101
0	100
254	313
0	17
1	49
0	225
0	956
0	956
2188	1
1	357
0	252
678	0
14	0
27	0
0	9128
198	0
74	5
4	25
1635	1
17	763
0	282
35	12
0	12
168	268
0	0
0	18
0	364
0	211
0	313
0	0
2910	2149
582	2148
0	0
8965	5
3	0
2278	492
2681	492
0	321
0	1502
14	0
0	244
1105	1
0	757
0	0
218	525
0	56
0	53
3	0
5	0
247	0
0	2420
0	24
0	341
22	0
0	46
417	2
119	3320
0	0
2	5
191	0
413	1755
572	1507
1	0
9	26
0	0
0	96
0	96
0	74
0	96
0	96
0	96
0	102
0	106
85	589
1998	0
22285	9
0	385
17	0
0	433
0	447
0	285
508	0
151	3
0	33
104	0
10	0
1	1021
0	0
35	2
0	0
8	232
2153	319
1100	316
25	0
0	589
0	2599
0	0
40	56
0	56
392	0
3	568
12	649
1	505
3	578
120	0
0	0
0	0
0	0
0	189
0	76
2	0
0	0
74	1122
2	1122
0	538
52	114
0	114
17	210
0	0
55	0
2	392
791	0
0	0
0	13
4	375
3143	376
723	29
0	295
0	271
0	23
16	265
18	41
0	41
0	0
0	1
1506	1
0	0
74	0
0	69
45	69
0	10
0	372
0	63
0	63
2	1
33	20
2	0
0	3
10	389
0	0
0	0
0	1370
0	13
0	6
0	6
8	0
37	138
0	103
62	136
9	396
5	979
0	979
444	2
18	242
39	1701
2	1701
44	0
0	0
0	380
0	0
0	0
12450	6
0	1333
33	153
67	0
109	872
12762	7
0	39
0	73
21	0
0	224
0	18
4	320
0	314
352	239
0	142
0	1429
0	613
103	260
0	25
0	3
5	0
852	0
130	0
5	23
0	0
0	114
0	0
0	20
8	0
0	2652
309	1889
0	66
0	14
0	7299
0	7530
0	7605
0	124
423	0
0	1487
0	2244
29	2609
16	1842
8049	5
25	11
0	599
0	2579
0	0
0	0
25	673
0	673
0	1859
0	334
2	3
0	3
0	3
0	0
0	0
2	17
2	1265
0	3
0	0
28	69
0	3
0	1684
0	4
0	103
0	12
0	52
0	39
0	0
375	0
617	0
2	435
0	205
0	0
106	1514
0	2840
7	13
952	155
40	0
0	1096
0	942
0	5
2	0
0	74
61	1270
593	1270
0	481
23	0
0	43
293	3790
0	0
0	0
0	34
0	475
1853	3320
0	0
25	48
0	0
0	7089
0	20
0	30
52	131
0	11
0	164
0	2
4	0
496	0
0	0
107	0
287	0
0	1653
0	0
0	0
0	0
0	2244
0	189
215	0
8	561
0	0
0	2415
0	0
60	422
4	12
33	0
0	183
956	237
77	259
2	238
0	184
18893	29
0	54
29	633
0	720
0	333
0	326
0	28
235	964
2935	1483
0	1477
652	0
0	2864
0	252
0	1505
14	1
117	0
1	469
0	412
0	23
0	490
0	526
0	589
0	596
1	694
296	0
10	27
0	2926
0	715
0	187
0	185
0	0
1	49
192	0
0	31
0	0
634	1
0	1
0	1
0	1
0	1
503	1031
1	18
110	781
7	286
0	286
0	0
22	517
0	730
0	0
3	1218
0	5
0	4
83	979
0	940
0	943
0	987
1	0
0	116
0	13206
0	13512
1046	0
0	0
0	327
0	179
0	179
2	19
21	154
0	0
14	37
0	0
392	692
0	76
1047	0
2	0
0	154
0	272
921	2
0	1251
400	0
0	41
0	41
200	4055
11	1705
0	410
2114	3
55	449
22	2
484	8
0	118
0	0
0	0
0	2261
1	268
0	1508
105	663
0	548
0	1668
0	118
0	2
0	2
224	1
0	1020
26	226
92	0
0	377
0	39
0	1155
0	1160
0	1360
0	1360
550	0
0	4
50	37
0	0
0	190
2	0
11	28
2	113
5	152
6699	9
951	0
1	658
1305	2
89	84
3	34
0	76
78	388
0	0
0	0
0	1278
0	91
0	53
4030	10271
0	10264
0	12
27	544
0	544
2	6
0	1
0	240
0	2
71	1284
6	35
526	0
13	119
0	1
24	267
0	8
28	36
666	3227
0	167
0	0
0	2
0	2
102	0
8	151
0	0
0	0
0	494
0	0
0	0
0	0
3	0
0	0
0	0
0	178
0	2
0	351
0	156
0	244
331	1
52	1923
0	351
111	351
0	0
0	940
4	0
456	0
0	81
0	77
0	79
1	80
0	60
0	31
2	68
0	12
0	4
0	0
0	24
7	181
0	152
0	0
5	69
0	0
0	0
0	419
0	633
0	202
0	321
13	891
0	126
0	42
0	584
0	283
0	0
0	350
36	555
0	722
0	603
0	726
0	377
0	605
82	992
0	3
0	3
1725	721
64	721
0	1680
0	360
14	97
710	3
105	184
18	184
0	3
18	3
0	3
0	400
146	688
0	177
7	170
1	0
75	271
0	0
59	39
3	11468
217	0
0	60
0	714
0	0
10	1315
737	3
0	40
0	40
0	351
10	129
0	493
0	0
0	0
0	0
0	12
0	12
6	11
186	921
0	35
13	0
0	3
0	3
12	89
1	238
279	10583
0	10680
0	175
237	48
1154	2050
0	0
35	94
0	715
0	411
0	46
387	1779
0	1157
0	30
0	492
0	120
15	178
779	1604
0	891
1	1007
0	748
0	135
1	0
0	3
0	558
5	396
0	11
5	0
0	275
0	10
0	801
0	0
0	40
314	2
1679	0
0	1
0	25
1042	5
0	0
0	38
0	2363
0	1217
2	172
0	0
12	6
0	0
0	21
0	21
0	7
0	0
0	98
0	92
0	2
0	235
275	0
0	183
0	87
218	342
218	153
0	5
2	5
0	0
126	0
62	137
5163	2
2	0
604	8698
0	0
0	0
1586	3
0	0
0	201
0	167
0	142
0	0
0	1591
1	1515
0	2
99	0
0	0
0	36
0	2536
0	2246
0	0
0	0
3	319
378	319
0	272
38	231
0	102
126	1318
0	0
0	0
0	5599
1053	0
5	216
0	100
52	410
0	805
0	649
0	801
0	810
0	810
0	604
0	691
0	583
0	811
31	0
0	330
0	1165
18	11675
0	14396
118	60
6	11
0	172
0	160
0	166
2644	2
0	2
0	2
0	2
109	3837
45	94
189	344
45	0
5	0
11	1
0	1
0	0
275	526
10	161
25	0
0	3938
0	2362
2680	911
547	909
239	1751
0	1718
0	1491
191	1795
0	1620
1146	0
4	278
38	2159
0	2043
0	0
1694	0
3	1
97	14
368	0
0	562
0	532
0	606
0	375
0	273
0	384
5535	14697
2399	0
53	0
0	4
0	0
0	166
0	1226
0	1226
51	1027
0	1045
382	10414
0	2718
23	10891
384	0
38	113
0	848
0	887
914	1
412	24050
14	2779
0	2834
0	2746
0	1934
0	0
0	0
1	694
0	0
4	21
0	24
123	1107
0	1448
0	451
0	188
48	112
7	5
0	0
0	0
195	0
23	196
0	406
7	0
686	0
966	688
1288	0
0	118
0	196
0	0
11	0
0	427
154	1233
0	0
3069	85
0	0
105	0
120	809
0	0
0	8349
0	8349
5	8672
0	6537
0	4058
177	0
0	370
4	166
0	6
0	0
0	0
3432	0
0	0
0	0
49	1169
0	1127
0	1169
17	1163
0	11
94	0
0	124
0	399
0	621
60	778
12	21
6	21
1235	386
0	25
0	131
0	132
0	256
0	15
234	204
175	888
0	485
0	161
0	0
0	0
0	38
27	1
26	0
0	404
0	0
0	0
263	5658
0	0
0	23
0	23
1	82
2	0
512	0
0	360
0	340
26	2475
109	2475
0	190
0	94
2	0
799	741
0	741
0	8085
130	0
0	0
0	926
76	926
32	460
0	460
2	299
41	34
20	361
0	51
0	15
0	101
1	13
151	0
0	175
0	129
874	4
9	0
0	0
0	0
1	2568
603	2548
19	251
0	24
184	38
0	1090
1595	0
0	413
3127	4
0	545
0	0
0	0
58	267
0	267
36	14
7768	3
69	0
0	0
132	0
26	0
0	0
115	0
0	1
920	0
0	0
0	0
151	0
0	730
0	300
2	11
15	11
0	0
0	0
0	110
0	54
11	3336
57	3712
4	57
0	202
225	0
0	0
10	0
50	0
15	31
8	1286
0	1294
0	1232
1042	1
7	24
112	0
0	21
2601	2
55	0
0	0
3	893
0	893
36	0
0	688
0	1266
36	0
0	84
688	0
26	25
0	417
0	409
215	401
21	2
0	27
0	27
15	4191
5	4154
0	161
0	18891
396	2
0	353
17	130
0	110
0	0
28	0
1	5
376	7
0	283
0	226
404	0
276	0
8637	14
1	2265
0	0
2648	0
12	12
0	293
691	0
0	0
0	304
0	0
12	0
0	42
0	73
3648	7
0	1659
2	0
0	30
1181	2210
0	2210
0	0
0	0
0	79
8	79
0	48
0	19842
0	20027
0	22466
0	22431
0	19638
27	12485
352	0
38	10
0	2778
0	3104
7	91
68	785
0	1043
0	1056
0	549
0	546
0	7
4	0
612	1674
241	9
0	0
0	61
23	0
227	0
16	0
12	0
12	0
1	0
0	0
20	744
0	1
0	1
0	0
1177	0
81	0
330	2
0	0
0	81
0	0
20	7
6456	5823
2906	5812
22	102
18	2
0	3
0	1711
2319	0
1018	0
0	203
71	164
0	0
3770	2
390	0
0	58
196	905
2	0
46	0
222	1248
284	1248
133	0
0	0
313	0
335	0
0	6619
0	951
0	4
562	30
2824	1792
0	1788
629	0
953	0
0	690
120	0
0	11648
490	2
64	0
2070	3081
0	46
0	0
78	650
0	280
2	0
638	3477
0	845
0	769
0	842
0	924
0	842
0	842
0	842
0	47
0	213
6	0
76	0
0	11
0	11
25	337
4	292
4352	11
385	0
0	3
109	224
249	0
0	170
0	1016
67	3968
0	3968
0	0
5181	2877
0	2876
0	0
0	0
1754	603
0	0
1348	0
55	4
0	6
0	6
0	7775
0	7402
0	7119
0	5772
0	6403
0	6559
1	7056
0	6112
3	6624
0	7752
1	32
6	0
356	0
1	0
0	0
2221	2
2745	0
0	0
706	0
0	1
2	1
0	0
19	64
935	777
55	0
127470	99
0	708
323	2
105	1158
520	1158
36	0
0	0
0	335
482	0
0	10
0	22
0	2291
0	1
0	0
0	15
112	231
11	231
0	0
26	425
0	0
15	0
212	3767
0	3744
0	0
0	0
0	0
0	0
2107	5
35	0
0	0
0	0
1	0
886	0
0	0
30	0
0	712
5	0
0	491
0	140
10	879
62	879
0	0
284	867
0	866
0	0
0	0
0	0
66	0
0	160
0	378
58	0
0	1265
5034	4
0	0
0	0
496	0
0	0
0	0
0	0
183	0
0	265
67	357
880	2
133	4358
0	4358
0	166
3	172
0	979
0	0
0	0
1	0
0	0
469	0
6	0
30	672
0	672
18	254
0	254
512	65
0	495
0	487
0	503
232	881
364	882
572	1
199	1230
6	0
9	341
16	341
0	306
13	0
31	682
7	682
0	0
0	0
126	0
1006	3926
0	3925
0	4
0	2
21	0
12	0
0	1733
19	279
7	0
133	1
0	0
0	0
0	33
0	33
4	5
10714	13408
462	0
0	0
0	83
0	132
12076	12
3	0
0	0
302	264
400	2728
51	0
1751	3771
1	0
13	0
0	2590
0	2664
0	2730
0	2682
0	2682
0	0
5	20
0	0
14	42
5577	19
107	102
881	2108
621	3201
0	622
0	400
0	0
0	0
259	0
0	510
0	479
0	374
0	0
3	0
105	0
0	13
528	0
2441	2
0	0
0	5
66	9
61	0
0	0
0	0
9	0
98	7
2	18
157	0
8	9
0	0
293	0
57	0
0	0
29	0
0	192
180	0
239	0
0	13
120	0
14	21
146	0
4606	10
2	33
8295	10776
0	5219
8	0
2967	1
0	447
1033	5334
930	2
0	25
0	3504
4	4
0	716
47	165
8	438
0	419
478	0
8689	11
120	1810
0	51
0	1167
15	0
36	84
45	16
891	0
104	0
0	516
0	65
63	0
0	331
1612	2
4763	7
2	1
6584	11
791	124210
4650	124211
31	0
0	30
0	30
0	30
12	79
0	4338
2433	1
0	6456
171	6456
509	3
0	136
1423	4
0	0
14	0
135	0
800	0
0	2
0	0
0	1
87	819
0	0
22	4814
0	4754
1	4808
0	4748
0	0
198	0
0	0
9	0
1461	2
0	240
0	452
104	194
15	194
3166	2
295	0
6349	2
898	4102
0	0
378	0
343	0
0	163
0	333
0	318
0	333
0	333
178	3
81	189
3	0
203	242
6703	4210
635	4199
0	1990
7	339
0	339
393	1
117	792
208	5
0	124
0	0
0	0
0	0
2	138
17	138
0	0
228	0
3800	12
0	0
27	570
0	0
0	0
2	0
248	528
0	528
130	1
0	0
46	74
2	1
13	1
12	0
108	399
0	397
0	30
14	30
20	246
0	250
0	331
0	283
0	311
2	0
16	0
195	0
200	1771
0	10
6	23
112	98
294	414
184	414
23	1151
0	3
0	3
27	780
2	7
0	7
0	150
0	140
0	150
0	140
0	150
0	34
0	32
2060	0
0	0
240	1740
27	1734
27	53
0	40
1923	8943
5963	8962
0	0
0	5
0	5
0	0
32	582
0	572
0	215
10	192
0	0
0	0
0	0
0	0
0	0
0	0
0	0
0	0
6	49
0	280
10	96
68	2067
35	0
1335	0
76	444
76	444
5593	14
258	0
105	449
134	1114
161	324
3488	1667
602	0
318	3
0	0
18	864
0	0
8	399
0	399
0	0
973	0
0	0
0	0
865	0
25	5
7	2721
0	1293
1	311
559	0
0	0
0	12117
575	34
41	34
0	146
79	0
377	0
7	281
13	285
4	285
0	337
2036	2
109	21
67	713
6	0
0	1
0	1
47	0
5	43
11	34
0	0
0	0
0	334
7	4
0	9
0	5
0	5
35	0
0	39
0	0
8	84
0	84
0	0
12	17710
1803	17709
0	132
2981	3
1	17
0	138
3	138
0	44
0	44
0	35
376	238
0	238
0	11
115	0
0	62
0	0
10737	6177
362	0
0	435
0	0
10	901
0	217
95	0
0	3152
0	19
101	0
129	666
0	9
0	150
0	112
0	0
1	1083
11	6
0	6
233	510
0	510
7	0
21	154
27	0
0	7
102	3
0	2957
366	2957
1319	1
6	143
18	143
0	11
64	0
0	0
3	51
0	210
1511	2
0	27
0	18
4	784
1	758
0	739
77	495
0	0
7	0
0	229
151	901
22	97
0	105
0	88
63	15
1	144
454	748
423	0
34	97
0	94
23	98
12	5
10	0
0	0
1	65
120	0
856	0
39	480
0	480
0	2
65	266
340	705
0	266
0	226
0	268
0	258
0	0
0	22
134	0
0	532
0	10
2	0
18355	12183
451	12110
321	10829
177	11077
190	11110
153	11382
0	3230
114	3503
149	3803
150	3619
169	3683
0	5856
0	634
0	649
5	650
0	632
1	36
0	0
0	0
0	0
5833	2
0	0
0	1215
0	1214
0	1226
0	574
0	0
0	603
0	13
0	0
1923	0
0	5
0	203
2456	3
0	1276
31	0
164	0
0	12
153	0
8	568
1979	0
1961	1593
0	193
63	244
22952	29
3	0
0	69
0	4235
0	0
0	0
0	0
0	0
558	0
168	3498
0	0
0	136
4	0
0	3
95	196
577	355
0	355
498	1
6	432
0	411
0	134
0	0
117	0
707	206
0	1
279	2
0	768
54	96
291	247
6	247
78	666
401	4101
0	4101
0	195
180	180
27	9
0	778
0	2
0	899
178	627
1720	4
7	38
0	38
0	38
0	2
3743	11
0	0
0	171
0	1657
0	1642
20	23
73	57
0	1563
0	2725
3726	2
0	752
0	884
0	884
0	608
0	777
0	596
0	449
0	139
0	327
0	13
0	0
271	1013
64	32
58	0
0	7
0	0
0	0
0	31
3	1163
15	1163
0	238
313	0
989	0
0	154
419	0
0	8
0	8
0	67
0	253
0	45
0	752
0	402
0	587
0	629
9	1223
0	1223
0	53
3534	13
78	1984
2	1896
0	2
53	552
0	0
0	0
2817	3
0	19
0	23
0	0
15	0
93	210
165	1
105	187
75	0
0	1214
2630	5
0	15
5	15
0	28
0	0
1256	0
119	0
0	0
0	0
1	0
0	134
15	134
0	1046
0	444
0	10
19	12
0	5
505	0
0	0
0	250
0	2472
0	930
0	59
3	82
2	467
0	467
17	105
77	10
11	978
0	978
0	658
0	371
66	107
90	0
8	108
0	207
0	219
2	0
106	2
6	0
41	0
20	317
17	1017
1	1017
0	3
0	3
0	16
0	27
0	27
310	5
516	0
0	11806
285	25
0	23
0	23
0	0
1609	6852
0	6
0	6
116	62
43	142
910	0
3	690
20	690
0	0
0	0
311	1235
14	1235
0	129
0	49
41	187
41	267
64	482
0	482
0	164
0	0
41	0
3	3466
26	3466
0	72
0	1553
1375	0
22	0
0	907
19	65
155	935
0	302
295	1
0	0
0	0
0	0
0	0
0	0
0	0
0	0
0	0
0	435
230	0
0	67
0	0
869	3
1317	43
0	40
0	0
5491	8
71	200
0	856
0	259
0	259
0	253
0	601
0	259
82	648
576	0
0	1766
1252	2837
0	0
5	62
0	68
0	0
4924	6
0	3213
0	0
124	769
0	116
0	116
87	116
237	71
0	177
70	201
0	2155
18	0
2060	4
2875	6
656	5
358	0
17	14
1737	7
0	0
4400	15
0	256
13	0
0	834
325	20
40	7013
0	7287
313	0
992	0
11	101
0	158
34	99
0	180
16	550
346	263
154	11
0	0
0	0
0	166
4112	5808
7096	11
10	139
0	53
0	53
6	4
1870	367
17	2424
127	213
14	0
0	0
0	789
350	796
52	278
51	466
0	466
0	106
511	22435
291	487
0	0
0	1662
2	1663
12	1461
0	98
0	67
0	107
0	147
505	814
12	64
0	293
0	142
0	45
0	10
0	10
0	217
0	189
95	2488
0	2488
0	240
0	0
0	1
0	1
0	0
0	0
13	0
0	767
0	2039
0	0
0	0
0	0
0	84
7	81
187	4837
314	86
0	0
0	7
0	8
0	8
0	8
0	8
120	0
5	0
0	0
0	0
0	1329
0	829
0	748
0	619
34	12
0	185
719	0
1194	0
83	240
0	11
0	11
0	78
11	183
0	1768
13	589
0	42
0	30
0	1143
41	0
0	3
36	78
20	0
0	5
0	298
211	12
99	282
0	1825
0	0
441	10
212	1
0	93
169	62
2509	3
0	129
0	357
0	429
9	1898
36	252
439	10
352	444
2	859
7	836
49	0
0	8
311	0
0	926
0	853
14	65
0	60
0	7548
30	29
214	153
1716	0
0	177
0	6946
98	286
14	290
0	0
307	0
6	1062
29	1062
0	3
0	94
5	43
719	768
0	653
46	653
0	103
0	116
0	103
0	3704
0	11577
1	786
1	368
17	0
0	0
0	0
0	0
107	0
0	42
0	7
23	730
0	652
0	35
0	0
0	0
7	228
0	13
0	1117
41	1117
0	357
10	403
0	3392
32503	49
0	1
389	0
0	1170
0	7164
2659	3
0	468
72	279
0	0
0	2
0	2
3198	8638
0	6
0	0
0	427
9	4001
948	4001
55	0
0	0
0	9
49	12
0	7616
0	0
0	4
0	0
0	0
97	1864
0	0
0	0
4	0
5	0
23	216
3	0
0	53
0	0
12	611
0	226
0	0
0	2212
0	2461
0	218
3461	36983
170	36980
342	0
0	372
1523	657
0	657
0	29
0	65
96	221
107	197
951	0
352	0
1	948
0	1304
0	23
0	0
207	1204
2	42
0	18
0	83
0	0
64	2208
254	2208
74	201
100	201
36	431
0	0
0	854
0	0
26	142
0	19
0	8
0	0
406	0
259	0
126	0
137	0
1007	2
0	0
0	0
1	589
3	8547
0	1734
0	291
0	170
280	1460
0	74
4209	6
0	0
0	614
26	61
0	0
0	424
104	1720
0	1618
0	910
50	1085
320	142
0	141
0	97
0	308
0	308
0	308
0	308
0	3473
10	3513
31	4971
0	4486
0	1581
105	7771
1443	0
6000	1486
0	1478
7	0
0	147
0	273
9	3
437	817
0	2
0	13
0	3
0	3
0	7
0	0
0	1338
0	188
8	56
0	0
193	1
0	42
403	0
0	386
0	380
0	347
0	275
39	197
38	87
5	104
7	64
143	0
3	77
0	1042
130	408
0	5
308	0
164	327
0	1469
12	1098
0	1013
0	1091
0	1026
51	966
38	0
0	42
0	0
1203	3
0	0
10	149
0	17
134	0
0	19
0	14
0	0
0	0
0	94
0	23
1582	0
274	202
0	49
494	3212
0	227
0	227
0	194
0	7
0	166
53	0
0	0
0	20
0	784
34	0
0	308
0	0
0	0
126	38
359	0
0	0
125	0
0	51
2	338
0	79
0	62
435	0
0	65
216	0
0	6
0	4004
0	3129
0	1098
190	210
0	204
0	210
114	275
68	1157
5	0
0	18
0	807
5	82
0	1
239	46
914	31
0	31
0	1093
0	1115
0	0
0	0
0	55
0	1800
0	1453
0	224
0	0
0	0
0	18
23	8
4	17
64	80
5	0
0	2
211	402
165	591
0	0
0	0
0	0
0	0
1481	3
0	0
393	1079
2	1079
37	92
1382	1
8	2984
0	2698
0	2834
65	685
0	102
0	60
142	438
41	0
27	119
30	0
44	309
53	309
0	550
61	1256
0	1256
0	40
0	15
0	744
294	649
2	124
0	0
636	0
0	329
0	259
50	1896
0	0
0	3
751	0
70	715
81	712
0	0
3	25
0	413
0	422
15	1445
137	1444
11	59
0	482
0	470
0	498
0	0
70	834
22211	20
7	1143
2500	6
0	452
181	92
0	20
31	20
132	1352
0	1352
879	203
0	203
0	4163
1656	1
0	162
0	1099
295	688
0	0
0	0
0	0
0	0
0	0
12	3155
7	0
26	361
0	25
0	466
7485	6
9542	208
19	778
229	11
0	674
0	0
1046	3
0	33
0	0
550	0
0	105
0	98
2528	0
0	478
13	0
0	0
0	0
66	479
0	0
487	797
27	126
0	126
0	456
429	0
684	124
0	124
31	95
0	932
213	0
1935	4
1739	3
39	0
14	109
264	2750
52	215
16	215
0	13
144	1498
0	1498
0	55
0	7
0	562
0	19
0	19
0	0
9	162
7402	15
221	0
0	222
0	17
0	0
13	0
0	67
0	895
105	2570
4	5
0	5
0	3
0	24
0	24
0	0
914	0
3040	0
0	534
0	442
0	594
0	0
20	0
2045	1
0	0
54	0
2045	3
1196	0
892	0
0	6
0	166
0	146
4316	2
107	0
0	10958
0	0
10832	9081
699	314
0	224
0	187
9	2
0	14
0	12
13	83
0	0
64	0
797	0
0	0
0	2221
0	798
4	958
6	13
0	0
397	633
0	977
138	610
0	0
0	537
0	434
0	276
157	113
0	0
0	249
122	0
1	4
350	4
275	0
0	2254
0	2255
1	5
0	0
0	45
0	0
0	0
0	0
0	2572
0	2603
0	1189
10	1206
0	8151
0	8377
3	0
15	8
0	355
0	367
0	367
0	63
151	578
0	578
0	453
0	429
0	106
3	0
0	0
1	0
104	0
317	2558
0	0
2	538
0	546
0	399
3088	9
0	0
0	904
10418	11
0	1010
0	3
0	3
0	144
140	0
18019	16
0	3
198	22
0	506
423	1211
62	464
3	51
61	445
0	1
0	1
33	0
30	204
484	359
22	6
0	16
2	16
0	16
206	1160
128	1028
277	0
0	322
0	205
0	23
3	72
0	30
0	15
1	1715
0	1715
90	35
347	996
31	995
0	6
0	6
0	6
0	6
0	10
55	168
0	168
0	166
0	423
0	44
10	46
0	0
522	0
0	1456
1505	0
30	63
0	1403
0	464
16	185
157	0
2	2770
45	2742
0	32
0	0
0	996
0	137
0	303
10	303
3	19
108	14
6	0
57	0
0	53
206	402
327	2
0	4
0	4
8	0
453	4
0	19
0	0
0	1478
74	0
82	0
0	54
0	1517
0	1539
38	1
0	93
0	625
217	1
20	14
0	15
29	0
0	983
2488	1155
1911	1158
1	27
14	9
427	0
64	386
9119	13
0	706
425	21
0	13
0	0
0	218
20	218
2929	0
4300	4
2334	512
0	511
0	183
287	0
4	123
0	0
7271	2
0	741
0	698
86	232
0	0
0	0
0	0
40	669
201	148
0	0
2	468
0	105
0	61
0	0
16	50
803	0
0	21
0	3
18	0
269	0
24	8
7	8
4170	1
85	0
487	0
0	67
37	174
5	141
0	974
0	300
17	514
0	221
0	227
615	0
1180	5
496	1949
1	1949
3	58
0	0
0	154
0	0
298	0
0	13
3698	9263
0	36
0	36
0	36
0	36
0	0
1106	2
0	19
11	10
0	0
0	0
0	0
514	0
499	0
907	1
45	0
290	0
430	163
6	64
156	0
3308	455
0	453
7569	3
37	0
582	0
1	824
0	87
0	5389
386	2585
0	824
1	30
0	52
0	0
0	0
0	0
0	0
0	9
0	9
308	1
0	0
0	0
0	328
0	90
105	967
6	241
6	830
660	0
6	20
4	20
92	0
0	0
0	101
0	1907
101	116
0	1843
130	0
0	0
457	1
0	1239
0	1116
173	2
0	0
0	34
0	30
0	23
0	98
11	430
317	905
0	203
16	2270
81	2139
0	2120
485	0
0	98
0	105
16	54
7	54
5699	7
0	0
0	5
0	5
8	9325
26	8227
0	8390
51	0
0	0
0	107
0	453
0	413
31	0
0	485
2587	32
0	217
557	1
3	0
0	0
439	0
0	409
48	0
0	0
56	0
2	0
0	0
0	175
0	155
0	156
206	0
0	34
3	120
0	371
0	0
3	0
2890	5
0	161
0	1
21	145
12	145
1406	925
47	925
224	1301
7	0
0	37
0	37
949	0
385	0
0	0
125	0
0	419
180	0
0	5
0	5
0	402
0	1426
0	757
5068	9260
0	9258
0	265
0	265
1	329
0	258
0	50
1190	0
4	39
62	854
0	567
0	193
1	72
0	46
638	4
0	6509
47	837
0	149
1354	0
0	5
0	0
11	22
0	22
4	0
771	0
1414	4
0	0
0	0
0	0
11	0
0	0
0	726
36	0
1527	921
0	921
1	130
0	94
816	205
7	0
0	507
0	201
15	218
2	7
0	8
0	9
0	0
1459	1
5	0
19	0
2	13
0	0
1177	4
0	0
0	115
0	113
169	0
0	1245
9	24
180	0
0	741
0	35
0	0
0	0
5	0
0	0
0	0
0	1005
0	884
0	820
17	935
0	367
0	12
5	17
0	836
0	67
0	0
0	0
0	150
773	2961
49	0
8	35
699	0
35	264
4117	1
0	0
897	0
2640	1
0	0
0	8
0	0
1021	8
0	338
58	527
1862	3
0	3
0	0
7	11
1000	0
0	0
1	7
622	741
4022	2
0	2710
0	2710
0	2326
0	833
0	228
0	228
0	290
3	40
102	0
37	793
0	222
23	222
3	1829
0	99
0	39
0	52
90	0
23	6
0	1146
98	94
460	0
0	276
1463	4
13	184
632	0
0	0
0	13
337	15
1511	0
244	1770
0	225
0	225
22	0
327	1399
18	961
0	0
0	0
49	829
55	786
0	403
435	733
0	138
74	0
730	5093
0	39
0	42
0	42
0	40
0	42
0	42
247	0
314	1
43	361
54	48
0	70
0	0
21	0
9	0
0	0
0	84
0	106
7	106
0	54
0	0
293	0
0	9
0	1192
0	1192
0	958
2	0
152	884
0	3
0	0
1295	1134
0	1134
0	153
19237	22
0	0
38	2
0	9
0	10
0	10
0	9
0	9
0	10
0	0
0	0
0	0
1181	9244
317	0
0	17
0	17
190	0
168	2
0	0
0	6
0	6
0	107
0	105
0	13132
0	0
38	718
1538	3
401	1406
189	0
193	3279
1633	0
0	2163
0	2
0	1771
279	0
0	77
2	103
1872	3
133	166
0	25
0	2
14	724
18	724
0	487
0	815
79	4560
65	525
0	5480
0	18
0	30
0	15
0	62
0	15
0	54
0	16
0	75
0	6
0	0
0	17
88060	72
0	0
6	0
5	0
53	0
52	0
12	69
0	118
42	70
0	174
5253	0
0	6
0	483
1721	2513
0	2512
0	437
0	0
8	110
105	0
0	360
5	0
1	116
167	1
0	1
0	0
16	12
0	5
1099	0
0	0
0	906
0	0
135	1564
0	0
0	0
0	355
0	1152
776	0
0	2
128	0
25	0
13	301
0	5
28	0
0	8925
18	407
0	220
0	2271
457	3
1856	407
21	407
2	1
13	0
45	66
0	949
0	1004
8	452
0	452
70	0
2472	0
836	0
0	0
63	0
0	1
0	1
0	29
17	133
0	1404
1	3
0	545
8759	11
8	603
496	0
4	0
3031	0
0	94
0	1328
0	0
0	0
1775	5708
184	5706
0	40
5	67
31	0
0	381
0	66
0	897
27	850
0	871
0	848
7	1161
0	1098
2	1143
0	1075
0	358
370	0
0	3582
0	3606
0	3605
1	3253
0	3258
0	3106
0	3477
0	3369
0	3469
88	3480
0	763
9514	15
0	25
0	25
373	494
4	0
30	41
0	4
0	715
0	1
0	1
0	3545
55	0
308	0
2366	4
4	0
0	820
367	1642
21	1642
0	871
549	0
0	313
107	4165
0	893
0	357
1172	0
785	0
233	0
113	0
67	0
30	49
117	3
3	0
3	0
1514	0
0	0
0	0
0	395
0	0
0	0
2012	0
8	0
10	0
234	673
0	576
0	244
0	122
9	39
0	27
1	890
0	773
0	1807
0	9
4	9
0	9
0	42
0	264
0	8
38792	31
12	67
0	0
0	0
0	0
0	0
0	0
895	0
1030	1
43	1456
41	1187
263	0
0	0
62	0
506	0
0	276
0	337
0	354
0	405
159	0
0	301
17	0
38	353
1	0
457	0
0	0
0	0
8	35
8	196
10	267
0	184
0	3
0	0
0	12
0	0
0	0
1789	0
5	2503
173	2503
0	28
0	61
88	63
87	0
0	0
0	712
0	292
38	563
24	0
6858	3911
59	3897
0	0
0	63
207	721
721	0
4	5848
767	0
457	175
1562	0
3	65
1	169
1	2303
287	0
5	0
0	3577
33	0
17	63
0	0
0	0
0	1054
0	1025
0	1028
117	0
4	1888
0	1887
0	16
0	16
3	7
86	0
0	0
0	48
0	31
0	467
204	0
255	0
0	486
0	460
0	446
0	461
0	484
0	651
0	412
0	275
0	248
2105	0
0	163
0	2
0	2
0	1975
0	7
32	2269
2	0
0	0
0	0
47	0
0	809
142	0
76	0
53	317
0	53
177	0
0	18
1	0
0	0
41	0
5568	12
18	0
0	0
8	111
871	236
76	2754
108	0
0	0
0	430
0	39
0	39
0	39
0	6
154	16
11	84
0	4071
36	0
3	0
0	0
161	0
0	0
0	990
0	1139
6	3414
2902	3422
122	837
21	0
0	3257
0	106
229	4162
0	3296
8	32
0	1202
9	0
0	1617
0	224
0	42
0	0
3	37
617	0
103	1483
61	5376
0	0
1	0
0	0
0	11
0	11
0	11
8	5
0	0
0	45
0	15
0	0
0	0
0	32
494	0
0	0
0	0
47	227
0	2
2205	0
1	124
0	112
121	0
0	21
1	0
0	0
0	452
0	45
21	45
0	313
1	398
44	33
0	33
0	306
9	0
0	0
51	0
0	0
0	721
0	600
0	394
0	69
1155	0
49	55171
4	7
360	211
0	0
596	0
603	2
431	0
316	419
0	2136
30	1473
984	0
372	1574
0	1385
38	81
16	45
0	12
0	14
0	14
2	0
0	31
0	316
0	1166
404	4720
112	4715
0	3894
243	798
933	799
0	0
3	0
0	0
0	647
15	1756
18	1413
0	1090
653	6
0	0
190	0
0	825
305	0
3615	8
0	18
0	18
0	13
0	18
0	18
0	18
0	60
0	59
0	101
0	0
15	42
696	0
0	0
0	0
1478	0
1	1863
7	1863
331	293
0	256
0	238
15	2502
0	3229
0	527
0	14
0	14
1942	0
0	25
0	10
1368	2
41	563
494	7196
0	80
218	1243
0	10
425	0
0	433
84	0
0	64
0	0
33	18
0	1601
9	1167
0	1483
0	12528
4	0
0	231
28204	32
5212	10
0	51
135	226
0	0
0	0
0	0
0	0
0	0
0	0
0	0
843	6176
6	0
5829	8
209	401
3135	6
4	406
0	0
0	0
10	0
162	2107
40	141
183	1345
0	0
2689	4
226	0
2430	3
55	0
0	0
0	26
0	104
51	0
93	596
250	0
0	1748
0	1677
0	0
1356	1
0	130
2	0
16	0
16	0
26	0
2823	26595
0	6547
7	1829
33	1829
21	709
0	0
0	10
0	10
0	10
0	0
0	113
322	1260
85	831
19	49
21	310
0	50
5	310
0	64
448	716
551	1917
0	2006
17	7
0	26
8	184
98	0
0	153
0	160
0	160
0	153
0	153
0	45
0	31
0	7
0	346
0	335
0	899
0	459
0	3
0	1142
1059	1121
0	2
1	37
0	25
0	25
485	4069
0	1121
46	0
0	0
0	0
0	0
0	11304
37	12099
164	0
0	88
0	73
39	41
948	7920
64	328
0	14
0	14
0	885
0	346
0	360
111	720
0	98
19	492
15	594
1	591
0	5
17	847
0	673
0	785
0	143
0	0
1731	3
11	3
0	31
0	0
0	103
17	52
0	270
0	218
0	179
41	9
1122	4
0	0
213	31
0	0
161	1128
0	446
41	657
0	97
0	285
4	0
74	13
0	177
0	1439
129	0
309	0
0	1
0	24
0	171
0	121
0	324
0	2554
0	27
0	0
0	0
0	0
2	3190
9	47
0	0
0	0
13	18
651	223
384	2783
0	670
19	1147
29	1561
0	1507
0	1337
485	0
223	0
0	2821
0	0
1267	561
667	1507
39	0
64	1003
0	64
8	736
50	887
3	707
0	789
0	926
0	913
98	282
0	0
0	185
0	198
1	44
840	4
38	0
0	1192
62	0
388	3380
0	0
116	0
20	0
0	6537
0	0
48	963
0	0
2650	20
74	1168
5	0
0	4446
551	1
428	0
0	6
12	0
114	0
1515	0
1343	0
0	11
261	242
0	0
560	922
0	163
532	3215
13	3184
8	3416
0	3407
915	1
29	0
0	1959
0	1759
0	2088
0	1887
0	1820
0	1757
0	0
31	388
0	388
1	543
24	521
0	341
0	392
0	53
0	55
45	278
104	2367
0	2367
0	0
386	0
1214	1846
0	1846
0	0
117	161
0	4
338	0
0	0
0	319
0	0
194	512
23	0
0	37
0	37
0	23
0	31
0	23
0	23
0	37
0	32
0	16
65	397
0	0
148	1087
0	1087
0	367
0	0
0	59
169	1140
0	0
16	356
0	356
0	63
0	0
0	13
1816	9
14	122
2	9
188	0
0	243
422	403
0	401
3	196
31	196
0	194
0	202
8996	16
11	20
0	42
0	209
0	205
0	541
47	135
237	0
0	21
842	1
462	0
138	0
0	0
0	842
1	148
92	0
0	55
0	0
2841	790
25	245
0	26
46	0
4	0
3588	3
0	0
0	0
0	0
0	18
0	8
0	15
0	16
0	16
5	0
0	1803
0	1778
22	21
0	7
0	134
0	914
0	1660
0	30
0	30
0	0
0	28
33	1227
7	0
1043	0
0	120
0	0
0	81
4	70
0	0
0	0
2569	6
0	0
10	0
0	753
0	325
5	471
14	4582
44	4749
0	4445
0	3791
38	6807
0	6944
106	5598
15	0
0	254
0	57
0	42
0	0
4	1906
0	17
0	17
1701	0
110	0
224	0
4	26
0	127
0	4
1491	2
2	254
57	12
0	834
0	1
26	0
0	49
44	87
1201	1
0	0
12448	10
0	113
0	0
39	348
624	1350
290	0
0	0
15	2
0	228
1504	0
0	0
0	669
0	549
0	324
0	551
0	256
0	37
0	1
24	0
0	1700
0	196
2346	0
0	28
0	4
0	28
0	196
0	7
0	0
22	0
107	31
24708	21
0	45
1	45
59	138
0	320
31	577
56	577
11	3424
0	33
89	270
765	0
0	0
1063	1
557	0
0	0
0	910
176	910
6	910
4	163
0	0
5	0
59	131
0	3195
164	30
53	33
1566	0
122	1373
0	2323
213	211
0	275
115	1
0	0
77	187
0	122
0	122
11	208
473	0
0	1278
0	746
3	264
13	264
0	182
5	26
0	26
21	100
2	1514
0	499
0	1505
0	1527
0	1527
5	1505
23	0
0	0
1029	3
0	0
0	93
0	0
27	5
0	21
0	21
0	14
0	21
10	123
1	153
0	153
0	0
0	17
56	5174
94	4360
0	4844
133	4352
0	2880
842	2887
0	822
0	7
0	31
2	71
129	349
137	0
476	0
0	72
1580	1
6	0
4	0
392	1433
12	1433
113	296
0	295
184	231
0	230
0	304
0	377
0	347
0	273
0	134
294	0
0	0
686	0
19	0
374	2048
0	2100
0	1866
175	0
1806	0
735	0
0	1082
0	170
295	0
0	27
190	0
0	0
0	0
3690	0
1	148
0	390
104	0
665	1
14	0
2579	20151
82	0
0	0
733	37
0	0
0	0
0	252
195	0
7	0
0	0
0	0
25	0
1	0
0	1978
115	0
3372	2
72	363
0	1669
893	0
0	0
0	2837
0	853
829	0
0	0
10	38
4411	0
44	219
0	219
0	149
1051	2
634	0
0	2
0	1
0	911
0	0
85	98
1	0
5	0
0	16
0	0
2108	1
2	1978
0	1978
13	0
0	0
7	5398
0	145
0	0
252	220
255	1673
2	0
0	0
102	660
1325	660
152	0
7	183
6115	1
0	77
0	294
0	258
0	421
0	0
0	0
0	671
780	0
0	0
1662	0
866	0
2	0
0	0
0	153
126	0
0	370
10	225
0	0
0	4
0	0
0	0
1843	2
104	1
4003	0
20	0
1053	4
124	2756
0	0
0	710
0	3038
0	3246
0	86
5	0
165	604
11	604
120	557
75	555
22	0
12	572
27	137
0	1934
0	48
2	3167
394	1191
0	1348
0	455
56	2158
0	0
2	1
119	0
0	0
48	491
16	491
0	0
0	0
3055	1
0	27
66	0
640	2
0	0
4599	2027
0	2024
0	1596
446	0
0	426
0	35
0	34
0	264
22	266
18	34
0	407
0	755
0	751
0	0
233	1
10	388
0	0
0	0
0	0
33	4
37477	39
3	1022
0	1146
0	0
89	1052
1760	5
0	714
10	0
0	0
30	0
1959	1
45	0
556	0
0	141
0	141
0	141
0	1
859	0
0	1
423	941
2983	2
0	3
216	4475
0	4475
25	0
7	0
0	6889
863	7
0	0
136	1
0	0
0	179
21	268
320	0
0	173
151	173
0	117
73	0
0	653
0	9
0	0
25	49
0	45
0	49
63	0
421	0
0	0
0	0
0	0
0	273
9	616
0	236
0	0
0	0
2163	1
3	10
0	10
111	0
0	1129
2109	0
43	638
10	638
0	638
4	0
633	0
0	0
315	295
0	2
0	1153
0	1589
0	1106
0	1096
1882	3519
0	3519
879	0
0	741
1073	354
0	353
0	0
356	0
44	0
0	63
1475	4
0	0
0	2539
0	0
0	0
478	0
11	1650
67	1650
661	1
24	1207
0	12
138	0
104	1547
42	1547
6	38
0	1426
188	1534
12	0
19	0
0	316
364	0
85	1
156	320
6	6
0	0
0	0
6	51
0	0
8	0
0	0
0	497
6	497
54	384
54	384
164	57
173	10309
714	10309
26	578
74	573
7	0
53	64
0	64
148	579
0	0
0	390
0	242
4	245
56	0
26	589
0	35
0	35
368	693
0	2645
0	0
34	39
1370	1
0	1556
4	365
0	17
0	0
274	0
0	628
3043	1
0	620
0	0
375	3
0	4
18	157
0	22
0	590
624	892
0	892
19	1141
0	1298
0	455
771	0
2	245
0	14
57	106
0	0
0	27
0	27
10	27
8	0
13	0
292	2078
0	2078
0	0
18	0
1475	0
0	0
45	292
106	57
6	2113
574	513
0	0
2162	1
238	26194
1382	26194
21	190
0	908
0	0
0	14692
0	0
0	806
0	959
0	850
0	13
20	6
218	204
0	389
0	171
0	343
0	337
0	338
0	51
1	3
0	7
0	12
47	0
27	7
160	0
1	573
3273	3
0	220
11	220
113	791
0	13
9	13
0	13
56	539
106	539
205	0
1	190
0	63
472	0
0	0
0	9
0	9
0	1692
0	1381
197	0
0	0
0	209
1595	0
0	0
523	0
74	232
148	0
25	0
1	1603
0	0
4208	403
0	393
1568	2
349	0
79	0
48	344
0	84
0	0
167	0
0	115
0	34
9	66
0	0
449	0
78	17
0	12639
264	0
870	1012
0	932
0	1005
0	967
0	797
0	0
0	42
0	40
0	42
0	42
0	40
9	0
13	0
3	84
0	0
0	0
0	0
2358	0
0	0
847	0
0	86
0	21
0	0
0	0
1959	3
1219	1
0	2
0	2
2	0
0	2
0	357
21	90
0	1
3	1
1050	2
0	0
0	304
0	316
0	294
0	2
0	697
0	0
0	132
0	119
0	1297
101	40
45	40
0	774
189	5715
0	399
1624	4
5	189
5	0
0	0
532	4
0	171
1	13
202	0
28	17
59	0
0	10
0	6
2	6
0	6
0	6
0	93
49	8
1	0
1	0
2384	7
1200	2
0	0
87	214
0	44
0	117
25	117
0	0
0	0
115	0
0	345
0	172
58	616
0	115
0	0
59	0
2	0
4	0
26	1334
0	1334
28	86
0	359
12	202
8430	6
0	0
0	75
653	0
618	0
659	0
0	1708
0	1126
0	1360
93	648
1	0
103	1696
0	24
38	154
0	7
0	0
22	0
0	11
25	0
0	3091
78	0
17	0
18	0
35	216
1079	2275
336	2275
0	0
0	935
0	12
506	3
0	0
9	9
502	0
2351	6
0	0
0	54
0	0
3131	0
5	0
0	9
105	9
38	0
257	0
370	0
0	0
85	1610
44	0
16	38
263	712
8	0
0	5298
150	3086
0	1443
0	5
646	1121
190	824
0	824
17303	11
0	0
0	0
235	0
0	0
115	398
9	723
0	289
25	4
0	766
0	0
6	1
0	2383
0	1266
0	1359
0	950
0	0
0	0
0	73
0	73
102	422
38	225
713	7068
45	7068
226	154
346	0
725	0
0	1
0	0
94	0
0	0
3786	4
0	14
0	14
179	856
0	0
0	89
4	8
69	0
86	3245
24	3245
1388	7
621	0
106	128
839	0
0	0
0	0
0	20
9	20
0	18
0	2
15	973
1038	13110
80	13110
0	41
72	0
0	12
44	0
0	0
0	6
0	0
0	0
0	0
0	38
0	5
0	5
2228	3
50	0
0	0
5	0
0	23
36	109
0	464
0	464
0	1520
0	1550
0	0
0	0
371	116
0	116
0	1272
0	1674
7	9
78	0
61	190
1	328
82	209
35	6
0	293
3538	3
0	1169
0	45
99	45
0	3495
65357	54
894	3
0	0
0	0
0	887
156	4431
80	4072
35	20
0	8
0	0
7	1085
0	1085
56	943
152	979
104	979
0	873
54	479
22	494
0	494
0	2
0	960
0	990
0	958
0	958
59	260
38	0
0	0
0	14923
7	194
0	106
0	0
0	0
0	0
0	3047
67	0
0	673
0	58211
1	56998
0	61638
0	6
30	213
243	261
0	3966
244	0
0	0
65	1462
105	39
0	763
281	764
321	764
45	313
0	0
0	49
4432	3
0	12
83	0
623	0
1592	0
111	180
27	196
45	196
0	342
0	122
14	113
5	515
55	515
0	4
374	4
27	0
0	3046
0	0
136	44
0	285
0	129
0	5198
0	253
0	100
0	100
0	90
0	0
279	0
58	1914
63	1919
15	1919
6	5
0	100
23780	13
0	2298
0	593
0	9178
175	3033
217	410
12	0
1	284
174	86
0	137
0	171
45	232
44	232
5	0
4074	8
0	52
909	1
9	1774
9	0
0	341
124	368
0	3026
35	0
0	12
0	452
0	6
0	2
0	6
3227	0
0	0
40	135
33	201
6	16
0	0
53	146
55	146
2172	7
0	0
7	0
0	0
76	409
36	454
0	430
0	0
4	206
17	0
0	0
17	67
0	1270
0	0
0	37
0	598
33	292
127	166
0	145
0	0
488	0
1	0
2202	2
85	0
2930	0
0	148
0	35
0	0
0	20
7969	9
0	107
3	149
0	112
0	0
0	0
163	679
0	53
2630	230
0	0
0	29
0	29
0	1575
0	1575
5	1664
0	800
0	1377
0	2127
8	0
0	0
21	161
3	397
83	397
646	0
51	3
9450	12
0	1661
66	743
0	0
0	26790
0	6449
49	309
22	309
146	0
45	241
132	925
0	925
23	0
169	0
0	0
0	0
8	1573
0	573
0	178
0	181
0	1062
0	0
748	7
21	0
0	0
0	977
0	82
0	17
0	17
192	977
56	29
9	1
0	0
0	10
0	10
0	544
0	31
0	406
0	0
3	72
0	72
0	56
959	0
0	1239
423	0
99	0
0	1105
16	31
31	0
0	437
0	152
0	181
6	5
11	86
0	86
25	15
0	22
0	200
225	0
0	203
708	203
72	40
7	0
36	0
0	0
8	185
0	539
601	0
3549	10
0	3046
0	2903
0	2456
0	2981
0	1643
158	1198
0	1118
0	1209
396	2746
0	219
274	1276
151	0
4	649
0	0
20	3
19	213
3	10
428	23
0	0
147	7
0	0
0	0
0	3
0	0
0	45
0	9
3	18
4	25
0	3
1	733
0	0
530	10949
0	10949
2	26
7	0
936	2
0	381
0	263
0	257
37	0
2966	11566
0	11565
0	356
67	17
0	456
25	0
0	42
0	463
4	491
0	1
18	258
0	80
1	0
9	1
652	4
6	4660
213	178
9	1274
0	1197
137	133
86	0
0	0
78	66
1	0
194	1196
32	1650
4	0
48	293
53	0
7	4153
3843	4163
0	699
12	677
0	179
18	706
20	706
144	676
0	785
2700	1208
0	1656
0	1486
0	7
0	24
0	2665
0	5
0	2
0	1865
0	1133
3	1318
0	1376
831	0
1420	2
0	2
19	0
0	169
578	24
258	3528
15	46
0	991
5	0
58	0
7	0
0	0
0	63
0	127
0	193
0	98
0	175
0	193
0	119
545	1
42	0
0	96
3	32
5	0
0	516
0	44
0	305
0	2203
0	0
0	20
1	100
402	1451
513	2850
0	0
186	0
0	46
2	48
6	0
0	0
0	17
0	0
0	107
702	1131
0	4
0	4
4	0
0	0
0	251
5	7982
0	8546
0	486
0	688
118	497
1374	3
0	0
4307	0
343	437
3128	1
47	264
2	14
729	1
0	1299
21	372
0	1458
0	1352
0	2715
4	2755
130	2900
0	2754
0	2899
0	1039
188	275
0	270
0	75
0	52
66	2218
0	2218
945	0
0	2
0	0
777	2
0	0
219	2277
18	60
1	1480
0	1477
0	1484
2034	7
3	3
59	429
31	82
0	56
93	591
0	591
0	614
0	634
0	634
0	584
47	415
0	1
25	0
0	0
49	381
0	388
359	0
68	618
9	90
0	8
0	702
165	1295
0	921
7	910
9	3
2088	0
0	0
125	1325
1711	0
729	0
0	457
60	838
0	838
0	0
0	85
0	294
0	100
662	1057
0	114
9	653
276	753
0	2801
35	0
83	0
75	0
57	0
89	913
0	292
0	303
0	2
0	2
0	0
0	347
0	1670
0	37
0	490
0	437
0	10510
0	10474
5	412
0	412
13	0
2	0
0	4
4859	4
172	1033
432	3
1180	1
0	844
0	728
6550	8
464	1
463	0
0	2117
12	0
0	0
0	0
73	883
0	1750
0	1367
0	192
219	0
30	0
450	0
1	0
0	0
55	316
21	2483
463	2483
208	1321
17	0
0	0
0	58
40	0
0	38
2206	6
493	0
0	0
0	0
107	994
0	989
0	489
11587	14
372	0
0	18
24	0
0	102
407	129
0	714
0	714
0	364
5584	3
15488	23
481	197
7	2014
44	2014
0	71
42	71
0	404
0	0
5	121
232	0
0	0
11	330
0	0
629	0
0	3
18	1
0	2229
0	15
4799	5
0	1042
0	796
0	0
111	739
2387	5
132	0
4	5
0	0
0	0
324	2
0	1117
0	0
0	0
0	0
2662	1
0	0
0	0
0	0
0	290
269	0
3	0
0	176
0	197
0	224
0	2074
39	0
0	551
15	845
7	690
52639	66420
0	46331
6	67811
1685	19049
0	167
2286	0
0	13
0	741
0	0
41	0
0	0
0	0
0	201
0	688
0	200
0	241
0	23
222	3
0	209
0	220
0	0
0	0
0	52
0	3074
0	0
534	0
37	174
1	104
0	697
0	243
0	1642
0	3
322	5982
20	5982
0	2540
4213	4
502	0
0	11
0	29
0	58
0	83
0	101
0	64
0	64
0	101
0	82
0	17
4321	1
0	0
0	549
0	424
0	261
0	422
0	0
1825	0
0	410
0	588
0	410
7	614
87	1532
29	304
1204	2
1	166
242	387
0	387
223	1232
4114	1672
0	1672
692	1381
341	1381
19	0
0	1486
26	4207
84	4207
165	993
0	2093
95	0
341	0
0	0
552	10
0	164
353	0
108	77
1479	18
0	0
0	89
117	367
415	0
9	128
0	0
247	1
0	18
0	2
11	160
31	160
0	2
0	0
0	8
10	1
2	0
0	0
0	727
33	39
3	0
0	70
155	0
212	0
0	397
0	71
0	16
23	0
0	0
1214	0
0	495
0	862
0	0
833	0
2127	1
0	63
3	0
170	0
87	150
212	291
122	0
0	90
0	327
0	1108
0	2506
2079	3
1242	0
20	54
154	4
1	0
13	17
0	8
40	0
0	11
0	14
18	63
0	0
404	0
0	211
0	366
3	325
0	194
0	459
0	511
6879	2
0	0
0	1038
0	796
0	3
30	283
0	132
0	126
9	150
352	3702
0	6
999	0
0	0
0	0
0	1289
0	1221
0	1339
0	1399
0	670
0	227
259	1178
103	681
0	605
333	627
0	627
0	324
0	368
0	448
0	329
0	0
6	6
630	0
4	53
56	133
0	9
0	9
0	150
0	2
0	2
0	240
31	240
0	100
0	100
0	1386
0	102
0	0
0	0
72	0
24	168
0	168
3	2192
73	2220
0	1930
21	77
133	67
173	0
0	0
0	0
22	0
113	4391
196	4394
0	0
645	0
0	6
18	218
116	0
420	0
277	491
316	1440
0	0
1	22
0	193
0	432
0	103
290	0
13	343
0	686
0	720
0	275
0	130
11	37
0	130
0	60
0	0
0	219
0	131
39	183
0	65
13	0
1322	17
0	0
495	1
0	0
0	13
556	2046
0	1109
2	2738
0	2588
102	758
5609	15
0	958
0	259
0	249
0	259
0	246
28	212
0	0
57	2654
0	11
0	11
4288	7
108	860
0	481
1078	296
21	65
18	228
274	782
0	0
6	12
1871	6
0	600
0	34
1028	2384
239	1802
617	1
552	169
8	0
58	391
1	154
0	154
0	80
1043	2733
377	2733
647	0
0	579
0	1812
0	796
0	277
0	0
0	64
0	65
0	66
0	614
0	208
0	0
595	0
0	353
54	374
0	374
10	89802
8023	89805
0	461
263	0
0	120
1745	1
215	0
0	0
3823	7
3	0
0	66
0	65
0	14
5878	559
0	332
11	0
0	4661
0	0
0	0
35	95
0	0
96	59
0	21
0	890
396	3153
0	2863
0	26
0	2343
0	529
0	60
43	20
0	0
36	531
0	494
0	112
0	3
0	3
0	415
0	368
0	384
0	3
0	760
375	3250
81	502
627	0
313	0
316	0
79	83
361	0
1219	0
0	0
987	1
89	0
0	0
0	0
667	0
4	15
0	0
0	350
31	2
0	0
0	29
102	0
19	114
5	0
0	0
0	0
0	0
5	5
91	1354
271	0
235	1334
55	228
51	437
3	437
0	410
0	465
0	3785
0	2792
16	13
0	0
0	0
0	0
0	0
0	0
49	17
0	0
0	0
4	0
0	0
0	0
0	0
0	18753
0	18841
513	17537
0	17831
45	879
0	107
0	0
15	1453
0	0
1	7
915	0
2814	1811
0	1803
0	0
0	0
0	1172
0	1073
0	163
4	163
580	0
228	0
62	203
2789	4
6	237
4	229
434	0
199	1951
233	533
71	532
0	48
0	1119
0	1129
260	116
0	4879
265	0
0	132
0	483
1732	0
0	763
4542	1
0	20
122	0
3163	3703
0	3703
0	438
0	0
25	0
82	0
15	1438
0	1451
0	61
23	622
70	397
0	0
0	0
6035	3
0	0
83	1107
19	155
0	155
0	0
0	0
97	0
0	312
0	340
3	368
0	20
0	166
10	0
0	28
3	3
295	0
91	273
0	0
0	0
0	14
1	185
14	0
159	0
0	21
3	21
0	465
0	0
0	6132
0	0
49	0
749	1864
135	1851
580	0
90	0
1825	1917
5637	1
1572	0
0	91
0	120
0	131
0	111
0	1035
77	253
10	253
0	1010
64	1
9	0
193	27
0	52
0	0
1786	8882
10964	8891
0	0
937	0
0	0
0	2012
0	0
2	13
0	0
0	1807
0	0
1525	1
0	0
166	0
2906	12
563	0
111	0
1456	0
3	11
18	25
113	1119
4007	9
0	0
0	10
1088	0
0	0
0	270
84	270
0	270
0	265
0	0
0	7
0	0
0	7
0	7
31	0
0	194
96	194
609	0
1	533
13	979
81	457
0	263
351	0
594	3
316	0
0	2328
0	640
4999	646
25	20
43	20
1929	890
308	889
169	237
0	237
147	59
0	0
0	27
0	364
55	0
0	0
0	0
0	0
0	40
136	0
7	103
27	70
181	0
15	0
11	1259
0	0
0	4
2	17
33	715
1557	4
129	0
35	83
0	89
0	89
0	89
0	59
0	261
2215	0
663	0
43	123
21	123
15	34
1162	1
50	116
1	1680
0	1920
0	70
20	794
0	667
0	661
0	659
0	726
2	375
0	210
328	0
17	5
109	0
216	1659
6	11
0	0
1035	0
0	0
18	216
0	0
0	0
3034	0
161	0
0	0
0	0
7	167
0	157
0	154
0	147
91	349
202	2259
0	445
0	291
0	117
78	0
1	87
0	0
857	2106
343	1
64	18
120	3409
0	3411
9	3411
0	0
0	203
0	211
0	200
0	20
39	0
0	527
0	0
119	0
68	0
0	1094
0	0
0	0
206	0
0	0
852	2
4	14
0	168
24240	39
1277	0
0	0
0	140
512	0
2393	5
0	4
812	14
212	0
247	3624
58	3624
71	1029
80	1029
2	0
0	0
0	0
0	1323
162	0
0	0
2463	7
0	1118
15	0
0	41
0	40
0	39
32	319
0	274
0	6024
0	3081
8	21
0	19
166	2191
0	2932
0	1985
1	0
0	160
1161	6768
11	324
0	0
269	0
0	0
57	981
0	250
0	250
0	0
48	0
207	0
0	5
1353	8
0	179
0	0
0	0
0	0
33	211
0	0
0	1707
247	2388
0	20
33	31
66	236
0	418
0	143
1	0
6	855
0	15
4	169
5147	4
82	0
139	0
0	989
10	32
0	31
0	18
7	52
0	0
69	1262
0	1262
0	0
130	0
0	45
6	119
0	0
0	0
9750	1
826	0
92	0
828	3936
0	3936
183	1104
0	6
3135	0
14137	11
0	12
0	12
57	277
72	977
477	4
24	21969
919	23633
0	5441
0	33
0	0
0	34
0	34
1	98
0	0
0	0
74	0
84	218
19	20
24	340
128	281
6720	3
3020	0
9	0
0	0
35	42
19	43
563	0
0	51
0	332
53	346
41	391
43	0
0	169
0	314
0	304
12	737
24	0
368	0
636	4
0	0
454	1537
0	975
0	11
0	102
0	0
0	174
3	174
1328	1451
0	1451
233	0
0	1
0	1
1279	0
0	0
0	34707
0	0
0	0
2468	2880
6	2744
111	2731
0	23
0	23
0	101
0	25
0	33
2	38
0	30
0	62
0	270
0	381
33	36
0	0
0	0
275	573
22	60
3	0
0	0
73	0
235	0
287	0
0	748
6	412
685	412
38	785
45	590
165	187
0	582
433	0
0	3187
0	22
26	87
5	1226
0	9
0	497
618	0
2668	6
1146	0
3	1364
0	6
29	62
0	62
0	71
106	0
35	1343
84	0
0	4
843	2
0	425
0	449
24	0
0	1157
2756	1659
0	1553
33	28
0	205
0	12
42	0
0	15
0	28
1	231
510	275
1	0
599	2
2	0
0	479
0	464
0	455
0	449
0	465
0	539
29	0
0	2400
73	0
66	0
0	578
14	36
0	36
0	9
0	9
0	0
4	0
1068	4410
0	4159
0	2996
4	1343
0	2201
4288	7
44	1119
0	113
656	0
23	0
5335	6
0	437
8194	17
0	0
410	0
0	27
0	462
751	800
15	800
35	6
0	21
980	0
4	33
4935	5
1001	0
0	793
17	168
4	168
507	1
637	0
18	365
0	1461
0	0
55	1
30	0
0	187
5	1165
53	1149
45	66
0	1
106	3
84	664
0	664
9	130
927	0
0	45
0	77
27	196
1002	1
0	0
0	0
0	0
39	219
2587	1
0	17
0	0
100	0
5	6475
0	0
0	0
0	320
0	320
0	302
0	1
220	0
7	0
8	27
0	0
0	0
0	16
42	468
0	354
234	5141
0	5140
86	271
6	0
0	0
3	389
0	0
2126	9
0	410
10	410
15	25
87	0
61	228
113	1143
1087	0
57	125
1	358
93	0
292	0
86	566
0	570
0	3088
0	732
0	717
0	131
550	0
0	0
0	0
2	27
0	0
78	214
0	185
0	185
0	185
0	315
84	622
0	622
445	189
3	11
18	63
0	69
0	113
495	1512
0	13
181	86
1360	3
0	8
5	8
4	0
286	2
308	0
7	115
31	115
0	4
164	0
11	0
0	0
9	184
0	81
0	305
0	0
48	0
0	93
0	94
0	5572
36	0
0	225
0	225
0	225
0	225
0	225
0	220
6	0
233	162
0	162
0	1159
594	0
60	0
228	8
355	2
0	0
11	236
9	0
0	1055
0	327
149	0
0	2814
90	0
0	1221
40	6
614	0
85	99
300	0
12	1226
0	0
15	1433
0	1690
106	1291
60	1548
279	47
0	47
0	0
1265	2
0	0
0	243
0	0
0	24
62	53
0	53
745	0
774	0
0	116
0	610
0	88
15	30
0	0
0	0
0	8
102	1543
75	1543
0	0
0	0
8	125
1351	1
580	1120
28	1128
0	992
7	5
0	1
0	26
0	1416
53	1631
0	1641
6	75
18899	17
0	222
0	1502
0	2856
0	2285
0	1369
81	914
0	914
0	99
0	1594
16	311
3	0
21	157
0	117
100	0
7	0
106	1441
3	1441
0	850
0	190
581	0
591	8
27	79
0	17
0	13
6	14
56	1199
18	1199
0	71
0	91
0	25
0	56
0	105
0	191
0	46
399	0
0	1542
42	1542
236	0
207	95
0	121
17	0
813	107
0	0
0	11
117	49
162	69
110	218
0	172
421	0
15	0
32	352
0	17
0	11
1036	2
632	577
38	577
112	4931
0	6247
0	6130
6	6070
123	6452
32	6090
0	0
29	0
0	0
0	0
385	0
0	513
36	15
306	1
188	4479
196	0
2000	0
8	0
18	0
1	1795
0	322
288	2481
0	1942
1	116
0	18
0	10
0	18
0	10
0	18
0	10
0	18
0	19
14	0
0	0
13	1438
0	323
0	7
0	47
0	47
0	6
7796	6
397	0
2215	1
46	350
0	350
0	0
1	400
0	400
283	50
0	2981
0	2981
0	17
4530	3
10	0
0	324
2524	2
0	6
0	6
66	0
143	1464
1021	0
0	0
0	0
0	193
0	191
0	0
13	0
1077	0
0	0
0	0
0	0
3	0
1581	0
6	40
342	1020
2	721
0	0
18	2689
265	2689
1721	0
0	0
0	0
6	26
17	13
4	4
916	0
400	1522
0	942
210	197
0	514
76	0
4903	0
142	0
744	0
8	1
3164	0
0	0
0	0
0	0
0	2532
136	1518
0	2555
665	1010
0	1880
0	0
1946	3
0	166
3	158
0	1792
614	2
0	77
1027	77
3	0
27	27
35	612
0	31
0	13
0	14
485	0
1896	3
757	1253
111	1253
528	1
40	493
0	589
7	0
62	0
0	550
0	181
1494	0
0	0
0	0
0	0
9	0
0	0
2831	2
0	367
0	391
0	789
83	847
24	106
59	611
0	54
531	717
2045	0
0	0
0	0
2	8
0	0
0	235
37	1970
203	1970
0	38
0	38
0	8
8	0
46	0
0	0
140	0
7	0
51	394
0	0
4	0
50	1012
49	996
0	4
0	1766
13	52
0	44
842	756
0	189
1858	1
0	411
256	3228
111	3228
56	0
34	0
0	26
431	1
0	24
0	0
0	0
64	455
0	0
4	101
1051	0
2016	5
732	971
65	1011
198	0
0	0
1673	0
16	7
0	7
55	0
0	0
0	0
611	5
65	4307
0	2445
60	0
1838	0
815	0
861	1
8	7
0	7
0	1339
1	0
0	0
205	5
6963	8
11	58
2	0
0	8
0	0
0	459
0	0
34	11
0	193
12188	9
0	0
263	0
0	0
4	38
8	472
5	472
34	0
0	3
0	3
20	0
0	0
28	0
0	614
0	115
0	115
0	0
0	0
362	0
520	0
0	56
0	8
0	7048
0	7048
195	0
25	0
0	0
385	1297
7	1297
5317	1
0	0
0	1933
258	751
0	148
0	0
740	0
1	7
106	0
796	3
0	0
0	0
0	0
0	0
517	1
35	0
0	0
345	1
0	1846
0	379
0	391
6	362
0	192
0	369
0	198
0	161
0	147
0	123
0	1654
7	0
0	0
0	7
49	238
39	586
0	51
0	51
0	948
0	5
7	0
0	0
0	0
185	1
18	408
19	408
298	187
42	26
0	37
0	227
833	2
1590	4
2	0
0	2
105	0
0	1
0	106
117	106
60	0
9	0
10	1175
192	1
401	1150
5	710
0	0
0	651
0	727
0	651
0	733
0	598
0	728
239800	280
1416	1
1687	1
0	49
0	49
0	668
0	139
3	58
0	58
0	30
0	30
0	39
0	1
183	0
0	744
4	608
0	689
0	572
0	614
0	0
0	0
0	36
0	690
0	47
0	47
3	124
0	115
0	97
170	675
0	235
0	0
0	0
6	0
0	4
0	4106
0	4106
5	3680
0	3454
7048	8
482	0
0	229
59	565
0	599
0	728
0	374
0	605
0	5900
65	47
162	132
486	132
0	235
95	0
74	1037
0	15
0	192
90	4
544	0
778	0
0	2060
6	7
0	84
0	154
0	16
3	0
0	10
795	0
101	13
107	623
1	0
1214	2
2202	0
309	140
1031	0
662	0
0	880
0	724
0	880
0	882
385	19
0	0
17	848
151	273
46	238
362	0
0	85
23	0
0	0
0	0
0	3304
0	2756
0	204
169	0
0	69
23	0
5	1833
122	1833
0	174
4787	6
6182	7609
0	7609
9877	4
10	112
0	1
29	345
0	0
70	0
0	232
1005	0
1416	8
277	0
0	6
0	0
526	1
4201	2
30	48
1	0
2	779
10	295
248	1
6	777
67	65
0	703
0	124
23	52
357	3183
62	0
298	634
1146	3631
141	0
0	679
22	1348
1197	0
76	0
102	55
0	55
0	0
476	6
225	0
0	657
201	0
0	0
0	821
186	3243
118	3243
81	323
0	0
9995	14
1723	0
0	756
155	1989
6	1908
0	0
0	1
0	231
13	0
31	0
26	1458
0	1521
0	1077
0	0
2	3499
4	18
447	1360
0	8609
0	0
0	181
0	0
1055	13
0	0
5	0
205	0
0	73
0	0
61	215
0	714
0	0
4	165
0	162
3	141
3	370
159	0
0	61
0	10
0	16
0	445
0	544
1029	3
0	224
0	312
0	312
2	374
23496	27
0	25
59	185
190	35
0	27
747	0
0	134
0	135
0	106
2	0
892	0
227	4357
46	4335
35	4385
0	159
129	0
0	48
151	0
0	209
0	302
6	302
0	0
0	0
0	3
0	287
0	51
0	66
0	1079
0	14
0	0
0	4
0	0
0	0
15	0
5	0
2	252
1	228
264	0
129	0
83	320
0	65
171	36
0	36
577	0
152	0
0	122
2	54
93	197
306	2754
0	2754
0	7966
30	0
0	0
0	0
495	154
0	0
0	46
30	179
3	34
2006	1
2587	5097
0	5093
1671	3
0	43
9	918
170	1986
2	0
0	0
109	1057
676	2
2	291
0	193
0	192
0	186
0	10
0	1342
0	334
0	0
181	0
0	6
0	6
0	6
34	259
33	780
324	2
0	925
21304	24
1695	0
731	0
166	102
0	102
0	461
0	135
0	9
3	0
0	194
0	0
0	0
12	27
0	27
0	50
0	50
0	47
0	0
0	163
0	4
0	1
53	389
0	52
0	89
23	351
27	351
0	364
207	0
0	536
1452	3
0	0
87	0
54	31
14	31
9	5936
0	1012
56	5416
0	0
27	0
0	237
1	12606
77	0
0	10
4	1031
0	1009
0	1036
0	9
0	4
0	799
1827	0
3	40
16	18
16	21
187	0
0	913
0	0
27	5
0	8
0	0
33	5
0	201
14	178
8	201
20	0
0	62
0	81
0	38
0	2
320	675
79	0
0	1382
0	0
0	14
0	4
0	3
26	165
113	0
98	2
0	453
210	150
0	1228
0	1215
0	23
5	0
0	815
1650	7574
110	7571
0	2250
0	222
0	587
0	108
0	102
18	3539
883	3
0	75
0	100
0	1398
0	27
0	730
0	0
0	480
0	11
0	13
0	172
0	5
0	2962
118	2851
27	2873
109	2775
0	1201
8	392
22	392
0	410
0	179
146	0
0	2505
1	3618
353	4055
538	0
6	0
235	267
0	13
39	12
0	889
0	772
0	893
0	866
29	441
15	90
4	0
222	0
120	374
0	0
0	292
142	0
51	503
0	1344
103	0
0	0
0	0
0	4
0	3693
40	3677
73	3456
0	440
0	438
0	438
166	1317
16	13
26	13
5	5
0	6
0	4665
7	5050
0	0
22	503
158	2947
13	2832
509	2530
0	968
347	625
18	876
0	646
257	0
0	207
0	465
8	53
0	341
79	1177
0	24
0	24
0	98
0	6
0	0
0	1776
0	934
55	2285
10	0
64	26
0	528
0	554
0	436
0	0
418	698
0	96
0	678
0	379
0	5
13	251
3894	0
15	0
0	49
0	56
0	56
0	0
0	550
0	0
3	88
920	911
0	911
0	7
117	5
9	0
0	197
0	5
0	5
0	420
189	0
0	26
0	458
376	1029
8	0
0	13
268	0
498	3572
10304	6
0	0
0	0
0	615
0	62
91	1094
707	0
1	0
853	0
0	0
0	11
0	11
0	11
0	29
0	22
0	20
0	16
0	95
0	168
0	95
0	42
0	75
13	147
0	1162
0	0
0	0
542	0
0	0
0	2
122	0
11	787
22	0
0	656
3	11
142	0
0	195
49	0
0	601
14	0
71	505
0	13
373	1
2708	7
0	5
0	0
0	0
0	104
60	0
0	107
8530	7
10	0
0	1
0	1907
123	0
31	144
24	339
0	0
0	1
31	1553
81	1553
5	7
25	1013
884	1015
29	175
101	175
424	0
14	2
0	0
4	0
0	14
6	349
934	42
13	2347
63	10426
42	899
0	0
0	0
37	0
0	75
1488	3
0	6
310	0
0	0
70	550
17	550
0	0
0	0
0	0
0	0
0	0
0	0
0	0
0	0
1	7772
0	0
0	9
0	18
0	18
0	0
0	2
1	4243
0	65
3	4325
6	4074
1017	875
0	0
228	156
20	156
0	0
0	457
0	0
0	7
0	7
0	0
388	0
71	0
0	34
0	49
327	0
8	4900
170	4900
55	2974
0	1033
0	2686
0	2805
0	10
0	5
29	0
0	3
0	3
0	0
2064	2
77	0
0	0
298	0
1623	1
846	0
34	7442
51	0
0	0
0	0
0	0
0	0
0	0
10	0
0	162
1	162
1	0
86	0
5	4
0	0
180	364
0	252
0	0
0	0
0	0
0	0
0	484
17	484
11	0
0	2
0	199
5	0
0	0
0	0
28	0
3	16
157	718
4	0
9	0
0	48
0	48
0	7
13	0
0	11
0	11
824	312
3	311
14	104
0	38
0	38
0	38
103	1316
0	287
0	404
584	517
0	16
4	0
0	0
0	2528
0	0
0	1917
0	1191
179	0
0	873
0	2
279	0
558	0
4	957
0	920
551	0
0	0
0	0
48	7
0	0
107	0
2	0
0	493
626	848
0	0
18	0
58	137
0	297
0	0
0	0
0	270
0	0
97	12596
1282	12596
0	11317
3	67
0	456
1378	462
0	1
43	1416
0	0
15186	1825
0	1809
1743	0
4	0
0	8
0	8
0	0
43	0
0	104
0	0
0	0
152	208
3	29
1037	4
825	2342
8	0
40	1984
0	1984
3618	961
19	67
86	90
1	0
0	3930
0	3014
0	0
0	614
507	2
0	0
10	64
6121	2
0	0
0	3
1076	0
0	10
0	0
318	2818
1	126
3307	4
109	350
130	0
3189	16881
38	0
378	0
0	0
49	181
0	181
19	0
0	0
17	0
15	0
737	1
21	661
0	555
1	481
0	648
0	520
0	392
0	94
0	44
8	44
1296	0
0	0
0	242
17	242
39	3380
0	3380
0	24
34	0
35	0
322	1
0	36
240	6000
79	5980
8	6008
18	5938
476	5816
0	1
0	1
0	1
0	1
0	1
0	11
20	0
3	540
0	563
0	563
0	554
3	750
0	720
0	708
0	1056
0	11
11	0
0	2564
0	6
13	128
30	0
0	501
0	485
0	501
3	335
77	464
6	0
1512	4
0	2396
265	1607
355	0
13	2
58	15
5	0
20	0
0	4502
314	4823
0	256
0	0
0	0
5	0
1705	5
0	0
0	5
0	5
62	1660
0	663
0	595
0	663
8	632
0	595
0	595
0	493
0	595
72	0
829	5
528	350
17	350
25	0
139	161
0	1451
50	1451
0	518
627	0
0	481
0	5
711	2463
0	0
745	0
92	3
0	6181
0	6181
1544	0
18	1004
0	59
1107	4
42	0
0	0
0	0
3054	0
3	193
3695	4
105	0
604	0
796	1
9	0
4	49
0	49
98	0
0	0
0	0
579	0
41	552
1317	0
0	307
0	303
0	310
0	274
265	0
220	0
529	0
13	0
130	76
0	1414
49	667
0	667
38	0
0	0
70	111
0	111
708	0
32	29
271	0
0	685
603	1
1079	2
0	442
0	0
0	5
30	0
337	2632
22	278
0	14
0	14
414	3919
986	3921
99	0
42	0
9	4
36	0
0	0
0	0
0	7
973	977
0	976
80	0
1131	0
0	0
0	0
0	3
0	229
0	229
1	224
1972	2
0	111569
0	0
569	386
0	386
0	4
0	150
0	287
0	142
192	482
0	481
92	0
155	1293
0	302
11	302
26	549
32	278
21	138
0	0
2	0
0	57
0	0
0	222
273	0
0	1025
74	1025
36	30
0	79
8	79
0	63
0	191
1756	1
0	808
23	808
2931	129
985	0
0	0
11	24
2	46
0	400
371	0
12	0
0	0
202	0
15	0
380	1404
0	6
104	0
6	0
98	119
0	119
194	4942
16259	6
1863	0
10	1392
0	1350
3	455
8	0
0	451
0	309
113	376
0	178
0	0
0	10903
20	26
50	43
0	30
0	29
2221	6952
7	0
460	0
2	4218
139	4084
8	4088
0	1791
55	0
39	0
71	0
269	147
0	147
0	1006
272	16
654	1
7	101
25	106
21	0
0	57
374	1426
0	1426
212	0
1434	1
1180	0
0	1423
0	1454
0	1
320	0
0	0
0	0
35	305
31	614
18	741
677	0
36	0
99	839
35	839
10	0
0	222
336	642
0	642
0	0
0	0
180	0
0	68
0	0
0	7998
0	7635
0	8559
535	0
22	0
283	0
0	0
0	2761
350	0
0	1076
77	0
236	12
0	12
569	0
789	0
178	1
8	0
0	8659
0	8189
0	8591
0	8671
0	8654
0	6536
1	12
0	116
114	300
0	0
0	0
0	0
0	0
0	0
745	5698
0	153
0	1569
14	19
1	19
37	87
9	1673
13	1673
0	165
0	33
0	0
0	42
0	767
0	0
364	0
0	843
0	41
0	68
208	68
0	530
0	0
5	1836
0	238
84	3267
0	11
0	81
2	238
0	67
0	0
0	0
0	193
0	427
0	0
0	2
0	51
0	8
368	0
0	241
1126	686
2947	693
3	0
0	379
0	0
0	3
0	94
0	94
0	94
469	1102
514	0
6	105
23	0
7	314
40	619
0	614
0	604
0	619
0	0
0	0
0	531
0	0
0	2871
0	2434
0	6679
21	6345
0	6634
0	130
49	0
140	2187
0	60
0	0
0	0
0	32
0	0
0	0
0	1591
73	210
68	0
0	762
0	43
0	3612
36	0
0	0
0	262
0	4140
41	0
0	541
0	222
5	6
0	6
0	6
24	266
1	0
0	0
1368	1064
0	254
0	2326
82	0
0	1271
73	10
5	10
0	511
0	459
0	459
0	642
2	402
0	521
0	520
0	123
859	3433
0	7633
0	7680
27	294
84	5587
0	1409
9	646
0	6100
0	402
0	398
0	382
0	389
0	0
0	8078
0	8210
151	2218
0	81
0	220
0	20
867	0
758	0
12	47
0	42
3598	903
0	950
1	1021
0	924
0	291
4	0
0	83
11	0
0	0
32	1156
0	1156
0	0
306	6
16	0
14	29
0	131
17	941
66	941
3	26
73	513
2472	513
0	189
7	213
0	20
42	889
0	698
0	658
201	0
0	0
0	0
450	0
10	932
0	747
0	0
17	11813
4430	11814
0	10939
0	7
173	316
18	743
456	743
0	31
0	1450
0	1387
0	1345
0	1374
0	1402
0	1435
0	1419
0	1382
0	0
0	0
0	0
0	0
167	228
445	0
7	281
10	0
0	3198
0	298
50	987
118	959
31	3
0	859
0	10
0	10
973	1
703	3697
2	0
129	0
0	428
27	0
82	241
430	493
167	2836
0	1546
0	1225
0	61
11	7
2	423
1	467
5	0
63	0
0	1921
0	32
218	0
5	26
0	135
3927	9
0	18
211	786
0	0
0	0
0	0
0	0
0	974
0	118
0	116
188	0
0	14
0	5
27	0
0	0
0	0
0	336
0	9
0	146
114	0
71	305
3	2215
72	1129
165	569
92	569
0	0
273	228
39	94
29	0
0	4
0	0
0	173
0	1
0	0
0	555
0	2
0	41
0	3
0	0
1779	0
0	74
86	136
46	234
0	752
0	13
0	13070
82	0
0	16
76	287
250	214
0	214
0	11854
0	0
0	14
0	231
0	214
466	1
328	0
0	136
0	116
1107	28238
0	1228
5481	1237
0	34
0	24
28	200
1500	801
16	70
0	25
0	2
0	2
654	0
0	3
0	21
0	21
0	107
0	2813
0	1292
0	52
0	734
324	2023
0	46
54	0
0	0
604	6
265	3
0	3
0	1504
3	0
0	679
0	390
0	323
0	338
0	1813
0	347
8	1
3	27
547	7651
7	28
0	5
0	5
15	2430
40	0
2068	2
0	0
0	585
0	0
157	2983
10	2983
310	2094
0	86
1	3
0	1
230	2358
0	1334
8	18
371	0
13	6
0	725
117	725
45	847
6	0
0	0
42	79
0	11
0	17
1	17
3288	2
0	5
0	153
0	323
47	217
18	0
0	0
5947	3
0	3
11	50
818	2
1321	0
402	0
0	52
0	52
0	41
0	41
0	52
0	37
0	29
0	14
2	300
37	434
2	387
0	434
0	14
13	0
210	0
0	6
1358	3
0	0
0	0
539	0
0	0
0	1822
204	1822
10	0
2	851
88	851
63	8462
426	8462
202	0
0	0
0	0
0	388
276	58
0	0
203	0
0	860
2063	2
26	0
13	291
0	529
0	456
100	567
2399	2
3	0
2720	3
1648	5
285	0
7	0
0	6
172	11
917	309
75	309
85	0
19	175
0	0
23	628
1244	7
0	13
0	13
464	0
0	0
0	0
2039	1
130	0
0	97
4	0
5	0
559	0
16	0
9	75
0	75
2917	0
0	0
0	0
0	0
7	17
424	0
42055	25735
0	25706
93	177
82	4950
0	4024
102	0
0	566
0	14
0	14
0	2
25	0
1579	0
22	9
0	9
0	44
0	428
0	428
1017	380
327	755
455	1061
0	0
49	0
4	22
0	22
0	20
1	20
0	18
0	17
0	18
0	17
0	17
0	14
0	7
0	0
0	0
0	925
545	3
28	0
19	0
186	0
83	0
0	0
671	0
98	1
470	0
0	0
377	49
0	46
367	353
18	0
3	486
0	486
5	0
0	1580
2058	0
18	0
86	0
6364	4
162	0
0	394
192	0
342	0
6	0
0	178
86	0
29953	363
871	0
3	0
400	0
2	0
32	3
0	3
0	653
67	0
132	0
1486	0
52	132
30	143
55	143
463	3
0	0
26	0
1067	0
5	188
0	0
60	0
2570	0
0	221
0	195
83	0
7	0
77	0
226	573
165	574
300	0
915	0
23754	6
80	3827
51	3797
3	3473
42	0
6116	6
346	6746
0	6746
0	0
64	6
0	143
0	143
0	0
3552	3
0	0
0	0
91	365
0	365
821	0
18	1579
0	0
123	69
0	0
118	0
8	9
1	118
0	0
0	0
168	0
8	35
601	0
0	0
28	26
0	0
5	3
0	0
0	0
1	0
460	110
0	110
162	796
0	793
57	0
799	0
0	158
0	192
283	0
9	0
2925	1
0	0
39	0
0	0
4	0
1	0
0	0
8	0
195	293
1328	0
0	22
2395	0
44	0
80	797
241	0
15	22
815	4
0	0
507	0
110	402
91	388
0	946
60	0
322	4301
0	4301
14	75
0	75
0	180
708	2
12	63
0	63
0	1
6	17
0	45
0	76
0	87
2	56
0	559
313	559
0	5
158	360
0	360
448	0
0	0
0	10578
1	10634
42	0
57	979
0	0
0	0
10	3850
859	3850
0	0
0	105
4	105
0	1346
0	1365
0	143
26	0
237	0
0	0
2	1
483	7
467	2012
0	599
2	703
0	531
1415	5
0	10
0	0
0	6
0	6
0	6
0	7
0	7
0	11
0	9
7399	3
0	745
0	9053
0	227
0	227
62	198
0	227
0	227
0	219
497	685
0	212
815	4
177	4
1138	0
0	1265
233	0
0	0
11	41
0	41
2	888
0	357
0	0
0	686
3	97
66	817
0	224
0	4
245	1049
0	799
50	932
134	683
10	1
0	1
0	0
0	0
0	12
470	0
0	282
2	51
15	98
0	6794
0	6640
15	156
12	23
746	3711
0	0
0	32
0	138
367	1046
0	1046
0	819
11	840
0	4246
0	17
5	0
10	33
0	0
0	132
1843	1
3	0
614	26
0	389
0	591
0	279
0	983
0	670
23	0
101	2453
236	1
0	0
0	20
1	0
875	0
0	0
5379	7
3	0
0	1270
699	0
0	337
0	0
97	599
1	240
0	200
0	9
0	9
0	9
8	1295
0	1455
0	0
101	1053
1	1210
0	103
0	1549
0	244
0	163
1	165
0	0
0	0
136	406
0	0
13679	13
0	126
0	23
0	4
19	0
0	0
0	19
0	19
0	19
0	19
4	2212
345	2212
34	24
82	225
318	0
7	164
24	122
170	9
80951	68
0	27
0	3362
52	209
0	209
0	21
0	5
0	5
0	394
0	733
17	0
10	284
28	0
2	1853
0	0
0	6
0	6
0	326
0	34
2	0
0	491
0	140
0	602
0	643
0	643
0	2961
5	463
290	0
841	0
4	15
11	99
10	99
0	2250
0	50
0	36
0	4
3244	0
0	2060
83	2060
0	0
0	73
0	9222
51	186
46	265
0	0
5	67
0	44
176	794
26	171
3	21
0	112
0	140
0	145
992	2
1	5
0	133
0	159
134	2502
0	598
0	317
0	488
10	40
2	379
0	314
0	473
0	235
0	0
63	0
0	92
13	107
33	0
0	8
0	0
0	49
8	60
25	1651
45	0
0	463
9	195
0	164
0	126
0	164
0	0
0	0
0	4
198	2
961	0
0	640
0	573
22	707
0	591
1	3173
0	1327
0	3071
0	3053
2	0
3370	913
139	3058
0	3058
137	0
111	0
94	1660
0	0
0	0
0	21
0	425
0	31
35	204
0	163
132	1
0	110
142	734
0	734
10	12
0	790
0	0
20	39
0	40
53	27
0	27
0	63
53	0
0	5
0	5
0	0
94	3945
0	3945
1046	0
0	27
461	1578
1	6587
0	1930
0	1784
573	0
391	407
0	0
82	258
9	526
99	442
102	0
0	321
0	226
0	0
13	279
0	0
0	421
2114	1
0	96
0	2430
137	2430
192	1460
0	0
0	1329
0	872
40	2
2470	3
0	1787
0	1558
0	66
0	55
1149	0
76	2
0	15
448	0
11	50
0	0
0	0
6	2296
0	2266
0	2296
0	2262
0	2259
0	26
0	6
219	0
28	0
0	473
0	0
19	226
0	18
0	18
0	0
12	26
58	26
0	974
0	947
0	447
0	1598
8	0
156	0
2118	0
0	1006
4	26
11	8
2793	0
0	199
0	0
6	158
0	1390
310	97
106	0
15	427
18	949
72	1
410	388
0	1006
0	115
0	0
0	131
0	2281
0	2240
28	355
12	364
24	365
198	0
151	0
63	0
46	0
15	0
164	1304
1365	2
6	582
9	2381
1239	1035
0	1028
3	0
0	0
0	771
0	840
0	0
3	0
0	0
0	732
0	626
0	618
11	0
85	1738
232	4
0	557
0	116
0	116
0	39
0	12
736	2
0	116
4	116
784	0
35	0
257	3708
3279	0
2	26
0	26
0	0
0	906
0	932
0	0
0	88
1	80
0	0
0	17
0	17
537	0
22	0
0	0
2	2734
2	0
65	1267
6	56
0	0
0	13
16	13
448	254
0	3473
424	303
2372	308
1112	0
4	11
2	11
0	0
0	0
0	0
0	0
95	83
87	0
7	70
3	0
0	0
11	211
0	8
0	0
58	0
0	0
0	89
0	0
0	0
0	0
0	0
2	0
0	0
27	513
27	513
0	0
0	0
471	0
0	22
0	21
0	8
2148	2
0	2156
72	0
617	1
456	1038
82	0
3	103
1383	10417
0	10417
0	180
0	1
0	1
0	1
17	23
0	15
4	8
711	62
0	75
570	0
2545	7
869	0
270	2367
0	2367
4	5
0	0
472	1938
181	1938
1098	0
0	0
135	0
32	708
0	712
0	712
64	708
0	705
33	552
20	0
1106	0
0	0
76	1535
61	1535
0	722
0	603
0	377
0	605
20	399
353	399
20	0
77	6
0	0
7	0
18	0
72	0
189	1243
0	45
1386	2201
10	2196
0	6
23	172
0	1531
0	1341
12	464
26	0
0	25
0	239
0	244
0	238
16	203
1	264
0	264
0	86
0	22
0	0
0	0
1	3891
0	3880
0	205
1353	3
0	702
26	45
602	0
0	0
661	372
74	372
8	225
0	73
0	73
0	179
32	192
0	232
13	1029
0	0
0	5
5	4
0	386
0	405
0	407
18	238
0	0
17	0
29	0
33	2085
0	6
0	0
1757	0
0	8
0	8
0	23
416	1
576	4507
38	4507
0	0
983	0
165	272
9	2853
0	2902
0	2615
0	2708
23	1903
3	0
0	0
102	1644
0	1644
2935	4166
2	103
0	3543
0	3427
166	3508
446	3421
121	3404
0	2390
25	85
235	0
2158	0
0	0
423	1222
0	0
0	4
0	0
1	2
981	1
0	999
0	2
0	2
62	204
0	0
468	122
0	14
0	14
0	21
0	0
919	0
0	197
0	772
0	769
26	34
0	0
0	508
0	0
290	1969
1474	4
0	157
0	245
1	25
0	825
719	0
31	27
60	803
0	0
208	1278
0	76
745	0
117	6542
0	84
0	72
0	0
0	0
0	0
0	0
0	0
7	25
0	5
0	5
5	424
22	0
0	17
0	1723
5	1965
10	1983
1552	483
0	6
0	1942
0	1942
1475	1
786	516
0	1162
0	1112
136	202
41	0
13	1
0	217
0	0
0	0
0	17
3	526
0	92
612	0
17	0
56	174
0	602
6882	6
57	30
283	0
15	0
0	32
0	13
0	13
0	560
0	16
67	0
43	152
0	84
34	46
403	0
0	0
141	599
124	0
0	0
0	494
29	0
0	0
0	204
0	2412
47	82
0	0
91	567
0	0
0	30
0	3
0	24
0	34
0	17
17	24
12	180
24	179
80	119
8	119
0	0
0	0
63	0
426	1506
0	658
0	23820
183	0
4825	7
0	431
0	70
0	38
30	0
0	176
0	2410
0	0
212	0
1	64
0	851
21197	20
0	0
3	1641
350	1641
0	994
0	1299
1165	1299
0	3
0	3
194	102
439	5661
38	5661
0	67
0	52
22	55
2	0
216	0
1458	4
0	1205
0	8
0	185
0	4
49	2
553	0
1296	0
1193	1
103	535
0	9
0	2
0	7
0	1
0	183
0	149
168	0
9	24
0	364
0	390
10	390
0	572
51	572
0	5
0	25
0	0
0	4
0	21
86	410
197	0
307	0
0	1081
0	933
0	1202
2947	3
6	9125
1181	9129
0	269
0	543
0	548
0	411
0	411
164	0
6	0
0	2719
0	395
1295	0
2	15
8	0
0	45
0	0
187	0
1600	4
4478	1
0	0
0	0
0	2
25	0
0	34
691	0
450	1388
0	0
0	0
5	609
0	0
170	0
0	59
0	303
0	297
0	296
0	302
0	7
3	138
71	138
208	0
0	0
16	616
0	631
0	595
0	540
0	2622
0	2644
0	2257
0	0
0	0
0	27
0	237
11	628
0	6
0	0
31	3
0	0
7	502
14	490
1	382
27	132
0	1109
246	0
0	1618
2	1519
0	0
0	17
0	17
0	1348
0	741
0	13704
0	13704
0	13704
0	0
2	476
33	505
0	12
0	370
80	370
0	0
0	4
0	4
25	350
13	1326
10	323
2142	5
926	1
36	86
0	282
297	0
2340	6532
152	47
130	0
0	1936
0	1942
72	148
0	0
0	2260
0	1956
0	0
0	134
0	707
28	667
0	0
0	1881
0	20
0	183
703	3
463	0
5203	23448
0	0
79	481
0	477
0	9
0	1
1422	1
0	0
0	0
0	602
1573	497
0	1918
0	0
28	0
350	1093
7	1093
0	1347
0	287
0	13
11	150
529	0
0	0
8516	10
1216	0
211	1050
7	1417
2	1402
0	6
0	0
5	15
72	1257
1932	4
0	25
0	61
0	13
0	0
90	0
574	3581
0	0
452	0
93	430
856	0
0	60
224	558
18	4
61	639
0	13
0	57
0	22
0	63
0	16
0	68
0	0
0	1170
31	1159
0	1157
1	62
0	63
347	0
13	90
0	243
15560	40
1	0
171	0
402	0
24	62
4	1
0	0
0	0
0	0
37	58
0	58
1313	4655
8	198
0	3
1673	0
0	3873
0	969
0	120
531	0
0	373
6	944
0	944
0	511
211	3
0	10
0	889
0	889
49	286
4240	2
37	8
0	29
10	280
0	51
40	5304
0	5304
217	2107
35	0
0	199
1163	391
343	832
24	832
37	4515
12	38
591	0
0	1835
0	1804
0	1733
0	1764
0	1804
8	0
0	0
0	641
0	293
11	59
0	163
25	163
27	59
167	0
0	29
0	29
0	0
2225	1
0	39
0	0
0	0
391	0
0	0
0	0
0	0
0	16757
0	16666
9850	0
61	48
0	1045
0	0
0	0
0	0
396	0
317	1868
18	0
3829	1461
274	0
160	207
0	0
0	0
46	16
18	16
4	8
431	344
8	344
0	93
4183	5
0	0
306	0
0	0
53	194
56	0
42	9
89	0
0	1730
81	0
0	0
0	0
0	528
105	256
2	28
3607	1
0	0
0	0
0	794
0	1424
0	0
0	0
243	605
0	0
0	1
0	0
0	0
0	7
0	7
0	0
0	0
3457	1
41	0
0	1391
0	190
0	196
7	197
0	0
0	0
0	154
8	154
2145	3
1	2
84	333
0	1
1163	0
0	0
0	0
33	0
1	129
213	5
132	0
101	915
12	915
0	9
0	0
17	23
10	23
0	847
0	894
80	894
1305	0
1399	0
1882	2
77	605
25	605
0	13
0	13
0	13
0	13
0	320
0	0
0	0
1649	1
29	381
0	0
0	0
201	0
60	336
0	336
0	396
24	2417
151	2472
5	953
0	2661
0	945
0	18
0	128
29	8
1163	3
0	0
0	0
15	36
1	0
353	2502
234	1738
0	0
0	4
0	0
0	0
59	5173
0	5231
0	5152
202	1020
0	4271
0	1139
0	1109
119	636
0	570
0	12
0	78
16	78
11	136
337	137
0	0
0	5
0	19
0	1056
3	0
9	210
0	65
0	47
15	47
0	23
6	23
0	23
0	0
0	0
0	520
0	210
0	218
0	210
0	0
59	0
68	1001
60	991
0	830
1	798
0	531
18	513
0	493
0	25
0	3911
8	3889
70	3893
0	4021
4	3855
2	3997
11	1714
2	1692
1	265
9	0
0	173
0	36
0	36
0	0
0	1585
0	1250
0	818
0	7
0	12
303	0
460	17832
54	17832
312	0
355	8946
4454	10
80	0
0	18
0	37
2176	0
37	0
0	433
1	0
3711	6
51	0
12	406
2	1368
0	1286
0	2
0	2
0	2
0	7
0	7
175	0
0	0
0	0
0	0
0	0
0	0
209	0
67	2211
0	2473
0	1845
0	1038
0	1636
0	1636
40	1636
0	403
0	363
10	479
19	478
37	3
0	99
49	116
31	333
0	333
71	55
0	32
0	32
24	0
0	898
5	16
124	0
482	186
808	4
368	0
8	35
593	560
0	558
0	161
55	0
40	0
61	303
12	140
0	84
0	0
1772	0
0	0
36	0
1113	0
537	684
0	230
0	0
0	3006
0	3006
368	3006
193	0
375	8
176	0
0	0
53	3
0	248
1	0
26	42
0	2366
79	12
1492	0
51	217
389	0
0	2022
33	1835
0	2022
247	0
3364	3
141	373
224	451
211	2484
0	284
261	425
3232	0
439	0
0	516
5	492
42	451
4	0
0	0
13852	11
0	385
0	362
510	0
27	0
0	95
0	87
0	71
8	0
0	37
0	304
0	304
0	304
0	0
0	0
0	0
1773	0
239	0
39	213
597	1
0	2
0	0
790	1
0	44
12	13
11	14
0	0
296	1210
6293	20
13966	9
42	59
49	143
0	143
125	0
0	12
8	0
0	0
2389	0
0	14
0	2
72	0
2	0
30	870
1	0
0	240
14	198
0	231
0	0
0	0
1	1454
0	1431
4	40
0	67
0	254
0	105
0	128
0	1993
163	2143
0	1884
0	500
96	895
61	556
0	140
3296	10
0	30
134	3521
10	13
276	0
34	0
14	55
0	280
0	212
131	1483
4	3
0	624
0	145
0	0
1	1262
0	1291
97	1231
0	29
0	6953
1235	0
24	44
0	1069
2	36
0	0
0	634
69	528
0	0
0	0
63	707
150	235
613	0
92	0
0	3744
0	3468
0	3294
0	491
89	45
0	30
0	30
0	0
0	219
0	0
137	19
0	0
0	355
15	0
0	65
3	65
0	198
243	1
0	1
19	178
3175	0
61	117
35	0
11	0
9	2
56	0
215	642
1704	3
0	45
0	59
0	56
12	718
55	696
0	698
0	808
14	0
0	568
55	0
143	373
0	373
0	0
69	137
0	1174
0	1084
16	1165
0	624
0	505
1380	0
0	808
0	781
6	11956
953	0
26	1
0	4826
0	0
0	270
223	0
0	30
2	0
0	0
0	102
50	76
0	0
29	359
39	1
17	57
21	168
451	1753
645	1753
0	0
245	1210
0	0
4	0
170	304
0	11
1363	0
10	0
0	2585
0	0
142	0
2	138
0	30
4	0
0	36
0	55
0	0
0	0
1316	0
0	0
0	0
30	0
0	0
0	0
0	0
2	73
0	0
105	0
1	7
781	0
0	8
8246	10
0	0
0	0
4	0
0	36
185	592
56	970
0	4
0	3089
120	198
104	339
0	159
0	0
0	37
71	0
47	159
0	159
0	0
0	4
0	4
72	0
13	69
0	734
0	5
3	166
98	544
29	0
0	0
0	209
135	0
972	0
274	0
828	0
7	73
482	212
0	0
356	0
264	228
0	228
0	0
0	17
23	0
411	957
632	0
0	0
0	0
0	0
195	0
2992	3
0	0
0	0
42	461
0	419
0	879
0	876
0	739
57	1019
0	862
0	0
147	0
2237	1150
35	1081
0	1010
0	0
1205	0
1	254
0	0
0	1512
84	787
190	791
10	1792
0	1792
0	1731
34	98
0	98
0	456
0	325
41	449
1	449
0	0
0	0
1	1
738	0
13	133
148	0
0	0
376	0
1714	514
0	514
50	1392
0	0
10	79
0	0
449	10103
26	48
189	0
640	1
0	525
0	288
0	0
220	2
0	196
628	9
106	1333
0	392
6	229
2	52
1060	1
209	2649
1	0
0	0
251	0
193	0
0	0
0	573
0	526
15	563
1	1
11	33
0	127
0	133
1	75
514	3
28	91
405	2187
0	5
0	0
5	0
1785	2514
403	3041
3772	0
0	0
0	0
424	4
0	93
0	83
0	20
0	49
6	163
0	83
0	0
1035	0
612	152
2455	1
0	0
55	4657
0	4657
0	0
42	7537
0	8222
0	4371
170	2
17	2348
1	0
773	0
0	574
0	574
0	492
0	0
3	8209
28	0
109	3643
0	3643
278215	267
274821	258
2571477	2647
858860	977
17772	64
487742	480
1088422	965
49859	15
47517	82
413661	468
289907	280
10874	29
630601	798
172	0
0	0
0	0
0	0
0	0
0	0
0	0
0	0
0	0
0	0
0	0
0	0
0	0
0	0
0	0
0	0
0	0
0	0
0	0
0	0
0	0
0	0
24	0
47	0
0	0
5904	3533
47	0
4	3455
0	0
0	33
926	0
0	0
0	0
1	0
0	0
0	0
0	0
0	73
2	73
0	97
12	130
7	0
0	0
186	20
0	0
0	0
0	17
0	53
0	0
0	0
0	0
0	0
0	64
5	72
0	0
0	0
42	23
0	23
0	0
0	508
1	0
0	0
0	6
0	2
0	4
0	0
0	0
0	0
0	0
2034	1483
0	1483
0	0
2	6
0	0
9	173
73	1
0	1
78	0
0	0
0	0
0	0
0	0
0	0
0	0
0	12
0	12
0	0
0	0
0	0
1	0
2	1
0	0
0	0
166	0
0	0
0	0
5	0
0	0
0	5
0	0
0	0
0	0
10	22
0	0
0	0
9	115
7	0
243	415
0	0
0	0
14	0
0	0
183	18
26	0
1	0
0	1
0	0
0	0
21	0
152	1
11	0
5	0
0	0
0	0
0	0
1	0
0	1
0	0
0	0
1	252
0	132
4	5
0	0
0	0
3	659
8	6
8	0
12	1
1	758
4	0
0	0
9	0
6	0
14	0
0	38
0	0
0	0
6	26
9	0
0	0
0	0
0	0
0	0
0	0
0	0
0	0
2	0
0	2
0	0
7	8
0	0
0	0
9	3
0	0
0	0
0	0
118159	72
19	1063
0	0
0	0
0	0
2	0
0	0
0	1
0	0
0	4
85	72
33	813
0	0
0	0
0	4
0	0
0	0
0	0
0	15
0	0
0	0
14	1646
0	15
0	2
0	0
1	19
0	16
0	0
0	54
0	0
0	0
3	6
503	1
1	200
0	0
55	0
0	0
78	371
0	0
12	0
0	1
0	0
0	0
0	0
60	1316
0	0
0	0
0	0
0	0
0	0
4	400
0	4
38	567
7	424
7	0
662	0
0	0
0	0
14	39
0	0
3	38
0	0
0	0
0	23
0	0
10	35
0	0
0	20
0	0
0	0
0	0
0	0
11	162
0	198
1	5
0	0
10	386
5	127
0	118
7	94
0	96
0	0
0	2
0	0
0	6
0	0
7	11
0	5
0	0
0	0
0	105
0	0
0	0
20	0
1	99
110	779
0	0
59	961
63	0
300	397
5	471
0	0
0	0
23	562
0	433
38	1187
0	0
0	185
0	0
0	0
0	0
0	6
0	0
0	0
0	0
0	0
1	131
11	343
13	74
1	25
27	1
0	31
4	101
0	4
0	0
21	76
0	0
0	81
0	0
6	0
0	0
143	0
12	1368
7	650
1	1612
0	0
0	0
0	2
0	0
2	4
0	0
0	0
0	0
43	86
113	0
12	24
0	0
0	6
54	0
0	0
0	0
0	0
0	0
0	0
0	0
0	0
0	0
0	0
0	1
0	109
0	0
30	1529
82	60
6	91
11	0
0	0
5	333
0	0
355	898
0	175
0	572
26	771
