UniqueCount	AmbigCount
0	0
0	0
0	0
1	0
0	0
0	0
6	0
0	0
0	0
0	0
0	0
0	0
0	0
0	0
0	0
0	0
3	0
11	0
0	0
0	0
0	0
0	0
0	0
0	0
0	0
0	0
0	0
0	0
0	0
0	0
2	0
0	0
0	0
0	0
0	0
0	0
0	0
0	0
0	0
0	0
0	0
0	0
18	0
6	0
0	0
0	0
0	0
0	0
0	0
0	0
0	0
0	0
0	0
0	0
0	0
0	0
0	0
0	0
0	0
0	0
0	0
0	0
0	0
0	0
0	0
0	0
0	0
0	0
0	0
0	0
0	0
0	0
1434	1675
0	1675
0	1663
2959	2543
0	2540
66	142
657	0
1187	3
292	284
0	37
0	7
0	272
1	0
1579	0
0	6
0	6
307	22554
102	22792
46	0
9	0
0	0
0	0
0	0
0	0
0	0
0	0
0	0
0	0
0	0
0	0
0	0
0	0
0	0
0	0
0	0
0	0
0	0
0	0
0	0
0	0
0	0
0	0
0	0
0	0
0	0
0	0
0	0
0	0
0	60
0	0
0	0
0	0
0	0
0	0
0	0
0	0
0	0
0	0
0	0
0	0
0	0
0	0
0	0
0	0
0	0
0	0
0	0
0	0
0	0
0	0
0	41
0	0
0	0
0	0
0	0
0	0
0	0
0	0
0	48
0	0
0	0
0	0
0	0
0	0
0	0
0	0
0	0
0	0
0	0
0	0
0	0
2	44
0	0
0	0
0	0
0	35
0	0
0	0
0	0
0	0
0	0
0	523
192	523
94	0
363	0
0	0
8	3
0	3
107	0
1100	0
0	17
11	17
64	29
0	29
5	450
4	1196
175	1196
455	32
0	32
9	363
199	363
5	1293
13	111
0	1278
138	7778
0	5996
82	7306
4539	1324
0	505
0	471
75	757
96	757
0	177
63	1912
34	349
0	358
4	1728
3027	0
72	0
0	0
41	0
0	988
485	988
389	0
1317	1
0	0
195	0
0	0
1234	786
96	0
0	0
182	23
0	23
72	181
0	124
0	57
1060	0
57	80
0	80
0	2
0	2
0	40
199	40
2503	1400
0	979
3	669
96	76
109	1712
0	1573
0	282
0	138
0	212
0	968
0	932
0	883
0	932
3	4
643	864
817	0
1	4124
271	5139
9	2138
631	5139
4410	1
0	0
892	140
5	559
0	101
0	487
141	1222
2	1127
38	424
341	424
72	3
318	3
1321	0
0	0
9	0
1089	19
0	19
18172	36669
0	468
0	36438
1	30394
0	36515
0	31163
6	556
1	559
22	554
0	17
0	0
0	30
0	29
0	31
0	6589
3	3072
347	7306
6	56
0	56
0	0
0	0
0	4
22	4
68	0
0	371
0	269
0	79
42	1470
6	1436
3	66
0	1469
0	998
187	998
0	6070
135	6476
0	6476
0	0
1756	1613
3	1186
2	425
95	0
404	726
0	245
0	11
0	32
0	2
0	2
96	12754
0	12754
81	172
541	172
1475	1112
0	1112
0	0
34	2974
0	47
0	2976
5	2999
0	0
0	0
1	0
50	0
11	42
0	42
14	1292
0	101
0	395
0	445
46	1242
517	5115
0	344
1170	4790
0	2486
113	0
6	981
0	718
0	1027
0	836
0	0
0	0
4	0
0	113
8	1442
0	1065
0	1463
0	27
0	0
0	34
0	567
0	288
673	2615
113	612
316	612
0	0
146	0
0	0
583	2004
0	2003
0	47
11	47
0	0
0	47
6695	2
220	0
48	595
402	595
0	9
0	9
0	9
1068	3519
144	3519
2079	424
41	288
27	710
287	0
1584	6
0	6
33	604
103	604
749	0
0	19
239	32851
3287	32851
121	247
27	744
127	529
2	63
0	19
151	65
7	4
0	4
0	0
0	0
0	97
1073	369
0	267
18	223
0	0
0	0
279	0
0	0
17	2689
0	2589
52	71
10	9
0	62
0	282
0	282
0	242
129	1434
7	18
0	1281
0	0
198	268
166	268
44	0
239	4
11	0
0	0
0	0
0	0
0	3
0	0
0	3
10	40
290	96
0	5
0	91
0	0
1192	0
711	1
284	560
0	560
122	1167
84	378
1	1167
0	1232
587	278
0	278
263	0
0	106
0	415
0	138
0	436
0	3226
3	2552
0	2290
8	2005
8	1005
976	6655
0	2087
0	6587
18	32
0	4
143	958
0	958
3	895
26	572
6	570
0	4097
159	88
0	0
0	0
948	0
528	0
2	180
1556	536
6	0
0	2030
207	2032
0	0
0	0
0	71
40	71
152	0
476	853
4	352
10	0
18	0
2	0
0	0
40	0
0	7
19	312
663	98
0	98
9052	4165
0	4163
399	764
0	55
0	116
394	344
0	314
107	168
0	168
5112	5
3	0
3	226
369	351
8744	5
0	3
129	0
0	1
0	1
0	88
15	8
0	0
31	390
12	554
15	389
0	0
1	7
0	2
0	7
0	761
1041	1103
0	1102
3176	424
7	184
448	321
116	114
0	125
0	5
0	40
0	126
0	126
0	61
0	16
14	56
12	47
0	125
24	0
71	36
0	887
0	506
0	149
11	1471
40	1396
8	1449
0	1424
0	601
0	1465
0	1427
0	41
0	8
9	2
0	3
0	5
0	41
25276	28
494	406
0	277
0	214
66	0
2278	1219
113	14
84	14
0	0
103	0
0	9530
250	7292
2156	16506
122	15781
0	2249
0	0
103	56
0	0
0	3616
0	3714
0	3622
0	0
0	0
518	570
0	570
142	0
139	169
0	110
0	75
2	2
0	2
0	0
0	0
350	178
0	91
0	160
0	0
0	0
0	0
82	5
758	137
0	0
0	0
5	113
0	16
0	113
5	673
0	607
4	2
6	2
11	37
1	198
1	734
29	177
35	18
284	3363
0	44
0	3169
22	0
7489	14
77	249
0	48
0	208
0	28
0	231
0	34
13	8
0	7
6	42
0	0
0	1
384	328
0	328
54	66
6	61
0	66
934	0
319	112
0	955
0	955
73	33
0	33
2277	0
0	486
817	486
26	0
1746	0
0	0
0	0
1307	0
0	0
0	819
619	1069
0	371
34	135
0	21
40	71
0	68
81	1354
0	1592
113	1592
568	1
0	144
77	144
0	1760
0	194
0	1760
208	1763
0	0
21	0
208	0
28	465
0	465
0	649
0	22
497	649
0	3
158	287
130	459
0	0
14051	2933
0	98
0	2816
31	22
0	22
84	0
16	107
0	12
0	0
0	0
192	202
0	0
0	0
0	0
0	0
73	0
16	621
0	621
1130	78
0	78
0	0
4007	1
7	37
755	5
194	171
1418	172
0	0
0	0
869	0
1844	27
3061	1805
0	0
0	4
0	0
0	0
1686	254
4	254
0	368
0	357
11	368
706	0
10	4
7	4
28	540
1	352
0	499
2	0
0	60
141	421
0	0
0	0
0	0
0	116
0	73
591	7289
4	7289
646	0
87	0
0	0
102	7
50	7
0	607
0	1959
0	5
630	5272
0	187
6	11
0	11
26	8
0	0
901	0
0	63
96	150
0	18
0	80
3669	1091
18	1148
1854	0
1756	0
0	0
0	0
36	0
0	1
63	2
0	1
0	2
0	1
245	338
5	301
0	137
71	240
131	238
0	70
0	62
0	161
0	173
0	0
0	0
0	43
0	184
0	163
2	184
0	5
39	267
52	267
411	0
10	0
0	0
191	0
424	54
0	54
27	0
1773	923
13	52
4	920
18	6193
10	6191
35	0
0	376
63	376
1229	0
0	219
0	208
1	44
511	540
1	465
0	425
11	217
0	0
3	122
0	44
6	236
0	39
134	206
1151	162
2	161
0	0
0	321
15	315
0	204
31	275
0	275
0	114
339	483
352	84
0	84
258	328
0	306
0	3
0	3
13	0
0	0
0	0
0	0
0	5602
1	590
4	950
77	421
0	372
0	368
79	5352
0	4336
0	127
2580	127
432	1137
1	111
21	111
0	0
0	0
5	762
7	493
0	124
0	0
0	291
1281	1114
0	1099
1077	0
1075	0
59	53
3	41
4	146
0	15
188	146
0	67
0	401
21	468
2618	2709
0	2704
0	2558
4	0
0	0
0	0
0	0
0	0
1080	93
0	79
67	14
10	0
0	0
0	0
5	0
0	267
2140	267
5	0
0	207
4	232
10	0
2775	334
0	306
0	304
0	328
11	175
0	175
1566	438
0	0
0	0
764	0
8	660
55	471
4	115
1774	680
596	0
14	204
24	451
4	186
0	91
546	619
8	0
0	0
508	79
0	79
34	0
0	1
7	1
38	9
1837	0
0	0
0	0
27	299
32	317
11	245
19	0
567	38
4	33
526	634
0	634
0	0
0	0
69	2310
0	2310
0	2315
0	2315
0	0
40	145
32	145
3654	961
23	0
4975	1
109	0
24	0
40	30
0	30
12	106
0	106
0	98
164	0
0	0
67310	22556
4	408
0	227
82	408
0	666
0	64
0	198
0	666
0	64
0	0
0	0
4	0
0	0
0	0
14	170
14	769
16	771
0	771
70	0
0	0
5	0
15	0
0	14
77	16
29	6
5	0
0	0
0	0
0	0
0	0
208	0
146	57
0	0
38	57
12	207
474	856
11	821
1409	48
0	42
0	82
0	82
6	24
0	0
0	24
0	24
981	0
572	698
0	169
0	0
0	0
321	1364
119	1366
0	0
0	0
0	0
394	164
24	857
1	269
0	268
914	1064
0	758
446	472
0	348
0	874
0	857
352	70
9	70
273	327
0	327
75	1672
8	1709
0	1617
72	889
3	889
5	0
0	0
261	467
1125	467
0	952
4	2951
0	921
3769	3906
2822	1
11	0
9761	11
1358	0
0	2
0	10
0	10
3	10
327	0
13	0
633	413
0	413
4041	679
1354	252
0	24
29	24
7	99
1	133
19	105
0	39
1029	162
0	299
2793	1395
155	1391
951	0
42	1327
19	707
0	753
230	2835
5	2512
1	2981
44	27
119	27
77	0
0	43
5	43
0	361
15	361
14	5
289	672
10	672
25	451
0	451
7	1039
172	1039
0	18
0	18
0	24
0	11
1	6
0	24
0	24
0	15
159	7
0	7
0	29
0	54
0	6
0	16
0	75
298	66
68	914
21	913
445	1540
0	36
15	1540
0	79
18	79
3	0
0	592
1499	594
20	378
0	93
0	381
0	353
0	194
1081	2
539	3315
0	280
0	23
0	9
0	14
0	0
186	219
0	219
141	125
0	124
167	0
14	9
0	2
7	75
0	48
0	46
0	73
63	32
0	10
78	283
0	283
0	0
0	0
0	21
53	21
89	329
0	6
0	56
274	59
66	363
457	0
11	389
70	516
0	0
26	420
58	530
0	522
30	0
0	0
0	490
0	1870
0	2224
29	1985
91	2017
0	2035
933	1894
0	1889
84	604
4	604
141	0
0	67
0	19
0	19
42	338
3374	3170
0	2938
30	2950
0	0
0	0
0	0
0	0
412	3309
29	3309
0	0
0	0
31	0
56	739
3	739
0	0
12	49
0	43
0	49
81	1681
5	1681
140	21
6	21
41	155
0	155
0	0
0	0
106	0
0	336
0	336
649	0
187	436
541	0
180	52
0	52
70	11
0	11
37	32
0	32
33	253
0	253
0	6
10	15
25	26
27	41
749	647
61	606
8	130
1873	136
0	6
239	220
0	0
0	120
0	137
3	245
0	38
0	159
0	79
0	68
0	84
69	392
1390	2
0	0
0	0
0	0
0	6
0	6
0	6
0	14
0	310
0	33
39	961
1	946
1347	14364
113	14363
601	170
0	13
0	170
116	324
6	324
253	18
1	18
1037	1
0	0
0	0
0	46
0	0
0	0
75	14772
0	11985
0	7416
0	13159
68	1744
0	758
30	720
0	992
580	0
0	0
1340	9488
0	7785
5	460
0	324
532	533
0	268
103	7
0	7
1311	401
0	401
110	0
8	190
187	190
53	122
0	122
0	0
0	65
6	68
338	133
2	6
9	11
0	0
0	0
0	6
6	1
0	6
0	0
74	126
4	77
0	162
313	0
0	10
5	27
0	162
13	52
0	3
0	6
2	0
0	128
8	125
0	117
0	117
0	77
0	0
0	0
4	0
0	0
165	0
5	1
1	5
0	6
2	0
1047	0
0	244
0	304
65	1130
31	1130
38	29
0	29
0	0
0	0
0	0
0	4
0	0
634	3
0	0
37	25
0	25
0	0
0	275
35	411
8	0
0	0
0	0
73	203
6	29
0	203
0	0
134	519
0	519
4	1648
0	1648
358	657
0	481
5	404
0	57
0	0
0	0
45	22
1	22
72	794
0	0
0	0
26	106
0	93
0	137
0	183
622	1517
445	583
0	48
25	582
6	47
0	45
2633	4
15	412
0	410
214	413
0	0
14	0
0	0
449	580
135	228
47	114
8	10
0	114
34	0
10	16
0	10
18	47
0	41
18	7
0	1
445	319
10	308
23	0
61	8
11	45
65	974
210	974
53	967
6	60
1091	0
12	1
0	1
2	263
0	263
4	59
30	240
1274	1546
0	5
48	5
0	100
215	100
0	20
39	0
23	20
81	660
0	170
0	133
9042	2668
1629	2668
180	0
21	20
25	0
0	0
1082	188
0	188
0	856
8311	859
292	89
0	89
0	1440
151	1440
18	1440
516	1440
144	426
0	369
1	125
3	428
5	0
760	146
0	146
0	75
13	32
26	32
3	0
69	15
95	11060
260	8815
33	11831
83	0
254	0
938	1
0	0
4	215
435	215
267	53
92	157
0	48
7	348
9	448
0	0
0	0
469	887
0	887
28	44
7	49
0	20
0	39
2406	126
2	121
20	148
3020	1491
65	67
5	129
7	156
442	189
0	62
2326	170
13	166
46	25
0	25
0	660
0	0
0	0
0	0
0	0
0	0
116	803
0	0
516	1925
0	1925
9	0
0	0
0	0
26	0
19	173
0	173
5	0
0	0
0	0
0	397
3	225
6	92
13	79
831	843
0	843
1	32
5	32
8652	1811
72	28
35	72
0	366
0	103
67	470
0	474
0	474
9	293
0	135
4785	1220
103	704
0	5
0	2
15638	3
5603	1965
4	1964
459	833
444	0
418	0
285	1806
0	1806
0	0
56	65
1977	1046
231	63
0	62
0	0
39	70
18	68
0	2892
85	8596
0	8063
0	4
7	8
0	8
0	12
2	12
0	52
0	52
0	57
0	26
0	0
0	6
0	6
0	6
0	50
0	0
8	1
223	44
3	0
0	0
65	4333
1577	17076
5	17076
721	152
0	150
44	13
175	4636
1226	4633
0	2809
0	0
127	2073
3	328
530	2271
106	944
0	644
0	944
0	0
42	659
0	3
0	92
620	652
403	172
3	620
0	810
0	2838
3	271
11296	4743
983	69
27	64
155	0
9	0
0	0
1332	288
0	15
161	1116
2	1116
0	0
0	0
0	0
0	0
0	0
0	26
0	28
75	28
0	36
165	2939
0	1933
8	2986
0	2980
0	0
5	0
0	0
3030	1
0	339
13	339
0	736
0	797
0	186
0	676
0	737
254	422
0	422
0	2767
1003	2780
0	803
160	11
0	11
0	436
0	3311
27	3939
77	3938
0	233
0	0
0	173
1298	992
0	0
70	221
0	254
1	270
54	98
57	328
0	68
13	341
0	208
13	32
0	8
0	335
0	347
1925	9533
25	9533
0	3864
0	3984
41	4049
0	3812
0	0
0	0
1841	1
787	305
0	303
44959	1623
0	1578
0	1295
0	2093
1045	2400
52	0
1367	232
0	231
24	0
173	671
258	671
1396	2
16	185
0	61
0	28
0	3
0	64
0	60
437	60
5	344
345	344
1685	1076
0	207
1	159
52	401
0	83
0	60
0	365
4	105
0	10
0	114
0	169
7	163
174	0
929	120
1	27
0	20
431	273
6	70
969	70
0	6
3	6
0	0
0	0
0	99
387	99
0	24
13	78
319	2015
42	1999
49867	22
6	6
0	6
0	0
0	0
2282	4
199	1954
0	1957
0	1477
6	1860
20	975
0	996
117	1083
0	0
0	0
0	26
0	26
0	23
0	0
485	3619
0	3299
0	3291
0	31
3	82
0	29
0	73
0	58
0	79
13593	4692
0	4681
1	96
0	45
0	214
1772	392
37	86
3	139
26	48
0	2
0	181
0	68
0	0
37	602
8	108
78	570
604	318
10	147
0	196
4699	333
50	325
7	931
0	400
0	824
161	53
10	53
6	1
0	1
2872	0
0	197
0	264
6	122
316	5706
0	590
0	978
0	406
0	5863
0	0
0	0
28	18
0	0
0	264
0	219
3	343
0	49
0	343
0	0
121	0
86	197
0	1064
1020	1064
380	0
34	0
368	655
0	327
0	655
2064	0
84	65
0	43
0	24
35	0
4	0
0	73
130	0
194	570
155	643
523	18
0	0
0	6
23	27
0	27
47	97
3089	2
2	7
0	0
2	0
0	0
711	36
0	0
15	36
932	0
0	0
0	0
0	0
37	61
475	0
0	1221
7	3415
773	3402
0	2114
48	1180
0	1431
1249	405
0	391
311	0
9	206
291	206
55	0
5	355
0	123
0	123
0	187
0	81
0	531
0	51
0	581
0	194
0	206
0	211
2035	0
0	51
0	39
2	51
797	354
0	346
0	327
898	542
105	0
586	169
0	169
130	125
0	64
23	46
1	40
0	49
0	49
0	0
631	1297
0	16
0	1
0	1
0	1
4	0
0	642
708	650
0	1061
3590	5263
46	5847
0	5846
0	5846
8	6112
0	5863
0	5854
1578	2
194	0
0	0
2	1
0	0
0	0
0	0
611	1882
1	1882
102	0
0	0
0	0
173	0
12	10
0	10
506	366
0	133
0	334
0	354
0	334
0	379
0	423
12	423
0	4
0	25
24	141
0	39
0	145
0	144
2	143
13	0
0	0
0	2
0	2
20	2
7	10
13	227
1205	228
0	222
260	605
6	583
1101	0
0	0
13	729
0	718
0	744
0	24
0	355
25	355
0	308
0	122
0	103
0	295
279	0
0	6
0	9
0	9
55	32
0	32
0	82
0	90
16	405
3	101
0	372
176	1134
0	1133
149	583
2	565
19	633
0	585
0	585
0	378
0	593
11	98
9	98
759	228
135	0
2	12
0	3
0	41
0	41
46	9
0	6
109	15
0	679
3951	679
3	0
5079	7
88	0
3	0
0	0
0	0
0	0
0	0
0	0
0	0
0	1
3141	11
0	3
0	3
89	992
0	992
0	41
27	229
0	79
0	229
2	253
0	288
0	258
0	0
165	4452
3	4452
195	3320
0	1005
0	1064
0	3002
0	48
5	138
0	3
0	3
0	3
0	5
307	2
0	41539
0	34151
21	47292
0	40756
5	11760
21210	91324
1	37849
3	54648
0	0
897	0
2001	2505
0	2501
195	127
0	127
0	0
0	284
6	251
14	585
0	60
12	619
424	2
19	197
98	248
0	58
232	402
0	0
327	0
3497	81
0	74
30	45
0	35
0	44
608	149
4306	7
140	157
19	69
52	2
0	125
420	743
24	6
51	0
186	611
2838	484
0	213
0	269
2005	4853
2	363
0	355
6	1025
0	30
0	30
0	0
1287	2
0	0
6563	1
0	0
0	0
580	16
0	16
349	186230
19339	163474
1023	166142
145	113487
9190	143026
68	115966
8040	589997
362	172726
159	193180
230	226811
68143	544135
2	5
0	0
0	0
0	0
0	0
0	0
51	2608
0	582
104	2608
8	135
1	135
960	343
0	341
0	73
597	0
2128	1
2247	4
205	272
0	143
0	132
0	1039
39	1041
0	0
0	0
9	99
0	14
0	99
0	46
151	97
0	52
3025	1
84	126
0	126
3578	0
108	1079
0	59
6	1079
0	0
0	0
477	879
21	879
9	0
488	37
1607	0
7	0
12	7
0	7
0	44
0	450
24	388
367	1799
13	1809
5	222
220	224
278	1581
0	525
0	1536
0	181
7	146
1568	1839
0	1839
0	788
2119	1
6	0
92	0
0	2679
112	3084
98	929
468	2109
0	2387
405	2387
9	150
0	88
0	142
1366	969
0	969
281	353
9	0
44	107
0	23
72	0
0	183
2	42
0	183
8	171
3	209
1	0
350	241
0	241
94	2293
73	2128
0	30
0	1313
0	1299
329	792
0	792
45	0
0	523
51	523
0	0
450	65
0	65
236	29
0	9110
69	4953
3238	24702
0	24702
273	843
0	784
13	1038
0	784
0	466
0	67
0	187
28	191
4	206
0	0
0	28
5	28
4664	5
0	0
0	422
0	422
0	24
0	24
389	24
290	0
0	19
3	34
0	34
840	955
0	157
9	901
0	89
0	131
0	120
0	0
3085	786
4	785
0	0
3459	4
0	0
0	0
0	0
0	0
213	0
0	221
235	221
817	1
0	0
0	0
2109	1277
29	1275
0	0
0	0
0	0
34	0
79	0
0	0
0	542
0	0
29	4436
4	2285
14975	4625
6554	318
44	307
192	2
2	2030
0	1268
558	1955
166	69
67	62
258	57
0	507
615	576
14	4
201	576
1301	579
68	204
0	0
2416	741
0	2495
0	2412
535	241
84	1350
1003	2357
0	2018
0	2003
0	51
265	92
256	140
39	199
0	199
0	142
0	181
2446	3
0	0
157	7
5	5
0	0
0	0
0	0
0	4
0	50
1422	50
11	43
0	5
0	43
0	0
0	0
0	0
0	0
0	58
785	58
0	0
778	1575
0	1538
686	675
839	1421
263	1421
22	32
7	26
12	26
2237	1795
0	1795
492	0
1210	1
0	0
39	0
49	0
1095	76
5	76
263	3714
0	1477
0	2242
0	300
16	990
0	1053
0	560
90	560
0	57
1	90
0	52
0	53
22	2
0	385
0	280
1176	0
14	10
0	10
1165	4
0	486
0	476
0	31
0	45
11	135
0	125
0	150
491	223
0	223
0	0
0	176
1281	176
3231	0
523	916
4	935
0	561
0	667
8386	5224
49	5214
4743	186
0	181
50	43
0	43
0	14
20	65
2	0
0	45
0	52
0	32
0	426
4	420
0	34
444	533
0	35
0	499
481	0
7695	11
1794	2078
0	193
0	2076
11	2105
0	1846
69	1800
18	290
25	22
41	0
0	4389
10	930
0	2913
37	53943
0	6356
933	55904
2820	51390
50	252
4	67
18	0
2214	0
2168	1925
6	0
0	0
68	909
4	573
1766	0
15698	13
32	78
0	29
84	78
0	287
0	0
986	1395
116	1395
148	0
228	0
18	10
0	3
0	0
0	12
0	6
0	32
0	38
0	38
23	0
56	31
59	1196
7	514
2	992
0	48
133	200
118	243
1291	1
0	106
3080	106
55	0
0	77
0	70
0	601
0	202
12	23
0	23
449	2
3	1
0	1
0	1
0	1
12	72
0	57
0	57
1104	0
63	1037
42	1037
2626	600
0	15
0	15
581	77
697	890
0	581
3	840
0	840
0	840
0	3
2187	8
35	13
0	13
91	107
446	199
0	199
31	25
0	5
0	5
209	0
30	28
2267	4
108	365
1678	365
0	0
1075	0
0	242
0	277
11	294
0	272
0	36
164	38
0	3
0	7
0	0
455	1118
0	15
0	1115
0	1108
0	1108
458	0
986	67
0	66
0	2
0	0
0	2
200	226
77	224
148	0
55	0
0	4
25	4
22	618
0	618
0	3
2	3
0	155
40	256
0	256
0	0
0	0
0	0
0	32
0	14
0	20
11	58
0	31
66	1645
6295	9862
0	0
0	0
13	26
0	11
3	16
0	1
0	0
0	0
0	0
5	0
122	549
264	550
0	0
128	350
0	0
2598	27
0	26
0	15
0	325
0	325
205	1273
0	1273
1941	2
0	39
0	35
0	21
191	93
9672	15
1060	6
0	6
7038	2708
0	2708
96	416
4	416
788	0
0	0
92	1015
0	504
0	443
0	217
0	161
0	0
0	925
4	51
62	1332
0	215
56	855
0	0
0	0
0	0
0	901
0	2236
0	2236
106	489
248	489
1	842
18	842
117	101
266	402
0	262
978	1053
0	1089
11499	6
3298	1084
5	752
2	171
42	1093
1056	0
0	3354
0	1499
287	3542
0	94
77	94
51	3
3	0
1736	2374
74	83
77	83
0	106
42	699
3695	805
0	29
0	0
0	57
0	21
0	213
0	14
0	171
0	266
0	253
0	6
24	7
303	999
25	999
188	0
0	956
72	70
194	2
0	3
0	3
0	0
24	1027
2462	2061
306	2057
13	112
10	475
76	553
5	248
1563	4393
6	4456
24	28
0	24
35	1031
2572	1031
0	0
0	0
4	0
0	0
4	0
0	0
238	399
0	399
1357	0
66	0
0	17
79	146
7	148
0	540
0	465
1	442
9	520
0	512
0	509
60	108
1009	104
3	104
61	408
8	408
0	7
0	0
0	7
0	0
0	0
0	0
0	0
1949	763
13	748
0	171
18	824
0	717
0	9
24	9
47	5
0	5
33	347
1	134
2	1854
0	1498
0	1917
1453	35
3	35
70	0
24	0
500	208
11	141
0	111
69	111
7	162
0	167
0	167
0	160
0	48
168	48
2074	3
0	0
3801	424
0	282
0	141
1942	1890
120	1888
0	8
0	7
0	7
0	8
21726	12
282	793
37	0
0	91
0	15
0	94
0	105
34	9
8	0
32	782
0	782
99	0
4	0
7529	3366
72	245
62	92
3	5
0	88
14	331
185	2420
17	2235
712	58
0	58
0	1
0	1
0	30
0	10
0	10
0	31
0	26
218	0
3	68
140	72
43	86
783	86
245	121
0	20
0	33
2	33
8	59
0	50
0	130
1	28
0	9
528	2563
46	2511
5179	2
1676	2
0	33
0	32
0	68
342	212
0	212
0	171
475	0
0	5
96	398
0	137
0	398
2	0
1915	0
0	5
0	7
0	7
129	500
116	0
366	5
0	5
0	181
157	183
112	580
0	192
11	14
59	0
78	1138
10123	23
43	580
49	27
5067	580
82	295
47	295
0	102
0	16
0	102
0	53
392	0
888	0
4	85
77	85
2228	0
48	388
393	389
117	0
0	0
101	0
8	5
0	12
2	12
168	446
0	4
0	446
0	0
554	1
114	1388
0	1388
710	315
10	315
21	212
0	81
99	226
71	42
0	21
11	171
291	305
0	88
2	26
0	9
0	287
104	1
401	0
1854	11156
7	10175
4	6179
0	713
0	308
3258	0
205	349
4	73
291	224
20	244
15	129
3	86
2	129
0	0
0	0
500	0
1264	12719
9985	12738
0	49
14813	10601
0	73
806	73
27	0
761	1
457	952
2	952
45	0
549	1465
188	1465
59	1454
0	611
36	638
0	120
30	638
5610	9
0	0
45	4
0	872
0	278
6	331
0	463
0	101
6	319
58	362
0	845
4	773
0	286
103	300
0	0
0	1
0	0
3	8
0	8
0	8
0	8
26	60
0	10
0	8
0	32
5	29
0	17
0	1
5	46
0	47
61	0
4357	7895
0	7883
207	75
0	75
0	0
0	0
0	0
8	0
3	0
1581	1
1421	0
0	0
392	0
0	232
0	232
0	235
0	216
0	66
0	66
0	66
0	66
0	66
0	67
0	675
0	675
1651	511
0	511
73	87
0	124
0	124
0	1913
0	1190
543	5920
195	5843
0	5851
827	2166
49	124
38	24
0	1592
0	654
0	1691
0	1963
176	838
0	838
308	34
0	34
276	82
0	82
89	33
248	15
0	15
7	11
0	0
0	0
0	11
0	1
3	1
0	1
0	1
2691	2162
424	2194
102	0
909	1872
9	21
6	144
0	1997
2	2019
734	0
0	1
0	15
0	0
0	15
84	0
1728	0
1696	0
3544	2068
51	111
228	31
47	14
0	0
152	430
0	430
572	2222
376	2222
0	2025
24	1255
0	2025
620	315
0	18
7	18
0	0
143	427
0	427
0	0
59	0
0	3
0	1
0	872
2	49
0	235
0	621
0	930
62	1611
12	1611
37	0
19	0
0	0
52	0
0	6
94	13
8	12
0	9
0	75
0	119
83	152
206	1
188	77
0	155
40	155
2	14
0	8
1959	0
26	54
0	46
0	54
0	46
0	0
0	17
0	10
0	7
583	1067
96	2
0	1036
0	1067
9	0
25	788
0	788
704	0
0	63
0	5
1	337
0	306
0	335
422	264
0	195
0	97
0	132
0	8
0	8
0	1
0	202
95	131
18	224
85	722
265	746
16	169
0	13
301	169
0	56
35	90
37	91
0	90
1716	0
0	9467
513	12323
0	4326
0	9467
1890	0
27	28
0	28
1018	0
5	0
0	2919
0	1193
3	1896
16451	2938
5	22
0	6
0	1
0	22
6	18
86	588
0	29
0	582
0	11
809	895
0	895
1	134
0	167
652	332
0	362
709	639
216	639
12	90
11	90
3	12
1	4
1	17
1006	2358
0	37
0	2349
0	81
0	2310
0	456
386	0
20	814
0	771
0	821
0	0
0	1
26	834
0	408
696	1242
1	2
2042	898
121	389
0	1028
18	0
1183	2
0	7
9	0
1043	4353
0	3776
0	203
0	973
0	759
0	0
0	1
0	1
4	3
217	253
44	253
146	105
3363	0
2693	1401
0	87
0	323
0	8
0	1495
0	1524
4820	5013
0	5006
0	0
0	0
0	5
0	0
0	0
12	5
0	0
246	1211
362	1211
9	1
31	273
0	293
0	239
0	259
8	289
12	91
0	32
0	28
42	0
9	12
0	112
0	86
0	0
22	1
76	3
1	146
4798	8986
0	8986
0	0
1199	5
246	136
64	136
65	152
0	152
1701	0
42	57
0	57
476	9524
0	9295
204	7247
494	1247
0	1
0	223
188	1115
0	442
0	1115
22	8
910	3157
1	3333
5	3077
0	3333
0	3142
9	225
0	225
0	389
740	879
0	519
0	0
0	5
0	5
0	124
0	156
0	156
0	104
827	588
66	384
0	0
0	0
109	131
43	131
76	0
0	148
0	350
148	1790
0	1790
14	149
89908	84
0	0
11980	8
7	215
3	48
198	48
0	0
0	0
0	328
1528	327
127	106
0	14
602	254
0	145
6	89
2	89
234	0
3	73
0	140
0	138
0	65
0	65
670	1109
24	522
113	479
0	770
0	729
255	3026
71	2576
80	449
102	2947
0	33
3	135
9	2947
0	0
217	27
0	27
907	0
8	186
0	60
656	1362
0	1362
1631	3
0	4
0	1
0	21
0	4
40	475
0	300
0	305
0	307
0	300
32	156
2268	1
8	89
35	23
0	152
0	126
97	0
0	354
164	354
0	6450
2569	6452
0	0
0	0
595	0
14205	5216
7	491
30	3784
0	928
0	0
2131	6
43	4
78	0
1315	1
0	145
0	142
4	152
0	0
8	7
0	0
0	0
0	1
89	1
2	1256
156	1746
1385	1435
0	4
15	62
184	62
31	44
0	44
941	64
0	64
0	0
0	0
0	94
9	27
25	518
0	18
0	515
0	38
99	0
129	209
21	209
0	0
0	0
2191	0
0	141
0	654
591	2157
4156	4472
0	4580
0	4761
0	0
400	0
124	671
0	1
0	1
0	363
517	363
58	0
0	21
0	21
1032	344
0	344
2	224
0	0
1682	1466
1	1466
26	0
494	318
0	247
0	316
0	0
0	0
0	20
0	20
0	0
141	30
0	30
0	3
0	3
0	0
0	3
4	15
0	208
0	7
3	29
0	1
0	78
0	121
5	287
1063	1625
0	1232
0	21
9	192
3	34
5	54
0	28
32	550
53	530
10	10
3	10
0	169
12	169
439	1036
0	1036
1	5
0	75
5	31
0	0
3	5
0	70
1865	1
0	110
0	256
0	96
0	20
6	123
354	66
0	0
4	135
1047	139
0	0
0	3
0	2
104	638
0	715
0	709
1201	5
25	160
94	0
1470	0
0	14
2222	1061
0	77
0	128
8	101
0	120
0	122
2117	2
530	1
14	5
0	5
0	0
0	0
1275	125
173	91
0	37
8	265
0	161
0	230
126	151
306	401
0	401
0	0
0	622
0	622
1170	0
0	201
784	201
2306	287
6	285
2223	5
164	0
0	0
0	1072
0	2
255	1776
0	1776
0	2
0	2
320	975
3	87
26	286
0	614
0	6
0	6
0	4
97	3307
0	402
0	3307
0	2
145	1048
0	1048
0	0
0	36
0	31
0	38
6	87
0	87
36	82
33	0
359	0
6354	6
7	0
27	0
193	0
11	154
818	156
2196	3
0	144
68	422
31	446
0	30644
262	2906
374	31528
74	32975
118	30470
0	172
0	65
0	161
0	157
0	221
0	44
157	44
0	0
0	0
8929	8212
0	8216
0	1066
0	0
0	6
0	6
0	0
0	0
502	2236
0	244
0	25
27	1242
0	2236
1681	1566
0	338
5	154
0	362
0	367
571	0
292	0
8	0
231	751
226	301
1	39
0	262
22	0
1	30
1422	30
41	0
3943	3
1035	730
0	729
332	0
0	18
0	9
0	18
1622	10
0	14
0	0
128	207
50	470
0	423
1517	893
9	3159
834	3159
8	68
0	4
0	57
0	3
0	10
0	71
0	57
0	43
0	14
0	3
0	0
282	714
0	714
1117	3
167	0
5	471
52	688
0	473
1	103
6	713
110	18336
4348	21253
217	22007
0	16434
321	0
0	30
3	69
151	150
30	29
105	15
0	15
16	1
373	0
2234	296
49	293
18	0
0	3
0	3
0	72
0	72
0	298
2	298
1256	2059
0	563
0	341
0	2059
25	0
10	198
0	9
18	198
2314	1678
0	1320
0	587
0	266
0	1
0	1
8	2731
0	727
0	1286
0	2543
37	539
0	202
0	494
5	3
43	0
0	60
186	5
0	535
0	592
61	596
0	496
6	182
604	182
1420	2052
0	2052
34	0
1	25
0	25
392	2914
0	52
0	2914
118	0
1072	997
22	258
47	0
80	1593
44	341
7	1593
0	0
0	0
0	0
0	0
26	11
24	136
868	107
4033	366
0	365
0	209
0	94
0	116
2	17
55	35
12	0
66	2321
14	2320
71	22
0	0
0	0
423	1582
1390	1582
757	0
0	0
877	1138
3	1136
0	0
1974	0
9242	2307
0	48
0	2278
48	2242
36	0
3	9
36	1330
1	116
350	5088
0	0
0	1349
90	648
0	548
8	229
0	179
18	167
0	3894
1049	687
36	233
262	240
2	238
866	674
0	113
0	674
0	0
56	0
286	0
9456	29
74	785
29	785
0	7
0	0
0	62
0	41
2	104
0	84
37	24
525	0
0	0
0	0
0	0
354	158
0	121
0	144
0	80
1908	19733
45	2201
0	9008
0	6984
3425	13022
52	7
0	719
0	966
39	361
183	443
0	454
125	5881
149	232
194	5827
19	49
0	9
0	9
0	99
0	80
1083	0
0	0
196	20
0	20
35	16
894	2146
0	0
0	102
267	104
0	2
0	0
0	0
0	0
245	1453
0	1568
0	1601
0	951
3	24
0	0
0	24
0	5912
22	7366
34	7344
0	7344
0	0
0	0
0	245
260	1222
0	344
0	900
0	36
0	45
0	57
0	28
0	39
0	103
0	120
0	104
0	104
310	0
4	0
0	0
0	0
9	709
0	704
0	813
0	66
0	861
5	22
0	4250
0	1063
0	526
0	1
0	5350
0	5331
1	5287
0	5512
0	4947
0	0
0	0
0	0
0	170
0	278
0	303
1	3
0	3
132	1627
2247	5
54	656
0	446
0	173
88	638
0	0
0	1
0	1
0	3
3	3
0	0
0	0
6	1669
41	0
873	2841
0	1727
0	320
753	1202
0	0
278	4
37	0
242	336
0	336
10	0
19	844
19	844
0	838
0	1490
31	1617
0	9
0	1022
0	131
24	5984
344	5984
404	0
115	31
0	175
9	1085
0	265
0	663
94	951
0	5839
0	2965
0	6650
7	6381
0	2574
0	7106
0	0
0	1
0	1
3	0
54	3576
23	3589
0	3589
0	3582
1292	1
0	36
490	36
149	420
0	407
0	0
48070	58
0	20
24	54
0	54
28	0
0	0
0	0
4	0
0	191
5933	381
0	373
1032	7
0	495
0	447
0	310
0	140
268	598
0	225
0	0
51	218
1006	507
25	404
52	159
953	3149
37	3394
0	3397
2	0
57	582
2	582
0	116
3	116
38	111
41	0
46	111
69	50
1	0
0	36
0	36
0	0
0	25
1879	0
0	0
4	0
0	0
0	1430
3	1287
0	325
0	1197
0	1370
0	1245
45	1265
36	1265
2932	264
1	264
947	0
0	0
0	0
0	75
0	41
0	148
4	116
4	148
1311	1133
0	1131
0	13
0	10
0	354
32	69
2356	2101
106	2196
5678	6404
43	6402
0	0
0	0
10	203
7	412
0	18
0	3
0	5
8	27
154	53
0	45
18	1692
151	1813
761	0
0	1
0	1
15	0
0	358
0	403
0	0
0	0
20	0
195	0
0	3056
299	3056
6	55
52	55
465	1
200	270
100	270
660	0
325	3564
4	3564
0	1
0	0
182	1
0	96
3	96
0	0
15	0
6	0
0	0
0	0
0	0
4	0
0	830
4978	1770
0	955
7	161
29	161
110	552
210	552
0	0
0	0
0	0
0	0
0	0
21	0
6	9
1995	1
6	57
41	57
65	1579
0	448
8	1579
7	79
0	0
0	0
0	0
48	545
6	545
572	0
0	38
18	72
0	72
0	72
0	54
116	0
0	8
0	0
0	0
0	0
2	245
0	318
0	329
0	75
0	616
0	891
226	891
339	1372
0	1372
19	0
9	0
0	61
16	61
0	5
0	5
46	0
86	485
0	54
2	485
20	0
0	0
0	2
34	104
527	4962
59	4962
0	1
0	3978
44	3978
5	0
890	0
6	149
0	34
0	5
0	34
119	920
176	915
159	498
0	498
0	1
4	0
0	0
0	0
0	0
27852	14
30816	214
2	178
241	48
0	53
3	53
3	40
2733	48
0	0
0	0
0	0
1760	1
1241	3061
0	1876
392	3497
1097	0
52	0
7	211
64	0
225	2117
0	477
752	477
20	0
6	0
460	983
44	29
4	29
3	29
0	0
0	10
413	1184
1255	628
4	556
845	1081
0	1081
0	6
0	8
1	2
2450	1
1617	25
421	0
23	860
245	2253
20	2088
0	1743
0	0
4	19433
1890	19433
6186	10141
0	574
0	184
13	9961
748	7554
984	7633
0	153
5440	8167
1950	2114
0	8165
2042	762
1	347
0	411
191	4201
6741	5085
0	5076
1278	4813
0	0
1	0
0	0
0	0
0	0
85	1164
0	456
841	1064
0	236
82	961
88	1702
4447	2247
0	0
0	293
160	4071
0	4064
0	9
0	4
13	9
12693	4
0	0
0	0
0	0
0	0
0	103
1165	103
324	0
0	0
0	0
0	0
0	308
135	308
3	0
0	338
9	15
0	15
3	15
738	338
0	26
61	26
0	0
101	2
9652	224
0	212
0	435
3132	439
2	4
286	0
118	54
0	33
0	0
26	0
8	0
917	7789
0	7787
19	97
543	2009
0	2009
132	45
0	45
0	0
0	3
0	109
0	3
0	109
22	0
0	77
5	112
0	75
0	75
0	6
0	37
0	0
2	19
0	19
9	1
0	3
0	3
0	0
1	694
0	2451
72	503
279	8309
73	7748
0	2699
0	498
232	498
8	0
0	0
3	261
0	371
6	237
0	2
0	0
0	0
563	1231
0	1231
62	733
0	787
52	784
1494	6
2646	2
0	1291
0	301
0	986
0	1599
5912	3206
11	0
907	292
0	292
0	0
0	5
0	5
0	369
7	771
0	306
0	369
78	777
0	0
0	4
0	2
0	23
0	13
0	27
0	27
112	151
0	88
1625	192
0	191
0	0
0	0
0	0
108	46
23	0
5313	8474
218	405
24	7
0	625
0	754
54	33
0	7425
0	7342
188	50
0	50
3	0
5	10
0	9
0	1
75	159
0	2
819	0
8	47
253	0
1916	1
158	65
0	65
0	0
265	22
132	657
14	796
0	475
29	748
0	780
1	1130
620	1478
0	348
6038	6
0	0
10	5
0	0
0	0
0	0
0	0
0	0
347	0
1368	794
2	794
0	3
0	3
1429	1
310	0
0	0
22	32
32	32
7	0
3	66
28	171
0	40
0	163
0	156
4	0
0	0
176	861
4237	862
0	0
0	0
193	189
3	189
673	143
0	143
138	182
0	136
242	0
4180	2
139	0
75	12
100	6926
2941	3319
236	1180
34	1
1318	4498
11	0
213	0
0	127
91	393
6	402
0	66
0	24
0	214
3044	96
110	273
0	13
1829	259
0	14
15	245
11	0
4	40
874	249
0	12
0	9
0	12
0	2161
0	6914
0	2352
0	1518
419	548
0	548
1338	1108
4	301
0	126
0	489
31	554
0	9
3	0
4	9
0	725
630	726
0	145
160	1843
0	1815
949	3048
2	660
0	716
0	1398
0	0
269	4409
2	455
107	4399
1223	4420
0	15
0	4420
180	10
0	144
5810	4212
4	4126
0	4
18	19
19	1478
0	1478
94	0
0	647
0	295
0	180
1	681
0	7
0	7
0	0
572	4
43	0
3	3
2	3
2352	3
2	0
0	0
54	157
1	175
0	235
0	179
498	194
0	0
0	0
41	343
1786	611
18	609
0	0
0	0
2757	0
18	0
3	12
0	12
0	10
19	138
27	24
0	131
0	137
36	0
0	0
0	0
813	0
1408	6
0	0
0	2
0	0
0	0
136	381
14	0
0	0
166	743
0	553
0	294
0	522
0	712
71	111
0	111
0	12
0	39
0	39
0	0
510	691
0	691
0	6
596	369
0	7
17	375
0	0
0	0
1153	0
1	451
0	505
0	0
0	170
232	470
0	470
0	8
442	0
0	0
42	260
0	33
0	114
1	0
0	22
0	738
0	122
0	29
12	738
67	15
0	9
0	6
0	5
1724	888
11	883
5	13
2075	2
12	0
0	2
232	1
27	1
1107	915
0	915
199	591
0	40
0	58
0	60
0	66
0	63
3598	182
20	179
331	118
8	118
54	115
236	115
0	0
546	104
0	23
0	0
12	510
0	140
0	136
3	11
0	136
0	0
0	0
0	0
393	723
3577	2
214	4944
420	4944
0	0
189	1485
0	681
44	1191
4210	5
0	0
17	260
0	35
0	266
14	778
8	752
5767	137
136	135
0	0
22	256
0	256
19691	16
0	0
0	980
714	980
0	618
3	511
43	133
0	16
166	32
0	32
0	0
0	0
3	0
0	0
19	18
0	0
5	402
0	12
0	402
0	0
236	0
113	0
6	0
0	246
134	554
708	788
0	331
0	0
0	0
0	0
0	0
0	0
0	89
0	92
1132	884
0	40
0	38
14	239
0	227
470	0
5	0
0	0
0	39
0	893
0	817
4967	2680
358	2583
9	0
0	67
0	67
0	0
0	0
0	0
0	0
0	0
0	0
5000	14512
0	14503
11	916
11	34
3	899
1	0
0	6
0	6
0	6
0	24
0	17
0	26
0	0
0	34
0	27
0	2
0	10
43	10
0	0
0	0
0	85
211	143
0	95
0	66
0	22
9382	12684
0	453
333	12648
0	101
0	86
3	185
68	165
0	115
133	7659
0	7659
0	591
0	40
0	48
0	57
0	153
0	527
10	588
0	1087
637	1404
0	7
0	7
0	0
0	0
221	808
2699	14814
0	14813
0	0
0	0
374	206
0	206
6	486
0	129
0	129
0	129
1	129
0	129
0	129
0	131
0	139
1620	2252
59	3033
0	2972
371	0
148	699
429	7214
0	2458
0	6293
0	0
0	48
7	21
0	96
4	82
10	23
0	23
0	0
25	0
24	0
0	0
1055	2
0	319
9	233
0	19
0	1547
4	1399
1796	1485
406	885
0	28
0	105
11	884
2241	677
0	239
0	674
6	8
7	8
3	0
618	570
104	0
2571	4443
0	4442
8	52
290	209
0	188
82	67
6	67
232	0
0	0
2	0
0	0
0	20
4	63
376	3141
12	3138
1022	0
2	156
1668	258
2	248
66	177
34	177
1	50
4545	1
7	3
548	761
19	761
462	132
0	107
0	118
0	337
0	337
0	330
864	1
26	60
0	64
0	175
0	762
31	646
57	648
3	348
14	1660
10	549
0	1491
1	0
3541	1189
61	1186
3	0
0	0
1609	4
82	0
0	0
105	7
0	7
35	29
0	13
0	7
51	7
0	0
157	1089
0	1089
0	0
0	1
0	4
611	5
51	1200
0	1200
0	59
38	95
0	0
1456	0
998	375
0	166
477	6203
383	4589
0	261
0	5579
0	0
2	3200
0	1213
0	1219
11	3205
29	0
87	171
0	171
755	452
0	394
0	8336
0	4156
0	4197
16152	16682
85	3383
0	3383
0	0
2	0
121	252
48	252
287	207
428	292
3317	293
54	83
13	15
1	15
0	0
0	388
0	513
0	459
9	148
8	882
0	532
0	654
0	642
0	561
444	3
247	17907
254	0
9	403
0	26
3258	2891
553	2867
550	86
8	0
38617	37
0	60
0	60
3	151
0	173
0	173
778	0
1432	0
17166	26
68	269
8	269
0	6
0	6
0	6
0	67
101	67
9	16552
0	14847
324	30351
2	20693
0	26030
20	92
0	45
0	47
0	44
0	35
0	72
1	107
0	0
3485	17908
7956	6
919	3
3	9
0	72
0	0
0	0
0	58
2	58
0	7
543	4306
0	80
0	35
0	668
0	4285
0	4235
0	11
0	0
0	0
92	368
383	368
713	0
13	886
0	819
87	106
0	106
58	0
0	316
72	335
107	435
367	356
0	242
0	232
1496	793
50	1015
0	969
822	0
6	95
26	90
0	95
244	992
4	575
149	417
18	0
12	0
1	0
0	0
0	0
0	0
0	0
0	0
228	0
573	1375
0	988
57	1799
0	1736
1460	45
2751	0
2	0
4	35
0	12
0	221
528	363
0	142
16	0
4387	7171
47	50
0	0
0	50
715	0
0	0
0	0
0	0
0	0
15	141
0	141
348	0
3	0
74	0
420	120
29	430
44	550
0	8
43	8
111	67
5	67
1344	3
794	429
0	428
6645	517
0	136
0	137
0	64
0	555
75	618
42	618
0	797
0	549
0	1203
157	1449
258	0
0	20
133	1082
0	1082
0	0
386	0
0	62
101	62
0	94
59	139
0	0
0	844
46	927
1	104
0	105
0	288
0	227
34	0
1614	0
3178	3052
1	2248
0	3049
0	2393
0	3049
1	558
0	558
0	2
0	0
0	2
14	9
0	3
0	71
297	71
0	0
123	19
1	19
0	16
0	401
20	401
0	1
0	1
13	1
952	236
0	236
369	5809
0	5809
13	79
4	12
0	193
1175	2519
38	157
81	2501
34	151
0	151
17	161
0	139
9	216
844	24
0	24
1	3
0	3
0	0
0	0
0	15
17	15
45	0
0	0
0	0
490	0
2	28
0	28
27	3
0	42
0	42
4	0
1610	0
4920	1001
2421	2643
2362	0
0	0
233	367
0	367
1379	103
0	24
0	156
1263	278
0	130
405	0
71	0
83	0
8	13
0	0
3	973
1	111
6300	1234
90	0
0	200
5	195
2	200
0	51
98	51
795	0
74	60
0	60
0	185
0	135
372	1276
0	130
0	1276
76	0
0	52
50	244
0	78
0	64
0	166
386	4
408	0
1858	3338
223	3338
9290	8976
0	8969
681	2
85	370
36	370
576	693
0	174
132	693
88	1
0	1
0	22
212	50
2	54
452	857
8	36
0	844
0	0
0	0
0	0
0	19
0	19
0	19
0	0
103	409
0	409
818	2
115	1262
225	1262
0	662
16	662
954	0
6	78
0	78
196	0
0	0
0	0
0	14
3	44
0	58
0	170
0	27
0	17
6	169
0	177
80	0
0	102
421	550
0	416
2	0
266	0
2755	1
68	597
16	1431
7	455
15	305
0	367
0	149
0	916
31	380
557	2147
9	1130
0	1144
0	0
0	0
2	0
0	22
9	22
138	0
53	97
0	97
675	1879
0	24
0	15
0	106
50	1871
2	0
0	0
0	115
298	88
0	735
0	2906
94	2938
0	2938
0	44
798	49
0	0
0	0
2	8
0	4
184	134
0	64
8	142
0	134
654	173
0	173
0	27
0	20
0	7
0	30
242	0
4518	0
249	240
3211	2
478	0
53	1787
72	1787
0	0
0	0
0	1157
144	1157
3027	1
78	61
369	450
90	46
2502	741
30	0
0	739
0	0
146	652
0	27
0	649
73	0
5252	0
2745	2748
0	1242
0	0
0	0
0	0
207	0
186	0
0	0
0	0
0	98
1325	594
0	4
0	75
0	54
0	62
106	137
598	0
157	18010
309	1174
0	17348
75	0
139	0
29	460
12	460
5839	2219
59	2215
1	26
0	26
0	26
0	0
11	101
0	50
0	106
0	123
0	123
662	713
0	713
0	657
246	214
0	102
18	94
1	102
0	45
445	45
0	4
0	3399
7353	3401
0	0
0	0
3	31
0	30
437	380
0	0
3	0
0	0
66	558
0	563
0	130
0	515
0	529
0	0
1	172
0	250
0	479
71	479
0	589
1236	6312
4	191
0	0
15	6994
0	6925
0	6681
0	6006
0	1861
0	1640
0	1989
0	0
278	144
6414	0
2	139
75	139
0	6
0	21
0	21
0	24
0	1751
3323	1751
0	0
0	33
103	59
90	4863
438	4735
205	3831
4	0
0	56
0	0
0	56
0	483
1334	483
0	0
886	0
227	821
824	823
90	112
0	112
11	0
2524	51
0	50
33355	14629
0	14610
1065	23040
61	6263
1	1534
12	22450
424	289
0	81
0	286
385	2574
10	2542
3	554
0	2533
0	655
15	326
0	92
23	1
3555	732
186	251
0	0
0	251
13	24
2548	2
1185	862
122	963
9	675
15	0
1488	0
0	2
0	16
0	1707
0	407
1729	1582
0	0
0	0
0	0
0	0
12	10
0	8
0	2
1739	0
330	578
5	578
3	78
0	29
0	78
0	78
0	0
12	0
805	0
0	152
22	152
365	558
159	1020
0	1018
340	3048
59	3048
7	6
0	0
249	543
8379	551
0	0
105	0
161	0
131	0
0	0
415	1
134	0
55	1405
0	1385
0	1388
0	1395
0	1413
1239	1429
3	0
0	0
0	0
2530	1
130	0
0	197
0	32
221	202
0	10
4	10
79	1188
0	1188
2	0
14	0
572	1011
0	1011
4	9
463	1258
0	62
25	1258
314	170
0	170
9	38
11	252
0	252
591	0
395	292
14	1893
71	1878
0	0
0	0
1435	499
0	499
762	1310
0	162
7	1148
18	1685
11	1685
0	2663
0	181
100	2673
0	0
0	0
0	6
0	12
0	137
0	23
0	112
0	130
31	278
54	278
289	1699
6	1674
0	25
22	0
0	0
665	1
626	0
34	44
0	8
0	23
2603	10
4	1466
4898	1471
24	0
221	0
2785	533
14	536
11	68
0	45
0	18
0	18
0	17
319	34934
3196	35061
0	35059
0	30
0	20
0	15
0	13
35	51
1	265
4	416
0	314
7	375
373	22
0	22
94	1590
0	0
0	4930
474	5173
0	4567
25	5552
0	0
0	0
0	0
0	0
0	5
0	0
0	7
0	0
0	18
0	20
0	20
0	947
13	3794
228	3794
38669	28091
484	28079
4	9
37	62
0	44
0	54
10	4
234	264
0	264
0	19
20	24
0	364
0	565
596	565
200	148
9	148
0	0
1359	953
1456	1087
0	0
0	0
915	29
202	29
0	0
0	0
0	167
0	325
564	0
16656	27
6	0
0	0
4046	1633
279	28
19	28
183	315
629	568
0	565
128	0
3129	3913
0	3912
0	1
0	4
395	981
90	2
130	4846
0	4846
0	34
0	34
414	239
373	3281
0	3108
0	234
0	168
0	0
1	74
12	670
3	670
2	0
0	4292
745	4296
0	0
8	0
769	827
0	664
0	664
0	827
0	664
0	0
0	1
0	0
17	0
153	6082
0	6082
859	0
159	182
0	99
0	93
0	4
1	41
0	41
312	0
0	1
0	1
132	88
39	311
0	322
3736	2017
41	65
0	1875
241	1569
8	12
0	12
982	9294
0	9294
215	2
1342	1
829	1369
0	1431
11	1390
15	1421
3	1390
20	221
1	16
213	293
0	293
11	2143
0	384
0	603
3	81
0	215
20	1035
125	2302
19693	6
4	246
3	5
11	536
0	187
104	5540
35	5553
113	2638
0	2658
0	2755
0	2251
0	4009
6	2321
119	1
0	85
135	404
68	404
690	848
1	848
195	2857
0	2372
8	2964
1175	4023
483	0
171	223
0	242
3	110
281	0
0	6
25	6
17	0
0	0
0	182
0	146
0	172
0	106
32	0
6	0
140	28
0	28
88	0
2	6
0	6
0	0
2	0
630	147
318	1229
0	393
21	393
1655	2
5	0
0	0
0	0
0	0
0	0
4	24
0	20
0	71
15	73
8	0
11517	9
0	3
0	0
0	3
0	3
1441	0
0	0
0	0
0	0
0	0
0	0
0	0
0	0
0	0
17	274
317	275
0	0
0	24
0	0
0	24
178	0
714	0
444	587
831	850
0	850
9681	11
25	107
0	43
0	27
8	101
26	561
0	558
0	566
17	2003
42	877
124	1863
0	746
9	494
0	0
245	171
3057	3426
29	737
0	2922
0	3059
0	2688
5650	0
502	1244
4	308
0	1079
736	251
0	251
0	132
0	769
0	734
5	748
1320	1
29	0
13	341
0	0
0	6
0	7
248	7
209	222
0	222
447	3369
0	3369
0	431
4	431
608	1566
201	1566
321	120
0	120
0	219
0	1094
534	3283
0	2224
0	2520
1	21
0	21
850	460
0	506
41	506
6	26
0	24
0	26
0	26
0	26
0	26
0	26
197	120
0	368
10	369
7	106
0	0
0	0
0	0
124	399
37	437
0	437
35	0
706	0
5	0
3106	5
78	20
85	95
19	95
14	0
1005	497
0	497
0	0
1	0
35	46
0	46
0	10
0	10
815	0
251	0
0	137
0	148
0	214
10	1641
0	1602
41	1601
0	1722
50	5
0	5
0	2
4344	3472
0	3299
0	3416
0	3416
285	148
0	148
0	0
3	15
2	0
391	0
121	0
1595	812
1255	3
665	217
0	217
0	0
16	0
6	172
0	14
0	172
603	0
0	338
0	63
17	353
3	353
0	250
2393	250
128	1253
0	258
0	1135
0	1241
60	797
360	0
96	17
4030	1
784	4195
5	2013
0	2591
1	712
19	370
0	93
227	900
0	856
54	15
0	15
0	0
0	0
0	0
1873	297
11	1293
0	1306
1	1339
0	2
111	51
2	51
3	0
0	1433
464	1433
0	45
1283	729
0	729
0	10
0	10
0	4826
39	108
51	4615
0	2281
0	3144
0	3347
0	3141
5	0
0	0
10	101
0	37
0	97
39	14
117	188
2074	166
0	0
0	6
33	1087
1883	1089
125	6109
0	6114
53	5890
198	0
0	229
73	297
0	234
0	297
0	256
0	275
134	62
10	69
0	69
0	171
0	120
0	117
0	117
57	934
0	376
575	956
0	514
430	139
0	134
13	0
2120	4
234	125
0	125
1036	378
0	378
84	777
519	777
1301	13514
0	964
3273	16918
5	8632
4466	2
109	0
0	5
0	5
0	4
0	4
0	23
169	23
390	433
0	433
12	418
0	161
426	161
161	16
39	1028
0	1674
56	530
0	841
2	751
0	256
0	1548
71	1340
0	172
0	1340
0	5
0	0
11	5
8701	640
0	626
153	1038
11	6104
4	6271
43	6143
0	781
11	35
0	483
0	657
14	699
0	45
0	53
5892	2
99	725
3	962
22	604
434	746
912	873
0	33
0	871
66	73
0	73
4	0
5515	789
0	788
1860	3
3463	2
8	46
18	46
0	518
0	438
594	1003
6	654
2	0
2	1005
0	2066
2	2031
0	2200
0	975
0	3250
80	4241
0	2332
41	19
1	19
0	0
9	0
18	0
737	0
1795	0
411	202
0	1
2	1
2897	0
93	103
0	103
438	2063
0	0
1704	457
0	453
52	248
0	0
0	0
0	0
0	0
0	5
0	5
18	0
0	0
0	2191
115	2191
115	38
24	97
0	9
0	81
0	16
0	0
0	11
0	5
0	5
0	11
902	0
0	15
1398	1
1361	1243
0	1240
2	37
0	37
4	0
0	0
0	0
0	0
0	95
155	734
3086	9869
81	122
0	9927
133	9927
0	141
226	1112
0	315
0	173
532	173
29	0
0	26
268	26
350	310
0	53
0	310
0	329
1193	2
4	0
1362	6
2	176
0	176
31	0
630	0
0	45
0	45
0	0
0	0
0	0
0	1
0	4
0	0
0	11
0	11
0	11
0	0
0	4
0	19
0	21
4	65
5	71
0	2
0	2
0	2
0	31
0	7
0	31
1172	1950
119	1950
0	170
0	9
7	170
0	176
86	176
0	12
418	12
4	0
10	336
0	336
0	319
0	280
1154	280
0	13
696	364
0	3
116	247
0	25
324	0
2	0
358	0
0	0
0	0
2	16
0	16
15	0
0	0
0	467
0	4
0	4
0	439
16	0
0	59
41	101
0	117
35	127
0	0
1214	522
0	356
915	0
821	72
2	72
0	652
0	36
0	371
131	770
142	0
0	37
426	1277
17	0
58	2052
2	2124
0	0
9	0
251	192
0	192
7	280
2373	677
0	429
0	37
0	13
0	37
57	299
1	270
0	349
14	0
0	1850
31	1656
0	1672
716	1830
1	366
12	366
177	614
8	538
0	513
0	131
375	934
0	770
0	605
0	0
0	0
0	0
0	0
2	0
0	2
5	2
0	0
0	2694
14526	2729
791	698
9	542
0	582
30	228
0	0
0	53
0	82
103	1976
0	82
4	1976
0	78
0	16
25	82
925	17
447	0
1984	0
6499	3280
0	3280
0	0
0	0
2	216
104	220
145	0
12	17
416	2
0	0
116	745
915	745
68	127
2	127
0	0
0	1
0	0
0	0
0	1
0	349
73	343
0	1466
7	1583
1	748
697	1267
0	408
0	482
0	657
0	565
0	0
0	0
3046	2358
23	247
937	2357
17	0
377	404
219	404
5	505
177	505
30	655
0	133
3	661
56	0
0	0
0	0
0	60
4	63
0	96
0	37
6	120
67	952
2	867
0	823
15	0
0	0
509	132
3018	296
69	0
2486	2
0	0
1333	2811
0	1477
0	1
0	1
0	99
37	169
0	169
1849	1
792	219
0	219
4	4799
3934	4800
36	0
17	9
0	9
0	44
14	43
0	43
0	0
0	0
86	166
61	166
0	10
2237	503
4309	776
35	680
55	694
169	19
0	10
4	10
718	122
0	122
0	6
0	6
0	0
2531	0
105	206
2055	206
0	7
0	7
184	1354
364	1354
321	758
0	0
2	95
9	43
0	95
757	0
1064	685
632	685
0	59
25	59
3348	1
1963	0
0	0
0	0
6340	218
0	342
0	421
2219	654
170	1250
1564	1250
18	93
0	9
0	93
0	93
0	0
0	0
0	0
0	513
0	606
0	155
0	151
318	880
0	335
0	208
0	0
201	1
0	2854
0	3829
0	3591
0	3991
91	3991
50	568
0	450
0	450
0	450
0	0
0	0
41	0
394	1
282	332
0	323
0	92
27	0
0	0
1619	0
24	0
119	3202
0	161
4	3206
16	3252
3	3056
0	3247
0	3
0	3
0	821
277	821
125	0
327	0
0	80
440	81
57	196
3	76
0	0
1131	5
0	0
2	0
0	0
0	0
46	121
0	121
3	10
239	10
1	0
155	181
0	181
395	171
0	4
0	4
80	336
0	617
0	663
1235	0
0	0
52	5022
363	5022
113	165
0	0
0	0
20	3
0	3
0	0
0	0
250	244
0	234
564	535
38	0
33	35
1742	34
93	1
116	0
499	2140
0	2140
283	848
0	817
0	854
55	854
22	823
405	823
0	19
0	19
175	3317
1260	3322
0	192
0	149
440	192
465	1245
0	1243
0	4
0	4
77	1609
0	2035
6	2167
0	569
0	0
0	35
0	0
0	35
0	11
3	274
0	274
198	248
15	248
0	50
0	20
0	39
0	51
0	51
0	0
0	0
6	1
522	4
3	3
0	0
0	0
0	0
0	0
0	0
0	0
0	0
555	892
0	892
0	1406
1020	2555
1123	38
286	39
0	11
3	0
0	14
0	14
0	3
0	3
3	3
68	1
0	1
17	705
0	726
0	675
2008	1337
53	425
0	912
3450	372
36	371
798	321
0	177
0	143
0	0
4909	0
0	329
42	2614
0	2614
0	45
5	286
0	294
6	294
0	124
910	124
226	1771
12	1778
2	238
25	135
75101	61
933	1167
50	990
11	1167
0	0
0	25
0	9
3	34
24	45
162	1
5	1
806	790
80	0
6	172
133	172
2717	0
3	0
2	0
0	47
0	142
0	77
26	151
0	127
381	192
0	192
2944	17708
0	642
7	6416
3	17681
0	0
0	29
1603	869
45	897
4471	0
0	116
0	125
0	161
0	158
0	141
0	123
1	114
0	116
193	189
4	203
16	129
7	214
1300	506
34	505
296	528
0	528
24	0
0	748
329	753
0	243
4	51
35	83
0	60
2253	1572
0	1272
3	1375
0	1305
221	1579
4542	2414
9	2413
0	1
41	146
0	0
110	2575
25	2575
59	1695
30	1695
27	520
5	165
21	520
4785	0
15	178
29	178
0	3
2	146
0	143
0	146
0	210
1385	1074
0	66
227	72
1435	637
0	295
0	636
244	8667
92	688
0	6622
24	8759
0	31
0	30
17	85
17	90
0	0
0	0
13	76
38	73
435	9
43	264
46	0
0	644
33	644
1	0
0	3
370	3
0	12
0	12
356	0
0	0
224	7944
0	7943
0	176
25	979
28	979
0	2
6	0
0	5
0	0
0	5
0	3
0	5
0	5
6778	12644
10	12641
1241	1355
662	1355
216	799
0	799
0	876
41	833
97	676
0	680
424	3229
2	63
0	63
4	61
0	55
12	11
2	251
0	144
364	399
49	37
261	430
0	231
0	2
758	3
26	2
3	53
0	53
48	444
100	241
27	22
86	22
4	10
0	10
284	328
0	52
0	59
5	22
0	22
0	196
25	0
343	1441
2	1293
0	1441
0	3642
2250	6061
9	3636
22	15
23	99
0	19
2252	6708
1	585
45	6708
200	0
5039	2
298	400
27	400
10	4
2	4
0	45
0	45
406	1471
0	276
4	490
19	1203
3290	3898
0	3896
61	24
0	24
14305	14
445	441
0	440
0	56
1	56
22	5
1054	939
201	5
0	216
53	614
13	489
0	0
8213	8
1	0
471	47
0	47
10	1044
99	1044
1743	0
0	4
2196	772
0	0
0	0
0	53
0	15
20	189
0	71
7	189
0	0
0	0
10	2
0	0
0	2
0	0
0	0
0	0
245	0
25	7
900	0
7	83
0	65
4	0
0	0
60	69
4	0
1785	1767
12	1779
0	1745
9	14
0	14
0	0
0	0
0	352
335	352
89	0
0	1
128	1213
6	1213
39	0
0	0
0	0
5	0
0	87
0	9
79	87
0	83
1	199
0	221
441	1508
0	714
157	27
0	27
470	0
18	42
0	42
0	25
0	7
138	0
0	335
49	335
231	830
0	460
0	380
15	486
0	288
0	486
0	8
0	8
0	8
25	0
0	213
0	7
0	417
71	1929
0	899
0	1825
0	0
0	0
237	0
4257	3
11	0
0	10
0	17
24	20
0	4
0	4
0	4
1	4
476	1436
0	22
0	1436
67	1403
144	34
0	34
880	822
8	243
710	2399
0	14
129	623
0	500
0	616
0	0
56	332
0	257
6	104
0	284
4	294
4153	3213
0	2963
11	1340
0	1037
0	0
4	7
0	7
91	0
0	11
0	3
2	286
1117	302
133	0
5	0
243	0
0	0
819	0
428	205
5	205
31	691
51	848
0	709
42	618
260	2622
0	2737
0	0
2281	0
0	982
2	993
270	5801
9	1357
15	1734
0	2542
26	5393
0	2154
0	2542
0	0
41	104
0	40
144	40
7	289
0	14
0	11
21	289
35	84
47	84
0	0
34	41
66	42
10	27
6662	640
273	665
29	222
11	222
0	149
166	130
90	130
22	367
52	367
0	0
0	0
0	0
26	345
0	323
90	4308
37	336
77	4268
72	545
7	1527
325	1259
0	0
0	0
2	9
0	2
0	66
6	66
0	116
0	301
1120	838
0	838
0	699
0	838
0	0
0	0
6	4
5	4
12822	600
9	435
1299	1399
204	161
4	161
12	264
0	60
0	264
31	0
0	5
35	5
258	59
0	59
28	2
0	2
27	854
26	144
0	852
4	197
4	0
45	197
0	12
0	12
3	0
0	26
28	26
0	0
0	0
0	0
0	407
50	407
2464	1583
2	1153
0	1342
0	1125
0	903
5	1220
0	2
0	2
0	2
1112	1
1411	551
0	585
0	106
0	198
0	130
6	137
0	102
291	103
7	0
1182	0
200	0
103	2010
21	2010
215	15
309	183
8	183
2310	0
87	148
0	148
0	0
12569	2050
14	100
0	99
0	54
9	100
0	99
39	208
0	208
0	809
3	262
14	773
4516	285
0	284
4220	2340
0	2338
509	369
5958	7801
0	33
5	9
4	0
3	6
12	6
0	0
0	0
8	0
3183	13
3	8
20	0
4	47
979	146
0	141
82	151
8	27
0	125
0	0
115	125
318	0
90	0
9	256
0	256
838	4396
0	4396
56	4360
0	4132
4	1240
9	4197
0	0
342	201
36	133
6	80
13	111
0	296
0	55
0	440
0	322
577	1397
12	704
0	757
2	80
0	88
97	91
738	1
695	635
414	29
0	2
0	27
10	896
0	2593
0	177
40	1402
0	2679
160	574
1076	6112
79	10462
22	92
0	92
594	774
0	774
5	3000
6	218
0	1690
0	3126
99	0
8	5
0	0
5	0
0	248
115	248
0	229
0	57
1216	6436
246	7778
0	4431
0	23
5	23
11	0
0	0
0	44
0	7
0	37
0	0
51	32
13	32
0	0
0	0
0	0
68112	26737
9821	22329
1415	14268
2	3275
63	8739
0	8607
110	14804
0	9243
0	32
4	140
4	120
43	42
750	3705
9	3705
0	6
0	0
0	6
0	6
0	3
0	3
16	280
0	159
112	0
487	734
4202	4824
0	319
0	4723
204	4735
8	4
0	0
0	0
0	6
0	119
2	158
0	102
13	793
5	1178
111	2523
217	2443
0	193
0	485
0	297
0	224
35	424
48	0
4	20
0	20
0	0
0	0
3212	682
39	675
5999	83
0	12
0	74
95	13
908	0
1	186
1	164
0	295
0	334
0	604
21	192
29	2023
75	202
6	1990
0	767
0	758
0	747
0	190
0	750
216	0
198	30
0	0
0	0
0	0
0	0
0	786
115	152
0	152
2400	790
427	3
0	1
0	1
0	5
0	5
1072	1
10	351
167	352
0	12
0	8
0	12
0	8
1	0
39	0
60	2896
261	2896
0	0
2	6
0	2
0	2
1	12
0	7
0	12
33	0
0	0
145	560
36	217
72	0
0	217
23	10
0	10
0	0
0	0
0	0
0	0
1	21
11	42
2	42
562	4
299	39
0	39
0	48
175	1270
7	862
31	986
0	533
0	37
0	27
5190	3882
0	3541
14	76
136	76
263	0
1284	2
0	114
2	114
264	370
0	0
0	0
0	0
0	50
1342	133
61	164
0	1542
0	864
4646	2353
0	1562
2483	65
1	65
0	50
0	39
18	57
0	50
41	0
0	0
566	0
0	21
0	21
6	22
337	3
0	58
0	58
0	1
0	6
0	31
0	0
789	9200
0	9192
483	0
4865	558
0	552
735	522
0	512
0	165
112	2485
0	813
0	2394
40	21
16	21
201	1975
9	1975
744	0
688	207
6	113
0	66
0	49
0	113
386	71
0	4
1	67
68	0
6	3545
0	6289
888	21970
0	5204
0	6831
1461	21774
1	84
22	84
0	46
0	2
0	949
7	971
5	1188
0	1146
67	2514
0	799
0	127
87	4295
0	3078
147	2681
0	4559
38	374
14	419
0	15
1906	0
0	0
0	1
0	0
7	20
0	19
1332	413
0	0
0	0
0	0
0	0
0	0
150	248
0	105
32	122
801	2963
705	386
200	10478
0	2877
0	0
0	0
0	290
381	293
1477	0
0	31
0	31
0	0
14	231
0	231
222	0
379	1833
40	1829
0	1843
3746	11172
1571	3623
0	10781
53	340
33	53
15	345
303	301
11	0
0	0
0	0
8	13
68	129
2	129
16	0
868	1
0	108
946	108
664	0
6027	5
86	0
36	0
156	1541
7	1541
179	2
0	0
0	0
9	0
538	4045
0	1564
6	4260
0	0
26	576
10	7236
0	1018
166	6539
464	7189
114	6917
19	6748
0	366
135	366
60	0
7	0
0	23
23	23
0	12
19	12
0	0
0	0
154	0
0	0
0	0
0	0
10	269
81	14581
0	11879
0	3934
362	14534
0	1
0	1
100	25
470	94
0	10
0	84
481	786
0	943
0	3003
57	4448
1209	0
2	12
7	12
325	3674
0	42
0	720
17	3687
0	73
0	319
0	23
17	2941
0	2953
0	1682
0	2038
43	1902
17	1316
8	1805
0	1404
2422	1404
0	117
0	98
1155	781
0	252
0	751
484	2
34	2
1662	451
6	0
246	0
0	0
2392	1213
0	1486
0	1529
238	368
0	221
2	368
0	508
12111	529
0	51
0	0
0	82
0	205
0	38
5	224
0	158
315	101
0	101
4830	0
0	0
0	0
0	129
0	15
0	110
7	62
2308	242
3	177
1078	327
0	324
0	0
0	0
0	345
562	345
1447	1511
0	1580
137	1531
0	0
1	4
439	799
0	795
0	0
842	1
0	72
303	403
0	35
7	36
0	0
44	0
5431	8627
0	8621
50	3487
0	278
160	3487
11	186
127	2735
97	11
0	0
0	0
12356	22
1	0
7	89
211	0
0	135
0	66
1101	201
0	29
0	32
0	6
0	6
0	6
0	6
24	31
0	31
0	448
234	917
26	473
0	473
0	233
15	1826
0	5277
0	5356
0	96
0	74
10	110
23	669
10	669
0	364
497	0
926	620
0	462
1	118
292	5438
2716	5446
2638	2067
0	2067
0	20
8	51
0	30
6	36
42	1042
0	251
902	1045
0	0
4	135
0	89
503	141
0	0
906	111
187	39
29	72
736	28
0	28
8	29
50	85
24	12276
0	16693
50	10179
0	16892
0	16942
0	16966
0	0
0	0
0	0
0	0
25475	32
51	0
0	16
0	16
0	16
0	73
4	86
0	917
0	150
0	114
0	884
0	900
2962	507
0	507
0	118
0	718
19	1256
5	81
0	720
1149	1342
0	92
40	626
74	292
0	292
21	0
478	3
31	95
968	2618
0	2597
2	730
7234	740
0	20
3	21
0	72
19	72
17	48
0	48
0	15
255	960
0	960
867	12
594	2
0	607
0	907
0	866
0	1
868	1
0	10
234	68
0	58
0	0
625	0
1278	257
0	251
9	0
0	464
0	58
6	443
0	150
29	49
8	22
0	0
0	0
113	257
675	257
0	0
93	179
0	179
199	284
0	284
0	48
34	567
0	448
17	551
0	10
659	2
658	0
147	0
1722	1
21	514
0	1560
2	1363
121	6987
0	1773
12	6287
94	0
21	86
145	86
1	12
0	12
0	12
0	12
0	3
874	1
32	16546
446	5002
4	17083
92	0
9	72
0	15
19	1
97	1
42	72
0	0
404	955
0	944
0	943
20	0
0	327
0	0
0	9
0	304
3	327
589	69
5	69
9434	5
346	370
0	156
3	54
0	35
99	366
0	366
0	8
0	8
0	8
5	71
0	2593
3	2600
29	6
0	6
387	196
0	21
0	5
0	35
24	35
1	0
300	243
0	236
183	633
85	632
16	50
0	50
0	0
0	0
0	0
0	0
1342	2
63	0
0	85
39	85
0	193
15	193
181	96
12	96
12	14
967	168
0	167
278	0
0	0
1	0
2	19
10	5
2544	2
391	0
131	167
0	303
0	330
0	0
0	0
0	59
0	0
0	59
283	2037
32	2037
0	91
318	868
0	868
77	336
0	336
0	0
9346	3124
0	3107
3	114
0	114
225	705
442	705
0	0
0	0
5	7
7	5990
0	107
0	1265
3	1657
1	5695
0	4741
0	0
14913	27
6	19
76	19
1694	1
1	3
0	3
25	85
106	148
1	96
0	148
0	0
0	0
6	1836
6	1835
59	6
0	6
0	0
0	0
0	0
0	0
12	0
30	68
0	10
0	58
3892	52
17	52
700	0
0	80
6	80
1644	0
140	114
0	110
0	114
40	26
0	8
0	8
0	0
0	0
0	87
532	897
2	82
61	82
0	3
389	3
1314	1466
7	0
762	0
0	17
0	5
19	209
332	2738
536	2703
7	180
0	180
0	23
0	29
94	9
0	9
42	175
0	0
0	0
0	0
0	0
0	0
673	0
2909	959
0	1173
1546	0
0	0
0	1357
8673	4568
0	3276
0	1259
0	586
0	243
210	586
12	181
15	181
386	6550
0	2369
41	6575
2295	6739
65	2473
0	153
0	0
0	1574
871	2887
33	1731
19	800
12	6206
28	0
0	3
0	0
0	20
0	2
0	0
0	3
0	8
0	17
0	10
0	0
0	10
0	10
9	0
0	39
114	1822
3	1
0	16
0	91
0	84
0	82
0	51
2821	6
1474	1252
8	1162
11	1200
46	0
0	0
0	0
0	0
0	353
317	356
0	2960
4	2960
20	21
0	21
0	4
0	4
1048	1879
0	1879
47	10
0	9
3	8
3940	17
0	1009
4590	2448
0	999
14	585
0	987
407	232
31	0
0	0
0	0
0	0
0	0
0	0
2996	479
0	0
3	0
16	220
0	220
384	0
11	0
0	0
0	23
0	2
23	81
0	0
0	34
22	34
37	165
140	165
329	213
0	213
3590	393
0	386
0	0
1447	284
20	282
0	7327
0	7434
8584	7493
373	349
0	212
0	275
866	0
187	0
56	22
8	20
0	2
0	0
389	802
0	0
0	0
1460	668
2	49
0	0
33	0
1054	1522
1	1520
0	0
126	6
231	834
9	12
0	12
88	5081
0	5081
0	81
0	5
114	78
0	79
0	226
0	86
938	228
0	0
1	0
4	378
0	408
0	18
0	18
0	18
0	18
118	728
15	581
2790	1
0	0
1199	1650
47	289
399	613
0	613
3	17
0	18
0	13
1559	505
0	505
1901	4
0	461
655	464
145	171
948	171
0	404
1105	408
1	39
0	518
0	580
8008	13
0	0
0	7
194	155
63	37
456	37
0	141
398	153
0	385
655	385
479	567
0	426
8	188
1007	1841
3	1841
7	0
21730	6282
0	6273
0	756
109	984
0	555
21	114
231	114
19	12
20	17
0	21
0	69
0	25
0	69
0	56
0	708
2372	2258
26	2278
15	0
21	16
0	16
67	576
0	195
8	121
4	286
1347	383
259	1
5	103
0	103
1177	4
142	0
0	181
4654	186
0	4
0	4
0	4
0	0
0	0
0	4
0	22
0	346
0	800
0	800
0	97
0	7
0	663
0	768
0	768
141	379
0	145
31	310
2325	392
149	0
6	0
925	7964
0	7964
0	0
0	13
0	76
51	118
0	118
100	0
957	75
0	75
2	0
78	0
4196	0
0	2
0	0
0	26
0	28
0	0
0	6
1274	1779
138	64
0	19
0	45
55	0
1304	1
0	223
0	84
373	239
198	71
0	71
0	498
21	2529
0	50
44	2529
0	46
0	258
0	260
0	194
55	256
3	26
22	207
0	182
0	201
10	124
19	111
57	946
0	547
7243	1
3286	0
136	0
370	0
1088	0
307	0
1	0
60	21
77	41
1	41
13	578
9	3068
0	2219
128	2449
0	3440
0	2250
363	0
463	1097
0	188
10	1146
1	37
0	37
0	173
0	220
0	1973
5	2000
0	1963
0	30
0	20
0	22
0	30
0	0
14	61
0	66
0	66
0	195
47	195
0	48
32	356
0	0
0	356
359	485
0	485
184	0
257	498
0	131
2	494
0	282
3545	3
0	0
1048	3
0	2088
0	1221
0	3466
424	3543
0	233
43	268
0	0
4095	1
71	230
9	230
0	7951
1751	7951
0	0
37	828
0	0
17	0
18812	24
288	11
32	309
0	309
16	64
204	64
119	190
0	190
1	0
312	0
0	1150
0	325
16	1465
170	1465
0	74
627	74
1687	1264
16	1211
590	29208
19	28381
0	29207
18	9
7	0
0	0
205	580
0	294
0	568
4	0
0	0
0	0
0	0
0	0
128	305
45	87
167	33
25	0
10	0
1658	0
1220	1373
0	1373
10	1673
105	243
0	243
0	1673
1643	0
2094	0
856	0
25	62
0	62
5	14
0	14
0	0
201	0
734	0
0	138
6775	242
10	168
0	8
0	79
11	26
0	32
0	27
0	79
0	26
4	0
0	33
0	26
0	41
0	15
0	44
0	37
0	7
0	37
4	28
0	276
25	373
164	515
0	134
93	60
0	146
0	5
0	124
0	124
13	148
0	124
0	124
0	124
1108	0
230	0
2	4
0	4
1	620
0	620
0	36
0	185
0	1534
0	46
7	1627
0	1691
498	0
826	668
17	0
19172	6603
134	6535
0	1670
5	734
33	12
197	0
22	8
0	8
0	0
0	0
0	0
2959	112
140	0
102	0
0	27
0	2
1914	2689
0	2688
16	0
0	0
86	0
118	6349
136	552
0	138
0	6288
132	0
157	0
0	0
2887	135
0	132
116	69
0	69
19	21
0	6
3	6
0	6
12	47
4	53
10	53
62	0
11836	1767
0	1754
0	6
1	6
0	446
0	268
0	633
0	3467
122	3467
0	2920
0	0
0	0
0	86
975	86
0	5
17	5
25	405
13	331
0	331
0	405
0	132
0	2947
0	437
0	173
3	4730
0	4471
0	3829
0	4117
0	4445
0	254
6	265
19	263
0	570
0	28
6946	572
0	349
1400	349
0	82
49	82
0	0
0	0
9	0
0	0
2284	0
0	3
0	3
0	3
5	41
66	221
176	5457
430	6281
174	1001
31	662
0	426
0	33
190	4838
4369	1155
4	1149
151	1154
175	512
189	512
0	0
0	0
0	0
75	11
0	51
0	0
0	179
0	73
0	55
2	171
1752	2
76	4786
28	5076
308	3018
0	233
29	711
4	669
45	502
150	502
723	734
0	0
29	734
389	0
14843	1394
0	1384
225	294
33	294
0	72
362	406
42	52
0	26
0	410
27	473
0	357
0	155
41	352
0	20
8	352
7	53
242	53
0	4
0	0
475	0
775	0
0	40
0	2
0	46
0	58
0	40
388	731
0	731
5	176
0	0
1842	1332
0	753
10	1329
517	2262
5	152
19	2261
806	1074
0	0
0	0
7	297
1375	303
0	196
2699	2
1470	423
0	126
0	377
3051	1
104	582
115	582
31	5
3302	1
0	0
0	0
457	66
0	31
0	35
141	4
113	0
878	130
0	130
0	78
0	78
772	1138
0	2747
0	2748
0	2764
0	2741
1178	2047
12	1391
4	2047
16	109
0	96
78	96
0	594
0	553
270	4
324	771
0	350
254	1716
274	1471
129	1545
4	45
0	45
0	45
71	117
0	105
23	46
1	4
33	46
12	602
47	602
8	0
4	0
7	9
0	9
14	0
3	242
23	242
590	0
869	2716
299	0
0	0
0	0
0	0
0	0
0	0
0	0
354	767
0	12
0	12
0	12
0	12
3370	16873
0	16872
2741	4
0	10
0	10
0	0
0	0
0	0
27	0
0	3
0	3
4	6
6	373
0	373
0	238
0	1436
0	952
806	1438
93	0
0	0
0	0
0	0
18	86
6	86
249	0
0	5
0	72
145	5738
7	5734
4	28
20	6
0	3
0	19
0	18
38	29
0	19
0	12
0	164
30	342
0	2388
167	10923
73	10872
6	0
0	0
11	417
0	1642
2182	1636
2218	0
33	0
326	1964
0	1964
0	10
23	14
0	1341
0	571
122	1372
5	1354
89	1362
0	2493
0	2520
1488	0
477	80
0	80
676	3
0	5
0	4
0	5
209	0
400	902
0	902
2	0
854	0
41	378
0	94
17	400
2248	0
2	0
20	22
2042	24
16	0
3096	5
0	81
505	592
0	474
0	469
2713	2810
61	2809
0	0
0	0
0	0
335	595
0	3489
40	3563
17	374
0	374
323	3
519	3
1887	71
0	63
109	0
1629	1
139	0
1193	0
5	12
0	12
6725	2
751	0
298	158
0	148
0	0
0	8
185	533
0	0
19	24
0	0
6	0
0	24
388	502
687	2
0	0
0	63
0	122
150	163
109	711
176	711
13	708
30	708
123	760
31	911
692	590
2518	6912
556	6912
0	0
23	0
619	247
0	411
0	433
0	217
9	90
11	68
11	68
154	0
5004	2514
0	2514
219	4435
0	4435
293	0
0	0
37	19
125	19
32	85
0	85
1859	5330
1249	5330
1	49
10	49
0	459
4	456
0	462
0	0
0	0
0	0
0	0
0	0
0	0
0	0
115	4008
318	3908
79	1029
0	1029
1271	351
0	534
194	1336
0	154
0	49
1207	1584
0	1172
0	1124
0	1012
33	1146
0	1103
0	1072
191	1078
0	1095
0	878
0	1016
833	1002
0	86
704	262
0	262
3910	2323
4	0
12	1070
37	1070
612	252
406	415
166	660
0	598
0	603
794	962
0	962
0	4
15	0
9	4
14	385
0	305
0	1653
6	1632
0	1702
0	65
0	76
8	76
4411	2103
0	35
0	213
31	2133
307	1698
51	1323
3	341
23	1652
13	1469
3	183
0	0
6	0
0	127
0	262
0	1172
0	109
0	1121
1380	3009
87	3189
9	1214
44	417
10	118
4	0
1159	0
0	0
0	0
0	0
714	505
10	985
12	988
0	9
2	21
0	25
32	0
391	1477
171	2198
3	188
0	0
9	583
0	83
171	667
2	0
0	7
0	396
0	500
0	507
62	416
0	418
555	0
1581	208
27	3
0	2
2	0
8	1
0	0
487	300
0	300
139	80
0	80
0	97
157	97
669	178
0	178
102	800
0	800
0	0
21	0
51	0
89	4161
0	2449
6	4163
515	4
420	0
6	0
0	0
4	5
0	5
0	0
0	0
0	5864
49	7288
58	7248
2004	1
0	7
0	223
892	223
18	1
2	178
870	1188
0	1149
0	8
0	8
24	73
0	73
0	0
0	0
7774	11
196	0
2263	924
21	924
27	0
166	2927
418	2927
94	137
0	149
8	146
0	0
108	2289
0	1471
0	496
88	1314
258	443
0	413
3	447
185	887
0	11
0	69
33	80
0	0
0	0
0	9798
6706	9798
0	989
7	44
1	37
0	16
6	71
2	63
0	62
0	260
0	254
0	2
0	2
0	14
0	14
0	0
0	0
0	22
2	22
1002	0
2254	2
5	14
2368	4
288	0
3	0
0	2
0	0
0	2
245	1843
0	1458
2029	0
0	4
0	4
111	1179
0	1179
1059	278
0	278
0	54
0	1
0	5
1000	669
0	669
488	0
0	0
19512	2
299	57
0	22
2	22
131	284
0	282
49	157
0	157
3438	344
0	341
12	0
0	0
0	27
185	68
0	41
450	0
0	311
0	311
0	248
0	22
0	12
5	107
248	233
0	208
0	223
597	953
20273	3964
7	3437
0	503
129	1940
377	1334
0	0
0	0
1	77
13	117
0	117
0	0
0	0
0	0
192	105
88	0
0	33
10	304
0	0
0	0
0	0
0	1852
7	2469
0	1407
0	2055
0	13638
1	405
116	11631
0	13181
0	11451
1	55
0	178
0	20
32	189
10	178
0	0
5668	2680
0	2677
333	786
2804	7
147	0
0	750
0	98
1248	848
42	7
0	2664
0	330
0	302
47	2719
0	40
0	0
0	0
1	0
0	490
853	490
40	0
15	30
2	30
192	44
1	552
0	110
0	490
0	552
0	565
2	552
62	36
12	36
1	545
41	2215
87	2229
1141	2
0	0
3	0
0	0
0	0
277	4
0	4
0	33
0	32
58	17
115	409
0	68
4	395
1390	1
250	4590
203	4604
929	2
630	1656
0	397
0	1262
94	801
0	801
2082	1
6011	7618
0	7613
0	0
1182	1
591	0
0	12421
709	12758
0	12769
0	36
34	120
0	1
17	7
125	118
0	118
66	19
581	19
1	194
2	213
224	293
0	107
15	223
0	172
13	0
12	0
0	0
5	1
28	0
33	0
1489	1393
7	1394
972	977
493	9
0	9
20	12
2	95
332	164
0	164
17	0
0	878
11	886
0	303
27	303
21	1148
0	0
0	1148
0	94
773	4460
0	4459
0	138
0	70
0	105
91	393
228	469
76	0
232	1332
0	164
0	1316
0	1098
0	1212
91	39
943	39
1358	2961
206	2758
0	2209
299	0
31	27
647	130
37	130
1	33
1443	1154
0	1050
0	629
0	270
100	270
0	19
63	19
0	0
0	3
0	3
0	3
0	3
5531	535
5	531
0	0
0	0
0	50
230	50
67	8
302	187
7	47
404	0
36	1509
164	417
93	1879
0	425
0	0
327	23
37	8
1	112
392	112
0	22
20	45
3362	0
142	5361
0	5380
23	5397
0	0
1875	0
0	0
106	1146
0	451
29	1047
0	1042
0	1274
734	21106
7	21126
495	20707
0	0
0	0
2	14
2663	15
42	331
0	289
0	331
0	0
0	0
0	0
10	0
0	0
0	0
263	401
3937	24716
38	25108
6107	13
20004	2155
13	734
0	2203
14	808
0	403
1	1394
0	1107
0	1101
0	808
5391	0
103	14
0	14
254	32
0	18
0	11
3	0
0	604
0	213
2	421
0	604
0	0
325	6
0	6
0	0
52	0
0	2
0	0
0	2
0	0
0	0
0	0
29	326
0	142
0	130
732	0
195	30
10	0
10466	1289
1174	73
0	0
0	0
0	247
541	251
0	22
0	85
2	67
28	4
16	4
0	0
0	0
0	3546
0	203
0	3489
0	3534
0	3505
4	0
0	12
2	23
0	22
57	803
286	768
3	0
0	0
0	0
74	96
0	1
0	95
210	1090
0	345
0	1090
2536	14573
0	14571
3	0
251	101
1	98
48	0
56	0
793	0
570	334
220	2157
0	2157
39	2277
47	55
0	47
872	1371
0	1300
41	1265
3	1320
0	1371
194	10324
1331	10700
0	661
0	2
0	2
0	113
6	113
2132	6
3199	6
0	0
0	0
339	0
0	182
63	182
2	99
345	2153
0	2153
0	598
0	640
4	0
0	0
0	0
0	0
314	79
151	738
1108	818
0	60
332	2682
0	777
128	2726
0	514
424	1085
91	571
66	571
0	86
1020	86
443	0
0	0
0	0
220	326
0	326
0	849
0	991
58	1040
83	64
0	64
1	9
0	0
0	145
7	46
443	692
0	692
7	48
0	48
1819	2271
6	0
34	1024
0	1024
2999	1
203	992
14	992
2	0
0	0
0	0
43	0
13	106
0	106
7	0
0	0
0	0
663	347
0	240
0	335
29	434
5	127
12	434
0	34
5	34
0	6
6	6
356	55
0	55
14	0
0	86
29	86
61	77
57	77
297	445
0	709
0	48
727	784
8	1009
162	1389
11	399
0	1397
0	0
627	632
19	362
11	293
157	331
8270	8530
0	22
3387	8383
1462	0
47	133
320	1136
33	1136
0	43
1	43
1112	735
0	734
0	1839
2	26
405	7558
40	8005
2009	4805
0	4800
1143	330
2334	5448
0	5442
0	24
0	24
997	0
0	0
0	0
0	0
0	0
5289	0
1242	46
472	668
296	5843
41	1498
0	5637
1624	677
0	487
298	205
0	205
0	70
0	0
579	1838
0	1834
6	283
12	7136
0	7274
0	13
12	7119
101	3356
128	3354
0	3185
67	330
37	330
0	2
19	6
550	713
0	713
1	0
996	1851
0	132
0	367
0	1861
0	1843
0	1737
0	1917
0	1841
0	1906
3	0
701	0
1181	2445
0	2397
0	290
1	683
0	2611
0	1701
40	1615
2	3007
15	2909
25	3736
1662	3018
0	400
1944	1006
1291	1014
0	94
0	279
5	53
3	145
1	517
5	260
1630	1039
14	68
0	68
0	34
3	34
230	604
2	600
0	0
9	0
71	973
0	934
0	5
0	5
0	0
27	499
13	327
2039	168
8	162
0	29
0	0
93	0
7	895
115	895
85	0
0	0
0	1
15	2
3	3
4	1
1666	0
66	0
1	78
49	718
0	84
18	0
155	737
0	4
36	12
1073	514
0	531
0	435
0	490
0	23
0	39
854	1
2363	5
449	179
0	177
2	0
1094	22
0	0
0	0
40	238
0	238
3	100
135	100
0	150
1140	303
0	153
79	247
0	247
51	4
3	0
10	87
83	0
0	13
0	591
60	591
317	449
0	5
0	5
0	401
0	135
0	4
678	452
202	452
0	442
111	7623
0	4703
37	6255
0	3092
802	9452
11	0
316	4911
0	205
0	80
51	4911
10	5
0	5
0	1
3	1
1434	1
0	0
0	36
0	12
8	36
0	0
3	4
4338	3
0	688
1260	1389
9	1295
10	1070
0	951
1286	0
3	0
1658	5
172	925
178	0
9	0
0	8
8	50
0	214
0	60
0	1976
0	96
126	1981
283	2
5	4
6	12
384	4
55	4
0	148
2867	153
89	668
0	668
6	5
0	5
0	237
2036	1037
105	981
0	3
0	2995
0	2995
0	2072
22	2436
0	209
11	247
20	141
2	2317
13	0
0	0
200	0
172	0
0	0
0	0
0	0
2325	1
173	0
501	0
1	23
16	32
1554	424
0	416
2	135
0	132
4	11
0	66
0	0
0	76
0	66
0	76
462	0
0	47
0	410
0	3
0	98
7	41
5	0
0	387
0	408
0	387
0	409
83	805
0	509
0	502
0	390
28	0
0	0
120	88
2	0
2946	921
0	920
60	48
21	34
86	26
1497	13218
10	13218
0	0
0	3
0	0
0	0
59	3
87	0
1896	6
4383	2
10	179
24	746
192	802
2201	582
0	646
0	0
0	3311
1954	3311
2302	1
0	67
0	20
907	200
0	154
1538	2
8	9
335	2031
0	1181
0	1667
819	0
23	0
0	10
0	45
4	107
10	107
0	0
0	0
1033	2
53	0
526	596
58	596
32	0
124	0
0	73
17	4
106	77
0	4368
0	4153
0	4162
60	4377
359	175
93	186
0	186
125	0
377	182
0	182
0	69
172	368
16	368
2	87
4	94
0	26
0	230
0	190
5	0
0	0
0	229
4	235
0	135
0	224
0	193
0	171
0	21
0	210
0	129
0	202
0	207
463	954
0	369
898	1004
35	0
2829	3
13	0
0	63
0	16
0	63
0	0
0	0
0	0
0	0
0	0
0	0
1	0
21	257
38	52
344	309
1134	1
6	92
0	5
10	92
0	56
9	62
29	69
0	55
0	216
0	187
0	216
0	753
0	175
0	703
2578	2464
14	244
0	2236
10	2345
0	2197
0	2217
16604	14
10	0
382	0
0	14
0	14
0	9
6	7
0	5
1	6
28	174
0	95
0	83
549	0
0	0
0	0
1794	1950
160	2485
2	152
49	152
125	1701
0	248
0	1717
0	1627
1022	1889
0	2071
0	1785
3	1840
476	28
24	9
0	8
5	0
1721	1067
0	753
0	935
820	294
0	0
0	0
7027	12222
389	13444
157	195
0	85
219	85
15	11
566	5
0	0
0	0
4	0
53	452
10	4
21	386
16	184
3156	2708
307	2646
5	2586
0	0
145	919
0	314
0	0
7	29
0	29
636	920
1	920
4	0
248	0
7270	11
0	166
0	0
6	97
117	275
5788	15661
0	2049
0	11608
0	12471
20	5481
0	0
0	0
0	0
63	1755
51	1755
13	13
0	13
9939	12
0	3620
0	290
1	7077
10	7062
575	0
0	0
130	1551
0	648
339	1927
0	22
98	22
3	8109
0	461
13	8109
0	0
0	3
160	1982
0	1982
9	15
3	15
628	0
819	223
32	222
0	8
9	8
0	0
2	50
0	40
88	0
722	0
223	122
0	71
0	51
73	249
0	249
0	0
0	1003
1147	1003
63	234
0	179
105	155
0	0
0	10
48	10
90	258
2	0
0	3
0	3
509	518
0	244
16	274
1598	1962
495	0
1	3
0	5
11	56
0	56
0	39
0	0
33	0
346	572
0	43
12	302
0	0
0	0
0	0
4	0
0	0
0	756
0	157
361	6321
156	6424
423	293
0	44
2	0
12	0
0	0
0	1
88	1159
187	1132
0	1545
0	2596
0	2116
96	927
0	2070
0	2550
0	5
0	431
0	532
745	748
58	786
0	704
165	48
4	17
0	48
0	1
0	0
8	0
48	327
636	1528
25	742
325	1347
0	0
8	0
714	0
6	37
0	2
0	540
0	191
595	484
1133	4
5475	4
0	367
3	369
9	355
0	367
0	295
0	0
0	14
24	108
0	108
1201	3199
0	0
0	3
0	0
0	0
5	0
0	64
226	65
32	1766
522	1528
2	1776
213	2640
0	116
0	2656
0	2656
3	2762
118	525
0	9
0	4
0	28
0	0
79	41
0	0
0	0
176	4050
0	231
1334	3692
2	738
5	350
1573	981
3	17
333	17
4940	5165
0	11
0	0
10	11
0	0
0	0
0	10
0	227
0	0
4	6
4	297
0	296
1	3
93	623
0	0
0	0
206	0
0	4
2	0
376	155
0	6
43	0
961	1346
2	466
0	984
22	89
0	0
0	0
0	0
0	0
69	1
2236	260
0	257
4	0
26	5722
413	5720
7	18
0	18
0	0
0	18
5	0
0	0
0	0
6	9
0	6
195	492
3	8
0	6
0	0
0	0
12	90
17	90
0	426
36	1379
7192	1811
0	4
25	4
1	2520
0	371
590	20538
100	18193
0	8263
4	19177
0	0
0	0
61	40
6	40
0	0
1103	731
0	577
0	444
0	655
1	35
1	41
425	147
0	106
0	0
257	8873
9758	8882
0	4252
0	0
69	1
110	1
940	339
1031	340
1295	0
201	0
978	2336
0	688
485	413
138	1648
0	21
128	21
234	0
98	0
0	0
0	0
0	0
2	56
46	298
57	303
0	680
1750	687
0	0
0	0
0	0
0	0
482	5
227	0
3360	2
0	1
117	611
474	2829
0	729
0	2209
4033	4051
26	3086
0	4041
0	0
0	600
0	66
0	4991
0	5048
90	5036
45	769
89	769
45	301
0	130
351	1763
629	1507
164	4
0	4
982	2019
1	120
0	2017
1	144
0	5
0	124
0	133
54	91
0	807
0	280
3134	820
83	318
4	318
25	0
150	0
9	522
251	3
10	382
5	1224
0	1224
11	1224
1	0
0	0
0	0
0	2442
0	2377
0	2377
8	1960
0	0
39	0
74	47
0	47
0	159
0	989
0	208
0	12
154	1019
0	1019
0	944
274	282
16	282
26	383
258	465
0	23
0	3
51	26
0	0
0	6
1666	6
0	0
0	3
0	3
62	16
0	16
9	25
43	63
8	76
4	68
0	114
2045	261
0	0
0	5
0	7
0	7
190	3385
0	837
0	3385
354	1244
0	161
0	1244
0	0
0	0
151	87
0	87
0	0
0	1483
0	11000
438	11000
0	601
66	601
0	4007
0	3667
34	3893
0	3917
0	49
0	75
3	99
10	467
8	470
4	370
0	482
0	162
2	0
440	1278
0	1278
360	134
0	134
2269	416
0	416
26	15
0	15
317	255
0	255
49	373
0	373
0	373
74	0
0	0
0	2
0	2
0	266
194	266
0	0
0	20
0	7
0	9
0	0
0	16
1799	1533
0	1115
214	1472
129	287
0	1938
0	1938
1254	3346
7	837
160	3342
0	87
0	64
0	34
0	67
0	0
0	0
71	48
0	0
4	48
0	9
2	45
4	56
0	56
0	14
0	14
182	19
0	19
0	15
95	0
1170	0
3892	3
710	0
0	25
20	56
13	66
32	0
0	0
0	22
25	22
0	22
0	3
0	3
0	480
0	100
0	2035
724	2035
0	232
25	242
5	61
0	2
8	36
0	0
0	0
13	0
0	0
0	0
0	0
0	170
416	170
0	5411
0	121
0	602
0	739
1869	5414
337	2323
8	1044
0	1004
36	938
1	0
0	0
0	16
0	16
0	129
22	0
22	6211
0	1072
0	6049
3	103
0	382
0	253
0	884
10	847
0	855
0	813
0	378
0	134
0	198
0	540
0	378
1	3089
0	144
0	2969
91	107
16	2621
49	2866
0	491
0	2252
1	2923
13	211
541	213
1	10
0	11
20	49
0	49
400	287
0	287
0	287
0	287
203	0
12	0
0	281
699	281
4	28
0	2234
1273	2234
0	0
0	3
0	3
277	1466
74	1466
543	255
0	0
6	42
39	80
0	0
25	10
0	9
0	39
5	55
43	55
45	2641
13	2641
804	107
4408	1903
0	144
0	107
0	1903
1092	775
6	180
86	571
40	734
2558	1956
964	1956
22	127
35	127
437	0
110	1102
0	1102
201	5883
0	5615
29	5883
12	1038
0	1038
0	0
6308	8
266	2957
54	439
0	2488
11	2999
420	5443
0	5437
1057	83
0	83
0	0
505	50
0	50
0	0
24	430
0	55
3602	3620
0	0
0	18
21	0
0	61
0	61
0	0
116	126
0	6
8	0
902	930
0	26
0	26
0	137
0	137
49	397
47	397
0	311
0	0
14	0
375	442
0	440
166	45
0	45
2114	12
8561	6
0	0
362	0
0	54
0	226
0	24
0	0
0	226
21	0
0	0
0	0
9	1
0	62
73	308
0	102
140	494
1	494
0	0
0	0
3810	4
3	5
0	5
702	9915
414	9915
100	0
198	0
0	10
26	10
63	294
45	294
0	60
554	3551
0	60
253	3491
2	0
1384	1960
0	1411
2245	1468
0	1462
1089	0
439	569
4	569
4	581
45	581
90	55
0	53
4	0
39	78
865	78
1	241
2	241
0	241
0	164
21	256
0	7
2312	257
90	129
15	129
6315	1
8	8
0	8
0	8
2355	2283
3	322
0	1031
0	584
809	6
0	537
0	1900
0	427
0	427
83	2013
0	122
813	744
0	338
0	613
5	279
57	729
0	35
160	1008
7	3
0	3
0	4
18	4
0	0
2	0
123	0
25	2456
0	166
88	5354
0	5398
0	5467
0	3403
0	5490
1707	2
0	0
0	0
0	10
8	10
254	57
0	11
3323	2252
0	2247
70	2393
121	2751
57	2807
56611	38
387	7
5	6
35	1277
109	6673
218	808
2	4919
350	3722
0	4014
14	3991
0	4502
532	0
643	0
0	337
12	337
0	0
0	0
0	8
0	0
0	8
7772	11077
12	5431
636	0
236	0
0	241
785	260
0	209
1126	5
0	4
0	4
0	156
4	229
0	229
0	0
0	0
154	215
121	215
250	0
20	0
0	0
0	0
0	0
4	8
8	7
0	7
0	5
0	22
0	22
542	324
0	302
0	20
90	340
43	340
0	27
0	25
7	27
8484	971
107	717
0	964
0	137
0	118
0	118
0	129
0	0
0	0
0	0
0	19
0	16
0	47
0	51
0	17
0	49
2	56
317	1289
0	7
1	1158
0	861
7168	1053
0	47
0	134
41	146
2209	143
749	978
13	810
441	0
0	287
0	279
8	256
1027	36
0	36
2820	4
336	470
5605	0
0	0
0	0
0	510
0	75
1	30
1421	1
4704	1857
4302	2
1529	1119
39	1117
9	0
0	4
2	30
0	684
0	4
0	685
6	685
8	69
0	0
3300	0
0	0
1	0
2351	0
139	4
0	4
3	0
0	0
0	0
3	29
258	31
6250	2
510	0
0	21
0	23
0	34
3	32
6	0
0	48
222	231
472	117
3	117
0	0
0	42
0	42
174	925
0	925
83	32
0	32
0	1602
448	2827
0	288
3279	3737
0	0
32	60
0	9
0	51
258	0
3	0
0	81
137	534
118	534
5	0
6	568
0	350
0	1140
81	1007
3178	3086
3	983
68	1285
0	2852
0	0
26	9
0	9
0	7
281	280
0	280
1467	0
89	593
1195	598
12714	6
489	2498
4	2242
999	701
17	700
93	0
10	0
329	0
1038	1
9	1
297	0
0	0
339	0
1862	2237
0	0
0	0
0	0
0	0
0	0
0	0
1016	2116
11	2116
2609	1003
0	1003
44	931
146	1284
707	1180
9	478
11	240
195	599
0	179
5	161
69	205
44	1111
0	285
7	996
0	1111
139	475
0	237
0	374
621	0
223	83
0	83
0	20
0	7
0	6
23	22
15	56
0	1057
2294	1057
23	32
0	576
3982	578
28	17
0	17
0	0
0	0
180	1
419	788
0	788
0	0
11	0
0	0
5	2
0	3
1	5
0	0
0	0
134	44
0	44
12	6
0	6
0	0
7	0
143	51
0	51
0	1032
94	1032
5	1032
117	2967
62	3028
34	965
36	223
7	223
926	902
0	210
0	208
11	163
23	0
3	0
1	6
0	6
145	0
0	32
0	32
4003	2563
27	541
1247	5
5	2
291	1126
0	789
0	1083
0	1079
0	1380
4415	1381
4245	3
311	14
1	14
878	0
75	0
4	489
1956	1586
23	58
307	149
304	167
537	0
0	8
3	135
29	135
2087	528
22	383
9	196
60	0
0	1319
687	1588
647	3379
11	106
0	62
0	45
0	86
0	0
188	0
111	0
2	2
0	2
0	3
0	82
84	426
2	18
0	359
1	18
0	851
0	745
4	245
0	316
6	122
0	111
14	849
1657	0
0	61
116	61
8	68
4	68
0	76
0	0
0	0
894	879
0	0
0	723
0	32
0	145
133	1601
0	879
6	1601
0	500
0	416
0	135
4	275
1231	691
121	78
83	312
390	535
48	531
0	336
3426	845
0	0
0	0
1893	1
87	24
0	9
0	25
0	7
23	25
11	20
570	689
45	599
0	288
2908	380
43	2
976	0
5	18
7	18
144	0
1117	0
64	0
7	123
3	123
541	3702
0	495
121	3702
0	0
40	0
469	184
0	184
0	181
0	181
0	91
52	0
0	61
0	0
0	61
2	4
0	0
0	0
9402	10
110	1651
15	1651
26	39
15	39
227	22
4	22
54	117
38	0
0	117
0	74
0	734
151	739
213	0
173	0
0	0
0	0
0	0
0	0
29	0
595	0
0	0
0	0
5	0
0	779
0	454
36	2150
17	1977
330	0
376	34
0	34
1	934
0	157
0	519
0	0
0	0
7	0
109	341
0	24
2649	9
6	9
53866	41
169	380
35	380
228	124
3	124
0	3
0	3
43	5944
193	12927
363	4230
2502	12428
4388	1305
9	1301
50	27
0	27
0	14
0	14
0	14
451	0
3025	5166
1	5189
0	1660
0	0
0	4
0	60
61	394
0	355
49	383
0	392
0	0
0	0
0	0
4329	1
0	0
0	0
2023	2
1382	0
2	4
0	4
0	8
0	8
1693	21303
0	3012
12	19959
0	21116
0	22175
17	0
0	0
0	0
0	0
3838	371
0	365
0	191
0	127
0	96
0	87
12	654
5	53
0	633
22	138
154	138
4	0
4407	8
0	0
0	0
0	0
4238	5
0	0
120	548
124	548
1484	5
960	3828
0	197
231	252
0	0
2160	258
0	2
85	252
0	54
23	337
0	439
29	69
415	241
0	3
0	3
0	0
0	0
0	10
0	198
12	104
25	66
18	417
2	420
0	0
0	0
0	0
436	0
79	284
0	324
24	712
0	99
0	712
45	53
1000	6
350	809
0	809
41	284
0	211
93	33869
271	34935
4584	32728
199	33848
0	444
84	444
0	66
0	91
80	409
0	423
0	21
0	21
7401	4501
734	3383
8	1168
12	17
0	4494
122	0
70	82
0	82
1042	225
0	108
0	198
430	190
0	190
6	6
0	1
0	1649
0	444
4417	594
10	3762
30	3777
22	3423
89	1741
2	1741
435	0
6	23
0	16
0	17
497	0
2	0
3	6
0	6
25	20
0	417
183	1670
10	1670
1098	4
0	0
0	0
0	0
3	8034
79	1261
0	367
0	2959
629	8027
0	1
7	1
0	312
0	3321
86	4146
0	847
0	0
0	11341
9	6392
131	11284
3796	80
216	0
0	0
848	5910
0	1828
0	1606
0	1023
38	5351
0	0
0	0
0	0
0	0
15	0
32	0
525	1405
0	1405
0	381
34	382
586	1
151	28
0	0
489	0
294	253
0	253
0	71
32	94
18128	18636
19	2437
0	1777
0	17698
0	0
31	75
261	0
28	0
10	26
121	0
0	13
0	13
0	13
0	13
0	13
0	13
0	13
17	329
19	329
376	24
14	0
0	23
2379	0
668	152
0	152
5794	0
210	316
10	313
136	1989
0	339
2	1800
0	1995
194	46
0	46
0	5
18	5
245	0
0	4057
0	3995
0	3993
0	3944
36	3950
0	3479
0	4035
11	85
212	0
1625	63
0	62
0	62
0	0
0	0
0	209
0	32
167	254
0	201
163	202
180	0
0	0
0	0
0	106
0	65
29	187
0	82
2034	963
209	879
107	418
8	7
0	45
25	418
0	0
59	0
3208	1955
0	1941
237	25
73	24
80	0
0	12
0	0
0	13
7	14
0	389
0	21
0	503
12	530
0	0
0	3
6	54
25	13
128	54
141	0
82	15
0	15
0	3
342	0
69	13
0	13
0	0
5	0
0	0
20	3
0	5
837	0
36	0
6	66
0	0
445	89
0	0
0	0
5	23
0	10
0	1059
0	89
0	35
6	1047
16	722
0	123
23	131
0	133
0	122
25	145
12	46
225	17
0	0
0	0
67	78
0	78
0	1
37	1
19	340
0	74
0	89
119	915
0	689
4	357
64	0
0	0
18	33
4	270
807	270
0	0
0	0
0	0
61	93
0	5
0	88
968	293
0	289
4	0
0	0
0	1
0	0
238	10
0	10
5	511
377	547
175	7628
91	2841
211	664
28	7628
7	0
32	0
1	0
3	7
2847	1
38	78
0	78
265	451
2562	1
0	216
1705	1267
0	102
0	1
807	103
0	103
6	33
274	413
0	0
0	411
1244	1383
12	1379
143	0
0	23
1	23
392	1016
0	1016
493	4535
141	4535
0	2502
220	3290
0	3679
0	847
98	1378
0	1378
0	0
0	3
421	139
4643	11917
0	13
0	15
0	27
0	33
0	94
0	0
0	9
0	79
0	94
0	92
438	225
0	225
84	0
213	0
21	0
6	0
680	0
0	0
77	38
0	30
19	0
76	161
101	158
0	85
0	152
6	1364
0	275
138	1364
0	476
0	453
391	1694
0	1329
137	0
10	65
0	0
1	61
0	61
0	0
0	0
6775	1
1506	25
0	24
1906	1053
55	1053
8	0
521	3
0	0
0	0
0	0
0	0
0	3
0	3
0	0
0	0
0	5
0	0
0	0
0	0
1	404
52	404
0	0
135	1510
43	1510
35	716
759	445
9	0
1280	1827
36	648
0	837
0	890
0	675
0	1008
0	1050
30	11
0	11
21	9
32	7
0	8
7	7
10	6
0	0
0	176
0	37
24	64
16	862
4	903
0	94
0	271
1	243
0	1318
0	150
0	378
167	1352
0	246
169	349
213	512
23	193
171	921
199	2378
0	22
0	87
6	1757
0	2289
0	17
0	14
2440	274
0	274
0	226
0	294
0	36
0	66
0	104
20	267
508	305
0	102
0	893
0	20
45	914
0	863
0	844
0	15
0	1
141	54
0	54
5	0
0	0
368	1260
0	254
0	948
174	58
1461	21
0	19
1197	1
0	0
0	0
0	0
4479	5
437	0
0	0
47	0
0	0
2531	1
4104	4
93	1
0	43
0	12
0	4
0	39
1	33
0	4
0	4
0	4
0	4
0	4
0	17
2	17
0	0
1819	1509
0	1509
0	506
5146	509
0	252
1172	252
0	0
0	0
3384	2
95	1
0	0
0	0
0	0
224	0
132	184
3	184
204	1837
4	1837
19	714
4	714
4	0
193	115
3	115
0	0
653	21
0	21
0	0
0	0
0	0
67	0
0	1064
42	1105
618	0
514	0
0	15
17	121
4	129
30	62
1413	0
1540	16536
0	2533
0	1812
349	0
0	0
2880	778
0	778
0	11
49	23
0	0
0	73
340	114
0	113
132	160
2425	164
47	3127
790	5069
324	3050
1993	8497
0	129
278	179
117	311
0	19
42	19
2	73
0	73
3	1
172	1070
16	3100
90	3035
470	1855
50	1855
153	0
0	501
170	501
3	0
13	0
0	0
0	145
0	6
2	103
12	25
0	125
0	412
43	397
1531	0
0	0
0	396
1223	2326
3	2580
0	0
0	0
60	252
0	530
42	3094
349	3086
718	11891
0	2363
0	9248
0	1410
3	11577
0	0
8	5
14	0
0	0
0	0
0	0
0	0
0	0
0	0
0	0
0	0
0	0
0	0
0	0
0	0
0	0
0	0
0	0
0	0
0	0
0	0
0	0
0	0
385	0
3104	1284
6	1278
0	158
244	158
26	0
4	0
0	0
3	34
0	3
0	25
0	48
0	48
3273	8013
2	8013
72	1657
3	1657
79	601
0	656
4756	173
0	170
11	0
0	12
249	12
166	410
21	206
0	260
83	260
1436	1418
0	1302
1	652
3504	4177
277	1
850	0
20	346
295	348
644	543
0	68
0	1
0	61
0	5
0	5
0	61
0	61
0	61
80	0
11	15
1790	32
0	30
0	0
477	0
758	501
0	0
0	500
712	55
0	13
0	42
8294	3671
2	1872
0	1792
0	2
0	2
253	0
0	16
334	16
150	209
131	209
137	0
1677	2
0	134
0	134
4387	5
3205	1
0	12
0	460
7	460
0	0
359	0
0	0
546	260
0	745
57	745
54	0
0	0
0	2
0	2
0	124
0	324
0	334
0	0
20	123
71	123
52	167
172	266
0	99
25	62
813	0
0	0
0	0
0	0
0	152
0	185
82	0
0	410
0	438
8	361
1	60
178	127
40	127
2300	836
0	835
708	3668
818	3668
458	1632
0	1632
44	13
182	927
125	1345
44	150
7	91
495	3795
4050	2094
1611	8400
313	0
0	4
0	4
0	0
0	829
35	829
1423	716
0	715
74	999
0	129
122	219
0	1091
0	19
0	936
27	171
597	1279
401	0
1	121
179	7
5	0
18	178
0	178
0	78
263	78
0	474
0	240
257	989
0	0
0	1188
1280	4
0	53
0	600
0	679
11	694
3025	5920
7	1117
0	5598
0	3248
73	3347
7	3343
289	0
473	0
9	70
6	70
4	0
692	0
0	0
0	0
0	91
11	115
0	115
0	934
605	939
4	18
15	0
1586	106
0	104
1396	311
0	6
2419	0
0	2110
0	30
0	1923
977	0
3862	1
0	2
0	2
0	0
0	0
0	0
0	0
0	0
0	0
10	22
18	18
14	4
562	529
0	523
0	385
0	13
0	13
39	401
0	394
0	4
0	4
0	0
0	0
3142	7
161	12880
0	6567
0	816
0	11781
4	188
0	57
0	189
870	0
72	2093
101	2035
1	1380
0	348
1962	1363
382	1226
0	1480
0	0
0	3
6562	3852
0	3847
0	0
0	0
35	601
0	553
0	601
306	401
0	336
3	82
22	26
0	26
0	20
0	8
0	20
30	13331
351	12332
31	12209
8	6827
1	10456
0	10372
431	385
35	691
0	592
100	630
7	0
0	1139
49	1319
0	1319
0	1319
35	18
0	18
0	420
17	275
414	1602
6	1565
0	0
1	96
4	648
7	459
23	1905
85	1988
92	2843
0	4588
3423	4593
343	297
0	297
18	27
0	27
579	336
0	228
305	1052
260	652
3758	2179
0	2178
0	0
0	0
0	0
0	0
0	0
0	0
12	0
8	0
31	0
70	3
0	0
0	0
37	7531
9719	31937
0	31931
0	91
31	120
0	80
235	214
3	66
0	104
0	52
14	44
0	118
168	118
0	20
26	3
23	749
320	805
7	2
0	180
24	809
0	740
0	39
0	237
84	239
134	132
0	132
98	83
9	83
31	0
0	2307
0	2356
0	27
8	106
0	0
0	0
20	341
63	341
0	265
64	372
1	113
267	0
0	955
687	1056
248	31
5	31
0	0
0	0
19	0
0	0
0	0
5	1532
69	1534
0	91
0	91
0	7
7	7
16948	2238
14	135
0	0
0	0
0	1
9727	6
157	1157
0	1156
0	1157
0	1156
35	96
0	0
2	5
13	6
0	6
16	25
4534	4
12	73
0	54
2	2
5	2
0	1
62	85
0	85
0	75
0	75
0	0
0	0
0	0
24	81
0	15
141	182
0	0
0	0
0	0
0	0
48	0
0	399
0	336
0	846
0	909
2833	0
475	0
35	1637
7	1637
0	344
0	344
0	344
624	0
524	545
66	567
355	0
165	0
47	68
2	602
165	830
45	646
23	73
24	54
0	54
0	716
551	1227
0	718
0	535
0	455
0	1845
80	2636
0	1977
175	0
28	0
0	2
0	2
0	1807
1124	1812
1	164
0	36
0	164
0	0
0	0
0	0
702	0
290	717
0	176
0	48
0	605
0	28
448	3457
55	230
0	378
43	3129
87	3322
2	6
0	2
84	3200
37	3197
0	3200
49	0
70	703
0	703
491	0
102	0
324	22
765	1412
0	0
0	0
0	0
0	0
10	17
0	171
0	176
0	176
0	464
0	318
12	114
339	464
45	790
0	790
33	982
3963	5
5892	3910
273	111
22	152
0	168
0	170
3875	313
19	1484
17	1484
0	0
2015	0
0	0
0	2
2	2
27	1001
0	603
72	1279
0	347
13	1425
6	64
0	64
65	2026
0	2026
31	125
0	1227
0	80
108	126
0	119
0	82
0	52
0	18
0	48
0	47
2	15
0	47
0	49
0	47
0	49
0	91
0	13
12	50
0	91
0	50
0	119
0	52
1	402
571	1618
0	1618
2	209
45	224
0	0
19	784
0	217
0	564
7	171
0	127
255	556
6384	570
0	0
853	1533
129	1533
0	0
0	0
167	16
0	16
8	53
295	321
5	110
0	256
191	2219
7	2219
408	0
1787	631
203	631
10	0
0	0
2	0
0	3
4	3
1499	2
0	259
0	214
103	163
15	1069
21	979
0	0
32	0
1417	7
101	154
661	0
0	84
0	5
37	136
7	88
0	75
15	108
0	1796
0	269
0	1969
489	50
0	1948
97	0
10	0
122	4486
1347	4486
449	0
0	2253
13	653
0	202
0	65
60	2259
0	283
0	621
40	621
515	7515
130	7513
0	4
18	88
0	85
0	5
0	0
0	0
0	5
2966	0
42	164
0	108
9	0
0	0
0	0
0	1
0	1
0	44
0	40
1	96
75	140
2568	115
0	113
0	0
0	0
0	58
362	58
0	146
0	16
0	576
0	601
0	615
0	0
0	0
0	168
6	1305
0	2233
63	2224
2093	120
12	1233
2	1233
151	0
0	216
0	196
841	2781
5	2623
0	0
322	1
0	3
0	0
0	0
0	0
81	23
0	0
891	0
0	1
6	1
0	0
0	1
74	140
0	26
13	86
123	0
0	0
0	14
310	67
0	67
130	199
2329	415
204	415
200	73
62	52
0	1
0	51
1487	4709
0	1024
58	4702
92	138
0	21
216	0
102	514
0	514
1503	1200
0	1232
0	190
0	190
2796	1532
17	1530
0	186
0	169
162	677
4	212
15	10
0	0
0	0
21	360
197	361
578	639
0	500
0	540
109	254
0	254
0	9
0	0
0	9
0	489
0	80
0	57
0	80
0	0
0	0
0	0
0	1172
5	1061
5	807
124	310
0	292
0	310
4859	0
307	723
40	290
629	3052
223	3052
1	1543
0	1509
0	1543
99	23
3	23
120	46376
0	12391
1266	52119
802	3516
0	1580
10	3193
175	46
0	46
421	800
0	800
20	0
121	88
0	8
804	0
2	276
0	276
1151	394
0	392
640	4752
26	4752
0	3
0	3
154	140
3	140
77	0
710	1202
0	1161
0	1128
0	1113
0	1193
0	91
1	91
0	4
185	0
527	158
5	0
0	0
984	9
0	9
0	13
0	13
5	0
1280	1
0	0
2285	1603
0	1039
3736	2
0	2
0	56
0	14
471	70
4	0
84	88
0	62
98	0
0	0
0	0
0	0
22	0
0	0
184	1212
85	164
4	227
0	1114
0	0
0	0
3	4
0	4
22	0
324	0
52	170
0	170
42	860
26	860
0	193
7	197
12	4
0	0
94	0
0	835
100	835
1351	415
50	415
11	54
0	18
0	15
0	46
13	88
18	213
191	1435
0	1325
1829	1735
4	1716
0	432
0	0
0	44
1	0
6	0
0	7
15	2122
8	11
0	0
5	2122
7073	8
1088	781
107	1269
15	1557
0	366
158	742
0	742
486	0
0	20
30	20
13	3366
0	2578
13738	7641
0	2508
10	0
0	244
55	244
167	1316
12	1199
0	872
330	2135
0	2001
0	1957
0	246
0	0
0	2579
754	2579
0	27
7	683
0	499
0	29
0	23
34	23
4280	3
0	0
0	6
2252	1541
0	1541
0	0
7	0
0	834
324	1372
0	572
3	597
128	13
90	0
201	316
0	163
1	382
0	381
0	359
0	382
0	88
0	48
0	20
6	242
0	67
0	242
33	0
123	0
507	0
0	0
0	0
224	71
0	71
467	0
203	3600
0	3600
2	3242
3	414
6781	1968
0	1761
0	449
391	801
79	801
3168	130
0	130
8	0
0	2
0	6
0	15
0	2
12	22
0	0
1	0
24	571
5163	1353
8	1342
502	2848
69	1121
55	4058
5	0
0	0
49	97
1	97
0	393
0	23
8	201
0	131
195	132
300	461
1156	871
5	7
23	41
0	1
0	33
0	0
4	14
164	2376
14	3912
28	2007
0	4068
0	8
898	1927
130	1927
44	10
5	80
0	3392
41	3392
874	0
110	12
0	0
515	138
10	138
13	54
0	5
1	17
0	17
0	8
0	0
11	8
0	135
13	273
195	2049
1	514
0	344
0	253
10	1916
8	0
450	1864
1503	11714
60916	11745
199	2015
0	1627
0	0
0	0
0	0
5	472
0	92
900	0
0	63
989	517
13	370
8	382
0	3
10	17
3800	1
0	1
48	1
37	193
79	451
26	451
48	20
360	54
24	1999
0	1999
10	36
0	63
0	205
218	205
0	87
0	87
0	66
9	87
0	0
0	5
0	5
259	104
0	104
20	0
184	1296
5	1239
37	1268
17	514
371	514
0	0
64	206
3	1561
1	52
0	1907
0	1942
0	1532
0	1635
3063	1698
0	1772
0	1677
0	666
5	0
21	0
52	14
0	14
1229	666
0	0
5	0
71	0
0	0
0	0
0	0
198	205
0	28
0	0
42	0
1843	4154
0	4154
2581	0
8	3
2414	0
0	464
0	469
0	110
0	43
3	83
15	186
0	114
213	273
0	157
0	346
0	253
461	385
656	589
3	0
0	0
0	0
0	0
37	179
0	72
3017	2
32	0
0	0
5	0
0	0
0	850
0	444
274	850
1629	3
0	0
310	4
288	0
0	0
125	492
289	492
0	303
33	303
10801	10
164	155
0	19
0	155
1	111
114	7700
0	1690
1	2585
69	6807
127	0
0	0
0	3
1	3
0	4
91	0
154	230
9	1040
396	5911
20	5916
0	25
656	0
0	31
0	178
522	203
78	0
34	4925
0	836
11	4506
86	3660
32	8463
4431	418
0	418
0	0
0	0
0	0
0	0
0	0
109	407
9	38
0	398
135	0
1	37
0	37
0	24
170	281
0	262
323	0
755	4730
0	4722
264	100
0	100
0	4
0	0
0	0
1952	768
37	768
0	0
9	97
0	530
0	83
0	129
0	530
55	369
546	0
790	344
44	341
13	12346
1	11016
0	8081
1949	2
200	163
0	159
1	80
4	49
21	71
8	1
166	294
0	294
0	880
399	1132
0	1039
0	0
276	4098
0	6433
3	3282
19	4500
839	0
4	3
0	3
0	6
0	0
0	425
0	6
564	0
0	366
0	40
0	140
68	854
0	159
32	760
37	170
0	170
2480	1
1783	47
0	47
13	0
492	3310
0	390
488	3310
0	123
0	22
422	199
0	178
439	0
0	26
0	7
1224	0
134	0
0	183
307	314
6	30
2	282
190	4
229	864
0	0
4	864
12753	6558
89	76
0	76
223	0
0	26
7	26
0	258
0	22
0	652
85	910
0	18
0	11
0	11
0	18
0	11
0	0
3	0
0	0
727	1329
0	871
288	310
0	12
2	12
0	62
0	3
0	97
0	6
26	6
127	1608
0	606
0	1600
0	253
651	2679
0	565
7	2573
151	0
3785	2
101	206
0	2717
1	964
1	45
0	2717
12	2483
351	0
12939	3388
0	3381
257	0
0	0
0	0
104	199
0	79
0	160
0	29
0	4
47	4
309	0
20	0
120	3217
23	3217
10	13
306	346
264	0
0	0
72	50
622	1148
146	1198
68	0
29	0
0	1024
199	1024
0	31
1617	13445
28	202
0	13383
16	12901
0	13110
54	241
0	241
0	0
270	5
0	5
0	54
0	47
0	89
0	72
2	450
0	466
0	0
3	0
14	18
0	18
11	0
7	20
294	24
0	48
0	48
0	49
128	56
1199	2
0	0
0	0
0	0
8	5787
139	6064
2	108
0	136
6	146
19	140
17	304
0	256
3	71
0	230
0	10
37	10
18	237
0	235
334	0
0	0
14	87
27	87
0	0
6	0
89	0
58	7
0	105
0	243
1974	1106
0	7
0	0
0	0
170	0
2	0
0	0
15	306
9	322
926	1374
15596	1388
9	34
0	0
0	40
0	184
0	126
0	0
194	198
434	675
0	675
0	900
16	898
0	3605
66	527
0	502
0	502
0	3690
2305	5014
12	5013
1714	857
698	856
0	0
0	0
0	0
0	0
0	0
0	0
355	0
319	0
3	56
16	58
1863	1
9983	17
0	0
0	0
5299	4
3406	0
0	29
0	57
0	61
4	769
0	496
0	540
0	31
0	181
0	0
0	0
932	0
0	0
0	0
9	100
0	73
38	96
0	0
6	0
130	0
2893	4972
0	776
0	469
1595	0
631	0
0	41
0	1
0	46
8	382
7	47
0	352
112	1664
0	1664
87	42
0	30
0	0
0	0
12	55
0	51
0	51
0	51
75	0
47	85
4	86
0	85
346	6
191	70
173	206
4	206
10	0
0	0
129	927
0	1391
0	1153
0	331
565	1856
63	1623
516	4
132	181
0	82
542	0
0	8
0	0
0	1708
0	1709
0	1711
3	1704
0	1709
0	1709
289	204
0	202
0	204
0	0
0	76
0	1
0	70
1	7
2966	0
2	11
19	11
10	2823
14087	2835
0	17
0	7
0	6
0	9
490	150
9	139
0	7
72	7
2	0
0	114
6	117
0	11
0	0
0	384
0	132
0	130
0	252
0	0
50	0
36	423
0	423
378	0
8	359
91	359
81	26
11367	2966
0	2964
0	37
312	37
0	1
10	16
36	221
0	184
0	207
8	10
0	10
0	0
0	0
0	0
0	0
0	0
0	0
617	0
113	146
0	0
26	238
2	30
0	35
0	87
0	16
0	91
0	0
14	0
169	0
42	50
0	50
690	4224
74	4224
72	0
93	24
791	0
203	785
4	723
13	772
1516	0
14	0
2588	420
0	273
134	1234
0	1234
5	0
142	488
0	306
0	488
62	0
2698	4
1	0
47	13
24	13
0	357
54	3014
3	3014
0	118
17	665
0	665
46	734
0	428
0	200
713	780
141	64
0	64
2	2
0	277
0	219
3	282
0	0
0	0
1646	2629
4	368
152	1783
0	1783
6	1635
3725	1091
79	1189
0	148
0	148
13	143
0	152
1674	733
0	162
112	459
2	152
6	1080
0	25
36	25
0	25
8	18
0	18
93	34
8	34
673	0
0	78
63	101
4	101
5	78
4	13
0	0
0	0
0	0
3	2
0	2
56	0
21	299
0	299
0	283
50	10
1111	2256
0	2214
0	2285
554	0
2086	0
55	0
30	0
0	36
87	36
973	0
0	0
0	0
0	0
0	0
62	5
264	1002
63	1002
2	395
0	395
33	71
0	69
0	2
0	3083
3	836
22	678
16	401
254	4655
0	2992
3838	2
528	17
0	16
23	62
2926	1773
86	316
0	1783
0	37
5	72
0	59
606	59
24	0
248	265
194	0
1	0
0	0
0	0
0	0
0	0
0	1
12	2
41	3
9	3
0	34
0	132
377	272
0	100
0	216
7714	3
123	1230
0	951
14	1259
51	0
4	132
0	99
0	0
0	0
0	0
0	0
0	0
0	0
0	0
16	1041
1570	1048
1302	2036
0	2034
0	1057
495	987
0	775
2	0
0	0
65	114
0	440
112	330
0	114
99	770
0	2
0	1
263	598
0	26
0	45
22	1410
0	1441
1698	0
91	0
0	21
55	307
0	186
0	218
0	270
0	180
428	1608
0	1608
218	178
0	178
443	972
1198	1
234	7
0	0
0	2
5	2
0	641
2	177
13	630
0	52
0	477
68	2816
0	2449
0	2641
0	2630
125	17
0	17
328	847
0	847
1912	0
47	0
66	1515
0	120
0	1417
123	1374
1235	5
1020	1
5	105
0	105
52	80
0	16
0	16
3	4
0	2
0	4
124	260
0	243
0	0
15	118
8860	9
0	0
0	0
5	0
0	0
0	34
0	48
0	48
545	479
20	479
0	0
0	234
2	37
66	77
0	245
3852	303
75	232
0	247
1	0
2	350
39	5067
0	4846
667	1892
30	1892
0	930
0	257
0	930
1	26
0	26
0	0
869	321
0	320
184	0
4986	0
4490	8
16	0
0	0
0	0
0	0
0	0
336	154
122	0
1846	162
0	70
116	70
27	575
427	575
0	0
21	41
0	41
0	1
0	1
268	521
0	521
0	801
10	724
0	240
0	55
0	38
0	0
0	42
0	19
385	9509
0	8492
303	5180
11	4957
0	3347
0	5190
3659	0
220	9
0	0
0	5
18	5
410	0
0	0
0	1
18	40
39	40
9369	8
404	2725
61	2725
0	1
0	1
104	0
27	0
12	0
96	160
0	160
0	0
191	214
924	214
56	0
21	0
0	0
0	0
32	0
0	707
0	590
0	321
225	846
3	835
143	781
28	0
1234	0
762	0
0	0
0	0
943	1
0	211
19	1724
47	1724
49	39
3	0
0	39
0	20
0	0
0	20
0	263
29	263
0	0
0	0
0	7
17	7
16	1
0	1
0	0
0	0
0	760
204	922
0	669
1990	0
2116	2002
0	2000
2116	220
31	219
138	0
13	11606
39344	31503
0	22663
0	4
0	4
1034	0
0	75
4	72
2047	1800
76	1800
3238	1020
0	1019
2	0
206	0
474	0
2	6
0	11
8	244
541	877
0	803
0	803
0	1025
0	23
4332	3982
8689	3997
252	0
670	1547
13	650
0	1538
0	186
1	573
0	191
32	259
11	551
0	280
3	438
1100	2752
0	2421
0	2635
0	1594
0	2271
44	2615
8142	2
3	19
1301	3
0	1
459	0
125	129
0	17
0	112
56	2896
0	502
50	4401
0	4360
1082	0
0	5
0	1
2057	595
0	595
365	6041
1147	6041
2754	2
225	0
3687	5
0	290
0	257
0	257
3	226
18	255
0	79
0	252
44	260
201	8149
6634	8156
4116	2026
0	1311
3	663
0	0
38	15
0	15
6	81
0	0
0	0
0	0
19	13
0	13
2	0
2123	2906
7	2303
1	1829
10	1535
4164	873
0	422
0	448
4	86
0	34
0	34
0	86
0	0
11	320
15	92
0	34
38	226
0	177
11	255
35	296
0	296
140	0
44	755
47	755
9627	1
3	6
0	42
0	14
40	57
0	0
1004	2235
0	2235
0	2235
816	0
3551	0
21	0
68	193
0	51
0	177
0	0
0	6
0	298
0	13
157	533
4	468
6105	4
0	73
125	284
7292	1450
0	22
0	567
0	629
0	470
3	145
0	43
793	939
2	800
0	0
660	553
214	644
24	141
0	777
3384	2
0	9
8	9
4328	1709
0	1049
0	243
1	179
0	553
81	87
1	0
0	0
0	0
845	0
98	627
7	523
0	321
0	133
0	74
0	50
0	14
0	28
0	41
0	41
0	30
0	7
2063	1646
105	1645
0	3098
0	3098
0	3098
673	3098
0	0
0	0
0	0
0	0
26	0
0	0
0	0
145	35
0	35
109	413
0	413
2	2020
0	965
9	2099
0	14
0	0
0	14
45	123
0	123
5	0
7	166
0	158
0	166
2	170
0	55
25	55
647	401
117	126
0	126
538	0
0	756
0	544
203	756
34	608
0	0
0	0
0	0
76	101
0	343
0	272
7	211
189	665
40	1403
27	93
2310	1404
2074	369
0	325
0	37
236	0
0	326
123	327
0	41
4	41
10	34
2146	0
9	0
157	0
465	0
218	1046
5	310
0	288
37	729
0	743
0	0
0	0
1386	519
0	1135
954	1674
243	598
0	598
1446	0
0	0
0	0
0	0
442	0
0	37
6	39
2557	184
0	181
0	32
0	555
0	0
0	580
0	12
0	4
12	4
4	47
0	0
0	47
1973	892
0	887
133	220
43	220
0	0
0	0
0	0
1	0
0	0
0	0
7	0
0	0
67	0
0	0
0	18
0	31
0	2
20	31
703	1784
4	1260
648	0
5	0
0	0
4151	2
0	12
1772	301
26	0
4964	16
0	8
18	119
20	119
3	36
0	21
10	21
51	0
0	55
328	333
0	332
2	0
3268	2643
0	1812
326	2293
0	98
5	98
0	123
0	61
0	166
0	692
18	56
85	692
46	87
0	3
0	84
84	58
0	58
8	399
0	384
10	0
1751	0
242	0
4	397
1	385
0	18
2649	2
0	0
0	7
26	43
0	0
0	6
0	6
0	0
0	1089
559	1150
0	1118
20	233
0	233
771	1861
111	703
522	1378
3854	4250
0	4244
1354	4081
0	3422
1267	3
7	47
0	10
0	36
0	18
0	11
4	15
0	16
0	11
0	31
0	2929
208	2930
195	1093
25	641
8	53
109	1232
36	512
237	512
0	0
0	0
0	0
74	0
0	1
0	1
584	0
0	438
74	438
0	36
1952	1561
0	151
0	1567
0	0
0	0
342	0
8762	4
0	0
723	0
170	0
623	0
188	210
0	0
0	210
329	15520
0	2713
1	2915
39	15015
882	14954
0	10583
0	10341
0	11266
0	11508
0	60
0	132
0	678
30	543
0	612
0	0
0	0
427	718
275	103
0	677
1	926
3476	926
238	1604
532	1604
935	0
0	20
29	8
0	20
1218	9
0	768
0	189
0	768
0	10
0	816
211	816
0	7
2	57
0	57
0	0
0	0
0	0
256	693
0	693
386	0
541	52
1430	2
2	261
0	10
0	30
29	249
68	212
0	218
415	558
0	558
0	22
0	40
0	22
0	143
0	50
24	195
2	159
16	201
5	224
0	224
0	0
0	0
0	0
0	0
0	12
1960	13
676	0
0	0
212	61
1599	0
0	0
0	0
0	0
19	973
0	0
10	973
73	236
0	156
0	31
0	146
0	22
0	246
2	205
0	178
0	151
0	178
6170	3
836	566
0	566
0	0
4	0
0	0
0	7
0	0
8	7
2	12
0	12
0	12
233	309
0	309
243	0
14	629
13	643
0	660
4	635
263	666
474	1480
8	8
0	6
1	1506
0	56
0	1
8	209
0	30
1	17
0	45
0	182
22	0
3527	1
40	0
36	1
0	295
0	295
0	211
2	205
0	69
0	836
3	700
4214	0
0	826
0	839
0	598
0	839
66	576
0	574
0	394
73	648
0	141
56	0
0	648
1514	0
0	0
25	2159
385	2159
565	32
0	32
10	0
0	0
0	0
30	0
351	1171
0	902
0	1030
135	0
64	682
0	609
0	141
0	271
0	242
453	279
0	204
13	204
86	132
0	132
0	1
0	1
7	17
0	875
223	875
42	198
0	836
1289	1
0	64
8	4
25	64
2064	2
4764	12
0	193
0	47
0	28
0	193
21	174
3	184
25	181
0	181
0	51
0	31
102	51
2472	0
4	97
14	97
8	0
964	1123
0	1122
0	0
0	0
134	0
0	0
0	0
32	757
2	113
0	138
0	54
2	760
0	758
207	67
16	87
0	57
16	0
0	0
0	0
1607	0
465	2652
3889	2654
0	2264
338	0
0	0
0	0
0	0
12	0
245	878
440	878
0	6
11	6
319	1095
70	1095
0	55
0	172
418	172
786	421
201	1
0	0
0	0
0	6
1	21
246	27
19	411
0	0
546	411
34	49
0	12
0	37
617	197
0	197
512	175
0	124
0	45
316	0
344	39
0	36
3487	8
24	89
0	45
0	48
495	0
5	747
0	543
35	289
0	532
402	781
0	781
117	180
9	180
15	47
0	60
15	331
0	98
0	1769
0	1693
0	0
220	2
0	0
6	0
269	490
1	4
0	490
18	484
144	1
220	150
2	150
13	174
3	977
0	977
0	0
80	0
0	0
0	0
596	2
20	789
0	636
0	560
0	0
0	0
0	21
0	21
16	10
0	10
0	0
284	0
698	1320
0	0
0	0
55	0
0	48
273	48
0	94
74	279
1823	1794
0	1438
6	368
24	319
0	1380
38	1667
266	0
8	0
0	0
828	0
80	39
0	39
0	2
23	13
0	9
79	0
25	21
0	399
2412	402
0	2
0	2
574	0
642	4471
0	4471
0	6
82	233
4	233
1030	551
54	551
1870	0
0	17
115	17
293	664
0	158
0	359
0	463
0	21
0	13
17	792
0	792
0	4
0	16
0	16
529	470
0	471
0	471
0	0
554	254
1	254
0	55
1414	461
19	484
0	484
599	377
0	377
0	0
0	201
0	201
0	80
1407	6831
300	1452
50	72
0	0
0	5
0	0
60	1417
2	1417
56	315
133	27
0	38
5	286
0	288
3	129
0	0
0	0
0	687
0	562
3	1787
0	2298
0	2058
54	2236
0	0
0	0
2	20
0	20
2	4
0	4
46	119
0	119
21	7
140	0
0	9
7	20
1	20
0	7
1179	2418
675	2418
0	2415
0	0
0	12
0	12
0	0
0	2
689	7057
0	7078
0	6928
0	7225
496	440
0	440
0	0
0	304
0	304
0	272
0	7
3	7
0	0
10	0
0	38
0	38
0	38
0	61
0	68
27	188
2	92
25	188
0	14618
29034	14646
0	133
41	774
13	774
1260	0
575	0
4831	3
241	23
0	2
55146	9865
544	2
0	0
0	1574
0	1544
0	29
0	0
0	972
0	918
3	921
0	966
0	996
188	465
0	464
2205	3
425	502
505	502
134	0
743	0
443	36
0	36
341	328
0	328
0	49
119	49
150	241
158	210
0	0
0	8251
242	8251
218	8042
2518	1459
1	217
0	1457
114	15
5	0
3244	1887
15823	10
61	2196
308	2196
5	24
3	941
587	1234
13163	4674
0	47
17	4649
16	19
0	19
565	390
0	370
0	243
0	193
0	6
0	0
0	0
79	0
109	0
0	58
0	46
16	350
8	125
23	332
0	47
0	44
0	61
0	424
0	438
1	245
1061	245
1	25
0	25
0	23
1373	2848
21	0
0	0
0	0
0	230
0	53
0	81
0	0
14	0
130	2994
0	1467
253	3343
0	0
0	0
329283	88153
7888	6
0	5
20	5
0	0
1096	3
0	0
0	0
4	3522
38946	3555
0	61
107	61
0	0
0	1972
334	1972
0	0
0	0
880	193
7	189
26	0
379	0
51	72
0	84
21	23
7	20
0	20
1804	0
0	0
0	0
2622	557
1951	0
156	53
4858	3
8	1985
1569	1985
0	0
0	502
0	856
121	1307
24	0
9	4
0	0
1	4
0	3
0	3
160	644
0	0
0	0
0	0
0	871
127	1190
61	1190
0	271
0	532
595	766
9	3266
0	92
0	3222
45	450
50	3225
0	0
0	0
0	0
0	0
59	2650
35	2650
621	310
0	309
48	157
0	1
0	1
0	26
0	5
744	1278
0	157
0	114
173	114
43416	27
1445	96
0	42
0	54
0	6
0	6
0	6
0	6
111	6
701	9504
68	9595
0	9595
0	0
0	0
1303	0
0	15
194	15
0	2
0	0
0	4069
57	4032
22	4022
0	2748
0	4132
0	4095
10026	5856
0	5844
132	157
3	0
20	12
0	553
15	553
1614	2810
0	2809
0	34
10	106
0	0
0	0
0	0
1063	3
0	1
4	1
0	0
0	0
0	0
0	0
0	6
366	185
0	185
0	75
7407	93
13	88
0	0
1008	0
0	3
46	13
0	13
0	132
109	132
1066	0
6	0
0	198
11	1800
0	1800
8	72
298	0
0	12
8921	891
0	889
0	889
42	889
0	334
39	613
507	1488
0	921
0	1046
258	0
0	0
1219	0
0	1
67	12
0	12
555	0
667	2544
15	2538
0	1274
2881	7
84	169
2	283
348	283
1353	0
1	0
3	0
2	116
14	116
325	1259
582	1260
10	2009
3719	4808
0	2845
0	668
459	2
2	6
0	28
13	51
0	22
0	18
0	18
0	22
0	20
0	0
0	0
2523	316
0	218
0	32
0	61
97	12
0	12
28	0
0	0
75	94
0	94
222	1055
0	1384
1	1340
7930	15
776	0
4894	3389
12	0
106	0
0	0
8	214
1396	0
0	446
189	446
3604	16
0	1
0	1
734	3
27193	12
304	1657
0	1657
8	1549
686	866
3	176
0	1
0	0
10	2108
90	2108
0	3
0	3
18910	16
9	921
0	353
0	94
13	882
18	900
0	900
2992	2031
176	2026
740	0
0	0
0	9
17	9
4	906
1268	906
5	0
0	0
852	1002
1639	1519
0	1472
55	1455
0	0
0	0
247	512
0	512
0	0
0	28
5	33
0	26
3488	69
0	67
0	9
0	9
258	2348
0	2267
15	2200
0	0
0	0
0	0
0	0
0	0
0	542
0	121
292	0
317	1107
71	0
273	288
56	9
0	9
0	0
1405	0
2415	1310
0	1308
89	210
0	210
11	0
0	0
0	0
475	148
0	147
0	13
26	13
0	0
3	10210
5	12854
16	12874
6	13342
0	3651
3985	17563
7	13
0	13
38	1001
31	1001
0	0
0	0
6	0
0	0
92	0
71	286
81	286
9	32
93	59
2572	1
5	3945
0	1904
421	3688
7	62
0	9
0	62
3401	729
1236	728
0	0
126	2857
0	868
0	2857
879	320
0	318
684	0
250	0
303	332
196	87
4	348
12	353
0	2
821	1126
1248	1128
692	364
0	363
0	824
1682	826
2054	362
1455	360
1662	0
1405	0
4	38
0	5
0	8
0	8
0	9
172	126
4	12
0	0
0	5
1	7
5565	7
0	0
0	0
0	0
0	2
53	2
0	0
0	0
488	180
731	1
0	5
0	5
15	5
3	0
0	0
0	0
0	2
14	2
0	0
0	0
28	0
2368	0
0	18
0	18
0	0
206	259
0	106
0	0
0	0
25	247
0	215
3	251
0	0
0	0
0	0
0	356
20	382
967	5
674	1559
0	1559
0	0
0	0
0	0
5	163
45	163
4	16
0	16
2196	2
396	0
0	1152
0	58
26	1168
0	2
41	2
6	0
0	0
37	10
0	22
0	6
171	22
10	736
1998	736
16	0
2	2
3	621
119	574
75	415
0	0
0	215
0	215
357	0
0	4
0	14
9	7
2786	1603
10	1602
27	9
0	0
162	2
0	38
0	1513
0	150
2	0
28	98
0	1606
5	1506
0	1586
0	1603
0	261
32	721
561	5208
10	5208
0	0
0	2
0	0
9	1017
520	1017
2650	983
1423	0
5	4
0	0
462	0
37	437
0	18
0	3
0	0
0	0
0	3
105	0
3813	2402
12	2402
24	0
0	3
0	3
83	0
0	412
0	418
874	495
4	410
370	198
436	186
5	186
27	0
54	429
0	806
0	788
881	1809
0	0
28	14
0	14
0	0
0	0
0	0
7988	5
0	643
9	17
174	643
0	29
589	1437
17	81
0	1474
507	28
187	28
63	187
0	47
0	140
0	64
1	140
0	1605
3136	1608
264	0
172	13
0	5
0	2
119	0
8	0
0	0
505	0
38	0
10	83
0	83
1916	5
111	19
1368	0
0	8347
0	13792
0	10796
146	16020
0	8089
0	4
0	4
0	4
235	72
11936	4
0	19
0	19
16926	13
2	54
0	54
30	115
0	66
129	105
1203	3318
13	3316
31	0
245	1673
49	460
91	1673
11	24
3	475
0	20
6025	475
1540	0
1	0
170	75
0	75
0	75
0	4334
15	4169
72	4241
0	4318
0	14
76	16
0	16
33	120
4	173
98	0
16	0
1064	144
0	5653
1920	5794
2	0
83	364
0	101
65	364
19	11
465	8384
0	5429
44	5412
0	8531
0	543
21	543
0	543
329	592
0	169
566	0
2522	0
18	298
0	2
94	0
627	40
0	40
12	32
10	241
0	250
0	125
305	125
0	14
8	24
0	24
2680	1802
0	1102
20	1098
8	927
323	0
0	0
8	66
169	66
47	1
0	1
0	0
2375	205
1979	0
37	35
239	3354
0	72
0	651
0	2838
15	2776
162	1199
12	781
0	189
0	386
0	2734
20	0
0	5
0	5
0	5
0	5
529	0
55	469
0	167
0	1942
0	1942
7	4201
31	4695
17	169
50	169
4057	807
8	805
38	0
29	11
0	0
0	2
0	2
100	411
0	411
1436	0
0	0
0	0
0	0
142	99
0	99
21	56
103	56
46619	25
27	765
0	765
542	191
0	191
0	46
185	132
0	96
1213	2
0	0
4	0
1217	14
0	9
397	1002
42	1006
341	0
6	36
5	36
264	89
0	88
8	199
0	0
0	0
0	0
0	0
315	751
0	751
0	3
0	0
91	100
0	100
3	0
6	0
61	26
0	26
8	16
7101	2
0	360
0	14
0	79
2	35
0	107
0	52
84	52
347	0
1	0
0	0
0	0
2	0
0	207
0	181
196	175
0	7244
0	6867
10572	7249
33	1147
290	1147
143	0
43	28
0	20
0	28
0	1
47	1325
0	1325
22	71
0	41
28	80
1	0
0	0
4316	4
3047	1024
98	1020
0	0
0	90
0	0
118	90
196	429
0	174
0	99
10	504
0	429
0	0
0	0
0	17
323	17
52	110
9	107
0	110
20	130
13	12
25	13022
499	13022
0	0
2557	3
0	5214
2	2435
0	1920
0	3460
2	4641
2	5318
5075	1996
0	1995
1140	70
0	70
0	0
70	0
3276	1712
97	1708
0	1200
0	217
12487	1943
320	55
0	55
609	2134
1	200
34	180
0	171
18	2134
0	7
0	7
0	0
0	0
0	0
757	507
0	507
1154	0
3549	1311
0	504
424	1314
39	0
0	2024
0	40
1269	2016
0	0
731	2
17	7
7	9
2	13
1533	354
3	617
0	490
0	91
192	91
0	0
0	0
1393	0
444	124
0	0
0	3
6	3
124	4033
5	4033
26	6
3700	2586
4383	5797
0	5797
0	754
141	5300
0	311
63	5300
102	601
0	601
1670	2
86	1228
37	1228
46	0
0	133
9	68
166	175
186	215
0	215
0	93
0	214
240	214
1441	0
21	0
211	4
132	2102
0	2102
0	778
26	778
79	0
35	126
0	1
0	56
0	118
0	1782
0	778
0	417
0	2256
2	1242
5	2477
0	226
41	226
99	24
0	0
25	33
374	33
299	3
179	104
442	0
0	0
0	0
0	0
0	0
145	3105
64	386
0	3015
1509	1737
144	1733
249	6
246	0
0	0
0	0
0	6
272	1930
3	1930
1463	2
102	3955
3068	4047
114	294
1476	0
1368	696
0	11
54	685
933	0
763	0
0	0
0	0
0	5
0	5
0	0
0	233
905	5102
1158	5027
0	75
0	9
0	9
3	57
3	57
19	0
444	569
704	340
0	338
0	34
0	14
0	14
0	19
0	0
0	7
0	26
0	7
0	14
75	0
26	28
5	12
205	454
0	288
5	150
0	476
0	388
105	494
0	4
0	0
0	0
417	0
0	0
1	14
9	644
0	91
40	631
13	0
68	0
32	618
6236	262
0	262
6	0
54	4
0	4
998	1148
0	347
0	1145
0	88
0	88
0	74
68	299
0	88
163	300
624	0
0	0
0	1
0	1
330	0
162	0
4	0
663	2
16371	6156
0	6152
390	0
429	137
0	137
10	0
776	0
21	221
0	213
0	206
0	221
0	143
8	133
2319	1275
0	999
554	0
170	2510
10	1395
2657	3257
12327	15
8	95
0	47
0	79
0	95
594	6952
788	934
0	934
0	0
0	24
21	24
50	0
0	366
421	588
0	111
5	261
0	135
0	0
0	0
3	28
0	0
1540	1356
1328	0
3408	8
1801	169
0	169
26	249
0	8
117	210
3317	623
0	462
10	641
9	180
3	180
0	23
0	5
0	13
860	3059
0	79
0	3051
15	3072
51	83475
2991	83472
3451	83477
3367	83440
0	0
154	11
214	11
2621	1162
0	1156
0	64
15	80
581	88
4784	7
0	0
0	0
89	0
193	0
456	0
105	194
552	194
0	2225
0	2255
271	10
45	335
0	2312
0	2342
7547	8
25	0
431	3
0	0
0	14
0	3
0	3
0	3
26	17
902	2
226	122
0	1
0	5
2033	0
589	458
0	263
0	243
259	0
3470	546
11	537
0	6
9757	5970
0	5962
2	2
100	3778
13	3778
20714	11
239	761
1	0
132	761
0	70
171	74
0	73
169	2167
384	2167
666	65
0	65
49	173
64	996
3	129
0	63
0	1
0	178
91	4
22	37
13	0
0	16
0	58
93	58
5240	6922
0	6286
4	554
0	6504
19	6619
0	25
0	0
0	0
1758	1359
786	2
2	142
0	136
11	902
51	19569
23950	19576
0	1008
0	602
0	416
0	424
0	424
17	0
752	2695
19	2621
0	1053
48	3081
0	575
16	21
0	5
2	0
84	784
617	686
0	686
138	747
3	747
7	231
0	231
0	24
0	0
10359	5249
0	56
2	7
1970	0
89	797
0	797
12	501
52	17
0	38
0	0
0	38
0	26
0	117
0	33
0	292
119	403
8	0
22	139
603	139
1183	846
0	58
38	835
0	139
94	116
28	64
0	102
0	4
967	1
15	102
0	102
503	3322
0	3322
86	84
0	83
0	83
168	1029
0	0
4	471
0	471
0	0
0	0
0	0
0	0
56	23
0	23
21	3040
1157	3040
0	2683
283	2068
76	436
2147	1879
88	554
0	1737
248	2655
0	2655
0	0
0	0
632	0
0	0
12	15
0	15
454	1727
0	56
55	1781
0	349
56	369
0	145
0	240
0	36
9828	15
19	97
0	97
0	441
0	463
0	435
0	109
1192	584
0	562
0	212
5	265
6	177
0	265
13	0
0	278
11	278
209	0
2550	0
38	417
81	435
31	435
6787	7
1893	17
0	16
0	0
2	633
1654	773
3	1
0	1451
0	279
651	1730
82	0
730	13
261	1
0	0
0	0
54	0
3	264
0	199
426	238
139	395
0	395
0	31
0	2803
1023	2803
88	83
19	83
0	80
0	5
15	5
31	0
4	68
23	72
6	248
803	248
16	236
0	236
0	0
2	721
0	721
54	0
2126	2
0	442
364	442
1381	536
0	1
0	87
48	87
0	328
0	218
361	881
0	356
0	0
0	0
0	16
9	70
5	1827
5602	12549
0	4414
0	11924
7166	2
147	114
44	0
7531	7
0	0
56	124
0	122
62	0
3338	0
1376	406
0	406
0	345
238	332
1681	332
4	757
0	482
0	736
0	737
2	279
9	188
0	164
0	156
10	277
4	194
15	347
0	0
97	0
15	391
0	1615
440	1615
53	0
0	0
0	24
9	2102
0	0
3	2051
0	384
117	2132
0	2097
1329	1
185	996
4034	2280
0	472
2003	473
59	2016
135	316
2329	1936
10	249
582	565
0	555
4726	7341
0	7341
12	11
0	11
655	200
0	13
0	185
0	397
119	374
714	187
209	0
4	54
0	54
0	0
0	0
82	324
65	324
5	588
39	588
0	0
3	0
14	0
452	434
0	434
16	0
476	2
0	29
0	8
21	52
120	1287
121	324
0	1662
2	165
96	3218
0	3218
0	0
0	0
501	1
3422	9107
4	4045
5	5071
33	154
0	8
793	0
284	237
0	237
14	122
0	0
67	215
0	146
1	286
674	288
7	0
0	9
0	0
0	13
0	13
0	13
0	0
0	0
369	141
0	141
198	129
0	79
0	1121
119	3263
0	3263
426	3647
3	3647
1917	256
0	6
120	246
0	241
3344	241
4148	7
2723	23
0	22
0	14
0	14
0	58
0	58
0	105
3	120
0	140
215	180
1	0
2508	1
0	42
215	264
0	17
0	32
0	224
0	237
15	0
2	0
0	0
0	0
0	1434
132	1436
1051	3
0	2
0	2
299	2165
0	16
271	197
0	107
3	2189
0	14
8	0
3953	2047
27	1987
9	2119
47	636
45	90
41	636
0	603
80	0
84	313
20	1019
2246	1563
2	542
2737	2653
3812	4
60	0
552	0
937	0
188	424
4	424
0	252
316	252
0	0
3	0
3788	7
0	0
0	0
78	636
0	1097
0	1097
2084	1401
10	1410
0	1416
54	2265
0	679
356	2944
439	363
30	0
894	0
0	0
10	8
0	8
0	2
18	2
32	82
133	21
0	15
43	15
571	0
316	0
9	0
17	311
20	311
14	0
105	7
0	7
0	0
0	10
0	167
1672	167
28	2938
184	3323
7	1202
5150	3017
31	0
406	0
5969	1110
20	732
4173	238
5	236
0	9
0	9
1	9
142	0
108	545
514	545
3	8396
0	54
0	141
0	8467
190	8561
121	8651
0	8814
0	8735
0	0
0	0
0	2
0	0
0	4
25	205
0	127
1250	240
6	96
3264	98
2452	2
15	2
445	0
0	0
0	0
0	0
0	0
14	554
0	554
5	3920
3029	3931
1025	2
115	0
0	4
0	4
0	5
0	6
0	27
0	1
0	9
55	34
2178	398
0	394
1	0
0	107
26	107
73	0
3	12381
16	10909
14	7915
46	13943
156	17016
2804	17592
0	824
509	824
0	12
0	59
403	71
327	176
0	176
0	157
444	711
0	21
0	18
0	67
0	715
30	669
0	278
1451	1041
0	1041
897	0
119	61
0	1053
14	1247
55	1298
0	16
1780	549
0	69
0	460
0	19
0	19
0	19
75	2
30	245
14	43
12	2
0	1
0	3
0	3
0	3
91	809
0	809
205	346
0	346
0	0
126	304
0	80
0	274
24265	11
0	41
0	71
0	100
4	122
0	69
7	102
1	327
3	135
0	304
0	1680
215	3919
0	4110
0	974
43	243
680	3504
522	79
0	11
1	68
1	0
366	0
0	82
19	189
0	189
25	544
31	544
0	0
1256	122
43	122
43	0
0	0
0	0
33	2224
1	2224
1268	0
0	12
0	12
0	12
97	0
3414	5
590	245
0	245
355	2
0	0
4797	2993
0	27
4	100
487	52
674	2989
0	0
14	78
0	46
0	53
514	0
0	1156
71	1801
0	1253
0	732
1	202
634	312
0	193
10052	4231
0	4228
0	43
165	43
102	647
0	647
0	775
0	788
0	788
68	287
369	287
330	1319
1596	0
90	224
133	224
0	0
0	0
0	0
4	1
0	50
8	65
2	65
2467	0
39	1596
14	1300
25	9
0	9
0	5
200	318
39	124
0	318
4	0
0	0
0	0
437	125
0	125
1907	1
189	197
27	4
0	3
4	179
11	179
339	247
731	61
0	52
0	45
0	60
0	66
11	6
19	6
0	158
0	194
0	17
0	238
46	931
2	0
0	1088
19	1018
0	221
1579	0
424	453
0	453
0	0
0	0
0	0
6	0
0	0
0	0
0	0
101	1
0	286
67	286
105	5264
0	123
0	329
0	5264
0	3402
0	0
0	0
0	3
0	0
0	0
70	0
470	1132
148	1067
0	65
4129	1856
0	1345
0	1375
0	1201
0	1715
592	3
5	788
0	459
0	431
101	841
0	724
7	0
0	1774
0	168
0	22
156	1941
1035	850
379	767
0	768
222	0
0	0
222	3357
1060	3291
0	341
0	822
542	237
1	99
0	139
0	157
997	149
0	143
25	0
0	373
223	496
41	493
0	0
0	0
0	0
27	860
0	860
0	0
0	0
7	0
375	2807
3322	2819
61	2683
619	1157
0	875
4	499
18	300
16	300
1215	717
0	361
4921	0
0	0
0	0
12	0
1165	424
0	423
161	1263
1008	1231
0	698
145	1263
510	0
106	0
0	8
4566	766
2443	647
2	643
53	0
41	0
3	0
5	11
9	138
2068	138
0	6
0	6
3	0
52	71
0	11
0	71
1	33
220	0
267	2
1119	6097
56	5738
0	0
0	0
6	0
133	215
0	42
0	0
0	0
0	0
0	0
0	0
0	0
0	5508
0	2761
16092	5522
612	0
186	384
0	147
5	286
346	0
67	144
355	144
1357	1989
0	0
0	1
429	0
353	1186
0	465
26	1007
0	0
0	0
0	0
0	0
0	0
0	0
0	0
0	9
0	16
10	18
0	12
5	29
0	0
366	63
8166	694
0	688
0	1875
0	706
0	406
0	13
543	1529
16	197
18	495
27	26
0	454
300	1987
0	0
0	48
58	48
0	186
0	140
41	194
32	0
0	76
0	310
8	304
2	239
368	0
521	2
212	311
3	311
0	926
64	965
88	926
13259	969
0	28
584	31
4	38
0	38
2619	3887
0	3883
0	3753
42	0
22	0
0	0
20	454
1	454
0	7
0	7
4380	1962
0	1959
7	117
8	117
0	0
1	0
7	0
59	63
64	106
0	106
426	109
1	108
0	1592
0	1618
313	1688
20	35
0	35
0	0
1452	2110
3	49
0	2110
2335	4295
7	2482
0	3278
679	0
0	0
0	76
520	76
394	0
0	22
55	22
0	15
150	366
0	10
1450	476
158	476
0	0
0	0
0	89
159	104
0	11
0	8
0	12
365	646
70	646
0	212
0	703
93	720
0	0
30	768
839	768
571	988
0	988
139	0
1560	0
205	12
0	12
215	0
2156	1
54	591
0	589
0	0
0	0
0	587
2707	587
1158	0
0	0
40	116
51	126
0	126
8	61
0	61
0	272
3	247
1	1
0	243
0	12
0	12
1230	1338
46	8937
1418	14736
2557	14491
5	576
0	33
0	33
7	36
10	0
24	0
1521	0
120	0
0	1160
52	914
14	1160
21	2104
5	2965
9971	5074
1310	1851
0	217
0	1851
711	0
0	65
526	65
1143	993
67	103
647	103
0	57
0	83
6	0
206	12
401	175
0	175
233	194
0	194
0	0
0	0
541	0
329	1652
0	651
114	651
13	0
310	16
2	13
2	3
0	3
203	240
20	262
198	638
237	1401
8	1
0	0
0	0
0	0
644	0
70	1027
59	111
35	1027
27	1
219	1301
1	431
469	0
3	455
3	2142
634	343
93	2027
0	0
0	0
0	0
46	219
0	104
0	219
22	5604
0	3678
4319	2577
12	2229
0	2009
7	2970
1087	2971
70	519
247	519
0	456
8	635
0	3313
0	9695
2	9583
338	244
0	70
0	29
15	29
76	0
3776	1592
0	442
6	0
738	5962
13	5962
1	570
0	8216
1	335
0	8922
15	8838
0	44
0	1
22	48
0	55
14	87
0	86
4	130
0	55
0	0
225	238
0	17
0	55
190	64
16	120
86	120
0	173
0	276
0	272
2	265
50	390
0	390
7897	1269
15	6
0	72
380	795
93	786
228	490
54	490
33	9
352	124
0	5
0	243
0	2308
0	2459
0	2400
1938	0
4	13
49	22
3	9
0	0
0	0
0	116
0	116
17	786
0	725
13	1799
0	1725
72	13
0	13
34866	19
2	1056
24	1056
3	5388
168	5846
204	3258
477	3586
0	2499
0	634
34	1160
15	1278
0	282
75	285
4909	5
0	0
0	10754
2687	10827
4	10775
9	0
0	7911
8	9949
0	2
646	0
0	21
9	21
21	16
0	16
4	100
87	62
12	62
65	122
11	58
93	71
16	20217
0	8338
0	20008
0	10602
14	2271
61	21108
0	179
0	179
0	179
0	179
0	179
7737	3436
0	253
0	2985
0	2794
0	2881
45	3013
0	2818
0	2964
0	2965
0	13
7	13
9	15
0	694
0	808
0	758
3	129
0	1093
0	207
119	1255
235	1785
456	1785
30	5
0	5
560	102
0	6
0	0
0	102
0	327
779	1540
4	1462
0	1431
0	1441
2	0
428	4
351	0
0	946
203	2339
0	2104
0	209
124	2346
0	0
0	1396
14	1462
0	310
1856	314
54	122
4	122
68	550
87	550
0	35
315	35
0	1384
5	436
128	343
0	102
44	1474
18	878
0	941
3599	1
16	28
0	17
0	35
11	35
0	423
0	0
143	468
0	430
0	468
4816	5
1	0
0	0
200	0
9	6
25	232
0	232
12	767
0	35
0	336
0	779
0	779
73	396
139	396
308	5112
2	5109
115	0
10	1099
0	548
0	218
0	841
305	0
0	74
5	1440
0	47
0	781
0	1467
0	1395
341	1
3	0
279	795
3	7
0	795
0	0
0	0
0	93
464	506
0	144
2	157
4	4
0	4
352	0
0	0
0	0
13	0
205	15
2	9
0	8
0	972
0	0
1	1801
0	793
33	2037
0	410
0	18
601	172
59	176
650	1307
32	1307
303	0
151	0
0	63
0	19
0	0
0	170
0	170
6	2
0	1
0	112
9	112
181	1994
0	235
5	1958
5444	0
10	68
0	13
115	2
634	8009
0	3634
79	7524
0	8163
102	7713
0	443
87	10572
0	10677
0	8
134	553
1096	553
13	538
0	350
0	329
3	271
0	115
0	96
0	129
0	129
3	23
820	1119
253	685
2	194
0	357
3	343
2	215
0	83
5	49
3	37
0	71
79	578
2925	901
0	319
0	0
320	0
93	18
0	18
864	18
0	16
0	0
6	0
0	63
0	63
0	38
4	56
37	207
0	136
9	57
0	57
0	38
27	38
152	0
202	621
0	621
12	410
119	410
0	9
0	9
1502	219
28	214
0	62
0	1800
8	681
1196	1660
5	0
3	2
0	2
1354	0
0	10
1630	350
7	350
0	0
0	0
1121	2
0	0
0	0
54	149
191	149
62	0
0	0
2646	1684
67	2632
0	2021
544	0
64	380
0	710
22	1146
0	506
0	370
0	273
29	527
11	419
43	1967
0	1137
0	1152
0	0
0	0
0	0
0	10
0	10
0	5
0	0
0	1144
0	453
0	1829
37	4645
0	2626
6	4421
458	4750
0	3816
0	121
710	121
16	10909
0	12360
0	10229
0	10275
0	15406
45	17464
614	0
82	581
505	583
186	0
27	86
0	86
0	30
0	120
0	190
708	1101
26	19
0	19
0	27
0	21
0	27
0	27
0	26
0	119
0	150
5	738
0	1344
21	1344
0	18
0	0
0	18
70	794
738	796
650	0
0	129
122	132
0	2
2586	1
2818	556
28	550
0	489
0	17
64	489
0	0
0	106
0	23
1152	106
204	665
15	1203
32	1175
87	0
30	70
0	70
2	0
21	0
25	0
0	0
1096	3115
0	3113
121	255
0	103
0	242
1831	0
0	0
0	1
5	3
83	0
0	0
0	0
114	1880
0	906
0	217
0	1611
525	8005
0	13076
0	12225
222	147
1250	147
0	13
17	23
0	12
0	16
0	0
0	0
0	0
0	0
42	0
0	0
0	0
791	0
4107	0
203	0
64	259
0	259
0	259
0	255
446	212
14	0
0	0
0	221
221	133
8	18
153	2054
57	579
11	2202
0	26
414	26
26	761
0	698
0	693
0	428
0	647
0	605
5	6
0	609
2747	609
1657	3003
0	120
0	0
4127	205
4	205
0	8
0	8
230	213
0	0
775	144
0	144
407	0
34	1126
1034	1129
151	0
4382	10
0	34
0	34
0	34
442	610
19	352
377	0
0	456
283	1005
0	349
0	631
2	10
153	147
0	147
587	0
8	0
0	10
0	3
102	0
964	5406
332	5230
0	5393
187	358
2	191
17	179
302	2676
0	2676
0	0
1857	0
3532	3
23	770
0	443
0	763
0	0
0	0
28	0
1074	1868
41	0
39	0
25499	14
21	0
0	427
21	1618
250	1584
801	246
609	2
0	1151
73	1151
0	945
259	0
3	0
0	1120
446	2197
0	874
12	882
9	1010
0	1220
1	1238
5	372
110	990
0	1192
0	2047
115	2403
4	2403
241	0
266	0
27	45
0	45
2	4
1073	243
0	241
0	19
0	8
0	19
859	435
0	608
0	25
4	2
3	447
0	144
0	447
0	5
0	5
0	0
467	126
45	1808
1	1725
3	1972
0	1007
0	1532
4	1532
0	1519
0	419
91	745
38	467
0	26
29	1842
0	2135
0	2145
0	0
0	0
99	4
379	168
0	59
0	48
0	4
0	120
0	11
12	31
0	9
4	29
0	11
0	11
101	0
2230	1522
25	1522
0	4
709	0
0	0
67	696
0	1102
0	1102
0	15
30	1118
289	682
12	0
76	202
413	4
0	139
25	6345
2491	7904
0	39
0	32
1	53
0	7904
6423	6
0	2275
25	1336
7	1489
298	2010
0	0
25	0
30	915
0	283
0	675
71	962
4	946
62	166
61	166
808	2
451	394
0	80
3	326
853	0
137	246
45	159
9	18
14	225
1158	0
106	0
4	2
0	2
55	78
401	83
338	50
0	164
0	1981
326	1981
79	142
11	9
0	9
9	214
0	214
9	154
345	368
0	358
2	12
0	12
51	78
42	93
0	4
19	4
784	0
0	7
0	7
56	7
0	0
0	0
0	0
0	0
0	128
48	562
11	465
0	428
8	490
0	31
0	0
10	42
0	9
0	0
0	9
0	0
2230	1278
33	350
0	1145
0	1230
244	1452
0	142
23	1455
0	438
6	0
1065	2
1016	607
0	607
0	602
1	602
0	86
103	86
0	3
4	3
0	495
3328	1844
0	8
0	22
836	33
0	7729
18	99
101	14
36	294
122	2625
0	87
1503	2634
1337	0
1	0
7	0
74	0
8	38
0	10
0	38
9	20
752	0
6	1946
4	257
533	2564
818	2352
0	956
22	3425
0	920
3	410
0	473
28	3592
0	2903
0	3650
0	0
1752	230
4289	5441
29	5437
758	767
0	767
20821	14
0	5912
5714	5924
0	0
0	10
308	12
1130	1786
6	1781
315	4
0	4
0	3838
0	3998
32	3602
0	3520
0	4
16	4
0	0
564	0
57	49
0	48
329	185
0	37
0	185
0	0
0	0
0	0
0	0
0	17
0	3187
0	3821
0	3869
0	3867
0	3858
6	3858
0	3846
0	8
0	8
0	0
77	0
36	84
0	84
104	0
0	666
8	71
0	65
10	392
0	654
0	638
0	392
0	666
888	1106
244	1106
443	1652
46	203
19	203
0	480
1501	590
0	317
2	2
0	2
0	331
838	331
0	19
8	26
0	3
99	110
0	0
0	16
22	8
0	8
2426	0
0	0
13	0
0	0
0	0
38	256
10	104
0	218
11585	1311
0	866
396	343
0	360
0	261
0	331
0	0
3	0
2	0
0	613
0	276
71	723
0	689
4959	189
208	181
4781	1593
0	1023
410	570
93	3
30	206
3	43
34	72
50	3
784	4115
5	4075
166	540
0	516
12286	1048
1579	2875
0	2111
10	967
0	0
0	0
0	0
0	0
0	0
0	6
70	176
0	176
0	4215
1349	4215
366	1
287	0
0	2
0	2
5273	488
0	487
0	66
45	149
368	974
0	974
2773	3486
11	0
1167	0
1067	7
23	0
0	1
51	88
0	88
27	0
203	0
11	0
0	0
0	0
0	6
1614	290
0	286
5	9
126	0
2	264
62	16
4	1628
0	2627
4	2259
347	10
0	27
0	2
0	25
0	27
147	0
0	0
0	238
105	238
6	2049
1	1988
0	2052
1848	7
0	28
0	0
26	95
0	67
0	0
17	16
0	27
124	27
1225	574
1	574
0	760
329	760
0	531
266	0
443	279
0	437
0	434
0	0
404	2
16	0
0	0
298	0
0	0
1	0
913	2
1615	4
20	251
0	129
10	62
14	21
725	22
102	262
2	248
3868	7
15	417
623	417
20	5358
1374	8958
10	2502
3	1360
34	7215
0	6079
0	7
0	4
157	323
0	310
1172	1
5612	1320
17676	18920
1	18906
55	7155
4	6
0	1
0	0
59	112
46	122
7	122
339	1
0	1
26	268
0	268
15	352
0	161
1	30
0	0
0	852
0	11
0	11
1221	0
0	52
0	1
0	0
68	52
29	7
4	21
0	21
0	0
348	0
0	221
0	61
0	235
0	230
0	235
0	235
158	155
0	26
0	149
0	0
0	0
55	307
0	282
0	325
0	9
8	0
0	0
0	5
0	5
0	0
99	161
0	122
969	0
739	1
0	239
625	358
3907	347
366	347
9	0
0	0
7742	12739
0	12736
167	954
0	1204
0	1122
461	586
1	586
7	0
1224	165
0	165
0	0
0	0
6	0
0	0
101	3657
0	3720
0	18
21	18
147	0
0	1
1253	0
0	0
155	432
1	94
0	432
0	385
773	0
0	30
0	35
0	28
0	29
0	22
0	30
0	29
25	867
0	74
13	867
0	9
2	9
31	39633
4117	44500
364	4
47	163
15	393
0	0
0	5
0	5
15	146
0	146
0	14
3008	12
0	0
0	20
0	170
13	170
0	0
482	0
1927	1941
0	1613
3	404
5292	2
0	0
0	0
0	0
1542	162
0	162
550	2985
5	2985
0	0
552	88
0	88
304	934
26	934
0	0
0	0
1775	136
0	136
217	1632
46	1632
80	91
0	91
384	0
111	404
12	404
1091	0
0	0
7	727
78	1533
7	1640
7	1559
31	687
789	689
70	0
841	2
171	2134
15	253
58	793
100	2159
0	0
408	259
0	259
3	0
343	0
1708	0
0	0
0	0
0	0
0	7
14245	12
0	0
119	376
0	124
0	376
3	2
2	2
5	96
0	96
9	0
651	0
16592	8
0	0
0	0
13	0
0	1
0	1
13	0
0	938
636	938
0	0
0	0
74	119
9	119
185	81
0	60
0	81
0	1541
0	1052
1455	4
603	298
41	298
407	230
7	230
0	203
768	420
0	19
1136	153
0	153
0	10
39	12
0	2816
6167	3476
24	3470
117	306
15	306
285	369
440	369
44	0
43	0
1	1818
0	2196
0	221
8397	12345
10	11881
86	8671
217	0
0	39
5	497
203	497
6334	1859
428	1853
151	1851
0	5
5	0
6	5
0	841
269	841
129	0
76	510
0	510
0	91
199	91
0	88
0	130
2853	1289
0	180
0	1060
0	1103
0	0
34	0
2	211
0	1
23	38
144	0
43	71
51	71
24	0
0	47
28	72
5	9
207	15
0	15
0	0
28	716
0	740
12	724
2843	1421
190	1435
0	1296
5	1410
0	649
0	1392
6	0
0	1
1	1
0	0
26	0
880	62
2	59
97	10
0	4863
57	874
0	189
6	874
378	295
21	1
118	0
6644	7
675	144
2433	2055
4	103
1	67
0	1985
1991	34
35	34
166	360
34686	15
0	0
0	1
349	49
0	49
0	0
0	0
0	0
30	30
525	188
0	0
116	2414
43	2406
113	2380
0	0
0	0
0	0
0	0
781	11
9	58
0	190
52	819
0	754
72	811
327	476
8	215
0	87
31	370
21	0
1272	2559
0	169
32	0
0	37
4	360
0	374
0	374
0	78
319	397
0	74
0	263
4	785
2	480
49	1462
28	1462
16	63
160	3545
0	1301
10	3484
0	1691
637	4536
43	3307
0	4523
0	1958
1930	3040
1	1947
0	1086
0	0
0	30
1	6
0	30
233	190
7	0
0	0
0	0
0	0
1	4
795	2307
0	2307
0	1893
33	1896
13	277
375	277
513	0
136	104
0	104
870	767
15	217
0	751
16	78
0	78
1044	0
421	0
0	101
0	101
0	374
0	441
0	494
1	472
2143	2747
217	2747
0	0
1	538
0	309
0	309
0	3
0	2
0	72
0	224
3	171
0	224
16	332
0	13
58	0
1	0
135	223
191	62
5	1855
0	645
12	1666
10	1864
117	1219
3	1219
542	98
35	98
4	109
116	109
306	1069
142	456
0	420
0	810
4	0
0	0
21	23
0	23
0	51
82	95
0	95
0	33
0	13
9	49
13	49
1	13
0	7
0	0
2770	1772
0	705
0	196
173	0
63	906
293	906
0	13
74	41
0	41
518	0
0	0
0	0
3465	767
0	767
306	107
0	609
0	266
0	187
2233	3447
0	3132
0	200
0	77
20	200
0	59
0	19
0	59
0	334
0	4
0	1
0	1
0	333
0	246
0	41
0	41
0	134
164	65
89	132
24	571
0	77
976	1505
26	1145
2	5
0	3
181	818
7	5584
0	5575
0	57
0	25
0	4306
0	4299
0	4352
0	4299
0	4308
0	4299
5	4303
0	4299
784	911
5	43
0	76
0	641
19	354
0	354
1098	866
0	132
0	866
21	242
66	242
472	667
2079	668
44	0
0	120
0	69
3	87
0	0
0	0
0	0
0	0
13	19
0	19
0	0
0	47
36	47
12	17
0	0
57	698
0	168
14	731
0	20
0	8
0	20
0	19
0	12
0	8
0	8
0	8
0	8
112	29
0	29
0	19
625	2751
0	728
14	1919
0	503
10	509
9	142
0	111
0	2160
0	2251
8	50
0	21
168	1532
0	1866
1	822
0	0
507	1
0	289
0	292
0	279
382	256
0	214
2	339
28	362
0	23
117	361
1445	361
111	261
0	261
0	7
107	7
0	4097
3271	8383
9	8382
0	0
63	1281
16	1281
25	16
0	13
0	16
5679	2
60	0
9	116
0	4
4	116
0	872
275	6437
0	6280
14	6159
437	151
0	116
0	207
2	252
0	0
0	0
676	7
0	563
0	557
132	1019
79	3150
0	2846
1651	2909
97	18639
1	5646
4	4044
0	16595
0	0
2582	9
199	49
1041	49
665	2889
598	2890
0	39
244	39
3535	3861
0	6321
197	6829
0	19
4	10
0	19
0	19
2381	2
273	0
56	2046
31	2046
7	0
279	4306
0	4185
0	4339
0	0
2638	4
0	402
0	219
3	402
221	0
8	3
0	0
1	3
0	3
0	0
0	0
259	0
57	40
0	6
0	0
0	40
12	594
3	568
2	3
0	0
0	3
0	0
0	0
0	0
0	0
0	0
0	0
0	0
0	10
1	10
778	323
0	323
283	0
91	1
329	0
0	0
4	4975
7340	4977
0	752
3562	3049
0	1288
0	745
0	2704
102	0
0	0
0	0
0	0
0	2
0	2
777	2179
8	0
80	380
16	380
844	38
0	38
75	0
0	0
0	252
75	252
2311	223
1	218
66	110
2	45
11	83
0	18
0	18
573	511
0	511
79	310
1810	310
8	152
0	61
0	152
26	7871
10	10850
6620	11313
0	32
5	36
0	36
10	4
0	4
352	1103
0	738
0	6
153	177
419	3534
27	3526
3492	822
273	814
8	691
43	465
0	236
4	1144
0	1211
26	981
5	1285
4176	9
0	0
0	0
4	132
83	274
181	275
54	0
0	0
0	0
0	1094
0	127
0	1151
0	0
0	8
836	151
0	151
647	319
0	159
2	319
375	231
382	310
0	0
12	0
0	0
0	0
0	0
46	2028
159	2039
20	28
0	11
0	17
922	0
16229	18083
38	14530
0	14529
136	18012
96	0
0	0
28270	186714
15	41095
505	151627
3	12115
2192	0
0	4
154	74
0	52
0	32
0	0
0	0
32	43
1	1258
5	1241
0	1
4	42
0	977
0	994
0	994
0	830
674	0
0	28
0	0
22	28
1935	568
0	568
2263	4769
91	4766
5380	5
26	0
1591	4
0	0
54	0
350	456
0	380
3	76
20	2133
506	1980
94	3539
367	445
9	234
0	56
9	0
1	20
216	0
35	137
0	137
125	0
0	29
0	249
4	269
41	123
270	0
127	10
0	10
4	0
0	345
1735	348
1268	0
0	0
0	0
59	1663
32	43
0	1688
0	1703
0	0
157	6
0	6
0	3
4	188
0	40
0	10
0	179
15	0
156	435
13	435
0	4
65	51
0	0
0	11
0	36
142	3026
0	0
1559	350
10	350
0	103
0	1258
2	1258
0	0
4491	4757
1488	1554
5	219
0	5
56	18
904	4
4	0
182	0
46	2233
61	401
0	263
71	2648
0	1821
0	2656
94	1651
4	2495
279	0
449	1
617	0
4	29
14	971
17	1010
17	666
0	155
0	191
1129	0
0	7
0	7
0	1946
322	1946
1	978
8	0
0	198
3	137
4	201
0	201
141	811
120	0
462	241
0	241
0	2
0	4
0	22
0	22
8	0
0	0
0	0
3259	2832
0	678
34	678
0	676
0	117
0	117
0	117
0	0
545	1025
0	186
0	43
0	7
102	224
0	341
86	550
5	305
8006	7
0	0
14	0
395	0
6	0
0	0
2	37
1195	0
29	0
566	2565
1	482
2699	1
0	0
0	0
155	151
0	2
0	38
0	0
678	344
2406	3
5	696
0	968
247	968
414	0
0	3257
0	120
0	4910
2	4902
103	4879
0	4832
0	3463
0	3385
8	339
0	234
822	140
0	140
11	514
0	63
0	64
2364	3
144	466
1277	1674
13	1715
222	776
0	687
3	457
0	438
0	254
0	204
0	428
0	760
361	0
7	0
0	0
0	0
1889	1
263	2980
4	307
202	5441
347	83
0	79
2	57
0	1016
0	155
478	1119
0	240
10	140
6	6
0	6
0	6
81	497
0	0
848	19
0	68
250	68
349	84
384	0
62	4158
132	335
1164	70
157	5753
22	5234
46	196
112	186
42	186
0	1
205	30
0	11
0	18
3540	15361
18	5895
1	8864
0	15145
15746	4
81	1860
94	1872
3687	3
1715	2299
0	108
11	2230
8	711
1742	12
154	0
3	0
2259	0
0	109
242	109
254	498
0	99
60	402
0	1144
0	529
48	516
0	1053
0	1141
344	0
2	111
5	134
0	129
417	34
0	33
0	5
0	2
0	2
0	0
2	0
71	0
12	42
26	32
5	49
1545	246
9	246
0	0
0	0
0	289
155	510
0	502
0	408
0	0
1	0
26	258
6	258
202	0
0	108
0	66
89	161
0	119
2499	119
0	0
3	2
6	2
0	6859
0	4562
0	495
0	11559
406	13270
0	11576
627	1
0	17
4	0
0	0
1	7
0	0
0	331
0	107
0	83
32	184
17	621
0	397
85	1098
0	6382
4	5758
394	3112
1924	1
871	0
13	640
0	30
0	1883
132	192
0	783
0	1758
0	1705
0	1882
0	1880
0	64
0	60
0	64
15	9188
0	760
162	6755
21	8697
0	17
0	0
0	0
0	0
215	4
0	4
72	0
14	0
0	60
0	17
0	60
240	41
0	38
10	0
451	841
0	209
0	309
0	439
0	236
0	522
0	721
0	0
1017	0
185	283
0	10525
3512	10525
0	8
0	8
0	0
0	0
14	20
3	20
580	1098
0	20
0	671
43	671
0	1094
347	0
1672	2115
0	2115
660	134
0	131
9	261
0	3211
10714	4558
0	1333
1666	0
63	24
0	800
27	800
19	46
2	46
0	162
176	262
6	261
2	261
98	0
0	0
22738	22
5	1
0	1
0	52
14	702
783	663
0	0
0	0
6	1606
122	0
0	4
3	4
5	254
6	15
6	47
5	83
0	118
0	239
107	0
0	0
246	294
79	294
505	1852
0	1852
0	0
294	47
0	47
294	1
0	0
108	0
0	0
14	0
0	0
906	4
9	4
0	4
0	0
0	209
0	46
498	101
0	101
921	312
0	312
0	0
367	0
0	4
17	23
0	23
0	0
0	211
0	132
0	336
0	191
81	361
0	143
411	143
0	0
3	352
2	352
0	837
158	837
1616	267
0	247
3	2
0	2
0	6
0	11
17	19
0	15
1	11
99	543
4	100
50	515
6	152
0	269
6796	562
8	0
20178	26
10272	3356
404	0
12470	5671
405	5662
260	5
777	12
584	239
440	26
22	26
3003	9195
0	3861
0	4060
14	5658
401	437
0	0
38	616
3626	5
3654	2
10	0
0	0
1	0
8	27
0	27
1	0
0	842
8636	1452
0	634
14	64
627	187
0	187
0	2210
114	2210
32	242
0	147
42	245
10	661
12	661
901	0
1155	0
0	0
18	0
0	0
0	332
5	69
1	317
0	328
2139	77
0	74
23	67
0	12
112	353
5	347
209	0
0	0
1296	901
0	690
0	901
0	0
0	0
0	0
8	8
0	8
0	0
0	0
9801	7
19	0
253	595
7	567
3709	43
0	42
799	576
0	576
0	190
4	111
0	0
0	3
0	0
0	428
115	428
0	302
81	302
0	0
0	0
3	900
0	900
0	237
0	241
0	241
0	0
66	0
157	476
221	476
0	0
0	471
37	471
0	0
0	0
22	0
0	6
62	6
445	0
0	26
1	384
172	21
31	645
0	622
111	596
0	602
35	0
88	0
109	0
5822	11
9	227
2938	1
2180	977
0	24
1268	72
135	208
0	208
0	0
28	40
0	40
61	563
0	563
724	546
0	129
0	439
0	1978
6	0
371	1978
0	0
5	34
11	34
0	103
3888	1955
83	268
84	2064
145	839
1	0
11	1108
0	995
106	1045
258	1211
0	1192
0	1180
0	19
144	813
17	710
28	477
54	318
664	502
0	502
0	3044
0	3065
0	3180
0	2972
0	3121
0	253
225	0
7	0
24	2063
0	2063
339	157
0	157
105	1935
0	2062
0	1986
12	280
3	195
22	94
0	51
0	33
5	19
0	3
0	3
0	0
52	1137
3	1207
0	194
0	15
0	1207
1249	0
0	0
0	1
106	1204
0	474
5	134
489	1276
0	0
0	5
0	5
7	0
7	0
0	0
0	74
0	74
0	0
0	0
11	1235
349	1407
0	0
0	3
0	3
1182	303
7	303
0	9
8	9
0	0
0	346
0	1464
28	421
77	1391
25	1468
0	20
39	20
0	0
0	0
4	0
0	0
3953	2138
0	2137
0	587
0	49
2	6
0	243
0	464
0	2727
0	611
0	404
0	2252
17	2953
0	2885
0	2865
0	2851
2	2741
0	2707
0	2665
0	0
0	1
0	0
3	1
30	604
0	104
0	77
27	604
144	31
31	31
3	0
12	0
0	63
11	63
0	0
316	38
8	38
0	0
0	27
209	95
0	62
0	39
132	325
0	117
0	209
361	2288
0	1901
6	609
4	0
3	80
0	44
0	10
0	10
541	0
2242	1
11	4
4966	6
252	0
160	628
0	119
0	628
993	1
0	89
99	2179
1906	2979
10	39
0	39
0	9
0	9
15	1467
36	1810
5	506
11	6
0	6
312	443
0	0
31	0
0	0
271	0
0	0
0	0
0	0
0	0
0	0
6499	4
41098	7836
0	7820
0	502
0	25
102	502
0	159
630	159
0	6
19	29
8	10
0	5
0	37
5	21896
239	21906
13210	21786
2177	2990
0	0
0	0
66	0
242	1231
0	1231
6	0
2446	0
0	43
0	13
20	189
26	195
0	500
49	564
31	0
167	60
0	39
24	21
117	340
1562	1
0	49
0	135
0	137
2382	376
2	375
107	14
0	14
0	34
0	34
231	3944
489	3945
61	20
13	93
0	95
0	91
2	381
937	381
492	379
0	288
20	32
19	9
1726	93
0	91
68	25
2	27
15	2
210	142
0	142
191	1834
0	1840
166	171
0	1608
0	740
1701	746
0	221
79	67
7	288
53	0
0	16
0	85
0	76
1786	0
487	0
1954	2252
0	2252
46	97
0	85
0	103
0	97
7	13
0	368
7	435
4	10
77	0
516	0
736	0
0	203
0	50
35	242
0	25
0	45
191	288
0	51
47	139
1	246
0	129
35	0
0	31
0	26
73	619
0	10
0	254
0	607
0	0
520	380
0	380
277	0
0	25
0	25
3412	69
23	67
0	1
0	1
0	22
0	23
6	32
16	0
0	0
2375	0
5	0
683	0
0	20
0	199
379	199
0	0
0	0
0	0
0	0
0	0
0	0
28	122
0	110
0	4
0	4
0	4
0	0
0	0
0	0
0	40
0	40
37	25
0	0
36	1179
173	1179
836	1
191	5240
113	5240
0	0
0	0
0	0
0	0
4	2
76	309
585	309
5331	1401
0	1400
582	1
0	1293
0	1318
0	1371
0	127
88	199
3	160
10	0
437	4
479	181
0	20
275	312
0	0
2912	5302
3	555
46	676
0	5040
518	0
1	0
523	106
59	981
0	573
319	0
28	365
0	154
0	7
21	2030
9	71
0	186
8	1997
797	278
0	278
379	1775
0	1303
5	1039
58	103
8	103
66525	9000
0	8942
0	339
57	379
0	379
237	112
0	112
307	0
0	20
704	0
7365	10840
0	10839
45	1066
0	99
0	37
0	1066
0	428
12370	3
450	182
0	94
103	87
582	571
0	227
1	1245
5	277
17	1313
31	0
748	2
0	1
0	0
37	1014
268	853
0	63
0	2
0	30
0	694
6	710
0	74
0	605
0	509
0	3016
163	3185
0	4112
0	4112
0	738
0	709
5	680
0	736
66	136
0	136
25	136
0	0
0	0
0	0
0	0
0	0
2012	3994
231	3994
15	273
22	157
32	115
1698	1500
305	381
24	1396
84	423
214	423
4	3
0	0
311	146
0	52
0	138
0	56
0	56
0	0
0	0
0	1
1	81
385	0
0	0
0	0
0	0
6881	1029
0	339
0	339
0	695
18	252
0	232
0	265
589	1616
0	202
0	42
51	42
3	14
831	4
280	38
0	38
5273	280
47	275
359	42
0	2
2201	6
0	22
8	22
926	1879
11	1435
0	1940
46	1922
0	36
0	36
0	12
0	0
0	0
0	0
644	0
8	24
3	3719
0	1974
22	2529
0	2655
16	4427
186	3830
0	0
0	148
597	316
0	133
55	449
10	0
0	0
404	325
8	325
0	1
0	1
1835	545
0	489
0	82
5	53
326	235
6	0
151	150
0	150
0	0
0	0
1	7
0	7
0	4
0	818
0	568
2	733
0	3
267	0
0	153
179	153
0	1
117	15
0	15
0	115
2223	1299
0	1239
0	0
4113	2250
14	74
0	119
0	3
1117	170
897	0
0	0
0	0
64	15
0	4
823	2
10	34
0	28
2657	0
1575	5
301	1279
0	120
5	19
83	0
0	9
0	9
0	9
0	9
0	0
1169	0
0	887
238	2418
2083	2448
620	0
0	1
0	2
0	6
11	48
203	24
0	21
0	13
3	12
0	105
0	749
0	91
0	802
65	682
105	682
2116	0
74	184
4	1302
7	4320
0	3906
24	350
2	343
56	356
3	292
0	20
0	34
5	352
0	664
0	326
0	651
0	785
66	785
555	0
6026	62521
0	16780
2	17847
253	63394
63	49200
6	26
0	31
0	30
1092	0
40	68
22	69
0	0
310	106
263	106
532	2215
138	2215
66	0
539	0
36	127
0	127
0	0
24	1
0	1
0	2
0	2
0	0
0	37
8	51
0	75
13	200
56	218
269	0
544	0
0	169
73	0
270	223
0	220
513	2
41	553
1	536
5097	968
4	594
57	574
3	954
0	954
0	2
15	2
59	596
0	596
122	0
155	35
0	34
0	35
322	0
0	0
3083	1626
344	1618
6	17
7	503
1072	520
0	2
14	16
0	7
104	67
10	541
0	541
0	60
177	60
558	0
0	0
0	0
0	0
0	0
4	1302
0	200
5869	5139
0	4451
0	4092
0	2135
530	426
0	300
5	300
3	8
37	8
0	16
0	0
0	0
313	0
0	0
1306	0
7	0
0	25
14	48
3035	1255
0	1407
98	1434
2322	0
11	684
0	29
3	691
117	604
65	604
149	0
5	0
474	0
0	83
218	83
622	0
0	0
0	1
164	907
0	903
520	1501
13	69
0	20
6	69
4732	0
2150	346
0	289
0	74
0	41
0	33
0	75
0	69
0	74
3372	2
0	0
0	609
971	609
16	12
290	112
0	72
385	0
0	12
0	12
0	12
50	0
0	0
0	0
0	0
796	0
0	9917
642	3016
0	4531
0	31
7699	10403
0	4083
7	1713
0	52
15	1669
0	120
0	171
0	6
0	6
63	501
13958	521
0	1
2	6
7	6
15	0
0	4
59	4
0	0
8	0
17	0
0	14
0	16
18	16
371	489
0	489
43	0
345	0
74	152
235	152
197	7
0	7
0	0
0	351
194	558
57	558
558	3
8	0
113	0
0	0
10565	13
0	591
147	1249
28	1249
322	104
0	104
0	0
0	0
0	62
2	62
30	378
399	534
0	250
159	1161
4	38
0	10
0	6
0	38
20	0
0	372
0	428
15	76
0	76
0	76
0	337
0	76
0	0
1	849
0	576
0	535
0	585
5507	4355
61	4647
2	4855
0	4862
0	4852
47	128
2	105
1603	7
1454	1938
2	1938
0	1476
18	12
160	0
24	41
215	39
0	792
2682	1020
2	154
160	1323
0	464
3	377
0	10
0	7
37	316
0	316
3522	0
86	1518
0	112
0	23
0	1518
186	144
313	1
16	165
0	162
0	80
0	22
3	0
16	247
6	247
2	95
28	0
1788	5
66	5
10	0
268	852
27	876
0	901
0	0
0	2
8	2
252	1
79	0
45	0
0	27
0	23
1336	1
96	0
231	386
2122	3041
0	2555
3	2933
0	2967
0	2897
0	2453
0	68
295	91
0	91
1105	0
0	919
828	919
2596	1
74	20
0	20
104	14967
0	14978
0	15332
0	2883
0	15255
0	0
0	0
0	4
18	4
0	0
1881	2193
615	0
76	537
0	537
0	213
0	8
0	0
59	18
10	10
0	2
0	2
140	705
6	859
211	6640
2	1764
0	1738
0	1329
0	6564
0	71
0	49
441	89
16	110
1633	1866
0	744
0	663
13	345
38	572
49	473
8	1780
747	263
0	263
36	0
19	0
59	453
0	453
0	506
0	0
0	0
37	0
0	0
23	0
1	0
70	1569
103	515
0	1562
2	1437
1174	692
118	1718
2929	1716
1962	0
123	122
0	122
0	0
518	1016
0	883
0	673
2415	4224
85	529
0	812
30	461
12	464
0	1548
0	1061
0	3887
0	4563
0	4396
0	1317
0	3914
0	1034
938	0
92	143
0	143
0	183
7	66
115	183
75	0
2	168
13	95
97	10
6	10
8	78
486	78
0	34
131	138
0	138
0	191
0	1826
0	334
0	1772
0	1913
0	437
128	0
715	87
0	85
0	0
0	0
0	0
42	82
0	82
0	175
0	6
0	3
17	99
0	395
0	361
206	112
0	112
3	0
28	391
8	18
60	409
172	131
280	314
0	52
1519	52
378	294
211	0
470	194
0	194
320	33
49	0
224	535
11	146
72	389
0	0
40	0
0	256
3	124
253	558
0	0
0	0
0	0
2	70
0	99
41	596
0	25
51	596
32	96
0	56
0	96
0	33
0	55
0	171
109	434
0	0
0	0
0	0
1	86
82	1148
723	1234
0	357
0	100
329	233
0	233
0	223
6017	2
66	84
0	84
4	1124
31	1147
0	1153
0	14
0	5
0	3
0	3
60	17
0	17
524	0
0	0
606	123
14	123
536	39
8	39
0	0
2	0
0	0
662	595
4	593
5	236
0	224
0	1384
44	1384
1	52
0	62
14	13
0	214
0	223
60	235
0	234
0	0
0	3
0	3
0	7
320	82
7	81
119	114
91	115
96	2
0	2
0	0
0	124
617	133
0	1016
1597	1017
37294	22961
0	21406
0	16283
0	20756
0	11756
5	327
205	327
5	1
40	12
11	0
87	0
82	50
0	2180
7	2287
0	2292
0	999
8	0
1	65
0	0
0	0
0	51
0	16
15	401
3	401
7	826
18	788
0	780
331	1783
4	293
20	66
1	1783
0	124
0	202
7	220
99	268
0	6
0	21
122	21
0	152
25	629
0	3554
0	3568
0	3753
0	225
0	230
0	105
0	230
0	85
21	89
9	49
0	11
0	11
1122	2
0	0
0	147
0	165
0	165
2953	1
295	0
18	2084
11	2084
0	302
0	56
0	132
0	140
182	656
104	440
665	763
0	310
0	250
0	279
3343	2152
0	20
0	20
3	469
15	469
339	0
11	260
0	2
0	2
48	0
0	38
1	207
0	9
2	184
3	86
0	35
3998	4
61	1034
0	1034
0	1009
0	0
1044	0
1	182
0	182
0	563
0	8
0	24
465	563
511	1339
214	1340
0	319
30	0
5	14
0	9
0	0
43	23
0	0
278	1
0	9
2	24
0	15
0	14
93	778
0	778
247	89
13	0
0	39
0	50
7	13
83	1344
46	1344
162	175
186	0
0	124
0	216
0	107
487	216
119	23
0	21
0	23
1512	4
0	0
0	0
484	420
0	939
0	901
0	980
0	88
3	52
1	204
0	494
0	164
0	97
105	193
0	389
0	1053
127	1256
0	5
1334	271
204	0
4811	2
7	0
0	0
445	0
0	0
0	0
15	100
5	45
31	2
0	2
0	0
244	320
4	320
4	0
167	2
168	0
67	0
0	16
0	25
2	25
32	161
25	182
0	222
0	129
0	186
0	11
16	11
2174	4
3053	10
16	73
0	55
0	0
19	73
66	473
0	476
0	476
4	27
593	27
46	0
35	0
0	606
177	727
0	90
331	878
0	24
7	0
52	0
172	533
110	12540
0	12409
80	11888
25	10967
0	0
0	112
411	827
3	660
0	405
47	0
7	94
0	72
0	81
0	88
5	45
0	45
824	2
208	120
365	144
136	152
0	26
0	19
0	1
0	152
1827	3
351	263
0	0
0	0
0	0
0	0
13	0
55	335
0	335
11	15
4	221
7	8
0	6
9	236
45	24
25	126
0	126
817	0
1	0
1657	0
0	0
50	250
0	36
0	7
0	0
3	36
128	4
0	4
0	13
3	13
32	13
49	41
67	80
0	80
0	106
0	106
1106	1363
1	1359
1026	1
626	0
0	0
167	0
5	0
0	183
72	183
0	977
368	9744
3	9732
245	233
0	231
156	219
1	22
437	0
245	1927
45	1927
8	4
1	4
49	27
0	70
0	7
0	17
0	38
0	70
0	0
0	0
390	0
9	0
1732	7
0	7
0	0
20	164
111	94
117	258
153	0
0	2454
0	75
116	2653
0	1248
0	1408
1432	472
0	472
1538	629
4	25
2	604
0	0
0	567
6	2812
0	1886
0	948
0	1672
0	1752
6	2345
0	0
85	896
22	896
4	45
0	243
22	896
0	579
1105	501
0	501
22	20
71	20
0	330
401	510
0	300
0	32
0	187
7	880
0	183
905	798
57	11
3	11
0	0
10	0
0	96
766	96
0	0
5	0
1455	2053
177	0
0	0
90	62
0	0
4	683
1170	1138
0	1136
0	92
76	2
0	2
304	0
0	350
0	2123
0	1810
0	1823
0	2170
0	2012
0	1790
0	2029
0	15
0	197
0	687
14	411
42	772
72	586
150	1379
0	2569
51	188
0	0
1	2569
0	91
0	1207
0	87
0	3467
0	3645
42	93
15	0
0	0
110	1003
28	499
62	5
1337	5023
0	0
0	5
0	4571
0	4629
0	4583
0	0
0	0
0	0
0	1
0	1
0	61
0	148
532	150
0	71
108	271
183	529
3	482
38	2061
102	2102
2	0
4767	1
57	32
0	209
392	241
219	432
3	0
44	526
4	526
13	0
0	169
9295	172
5	0
0	3
0	3
9	45
0	81
8	96
0	0
0	0
0	0
8	32
0	74
2	76
118	775
0	40
124	790
0	5151
534	5151
0	1210
1795	1210
84	3182
0	3182
0	3095
0	3
282	3
5	78
0	23
0	35
711	1360
0	534
0	179
0	1111
0	379
0	58
0	0
0	0
2811	5
0	0
0	0
40	0
1	0
28	0
68	63
0	28
1	28
38	474
2	474
35	0
916	1
0	0
1199	1
0	1430
0	102
0	1439
5	218
0	213
0	257
32	174
80	174
635	0
0	0
58	0
16	403
0	403
32	0
0	78
36	78
74	104
0	104
0	260
0	23
0	1813
343	2746
0	2014
7	2263
0	1939
0	1350
1	2275
1090	0
0	0
0	0
0	170
19	84
0	110
0	109
0	171
0	0
2	0
19	0
121	0
0	9
0	18
1	166
0	166
674	4048
110	4048
0	0
65	1140
0	875
0	190
0	333
0	333
0	0
1766	284
0	270
0	270
0	284
223	117
0	0
0	0
79	0
142	0
428	113
0	113
0	0
0	0
42	69
0	32
0	69
0	635
102	752
91	8
104	8
10	13
99	319
0	270
2	189
455	0
2198	2332
14	2002
1616	2329
0	38
360	193
0	155
151	0
8	107
488	7468
0	5643
0	5709
2	3980
75	7598
1510	2
50	440
0	440
327	112
0	57
2	13
0	9
0	9
0	80
0	4
9	5
0	0
43	0
11	25
0	0
0	0
750	4
0	7
0	7
121	0
6210	3
17	336
19	437
0	204
0	437
1338	212
69	2
0	952
0	956
494	4851
0	0
0	4847
0	0
0	0
752	2
1464	1
0	0
22	694
0	222
0	91
0	0
0	29
343	623
0	214
44	265
0	265
0	0
0	0
73	152
0	119
0	45
403	0
280	55
0	7
17	0
324	864
36	91
0	0
0	812
25	837
55	80
1	13
657	1
81	179
13	4
105	5250
147	5410
50	391
0	391
59	0
0	540
0	572
0	420
837	1035
0	1740
0	1738
0	1225
0	4753
16	4612
14	3616
0	4769
12	4619
0	4730
0	1748
0	4782
0	1740
143	3410
9	3410
0	218
0	246
1	372
43	665
0	878
0	232
5	541
0	786
12	44
0	341
159	992
189	90
0	90
0	2
21	164
124	164
0	263
3	294
40	414
0	414
1601	6
2040	0
11	70
0	70
0	38
0	39
3	0
3475	261
23	255
35	988
4	1010
0	1033
10	712
0	594
0	496
0	988
0	662
16	0
400	0
0	0
0	0
407	0
190	7441
0	7441
4	73
5	73
0	6
0	0
0	0
1728	403
0	398
0	0
55	39
0	10
0	14
0	38
0	0
614	11596
0	7591
137	864
0	120
0	0
0	0
0	390
1475	1182
323	325
0	325
0	845
172	8136
18	8136
117	7303
19	204
38	204
60	620
14	75
0	21
0	620
0	516
0	332
0	102
30	189
0	847
393	848
0	0
517	0
5	172
583	172
92	151
0	2
0	151
24	0
28	350
133	350
111	2932
0	2855
226	2984
1026	596
0	0
301	1535
0	1532
46	45
970	1
0	0
0	0
3457	0
0	30
1584	12533
0	469
0	12540
5	11319
149	16
9	0
5	0
2562	799
0	47
1887	0
2	187
249	1620
0	1472
0	1717
906	0
0	0
29	53
0	40
0	14
130	0
482	0
0	1054
0	790
387	586
0	220
8	247
2	512
127	1327
0	1327
0	241
0	10
19	241
28	0
1711	556
17	28
0	382
0	303
4861	8
0	139
15	0
133	363
144	367
907	0
1361	0
1162	68
0	68
0	0
3	0
3	968
0	713
3	1869
30	1145
134	2673
134	4345
293	4331
2	83
431	2247
138	21
2298	2976
0	302
0	1263
16	3052
0	3145
0	1264
0	0
1689	0
0	0
0	697
2190	715
88	627
0	627
375	0
28	0
0	0
893	259
5	258
0	6668
0	1273
0	586
0	347
16	237
0	406
0	166
0	5662
7	5444
0	6599
0	0
3	53
60	53
0	6
0	0
0	6
0	436
477	787
0	351
1087	7
1647	5
24	181
0	0
40	0
0	0
79	199
63	183
0	83
0	0
0	8
0	8
0	0
760	1
27	1533
32	1533
0	139
369	41
0	41
33	0
3	347
749	347
5024	3383
3	1452
0	3371
0	0
62	0
8169	9783
0	308
3454	312
20	130
35	89
46	0
137	130
30	4
1688	2561
0	4
0	2561
0	2515
29	2518
0	347
938	682
38	549
0	574
62	274
0	274
69	0
146	55
0	8851
4798	8851
3149	247
0	245
0	6995
0	7494
0	3665
0	7057
0	83
754	825
0	825
28	0
0	83
138	615
53	615
0	4
0	0
0	4
6	10
0	4
0	9
228	78
0	58
0	68
2	580
0	67
0	599
0	607
188	971
0	467
0	888
11	156
369	1634
0	1550
0	0
0	241
199	10879
22769	10693
0	2
0	52
0	3
184	54
0	0
0	0
2397	1
49	162
547	349
6	78
0	183
0	0
8	469
0	2204
5	974
270	2337
0	1630
1127	3
2	6
8	6
0	12
38	12
10	11
0	131
0	49
24	131
175	70
273	511
0	511
229	747
0	137
0	143
48	0
0	235
4	5713
133	5797
6	5
0	5
0	5
186	0
631	0
70	0
0	46
0	0
0	4
0	46
0	46
994	0
0	68
237	102
0	57
2	0
9	0
0	0
0	0
126	489
0	489
6	38
78	0
0	408
0	941
121	1053
0	867
0	372
30	624
0	16
0	624
50	0
1662	571
0	569
5	3476
0	3476
0	2918
0	0
216	1729
23	123
0	25
0	1718
0	0
688	1520
0	322
0	1517
0	1520
0	0
495	783
0	783
0	65
0	26
0	112
0	250
0	222
20	30
723	713
6	743
0	0
0	0
0	0
83	97
0	97
0	21
19	76
0	76
3	27
7122	14099
0	61
0	204
0	0
142	36
0	14014
197	291
0	291
308	737
0	236
0	610
0	98
777	618
4976	1
2107	267
0	196
0	155
0	210
0	1550
0	680
0	374
239	1550
0	0
0	60
66	60
0	3277
5595	3283
0	31
3	31
0	0
0	0
0	0
0	2055
0	3862
0	3775
19	0
799	181
0	181
0	20
1735	151
0	151
0	34
0	634
1096	642
36	42
44	0
0	42
214	66
0	0
7	150
0	207
0	38
0	146
7	208
0	0
0	1
52	1
160	0
0	0
61	132
4	141
0	271
0	284
0	104
0	125
19	275
0	0
91	2340
23	2340
34	0
107	2215
21	53585
4	21539
266	7411
2221	58781
637	0
0	3188
8342	8753
287	510
3	510
91	470
7	406
6	1
49	321
109	1075
656	1018
1619	0
702	65
5	65
2167	1087
34	1081
18	67
0	67
0	65
8	3
1099	0
25	0
0	43
0	43
7	1
0	1
0	323
3	402
0	320
77	41
897	68
0	67
208	429
0	97
328	1
165	0
0	0
0	0
22	0
0	3774
28	7902
6395	8577
0	8116
10	94
0	94
4	0
92	23
4	20
0	8
20	0
0	0
5	24
1115	242
0	162
24	146
6941	0
0	0
8	341
11	129
35	2037
0	6
192	2037
14	315
482	4
0	319
759	156
0	153
25	0
100	15
0	15
2136	16495
65	16495
33	0
72	130
11	130
0	60
0	1
3	1
337	58
0	31
13	58
30	45
0	12
0	13
0	38
0	42
12	9
0	9
77	1321
7	1321
0	23
0	25
0	25
3	14
16	169
0	158
43	409
57	409
362	1026
0	1026
104	0
0	314
188	282
0	989
4	1094
0	1057
0	21
0	94
0	94
2179	0
3083	1218
3	379
8	1190
0	0
0	0
0	17
10	1
0	17
3414	0
0	5
5305	5077
1929	190
0	190
0	0
6	0
0	0
0	0
465	54
0	54
0	265
615	526
0	406
1	23701
12	30670
201	32436
0	11
0	11
0	160
47	160
0	0
5	23
1695	0
0	5
0	5
0	5
2	6
0	6
623	0
8981	326
10	326
0	47
19	439
0	307
50	2122
0	647
0	2122
1	0
0	0
157	0
0	0
0	1842
0	333
0	10894
1	13565
0	330
576	16991
319	1658
119	1658
0	83
0	82
0	18
0	80
832	0
45	1069
0	914
0	317
9	1103
0	0
82	37
0	37
1337	1412
0	1404
21	882
0	183
0	882
1737	0
16	8
0	8
480	0
2577	2
0	0
0	0
0	0
0	0
0	0
0	0
584	140
0	140
5440	17
512	1532
0	1428
0	1530
0	1428
3	0
0	0
0	521
0	227
0	88
0	438
0	424
3	596
0	210
0	662
5	633
1588	0
285	0
3526	0
0	0
1088	1016
0	704
4	256
0	0
126	0
149	0
5	4
1247	4937
0	5036
157	1
8	4
867	0
0	23
0	23
68	394
7	110
7	258
307	611
55	229
32	579
48	433
5	96
0	51
0	110
64	122
0	62
0	28
0	34
7	22
331	0
0	6
2	6
449	502
0	502
1	0
859	0
15	0
541	1855
46	1855
432	0
0	4
0	0
144	0
3595	2
38	0
0	0
0	0
0	0
0	0
0	2
0	2
0	2
1787	4
43	1158
0	1364
31	3238
13	3076
0	540
0	878
84	878
349	364
0	364
43	775
0	51
149	796
29144	3793
0	2735
0	1032
0	110
0	65
0	99
0	103
0	95
0	103
0	0
0	0
0	0
0	375
0	443
0	443
57	79
105	0
483	301
14	0
7	0
22	10
0	10
2121	172
25	7
172	285
0	267
0	40
1801	889
0	4
24	20
0	16
0	0
0	0
0	0
3	17
3	243
0	13
0	13
0	5356
2	14843
5947	5452
21	14939
5	2840
326	0
72	361
0	240
0	0
313	1
4	167
0	64
3773	1204
112	912
0	514
0	0
813	1504
0	602
0	661
0	1437
0	0
0	0
0	0
1694	856
22	75
41	10
1	10
3	0
0	0
7	1
0	1
0	0
0	0
0	4
0	4
6422	5
0	30
0	30
0	22
0	6
0	6
45	892
0	545
235	996
0	0
30	156
134	500
0	77
431	453
0	284
18	321
7	8
0	8
0	6
256	0
4	6
275	0
0	0
0	0
364	714
0	0
1081	408
0	376
0	374
0	119
88	1832
0	0
578	1832
0	45
130	174
0	174
0	37
0	1
344	3
300	484
0	484
7	43
0	43
13	1503
7	1428
0	1439
5	130
1	130
0	48
0	24562
14	1152
1064	1155
0	345
19	76
15	76
120	837
630	841
0	2
1036	0
12952	6820
6325	9
233	1764
0	309
0	292
14	451
57	1809
0	5416
0	5932
2	0
3189	4712
0	508
0	4611
0	4061
0	4253
0	4614
0	4258
0	3772
0	4667
0	3754
0	4627
0	175
51	175
82	214
23	291
0	292
19	35
10	35
75	5697
280	0
164	1274
0	1274
0	471
0	341
212	430
26	0
13	4
0	4
36	184
80	184
0	8686
2	0
958	1
0	67
25	131
0	3
25112	22
7	16
79	34
1	18
999	135
0	131
104	0
1088	737
523	477
20	4361
5	3466
2010	1205
0	1205
106	1996
0	59
0	1996
0	0
20	53
0	60
38	6255
287	2247
0	1423
0	1622
0	1367
57	6042
0	73
0	70
4	3
1468	0
351	0
0	0
0	0
0	0
517	1
6510	8
0	150
0	202
393	327
0	209
117	205
0	55
90	205
19	70
0	75
0	75
4889	1743
397	1322
0	0
0	0
0	1
0	0
15	0
57	0
0	632
3	110
0	13
0	49
0	179
88	0
356	316
1687	548
160	5086
33	5701
95	5668
0	5668
24	5055
0	5671
124	35
0	8
0	10
0	27
3	259
0	46
0	242
0	0
0	16
166	16
189	1419
3	1419
2	0
64	214
0	214
3984	6
5181	5
7	531
0	504
2929	3
1079	6
0	7
0	12
0	8
4	15
0	0
0	0
0	314
1566	318
3611	4
0	94
0	94
0	94
0	0
253	7
199	7
84	0
1770	0
2	3
31	1287
18	1329
3	1257
213	0
87	2713
2	455
0	397
1654	2713
75	767
0	767
3	88
0	10
189	223
0	145
0	0
5092	1
0	0
0	313
9	313
236	3122
306	3058
75	0
0	0
3195	5
0	0
0	0
0	0
0	1
17	1
792	2063
0	1000
525	519
37	490
0	194
0	0
29	0
437	1480
0	54
217	774
10	44
0	730
0	0
646	62
0	62
0	0
0	0
0	0
25	0
88	0
447	110
22	107
41	811
2	811
5	296
4	296
120	385
0	0
776	492
130	492
23	458
0	2472
9	2553
10	1096
1345	2997
94	2472
0	2520
240	2543
410	1631
39	1630
0	0
1770	1
0	0
1569	0
90	62
0	45
0	61
881	2
1649	261
0	260
2885	76
0	20
6	124
62	3867
0	813
4	3872
0	3712
263	5813
4	17
0	19
0	17
0	12
0	11
0	43
13	0
94	54
3	40
56	40
0	266
176	234
0	234
0	0
0	632
156	632
9	627
165	5798
0	0
1054	0
929	4963
259	282
0	302
8	5011
332	253
2	0
0	403
0	0
17	77
0	73
0	9
510	0
40	97
0	56
0	114
13	298
0	298
0	30
16	30
97	504
0	0
240	4835
0	706
477	4658
28	614
869	2
333	1934
0	1934
0	0
11	0
17	2
0	2
55	5699
16	25
0	5
0	0
551	860
0	860
6524	0
12	40
0	40
0	31
0	31
175	24574
69	24312
194	24809
6	24225
241	27429
197	24052
52	0
0	0
0	0
0	0
0	0
0	0
0	0
296	1131
185	0
0	0
0	0
22	0
43	0
5130	156
4	0
0	153
36	1
736	0
0	12
0	116
28	415
337	415
2176	0
0	473
171	473
0	0
1480	0
0	44
306	179
46	179
111	0
42	0
0	0
380	1706
22	1067
46	528
0	699
25	699
1094	1586
263	1586
0	600
2	4565
15839	5126
16	5117
0	0
0	41
35	2421
0	41
875	0
0	229
884	229
112	0
0	0
42	5
0	5
0	282
0	58
9	645
0	642
0	35
0	66
0	56
0	17
0	18
670	7
0	0
0	0
722	7485
5202	7208
0	0
0	2
0	0
478	0
13	58
0	115
180	270
0	250
5064	4
5106	2
68	0
136	5556
0	0
0	0
0	0
0	0
0	0
0	0
54	83
4	83
0	0
0	0
0	0
19	0
2	5927
0	5770
5749	1413
3	349
1	1056
48	2
0	2
0	256
1879	259
0	0
222	8
16	0
181	691
6	291
13	1
7	14
0	566
36	636
0	636
0	30
0	30
91	33
54	33
2929	2
10	407
2	407
0	126
160	126
0	5
0	764
183	2629
1791	2437
29	2399
0	796
0	698
147	0
5873	200
0	196
0	0
637	3
3	1007
359	3056
5	3056
489	160
10	160
0	139
0	139
0	17
123	17
0	85
0	48
0	124
862	242
0	73
6	690
0	698
0	662
0	79
0	180
5	180
784	0
3	2762
0	80
15	1620
1	17654
1	11710
0	17020
0	17191
0	0
45	0
1	0
0	0
9	0
16	0
13	63
0	63
96	16
804	232
0	144
0	230
80	0
66	279
0	279
3205	0
161	388
0	0
433	388
86	0
917	1
0	0
0	0
0	0
0	0
0	0
1582	1
7	0
247	4471
420	4471
974	251
0	166
44	166
0	1335
557	1335
418	104
3	83
0	21
0	21
0	83
0	0
0	17
17	17
3	16
0	16
7264	3921
0	3920
31	3106
0	1290
5	1352
0	1384
0	978
1566	796
7	385
5	791
0	136
50	307
614	3461
2	1163
0	1661
0	0
0	0
0	1
9115	9
113	286
61	0
225	109
0	19
48	360
0	61
0	11
13	44
342	116
1783	501
0	202
0	297
241	553
29	495
2307	0
0	217
0	45
5	715
0	120
0	673
0	450
0	109
0	109
32	551
0	282
0	163
1	59
0	44
0	210
0	3348
2695	11525
0	6613
2	0
1156	1199
0	1199
460	0
1967	1373
114	2
46	11
38	3221
129	448
0	33
0	115
0	77
0	3221
130	1529
86	525
0	32
15	32
44	493
1204	709
0	144
4	294
118	294
205	7484
2054	7484
0	3
713	7339
0	4122
5	0
11	107
0	83
262	0
5	180
0	180
0	235
0	236
10	179
0	235
82	148
0	16
0	42
0	42
0	445
0	910
9	887
0	457
0	240
0	79
42	0
6	78
0	78
0	65
868	130
0	130
123	114
0	85
0	12
0	111
0	111
0	337
123	337
2908	4309
37	395
0	139
3	250
0	13
1	250
2912	1
0	1826
0	1135
1005	1833
51	0
613	0
0	1
0	1
1017	1575
0	5
0	5
0	0
154	0
4	1606
2971	4317
0	4315
17	16
0	16
332	665
8	419
0	620
40	92
3	92
15	558
8420	561
1310	69
0	69
96	121
0	140
1640	140
50	8616
2854	5681
0	7300
0	3937
0	498
0	4745
0	4706
13	2264
0	1498
270	2172
0	498
0	14712
78	14700
223	96
0	25
0	96
0	0
36	12
373	14
0	13
175	336
100	26
495	391
14	391
454	3289
0	126
0	180
0	3044
1	3124
0	0
0	5202
2672	5202
930	615
0	610
12	146
0	638
0	638
238	1090
6284	1098
9	277
21	1095
0	981
2	264
0	26
1257	291
27	0
0	0
0	0
0	1800
0	72
0	1996
9	1824
0	1942
0	1925
0	0
0	0
0	0
11	57
0	41
0	20
0	1
8	179
0	143
0	89
0	0
0	4
0	0
0	149
0	183
3	0
30	1
0	1
71	0
73	533
12	1720
28	0
332	1552
0	39
0	85
0	1552
0	446
0	427
935	1540
5303	4508
548	2027
0	895
3830	3
125	1458
0	53
0	1
0	6
23	1458
0	0
0	0
176	191
2	24
0	42
0	192
44	210
43	210
0	0
0	0
292	465
1504	0
436	4527
0	4527
0	1404
85	1404
0	149
5	95
1231	710
0	438
0	649
16	142
0	142
1302	1
0	511
0	796
242	1835
0	699
1	1786
1720	6315
0	6315
9	0
0	0
14991	4356
6	0
0	36
0	24
0	31
206	0
33	87
0	87
3	0
0	535
0	137
18	900
3739	1504
775	0
0	0
0	0
0	0
63	0
11	44
0	10
0	10
0	9
6	207
0	207
1	0
1217	6
4022	3
23	16301
69401	16486
0	4156
72	62
0	101
34	63
1684	0
0	645
145	645
102	124
9	303
0	0
0	0
37311	4651
1	4627
87	1022
15	143
232	961
4184	4
565	1435
22	1427
0	0
0	176
184	176
3366	243
151	284
48	94
0	328
0	150
0	0
0	0
0	0
0	0
0	0
34	0
79	101
605	107
760	0
0	8
0	107
0	107
618	0
11	30
57	35
0	5
0	30
39	0
1	0
0	0
0	39
61	39
0	0
0	42
0	37
104	152
0	152
36	436
0	220
6372	656
2588	8764
0	8751
0	1685
733	319
702	582
0	582
216	168
0	147
11291	20
31	367
0	162
0	296
0	349
0	0
0	2106
2608	2112
7	814
30	497
2047	1897
84	144
0	16
0	79
0	1894
35	81
326	672
0	672
1552	275
0	34
0	0
0	0
4	0
2	14
42	116
0	102
75	0
27	646
12	646
0	0
72	1
0	2
0	0
0	2
0	1
0	1
0	827
634	827
14	51
0	7
0	0
0	51
51	8
0	8
569	0
2587	1842
8	313
0	0
0	198
1364	7404
0	1435
7	692
7	6618
406	0
564	521
6	28
0	492
24	10
0	12
0	12
0	41
0	2
0	29
0	41
0	41
54	169
481	285
0	14
51	82
0	0
321	64
68	2843
15	1803
1363	2843
33	1685
2609	953
0	919
0	1040
0	1199
29	36
0	36
2922	1
136	5
1067	2
646	908
0	908
269	450
0	636
129	1484
298	2620
7	12270
126	3016
3	12405
32	12308
109	0
64	0
47	405
0	515
23	533
141	33
0	33
32	32
0	32
0	32
6	564
3219	433
269	414
8690	4657
0	4648
0	512
84	250
141	582
15	206
0	206
6	206
0	0
67	359
0	359
4940	1518
2	197
43	1321
7479	1
223	0
27	478
0	447
29	159
0	170
0	163
0	290
0	34
112	266
0	766
262	766
2903	1
435	181
0	181
0	135
58	214
0	210
115	57
32	596
43	596
358	2
1620	175
122	0
111	196
0	194
0	2
0	87
1368	9591
105	9634
0	4
0	0
3	0
0	7
0	7
0	0
0	0
0	0
2735	411
0	411
115	0
195	75
0	74
0	408
566	857
0	801
19	191
1657	1681
0	79
65	879
307	1686
1	1140
267	1699
5668	45413
507	46635
0	23621
0	0
0	0
508	4437
13	4437
11	10
1	10
8	2408
0	1684
29	3205
1	2588
0	2525
0	0
0	0
0	1086
0	55
249	1086
0	22
0	25
0	25
1982	209
0	209
792	269
0	26
0	241
59	16
0	16
5	7135
29478	17421
173	1362
4	14582
0	1457
5	190
0	358
14	239
7	60
122	132
5	72
0	690
17	690
294	690
0	0
71	0
0	267
81	1030
0	160
0	923
411	0
1619	500
6	500
0	0
1527	0
0	0
2	0
0	13
0	0
0	5
0	5
0	18
0	9
109	0
118	1584
0	365
208	376
0	0
214	2
0	4
156	110
0	117
0	111
6	95
37	1945
150	0
1	0
843	729
0	557
0	190
0	24
0	11
0	47
0	47
0	31
0	47
170	1106
0	168
0	262
0	2006
447	2006
2	1382
269	1382
0	0
0	0
3	20
0	210
0	211
783	417
4	178
1302	201
0	177
614	106
23	51
0	36
14	0
943	0
18	0
611	0
13	26
0	3
1169	5
38	1075
643	1075
26	375
0	282
2	1327
57	1419
555	278
0	20
15	20
0	29
0	29
2635	844
318	397
42	447
1154	48
6	48
578	515
0	161
192	1541
0	605
0	237
0	1537
46	27
0	7
109	124
166	810
0	1
0	780
0	790
7	816
5	0
30	0
0	0
123	443
5	443
2936	63
0	52
0	93
452	203
0	110
155	943
6	945
36	945
958	0
0	0
1	0
98	8484
6	8071
873	8341
17	59
0	0
0	59
2685	1351
0	0
0	83
0	18
4	136
26	9862
770	9862
112	0
0	1006
0	293
0	1150
0	1214
37442	31
82	284
32	284
407	294
25	136
6	294
0	0
0	0
0	0
15	98
28	3
0	98
50	191
0	191
0	0
0	0
0	10
0	10
7061	0
21	5
0	135
0	82
0	222
0	257
0	0
265	1832
12	1832
0	864
1738	1508
7	473
0	425
0	64
13	48
811	66
2695	8
0	0
0	70
0	112
149	19
0	19
0	0
1	6
0	0
0	6
1012	55
0	54
551	0
0	0
0	0
3	0
12	971
196	1006
0	84
10	1227
9	692
54	684
2812	2583
0	870
45	1143
3	1
0	0
25	117
8	79
0	117
2	8
31	8
0	0
34	18
0	18
0	0
0	0
0	211
272	211
1782	0
95	1784
15	93
22	1625
0	5
1106	0
225	0
122	483
64	483
51	425
0	347
0	425
7	29
0	31
96	0
4	0
0	53
6	111
13	111
31	11
0	11
8	0
15	263
88	266
0	21
28	283
0	33
5	267
0	2646
59	2646
18	0
25	0
0	0
914	3
88	215
0	215
1693	33110
83	33105
37	15
0	52
0	52
97	459
0	459
320	1261
4	128
72	1260
2900	4224
1443	0
132	2173
5	2173
0	4
0	9
2	9
1873	5
64	0
12	6
11	0
0	0
1173	0
1221	49370
469	8285
0	7959
40	49696
0	65
0	1221
0	2508
1736	2549
1	67
388	141
4515	3
0	0
157	425
0	425
69	8
0	7
2	118
1032	118
790	0
7146	3
136	26
0	26
70	1843
178	1846
45	10
0	0
0	0
1459	447
50	447
877	643
0	643
0	0
0	0
8	0
90	80
0	80
1	587
0	69
468	69
0	231
72	121
0	108
57	1
1848	6
55	5
0	67
579	73
50	845
0	129
19	845
0	29
2	73
0	46
0	178
0	56
0	693
0	37
0	79
1	3024
0	3041
3	2938
1	0
14	69
6	66
0	3
504	6352
21	6352
0	0
0	22
5	22
0	56
435	350
0	38
0	66
0	350
0	0
0	0
21	1970
4	0
1195	155
0	150
0	117
0	136
60	2093
1	1166
0	1166
71	2019
12	25
47	25
118	0
116	28
0	28
0	15
76	72
0	47
3	9
0	9
0	151
0	0
0	0
0	0
0	3152
0	40
5	3168
1283	1
0	502
35	747
54	14
6	26
78	26
250	863
0	863
405	0
380	49
33	49
361	0
0	62
117	62
0	0
104	22
0	21
810	131
0	131
1	0
47	0
2195	0
0	13
241	13
1071	1083
13	1077
0	0
33	0
5	0
0	4
65	137
35	137
3661	891
96	4
0	905
0	890
2	358
366	83
0	6
0	76
252	1
66	491
3479	495
48	219
198	131
88	40
1	37
179	0
14596	6
16	131
0	131
0	11
6	15
144	0
140	4276
0	37
187	3528
15	3995
4	138
5173	8
0	27
0	46
0	11
0	37
0	41
0	48
0	36
0	52
14	29
0	29
0	33
5506	4
17	0
22	4
30	56
22	147
77	147
236	0
0	92
4	92
7736	12
959	123
0	123
21151	15
397	0
0	0
570	3024
0	671
0	687
0	390
0	13
0	380
0	392
0	381
587	2417
271	2415
443	0
1009	0
159	150
0	150
0	99
35	360
0	112
0	32
0	48
12	1481
0	64
1720	552
0	549
1307	0
6	9
27	0
1318	1925
5	267
7	1683
37	881
279	5180
25	5118
3180	12983
22	12983
3	9060
86	0
539	0
349	0
123	19
0	19
2148	1066
50	1064
0	10
29	184
0	0
2	8
0	7
3645	4
0	0
63	0
1280	75
4	75
106	37
128	37
9	8661
0	4559
0	7614
40	6745
5	8922
22138	13021
0	6677
0	2046
140	1921
0	1259
1442	90
0	86
16	13
333	1445
203	1003
3	179
10	1525
1600	236
0	8
0	8
6	8
0	8
0	133
129	133
3	54
820	54
0	48
417	48
0	328
3	199
0	259
4	358
5	257
17	64
0	1549
5	337
6	1502
1041	0
0	0
0	0
37	0
164	0
7	292
0	226
26	327
21	327
213	7
0	5722
0	5865
25	5866
48	11
0	6
0	5
657	0
77	0
6	72
15	131
289	714
0	74
0	714
1457	1487
0	738
0	1483
1703	0
0	5
0	0
0	2
0	5
0	89
0	229
98	1198
31	1198
2518	3148
0	3148
185	0
548	1553
0	333
0	530
1400	0
365	893
1	1032
2032	1339
0	1339
538	147
0	147
122	566
0	2792
0	349
0	6128
0	64
0	5326
0	5261
1452	5973
290	942
29	50
0	50
918	2
257	0
1	4
1373	0
3094	804
0	794
172	422
10	422
97	253
169	40
0	36
143	4
15	1036
52	1069
0	1098
0	1115
1	992
0	0
0	0
4	0
0	2
0	2
0	0
0	0
0	0
0	0
0	0
0	0
0	0
0	809
0	648
0	815
0	815
893	450
0	450
57	0
0	0
0	0
0	0
0	0
0	0
885	0
66	663
0	663
56	17
0	17
16260	1339
0	0
3214	1
51	1660
0	1660
53	119
0	119
0	10
0	119
0	35
0	119
0	119
89	62
128	61
0	3
8	3
4	0
41	303
5	303
68	0
157	281
0	281
204	0
5031	7727
0	7727
0	0
261	3447
0	3447
0	8647
0	10690
3935	56587
0	45022
0	56590
48	0
1508	4
24	3
170	980
0	997
0	0
4	108
0	28
0	183
448	1885
0	1822
0	104
10	104
29	476
9	377
0	337
0	396
178	0
3	0
0	0
0	0
0	0
4	31
0	31
764	0
822	3
0	279
66	279
49	828
0	828
0	828
879	762
61	26
20	776
1	751
0	0
0	0
0	0
0	0
0	0
0	0
1352	1064
103	1066
936	1
0	164
63	5097
0	4974
0	0
0	0
50	1060
0	591
183	1561
0	1433
0	341
736	694
6	0
1306	20
111	292
0	269
3	262
314	269
0	4
0	0
0	4
3443	1
2	0
0	0
0	2
0	2
0	2
3570	7187
2	786
0	488
0	6983
495	6724
986	2
0	0
5	663
2830	2270
0	2294
31	2208
249	0
0	391
0	395
0	394
0	397
0	411
1401	1314
0	1302
1673	0
219	9001
2047	9003
3	2735
4	466
3	336
13	4979
0	4193
0	4775
69	0
6	149
0	149
347	0
2222	374
6	374
9	1
3	66
0	66
47	233
6	116
0	140
486	31
0	31
17	2
11	2
617	458
9	458
0	12
0	12
0	12
173	2351
17	290
46	2351
6	0
0	0
0	312
0	3815
111	3970
7	57
0	17
0	63
0	66
0	37
85	633
0	584
0	632
0	0
0	3
0	3
0	86
0	18
0	0
7	90
5	163
35	12
1	3209
31	3333
0	33
0	195
0	0
0	0
193	2500
108	2135
0	88
0	115
17	366
155	1552
32	1526
2	165
374	0
329	1826
2587	1825
0	229
0	37
20	229
0	2184
0	42
0	764
0	958
391	867
154	2197
9	2197
0	2289
28	2219
0	398
117	147
30	1926
794	1
2073	0
1110	2016
4956	878
404	2
1958	912
0	906
1	36
35	0
0	174
93	943
0	943
7	7
0	7
0	7
789	0
99	1244
0	1244
10	1
0	1
0	188
6	0
1417	3116
0	3095
8	3089
295	0
566	127
0	127
180	5
0	5
24	421
6	118
0	378
11	16
3	119
338	119
0	0
1	0
0	0
2	78
178	78
283	246
86	246
1764	572
0	571
0	18
123	65
0	65
89	252
42	1807
0	1807
4	1609
295	0
582	0
1566	3
6	0
31	95
85	129
16	148
883	633
127	0
50	264
65	1633
136	1633
125	83
5	35
0	48
0	606
301	740
657	0
10	0
61	150
19	139
0	45
32	71
425	28
23	28
3314	1937
0	1882
0	1848
0	1915
3	32
0	32
0	24
4	28
504	49
0	49
8	0
18	0
4164	4
1722	8
2	13
0	13
952	6716
0	470
0	224
3425	2549
2	0
0	0
1	0
3	3
0	3
0	50
67	50
45	34
23	4
0	17
685	394
80	55
0	0
149	4
4	16
0	1
0	15
11	0
0	103
0	107
0	107
345	757
7	0
0	561
53	1450
0	1534
0	1405
1057	0
577	0
784	0
885	56
0	56
201	0
79	34
0	34
0	0
675	684
52	684
1	32
868	504
0	504
1	0
0	0
2583	2338
65	2334
1082	7
0	0
479	87
0	87
10	1
680	1
12	5
0	353
0	143
0	571
0	289
0	116
11	615
0	1048
0	43
464	43
424	0
16452	2294
2	2289
4347	212
41	206
10	0
97	0
855	0
126542	113963
489	0
3	3
0	3
0	3
0	0
0	0
0	0
98	0
0	178
2873	180
5248	685
6	682
0	1135
0	1198
0	613
526	2540
0	22
0	4
20	26
37	342
0	30
0	7
0	5
0	0
25	266
707	266
833	0
0	0
69	136
0	136
0	134
0	69
134	69
0	0
0	0
2873	6
19	0
505	7
1340	465
0	454
0	328
136	0
332	215
0	107
8	235
9	0
160	84
11	84
0	72
6	4698
0	4698
0	4551
11566	5
0	65
0	9
0	192
0	88
16	156
0	2
0	2
0	12
0	12
465	0
28	928
295	1361
9	1106
246	0
0	0
3045	2
133	177
1085	177
321	0
0	13
0	13
38	21
0	21
0	0
0	0
0	0
6	524
17	536
4507	10662
0	6405
582	11611
8	11610
2479	687
0	686
360	0
0	0
952	0
108	0
0	0
72	46
0	46
0	2
0	2
0	2
0	1829
728	4914
0	4921
0	4921
3735	2
1527	7
25	1006
1636	986
0	982
69	1075
0	1075
1419	1
0	26
0	26
396	14
1796	303
0	302
169	41
0	41
1192	0
231	63
0	63
2	128
0	278
0	57
93	791
7	729
3588	3
32	0
0	559
0	534
0	614
0	589
0	533
72	0
0	94
226	442
0	348
0	17
38	17
675	142
0	97
0	590
0	567
0	18
0	567
39	577
554	39
17	39
3	1
1	1
0	1
0	628
6	385
0	939
688	1183
0	755
0	60
15	60
1597	0
247	458
169	34
0	758
378	758
10	44
0	44
506	1253
6	0
151	82
0	82
0	67
0	0
98	1453
373	1203
404	1203
83	480
34	480
145	1072
0	1072
11	470
287	638
4626	8
1195	1134
0	1131
0	5
30	5
1373	8
0	276
1744	408
0	0
0	0
14	91
142	91
5904	733
0	733
644	414
0	296
3	414
786	2
0	97
45	82
336	415
0	411
36	415
59	76
36	31
0	1
0	1
0	0
8	285
0	286
0	1
0	3
146	0
0	0
0	0
1418	0
97	91
0	91
180	18
0	18
39	1219
7	1219
5	0
0	0
0	20
0	0
10	20
18	54
0	0
0	0
134	208
961	3205
15	1725
0	3200
7	1999
3234	1775
0	513
75	625
44	694
468	640
0	640
85	118
29	118
6268	10786
16	38
0	2
0	2
9	224
0	67
0	48
0	210
0	51
0	51
193	6
72	13549
68	13550
0	699
0	9883
0	4
0	24
9	28
76	12
3	457
7	220
0	0
1000	3090
32	0
27	0
53	0
53	2776
0	2776
0	2144
0	2788
4	0
0	0
0	145
0	186
0	395
0	428
0	2
10	2061
173	2061
44	0
0	2
173	0
0	0
309	2113
0	1982
0	2195
5	0
1127	5
0	0
0	0
0	0
0	0
0	0
574	2
141	593
4	0
810	103
0	102
25	0
6	103
482	998
19	63
13	48
37524	28
0	40
9	40
4153	4
0	18
178	169
2	168
0	45
0	186
0	184
0	0
0	0
0	0
5	99
0	16
0	99
688	0
0	15
0	57
1062	72
3632	9456
12	8618
43	41
0	41
4752	9
2083	0
0	0
0	0
0	0
0	104
194	180
0	167
5	112
2	112
0	1396
86	1267
0	1676
22	3206
71	3146
0	0
277	0
79	44
11	17
5	27
1125	2
687	1832
0	116
123	1821
911	0
0	2151
0	6955
12392	9120
0	0
130	1952
297	2712
0	760
30	89
460	257
0	9
18	69
16	185
0	64
0	47
0	150
0	72
178	273
0	0
0	0
0	0
0	0
5	13
35	13
0	0
399	0
4	0
12	0
0	8
0	8
348	195
0	195
255	1870
808	1870
0	0
14891	5
65	97
0	30
0	74
0	68
0	60
0	42
2041	303
2	187
0	216
12	38
174	38
0	0
4	0
0	0
0	0
167	557
0	458
0	458
846	104
0	104
824	1231
11	208
4550	879
0	876
0	64
0	58
0	67
0	89
0	153
2	103
6225	3718
0	0
11	967
6	132
16	849
576	0
5	39
0	76
18	0
0	765
1916	2967
0	2930
3	2695
1716	710
41	20
0	1
0	19
0	0
7703	4958
17	4925
0	4924
86	4758
0	4951
0	562
666	958
10	460
0	404
0	943
3	156
0	368
0	302
483	445
1	175
364	2654
202	2654
0	0
320	95
120	80
1	80
3	7
0	7
1879	985
0	985
19	678
628	678
9	11
1818	415
0	394
575	15
0	399
790	219
29	217
5	0
370	3325
0	3325
0	0
0	0
0	0
32	0
53	146
116	1633
22	1596
17	1546
44	292
0	0
85	0
1	0
0	80
35	80
512	0
389	95
13859	1682
62	0
2261	950
6	150
5	800
2667	195
0	195
7	1888
18	1859
0	151
0	2675
8	2562
431	2894
15	2
165	2
0	2515
274	2090
337	2176
14	281
650	281
0	0
0	0
1973	0
192	9
0	9
5998	176
1	173
0	61
0	53
0	35
256	2428
0	3075
0	6134
0	6228
27	2555
10	0
0	0
1151	654
0	240
2	24
0	24
18	49
0	51
0	23
3	61
0	63
9	93
695	2547
18	766
0	2381
0	0
657	0
13	97
764	125
0	163
6	3328
61	3897
31	958
0	2753
0	3060
718	0
8162	1762
0	1761
147	1303
0	1303
670	0
56	84
0	84
635	5317
0	2653
7	4061
0	1070
0	0
4	0
0	0
0	0
0	0
0	0
0	0
0	0
0	0
0	70
51	70
2	0
12	0
27	0
0	247
0	24
6	40
0	246
2555	525
0	523
3003	2555
0	699
0	352
0	1523
0	32
0	80
1	110
221	139
0	104
61	3230
19	3230
0	2427
0	704
0	0
0	1745
0	2200
0	1299
10	2198
0	1155
1146	1155
0	0
0	0
0	33
103	33
0	0
38	49
0	49
96	0
10	9
0	9
888	0
762	0
0	1080
0	1152
0	1071
0	0
10	101
0	101
482	0
4878	372
0	372
61	1512
14154	1521
0	634
0	792
0	1525
201	0
4001	11
0	34
6	882
0	39
0	1058
0	1053
0	628
0	88
0	61
16	193
25	159
0	125
35	165
2	0
0	625
0	550
0	476
0	223
2	66
21	66
2894	2088
36	1848
0	1664
0	0
0	1
0	1
0	0
0	174
13	225
17	269
10	1093
25	211
0	2599
2	35
44	2720
0	1093
0	1079
46	386
0	256
0	429
1	0
0	0
36	2980
0	525
7	3150
15	104
3	93
0	23
7	0
0	0
0	0
505	0
68	46
47	46
0	0
12	0
0	0
43	9
0	9
301	0
57	0
0	93
333	94
66	379
0	379
391	515
1980	99
0	99
0	823
0	207
6	266
0	944
116	1036
221	313
0	81
8	120
0	1
0	1
0	164
0	128
6	758
22	739
0	748
0	744
0	0
158	0
6	73
0	44
0	67
1503	2847
0	2845
28	60
0	60
6	18
0	18
85	19
0	1
21	1
53	4
6	0
0	3990
0	4339
0	2239
0	0
1283	1850
7	729
197	1577
1649	0
5	7
2418	0
0	268
7	0
27	268
326	56
0	56
0	0
24	0
0	0
0	47
415	47
61	187
0	98
0	187
655	139
0	139
0	0
1216	1
0	0
92	10
0	10
0	0
0	23
79	0
0	5
0	935
0	171
0	702
1	766
4	470
467	1644
0	771
11	493
17	484
0	484
0	0
1	0
494	534
0	432
0	518
0	534
0	0
0	0
0	536
0	1016
0	1595
0	1267
0	227
0	134
56	227
0	0
0	14
0	14
0	8
0	8
3	0
0	0
0	0
0	5
29	11
0	11
1	0
0	0
0	199
128	359
0	510
330	869
134	192
0	192
317	1415
0	81
0	1415
0	356
3	180
0	576
149	932
3902	1
208	979
0	979
0	0
0	2
77	390
0	265
76	3138
2	4703
0	4479
0	11
0	27
165	0
1001	0
4	338
2295	351
0	94
51	2950
12	2950
21	2579
0	0
30	315
16	338
0	338
0	116
26	295
22	304
0	9
0	8
14	18
0	6
0	9
0	8
4790	5
189	648
0	658
275	1
27	3755
79	3286
14	290
685	3490
0	3450
0	700
0	3024
98	0
9772	7334
0	7323
40	44
73	7
0	7
0	2
0	0
8	9
0	4251
0	5112
7966	26153
727	23491
124	200
91	200
1503	843
3	136
0	26
0	96
4	910
0	0
0	0
0	0
4	2400
0	130
0	331
285	2400
168	0
0	0
16	5
0	262
599	1038
0	1025
0	0
51	9
0	0
0	789
0	6687
0	6823
3	6712
0	6700
0	6545
6	5969
0	6610
0	6916
263	416
2	157
48	78
754	2085
0	2084
156	0
0	0
0	0
24	1021
43	1021
284	16
0	16
15	57
48	57
6	0
0	0
0	68
14	655
0	660
55	9
111	668
0	667
0	32
0	0
0	0
64	178
479	0
1192	45
0	39
0	0
0	0
0	0
1	245
211	370
0	182
0	311
55	361
0	0
247	0
421	1202
1790	713
16686	9301
202	9288
1169	73
0	73
0	167
1075	415
33	170
0	245
8325	11
3080	0
0	14
33	0
0	194
0	96
0	202
0	71
0	221
4	171
0	161
28	608
0	203
2	628
0	446
251	0
15	0
2162	1
258	745
0	159
0	606
34	753
0	596
1814	0
915	0
25	104
0	0
0	0
0	0
0	0
0	0
0	25
0	10
0	0
0	102
51	102
10	1
0	1
0	723
6	513
1	674
25	888
0	1005
23	913
38	1041
14	4492
6	4577
4	999
123	0
40	481
0	91
0	481
279	432
62	432
1588	0
522	0
14	0
1116	49
392	0
600	297
0	36
11	330
0	152
520	152
46	802
0	802
2848	0
4	0
4	0
0	352
757	352
605	0
91	0
11	2
0	5
2	5
7988	4
52	506
0	495
55	67
0	704
192	4339
22	50
33	609
200	4363
0	1848
230	1854
194	1850
0	223
0	2
0	220
0	221
0	223
729	89
77	89
661	4174
6773	4187
0	5
0	14
0	12
843	2131
0	115
37	115
0	1421
0	394
2450	1422
5822	3530
15	3503
23	3513
156	50
26	0
0	50
1	0
2276	2
135	515
607	391
0	317
0	571
0	341
22	2009
2209	2817
2	2789
510	2008
1464	0
0	0
395	2155
20	1287
0	79
45	1309
386	2205
0	53
0	86
0	81
20	127
71	1178
0	385
5	1087
2	832
5	0
451	2167
8087	7
175	1878
4	2
0	2
116	0
4	0
0	17
0	35
0	3
0	3
38	35
0	47
0	132
1393	829
23	654
3233	0
6	125
1750	2874
332	0
43	930
1	930
5106	8
659	335
0	335
0	29
0	29
97	751
780	751
0	0
0	33
6	135
200	309
0	0
0	296
52	307
811	307
0	0
4461	225
0	5
372	1441
0	1441
0	0
111	336
0	336
0	29
10	55
0	67
0	55
3	67
0	67
319	2
2455	562
3	560
48	1607
9	1607
602	0
0	0
22	0
1065	3
19	0
0	0
0	0
0	0
0	2
885	0
5	28
0	0
0	0
193	322
53	95
0	328
32	808
180	808
14	80
445	112
0	112
22	139
252	139
240	551
12	0
0	551
155	0
136	758
0	694
0	704
0	761
0	761
8	368
0	23
0	368
6106	13
418	0
0	48
29	48
33	0
77	0
19	1083
294	1083
0	10
0	10
0	10
0	66
0	74
0	66
20	74
36	2012
1	2012
3118	0
42	0
837	3390
0	344
2	2220
17	567
0	2337
223	320
0	3234
5	3220
0	3234
0	3097
4	94
15	94
10	9
0	9
0	2
0	2
31	371
8	306
2016	507
3	185
0	145
0	600
85	600
14	0
104	463
210	562
962	3020
0	3066
2402	2
0	186
0	149
4	1113
8	1113
0	0
0	0
0	0
0	0
17620	9317
384	652
0	202
35	431
17	431
13	64
0	64
1706	0
351	0
424	587
0	177
0	208
0	587
5483	7
0	2
0	0
0	0
0	2
0	2
342	0
74	0
0	0
3	184
0	129
0	15
69	45
1235	0
0	0
72	0
8714	1422
47	749
489	0
11	0
15	60
0	60
1696	1
859	0
0	32
0	5
29	323
418	302
25	2685
0	2685
24	313
0	297
0	297
8	321
0	297
12	1483
4350	1427
38	184
0	54
7	204
0	220
503	92
0	92
496	0
0	301
72	301
0	9
0	9
21	84
20	1059
52	194
2273	0
0	161
805	161
17	196
40	175
3	100
509	0
0	138
0	184
0	75
152	0
4	0
178	3523
0	294
24	3321
217	347
0	347
9213	435
6	434
316	1623
0	67
0	1651
79	262
146	0
12	0
2	26
0	26
923	0
1	884
0	510
0	91
1	53
856	2262
6	1888
0	884
75	884
3	0
0	0
0	174
180	2372
0	2425
0	2371
569	597
354	597
2629	3909
2	218
0	551
0	0
1221	195
0	6
0	195
0	0
0	0
2	0
29	4981
0	4981
0	236
3798	4923
51	0
4	4
0	4
496	3370
0	3370
0	1069
5349	12
169	0
2	0
6	0
69	150
0	138
446	326
0	1
0	0
0	13
0	21
15	291
0	0
7	0
0	0
0	0
0	0
1184	0
0	0
0	0
0	1600
0	1612
0	1630
6	1650
0	958
3	0
738	245
0	245
12047	5762
16	5733
126	1140
356	1140
45	0
0	0
9	29
1713	32
0	0
0	0
0	0
0	740
0	324
0	745
0	329
236	740
42	244
69	15308
0	300
0	15501
0	405
17	3497
1500	3524
0	419
5	0
11	0
638	0
45	666
0	605
21	658
762	12347
57	7192
86	6370
39	11991
428	118
0	1052
7	5371
7	5413
4	5345
13	5359
0	264
0	177
0	220
0	190
39	3
0	3
1	3
0	0
2285	3378
38	1190
0	3378
4286	6
0	0
3	0
16	1146
107	1146
62	0
361	1322
0	1322
479	0
7	437
1985	439
0	0
0	0
0	0
0	0
0	0
0	0
11	667
17	491
30	696
0	321
0	347
11	335
21	325
0	275
47623	37
9	46
25	46
0	11
0	161
17	861
42	861
0	41
20	791
0	0
54	166
4	97
19	0
5	11
0	0
45	40
0	40
6	1540
80	1540
0	1540
46	2857
485	2857
0	0
0	180
707	289
0	167
30	2569
0	174
10	99
153	2494
4	1
0	7
0	7
6	24
0	0
6180	2120
0	2108
0	593
253	816
0	812
21	804
10	794
0	31
0	44
25	71
11	32
0	33
0	38
0	0
141	0
1508	984
0	984
874	2623
132	2623
0	0
2	0
1679	36
0	35
4671	1
0	0
22	1
0	1013
3	1060
0	818
1	807
0	669
0	545
0	2
0	0
0	4
0	0
0	0
0	0
0	15
0	46
19	61
63	1321
373	1322
644	1348
0	1348
26	1285
0	1203
0	433
0	55
22	108
9904	7
1861	5390
2	2061
3	3536
0	1885
1531	0
112	5321
32	2748
637	1767
62	4860
0	0
0	13
674	1543
0	260
0	98
0	95
0	48
33	1417
245	0
0	131
526	0
0	0
5	0
0	0
32	18
0	0
0	6
6	1
4	15
0	0
0	5
0	4
0	13
0	13
0	13
0	6
2	42
677	42
140	0
0	0
0	0
34	909
4	909
71	843
0	843
2943	366
13	361
18949	16
5462	1559
0	178
0	560
0	1439
27	321
0	16
0	1236
0	2758
0	2738
1	743
0	344
572	3
22	3
4216	5050
167	5133
3	3856
0	4198
327	359
0	136
0	343
3	132
0	138
473	206
330	4645
172	4645
0	11
0	11
355	557
142	45
23	2
0	34
0	43
0	34
0	0
0	0
0	0
141	74
0	74
875	1845
0	1845
0	0
0	0
3	0
0	0
135	68
41	0
11	430
0	111
293	197
0	196
527	4495
184	2630
31	1694
0	1056
158	1255
0	1006
0	3116
8	3422
0	3440
25	0
0	0
474	2
0	0
0	92
472	865
14	0
0	720
0	720
0	720
0	607
237	0
0	68
7406	328
0	259
152	3274
0	809
731	3274
0	0
19	0
0	638
0	501
0	471
23	40
0	492
0	359
37	473
0	644
1277	1981
51	1670
401	1014
200	1014
222	0
2	673
0	152
792	706
0	166
0	585
0	330
4	105
8	155
79	155
0	30
3	30
97	53
0	47
0	4
2548	986
0	981
8058	11159
1791	4
0	4
0	4
0	15
0	15
947	1
2016	2
54	17
0	0
573	70
0	70
0	48
0	0
0	838
0	845
0	742
0	858
0	819
9	619
0	619
68	324
0	388
0	311
0	388
10	4
15	0
21	0
0	0
0	0
0	78
102	663
6	547
0	552
0	676
0	195
52	209
0	169
0	169
0	164
1	897
0	402
32	984
1	984
222	805
1	805
58	11
0	4478
0	4679
0	818
1285	5957
0	6
0	13
3	42
274	42
285	2563
170	3424
27	3225
0	5
0	5
38	0
0	0
17	35
0	16
1345	10513
58	10474
16	541
2	2623
0	10484
6	11
0	78
0	1916
1	38
166	1916
27	0
0	17534
0	12495
0	13185
8	17534
5	56
408	56
12	0
1	177
0	0
7	44
48	0
1	65
0	1125
25	1719
0	1695
0	1729
2224	0
0	0
0	219
91	404
0	152
2	114
0	717
2243	724
757	554
0	554
10	0
0	0
0	5
18	5
70	90
0	90
2309	4378
0	4424
57	860
512	2
1671	4456
10	67
227	110
0	42
12453	4
0	3413
4376	3421
439	0
21	530
0	224
55	529
0	341
319	1647
0	342
0	1329
184	158
1	158
0	53
2	53
710	1905
0	1905
493	0
41	6137
1	6137
0	23
745	27
2329	1490
4	1385
0	1087
164	2210
2	213
0	1951
0	2203
0	5462
352	5462
1904	1939
0	983
0	1662
0	0
0	0
20	9
0	0
0	0
0	0
0	0
0	0
0	0
0	6
0	6
92	0
431	0
0	0
0	0
0	0
0	0
4883	7
5	20
0	20
6	573
1477	573
0	7
0	7
6	7
0	71
0	71
0	58
2423	128
0	76
1	52
67	30
0	6
0	30
36	946
90	946
11068	18109
4	7642
4	18104
0	103
0	21
0	103
155	0
466	2
100	1830
0	1830
0	0
0	0
0	0
0	922
2286	947
0	2160
3218	2160
663	532
10	530
70107	40
0	6623
3203	6646
1	199
58	276
0	797
0	554
156	797
878	1665
868	1666
195	110
0	80
0	30
0	1516
2	1516
0	1516
6	0
0	0
0	4
0	4
1248	5
4	0
68	0
8	0
39	31
0	29
0	31
0	0
0	0
7	26
0	0
0	26
2456	2796
0	2796
0	2
0	2
0	37
0	1037
19	1020
229	1077
0	1077
0	357
525	4
0	7
0	7
0	7
0	7
0	7
0	7
0	7
0	7
0	0
308	1983
3	801
805	1
89	0
0	699
13	781
0	0
99	526
0	526
0	12
2	12
3	0
298	0
71	463
0	616
490	153
0	150
31	0
0	0
5670	4
0	1
4	218
39	218
938	1
74	1170
20	1292
0	217
34	105
0	17
482	360
0	26
1029	0
0	602
0	362
0	112
28	581
6	498
12	9
0	9
448	0
735	0
210	415
0	312
4	370
0	336
0	310
0	321
0	339
0	344
340	0
0	0
0	0
6189	7
66	0
3	0
14	0
68	0
0	608
0	298
0	298
13	629
0	591
0	0
0	1
0	1
16463	5442
0	519
21	4599
300	1546
296	1725
0	915
104	98
81	915
45048	13020
0	1721
0	9806
0	0
0	2183
1427	2183
4	3740
8492	16539
0	3060
110	16303
2799	0
334	43
349	891
2662	2
3	7
34	7
1	13
0	13
1317	5871
49	1742
0	5439
0	431
0	9
0	9
180	0
9994	6
5093	0
283	21
0	21
0	955
115	955
56	2582
0	2923
0	3077
6	0
1406	1154
0	1151
0	4
0	4
0	1355
0	1079
0	1735
0	1680
1183	0
944	683
17	0
0	0
222	0
199	263
31	43
420	3473
0	899
0	2986
305	243
0	4
0	4
57	702
768	702
395	0
10	1012
0	1028
4	79
0	79
0	116
0	86
0	158
3	1568
4798	158
0	143
274	349
24	38
0	349
1384	1397
0	1394
22	1394
0	311
3	311
1324	1
25	1608
0	99
2219	190
11	142
1658	0
217	0
5	7
0	7
259	0
0	2
0	710
0	1619
37	2108
0	2119
0	2136
1	0
234	1605
0	1604
141	97
0	97
41	137
0	26
4	42
0	0
583	196
4	196
0	0
0	0
0	0
0	0
0	0
4	0
0	0
1	924
0	4318
70	4318
6	2
559	1
7205	439
0	434
142	0
0	0
0	0
0	14
0	2
0	15
0	199
0	551
0	583
94	0
1334	3
28	37
0	0
0	65
26	66
313	218
0	0
0	510
76	510
35	452
27	504
20	0
159	0
118	854
3	766
12	886
8241	392
111	390
22	0
0	890
9	890
110	451
0	441
0	451
7	1
1187	802
0	750
0	52
0	465
4	457
7	449
20	564
0	654
0	19
0	541
64	631
23	0
0	3
0	0
0	3
1196	698
0	698
0	0
12	8
1	0
23	69
0	69
13	1171
227	40
0	0
0	0
0	0
0	0
149	145
1237	0
61	364
0	50
2	696
0	616
0	702
0	630
4472	9848
1211	622
3	513
3	45
9109	2390
0	920
452	445
71	1068
16	17
0	2
21	2
1055	104
0	86
0	71
55	25
0	3
153	0
10	41
0	41
8868	7
0	0
0	0
6226	6
947	451
0	0
0	448
0	292
0	0
0	0
0	0
17	24
0	21
6	447
0	352
8	315
102	115
0	94
126	379
0	323
2	296
0	110
0	241
0	1179
0	306
3	268
1	1135
2098	0
4494	4598
2575	4598
223	533
0	196
14	533
21	0
41	2
0	2
1361	4976
174	4976
67	0
10	916
6	916
45	3389
498	3487
40	69
3	69
109	581
0	581
2373	1
859	0
297	9520
177	9520
1126	79
0	78
1153	216
492	213
260	62
4895	395
0	235
53	183
671	0
259	522
0	3470
18	407
292	3388
2608	1697
25	262
0	38
48	0
0	344
75	339
0	328
0	514
2466	1
1982	138
0	138
18	43
0	0
0	1440
33	1445
39	52
0	52
101	232
16	4
22	80
1070	1444
0	1434
0	917
1656	917
0	65
13	73
2	92
9	0
1	0
731	1408
128	1407
1614	1601
3937	0
26	106
139	235
0	59
0	130
0	130
1363	593
0	549
0	476
0	1
0	1
0	1
1257	0
3450	0
143	540
0	68
446	540
12	185
0	23
63	5
2309	6
0	34
159	34
16	28
3	3
0	0
0	0
0	2
0	2
0	0
71	0
0	17
0	23
8	26
514	7612
385	7610
0	837
185	837
174	4395
39	4846
0	3893
2678	12
18	0
1171	340
14	338
3	0
21	1642
23	1642
0	116
6	47
0	5
0	116
0	0
0	0
461	0
184	1
1287	2255
0	2177
0	2246
0	2172
0	2
0	2
2	53
0	124
527	176
453	166
16	5
0	0
0	5
11	4
0	4
35	0
80	326
7	421
0	421
0	0
32	0
0	130
1085	138
106	24
0	22
0	23
0	23
0	6
4	6
0	0
0	0
0	0
0	0
0	46
0	428
0	901
3	931
0	892
1	900
242	626
67	2808
0	2805
0	1396
0	2
0	2
0	0
0	2609
0	8
1097	3429
0	2520
0	57
42	209
280	294
21	276
0	276
81	11319
2503	11328
0	6929
0	7568
0	4749
1044	4
791	0
82	541
0	534
38	265
59	0
28	0
0	1532
24	3619
479	3440
0	3129
0	2691
0	3129
48	50
0	1587
0	194
1086	1587
488	0
602	17
0	17
45	1030
0	28
5	61
0	6
0	1008
0	1014
6	35
231	204
4	148
7	229
0	152
215	0
2	0
0	55
44	61
0	0
541	126
2	82
0	1
0	1
1	46
115	10
953	1641
0	3210
0	88
122	3210
54	36
799	0
0	36
84	36
3897	1
120	3
269	3075
0	12
0	1
0	0
0	0
9	0
0	1
0	0
0	54
0	40
0	40
0	54
0	19
116	19
61	124
0	56
707	0
4	6
0	6
0	0
0	0
2857	0
2421	692
0	691
145	168
0	1
0	167
170	11
0	11
17	544
2479	515
19	128
1246	4
65	0
23	0
0	53
0	1
91	299
0	35
0	52
0	286
0	8
0	0
0	8
5722	795
5	170
12	617
0	0
2074	177
0	177
0	4765
0	7108
3	3275
393	16337
0	16080
121	0
2902	590
1	590
9	974
47	924
0	859
0	0
311	82
0	0
48	61
0	61
0	0
0	0
258	935
7	66
0	935
2	880
0	27
5	27
1	3
331	0
421	495
0	0
0	0
59	181
31	181
0	0
0	0
0	0
0	0
0	0
0	0
0	0
0	0
0	0
1	0
106	1176
22	1176
0	0
0	0
0	0
0	0
3	127
2	423
0	177
0	345
0	0
0	0
217	0
12	7
0	0
0	7
77	26926
20	7067
215	13167
3	23653
0	22278
135	0
0	0
0	225
401	225
4348	1
3012	3
811	3072
219	289
238	520
0	520
0	0
0	0
40	36
4	35
190	150
0	150
0	3
0	3
0	3
0	967
4	153
479	960
97	826
0	0
93	33
2	33
0	8
122	0
67	16
6161	14
0	0
0	0
0	0
14172	2374
0	2367
75	100
3365	6
0	174
0	58
0	7
0	4
0	159
35	175
78	172
82	172
723	0
26	0
0	13
9	365
0	365
0	365
2	10
0	10
3	0
0	0
0	0
0	0
0	0
0	0
0	0
894	0
0	283
2222	284
0	76
17	76
83	0
0	1456
9	127
0	1395
0	1777
0	1501
0	140
3	1664
0	1985
374	3245
0	3042
55	2603
0	1793
0	2850
0	1694
32	0
11	22
6640	4439
0	78
0	981
0	1967
0	2719
0	0
2	101
847	2263
113	2263
0	17
6	220
825	543
1	543
0	184
72	2
0	2
131	155
12	142
0	116
0	59
45	59
10	470
295	470
0	1
0	1
9	0
0	0
4	6
0	6
0	6
0	26
0	767
23	786
1	0
0	0
0	0
0	0
0	0
0	0
0	0
3519	1100
0	1092
0	1
0	1
0	1530
0	305
0	1512
5160	934
11	11
7	0
0	0
0	0
7	96
0	9
1	103
524	0
19	0
464	1190
0	1190
59	1190
70	1190
536	0
192	400
13	411
0	0
3884	1910
5	1287
0	39
0	201
204	848
1969	681
5	681
0	1007
610	4833
84	4887
40	0
297	16
25	36
3	0
0	36
0	1
0	1
1635	0
150	62
0	14
0	4
19	0
0	0
0	748
1346	748
0	11
13	79
0	79
0	0
0	0
90	301
80	301
0	113
4	5
0	113
0	4902
16682	12595
0	1395
1428	12977
0	347
4012	1309
0	425
0	785
0	0
2	0
227	3828
0	63
0	0
2	3828
0	0
0	1353
12	26
50	26
0	96
15	89
227	84
0	456
1901	456
746	4109
193	4109
4	89
4	139
25	144
69	50
0	50
10	0
0	0
3	35
0	101
0	101
32	0
0	0
93	184
0	173
0	0
0	0
275	0
337	4
82	92
1804	94
0	0
521	1532
45	1532
13	576
0	591
0	591
0	0
0	336
0	65
9	449
7	0
208	33
0	33
9	275
8	275
2863	1
1261	61
1513	2
1289	1
0	0
0	0
33	452
45	451
0	0
4	0
0	2
0	0
0	4
0	4
655	1341
4	691
348	0
0	0
1507	0
328	0
20	860
4	13
0	1592
15	1543
0	1542
0	1
0	1
0	0
0	1
0	1
11	72
369	310
651	378
6	0
546	0
100	656
0	34
0	643
3054	4
32	0
0	0
9	12
0	5
0	0
0	79
624	173
0	94
41	1330
1002	1330
120	97
0	97
0	0
0	0
0	2
0	1
129	1758
0	176
0	185
0	376
0	73
0	467
0	334
0	1760
0	924
21	781
90	749
0	338
11	1536
10010	2319
6	1381
0	1365
3	1353
7	1770
10	106
6	50
95	106
4	487
111	487
2	0
0	0
0	0
0	0
15	29
1739	0
547	5310
207	2186
0	5305
0	0
0	13
0	63
1	66
0	62
0	0
0	0
0	0
0	0
396	41
0	41
8	23
0	23
749	1
3386	1
217	518
0	511
0	512
0	10
0	449
24	449
0	430
20	58
11	0
0	0
0	0
0	0
0	0
0	0
2046	3
0	215
0	286
36	307
5	201
639	0
3	296
27	81
0	74
231	259
643	0
3	3
0	3
0	3
1027	341
17	0
0	0
0	34
0	9
0	12
0	0
0	0
0	0
8	17
0	111
122	128
0	72
0	11
0	47
0	16
0	47
0	47
0	0
676	1383
0	1383
4	0
1501	2
216	0
0	121
283	1
29	1
538	403
0	13
0	43
0	308
7	374
0	17
0	81
15	81
0	75
0	5703
0	573
104	5703
370	0
167	0
0	0
0	46
0	82
44	225
12	219
0	195
0	211
0	52
0	0
14	606
35	2447
5	421
8	414
0	257
14	2235
0	138
9	132
0	140
50	425
12	205
0	367
0	357
6100	6
11	170
0	143
0	202
1	641
0	834
4	592
12	1369
0	0
0	0
0	0
0	278
701	282
0	0
374	0
0	3
0	3
0	3
0	0
0	0
0	0
104	0
28	0
0	0
123	2495
61	2495
0	0
99	910
0	528
103	406
0	426
1295	67
0	51
0	44
1860	7495
2864	7499
0	0
0	159
1252	159
463	0
40	0
0	200
3	31
0	430
1	104
0	647
0	692
165	1052
17	1014
0	915
0	914
12051	2965
2	2954
0	0
393	113
0	112
0	0
0	0
0	14
0	12
63	14
0	0
6	34
0	62
0	50
0	21
0	260
164	518
0	456
4	4150
0	171
0	455
1	3975
0	0
13	30
8	30
0	7
165	52
3	2
0	2
817	3530
15	2509
24	2586
0	376
0	0
403	592
30	592
139	0
768	0
0	1970
0	121
0	232
1157	1951
34	1756
0	947
0	1182
15	1204
0	953
0	2
0	0
0	2
0	0
0	0
256	0
625	1
0	0
0	0
528	1
61	0
0	0
44	77
0	0
100	0
46	485
0	489
0	489
84	10
0	53
0	0
0	53
0	682
14	672
0	625
19	2178
170	5768
0	5768
0	0
1081	0
7280	21624
0	2184
0	1190
841	0
20	46
0	33
543	57
0	36
0	57
56	5567
11555	5572
0	159
0	10
0	10
4	4
0	0
0	0
0	266
3	128
0	287
1	916
2298	835
0	748
254	0
1441	2
0	1821
199	1821
1091	0
690	8437
91	3907
193	8350
0	535
20	11
0	527
231	1420
5	1420
1110	0
97	82
3	82
2677	1726
0	1726
123	0
0	0
5	711
22	668
85	574
0	59
27	59
94	77
0	0
0	66
1080	66
266	0
679	1573
0	445
300	789
0	789
2902	586
0	581
0	226
0	188
0	27
0	226
0	1195
0	364
0	2797
0	2847
34	2609
0	2575
0	2971
0	2675
0	2749
0	766
3	239
0	216
1	233
177	2
0	0
0	0
0	124
0	77
1879	203
28	637
10	637
466	52
0	52
98	9
0	0
0	9
0	81
0	55
128	300
5	65
0	64
24	125
0	1065
0	1065
6	0
109	349
77	348
400	2
0	0
5203	0
31	204
188	204
8	87
0	78
139	0
97	3472
3702	3473
0	0
0	0
0	0
222	814
33	823
59	823
0	489
0	0
109	0
0	71
25	71
97	80
3	80
0	60
0	5
7	6
1	5
8	25
1	0
0	25
0	25
0	217
45	364
814	230
272	0
90	0
0	147
46	147
1	0
0	66
34	66
0	181
0	181
0	181
32	0
34	8
2261	126
45	125
346	0
42	0
3140	4092
3	4081
0	405
0	403
1	405
0	405
11211	3062
7	3055
1632	222
19	83
13	137
8	1
0	0
43	18
0	18
239	0
0	4
2399	0
164	2135
28	625
0	202
46	2275
8467	4822
6	4821
0	3158
453	3158
0	0
0	4
482	73
0	72
2386	25
0	23
0	605
2	55
6	4
0	490
35	510
0	1
4	505
0	54
1552	347
0	199
0	278
7	255
0	156
0	10
0	35
7	35
0	14
0	12
7	14
320	189
0	181
0	189
15	823
672	1211
543	1178
2	1149
1561	1267
71	10
0	10
468	0
0	129
0	97
21	307
0	70
0	0
266	0
69	35
0	35
21	1875
71	1891
143	0
0	0
267	228
22	0
1137	2968
17	2275
1029	354
33	1467
27	215
0	179
0	2804
0	1269
0	460
2	9802
2	2836
0	6965
22	9969
87	9969
0	0
0	0
12	1301
0	1301
0	1268
1390	778
245	383
0	746
0	746
0	691
21044	1
2455	136
44	132
0	160
48	0
113	160
0	32
439	16
27	7
1	7
87	0
22	59
118	59
0	463
5	748
0	738
0	748
11	0
0	0
0	0
0	0
6	0
0	89
129	89
1086	1
0	1170
0	1070
125	1170
295	0
1810	716
34	298
0	666
0	337
1375	344
0	339
1432	85
0	85
30	444
0	444
20	0
0	53
1401	1507
0	74
74	1531
0	0
0	0
0	0
0	9
0	0
0	9
0	0
241	2373
1512	2375
0	182
0	326
34	1332
279	1333
0	554
909	126
42	1674
734	2354
0	0
534	1314
0	54
0	170
0	0
1	1036
0	1316
0	0
21	37
0	37
76	2586
10	2463
0	1756
0	2604
18908	17
0	434
186	463
2	664
38	531
1	0
0	4
0	4
0	12
0	39
0	39
3907	0
0	196
0	231
560	236
1	116
0	116
0	0
0	124
0	124
0	134
14	136
0	134
3	102
0	139
2	134
569	660
0	514
0	149
1152	1782
1	1777
2	0
0	20
0	20
729	0
0	5
0	5
326	231
0	231
0	382
3350	1040
31	658
1427	421
0	0
0	23
72	72
1015	1109
1	1194
0	1138
0	1147
0	27
0	0
12	27
0	0
354	230
0	230
10	214
5	0
0	0
430	101
1472	2
528	0
162	0
2	5
0	5
0	5
2	0
0	0
1449	0
0	0
5	0
0	0
0	0
30	244
20	244
3	1706
7	1
0	1
17	0
0	1
0	0
0	1
0	1
1133	2578
1888	2578
180	1496
0	1496
39	524
0	922
0	891
0	890
0	876
0	855
2	0
761	403
0	392
0	4370
3	4733
0	4819
44	3079
0	2
0	2
0	0
0	19
0	19
0	0
1682	197
32	197
0	51
0	41
2267	87
0	0
652	81
15	81
5	25
0	25
18	899
0	0
0	0
36	0
92	5493
11	420
3	6635
49	6682
7	6684
5059	5
0	5
0	131
36	136
200	1013
0	38
8	123
0	1013
0	404
81	613
0	605
0	5
0	5
133	0
42	274
28	274
0	0
7	0
71	77
0	11
0	0
0	11
28	0
0	5
0	5
0	0
2	8560
0	5109
50	8560
0	2
0	0
8	102
0	489
108	595
0	424
0	173
0	1521
10	1521
28	201
151	52
73	11
0	11
5	1450
12	1433
5	1420
4	0
1	236
0	5366
0	8830
184	8830
0	5370
0	196
358	196
0	26
2	27
96	167
0	63
0	25
3	174
5	0
0	5
0	5
0	0
495	628
0	0
4016	3895
18	3894
0	9
0	9
0	64
0	555
0	70
0	555
0	544
23	402
64	402
1827	1644
0	1562
0	0
1090	1755
2	186
293	1726
0	0
331	52
0	52
76	242
0	5
9	247
3	1922
5	225
3	216
0	1908
3	1887
363	919
0	6
0	11
0	17
0	16
0	0
457	0
841	1848
7	1848
4887	7
4	280
57	280
31	898
16140	6032
356	5124
0	53
5	53
0	0
0	685
0	162
0	232
0	126
1	88
96	917
21	127
372	127
14	37
0	37
0	15
0	145
0	581
9	590
27	590
1	0
0	0
0	526
65	1277
89	1358
0	1358
1956	871
0	344
0	527
7	1251
0	3
0	1
0	810
898	1222
9	443
23	1403
282	380
0	58
176	358
0	0
71	243
6	218
203	238
103	385
0	1208
1554	4660
0	4660
0	1937
0	2433
1485	2759
0	835
16	1410
0	545
5493	2254
0	2248
183	1894
0	1894
0	50
0	16
0	40
2586	1
0	0
0	0
1773	1
3690	1034
19	738
0	1006
391	8390
20	7341
0	0
0	313
0	320
0	334
0	332
0	1087
289	1087
4	0
0	504
0	70
72	526
5	103
0	0
489	0
1461	28
104	708
0	67
0	67
138	775
1316	2
14	13
0	13
29	0
102	125
0	123
0	0
5154	1714
40	921
0	792
7	0
0	3
0	3
2457	0
0	0
3698	3122
61	859
0	50
0	860
2	8
430	9
2	9
2317	0
3312	7
1347	908
0	0
50	1682
59	398
0	92
0	398
3347	6
0	462
369	748
0	0
0	34
185	34
5	13
0	9
3	13
521	0
6	18730
12	4579
84	3244
0	1660
296	2873
4	17958
0	17862
0	249
74	675
0	570
54	1
0	1
38	1511
2	197
438	4282
5	4282
4	0
61	182
0	627
24	627
5	0
3	0
0	0
0	0
136	0
172	331
0	318
0	40
65	0
0	33
0	33
12	0
1013	0
92	188
135	86
0	86
0	51
16	6
42	2065
0	2134
0	1986
0	2061
1	2067
119	286
0	0
0	0
6038	6
35	36
3298	683
0	682
2169	55
0	50
882	1
0	0
0	0
0	0
3129	4
27	311
1228	3924
2	0
62	613
6640	2029
2724	2
12	5
13628	8
162	0
0	32
12	92
104	164
0	3
0	0
0	0
0	0
0	0
662	0
6365	4
304	1038
218	407
0	69
0	371
217	99
0	99
0	6
7	6
0	0
1465	2222
0	2226
0	2226
0	1148
32	1632
0	1681
457	230
57	230
0	492
212	4541
0	4752
5933	13302
42	246
0	246
0	240
38	0
441	1398
0	1398
0	479
112	479
0	0
0	0
9	1558
154	275
0	275
0	0
0	3
0	3
0	0
0	1
0	38
0	38
0	38
0	1473
0	389
0	2365
67	2358
14	0
356	97
7	97
0	2
0	2
0	0
0	1100
0	1900
0	1941
0	0
0	0
616	58
0	29
12	18
0	18
531	2487
0	58
52	0
29	0
124	254
31	247
0	190
68	1111
0	844
0	90
40	86
6	122
0	7
0	7
0	126
1176	2062
0	3987
355	4002
0	143
13	132
10	89
4	425
3	425
2119	2
0	796
64	796
1174	0
499	0
0	0
1414	394
0	0
0	200
121	200
184	1371
0	1095
5	1275
476	108
0	628
290	182
239	809
0	628
564	0
2	38
0	33
0	33
0	38
0	0
6	609
27	55
618	609
0	0
2981	467
0	11
0	458
299	184
0	184
24	7
99	1190
68	212
13	299
0	1080
8	0
0	0
4763	4872
5	4871
175	0
0	0
1724	948
0	193
0	337
0	474
0	1328
247	1328
212	0
64	199
0	199
0	0
2663	6
328	1024
321	1273
4651	2
0	9
16	3
0	6
8	22
0	24
150	666
0	48
0	666
0	0
0	0
0	0
7	2
0	9
0	11
6	493
22	654
0	446
0	216
645	216
81	80
0	1
0	25
0	80
0	21
23	21
72	78
0	78
1135	0
1	0
2	0
1898	821
5064	8
351	0
0	748
0	688
0	70
0	548
0	682
8	210
0	87
0	423
0	628
1303	1092
0	1092
0	1124
0	16
0	2140
633	2140
22	27
0	27
4	35
0	0
312	1994
0	2148
2	1680
1496	182
0	180
5	61
45	1623
0	273
0	1618
1	1590
0	33
88	33
6	512
599	3767
0	1529
931	3479
0	510
0	1455
0	1628
0	7
0	0
0	0
0	3
0	0
0	7
0	7
0	13
3	8
0	8
0	0
6141	240
292	238
20	0
0	0
120	82
0	82
0	6
8	6
980	136
107	136
660	0
0	458
254	724
69	725
9	23
0	10
105	23
0	19
926	1510
117	1502
0	26
11	43
421	3
0	3
31	169
0	164
0	169
1151	0
0	241
3996	245
225	2
42	71
1224	3038
0	306
3	159
44	2954
0	49
0	73
9	464
0	17
0	456
0	323
48	0
54	95
639	1530
487	12
78	1519
0	38
1950	3
973	0
38	1127
0	150
1	1129
0	0
12	4
0	4
0	0
8	0
0	51
800	1156
0	1156
671	3058
0	85
0	0
275	5
611	3062
334	0
0	6143
114	487
7084	6067
217	0
0	0
1892	1214
1	100
0	135
0	119
1117	0
544	0
0	0
0	0
368	2
11	0
0	0
958	0
0	0
1909	3
35	0
0	281
148	282
0	0
0	0
0	0
0	0
301	0
163	56
0	56
70	7
0	7
0	56
395	56
359	0
24	3
321	719
0	719
0	3
424	751
0	751
0	111
567	1010
700	1202
0	24
3	161
0	150
0	49
331	272
0	216
2	170
0	2
0	2
0	102
0	59
10	100
0	0
14	106
0	13
0	22
0	0
251	24
104	304
114	328
2	492
1	475
8	36
800	0
23	0
2603	211
0	206
0	19
9	19
1	508
69	449
248	0
2423	824
0	8244
9806	17088
18	13000
92	2326
0	2343
0	444
19	2344
52	63
0	33
0	63
7	4
39	4
12	22
0	3308
0	2344
0	7198
8571	9821
0	4073
569	429
4	429
3911	70
0	0
7	72
140	72
278	13150
23999	13166
11	546
0	497
0	0
111	43
0	43
0	7649
0	1367
3	7537
0	7332
0	7199
1458	312
0	308
0	0
0	72
0	105
0	116
362	169
0	107
0	29
0	29
0	0
99	347
8	82
680	1119
663	8
0	8
40	257
0	257
0	0
0	0
0	0
3	0
6	0
665	1906
0	1906
246	297
8	13
0	1
0	156
0	95
1	90
0	0
0	0
0	0
77	1604
1700	1607
1005	911
0	0
0	0
1449	4
2900	2
1	1260
4	703
1363	146
2546	146
73	73
0	4
0	96
0	91
0	0
3	0
0	0
79	4080
0	3958
0	4090
0	4090
0	0
6342	3600
0	3593
135	244
9	244
0	168
344	0
1	8
0	8
0	1103
28	141
885	1103
0	0
0	0
399	1
3	0
0	0
534	0
0	219
247	344
0	215
0	724
56	725
0	725
0	12
0	12
0	4
489	0
2288	178
79	176
0	0
1	134
532	134
0	0
0	0
0	0
0	0
9796	8
11	0
322	863
22	0
151	0
2	0
324	3602
337	3602
346	120
0	0
2049	2106
0	1789
0	1901
0	836
122	1450
30	1169
6	823
345	7
0	92
0	14
0	73
0	92
0	59
0	0
0	0
0	117
0	815
2	3275
11	3020
140	2809
0	21
0	2788
0	0
625	1529
51	1880
5	6801
39	691
5	699
0	815
40	6764
4	1016
0	31
0	1171
0	645
0	0
0	0
1380	452
14	452
0	0
12109	5235
0	7
0	3
0	2
0	0
0	5
0	12
0	0
0	37
0	8
20	0
0	808
145	898
0	0
833	0
0	0
1	118
16	99
36	0
0	106
22	1264
0	1264
0	1249
25	166
0	8
0	1009
12	4
7	1965
2083	2462
0	947
56	518
26	0
8	213
0	0
332	1643
20	112
0	1440
0	1338
0	1616
3218	0
311	185
0	185
0	0
3	27
3	27
0	22
3	14
213	22
45	7
0	7
208	1051
2	358
11037	924
2	287
20	9743
407	11074
74	1910
184	2020
0	33353
469	30501
3873	3
0	171
0	3499
189	3790
27	3020
0	274
0	0
0	0
27	5
142	7
1004	294
10	272
2	22
10	0
0	93
268	93
0	93
775	3773
302	3773
0	3493
191	0
0	3
0	3
0	0
0	0
0	2
0	0
0	2
0	49
21	3047
0	425
0	2948
6	143
0	16
5	142
1	34
5	1
0	0
1	34
21	0
0	0
23	0
6236	4
2220	2
637	9501
7	1297
10	156
23	9471
909	476
23	35
0	20
0	35
538	0
158	4041
0	1061
3	3566
34	30
568	682
0	425
0	671
224	1
905	6614
0	180
1	2517
3	274
4	5223
23	0
2162	7
2760	15844
285	1850
0	163
110	14920
76	1396
6766	3000
0	2810
0	962
3	28
29	922
15	887
0	37
8	903
2	929
0	975
64	35
0	35
0	1
0	1
0	1
7	11
0	25
0	36
237	54
0	0
0	0
0	0
5138	320
0	316
122	0
0	0
4	0
0	0
0	192
88	192
1863	248
2	16
0	245
997	1735
0	1170
42	1634
1033	0
6	9
234	2475
17	2475
13043	67928
67	67302
4315	2069
0	2066
7	0
784	265
36	1043
41	1043
910	0
0	0
11	4
0	4
5	0
0	0
0	0
54	455
5	455
4	0
666	778
0	778
237	0
0	786
73	997
1955	974
51	6507
354	9800
0	9477
12627	9
0	0
0	12
62	12
316	0
0	0
12	38
134	6
3	0
84	987
0	117
0	987
984	0
230	127
0	127
174	4134
0	4134
0	0
184	0
0	0
0	0
0	490
2394	490
191	0
0	0
0	0
2931	13
0	11
75	0
0	152
0	123
0	152
337	0
972	186
5	20
0	0
0	0
0	0
221	540
0	540
68	99
0	880
28	58
0	911
0	878
70	39
0	20
5	29
395	312
467	0
0	9
0	2
0	9
29	0
0	147
225	860
5	288
9	0
0	859
119	0
0	3453
113	3402
4	1386
541	89
2	2611
4994	4261
29	4082
0	0
106	0
0	0
0	0
0	0
0	0
65	101
0	43
39	59
3224	204
0	0
0	0
147	81
0	81
0	409
0	21
715	0
122	778
2	88
921	110
195	110
10	117
0	42
12	0
0	0
0	0
0	0
50	536
0	616
0	281
9	616
8	0
1641	0
0	0
218	766
0	1154
0	318
3157	1164
0	0
0	4
0	4
135	46
5	46
3029	940
0	843
14	90
52	155
12	155
19	994
0	229
15	956
27	146
56	146
3	33
341	0
17	2288
0	2398
0	1188
0	2394
70	548
21	548
28	2082
0	549
77	1838
0	7
0	7
31	0
28	18
0	18
0	176
88	156
0	156
0	156
0	3
0	3
371	277
0	669
22	310
0	546
0	307
124	856
0	6
858	498
0	498
4	0
36	32
0	96
1134	654
0	90
46	0
317	835
11	302
0	163
0	267
0	157
0	0
2023	2
2451	6024
0	0
0	0
0	1
0	6
0	6
268	352
4	1
0	352
0	339
0	691
39	745
84	792
0	73
78	73
285	0
242	185
0	185
0	250
0	250
658	365
1	364
176	745
2	777
2	21
0	12
2	62
30	233
26	228
4	141
0	118
0	141
63	0
16	145
0	145
241	145
0	27
0	58
0	97
4	97
71	184
8	29
412	129
0	305
6	11
6	87
0	2
29	87
185	79
0	79
200	0
34	0
511	125
25	1
8	978
6	978
0	0
689	0
0	0
7	0
55	44
14	44
0	904
0	782
0	821
5	897
0	9575
7480	9575
1	32
0	32
105	495
0	72
0	528
5	0
0	412
0	412
0	14
0	14
255	0
0	3
9	10
0	10
29	11
1	9
0	0
0	0
0	10
15	245
0	261
1411	1866
198	1850
0	998
0	667
2	359
48	8219
25	685
0	7967
5	0
9259	21
526	0
20	0
0	49
0	49
11	0
2	153
0	228
15	315
1905	0
386	0
20	0
3	102
149	102
538	2908
291	2452
20	70
5	70
1691	6
0	0
0	0
14	110
0	88
0	82
0	73
489	563
2473	568
102	0
0	0
0	0
0	0
0	0
291	0
27	16
11	16
0	0
0	11
37	13
1773	2
0	0
1352	0
6	132
0	106
638	240
174	0
0	685
734	1133
0	646
0	0
40	335
324	440
0	390
15	63
0	0
31	2
0	2
65	1146
135	1146
602	0
0	0
0	0
1916	218
0	218
1758	2
34	1030
8	1030
0	0
28	0
169	0
72	475
0	475
0	0
0	49
2	11
0	332
110	617
0	550
0	0
0	455
0	455
0	163
0	20
0	0
0	0
0	0
0	0
2	397
2	71
0	141
0	30
6	38
0	556
0	559
0	0
0	1
78	1
5047	35
14	26
0	67
0	62
0	62
0	52
21	65
5	0
0	0
23774	3992
0	3637
0	493
0	3738
0	3482
126	463
5	405
153	181
0	52
7	181
1	0
3	550
7	441
10	550
7910	7
5	392
39	1199
2	421
6	1325
61	1471
12	1541
1509	1761
0	1765
0	0
0	0
6	0
0	0
5045	2428
41	486
0	2422
0	126
0	229
0	229
0	67
0	145
60	212
0	69
0	39
0	28
40	57
0	186
206	186
0	10
5	10
0	267
4	10
0	37
0	64
30	814
0	727
15	870
0	0
0	0
1193	0
0	13
0	0
0	21
0	111
0	42
112	153
4	189
1390	876
4	260
48	911
420	58
0	58
0	0
0	6
18	1544
3529	1544
0	0
75	0
7	0
0	0
2236	2
194	53
1	53
0	37
2452	334
0	332
491	310
0	310
0	105
0	24
3	151
0	197
0	179
3	173
0	197
34	0
2920	1543
0	1540
2	0
0	0
505	628
5	628
640	135
0	134
62	704
225	704
3111	636
0	634
463	478
4	478
443	0
89	114
0	114
0	1392
7	87
109	1392
5363	3
3960	3702
0	13
0	24
1	28
90	1346
0	1469
3333	1906
0	0
0	4752
23	4137
0	1250
768	2484
0	0
24	0
33	51
19	0
0	51
0	0
20	23
581	3776
71	595
0	4
0	3776
0	27
0	46
24	153
0	147
2	0
0	0
0	37
0	37
410	98
0	98
0	2768
8291	2780
0	0
0	0
0	0
0	0
55	60
37	213
0	213
5	124
1233	1075
0	1075
686	244
0	244
0	651
196	2525
0	5
0	5
4	0
139	363
0	363
2	39
16	42
78	109
0	645
147	645
0	376
130	5885
52	6216
287	0
158	0
0	0
3	1299
3723	1777
0	1113
0	0
0	392
0	399
0	401
2	0
661	761
20	42
3	75
54	131
382	131
231	0
4816	6
458	0
477	0
547	467
0	208
0	346
0	0
0	0
0	17
0	0
0	17
879	96
4	96
779	264
39	264
358	0
46	0
597	319
7	346
48	28
0	53
73	638
2	638
189	427
8152	3505
0	3496
59	85
40	61
0	43
0	53
195	16
0	16
24	11
0	0
22	180
0	180
3	209
0	209
0	209
3	204
689	0
0	2
0	0
0	2
0	0
0	420
0	419
0	0
0	0
0	0
20	17
0	0
182	2215
1106	2219
2	59
7	183
0	0
739	2
582	0
638	801
75	30
0	30
0	3
23	0
67	722
0	99
0	705
0	0
0	0
1	0
0	62
0	4
0	37
679	0
3	61
0	1598
115	1659
0	0
0	0
0	0
468	419
476	0
25	16
0	16
4	310
0	1235
316	1239
0	686
0	0
256	460
0	461
0	177
990	1485
0	460
0	1210
8	1463
50	16
0	0
0	3215
0	673
85	3215
176	45
1	0
498	152
2	64
3	64
87	21
0	0
0	0
0	0
0	0
310	1417
0	1416
14	526
0	526
0	0
0	0
68	97
8	93
52	236
4	177
5	236
0	0
1170	198
0	198
0	0
0	0
0	119
0	123
0	119
0	158
6686	3234
0	300
0	3101
2105	1
33	397
7	397
0	1
0	9
0	6
0	0
0	1964
2311	1964
0	545
0	66
7	515
0	0
0	0
0	279
669	3198
0	150
177	3051
2227	1
8	0
0	846
0	104
65	162
0	170
3	83
23	837
235	315
0	315
0	14
107	446
3	445
0	7072
3353	7073
9	116
0	116
841	0
2440	4
153	391
696	391
1280	2
54	145
47	71
515	4005
138	4005
0	55
0	55
28	0
0	0
73	221
360	2072
138	3147
1334	4004
0	1139
8	48
0	1
0	1022
42	192
4	1044
756	2065
2958	3041
642	3035
1	37
0	37
0	0
0	0
0	6
0	6
125	196
17	196
0	0
8695	5
0	0
34	117
396	477
5	465
85	90
0	90
686	0
823	1
118	1163
893	1163
0	1
0	0
0	6
627	7
434	165
651	1
1599	569
0	568
0	0
0	19
0	20
33	38
26	0
0	318
233	324
1167	307
8	307
0	273
130	2901
584	2835
0	2839
0	2928
575	0
4	47
0	41
130	47
208	1693
0	537
24	1615
0	1800
530	1750
0	1750
26	701
0	85
102	702
0	0
8226	8
23	1102
6	1102
3	5
0	548
103	548
0	146
0	52
0	53
170	58
0	0
2063	0
116	2105
56	2105
4	120
3696	83
4	82
0	0
0	0
2120	1
1	0
0	0
133	519
80	519
33	193
8	193
2	0
0	0
0	0
1733	693
101	395
1	76
1110	240
0	240
48	1944
0	135
1	1893
231	579
13	519
0	446
0	0
0	0
0	0
39	87
4	0
0	74
0	35
20	97
7	98
24	98
0	0
0	29
8	29
27	71
4	163
0	163
869	0
921	0
381	709
4916	711
630	1
0	21
0	69
58	61
345	55
0	55
8	5
324	1224
1805	1224
0	0
0	0
6	7
0	7
0	0
11	870
0	2
3	870
0	300
0	45
5	0
3	297
0	297
0	180
0	299
0	302
10	0
0	91
0	96
244	187
66	405
24	393
0	211
0	2
0	2
0	2
42	547
1178	547
911	0
0	3
0	3
18	1
0	1
76	0
6	2253
0	2879
802	3412
0	3582
0	2074
0	406
32	48586
222	4199
0	47936
11	46820
1530	47854
0	0
0	0
0	0
0	28
5	28
664	1689
19	435
9	435
0	15
9	57
0	57
0	5
0	0
0	0
49	175
0	175
717	2303
12	32
0	36
9	30
0	34
0	8
0	57
432	58
567	191
0	0
0	0
0	0
2378	381
0	379
5	167
26	510
7	510
0	0
0	0
162	256
2	3198
16	3230
18990	8681
19	1194
13	2056
255	2075
0	666
0	2075
424	0
482	8224
2960	8226
6	134
0	6
0	0
0	0
41	0
357	559
1469	559
193	0
1239	0
5	0
0	57
0	0
6	3352
9	3352
26	255
0	5
9	914
1421	1557
0	1414
24	772
0	11
9	776
0	0
11	0
141	0
71	1970
8	1949
0	15
2	175
0	55
0	73
0	87
0	153
0	163
156	0
463	961
0	961
0	366
19	253
4	253
0	253
0	7
0	338
1923	0
0	284
0	226
1627	369
620	417
0	1099
0	416
0	509
403	5748
2	5992
10	298
4577	301
165	4896
6	4896
0	5030
1854	5031
2	0
6	249
0	0
0	164
0	204
9	509
0	531
378	523
320	91
2968	2
10086	3128
0	3128
0	3423
6	3906
7	1312
18	5872
0	1670
50	6178
4	0
111	1221
8	460
0	1221
19	69
7	69
4	1683
270	1820
234	24
32	0
0	0
4560	49937
7	110
24	140
1921	152
408	0
0	14
123	34
0	32
4	43
150	43
1	96
13	544
0	3678
0	2218
0	1514
5	575
11	127
4	457
0	3580
0	3722
0	3992
16	123
3	158
46	0
15	86
0	110
2144	717
95	734
0	17
48815	38056
704	29482
1514	31441
0	8028
354	727
0	727
70	230
0	230
366	0
220	277
113	277
60	0
0	182
3	33
0	0
0	0
0	1
14	1
40	116
0	1
5	15
153	2259
94	2259
0	0
0	0
1293	168
0	168
10357	6
20626	19
1792	86
3	86
0	106
5	87
4	24
0	143
0	3
0	77
0	24
21	28
0	28
1	22
0	13
0	24
72	1081
185	1099
0	0
45	430
3	430
626	0
2	0
0	53
0	61
0	0
0	21
0	9
0	27
69	1092
1101	1093
50	409
104	409
0	190
149	323
2615	0
142	1566
638	1550
5	2
0	2
0	5
0	2
0	5
18	44
43	44
2412	2
45	0
219	2562
571	2481
29	81
438	0
47	2
1558	2
4529	1807
178	0
4	44
113	4350
29	4300
0	20
93	376
0	376
160	2666
340	2666
0	256
11	154
20	258
4	258
1	0
2	0
6953	9
1812	356
0	356
81	0
297	0
2	5507
0	4901
0	5281
702	7091
0	0
0	0
439	248
0	76
0	248
1329	521
0	520
1261	0
1	13
0	0
0	0
0	0
6	37
0	37
0	5
105	926
21	926
0	123
0	0
0	0
114	0
51	4227
3628	4764
46	3367
0	24
0	24
483	0
1546	0
17011	14543
659	462
0	462
57	767
0	767
2155	3286
39	176
0	168
1755	1
335	587
34	551
0	150
3	135
1799	495
0	181
8	181
0	452
0	332
0	113
529	36
0	36
2127	7890
0	7889
2	0
56	37
1005	37
1051	881
546	178
0	68
2	140
0	388
1102	388
196	124
0	0
0	0
0	7
8	11
0	352
12	317
3	87
408	274
3622	525
0	525
5604	4
352	0
37	983
33	983
1438	201
0	28
0	11
23	38
0	2
52	6
0	4
45	1336
0	266
0	1148
3257	1
19	1418
0	369
20	1328
0	847
0	501
0	642
104	642
0	0
0	0
70	0
101	555
62	555
7	18
0	137
0	6
0	608
0	21
0	833
0	763
0	826
16	32
0	2
1048	381
0	44
3	9
0	361
8	12
232	562
1	170
3	562
373	0
3	5
42	95
0	72
23	306
0	282
3	0
0	0
25	0
230	14218
734	14218
28	14161
623	253
260	0
200	28
0	6
0	2
0	2
0	68
0	68
0	9
0	9
0	9
0	9
4	0
0	0
0	0
93	105
1	52
171	145
8	93
27	1141
0	1141
0	0
4	51
13	56
0	56
0	81
127	81
0	0
125	55
0	55
0	2262
0	3345
8	3236
0	3427
0	3246
0	3275
0	2385
272	12393
0	2494
61	11928
0	10837
0	7114
10566	12388
2	129
9	150
488	4
0	1138
6	1044
63	6534
189	1789
0	3919
31	6457
2443	0
1426	1
0	624
4	1901
2	2158
59	406
3633	6265
29	1468
0	1324
0	115
86	6115
0	5453
3	6103
834	2337
0	2337
0	208
340	362
5	154
0	0
0	0
5	0
0	1
0	1
206	12
0	79
0	267
12	809
0	453
45	811
188	240
352	614
0	818
60	834
301	208
170	208
0	1
31	65
0	65
2	124
1386	1
0	21
34	21
0	32
0	32
382	380
0	165
0	1
0	1
0	1
5	2229
165	2229
0	70
33	257
0	299
0	175
1	350
297	991
244	991
135	401
0	269
3	175
6317	4
127	745
0	25
0	722
4	0
0	0
0	531
11	21
415	3106
155	3128
414	0
0	10
2	9
0	119
53	19
0	65
245	333
0	0
0	2967
26	2967
0	212
0	1010
2662	2
0	0
1866	2
1133	8371
0	7984
771	1
0	0
0	0
0	0
0	0
114	0
3459	1035
0	67
0	22
0	5
0	21
241	104
0	2
29	667
0	229
0	314
1940	2853
0	2514
0	2588
135	0
0	2
250	0
39	0
0	0
0	3
0	7
0	7
0	138
0	106
11903	13
679	864
160	326
0	241
5	0
1	83
62	179
0	41
0	179
0	163
0	163
0	2
0	18
5	153
0	18
3791	14927
10	1567
3	0
0	0
0	0
1824	1
0	13
0	13
775	558
293	520
0	122
130	913
0	1744
66	1549
43	4684
0	10243
1062	11584
53	3459
11	172
0	2
0	2
492	4
0	2
0	3
0	3
0	3
3	0
5947	1269
94	1264
2	0
0	6
0	40
0	40
440	151
1	151
241	160
9	160
12	190
16	190
0	14
0	14
0	14
0	14
277	149
1	174
33	0
35	30
74	0
0	0
223	0
42	22
0	22
1219	246
0	123
0	39
2	126
0	2011
0	1676
0	81
4	2258
0	2008
0	2170
35	2234
0	1932
79	0
2089	6090
0	6084
8	183
1	0
40	1024
17	977
52	1052
324	1251
0	1251
26	129
0	16
20895	40643
0	0
0	0
0	0
1650	1297
0	1297
0	1297
24	0
14	0
4	2
0	2
84	367
0	168
0	361
0	341
0	18
12	18
0	75
0	46
4670	3
198	569
234	569
32	0
57	1184
0	1184
49	682
0	0
0	1
0	1
8	52
163	513
0	255
100	168
138	5
109	80
0	538
121	0
24	63
10	147
0	139
47	772
22	713
230	998
251	29713
0	29627
0	7428
0	8411
0	8085
0	0
0	1
339	1773
3	636
0	1773
49000	33
0	2
0	2
0	0
120	97
0	4
0	3
0	89
0	0
29	0
0	224
0	106
0	0
320	536
0	166
0	6
3092	498
0	315
13	220
0	11
0	11
0	1456
722	1456
668	1076
0	1076
82	0
14	7
49	131
10	75
136	250
0	0
13	172
0	26
89	0
1776	2
793	0
466	0
6	0
303	0
96	3
0	3
0	546
763	547
2293	13
1098	202
45	175
0	0
317	106
898	0
0	0
0	0
232	344
0	829
0	201
0	703
0	655
0	665
0	657
76	0
0	16
0	16
0	16
777	12
85	0
94	55
1	55
0	3758
0	119
297	3758
2	0
1767	0
0	0
0	0
0	2
0	254
0	275
225	275
13	3
0	3
18	0
7373	2
13	0
0	384
931	610
0	163
1106	168
0	19
0	18
0	21
0	0
0	0
0	1
0	1
0	1
0	0
2	0
0	0
0	0
83	753
0	753
170	122
16	120
10	81
963	4487
0	154
0	736
5	345
0	3590
0	3639
3	3483
41	4532
816	344
0	231
3	300
0	1
0	2
2	3
11	16
10802	6
0	0
0	58
31	58
1038	0
792	0
27	256
61	760
298	830
0	514
83	168
0	7
2	76
0	7
0	76
0	2
7	26
1	107
0	21
0	10
221	612
0	234
8212	10
1595	987
0	983
155	1229
226	1229
570	1102
2	39
17	39
0	0
106	591
0	591
0	43
1	75
45	1012
712	1012
0	23
60	23
2	89
43	0
8	1016
0	957
1923	1647
18	2759
381	2719
0	2307
927	2492
0	1
0	1
0	0
0	1467
2	1521
58	1521
646	4411
760	4408
8	0
4	474
0	13
9	461
418	0
0	19
372	28
14	177
2938	2
591	0
45993	32
12	0
832	78
0	78
2	0
17	22
0	14
155	721
162	721
30	27
0	27
5	68
292	1107
32	1107
1190	1095
0	116
0	1025
0	978
0	866
0	394
0	1002
0	20
0	20
28	41
0	41
12	167
0	920
5	942
0	619
28	750
527	30
0	27
0	0
1008	0
30	151
52	153
511	186
99	0
14	22
0	22
7	7
0	7
0	4
0	12
68	16
400	818
0	818
9388	7
0	14
4	14
0	293
0	589
0	574
0	314
0	8
0	531
29	882
3	842
64	635
0	0
0	0
1907	329
0	266
0	152
0	0
5	0
2713	952
0	248
0	697
0	18
0	18
0	3
6	0
0	80
0	0
0	13
125	119
9917	13327
0	13158
1	8533
0	135
431	135
0	42
0	7
14963	4
128	12
14	12
295	383
237	30
36	0
1308	2334
191	0
2	563
13	1137
0	660
772	1340
667	1233
2278	1233
0	0
0	129
6	67
1	66
0	65
8919	4
0	4
0	4
121	0
54	0
93	0
0	0
0	0
0	0
275	950
2948	2
1471	0
136	130
0	130
0	2
11	2
410	899
0	238
3	2269
1	140
0	66
0	3034
0	3013
0	1567
0	3104
100	0
1004	1506
0	1506
6	1506
0	1506
0	0
20	4601
62	4601
672	4234
1152	7573
5367	6748
0	17
38	17
4	3298
11	7956
35261	12070
0	4161
1921	0
0	889
851	889
0	9
14	747
0	13
0	641
0	764
14	768
514	0
0	0
0	0
1956	2
12	878
0	1008
590	0
1204	3
0	142
28	95
0	33
3	248
666	290
1	89
4	120
0	248
0	0
0	0
3	52
0	0
0	0
1233	0
0	0
0	0
0	0
0	0
0	0
0	0
0	0
0	1
0	0
28	108
0	108
0	219
468	219
0	0
0	818
232	818
0	0
0	1
1	0
46	0
225	658
0	7
0	660
0	667
0	658
0	566
0	649
0	0
0	0
3	0
17	11
0	11
43	0
0	0
0	979
0	842
140	4783
5	4983
0	1451
20	733
150	482
0	378
0	5910
0	5324
0	5453
0	10664
0	5819
142	5406
9	9467
0	9377
0	9897
0	9597
4127	49
0	49
1306	1055
0	1054
100	379
0	379
1	313
0	0
0	0
0	0
17	0
797	0
3974	25470
658	25571
281	24902
78	911
7	15413
15	0
0	0
22	278
993	1365
60	783
0	960
163	0
419	0
13	6
0	6
1515	0
0	0
763	3
0	1
0	4
5	16
244	38
0	77
0	77
0	3
4	3
76	1639
2	498
1357	1535
0	0
596	95
0	95
25	26
223	99
0	99
5	0
0	2
42	5
0	3
0	0
1197	3
201	122
44	121
12	0
37	0
16	0
142	0
408	8
146	809
12	236
350	781
5	603
1	39
0	30
60	29
0	8
5	32
0	32
0	454
869	1776
0	0
1	0
4	43
0	117
10	117
553	4
4881	2
1	15
0	10
24	30
0	37
125	0
1548	0
0	0
0	0
11	2
0	284
0	272
38	284
245	0
0	0
155	0
0	0
841	699
0	699
124	1904
27	247
49	247
783	1
2878	559
62	559
272	59
0	59
188	0
3851	4
0	23
0	23
0	23
0	23
0	23
0	0
1446	0
0	230
0	167
5779	5
12	0
53	102
0	0
0	0
6	4
0	4
0	523
1	155
0	153
260	842
0	0
1155	3
6	609
52	609
54	0
346	0
0	0
0	0
1454	3
104	6
0	6
2768	168
1658	350
0	350
1	37
6	109
0	1344
0	95
0	1353
0	1476
0	1443
65	1317
38	345
0	191
26	191
0	262
381	923
0	489
0	923
15	102
0	98
0	102
2165	0
105	1670
0	1670
557	0
0	0
0	0
0	833
364	833
233	0
9	0
330	64
609	3278
0	673
0	0
0	0
0	654
1468	1159
2567	1
469	1
40	641
44	641
106	0
15	122
0	87
0	107
0	110
4	102
317	0
534	0
0	28
0	142
692	925
0	129
0	0
29	0
4	0
49	612
0	40
0	572
198	652
0	652
673	0
42	0
10687	403
6	389
1297	135
0	135
0	0
0	0
0	0
82	15
17	40
3	40
17	96
29	167
6	632
1	67
0	8
67	622
6	5
0	20
19	184
0	179
11	0
32	15
0	11
0	6
59	85
0	4
314	4
317	46
150	46
92	0
805	21962
60	12
184	21992
112	1214
16	0
88	318
439	1554
0	2377
263	21793
0	1112
0	10
63	278
0	95
0	278
241	533
0	106
0	444
56	528
646	0
0	0
0	2850
0	337
0	2850
44	2698
55	116
2	15
579	0
0	8
0	566
0	574
6	12
0	12
47	66
0	46
0	40
0	0
40	0
3369	0
403	1
107	123
0	123
1336	19789
0	19789
0	0
0	254
1488	343
0	191
0	10
1	853
0	474
159	356
0	774
0	678
2	262
2717	975
1	713
457	0
18	222
0	190
0	190
0	222
928	853
0	18
0	10
8	37
0	37
0	1303
47	1313
645	0
194	249
1803	249
0	13
27	13
0	0
0	0
0	0
33	1007
0	901
0	1010
0	0
6	74
36	627
38	2699
0	2396
0	2376
0	2239
0	135
2	181
0	181
3	132
228	92
0	24
0	92
46	41
51	1966
245	391
4	396
8445	5378
1139	3119
13	839
0	2664
17	93
0	13
24	0
302	951
0	2
0	0
10	3
184	100
182	139
6	41
0	36
0	41
47	183
796	1016
12	1025
0	987
39	63
0	52
193	1286
0	1277
0	1275
41	127
0	14
0	12
3	10
40	28
0	28
452	765
0	109
0	404
0	65
0	46
1	381
539	404
36	469
84	418
0	62
0	418
0	5
6	104
0	104
0	88
2	20
212	21
1028	1094
1	1094
41	104
3	98
0	19
177	7922
120	2796
0	624
0	19848
9	19628
50	19818
23	17563
0	20220
0	20487
19	492
0	727
0	1103
0	117
2393	2161
71	3
0	180
98	844
2	813
0	189
0	1359
0	354
0	1416
0	1358
0	1469
21	102
5	102
170	289
0	289
52	109
0	109
34	0
0	2791
0	1478
0	2769
1	33
0	33
0	33
0	34
0	34
195	73
0	73
0	4
342	693
362	983
0	0
0	3
0	0
0	3
0	145
5	134
29	0
633	0
158	0
262	1147
14	1147
0	1439
1229	1275
3	0
0	36
0	6
4	28
0	10
0	119
0	158
0	158
0	134
0	0
1423	141
0	141
20	225
52	32
53	204
0	165
1	158
0	164
0	168
3	0
0	289
0	173
244	119
0	57
49	119
40	241
379	815
0	122
3	290
0	0
0	0
2450	1183
0	1183
0	1183
0	0
0	42
93	42
2621	2
0	2
0	26
0	26
0	21
212	1103
1904	955
82	0
9	358
112	403
3	310
0	12
0	13
0	16
0	16
593	1297
0	1297
1400	1350
125	1350
10	0
0	0
2	0
17	21
0	21
11	21
18	183
406	83
6	83
95	2
21	0
3	26
1	26
0	394
860	396
101	86
0	86
0	2
0	132
0	52
239	2175
10	2120
24	3920
0	2332
0	4314
1680	4544
9	4111
0	0
0	238
191	1310
0	1309
2	459
4	459
0	21
0	37
219	0
45	0
77	22
0	22
0	36
197	36
1193	3
37	0
316	345
0	345
10	782
0	782
23	1828
30	1828
393	145
0	145
0	0
0	0
1	0
0	0
0	0
394	0
10413	12
5	4
3	4
0	4
191	255
0	409
0	414
4	22
0	293
0	0
41	0
0	0
0	0
24	0
0	0
0	4
0	4
106	0
16	3577
2	46
46	1976
4870	4641
11	119
0	89
14	68
0	68
0	0
20	3
0	1206
5	278
15	360
22	87
635	4338
0	4693
37	4537
1098	0
60	2
4443	440
0	434
0	116
73	116
93	4201
15	4201
18	0
0	0
287	363
0	266
0	363
0	354
0	257
0	230
0	121
9	34
829	349
0	27
0	119
64	0
7	85
0	211
13	211
8	0
0	0
0	9
35	0
0	0
1449	2062
969	2062
4640	1219
4	1213
0	0
0	0
42	2
0	0
113	609
0	609
0	75
48	75
27	0
0	29
0	0
14	29
184	3677
44	3155
0	978
36	3645
494	1
1458	0
465	2797
9	1548
125	1484
47	446
6	417
0	445
0	0
23	10
111	217
0	47
129	129
0	129
34	1576
1	1756
11	83
0	1502
107	2037
232	1849
455	1849
0	0
60	0
0	0
431	69
238	187
0	181
0	0
0	0
0	0
163	3524
1239	3524
19	0
702	592
0	592
8	0
264	150
2	10
128	244
0	118
121	362
1	14
23	14
32	0
0	455
0	141
2	77
57	452
0	202
0	0
0	38
0	255
275	0
342	0
22	0
1309	669
629	669
28	0
0	0
0	0
0	0
0	0
0	0
0	0
7	0
0	33
109	63
0	63
0	32
0	62
0	0
15	0
230	170
0	170
27	0
34	0
1336	692
28146	11075
0	1162
1971	11113
0	0
11	23
30	23
897	93
14	93
0	9
40	17
10	7
528	7
2171	1
4	251
0	241
0	619
0	977
29	464
0	967
7	615
10	128
0	612
422	1
160	0
0	12
873	15
18	3
3	0
0	0
94	0
0	15
0	21
100	36
2984	0
17	1
0	0
0	0
5	8
10	0
34	8
24	418
654	423
0	653
0	1013
10891	1261
1	722
431	0
1281	298
0	146
10	256
4	106
13	28
0	28
0	0
330	564
0	564
0	102
4	291
0	4715
68	4715
0	0
0	0
92	10
11	10
0	0
3	9
204	1
0	437
799	437
0	619
0	272
310	620
127	0
0	23
32	511
7	496
0	0
788	0
2	48
5	205
2	198
56	358
0	125
0	119
84	349
0	148
158	2
0	0
0	0
550	130
1	130
872	1
167	0
6	160
16	0
97	631
0	0
0	0
1200	1
0	0
0	175
12	154
459	241
7	74
0	74
0	5
0	5
0	0
0	81
97	143
0	28
78	249
0	219
837	276
158	0
935	3
0	33
1	125
1155	125
588	0
108	148
5	148
0	2
202	3619
0	1037
125	3555
921	0
7	110
902	4489
0	4485
6	3703
0	3703
9	0
0	0
0	0
0	0
0	0
0	0
0	4
3	4
29	0
0	0
0	0
0	2
0	2
0	0
17	90
29	28
0	28
0	131
0	131
200	0
73	581
0	51
4	581
0	0
0	0
2654	2156
0	798
70	2589
2	2587
0	994
203	994
231	3487
1	674
10	3478
13	3478
5490	1292
10	1286
42	1389
0	379
0	1353
0	1353
11	545
5	319
704	770
2843	899
0	896
14	76
0	76
156	0
0	0
63	103
0	103
809	991
0	7
0	0
0	991
0	42
0	142
0	98
0	839
0	102
572	787
164	6
0	5
0	0
0	0
0	0
0	0
578	1
0	0
0	1189
0	1440
0	5
121	697
0	685
858	1195
140	0
0	174
0	68
639	68
3653	1
0	1
1	1
0	1143
1141	1151
0	654
6	163
9	7
16	7
644	871
0	8
0	871
0	0
0	0
0	1
1	1
72	212
0	35
0	186
0	65
94	65
481	349
0	45
0	0
0	115
40	212
0	120
93	1
91	1
156	70
0	31
0	0
0	0
4	154
47	498
258	652
21	24
0	0
0	0
271	0
2	0
0	0
56	375
2458	887
4	427
4	427
22	0
8	374
0	48
0	108
0	30
692	0
9398	11
0	0
0	54
416	1322
64	1322
842	0
86	27
0	0
15	62
191	172
0	5181
3651	18218
0	18217
320	700
0	357
242	7
269	0
31	1331
569	1331
18	0
9	0
0	0
0	0
0	0
0	0
0	0
0	0
0	0
0	2
0	2
0	0
11	0
0	0
6	0
16	33
608	44
2	8
10	3
0	0
0	0
0	0
0	45
3290	1103
3	60
1280	7459
0	7634
21	29
2185	7638
2	1007
0	0
305	250
36	250
496	208
0	208
615	200
1192	993
0	368
56	915
18	1
0	122
10	839
491	868
9	0
0	347
310	1179
0	1179
18	134
0	0
243	246
160	245
225	1
266	0
0	480
0	488
93	1575
1	699
0	10
112	10
0	0
1537	0
197	0
32	0
7113	4869
0	3358
0	1606
0	179
2563	183
0	116
36	116
86	1
311	1023
75	1024
462	0
1053	70
0	28
29	42
46	0
841	0
0	169
23	856
52	856
0	394
2	19
12	498
0	1914
0	415
0	645
0	2034
0	2113
12	0
299	4424
0	863
36	161
1052	4840
15	69
22	69
711	0
0	3290
0	1644
0	3108
0	3074
0	3290
83	1913
0	8899
497	12321
0	14368
459	13958
593	3
0	30
3	59
1116	0
1705	824
1803	824
184	2696
0	653
5	0
0	2694
0	2510
57	0
330	132
0	95
0	27
0	23
0	39
588	78
0	78
0	31
0	0
202	1002
0	1002
4	994
0	4032
365	7990
0	1487
0	5025
0	6254
494	0
2	795
343	3223
0	2381
12	3206
41	81
0	81
281	0
10	3089
61	140
0	2051
33	3136
0	3121
84	181
6	89
0	81
2	181
32	0
0	8
0	8
0	8
3658	4
54	0
16	0
2661	2182
263	2181
49	784
25	784
0	0
3311	2970
1	1953
24	693
0	2272
8	0
84	0
0	0
82	327
82	327
2575	1600
0	1599
0	0
0	0
0	151
216	151
4059	3805
7208	6
237	252
30	0
55	0
17	0
1807	4
911	42
0	40
2	521
105	521
0	580
423	709
0	709
9887	1372
0	806
14	839
84	2
12	1742
13	6450
11	6457
20	8159
0	98
135	116
0	17
0	0
0	538
1153	538
44	1872
145	1872
730	6411
0	6411
2	0
0	0
314	0
650	860
13	83
25	88
6731	1278
101	1276
0	89
0	89
197	89
2	6057
3416	6059
1119	0
0	37475
8	1340
0	5423
8	35833
52	37166
0	38624
0	568
6	605
0	323
41	331
0	218
33	218
0	212
89	95
0	95
0	2
0	0
0	0
0	0
1100	7233
6099	7230
899	0
600	0
40	9407
0	173
1	346
0	4758
1	9175
0	2828
2347	2828
0	15
1	26
0	16
1	189
0	4
18	262
0	288
2	98
0	193
1694	1119
1892	7
0	3
0	3
0	3
4	162
0	43
1525	111
59	111
0	0
0	0
0	0
5	4
0	0
11	59
0	2558
6	2666
0	36
0	36
16	36
0	36
0	0
0	0
78	1860
600	1797
4	1723
0	0
0	0
0	0
0	7
688	2192
1053	402
0	4
29	5
0	12384
2528	22658
0	9793
2	16002
0	15512
0	0
0	0
0	0
144	152
22	152
16	312
2	312
139	1709
201	1655
3	1631
10	1378
0	666
0	596
16	1820
1624	4014
1	92
0	92
157	1
0	0
0	14
7	61
4	61
22	7
0	7
33	0
0	0
3	0
0	461
46	477
8	459
0	0
886	0
8	0
11	0
71	0
0	0
14	0
0	0
72	628
0	42
326	1099
18	1097
0	0
14	0
40	1359
25	1382
9	24
0	62
0	62
0	0
0	0
3647	0
83	0
4364	2
0	0
0	212
0	345
0	62
0	126
5	37
0	37
594	0
0	331
0	6
170	331
19	0
15	6
0	2
0	2
1111	0
0	0
69	52
23700	16
0	0
0	600
7	600
2079	600
569	0
1308	643
0	643
1	93
0	45
0	71
0	37
0	138
63	129
0	112
45	54
0	54
33	798
0	798
76	0
0	0
0	0
0	0
21	0
5	39
7	39
2891	6071
58	6071
0	129
0	145
0	7
47	364
0	364
0	0
12	123
6	986
149	1026
4	4509
25682	7487
0	5143
0	2812
969	12416
289	12598
124	679
0	679
0	0
562	0
74	18
0	18
0	7
0	7
116	386
0	35
52	70
0	70
0	6
0	6
0	6
0	6
0	762
1613	763
0	0
0	583
0	480
314	369
0	166
2130	2
8	0
33	149
14	149
2468	1418
0	1417
0	1081
0	951
2071	1081
88	328
0	0
0	328
45	0
129	1010
128	0
0	0
0	85
1	194
4	110
0	79
0	82
0	171
0	25
0	19
0	28
3	222
0	170
0	216
7	564
605	1317
0	1015
0	1075
0	1015
0	1044
0	0
1021	0
2	101
704	0
0	0
27	0
6	195
0	177
654	2786
115	2786
38	6
0	0
0	0
0	0
0	0
0	0
0	0
30	0
365	0
9	70
312	73
0	0
254	1436
0	1436
18	0
0	0
0	1
2	37
0	19
0	35
0	0
0	0
173	1899
0	347
0	147
8	7
0	1666
0	1167
149	177
2	7
0	13
0	13
12	47
0	1
0	47
0	91
0	123
0	123
0	10
396	599
0	599
0	0
424	0
0	1080
3	233
0	1195
15	1195
3	0
5	11
0	1
17	1
19	238
2	238
91	771
428	771
2779	716
0	716
0	8
22	8
0	8
757	3414
1	2935
1381	2709
0	2709
1379	1
88	2046
8	2046
0	145
0	29
0	170
0	67
0	425
4	488
0	453
11	1595
4462	1600
4636	2085
0	2084
334	250
17	0
1442	1
1	962
0	518
8	583
0	967
8	499
29	901
0	1648
12	3731
24	1071
16	1567
0	3757
0	1136
0	350
0	35
0	96
0	1
40	131
0	521
62	521
7155	53124
0	7
0	31592
0	30636
1	53704
0	64036
0	60386
0	1856
0	227
0	2500
0	1090
1520	10500
0	873
0	1314
0	2515
3	9
0	9
393	6581
0	89
0	10
29	6569
10	1180
0	1275
0	1231
0	530
55	6433
10	5769
1817	0
0	0
0	0
0	0
0	0
51	0
720	218
1876	1
6272	261
81	0
381	46
1	46
72	5
380	0
386	0
161	3102
2294	3103
0	20
0	140
0	4
0	0
0	136
48	771
132	771
0	9
0	56
66	65
311	70
0	68
46	0
736	193
177	1429
0	1312
0	1490
188	0
14	3
9	104
0	3
0	104
505	0
143	0
0	0
0	17
8	17
11	19
0	19
0	0
1428	115
730	74
0	74
0	0
0	0
0	45
75	378
0	378
0	309
0	0
1111	27
0	27
45	19
8	2
0	2
0	7
1	81
0	26
13	64
0	17
0	39
0	39
0	39
36	0
2139	2
12	252
0	193
18	32
0	49
0	0
0	0
0	0
0	24
1	172
0	0
0	803
557	3618
34	3390
0	3
0	9
2513	9
160	0
365	3952
4	3952
4	102
0	34
22	82
0	160
7	378
8	378
0	376
44	0
31	0
269	0
142	0
31	559
6	466
0	452
0	365
2	365
9	319
5	155
916	421
0	400
0	421
0	18502
1	831
1	1842
6	30370
695	20116
4	30370
0	6
0	0
26	0
1999	2
10	0
0	221
131	304
15	282
0	12
0	271
0	1009
99	1013
75	624
0	624
31	21
552	730
3600	754
7	0
232	138
0	53
41852	1165
0	1125
0	842
2357	1402
0	1548
0	1402
0	13
0	4
18	30
0	0
0	2
0	17
0	0
0	0
0	0
0	244
0	7
12	54
65	244
242	121
2	1
0	0
0	8
0	23
20	24
1234	1
0	0
0	3
0	3
0	1
0	9
0	0
0	9
0	0
0	0
4	18
0	45
10	69
0	45
1290	2
486	1144
181	1012
4	711
0	303
0	435
25	438
0	346
406	0
4264	3
0	0
0	0
5	0
0	0
2	1
0	0
636	341
0	339
0	0
0	0
1762	3793
226	3793
36	325
0	225
0	316
18	49
1	49
3	0
2835	0
0	8
18	8
215	6
4	6
104	65
0	65
0	12
44	455
0	292
147	292
0	173
3	0
3	0
0	90
47	78
11	760
205	2588
54	2555
9	324
337	0
105	0
0	955
340	856
171	2
49	147
0	128
0	0
0	161
0	92
13	161
14	183
11	182
292	865
7	772
511	611
8307	2982
432	1326
1322	0
9	130
3	250
20	752
44	771
358	134
330	393
0	398
0	534
0	397
1325	485
0	1
0	0
0	0
0	0
0	22
2	22
119	8515
0	8515
239	5139
0	1183
0	1869
21	5139
0	0
0	50
0	24
0	60
0	60
0	54
23	96
91	64
0	44
0	14
43	2597
0	686
22	2922
4	0
0	0
22	79
0	79
0	1764
2094	1764
0	5
0	73
1	59
0	295
141	295
0	44
0	44
0	33
1	0
0	0
668	204
12	1639
0	1639
461	797
0	795
4	722
7	324
3	449
0	392
0	342
0	63
0	56
4	717
22	0
9	236
3	53
0	236
188	0
3173	563
0	555
17	1535
0	1582
48	1538
0	0
0	0
1361	6068
2	6066
4	163
5	152
0	0
0	0
0	0
0	988
1005	1413
15	1413
0	52
7	52
0	12
0	4
0	4
0	4
12	12
444	3768
71	3768
4	238
1807	239
18	225
8	308
0	313
787	0
131	0
26	1880
101	279
3	1880
1	0
721	0
5676	2299
0	440
0	1952
0	29
21	29
22	211
0	157
23	77
214	123
12	6
0	0
0	6
1051	0
251	201
0	17
0	95
0	4
0	0
0	4
14	0
0	0
0	121
32	811
1	807
209	0
3	0
125	289
0	289
19	3
0	3
490	0
0	3
3	3
0	3
1693	355
9	104
77	1
0	0
0	0
427	1223
0	1223
0	685
0	2205
0	2427
0	1667
0	2599
584	471
0	229
25	279
136	279
171	3
0	92
28	94
3375	2702
0	965
0	2697
0	0
219	0
1	0
0	0
0	0
0	0
0	0
0	0
908	3
0	1031
2537	1032
1491	2324
0	2324
1279	2326
147	2326
0	405
43	446
0	1152
43	1111
41433	36
0	0
0	0
0	0
0	0
6	2568
234	2933
2	1019
0	33
0	4149
85	4149
0	0
0	0
0	0
362	1
0	0
0	267
0	179
401	446
0	21
36	21
3631	1052
21	948
212	748
40	0
0	0
583	0
23	0
0	0
0	2
1247	288
5	0
0	285
2835	113
6	13
123	0
150	0
34	5401
968	860
0	1865
712	5959
25	915
37	83
0	41
0	915
117	0
31	0
171	0
53	22
7	21
0	0
0	0
0	0
18	6
0	0
0	6
0	6
57	4
0	4
826	155
8	165
24	146
0	0
0	0
0	0
0	0
0	0
3314	4
403	79
1121	0
35	247
0	247
311	127
0	127
1626	11
0	0
0	0
0	648
0	0
3	716
1	724
2038	9
0	0
0	0
0	33
19	33
678	223
0	155
0	222
1258	3734
0	3734
0	4
2	4
134	487
500	487
0	3
1	3
2	0
7	28
33	209
0	184
0	202
506	0
0	2344
0	371
3748	2336
0	1918
4	1092
563	1092
0	0
0	0
0	0
0	741
0	1144
0	1178
0	1165
0	1175
37	759
25	759
1868	1063
55	511
0	505
48	433
53	1
82	273
0	48
0	219
0	0
181	517
3	517
5	17
0	16
2	23
0	221
1899	1466
0	1443
56	90
0	5
0	163
0	251
0	159
7	0
0	0
216	17
0	17
151	2073
10	357
3	2070
0	432
6	432
0	390
0	44
185	160
0	143
27	140
338	552
3813	1556
0	1556
0	0
140	215
0	1161
31	1122
0	720
311	720
0	0
0	57
121	722
1414	722
23	393
0	121
0	45
4	393
105	494
0	939
0	22
0	1141
0	1129
96	308
8	308
4093	1
62	0
0	512
0	353
6581	869
0	26
0	90
264	98
0	93
3	0
115	47
44	47
198	1163
116	1162
231	0
0	0
0	0
0	0
0	0
0	8
0	0
0	8
0	8
0	610
133	610
0	0
0	43
17	43
0	37
0	52
358	88
44	920
199	102
1167	1210
26	156
2	1207
40	1804
5	708
0	1804
0	0
327	816
0	162
1	53
0	791
311	163
3	36
9	150
1158	1267
0	1267
0	4
0	27
6	27
8781	3843
6	0
0	0
0	0
0	0
0	0
170	1
0	1
150	56
0	56
0	4
0	4
0	4
0	81
0	81
4824	0
0	19
0	70
0	0
0	70
0	71
676	0
10	0
5416	4
1799	2798
0	2798
3911	0
80	0
1	81
59	81
3598	3
8744	4
80	0
5888	51511
2695	51511
0	141
631	143
810	2
8647	6914
3	6908
0	1
280	0
0	0
2072	0
9761	3
1387	0
0	87
0	87
0	25856
2036	25856
1556	10
0	10
0	0
0	0
405	1670
2	594
0	712
8	1670
153	52
0	4
0	49
24	2225
981	2227
2	2080
0	2080
27	42
0	42
306	324
0	324
30	244
0	244
160	337
0	337
2	0
772	255
59	255
5	156
0	5
0	0
18	5
0	1187
546	1187
0	0
2310	0
661	134
256	0
263	0
783	0
1676	0
95	2812
7	2812
12	8
7	8
100	345
3	345
0	0
0	1816
0	827
0	1086
0	1857
0	1988
0	2059
568	12
673	3629
1288	3037
268	419
0	415
0	375
2	421
84	1675
136	1675
39	0
0	15
0	10
66	25
0	11051
76	11010
0	116
0	8061
24	0
879	710
258	710
0	322
1628	2278
0	357
0	29
22	114
131	97
2698	0
1	0
101	51
0	35
0	16
0	7895
0	4318
4126	7845
0	8033
0	8033
0	0
0	0
0	10
30	10
0	659
152	2339
93	1770
0	2346
892	2004
0	19
24	1956
15965	5
4574	0
0	5
147	5
104	1212
0	1039
294	1153
0	2562
70	2564
0	0
0	0
0	43
100	165
0	158
216	179
15	176
49	0
557	0
2489	0
40	0
0	57
0	3
0	165
2	162
0	165
86	156
7	156
5659	8
108	824
110	824
5676	2937
0	635
0	656
0	359
8	359
0	751
2662	760
156	322
2	315
600	1
728	2102
9	215
0	215
67	287
0	0
0	0
206	114
1	113
1125	0
0	8
0	61
0	4
0	5
0	61
3	61
2	80
799	17
24	6
0	32
33	35
19	0
0	270
266	388
19312	2676
6	2660
157	831
4	190
53	861
1268	469
0	1
7	165
10	25
0	12
10	169
10597	1946
0	1943
0	1
0	7
0	68
0	68
0	0
0	70
0	65
0	68
160	503
0	142
130	1780
5500	1781
53	20
0	20
0	1154
0	115
0	1144
6	33
83	92
13	103
0	251
67	251
0	30
16	93
0	3
10	94
7	129
0	32
0	0
0	1612
0	174
0	2649
2132	2681
4033	6
88	5433
28	1349
56	1167
0	11813
10	81
28272	10170
28	0
76	0
93	73
44	1
31	1
37	0
88	73
57	457
0	141
433	0
0	0
1534	612
6	612
0	0
0	0
521	1
22	2
0	2
4	3348
0	8279
11424	10180
0	6056
18	98
1114	678
9	0
550	636
678	637
1	0
8	0
0	0
2	3
31	0
73	658
17	3
2	275
9	83
0	652
20	114
11	114
0	145
2804	146
2133	2
0	0
0	540
132	655
0	4
0	12
104	16
3	1010
282	1010
0	186
85	217
248	610
15	610
0	382
253	3121
0	3121
740	865
0	4
10	3
0	4
52	8269
4571	8269
30	609
0	26
3	603
3709	27
254	26
12	7
0	69
16	69
0	69
3	0
4601	1729
12	1725
70	2772
0	2445
0	2584
9	136
0	0
0	0
0	0
337	0
780	4245
0	140
0	146
0	252
0	42
614	1480
4	512
0	1393
1	1393
639	3
0	229
0	2396
0	2192
0	2423
1129	1554
429	1554
46	145
0	145
0	12
82	206
0	206
0	198
94	217
931	1485
419	0
641	4
14	495
1	582
10	582
0	3
0	3
0	1344
0	66
0	366
4	1577
45	1649
8418	6
0	13
0	13
0	25
0	189
0	739
122	817
0	645
0	541
0	619
0	4
3	4
0	397
2922	825
41	193
0	193
0	5409
9951	5417
0	0
604	0
251	7113
0	7190
0	496
36	7148
0	0
0	0
1	0
0	200
0	217
20	0
4	0
0	0
29	0
443	163
9	496
0	530
5	313
282	0
115	206
0	35
263	2193
0	2193
1219	206
0	206
96	0
0	15
0	105
23	917
530	917
0	0
16	262
5	47
0	262
0	0
4	902
0	54
83	790
0	385
14	816
3	493
0	320
2	50
63	571
0	571
1033	1
2088	8276
0	0
23	8275
34	0
28	421
0	418
0	63
0	66
0	169
0	61
122	354
3	319
2263	308
0	288
1317	107
0	106
14	0
3172	0
36	10
1	36
0	36
0	0
0	0
0	0
38	21
0	21
0	7
0	7
0	0
0	3
0	3
0	3
72	5463
13	5431
0	5507
2083	333
7	329
11	0
0	346
0	346
661	0
9	135
0	58
27	149
56	0
654	0
408	40
0	40
0	822
632	822
0	106
2	54
0	82
861	242
0	0
0	1
47	33
129	815
94	0
74	0
0	1840
4	1926
1	452
8	98
96	98
382	240
0	240
0	0
1157	343
2	3
0	61
3	292
0	4
28	24
13	11
0	0
0	0
0	0
0	0
0	0
0	17
1215	20
271	1852
0	1852
0	127
507	357
0	1
5	229
3	39
4	223
0	227
7	517
14	227
831	1202
3	1344
40	1421
1517	121
39	120
24	181
0	56
0	0
0	41
829	41
0	0
0	99
20	0
4	99
8	461
0	235
0	519
0	94
0	94
2	94
0	94
0	33
278	33
14592	1864
19	1860
0	9
0	3
5	491
0	29
0	28
0	478
5	4
19	78
0	4
884	48
11	48
0	49
35	1
67	13
0	2492
0	2494
152	2547
0	375
7	375
0	287
0	0
2003	1
954	2243
0	2240
0	4314
0	486
0	4137
0	4453
0	4276
9	716
0	1814
469	2070
985	6785
1169	6785
29	96
283	125
0	0
31	1373
0	93
724	1667
17092	1356
0	994
0	349
0	0
0	0
0	0
0	0
0	0
0	0
0	0
137	107
105	156
1280	704
0	703
981	1
0	3615
0	255
2077	3617
0	125
0	0
31	0
0	629
4	629
0	539
23	267
9	248
0	90
0	0
65	1949
175	1949
10414	10654
0	10638
78	548
4	248
45	355
0	128
0	171
0	72
0	143
0	133
0	227
9	395
166	462
397	2145
0	2145
2	977
0	0
0	0
98	0
1571	1519
0	74
621	259
6	259
0	127
0	2
6496	7312
127	7306
86	202
0	0
0	0
1279	3
135	34
0	54
12	45
0	24
284	162
0	125
0	0
2	96
394	498
0	403
744	2651
3548	2651
140	53
0	0
0	0
0	0
0	0
0	0
17	20
12	20
26	0
0	125
0	3
0	3
0	0
0	0
0	20
37	14
18	0
0	0
857	456
4	342
9927	350
454	0
16	0
1680	11
0	156
5490	169
0	0
24	64
0	64
1892	2596
519	584
344	55
923	3918
8	3918
1139	1
0	0
0	0
135	515
24	515
3014	190
0	0
0	1106
7550	1120
6	572
0	9
0	565
268	175
0	89
0	41
0	262
0	1162
0	823
0	1168
0	8
0	8
0	0
0	411
242	411
168	828
102	4786
0	314
1	3
1319	4786
20	480
205	5546
817	5499
0	31
0	24
0	5
553	53
16	26
0	26
0	24
7	0
199	0
0	0
765	0
965	1797
0	100
0	1783
15	204
0	330
0	0
4	1574
0	600
0	574
0	451
0	1583
2	1703
409	0
288	279
887	391
0	248
0	280
0	4
0	4
0	4
0	4
33	80
0	80
0	0
45	0
119	0
8	368
252	716
449	0
1	0
0	1
3	1458
0	495
0	2
3	1443
0	1429
0	1057
0	15
0	15
64	60
0	50
0	59
685	503
0	819
0	810
497	1018
0	993
0	890
0	873
0	827
0	833
0	0
0	0
0	175
0	16
0	118
31	362
0	326
804	0
0	37
300	1409
0	1397
7	1391
0	248
294	1597
101	1727
2	93
10	93
558	683
0	437
719	349
1231	0
7	729
759	2245
1041	1202
1	1
29	2146
289	2144
13	0
8220	5
48	0
1943	0
91	324
0	73
11	324
117	341
3	341
0	0
0	0
5	6
2878	764
114	311
5	451
50	72
2	0
467	880
827	880
1031	765
70	765
4	364
1598	1299
0	958
0	102
0	20
61	2
0	103
0	102
0	539
64	725
0	725
0	0
0	0
0	316
0	370
0	41
487	0
0	543
0	174
1903	601
1	1
0	0
0	0
0	197
1031	836
0	2551
7	2646
0	2400
47842	28
6092	3885
161	2770
0	183
45	1007
0	3106
611	130
0	130
9	261
503	1395
5	1134
35	0
3649	3
0	8
0	179
334	6
107	192
1517	3161
4	1053
7	55
1	1735
0	2640
101	2287
106	2518
0	2420
85	659
2	659
0	0
0	0
0	0
95	0
109	0
0	9
0	94
0	94
0	0
512	0
0	2
0	2
0	1135
0	1231
292	2488
33	2460
95	0
410	0
413	2
44	3692
0	3459
0	3692
21	0
0	0
75	337
14	337
189	0
1039	0
715	574
12	182
0	182
0	0
73	0
0	0
0	0
1637	0
0	5
0	5
9	13
7	13
363	0
0	0
172	665
0	0
0	38
11	38
1342	0
20	475
0	475
0	461
3	131
731	170
0	38
18	0
29	42
13	0
180	0
363	202
0	61
0	3
5	251
0	248
0	20
10	20
98	16
1	313
2447	313
0	510
21	537
54	537
172	131
0	131
15	20
0	20
0	5883
0	31
0	54
0	5638
4	4247
0	5771
659	0
2685	3079
361	265
293	9623
21	0
73	0
0	20
1775	2078
23	2069
0	1117
0	1047
0	941
0	200
0	16
11	16
18	0
0	213
758	220
0	0
225	169
0	0
24	0
47	517
0	86
0	77
0	437
4	559
1118	2
338	4
0	423
175	423
97	0
0	0
0	13
35	71
25	71
0	0
0	165
6	5
0	298
56	298
3	284
110	0
3023	1187
0	1186
86	580
0	308
0	499
1343	2
7	0
79	3345
0	330
1	3349
534	0
0	0
0	0
51	2470
3	2470
0	403
819	403
45	5
0	45
27	45
310	267
0	267
4223	8
11	19
0	20
153	39
0	7
0	8
0	8
767	0
0	90
37	233
0	46
0	35
0	40
0	233
61	0
0	0
0	85
0	91
18	1
6	1
0	71
0	15
30	74
144	111
3	41
0	0
0	0
283	2
0	6812
611	9046
26	4640
28	576
305	519
197	578
1006	1
0	0
0	0
0	44
0	48
26	689
0	152
9	679
0	52
1510	53
0	191
84	191
62	103
308	198
0	91
10	56
779	2773
9	2773
0	0
0	0
761	60
0	9733
0	9282
41	143
38	143
1229	3
0	150
7	146
0	150
0	839
590	839
255	44
0	44
3	0
0	0
0	0
975	242
0	242
0	4
0	1
0	11
0	2
6	11
45	90
0	90
11	17
0	5
0	5
0	37
0	0
0	39
0	43
0	180
436	446
89	182
0	0
103	1
1124	361
0	211
80	47
0	44
0	3
0	16
0	229
1	18
5	227
38	275
0	28
0	275
0	0
43	0
247	0
265	874
0	869
0	866
0	871
0	342
0	585
914	0
162	0
17247	7035
55	7025
0	0
0	0
419	399
0	399
516	484
0	484
0	138
447	138
5414	1
11	282
25	282
8186	3404
1353	2
328	1629
19	1629
1724	19119
0	1780
4	17765
12	8982
6	16767
0	866
3577	2198
3282	10
1093	933
0	390
33	295
0	284
0	10
0	0
994	54
0	54
38	0
167	0
1354	361
34	359
0	0
0	16
0	16
0	16
0	4
0	38
4	38
1356	507
0	507
0	717
2	575
2	5963
37	5545
0	434
3	2858
154	2562
0	2562
0	0
72	0
3	0
0	5
21	5
0	8
0	0
0	1
0	8
6	35
46	2980
87	2981
0	0
437	1134
0	581
0	404
0	0
0	680
0	0
949	1992
6	1992
348	0
0	10
18	1891
0	1615
0	2000
12	0
0	0
100	63
1052	2709
0	3585
0	3600
86	0
0	0
18	571
464	996
0	0
0	0
260	1
0	782
0	477
226	2024
645	2
0	53
1587	1440
87	1492
0	655
17	861
0	861
35	0
0	0
73	0
1380	2460
5	2459
5	1581
0	523
81	25
0	25
0	0
1525	0
1576	4536
0	4536
5559	456
2441	26695
0	26247
16	9205
58	26471
510	0
0	540
0	540
0	17577
10	18737
21	16751
13	49
58	0
0	61
80	64
0	36
55	288
0	11
0	252
0	251
2405	1669
0	1534
0	897
0	1666
0	202
147	683
5	683
0	400
233	400
129	193
24	119
2	11
5	11
4245	1728
20	146
43	68
0	1627
341	0
0	843
0	254
153	1719
101	266
70	1775
0	0
2	0
0	0
0	298
0	476
0	354
155	500
68	327
0	99
15	295
309	60
0	60
596	0
299	268
413	0
1	0
496	29
23	22
0	7
0	0
1684	1
0	97
0	97
0	18
0	496
45	0
0	485
0	453
966	2725
1	197
17	2724
17	0
39	0
0	57
0	159
57	159
0	2
2	4
0	15
43	19
7	0
0	38758
8	71672
3	48274
4	38788
15	33681
7	156336
15	169308
0	98535
641	3932
0	517
127	3853
0	0
0	0
0	0
507	89
2	89
609	1034
0	229
0	1211
0	9
0	1185
0	1241
7	1400
3275	1401
1177	123
0	123
4	0
0	324
14	252
0	562
0	546
65	949
8	882
75	642
33	642
232	75
0	75
306	0
0	0
0	0
0	0
0	819
1130	4773
0	2617
10	629
6	4962
239	415
123	415
358	241
0	107
0	195
0	0
0	0
0	4
0	0
4	4
29	278
0	942
0	895
259	68
9	398
104	398
32	1402
1	1402
124	0
2	16
0	0
0	0
14	42
0	17
0	0
0	0
302	2145
2528	2143
0	3
56	3
0	37
1497	31
3	37
3265	817
0	817
535	2
1504	1992
0	1186
0	806
591	2082
0	1944
132	929
0	44
0	157
0	7
0	148
0	150
126	0
11	19
227	871
0	1285
123	1293
0	1293
805	193
22	101
0	176
1	1436
1034	1989
0	782
0	0
0	0
0	0
0	0
0	0
0	0
182	1329
27	1309
0	32
0	586
3	802
0	590
0	177
2222	25
22	23
723	3675
308	3806
219	1494
1555	1494
30	601
965	1034
0	191
0	815
5	0
20	21
3373	950
14	946
0	106
0	163
0	114
774	648
0	0
0	648
6	0
2077	3
644	0
329	0
16	566
0	2197
2	138
0	122
6	2197
42	0
5	0
0	2769
43	3094
17	3045
3	138
163	216
190	1612
0	3015
69	4897
0	1808
0	4183
21	36
0	36
12	0
0	0
1850	228
52	0
0	53
112	337
0	337
0	53
0	22
235	133
0	10
0	10
0	121
0	121
0	127
0	0
2736	7
0	90
0	0
181	2981
54	2981
0	6991
4	26338
0	25952
0	25325
0	12
123	16
15	0
13566	22
0	0
159	82
38	1
0	1
47356	57
6063	1409
2	0
0	798
6683	809
520	0
15	629
0	82
0	106
0	0
997	296
0	0
0	0
0	0
181	0
7545	2118
0	0
4	7
0	7
1164	0
316	2352
0	2352
3342	7
25	0
17	145
226	0
717	0
113	592
0	0
4	592
8	0
124	38
174	67
0	56
5513	8
549	0
0	0
0	0
3351	1
0	95
267	163
0	86
0	0
0	0
0	0
114	60
32	0
3029	2464
0	744
63	331
0	2350
44	1779
21	1779
124	24
0	24
0	2471
0	195
35	2471
47	259
0	236
0	114
925	2005
0	2095
0	1764
0	2053
3	0
0	0
0	0
0	0
9	1
0	94
6	6512
0	6550
51	6430
29	6453
4277	2241
740	2521
948	2121
2144	3900
27	46
24	60
17	14
0	205
460	205
4	11
0	11
1159	0
26	2
1462	4838
150	4838
29	39
3	1638
0	1638
9	97
13	97
0	0
0	0
120	470
0	454
0	470
0	433
0	315
0	308
0	314
185	423
4	420
51	81
1725	0
206	38
0	38
884	0
0	0
0	0
217	234
14	194
0	74
372	0
0	13
0	13
3799	4
1540	1
2468	0
0	1660
0	1912
0	1912
0	2129
322	105
336	2234
0	38
3227	3917
0	3912
15631	13
55	259
6	259
40	74
0	74
1021	138
0	138
0	0
0	34
207	43
0	9
415	308
0	0
15	0
3	512
10	418
134	99
0	44
56	890
0	267
0	890
235	906
41	906
599	682
59	682
25	118
29	118
3836	2
0	272
0	225
60	266
73	0
6	51
0	51
0	0
34	0
18	0
0	3506
16159	3525
6	40
0	40
4	33
0	32
0	0
4	0
3334	7
4390	748
78	741
0	1069
99	1064
0	3447
278	763
49	3447
369	108
48	108
108	133
0	133
0	85
0	85
48	669
912	1257
322	364
0	621
69	1273
222	745
0	20
0	20
36	201
0	201
0	201
1448	2746
0	2600
46	2585
26	2705
14	2719
24	2540
1240	596
348	596
0	0
0	0
841	16083
289	2632
0	15324
0	12989
17	13314
2	13765
0	13250
119	14880
26	360
0	372
4	1093
47	618
0	1354
37	1202
424	0
0	0
55	1079
0	1079
0	127
14	102
0	111
10	220
85	220
835	412
9	412
0	11
890	2
28	0
464	1
20	4120
0	958
189	4120
2499	1157
0	1153
1488	2144
113	363
134	2249
148	337
1	334
0	815
0	451
0	715
0	397
110	918
729	1200
1763	2174
34593	2194
125	53
35	14
0	53
272	0
0	0
388	2394
0	2394
5	472
122	472
0	110
41	27
0	7
0	20
1598	3494
0	70
129	3135
0	3483
3779	4
59	223
0	4
0	0
0	18
3	317
0	324
2	23
0	17
0	17
0	61
0	63
315	69
0	4
0	14
0	14
2717	0
0	4
0	4
0	0
0	0
266	0
3	0
108	0
0	296
0	68
0	0
0	165
29	296
0	114
999	114
21	203
0	95
14	9
6340	1460
324	157
0	6
9036	11
42	9
0	9
442	1464
0	1464
84	139
1	918
335	924
142	0
1294	784
7	784
0	0
0	7781
1769	7787
0	68
1625	169
33	0
0	67
13	99
62	395
0	490
0	3863
0	3896
138	400
1	7094
86	6663
0	6909
0	6356
54	903
1	290
0	345
0	133
0	903
0	11
697	665
0	522
4	97
0	36
4	348
0	46
0	56
76	348
46	0
0	67
8	41
0	15
0	50
635	125
3	15841
0	15841
0	11376
184	1222
0	857
1084	380
0	62
1099	1578
0	64
7	64
27	85
408	2
33	0
0	0
74	92
19	92
397	0
886	5
0	0
0	0
4242	207
0	27
0	207
0	3269
0	1388
5369	3272
1353	2
346	0
0	33
0	33
2	33
0	241
416	241
0	235
0	0
18	622
113	591
77	608
101	21
0	309
8	286
53	190
147	5213
0	5213
45	52
0	52
0	50
346	0
0	58
0	61
0	61
0	0
97	3
0	30
0	17
5	22
271	1580
4	158
4	1459
1710	374
71	293
18	373
7	0
2	29
29	130
3196	504
146	509
487	342
0	170
0	34
6	0
0	31
38	31
24	60
0	6
0	60
0	60
0	8
182	24
0	11
49	11
3280	5923
0	6221
0	54
2	483
0	678
0	6461
0	2230
1332	3095
0	3095
367	808
0	350
0	37
4	0
4	81
741	81
395	0
307	1
140	0
0	0
0	0
17877	22
85	54
0	16
0	38
0	34
0	45
106	45
12418	6
0	1412
3070	3268
0	2117
2146	3
2	0
629	0
258	662
23	690
0	690
49470	35751
1	35692
44	0
1856	0
35	1429
25	320
100	5
18	1424
207	147
0	32
2	15
115	0
52	0
0	0
2	265
137	861
6	715
0	0
4	167
1105	167
6492	4
3793	5
22	0
0	0
1912	344
967	0
9101	15
1	0
1	304
0	30
157	305
451	0
2642	1981
442	8
4	0
124	1886
2	1886
0	0
26	0
0	12
0	18
0	13
4	4
0	31
7	59
2	55
1836	0
0	0
0	0
4	4992
0	13751
0	13996
11	52
8	144
0	131
20	116
9	140
0	127
87	61
0	61
4	0
260	0
5	731
7	687
0	530
0	1
0	7
5	7
12	0
4695	416
0	415
1584	12
29	0
19	66
2189	1644
12	181
0	2192
28	2248
41	361
61	361
167	0
2394	193
0	193
61	415
0	31
133	78
0	78
6	5
0	0
2	0
400	0
109	0
11	681
113	681
97	128
0	128
22	88
0	87
0	38
386	1038
0	1025
126	140
17	140
0	3
0	3
0	725
50	1118
75	0
0	0
0	2313
0	314
3542	2305
0	0
0	0
0	0
0	11
0	11
360	59
15	78
31	88
0	0
0	0
51	370
0	10
16	71
0	12
0	0
0	354
0	352
0	354
0	364
701	878
0	11
0	11
665	1387
0	1386
0	0
0	0
0	2
0	2
0	2
0	0
0	0
0	0
0	148
0	666
231	783
11	820
5	820
2	762
4	52
6	736
70	70
271	108
0	108
0	104
0	12
117	12
8332	13263
2937	13258
0	14
0	30
0	31
0	28
2	31
0	22
52	22
1066	4
1271	0
6	136
0	229
0	226
0	349
394	734
0	405
504	522
0	522
104	1167
0	370
68	1167
102	241
96	241
0	0
0	0
0	0
1	112
301	78
0	3225
41	2176
45	2985
31	6
229	1061
47	1254
18	381
261	205
0	84
4	120
2	578
63	578
6269	0
51	15
0	15
466	0
0	0
0	10
0	10
7939	3706
18	3756
63	3157
8	0
242	20
0	20
529	17
0	17
0	264
268	2634
0	2173
17	28
419	200
10	200
0	0
31	0
25	61
0	61
0	603
0	83
0	224
0	0
0	6
0	6
121	178
49	178
515	0
1128	0
64	1
343	288
4	0
4	12907
0	4087
23561	13498
0	4213
1795	0
6	12
4	44
0	13
75	56
0	38
0	38
112	182
0	182
0	0
0	2
12	2
7313	6
0	7
0	7
0	0
0	17
0	17
0	0
1	0
0	0
430	0
204	409
0	409
4466	1624
0	1430
0	1622
164	351
16	351
151	385
88	385
7	69
0	8
0	7
49	76
18	76
8572	2
0	0
242	274
118	337
0	333
0	340
694	2428
0	933
0	1354
191	266
0	266
0	221
8	25
0	25
32	162
0	162
55	0
0	570
6	570
0	570
1798	0
3199	2998
4	429
45	2997
254	0
66578	36
1	44
118	101
6	0
637	0
50	582
0	379
23	111
0	107
0	585
4762	3
163	15328
6	8953
175	10726
0	3947
0	8121
4710	1
9892	1227
0	588
0	632
0	0
1	49
0	49
90	0
0	2
6	3
0	3
8071	4
0	9
0	17
277	17
2036	0
70	88
6	0
63	40
10	3768
0	181
0	3965
0	3968
339	284
0	1758
119	1758
8	0
0	0
0	10
16	10
0	2
68	19
0	19
416	421
97	14
1162	421
3017	0
0	154
2896	158
183	2
0	19
0	0
0	0
0	0
41	0
1730	0
0	3
278	3
0	88
0	18
24	106
0	0
0	0
0	0
0	0
112	43
20	147
0	147
1272	2207
0	6
329	2201
24	81
0	18
0	37
9	43
28	371
1427	0
3551	4
230	0
44	0
34	1223
0	13
0	321
127	772
115	772
346	0
527	0
0	0
0	0
0	20
0	20
0	20
0	0
2491	879
16	432
6	547
0	71
239	71
0	5
137	38
0	33
0	1
0	1
0	15
0	0
0	0
2	16
15	0
0	120
0	111
0	120
0	250
0	84
2098	5951
0	0
0	0
7675	3
0	145
755	372
0	67
0	0
5	8
161	7
17	7
0	8
2	12
15	112
8	21
5	102
32	0
0	0
0	3
0	19
0	0
0	0
0	0
0	0
0	19
0	19
0	6
0	6
4	6
3396	10
0	1350
0	1282
0	1282
0	1373
9	1371
15	1387
0	1324
102	1283
118	1304
13	1304
69	365
0	365
0	203
78	1569
103	1569
415	136
0	49
10	138
1	1
0	1
154	284
0	2
0	108
0	321
0	302
0	314
0	0
0	0
3	0
0	1269
0	145
9	895
90	5145
0	326
33	4908
0	0
0	0
4	404
0	431
3	431
35	0
0	0
0	15
444	15
212	260
5	260
954	0
0	435
0	116
0	484
0	513
0	511
6	88
21	88
0	0
0	0
0	0
0	0
0	0
0	0
0	0
9	7
0	0
0	0
0	2
30	2
276	647
0	647
128	0
2616	3
117	48
0	48
0	66
0	246
0	286
0	240
0	0
0	2
0	11
16	11
0	50
0	234
0	193
0	218
32	307
0	221
4	0
22	0
0	296
347	296
0	32
19	25
0	0
0	461
0	292
0	922
0	297
0	860
27	249
13	245
146	368
1306	1886
2	1774
0	1985
161	118
34	2169
27	2169
0	0
0	25
29	25
319	0
35	531
15	531
0	529
0	1273
14	1273
67	0
0	72
0	146
27	163
0	275
1206	783
0	465
20	322
6	281
50	99
158	410
307	410
821	222
173	331
9	200
0	184
100	0
1904	0
0	0
0	6
0	6
28	1801
0	1801
25	128
0	35
8	201
393	25
9	25
0	255
0	7
0	0
0	240
0	164
0	256
0	163
264	16
0	16
0	0
0	86
0	211
394	245
0	218
217	303
0	58
85	464
102	351
16	118
1349	16702
54	16701
0	0
2960	2910
6	317
383	317
0	5442
0	5403
15447	6091
0	6034
9	4451
0	2486
0	0
0	0
0	141
0	80
500	463
0	339
0	168
4414	207
0	207
477	868
0	867
0	0
31	0
15	172
38	172
257	0
0	0
0	274
5	321
0	266
0	133
0	205
0	221
0	236
0	2702
2	2580
3	2318
17	2609
0	2488
22	2694
6	2722
0	2324
257	183
551	183
198	580
12	580
0	0
0	0
104	56
78	32
4	14
3	14
76	103
0	100
1666	3917
0	3915
0	35
0	0
0	0
0	0
2001	0
0	0
0	0
0	0
158	0
16	386
12	128
0	99
1	390
38	0
313	995
12	16
131	0
0	274
7	84
2	0
8007	8
167	1435
23	1501
27	392
508	392
42	498
0	498
2650	1028
15	1028
4165	4690
0	4683
0	2
0	2
0	9
0	9
6	192
0	140
0	2
2	104
0	171
8	110
0	0
0	96
0	193
0	1
0	1
134	27
0	278
942	1302
0	1205
0	1302
0	544
2858	932
0	140
113	158
0	158
1362	512
0	510
49	114
216	2600
272	2600
2699	0
79	110
37	108
0	44
0	67
0	20
0	48
370	3150
0	3071
16	588
0	1244
18	5
0	5
30	70
0	70
81	953
159	522
0	722
0	44
0	22
0	4
0	44
2424	0
1720	0
1	56
202	1
0	1
0	0
0	2
9077	4
84	1248
0	109
0	179
3	1242
0	880
0	9
0	88
0	12
6	88
1	64
3	64
2645	0
16	237
0	26
0	737
0	741
146	7
0	7
259	1988
0	56
2	1842
0	0
0	0
11202	10
0	1042
12	1045
128	197
15	67
1	34
26	1379
1	982
0	1159
0	1264
0	0
4	0
9	752
2	26
7	1038
5	1064
1914	1106
31	818
0	568
1005	605
0	605
6196	2
0	345
0	0
5	25
0	162
0	251
60	115
0	115
0	163
110	163
39	53
2	23
14	109
0	24
0	98
0	660
0	8632
0	937
0	8497
407	8434
70	690
0	241
0	12
0	201
0	0
0	0
0	61
0	0
0	0
0	0
0	0
0	0
142	0
230	384
0	384
16	88
0	92
5	92
1124	4160
0	3412
86	748
270	0
0	437
139	442
186	0
0	0
0	1276
153	1277
0	255
145	255
0	155
0	19
0	19
15	549
40	5
45	549
21	46
1496	4
96	4
22	0
121	0
0	0
0	0
2	0
0	13
44	13
0	2
0	2
4	0
602	0
163	425
2	0
0	1
18	126
1139	6250
3	136
0	39
0	6398
7	0
0	0
0	0
0	143
8	218
15	310
0	9
0	0
0	300
27	90
0	90
10	587
3	266
10	543
599	72
35	72
96	35
9	26
24	0
34	82
36	1787
14	261
1	1527
2	1700
5	322
18	1644
0	1468
293	0
0	3018
298	3018
0	30
59	125
0	125
29	69
11	69
0	25
8	718
2	251
676	660
0	8
0	8
0	2
330	55
196	416
66	370
0	4411
11	4411
10	38
0	0
6	0
1119	2275
7	2276
76	270
0	270
1114	0
50	3817
13	289
0	28
0	3834
0	3811
0	3936
125	3681
0	0
3	0
0	0
1	616
0	2
0	0
0	1
0	0
0	1299
1406	1299
0	0
17	31
0	31
0	16
1391	384
0	0
0	0
303	974
194	974
6	1154
0	1364
0	1362
238	123
0	123
0	430
0	430
56	303
80	2269
0	990
29	83
63	2524
27	212
0	48
3	2111
20	2071
131	277
0	9
0	212
101	49
0	48
0	33
0	0
8	201
0	250
0	260
190	63
743	0
0	6
0	10
5	10
26	0
0	1743
59	1810
41	1
0	1
2	11
0	0
0	0
80	243
0	35
0	16
49	54
0	54
1013	0
882	78
0	67
0	11
78	0
19	0
0	0
2145	0
1	0
2	0
14	26
0	26
1359	3
1089	707
0	25
69	1085
144	1085
825	1
11	0
394	0
172	4
7	4
711	0
6	0
568	1186
0	1186
291	0
2960	124
75	0
2	0
2	31
0	31
0	31
0	2553
36	2496
0	451
0	82
435	1209
0	1209
0	0
0	0
0	0
0	0
0	6
6	187
0	1119
5	1164
0	131
0	17
1	1113
21	1170
0	0
0	0
7239	1
0	7791
1349	10304
6	2597
153	0
3	0
0	0
11	0
0	0
161	0
1052	0
4629	622
2083	1
0	0
0	1
0	2
0	2
16	475
146	475
157	305
0	305
22	0
0	872
0	106
0	242
0	370
4	923
0	868
50	126
4	0
0	0
138	0
10	114
4	0
22	26
0	26
40	235
0	38
290	235
1936	2
577	0
46	1499
562	1499
224	422
3	132
0	22774
0	23993
0	25639
395	28426
0	26784
57	6
0	6
0	0
0	0
0	19
0	19
11	0
985	0
0	0
6831	15474
10	15468
0	6541
0	4803
3751	0
1443	174
0	174
81	0
0	0
0	244
0	11
0	156
2	31
2539	2
37	0
3534	11
71	20
453	21
647	0
0	0
1784	6
0	294
11	294
21	7
0	2
11	12
0	12
0	0
25	0
0	0
0	0
800	0
34	107
34	844
258	844
37	0
0	0
50	0
19	0
4780	0
3	27
392	311
0	292
0	263
0	292
2	269
15	1
0	1
7	0
0	0
0	55
1036	4701
8251	4728
328	1843
0	1840
0	266
0	22
239	282
187	141
0	0
0	0
0	0
28	16
2280	299
407	7
0	7
53	493
9	493
0	0
0	0
0	0
11	1
2258	0
0	7
0	7
0	1582
447	1582
321	264
0	264
0	0
416	8
183	6475
0	6475
0	4626
5	1228
8755	3050
0	2635
2	410
4	0
0	127
6796	719
0	284
4	273
38	222
1	693
0	103
1533	694
0	0
0	0
0	0
0	0
0	176
21	13
7	13
846	293
3	291
13	110
88	0
20	49
0	109
71	170
0	146
15	119
0	119
74	0
3	110
0	110
2035	3
0	283
0	0
233	5
4	564
0	424
198	558
0	1009
0	4965
0	4854
0	5128
0	4476
0	363
5	504
1368	1138
0	750
0	149
0	1
0	42
9	42
5	76
0	76
36	40
0	0
0	0
0	0
45	0
236	0
5594	18
0	5
60	472
519	824
0	148
35	666
132	0
0	26
13	9793
0	4174
0	7355
5368	14866
54	12725
0	222
3303	607
0	0
27	0
409	301
0	301
0	136
0	0
32	136
3	251
0	0
0	0
363	0
1	313
0	1317
1269	1631
2692	3
1427	1524
0	587
0	3074
3	2914
0	2983
0	6
0	164
0	84
0	83
0	16
0	16
557	183
9	183
2070	782
125	782
0	131
25	131
20	0
1	0
0	0
0	0
0	0
0	0
4317	149
0	145
1570	1
0	0
6	0
0	0
6	0
148	0
1810	522
56	522
0	140
27	140
0	36
5	628
526	300
0	119
0	300
49	1335
0	388
1	1335
0	11
0	2
46	2
636	532
71	550
0	0
0	0
0	0
121	0
2753	359
0	6
0	359
9	189
0	0
0	0
0	0
0	798
0	2
0	783
0	787
0	772
16	0
2	14
0	14
0	4
0	4
0	4
0	0
20	894
0	868
3	88
23	717
0	1
0	617
5	462
3	888
1252	1623
0	1097
2	85
462	0
512	2373
29	2371
18	24
0	258
0	136
0	60
0	151
0	176
907	0
9210	298
4	93
0	9
0	34
115	536
0	578
78	1098
0	45
0	122
0	227
0	229
5	1096
0	0
0	0
0	0
0	0
8	19
75	0
5	7
3	2
7	7
0	0
0	0
0	543
0	20
0	23
2	7
0	23
0	538
0	543
1	406
1	292
11	342
95	342
37	748
0	717
0	712
0	28
123	28
5	0
0	0
209	5
21	0
0	0
306	181
1996	1
0	28
1137	0
4	219
0	147
122	679
7	608
4	37
0	37
0	802
1640	802
8	26
0	21
0	26
25	156
0	156
35	4091
0	30
0	3695
38	1705
2475	10159
0	6165
14	4212
19	5600
0	3222
2219	0
322	551
1055	550
2553	0
6	563
0	77
0	551
94	573
2006	498
47	497
117	308
26	308
18	198
0	86
0	14
26	39
31	0
11	3
567	897
4	208
323	319
2	101
1	43
948	211
0	210
4	169
3089	3395
112	1522
17	1210
0	749
1429	675
0	1967
51	8
8	8
0	122
19	47
0	305
21	336
92	57
0	54
0	55
117	0
0	0
0	0
392	399
190	849
0	307
30	383
0	60
68	87
0	51
1	54
0	62
15	0
0	56
11	2902
103	2902
7	0
0	54
184	54
1	901
7	1728
2583	1733
0	11
66	89
0	89
0	128
0	32
0	1286
2	2065
0	1546
0	39
0	60
9	48
0	127
23	183
497	170
0	170
44	711
0	711
0	705
0	0
4	0
1755	603
0	356
0	358
104	403
0	403
2	1833
0	459
399	3051
0	1308
8	6
3305	0
851	40
466	0
1045	1
565	0
0	868
420	3460
175	3460
0	0
0	12
0	216
5	216
0	212
132	449
83	449
61	84
53	31
570	368
16	74
0	294
2353	7703
171	4098
6	1699
211	1551
1	1047
386	1047
0	0
0	0
11	24
0	24
0	46
0	35
0	46
0	46
0	0
125	0
30	0
0	891
0	2024
662	2025
0	0
23	0
980	5903
788	5903
0	5
0	5
9	0
0	139
930	139
105	108
193	108
0	127
4111	137
589	0
0	59
0	107
3	107
37	0
0	270
132	301
4949	1
1575	136
0	132
0	10
9	10
0	1259
1239	6051
8	42
0	42
0	0
385	0
1208	3149
0	217
0	0
0	3148
1614	996
0	995
634	4
0	11
0	7
0	3
16	11
319	0
5689	6
0	0
0	0
0	30
76	48
0	18
1	719
245	1982
0	1035
124	1916
0	1334
0	109
0	120
101	1334
9	106
0	106
0	11
0	6
0	11
0	26
0	28
0	28
0	26
6046	1231
0	1231
96	0
86	0
0	3
3	0
0	1148
0	409
0	608
0	199
0	1038
0	1185
0	4
0	0
5	4
0	1036
0	1036
6899	13
404	890
648	1938
9380	11
68	1485
0	1485
2	360
6	306
6	354
1676	5064
0	5064
290	4694
0	0
0	0
75	2904
0	218
0	2011
21	2891
2758	169
0	550
14	7372
0	4973
1877	7924
0	370
1111	206
3	382
0	1521
323	2195
0	2440
0	2282
0	0
0	0
0	0
1	0
790	528
0	528
0	100
9	306
0	306
5	95
4	80
0	66
978	97
14	359
0	103
27	352
60	0
0	0
0	3992
0	3841
21	3967
0	0
0	29
307	0
536	0
22	0
1981	2140
0	1861
103	862
9	32
0	23
0	227
588	587
27	0
0	9738
0	9409
0	8
20	94
0	94
0	34
0	0
0	34
0	34
0	333
41	368
0	368
8	0
307	807
10	48
8	35
5	122
46	122
0	83
0	0
256	0
0	56
0	54
960	411
10	348
21	37
0	37
0	56
140	56
30	25
0	25
0	1206
329	3378
283	3443
0	3443
0	441
4	421
0	8
0	13
2	382
1	84
803	264
0	0
0	0
0	0
777	7147
0	6206
321	675
22	675
151	27
1076	2381
9	234
6682	5
390	476
0	476
58	0
5081	7
92	0
0	515
331	750
2	647
0	728
1826	2
712	1106
0	1462
0	1535
0	1718
716	1
12	0
0	150
408	261
0	200
0	0
0	0
0	0
0	8
0	8
150	0
0	0
0	0
61	1780
0	1777
0	46
0	46
44	107
0	107
109	31
0	78
0	72
1871	119
187	723
0	82
3	4
775	708
0	1173
417	1267
60	769
20	223
0	223
2	9
46	231
12	231
166	0
54	33
0	33
56	269
0	21
1781	94
0	69
0	22
12	22
0	1
5	0
0	163
11	162
0	105
6	118
0	136
0	135
0	157
0	139
0	0
586	572
0	572
48	7174
0	7174
68	195
145	0
0	0
0	0
0	40
0	40
27	7
43	1138
0	198
6	1139
208	900
0	438
246	811
513	0
1190	0
0	0
0	0
0	276
0	8
19	95
0	82
415	82
0	172
0	172
0	60
8351	1
641	1
2109	3
90	98
129	713
1	713
0	0
0	10
2	8
0	8
146	0
0	87
0	525
0	88
28	452
124	0
83	567
127	61
0	216
0	239
19	1142
0	1021
100	813
0	813
22	166
0	166
9	131
14	393
25	421
0	421
0	0
0	0
130	199
9	199
24	0
6	0
1	0
0	0
0	0
0	547
0	219
20	444
15	793
37	764
0	318
0	2303
0	386
5	29
51	3463
0	3567
0	0
20	0
3692	11
0	0
15	0
824	220
12	0
3463	2
42	409
0	61
333	130
0	146
0	55
0	149
4	146
193	4
0	8
0	8
0	2
0	8
0	8
2855	1
591	6364
125	6364
0	145
0	2365
0	2435
0	2361
147	2251
454	0
143	803
36	803
0	279
4517	1
63	8197
2182	8180
0	1085
206	17
246	0
60	749
0	794
0	767
643	1
0	71
19	71
32	198
2	155
216	211
8	199
1520	2
23245	12346
0	12338
0	538
36	485
0	372
0	300
0	258
0	66
21	1221
0	1198
0	1058
1	1087
7	11
0	11
2108	13503
0	13502
718	393
41	390
8	3
0	3
104	1025
0	1025
0	7669
0	497
0	7439
34	8060
4	7141
0	2475
235	2475
0	635
161	746
34	728
1105	118
0	118
0	0
6	11
3	2476
0	1735
0	1073
2090	2347
136	9
243	0
531	624
1740	2
1642	0
758	545
36	545
697	0
14	1150
0	37
45	1145
7	727
0	4
0	726
0	810
0	0
2187	0
38	168
0	877
22	799
9	998
0	0
2947	4351
0	2
0	4349
700	521
475	475
1101	24
0	23
0	362
3973	365
2451	0
0	1
0	1
0	10
0	10
278	684
0	3501
0	527
77	3809
429	3809
22	0
0	0
0	32
0	0
2	32
0	0
0	200
0	2623
2	636
2438	2623
0	190
16	190
9	151
105	186
0	2322
0	208
3169	3845
0	2146
1501	1
197	0
2	11
0	0
1224	107
7	96
1243	504
0	498
0	490
84	0
1088	0
1	2
0	0
0	0
0	0
0	0
679	924
0	9
31	13
0	13
0	240
16	240
0	0
0	616
3272	41967
0	4173
4930	34400
0	2403
28	8654
20	7
25	1
99	373
0	217
0	8
77	191
0	34
57	0
708	4524
0	94
9	4431
0	2423
2232	2425
238	0
0	43
0	98
45	141
0	151
2	104
1723	1633
269	1622
5	441
4	1131
445	1039
499	1385
160	1131
78	1218
0	206
15	1237
109	551
27	551
0	204
0	3
99	204
0	0
0	0
0	3
0	3
0	1
10	18
4	331
4	331
0	256
2886	420
0	416
0	256
109	379
0	940
0	1683
37	1624
0	462
1602	464
0	0
0	0
0	0
0	0
0	189
1	2899
0	3842
44	3847
0	3876
0	46
11	72
0	0
0	0
4	355
0	229
358	3102
29	3200
31	82
0	853
539	853
0	1901
0	936
0	2026
579	6646
9	1098
0	3255
0	6646
3114	0
11	0
4	0
21	11
0	0
0	205
79	368
82	445
0	202
2681	6
575	466
0	29
260	29
10	0
5437	5
7	18
0	18
5229	6
0	17648
9	12507
1	16347
2481	31297
0	19108
0	12416
583	2
0	30
234	30
0	0
0	0
0	0
0	0
0	0
0	0
0	14
0	121
0	31
0	102
93	175
1	108
3	304
0	159
0	371
87	233
0	233
664	1743
0	561
0	50
6	16
99	59
17	18
0	6
0	0
0	517
1501	517
1442	0
0	0
443	180
0	179
2643	1
69	9
0	8
0	75
7	741
311	726
191	3543
0	1383
0	2303
0	1358
1633	3
0	208
0	91
8	660
3	747
955	0
463	0
0	5
12	5
546	0
140	403
0	154
3	249
0	58
0	0
178	0
14408	1345
194	638
3	983
0	974
0	732
39	545
513	169
0	60
153	381
30	381
91	98
0	98
0	106
116	106
157	0
0	0
0	0
0	0
0	0
0	94
214	303
2	303
0	280
0	97
229	326
27	102
0	104
2	101
9083	5
54	672
0	125
369	633
27	9
0	3
0	6
0	1
319	1
2	2075
10643	21245
0	1710
7	9569
0	9803
0	9603
0	20293
0	0
14	9
0	8
692	692
0	692
177	3116
0	2463
0	2409
0	106
0	616
49	2181
749	545
1838	0
624	75
0	610
0	0
937	610
0	65
76	136
0	131
284	0
3	94
0	94
0	1
68	93
0	93
0	203
741	1486
19	18
0	0
0	18
3044	0
484	542
4	176
0	514
181	0
355	0
0	0
955	0
0	0
0	0
0	0
0	271
838	1750
0	954
3	797
22	670
15	225
0	225
0	1737
1289	8301
6	8250
0	0
2	1
0	1
130	161
0	259
290	2129
0	306
62	1890
0	1875
0	1879
0	1
287	1
0	3
0	1
0	3
0	188
161	368
0	339
8	114
0	57
34	96
755	655
17	114
22	14
0	16
0	0
9	25
0	26
0	46
0	35
347	47
328	376
2	50
0	51
0	308
1764	124
26	124
0	0
5859	2
32	938
0	962
0	1655
5	1711
0	1705
0	1044
0	1655
20	418
17	77
260	5323
0	167
37	901
0	0
0	0
0	549
819	549
4	17
63	24
0	131
0	240
476	273
1941	803
85	267
3	267
166	0
201	0
9	92
0	100
0	78
0	87
1099	181
80	183
146	5894
1684	5620
7	1854
22	1867
134	332
1048	332
57	327
0	195
1192	1221
0	1060
0	1106
0	1103
0	2
0	2
1052	2558
0	2556
488	36
0	36
0	918
0	99
1	935
1878	3583
101	59
0	59
0	0
16	0
0	3
0	8
35	910
45	910
570	0
448	0
0	16
140	58
6	39
0	0
0	0
0	0
0	0
0	0
0	0
0	0
0	0
0	0
200	187
0	187
159	0
0	0
0	0
1005	0
2114	1
19	55
0	51
3	0
521	13
0	13
644	776
340	303
18	175
31351	59896
195	3456
0	6045
0	58926
3	0
25	0
118	0
319	2
0	144
524	144
115	2643
0	173
0	8
0	2614
114	2532
10	51
177	228
0	259
291	2
142	540
0	0
0	0
90	582
2766	586
0	0
0	0
0	0
0	0
709	1518
567	0
400	549
0	549
87	2
154	762
147	1122
0	1122
0	49
0	70
13	633
0	631
292	6871
8	2639
44	6871
153	0
0	0
0	10
0	10
0	1106
1410	2437
5	2369
0	1596
0	1696
0	1651
6122	2
0	8
1251	163
0	154
93	18
0	0
0	0
186	199
328	697
0	171
2416	3
0	0
10	148
23	119
9	29
309	124
7	66
0	80
0	0
0	0
58	1870
1	1088
4	78
0	1581
0	1609
739	1609
0	56
179	114
0	56
0	1372
0	374
1802	1372
0	69
0	126
77	175
255	8
0	0
0	8
597	90
0	90
18	2
0	2
1507	1261
0	1407
2	0
759	483
9	2
0	0
0	2
0	0
0	0
0	0
0	0
0	0
0	47
0	288
126	288
432	472
0	29
0	472
0	0
1	47
46	133
0	4
0	157
9	155
0	141
141	323
0	323
470	190
0	156
5	5
1217	0
4	541
0	45
0	219
0	640
63	642
112	977
0	977
396	270
0	0
13	270
24	55
0	55
0	53
0	64
0	34
27	64
16	0
4	0
59	62
0	532
336	1081
0	44
2	44
568	0
0	0
32	30
0	27
5	29
0	26
2260	24
0	21
1	976
0	914
1590	2
0	0
0	0
0	140
17	140
0	0
0	0
0	489
353	489
2733	1
0	3
87	3
25	108
0	48
0	0
0	0
0	34769
274	36441
0	18449
48	0
13	154
0	154
94	0
28	0
0	1
32	47
0	47
37	0
46	0
0	0
0	0
0	0
0	0
1647	2546
159	2543
47	69
0	60
948	959
0	959
0	46
0	46
192	0
8603	10
1120	1163
6239	4
981	0
343	1910
0	139
61	0
47	58
99	15
0	15
1613	2385
160	1754
0	1751
162	1778
0	1837
1	1768
0	0
0	0
0	0
6	85
2	71
9	389
1941	389
0	78
0	0
0	0
57	1
224	0
402	143
0	0
11	0
0	0
8932	2320
5	1631
0	317
594	186
0	0
2	0
5	0
347	0
0	297
16	50
0	297
1122	556
14	8
2	548
484	2538
5	2434
475	486
0	86
17	11
36	113
86	2987
1078	3021
747	1679
0	30
0	1679
1562	975
0	975
382	1247
0	1247
0	1890
401	1897
0	0
287	0
0	4921
4925	27462
0	27438
0	440
67	1618
0	1618
135	1786
1860	1786
11813	8
4153	4
0	0
0	0
0	356
0	203
315	5099
3	350
0	5099
0	19
7	105
859	96
0	0
0	0
1813	0
0	4
101	17
0	17
0	17
0	11
19	0
0	135
0	135
0	0
44	9
0	9
16	10
318	1369
26	1243
171	2261
75	2468
4	2300
8	851
150	446
9	408
141	1883
0	2531
6	0
0	7
0	5
0	6
0	6
23	543
0	527
0	87
0	135
259	171
0	148
44	35
180	0
3	15
0	15
0	1
0	7
0	11
0	2
4	92
0	98
0	0
0	0
791	3
253	4718
48	4718
1279	1
0	42
239	42
516	4
182	431
0	394
0	384
26	107
0	107
0	0
551	1
906	702
7	702
0	0
199	3
1	0
0	3
0	0
801	692
3	592
0	100
2	0
1424	0
23	180
65	180
2	62
45	176
0	171
20	149
657	0
1153	213
10	213
21	3901
98	2281
2611	2376
632	0
80	0
4	1570
0	587
101	1571
8	10
3	25
36	23
14	50
0	8
0	3
0	3
0	87
99	87
6597	4017
0	768
15	3943
0	3874
0	3883
0	104
5	104
3300	2
0	15116
3	6613
98	11158
1961	15118
0	987
0	183
124	1947
26	1673
3	1548
2072	0
0	0
0	0
0	0
0	0
0	0
38	0
387	1200
0	1200
0	0
0	0
0	30
168	30
1653	4
14	42
0	56
3	59
0	66
0	66
0	405
23	527
0	527
89	2
0	5477
0	3259
0	4165
2416	7018
514	0
132	31
116	0
0	0
3585	0
3	3
0	3
0	5
0	5
0	5
0	5
5	26
0	0
0	4
0	0
0	22
5719	0
453	708
0	367
0	631
189	1003
0	474
0	992
0	0
122	0
0	62
0	62
8	54
0	0
52	7
0	7
2	682
30	630
37	459
43	177
22	178
1244	1104
14	1096
19	110
362	163
7	71
0	0
0	0
19	0
106	0
39	0
60	0
13	865
0	0
5	848
0	901
0	512
291	0
8	0
0	0
355	0
1022	0
2	77
0	2
1363	1546
1	176
5	163
80	1524
10	0
5	0
712	1
58	2323
0	2317
0	2363
131	142
0	142
0	154
0	277
0	226
0	884
4	899
12	54
2697	14
172	490
19924	513
83	0
0	939
8	1164
26	1164
154	162
0	162
0	0
5010	8
209	484
0	7
0	0
58	118
59	191
0	191
14	284
0	2
10	119
0	38
0	38
23	326
0	282
9	326
0	0
0	0
0	0
1222	3430
0	3430
79	41
0	0
0	24
0	24
40	0
6	0
0	0
0	771
498	2042
0	2042
0	27
24	27
25	0
898	0
55	800
2065	801
167	186
4	161
35	62
0	43
0	62
0	62
12	39
320	301
0	0
0	4
0	4
0	4
0	4
0	391
19	1422
47	1473
0	1414
13	1363
379	0
0	1
0	0
0	1
0	1
6	10
0	0
0	0
0	0
333	224
0	224
0	0
53	244
0	8
7	244
353	642
0	2052
50	2328
2	2446
54	2441
0	0
26	47
0	47
0	260
0	61
0	78
0	48
0	30
0	251
24	0
926	134
0	134
252	0
0	1296
0	2364
134	1851
9	2378
7020	141
0	133
5	420
561	420
1681	610
0	24
51	24
10	0
0	0
0	0
405	0
22	73
0	186
0	232
18	348
38	339
0	0
99	0
5347	1
659	2
83	0
515	1750
3	1750
110	35
0	778
1074	1497
0	1155
206	610
0	610
1027	918
191	173
30	173
170	0
51	20
0	3
7	18
0	17
0	17
0	18
0	0
0	0
0	24
261	220
0	219
13680	5097
248	363
0	363
173	57
0	57
112	0
2240	322
0	192
78	26
0	26
0	0
0	13
1	57
9	38
336	127
0	103
87	87
93	1831
250	1831
564	1
312	0
1167	0
1155	0
0	0
679	3182
0	2913
0	2626
0	2365
0	2952
0	2626
233	2778
9	3364
0	2872
0	0
0	0
0	0
671	295
0	295
20383	1748
1971	0
123	19
122	389
0	389
0	0
357	225
132	32
3993	6
6	0
30	1758
22	1758
0	1242
22	34
0	2
72	9
4	9
0	0
6111	8
0	0
0	1870
0	14541
380	41443
0	5215
0	12299
12	36667
0	698
606	1709
2	1367
0	1703
40	1450
5	239
0	114
2356	1449
0	0
2330	2
83	119
0	0
0	0
0	2470
841	2471
0	0
276	0
0	0
3	1445
14	1244
166	0
0	174
0	664
33	664
0	10
0	10
1244	152
24	150
216	1421
0	131
0	1260
111	408
0	408
187	0
0	74
0	40
0	28
0	0
0	53
10	0
0	286
0	272
263	5751
39	282
8	5751
0	36260
1197	50763
0	23432
35	66
0	39
4435	34
224	269
3	19
0	16
3	20
0	14
0	237
77	373
0	122
0	370
131	464
0	489
0	316
59	48
0	12
0	24
0	14
823	6
0	6
71	573
0	262
0	190
5	543
793	1
0	1354
244	1354
0	0
1	0
0	0
0	7
0	0
0	7
1733	2137
0	2137
0	0
165	318
0	318
40	79
0	311
11	138
1	2
4	36
0	62
11	1828
0	7
15	1817
699	0
5	10
16	10
33	21
0	21
0	12
725	631
0	0
396	422
0	1
72	0
0	422
68	194
0	194
0	0
6	0
0	0
0	0
8	23
4	23
6	7
0	503
0	717
61	191
174	2745
0	2805
0	29
4	55
21	49
0	14
0	0
0	15
0	20
0	0
1	122
0	0
1253	1184
0	1189
0	1189
0	1181
0	1023
0	1185
0	0
0	12
0	12
0	12
0	0
357	0
0	11
26	316
42	314
0	592
0	435
0	52
0	126
0	126
453	0
0	0
62	4042
0	2642
57	4042
0	3
78	0
0	697
502	698
126	352
0	350
0	0
1650	5
134	0
703	0
0	423
1197	1033
8	1067
0	0
10	9
0	9
176	251
103	251
1074	551
0	551
372	0
0	0
0	0
0	338
0	354
0	229
0	219
0	115
2	2032
0	2435
0	2429
0	2435
0	7
41	1697
6	1691
0	102
76	5007
0	53
49	5271
0	3135
0	99
541	244
0	210
2485	0
111	22
0	12
0	10
5	0
0	315
77	322
0	315
0	0
0	202
0	202
3214	1
0	1685
2423	1688
0	1685
620	0
1597	41717
96	41717
8	124
10	135
551	1105
28	960
15	0
0	0
18	194
0	0
0	194
1549	872
25	843
7	106
919	106
0	0
0	200
148	2839
0	152
30	623
0	599
4	559
1	527
17	2797
54	0
230	860
5	861
81	0
9	1615
0	81
413	1581
0	126
0	188
0	626
4	644
0	624
7	650
0	629
7	75
1155	448
2445	0
0	0
0	0
0	38
0	54
0	32
0	60
0	100
1	30
129	374
1271	0
3	0
484	49
0	49
763	157
69	157
0	630
37	2804
9	2892
8	0
0	0
0	0
0	0
0	0
0	0
0	0
0	0
0	0
0	176
263	176
0	0
0	0
0	0
0	8
0	0
0	0
0	8
687	4785
0	550
47	5066
1168	0
1	51
44	0
0	219
0	112
49	638
459	0
523	1395
221	394
69	0
803	0
38	176
0	157
0	0
0	0
0	48
10	12
0	0
2	42
5	98
11	72
0	88
0	0
0	0
0	3
492	0
4052	24216
4659	24218
476	1
148	496
1033	496
7	8
2045	0
188	0
384	0
14	21
0	0
13	42
0	0
0	0
156	0
12	233
2762	1340
20	662
2	1102
0	297
1519	1
1517	1984
30	25
0	1840
0	1836
1405	152
0	1714
0	1677
213	0
0	0
1148	2
6206	3
58	41
0	19
3203	148
0	148
1	0
0	0
0	231
0	444
458	1594
0	1594
894	105
0	105
415	0
667	0
0	6721
17065	25271
4395	2222
16	65
0	32
626	0
241	994
0	200
5	633
0	41
6	331
34	1044
8530	7476
26	1131
7	7477
12	24
104	25
0	13
0	12
0	0
492	1
0	0
0	31
0	62
0	0
17	30
34	1361
0	0
0	0
6739	191
0	186
808	1051
0	1051
0	199
13	187
975	447
3208	1
2025	0
8	0
0	44
628	459
1	8
131	451
0	126
0	296
0	0
254	331
0	331
5	0
1292	0
4	0
723	0
29	0
22638	6
0	115
93	113
0	25
420	364
0	282
885	0
20	101
43	257
448	150
2	3779
145	3779
92	539
0	101
0	48
0	25
19	543
539	104
0	19
821	0
7290	670
48	336
0	937
19	550
2	2132
0	587
21	271
28	569
0	271
2	515
0	4
2	12
11	2218
0	2133
0	2221
0	2204
107	0
62	366
0	4
0	366
0	11
0	1
0	19
29	87
0	0
0	52
195	448
0	446
2	458
13	11176
8	10611
1	9194
0	9091
356	1
0	1
1394	1141
28	1141
1826	3
0	0
6224	3
68	1
322	1820
670	5
0	3849
0	3464
266	0
0	2
4	2
39	87
235	92
7	881
186	881
1855	1630
99	2358
15	2249
0	9
0	0
5265	4261
3	4260
0	11
0	5
0	11
8317	2434
0	1398
0	1470
0	0
0	23
26	23
14	0
7	0
0	175
30	204
121	29
23	1208
0	0
128	1383
185	1383
213	625
799	625
1969	2
0	68
0	70
35	103
207	123
6	101
0	74
420	2807
50	2807
1389	157
0	0
59	0
37	0
301	0
9	1593
0	922
1	993
305	1362
47	307
59	0
0	398
0	128
0	370
34	398
10	1
0	0
1561	0
17	0
0	0
0	0
2604	1799
0	3
0	0
0	13
0	13
33	1419
0	901
1	860
0	5
0	5
0	5
78	7
0	7
48059	1914
0	1850
0	0
5360	2
76	0
6	0
0	2464
3662	3142
0	3142
56	54
25	54
1164	565
0	565
62	0
127	0
0	373
0	151
4	609
66	609
3	128
654	0
136	0
25334	37112
1890	8923
58	32168
3939	2
861	1
7	176
0	194
0	183
4440	664
0	658
4	34
0	34
17	0
45	0
1201	1357
27	147
46	8
14	921
0	0
256	216
0	216
0	0
0	0
0	24
16	24
131	4
0	4
0	0
6	0
70	228
0	228
17	223
2212	35840
2	190
11	4015
1	110
0	3528
50	37179
49	0
0	66
21	66
40	1310
0	654
0	693
0	695
0	21
0	8
0	356
0	114
0	109
12	362
184	112
57	48
0	84
0	0
0	0
0	0
0	0
0	0
14	37
21	201
0	201
129	0
3135	1
3651	3
0	0
1	0
5	178
0	36
0	238
6	233
3	0
412	4083
261	4083
0	0
4	12
40	0
0	0
0	0
0	832
4	51
0	307
10	285
35	4879
0	4883
0	4933
165	2340
0	2047
0	15
14	15
5	11
683	2
5	1277
0	734
0	735
8	64
0	703
0	0
0	0
0	4
0	0
0	2
0	0
92	2029
3	116
99	6679
45	6615
71	52
0	8
2	55
3748	3340
0	3340
0	2662
6034	5204
0	5200
899	1182
0	484
0	698
29	3682
0	684
0	1050
3	349
52	3666
6874	5
32	80
5	714
0	266
0	217
0	507
0	536
0	0
0	0
0	0
88	40
7	66
0	66
0	66
116	456
197	456
0	47
9	133
0	42
146	182
3	14
0	10
423	258
6	22
3	57
0	314
8	314
814	563
0	14
9	0
3	14
0	0
1	9
51	277
29	277
486	428
0	888
165	3299
0	1112
0	3012
0	0
386	456
0	456
1262	1555
126	445
4	338
0	52
109	610
0	84
0	586
0	0
53	0
15	6
0	6
815	182
0	20
2	54
0	145
0	0
0	109
0	0
210	342
8	342
114	17
0	0
1532	2
17	0
0	0
0	0
589	5524
0	140
0	1231
16	1022
997	7068
0	0
0	0
6	0
0	0
0	0
0	0
29	0
0	0
30	0
6	4
26	0
0	624
832	1226
0	1459
1653	54
0	54
0	0
1003	0
43	1
65	195
0	196
100	110
27	155
0	219
49	219
0	0
0	0
0	0
4	0
497	1168
0	1168
0	0
1	0
0	0
0	295
425	295
38	91
0	91
0	0
0	0
0	0
0	0
0	0
0	13
634	187
1	14
69	5
0	5
0	0
4	11
0	11
67	2848
0	2816
5	1350
0	1416
3	1350
0	2771
0	2
0	2
6	0
0	68
0	229
0	92
23	9297
0	9422
133	568
8	568
0	4
67	0
1289	0
0	19
0	28
12	44
0	41
0	44
0	27
0	27
1	0
223	57
8	57
49	2404
0	2404
0	231
0	63
0	1905
165	1905
3	0
0	0
0	0
114	5
0	0
0	0
15070	7
4	2
52	64
1	64
2	19
355	19
4	0
0	0
305	0
82830	19819
5	4737
148	586
0	586
535	0
0	27
0	27
0	27
54	341
1	42
6	218
432	6454
2677	955
2948	5499
0	0
0	0
0	0
0	0
0	0
372	0
13	0
0	0
67	0
0	0
0	3
0	0
0	3
0	53
0	6
649	226
0	74
0	152
0	37
0	37
0	0
1458	616
59	138
6	515
20	45
31	231
19	315
2374	390
48	371
0	371
239	1783
16	1964
0	1446
0	0
0	6
0	6
81	0
638	3199
7	2997
0	2830
0	2889
121	707
5	323
0	675
387	439
0	89
0	405
0	0
0	0
0	0
0	0
0	0
0	8
30	8
0	0
0	0
47	283
1	198
0	28
0	36
0	220
0	283
0	0
0	0
6049	1916
1	1668
0	1699
0	1865
18	54
0	3
183	678
51	121
0	3
11	99
0	142
16	206
0	214
0	214
0	0
0	37
0	28
4221	3
0	315
0	228
30	315
0	2
0	0
0	2
0	0
0	1597
409	1597
5338	0
0	0
8	231
0	0
0	79
50	227
5	0
144	15
6	15
993	416
0	416
0	0
0	0
0	0
0	0
0	0
4	311
0	163
1529	2339
0	2176
27	0
0	0
285	4
0	0
70	785
15	582
0	753
73	221
0	221
234	761
54	761
0	0
0	0
18	111
0	248
0	541
4	121
4	193
0	677
0	604
18	110
0	41
236	575
0	3
0	0
47	0
480	527
53	29
43	140
444	667
1332	0
52	35
0	5
0	2
0	0
301	0
13	10
0	9
0	9
0	0
14	0
370	8686
5811	8687
134	3224
3	105
0	17
44	109
0	3226
0	3156
491	650
64	650
0	325
5	0
0	0
2	0
0	0
0	0
21	8
11979	552
0	547
46	3
545	1365
43	25
0	1365
10	316
2322	316
34	0
0	64
0	64
0	0
164	1216
12	163
9	1731
0	1743
0	1741
0	1731
18	1731
0	1744
0	308
193	1706
9	1702
8	876
27	21
64	21
0	3
22	6
0	2
0	2
158	299
0	299
6366	1
383	0
0	553
1145	1255
0	132
2366	2
284	417
0	417
0	267
0	0
0	0
0	205
67	343
173	343
0	151
2	107
1149	107
5164	1247
6	1247
256	4662
0	48
19	4614
645	0
5	710
0	13
0	710
0	0
0	0
0	0
0	0
0	0
0	0
0	0
0	0
0	0
0	0
0	0
0	0
0	0
1237	1
0	0
0	0
0	0
0	0
2428	0
563	2043
46	88
0	0
0	0
0	0
0	0
0	0
3395	372
151	0
67	0
701	0
0	21
0	25
0	25
0	24
0	1
554	5
500	207
10	21
0	188
158	119
731	0
0	0
0	13
0	62
0	116
0	49
0	62
0	62
0	74
14	116
0	6
0	6
0	6
0	180
0	0
79	1217
0	1232
15	1224
319	3
37	21
5	21
0	70
4	12
0	364
0	364
8	5
0	1
0	4
12	415
3	415
162	1720
118	507
136	2043
0	0
0	0
21	255
1365	257
0	13
199	280
0	2
0	1
0	0
0	0
0	0
0	1
164	71
0	8
0	54
0	20
2172	0
132	478
0	43
0	260
0	464
65	245
32	245
0	0
95	181
1656	138
42	316
1743	1061
81	128
0	128
0	0
746	2
0	0
1134	0
0	176
0	230
214	603
241	3055
27	3054
63	141
0	129
0	141
16	141
190	0
106	247
3154	1
0	36
63	36
0	0
0	0
301	0
0	0
0	0
0	0
0	0
22	22
0	0
0	17
0	0
0	2
7	0
37	166
1933	168
1	109
75	109
3	253
725	205
2	205
2	0
0	5
49	6
13	0
3	107
0	76
0	73
0	412
1966	682
0	423
16	442
0	105
0	175
0	385
4	459
0	479
0	5
0	5
7	362
0	155
31	72
36	540
0	72
0	540
40	0
1606	261
0	259
42	71
0	8
327	63
38	4
0	4
376	236
0	151
35	0
64	44
153	44
1717	1
0	79
0	73
17	13
0	13
0	13
75	341
0	341
917	220
0	40
7	177
0	32
0	1024
0	952
5	0
643	615
0	615
801	0
0	0
95	0
24	0
0	0
0	189
76	448
0	0
19	6
649	257
0	255
1950	1746
0	1739
5	0
0	0
0	0
637	784
4	784
0	186
0	0
7068	3
10	0
0	0
36	30
0	18
0	10
169	699
7	58
74	1010
49	1048
0	666
3222	319
2159	0
1839	0
0	0
0	0
0	56
0	0
681	1527
0	1447
0	24
86	0
346	609
0	492
0	518
0	496
0	514
155	661
0	0
0	0
7	76
42	76
990	277
0	0
9	19
0	124
0	124
42	198
2	183
1093	1
0	747
3	2393
75	2393
544	0
63	107
3	107
0	106
125	751
0	167
614	751
97	110
0	0
0	0
1505	1
10	58
4	66
0	8
0	1563
13	6438
0	2015
373	6738
618	0
316	448
24	2521
7	2460
3	16
0	98
16	4239
4641	4241
0	1090
98	1090
0	0
0	0
0	0
0	0
15	0
50	0
52	196
0	8
16	97
0	103
0	93
0	0
0	3
0	115
0	2
4	2
11	277
14	42
0	0
0	3
2	16
0	9
88	329
372	12921
28	41
31	7782
0	7774
7	184
0	184
132	1132
4	1131
0	182
0	6
1443	7
1522	0
0	1
0	1
12590	25709
9	10358
0	6954
2	9145
1	13615
186	16388
5424	108593
1	13623
5	16780
76	108591
61	197
0	273
7	1
0	0
165	13034
368	12920
2390	4
45	698
0	698
0	685
0	13
0	10
33	1052
42	243
3	138
70	847
23	396
69	847
1671	796
0	788
0	12
33	12
588	170
0	169
7122	7350
0	6668
0	6954
113	13018
158	0
0	9
5435	10
0	0
14625	4262
0	4252
0	12
67	12
133	2397
1	454
3	2493
4126	546
0	537
10	0
246	6163
0	5601
0	888
7	150
0	0
19	150
197	347
0	0
0	0
1	10
0	10
0	246
11	143
0	235
115	1226
0	416
9	1206
0	0
17	14
0	30
0	28
0	28
0	0
0	10
0	10
3461	5
0	355
0	355
344	23
0	22
17	103
6	205
104	141
0	14
1953	120
59	241
63	359
343	0
174	421
3	192
0	428
0	423
119	386
5	17
417	18
53	34
0	34
0	21
0	21
382	2994
0	2994
1497	0
470	97
0	96
0	0
71	169
0	169
475	0
9	0
0	48
0	39
0	46
0	13
373	13
6263	0
129	588
0	442
0	420
2672	3555
0	3545
7	1950
0	846
105	780
0	811
0	0
51	221
0	2865
0	1031
0	2859
43	2907
835	146
0	101
0	121
94	3170
0	3170
250	0
0	0
180	0
0	0
0	146
0	146
0	112
0	0
87	721
0	721
86	344
193	1041
17	1040
657	0
0	0
0	0
6	93
240	128
0	118
5	136
1075	136
0	0
0	4
412	3563
18	3563
0	72
0	1512
13	342
0	2036
0	1907
1	0
0	1250
2	479
19	183
0	2531
0	2409
70	2041
254	0
8	0
18	92
0	92
6168	2064
0	2058
6	294
821	4371
132	8382
0	2033
6	186
0	4741
0	8038
25472	22948
0	22937
7	3
0	643
21	646
0	19
0	19
0	19
0	233
0	244
14	14
29	244
311	0
13	175
0	175
49	611
0	606
2	607
1	584
0	1465
24329	1485
2	21
0	19
6	21
27	0
0	22
0	22
196	0
60	568
34	62
1069	2038
25	2038
42	103
101	0
287	1881
0	1808
0	1656
0	1674
0	1390
0	1390
1714	0
2187	1724
46	1723
1012	1
439	242
0	0
100	165
11	165
47	252
223	238
78	1
0	21
168	21
0	0
100	0
0	61
0	1422
0	1689
46	3866
4	3805
2791	23130
0	14226
9	9249
0	22789
0	2
0	0
0	6
15	6
0	78
0	71
0	39
85	39
0	0
314	0
0	0
589	1250
0	100
0	1150
47	94
38	94
450	3231
0	19
0	728
341	3215
17	277
10	277
4	107
0	69
0	88
29	14
0	0
0	0
0	0
0	140
37	1011
0	626
26	1234
5	626
5	165
0	280
0	1089
5	3
0	3
3	0
478	0
125	0
0	320
0	368
81	377
0	237
10	0
68	398
0	398
377	1455
53	138
7	138
64	60
1121	571
171	515
50	515
95	86
7	86
108	939
179	939
1561	824
547	1
0	48
0	48
0	32
0	48
0	48
11	48
589	0
0	0
0	0
0	0
0	0
0	0
23	613
1556	1757
49	497
15150	26
0	7
0	7
370	265
0	39
14	226
0	10
0	5
0	10
0	8070
22955	11709
0	0
1	0
0	4
11	4
0	17
0	24
0	24
0	31
108	0
77	476
0	910
0	1540
89	5198
4	4762
0	3999
122	0
0	329
2096	3043
758	3044
0	3
0	3
1633	0
153	6155
35	619
261	6155
43	128
0	20
0	46
0	128
86	133
9	133
2197	0
378	2353
368	2354
3	3
0	0
294	0
0	366
118	4652
7	4648
0	3266
651	0
42	0
2139	963
81	961
10	212
0	0
226	0
1005	12
30	9
229	612
0	203
32	203
57	22
24	22
0	0
150	173
0	173
0	34
0	34
0	3
0	1
49	5
0	3
64	579
11	579
0	235
9	227
17	0
2020	1
85	0
34	1926
62	1926
0	1133
0	0
11	8
1	544
4297	1575
0	1561
0	1566
0	674
0	243
0	20
0	491
9	764
0	780
171	0
6	0
0	0
10694	1768
0	1762
745	2449
37	2449
104	162
0	20
101	932
8	932
2394	8
591	204
0	204
0	0
8	27
0	0
0	0
0	46
117	63
0	8
0	8
353	0
5	2
0	2
0	181
0	65
637	246
0	0
0	184
9	4
1737	3234
0	3
0	3
0	0
5306	5
15585	10
1835	543
0	153
3641	3789
0	490
0	349
0	3753
27	4019
4078	3
405	0
1140	0
0	42
59	2
0	98
4	99
0	165
375	165
0	97
28	1719
26	1719
3212	406
0	384
4	990
0	1
0	1
0	0
0	0
0	153
237	153
0	49
86	49
153	0
88	0
44	0
6	265
0	65
1287	368
0	104
0	0
38	410
0	139
3	453
6388	2973
0	901
279	901
102	8
1707	2159
0	2159
36	572
6	97
2	360
17	512
3515	2872
0	82
0	4
0	2912
11739	9
175	1089
137	1090
0	540
1275	292
0	231
2248	10605
648	10708
0	1495
0	1
2	184
32	26
0	17
0	19
0	358
8	245
45	358
655	6574
1000	6727
117	1150
0	37
9	1150
0	0
0	0
4	963
1116	2118
0	1991
23	1556
0	0
0	0
0	71
0	228
47	384
0	382
0	103
246	103
0	27
64	27
0	27
3977	174
0	171
2	8
0	0
0	5
0	14
0	14
39	75
0	72
11	0
0	477
0	403
0	896
2	1236
47	4230
1	835
0	833
0	833
58	3259
2576	6956
2	6954
218	1
208	0
0	1854
276	1855
0	289
0	468
0	480
0	509
0	48
8	484
4135	978
0	327
0	649
184	0
0	1
221	23991
5982	18492
3	14943
14	23873
784	23810
0	30596
0	0
0	0
447	118
0	118
103	168
14	137
742	623
1216	0
2447	2
66	1058
3	1658
5	1658
0	25
0	16
3	16
0	614
5	614
3	39
12	614
140	305
40	34
22	100
32	703
13	703
0	6
0	6
9	5
0	0
36	0
0	0
1589	2
35	655
0	41
43	71
0	78
0	46
8	102
0	0
0	0
15	28
668	284
91	202
3	95
0	101
0	69
0	151
587	0
568	0
178	1320
8	1374
0	0
30	0
0	0
0	0
0	432
3	432
0	282
13	490
0	332
799	604
0	189
0	178
0	0
0	0
0	0
0	0
1166	1012
0	262
10	1
0	0
112	58
0	21
0	0
979	2756
0	1956
0	452
106	303
0	2150
81	0
0	5
117	5
3424	1935
0	880
11	148
4	141
0	1734
0	1740
39	2000
1	217
6	217
1418	1082
0	1082
157	92
2	92
1819	1
0	7
0	7
8	0
281	309
738	581
14	181
0	57
0	41
0	581
590	447
0	447
5159	2
2	24
534	516
0	516
1	0
7189	6357
448	6356
0	0
0	0
0	770
58	4567
0	1430
0	2837
0	3919
5	12
5414	2184
0	1909
0	129
0	85
0	50
0	137
0	83
7	882
46	1431
432	1348
0	9
0	9
0	0
103	1
84	1
25	15
0	15
1449	0
1062	6045
317	2896
352	7875
23	0
57	300
0	295
4	17
0	0
1995	1024
0	1294
15	0
83	476
28	531
0	0
0	7
0	25
3838	27
0	0
0	0
0	6
0	6
39	7
0	0
0	0
0	1
0	1
14	0
7	409
0	240
0	9
0	69
0	466
576	23936
52	634
2064	0
241	121
97	0
0	2745
1	103
3	2100
5	1
207	98
68	98
88	3012
76	1874
1	96
3882	4201
21	1602
0	4165
4	155
134	197
2748	353
0	1
0	116
237	57
0	57
9	4121
0	4625
16	8593
0	5507
55	1312
0	9285
0	0
0	0
5	3671
52	24929
3	552
5724	4441
0	1055
27	4826
0	4083
0	62
0	62
0	22
27	22
219	28
0	28
0	0
26	905
0	424
0	421
0	371
10	0
0	274
0	458
0	132
1053	688
19	2
0	0
137	941
3	314
1560	1775
0	1
0	1
0	1
0	0
0	7
0	7
482	0
0	1097
239	1097
292	131
0	129
0	131
87	0
10	0
0	0
0	0
735	566
0	87
0	66
0	0
0	0
18	616
9	794
28	779
637	0
80	143
0	140
55	805
732	1761
679	1954
5	16
6	1378
0	7
8	1393
10	1393
180	60
571	529
3	147
28	366
235	0
2	327
0	327
425	3
0	0
1	0
50	8477
103	8994
24	13
0	28
1	77
6	26
549	266
43	111
0	52
161	0
738	386
407	731
58	8
9	723
7	62
10	1567
0	525
12	206
0	1505
7	4682
0	1589
0	4682
907	461
3	461
985	23577
200	454
0	454
5139	734
18	18
0	203
0	18
1	767
95	3815
0	617
1222	1
0	59
5	33
0	27
0	59
265	0
0	0
0	22
0	43
5	158
388	345
0	170
288	133
0	9510
33614	9526
0	6
30	0
739	3386
0	2
0	1
0	2
551	0
0	0
34	24186
0	23941
409	22817
481	2505
0	3705
0	3849
2	271
5192	3896
0	2385
0	3151
0	4698
7	13
0	0
0	2
0	2
0	2
0	2
0	1
0	1
6	1
5461	3
656	1106
10	1103
3	0
201	6
0	0
0	0
93	0
0	0
0	0
0	0
317	2919
235	2919
0	0
0	0
0	0
0	0
0	0
19	0
8	0
38	2757
4368	2763
126	156
340	0
69	1550
0	271
0	1084
0	699
0	1017
7	1084
0	1550
0	1589
296	9761
15563	9765
0	0
0	0
114	22712
0	580
216	598
206	204
0	204
0	0
6	17
0	17
42	101
10	101
0	101
0	101
2893	1728
71	3
0	1092
122	1092
3	24711
59	24517
10	132
10	132
0	239
2781	2714
0	3281
36	2604
32	3289
0	2796
32	3158
0	3285
0	0
198	0
0	6
0	104
30	116
0	92
395	424
0	424
0	0
0	0
19	1435
0	270
0	1245
0	1116
0	1123
872	20972
0	20970
19	151
0	16
0	151
153	0
0	0
336	0
0	3326
210	23458
94	2573
2	26339
28	6
0	6
0	4
0	0
149	0
0	0
0	0
0	0
0	0
846	0
0	9
0	9
0	185
0	413
774	3236
0	10
0	3222
0	3230
97	40
70	4254
301	4294
0	4
131	65
0	61
0	0
2	27
0	9
324	22679
0	4
20	4
0	0
0	0
0	1587
0	69
20	168
19	199
327	1587
0	1449
17	1468
0	973
0	973
134	586
0	586
53	5
84	27232
9	27042
0	0
0	0
0	0
78	3472
0	3479
0	3265
877	2
0	10
0	20
0	6
118	92
1191	9627
10	9627
4532	220
0	219
18	29
0	29
0	0
9	0
0	0
0	0
327	0
8	25990
0	25786
0	494
0	127
3	238
5	368
152	541
0	36
31	0
0	0
138	316
0	316
2290	2184
0	2181
48	59
0	59
0	7
355	22708
5	4
4401	2047
5	39
0	2048
163	26408
9	0
28	0
12	38
41	80
0	80
2	242
0	99
516	443
0	295
41	0
242	3308
143	464
5	464
0	22
4	111
68	126
2941	88
135	82
1396	0
584	638
166	640
327	225
195	0
265	351
0	263
0	149
97	180
18188	20
9641	4674
198	4666
0	225
0	53
261	1101
0	1055
245	341
0	341
0	23
6	36
0	36
3	3
44	686
174	683
0	1
6	14
0	0
0	14
0	22695
97	1050
0	697
0	509
0	435
40	697
6	676
0	690
239	5459
0	174
9	5459
27	5
0	18
0	0
0	0
0	18
0	18
155	591
1	3295
16	22750
3	3630
911	3630
0	225
31	217
10	223
2894	1
0	5
0	5
1387	1273
0	1271
0	0
1896	1409
0	1409
4	37
0	37
768	2
6	170
4	170
26	1506
0	106
0	212
0	1401
34	1536
478	3
184	2065
6	1713
25	0
28	0
0	9557
0	6303
203	9868
0	5640
143	0
5	7
0	7
37	38
41	345
0	194
0	143
0	113
0	363
0	182
17	1326
111	1333
0	186
3	0
0	0
0	0
0	2
0	2
3203	766
50	36
9	14
0	0
0	14
559	68
2	68
1	13
0	64
21	92
14	27
0	65
0	266
0	619
25	619
285	421
0	421
4	101
366	101
31	586
0	586
0	0
14	72
0	0
116	221
31	3521
0	46
19	3567
0	425
168	475
46	705
0	599
16	499
32	726
0	533
0	709
0	578
0	244
0	158
0	38
0	2
103	272
0	0
0	0
262	208
0	208
19	0
864	5453
0	986
0	372
25	5644
0	119
1051	1212
0	1212
0	144
2065	257
0	257
8	0
0	0
0	0
2023	1796
8	94
10	1799
5	1726
0	135
0	45
0	74
1	122
11	52
586	371
0	678
0	84
454	678
5	439
0	461
17	2818
46	2162
95	1985
76	0
0	0
0	0
840	184
0	121
2161	124
156	2
43	0
6618	6
53	0
1360	710
2447	0
0	0
0	53
0	56
0	56
1	37
21	391
2	74
0	63
72	346
0	195
1444	0
0	20
29	20
94	5
0	5
0	85
0	121
0	187
0	180
257	0
302	48
0	94
8	112
1925	1202
5	1202
0	262
6897	334
358	72
0	72
13862	463
3	455
33	497
5	497
0	121
640	1226
9	1226
371	1490
0	1184
0	47
4	1022
0	711
0	176
0	185
0	207
0	56
0	101
8	3
0	1016
9	0
981	188
37	238
7	604
0	1693
0	1693
0	0
0	541
21	423
189	638
0	2586
0	2171
11	2670
435	131
8	131
1250	239
9	239
11	505
3	107
2	411
0	1224
0	1285
0	1563
53	564
239	564
0	23
0	144
0	144
0	0
5	0
5161	1115
0	574
0	70
88	271
374	915
2	169
0	153
26	169
873	149
691	1
0	0
0	0
223	176
5	176
5450	1120
0	1113
0	498
599	440
42	566
750	352
59	0
136	393
11	393
0	0
0	9
1	9
0	11
5	11
0	92
1369	97
18350	40
147	218
0	218
507	0
79	540
433	540
8401	1076
0	1074
0	0
0	0
0	0
299	227
350	425
0	425
996	1284
66	412
290	3056
0	2738
0	1772
0	2934
0	2505
56	0
173	4
0	4
30	0
6800	1
131	573
0	573
260	0
704	2609
14	2609
0	165
982	165
0	67
983	1499
0	1499
0	5885
0	601
10747	6867
0	690
1	143
0	143
0	6
14	6
0	11
97	11
49	41
3	39
0	0
0	0
14	5
0	5
67	0
0	111
0	111
5	111
0	0
0	0
20	0
287	338
0	338
1887	288
0	92
0	242
0	18
53	471
19	471
615	412
0	77
0	4
0	0
0	9
0	0
0	0
0	9
0	9
0	9
7	186
0	54
0	43
0	186
0	154
6	186
7	35
0	8
3	321
142	40
0	40
1638	530
6	30
0	30
5867	431
0	3
0	3
344	35
0	35
455	0
64	586
1	571
238	84
0	84
0	1157
183	1157
1	367
0	83
0	83
21	0
0	0
1440	3701
0	3897
0	2608
0	11
0	1
0	11
6	40
0	40
123	0
2	186
0	0
0	230
0	71
0	83
177	77
41	74
33	91
40	0
24	14
936	284
2533	1
2238	646
74	646
24	74
53	74
582	8
1779	1
0	189
64	308
6	8
215	0
15	8
2364	2829
0	797
0	1634
6	2589
0	0
0	0
2735	1
0	42
10	651
73	693
0	0
12	0
0	13
0	0
58	13
0	0
0	3
0	3
1193	0
1358	74
2	74
280	0
885	0
0	45
0	51
61	81
79	0
0	1
2	3
0	0
0	0
0	0
167	420
118	0
0	0
0	0
0	0
0	0
298	94
1088	2
347	1
0	0
0	9
0	9
0	19
0	10
0	0
0	19
0	2
2	0
0	0
0	191
515	1009
0	1009
0	151
1	0
0	0
0	0
0	0
31	866
24	673
0	806
0	4
0	4
34	294
0	23
97	231
0	333
1638	523
0	65
624	1330
5	1390
5	584
0	66
107	1390
27	17
17	460
284	460
101	0
419	0
29	270
49	270
2303	757
0	35
82	35
697	372
3	372
69	27
5	27
39	1397
4133	1634
0	1515
1193	692
243	574
0	576
0	352
497	352
269	3748
31	3449
54	0
0	69
50	69
4	0
0	113
15	656
173	656
155	198
0	149
0	40
29	40
6	1
0	49
1517	846
0	841
0	212
0	316
6	316
0	287
1432	0
567	0
285	662
0	662
2	1
0	1
0	0
6	4
0	0
0	4
45	175
27	175
0	0
0	0
16	272
0	272
2578	1295
0	3215
71	389
184	2803
167	1001
0	224
18	1001
777	60
0	60
0	855
238	855
2710	2
0	10
37	10
0	1407
0	1455
0	1483
7925	286
9	277
0	576
0	576
13	1036
30	84
0	370
688	3028
5	802
0	2023
0	4
59	4
1714	746
3	40
0	30
0	45
0	40
591	0
137	1498
164	1498
78	0
100	963
56	963
101	65
0	578
469	578
8	6
0	6
0	74
0	92
0	194
0	267
0	286
35	286
0	206
0	243
126	6
0	6
184	4052
6	0
0	569
0	596
0	170
125	620
532	1407
3108	2830
309	2828
28	77
574	1248
0	1102
0	277
0	319
3611	1552
527	1552
10	26
30928	28
86	0
134	1620
6	1662
152	891
0	2
960	3
41	33
4	3370
1058	3526
14	2033
435	17063
219	17062
1432	4
488	119
0	0
0	119
3	0
1440	5
386	2084
37	2083
0	294
0	554
0	482
16	342
0	471
0	459
0	531
0	543
0	17
243	1288
0	1489
0	1512
25	1405
0	0
0	0
0	0
0	0
17	0
18	0
2	0
0	0
0	0
0	0
0	0
6	9
0	3
0	7
191	0
0	0
6	13
0	15
389	2
0	0
62	8
0	8
38304	35
0	74
3599	2611
0	2611
0	2611
1562	1
3	223
0	223
19	223
36	212
518	281
823	50
14	385
0	53
17	442
1	28
4	37
0	37
86	203
0	308
12	6
0	6
0	15
0	312
0	132
0	138
0	15
10	300
0	329
0	329
16	341
0	344
0	297
0	329
2164	52
18	51
4	1875
65	2000
34	1232
35	103
0	32
0	103
0	98
0	386
3	1009
0	425
213	946
1	8
83	147
0	0
3	147
0	147
30	4378
0	681
0	646
27	4306
137	0
0	1
219	512
0	486
33	512
10041	9
127	3120
8	3120
53	37
86	37
329	12
86	12
544	627
0	627
1201	0
0	0
2230	10
335	7
0	9
8	35
75	37
1019	92
0	91
2227	0
0	47
344	419
4	290
3823	0
4342	5
735	18
258	0
0	0
0	0
0	47
1	201
0	0
0	41
0	152
12	0
5	410
5163	7943
0	7934
11717	2
311	1037
0	1037
224	532
80	168
716	1581
8	138
5835	9457
539	8312
6	7703
16	19
2	17
0	3
329	0
13	0
96	5873
795	33
207	883
3	5125
76	1004
73	2804
2773	16286
0	5397
0	10889
0	7
0	7
0	7
0	7
4672	1242
0	1180
1	27
6	38
2	207
155	321
1668	2
0	1681
392	2247
752	1
0	0
105	179
19	86
26	602
4	28
0	602
38	0
64	56
573	716
0	716
119	103
219	1
0	46
26	49
1045	620
0	617
1	786
0	759
634	822
21	60
43	795
0	29
0	0
3	33
912	0
9	1400
1130	1400
7990	2060
4	2152
123	154
0	1
0	0
0	62
0	62
0	149
114	1077
16	1057
0	0
0	0
409	344
15	344
494	1179
0	0
0	361
0	1041
32	152
0	152
8	1241
0	581
0	580
0	576
4	575
0	575
8	579
0	306
45	306
0	145
56	145
558	11659
5597	13840
21	5811
181	0
45	381
0	381
0	0
112	0
0	0
71	33
0	33
0	0
0	652
0	624
40	0
0	0
12	2
44	42
0	185
156	185
260	548
0	0
13	41
106	41
31	53
77	1
7	1852
0	0
4000	9748
69	0
98	74
1000	74
0	0
51	53
27	53
0	634
0	494
0	542
261	443
761	442
134	100
0	100
99	10
0	10
413	0
0	0
0	3
0	0
0	3
10	0
0	73
1268	178
0	176
812	0
70	170
14	170
742	750
0	749
915	42
5	42
0	1270
0	0
0	0
0	1185
426	2081
4	2081
0	4150
0	368
0	415
54	6648
1658	6758
132	0
0	54
12	77
0	56
0	127
0	83
0	127
1754	561
0	561
124	443
0	0
586	226
0	225
49	116
139	142
0	6
0	24
0	148
0	150
0	94
224	254
6	25
0	223
94	795
432	795
4781	831
0	0
0	0
0	0
1	0
139	1193
16	1193
8	91
1444	633
77	169
103	471
737	1
16	79
29	79
5	3
0	0
0	7178
14	7178
385	0
1222	1
1795	1
790	2
12	36
0	38
0	0
1417	0
2	12
77	12
2780	0
4619	178
0	174
899	531
2342	0
0	12
0	12
2	83
0	83
0	0
0	0
92	0
9	0
0	4
0	7
0	3
0	0
0	0
114	1
5	1
0	8
0	822
2	228
8	0
21	807
0	80
0	699
30	4
0	4
5475	3038
1937	3036
0	2523
34	2488
1000	0
0	2
0	2
1647	833
102	833
11	191
346	191
2410	518
2	504
0	492
32	34
0	0
0	4
59	284
0	273
0	270
20	8
10	29
0	29
145	82
0	240
263	519
7556	850
647	252
3	77
0	175
64	0
0	0
18	0
591	5720
2563	2169
215	5772
0	2575
3	230
2	351
12	460
5	159
0	243
0	2597
0	2451
5	2650
0	2451
3	42
4	6
0	1
576	1732
0	1731
0	0
2	12
37	119
0	119
1072	2277
0	2277
0	2215
8	874
118	977
5	300
0	350
0	0
0	0
0	5
0	0
0	0
285	1877
1197	2040
39	41
10	2037
692	0
754	7351
0	560
14	388
0	7467
0	545
0	15
2650	1357
0	1330
13619	2211
4	1612
0	16
0	16
34	528
0	406
1627	1900
34	1380
0	19
0	17
94	410
64	1801
363	1546
138	1592
389	42
0	42
445	716
0	120
34	172
0	404
0	0
0	117
38	117
0	20
0	20
0	0
488	42363
25323	42391
1565	1215
0	326
0	521
32	24
0	6824
0	609
0	679
156	6533
8	6656
3	6938
1409	1
0	19
0	19
136	0
0	4
0	4
0	0
0	0
0	0
548	76
0	76
146	0
0	2
1	78
0	704
766	834
190	832
0	612
0	0
0	0
0	0
0	7
0	7
63	195
47	195
0	4
439	0
12	9
353	1543
26	3
0	3
0	3
0	3
0	0
0	0
76	190
1808	0
1791	988
650	0
166	0
96	149
0	154
1642	782
10	782
0	12
0	51
0	51
60	187
2364	4172
214	1617
0	4167
0	7
6	7
7	1589
7112	3185
0	2057
33	3901
1459	1300
0	73
0	502
20	1299
309	0
360	0
309	922
3	922
0	0
0	0
0	0
0	0
724	305
0	263
0	261
0	89
549	156
4	67
341	0
0	10
0	1
0	1
0	16
0	24
0	24
0	166
231	182
17	29
0	5
0	177
4	0
160	0
12	160
0	160
15	0
2	119
77	119
493	60
0	52
0	0
330	4880
11	3849
51	3922
33	4610
881	0
2	7
0	7
11	173
0	173
3	19
35	19
99	0
47	0
8	52
0	110
0	110
0	20
716	20
0	8
107	0
200	0
16	184
39	188
390	24
0	644
3	1451
5	450
130	1300
0	493
0	439
29	1227
0	7
0	7
183	13
0	13
0	28
0	235
0	92
0	35
499	335
5	0
11042	15
0	1102
3358	1147
9	1146
827	770
0	770
16	3
0	3
3826	1511
14	1499
8	694
2930	2
343	1043
0	1068
0	1125
9516	88187
0	88169
0	0
0	0
0	1
4	1
11	4
0	4
0	0
32	0
67	138
0	40
43	58
85	116
217	1546
3375	1033
2	0
0	104
3	915
0	603
0	597
0	19
0	27
0	3
82	49
19	613
15	140
10	610
49	16
2229	0
67	294
561	294
0	84
207	93
0	93
0	685
0	630
23	3616
5	192
648	3618
1	23
54	104
18	203
34	0
0	0
2	0
223	1005
28	1005
0	1
0	0
0	0
19	5
0	5
13	104
0	110
0	110
4275	6
0	1610
661	1613
12	0
7	4
32	427
40	530
0	0
0	0
0	69
21	83
1006	159
3	159
136	897
378	897
235	4716
92	4716
15	0
3	0
7	0
0	11
0	11
0	11
0	11
0	11
11	11
0	9
90	141
312	1126
0	847
2084	0
0	417
3175	419
0	0
12	1
21	407
0	407
19	29
0	0
0	29
17	10
359	150
1351	1538
0	552
14	516
0	1538
0	1
0	16
10	25
38	740
0	592
1	490
0	477
0	390
0	373
0	569
31	773
0	545
1	459
12	1407
2	1664
0	0
0	0
0	0
0	0
0	0
0	0
45	50
4	50
123	55
227	0
535	1947
10	1947
0	0
810	0
0	0
0	0
0	0
0	0
110	189
0	81
15	0
4	296
462	1916
1022	1075
22	21
0	21
0	119
2895	119
1884	0
0	0
77	2
1602	0
3	0
119	0
1	284
0	0
915	0
1104	2
37	26
0	26
0	517
1816	776
124	711
0	245
0	0
0	762
4256	4580
4991	2426
0	2417
1098	0
1286	0
0	0
1685	0
0	60
400	60
2	9
46	10
410	10
46	0
394	806
249	806
172	7
0	5255
3081	5221
0	2782
0	2389
4	2347
0	335
0	157
0	135
4	343
27	193
100	193
0	5
7	178
0	222
0	226
0	226
630	1
13	93
0	20
53	0
141	280
0	233
35	280
2	93
0	0
0	0
1765	1
90	0
7	27
0	27
7649	2469
0	2432
0	2288
0	2409
0	2395
0	112
0	30
0	11
29	166
428	1109
0	1109
0	74
9	68
0	35
69	76
26	29
0	29
0	1
0	0
0	4
26	40
0	6
44	56
454	642
53	1941
0	2474
0	2167
4	1658
145	10815
516	11740
0	11166
205	10635
6	0
6	107
412	397
0	397
0	149
0	86
0	0
5	0
105	13
0	0
2	3
2	37
0	465
0	67
0	43
59	784
0	295
0	550
10	289
37	238
0	266
0	1587
3269	1589
77	0
1967	1021
979	2206
0	10
0	47
0	89
0	21
0	70
0	89
0	82
90	247
16	161
156	247
0	0
1	9
0	21
0	21
268	516
1489	1225
0	1205
18	0
0	0
0	0
172	54
181	124
0	107
0	466
0	19
0	466
11	1383
8	397
74	11
0	0
0	11
25	6013
0	6013
0	872
1118	1383
1	1382
0	1088
1359	1796
15963	9
11	0
478	6104
3	6957
11763	6531
469	0
0	2
0	2
209	0
90	1488
10	1488
82	42
1675	2
0	2397
0	767
1	175
0	1247
1111	3006
0	1560
0	3497
0	103189
198	111344
0	110394
2532	25462
2	0
0	57
0	0
0	139
0	205
0	205
0	168
0	0
83992	5785
0	5713
0	4262
0	2
8	2
4	339
5	339
1	5
0	5
805	212
0	211
193	0
304	14006
0	11755
1	4124
6	11964
8	11542
501	392
215	436
0	296
162	7755
0	1934
14	5752
90	3945
70	1406
0	391
0	461
9	1420
93	0
0	0
0	0
0	0
0	0
12	60
0	42
19	107
0	96
0	54
0	92
0	50
1	0
285	0
307	155
0	155
23	48
0	48
0	249
84	249
0	99
221	513
0	99
0	0
570	0
0	632
0	129
0	695
504	765
54	63
1169	1
0	935
545	910
2173	508
2069	427
0	427
31	0
0	0
0	82
0	82
0	82
2742	6
2566	438
1	6
2004	7356
116	0
0	0
0	0
0	0
0	0
114	148
2	148
89	44
0	42
27	18
0	22
32	16
0	9
30	0
4146	7027
87	602
3	38
33	38
0	2416
122	2416
344	84
0	84
0	0
0	0
3	695
157	794
303	158
58	0
0	24
0	24
3	24
15	0
0	0
0	0
77	8
0	8
0	0
55	112
2135	263
55	258
19	5
648	354
0	354
9387	2266
0	733
0	1
0	535
0	583
3	422
587	2368
0	920
16	22
0	0
6011	5
547	917
0	917
1127	1
0	8
0	8
0	710
62	263
2284	759
0	0
0	0
6	3
53	3435
136	8204
91	4396
10721	7594
0	7589
1066	3452
166	2295
39	73
0	3327
0	73
0	73
0	3357
9	262
8	340
1232	341
0	67
63	133
1	26
0	18
5686	7
1077	376
5	376
3896	33662
0	9199
9	37026
3	33863
29	29748
122	3598
56	3598
3525	0
8	89
0	89
10	0
112	0
0	7656
32794	10606
0	3945
83	0
608	890
4	0
0	0
0	0
317	0
0	17
2215	2024
0	2024
10	128
56	129
0	68
78	0
2168	2
1714	0
30	0
3742	4
409	86
998	630
0	0
0	0
6	234
267	234
46	485
0	651
0	637
0	0
14	29
106	169
0	169
525	1171
2	1171
1763	2546
115	1042
0	1753
171	2008
0	1759
4	938
72	938
0	938
3989	1431
0	1431
66	3548
433	1750
0	3885
0	0
0	0
360	1247
0	967
10343	1287
10143	15
5	0
59	0
0	0
0	0
0	0
0	28
11	7
164	299
0	299
720	502
0	94
0	63
69	400
100	1474
0	1474
96	408
0	0
0	0
248	1
57	0
8	169
0	31
0	215
0	0
1	253
0	149
65	72
86	84
0	84
0	11
101	11
22	628
0	372
0	182
0	283
12	26
0	3
0	0
0	26
1336	3
1	482
18	113
39	629
3390	1168
29	40
0	40
0	5
0	8
0	0
7865	11
30	29
0	25
0	10
10	6
0	0
2	0
0	0
0	0
2	0
0	0
30	0
12	95
42	44
140	1979
0	814
19	1979
1	99
346	0
1	2121
17546	2132
5	11
0	0
0	0
1	0
39	35
13	132
441	1699
30	440
0	1708
1	30
0	30
1	1
0	1
331	0
6	0
414	30
0	29
209	0
201	4670
6	4716
0	4934
244	0
2620	80
3	79
96	336
0	210
401	2503
445	807
0	2214
0	0
0	0
0	0
169	40
1375	0
16	0
23	53
0	20
0	15
0	50
0	0
75	917
721	917
9570	3168
8	1331
187	1
0	316
0	319
0	385
0	408
457	293
0	92
0	82
0	139
0	106
0	106
0	0
0	0
31	0
1402	2422
0	21243
0	21936
13	21980
1210	2679
216	94
0	40
72	0
323	4496
0	3539
0	4155
0	681
235	6759
0	2055
0	3905
908	6658
11	45
0	45
0	3
0	3
0	8
0	3
0	8
0	0
1654	2237
77	2237
53	40
0	40
0	1
49	0
12	0
2747	0
0	10
0	0
13	11
1985	980
2	980
73	166
0	0
0	0
13955	11
0	5
4	5
0	121
601	121
135	41
0	41
3115	1
78	35
11	210
0	234
0	228
24	230
0	215
0	0
0	0
0	0
0	0
3799	1917
0	0
4	0
0	0
59	315
0	315
785	191
200	0
0	0
0	0
0	5
0	12
0	12
583	2447
9	2447
0	13
426	0
141	2082
6	1177
21	545
0	4898
13	4624
6	65
0	0
0	0
529	0
82	633
0	2383
0	7308
251	6485
0	0
8	61
2	33
8	0
0	33
0	208
14	1310
0	1462
0	1404
0	0
295	370
0	160
0	370
1543	0
0	0
0	0
1	0
0	0
352	0
0	0
1329	619
0	613
0	66
0	66
0	1
0	0
0	0
23	0
3287	756
53	754
7	55
0	403
3201	441
0	12
0	625
10	197
0	5787
72	5925
0	5718
4	0
0	0
0	0
22	47
0	47
396	138
221	17
11	14
0	0
0	0
0	475
0	8
2089	602
1	213
552	0
130	299
1333	0
63	321
0	321
0	185
59	1490
14630	2911
0	1682
12	864
76	247
31	47
967	47
0	6
0	6
90	0
2024	379
0	12
47	222
0	663
8	30
0	853
0	802
2031	2518
0	610
0	544
3	537
9	67
0	140
62	161
0	85
0	0
0	0
0	0
0	0
0	0
0	0
9	0
225	0
0	0
1	19
0	0
0	0
0	234
7	54
324	1174
44	803
67	162
190	0
2843	8708
0	1855
0	8483
101	118
16	397
146	887
0	390
0	161
0	42
0	363
0	154
25	269
0	831
0	612
1250	1194
91	152
17	1079
0	0
2	299
0	148
6	148
0	40
0	43
138	115
1	4
0	53
128	1694
0	1694
0	582
1	157
0	121
0	518
106	0
2942	4197
38	4197
1895	296
0	294
12506	8
0	0
0	0
0	4
0	19
0	5
0	19
10	0
0	3
0	1
0	0
0	1
0	2
5062	967
106	306
0	856
1624	0
10	0
1796	945
41	183
0	945
47	945
793	0
0	0
61	1211
0	5
0	1343
119	1334
0	8
0	12
0	0
0	0
0	12
9324	1220
0	164
246	0
0	0
2	0
0	0
0	0
0	0
0	0
0	0
0	0
34	0
1	0
328	777
30	777
1051	7281
857	7281
33	449
0	449
0	0
727	0
1	12
66	1882
46	676
586	1617
10	225
74	17
0	17
0	0
0	45
0	0
4146	401
83	399
356	458
0	458
4238	1740
274	77
6	77
4	0
179	490
33	4563
72	4607
3	4286
0	0
0	0
0	0
83	0
0	10
5	25
15	0
67	422
5	422
97	5546
23	2253
24	312
0	246
0	5446
0	5433
8526	0
0	24
1	24
4561	4528
31	0
2198	0
158	21
1	5
11	16
0	395
459	567
9	171
29	180
0	61
0	187
0	2374
71	2269
63	562
0	2088
0	2149
10	2425
1315	0
17	12
0	13
0	13
2	724
0	504
13065	416
0	122
122	122
45	5
2335	2
0	0
0	0
0	0
357	0
27	1
0	0
0	1
84	0
0	0
0	7
0	7
0	869
0	938
0	929
0	652
50	938
0	0
0	1
301	464
5	488
11	488
0	6
3	6
7	20
2273	22
0	1703
95	1706
41	1706
3	89
6	301
5	301
2	79
735	1476
166	1476
865	674
0	196
0	4684
0	2859
0	4611
1217	4630
0	0
0	0
5	42
355	0
0	35
5	1
18	72
2	5
3	37
0	33
10	80
1352	513
0	433
405	808
9	354
33	168
631	168
3883	7503
1	53
0	53
175	1694
0	105
86	244
5	1504
0	1745
0	1806
293	0
0	15
0	15
0	183
3	0
20	24
493	0
157	7
0	7
84	0
0	0
221	516
0	516
37	233
0	233
266	0
0	0
3	0
0	528
0	851
0	255
2527	823
0	3
11937	3
239	1837
0	1837
0	26
95	26
4852	329
6	325
0	0
3	0
200	8771
0	7122
579	4612
9	11581
10427	11584
0	0
0	0
0	0
0	0
0	0
0	0
50	16
0	273
37	0
15126	868
0	659
1876	1982
60	0
0	0
1306	196
0	196
5	196
3731	705
0	32
234	702
14	682
11	862
0	21
68	82
178	909
0	3
806	33
5393	3017
10	0
0	272
1442	0
215	2649
34	2588
0	2474
8	2467
0	0
0	388
296	388
0	263
240	587
3	139
36	679
172	2644
0	41
0	287
0	738
0	425
151	878
0	1238
74	765
0	170
23	506
0	458
0	0
15	0
497	162
3	162
21	6
527	0
8	1755
2543	1757
670	0
121	100
0	100
217	1769
36	1818
13	189
5461	191
168	128
0	128
54	0
3	149
12	149
4	132
0	1
0	24
0	21
0	62
34	62
0	0
64	338
0	338
5	209
0	3821
0	3788
3	3841
17	3832
6	3809
16	49
0	24
2	25
3	8
179	1746
1	1746
44	113
0	0
0	0
552	775
7116	0
0	0
0	0
0	0
0	0
965	146
0	7
0	7
0	0
32	83
1614	494
0	104
25	444
515	444
1122	0
3972	5
0	4
0	4
218	1
122	143
0	143
146	175
171	2725
15	319
361	2653
7	27
6	27
0	0
0	1602
3288	1602
100	80
1412	1
337	1
35	0
45	50
1	50
35	0
7	0
0	3
7	18
0	1
0	18
0	18
5	0
0	759
0	622
0	157
0	759
0	235
3	0
0	235
101	386
0	120
0	0
5	1632
414	1583
0	1643
345	606
0	114
14	896
634	832
31	2188
0	832
1	826
2	2068
0	1609
1112	97
0	97
242	1429
0	1429
0	133
155	428
0	153
458	235
44	33
0	5
0	20
17	39
297	59
671	0
0	0
12	0
3	7
3	7
5376	716
26	710
31	11
0	11
916	3842
0	570
0	629
0	868
0	1522
0	753
0	1307
1	734
0	361
0	1007
23	3370
0	46
0	3459
9	3312
92	3477
7	3459
0	797
0	371
6	279
0	391
0	347
29	930
0	734
18	779
0	774
2320	1784
97	91
0	1784
1326	167
0	105
0	61
27	32
0	0
0	32
1027	0
0	3870
0	3770
25	3962
0	4458
0	4590
0	4433
2363	42630
0	37078
12222	44943
0	44937
140	37455
90	0
1134	0
0	1119
0	534
0	549
3608	1051
113	0
15	245
0	245
0	88
0	245
0	10
13	0
0	0
0	160
0	15
153	160
0	0
3133	10
5	0
0	403
0	1951
0	364
193	1951
1	7
498	0
622	191
0	99
0	43
165	320
160	783
15	783
0	0
0	0
0	0
32	0
15	86
0	24
0	62
372	59
45	136
113	136
0	3005
1209	3005
42	0
306	551
0	551
171	0
1253	0
0	2
0	2
65	488
0	487
92	203
0	189
0	207
0	189
1145	0
1403	0
0	1
88	7
0	6
0	0
0	0
0	11
78	0
0	301
0	275
0	2364
2529	2368
1447	1050
2	427
0	922
1087	27
0	27
0	11
0	11
0	11
0	0
481	181
0	181
779	1489
0	1488
478	48
0	39
0	27
0	178
0	173
0	88
1252	88
0	73
14	497
3	497
0	0
0	119
62	254
0	129
0	125
0	4
354	0
4	7
958	1145
23	1145
0	0
0	0
270	165
0	165
0	49
0	38
39	38
4	38
0	0
57	409
0	449
177	542
0	277
1015	543
583	537
2735	1
0	0
1170	406
0	406
0	4
25	42
5	0
101	0
0	6
8	30
30	195
50	360
0	348
0	14
0	14
0	14
0	10
26	1572
0	888
53	885
11	919
0	22
0	345
0	1361
262	1383
717	313
3	10
0	101
4	101
0	100
776	0
4345	17
23	15
726	0
0	1465
0	391
0	491
0	1365
0	2873
0	995
0	3067
92	0
456	25
0	25
0	0
0	281
2284	2532
151	2603
0	41
0	11
4	29
0	4
0	4
0	4
371	0
92	2
0	2
15	1
12	208
1576	854
0	854
0	83
0	83
253	119
0	119
3052	698
0	694
0	0
1545	453
0	451
0	5
0	28
544	126
236	130
17	526
5	35
14	15
120	367
34	48
0	108
34	456
3	676
0	676
0	0
0	0
0	0
0	2581
0	101
0	2322
0	2275
0	1422
0	6058
973	6058
18619	18632
0	627
0	18621
7680	7952
785	7787
0	26
0	15
0	0
0	0
0	239
0	94
0	13
1	100
0	89
0	239
2066	0
343	146
0	31
1	115
38	0
1	526
0	10
81	10
0	8
1102	0
119	1449
2077	1453
9920	8
0	68
200	636
0	629
0	0
180	152
0	11
6	165
1496	1
0	757
42	757
7	0
0	0
0	0
47	0
1642	0
50	177
12	177
488	1
75	0
1	1005
0	1099
0	1099
357	2868
1575	2868
19	3
0	0
0	3
3	26
0	106
283	106
451	313
5	440
16	156
121	1169
0	203
0	1175
36	0
0	0
129	0
1	746
0	735
25	0
606	97
0	97
19064	22
0	0
0	3
0	0
0	0
11	3
0	0
0	0
0	0
0	0
739	0
23	39
0	39
11	35
0	35
0	35
0	35
1134	0
342	0
0	0
0	1753
0	201
1	133
0	15
66	1893
4192	950
68	0
26	0
0	949
8	453
445	432
1	603
0	689
0	2792
0	2756
24	2294
0	0
0	0
672	0
15	0
32	120
0	120
0	0
0	0
311	0
0	17
156	755
156	755
13	1
0	0
0	526
0	135
0	185
2	135
0	5409
0	8387
6835	34753
0	34746
0	82
0	0
21	44
4	1230
40	1250
0	1083
72	71
0	71
20	19
0	19
0	48
607	257
0	256
8	0
4195	4
86	174
0	174
629	47
0	47
4	24
0	3
0	24
0	0
0	0
2352	1
1311	1
0	0
71	26
0	26
0	3373
332	15247
270	3652
0	1411
8198	15868
0	0
0	0
0	39
171	39
261	7901
181	7348
0	5212
0	0
0	0
1	0
399	0
207	210
4	2
16	210
0	204
1445	2
0	133
0	60
0	35
0	65
0	28
0	31
0	26
0	35
0	32
6890	8
75	121
112	98
0	0
2761	142
0	0
0	4984
1344	4988
0	0
0	0
0	0
0	17
0	5
0	44
333	425
0	425
0	449
0	516
170	516
17	0
0	2
2	2
97	0
794	0
3	10
0	9
542	6
0	0
61	31
781	499
196	0
6	0
9	8
0	0
0	645
355	645
0	8
428	749
1178	749
12454	1922
1	1883
4	775
70	168
9	389
0	113
0	437
0	437
0	0
1267	2
0	2
0	40
0	120
0	85
1030	245
825	0
0	0
0	0
0	2
0	0
0	0
501	52
6	52
333	143
0	143
6399	5
260	1051
116	1051
0	101
0	53
0	94
0	103
0	62
17	62
31	0
0	0
3	5
0	0
0	5
0	0
0	912
504	912
1	6
1030	6
53	886
0	295
464	881
2160	19
0	18
2728	0
71	0
2834	1350
0	46
1	9
3	0
0	40
0	134
18	134
60	353
18	2708
146	435
0	2709
4241	22
0	16
29	246
115	0
8	444
538	647
151	1769
35	1769
0	0
0	0
0	0
0	0
0	0
23	113
57	113
3	307
39	332
0	287
0	278
0	0
0	6
0	6
0	0
21	265
128	265
0	81
0	81
18	81
8	23
0	0
5	742
22	566
0	202
38	0
5	561
0	87
0	72
9	53
0	47
153	48
0	48
0	8
13	4
0	4
0	4
0	0
0	0
378	828
0	507
0	13
0	884
3047	1
1935	4
15308	7
0	0
2138	10
205	65
3	38
2476	30
2836	2690
0	2690
63	20
0	20
80	0
1085	2
6	294
3	501
314	1041
0	103
20	71
0	1001
0	0
0	16
0	16
0	16
0	16
28	0
3959	441
1	438
24	0
0	6
42	14
504	0
144	0
54	455
18	133
8	371
0	1042
22	2754
0	2754
0	496
3	496
0	26
3	203
0	72
12	203
0	38
6	273
1037	1422
0	1317
196	0
0	0
3	5
4	5
0	45
1580	735
0	735
8	751
5	111
0	0
0	101
0	111
0	101
8	41
0	41
5	33
0	19
0	70
783	2
1817	5
135	166
0	63
78	596
0	596
241	96
0	95
0	0
0	0
0	0
0	0
0	0
0	33
0	33
0	33
3574	548
0	546
170	384
0	384
1668	0
39	80
0	75
2	80
0	8
8	8
83	101
0	33
39	101
9	58
2	0
448	294
0	254
0	141
18	64
0	64
49	455
0	55
0	315
0	372
0	422
0	455
4473	3707
4158	3710
288	1895
1212	1894
0	1798
0	72
0	121
601	1602
0	1536
99	1528
1680	3307
1	3307
0	615
2	1212
6	485
2	122
8	74
9	324
38	1398
0	7
6	9
0	35
748	1364
28	1398
11	1360
1091	0
43	275
2	0
0	0
0	5
0	151
1	86
21	33
108	385
0	390
0	273
6	0
305	1619
113	1654
4281	292
0	287
14	1107
3500	1106
49	72
12	28
0	13
1686	2
1	385
0	91
0	92
1	82
0	82
0	87
3259	2
11	11
0	3
21	23
0	46
0	9
0	333
0	84
0	54
0	51
5	292
2698	6
211	206
0	206
0	0
0	0
0	0
9	0
0	2260
0	8665
66	9927
0	9930
3297	0
2828	0
682	18254
0	14943
630	18251
309	732
52	341
0	732
0	0
0	0
7	34
2	94
3	94
251	0
0	64468
3057	64469
186	1995
35	162
69	1880
0	112
0	42
83	560
0	553
0	1097
124	1097
0	134
731	139
2213	178
634	176
317	0
0	28
0	0
0	3
0	3
0	13
0	231
169	7844
0	7904
25	3494
0	7750
0	2
0	2
0	2
0	0
0	0
0	0
88	609
2	682
11	0
0	7
0	7
157	0
0	510
0	1409
1393	2324
0	1890
0	2320
36	2859
4	2426
7229	0
0	565
0	216
0	503
0	148
0	117
0	783
0	398
0	398
0	847
0	22
0	3
0	0
0	0
0	0
0	0
0	0
0	733
4	25
5	2333
79	2419
2	0
845	2
0	0
0	0
0	0
8	196
0	28
8	277
163	0
364	17
7	17
138	1
0	0
0	0
0	0
0	0
0	0
485	2692
243	2692
0	161
0	503
567	665
130	3806
4	3893
2291	3545
0	1
0	4
0	4
0	4
7631	0
22	213
28	213
254	696
0	696
3	696
212	30
44	37
0	37
0	0
17	1
144	43
0	43
0	0
0	0
4	0
128	39
0	19
0	39
1	0
0	0
0	0
49	219
0	219
171	91
0	91
3	87
1	87
2	54
21	348
0	311
0	412
0	84
0	536
152	536
0	375
4	0
7	0
4	444
41	696
173	700
903	277
0	276
0	0
0	0
10	4
3	50
85	50
867	236
0	236
1	0
313	84
0	84
2	0
9	5
13	21
1336	47
0	47
28	17
0	0
436	0
1015	2252
0	2252
0	7
0	1
430	1455
92	1640
103	1973
0	1965
0	50
505	88
0	88
1791	3
0	0
4743	2
386	3
198	332
0	152
0	180
0	0
0	3
471	5
166	57
2	57
32	5
0	5
0	495
0	0
26	3
0	151
252	151
1	209
7	0
6	224
0	242
5980	1
159	0
0	5726
0	6054
1006	9004
1168	0
0	3
4	3
1070	1743
0	1742
0	0
0	0
27	3
87	0
0	75
2	132
0	131
23	0
0	0
759	0
19	121
2	121
0	5
0	0
0	5
99	75
0	75
16	125
2	125
20	1660
0	328
0	1607
0	953
713	1208
0	219
146	303
0	1208
2194	0
6577	3520
9	3517
0	220
0	12
0	13
1179	0
0	0
2	634
4	482
0	155
43	16
0	15
10	842
3788	842
0	0
91	29
0	4
0	176
167	176
0	26
0	26
0	33
0	33
8	265
76	72
1	0
0	0
0	129
0	23
1846	935
0	105
0	3637
5941	4862
1	3623
0	4860
0	1377
463	3500
69	3500
1364	99
0	99
26	0
644	0
766	0
614	1527
6	826
378	7810
1460	17922
0	5855
0	17895
0	8
0	8
0	8
395	0
0	0
0	0
584	170
16	170
0	2
274	2
695	0
1228	5
70	0
0	197
96	1432
35	704
0	157
0	347
0	1060
0	1060
4	265
18146	291
0	9
1	9
0	7
0	0
0	0
0	0
0	0
223	0
658	0
52	12279
0	12339
1	12326
4087	11816
0	12168
0	9
0	9
464	76
5	94
1	22
0	61
1160	253
0	253
59	3
171	63
0	76
0	32
0	32
41	3194
2536	3194
0	2225
302	112
162	113
46	822
0	434
0	189
1154	367
0	105
0	316
7671	35551
5	3744
0	35543
1503	297
0	297
79	40
3	40
1969	204
0	202
74	0
5	15
0	0
0	11
1	677
0	267
5	593
0	314
1082	0
18	0
0	6
0	6
0	6
169	0
1539	426
0	426
0	21
256	110
4	105
224	3
2	95
2973	0
0	5
0	5
623	2
167	0
407	5289
0	122
430	5312
0	5312
0	566
247	583
6920	14
7	245
4	205
142	532
6	442
29	1020
7	1020
6	0
3	29
0	29
108	1
0	5
0	5
0	5
131	5
857	0
1171	427
0	6
0	422
0	18
0	18
6	256
1	711
478	792
9	0
0	0
863	0
6312	0
7	9
0	9
7	198
29	198
39	30
58	158
0	68
91	0
0	140
169	26
0	563
0	888
210	2734
0	2734
0	365
6	427
426	73
0	52
0	21
1504	0
0	0
260	0
594	268
2	268
93	3
275	25
271	0
3	8
2	10
0	317
0	432
0	3210
11026	3247
0	0
67	221
0	221
26	268
7	268
0	9762
0	9540
0	11094
14	12768
1512	12828
198	106
4	106
0	497
416	497
0	0
8	83
0	96
338	28
83	470
0	150
216	0
517	2335
0	2339
89	2320
0	1218
0	2274
641	109
42	109
0	66
787	153
0	120
33	0
2	12
27	0
0	251
1408	262
0	213
46	86
5	36
8	54
40	0
100	0
358	27
0	27
1051	0
1769	708
1	708
633	0
259	0
1309	5601
240	50
0	50
4265	2626
387	0
1	21
48	15
0	15
9	5043
10	9516
36	10608
2	14
1066	15
3120	2623
1411	1051
234	1050
41	1034
0	0
0	0
0	0
0	0
0	8
3	26
0	5
0	25
0	0
0	0
0	8
0	0
0	8
22	353
0	353
0	0
0	0
0	0
127	680
40	680
15	522
0	522
0	268
46	334
37	334
0	298
0	0
45	90
4	90
0	0
0	0
0	0
0	0
101	1
4	18
564	18
0	0
0	0
0	0
0	0
0	0
0	0
0	0
0	67
0	12
0	67
0	0
0	0
0	0
0	0
0	0
1171	0
0	0
0	0
0	0
68	0
0	0
6	19
0	19
0	0
0	0
0	0
0	0
0	0
4	77
0	93
101	0
0	0
222	11
0	0
0	0
0	0
158	6
2	93
0	0
0	0
0	0
0	0
0	0
0	0
0	22
0	520
353	520
0	0
0	0
0	0
0	0
0	1161
2266	1161
0	0
0	0
2	0
0	0
0	0
0	81
0	18
47	99
0	0
0	0
0	0
0	0
0	0
0	0
0	55
498	917
0	914
21	957
6	914
0	0
0	0
0	0
306	246
86	246
0	0
0	0
0	2
0	2
0	2
0	2
227	0
615	0
0	318
91	10
0	209
0	136
110	1829
0	398
0	398
261	1829
0	0
0	0
6	37
0	37
0	163
1479	164
0	0
0	0
56	88
12	88
0	56
6	1126
94	1126
178	179
1	179
8341	7088
0	7084
33	29
3	35
1107	7
0	55
0	103
0	62
105	202
7	39
5	36
0	39
1	59
481	141
528	699
0	13
0	29
0	714
0	242
0	255
0	255
2	106
0	1
243	421
0	421
0	480
13	310
0	309
4065	1159
17	1158
16	533
702	535
154	0
0	104
0	109
12	124
3	0
89	5
0	169
0	165
0	156
0	152
16	69
137	69
131	0
5	0
158	30
1	79
128	79
0	1
0	1
15	31
2	0
0	0
0	38
3	42
14	58
0	31
676	57
203	57
0	0
0	0
88	0
0	0
0	0
0	0
0	0
3383	0
653	407
3	407
0	699
47	1797
2	1665
29	1717
3114	1
0	5
0	5
0	5
8	203
312	637
5	637
0	0
54	23
0	0
0	0
0	0
0	8
67	39
186	923
4760	2
3203	21
13	0
0	0
843	433
0	433
2194	2
0	0
0	0
48	146
996	250
0	250
568	0
0	0
23	32
30	49
46	234
0	17
0	0
0	0
0	49
969	49
142	20
2	20
0	0
14	31
0	0
11	277
0	5
0	277
110	36
8	24
0	2
200	46
0	14
0	41
66	31
0	0
0	0
0	0
0	0
0	0
0	0
0	0
0	13
0	13
0	0
0	830
0	830
827	0
0	2
10	12
14	908
0	975
0	1020
82	163
393	0
3	423
0	156
1813	348
0	165
0	174
0	323
2522	1483
0	1480
2	915
7	1
3	145
166	145
0	0
2	0
117	190
0	2
0	2
0	2
314	229
0	226
0	229
0	0
387	0
0	24
0	24
0	0
50	703
420	704
0	0
0	0
4042	4
283	0
1145	1
115	0
573	0
0	153
70	154
0	0
0	0
76	823
1	823
0	0
0	0
693	278
0	120
0	137
0	147
71	42
0	23
389	23
0	0
461	1
0	0
0	0
0	0
0	0
22	0
0	0
0	1900
1584	1907
0	0
1	19
0	23
1	42
55	78
0	54
0	0
0	230
20	230
1829	7
6	225
1100	225
1041	128
0	128
0	0
39	0
1	0
0	0
7	127
0	127
7	31
0	4
515	0
0	51
236	51
6	77
0	77
217	1026
5181	1030
1249	92
321	810
0	807
74	1
15	93
286	93
169	6
227	13
0	185
0	6
0	0
0	171
0	160
0	130
0	211
63	0
1	118
1	118
0	14
1278	784
0	599
0	781
52	199
180	186
30	5675
160	231
0	231
0	170
0	2182
0	491
0	340
0	2659
0	1581
7	865
0	89
0	187
0	678
0	0
0	519
0	519
0	1235
765	1235
0	55
6	19
296	55
0	885
540	6821
1	6821
0	565
0	48
0	554
0	410
7	1188
0	654
0	530
13	435
0	92
262	1
6	2945
3	0
483	3735
74	2390
9	2420
0	31
0	46
0	46
343	0
0	1207
0	728
0	691
0	683
0	495
284	0
49	700
986	700
9	686
0	136
0	183
1072	0
0	46
329	0
118	1
26	110
8	110
0	41
0	140
0	140
2	91
4	91
5	29
0	29
2064	6
22	62
0	62
0	0
0	0
0	0
25	0
8	0
0	0
0	0
0	113
35	113
0	113
6419	8
0	185
820	252
155	66
71	109
0	109
1893	2913
0	2913
365	0
0	0
2950	2
417	1
0	0
376	27
0	0
0	0
408	92
196	313
0	189
74	296
27	208
2881	0
2005	0
469	65
0	65
0	109
614	109
185	163
0	143
14	0
0	71
0	0
41	131
7	131
0	2
0	2
5413	3
62	207
0	43
0	207
15	179
2122	0
0	0
0	119
1016	119
55	511
0	242
10	1115
0	437
0	1115
1028	1845
0	1842
7098	9
0	0
0	0
0	0
0	0
0	0
0	0
1	33334
4	2542
0	31133
0	9874
492	0
362	8
2	0
0	0
2	3
0	3
0	3
2731	381
0	381
11	138
0	12
0	138
0	12
20	3
0	28
420	33
71	0
0	281
1365	405
0	403
8603	7
0	0
0	0
0	0
0	0
0	0
0	0
656	0
1152	176
0	176
4	0
85	0
15	1
10	1141
1	1142
256	2
1470	0
0	735
0	766
8	742
0	144
0	145
0	144
72	1439
0	843
0	843
23	1169
0	620
50	766
0	1398
0	768
0	623
0	592
0	1324
43	749
3	792
2	713
0	219
0	123
0	668
0	682
0	666
0	176
0	412
14	660
0	44
0	30
0	813
1	190
0	154
0	229
0	229
41	429
0	19
6	13
1	221
9	591
0	208
0	192
0	156
1	1445
0	648
0	1658
0	1579
41	42
0	42
71	14
1855	145
0	18
0	0
0	0
0	15
0	148
673	247
0	247
348	0
1875	0
113	124
0	124
450	0
1851	0
1688	0
439	130
12	130
18	644
0	644
0	4819
0	3077
31890	7908
189	0
12	0
93	122
0	122
0	137
0	137
1206	427
1496	427
179	234
0	234
0	2
0	2
0	2
0	2
61	2937
0	2937
0	766
554	0
11	0
165	0
1515	0
401	0
0	2055
5348	2062
2297	1778
40	1717
0	794
0	1004
0	116
148	116
40672	10007
11	9983
2	0
0	89911
0	16695
894	93400
0	27657
0	0
0	3
12	3
6	282
258	282
0	5344
25	5344
185	279
332	279
118	2
3	48
8	48
0	122
4	83
0	33
12	603
0	569
0	0
0	0
94	637
0	637
0	0
0	0
0	3
0	3
0	0
5	135
280	157
0	147
0	154
0	44
0	7
0	15
47	44
19	2
6980	7
6	126
99	43
0	695
208	631
0	48
0	92
0	92
14	272
0	0
21	216
0	515
2	72
0	712
0	308
0	164
0	3
0	65
0	4574
0	33
14	0
0	12
1	4
0	0
68	593
41	122
0	744
0	1959
3	606
14	89
0	7
0	69
0	182
0	2
0	2
0	0
2	17
0	387
0	350
0	252
73	2907
0	83
0	1247
0	1182
0	1247
0	131
0	156
0	601
0	9
0	28
5	1183
4	0
53	686
31	569
16	96
0	216
0	192
0	495
22	209
0	1124
0	26
15	103
0	2
0	2
35	301
0	0
6	0
262	0
43	68
0	286
0	162
0	62
3	25
0	692
1	29
0	11
7	6
0	62
0	69
0	0
24	537
0	849
0	6921
0	595
29	121
0	22
26	148
0	334
0	972
0	52
38	289
295	477
0	0
30	23
0	0
0	0
16	6
233	1063
329	0
0	22
1650	7
107	711
2	1386
7	1370
20	65
14	168
0	49
304	1053
0	824
211	2442
120	467
0	2
0	0
1	3771
0	26
0	7
69	118
0	231
14	356
0	922
0	1054
0	1158
7	297
0	414
39	0
42	404
0	5
90	237
0	823
0	663
101	289
0	2325
3	2565
0	2153
7	496
0	394
0	442
1	579
0	605
0	721
30	673
0	739
0	710
0	1
15	284
8	558
0	61
1229	0
0	236
0	312
1451	2357
0	167
0	191
0	0
0	52
356	427
0	7591
0	7628
14	7493
0	2114
0	408
0	134
128	1830
0	175
175	357
252	2831
0	3631
19	40
0	10
0	142
0	97
0	12780
0	3087
75	1034
0	156
161	1031
54	4757
0	4756
4	4556
0	0
0	316
48	563
0	1
319	7732
21	393
107	475
0	0
0	1654
0	1766
11	78
0	9811
323	0
0	28
6	0
2	32
0	5029
0	3034
16	9
0	350
0	2
8	352
65	98
22	542
118	275
53	0
4	12
55	38
0	105
0	101
0	101
6	117
0	967
0	1218
0	1003
362	811
0	2080
0	2221
0	1641
0	18
0	163
0	0
0	0
0	837
271	1
392	975
0	96
9	10
0	454
0	32
350	154
126	0
0	0
0	0
0	815
0	585
0	3
0	5
0	23
0	25
72	5317
0	420
0	1849
7	29
0	0
0	945
1	8
0	891
0	846
0	242
0	7926
0	249
0	0
0	241
0	596
0	33
0	7
0	343
0	23
0	60
0	0
0	0
0	19
0	26
0	21
0	26
9	0
0	1
0	533
15	5930
0	0
0	83
0	73
0	167
0	258
0	104
0	615
366	215
1	39
15	1925
840	188
267	180
0	1813
23	1158
24	1712
0	1642
0	1569
931	0
0	383
1	2211
0	2303
0	0
18	430
0	0
0	0
6	107
0	1029
285	0
0	146
15	148
164	0
0	956
0	849
38	373
0	332
0	108
0	90
109	108
36	31
0	0
188	1019
0	14
0	8
0	0
8	747
0	0
126	428
0	846
0	173
0	233
0	233
0	233
0	233
476	0
0	18
5	984
0	0
0	0
14	0
0	253
0	253
0	93
599	3477
9	123
0	529
0	167
0	167
0	163
23	83
19	5831
0	4574
0	0
0	1
562	1812
0	0
0	0
0	0
106	3336
1	5
0	0
0	422
0	678
0	310
24	144
0	0
915	1816
0	111
0	0
0	1808
0	1849
0	1808
185	2534
22	1957
12	462
0	382
0	309
7	134
0	1156
0	20
706	3912
0	7
72	102
0	0
48	511
0	9
24	870
0	26
98	595
0	17
0	1149
0	0
29	75
0	20
0	19
0	0
0	5
0	13
21	118
0	862
0	151
2	115
2	91
127	722
0	0
10	528
13	27
4	2372
0	971
51	0
0	1542
0	87
0	36
0	5
69	1063
0	856
0	1053
0	1009
0	1148
0	916
0	119
0	0
150	693
0	90
0	104
75	852
1	677
6	694
26	695
135	65
11	0
0	734
0	727
0	2
0	95
300	3003
0	2982
0	2201
2	1868
0	11
0	97
7	115
0	0
0	0
16	214
0	289
10	497
0	1
0	2616
0	24
24	128
0	91
0	436
0	5
2784	15
50	116
0	104
0	9
558	966
4	58
0	963
3699	0
0	132
0	1872
0	84
0	73
0	65
0	57
0	57
0	419
0	22
0	22
36	0
0	63
0	370
0	584
0	1420
0	63
0	78
0	65
0	81
0	66
0	1088
0	1408
0	9
202	1704
0	2958
0	6789
0	6789
41	2354
16	0
26	0
16	697
54	378
4	111
203	3992
0	575
586	447
394	447
0	0
0	22
0	0
5	124
1	2013
0	736
4	194
0	0
0	6244
227	1522
0	856
466	3421
143	3421
5	19
0	0
340	435
0	433
104	463
0	166
1205	0
192	0
0	109
19	315
33	315
0	0
0	0
0	95
0	95
0	0
0	278
0	49936
0	49675
0	4
0	93
0	524
0	502
0	441
0	185
8	110
7	150
0	176
0	407
107	902
0	670
0	687
59	987
206	1532
0	1532
0	21
0	87
77	0
568	1622
0	287
0	314
52	88
33	0
829	4
0	75
7	47
0	47
0	290
0	1218
104	891
1	106
1662	4
0	625
0	724
0	706
273	0
267	13
0	171
0	9
0	9
0	0
70	258
1342	1
16	10
0	8
0	81
22	107
0	70
0	952
0	0
0	147
528	2627
0	3828
753	0
0	192
0	4345
1913	3894
0	3891
0	799
3	32
10	277
0	2934
28	3050
2	2742
144	2528
0	222
0	668
143	397
0	0
0	0
133	0
0	627
0	14
0	653
0	695
0	637
0	643
0	212
0	156
64	1485
52	1485
0	269
25	12
626	1100
3	1100
67	0
18	456
438	1
0	13
5	374
94	0
0	12162
0	11596
0	10081
286	4529
2162	1
184	0
0	5
0	125
0	143
102	1137
0	24
0	2058
0	158
0	393
0	437
0	0
0	0
409	0
0	7
0	410
0	451
0	428
0	393
0	423
28	171
0	60
0	623
5	104
0	71
59	249
19	5
0	4
0	3034
840	1774
42	4885
0	4885
0	2527
0	5
308	1
0	2405
33	0
211	1970
0	545
135	218
0	45
0	0
0	16
0	16
0	0
0	2072
62	0
11	22
0	130
50	559
0	264
0	3142
0	3441
0	3363
3	0
0	1
0	1
0	4245
1	618
0	5
0	5
0	0
0	0
0	100
0	0
0	0
7	270
0	261
0	270
173	1361
0	270
0	693
0	693
0	670
13	0
0	75
125	0
0	0
0	0
0	7238
0	19
0	226
0	230
0	230
3	217
0	25
168	1652
0	1145
0	0
2187	0
4	10
45	0
0	49
0	1446
100	2531
0	1
0	48
0	29
654	260
147	260
0	11152
0	49
0	49
4365	8
843	0
10	0
454	2651
0	1320
0	0
0	103
318	128
0	10
9	88
0	0
36	269
149	833
114	411
0	342
0	391
24	23
5	23
0	437
0	34
0	0
4201	3
0	1
0	51
0	0
46	173
837	10410
0	0
277	0
0	253
0	253
116	0
274	0
14920	4
2785	3
0	413
0	3009
0	313
466	0
0	1717
28	0
212	0
20	545
0	2487
0	2990
0	3017
0	397
0	1397
2	0
5	710
0	283
578	0
0	0
0	468
0	85
0	1330
0	2681
0	3178
0	2
0	0
13	14
1138	3
90	432
0	432
0	38
0	1
0	761
0	1010
181	1002
0	1297
28	0
0	54
0	507
9	0
3	17
206	0
0	1
0	128
0	128
0	177
0	0
65	10
46	0
213	298
0	17
0	17
0	0
0	0
0	0
9	6
46	0
48	261
0	0
310	0
0	0
4313	5
0	22
111	440
0	0
0	0
8	145
0	1604
0	1563
0	1707
0	1748
0	701
0	211
33	384
0	107
0	0
40	1633
0	235
0	103
517	2655
1432	2655
17	0
1155	0
21	23
23	0
105	0
90	445
0	74
131	0
499	0
3044	3
43	0
0	10
216	0
18	95
897	0
0	0
0	185
0	101
0	118
217	0
0	113
1	129
0	217
0	211
0	217
0	207
0	207
0	176
0	8944
0	8927
0	8944
0	8449
0	8950
0	7066
1	18
272	5
1	0
9124	131
0	29
3	29
70	0
86	767
0	308
13	0
0	617
0	617
50	0
9	219
0	13
67	0
10	0
0	474
0	5
0	0
44	940
122	0
58	5204
0	4879
17	97
0	97
0	0
102	0
0	0
0	10
0	8
0	8
0	8
0	8
0	36
0	1882
0	1882
6	1861
9	0
0	1705
86	983
83	0
222	0
15	0
384	1738
282	0
0	197
0	204
0	188
0	112
0	145
0	126
0	126
38	0
0	96
168	0
0	1
107	474
0	0
42	231
0	167
697	0
0	62
70	0
1357	6725
0	665
0	1388
204	1402
69	714
0	806
17	0
650	0
4	0
142	874
1341	0
93	0
0	114
0	1021
534	0
1057	1
0	0
0	190
1139	0
0	445
0	428
185	0
82	33
0	1412
111	1412
151	0
6	0
0	82
0	53
38	0
5	61
0	61
0	18
93	1
0	1410
1577	0
169	3403
185	3403
8	4502
0	7237
160	6371
0	6363
0	3704
0	1556
0	1569
0	1358
13	1457
0	1169
4	0
0	673
0	691
0	673
0	1595
0	0
185	775
0	563
4	26
15	177
124	16
0	16
44	0
13	0
12	16
56	504
118	107
0	1916
0	600
0	0
0	136
104	0
60	0
50	162
137	0
290	679
0	679
0	258
0	199
0	0
149	588
19	6
0	51
0	0
0	108
0	253
0	3
27	95
0	95
24	296
91	300
0	0
505	0
0	374
15	0
2	3224
4	3224
0	108
0	108
0	216
153	0
0	0
0	759
0	67
0	1096
0	1412
0	1060
0	1050
574	106
0	0
168	0
0	0
8	0
45	0
245	0
0	0
143	0
1	0
0	39
105	46
0	36
0	0
0	0
0	0
4	81
0	81
0	0
10	15
11	0
0	0
84	0
176	0
0	968
0	0
239	305
19	305
163	0
82	0
0	9
6318	4
0	144
0	132
414	0
3	24
0	0
54	0
0	0
36	39
17	56
2194	0
0	3261
0	3231
0	3218
0	3165
0	3153
0	2795
0	2602
0	182
0	1912
0	1628
27	228
1190	0
24	2063
0	795
74	967
278	0
6978	4
0	0
0	1638
0	1632
0	1823
0	0
3	1003
77	1003
8	2
4	2
0	39
0	39
0	0
225	0
0	0
555	0
2	5
0	6
1	5
61	0
0	936
159	1009
0	175
355	48
3	0
0	889
13	899
0	787
2	899
0	899
0	0
0	60
0	1060
0	1060
0	914
0	1059
0	727
5533	5
0	682
0	2
0	0
0	0
844	0
0	0
1426	0
1	3
172	0
5274	0
0	88
0	88
0	88
35	117
1	117
0	0
203	79
0	79
689	80
29	201
0	201
16600	12
88	0
0	1
271	0
1870	2
375	562
0	562
1501	0
1336	0
704	0
0	221
3	221
0	0
26	0
3	0
0	0
0	0
0	0
0	2085
0	1445
0	1444
537	2133
0	1446
883	2129
134	0
2075	1
0	0
1029	0
419	1
99	0
1	0
0	0
96	0
0	311
37	311
0	311
285	276
0	173
0	8
0	0
0	8
0	8
0	8
0	8
9	0
79	9
7	28
531	30
0	0
0	0
0	10
0	10
119	0
0	0
5	110
4833	5
0	244
0	287
0	287
6	189
18	1
36	0
0	4
0	0
0	0
0	0
0	0
0	0
24	0
56	0
21	0
0	0
0	0
279	1513
0	50
655	1
46	139
0	0
308	0
108	408
0	67
41	680
0	680
14	0
14	0
304	1
0	849
203	0
19	591
0	580
0	570
0	0
69	1283
0	0
103	38
81	801
2	920
0	551
0	131
0	0
0	40
38	0
2488	2
0	3
0	3
0	3
0	0
0	0
0	0
792	0
791	800
0	514
102	0
0	11
0	11
0	0
57	0
0	1415
2572	3
1	0
263	0
575	0
15	194
38	0
504	1
0	0
414	912
0	912
255	0
0	0
0	0
30	0
8831	7
0	1566
0	1564
101	1007
0	356
70	10
1	497
0	249
298	0
192	0
204	0
15	164
6	164
357	0
38	72
55	177
0	0
817	963
1687	3
0	0
41	0
92	68
0	68
52	0
8	31
0	31
0	5
513	0
699	30
0	0
330	394
0	394
0	26
0	26
0	0
6	0
27	0
16	0
98	0
3	2687
118	2687
0	1020
0	481
27	24
0	24
0	0
0	0
1	12
5	6
3	6
15	386
16	0
0	0
57	1388
11	415
2	362
0	282
1183	60
0	0
0	692
17	45
0	45
8	0
0	0
30	0
96	0
0	133
0	102
0	133
0	0
1291	0
0	38
32	278
0	278
3	0
0	0
0	73
300	0
949	0
5	0
316	0
263	2000
0	2000
40	826
0	0
104	0
312	6
696	1
25	0
0	40
2	40
9	0
3	16
0	0
0	0
14	23
0	23
0	27
360	0
73	0
35	258
0	0
18	362
0	0
0	0
0	0
0	11
6	0
5	0
367	1
4422	1578
0	58
0	58
226	4
813	0
208	0
0	0
3	69
44	0
3	63
0	0
1201	0
1	365
2430	3
35	0
0	139
5	0
0	0
61	0
3	0
815	0
302	11
2526	9
915	0
0	39
134	1
0	159
0	163
54	0
266	348
0	348
571	0
879	0
27	0
0	226
34	226
123	0
125	735
4	735
0	0
594	0
0	178
8	0
393	0
0	0
3	796
182	796
1675	6
676	0
0	10959
22	282
0	313
83	123
0	49
16	0
0	0
494	0
0	890
0	0
111	662
311	0
0	2
0	2
0	2
63	0
4	45
4	0
928	1792
0	1792
0	7
2	551
0	6952
6	0
0	0
0	0
846	0
770	8
450	1
1655	0
16	0
0	0
0	0
0	0
4	4
0	0
0	0
3	58
0	32
777	218
0	164
29	252
3	4
0	0
0	1
1	17866
1873	17869
0	9
141	0
34	480
19	472
0	462
0	0
3988	2
0	765
907	0
13	3
1765	0
910	1354
0	190
1045	0
0	91
1	78
69	100
647	0
4	0
244	11917
569	0
0	0
747	0
0	28
0	28
8	0
0	419
0	403
0	404
18	413
183	0
0	1444
256	0
55	13
651	115
1226	0
137	1798
932	0
18	0
1694	2
585	160
4	185
0	247
53	248
629	0
208	0
0	1843
0	94
187	0
280	1
0	0
0	0
0	7
7	54
81	0
146	0
21	432
704	0
252	0
0	610
1629	4
0	1000
0	1001
0	391
0	406
0	0
113	0
3824	9
11	5
2	0
29	82
0	82
858	0
0	913
16	329
7	21
0	759
0	736
0	758
0	817
0	855
0	1597
143	1598
19	79
259	0
0	54
0	165
252	487
0	522
21	427
110	0
0	659
358	3642
0	1098
0	1098
2211	0
266	5703
14	5702
0	0
11	0
0	0
0	0
0	11
0	11
7	11
0	11
0	0
60	0
417	831
7	89
661	0
397	10
1305	1819
0	589
0	28
0	0
0	4
0	3
0	3
0	3
0	0
0	0
5	525
1720	2
48	13
3	43
1	43
75	151
171	663
225	663
1913	1428
0	0
1	583
3963	5
1451	0
0	0
30	0
2303	0
394	9
0	66
5	66
0	30
0	14
0	5
40	0
0	0
32	173
3	298
0	858
82	570
4	991
0	886
426	31
505	0
97	0
32	0
4	0
0	0
982	528
7	69
2498	1
42	399
0	1024
29	146
0	278
3078	0
239	1060
100	0
0	0
0	0
13	414
0	11
6598	3
1	0
1	0
36	0
185	162
4457	3
109	0
2191	2
0	0
45	0
0	0
0	559
212	0
30721	56
70	0
0	90
0	661
2547	1
34	0
0	197
0	1838
0	6
0	6
350	4
134	0
0	0
5908	0
0	669
12	296
4691	2
32	84
0	939
1161	1
0	1324
962	0
13	0
1019	0
9	1074
0	1899
0	59
0	59
7	84
0	158
0	11
0	11
0	354
36	354
187	1269
0	0
111	0
44	538
3	0
0	6030
135	823
1	0
2	0
0	0
0	0
9	0
86	0
0	0
0	1359
471	0
280	0
0	139
0	1201
0	360
0	0
0	0
0	1
0	1
0	68
0	102
0	272
26	0
0	29
1502	0
0	0
119	1074
107	337
0	295
11	338
2	338
12	171
48	0
23	58
0	413
4	14
699	0
1	0
958	382
0	379
9242	19531
1023	19521
0	6
152	360
0	159
2	24
0	1398
853	1007
0	150
0	550
0	550
1	480
0	157
146	0
228	76
0	1132
0	0
12	370
0	0
2	257
0	27
0	273
0	314
38	327
152	0
109	0
10	0
0	764
0	286
1169	0
0	3
0	3
0	3
18	125
0	0
3	0
0	48
0	1133
0	233
154	940
3415	4
9	0
385	0
36	201
9	201
2	0
0	51
0	48
213	480
0	19
0	31
0	237
0	931
0	929
2147	1
19	389
0	271
575	5
21	0
22	0
0	7811
76	0
0	0
1	22
1525	0
23	849
71	228
53	19
0	19
142	225
0	0
0	61
0	318
0	217
0	295
0	0
2424	2004
666	2003
0	0
8362	16
2	3
2715	479
2058	479
0	195
0	1305
2	1
0	197
1011	0
0	584
0	0
243	522
0	26
0	21
11	0
2	0
368	0
0	2176
74	35
0	292
51	0
0	68
305	0
96	2776
0	0
1	7
199	0
273	1710
555	1798
0	3
20	6
0	0
0	92
0	92
0	87
0	95
0	95
0	95
0	95
0	95
77	453
1794	0
18298	15
0	444
0	0
0	314
0	321
0	276
519	0
156	23
0	19
91	0
3	0
0	810
0	0
21	0
0	0
15	175
1469	209
802	210
53	0
0	557
0	2053
0	0
61	69
0	69
361	0
0	316
2	358
1	289
4	336
131	0
0	0
0	0
0	0
0	234
0	96
0	0
0	0
113	1102
0	1102
0	323
32	112
0	112
55	120
0	0
9	0
5	288
563	0
6	0
0	18
3	383
2768	383
599	40
1	158
0	127
0	46
21	308
2	27
0	27
0	0
0	0
1225	3
0	0
108	0
0	30
28	30
0	4
0	271
0	79
0	79
2	0
30	27
6	0
0	3
0	216
0	0
4	0
0	1573
0	16
0	2
0	2
17	0
24	156
0	54
69	118
5	469
5	959
0	959
543	8
32	212
24	1537
11	1537
21	0
0	0
0	443
0	1
0	1
7731	6
0	1108
61	104
95	0
74	889
14675	15
0	62
0	86
29	0
0	162
0	3
7	433
0	433
326	346
0	193
0	1268
0	853
87	333
0	48
0	0
0	0
700	0
139	0
7	75
0	0
0	126
0	0
0	10
16	0
0	2607
206	1325
0	27
0	6
0	6764
0	6932
0	7055
0	112
251	0
0	1255
0	1832
59	2267
23	1644
7154	7
9	17
0	682
0	2093
0	0
0	0
40	620
0	620
0	1420
0	206
0	29
0	29
0	12
0	0
0	4
0	11
0	1316
1	9
0	0
8	121
0	6
0	1429
0	9
0	99
0	24
0	80
0	54
0	0
351	3
390	0
8	429
0	207
0	0
89	1453
0	2031
15	12
660	169
45	0
0	1044
0	778
0	2
0	0
0	64
47	1089
505	1089
0	460
16	0
0	26
812	3233
0	0
0	0
0	28
0	308
1636	2777
0	0
5	24
0	0
0	6065
0	40
0	48
20	119
0	0
0	151
0	0
0	0
459	0
0	0
23	0
276	0
0	1471
0	0
1	0
0	0
0	2101
0	159
186	0
0	532
0	0
0	1302
6	0
33	408
8	0
18	0
0	196
875	173
17	182
3	181
0	174
16530	18
0	68
28	603
0	665
0	273
0	358
0	32
151	864
2713	1133
0	1125
512	0
422	2540
0	181
1	995
2	4
43	0
0	528
0	376
0	24
0	543
0	537
0	633
0	658
0	747
267	0
5	16
0	2926
0	608
0	207
0	208
0	0
3	29
206	0
0	7
0	0
549	0
0	3
0	3
0	3
0	3
297	1226
4	3
106	764
12	255
0	255
0	0
13	456
0	479
0	0
4	1041
0	3
0	1
65	770
0	728
0	754
0	790
0	0
0	138
0	11626
0	11898
984	2
0	0
0	419
0	15
0	15
0	4
21	80
6	0
10	63
0	0
421	627
0	63
775	0
6	0
0	89
1	238
907	0
0	1119
409	1
0	11
0	11
162	3272
17	1386
0	370
1991	0
65	493
25	7
691	5
0	107
0	0
0	0
0	1995
24	202
0	863
86	619
0	571
0	1298
0	82
0	0
0	0
196	0
0	1007
65	160
117	1
20	298
4	32
0	1178
0	1184
0	1370
0	1370
641	0
0	0
48	68
0	0
0	143
40	0
4	26
1	133
0	251
5577	3
1068	0
0	526
747	0
54	109
9	38
0	115
79	307
0	0
0	0
0	1020
0	71
0	47
3568	9543
0	9541
0	6
21	598
0	598
0	1
0	3
0	316
0	0
60	1472
0	45
388	0
15	57
1	0
0	198
0	6
18	21
513	3172
0	159
0	0
0	12
0	8
22	0
13	116
0	0
0	2
0	408
0	0
0	0
0	0
0	0
0	0
0	0
0	124
0	0
0	411
0	110
0	298
233	0
126	1945
0	358
119	358
0	0
0	835
0	0
281	0
0	93
0	89
0	89
0	96
0	57
0	26
0	75
0	17
0	0
0	3
0	58
4	138
0	175
0	0
0	38
0	0
0	0
0	483
0	617
0	185
0	298
0	636
0	109
0	30
0	444
0	263
0	0
0	235
133	405
0	202
0	200
0	203
0	119
0	152
46	891
0	18
0	14
1639	809
99	808
0	1868
0	335
17	59
707	2
130	197
23	197
0	18
2	38
0	38
0	457
110	452
0	208
7	204
0	0
67	258
0	0
35	56
2293	14918
152	0
0	86
0	572
0	0
15	1202
1167	0
0	204
3	204
0	197
7	126
0	436
0	0
0	0
0	1
0	10
0	10
17	23
138	802
0	19
3	0
0	3
0	3
1	117
36	276
241	10460
0	10540
0	209
160	58
777	2118
0	0
12	123
0	560
0	333
0	68
282	1428
0	900
0	28
0	450
0	187
5	149
769	1487
0	879
0	966
0	738
0	84
0	0
0	14
0	460
14	399
0	14
5	0
0	294
0	5
0	663
15	0
0	72
242	0
1270	0
0	7
0	32
726	0
0	0
0	34
0	2271
0	1107
6	192
0	0
0	9
0	0
0	3
0	3
1	7
2	0
0	62
0	40
0	4
0	213
809	0
0	204
0	84
155	217
155	147
0	0
1	11
2	0
137	0
62	145
4610	0
4	0
329	7345
8	1
0	0
1365	0
0	0
0	105
4	94
0	57
0	0
1	1622
0	1456
0	0
60	0
6	0
0	26
0	2537
0	2209
0	0
0	0
0	316
280	316
0	294
29	239
0	117
127	1195
0	0
0	0
0	5092
751	0
12	75
0	41
246	401
0	757
0	613
0	754
0	757
0	757
0	572
0	653
0	504
0	752
41	3
0	438
0	942
21	6692
6	9154
169	88
6	22
0	114
0	113
0	114
2090	7
0	3
0	3
0	3
524	3896
32	64
127	362
61	0
16	0
9	10
0	10
0	0
126	403
86	182
17	0
0	3948
0	2138
2405	929
530	929
216	1769
0	1725
0	1470
180	1819
0	1626
1211	0
2	282
56	2140
0	1965
1	9
1472	0
9	2
64	18
239	0
0	651
2	619
0	685
0	424
0	290
0	378
2296	15175
1893	0
58	0
0	0
0	0
0	181
0	1114
0	1114
12	854
0	892
360	9256
0	2048
45	10858
345	0
52	151
0	762
0	823
848	0
414	14526
6	2237
0	2308
0	2248
0	1603
0	0
0	0
0	581
0	0
6	19
0	24
18	984
0	1119
0	398
3	220
29	105
12	20
0	0
0	0
152	0
5	152
0	392
7	0
754	0
437	820
1435	0
0	154
0	114
0	0
8	1
0	264
329	1069
0	0
2299	101
0	0
39	0
63	855
0	0
0	7033
0	7033
0	7315
0	5357
0	3656
152	0
1	352
3	95
0	0
0	0
0	8
2935	1
0	5
0	13
46	1128
0	1082
0	1128
2	1121
0	7
34	0
0	81
0	134
0	179
95	776
11	15
8	15
675	200
0	31
0	118
0	160
3	254
0	24
203	235
457	780
0	534
0	99
8	0
0	0
0	24
38	12
18	0
0	373
0	0
0	0
337	5897
9	0
0	12
0	12
16	103
1	0
253	0
0	415
0	385
21	2169
98	2169
0	156
0	96
0	0
714	710
0	710
0	5163
114	0
0	0
0	956
88	956
36	330
0	330
0	141
36	26
15	366
0	41
0	7
0	83
27	31
152	4
0	177
0	106
1455	1
16	0
0	0
0	0
5	2765
678	2751
17	189
0	22
84	35
0	970
1361	1
0	473
2820	1
0	597
0	0
0	0
58	261
0	261
63	1
5988	4
87	0
2	1
103	1
4	0
0	0
84	0
0	0
964	0
0	0
0	0
35	0
0	587
156	335
0	1
6	1
0	0
0	0
0	78
0	30
0	1544
3	1821
0	18
0	219
100	0
0	0
0	0
42	0
11	10
8	1130
0	1167
0	1083
920	0
4	14
139	0
0	19
2488	0
83	0
0	0
0	891
0	887
20	0
0	1018
0	1129
22	0
0	36
501	0
5	36
0	295
0	294
141	158
46	3
0	22
0	22
5	3903
0	3893
0	114
0	16734
438	2
0	230
0	111
0	97
0	0
28	0
2	5
301	1
0	247
0	227
311	3
223	0
9672	6
0	1848
0	0
2459	2
14	35
0	270
417	0
0	0
4	323
0	0
0	0
0	50
0	49
3078	4
0	1607
5	5
0	22
1254	2456
0	2456
0	0
0	0
6	181
0	181
0	120
0	19026
0	19182
0	21611
0	21562
0	18740
42	12103
387	1
40	12
0	2390
0	2583
5	92
74	687
6	1141
0	1161
0	707
0	704
0	11
11	0
332	1096
206	0
0	0
0	79
3	0
269	0
2	0
13	0
23	0
0	0
0	0
30	624
0	0
0	0
0	0
901	0
116	0
350	1
0	0
22	63
0	0
10	5
5390	5732
2169	5731
13	98
21	0
0	24
0	1578
2159	8
855	3
0	152
92	241
0	0
3261	0
186	0
0	80
107	623
13	0
62	0
319	892
259	892
130	0
2	3
404	1
213	0
0	4596
1	850
0	0
470	21
2094	1349
0	1348
562	0
709	1
0	551
113	0
0	8354
447	0
115	2
1967	3029
0	129
0	0
15	581
0	269
0	0
703	2869
0	846
0	742
0	831
0	861
0	831
0	831
0	831
0	77
0	221
3	0
117	0
2	5
0	5
14	233
0	176
3410	5
356	0
0	0
118	144
455	0
0	230
0	865
59	2212
0	2212
0	0
3853	2520
0	2518
0	7
0	7
1196	682
0	0
1369	0
22	1
0	7
0	7
0	6932
0	6754
0	6486
0	5343
0	5785
0	5972
0	6297
0	5645
2	6070
0	6920
4	20
0	0
420	1
0	0
0	4
2341	0
2330	1
0	0
655	0
0	2
2	2
0	2
18	59
126	1112
24	0
80129	68
0	668
163	0
69	1062
471	1062
66	0
0	0
0	403
412	0
0	26
0	2
0	2015
0	0
0	0
0	7
84	179
24	179
0	0
103	477
0	0
1	0
109	2805
0	2800
0	0
0	0
0	0
0	0
2783	1
6	0
0	0
0	0
0	0
708	2
2	0
35	0
0	646
8	0
0	449
0	84
0	848
77	848
0	0
274	813
1	813
0	0
0	0
0	0
88	0
0	162
0	300
80	0
0	1317
4811	11
0	0
3	0
678	2
0	0
0	0
0	0
146	0
0	243
77	248
897	0
126	4405
0	4405
0	152
12	158
0	526
2	0
0	0
5	0
0	0
247	0
2	0
29	588
0	588
8	134
0	134
394	74
0	398
0	392
0	411
169	851
286	851
470	4
424	1208
17	0
7	349
16	349
0	268
24	0
35	622
8	622
1	0
0	0
120	0
959	3050
0	3050
0	15
0	0
9	0
22	0
0	1780
21	273
17	0
131	2
0	0
0	0
0	50
0	50
11	1
9919	12797
452	1
0	0
0	66
0	88
11427	9
0	0
0	0
18	221
782	2959
22	0
1720	3336
3	0
3	0
0	2754
0	2859
0	2956
0	2883
0	2883
0	0
0	32
2	0
6	69
6034	11
90	74
343	1487
541	2796
0	199
0	129
0	0
0	0
200	0
0	553
0	481
0	425
0	0
9	0
128	0
0	1
469	0
2273	1
0	0
0	12
81	8
46	0
0	0
0	0
16	0
60	0
5	2
113	0
8	8
0	0
255	1
35	0
0	0
52	0
0	153
287	0
253	0
0	23
86	0
12	1
123	0
2671	3
0	45
5033	6822
0	2943
0	0
1162	0
0	454
300	1990
810	0
0	22
0	3519
7	5
0	1139
48	156
0	302
0	296
353	0
7167	4
106	1566
0	26
0	1252
2	0
32	36
23	9
1031	0
92	0
0	469
0	91
80	0
0	254
1495	0
2484	0
0	6
6885	10
864	115936
3990	115942
11	0
0	13
0	13
0	13
85	123
0	3909
2229	1
2	6820
198	6820
393	0
0	129
1338	0
0	0
15	0
69	0
147	1
3	0
0	0
0	0
112	631
0	0
50	4540
9	4508
1	4530
0	4498
0	4
138	0
0	0
5	0
2107	0
0	274
0	364
53	116
7	116
3268	5
242	0
5396	2
777	3803
0	0
443	0
296	0
0	166
0	375
0	374
0	375
0	375
107	0
91	168
0	0
108	203
4239	3404
649	3404
15	1587
0	272
0	272
224	0
45	402
219	6
0	170
0	2
0	0
0	0
0	202
16	202
0	0
152	0
3612	2
0	0
18	428
0	3
0	3
11	0
268	601
0	601
110	0
0	0
48	62
3	0
17	0
25	0
169	577
0	577
0	33
38	33
11	339
0	341
0	448
0	375
0	415
15	0
11	0
155	0
258	1647
0	36
0	34
146	149
280	492
145	492
17	1099
0	0
0	0
56	552
0	44
0	44
0	105
0	96
0	105
8	96
0	105
0	13
0	11
1893	5
0	0
183	1604
62	1604
30	64
0	58
1999	7795
5010	7801
0	0
0	9
0	11
0	8
43	505
0	493
0	194
0	183
0	0
0	0
0	0
0	0
0	0
0	0
0	0
0	0
7	41
0	131
7	39
204	1697
24	0
1316	1
55	542
99	542
5141	1
231	0
104	329
74	900
86	231
2678	1428
569	0
364	0
0	9
16	782
0	1
27	315
0	315
0	0
895	0
0	0
0	0
775	0
25	0
7	1650
0	1255
3	296
562	4
0	0
0	10140
700	27
59	27
0	133
109	0
189	0
10	241
11	241
0	241
2	373
1845	0
120	7
65	807
0	0
0	0
0	0
38	0
0	40
6	61
0	0
0	0
7	414
1	0
0	6
0	10
0	10
62	0
0	16
0	0
3	74
0	74
0	0
9	15687
1433	15690
3	110
2700	6
0	22
0	132
1	132
10	52
0	46
6	38
331	225
0	225
0	18
100	0
0	25
0	0
9252	5652
442	0
0	375
0	0
18	841
0	195
83	0
0	2960
0	18
52	0
116	503
0	10
0	149
0	138
0	0
145	1260
9	19
0	19
181	590
0	590
41	0
12	142
48	0
0	15
4	2
3	2401
335	2401
1333	5
0	141
22	141
0	8
94	0
0	0
0	24
0	114
1263	0
4	28
0	20
9	791
12	731
0	731
49	465
0	0
2	0
0	163
158	841
58	88
0	94
0	74
92	62
4	141
513	825
348	0
29	53
0	53
0	67
11	3
10	0
0	0
0	88
125	0
502	4
57	488
10	488
0	2
13	184
186	600
0	330
0	271
0	331
0	330
0	0
0	40
118	0
0	502
0	6
0	0
13469	10065
257	9848
483	8721
94	8992
154	9079
127	9242
2	2719
98	3078
95	3454
204	3260
122	3189
0	6725
0	708
0	714
6	717
0	699
3	42
0	0
0	0
0	0
4649	2
0	0
0	999
0	994
0	1010
0	501
0	0
0	385
0	0
0	1
1649	5
0	6
0	258
2588	0
0	1194
53	0
138	0
5	18
261	0
10	421
1580	4
1565	1340
18	255
29	112
21697	24
1	0
0	111
0	3616
0	0
0	0
0	0
0	0
521	2
163	2385
0	0
0	154
8	4
8	0
96	144
435	392
0	392
419	0
0	541
0	540
0	215
0	0
88	0
494	193
0	15
271	0
26	564
45	126
224	296
21	296
152	720
234	3584
0	3584
0	156
127	150
20	27
0	737
0	0
13	802
252	756
1193	2
0	20
0	20
0	20
0	1
3261	1
7	0
0	143
0	1638
0	1625
4	1
64	59
0	1370
1	2478
2835	5
0	481
0	550
0	550
0	395
0	467
0	348
0	266
0	75
0	228
0	15
0	0
278	918
27	7
48	8
0	9
0	0
0	0
0	58
1	1227
0	1226
0	170
370	0
951	2
1	108
373	0
0	0
0	0
0	144
71	247
0	58
0	214
0	129
0	152
0	156
12	921
0	921
0	34
3030	3
61	1894
0	1827
3	0
49	491
0	0
0	0
2324	3
0	17
0	17
0	0
22	0
142	95
143	0
92	210
61	0
0	647
2621	4
0	9
0	9
0	36
4	0
900	1
66	0
0	0
0	0
3	0
0	240
1	240
0	1098
0	444
0	0
14	10
0	6
447	0
0	0
0	315
2	1957
0	715
0	40
0	52
0	374
0	374
2	59
84	28
2	643
0	643
0	692
0	386
0	3
150	0
5	110
0	156
0	214
4	0
52	0
2	0
41	0
0	110
19	919
0	919
0	0
0	0
0	22
0	33
0	33
218	0
426	0
0	10597
505	61
0	61
0	61
0	0
1170	5951
0	1
0	1
108	96
14	59
773	0
0	836
14	836
0	0
0	0
252	1223
41	1223
0	87
0	30
10	231
20	277
42	462
0	462
0	266
0	0
21	0
0	2564
17	2564
0	31
0	1224
1258	1
29	0
0	635
8	7
146	950
0	250
245	4
0	5
0	0
0	0
0	5
0	5
0	5
0	0
0	5
0	477
160	1
0	39
0	0
889	0
1220	22
0	22
0	0
4130	4
35	134
0	799
0	302
0	302
0	292
0	240
0	232
21	575
517	0
0	1115
827	1794
0	0
6	82
0	78
0	0
4263	2
0	2533
5	0
101	645
0	114
0	114
85	114
183	91
0	178
0	220
0	1767
15	0
1738	2
3266	10
611	0
250	0
9	7
753	0
0	0
3957	3
0	116
15	0
0	816
219	8
6	8069
5	8400
258	0
634	0
58	69
0	144
2	62
0	137
0	294
357	307
127	0
0	0
0	0
0	144
3943	5675
4562	3
0	63
3	62
0	62
0	5
1247	350
146	2048
131	226
19	0
0	0
0	736
282	739
45	248
17	496
0	496
0	103
937	22537
104	379
0	9
0	1649
13	1649
24	1419
0	116
0	75
0	88
0	154
332	509
4	31
0	215
4	159
0	27
0	2
0	2
0	171
0	234
86	2382
0	2382
0	210
12	0
0	2
0	2
0	2
0	0
24	0
0	812
0	1522
0	0
0	12
0	0
0	99
17	107
308	4304
433	75
0	0
0	0
0	0
0	0
0	0
0	0
133	0
0	0
0	0
0	1
0	1202
0	708
0	241
0	227
31	0
0	124
485	0
1023	2
93	158
0	10
0	10
0	97
0	195
0	1803
18	678
0	16
0	5
0	950
49	0
0	0
29	41
15	0
0	6
0	273
175	5
121	341
0	1454
0	0
403	1
261	0
0	88
118	82
2237	1
0	15
0	98
0	364
1	1594
67	173
384	0
355	342
2	934
8	947
48	0
0	1
258	0
0	1032
0	976
61	98
0	88
0	6809
26	39
80	216
1205	0
0	224
0	4223
185	465
0	470
0	0
307	0
5	1332
70	1332
0	2
0	82
7	11
563	771
0	639
58	639
0	94
0	109
0	120
0	3120
0	10625
7	607
0	265
14	0
0	0
0	0
0	0
61	2
0	69
0	0
11	808
0	727
6	19
0	8
0	0
13	240
0	33
0	993
72	993
0	280
20	346
0	2643
33452	37
0	0
545	0
0	1199
0	6017
2612	4
0	318
94	402
0	0
7	7
0	7
3031	8029
0	0
0	0
0	329
1	3648
876	3649
48	0
0	0
0	1
3	21
0	7171
0	0
0	6
0	0
0	8
77	1496
0	0
0	0
3	0
0	0
26	178
0	0
0	26
0	9
2	582
0	208
0	0
0	2234
0	2468
0	221
2521	31251
104	31251
260	0
0	379
1339	711
0	711
0	47
0	332
56	179
15	195
823	0
250	0
0	760
0	960
0	24
0	0
131	953
4	5
0	16
0	34
0	0
57	1784
214	1784
81	135
53	135
6	422
0	0
0	614
0	0
12	90
0	25
0	1
0	0
388	0
198	0
136	0
99	0
1090	1
0	0
0	0
12	595
747	8536
0	1561
0	313
0	104
154	1610
0	38
3614	5
0	0
0	718
21	60
0	0
0	385
68	1753
0	1623
0	733
60	1009
225	89
0	89
0	95
0	330
0	328
0	330
0	330
0	2492
5	2566
65	5449
0	4902
0	1490
0	7006
907	1
4594	1414
0	1412
26	0
0	100
0	247
0	3
19	528
0	20
0	3
0	8
0	8
0	16
0	0
0	1140
0	164
27	33
0	0
214	0
0	9
556	0
8	584
5	545
0	462
0	305
52	168
26	110
16	173
0	47
79	0
13	121
4	1056
59	529
0	0
256	0
59	169
0	1147
25	1225
0	1100
0	1225
0	1113
48	1039
25	0
0	42
0	0
1083	0
0	0
7	134
0	4
64	0
0	11
0	8
0	0
0	0
0	106
0	12
1996	0
201	188
0	20
508	3398
0	280
0	280
0	256
0	0
0	244
60	0
0	0
0	0
0	764
18	0
0	256
0	0
0	0
99	3
347	0
0	0
100	8
5	37
0	251
0	23
0	23
390	0
0	88
80	0
0	8
0	3669
0	3015
0	925
111	211
0	211
0	211
89	179
82	1001
6	0
0	15
13	789
0	53
0	4
166	56
828	43
0	43
2	739
0	703
0	0
0	0
0	24
0	1763
0	1408
2	165
0	0
0	0
4	47
29	12
0	8
188	61
6	0
0	0
155	255
170	622
0	0
0	0
0	0
0	0
1530	0
0	0
354	971
0	971
25	98
1239	0
34	2523
0	2176
0	2334
17	709
0	107
0	33
135	467
8	0
50	126
21	0
42	299
33	299
0	383
33	975
0	975
0	20
0	12
5	563
281	591
1	168
0	0
569	1
0	235
0	195
33	1485
2	0
0	16
600	0
68	632
217	729
0	0
4	16
0	334
0	344
17	1695
214	1695
0	43
0	604
0	598
0	638
0	0
15	864
19177	29
142	993
1971	7
0	301
153	53
0	13
33	15
74	1053
0	1053
448	190
0	190
0	4142
1410	1
0	245
0	501
272	630
0	0
0	0
0	0
0	0
0	0
15	2971
0	0
21	281
0	52
0	261
5992	9
8754	238
0	808
99	12
0	782
0	0
913	1
0	73
0	0
544	0
0	39
0	39
3088	2
0	550
4	0
0	0
0	0
6	519
0	0
435	746
16	88
0	88
0	393
452	0
721	162
0	161
21	152
0	731
285	0
1407	0
1428	3
23	0
4	144
289	2481
34	171
9	171
0	14
108	748
0	748
0	22
3	0
0	495
0	25
0	25
0	0
12	102
6750	12
118	0
26	288
2	11
0	0
13	0
1	12
0	981
267	2737
12	10
0	10
0	10
0	14
0	16
0	0
945	1
2331	1
0	684
0	616
0	809
0	0
13	0
1645	2
0	0
270	0
1896	1
1143	10
822	0
0	17
0	78
0	55
3375	1
31	0
0	10648
0	0
9191	9539
617	291
0	180
0	157
14	0
0	7
0	7
0	86
0	0
82	0
822	0
0	0
0	2097
0	802
2	824
4	7
1	0
326	535
0	1025
77	791
0	0
0	471
4	371
0	239
241	124
0	0
5	224
101	0
0	10
426	1
252	2
0	1948
0	1951
6	8
0	0
0	66
0	0
0	0
0	0
0	2365
0	2380
0	1230
2	1249
0	8528
0	8704
0	1
22	3
9	438
0	385
0	385
0	67
126	559
0	559
0	415
0	361
0	92
1	0
0	0
10	0
141	16
226	1289
0	0
0	432
0	426
3	297
2977	2
0	0
0	878
1604	0
0	774
3	1
2	1
0	133
108	0
16608	19
2	3
32	9
0	383
612	1559
86	348
4	62
65	348
0	0
0	0
11	0
42	193
484	344
24	4
0	8
0	8
0	8
149	1071
106	985
241	0
0	352
0	239
0	17
2	43
0	24
0	16
0	1985
0	1985
80	31
246	1056
26	1056
0	3
0	3
0	3
0	3
0	35
42	217
0	217
0	207
0	389
0	48
0	50
0	0
484	0
0	1375
1164	2
19	29
212	1233
0	536
27	113
197	0
1	2769
30	2745
0	70
7	0
0	879
0	148
0	197
5	197
0	15
45	3
0	0
30	0
0	41
135	440
248	0
0	10
0	10
10	0
341	0
0	12
0	0
0	978
12	0
53	0
0	54
0	1515
0	1515
28	3
0	115
15	500
202	0
23	0
0	54
24	0
0	1220
2075	792
1562	796
0	0
36	50
443	0
88	417
7347	6
0	473
404	35
0	22
0	0
5	218
25	218
2863	1
3614	2
1907	415
0	414
0	237
355	1
11	52
0	0
6361	4
0	556
0	530
72	156
0	0
0	0
0	0
17	493
196	95
0	0
0	352
3	149
0	84
0	4
6	31
666	2
0	25
0	5
13	0
281	0
1	4
0	4
3871	3
43	0
636	0
4	95
14	174
0	106
0	784
0	313
37	579
0	142
0	145
475	0
1032	0
601	1740
0	1740
3	68
0	0
0	177
0	0
330	0
0	0
1383	8662
0	39
0	39
0	39
0	39
0	0
846	2
0	25
0	13
0	1
0	1
0	0
426	0
464	0
576	0
65	0
295	0
242	177
17	105
87	0
3245	423
0	423
6865	4
16	0
501	0
0	815
0	53
0	5262
461	2416
0	760
0	0
6	74
0	0
0	0
0	0
0	0
0	10
0	10
278	0
0	0
0	0
0	312
0	78
107	916
7	264
7	812
465	1
9	39
1	39
68	0
0	0
1	38
0	1532
95	183
0	1652
216	0
0	0
469	0
0	1376
0	1196
115	0
0	0
0	52
0	52
0	17
0	88
14	412
194	1018
0	150
3	2155
139	2076
0	2072
483	0
0	74
0	72
6	30
0	30
4232	3
4	0
0	1
0	1
5	7709
27	6755
0	6975
25	0
0	0
0	79
5	455
0	417
7	0
0	536
1915	13
5	201
519	1
0	0
0	0
441	0
0	247
51	0
0	0
33	0
4	0
0	0
0	163
0	147
0	134
285	1
0	37
0	183
0	415
0	0
1	0
3352	0
0	172
0	4
21	108
13	108
1151	703
22	703
141	1256
0	0
0	49
0	49
894	0
293	0
0	0
91	0
0	330
189	0
0	0
0	0
0	253
0	1115
0	583
4327	8228
0	8225
0	289
0	289
2	348
0	295
0	49
1103	1
0	28
51	785
0	500
0	213
15	116
0	38
640	3
0	5481
82	894
0	87
1147	1
0	30
0	0
5	18
0	18
4	0
908	0
1221	1
0	0
0	0
0	0
22	0
0	0
0	600
18	0
363	323
0	323
0	55
0	51
716	202
2	0
0	494
0	307
6	334
0	0
0	0
0	11
0	0
1438	0
2	0
7	0
0	7
6	0
1223	0
0	0
0	81
0	142
137	1
0	1070
9	12
197	1
0	789
0	18
0	3
0	1
10	0
0	0
5	0
0	984
0	818
0	733
3	890
0	346
0	23
0	28
0	567
0	53
0	0
0	0
0	111
1611	2835
26	0
8	16
693	0
70	240
4006	6
0	0
941	0
2207	5
119	0
0	5
0	0
1163	1
0	285
106	576
1611	0
0	0
0	0
0	6
1070	1
0	0
7	2
476	838
3806	0
0	2402
0	2406
0	2089
0	609
0	216
0	216
0	378
0	77
96	0
50	786
0	220
67	220
2	1597
7	85
0	48
0	65
52	0
11	0
0	1202
38	42
198	0
0	128
1208	3
1	140
731	0
0	0
0	37
397	16
1389	0
161	1466
4	148
0	148
6	0
294	1356
30	901
0	0
0	0
103	931
80	657
0	362
330	572
0	139
66	2
731	4503
0	40
0	42
0	42
0	38
0	42
0	42
133	0
131	0
138	331
9	70
0	38
0	0
10	0
9	0
0	2
0	90
0	107
20	107
0	20
0	0
359	0
0	0
0	1162
0	1162
1	691
97	7
101	802
0	0
0	0
1052	983
0	983
8	194
17474	13
0	0
34	1
0	0
0	1
0	1
0	0
0	0
0	1
0	0
0	0
0	0
1223	7991
373	0
0	4
7	4
190	0
176	0
0	0
0	9
0	9
0	45
0	44
0	10784
0	0
54	642
1385	8
21	1214
101	0
359	2629
1277	0
0	1904
0	0
0	1647
244	0
0	37
1	72
1619	3
65	244
0	34
0	1
21	480
5	480
0	669
0	400
71	3509
3	787
0	5076
0	4
0	9
0	3
0	30
0	4
0	30
0	4
0	24
0	3
0	0
0	26
75114	67
0	6
2	6
0	0
48	0
44	0
3	33
0	139
73	58
0	232
3004	2
0	11
0	471
1363	2307
0	2307
0	372
184	0
10	164
87	0
0	255
6	0
3	183
149	0
0	0
0	0
17	10
0	9
0	0
0	0
0	801
0	0
120	1060
0	0
0	0
12	300
0	1049
851	0
4	12
95	0
32	0
4	307
4	15
14	0
0	7797
13	451
0	182
0	1910
779	0
1383	370
53	367
2	13
4	0
24	92
0	1069
0	1143
0	438
0	438
50	0
2401	0
903	0
0	0
65	0
0	0
0	0
6	35
42	156
0	1542
0	0
0	699
7893	4
115	791
511	0
5	0
2582	0
0	72
0	1253
0	0
0	0
1568	5817
244	5815
0	24
5	25
15	0
0	438
0	71
0	629
36	838
0	840
0	879
7	1071
0	1054
10	1100
0	1093
0	334
296	0
5	3307
0	3355
0	3355
0	2977
0	2977
0	2844
0	3240
0	3110
0	3227
60	3271
0	716
8713	16
0	10
0	10
301	408
5	0
3	25
0	3
0	886
0	0
0	0
0	3024
33	1
233	0
1916	1
11	0
0	735
385	1347
7	1347
0	633
587	1
0	245
141	3381
0	609
0	432
1173	0
665	0
190	0
140	0
33	0
50	33
95	0
0	0
13	0
1348	1
0	0
0	0
0	429
0	0
0	0
1500	0
0	0
10	0
296	697
0	399
0	226
0	68
4	15
0	15
2	973
0	889
0	1617
0	19
0	4
0	4
0	24
0	294
0	0
32363	22
16	95
4	2
0	2
0	2
0	2
0	2
528	0
651	0
29	1199
1	1279
213	0
0	0
101	0
460	1
0	204
0	281
0	263
0	313
178	0
0	312
0	0
58	412
1	0
595	0
0	0
0	0
7	58
9	203
10	296
0	200
0	8
0	0
0	0
0	6
0	6
892	0
0	1984
105	1984
0	3
0	30
53	30
71	0
0	0
0	734
0	370
47	583
12	0
5502	3670
52	3665
0	0
0	87
233	683
689	0
1721	6329
774	0
437	116
1166	0
17	119
0	222
4	2114
58	0
0	0
0	2627
30	0
4	61
0	0
0	0
0	1179
0	1142
8	1158
106	0
12	1287
0	1261
0	7
0	7
13	2
92	0
0	0
6	22
0	18
0	447
230	0
261	0
0	467
0	459
0	440
0	461
0	459
0	630
0	430
0	317
0	287
2123	4
10	91
0	2
0	2
0	1944
0	9
22	2168
0	6
0	6
0	6
56	0
0	682
192	0
63	0
69	356
0	30
213	0
0	17
0	0
0	0
40	0
5693	9
19	0
0	0
26	116
745	175
258	1925
105	0
0	0
0	394
0	73
0	73
0	73
0	23
123	10
14	82
0	2774
55	0
1	0
0	0
136	0
0	6
0	816
0	990
0	3160
2818	3163
146	802
35	0
0	2899
0	109
139	3333
0	2628
0	4
0	1050
7	0
0	1228
0	213
2	40
0	0
1	60
530	5
111	1207
52	5647
0	0
0	0
0	0
0	27
0	27
0	17
17	11
0	0
0	71
0	23
0	0
0	0
0	36
507	0
0	0
0	0
40	298
0	8
1230	0
7	182
0	109
139	1
0	29
5	0
0	0
0	526
13	10
26	10
0	211
10	310
47	23
0	23
0	203
13	0
0	0
56	0
15	0
0	225
0	211
0	130
0	59
744	1
32	87908
4	26
305	137
0	0
599	0
615	0
362	0
344	297
0	1600
83	1042
1025	1
265	893
0	792
27	127
38	75
0	22
0	24
6	17
68	0
0	12
0	274
0	1083
421	4843
119	4841
0	4000
183	629
930	629
0	0
0	0
0	0
0	634
22	1879
33	1444
1	1095
592	0
1	0
234	0
0	414
280	0
3019	0
0	36
0	36
0	32
0	36
0	36
0	36
0	49
0	43
0	74
6	0
0	66
655	0
0	0
0	0
1330	3
0	1763
8	1763
348	315
0	330
0	308
14	1996
0	3379
0	490
0	17
0	17
2170	0
1	3
0	30
1152	2
72	610
1336	6333
0	93
302	955
0	0
444	0
0	328
81	0
2	75
0	0
24	3
0	1860
8	1323
0	1501
0	10571
9	0
0	144
29259	23
4302	13
0	93
65	187
0	0
0	0
0	0
0	1
0	1
0	1
0	1
1093	5646
11	0
4711	8
189	352
2841	7
11	449
0	0
0	0
13	0
161	2049
0	101
171	1394
0	0
2896	6
193	4
2284	0
60	0
0	0
0	4
0	83
55	0
159	686
360	0
0	1817
0	1770
2	9
1258	2
0	98
2	0
23	0
0	0
27	0
1126	20123
0	3988
0	1514
81	1514
70	535
0	18
0	0
0	0
0	0
0	0
0	55
182	1051
357	801
1	30
6	300
0	70
21	300
0	132
277	511
466	1732
0	1944
0	1
0	32
24	105
66	0
0	125
0	125
0	125
0	125
0	125
0	41
0	18
0	7
0	426
0	418
0	686
0	345
0	4
0	864
1104	1168
0	1
0	16
3	43
0	43
480	3717
0	1139
9	0
0	1
0	2
0	2
0	13884
40	14808
85	0
0	85
0	75
44	54
937	7149
13	299
0	31
0	31
0	757
0	254
0	262
107	618
0	43
33	469
10	449
2	450
0	6
1	824
0	698
8	795
0	183
0	0
1556	1
1	8
0	4
0	0
0	108
11	45
0	228
0	187
0	156
20	50
979	0
0	0
196	77
0	0
116	956
0	459
153	714
0	87
0	284
26	0
0	18
0	263
0	1373
174	0
221	0
0	3
0	45
0	89
0	114
0	364
0	2435
0	4
7	0
0	0
0	0
0	2843
9	81
0	0
0	0
9	4
226	145
619	2674
0	553
14	1041
32	1506
0	1445
0	1306
797	0
278	0
0	1393
0	0
1261	532
494	1509
35	0
62	962
0	98
6	636
77	780
6	596
0	689
0	837
0	796
175	315
0	3
0	180
0	206
0	42
680	0
37	0
0	1405
42	0
277	2846
0	0
72	0
3	0
0	6217
0	4
39	600
0	0
2928	21
249	1269
3	0
0	4173
403	0
447	0
0	0
3	0
182	0
1620	0
1355	4
1	4
278	203
0	0
605	802
0	153
467	2632
25	3008
0	3137
0	3113
843	1
9	3
0	2157
0	1966
0	2243
0	2087
0	2036
0	1988
0	0
30	306
0	306
0	389
16	341
0	258
0	443
0	47
0	47
37	247
74	2378
0	2378
0	0
317	0
1023	1906
0	1906
0	0
72	151
0	15
358	0
0	0
0	269
0	0
245	561
13	0
0	43
0	43
0	36
0	40
0	36
0	36
0	43
0	36
0	0
101	393
0	0
120	858
0	858
2	365
0	0
0	61
154	983
0	0
8	319
0	319
0	89
0	0
0	41
1580	0
13	82
0	2
120	0
0	210
475	316
0	316
8	164
17	161
0	164
0	166
5513	7
13	0
0	42
0	173
0	157
0	588
32	130
340	0
0	17
640	0
499	0
196	0
0	0
0	723
20	158
83	0
0	28
0	0
2539	683
7	194
0	36
18	0
0	0
3462	2
0	0
0	0
0	0
0	18
0	8
0	8
0	14
0	14
0	0
0	1986
0	1926
24	17
0	21
0	179
0	911
0	1425
2	69
0	69
0	0
0	19
25	856
0	0
901	1
0	127
0	0
0	74
5	71
0	0
0	0
2235	0
0	0
7	0
0	878
0	269
4	413
0	4431
27	4529
0	4501
0	3816
39	7158
0	7088
35	5743
2	0
0	203
0	62
0	0
0	0
0	1817
1	8
0	8
1803	3
129	0
192	0
0	39
0	79
0	3
1313	1
11	230
27	6
0	800
0	4
36	0
9	41
23	91
1231	0
0	0
10692	12
0	59
0	0
47	449
536	1403
344	0
0	0
29	7
252	403
1423	0
0	0
0	184
0	174
0	101
0	130
0	81
0	0
0	7
18	0
0	1458
0	282
2712	0
0	32
0	13
0	32
0	195
0	7
0	0
92	0
124	9
22101	6
0	7
0	7
26	111
0	222
11	449
42	449
21	3083
0	32
44	218
635	0
9	4
859	0
898	0
0	0
0	450
65	450
6	450
6	200
0	3
0	0
22	142
0	3030
229	24
94	24
2715	0
190	1080
0	2235
203	186
0	221
108	2
0	0
347	432
0	47
0	49
12	148
382	0
0	1112
0	214
0	207
9	207
0	179
15	14
5	14
19	100
4	1304
0	500
0	1281
0	1287
0	1302
0	1281
16	0
0	0
1146	1
0	0
1	71
0	0
3	1
0	16
0	16
0	16
0	16
9	148
0	157
0	157
0	0
0	22
43	5055
112	4303
0	4691
120	4218
0	3014
774	3015
0	838
0	0
0	18
8	82
204	272
131	1
495	0
0	144
1260	9
0	0
12	0
282	1505
15	1505
94	221
0	221
91	133
0	183
0	227
0	365
0	291
0	213
0	120
366	0
0	0
750	0
15	0
306	2028
0	2128
0	1960
129	0
1659	0
586	0
0	826
0	243
86	0
1	21
414	0
0	0
0	0
3660	1
1	145
0	373
119	0
697	3
6	0
1688	17040
122	1
0	0
703	24
0	0
0	0
0	227
134	0
0	0
0	0
0	0
34	0
0	0
0	1909
52	0
3912	0
38	294
176	2130
455	0
0	0
0	2597
0	714
643	0
0	0
9	26
4563	1
81	204
0	204
0	119
1031	0
693	0
0	1
0	0
0	886
0	1
19	37
0	0
4	0
0	6
0	0
1851	0
0	2006
0	2006
13	0
11	0
11	5943
0	199
0	0
249	189
274	1625
7	0
0	0
81	794
1275	794
174	0
0	169
5323	10
0	69
0	261
0	248
0	396
0	0
0	0
0	693
1062	0
0	0
1547	1
830	0
20	0
0	0
0	99
166	0
3	274
29	143
0	0
0	0
0	0
2	0
1547	0
63	0
3477	2
4	0
1261	0
175	2616
0	0
0	784
0	2925
0	3167
41	52
12	0
176	531
18	531
183	652
81	652
68	0
25	443
12	130
2	1744
0	33
0	3311
327	1249
0	1415
0	452
62	1951
0	0
2	0
113	0
0	0
8	557
26	557
0	0
0	0
2609	6
0	42
86	0
612	0
0	0
4462	2071
0	2070
0	1556
265	0
0	407
0	27
0	25
0	233
12	245
12	19
0	366
28	1230
0	1143
0	0
237	0
16	340
0	0
0	0
0	0
29	12
35864	42
0	1297
0	1464
0	0
55	821
1419	0
0	591
14	0
0	0
20	0
2022	1
9	0
488	0
0	227
0	232
0	229
0	21
577	0
0	2
474	911
2831	0
0	0
29	4012
0	4011
31	0
5	0
0	5747
801	6
0	0
375	7
0	0
0	102
10	243
281	0
0	75
39	75
0	60
61	0
0	515
0	6
0	0
18	46
0	43
0	46
0	0
104	0
0	0
0	0
0	0
0	260
23	601
0	260
0	0
0	0
2441	0
0	20
0	20
120	0
0	1317
1743	2
29	469
9	469
0	469
20	0
507	0
0	0
168	262
0	12
0	936
0	1252
0	910
0	901
1540	3003
0	3003
0	0
0	475
1059	456
0	456
3	0
356	0
32	0
0	73
1401	2
0	0
0	1823
0	0
0	0
420	8
15	1950
58	1950
594	0
20	983
0	0
149	1
97	1423
5	1423
7	24
0	1104
217	1381
1	0
11	0
0	420
390	2
165	0
111	348
0	0
0	0
0	0
1	22
0	0
4	0
1	0
0	661
20	661
40	459
40	459
203	43
123	8127
538	8129
24	421
74	421
4	0
26	30
10	30
130	636
0	0
0	364
0	352
2	233
11	0
9	671
0	16
0	16
213	352
0	2266
0	2
21	28
1339	0
0	1351
2	303
0	15
0	0
216	0
0	665
2881	2
0	293
4	0
155	0
5	16
14	70
0	17
0	624
385	704
0	704
5	1202
0	1365
0	452
689	3
0	279
0	35
0	162
1	0
3	29
0	29
4	29
4	0
47	1
261	1693
0	1693
0	0
41	0
1287	0
0	0
44	284
149	127
7	1669
535	573
0	0
1504	1
157	21345
1092	21345
2	194
0	708
0	0
0	16277
0	2
0	437
0	1100
0	937
0	6
7	7
162	221
0	380
0	190
10	288
0	275
0	275
0	79
0	1
0	19
0	8
0	0
30	10
178	0
0	989
3041	9
0	173
24	173
3	648
0	8
0	4
2	8
35	527
75	527
92	0
5	152
0	54
552	1
7	0
0	0
0	0
0	1382
0	1158
178	0
0	0
0	179
1377	2
0	1
360	0
64	241
93	4
43	0
8	1412
0	0
3306	289
0	288
1335	0
758	0
109	0
7	266
0	88
0	0
230	0
0	45
0	20
17	52
0	0
426	0
76	14
0	11135
230	5
854	1078
0	1002
0	1070
0	1020
0	832
0	0
0	41
0	37
0	41
0	41
0	37
12	0
21	0
34	77
0	0
0	0
0	0
1841	0
0	0
667	1
0	74
0	3
0	0
0	0
2040	0
1181	6
0	2
0	2
1	0
3	0
0	166
16	87
0	0
0	0
816	2
5	0
0	248
0	267
1	249
0	0
0	196
0	7
0	115
0	104
0	1320
81	24
40	24
0	910
0	5699
0	500
1357	3
3	158
2	0
0	0
520	2
0	163
1	26
231	0
10	46
0	0
0	6
0	13
0	13
0	13
0	9
0	65
20	19
0	0
0	0
2070	1
847	0
5	0
89	187
0	87
0	160
37	160
0	0
0	0
128	0
97	313
0	118
50	639
0	111
0	2
20	0
1	2
18	0
29	1181
0	1181
2	85
0	277
0	210
6033	0
0	0
0	107
589	0
518	0
433	0
0	1220
0	785
0	1007
48	483
0	0
96	1502
0	9
27	143
0	13
0	0
0	1
0	6
61	0
0	2294
54	0
17	0
12	0
30	260
739	1915
241	1915
0	10
0	597
0	5
545	0
14	0
0	0
655	1
2257	6
0	1
0	73
0	0
3258	3
10	0
0	6
86	6
2	0
176	0
192	0
7	0
108	1466
93	0
3	25
224	789
1	0
0	5308
137	3034
0	1312
0	6
333	1165
152	840
0	840
17249	12
0	0
0	0
186	0
0	0
110	450
1	707
0	287
18	3
0	562
3	0
0	0
0	1823
0	1407
0	1507
0	1147
0	0
0	0
0	45
0	45
94	539
28	210
682	6716
45	6716
181	146
300	0
545	0
0	4
0	0
67	0
0	0
2664	8
5	5
0	5
178	953
0	0
0	49
4	7
50	0
153	3900
50	3900
89	0
523	0
110	190
797	0
0	0
0	0
0	13
0	13
0	9
0	0
15	854
942	10298
34	10298
0	56
90	2
0	7
57	0
0	0
0	0
0	6
0	6
0	6
0	43
0	0
0	0
2086	0
132	0
0	0
11	0
0	55
14	70
0	410
0	410
0	1371
0	1412
0	0
0	0
247	75
0	60
0	1132
0	1766
2	18
75	0
69	200
0	292
60	139
96	22
0	207
3052	6
0	1188
0	64
132	64
0	2175
65637	58
769	0
0	1
0	0
0	829
139	4203
61	3913
38	23
0	5
0	0
18	901
0	901
52	744
148	1186
111	1186
0	1028
50	483
67	548
0	548
2	2
4	1163
0	1192
0	1190
0	1190
123	149
35	0
0	0
0	11397
0	164
0	80
3	0
0	0
0	2
0	2716
44	1
33	772
0	43634
1	42859
0	46189
0	0
26	268
262	303
0	3921
169	0
15	0
20	1151
227	23
0	678
271	701
304	701
30	189
0	0
0	45
5338	7
0	0
65	0
517	0
1324	0
61	222
13	165
34	165
0	294
0	130
8	105
8	531
56	531
0	0
324	0
37	0
0	2649
0	0
174	101
0	183
0	147
0	4314
0	309
0	210
18	215
0	210
0	0
259	4
50	1210
46	1210
9	1210
2	0
0	99
19114	7
0	2171
0	582
0	9307
254	2373
132	417
12	0
16	78
90	52
0	116
0	126
77	279
30	277
4	0
3816	1
0	45
801	2
0	1771
17	0
0	338
44	359
0	3073
1	0
0	6
0	357
0	2
0	2
0	0
2772	0
0	0
21	76
10	121
6	33
0	0
48	252
51	252
1693	5
0	0
5	0
0	0
34	349
20	404
0	367
0	0
0	212
34	0
0	0
13	78
0	1051
0	0
0	61
0	570
21	174
69	125
0	112
0	0
429	3
0	0
1792	0
88	0
3097	11
0	87
0	26
0	0
0	26
7050	1
0	97
21	168
0	135
0	0
0	0
262	705
2	24
2626	407
0	0
0	35
0	33
0	1788
0	1788
16	1856
0	982
0	1627
0	1202
25	1
0	0
7	76
0	326
73	328
533	0
42	0
8895	11
43	1406
76	496
0	0
0	23106
0	4682
21	359
14	359
124	2
56	232
120	900
0	900
22	0
137	0
0	1
0	1
0	1445
0	590
0	188
1	219
0	1212
0	0
648	0
22	0
0	0
0	899
0	71
0	1
0	1
234	859
33	42
0	0
0	0
0	13
0	13
0	543
0	43
0	247
0	0
0	75
0	75
0	32
679	0
0	1069
453	0
179	0
0	1078
7	24
29	0
0	367
0	125
0	147
0	2
11	45
0	45
19	5
0	23
0	210
193	0
0	201
460	201
97	15
8	0
39	0
0	0
8	196
0	654
545	2
2308	0
0	2692
0	2511
0	2141
0	2620
0	1689
116	1456
0	1341
0	1465
332	2376
0	183
287	1194
153	0
20	619
0	0
36	4
26	157
0	0
335	57
0	0
121	4
0	0
0	0
0	8
0	0
0	10
0	4
0	2
10	40
0	4
0	572
2	0
287	6675
0	6675
0	17
0	0
617	0
0	204
0	143
0	127
13	0
2979	11115
0	11115
4	277
103	1
0	781
11	0
0	32
0	392
0	402
0	1
17	201
0	109
4	4
8	5
526	0
8	4704
217	204
24	931
0	852
113	126
72	0
0	0
15	102
0	0
260	1399
287	1516
0	0
44	337
158	0
3	4309
4265	4313
0	390
11	376
0	126
23	595
7	595
158	658
0	650
2377	964
0	1640
0	1343
0	2
0	28
0	2937
0	3
0	2
0	2002
0	1353
0	1498
0	1544
624	0
942	0
0	4
48	1
0	141
657	19
447	3131
5	35
0	1083
1	0
66	1
13	0
0	0
0	72
0	153
0	219
0	105
0	194
0	219
0	106
481	0
36	0
0	106
0	28
3	0
0	511
3	37
0	331
0	2216
0	0
0	7
6	89
401	1373
566	3098
0	0
214	0
0	52
0	29
0	0
0	0
0	46
2	0
0	134
690	1317
0	0
0	0
0	0
0	0
0	253
4	7554
0	8061
0	430
0	653
113	474
1528	1
0	0
3200	2
289	367
2514	6
15	179
6	2
596	0
0	942
55	385
0	1215
0	1095
0	2476
6	2533
87	2667
0	2516
0	2650
0	1080
68	389
0	146
0	62
0	42
69	2062
0	2062
571	0
0	7
0	0
700	4
0	0
221	1804
11	43
0	1126
0	1166
0	1172
2064	10
4	0
87	556
3	75
0	50
37	482
0	474
0	500
0	512
0	512
0	481
14	351
0	0
14	0
0	0
69	348
0	405
507	0
84	603
0	103
0	24
0	872
238	1442
0	1103
1	1101
0	0
1745	1
0	0
130	1078
1394	3
868	0
0	386
86	910
0	910
0	0
0	74
0	222
0	112
560	886
0	131
0	633
191	752
0	2485
5	0
82	0
111	0
31	0
0	935
0	261
0	277
0	11
0	11
0	0
0	431
0	2494
0	26
0	730
0	665
0	9434
0	9384
0	264
0	264
22	0
8	0
0	0
4262	3
104	1114
329	0
1164	0
0	844
0	533
5324	6
625	0
548	0
0	850
0	0
0	0
0	0
43	695
0	1335
0	1030
0	164
246	0
34	0
364	0
6	0
0	0
23	387
5	1626
262	1626
114	772
38	0
0	0
0	37
50	0
0	41
2067	0
340	0
0	0
0	0
59	624
0	616
0	507
9241	22
326	0
0	10
43	0
0	80
382	122
0	589
0	589
0	341
5045	3
13961	14
487	196
7	1861
57	1861
3	35
23	35
0	391
0	0
0	91
186	0
0	1
10	243
0	0
488	0
0	2
26	0
0	2101
0	1
4388	0
0	1075
0	833
0	0
69	656
2756	4
75	0
0	8
0	0
0	0
335	0
46	1054
0	9
0	9
0	0
2162	0
0	0
0	0
0	0
0	227
290	0
0	0
0	157
0	238
0	165
0	2109
41	0
0	587
20	837
8	738
39917	51911
0	38172
6	53807
2447	17604
0	141
1801	0
0	15
0	617
0	0
7	0
0	0
0	0
0	291
0	828
0	224
19	286
0	102
150	0
0	179
0	184
0	8
0	8
0	68
0	2676
0	0
514	0
0	295
0	161
0	196
0	249
0	1345
0	4
298	5264
24	5267
0	2594
3762	0
468	0
0	15
0	23
0	40
0	79
0	98
0	42
0	42
1	100
0	63
0	11
8566	5
0	2
0	191
0	176
0	101
0	128
0	0
1378	0
0	295
0	504
0	295
2	513
157	1522
36	324
865	0
8	104
169	409
0	409
190	1355
3062	1299
0	1296
624	1712
363	1715
15	0
0	1351
0	4174
70	4174
148	979
0	1959
80	0
334	0
0	0
409	0
0	68
376	0
57	111
1379	73
0	0
0	43
79	261
291	0
3	153
0	0
240	0
0	18
0	2
6	183
33	183
0	0
0	0
0	3
16	0
0	0
0	0
0	637
14	25
26	0
0	84
73	1
193	0
0	370
0	45
13	38
10	0
0	0
670	0
0	296
0	699
0	0
774	0
2117	10
0	58
1	0
162	0
101	133
177	394
72	0
0	67
0	244
0	849
7	2180
2000	3
1244	0
18	41
150	14
0	0
29	0
0	10
43	0
0	24
0	31
14	22
0	0
217	0
0	206
0	411
5	259
0	127
0	332
0	362
3267	0
0	0
0	1066
0	833
0	6
18	313
0	124
0	130
3	158
341	3285
0	10
858	0
0	0
0	0
9	1397
0	1337
0	1492
0	1536
1	698
0	192
246	1058
66	604
1	532
271	574
4	574
0	404
0	398
0	489
0	366
0	0
0	8
624	0
0	27
115	114
3	9
0	28
19	171
0	0
0	0
2	433
66	433
0	52
0	52
0	1436
0	91
0	0
0	2
55	0
27	222
0	222
1	1666
38	1712
0	1438
35	66
292	110
208	0
0	0
0	0
15	0
57	3576
125	3576
16	0
481	0
0	17
53	265
81	0
527	0
262	487
175	1267
0	0
4	9
0	204
0	216
0	64
420	1
7	323
0	640
0	661
0	240
0	152
6	33
0	152
0	82
0	0
0	164
0	105
36	235
0	36
9	0
1231	21
0	0
456	0
0	0
0	0
524	916
0	1122
5	2337
0	2194
82	658
4806	10
0	904
0	290
2	292
0	297
0	295
32	227
0	0
188	2330
0	0
0	0
3637	8
166	761
4	430
810	269
12	96
10	186
181	796
0	0
2	5
1659	0
0	648
0	26
447	2681
206	1574
601	0
589	222
10	0
43	533
2	124
4	124
0	42
817	1974
285	1974
705	4
0	562
0	1361
0	723
0	154
0	1
0	61
0	71
0	73
0	684
0	224
0	0
656	0
0	402
45	445
0	445
14	49041
4325	49042
0	492
98	0
0	100
1633	4
277	0
0	0
3119	1
6	0
0	73
0	71
0	36
5107	515
0	252
0	0
0	3452
7	0
0	0
22	81
0	5
42	30
0	20
0	756
346	2945
1	2689
13	43
0	2289
0	500
0	61
31	27
0	0
17	461
0	448
0	121
0	12
0	12
0	275
0	255
0	256
0	10
0	776
335	3242
113	556
548	0
298	0
323	0
95	61
364	0
1002	1
15	0
1779	3
164	0
0	0
0	0
895	2
0	3
0	0
0	343
35	0
5	0
1	39
92	0
32	129
0	0
4	0
0	0
0	0
0	10
58	1038
223	0
567	1776
43	245
28	278
3	278
0	548
0	631
0	3347
0	2499
3	11
0	0
0	0
0	0
0	0
0	0
6	1
0	0
7	0
5	0
0	0
0	0
0	0
0	12931
0	12966
448	12290
0	12255
26	719
0	89
0	0
14	1142
0	0
4	3
860	2
2493	1600
0	1598
0	0
0	0
0	1044
0	924
0	173
3	173
436	0
192	0
0	172
2449	1
10	223
6	269
347	2
85	1934
139	307
27	309
0	35
0	1229
0	1278
131	115
0	5018
239	0
29	153
0	564
1670	6
0	457
4012	1
0	16
186	0
2436	3028
0	3028
0	364
0	0
12	0
81	0
0	1558
0	1567
0	35
9	442
17	472
0	0
0	0
4862	4
0	0
125	1007
6	173
0	173
0	0
0	0
70	0
0	216
0	257
0	274
1	32
0	237
10	0
0	21
0	1
328	0
49	263
0	0
0	0
0	14
0	107
19	0
0	0
15	11
5	15
0	405
0	0
0	5517
11	0
73	0
550	1642
90	1634
534	2
166	0
1745	1728
4765	8
1026	0
0	112
0	115
0	131
0	107
0	900
29	192
2	192
0	1193
37	0
6	0
261	38
0	67
5	0
1488	8006
8645	8013
0	0
799	2
0	0
0	1870
2	0
5	41
0	1
0	1808
0	0
1392	0
0	0
182	0
2226	4
512	0
92	0
1142	0
0	8
12	17
62	1203
4311	5
0	0
0	6
977	0
0	0
0	328
102	333
0	333
0	312
0	0
0	6
0	2
0	6
0	6
5	0
0	158
103	158
547	0
0	510
42	947
72	386
0	265
485	0
898	25
342	0
0	2492
0	697
4106	698
1	6
22	6
1945	692
231	691
115	254
0	254
101	42
0	0
0	27
0	465
30	0
0	5
0	5
0	5
0	46
185	0
7	70
0	126
131	0
3	5
22	1294
0	4
0	10
0	8
18	535
1570	0
132	0
16	114
0	114
0	114
0	114
0	60
48	307
2106	0
596	0
52	113
27	113
22	51
1037	0
32	118
0	1717
0	1999
0	85
12	640
1	493
0	481
0	481
0	590
0	347
25	220
378	0
0	1
38	3
229	1694
0	3
0	0
843	0
0	0
16	207
0	0
0	0
1663	4
209	0
0	3
0	3
1	123
0	119
0	120
0	120
182	298
182	2193
1	421
0	239
0	88
114	0
0	44
0	0
692	1726
268	0
62	15
83	2561
0	2561
17	2561
0	0
4	125
0	127
0	117
0	12
20	0
0	393
0	0
129	0
41	5
0	1109
0	0
0	0
244	0
0	0
556	2
4	14
0	170
22086	17
1402	0
0	0
0	113
1040	0
1951	1
0	0
916	7
217	0
221	3080
37	3080
76	999
64	999
1	0
0	0
0	0
0	945
130	0
0	0
2255	0
0	986
10	0
0	67
0	65
0	55
73	304
0	268
0	5865
0	3133
11	31
0	26
167	2148
0	2807
0	1990
1	0
0	175
516	5169
0	298
0	0
206	0
1	0
83	1067
11	286
0	286
0	0
87	0
270	2
0	0
1290	0
0	154
0	0
0	0
0	0
30	159
0	0
0	1382
215	1992
0	11
46	52
32	172
0	413
0	119
45	0
4	1004
0	10
45	126
5001	21
4	0
126	0
0	818
6	21
0	21
0	41
0	70
0	0
99	1026
0	1026
0	0
116	0
0	32
3	87
0	0
0	0
7866	0
419	0
45	0
785	3858
0	3858
296	1033
0	29
3059	6
11647	2
0	3
0	3
44	250
140	728
578	8
29	21191
721	22666
0	5732
0	73
0	0
0	54
0	54
12	102
7	0
0	0
65	0
14	17
1	24
21	271
163	340
5104	0
2828	2
3	10
10	7
47	227
29	228
856	0
5	48
0	190
112	515
33	373
79	0
0	123
0	397
0	395
4	363
13	0
299	0
734	2
0	0
339	1389
0	910
0	1
0	186
9	0
0	386
33	386
1123	1309
0	1306
214	0
0	12
6	12
1456	0
0	0
0	31385
0	0
0	0
2059	2534
14	2390
136	2441
0	30
0	30
0	82
0	11
0	33
6	31
0	8
0	55
0	278
0	366
22	57
0	0
0	0
0	567
23	88
0	0
0	0
94	0
199	0
163	0
0	866
0	456
685	456
62	692
40	514
127	163
0	493
376	0
0	3286
0	6
33	115
7	1026
0	7
0	438
501	0
2439	3
1172	0
6	1273
0	0
54	108
0	108
0	102
101	0
39	1426
56	0
0	0
878	6
0	322
0	331
11	0
0	1138
2340	1446
0	1325
52	38
0	298
0	35
6	0
0	16
0	28
0	197
427	227
1	0
509	0
14	0
0	363
0	360
0	359
0	357
0	347
0	739
25	0
0	2292
52	0
19	0
0	793
5	15
0	15
0	21
1	21
0	0
3	0
1329	4146
0	3898
0	2874
35	1358
0	2043
3593	3
47	1203
0	35
724	0
21	0
4457	7
0	298
9137	10
0	0
387	0
0	6
0	430
594	822
32	820
21	0
0	14
973	0
0	14
4047	5
969	0
0	715
14	198
1	198
547	0
726	0
7	389
0	1424
0	0
14	0
50	0
0	188
9	857
25	841
28	72
0	0
68	4
125	460
0	460
17	127
837	0
0	57
0	60
13	224
781	0
0	0
0	0
0	0
36	177
1935	1
0	4
0	3
105	0
0	5522
4	0
0	0
0	341
0	341
0	331
0	0
230	0
12	0
8	34
0	0
0	0
0	5
38	373
0	340
299	4518
0	4518
52	211
5	0
0	0
33	470
0	0
1993	0
1	341
22	341
0	12
105	0
62	225
103	1112
1140	0
23	184
0	324
94	0
344	0
103	532
0	535
0	3090
0	548
0	599
0	85
557	0
0	0
0	0
4	19
0	0
87	217
0	173
0	173
0	173
0	279
100	678
0	678
389	180
0	0
23	54
0	67
0	44
308	1336
0	22
195	75
944	2
0	8
0	7
2	0
369	0
243	0
5	95
7	95
0	3
105	0
0	0
0	0
0	119
0	71
0	29
0	0
36	0
0	41
0	44
0	4317
40	0
0	313
0	313
0	313
0	313
0	313
0	283
0	0
272	194
0	194
0	992
614	3
67	0
227	2
205	0
0	0
11	254
2	0
0	921
0	274
141	0
0	2573
77	0
0	1201
15	0
602	0
87	147
252	2
0	1001
10	0
5	1095
0	1351
86	998
25	1254
212	74
0	74
0	0
1288	1
0	0
56	265
0	23
28	14
73	54
0	54
996	0
660	3
0	65
0	315
0	44
0	15
5	0
0	0
0	0
84	1452
63	1454
0	0
0	3
3	124
561	0
644	1008
11	1022
0	888
5	3
0	10
0	23
0	1321
79	1525
0	1540
0	97
16606	9
0	187
0	1302
0	2502
0	2164
0	1226
61	961
0	961
0	166
0	916
9	247
14	0
17	157
0	109
125	0
1	0
72	1149
0	1149
0	767
0	228
467	0
669	2
7	23
0	44
0	30
0	23
70	1175
2	1175
0	22
0	48
0	13
0	31
0	53
0	102
0	33
489	2
0	1437
20	1437
195	0
205	79
10	56
8	0
884	172
0	0
0	5
81	18
103	21
101	227
0	145
384	0
39	0
22	312
0	7
0	6
1032	0
377	569
49	569
130	5579
0	7230
0	7048
1	7013
113	7465
26	7010
0	0
2	0
0	0
0	1
354	0
0	576
72	14
298	0
213	3852
223	0
1796	0
9	0
50	0
0	1038
0	214
124	1967
0	1642
0	61
0	11
0	7
0	11
0	7
0	11
0	7
0	7
0	7
22	0
0	0
7	1221
0	262
0	24
0	12
0	12
0	0
6704	6
344	0
2314	0
41	389
0	389
0	0
14	346
0	346
180	66
0	2236
0	2236
0	15
4145	1
10	0
0	292
2417	5
4	0
0	0
47	0
357	1492
895	1
1	0
0	0
0	211
0	212
0	0
7	0
1115	0
0	0
0	0
1	0
0	0
1276	0
0	32
241	1007
7	844
0	0
4	2233
200	2233
1459	3
0	0
0	0
1	0
3	15
1	2
741	1
895	1553
0	919
223	238
0	409
99	0
1960	0
143	0
891	2
2	0
3091	1
0	0
0	0
0	1
0	1878
89	1176
0	1890
541	774
0	1779
0	0
1734	0
0	167
1	126
0	1012
532	1
0	46
656	46
12	0
14	25
64	630
0	25
0	14
0	16
486	0
1599	1
238	380
67	380
366	0
97	523
0	671
0	0
56	5
0	493
0	141
1401	0
0	0
0	0
1	0
3	0
0	0
2642	5
0	353
0	406
0	677
54	677
14	97
41	603
0	22
0	650
1624	0
0	0
10	0
4	5
0	0
0	60
62	1815
152	1815
3	13
0	13
0	4
2	0
53	0
0	0
138	0
1	0
146	563
0	0
0	0
30	1453
37	1431
5	10
0	1446
9	21
0	6
518	954
0	164
2055	5
0	313
128	2340
72	2340
77	0
24	0
0	0
414	0
0	38
0	0
0	0
48	437
0	0
0	198
1152	0
2032	0
520	799
56	1006
240	0
0	0
1588	0
11	5
0	5
108	0
0	0
0	0
605	0
45	3731
0	2015
20	0
1715	4
818	0
762	3
7	22
0	22
0	1546
0	0
0	0
210	0
5846	5
10	56
0	0
0	2
0	0
0	381
0	0
9	13
0	156
10084	5
0	0
241	0
0	3
0	19
3	434
8	434
81	0
0	7
0	7
5	0
0	0
53	0
0	632
0	111
0	111
0	0
0	3
345	0
466	0
0	36
0	8
0	6279
0	6279
160	0
12	0
0	0
361	1210
0	1210
4697	8
41	0
0	1660
139	853
0	101
0	0
595	0
1	9
98	0
637	2
0	0
0	0
0	0
0	0
464	0
41	0
0	0
401	0
0	2016
0	355
0	363
1	343
0	190
0	355
0	190
0	164
0	166
0	161
2	1565
7	0
0	0
0	2
45	200
35	480
0	14
0	14
0	758
0	0
5	0
0	0
0	0
288	1
28	399
11	399
345	229
37	43
0	21
1	159
858	1
1507	2
2	0
0	0
143	0
0	0
0	80
84	80
50	0
1	0
326	1051
197	0
389	840
0	500
0	0
0	629
0	708
0	629
0	713
0	590
1	719
223591	232
1182	0
1130	0
0	43
0	43
0	514
0	162
7	74
0	63
0	54
0	47
0	40
0	5
189	0
0	211
0	178
0	193
0	148
0	152
0	0
0	0
0	63
0	632
0	97
0	91
4	202
0	196
0	116
134	596
0	371
0	0
0	6
3	1
0	5
0	4927
0	4927
12	4299
0	3975
6936	0
175	0
0	217
52	449
0	195
0	209
0	120
0	147
0	5317
97	50
148	163
448	163
0	205
78	0
61	1064
0	3
0	191
96	0
480	0
750	0
0	2195
13	25
0	42
0	180
0	12
3	0
0	12
584	0
100	8
85	898
2	0
966	3
1817	3
338	84
1102	0
613	0
0	917
0	748
0	917
0	893
283	14
0	8
0	801
92	363
48	269
401	0
0	65
11	0
0	0
0	0
0	2862
0	2502
0	170
167	0
0	62
13	0
33	1462
116	1462
0	143
4394	1
5305	6946
0	6946
9384	8
7	47
0	0
49	341
0	0
74	0
0	225
896	0
1367	0
353	0
0	5
0	0
447	5
3892	8
15	9
0	0
0	772
0	287
173	0
26	685
28	57
0	639
0	162
9	20
377	2583
77	0
258	744
1096	2762
171	0
0	602
32	1322
1266	0
127	0
84	56
0	56
0	0
412	4
144	0
0	558
322	0
0	0
0	750
175	2890
92	2890
125	317
0	0
20446	13
1552	0
103	954
117	1860
63	1828
0	0
0	0
0	183
1	0
5	0
23	1365
0	1433
0	1046
0	0
0	3369
2	17
526	1020
0	7982
0	0
0	129
0	0
24	5
0	0
14	0
173	0
0	11
0	0
34	209
0	644
0	0
8	100
0	97
0	88
5	313
91	0
0	46
2	5
0	8
0	353
0	484
1120	0
0	178
0	249
0	249
1	295
20277	28
0	21
63	144
10	51
0	8
893	1
0	44
0	44
0	34
0	0
945	0
188	3950
27	3913
89	3988
0	138
57	0
0	35
113	0
0	238
0	306
3	306
0	0
0	0
6	0
0	355
0	31
0	78
0	369
9	6
0	0
0	3
0	0
0	0
2	0
0	0
0	324
0	298
145	0
78	0
127	287
0	40
160	64
0	64
453	0
137	0
0	126
0	61
103	121
81	2916
0	2916
0	7367
27	0
0	0
0	0
525	139
0	0
0	24
11	199
0	51
2002	6
2073	3997
0	3996
1307	0
0	106
15	1031
182	1961
3	0
0	0
114	1075
310	0
22	252
0	122
0	120
0	100
0	17
0	1226
0	808
0	0
134	0
0	1
0	5
0	5
10	238
37	668
244	0
8	813
19983	6
1264	4
737	1
140	90
0	90
0	396
0	71
0	13
2	0
0	207
0	0
0	0
23	34
0	34
0	70
0	70
0	70
0	0
0	47
2	16
0	1
67	413
0	28
0	86
25	319
30	319
0	323
87	0
0	453
1149	7
0	0
106	1
155	60
36	60
17	5261
0	952
24	4832
0	0
36	0
0	247
1	9775
36	0
0	10
0	981
0	942
0	981
0	6
0	0
0	816
1817	3
11	46
7	15
23	23
93	1
0	632
0	0
14	6
0	0
0	0
15	0
0	107
31	82
21	107
11	0
0	39
0	46
0	37
0	1
289	594
84	0
0	1504
0	0
0	15
0	2
0	4
34	140
117	0
97	0
0	342
236	133
0	1649
0	1617
0	43
0	0
0	755
1324	5311
76	5311
0	2242
0	189
0	366
0	74
0	97
13	3571
756	0
0	47
0	59
0	1181
0	43
0	472
0	0
0	474
0	0
0	15
0	99
0	10
0	2602
98	2462
11	2518
66	2424
0	1088
0	347
22	347
0	446
0	181
162	0
0	1575
1	3178
348	3567
445	0
9	0
101	239
0	12
38	10
0	842
0	708
0	845
0	858
7	370
5	103
4	0
130	0
147	315
0	0
0	278
59	0
67	294
0	1252
86	1
0	0
0	0
0	0
0	3532
4	3522
54	3328
103	471
0	469
0	469
111	1028
36	13
28	13
9	11
0	12
0	5086
0	5506
0	0
0	386
158	2585
1	2497
383	2211
0	1005
276	570
11	821
0	610
296	0
0	145
0	304
0	22
0	288
71	1016
0	12
0	12
0	138
0	5
0	0
0	1705
0	939
55	1962
14	0
79	42
0	389
0	425
0	396
0	0
249	525
7	100
0	599
0	398
0	4
9	256
2990	1
2	0
0	32
0	45
0	45
0	0
0	690
0	0
5	131
546	544
0	544
0	0
117	5
3	0
0	182
0	0
0	0
0	220
180	0
0	7
0	564
236	1128
4	3
0	7
198	0
316	3126
8677	13
0	0
0	0
0	625
0	95
77	1060
479	0
0	0
451	0
0	0
0	22
0	16
0	22
0	34
0	37
0	30
0	29
0	38
5	101
0	51
0	6
0	53
5	124
29	995
0	0
9	0
636	0
0	0
0	11
79	0
81	703
28	0
0	586
4	16
115	0
0	124
40	0
0	679
10	0
84	504
0	4
314	0
2720	2
0	0
0	0
0	0
0	135
22	0
0	166
8565	1
16	0
0	11
0	1565
181	0
17	151
23	366
0	0
0	4
65	1513
68	1513
3	0
55	1013
729	1013
22	113
139	113
409	0
18	0
0	0
12	0
0	6
0	208
1295	33
14	2485
51	10072
104	704
0	3
0	1
26	0
0	73
1482	0
6	0
333	0
0	0
41	676
26	676
0	0
0	0
0	0
0	0
0	0
0	0
0	0
0	0
0	6338
0	0
0	5
0	34
0	34
0	0
0	1
0	3609
0	70
14	3710
0	3541
850	600
0	0
223	176
12	176
0	0
0	288
0	0
0	12
0	9
0	0
320	0
154	0
0	59
0	54
256	0
11	4313
152	4315
37	2894
0	1179
0	2788
0	2865
0	10
0	10
13	1
0	14
0	5
0	0
2172	5
42	0
0	0
354	0
1378	1
794	0
24	6316
27	0
0	0
0	0
0	0
0	0
8	0
3	0
0	128
6	128
9	2
43	2
0	0
0	0
178	520
0	300
0	0
0	0
0	0
0	0
0	223
3	221
7	0
0	0
0	100
13	0
0	0
0	0
21	0
1	0
187	379
6	7
6	0
4	19
0	19
0	0
0	6
0	11
0	13
868	323
0	323
0	73
0	24
0	24
0	24
72	1223
0	200
0	349
382	521
0	5
5	0
0	0
0	2910
4	0
0	1732
0	992
194	2
0	822
0	0
521	0
638	0
4	1033
0	1005
496	0
0	0
0	0
79	7
3	0
115	0
4	0
0	401
619	748
0	0
5	0
28	161
0	290
0	0
0	3
0	61
0	0
109	10165
1020	10165
0	9093
7	70
0	400
1166	401
5	0
118	1268
0	0
12256	1657
0	1648
1030	0
0	0
0	2
0	2
0	0
52	1
0	138
0	6
0	0
126	200
11	52
891	2
999	2199
13	0
4	1115
0	1115
3269	1010
20	39
41	108
0	0
0	3401
0	2493
0	0
0	713
470	0
5	0
39	75
4701	3
0	0
0	5
907	0
0	18
0	0
252	2400
5	86
3182	0
51	198
118	0
2813	14565
25	0
360	0
0	0
20	156
0	156
16	0
0	0
38	3
0	0
524	1
0	507
0	409
1	348
0	514
0	339
0	317
0	61
0	63
0	63
994	0
0	0
3	215
27	215
6	2840
0	2840
0	36
32	0
60	0
278	0
0	50
330	5828
120	5827
8	5857
27	5846
388	5707
0	9
0	9
0	9
0	9
0	9
1	43
27	0
6	392
0	414
0	413
0	400
2	849
0	830
0	764
0	735
0	2
8	0
0	2423
0	0
0	132
81	0
0	538
0	516
0	538
2	358
93	488
0	0
1626	0
0	2326
96	1147
412	2
24	0
41	3
1	0
0	0
0	4873
323	5219
0	249
0	1
0	1
3	0
1403	0
0	0
0	4
0	0
44	1605
0	508
0	473
0	508
23	486
22	471
0	471
0	379
0	471
201	1
773	3
420	441
26	441
0	0
160	114
0	1064
28	1064
0	398
194	6
0	574
0	2
603	1430
0	0
584	0
92	0
0	4291
0	4291
1364	0
12	683
0	40
1015	1
27	2
0	0
0	0
2463	0
4	203
3278	1
98	0
629	0
571	0
18	0
0	23
0	23
99	0
0	0
0	0
459	0
24	491
1257	0
0	287
0	278
0	294
0	247
287	0
158	0
756	0
0	0
135	109
0	1204
64	628
0	628
32	0
0	0
102	55
0	55
790	0
40	52
155	0
0	503
529	0
928	1
0	442
0	0
14	31
22	0
168	1577
38	248
0	40
0	40
221	2658
415	2658
20	0
29	0
0	0
23	0
0	0
5	0
0	9
979	1004
0	1004
86	0
961	1
0	0
0	1
0	21
0	300
0	300
14	292
1843	2
0	113884
0	0
525	304
0	301
0	2
0	170
0	283
0	119
190	542
0	542
92	0
97	1221
0	291
3	291
12	452
23	287
23	115
0	0
0	0
0	43
0	0
0	220
158	0
0	874
87	874
47	30
6	71
13	71
0	65
0	189
1764	3
0	608
23	608
2625	72
737	0
0	0
4	14
0	24
0	302
415	0
14	0
0	0
219	0
4	0
360	1508
0	8
115	0
5	0
144	129
0	129
228	4173
15533	30
1925	1
6	1361
0	1284
9	465
20	0
0	416
1	347
73	265
0	252
0	0
0	9855
67	43
5	19
0	19
0	19
1939	5931
0	0
477	0
0	2834
124	2750
0	2751
0	1270
44	0
51	0
14	0
206	107
0	107
2	886
141	13
537	0
2	50
35	50
48	4
0	46
356	1283
0	1283
230	1
1180	0
1049	0
0	1355
0	1370
0	6
272	0
0	0
0	1
80	224
22	429
13	657
660	3
24	0
211	1189
3	1189
3	0
18	301
194	377
0	377
0	0
0	0
155	1
0	99
0	0
0	8266
0	7897
0	8743
508	0
26	1
222	0
0	0
0	1471
321	1
64	1083
23	0
182	29
0	29
511	0
568	0
248	1
7	0
0	9308
0	8741
0	9252
0	9355
0	9323
0	7394
2	49
0	75
97	214
0	2
0	2
0	2
0	1
0	0
857	5503
0	150
0	1658
0	3
1	3
80	72
0	1190
35	1190
0	106
0	12
0	0
0	35
0	595
0	9
422	0
0	764
0	56
0	16
89	16
0	301
0	0
0	1605
0	241
82	2914
0	0
0	95
0	219
0	35
0	22
0	22
0	53
0	197
0	0
0	0
0	44
0	19
412	1
0	287
1056	776
2680	778
0	0
0	372
1	0
0	2
0	94
0	94
0	94
414	1085
524	0
11	101
11	0
1	448
50	713
0	717
0	701
0	703
0	9
0	9
0	479
0	0
0	2804
0	2436
4	6245
16	5981
0	6248
0	140
25	0
147	1569
0	58
0	0
0	0
0	0
0	1
0	0
0	1337
88	243
18	0
0	665
5	36
0	3656
67	0
0	0
0	249
0	4052
61	0
0	496
0	192
0	5
0	5
0	5
7	232
0	2
0	0
1006	846
0	207
0	1647
57	9
0	1358
35	15
0	15
0	449
0	328
0	328
0	454
7	392
0	461
0	461
0	113
877	3371
0	4932
0	4929
26	254
17	4525
10	1073
0	516
0	5453
0	352
0	354
0	346
0	341
0	4
0	7617
0	7771
119	2068
0	76
0	201
0	0
833	1
660	0
11	65
0	14
3103	966
0	1010
0	1076
0	912
1	345
3	0
0	70
7	0
0	0
31	1016
0	1016
0	0
265	5
5	0
0	2
0	183
17	811
30	811
8	14
46	515
1991	516
0	136
0	202
0	20
40	836
0	609
0	582
185	0
0	0
0	0
475	0
0	962
0	771
0	0
10	10517
3935	10524
2	9975
0	5
167	419
14	848
476	848
2	9
0	1771
0	1707
0	1671
0	1719
0	1711
0	1745
0	1742
0	1715
0	0
0	0
0	0
0	0
168	323
430	0
10	299
12	0
0	2794
0	73
40	1002
84	997
52	9
0	867
0	0
0	0
870	0
572	3484
0	0
62	0
1	297
33	0
46	248
644	538
128	2717
0	1584
0	1261
10	110
1	6
0	376
0	398
0	0
45	0
0	1479
0	13
198	0
8	55
0	150
1639	1
0	35
153	794
0	0
0	5
0	5
0	0
0	824
0	47
0	46
217	0
0	13
0	0
18	0
0	0
0	0
0	320
0	10
0	99
187	0
97	258
0	1910
50	1003
98	548
86	546
0	0
253	221
3	42
22	1
2	8
0	0
0	99
0	0
0	0
0	486
0	1
0	25
0	11
0	0
1997	1
0	38
91	121
0	249
0	865
0	25
0	10415
28	0
0	21
25	271
114	208
0	208
0	11240
0	0
0	14
2	229
0	215
625	4
368	0
0	199
0	149
1537	19998
0	796
2326	806
0	24
0	19
0	132
1300	816
7	39
0	25
8	3
0	3
1561	5
0	0
0	15
0	15
0	54
0	1765
0	1153
0	27
0	751
267	1980
0	35
101	0
0	0
318	0
250	24
0	24
0	1301
0	3
0	589
0	322
0	285
0	333
0	1569
0	257
8	2
2	26
461	6544
16	17
0	1
0	1
12	2792
20	0
1205	2
0	0
0	634
0	0
122	2863
22	2863
252	1910
0	96
0	0
0	7
171	1480
0	833
0	3
313	0
12	0
0	566
80	566
41	688
1	0
0	0
22	112
0	7
0	16
3	16
2969	0
0	5
0	213
0	287
54	184
37	0
0	0
5356	1
0	1
4	25
933	0
844	0
404	0
0	0
0	0
0	0
0	0
0	0
0	0
21	13
8	8
28	341
17	413
6	377
0	413
0	2
5	0
372	0
0	5
1173	0
0	0
1	0
468	0
0	0
0	1643
89	1676
1	0
7	829
101	829
89	7278
322	7278
184	0
4	0
0	0
0	532
188	30
0	0
183	0
0	1010
1534	0
13	0
2	239
0	426
0	361
85	413
2050	0
5	0
2667	0
1450	5
199	0
0	10
0	6
191	2
910	480
49	477
99	0
20	142
0	0
45	756
1161	0
0	0
0	0
381	0
0	0
0	0
1582	0
97	2
0	118
4	0
3	0
396	0
3	0
2	50
0	50
2644	0
0	0
0	3
0	3
4	25
355	3
34557	18634
0	18607
71	180
56	4562
0	3726
106	0
0	648
0	10
0	10
0	0
23	0
1334	0
25	22
0	22
5	48
0	360
0	360
993	348
1	508
442	931
0	0
32	0
9	29
0	25
0	25
0	21
0	21
0	21
0	17
0	17
0	21
0	15
0	7
0	0
0	0
0	765
450	0
23	0
4	0
226	0
128	0
0	0
534	0
75	0
562	1
0	0
280	72
0	72
301	419
2	0
14	306
0	306
0	0
0	1413
1905	3
50	0
92	0
6005	0
90	0
0	303
232	0
262	0
2	0
0	107
203	0
27144	300
844	0
13	0
299	0
0	0
1	4
0	4
0	531
54	0
126	0
1278	2
51	153
76	110
27	110
409	0
0	0
25	0
895	0
1	205
0	0
87	0
2721	0
0	195
0	167
64	0
11	0
56	0
119	441
126	441
290	0
837	0
11595	6
72	3365
32	3344
0	2899
49	0
6025	2
296	5776
0	5776
1	12
48	11
0	132
0	132
0	0
3156	2
0	0
3	0
98	342
0	342
954	0
7	1174
0	0
99	60
0	0
60	0
7	0
1	87
0	0
0	4
193	0
1	33
743	0
0	0
48	39
0	0
0	1
5	0
2	0
14	0
496	144
0	144
79	648
0	648
76	0
354	0
0	175
0	248
282	2
9	0
2086	0
0	0
18	2
0	0
0	0
5	0
0	0
12	0
110	210
1313	1
0	45
2107	0
24	0
229	880
267	0
5	36
653	0
2	0
424	1
247	299
46	378
0	985
28	0
291	4186
0	4186
15	85
0	85
0	161
636	0
15	101
0	101
0	1
0	5
0	36
0	82
0	87
12	41
0	474
293	474
0	5
93	372
0	372
414	0
0	0
0	9986
0	10056
91	0
54	951
0	2
0	0
0	3070
870	3070
2	0
0	117
6	117
0	1144
1	1149
0	156
62	0
303	0
0	19
1	19
397	0
0	2196
0	585
0	660
0	499
1332	0
0	9
0	5
0	2
0	8
0	8
0	8
0	8
0	11
0	11
5277	12
0	741
1	9522
0	274
0	274
34	245
0	274
0	249
0	274
296	659
0	132
738	0
227	6
1152	0
0	1058
275	1
0	0
4	42
0	42
70	837
0	433
0	2
0	571
7	42
55	676
205	113
0	3
222	917
0	703
43	841
79	550
0	4
0	4
0	0
0	0
0	0
671	0
0	369
2	62
44	48
1	6990
0	6784
12	131
31	57
813	3470
0	0
0	48
0	161
410	981
0	981
0	666
26	685
0	1315
0	0
0	0
26	50
0	0
0	113
1747	2
3	0
605	10
0	346
0	555
0	338
0	934
0	634
14	0
87	2282
159	0
0	0
0	17
0	0
978	0
0	0
4346	3
1	0
6	1153
697	1
0	312
0	0
189	672
0	206
0	164
0	6
0	6
0	6
7	1066
0	1281
0	0
58	903
0	1085
0	69
0	1101
0	173
0	54
0	54
0	2
0	0
39	284
0	0
14491	13
0	134
0	23
0	1
4	0
0	0
0	8
0	8
0	8
0	8
9	1889
332	1891
14	8
45	231
224	0
9	136
44	132
203	10
61164	54
0	21
0	1746
41	208
0	208
0	10
0	30
0	0
0	326
0	622
9	0
8	189
7	0
2	1948
0	12
0	12
0	12
0	389
0	8
4	0
0	449
0	84
0	489
0	529
0	531
0	2540
7	438
273	0
925	0
12	0
48	70
22	70
0	2179
0	66
0	43
6	2
2885	0
0	2039
95	2039
0	10
0	86
0	7578
110	432
20	241
0	0
1	76
0	55
250	716
43	139
0	28
0	123
0	151
0	154
943	0
0	0
0	143
0	145
155	2235
0	176
0	108
0	124
9	23
6	336
0	268
0	447
0	159
0	0
49	0
0	104
12	97
20	0
0	2
0	0
0	46
6	23
35	1308
45	0
0	397
9	134
0	113
0	79
0	110
0	1
0	1
0	2
217	1
795	0
0	512
0	493
11	561
0	471
3	2873
0	1200
0	2686
0	2668
5	0
2913	886
121	2742
0	2742
33	0
177	0
114	1667
0	16
0	16
24	2
0	292
0	31
31	254
0	48
9	0
0	53
107	644
0	644
8	1
0	707
0	0
25	58
0	44
14	29
0	29
0	35
108	0
0	0
0	0
249	4
128	3940
0	3940
1077	0
0	24
289	1173
0	6431
0	2085
0	1933
562	0
344	486
0	0
32	212
4	474
49	400
109	0
0	268
0	149
0	0
3	289
0	0
0	386
2306	3
0	129
0	2379
101	2380
217	1521
10	0
0	1397
0	938
40	1
1685	0
0	1825
0	1449
0	54
0	32
1398	0
72	0
0	24
267	0
19	89
0	0
1	8
13	1953
0	1911
0	1953
0	1908
0	1900
0	45
0	38
174	0
42	1
0	335
0	0
26	226
4	1
0	1
0	0
5	23
76	26
0	1081
0	1065
0	551
0	1628
14	0
198	1
1784	0
0	975
4	34
7	27
2729	0
0	32
0	0
0	188
0	734
273	39
90	0
18	415
37	786
74	0
360	340
0	995
0	177
0	0
0	47
0	2522
0	2434
8	377
6	377
44	377
105	0
153	0
50	0
9	1
4	1
378	1552
855	2
9	662
82	2247
1285	1053
0	1053
0	0
4	0
0	948
0	534
0	1
0	0
0	0
0	652
0	585
0	595
0	0
61	1467
242	0
0	424
0	112
0	112
0	30
0	6
732	0
1	58
3	58
866	0
15	0
182	3703
3082	1
0	28
1	28
0	0
0	892
0	916
0	8
0	40
0	40
0	0
3	10
0	10
478	0
6	0
0	0
2	2901
0	0
25	910
13	27
0	0
0	26
13	26
385	203
0	3582
183	252
1697	252
994	0
0	6
0	6
8	0
0	29
0	29
0	0
55	86
66	0
2	74
0	0
0	0
13	169
0	2
0	9
80	0
0	0
0	77
0	0
0	0
0	0
0	0
0	0
0	0
23	330
14	330
0	0
5	0
421	0
1	19
0	26
0	13
2124	1
0	1942
33	0
577	0
350	919
87	0
0	143
1128	8448
0	8448
0	150
0	0
0	0
0	0
0	16
0	35
0	0
447	50
0	36
567	0
2433	3
834	2
211	1580
0	1580
0	0
0	0
450	1691
215	1691
929	0
0	0
114	10
20	644
0	644
0	644
82	736
0	735
24	518
333	0
1119	0
0	0
97	1601
101	1601
0	201
0	200
0	119
0	152
34	290
360	293
61	0
43	4
0	0
9	0
0	0
41	0
176	955
0	18
1102	1921
5	1921
0	5
5	64
0	1518
0	1320
19	426
35	0
0	27
3	278
0	249
0	240
21	233
0	245
0	242
0	62
0	18
0	0
0	0
2	3410
1	3422
0	71
1049	0
0	660
15	23
551	0
0	0
616	360
55	360
11	142
0	73
0	73
0	185
3	220
0	250
16	949
0	0
0	1
0	9
0	403
0	408
0	408
52	245
0	0
2	0
6	0
153	2154
0	0
0	0
1220	0
0	21
0	21
10	27
403	0
514	5227
33	5227
0	0
668	0
117	294
22	1802
0	1854
0	1687
0	1718
4	1176
0	0
0	0
79	1346
0	1346
2292	3028
1	94
0	2220
0	2157
96	2306
291	2237
116	2111
0	1524
58	53
241	0
1669	0
0	0
371	1174
0	0
0	25
0	0
2	0
897	0
0	763
0	343
0	80
13	137
0	0
363	56
0	5
0	5
0	27
0	0
755	0
0	188
0	609
0	601
21	46
0	0
0	451
0	0
148	1886
1258	4
0	148
0	244
40	1
0	438
643	0
11	0
0	675
0	12
171	1105
0	105
720	0
0	5229
0	98
0	94
0	0
0	0
0	0
0	0
0	0
2	54
0	10
0	10
0	375
17	0
0	13
0	1768
0	2038
2	2049
1738	566
0	1
0	1696
0	1700
1302	1
777	521
0	1004
0	923
83	150
39	2
6	0
0	246
0	0
0	0
0	16
0	325
0	181
609	0
14	0
50	191
0	849
6451	0
96	88
271	0
0	0
0	26
3	10
0	10
0	499
0	27
95	0
66	126
0	54
13	21
277	0
0	0
74	444
134	0
0	0
0	455
33	0
0	0
0	202
0	2197
25	70
0	0
77	457
0	0
0	17
0	8
0	11
0	30
0	19
8	3
11	163
71	179
83	121
27	121
0	0
0	0
72	0
376	1561
0	737
0	24570
155	0
3792	1
0	320
0	76
0	54
0	0
0	144
16	2146
0	0
185	1
10	45
0	847
21678	19
0	0
13	1704
358	1704
0	1083
14	1680
1202	1680
0	8
0	8
72	29
353	2796
0	2796
0	96
0	96
0	20
7	0
284	0
1441	0
0	1083
5	4
0	196
0	6
21	0
522	0
1220	0
1336	0
195	477
0	7
0	0
0	7
0	8
0	42
0	32
168	0
8	8
0	344
0	356
6	356
0	437
22	437
0	0
0	35
0	0
0	21
0	37
9	295
158	0
300	0
0	908
0	920
0	963
3647	2
1	7468
985	7468
0	268
0	547
0	576
0	412
0	390
171	0
8	0
0	2555
0	259
1053	0
3	1
0	0
0	42
0	0
138	0
1376	0
3791	1
0	0
0	0
0	1
4	0
0	29
597	1
394	1232
0	0
0	0
3	507
0	0
214	0
0	61
0	494
0	488
0	476
0	488
0	19
0	96
62	96
130	0
0	0
16	445
0	456
0	432
0	403
0	2763
0	2795
0	2311
6	0
2	0
0	30
0	127
12	632
0	9
0	0
12	2
0	0
6	486
26	478
0	406
57	157
0	674
225	0
0	1319
11	1271
0	0
0	83
0	83
0	860
0	853
0	13305
0	13305
0	13305
2	0
0	506
20	521
0	3
0	446
64	446
0	0
0	3
0	3
17	358
12	1075
22	249
2058	1
918	0
40	41
0	184
297	0
3560	4759
118	37
110	0
0	1794
0	1807
73	158
0	0
0	2207
0	1866
0	6
0	65
0	498
14	463
0	0
0	1543
0	4
0	204
549	0
403	0
4774	20582
3	0
25	410
0	410
0	0
0	1
1109	0
0	0
0	0
0	448
1238	472
0	1796
0	0
46	0
366	1010
0	1010
0	1089
0	236
0	3
8	87
179	0
0	0
7173	8
940	2
81	987
17	1424
0	1406
7	9
0	0
1	62
32	1214
1714	1
0	25
0	111
0	14
0	0
83	0
533	2627
0	5
354	0
73	371
670	0
7	59
144	602
23	18
124	800
0	3
0	27
0	9
0	27
0	24
0	43
0	0
0	1025
13	1024
0	1024
0	85
0	111
318	0
1	64
0	268
12340	13
0	0
112	0
337	0
33	27
1	0
1	0
0	0
0	0
68	99
0	99
666	4287
0	246
8	22
1583	3
0	3358
9	721
0	110
531	0
0	273
11	665
0	665
0	421
37	0
0	12
0	748
10	748
41	230
3768	0
29	2
0	9
1	196
0	52
54	4269
0	4261
203	1998
35	2
10	204
1053	304
257	618
19	618
50	3972
0	2
585	0
0	1879
0	1858
0	1812
0	1831
0	1858
2	5
1	5
0	460
0	269
1	65
0	215
7	215
5	44
170	0
0	11
0	11
0	0
1674	0
0	147
0	0
2	0
347	0
4	1
0	0
0	0
0	15614
1	15569
9055	0
53	23
0	925
0	0
0	0
0	0
43	0
373	1712
20	0
3326	1426
106	0
154	145
0	0
0	0
40	9
19	13
0	3
376	466
11	466
0	113
4056	0
0	0
248	0
0	0
26	240
32	0
29	15
80	0
0	1981
41	0
0	0
0	0
0	466
282	186
4	28
3704	1
0	0
0	0
0	388
0	1353
0	0
0	0
196	554
0	0
0	0
0	0
3	0
0	5
0	5
0	0
0	0
2917	0
66	4
397	1568
2	245
0	245
9	245
0	0
0	0
0	87
16	87
1316	1
9	1
19	217
3	1
1051	1
0	0
0	0
3	0
0	115
161	9
152	1
85	905
3	905
3	10
0	0
38	41
6	41
3	646
0	732
41	732
750	1
1396	1
2420	0
43	653
36	653
0	29
0	29
0	29
0	29
0	286
0	0
0	0
1535	0
33	283
0	0
0	0
106	0
23	295
0	295
0	190
30	2228
206	2283
0	906
197	2247
0	721
0	2
0	151
26	27
1063	0
0	2
0	2
8	38
0	0
207	1996
186	1653
0	2
0	0
0	0
0	0
29	4122
0	4163
0	4080
310	1072
0	3842
0	1208
0	1168
129	531
0	414
0	0
0	59
15	59
22	189
416	190
2	6
0	6
0	34
0	928
16	0
0	154
0	50
0	63
0	63
0	26
6	26
0	26
0	0
5	0
0	539
0	179
10	196
0	179
0	0
67	0
78	1099
30	1089
0	913
5	867
0	542
24	517
0	502
0	17
0	3373
6	3358
50	3353
0	3506
0	3339
0	3503
31	1642
6	1639
0	175
17	0
0	181
0	24
0	24
0	0
0	1438
0	1142
0	806
0	15
0	16
278	0
413	17728
38	17728
449	0
1575	9748
4542	7
90	0
0	19
13	134
2244	0
76	0
0	425
0	0
3344	3
48	0
12	330
1	1220
0	1173
0	6
0	4
0	6
0	9
0	9
111	0
0	0
0	0
0	0
0	0
0	0
213	0
40	1966
1	2179
0	1939
0	1174
0	1102
0	1102
51	1102
0	411
0	373
7	425
9	421
45	6
0	87
53	103
46	346
0	346
48	63
2	50
0	50
10	0
0	785
10	14
187	0
356	105
656	0
219	0
1	9
397	460
0	460
0	98
45	0
61	0
55	223
0	64
0	59
0	0
1745	2
0	1
4	0
924	1
543	550
0	151
0	0
0	2544
0	2544
243	2544
77	0
352	12
136	0
0	0
35	0
0	206
0	0
8	0
0	2302
2	7
1329	0
15	164
423	0
0	1939
16	1683
0	1939
218	1
2962	12
133	415
49	331
322	2624
0	388
137	443
2595	0
364	0
0	660
1	643
10	562
0	6
0	0
11895	8
0	373
0	328
475	0
12	0
0	78
0	69
0	51
5	0
0	47
0	371
0	371
0	371
0	0
0	0
0	0
1444	0
151	0
64	182
585	0
0	0
0	0
850	0
0	29
2	2
22	37
0	0
428	1144
6185	10
9339	12
103	194
21	68
0	63
72	0
0	0
4	0
0	0
2108	0
0	8
0	0
52	0
0	0
49	904
0	0
0	158
1	195
0	279
0	0
0	0
0	1281
5	1165
7	12
0	120
0	323
0	87
0	115
0	1126
38	1225
0	1144
0	536
114	773
174	789
0	72
3136	0
3	22
45	3538
0	6
260	0
18	0
6	61
0	289
0	220
45	1161
0	0
0	606
0	85
0	5
3	1154
0	1188
59	1120
0	38
0	6914
1049	3
29	32
0	975
1	15
0	0
0	633
45	479
3	0
0	0
23	537
169	191
341	0
32	0
0	2906
0	2618
0	2473
0	438
27	27
0	18
0	18
0	0
0	204
0	0
115	28
0	0
0	215
9	0
0	73
3	73
51	150
198	4
0	0
47	178
3239	6
60	85
37	0
0	0
0	7
41	0
211	530
1634	1
0	35
0	54
0	47
8	704
49	694
0	689
0	851
3	0
0	525
45	0
27	182
0	182
0	0
29	94
0	925
0	859
4	1053
0	584
0	476
1359	0
0	563
0	548
1887	12963
710	1
43	0
0	4377
0	0
0	263
182	0
0	17
3	0
0	0
0	166
7	60
0	6
128	328
30	11
11	81
7	152
382	1374
550	1372
0	0
274	1220
0	0
0	0
156	323
0	9
1225	2
24	0
0	2462
0	0
51	0
0	163
0	29
6	0
0	81
0	88
0	0
0	0
1041	0
0	0
0	0
8	0
0	0
0	0
0	0
0	22
0	0
126	0
0	8
889	1
5	14
8545	2
0	0
0	0
0	0
0	36
143	526
108	799
0	2
0	3194
76	191
54	244
0	136
0	0
0	44
50	0
31	110
0	110
0	0
0	22
0	26
105	0
8	68
0	775
0	0
0	177
102	581
35	0
5	0
0	193
101	0
1076	0
202	0
589	1
9	80
384	174
0	0
399	0
253	284
0	284
0	0
0	3
30	0
231	891
519	0
0	0
0	0
0	0
99	0
2537	0
0	0
0	0
37	302
0	276
0	730
0	722
0	591
40	887
2	708
0	0
154	0
1222	662
18	643
0	583
0	0
1178	0
0	208
0	0
0	1496
80	685
185	685
7	2013
7	2010
0	1945
37	166
0	166
0	359
0	227
62	574
0	574
0	0
0	0
1	5
598	0
6	93
178	0
0	0
420	0
1454	631
0	631
49	1343
0	0
15	72
0	0
429	10422
47	55
112	0
745	1
0	351
0	224
6	0
157	1
0	231
474	0
96	1133
244	427
12	253
1	87
982	0
289	2569
0	2
0	0
325	0
225	0
9	0
0	568
0	531
0	562
2	0
21	16
0	515
0	520
20	353
406	0
9	51
353	2088
0	0
0	7
4	0
1500	1333
373	2618
2214	0
0	0
0	0
222	0
0	68
0	85
0	16
0	58
0	77
8	81
3	0
1092	0
507	176
2717	8
0	0
76	4488
0	4488
0	0
21	6945
0	7565
0	3964
184	0
45	2256
6	0
947	1
0	555
0	555
0	503
7	0
0	7354
18	0
13	390
0	390
211253	176
202712	231
2142230	2097
742898	726
16189	52
473626	546
918621	749
45598	11
36072	52
331940	379
234336	193
6226	30
490937	542
136	0
0	0
0	0
0	0
0	0
0	0
0	0
0	0
0	0
0	0
0	0
0	0
0	0
0	0
0	0
0	0
0	0
0	0
0	0
0	0
0	0
0	0
0	0
9	0
0	0
5422	3164
0	0
5	3096
0	0
6	8
873	5
0	0
0	0
4	0
0	14
0	14
0	0
0	119
0	119
0	110
20	119
2	0
0	0
65	4
0	0
0	0
0	16
0	53
0	2
0	2
0	0
0	0
0	68
8	68
0	0
0	0
65	3
0	3
0	0
0	502
0	0
0	0
0	0
0	0
0	0
0	0
0	0
0	0
0	0
1783	1555
0	1555
0	0
17	15
0	15
0	78
41	0
0	0
59	0
0	0
0	0
0	0
0	0
0	0
0	0
5	14
0	12
0	0
0	1
0	0
7	0
4	18
4	0
0	0
112	0
0	0
0	0
0	0
0	0
0	10
0	0
0	0
0	0
5	25
0	0
0	0
0	66
10	0
225	363
0	0
0	0
7	0
0	0
227	29
6	0
0	0
0	0
0	0
0	0
2	0
87	16
3	0
0	0
4	0
0	0
0	0
0	0
0	4
0	5
0	2
0	139
0	73
0	23
0	0
0	0
0	578
0	5
32	0
5	0
0	677
8	0
5	0
13	0
0	0
0	0
0	25
0	0
5	1
0	38
18	0
0	0
0	0
0	0
0	0
0	0
0	0
0	0
0	0
0	1
0	0
4	13
0	0
0	0
15	0
0	0
0	0
0	2
117240	67
11	812
0	0
0	0
0	0
1	0
0	0
0	0
0	0
0	1
65	60
23	693
0	0
0	0
2	0
1	0
0	0
0	1
0	2
0	10
0	0
20	1278
0	2
0	1
0	0
1	2
0	0
5	0
0	35
0	0
0	0
7	6
1030	15
1	238
0	0
23	0
0	0
50	285
0	0
21	0
0	0
0	0
0	0
0	0
61	1271
0	0
0	0
0	0
0	0
0	0
5	303
0	0
38	558
6	343
7	0
433	0
0	0
0	0
6	65
0	0
9	10
0	0
0	0
5	46
0	0
3	75
0	0
0	24
0	0
0	0
0	0
0	0
0	123
1	158
0	0
0	0
6	263
0	157
5	89
2	61
0	70
0	0
0	2
0	3
0	0
0	0
0	7
0	0
0	0
0	0
0	90
0	0
0	0
4	0
0	65
79	825
0	0
41	976
66	20
234	407
11	468
0	0
0	0
17	488
0	443
30	1168
0	0
4	135
0	0
0	0
0	0
0	2
0	0
0	0
0	0
0	0
16	100
7	295
2	47
0	11
31	0
0	41
0	125
19	3
0	0
1	65
1	4
0	116
0	0
0	2
0	0
139	0
5	1138
0	585
12	1252
0	0
0	0
1	0
0	0
1	1
0	0
0	0
0	0
34	1
73	0
28	14
0	0
0	5
3	0
0	0
0	0
0	0
0	0
0	0
0	0
0	0
0	0
0	0
0	13
0	69
0	0
15	1333
22	25
1	42
25	0
0	0
5	303
0	0
441	1061
0	145
5	440
3	584
