UniqueCount	AmbigCount
0	0
0	0
0	0
0	0
0	0
3	0
0	0
0	0
0	0
0	0
0	0
0	0
0	0
0	0
0	0
0	0
2	0
0	0
0	0
0	0
0	0
0	0
0	0
0	0
0	0
0	0
0	0
0	0
0	0
0	0
1	0
0	0
0	0
0	0
0	0
0	0
0	0
3	0
0	0
0	0
0	0
0	0
12	0
1	0
0	0
0	0
0	0
0	0
0	0
0	0
0	0
0	0
0	0
0	0
0	0
0	0
3	0
0	0
0	0
0	0
0	0
0	0
0	0
2	0
0	0
0	0
0	0
0	0
0	0
0	0
0	0
0	0
1612	1737
0	1734
0	1722
4030	3570
0	3569
85	163
1260	3
484	0
726	894
2	130
0	39
0	857
0	0
1658	1
4	13
0	13
168	21090
62	21731
3	0
7	0
0	0
0	0
0	0
0	0
0	0
0	0
0	0
0	0
0	0
0	0
0	0
0	0
0	0
0	0
0	0
0	0
0	0
0	0
0	0
0	0
0	0
0	0
0	0
0	0
0	0
0	0
0	0
0	0
0	40
0	0
0	0
0	0
0	0
0	0
0	0
0	0
0	0
0	0
0	0
0	0
0	0
0	0
0	0
0	0
0	0
0	0
0	0
0	0
0	0
0	0
0	19
0	0
0	0
0	0
0	0
0	0
0	0
0	0
0	40
0	0
0	0
0	0
0	0
0	0
0	0
0	0
0	0
0	0
0	0
0	0
0	0
0	40
0	0
0	0
0	0
0	33
0	0
0	0
0	0
0	0
0	0
0	738
159	739
94	0
646	4
6	0
7	5
0	5
194	0
1440	2
0	16
0	16
81	36
3	36
4	477
3	1253
190	1253
452	65
0	65
46	412
289	412
26	1617
19	147
0	1590
248	7413
0	5885
72	6907
4722	1297
0	444
0	410
55	677
92	677
0	209
25	2361
52	441
0	273
14	2261
4759	4
153	4
2	0
58	0
0	1311
579	1311
386	1
1353	4
0	0
16	0
0	0
1345	791
80	0
0	7
151	27
0	20
59	170
0	87
1	83
1159	0
86	128
0	128
0	0
0	0
0	157
260	157
3398	2112
2	1507
6	978
40	63
259	2371
0	2222
0	317
0	172
2	228
0	1483
2	1411
9	1369
0	1411
13	3
716	1118
901	0
0	4516
329	5630
1	2129
562	5625
4750	4
0	0
743	196
2	652
0	142
0	657
158	1444
1	1326
69	499
414	499
126	7
429	7
1455	0
0	2
9	2
1392	56
9	56
17520	39168
0	513
0	38823
2	33145
0	38938
0	33915
21	804
3	807
38	770
0	35
0	0
0	39
0	39
0	39
0	6989
0	3702
272	7851
3	62
0	62
0	0
0	0
0	2
15	2
244	0
0	543
0	320
0	102
33	1876
12	1810
16	79
0	1857
0	1234
180	1234
1	6065
203	6722
0	6722
3	0
2209	2142
0	1607
3	535
158	0
512	716
0	230
0	7
0	59
0	1
0	1
96	12281
0	12281
32	186
574	187
1217	873
0	873
0	0
21	3175
3	53
0	3179
2	3194
0	0
0	0
0	2
82	2
15	43
0	52
17	1315
0	85
0	353
0	415
102	1253
778	5653
0	598
1128	5349
1	2907
295	5
0	1052
0	636
0	1100
0	916
0	6
0	0
0	6
0	103
38	1538
0	1147
0	1544
0	20
0	13
0	29
0	626
0	301
783	3340
193	604
496	604
0	6
234	1
0	0
607	1851
7	1851
0	68
0	68
5	0
0	68
7131	3
431	0
33	838
440	838
0	14
0	6
10	16
1453	4606
248	4602
2233	536
83	409
37	945
549	0
1971	14
0	13
49	787
171	787
736	0
111	12
233	30776
3182	30782
162	424
15	1066
179	684
3	115
0	61
148	129
3	26
4	26
0	0
0	0
0	127
1247	462
0	343
1	300
0	0
0	0
548	0
7	1
23	2632
0	2617
106	103
3	11
0	92
4	283
0	283
0	410
137	2530
3	43
0	2312
0	0
203	284
188	284
84	0
317	0
32	0
0	3
0	0
0	2
0	5
0	0
5	8
17	56
197	20
0	0
0	20
1	0
1547	2
912	5
428	739
0	739
109	1094
66	343
18	1094
0	1422
1003	480
0	476
233	1
0	157
0	531
0	205
0	584
0	3638
0	2906
0	2477
8	2174
1	907
1050	7644
0	2473
0	7554
23	58
10	16
220	1100
0	1100
0	1018
26	631
10	631
0	4218
105	128
0	0
0	0
1105	0
545	0
0	249
1832	713
92	1
0	2084
216	2084
0	0
0	0
0	57
53	57
139	0
367	904
6	317
13	1
17	0
0	0
0	0
40	0
0	20
31	427
858	84
0	83
10495	4584
0	4582
263	822
0	101
0	91
379	334
1	266
160	306
0	306
4888	2
4	0
0	233
535	352
10194	22
17	5
164	8
0	0
0	0
2	88
5	17
0	4
37	397
6	601
12	392
0	0
11	34
0	4
4	34
0	1093
965	1473
0	1469
4000	523
8	253
486	374
10	178
0	186
0	8
0	46
0	185
0	185
3	124
0	15
19	124
22	65
0	119
34	0
49	70
0	1193
0	673
0	216
10	1764
53	1644
0	1719
0	1723
0	859
0	1783
0	1704
0	90
0	39
4	16
0	14
0	35
0	90
23945	14
780	537
0	372
0	293
183	0
2421	1260
170	7
109	7
0	1
133	1
0	10713
484	8435
2385	18769
192	17928
0	2320
0	0
117	101
0	0
0	3760
0	3824
0	3712
0	0
0	0
680	681
2	681
128	0
173	253
0	129
0	130
0	4
0	4
0	0
0	2
467	288
0	169
0	232
0	0
2	0
0	0
66	6
1017	244
0	0
0	0
0	325
0	50
0	325
1	734
0	639
3	11
3	11
32	60
12	245
0	698
86	208
22	44
278	3652
6	63
0	3430
30	0
7574	10
89	442
0	72
0	365
0	73
0	379
0	61
10	26
0	24
6	87
2	0
0	3
425	380
0	380
94	94
3	89
0	94
920	0
454	114
0	1085
0	1085
57	18
0	18
2973	1
0	546
1381	548
18	0
2711	5
0	0
0	0
1856	6
0	0
0	908
813	1302
0	462
64	114
0	40
33	126
0	122
18	1355
0	1571
205	1571
598	1
3	96
69	96
0	1694
0	187
0	1694
201	1689
0	0
19	0
260	0
22	583
0	583
0	810
4	31
647	810
1	3
202	361
156	577
0	0
14530	2813
0	93
0	2708
72	46
0	46
95	0
3	51
0	3
0	0
0	0
168	189
0	0
0	0
0	0
0	0
114	0
32	1186
0	1186
1056	91
0	89
0	0
3829	5
8	146
743	3
260	169
1612	173
0	0
18	11
1182	0
1998	32
3150	1928
3	0
0	8
0	0
1	0
2000	275
6	272
0	498
0	474
44	498
697	1
27	16
0	16
90	690
0	456
5	618
6	0
0	71
151	479
0	0
2	0
0	0
1	246
0	151
755	7925
12	7923
1145	2
93	0
0	0
110	22
67	22
0	919
0	2723
0	1
788	7010
0	214
0	8
0	8
33	8
1	0
1011	6
4	101
129	201
0	39
0	69
3315	1194
32	1274
2280	0
2199	2
0	0
0	0
305	0
0	5
64	5
0	2
2	5
0	2
287	366
1	349
0	137
83	222
102	222
0	58
0	60
0	151
0	161
0	0
0	0
6	26
0	57
0	54
0	57
0	0
86	358
52	358
318	0
41	17
0	17
413	0
539	209
0	209
69	0
1764	924
5	46
2	923
11	7363
15	7304
77	0
0	356
72	356
1554	0
26	329
0	319
2	94
540	859
6	765
0	723
48	380
0	7
0	162
0	52
17	325
0	57
367	273
1458	140
0	139
0	0
0	341
28	341
3	219
39	208
0	208
0	183
451	735
527	60
0	60
195	300
0	274
1	0
0	0
24	0
0	0
0	0
0	0
0	6096
11	555
0	1103
112	455
0	380
0	376
95	5887
0	4672
0	189
2808	194
543	1020
0	123
21	123
0	0
0	0
7	1017
14	627
1	97
0	4
0	491
1528	1408
0	1362
1325	4
818	0
95	119
16	103
0	170
0	23
241	170
0	103
0	705
46	808
2679	2490
0	2486
0	2393
0	0
0	0
0	0
0	0
0	0
1467	129
0	103
114	20
192	0
0	0
0	0
6	0
0	284
3042	286
4	0
0	237
15	247
5	0
3068	310
0	298
0	290
0	302
11	208
0	208
1827	496
3	14
0	14
559	0
11	772
70	604
4	134
1993	778
842	0
27	205
0	405
11	186
1	80
602	572
0	0
0	0
580	161
0	161
23	0
0	0
0	0
94	60
2280	0
0	0
0	0
57	383
50	388
33	291
65	0
609	36
0	30
638	909
9	909
2	3
0	3
100	2781
0	2781
0	2791
9	2791
0	0
36	259
45	260
4308	1211
21	0
4504	0
235	0
78	0
73	40
0	40
21	156
0	156
0	144
224	0
0	0
68771	23649
22	1023
0	559
244	1023
2	887
0	77
9	226
0	887
0	77
1	0
0	1
31	2
0	1
0	0
15	52
30	1018
34	1021
20	1023
58	0
0	0
0	0
9	0
0	5
90	10
22	6
2	0
0	0
0	0
0	0
0	0
235	2
379	175
0	14
89	175
29	348
621	1162
36	1088
1768	80
0	80
0	27
0	27
23	36
0	17
0	36
0	36
1707	2
801	937
0	243
0	1
0	1
368	1813
119	1815
0	0
0	0
0	0
481	210
30	975
1	363
0	363
1487	1315
0	917
525	504
0	368
0	898
0	855
357	94
0	94
354	408
0	408
61	1430
4	1464
4	1329
70	1260
18	1260
16	0
0	0
399	627
1347	627
0	1156
0	3517
0	1161
4805	4678
2930	1
17	0
9447	2
1433	0
0	0
0	13
0	15
12	15
391	1
64	0
747	493
0	492
4784	756
1778	274
0	18
35	18
11	224
0	266
62	212
0	100
1282	307
0	557
4645	2639
299	2626
742	0
50	1519
6	701
0	777
279	3279
0	2880
4	3465
219	217
322	217
124	0
0	83
15	83
0	761
6	761
29	9
391	620
2	620
86	642
0	642
28	2513
551	2513
0	42
7	36
0	83
0	51
0	18
0	67
0	67
0	20
230	4
0	4
0	35
0	97
0	6
16	28
0	119
107	107
94	1934
58	1911
590	2326
0	73
21	2324
0	62
27	62
2	0
0	884
1940	884
21	360
0	120
0	363
0	321
0	181
2063	3
704	3728
0	376
0	38
0	6
0	34
0	1
289	284
7	282
239	110
0	110
260	0
18	0
0	0
30	126
0	53
0	81
0	98
122	92
0	35
88	450
0	450
0	0
0	0
0	7
56	7
157	275
0	28
0	65
356	65
84	428
628	0
33	472
77	624
0	0
50	325
52	406
0	406
6	0
0	0
0	881
5	3192
0	3879
44	3565
126	3443
0	3639
1287	2881
0	2875
129	650
5	650
264	0
0	123
0	53
0	53
72	341
3445	3689
0	3370
23	3517
0	0
0	0
0	0
0	0
642	4184
34	4184
0	16
2	16
35	0
87	912
4	912
0	0
37	48
10	44
0	48
88	2041
0	2041
136	51
0	51
73	185
0	185
4	9
0	9
131	0
0	280
0	280
1373	0
344	545
609	0
425	101
0	101
85	4
0	4
10	0
0	0
61	380
14	380
0	18
2	37
0	11
30	62
1015	974
113	921
1	156
1989	162
0	6
228	186
0	0
1	87
0	142
7	281
0	14
0	235
0	65
0	27
0	76
85	412
2337	3
0	0
0	0
0	0
0	0
0	0
0	0
0	34
0	292
0	27
69	789
5	775
1429	14452
114	14443
564	128
0	29
0	124
130	373
0	373
302	29
0	29
1198	0
11	0
4	0
0	15
4	11
0	11
171	18655
0	15644
0	9396
0	16585
62	1899
0	889
12	839
0	1010
674	1
0	0
1354	9734
0	7974
5	738
0	558
791	880
0	430
165	46
0	46
1119	401
0	401
115	1
10	288
308	288
40	143
0	143
0	0
0	25
0	73
620	98
34	18
21	43
0	0
0	0
4	16
6	1
0	16
28	0
41	108
0	27
4	188
489	10
0	13
0	19
0	188
8	81
0	0
0	0
8	10
0	144
8	156
0	88
0	88
0	60
0	0
0	0
0	0
0	0
236	3
4	0
0	14
0	10
3	0
1109	0
0	226
0	355
62	1129
62	1129
77	34
0	34
0	0
0	0
0	0
0	1
0	1
958	0
0	0
168	108
11	108
11	0
0	323
44	433
18	4
0	0
0	4
158	222
2	10
0	222
0	0
197	684
2	684
10	1628
0	1628
490	846
0	552
24	495
0	108
0	0
0	0
10	3
0	3
0	900
0	0
0	0
34	167
0	112
2	120
0	164
566	1754
673	802
8	163
34	801
3	70
2	44
3340	2
25	530
0	534
346	534
0	0
6	0
0	2
661	810
186	292
45	183
0	9
0	183
43	0
2	15
0	10
75	92
0	87
18	8
3	9
623	470
10	439
13	0
132	25
21	90
57	794
141	794
101	1091
3	67
1508	0
17	6
0	6
6	270
0	270
0	75
38	239
1316	1713
0	0
46	0
0	105
320	105
4	20
46	0
6	20
125	1510
0	370
0	280
10519	3535
2427	3528
218	0
1	4
15	1
0	1
995	209
0	208
0	856
7881	861
329	108
0	108
0	1721
170	1721
9	1721
628	1721
146	506
0	492
0	184
6	503
18	0
1016	328
0	327
0	167
18	32
23	42
0	0
58	8
51	9303
190	6741
39	9878
118	0
164	0
965	2
0	0
2	352
577	353
278	81
52	268
0	67
11	402
19	622
0	0
0	0
669	1025
0	1025
47	63
7	100
0	60
1	68
2163	238
1	205
19	280
3549	1573
82	66
28	64
8	114
457	190
0	38
2125	155
7	155
49	8
1	8
0	1511
0	6
0	10
0	7
0	6
0	6
112	1177
0	0
662	2614
0	2614
0	0
0	0
6	0
25	0
26	314
0	309
3	0
0	0
0	0
0	487
0	215
6	76
34	76
698	945
2	945
0	45
8	46
9075	1837
79	15
42	65
0	414
0	143
30	493
0	513
10	513
0	386
0	179
5434	1488
111	863
0	9
0	9
17271	12
7716	2458
3	2450
562	1125
443	0
576	0
484	2990
0	2989
0	0
92	112
2176	1093
202	54
0	53
0	1
76	113
20	113
0	2807
109	8493
0	7962
0	6
40	14
2	14
0	15
0	15
0	55
0	55
0	58
0	15
0	1
0	6
0	0
0	0
0	55
0	1
28	0
330	70
0	0
0	0
92	4197
1769	17733
8	17730
715	190
0	189
80	14
489	5336
1469	5333
0	3340
0	0
250	3418
23	636
1087	3849
117	1271
7	840
0	1270
0	1
49	630
0	8
0	112
401	611
543	174
4	702
0	1224
0	3365
4	203
15337	5700
1228	67
24	65
171	1
6	0
0	0
1867	555
0	24
149	1378
1	1376
0	0
0	0
0	0
0	0
0	0
0	23
0	22
75	23
0	81
217	3174
0	2196
27	3295
0	3283
0	4
7	6
0	0
3578	1
0	331
14	331
0	786
0	880
0	189
0	735
0	829
334	472
0	472
0	4020
1523	4036
0	1166
211	15
1	15
0	423
0	3628
10	4238
115	4238
0	199
0	1
0	167
1333	809
0	0
69	245
0	256
15	263
65	198
32	316
0	62
16	333
0	349
11	50
0	4
0	448
0	450
2101	9314
13	9308
0	4949
0	5120
36	5211
0	4901
0	0
0	0
1670	0
1014	445
0	444
45181	1563
0	1507
0	1641
0	2369
1474	2864
43	0
1586	297
0	295
22	0
135	758
329	759
1223	0
0	309
0	69
0	35
0	9
0	93
0	94
564	94
17	412
402	412
2042	1201
4	200
2	228
49	390
0	108
0	78
0	340
3	246
0	35
5	215
0	300
11	281
166	0
1018	129
0	11
0	39
724	370
5	54
1084	54
0	3
4	3
0	0
0	0
0	146
509	146
0	24
21	63
320	1978
30	1965
54782	69
17	26
0	17
0	18
0	0
2316	2
169	2534
0	2537
0	1882
3	2426
17	1143
0	1132
135	1242
0	0
0	0
0	23
0	23
0	17
0	7
667	3876
0	3537
0	3526
0	56
0	130
0	62
0	121
0	89
0	133
13813	4764
0	4758
3	157
1	69
0	431
2837	708
31	140
5	273
59	69
0	2
0	379
0	127
0	0
67	581
6	131
131	552
735	258
44	124
0	151
4822	337
62	328
14	1471
0	562
0	1343
270	62
12	62
0	4
0	4
3981	2
0	301
0	448
6	223
386	6325
0	695
4	1399
0	515
5	6642
0	0
0	0
20	33
0	0
0	566
5	515
14	477
0	57
0	477
0	0
60	0
233	355
2	1366
1112	1366
566	3
41	4
351	621
0	295
0	621
2027	2
188	115
0	94
0	28
42	0
4	0
0	64
157	0
237	659
156	722
626	31
0	0
0	5
32	141
0	141
95	136
4024	0
2	0
0	0
0	0
1	0
1782	113
0	0
40	113
1028	0
0	0
0	2
0	0
59	51
589	0
2	1320
6	3719
1042	3716
0	2276
17	1338
0	1427
1286	377
0	375
497	0
7	251
312	251
152	3
7	426
0	112
0	112
0	153
1	83
0	569
0	58
8	595
0	375
0	457
0	461
2279	1
0	174
0	164
27	176
1474	599
0	567
0	487
846	582
61	0
595	205
0	205
124	152
0	78
34	47
1	41
0	34
0	34
0	0
683	1452
0	14
4	16
0	16
0	16
4	0
0	932
1002	932
0	1028
3476	4997
21	5616
0	5616
1	5616
14	5808
0	5628
0	5619
1662	9
183	0
0	0
1	0
0	0
0	0
0	0
682	2063
0	2063
331	6
0	4
0	2
205	0
11	21
0	18
504	468
1	154
0	433
0	466
0	433
12	465
0	487
5	487
0	8
0	31
31	248
0	68
0	283
0	276
0	264
60	4
0	4
0	0
0	0
6	0
32	17
13	290
1248	290
0	200
271	733
8	726
1634	1
0	0
33	1183
1	1191
0	1215
0	32
0	423
20	416
0	341
0	114
3	122
0	321
357	0
0	14
6	12
0	12
127	32
0	32
1	92
0	117
41	510
5	112
0	484
203	1476
0	1476
107	587
10	640
18	659
1	634
0	616
0	435
0	638
64	1017
258	1017
972	312
201	0
4	9
0	8
3	26
0	26
29	10
0	16
88	26
0	761
4722	762
11	0
4127	6
86	0
4	0
0	0
8	10
0	10
0	0
0	0
0	0
0	1
3733	6
0	3
0	4
87	1120
0	1121
0	49
4	220
0	57
0	220
3	339
0	372
0	333
0	0
280	5254
2	5254
211	3126
4	967
0	944
0	2717
0	71
32	218
0	9
0	9
0	9
0	1
348	0
0	44799
0	34402
2	48159
2	43414
0	12530
19382	92922
0	37091
6	58402
5	0
1339	0
2304	3352
0	3351
273	209
0	209
4	0
0	311
13	287
23	640
0	91
11	664
307	0
41	312
116	375
0	72
341	566
0	0
420	0
4675	96
0	95
24	44
0	38
0	35
534	170
4964	4
192	291
26	139
12	5
0	239
523	909
77	11
7	0
247	894
2826	467
0	187
0	268
2076	5328
2	460
0	380
8	931
0	22
0	22
0	0
1554	2
0	0
6555	9
0	0
0	0
579	28
0	24
533	243715
27389	213819
993	214776
210	147143
13467	193442
88	154220
7195	794177
411	221341
176	250398
469	295714
84289	731782
8	0
0	27
0	27
0	27
0	23
0	0
95	3079
0	630
56	3079
21	60
0	60
1940	661
0	658
0	65
535	0
2422	3
2421	2
265	499
0	198
0	79
0	900
35	900
0	0
0	0
25	74
0	0
0	74
0	80
117	167
7	99
3206	1
146	143
0	143
4134	5
80	1006
0	52
13	1007
0	0
0	0
474	957
22	954
30	0
415	12
2186	0
22	0
5	1
0	1
0	34
0	404
40	539
425	2063
13	2058
28	284
246	284
362	2231
0	832
0	2150
0	233
0	190
1513	2024
0	2024
0	941
2536	2
0	0
118	0
0	2914
143	3429
162	1109
631	2541
0	2808
398	2809
31	162
0	73
0	155
1529	1025
0	1024
461	701
2	0
34	165
0	22
45	0
0	199
0	57
0	199
11	196
6	203
12	0
366	189
0	189
83	2674
89	2483
0	30
0	1937
0	1897
383	921
0	921
0	0
0	951
83	951
0	0
629	80
0	80
278	43
0	11847
141	6614
4506	33599
0	33595
246	1085
0	939
39	1298
0	939
0	543
0	84
0	243
26	238
2	252
10	0
0	9
4	9
6243	4
0	0
0	469
0	469
5	21
0	19
497	21
321	0
5	37
17	82
0	81
1037	1204
0	187
35	1165
0	92
5	154
0	138
0	0
3551	847
0	847
0	0
3652	8
0	4
0	4
6	11
0	11
255	0
2	345
401	345
795	0
0	0
0	0
1835	1466
10	1463
0	0
0	0
0	0
40	0
120	0
0	0
0	523
1	1
0	4925
0	2753
15868	5072
7631	448
68	441
166	0
0	2331
0	1595
595	2154
149	72
29	71
343	65
0	692
803	764
24	6
406	801
1949	801
107	249
0	0
2627	659
0	2210
0	2148
728	243
140	1871
1076	3223
0	2681
0	2768
0	68
415	174
298	241
40	181
0	181
0	162
0	177
4250	0
0	0
221	1
1	1
0	0
0	2
0	2
5	3
2	88
1814	88
7	47
0	4
0	47
0	0
3	0
0	0
0	0
0	19
742	19
0	0
1257	2593
0	2532
508	872
889	1879
320	1879
19	13
5	74
17	74
2466	1657
0	1654
737	0
1656	0
0	0
100	0
119	0
1832	221
0	220
273	3373
0	1374
0	2009
0	276
49	925
0	905
2	792
148	792
0	68
9	105
0	61
0	73
16	0
4	547
0	406
1382	0
71	12
0	12
1419	4
6	804
0	802
0	46
2	71
8	168
0	146
0	190
707	316
0	318
0	0
0	178
1535	186
3624	1
728	1234
12	1299
0	838
0	1050
7338	5154
1088	5154
4570	191
1	184
63	25
0	25
0	24
64	105
4	10
0	84
0	85
0	86
0	678
3	672
0	43
541	651
0	20
0	632
513	0
12779	19
1776	2346
0	194
0	2344
19	2174
6	1906
89	1765
6	423
14	11
112	0
0	5424
23	1297
0	3272
37	61179
2	7269
1168	63105
4203	58142
102	316
4	87
42	0
2621	1
1461	2891
32	0
0	0
0	1156
0	874
2508	1
18688	8
44	62
0	9
128	64
0	498
27	0
1382	2197
145	2197
100	1
656	2
97	49
0	21
0	0
0	10
0	4
0	27
0	28
0	29
26	0
28	64
101	2024
35	842
24	1683
0	67
141	293
112	358
2028	0
0	137
4323	139
66	0
0	162
0	162
0	903
0	303
4	57
0	57
698	2
10	31
0	46
0	48
0	46
0	127
0	68
0	81
1393	3
40	1169
82	1169
3881	985
0	13
0	13
717	75
672	1144
0	821
7	1041
0	1044
0	1041
1	4
2493	13
36	18
0	18
93	105
690	309
0	309
11	41
2	13
0	15
281	0
27	5
2694	3
76	467
1734	472
0	0
1392	1
0	69
6	83
1	86
0	83
0	31
252	31
6	0
0	6
0	2
623	1628
9	10
0	1631
0	1624
0	1624
597	0
1032	99
0	99
11	3
0	3
0	3
189	235
112	235
806	0
81	0
0	6
17	6
44	785
0	785
0	2
0	2
4	299
123	360
0	360
0	0
0	0
0	0
0	118
0	15
0	27
28	186
0	68
109	1905
6689	11768
0	0
0	0
55	38
0	17
15	31
0	4
4	0
0	0
0	0
8	0
100	635
199	641
0	0
355	735
0	7
2250	30
0	26
0	21
0	308
0	308
219	1355
6	1355
2043	3
0	23
0	84
0	22
228	126
10523	11
1248	27
0	27
11613	3887
0	3883
76	378
19	378
1159	1
4	1
130	1860
0	820
1	699
0	459
0	346
0	0
0	772
8	84
42	1376
0	320
71	1006
0	4
0	0
0	4
0	1082
0	2543
0	2543
113	449
244	449
0	972
32	972
161	102
394	550
0	379
944	1146
0	1210
12164	11
3583	1315
5	913
3	189
88	1328
692	0
0	5444
2	2281
506	5717
0	161
185	161
10	8
12	0
1471	3466
111	113
112	113
0	149
28	945
4309	1097
0	23
0	2
0	36
0	49
2	237
0	22
0	203
0	279
0	263
0	2
50	9
317	1153
19	1153
160	4
0	1078
118	91
102	0
4	0
4	0
9	0
65	1653
3914	3482
446	3482
6	129
15	523
98	587
16	213
1358	4630
9	4671
20	4
0	4
45	1047
2473	1047
0	0
0	0
10	0
0	0
0	0
0	0
212	413
0	413
1367	0
101	0
0	31
121	235
2	240
0	1191
0	1064
0	985
0	1085
0	1135
5	1147
31	117
1087	59
0	51
38	369
18	369
0	1
0	0
0	1
0	0
0	0
0	0
0	0
2196	675
20	1083
0	332
34	1212
0	1018
0	13
53	13
50	40
0	5
12	457
2	212
0	1887
0	1586
0	1988
1564	57
0	53
18	6
34	0
716	294
20	188
0	159
61	181
8	203
0	202
3	202
0	198
0	101
323	101
2414	1
0	0
4008	386
0	234
0	146
2420	2403
135	2403
0	11
0	11
0	11
0	16
41489	38
277	750
73	0
0	129
0	29
0	138
0	145
24	2
3	0
50	685
0	685
102	0
18	0
7436	3591
125	268
117	145
3	15
0	131
7	373
188	3143
32	2917
684	45
0	40
0	1
0	1
8	36
0	18
0	14
0	43
0	36
436	0
0	102
150	103
22	110
784	112
310	202
0	14
0	23
0	20
0	52
0	37
8	214
8	41
0	4
585	2772
54	2753
6655	10
1497	0
0	81
4	62
0	131
568	379
0	379
0	332
572	0
0	0
64	475
0	174
0	475
3	0
2203	3
1	14
0	0
0	0
231	590
75	0
264	2
0	2
0	220
217	222
188	823
0	297
24	5
99	0
80	956
10993	18
79	759
96	36
5878	763
69	302
58	302
0	121
0	5
9	121
0	63
427	0
1706	0
1	103
98	103
2869	1
135	597
432	597
218	9
0	5
187	0
4	2
3	19
0	19
267	559
0	8
0	559
3	0
770	1
123	1269
3	1269
922	363
9	361
11	314
0	87
146	320
231	59
0	22
27	217
315	307
0	118
0	21
0	4
0	280
134	0
624	1
2073	12630
14	11206
2	7361
0	762
3	252
4305	3
323	466
0	88
356	287
28	313
27	158
5	108
6	158
0	1
0	1
583	3
2147	19206
12499	19214
0	70
16600	12318
4	129
1466	131
30	0
1326	0
613	1090
19	1090
25	0
514	1656
194	1656
44	1630
4	589
46	630
4	90
28	630
11288	14
0	0
89	19
2	1356
0	383
7	456
0	587
0	202
5	414
56	418
8	1331
5	1181
0	268
176	303
1	0
0	0
0	0
0	5
0	5
0	23
0	21
55	115
0	17
0	35
0	46
3	32
0	0
0	14
0	87
0	97
95	8
4303	8943
0	8942
287	83
0	83
0	0
0	0
0	0
0	0
1	0
1846	3
2139	2
4	0
508	0
0	227
0	222
0	225
0	218
0	105
0	109
0	109
1	105
5	110
0	105
0	884
0	884
1993	519
0	517
66	157
0	211
0	211
0	2230
4	1305
615	6950
148	6883
0	6894
1015	2573
34	249
46	63
0	1718
0	626
0	1996
0	2161
195	856
0	856
405	73
0	73
428	156
0	156
144	52
443	51
0	51
3	24
2	18
0	13
0	20
3	6
2	6
0	6
0	0
2971	2764
403	2831
71	0
1033	2697
6	54
7	130
0	2757
0	2836
967	4
0	1
2	13
0	0
0	13
76	0
1918	1
1660	0
3749	2180
30	236
339	98
91	30
0	0
147	446
0	446
608	2636
320	2637
5	2489
40	1718
0	2489
912	369
0	1
0	1
0	0
428	630
0	630
2	0
92	0
0	1
0	1
0	953
2	68
0	214
0	650
0	976
97	1739
29	1739
0	0
23	0
0	0
71	0
0	3
94	27
6	28
0	11
0	59
0	72
57	92
184	0
281	123
0	416
173	416
0	11
0	8
1976	6
20	105
0	100
0	105
0	100
0	0
0	0
0	0
0	0
932	1838
154	27
0	1754
0	1838
11	0
123	1282
0	1282
738	0
0	33
0	18
7	427
0	408
0	427
417	571
0	430
0	197
2	261
2	0
2	0
0	1
0	237
93	166
39	257
77	796
288	819
2	291
0	10
388	291
0	96
38	209
30	164
0	209
1608	0
0	13289
773	17161
6	6102
0	13284
3897	4
8	58
0	58
912	1
3	0
0	3034
0	1260
1	1932
15500	3050
4	26
0	18
0	1
0	23
2	23
143	757
0	48
0	737
0	19
1040	1199
0	1199
13	310
0	278
1124	504
7	588
696	875
216	872
14	135
14	135
8	36
4	24
4	11
991	2816
0	67
0	2757
0	179
0	2724
0	363
413	0
5	1036
0	987
0	1047
0	4
0	1
44	1181
0	404
1007	1585
0	0
2133	1205
79	406
0	1357
17	0
1240	0
0	4
0	0
1120	4286
0	3826
3	220
0	1019
0	682
0	1
0	1
0	8
0	8
228	316
73	316
93	156
4066	5
2881	1585
0	61
0	346
0	2
0	1802
0	1818
5420	5696
0	5695
0	0
0	0
0	5
0	0
0	0
8	5
7	0
394	1582
612	1582
2	3
48	416
0	435
0	384
0	403
17	430
38	95
0	34
0	20
30	0
4	13
0	91
1	79
0	1
22	0
42	0
4	183
6743	10786
1	10783
0	0
1136	1
247	161
71	160
56	202
0	202
1992	4
20	20
0	20
651	11508
0	11178
246	8811
670	1677
0	7
0	185
191	1050
0	393
0	1050
47	14
834	2921
3	3087
0	2790
0	3088
0	2877
0	196
6	196
0	498
882	1043
0	587
0	0
0	5
0	5
0	44
0	87
0	91
0	41
853	602
90	397
0	0
0	0
178	117
23	117
137	0
0	160
0	366
126	2200
0	2200
46	203
74657	62
3	3
13266	13
6	326
1	21
236	21
0	0
0	8
0	317
1754	317
185	160
0	51
1065	367
0	204
8	113
0	113
335	0
2	62
6	299
0	276
2	90
0	90
670	979
7	457
137	429
0	722
0	709
304	3326
67	2807
80	518
163	2934
2	43
3	122
4	2934
0	8
258	37
0	36
1146	3
0	128
2	61
687	1410
0	1409
1853	0
0	12
0	18
0	28
0	0
49	400
0	253
0	262
0	262
0	250
58	143
2773	1
13	72
46	36
0	157
0	133
205	0
0	426
239	426
0	8340
4252	8344
0	0
0	1
691	1
19543	6557
12	708
30	4448
0	1387
0	0
2549	2
8	3
169	0
1700	3
0	149
0	156
0	153
0	0
5	0
2	3
0	0
0	0
135	0
0	1917
224	2876
2234	2596
0	8
39	87
188	87
86	42
0	42
1321	98
2	98
2	0
0	0
0	97
26	24
24	507
0	38
0	501
12	13
264	0
246	622
9	622
0	0
0	0
2807	1
0	138
0	849
643	2259
4707	5023
0	5275
8	5493
0	0
1071	0
53	596
0	1
0	1
0	381
643	381
50	0
0	25
0	25
1255	371
0	371
0	262
4	0
2253	1485
21	1481
44	0
567	360
0	269
0	372
0	0
0	9
13	171
0	162
0	0
176	45
0	45
0	0
0	0
0	0
0	0
0	1
0	338
0	9
4	60
0	1
0	166
0	189
0	363
1189	1839
0	1324
0	111
18	292
5	102
2	123
0	123
40	812
38	740
9	12
0	12
0	205
20	205
388	1227
0	1227
7	0
8	0
2	0
0	0
5	0
13	0
2342	5
4	169
0	474
4	173
0	28
0	175
479	102
1	0
0	135
1264	135
0	0
3	19
0	17
115	1096
0	1154
6	1134
1376	0
32	361
113	0
2024	1
0	42
4368	1622
0	85
0	101
6	94
0	101
0	101
2066	5
474	0
34	5
0	5
2	0
0	0
1610	99
146	57
0	45
47	593
0	392
0	493
235	188
277	429
0	425
0	0
0	652
0	652
1770	3
0	176
1075	176
2212	319
13	318
2288	2
238	0
0	0
0	1922
0	0
431	2989
2	2985
1	1
0	1
323	864
0	70
31	313
0	534
0	135
2	14
0	11
179	3669
0	494
6	3669
0	1
182	1248
4	1248
2	7
0	55
0	51
0	52
0	118
0	120
31	131
44	0
366	1
7386	15
4	20
29	0
373	0
18	197
1058	197
1703	1
0	227
41	444
35	490
0	26816
262	2538
171	27598
71	29085
100	26726
0	166
0	66
2	138
0	126
0	162
0	22
108	22
0	0
0	0
11074	9712
13	9708
0	1040
0	1
0	3
0	3
0	0
0	0
560	2399
1	151
0	18
17	1345
0	2399
1719	1842
0	263
0	170
5	285
0	293
466	8
337	1
0	0
419	992
383	496
45	60
0	436
23	0
16	44
1910	47
156	1
5385	10
1261	966
0	966
435	0
2	24
0	0
4	24
2164	2
3	5
0	0
125	267
26	530
0	404
1621	934
1	2963
732	2963
12	674
0	237
0	281
0	163
0	71
4	197
0	278
0	59
13	68
0	77
0	0
153	436
0	436
1375	5
205	0
23	368
19	604
0	355
0	54
4	599
153	20139
5299	23306
277	23439
3	18512
297	0
0	44
1	83
211	244
46	158
166	22
3	21
0	0
504	2
2515	359
76	352
13	0
0	5
0	5
0	79
0	79
0	354
2	354
1783	2439
0	695
0	410
0	2438
21	0
5	190
0	5
24	190
3230	1900
0	1410
2	579
0	381
0	1
0	1
14	3292
0	1033
4	1590
0	3092
48	703
0	243
0	645
14	0
35	0
2	47
146	0
0	592
0	636
104	646
0	553
10	248
698	248
2001	1880
0	1879
73	0
14	47
0	47
332	3142
0	39
0	3142
134	0
1158	1176
13	358
48	1
76	1803
18	341
1	1803
0	6
2	20
0	14
0	6
498	547
2	164
1009	100
4996	385
0	376
0	263
0	175
0	109
18	18
78	62
14	0
70	2970
7	2970
115	41
0	0
0	0
510	2495
2188	2509
947	0
2	0
857	1469
3	1478
8	0
2178	3
9222	2408
0	12
0	2388
70	2334
32	0
1	9
102	2304
0	219
461	6368
0	5
0	1834
110	817
3	812
5	325
2	267
9	259
0	4718
1255	873
41	199
758	204
0	199
1063	1007
6	126
1	1006
0	6
99	6
373	3
9499	7
135	1203
59	1203
186	246
0	0
0	68
0	78
0	140
0	124
57	45
625	2
0	0
0	0
0	0
344	235
3	144
0	209
0	146
1847	17845
21	2465
0	8518
0	5634
3009	12172
71	25
0	1121
0	1358
50	452
303	464
0	464
142	6147
144	256
201	6021
46	88
0	8
0	8
0	156
0	145
1236	1
21	0
244	6
0	6
13	0
1040	2539
3	0
0	74
240	106
0	28
0	0
0	0
0	5
365	1580
0	1690
0	1703
0	1030
4	3
0	0
0	3
0	7319
32	9485
33	9414
0	9416
0	6
2	6
0	227
316	1191
1	312
0	903
12	36
2	49
0	49
1	16
1	43
0	111
0	111
0	111
0	111
409	0
8	5
0	5
0	0
18	1173
0	1232
0	1399
0	52
7	1492
0	31
2	4402
0	1141
0	434
0	6
0	5289
0	5218
0	5244
0	5445
0	4887
2	0
0	0
0	0
0	260
0	491
0	514
0	0
0	0
207	1817
2102	2
61	550
0	360
0	202
91	550
6	0
0	1
0	1
0	9
0	9
0	0
0	0
2	2015
39	0
839	2733
0	1675
8	283
1303	2078
0	0
386	0
27	0
317	339
0	339
7	0
33	902
37	902
4	912
0	1481
21	1562
0	7
0	1022
0	137
15	7907
377	7907
389	0
230	89
0	194
0	1016
0	221
0	609
95	886
0	5714
0	2918
0	6561
12	6270
0	2558
0	6938
0	0
0	0
0	0
13	0
75	4282
20	4315
0	4313
4	4306
1655	0
0	54
688	54
307	923
7	893
0	0
43914	59
0	11
2	27
0	27
19	2
0	2
0	3
6	0
0	177
6627	492
0	489
1248	2
0	403
0	373
0	283
0	94
345	744
0	282
27	0
57	342
1232	714
42	565
72	194
977	3692
68	3998
0	4000
4	0
63	725
4	725
0	131
18	131
26	134
17	0
49	134
12	6
0	0
4	19
0	19
0	0
0	10
2375	0
0	0
4	0
0	0
0	1671
0	1618
0	348
0	1455
3	1645
0	1538
10	1286
16	1286
3343	258
13	253
1083	0
0	0
0	0
0	116
0	38
0	159
3	138
23	159
1293	1205
0	1205
0	12
3	5
0	329
50	77
2326	2752
150	2839
5302	6649
55	6645
4	0
0	0
2	199
9	429
0	12
0	16
0	10
15	36
229	79
0	53
22	1733
209	1859
665	0
0	0
0	0
34	0
0	563
0	630
0	0
0	0
9	0
232	0
0	3374
356	3374
10	105
77	105
756	0
287	315
144	315
902	0
542	4401
12	4400
0	2
0	3
156	5
0	145
3	145
0	0
1	0
0	0
6	0
0	0
6	0
2	0
0	867
5235	1879
0	1027
18	254
19	254
71	685
201	685
0	0
1	14
0	14
0	0
0	0
4	1
2	11
3006	4
0	72
55	72
101	1820
0	516
15	1820
0	23
0	0
0	0
0	0
27	785
17	785
645	0
0	46
24	76
0	68
0	75
0	62
140	0
0	10
0	0
0	0
0	0
0	400
0	512
0	522
0	93
0	632
0	985
202	985
265	1222
0	1222
46	0
6	0
0	153
29	153
0	5
0	5
52	0
63	380
0	32
0	380
61	0
10	0
0	0
48	215
740	6654
132	6654
0	5
0	3617
39	3617
8	0
929	1
0	60
0	45
0	23
0	45
242	1174
197	1174
251	662
0	661
0	1
2	0
0	0
0	0
0	0
31035	29
29924	300
12	283
303	85
0	93
17	93
0	43
3068	47
0	0
0	0
0	0
2289	4
1536	3245
0	2058
466	3706
1458	0
79	0
12	230
123	0
275	2331
0	420
671	426
95	0
8	2
434	1215
31	25
0	25
0	25
0	0
0	17
478	1454
1180	708
2	746
1222	1423
0	1421
0	4
0	9
0	9
2678	7
1703	40
576	0
27	902
232	2547
16	2301
0	1841
0	0
7	25948
2394	25954
5118	9043
0	452
1	155
6	8795
859	7917
1066	8031
1	136
5488	7708
1563	1887
0	7707
1781	832
0	455
0	377
129	4446
7311	5247
0	5241
1464	4914
0	0
1	0
5	0
0	0
0	0
98	1345
0	544
753	1293
0	271
54	963
86	2066
4637	2502
0	0
0	355
243	4996
5	4995
0	33
0	16
14	33
12320	23
0	0
0	0
0	0
4	0
0	135
1389	135
492	0
0	0
0	0
0	0
0	528
201	528
0	0
0	365
20	31
0	31
0	31
740	365
0	76
68	76
0	0
82	0
10377	282
0	273
0	505
3091	505
11	9
399	0
83	22
0	22
2	0
18	0
12	0
918	8712
0	8712
17	242
711	2402
0	2401
117	59
0	53
1	0
0	17
0	248
0	26
0	248
8	0
0	63
7	93
2	64
1	62
0	3
6	31
0	2
1	3
0	3
2	0
5	9
0	9
0	0
6	675
0	2447
59	532
311	8074
60	7460
0	2796
0	594
242	594
22	1
0	0
2	302
0	417
21	255
0	30
0	0
0	0
762	1794
0	1794
107	908
0	947
85	947
1660	1
5747	1
9	1650
0	311
0	1015
0	1619
6504	3547
0	0
1121	253
0	253
0	0
0	12
0	12
0	376
12	758
0	336
0	376
81	762
0	0
0	7
0	0
0	25
0	8
0	23
0	25
170	194
0	104
1746	221
0	220
0	0
0	0
0	0
116	69
15	0
4979	8885
223	398
16	7
0	612
0	746
20	38
0	7715
0	7639
401	59
0	59
0	0
0	8
0	8
0	3
82	192
0	6
1501	2
30	146
320	0
2042	0
292	164
0	164
0	0
306	59
160	754
28	941
0	463
36	835
0	890
3	1445
751	1996
4	551
6372	5
0	0
13	9
0	0
0	8
0	0
1	0
0	0
400	1
1523	914
23	914
0	1
0	1
1719	7
311	0
0	0
11	32
98	32
0	0
12	101
15	244
0	97
0	247
0	227
0	0
0	0
175	933
4257	933
0	0
0	0
267	259
0	259
788	189
0	189
122	47
0	29
435	0
4558	5
179	0
118	5
84	7514
3096	3201
298	1265
21	0
1535	4466
1	0
302	0
0	134
103	345
0	357
4	108
0	83
0	311
3856	201
81	420
0	27
1688	297
0	18
7	266
0	0
2	6
464	162
6	68
0	68
0	71
0	2493
0	7506
0	2658
0	1789
306	723
0	723
1432	1356
0	350
0	213
0	703
28	847
0	29
14	5
5	29
0	801
827	801
0	274
148	2210
0	2197
1303	3609
5	845
1	844
0	1546
0	0
385	4946
0	671
86	4927
1569	5688
1	23
0	5685
533	7
0	225
6453	4999
0	4904
0	8
8	76
25	2285
0	2285
119	1
0	864
0	415
0	187
3	915
0	18
0	18
0	0
624	1
40	0
1	0
5	0
3034	1
2	0
0	0
64	240
0	291
10	268
0	309
676	180
0	0
0	0
27	377
2241	654
29	646
0	0
0	0
3388	7
20	0
14	8
0	8
0	14
9	187
16	38
0	178
0	185
76	0
0	0
0	0
1214	0
1748	3
0	0
0	1
0	1
0	0
122	447
95	0
0	0
190	711
0	519
0	289
0	501
0	692
173	103
0	103
0	24
0	32
0	32
0	0
558	699
0	699
0	7
712	467
0	11
17	471
0	2
0	2
1455	6
7	739
0	810
0	0
0	151
262	506
0	506
0	7
683	2
3	0
48	278
0	86
0	111
0	0
0	29
0	932
0	153
0	28
10	932
199	51
19	49
0	2
3	10
1738	854
3	844
8	24
2238	2
7	0
0	0
132	3
15	3
1669	935
0	928
274	683
0	152
0	179
0	187
0	203
0	203
4864	231
4	227
338	141
0	141
104	158
265	158
0	0
1455	299
0	39
0	0
2	958
0	474
0	468
2	13
0	468
0	0
0	0
0	0
281	935
3858	2
306	5295
456	5296
0	0
250	1999
0	1002
40	1615
3723	15
0	0
0	150
0	43
0	293
10	804
25	843
5750	154
144	151
1	0
26	315
10	315
20484	10
0	0
0	1097
910	1097
0	711
0	593
36	152
0	40
217	35
8	35
0	0
0	0
12	0
0	0
81	26
0	0
0	46
0	9
0	46
0	0
278	0
129	0
0	0
0	189
159	451
1066	921
0	441
0	0
0	0
0	2
0	2
0	0
0	160
0	135
1313	1144
0	37
0	30
46	353
0	324
403	2
6	0
0	0
0	22
37	1178
0	1092
4358	2896
413	2916
55	0
14	144
0	144
0	0
0	0
0	0
0	0
0	0
0	0
5211	14793
0	14792
25	1183
20	33
5	1149
31	24
0	1
0	6
0	1
0	8
0	7
0	8
0	0
0	12
0	10
0	2
0	12
106	12
0	0
4	0
0	83
287	155
0	85
0	165
28	148
10011	13093
0	335
388	13065
0	143
0	138
4	230
61	224
0	187
164	8113
0	8113
0	815
0	35
0	64
0	58
0	163
0	705
24	803
0	1083
797	1408
0	0
0	0
0	0
0	0
290	857
2530	15490
0	15486
0	2
2	2
471	227
0	224
6	1031
0	432
17	438
0	439
4	413
0	439
0	432
0	463
0	441
1851	2897
80	3913
0	3870
337	0
241	1133
672	8252
11	2926
0	7126
0	0
2	19
0	17
12	88
9	85
13	121
30	120
0	0
47	0
15	0
0	0
1585	1
0	454
0	298
0	11
0	1810
8	1571
2103	1706
375	938
0	27
0	109
1	937
2229	706
0	234
0	705
0	37
6	37
7	0
663	863
101	0
2751	4720
0	4720
1	25
101	113
0	98
43	79
5	79
173	0
0	0
0	0
4	0
0	59
3	179
444	4426
0	4425
1115	1
5	41
2566	335
0	334
76	299
72	299
18	114
5333	1
5	9
757	1187
15	1187
644	190
0	156
0	180
0	431
0	430
0	391
978	0
10	54
1	54
0	214
3	912
29	756
49	742
3	465
39	1792
10	640
0	1598
0	0
3629	1431
71	1428
1	0
0	0
1713	0
64	0
0	0
89	0
0	0
41	57
0	11
1	6
69	6
0	0
137	1265
0	1265
0	0
0	2
0	1
778	3
55	1486
0	1486
0	87
22	136
1	2
1524	3
893	314
0	109
382	6623
264	4925
0	284
0	5990
0	0
5	3550
0	1396
0	1466
13	3620
4	0
85	300
0	300
891	511
0	428
0	6641
0	3918
0	3415
14378	13982
86	3635
0	3635
4	0
2	0
191	322
78	322
236	288
427	250
3244	253
16	160
17	10
4	10
0	0
0	593
1	708
0	690
7	241
3	1230
0	686
0	913
0	957
0	767
495	21
332	23973
351	0
5	388
0	35
2746	2688
437	2670
715	97
17	0
32592	30
0	56
0	56
23	209
0	231
0	231
1177	3
1508	0
18575	20
79	215
3	214
0	1
0	1
0	1
0	91
221	91
1	22986
0	20499
529	40404
4	28339
0	34115
13	322
0	98
0	114
0	224
0	141
0	299
12	354
12	0
4674	23959
6627	1
1009	0
1	0
14	98
0	0
0	0
0	79
4	79
0	32
540	4911
0	140
0	42
0	585
0	4929
0	4857
0	14
0	0
0	0
115	456
433	456
800	0
2	1085
0	980
111	150
0	150
110	0
0	300
71	359
87	455
549	361
4	242
0	214
1475	1015
73	1306
0	1241
1273	0
18	109
21	97
0	103
264	1540
0	881
203	659
30	0
28	0
9	0
0	3
0	3
0	3
0	0
0	3
222	1
710	1728
0	1207
78	2214
0	2106
2589	43
3220	1
6	0
17	55
0	28
0	176
857	444
0	268
7	0
5317	8850
41	46
0	0
0	46
909	0
0	0
4	0
0	0
0	0
50	199
0	199
396	4
1	0
114	0
506	176
61	541
26	717
0	4
17	4
151	78
15	75
1613	0
771	487
0	485
11478	884
0	102
0	108
0	101
4	786
140	874
27	881
0	976
0	653
0	1380
90	1665
244	0
0	6
97	1282
0	1282
0	1
826	0
5	113
164	113
0	103
134	162
0	0
0	1572
75	1723
7	179
0	244
0	432
0	378
22	0
1636	3
3508	3757
0	2781
0	3747
0	2930
0	3747
4	468
0	468
0	3
0	0
0	4
6	18
0	1
5	111
277	111
0	0
330	40
0	40
0	92
0	469
23	469
0	1
0	1
19	1
1393	336
0	335
281	5795
0	5795
17	112
7	12
0	234
1136	2694
53	198
77	2678
33	213
0	213
54	326
0	289
4	408
1244	73
0	68
0	18
0	18
0	0
0	0
2	49
48	49
52	5
0	2
0	3
728	0
5	0
0	0
33	1
5	81
0	81
7	0
1857	1
9915	2019
3087	3441
3074	0
0	0
206	351
0	351
1628	150
0	15
0	199
1491	389
0	187
343	0
142	0
146	0
3	7
0	0
2	1284
0	88
7501	1686
123	0
10	252
6	240
3	252
0	71
116	71
721	2
77	90
0	90
0	336
0	232
483	1729
0	107
0	1727
128	0
0	42
33	239
0	80
0	60
0	159
347	0
464	4
2105	3602
272	3598
9583	8480
0	8472
735	1
111	462
65	462
596	935
0	192
214	935
230	12
0	12
15	59
513	91
2	73
450	1154
8	25
0	1135
0	4
0	4
0	1
0	58
0	66
0	66
3	0
36	325
0	325
822	3
197	1670
317	1670
0	553
67	553
1266	1
0	157
2	157
244	0
0	0
0	0
0	18
0	37
0	56
0	261
0	35
0	10
5	257
0	264
145	0
0	39
353	583
0	473
2	0
169	0
2714	2
173	795
20	2103
3	600
40	440
8	297
0	253
0	1284
42	296
678	2929
22	1441
0	1674
0	0
0	0
0	0
0	15
2	15
137	0
66	107
0	107
897	2016
0	23
0	18
0	148
74	2014
0	0
0	0
0	88
238	60
0	779
0	3186
89	3207
0	3207
0	60
773	60
0	0
1	0
18	33
0	14
218	193
0	107
30	226
0	193
584	238
0	238
0	22
0	18
0	4
0	15
284	0
6713	7
351	298
3370	7
671	0
83	2054
108	2054
0	0
0	0
0	1326
139	1326
3709	2
101	35
521	647
72	21
2535	893
35	0
0	893
0	0
246	738
0	28
0	738
174	0
4518	9
3592	3207
0	1332
0	3
0	3
0	3
345	0
176	0
0	0
0	8
0	120
1482	722
0	17
0	106
0	56
0	93
113	199
414	1
96	16737
199	825
0	16311
119	1
222	0
17	446
1	446
5506	2445
59	2441
14	14
0	14
5	13
0	0
0	20
0	8
0	20
0	61
1	61
738	840
0	840
0	787
395	299
1	139
47	115
0	139
0	49
419	49
0	3
0	3970
8643	3975
0	0
0	0
6	4
0	4
392	342
0	0
12	0
0	0
47	569
6	572
0	131
0	518
1	526
0	0
1	215
0	290
0	691
166	691
0	730
1493	7903
0	253
0	0
9	7724
0	7788
11	7488
0	6706
0	2090
0	1862
5	2345
0	0
307	232
7465	4
11	236
107	236
0	8
0	14
0	14
0	17
1	1853
3590	1856
5	0
0	60
152	80
92	6506
469	6382
178	5389
28	0
0	75
0	0
12	75
3	493
1708	493
2	0
1080	3
312	1409
1097	1410
137	112
0	112
10	0
3358	59
0	55
35629	16479
0	16421
1576	30587
85	8488
3	1464
9	29846
735	452
0	95
0	451
527	3036
9	2944
2	724
0	2944
0	686
28	366
0	115
16	13
4054	800
182	240
0	1
6	240
1	0
2556	1
1291	991
204	1119
3	866
26	0
1674	1
0	0
0	12
3	1313
0	320
1559	1190
0	0
0	0
0	0
0	0
3	21
2	21
0	0
1953	7
379	621
0	619
3	193
0	40
0	196
0	196
0	0
17	0
997	2
0	210
29	210
370	557
213	1080
2	1080
390	2813
84	2813
17	15
0	0
200	604
7458	607
0	0
191	0
216	0
143	0
4	0
286	1
106	0
103	1833
0	1784
0	1739
0	1817
0	1758
1773	2231
0	0
0	3
0	3
3300	2
104	0
0	225
0	48
209	244
0	3
7	3
92	1297
0	1297
3	0
61	0
676	1195
0	1195
144	15
542	1365
0	40
36	1365
485	306
0	306
6	50
7	324
7	324
1016	0
661	515
18	2057
91	2028
0	0
0	0
1942	743
9	742
865	1327
0	176
13	1151
19	2149
18	2149
0	3519
0	277
88	3526
0	0
0	0
0	18
0	16
7	148
0	33
0	131
0	139
32	258
34	258
437	2098
0	2067
0	32
82	0
0	0
896	2
689	0
33	47
0	14
0	27
2707	2
9	1697
4949	1698
12	0
298	0
4294	772
19	767
19	72
0	41
0	37
0	27
0	25
437	38387
3491	38452
0	38448
0	33
0	12
0	7
0	32
59	68
0	246
2	376
0	303
23	376
400	24
0	23
89	1812
0	0
0	5566
597	6107
0	5333
22	6361
0	0
0	0
0	0
0	5
0	5
0	10
0	7
0	10
0	28
0	27
0	27
0	800
15	3669
209	3669
51462	38779
485	38738
6	58
109	228
0	229
0	193
9	9
286	262
0	262
0	2
15	8
0	467
0	594
678	594
172	157
1	159
59	0
1659	1336
2422	1111
2	0
0	0
1078	55
351	51
0	0
0	0
0	115
0	260
691	4
19622	30
10	0
0	0
4522	1922
446	29
6	29
192	328
750	633
1	633
92	0
3909	4470
0	4469
0	0
0	0
338	1177
134	0
182	5712
0	5712
0	108
0	108
533	286
396	3497
0	3373
0	284
0	122
6	0
1	58
27	668
24	668
2	0
0	4754
775	4754
0	0
4	0
1118	1014
0	842
0	842
0	1014
0	842
1	0
0	1
0	8
17	0
212	6343
0	6343
796	0
197	337
0	148
8	185
0	23
0	97
0	97
460	0
0	1
0	1
142	197
46	476
0	567
5417	3788
90	215
0	3540
266	2896
24	6
0	6
1253	13475
0	13475
351	0
1544	3
760	1606
0	1671
15	1651
21	1670
8	1651
40	363
0	46
217	480
0	480
25	2299
0	435
0	697
0	157
0	218
19	1308
97	2521
20719	13
22	424
0	0
50	1006
0	280
205	9448
69	9457
83	4568
0	4578
0	4689
11	3860
0	6678
9	3936
118	0
0	94
135	363
87	363
795	963
9	961
328	3270
1	2696
18	3611
1382	4567
478	0
157	165
0	185
6	124
359	4
0	6
0	6
30	0
0	0
0	280
0	280
0	280
0	225
48	0
18	0
233	93
0	93
93	0
18	12
0	9
0	0
1	0
560	178
445	1520
1	434
14	434
2204	5
5	0
0	0
0	0
0	0
0	0
7	52
0	50
0	130
10	130
21	0
9882	14
0	5
0	0
0	0
0	5
1652	2
0	0
0	0
0	0
0	0
0	1
0	1
0	3
0	3
37	467
413	467
0	1
0	7
0	5
0	5
111	0
1030	0
567	657
1172	1095
0	1095
10848	10
0	7
0	1
0	6
0	13
65	599
0	596
0	602
18	2708
31	1338
142	2503
0	910
0	656
0	0
223	130
3374	3712
37	754
0	3176
0	3358
0	3055
6702	1
543	1272
2	289
0	1097
897	299
0	299
0	180
9	761
0	722
0	733
1740	5
1	0
9	184
0	3
2	7
0	51
289	52
273	233
0	230
697	3633
0	3633
0	344
10	344
697	1650
180	1650
432	133
0	133
0	186
0	632
365	2120
0	1488
0	1673
1	33
0	33
859	686
0	658
46	659
4	24
3	8
0	26
1	26
0	21
0	26
0	26
138	52
0	192
1	185
0	52
0	0
6	10
0	10
180	367
39	481
3	481
24	0
393	10
0	0
4029	2
81	12
65	97
26	97
10	0
1061	527
0	527
0	0
0	0
42	52
0	52
0	0
2	0
929	0
335	0
0	134
6	213
1	260
17	1727
0	1712
52	1711
4	1777
61	12
0	12
0	1
5672	4992
0	4808
0	4904
4	4904
309	256
0	256
0	0
8	20
3	0
406	0
188	0
1749	787
1429	1
671	161
0	158
0	0
22	0
14	157
0	37
0	143
765	0
0	390
0	59
16	407
10	407
0	310
2854	310
110	1415
0	329
0	1274
0	1379
89	903
394	0
11	9
3728	4
937	4289
9	1994
0	2748
7	695
11	427
6	120
185	870
9	821
83	22
0	22
0	3
2	0
0	0
2143	322
13	1392
6	1388
17	1421
0	8
139	38
0	38
0	0
0	1881
622	1881
0	66
1164	753
0	753
0	3
0	3
0	4456
51	98
52	4257
0	2145
0	2951
0	3115
4	2920
3	0
0	0
22	190
0	107
0	181
14	35
114	286
2174	181
0	0
0	4
16	1171
1827	1179
131	6523
0	6528
82	6234
289	0
0	217
50	333
0	221
0	333
0	250
0	308
172	89
7	89
0	89
0	333
0	258
0	264
0	264
51	1199
0	592
692	1235
0	574
602	132
0	129
20	0
2251	0
267	221
0	221
1354	459
3	458
68	577
669	577
1433	14664
0	905
3729	18367
0	9125
4534	9
196	0
5	5
0	5
0	2
0	2
0	60
241	60
429	513
0	517
9	506
0	302
759	302
143	36
56	1157
0	1923
122	571
0	963
15	847
0	295
0	1800
80	1433
15	184
1	1433
0	30
0	8
57	33
9001	701
0	696
229	984
20	6113
12	6280
45	6160
0	740
27	97
0	697
0	894
6	920
0	52
0	54
6476	0
130	814
9	1171
20	783
499	861
988	1073
0	70
0	1072
69	112
0	112
1	0
5744	781
0	779
2095	7
4659	1
3	64
22	64
0	524
1	444
817	1039
0	637
8	0
0	1015
0	2311
0	2170
0	2432
0	1008
0	3846
59	4837
5	2811
27	53
4	53
0	0
6	0
18	0
1100	0
2091	1
403	153
0	0
2	0
3449	1
126	142
0	142
531	2750
0	0
2468	560
0	552
66	232
0	0
0	0
0	0
0	0
0	10
0	10
0	0
0	0
0	2747
94	2747
54	25
19	129
0	19
0	99
0	30
0	0
0	6
0	4
0	4
0	2
1203	6
2	4
1593	3
1461	1164
0	1153
2	20
0	20
0	16
0	16
0	0
0	0
0	69
197	538
2723	10089
145	183
0	10143
122	10143
0	119
322	1039
0	331
0	165
557	169
0	0
0	72
398	72
417	335
0	31
0	344
0	353
1800	1
11	0
1959	6
7	256
0	256
11	0
872	0
0	26
0	26
0	0
0	0
0	0
0	2
0	0
0	2
0	25
0	16
0	27
0	0
0	0
0	8
0	5
2	14
1	14
0	17
0	6
0	4
0	111
0	23
0	111
1298	2261
100	2261
0	351
0	27
13	350
0	308
159	312
0	17
434	17
6	0
1	296
0	296
0	287
0	346
1177	346
0	22
841	554
0	2
150	365
0	11
633	0
1	0
748	0
0	0
0	0
2	7
0	7
18	0
0	0
0	710
0	11
0	11
0	685
8	0
9	94
57	107
0	92
79	94
0	0
1193	610
0	460
919	2
958	56
0	56
0	655
2	18
0	340
115	722
216	0
7	19
359	1044
12	0
55	1760
6	1832
0	0
12	0
301	256
0	256
7	496
3284	1261
2	774
0	71
0	40
0	86
85	381
4	383
0	446
5	0
0	2023
23	1801
2	1834
802	1989
5	337
11	337
417	1833
7	1660
0	1453
0	150
529	1029
0	840
0	619
0	0
0	0
0	0
0	0
0	0
0	2
7	23
0	11
2	3295
18657	3316
603	587
11	444
0	528
61	383
0	0
0	89
0	106
151	2649
0	106
4	2649
0	29
0	17
26	32
843	17
453	4
2945	0
8950	4311
0	4296
0	0
0	0
20	311
81	311
80	0
11	23
568	0
0	0
122	532
683	538
105	168
0	167
1	2
0	0
0	0
0	0
0	0
0	413
89	377
0	1692
3	1889
0	854
683	857
0	235
0	295
2	337
0	358
14	0
0	0
3015	2786
38	262
978	2785
62	0
815	837
485	837
20	473
111	473
45	862
2	132
8	862
38	0
0	1
0	1
0	54
8	77
0	106
0	36
0	121
93	1228
0	1129
0	1086
25	0
0	0
794	171
3817	313
92	0
3161	1
0	4
1733	3248
1	1708
0	0
0	0
0	147
37	257
3	257
2170	7
771	201
0	201
7	5070
4360	5078
146	0
14	3
0	3
0	59
11	53
0	53
0	0
0	0
87	147
32	147
0	25
1855	557
8384	1397
55	1256
183	1298
261	7
0	9
12	9
819	141
0	140
0	1
0	1
8	0
2631	0
131	234
2420	235
0	8
3	8
178	1268
256	1268
444	1216
0	0
8	34
3	9
0	34
1023	0
997	727
762	727
0	72
23	72
4214	0
2229	0
0	4
0	4
9810	359
0	385
0	379
2360	715
255	1533
1540	1534
30	158
0	19
0	158
0	158
1	0
0	0
0	0
0	583
0	722
0	157
0	149
351	1023
0	388
0	228
0	0
226	0
0	3112
0	4329
3	4121
0	4637
90	4637
0	872
0	719
0	719
0	719
0	0
0	0
34	0
500	0
469	528
0	519
0	139
33	2
0	2
1922	0
16	0
149	3187
0	128
2	3198
13	3219
12	3012
1	3219
0	0
0	0
0	820
401	820
230	0
471	0
0	211
754	213
80	216
0	79
0	0
1368	3
0	6
18	6
0	0
0	0
183	416
0	416
3	3
373	3
0	0
182	117
0	117
498	246
8	9
0	9
103	400
1	731
0	759
1277	5
0	0
74	5375
414	5376
293	217
0	0
0	0
43	28
0	28
2	0
0	0
221	287
0	282
1004	947
64	0
26	31
2335	32
69	0
154	0
568	2033
0	2033
339	1060
0	1040
0	1063
46	1063
3	711
431	711
0	12
0	12
196	4697
1894	4698
0	263
0	209
591	264
514	1248
0	1247
0	1
5	1
56	2027
0	2614
0	2838
0	752
0	14
0	24
0	22
0	21
0	23
0	510
0	510
19	206
0	206
0	59
0	18
0	35
0	69
0	69
7	0
0	0
0	4
486	4
0	0
2	8
0	8
0	10
0	10
0	0
0	0
0	0
518	803
0	803
0	1601
1060	2737
1006	57
211	57
7	43
4	5
0	13
1	13
0	6
0	6
1	6
125	25
0	25
14	582
0	605
0	538
1549	1003
53	368
0	635
3848	457
70	451
795	458
2	208
0	249
0	0
4975	12
1	455
28	3121
0	3121
0	112
0	489
0	507
14	507
0	164
1147	164
271	3256
19	3271
180	416
46	213
103060	62
1029	1375
81	1159
57	1374
6	0
0	21
0	33
2	60
24	66
210	2
0	2
1007	966
115	0
17	295
218	295
3366	0
0	0
0	0
12	27
13	138
0	73
40	138
1	106
458	238
0	238
3061	18913
6	763
0	6542
9	18896
0	0
0	72
1959	1074
79	1150
4899	4
0	206
6	215
0	282
0	269
0	234
0	219
0	204
6	202
233	291
0	307
5	197
11	311
1294	489
61	453
290	558
0	558
34	0
0	794
374	808
0	399
0	89
19	81
0	124
2375	1979
0	1568
3	1782
0	1608
211	2001
4550	2651
26	2650
0	0
34	87
0	0
109	2755
12	2755
92	2117
28	2117
15	540
3	181
26	540
5630	0
14	278
23	278
0	12
4	306
0	301
0	306
0	194
1448	1161
0	5
177	5
1551	788
0	330
0	787
381	8566
98	723
0	6390
23	8643
0	16
0	14
1	79
13	79
0	0
0	0
13	162
63	147
564	0
50	314
50	2
0	368
30	368
1	0
0	8
443	9
0	6
0	6
520	1
0	0
257	9675
16	9675
0	215
64	1250
20	1250
1	0
11	0
0	0
0	0
0	0
0	0
0	0
0	0
8359	15115
18	15114
1892	1968
1103	1966
304	1206
0	1206
4	789
54	877
99	703
0	676
365	3107
2	66
0	66
0	60
0	44
17	39
23	263
0	140
423	429
48	41
279	491
0	267
0	0
876	4
52	4
2	83
0	83
26	467
50	242
23	24
71	24
8	8
0	8
234	347
0	116
0	57
0	21
0	24
0	162
32	0
397	1412
4	1249
0	1412
0	3977
2373	6212
7	3473
5	0
0	7
0	3
2449	7122
4	690
62	7122
96	0
7217	9
349	532
38	532
4	1
18	1
0	125
0	121
516	1909
1	400
0	649
25	1518
3515	4183
0	4179
166	11
0	11
17231	22
709	564
11	563
0	57
0	57
49	71
1382	1089
170	1
0	143
56	391
143	333
0	0
8390	16
8	0
489	65
0	62
14	1520
132	1520
1976	1
2	0
2080	817
0	0
0	0
0	174
5	14
50	582
0	177
0	582
9	0
0	0
20	21
0	0
0	21
0	0
0	2
0	2
20	0
65	32
870	3
4	10
0	8
5	7
0	7
111	49
20	0
2023	1897
0	1908
0	1886
7	6
0	6
13	4
0	4
0	423
385	423
35	0
0	19
93	1272
0	1271
56	0
0	0
0	0
0	0
0	187
0	0
142	187
0	187
0	147
0	184
487	1442
0	604
208	28
0	28
801	2
16	56
0	52
0	43
0	0
181	0
0	402
79	402
294	898
0	466
0	453
9	500
0	317
0	500
0	9
0	9
0	9
27	9
0	277
3	13
0	621
110	2717
0	1204
0	2518
0	0
0	0
646	0
4184	0
22	0
0	0
0	13
12	34
0	2
0	5
0	5
12	2
577	1905
0	16
0	1905
53	1858
172	66
1	66
1092	836
5	241
604	1916
0	47
138	846
1	595
0	804
0	0
71	548
3	469
0	222
0	479
12	485
5099	5118
4	4651
0	2018
0	1677
0	0
8	2
0	2
73	0
0	28
0	6
11	375
1464	290
89	0
0	0
296	0
0	0
915	4
479	209
0	209
30	798
36	973
0	727
16	580
294	2810
0	2992
0	0
3427	1
1	1304
16	1367
320	6606
4	1552
14	2131
0	2987
53	5956
0	2400
1	2990
0	0
5	24
0	58
179	58
11	439
0	46
0	22
10	435
43	61
44	61
0	0
34	49
47	49
5	34
7180	627
318	661
19	215
9	215
0	152
307	367
91	367
12	415
87	415
0	9
0	5
0	9
30	348
0	354
79	4402
13	381
65	4398
9	175
13	1023
0	911
0	0
2	0
29	20
0	12
0	73
11	73
5	151
0	603
2011	1529
0	1528
0	1364
0	1528
0	0
0	0
11	22
11	22
15997	663
0	831
2531	2370
480	161
6	161
16	314
0	125
0	318
25	0
3	3
71	3
309	121
5	121
52	6
0	6
38	1028
19	174
0	1028
0	234
6	0
59	234
0	39
2	44
0	0
0	15
20	15
0	0
0	0
0	0
0	448
54	448
4008	2477
4	1778
0	2050
0	1635
0	1373
0	1938
0	4
0	4
0	4
880	0
1572	742
0	755
0	117
0	196
0	123
5	148
0	84
334	86
6	0
1429	0
223	0
133	2417
25	2417
286	14
369	232
7	232
3075	3
209	212
0	211
0	0
13546	2767
4	47
0	47
0	22
3	47
0	47
23	163
0	163
24	1112
0	377
21	1025
6446	401
3	397
4594	2466
8	2466
8	12
6594	9167
0	118
18	17
0	0
5	25
61	25
0	0
0	0
7	0
3500	0
0	5
11	9
0	37
1080	240
0	233
108	176
1	19
0	158
0	0
167	215
391	0
115	0
31	371
0	371
874	5009
0	5009
63	4959
0	4627
0	1722
0	4739
7	0
373	289
17	177
22	86
0	140
0	369
18	87
0	560
0	436
682	1810
9	924
0	980
0	62
0	101
96	103
799	0
1606	1119
464	41
0	1
0	40
4	894
0	2742
0	149
52	1261
0	2128
101	488
1021	6148
68	10123
59	231
0	231
625	902
0	902
20	3302
0	143
2	1810
0	3424
89	0
5	8
0	0
0	8
0	344
207	344
0	335
1	82
1272	5747
274	7075
0	4286
0	21
0	25
16	2
0	0
0	129
0	33
0	96
0	0
124	89
12	89
0	0
0	0
0	0
106449	47536
15313	35203
2408	29222
48	11007
108	19455
0	19307
175	30020
0	20324
0	94
23	326
8	250
55	58
890	4694
12	4685
0	8
0	0
0	9
0	9
0	0
0	0
23	338
0	181
198	0
1230	1613
3783	5078
9	253
0	4962
286	4985
9	1
0	0
11	0
0	10
0	281
0	321
0	168
33	842
6	1259
118	2682
174	2590
0	174
0	561
0	309
0	211
31	480
54	0
1	49
0	49
0	5
0	5
5566	1035
78	1032
7613	87
0	13
0	81
148	16
1119	1
3	179
17	175
2	307
0	365
0	568
6	315
7	2180
76	166
12	2133
0	924
0	872
0	874
0	312
0	833
108	0
206	52
3	0
0	0
0	0
0	0
1	1705
81	135
0	135
2523	920
601	0
7	0
0	0
9	7
0	8
1009	1
4	287
98	287
0	10
0	0
0	10
0	7
0	0
14	0
53	2459
243	2459
0	0
6	6
0	5
0	1
1	44
0	41
0	44
68	0
0	0
163	675
33	383
109	0
0	383
28	0
0	0
0	0
0	0
0	0
0	0
8	11
42	65
13	65
804	1
331	86
0	86
0	68
168	1644
13	1094
35	1268
0	653
0	35
0	35
6029	3940
0	3633
3	49
206	54
324	0
1691	3
0	181
0	181
418	426
0	0
0	0
0	0
0	78
1485	158
77	215
4	1343
0	861
4728	2208
0	1384
3071	158
0	158
0	125
0	111
9	135
0	124
35	0
0	0
669	4
0	9
0	9
24	10
558	4
0	44
13	44
0	1
0	2
0	12
0	0
987	8876
0	8876
729	3
4480	622
0	619
496	418
0	413
0	130
68	2602
0	862
0	2484
16	20
45	20
258	2089
17	2089
916	1
399	193
0	255
0	138
4	63
0	255
421	62
1	4
2	58
63	0
0	4391
0	7675
1016	26728
1	5861
0	8149
1685	26538
2	63
32	63
0	27
0	11
3	1305
21	1336
0	1534
0	1457
87	2776
3	952
4	173
140	5054
0	3544
103	2952
0	5414
24	477
19	608
0	17
2543	3
0	0
1	1
0	0
15	43
0	42
1529	424
0	0
0	0
0	0
0	0
0	0
170	337
0	110
68	193
850	3723
679	422
304	12641
0	3590
0	0
0	0
0	307
496	307
1675	0
0	28
2	28
0	0
47	687
0	687
257	0
443	2423
17	2418
5	2435
3691	11462
1753	3429
0	11086
43	378
33	60
2	434
168	412
12	0
0	5
0	5
0	1
139	94
8	94
24	0
877	2
0	116
1061	116
711	2
6454	7
151	0
34	0
145	1473
2	1473
242	0
0	0
0	12
16	12
619	4377
0	1551
11	4599
0	0
42	609
6	7557
5	1003
121	6815
558	7594
163	7307
45	7136
0	321
143	321
106	0
16	0
0	31
22	31
0	0
1	0
5	0
0	0
167	1
0	1
0	0
0	0
0	272
159	17108
1	13962
5	4181
199	16963
0	7
4	7
106	33
752	137
0	12
0	125
724	1705
0	932
4	3328
72	5027
1258	2
10	29
2	33
329	4072
1	70
0	764
8	4080
0	79
0	369
0	15
26	3119
0	3136
0	1893
0	2342
72	2215
29	1660
3	2090
0	1408
2740	1409
0	109
1	123
1143	886
0	258
0	856
462	1
6	1
2026	543
1	0
507	0
0	0
2389	1425
0	1667
0	1719
234	449
5	248
0	449
0	553
12013	562
0	88
0	0
0	145
5	199
0	59
2	252
0	201
387	143
0	143
5237	18
6	11
0	0
0	393
0	32
0	211
0	74
2486	310
0	230
1181	338
0	337
0	0
0	0
0	253
867	253
1643	1774
0	1852
195	1754
0	1
0	28
471	951
0	923
4	0
983	0
0	66
308	437
2	55
30	56
0	0
9	0
5044	7231
0	7229
34	2940
0	245
169	2940
15	135
278	2871
125	4
0	0
0	0
15516	5
0	0
0	152
548	0
0	225
0	94
1420	320
0	31
0	31
0	7
0	7
0	7
0	7
14	37
0	37
0	534
331	932
26	694
0	689
0	325
16	1927
0	5113
0	5188
4	368
0	304
6	163
32	1230
5	1230
0	697
534	2
1030	875
1	625
0	200
266	6121
3407	6121
3469	2600
0	2596
0	41
10	119
0	44
0	99
40	1028
0	234
807	1028
0	0
30	159
0	101
792	162
0	0
912	116
200	33
64	83
2013	143
0	143
15	71
81	57
80	13183
0	16634
35	11109
0	16892
0	16972
0	16952
0	0
0	0
0	0
0	4
23155	31
42	0
8	32
0	32
0	32
0	74
0	75
0	1067
0	245
0	97
0	1066
0	1073
3221	574
0	573
0	179
0	960
24	1488
0	111
13	953
1536	1614
2	414
30	551
139	374
0	374
33	0
670	0
34	370
990	3964
0	3856
0	1124
12081	1137
0	12
5	22
2	90
24	90
22	35
0	35
0	17
197	916
0	916
943	10
780	0
0	709
0	1160
0	1120
0	1
1319	3
0	14
304	120
0	105
0	0
643	1
1625	308
0	307
3	0
2	543
0	79
2	509
0	224
39	90
4	28
0	0
0	0
150	243
639	243
0	0
88	128
0	128
337	438
0	438
4	60
36	632
0	492
16	593
2	30
755	0
852	1
238	0
1827	3
9	595
0	1635
18	1563
98	7630
2	2143
42	6807
74	0
16	73
159	73
8	2
0	2
0	2
0	2
0	2
1195	4
26	17063
621	5982
10	17524
63	0
58	231
13	20
36	3
335	6
161	237
0	0
345	820
0	811
0	808
17	0
0	609
0	0
0	28
0	579
0	609
1050	114
0	110
11928	7
449	463
0	255
15	83
0	63
90	339
0	339
0	0
0	0
0	0
3	77
0	3182
4	3185
29	15
0	15
723	474
0	92
1	44
0	77
28	77
0	0
289	308
0	304
203	700
52	700
9	109
0	108
0	0
0	0
0	0
0	0
1127	1
67	0
0	151
24	151
0	231
27	231
266	138
1	138
3	5
971	99
0	98
408	0
0	0
0	0
42	49
40	41
2788	2
625	0
134	179
0	314
0	358
0	0
0	0
0	19
0	0
0	19
349	2255
6	2255
0	102
428	1180
1	1182
155	480
1	480
0	4
10411	3566
6	3561
8	191
0	191
278	990
492	993
0	1
0	1
0	11
12	6532
0	96
0	1397
6	1880
1	6176
0	5011
0	0
21886	45
18	37
53	37
1816	3
3	6
0	6
4	183
135	140
0	88
0	140
0	0
0	0
7	1792
11	1779
84	35
0	35
0	0
0	0
0	0
0	0
20	0
32	131
0	15
0	119
4167	80
0	77
1198	0
0	84
33	84
1829	1
282	184
0	175
0	184
29	57
0	11
0	11
0	0
0	0
5	151
675	1229
7	96
58	96
0	14
560	14
1405	1647
0	0
1024	0
0	40
0	27
10	230
443	2579
771	2539
4	278
0	278
0	40
19	40
196	15
0	15
87	290
0	0
0	0
0	0
0	0
0	0
1134	0
3385	916
0	1225
1599	5
0	0
4	1351
12799	5556
0	4264
0	1221
0	615
0	250
163	619
8	231
27	231
524	7276
0	2789
35	7305
2177	7128
78	2582
0	183
0	4
0	1501
874	3063
27	1849
17	846
10	6530
20	0
0	3
0	5
0	49
0	8
0	0
0	3
0	33
0	44
0	3
0	0
6	3
0	3
26	0
0	63
153	1775
0	9
0	43
6	133
0	119
0	98
0	108
3453	6
1610	1218
1	1132
14	1163
74	0
0	0
0	0
0	0
0	532
435	532
0	2780
11	2780
42	34
0	34
0	0
0	0
1251	2345
0	2345
40	0
0	0
0	50
4441	51
0	1316
5079	3064
0	1239
18	713
3	1289
467	212
50	0
0	0
1	0
0	0
12	0
6	0
3098	622
0	4
16	4
30	222
0	222
1008	0
33	0
0	0
3	175
0	11
53	308
0	0
0	25
23	25
63	249
215	249
282	163
0	162
4247	433
0	430
0	0
1852	296
6	294
0	12754
0	12973
18666	13096
489	503
0	289
0	447
843	0
445	0
59	38
3	31
0	7
0	0
379	1053
0	3
0	3
1591	932
3	134
0	0
72	0
1313	1662
0	1659
0	13
222	22
322	838
17	8
0	8
126	5671
1	5671
2	269
0	26
364	272
0	258
0	339
1	97
1099	339
0	0
3	0
53	714
0	772
0	46
6	41
0	46
0	46
135	724
8	545
4035	1
0	0
1986	2742
114	407
416	707
0	707
3	21
0	21
0	20
1929	675
0	672
2217	2
0	521
700	527
190	225
948	225
0	483
1167	485
0	91
0	755
0	810
9688	1
0	0
1	23
297	197
76	70
727	70
0	138
439	166
4	602
972	602
670	660
0	499
9	203
1357	2060
14	2060
31	0
23582	6127
0	6088
0	893
171	1123
0	647
57	171
343	168
34	28
9	39
2	38
0	43
0	16
0	43
0	17
0	781
2066	2323
48	2342
34	0
27	45
0	45
70	496
2	175
6	94
0	235
1155	345
565	0
10	70
0	70
1048	0
230	0
0	204
4989	207
0	5
0	5
0	5
0	0
0	0
0	5
0	31
0	417
0	1114
0	1103
0	143
0	28
0	867
8	1084
0	1070
126	313
0	115
17	268
2608	334
191	1
8	1
1519	9187
0	9187
0	0
0	18
0	43
47	123
0	123
163	0
1133	78
0	72
0	3
60	7
4871	17
0	2
0	6
5	34
0	34
0	0
2	0
1454	1880
229	92
0	2
0	90
80	0
1817	0
9	245
0	68
387	273
279	156
0	156
0	616
53	3003
0	45
81	3003
0	40
0	364
0	383
0	321
119	430
2	17
15	120
0	103
0	210
23	211
42	264
102	1312
0	886
7168	6
3819	8
153	0
454	0
1045	2
2	0
0	0
34	43
62	57
16	57
9	623
1	3473
0	2461
180	2663
0	3796
2	2514
396	0
590	978
0	151
3	996
0	41
0	41
0	185
0	251
0	2384
11	2425
0	2378
0	13
0	10
0	20
0	20
0	2
12	78
0	82
11	82
0	185
24	185
0	120
30	873
0	4
0	868
492	586
0	586
168	0
415	625
0	245
4	635
0	370
5768	6
0	0
2015	0
0	2154
0	1297
0	3695
352	3753
0	212
63	257
10	0
6162	2
117	295
17	295
0	6663
1666	6664
0	0
52	829
0	0
35	0
19410	16
96	3
44	793
35	793
25	36
298	36
174	307
0	306
12	0
622	0
0	1263
0	278
17	1607
199	1607
0	137
754	137
1645	1272
39	1223
1701	35985
34	34669
0	35985
7	5
4	0
0	0
345	656
0	344
0	598
0	0
0	0
0	0
0	0
0	0
92	304
40	107
194	72
17	0
7	0
1448	5
1467	1550
3	1550
13	2180
124	438
3	426
3	2180
1808	1
3010	4
1250	5
4	0
0	0
3	0
0	0
0	0
210	0
955	0
0	136
7304	279
1	177
0	6
9	87
6	18
0	29
0	24
0	87
0	18
5	0
0	7
0	0
0	7
0	0
0	3
0	7
0	0
0	7
12	96
0	340
40	438
194	609
0	169
93	65
0	107
0	5
0	87
0	87
0	112
0	87
0	87
0	87
1442	2
362	1
0	26
0	26
52	721
0	721
0	62
0	184
0	1769
0	39
18	1833
0	1911
480	0
570	724
3	0
29415	10774
144	10631
2	3070
0	1454
37	116
252	0
19	14
8	14
0	0
0	0
0	0
4260	145
146	0
215	0
1	73
0	51
1584	2737
0	2733
28	0
0	8
80	8
103	6660
157	648
0	239
0	6538
199	0
275	0
0	0
2758	125
0	125
95	80
0	80
33	28
0	0
0	16
0	16
12	62
5	68
24	68
53	0
13515	1635
0	1617
0	7
12	7
2	713
0	319
0	790
0	4529
222	4529
0	3947
0	0
13	0
0	114
987	114
0	0
16	0
32	379
11	295
0	291
0	382
0	127
0	2773
0	409
0	107
0	4308
0	4040
0	3493
0	3762
0	4040
0	463
17	476
28	383
0	585
0	4
7465	596
0	381
1466	381
0	86
74	86
0	0
0	0
0	0
0	0
2425	0
5	3
0	0
0	3
3	27
72	232
229	4665
535	5499
167	863
25	524
0	381
0	43
284	4607
4406	1360
9	1347
194	1358
137	552
190	552
0	0
0	0
0	0
2	2
0	46
0	0
0	122
0	56
0	41
0	112
3538	1
88	4878
26	5227
247	3393
0	269
56	756
3	719
80	718
130	718
806	896
0	0
68	896
325	3
15632	2040
10	2021
242	245
49	245
0	168
907	923
137	128
0	44
15	930
30	459
1	357
0	107
63	614
0	48
0	614
14	116
151	111
0	12
0	0
506	0
892	0
0	78
0	7
0	97
3	98
0	67
540	780
0	780
0	235
0	1
2205	1693
0	1048
30	1692
646	2410
11	132
35	2409
1335	1075
0	0
0	0
16	295
1358	303
0	212
2402	3
1869	578
0	160
0	518
3485	5
149	744
175	744
23	3
3617	5
0	1
0	1
849	128
4	65
0	63
206	0
151	0
781	197
0	197
0	8
0	8
841	1206
2	3010
16	3038
0	3058
0	3036
1476	2246
51	1695
2	2246
39	101
0	125
53	125
0	533
0	475
405	0
397	673
0	339
380	2191
279	1911
213	1927
0	43
0	43
0	43
189	182
0	152
45	93
0	1
27	93
20	680
85	680
0	0
0	0
8	21
0	21
46	1
0	342
29	342
627	4
1139	3460
392	0
0	0
0	0
0	0
0	0
0	0
0	0
533	1013
0	0
0	0
0	0
0	0
5439	24299
0	24298
3939	9
0	15
0	15
0	0
0	0
0	0
47	0
0	1
0	1
31	12
16	459
0	459
0	297
0	1711
0	1051
782	1714
195	0
2	0
0	0
0	0
8	103
7	103
375	0
0	34
0	114
136	5305
29	5282
1	19
20	11
0	16
0	24
0	23
34	46
0	12
4	39
0	192
35	434
0	2674
189	12203
98	12160
3	0
0	0
9	505
0	1772
2354	1772
1815	7
0	0
331	2357
0	2357
0	30
3	35
0	1727
0	821
187	1766
18	1743
77	1434
0	2678
0	2736
1739	3
661	92
0	92
726	0
0	14
0	5
0	14
230	0
490	960
0	960
0	8
1067	2
77	672
0	238
1	738
3009	9
3	0
31	20
2120	20
10	0
3214	2
0	542
1494	2548
0	1679
0	1876
2575	2409
53	2408
0	0
0	0
0	0
284	711
0	3640
57	3953
5	319
0	319
394	13
648	13
2178	29
0	28
118	0
1815	1
205	0
1449	0
13	15
0	15
6471	15
1147	0
455	199
3	186
0	3
0	16
132	614
1	1
20	49
0	0
1	0
0	49
478	679
860	0
0	3
0	47
0	103
295	134
153	663
256	662
16	944
58	944
88	822
12	972
616	597
3099	8441
713	8434
0	4
32	4
898	347
5	520
22	587
0	251
44	82
20	129
6	129
151	0
5446	2545
0	2544
180	5310
5	5310
364	0
0	0
53	21
138	21
11	100
0	100
2169	5481
1480	5479
5	102
12	102
0	451
13	445
0	451
0	0
0	0
0	0
2	29
0	29
0	0
0	0
123	3932
401	3901
121	1093
0	1093
1652	362
0	575
309	1565
0	167
2	24
1421	2167
7	1589
0	1494
0	1321
21	1588
0	1530
0	1433
185	1406
0	1414
0	1098
2	1207
912	1187
0	131
832	361
0	361
4392	2521
5	0
19	1405
40	1405
663	315
438	494
144	774
0	674
0	692
922	1274
4	1274
0	9
9	0
15	9
18	465
0	303
0	1787
2	1769
0	1845
0	0
0	0
0	0
5043	2789
0	37
0	309
51	2811
386	1929
25	1512
9	430
44	1814
4	1495
0	222
0	11
5	11
0	144
0	318
1	1487
0	189
0	1388
1407	3391
100	3602
0	1452
35	479
20	177
10	0
1538	6
0	1
9	1
0	0
941	631
22	1314
47	1305
2	1
0	39
0	44
2	0
407	1216
129	2173
3	570
0	0
0	631
0	113
185	746
0	0
0	14
0	416
0	503
0	505
24	451
0	451
654	6
920	432
30	32
21	24
0	2
4	8
0	0
468	235
0	235
140	93
0	93
0	141
186	143
850	187
0	187
115	857
0	857
0	0
48	0
34	0
88	4249
2	2528
9	4249
649	2
406	0
0	0
0	0
7	19
4	7
0	0
0	0
0	5698
45	6816
119	6780
2326	2
0	3
0	201
1153	201
22	0
5	227
1052	1342
0	1296
0	0
0	0
30	62
0	62
0	0
0	0
8157	5
373	0
3267	1396
52	1396
30	0
197	3278
473	3281
128	262
0	285
14	282
0	0
147	3270
2	2075
0	605
101	1800
353	709
0	657
1	480
264	851
0	5
0	61
44	66
0	5
0	5
0	10790
7012	10794
1	1020
8	73
0	41
0	18
0	82
11	81
0	70
0	333
0	319
0	2
0	0
0	17
9	17
0	5
0	5
6	18
1	18
1867	0
2562	0
9	5
3071	7
411	0
0	0
0	10
0	0
0	10
260	1774
0	1504
2002	10
0	5
0	5
134	1497
0	1497
1439	354
0	354
0	285
0	5
4	5
1142	705
0	705
521	0
0	0
20890	21
442	44
0	1
0	1
158	264
0	264
65	171
0	171
3822	327
0	323
51	0
5	0
0	61
445	94
0	33
628	0
1	822
0	822
0	314
0	38
1	21
2	99
234	299
0	239
0	254
637	924
25226	5299
3	4577
5	692
71	1933
330	1302
11	0
0	0
7	86
8	104
0	109
0	0
0	0
0	0
356	57
176	0
0	59
29	326
0	0
0	0
0	0
0	2081
0	2937
4	1662
0	2375
0	14078
0	492
139	12158
0	13547
0	11478
21	59
0	295
0	15
33	317
12	295
13	0
5338	2515
1	2515
398	684
2761	4
188	0
0	962
0	171
1730	1133
64	4
0	2671
0	354
0	368
21	2748
0	36
0	0
0	0
0	0
3	649
954	651
103	0
2	32
5	32
320	56
1	836
0	236
0	706
0	833
0	863
2	833
65	76
0	72
0	551
16	2660
88	2673
1290	5
0	0
0	0
0	0
0	0
367	16
0	16
8	101
0	77
117	74
158	540
0	101
11	524
1688	1
294	4806
230	4877
1367	2
747	1937
0	558
0	1385
118	919
0	919
2466	0
6999	8241
0	8236
0	0
1464	3
656	0
0	13342
767	13829
0	13831
0	25
82	126
11	29
18	13
142	137
0	137
80	61
796	63
2	176
0	204
219	264
0	125
3	191
0	138
17	0
4	8
0	8
518	29
41	0
21	0
1819	1675
20	1675
638	1031
683	4
0	4
30	26
2	131
469	226
0	226
22	0
0	1362
2	1363
3	228
14	228
24	1551
0	7
0	1551
1	142
1412	6515
3	6514
0	156
0	83
0	123
77	465
349	518
134	0
263	1431
0	197
0	1408
0	1164
0	1349
73	29
1232	29
1421	3371
146	3188
0	2482
332	0
31	30
718	160
17	159
0	32
1651	1426
0	1255
0	855
0	361
215	361
0	43
76	43
0	0
1	0
0	0
0	0
0	0
6829	793
0	776
0	19
0	19
0	24
305	25
109	9
232	173
6	125
423	0
39	1810
135	417
187	2215
0	471
0	4
329	77
54	1
31	251
608	251
0	15
32	18
3148	0
169	5319
0	5328
48	5364
0	0
2261	2
7	0
179	1625
0	505
21	1513
0	1512
0	1166
556	19581
13	19586
421	19177
0	0
0	0
0	54
2883	60
46	334
0	236
0	334
0	0
0	0
0	0
5	0
0	0
0	0
309	427
3329	27997
25	28418
7846	5
19473	2791
0	955
0	2835
8	1167
0	506
0	2029
0	1656
0	1645
0	1167
5566	4
78	11
0	11
343	51
0	38
3	13
19	0
4	821
5	331
7	553
0	821
0	0
524	20
0	20
0	3
65	0
4	6
0	8
0	6
0	0
0	0
0	0
11	313
0	124
2	115
1441	0
200	11
8	0
10534	1219
1175	61
52	0
0	0
0	317
676	318
0	37
0	93
19	72
64	14
14	14
0	0
0	0
0	3468
0	118
0	3315
0	3410
0	3373
7	2
0	8
2	13
0	9
27	843
267	821
6	0
0	0
0	0
75	58
0	6
0	52
154	1383
0	562
0	1383
2533	17163
0	17163
0	0
289	146
5	146
70	0
114	0
911	1
602	412
339	2553
0	2553
59	2723
51	238
0	226
942	1436
0	1355
49	1344
7	1396
0	1433
373	11163
1576	11557
0	590
0	2
0	2
0	120
23	120
2443	0
4176	1
0	0
0	0
374	0
0	168
34	168
3	130
645	3345
0	3345
0	1507
0	1595
4	0
0	0
0	0
0	0
414	111
150	734
1384	846
0	76
474	3449
3	863
131	3525
0	505
389	893
84	653
47	654
0	130
1256	130
593	0
0	0
0	0
332	378
0	378
0	1018
0	1151
62	1189
103	37
0	37
0	4
0	0
0	63
51	34
575	800
0	800
18	40
0	40
2017	2400
3	0
20	1253
0	1253
2843	5
419	1684
29	1684
6	0
14	0
0	0
54	0
4	95
0	95
8	2
0	2
0	2
1061	493
0	295
0	462
38	615
13	216
13	618
0	13
2	13
0	0
3	0
656	155
0	155
7	0
6	125
27	125
65	65
20	65
798	809
0	809
0	62
821	895
3	916
243	1370
5	504
0	1384
0	0
545	649
2	459
11	315
137	406
8334	8859
0	13
2681	8669
1941	4
40	157
379	1541
62	1541
0	0
0	0
1209	727
0	727
0	1946
0	41
587	7808
51	8328
2925	6468
8	6463
1495	500
2606	6122
2	6122
0	0
0	0
996	0
0	0
0	0
0	0
5	0
6073	6
1639	42
475	636
241	5156
51	1205
0	4972
1598	965
0	643
550	396
0	394
0	103
0	2
619	2079
0	2079
42	305
2	8493
0	8592
0	13
9	8415
99	3092
194	3091
0	2943
90	434
101	434
0	0
31	5
707	791
0	789
3	0
775	1585
0	114
0	229
0	1548
0	1571
0	1478
0	1625
0	1591
0	1593
0	0
861	0
1229	2695
0	2613
0	344
0	822
0	3815
0	2657
64	2715
0	4191
27	4043
67	5496
1872	4225
0	286
1784	832
1264	842
0	118
0	257
6	73
11	120
2	566
0	277
1804	1119
11	106
6	106
0	9
7	9
366	768
0	768
0	0
5	1
170	1727
0	1577
0	22
1	22
0	1
74	422
10	308
2859	197
15	187
0	17
0	0
140	0
14	782
96	782
76	0
0	10
2	16
24	12
10	20
0	12
1831	2
213	0
7	138
66	903
0	148
24	1
184	918
0	6
58	6
1617	729
0	765
0	589
0	675
0	82
3	101
1073	0
2942	4
458	312
15	309
0	0
1581	11
0	0
0	0
95	274
0	274
2	150
169	150
0	124
1270	222
3	97
117	402
0	402
44	56
0	0
7	141
85	0
5	21
0	660
70	660
380	632
0	12
4	12
9	454
0	124
0	1
839	494
231	495
0	490
128	8488
0	5002
62	6860
0	3535
986	10639
4	0
266	4627
0	148
0	96
7	4624
2	4
0	4
0	24
0	24
1804	0
0	4
0	21
3	4
17	24
0	0
0	0
5430	4
0	753
1162	1491
8	1339
14	1120
0	993
1378	0
25	0
1670	1
148	1128
259	0
29	0
0	0
19	89
0	164
0	66
0	1914
0	59
81	1914
427	0
21	5
30	51
335	2
25	2
4	78
2643	81
106	619
0	619
0	0
0	0
0	445
3341	1645
101	1574
5	2
0	3538
0	3538
0	2352
25	2705
0	208
8	335
12	144
6	2528
0	0
0	0
272	0
190	0
0	0
0	0
0	0
3139	1
238	2
418	0
8	9
98	33
2397	579
0	566
7	155
7	151
25	62
0	62
0	2
0	90
0	62
0	91
453	0
0	48
0	411
0	2
0	151
0	47
0	5
0	401
0	388
0	401
0	398
304	1928
0	1084
0	1092
4	1018
45	0
0	0
85	160
8	0
4432	1245
0	1235
149	116
13	80
221	57
1309	14062
29	14062
0	0
0	0
0	0
0	0
38	0
186	0
1935	1
4765	12
24	202
62	820
254	882
2307	623
0	695
4	0
0	3443
2352	3446
2455	0
0	82
0	39
1002	306
0	231
1582	3
0	25
414	2745
0	1734
0	2144
1059	0
46	0
0	19
0	53
0	141
4	141
0	3
0	0
1264	0
64	0
615	761
81	761
72	0
179	0
0	49
27	3
105	52
0	4763
0	4376
0	4393
50	4780
415	320
59	217
0	217
190	0
269	156
0	156
0	112
371	989
23	988
15	143
14	145
0	15
0	65
0	58
0	0
0	0
0	65
0	68
0	32
0	65
0	58
0	32
0	3
0	63
0	32
0	63
0	66
575	1054
0	380
940	1093
18	0
3412	9
8	0
10	62
0	3
0	63
0	0
0	0
0	0
0	0
0	0
0	0
1	0
52	404
44	49
466	453
1236	0
0	259
6	26
18	249
0	221
9	45
7	45
0	43
0	150
0	131
0	150
0	922
0	211
0	864
2742	2991
18	270
0	2682
7	2899
5	2753
0	2771
25009	14
20	0
733	1
2	48
0	48
0	33
0	20
0	2
5	2
27	263
0	179
0	92
612	0
0	0
0	1
1837	2378
250	2933
0	225
50	225
215	2469
0	408
0	2461
0	2280
1172	2339
0	2586
5	2220
10	2269
954	30
16	7
0	7
17	0
2302	1109
0	813
0	963
1801	639
0	0
6	0
7080	13982
346	15120
134	238
0	77
270	77
9	0
889	1
0	1
0	0
0	1
61	465
6	3
27	441
18	254
3677	3088
286	2993
0	3001
0	0
149	1152
3	509
4	0
24	52
0	52
582	912
4	910
3	0
1285	0
7524	10
0	283
0	0
18	187
207	480
5170	16379
0	1842
0	11628
0	12498
8	6042
22	136
7	167
4	167
62	1608
51	1608
5	2
0	2
9312	12
0	5267
0	398
1	10405
1	10347
633	0
7	0
184	2037
0	926
410	2587
0	24
98	24
2	8544
0	697
8	8544
0	0
0	3
230	2813
0	2813
4	2
0	2
1276	1
663	166
26	163
0	6
11	6
0	2
0	45
0	23
73	0
1413	0
247	110
0	53
0	57
54	298
0	298
0	0
0	1095
1313	1095
119	352
0	277
148	230
0	0
0	12
30	12
133	251
1	4
0	0
0	0
500	551
1	232
12	319
2621	2573
546	2
0	7
4	6
0	67
0	67
0	32
0	3
51	3
312	582
0	78
2	319
0	0
0	0
0	0
3	0
0	0
0	883
0	184
356	7315
289	7456
614	551
0	80
0	0
5	1
0	1
0	12
44	1019
170	1004
0	1486
3	2896
14	2397
33	1263
0	2371
0	2870
0	6
0	578
0	646
743	945
80	941
0	809
344	126
0	60
0	126
0	20
0	3
0	0
13	328
640	1444
51	706
394	1248
0	14
38	14
938	0
16	37
0	8
1	625
0	170
592	585
1171	0
5060	6
0	679
8	674
10	650
0	660
0	593
0	4
0	27
26	97
0	97
1330	3284
0	0
13	17
0	0
0	0
0	0
0	113
361	113
60	1482
476	1344
3	1498
285	3487
0	130
9	3526
0	3526
22	3633
119	543
0	0
0	2
0	5
0	0
23	7
0	0
0	0
173	4424
0	250
1156	4082
0	813
16	353
1945	1102
0	29
388	33
9441	9815
0	2
0	0
3	2
2	5
0	5
0	21
0	315
0	8
0	13
8	365
0	365
0	3
128	829
0	0
0	0
99	0
0	0
24	0
374	137
0	10
104	0
1179	1532
4	569
0	1093
46	90
0	3
0	0
0	0
11	0
68	1
2674	233
0	233
7	4
12	6779
325	6779
2	5
0	5
0	1
0	5
8	0
0	3
0	3
0	15
0	10
278	537
8	5
0	1
0	0
0	0
35	91
21	91
0	620
52	2079
11248	2717
0	14
54	14
13	2949
0	357
632	21382
106	18670
0	8565
4	20043
0	0
2	0
74	64
0	64
0	0
1093	994
0	696
0	571
0	832
0	30
0	85
478	228
0	143
0	0
230	8876
9543	8887
0	4312
0	5
67	0
159	0
1052	313
1047	313
1425	4
231	0
1353	2864
0	775
676	449
127	2089
0	51
71	53
262	11
146	11
0	3
0	0
0	3
6	105
45	434
71	452
0	627
2022	629
0	0
0	0
0	0
1	3
436	0
95	0
3512	2
0	0
186	792
339	3715
0	882
0	2941
3712	4165
39	3298
0	4165
0	0
0	853
0	115
0	6325
1	6404
166	6395
89	994
113	994
53	263
0	132
314	1943
451	1739
349	21
0	21
967	1893
13	188
5	1898
4	216
0	16
0	155
0	203
98	196
0	937
0	272
3663	952
95	318
10	318
27	0
212	2
17	574
241	0
8	462
4	1424
0	1428
7	1409
0	0
0	0
0	0
0	3333
0	3251
0	3254
58	2639
1	0
116	0
137	61
0	61
0	160
0	1049
0	248
0	18
165	1068
0	1068
0	1002
623	470
8	470
13	790
405	934
0	100
5	9
107	110
0	1
0	19
1523	6
0	6
0	6
0	6
306	32
0	32
2	66
56	122
30	152
0	54
0	153
2383	360
0	0
0	0
0	4
0	4
200	3632
0	866
0	3626
545	1671
0	196
0	1662
0	0
0	0
200	88
0	88
0	0
0	1476
0	12068
431	12073
0	863
98	863
0	4992
0	4536
50	4830
0	4849
0	47
0	82
2	175
10	690
6	718
3	661
0	749
0	260
3	0
549	1472
0	1469
417	198
0	197
2621	426
2	426
15	21
0	21
235	213
0	213
36	471
0	471
3	471
85	2
0	2
0	5
0	5
0	345
264	345
0	0
0	0
0	0
0	0
0	0
0	0
3539	3235
7	2136
277	1397
140	427
0	2017
0	2024
1286	3647
0	779
224	3646
0	81
0	37
0	31
5	57
0	0
0	0
91	47
0	0
0	47
0	6
0	46
1	11
0	11
7	4
0	4
45	8
0	8
0	2
152	0
1358	2
3797	6
918	0
0	48
35	71
13	92
20	0
0	0
0	36
65	55
0	52
0	0
0	0
0	806
4	253
0	2731
904	2731
0	290
20	302
5	80
3	5
3	36
0	2
0	2
19	2
5	0
0	0
0	0
0	214
536	214
0	6576
0	161
0	753
0	928
2047	6581
435	2897
15	1359
0	1275
111	1257
6	5
0	1
1	17
0	16
0	393
115	1
81	7320
0	1076
55	7139
0	127
0	362
0	240
0	909
9	893
0	887
0	851
0	433
14	148
0	297
0	704
0	494
0	3695
0	191
0	3580
153	201
28	3119
23	3391
1	706
0	2725
0	3437
20	344
699	344
3	0
0	0
42	79
0	79
370	302
0	299
0	299
0	302
286	0
103	0
0	497
1108	497
10	0
0	3055
1408	3056
0	0
0	3
0	3
241	1827
56	1827
593	355
0	0
0	4
0	14
0	0
36	21
4	4
4	75
0	82
48	82
103	3244
7	3244
1091	154
4472	1934
0	150
0	152
0	1923
1497	619
3	125
120	537
73	629
2452	1860
949	1858
30	129
23	129
487	0
208	1241
0	1241
233	6193
0	5880
8	6193
17	1142
0	1142
0	0
6012	8
420	5818
113	853
0	4534
11	5886
563	6333
0	6333
1240	83
0	82
37	0
1466	227
0	224
0	0
55	392
0	41
4606	4368
0	0
0	0
84	0
2	55
0	55
1	0
168	214
0	2
171	0
817	1202
0	37
0	37
0	175
5	175
34	271
56	271
0	228
0	0
74	0
424	590
0	590
233	55
0	55
2614	1
7433	11
2	0
345	0
0	18
0	73
0	8
0	2
2	73
32	0
0	12
0	1
9	8
6	85
118	318
0	93
178	608
22	608
4	6
0	6
5927	4
4	4
0	4
1013	10844
533	10844
208	0
207	0
0	39
43	39
84	371
79	371
0	70
509	3067
0	70
174	2997
6	0
1689	2025
0	1499
2005	1611
0	1610
1412	0
475	547
0	547
0	602
36	602
107	30
0	30
10	0
62	77
1117	78
0	265
49	270
0	269
0	301
12	423
0	1
2811	424
107	147
0	147
7088	6
17	3
0	3
0	3
2598	2855
0	347
0	1268
0	708
1098	0
0	630
0	2104
0	551
0	551
99	2209
0	140
1495	898
5	351
0	711
28	327
55	751
0	42
152	1078
0	0
0	0
0	21
38	21
0	0
0	0
119	0
35	2619
0	194
58	5538
0	5578
0	5650
0	3653
0	5672
1361	0
0	0
0	0
0	0
1	0
234	70
0	13
5408	3242
0	3229
67	2418
122	2751
34	2806
64345	72
521	4
43	48
33	1045
138	6368
199	780
3	4753
362	3855
0	3777
7	4036
0	4398
581	3
882	0
1	365
21	365
0	0
0	0
0	10
0	0
2	10
8956	12484
14	5993
593	0
176	0
0	249
932	297
0	227
1678	7
4	4
3	4
0	100
0	172
0	172
0	5
0	5
174	286
125	286
370	1
35	1
0	0
0	0
0	0
1	2
0	12
0	12
0	12
0	15
0	16
532	294
0	278
0	4
58	399
32	399
0	6
0	6
0	6
8829	1055
136	758
0	1019
0	153
0	115
0	115
0	122
0	0
0	0
5	0
0	16
0	24
0	34
0	36
0	24
0	34
0	34
380	1264
0	16
0	1103
0	904
7526	1150
0	128
0	322
94	343
2186	143
802	1094
8	861
910	0
1	399
0	386
7	353
1060	74
0	74
2978	8
404	503
5317	1
0	0
0	8
0	582
3	224
0	93
2408	2
5897	2524
4799	3
1483	1316
48	1316
22	0
0	2
5	54
0	1090
0	8
0	1091
0	1091
44	233
0	0
4559	0
4	0
0	0
3725	2
186	10
0	10
4	2
0	2
0	0
12	54
292	54
5808	5
577	1
0	24
0	24
0	34
0	34
8	0
0	60
324	261
781	127
2	127
0	0
0	30
8	30
209	1234
0	1233
144	54
0	54
0	3320
772	5257
0	479
6051	7072
72	0
41	63
0	0
0	63
353	0
9	0
0	92
172	471
125	471
4	0
19	422
0	225
0	1159
57	1080
2925	2969
3	788
105	1445
0	2737
0	0
4	0
0	0
0	0
448	458
0	458
1905	1
136	765
1349	767
11651	10
654	3216
0	2768
1211	989
10	986
94	0
33	0
559	0
1240	2
8	2
660	3
0	3
497	0
1315	2501
0	2
0	2
0	2
0	0
0	0
0	0
912	1886
6	1886
5098	1863
6	1858
28	1131
144	1696
978	1457
2	559
9	240
167	716
0	213
0	197
86	295
43	1330
0	413
0	1145
0	1330
115	852
0	407
0	599
847	4
217	79
0	79
0	47
0	35
0	26
44	59
8	282
0	980
2243	980
32	33
0	592
5276	598
66	46
0	30
0	16
0	16
239	0
434	753
0	753
0	0
3	0
0	0
0	0
0	5
1	5
0	1
0	0
157	56
0	56
13	0
0	0
0	0
0	0
207	79
0	79
0	1906
194	1923
4	1924
82	2234
63	2297
29	788
44	267
14	267
1094	1036
0	235
0	305
3	186
18	0
2	0
1	56
10	56
132	0
0	17
0	17
4453	3244
85	761
1412	1
4	0
381	938
0	619
0	923
0	872
0	1665
4682	1668
5888	12
302	13
0	13
853	0
47	0
19	567
1901	1738
62	90
421	223
389	158
861	0
0	0
3	132
49	132
2080	412
8	303
24	134
76	0
0	1666
846	1916
704	3775
13	187
0	130
0	109
0	164
0	1
150	0
78	0
0	0
0	0
0	8
0	87
72	486
6	29
0	393
2	1
0	834
0	549
8	264
0	243
1	58
0	68
13	760
2196	0
0	45
111	45
15	82
16	82
2	136
0	10
0	0
864	878
0	9
0	1230
0	23
0	575
195	2174
0	1055
7	2174
0	774
0	519
0	270
0	320
1543	839
22	6
75	332
416	685
66	688
0	487
3750	1024
3	0
0	0
2104	1
70	12
0	9
0	57
0	21
39	69
10	20
573	950
73	813
0	446
3578	423
65	3
1164	2
4	38
9	38
103	0
1575	2
209	0
0	2
0	2
529	4158
4	665
138	4157
1	0
145	0
560	196
0	196
0	196
0	196
0	112
48	0
2	18
0	0
0	18
0	1
0	0
0	0
9014	25
121	1781
0	1781
27	39
12	39
455	65
1	65
58	262
43	11
0	262
0	82
0	867
111	867
291	0
376	0
0	0
0	0
0	0
0	0
76	2
802	0
0	0
0	0
0	0
0	706
0	432
57	2216
2	2077
407	0
473	24
0	24
0	946
0	133
0	591
0	0
0	0
0	0
138	250
0	38
3354	4
0	4
51523	81
216	535
54	535
429	153
2	153
0	0
0	0
86	7186
158	14287
662	4724
2842	13878
3968	1389
0	1389
23	109
0	109
0	2
0	2
0	2
628	0
3676	7956
0	7988
0	2598
0	0
0	1
0	80
75	404
0	389
85	398
0	406
8	0
0	0
1	0
5514	20
0	0
0	0
2204	1
1899	0
16	3
0	3
0	6
0	6
1766	19979
0	2623
0	18519
0	19767
0	20826
9	5
0	0
0	0
0	5
4586	460
0	455
0	163
0	105
7	108
0	85
21	755
0	97
0	735
30	161
96	161
4	0
4906	7
7	7
0	0
0	0
4991	10
0	0
135	654
103	654
1410	1
981	4775
0	209
282	539
15	0
2849	244
0	2
113	244
2	37
38	359
0	474
84	235
552	251
2	5
0	0
0	0
3	0
0	45
0	311
5	144
29	54
35	600
5	631
5	0
0	0
0	0
544	2
127	442
0	486
48	699
0	118
0	699
48	87
1053	0
338	849
0	849
101	372
0	280
70	31698
262	32684
4346	30893
183	31695
0	440
61	440
0	128
0	111
73	467
0	469
0	30
0	30
8481	4950
798	3728
13	1349
8	27
2	4932
101	0
115	266
3	266
1415	238
0	112
0	222
428	175
0	175
0	1
0	4
0	2202
0	547
4784	490
7	4384
47	4474
12	4062
168	2359
0	2359
659	3
70	97
0	48
0	59
544	0
0	0
2	13
0	13
17	27
1	493
199	1560
5	1560
1043	0
0	0
0	0
0	0
0	8436
116	1520
0	446
0	3071
607	8423
0	14
9	14
4	279
0	3484
177	4782
0	916
0	1
0	11971
0	6419
188	11908
3548	144
698	2
0	0
874	7405
0	2390
0	1831
0	1336
12	6852
0	0
0	0
0	0
0	0
31	0
44	0
152	581
4	791
0	541
23	541
714	0
34	7
15	0
542	0
559	353
0	353
5	163
17	318
17159	17689
1	2444
0	1715
0	16744
0	0
64	58
334	0
35	0
20	38
169	0
0	4
0	1
0	1
0	1
0	1
0	4
0	4
8	880
38	880
327	20
3	0
0	20
4135	3
819	168
2	168
6346	2
211	328
13	328
99	2219
0	453
3	1942
0	2237
176	45
0	45
0	10
22	10
256	2
0	4989
0	4899
0	4913
0	4899
95	5132
0	4435
0	5256
13	125
349	1
2113	38
0	38
0	33
0	0
0	0
0	234
0	57
213	297
0	1012
197	1012
224	0
3	2
0	2
0	209
5	90
31	368
0	115
2508	1131
419	1015
256	622
3	1
0	73
11	622
0	0
155	0
3334	2029
0	2022
248	22
107	22
99	0
0	9
1	16
0	7
33	30
0	469
0	34
0	605
6	625
0	0
0	0
0	38
40	43
73	31
332	11
86	11
0	11
27	42
625	0
96	28
0	21
0	7
1	0
0	0
6	0
13	11
1006	2
51	0
8	91
0	0
519	140
0	8
0	8
53	102
0	34
0	1584
0	150
0	63
8	1565
13	897
0	197
16	216
0	219
0	199
43	161
19	61
257	28
0	0
0	0
60	99
0	99
0	5
36	15
6	403
0	63
0	98
201	1038
0	822
12	340
47	0
0	0
30	121
2	312
986	312
0	0
0	0
0	0
99	190
0	29
0	167
947	287
0	287
6	10
0	10
10	0
0	6
247	35
0	31
11	718
290	753
265	10044
128	4009
243	883
40	10044
40	0
6	0
28	0
58	3
2237	0
22	106
0	106
364	433
3571	0
0	262
1687	1167
23	123
0	17
965	107
1	106
0	47
266	340
0	0
0	340
1530	1995
2	1995
284	0
0	35
5	35
471	1117
0	1117
351	4015
82	4015
0	2616
307	3578
0	3943
2	1535
238	2308
0	2307
1	0
0	7
634	194
5214	12881
0	5
0	14
0	14
0	29
0	101
0	20
0	11
0	120
0	119
0	116
431	176
0	176
201	0
290	0
37	0
23	0
1006	1
0	0
29	3
0	3
14	0
98	213
70	218
3	117
3	197
15	1681
0	298
153	1681
0	483
4	477
457	1941
0	1441
141	0
0	74
4	2
0	61
0	71
0	0
0	0
6752	5
2038	70
0	69
3201	1474
88	1473
2	0
307	0
0	0
0	6
0	0
0	6
0	6
0	6
0	6
0	6
0	0
0	0
0	0
0	0
1	383
72	383
0	0
73	1863
32	1863
49	738
686	470
3	0
1412	2092
38	730
0	925
3	1006
0	765
0	1104
1	1125
43	13
0	13
53	8
25	15
0	8
1	15
14	9
0	0
0	216
0	95
25	105
14	1131
0	1306
0	116
7	353
6	338
0	1593
0	184
0	531
121	1655
6	290
283	462
144	649
8	177
221	909
353	2838
0	64
0	129
1	2240
0	2720
14	14
0	0
2409	248
0	245
0	274
2	374
0	57
0	69
0	151
22	357
787	460
0	128
0	1357
0	7
53	1365
0	1302
0	1290
5	29
0	4
262	97
0	93
0	0
0	0
461	1742
8	347
0	1329
164	66
1636	55
0	50
1623	0
0	8
5	8
0	6
5536	5
414	0
0	0
43	7
0	7
2454	0
4248	5
66	0
0	41
0	5
0	1
0	37
3	39
0	6
0	1
0	1
0	1
8	6
0	34
13	34
0	0
3075	2770
0	2763
3	554
5928	556
0	312
1525	314
0	6
0	0
4247	0
32	0
0	0
0	0
0	0
208	0
192	311
13	311
184	2334
11	2334
9	999
32	999
19	0
175	107
7	107
2	0
687	19
0	19
0	0
0	0
3	0
60	0
0	1873
107	1939
884	4
818	0
3	33
9	168
0	167
41	83
1965	0
1836	21591
0	3465
0	2186
767	0
3	0
3157	748
2	744
0	9
45	26
0	0
0	119
355	169
0	169
186	127
2797	136
25	4171
1092	6384
383	4032
2282	10944
0	232
387	164
165	396
0	29
41	29
1	78
0	78
0	0
200	1314
30	3791
63	3707
469	1769
57	1769
202	0
0	800
252	800
5	0
5	0
0	0
0	216
0	21
0	92
6	46
0	145
9	436
51	428
1374	0
0	0
6	360
1321	3211
15	3427
2	0
0	0
75	389
0	513
58	3988
364	3969
797	12482
0	2715
0	10398
0	1827
6	12225
0	0
14	8
6	0
0	0
0	0
0	0
0	0
0	0
0	0
0	0
0	0
0	0
0	0
0	0
0	0
0	0
0	0
0	0
0	0
0	0
0	0
0	0
0	0
593	0
4194	1342
2	1337
2	250
251	252
40	0
5	0
0	0
5	19
0	0
0	16
0	60
0	60
4042	9479
4	9479
72	1633
0	1633
145	1046
0	1149
4920	163
0	158
54	0
1	0
220	0
587	919
70	470
0	208
75	208
1535	1404
0	1316
0	605
3540	4592
293	0
1141	1
15	264
400	266
395	815
0	109
0	6
3	75
0	4
0	1
0	75
0	75
0	75
108	0
11	16
2006	43
0	37
2	0
592	0
942	506
0	0
2	503
1138	115
0	47
0	68
8585	3505
0	1912
0	1586
0	19
0	19
359	0
0	80
804	80
106	266
134	266
266	0
1550	0
9	236
0	236
6953	3
2696	5
7	5
0	571
5	571
2	3
486	0
0	0
547	313
3	788
48	788
28	0
0	4
0	9
0	9
0	308
0	621
0	641
0	0
20	192
83	192
47	175
265	341
0	166
17	62
1163	0
0	0
0	0
0	0
3	476
8	457
112	0
0	707
0	732
13	585
2	111
118	129
45	129
2666	1032
0	1032
705	3478
750	3478
356	1289
0	1288
32	17
336	1479
192	1497
131	182
8	141
627	4607
4660	2104
1545	10009
432	0
0	2
0	2
0	0
0	942
72	942
1617	829
0	825
86	1024
0	146
178	225
0	1106
0	13
0	945
21	264
513	1360
435	0
6	157
220	1
0	0
41	253
0	253
0	81
408	81
0	476
0	213
183	903
0	0
0	1127
1349	0
3	62
0	975
9	1090
31	1104
2366	5275
6	1139
0	4818
0	4245
42	4328
1	4328
340	3
850	0
4	168
7	168
0	0
867	0
0	0
0	0
0	0
0	0
0	0
0	983
567	983
1	4
23	0
1732	181
0	181
1649	496
0	6
4400	3
0	3830
0	105
5	3466
1271	0
4024	5
0	6
0	6
0	0
0	0
0	0
0	0
0	0
0	4
6	18
8	18
13	0
718	468
0	448
0	399
0	13
0	13
59	453
6	445
0	1
0	1
0	0
0	0
3997	2
171	17899
4	9912
1	1299
0	15762
5	203
0	54
0	203
835	3
16	2607
125	2516
3	1723
1	432
2172	2352
429	2100
0	2538
1	0
0	0
7032	4054
0	4050
0	0
0	0
16	746
0	731
0	746
384	591
0	487
8	131
81	44
0	44
2	19
0	14
0	19
231	17741
376	16438
45	16280
7	8520
15	13736
0	13687
340	470
24	707
0	583
159	600
0	0
0	1396
63	1616
0	1615
3	1615
26	36
0	36
0	492
26	439
551	2297
2	2269
0	0
14	117
2	951
5	492
51	2141
94	2286
115	3192
0	5367
3754	5370
427	252
0	252
31	39
0	39
729	408
0	249
20	1009
4	516
5356	3468
0	3467
0	0
0	0
0	0
0	0
0	0
0	0
4	0
0	0
19	0
12	10
0	2
0	0
38	7695
10214	33226
0	33203
0	35
1	51
0	31
323	186
0	39
5	114
0	33
0	23
0	72
190	72
0	7
61	31
45	896
505	990
1	15
4	228
14	1005
0	883
0	41
0	319
85	322
127	172
0	171
131	118
5	118
52	4
0	2214
0	2237
0	34
9	148
0	2
0	0
18	221
101	221
0	248
61	332
0	101
639	0
0	1098
583	1171
269	32
2	32
0	0
0	0
6	0
0	0
0	0
9	2184
145	2184
0	64
4	64
0	0
6	0
17873	2630
54	115
0	0
0	0
0	0
10207	7
298	1651
0	1632
0	1651
0	1647
34	141
0	0
0	9
18	10
1	10
12	20
4963	6
16	36
0	27
0	17
0	17
0	2
60	77
0	77
0	154
0	154
0	0
0	0
0	0
14	137
0	15
170	282
0	0
0	0
0	0
0	0
60	0
0	554
0	494
0	1169
0	1229
3200	4
513	3
63	1990
33	1990
25	973
0	973
0	973
1024	2
574	697
77	714
259	0
153	0
104	228
0	750
120	1025
139	746
42	163
2	51
0	51
0	1061
653	1410
0	1009
0	696
0	655
0	2545
112	3345
0	2579
2	0
67	0
3	1
0	1
3	2187
1254	2193
19	184
6	33
0	184
0	0
0	0
0	0
910	0
216	629
0	151
0	28
0	575
0	13
623	3789
56	358
0	587
51	3369
112	3610
0	5
0	4
111	3763
15	3757
0	3762
137	0
92	731
0	729
753	0
185	0
428	17
1318	2077
0	0
0	0
0	1
0	1
0	37
0	289
0	303
0	299
0	610
0	438
18	190
447	610
88	1017
0	1017
17	1258
4456	1
6099	4262
413	145
37	147
0	151
2	162
7262	186
15	1524
0	1524
0	5
2922	0
0	0
0	0
0	0
38	1288
0	720
113	1651
0	448
44	1809
2	71
5	71
96	2610
0	2610
31	126
0	1490
0	26
98	46
0	38
3	29
0	21
0	12
0	18
0	21
4	12
0	21
0	22
0	22
0	21
0	29
0	17
23	21
3	30
0	21
0	38
0	21
16	427
702	1422
0	1422
28	180
39	182
0	0
29	680
0	220
0	433
0	43
0	112
277	564
5102	570
3	2
592	796
0	795
0	0
4	0
186	66
0	66
11	51
247	216
1	98
0	165
247	2497
27	2497
487	4
1710	589
138	580
26	3
0	3
9	21
0	14
3	14
1876	1
0	267
0	244
96	193
20	1109
20	992
0	4
23	4
1557	1
154	134
899	0
0	117
0	9
57	200
14	147
0	142
4	195
4	2377
0	344
0	2724
697	83
0	2676
102	0
27	0
136	4657
1454	4659
633	0
7	4468
2	1401
0	344
0	102
256	4469
0	481
3	902
17	902
689	8563
141	8559
0	8
13	76
0	68
0	0
0	0
0	0
0	0
3265	0
52	204
0	131
11	0
0	2
0	2
0	0
0	0
0	63
0	50
0	90
95	153
2698	130
0	128
0	0
0	0
0	91
469	91
0	212
0	14
0	774
0	818
0	831
18	36
2	36
0	203
5	1383
0	2231
54	2229
2337	138
18	1191
0	1191
105	0
0	205
9	241
764	3027
2	2823
0	0
440	0
0	2
3	0
0	0
0	0
48	3
0	0
781	0
0	9
6	4
0	0
0	5
22	152
0	6
16	57
3	6
0	6
0	36
360	71
0	71
114	248
2546	448
167	447
224	97
130	98
0	19
0	79
1451	4457
0	924
38	4455
80	186
1	62
220	0
115	636
0	636
1385	1280
0	1288
1	388
0	388
3845	2379
70	2375
3	348
2	275
134	1044
4	410
11	46
1	0
0	0
0	393
135	393
563	830
0	616
0	682
123	356
7	356
0	17
0	0
0	17
3	511
0	133
0	51
0	133
0	0
0	0
2	0
0	1374
2	1185
0	987
234	334
0	306
0	341
5038	4
588	1192
32	248
686	2621
122	2617
0	1914
3	1820
0	1910
153	86
1	86
196	72347
0	19429
2028	81597
742	3315
0	1640
0	2966
382	94
0	94
504	806
0	804
19	4
199	116
0	20
1269	0
3	360
0	360
958	348
0	348
713	5108
32	5108
0	5
0	5
526	182
0	181
172	0
750	1405
0	1346
0	1261
0	1271
0	1386
0	117
10	117
0	0
162	0
275	100
0	10
0	0
1092	6
3	5
0	8
0	8
1	0
1675	0
0	0
2346	1809
0	1186
4286	5
0	0
0	90
0	39
685	129
6	0
95	130
0	110
142	0
0	0
0	0
2	0
59	0
0	0
247	1382
111	189
0	212
0	1253
0	6
0	6
0	11
0	11
58	0
388	0
119	187
3	187
0	839
1	839
0	124
3	137
3	13
0	9
175	0
5	890
124	890
1463	518
78	517
6	52
0	21
0	12
0	46
15	130
35	262
128	1262
0	1135
2996	2935
8	2927
0	657
0	0
0	31
1	0
0	0
0	14
20	4461
19	47
0	0
11	4461
7060	20
905	812
82	1299
5	1519
1	321
104	776
0	776
845	2
0	20
20	20
0	4880
0	4187
22416	11486
3	4034
81	0
5	246
49	246
215	1625
21	1422
3	1004
272	2425
0	2256
0	2300
0	289
0	0
0	3180
801	3180
0	69
32	1264
0	911
0	29
0	31
39	31
6687	14
0	0
0	5
2746	1594
0	1594
3	0
5	0
0	981
268	1611
0	664
3	610
242	76
117	0
265	503
0	194
23	450
0	455
0	411
0	447
0	133
0	76
3	33
6	434
0	130
0	434
69	0
195	0
666	0
0	5
0	5
277	60
0	60
1433	1
284	4415
0	4415
0	4006
0	515
7138	2236
0	1985
0	577
434	1142
105	1142
3658	132
0	129
0	0
0	5
0	8
0	28
0	5
0	22
0	8
29	8
8	982
5010	1608
2	1605
546	3120
85	1429
61	4689
2	0
0	0
96	154
0	154
0	627
0	125
2	251
0	239
166	131
438	617
1715	1050
0	10
34	46
0	18
0	20
0	0
4	15
159	2759
36	4761
57	2630
0	5030
0	18
791	2148
153	2148
86	43
6	127
3	4490
27	4490
827	0
134	26
1	0
613	97
13	96
32	74
12	1
6	11
0	11
0	2
0	0
3	2
0	132
39	393
186	2864
5	639
2	438
0	385
2	2606
0	0
570	1887
1724	12274
63724	12310
286	2045
0	1614
0	0
0	0
0	0
1	632
0	193
938	6
0	59
1302	502
9	333
2	348
0	2
29	41
3671	5
0	0
60	0
33	275
766	549
64	549
87	20
690	74
89	2690
2	2689
38	108
0	153
0	409
412	409
5	95
0	92
0	63
6	95
0	1
2	0
0	0
307	148
0	146
21	0
198	1510
4	1392
51	1485
45	430
391	430
0	0
47	263
3	2433
2	75
0	2930
0	2865
0	2317
0	2513
4119	2609
0	2673
0	2646
0	889
9	0
14	0
70	50
0	50
1357	889
0	0
1	0
190	0
0	0
0	0
0	0
226	237
0	35
0	0
49	0
2283	4552
0	4551
3420	1
4	0
3961	7
0	417
2	434
0	128
3	46
0	62
21	200
0	96
171	362
0	219
0	410
0	324
615	497
686	760
0	4
0	4
0	4
0	0
41	279
0	120
2913	3
2	0
0	0
10	0
0	0
0	1062
0	421
325	1062
1877	4
0	0
288	0
391	0
0	0
91	386
154	386
0	291
53	291
11305	7
243	176
0	31
0	176
0	116
57	8364
0	1957
7	2562
71	7179
199	2
0	0
0	5
0	5
2	1
133	0
177	274
1	1482
493	6819
22	6820
1	18
808	6
0	41
0	286
696	322
92	0
43	5128
0	1005
10	3606
112	3866
37	7961
5435	597
0	596
27	85
0	12
0	81
0	85
0	84
64	648
21	41
0	643
237	0
0	61
0	61
0	43
205	326
0	297
719	3
859	4597
0	4597
274	89
0	89
0	5
0	0
0	0
2610	1102
28	1098
0	0
0	123
3	555
0	115
0	180
0	555
37	434
533	1
852	580
123	576
4	13784
2	12408
0	8818
2133	7
234	205
15	200
0	96
9	47
20	79
0	10
204	411
0	411
0	1047
521	1330
0	1203
0	0
429	6095
0	9493
2	4707
44	6550
1026	0
19	2
0	2
0	4
0	0
0	581
0	3
769	0
1	563
2	52
0	182
66	1119
0	197
59	946
29	271
0	271
2999	0
2154	49
0	49
0	0
520	3334
0	397
653	3334
0	137
0	29
299	215
0	179
689	2
0	32
0	0
1129	0
159	0
5	161
493	318
0	33
12	288
100	0
294	1125
0	3
0	1125
15318	7822
154	96
0	96
230	2
0	17
3	17
0	467
0	33
0	1027
130	1494
0	4
0	0
0	0
0	4
0	0
0	0
21	0
0	0
951	1287
0	728
505	391
0	24
7	24
0	127
0	16
51	158
4	13
117	13
157	1987
0	752
0	1975
0	288
751	3248
0	718
26	3162
299	0
4891	3
93	221
0	3424
4	1293
0	36
0	3414
22	3141
371	0
14123	3825
0	3815
540	0
0	0
0	0
115	180
0	67
0	152
0	15
0	3
22	3
337	0
8	0
139	2965
22	2965
3	38
396	433
403	0
0	4
58	91
707	1306
168	1396
149	0
59	0
0	748
166	748
0	35
1756	11024
18	139
0	10974
25	10470
0	10588
49	345
7	345
0	0
430	18
0	18
0	43
0	24
0	140
0	89
0	831
0	863
0	0
5	0
29	96
0	96
27	0
0	71
362	75
0	42
0	42
0	40
83	41
1315	0
0	0
8	0
0	0
0	3549
99	3875
0	117
4	199
10	206
52	206
27	362
19	316
1	84
5	303
0	10
83	10
5	362
0	364
412	1
0	0
28	151
26	151
3	4
13	0
335	0
83	3
0	42
0	252
1624	900
4	12
0	3
0	0
224	1
0	0
0	0
10	537
24	574
823	1413
15851	1422
3	25
0	0
0	32
0	211
0	158
0	10
216	223
463	745
0	745
0	1013
18	1013
0	4226
54	616
0	588
0	588
0	4321
3058	5938
11	5937
1654	923
687	923
0	0
0	0
0	2
0	2
4	1
0	2
479	0
361	0
2	42
9	38
3293	4
10980	9
0	1
0	1
5851	2
4364	7
0	47
0	102
0	102
27	1071
0	712
0	765
0	59
1	266
0	0
0	0
806	0
0	0
0	0
5	168
0	128
131	163
0	0
2	3
149	3
3034	5628
0	1104
0	677
2294	3
688	1
5	56
14	8
0	35
9	476
0	73
0	424
153	1799
0	1799
61	32
0	31
0	0
0	0
12	63
0	62
0	62
0	66
167	0
51	100
0	99
4	111
241	0
359	131
166	239
13	239
13	2
0	2
108	1065
0	1549
0	1376
0	326
466	2022
52	1740
663	0
180	210
0	133
614	1
0	15
0	0
4	2123
0	2123
3	2123
0	2116
0	2121
7	2123
380	268
0	250
0	258
0	5
0	54
0	7
0	54
4	8
3110	1
6	13
3	13
2	3188
13687	3196
0	3
0	2
0	2
0	10
546	179
18	169
0	6
154	6
4	0
0	90
7	90
0	9
0	0
4	636
0	283
0	291
3	374
0	0
43	2
24	455
0	455
452	0
4	499
109	499
63	65
11139	3002
0	2995
0	48
357	48
4	5
0	13
7	335
0	305
0	323
22	24
0	24
0	0
0	0
0	0
0	0
0	0
0	0
656	0
110	143
0	0
25	277
0	107
0	17
0	91
0	32
0	118
0	0
2	0
179	0
31	28
0	28
769	4213
72	4213
22	0
109	63
1115	0
237	1315
20	1298
4	1320
1938	0
9	0
2982	405
0	326
180	1391
0	1398
0	0
0	508
0	285
65	508
35	0
3545	1
23	0
64	5
7	5
0	819
79	4776
91	4776
0	157
19	919
0	919
33	865
0	518
0	133
865	900
139	55
0	55
0	9
0	299
0	262
0	299
0	0
0	0
1763	3295
0	474
236	1826
0	1826
0	1692
4453	1168
85	1269
8	194
0	194
3	169
0	211
1666	762
0	133
108	492
1	213
5	1126
7	23
38	33
0	37
6	19
0	19
85	37
21	37
774	8
4	128
99	179
26	179
3	128
8	10
0	0
0	0
0	0
0	5
6	5
52	0
30	379
0	379
0	360
65	20
1168	2185
0	2153
0	2205
568	0
2586	2
32	0
37	0
0	29
122	29
1500	2
0	3
0	0
0	3
0	0
135	0
312	1151
64	1151
1	395
0	395
25	103
0	101
0	2
0	2758
7	750
13	631
18	351
284	4175
0	2695
3215	1
715	12
0	10
79	64
3047	2634
176	663
0	2687
0	0
0	0
0	57
622	57
9	0
232	215
255	0
3	6
0	6
0	0
0	0
0	0
2	1
8	1
10	0
0	0
0	47
0	159
408	371
0	110
0	283
8842	12
146	1412
0	1018
18	1433
86	0
3	234
0	130
0	0
0	4
0	0
0	0
0	4
0	4
0	4
15	1153
1280	1142
1466	2167
4	2167
0	1380
542	1243
0	1053
0	0
0	0
62	149
0	546
192	455
0	149
143	1001
0	28
0	27
313	577
7	29
0	48
33	1360
0	1397
1794	0
164	0
0	38
112	486
0	267
0	348
0	445
0	267
521	1237
0	1237
194	235
3	235
457	1144
1535	0
471	0
0	0
0	0
0	0
0	764
0	275
0	785
0	58
0	527
104	3458
0	3096
0	3273
0	3263
194	35
0	35
426	1153
0	1153
2230	1
60	0
41	1627
0	134
0	1517
170	1485
1488	0
1233	0
33	163
0	163
24	141
0	23
0	23
0	2
0	0
0	2
130	317
0	287
0	0
43	144
11101	14
0	0
0	0
0	0
0	0
7	94
0	130
0	130
756	851
4	851
0	0
2	291
0	68
60	84
0	316
4111	404
76	313
0	363
2	0
0	345
64	5226
0	5006
858	2284
35	2284
6	1165
0	348
0	1165
4	26
15	26
0	4
993	306
0	306
256	0
4936	1
5049	4
13	0
0	0
2	0
1	0
0	0
385	220
208	0
1796	275
0	175
273	180
45	816
547	818
0	0
87	62
0	61
0	0
0	0
195	532
0	532
8	930
21	874
0	338
0	87
5	63
0	4
0	61
0	38
527	9429
0	8096
295	5699
14	5524
2	4064
0	5707
4543	5
240	0
7	0
0	4
79	4
393	0
0	0
0	3
4	32
27	32
14446	11
448	3391
36	3398
0	4
0	4
109	0
14	0
4	0
83	155
0	155
0	0
177	165
792	166
64	0
4	0
0	0
0	0
18	0
7	778
0	659
0	304
280	927
0	922
141	857
21	0
1263	3
960	1
0	0
0	0
1169	4
0	372
64	3321
42	3321
50	52
6	5
0	47
3	3
0	0
1	3
1	382
21	378
0	0
0	0
0	15
12	15
22	12
0	12
6	1
0	1
0	760
285	913
0	623
2580	4
2492	2559
0	2553
2656	275
23	274
283	0
15	12081
37833	30161
0	20780
1	9
0	9
1150	0
0	165
66	155
2006	2052
66	2050
3611	1036
0	1032
3	0
243	0
678	0
25	22
31	2
73	261
706	1043
0	969
0	969
0	903
0	21
3701	3384
9003	3402
255	0
898	1524
23	611
0	1517
0	145
12	628
4	264
8	235
10	592
5	254
0	446
1321	3103
3	2708
0	2986
0	1737
0	2513
56	2952
8845	13
12	30
1322	3
0	8
498	0
222	247
0	46
0	201
36	2691
0	402
31	4477
0	4416
1094	1
0	10
207	12
1701	645
0	642
440	6442
983	6442
3212	1
259	0
3968	12
0	625
0	593
0	593
9	519
32	581
0	120
0	577
11	587
303	8803
6313	8809
3838	1703
2	1155
3	492
0	0
62	37
0	37
10	45
0	0
0	0
0	0
11	41
0	41
0	0
3178	4300
0	3346
8	2986
0	2504
3913	859
0	427
0	425
2	52
0	24
0	26
4	52
0	0
34	397
10	93
0	34
31	294
0	187
7	319
31	373
0	373
243	0
44	925
81	925
11559	15
0	27
0	19
0	31
63	77
0	0
1063	2488
1	2486
0	2486
1002	0
3978	14
68	0
81	178
0	48
0	170
0	4
18	8
0	342
0	42
131	609
17	512
7435	14
0	85
150	362
8066	1708
12	24
0	615
0	822
0	543
0	154
0	79
965	1055
0	886
0	0
852	768
239	654
3	176
0	761
4143	11
0	5
1	5
6205	2597
0	1491
0	437
1	218
3	939
157	116
8	0
0	0
0	0
777	2
57	668
3	562
3	360
0	136
0	81
3	75
0	3
0	62
0	74
1	74
0	66
3	11
2341	1905
108	1901
0	3487
0	3487
0	3478
785	3492
0	7
0	0
0	0
0	0
21	7
0	0
0	0
191	68
0	68
157	483
2	483
8	2184
4	1214
16	2279
0	10
0	0
0	10
12	55
0	55
0	0
8	203
0	198
0	203
1	205
0	47
27	47
711	487
216	177
0	177
594	0
0	1018
0	819
260	1018
21	899
0	17
0	9
2	17
36	99
0	284
0	276
0	202
156	796
59	1586
38	95
2570	1588
2422	332
0	302
1	29
294	0
0	554
80	554
0	11
2	11
25	54
2466	1
12	22
316	22
446	0
378	1473
29	380
0	435
47	1002
0	1011
0	0
0	0
1292	621
0	1229
920	1735
285	882
0	882
2025	0
0	0
0	0
0	0
458	7
9	95
13	100
2833	104
1	103
0	40
7	752
0	3
22	831
3	113
0	13
6	13
9	79
0	8
0	71
2175	877
2	874
130	277
30	276
0	0
0	0
0	0
3	0
0	0
0	0
2	0
0	0
118	0
0	0
0	13
0	41
0	17
29	41
1521	3315
0	2270
596	0
0	0
0	0
5071	10
0	8
2200	306
9	0
6720	17
0	6
0	16
0	16
0	16
0	13
18	13
82	0
0	60
287	393
0	393
6	0
3471	2856
0	1891
432	2436
0	132
40	132
2	192
0	77
0	225
0	876
3	54
99	876
30	113
0	2
0	111
64	43
0	43
2	662
0	655
2	0
2125	1
239	0
2	652
61	754
4	215
3294	2
0	0
0	0
37	81
0	0
0	12
0	12
15	0
0	1119
630	1155
0	1119
40	602
0	602
937	1941
134	760
505	1407
4513	5598
0	5591
1849	5314
0	4363
0	0
7	222
0	15
0	169
0	86
0	65
0	74
0	11
0	17
0	189
0	2929
179	2929
322	1245
30	761
8	36
193	1496
59	615
299	615
0	0
0	0
0	0
163	0
0	0
0	0
664	3
3	607
100	607
0	64
1889	1873
0	174
3	1877
0	0
0	0
462	0
8328	13
0	15
738	2
219	0
1138	2
219	226
0	6
0	220
374	18979
0	2957
0	3135
48	18355
1103	18379
0	9790
0	9611
0	10476
6	10655
0	74
0	132
0	667
74	598
0	605
0	0
0	0
753	898
362	184
0	794
14	1090
3502	1091
358	2051
790	2051
1509	0
0	15
66	50
0	15
1399	54
0	897
0	233
0	897
0	0
0	2061
765	2061
0	6
7	86
0	86
0	0
0	0
0	0
198	651
0	651
494	0
668	107
1624	0
0	256
0	5
0	21
25	245
165	350
15	356
371	612
0	612
4	8
0	114
0	48
0	223
0	91
45	307
9	258
11	363
15	383
0	383
0	0
0	0
0	0
0	0
4	7
2475	9
1109	0
0	0
343	68
1644	0
0	0
0	0
0	0
31	1159
0	2
0	1159
211	460
3	290
0	78
0	250
0	65
0	407
9	302
0	253
0	232
0	281
6405	5
810	670
0	670
0	0
0	0
0	7
0	13
0	0
7	20
0	0
0	0
0	0
350	324
0	324
328	0
2	568
18	578
4	594
5	563
349	605
543	1475
14	8
0	4
11	1482
0	42
0	0
11	307
0	38
0	11
0	82
0	270
21	0
3707	5
27	0
6	3
0	288
7	288
0	234
0	180
0	22
0	750
0	561
5586	4
0	752
3	755
0	578
0	755
50	470
8	459
0	311
71	720
0	81
17	0
0	720
1829	1
0	0
12	2914
504	2918
709	25
0	25
15	0
0	0
0	0
49	0
448	1404
0	962
0	1210
210	0
44	931
0	709
4	210
0	463
0	385
652	416
0	353
21	353
99	334
0	334
0	0
0	0
30	48
0	2176
568	2176
0	88
0	750
1327	3
0	61
9	4
4	61
2810	4
5496	6
0	253
0	57
0	44
0	252
32	233
0	241
5	267
0	267
0	17
0	10
59	17
2544	9
0	169
22	169
24	0
1280	1624
5	1624
0	0
0	0
167	0
0	0
0	0
61	855
5	159
0	203
0	50
9	857
0	855
447	255
9	332
0	218
20	0
0	0
0	0
2455	7
595	2990
3842	2996
0	2660
362	0
0	0
0	0
0	0
17	10
411	1500
701	1500
0	0
2	0
601	1789
117	1789
19	202
0	144
529	144
931	543
317	1
0	0
0	0
0	11
0	25
257	36
25	483
0	0
580	485
116	58
0	35
0	23
758	284
0	284
718	292
0	219
0	73
421	0
363	57
0	56
3844	6
42	98
0	37
0	47
555	1
0	1171
0	982
15	550
0	977
440	713
0	713
226	401
47	401
12	36
0	91
11	449
0	109
0	2147
0	2039
0	0
242	0
0	0
0	0
551	1011
7	4
0	1011
73	1008
268	1
233	231
8	229
3	201
6	1036
0	1036
0	0
88	0
0	0
0	0
504	2
0	1022
0	873
0	655
0	7
0	7
4	27
0	27
62	18
0	18
0	0
508	0
966	1834
0	1
0	1
82	0
0	63
408	63
0	83
79	268
1895	2202
0	1684
0	401
37	488
0	1622
77	1938
219	0
7	0
0	0
977	0
93	18
0	18
0	7
43	13
0	13
70	0
15	31
9	394
2629	394
0	6
0	6
584	0
938	4252
0	4252
0	8
141	303
5	303
1077	561
69	561
2451	4
0	26
178	26
268	628
0	176
2	355
0	449
2	32
0	32
13	847
5	847
0	0
5	35
0	35
636	455
0	455
0	449
0	0
626	437
2	437
0	47
1685	590
60	621
0	621
480	393
0	388
0	16
0	366
0	367
0	189
1408	7381
405	1226
83	98
0	0
0	7
0	1
52	1804
8	1804
59	311
121	20
0	44
0	259
0	290
0	50
0	0
0	0
0	635
0	971
1	1980
0	2858
0	2517
44	2751
0	0
0	0
1	37
0	37
25	8
0	8
85	172
5	172
10	12
143	0
0	3
14	62
9	62
0	5
1035	2212
721	2211
0	2205
0	0
0	0
0	0
0	0
0	0
663	7118
0	7175
0	7083
0	7392
897	887
0	887
0	4
0	666
0	643
0	439
0	0
0	0
0	0
7	0
0	28
0	28
0	25
0	38
0	60
37	207
4	65
12	207
2	19643
38489	19694
0	186
63	1073
26	1073
1553	0
601	0
5617	9
154	7
0	2
56872	10386
813	0
0	0
0	1589
0	1573
0	19
0	0
0	925
0	853
0	902
0	931
0	947
413	740
0	740
2534	0
651	458
523	458
249	0
1049	0
574	40
0	39
262	352
0	352
0	78
196	78
301	463
259	514
0	0
0	8733
245	8733
160	8526
2433	1253
0	168
0	1245
258	20
8	0
4307	2144
28716	32
107	2657
368	2657
14	35
11	1123
734	1395
13263	4752
0	42
18	4781
48	31
0	31
633	431
0	402
6	298
12	239
0	1
0	1
0	1
66	0
77	0
0	50
3	28
27	447
23	136
18	427
0	113
0	106
0	125
0	539
6	551
0	246
1498	250
19	23
0	19
2	11
2055	3926
34	0
0	0
0	0
0	525
0	72
0	298
0	0
0	0
193	2716
0	1318
170	3121
0	6
0	6
512395	128453
7581	11
0	0
18	0
0	0
992	0
5	0
6	4
1	4223
41847	4266
0	79
114	79
0	0
1	2057
342	2057
0	0
0	0
1056	325
3	325
58	1
329	2
38	92
1	111
18	31
0	24
0	24
1880	0
0	0
0	0
2644	639
2202	0
141	71
5046	11
5	2227
1750	2229
0	0
0	431
0	792
242	1381
33	0
7	9
0	0
0	9
0	1
0	1
179	811
0	0
0	0
0	0
0	951
133	1306
117	1306
0	446
0	661
1008	1056
10	3245
0	92
0	3194
23	407
117	3197
0	0
0	0
0	0
0	0
50	3294
46	3294
699	412
0	408
61	168
9	7
0	7
3	11
0	2
718	1363
0	276
4	123
168	123
44989	27
1805	130
0	48
0	82
0	2
0	2
0	36
0	5
162	36
825	10698
74	10836
0	10836
5	0
0	0
1111	1
0	58
213	58
0	0
0	0
0	4717
84	4658
45	4652
0	3364
2	4786
0	4727
14128	7516
0	7495
166	181
6	0
12	8
0	593
18	593
2231	3564
2	3562
0	45
17	119
0	6
0	6
0	6
1872	0
0	9
3	5
0	9
0	0
0	0
0	0
0	1
1021	544
0	544
0	260
7577	86
13	82
0	0
1070	3
0	10
29	14
0	14
0	120
48	120
1206	3
0	0
0	224
30	1859
0	1859
7	84
364	1
0	10
10508	1144
0	1135
0	1135
109	1135
0	409
50	783
661	1851
0	1161
4	1224
307	0
0	1
1787	3
10	0
29	39
0	39
785	0
546	2870
56	2868
0	1536
3202	6
135	375
8	591
582	585
1678	1
7	0
3	0
16	165
12	165
393	1344
726	1344
2	3287
4777	6790
1	3582
0	870
631	0
7	32
0	30
27	86
0	25
0	60
0	60
0	25
0	26
0	0
0	2
2446	319
0	203
0	22
3	91
108	51
0	51
51	0
0	0
47	133
0	133
243	1181
0	1509
7	1436
10400	5
1028	0
5443	3474
33	0
122	0
5	5
38	404
1502	0
0	542
371	542
3179	3
0	2
0	2
1097	2
27224	34
415	2178
0	2178
4	2112
968	1374
3	345
16	0
0	0
6	2550
101	2550
0	2
0	2
19568	25
1	1191
0	430
0	136
2	1160
14	1461
0	1461
4840	3663
381	3660
829	0
0	20
0	23
58	23
0	999
1323	1003
0	1
0	0
1248	748
1916	1967
0	1924
112	1903
0	1
0	1
178	601
0	601
0	0
0	5
0	5
0	5
4966	42
0	38
0	1
0	1
224	2270
3	2188
42	2113
0	0
0	0
0	0
0	0
0	0
11	902
0	329
222	0
446	1239
107	0
317	337
97	22
0	22
0	3
1526	4
2903	1339
2	1336
157	215
0	215
27	0
0	0
0	0
700	248
0	243
0	14
38	14
0	0
0	13818
8	17287
25	17415
0	18000
0	4697
5025	23628
7	0
0	0
47	1153
13	1153
0	0
0	0
0	0
0	0
81	0
79	298
59	298
17	88
45	116
2739	0
13	4072
0	2017
456	3790
18	73
4	4
0	73
3338	778
1286	774
3	0
259	3292
1	928
0	3292
1413	535
0	534
1144	6
345	0
424	391
224	157
16	402
20	410
0	23
957	1255
1524	1259
814	422
1	421
0	930
2355	932
1805	159
1080	158
1961	1
1357	1
15	214
0	44
0	38
0	63
0	123
155	158
10	43
0	0
0	0
10	43
5517	10
0	8
0	0
0	4
4	3
51	18
0	7
0	6
564	171
759	2
2	25
0	21
54	25
39	0
6	6
0	1
0	13
19	13
0	0
0	0
61	0
2997	2
0	51
0	51
0	17
236	539
0	155
0	0
0	0
49	279
0	283
5	294
0	0
0	0
0	0
0	628
29	707
1216	1
692	1603
0	1603
0	0
0	0
0	0
16	215
59	215
11	19
0	19
2597	9
518	0
0	1333
0	110
28	1352
0	0
30	0
2	0
0	2
83	22
0	52
4	32
349	52
2	1002
2033	1002
0	0
1	3
0	744
132	681
97	561
0	0
0	93
3	93
150	0
0	28
16	58
6	0
2476	1220
4	1220
61	37
0	1
205	0
0	53
5	2800
0	313
17	12
20	141
0	2958
1	2787
0	2946
0	2983
0	278
22	817
599	5295
55	5295
0	0
9	10
1	0
11	1096
683	1097
2676	927
1538	0
15	6
0	1
547	0
69	774
1	25
0	19
0	3
0	3
0	19
118	0
4883	2785
19	2785
33	0
0	2
0	2
90	0
0	473
0	473
983	551
1	451
515	211
606	180
6	178
19	0
25	200
0	581
0	629
696	1229
2	0
56	16
0	16
0	0
0	0
0	0
10097	13
56	1009
1	1
191	1009
0	43
615	1579
11	146
4	1606
476	30
244	27
66	257
3	68
0	189
0	83
0	189
0	1764
3403	1764
465	2
280	20
9	20
0	8
217	0
2	0
0	0
515	0
41	0
29	67
0	67
2234	1
5	5
2113	2
0	11062
7	18177
0	14403
230	20989
0	10696
0	2
0	2
0	2
272	124
13910	16
0	30
0	30
16750	6
24	49
0	49
35	230
24	139
184	212
1573	3403
1	3399
121	0
244	2184
39	669
60	2184
15	28
13	565
0	34
7020	568
2526	2
0	0
153	78
0	78
0	78
0	4873
14	4688
111	4767
0	4820
22	29
52	34
0	26
28	191
0	221
78	0
33	29
1428	178
0	5945
2534	6122
0	2
69	625
18	135
34	625
9	10
590	12551
0	7877
103	7867
4	12694
0	528
18	530
0	530
452	810
2	261
634	0
3023	6
19	343
15	10
53	0
1071	67
0	66
10	41
1	320
0	332
0	194
386	194
0	6
32	89
0	89
3067	1991
0	1230
27	1219
0	1093
592	0
5	0
0	86
190	86
51	2
0	2
0	0
2852	220
2266	0
36	33
326	3623
0	99
0	921
0	2890
19	3071
108	1164
27	696
0	177
0	348
0	3009
5	0
9	52
0	48
0	49
0	48
643	1
66	493
0	165
0	1789
29	1789
2	5185
59	5804
28	268
58	268
4139	987
0	976
25	0
58	33
0	21
0	21
0	21
88	459
0	459
1543	0
0	0
0	0
0	0
148	119
0	119
64	62
120	62
50739	55
68	1433
0	1433
614	196
0	196
0	35
371	144
0	115
1820	1
0	0
0	0
498	8
0	8
419	1102
24	1103
566	0
38	62
0	62
453	110
0	110
25	252
0	0
0	0
0	0
0	0
343	911
0	911
0	36
0	0
171	171
0	171
8	0
7	0
52	56
0	57
5	35
7991	5
4	565
0	28
0	158
160	62
0	191
0	83
123	83
307	0
0	0
0	0
0	0
0	0
0	249
0	221
194	205
0	9275
0	8775
12867	9281
49	1501
370	1502
213	0
109	27
0	22
0	15
0	4
32	1302
0	1302
58	126
0	42
0	98
8	0
0	8
6465	5
3441	1173
163	1171
0	0
0	92
0	2
166	92
331	607
0	337
0	194
7	748
0	607
0	0
0	0
0	1
323	1
161	169
7	168
0	169
31	169
6	32
24	10469
412	10469
0	0
2469	4
0	6393
0	2996
0	2352
3	4179
1	5630
1	6509
5078	1893
0	1886
1681	58
0	58
0	8
82	0
3681	2322
100	2321
0	1802
0	355
19398	2945
407	74
0	74
790	2518
0	243
67	219
0	214
16	2513
15	5
0	5
0	3
0	3
0	3
961	550
0	548
1364	0
3084	1174
0	453
412	1171
0	0
5	2400
0	60
1434	2389
23	0
719	0
35	8
13	30
1	28
1333	308
0	719
0	488
0	159
199	159
0	0
0	0
2028	0
364	29
0	0
0	0
6	0
81	4621
7	4621
49	0
4383	2773
4781	6684
0	6682
0	972
201	6110
0	478
106	6110
162	620
1	620
1238	0
128	1470
16	1470
31	0
0	130
3	125
259	217
216	356
0	356
0	102
0	341
362	341
2011	1
3	0
340	1
108	2402
0	2402
0	962
40	962
126	0
19	210
0	2
0	104
0	168
0	2197
0	997
0	383
0	2729
0	1577
1	2951
4	328
42	328
144	40
0	8
52	53
492	53
229	0
227	209
434	0
1	0
0	0
5	0
0	15
329	3158
4	431
0	3027
1715	2187
187	2183
443	0
562	0
4	56
23	56
1	5
381	2161
2	2160
1599	1
161	4867
3284	5013
221	406
1194	1
1467	794
18	37
52	782
1642	5
720	3
0	0
0	0
0	0
0	0
0	0
0	120
1044	4927
1146	4850
1	77
0	0
0	0
3	89
1	89
38	0
597	652
694	319
0	326
0	95
0	54
0	53
0	90
0	40
0	43
0	152
0	75
0	71
84	0
30	57
0	48
201	492
0	215
4	260
0	704
0	574
118	723
0	7
0	0
0	0
554	0
0	0
0	15
8	876
0	106
63	864
25	0
71	0
54	669
6474	242
0	237
0	0
183	19
4	19
1110	1343
0	506
0	1342
0	145
0	145
0	116
50	327
0	145
145	327
671	0
0	0
0	0
0	0
264	0
195	12
0	12
925	4
18751	8089
0	8040
488	0
544	88
0	88
0	0
1068	0
59	403
0	371
0	374
0	279
0	88
19	125
2510	1193
0	977
925	3
200	2530
1	1635
3025	3599
16331	16
11	57
0	17
0	41
0	53
686	7240
648	716
0	716
0	0
0	46
109	46
443	0
0	487
504	833
0	141
4	391
0	252
0	0
12	2
10	65
1	6
1488	1404
1181	0
3884	6
2142	229
0	229
27	213
0	19
0	284
3460	633
0	460
12	666
3	195
0	195
0	8
0	4
0	7
895	3620
0	75
0	3561
23	3627
64	104218
4157	104219
4280	104224
4886	104156
0	0
171	23
428	22
2610	1079
0	1079
0	47
9	85
661	86
5317	2
0	0
0	0
160	0
316	0
427	0
152	276
639	278
0	3314
0	3312
358	6
60	462
0	3399
0	3397
7600	3
30	0
465	0
0	8
0	24
0	5
0	5
0	2
48	27
1171	2
330	141
0	10
4	10
2159	3
744	663
0	385
0	318
308	0
4104	638
13	637
0	20
14266	8461
1	8450
0	4
122	4312
25	4312
20850	18
269	868
4	0
179	868
0	81
145	85
0	106
202	2613
564	2613
707	79
0	79
82	281
117	1274
13	178
0	101
0	14
0	353
36	24
44	29
0	0
0	49
0	168
124	168
5771	7834
0	7048
0	715
0	7312
14	7454
0	17
0	0
0	0
3148	2217
1102	1
0	201
0	201
10	1092
31	23079
29047	23092
0	1446
1	734
0	746
0	753
0	753
79	0
742	2761
17	2677
0	1188
67	3203
0	658
72	60
0	24
1	0
62	966
758	899
0	898
240	999
0	999
9	306
1	306
0	19
26	0
9261	5085
0	66
2	4
2160	0
69	971
0	971
49	625
25	2
2	30
0	0
0	30
0	36
0	143
0	25
4	399
199	528
1	1
44	195
792	195
1270	928
0	71
35	919
0	131
96	93
36	36
0	90
5	0
1411	0
12	212
0	212
610	3558
0	3552
120	202
0	202
0	201
30	1019
0	22
6	540
0	540
0	0
0	0
0	0
0	0
18	2
0	2
82	3569
1217	3572
0	3171
306	2426
83	560
1973	2235
70	575
0	2049
325	2890
0	2890
0	3
0	3
894	3
1	0
1	22
0	22
436	1547
0	38
42	1669
0	269
31	278
4	96
0	187
0	19
10967	5
29	208
0	208
0	486
0	545
0	505
0	142
973	714
0	655
0	302
0	443
0	330
0	443
19	0
0	385
10	385
322	0
3011	4
51	526
83	562
72	562
8282	13
2052	19
0	19
2	0
8	1468
3185	1708
0	0
0	1470
0	337
623	1808
124	0
1013	82
344	0
0	0
0	0
135	0
9	605
0	181
438	221
288	733
0	733
1	118
0	5471
2009	5472
70	138
4	138
0	121
0	8
9	8
44	0
0	104
17	107
11	422
1098	422
17	294
2	294
0	0
12	301
0	301
53	0
2386	1
0	449
446	449
1735	524
0	0
2	186
88	186
0	686
0	425
618	1345
0	557
0	0
0	0
0	5
3	78
5	2908
8278	18972
0	7229
0	17881
8564	6
316	171
76	0
8207	18
0	0
108	126
0	126
92	0
4466	3
1432	606
0	605
0	502
290	301
1527	301
0	1136
0	650
0	1102
0	1104
9	379
6	183
0	115
0	136
14	268
0	191
28	296
0	0
83	0
6	342
0	1759
487	1759
238	0
0	0
0	25
0	1370
0	0
5	1343
0	211
159	1389
0	1378
2526	0
193	1110
4583	2277
0	669
2088	669
57	2177
163	341
2487	2132
27	301
731	698
0	690
4682	8877
0	8876
54	116
0	116
925	155
0	22
0	133
0	695
88	609
1295	312
225	0
0	45
0	45
0	0
0	0
72	523
39	523
14	689
39	689
2	0
2	0
0	0
1	0
0	0
30	0
460	0
0	0
0	0
0	0
173	1462
133	625
1	2097
4	138
117	3437
0	3437
0	0
0	0
339	0
10577	24896
29	11646
15	13295
6	165
0	23
908	2
477	495
0	494
0	353
0	0
53	308
0	174
5	345
840	349
5	0
0	5
0	0
0	15
0	15
0	15
0	0
0	0
519	233
0	233
195	122
2	62
0	1168
115	3468
0	3467
445	3747
8	3747
2057	237
0	34
98	203
0	245
4041	245
3628	7
3164	28
0	26
0	1
0	1
0	27
0	26
4	156
20	215
0	268
391	315
0	0
3509	6
0	58
237	251
0	8
0	26
0	178
0	199
0	0
5	0
160	284
0	284
0	1612
167	1612
1116	0
0	0
0	0
199	2166
0	26
280	230
0	88
3	2197
0	4
3	0
4282	2400
16	2362
0	2467
60	739
34	95
31	735
0	704
150	0
192	478
41	1499
3459	2285
0	785
2922	3254
4828	8
111	0
792	3
1411	2
337	618
5	618
0	261
336	261
0	5
8	5
3832	2
0	0
0	0
167	621
0	1142
0	1142
2672	1670
7	1722
0	1722
48	2198
0	772
368	2970
680	664
21	0
1039	0
0	0
162	30
0	30
0	0
45	0
98	119
110	30
0	16
49	16
651	0
421	0
11	0
34	507
40	507
7	0
26	17
0	5
3	12
0	0
0	193
2011	196
1	3423
126	3816
1	1393
5638	3503
5	0
369	0
5724	1357
35	928
5108	219
6	217
0	0
0	0
0	0
212	0
43	718
541	718
3	7663
0	95
0	180
0	7763
168	7911
112	7996
0	8185
0	8080
0	0
0	0
0	0
0	0
0	3
49	243
2	126
1549	276
6	146
3286	154
3142	3
5	4
434	0
0	0
0	0
0	6
0	6
16	1195
26	1195
0	5160
3065	5166
1019	1
122	0
8	0
0	0
0	2
0	2
0	6
0	2
1	4
25	8
2518	421
0	419
2	0
0	45
4	45
94	0
0	12633
15	10997
7	7918
67	14454
142	17199
2488	17784
0	954
614	954
1	34
0	282
1317	316
420	201
0	201
0	156
555	969
0	103
0	1
0	155
6	971
22	825
0	403
1610	1220
0	1217
1256	1
127	62
0	1174
11	1354
25	1443
0	16
1972	837
0	118
0	703
0	8
0	8
0	8
139	3
72	305
6	52
0	0
0	0
0	3
0	3
0	3
142	840
0	840
570	673
35	673
0	0
141	420
0	121
0	375
25753	14
0	108
0	140
0	209
5	181
0	48
2	140
0	535
0	245
0	505
0	1868
233	4403
0	4578
3	1070
24	277
790	3920
633	92
0	17
5	75
8	0
491	0
0	36
19	92
0	92
40	678
17	678
1	0
1266	190
46	190
70	0
0	0
0	0
60	2440
0	2440
1526	0
0	1
0	1
2	1
157	1
3789	3
838	296
0	296
474	0
0	11
3815	2355
0	17
0	62
439	34
793	2355
13	0
38	94
0	69
0	42
798	1
0	1741
142	2555
0	1719
0	1002
0	195
623	337
0	201
10441	4206
1	4195
0	40
211	40
17	55
0	55
0	1018
0	1043
0	1043
115	216
491	216
407	1454
1699	1
136	308
181	308
0	6
0	0
0	12
4	12
0	208
29	223
6	223
3703	4
59	2062
15	1708
26	12
0	12
2	11
194	253
53	100
0	253
12	0
0	0
0	0
431	137
0	136
2310	11
668	495
14	7
0	7
7	231
23	231
392	330
1254	86
0	72
0	56
4	80
0	92
10	0
27	0
0	259
0	295
0	32
0	265
40	1018
1	4
0	1190
9	1160
0	227
1341	5
434	406
0	406
0	0
0	0
0	0
3	0
0	0
0	0
0	0
123	0
0	332
251	332
119	5914
0	129
1	372
0	5907
4	4088
0	5
0	5
0	35
0	0
0	0
68	0
557	1410
150	1345
0	65
5458	2018
0	1417
0	1479
0	1266
0	1833
754	0
4	955
0	582
2	485
155	1031
0	895
25	0
0	1720
0	154
0	30
168	1859
938	705
398	1082
0	1094
14	0
4	0
342	3946
1298	3811
0	544
0	826
471	254
17	109
0	159
0	169
726	161
0	161
30	0
0	538
277	696
17	691
0	4
0	4
0	0
39	956
28	956
0	10
0	10
0	0
387	2636
2987	2667
91	2573
663	1277
0	973
5	474
24	364
33	364
1892	1057
0	589
6368	16
0	0
0	0
7	0
1659	621
0	616
179	1710
1012	1687
3	825
231	1709
590	0
283	0
4	10
4500	741
3006	801
4	801
4	0
66	0
3	0
1	32
15	162
1931	165
0	4
0	3
0	0
42	120
0	38
0	120
8	51
300	0
342	0
1206	6145
30	5734
0	0
0	0
0	0
151	220
0	24
0	0
0	0
0	0
0	0
0	0
0	0
0	5884
0	2790
18066	5913
570	0
271	409
0	218
0	261
304	2
53	198
359	196
2158	3666
2	0
0	0
399	0
384	1189
0	512
6	977
0	0
0	0
0	0
0	0
0	0
0	0
0	0
0	7
0	6
5	11
0	2
5	26
0	0
571	64
9283	936
0	931
0	2851
5	1032
0	422
0	17
909	2258
33	177
25	528
30	4
0	468
362	3085
0	0
7	34
101	35
2	360
0	218
133	368
25	0
0	229
0	862
11	854
4	620
526	2
664	0
234	365
4	363
0	1130
59	1166
96	1132
15307	1186
13	38
739	38
26	33
0	33
3038	4489
0	4486
0	4343
76	2
37	0
0	0
16	479
10	479
0	8
0	8
3823	1892
5	1892
19	118
0	118
0	4
0	4
11	0
173	72
118	335
0	335
475	88
0	88
0	1982
0	2047
411	2169
49	71
10	71
0	0
1735	2703
0	65
0	2698
1731	5207
5	2588
0	3924
809	3
0	0
0	135
794	137
398	0
0	8
25	8
0	7
213	514
0	0
1671	464
270	464
0	0
0	0
0	107
238	129
0	17
0	7
0	5
449	728
83	728
0	288
0	837
85	872
0	0
63	1010
820	1011
835	1336
0	1336
172	0
1550	3
359	7
0	7
321	0
4229	3
64	613
0	613
0	0
4	0
0	771
3297	773
1442	0
21	0
81	158
43	144
0	144
10	115
0	115
2	241
7	206
2	1
0	221
0	40
0	40
1206	1279
147	12553
2766	19070
0	17771
3	647
0	47
0	47
0	69
0	15
21	0
1769	4
108	0
0	1453
55	1110
14	1453
5	2016
0	2841
9832	4865
1329	2113
2	277
0	2111
897	0
0	86
667	86
1285	989
40	162
850	162
0	70
0	113
8	0
193	9
457	293
0	293
245	227
0	227
0	0
0	0
588	0
468	2192
5	656
94	656
14	0
614	41
7	26
9	0
0	0
478	593
12	247
329	622
248	1774
0	1
0	0
0	0
0	0
854	0
25	688
41	59
26	688
13	0
257	1617
0	566
630	4
2	700
5	2477
678	529
134	2306
0	4
0	0
0	4
91	636
0	312
0	631
25	6427
0	4120
5184	2941
0	2535
0	2407
13	6415
2569	6416
112	641
225	641
6	683
3	657
0	4101
1	11584
2	11435
375	257
0	74
0	42
8	42
86	0
4706	2117
3	621
0	0
647	7000
25	7000
11	630
0	8996
1	303
0	9743
6	9652
0	65
0	11
30	73
0	111
8	123
0	122
10	193
0	106
0	0
343	322
0	22
1	43
329	46
15	167
75	167
6	243
0	354
0	352
0	347
44	403
2	403
7682	1292
4	0
0	71
291	959
118	953
436	794
66	794
20	15
125	29
0	9
0	347
0	2692
0	2844
0	2767
3118	2
5	19
27	65
3	57
0	0
0	0
0	152
0	152
21	1035
0	907
22	2163
10	2058
141	11
0	11
38869	28
2	1462
61	1462
3	5711
157	6331
121	3796
505	4247
0	2917
0	607
22	1174
8	1252
0	301
120	323
5240	11
0	0
0	12875
3153	12949
8	12879
1	0
6	9574
2	11993
0	4
670	0
0	0
24	0
22	12
0	12
6	131
52	95
2	92
89	169
9	89
69	91
1	28459
0	10765
0	28104
2	14328
3	3370
94	29579
0	375
0	375
0	375
0	376
0	377
8231	3497
6	360
0	3088
0	2925
0	2991
87	3084
0	2937
0	3071
0	3049
0	29
9	29
10	6
0	868
0	1035
6	958
16	132
0	1198
0	252
162	1404
201	2079
566	2081
38	8
0	8
822	164
15	3
0	0
2	164
0	347
939	1559
7	1502
0	1447
0	1461
14	0
527	0
343	0
0	1143
153	2634
0	2252
0	207
257	2665
0	0
0	1643
3	1701
0	371
2266	371
144	252
0	252
45	713
158	716
0	16
309	18
0	1490
0	483
94	348
0	109
46	1560
29	1568
3	1647
5255	4
24	36
0	21
0	36
16	36
0	386
0	2
184	475
0	429
0	475
5230	9
7	0
0	0
250	0
0	40
12	163
2	163
19	1202
10	48
0	534
0	1219
0	1219
85	392
154	391
361	5051
10	5048
65	0
19	1406
0	554
2	184
0	1169
309	0
0	79
0	2037
0	37
0	1084
0	2092
0	2021
361	0
2	0
475	987
0	6
0	987
0	0
0	0
0	115
529	658
0	239
7	278
21	25
0	25
404	0
18	9
0	9
30	4
168	21
0	15
0	6
0	1261
0	9
0	2364
5	1062
43	2676
0	536
0	34
879	222
108	223
842	1761
42	1756
307	0
368	0
0	84
0	3
0	12
0	259
0	259
0	1
0	1
2	152
8	152
289	2649
0	320
6	2577
5838	11
8	75
0	10
184	0
513	7994
0	3569
51	7469
0	8366
110	8089
0	437
114	10640
0	10807
3	17
55	392
1297	392
3	702
0	525
0	510
0	386
0	213
0	170
7	171
0	171
4	18
1066	1534
236	947
21	318
1	539
22	413
3	230
0	107
4	48
4	67
0	79
99	850
4234	1347
0	491
0	0
369	0
189	46
0	45
932	40
0	40
0	0
0	0
0	80
0	80
3	64
4	54
58	255
0	202
117	215
0	215
0	91
26	91
156	0
331	1224
0	1224
35	493
157	493
0	38
0	38
1883	259
23	256
0	79
12	2048
5	785
1770	1861
3	0
0	9
0	9
1665	2
0	0
2201	452
21	452
0	0
0	0
896	0
0	0
0	0
51	172
198	172
0	0
0	0
3096	1968
67	3199
20	2540
587	0
117	449
0	815
36	1252
0	562
0	352
0	273
43	658
24	464
35	2132
0	1185
0	1223
0	0
0	0
0	0
1	0
0	0
0	33
0	0
0	1294
0	535
0	1936
58	4894
0	2785
0	4553
554	4841
0	3878
0	102
956	102
10	15441
0	17911
0	14486
4	14603
4	20931
77	24202
677	0
53	612
702	614
271	0
81	177
3	177
0	28
0	157
0	272
998	1388
25	17
4	17
0	26
0	10
0	26
0	26
0	10
4	94
0	103
0	587
0	1156
8	1157
0	10
0	0
0	10
116	1040
983	1041
739	0
0	122
155	125
0	3
2711	0
3232	666
68	662
0	282
0	3
91	282
0	0
0	162
0	32
1151	162
191	711
10	1506
67	1440
33	0
17	6
0	6
11	0
34	3
110	0
8	0
1353	4048
0	4048
137	330
0	155
0	307
1693	1
0	0
0	5
6	36
60	0
6	0
0	0
133	2216
0	972
2	226
0	1879
710	9484
0	15492
0	14413
306	241
1396	241
0	28
71	49
0	34
0	39
0	0
0	0
0	0
0	0
35	7
2	7
0	0
1130	0
3864	4
320	0
91	285
0	285
0	285
0	279
321	141
3	0
0	0
0	216
220	160
3	64
89	2049
111	498
21	2170
0	12
594	13
25	859
0	823
0	821
0	559
0	812
0	728
3	7
2	518
2159	519
2284	4020
0	202
0	0
4881	276
13	274
0	15
0	15
532	440
0	0
679	157
0	156
420	0
23	1014
944	1014
185	0
4879	10
0	33
0	33
18	33
444	746
30	476
393	0
2	592
454	1617
0	609
0	898
20	34
201	123
0	123
692	0
23	0
0	2
0	0
57	0
898	6025
473	5824
0	6015
247	388
0	165
27	245
336	2737
2	2737
0	0
2290	5
3351	12
16	1118
0	673
0	1106
0	0
0	0
48	0
1292	2084
23	0
34	0
23563	23
38	0
2	448
23	1680
302	1651
1126	268
534	0
0	1360
42	1360
0	1108
277	0
7	0
0	1297
364	2353
0	1043
23	1018
14	1225
0	1368
0	1404
11	376
78	1198
0	1346
0	2179
111	2630
10	2630
360	0
298	0
41	42
0	42
2	9
1306	303
0	302
0	40
0	9
4	40
866	461
51	595
0	77
9	4
0	578
0	196
1	610
5	0
0	0
1	0
711	125
42	1956
11	1897
4	2259
0	1171
0	1584
1	1584
0	1584
2	461
125	731
46	493
0	10
41	1900
0	2138
0	2156
0	0
1	0
82	2
398	159
0	61
0	20
0	2
0	139
0	10
27	74
0	50
4	51
0	15
3	10
145	0
1948	1411
37	1410
0	1
968	0
0	0
48	568
0	971
0	971
0	16
0	991
206	541
39	0
98	269
317	0
0	191
41	6272
2416	7640
0	55
0	32
0	108
0	7639
7759	18
0	2957
20	1744
0	2011
353	2597
11	0
58	0
40	1073
0	250
0	804
98	1108
2	1092
83	179
56	179
794	2
544	504
3	95
2	430
1237	0
158	265
66	133
0	10
29	262
1746	0
124	0
0	0
0	0
41	99
444	99
400	30
0	92
0	1736
352	1735
167	162
2	18
1	18
14	331
0	331
6	293
409	566
0	538
0	28
1	28
101	194
67	206
2	29
64	29
833	0
0	0
2	0
74	0
0	0
0	0
0	0
0	0
0	86
66	569
34	491
0	397
15	470
0	103
0	1
20	103
0	14
0	1
0	14
0	0
3606	1321
0	375
0	1211
0	1568
279	1888
0	253
9	1888
0	543
19	0
1006	0
896	769
0	769
0	759
0	759
0	129
166	129
0	0
0	0
0	478
3060	1639
0	44
0	39
1044	75
0	9875
42	230
117	33
64	296
122	2930
0	126
1515	2931
1640	0
0	0
0	0
50	0
12	77
0	57
0	77
7	72
1078	2
11	1820
11	172
572	2560
828	2232
0	1157
21	4204
0	1142
1	594
0	686
9	4481
0	3731
0	4434
0	0
2983	440
5223	6412
51	6403
881	940
0	940
22079	22
3	10920
10335	10927
0	0
0	39
837	41
892	1553
18	1553
324	20
0	20
3	4141
0	4359
26	3987
0	3802
0	0
27	0
0	0
496	0
115	233
0	88
431	236
0	28
0	236
0	0
0	0
0	0
0	0
0	35
0	3281
0	3939
0	3939
0	3933
0	3956
30	3949
0	3935
2	6
0	6
0	0
44	0
25	100
0	100
231	0
0	659
11	101
0	89
8	396
0	651
0	641
0	396
0	662
921	1306
225	1306
337	1749
45	267
24	267
0	551
1815	710
0	399
9	10
0	10
0	549
1295	549
0	41
0	30
0	14
143	193
5	7
0	27
63	9
0	9
3113	1
0	0
0	0
3	12
11	16
87	333
57	147
0	297
13516	1404
0	938
77	42
0	48
0	45
0	45
0	0
4	6
0	6
2	1887
0	812
239	2178
0	2137
4815	223
219	216
5382	1635
0	1089
453	543
76	6
51	250
0	77
44	76
19	4
965	4370
5	4291
275	701
0	824
17334	1488
1917	3546
0	2681
3	1153
0	0
0	0
0	0
0	0
0	0
3	1
128	235
0	235
0	4514
1200	4514
488	3
109	0
3	0
0	0
5897	428
0	424
0	41
63	180
515	1061
0	1063
2865	3815
13	0
1138	6
1002	0
28	0
0	1
142	174
0	174
32	0
236	0
0	7
0	7
0	7
0	2
1890	292
0	281
11	9
124	0
0	283
79	4
9	1652
0	2763
23	2375
859	0
0	44
0	7
0	41
0	43
181	4
6	0
0	386
135	386
5	1612
0	1532
0	1601
1644	0
0	25
0	0
29	99
3	74
0	0
25	5
0	48
175	48
1694	726
0	723
0	975
478	975
0	730
410	0
1910	435
1	1075
0	1058
0	0
452	0
25	0
0	0
99	0
0	0
0	0
1007	0
2099	3
12	234
0	123
4	46
10	11
662	11
83	268
0	235
5422	0
16	465
758	465
2	5971
1619	9971
1	2873
1	1406
25	7959
0	6930
0	10
0	4
225	344
0	319
1163	0
6209	1659
15627	18263
2	18246
86	6293
11	22
0	5
0	0
52	150
63	174
19	174
311	3
0	3
15	225
0	225
11	580
0	295
0	142
0	1
0	1059
0	11
4	11
1428	0
0	79
0	3
0	0
80	79
36	5
0	28
0	28
0	0
421	0
0	135
0	25
1	144
0	131
0	144
0	144
230	269
0	62
0	265
13	10
2	10
43	363
0	332
0	368
0	0
8	0
0	0
0	7
0	7
0	0
73	184
0	111
1355	0
775	1
0	620
1093	795
3904	386
335	381
10	0
0	0
7348	12304
0	12292
146	1010
0	1229
0	1151
603	461
0	461
0	0
2394	232
0	231
1	0
0	0
0	6
0	5
138	3943
5	4021
0	20
30	20
372	0
0	1
1431	3
0	0
199	489
0	95
0	489
0	442
942	0
0	90
0	90
0	82
0	57
0	58
0	90
1	57
36	1273
0	153
4	1273
0	4
0	4
101	46421
4642	51889
411	0
41	16
0	46
0	0
0	31
0	31
25	165
0	165
0	24
4262	21
0	0
0	26
0	239
44	239
0	0
518	0
1982	2449
0	2077
5	437
6716	8
8	0
0	0
0	0
1721	215
0	214
713	3691
2	3691
0	0
902	56
0	55
313	925
32	925
3	0
0	0
1771	148
0	142
202	1643
40	1644
120	80
0	80
534	0
124	486
22	486
1095	0
0	2
0	732
72	1561
1	1681
11	1590
49	706
749	706
954	0
897	0
256	2579
6	305
95	933
114	2604
0	0
522	270
0	269
20	0
630	0
1922	2
1	0
0	0
0	0
0	0
17282	22
0	0
166	492
0	194
0	500
0	14
10	14
5	122
0	122
8	0
803	0
18449	10
0	2
0	1
0	1
0	9
0	9
4	0
0	1114
817	1114
0	3
1	3
39	115
4	115
229	156
0	91
0	156
4	3038
0	2214
1784	0
624	367
76	367
563	246
1	246
0	238
1334	484
0	42
1376	162
0	162
5	23
59	20
0	2720
6810	3538
51	3536
219	522
2	522
350	348
206	348
127	0
51	0
0	1939
0	2189
0	246
8547	12899
2	12448
69	8971
360	0
0	92
15	596
196	597
8183	2274
705	2266
207	2266
0	3
9	3
1	6
0	978
402	978
145	0
189	591
0	591
0	44
56	44
0	92
0	150
3103	1635
0	182
0	1395
0	1425
0	0
36	0
0	230
0	0
17	68
173	1
73	55
82	55
21	0
0	52
29	90
7	36
231	42
0	42
0	0
40	838
0	1055
24	1008
3034	1797
234	1970
0	1670
12	1925
1	790
14	1831
0	6
0	9
0	19
0	10
13	0
842	71
16	71
126	15
0	5459
113	1188
0	261
8	1188
669	455
9	0
125	0
7826	11
466	120
2975	3119
6	201
0	86
0	3014
2417	31
27	29
113	322
31694	14
0	0
0	4
401	48
0	48
0	0
0	0
1	0
57	48
729	229
0	0
122	2243
23	2241
123	2206
0	0
0	0
0	536
0	1722
4367	1877
16	91
0	185
57	880
1	773
104	830
447	642
2	299
0	94
35	259
25	0
1562	3492
9	287
8	0
0	14
0	477
0	491
0	491
0	110
328	520
0	137
0	287
16	845
36	586
34	1696
42	1717
27	79
162	3632
0	1410
201	3570
0	1780
705	5014
32	3759
0	4996
0	2141
1839	3179
0	2016
17	1163
0	0
17	7
0	0
0	7
452	370
7	0
0	0
0	0
0	0
1	12
920	2837
0	2834
0	2485
39	2480
9	304
359	306
615	0
148	109
0	109
1093	1034
18	374
0	1002
21	27
0	27
1304	0
717	1
0	175
2	175
0	444
0	518
0	582
0	552
3855	5186
481	5186
0	0
12	1022
0	657
0	656
1	10
0	14
0	154
0	408
0	348
0	430
17	690
0	40
47	0
0	0
182	378
217	43
3	2317
4	705
12	2086
1	2317
138	1276
0	1276
415	90
57	90
4	521
439	524
374	1363
156	575
3	505
0	1082
0	0
0	0
68	29
0	29
0	19
39	33
0	33
0	60
0	22
0	71
63	71
0	2
0	2
0	0
2307	1973
0	671
0	236
308	0
25	841
323	841
7	48
73	29
0	29
955	0
0	0
0	0
3345	906
0	904
434	143
0	793
1	422
0	294
3102	4393
0	3945
0	267
0	100
34	267
0	63
0	24
3	63
0	399
0	18
12	10
0	13
0	386
0	273
0	52
0	52
0	103
125	55
132	116
8	544
0	59
858	1612
31	1265
5	103
0	55
257	892
11	6509
0	6482
0	74
0	18
0	4734
0	4721
2	4791
0	4721
0	4748
0	4721
10	4726
0	4721
1056	972
0	45
0	80
0	754
42	324
1	324
1052	916
0	141
0	914
19	354
59	354
546	1089
2522	1088
52	0
0	82
0	27
8	60
0	0
0	0
0	0
0	0
19	32
0	32
0	0
0	64
63	64
23	9
0	0
59	722
0	311
3	854
0	67
0	55
0	67
0	78
0	64
0	66
0	66
0	66
0	55
105	32
0	32
0	32
618	3102
0	769
32	2223
0	488
5	742
15	151
0	155
0	2464
0	2576
7	58
0	42
254	1173
1	1695
0	1208
0	0
685	0
0	316
1	318
0	313
385	260
0	212
2	382
36	439
0	60
201	406
1571	407
139	240
0	240
0	20
143	20
0	6119
3892	11840
2	11836
0	0
78	1607
16	1607
45	11
0	10
0	11
9118	12
105	1
32	189
0	16
14	189
0	1094
369	7048
0	6824
11	6704
598	254
0	157
0	320
0	384
0	0
0	0
864	26
0	718
3	703
183	1254
125	3588
0	3232
1764	3299
120	21614
1	6265
5	4140
0	19763
0	0
3481	9
193	32
1106	31
640	2952
615	2957
0	58
321	58
4448	4017
0	6855
200	7354
0	17
2	1
0	17
0	17
2595	5
240	0
76	2443
74	2443
2	0
514	4675
0	4545
0	4736
0	0
3163	7
0	299
0	183
4	299
181	0
0	3
0	12
16	15
0	3
0	0
0	0
253	0
30	77
0	28
0	0
0	77
48	1188
23	1109
5	12
0	8
0	12
0	1
0	2
0	2
0	0
0	0
0	0
0	0
0	0
1	0
836	373
0	372
395	0
267	0
543	0
0	0
6	4906
6905	4911
0	672
3057	2800
0	1264
0	691
0	2556
156	0
0	0
0	0
0	0
0	0
0	0
1154	3055
44	0
103	483
6	483
1094	59
0	59
100	1
0	0
0	303
73	303
2766	265
0	262
42	160
0	48
1	97
0	22
0	22
765	609
0	609
92	484
2456	491
15	170
0	89
0	170
2	13592
23	17985
8330	18726
0	24
17	29
0	29
21	27
0	27
425	1260
0	761
0	0
193	275
375	4122
60	4111
3769	878
454	885
3	618
50	443
0	279
3	1156
0	1247
4	1059
3	1334
4464	5
0	5
0	5
5	162
157	303
164	306
40	0
0	0
0	0
0	1979
0	181
3	2115
0	0
0	6
930	230
0	229
632	355
0	167
4	355
361	292
455	393
0	0
3	0
0	0
0	0
0	0
72	2345
157	2323
25	2
0	2
0	0
1765	0
16956	18455
64	15072
0	15064
214	18363
196	0
10	0
32925	193022
7	42460
887	156532
0	11170
2514	3
0	19
180	115
0	109
0	66
0	0
0	0
34	34
0	1296
9	1279
0	19
0	76
0	983
0	1042
0	1042
0	897
692	1
0	15
0	0
27	15
2509	635
0	635
5091	9017
196	9011
5246	8
85	0
2036	2
0	0
31	0
790	758
0	622
22	136
25	2424
553	2701
134	4337
511	630
18	260
0	88
18	0
0	7
358	0
30	131
3	131
226	0
0	26
0	279
0	291
10	117
229	2
190	48
0	48
4	0
0	351
1979	351
1106	1
4	0
0	0
41	1856
35	59
0	1922
3	1931
8	0
218	42
0	42
0	19
13	360
0	84
19	52
0	289
0	0
175	506
8	506
3	1
79	64
0	0
0	4
0	59
139	2806
16	0
1206	316
32	316
0	73
0	1356
3	1356
1	0
6600	9852
2171	2260
4	295
0	21
194	46
990	2
8	0
261	0
13	1584
36	260
0	190
46	1840
2	1291
0	1852
71	1202
0	1800
276	1
558	1
793	0
0	50
15	1006
21	1058
9	1275
0	614
0	505
1647	0
0	2
0	2
5	2189
335	2189
13	1143
17	0
0	284
24	217
6	299
0	299
143	841
149	0
559	401
0	401
0	0
0	4
0	23
0	23
6	0
0	0
0	0
3244	4523
0	707
42	707
0	1066
0	332
0	332
0	332
0	0
701	1237
0	195
0	41
0	2
96	219
0	226
91	504
2	329
7904	1
0	0
6	0
449	0
5	0
0	0
8	41
2383	3
14	1
568	2930
3	729
2921	4
0	0
0	0
160	239
0	4
0	32
0	0
830	397
2943	2
0	1074
0	1502
282	1502
525	0
0	3212
0	89
0	4971
4	4981
154	4954
0	4922
0	3689
0	3640
30	416
0	307
7	2
0	2
23	892
0	301
8	274
2606	3
141	448
1752	1825
25	1895
467	988
19	1140
3	692
0	681
0	430
0	368
0	673
0	1174
455	5
17	0
0	0
0	0
2228	0
237	3125
0	241
242	5886
488	117
2	104
2	75
0	1108
0	226
672	1287
0	440
7	314
8	10
0	10
0	10
92	516
0	0
1120	24
0	60
301	60
291	99
458	0
117	7571
199	475
2053	85
411	10713
24	9916
130	136
112	172
56	172
0	0
310	55
0	9
0	42
4494	19098
18	7362
5	11452
0	18908
14913	20
147	1986
102	2001
3312	1
2090	2555
0	179
0	2458
1	908
1436	18
208	0
5	0
2800	4
3	143
393	143
259	697
8	154
73	575
0	1173
0	614
89	613
0	1070
0	1159
369	0
0	4
4	6
0	6
639	98
0	98
0	2
0	2
0	2
0	0
1	0
116	0
33	56
2	34
31	56
1620	320
4	320
0	0
0	0
0	509
195	820
0	788
0	647
0	0
0	0
38	352
7	352
209	0
0	147
0	104
95	219
0	113
2862	113
0	0
2	0
1	0
1	9247
0	5710
0	614
0	14334
568	17113
0	14344
568	0
4	33
12	0
0	0
0	0
0	0
0	243
0	97
0	79
68	105
15	492
0	346
75	1234
0	6813
10	6127
522	3396
2356	1
1194	0
11	659
0	30
0	1989
201	219
0	856
0	1907
0	1784
0	1992
0	1987
0	39
0	35
0	39
19	9773
0	975
119	7177
12	9267
0	48
0	0
0	0
0	0
416	14
0	14
156	0
12	0
21	51
2	19
0	44
316	65
0	65
5	1
472	845
0	184
0	341
0	440
0	299
0	561
0	745
0	0
1074	0
192	339
0	12640
4486	12646
0	14
0	14
0	2
0	2
17	17
5	17
1045	2078
0	22
0	1195
45	1195
0	2078
397	0
1813	1552
0	1548
696	121
4	120
13	309
5	3673
12129	4954
0	1261
1503	2
62	38
0	992
57	992
46	56
3	56
0	90
137	187
12	506
5	506
281	2
0	0
25458	20
5	4
0	4
0	79
30	852
882	812
0	0
0	0
27	2888
154	0
5	3
3	3
17	427
4	15
7	77
1	161
0	240
0	404
109	0
0	0
212	355
139	355
568	2070
0	2070
0	0
263	25
0	25
421	0
0	0
107	0
6	59
85	136
0	119
1538	0
77	31
0	31
0	0
5	422
0	193
668	144
0	141
911	306
0	306
0	12
362	0
0	4
18	61
1	61
0	0
0	293
0	155
1	429
6	243
153	495
0	184
425	184
0	0
7	656
12	656
0	812
95	812
2117	458
0	447
5	4
0	4
7	15
0	27
19	50
0	42
2	27
127	589
4	77
74	624
0	246
6	393
11984	832
16	0
19099	21
12621	3982
659	3
13950	6728
448	6707
322	0
2189	1
449	286
412	19
6	18
2984	8365
0	3051
0	3961
0	5556
697	476
3	0
63	882
4452	2
4175	3
29	13
0	6
0	7
0	12
0	12
17	0
0	1078
9125	1788
0	739
18	56
659	191
0	191
0	2756
127	2757
34	447
0	241
56	448
39	658
52	658
1045	1
1376	0
0	44
76	44
0	8
0	445
0	109
0	429
0	460
2429	62
0	62
4	58
3	9
175	324
0	329
306	0
0	0
1473	995
0	762
0	995
0	0
0	0
0	0
0	0
0	0
0	0
0	0
11810	14
21	0
343	733
28	666
4590	29
0	26
1083	738
0	738
0	185
14	95
3	0
0	0
0	0
0	874
215	874
7	542
158	542
0	10
0	10
20	938
2	938
0	109
1	139
0	139
0	0
99	0
154	502
267	503
0	0
0	532
16	532
0	0
0	0
11	0
18	0
59	0
463	2
0	64
8	467
199	26
21	712
0	641
109	608
4	610
33	0
141	0
188	0
6844	7
5	228
3022	3
2491	1357
0	27
1666	146
202	279
0	279
0	0
73	51
0	51
86	847
0	847
762	700
0	230
0	512
0	2421
4	1
384	2421
0	0
0	5
12	5
0	99
3288	1726
126	225
79	1775
81	715
3	0
36	1053
0	917
121	950
272	1417
0	1392
0	1385
0	25
218	787
13	667
25	403
87	274
719	459
0	458
0	3765
1	3953
0	4071
0	3650
0	3812
0	323
263	0
11	0
19	2619
0	2619
330	209
0	209
209	2859
0	3026
0	3039
0	383
0	351
15	78
0	48
11	35
3	8
0	0
0	0
0	0
62	1221
13	1327
0	227
6	53
2	1344
1473	0
0	0
0	0
188	1501
0	598
0	116
700	1580
0	0
0	2
0	2
11	0
20	0
4	0
0	103
0	103
0	0
0	0
44	1301
271	1438
0	0
0	8
0	8
1220	399
23	399
0	4
2	4
0	0
3	413
0	2179
1	528
38	2082
24	2193
0	11
25	11
0	0
15	0
4	0
0	0
6475	3794
0	3790
0	484
0	52
0	8
0	271
0	502
0	2568
0	577
0	398
0	2137
13	2751
0	2661
0	2644
0	2635
12	2491
2	2542
0	2468
0	0
0	6
0	0
0	6
77	837
0	190
0	151
13	837
107	39
33	39
2	0
4	0
0	25
61	25
1	0
361	37
21	37
0	0
0	29
278	121
0	77
0	61
178	516
0	166
0	366
348	2825
3	2332
11	931
0	0
9	92
0	77
0	1
0	1
896	4
2770	2
2	5
5250	3
264	0
173	896
0	104
14	896
1462	0
10	110
86	3144
2739	3976
4	78
0	78
0	19
2	19
0	1242
89	1969
0	663
4	1
0	1
401	436
0	12
42	12
0	0
342	0
0	0
0	0
0	0
0	0
0	0
7721	3
33549	7658
0	7634
0	484
0	20
165	484
0	155
640	155
0	0
9	41
3	10
0	10
0	46
12	21667
227	21684
9231	21557
2477	3010
0	18
0	18
95	0
477	2667
0	2667
11	0
2621	0
0	79
5	33
8	220
53	217
0	541
58	609
19	0
256	97
0	46
48	51
151	264
2233	0
0	137
0	248
4	263
2963	559
0	558
253	54
0	53
0	33
0	33
186	4567
585	4568
80	14
39	151
0	151
0	147
0	354
995	359
682	386
0	300
38	43
25	17
2184	97
0	96
59	88
24	88
37	0
310	165
0	165
238	1484
0	1487
147	180
0	1238
0	766
2044	766
28	221
168	97
7	316
46	0
0	6
7	106
0	86
1690	0
686	1
2509	3252
0	3251
37	117
0	116
6	133
0	117
0	23
2	325
10	513
17	23
106	0
669	1
811	2
0	302
0	122
85	366
0	35
0	44
173	395
0	61
64	149
5	351
0	133
90	0
0	46
0	19
104	720
0	14
0	284
0	705
0	0
672	426
9	423
285	0
0	18
1	18
3140	96
38	91
0	11
0	11
0	53
9	12
16	53
18	0
0	0
2656	2
2	0
734	3
0	56
0	445
666	445
0	19
0	3
0	0
0	0
0	19
0	3
58	152
0	114
2	9
0	5
2	9
0	3
0	3
0	0
0	37
0	37
38	31
0	0
52	1291
184	1291
1149	0
220	6394
141	6393
0	1
0	1
0	0
0	0
0	0
111	326
618	326
5122	1437
0	1428
670	0
0	2480
0	2563
0	2656
0	167
146	219
0	182
26	0
599	0
667	269
0	37
253	532
0	0
2998	6702
0	635
52	892
0	6336
551	0
53	0
662	156
66	1301
0	780
267	0
22	586
3	228
0	3
67	2155
0	100
0	164
6	2139
742	301
0	301
669	2987
0	2295
41	1535
64	143
3	143
61940	8898
0	8834
0	339
46	374
0	374
507	285
12	285
430	0
0	16
613	1
8203	9397
0	9389
118	1839
0	164
0	90
0	1839
0	842
17306	20
695	177
0	57
70	120
555	504
0	247
0	1306
14	271
15	1386
16	0
925	0
0	0
0	0
77	1194
187	1065
0	79
3	2
0	12
0	750
2	772
0	108
0	665
0	525
0	3702
137	3930
0	5078
0	5078
0	1006
0	941
0	935
0	977
220	259
0	259
54	259
0	0
0	6
0	6
0	0
0	6
2042	4154
354	4154
10	307
34	139
57	168
2075	1981
461	532
27	1821
136	651
314	651
11	2
0	0
348	142
0	44
0	142
0	50
0	50
0	0
0	0
0	0
3	70
691	0
0	0
0	0
0	0
7179	1059
0	406
0	406
0	648
9	305
0	295
0	333
697	2068
0	266
0	51
176	133
0	14
973	0
275	20
0	20
5067	264
45	260
366	59
0	2
2616	2
0	6
11	6
1179	2382
3	1569
0	1991
73	2031
2	35
3	33
0	7
3	0
0	0
0	0
754	0
69	68
0	4408
0	2271
39	3546
0	2933
20	5437
231	4858
0	0
3	147
777	349
0	223
108	572
0	0
0	0
594	472
133	472
17	5
3	5
2377	506
0	463
0	78
0	43
220	380
0	0
282	165
0	165
0	9
0	9
21	11
0	2
0	11
0	1033
0	659
9	895
0	5
453	0
0	115
239	115
40	3
176	20
0	20
0	176
2878	1741
0	1622
0	0
6562	4111
22	109
0	234
0	5
1037	89
1038	0
0	1
0	1
30	18
0	6
1241	1
25	15
0	12
3131	3
1812	6
715	2354
0	245
14	40
35	0
0	0
0	0
0	2
0	0
0	2
1529	1
0	1059
227	2742
2118	2769
724	0
0	36
0	16
6	3
15	140
344	73
0	67
0	37
3	18
0	78
0	805
0	74
0	843
149	901
136	901
1915	4
6	234
0	1452
19	5914
0	5442
13	513
5	504
122	516
1	393
0	63
0	79
3	375
6	868
3	446
0	800
0	1023
85	1023
643	1
9739	95601
0	26553
3	29086
364	96509
137	76654
2	10
0	10
0	11
1470	0
41	139
16	139
0	0
456	133
232	133
621	2818
163	2818
78	0
710	0
38	68
0	68
0	0
18	1
0	1
6	4
0	3
0	0
0	0
0	0
0	42
12	199
78	215
271	0
744	0
0	88
8	0
195	158
0	158
751	0
23	513
6	488
5561	935
6	572
39	558
0	882
0	889
4	3
11	3
62	559
0	559
227	0
214	125
0	104
0	125
401	0
0	0
3438	1424
317	1425
5	14
10	648
1101	662
1	8
38	13
0	0
226	80
48	686
0	686
0	51
189	51
649	0
0	0
0	0
0	0
0	0
4	1669
0	295
6886	6550
0	5589
0	5222
4	2725
426	526
0	404
29	404
5	31
51	5
0	36
4	0
0	0
516	0
0	0
1763	0
0	0
4	62
18	69
3819	1440
0	1643
140	1681
2680	0
37	773
0	41
1	803
140	814
69	814
138	0
7	0
698	0
0	193
208	193
667	3
0	1
1	35
124	963
0	963
617	1832
13	83
0	3
10	83
6574	6
2618	476
0	406
0	48
0	23
0	25
0	75
0	37
0	48
4470	5
0	0
0	844
1386	844
4	22
527	170
1	105
500	0
3	10
0	12
0	12
102	0
0	0
1	0
0	0
1027	2
0	10767
806	2975
4	4380
3	60
9128	11355
0	3828
8	1645
0	136
14	1600
0	317
2	354
0	0
0	0
67	700
15999	733
0	1
0	15
14	15
11	0
2	27
19	25
0	0
0	0
44	0
0	13
0	22
69	28
540	680
0	678
52	0
382	0
77	176
202	176
311	13
0	13
0	0
0	1144
652	1683
125	1683
617	0
9	4
144	0
0	0
9630	13
0	746
239	1557
12	1557
365	177
0	176
0	5
0	1
0	79
0	79
29	354
428	583
0	247
140	1184
16	44
0	12
0	3
0	44
24	0
0	523
0	630
5	139
0	139
0	140
0	459
0	139
0	0
7	1346
0	947
0	891
0	957
5060	4527
75	4916
2	5255
0	5287
0	5238
44	131
0	124
2731	5
1639	2071
0	2071
0	1460
15	15
249	0
61	75
654	52
0	789
2595	918
0	125
127	1286
22	803
6	620
0	21
0	18
43	399
0	399
3837	2
117	2029
0	83
0	17
0	2028
346	115
312	0
25	227
0	230
0	151
0	60
10	0
19	274
0	274
16	166
97	0
1710	0
64	14
11	0
297	969
13	1021
0	1032
0	0
0	3
0	3
240	10
113	4
50	0
1	6
0	5
1808	0
120	0
275	501
2005	3839
0	3123
0	3709
0	3772
0	3715
0	2914
0	130
314	142
0	138
1224	1
0	828
807	832
3137	0
143	29
6	26
97	16992
0	16988
0	17428
0	3025
0	17352
0	0
0	0
0	16
75	34
4	18
2214	2337
684	0
71	543
5	543
2	359
0	1
0	10
119	39
3	28
0	0
4	0
357	1150
16	1316
356	7542
0	2090
3	2000
0	1605
0	7410
0	98
0	69
470	123
10	194
1779	2296
1	912
3	790
6	521
28	707
83	658
8	2209
847	386
0	386
52	1
30	1
81	529
0	529
0	596
0	0
0	0
28	0
0	0
33	0
5	0
86	2147
86	720
0	2125
0	2011
1343	628
138	1990
3054	1990
3673	4
132	112
0	108
0	0
475	1295
0	1151
0	838
2248	4692
96	670
0	1040
47	552
10	552
0	1832
0	1122
0	4511
0	5230
0	5116
0	1437
0	4444
0	1179
1156	0
116	207
0	207
0	320
0	56
191	320
66	2
38	290
566	182
210	25
4	25
13	141
623	141
12	64
81	97
0	97
0	232
0	2145
0	490
0	2092
0	2284
3	609
166	0
972	100
0	97
0	0
0	0
0	0
45	168
6	168
0	176
0	13
0	2
5	95
0	471
3	451
453	211
0	211
7	0
6	372
10	18
52	390
217	202
452	314
0	101
1902	104
444	380
270	0
633	215
0	215
412	9
34	0
220	519
22	124
82	395
0	0
32	0
11	444
3	349
353	660
0	0
0	0
0	0
0	56
0	68
74	602
0	50
48	602
71	128
0	62
0	128
0	58
0	67
0	203
77	442
0	0
0	0
0	0
0	121
106	1356
1045	1477
0	542
0	135
264	229
0	232
0	230
5759	0
77	69
0	69
15	1241
18	1273
0	1286
0	8
3	8
10	3
0	3
105	37
0	37
571	0
0	0
702	98
0	98
644	79
8	79
0	2
0	2
0	0
1069	808
0	808
1	206
0	138
0	981
31	982
4	48
0	46
11	40
0	239
0	255
72	279
7	273
0	0
0	1
0	1
6	12
575	116
0	108
145	190
209	190
198	42
0	41
5	0
0	194
664	209
0	1149
1413	1151
36736	25626
0	23868
0	19854
0	23299
0	10454
28	427
264	427
0	10
54	26
0	0
149	1
87	68
0	2825
0	2965
0	2985
1	1450
0	12
3	44
11	0
9	5
0	98
0	40
18	521
5	502
8	1062
30	992
0	983
331	2188
6	447
13	140
7	2188
2	290
0	417
27	437
170	507
0	36
0	50
131	50
0	242
68	1105
5	6170
0	5990
0	6367
0	463
0	460
2	340
0	460
0	84
12	103
1	73
0	11
0	11
1204	0
0	0
4	162
0	173
0	166
2826	4
374	0
42	2438
0	2438
0	505
0	30
0	110
0	132
354	907
161	700
1017	951
0	353
0	410
0	353
4212	2730
0	21
0	21
7	618
39	618
387	0
2	598
0	2
0	0
0	0
0	51
0	208
0	14
4	185
4	138
0	75
4196	2
46	920
0	920
0	901
16	0
1576	2
8	279
0	279
0	694
2	2
0	58
559	694
566	1478
309	1478
0	376
187	0
5	15
0	17
0	0
33	32
0	0
256	0
0	14
37	29
0	15
0	20
156	1243
3	1243
305	70
0	4
0	33
0	37
13	16
81	1539
52	1539
307	204
306	0
0	252
0	359
0	223
526	370
113	36
0	34
2	36
1969	4
0	0
0	0
566	533
0	1095
0	1104
0	1163
0	55
0	54
0	161
0	500
0	155
0	72
68	152
5	354
4	1180
131	1406
0	1
1905	357
181	0
4925	5
15	14
0	14
411	0
0	1
0	1
51	164
3	41
51	0
0	0
0	0
381	553
0	553
13	0
363	0
152	0
80	0
0	0
0	15
0	15
64	246
31	275
0	82
0	27
0	68
0	26
17	26
3334	5
5350	8
5	52
0	28
0	0
13	52
65	449
0	455
0	460
2	34
791	35
46	0
74	4
0	539
227	712
0	87
308	821
0	20
15	6
92	6
307	973
148	14101
0	13936
102	13417
9	12288
1	0
0	118
545	792
0	706
0	348
80	0
21	187
0	202
0	205
1	137
3	50
0	50
1187	0
236	121
330	152
196	221
1	72
0	31
0	4
0	221
2223	5
484	305
3	0
0	6
18	12
0	12
13	0
113	466
0	466
9	29
0	324
15	59
0	0
21	353
99	34
32	148
0	148
797	0
0	0
2006	0
0	0
141	390
0	35
0	11
0	0
0	36
242	0
0	0
0	12
3	17
30	17
52	29
66	102
0	102
1	143
0	143
1508	1798
21	1798
1456	0
891	2
0	0
274	0
9	0
0	237
68	237
0	1156
454	10286
5	10286
259	297
0	297
178	264
0	19
463	0
400	2639
68	2639
9	0
0	0
65	99
0	124
8	15
0	4
0	38
0	120
0	0
0	0
404	1
9	0
2476	11
0	6
0	0
11	217
69	101
145	319
231	0
0	2606
0	74
177	2778
0	1423
0	1564
1567	524
0	523
1028	509
13	11
0	498
0	0
0	949
1	4042
0	2723
0	1294
0	2367
0	2569
39	3432
0	0
103	1063
12	1063
29	82
0	272
23	1063
0	783
1427	670
0	668
30	25
80	25
2	414
399	619
0	399
0	23
0	237
20	1113
0	239
1193	1013
19	13
0	13
0	0
9	0
0	143
873	143
0	0
3	0
1377	2475
132	0
2	0
137	93
0	0
14	985
1349	1510
0	1507
0	167
122	18
0	18
448	0
0	450
0	2876
0	2475
0	2525
0	2982
0	2740
0	2469
0	2742
0	23
0	282
3	861
13	473
50	1011
94	786
220	2212
0	3774
159	254
0	0
0	3772
0	130
0	1358
0	133
0	3490
0	3692
20	140
25	6
0	9
177	1262
42	621
68	4
1829	7099
0	0
0	3
0	6510
0	6642
0	6527
0	0
0	0
0	0
0	0
0	0
0	68
0	363
681	363
0	143
215	445
289	1103
5	644
31	3183
110	3260
10	0
6661	11
51	38
0	186
601	224
251	445
0	0
84	719
9	719
33	0
0	214
11033	225
3	0
0	13
0	13
12	235
0	270
41	362
0	1
0	3
0	3
10	56
0	74
12	129
73	901
0	45
126	916
0	7165
630	7167
0	2227
2399	2230
50	2463
0	2463
0	2401
0	29
819	29
6	91
0	9
0	26
534	1606
2	764
0	260
22	1234
1	534
4	137
0	0
0	0
2694	4
0	2
0	2
19	0
13	2
36	2
41	80
0	26
5	26
37	653
12	653
76	0
1346	0
0	0
1476	1
2	1780
1	114
0	1782
6	326
0	353
0	365
49	202
92	202
837	1
0	0
51	0
36	521
0	521
17	0
0	71
43	71
98	117
0	117
0	345
0	22
0	2442
373	3646
12	2589
0	2885
6	2498
0	1691
5	2935
1142	0
0	0
0	0
0	296
20	130
0	146
0	146
0	296
0	0
2	1
10	0
163	0
0	10
0	8
6	135
0	135
845	4819
99	4819
6	0
110	1227
0	914
0	182
0	426
0	389
0	0
1798	298
0	269
2	269
0	297
216	85
0	4
0	4
166	0
221	0
519	85
0	83
0	0
0	0
82	130
0	72
0	130
0	519
90	604
143	20
144	20
8	7
177	478
12	336
8	231
438	5
1911	2188
26	1789
1978	2188
0	39
475	274
0	235
163	0
12	103
979	8376
0	6417
0	6432
5	4456
95	8595
1806	3
129	751
0	751
426	192
1	114
2	7
0	14
0	26
0	134
0	24
17	35
0	12
69	0
20	52
0	0
0	0
629	0
0	0
0	0
144	0
6312	3
16	455
17	551
0	189
0	537
1435	247
102	0
0	1378
0	1385
573	4974
0	0
0	4974
0	1
0	1
865	0
2018	15
0	2
0	789
0	315
0	120
0	0
0	13
502	676
0	224
65	293
0	289
0	0
0	0
328	557
6	420
2	137
583	0
586	184
0	38
10	0
453	1237
31	135
0	0
0	1181
23	1250
152	114
1	56
759	0
85	204
0	0
94	5627
145	5759
61	474
0	474
53	0
0	658
0	677
0	438
902	1291
0	2033
0	2030
0	1546
0	5043
3	4861
12	3984
0	5060
5	4887
0	5023
0	2037
0	5081
0	2033
179	3324
17	3324
0	397
5	318
2	501
39	775
2	1190
0	428
13	896
0	1127
22	138
0	533
63	1399
299	114
0	114
0	35
9	253
150	253
0	335
0	410
31	561
0	561
3048	3
2260	0
13	87
0	87
0	41
8	41
0	3
3956	326
45	319
28	1078
11	1202
1	1226
9	883
0	726
0	567
0	1078
4	836
27	0
444	0
0	0
0	0
423	0
237	8039
0	8037
1	146
17	146
0	21
0	0
0	0
1892	500
0	497
0	0
103	57
3	28
0	23
0	51
0	0
826	12387
0	7913
211	1278
0	206
0	0
0	0
0	497
1624	1405
418	488
0	488
13	1133
337	10487
84	10488
96	9223
27	284
78	284
71	693
6	98
0	43
0	693
0	429
0	265
0	43
10	171
8	940
350	940
0	0
624	0
6	234
664	234
136	105
0	1
0	105
38	0
52	441
128	441
153	3830
0	3611
243	3799
1158	705
0	0
401	1899
0	1898
11	43
1100	1
0	0
3	0
4077	10
0	29
1660	12742
0	392
0	12736
2	11598
218	79
12	85
27	85
2811	915
0	63
2064	15
0	252
261	2102
0	2018
4	2198
1225	0
0	0
38	132
0	96
0	45
222	0
548	0
0	1846
0	1503
449	1140
0	375
5	415
12	1036
71	1300
7	1300
0	108
0	0
2	108
44	0
2067	869
18	31
0	528
0	440
5003	5
0	131
29	0
132	610
75	607
941	1
1785	7
1110	115
0	115
0	0
4	0
0	1449
0	1134
2	2956
58	1653
167	4378
448	6934
289	6902
7	141
504	2942
128	16
2681	3591
0	354
0	1387
10	3702
0	3802
0	1403
0	0
1585	1
0	2
0	906
2697	929
40	717
0	717
482	0
41	0
0	0
1233	260
0	260
0	7792
2	1315
0	763
0	400
47	330
0	520
0	192
0	6811
16	6601
0	7616
0	0
21	66
48	66
6	17
0	3
0	14
0	523
617	921
0	398
1206	0
3023	0
51	461
0	0
38	0
0	0
115	316
60	299
0	193
0	0
0	0
0	0
0	0
674	1
70	2120
52	2120
0	213
705	104
0	104
69	0
0	516
931	517
4633	3390
3	1297
0	3374
0	0
190	0
11810	14703
0	270
3047	276
13	152
69	124
83	0
156	152
10	13
2022	2711
0	9
0	2709
0	2651
5	2658
0	459
866	776
57	664
0	679
92	351
0	351
102	0
164	41
0	12191
6565	12197
4043	235
0	232
0	8955
0	9653
0	4594
0	9180
2	150
802	857
0	857
42	0
0	83
138	793
33	793
0	7
0	7
0	7
3	20
0	7
0	14
374	221
0	57
0	125
0	637
0	105
0	644
7	673
163	957
0	471
0	868
17	158
398	1976
0	1875
4	0
3	467
517	18282
32612	17939
0	1
0	80
0	0
140	85
0	0
0	0
2795	7
52	222
545	347
11	78
0	202
0	0
9	602
0	2507
13	1103
304	2700
0	1829
1294	0
0	3
8	3
0	2
93	2
41	28
0	92
0	44
21	92
250	108
589	748
0	748
469	1537
0	311
0	312
73	0
0	357
2	6708
158	6828
16	27
4	27
0	27
194	0
824	0
82	0
0	35
0	5
0	16
0	35
0	35
993	0
0	49
425	119
3	96
17	2
20	2
0	0
0	0
179	679
0	679
8	25
95	0
0	383
0	891
107	999
0	811
0	381
85	1082
0	13
0	1082
37	0
2620	741
0	741
4	4095
0	4096
0	3654
3	0
282	2255
21	287
0	65
0	2237
0	0
494	1761
0	358
0	1742
0	1761
0	0
605	818
0	818
0	90
0	43
0	142
4	353
0	306
54	60
1170	1168
15	1227
0	0
0	0
0	0
99	89
0	89
0	53
99	119
0	119
0	67
11541	23479
1	66
0	374
0	0
504	56
0	23379
270	345
0	345
379	951
0	356
1	781
0	152
829	788
7135	2
2280	343
0	248
0	251
3	318
126	2107
0	798
0	471
191	2107
0	0
0	97
113	97
4	3537
5984	3540
13	30
49	30
0	0
0	0
0	0
0	2401
0	4547
0	4410
36	0
868	183
0	182
0	21
2908	262
0	260
9	53
0	778
1029	787
22	31
48	0
0	31
506	127
4	0
3	271
0	307
0	62
0	271
5	305
0	0
0	1
47	1
198	0
0	0
78	204
1	206
6	485
2	539
0	192
0	168
24	497
0	0
82	2990
15	2990
75	3
107	1954
19	53759
2	21035
179	6877
2427	58682
780	0
5	3754
9953	9722
376	464
0	464
131	591
3	554
2	0
75	333
122	1084
736	1007
1837	1
1186	42
0	40
2911	1649
30	1632
37	66
0	66
0	43
55	24
1281	0
40	0
0	47
0	47
6	4
0	4
0	349
6	430
0	332
170	20
836	83
3	83
365	722
0	175
551	0
172	0
0	0
0	0
28	0
0	4581
35	8993
5982	9686
1	9085
15	51
0	51
2	0
122	40
4	39
0	12
72	3
0	3
54	72
1007	264
0	209
22	193
7726	7
7	0
15	385
7	139
47	2025
0	8
208	2025
9	418
538	18
0	432
1022	164
0	160
81	3
230	7
0	7
2035	17221
70	17219
30	0
60	172
5	172
0	75
0	0
6	0
535	119
0	56
29	119
30	22
0	14
0	15
0	9
0	15
46	25
0	25
66	1495
0	1495
0	32
0	32
0	32
5	3
3	189
0	188
50	517
43	517
530	1477
0	1476
115	1
0	511
219	476
0	1162
2	1305
0	1249
0	30
0	56
0	60
2675	1
2954	1138
6	366
9	1105
0	0
0	0
0	97
2	38
6	100
4201	3
5	2
6947	5906
1985	179
0	179
0	6
82	6
0	6
0	0
669	48
0	47
3	248
794	474
0	353
4	23087
30	30812
179	32174
0	20
0	20
0	162
76	162
0	0
7	11
2181	1
4	9
0	17
0	17
8	18
0	18
978	0
10863	392
37	391
0	63
16	631
3	466
92	2311
0	643
1	2311
0	0
0	0
326	4
0	4
0	2820
0	580
0	14427
3	18627
0	586
682	23554
528	2205
157	2205
5	73
0	72
0	34
0	70
1061	4
71	1851
0	1657
0	502
4	1981
0	0
65	105
0	105
1329	1366
0	1366
33	1205
0	300
0	1205
1959	7
46	8
0	4
529	0
3171	11
0	0
0	0
0	0
0	0
0	0
0	0
828	253
0	253
7090	8
761	1772
0	1597
0	1772
0	1597
9	9
3	9
2	840
0	427
0	161
0	592
0	610
15	481
0	214
0	598
15	556
1661	1
294	0
4014	3
0	0
1138	1255
0	871
80	606
15	0
333	0
204	0
12	1
1441	5519
4	5641
242	2
4	4
1041	3
4	13
0	13
83	528
4	84
1	265
427	696
25	206
14	731
40	337
0	74
0	101
0	169
75	169
0	79
0	5
0	5
0	5
480	0
0	6
1	6
576	735
0	733
10	0
1045	2
12	0
448	2350
98	2350
594	0
2	0
0	0
156	0
4078	1
38	0
0	0
0	0
0	0
0	0
0	0
0	0
0	0
2558	3
21	1092
2	1531
46	3609
12	3430
0	474
0	919
90	919
336	539
0	539
46	1040
0	74
130	1074
35679	5026
0	3545
0	1454
0	170
0	133
0	147
0	167
0	163
0	167
0	0
0	0
0	0
0	494
0	624
0	624
152	122
181	0
614	365
32	0
18	0
37	37
1	37
2341	160
4	15
226	296
0	273
0	29
1896	923
0	13
75	23
0	10
0	0
0	0
0	0
2	65
0	307
0	3
0	3
0	6279
4	16923
7387	6313
21	16954
0	3189
307	2
158	467
0	333
0	0
373	0
5	484
0	296
3726	1621
175	1226
0	554
1	0
852	1968
5	860
0	729
0	1932
0	0
0	0
0	0
1933	1193
11	72
31	1
0	1
3	0
0	0
2	10
0	3
0	0
3	0
14	0
0	0
9650	8
0	52
3	52
0	33
1	12
0	12
67	1164
0	729
341	1307
0	0
41	213
156	519
2	40
608	502
0	406
26	455
4	4
0	4
0	19
220	1
4	20
458	0
4	0
0	0
451	897
0	0
1158	447
0	404
0	406
0	109
116	1884
0	0
508	1884
0	53
208	275
0	275
0	49
0	1
884	4
410	527
4	527
26	92
0	92
7	1974
15	1922
0	1845
19	237
2	237
0	130
0	27456
2	1243
1041	1243
0	458
20	46
26	46
189	1695
938	1695
0	30
1468	2
11145	7259
7183	20
321	2189
0	463
0	408
3	519
62	2240
0	6435
0	7149
2	0
2758	5853
0	982
0	5680
0	5025
0	5023
0	5690
0	5226
0	4657
0	5780
0	4603
8	5661
0	195
38	200
29	194
14	305
0	305
19	59
10	59
101	6936
501	0
189	1307
0	1305
2	665
0	497
206	645
87	0
8	3
0	3
74	224
89	224
0	10989
0	0
1567	0
0	121
10	198
0	1
23328	21
12	2
31	15
4	13
1260	90
0	89
165	0
1147	676
543	394
13	5300
0	4351
2560	1356
0	1353
122	2678
0	105
4	2678
0	0
8	79
0	94
65	7177
328	2631
0	1654
0	1879
0	1410
65	6766
0	210
0	195
14	20
2844	0
341	0
0	0
0	0
0	0
614	0
7403	13
0	167
0	280
450	377
0	312
191	318
0	77
94	225
80	179
0	181
0	181
5571	1938
565	1479
0	3
0	0
0	3
0	3
3	0
68	0
2	1222
0	190
10	51
0	104
0	179
101	0
353	242
1741	526
113	6068
21	6916
95	6753
0	6817
16	6107
0	6816
162	60
0	22
0	1
0	38
0	336
0	84
0	314
0	0
0	82
207	82
257	1493
12	1493
13	0
54	270
0	270
5565	5
5174	5
1	752
0	712
3413	4
2013	0
0	23
6	23
0	8
15	31
0	0
0	0
0	306
1594	308
3629	15
0	87
0	87
0	87
0	0
232	12
194	12
81	0
1978	2
3	4
29	1618
6	1685
0	1549
204	1
77	2735
1	438
0	363
1795	2735
143	792
0	792
1	82
0	21
345	264
1	209
0	0
5669	9
0	0
9	353
19	353
222	3070
302	3009
130	0
0	0
3757	0
0	0
0	0
0	0
0	8
30	8
774	1925
0	978
667	540
21	503
3	164
0	0
27	0
500	1676
0	64
295	816
9	75
0	741
0	0
1031	58
0	58
0	0
0	0
0	0
67	0
98	0
541	131
54	130
97	1639
3	1639
33	327
3	327
188	660
0	0
921	596
101	592
13	550
0	3046
5	3120
0	1328
1736	3613
99	3059
0	3074
303	3051
597	2141
45	2141
0	0
2165	2
0	0
1488	0
140	79
0	37
3	63
2415	8
2382	325
0	323
3064	149
0	65
16	173
100	4397
0	1010
8	4398
0	4158
229	6977
17	45
0	54
0	50
0	32
8	15
1	45
8	0
100	64
7	23
76	23
1	262
370	252
5	252
0	0
9	1156
289	1154
4	1146
139	6938
0	0
1198	2
583	4119
155	161
0	211
22	4144
297	269
8	0
0	433
0	0
9	94
6	74
4	23
444	0
47	117
0	66
0	241
35	497
0	497
8	33
7	33
172	686
0	0
327	5607
0	900
591	5423
54	703
1014	2
454	2306
0	2306
0	0
31	0
87	2
0	2
99	6936
68	43
0	3
0	0
524	1065
0	1065
6380	7
12	54
0	51
0	33
0	33
178	27445
136	27163
194	27896
3	27044
227	31404
343	26918
43	0
0	0
0	0
0	0
0	0
0	0
0	0
308	1449
214	0
0	0
0	4
15	0
31	0
5057	122
13	1
2	117
90	0
948	0
0	61
13	322
46	570
330	570
2369	1
0	682
208	682
0	0
1509	0
0	143
345	332
54	332
91	0
31	0
0	0
668	3294
33	2359
21	434
0	542
21	542
1319	2051
395	2049
0	740
4	5637
20546	6188
24	6164
0	0
0	66
52	2689
0	66
1019	0
0	403
958	403
46	0
0	0
95	7
0	7
0	244
0	45
4	582
0	604
2	55
5	78
0	59
5	48
0	7
737	6
0	0
0	0
739	7546
5075	7266
0	0
0	0
0	0
760	0
26	59
0	126
221	351
0	315
5665	10
8782	7
153	0
189	6674
0	0
0	0
0	0
0	0
0	0
0	0
50	112
12	112
0	0
0	0
0	0
22	0
3	7305
0	7048
7504	1886
0	529
3	1346
136	2
0	2
16	242
2146	242
0	0
327	12
4	0
271	937
0	293
9	0
0	56
45	847
91	891
3	891
4	51
0	51
132	92
102	92
4114	2
0	497
4	497
0	123
241	123
0	5
0	981
202	3011
1964	2835
50	2746
0	1085
0	881
135	0
7805	335
3	329
11	0
1015	0
14	1369
471	3841
19	3841
507	233
1	233
0	213
5	213
0	84
119	85
0	91
0	67
0	145
867	277
0	86
22	777
0	788
0	732
0	70
0	296
12	296
949	0
10	2640
0	76
8	1592
8	16520
1	11490
0	16136
0	16142
0	0
33	0
0	0
0	4
55	4
19	0
27	83
2	88
135	13
689	244
0	150
0	244
155	0
55	329
0	329
3034	2
245	440
11	0
387	440
88	0
1073	1
0	0
0	0
0	0
0	0
0	0
2362	8
16	1
193	4569
335	4569
946	269
0	187
55	187
1	1628
610	1628
905	137
12	186
0	48
5	55
0	186
5	0
0	0
12	0
2	9
0	9
7062	4491
0	4486
38	3553
0	1462
1	1552
0	1689
0	1138
1704	1165
22	529
16	1162
0	188
16	329
732	4236
0	1443
0	2019
0	0
0	0
0	0
9139	5
326	395
141	0
273	151
0	46
85	420
0	85
0	0
5	37
521	122
1966	447
0	229
0	215
275	600
56	526
3216	3
0	229
0	37
4	782
3	100
0	765
0	510
0	281
0	280
71	708
0	262
0	149
13	77
0	86
0	199
6	3333
2725	11828
0	6704
2	0
1342	1294
0	1294
660	2
1846	1232
119	0
52	21
32	3338
119	449
0	55
0	142
2	95
0	3338
139	1712
74	488
0	31
0	31
67	457
1620	1023
0	226
6	341
181	341
288	9289
3004	9293
0	8
907	9000
0	5472
5	0
3	103
0	75
211	0
0	213
0	185
0	259
0	252
0	180
0	252
53	155
0	18
0	33
0	33
0	627
0	1323
0	1287
0	692
0	387
0	136
46	0
14	219
0	219
0	181
1171	222
0	222
147	168
2	133
0	18
0	159
0	159
0	553
141	553
3006	4789
55	456
0	149
25	246
0	37
0	246
3609	2
0	2115
0	1462
905	2135
73	0
728	0
0	0
0	0
1257	2030
0	0
1	0
0	0
173	0
0	1687
2956	4236
0	4233
1	20
0	20
519	787
4	442
0	742
75	124
0	124
8	689
9134	701
1255	89
0	88
145	134
3	186
2035	188
50	10329
3044	6765
0	8630
0	4595
0	575
0	4814
0	4767
0	2316
0	1538
299	2550
0	588
0	15718
40	15718
239	104
3	24
0	104
4	0
25	20
479	20
0	31
238	554
119	17
562	407
1	407
558	3816
0	168
0	133
0	3549
9	3696
0	0
0	6009
3008	6016
1124	608
0	608
33	80
7	707
0	707
265	1323
8262	1329
0	344
39	1285
0	1186
5	287
0	60
1276	350
60	0
0	0
0	0
0	1804
0	75
3	2091
2	1839
0	1978
0	2007
0	1
0	1
0	1
10	45
0	27
0	25
0	10
24	230
0	210
0	100
0	4
0	15
0	15
1	213
0	239
0	0
48	4
0	4
54	0
337	971
87	3108
41	4
414	1737
0	42
0	70
0	1737
3	378
0	363
1114	1954
5074	5684
653	2428
0	702
4212	6
158	1542
1	57
0	6
11	21
30	1543
0	0
0	0
284	130
4	40
3	65
0	234
42	255
22	255
0	1
0	0
291	460
2956	6
476	4340
0	4340
0	1498
149	1498
16	119
28	91
1169	673
0	471
1	617
29	100
0	100
1607	2
0	520
0	994
320	2179
0	846
9	2095
1878	6402
0	6402
15	9
0	9
17818	4476
7	0
1	71
0	38
0	55
253	0
62	109
0	109
0	0
0	729
0	231
28	1094
4768	1891
1119	0
0	0
0	0
0	0
19	0
11	68
0	13
0	13
0	0
2	371
0	371
0	0
1390	1
4418	6
21	27978
104893	28212
22	6602
109	75
2	151
33	118
2719	8
0	844
207	844
55	161
41	260
9	0
0	0
35141	5044
2	5007
108	1059
35	320
169	916
4703	12
943	3076
58	3051
0	0
0	133
233	134
3518	244
190	312
56	102
0	329
0	127
0	0
0	6
0	3
0	0
0	0
72	0
70	85
560	98
1273	1
0	7
1	106
0	106
675	0
15	42
66	49
0	7
0	42
63	0
0	5
0	5
0	67
127	77
26	5
0	83
0	72
125	173
0	173
70	606
6	327
9179	935
3127	11031
0	11009
0	2100
887	386
1118	834
0	834
274	232
0	120
12957	13
54	690
0	286
0	516
0	611
9	0
0	3290
3458	3266
11	929
48	643
1996	1838
95	120
0	11
0	86
0	1831
59	125
424	921
3	921
1953	307
0	62
0	0
0	0
0	4
24	15
72	200
0	185
119	0
7	678
17	678
0	0
58	1
0	0
0	0
0	0
0	3
2	3
0	835
716	836
19	65
0	9
0	4
0	63
57	11
0	11
630	4
3320	2296
0	393
0	0
1	230
1294	7610
0	1949
38	730
2	6608
564	0
533	616
7	27
0	589
38	39
0	43
0	10
0	204
0	25
0	155
0	209
0	216
78	153
480	274
0	18
34	48
0	0
401	167
88	3298
11	2108
1223	3298
52	1928
2978	996
0	934
0	1093
0	1271
38	31
0	31
3089	5
164	0
1268	1
832	1104
0	1096
256	470
0	612
164	1462
302	2717
21	11979
161	2958
1	12041
9	11987
45	0
48	0
57	285
1	393
21	411
187	22
0	22
25	61
0	61
7	61
1	554
3367	468
287	406
10642	5419
0	5404
3	523
93	321
196	657
23	234
1	233
0	242
0	0
104	381
7	381
4659	1749
0	243
33	1506
7278	3
194	0
31	482
0	449
49	132
0	134
0	123
4	363
0	65
143	338
0	896
311	896
2938	9
714	245
0	244
0	165
39	245
0	246
270	109
61	743
32	743
698	0
1866	266
134	3
80	95
0	94
0	1
0	57
1386	10777
103	10821
0	4
0	0
3	0
1	8
0	8
0	3
0	0
0	0
4257	583
0	580
169	0
169	62
10	62
0	492
657	1182
2	1116
18	80
1584	1592
0	106
85	853
293	1604
0	1176
258	1599
5070	39073
534	40405
0	23104
0	0
0	0
589	4423
0	4423
30	14
12	14
1	2704
0	1789
33	3450
8	2945
0	2737
16	0
1	0
0	1108
0	53
326	1108
9	20
0	23
0	23
2431	289
0	288
916	286
0	30
0	256
143	37
0	37
10	6574
31143	16372
159	1241
25	13216
0	1876
5	159
0	286
9	151
16	97
154	164
1	67
0	808
50	808
285	808
0	0
78	0
0	231
98	1067
0	150
0	986
602	4
1786	738
7	733
0	2
2032	1
0	4
1	4
0	3
0	0
0	6
0	6
3	6
0	6
205	0
99	1745
0	405
158	455
0	0
222	1
0	4
238	206
0	207
2	137
83	145
124	1976
199	0
1	0
846	613
0	482
0	121
0	18
0	24
0	95
0	95
0	47
0	95
177	1199
4	212
0	277
0	2168
547	2168
0	1533
233	1533
0	0
0	0
6	22
0	208
0	220
789	403
3	133
1091	148
0	143
733	137
33	51
0	58
4	0
859	0
16	0
958	2
9	26
0	7
1311	7
34	1499
937	1499
24	565
0	425
5	1672
94	1784
581	235
0	25
30	25
0	35
0	35
2942	1025
203	425
71	600
2196	114
50	107
564	680
0	164
205	2067
0	675
0	337
0	2062
39	37
0	1
76	168
165	930
0	1
0	907
0	891
1	958
14	0
32	0
0	0
132	429
0	429
3241	86
0	85
0	94
610	211
0	117
103	1119
10	1119
48	1119
1303	1
7	7
14	0
161	11476
9	10813
1148	11192
20	36
0	2
0	34
2869	1479
0	5
0	81
0	37
4	159
14	11967
903	11967
82	0
0	1274
0	277
0	1484
3	1533
39458	61
119	318
110	318
493	311
37	146
1	305
0	2
0	2
0	0
35	158
16	3
0	158
113	169
6	169
0	0
0	0
1	26
0	26
9363	3
43	7
0	79
0	46
0	257
0	263
0	0
264	2531
28	2531
0	1071
1837	1856
0	647
0	430
0	84
27	50
1078	84
2910	0
0	0
0	46
0	122
171	26
0	26
7	0
8	16
0	10
0	16
1472	81
0	81
596	0
0	0
20	0
0	0
10	1008
223	1074
0	90
4	1287
29	678
15	678
4344	4992
0	1677
109	2125
0	0
0	0
13	171
31	113
5	166
13	25
49	25
0	5
16	26
0	22
0	0
0	0
0	212
485	212
2126	2
78	1584
7	50
27	1431
0	12
1140	0
395	0
80	563
74	563
75	652
0	578
0	652
1	53
0	11
119	5
11	5
1	172
2	312
140	312
30	29
0	29
19	0
34	182
61	182
0	28
74	456
0	62
0	440
0	3048
86	3048
8	0
23	0
0	0
1150	2
88	230
0	230
2347	44911
100	44906
80	4
28	292
0	271
62	575
0	575
512	2107
30	184
156	2107
5738	9270
1539	1
179	2789
6	2789
0	9
7	157
20	147
2052	1
0	0
0	5
7	5
0	0
1555	3
1084	50857
653	10140
0	9701
29	51294
0	110
0	1351
0	2736
1696	2749
0	83
556	237
6374	1
0	0
185	444
0	444
25	8
0	0
2	208
1640	209
917	3
7968	4
119	17
0	17
39	1606
348	1606
43	3
0	0
0	0
1497	564
54	564
928	776
0	776
0	0
0	0
0	0
220	92
0	92
7	1077
0	55
545	55
1	577
137	183
4	134
178	2
2115	0
132	122
0	69
624	191
39	976
0	159
13	975
0	33
0	80
0	48
0	216
0	33
0	772
0	22
0	110
0	3770
0	3794
1	3634
0	0
30	44
0	37
0	7
555	5673
5	5673
0	0
0	30
4	30
0	114
542	413
0	63
0	132
0	413
0	11
0	11
52	3700
66	21
1104	217
0	217
0	136
0	203
51	2491
0	1298
0	1298
70	2422
32	81
107	81
210	0
115	29
0	21
0	17
92	49
0	18
0	31
0	31
0	182
1	0
0	0
0	0
0	3460
1	50
22	3496
1331	0
0	450
49	767
206	15
10	41
98	41
194	828
0	828
564	1
496	55
62	55
599	0
0	76
107	76
0	0
236	48
0	48
943	203
0	202
0	0
25	0
3157	3
0	35
214	35
1221	1261
29	1256
0	0
34	8
5	8
0	0
79	180
29	180
3708	1294
102	13
0	1293
0	1281
0	581
362	105
0	13
0	92
292	0
97	515
3612	515
71	229
154	154
106	40
0	39
149	0
33793	41
25	153
0	153
0	1
0	1
207	0
200	4702
3	42
123	3910
32	4402
3	150
5233	6
0	37
0	93
0	2
0	78
0	90
0	94
0	64
0	117
35	26
0	26
0	26
5446	10
19	0
24	14
48	54
14	122
46	122
347	1
0	174
58	174
7801	5
1016	129
0	125
22746	25
906	3
11	0
707	4249
0	988
0	1035
0	603
0	41
0	559
0	595
0	594
672	2596
368	2591
639	0
1170	0
180	175
0	173
0	130
74	541
0	176
0	23
0	89
2	2777
0	40
1632	472
11	470
1434	0
0	7
53	0
1373	2538
0	251
13	2311
58	1030
453	5686
62	5572
4618	17061
26	17060
5	11538
65	0
466	1
581	0
199	37
0	37
2126	1081
93	1081
0	14
68	260
0	0
15	8
0	4
4660	8
0	0
116	0
1582	189
0	189
141	74
263	74
4	16422
0	7579
0	13493
44	13053
0	15639
28780	22718
0	12914
0	2230
162	2098
0	1557
1686	93
0	93
33	70
421	1586
263	1046
0	100
6	1693
1390	486
0	7
0	4
0	15
0	8
0	166
124	166
0	65
748	65
0	141
705	141
0	312
5	216
0	258
0	397
8	226
35	39
0	1738
6	355
0	1673
1930	3
0	1
0	0
38	2
189	0
35	447
9	320
5	484
10	484
153	3
0	5433
0	5604
35	5604
42	31
0	31
0	0
779	0
168	0
23	48
9	110
405	784
6	61
0	774
1420	1589
0	715
0	1555
1879	0
0	12
0	0
0	0
0	12
0	85
11	195
77	1218
82	1218
2647	2802
0	2802
143	0
553	1738
0	377
0	612
1602	3
338	803
0	985
3461	2061
1	2060
572	204
0	204
169	866
0	3308
2	518
0	8048
9	82
0	7200
0	7132
1696	7769
435	1068
51	42
0	42
953	0
239	2
0	1
1797	0
3374	956
0	943
248	1082
3	1081
129	295
251	34
0	33
117	2
6	1531
61	1663
0	1677
0	1738
10	1564
0	0
0	0
2	0
0	3
0	3
15	0
0	0
0	0
0	0
0	0
0	0
0	0
0	822
0	619
0	825
0	820
1330	799
3	799
83	0
0	2
0	0
0	2
0	0
0	0
959	3
101	735
1	735
91	88
0	88
21862	2059
0	0
4346	0
128	2311
13	2311
82	160
0	160
0	14
0	156
0	52
0	158
0	156
176	97
238	99
0	23
23	24
1	0
12	265
17	265
67	0
66	446
0	446
274	3
5466	7934
0	7925
1	0
363	3653
0	3653
0	8525
1	9474
4797	51587
0	41707
0	51597
32	0
1960	4
26	4
258	1634
0	1702
0	0
0	120
0	26
4	229
555	2420
0	2367
1	203
5	203
41	606
36	412
2	353
1	570
255	0
5	1
0	1
0	0
0	0
7	22
0	22
978	0
1379	3
0	317
127	317
31	828
0	828
0	817
957	749
65	31
86	735
12	704
1	9
0	6
0	2
0	2
0	6
0	6
1332	1130
113	1130
1286	3
0	265
46	6056
0	5873
0	0
0	0
43	1485
0	843
337	2090
0	1896
0	527
859	827
6	0
1284	16
106	340
0	309
9	290
504	318
0	4
0	0
0	4
3903	9
0	0
0	0
1	5
0	5
0	5
4116	8085
16	851
0	573
0	7805
580	7488
1083	0
2	0
0	741
2764	2333
0	2448
26	2249
272	0
0	462
0	461
2	471
2	478
0	515
1506	1472
0	1459
1894	0
262	10414
2840	10417
25	3204
5	576
1	455
24	5775
0	4922
0	5519
181	0
0	163
0	163
415	0
2536	570
0	568
1	11
5	85
0	85
162	245
0	101
0	153
676	36
0	33
50	2
3	2
955	603
48	602
0	12
0	12
0	12
218	2957
20	369
37	2957
3	0
0	0
0	523
0	5161
170	5419
2	76
0	17
0	64
24	76
0	41
91	780
0	1543
1	1685
0	0
0	2
25	2
0	87
0	19
0	11
15	88
15	167
39	10
0	4108
79	4257
0	67
0	254
0	0
0	0
188	3306
133	2987
0	83
0	140
16	278
190	1570
31	1519
1	206
573	1
263	1598
2098	1596
0	192
0	60
16	193
10	2530
0	21
3	708
0	886
390	775
170	2182
10	2182
0	2369
37	2253
0	482
117	243
7	1994
1182	0
2678	3
1257	2422
6512	1059
952	8
1738	841
0	835
0	42
54	0
8	288
98	1143
0	1143
22	18
0	17
0	15
661	2
86	1655
0	1655
17	1
0	1
0	570
0	0
2134	3443
0	3442
0	3428
483	0
460	133
0	133
222	9
0	9
19	401
16	91
0	381
7	14
0	224
393	224
0	2
4	2
0	0
2	103
158	103
309	389
134	389
2738	898
0	897
0	42
111	52
0	52
118	354
24	1978
0	1978
5	1702
420	0
825	0
1571	0
9	0
4	83
47	139
2	141
1207	722
98	0
121	441
83	1772
138	1772
162	133
12	48
0	85
6	922
692	1224
617	2
23	0
83	205
8	207
0	45
63	78
513	23
13	23
3363	2047
0	1924
0	1894
0	2021
1	32
2	32
0	28
0	32
646	103
0	103
23	0
42	0
4780	2
2544	53
6	57
0	57
943	6541
0	350
0	289
3168	2240
0	0
0	0
2	0
17	1
0	1
0	135
59	135
72	81
43	23
0	55
614	295
217	110
7	0
125	0
34	16
2	1
0	15
6	0
0	244
0	254
8	254
435	1058
45	0
0	1031
119	2840
0	2957
0	2736
1339	1
1207	5
735	0
969	45
0	45
296	1
23	4
0	4
0	0
867	904
37	904
25	161
908	592
0	589
0	0
0	0
2778	2720
115	2720
1256	3
0	0
445	112
0	112
15	0
794	0
57	53
3	299
0	168
0	525
0	308
0	143
5	703
0	1066
0	76
792	76
443	0
18461	3282
0	3271
4659	280
33	275
3	0
93	0
1454	0
157696	131484
475	2
31	16
0	16
0	16
0	0
0	0
0	0
52	0
0	203
4448	213
4405	696
34	694
0	2096
0	2670
5	1184
1375	5109
0	24
0	8
5	29
82	485
9	116
0	31
0	31
0	0
12	347
793	348
933	4
0	0
86	221
0	221
3	219
0	143
109	143
0	0
0	0
6510	4
18	0
438	3
1227	716
0	654
0	493
186	0
266	255
0	141
15	292
30	0
195	119
0	119
0	86
25	5257
0	5258
0	5066
14169	7
0	156
0	26
0	369
0	185
9	308
0	0
0	1
0	1
0	1
323	1
50	828
337	1338
13	1072
129	0
0	0
3119	5
261	250
1449	262
427	0
0	31
0	27
26	42
0	42
0	6
0	6
0	6
28	746
14	779
4810	11635
0	6691
729	11819
0	11819
3121	743
0	731
309	3
0	3
1463	0
204	1
0	0
52	60
0	60
0	0
0	0
0	0
0	1756
770	4714
0	4709
0	4709
5014	5
1659	9
21	1001
2026	1415
0	1415
201	2181
0	2185
1968	1
4	21
0	21
558	22
2130	396
5	395
238	132
0	132
1428	0
316	58
0	58
0	223
5	305
0	55
109	1326
0	1224
4167	2
8	0
0	671
0	677
0	710
0	712
0	690
69	0
0	111
164	478
0	367
11	10
56	10
778	185
0	149
0	976
0	925
0	11
0	925
35	914
558	73
24	73
0	0
4	0
0	0
0	775
1	533
3	1123
1053	1466
4	974
0	201
81	201
1950	3
217	491
224	39
0	837
435	836
2	7
0	7
546	1278
0	0
232	81
0	81
0	81
3	0
236	1394
472	1361
432	1361
93	391
31	391
240	1468
0	1468
21	652
347	995
4609	1
1378	1555
0	1554
0	0
31	0
1439	0
0	461
2563	639
0	0
0	0
10	66
124	66
5727	646
0	639
832	459
0	311
0	459
1027	0
11	100
74	67
319	561
0	557
58	562
104	113
36	43
0	4
0	0
0	0
1	383
0	387
0	0
0	16
137	0
0	0
0	0
1747	2
52	74
0	74
241	9
0	12
32	1885
1	1885
0	0
0	8
0	53
0	8
26	53
32	41
0	0
0	0
50	205
1098	3415
9	1596
0	3404
1	1984
3694	1784
0	514
57	602
88	683
480	783
0	783
75	193
26	193
7538	14606
27	51
0	0
0	0
0	36
0	9
0	7
0	36
0	14
0	14
322	0
151	20888
92	20894
0	979
2	15426
0	6
0	5
35	11
117	33
5	898
0	574
0	0
1154	3536
207	0
63	0
34	0
71	3233
0	3233
0	2583
0	3284
4	0
0	0
0	171
0	192
0	472
0	524
0	0
0	2117
143	2117
69	0
0	5
197	7
0	0
463	2721
0	2443
0	2769
19	0
1314	3
1	0
0	0
0	0
0	0
0	0
735	0
305	740
10	0
970	140
0	139
33	0
16	52
395	1020
22	96
22	46
41992	49
0	35
11	35
7524	8
0	24
197	169
9	167
0	43
0	192
0	168
0	0
0	0
0	0
27	174
0	43
0	174
1351	0
0	29
0	74
1571	107
5295	12020
14	10945
43	123
0	123
6547	15
2658	3
0	1
0	1
0	1
0	62
121	192
0	238
9	244
4	244
0	1357
116	1190
10	1585
35	2835
53	2785
0	0
345	0
59	57
19	12
1	45
1804	3
594	1912
0	178
121	1902
1476	3
3	2576
2	8933
18281	11519
1	0
89	2200
327	2862
4	659
46	147
673	385
0	10
4	59
35	304
0	82
7	62
0	268
0	82
178	282
0	3
2	3
0	3
3	3
12	30
148	30
2	0
0	0
8	0
13	0
8	0
3	0
440	220
0	220
350	2122
883	2122
1	0
18377	16
106	167
0	59
0	93
0	96
0	94
0	69
2400	458
0	229
3	354
8	47
223	47
0	0
6	0
0	0
0	0
271	730
0	583
0	583
733	136
4	136
818	1532
0	242
5460	1054
0	1045
0	100
0	62
0	100
0	144
13	210
0	156
6231	3651
0	0
7	1060
13	166
11	953
887	0
7	58
0	99
23	0
0	778
2049	3292
0	3274
11	2962
2180	944
111	88
1	18
0	70
0	0
7288	5632
10	5597
0	5596
103	5253
0	5616
0	596
847	1144
7	522
0	551
0	1099
13	331
0	630
9	476
675	770
5	239
387	3044
342	3044
0	0
352	303
89	58
17	58
8	8
0	8
2301	1256
0	1256
47	821
568	821
14	37
1959	419
0	396
489	19
0	400
965	172
46	172
0	0
771	5539
0	5539
0	0
0	0
0	0
11	0
48	147
122	1634
25	1586
1	1520
45	396
0	0
146	0
0	0
0	145
85	145
752	1
833	303
14116	1697
90	0
2702	1089
11	257
6	827
2479	206
0	205
0	2475
17	2400
0	173
0	2445
2	2234
329	2652
0	3
177	3
2	2139
237	1761
209	1778
23	403
803	403
0	1
0	0
2481	0
227	51
0	50
4056	95
4	90
0	91
4	81
6	34
417	2898
0	3444
0	7153
0	7235
49	2914
0	0
0	0
1170	609
0	188
6	43
0	43
13	79
0	48
0	25
0	88
0	84
1	110
647	2622
29	907
0	2415
5	0
929	0
20	109
779	109
0	163
18	3972
66	4541
46	992
0	3300
0	3649
1194	0
9157	2073
0	2065
95	958
0	958
758	0
55	45
0	45
855	5762
0	2719
7	4322
0	1374
0	0
91	0
0	0
0	0
52	0
0	0
0	0
0	0
0	0
4	48
80	48
0	0
12	0
26	0
0	811
14	117
25	209
14	811
3787	568
0	565
3302	2416
0	754
0	418
0	1288
0	64
0	117
0	176
185	171
3	163
20	3841
49	3841
0	2919
0	882
0	10
0	2252
16	2892
0	1689
22	2869
0	1229
1379	1229
0	0
0	0
0	43
108	43
1	0
57	89
0	89
92	0
34	3
0	3
1616	3
803	1
2	1283
0	1340
0	1227
1	0
22	116
0	116
390	2
5688	458
0	456
58	1996
16084	2009
0	866
0	999
0	2009
1424	0
4397	7
0	66
5	1512
0	65
0	1831
0	1829
7	943
0	105
0	66
30	287
18	171
4	145
33	225
0	1
7	896
0	819
0	684
0	387
0	40
9	40
3396	2227
39	1971
4	1812
0	0
4	0
0	0
0	0
0	285
35	363
66	436
7	1294
25	204
0	2763
6	49
33	2830
0	1294
0	1317
57	472
0	295
0	507
0	0
39	0
39	3510
0	540
13	3698
31	192
0	169
0	62
0	0
0	0
0	0
516	1
61	70
32	70
0	0
17	0
0	0
36	28
0	28
372	1
138	0
0	95
366	95
81	1062
0	1062
491	575
2179	110
0	107
0	904
0	197
6	323
0	1027
181	1145
219	281
0	53
32	240
0	1
0	10
0	333
0	275
21	1244
110	1266
3	1217
0	1198
0	0
76	0
0	33
0	22
0	29
1326	3290
0	3290
37	67
0	67
1	7
0	7
155	51
0	0
16	0
118	19
6	0
0	4514
0	5037
0	2553
7	0
1602	1823
0	732
192	1523
1802	0
15	18
3460	2
0	410
38	0
29	410
445	49
0	46
0	0
23	0
0	0
0	70
535	70
76	152
0	79
5	152
844	149
0	147
0	0
1500	0
0	0
120	1
0	1
0	4
0	9
272	7
0	6
0	981
0	185
0	577
0	633
0	441
359	1463
78	902
4	362
44	426
0	426
0	0
15	1
454	610
0	447
0	594
0	609
0	4
0	0
0	635
0	1186
0	1641
0	1238
0	242
0	186
81	242
0	0
0	5
0	5
0	0
0	0
0	1
0	0
0	0
0	4
50	11
0	11
4	0
0	0
0	225
141	323
0	591
281	914
142	198
0	198
307	1414
0	99
0	1414
0	444
4	277
0	518
198	962
2631	5
486	1673
0	1673
0	0
0	0
95	454
0	285
70	3603
1	5399
3	5112
0	14
0	24
200	0
1023	2
0	383
2490	400
0	105
57	3557
36	3557
25	3097
0	4
43	385
28	394
0	394
0	175
15	440
41	495
0	21
0	8
35	33
0	7
0	12
0	8
5250	5
265	765
0	773
349	2
41	4033
137	3413
0	309
751	3680
0	3686
0	831
0	3146
143	0
12025	9126
0	9121
31	48
114	14
0	14
0	0
0	0
0	8
0	4196
0	5292
6848	24920
717	22204
133	204
88	204
2802	1398
6	194
0	67
0	118
0	1443
0	0
0	0
0	0
16	2637
0	133
2	490
370	2637
256	0
0	0
1	6
0	211
652	910
0	932
0	4
119	13
7	0
0	988
0	7839
0	8026
18	7854
0	7831
1	7660
9	7019
2	7750
0	8153
416	673
6	253
83	140
896	1929
4	1928
465	38
0	38
0	0
67	1231
29	1231
295	13
1	13
11	35
104	35
9	3
0	3
0	83
23	803
0	806
44	1
72	535
0	535
0	17
3	0
0	0
38	236
429	0
1766	31
0	31
0	1
0	1
0	0
0	750
445	1076
0	477
0	798
94	1055
6	0
352	0
519	1342
2187	932
16538	9236
237	9204
1610	68
0	68
0	179
1267	458
28	194
0	264
4634	5
3850	5
2	18
58	0
0	230
1	135
0	243
0	118
0	317
4	223
0	184
39	769
0	333
4	841
0	553
194	0
17	0
2514	5
199	748
0	196
0	709
15	830
0	646
2326	4
1239	0
29	130
0	0
0	0
0	0
0	0
0	0
7	51
0	32
0	0
0	139
52	139
14	9
0	8
0	1026
0	742
0	944
27	1255
0	1255
24	1290
24	1382
24	5606
16	5760
2	1302
129	0
46	513
0	148
0	513
238	497
92	497
1858	0
447	0
20	0
926	47
610	0
576	350
0	81
11	426
0	153
643	153
78	681
5	681
3539	1
0	0
15	0
0	385
906	391
844	0
110	0
2	7
0	0
8	0
9079	5
24	447
0	605
36	57
0	736
182	4584
20	47
36	553
146	4606
0	2507
238	2522
142	2519
0	321
0	12
0	323
0	314
0	327
1097	88
57	84
723	4398
6802	4409
0	4
0	21
0	19
1107	2464
0	109
56	109
0	1666
0	580
3195	1667
5771	3512
31	3493
22	3492
96	115
39	0
0	115
0	0
2666	3
143	676
708	538
0	394
6	752
2	444
57	2606
2891	3750
0	3707
575	2314
1631	2
12	0
490	2667
45	1813
0	96
12	1813
493	2652
0	79
0	124
0	87
17	151
85	1232
0	373
5	1135
1	781
1	0
477	2918
9547	5
237	2220
0	6
0	6
103	0
9	0
0	47
0	68
0	1
0	0
74	69
0	41
0	201
1710	1093
49	870
4229	1
1	217
1984	3179
337	0
44	1194
19	1194
5547	5
799	278
0	278
0	29
0	29
57	1060
1162	1060
0	0
0	59
23	169
237	408
0	6
0	368
120	298
816	299
3	0
5964	331
0	22
496	1373
0	1373
0	0
152	379
0	379
0	0
1	87
0	110
0	87
8	110
0	110
347	0
2835	651
0	645
75	2047
3	2047
791	0
0	0
80	0
778	0
2	0
0	0
0	0
0	0
0	0
1115	0
4	15
0	0
0	0
417	762
160	210
0	777
44	804
218	804
55	133
682	59
0	59
26	175
345	175
293	513
5	3
0	510
196	0
160	902
0	827
0	820
0	932
0	911
39	669
0	79
1	669
6331	2
584	0
0	76
30	76
22	0
159	0
14	1656
338	1656
0	19
1	19
0	19
0	76
0	86
0	75
3	87
4	1791
0	1791
3761	1
65	0
1226	3975
0	470
0	2546
13	690
0	2695
256	448
0	3718
3	3802
0	3718
0	3579
5	87
27	87
6	15
0	15
0	4
0	4
35	515
0	384
2783	686
4	204
0	161
0	747
75	747
36	0
120	540
181	573
924	3362
0	3418
3117	4
0	142
5	115
17	1339
20	1339
0	0
0	0
0	0
0	0
18433	9831
433	836
0	314
17	431
14	431
13	112
0	112
1832	0
543	0
578	609
0	187
0	220
0	609
5810	4
0	7
0	0
0	0
0	7
0	4
478	0
23	0
98	0
2	244
0	150
0	10
171	55
1258	0
0	0
173	0
13919	3797
81	1168
552	0
2	0
17	47
0	47
2159	0
709	0
0	24
0	7
17	384
391	375
26	4139
0	4139
20	280
0	279
4	279
1	287
0	279
31	1486
4186	1439
39	350
0	64
10	348
0	373
515	98
0	98
681	1
1	271
35	271
0	3
0	3
95	100
20	1237
103	210
2653	3
0	115
833	119
19	270
49	256
1	88
521	0
0	153
0	230
34	293
202	0
12	0
249	3790
2	323
28	3594
259	420
0	420
10169	425
20	419
345	1582
0	45
0	1619
59	284
186	2
44	0
0	0
0	0
1039	3
0	847
0	486
0	87
0	48
773	2232
15	1871
0	919
102	919
3	0
0	0
0	227
180	1881
0	1931
0	1865
826	797
425	798
3653	4778
0	259
0	509
0	0
1483	287
0	14
0	287
0	0
2	0
0	23
17	6045
0	6045
0	274
4078	5985
124	0
0	0
0	0
682	4511
2	4510
0	1244
5562	6
193	0
1	0
10	0
66	345
0	245
541	511
0	0
3	5
0	34
0	33
14	439
0	0
7	0
0	1
0	5
0	0
1735	0
0	0
0	0
0	1843
0	1873
6	1888
12	1911
0	1201
0	0
937	274
0	272
14768	6858
7	6835
134	1546
300	1546
91	6
0	6
6	31
1836	32
0	0
0	0
0	0
0	1222
0	579
0	1245
11	600
342	1233
44	327
35	16088
6	283
0	16286
0	526
35	3423
1903	3468
1	468
9	0
0	0
946	0
59	696
0	775
5	822
950	15419
145	9218
72	8263
56	15144
16	25
12	1140
12	5915
0	5876
14	5828
22	5923
0	414
0	320
0	341
0	295
107	0
0	0
0	0
12	0
2612	3512
64	1232
0	3508
3573	7
0	0
1	0
10	1384
100	1384
61	0
361	1464
0	1463
510	2
40	500
1984	500
0	0
0	8
0	8
0	8
0	8
0	8
5	818
18	607
50	815
0	378
0	386
0	414
10	392
0	351
48330	34
60	78
75	78
0	30
0	204
21	869
37	869
5	38
0	857
0	0
87	207
8	129
28	0
6	9
0	0
114	114
0	114
27	1744
43	1744
0	1742
65	3205
582	3205
0	0
0	267
1101	561
0	236
27	2622
0	155
0	170
183	2511
0	0
0	10
0	9
7	12
0	0
8999	3294
1	3289
0	376
22	557
2	559
205	561
15	559
0	67
0	59
73	124
32	50
0	48
0	62
0	0
166	5
1684	1040
0	1040
874	3189
185	3189
0	0
0	0
2194	35
2	31
5021	12
0	2
50	4
0	1657
37	1679
0	1539
0	1505
0	1092
0	1002
0	9
0	0
3	12
0	0
0	0
4	0
0	16
0	55
67	71
91	1665
468	1666
699	1355
0	1355
28	1406
0	1476
3	408
0	119
10	196
11798	5
4017	10502
0	3481
0	6359
3	4174
1520	1
147	6246
11	3026
749	1874
146	5932
0	0
0	8
636	1930
0	381
0	170
0	164
0	80
89	2560
686	6
0	28
660	0
0	3
1	0
3	0
10	9
0	0
0	6
0	3
0	10
0	0
0	9
0	2
4	28
0	28
0	28
0	13
13	121
859	122
128	0
0	0
0	0
58	1015
12	1015
120	959
0	959
3081	500
8	486
17731	12
12254	3253
0	297
0	1118
0	3062
29	424
0	76
0	1468
5	3598
0	3560
85	1260
0	682
862	3
27	3
3968	4705
285	4786
8	3601
0	3997
382	301
0	131
0	290
0	184
0	199
606	307
385	5527
252	5526
0	0
0	0
349	687
308	85
28	16
9	53
0	78
0	53
0	1
0	0
11	1
130	57
0	57
960	1796
0	1796
0	0
0	0
5	0
0	0
259	222
56	0
14	689
0	310
344	332
0	191
665	4847
299	2947
41	1675
0	997
127	1176
0	927
3	3281
12	3673
0	3681
7	0
0	0
519	0
0	0
0	113
680	1085
16	0
0	661
0	661
0	661
0	561
241	0
0	45
8064	262
0	210
210	3495
0	895
978	3497
0	0
0	0
8	1450
0	1152
1	1086
121	55
3	530
0	331
25	522
4	579
1398	2123
63	1811
512	1162
143	1162
369	0
0	744
0	273
1176	772
1	277
26	1160
0	760
8	74
10	146
67	146
1	71
0	71
140	72
0	50
2	4
2646	1138
0	1134
6531	11223
1626	2
0	0
0	0
0	10
0	10
1091	0
3149	8
72	9
10	7
9	4
0	4
0	0
0	0
0	1458
0	1522
0	1392
0	1544
0	1470
4	552
6	552
81	400
0	492
0	407
0	492
1	0
29	1
9	0
1	0
0	0
0	101
97	846
0	694
0	708
4	867
0	206
71	216
0	159
0	159
0	144
0	1252
0	488
35	1153
4	1153
244	844
0	841
3	0
0	6819
13	7331
0	1536
1696	9165
0	10
0	10
16	57
339	57
261	2456
200	3268
46	2990
0	0
0	0
33	0
0	0
64	102
1	43
1682	12763
53	12750
17	661
4	3214
0	12742
13	15
0	54
0	2345
23	41
144	2347
75	0
0	17088
6	11764
0	12864
18	17088
10	90
408	90
50	0
43	372
0	8
20	91
138	5
4	149
0	2071
86	3284
0	3234
0	3387
2220	1
0	3
0	269
191	555
0	225
0	162
0	767
2471	771
1027	824
0	824
8	1
0	1
0	1
3	1
258	148
0	148
2614	4473
0	4563
17	1011
634	4
1774	4619
12	140
372	229
0	89
13679	3
6	4157
6185	4161
794	2
50	449
0	173
48	443
0	367
441	1684
0	373
0	1330
269	323
1	323
0	40
14	40
731	2148
0	2148
534	0
50	6489
0	6489
0	37
790	37
2420	1598
23	1531
0	1179
205	3626
6	290
0	3258
0	3574
0	7428
572	7428
1973	2652
0	1474
0	2335
0	0
0	0
56	22
0	0
0	0
0	0
0	0
0	0
0	0
0	10
0	10
85	0
440	1
0	0
0	0
0	0
0	0
7135	13
6	4
0	4
2	887
2206	888
0	2
0	2
11	2
0	62
7	62
0	51
3212	148
0	87
7	60
67	25
0	10
0	25
58	989
40	989
11528	17835
7	8292
0	17830
0	208
0	24
0	208
126	0
484	0
103	1790
0	1790
0	2
0	0
0	0
0	1222
2595	1254
0	2969
3782	2973
668	609
38	603
66472	42
0	6470
3109	6504
4	319
58	381
0	984
0	750
248	984
670	1277
731	1277
211	70
0	38
4	32
3	2335
37	2335
0	2335
0	0
0	0
0	20
3	20
1442	2
4	0
71	0
3	6
46	62
0	46
0	62
0	0
0	0
5	39
0	0
0	39
3176	3420
0	3420
0	11
2	11
0	56
4	1347
8	1331
261	1202
0	1202
0	354
779	1
0	8
0	8
0	8
0	8
0	8
0	8
0	8
0	8
2	0
465	2533
5	1062
744	0
58	5
0	849
21	973
0	0
184	706
0	706
2	42
2	42
0	11
390	0
139	636
9	756
495	163
0	163
0	0
0	2
6458	17
0	6
2	277
77	277
1424	3
107	1213
6	1391
0	211
44	125
0	53
732	333
0	32
1196	0
2	639
0	362
0	119
61	615
0	508
9	7
0	7
758	0
921	2
291	464
0	392
7	438
0	402
0	392
0	383
0	394
0	397
312	0
0	2
0	2
6974	3
12	0
0	19
0	19
76	19
0	781
0	470
0	478
28	841
0	794
0	0
0	0
0	0
15813	5286
0	525
16	4394
211	1704
227	1692
0	1135
69	137
93	1135
74515	21569
0	2989
0	16234
0	0
0	3136
2003	3136
4	3131
7838	15894
0	2798
101	15796
3194	3
394	101
481	1447
2713	2
5	10
53	10
10	20
0	20
2570	9578
125	2833
0	8841
0	736
0	0
0	0
206	0
13553	20
4498	2
256	16
0	16
0	867
84	867
104	2910
0	3407
0	3522
6	0
1107	887
3	883
0	11
0	11
0	2313
0	1777
0	2894
0	2788
1220	0
1364	782
14	0
0	0
365	0
465	560
40	140
665	5540
0	1350
0	4839
459	301
0	11
0	11
58	658
745	658
597	0
15	1256
0	1082
1	123
0	123
0	144
0	115
11	167
4	1734
5708	198
0	187
381	445
5	71
0	424
1548	2009
0	2009
38	2009
0	215
7	215
1373	2
19	2803
0	84
2771	289
8	247
2377	1
240	0
9	0
0	0
350	0
0	29
0	804
0	1744
69	2190
0	2207
0	2218
0	0
364	1789
0	1789
150	110
0	110
99	322
0	74
6	62
0	0
638	252
0	252
0	0
0	0
0	0
0	0
0	0
0	0
0	0
1	914
0	4304
86	4304
12	0
471	0
9699	693
0	689
127	0
6	0
0	0
0	6
0	0
0	6
0	134
0	477
0	499
164	0
1396	0
41	84
0	3
0	69
19	84
275	255
2	0
0	524
143	546
60	513
71	542
32	0
211	0
75	1026
0	910
9	1024
8713	622
146	603
42	0
0	854
7	854
49	473
0	446
6	473
24	25
1451	809
0	774
0	34
0	474
0	460
9	443
10	630
0	708
0	18
7	582
53	660
186	0
0	3
0	0
0	3
1298	895
0	895
0	0
22	44
3	2
31	93
0	93
7	2124
159	46
0	0
0	0
0	0
0	0
179	99
1572	0
111	428
0	85
3	881
0	772
0	884
0	759
4517	10647
1276	598
13	438
2	92
14116	3845
0	1610
693	668
150	1648
24	22
11	3
24	3
1119	126
0	119
3	73
67	34
0	5
243	0
9	22
0	22
7773	0
0	0
0	0
5815	0
1236	407
0	2
0	405
0	250
0	0
0	0
0	0
12	29
0	29
12	662
0	565
24	413
154	185
0	273
306	714
0	311
16	272
0	76
0	157
0	1287
6	363
0	388
0	1266
2931	0
6012	6766
3597	6764
220	539
0	187
12	539
22	0
73	1
0	1
1188	5391
184	5391
106	1
9	958
5	958
29	3598
485	3743
137	77
0	77
116	565
0	565
3188	2
920	0
355	10948
202	10948
1229	118
0	118
1224	244
581	244
305	75
5410	484
0	298
55	222
1573	2
68	529
0	3767
4	368
311	3709
3250	2236
39	459
0	62
85	0
0	380
100	315
0	301
0	497
2240	0
2829	185
0	181
20	64
0	0
0	1791
84	1807
27	72
0	71
142	389
14	11
11	102
937	1995
0	1983
0	882
1650	887
0	132
35	136
2	188
64	0
11	0
764	1433
122	1433
1099	1843
3810	1
10	130
191	269
0	42
0	170
0	170
1701	866
0	832
0	749
0	0
0	0
0	0
1258	0
3924	14
266	731
0	97
652	731
13	207
3	50
49	4
2897	6
0	16
171	16
22	40
0	6
0	0
0	0
0	6
0	6
0	0
87	0
0	18
0	20
25	23
442	6538
196	6538
0	830
182	830
210	5826
54	6244
0	4821
2741	4
36	0
1628	480
17	479
0	0
65	3409
59	3409
0	160
2	61
0	27
0	160
0	0
0	0
500	0
233	0
1372	1802
0	1732
0	1796
0	1729
0	6
0	6
27	73
0	146
679	206
544	294
21	12
4	8
4	12
0	16
0	16
48	0
58	519
11	605
0	605
0	0
83	0
0	114
1323	114
157	35
0	26
0	35
3	28
0	12
30	12
0	0
0	0
0	0
0	0
0	160
0	707
0	1150
10	1213
0	1119
0	1125
442	927
38	4659
15	4639
0	2412
0	1
0	1
0	1
4	3058
0	5
975	3777
0	2830
0	92
23	354
320	412
33	388
1	388
105	12229
2507	12232
0	7846
0	8415
0	5576
824	0
1195	2
69	640
6	625
38	318
148	1
13	0
0	1786
23	4051
545	3804
0	3432
0	2932
0	3432
96	55
0	1993
0	333
1120	1993
515	0
703	19
0	17
61	969
0	39
13	97
0	3
0	959
0	960
0	18
297	215
0	161
5	227
0	179
274	0
29	0
0	92
40	95
2	0
578	132
8	98
0	5
0	7
1	31
115	5
1223	1982
0	4551
8	100
330	4551
11	42
891	2
0	24
94	24
4283	6
182	22
324	3861
35	172
0	58
0	0
0	0
48	0
1	27
2	4
0	189
0	165
0	146
0	189
0	7
122	8
164	175
7	74
846	0
0	2
0	2
0	0
0	0
3174	7
3006	914
0	914
179	256
0	6
0	250
102	24
0	24
17	749
3110	745
12	152
1564	0
95	1
17	1
100	356
27	126
100	366
1	85
0	28
0	356
0	0
0	0
0	0
6713	925
0	254
2	665
1	0
2383	144
0	142
0	6732
0	10031
2	4542
567	23330
0	22962
163	0
4210	1049
0	1045
24	1042
10	951
0	859
0	4
352	87
0	0
105	46
0	46
0	0
2	0
234	1199
0	53
0	1199
0	1170
0	53
27	53
6	0
289	1
490	772
0	0
0	0
119	229
28	229
0	0
0	6
0	2
0	0
0	6
0	7
0	6
0	6
0	6
0	7
114	1451
32	1451
0	0
0	0
0	0
0	0
13	151
1	424
0	193
0	382
0	0
0	0
194	0
3	64
0	0
0	64
70	28773
14	7421
297	14566
3	24902
0	23293
378	0
0	6
0	218
452	218
4554	8
3544	14
1256	3839
415	323
185	404
0	404
8	0
14	6
60	99
16	99
167	108
0	104
0	0
0	0
0	0
0	1245
0	207
749	1238
76	1077
0	0
96	46
0	46
0	2
175	0
4	8
6372	3
0	0
0	0
0	0
11749	1962
0	1955
130	72
5068	3
0	267
0	78
1	13
0	20
0	252
18	260
95	211
112	211
1515	5
20	0
0	55
15	422
0	422
0	422
0	5
2	5
0	0
0	0
0	0
4	0
0	0
0	0
0	0
846	1
0	351
3086	353
0	61
22	61
65	0
0	1859
7	211
0	1779
0	2223
0	1971
0	77
26	2131
0	2566
421	3820
0	3615
82	3092
0	2358
0	3407
0	2117
39	0
13	32
7092	5410
0	137
0	1230
0	2311
0	3349
4	0
0	146
925	2850
217	2849
0	31
0	205
991	639
0	638
0	232
91	3
0	3
298	296
26	306
0	199
0	89
69	89
10	553
318	553
0	0
0	0
48	0
0	0
4	4
0	4
0	0
0	47
0	1107
35	1138
10	15
0	5
0	2
0	11
0	6
0	0
0	0
3107	1225
1	1219
0	0
0	0
8	1881
0	462
0	1855
5671	1072
17	11
0	12
0	3
0	12
9	70
0	11
17	78
936	0
24	0
392	1009
0	1009
67	1009
90	1007
676	0
307	539
37	550
0	0
3623	2100
0	1312
0	57
0	208
186	602
2206	715
6	714
0	1122
640	5373
102	5441
63	0
344	7
13	25
0	3
0	22
0	3
0	3
1801	5
139	55
0	12
5	0
2	0
0	0
0	879
1520	880
0	12
14	95
1	95
0	0
0	0
93	326
61	326
0	121
1	13
1	121
0	5627
19047	15198
0	1817
1715	15591
1	370
4169	1344
0	392
1	841
1	2
0	0
234	4350
0	55
0	0
5	4350
0	0
0	2315
5	76
127	76
0	177
7	152
392	150
0	537
2249	538
674	4662
251	4662
23	112
18	182
20	180
101	77
0	77
12	0
0	0
4	26
0	67
0	67
63	0
0	6
159	168
0	157
0	0
0	0
437	0
368	0
56	117
1902	120
0	0
564	1748
80	1748
28	579
0	591
0	591
0	0
0	366
0	49
2	471
0	0
158	27
2	27
32	316
15	316
3002	2
1444	74
1913	4
1135	1
0	6
0	6
43	636
38	636
0	0
0	0
0	0
0	0
0	4
0	4
539	1203
0	621
333	0
0	0
1793	3
349	0
33	1033
0	24
0	1909
12	1874
6	1854
0	1
0	1
0	1
0	1
0	1
13	138
283	483
727	472
15	0
683	0
128	1229
0	56
0	1201
4149	12
21	0
0	0
12	15
0	15
1	0
0	102
866	221
0	119
29	1347
1199	1347
141	124
0	124
0	0
0	0
0	0
0	0
165	2874
0	276
0	238
0	614
0	105
0	789
0	521
0	2878
1	1199
38	951
59	931
0	335
11	1801
11278	2858
5	1796
5	1763
0	1775
8	2347
21	233
0	75
80	233
0	502
102	502
0	0
0	0
0	1
0	1
14	41
2087	0
636	5952
214	2372
0	5950
0	0
0	14
3	41
0	49
0	28
0	0
0	4
0	4
0	4
719	46
0	45
23	18
0	18
782	3
4465	9
184	633
0	604
0	609
0	31
0	474
16	474
0	439
36	45
3	0
0	0
0	0
0	0
0	0
0	0
2514	3
0	363
0	487
21	522
12	356
718	0
5	350
22	105
0	104
302	332
788	0
4	6
0	6
0	6
1168	401
40	0
0	0
24	76
0	8
0	8
0	0
0	0
0	0
5	17
0	108
188	125
0	57
0	6
0	5
0	6
0	7
0	5
0	0
545	1213
3	1211
2	0
1577	0
293	0
0	88
347	2
34	2
557	539
0	30
0	45
0	399
0	512
0	23
0	180
11	183
0	167
0	6649
0	681
83	6649
280	1
259	0
0	0
0	114
0	189
60	427
7	394
0	356
0	367
0	37
1	0
31	1073
68	3384
0	675
12	809
0	505
23	3031
0	205
0	194
0	214
74	425
7	210
0	351
0	360
7094	14
71	195
0	101
0	216
7	559
0	599
9	595
21	1160
0	0
0	0
0	0
0	301
789	301
0	0
926	0
0	7
0	7
0	7
0	0
0	0
0	7
107	0
30	2
0	2
166	2776
64	2776
2	0
103	1056
0	671
140	433
0	481
1508	82
0	59
11	60
3392	12192
4844	12194
0	0
0	213
1633	217
535	0
46	4
0	278
1	63
0	656
3	206
0	855
0	921
214	1108
32	1092
0	975
0	972
11180	3086
3	3070
0	0
556	147
6	147
44	42
0	37
0	37
0	19
84	37
0	0
4	65
0	62
0	61
0	16
0	390
174	671
0	602
12	5686
0	273
1	707
5	5404
0	0
3	20
0	20
0	0
133	37
15	8
0	8
859	3836
25	2712
25	2837
4	372
0	0
339	693
26	693
182	0
1666	2
0	2182
0	155
0	237
1186	2138
21	1907
0	1166
0	1369
1	1433
0	1174
0	3
0	0
0	3
0	1
0	1
374	0
861	0
0	0
0	0
680	1
70	7
0	7
75	72
10	11
95	11
37	611
0	616
11	616
86	2
0	33
0	1
0	33
0	732
25	707
0	671
22	2278
156	5836
0	5836
0	0
1179	0
6191	21210
0	2102
0	1167
833	0
22	63
0	27
771	128
0	91
0	128
53	5548
12780	5554
9	163
0	6
0	6
10	0
0	0
0	0
0	244
13	154
0	354
8	1053
2816	944
0	827
215	0
3119	3
0	1513
188	1519
1153	0
905	9579
106	4835
203	9461
1	508
20	12
0	498
232	1580
18	1580
1269	0
179	94
0	94
2674	1750
0	1749
59	0
13	0
0	718
3	678
95	547
0	96
74	98
97	72
1	0
0	71
1181	72
296	0
888	1676
0	355
335	760
0	760
4746	966
0	960
0	301
0	255
0	35
0	301
0	1436
0	388
0	3651
0	3702
47	3368
0	3411
0	3791
0	3466
0	3551
0	1005
1	212
0	193
0	189
12	0
3	1
0	1
4	257
0	163
2285	421
2	828
10	828
684	56
0	52
84	38
0	0
0	38
0	83
0	135
157	483
0	103
0	115
18	160
2	1043
0	1043
40	0
122	490
109	490
644	0
0	0
7615	1
50	186
283	186
1	92
0	72
133	0
117	3270
3143	3270
0	0
0	0
0	0
256	810
30	837
39	838
0	571
0	0
88	0
0	82
14	82
117	103
0	103
0	45
0	1
2	6
7	1
0	26
0	0
0	26
0	26
0	244
23	414
827	258
409	0
67	0
0	203
17	203
13	0
0	134
42	134
0	198
0	196
0	198
120	0
11	27
2591	138
50	138
419	0
73	0
4816	5920
3	5916
0	496
0	486
1	500
0	497
12271	3471
2	3454
1874	220
28	66
15	152
17	4
0	0
90	8
0	8
307	0
0	0
3145	6
306	2242
30	751
0	215
60	2395
9711	5570
0	5562
0	2931
550	2931
0	0
0	2
1237	187
1	187
2591	30
0	26
0	700
0	38
20	0
0	568
46	611
7	5
34	921
0	59
2038	510
0	244
0	411
2	318
0	219
0	0
0	21
9	21
0	0
0	0
0	0
220	228
0	226
0	226
33	931
729	1279
467	1263
12	1290
1736	1397
145	13
0	13
607	0
0	127
0	85
16	306
7	78
0	0
340	0
67	41
0	41
37	1882
62	1893
141	0
0	0
544	487
35	0
1142	2810
0	2131
1168	320
16	1433
48	221
0	203
0	3186
1	1607
2	433
7	12022
3	3280
0	8323
30	12255
100	12255
24	0
0	0
23	1500
0	1500
0	1481
1269	844
295	353
0	815
0	810
0	777
20896	12
2612	144
65	143
0	208
74	0
99	208
0	68
452	11
21	8
0	8
85	0
55	130
117	130
0	512
8	897
0	880
1	897
2	5
0	5
0	0
0	0
12	0
0	161
233	161
1440	0
0	1328
0	1197
143	1341
444	0
2613	1178
30	410
0	1118
0	470
1710	450
0	450
1835	118
0	116
52	376
0	376
41	0
1	64
1942	2422
0	159
197	2430
0	0
0	0
0	0
0	26
0	0
4	26
0	5
306	2414
1548	2416
0	280
0	451
45	1711
413	1711
0	579
852	117
70	1852
789	2548
0	0
701	1431
0	65
0	215
0	0
0	1118
0	1453
0	4
20	132
0	132
97	2694
34	2553
0	1833
0	2705
22054	19
0	501
182	508
5	691
29	565
0	0
0	14
0	14
0	1
0	13
4	13
4117	15
0	246
1	250
671	250
2	156
0	156
0	9
0	148
0	139
0	151
18	147
0	151
9	96
21	196
0	162
682	831
0	587
0	315
1376	2563
0	2561
0	0
0	10
25	10
795	0
1	2
0	2
381	247
0	247
0	442
3607	1269
18	824
1749	516
0	0
0	45
56	46
1051	1267
0	1321
0	1290
1	1271
0	75
0	20
2	75
0	0
308	222
0	220
0	172
4	0
0	0
517	91
1822	0
915	0
307	0
5	14
0	13
0	14
0	0
0	0
1584	2
0	0
2	0
0	0
0	0
53	371
20	371
26	2985
8	5
0	5
82	0
10	2
0	0
0	4
0	4
1220	2405
1736	2405
194	1680
3	1680
55	580
0	936
0	912
0	911
0	880
0	879
0	0
711	382
0	440
0	5044
3	5431
0	5558
47	3560
6	1
0	1
0	0
0	11
0	11
0	0
1918	289
39	289
0	63
0	60
2696	119
0	0
630	119
22	117
7	73
5	73
9	949
0	0
0	0
66	0
76	5436
4	416
6	6962
34	7023
0	7048
5218	2
0	23
0	191
79	214
225	988
0	43
20	83
0	988
0	498
49	729
0	694
0	1
0	1
326	1
47	133
65	133
0	5
0	5
33	73
0	8
0	0
2	8
73	0
0	0
0	0
0	0
4	9148
8	5598
66	9150
0	0
0	0
20	112
0	552
120	660
0	472
0	184
0	1959
17	1959
34	554
229	63
30	7
2	7
10	1629
15	1603
1	1563
20	0
0	179
0	5757
0	10414
215	10414
0	5772
6	283
359	283
2	22
0	24
204	167
0	68
0	27
6	172
26	0
0	0
0	0
0	0
708	843
0	0
3956	4452
38	4447
0	4
2	4
0	139
4	828
0	150
0	829
0	802
35	505
85	505
2186	1841
0	1703
0	0
1121	1859
16	255
370	1787
0	0
352	58
0	58
108	262
0	30
22	292
18	2360
23	381
0	284
0	2302
0	2286
553	1112
0	2
0	9
0	11
0	7
0	0
564	0
995	1949
11	1949
5612	5
10	435
154	435
65	1157
16485	6277
487	5116
0	35
19	35
0	4
0	923
0	229
0	269
3	162
12	85
102	1192
45	194
522	195
28	61
3	61
0	17
0	185
0	897
11	912
21	911
7	0
0	0
0	823
30	2051
119	2135
0	2135
2433	1064
0	350
0	714
2	2394
0	1
0	1
1	862
1120	1331
1	504
55	2841
311	395
0	57
224	370
0	0
72	340
17	330
244	324
131	563
0	1582
1998	5398
0	5398
0	2827
0	3432
2286	3891
6	1253
25	2419
0	738
7331	2907
11	2905
195	2330
0	2330
1	30
3	2
0	28
2967	2
0	0
0	0
2136	0
3257	940
9	758
0	1114
381	8252
18	7090
0	2
0	503
0	508
0	531
0	525
0	1047
273	1047
0	0
0	626
0	114
30	652
0	86
0	0
571	0
1092	23
173	871
1	83
0	109
215	980
1503	2
2	11
0	11
20	0
175	171
0	171
0	3
5588	2010
66	1085
0	916
16	0
0	0
3	0
2726	8
0	0
4387	3731
36	794
0	30
0	794
14	5
603	6
0	6
2351	7
3143	0
2297	1426
0	0
62	2900
78	630
0	144
0	630
3898	4
0	734
561	1160
0	6
1	16
220	22
0	0
0	0
0	0
596	0
10	23983
16	5980
113	4538
0	2217
340	4176
17	22706
0	22628
0	315
96	762
0	661
28	9
0	9
11	2780
0	189
365	3950
23	3950
20	0
100	231
0	769
30	769
6	5
0	5
0	1
0	1
156	2
199	303
0	297
0	29
99	0
0	75
0	75
78	0
1527	1
114	144
138	114
0	114
0	75
0	4
43	2540
0	2610
0	2457
4	2512
5	2537
160	426
0	0
1	0
6361	13
32	47
3497	713
0	705
3615	128
0	127
1004	1
0	0
0	1
0	0
5549	11
22	311
1586	4123
0	1
97	747
6982	1863
2831	3
21	31
21475	13
261	3
0	17
46	106
219	282
0	0
0	24
0	46
0	42
0	42
828	0
5578	10
11	1943
333	690
0	180
0	592
82	56
0	56
0	4
4	4
10	0
1627	2685
0	2694
0	2694
0	1966
178	2860
0	2893
383	174
29	174
0	963
362	5711
0	5885
8488	18420
44	312
0	312
0	311
1	0
535	1618
0	1617
0	632
95	632
0	0
13	32
16	2747
188	245
6	245
0	0
0	0
0	0
0	0
0	0
0	128
0	128
0	128
0	1723
0	371
0	2717
79	2711
13	0
469	71
0	71
0	0
0	0
0	0
0	1188
0	1971
0	2042
9	0
0	0
567	72
0	49
17	35
4	35
548	2751
0	103
48	0
12	0
207	335
12	336
0	263
80	2098
2	1646
0	107
82	132
0	168
1	50
0	50
0	189
1418	2187
0	4284
365	4296
0	275
4	235
17	114
5	565
4	565
2707	4
0	1069
72	1069
1368	0
685	0
3	0
1145	260
0	0
0	217
109	217
298	1908
0	1486
10	1703
798	249
0	796
264	158
237	954
0	796
787	0
0	5
0	10
0	10
0	8
0	7
14	693
14	55
750	693
0	0
3655	549
0	19
0	530
279	218
0	218
36	2
173	1667
60	305
34	480
0	1509
0	10
0	10
5219	5330
5	5324
133	0
0	0
1849	1071
0	144
0	365
0	621
0	1411
222	1411
426	2
112	277
0	277
0	0
2793	0
437	1214
294	1519
5478	0
0	20
28	0
0	20
26	96
7	102
96	754
1	68
0	754
1	0
0	0
0	0
25	6
0	0
0	22
0	595
30	721
3	533
0	3
15	4
49	60
0	0
0	5
0	60
0	14
10	14
85	201
2	201
2290	5
8	2
29	2
1750	1017
5794	8
655	1
5	1130
0	1105
0	112
0	640
0	642
8	274
0	142
0	515
47	638
1249	1236
0	1234
0	1256
1	15
0	2490
732	2490
11	7
0	7
14	79
0	0
285	2219
2	2344
7	1864
1224	145
0	145
0	91
61	1947
0	309
0	1943
2	1862
0	10
149	10
0	610
510	3528
0	1369
683	3113
0	529
0	1322
0	1496
0	45
0	0
0	8
0	22
3	0
14	36
0	36
0	4
0	13
0	13
0	0
8616	304
456	300
62	3
0	3
127	89
2	89
0	33
17	33
1199	115
133	115
917	0
0	719
236	991
69	993
11	23
0	16
95	24
0	6
974	2082
105	2080
0	55
1	66
357	7
0	7
56	296
0	296
0	296
1143	0
0	311
4719	318
212	0
39	102
1303	2959
19	396
8	228
66	2813
0	56
0	86
41	617
0	16
0	607
0	373
134	0
87	88
552	1716
612	15
82	1708
0	41
2187	1
1220	5
46	1039
0	193
11	1045
2	0
25	46
0	46
0	3
17	3
9	38
1181	1782
8	1778
783	3440
0	146
0	4
265	14
792	3448
358	0
0	7310
242	627
7996	7218
222	0
0	0
3011	1794
2	156
0	189
0	167
1113	4
582	0
0	0
0	0
265	0
12	0
0	0
1022	0
0	0
2410	1
20	0
2	379
148	382
0	0
0	0
0	0
0	0
475	3
218	118
2	118
99	4
3	4
0	104
429	104
492	1
61	5
225	680
0	674
0	1
567	1019
0	1019
0	143
1088	1572
948	1843
0	28
36	216
0	227
0	75
378	331
0	279
0	169
9	6
0	6
6	106
0	65
0	87
0	0
137	161
0	22
0	22
2	2
329	11
98	371
108	382
8	865
4	893
25	51
891	6
13	0
3101	265
3	258
0	21
13	21
4	512
80	473
377	0
2939	1021
0	9360
12019	19609
31	14865
59	2276
0	2341
0	476
26	2346
96	122
0	46
2	121
13	41
45	41
42	46
2	5564
0	3407
0	10725
12318	14840
0	6124
1140	781
0	779
5202	106
0	0
2	119
135	119
375	16187
24597	16209
26	640
0	611
0	8
148	67
0	63
0	8660
0	1484
4	8495
0	8303
0	8205
2085	509
0	509
2	4
0	103
0	155
3	218
636	302
0	162
7	20
13	20
0	0
107	403
3	84
778	1275
957	15
0	14
86	357
0	357
0	0
0	0
0	0
15	0
10	0
724	2358
0	2357
334	320
6	7
0	4
0	105
0	80
3	75
0	2
0	2
0	0
108	1694
1523	1696
1541	901
0	0
0	0
1534	1
5215	7
8	1498
19	772
1393	182
2447	189
67	162
0	14
0	230
2	234
0	0
9	0
5	0
58	4483
0	4370
0	4482
0	4486
0	0
7241	3948
0	3935
317	384
17	384
0	264
489	1
0	21
0	21
0	1180
63	136
828	1181
0	5
0	0
573	0
0	0
0	0
728	0
5	249
466	374
0	287
0	970
53	970
0	970
0	17
0	19
0	16
698	0
2318	179
83	169
0	2
0	143
962	144
0	1
0	2
0	0
0	0
9828	14
6	0
773	1563
53	0
140	0
0	0
338	3709
298	3709
493	205
0	0
2488	3289
0	2714
4	2975
0	900
180	1887
36	1367
0	1075
449	7
0	116
0	25
0	97
4	116
3	93
0	0
0	0
0	198
0	1054
0	3836
28	3549
231	2857
0	63
0	2794
0	0
550	1494
20	1859
3	6543
36	640
18	645
0	793
50	6506
3	1088
0	26
1	1193
0	646
0	0
0	0
1630	536
8	536
0	0
13316	6157
0	3
0	7
0	7
0	0
0	7
0	28
0	0
0	43
0	16
75	0
0	872
137	989
0	0
1212	3
0	0
0	202
27	183
44	0
0	116
37	1625
0	1625
14	1616
7	204
0	1
18	1117
17	0
4	2107
2116	2571
0	913
103	510
31	0
25	350
0	0
253	1686
31	90
0	1460
0	1305
0	1673
3581	4
366	252
0	251
0	0
4	29
0	29
0	5
8	2
233	5
81	21
0	21
321	1327
0	461
11391	1124
0	392
27	9421
579	10933
80	2041
248	2113
0	32639
583	29887
4819	3
0	189
0	3857
202	4216
33	3505
0	297
1	7
0	7
33	8
206	25
1192	375
12	332
16	43
5	0
0	131
400	131
0	131
898	4617
330	4617
0	4315
160	0
0	1
0	1
0	0
0	0
0	9
0	0
0	9
0	51
27	3959
0	687
0	3774
16	174
0	30
0	173
0	47
2	9
0	0
0	47
40	0
0	0
5	0
6949	4
2657	4
739	9533
0	1515
5	153
24	9498
949	391
107	146
0	60
0	146
557	0
260	4476
0	1094
0	4069
110	11
511	800
75	501
0	782
358	0
986	6575
0	189
1	2308
1	288
3	5299
13	0
2351	6
2503	16529
237	1881
0	277
177	15671
69	1548
7517	3315
0	3119
0	1055
0	33
30	1320
38	1275
0	37
6	1295
0	1337
1	1401
120	89
0	89
0	21
0	21
0	7
11	24
0	37
0	52
186	83
0	5
0	5
0	2
7636	450
0	439
223	0
0	13
0	13
0	13
0	195
120	195
1670	296
5	21
2	289
1038	1895
0	1216
62	1839
800	4
0	0
491	3851
20	3851
10551	68151
56	67491
5470	2810
0	2805
0	0
887	379
48	1291
41	1291
1217	1
0	0
45	10
0	10
0	0
0	0
0	0
70	530
21	527
3	0
739	845
0	845
178	0
0	1053
60	1351
3170	1333
53	6203
287	8944
0	8530
15710	13
0	0
3	14
33	14
241	0
5	0
30	44
98	4
0	3
82	1409
0	173
1	1409
1633	0
414	206
0	206
251	4393
0	4393
0	0
293	1
5	0
0	0
0	837
3841	840
179	0
0	7
3	0
3370	25
0	24
64	0
0	149
0	138
0	138
356	4
907	118
0	11
0	0
0	0
0	0
266	980
0	975
104	163
0	905
28	88
0	962
0	905
78	103
0	84
18	71
490	336
441	0
0	0
0	0
11	0
47	0
0	138
209	731
2	269
28	6
0	727
113	0
0	3618
73	3579
11	1337
559	87
0	2623
5552	4465
44	4308
3	3
123	0
0	3
0	0
0	0
0	0
30	71
0	51
24	101
3661	224
0	0
0	0
169	41
0	41
44	702
10	48
1043	0
185	987
4	141
1009	150
160	150
24	357
0	141
11	0
7	0
0	0
0	0
48	605
23	702
0	308
0	702
2	0
1809	1
0	0
170	949
0	1448
0	300
3259	1448
0	0
0	10
0	10
199	68
27	69
3173	1002
0	898
25	103
59	215
16	215
34	1462
0	389
21	1393
18	172
122	173
0	38
400	0
46	2735
0	2928
0	1367
0	2916
85	711
20	711
33	2705
0	687
42	2374
6	21
0	21
40	0
24	14
0	14
0	266
42	230
4	225
0	248
0	0
0	0
526	406
0	599
32	309
0	505
0	306
113	814
0	2
979	506
0	506
7	0
19	16
0	94
1347	713
0	92
54	3
386	898
12	421
6	251
0	354
0	204
0	0
2501	3
2561	6284
0	0
0	0
0	9
0	12
0	12
446	626
0	0
0	626
5	594
0	787
29	829
96	877
0	186
156	186
309	0
249	224
0	224
8	263
0	263
1501	985
3	984
164	931
10	947
11	46
1	31
0	110
56	414
56	410
30	189
0	132
0	189
86	0
19	242
0	242
271	180
0	16
0	64
0	73
0	73
74	127
3	14
373	245
9	365
5	24
6	151
0	0
80	151
165	92
0	92
1324	0
32	0
1292	166
9	5
12	1496
7	1496
0	0
916	1
0	0
29	0
46	25
11	25
0	1006
0	893
0	953
3	1011
0	10735
8408	10736
17	21
0	21
106	672
0	107
4	688
9	0
0	585
2	587
0	1
0	1
375	0
0	9
0	16
0	16
68	15
1	3
0	0
0	3
0	15
33	304
0	455
1555	2275
174	2247
0	988
2	714
0	313
72	7503
16	712
0	7194
24	0
9719	4
497	0
7	0
5	46
0	46
23	0
0	99
0	168
31	233
2085	3
463	0
94	0
0	80
116	80
397	3007
199	2490
26	46
18	46
2283	0
0	4
0	4
11	202
0	194
0	191
0	128
614	728
3027	729
138	0
0	3
0	3
0	3
0	3
390	0
21	10
19	10
0	0
0	16
27	20
2368	5
0	3
1331	1
0	111
0	67
448	178
431	7
0	770
860	1302
0	841
0	0
46	403
372	637
0	572
30	78
0	0
69	0
0	0
93	1506
212	1506
706	1
0	0
0	0
2180	323
0	322
2058	3
45	1011
4	1011
0	0
0	0
322	0
77	510
0	510
0	0
1	20
1	16
0	446
151	785
0	692
0	0
0	736
0	726
8	193
0	49
0	0
0	0
0	0
0	0
0	490
1	80
0	159
0	27
2	47
0	668
0	652
0	0
0	0
110	0
5471	61
17	52
0	145
0	120
0	101
0	115
43	127
2	0
0	0
24750	4123
0	3796
0	373
0	3922
0	3694
91	594
1	519
194	266
2	111
21	263
0	0
16	807
16	639
4	807
7694	11
44	363
45	1208
9	384
0	1423
82	1605
29	1721
1625	2039
0	1939
4	0
0	186
37	184
0	186
4651	1936
51	415
2	1924
0	154
7	298
0	298
0	44
0	194
84	247
0	74
2	15
0	13
15	61
9	237
269	237
101	72
22	72
0	341
0	1
0	31
0	116
62	1045
0	893
10	1077
0	0
0	0
1148	0
0	7
0	0
0	25
0	174
0	73
168	248
0	306
1653	1508
10	434
26	1560
475	128
0	124
0	0
0	6
19	1759
4059	1759
1	0
105	0
0	0
0	0
2761	5
293	29
19	29
0	52
2672	450
2	450
458	281
0	281
0	152
0	66
0	268
0	397
0	344
0	286
0	397
39	0
2805	1497
1	1497
3	5
0	5
488	802
0	802
896	124
0	123
30	801
241	802
5285	1038
0	1031
543	583
8	583
489	0
42	111
0	111
5	1331
11	93
101	1331
6410	2
3830	3517
0	2
0	31
0	33
150	2280
0	2555
5943	3414
0	0
0	5521
8	4884
2	1210
1040	2427
2	0
21	0
84	101
12	0
0	101
12	0
15	32
549	3838
47	675
0	0
0	3838
5	57
4	81
40	255
0	243
11	7
0	7
0	15
0	15
497	124
0	124
0	3319
10225	3323
1	4
0	3
0	0
0	4
42	32
45	291
0	291
8	177
1213	1199
0	1197
781	245
0	245
0	784
340	3100
7	13
0	13
14	0
206	437
3	437
10	63
27	63
92	123
0	708
318	708
0	363
179	6535
64	6840
331	0
249	0
11	0
0	2240
5383	3028
0	1894
4	0
0	728
1	707
0	745
0	0
749	892
7	13
13	121
28	149
553	149
71	4
5658	0
742	0
895	0
645	706
0	352
0	506
0	0
0	0
0	24
0	0
0	24
1638	211
9	207
1169	352
23	348
632	0
44	0
748	356
10	405
78	11
0	50
110	812
4	812
303	469
8358	4281
0	4273
277	316
59	274
0	173
0	227
212	3
0	3
19	3
0	0
44	284
0	284
13	279
0	279
0	279
6	262
925	4
2	1
0	0
0	1
0	3
4	592
0	556
0	0
0	0
0	0
30	24
0	0
262	2972
1623	2973
2	83
20	270
0	0
815	3
489	0
768	875
39	52
1	52
0	18
33	0
110	962
0	158
0	950
0	0
0	0
0	0
0	154
0	22
12	79
647	0
5	52
0	2064
160	2115
0	0
0	2
2	2
662	395
880	5
88	45
0	9
3	290
0	1373
453	1386
0	768
1	0
580	616
1	618
0	154
929	1516
0	504
0	1232
22	1489
14	31
7	0
0	3865
0	700
56	3865
252	15
0	0
696	160
17	162
1	162
107	11
0	0
0	0
0	0
0	0
387	1745
0	1745
12	649
0	649
0	0
0	0
99	104
11	200
62	388
8	262
11	388
0	0
1584	279
0	274
0	0
0	0
7	121
0	123
1	119
0	208
6956	3418
6	383
2	3264
2538	0
55	436
14	435
4	0
4	23
0	21
0	0
0	2062
2151	2063
0	695
14	154
0	596
0	0
0	0
0	335
744	3852
0	210
196	3764
8478	2
3	0
4	1035
0	108
51	147
0	174
0	126
12	992
211	422
5	422
8	39
136	700
0	692
0	9394
4714	9395
27	143
0	143
810	2
2463	7
165	437
727	437
1581	0
133	215
77	107
719	4808
126	4794
0	72
0	72
39	5
0	5
62	290
345	3863
227	5463
2528	7102
0	2157
16	37
0	7
3	1191
69	177
6	1181
1101	2375
3359	3419
695	3419
1	62
0	62
0	0
2	0
0	10
0	10
186	196
1	196
5	5
7370	5
0	0
87	204
528	635
5	514
2	3
0	3
946	0
1086	0
223	1207
1107	1207
0	1
0	0
0	7
906	7
627	177
794	0
2029	786
0	786
0	0
0	13
1	25
29	35
25	0
0	379
301	379
1419	319
18	317
2	302
103	3615
694	3456
0	3545
0	3589
772	0
17	60
0	39
173	64
207	1680
0	535
30	1621
0	1799
698	2106
0	2106
42	784
0	59
64	795
0	0
12220	6
29	1352
6	1352
0	12
0	434
151	435
0	112
0	55
0	48
174	55
0	0
2625	2
141	2202
50	2202
42	241
4320	118
0	116
0	0
0	0
2507	1
2	0
0	0
175	454
96	454
13	154
28	154
1	3
0	3
0	3
2144	853
131	567
0	82
1634	317
0	317
184	6392
0	482
0	6217
410	1296
15	1166
0	896
0	0
0	0
0	0
31	74
7	0
0	158
0	110
9	210
13	135
6	135
0	0
16	43
7	43
79	147
0	270
0	268
834	0
1119	0
431	717
5485	722
673	0
0	12
0	70
107	71
602	65
0	65
30	10
363	1099
2036	1100
0	0
0	0
5	1
0	1
0	0
13	945
0	12
0	947
0	405
0	31
5	0
0	398
0	398
0	242
0	403
0	410
3	0
0	49
0	106
339	155
89	582
89	554
0	276
0	0
0	0
0	0
83	452
1334	453
953	0
0	6
0	6
55	4
0	4
76	0
5	2327
0	3270
1107	3740
0	4134
0	2459
0	339
61	46576
361	4972
0	45839
36	44893
1427	45561
0	6
0	6
0	6
0	18
0	18
614	1579
26	405
12	405
0	43
2	23
0	23
0	0
0	0
0	0
50	177
7	177
870	2946
8	43
0	42
0	40
0	39
0	31
0	36
595	50
945	258
0	0
0	0
0	0
2878	586
0	584
32	277
36	634
2	634
0	3
0	3
123	373
4	3891
4	3920
18511	8685
10	1403
26	1909
332	2608
0	919
0	2607
509	0
699	8580
3190	8581
63	419
4	101
0	0
0	0
110	0
406	530
1391	530
211	0
1435	7
1	0
0	5
0	0
29	4000
0	4000
61	651
0	65
2	1252
1780	1910
2	1656
23	819
0	10
4	822
0	0
12	0
364	0
152	3644
16	3601
0	7
3	233
0	45
1	56
0	61
0	200
0	211
143	0
558	1113
0	1113
2	567
10	403
11	380
0	380
0	0
5	556
1933	0
0	423
0	286
1851	513
819	495
0	1315
0	465
0	548
341	6673
36	7080
6	308
5183	309
201	6116
2	6116
0	5806
2076	5807
9	0
1	276
0	1
0	183
0	205
22	680
0	754
448	724
620	226
3586	0
11147	3827
0	3817
0	3731
2	4410
1	1305
14	6882
0	1753
64	7316
1	0
126	1424
2	567
0	1424
52	113
0	113
7	2289
418	2450
298	32
20	0
0	0
6187	58024
0	174
50	206
2428	206
590	0
0	21
123	36
0	20
0	61
185	61
7	81
32	611
0	4087
0	2392
0	1742
9	645
5	145
0	408
0	3832
0	4038
0	4371
23	163
5	373
19	0
0	122
0	159
2467	743
124	755
0	12
45152	40600
780	32480
1478	34809
0	7445
339	773
0	773
49	254
0	254
432	1
276	438
134	438
154	0
2	178
1	56
0	10
0	8
3	1
15	1
74	150
0	6
14	23
270	3044
134	3044
0	0
0	0
1670	149
0	149
11159	5
25456	31
2066	68
0	67
0	70
0	38
3	10
0	91
0	1
0	34
0	14
4	18
0	14
0	4
0	14
0	18
128	1814
260	1871
0	0
58	547
2	544
764	0
0	1
5	61
0	66
0	0
0	27
0	5
2	55
143	1407
1418	1407
12	318
61	318
0	216
145	343
3314	2
151	2127
722	2109
0	0
0	0
3	1
0	0
0	1
14	54
38	54
3445	2
72	0
215	2238
676	2167
28	71
629	0
76	8
1652	11
4622	2262
223	1
5	102
194	6042
80	5937
0	29
87	412
0	411
184	3025
364	3025
0	330
43	225
38	330
1	330
5	5
0	5
7477	0
1712	457
0	457
145	0
368	0
0	4821
2	4623
1	4592
619	6419
0	0
0	0
605	229
1	118
3	229
1530	465
0	464
1635	3
7	3
0	0
0	0
0	0
39	112
0	112
0	9
175	1029
19	1029
0	149
0	0
0	0
181	0
23	4742
4622	5387
60	3659
0	130
10	130
474	0
1771	4
24891	20593
746	498
0	497
40	1157
0	1157
2458	3276
46	200
0	182
2317	0
327	800
17	753
0	116
0	143
1979	447
8	177
3	182
0	411
0	283
0	92
557	19
0	19
2222	7819
0	7816
0	0
49	18
1214	18
1090	1238
816	232
0	87
5	192
0	425
1337	425
202	123
0	0
0	0
0	32
10	25
0	407
9	373
3	159
415	300
3837	529
0	529
6541	5
551	0
32	1106
44	1106
1405	260
0	34
0	8
48	42
0	0
47	20
0	20
64	1272
0	203
0	1155
3763	2
18	1468
0	336
0	1306
0	1043
0	445
0	626
124	626
1	4
0	4
87	1
152	652
66	652
2	10
0	188
0	10
0	720
0	58
0	985
0	897
0	962
10	55
0	1
1285	727
0	119
10	24
0	677
5	3
383	844
0	187
0	844
349	5
0	0
18	95
0	87
22	386
0	365
4	5
0	5
34	0
378	19361
1204	19362
35	19258
583	313
327	2
198	97
1	18
2	21
0	21
2	103
0	103
0	10
0	17
0	17
0	10
0	3
0	0
0	0
101	196
5	38
133	176
10	138
51	1670
3	1670
12	0
8	110
0	12
0	12
9	97
181	97
0	0
84	29
0	29
0	2419
0	3400
5	3290
0	3469
0	3315
0	3333
0	2536
374	14841
0	3221
58	14049
0	13066
0	8436
11671	14830
8	106
13	115
531	0
0	1348
0	1136
52	6895
209	2259
0	4310
61	6825
5311	3
1111	1
0	732
3	2136
10	2388
64	710
4945	8414
43	1911
6	1696
0	243
66	8230
0	6961
13	8230
937	2469
0	2470
0	214
450	392
15	178
0	0
0	0
19	0
0	7
0	7
250	5
5	120
0	446
25	2007
0	972
36	2011
188	223
461	544
0	761
45	750
303	226
215	227
0	1
95	113
0	113
6	55
1674	0
0	7
25	7
10	34
0	34
399	355
6	172
0	0
0	1
0	1
1	2581
275	2581
0	92
59	279
8	380
0	260
0	431
429	1028
256	1028
119	512
0	287
9	243
7876	9
110	629
0	22
0	605
0	0
0	0
0	623
0	9
435	3384
102	3461
377	0
0	13
21	45
0	136
182	57
0	50
305	349
0	0
0	2156
89	2156
0	157
0	910
3418	0
0	0
2089	1
1283	9579
0	9153
1940	0
0	0
0	0
0	2
0	2
134	0
3816	1281
0	105
0	38
0	15
0	52
403	185
0	7
38	788
0	250
0	407
2361	3664
0	3330
0	3351
192	0
0	0
301	0
35	0
0	0
0	8
0	29
0	29
0	141
0	126
11646	10
653	953
144	327
0	250
1	0
1	6
79	323
0	78
0	308
0	278
0	293
2	1
0	20
8	248
0	19
6314	12888
0	1373
2	0
0	0
0	0
1616	0
0	0
0	2
992	781
459	733
0	197
217	986
0	1962
93	1813
69	5821
0	12683
1739	14432
15	4216
58	304
0	4
0	4
917	3
0	1
0	0
0	0
0	0
0	0
5795	1357
71	1351
2	5
0	8
0	25
3	28
483	169
2	169
340	228
29	227
7	236
59	236
0	12
0	12
0	12
0	12
236	119
10	126
44	0
63	61
68	0
0	7
247	0
33	22
0	22
1615	220
0	91
11	39
0	131
7	3158
0	2744
0	141
3	3536
0	3150
0	3417
51	3522
0	3042
101	0
2869	7413
1	7410
9	296
2	0
84	1097
19	1031
65	1119
375	1683
0	1682
3	85
0	30
20355	40492
0	0
0	0
0	0
2100	1460
0	1460
0	1460
3	0
8	0
9	9
0	9
101	394
0	126
13	371
0	364
0	16
9	16
2	92
0	65
5271	7
171	738
254	742
37	0
98	992
0	992
31	675
0	7
16	350
0	348
0	67
116	430
0	192
65	99
142	5
69	94
0	453
99	0
35	90
4	199
1	163
52	1018
50	914
368	1212
234	30396
0	30300
0	12480
0	14192
0	13446
42	255
69	474
485	2299
0	830
0	2298
39661	23
0	0
0	1
5	0
168	152
0	5
0	15
0	147
0	7
49	7
0	346
0	230
0	0
416	753
0	269
0	7
3871	513
0	359
13	189
0	30
0	30
0	1702
1078	1702
780	1196
0	1193
142	2
0	69
74	105
0	88
262	267
0	3
15	192
0	42
85	0
2351	1
893	0
754	0
9	0
453	0
128	16
0	16
0	550
629	551
2520	32
1346	239
21	193
0	0
614	208
1010	0
0	0
0	0
230	437
0	967
0	278
0	823
0	740
0	754
0	740
13	0
0	10
0	10
0	10
732	0
110	0
85	82
4	82
0	4263
0	165
349	4263
11	0
3057	6
0	27
0	18
0	1
0	264
0	287
353	287
5	10
0	10
12	0
8599	2
26	0
0	558
1221	791
0	257
1319	258
0	20
0	25
0	25
0	6
0	10
0	10
0	2
0	6
4	10
18	0
3	0
0	0
88	881
0	881
238	232
6	214
27	119
1109	4748
0	187
0	757
0	364
0	3911
0	3955
40	3827
36	4789
865	376
0	230
40	320
0	1
0	1
26	16
1	33
11615	9
0	0
0	78
23	78
1124	0
1310	0
24	370
87	963
273	1029
0	632
183	265
0	12
0	130
0	6
0	129
0	2
13	29
0	76
0	21
0	21
231	488
0	187
7706	7
1652	1373
0	1371
234	1434
304	1434
564	1072
11	81
78	81
3	12
144	807
0	807
0	69
1	81
61	1273
584	1275
0	57
191	57
29	269
39	0
0	1013
0	898
2004	1652
18	2751
515	2717
0	2399
1289	2541
0	1
0	1
0	0
0	1463
0	1500
75	1500
820	4212
767	4209
39	0
19	640
0	39
7	601
471	2
0	43
672	53
28	275
3305	1
786	0
51723	46
24	0
1039	118
0	118
4	0
2	14
0	14
144	866
272	868
45	81
0	81
4	85
331	1157
66	1157
1168	1154
0	162
0	1093
0	1066
0	943
0	379
0	1066
5	31
4	31
47	83
0	83
0	151
0	826
19	858
0	570
27	722
538	22
0	22
0	0
1237	2
46	130
101	130
667	172
39	0
20	16
0	16
18	0
0	0
0	10
0	17
81	27
613	802
2	801
9990	18
0	2
11	2
0	451
0	1077
0	1046
0	464
0	7
6	887
43	1291
31	1082
35	873
0	0
0	0
3166	561
0	439
0	262
0	5
0	0
2725	1179
0	368
4	810
0	11
0	8
0	1
1	0
0	130
0	0
0	20
113	243
9751	13186
0	13010
0	8810
0	166
700	167
0	75
0	0
15829	7
159	1
44	1
469	710
258	24
54	0
2051	3395
332	1
7	590
25	1333
0	672
874	1577
911	1356
2678	1357
7	0
11	183
19	83
0	79
1	72
9914	8
0	3
0	3
186	0
81	0
57	0
0	0
0	0
0	0
328	1117
3111	2
1521	0
113	83
0	83
0	5
4	5
421	1084
3	280
18	2300
0	118
6	58
2	3268
0	3321
0	1581
3	3422
126	0
1204	1919
0	1919
0	1919
0	1919
3	0
26	6257
67	6257
637	5469
1613	10164
6935	9137
0	13
62	13
1	4775
7	11908
46654	17905
0	5892
2537	0
0	1002
1002	1002
0	28
2	1055
0	7
0	1007
0	1144
7	1095
601	0
0	0
0	0
2305	9
14	1319
0	1530
624	0
1823	2
0	176
22	86
1	10
1	242
688	278
3	83
1	110
0	242
0	12
0	12
0	58
0	0
0	17
1731	6
0	0
0	0
0	0
0	0
0	0
0	0
0	0
16	0
0	0
83	236
0	236
0	250
524	250
0	0
0	1575
487	1575
0	0
0	20
5	0
51	0
181	600
0	7
0	597
0	605
0	600
0	511
0	580
0	1
0	0
6	1
15	5
0	5
166	1
0	0
0	748
0	651
85	3340
4	3502
0	1057
6	873
162	583
0	561
0	6770
0	6247
0	6311
0	11899
0	6635
135	6195
19	10753
2	10665
0	11302
0	10900
8442	171
0	163
1189	918
0	918
94	610
0	610
14	505
0	0
0	0
4	0
40	0
1072	4
4872	28510
842	28366
310	27660
78	927
8	18018
19	0
0	0
15	384
1090	1656
77	947
0	1120
283	0
452	0
5	0
0	0
2893	1
0	0
1532	21
0	19
0	1
22	8
282	29
0	120
1	120
0	6
18	6
80	1772
2	668
1648	1683
0	0
746	148
0	146
0	28
220	130
0	130
0	0
0	5
23	7
0	2
0	5
1503	0
188	115
53	115
7	0
12	0
1	0
170	0
501	26
219	937
0	184
439	981
8	705
5	27
0	25
62	21
0	0
5	22
0	22
0	356
869	1414
2	4
7	4
6	81
0	75
0	75
584	3
5641	10
0	3
0	0
18	80
0	80
183	0
2058	0
0	9
0	0
56	9
7	275
0	254
42	275
472	0
0	11
230	11
0	0
740	555
0	555
131	1944
39	319
86	319
772	0
2756	437
77	423
309	113
0	113
209	1
3897	4
0	28
0	28
0	28
0	28
0	28
0	0
1617	8
2	532
0	302
5708	15
13	2
60	122
0	0
0	0
15	2
0	2
0	596
0	227
0	168
229	1030
3	5
1159	0
0	664
41	664
133	0
566	0
0	0
0	0
1913	4
79	9
0	9
3518	242
2217	428
0	427
11	77
9	133
0	1312
0	99
0	1325
0	1439
0	1410
19	1279
4	321
0	92
20	92
0	217
303	678
0	395
0	678
33	134
0	134
4	134
2737	2
126	1768
3	1768
374	0
0	0
0	0
0	990
500	990
299	4
17	0
491	105
542	3642
0	778
0	0
0	0
2	1292
2340	2236
2801	3
603	0
43	1293
148	1293
65	0
37	185
6	147
0	157
0	186
10	168
400	0
582	0
5	21
0	175
715	1028
1	178
1	0
20	0
30	0
105	799
0	62
0	737
271	955
3	955
971	1
25	0
12323	364
0	354
1523	175
4	175
0	2
0	0
0	2
200	40
57	61
10	64
5	176
33	235
3	752
0	60
0	49
76	760
0	1
0	37
33	272
0	271
63	0
75	41
2	36
3	8
69	133
0	2
323	2
384	45
173	45
93	0
964	23969
54	22
181	23940
142	1347
8	0
109	432
501	1787
2	2708
317	23852
0	1531
2	69
1	3
4	8
0	3
301	646
0	149
0	491
82	617
934	0
0	0
0	3031
0	352
4	3041
83	2792
99	155
0	27
795	0
0	31
0	780
11	804
7	5
7	5
41	44
0	29
0	29
0	0
63	0
3347	4
230	5
60	119
2	119
1896	31304
0	31302
0	0
0	223
1354	272
0	150
0	14
8	915
0	447
169	256
0	851
0	805
2	442
3764	1340
0	883
442	0
25	342
0	328
0	328
0	342
1052	978
0	62
0	22
17	90
0	90
0	1776
63	1786
778	1
191	372
2406	372
0	31
41	31
0	0
0	0
0	0
37	1230
8	1146
0	1270
0	0
69	110
299	1141
37	2715
0	2249
0	2269
2	2231
0	378
3	265
0	265
0	243
222	168
0	61
0	168
68	54
44	1977
323	371
5	378
8427	5516
970	3162
16	897
0	2882
16	187
0	24
26	0
295	1093
0	0
0	0
4	0
240	81
224	185
22	20
0	20
0	14
111	215
818	1102
6	1131
0	1059
83	123
0	89
215	1536
0	1515
0	1508
95	181
0	40
0	40
0	33
50	80
0	80
604	1068
0	144
0	479
0	59
0	32
0	447
513	479
59	538
111	525
0	51
0	525
0	18
6	303
0	273
0	215
26	49
274	49
1165	1429
1	1428
49	94
8	76
0	33
163	10819
147	3756
0	1140
0	27502
36	27022
42	27393
36	24563
0	27915
0	28382
57	475
0	707
2	1213
6	117
2675	2255
81	40
0	203
155	956
12	916
0	215
4	1280
0	359
0	1349
0	1278
0	1424
14	129
8	129
189	188
0	188
43	99
0	99
8	0
0	3549
0	1871
4	3520
2	26
0	26
0	26
0	26
0	26
209	108
0	108
0	0
468	635
494	959
0	0
0	6
0	0
0	6
3	186
0	279
51	0
539	0
235	0
368	1206
5	1206
9	1683
1625	1512
0	2
0	0
0	0
0	0
0	0
0	0
0	1
0	1
0	1
0	0
1760	169
0	169
46	671
42	61
80	634
0	335
0	325
0	344
0	353
16	0
0	290
0	294
262	189
0	95
76	189
140	254
609	1021
0	161
27	324
0	0
0	0
3587	1589
3	1586
0	1586
0	0
0	71
76	71
3385	2
0	2
0	19
0	14
0	19
237	1285
2258	1132
305	0
19	429
170	461
0	392
0	7
0	3
0	3
0	3
476	1534
0	1534
1762	1613
181	1612
0	0
0	0
2	0
25	6
0	6
4	6
21	86
508	100
7	100
89	0
47	0
3	73
5	73
0	492
1010	492
105	68
0	68
0	0
8	183
4	59
395	2842
13	2766
42	3890
1	2366
0	4465
1791	4659
1	4256
0	0
3	349
264	1881
11	1881
5	474
0	474
0	78
2	81
258	0
88	0
73	39
0	39
0	38
193	38
1474	0
20	0
201	285
0	285
21	965
0	965
23	2107
59	2107
441	180
0	180
0	0
0	0
4	0
0	15
0	15
481	0
11798	10
4	5
3	5
0	5
354	394
0	393
0	404
7	52
0	260
4	7
95	0
0	0
0	2
6	2
0	0
10	16
0	16
89	0
21	4847
0	71
71	2378
5809	6172
6	51
0	40
14	75
0	75
2	0
20	7
0	1528
18	192
2	298
13	130
692	4676
0	5022
33	4842
1698	1
8	0
5607	482
0	476
0	196
116	196
115	4985
24	4985
12	1
0	0
187	302
0	218
0	302
0	302
0	218
0	164
0	99
11	18
847	355
0	54
4	85
48	0
8	120
2	253
27	253
11	0
0	0
0	0
8	7
0	7
1572	2210
965	2209
6543	1964
21	1957
0	0
0	0
69	6
0	5
129	593
0	593
0	97
96	97
17	0
0	48
0	0
0	48
148	3506
41	3082
7	965
16	3452
645	0
1735	4
562	3390
0	2072
216	1706
77	597
0	554
0	597
0	0
23	23
63	254
2	69
135	185
0	185
18	1906
0	2132
0	184
0	2020
132	2555
240	2060
443	2060
3	0
23	0
0	0
402	143
289	284
0	269
0	0
0	0
0	0
154	3714
1129	3717
52	0
829	536
1	536
20	0
252	196
9	18
124	396
0	115
147	511
4	9
3	9
28	0
0	516
0	175
2	131
71	516
0	262
0	0
0	73
0	394
189	0
359	1
13	0
1655	773
715	773
47	0
0	0
0	0
0	7
0	4
0	0
0	0
6	7
0	88
119	152
14	152
0	85
0	146
0	0
26	0
241	213
7	213
21	1
5	0
1851	1146
25590	10637
0	1086
1953	10737
0	0
15	14
44	14
1119	117
18	117
0	38
71	49
14	1
522	1
2364	5
0	282
0	279
0	869
0	1428
14	671
0	1425
3	850
12	147
0	850
448	1
222	0
0	29
1452	39
9	2
4	14
0	14
104	0
0	8
0	18
91	26
3627	3
37	6
0	6
0	0
10	22
5	6
49	27
24	441
915	443
0	1089
0	1906
13012	2296
14	1299
806	0
1237	247
0	100
15	215
0	72
25	65
0	65
0	0
531	909
0	914
6	136
0	323
0	6020
95	6020
0	0
0	0
127	22
7	20
0	1
0	2
299	0
0	422
791	422
0	495
0	262
271	495
172	0
0	47
72	659
14	635
0	0
995	1
0	53
0	260
2	242
47	500
0	148
0	129
95	485
1	160
194	0
0	0
0	0
680	216
0	216
871	1
422	0
4	129
30	0
165	630
0	0
0	0
1124	0
0	0
0	260
3	224
779	341
25	88
0	88
3	4
0	4
0	0
0	113
81	209
0	53
67	211
0	201
799	242
224	0
880	1
0	36
0	81
1293	82
862	0
145	152
20	152
0	2
378	4275
0	1167
198	4184
1252	0
8	110
982	5605
0	5592
2	4673
0	4667
81	0
0	2
0	2
0	2
4	0
20	0
0	21
18	21
138	0
0	0
0	0
0	9
0	9
0	0
77	321
53	36
0	36
0	190
0	190
285	0
56	666
0	69
9	666
0	0
0	0
2955	2251
0	901
182	3164
2	3163
0	1083
281	1083
305	3822
0	713
12	3803
6	3803
6327	1595
2	1567
38	687
2	147
0	675
0	667
47	596
7	372
919	890
3217	1103
0	1103
6	40
0	40
86	0
0	0
178	239
0	239
728	962
4	11
1	0
0	960
0	112
0	253
0	122
0	1312
3	328
1258	1216
249	3
0	3
0	0
0	0
0	0
0	0
980	0
0	0
0	1492
0	1795
0	0
172	893
0	888
959	1108
229	1
261	373
0	83
726	83
2491	0
0	0
0	0
0	1645
2005	1679
0	1087
10	208
10	9
5	9
612	1158
0	19
0	1158
0	0
0	0
0	5
5	5
128	461
0	58
0	432
0	94
147	94
553	373
0	34
0	0
0	165
72	298
0	161
91	5
169	6
149	100
9	52
0	0
0	0
7	179
49	420
373	600
152	216
0	0
0	0
456	1
3	0
0	0
90	492
3594	1234
24	672
8	672
8	0
0	711
0	244
1	273
0	39
989	1
12538	17
0	0
0	35
412	1258
70	1258
927	0
662	130
6	0
91	91
246	172
0	5697
4511	20887
0	20883
449	682
0	382
478	4
346	0
59	1371
474	1371
31	0
4	0
0	0
0	0
7	0
0	0
0	0
0	0
0	5
0	11
0	11
0	0
14	0
0	0
6	0
20	15
655	31
0	14
12	1
0	0
0	0
0	0
1	31
3696	1223
8	57
1260	5971
0	6088
42	13
2193	6100
2	1148
0	0
405	230
28	230
524	199
0	199
826	440
1443	1776
0	605
101	1537
12	3
0	164
9	874
530	897
1	0
3	441
440	1276
0	1268
10	146
0	0
216	308
101	308
330	0
286	0
0	510
0	353
104	1453
1	654
0	28
127	28
0	0
2109	0
302	2
19	2
8115	5119
0	3391
0	1769
0	121
2258	121
0	221
53	221
179	0
239	852
18	852
414	3
1446	77
0	30
41	46
113	0
948	1
0	113
20	911
32	911
0	387
8	34
12	468
9	2109
0	529
0	752
0	2192
0	2323
7	0
290	4910
0	902
48	185
1022	5379
33	146
72	146
863	1
0	4747
0	2433
0	4327
0	4271
0	4747
146	2801
0	9525
494	14200
0	16570
738	16032
714	2
0	11
0	39
1194	1
1615	874
1848	877
213	3367
0	903
0	0
2	3362
0	3131
110	0
375	268
0	162
8	57
0	50
2	108
574	108
0	108
0	55
36	33
299	863
0	829
0	1260
0	4656
446	9610
2	2062
0	5935
3	7532
581	4
7	899
472	3437
0	2655
23	3403
71	142
4	142
335	0
11	5206
169	269
0	3795
38	5279
0	5245
160	277
0	132
0	122
3	277
62	0
0	0
0	0
0	0
4533	2
75	0
8	0
3033	2320
315	2316
46	862
34	862
0	0
4246	3855
8	2438
38	920
0	2927
0	0
68	0
4	0
65	315
99	315
2969	1716
0	1716
0	0
0	0
0	151
174	151
4311	4649
8179	8
229	292
16	0
46	0
3	0
2410	0
975	55
0	55
8	554
77	554
4	766
561	916
0	916
12590	1917
7	1131
50	1052
97	0
0	2130
18	7370
15	7371
3	9620
0	199
319	239
0	59
0	0
2	773
1498	779
110	2856
319	2857
982	7102
0	7102
0	0
0	0
398	1
677	1152
18	48
9	41
7695	1473
160	1464
0	89
0	90
271	91
0	6018
3308	6020
1270	0
0	29529
8	1051
4	4441
15	28421
75	29615
0	30736
0	875
38	949
0	502
90	522
3	237
32	237
0	232
243	122
0	119
0	0
0	0
0	0
0	0
1988	13315
10503	13164
781	0
801	0
70	9774
0	178
0	390
0	4752
0	9533
0	6803
5622	6811
0	23
10	23
0	12
19	181
0	36
41	301
0	365
3	104
0	232
2215	1467
2251	3
0	2
0	2
0	2
16	169
0	36
1914	135
66	130
0	0
0	0
0	0
0	7
0	6
7	41
0	3685
6	3817
0	99
0	99
55	99
0	99
0	0
0	0
49	2026
545	1949
11	1913
0	0
0	0
0	0
0	4
569	2470
1223	407
0	1
1	1
0	14441
3805	26325
0	11523
1	19191
0	18426
0	0
0	0
0	0
258	197
30	197
43	343
0	343
216	2138
255	1985
0	1972
10	1664
11	923
0	789
35	2311
2005	4481
5	117
0	117
282	2
0	0
0	5
19	37
0	37
28	10
0	10
48	12
0	12
25	0
2	583
28	622
25	594
0	0
1011	0
10	0
24	0
72	0
0	0
31	0
18	0
50	750
0	59
440	1275
23	1275
0	0
14	11
53	1645
23	1667
5	22
0	94
7	94
0	0
0	0
4279	7
97	0
5306	10
0	0
0	166
0	324
0	59
0	188
22	39
0	39
641	0
0	318
0	2
134	319
94	0
30	4
0	0
0	0
1841	0
0	0
78	93
25643	48
0	0
14	639
0	639
2104	640
872	0
1504	944
0	940
0	65
0	32
0	66
0	44
0	123
94	118
0	89
39	160
0	160
6	903
0	903
117	0
0	0
0	0
0	0
61	0
10	50
12	50
2567	5641
61	5640
0	131
0	166
0	4
48	396
0	396
0	0
24	101
15	1182
160	1231
0	4306
24752	7097
0	4842
0	3247
898	14345
448	14617
167	767
0	767
0	0
819	0
142	63
0	63
0	7
0	7
191	766
0	112
37	72
0	72
0	0
0	5
0	5
0	5
0	734
1625	734
1	0
0	272
0	207
82	170
0	113
2354	0
35	0
51	204
33	204
4342	2263
0	2263
0	1699
0	1520
3299	1701
221	634
20	0
0	634
52	0
122	1331
223	0
0	0
0	104
0	289
10	188
10	144
6	122
5	238
0	46
0	44
0	39
0	275
0	190
0	308
15	789
949	1908
0	1520
0	1585
0	1538
0	1534
0	0
1080	0
4	75
925	0
0	0
25	0
7	159
4	137
827	2807
108	2806
111	7
0	0
0	0
2	0
0	0
0	0
0	0
42	0
408	1
42	115
466	125
1	0
295	2063
1	2063
79	0
0	0
0	5
7	89
0	76
0	82
0	8
0	8
86	1764
0	388
0	184
24	13
120	1698
0	1380
167	308
19	22
0	4
0	4
21	80
0	6
0	80
0	143
0	178
0	174
1	2
587	709
0	709
0	0
634	0
0	1370
3	368
0	1594
20	1610
8	0
16	29
0	17
24	17
14	150
2	150
52	802
434	803
3455	897
0	894
0	5
29	5
0	5
938	4541
0	3921
1621	2806
0	2806
1821	0
143	2356
54	2356
0	260
7	35
0	243
3	133
0	551
9	621
0	599
8	1499
4925	1506
4802	2281
0	2279
272	320
18	0
1145	0
6	1001
0	518
41	643
0	1061
3	524
46	900
0	1759
0	3724
17	1138
3	1774
0	3785
0	1178
0	380
0	45
0	208
0	1
46	253
0	603
109	603
8066	58769
0	13
0	34533
0	32429
0	59456
0	70587
0	67230
0	1988
0	290
0	2770
0	1303
1673	12230
0	1103
0	1520
0	2786
28	9
0	9
477	6777
2	102
2	10
27	6733
1	1176
0	707
0	674
0	328
80	8031
12	7297
1982	5
0	0
0	0
0	0
0	0
54	0
861	286
2324	5
7288	304
91	0
403	92
7	92
131	4
447	0
432	0
124	3270
2138	3270
5	25
0	221
0	4
1	0
0	221
23	1050
105	1049
0	6
0	19
54	28
363	85
0	85
126	0
992	194
114	1644
0	1493
0	1677
315	0
0	4
29	140
0	5
0	140
581	0
161	0
0	0
0	20
2	20
77	133
0	133
0	0
1536	139
766	72
0	72
0	11
0	11
0	24
34	309
25	315
0	296
0	6
1131	47
0	47
54	35
14	0
0	0
0	0
34	96
0	22
8	79
0	0
0	9
0	9
0	9
47	0
2449	1
15	134
0	99
5	37
0	74
0	0
3	14
0	14
0	71
4	149
0	14
0	599
457	3233
49	3075
0	5
0	9
3437	3
110	0
516	4648
61	4650
0	151
0	31
46	100
8	157
1	506
14	536
0	536
47	0
55	0
285	0
194	0
106	606
8	502
8	495
0	433
17	433
13	319
0	223
1393	778
0	727
0	775
0	19577
4	647
0	1711
4	34849
922	22565
12	34849
8	7
0	0
46	0
2713	6
3	0
0	350
249	451
0	391
0	18
0	304
0	1072
155	1073
131	763
0	763
60	48
486	819
3817	867
8	8
304	233
0	138
36331	789
4	759
0	1082
2589	1562
9	1788
0	1559
0	16
0	4
20	46
0	4
0	3
2	30
0	0
0	0
0	0
0	88
10	0
0	10
22	88
264	181
6	2
0	2
0	24
4	64
36	75
1272	3
0	0
0	4
4	4
0	0
0	11
0	0
0	11
2	17
0	17
0	20
9	44
5	85
0	44
1925	0
566	1109
148	1275
7	821
0	455
0	705
16	715
0	535
495	0
4546	3
0	0
4	0
0	0
18	0
3	0
0	0
711	585
2	583
0	2
0	2
1835	4740
238	4740
34	450
0	254
0	435
52	75
3	75
0	0
4138	4
0	5
14	5
307	6
0	6
164	86
0	73
0	19
126	418
0	440
238	440
0	277
6	0
5	0
12	76
97	108
28	835
211	2871
91	2809
15	412
435	0
129	2
0	1228
328	1117
131	0
68	255
0	234
0	0
0	89
0	57
13	90
18	186
3	185
368	937
2	802
470	851
8304	3396
513	1472
2026	1
4	183
0	306
33	824
75	841
393	146
321	347
0	351
0	598
0	376
1325	540
0	1
0	0
1	0
0	0
0	52
0	52
181	8884
0	8884
227	6780
0	1700
0	2390
56	6780
1	4
0	163
2	72
0	227
0	210
0	188
32	125
138	108
0	99
0	34
40	2703
0	651
16	2986
1	0
0	4
31	95
0	91
1	1873
2567	1873
0	21
6	99
17	65
1	221
73	221
0	86
0	86
0	77
0	0
0	0
1320	319
15	1513
0	1513
1060	2036
0	2034
1	731
1	277
0	407
0	372
4	293
0	79
0	59
12	720
25	0
10	340
0	82
0	340
269	0
3566	563
0	551
5	1708
0	1813
48	1736
0	0
0	0
1659	7632
7	7632
11	230
19	226
0	0
0	0
0	0
0	1613
1339	2107
4	2105
0	105
17	105
0	6
0	5
0	5
0	0
0	8
690	6004
112	6003
4	229
1861	229
15	349
24	417
9	427
1155	0
191	0
34	2221
117	286
7	2221
15	0
886	0
6804	2457
0	546
0	2085
0	11
7	11
15	149
0	89
46	125
172	120
5	1
0	1
0	1
1282	1
139	312
0	41
0	132
0	9
0	9
0	0
10	0
0	0
0	118
45	1163
11	1156
162	12
4	12
223	338
0	338
26	22
0	22
502	0
0	8
5	8
0	8
3235	645
10	142
115	0
0	0
0	0
522	1366
0	1364
0	720
1	2616
0	2829
0	2049
0	3044
730	402
0	168
22	281
159	281
273	0
22	119
42	139
3223	2781
0	1049
0	2780
0	0
178	0
1	0
0	1
0	0
0	0
0	1
0	0
864	0
0	1279
2847	1282
1628	2747
0	2747
1646	2824
220	2822
0	513
53	610
0	1442
45	1345
38829	38
0	9
0	9
0	2
1	0
20	3255
367	3927
0	1544
0	43
0	5963
195	5963
0	7
2	7
0	7
364	0
4	0
0	282
0	314
567	597
0	27
43	27
3962	1142
30	946
297	839
103	7
0	5
519	0
11	4
0	4
0	1
1593	341
0	0
0	340
3376	260
4	33
149	0
213	0
26	6091
1066	751
0	1937
809	6717
27	869
20	128
0	33
0	869
169	0
0	0
348	0
92	38
0	38
0	0
0	0
0	0
3	5
0	0
0	5
0	5
69	1
0	1
829	192
0	201
42	171
0	1
0	1
2	1
0	0
0	0
3636	3
497	112
2621	4
35	352
0	352
359	149
0	149
1637	0
0	0
0	0
0	818
0	11
3	897
0	905
2186	5
0	0
0	0
0	57
36	57
764	246
0	153
0	246
1316	3815
0	3815
0	0
0	0
201	581
600	581
0	30
12	30
3	7
0	19
35	204
0	191
0	184
563	1
9	3034
0	419
3696	3032
0	2427
3	1118
693	1119
0	0
0	0
0	0
0	734
0	1150
15	1165
0	1162
0	1186
30	876
16	876
2277	1571
66	754
0	745
56	598
32	14
87	475
0	102
0	344
0	0
197	572
14	572
2	18
0	16
17	45
0	208
2146	1601
0	1556
19	104
0	8
0	189
0	286
0	187
4	1
0	1
355	13
0	12
170	2168
3	422
2	2171
0	755
33	755
5	666
0	54
212	191
0	179
22	179
384	743
4963	2391
0	2381
0	0
107	233
0	1220
45	1197
0	754
428	754
4	0
0	79
170	1134
1736	1135
18	566
0	147
0	72
9	566
81	382
2	1009
3	11
0	1330
0	1308
142	452
14	452
4865	2
114	0
0	540
0	351
6367	900
0	47
0	125
383	141
6	137
10	0
108	40
45	40
205	1269
165	1269
174	0
1	0
0	0
0	0
0	0
3	11
0	0
0	11
0	11
1	667
153	667
4	0
0	20
6	18
0	29
0	43
416	70
37	849
172	89
1532	1402
8	157
0	1395
48	1869
42	770
11	1869
0	0
323	785
29	179
0	48
0	738
572	420
7	32
42	410
1409	1441
0	1440
0	0
8	10
0	10
9176	4284
0	2
0	0
0	0
0	2
0	2
190	4
0	4
378	124
0	124
0	3
0	8
6	8
2	127
0	127
4888	4
0	14
0	39
0	0
0	39
9	48
612	0
28	0
6800	1
1704	3031
0	3031
3727	2
182	0
2	250
80	250
4193	0
7173	3
159	2
8645	74100
3083	74094
0	309
1152	309
1135	1
12317	10027
0	10009
0	1
403	2
0	0
2526	0
12491	14
1707	0
0	26
4	26
0	27771
2361	27778
1805	31
0	26
0	0
0	0
624	2814
0	935
0	1164
10	2814
208	87
0	13
0	76
30	2245
1141	2245
7	3620
12	3620
17	12
0	12
582	540
0	536
65	250
0	250
284	649
0	649
4	0
313	225
69	227
3	111
0	0
0	0
10	0
0	1668
740	1668
0	0
2588	0
777	167
284	0
350	1
1047	0
2131	6
114	3380
0	3380
13	11
35	11
119	298
9	298
0	0
3	1931
0	845
0	1041
0	1840
1	2010
0	2067
677	21
903	3897
1372	3265
398	650
9	651
0	538
12	659
181	2330
237	2328
28	0
0	17
0	12
100	29
0	12987
71	12923
0	136
0	10020
57	0
1109	1131
382	1131
0	411
1616	2197
0	259
0	68
31	275
377	243
3484	1
0	0
92	109
0	75
0	34
0	6431
0	3546
3709	6418
0	6519
0	6519
0	0
0	0
0	20
41	20
1	1022
356	2993
59	2478
0	3040
1021	2717
0	33
31	2672
18343	9
5322	5
0	8
242	8
61	1729
9	1562
175	1614
2	3717
40	3648
0	1
0	1
0	25
98	198
0	195
211	248
33	247
35	0
774	0
2908	0
61	0
0	63
0	5
0	253
8	251
0	252
128	163
18	163
5566	5
122	876
78	876
8200	4298
1	1020
0	1018
0	432
0	435
12	643
2805	649
244	392
0	373
681	1
783	2138
20	274
0	274
37	269
0	0
0	0
202	78
13	78
1449	0
0	69
0	136
0	32
0	42
0	121
49	121
17	153
978	27
19	11
0	22
62	26
0	0
0	354
412	503
19681	3258
10	3247
150	1020
18	233
133	1073
1516	538
0	1
3	219
19	44
0	39
0	228
12002	2095
0	2081
0	0
0	0
0	7
0	10
0	4
0	10
0	7
0	14
106	383
0	87
199	2603
5539	2606
28	37
0	37
22	1743
0	300
0	1691
6	68
87	139
10	151
0	333
43	333
0	67
5	194
0	24
32	201
0	89
0	27
0	0
0	2524
0	412
0	4399
3473	4451
4480	12
89	5928
12	1747
46	1580
0	12225
0	70
30508	10293
17	0
77	0
108	87
22	1
32	1
18	0
61	87
21	332
0	95
466	1
0	0
1675	713
7	712
0	5
0	0
642	1
25	8
0	8
0	3311
0	8389
12324	10259
0	6206
3	55
1182	713
22	0
633	771
889	772
7	0
5	0
0	0
40	0
17	0
146	889
3	2
2	306
7	58
0	881
63	89
5	89
0	125
3071	139
2487	4
0	0
0	492
92	619
0	9
0	7
209	16
1	1351
325	1353
0	244
83	172
364	732
12	730
0	538
321	3785
0	3784
1318	1409
0	49
40	38
0	49
30	8535
4646	8546
33	632
0	62
10	618
4039	42
312	39
16	7
0	253
7	267
0	265
24	0
4840	2029
24	2023
121	4025
0	3475
0	3744
6	88
0	4
0	0
0	5
328	0
622	4297
7	228
5	123
0	402
0	84
957	2244
4	694
0	1861
33	1861
725	2
0	303
0	2749
5	2572
0	2787
1216	1776
574	1781
52	162
0	162
0	17
89	240
0	240
0	208
54	156
1740	2093
1008	3
904	0
26	778
0	897
15	897
0	16
0	16
0	1631
0	21
0	356
9	1949
36	2001
8618	8
0	9
0	9
0	53
0	248
4	870
181	1017
0	658
0	582
0	729
0	29
23	29
0	471
3015	889
59	274
0	274
0	4501
9826	4504
0	0
596	0
264	7549
0	7643
0	574
25	7593
0	0
0	0
0	0
0	100
0	110
24	0
0	0
0	0
43	2
557	156
16	797
0	841
2	424
257	0
97	239
0	56
634	3643
0	3643
1169	261
0	260
164	0
7	20
0	20
46	673
343	673
0	0
32	480
0	77
0	480
0	0
8	1049
3	99
151	863
0	489
56	897
1	647
3	379
0	76
55	613
0	613
2539	0
3887	11629
0	2
22	11627
50	0
33	605
0	605
3	122
0	137
0	259
0	202
128	615
3	543
2897	465
2	444
1877	100
0	99
38	0
3004	1
18	9
0	45
0	45
0	2
0	2
0	0
39	20
0	20
0	5
0	5
0	0
0	1
0	1
0	1
62	4991
4	4888
0	5012
2085	343
2	341
4	0
2	425
0	425
684	0
5	160
0	94
25	174
63	0
862	0
819	87
0	87
0	1447
1055	1447
0	121
0	32
1	118
750	270
0	0
0	1
29	33
141	818
188	1
79	0
0	1710
2	1829
0	411
6	68
80	68
592	241
0	241
0	0
1385	596
0	10
0	82
2	507
0	8
49	76
0	0
0	0
0	0
0	0
0	0
0	0
0	30
1367	30
212	1825
0	1825
2	131
656	486
0	4
1	351
0	64
0	277
0	234
7	497
4	231
1037	1234
4	1335
69	1402
2712	164
87	163
60	372
0	145
3	0
0	49
993	54
0	0
0	392
12	0
7	392
6	804
0	417
0	870
0	183
0	183
0	183
0	183
0	33
336	33
16965	1898
75	1882
0	42
0	12
9	672
0	79
0	103
0	670
0	0
9	78
0	0
1162	23
2	23
0	53
30	1
98	16
2	2997
0	2983
125	3050
0	642
13	642
9	380
0	0
2365	2
971	2209
0	2209
0	4443
0	519
0	4278
0	4634
0	4469
12	775
0	1974
519	2190
1195	6843
1291	6844
28	101
518	237
0	2
56	1546
0	140
796	1978
21194	1670
0	1250
2	390
0	0
0	0
0	0
0	0
0	0
0	0
0	0
121	137
220	184
1508	874
0	871
972	0
0	4016
0	283
2157	4023
0	235
0	0
22	0
7	525
2	525
3	424
6	367
0	356
20	101
0	13
156	2113
224	2113
9345	10631
0	10619
136	652
9	326
73	403
0	154
0	163
0	128
0	155
0	146
3	239
28	380
143	487
404	2274
0	2274
2	1001
0	0
0	0
275	0
1639	1667
2	98
838	424
43	424
2	251
0	16
6220	7478
149	7468
66	235
0	0
0	0
1855	0
223	85
7	87
8	76
0	64
356	270
0	248
0	13
9	42
422	443
0	402
496	2228
3821	2231
98	103
0	0
0	0
0	0
0	0
0	0
8	10
5	10
31	16
0	235
0	3
0	3
0	0
0	0
0	14
3	10
45	0
7	0
894	545
0	432
10533	444
450	0
33	0
1646	8
0	128
5637	136
0	0
4	10
0	10
2069	3108
567	582
252	87
1451	4830
26	4816
1284	0
6	0
0	0
214	623
21	623
2936	164
0	0
11	972
6719	974
5	1438
0	66
8	1405
375	303
0	226
0	67
0	441
3	1792
0	1226
6	1770
4	1
0	1
0	0
0	422
247	422
164	1038
173	5422
0	390
0	7
1436	5425
20	491
194	5906
714	5864
0	73
0	46
0	11
602	120
5	4
0	4
0	4
2	0
255	2
0	0
1191	3
1179	2128
4	115
0	2115
8	368
0	372
0	0
16	1802
2	677
0	686
0	485
0	1802
0	2004
470	2
241	206
1280	516
0	268
0	413
0	7
0	7
0	7
0	7
65	155
1	155
2	2
81	0
193	24
28	305
421	845
796	0
10	0
31	14
3	2023
0	736
5	7
1	1975
0	1965
0	1439
0	23
0	23
59	56
0	53
0	56
772	546
0	816
0	813
590	971
0	966
0	874
0	867
0	820
0	848
0	0
0	0
0	248
0	40
0	191
105	551
14	514
1078	2
10	51
616	2109
0	2091
12	2065
0	384
431	2509
142	2728
0	52
22	52
670	680
15	433
798	467
1212	2
7	734
1039	2479
1182	1366
6	6
10	2009
246	2008
5	5
8257	1
96	0
2163	6
92	496
0	137
5	496
130	393
7	393
0	0
5	0
38	135
3419	977
149	371
0	600
29	65
0	0
477	683
797	685
1100	1081
41	1080
1	381
1705	1312
0	989
6	83
0	12
63	4
0	90
0	87
0	644
76	866
0	866
0	0
0	0
0	245
0	303
0	22
563	0
0	674
6	205
2097	761
0	1
0	2
0	2
0	194
1164	734
0	2964
21	3063
0	2770
62365	40
6515	4416
106	3328
0	243
40	949
0	3683
849	170
0	170
1	167
663	1515
2	1348
50	0
4138	2
0	3
0	181
320	3
84	205
2328	5270
24	1966
14	98
26	2675
0	3084
191	2581
149	2847
0	2775
106	719
0	719
0	0
4	0
0	0
191	0
93	0
0	2
0	104
0	104
0	2
717	2
0	14
0	14
0	1163
0	1317
391	2725
0	2628
203	0
375	0
434	0
51	4828
0	4452
0	4835
13	6
0	0
156	590
40	590
226	0
1356	4
970	726
19	328
0	328
0	0
77	0
0	3
0	3
2220	6
0	3
0	3
18	138
19	138
401	0
0	0
218	856
0	0
0	59
58	59
1376	0
15	665
0	665
0	637
0	127
920	194
0	66
31	0
66	36
47	0
345	0
402	270
0	71
0	5
11	218
0	213
2	13
17	13
111	11
0	421
2744	421
0	337
6	391
40	391
141	209
0	209
19	8
0	8
0	6311
0	75
0	41
0	6147
0	4580
0	6251
682	0
2417	2953
293	238
324	10156
82	0
147	0
7	5
1757	2357
18	2352
0	1256
0	1124
2	960
0	233
0	3
3	3
41	0
0	214
890	235
2	0
281	386
0	0
9	0
53	589
0	85
0	121
0	517
5	661
1305	0
438	0
0	403
153	403
80	0
0	0
0	12
83	73
20	73
0	0
0	234
13	3
0	386
65	386
0	374
65	0
3469	1415
0	1415
159	1237
4	625
0	1083
1660	2
0	0
158	3405
0	317
3	3429
664	0
0	0
0	0
35	3235
5	3235
0	260
673	260
116	5
0	54
35	54
414	351
0	351
4870	8
0	6
0	33
169	39
0	16
0	28
0	28
934	1
0	57
43	202
0	23
0	36
0	53
0	204
157	0
4	0
0	23
1	30
66	20
13	20
0	33
0	23
35	53
97	183
4	85
20	0
0	0
453	0
4	8203
833	11067
20	5655
9	484
414	460
123	484
1612	0
0	0
0	0
0	41
2	52
11	970
0	138
11	960
0	74
1989	75
0	262
135	262
61	119
341	271
0	127
11	92
1144	3347
4	3345
0	0
0	0
780	23
0	10269
0	9610
67	220
27	220
1725	2
0	214
0	215
0	218
0	886
668	886
335	57
0	57
10	0
0	0
0	0
1195	290
0	285
0	3
0	0
0	20
0	0
12	20
25	142
0	142
3	46
0	7
3	7
0	87
0	7
0	94
0	116
0	455
752	1087
72	197
0	0
133	0
1086	567
0	331
41	38
0	36
0	2
0	33
0	236
2	53
1	232
29	398
0	35
0	398
0	0
49	0
275	0
343	941
0	937
0	933
0	936
0	337
0	588
1032	1
211	0
18268	7701
49	7696
8	19
0	19
486	459
4	459
636	650
4	650
0	165
535	167
4913	3
10	214
4	214
8389	4866
1819	0
323	1707
21	1707
2348	22856
0	1901
0	21405
13	10731
0	19656
0	931
3556	2380
3356	6
1240	1227
0	464
28	329
0	339
0	0
0	0
1908	71
0	70
47	0
125	0
1371	485
15	481
0	8
0	36
3	36
0	31
0	19
0	26
8	26
2166	799
4	798
0	800
1	791
2	6619
44	6219
0	635
3	3343
178	3095
0	3095
0	1
334	1
0	1
0	4
25	4
0	15
0	11
2	11
0	15
7	71
86	5223
125	5233
0	3
533	1509
0	752
0	582
0	6
0	869
0	0
1098	2337
2	2337
426	1
0	30
51	2544
0	2143
3	2638
5	0
0	0
125	49
979	2589
1	3672
0	3658
101	0
0	0
0	836
568	1462
0	0
0	0
279	0
0	1527
0	881
451	3912
660	0
0	45
2239	1731
98	1776
0	682
47	1227
0	1227
9	0
0	0
82	0
1233	2365
13	2366
24	1590
0	623
172	39
0	24
0	12
2015	4
1333	4685
0	4680
7977	749
100	31525
0	28246
0	10606
130	28612
872	5
0	730
5	730
0	22278
8	24002
28	21269
23	47
104	0
0	91
69	106
0	25
73	390
0	0
0	365
0	352
2935	2124
0	1982
0	1233
0	2124
0	365
228	1417
8	1417
0	371
383	371
166	200
5	88
0	8
9	10
3692	1653
13	143
52	116
0	1515
368	0
0	955
0	257
165	1974
152	300
83	2029
0	0
3	0
0	0
0	428
0	615
0	485
216	675
113	377
0	100
14	361
428	91
0	91
590	0
308	382
511	0
0	0
991	131
42	95
0	34
0	0
1992	0
0	147
4	143
0	30
0	667
54	1
0	650
0	620
1021	3314
18	273
29	3312
21	0
68	0
0	46
0	145
74	145
0	13
0	23
0	39
32	45
104	0
0	44211
16	84867
8	57121
5	46744
14	41189
6	182940
6	199945
0	114262
685	4232
0	509
172	4155
0	0
0	1
0	1
403	48
0	48
530	1282
0	355
0	1402
1	25
0	1370
0	1465
0	1718
3765	1721
1954	303
0	298
11	0
0	419
0	379
0	825
0	811
79	1377
6	1281
28	455
51	455
424	63
0	63
320	0
0	0
0	0
0	0
0	1021
1408	5603
0	3067
0	613
11	5826
289	461
125	461
518	424
0	161
0	377
0	0
0	0
0	6
0	0
35	6
40	275
0	841
1	753
403	100
27	539
146	539
81	1511
4	1511
230	2
0	20
0	0
0	0
10	3
0	2
0	0
0	0
259	2347
2953	2338
0	0
60	0
0	21
1561	13
3	21
3875	1124
2	1120
854	2
3831	4304
0	2426
11	1880
637	2133
0	2017
141	859
0	35
0	96
0	1
0	73
1	84
217	0
3	26
190	1244
0	1864
269	1862
4	1867
877	213
27	108
0	190
2	1903
1207	2743
0	1095
0	6
0	6
0	0
0	0
0	0
0	0
163	1201
38	1182
0	29
0	832
9	1187
92	837
0	264
2633	23
10	23
764	5370
444	5536
415	1815
1892	1818
20	693
1180	1155
3	240
10	969
1	0
55	43
3471	951
18	947
0	105
0	149
0	74
665	582
0	0
0	582
9	0
2597	8
596	0
421	5
30	721
0	2985
0	212
0	217
8	2985
141	0
0	0
0	3301
60	3847
29	3662
0	167
156	249
172	1903
0	3593
114	6192
0	2162
0	5192
57	43
0	43
3	7
0	7
2114	202
75	0
0	43
97	394
0	395
0	50
0	34
311	201
0	40
0	31
0	187
2	182
0	184
0	0
3504	0
0	142
0	0
198	3489
255	3489
8	7822
20	31023
0	27853
4	27224
0	20
171	33
76	0
12605	19
0	0
163	135
96	13
0	13
56002	49
7386	1474
4	0
0	806
6697	814
594	0
1	785
0	82
0	113
0	0
1155	322
0	2
0	0
0	0
128	0
8687	2453
3	2
9	6
0	6
1284	0
333	2761
5	2761
3698	7
66	0
67	285
288	0
931	0
138	717
0	0
8	717
2	0
92	49
186	99
0	80
5761	1
760	0
0	0
0	0
4220	3
0	126
281	189
0	74
0	0
0	0
0	0
181	72
7	0
3213	2774
0	906
76	345
0	2597
27	2018
99	2018
214	51
0	51
0	3171
0	203
44	3171
38	410
0	382
0	145
1083	2194
0	2273
0	1945
0	2210
16	0
0	0
0	0
0	0
2	0
0	162
1	6805
0	6840
48	6667
17	6769
3808	1677
615	2009
1211	1643
2479	4779
43	77
16	93
27	16
0	274
415	274
0	8
0	8
1384	13
31	0
1322	5424
168	5422
95	61
0	1745
1	1744
1	136
22	136
0	0
0	0
73	524
0	504
0	524
5	996
0	783
0	771
0	777
130	425
14	417
82	130
1902	5
274	75
0	75
895	4
0	0
0	0
476	380
30	290
13	162
415	0
1	17
0	17
4099	4
2187	5
1699	1
0	2223
2	2537
0	2537
0	2301
547	275
456	2576
0	46
3292	4681
0	4679
17366	6
61	254
5	254
49	177
0	177
1596	227
0	227
11	0
0	50
329	62
0	12
611	280
0	0
0	0
4	697
11	613
295	270
0	101
119	1162
0	435
4	1162
269	1005
52	1005
925	826
99	823
92	282
51	281
4684	9
0	428
0	352
56	418
74	0
30	82
0	82
3	0
69	0
39	0
8	4201
21570	4229
0	63
0	63
0	31
0	29
0	4
6	4
3551	0
4291	794
58	794
0	1246
87	1246
2	4117
360	1065
55	4117
78	467
385	467
103	139
0	139
5	60
0	60
72	928
844	1278
409	446
0	850
49	1280
169	869
4	16
0	16
50	269
2	269
0	269
1184	2057
0	1987
29	1968
35	2018
22	2036
17	1944
1200	511
344	508
0	0
0	0
1371	22179
368	3194
0	20888
0	18131
20	18356
12	19235
0	18375
208	20473
39	587
0	424
13	1506
39	864
10	1800
29	1618
515	4
0	0
32	1231
0	1231
0	173
3	148
1	116
30	264
95	264
988	563
0	561
0	6
1175	0
27	0
556	0
14	4159
0	995
268	4160
2579	1284
0	1282
1365	2095
118	411
173	2178
145	423
0	218
0	526
0	317
5	483
0	277
103	597
867	1589
1963	2393
40571	2413
219	69
43	28
0	69
297	0
0	0
463	2490
0	2490
10	920
137	920
0	187
117	67
0	8
0	61
1603	3707
0	92
184	3295
0	3700
4412	3
81	257
0	0
0	9
0	27
0	396
0	398
8	75
2	7
0	7
1	30
5	39
306	40
0	2
0	5
2	5
2946	6
7	9
0	9
0	0
0	0
376	3
8	0
115	0
0	312
0	85
0	0
0	174
26	312
0	103
1142	104
13	369
0	126
11	11
6858	1585
418	192
0	5
6419	8
18	0
0	0
459	1861
0	1860
115	183
0	1050
532	1056
137	0
1578	952
13	952
0	0
0	9903
2291	9906
0	74
2323	211
7	0
0	74
2	101
52	370
0	536
0	3996
0	4041
138	519
7	7182
79	7002
0	7013
0	6377
85	1028
0	365
2	408
0	159
3	1028
0	38
1169	926
0	722
0	97
0	77
0	553
0	42
0	77
94	553
81	0
0	208
14	153
0	13
9	188
856	353
2	17822
0	17822
0	12863
168	873
0	614
776	222
0	62
1055	1728
0	38
0	38
4	68
454	0
19	2
0	2
74	56
0	56
750	0
1049	0
0	0
0	0
6349	262
0	48
0	253
0	3572
0	1576
7001	3573
1094	0
169	0
0	44
0	44
0	44
0	275
539	275
0	275
0	0
26	589
177	572
127	583
141	9
0	380
10	342
99	186
142	6169
0	6169
210	226
0	219
0	226
401	0
0	83
0	86
0	81
2	0
100	0
7	38
0	16
6	45
344	2035
4	208
0	1870
1531	374
24	302
22	374
0	0
0	53
16	117
3478	513
216	503
560	573
3	288
0	55
0	0
0	49
174	49
41	116
0	0
0	116
0	107
1	4
481	57
0	35
43	35
2804	5208
0	5487
0	39
0	482
0	767
0	5838
0	1965
1997	3690
0	3689
426	975
0	359
0	45
13	0
0	95
840	92
572	3
342	0
244	0
0	6
4	6
22662	29
70	43
0	11
0	32
7	32
0	29
95	29
13755	2
0	1671
3758	4005
0	2640
2385	0
0	0
626	0
438	1058
48	1113
0	1113
50954	38989
26	38949
129	0
1766	1
87	1546
28	295
75	4
9	1545
172	224
0	47
0	25
91	0
34	0
1	0
0	369
177	1090
2	938
0	0
13	297
1177	297
9249	7
6729	6
35	0
0	0
2353	363
1204	1
11081	19
23	0
17	422
0	39
187	422
645	0
3313	2300
693	0
0	0
119	2574
1	2574
0	0
17	0
0	25
0	39
0	25
0	21
0	53
11	100
0	90
1871	2
0	0
0	0
3	5153
0	13794
0	14058
14	59
0	186
0	160
12	165
22	212
0	186
163	109
0	108
21	0
323	2
20	793
17	754
0	618
0	1
0	11
5	11
22	0
5932	552
0	537
2179	4
30	0
57	163
3677	2855
8	296
0	2269
26	2333
55	423
66	423
244	0
2613	179
0	179
107	400
0	21
266	185
0	167
6	9
0	0
3	0
577	0
152	0
0	792
121	801
141	160
0	160
48	98
0	98
0	26
396	1217
0	1210
207	198
12	198
0	1
0	1
0	836
103	1249
107	0
0	1
0	3018
0	366
4326	3020
0	0
0	0
0	0
9	31
0	31
435	57
20	73
16	87
0	0
0	0
56	360
0	10
16	72
0	3
0	0
2	367
0	353
0	367
0	376
707	945
0	17
0	17
891	1714
0	1711
0	0
0	0
0	2
0	2
0	2
0	2
0	2
0	2
4	268
0	865
257	994
6	1035
0	1035
0	866
0	34
5	852
117	136
229	63
0	55
0	65
0	42
222	42
8594	13892
3320	13898
0	12
0	12
0	17
0	12
12	17
0	30
94	34
1491	4
1626	6
0	407
0	190
0	259
5	399
414	826
0	471
616	718
0	718
121	1595
0	529
66	1594
150	321
187	321
0	0
0	0
0	0
6	197
325	187
0	4051
93	2862
36	3685
5	3
155	1177
52	1385
16	457
376	237
0	164
0	106
8	757
73	757
6512	9
58	9
0	9
589	3
0	2
2	22
0	22
9080	4315
27	4373
90	3751
5	0
321	24
0	24
567	41
0	41
0	166
380	2499
0	2011
8	32
328	172
7	172
0	0
51	0
0	0
0	0
1	1144
0	421
0	288
2	0
0	10
0	10
182	293
45	293
634	0
1054	0
55	3
512	556
5	0
2	14119
0	4543
25340	14759
3	4622
2198	8
0	24
1	62
0	49
71	86
0	32
5	32
139	254
0	254
0	0
0	59
3	59
7733	6
0	0
0	0
0	0
0	17
0	17
0	0
0	0
0	0
304	0
164	362
0	359
4775	2075
0	1815
0	2069
239	366
8	366
198	582
120	582
4	74
0	11
0	5
84	77
27	79
8708	9
0	0
328	287
185	423
0	414
0	430
726	2602
0	897
3	1484
192	291
0	291
0	195
16	26
0	26
31	218
0	218
30	0
0	904
0	904
0	904
2125	5
3630	3643
0	619
22	3637
286	2
77390	111
0	134
181	213
8	0
659	4
131	953
0	482
23	301
0	301
0	955
5161	3
255	19085
7	11056
268	13691
3	4829
0	9757
4824	4
9952	1298
0	690
3	599
0	0
16	167
8	169
149	6
0	0
11	23
1	23
8643	5
0	9
4	9
337	9
1906	7
55	73
26	0
66	67
33	3867
6	188
0	4023
0	4024
368	425
0	2385
223	2393
8	0
0	0
5	0
9	0
0	3
126	26
0	26
463	366
62	15
1016	362
3333	0
0	146
3641	150
282	7
2	53
6	0
0	0
4	0
100	0
2213	1
0	0
415	0
0	50
0	21
41	71
0	0
0	0
0	0
0	0
247	105
40	143
0	143
1858	3255
0	9
433	3252
16	143
0	13
0	32
28	34
26	446
1674	1
4065	2
252	0
60	3
19	1431
0	13
0	347
103	915
102	915
291	11
495	0
0	0
0	0
0	3
0	3
0	3
0	0
2363	885
30	418
40	590
0	100
197	100
0	1
215	37
0	36
0	5
0	5
0	14
0	4
0	4
10	23
13	0
0	168
0	152
0	167
0	281
0	130
2528	5908
0	0
0	0
8679	11
0	159
863	368
2	62
9	0
73	13
282	17
11	16
0	13
0	12
11	169
18	23
21	155
46	0
0	0
0	0
0	47
0	4
0	0
0	0
0	0
0	47
0	47
2	0
0	0
0	0
3283	2
0	1439
3	1435
0	1343
0	1522
0	1506
17	1488
0	1402
123	1258
153	1277
17	1277
50	489
0	489
0	279
151	1935
143	1934
482	184
0	91
35	192
1	0
0	0
77	389
0	0
0	111
0	297
0	290
0	289
0	0
0	0
3	0
0	1720
0	201
0	1155
70	6734
0	489
0	6394
0	0
0	0
7	454
0	483
20	483
68	0
0	0
0	24
528	24
288	371
1	371
817	0
0	711
0	137
0	781
0	808
0	803
1	91
63	91
0	0
0	0
0	0
0	0
0	0
0	0
0	0
28	10
0	0
0	0
0	0
34	0
336	790
0	790
172	0
2918	1
196	66
0	66
0	98
8	279
0	319
0	265
0	0
0	4
0	4
7	4
0	40
0	423
0	350
0	424
86	558
0	419
0	0
45	0
0	482
489	482
1	75
17	14
5	0
0	418
0	306
4	962
0	333
0	881
34	380
17	345
237	598
1526	2504
0	2412
0	2606
235	264
41	2329
19	2329
0	0
0	50
24	50
385	0
33	555
21	555
0	539
0	1485
8	1485
169	0
0	76
0	170
4	114
0	256
1142	803
0	516
20	438
4	413
31	69
385	875
555	876
907	366
262	691
0	287
0	197
181	0
2157	2
0	0
0	31
0	31
0	27
0	27
27	182
0	67
12	225
433	20
16	20
0	211
0	1
0	0
0	185
0	168
0	213
0	153
361	8
0	8
0	0
2	186
0	381
396	384
0	380
154	311
1	68
82	577
100	448
4	193
1554	17863
108	17858
0	0
3547	3071
30	407
534	410
1	6460
0	6410
17790	7292
0	7222
7	5473
0	2942
6	0
0	0
0	189
0	82
498	548
0	416
0	206
9028	380
0	378
482	812
0	812
0	0
16	0
24	301
34	301
357	1
0	0
0	259
31	390
0	257
0	151
0	253
0	271
0	232
0	3066
7	2889
0	2714
22	2928
0	2755
27	2992
5	3074
0	2649
326	148
523	148
282	867
0	867
1	0
0	0
166	117
112	79
8	15
39	15
112	181
1	181
1741	4832
0	4830
0	20
0	7
0	8
3	10
2152	0
0	0
1	0
0	0
138	0
7	499
29	140
0	96
5	504
77	0
395	1114
24	28
103	0
1	671
1	76
9	0
9495	6
141	1292
40	1373
26	438
643	441
84	575
0	579
2358	1001
25	1001
2739	4535
0	4535
0	0
0	0
0	2
0	2
0	469
5	318
0	10
4	261
0	330
5	199
0	0
1	173
1	340
0	0
0	0
222	44
0	314
918	1783
0	1687
0	1781
0	619
2910	1013
0	148
63	239
0	239
1358	590
16	590
108	130
115	2852
417	2854
2939	2
39	72
65	72
0	44
0	56
0	14
0	19
479	3731
0	3630
11	704
0	1615
42	3
0	3
44	177
1	177
100	809
87	415
0	628
0	92
0	31
0	11
0	92
2446	2
2069	5
6	84
365	18
0	18
0	0
0	12
12290	7
134	1533
0	93
0	179
9	1527
0	1087
3	8
0	118
0	26
0	118
0	55
23	55
2875	7
32	212
0	19
3	812
0	824
170	12
0	12
311	2034
0	72
7	1913
0	2
0	2
16405	24
0	1151
18	1163
122	184
12	86
12	62
64	1405
0	1040
1	1130
0	1227
0	0
2	0
40	1257
12	57
13	1515
0	1594
1843	1139
47	895
0	483
1037	695
0	695
6977	2
0	362
0	0
0	27
0	142
1	260
52	137
0	136
19	239
199	239
48	77
0	45
6	151
0	47
0	106
0	923
0	9319
0	1217
0	9086
394	9155
94	1091
0	451
0	20
0	273
0	0
0	0
0	116
0	0
0	0
0	0
0	0
0	0
189	0
338	366
1	366
25	117
9	123
0	123
1442	4588
0	3638
125	948
355	0
2	521
109	531
208	0
0	0
0	1336
205	1336
7	412
231	412
1	263
1	39
0	35
22	593
33	4
48	593
49	64
1581	48
153	44
16	0
8	0
0	0
0	0
0	0
0	48
92	48
0	0
5	0
3	0
717	0
274	535
12	0
0	1
12	123
1170	7625
0	244
0	27
10	7824
53	15
0	15
0	0
0	158
0	194
9	308
9	8
0	0
0	297
54	109
0	109
15	721
0	238
10	696
792	102
56	102
127	69
0	67
12	0
37	92
43	3284
51	481
13	2808
4	1881
1	322
5	1838
0	1618
948	3
0	4071
560	4074
0	44
84	165
0	162
27	38
10	38
0	30
16	955
3	379
792	813
0	0
0	0
0	0
593	125
295	452
52	403
0	4712
25	4712
41	53
0	4
0	4
1795	3793
13	3793
51	257
0	257
1237	0
120	4960
0	245
0	19
0	4966
0	4921
0	5084
103	4715
0	0
5	4
0	4
5	997
0	5
0	2
0	0
0	0
0	1130
1297	1130
0	2
3	53
0	51
0	21
1232	380
0	0
0	0
386	1195
244	1195
19	697
0	819
0	818
340	237
0	237
0	567
0	567
144	427
98	2463
0	949
17	110
39	2745
31	213
3	98
6	2378
5	2284
199	318
0	6
0	249
85	76
0	66
0	54
0	0
7	187
0	209
0	218
284	230
863	0
0	0
0	12
6	12
77	0
0	1719
159	1823
38	4
0	4
6	0
22	4
0	4
134	246
0	101
0	36
59	150
0	150
1235	0
1119	123
0	112
0	14
46	0
7	0
20	0
2154	2
12	0
3	0
47	38
0	38
2013	1
1106	681
0	23
75	1941
195	1941
1102	1
22	0
329	1
336	17
7	11
888	0
0	0
821	1697
0	1697
639	0
2325	73
121	0
0	0
0	14
0	14
0	10
0	3168
89	3071
0	659
0	65
501	1263
0	1260
0	0
0	0
0	0
0	0
18	4
0	172
0	1005
36	1083
0	126
0	5
12	1006
40	1083
0	0
0	0
8314	18
0	8260
1931	10728
6	2496
290	15
0	2
0	12
12	1
0	0
221	0
1582	0
5210	767
2111	0
0	0
0	0
0	3
0	3
17	637
240	637
164	381
0	381
39	0
0	890
0	93
0	232
0	329
10	931
0	884
58	137
9	0
0	0
148	0
9	34
7	0
43	37
0	37
29	274
0	65
346	274
2138	4
723	0
111	2260
728	2260
350	383
0	189
1	27514
0	29101
0	31172
443	34598
0	32528
25	12
0	9
0	0
0	3
0	1
0	1
15	0
1389	0
0	0
8269	19975
17	19968
0	8021
3	6140
4071	3
1958	217
0	216
218	0
0	0
2	279
0	0
0	181
5	52
2610	7
38	0
4020	0
119	28
717	28
1252	0
0	0
2357	5
0	396
14	396
79	7
0	7
17	23
0	23
0	9
309	51
0	42
0	0
1601	3
88	139
7	758
264	758
47	0
0	0
131	0
23	0
8164	16
5	41
449	258
0	222
0	204
0	222
0	220
6	5
0	5
4	11
0	11
1	94
1086	5090
8286	5148
502	2101
0	2101
1	327
6	31
314	342
223	286
0	0
2	0
0	0
9	29
3971	547
513	28
0	21
28	603
10	603
0	6
0	6
0	1
4	6
2287	1
0	15
0	15
0	1355
422	1356
400	282
0	282
1	0
487	15
424	10661
0	10659
0	7891
30	2465
9599	2959
5	2465
8	491
8	0
0	89
6502	579
0	204
0	184
36	209
0	925
4	143
2775	925
0	0
2	0
0	0
0	0
0	213
19	13
3	13
841	396
10	396
27	135
101	6
3	33
2	112
157	214
0	148
34	98
0	98
154	0
6	137
0	137
2286	11
0	376
0	0
246	0
2	703
0	504
303	703
0	938
0	5227
0	5133
0	5406
0	4787
1	420
0	620
1536	1230
0	740
0	131
0	12
0	71
25	61
26	390
0	390
142	295
0	0
0	0
0	0
61	1
392	1
5844	8
0	39
111	838
552	952
0	205
115	799
57	0
0	29
6	13343
0	5543
4	10012
7028	20153
89	17078
0	194
3080	602
0	0
24	1
407	370
0	369
0	229
0	0
46	229
1	289
0	0
0	0
341	0
0	458
0	1282
1446	1740
3674	3
1546	1832
0	730
0	3856
7	3600
0	3725
2	66
2	431
0	365
0	370
3	2
0	2
825	486
6	486
2664	1010
152	1007
0	227
46	227
32	0
0	1
0	1
0	1
0	1
0	0
5278	130
5	126
1751	3
2	0
9	0
0	0
4	0
120	0
1984	670
78	665
9	878
163	867
0	224
3	748
622	463
0	210
0	461
51	1805
0	621
13	1805
0	69
0	10
36	10
1068	774
76	792
5	0
0	0
0	0
77	0
3095	483
0	10
0	480
0	334
0	0
0	0
0	0
0	708
0	5
0	701
0	682
0	672
5	0
0	43
0	43
3	10
0	10
0	10
17	0
2	1539
0	1434
11	129
26	1219
0	4
0	998
16	859
2	1199
1476	2082
3	1409
81	151
629	0
640	2345
28	2345
3	46
0	618
0	286
0	218
0	246
0	288
1617	2
9467	357
3	122
0	15
0	42
198	729
4	755
63	666
1	28
0	53
0	140
0	123
4	682
0	0
0	0
0	0
0	0
14	39
170	0
0	2
0	2
0	4
0	0
4	0
0	647
0	17
0	42
2	15
0	42
0	640
0	647
1	594
0	428
5	347
81	347
66	778
0	732
0	768
0	100
305	100
1	0
0	0
198	24
66	14
0	14
182	151
2292	6
5	28
1396	0
7	290
0	241
262	923
1	872
9	80
4	80
0	923
1805	924
0	36
7	18
0	36
19	229
0	229
30	4724
0	36
1	3514
58	1787
2809	10983
0	6194
18	4857
17	5566
0	3052
2531	0
366	520
1045	520
4114	0
29	895
0	78
0	846
76	871
2548	490
70	488
155	439
17	439
383	562
0	515
0	17
33	23
31	0
6	0
533	990
0	177
317	282
4	108
3	66
1253	318
2	317
0	241
2370	2947
81	1445
8	1191
0	816
1301	699
0	1561
88	19
4	19
0	181
69	64
0	507
21	527
180	109
0	89
0	102
104	0
0	0
0	0
474	370
299	956
0	310
45	408
0	76
14	107
0	61
0	58
0	61
24	0
0	52
29	3202
113	3202
35	0
0	121
299	121
0	1284
23	2177
3153	2179
0	14
61	112
0	112
0	139
0	61
0	1473
8	2402
0	1805
0	35
2	44
18	25
0	90
21	142
527	230
0	229
28	856
0	856
0	826
0	0
5	0
2176	537
0	344
0	362
55	430
0	430
0	2194
0	561
579	3817
3	1731
26	3
3251	2
727	32
441	0
1131	0
945	0
0	1313
615	5221
346	5220
0	0
0	50
4	393
12	393
0	393
161	538
111	538
12	35
7	2
514	391
8	95
6	296
2339	7907
210	4056
5	1664
186	1749
3	1144
350	1144
0	0
0	0
18	25
0	25
0	33
0	25
0	33
0	33
0	0
195	0
96	0
0	903
0	2792
816	2792
7	0
36	0
880	7400
1047	7401
0	14
5	14
10	0
0	95
887	96
179	100
257	100
0	117
4261	117
708	0
0	94
0	166
23	166
72	0
0	393
160	433
5367	1
1639	111
0	107
14	5
13	5
0	1561
1182	7426
11	151
16	151
0	16
374	0
1514	3112
0	176
0	17
0	3095
1660	917
0	917
893	0
0	7
0	2
0	0
6	7
351	0
6350	10
0	5
7	5
0	34
60	48
0	14
5	794
256	2402
0	1237
205	2293
0	1220
0	149
2	141
99	1219
0	4
0	4
0	11
0	16
7	11
0	45
0	50
0	53
0	45
5823	1337
0	1332
79	0
101	0
0	12
0	12
0	1286
0	437
0	690
0	247
0	1124
0	1302
0	2
0	0
5	2
0	1164
0	1164
9439	8
469	987
647	1991
15103	19
128	1659
0	1659
2	563
3	478
0	551
2649	8293
0	8290
437	7773
0	0
0	0
102	3616
0	331
0	2583
10	3600
3222	251
0	683
13	7520
0	4934
1643	8203
0	591
1704	321
2	625
0	1986
297	2757
0	3110
0	2957
0	4
0	4
0	0
1	0
843	619
0	619
0	170
5	471
0	471
0	88
10	87
0	57
1268	105
13	505
0	161
2	493
41	0
1	0
0	4161
0	3983
45	4127
0	0
0	140
401	0
688	1
43	2
1852	2098
0	1795
170	950
24	54
0	43
0	349
835	885
13	0
0	11210
0	10918
0	9
23	98
1	98
0	108
0	0
0	108
0	108
0	400
35	440
0	440
30	0
443	725
0	48
44	94
6	269
45	275
9	176
0	14
281	0
0	97
0	66
1136	573
11	480
13	46
0	46
0	62
131	62
26	10
0	10
0	1390
266	3645
222	3651
0	3683
0	588
0	569
0	15
0	21
6	528
0	171
1236	369
0	7
0	10
0	10
815	8217
0	6930
468	799
30	799
96	32
1118	2269
8	262
6992	7
478	577
0	577
106	0
5563	7
188	0
0	483
256	651
6	559
5	600
2177	0
766	1392
1	1785
0	1857
0	2067
1142	7
3	0
5	129
365	242
0	198
0	0
0	0
0	0
0	3
0	3
22	0
5	42
9	42
48	2055
0	2055
5	59
0	59
0	3
0	3
209	29
0	106
0	60
2027	132
277	870
0	109
0	24
905	850
0	1535
442	1625
35	1050
6	351
4	351
1	31
19	250
3	250
211	0
40	63
0	63
99	270
0	13
2104	106
0	90
0	27
20	27
0	1
4	0
0	175
5	180
0	122
6	143
0	167
0	176
0	184
0	130
0	0
628	481
0	481
59	9430
0	9430
68	239
182	0
0	0
0	0
7	49
0	49
33	5
60	1188
0	177
7	1188
654	1538
0	741
505	1383
509	0
1286	2
0	0
1	0
0	359
0	13
30	137
0	111
762	111
0	365
10	365
0	150
9674	12
860	0
2292	1
57	173
140	772
0	772
0	1
1	16
0	16
0	16
163	3
0	72
0	549
0	100
17	509
405	3
132	882
159	84
2	214
0	243
1	1333
0	1223
137	1272
0	1271
54	167
0	167
18	143
17	369
34	398
0	413
7	10
0	10
186	216
1	216
22	0
0	0
0	0
0	0
7	0
1	634
0	266
18	439
4	988
53	898
0	349
0	2385
0	283
6	55
51	3803
0	3900
0	0
40	0
4154	3
0	0
0	0
837	215
45	0
3614	13
0	582
0	153
603	183
27	352
0	194
0	392
2	375
264	0
0	9
4	9
0	7
0	2
0	9
3072	0
744	9394
334	9394
0	183
0	3033
0	3114
0	3036
201	2887
528	0
58	803
96	803
0	275
4547	6
124	8228
2316	8199
8	1059
131	33
240	3
85	740
10	803
0	750
1106	0
0	102
36	102
91	207
0	194
249	239
2	219
1420	5
24464	12705
0	12678
0	752
95	666
0	580
0	505
0	417
0	190
0	1695
0	1562
0	1317
0	1383
0	20
0	20
2418	15036
0	15027
875	350
25	346
2	0
4	0
86	1116
0	1116
0	9355
0	668
0	9095
20	9835
0	8866
0	3072
271	3072
0	1397
192	1592
107	1560
1150	186
0	178
0	0
13	29
17	2893
0	1976
0	1079
2440	2757
208	18
411	0
629	657
2056	2
2237	1
762	468
42	468
732	0
52	1745
0	83
35	1699
4	1285
0	9
0	1278
0	1484
4	0
2615	4
27	80
0	1245
59	1071
3	1364
0	0
2806	4389
1	0
0	4389
1072	1086
424	559
909	11
0	11
0	564
5494	576
3075	5
0	1
0	1
11	262
0	262
326	770
0	5139
0	763
147	5685
602	5688
27	8
0	8
0	21
0	0
14	21
4	0
0	353
16	3850
0	910
3287	3863
0	209
3	209
9	252
165	280
7	3171
6	289
3837	5234
0	2816
1738	1
473	0
0	12
0	0
1379	70
11	58
1417	611
0	611
0	598
204	0
809	0
0	21
0	2
0	0
0	0
0	0
922	1191
0	31
39	39
2	32
0	178
27	178
4	0
0	610
3800	46925
0	4782
5737	38420
5	2799
25	9678
33	12
57	0
79	372
0	236
0	24
99	262
0	45
97	0
725	4527
0	57
48	4470
0	2706
2427	2707
241	0
0	48
0	108
90	156
0	169
4	105
1805	1831
454	1831
8	592
0	1502
469	1381
454	1830
134	1503
121	1830
2	244
32	1831
128	585
58	585
0	341
0	3
90	341
0	0
0	0
0	15
0	5
0	23
6	29
8	377
0	377
0	345
5205	640
0	630
0	362
194	545
0	802
0	1473
37	1428
0	525
2008	527
0	0
0	0
0	0
0	0
0	495
3	4511
0	5951
37	5928
1	5986
0	49
18	108
0	0
0	0
3	450
0	188
463	3821
39	3912
45	165
2	920
557	920
0	2664
4	1265
0	2852
807	10187
6	1662
3	4877
10	10186
2600	0
3	0
0	0
38	57
0	11
0	415
137	808
131	1034
4	496
2867	3
722	363
0	29
308	29
13	0
5759	7
10	31
0	31
349	0
0	25252
8	18213
0	21208
2816	41775
0	23816
0	18121
659	0
6	58
273	58
0	0
0	0
0	0
0	0
3	0
0	0
0	30
0	180
1	41
0	125
93	194
0	170
0	369
0	177
0	542
177	269
0	326
776	2189
0	625
0	73
0	35
152	96
0	40
0	13
0	0
3	634
1398	636
2070	2
0	0
467	172
0	172
3373	2
105	17
0	17
0	74
2	836
359	832
199	4225
0	1511
0	2857
0	1486
1694	2
0	292
0	104
22	773
11	858
782	2
582	0
0	12
5	12
981	2
196	307
0	111
0	196
0	36
5	1
167	1
17258	1313
351	765
3	1079
0	1077
0	850
39	677
644	295
0	73
254	284
0	283
119	294
0	294
0	130
136	130
280	0
0	0
0	1
0	0
0	1
15	106
276	360
0	360
0	323
0	145
342	357
50	249
0	257
2	235
11829	17
113	644
0	100
340	619
54	9
0	2
0	7
0	0
370	1
0	2780
9152	21215
0	1948
1	10137
3	10428
0	10165
0	19973
0	0
18	2
0	2
805	742
0	742
352	4321
3	3483
0	3453
2	205
0	787
78	3144
781	604
2266	1
731	78
0	11
0	6
51	11
0	95
149	202
4	190
337	0
3	106
0	106
1	1
68	109
0	105
0	254
688	1661
61	114
9	0
2	114
3644	3
581	598
8	214
0	540
209	0
473	0
0	0
938	0
0	0
0	0
0	0
1	320
1121	2008
1	1075
3	929
13	773
12	348
0	348
1	2227
1228	10018
8	9884
0	1
0	1
0	1
295	311
0	273
388	2489
0	462
46	2109
0	2118
0	2121
3	5
250	5
6	4
0	2
0	4
0	293
129	605
0	507
28	193
0	91
18	164
750	645
9	109
22	35
0	19
0	0
4	17
10	37
2	54
0	54
370	72
341	331
12	27
0	67
0	247
2150	189
33	183
0	0
5668	2
28	762
23	800
0	1697
10	1732
0	1732
0	897
0	1697
61	337
17	57
269	5432
0	191
61	788
13	5
0	5
0	677
970	678
17	25
27	30
0	278
0	441
593	480
2745	1209
130	387
0	387
152	0
315	0
17	96
0	116
0	102
0	99
1105	245
102	244
183	7086
2180	6714
15	2043
44	2057
135	316
773	317
59	468
0	217
1932	1726
0	1501
0	1592
0	1584
0	11
0	11
1098	2742
0	2740
812	72
0	72
0	870
0	95
1	896
1796	4167
106	32
0	32
0	0
16	4
0	12
0	23
58	1319
42	1319
855	0
443	0
0	22
173	72
0	48
4	0
0	0
0	0
0	0
0	0
0	0
0	0
0	0
0	0
214	238
0	238
320	0
0	0
0	0
1237	7
2490	0
54	69
5	59
4	4
544	27
0	23
812	915
363	413
13	56
22335	47958
262	2940
0	4387
0	47201
1	0
17	0
177	0
359	0
0	170
646	170
116	2543
0	109
0	5
0	2527
103	2441
32	56
170	201
0	279
449	2
150	537
0	0
0	0
155	733
2965	733
0	0
0	0
0	0
0	0
801	1678
523	0
468	789
0	789
143	0
150	1026
168	1337
0	1337
0	98
1	89
26	1109
0	1105
341	7475
39	3010
33	7475
229	2
0	0
0	1
0	1
0	1525
1834	3111
22	3042
0	2048
0	2225
0	2144
9355	8
0	5
1348	144
0	141
57	33
0	2
0	2
276	358
522	998
0	206
2887	6
0	0
21	311
24	289
23	22
369	83
5	50
0	42
0	1
0	5
30	1615
0	979
15	31
0	1428
0	1862
907	1864
4	27
207	141
0	53
0	1433
0	392
1879	1433
0	180
0	155
43	287
259	15
0	3
2	12
785	147
0	147
44	25
0	25
1785	1239
0	1404
6	0
1389	680
10	10
0	5
0	5
0	0
0	0
0	0
0	0
0	0
0	3
0	265
118	265
547	564
0	23
6	561
0	0
3	61
122	172
3	3
0	225
33	222
0	182
167	444
0	444
491	171
0	125
0	1
1672	1
5	639
4	51
0	292
0	804
96	805
246	1907
0	1907
537	330
0	0
1	330
7	47
0	55
0	55
0	51
3	29
34	51
21	0
13	0
149	82
4	691
442	1452
0	67
6	67
536	0
0	0
47	56
0	60
0	68
0	42
2431	19
0	17
8	1658
0	1519
1768	0
0	0
0	0
0	252
31	252
0	5
0	5
0	733
439	733
3238	2
0	4
53	4
102	322
0	154
0	0
0	0
0	38288
360	40121
0	21821
62	0
13	219
0	219
123	0
73	0
0	3
37	43
0	43
33	0
38	0
0	0
0	0
0	0
0	0
1578	3002
138	3002
80	60
0	59
1038	1111
0	1108
8	63
0	63
322	0
9069	16
1169	1498
10921	3
1259	0
434	2485
0	111
71	0
42	39
131	27
0	27
2677	3564
150	2471
0	2516
199	2565
0	2626
0	2554
0	0
0	3
1	3
5	134
36	115
5	485
2367	490
0	38
0	1
0	0
9	1
197	0
489	144
0	0
5	0
0	0
9202	2268
0	1537
0	273
723	210
0	6
2	10
22	0
382	0
1	437
25	89
0	437
1294	582
25	7
0	571
554	2671
0	2533
661	593
0	91
2	18
58	126
150	3176
1071	3220
785	1734
0	57
0	1734
1605	833
0	833
466	1405
6	1405
0	2185
392	2185
0	0
428	1
0	6466
7278	33958
4	33945
0	523
87	1603
0	1603
268	2389
2287	2394
11312	13
4320	0
0	0
0	0
0	530
0	291
373	6653
0	367
5	6653
0	45
11	171
1302	144
0	0
0	0
2755	0
0	12
90	27
0	27
0	27
0	19
7	0
0	199
0	199
0	0
79	0
0	0
11	5
451	1726
13	1606
108	2043
38	2157
4	2084
2	667
162	421
22	444
125	1620
2	2259
0	0
0	13
0	1
0	1
12	13
13	781
9	739
0	105
0	143
228	187
0	146
65	50
194	0
7	13
0	13
0	3
0	0
0	11
0	15
8	111
0	111
0	0
0	0
1177	13
320	4948
49	4948
1747	1
0	59
357	59
606	0
169	501
0	447
0	464
25	104
0	104
0	0
557	0
1362	1011
0	1011
0	0
392	6
3	0
0	6
0	0
815	655
0	580
0	74
7	0
1415	2
4	299
70	299
14	97
75	208
0	204
31	144
778	4
1769	290
16	286
73	5050
289	3603
2597	2111
881	2
144	0
8	1750
0	689
72	1751
1	12
10	39
30	15
4	35
0	4
0	4
0	7
0	119
141	119
6809	4745
0	975
5	4595
13	4591
6	4589
0	57
13	57
3864	9
0	16993
2	7687
88	12807
2174	16993
0	288
0	64
38	636
39	566
0	520
2488	2
0	13
0	13
0	13
0	0
0	0
50	0
648	2360
0	2360
0	0
0	0
0	57
223	59
1155	0
25	68
5	106
0	110
0	131
0	131
0	419
24	559
7	559
188	0
0	5700
0	3475
0	4339
3124	7401
597	0
211	86
137	3
0	3
3885	5
0	12
0	11
0	3
0	3
0	3
0	3
5	27
0	3
0	0
0	0
0	27
7320	8
353	1360
5	499
0	833
166	1287
0	658
0	1262
0	0
108	2
0	223
0	217
5	226
9	19
99	31
0	31
2	792
43	700
34	542
11	165
37	162
1356	1133
3	1106
31	63
268	111
8	70
0	0
0	0
18	0
157	0
20	0
45	0
3	819
0	2
6	865
0	870
0	528
216	0
36	0
0	0
377	0
1901	0
0	91
0	2
1467	2045
8	343
8	299
164	1990
5	0
40	0
651	0
45	2716
0	2712
0	2756
189	219
0	219
0	136
0	366
0	254
0	1047
43	1099
44	85
2670	8
176	473
26726	508
141	0
0	1028
65	1243
26	1243
249	245
0	245
0	0
6417	22
354	749
3	0
0	0
98	116
74	209
0	209
5	386
0	25
0	172
0	46
0	62
44	485
0	453
7	488
0	0
0	0
0	0
1349	3869
0	3868
107	38
0	5
0	34
0	34
114	0
0	0
0	0
0	917
682	2293
4	2293
0	8
29	8
133	0
1121	4
69	751
2044	752
240	193
4	65
74	86
0	53
0	86
0	86
14	79
278	356
0	5
0	1
0	1
0	0
0	1
0	339
1	1277
98	1354
3	1286
17	1209
411	0
0	9
0	2
0	6
0	7
45	1
0	0
0	0
0	0
266	178
0	178
0	0
70	240
0	4
3	240
555	784
0	2690
31	3078
0	3330
71	3340
0	0
53	93
0	93
8	427
0	48
6	123
0	108
0	70
0	413
6	0
1258	185
0	185
347	2
0	1421
0	2499
156	1901
20	2506
6982	111
0	110
0	757
713	757
1650	779
0	69
19	69
33	0
0	0
0	0
674	1
4	62
0	177
0	226
10	346
54	335
0	0
171	0
5857	0
838	1
135	0
414	1116
3	1115
70	19
0	682
938	1315
7	1002
229	778
0	778
1783	1574
265	261
19	261
177	0
35	46
0	6
0	19
0	19
0	22
0	19
0	0
0	0
0	52
296	316
3	304
17911	6593
312	516
0	516
372	138
0	138
208	1
3392	484
1	94
155	18
0	18
0	0
0	37
0	26
1	81
372	148
0	112
129	129
115	2680
380	2680
770	0
203	0
1594	5
1075	0
0	4
581	3370
0	3348
0	3102
0	2818
2	3363
0	3102
181	3159
14	3610
5	3324
0	0
0	0
0	0
838	283
0	283
34835	2975
3024	2
441	80
202	708
0	708
2	0
179	152
6	3
2648	2
3	0
46	2270
22	2270
0	1681
225	167
0	0
73	39
12	39
0	0
8149	12
0	0
0	1906
1	12849
364	39960
7	5702
0	13206
12	34897
0	713
864	1981
2	1532
0	1981
45	1819
19	332
0	165
2770	1782
0	0
3552	13
120	214
3	0
0	0
0	2742
1227	2742
0	0
246	0
0	0
0	1644
8	1435
278	1
0	318
0	1276
73	1273
0	0
0	0
1665	166
23	165
405	1595
0	171
0	1434
137	376
0	376
259	0
1	103
0	17
0	84
0	9
0	74
25	0
0	397
0	397
282	6539
69	362
9	6539
0	54025
2165	77245
8	35934
49	59
0	35
8720	16
217	350
21	98
0	83
0	98
0	70
5	260
76	420
5	150
0	420
125	576
0	683
2	524
100	57
0	14
0	28
0	23
1191	32
0	30
89	742
0	323
0	234
3	702
633	1
0	1440
255	1440
0	0
1	0
0	0
0	10
0	2
1	10
1791	2295
0	2292
0	0
368	405
0	405
1	1
0	420
0	1
0	4
10	93
0	146
25	2227
0	1
18	2217
979	0
16	36
1	36
80	32
0	32
0	19
902	792
0	0
317	510
0	0
69	0
0	510
99	297
0	297
0	0
26	0
0	0
0	0
26	25
3	25
11	10
0	521
0	634
65	176
187	2630
2	2708
0	67
128	190
164	937
0	770
0	1
0	7
0	44
0	40
10	90
0	0
1379	1329
0	1332
0	1332
0	1329
0	1124
0	1337
0	0
0	10
0	5
0	10
0	0
366	0
5	71
0	0
0	3
5	959
0	542
0	40
0	353
0	357
854	0
0	0
125	4521
0	2986
49	4521
3	0
107	0
0	595
500	595
124	294
0	294
0	0
2134	7
104	0
1004	0
0	598
1302	1219
14	1329
4	0
9	5
0	5
192	269
91	269
1192	584
0	576
427	0
0	0
0	0
0	341
0	444
0	281
0	258
0	162
0	2417
0	3102
0	3071
0	3102
0	12
82	2086
6	2075
0	139
112	6350
0	58
100	6649
0	4181
0	104
827	242
0	213
2666	0
206	54
0	25
0	29
4	0
0	306
116	336
9	320
0	0
0	248
0	248
3867	2
0	1815
2671	1816
3	1815
1111	3
2004	45463
62	45460
1	188
16	190
553	1335
32	1126
16	12
0	12
16	211
0	0
0	211
1657	977
45	950
6	86
1014	86
0	0
0	233
154	3372
0	241
27	736
0	731
10	628
14	580
22	3309
67	0
238	1065
7	1065
101	0
59	1919
0	79
499	1871
0	141
17	174
0	726
5	747
0	735
6	774
0	731
0	63
1552	664
2846	6
0	0
0	0
0	60
0	67
0	49
0	80
0	137
0	29
146	429
1594	5
17	0
584	54
0	54
1013	165
35	165
0	844
89	4279
12	4402
2	0
0	0
0	0
0	0
0	0
0	0
0	0
0	0
0	0
0	218
326	218
2	0
0	0
1	0
0	12
0	5
0	0
0	12
928	6426
0	606
44	6770
1488	5
6	71
38	0
0	196
0	101
76	735
623	0
496	1646
248	350
51	0
823	1
8	32
0	22
0	0
0	0
0	25
0	13
0	0
3	101
8	128
0	81
0	128
0	0
0	0
3	1
946	0
3746	22712
5171	22706
534	0
182	515
1172	515
0	46
2226	4
265	0
346	0
25	37
0	0
52	40
0	0
0	0
197	0
2	251
2154	1125
7	560
0	868
0	231
1829	0
1414	2224
26	26
2	2022
0	2059
1642	175
0	1941
0	1871
324	0
0	0
1122	1
7680	18
71	103
0	40
4809	242
0	236
5	0
0	0
0	338
0	639
425	1937
0	1937
1232	155
0	155
572	1
1119	2
0	10200
22939	38278
4659	2516
1	3
0	2
801	1
219	1436
3	278
6	995
0	108
3	610
28	1535
8738	8565
40	1364
10	8559
10	13
80	33
0	18
0	21
0	0
457	0
0	0
0	0
0	0
0	0
10	9
28	1821
0	0
0	0
7678	163
0	156
1174	1179
0	1178
0	208
50	265
1386	710
3092	2
2461	1
14	0
5	3
364	312
2	20
189	598
0	205
0	402
0	0
237	375
0	375
2	2
1364	1
3	2
652	0
58	0
21276	20
0	67
106	67
0	15
512	391
0	293
940	0
21	164
58	263
491	161
10	4455
146	4459
124	577
0	186
0	32
0	27
8	580
772	137
0	29
825	1
8150	778
30	330
0	919
22	619
13	2170
15	655
7	371
18	653
0	357
7	600
8	11
15	5
6	2315
0	2218
0	2292
0	2266
132	0
184	468
0	2
0	468
0	3
0	0
0	45
43	119
3	3
0	5
203	500
0	493
0	503
20	13877
7	13233
11	11194
0	11072
352	32
0	29
1548	1333
85	1329
2040	2
0	0
6792	15
58	18
321	1720
501	34
0	3666
3	3355
488	0
5	16
22	16
47	117
285	121
0	1077
229	1077
2045	1915
103	2690
31	2574
3	40
0	9
5247	4400
8	4400
0	3
0	0
0	3
10464	3050
8	1658
0	1876
11	0
4	27
30	30
23	4
8	4
0	76
50	92
120	20
5	1833
0	6
147	1561
223	1561
135	715
713	715
3053	2
7	259
4	268
38	107
163	123
5	91
0	80
374	3085
38	3082
1989	266
0	0
88	3
30	0
466	0
9	2126
0	1217
11	1123
385	1598
28	534
45	0
0	468
0	152
0	448
56	468
6	10
0	0
2867	0
23	0
0	0
0	0
4187	2761
0	1
0	0
0	6
0	6
9	2330
0	1558
2	1457
0	2
0	2
0	2
82	18
0	18
41328	1654
0	1602
0	0
6639	9
39	0
17	0
0	3039
4236	3922
0	3913
89	58
37	58
1292	487
0	487
64	0
138	0
0	350
0	158
6	617
59	617
2	166
977	0
137	0
25032	40428
1532	9206
78	34526
4401	2
1297	0
3	126
0	140
0	135
5262	787
0	784
0	22
0	22
24	0
80	0
1317	1559
37	225
12	62
43	1123
0	0
475	249
0	249
0	3
0	3
2	35
32	35
125	32
0	32
0	0
0	0
83	239
0	239
17	212
2175	32758
0	198
13	3488
0	116
0	2709
86	33780
40	0
3	67
32	68
1	1971
0	1033
0	1105
0	1053
0	9
0	11
0	541
0	149
0	116
26	545
180	137
89	64
0	88
0	3
0	3
0	0
0	0
3	0
91	74
51	378
0	378
135	0
3712	4
3777	1
0	0
0	0
6	182
0	29
0	264
0	258
0	0
597	4766
292	4767
0	0
17	29
193	0
0	0
0	0
0	990
1	48
0	296
8	248
50	5257
0	5266
0	5355
148	2526
0	2094
0	29
4	29
3	23
768	0
26	1873
1	987
0	954
0	101
0	883
0	0
0	0
15	35
0	0
0	35
0	0
165	3003
0	175
187	8879
54	8765
92	44
0	18
4	50
4196	4196
0	4194
0	3417
4594	5099
0	5096
8	378
0	325
0	8
38	4550
0	760
0	1172
0	619
115	4499
7227	10
25	78
296	1412
0	515
0	352
0	870
0	936
0	12
0	12
0	0
53	24
5	55
0	52
0	55
95	546
204	546
0	40
3	148
0	38
205	262
5	20
0	16
90	154
0	0
0	4
0	385
10	385
1008	666
0	7
10	9
6	16
0	6
24	54
121	370
65	370
574	568
0	907
106	2946
0	1031
0	2672
0	0
354	382
0	382
2629	1601
85	487
0	319
0	48
262	782
0	93
0	762
0	0
104	0
17	11
0	11
698	166
7	18
2	41
0	146
0	0
0	197
0	0
253	446
6	446
96	0
0	0
1637	3
86	0
0	0
0	0
889	7312
0	144
0	1611
44	1465
1233	9489
0	0
0	0
14	0
3	0
0	0
0	0
15	0
0	0
32	0
15	21
30	0
0	751
1129	1493
0	1740
1944	86
0	85
0	0
1130	0
39	0
103	208
10	224
87	122
28	418
0	228
123	228
0	0
2	0
0	0
12	0
659	1560
0	1560
0	0
0	0
0	0
0	332
475	334
37	164
32	164
0	0
0	0
0	0
0	0
0	0
0	2
594	237
25	23
43	3
0	3
0	0
10	18
16	21
152	5713
0	5600
5	2877
0	2862
0	2890
0	5472
0	0
0	0
3	0
3	73
0	199
0	149
34	10726
0	10914
152	827
0	827
0	11
192	0
1713	0
0	21
0	10
9	31
0	30
4	31
17	124
0	124
0	0
265	41
6	41
97	2996
0	2996
0	203
0	74
0	1750
154	1750
0	9
0	0
0	9
185	3
0	0
0	0
18234	9
1	2
34	84
0	84
0	47
483	47
0	0
0	0
401	0
93148	24512
0	5619
167	856
0	856
734	4
0	48
0	48
0	48
47	374
0	53
0	241
521	6925
3246	1118
3022	5814
0	0
0	0
0	0
0	0
0	0
517	0
10	0
0	0
36	0
0	0
0	5
0	0
0	5
4	90
0	38
912	304
0	93
0	211
0	11
0	11
0	0
1903	823
72	253
29	629
16	41
31	237
57	341
2371	440
89	413
0	413
229	2227
9	2492
0	1877
26	0
0	5
0	5
147	0
715	2633
10	2438
0	2256
0	2368
159	1372
0	625
0	1261
573	760
0	158
0	716
0	0
0	0
0	0
0	10
0	1
0	4
22	15
0	0
0	0
62	385
8	270
0	22
0	69
0	289
0	383
0	0
0	0
6033	2092
0	1767
0	1826
0	1987
4	9
0	8
293	708
78	102
0	3
0	169
0	249
94	406
0	414
10	409
0	0
4	75
0	60
5335	6
0	526
0	456
33	526
0	0
0	0
0	0
0	0
0	1806
474	1806
5778	1
2	0
24	334
2	0
0	93
61	325
13	0
234	48
0	48
1657	730
0	730
0	0
0	0
0	0
0	0
0	0
0	417
0	175
1959	3118
0	2943
56	0
0	0
302	0
0	0
33	897
26	702
0	838
103	217
0	217
330	912
87	912
0	0
0	0
0	71
0	304
0	745
1	165
4	225
0	865
4	722
33	189
0	67
270	738
0	4
0	0
589	2
513	591
25	33
23	235
331	826
1611	2
41	5
2	2
0	2
0	0
304	1
59	112
0	110
0	110
0	0
0	0
331	9030
5380	9035
176	4023
10	146
0	23
40	131
0	4044
0	3970
547	821
66	820
2	424
3	0
0	0
4	0
0	0
0	0
15	19
13338	556
2	539
78	0
829	1790
19	16
0	1790
46	442
2793	443
50	0
1	145
5	145
0	0
121	1205
5	105
1	1781
0	1784
0	1790
0	1781
5	1782
2	1791
0	280
234	1940
8	1939
0	995
54	33
41	33
11	0
25	3
24	54
0	54
226	410
0	410
8611	3
539	0
0	661
1306	1320
0	124
2260	0
295	402
0	402
0	291
0	0
0	0
0	208
137	328
206	328
0	113
1	143
1443	151
8329	1790
31	1783
355	5341
0	57
12	5284
854	0
12	637
0	16
0	637
0	0
0	0
0	0
0	0
0	0
0	0
0	0
0	0
0	0
0	0
0	0
0	0
0	0
1451	0
0	0
0	0
0	0
0	0
2858	3
969	2523
37	158
0	0
0	0
0	0
0	0
0	0
4862	455
154	0
73	0
807	0
0	15
0	15
0	15
0	15
0	8
986	1
782	407
7	18
2	398
104	160
846	3
0	0
0	0
0	16
0	25
0	12
0	6
0	12
0	13
0	29
0	27
14	27
0	27
0	238
0	7
106	2069
0	2101
24	2089
416	10
43	34
8	33
0	118
0	22
0	445
0	445
15	26
0	4
0	26
14	762
6	762
173	1511
137	380
145	1800
0	0
0	0
40	428
2604	431
0	40
200	352
0	14
0	0
0	0
0	0
0	0
0	0
179	44
0	7
0	27
0	22
2537	2
101	689
0	32
0	343
0	682
66	196
0	196
0	0
82	175
1738	146
29	321
1912	1051
107	183
10	183
0	0
828	0
0	0
1510	4
0	222
8	290
367	810
317	3486
9	3486
58	216
0	170
0	215
32	215
308	0
128	246
3431	4
0	4
13	4
0	0
0	0
375	0
0	0
0	0
0	0
0	0
125	256
0	1
0	4
0	1
0	1
6	0
37	224
2199	226
2	168
121	168
5	393
1105	346
19	346
28	2
0	0
30	13
0	0
2	202
0	194
0	99
0	445
1988	820
0	559
8	711
0	172
0	279
0	424
3	530
0	548
0	0
0	0
0	311
0	135
41	55
43	725
0	55
0	725
38	0
2163	390
0	377
58	99
0	4
513	95
51	4
0	4
321	347
0	215
74	0
51	45
120	45
1841	2
0	137
0	26
28	60
8	6
0	6
99	402
1	402
711	270
1	38
17	231
0	47
0	1124
0	1009
13	0
774	828
0	826
1142	0
0	0
123	0
11	0
0	0
0	268
67	501
0	0
26	0
1314	426
0	424
2006	2000
0	1999
5	0
0	0
0	0
730	871
2	871
0	241
0	0
6753	2
6	0
0	0
46	716
0	588
0	89
256	774
3	69
49	1284
15	1324
0	897
2934	334
2536	2
3609	1
0	0
0	0
9	49
0	2
762	1633
0	1551
0	28
103	0
407	705
0	560
0	613
0	585
0	588
265	836
5	5
0	0
14	65
48	65
1145	330
0	0
201	310
0	107
0	107
26	194
0	158
1072	0
3	696
7	2566
65	2569
528	1
130	182
17	182
0	95
200	719
0	191
786	721
619	109
0	0
0	0
1629	2
0	75
0	87
0	10
0	2102
24	8000
0	2498
468	8426
888	1
344	731
44	4579
24	4501
134	331
0	89
11	5121
5136	5124
0	1373
83	1373
0	0
0	0
0	0
0	13
38	13
44	0
33	254
1	6
9	115
0	116
0	138
0	0
0	0
9	115
0	15
0	9
9	246
584	592
0	36
0	181
2	28
0	6
115	446
253	14054
26	13
36	8409
0	8406
30	294
0	294
111	1183
0	1183
0	260
0	10
1574	12
1898	5
1	0
0	0
13581	27436
11	11016
12	7115
0	9755
9	14819
186	17237
6613	112872
0	14921
0	17697
67	112868
80	292
0	344
16	0
4	0
279	14226
251	14071
2939	6
108	972
0	972
0	937
3	135
0	92
64	1157
78	200
5	172
87	866
65	346
89	866
2278	957
0	955
0	24
48	24
619	171
0	168
7468	8981
0	8218
0	8493
204	14175
318	0
0	10
6558	4
0	0
16455	4727
4	4709
0	2
85	2
142	2739
1	537
1	2859
4618	668
0	657
8	2
277	7096
0	6435
0	1140
39	132
0	5
44	132
167	393
0	6
0	6
175	266
0	39
0	320
7	165
0	266
133	1540
0	520
14	1502
0	0
32	12
1	39
3	35
0	35
2	0
0	19
0	33
3857	2
0	508
0	508
407	25
1	21
24	107
6	244
143	179
0	5
1878	112
109	240
46	349
279	0
251	522
6	244
7	526
6	530
100	444
9	25
517	26
86	35
0	35
0	48
1	49
488	4285
0	4285
1587	0
593	97
0	97
0	0
64	152
1	152
469	0
1	0
0	54
0	43
0	50
0	52
330	52
7345	5
207	593
0	385
0	433
3236	4515
0	4496
1	2350
0	1057
146	972
0	1027
0	0
27	294
0	3558
0	1236
0	3595
46	3650
932	97
0	70
0	89
77	3322
0	3322
351	0
3	0
220	0
0	0
0	155
17	155
0	127
0	0
66	990
0	990
71	656
237	2029
18	2029
522	0
0	0
0	0
13	134
293	179
0	173
6	230
1408	234
0	0
0	18
505	3666
4	3666
2	95
0	1872
28	448
12	2468
0	2390
0	0
0	1270
4	546
14	167
0	3113
0	2849
153	2629
328	0
1	0
0	0
0	0
6937	2123
0	2120
6	297
630	3542
108	7354
0	1757
11	91
0	4364
0	6814
32800	29710
13	29664
27	3
0	1026
34	1031
2	11
0	11
0	11
0	318
0	320
18	14
38	320
350	0
29	139
4	139
65	686
0	686
5	686
15	665
0	1608
28056	1639
6	57
13	70
23	71
41	0
0	72
9	72
311	0
93	677
30	60
873	2085
8	2079
65	159
216	0
301	2092
0	2046
0	1867
0	1925
0	1621
3	1621
2158	7
2391	1830
60	1829
1166	0
518	336
0	0
166	226
4	226
30	253
220	274
142	3
4	96
389	99
3	0
109	0
6	108
0	1682
0	2023
42	4860
13	4760
3487	26313
3	16560
9	10651
0	25919
0	0
0	0
0	4
32	14
0	82
0	81
0	4
22	4
0	0
281	0
0	0
513	1290
0	78
0	1212
25	147
42	147
506	3463
0	31
0	756
308	3435
57	548
9	545
13	259
11	203
2	229
72	49
0	0
5	0
0	0
0	200
54	1060
13	737
47	1351
14	752
2	238
1	359
0	1180
12	8
0	8
75	0
566	0
163	0
0	328
7	364
98	401
0	243
3	0
139	443
0	443
465	1555
99	144
0	144
103	110
1290	600
177	606
79	606
135	64
9	64
128	1425
195	1425
2283	1277
608	0
0	70
0	70
0	41
0	70
0	70
23	73
584	0
0	0
0	0
0	0
0	0
0	0
17	783
1786	2274
81	750
14661	10
0	21
0	21
386	300
0	44
8	263
10	31
2	10
0	31
81	8146
32159	12967
0	0
19	0
4	26
29	26
0	12
0	11
0	8
0	20
210	1
94	701
0	942
0	1615
107	5666
36	5021
0	4239
148	0
0	471
2402	3647
756	3645
2	11
5	11
1703	0
285	7889
15	785
403	7889
97	152
0	21
0	34
0	152
104	125
15	125
1947	0
418	2664
298	2665
26	3
0	0
355	0
0	509
137	4849
8	4846
0	3490
811	3
79	0
2182	924
55	922
7	277
55	0
240	2
1078	20
29	20
307	867
0	270
115	271
101	53
11	53
0	0
218	171
0	176
0	53
2	53
0	0
0	11
45	11
0	0
89	830
6	830
0	384
0	292
20	0
2391	1
33	0
46	1947
35	1947
0	1062
0	0
1	19
0	765
4552	2076
0	2050
0	2066
0	929
1	232
0	9
0	376
11	614
0	645
270	0
14	0
10	0
10627	1594
0	1578
840	1754
33	1755
83	150
0	15
108	965
5	965
2558	2
563	232
0	232
7	0
12	52
0	22
0	22
0	32
106	51
0	4
0	4
354	0
1	0
0	0
0	121
0	112
755	233
0	0
4	164
0	9
1472	3366
2	6
0	6
0	1
6227	16
17768	8
2789	733
0	184
4349	4143
0	499
0	339
0	4069
0	4550
4381	2
536	0
1145	1
0	55
95	25
0	144
5	159
0	206
353	206
0	123
103	3245
106	3232
3720	434
0	426
17	1056
0	1
0	1
2	0
0	0
0	177
212	177
0	49
155	50
203	3
69	1
26	0
8	336
0	91
1635	549
0	210
4	0
49	412
0	193
3	445
7585	4256
6	1022
338	1026
140	19
1819	2266
0	2266
43	647
5	105
0	420
6	601
3853	3099
0	147
0	28
0	3171
12045	18
244	1157
137	1157
0	716
1500	357
0	237
2777	11883
677	11979
1	1760
0	19
29	182
67	26
0	18
0	9
0	462
7	365
56	462
885	9660
1157	9975
147	1328
1	62
4	1328
1	0
0	0
0	926
1229	2268
0	2119
13	1648
13	0
0	0
0	134
0	202
44	475
12	475
1	100
304	101
0	46
27	46
0	46
4892	273
0	268
0	6
0	0
0	4
0	15
0	15
87	74
0	74
11	4
0	592
0	459
0	953
0	1481
43	5010
6	1012
0	1012
0	1012
46	3913
2639	8063
1	8062
276	2
448	0
0	2357
487	2357
3	374
0	583
0	592
5	557
0	45
19	547
4854	987
0	358
0	622
226	3
0	0
108	28999
5449	21739
0	16400
7	27069
755	28806
0	35743
0	0
1	0
257	147
0	150
269	246
6	182
711	612
1471	3
2928	0
75	1192
19	2012
5	2012
0	35
0	25
0	21
0	944
12	944
7	99
1	944
317	445
95	18
49	185
28	1094
64	1094
0	4
0	4
30	0
0	0
56	0
0	0
2217	2
12	675
2	73
50	88
0	96
0	50
0	137
0	0
0	0
6	17
1112	378
155	330
1	184
0	180
0	132
0	237
552	0
677	0
184	1543
2	1584
0	0
77	0
1	0
0	0
0	213
0	213
0	389
11	644
0	424
1068	781
0	220
3	203
4	0
0	0
0	0
0	0
1040	1305
1	318
3	4
0	0
74	17
0	22
0	0
1081	3118
0	2084
0	503
140	408
0	2611
120	0
0	14
48	14
3400	1876
1	836
7	179
7	186
0	1668
0	1672
18	1967
14	406
2	406
1463	1221
0	1217
163	53
4	53
2083	1
0	17
0	17
6	0
302	388
613	531
16	152
0	64
0	58
0	531
1016	609
0	609
5400	5
16	37
640	715
3	713
5	0
8242	7498
447	7490
0	0
0	0
0	772
43	4458
0	1254
1	2934
0	3860
12	34
4604	2041
0	1773
0	161
0	124
0	102
0	167
0	125
7	1158
79	1789
517	1660
0	3
0	0
0	0
300	0
185	0
21	38
0	38
1756	4
1310	6019
296	2984
411	7871
38	0
62	742
13	721
0	7
14	5
3066	1407
28	1723
28	0
77	620
95	744
5	0
0	17
0	46
4410	53
3	0
0	0
0	13
0	11
3	18
0	2
0	0
0	0
0	0
15	0
4	578
0	247
0	20
0	179
0	366
801	22553
47	575
2608	1
274	177
65	0
0	2966
0	80
37	2171
3	0
318	109
123	104
41	3177
98	1991
27	235
3906	4834
36	1929
0	4790
0	214
122	156
3074	375
0	0
21	147
173	130
0	118
0	4468
0	5151
21	9124
0	5777
66	1458
0	9829
1	47
84	47
0	3925
7	22572
0	408
6927	5928
0	1325
14	6375
3	5419
4	66
0	66
0	27
86	27
365	28
0	28
0	0
21	811
0	422
0	379
0	267
48	0
0	258
0	593
0	125
1219	824
26	1
0	0
213	1303
0	294
1930	2124
0	0
0	0
0	0
0	0
0	12
0	12
605	1
0	1721
392	1721
441	232
0	232
0	232
80	0
35	0
23	0
0	0
947	689
0	42
0	30
0	0
0	0
23	541
3	692
31	663
0	0
77	124
0	120
58	766
766	2098
661	2259
21	14
2	1945
0	8
8	1972
2	1972
476	155
780	705
2	18
14	50
229	0
0	234
0	234
513	1
0	0
15	0
44	10451
127	11104
2	21
0	62
0	119
9	35
660	361
32	121
0	83
296	0
952	344
511	1019
81	6
7	1014
17	87
10	2055
0	591
19	173
0	2025
5	5738
17	2075
0	5738
1054	578
5	578
1755	22217
477	836
0	835
4872	800
27	18
0	226
0	22
1	844
111	4508
0	742
1793	1
0	64
0	32
0	24
0	64
408	3
0	3
7	28
10	62
5	215
727	561
6	326
414	151
0	11187
33043	11210
0	5
10	0
727	4506
0	0
0	0
0	0
650	4
0	0
120	23687
4	23567
395	21676
497	2442
0	3552
0	3667
0	285
5365	4370
0	2500
0	3394
3	5305
0	0
0	0
0	6
0	6
0	0
0	5
0	1
0	1
0	0
5881	10
890	1453
25	1453
0	0
137	7
0	2
2	0
97	3
0	0
0	0
0	0
284	3026
263	3026
0	6
0	0
0	6
0	6
0	6
2	0
21	2
43	3338
5493	3340
183	215
396	0
129	1933
0	405
0	1361
0	944
0	1328
19	1361
0	1933
0	1949
213	9902
13822	9909
0	0
0	0
191	21544
0	542
242	551
262	177
3	177
5	0
7	37
0	37
36	162
2	162
0	162
0	162
3114	2471
147	0
0	1302
163	1302
11	23749
161	23832
6	145
22	145
0	374
2996	3105
0	3891
33	2986
78	3905
0	3257
54	3469
102	3584
12	1
262	0
0	31
0	190
37	255
0	198
521	483
0	481
9	0
0	0
23	1667
0	302
0	1452
0	1332
0	1358
1273	19237
0	19237
44	167
0	76
0	167
114	0
0	0
319	0
0	4039
156	21881
264	2167
50	25524
55	16
0	16
0	6
12	0
206	0
0	0
0	0
0	0
0	0
467	0
0	4
0	4
0	281
3	419
968	3359
0	19
0	3339
0	3342
117	100
36	5142
306	5242
0	0
164	125
0	125
0	1
13	41
0	12
237	21527
0	32
27	32
0	0
0	0
0	1836
0	66
49	192
10	236
373	1836
0	1421
15	1431
0	1024
0	1024
212	889
0	889
68	4
59	25458
23	25481
0	0
0	1
0	1
75	3930
0	3930
0	3711
1381	0
0	3
7	40
0	0
155	111
1676	11825
5	11825
8645	512
0	501
23	4
0	4
0	12
66	12
0	0
0	12
406	5
5	23768
3	23823
0	682
0	107
1	386
10	475
221	785
0	57
37	0
0	0
136	311
0	311
3326	2586
0	2582
30	25
0	25
17	9
598	21554
11	8
4891	1773
0	23
0	1770
129	23954
20	0
21	0
6	37
82	157
0	157
0	310
0	127
628	551
0	368
40	0
378	3874
237	520
17	520
0	39
38	121
31	137
4218	97
180	96
1738	1
528	610
202	610
477	118
194	0
294	475
0	396
0	179
389	178
16587	10
10095	5230
224	5214
0	407
1	58
390	2057
0	2020
254	504
0	503
0	14
7	26
0	26
12	10
50	831
144	821
0	11
5	32
0	0
0	32
12	21538
125	1092
0	691
0	549
0	504
25	762
1	683
0	690
261	5523
0	171
5	5523
36	4
0	0
0	0
0	0
0	0
0	0
212	589
6	4001
50	21857
3	4186
990	4186
0	364
25	355
12	350
3502	0
0	40
2	40
1517	1224
0	1224
0	0
1991	1585
0	1585
22	92
0	92
1032	3
0	234
15	234
32	1746
0	116
0	218
4	1663
50	1789
506	14
172	2841
0	2402
87	0
45	0
13	11853
0	8055
290	12195
0	7247
169	0
16	7
0	7
21	43
58	464
4	235
0	139
0	97
0	469
3	168
9	1472
116	1517
0	181
14	0
0	4
0	9
0	11
0	11
5409	1132
34	47
16	23
0	0
0	23
736	110
3	109
0	55
0	111
25	185
0	82
0	112
0	318
0	805
28	805
224	369
2	369
0	126
264	126
27	626
0	626
0	0
14	122
0	6
116	316
39	5877
0	55
33	5932
0	432
151	519
30	754
0	658
24	520
35	773
6	590
0	754
0	554
5	259
0	109
0	39
0	5
130	281
0	0
0	1
364	203
0	203
2	0
823	5909
0	1236
0	444
34	6180
0	119
1039	1316
0	1316
0	228
3751	471
0	473
11	22
0	0
0	0
1759	2001
3	121
14	1999
0	1895
0	148
5	35
0	62
8	102
9	56
701	355
0	1006
0	133
784	1006
0	618
8	697
28	3204
51	2372
155	2492
87	0
0	0
0	0
1006	289
0	153
2582	160
293	7
45	0
8286	11
35	2
1264	771
2823	3
0	0
0	8
5	8
0	8
3	48
82	505
10	62
0	50
84	457
0	228
2990	2
0	11
23	11
79	3
0	3
0	69
4	106
0	137
0	131
291	0
246	97
0	117
20	146
2279	1721
0	1715
0	169
7766	290
541	128
0	128
14685	380
0	365
45	624
12	624
0	190
471	1169
19	1169
462	1738
0	1432
4	46
0	1099
2	766
3	189
0	190
0	189
12	71
3	102
0	12
0	1096
2	5
1297	208
45	351
25	774
0	1942
0	1942
0	0
0	718
10	483
376	857
0	2893
0	2470
34	3024
455	85
12	85
1275	278
6	275
5	786
0	310
4	870
2	2519
0	2750
0	3412
65	621
413	621
0	1
1	58
0	58
0	0
0	0
5502	1300
0	535
0	53
65	262
295	850
15	299
0	228
47	299
1754	179
1125	2
0	0
0	0
247	189
0	189
5319	1187
0	1183
0	407
733	363
33	459
1443	620
108	0
226	631
24	631
1	0
0	0
0	0
0	2
7	2
0	143
1912	144
20682	37
213	340
0	340
490	0
110	705
429	706
8881	1214
0	1210
0	0
0	0
0	0
368	236
485	376
0	374
1528	1421
180	395
470	3680
0	3280
0	1916
0	3232
0	3134
116	0
163	3
0	3
87	0
7834	6
290	939
0	939
177	0
960	3656
74	3656
0	244
1178	244
0	89
1163	1944
0	1944
0	6729
0	930
10700	7668
0	908
7	214
0	214
0	18
26	18
0	1
75	1
20	48
0	48
0	0
0	0
15	2
2	2
38	0
0	220
0	226
7	226
0	0
0	0
24	0
538	622
0	622
2210	431
5	315
0	527
15	74
134	1006
31	1006
1328	1152
0	267
2	33
0	0
0	0
0	1
0	0
0	1
0	1
0	1
5	221
0	76
0	35
0	227
0	180
8	227
0	44
0	10
15	469
92	69
0	69
2031	870
32	30
0	30
8508	593
0	8
0	8
163	24
0	24
433	0
33	590
0	559
404	79
0	79
0	982
186	982
2	585
0	238
0	238
6	0
0	0
1433	4453
0	4666
0	3212
0	2
0	1
0	2
0	10
0	10
212	0
13	210
0	2
0	268
0	92
0	113
210	104
36	93
41	103
29	0
10	9
1298	419
5302	4
2286	661
74	661
16	55
75	55
649	0
1721	2
1	282
156	441
1	24
284	1
26	25
2358	2971
0	858
0	1693
25	2753
0	0
0	0
2438	5
0	46
6	672
77	718
4	0
19	0
0	2
0	0
84	2
0	34
0	84
0	81
1163	1
1658	95
0	94
410	2
960	2
0	92
7	109
115	167
99	6
0	26
13	21
0	5
0	14
0	0
195	352
245	0
0	0
0	0
0	0
0	0
407	127
1184	3
423	0
0	6
0	7
0	7
0	11
0	6
0	1
0	5
0	6
3	0
0	0
0	237
593	1193
0	1193
0	166
15	0
0	1
0	2
0	2
40	746
9	609
0	712
2	12
19	12
85	375
0	33
133	272
0	371
1389	611
0	70
1405	2154
0	1767
4	573
1	134
71	1767
43	9
26	591
270	593
145	0
541	0
36	351
74	351
2682	994
0	13
87	13
714	635
4	635
73	59
4	59
25	1360
4614	1583
0	1496
1218	728
323	632
0	632
0	405
588	405
325	4044
52	3818
71	0
0	50
29	50
2	0
0	69
30	677
204	677
138	390
0	248
0	112
32	112
1	5
0	32
1408	825
0	820
0	149
0	280
7	280
4	256
2049	0
514	0
412	956
0	956
0	6
0	6
4	11
0	0
0	0
0	0
45	183
22	183
3	0
0	0
38	396
5	396
3281	1728
0	4357
66	436
258	3787
256	1541
0	435
35	1541
910	18
0	18
0	1047
239	1047
3529	0
0	9
62	9
0	1812
8	1836
0	1884
13362	537
5	525
12	630
10	630
15	925
9	176
0	355
575	2969
0	862
0	2045
3	16
94	16
2138	820
12	68
0	19
0	62
0	69
705	0
240	2379
379	2384
117	0
145	1416
93	1416
128	52
1	613
409	614
5	4
0	4
6	38
0	47
7	167
0	207
0	238
21	238
0	207
0	183
37	1
0	1
244	5011
6	0
0	375
0	392
0	123
79	417
734	2594
2740	2778
278	2773
31	68
722	1439
0	1328
0	232
0	322
3343	1557
661	1555
28	39
25004	12
138	0
194	2507
0	2622
199	1455
0	0
1411	1
74	10
0	3365
1050	3541
39	2685
577	21599
286	21598
1728	2
677	217
0	4
0	214
5	0
3591	5
430	2332
36	2332
2	212
0	441
0	394
4	275
0	369
0	369
0	416
0	416
0	22
174	970
0	1138
0	1163
20	1087
0	0
0	0
0	0
18	0
30	0
19	0
1	0
0	0
0	0
5	0
0	0
5	12
0	1
3	12
185	0
5	0
9	22
0	19
205	0
0	0
57	3
0	3
39350	54
0	66
3868	2825
0	2822
0	2825
1687	0
15	273
0	273
23	290
7	219
631	326
957	76
36	455
0	54
22	503
1	59
4	6
0	6
83	290
0	442
0	8
0	8
0	12
0	666
0	258
0	260
0	41
14	684
0	704
0	704
49	713
0	711
0	661
0	704
2500	42
26	42
2	2282
77	2505
38	1587
38	190
0	76
0	190
0	182
0	484
0	1246
0	609
394	1261
11	3
122	301
0	2
4	297
0	301
33	4374
0	685
0	465
14	4379
103	0
0	10
416	1108
0	1028
70	1108
9729	10
154	3084
0	3084
73	28
102	28
324	7
79	7
515	666
5	666
1274	2
0	0
2311	15
312	9
0	20
45	23
87	37
1163	79
0	78
2905	7
0	42
390	489
2	341
5141	5
4278	8
503	24
279	0
0	0
0	0
0	70
7	254
0	0
0	69
6	188
42	0
6	428
5225	8336
0	8324
8616	5
358	1076
0	1076
154	393
108	181
767	1736
4	160
6116	9878
603	8636
36	7990
79	3
0	1
0	0
453	2
26	0
114	5665
798	28
433	1082
6	4909
44	936
93	2928
3144	17968
0	6436
0	11531
0	6
0	6
0	6
0	4
4421	1203
0	1177
3	11
0	35
0	244
68	395
2378	5
0	1498
420	2022
1000	0
0	0
137	197
18	38
52	842
0	29
0	842
75	0
140	56
633	899
0	899
178	129
178	0
0	67
21	67
1363	817
0	817
42	1229
0	1146
910	877
42	63
27	864
0	20
0	0
1	38
1405	4
2	1653
1524	1653
8356	2659
0	2768
302	188
0	0
0	7
3	76
0	76
0	235
156	1710
45	1705
0	0
0	0
479	509
16	509
588	1376
0	0
0	454
0	1176
18	223
0	223
36	1930
2	924
0	926
0	888
0	918
0	923
3	923
0	444
72	445
0	181
217	181
749	13421
6088	16025
19	6919
332	0
36	606
3	606
2	2
104	0
3	0
100	43
0	41
0	0
0	1081
0	1054
12	0
0	0
28	8
55	22
0	174
110	174
292	785
1	11
33	39
163	39
80	68
183	6
26	1874
0	0
5731	9997
129	0
60	117
1161	120
0	1
38	51
41	51
4	1064
0	673
0	750
231	405
720	405
90	48
0	48
117	38
0	38
541	0
0	0
0	14
0	0
0	14
0	0
0	66
2228	249
0	247
1184	0
106	260
0	260
1021	731
0	728
1063	18
13	17
11	1928
0	0
0	0
0	1758
453	2209
0	2209
0	3808
3	341
0	365
34	5952
1611	6040
324	0
6	56
36	78
0	65
0	171
0	114
0	170
2421	678
0	677
70	439
0	0
654	345
0	345
31	136
214	271
0	0
0	28
4	277
2	284
0	149
316	411
0	52
0	370
70	874
448	874
5371	1012
0	0
0	0
0	1
0	0
133	1316
38	1316
23	173
1878	919
109	258
100	484
908	3
49	84
55	84
4	0
0	0
0	6407
10	6407
876	0
1482	0
1856	3
894	0
21	29
0	45
0	1
1098	0
4	13
84	13
2900	3
5484	293
0	286
1082	581
2410	0
0	8
0	2
16	81
1	81
0	0
8	0
78	0
10	0
0	10
0	13
0	13
0	0
0	0
111	10
3	11
0	0
6	1076
3	267
5	0
35	1071
0	159
0	905
9	3
0	3
8461	4917
2393	4910
1	2309
70	2263
1505	4
14	4
0	4
2395	1050
248	1048
3	272
257	278
2344	457
1	447
0	411
38	62
2	0
0	16
41	284
4	282
0	264
63	9
22	9
0	9
145	129
0	243
281	385
8348	762
899	321
2	117
0	204
49	0
3	0
40	0
653	7216
2813	2624
229	7022
0	2694
0	261
5	325
12	417
9	198
0	157
0	2688
0	2596
15	2683
0	2588
39	132
3	33
0	4
516	1801
0	1801
1	0
2	49
25	248
0	245
1214	3037
0	3037
0	2960
7	1020
74	1088
6	396
0	395
0	0
0	0
6	5
0	0
0	0
193	2104
1406	2252
35	70
29	2250
958	0
811	8042
0	635
6	479
0	8200
0	880
0	9
3088	1938
19	1962
18789	2559
0	1977
0	13
0	4
2	535
0	388
1508	1906
44	1389
0	12
9	17
90	432
38	1978
432	1660
255	1706
497	52
0	52
453	719
2	107
33	195
0	412
39	0
0	137
65	137
0	14
0	4
0	0
513	43638
28487	43662
1594	1700
0	452
0	703
438	161
0	8555
0	707
0	827
232	8248
40	8388
4	8735
1333	6
0	11
0	4
143	0
11	0
0	0
0	0
0	0
0	0
330	73
0	73
268	1
0	4
0	71
0	823
798	1002
171	1007
1	690
0	0
0	0
0	0
0	2
0	12
102	197
110	197
0	1
455	0
12	19
387	2063
16	11
0	11
0	4
0	0
0	0
0	0
60	114
2160	4
2598	1368
850	0
184	0
0	41
0	60
1855	895
1	895
0	27
6	70
0	70
103	296
3851	7470
378	2480
0	7467
0	0
5	0
0	1762
9251	3929
3	2540
51	4971
1698	1431
0	55
0	513
34	1427
462	0
325	0
379	1044
0	1044
2	0
0	0
0	2
0	2
1090	488
0	386
0	413
0	114
802	228
15	114
343	0
0	3
0	0
1	0
0	6
0	24
0	24
8	285
340	301
23	126
0	12
0	289
9	0
377	2
16	207
0	207
7	0
37	203
101	203
531	90
0	90
7	0
341	4538
36	3555
36	3602
31	4250
1217	0
0	0
0	0
0	24
0	24
9	18
12	18
53	0
59	0
6	57
0	149
0	142
0	65
802	65
0	119
0	0
280	0
28	305
14	305
792	37
0	781
6	1780
5	610
174	1637
0	650
0	521
3	1505
0	3
0	3
258	18
0	17
0	41
0	255
0	161
0	48
609	460
0	0
12843	21
0	1023
3165	1090
0	1079
830	788
0	788
61	9
0	9
5058	1770
21	1761
8	778
3926	12
356	1322
0	1372
0	1424
10969	85212
0	85202
0	3
0	0
4	20
4	23
5	0
3	0
0	0
6	0
60	138
0	26
110	41
133	166
329	1752
23	0
0	0
0	0
0	0
0	0
0	0
0	9
0	45
0	6
133	60
30	565
3	152
1	565
51	8
1977	0
59	291
689	291
0	92
447	144
0	144
0	719
0	663
11	3757
8	247
747	3757
2	28
28	77
32	214
18	4
0	4
3	0
287	1117
55	1117
0	0
0	0
0	7
9	10
0	10
6	161
0	162
0	162
4251	4
0	1910
818	1910
25	0
2	7
62	871
141	1036
0	0
0	0
0	64
12	69
901	153
12	152
271	1209
518	1212
286	5497
143	5497
24	0
6	0
20	0
0	5
0	5
0	5
0	5
0	5
6	5
0	3
64	230
370	1057
0	829
2333	1
0	485
3261	487
0	0
16	0
39	494
6	494
27	36
0	2
0	36
16	17
95	143
1492	1437
0	513
11	521
0	1435
0	0
0	5
0	9
56	741
0	602
0	507
0	490
0	436
0	432
0	581
36	767
0	570
1	479
9	1094
1	1309
0	0
4	0
1	2
0	2
0	2
0	0
117	158
0	158
330	105
185	0
748	2188
19	2188
0	0
769	1
0	0
0	0
0	0
0	0
217	216
0	95
21	0
0	415
616	2347
1423	1149
8	15
0	15
0	207
2951	212
3093	4
0	0
101	0
1397	0
3	8
198	0
1	343
0	20
951	3
1669	6
32	16
0	16
0	505
2109	783
91	719
0	274
0	0
0	943
4491	5423
5362	2331
3	2325
1318	0
1441	0
0	0
2012	0
0	131
501	131
0	7
58	7
627	7
101	0
495	881
364	882
203	0
4	6548
3829	6469
0	3213
0	3039
5	2964
2	664
0	418
0	321
17	660
32	187
134	187
0	0
0	176
0	261
0	274
1	274
742	2
31	162
0	5
113	0
179	384
0	310
50	384
0	115
0	0
0	0
2173	0
180	0
13	175
0	175
6974	2207
0	2193
0	2066
0	2174
0	2134
0	124
0	46
0	10
38	182
537	1291
0	1291
0	134
16	115
0	60
95	157
42	31
0	31
0	2
0	0
0	0
53	49
0	0
51	51
615	811
67	2231
0	2719
0	2281
0	1959
160	12372
554	13523
0	12796
205	12159
23	0
2	121
472	741
0	741
0	174
1	178
0	0
3	0
152	32
0	0
1	4
8	47
0	859
0	77
4	59
52	1252
0	532
0	848
12	331
22	297
9	302
0	1916
3975	1922
80	0
2179	1376
1215	2862
0	31
0	273
3	545
0	65
0	467
0	504
0	499
137	440
30	255
323	440
0	0
0	2
0	23
0	23
160	556
1824	1731
0	1716
38	0
0	0
0	0
121	52
226	140
2	122
0	435
0	45
0	435
14	1732
22	402
81	24
0	9
0	15
64	6303
16	6303
0	1436
1753	1919
7	1913
0	1493
1287	1815
19235	10
17	0
575	5724
0	6585
10414	6164
579	0
0	4
0	4
93	0
115	1843
10	1843
153	109
1893	8
0	2859
0	1049
1	212
0	1629
1259	3685
0	1859
0	4579
0	96363
168	106287
0	104988
2565	25425
10	0
0	87
0	0
0	152
0	203
0	206
0	169
0	0
77655	6140
0	6041
0	4412
0	4
4	4
29	286
11	286
3	29
0	29
293	104
0	104
250	0
341	19253
6	15795
3	5888
5	16068
10	15602
446	326
187	513
6	388
149	7650
7	1909
28	5566
128	3996
144	1795
0	478
0	662
22	1826
159	0
0	0
0	0
0	0
0	0
10	107
0	65
39	169
0	153
0	124
0	163
0	18
0	0
306	0
441	226
0	226
28	49
0	49
5	159
80	159
0	132
259	698
0	132
0	0
606	0
0	898
0	190
0	965
509	1030
34	58
1373	0
0	1010
595	978
4105	1033
2076	336
0	336
0	0
3	0
0	49
0	49
0	49
2981	4
4049	465
0	10
2183	7341
197	1
0	0
0	0
0	0
0	0
109	138
0	138
63	55
0	55
40	7
0	12
22	8
11	4
13	0
4213	7772
94	556
4	45
59	45
8	2401
140	2401
345	136
5	136
0	14
0	14
16	731
116	820
974	207
59	0
0	29
0	28
0	29
11	0
0	0
0	0
98	52
0	52
0	0
146	118
2433	318
65	308
10	10
727	391
0	390
11033	2616
18	1008
0	27
0	723
0	756
7	463
768	3108
0	1202
9	3
0	0
6485	2
733	950
0	950
1201	2
0	12
4	12
0	823
58	253
2266	860
0	0
0	1
2	1
63	4253
165	9130
105	5196
11488	8355
0	8286
1059	4295
92	2000
52	57
0	2840
0	57
0	57
0	2866
14	320
22	458
1474	433
5	52
91	93
1	8
0	2
6862	7
1019	433
10	430
4037	34144
0	8791
9	37779
0	34427
28	29976
91	3810
53	3810
4630	2
1	42
0	42
3	0
72	0
0	6914
29654	9393
6	3423
181	0
585	734
0	0
0	0
0	0
279	0
0	5
2509	2254
0	2254
2	242
86	243
0	118
108	0
2765	9
2136	0
88	0
3617	10
307	65
1389	692
0	3
5	0
1	281
265	281
103	472
0	659
0	630
6	0
20	34
182	146
0	146
523	1555
0	1553
2084	3063
103	1079
0	2140
183	2578
2	2141
3	1408
63	1408
0	1408
4784	1531
0	1521
95	5018
655	2593
9	5629
0	4
0	4
505	1274
0	1058
12389	1506
10503	19
72	0
44	0
0	0
0	0
0	0
4	79
2	4
202	376
0	376
543	425
0	71
0	66
45	356
78	1400
0	1400
122	405
3	6
0	6
557	0
54	0
0	129
0	30
0	147
3	0
0	180
0	122
34	107
98	172
0	172
0	6
106	6
85	1080
0	509
0	340
0	432
3	46
0	2
0	24
0	52
1706	5
0	646
13	105
33	791
3661	1408
0	45
0	45
0	0
0	29
0	0
10245	8
80	59
0	18
0	34
3	50
1	0
5	0
0	0
7	0
5	1
0	1
15	0
31	259
56	66
183	2215
0	907
23	2215
12	109
492	0
4	2177
17873	2191
1	11
0	0
0	0
16	0
29	65
24	189
532	1962
27	494
0	1979
0	33
0	33
1	0
1	0
498	0
3	0
961	160
0	156
165	3
211	5267
4	5344
0	5544
173	0
2659	116
7	116
225	934
0	506
321	3155
503	1021
0	2870
0	0
0	0
0	0
244	94
2442	0
10	0
14	59
0	16
0	18
0	53
0	0
115	1095
1038	1095
10232	3555
29	1573
413	0
0	296
0	300
0	388
0	413
521	268
1	90
0	86
0	117
0	58
0	58
1	4
0	4
24	0
2438	3895
0	29639
0	30325
29	30407
1253	2816
276	216
14	233
93	0
603	6548
0	4973
0	6131
11	853
282	8673
0	2908
0	5202
1345	8516
20	112
0	112
0	5
0	5
0	16
0	4
0	11
0	4
2995	3327
170	3327
61	23
0	23
0	0
175	0
17	0
3110	5
0	13
0	0
9	13
2426	1072
4	1070
54	157
2	3
0	3
17920	43
0	1
0	1
0	96
769	96
111	44
0	41
3041	0
104	27
3	279
0	305
0	305
49	298
0	296
0	0
0	0
0	4
0	4
4853	2294
0	0
0	0
0	0
138	240
0	240
890	207
423	0
0	0
0	0
0	6
0	16
0	16
900	3640
3	3640
0	9
538	0
110	2341
3	1403
26	703
4	5612
32	5323
29	116
6	0
11	0
654	0
149	875
0	4087
0	11525
368	9924
0	0
5	36
0	123
3	7
0	123
0	200
16	1259
0	1397
0	1345
0	0
380	496
6	231
1	496
1663	5
0	0
0	0
7	0
0	0
445	0
0	0
1392	646
0	646
4	150
0	150
0	12
0	0
0	0
86	0
3713	837
68	835
0	102
0	506
3783	559
0	7
0	758
8	280
4	6967
51	7124
0	6857
5	0
0	0
0	0
75	40
0	40
445	165
347	21
0	21
0	0
0	0
8	549
2	13
2553	708
0	260
819	0
146	390
1780	1
67	347
0	347
0	203
50	1597
14303	3198
0	1816
7	894
59	259
83	115
1650	118
0	0
0	0
89	0
2052	397
0	25
81	261
0	625
0	41
0	869
0	739
2153	2510
0	650
13	637
5	549
4	106
0	177
143	213
0	116
0	4
0	4
0	0
0	0
0	0
0	0
38	0
346	0
0	0
0	14
0	0
0	0
0	313
7	67
387	1513
61	1010
95	191
324	0
4482	12324
1	2356
0	12052
121	113
10	504
120	1012
0	514
0	231
10	18
0	394
0	194
9	275
0	964
1	770
1726	1370
116	132
8	1221
0	0
14	390
0	202
22	202
0	58
1	57
65	129
7	0
0	35
185	2064
0	2060
1	644
1	203
0	127
0	541
94	0
3768	4940
66	4938
2334	365
0	364
11931	16
0	0
0	0
0	0
0	0
0	0
0	0
3	0
0	4
0	0
0	0
0	0
0	4
5738	1133
132	339
0	1014
2412	5
2	2
1717	983
43	158
4	981
52	981
1239	1
0	0
67	1626
3	1
0	1799
201	1761
0	3
1	7
0	1
0	1
0	7
9285	1549
0	217
385	0
0	0
0	0
0	0
0	0
0	0
0	0
0	0
0	0
338	0
0	0
457	1150
22	1150
1042	6834
639	6836
78	663
0	663
0	0
1090	0
96	74
75	1841
28	664
647	1600
5	354
66	42
0	42
7	0
6	130
0	1
5075	575
177	574
424	451
0	450
5584	2198
415	108
0	108
6	0
179	491
63	4614
7	4666
0	4318
0	0
0	11
0	11
76	0
0	7
4	7
3	0
140	604
8	604
161	5804
12	2285
5	316
0	250
1	5715
0	5686
9736	6
0	7
0	7
6035	6343
41	0
2500	1
193	32
0	3
41	29
0	474
692	721
9	247
22	139
8	52
0	154
0	2452
78	2291
101	487
0	2186
0	2185
26	2569
2006	0
13	36
0	25
0	36
0	1027
0	806
19528	574
5	134
154	138
26	0
2217	4
0	0
0	0
2	0
410	2
35	7
0	1
0	7
154	2
0	4
0	12
0	12
0	1222
0	1320
0	1304
1	880
49	1320
0	0
6	12
407	519
2	551
6	551
0	9
0	9
0	7
2844	17
0	1754
143	1775
83	1775
46	181
0	365
31	365
0	108
671	1700
208	1700
1008	943
0	244
0	4152
0	2484
0	4108
1165	4157
0	0
0	0
6	76
894	1
7	58
0	21
73	77
2	19
7	49
7	37
39	167
1752	790
0	641
389	793
5	349
37	241
653	241
3846	7764
9	65
0	65
160	2186
4	131
83	276
10	1943
0	2260
3	2285
378	4
0	4
0	4
1	170
2	0
2	18
816	2
389	10
0	10
109	0
0	0
315	645
0	645
76	689
0	689
575	1
0	0
9	3
0	754
0	1250
0	322
2798	1223
0	12
13577	6
269	2326
0	2326
0	20
188	20
5304	352
9	346
0	3
0	3
143	9976
0	7922
793	5329
6	14442
14372	14459
0	1
0	1
0	0
0	0
0	0
1	1
27	11
0	122
20	0
13823	699
0	521
2064	2237
52	0
0	1
1527	147
0	145
25	260
3628	864
11	16
196	867
29	884
18	876
0	18
108	86
237	944
0	8
882	37
5011	2800
17	0
0	224
1725	1
280	2470
11	2408
0	2325
8	2323
0	2
4	384
350	384
0	269
244	876
6	187
52	953
253	3167
0	78
0	339
0	751
0	582
140	909
0	1479
140	892
0	150
9	502
0	447
0	0
71	0
355	118
0	118
4	1
730	0
33	1706
2569	1706
912	0
121	65
0	65
341	2018
24	2059
0	125
4739	125
188	253
0	253
169	0
15	150
26	150
0	195
0	0
0	26
0	21
2	68
52	74
0	0
132	465
0	465
0	298
0	4325
0	4286
2	4333
32	4333
13	4337
23	120
0	61
2	59
4	0
235	2009
10	2008
80	44
0	0
0	0
618	673
8001	13
0	0
3	4
0	4
0	4
1171	145
0	5
0	5
0	1
32	186
2044	527
0	192
64	604
692	605
1161	2
4712	5
2	0
0	0
408	0
94	153
0	153
130	265
211	3045
3	460
418	2978
23	60
0	60
0	0
0	2489
5351	2496
66	152
1778	0
471	0
49	0
108	117
0	117
23	0
0	0
0	18
10	93
0	0
0	92
0	92
0	0
0	1318
0	877
0	201
0	1315
0	194
0	0
0	194
79	370
0	179
0	0
6	1578
377	1573
0	1628
361	735
0	104
23	1067
850	970
93	2575
0	1070
0	1066
10	2419
0	1887
1187	88
0	87
381	1447
0	1447
0	126
223	387
0	266
418	360
93	51
0	27
0	23
41	41
458	64
867	0
1	12
17	13
1	1
0	1
7376	1081
14	1076
17	38
0	38
1200	4871
0	695
0	794
0	1174
0	1972
0	936
0	1527
0	923
0	616
0	1505
37	3905
0	80
0	3941
0	3832
133	3988
2	3941
0	900
0	383
21	281
0	415
0	364
20	1059
0	830
19	887
0	885
2174	1658
50	91
0	1653
1676	213
0	110
0	102
46	116
0	13
0	100
1086	3
0	3820
0	3765
15	3963
0	4397
0	4550
2	4382
2513	43717
0	37909
13579	45983
0	45954
205	37400
118	0
1150	1
6	1667
0	786
0	820
4464	1294
145	0
4	269
4	269
0	112
0	269
0	52
17	6
0	0
0	357
0	61
324	357
0	0
3931	3
0	0
0	374
0	2249
3	367
166	2249
0	0
869	0
794	192
0	84
0	110
257	527
192	1026
28	1026
0	1
0	0
0	1
63	0
0	9
0	4
0	5
433	73
24	312
217	312
0	3043
1053	3043
87	0
416	640
0	640
59	0
1616	2
0	5
0	5
65	467
0	467
111	333
0	343
0	367
0	330
1525	3
1743	2
0	22
200	45
0	40
0	0
0	0
1	4
67	0
4	324
0	352
0	3148
2912	3148
1911	1323
0	591
0	1165
1421	38
0	38
0	1
0	1
0	1
0	0
482	194
0	194
1124	1772
0	1770
703	104
0	82
0	45
0	276
1	274
0	81
1655	83
0	47
4	638
13	638
0	0
0	78
85	256
0	137
0	119
0	0
364	0
68	5
1113	1153
52	1153
0	0
0	0
324	195
0	195
0	38
0	69
41	77
8	77
0	0
73	457
0	494
124	711
0	236
1046	711
809	589
3701	5
13	0
1566	672
2	665
0	6
44	79
4	0
126	0
0	11
0	28
36	229
41	372
0	351
0	4
0	4
0	4
0	1
12	2095
1	1205
120	1236
58	1276
0	27
0	366
0	1491
338	1518
847	259
2	6
0	237
5	237
0	219
885	1
4661	28
10	27
783	1
0	1488
0	378
0	469
0	1399
0	2982
0	1065
0	3190
222	0
640	20
0	19
0	0
0	257
2595	2860
150	2922
0	9
0	1
4	8
0	5
0	5
0	5
495	0
17	0
0	0
12	0
37	255
1787	1097
0	1097
0	36
0	36
371	133
0	131
4872	1008
0	1007
0	0
1784	736
0	729
0	14
0	45
510	129
187	130
27	567
0	73
3	56
220	540
59	97
0	109
90	755
6	1046
0	1046
0	0
0	0
0	0
0	2802
0	124
0	2568
0	2474
0	1804
0	6896
1086	6898
17190	16922
0	558
0	16909
9396	9140
1049	8959
4	17
0	3
0	0
0	0
2	468
6	196
0	11
0	195
0	178
0	468
2457	6
373	106
12	16
0	90
41	1
0	554
0	20
116	20
0	0
1230	5
180	1510
2095	1513
13152	10
5	137
304	935
0	932
0	0
281	207
0	23
51	444
1774	0
0	1165
64	1166
18	0
0	0
5	0
28	0
1334	3
57	229
16	229
645	2
130	0
2	1178
0	1284
0	1283
413	2907
1728	2909
0	0
0	0
0	0
94	170
0	85
371	85
449	393
0	442
5	123
237	1422
0	237
11	1422
27	0
0	0
178	0
9	1243
0	1230
41	0
742	94
0	94
26987	22
0	0
0	0
0	0
0	0
22	0
79	7
3	5
1	5
0	0
1092	2
49	39
0	39
13	52
0	52
0	52
0	52
1512	0
374	0
0	0
0	2125
0	259
1	192
0	2
61	2331
4498	1023
91	16
28	8
0	1002
1	455
443	443
4	743
0	832
0	3124
0	3049
21	2621
0	0
0	0
862	0
17	0
21	61
0	61
0	0
0	0
288	0
0	25
152	800
100	800
0	0
0	0
16	1020
0	371
0	439
0	371
0	7122
8	10815
9234	46015
0	46008
0	97
0	0
13	21
4	1407
33	1427
10	1276
80	89
0	89
67	21
0	21
0	2
922	447
0	447
52	0
4318	9
87	157
0	157
740	54
0	54
32	59
0	0
0	59
0	0
0	0
2198	3
1026	0
0	0
102	16
0	16
0	4325
353	17334
324	4218
0	1694
8883	18197
5	6
2	0
0	36
159	36
334	9857
242	9084
0	6613
0	2
0	2
23	2
249	0
247	296
2	0
14	291
0	276
1643	8
16	355
0	179
5	108
0	267
0	145
0	177
0	127
0	192
0	77
8043	13
55	146
53	171
3	7
2605	211
9	0
0	5839
1613	5839
0	0
0	0
0	0
0	31
3	1
0	67
484	541
0	541
0	561
0	668
160	668
9	0
0	0
0	0
165	0
686	2
18	67
0	22
608	13
0	14
59	60
887	726
303	0
6	0
11	7
0	0
0	1067
560	1072
1	2
259	680
826	683
15288	2362
0	2316
5	1048
90	172
17	433
1	125
0	473
0	460
0	7
1445	0
0	5
7	53
0	95
0	140
1178	288
785	3
0	7
0	7
0	2
0	0
2	0
537	79
0	78
358	99
6	99
6250	4
354	1136
126	1136
0	149
0	49
0	110
0	137
0	76
2	117
39	0
0	0
0	0
0	0
0	0
0	14
0	1075
458	1075
5	40
1240	40
81	1131
6	444
408	1121
2576	75
0	70
2661	6
64	0
2909	1833
0	56
8	9
0	5
0	45
0	186
39	186
118	383
19	3113
129	438
0	3103
5298	18
0	11
21	282
173	2
7	566
601	749
161	1724
64	1724
0	0
0	0
0	0
0	0
0	0
21	110
32	110
0	362
31	411
7	348
7	298
0	2
0	3
0	3
0	2
33	306
178	306
0	91
0	99
7	99
5	18
0	14
0	1313
17	720
1	552
48	0
25	896
0	339
0	346
11	7
0	0
226	77
0	77
23	35
10	31
0	29
0	24
0	7
0	7
406	870
0	521
0	50
0	911
3915	5
1890	2
17725	16
0	0
2774	2
243	79
0	49
2770	30
3747	3628
0	3628
33	31
0	31
104	0
1488	1
21	357
2	447
276	1190
0	102
13	102
0	1122
1	0
0	13
0	11
0	13
0	11
92	0
4027	377
1	376
8	0
0	20
56	41
687	2
150	0
43	479
3	197
0	372
0	1116
18	2683
0	2683
0	826
22	818
2	17
13	276
0	61
9	276
0	108
0	346
1263	2013
0	1758
324	0
0	0
0	11
0	11
9	142
2000	870
0	870
7	896
30	284
0	0
0	281
0	279
4	281
4	109
0	109
0	61
0	24
1	235
1017	2
2521	2
129	175
8	194
97	724
0	724
332	102
0	102
0	0
0	0
0	0
0	0
0	0
0	158
3	143
0	158
4195	592
0	586
269	414
0	414
2135	0
0	221
0	221
0	221
0	5
12	5
110	112
8	43
59	112
15	229
3	20
443	361
0	293
3	191
30	166
0	166
45	535
0	63
0	308
0	458
0	508
0	535
3766	3947
3847	3947
462	2121
1295	2122
0	2008
1	151
0	179
689	1931
0	1881
128	1862
1842	4051
0	4050
0	872
12	1490
10	513
0	149
6	56
3	404
64	1649
0	6
20	37
0	69
806	1635
32	1701
15	1622
1218	0
99	563
0	0
0	0
0	5
0	112
0	108
17	77
104	386
0	418
0	296
10	0
397	1971
113	1999
5045	382
0	374
14	1012
3393	1019
25	42
0	3
0	0
1516	3
19	457
0	154
0	155
0	145
0	145
0	153
4050	3
3	21
0	0
9	124
24	263
0	106
0	500
0	115
0	97
0	94
0	437
2461	3
207	209
0	209
0	0
0	0
0	0
0	0
0	2706
0	10017
58	11437
0	11439
3377	0
2967	6
836	18245
0	15471
672	18245
490	717
67	335
2	721
3	4
0	4
1	62
13	185
17	185
216	0
0	61111
3826	61112
172	2271
97	125
46	2172
0	236
0	42
75	806
2	794
7	1247
136	1247
0	251
960	251
2630	200
762	197
210	0
3	46
1	0
0	2
0	2
0	23
2	294
287	8930
0	8864
19	4192
0	8768
5	3
0	1
0	3
0	0
0	0
0	0
97	720
4	826
6	0
0	4
0	4
205	0
0	768
0	2012
1632	3101
0	2580
0	3101
76	3601
16	3060
7934	9
0	942
0	299
4	663
0	175
0	321
8	1349
0	725
0	725
0	1350
1	70
0	15
0	0
0	0
0	0
0	0
0	0
0	815
17	27
0	2559
93	2620
6	0
942	0
0	0
0	0
0	3
0	234
0	58
20	336
350	0
409	1
0	0
85	1
0	0
0	0
0	8
0	8
0	8
497	2531
271	2531
0	149
0	593
460	744
126	3823
0	3871
1984	3625
0	1
0	1
0	1
0	1
8066	3
44	441
36	441
311	1090
0	1090
3	1090
338	40
42	105
0	105
2	17
27	23
206	72
0	72
0	0
0	5
0	5
80	17
0	14
0	17
1	0
0	5
0	5
60	324
0	324
245	212
8	212
5	69
8	69
3	34
40	303
0	282
0	736
0	312
0	383
116	383
0	253
17	0
15	0
14	438
55	677
163	689
920	404
0	404
2	7
0	7
15	0
41	97
72	97
880	251
0	251
1	9
482	97
0	96
0	5
60	4
36	23
1549	75
0	72
12	6
0	0
877	0
951	1948
0	1947
0	19
0	3
424	1491
109	1710
92	2053
0	2053
0	32
339	68
0	66
1898	2
0	0
4916	4
435	0
210	254
0	154
0	102
0	0
6	29
486	0
465	129
7	129
79	42
0	42
17	833
0	0
13	6
0	215
334	215
3	105
0	5
3	116
0	116
5367	9
204	0
0	5122
0	5830
865	8380
837	0
0	95
22	91
921	2061
0	2061
0	0
2	0
16	24
143	0
0	83
10	167
0	152
22	27
11	27
984	1
51	176
11	176
0	0
0	0
0	0
239	86
0	86
31	145
28	145
8	2005
9	388
0	1975
0	1069
784	1438
0	169
203	360
0	1438
2445	1
5752	3317
21	3315
0	305
0	24
0	24
1284	5
0	0
4	906
18	603
0	354
12	29
0	13
6	922
4558	927
0	0
221	0
0	17
3	296
248	296
0	0
0	0
4	43
5	43
3	557
9	203
3	2
0	2
2	123
5	16
2290	985
0	79
3	3562
6120	4893
0	3663
0	4888
0	1428
470	3540
48	3539
1368	102
0	102
21	0
1026	0
1167	2
27	1327
0	455
471	7066
1430	16517
0	5419
0	16495
0	2
0	2
0	2
449	0
6	0
0	0
666	302
24	302
0	11
257	12
846	3
1332	10
85	0
0	275
125	1722
37	815
0	206
0	399
0	1259
8	1259
14	300
19212	316
0	23
6	23
0	17
0	0
0	1
0	1
0	1
205	0
941	0
73	14578
0	14664
5	14632
3777	14059
0	14426
0	56
0	56
482	41
3	83
0	1
0	43
1583	327
0	325
12	3
218	103
0	118
0	77
0	77
85	3835
2841	3835
0	2482
497	87
158	89
9	1404
0	831
0	173
1121	363
0	48
0	341
8237	38671
0	3849
1	38671
1732	218
0	217
107	174
6	174
2349	221
8	218
117	0
11	16
0	0
0	10
19	1358
0	731
18	1217
0	793
1464	2
79	0
0	21
0	21
0	21
188	0
1804	540
0	539
0	17
292	114
30	172
250	3
14	163
691	0
13	0
0	0
1243	2
214	0
426	5714
0	131
404	5746
0	5737
0	767
381	774
8122	9
0	344
2	324
285	766
0	637
56	1202
38	1202
6	0
1	45
0	45
245	0
0	4
0	4
0	4
67	14
1036	4
1424	532
0	8
0	532
0	11
0	11
10	356
8	992
500	1086
11	0
0	0
1295	4
7760	16
0	7
0	7
9	174
40	174
77	37
98	243
0	65
188	2
0	225
270	35
0	721
0	1061
196	3255
0	3255
0	356
1	773
547	69
0	51
0	16
1861	2
0	0
444	0
1206	650
1	650
164	0
443	4
335	0
0	30
5	38
0	416
0	551
0	4444
14775	4483
0	0
155	356
0	356
28	430
8	430
0	12763
0	12451
0	14409
19	16567
2148	16638
385	172
0	172
0	557
585	557
0	0
11	65
0	76
244	21
38	756
7	180
122	0
660	2715
0	2712
112	2941
0	1367
0	2896
707	68
54	68
0	68
852	152
0	126
51	0
19	78
39	0
11	467
2527	521
8	431
37	74
0	40
0	35
43	0
155	0
494	50
0	50
1347	1
2371	977
9	976
1093	0
621	3
2133	9118
332	36
0	36
7974	4713
475	0
14	26
120	26
0	26
4	7485
16	15406
74	16903
11	23
1302	23
5660	4710
1526	1411
216	1411
16	1383
0	0
0	0
0	0
0	0
0	2
0	15
3	2
4	15
0	0
0	0
0	2
0	0
0	0
52	337
0	337
0	0
0	0
0	0
133	842
49	842
7	626
0	626
0	314
44	367
14	365
0	345
0	0
64	78
14	77
0	0
0	0
0	0
0	0
60	0
0	28
831	28
0	0
0	0
0	0
0	0
0	0
0	0
0	0
3	96
0	22
0	96
0	0
0	0
0	0
0	0
0	0
1168	0
0	0
0	0
0	0
52	0
0	0
16	25
0	25
0	0
0	0
0	0
0	0
0	0
4	61
0	85
111	0
0	0
306	9
0	0
0	0
0	0
317	2
24	85
0	0
0	0
0	0
0	0
2	0
0	0
0	17
0	541
448	541
0	0
0	0
0	0
0	0
0	1194
2439	1207
0	0
0	0
0	0
0	0
0	0
2	175
5	26
208	207
0	0
0	0
0	0
0	0
0	0
0	0
0	30
738	1004
0	1019
49	1032
5	1019
0	0
0	0
0	0
326	310
69	310
0	0
0	5
0	28
0	28
0	28
0	28
340	1
582	3
6	598
70	31
0	390
6	271
113	2072
0	324
0	324
259	2072
0	0
0	0
0	51
0	49
0	181
1365	181
0	0
0	0
118	97
24	97
0	62
22	1161
84	1161
189	247
1	247
8806	7969
0	7956
33	71
2	84
1376	23
0	51
2	104
0	52
64	331
5	107
15	118
0	97
0	92
644	202
453	766
0	15
0	46
1	779
0	340
0	363
0	363
6	154
0	0
230	294
0	294
3	390
10	396
2	398
4165	1017
20	1015
61	633
905	633
96	0
0	134
0	141
12	182
0	1
54	0
0	88
0	84
0	73
0	69
0	78
186	78
208	0
0	0
15	48
5	76
103	76
0	16
0	16
23	16
0	2
0	2
0	39
3	51
0	46
0	44
727	127
242	127
0	0
0	0
136	0
0	0
0	0
0	0
0	0
4093	2
697	526
0	525
0	1066
56	2546
0	2349
48	2462
3502	4
0	7
7	7
0	1
7	237
453	767
6	767
0	0
95	37
5	0
4	0
0	0
0	20
10	40
199	1246
6926	8
3483	41
3	0
0	0
1035	523
0	522
2066	0
0	1
0	1
79	276
1410	368
0	367
764	0
3	0
6	56
37	58
71	681
5	2
0	0
0	0
0	49
1090	52
168	36
1	36
0	0
21	131
0	0
4	424
0	9
0	424
36	29
34	46
0	6
230	119
0	35
0	105
4	6
0	0
1	0
0	0
8	0
0	0
1	0
0	0
0	26
3	26
7	0
0	1289
0	1289
942	0
0	1
7	10
6	1039
0	1123
0	1163
56	347
811	0
3	719
0	162
2411	502
0	236
0	276
0	489
2572	1616
0	1613
5	995
0	1
19	140
157	140
0	0
28	0
214	156
0	5
8	5
0	5
306	227
0	223
0	223
43	0
443	0
0	7
0	7
0	0
48	821
534	821
0	0
0	0
5085	5
329	0
1451	0
105	0
715	0
0	151
120	151
0	2
0	2
26	199
0	199
5	8
0	8
1011	280
0	105
0	145
9	160
79	25
0	30
469	30
0	0
549	0
0	0
0	0
0	0
0	0
43	0
0	0
0	2315
1977	2323
0	0
0	27
4	40
1	67
11	62
0	39
0	0
0	226
12	226
2714	2
8	248
1137	252
1036	182
13	182
0	0
24	10
2	0
0	0
19	415
0	415
6	19
0	17
551	0
0	55
216	55
8	39
0	39
252	1263
5672	1264
3398	344
179	751
0	751
525	6
20	182
473	182
73	13
215	11
0	436
0	34
0	11
0	396
0	380
0	317
0	480
46	0
9	173
19	173
0	21
2995	1769
2	1451
0	1769
40	185
173	166
21	5646
209	389
0	389
0	159
0	2535
0	529
0	374
0	2998
0	1816
7	574
0	49
0	96
0	482
337	0
234	1712
8	1712
0	1569
836	1573
0	136
20	61
437	136
8	886
566	7351
0	7347
6	836
0	75
0	796
0	650
12	1748
20	1031
38	773
7	630
0	212
261	0
1	2872
0	0
614	3653
6	2386
7	2401
0	27
0	59
0	59
406	0
0	1603
0	934
0	889
4	875
0	669
445	0
35	878
1043	878
8	1128
0	402
0	459
1140	0
0	166
121	0
156	0
6	32
5	32
0	32
3	174
0	172
6	118
5	118
0	8
0	8
2324	5
12	62
0	62
0	0
0	0
0	0
14	26
59	16
0	19
0	24
0	198
79	201
4	198
6945	7
0	205
698	247
120	42
26	100
0	100
2006	3227
0	3227
530	3
0	0
3775	4
360	4
0	0
355	60
0	0
0	0
466	110
375	288
0	153
62	396
24	287
2754	6
2724	5
602	60
0	60
0	73
716	73
295	202
0	185
7	0
0	92
0	0
36	164
17	164
0	0
0	0
5371	5
83	254
0	49
0	254
27	231
2700	0
0	0
0	119
1174	120
92	623
0	320
14	1418
0	505
0	1418
1527	2392
0	2392
7771	9
0	0
0	0
0	0
0	0
0	0
0	0
0	34748
17	2336
0	32276
0	9934
623	0
382	6
0	0
0	4
5	4
0	0
0	4
2621	419
0	417
1	32
0	5
0	32
0	5
4	0
0	50
669	50
2	0
0	299
1196	429
0	429
10063	13
0	0
0	0
0	0
0	0
0	0
0	0
444	1
1241	158
0	158
8	3
369	3
13	0
18	1884
12	1738
421	0
1126	0
3	1315
6	1288
14	1188
0	327
0	335
0	336
21	2304
0	1471
0	1471
29	1558
0	800
87	1224
56	2114
0	1209
7	1124
0	1085
9	1931
69	1077
0	1073
2	1258
0	548
0	332
0	1128
5	1232
0	1231
2	217
0	648
69	1119
0	204
0	158
5	1288
6	486
0	449
0	560
0	560
15	757
0	21
30	19
18	566
33	1105
0	343
0	548
0	502
6	2003
2	917
0	2416
0	2280
54	46
0	46
72	4
2400	155
0	15
0	0
6	0
0	13
1	166
833	301
0	301
325	2
1984	4
142	157
0	157
847	0
1648	0
1700	1
695	155
0	155
0	459
0	459
1	6311
1	3903
32357	10239
340	0
5	0
101	212
0	212
0	332
0	332
1200	399
1873	401
151	319
0	319
0	0
0	0
0	0
0	0
102	3249
0	3249
2	926
496	0
2	0
267	0
1305	0
539	0
0	2331
6368	2339
2391	2117
50	2018
0	954
0	1191
0	131
209	131
48109	13086
21	13039
0	0
0	102270
0	20499
1464	106822
0	33586
0	0
0	7
9	7
21	357
230	357
0	7442
68	7442
300	444
679	444
133	0
9	40
5	40
1	150
0	131
0	76
0	657
4	596
0	0
0	0
165	841
0	841
0	0
0	0
0	2
0	2
0	0
6	136
267	157
0	148
0	151
0	35
0	17
0	19
23	35
4	6
7984	13
0	164
78	46
3	664
216	918
0	65
0	127
0	127
13	224
6	0
2	177
0	578
3	55
0	927
0	280
0	337
0	2
0	66
0	5421
0	46
33	0
0	0
2	4
0	0
0	740
0	136
0	869
0	2371
12	846
1	84
5	4
0	92
0	230
0	5
0	5
0	0
2	20
0	445
0	320
0	354
201	3601
0	183
0	1727
0	1673
0	1734
0	153
0	266
0	803
0	0
0	0
9	1239
19	0
68	683
5	652
9	94
0	246
0	215
94	581
64	362
0	1449
0	17
101	159
0	0
0	0
8	305
0	0
9	9
505	0
0	24
0	363
0	222
0	247
0	85
0	628
13	55
0	6
3	17
0	83
0	75
0	0
0	589
0	956
0	7000
0	740
51	177
0	34
6	178
5	382
0	945
0	107
20	323
499	679
0	0
13	18
0	23
0	0
3	11
699	1358
424	0
0	51
1646	3
84	852
0	1863
3	1841
12	62
7	245
0	233
452	1479
0	1275
198	2286
153	332
0	0
0	0
805	4364
0	43
0	13
94	149
0	319
8	695
0	1063
0	2021
0	2234
72	278
0	374
25	0
15	734
0	0
2	323
0	883
0	797
68	395
56	2872
1	2809
0	2308
1	410
0	393
0	381
0	510
0	541
0	681
20	647
0	730
0	705
0	1
14	378
1	657
0	73
902	0
0	438
0	532
2472	3270
0	186
0	217
18	0
1	107
80	594
0	8972
7	9010
2	8874
0	2160
0	405
80	176
100	1981
0	303
203	373
341	3122
0	5529
26	19
1	47
0	250
0	190
23	13786
0	3344
162	875
0	281
201	797
67	5297
0	5296
1	5038
0	0
0	273
161	588
0	3
126	6187
21	419
71	521
0	0
0	1664
0	1769
37	80
0	10323
394	0
8	47
0	0
2	39
0	5920
0	3659
26	18
0	729
0	0
45	393
60	198
27	523
84	563
21	0
0	6
150	58
0	109
0	103
0	91
0	25
0	944
0	1191
0	987
458	841
0	2462
0	2578
0	1981
0	4
10	266
0	0
0	2
0	778
317	0
906	1031
0	235
13	8
0	545
0	39
280	138
182	0
0	3
0	3
0	980
0	749
0	3
0	4
0	43
9	15
131	7187
0	326
303	1989
5	41
0	1
0	1156
0	0
0	934
0	875
0	336
0	10030
0	326
0	0
0	242
0	823
0	46
0	0
32	395
0	38
0	65
0	0
0	0
0	1
0	1
0	1
0	1
86	2
0	0
0	970
17	5596
0	0
0	119
0	151
0	152
0	394
0	239
0	722
53	199
0	35
846	2892
935	313
372	289
0	2065
39	1277
22	1810
0	1732
0	1632
1262	3
0	710
0	2514
0	2943
0	0
0	575
0	0
0	0
5	154
0	1206
174	5
0	87
1	158
189	0
0	1077
0	973
71	559
0	493
0	243
0	260
0	152
6	33
0	0
242	1441
0	5
0	4
0	10
15	884
0	0
195	569
0	1092
0	196
0	197
0	195
0	197
0	197
695	4
0	9
4	1222
0	0
0	0
10	0
0	295
0	295
0	74
534	3526
2	213
0	525
0	236
0	236
0	208
16	162
27	7746
0	6009
0	0
0	0
676	1913
0	0
0	0
0	1
161	3603
0	3
0	0
0	575
0	708
0	323
40	291
0	0
919	2236
0	144
0	11
0	1786
0	1809
0	1786
305	2340
17	1852
8	462
0	388
0	324
5	352
0	1079
0	79
998	4254
0	0
0	188
0	0
105	977
0	22
29	1023
0	0
170	669
0	21
0	2003
0	0
38	66
0	7
0	41
0	4
17	56
0	60
8	137
0	950
0	237
72	211
10	121
387	1073
0	14
42	725
9	36
9	2254
0	848
20	0
0	1930
22	88
0	27
0	17
92	1384
0	740
0	894
0	888
0	991
1	776
0	94
0	0
398	654
0	192
0	174
94	1059
0	986
15	1015
1	1001
1579	236
0	0
0	812
0	817
0	0
0	155
493	4020
0	2988
0	2105
3	1830
0	29
0	115
0	158
0	0
0	2
14	264
0	353
12	416
0	0
0	2793
0	62
8	162
0	134
0	593
0	1
3411	15
53	235
127	123
0	10
325	1032
0	115
5	1095
4175	3
0	106
0	2382
0	126
0	99
0	87
0	79
0	79
0	494
0	1
0	1
44	0
0	230
0	373
0	607
0	1268
0	62
0	73
0	76
8	83
0	78
0	1238
1	1536
0	1
155	1632
0	2947
0	8022
0	8022
37	2514
16	0
53	0
0	795
57	484
12	158
108	4914
0	495
654	500
354	501
0	0
0	21
0	0
0	91
0	2442
0	904
15	180
0	8
0	8264
173	1516
0	1072
487	3542
130	3542
1	35
0	0
423	638
0	637
188	702
0	157
1303	1
142	0
0	153
15	376
43	376
0	0
0	0
0	97
0	97
0	0
0	282
0	58024
0	57609
0	0
7	125
0	761
0	751
0	694
0	246
14	102
63	143
0	163
0	353
189	1125
0	819
0	873
104	1335
292	1869
0	1869
0	8
0	109
74	0
777	1667
0	328
0	244
145	101
22	0
955	0
0	90
0	96
0	96
0	302
0	1482
74	1157
15	103
1619	0
0	634
0	813
0	811
544	0
296	9
0	246
0	0
0	3
0	0
48	418
1256	2
0	8
0	0
0	96
65	213
4	86
0	1031
0	0
0	111
444	2764
0	4775
756	3
0	245
0	4471
2273	4611
0	4611
0	916
1	48
3	408
0	4015
36	4184
0	3686
187	3374
0	286
0	706
66	407
0	0
0	0
174	1
0	840
0	5
0	674
0	703
0	668
0	637
0	216
0	99
57	1672
77	1672
0	270
2	26
1100	2058
0	2055
73	0
24	547
447	0
4	3
13	391
63	1
0	12288
0	11703
0	10495
55	6339
2420	1
394	0
0	5
0	110
0	136
36	1019
0	36
0	2015
0	217
0	269
0	301
9	0
0	0
439	0
0	11
0	418
0	445
0	417
0	341
0	618
13	175
1	67
0	498
47	173
0	163
36	448
9	3
9	11
0	2953
1178	2674
50	6164
0	6164
0	3538
0	35
339	0
0	2937
16	0
234	2341
0	662
7	315
0	50
0	0
0	41
0	41
0	0
41	2794
98	0
0	36
0	167
192	675
0	314
0	3452
0	3678
0	3592
0	0
0	1
0	1
0	4297
0	669
0	0
0	0
0	0
0	0
0	81
0	12
0	0
2	334
0	332
0	335
259	2086
0	433
24	931
0	917
0	890
2	0
0	266
115	0
24	24
0	23
0	7529
0	0
0	276
0	283
1	287
1	273
0	39
152	1749
0	1322
0	0
3500	0
1	12
169	0
0	20
0	1636
302	2838
0	0
0	10
0	0
787	272
260	273
0	15956
0	96
0	96
5456	3
979	1
6	7
365	2968
0	1834
0	11
0	123
404	202
0	9
16	160
0	0
32	350
43	1404
95	550
0	320
0	356
13	19
0	19
0	750
8	97
0	9
5626	10
8	18
0	105
0	0
29	206
1831	12328
0	0
373	0
6	299
9	299
216	0
561	0
16217	23
4613	3
0	557
0	2672
0	478
1006	0
0	1873
23	0
252	0
15	705
2	2751
3	3507
1	3562
0	451
0	1846
1	6
0	943
0	339
629	0
0	0
0	540
0	275
0	2304
0	3095
0	3581
0	13
0	0
14	16
1298	2
183	448
0	447
5	54
0	1
0	983
0	1331
800	749
0	1452
5	0
3	41
0	473
38	0
5	6
272	0
0	6
0	106
0	106
0	308
0	0
98	8
121	0
268	544
0	30
0	30
0	0
0	0
0	0
8	1
28	1
30	388
0	0
735	0
2	0
5458	6
4	46
0	446
0	16
0	0
7	99
0	1831
0	1769
0	1925
0	1987
0	756
0	306
51	524
0	128
0	0
64	1921
0	240
0	190
88	3321
1636	3321
56	0
1109	5
64	17
26	0
122	0
96	709
0	75
1130	0
751	0
3494	5
80	0
0	12
276	0
25	137
957	3
0	0
0	223
0	105
0	134
284	0
0	108
10	137
0	220
0	220
0	220
0	203
0	203
0	179
0	8496
0	8484
0	8496
0	8104
0	8508
0	6428
0	1
261	0
1	0
11509	144
0	64
3	64
81	0
0	907
0	346
6	0
0	845
0	845
66	0
0	301
0	70
79	0
0	0
0	391
0	0
0	0
22	1439
150	0
73	5824
0	5457
30	118
0	118
0	0
100	0
0	1
0	73
0	5
0	5
0	5
0	5
1	36
0	2269
0	2269
5	2250
9	0
0	2189
120	1214
105	0
356	0
2	10
492	2197
329	0
0	672
0	599
0	554
0	301
0	555
0	120
0	120
97	0
0	130
243	0
0	1
235	1000
0	0
33	326
0	291
698	0
0	40
87	0
1277	6764
0	906
0	1732
233	1738
62	1094
0	1022
20	0
808	0
0	1
144	1059
1556	2
139	0
0	101
0	1060
1008	0
1288	0
0	0
0	114
1458	2
0	630
0	615
224	0
57	66
1	1587
97	1589
88	0
0	0
0	87
0	68
65	0
0	101
0	101
0	23
194	0
0	1857
2201	0
159	3714
256	3714
2	4761
0	7562
166	6621
0	6621
6	3856
0	1432
0	1430
6	1476
4	1512
0	1175
2	0
0	700
0	715
0	698
0	1917
0	0
261	673
0	675
12	105
16	228
93	13
0	13
86	0
63	0
22	29
94	614
246	116
0	2346
0	589
0	0
0	170
135	0
144	0
31	179
254	0
313	559
0	559
0	207
0	162
0	10
137	704
28	4
0	55
0	0
0	153
0	328
0	12
102	140
0	140
24	326
105	333
0	0
614	0
0	408
7	0
0	3300
17	3300
0	322
0	322
0	173
303	0
0	0
0	1056
0	106
0	1588
0	2073
0	1561
0	1544
689	103
0	0
318	0
0	0
11	0
5	0
409	3
0	4
166	0
0	2
2	256
402	261
0	251
0	2
0	2
0	2
3	139
0	139
0	0
4	11
13	0
0	0
153	0
173	0
0	1143
12	0
378	439
24	439
158	1
93	1
0	0
6216	1
0	120
0	115
473	0
9	32
0	0
55	0
0	0
17	19
23	103
2673	0
0	4122
0	4190
1	4131
0	3889
0	3850
0	3577
0	3171
0	198
0	1944
0	1732
27	204
1625	0
83	2750
0	841
169	1100
282	0
7575	6
0	0
0	1764
0	1778
0	2089
0	0
2	952
68	952
0	27
1	27
0	28
0	20
0	0
326	0
0	0
585	1
5	22
3	34
3	27
135	0
0	1103
17	1284
0	290
271	95
0	0
0	865
5	865
1	784
13	901
0	865
0	0
1	48
0	1184
0	1179
0	1023
0	1179
0	783
5560	1
0	748
7	5
0	0
0	0
1503	10
0	0
2115	4
0	0
284	0
5268	3
0	84
0	84
0	84
25	209
0	209
0	0
262	106
0	106
968	102
19	142
0	142
18613	14
111	0
0	0
322	0
2193	1
567	735
14	731
1660	0
1085	1
155	0
0	212
4	212
0	0
32	0
0	1
0	0
0	18
0	14
0	2323
0	1588
0	1555
605	2397
0	1586
956	2400
109	0
2059	1
0	0
1285	1
562	9
79	0
0	0
1	0
165	0
0	438
54	433
0	457
412	414
0	268
0	3
0	3
0	3
0	3
0	3
0	3
6	0
56	2
7	26
813	26
0	0
19	0
2	0
0	0
212	0
0	0
9	199
5450	4
0	376
0	436
0	436
12	263
56	1
79	0
0	1
0	0
0	0
0	0
0	0
0	0
18	0
62	0
12	4
0	0
0	0
117	1910
0	137
742	0
204	152
0	0
525	0
113	402
0	33
52	686
0	686
31	4
0	0
417	0
0	917
337	0
19	775
0	708
0	754
0	0
74	1198
0	0
0	58
97	998
3	1025
0	520
0	138
0	0
0	46
62	0
2628	4
0	6
0	1
0	7
0	5
0	9
0	0
733	0
895	954
0	601
50	5
0	16
0	16
0	0
70	0
0	3786
4159	3
1	0
321	0
752	0
0	184
30	0
622	0
2	0
448	855
0	855
349	7
0	0
0	0
26	0
9716	15
1	2151
0	2144
166	1326
0	422
73	6
0	623
0	307
254	0
254	0
154	5
24	171
0	171
450	0
6	98
60	200
0	0
858	1096
2461	1
0	0
85	0
50	34
0	34
107	0
3	49
0	49
7	7
530	3
536	39
14	0
572	676
0	676
0	33
0	33
1	4
22	0
37	0
7	0
97	0
194	2999
66	2999
0	1069
0	564
2	10
0	10
0	0
2	0
0	0
4	4
0	4
0	339
1	0
0	0
343	1328
13	513
0	534
0	461
1663	45
0	0
0	1146
27	52
0	52
4	0
0	0
72	0
152	0
0	222
0	183
0	222
0	0
1880	1
0	28
22	151
0	151
0	0
0	0
0	57
681	2
1364	0
5	0
384	2
266	2072
0	2071
44	1246
10	0
251	0
564	6
903	9
11	0
0	69
0	69
66	0
4	41
0	0
0	0
0	0
0	0
0	80
308	0
67	0
11	408
0	0
33	449
1	2
0	0
0	0
0	11
3	0
4	0
279	0
4170	1766
0	50
0	50
307	3
1271	1
285	0
0	0
21	77
67	0
37	64
3	0
1121	2
0	326
3117	3
51	0
0	185
1	0
0	0
95	2
0	0
1096	1
319	3
2842	6
1061	1
0	50
248	0
0	242
0	262
34	0
345	467
0	467
877	0
989	0
45	0
1	360
29	360
66	0
147	781
0	781
0	0
914	0
0	281
3	0
562	0
0	0
1	813
90	813
1772	0
730	0
0	13153
47	258
0	286
123	122
0	26
9	0
0	0
672	3
0	734
0	0
52	861
439	0
0	3
0	3
0	3
46	0
23	83
0	0
1059	2321
0	2320
0	4
6	600
0	7240
22	4
0	0
0	0
1087	0
883	0
485	0
2082	0
35	0
0	0
0	0
0	0
3	14
0	0
0	3
4	80
4	19
1024	258
0	194
14	261
0	0
0	0
0	1
10	24774
1970	24774
0	0
184	0
51	866
24	852
0	842
0	0
4207	2
0	1030
1048	13
15	8
1739	0
1168	1476
0	218
1357	1
0	259
0	224
119	278
906	0
10	0
94	12880
861	0
6	0
725	0
0	19
0	19
1	0
0	473
0	450
0	456
0	440
220	0
0	1601
302	0
181	60
945	131
1687	2
160	2148
1142	0
43	0
1831	4
705	187
24	368
0	280
84	280
751	0
256	0
4	2210
0	113
384	1
257	11
0	1
0	0
0	0
5	71
171	0
243	0
17	445
642	0
283	0
0	895
1557	4
0	884
0	887
0	534
0	558
8	0
84	0
4496	3
38	11
5	0
55	169
0	169
964	0
0	1186
5	446
1	19
0	1023
0	971
0	1013
0	1071
0	1130
0	1991
149	1991
20	80
298	0
16	145
0	100
306	377
0	428
27	294
99	0
0	649
468	4135
0	1401
0	1401
2723	9
365	7372
21	7372
0	0
0	0
0	0
0	0
0	26
0	26
7	26
0	14
0	0
51	0
504	1013
5	101
1050	3
425	0
1637	2763
41	556
0	81
10	0
2	186
0	167
0	167
0	167
0	0
0	0
8	581
1765	4
76	6
0	63
2	63
124	160
225	1166
279	1166
2435	1850
0	0
0	752
4840	7
1270	5
0	29
20	0
2459	0
612	2
5	113
4	113
0	60
0	1
0	1
65	5
0	0
87	213
5	365
0	1262
111	862
1	1080
0	920
679	27
491	0
258	3
18	0
4	0
0	0
1446	823
3	143
2747	0
70	511
0	1370
64	217
0	353
2810	0
238	1184
136	0
0	0
0	0
0	338
0	0
6724	5
0	0
0	0
42	0
219	104
4809	5
120	0
3351	0
0	0
41	0
6	3
0	617
289	0
33664	56
112	0
0	104
0	865
2842	2
52	0
0	355
0	2292
0	6
0	6
428	0
195	3
0	0
7213	4
0	761
18	318
6074	21
23	80
0	1090
1513	14
0	2154
1334	0
27	0
1127	0
0	1195
0	1663
0	45
0	45
8	52
0	244
0	0
0	0
0	395
49	395
178	1385
0	0
0	0
66	950
7	3
0	7356
151	1335
12	0
0	0
2	0
0	0
4	0
68	0
0	0
0	2216
387	0
239	0
0	194
0	1125
0	449
0	0
0	0
0	7
0	7
0	28
0	74
0	288
20	0
0	0
1740	1
0	0
3	1075
125	473
0	434
21	483
0	483
31	187
68	0
9	106
0	424
2	18
908	0
16	0
1282	433
0	426
8534	19704
1175	19695
0	0
199	335
0	172
1	19
0	2368
779	998
0	301
0	657
0	672
3	522
0	168
135	0
232	113
0	1593
0	0
3	463
0	0
31	300
0	76
0	316
0	337
36	377
144	0
150	1
0	0
0	664
0	428
1772	0
0	2
0	5
0	5
2	67
2	0
0	0
0	57
0	1246
0	364
308	1011
3659	1
7	6
405	0
189	240
0	240
11	0
0	111
0	96
162	350
0	14
0	33
0	245
0	1011
0	1016
2430	3
0	338
0	289
1074	6
6	0
31	0
0	9473
142	0
80	9
1	6
1625	2
20	636
51	485
45	9
0	9
159	365
0	0
0	34
0	313
0	174
0	284
0	0
2368	2080
675	2081
0	0
9528	4
0	0
2739	503
2064	505
0	465
0	2015
7	8
0	327
1321	7
0	578
3	0
421	529
0	28
0	24
4	1
1	6
420	0
0	2943
0	40
0	398
31	0
0	36
447	6
133	3172
0	0
6	12
221	1
495	1861
605	2148
0	0
5	7
0	0
0	123
0	123
0	94
0	126
0	131
0	131
0	137
0	137
102	496
2159	1
18947	19
0	467
11	0
0	426
0	449
0	311
505	0
205	27
0	10
80	0
3	0
0	987
0	0
75	0
0	0
24	269
1654	299
1113	295
72	0
0	686
0	2471
0	0
101	162
0	162
462	3
4	324
12	386
0	300
11	370
145	0
0	0
0	0
0	0
0	285
0	115
0	0
0	0
88	1151
2	1151
17	372
41	106
0	106
97	205
0	4
49	0
13	379
951	0
2	0
9	33
1	472
3126	480
823	19
4	317
0	288
0	49
16	318
19	62
0	62
2	0
0	6
1624	1
0	0
96	0
0	36
37	36
0	9
0	445
0	122
0	122
1	0
41	98
2	0
0	11
0	347
2	0
8	0
0	1676
0	6
0	6
0	6
22	0
19	112
0	90
30	76
6	456
10	980
0	980
635	3
54	358
17	1544
0	1544
36	0
0	1
31	439
0	0
0	0
12104	9
0	1356
29	124
101	0
91	923
13175	12
0	47
0	80
14	0
0	270
0	4
6	346
0	346
359	267
0	191
0	1147
0	978
109	395
0	40
0	6
0	0
834	1
155	0
35	59
0	0
0	137
0	0
0	25
3	3
0	2996
311	2039
0	33
0	9
0	8681
0	8794
0	8934
0	182
422	0
0	1718
0	2238
74	2702
18	1944
8226	15
42	26
0	1856
0	2360
0	0
0	1
44	867
0	867
0	1784
3	247
0	5
0	5
0	5
0	0
0	1
0	10
0	1270
4	15
0	2
28	181
0	6
0	2230
0	3
0	120
6	55
0	63
0	57
0	0
377	1
480	0
23	569
0	306
0	0
40	1392
0	3824
0	0
935	127
51	0
0	1093
0	986
0	5
0	0
0	59
44	1332
424	1332
0	644
7	0
0	34
1096	4370
0	0
0	0
0	15
0	618
1694	3173
0	0
56	70
0	0
0	7608
0	33
0	52
49	120
0	0
0	209
0	9
1	0
690	0
0	0
91	0
331	0
0	1569
3	16
29	19
0	3
0	2242
0	284
137	0
34	622
0	0
0	2723
3	0
31	428
14	22
30	0
0	416
1200	206
31	208
7	206
0	194
17296	38
0	111
7	624
0	669
0	284
0	343
0	48
263	1081
2141	1522
0	1519
503	0
421	2218
0	490
4	2006
0	5
54	0
3	508
0	402
0	20
0	597
0	577
0	708
0	747
0	779
373	3
7	8
1	3634
0	789
0	267
0	238
0	0
12	63
246	0
0	25
0	0
1025	1
0	6
0	6
0	6
0	6
592	1379
0	15
123	1026
14	253
0	253
0	0
42	1567
0	980
0	0
0	1456
0	7
0	5
9	947
0	899
0	947
0	947
0	0
0	165
0	17400
0	17818
1246	1
0	0
0	395
0	24
0	24
0	18
14	133
5	0
0	13
0	0
540	726
0	72
1541	2
7	0
0	168
0	395
1086	0
0	1273
371	10
0	35
0	35
196	3795
17	1426
0	492
2561	0
67	521
22	16
668	14
0	105
0	0
0	0
0	2030
17	235
0	1562
134	773
0	600
0	1637
0	119
0	0
0	0
257	2
0	1218
46	250
139	0
23	336
4	52
0	1331
0	1344
0	1594
0	1594
716	1
0	0
118	118
0	0
0	232
12	0
0	113
0	95
0	274
6304	4
1004	0
9	891
1595	0
114	101
3	26
0	37
202	376
0	0
0	0
0	1102
0	32
0	21
4922	13451
0	13451
0	21
14	717
0	717
0	4
0	0
0	269
0	15
70	1488
27	15
746	1
0	107
0	0
0	211
0	0
13	17
674	4658
0	192
0	0
0	7
0	3
96	0
9	158
0	0
0	0
0	464
0	0
0	1
0	1
0	1
0	1
0	1
0	214
0	5
0	407
0	131
0	353
349	0
46	1977
0	340
72	340
0	0
0	853
3	0
580	1
0	131
0	131
0	131
0	133
0	83
0	59
0	107
0	10
0	0
0	5
1	59
6	199
0	181
0	0
13	69
0	0
0	0
0	521
0	736
0	397
0	481
0	971
0	148
0	26
0	700
0	333
0	0
0	360
36	636
0	702
0	589
0	706
0	327
0	585
34	903
0	8
0	2
1359	708
52	706
0	2083
0	477
61	85
873	3
120	159
27	159
0	7
11	25
0	25
0	529
132	910
0	195
4	192
0	0
56	236
0	0
53	64
0	12681
219	0
0	110
0	739
0	4
280	1366
1407	3
0	60
0	60
3	171
14	134
0	545
0	0
0	0
0	0
0	0
0	0
0	83
212	1041
0	40
9	0
0	1
0	1
2	125
7	326
261	11230
0	11380
0	231
246	22
923	2209
0	0
80	120
0	686
0	364
0	65
186	1490
0	933
0	40
0	522
0	78
0	269
755	1661
0	1018
0	1105
0	867
0	97
0	0
0	9
0	580
0	370
0	1
2	0
0	375
0	0
0	641
4	0
0	84
322	0
2061	3
0	10
7	38
1006	0
0	0
0	100
0	2397
0	1239
2	161
0	5
16	27
0	0
1	17
0	17
0	0
9	0
0	38
0	25
0	0
0	248
551	0
0	254
0	142
74	161
171	158
0	0
10	32
5	0
20	0
37	166
5560	12
2	0
970	14279
11	1
0	0
1862	1
0	0
0	126
0	95
0	87
0	2
0	1606
0	1466
0	0
132	0
0	0
0	37
0	2748
0	2398
0	0
0	0
0	431
505	432
0	377
39	237
0	59
146	1293
0	0
0	0
0	6575
921	0
0	109
0	53
217	385
0	948
0	721
0	948
0	948
0	948
0	688
0	810
0	578
0	896
67	12
0	472
0	1005
27	15842
1	19803
233	112
14	32
0	91
0	89
0	89
2909	3
0	11
0	11
0	0
511	4775
6	167
213	322
111	0
15	0
9	18
0	18
0	0
208	381
13	262
27	0
0	4356
0	2712
2103	1060
550	1059
285	1735
0	1651
0	1427
106	1735
0	1588
1050	2
7	535
57	2086
0	1897
2	7
1125	0
8	2
35	11
403	0
0	726
3	688
0	760
10	503
0	310
0	459
3197	19616
2744	0
51	0
2	0
0	0
0	461
0	1532
0	1532
34	1022
0	1040
0	11010
0	2764
1	11425
426	1
16	71
0	1088
0	1131
978	0
383	20548
9	2832
0	2937
0	2852
0	2091
0	0
0	0
0	635
0	0
0	20
0	21
31	1286
0	1467
0	1136
0	553
0	3
17	36
0	0
0	0
240	0
1	194
0	326
23	0
578	0
1203	1027
1418	2
0	188
0	130
40	0
37	0
0	441
172	1060
0	0
2705	101
0	0
65	1
27	1155
0	0
0	8212
0	8212
2	8617
0	6092
0	4445
99	0
42	422
18	102
0	0
0	0
0	15
3718	5
0	5
0	5
88	1297
0	1280
0	1297
18	1277
0	2
78	0
0	258
0	334
0	559
83	847
13	33
5	33
756	216
0	64
0	168
0	188
0	319
0	43
163	240
583	1003
0	521
0	230
15	3
1	0
0	11
19	0
19	0
0	433
0	0
0	0
243	6286
4	0
0	12
0	12
1	129
3	0
439	0
0	380
0	342
55	2332
101	2332
0	184
0	126
6	0
609	715
0	715
0	9804
173	0
0	0
0	923
93	923
44	770
4	770
0	504
50	36
23	445
0	25
0	3
0	106
7	21
243	4
0	374
0	300
1882	5
17	0
0	0
0	0
13	3077
671	3059
1	178
0	16
168	46
0	1137
1356	0
0	555
2865	2
0	660
0	0
0	11
68	569
0	569
66	9
7261	10
68	0
0	0
167	0
14	0
0	0
317	0
0	5
1182	4
0	0
0	0
97	0
0	882
277	505
0	8
5	8
0	0
0	0
0	108
0	53
26	4129
135	4455
40	34
0	301
231	0
0	0
2	0
65	0
0	46
4	1156
0	1205
3	1141
1088	0
0	11
127	0
0	33
2986	8
86	0
0	4
0	1446
0	1446
25	0
0	798
0	1533
13	0
0	139
837	0
20	27
0	455
0	440
276	431
6	0
0	1
0	1
22	4591
8	4557
0	191
0	23163
0	5
0	439
10	143
0	129
0	0
33	0
0	4
207	3
0	242
0	209
333	11
424	1
9892	22
230	2522
5	0
2609	0
16	27
0	252
734	0
0	0
1	352
1	0
2	0
0	71
0	48
3418	3
0	1647
8	13
0	32
2078	3591
0	3591
0	0
0	0
1	114
7	114
0	67
0	17693
0	17934
0	19715
0	19667
0	17487
21	11764
531	0
61	35
0	2638
0	2910
0	111
53	798
0	1610
0	1619
0	1043
8	1044
0	11
4	0
843	2281
280	4
0	0
0	111
19	4
377	0
8	0
15	0
8	0
0	0
0	0
21	761
0	3
0	3
0	0
1167	4
176	0
307	0
0	0
25	80
0	0
14	0
5343	5802
2387	5798
0	51
15	0
0	0
1	1723
2625	1
1182	0
0	221
132	463
0	0
4515	0
448	0
0	60
495	756
0	0
39	0
190	959
281	959
266	0
8	2
463	0
286	0
0	9818
1	998
0	0
591	21
2333	1668
0	1668
504	2
644	0
0	637
171	0
0	11627
392	0
133	3
1990	2811
0	85
0	0
6	740
0	372
4	0
574	3536
0	1032
0	900
0	1020
0	1089
0	1020
0	1026
0	1020
0	73
0	290
25	0
156	0
0	12
0	12
57	372
3	283
4213	3
328	1
0	11
173	203
371	0
0	274
0	1408
93	3761
0	3761
0	0
4060	3220
0	3216
0	5
0	5
2514	1858
0	0
1491	0
24	2
0	6
0	6
0	7154
0	6902
0	6669
4	5450
0	5865
0	6228
0	6497
0	5793
0	6275
0	7139
0	0
0	0
405	0
0	0
0	1
2662	7
3566	7
0	0
798	0
0	14
0	14
0	14
26	80
177	1295
31	0
109931	113
0	635
270	0
64	1384
613	1384
63	0
0	0
0	409
522	0
0	3
8	48
0	1978
0	1
0	0
4	20
92	180
7	180
0	0
23	472
0	2
7	0
181	3925
0	3905
0	0
0	0
0	0
0	0
2733	2
9	0
0	0
0	0
0	0
1129	0
6	0
18	0
0	862
4	0
0	627
0	156
11	922
104	922
0	0
317	935
1	935
0	0
0	0
0	0
131	1
0	145
0	363
47	0
0	1654
13660	29
0	0
0	0
696	6
0	0
0	0
0	0
165	0
0	312
80	212
1151	3
134	4047
0	4047
0	163
3	172
0	1103
1	0
0	0
4	0
0	0
242	0
6	0
41	815
0	815
33	258
0	258
651	75
0	440
0	436
0	450
164	771
292	771
557	0
457	1187
2	0
4	439
16	445
0	374
2	1
46	696
1	696
6	0
0	0
115	0
926	3511
0	3511
0	3
0	3
19	0
19	0
0	2015
22	292
0	0
171	0
6	0
0	0
0	52
0	52
4	2
9590	13768
428	1
0	0
0	223
0	242
10919	5
5	0
0	0
323	266
393	2936
37	0
1370	3607
0	0
10	0
0	2250
0	2327
0	2399
0	2341
0	2341
0	0
6	41
0	0
13	59
6535	7
192	102
996	2451
699	3690
0	594
0	346
0	0
0	0
234	0
3	1038
0	913
0	772
0	0
6	0
213	0
0	13
591	0
2440	1
0	1
0	55
107	8
68	1
0	0
0	0
12	0
95	1
1	3
79	0
16	8
0	0
249	0
49	0
0	0
38	0
0	155
296	0
292	0
0	3
130	0
25	9
223	0
5368	5
5	58
2091	9268
0	3951
0	0
559	0
0	447
476	3664
819	2
0	14
0	3400
0	6
0	728
45	215
0	429
0	387
625	1
8636	9
146	1840
13	61
0	1388
7	0
53	139
38	0
1198	0
123	0
0	538
0	108
99	0
0	335
1669	3
4975	4
0	9
6355	10
662	108266
4694	108270
17	0
1	24
0	24
0	24
99	213
0	4774
2336	1
3	5282
216	5282
390	0
0	183
1506	0
0	0
18	0
110	0
0	0
2	2
0	0
0	0
109	982
0	0
53	4456
0	4414
0	4451
3	4409
0	4
231	0
3	0
177	0
1547	1
0	365
0	553
82	135
9	135
2494	4
234	0
6005	2
202	4660
1	0
288	0
369	0
0	156
0	408
0	408
0	408
0	408
153	0
104	245
2	0
73	205
5819	4582
970	4578
1	1957
0	238
0	238
277	0
87	566
67	10
0	204
0	0
0	0
0	0
0	212
18	213
0	1
275	0
4285	2
0	0
23	606
0	1
0	1
1	0
269	519
0	519
161	0
0	0
0	80
3	3
26	3
15	0
227	498
0	498
0	22
35	22
39	324
0	354
0	494
0	392
0	435
0	0
15	1
114	0
286	2003
0	42
7	29
131	118
333	511
170	511
6	1070
0	0
0	0
61	743
6	35
0	35
0	155
0	146
0	155
0	146
0	155
0	55
4	45
2136	0
0	0
214	1512
36	1512
32	108
0	91
1989	9066
6100	9069
0	0
0	4
0	8
0	6
65	636
0	624
1	263
14	228
0	2
0	0
0	2
0	2
0	2
0	2
0	0
0	2
0	49
0	278
13	65
52	2236
59	0
1844	0
116	533
54	533
5871	0
322	1
74	637
0	1109
147	292
3090	1934
659	2
288	0
0	0
1	861
0	18
34	357
0	357
0	0
1240	0
0	0
8	6
883	1
3	3
0	2723
0	1528
2	310
819	1
0	0
0	14239
619	46
83	46
0	155
95	0
310	2
24	217
15	218
0	218
4	246
2178	2
126	26
131	726
5	0
0	0
0	0
82	0
3	56
6	51
0	0
0	0
0	400
3	1
0	14
0	11
0	11
121	0
0	50
0	0
0	91
0	91
0	0
12	17348
1743	17347
39	107
2591	3
0	3
0	191
20	191
0	66
0	66
5	41
313	190
0	190
0	4
140	0
0	71
0	0
10362	6587
745	0
0	329
0	0
13	897
0	239
106	0
0	4255
0	11
139	0
120	546
0	22
0	172
0	134
0	0
0	1165
5	13
0	13
309	927
0	927
3	0
0	83
68	0
0	21
84	4
0	3185
486	3187
1512	1
2	143
19	143
13	3
39	0
0	0
0	40
0	171
1272	0
3	8
0	10
5	911
22	856
0	832
28	537
0	0
4	0
0	249
124	897
54	116
0	133
0	102
56	45
11	230
390	672
277	1
59	104
0	104
1	110
7	3
11	0
0	0
0	103
194	0
924	3
60	498
10	498
0	9
22	191
324	855
0	375
0	294
0	372
0	365
0	0
0	49
189	0
0	546
0	3
1	0
13878	10335
272	10247
432	9000
115	9301
267	9344
207	9551
0	2808
136	3207
143	3571
199	3400
219	3326
0	6761
0	810
0	838
4	828
0	822
7	22
0	0
0	0
8	37
5001	14
0	0
12	1279
0	1272
0	1302
0	650
0	0
0	604
0	0
0	1
1681	1
2	7
0	300
3007	2
0	1111
71	0
166	0
6	16
0	0
0	543
2618	1
1896	1870
1	483
60	225
26781	43
4	0
0	133
0	4364
0	0
0	0
0	0
0	0
499	0
176	3562
0	0
0	220
12	5
17	15
55	201
667	484
0	480
556	1
3	583
0	543
1	270
0	97
77	0
730	270
0	20
342	1
12	529
31	122
201	223
10	223
163	739
383	3666
0	3666
0	213
153	200
19	16
0	949
0	0
29	1024
204	995
1541	1
0	13
0	13
0	13
0	1
3373	3
0	0
0	21
0	1764
0	1755
16	25
56	76
0	1654
5	2706
66	0
0	814
0	931
0	931
0	717
0	793
0	626
0	486
0	105
0	279
0	6
1	0
87	831
42	4
82	0
0	22
0	0
0	6
0	155
0	1008
3	1008
0	164
304	0
1204	0
0	163
447	0
9	0
0	0
0	162
120	295
0	80
0	739
0	346
0	563
0	595
7	982
0	982
0	49
3116	6
84	2081
1	2006
8	0
82	503
0	0
0	0
2808	0
0	25
0	27
0	2
138	0
219	163
184	0
0	119
121	0
0	1227
2464	6
0	0
0	0
17	30
0	5
1180	3
103	0
0	0
0	0
1	0
0	138
11	138
0	1329
0	581
0	14
22	31
0	4
542	0
2	0
0	249
0	2263
0	814
0	19
0	16
0	385
0	385
7	136
172	43
20	744
0	744
0	827
0	444
5	0
122	0
17	97
0	226
0	286
3	0
26	0
9	0
18	0
6	294
25	1284
0	1284
0	10
0	10
0	6
0	14
0	14
255	0
562	0
0	12304
341	54
0	54
0	54
0	0
1201	5903
0	0
0	0
110	109
0	64
807	1
1	855
14	855
0	0
0	0
304	1666
23	1666
0	147
0	60
31	165
25	323
102	658
0	658
0	255
0	0
55	0
11	2321
20	2321
0	26
0	1613
1433	0
47	0
0	1114
25	51
206	1383
0	446
259	1
0	0
0	0
0	0
0	0
0	0
0	0
0	0
0	7
0	688
272	0
0	7
0	0
816	3
1795	42
2	39
0	0
5300	7
49	208
0	995
0	239
0	239
0	222
0	592
0	549
92	920
468	2
0	1447
879	2286
0	0
8	156
0	80
0	0
4963	9
0	3469
23	4
152	1082
0	136
0	136
92	136
116	80
0	182
50	215
0	1798
13	0
1913	0
2413	0
790	0
274	0
8	4
1510	0
0	0
4192	8
0	315
11	0
0	1073
273	21
6	9330
10	9727
509	2
908	1
65	59
0	233
10	93
4	490
18	637
316	457
146	9
0	0
0	0
0	178
3685	5652
7375	2
6	230
0	53
0	53
3	0
1917	470
21	2369
284	311
8	0
0	0
0	879
265	889
85	305
29	542
0	542
0	71
1116	23616
180	426
0	7
0	1609
3	1609
35	1449
0	150
0	90
0	127
0	171
565	877
0	13
15	508
3	192
0	55
0	2
0	2
0	232
0	285
116	2688
0	2688
0	247
3	1
0	8
0	8
0	0
0	0
25	0
0	782
0	2025
0	0
0	3
0	0
0	168
15	200
352	5463
418	51
3	0
0	0
0	0
0	0
4	0
0	0
137	2
2	0
0	0
0	0
0	1509
0	890
0	694
0	563
8	3
0	190
586	0
1053	1
116	211
0	0
0	0
0	53
20	203
0	1926
12	755
0	17
0	6
0	1117
40	0
0	10
32	75
34	0
0	0
0	327
265	25
88	250
0	1642
0	0
564	2
222	1
0	186
284	156
2968	6
0	22
0	162
0	391
11	1510
86	335
402	0
192	526
4	828
8	806
23	0
0	12
339	0
0	1142
0	1078
36	86
0	112
0	7250
4	52
86	233
2399	2
0	182
0	9257
193	488
35	477
0	0
296	0
2	1141
62	1141
0	12
0	134
25	28
304	882
0	619
47	619
0	96
0	114
0	127
0	3726
0	12176
11	930
4	423
16	0
0	0
0	0
0	0
68	0
0	59
0	0
15	853
0	729
1	25
0	10
0	0
2	408
0	16
0	1263
78	1263
0	419
22	401
0	3435
34473	55
0	2
636	0
0	1404
0	6281
2908	2
0	470
112	291
0	0
3	0
0	0
3550	9741
0	22
0	12
0	275
0	4281
1042	4284
51	0
0	0
0	0
125	5
0	8846
0	20
0	21
4	0
0	0
89	2065
0	0
0	0
14	0
5	0
2	186
0	0
0	54
0	7
4	585
0	227
0	0
0	2447
0	2744
0	333
3564	37575
118	37570
328	1
0	396
1707	822
0	819
0	23
0	307
61	183
91	238
894	3
359	0
1	1108
0	1487
0	38
0	0
143	1335
2	71
0	43
0	99
0	2
50	2344
218	2344
118	287
104	287
245	702
0	0
0	581
0	0
6	291
0	40
0	3
0	0
503	0
351	0
156	0
126	0
1144	0
0	0
0	0
4	711
832	8600
0	1743
0	273
0	209
254	1613
0	56
3910	2
0	0
0	786
16	32
0	0
0	660
83	2115
0	1950
0	981
77	1372
349	150
0	150
0	137
0	343
0	343
0	343
0	343
0	2971
12	2990
12	5378
0	4867
0	1571
243	7612
1356	0
4591	1427
0	1420
17	0
0	130
0	330
0	9
227	792
0	5
0	7
0	0
0	0
0	22
0	0
0	1571
0	184
23	51
0	0
170	0
0	37
164	0
11	587
0	567
0	510
0	399
41	240
0	0
1	2
0	72
139	0
32	102
0	1265
50	516
0	2
271	0
138	387
0	1498
15	1296
0	1186
0	1284
0	1189
48	1103
12	0
0	31
1	0
1159	1
0	0
12	146
0	18
110	0
0	2
0	2
0	0
0	0
0	208
0	78
1870	0
332	415
0	67
1277	4857
0	377
0	377
8	324
0	2
0	332
68	0
0	0
0	5
0	731
63	0
0	474
0	0
0	0
0	15
488	1
0	0
151	0
0	34
0	538
0	43
0	35
505	3
0	103
156	0
0	0
0	4508
0	2798
0	1128
175	247
0	225
0	247
89	321
83	1237
7	0
0	4
0	961
12	103
2	26
380	102
721	45
0	45
0	980
0	975
0	7
0	7
0	68
0	1993
0	1614
7	288
0	0
0	7
0	146
1	2
5	23
110	110
1	0
0	0
266	505
107	632
0	0
0	0
0	0
0	0
1641	1
0	7
257	974
6	974
57	111
1486	3
87	2553
0	2293
0	2393
26	804
0	100
0	84
0	430
35	0
0	134
25	0
32	262
70	262
0	535
57	1282
0	1282
0	34
0	25
6	652
277	683
9	172
0	0
707	0
4	533
0	487
53	2089
5	0
0	37
706	0
57	647
108	1045
0	0
9	37
0	371
1	386
34	1772
182	1772
1	81
0	575
0	560
0	622
0	0
18	1110
16717	27
182	989
2544	5
0	370
155	69
0	0
5	0
123	1180
3	1180
2215	553
0	553
0	4263
1671	5
0	305
0	1056
291	691
0	0
0	0
0	0
0	0
0	0
40	3224
3	0
103	379
0	63
0	632
7791	13
10702	270
8	995
168	14
0	950
0	0
887	1
0	56
0	0
519	1
0	132
0	130
4016	0
0	451
46	0
7	2
0	0
28	635
0	0
988	822
22	103
0	103
0	539
471	1
932	197
0	197
47	161
0	888
227	1
2002	4
2333	0
45	0
5	135
321	3128
28	255
7	255
0	1
81	1848
0	1848
0	58
1	14
0	679
2	20
0	20
0	0
10	220
6667	25
120	0
11	337
5	4
0	0
20	0
5	15
0	924
329	2992
2	6
0	6
0	6
0	31
0	31
0	0
1292	0
2923	0
0	535
3	548
0	672
0	0
8	0
1801	4
0	0
231	0
2130	8
1203	5
693	0
0	1
0	221
0	153
4163	2
106	0
0	11632
0	0
8867	9176
692	335
0	182
0	157
13	7
0	21
0	19
11	145
0	0
185	0
736	0
0	0
0	2137
0	899
26	1029
5	15
11	0
381	760
0	1237
177	770
0	0
0	522
54	754
0	317
153	65
0	8
3	161
152	0
0	9
431	5
230	1
0	2077
0	2080
6	12
0	5
0	74
0	0
0	0
0	0
0	2632
1	2617
0	1492
16	1533
0	8616
0	8838
10	0
36	1
2	410
0	283
0	283
0	109
171	576
0	576
0	431
0	411
0	106
0	4
0	4
3	0
109	13
314	3184
0	0
0	576
0	580
0	425
3018	3
0	0
0	1238
598	0
0	880
2	3
0	3
0	172
131	0
20392	17
8	11
23	9
0	452
474	1637
121	384
6	57
80	428
0	0
0	0
33	0
52	206
481	392
18	7
0	14
2	14
0	14
155	1216
110	1090
410	0
0	416
0	312
0	96
21	251
0	115
0	84
5	1927
0	1927
56	29
339	1186
48	1186
0	8
0	8
2	8
0	8
0	27
58	363
0	363
0	359
0	420
0	26
1	42
0	0
472	0
0	1600
1201	0
17	57
1	1201
1	512
39	205
126	0
17	2906
22	2855
0	108
5	0
0	971
2	217
0	299
3	299
7	6
113	21
2	0
87	0
0	113
232	446
254	0
0	13
0	13
4	0
413	0
26	45
0	0
0	1346
40	0
85	0
0	53
0	1647
0	1658
37	0
0	137
34	360
201	3
43	32
0	21
28	0
0	1347
2557	973
1862	975
18	49
8	35
585	0
172	495
8306	19
0	393
561	50
0	21
0	0
0	280
39	280
2835	2
4478	4
2294	502
0	501
0	174
403	1
23	64
0	0
7032	4
0	857
0	870
56	223
0	0
0	0
0	0
547	572
124	176
0	0
0	619
0	207
0	100
0	0
0	63
851	0
0	34
0	4
11	0
381	0
19	2
22	2
4513	3
101	2
655	0
5	176
33	212
0	177
0	966
0	391
53	590
12	412
0	408
697	0
1371	0
419	2115
1	2115
16	130
3	2
0	137
0	0
405	1
0	0
1358	9165
0	33
0	36
0	36
0	36
0	0
999	0
0	20
18	16
0	0
0	0
0	0
498	0
608	0
946	2
97	0
166	0
295	197
50	57
107	0
3229	524
0	523
7487	3
36	0
604	1
2	773
0	119
0	5569
405	2582
0	671
0	9
3	68
0	0
0	4
0	4
0	4
0	7
0	7
284	0
0	0
0	0
0	336
0	6
159	829
11	371
0	848
706	2
5	22
7	22
94	0
0	0
16	83
0	2853
140	207
0	2191
311	0
0	0
530	0
0	1786
0	1584
166	1
0	1
0	59
0	59
0	16
0	103
18	489
263	1121
0	195
11	1846
165	1722
0	1710
579	3
0	102
0	129
0	25
0	25
6118	4
0	0
0	5
0	5
4	9268
53	8088
0	8217
61	0
0	0
0	236
2	595
0	539
50	0
0	548
2444	14
7	289
618	2
0	0
1	11
399	0
0	347
62	0
0	0
27	0
0	0
0	0
0	201
0	182
0	172
360	1
2	48
0	179
0	371
0	0
2	0
3092	12
1	172
0	4
54	205
28	205
1300	1061
72	1061
170	1249
2	0
0	53
0	53
950	1
379	1
0	0
38	0
0	499
148	0
0	1
0	1
0	484
0	2119
0	1274
5879	10791
0	10790
0	301
0	310
0	356
0	274
0	56
1035	1
0	34
50	874
0	608
0	183
1	65
0	29
702	2
0	8122
19	729
0	57
1266	3
0	4
0	0
0	3
0	3
3	0
938	0
1600	1
0	0
0	0
0	0
6	0
0	0
0	589
16	0
234	181
0	181
0	116
0	95
919	227
10	0
0	555
0	384
0	447
5	21
0	24
1	24
0	0
1587	0
8	0
61	0
1	5
0	0
1631	0
0	0
0	125
0	146
192	0
0	1150
0	5
66	0
0	675
0	29
0	0
0	0
22	0
0	0
18	0
0	1143
0	1027
0	875
0	1014
0	468
0	28
0	41
0	882
4	114
0	0
0	0
0	144
1752	3266
102	0
3	0
661	0
48	298
4421	2
0	0
1210	1
2302	3
72	0
0	6
0	0
1239	0
0	335
39	585
1721	0
0	1
0	0
1	8
1054	1
0	0
26	0
451	738
4514	6
0	2992
0	3000
0	2616
0	855
0	145
0	145
0	294
0	27
96	0
63	684
0	256
38	256
11	2012
0	180
0	130
0	144
118	0
12	16
0	1342
53	32
484	3
0	107
1586	6
8	176
947	0
0	3
0	29
418	14
1502	1
352	2106
0	306
0	306
43	0
235	1404
103	1386
0	0
0	0
142	984
52	647
0	417
379	544
0	183
85	0
780	5402
0	29
0	44
0	40
0	40
0	44
0	44
226	0
284	0
258	690
52	115
0	73
0	0
35	0
22	0
0	2
0	91
0	112
9	112
0	30
0	0
403	0
0	4
0	1546
0	1544
30	986
0	4
161	1053
0	1
0	0
1253	1109
0	1108
1	231
14933	31
0	0
57	0
0	4
0	9
0	9
0	4
0	4
0	9
0	2
0	2
0	0
1340	9427
633	0
0	17
4	17
134	1
296	0
0	0
0	33
0	33
0	169
0	151
0	14605
0	0
0	784
1411	5
10	1539
191	0
489	2890
1681	2
0	1944
0	10
0	2003
234	0
0	81
4	63
2015	1
125	332
0	25
0	1
3	532
34	532
0	599
0	757
94	4278
0	1124
0	5900
0	51
0	35
0	15
0	180
0	51
0	196
0	29
0	135
0	16
0	0
0	26
72712	69
0	6
2	6
14	0
14	0
52	0
3	150
11	169
74	39
0	212
4333	3
0	1
0	552
1362	2657
0	2657
0	565
305	0
16	282
102	0
0	355
3	0
2	207
192	0
7	14
0	0
16	31
0	0
2316	0
0	0
0	874
0	0
134	1621
0	0
0	0
0	310
0	1378
936	0
0	3
132	0
66	0
25	366
12	1
20	0
0	9154
11	433
0	257
0	2484
980	4
1940	530
37	530
3	3
18	0
2	106
0	1012
0	1059
13	579
0	579
67	0
2521	3
820	1
0	0
57	0
0	11
0	11
0	46
12	132
0	1546
15	4
0	774
7754	3
11	770
607	0
7	0
2852	0
0	65
0	1278
0	0
0	0
1826	6219
160	6211
0	49
0	61
50	0
0	445
9	77
0	788
87	873
0	877
0	860
6	1201
0	1114
1	1181
0	1097
0	349
345	0
0	3536
0	3591
0	3591
0	3206
0	3205
0	3058
0	3426
0	3249
0	3423
113	3451
0	764
8539	10
4	18
0	18
408	464
4	0
0	20
0	23
0	712
0	2
0	0
0	4249
63	0
276	0
2680	8
4	0
0	708
482	1835
30	1831
0	623
0	0
0	268
142	4506
0	489
130	537
1507	2
815	0
191	0
138	4
89	0
54	57
97	0
3	0
18	0
1277	0
0	0
0	0
0	663
0	0
0	0
2068	0
2	0
12	0
120	529
0	828
9	273
0	89
0	55
0	55
0	1270
0	1132
0	2318
4	14
0	7
0	7
0	39
0	339
9	3
35490	35
43	176
0	6
0	6
0	6
0	6
0	6
840	2
1157	0
35	1589
143	1135
270	1
0	0
105	0
584	0
0	353
0	450
0	514
0	557
206	0
0	387
5	0
44	437
0	0
579	0
0	0
0	0
0	69
13	230
3	298
0	220
0	21
0	0
0	3
0	8
0	8
1739	1
0	1946
170	1946
0	8
0	37
97	37
58	0
0	6
0	761
0	426
51	706
11	0
5912	3878
60	3869
0	1
0	87
1	782
897	1
0	5862
864	0
397	121
1425	10
25	159
0	166
2	2616
392	0
0	0
0	3224
4	0
16	66
0	0
0	0
0	1352
0	1320
8	1324
223	0
16	2013
0	2006
1	15
0	15
0	8
185	0
0	0
0	62
0	15
0	619
263	2
338	0
0	654
0	644
0	634
0	644
0	654
0	867
0	578
0	427
0	380
2286	1
5	196
0	0
0	0
0	2769
0	19
34	3133
0	0
0	0
0	0
21	0
1	800
135	0
130	0
79	423
20	24
0	0
0	28
0	0
0	0
95	0
5285	9
16	0
0	0
3	265
795	266
324	2595
134	0
0	0
0	350
0	85
0	85
0	85
0	14
89	2
15	165
0	4484
62	0
6	0
1	1
156	0
0	7
0	923
0	1100
8	3899
3533	3901
99	1049
26	0
0	3334
0	123
241	4269
0	3471
0	0
0	1788
5	0
0	1520
0	221
0	32
0	0
1	70
556	0
128	1705
81	6078
0	0
0	0
0	0
0	24
0	24
0	11
25	22
0	0
0	107
0	10
0	0
0	0
0	46
642	0
0	7
0	0
77	343
0	8
2708	0
10	197
0	146
158	4
0	58
6	0
0	0
0	742
2	46
32	46
0	345
15	393
135	59
0	58
93	467
19	0
0	0
25	0
0	0
0	681
0	550
0	331
0	66
1190	0
36	127997
10	29
434	223
0	0
514	0
588	0
447	0
172	287
0	2053
41	1418
1378	6
375	1248
0	1107
14	97
18	64
0	0
0	4
0	4
78	0
0	34
0	365
0	1050
781	5247
78	5242
0	4409
217	750
946	750
0	0
0	0
0	0
0	575
0	1962
23	1392
3	1171
1137	2
0	0
186	0
0	342
6	1
3492	4
0	43
0	47
0	35
0	47
0	43
0	47
0	73
0	67
0	118
2	0
91	83
838	0
0	0
0	0
1273	1
0	1918
34	1918
358	337
0	397
0	371
4	2515
0	3775
0	491
0	30
0	30
1923	1
0	22
0	3
1358	0
52	773
996	7397
0	43
474	1169
0	4
444	0
0	403
99	0
0	58
0	0
42	3
0	2010
18	1490
0	1516
0	11943
7	0
0	246
23891	13
4394	0
0	109
113	234
0	0
0	0
0	0
9	8
0	8
0	8
0	8
640	6588
63	0
5042	10
272	372
3493	2
8	461
0	0
0	0
41	3
175	2591
0	161
158	1646
0	0
3081	7
211	0
3104	6
78	0
0	0
0	0
0	166
81	0
48	755
334	0
0	2048
0	1972
0	1
1319	0
0	170
2	3
42	0
8	0
49	0
1664	30788
0	5654
0	1715
76	1715
45	947
0	3
0	18
0	14
0	13
0	5
19	125
208	1429
398	786
0	9
11	271
0	61
13	271
0	204
357	768
423	2164
0	1906
8	11
0	28
17	233
78	0
0	157
0	157
0	159
0	157
0	161
0	52
0	19
0	40
0	445
0	440
0	1351
0	491
0	5
0	946
822	1238
0	0
3	79
0	35
0	35
9	3644
0	1221
12	0
0	5
0	0
0	0
2	14771
47	15990
196	0
0	146
0	133
48	56
1282	8359
52	533
0	19
4	20
0	989
0	524
0	528
112	898
2	275
22	541
23	465
0	456
0	22
0	973
0	803
9	940
0	195
0	0
1784	6
0	4
0	0
0	0
0	97
15	67
0	318
0	251
0	255
49	36
1226	2
0	0
193	54
0	0
138	1172
0	506
449	1238
0	158
0	372
40	0
107	21
0	357
0	1226
244	0
439	1
0	0
2	69
0	139
0	157
0	389
0	2667
0	12
8	0
0	0
0	1
1	3483
6	73
0	0
0	0
10	38
578	210
790	3832
0	768
3	957
51	1341
0	1255
0	1096
728	1
248	0
0	2145
0	0
1273	624
952	1384
20	0
94	1113
0	102
3	798
73	1050
2	713
0	849
1	1069
1	1017
0	368
0	2
0	207
0	221
0	40
770	0
65	0
0	1470
53	0
85	3923
0	0
201	0
3	0
0	5667
0	0
37	1031
0	0
2525	26
272	1385
2	0
0	4227
588	0
472	0
0	11
0	0
210	0
1851	2
1390	0
3	14
346	205
0	0
580	1042
0	99
266	2786
21	3135
0	3268
0	3249
990	0
24	0
0	1838
0	1675
0	1981
0	1832
0	1731
0	1687
0	3
35	365
0	365
0	333
42	252
0	251
0	473
0	40
0	49
18	244
101	2289
0	2289
1	0
390	1
872	2129
0	2129
0	0
139	181
0	9
420	0
0	0
0	333
0	0
251	758
42	0
0	105
0	105
0	94
0	100
0	94
0	94
0	100
0	91
0	18
48	453
0	0
142	1137
0	1137
4	541
5	0
0	91
23	1162
88	0
9	358
0	358
0	90
0	0
0	26
1960	1
18	53
46	11
271	0
0	366
518	431
4	430
0	262
44	271
0	262
0	272
6556	3
9	13
0	40
0	310
0	312
37	521
40	156
299	1
1	48
999	0
649	0
195	0
0	0
0	1192
15	285
88	0
0	38
0	0
2492	647
24	310
0	70
36	0
4	0
3439	3
0	0
0	0
0	0
0	51
0	30
0	35
0	36
0	30
1	0
0	2111
0	2049
42	22
0	9
0	244
0	1149
0	1926
5	66
0	66
0	0
0	44
0	1187
29	0
978	0
0	142
0	0
0	95
3	96
0	0
1	0
2894	3
0	0
7	0
0	945
0	428
1	618
0	5177
87	5697
0	5318
0	4604
71	8976
0	8835
72	7524
39	0
0	280
0	54
0	0
0	0
2	1829
0	17
2	17
1706	5
121	0
194	1
0	37
0	114
0	4
1491	3
4	221
42	5
0	1199
0	5
41	0
8	58
0	0
1415	0
0	0
11986	6
1	294
0	0
33	384
478	1660
281	2
0	0
47	14
288	407
1712	3
0	0
0	710
0	569
0	318
0	567
0	286
0	6
0	10
22	0
0	1582
0	257
4117	7
0	33
0	13
0	33
0	151
0	2
0	0
137	0
136	24
23031	33
0	23
4	23
48	212
0	378
17	315
51	315
0	3600
3	62
568	199
710	5
0	0
1033	0
708	0
0	0
0	948
215	948
9	945
32	204
4	0
8	0
56	169
0	3153
225	40
91	40
1629	8
186	1432
0	2627
323	200
4	338
154	8
0	0
221	218
0	177
0	173
26	280
472	0
0	1024
0	739
6	301
23	301
0	247
4	18
2	18
35	73
1	1412
0	433
0	1404
0	1419
0	1437
4	1405
0	0
0	0
1057	2
0	0
0	98
0	0
2	2
0	33
0	33
0	28
0	33
15	146
1	166
0	166
0	0
0	21
54	5289
126	4552
0	4921
116	4528
0	3633
1032	3633
0	975
0	0
0	53
19	93
148	384
202	0
632	0
0	115
1647	0
4	0
25	2
291	1511
26	1511
147	384
0	384
189	231
0	226
0	314
0	439
0	348
0	277
0	224
438	2
0	0
1115	3
23	0
311	2349
0	2450
0	2158
183	2
1906	3
883	0
3	1065
0	301
112	0
0	11
191	0
0	0
0	0
5035	3
4	308
0	559
172	0
800	0
21	0
1859	20651
133	0
0	0
1012	18
0	0
0	0
0	441
163	0
2	0
0	0
0	0
26	0
13	0
0	2150
102	0
4036	2
79	380
2	1954
909	1
0	11
0	2838
0	897
1049	4
0	0
8	41
5545	3
86	171
0	171
0	179
1249	4
744	0
0	1
0	12
0	998
5	0
60	80
7	0
0	0
0	4
0	0
2215	0
0	2330
0	2330
28	0
152	0
11	6646
0	160
0	0
279	223
1	2027
13	0
0	0
133	889
1852	889
240	0
0	228
6007	17
0	49
0	377
0	362
0	511
0	3
0	0
0	850
1292	0
0	0
1873	1
832	1
11	0
0	0
0	149
161	0
6	308
14	165
0	7
0	7
0	6
0	0
1672	7
1	0
3797	5
27	0
1381	0
137	2793
0	0
0	646
0	2785
0	2933
0	97
4	0
166	548
8	548
130	458
81	458
12	0
15	605
11	174
0	702
0	4
0	2062
407	1608
0	1834
0	586
49	2201
0	0
11	0
165	1
0	0
31	596
0	596
0	0
0	0
3200	2
23	133
61	0
659	4
0	0
4223	1968
0	1965
0	1433
306	0
165	614
0	26
0	46
0	364
13	361
7	46
0	514
16	1228
0	1137
2	0
453	0
14	487
3	0
0	0
0	0
34	7
34947	41
0	1233
0	1408
0	0
117	1272
1550	0
0	721
32	0
0	0
41	0
1915	0
7	0
475	0
0	318
0	322
0	322
0	20
747	0
0	27
310	933
3159	1
0	5
185	3983
0	3983
92	0
6	1
0	6970
895	3
2	0
320	1
0	0
0	139
0	279
330	0
17	171
144	171
0	111
86	0
0	575
0	21
0	0
60	146
0	140
0	141
233	0
242	0
0	0
0	0
0	0
0	346
34	760
0	298
0	0
0	0
2593	2
0	18
0	18
87	0
274	1691
2268	4
64	1032
3	1032
0	1032
0	0
549	0
0	0
369	612
0	6
0	1396
0	1884
0	1372
0	1358
2041	3883
0	3882
1519	1
0	559
1522	692
0	691
0	0
457	0
90	0
0	80
1318	6
0	0
0	2771
0	0
0	0
538	2
3	1670
34	1670
598	1
20	1177
0	12
160	0
140	1577
28	1577
13	48
2	1543
238	1691
1	1
10	0
0	350
445	0
227	1
0	360
1	2
0	4
0	4
3	37
0	0
4	0
0	0
0	500
8	500
48	363
60	363
276	43
115	8796
519	8794
25	291
39	290
9	0
24	28
0	28
182	525
0	0
7	387
0	313
4	247
73	0
50	596
0	38
0	38
271	393
0	2751
4	3
54	42
1489	3
0	1720
2	297
8	11
0	0
312	0
0	856
2309	3
0	910
5	0
205	0
2	0
4	59
0	41
0	657
477	915
0	915
15	1555
0	1781
0	586
657	0
0	268
0	79
0	275
14	0
0	39
0	39
2	34
0	0
34	3
214	2145
0	2145
0	0
35	0
1774	0
0	0
67	340
106	74
2	2077
239	472
0	0
1993	2
176	22914
1409	22914
0	210
0	770
0	0
0	21250
0	0
0	774
0	1504
0	1310
0	15
8	4
243	185
0	541
0	275
1	405
0	387
0	387
0	92
2	7
0	16
0	6
39	0
31	13
264	0
10	843
3714	2
0	278
24	278
115	794
0	17
8	17
1	17
45	477
60	477
212	0
6	160
0	193
532	1
9	0
0	0
0	0
0	1461
0	1197
194	2
0	0
0	204
1504	2
0	1
423	0
93	255
115	2
22	0
2	1108
0	0
4463	353
0	349
1538	6
510	0
169	0
0	307
0	82
0	0
269	0
2	95
0	34
0	0
0	0
356	1
102	24
0	11222
256	0
843	1105
0	1052
0	1103
0	1054
0	860
0	0
0	37
0	37
0	37
0	41
0	37
11	0
4	0
0	84
0	0
0	0
0	0
1959	3
0	0
769	1
0	21
0	0
0	0
0	0
1905	0
1313	0
0	0
0	0
0	0
0	3
0	294
87	129
0	7
0	7
1255	0
7	0
5	257
0	276
3	258
0	7
0	687
0	0
0	104
0	103
0	1435
218	112
58	112
0	973
431	6146
0	590
1605	6
11	260
11	0
0	3
532	0
0	155
2	16
237	0
12	21
181	0
0	10
0	11
0	11
0	11
0	5
0	70
17	9
16	0
0	0
2401	2
1245	2
0	0
125	201
0	88
0	123
25	123
0	0
0	0
96	0
109	456
0	264
94	824
0	134
0	0
125	0
0	1
9	0
63	1518
0	1518
30	183
0	566
43	514
7255	10
9	0
0	51
695	0
627	2
633	0
0	1944
0	1273
0	1535
77	679
0	0
89	1831
0	15
22	157
0	7
0	0
2	0
4	7
44	0
0	2936
5	0
37	0
10	0
52	313
887	1954
241	1950
0	21
0	1248
0	22
595	17
41	0
10	8
500	0
2339	4
0	0
0	135
0	0
3877	0
5	0
0	19
153	19
25	0
244	0
209	0
21	0
100	1645
52	0
10	27
286	775
8	0
0	5413
140	3486
0	1507
0	53
392	1270
235	923
0	923
17089	15
0	0
0	0
296	0
0	0
117	647
2	1033
0	410
0	5
0	666
0	0
4	0
0	2092
0	1466
0	1519
0	1171
0	0
0	0
0	172
0	173
228	555
39	251
578	7167
39	7167
306	144
291	0
730	1
0	9
2	0
120	0
0	0
3195	0
1	10
0	10
175	923
0	0
0	91
4	2
9	0
121	4263
55	4263
48	0
670	0
132	134
1024	0
0	0
0	0
0	3
0	3
0	0
0	0
22	1067
1156	12889
42	12884
0	41
119	0
0	7
25	0
0	0
0	30
0	12
0	12
0	10
0	20
0	0
0	0
2531	2
48	0
0	0
2	0
0	23
45	127
1	578
0	578
0	1703
2	1759
0	0
0	0
480	145
0	138
0	1535
0	1896
0	44
66	0
84	143
0	288
93	173
36	7
0	298
3285	4
0	1228
0	59
114	59
0	4000
127165	131
940	2
0	7
0	0
0	1165
208	5221
81	4747
31	21
3	21
9	0
12	1312
0	1312
60	1099
162	1129
138	1129
0	1006
79	749
61	628
0	628
0	0
8	957
0	999
0	1000
1	1000
249	175
50	0
0	0
0	14621
5	27
0	78
6	0
0	0
0	0
0	3457
44	0
42	1049
0	40816
0	39558
0	42984
4	3
47	251
384	413
0	4123
213	0
6	0
49	1265
173	26
0	708
442	1030
407	1030
33	256
0	4
0	48
4853	2
0	6
72	0
529	0
1825	0
121	237
40	210
58	210
0	412
0	183
15	111
13	439
75	439
0	2
365	0
2	0
0	3249
0	0
118	90
0	243
0	177
0	4753
0	279
0	135
0	135
0	131
0	0
416	0
79	2197
104	2208
32	2208
0	0
5	69
21026	20
0	2472
0	616
0	9816
356	3466
190	369
3	0
3	134
229	97
0	105
1	132
108	365
30	365
0	0
4824	3
0	54
839	4
2	1998
19	0
0	293
45	329
0	2951
6	0
0	11
0	460
0	4
0	6
0	3
2159	13
0	4
23	130
29	208
0	49
0	0
69	198
56	198
2115	4
0	0
4	0
0	0
0	700
59	837
0	797
0	0
0	192
22	0
0	0
13	54
0	1582
0	0
0	88
0	772
7	186
90	221
0	205
0	0
532	0
15	0
2126	2
127	0
4754	5
0	182
0	46
0	0
0	36
7140	3
0	117
18	224
0	185
0	5
0	5
152	620
0	34
2886	409
0	0
0	61
0	59
0	1573
0	1566
11	1655
0	891
0	1365
0	2078
56	0
0	0
0	103
8	456
84	456
684	2
83	2
10406	20
0	1850
43	772
2	0
0	34769
0	6549
35	394
23	394
129	0
0	420
109	894
0	894
19	0
176	0
0	0
0	0
1	1457
0	738
0	189
0	207
3	1794
0	0
859	0
50	0
0	0
0	949
0	106
4	5
0	5
490	1009
45	25
2	0
0	0
0	23
0	24
0	603
12	31
13	439
0	0
9	390
0	390
0	3
1049	0
0	1209
433	0
137	0
0	1215
4	34
35	0
0	549
0	160
0	201
2	10
25	101
0	101
73	13
34	76
0	176
311	1
0	266
587	267
135	39
0	0
60	0
0	0
8	198
0	608
728	0
3710	4
0	3013
0	2798
0	2384
0	2966
0	1577
121	1213
0	1165
0	1236
288	2345
0	214
424	1111
134	0
6	587
0	2
17	0
45	181
0	3
434	53
2	0
132	3
0	0
0	0
0	3
0	0
1	43
0	21
0	3
6	3
0	5
0	543
2	0
565	11858
0	11858
7	46
0	0
834	0
0	317
0	224
0	211
18	0
3253	11617
0	11617
2	305
4	26
0	543
8	0
0	45
0	372
5	394
0	0
8	297
0	97
0	14
5	0
1012	3
11	5327
227	256
0	964
0	902
124	85
112	0
0	0
40	89
0	0
189	1371
286	1748
3	0
125	423
94	0
6	4501
4032	4506
0	940
22	898
0	301
32	736
6	736
19	763
0	934
2461	1119
0	1522
0	1313
0	13
0	7
0	3360
0	6
0	6
0	1999
0	1256
0	1454
4	1501
698	0
1882	5
0	5
31	0
0	179
536	22
519	3850
20	56
0	1368
0	0
100	8
4	0
3	0
0	98
12	215
0	385
0	247
0	367
0	385
0	284
478	0
32	0
3	166
0	57
0	0
16	589
12	84
0	375
0	2461
0	0
0	0
12	127
292	1167
326	3622
0	0
230	0
0	63
11	52
0	0
0	0
0	50
0	0
0	164
465	1692
0	0
0	0
0	0
0	0
0	313
14	8985
0	9655
0	487
0	1054
135	1000
2108	2
0	1
4059	6
465	549
2704	0
46	392
0	0
806	3
0	1068
29	417
0	1235
0	1103
0	2427
3	2486
134	2595
0	2485
0	2594
0	1166
75	343
0	249
0	90
0	62
76	3027
0	3027
693	0
0	6
0	0
778	2
0	0
232	2251
44	101
0	1532
0	1615
0	1623
2315	3
2	0
75	510
20	72
0	37
84	585
0	585
0	591
0	632
0	632
0	557
44	409
0	1
26	0
0	0
78	323
0	457
480	0
97	703
0	84
0	30
0	1020
246	1729
0	1267
9	1284
5	8
2121	1
0	0
70	1077
1655	5
863	3
0	762
127	1044
0	1044
0	0
0	110
0	366
0	118
640	1021
74	70
22	782
225	852
1	3201
16	0
68	0
123	0
16	0
76	938
0	285
0	314
0	4
0	4
0	0
0	457
0	1853
0	36
0	679
0	623
0	10348
0	10273
14	358
0	358
11	0
7	0
0	2
5491	1
198	1273
423	0
1126	1
0	1046
0	614
6559	5
713	1
515	2
0	1252
4	0
0	0
5	0
103	947
0	1676
0	1235
0	221
240	1
44	0
520	1
3	0
1	4
33	454
8	2613
497	2614
200	1313
13	0
0	0
0	77
84	0
0	20
2648	4
486	0
0	0
0	0
72	1060
0	1054
0	591
12301	24
424	0
0	3
0	0
0	113
460	161
0	678
0	678
0	401
5716	1
17072	9
785	245
9	2413
125	2413
0	89
27	89
0	603
0	0
2	133
280	0
0	0
7	289
0	0
658	0
0	4
10	0
0	2131
0	11
5026	0
0	1065
0	779
0	0
124	1149
3051	2
102	0
0	36
0	0
0	0
511	0
0	1289
0	0
0	0
0	0
2580	0
0	0
0	0
0	0
0	240
353	0
0	0
0	186
0	259
0	288
0	2436
30	0
0	620
11	937
4	902
51784	67263
0	46745
0	68163
1206	19606
0	200
1968	2
0	6
0	609
0	0
1	0
0	0
0	2
0	269
0	901
0	245
0	317
0	45
256	0
0	252
0	260
0	0
0	0
0	61
0	2816
0	0
502	0
10	443
0	231
0	687
0	317
0	1991
0	19
331	5345
9	5345
0	3107
3962	3
447	0
0	12
0	13
0	24
0	36
0	45
0	27
0	27
0	37
0	28
0	37
14777	6
0	4
0	509
0	385
0	231
0	381
0	0
1641	0
0	481
0	653
0	481
5	675
0	1839
43	378
1176	0
30	143
281	414
0	414
167	1643
3762	1653
5	1653
777	2137
443	2138
20	0
0	1477
3	4515
69	4515
88	1225
0	2387
132	0
441	0
0	0
460	0
0	228
354	0
57	122
1427	29
0	0
0	89
133	343
346	0
0	155
0	0
340	4
0	18
0	6
1	168
52	168
0	0
0	0
0	7
46	0
0	0
0	0
0	638
54	39
6	0
0	109
269	1
166	0
0	259
0	83
14	25
40	2
0	0
1202	4
0	477
0	1133
0	0
964	1
2045	6
0	45
15	2
249	0
79	35
104	260
113	0
0	101
0	327
4	1256
0	1426
2295	7
1568	0
47	29
157	8
0	0
113	6
0	16
75	0
0	28
0	36
16	54
34	0
289	0
0	231
0	365
27	240
0	142
0	519
0	571
5085	6
0	0
0	1053
0	779
0	6
28	259
0	176
0	148
10	179
358	3675
0	10
1188	2
0	0
0	0
35	2284
0	2197
0	2368
0	2430
3	791
0	308
357	1306
64	807
0	675
87	105
7	105
0	440
0	460
0	559
0	428
1	0
0	9
700	0
4	69
86	130
12	21
0	17
35	185
0	1
0	1
0	5
0	5
2	80
0	80
0	1777
0	226
0	0
0	0
65	0
38	232
0	232
0	3047
81	3046
0	2579
40	81
0	108
297	0
0	1
0	1
9	0
127	4500
189	4500
13	0
683	4
0	3
30	215
130	0
527	0
167	570
175	1279
0	0
4	33
1	215
0	452
0	37
547	0
5	323
0	814
0	835
0	365
0	117
1	27
0	117
0	92
0	0
0	216
0	196
11	215
0	45
20	0
1519	9
0	0
391	0
0	0
0	11
604	1328
0	1168
8	3516
0	3353
76	746
5557	10
0	774
0	289
5	270
0	289
0	269
32	211
0	0
255	3386
0	11
0	11
4933	13
103	919
0	620
975	373
73	236
10	172
273	759
0	0
4	4
1821	3
0	845
0	38
392	2898
200	2030
721	3
519	167
5	0
0	713
0	194
0	194
0	54
853	2905
403	2906
714	0
0	555
0	2082
0	935
0	134
0	1
0	94
0	94
0	109
16	770
0	277
0	0
628	4
0	407
61	512
0	512
17	83343
7936	83347
0	537
163	0
0	138
1010	0
242	0
0	0
3549	0
5	0
0	109
0	94
0	51
4967	629
0	292
11	0
0	4295
6	0
0	0
22	45
0	0
153	54
0	36
0	1058
362	3197
0	2948
0	49
0	2512
0	535
0	43
66	98
0	0
11	693
0	645
0	169
0	0
0	0
0	396
0	360
0	361
0	17
0	915
402	3536
123	564
799	0
490	0
296	0
92	84
394	0
1128	0
9	0
2085	3
154	3
0	2
0	1
1082	1
0	3
0	0
0	361
51	0
6	0
1	19
135	0
17	85
0	2
0	2
0	0
0	0
19	42
123	1217
150	0
342	1414
42	265
64	704
5	704
0	580
0	629
0	3961
0	2898
17	18
0	0
0	4
0	0
0	0
0	0
45	3
0	0
1	0
4	0
0	0
0	0
0	0
2	18864
0	18955
510	18206
0	17993
33	982
0	168
0	1
19	1378
0	0
3	7
953	1
2638	1703
0	1698
0	0
0	0
0	1221
0	1089
0	168
8	168
627	1
188	0
60	225
2617	0
3	287
16	333
347	30
125	1954
230	647
78	647
0	31
0	1359
0	1382
294	143
0	5415
198	0
9	167
0	610
1685	1
0	685
4902	7
0	4
214	0
2659	3142
0	3140
0	428
0	0
11	0
86	0
0	2037
0	2022
0	47
27	712
52	500
0	0
0	0
5854	7
0	0
0	1096
11	260
0	260
0	1
0	2
129	0
0	225
0	246
2	290
14	26
0	256
14	0
0	14
6	1
352	0
53	305
0	6
0	0
0	16
8	173
10	0
519	0
8	22
11	30
0	441
0	0
0	5865
12	0
124	0
615	1909
142	1898
704	0
171	0
2224	2466
5768	7
1160	0
0	122
0	150
0	144
0	112
0	1131
46	222
8	222
0	1108
54	2
7	2
215	57
0	46
6	0
1810	8706
9332	8725
0	0
884	0
0	0
0	2574
6	0
19	7
0	1
0	2069
16	0
2431	6
0	0
217	1
2245	0
777	1
148	0
1598	1
0	7
16	16
161	1176
4533	8
0	0
0	5
1139	0
0	0
0	300
83	314
0	304
0	304
0	0
0	2
0	0
0	2
0	2
76	0
0	249
54	249
629	0
0	582
31	1309
94	543
0	309
444	0
836	28
347	0
0	2541
0	696
4286	696
15	27
25	27
2043	796
207	794
246	406
0	406
58	48
0	0
0	80
0	459
21	0
0	11
0	11
0	4
0	53
209	2
1	228
73	305
197	2
23	4
6	1723
0	0
0	20
0	2
22	750
1970	3
127	4
17	107
0	115
0	115
0	115
0	64
165	457
2466	3
734	2
57	116
37	116
21	42
1239	0
18	116
1	1822
0	2106
0	61
14	676
0	546
0	559
0	557
0	614
8	393
2	225
646	0
3	12
143	0
326	2272
2	3
0	0
958	0
0	0
15	267
0	0
0	0
2747	6
194	0
0	0
0	0
1	107
0	97
0	101
0	101
129	280
262	2336
0	595
0	401
0	168
114	0
0	48
0	0
949	2399
365	0
36	10
229	3369
0	3369
11	3369
0	0
3	245
0	251
0	243
0	26
71	0
0	295
0	0
138	0
57	6
47	1612
0	0
0	0
143	0
0	0
1407	0
12	24
0	321
19816	24
1368	0
0	0
0	393
508	0
2263	9
0	0
899	24
234	0
316	3561
19	3561
77	1062
100	1062
0	0
0	0
0	0
0	1850
185	0
0	0
2633	5
0	1153
0	0
0	93
0	78
0	78
23	338
0	287
0	7318
0	3855
10	53
0	47
185	2335
0	3057
0	2182
30	0
0	320
1519	7248
0	298
0	0
386	0
3	1
100	1194
4	370
0	370
0	0
134	0
162	0
0	10
1686	2
0	191
0	0
0	0
4	0
66	249
0	0
0	1521
178	2256
0	39
48	48
100	266
0	504
0	214
143	0
0	951
0	3
63	158
5279	6
61	0
123	0
0	891
7	19
0	19
0	38
3	88
0	0
119	1229
0	1229
0	0
98	0
0	73
0	178
0	0
0	0
8402	8
800	0
83	0
976	4737
0	4737
443	1278
0	60
3057	3
11047	20
0	0
0	0
99	320
271	1819
804	0
18	22751
808	24470
0	7296
3	56
0	0
0	9
0	9
25	122
0	0
0	0
106	0
1	11
7	45
20	269
68	249
6238	0
3298	5
53	21
20	18
29	39
26	39
851	0
7	57
0	370
172	602
45	415
82	0
0	0
0	352
0	320
8	664
27	0
380	0
695	0
0	0
437	1657
0	1050
0	20
0	189
0	0
0	210
12	210
1520	1975
0	1974
282	0
0	9
0	9
1498	0
0	0
0	34225
0	0
0	0
2377	3185
15	2995
98	3042
0	22
0	22
0	109
3	255
0	322
65	245
0	162
0	121
0	316
0	465
63	32
0	0
0	0
333	706
57	180
1	0
0	0
114	0
252	0
561	0
0	436
13	447
770	447
64	919
24	680
156	215
0	677
501	0
0	3273
0	12
9	136
64	1202
0	22
0	496
841	1
2439	0
1296	2
6	1495
0	3
69	199
3	199
0	110
129	0
90	1550
81	0
0	5
832	1
0	482
0	500
21	0
0	956
2827	1886
0	1707
18	14
0	504
0	17
13	0
0	35
0	35
3	262
640	291
4	0
669	0
21	0
0	408
0	393
0	384
0	379
0	380
0	818
18	0
0	1856
25	0
86	0
0	750
2	24
0	24
0	35
0	35
0	0
3	0
1137	4051
5	3800
0	2749
10	1274
0	2079
4200	3
20	1176
0	91
642	1
37	0
4830	8
0	483
7777	8
0	0
369	0
0	16
0	589
763	869
21	868
8	11
0	5
915	0
0	13
5322	2
1085	1
0	730
39	281
6	281
539	0
845	1
18	477
0	1605
0	0
36	8
52	0
0	144
7	1108
72	1098
28	87
0	0
117	23
112	584
0	584
12	166
1056	0
0	89
0	104
31	246
901	0
0	7
0	0
0	0
45	200
2461	2
0	6
0	0
78	0
0	5657
1	0
0	0
0	307
0	307
0	294
0	0
494	3
96	0
0	29
0	2
0	2
0	0
37	783
0	264
283	5241
0	5241
174	486
6	0
0	0
13	503
0	0
2021	1
5	416
16	416
5	42
174	0
0	175
104	1263
1522	5
64	234
0	453
123	0
368	0
96	625
0	629
0	3535
0	656
6	818
0	147
462	0
0	0
0	0
17	80
0	0
100	260
1	161
0	161
3	161
3	206
117	660
0	660
307	169
5	17
78	195
0	93
0	68
485	1279
0	29
397	51
1482	0
1	0
0	0
0	0
375	0
321	2
30	67
19	67
0	0
143	0
10	1
0	1
30	170
0	70
0	17
0	0
52	3
0	64
0	70
0	5883
19	0
0	113
0	113
0	113
0	113
0	113
0	102
1	0
217	223
0	223
0	1034
813	0
72	2
246	4
344	0
0	0
8	128
0	0
0	1258
0	329
185	0
0	2589
127	0
0	1343
17	0
671	0
89	178
368	0
0	1066
7	0
5	1468
0	1704
77	1331
53	1567
534	122
0	122
0	0
1358	4
1	0
41	233
0	3
6	22
62	65
0	65
978	0
757	0
0	203
0	799
0	119
13	23
0	0
0	0
0	7
146	1705
107	1706
0	0
0	0
0	196
58	0
722	1220
22	1232
0	1053
1	2
0	9
0	28
0	1455
90	1713
0	1737
3	136
16744	9
0	225
0	1559
0	3044
0	2599
0	1389
70	976
5	983
0	175
0	1572
12	246
20	0
26	318
0	249
186	0
4	0
132	1564
0	1564
0	1013
0	183
675	3
594	1
5	43
0	49
0	31
2	40
74	1425
22	1425
4	115
0	133
0	63
0	113
0	154
0	305
0	97
564	2
0	1563
30	1563
236	0
228	134
16	101
0	0
900	152
0	0
0	5
137	22
125	72
89	238
0	215
533	0
36	0
59	506
0	23
0	6
1327	0
574	623
85	623
130	6016
0	7807
0	7617
0	7537
120	8038
38	7531
3	0
7	0
0	0
0	0
613	0
0	857
87	26
333	5
188	4259
167	2
2447	2
5	0
32	0
0	2077
0	404
138	2115
0	1721
5	119
0	82
0	67
0	82
0	72
0	77
0	72
0	74
0	69
38	0
0	1
12	1561
0	325
0	3
0	1
0	1
0	85
7209	4
334	7
3073	0
28	428
0	428
0	0
11	322
0	322
480	149
0	2626
0	2626
4	20
5713	1
10	0
0	532
2703	0
0	4
0	4
29	0
364	1869
1254	1
0	0
0	0
0	280
0	251
0	0
8	0
1370	6
0	0
0	0
8	0
3	0
1549	1
0	23
357	1218
76	723
0	0
13	2832
259	2832
1719	1
0	0
0	0
10	37
10	20
21	7
732	0
1	1601
0	1112
247	259
0	476
98	0
2233	0
126	0
928	3
1	4
3267	2
0	0
0	0
0	0
0	2516
94	1617
0	2545
678	882
0	1876
0	0
2456	1
0	158
1	180
0	1303
532	0
0	71
1287	73
17	0
48	20
30	512
0	19
0	24
0	19
558	0
2178	1
1188	2516
337	2516
610	0
124	924
0	596
3	0
98	0
0	617
0	286
1711	3
0	0
0	0
0	0
2	0
0	1
2650	0
0	472
0	539
0	647
54	784
24	118
75	600
0	59
532	732
2571	0
0	0
0	0
13	8
1	0
0	205
40	2532
284	2532
2	35
0	35
0	19
32	0
131	0
0	0
182	0
5	0
61	609
0	0
0	0
11	951
93	915
0	17
0	1623
0	25
0	22
645	940
0	210
2196	0
0	281
226	2944
67	2944
48	0
58	0
4	52
505	0
0	51
0	0
0	0
26	476
0	0
2	12
1388	1
2013	5
638	1034
45	997
273	0
0	0
912	0
39	9
0	9
330	0
0	0
0	0
477	3
80	3790
0	1974
102	0
2432	3
828	0
809	3
22	25
0	25
0	1752
3	0
0	0
218	0
6671	4
3	78
1	0
9	0
4	0
0	447
0	0
37	31
0	311
11627	4
0	0
283	0
0	0
0	51
0	515
6	515
17	0
0	14
0	14
28	0
0	0
74	0
0	823
0	134
0	134
0	0
0	7
448	6
498	0
0	42
0	15
0	6718
0	6718
231	0
19	0
0	1
324	1260
0	1254
4636	5
91	0
0	1662
264	837
0	193
0	0
875	0
22	4
160	0
590	0
0	0
0	0
0	0
0	0
537	0
66	5
0	0
513	0
0	2422
0	403
0	463
10	449
0	279
0	422
0	280
0	191
0	182
0	166
0	1762
12	0
0	7
3	0
16	258
22	458
0	43
0	43
0	1216
0	1
11	3
0	0
0	0
279	0
28	364
10	364
61	92
44	29
0	25
2	240
886	2
1829	19
0	0
0	0
162	0
0	1
0	151
96	151
64	0
4	0
4	1145
172	1
77	1006
0	403
0	0
0	756
0	873
0	756
0	880
0	687
0	880
225288	286
1279	1
1737	1
0	100
4	100
0	681
0	193
11	96
0	91
0	73
0	68
0	49
0	31
210	0
0	727
0	565
0	675
0	544
0	576
0	0
0	0
0	69
0	595
0	141
0	141
12	245
0	222
0	90
159	585
0	406
5	0
0	5
2	0
0	7
0	4603
0	4603
13	4038
0	3754
7300	2
325	0
0	172
107	711
0	588
0	718
0	335
0	578
0	7187
130	67
206	202
660	202
0	237
106	1
163	1202
0	0
0	262
69	0
541	0
834	0
0	2129
14	17
0	27
32	232
0	5
3	0
0	15
873	0
114	11
46	945
3	0
1199	1
2218	0
0	62
1141	2
756	0
0	1035
0	884
0	1035
0	976
366	23
0	25
22	1089
135	429
39	326
517	0
0	94
22	0
0	0
0	0
0	4240
0	3460
0	252
216	1
0	95
34	0
29	1810
83	1810
0	144
4328	4
7400	9187
0	9185
8113	1
18	106
0	0
36	405
0	0
55	0
0	268
1113	0
1332	0
325	0
0	1
0	0
423	5
3940	3
25	81
4	0
2	814
55	405
302	0
36	822
50	44
0	807
0	169
64	44
509	3801
67	0
817	863
893	3440
179	2
0	666
22	1321
1609	0
127	4
73	82
0	82
0	0
396	7
208	0
0	625
462	1
0	164
0	785
193	3371
94	3371
115	386
0	0
17067	14
1517	2
86	940
360	3053
39	2972
0	0
0	0
1	265
10	0
19	0
23	1531
0	1624
0	1173
3	5
0	3681
5	42
367	1488
0	9691
0	0
0	163
0	0
15	0
0	0
11	0
194	1
0	43
0	0
45	247
0	811
0	0
0	235
0	229
3	209
0	384
131	0
0	93
0	4
0	8
0	701
0	615
1102	0
0	236
0	322
0	322
8	385
22637	19
0	28
65	235
20	69
0	46
762	1
0	106
0	106
4	78
4	4
1736	1
257	4105
30	4082
39	4150
0	130
113	0
0	31
109	0
0	322
3	406
2	406
0	0
0	0
0	1
0	303
0	22
0	70
0	873
0	6
0	0
0	1
0	0
0	0
9	0
0	0
0	349
12	333
184	0
149	0
102	356
0	41
242	82
0	81
491	0
131	0
0	127
0	37
152	150
107	3091
0	3091
0	8135
5	0
0	0
0	0
531	145
0	0
0	28
17	180
9	42
2365	1
2542	4891
0	4886
1958	2
0	119
0	1277
463	2027
0	0
0	0
77	1262
489	1
7	315
0	150
0	144
0	136
0	11
0	1447
0	857
0	0
397	0
0	14
0	14
0	14
13	160
298	724
290	0
23	1021
17659	17
1963	8
884	4
156	117
0	117
0	404
0	68
0	11
2	0
0	267
0	0
0	0
24	89
0	89
0	79
0	79
0	67
0	0
0	132
0	8
0	9
38	543
0	3
0	84
8	419
29	419
0	343
188	1
0	551
1325	6
0	0
147	1
143	43
47	41
10	5999
0	1034
30	5566
0	0
10	0
0	259
352	14692
57	0
2	0
0	1245
0	1222
0	1264
3	24
0	7
3	979
1830	2
20	53
12	11
16	12
165	0
0	1222
0	0
26	21
0	10
0	0
28	6
0	216
14	176
16	216
19	0
0	43
0	47
0	50
0	1
238	585
125	0
0	1890
0	0
2	58
0	8
0	23
31	182
153	0
81	0
0	515
67	35
0	1889
0	1870
0	43
0	0
0	705
1345	6195
101	6194
0	2354
0	320
0	357
0	77
0	128
24	3514
641	0
0	155
0	183
0	1359
1	29
0	838
0	0
0	480
0	0
0	20
0	104
0	17
0	2914
137	2791
13	2810
66	2669
0	1277
7	443
42	443
0	497
0	258
161	2
0	2593
1	3754
378	4196
335	0
0	0
244	285
0	1
17	1
0	934
0	774
3	935
0	922
37	434
15	134
2	0
79	0
102	413
0	0
0	476
131	0
56	611
0	1137
131	1
0	0
0	0
0	0
0	4025
58	4020
65	3767
65	402
0	466
0	466
174	1427
65	16
47	16
29	23
0	15
0	5800
124	6333
0	1
30	562
170	3174
20	3067
531	2664
0	1198
262	524
16	733
0	525
367	0
0	218
0	660
0	38
0	495
190	1514
0	45
0	45
0	166
0	0
0	0
0	1799
0	1088
81	2567
0	0
172	59
0	391
0	419
0	340
0	0
71	1086
0	164
0	657
0	448
1	3
13	239
3932	3
6	0
0	41
0	41
0	41
0	0
0	580
0	0
0	138
1117	855
1	852
0	14
91	22
4	0
0	263
0	0
0	0
0	494
342	1
1	32
0	688
291	1109
0	8
0	15
378	0
336	3846
10083	2
0	0
0	0
0	696
0	113
76	1249
517	2
0	9
1133	1
0	0
0	10
0	10
0	10
0	48
0	76
0	22
0	21
0	150
0	373
0	169
0	42
0	282
44	168
0	1114
0	1
0	0
725	0
0	0
0	0
79	0
113	596
29	0
46	670
7	41
68	0
0	123
61	0
0	733
1	0
104	552
0	21
521	0
3059	3
0	1
0	1
0	1
0	136
35	0
0	151
9095	11
0	0
0	0
0	2026
176	0
0	176
45	420
0	0
0	0
68	1676
55	1676
1	4
41	1002
841	1002
88	217
128	217
373	0
8	0
0	0
15	2
0	25
30	444
713	51
4	3102
68	12077
1	878
0	1
0	1
51	0
0	151
1667	4
0	0
253	0
0	0
43	553
27	553
0	0
0	0
0	0
0	0
0	0
0	0
0	0
0	7
0	9408
0	0
0	7
0	41
0	41
0	0
0	1
0	2975
0	114
3	3055
0	2950
1352	985
0	0
261	188
32	188
0	0
0	286
0	0
0	22
0	17
0	0
322	0
110	0
0	102
0	100
296	0
31	4609
203	4609
25	2974
0	1121
0	2984
0	3096
0	18
0	18
9	0
4	38
0	3
0	0
1438	4
63	0
1	0
406	0
1726	1
1042	3
25	7898
40	0
0	0
0	0
0	0
0	0
0	0
9	0
0	204
4	204
2	14
113	14
2	0
0	0
132	498
0	353
0	0
0	0
0	0
0	0
0	352
6	352
18	0
0	2
4	164
5	0
0	0
0	1
13	0
26	29
150	706
0	6
9	0
1	30
0	30
0	10
6	3
0	16
0	13
1179	404
0	402
0	97
0	11
0	11
0	11
89	1259
0	165
0	466
443	508
0	0
18	0
0	0
0	3067
2	0
0	2164
0	1243
233	2
0	882
0	0
223	0
622	0
0	1005
0	983
434	0
0	0
0	0
83	4
9	0
125	0
1	1
0	487
653	884
0	0
7	0
27	160
5	317
0	0
0	0
0	229
0	0
139	13780
1543	13781
0	12314
0	69
0	598
1346	601
0	5
68	1371
0	0
14005	1849
0	1839
1784	6
0	0
0	12
0	12
0	0
35	0
0	138
0	0
0	0
137	229
6	58
1073	0
944	2317
5	0
23	1670
0	1670
3636	1082
0	7
95	104
3	0
0	3747
0	2882
3	0
0	698
670	1
0	0
0	78
5835	10
0	0
0	11
1020	0
0	17
0	0
245	1915
0	185
3826	2
160	471
215	0
1892	19861
25	0
398	0
0	0
52	216
0	216
30	0
0	0
16	4
0	0
706	3
31	676
0	582
0	522
0	691
0	558
0	416
0	88
0	45
10	45
1110	7
0	0
5	271
14	271
27	3561
0	3561
0	20
72	0
35	0
373	0
0	30
231	6042
131	6045
11	6061
10	6034
382	5894
0	1
3	1
0	1
0	1
0	1
0	33
8	0
1	606
0	628
0	625
0	613
4	920
0	911
0	775
0	981
0	1
6	0
0	2539
50	84
0	108
46	0
0	604
0	585
0	604
0	406
132	542
0	0
1324	1
0	2444
138	1613
521	0
3	1
33	6
0	0
4	0
0	5661
310	6003
0	428
0	0
0	0
0	0
1654	3
0	0
0	1
0	1
68	1560
0	733
0	686
0	733
17	704
19	685
3	685
0	587
0	685
17	0
888	0
545	443
32	443
0	0
184	195
0	1454
55	1454
0	461
343	0
0	830
0	0
653	2554
0	0
711	0
74	0
0	6487
0	6487
1658	1
7	930
0	29
1221	1
73	0
0	0
0	0
2688	4
21	189
3847	5
68	0
656	0
893	0
15	0
0	95
0	95
152	0
0	0
0	0
751	0
7	503
1316	0
0	343
0	341
0	348
0	314
296	0
190	0
722	0
0	0
49	119
0	1791
53	751
0	751
58	3
0	1
59	103
0	103
785	3
21	25
247	0
0	851
563	2
1126	0
0	503
0	0
0	0
17	1
273	2687
19	305
0	15
0	15
454	4019
934	4019
53	0
40	0
0	36
64	0
0	0
0	1
0	0
1056	1225
0	1225
99	0
1378	0
0	0
0	0
0	47
0	272
0	272
33	258
2223	1
0	131403
0	0
485	467
0	467
0	2
0	232
0	360
0	159
129	527
0	527
158	0
146	1402
0	313
10	313
7	807
27	368
17	179
1	0
0	0
0	40
0	0
0	256
401	0
1	1216
95	1216
8	11
4	76
9	76
0	66
0	149
2258	0
0	781
39	781
3319	90
1001	0
0	0
4	17
0	32
0	340
478	1
21	0
0	0
217	0
2	0
376	1664
0	6
76	0
0	0
115	97
0	97
197	4584
20297	15
1690	0
15	1208
0	1152
2	392
21	0
0	493
0	409
60	379
0	269
0	0
0	13091
30	29
18	46
0	44
0	48
1674	5599
0	0
447	0
0	4280
133	4125
0	4126
0	2057
36	0
83	0
17	0
277	152
0	151
0	910
214	7
664	0
0	108
49	108
57	0
0	50
336	1479
0	1478
174	0
1412	0
1019	0
0	1872
2	1936
0	0
498	0
0	0
0	1
82	264
20	855
10	694
619	2
51	0
126	841
10	841
4	0
16	837
379	777
0	777
0	0
0	0
273	0
0	102
0	0
0	9095
0	8715
0	9717
746	1
29	3
331	0
0	0
0	3078
373	1
38	1615
38	0
229	13
0	13
761	0
1006	0
181	0
12	0
0	9054
0	8575
0	8996
0	9109
0	9067
0	7008
0	11
0	145
52	300
0	0
0	0
0	0
0	0
0	4
704	4731
0	228
0	1772
5	8
0	8
156	108
0	1763
34	1763
0	164
0	0
0	6
0	5
0	703
0	0
378	0
0	733
0	56
0	44
137	44
1	490
0	0
0	2196
0	411
164	3748
5	0
0	136
10	353
0	145
0	10
0	10
0	227
0	495
0	0
0	2
0	66
0	12
522	8
0	269
1072	683
3007	687
1	0
0	368
0	0
0	12
0	101
0	101
0	101
1	1108
573	0
17	112
11	0
2	439
17	739
0	717
0	707
0	733
0	1
2	1
0	637
0	0
0	3206
0	2714
0	6166
1	5957
2	6166
0	196
56	0
132	1889
0	17
0	0
0	0
0	100
0	3
0	0
0	1869
80	246
58	0
0	1350
1	32
0	3553
0	0
0	0
0	256
0	5011
33	0
0	691
0	234
0	0
0	14
0	14
18	347
1	1
0	1
1267	1092
0	409
0	2166
82	5
0	1493
103	9
0	9
0	632
0	535
0	535
0	743
1	329
0	500
0	498
0	185
741	3483
0	9285
0	9133
32	318
0	7135
13	1750
15	615
0	5616
0	390
0	382
0	368
0	362
0	0
0	8663
0	8839
183	2177
0	135
0	258
0	21
705	1
688	1
0	52
0	43
2946	1049
6	1097
0	1200
0	1030
3	440
2	0
1	107
9	0
0	0
32	1234
0	1234
0	0
281	5
25	0
6	14
0	201
11	948
52	948
12	9
59	643
2303	645
0	238
11	351
0	65
84	1212
5	901
0	861
201	0
0	0
0	0
559	0
3	1235
0	993
0	4
13	15467
6302	15471
1	14258
0	0
173	350
19	886
419	886
3	20
0	2069
0	2016
0	1970
0	2003
0	2045
0	2069
0	2051
0	1964
0	0
0	0
0	0
0	0
177	290
531	0
11	359
3	0
0	3690
0	234
66	1075
49	1061
67	2
0	948
0	0
0	0
1161	2
645	3814
0	0
95	0
18	439
19	0
97	232
75	454
0	3735
0	1472
0	1156
12	114
0	0
0	320
0	393
4	0
34	0
0	1676
0	20
232	0
1	110
0	109
1858	1
0	50
268	900
0	0
0	0
0	0
2	1
0	1016
0	181
0	163
179	0
0	2
0	1
31	0
0	0
0	0
0	368
0	8
0	181
127	5
139	378
0	2140
40	972
197	758
87	757
4	5
273	324
14	32
44	0
2	10
0	5
0	104
0	0
5	0
0	593
0	1
1	25
2	3
0	0
1902	0
0	54
92	131
41	223
0	1374
0	43
0	14418
67	0
0	30
80	356
175	205
0	205
0	12710
0	0
0	24
2	294
0	285
761	0
288	1
0	197
0	173
1098	31088
0	1621
5890	1636
0	8
0	2
0	171
1482	979
14	45
1	21
0	12
5	12
2440	1
0	1
0	73
0	72
0	170
0	3066
0	1454
0	21
0	992
251	2236
0	56
79	0
0	0
532	0
298	36
0	35
0	1617
0	2
0	858
0	399
0	352
0	349
0	1659
0	297
4	0
4	32
328	7808
4	20
0	4
0	4
22	3022
25	0
1607	1
0	0
0	682
0	0
173	3463
14	3463
124	2293
0	101
0	0
3	4
367	1859
0	1048
3	9
399	0
25	6
0	816
51	816
25	666
7	0
0	0
19	93
0	41
0	38
2	44
3428	7
0	11
0	440
0	340
0	259
25	0
0	0
5338	2
0	1
15	72
1102	0
1711	0
353	1
0	32
0	32
0	26
0	29
0	26
0	28
3	11
6	14
16	527
31	443
19	393
0	443
0	3
7	0
219	0
0	0
1231	1
0	0
4	0
770	1
0	0
0	2130
121	2202
11	0
0	879
94	879
92	9150
465	9150
199	0
0	0
0	0
0	391
224	39
0	0
244	0
0	1060
2178	1
41	0
3	337
0	787
0	702
127	729
2225	3
4	0
2468	1
1842	2
271	0
4	3
0	0
360	6
1485	714
86	714
115	0
34	206
0	0
104	993
1386	2
1	21
0	21
633	0
0	0
0	0
1776	2
254	0
0	134
3	0
1	0
724	2
14	0
15	70
7	70
3184	4
0	0
0	0
0	0
6	52
485	0
41096	22306
0	22260
204	259
27	5070
0	4012
119	0
0	551
1	14
0	10
0	6
18	0
1668	0
37	7
0	7
11	73
1	471
0	471
798	324
375	1026
685	1076
0	0
49	0
8	31
0	12
0	27
5	24
0	13
0	8
0	11
0	6
0	8
0	8
0	6
0	0
0	0
0	1130
693	0
24	0
0	0
275	0
114	0
0	0
886	0
35	0
557	1
0	0
452	47
0	46
366	451
53	0
38	723
0	723
1	0
0	1697
1403	5
10	0
84	0
5930	9
6	0
0	394
290	0
277	0
0	0
0	139
168	0
27720	383
916	0
2	0
459	1
0	0
19	1
0	1
0	728
66	0
137	0
1461	1
82	167
147	308
62	308
603	1
0	0
28	0
1107	0
9	213
0	0
87	1
2850	6
0	190
0	166
149	0
7	0
52	0
191	463
92	464
356	0
1057	2
18798	14
120	4652
52	4601
7	3984
85	0
6271	6
263	6816
5	6816
1	3
101	3
0	233
0	229
0	0
3448	7
0	0
2	0
106	316
0	316
868	4
12	1383
0	0
62	108
0	0
89	0
3	2
4	116
0	0
3	9
191	0
8	32
737	0
0	0
84	37
0	0
16	15
9	0
7	0
18	0
838	195
0	194
173	1010
0	1010
104	0
535	0
0	160
0	205
266	0
0	0
2250	1
0	0
79	0
0	0
0	0
0	1
4	0
14	0
352	285
1484	0
0	18
2797	1
33	0
77	869
186	0
13	36
1042	0
0	0
591	0
80	433
95	542
0	914
93	0
338	5064
0	5064
20	137
0	137
0	184
802	1
21	106
0	106
0	8
0	1
0	100
0	184
0	204
9	126
3	684
316	688
0	11
118	385
0	385
476	0
0	9
0	9717
0	9782
79	0
118	1093
0	0
0	0
9	5308
950	5310
6	0
0	166
16	166
0	1544
1	1560
0	143
74	0
276	0
0	27
1	27
615	3
0	2188
0	630
0	709
0	547
1443	4
0	8
0	0
0	6
0	6
0	6
0	11
0	11
0	10
0	14
7934	3
0	659
0	9167
0	244
0	244
45	219
0	244
0	240
0	244
589	750
0	235
1052	0
296	0
1178	3
1	1050
173	3
0	0
5	83
0	83
184	1006
0	367
0	0
0	504
0	147
56	856
1	125
0	0
196	1182
0	879
59	1108
170	613
5	0
0	0
0	0
0	0
10	7
169	0
0	12
3	72
4	57
0	7719
0	7487
0	202
9	53
1088	3838
0	0
0	38
0	207
306	1079
0	1079
0	944
23	977
0	1476
0	42
0	1
33	68
0	0
0	152
1860	7
1	0
626	10
0	430
0	668
0	326
0	1067
0	749
23	0
319	2528
304	0
0	0
0	23
0	0
964	0
0	0
4660	8
0	0
7	1225
683	4
0	427
0	0
342	862
0	383
0	325
0	0
0	0
0	0
0	1465
0	1740
0	6
142	982
0	1120
0	111
1	1307
0	309
0	254
3	255
0	0
0	0
133	389
0	0
13978	19
0	185
0	29
0	0
10	0
0	0
0	55
0	55
0	55
0	55
7	2395
615	2395
14	5
66	297
302	1
32	244
45	179
401	20
93505	96
0	57
0	2966
38	246
0	246
0	34
0	0
0	0
0	459
0	813
6	0
25	255
26	0
8	2197
0	6
0	9
0	9
0	393
0	81
0	0
0	630
0	156
0	567
0	613
0	616
0	2975
11	462
469	0
1046	0
19	11
39	72
24	72
0	3055
0	146
0	118
0	4
3477	1
0	2871
153	2871
0	3
0	65
0	11300
121	218
50	243
0	5
9	83
0	57
78	845
45	201
4	19
0	129
0	180
0	181
1099	0
0	2
0	142
0	175
286	2503
0	589
0	271
0	474
17	33
11	527
0	454
0	710
0	292
0	4
69	0
0	142
18	117
59	0
0	18
0	0
0	47
6	17
32	1527
11	0
0	411
6	167
0	173
0	98
0	173
0	9
0	9
0	0
332	1
685	4
0	768
0	714
10	822
0	682
0	3109
0	1287
1	2894
0	2869
5	0
3494	998
132	3178
0	3178
172	0
145	0
134	1835
0	0
0	0
5	9
0	404
0	41
53	440
0	116
7	0
0	139
112	948
0	948
8	2
2	986
0	0
9	70
0	46
10	9
0	9
0	119
124	0
0	2
4	3
306	0
112	3903
0	3903
1075	5
0	80
468	1570
1	7342
0	2273
0	2036
653	2
379	688
0	1
33	231
33	597
61	520
155	0
10	437
0	257
0	0
18	240
0	4
0	501
2270	6
0	154
0	2547
121	2547
194	1510
0	0
0	1238
0	802
45	1
2675	3
16	1802
0	1530
0	18
0	17
1155	4
81	0
0	19
455	0
18	114
0	0
1	0
16	2507
0	2457
0	2507
0	2476
0	2463
0	43
1	13
212	0
40	0
0	403
0	0
19	172
0	5
3	5
0	0
1	4
16	4
0	1288
0	1264
0	676
0	1732
4	0
140	0
2119	0
0	1223
2	74
4	0
2677	1
0	92
0	0
0	189
0	1613
316	65
139	0
49	533
0	791
72	0
529	487
0	1190
0	166
0	0
0	36
0	2721
0	2658
18	388
18	398
21	398
319	1
190	0
88	0
20	0
0	0
500	1591
1367	1
18	625
88	2935
1141	1155
0	1155
18	0
0	0
0	1436
0	961
0	1
9	12
0	12
0	790
0	685
0	672
4	0
93	1730
231	0
0	692
0	333
0	333
0	61
0	20
841	2
0	83
7	83
1151	0
21	0
102	3513
2491	3
2	24
2	24
0	0
0	1214
0	1248
1	0
0	13
0	13
0	0
0	9
0	9
683	0
37	0
0	0
0	3114
0	0
0	901
14	25
0	0
0	2
0	2
639	280
0	3584
385	391
2627	392
1330	0
0	27
7	27
19	0
0	0
0	0
0	0
108	145
89	3
5	83
0	0
0	0
9	248
0	4
0	1
56	0
0	0
0	72
0	0
0	0
0	0
0	0
10	0
19	0
32	592
25	592
0	0
1	0
512	0
0	8
0	1
0	0
2844	4
0	2944
14	0
770	0
452	1292
120	2
1	71
1259	9899
0	9899
0	200
0	0
0	0
0	0
0	20
0	18
7	6
840	61
0	47
734	2
2891	4
974	1
293	2352
0	2352
6	4
0	0
435	2050
196	2050
963	0
0	0
113	0
45	879
0	879
0	879
58	724
0	724
16	485
332	0
1011	0
0	0
78	1518
98	1518
0	706
0	593
0	331
0	589
34	441
349	441
49	0
90	4
0	0
1	0
4	0
96	0
107	1169
0	7
1065	2291
3	2291
0	40
22	220
0	1679
0	1451
100	526
29	0
0	35
0	288
0	273
0	256
36	270
0	309
0	299
0	106
0	21
0	0
4	0
2	3649
0	3700
0	260
1127	0
0	831
14	58
727	0
0	0
527	338
66	338
10	163
0	70
0	70
0	230
38	253
0	272
11	1083
1	0
0	0
0	11
0	401
0	402
0	402
42	267
0	0
8	0
4	0
182	2244
0	0
0	0
1319	0
0	6
0	6
0	52
538	0
598	5358
23	5358
0	0
740	1
148	296
19	3231
0	3342
1	3016
0	3055
41	2265
4	0
0	0
118	1635
0	1635
2136	4022
2	127
0	3794
0	3684
193	3862
464	3806
122	3604
0	2641
22	71
216	0
1793	6
0	0
396	1229
0	0
0	7
6	2
10	1
1083	3
0	1285
0	442
0	100
50	243
0	0
262	77
0	14
0	14
0	21
0	0
1348	0
0	229
0	634
0	612
39	44
0	1
0	538
0	0
3	2138
1589	4
0	184
0	277
45	6
0	878
774	0
47	23
91	872
0	1
410	1188
0	216
720	6
185	6152
0	63
0	61
0	0
0	0
0	0
0	0
0	0
19	21
0	42
0	42
5	314
40	0
0	4
0	1975
4	2223
19	2250
2014	617
0	18
0	2026
0	2026
1368	1
789	509
0	1326
0	1226
64	211
28	0
13	0
0	264
0	0
0	0
0	34
0	402
0	159
570	0
22	0
97	257
0	705
7266	1
97	79
313	0
2	0
0	6
0	2
0	2
0	725
0	7
82	0
39	140
0	140
55	43
404	0
0	0
0	284
101	1
0	0
0	630
0	0
1	0
0	225
0	2597
0	131
0	0
92	641
0	0
0	8
12	20
0	0
0	0
0	0
7	11
36	241
51	224
99	150
8	150
0	0
0	0
73	0
378	1491
0	672
0	24389
147	0
5353	2
4	400
0	73
0	63
16	0
0	143
19	2724
0	0
186	0
7	82
0	919
18963	14
0	0
10	1940
396	1940
0	1371
1	1832
1107	1832
0	0
0	0
297	109
470	5296
27	5296
0	88
0	77
0	27
4	0
203	0
1531	1
0	1028
7	13
0	418
2	0
56	6
501	0
1799	2
1584	0
224	394
0	4
0	0
0	4
0	2
0	146
0	95
142	0
17	14
0	437
0	444
11	444
0	679
45	679
0	11
0	33
0	0
0	9
0	41
17	437
365	0
301	0
0	1424
0	849
0	1119
4803	3
15	7449
811	7449
0	372
0	697
0	739
0	570
0	558
206	0
0	7
0	2246
0	428
1143	1
7	14
0	0
0	30
0	0
208	0
1445	0
4584	6
0	0
0	1
0	1
20	0
0	34
698	0
240	973
0	0
0	3
2	631
0	0
143	0
0	68
0	393
0	380
0	386
0	389
0	11
11	132
54	132
356	0
0	0
6	473
0	482
0	456
0	407
0	3412
0	3454
0	3078
3	0
0	0
0	11
0	168
40	722
0	14
0	0
10	9
0	0
11	545
17	526
0	448
52	204
0	1317
261	0
0	1452
3	1371
0	0
0	45
0	45
0	1152
0	1114
0	18417
0	18417
0	18417
16	0
3	504
51	525
0	0
0	517
82	517
0	1
0	3
0	3
70	429
20	1149
22	526
2331	1
1151	0
64	100
0	288
294	1
668	9397
159	97
184	0
0	1819
0	1830
144	285
0	0
0	2428
0	2064
0	0
0	115
0	1010
58	1001
0	0
0	2063
0	0
0	204
811	3
718	0
4582	20224
4	0
66	539
0	538
0	14
0	0
1325	0
0	9
0	0
0	661
1418	553
0	1814
0	0
38	0
281	989
0	989
0	1511
0	307
0	7
8	249
460	0
0	0
8387	10
1216	3
188	1204
60	1625
4	1602
0	8
0	0
4	45
182	1443
1927	1
0	29
0	65
0	20
0	0
116	0
522	3231
4	2
556	4
81	446
824	0
0	39
68	452
20	18
70	701
2	0
0	70
0	110
0	72
0	103
1	160
0	0
0	1266
8	1253
0	1253
0	96
0	97
469	0
4	105
0	380
14640	18
0	0
258	0
391	4
28	87
2	1
0	0
0	0
0	0
64	43
0	39
940	4456
1	325
7	9
2307	0
0	3661
0	817
0	88
612	0
0	374
14	812
0	812
0	516
143	3
0	35
1	971
4	976
40	308
4380	4
39	20
0	23
3	212
2	93
53	5660
0	5656
184	2571
36	0
23	232
1798	580
365	856
46	856
49	4685
11	66
937	6
0	1968
0	1903
0	1841
0	1906
0	1903
0	0
0	0
0	729
0	372
6	112
0	170
15	170
19	110
229	0
0	11
0	11
0	0
1874	0
0	123
0	0
1	0
468	0
0	0
0	0
0	0
0	19481
0	19363
9858	8
55	116
0	1028
0	0
3	0
0	0
384	0
0	1746
24	0
3607	1607
233	0
145	218
0	4
1	0
54	23
12	23
0	7
496	488
17	488
0	129
3753	0
5	0
355	1
0	0
14	217
52	0
10	13
56	0
0	2300
63	0
0	0
0	0
0	362
100	210
4	62
4338	1
0	0
0	0
1	819
0	1476
0	0
0	0
241	751
0	0
0	0
1	0
1	0
0	12
0	12
12	3
0	0
3515	4
59	0
432	2045
0	144
0	147
9	147
0	0
0	0
0	98
7	98
1626	0
0	4
16	291
3	7
1289	0
0	0
0	0
30	0
0	182
227	4
250	4
39	1003
1	1003
0	13
0	0
38	47
18	47
0	875
0	936
67	936
1135	0
1804	0
2306	5
61	740
33	740
0	21
0	21
0	21
0	21
0	553
0	0
0	1
1692	0
39	358
0	2
0	2
142	0
73	559
0	559
0	257
23	2181
178	2218
0	904
0	2830
0	1010
16	29
0	186
16	0
1163	2
0	2
0	2
19	76
0	0
272	2517
226	1683
0	0
0	0
0	0
0	0
24	4932
0	4995
0	4900
260	1275
0	4275
0	1271
0	1217
85	580
0	688
0	12
0	79
34	79
9	194
601	194
0	3
0	2
0	61
0	1206
5	6
1	236
0	109
0	88
3	88
0	40
6	39
0	39
0	0
9	0
0	711
0	151
9	191
0	151
0	0
87	0
93	1150
18	1141
1	1027
0	951
0	627
14	560
0	679
0	7
0	3502
24	3461
84	3467
0	3592
5	3384
2	3531
27	1843
1	1790
0	257
30	4
0	269
0	7
0	7
5	8
0	1730
0	1412
0	1001
0	6
0	7
289	1
433	17813
66	17813
422	0
470	9991
5051	9
42	0
0	5
8	115
2663	2
74	0
0	535
0	0
3265	1
73	0
17	419
1	1656
0	1563
0	27
0	26
0	26
0	3
0	3
105	0
0	0
0	0
0	0
0	0
0	0
254	0
83	2078
0	2339
0	1749
0	974
0	1735
0	1735
53	1735
0	469
0	417
6	548
8	549
83	1
17	82
70	160
51	418
0	418
69	87
3	67
0	67
4	0
0	920
0	33
154	0
404	162
765	0
448	0
3	15
598	580
0	580
0	173
48	0
87	0
40	286
9	85
0	100
0	0
1780	0
0	0
6	0
949	0
440	612
0	180
0	0
0	2504
0	2502
332	2504
180	0
315	12
240	0
0	0
101	0
0	250
0	0
0	0
0	2485
138	26
1609	1
58	230
580	0
0	1880
30	1695
0	1880
319	0
3333	12
111	499
96	430
402	2855
0	382
44	808
3129	0
384	0
0	770
2	742
37	688
1	8
0	0
11565	15
0	623
0	502
465	0
16	0
0	121
0	86
0	108
2	0
0	56
0	450
0	450
0	450
0	0
0	0
0	0
1876	0
485	0
68	270
504	2
0	0
0	2
963	0
2	67
10	4
18	44
0	0
466	1109
6057	2
16939	12
105	135
50	106
0	102
100	0
11	23
1	0
0	0
2212	1
0	18
0	4
50	0
2	0
27	1041
0	1
0	211
12	271
0	304
0	0
0	0
0	1561
1	1522
7	32
0	241
0	444
0	134
0	185
0	2135
109	2249
0	2031
0	524
81	972
160	724
0	124
3169	8
2	32
183	4159
0	13
195	0
37	0
0	14
0	254
0	221
171	1492
5	2
0	668
0	133
0	10
2	1598
0	1637
78	1542
0	42
0	7771
1214	0
25	43
0	1353
0	46
0	4
0	780
59	690
0	0
0	0
68	665
122	246
520	0
71	0
0	2917
0	2648
0	2523
0	543
93	91
0	19
0	19
0	0
0	205
0	0
373	33
0	0
0	293
18	0
0	51
0	51
42	236
412	1
0	2
17	150
3100	1
78	258
63	0
5	0
15	14
74	0
353	777
1895	5
0	81
0	89
0	88
24	789
44	769
0	775
0	830
7	0
0	543
36	0
126	572
0	572
0	0
34	140
0	1155
0	1065
268	1289
0	755
0	618
1534	0
0	732
0	714
1773	11936
695	3
15	0
0	4328
0	0
0	383
217	0
0	22
3	0
0	0
0	105
5	30
0	0
87	354
39	14
13	47
60	230
525	1765
566	1764
0	0
301	1357
0	0
1	0
138	352
0	11
1525	2
23	0
0	1988
0	0
127	5
0	148
0	34
17	0
0	43
0	73
0	0
0	0
1221	0
0	0
0	0
30	0
0	0
0	0
0	0
0	64
0	0
169	0
0	27
919	1
0	21
7977	8
0	2
0	0
5	2
2	51
154	444
97	1034
0	0
0	3283
32	130
75	276
0	164
0	0
0	56
67	4
45	226
0	226
0	0
0	0
0	0
7	0
12	100
0	900
0	3
0	151
123	672
3	0
2	1
0	217
129	0
1269	3
271	0
706	2
9	99
74	261
0	0
420	0
268	356
0	356
0	0
0	36
43	0
336	1182
919	0
0	0
0	0
0	0
263	0
2440	2
0	0
0	0
0	370
0	346
0	773
0	762
0	639
65	837
0	686
1	0
225	0
2262	1478
41	1430
0	1328
0	0
1824	0
121	350
0	0
95	1552
118	664
212	664
19	1951
6	1949
0	1893
0	35
0	35
0	520
0	355
70	514
0	514
0	0
0	0
0	0
1598	1
0	224
204	0
0	0
530	0
1332	496
0	496
69	1830
0	0
8	110
0	0
0	10517
69	105
185	0
1067	0
0	580
0	321
0	0
343	4
0	297
747	1
83	1246
114	646
3	177
0	74
1304	0
83	2802
0	0
0	0
255	0
186	0
2	0
0	582
0	566
0	576
0	0
15	17
0	459
0	470
31	334
543	0
6	96
524	2807
0	0
0	0
6	0
1784	2098
614	2808
3397	7
0	0
0	0
579	0
0	138
0	257
0	158
2	205
7	299
12	83
0	0
1327	0
662	181
2889	7
0	4
124	5283
0	5283
0	0
18	6823
0	7635
0	4551
140	5
38	2702
0	0
819	4
0	650
0	665
0	528
2	0
0	7340
33	0
80	3137
0	3137
238893	250
246092	275
2074172	2620
846500	1209
17080	108
426457	532
935309	1022
60157	38
42711	89
347652	414
284430	318
9476	27
511656	735
164	0
0	0
0	0
0	0
0	0
0	0
0	0
0	0
0	0
0	0
0	0
0	0
0	0
0	0
0	0
0	0
0	0
0	0
0	0
0	0
0	0
0	0
9	2
50	0
0	0
5065	3003
40	0
1	2959
0	0
13	36
987	8
0	0
0	0
0	0
0	0
0	3
0	3
0	104
0	104
0	71
5	79
12	0
0	0
71	2
0	0
0	0
6	65
0	221
0	0
0	0
0	0
0	0
0	35
10	57
0	0
0	0
75	6
0	6
0	0
0	498
6	4
0	4
0	0
0	2
0	5
0	0
0	0
0	0
0	0
1672	1397
0	1395
0	3
7	7
0	7
0	148
71	0
0	0
80	0
0	0
0	0
0	0
0	0
0	0
0	0
10	24
0	24
0	0
0	0
0	0
3	0
1	5
0	0
0	0
159	0
2	0
0	0
2	0
9	0
0	16
0	0
0	0
0	0
0	64
0	0
0	1
2	117
23	0
135	527
0	0
0	0
3	0
0	0
179	38
30	0
0	0
0	4
0	0
0	0
11	0
61	5
11	0
0	0
4	0
0	0
0	0
0	0
0	0
0	0
0	0
21	435
0	29
0	22
0	0
2	0
0	953
4	5
45	0
1	13
10	819
0	0
0	0
1	0
0	0
3	0
1	110
0	0
0	0
3	47
19	0
0	0
0	0
1	0
0	1
0	0
0	0
0	0
0	0
0	0
0	0
9	5
0	0
0	0
0	0
0	0
0	1
0	3
167906	84
19	1322
0	0
0	0
0	0
7	0
0	0
0	4
0	0
0	0
88	57
6	780
0	0
0	0
9	5
1	0
0	0
0	0
0	8
0	0
0	0
89	2071
0	12
0	0
0	0
0	23
8	12
0	0
0	127
2	1
0	0
0	5
1183	33
7	245
0	0
45	0
0	0
134	489
0	0
0	0
0	1
0	0
0	0
0	0
159	2161
0	0
0	0
6	0
11	0
0	0
2	766
0	0
30	614
43	584
21	0
455	0
0	0
0	0
6	85
0	0
4	37
0	0
0	0
12	89
0	0
13	108
0	0
0	21
0	0
0	0
0	0
0	0
0	162
15	389
11	2
0	0
2	240
0	132
6	144
13	72
0	65
0	0
0	0
0	0
0	0
0	0
0	0
0	0
0	0
0	0
0	265
0	0
0	0
10	0
0	38
43	996
0	0
19	1554
113	19
47	290
1	421
0	0
0	0
12	632
0	400
43	1763
0	0
4	507
0	0
0	0
0	0
0	0
0	0
0	0
0	0
0	0
27	324
21	345
32	91
0	39
54	0
15	88
0	320
15	4
0	0
12	238
0	3
0	113
0	0
0	0
0	0
133	2
17	1294
15	1062
91	1761
0	0
0	0
0	0
0	0
0	13
0	4
0	0
0	0
70	184
87	0
186	23
0	0
0	0
35	0
0	0
0	0
0	0
0	0
0	1
0	0
0	0
0	0
0	0
10	17
0	277
0	0
0	1928
37	54
14	198
53	0
0	0
5	562
0	0
262	866
0	408
7	759
9	769
