UniqueCount	AmbigCount
0	0
0	0
0	0
0	0
0	0
0	0
0	0
0	0
0	0
0	0
0	0
0	0
0	0
0	0
0	0
0	0
2	0
0	0
0	0
0	0
0	0
0	0
0	0
0	0
0	0
0	0
0	0
0	0
0	0
0	0
0	0
0	0
0	0
0	0
0	0
0	0
0	0
0	0
0	0
0	0
0	0
0	0
2	0
0	0
0	0
0	0
0	0
0	0
0	0
0	0
0	0
0	0
0	0
0	0
0	0
0	0
0	0
0	0
0	0
0	0
0	0
0	0
0	0
0	0
0	0
0	0
0	0
0	0
0	0
0	0
0	0
0	0
1262	1291
0	1283
0	1279
2960	2420
0	2415
57	102
704	4
933	0
233	221
0	28
0	19
0	219
0	0
1418	4
4	6
0	6
286	19313
78	19756
2	0
7	0
0	0
0	0
0	0
0	0
0	0
0	0
0	0
0	0
0	0
0	0
0	0
0	0
0	0
0	0
0	0
0	0
0	0
0	0
0	0
0	0
0	0
0	0
0	0
0	0
0	0
0	0
0	0
0	0
0	29
0	0
0	0
0	0
0	0
0	0
0	0
0	0
0	0
0	0
0	0
0	0
0	0
0	0
0	0
0	0
0	0
0	0
0	0
0	0
0	0
0	0
0	15
0	0
0	0
0	0
0	0
0	0
0	0
0	0
0	29
0	0
0	0
0	0
0	0
0	0
0	0
0	0
0	0
0	0
0	0
0	0
0	0
0	29
0	0
0	0
0	0
0	15
0	0
0	0
0	0
0	0
0	0
0	450
98	450
55	0
4	0
11	0
0	6
0	6
282	2
857	6
0	1
0	1
49	1
4	0
9	286
11	878
187	878
349	28
0	28
37	243
227	243
44	1317
12	105
0	1298
197	7593
0	5906
87	7117
4136	903
0	393
0	376
70	553
51	553
0	121
39	1610
27	275
0	218
17	1502
2463	0
124	3
0	0
27	0
0	755
524	755
320	0
1061	5
0	0
35	0
0	0
951	653
88	0
0	10
148	25
4	15
54	94
2	42
0	52
971	0
73	106
0	106
0	0
0	0
0	53
151	53
2197	1381
0	959
0	632
29	27
142	1679
0	1540
0	138
0	82
2	140
0	887
0	833
2	759
0	833
4	7
498	749
738	0
0	3350
266	4384
7	1484
514	4378
3900	10
0	0
430	86
0	531
0	56
0	417
132	1040
9	933
20	283
312	283
99	0
288	0
1128	2
0	2
4	2
964	20
3	15
18757	31692
0	426
0	31426
9	25619
0	31549
0	26578
18	612
0	612
10	580
0	29
0	0
0	0
0	0
0	0
0	5155
0	2486
286	5820
21	60
0	60
0	0
0	0
0	6
13	6
164	0
3	315
0	240
0	70
36	1320
1	1302
0	77
0	1318
2	1125
177	1125
8	5311
142	5784
0	5784
0	0
1867	1834
0	1399
0	435
84	0
357	752
0	246
0	0
0	42
0	2
0	2
90	10347
0	10347
5	162
488	162
1315	1060
0	1060
0	0
22	2483
4	53
0	2483
5	2513
0	0
0	0
0	8
37	8
5	17
0	17
5	1138
0	102
0	274
0	294
57	1118
441	4839
0	365
1173	4552
0	2370
228	3
0	843
0	502
0	866
3	745
0	0
0	0
0	0
0	76
19	1248
0	938
0	1270
0	27
0	13
0	34
0	449
0	232
576	2179
150	482
271	482
0	0
218	1
0	0
521	1646
6	1646
0	40
0	40
16	0
0	40
5917	8
271	0
35	582
385	582
0	0
0	0
1	0
1135	3242
192	3242
2274	367
44	323
28	690
177	0
1732	13
0	11
61	668
143	668
679	6
0	4
289	24718
2683	24720
72	256
14	746
124	517
0	54
0	36
109	74
2	0
1	0
0	0
0	0
0	102
1097	435
0	339
21	310
0	3
0	0
282	0
2	0
20	2224
0	1939
109	53
3	4
0	49
5	178
0	178
0	256
102	1359
0	9
0	1231
0	0
108	184
166	184
57	0
186	2
23	0
0	2
0	0
0	0
0	0
0	0
0	2
0	0
89	5
0	3
0	2
0	0
971	0
675	0
200	467
8	467
149	1056
42	341
10	1056
0	808
608	242
0	242
169	0
0	46
0	313
0	46
0	328
2	2644
0	2098
0	1852
9	1705
0	706
963	5651
0	1767
0	5544
4	40
0	10
116	857
0	855
0	797
16	530
8	528
0	3151
78	112
0	0
0	0
903	0
584	1
0	133
1176	433
43	0
7	1853
224	1853
0	0
0	0
0	69
39	69
112	2
261	650
0	250
34	0
12	0
0	0
0	0
10	0
0	12
12	231
617	80
0	80
8836	4250
0	4245
387	627
0	70
0	40
369	182
0	154
72	193
0	193
4725	11
10	0
0	152
359	314
8941	21
4	3
117	9
0	2
0	2
0	48
1	29
0	3
24	347
3	465
6	347
0	0
4	6
0	0
0	6
0	558
773	937
0	931
2825	357
2	157
446	266
71	95
0	172
0	10
0	64
2	172
0	172
5	63
0	0
6	63
6	79
0	157
15	0
46	37
0	792
0	410
0	111
13	1319
36	1285
0	1304
0	1303
0	508
0	1335
0	1292
0	45
0	16
5	9
0	12
0	3
0	45
22154	42
489	348
0	259
0	137
77	0
2013	1350
135	28
175	28
0	0
78	0
0	7979
350	6075
1686	14276
210	13752
0	1455
0	0
73	49
0	0
0	3245
0	3304
0	3229
0	0
0	0
593	569
20	569
142	0
99	195
0	113
0	97
0	0
0	0
0	0
0	0
317	200
0	117
0	168
0	0
0	0
0	0
40	0
532	130
0	0
0	0
0	204
0	23
0	204
12	418
0	353
0	0
0	0
0	25
4	126
0	671
40	114
1	6
231	2747
0	27
0	2608
20	0
6823	18
90	184
0	39
0	135
0	46
0	139
0	23
13	14
0	7
7	37
0	0
0	0
437	368
0	368
52	98
0	80
0	98
886	0
313	84
0	867
0	867
62	29
0	29
2408	0
0	394
630	394
1	0
1742	0
0	0
0	0
1239	0
0	0
0	681
597	988
0	336
28	114
0	13
24	78
0	71
102	1176
0	1394
189	1394
463	0
2	109
29	109
0	1365
0	194
0	1365
157	1358
0	0
48	0
166	0
15	365
0	365
0	627
0	23
223	627
3	9
94	241
100	386
0	0
13762	3011
0	94
0	2912
59	32
0	32
89	0
6	93
6	0
0	0
0	3
74	108
0	0
0	0
0	0
0	0
93	0
17	646
0	646
987	67
0	67
0	0
4388	9
2	62
678	0
174	136
1377	137
0	0
3	5
781	0
1737	13
2935	1649
0	0
2	7
0	0
0	0
1429	173
0	173
0	442
0	394
8	442
569	2
22	0
0	0
67	488
0	275
2	387
0	0
0	31
152	361
0	0
0	0
0	0
0	64
0	37
625	6768
3	6767
736	1
55	0
0	0
91	10
56	10
0	624
0	2113
0	0
607	5319
0	153
8	17
0	17
27	7
2	0
921	0
0	57
101	169
0	28
0	97
2808	780
22	808
1728	0
1596	0
0	0
0	0
115	0
0	5
52	12
0	10
0	5
1	4
203	247
0	236
0	60
63	125
48	125
0	51
0	43
0	88
0	89
0	0
1	0
5	24
0	105
0	102
5	105
0	1
32	227
27	227
272	0
6	0
0	0
138	0
335	109
0	109
16	0
1597	700
12	34
0	698
0	5310
6	5279
14	1
0	318
31	318
892	0
27	239
0	228
6	36
400	401
0	383
0	371
21	158
0	0
0	127
0	8
14	229
0	54
251	200
1064	128
0	125
0	0
0	259
12	259
0	174
31	152
0	152
0	148
215	424
353	50
0	50
227	213
0	201
16	7
0	7
2	0
0	0
0	0
0	0
0	4402
4	436
7	832
99	348
0	285
0	285
15	4284
0	3294
0	158
2288	158
454	938
0	123
15	123
0	0
0	0
0	782
9	440
0	110
0	0
0	279
1152	1147
0	1137
977	1
725	0
58	75
1	73
4	138
0	19
200	138
0	59
0	346
22	405
2120	1965
0	1959
0	1880
0	1
0	0
0	0
0	1
0	1
998	45
3	38
54	7
4	0
0	0
0	0
7	0
0	170
2220	170
0	0
0	198
7	208
4	0
3242	329
0	305
0	304
0	327
15	116
0	116
1160	318
8	3
0	3
798	0
0	519
45	421
10	68
1629	530
519	1
0	193
18	292
6	194
0	128
405	475
0	0
0	0
444	120
0	120
23	0
0	0
0	0
63	41
1595	0
0	0
0	0
44	243
36	245
6	170
21	0
533	27
0	27
523	749
0	749
0	0
0	0
94	2159
0	2157
0	2186
3	2186
0	0
33	167
24	167
3116	883
13	0
4152	0
170	0
24	0
35	32
0	32
18	115
0	115
0	108
212	0
0	0
59169	18346
0	366
0	176
103	366
0	672
0	69
9	220
0	672
0	69
0	0
0	9
21	9
0	0
0	0
12	123
11	741
54	747
11	747
43	0
0	0
0	0
10	0
0	10
51	10
7	1
0	0
0	0
0	0
0	0
0	0
171	0
156	97
0	12
30	97
0	99
451	620
21	622
1208	70
7	69
0	47
0	47
5	22
0	2
0	22
0	22
1228	3
510	706
0	216
0	0
0	0
272	967
66	967
0	0
0	0
0	0
292	147
16	671
0	208
5	208
785	856
0	624
369	407
0	404
0	843
0	798
270	52
0	52
326	364
0	364
63	1414
33	1479
2	1394
78	889
2	889
5	0
0	0
471	443
1063	444
0	795
0	2443
0	792
3499	3240
2466	2
9	0
9070	16
886	0
0	3
0	14
0	12
0	17
238	0
11	0
662	411
6	411
3044	520
1263	188
0	7
10	7
2	83
5	117
58	84
0	33
860	137
0	302
2645	1367
146	1335
690	0
48	1205
8	505
0	585
274	2560
5	2272
7	2739
51	97
154	97
87	0
0	37
19	37
0	295
2	296
23	2
303	459
2	459
58	421
0	421
18	810
197	810
0	19
0	13
0	48
0	41
2	20
1	45
9	44
0	9
107	0
0	0
0	19
0	67
0	3
15	13
0	83
422	70
49	1006
15	988
464	1687
0	65
2	1686
0	65
0	65
0	0
0	643
1500	643
34	360
0	66
0	360
0	329
0	224
1011	2
673	2826
0	213
0	17
0	2
0	15
0	0
164	129
0	129
113	49
0	49
109	0
21	29
0	6
29	107
2	32
0	44
0	90
63	62
0	34
61	337
0	337
0	0
0	0
0	0
22	0
110	266
0	13
0	38
274	38
38	352
430	0
35	336
60	438
0	0
50	367
61	461
0	461
19	0
0	0
0	430
6	1526
0	1856
30	1710
53	1665
0	1727
763	1233
0	1230
97	468
3	467
94	0
5	67
0	31
0	31
51	253
3353	2899
0	2685
15	2706
0	9
0	9
0	0
0	0
418	2941
31	2941
0	15
0	15
19	0
51	712
5	712
0	0
24	37
1	31
0	37
59	1597
4	1597
112	17
3	17
68	147
0	147
0	0
0	0
152	0
0	190
0	190
490	0
245	413
365	0
253	54
0	53
71	8
0	8
8	36
0	36
23	216
3	216
0	15
4	30
17	27
8	18
724	547
52	530
0	96
1741	98
7	3
238	156
0	0
0	43
0	91
4	220
0	7
0	182
0	47
0	13
0	41
81	297
1134	6
0	0
0	0
0	0
0	0
0	0
0	0
0	15
0	218
0	20
66	633
11	622
1144	11394
101	11394
614	173
0	15
0	166
91	224
0	224
260	21
0	21
814	0
0	0
0	0
8	73
0	5
0	5
190	14962
4	13006
0	7425
0	13379
82	1654
0	673
3	631
0	981
488	0
0	0
1210	7795
0	6357
0	331
0	310
509	428
0	240
108	47
0	47
923	273
3	273
120	0
24	201
181	201
25	117
0	117
0	0
0	36
0	29
397	66
7	21
3	22
5	0
3	0
0	1
0	5
0	1
8	0
8	60
1	8
0	100
176	0
0	4
5	11
0	100
0	20
0	0
0	0
0	0
0	82
0	85
0	94
0	94
0	75
0	0
0	0
0	0
0	0
111	0
0	5
0	5
0	0
0	0
907	1
0	111
0	279
26	903
25	903
33	31
0	31
0	0
0	0
3	0
0	4
0	1
665	0
6	0
18	13
0	13
0	0
0	210
30	324
7	1
0	0
0	1
67	133
6	10
0	133
0	0
110	474
0	474
2	1304
0	1304
226	623
0	422
6	341
0	99
2	0
0	0
8	5
0	5
0	679
0	0
0	0
19	84
0	64
0	95
0	122
498	1221
425	470
0	99
44	470
2	44
0	44
2367	4
37	309
0	309
236	311
0	0
8	0
0	0
462	531
111	225
21	73
1	10
0	73
40	0
0	0
0	0
32	54
0	54
12	8
0	0
412	279
3	266
8	0
28	4
7	42
52	892
173	892
69	897
0	60
1190	4
22	0
0	0
6	176
0	176
0	45
25	210
841	1519
0	4
44	4
0	74
201	74
4	20
54	0
1	20
48	588
0	151
0	121
8299	2648
1688	2631
169	0
23	7
0	0
0	0
858	112
0	112
0	560
6070	570
314	72
0	72
0	1238
84	1240
15	1238
440	1239
103	405
0	367
0	106
4	405
8	0
731	142
0	141
0	74
0	19
27	28
0	0
35	8
68	8223
182	5974
62	8787
40	0
64	0
912	0
8	0
6	251
439	251
68	20
62	164
0	42
3	351
5	416
0	0
0	0
438	720
0	720
27	55
6	69
0	38
1	53
2490	195
3	119
16	239
2583	1111
37	56
17	64
1	81
426	162
0	60
1810	84
17	84
23	22
0	22
0	588
0	0
0	0
0	7
0	0
0	0
105	779
0	0
428	1693
0	1693
1	0
0	0
0	0
35	0
24	148
0	148
10	0
0	0
0	0
0	468
0	225
4	115
29	66
680	860
0	860
0	15
21	15
7462	1347
63	15
48	51
0	265
0	67
27	325
0	330
16	330
6	229
0	74
4574	1006
62	541
0	4
0	4
12993	26
6431	2090
3	2079
375	686
406	4
392	0
292	2074
0	2074
0	0
50	60
2290	1029
120	75
0	75
0	0
0	43
0	43
0	1948
132	6426
0	5975
0	0
19	1
0	0
0	3
0	3
0	41
0	21
0	33
0	17
0	12
0	0
0	4
0	4
0	24
0	0
7	0
284	44
0	0
0	0
51	3309
1274	14189
13	14187
564	139
0	138
35	11
332	3728
1004	3728
0	2240
0	0
131	2303
7	407
781	2581
78	945
0	616
0	941
2	31
32	459
0	1
0	70
450	463
367	137
0	515
0	690
0	2340
8	215
10567	3920
778	69
26	66
144	0
10	0
0	0
1291	315
0	11
110	802
6	802
0	12
0	0
1	13
0	12
0	13
0	19
0	19
67	19
0	15
196	3054
0	2010
19	3085
0	3083
0	0
2	2
0	0
3161	0
0	325
47	325
0	530
0	619
0	114
0	511
0	600
180	390
0	390
0	2187
782	2198
0	772
87	2
1	2
0	363
0	2678
7	3224
89	3224
0	205
1	7
0	90
1022	664
0	0
93	182
0	217
0	225
66	102
37	252
0	60
0	273
0	249
10	35
0	12
0	334
0	346
1295	7573
23	7570
0	3363
0	3480
48	3484
0	3355
0	0
0	0
1487	2
723	410
0	406
42147	1300
7	1265
0	1401
0	1939
927	2337
32	0
1154	191
0	189
11	0
103	658
338	660
984	0
3	147
0	22
0	28
0	0
0	39
0	46
374	48
8	358
279	358
1593	768
0	168
0	92
43	352
0	105
0	90
0	325
0	86
0	7
7	67
0	113
8	100
125	0
736	100
0	4
0	18
432	304
0	23
731	29
2	0
0	0
0	0
0	0
0	59
369	59
0	35
8	83
232	1743
17	1718
37553	57
11	2
0	2
0	2
0	0
1800	1
196	1951
0	1958
0	1497
0	1886
4	900
0	894
78	935
0	0
0	0
0	3
0	3
0	3
7	0
491	3450
0	3125
0	3122
0	43
0	113
0	43
0	93
0	71
0	105
11679	4009
0	4001
1	127
0	46
0	244
1769	484
36	77
3	157
47	60
0	1
3	205
0	65
0	0
47	508
8	152
106	474
489	208
42	132
0	122
3624	318
26	313
15	836
0	297
0	742
141	47
3	47
0	0
0	0
2676	8
0	186
0	278
0	113
278	5085
0	526
6	1098
0	441
8	5311
0	0
0	0
13	10
0	0
2	278
0	240
4	276
0	26
0	276
0	0
31	0
101	218
0	981
962	983
352	0
13	0
269	377
0	170
0	377
1368	3
76	54
0	39
0	19
34	0
0	0
0	45
132	0
125	449
148	494
493	14
12	0
4	1
0	33
0	33
44	59
2692	3
25	24
0	1
0	0
0	0
702	39
0	0
33	39
864	0
0	0
0	2
0	0
33	44
431	7
0	1286
3	3494
861	3494
3	1782
10	947
0	1154
687	187
0	176
357	0
7	126
197	126
87	0
2	193
0	113
0	113
0	125
0	73
0	424
0	50
4	432
0	217
0	293
0	293
1835	1
0	43
0	43
23	43
671	350
0	347
0	315
717	444
64	0
513	102
0	102
92	133
0	80
30	55
0	55
0	23
0	23
0	0
464	1044
0	9
0	3
0	3
0	3
7	0
0	557
667	557
0	867
3055	4248
33	4688
0	4685
1	4685
7	4957
0	4691
0	4690
1311	0
175	0
0	0
3	0
0	0
0	0
0	0
589	1705
0	1705
183	0
0	0
0	0
192	3
7	22
0	22
366	297
4	102
4	267
0	279
0	267
3	443
0	488
14	488
0	0
0	32
24	197
0	17
0	208
0	208
0	207
66	22
0	22
0	0
0	0
4	0
6	20
2	220
1029	223
0	125
176	464
0	464
1041	3
0	0
5	654
0	648
0	670
0	14
0	193
3	193
0	168
0	46
0	54
0	138
258	0
0	7
2	17
0	17
48	36
0	36
2	82
0	51
34	387
6	72
0	365
160	995
0	995
136	443
0	420
18	457
4	444
0	429
0	319
0	438
26	332
64	332
754	231
120	0
7	4
0	4
2	43
0	43
32	13
0	12
71	25
0	412
3056	420
3	0
3975	15
52	0
2	0
0	0
0	0
0	0
0	0
0	0
0	0
0	0
2521	0
2	0
3	2
93	902
0	902
0	14
4	127
0	32
0	127
8	208
0	251
0	183
0	0
261	4712
0	4712
151	2773
0	923
0	826
0	2436
0	60
10	138
0	10
0	10
0	10
0	2
249	0
0	34574
0	28068
0	38191
2	32947
8	9252
18608	75958
0	31265
20	45449
0	0
876	1
1677	2399
0	2396
234	157
1	157
0	0
0	178
4	160
25	505
0	98
12	523
409	2
0	194
144	242
0	62
230	388
0	0
382	0
2950	76
0	71
26	45
0	41
0	40
561	164
3439	2
127	232
5	61
78	9
0	220
474	685
5	0
17	0
154	478
2578	461
0	198
0	263
1833	4485
0	440
0	365
2	920
0	35
0	35
0	0
1239	0
5	0
6105	2
0	0
13	0
463	14
0	14
498	162534
16086	143616
753	141091
131	97122
6562	128245
33	98162
6291	518088
296	145340
118	165097
216	195314
61943	478246
3	5
0	5
0	5
0	10
0	5
0	0
22	2328
0	607
87	2328
6	52
0	52
1086	221
0	221
0	44
402	2
1778	1
2133	4
162	307
0	136
0	75
0	821
42	821
0	0
0	0
24	76
0	3
0	76
0	59
128	130
0	85
2879	0
109	79
0	79
3532	2
65	770
0	32
2	772
0	0
0	0
370	856
34	854
9	0
410	33
1540	3
1	0
1	10
0	10
0	50
0	340
21	422
235	1695
13	1700
20	160
150	160
240	1576
0	586
0	1552
0	166
5	98
1374	1596
0	1595
0	734
1727	1
7	0
41	0
0	2582
84	3011
176	973
399	1710
0	1953
355	1953
16	156
0	57
0	147
1146	740
0	740
367	409
0	0
63	94
0	22
12	0
0	173
0	23
0	172
12	146
4	188
1	0
207	145
0	145
95	2111
83	1978
0	15
1	1024
0	1011
335	749
0	749
0	0
0	678
29	678
0	0
600	109
0	109
244	47
0	10115
118	6015
3756	28735
0	28728
280	669
0	645
13	873
0	645
0	350
0	55
0	120
15	123
5	127
0	0
0	14
4	14
4042	1
0	0
0	352
1	352
0	22
0	17
357	22
293	0
5	7
7	24
0	24
574	754
0	106
24	722
0	59
2	114
0	107
0	0
2755	615
0	615
0	0
3269	4
0	0
0	0
9	0
0	0
143	0
0	250
162	250
577	0
0	0
0	0
1566	1031
13	1030
0	0
0	0
0	0
7	0
72	0
0	0
0	361
0	0
21	3666
0	2019
14170	3847
5409	259
49	256
157	0
0	1938
0	1115
454	1848
154	54
58	59
303	54
0	368
523	423
5	1
218	455
1323	462
268	163
0	0
2095	687
0	2162
2	2118
518	156
21	1188
820	2047
0	1728
0	1751
0	61
301	132
299	193
9	191
0	191
0	149
0	173
2385	4
0	0
160	8
0	8
0	0
0	0
0	0
14	0
0	39
1439	41
0	54
0	6
0	54
0	0
0	0
0	0
0	0
0	54
631	54
0	0
565	1209
1	1188
293	650
905	1346
180	1346
32	13
0	34
15	34
2306	1566
0	1563
378	0
545	0
0	0
74	0
75	0
1079	79
0	79
243	2289
0	881
0	1417
0	189
9	564
0	582
0	444
72	444
0	31
0	72
0	52
0	58
12	6
3	257
0	206
1337	2
34	4
0	4
1022	0
0	367
0	367
0	26
7	21
11	74
9	59
0	174
546	279
0	279
0	0
0	135
1184	135
2916	4
558	773
0	822
0	485
0	587
7280	4296
410	4293
4035	140
0	134
17	23
0	23
0	20
2	50
0	1
0	39
0	39
0	31
0	517
0	501
0	55
570	542
0	36
0	502
324	0
7068	6
1628	1756
0	161
0	1752
1	1762
0	1595
63	1556
1	233
13	37
47	0
0	4064
6	742
0	2477
53	49334
0	5449
868	51054
2438	46982
57	232
1	73
54	0
2316	2
1164	1774
16	0
0	0
9	676
2	530
1632	3
13917	18
26	23
0	5
105	23
0	64
8	0
734	1260
80	1260
101	3
288	0
114	27
0	13
0	0
0	0
0	10
0	23
0	18
0	23
8	0
26	25
76	1093
42	394
7	1000
0	38
115	162
140	200
1326	7
0	113
2730	114
52	0
18	93
0	93
0	472
0	168
4	27
0	27
387	0
1	13
0	16
0	16
0	16
0	39
0	33
0	33
904	0
22	1058
65	1058
7061	2376
0	6
0	6
481	24
644	953
0	698
5	898
0	898
2	898
3	2
1871	2
44	19
0	19
77	89
556	139
0	139
12	30
0	0
0	1
74	0
12	0
1974	0
89	434
1609	435
0	0
972	0
0	54
6	63
0	64
0	63
0	25
126	25
0	0
0	4
0	9
368	965
1	4
0	965
0	965
0	965
419	3
709	92
0	92
7	1
0	0
0	1
122	156
50	156
495	3
104	0
0	28
31	28
13	413
0	413
0	0
0	0
11	144
112	337
0	337
0	0
0	0
0	0
0	55
2	7
0	24
26	109
0	54
75	1131
5112	7748
0	0
0	0
35	31
5	25
3	24
0	8
0	0
0	0
0	0
4	0
95	427
196	427
0	0
108	305
0	7
2137	15
0	12
0	8
0	228
0	228
250	1274
0	1274
1762	5
0	44
0	66
0	24
199	124
6008	15
940	21
0	21
6130	2464
0	2458
73	426
11	426
705	6
0	0
87	833
0	364
0	324
0	204
0	130
0	0
0	905
14	38
36	1407
1	194
35	934
0	5
0	0
0	5
0	680
0	1809
0	1809
69	397
119	397
0	894
40	894
51	91
221	327
0	218
721	982
0	1006
9675	9
2821	861
6	502
5	102
75	858
975	0
0	3125
1	1284
322	3281
0	116
143	116
7	7
2	0
1308	1895
50	79
54	79
0	74
24	673
3232	748
0	11
0	0
3	18
0	37
0	169
0	12
0	132
0	184
0	178
0	0
10	0
215	903
30	903
181	4
0	874
80	50
105	2
0	3
0	3
4	0
29	664
1649	1526
197	1522
13	108
7	307
97	488
18	169
1179	3835
3	3891
24	23
0	23
35	718
1779	719
0	0
0	0
6	0
0	0
3	0
0	0
128	366
0	366
1270	2
73	0
0	16
123	208
0	211
0	729
0	663
0	626
17	697
0	703
1	671
61	75
897	35
0	33
58	385
9	385
2	9
0	0
0	9
0	0
0	0
0	0
0	0
1755	512
12	620
0	161
47	685
5	572
0	8
47	8
37	9
0	7
12	346
5	182
3	1639
0	1388
0	1752
1311	20
0	18
82	0
18	0
446	167
2	130
0	62
62	113
19	201
0	205
2	205
0	193
0	24
84	24
1439	1
0	0
3657	448
13	288
0	156
1627	1808
150	1808
0	0
0	0
0	0
0	0
20465	30
222	699
45	0
0	51
0	19
0	60
3	62
45	12
8	0
15	500
0	500
49	0
24	0
7098	3357
80	194
99	175
7	12
0	165
6	309
179	2312
35	2158
627	46
0	46
0	0
0	0
0	16
0	11
0	11
0	16
0	14
261	0
1	72
95	73
41	98
658	100
207	106
0	10
4	28
2	28
0	37
4	34
3	106
0	34
0	19
476	2178
65	2170
4370	9
1261	3
0	47
0	25
0	60
292	187
0	187
0	161
352	0
0	0
44	318
0	133
0	318
0	0
2037	2
2	0
0	0
0	0
196	496
121	0
214	3
0	3
0	162
180	163
88	403
0	117
7	18
64	0
84	872
8868	5
43	480
63	13
4389	483
43	252
55	252
0	89
0	19
0	89
0	41
346	0
1432	0
6	100
79	100
1951	0
156	422
380	422
186	6
0	6
117	0
16	4
0	10
0	10
222	414
0	23
0	414
0	0
614	0
169	1292
0	1292
800	241
5	241
9	208
0	81
97	225
71	51
0	30
20	152
191	260
0	71
0	8
0	0
0	247
72	0
510	2
2157	10867
9	9761
0	6221
0	641
0	251
2603	3
170	428
6	51
241	143
9	154
19	93
10	56
0	93
0	8
0	2
448	0
1057	10697
9295	10715
0	35
12452	7474
0	62
653	62
23	0
397	0
393	827
7	827
6	0
462	1314
142	1314
54	1285
6	528
47	554
0	76
15	560
5244	4
0	0
82	10
4	852
0	280
0	326
0	419
0	98
11	313
42	311
0	822
0	707
0	220
170	227
0	0
0	8
0	0
10	4
0	4
0	3
0	3
44	63
2	8
0	23
0	17
2	26
0	14
0	3
0	53
0	58
91	2
4073	6959
0	6953
150	58
0	58
0	3
0	0
0	3
2	0
2	0
1459	4
1394	4
0	0
367	0
0	216
0	226
0	227
0	226
0	73
0	73
0	73
0	73
0	73
0	73
0	491
0	491
1687	421
0	420
62	87
0	128
0	128
0	1455
3	1003
359	4956
100	4876
0	4891
841	2009
37	132
33	30
0	1441
0	521
0	1597
0	1748
202	643
0	643
228	60
0	60
267	116
0	116
105	56
332	27
0	27
8	0
0	0
0	0
0	0
0	0
3	0
0	0
0	0
2390	1854
371	1874
106	0
796	1960
17	35
6	91
0	1909
0	1980
533	3
0	0
0	10
0	0
0	8
52	0
1778	0
1285	5
3082	1897
11	140
263	69
48	11
1	0
221	375
2	375
472	1935
289	1933
4	1691
19	1045
0	1691
565	229
0	1
5	1
0	0
307	516
0	516
0	0
104	0
0	0
0	0
0	795
0	24
0	196
0	572
0	853
94	1425
70	1425
26	0
37	0
0	0
70	7
0	7
95	26
0	30
0	13
0	16
0	32
13	32
187	0
166	93
0	159
57	159
7	0
0	0
1884	1
2	50
0	46
0	50
0	46
0	0
0	21
0	11
0	10
431	1047
120	2
4	1005
0	1044
12	0
61	765
0	765
615	2
0	29
2	4
0	317
0	296
0	317
232	304
0	213
0	121
0	179
0	0
0	0
0	0
0	212
61	93
3	235
63	791
341	795
0	210
0	5
178	210
0	87
61	184
23	194
0	184
1472	0
0	8196
385	10288
0	3307
0	8195
2294	8
14	41
0	41
684	0
2	0
0	2102
0	797
2	1275
13845	2121
0	25
0	19
0	0
0	29
0	15
49	542
0	32
0	529
0	9
964	722
0	717
4	201
0	102
624	289
0	307
530	499
168	499
5	136
10	136
10	41
1	4
1	1
754	1719
0	23
0	1684
0	104
0	1670
0	215
275	0
28	650
0	604
0	650
0	0
0	2
39	731
0	381
549	1113
6	0
1578	743
109	304
0	834
17	0
1063	0
0	0
8	0
827	3154
0	2826
18	119
0	755
0	455
0	2
0	2
0	0
12	0
205	216
40	216
136	78
2600	9
2470	1222
0	55
0	221
0	0
0	1378
0	1380
3570	3413
0	3409
0	0
0	0
0	2
0	0
0	0
1	2
4	0
213	985
234	984
15	23
0	198
0	218
0	183
0	203
11	211
25	78
0	24
0	15
14	0
3	10
0	78
0	57
0	0
15	0
12	10
4	93
5716	7853
0	7842
0	0
977	1
185	162
43	162
30	308
0	308
1532	0
34	21
0	21
487	7127
0	6944
157	5265
431	992
0	0
1	189
78	854
0	313
0	854
17	8
933	2760
4	2924
0	2632
0	2924
0	2708
6	230
3	230
0	347
562	764
0	435
0	0
0	0
0	0
0	94
0	128
0	141
0	88
764	607
30	417
0	0
0	0
112	74
21	74
102	0
0	95
0	322
75	1518
0	1518
19	88
78181	77
0	0
10592	14
8	185
5	56
144	56
0	0
0	0
0	256
1452	256
79	60
0	27
493	144
0	84
7	82
0	82
281	0
4	63
3	150
0	136
0	66
0	66
552	873
25	423
93	274
0	682
0	674
262	2743
38	2357
53	386
80	2454
0	20
0	108
0	2454
0	0
190	10
0	10
890	0
3	107
0	49
531	1068
0	1067
1318	3
0	0
0	0
0	15
0	0
40	319
0	226
0	239
0	239
0	239
68	127
2063	0
16	29
28	62
0	100
0	96
98	0
0	261
211	265
4	6168
3407	6168
8	0
0	0
498	0
11854	4056
1	377
18	2939
3	729
0	0
1948	0
0	7
116	1
1304	1
0	117
0	110
0	132
0	10
0	8
3	0
0	0
0	0
101	0
0	891
137	1498
932	1222
1	1
19	13
139	13
46	53
0	53
929	67
0	67
1	0
0	0
1	70
7	8
7	450
0	18
0	446
11	28
158	0
156	187
12	187
0	0
0	0
1623	6
0	137
0	618
578	1935
4137	3955
1	4055
4	4214
0	0
587	0
73	410
0	6
0	6
0	307
452	307
45	0
0	10
0	10
1058	308
0	306
0	208
0	0
1442	1203
3	1202
32	0
460	247
0	184
0	265
0	0
0	1
4	209
0	209
0	0
172	19
0	19
0	0
0	0
0	0
0	0
10	0
0	162
0	3
4	22
0	9
0	96
0	114
0	265
1048	1399
16	1051
0	60
4	188
0	54
2	73
7	82
10	511
22	459
11	3
0	3
0	140
12	140
437	1185
0	1183
0	0
2	24
11	10
0	0
4	0
0	25
1786	2
6	64
0	226
0	73
0	13
0	87
412	47
0	0
0	106
1078	106
0	0
0	5
0	2
73	557
0	653
0	643
1295	0
3	186
54	0
1368	0
0	16
2155	820
0	47
0	84
14	67
0	83
0	84
1731	3
327	0
0	5
0	5
0	0
0	0
899	46
103	26
0	21
16	171
0	111
0	143
189	91
368	330
0	330
0	0
0	579
0	579
1318	1
0	164
708	167
1519	190
0	186
1848	0
207	0
0	0
0	1040
0	0
166	1785
0	1785
8	3
0	3
209	680
0	130
4	181
0	430
0	107
0	33
0	27
82	3221
0	428
3	3221
0	6
162	801
2	801
4	0
0	31
0	14
0	43
0	84
0	84
27	102
36	0
355	5
5250	12
5	11
12	0
247	1
12	131
713	131
2050	4
0	212
55	351
30	394
0	25950
342	2635
227	26707
83	27994
80	25744
0	120
0	67
0	118
0	102
0	142
1	42
126	42
0	0
0	0
9557	8167
1	8170
0	945
0	4
0	4
0	4
0	0
0	0
379	1794
0	156
0	4
11	975
0	1794
1394	1267
0	163
0	75
3	170
0	170
764	3
198	0
0	0
243	604
231	305
17	36
0	269
12	0
5	30
1261	31
56	0
3898	7
883	661
0	659
355	0
0	29
0	18
0	29
1577	0
0	38
0	0
85	194
14	366
0	322
1244	688
0	2733
677	2733
6	280
0	111
0	115
0	72
0	27
0	63
0	115
5	18
4	30
3	34
13	0
170	435
0	434
944	0
71	0
14	390
4	582
0	377
0	41
10	573
144	16381
4332	18661
237	19102
0	14678
312	0
0	31
0	50
162	180
25	72
136	16
4	12
5	0
369	0
1946	253
53	252
24	0
0	0
0	0
0	51
0	51
0	276
0	276
937	1168
0	365
3	187
0	1168
117	0
7	108
0	0
9	108
2208	1629
0	1261
5	419
3	289
0	0
0	0
11	2922
0	794
0	1295
0	2728
20	447
0	153
0	399
0	15
9	0
5	35
181	0
0	574
0	582
95	588
0	512
9	143
578	148
1326	1337
0	1333
7	0
0	15
1	15
224	2228
0	36
0	2228
98	0
961	677
16	245
46	0
33	1522
33	308
2	1522
0	6
0	6
0	0
0	6
146	196
22	157
773	39
3748	292
0	290
0	182
0	140
0	92
9	13
25	36
9	0
40	1478
2	1478
109	31
0	0
0	0
339	1509
1536	1509
526	0
0	0
546	1029
0	1033
0	0
1616	3
7190	1635
0	18
0	1593
38	1582
16	0
1	33
50	1145
0	75
359	4094
0	0
4	1169
49	518
0	377
5	176
3	155
5	139
0	3175
970	745
52	378
429	387
0	381
812	674
0	120
0	671
0	4
51	4
336	0
8610	8
67	733
22	733
20	110
0	0
0	30
0	26
10	57
0	39
36	6
507	5
0	0
0	0
0	0
294	143
0	109
0	98
0	79
1434	13759
20	1432
0	6259
0	4985
2718	8962
33	26
0	878
0	1101
33	330
213	414
0	387
113	5571
78	193
121	5527
12	35
0	19
0	19
0	102
0	92
1012	0
13	0
172	14
0	14
34	19
747	2032
0	0
0	63
112	86
0	15
0	0
0	0
0	6
292	1318
0	1396
0	1419
0	813
0	6
0	1
0	6
0	6357
41	8285
37	8236
0	8230
0	0
0	0
0	133
247	1039
7	336
0	722
1	38
7	47
0	54
0	25
3	45
0	115
0	115
0	122
0	122
337	0
3	6
0	6
0	0
16	577
0	593
0	678
0	40
0	733
0	10
4	3862
0	910
0	376
0	3
0	4895
0	4833
0	4818
1	5072
0	4506
14	0
0	0
0	0
0	87
0	138
0	159
0	0
0	0
144	1270
1784	3
35	596
0	396
0	181
43	586
0	0
0	3
0	3
0	4
0	4
0	0
0	0
3	1633
21	0
747	2320
0	1399
0	347
630	937
0	0
250	0
12	0
283	214
0	214
0	0
5	570
17	570
0	590
0	1169
14	1264
0	3
0	861
0	119
9	6335
347	6335
309	0
90	48
0	110
0	981
0	231
0	594
159	849
0	5472
0	2878
0	6382
5	6083
0	2331
0	6881
0	2
0	2
0	2
7	0
56	3256
14	3271
0	3277
0	3266
1065	7
0	24
292	27
244	670
0	636
0	0
34676	55
0	5
11	13
0	13
23	0
0	0
0	0
0	0
0	177
5157	436
0	431
877	0
5	354
0	330
0	279
0	112
239	419
9	150
14	0
43	168
877	447
20	388
47	146
988	2742
56	2964
0	2964
5	0
24	397
0	397
0	130
18	130
22	67
38	0
32	67
47	39
0	0
0	18
0	18
0	1
0	6
2203	2
1	0
9	0
0	0
0	1258
0	1162
0	292
0	1048
0	1187
0	1076
31	1115
72	1115
2482	271
5	270
683	0
0	0
0	0
0	35
0	7
0	72
3	60
11	72
1277	969
0	969
0	9
2	7
0	277
31	50
1963	2098
150	2133
5078	5921
19	5915
2	0
0	0
0	226
5	395
0	18
0	0
0	0
6	41
137	63
0	63
10	1561
129	1669
569	0
0	0
0	0
40	0
0	291
0	337
0	0
0	0
0	0
195	0
0	3077
367	3077
0	38
37	38
508	0
184	187
101	187
585	6
197	3231
4	3231
0	5
0	3
114	8
0	119
7	119
0	0
1	0
0	0
0	0
0	0
0	0
0	0
0	606
4298	1534
0	929
10	236
35	236
66	348
116	348
0	0
0	6
0	6
0	0
0	0
11	0
11	9
1823	0
0	48
29	48
75	1249
0	393
0	1249
14	88
0	0
0	0
0	0
22	447
11	447
645	0
0	1
13	51
0	49
0	51
0	42
57	0
0	0
0	0
0	0
0	0
3	178
0	218
0	232
0	81
0	485
0	795
230	796
249	985
0	985
21	0
5	0
0	63
0	63
0	1
0	1
34	0
83	454
0	27
6	454
15	0
0	0
0	0
14	137
268	3973
54	3973
0	7
0	3542
40	3546
0	0
742	0
5	148
0	29
0	8
0	29
107	754
151	754
153	455
0	455
0	0
0	0
0	0
0	0
0	0
26227	27
25823	245
4	182
196	88
0	90
6	90
0	31
2495	31
0	0
0	0
0	0
1608	1
1304	2739
0	1424
352	3044
870	1
40	0
35	169
58	0
197	1797
0	413
605	414
32	0
0	0
413	902
26	20
0	20
0	20
0	0
0	20
309	1023
1049	611
0	413
683	980
0	977
0	0
0	6
0	6
2045	0
1330	31
413	2
16	766
262	2293
10	2071
0	1650
0	0
0	15599
1626	15599
4893	7786
0	364
3	145
16	7591
685	6148
806	6263
0	128
4824	6760
1570	1699
0	6760
1966	894
1	483
0	411
129	3454
5483	4196
0	4185
1165	3907
0	0
0	0
2	0
0	0
0	0
46	982
0	373
818	911
0	238
40	936
43	1803
4055	2220
0	0
0	153
168	3626
0	3623
0	22
0	18
4	22
10277	23
0	0
0	0
0	0
2	0
0	62
969	62
198	0
0	0
0	0
0	0
0	336
132	336
1	0
0	273
0	7
0	7
0	7
712	273
0	20
37	20
0	0
101	0
8383	217
0	209
0	387
2591	389
0	10
325	0
73	16
0	16
0	0
8	0
23	0
775	6421
0	6421
3	91
509	1540
0	1540
133	34
0	34
2	0
0	12
5	183
0	19
0	187
8	0
0	60
0	80
0	60
0	60
0	0
0	20
0	0
1	9
0	9
3	0
0	0
0	0
0	0
0	617
0	2175
64	378
342	7708
56	7156
2	2570
0	460
194	460
3	0
0	0
4	166
0	261
12	163
0	23
0	0
0	0
440	836
0	835
71	565
0	617
56	617
1289	2
2706	3
3	1227
0	287
0	877
0	1438
5339	2942
6	0
968	228
0	228
0	0
1	17
1	17
2	299
12	546
0	261
0	299
93	551
0	0
0	0
0	2
0	24
0	14
0	27
0	27
75	138
0	69
1169	204
0	199
0	0
0	0
0	0
92	30
50	0
4475	6853
217	265
26	0
0	485
6	570
21	3
3	5790
1	5754
140	39
0	39
0	0
0	5
0	5
0	0
88	101
0	1
775	3
25	26
212	0
1630	3
125	74
0	74
0	0
220	32
84	522
18	689
0	338
4	632
0	653
6	1001
593	1318
0	317
5143	0
0	0
6	0
0	0
0	0
0	0
0	0
0	0
234	0
1124	826
2	826
0	0
0	0
1110	0
247	1
0	0
18	31
87	31
2	0
0	89
10	170
0	49
0	156
0	145
5	0
0	0
83	751
3694	757
0	0
0	0
185	193
0	193
543	145
0	145
169	143
0	94
224	0
3780	5
141	0
48	20
91	6004
2494	2735
186	1032
31	0
1156	3771
0	0
247	0
0	121
98	306
0	319
0	63
0	25
0	221
3266	142
96	313
0	23
1450	172
0	8
7	149
0	0
0	14
545	122
6	92
0	88
0	95
0	1943
0	5984
0	2061
0	1366
317	439
8	439
1024	945
3	227
0	132
0	445
45	535
0	10
9	0
0	10
0	708
622	708
0	198
99	1541
0	1524
1035	2595
6	565
1	601
0	1163
0	0
299	3387
0	354
72	3374
1182	3721
0	7
0	3721
268	6
0	147
5483	3679
0	3598
3	18
23	40
24	1431
0	1431
52	0
0	634
0	277
0	148
0	677
0	0
0	0
0	0
513	0
52	0
0	18
11	18
2397	6
0	0
0	0
73	165
0	182
2	195
4	193
410	149
0	0
0	0
30	235
1586	399
3	393
0	0
0	0
2501	3
29	0
0	0
0	0
0	11
2	137
30	34
1	139
0	137
46	0
0	0
0	0
875	0
931	0
0	0
0	0
0	0
0	0
145	463
33	0
0	3
322	702
0	497
0	311
0	464
0	669
103	52
0	52
0	4
0	18
0	18
4	0
387	627
0	627
6	10
580	316
0	2
16	326
0	0
0	0
1068	4
16	349
0	443
3	0
0	145
208	390
0	390
0	12
693	1
0	1
31	201
0	45
0	90
0	0
0	16
0	434
0	70
0	19
26	434
71	16
0	16
0	0
4	18
1223	660
10	640
13	16
2047	1
2	0
0	0
110	3
8	3
1221	762
0	762
120	334
0	99
0	125
0	115
0	133
0	133
3262	175
15	172
203	98
0	98
47	70
158	68
0	0
1290	202
0	15
0	0
0	539
0	205
0	199
0	18
0	199
0	0
0	0
0	0
277	518
2827	4
209	4866
320	4866
0	0
149	1275
0	651
45	998
2922	4
0	0
9	231
0	40
0	317
15	820
23	787
4977	124
174	121
0	0
29	164
0	164
17631	28
0	0
0	774
753	774
0	461
0	428
28	120
0	29
124	23
0	23
0	0
0	0
6	1
0	1
10	17
0	0
0	86
0	0
0	86
0	0
165	0
115	0
0	0
0	155
144	439
683	629
0	252
0	0
0	0
0	5
0	5
0	0
0	73
0	65
860	694
0	23
0	32
10	222
0	214
413	0
5	0
0	0
0	8
10	722
0	653
4773	2257
238	2036
25	0
0	64
0	64
0	0
0	0
0	0
0	0
0	0
0	0
4788	12526
0	12525
18	802
7	11
0	806
15	28
0	2
0	3
0	2
0	3
0	6
0	7
0	6
0	7
0	5
0	2
0	5
42	5
0	1
0	1
0	55
237	101
0	68
0	88
7	56
8778	12865
0	355
391	12833
0	82
0	70
6	123
71	121
13	90
152	6382
0	6382
0	454
0	29
0	39
0	47
0	76
0	384
29	442
0	1048
623	1253
1	0
0	0
0	0
0	0
268	741
2222	12529
0	12529
0	3
0	3
453	149
0	149
0	414
0	125
5	127
0	140
0	140
0	127
0	139
0	132
0	150
1453	2023
35	2605
0	2557
274	0
174	640
592	6206
0	2196
0	5364
0	0
0	19
5	15
0	43
0	32
18	24
6	24
0	0
10	0
17	0
0	0
1024	0
6	414
0	248
0	33
0	1877
7	1619
2349	1794
455	894
0	47
0	134
2	896
1890	559
0	199
0	556
0	0
0	0
0	0
606	510
75	0
2532	4012
0	4006
0	26
77	62
0	48
36	35
0	35
120	0
0	3
0	0
0	0
0	25
0	55
272	2696
1	2696
808	0
12	127
1397	185
0	185
108	243
34	243
7	94
4249	6
12	4
459	745
11	742
560	125
0	84
0	120
0	401
0	391
0	387
731	3
16	76
6	76
0	232
0	807
62	686
45	685
21	352
23	1643
0	526
0	1434
0	0
2785	1116
61	1114
0	0
2	0
1504	1
7	0
0	0
51	6
0	6
18	37
0	21
0	5
65	5
1	0
120	807
0	807
0	0
0	3
0	2
540	6
45	776
0	776
0	30
53	60
0	0
1188	3
815	268
0	102
405	4873
341	3513
0	211
0	4289
0	0
0	2903
0	1085
0	1106
15	2924
11	0
84	128
0	128
563	304
0	264
0	5765
2	3164
0	3390
11920	12323
70	3176
0	3176
0	0
7	0
99	199
22	199
128	157
293	207
2662	207
29	69
12	12
8	12
0	0
0	457
0	534
0	521
2	186
3	937
0	553
0	708
0	716
0	596
343	9
194	17811
209	0
0	295
0	32
2740	2194
306	2172
437	50
1	0
29094	91
0	35
0	35
3	136
0	149
0	149
955	1
1192	1
15053	23
80	165
0	165
0	8
0	8
4	8
0	82
127	82
0	18027
0	15993
442	31364
1	22072
0	26426
7	96
0	36
0	8
0	46
0	56
0	54
0	117
0	0
4296	17804
3415	5
521	0
9	7
0	73
0	0
0	0
0	42
9	42
0	20
539	4741
0	127
0	35
3	551
0	4748
0	4681
0	10
0	0
0	0
71	277
288	277
526	3
22	797
0	715
21	66
0	66
105	0
0	233
56	274
69	366
410	276
0	214
0	157
1275	740
55	938
0	894
1001	0
10	114
33	94
0	113
147	882
0	473
117	409
10	0
18	0
8	0
0	0
0	1
0	1
0	1
0	0
253	0
477	1324
0	944
38	1746
0	1682
1200	24
2262	3
13	0
1	27
0	19
0	125
591	305
0	179
4	0
4475	6200
17	31
0	0
0	31
642	0
0	0
0	0
0	0
0	0
25	147
0	147
287	0
0	0
45	0
380	201
46	338
54	538
0	13
28	13
68	30
7	28
1254	1
651	295
0	294
6898	512
0	86
0	86
0	52
0	486
41	515
19	516
0	665
0	461
0	1175
176	1398
281	0
0	2
131	871
0	871
4	0
435	3
0	59
137	59
0	88
63	150
0	0
0	692
25	741
3	108
0	89
0	222
0	182
20	0
1370	1
2097	2495
0	1921
0	2491
1	1855
0	2491
0	360
0	360
0	3
0	0
0	3
23	24
0	15
0	65
195	65
0	0
188	10
5	10
0	15
0	281
8	281
0	0
0	0
8	0
872	218
0	218
279	4682
0	4681
5	61
0	5
0	153
857	1910
17	142
62	1871
49	157
0	157
5	176
0	125
11	213
912	18
0	18
0	5
0	5
0	0
0	0
0	24
39	24
16	0
0	0
0	0
416	1
0	3
0	3
22	2
4	38
2	38
9	0
1544	0
4490	811
2101	2364
1968	4
0	0
178	368
0	368
1295	139
0	19
1	163
1045	300
0	135
331	0
67	0
56	0
3	7
0	0
3	928
0	91
5813	1236
97	0
3	226
3	225
0	226
0	102
56	102
723	0
114	33
0	33
0	134
0	77
334	1128
0	60
0	1120
37	0
0	9
47	199
5	24
0	13
0	175
386	0
355	0
1718	2776
205	2776
5481	4175
0	4171
413	0
80	359
65	359
468	598
0	136
114	597
103	4
0	4
0	21
156	23
0	34
284	536
10	4
0	527
0	0
0	0
0	0
0	4
0	20
0	20
0	0
60	313
0	313
718	0
101	1089
232	1089
0	490
25	490
964	1
0	66
0	66
172	0
0	0
0	0
0	32
0	49
0	67
0	202
0	17
0	8
0	195
0	209
67	0
0	107
368	516
0	370
0	0
114	0
2071	6
84	430
21	1310
6	331
20	377
0	298
5	243
0	1004
34	303
535	2156
15	1076
0	1064
0	0
0	0
0	0
0	3
0	3
39	0
52	39
0	39
681	1361
0	19
0	4
5	90
67	1361
0	0
0	0
0	91
319	84
0	586
0	2541
74	2560
4	2560
0	58
564	58
0	0
0	0
0	26
0	0
214	129
0	59
0	153
0	128
579	180
0	179
0	23
0	23
0	0
0	28
238	3
3553	10
245	181
2768	0
303	0
142	1263
33	1263
0	0
0	0
0	1079
164	1079
2360	4
82	28
210	449
85	15
2171	558
40	0
0	557
0	0
147	591
0	22
0	591
33	0
4324	2
3165	2488
0	1061
0	0
0	0
0	0
316	0
193	4
0	0
0	0
4	89
972	465
0	16
0	77
0	41
0	69
99	146
421	1
121	14121
182	754
0	13703
143	0
195	0
37	350
4	350
4560	1957
53	1950
0	7
0	7
0	1
0	0
0	14
0	11
0	14
0	66
0	66
529	680
0	678
0	641
248	179
0	97
39	83
0	97
0	55
466	55
0	10
0	2903
5998	2913
0	0
0	0
14	16
0	11
372	326
0	4
6	4
0	0
34	416
0	418
0	77
0	375
0	390
0	0
7	120
0	213
4	513
103	513
0	355
1152	5286
1	226
0	0
0	5705
2	5713
18	5624
0	5008
0	1533
0	1278
0	1520
0	0
157	205
5860	0
25	153
59	153
0	8
0	6
0	6
0	8
0	1410
2685	1413
11	0
0	51
143	59
117	4368
422	4266
139	3471
29	0
0	60
0	0
3	60
0	474
1218	477
13	0
645	4
143	698
710	698
103	103
0	103
6	0
2442	40
0	35
31277	13664
1	13623
1180	21250
42	5333
9	1347
22	20758
450	265
0	65
0	260
351	2609
17	2551
11	479
0	2551
0	431
20	199
0	59
10	0
2613	488
131	177
0	0
0	177
15	26
2237	8
1026	698
118	805
0	653
3	0
1268	0
0	0
0	5
0	1533
4	369
1557	1442
0	0
0	0
0	0
0	0
10	42
1	42
0	0
1535	4
257	407
0	407
8	68
0	8
0	68
0	68
0	0
10	0
661	2
0	105
8	105
315	427
201	797
0	797
323	2405
52	2405
10	6
0	0
226	481
7237	495
0	0
133	0
231	0
64	0
0	0
269	4
141	0
29	1482
0	1440
0	1441
0	1456
0	1467
1091	1068
3	0
0	0
0	0
2555	2
119	0
0	124
0	18
161	135
0	6
5	6
72	947
0	947
0	0
6	0
515	894
0	894
6	0
425	1064
0	28
21	1064
352	163
0	163
12	30
28	249
0	249
491	0
398	285
7	1786
100	1778
0	0
0	0
1153	479
3	479
703	1220
0	132
15	1086
10	1568
4	1568
0	2477
0	181
47	2477
0	0
0	0
0	0
2	4
0	97
0	20
0	77
0	92
30	233
38	233
335	1563
6	1554
0	9
9	0
0	0
681	1
546	0
47	20
0	2
4	7
2293	0
8	1204
4647	1210
7	0
206	0
2499	449
18	449
36	103
0	51
0	38
0	34
0	36
477	33162
3287	33265
0	33265
0	10
0	13
0	7
0	4
56	24
0	197
0	282
0	226
6	281
291	13
0	13
64	1339
0	0
0	4497
424	4688
0	4137
13	5069
0	0
0	0
0	0
0	0
0	18
0	19
0	0
0	4
0	42
0	38
0	38
0	786
9	3397
138	3397
36159	25606
412	25568
4	3
31	72
0	67
0	69
17	0
197	250
0	250
0	12
20	20
0	346
0	438
626	438
179	109
0	109
19	0
1361	1001
1263	940
0	0
0	0
831	50
140	50
0	0
0	0
0	126
0	245
479	1
14924	23
2	9
0	9
3425	1431
237	29
16	29
74	217
581	454
0	454
102	0
2991	3279
0	3273
0	0
7	6
304	854
88	0
135	4135
0	4135
0	8
0	8
363	167
305	2956
0	2803
0	166
0	152
0	0
0	50
17	416
21	416
19	0
0	3773
527	3780
0	0
5	0
858	711
0	557
0	557
0	711
0	557
0	0
0	9
0	0
20	0
153	4750
0	4750
712	4
173	270
0	151
0	131
0	9
0	57
4	57
423	0
0	0
0	0
117	125
25	206
0	253
3239	1855
65	71
0	1761
188	1457
4	0
0	0
882	8573
0	8573
321	0
1230	1
630	1470
0	1521
7	1486
15	1516
9	1486
32	209
0	28
169	262
0	262
15	2023
0	279
0	460
0	88
0	158
29	892
114	2166
20117	8
6	168
0	0
27	409
0	127
110	5250
23	5270
56	2551
0	2550
0	2611
0	2117
0	3656
0	2165
86	0
0	66
106	271
54	271
602	712
19	712
190	2672
0	2109
6	2734
1291	3761
443	1
112	151
0	164
1	96
384	0
0	6
0	6
48	0
0	0
0	207
0	207
0	207
0	167
34	0
9	0
174	53
0	53
6	0
0	12
8	19
0	0
0	0
515	150
318	1082
0	304
30	304
1515	10
4	0
0	0
0	0
0	1
0	1
0	14
0	19
0	30
10	30
7	0
9257	17
0	0
0	0
0	0
0	0
1238	0
0	0
0	0
0	0
0	0
0	0
0	0
0	0
0	0
34	228
227	228
0	0
0	6
0	0
0	6
129	0
705	0
459	483
901	923
0	923
9016	12
0	3
0	0
0	0
0	3
41	576
0	574
0	582
22	1890
23	832
88	1777
0	617
1	449
0	0
153	100
2831	2957
5	647
0	2528
0	2606
0	2333
6856	7
445	906
16	183
0	845
640	157
0	157
0	60
0	371
0	367
0	370
1050	3
0	0
0	168
0	0
5	2
0	20
195	20
216	221
0	221
529	4085
0	4085
0	252
0	252
647	1463
148	1463
299	96
0	96
0	154
0	426
332	1310
0	867
0	1039
6	23
0	23
778	466
0	366
31	366
9	6
0	6
0	6
0	6
0	6
0	6
0	6
52	65
0	201
0	215
0	50
0	0
0	6
0	6
142	302
53	350
10	350
20	0
248	0
0	0
2725	3
77	0
121	56
23	56
0	0
854	355
0	355
0	0
0	0
26	30
9	30
0	0
0	0
745	0
169	0
0	99
0	112
7	157
23	1567
0	1554
116	1554
7	1675
9	2
0	2
0	0
3618	3227
0	3105
0	3176
4	3176
241	101
0	101
0	0
4	18
0	0
293	0
162	0
1225	650
1029	1
660	105
0	105
0	0
3	0
17	122
0	6
0	122
636	0
0	343
6	45
11	355
0	355
5	293
2496	293
137	1058
0	267
0	1008
0	1041
45	736
433	0
12	0
3319	4
714	3566
12	1738
3	2240
3	506
2	304
0	68
137	692
0	665
65	23
0	23
3	0
0	0
0	0
1659	293
29	996
4	1001
13	1031
0	6
67	16
0	16
0	0
0	1270
505	1270
0	30
1052	550
0	550
0	10
0	10
0	3792
43	101
48	3585
0	1791
0	2509
0	2686
0	2523
6	0
0	0
25	71
0	36
0	71
15	24
78	194
1846	152
0	0
0	6
21	926
1661	929
107	4585
0	4590
25	4416
196	1
0	215
58	317
0	217
0	317
0	233
0	301
89	50
0	56
0	56
0	113
0	73
0	68
0	68
51	1070
7	535
522	1085
0	506
558	120
0	116
7	0
1873	0
274	174
6	174
825	288
0	288
44	462
447	462
1069	10440
0	513
2772	13263
0	6607
3781	1
96	0
0	0
0	0
3	0
0	0
0	17
131	20
316	539
0	537
5	510
0	143
423	144
92	27
29	829
0	1331
55	409
0	688
15	602
5	185
0	1234
46	1291
10	129
0	1291
0	9
0	1
59	9
7944	571
0	552
152	707
10	5171
17	5274
74	5191
0	549
21	67
0	420
0	501
24	544
0	65
0	66
5209	4
92	543
17	844
4	596
397	618
692	668
0	21
0	668
66	45
0	45
0	0
4998	651
0	649
1800	19
3456	1
7	52
16	52
0	400
0	404
566	914
17	548
7	0
0	820
8	1775
0	1746
0	1971
0	846
0	2899
56	3816
0	2153
39	22
0	22
0	0
5	0
5	0
733	0
1748	2
344	221
0	0
7	0
2550	4
136	114
0	114
455	2031
0	0
1498	313
0	313
57	157
0	0
0	0
0	0
0	0
0	4
0	4
2	0
0	0
0	1922
114	1922
55	10
39	128
0	22
0	95
0	33
3	14
0	23
0	23
0	23
0	16
693	0
0	3
1260	8
1103	1032
0	1030
0	11
0	11
0	12
0	12
0	0
0	0
0	61
118	594
2515	8251
58	106
0	8304
83	8304
0	94
195	755
0	250
0	141
611	141
3	0
5	32
234	35
310	207
0	17
0	205
0	215
1129	1
11	0
1251	1
0	84
0	84
2	0
633	1
0	46
0	46
0	0
0	0
9	0
0	0
0	7
0	0
0	52
0	22
0	43
0	0
0	0
0	5
0	4
0	9
4	12
4	7
0	2
1	1
0	34
0	9
0	34
1302	1722
83	1722
0	315
3	30
10	315
0	210
116	216
0	13
294	18
0	0
6	190
0	190
0	174
0	271
951	275
0	2
669	455
0	4
117	232
0	4
239	0
0	0
340	0
0	0
0	0
11	59
0	59
12	0
0	0
0	454
0	10
2	10
0	441
17	0
13	57
50	67
0	107
33	106
0	0
1192	453
0	292
708	0
729	26
8	26
0	311
0	10
0	141
61	346
124	0
19	52
308	1267
27	0
35	1935
4	2029
0	10
1	0
214	166
0	166
0	189
2237	653
0	452
0	44
0	10
0	53
36	264
0	240
0	317
5	0
0	1642
31	1478
6	1494
770	1619
7	230
7	230
267	816
0	789
3	648
0	69
314	729
0	612
0	430
0	0
0	0
0	0
1	0
1	0
0	2
7	7
0	3
2	2763
15256	2784
510	639
23	496
0	491
40	274
0	0
0	45
3	31
87	1641
0	31
7	1641
0	32
0	12
18	36
688	13
398	0
2095	0
6551	3242
0	3236
0	0
0	0
0	201
109	204
122	0
7	20
404	0
0	0
86	497
681	497
81	43
0	41
0	0
0	0
0	0
0	0
0	0
0	370
82	359
0	1553
6	1655
2	713
520	1151
0	306
0	359
0	647
0	599
0	0
0	0
2668	1991
20	184
824	1989
37	0
561	508
174	508
0	505
171	505
25	581
0	125
5	592
60	2
0	0
0	0
0	14
5	36
0	61
0	10
0	50
34	531
0	484
0	463
16	0
0	0
594	154
2437	417
73	0
2668	3
0	3
1155	2450
0	1283
0	0
0	0
7	109
8	185
0	185
1670	0
611	199
0	195
7	3832
3496	3835
15	0
23	0
0	0
0	33
0	22
0	22
0	1
0	1
72	149
39	149
0	13
1750	482
4033	650
55	568
100	566
151	0
0	17
0	17
719	160
0	160
0	4
0	4
0	0
2266	2
101	251
2058	251
0	12
0	12
137	1033
307	1033
373	830
0	0
2	49
0	24
0	49
765	0
677	572
492	574
7	53
17	53
3398	0
1481	2
0	0
0	0
4813	117
0	296
0	289
1958	517
164	1151
1377	1155
13	77
0	11
0	77
0	77
0	0
0	0
0	0
0	380
0	457
0	134
0	169
317	694
0	277
0	182
0	0
156	0
0	2448
0	3243
0	3140
0	3493
89	3493
0	458
0	386
0	386
0	386
0	0
0	0
17	0
311	1
340	277
0	275
0	75
17	0
0	0
1321	3
42	0
181	2915
0	95
7	2930
20	2978
3	2727
4	2961
0	1
0	1
0	638
253	638
93	0
351	0
0	142
494	143
53	85
0	29
0	0
891	1
0	0
4	0
0	0
0	0
99	108
0	108
0	1
177	3
0	0
116	170
0	170
338	224
0	4
0	4
57	290
1	478
0	502
1288	0
0	0
66	4333
365	4333
218	189
0	0
0	0
25	13
0	13
4	0
3	0
227	208
0	204
577	453
44	0
37	16
1766	18
42	0
128	0
515	1716
0	1716
306	891
0	877
0	894
31	894
34	649
294	649
0	0
0	0
124	2870
1158	2871
0	163
0	147
314	163
344	1195
0	1195
0	12
0	12
47	1251
0	1729
4	1850
0	434
0	11
0	21
0	6
0	20
0	2
5	308
1	308
1	125
0	125
0	26
0	13
0	34
0	21
0	32
0	0
0	0
2	10
451	10
0	0
10	4
0	4
0	9
0	9
0	0
2	7
0	7
400	546
0	546
0	1219
929	2366
940	47
167	47
0	33
0	0
0	6
10	6
0	0
0	0
0	0
42	14
0	14
10	379
0	390
0	369
1590	1045
34	238
0	806
2808	311
36	307
566	296
0	201
0	95
0	0
4715	7
4	426
31	2305
0	2305
0	34
0	314
0	315
9	315
0	121
847	121
229	1593
11	1599
145	192
40	105
61769	71
797	1003
31	843
13	1000
11	0
0	12
0	8
0	39
10	44
139	1
0	1
703	773
142	0
8	112
137	112
2422	4
1	0
0	0
0	20
5	90
0	59
31	90
0	87
327	196
0	194
3166	15366
11	508
0	4811
4	15347
0	0
0	34
1284	762
46	806
3896	3
0	204
4	204
0	259
0	249
0	219
0	208
0	208
0	204
147	290
0	297
0	183
8	257
1201	444
56	442
195	460
0	460
11	0
0	563
257	565
0	269
0	46
14	105
0	51
1906	1368
0	1048
0	1195
0	1115
200	1385
3790	2082
22	2079
0	0
30	20
0	0
97	2049
13	2049
105	1499
28	1499
20	477
4	146
22	477
4113	8
9	170
11	172
0	7
1	149
0	149
0	149
0	133
1065	851
0	0
145	0
1248	521
0	211
0	520
329	7058
31	539
0	5417
43	7155
0	18
0	21
19	56
4	56
0	0
0	0
6	64
38	58
414	0
16	180
53	0
0	185
16	185
0	0
0	1
245	1
0	12
0	12
341	0
0	0
194	7689
2	7689
0	174
65	924
11	924
0	0
11	0
0	5
0	1
0	0
0	1
0	5
0	5
8287	11831
6	11826
1020	964
400	964
159	735
0	734
0	744
28	645
88	539
0	500
293	2650
4	74
0	78
2	72
0	61
0	4
6	268
0	140
282	395
34	23
159	343
0	162
2	0
731	9
38	9
0	15
0	15
6	469
55	159
27	5
27	5
0	1
0	1
251	238
0	63
0	36
0	8
0	17
0	130
28	0
252	1143
4	1038
0	1143
0	2301
1727	4028
12	2639
0	24
1	34
0	15
1901	6429
4	589
65	6425
64	0
3888	2
256	389
40	389
6	0
17	0
0	30
0	30
371	1222
0	217
0	414
22	1006
2875	3392
0	3390
119	7
0	7
16345	41
362	241
0	233
0	32
0	32
7	12
1076	867
170	0
0	96
33	363
62	321
0	0
6354	9
0	0
417	52
0	52
14	1039
103	1039
1455	0
0	1
2077	804
0	0
0	0
0	29
0	0
0	110
0	28
7	110
0	0
0	0
8	0
0	0
0	0
0	0
0	0
0	0
19	0
54	22
645	0
0	42
0	16
6	0
0	0
64	44
17	0
1455	1252
21	1264
0	1245
9	15
0	12
0	0
0	0
0	457
414	457
32	0
0	7
75	1088
1	1087
30	0
0	0
0	0
0	0
0	87
0	0
130	87
0	87
0	136
0	159
412	1408
0	637
9	9
0	9
306	0
25	10
0	10
0	1
0	1
119	0
0	360
66	360
221	541
2	303
0	274
0	314
0	204
0	314
0	8
0	8
0	8
10	8
0	147
0	6
0	339
70	1916
0	809
0	1790
0	0
0	0
211	0
3871	2
4	0
0	0
0	24
0	29
0	5
0	5
0	5
18	5
459	1332
0	15
0	1331
16	1314
124	14
0	14
916	538
2	238
689	2412
0	3
100	345
0	282
0	342
0	0
33	418
14	336
4	157
0	371
7	366
3628	2713
0	2447
3	1091
3	865
0	0
8	2
0	2
39	0
0	6
0	0
13	245
1024	236
114	1
0	0
440	1
0	0
816	3
342	147
3	147
32	742
28	857
0	654
42	537
193	2406
0	2477
0	0
2235	0
9	1100
11	1137
246	5150
0	1263
8	1740
0	2497
29	4636
5	2033
0	2497
0	0
35	67
0	21
93	21
9	267
0	54
0	8
13	259
64	75
15	75
0	0
27	37
50	37
4	66
6003	483
220	548
28	216
8	216
0	140
240	327
72	327
5	306
44	306
0	2
0	0
0	2
13	295
0	291
18	3632
7	238
62	3614
39	287
2	985
141	828
0	0
0	0
15	14
0	9
0	78
3	78
4	102
0	279
1078	728
0	728
0	616
0	728
0	0
0	0
1	8
0	8
11576	551
0	381
1418	1149
280	78
10	77
9	213
0	94
3	213
46	0
3	4
111	4
263	49
3	49
23	29
0	29
58	793
9	144
0	783
6	156
3	0
50	156
0	23
0	23
12	0
0	10
15	10
0	0
0	0
0	0
0	336
63	336
1990	1207
3	937
0	969
0	800
0	654
2	908
0	6
0	6
0	6
924	1
1106	583
0	597
0	54
0	129
0	93
3	102
0	64
334	64
7	0
847	8
163	0
118	1570
29	1570
100	5
204	124
4	124
1810	2
82	153
0	153
0	0
10733	1676
5	78
0	72
0	32
1	78
0	72
11	135
0	135
20	662
0	247
8	615
4508	273
4	268
3283	1877
5	1871
307	226
5627	7029
0	30
15	58
1	0
7	3
24	3
0	0
0	0
0	0
2820	1
0	7
16	0
1	36
894	159
0	156
52	64
0	3
0	61
0	0
104	136
253	0
75	0
24	243
0	243
725	3780
0	3776
32	3755
0	3500
0	1085
6	3549
0	0
270	141
28	136
13	70
6	104
0	235
0	79
0	388
0	333
575	1259
5	638
0	693
0	66
0	77
72	80
552	0
557	550
380	25
0	0
0	25
9	754
0	2116
0	127
101	1010
0	2393
68	421
935	5085
125	8836
30	77
0	77
390	733
0	731
3	2491
0	131
3	1419
0	2562
81	0
1	0
0	0
3	0
0	234
148	234
0	220
4	100
1070	5785
196	7156
0	4294
0	12
0	15
8	0
0	0
0	44
0	0
0	44
0	0
94	38
0	38
0	0
0	0
0	0
72762	27522
9489	22822
1109	14397
3	3437
63	8602
0	8494
104	14893
0	9135
1	31
5	77
0	60
23	55
701	3290
2	3290
0	7
0	0
0	7
0	7
0	0
0	0
16	225
0	114
205	0
565	733
3123	3862
2	212
0	3720
264	3726
10	2
0	0
5	0
0	8
0	120
4	150
6	99
23	744
5	1090
119	2307
107	2212
0	119
0	343
0	198
0	144
48	293
5	0
6	12
0	12
0	0
0	0
2970	632
40	628
5279	53
0	10
0	45
102	10
773	5
3	177
0	157
3	289
0	327
0	545
13	164
6	1972
41	170
9	1905
0	811
0	778
0	784
0	164
0	745
91	0
138	50
0	0
0	0
0	0
0	0
0	694
70	148
0	148
1973	705
400	0
5	11
0	11
5	11
0	6
824	0
1	192
132	192
0	2
0	0
0	2
0	2
0	0
7	0
73	2128
162	2129
0	0
0	8
0	4
0	1
0	25
0	22
0	25
33	0
0	0
159	588
24	256
35	0
0	256
20	0
0	0
0	7
0	7
0	7
0	10
3	0
5	31
0	31
469	0
295	75
0	75
0	34
117	1138
0	738
45	786
0	499
0	43
0	43
5039	3164
0	2857
2	36
133	34
234	0
1363	0
0	64
0	64
181	280
0	0
0	0
0	0
0	37
940	158
34	191
1	1166
0	733
4232	1923
0	1195
2284	99
0	99
0	24
0	20
8	24
0	24
36	0
0	0
587	2
0	12
0	12
3	12
347	0
0	33
0	33
0	2
0	2
0	11
0	0
599	7611
0	7611
475	4
4454	428
0	424
338	302
0	297
0	101
106	2082
0	636
0	1981
8	3
16	3
158	1751
14	1751
694	0
360	116
0	143
0	64
8	51
0	142
223	68
3	5
4	63
85	0
0	3359
0	6038
750	21541
0	4789
1	6275
1623	21406
6	131
52	131
0	83
0	12
0	862
7	881
0	1040
0	1009
58	2503
0	743
0	162
196	4500
0	3053
88	2635
0	4764
8	277
4	344
0	8
1728	4
4	0
0	5
0	0
15	43
0	38
1233	356
6	0
0	0
0	0
0	0
0	0
110	226
1	51
47	108
868	2277
453	394
234	8665
0	2164
0	0
0	0
0	242
332	242
1394	2
0	8
0	8
0	0
1	278
0	278
151	0
444	1601
19	1606
0	1608
3550	6548
1575	676
0	6237
16	303
15	40
5	333
148	289
16	0
0	10
0	10
2	6
122	128
3	129
13	0
504	1
0	62
583	62
399	0
6058	8
75	0
22	0
130	1365
6	1365
169	0
0	0
0	10
5	10
511	3371
0	1196
6	3534
0	0
21	563
2	6083
0	767
127	5374
421	6037
103	5790
56	5694
0	286
115	286
72	0
22	0
0	8
14	8
1	6
12	6
3	0
0	0
196	1
0	0
0	5
0	5
0	192
56	13822
5	11289
0	3459
273	13778
6	0
4	0
67	14
424	45
0	11
0	34
422	695
0	680
0	2518
68	3723
958	0
0	3
1	3
354	3424
1	61
0	661
2	3432
0	58
0	295
0	16
0	2429
0	2486
0	1514
0	1799
28	1692
20	1100
11	1673
0	1275
1987	1275
0	118
0	107
1067	858
0	251
0	833
470	0
50	0
1446	380
0	0
270	0
0	0
1980	1189
0	1437
0	1498
182	251
0	153
0	251
0	427
9281	445
0	80
0	0
0	118
0	217
0	49
12	237
0	191
337	102
0	102
3829	19
1	14
0	0
0	45
0	6
0	36
6	58
2279	318
1	259
953	274
0	269
0	0
0	0
0	245
666	245
1080	1160
0	1214
63	1138
0	1
0	9
429	734
0	725
0	0
613	0
0	69
251	361
1	41
19	45
0	0
1	0
4829	7077
0	7075
51	2369
0	181
94	2369
1	114
163	2231
92	0
0	0
0	0
9497	4
0	0
0	25
287	0
0	145
0	93
1176	238
0	35
0	37
0	6
0	6
0	6
0	6
14	11
0	11
0	373
197	687
19	365
0	364
0	148
18	1424
0	4492
0	4535
4	226
0	193
13	53
50	733
7	733
0	429
284	0
884	559
7	360
0	92
336	5126
2697	5127
3147	1943
0	1936
0	28
0	97
0	24
0	78
39	858
0	148
808	865
0	0
3	77
0	52
292	78
0	0
594	115
179	47
73	68
724	39
0	39
9	71
30	49
31	9955
0	13816
49	8246
0	13998
0	14042
0	14049
0	0
0	0
0	0
0	0
23358	33
60	0
3	18
0	18
0	18
0	28
0	48
0	813
0	132
0	43
0	836
1	867
2797	419
0	414
0	0
0	557
0	55
0	0
8	560
45	55
0	226
25	351
97	187
0	187
30	0
375	5
57	94
911	2268
0	2238
0	412
5880	421
0	1
10	15
2	70
57	70
6	20
0	20
0	6
162	816
0	816
741	10
622	0
0	634
0	991
0	966
0	6
871	8
0	20
227	81
0	61
0	0
428	7
1142	229
0	229
4	0
2	405
1	60
0	384
0	123
12	84
5	27
0	0
0	0
129	273
496	273
0	0
77	111
0	111
199	256
0	256
0	52
21	472
0	376
0	449
0	29
716	1
530	0
162	0
1926	3
27	440
0	1188
5	1052
142	6560
10	1766
28	5959
42	0
3	83
150	83
11	0
0	0
0	0
0	0
0	0
811	4
13	12873
499	3912
0	13381
66	0
22	141
8	14
12	2
123	5
91	146
0	0
207	837
0	825
0	837
5	0
0	281
0	0
0	8
0	265
0	281
526	59
0	59
6951	3
319	292
0	94
21	78
0	65
75	327
0	327
2	1
0	1
0	1
5	81
0	2409
3	2415
10	10
0	10
364	142
0	15
0	0
0	73
43	73
0	0
263	261
0	258
92	553
40	553
4	38
0	38
0	0
0	0
0	0
0	0
1155	3
47	0
0	52
20	52
1	159
30	159
140	105
0	105
6	7
776	85
0	85
289	0
0	0
1	0
7	10
0	2
2212	11
223	3
117	145
0	304
0	322
0	0
0	0
0	39
0	0
0	39
222	1756
15	1756
0	67
315	703
0	703
123	339
0	339
0	3
8597	2684
10	2675
0	102
0	102
230	742
387	742
0	0
0	0
0	12
8	5466
7	111
0	1155
2	1503
9	5216
0	4227
0	0
14810	50
6	23
15	23
1301	0
0	12
0	12
0	91
78	107
0	81
0	107
0	0
0	0
0	1705
8	1700
43	27
0	27
0	0
0	0
0	0
0	0
3	0
12	84
0	5
0	79
3432	58
0	56
613	0
2	42
3	42
1534	0
204	152
0	152
0	152
18	49
0	6
0	6
0	0
0	0
0	90
496	806
12	116
54	119
0	11
364	11
1200	1202
0	0
690	1
1	11
4	1
12	139
317	2352
590	2328
16	98
0	98
0	24
4	24
109	1
0	1
43	127
0	0
0	0
0	0
0	0
0	0
931	6
2595	670
0	900
1270	0
0	0
3	954
9522	3981
0	3052
0	858
0	613
0	239
154	613
4	137
15	137
355	5788
0	1927
26	5801
2249	5924
73	2124
0	151
0	4
0	1342
578	2344
15	1702
11	596
5	5326
39	0
0	2
0	6
0	29
0	6
0	2
0	2
0	10
0	29
1	0
0	0
0	0
0	0
31	0
0	44
118	1700
1	10
0	31
0	66
0	57
0	59
0	54
3589	5
1319	1027
6	938
3	1003
52	0
0	0
0	0
0	0
0	253
226	253
0	2751
20	2751
11	25
0	25
0	0
0	0
582	1296
2	1296
50	0
3	0
6	40
3701	40
0	801
4202	2132
0	957
2	549
0	777
377	142
61	0
0	0
0	2
0	2
0	0
0	0
2658	402
0	0
2	0
34	219
0	219
557	2
47	0
0	0
3	41
0	1
33	78
0	0
0	37
13	37
30	134
142	134
259	183
0	183
3109	249
0	247
0	0
1359	239
27	239
0	8432
0	8515
11130	8564
427	456
0	213
0	384
614	0
212	0
19	5
0	1
0	4
0	0
262	787
0	0
0	0
1624	699
9	90
0	0
54	0
1042	1304
0	1304
0	1
213	1
286	651
3	3
0	3
107	4239
0	4239
0	166
0	10
183	163
0	163
0	266
0	111
708	266
0	0
13	0
21	413
0	430
0	35
0	35
0	35
0	35
93	418
12	311
2078	1
0	0
936	1432
66	219
354	576
0	576
7	20
0	24
2	24
1291	487
0	487
1906	1
0	287
507	287
149	210
689	217
0	284
995	284
0	20
0	416
0	448
7661	11
0	0
0	17
156	108
25	24
604	24
0	107
338	121
7	359
811	359
571	543
15	424
12	159
1043	1872
5	1872
9	0
21033	5150
0	5132
0	606
117	744
0	460
14	91
179	88
40	24
0	20
0	25
0	27
0	3
0	28
0	12
0	683
1795	1961
23	1972
19	0
18	8
0	8
14	376
4	119
21	95
0	190
1117	261
366	0
0	33
0	33
936	0
121	0
0	138
4299	141
0	0
0	0
0	0
0	0
0	0
0	0
0	8
0	283
0	624
0	608
0	95
0	25
3	491
0	628
0	619
97	358
0	130
20	312
2219	378
72	0
1	0
838	6405
0	6405
0	0
0	12
0	28
43	91
0	91
103	0
756	28
0	28
0	0
62	16
3277	25
0	0
0	4
0	29
0	29
0	0
0	8
1037	1338
214	51
0	17
0	34
42	0
1103	0
9	132
0	47
381	151
159	102
0	102
0	464
24	2418
1	13
38	2418
0	25
0	259
0	278
0	187
103	266
1	49
24	201
0	154
0	189
38	122
11	146
69	952
0	572
6065	13
2509	1
111	0
394	0
819	4
0	0
11	0
12	39
68	68
4	68
7	476
0	2646
0	1801
79	1955
0	2897
7	1817
295	0
639	900
0	112
4	932
0	57
0	57
0	115
0	147
0	1755
0	1784
0	1757
0	4
0	1
0	11
0	11
0	0
0	59
0	60
4	60
0	110
38	110
0	37
19	366
0	0
0	366
418	381
0	381
109	0
259	435
0	130
4	436
0	239
3224	5
0	0
1290	0
0	1874
0	1073
0	3141
325	3190
0	194
8	228
0	0
3778	4
96	228
21	228
0	6634
1380	6634
0	0
35	651
0	0
3	0
16396	11
151	21
3	365
12	365
6	16
257	16
149	279
0	279
7	0
364	0
0	853
0	179
9	1091
125	1093
0	102
625	102
1472	979
13	961
1024	29715
8	28835
0	29712
0	0
0	0
0	0
233	444
0	256
0	413
0	0
0	0
0	0
0	0
0	0
91	270
83	103
113	17
23	0
11	0
1312	0
1181	1225
3	1225
6	1496
79	218
0	211
3	1496
1311	0
1886	0
864	8
0	5
0	5
7	0
0	0
0	0
155	0
751	0
0	135
6088	263
0	153
0	0
3	93
14	36
0	36
2	36
0	93
0	36
0	0
0	25
0	28
0	28
0	19
0	37
0	25
0	0
0	25
10	60
0	279
28	381
195	492
0	168
101	34
0	181
0	17
0	167
0	167
0	185
0	167
0	167
0	167
1049	1
163	0
0	13
0	13
49	596
0	596
0	59
0	155
0	1401
0	24
9	1513
0	1547
230	0
570	683
0	0
16201	5667
88	5614
0	1660
9	694
22	65
147	0
5	27
0	27
0	0
0	0
0	0
2871	58
75	0
147	0
2	20
0	3
1594	2162
0	2162
24	0
0	4
55	4
96	5514
102	451
0	178
0	5459
100	0
163	0
0	0
2573	79
0	71
62	88
0	88
28	20
0	11
0	2
0	2
0	31
8	31
8	31
37	0
10688	1560
0	1554
0	10
2	10
2	387
0	244
0	608
0	3546
128	3546
0	2978
0	0
0	0
0	49
838	50
0	0
1	0
20	390
0	302
0	302
0	390
0	68
0	2310
2	405
0	121
0	3740
0	3558
0	3086
0	3251
0	3578
0	185
11	186
31	419
0	465
0	20
6399	476
0	321
1264	321
0	52
61	52
0	0
0	0
0	0
0	0
1921	0
12	7
0	3
0	4
3	37
36	187
109	4139
385	4845
122	866
10	475
0	410
0	30
239	3772
4702	1324
2	1310
104	1317
157	623
175	623
0	0
0	0
0	0
23	4
0	87
0	0
0	204
0	85
0	67
0	172
1642	0
89	4260
42	4492
172	2607
0	171
32	637
10	611
61	648
97	648
616	527
0	0
40	521
288	0
12506	1196
0	1180
206	238
55	238
0	81
402	445
28	59
0	13
12	443
8	277
0	209
0	96
29	414
0	32
3	414
6	90
112	91
0	5
0	0
445	0
672	0
0	52
0	16
0	72
11	75
0	49
517	549
0	549
0	221
0	0
1704	1224
0	695
20	1223
555	2112
0	112
43	2112
906	811
0	0
2	0
14	264
1166	262
0	198
1761	25
1219	298
0	74
0	268
3028	3
80	500
155	499
0	0
2837	3
0	0
0	0
583	68
0	42
0	23
152	0
73	0
691	131
11	130
0	22
0	22
686	868
0	2328
0	2333
0	2351
0	2333
1320	1647
38	1167
0	1645
33	59
0	45
37	45
0	387
0	350
267	0
313	532
0	232
176	1238
192	1115
118	1132
0	32
0	32
0	32
123	83
0	83
21	65
0	2
4	65
15	528
42	528
1	0
0	0
6	3
0	3
13	0
0	118
16	118
544	0
707	2017
251	0
0	0
0	0
0	0
0	0
0	0
0	0
293	738
13	0
0	0
0	0
0	0
4148	17416
0	17413
2106	0
0	12
0	12
0	0
0	0
0	0
92	0
0	2
0	2
2	4
9	299
9	299
0	177
0	1199
0	775
592	1199
122	0
0	0
0	0
0	0
4	40
0	40
262	0
0	26
6	66
192	6336
22	6324
21	42
18	5
3	4
0	5
0	3
17	17
0	27
0	13
0	169
31	309
0	2058
181	10515
74	10505
0	0
0	0
14	396
0	1334
1953	1344
1924	0
8	0
254	1754
0	1754
0	22
10	22
0	1307
0	561
129	1320
2	1316
70	1007
0	2019
0	2064
1792	7
523	35
0	34
495	0
0	21
0	21
0	16
157	0
307	897
0	897
1	2
745	2
45	363
0	120
6	414
1994	2
8	0
31	28
1810	29
11	0
2971	4
0	355
1074	1674
0	1057
0	1160
2200	2268
50	2263
0	0
0	0
0	0
313	594
1	3029
24	3135
12	191
0	191
182	4
471	6
1733	47
0	46
100	0
1266	0
106	0
1133	1
1	2
0	2
4834	5
746	0
245	141
0	138
0	0
0	3
88	547
3	0
17	49
0	0
0	0
0	49
354	360
608	1
0	4
0	47
0	76
184	110
142	622
169	622
22	583
46	583
92	711
12	839
483	529
2351	6463
473	6459
0	14
7	14
458	193
5	236
4	266
0	134
16	40
7	78
16	78
91	0
4510	2089
0	2086
147	3750
8	3750
246	0
0	0
42	24
60	24
7	36
0	36
2016	4477
1163	4476
6	55
6	55
0	196
1	191
0	196
0	5
0	0
0	5
0	18
0	18
0	0
0	0
114	3144
237	3052
111	826
0	826
1404	268
0	418
173	1166
0	83
0	22
1056	1571
6	1112
0	1056
0	951
17	1106
0	1056
0	1035
135	1090
0	1105
0	626
0	726
866	717
0	80
675	274
0	274
3274	1891
0	0
1	1199
23	1199
692	249
349	308
148	465
4	410
0	436
580	832
0	832
0	0
20	0
4	0
10	364
0	301
0	1487
0	1443
0	1517
0	14
0	14
0	14
3653	1850
0	17
0	187
30	1845
263	1665
10	1328
4	364
17	1625
4	1367
9	188
0	15
1	15
0	135
0	232
5	1144
0	122
0	1058
1104	2730
62	2903
5	1264
17	440
7	84
3	0
1178	1
0	6
8	6
0	0
562	411
13	786
34	777
0	0
0	6
0	9
26	0
326	1161
107	1767
0	254
0	0
3	464
0	104
115	568
0	0
0	16
0	446
0	515
0	516
6	392
0	392
402	0
963	207
38	22
10	9
0	0
14	14
0	0
434	138
0	137
148	57
0	57
0	82
123	82
542	157
0	155
100	711
0	711
6	0
4	0
32	0
75	3373
0	1865
0	3373
493	0
301	0
0	0
0	0
13	2
3	4
0	0
0	0
0	5235
13	6340
49	6305
1921	7
0	2
0	134
765	134
24	0
0	157
862	988
0	969
0	1
0	1
42	45
0	45
0	0
0	0
6470	2
237	0
2090	822
17	822
42	0
160	2334
325	2335
76	141
0	155
17	144
0	0
96	2198
0	1267
0	463
75	1394
172	360
0	342
1	429
223	776
0	11
0	104
19	115
0	0
0	0
3	8097
5890	8103
14	781
17	63
0	33
0	21
0	49
0	69
0	82
0	259
0	255
0	3
0	1
0	9
4	9
0	0
0	0
0	13
7	13
976	0
2021	8
0	0
1640	1
208	2
0	0
0	13
0	0
0	13
187	1404
0	1209
1669	1
0	0
0	0
101	1163
0	1163
966	169
0	166
0	49
0	0
0	1
849	594
0	594
425	3
0	2
15477	22
371	65
0	8
0	8
88	251
0	251
91	95
0	95
2764	225
0	223
11	0
2	0
0	18
157	27
2	8
468	0
3	485
0	485
0	217
0	24
0	28
1	37
164	214
0	138
0	144
511	792
20412	4190
3	3585
0	565
129	1355
199	917
0	0
0	0
0	26
0	41
0	41
0	0
0	0
0	0
165	34
49	0
0	41
17	375
0	4
0	0
0	0
0	1396
9	1949
0	1168
0	1712
0	10721
0	386
128	9060
0	10341
0	8991
5	41
0	191
0	8
12	204
14	191
0	0
4765	2294
0	2292
391	645
2304	1
170	0
0	641
0	102
1106	743
52	10
0	2486
0	282
0	367
41	2559
0	35
0	0
0	0
0	0
0	408
805	408
54	0
25	21
3	21
149	41
6	571
0	152
0	496
0	571
0	574
3	571
61	45
8	45
4	442
7	1891
113	1901
981	0
0	0
0	0
0	0
0	0
271	0
0	0
4	34
0	21
37	19
122	448
0	97
0	409
1148	2
205	3828
193	3848
719	1
687	1522
0	528
0	1003
80	622
0	622
1572	0
6195	6925
0	6911
4	0
1236	0
446	0
0	11977
654	12273
0	12284
2	19
78	83
3	35
17	12
111	92
0	92
49	50
601	50
1	142
1	166
222	198
0	74
21	150
0	106
21	0
5	6
0	6
454	35
40	0
16	0
1353	1106
20	1106
693	893
487	5
0	5
36	19
2	51
309	116
0	116
14	0
0	1078
0	1093
0	251
25	251
19	1119
0	3
0	1119
5	50
767	3965
0	3965
0	164
0	91
0	164
84	310
273	388
91	3
254	1220
0	150
0	1200
0	978
0	1069
14	15
805	16
1309	2800
132	2514
0	2184
166	4
3	17
629	110
7	110
3	26
1317	933
0	854
0	518
0	175
122	175
0	12
51	12
0	0
0	5
0	5
0	5
0	5
5031	637
5	628
0	6
0	6
0	43
226	43
36	8
224	131
7	57
316	2
45	1432
173	320
57	1734
0	445
0	0
188	107
45	15
4	123
347	123
0	4
20	8
3511	4
116	3617
0	3617
11	3641
0	0
1843	0
0	0
108	1096
0	322
19	1068
0	1068
4	823
516	16093
20	16111
303	15745
0	0
0	0
0	19
2206	22
43	274
0	240
0	274
0	0
0	0
0	0
2	7
0	0
0	0
281	210
3341	21817
25	22023
5938	6
12009	1270
0	399
0	1310
0	1008
0	366
0	1634
0	1218
0	1214
0	1007
4701	6
71	16
0	16
217	34
0	12
0	19
10	4
0	500
0	222
10	361
0	500
0	6
246	7
0	7
0	0
56	0
0	0
0	0
0	7
0	0
0	0
0	0
31	226
0	114
0	87
644	4
148	18
10	0
9467	1024
1008	67
0	0
0	0
0	241
503	245
0	43
0	149
6	116
22	2
6	2
0	0
0	0
0	3311
0	132
0	3224
0	3272
0	3263
0	0
0	0
0	3
0	3
32	856
339	836
0	0
0	0
0	4
41	82
0	0
0	78
122	932
0	294
0	932
2171	11956
0	11951
0	0
176	95
2	95
85	0
77	0
623	1
581	313
210	1942
0	1942
84	2052
37	148
0	148
733	1220
0	1145
17	1129
1	1173
0	1220
183	8562
1313	8787
0	366
0	6
0	6
0	91
2	91
1689	5
3773	6
0	0
0	0
221	0
0	171
49	171
12	151
224	2105
0	2105
0	629
0	654
0	0
0	0
0	0
0	0
323	85
160	575
1221	660
0	72
414	2461
0	716
105	2543
0	477
303	830
92	636
17	636
5	148
1332	156
499	1
0	0
0	0
291	302
0	302
0	749
0	882
34	940
77	22
0	22
5	2
0	0
0	96
20	74
458	537
0	537
20	29
0	29
1451	2082
0	0
18	846
0	846
2324	0
227	665
8	665
10	0
5	0
0	0
24	0
14	134
0	134
0	10
0	10
0	9
758	276
0	151
0	252
36	480
8	193
4	480
0	22
9	22
0	0
0	0
333	56
0	56
2	0
0	46
9	46
30	60
25	60
196	370
0	603
0	55
774	673
0	622
155	933
15	307
0	944
0	0
508	582
0	345
3	277
123	285
6813	8034
0	18
2813	7883
1357	3
68	135
374	1001
57	1001
0	0
0	0
1047	718
1	718
0	1658
0	25
472	6438
25	6861
2117	4550
10	4544
909	237
2187	4457
0	4456
0	6
0	6
998	0
7	0
0	0
0	0
0	0
4270	3
1136	54
409	504
263	4100
22	979
0	3911
1438	707
0	446
212	177
0	176
0	77
0	0
507	1797
0	1797
16	127
5	4640
0	4743
0	7
0	4648
82	2371
147	2371
0	2229
69	224
73	224
0	0
7	1
571	542
0	542
4	0
756	1633
0	131
0	288
0	1628
0	1640
0	1533
0	1682
0	1625
0	1662
4	0
626	0
1069	2156
0	2125
0	280
0	595
0	2687
0	1750
25	1570
0	2992
25	2873
60	3641
1372	2994
0	308
1865	871
1054	875
0	73
0	213
0	56
0	169
0	424
0	309
1407	1026
5	68
0	68
0	58
19	58
298	557
0	557
0	0
6	0
26	821
0	740
0	26
0	26
0	0
33	376
17	263
1940	91
33	90
0	2
0	0
76	0
0	926
151	926
68	0
0	6
16	6
2	19
1	24
0	5
1680	0
81	0
14	29
43	606
0	66
41	0
96	608
0	0
24	3
754	325
0	349
0	273
0	298
0	37
0	42
652	2
1895	3
294	220
0	219
0	0
990	12
0	0
0	0
41	165
0	162
0	125
77	125
0	116
984	199
0	83
45	185
0	185
37	30
0	0
0	15
61	0
0	16
0	536
75	536
291	446
0	0
5	0
0	276
0	89
0	12
584	319
113	331
1	311
111	7397
2	4475
48	6134
0	3076
849	9334
3	0
215	3707
0	129
0	73
36	3707
8	7
0	7
0	1
0	1
1400	1
0	0
0	23
0	0
0	23
0	0
0	0
3840	7
0	592
898	1241
9	1111
8	932
6	822
1250	1
17	0
1733	3
153	924
222	0
8	0
0	3
4	53
0	116
0	36
0	1572
0	50
60	1572
255	0
0	12
21	18
176	1
37	1
2	121
2325	123
50	466
0	466
0	3
0	3
0	213
2032	884
95	845
0	0
0	2644
0	2644
0	1863
23	2134
0	159
33	233
10	89
6	1994
0	3
0	3
173	5
86	0
0	0
0	0
0	0
3823	4
105	0
307	0
5	13
47	31
2091	487
0	476
9	122
2	115
16	37
0	14
0	3
0	35
0	16
0	35
329	0
0	33
0	388
0	9
0	93
3	36
5	0
0	383
0	372
0	383
0	376
75	685
0	407
0	397
0	355
31	0
0	0
53	126
7	0
4033	1125
0	1123
107	75
8	29
140	13
1415	11894
21	11892
0	0
0	11
0	7
0	0
34	11
94	0
1474	0
3830	3
10	125
18	629
177	675
1723	431
0	573
10	0
12	2408
1776	2409
1615	2
0	48
0	29
837	185
0	144
1315	1
0	18
366	2028
0	1122
0	1650
811	2
50	0
0	34
0	52
0	173
4	173
0	10
0	0
967	7
42	0
454	476
49	476
29	0
73	0
0	60
15	13
111	73
0	4189
0	3948
2	3980
38	4221
457	223
44	239
0	239
155	0
217	109
0	109
0	64
177	308
19	308
0	85
11	85
0	8
4	44
0	28
0	0
0	0
0	41
0	41
0	16
0	41
0	26
0	22
0	3
0	36
0	16
0	34
0	34
494	883
0	328
772	905
11	0
2697	8
3	0
9	18
0	1
0	19
0	0
0	0
0	0
0	0
0	0
0	0
0	0
12	279
22	37
333	316
1026	0
17	131
0	13
2	130
0	89
3	35
30	35
0	35
0	54
0	37
0	54
0	719
0	89
0	655
1801	1979
6	165
0	1777
4	1978
4	1854
0	1878
16729	28
0	0
240	0
1	33
0	33
0	0
0	15
0	0
0	0
15	218
0	130
0	88
544	5
0	0
0	0
1407	1827
183	2208
0	114
21	114
157	1681
0	265
0	1697
0	1547
822	1682
0	1884
4	1576
33	1596
435	17
4	8
0	8
10	0
1433	716
0	527
0	642
909	224
0	0
0	0
6487	11058
366	12234
101	157
0	69
242	69
1	0
441	5
0	0
0	0
0	0
42	320
4	0
21	285
0	183
2823	2134
239	2076
0	1990
0	0
125	815
5	340
0	0
17	17
0	17
491	730
8	730
4	0
813	1
6867	5
0	144
0	0
2	94
119	253
5444	13785
0	1573
4	10210
0	10970
20	4675
0	17
5	17
0	17
97	1690
29	1690
6	3
0	3
8190	15
0	3007
0	226
3	6162
2	6039
453	2
5	0
134	1086
0	465
255	1373
0	18
108	18
1	6903
0	405
0	6903
0	10
0	10
171	1821
0	1821
0	1
0	1
722	0
626	215
66	215
0	5
10	5
0	5
0	54
0	32
95	0
644	2
145	54
9	26
0	28
62	237
0	237
0	4
0	719
962	719
70	224
0	200
124	138
0	0
0	0
0	0
107	228
0	0
0	0
0	0
416	514
0	263
10	251
1631	1559
397	0
0	10
0	0
0	39
0	39
0	13
0	0
25	0
326	458
4	69
1	214
0	8
0	8
0	8
0	0
0	0
0	588
0	141
283	5002
235	5081
487	368
0	49
3	0
2	0
0	0
0	1
37	776
108	772
0	1339
0	2741
21	2322
66	1195
0	2247
0	2666
0	0
0	350
0	445
605	698
22	724
0	419
206	62
0	15
0	62
0	6
0	10
0	0
11	221
417	917
16	430
234	754
0	16
16	16
612	3
3	22
0	0
0	379
0	117
494	357
889	1
4672	11
0	378
6	381
11	366
0	370
0	324
0	0
0	21
25	83
7	83
1117	2435
0	2
10	2
0	2
0	2
0	2
0	82
174	82
66	1259
506	1135
1	1283
185	2652
0	87
1	2663
0	2663
9	2740
114	537
0	0
0	0
0	0
0	0
14	0
0	0
0	0
181	3230
0	101
1050	3031
4	452
2	173
1429	584
1	14
266	14
5833	5672
0	4
0	0
0	4
0	2
0	2
0	14
0	290
0	0
0	11
21	345
0	345
0	10
67	646
0	4
0	4
14	0
0	0
0	0
277	101
0	3
101	0
1056	1245
7	372
0	940
8	95
0	0
0	0
0	0
7	0
74	0
2204	252
0	252
0	0
39	4134
318	4134
11	0
0	0
0	0
0	0
11	0
0	0
0	0
0	12
0	12
154	380
4	5
0	5
0	0
0	0
11	57
7	57
6	367
17	1294
6911	1664
7	8
34	8
16	2083
0	269
613	17173
40	15099
0	6793
15	16368
0	0
8	0
58	14
0	14
0	2
926	652
0	499
0	419
0	563
0	19
4	40
365	181
0	140
0	0
235	7169
8309	7180
0	3439
0	10
57	2
74	2
963	330
990	327
1126	1
156	0
1127	2130
0	556
425	362
156	1570
0	15
49	15
264	2
84	2
0	0
0	0
0	0
1	34
55	285
65	297
0	538
1490	544
0	0
0	0
0	0
0	10
377	0
75	0
2966	6
0	0
116	458
288	2423
0	720
0	1974
3423	3608
29	2723
0	3606
0	0
0	576
0	63
0	4709
0	4741
83	4739
64	635
95	635
17	240
0	90
310	1491
432	1291
124	5
0	5
718	1589
0	114
0	1595
20	106
0	4
0	69
0	102
58	128
0	848
0	234
2862	858
77	212
41	212
25	0
101	0
5	420
212	0
22	312
11	947
0	946
4	947
0	0
0	0
0	0
0	2048
0	1976
0	1981
11	1658
0	0
51	0
53	28
0	28
0	161
0	748
0	142
0	16
122	754
0	754
0	698
404	287
11	287
10	336
245	390
0	30
0	0
50	30
0	0
0	2
1441	5
0	7
0	7
0	7
170	15
0	15
5	16
28	36
18	29
0	31
0	88
1769	167
0	0
0	0
0	1
0	1
204	3002
0	722
0	3002
388	1371
0	137
0	1371
0	0
0	0
189	83
0	83
0	0
0	1063
0	10220
446	10220
0	678
78	678
0	4025
0	3709
70	3960
0	3906
0	43
0	89
5	126
6	504
11	531
0	469
0	528
0	196
4	0
438	1134
0	1134
349	124
0	124
1777	339
4	335
25	23
0	23
218	130
0	130
54	407
0	407
0	407
42	0
0	0
0	1
0	1
0	242
248	242
0	0
0	12
0	2
0	0
0	0
0	2
1591	1428
0	963
196	1163
124	158
0	1556
0	1559
1222	3186
0	730
214	3186
0	62
0	45
0	26
0	56
0	0
0	0
0	0
0	0
0	0
0	0
7	37
0	48
0	48
7	15
0	15
100	27
0	27
0	23
89	0
960	2
3134	10
644	0
0	20
20	27
0	44
49	0
0	0
0	4
42	6
0	6
0	0
0	0
0	426
0	86
0	1695
662	1695
0	262
29	266
4	66
0	3
6	26
0	0
0	0
11	0
0	0
0	0
0	0
0	174
302	174
0	4778
0	87
0	591
0	726
1805	4784
421	1824
7	735
0	710
19	664
7	1
0	1
15	9
0	9
0	45
42	0
51	5396
0	701
0	5281
0	101
0	270
0	201
0	696
18	676
0	694
0	666
0	333
10	73
0	144
0	502
0	324
4	2752
0	100
0	2664
131	92
18	2323
19	2502
0	412
0	2021
0	2601
26	140
422	140
0	6
0	6
13	42
0	42
380	304
0	303
0	303
0	304
180	0
13	0
0	332
723	332
20	0
0	2156
1195	2156
0	0
0	0
0	0
236	1186
57	1186
579	270
0	0
8	72
24	100
0	0
24	5
5	1
0	65
5	76
43	77
55	2689
11	2689
637	123
3954	1523
0	88
0	116
0	1519
849	508
0	132
77	395
37	471
2457	1675
850	1668
36	115
28	115
439	0
86	940
0	940
114	4987
0	4802
24	4987
16	722
0	722
0	0
5821	10
285	2719
37	347
0	2025
2	2748
398	5007
0	5007
1003	51
0	51
8	0
576	85
0	85
0	0
45	252
0	24
3495	2743
0	0
0	12
46	0
0	62
0	62
0	0
66	87
0	2
42	0
670	769
0	29
0	29
0	154
14	154
27	290
28	290
0	219
0	0
18	0
361	371
0	371
159	66
0	66
2061	2
6958	13
1	0
251	1
0	17
0	33
0	0
0	0
0	33
64	0
0	0
0	0
0	5
1	51
70	252
0	71
98	421
24	421
0	2
0	2
3742	11
6	5
0	5
677	8614
451	8614
141	0
211	0
0	16
49	16
55	261
77	261
0	69
550	3009
0	69
174	2942
0	0
1237	1623
0	1155
1914	1231
0	1228
983	0
413	340
0	340
2	433
11	433
132	50
0	50
3	0
38	34
593	37
5	215
17	219
0	221
0	166
9	272
6	5
2234	274
79	136
5	136
5697	8
0	0
0	0
0	0
1904	1704
0	225
0	738
0	420
808	0
0	509
0	1622
0	362
0	362
75	1718
0	122
954	653
0	296
0	512
14	238
102	687
0	63
142	925
0	0
0	0
0	7
20	7
0	0
0	0
83	0
20	2009
0	105
88	4261
0	4255
0	4288
0	2705
0	4316
1603	5
0	0
0	0
0	0
5	0
105	47
0	6
3915	2213
0	2208
48	2000
115	2291
39	2312
54680	62
396	0
12	30
85	1023
107	5483
221	660
2	4065
268	3182
0	3178
4	3329
0	3739
428	0
708	0
0	211
28	211
0	0
0	8
0	32
0	0
3	32
7547	9513
23	4834
622	0
169	0
0	136
606	175
0	143
1118	3
0	0
0	0
0	152
0	194
0	194
0	0
0	0
165	224
73	224
249	2
9	0
0	0
0	0
0	0
7	0
0	22
0	22
0	19
0	4
2	7
423	283
0	276
0	8
45	250
35	250
0	3
0	3
0	3
8967	927
110	672
0	920
0	71
0	63
0	63
0	71
0	0
0	0
2	0
0	0
0	13
0	25
0	26
0	8
0	25
0	25
373	1038
0	15
0	943
0	701
7039	842
0	37
0	146
78	149
1957	95
612	935
8	779
459	1
0	274
0	271
6	260
875	29
0	29
2411	2
236	341
4815	9
0	0
0	9
0	415
3	65
0	35
1072	0
4287	1798
3723	7
1184	903
30	902
5	0
0	11
2	30
0	770
0	18
0	772
0	772
4	31
0	0
2623	0
1	0
0	0
1894	8
181	0
0	0
21	6
0	6
0	0
23	69
239	70
4754	3
497	0
0	32
0	32
0	40
0	40
0	0
0	8
198	169
511	96
0	96
0	0
0	15
22	15
242	1463
0	1463
45	22
0	22
0	1502
364	2798
0	312
3438	3680
0	0
37	34
0	5
0	29
317	5
7	0
0	34
92	355
90	355
0	0
8	454
0	242
0	1037
28	950
2768	2391
15	777
39	956
0	2202
0	0
23	18
0	18
0	18
361	283
0	283
1308	0
189	442
1140	443
11599	22
434	2252
3	1984
871	502
8	502
71	0
27	0
383	0
766	2
4	0
320	0
0	0
344	0
1823	1415
0	0
3	0
0	0
0	0
0	0
0	0
856	1599
11	1595
2270	891
0	890
50	946
143	1321
891	1166
5	452
8	209
153	577
0	138
14	131
59	176
15	919
0	246
6	799
0	919
84	684
0	327
0	496
584	0
181	63
0	63
9	34
0	21
0	20
11	35
7	48
0	814
1996	816
2	21
0	555
3566	555
71	19
0	12
0	6
0	6
199	0
283	582
0	582
0	0
0	0
3	0
0	6
0	0
0	6
0	0
0	0
98	56
0	54
14	0
0	0
0	0
1	0
187	33
0	33
0	1116
164	1116
10	1116
104	2159
67	2192
49	837
50	201
23	201
830	606
0	110
0	173
0	106
12	0
0	0
4	38
1	38
103	0
0	31
4	31
3548	2213
55	609
1029	1
0	7
278	627
0	490
0	610
0	615
0	1167
3610	1167
3559	7
301	23
0	23
724	0
51	0
1	437
1645	1346
13	29
183	102
278	76
693	3
0	0
17	56
43	56
1737	310
6	209
25	82
49	0
0	1290
669	1473
567	2374
19	105
0	64
0	58
0	99
0	0
111	0
94	0
6	0
0	0
0	0
0	94
15	438
18	14
0	364
13	5
2	905
0	708
18	295
0	332
2	73
0	80
15	864
3383	5
0	39
36	39
13	41
8	41
0	34
0	0
0	0
871	721
0	0
0	638
0	5
0	268
134	1545
0	864
2	1544
0	390
0	295
0	147
0	237
1268	542
5	18
62	375
276	533
29	536
0	389
4195	907
18	0
0	0
1548	1
58	13
0	18
0	44
0	18
22	52
10	10
403	652
34	560
0	294
2630	312
64	5
1100	6
4	26
0	26
156	0
1060	1
112	0
12	73
14	73
610	3451
0	569
94	3448
0	0
67	0
336	82
0	82
0	82
0	82
0	36
25	0
2	45
0	0
0	45
9	4
0	0
0	0
7463	12
95	1622
10	1622
7	23
11	23
274	30
10	30
26	112
31	3
0	112
0	41
0	629
96	629
199	0
156	2
0	0
0	0
0	0
0	0
29	0
625	2
0	0
0	0
0	0
14	612
0	369
18	1752
2	1620
215	0
419	29
0	29
0	773
0	94
0	411
0	0
0	0
0	0
97	247
0	22
2406	9
0	4
43241	66
209	469
28	469
272	131
4	131
0	0
0	0
46	5585
143	12390
423	3898
2142	11884
3923	1243
0	1242
36	30
0	30
0	0
0	0
0	0
622	0
2403	5002
3	5049
0	1770
8	0
0	6
0	75
71	384
0	351
77	378
0	382
8	0
0	0
0	0
4260	2
0	0
0	0
1624	6
881	2
20	3
0	3
0	14
8	14
1504	17386
0	2391
6	16313
4	17131
0	18044
13	2
0	0
0	0
0	2
3154	264
0	261
0	110
0	94
1	81
0	50
23	683
6	54
0	677
14	94
107	94
11	0
3960	5
0	0
0	0
0	0
3793	12
0	0
207	502
123	502
1173	3
858	3983
0	209
261	301
13	0
2390	305
0	0
65	299
3	34
47	274
0	302
82	134
406	125
4	12
0	0
0	0
1	0
0	24
0	169
0	91
3	30
28	384
3	396
0	0
0	0
0	0
316	2
62	283
0	333
21	447
0	94
0	446
66	82
739	0
319	750
0	749
51	269
0	224
43	25710
175	26832
4259	25410
70	25693
0	272
35	272
0	87
0	78
58	359
1	379
0	51
0	51
7297	3958
610	3061
4	1011
7	24
5	3948
96	0
61	69
0	69
924	180
0	75
0	174
283	133
0	133
3	7
0	0
0	1612
0	331
4055	448
35	3352
38	3435
3	3144
101	1666
0	1666
357	0
47	51
0	17
0	20
359	0
0	0
0	4
0	4
15	43
0	319
157	1177
7	1177
912	0
0	0
0	0
0	0
4	7359
106	1222
0	364
0	2492
600	7382
0	7
0	7
4	210
0	2559
43	3057
0	593
0	0
0	8364
1	4739
98	8340
3122	100
179	0
0	0
725	5094
4	1591
0	1153
0	813
23	4711
0	4
0	4
0	4
0	4
3	0
40	0
528	1219
0	1226
1	319
12	319
416	0
98	15
0	0
416	0
326	233
0	233
0	77
37	108
13636	14986
0	1980
0	1426
0	14123
0	0
48	28
290	0
26	0
17	1
99	0
0	6
0	6
0	6
0	6
0	6
0	7
2	7
10	385
13	385
163	10
4	0
0	10
1717	2
524	142
0	142
5383	5
161	229
21	229
75	1593
0	201
0	1360
0	1623
115	28
0	28
0	17
14	17
177	0
0	3169
0	3149
0	3092
0	3087
38	3578
0	3292
0	3724
18	101
108	0
1470	20
0	20
0	17
0	0
0	0
0	235
0	43
200	294
0	503
120	504
182	0
4	0
0	0
0	116
0	60
5	234
0	64
1755	823
249	748
83	483
0	0
0	42
8	483
0	0
53	0
2859	1551
0	1551
220	29
59	27
95	0
0	8
6	4
0	8
6	30
0	234
0	15
0	342
8	355
0	0
0	0
0	38
17	30
77	36
206	9
113	23
0	23
4	11
402	0
31	19
0	16
0	3
8	0
0	0
16	6
0	0
705	1
16	0
1	127
0	0
532	119
1	0
0	0
14	41
0	3
0	986
0	58
0	46
1	959
19	666
0	165
3	155
0	171
0	174
7	136
0	41
149	20
0	0
0	0
73	45
0	45
0	7
38	8
23	376
0	93
0	80
112	971
0	768
5	349
79	0
0	0
31	91
0	208
779	209
0	0
0	0
0	0
55	86
0	13
0	75
919	268
0	262
2	1
0	1
5	12
0	5
207	17
0	17
1	467
286	506
125	7533
107	2697
240	635
6	7533
39	0
3	0
12	0
8	5
2237	0
33	61
0	61
277	411
2322	2
0	136
1313	707
8	119
0	2
792	81
0	81
3	43
185	254
0	0
0	254
987	1041
4	1034
175	0
0	28
3	29
371	868
0	867
354	3238
72	3235
0	1862
202	2677
0	2961
0	900
189	1462
0	1462
0	0
0	2
351	101
4462	10844
0	15
0	0
0	3
0	20
0	56
0	5
0	15
0	49
0	61
0	61
501	125
0	125
99	0
168	0
14	0
2	0
857	3
0	0
103	31
0	21
8	0
61	161
68	159
0	90
0	159
7	1238
0	260
156	1238
0	342
4	312
386	1288
5	1034
90	0
7	56
0	2
0	56
0	48
0	0
0	0
5901	3
1253	48
0	45
2596	1373
94	1368
2	0
372	0
0	0
0	0
0	0
0	0
0	7
0	8
0	3
0	3
0	4
0	4
0	4
0	4
1	270
12	270
0	0
75	1669
51	1669
67	554
601	327
3	0
1067	1717
37	557
0	703
13	681
0	549
0	790
9	819
10	0
0	0
25	9
1	5
0	9
0	1
9	1
0	0
0	108
0	50
1	87
27	701
0	818
0	68
10	227
0	203
0	1124
0	110
0	331
76	1161
4	326
330	332
204	535
7	98
145	676
212	1908
0	19
7	72
0	1459
0	1837
5	0
0	0
2423	274
0	269
0	184
0	256
0	40
0	23
0	108
11	244
581	274
0	74
0	826
0	23
43	848
0	738
0	723
0	24
0	6
109	61
0	61
6	0
0	0
278	1105
0	238
0	835
148	32
1296	23
0	21
1095	0
0	8
0	8
0	8
3908	2
330	0
3	0
28	0
0	0
2607	7
3418	14
48	0
0	0
0	0
0	0
0	0
0	0
0	5
0	5
0	5
0	5
0	5
0	10
2	10
0	0
1414	1285
0	1285
2	419
5154	421
0	236
1244	238
0	2
0	2
2733	8
59	0
0	0
0	0
0	0
145	0
169	222
2	222
208	1715
1	1715
11	707
19	707
3	0
187	90
4	90
0	0
615	6
0	6
0	0
0	0
5	0
43	0
0	853
57	890
651	3
554	0
2	14
17	144
0	144
18	64
981	0
1165	12115
0	2039
5	1405
311	0
0	0
2007	599
0	597
0	20
68	20
0	0
3	96
214	149
0	149
91	130
1875	134
6	2463
781	4241
259	2405
2022	7419
0	125
361	184
160	303
0	31
30	31
7	63
0	63
0	0
104	935
7	2769
89	2691
409	1522
43	1518
100	0
0	505
177	505
0	0
13	0
0	0
0	143
0	12
4	136
5	26
0	95
0	389
25	390
1489	3
0	0
19	407
1355	3119
3	3376
5	0
0	0
33	189
0	331
49	2532
204	2526
587	10059
0	1975
0	7860
0	1232
2	9753
5	0
8	5
0	0
0	0
0	0
0	0
0	0
0	0
0	0
0	4
0	0
0	4
0	0
0	0
0	4
0	0
0	0
0	0
0	0
0	0
0	4
0	0
0	0
298	0
2824	1094
0	1089
0	148
215	148
29	0
13	0
0	0
0	5
0	0
0	5
0	24
0	24
3541	7812
0	7809
56	1644
10	1643
71	514
0	560
4454	146
0	142
25	1
0	11
168	12
287	569
36	266
8	132
69	132
1109	1128
0	1015
3	504
3078	3453
240	0
828	1
19	393
309	403
314	564
0	79
0	2
0	34
0	14
0	6
0	34
0	34
0	34
82	0
20	30
1891	14
0	10
0	0
468	0
713	375
0	0
0	375
497	60
0	20
0	40
6915	3223
0	1633
0	1588
0	14
0	14
219	0
0	8
320	8
124	240
144	240
165	0
1331	2
9	95
0	95
3416	5
2065	5
0	7
0	371
0	371
0	2
317	0
0	0
429	299
0	732
37	732
22	2
0	0
0	0
0	0
0	209
0	479
0	487
0	0
13	76
41	76
37	141
191	279
8	138
14	61
811	0
0	0
0	0
0	0
0	218
0	212
79	0
0	512
0	534
12	456
1	85
102	56
42	56
1934	692
0	692
604	2858
789	2857
357	1341
0	1341
55	28
170	813
151	917
67	115
5	81
431	3145
3524	1540
1099	6604
208	0
0	4
0	4
0	0
0	897
59	897
1265	639
0	638
61	840
0	102
116	150
0	888
0	20
0	830
19	170
478	1144
397	0
9	120
138	0
0	0
33	123
0	123
0	66
342	66
0	306
0	138
161	596
0	0
0	746
1319	0
0	44
0	482
0	535
2	536
2247	4288
0	1051
16	3949
0	2426
9	2517
13	2517
213	0
317	0
4	52
4	52
0	0
679	0
0	0
0	0
0	2
0	2
0	2
0	710
581	710
0	10
4	0
1486	116
0	114
1175	318
0	10
2057	2
1	1865
0	86
4	1708
963	0
3189	4
0	0
0	0
0	0
0	0
0	0
0	0
0	0
0	12
8	23
11	23
7	0
478	342
0	337
0	241
0	9
0	9
15	204
0	199
0	0
0	0
0	0
0	0
2417	2
185	14845
2	8250
0	1116
0	12567
1	167
0	45
0	167
656	0
63	2630
181	2575
0	1896
0	474
1895	1756
369	1544
0	1898
0	0
0	4
5987	3552
0	3550
0	0
0	0
19	485
0	462
0	485
240	413
0	361
0	63
182	128
0	127
0	18
0	18
0	18
62	12554
216	11621
33	11510
0	6552
10	9623
2	9581
340	378
11	647
0	520
132	556
0	0
0	1088
52	1299
0	1299
1	1299
11	4
0	4
0	267
3	328
372	1644
0	1612
0	0
0	110
5	674
0	397
47	1595
80	1585
93	2580
0	4280
3256	4283
266	138
5	138
17	10
0	10
562	222
0	145
0	513
1	212
3136	2134
0	2133
0	0
0	0
0	0
0	0
0	0
0	0
18	0
0	0
34	0
33	2
0	0
0	0
38	6934
10122	31076
0	31070
0	29
0	37
0	14
181	138
0	22
3	90
0	26
0	26
0	66
127	66
0	7
38	15
62	708
480	792
8	6
6	184
43	804
0	704
0	5
0	175
79	175
68	91
0	91
81	71
15	71
30	7
0	1899
0	1892
0	18
7	63
0	0
0	0
22	193
78	193
0	144
42	216
0	87
530	0
0	995
505	1024
244	32
6	32
0	0
0	8
16	8
0	0
0	0
10	1700
85	1700
0	85
11	85
0	0
3	0
12952	1810
37	80
0	0
0	0
0	0
7822	6
214	1146
0	1126
0	1146
0	1140
2	38
0	0
0	0
0	0
0	0
32	14
3972	15
1	27
0	19
7	4
0	4
0	0
79	47
0	47
0	85
0	85
0	0
0	0
0	0
13	84
0	5
107	125
0	0
0	0
0	0
0	0
13	0
0	366
0	314
0	808
0	860
2764	0
377	1
49	1267
9	1267
17	1243
0	1243
2	1243
682	0
333	408
75	422
325	0
102	0
46	82
7	520
128	749
76	598
27	113
0	41
0	41
0	626
464	984
0	553
0	443
0	333
0	1606
108	2241
0	1744
78	0
29	0
0	0
0	0
11	1626
1087	1626
0	106
5	28
2	106
0	0
0	0
0	0
584	0
187	598
0	166
0	26
0	535
0	14
501	2644
62	194
5	352
23	2369
72	2577
0	3
0	0
97	3074
20	3069
0	3074
0	0
82	463
0	463
544	3
66	0
280	14
814	1174
0	0
0	0
0	0
0	0
0	12
0	215
0	222
0	221
0	395
0	272
5	78
366	395
42	785
0	785
29	973
3744	4
5754	3475
340	42
4	88
0	107
0	110
4789	84
3	1461
2	1461
6	1
2208	0
0	0
0	0
8	0
32	879
0	465
68	1169
0	309
18	1336
4	44
0	44
56	1953
0	1953
9	105
0	1181
0	76
200	88
0	88
0	83
0	18
0	13
0	31
0	18
0	13
0	18
0	18
0	18
0	18
0	88
3	9
0	18
0	88
0	18
0	88
0	18
14	232
470	901
0	900
18	143
23	161
0	0
7	477
0	158
0	291
8	27
0	37
124	255
3895	261
0	3
814	1067
116	1067
0	0
0	0
141	44
0	44
9	39
199	266
5	89
0	200
137	1811
23	1811
372	0
1310	441
173	441
3	0
0	0
0	0
0	0
8	0
1285	2
0	296
0	277
96	169
5	1203
20	1091
0	0
3	0
1071	1
70	76
630	1
0	72
0	12
34	155
2	145
0	58
8	120
0	1662
0	273
0	1860
440	49
0	1835
69	0
12	0
53	3410
847	3411
399	1
1	3026
14	835
0	214
0	51
131	3030
0	326
0	710
20	710
441	6782
115	6782
0	5
15	41
0	41
0	7
0	7
0	0
0	7
2541	0
40	151
0	81
0	0
0	0
0	0
0	4
0	4
0	50
0	43
0	80
45	130
2099	112
0	111
0	0
0	0
0	52
294	52
0	145
0	4
0	576
0	598
0	630
9	0
0	0
0	145
7	1176
0	1928
56	1923
2168	140
9	805
0	805
69	0
0	184
1	117
667	2292
14	2135
0	0
397	0
0	0
0	0
0	0
0	0
84	0
0	0
561	0
0	1
9	1
0	0
0	1
10	88
0	15
7	71
35	0
0	0
0	27
230	66
6	66
129	191
1785	324
135	324
197	50
28	36
0	4
0	32
1266	4450
0	776
71	4450
52	155
0	45
151	0
112	457
0	457
1138	926
0	948
0	246
0	246
2354	1130
15	1128
0	233
0	209
211	826
0	290
17	39
0	0
0	0
19	267
119	267
512	638
0	436
0	519
107	220
14	220
13	38
0	3
0	38
0	247
0	50
0	68
0	51
0	0
0	0
2	0
0	943
1	807
0	639
87	141
0	140
0	143
4381	0
368	685
48	233
604	2713
185	2713
0	1373
11	1319
1	1373
86	7
0	7
147	46838
0	11827
1358	52683
601	2527
0	1094
0	2307
207	66
0	66
327	610
0	610
16	5
106	77
0	16
855	1
7	267
0	267
796	338
0	337
578	3985
23	3985
0	21
0	21
311	143
0	143
83	0
705	1002
0	941
0	923
0	927
0	993
0	108
8	108
0	0
75	0
263	95
0	7
0	0
819	6
0	3
0	9
0	9
6	0
1006	0
0	0
1916	1494
0	856
3210	8
0	2
0	70
0	30
453	100
6	0
99	136
0	115
108	0
0	0
0	0
0	0
42	0
0	0
149	1077
50	94
8	169
0	980
0	0
0	0
13	0
0	0
55	0
247	0
118	181
1	181
21	727
25	727
0	247
1	263
9	16
0	5
130	0
0	703
71	703
1137	356
36	355
13	35
0	19
0	5
0	34
10	136
34	138
118	1005
0	968
1655	1461
27	1460
0	369
0	0
0	10
0	0
4	0
0	6
16	1961
7	42
0	1
0	1961
5639	18
958	704
79	1165
14	1390
0	325
150	665
0	665
348	0
0	9
26	9
7	3219
1	1885
13097	6911
1	1835
31	0
0	147
34	147
141	1310
15	1194
3	842
200	1678
0	1585
0	1523
0	167
0	0
0	2180
677	2181
0	25
7	583
0	422
0	34
0	27
13	27
3759	2
3	0
0	0
2109	1372
0	1365
0	0
0	0
0	673
332	1162
0	506
3	466
100	28
57	1
156	324
0	106
8	252
0	267
0	249
0	250
0	140
0	91
0	55
0	272
0	49
0	272
16	0
128	0
350	0
0	0
0	0
179	55
0	55
696	0
211	3424
0	3425
0	3125
0	426
6210	2019
0	1791
0	544
306	628
102	625
2842	132
0	117
0	0
0	1
0	1
0	7
0	1
0	13
0	2
0	2
0	549
4527	1523
4	1519
376	2109
42	973
40	3179
0	0
0	0
32	97
0	97
0	298
0	48
0	178
0	118
187	134
221	430
1225	639
0	0
43	10
0	0
0	10
0	0
5	14
178	2351
15	3849
66	2013
0	4009
1	11
686	1548
158	1548
34	12
5	108
0	3075
32	3075
484	0
73	17
17	0
478	66
0	66
16	42
0	10
15	17
0	17
0	0
0	0
4	0
0	114
56	221
114	1956
0	427
7	295
0	259
13	1788
0	0
445	1920
1674	11300
58744	11375
256	2049
0	1547
0	0
6	0
0	0
6	355
0	114
599	2
0	43
1128	345
11	264
0	245
0	0
22	13
2794	6
0	2
30	2
15	223
262	421
27	421
37	10
427	42
77	1934
1	1934
10	49
0	79
0	180
155	180
0	54
0	63
0	34
3	61
0	3
0	0
0	0
259	126
0	126
17	0
159	1242
6	1110
72	1228
25	375
359	375
0	0
24	141
4	1843
13	67
0	2247
0	2287
0	1757
0	1914
3137	2014
0	2104
0	1967
0	664
0	0
3	0
40	13
0	13
928	666
0	0
0	0
106	1
0	0
0	0
0	0
147	196
0	29
0	0
35	0
1521	2723
0	2723
2531	0
1	0
1837	4
0	383
0	386
0	88
4	64
0	56
8	151
0	81
105	239
3	154
0	290
0	220
438	369
398	506
0	0
0	0
0	0
0	0
41	164
0	77
2245	7
13	0
0	0
0	0
0	0
0	672
0	300
218	672
1356	0
0	0
233	0
289	0
0	0
109	376
188	376
0	168
19	168
11407	14
114	177
1	10
0	174
0	127
70	7212
0	1517
0	2289
65	6257
114	0
0	0
0	0
0	0
0	2
79	0
145	156
7	856
324	5306
6	5309
1	12
500	0
1	18
0	175
425	192
78	0
63	4110
0	764
5	3467
72	3043
25	6955
4237	455
0	446
0	100
0	16
0	79
0	78
0	88
94	313
22	39
0	297
144	0
3	45
0	45
0	21
137	295
0	276
347	1
737	4008
0	4008
171	39
5	39
0	4
0	0
0	0
2119	892
22	890
0	0
0	103
15	387
0	90
0	142
0	387
59	355
453	0
723	320
70	313
1	11435
0	10320
0	7115
1331	6
128	144
3	123
0	46
0	22
20	44
1	23
89	282
0	282
0	767
551	956
0	883
0	0
194	2882
0	4450
0	2310
38	3005
769	3
3	5
0	5
0	6
0	0
0	473
0	0
528	0
0	251
0	21
0	81
24	662
0	93
29	585
14	216
0	216
1911	1
1671	41
0	39
6	0
361	2687
0	324
451	2687
0	157
0	40
507	230
1	203
439	0
3	41
0	4
916	0
95	0
0	110
375	225
5	16
2	213
123	0
253	742
0	0
0	742
11387	5638
147	117
0	117
233	0
0	18
14	18
0	273
0	13
0	745
97	1018
0	1
0	0
0	0
0	1
0	1
0	0
33	0
0	0
629	904
0	597
344	257
0	0
4	0
0	109
0	2
23	144
0	10
22	10
100	1376
0	518
0	1376
0	229
602	2606
0	558
33	2512
182	0
3206	2
66	144
0	2614
0	1057
0	44
0	2608
6	2372
275	0
11163	2583
0	2555
246	1
2	0
0	0
81	99
0	60
0	78
0	22
0	4
14	4
227	2
6	0
106	2149
11	2149
6	24
222	310
134	0
0	10
42	68
546	951
115	1009
72	0
9	0
0	722
206	722
8	24
1720	10699
20	157
5	10660
34	10180
0	10340
38	181
15	181
0	0
352	8
0	8
0	22
0	15
0	36
0	63
0	298
0	322
0	0
0	0
7	20
0	20
3	0
15	28
223	41
0	19
0	19
0	61
86	69
1109	2
5	0
0	0
0	0
0	4212
115	4421
4	43
1	67
10	69
5	69
42	404
11	314
9	98
3	299
0	5
38	5
31	344
0	354
249	2
0	0
16	121
27	121
3	0
10	0
144	0
74	5
0	56
0	216
1714	884
0	0
0	0
0	0
138	0
0	0
0	0
7	279
32	318
850	1186
13818	1198
1	25
0	0
0	28
0	156
0	136
0	2
131	181
339	455
0	455
0	757
20	757
0	3339
55	466
0	462
0	462
0	3409
2418	4966
13	4960
1418	643
643	643
0	0
0	0
0	6
0	6
0	6
0	6
333	2
278	0
0	28
0	25
1541	0
9065	4
16	0
0	0
4522	3
3291	3
0	62
0	80
0	83
20	654
0	450
0	458
0	32
0	137
0	0
0	0
792	1
0	0
0	0
0	133
0	94
57	127
0	0
3	0
95	0
2291	4225
0	647
2	444
1371	0
480	0
3	18
9	5
0	19
4	257
0	64
0	199
81	1293
0	1293
10	0
0	0
0	0
0	0
0	10
0	10
0	10
0	13
92	0
50	63
0	58
10	71
289	0
201	67
120	163
0	163
5	0
0	0
78	868
4	1360
0	1094
0	245
393	1716
92	1555
444	0
414	487
0	245
503	6
0	8
0	0
11	1722
0	1711
1	1707
4	1699
0	1705
0	1711
192	210
0	198
0	203
0	0
0	38
0	4
0	38
13	4
2446	4
2	9
0	9
8	2241
13019	2241
0	0
0	0
0	0
0	23
585	141
25	118
0	11
98	11
1	0
0	27
2	27
0	0
0	0
0	364
0	179
0	179
0	177
0	0
22	0
33	338
0	338
302	7
22	384
73	384
63	37
9382	2709
0	2706
0	32
216	32
4	5
1	5
17	176
0	161
3	172
34	27
0	27
0	0
0	0
0	0
0	0
0	0
0	0
354	2
103	115
0	0
15	223
0	53
0	9
0	33
0	12
0	36
0	1
0	1
141	3
32	15
0	15
754	3745
81	3745
45	0
83	15
748	0
144	585
13	565
19	546
1225	6
4	0
2519	372
0	250
91	1199
0	1199
6	0
63	345
0	203
24	345
89	0
2071	1
5	0
67	3
5	3
0	392
76	3029
39	3029
0	132
4	579
0	579
49	657
0	381
0	157
671	692
151	29
0	28
0	1
0	208
0	122
0	210
0	0
0	0
1327	2353
0	278
171	1331
0	1331
0	1199
3580	858
98	948
15	114
0	114
0	108
0	127
1681	660
0	91
80	357
0	127
1	945
7	19
0	28
0	28
0	15
0	15
47	35
19	35
776	4
0	53
46	94
2	94
0	53
0	0
0	0
0	0
0	0
0	0
0	0
58	0
49	262
0	262
0	233
35	14
1025	1834
0	1822
0	1857
305	0
2130	2
45	0
34	0
0	28
95	28
924	7
0	3
0	0
0	3
0	0
50	0
236	676
27	676
6	257
0	257
59	59
0	51
0	8
0	2296
2	638
0	467
13	314
230	3414
0	2273
2760	0
452	17
0	15
36	67
2273	1598
59	270
0	1610
0	0
0	0
0	17
548	17
10	0
195	225
187	0
8	10
0	10
0	0
0	3
0	3
0	2
0	2
8	12
3	12
0	28
0	136
352	262
0	115
0	213
6914	31
129	1058
3	768
8	1073
46	2
0	128
0	94
0	0
0	13
0	0
0	5
0	13
0	13
0	13
24	899
1063	893
1114	1549
6	1549
0	976
301	874
0	731
0	0
0	0
7	100
0	368
114	299
0	100
86	667
0	21
0	17
240	380
0	24
0	23
22	924
0	937
1524	0
112	0
0	18
56	183
0	90
0	113
0	158
0	89
385	1285
0	1285
129	265
0	265
403	726
1053	2
237	0
0	0
0	0
6	0
0	565
14	224
0	540
0	33
0	419
79	2673
0	2370
0	2546
0	2527
77	17
0	17
315	788
0	788
2349	1
45	0
24	1390
0	140
0	1297
99	1265
1256	0
988	2
8	90
0	90
10	77
0	11
0	14
0	0
0	0
0	0
81	233
0	212
0	0
32	99
8121	14
0	0
0	0
0	0
0	0
12	23
0	37
0	37
716	640
8	638
0	0
5	184
0	23
60	71
7	213
3111	318
92	221
0	249
0	0
0	317
26	4657
0	4416
708	1666
42	1666
4	976
0	338
0	976
10	17
7	17
0	12
833	214
0	214
154	0
4535	7
5027	4
3	0
0	0
0	0
0	0
0	0
331	128
117	0
1457	169
0	154
215	154
58	549
399	550
0	0
38	49
0	49
0	0
0	0
204	443
0	443
5	749
4	704
0	271
0	37
7	32
0	0
0	25
0	22
565	8833
0	7743
227	4990
0	4849
0	3307
0	5010
3652	0
181	6
2	0
0	6
32	6
187	0
0	0
0	0
3	43
4	43
10086	9
363	2264
30	2264
0	0
0	0
138	0
10	0
0	0
83	200
0	200
0	0
171	167
727	171
81	0
5	0
0	0
0	0
24	0
0	609
0	479
2	280
213	729
0	721
169	659
23	0
922	1
740	1
0	0
0	0
994	0
0	169
23	1651
29	1651
32	44
0	7
0	37
0	1
0	0
0	1
0	211
17	211
0	0
0	0
0	11
7	11
7	3
7	3
0	0
0	0
0	665
205	762
0	508
1668	3
1577	1712
0	1702
1887	172
12	172
97	0
8	10024
35279	25848
0	17721
0	7
0	7
893	0
0	52
13	47
1912	1713
78	1712
2574	762
0	756
0	0
238	0
474	0
1	11
0	13
59	261
629	944
0	876
0	876
0	856
0	13
3717	3202
7019	3206
202	0
551	1220
13	451
0	1217
0	102
4	514
0	231
61	204
3	490
0	239
0	367
1098	2605
0	2324
0	2534
0	1587
0	2163
34	2522
6830	6
30	16
1049	2
0	2
473	0
124	197
0	20
0	174
49	2498
0	318
37	3833
0	3778
914	6
0	5
122	0
1642	599
0	596
395	5470
765	5469
2309	5
190	0
2131	2
0	219
0	189
0	189
0	239
26	262
0	69
6	254
41	260
150	7223
5844	7227
3164	1374
2	926
8	390
0	0
24	23
0	21
5	40
0	0
0	0
0	0
0	11
0	11
0	0
2172	2555
2	2081
2	1483
5	1192
2675	544
0	251
0	290
7	32
0	21
0	21
2	32
0	0
14	284
16	44
0	18
29	240
0	163
7	214
17	226
0	226
90	0
43	714
32	718
7681	17
0	7
0	3
0	14
31	21
0	0
828	1708
0	1708
0	1708
739	0
2593	5
59	0
78	177
0	61
0	162
0	19
8	5
0	287
0	24
107	485
3	425
5300	9
0	60
182	267
6104	1104
0	7
0	387
0	513
0	331
0	94
0	43
766	756
0	653
4	0
523	420
203	513
3	110
0	650
2786	0
0	6
4	6
4652	1690
0	1025
0	265
0	138
0	526
84	96
0	0
0	0
0	0
654	0
86	609
8	534
5	288
0	121
0	60
0	75
2	16
0	47
0	66
2	66
0	57
0	8
2057	1625
148	1625
0	2848
0	2848
0	2849
705	2853
0	0
0	0
0	0
0	0
33	0
0	0
0	0
102	33
0	31
140	363
0	363
6	1667
0	865
10	1737
0	9
0	0
0	9
28	64
0	64
0	0
0	115
0	103
0	115
0	117
0	36
12	36
583	351
128	158
0	158
447	0
0	854
4	658
159	854
12	728
0	0
0	0
0	0
27	99
1	285
0	204
0	171
196	561
27	1304
22	113
2199	1304
2183	367
0	336
0	25
168	7
0	369
36	369
0	4
0	4
11	38
2145	2
5	3
230	3
379	0
156	1074
5	347
0	281
15	765
0	769
0	0
0	0
1133	625
0	812
729	1206
257	690
0	690
1330	1
1	0
0	0
0	0
347	0
0	45
10	59
2071	100
0	95
0	32
0	548
0	0
2	586
6	69
0	13
0	13
3	43
0	2
0	41
1309	481
0	481
206	207
25	207
0	0
0	0
0	0
5	0
0	0
0	0
0	0
0	0
71	0
0	0
0	0
0	6
0	4
2	6
838	1740
4	1173
375	0
0	0
0	0
3315	1
0	0
1551	223
7	0
4790	9
0	0
1	72
6	72
4	26
0	7
10	7
30	0
0	39
239	276
0	269
6	0
3192	2230
0	1383
334	1965
0	95
27	98
0	125
0	41
0	168
0	734
6	46
73	734
33	58
0	0
0	58
83	33
0	33
0	304
0	304
4	0
1592	0
201	0
0	299
0	336
0	47
2254	13
0	0
0	7
12	64
0	0
8	5
0	5
10	0
0	988
410	1018
0	996
5	445
0	445
736	1509
146	554
483	1125
5371	2370
0	2361
837	2281
0	1917
645	2
9	123
0	4
0	68
0	40
0	43
0	47
0	6
0	4
0	97
0	2167
149	2167
194	975
12	528
12	32
173	1095
34	910
293	910
0	3
0	0
0	0
137	0
0	0
0	0
369	0
0	336
77	336
0	44
1962	1545
0	119
2	1547
0	0
0	0
390	0
7422	9
0	41
610	0
122	0
517	4
166	123
0	0
0	122
252	13744
0	2224
0	2230
53	13277
871	13315
0	8235
0	8037
1	8921
0	9119
0	90
0	126
0	611
57	478
0	527
0	0
0	0
177	254
60	52
0	237
8	726
3061	726
216	1107
437	1107
949	2
1	21
18	15
0	21
916	18
0	695
0	182
0	695
0	9
0	645
206	645
0	0
0	82
0	82
0	0
0	0
0	0
184	383
0	383
371	0
511	69
1084	2
0	268
0	24
0	30
23	256
96	318
12	313
421	622
0	622
0	21
0	81
0	58
0	160
0	54
27	237
1	204
1	251
3	270
0	270
0	0
0	0
0	0
0	0
17	3
1830	4
603	6
0	0
230	39
1210	0
0	0
0	0
0	0
42	875
0	0
1	875
116	158
0	85
0	34
0	86
0	12
0	131
5	183
0	170
0	161
0	174
5003	13
892	585
0	581
0	0
2	4
0	0
12	10
0	4
15	10
3	0
0	0
0	0
276	282
0	282
313	0
1	563
17	584
5	597
0	563
271	597
456	1315
8	17
0	16
12	1352
0	26
0	0
6	197
2	28
0	9
0	44
0	173
38	0
3124	15
20	0
2	0
0	346
0	346
0	251
1	133
0	33
0	544
0	394
4123	3
0	612
3	622
0	416
0	618
34	522
0	501
0	364
60	536
0	77
32	5
0	536
1332	0
0	0
13	2154
396	2154
523	10
0	10
0	3
0	3
1	0
45	0
282	1182
0	825
0	1029
160	0
62	754
0	678
0	120
0	225
0	305
444	328
0	195
23	195
69	139
0	137
0	0
0	0
3	8
0	754
195	754
13	88
0	544
1244	8
0	48
0	10
14	48
1765	0
4173	14
0	167
0	28
0	18
0	167
17	154
0	154
12	201
0	201
0	44
5	32
71	44
2262	1
0	75
10	75
19	0
700	954
0	954
0	0
0	0
78	0
0	0
0	0
32	520
0	74
0	126
0	20
5	520
0	520
272	104
0	146
0	107
5	0
0	0
0	0
2029	2
457	2246
3074	2247
0	1951
238	0
0	0
0	0
0	4
36	0
135	688
403	687
0	0
7	0
281	897
21	897
26	115
0	146
306	146
565	369
256	0
0	0
0	0
0	9
0	15
205	27
35	297
0	0
424	297
65	20
0	1
0	19
591	204
0	203
550	167
0	126
0	41
281	0
252	53
0	53
3157	9
20	61
0	28
0	37
485	0
0	573
0	428
19	230
0	427
609	774
0	774
174	203
46	203
0	40
0	62
8	277
0	79
0	1682
0	1625
0	0
219	0
0	0
0	0
181	420
13	0
0	420
12	420
212	0
160	189
5	189
0	121
10	991
0	991
0	0
63	0
0	0
0	0
616	2
12	642
0	495
0	445
0	6
0	6
0	45
0	45
25	7
0	7
0	0
260	0
1051	1696
0	4
0	0
89	0
2	37
246	37
0	52
69	231
1438	1538
0	1155
1	379
37	338
0	1093
93	1398
269	2
4	0
0	0
538	0
53	35
0	35
0	10
35	10
0	10
71	0
17	15
9	338
2080	342
0	1
0	1
448	0
693	3481
2	3481
0	6
91	133
0	133
804	449
27	450
1691	5
0	27
119	27
371	452
0	117
7	289
0	280
4	17
0	9
11	584
0	584
0	0
0	17
0	17
642	444
0	443
0	443
0	0
455	266
5	264
0	45
1185	312
36	347
0	347
239	169
0	168
0	47
0	128
0	128
0	83
1071	5376
225	1094
30	83
1	0
0	10
0	0
46	1414
5	1414
64	259
91	18
0	37
5	229
0	241
0	46
2	5
0	0
0	476
0	615
1	1456
0	1975
0	1724
27	1918
0	0
0	0
5	44
0	44
15	9
0	9
50	101
2	101
4	2
196	4
0	5
6	47
2	47
0	3
833	1538
525	1540
0	1534
0	0
0	4
0	4
0	0
0	0
559	5521
0	5608
0	5519
0	5747
485	341
0	341
0	0
0	246
0	236
0	150
0	0
0	0
0	0
5	0
0	57
0	53
0	57
0	105
0	136
64	365
13	180
32	365
0	13254
27350	13293
0	79
39	531
0	531
1280	1
414	0
3992	6
104	3
0	0
53730	9504
446	3
0	0
0	1435
0	1431
0	40
0	0
0	751
0	703
0	723
0	755
0	759
208	340
0	340
1897	6
516	400
407	402
141	0
665	1
336	31
0	31
303	418
0	417
0	34
128	34
122	238
132	224
0	0
0	6950
132	6950
144	6813
2259	1128
0	147
0	1124
198	8
4	0
3183	1640
15318	22
54	2013
280	2016
0	32
7	682
559	1020
12123	3488
0	39
6	3607
6	5
0	5
359	296
0	273
0	177
5	126
0	0
0	0
0	0
25	0
95	0
0	32
0	48
25	281
0	82
20	261
0	65
0	56
0	56
0	342
10	333
0	234
1094	236
2	0
0	0
0	0
1136	2427
0	0
11	0
0	0
0	290
0	30
0	174
0	0
0	0
83	2478
0	1021
192	2706
0	0
0	0
325209	70991
6350	22
0	0
18	0
0	0
1004	0
0	0
4	0
23	3749
38358	3786
0	62
120	62
0	0
0	1757
236	1757
0	2
0	0
980	190
0	190
46	0
258	0
34	23
6	35
47	16
2	17
0	17
1615	0
0	0
0	0
2419	600
1648	7
96	96
4147	2
0	1934
1581	1934
0	0
0	523
0	795
118	1295
11	0
4	1
0	0
0	1
0	0
0	0
142	435
0	0
0	0
0	0
0	850
102	1187
98	1187
0	310
0	369
700	651
40	2885
6	84
0	2836
11	439
50	2836
0	0
0	0
0	0
0	0
51	2597
20	2597
396	217
0	212
57	124
0	0
0	0
0	10
0	0
690	1100
0	178
0	57
92	57
38295	54
1277	82
0	35
0	47
0	6
0	0
0	23
0	6
59	23
585	8123
55	8238
0	8238
0	5
0	5
1078	0
0	16
188	18
0	0
0	3
0	3713
44	3666
42	3663
0	2407
0	3762
4	3715
10797	6240
0	6228
103	110
0	0
0	7
0	407
4	407
1610	2826
2	2824
0	32
8	81
0	3
0	3
0	3
1534	0
0	0
0	0
0	0
0	0
0	0
0	0
0	0
432	179
0	179
0	131
6904	82
2	73
0	0
851	0
0	5
32	5
0	5
0	60
24	60
784	5
0	0
0	216
24	1926
0	1926
16	52
209	0
9	4
6735	516
0	503
0	503
58	503
0	300
53	526
627	1246
0	825
0	894
183	0
0	0
1046	1
16	0
35	8
1	8
551	0
420	1944
41	1944
0	964
2697	10
55	126
17	191
386	191
1056	4
0	0
0	0
2	82
20	82
284	1130
529	1132
2	1814
3797	4215
6	2434
0	553
363	0
0	8
0	48
4	61
0	39
0	13
0	13
0	38
0	38
6	0
0	0
2315	252
0	168
0	23
0	58
85	19
0	19
16	0
2	0
47	38
0	38
189	837
0	1191
1	1153
7149	12
865	0
4925	3051
16	0
107	0
0	2
12	211
1040	0
0	379
271	380
2894	2
0	7
0	7
818	3
21615	24
361	1349
0	1349
0	1238
526	544
0	177
5	1
0	0
21	1850
101	1850
0	0
0	0
18648	15
3	835
0	354
0	122
8	800
10	726
0	726
2625	1676
130	1675
560	0
0	13
0	14
26	14
0	686
1080	686
2	0
0	0
888	988
1497	1327
0	1307
86	1286
0	0
2	0
127	474
0	474
0	0
0	4
0	5
0	5
3065	29
0	23
0	2
0	2
235	2009
0	1926
40	1814
0	0
0	0
0	0
0	0
0	0
0	483
0	193
253	0
238	785
38	0
215	194
41	9
0	9
0	0
1389	4
2063	1118
0	1116
148	229
0	229
8	0
0	0
0	0
296	120
0	120
0	8
10	8
0	0
0	9627
2	12259
6	12336
0	12736
2	3461
4421	16996
13	0
0	0
44	771
25	771
0	0
0	0
0	0
4	0
31	0
42	285
39	285
14	42
42	59
1995	0
17	3617
0	1552
384	3386
24	35
0	14
0	35
2977	600
1145	597
0	0
178	2790
13	776
0	2790
732	263
0	263
673	0
167	0
282	245
153	75
2	246
7	251
0	5
901	1217
1120	1215
516	333
0	333
0	638
1825	640
1417	172
924	172
1506	6
1129	0
1	152
0	36
0	35
0	39
0	60
168	129
18	12
0	0
0	0
11	12
5292	7
0	0
0	0
0	8
0	8
44	9
0	4
0	4
454	152
512	0
4	7
0	7
50	8
8	0
8	7
0	0
0	1
29	1
3	0
0	0
50	0
2015	5
3	20
0	20
0	5
146	292
0	104
0	0
0	0
44	203
2	194
1	209
0	0
0	0
0	0
0	357
16	381
1066	0
440	1082
0	1082
0	0
0	0
0	0
20	157
15	157
3	18
0	18
2150	1
319	0
5	991
0	57
57	1012
0	0
26	0
5	0
0	0
58	14
0	45
0	31
398	45
7	591
1702	591
0	0
0	0
0	672
97	587
37	465
0	5
0	170
0	170
85	0
0	0
2	25
3	6
1608	668
0	666
37	12
0	6
146	0
0	14
0	1095
0	146
6	2
0	67
0	1124
5	1077
0	1120
0	1130
0	279
46	691
408	4233
12	4233
0	0
0	1
0	0
34	765
547	765
2500	876
1065	0
6	6
0	0
397	0
30	436
2	31
0	25
0	8
0	8
0	25
100	0
3863	2158
0	2158
37	0
0	0
0	0
27	0
0	308
0	319
801	422
16	313
400	134
348	167
0	167
10	4
41	288
0	619
0	533
579	1312
0	0
11	9
0	9
0	0
0	0
0	0
6407	10
24	779
0	1
130	779
0	44
454	1321
6	122
9	1365
428	16
102	16
51	183
15	37
0	146
0	52
3	146
0	1246
3088	1247
201	0
199	25
0	25
0	0
133	0
6	2
0	2
374	1
17	0
20	58
0	58
1462	4
77	15
1211	5
0	8151
6	13308
1	10596
156	15499
0	7902
0	0
0	0
0	0
196	81
8891	12
0	20
0	20
13500	14
20	64
0	64
0	93
0	38
90	93
1560	3272
12	3272
39	0
231	1924
27	440
94	1922
1	8
4	361
0	10
4642	361
1301	0
0	0
139	66
0	66
0	66
0	3528
14	3374
56	3415
0	3521
6	36
58	36
4	19
50	157
0	199
45	0
15	0
748	118
0	5183
1573	5306
0	0
65	435
17	78
33	435
16	11
387	9937
2	5670
62	5637
0	10022
0	411
4	415
0	415
275	514
0	152
418	0
2262	5
32	255
0	1
70	0
778	68
0	65
2	42
6	194
0	206
0	154
241	154
7	15
14	33
0	33
2584	1673
4	1034
3	1039
0	939
298	1
1	0
5	46
137	46
39	2
0	0
0	2
1504	160
1766	6
29	31
218	3484
0	41
4	737
0	2934
14	2558
113	1088
10	649
0	154
0	279
0	2521
6	0
1	7
0	5
0	7
0	5
487	0
53	403
0	166
0	1649
33	1649
0	3564
31	4191
18	193
40	193
3116	596
0	596
5	0
38	15
0	0
0	0
0	0
49	515
0	515
1166	0
0	0
0	0
0	0
160	128
0	128
15	39
90	40
33184	64
24	672
0	672
776	202
0	201
0	17
126	60
0	45
925	0
0	0
0	0
184	1
0	1
361	921
29	921
410	0
9	17
0	17
317	81
0	81
21	236
0	0
0	0
0	0
0	0
252	723
0	723
0	15
0	0
70	60
10	60
0	0
6	0
49	30
0	26
4	7
6310	10
0	257
0	5
0	58
85	38
0	77
0	54
63	54
268	0
0	0
0	0
0	0
9	0
0	213
0	189
151	175
0	5974
0	5591
9628	5981
58	1196
247	1199
266	0
49	10
0	6
0	10
0	1
17	877
0	877
32	65
0	18
25	58
2	0
0	12
4142	0
2672	785
66	783
0	0
0	30
0	0
55	30
162	297
0	166
0	114
0	349
0	297
0	0
0	0
0	0
261	0
119	158
9	158
0	158
16	155
5	25
22	10803
369	10803
2	0
2183	2
0	5317
0	2405
0	2019
0	3387
3	4646
9	5426
3796	1626
0	1623
1191	44
0	44
0	3
45	0
2646	1811
111	1799
0	889
0	166
11161	1402
323	46
0	46
527	1767
0	207
48	141
0	141
18	1761
0	5
0	5
0	0
0	0
0	0
578	380
0	380
1097	2
2941	1152
0	357
370	1152
25	0
0	1400
0	26
1176	1401
10	0
533	4
27	0
9	15
0	7
1455	347
0	509
0	365
0	126
167	126
0	0
0	0
1189	0
225	0
0	0
0	0
8	0
56	3130
2	3130
33	0
3104	2291
4254	4970
0	4961
0	714
136	4694
0	200
55	4694
164	489
0	489
1278	2
73	943
1	943
29	0
0	109
4	81
129	181
228	284
0	284
0	84
0	234
278	234
1226	2
0	0
173	0
112	1966
0	1966
0	526
11	526
68	0
8	96
0	0
0	42
0	88
0	1632
0	689
0	297
0	1986
0	1072
9	2184
6	196
35	196
101	29
0	12
25	23
353	23
262	3
110	92
272	1
0	0
0	0
0	0
0	0
211	2534
4	307
0	2452
1260	1279
166	1279
250	0
242	0
0	15
12	15
0	9
232	1724
10	1724
1138	1
62	3679
3009	3787
141	270
956	1
1155	456
3	24
32	440
952	0
466	0
0	0
0	0
0	0
0	0
0	0
0	154
738	4317
1203	4266
7	51
0	27
0	27
4	26
3	26
22	0
384	485
457	319
0	316
0	74
0	40
0	26
0	46
0	21
0	11
0	83
0	40
0	48
26	0
36	51
9	32
153	293
0	111
4	174
0	510
0	457
61	521
0	13
0	0
0	0
453	0
0	0
0	14
15	677
0	56
50	664
1	0
17	0
36	397
5976	167
0	159
0	0
93	1
0	1
750	1021
0	302
0	1020
0	75
0	75
0	66
49	266
0	75
153	266
444	0
0	0
0	8
0	8
248	2
148	0
0	0
357	0
8293	3458
0	3449
258	0
390	78
0	78
6	0
751	0
18	305
0	296
0	286
0	308
0	105
0	122
1909	1062
0	833
598	0
120	2196
3	1309
2539	2948
12294	21
0	29
0	14
0	29
0	29
587	5253
422	594
0	593
0	0
0	5
18	5
157	0
0	356
356	528
0	71
0	188
0	115
0	0
14	0
18	26
0	0
1141	815
1139	1
2874	9
1681	149
0	149
45	342
0	0
103	226
3201	481
0	366
4	513
3	86
16	86
2	18
0	0
0	7
717	2915
0	50
0	2901
11	2906
37	78237
2847	78207
3476	78235
3097	78176
0	0
139	21
270	22
2255	1015
0	1011
0	45
4	44
416	56
4318	11
0	0
0	0
61	0
185	0
346	0
121	159
596	159
0	1914
0	1916
241	7
40	264
0	1944
0	1946
6560	10
18	0
318	0
0	15
0	38
0	7
0	9
0	0
40	38
1015	1
227	106
0	3
0	3
1685	1
566	428
0	258
0	225
196	0
3214	470
31	469
0	5
9625	4771
2	4758
0	0
60	3078
17	3078
15858	8
197	624
0	0
90	624
0	102
139	104
1	54
127	1529
465	1529
502	62
0	62
36	108
42	830
6	86
0	47
0	8
0	236
17	0
38	58
9	0
0	14
0	50
81	50
5074	6921
0	6307
2	545
0	6474
19	6663
0	20
0	0
1	0
1542	1201
850	0
1	84
2	81
6	722
6	17324
23391	17341
0	659
0	364
0	313
0	312
0	312
36	0
578	2156
30	2012
0	675
65	2266
0	502
26	37
0	18
0	0
93	707
548	645
0	645
190	539
0	539
5	109
7	109
1	17
13	0
8663	4021
0	39
5	0
1922	4
65	572
0	572
29	368
22	10
0	49
0	0
0	49
1	20
0	160
0	26
0	284
130	424
1	0
28	86
477	88
1059	753
0	52
45	747
0	100
57	95
37	61
0	77
1	4
880	0
12	115
0	115
332	2747
0	2747
86	120
0	120
0	118
42	861
0	5
6	354
0	354
0	0
0	0
0	0
0	0
13	5
0	5
76	2766
1097	2769
0	2409
224	1689
72	330
1766	1611
79	451
0	1445
236	2432
0	2432
0	0
0	0
499	1
0	0
23	21
0	21
432	1504
0	28
45	1571
0	258
34	268
0	89
0	181
0	16
9014	14
12	89
0	89
0	312
0	335
0	322
0	40
948	379
0	352
0	239
4	285
0	201
0	285
13	0
0	245
20	245
222	0
2168	1
21	507
78	520
56	520
6010	19
1661	5
0	1
0	0
5	590
1574	710
1	0
0	1176
0	282
547	1458
56	0
648	28
298	0
0	0
0	0
114	0
0	271
0	133
447	175
174	412
0	412
0	104
0	6756
2435	6757
61	84
1	84
0	84
0	0
0	0
40	0
0	29
22	29
6	298
953	298
9	240
13	240
0	0
5	22
0	22
31	0
1781	9
0	399
392	399
1524	584
0	1
1	113
72	113
0	279
0	168
457	842
0	287
0	0
0	0
0	28
4	58
6	1286
4758	9228
2	3290
0	8769
6495	13
144	108
22	0
6970	9
0	0
94	89
0	89
25	0
3059	0
1256	354
0	353
0	328
238	260
1481	263
4	750
0	419
0	701
0	712
7	224
0	112
0	101
6	92
1	152
0	113
7	181
0	0
93	0
4	320
0	1371
380	1371
94	0
0	0
1	15
4	1698
0	0
4	1672
0	351
203	1710
0	1691
1081	0
152	734
3943	1879
0	363
1628	363
33	1789
99	311
2029	1723
27	188
357	441
0	432
4159	6488
0	6488
14	45
0	45
553	139
0	12
0	126
0	331
70	302
794	140
177	0
0	26
0	26
0	4
0	4
42	274
36	273
4	486
30	486
0	0
0	0
4	0
0	1
0	1
20	0
329	0
0	0
0	0
0	0
146	1191
87	308
0	1525
0	100
100	2642
0	2642
0	0
0	0
418	0
4173	10207
12	4288
9	5930
51	203
0	7
777	3
245	172
0	172
7	76
10	0
51	220
0	167
11	335
668	336
5	0
0	0
4	0
0	0
0	0
0	0
0	0
0	0
455	125
0	125
228	99
0	83
0	890
64	2516
0	2516
411	3520
3	3520
1495	148
0	3
86	145
0	209
3333	211
3484	6
2638	40
0	31
0	0
0	0
0	56
0	56
1	103
0	145
0	130
175	178
0	0
2249	0
0	53
203	197
0	8
0	7
0	150
0	149
0	0
0	0
11	7
0	7
0	1157
110	1161
1011	0
0	0
0	0
192	1857
0	1
295	161
0	59
8	1891
0	3
0	0
3282	1874
8	1804
0	1928
68	604
80	59
22	599
0	583
87	0
129	239
14	914
2048	1448
4	534
2566	2229
3413	4
65	0
590	0
727	0
208	431
24	432
0	252
278	252
0	0
0	0
3442	18
0	0
0	0
116	495
0	841
0	841
1895	1221
15	1242
0	1242
61	2018
0	620
396	2638
358	281
25	0
727	0
9	0
56	10
0	10
0	0
15	0
41	80
115	29
0	12
40	12
544	1
338	0
12	0
17	300
24	300
0	0
22	10
0	2
0	8
0	0
0	168
1418	172
23	2351
146	2785
0	997
4946	2423
15	0
179	0
5173	981
38	717
3705	165
8	151
0	0
0	0
0	0
93	0
16	554
413	554
0	6898
0	77
0	133
0	6967
188	7143
80	7204
3	7386
0	7308
0	0
0	0
0	5
0	0
0	0
17	119
0	102
1223	172
0	104
3152	104
2116	1
2	0
340	0
1	0
2	0
0	0
0	0
14	551
45	551
2	3271
2553	3275
1034	3
81	0
16	4
0	4
1	2
0	10
0	11
0	2
3	21
41	18
1968	456
0	456
3	0
0	41
4	41
51	0
3	9733
8	8004
5	5626
42	11071
136	13362
2387	14054
0	651
368	652
0	27
0	126
784	153
293	152
0	152
0	118
442	531
0	57
0	0
0	62
2	532
6	426
0	282
1442	1236
5	1226
587	1
108	39
0	853
36	1027
31	1054
0	1
1885	424
0	83
0	339
0	10
0	10
0	10
81	1
44	204
0	32
12	0
1	0
0	0
0	0
0	0
25	648
0	648
198	289
4	289
0	0
142	332
0	62
0	317
18774	21
0	71
0	93
0	123
10	103
0	21
4	73
0	370
0	168
0	348
0	1656
181	3903
0	4060
0	970
28	225
554	3367
453	38
0	7
0	31
16	0
311	0
0	38
4	79
0	79
17	426
12	426
0	0
1067	114
15	114
48	0
0	0
0	0
41	1800
1	1800
970	8
0	5
0	5
0	5
152	0
2933	2
632	244
0	243
356	0
0	0
3584	2114
0	15
0	57
339	21
583	2114
0	0
35	52
6	39
0	21
615	0
1	950
79	1445
0	1033
0	473
1	127
521	229
0	139
8463	3618
1	3600
0	36
123	36
171	775
0	775
0	648
0	664
0	664
99	164
333	164
403	1257
1378	1
99	197
97	197
0	9
0	4
6	9
3	9
0	159
12	171
0	171
2377	0
62	1522
6	1145
32	40
0	40
0	7
151	148
35	68
0	148
1	0
0	0
0	0
345	45
0	45
1445	3
311	197
21	0
0	0
0	155
4	155
324	254
778	50
0	33
0	33
0	51
0	51
17	0
2	0
0	185
0	241
0	28
0	190
39	664
1	0
0	793
6	779
0	91
1183	2
348	313
0	313
0	0
0	0
0	0
1	0
0	0
0	0
0	0
92	0
0	211
99	211
103	5624
0	95
4	351
0	5631
0	3672
0	0
0	0
0	30
0	0
0	0
60	0
323	1151
97	1112
0	37
4094	1676
0	1301
0	1331
0	1149
0	1499
533	0
8	791
0	490
0	430
160	845
0	731
7	0
0	1469
0	135
0	44
128	1574
704	543
311	629
0	629
20	0
0	0
230	2770
861	2693
0	313
0	491
353	150
0	56
0	89
0	103
557	103
0	103
11	0
0	412
287	590
17	589
0	0
0	0
0	0
36	712
34	712
0	0
0	0
5	0
318	2264
2716	2278
76	2172
475	1297
0	981
5	513
20	256
4	256
1170	705
0	372
4707	12
0	0
0	0
11	0
995	430
0	430
104	1232
864	1224
0	706
101	1232
270	0
182	0
0	1
3781	618
2431	502
3	502
12	0
29	0
5	0
5	2
14	142
1723	142
0	3
0	3
0	0
38	63
0	26
0	63
13	37
188	0
240	0
946	4183
12	3955
0	0
0	0
3	0
99	136
0	32
0	0
0	0
0	0
0	0
0	0
0	0
0	4507
0	1878
13534	4512
452	0
159	327
0	156
0	230
470	0
61	164
251	164
733	1127
0	0
0	0
305	0
368	857
0	361
5	676
0	0
0	0
0	0
0	0
0	0
0	0
0	0
0	5
0	5
0	7
0	2
1	0
0	0
396	82
6626	610
0	602
0	1761
0	614
0	346
0	20
583	1434
26	154
25	406
20	1
0	378
166	1960
0	0
24	19
86	19
6	154
0	98
42	166
22	0
0	54
0	268
4	261
0	178
399	1
481	0
179	330
0	328
0	744
17	758
76	744
12432	770
22	14
609	15
22	43
0	43
2254	3235
0	3231
0	3156
69	0
31	0
0	0
15	404
17	404
4	5
0	5
3683	1679
2	1677
6	67
0	67
0	0
0	4
0	0
111	54
51	75
0	75
349	65
0	64
0	1307
0	1317
288	1421
9	78
3	78
0	0
1317	1857
1	29
0	1857
1223	3340
0	1651
0	2442
614	2
0	0
0	99
479	100
342	0
0	3
55	3
0	0
172	421
0	0
1365	481
148	480
0	0
0	0
0	31
120	40
0	9
0	0
0	5
377	586
51	584
0	186
0	559
103	599
0	0
34	681
626	681
623	691
0	691
100	0
1249	5
111	0
0	0
273	0
2474	2
38	556
0	556
0	0
0	0
0	493
2424	496
1050	2
13	0
101	100
11	67
0	67
9	89
0	89
0	208
0	185
2	3
0	189
0	13
0	13
1238	990
69	9701
2199	15290
1142	14583
0	351
0	32
0	32
1	31
4	5
15	0
1269	5
80	0
0	900
42	725
7	900
30	1683
0	2396
8485	4084
1056	1641
0	208
0	1641
470	0
0	66
502	66
1072	759
43	73
584	73
0	47
0	48
0	0
149	2
287	155
0	155
237	136
0	136
0	0
0	0
570	0
311	1078
0	547
72	547
7	0
236	37
5	16
0	6
0	6
409	470
21	137
192	591
152	1438
0	0
0	0
0	0
0	0
552	2
50	914
71	60
10	914
1	4
246	1207
0	367
355	2
0	499
2	2027
308	363
135	1891
0	0
0	0
0	0
47	179
0	76
0	179
42	5027
0	3287
4238	2054
0	1794
0	1675
2	3271
1337	3271
75	512
178	512
0	355
8	548
0	2837
7	8761
13	8675
358	210
0	59
0	25
0	25
50	0
3567	1490
0	354
0	0
565	5098
30	5098
25	429
0	6772
2	214
0	7467
18	7395
0	32
0	3
11	24
4	60
21	85
0	83
8	101
0	49
0	0
233	201
0	2
0	14
162	19
4	53
34	53
0	186
0	258
0	258
7	258
43	513
0	513
7363	1107
8	1
0	29
183	821
63	821
202	309
30	309
12	3
143	2
0	14
0	201
0	1712
0	1780
0	1710
1930	0
0	39
9	60
4	26
0	0
0	0
0	158
0	158
1	802
0	680
13	1842
14	1751
64	9
0	9
29083	22
0	845
40	845
2	4827
150	5104
147	2897
437	3107
0	2220
0	501
5	947
10	1036
0	289
41	314
4304	3
0	0
2	10283
2643	10369
6	10285
0	2
4	7724
3	9541
0	7
598	4
0	4
15	4
25	3
0	3
5	125
78	98
0	98
105	158
1	59
61	88
0	19932
0	8206
0	19696
0	9893
0	2421
51	20998
0	154
0	154
0	154
0	154
0	154
6526	2658
0	187
0	2238
0	2082
0	2217
46	2298
0	2122
0	2257
0	2232
0	12
4	12
3	0
0	549
0	730
0	698
13	66
0	923
0	197
88	1075
114	1637
437	1640
25	17
0	17
548	135
0	5
0	0
8	135
0	195
658	935
0	890
0	861
0	867
0	0
474	0
73	0
0	650
161	1857
0	1652
0	117
265	1870
0	0
5	1410
0	1464
0	245
1584	246
48	116
0	116
53	459
122	459
0	10
167	10
0	1368
0	349
146	343
0	165
58	1419
14	709
1	764
3460	4
8	7
0	7
0	7
1	7
0	273
0	0
163	466
0	413
0	466
4853	4
7	0
0	0
126	0
3	24
9	174
6	174
4	653
3	23
0	256
0	656
0	656
54	342
103	342
264	3951
0	3951
100	0
19	798
2	340
2	106
0	649
241	0
0	39
0	1214
0	30
0	702
0	1241
0	1170
360	0
0	0
308	723
0	0
0	723
0	0
0	0
0	84
485	418
0	135
12	158
10	28
0	28
345	0
19	0
0	0
20	2
130	15
0	9
0	6
0	745
0	2
0	1688
0	618
7	1871
0	305
0	35
573	175
53	171
687	1047
7	1047
253	0
385	1
0	52
0	13
0	0
0	145
0	145
4	4
0	4
0	83
1	83
179	1774
0	177
12	1742
4260	5
16	56
4	7
147	0
553	7260
0	3210
54	6892
0	7456
43	6784
0	313
44	8966
0	9106
0	22
48	221
952	221
5	436
0	300
0	269
9	221
0	96
0	84
1	144
0	142
3	8
751	1055
189	674
2	234
2	303
16	238
6	141
0	89
16	42
0	47
0	58
99	497
2188	822
0	321
0	0
336	0
57	18
2	18
627	23
0	23
0	0
9	0
0	51
0	51
3	64
0	56
28	214
0	183
62	59
0	59
0	55
13	55
121	0
241	753
0	753
22	405
99	405
0	37
0	37
1146	150
19	150
0	57
21	1319
6	442
1115	1248
0	0
3	0
0	0
1200	1
0	0
1510	313
30	308
0	0
0	0
898	0
0	0
0	0
14	132
129	132
9	0
0	0
2569	1490
45	2478
0	1957
550	0
62	330
0	504
30	1047
0	454
0	270
0	193
18	564
13	316
9	1627
0	948
0	1013
0	0
0	0
0	0
5	0
0	0
9	9
0	0
0	1079
0	412
0	1695
51	4299
0	2360
6	4074
421	4388
0	3579
0	116
636	117
52	11643
0	14115
0	11038
0	11107
2	16229
88	19214
529	0
61	435
607	435
94	0
37	157
1	157
0	45
0	154
0	233
594	866
5	4
2	4
0	10
0	2
0	10
0	10
0	2
0	79
0	77
0	545
0	980
29	980
0	4
0	0
0	4
60	632
805	635
630	0
0	76
129	76
0	0
2082	7
2440	522
17	520
0	232
0	9
56	232
0	0
0	157
0	28
1018	157
149	490
14	1183
23	1132
59	0
32	14
0	14
12	0
30	0
128	0
7	0
1021	3024
0	3024
51	172
0	85
1	161
1398	0
0	0
0	2
0	24
43	0
1	0
0	0
100	1774
0	763
0	177
0	1541
373	7270
0	10819
0	9969
207	194
1169	194
5	21
95	33
0	20
0	20
0	0
0	0
0	0
0	0
10	0
0	0
0	0
715	0
3261	9
116	0
51	244
0	244
0	244
0	235
381	179
6	0
2	0
0	129
163	82
6	34
24	1607
32	424
8	1697
0	20
334	25
5	891
0	836
0	833
0	519
0	750
0	697
4	0
0	356
1624	362
1174	2846
0	172
0	0
3500	208
0	203
0	0
0	0
220	116
0	0
602	70
0	70
321	3
24	867
888	870
150	0
3440	6
0	27
0	27
11	27
297	505
11	335
256	1
0	375
195	914
0	245
0	517
0	11
132	132
0	132
436	0
1	0
0	7
0	7
0	0
732	4464
342	4340
0	4463
200	309
0	146
9	166
282	2080
0	2080
0	0
1803	4
2891	0
15	858
0	513
2	846
0	0
5	0
15	0
1299	1729
15	0
36	0
20624	18
20	0
9	328
23	1283
190	1220
814	242
419	0
0	723
57	723
0	631
199	0
3	0
0	945
384	1763
0	789
9	716
15	918
0	992
2	1004
17	241
59	901
0	967
0	1632
46	1817
4	1817
237	0
193	0
21	28
0	28
0	10
961	143
0	137
0	20
0	11
5	20
794	298
0	418
0	36
2	14
0	370
0	105
0	359
0	0
0	0
0	0
491	109
12	1691
5	1494
7	1813
0	788
0	984
8	984
0	981
0	348
124	582
29	382
0	4
24	1902
0	2106
0	2107
0	0
0	0
48	1
333	84
0	35
6	20
0	2
0	64
0	0
11	50
0	33
15	30
0	9
0	0
63	0
2033	1509
16	1508
0	1
734	0
0	0
57	548
0	845
0	845
0	17
2	863
186	520
25	0
41	183
366	0
0	158
55	5589
2409	6927
1	37
0	19
0	100
0	6919
5763	14
0	2265
11	1251
2	1394
221	1948
1	0
39	0
55	855
0	193
0	594
98	882
13	878
75	154
66	154
804	1
380	334
0	107
0	272
802	1
111	107
93	40
9	7
9	100
1038	0
74	0
0	0
0	0
39	58
264	58
248	21
0	69
0	1332
187	1332
77	149
0	29
6	29
13	184
3	184
0	162
278	348
0	341
0	19
0	19
59	101
10	120
13	9
47	9
590	0
0	1
2	1
41	1
0	0
0	0
0	0
0	0
0	90
38	503
18	413
0	363
12	448
0	59
0	0
18	59
0	9
0	0
0	9
0	17
1419	581
9	165
0	518
0	1107
193	1309
0	113
28	1309
0	300
4	0
898	0
868	611
0	610
0	602
2	602
0	75
107	75
0	14
19	33
0	421
2810	1506
0	5
0	18
876	22
4	7224
21	85
72	37
74	256
66	2451
0	53
1168	2451
1009	5
0	0
0	0
99	1
4	61
0	34
0	61
1	38
781	0
34	1609
2	133
565	2254
697	2041
0	874
2	3647
0	914
7	439
0	477
31	3886
0	3052
1	3734
0	0
1615	240
3977	4721
25	4715
740	788
0	788
18720	29
5	6071
5986	6076
0	0
7	27
575	27
721	1296
2	1296
275	29
0	29
0	3039
0	3234
29	2898
7	2716
0	11
31	11
0	0
380	0
85	22
0	72
191	132
0	12
0	128
0	0
0	0
0	0
0	0
0	22
0	3208
0	3920
0	3944
0	3961
0	3951
20	3934
0	3970
0	7
0	7
0	0
35	0
32	75
0	75
211	8
0	534
0	63
0	63
4	291
0	542
0	520
0	295
0	542
901	857
124	854
307	1325
74	273
17	274
0	318
1396	367
0	179
0	0
0	0
0	282
658	284
0	21
0	23
5	9
93	171
0	0
0	35
46	37
0	37
2203	3
0	0
0	0
0	0
17	53
38	146
20	78
0	134
11268	1066
0	707
45	6
0	7
0	7
0	7
0	0
2	0
0	0
0	1198
0	493
167	1336
0	1312
4449	189
197	189
3788	1260
0	757
380	498
89	0
26	161
4	54
34	71
37	0
859	3501
0	3447
134	450
0	435
9143	852
1677	2691
0	1887
9	1002
0	0
0	0
0	0
0	0
0	0
0	0
106	144
0	144
0	4276
1336	4276
231	4
117	1
0	0
0	0
5069	343
2	335
0	22
96	198
540	1273
0	1273
2563	2838
21	0
411	0
900	0
16	0
0	4
123	106
0	106
57	0
192	0
0	0
0	0
0	0
0	0
1289	194
0	186
0	5
89	0
0	169
92	16
19	1390
0	2323
0	1981
426	0
0	11
0	0
0	11
0	11
43	0
0	0
0	170
106	170
12	1637
6	1604
0	1648
1452	0
0	13
0	0
20	59
0	46
0	0
20	12
0	25
55	25
1066	588
0	588
0	844
488	844
0	629
167	0
1669	272
0	524
0	518
0	0
308	0
0	1
0	1
172	0
0	0
0	0
876	0
1395	7
10	150
0	101
8	28
4	16
585	16
69	221
0	197
3612	1
8	315
471	315
5	4186
1239	7196
2	2008
2	1056
17	5670
0	4716
0	19
0	0
145	227
0	209
911	6
5370	1202
16871	15810
0	15781
60	5468
9	14
0	12
0	12
70	100
28	108
17	108
222	3
0	3
8	164
0	164
8	331
0	172
0	78
0	0
0	820
0	10
0	10
1242	1
0	54
0	0
0	0
32	54
22	15
0	12
0	12
0	0
418	0
0	92
0	37
0	114
0	114
0	114
0	114
179	217
0	51
0	216
1	8
0	8
37	240
0	208
1	278
0	0
0	0
0	4
0	4
0	4
0	0
46	92
0	49
853	7
679	0
0	270
444	341
3875	351
312	345
2	0
0	0
5680	9184
0	9169
179	1084
0	1368
0	1262
444	380
0	380
0	0
1206	165
0	165
0	0
0	0
0	3
0	0
76	2809
4	2843
0	0
0	0
204	0
0	0
920	8
0	0
113	449
0	73
0	449
0	422
676	0
0	34
0	36
0	39
0	30
0	30
0	39
0	35
24	887
0	93
3	887
0	0
0	0
57	36294
3587	40719
262	1
80	76
4	122
0	0
0	4
0	4
6	93
0	93
0	17
2817	19
0	0
0	17
0	159
25	159
0	0
425	0
1503	1670
0	1409
3	296
5053	7
0	0
0	0
0	0
1310	137
0	127
530	2951
6	2951
0	0
575	52
0	52
244	629
14	629
0	0
0	0
1673	67
0	63
220	1180
41	1180
100	53
0	53
343	0
115	388
5	388
1032	2
0	0
34	504
78	1152
2	1222
19	1167
18	559
816	562
486	0
517	0
133	2037
2	242
43	700
39	2047
0	0
504	180
0	180
9	0
295	0
1546	0
5	0
0	0
0	0
0	0
12579	20
0	0
87	332
0	74
0	332
8	0
1	0
6	50
0	50
2	0
515	0
14884	21
0	1
0	0
0	0
0	3
0	3
0	0
0	624
562	625
0	0
0	0
37	163
0	163
118	60
0	30
0	60
0	2364
0	1743
1126	0
535	232
26	232
500	260
0	257
0	248
609	302
0	12
897	85
0	83
0	15
76	12
0	2420
5374	3164
21	3149
151	428
11	428
288	233
232	233
40	0
15	2
0	1574
0	2106
0	153
8373	10878
15	10258
58	7343
245	0
8	29
0	415
154	415
5076	1388
416	1383
70	1383
0	3
6	2
6	5
0	663
231	663
95	0
145	389
0	389
0	126
154	126
0	45
0	63
1923	706
0	112
0	561
0	569
0	0
52	0
0	132
0	0
24	34
141	0
22	41
65	41
22	0
0	44
26	79
0	5
184	29
5	29
0	0
15	724
0	852
1	795
2661	1504
108	1330
0	1212
3	1303
0	623
4	1255
0	0
0	0
0	0
0	0
24	0
782	80
11	80
98	3
0	4425
64	708
0	107
7	708
287	216
8	0
88	0
5645	4
471	105
2029	2007
13	110
0	73
0	1933
1780	15
19	9
81	234
28391	29
0	0
0	2
270	68
0	68
0	0
0	3
0	3
18	45
355	164
0	0
93	2094
64	2089
79	2076
0	0
0	0
0	491
0	1536
4507	1683
3	59
0	143
19	610
5	548
91	581
416	564
5	209
0	70
41	136
31	0
1215	2090
0	118
7	0
0	25
0	392
0	383
0	392
2	58
301	449
0	103
0	289
6	489
1	310
16	1127
16	1128
11	62
171	3091
0	1102
8	3047
0	1468
643	3798
25	2826
0	3782
0	1695
1452	2282
1	1507
7	774
0	0
6	2
0	0
0	2
173	259
9	0
0	0
0	0
0	0
1	2
701	2073
0	2073
0	1947
9	1947
10	199
270	197
376	0
146	95
0	95
887	654
12	196
0	626
6	22
0	22
867	0
440	1
0	39
8	39
0	283
0	338
0	379
0	361
2084	2555
281	2546
0	0
7	491
0	346
0	346
0	12
0	6
0	109
4	200
0	139
0	174
7	282
0	24
23	0
0	0
83	215
114	46
11	1679
0	667
4	1529
14	1676
123	1025
8	1025
387	108
41	108
9	192
242	192
326	811
87	375
0	281
0	568
0	0
0	0
25	19
0	19
0	9
16	15
0	15
2	57
0	38
9	77
57	77
0	0
0	0
7	0
2032	1490
0	567
0	172
267	0
16	683
255	686
6	21
65	37
0	37
532	1
0	1
0	1
3020	747
0	747
320	116
0	663
0	222
0	189
2117	3003
0	2725
0	134
0	33
8	134
0	40
0	8
10	40
0	342
0	25
0	9
0	14
0	337
0	196
0	41
0	41
0	101
136	54
88	102
8	521
0	63
640	1379
23	1094
0	10
0	5
171	664
4	4806
0	4764
0	30
0	17
1	3566
0	3534
0	3611
0	3528
0	3570
0	3528
7	3528
0	3528
698	672
0	49
0	50
0	488
30	192
1	192
900	776
0	145
0	776
21	275
52	275
450	634
1912	635
43	0
0	34
0	11
0	23
0	0
0	5
0	0
0	5
3	13
0	13
0	0
0	111
47	111
10	14
0	0
31	833
0	270
2	915
0	23
0	13
0	23
3	15
0	13
0	13
0	13
0	13
0	13
131	50
0	50
0	19
527	2360
0	614
11	1554
0	323
6	511
3	140
0	140
4	1883
5	1974
20	74
0	23
92	1094
0	1561
0	936
0	0
579	4
0	285
0	291
0	273
260	267
0	257
0	269
21	278
0	10
166	310
1278	311
81	108
0	108
0	18
116	18
0	3432
3366	7505
1	7499
0	0
97	1303
6	1303
33	7
0	7
0	7
6082	10
61	0
32	119
0	25
0	119
0	740
205	5564
0	5407
6	5325
376	130
0	104
0	191
6	226
0	0
0	0
748	32
0	388
3	388
110	792
80	2940
0	2612
1425	2688
126	19175
0	5732
0	3936
0	17140
0	0
2689	5
205	33
986	33
701	2627
493	2627
0	65
240	65
3261	3127
7	5158
176	5510
0	24
0	7
0	24
0	24
2335	6
228	0
45	1809
28	1809
0	0
295	3998
0	3928
0	4022
0	0
2402	8
0	272
0	167
4	272
132	0
0	0
0	3
4	3
0	0
0	0
0	0
261	0
23	61
0	24
0	0
0	61
8	562
0	538
4	7
0	7
0	7
0	3
0	0
0	0
0	0
0	0
0	0
0	0
0	3
2	3
694	201
0	201
267	0
179	0
222	0
0	0
0	3535
5800	3537
2	735
2651	2717
0	1140
0	643
0	2399
73	1
0	2
0	2
0	2
0	9
0	9
731	1907
33	0
108	304
6	304
684	44
0	44
77	0
0	0
5	215
70	215
2261	182
0	177
15	64
0	28
0	41
0	26
0	26
584	401
0	401
50	269
1646	270
17	157
0	74
0	157
0	6692
3	9305
6645	9726
0	36
3	36
0	36
30	33
0	33
279	895
0	704
0	2
155	101
501	3327
23	3322
3278	899
293	892
5	725
35	550
0	223
7	1216
0	1291
23	1029
0	1347
3409	6
0	0
0	0
22	144
50	270
167	270
25	3
0	0
0	0
0	949
0	82
0	1030
0	0
5	0
738	185
0	187
425	291
8	132
12	290
209	187
304	320
0	0
23	0
0	0
0	0
0	0
33	1871
146	1843
34	13
0	6
0	7
769	0
13198	15172
18	12060
0	12059
147	15070
138	0
8	0
27981	159678
14	33309
446	130917
0	9042
1693	0
0	25
176	117
0	92
0	37
0	0
0	0
8	18
4	1010
0	1001
0	3
0	41
2	753
0	740
0	740
0	659
457	0
0	34
0	0
19	34
1843	361
0	360
2180	3618
56	3616
4778	4
18	0
1219	0
0	0
24	0
394	297
0	201
1	96
35	1926
477	1932
77	3299
254	381
7	175
0	71
5	0
0	17
159	0
20	51
0	51
232	0
0	38
0	267
4	294
16	136
174	0
166	24
0	24
0	0
0	303
1494	305
1067	1
0	3
0	3
65	1407
21	55
0	1444
0	1453
3	0
105	18
0	18
0	0
3	89
0	25
8	9
0	77
0	0
126	262
0	262
0	0
63	61
0	0
0	1
0	60
87	2241
0	0
1300	330
17	329
0	60
0	950
2	950
0	0
4629	4258
1706	1527
10	199
0	10
75	14
834	0
0	0
185	0
14	1354
32	222
0	209
37	1588
0	1049
0	1593
71	947
6	1488
239	0
393	2
602	2
3	50
3	812
41	839
16	678
0	257
0	300
1221	2
0	0
0	0
17	1808
334	1808
0	846
1	3
0	172
2	116
0	180
0	180
124	627
98	0
397	208
0	208
0	0
0	0
0	14
0	14
3	0
0	0
0	0
3375	2848
0	614
32	614
0	559
0	178
0	178
0	178
0	0
593	930
0	164
0	51
0	5
94	203
4	184
59	230
0	106
6314	4
0	0
5	0
252	4
4	0
0	0
14	41
1097	0
24	0
496	2141
9	394
2059	0
0	0
0	0
186	210
0	6
0	22
0	0
556	332
2352	4
0	761
0	1131
329	1131
405	0
0	2982
0	177
0	4545
2	4544
89	4527
0	4476
0	3250
0	3181
21	251
0	216
7	0
0	0
4	461
0	141
0	118
2135	0
102	285
1112	1190
19	1240
182	702
0	624
0	354
0	379
0	215
0	204
0	381
0	604
66	0
12	0
0	0
0	0
1658	1
218	2295
5	231
257	4375
374	91
0	74
0	59
0	749
0	126
574	858
0	140
12	103
4	4
0	2
0	4
64	348
0	0
820	6
0	58
331	58
239	20
305	1
79	3311
140	235
1062	46
210	4426
6	4065
47	85
166	209
30	209
0	0
186	34
0	13
0	21
3902	16118
8	5834
6	9544
0	15946
14731	24
121	1575
79	1586
3003	3
1856	2006
0	145
0	1900
2	792
1406	17
177	0
0	0
1827	3
3	115
256	115
159	379
16	73
54	324
0	707
0	385
55	368
0	640
0	690
303	0
0	26
2	26
0	22
285	26
0	26
0	0
0	0
0	0
0	0
0	1
52	0
16	22
27	17
0	22
1267	305
19	300
0	1
0	0
0	263
121	495
0	455
0	389
0	0
0	0
35	318
7	318
172	0
0	80
0	43
47	119
0	81
1983	84
0	0
9	0
3	0
0	6871
0	3858
0	558
0	10603
525	12895
0	10623
380	0
0	6
20	0
0	0
0	1
0	1
0	224
0	127
0	100
36	53
6	468
0	371
82	845
0	5529
3	5063
324	2841
2178	2
952	0
11	545
0	17
0	1863
183	166
0	760
0	1782
0	1685
0	1876
0	1863
0	16
0	16
0	16
5	7985
0	571
120	5681
25	7508
0	8
0	0
0	0
0	0
199	1
0	0
106	0
0	0
22	30
0	9
0	30
251	15
1	15
12	0
367	758
0	182
0	227
0	336
1	176
0	410
0	631
0	0
873	0
158	240
0	9472
4119	9477
0	25
0	25
0	0
0	0
8	18
0	18
604	1139
0	16
0	737
52	737
0	1135
244	2
1136	1502
0	1498
545	109
2	106
4	251
3	2952
9805	4120
1	1147
1238	0
24	37
0	785
43	785
33	52
0	52
0	69
187	172
10	277
7	277
87	0
0	0
18711	38
0	4
0	4
0	61
23	733
704	687
0	0
0	0
6	2184
48	0
0	0
2	0
26	430
15	10
0	93
21	188
0	281
0	419
73	0
0	0
173	301
63	301
265	1635
0	1632
0	0
156	19
0	19
285	0
0	0
60	0
7	63
58	95
0	81
773	2
17	15
0	15
0	0
4	208
0	69
491	89
0	83
707	325
0	325
0	0
305	0
0	3
18	15
0	15
0	0
0	202
0	99
4	351
3	196
99	389
0	156
360	161
0	0
5	544
7	544
0	703
108	703
1623	241
0	206
6	0
0	0
2	7
0	19
12	30
0	30
13	26
128	484
6	75
58	470
6	172
0	264
8648	573
15	0
17220	19
9789	3043
417	0
11433	4709
260	4684
206	1
656	0
262	177
301	12
0	12
2536	6856
0	2690
0	3063
0	4410
324	379
8	0
50	618
3007	0
3326	0
14	0
0	0
2	0
0	28
0	28
0	0
0	688
7784	1210
0	538
17	53
566	196
0	191
0	1723
116	1724
11	264
0	164
28	264
22	507
47	507
752	0
739	2
0	8
31	8
0	0
0	320
0	95
5	299
0	314
1777	55
0	54
15	72
0	18
136	274
0	282
216	0
0	0
1127	670
0	549
0	670
0	0
0	0
0	0
0	0
0	0
0	0
0	0
8742	19
1	0
280	482
26	450
3613	35
0	33
804	476
0	471
2	171
2	105
0	0
0	0
0	0
0	364
146	364
0	347
136	347
0	17
0	17
21	867
0	867
0	130
0	156
0	156
1	0
91	0
174	391
171	391
0	0
0	760
58	760
0	0
0	0
12	0
21	0
58	0
320	0
0	33
8	330
187	27
27	589
0	555
108	430
8	430
23	0
50	0
87	0
5264	8
1	355
2776	2
2057	886
4	38
1135	71
125	170
0	170
0	0
42	54
9	54
79	674
0	674
606	479
2	119
0	385
0	2139
6	0
300	2146
0	0
6	14
6	14
0	110
3640	1632
94	214
85	1693
133	667
0	0
14	941
0	845
108	860
192	1069
0	1053
0	1044
0	16
165	672
15	576
19	359
90	240
614	437
0	437
0	2602
0	2732
0	2869
0	2632
0	2624
2	163
196	0
0	0
19	1772
0	1772
266	159
0	159
98	1816
0	1952
0	1887
0	243
0	299
11	112
0	58
0	33
14	33
0	0
0	0
1	0
49	1102
11	1151
0	161
7	25
20	1168
1132	0
0	0
0	0
69	1077
0	359
0	72
539	1102
0	0
0	0
0	0
6	0
25	0
0	0
0	100
2	100
0	0
0	0
23	1163
297	1254
0	0
0	5
0	5
965	319
19	317
0	16
0	16
6	0
0	341
0	1399
6	465
105	1304
22	1402
0	13
25	13
0	0
9	0
6	5
0	5
3713	2103
0	2098
0	438
0	44
0	10
0	178
0	306
0	2209
0	593
0	415
0	1830
16	2385
0	2326
0	2330
0	2315
13	2211
0	2188
0	2167
0	0
0	4
0	0
6	4
42	810
0	153
0	101
6	810
19	0
5	0
2	0
3	0
0	21
29	21
5	0
319	26
59	26
0	0
0	22
187	74
0	45
0	41
85	360
0	120
0	254
239	1725
0	1421
1	500
0	0
0	77
0	46
0	0
0	0
531	0
1887	4
0	0
2655	8
222	0
131	667
0	88
15	667
878	0
0	85
56	2050
1926	2619
0	16
0	16
0	11
0	11
12	1211
111	1871
15	452
14	35
0	35
206	358
0	18
40	18
0	0
121	0
0	0
0	0
0	0
0	0
0	0
5900	5
37145	7376
0	7347
0	324
0	3
76	324
0	195
684	197
0	6
3	60
25	2
0	2
0	61
4	15876
245	15901
8204	15793
1690	1743
0	4
0	4
129	0
201	1230
0	1230
14	0
1912	1
0	39
0	15
19	150
34	144
0	465
32	524
11	0
230	70
0	54
67	16
131	359
1666	2
0	71
0	166
0	174
2113	359
5	353
131	35
0	35
0	55
0	55
166	3206
445	3206
13	13
29	134
0	133
0	130
9	257
636	258
453	488
0	305
30	35
29	6
1531	57
0	57
65	47
10	47
7	0
199	98
0	98
175	1313
0	1333
99	101
0	1209
0	630
1651	633
18	216
168	99
2	306
26	0
0	10
2	82
0	67
1393	1
453	0
1559	1902
0	1902
30	55
0	44
0	59
0	55
4	4
7	213
0	349
5	4
99	0
597	1
590	0
0	197
0	63
46	237
0	41
0	37
132	304
0	79
31	152
2	258
0	148
14	0
0	59
0	22
67	567
0	12
0	239
0	557
0	0
506	364
0	361
153	0
0	9
0	9
2926	35
37	34
0	12
0	8
0	65
0	26
16	68
15	0
0	3
1991	5
2	0
716	0
0	30
0	173
342	173
0	6
0	0
0	0
0	0
0	0
0	6
45	105
0	75
0	6
0	6
0	4
0	6
0	1
0	5
0	30
0	30
40	21
0	0
35	902
192	902
631	0
104	4521
52	4521
0	0
0	0
0	0
0	0
0	3
83	198
440	198
4431	1076
0	1066
361	0
0	1020
0	1003
0	1059
0	167
96	203
4	184
7	0
350	0
475	183
0	37
167	329
0	0
2475	5260
0	524
28	549
0	4956
343	2
8	0
679	111
28	851
0	486
271	4
18	384
0	132
0	7
49	1885
0	78
0	147
6	1857
751	264
0	264
386	1385
0	1028
24	748
43	122
12	122
54009	7111
0	7060
0	199
36	242
0	242
175	100
0	100
347	0
0	17
605	0
6584	7972
4	7965
42	1135
0	106
0	45
0	1135
0	509
10708	20
456	106
0	42
67	64
490	517
0	194
0	1079
26	168
9	1186
19	0
819	1
0	0
0	0
36	702
179	605
5	43
0	0
0	16
0	456
2	465
0	25
0	418
0	356
0	2911
109	3033
0	3813
0	3813
0	637
0	615
3	582
0	632
103	159
0	159
40	159
0	0
0	0
0	0
0	0
0	0
1557	3061
307	3061
25	250
8	110
32	140
1705	1436
266	345
2	1299
76	404
163	404
11	14
0	0
263	164
0	54
0	150
0	56
0	56
0	0
0	0
0	0
2	83
399	0
11	0
0	0
0	0
5695	779
0	234
0	234
0	528
14	210
0	178
0	213
762	1541
0	145
0	64
82	48
0	13
778	0
228	16
0	16
4492	252
25	250
312	52
0	1
2117	1
0	11
11	11
828	1740
20	1072
0	1512
45	1527
0	0
0	0
0	0
8	0
0	0
0	0
652	4
48	37
0	3467
0	1732
35	2696
0	2240
19	4104
136	3676
0	0
0	49
543	203
0	124
91	327
0	0
0	0
324	274
44	274
9	4
0	4
1810	469
0	446
0	91
0	23
225	228
5	0
167	108
0	108
0	0
0	0
2	7
0	2
0	7
0	703
0	482
9	604
14	2
244	0
0	124
183	124
13	1
168	19
0	19
0	119
2109	1048
0	989
0	0
3507	1788
14	34
0	83
0	2
760	129
758	1
0	0
0	0
15	1
0	0
724	0
7	7
0	6
2113	4
1410	1
662	1767
5	187
4	20
19	0
0	0
0	0
0	0
0	0
0	0
1103	5
0	869
233	2259
2348	2297
596	0
0	24
0	8
0	0
5	49
263	55
0	54
0	29
0	20
0	102
6	729
0	89
0	789
62	695
100	695
1690	1
10	181
0	1017
28	3894
0	3607
18	360
2	353
86	360
3	257
0	34
0	46
4	319
4	609
0	290
0	571
0	763
36	763
568	0
7158	63602
0	16521
2	17822
264	63994
56	49789
0	18
0	18
0	18
1085	3
0	82
19	82
0	0
323	127
247	126
477	1849
232	1849
57	0
548	2
56	99
0	99
0	0
9	0
0	0
0	0
0	0
0	0
0	0
0	0
0	45
0	131
48	134
247	0
414	0
0	129
32	0
197	126
0	126
614	0
47	404
2	398
4408	713
7	439
38	423
0	684
0	686
0	0
4	0
75	474
0	474
97	0
166	38
0	37
0	38
243	0
0	0
3039	1247
300	1246
0	20
12	464
750	484
6	0
0	13
0	0
99	42
47	587
0	587
0	17
165	18
519	0
0	0
0	0
0	0
0	0
11	1138
0	157
5342	4565
0	3891
1	3522
2	1660
545	410
0	270
0	270
17	3
32	7
4	10
12	0
0	0
426	0
0	0
1243	1
0	0
0	26
7	26
3135	973
0	1088
72	1126
2008	0
15	482
0	24
0	492
49	562
85	562
152	0
0	0
303	0
0	75
245	75
460	0
0	0
0	1
104	773
0	773
457	1250
16	23
0	0
9	23
3791	10
1885	339
0	287
0	32
0	11
0	21
0	59
0	32
0	32
4061	2
0	0
0	519
1000	521
0	9
318	91
0	55
351	0
0	20
0	20
0	20
60	1
0	0
0	0
0	0
686	0
0	7702
776	2287
2	3172
0	36
7191	8090
0	2837
12	1421
0	68
8	1377
0	100
5	132
0	0
0	0
25	416
12115	448
0	0
13	26
50	26
10	0
0	12
23	13
0	0
1	0
19	0
0	3
0	14
44	15
340	337
0	337
57	0
306	0
68	154
132	154
203	2
0	2
0	0
0	553
340	753
45	753
454	2
10	4
67	2
0	0
8252	21
0	528
123	1280
24	1280
218	97
4	97
0	9
0	4
0	87
0	87
13	309
341	473
0	236
204	1018
7	32
0	10
0	0
0	32
21	0
0	334
0	362
17	52
0	51
0	51
0	320
0	51
0	0
4	709
0	520
0	475
0	522
4872	3933
35	4153
2	4414
0	4424
0	4425
47	107
0	107
1084	4
1467	1608
0	1607
0	1137
14	6
173	0
46	45
157	14
0	709
2390	938
3	155
95	1207
21	500
13	333
0	44
0	29
46	304
0	304
3076	1
90	1521
0	98
0	22
0	1519
157	96
317	0
8	103
0	87
0	64
0	30
6	0
15	179
5	179
5	110
65	0
1341	1
93	7
8	0
204	646
4	666
0	657
0	0
0	0
0	0
187	0
63	0
49	0
0	10
0	7
1111	0
20	0
220	268
1862	2758
0	2441
13	2673
0	2708
0	2662
0	2314
0	59
250	73
0	73
1129	0
0	622
679	624
2218	0
76	0
0	0
106	13444
0	13509
0	13746
0	2492
0	13757
0	11
0	11
0	5
19	5
4	0
1723	1895
647	0
82	309
0	309
7	146
0	18
0	0
48	28
1	10
0	0
0	0
244	652
26	759
244	5623
0	1361
0	1300
0	1078
0	5538
0	44
0	41
560	57
10	133
1403	2029
0	808
3	687
4	531
12	619
32	561
9	1923
515	290
0	288
33	4
13	4
22	215
0	215
0	249
0	0
0	0
43	0
0	0
12	0
10	0
90	1818
42	548
0	1772
0	1652
1445	616
73	1333
2819	1339
1864	1
112	118
0	118
0	0
327	1034
0	960
0	560
1965	3667
40	427
0	779
62	405
25	414
0	1457
0	842
0	3354
0	4026
0	3912
0	1189
0	3331
0	863
1092	3
60	90
0	90
0	117
0	22
123	117
57	0
15	253
475	142
125	20
0	20
0	80
427	80
1	34
49	96
0	96
0	135
0	1475
0	304
0	1490
0	1574
1	393
95	0
613	78
0	77
0	0
0	0
0	0
16	66
12	66
5	98
0	11
0	9
8	64
0	359
0	351
250	129
0	129
1	0
8	275
11	7
68	282
112	97
299	391
0	58
1046	58
363	299
155	0
523	69
0	67
288	19
46	4
180	432
19	95
55	337
0	0
12	0
6	263
2	200
210	538
0	0
0	0
0	0
0	78
0	53
45	451
0	37
60	451
43	58
0	33
0	58
0	36
0	77
0	155
102	328
0	0
0	0
0	0
7	129
77	990
539	1120
0	357
0	84
363	180
0	179
0	179
4716	11
62	34
0	34
0	1046
11	1063
0	1064
0	11
0	3
0	0
0	0
59	10
0	10
462	0
0	0
523	102
0	102
516	55
1	55
0	0
4	0
0	0
763	555
0	555
6	199
0	135
0	852
22	852
2	52
0	53
0	14
0	280
1	327
111	351
10	354
0	0
0	0
0	0
0	10
318	88
0	95
78	131
214	131
78	32
0	32
0	0
0	182
520	189
0	825
1238	826
33569	20695
0	19461
35	15463
0	18985
0	8831
20	284
177	284
1	2
31	4
0	0
157	1
53	25
0	2151
0	2235
0	2265
0	1052
7	5
4	35
1	0
3	0
0	91
0	23
13	501
0	496
0	801
27	804
0	799
261	1867
6	252
13	50
6	1867
0	120
0	155
3	162
84	188
0	21
0	38
72	38
0	98
40	487
7	3127
0	3059
3	3274
0	196
0	194
0	117
0	196
0	14
0	21
0	7
0	0
0	0
982	3
0	0
9	170
0	184
0	183
2687	6
272	0
36	1853
17	1853
0	327
0	29
0	58
0	114
184	574
110	442
644	633
0	249
0	228
0	251
3244	1707
0	9
0	9
6	513
29	513
285	0
0	296
0	0
0	0
31	0
0	15
3	128
0	8
5	112
10	86
0	18
3380	22
65	698
0	701
0	682
4	0
706	3
0	157
0	157
0	573
4	1
0	32
410	574
382	1199
239	1202
0	337
36	0
1	8
0	14
0	0
43	22
0	0
213	0
6	9
14	18
0	9
0	11
91	893
5	893
208	97
0	9
0	71
0	26
5	11
90	1131
60	1131
327	152
188	0
0	101
0	198
0	82
395	198
101	12
0	7
0	12
1085	0
0	0
0	0
410	331
0	711
0	675
0	762
6	41
11	26
6	117
0	295
0	120
0	76
94	103
0	191
8	695
122	795
0	4
1208	226
156	0
4611	20
9	0
0	0
339	0
0	7
0	7
19	106
0	39
59	4
0	4
0	0
201	386
0	386
8	0
123	0
92	0
64	0
0	1
0	32
5	32
43	249
48	257
0	160
0	129
0	153
0	16
12	16
2317	9
3698	3
4	60
0	50
0	0
15	60
63	430
0	409
0	430
0	8
284	10
47	0
6	0
0	408
146	534
0	76
329	631
0	25
6	0
18	0
256	598
100	9473
0	9369
120	8899
26	8192
2	0
0	78
241	539
0	470
0	223
47	0
0	127
0	95
0	114
0	97
6	23
0	23
884	4
157	95
182	100
114	132
0	20
0	13
0	1
0	132
1649	2
204	167
0	0
0	0
1	0
0	0
5	0
122	294
0	294
0	16
0	187
6	15
0	0
20	203
82	12
9	54
0	54
815	0
0	0
1612	0
0	0
110	210
0	8
0	0
0	0
0	8
181	13
0	13
0	0
0	0
30	0
39	42
65	116
0	115
0	107
4	107
979	1074
30	1073
1034	0
649	0
0	0
163	0
0	0
0	106
36	106
0	912
275	7994
4	7994
118	125
0	125
85	202
0	3
354	0
191	2079
33	2079
8	0
0	0
49	26
0	43
0	9
0	8
0	18
0	43
0	0
0	0
207	0
16	0
1577	3
0	1
0	0
2	137
46	67
79	204
153	0
0	2018
0	32
101	2134
0	928
0	1024
1150	388
0	387
708	337
3	10
1	327
0	0
0	628
11	2975
0	1925
0	909
0	1681
0	1811
23	2449
0	0
82	802
6	802
3	42
0	161
3	796
0	517
894	440
0	440
2	19
98	19
0	323
281	467
0	305
0	28
0	152
18	726
0	138
800	658
31	4
0	4
0	0
16	0
0	112
774	115
0	0
4	0
1173	2011
168	0
0	0
107	40
0	0
9	561
1040	879
0	879
0	75
82	0
0	0
356	0
0	218
0	1830
0	1532
0	1547
0	1851
0	1671
0	1532
0	1664
0	21
0	154
9	566
6	336
39	721
105	542
75	1228
0	2310
108	148
0	0
0	2310
0	64
0	940
0	91
0	2946
0	3105
14	56
28	0
0	7
126	784
55	484
58	6
1251	4744
0	0
0	6
0	4221
0	4349
0	4254
0	0
0	0
0	0
3	5
0	5
0	43
0	209
504	209
0	111
125	209
110	510
2	263
25	1796
76	1810
3	0
5336	13
16	25
0	170
381	195
202	283
0	0
28	489
0	489
13	0
0	98
8512	110
0	0
0	4
0	4
5	81
0	99
4	132
0	0
0	0
0	0
8	35
0	82
14	116
103	560
0	17
98	565
0	4970
488	4970
0	1057
1512	1059
21	2349
0	2349
0	2287
0	22
499	22
8	98
0	15
0	34
624	1103
4	463
0	157
0	843
0	329
0	60
0	0
3	0
2128	0
0	0
0	0
14	0
4	0
15	0
39	62
0	11
17	11
58	483
2	483
15	0
922	0
0	0
1103	0
0	1240
5	89
0	1251
0	227
4	211
0	263
17	161
89	161
605	1
0	0
25	0
17	326
0	326
21	0
0	45
60	45
110	144
0	144
0	249
0	3
0	1537
231	2367
0	1617
0	1902
4	1566
0	1021
3	1919
1203	1
0	0
0	0
0	281
22	100
0	130
0	126
0	281
0	2
2	2
28	0
46	0
0	12
0	21
5	161
0	161
730	3142
91	3142
5	0
92	904
0	696
0	128
0	269
0	259
0	0
1510	300
0	277
0	277
0	293
172	67
0	0
0	0
89	0
169	0
282	50
0	50
0	0
0	0
1	43
0	16
0	43
0	399
97	466
71	5
83	5
1	0
136	324
0	237
1	179
436	0
2026	1803
26	1461
1354	1805
0	20
288	171
5	151
114	0
10	98
648	5328
0	3969
0	3934
0	2592
49	5524
1302	2
49	270
0	270
382	170
0	92
28	25
0	13
0	22
0	98
0	11
15	21
0	1
62	0
8	26
0	0
0	0
540	0
18	13
3	13
83	1
8841	15
8	286
14	349
0	107
0	349
1034	158
77	0
0	824
0	828
390	3783
0	0
0	3783
0	0
0	0
598	0
1423	0
0	0
5	622
3	190
0	79
0	0
1	8
301	573
0	201
53	247
0	247
0	0
1	0
198	363
0	259
0	95
352	0
248	93
0	13
8	0
277	833
14	74
0	0
0	805
17	843
62	65
0	24
589	0
98	145
28	0
110	4838
142	4975
67	371
0	371
17	0
0	510
0	509
0	373
868	1030
0	1762
0	1767
0	1210
0	4325
16	4198
22	3379
0	4324
20	4204
0	4384
0	1757
0	4346
0	1762
153	2941
11	2941
0	213
0	177
3	296
8	480
3	685
0	212
14	382
0	619
6	39
0	261
145	764
136	58
0	58
0	9
6	162
109	162
0	241
0	276
35	348
0	348
1167	1
1649	7
1	46
0	46
0	26
5	26
2	5
3175	169
16	169
9	776
11	755
0	746
5	572
0	466
0	322
0	776
4	519
23	0
327	0
0	0
0	0
290	0
206	7556
4	7556
5	205
25	205
0	54
0	0
0	0
1468	307
0	307
0	0
57	18
0	0
0	4
0	18
0	0
730	10397
0	6699
103	608
0	82
0	0
0	0
0	229
1099	832
228	341
0	337
0	735
153	7174
42	7174
129	6400
18	129
28	129
95	556
0	77
0	41
0	555
2	323
0	193
0	36
45	138
5	705
395	705
0	0
566	0
19	149
429	151
87	113
0	3
0	113
42	0
33	323
135	323
109	2654
0	2479
244	2629
892	592
0	0
377	1512
0	1512
25	15
799	1
0	4
0	4
2557	0
0	40
1322	10058
0	340
0	10060
4	9113
185	32
0	26
1	26
2385	793
0	62
1453	9
0	230
151	1552
0	1458
0	1605
1033	3
0	0
17	99
0	56
0	50
130	0
399	0
0	1361
0	1082
273	635
0	228
0	205
4	586
106	1134
0	1134
0	223
0	15
5	223
11	0
1358	522
30	14
0	335
0	277
3563	5
5	253
0	0
106	319
33	319
797	5
1462	1
837	63
0	63
0	0
17	0
0	785
0	703
2	1637
25	889
86	2293
319	3817
136	3793
0	84
356	2217
180	9
1952	2659
0	291
0	973
12	2706
0	2779
0	978
0	0
1392	0
0	0
0	692
2265	736
60	633
0	633
218	0
6	0
0	0
834	301
0	300
0	5892
0	1200
0	569
0	196
43	149
0	361
0	126
0	4893
3	4749
0	5786
0	0
6	56
36	56
3	16
0	1
0	15
0	336
403	500
0	164
810	7
1368	0
46	111
2	0
37	0
0	0
91	210
67	208
0	127
0	0
0	0
0	0
0	0
620	2
38	1515
61	1515
0	147
498	77
0	76
38	0
0	311
571	311
4231	2820
4	1207
0	2818
0	0
114	0
8822	10429
0	217
2990	225
11	110
17	74
106	0
111	110
17	8
1788	2089
0	5
0	2089
0	2057
35	2059
0	392
958	727
30	609
0	638
19	238
0	238
56	0
98	33
6	8069
5275	8069
2912	211
0	206
0	7029
0	7592
0	3697
0	7210
3	97
688	649
0	648
38	0
0	36
164	610
59	610
0	8
0	8
0	8
5	20
0	8
0	8
168	108
0	55
0	89
0	524
0	77
0	532
16	548
172	657
0	290
0	577
19	126
261	1412
3	1328
0	0
0	244
305	10486
20709	10290
0	11
0	51
0	2
166	62
0	0
0	0
2115	4
28	124
497	332
12	67
0	155
0	0
0	321
0	1595
5	791
210	1699
0	1100
853	1
0	0
7	0
0	0
57	0
1	1
0	107
0	34
13	107
126	29
334	516
0	516
228	670
0	177
0	155
15	0
0	262
4	4848
79	4961
8	5
0	5
0	5
95	0
500	0
33	0
0	20
0	0
0	1
0	20
5	20
903	2
0	57
323	94
0	47
7	0
8	0
0	0
0	0
124	442
0	442
1	36
71	0
0	325
0	668
143	731
0	518
0	275
61	574
0	13
0	574
39	0
1342	372
0	372
19	3123
0	3133
0	2704
0	0
180	1694
9	165
0	21
0	1694
0	4
423	1273
0	261
0	1262
0	1273
0	0
383	598
0	598
0	90
0	24
0	74
14	277
0	242
31	42
716	526
20	568
0	6
0	0
0	0
32	14
0	14
0	47
65	126
0	126
0	38
5338	9235
0	9
0	98
0	0
252	24
0	9200
132	278
0	278
426	719
0	208
0	437
0	100
624	440
4064	1
1771	241
0	152
0	151
0	158
92	1484
0	476
0	428
149	1484
0	0
0	82
48	82
0	2679
4554	2679
0	39
37	39
0	0
0	0
0	0
0	1902
0	3936
0	3808
21	0
683	119
0	118
0	18
1505	165
0	160
0	62
0	547
913	538
11	17
44	0
0	17
262	60
0	0
1	201
0	216
0	37
0	200
2	226
0	0
0	0
90	0
80	0
0	0
46	156
6	84
0	228
5	253
0	86
0	61
12	229
0	0
107	2147
37	2147
25	18
131	1851
24	41283
0	15752
177	5692
2168	45118
640	0
0	2674
7428	7177
257	509
2	508
74	402
5	335
3	0
40	232
45	826
612	801
1790	0
757	52
0	52
1979	1071
6	1070
17	53
0	53
0	49
21	15
863	1
32	0
0	35
0	35
9	0
0	0
0	253
3	307
0	227
89	21
492	77
0	77
176	485
0	81
484	0
137	0
4	0
0	0
13	0
0	3276
32	7077
6612	7740
0	7425
6	39
0	39
0	0
72	52
0	42
0	19
77	8
0	8
2	33
875	287
0	245
44	150
5085	13
0	0
16	331
0	67
56	1709
0	4
193	1709
2	304
379	5
3	313
774	137
0	135
53	0
166	33
0	33
1438	14883
35	14878
12	0
60	90
14	90
0	26
0	0
1	0
352	64
0	24
30	63
40	20
0	7
0	7
0	8
0	12
21	26
0	26
27	1015
0	1015
0	21
0	21
0	21
0	30
15	185
0	155
22	326
41	326
380	1025
0	1025
81	0
0	498
220	453
0	874
0	942
0	897
0	15
0	61
0	62
1593	0
2948	921
0	258
0	894
0	0
0	0
0	27
2	10
0	27
3725	4
0	10
4936	4693
1792	227
0	227
0	3
25	3
0	3
0	0
529	30
0	30
3	154
524	331
0	255
4	20450
30	26432
248	26898
0	10
6	10
0	134
35	134
0	0
2	29
1291	1
0	27
0	27
0	27
3	19
0	19
523	0
7409	228
49	210
0	35
33	434
0	307
55	1883
0	610
5	1883
0	0
0	0
218	9
0	9
6	1639
8	351
5	10162
8	12849
0	335
567	16189
266	1506
90	1506
0	60
0	60
0	25
0	60
759	4
30	920
0	791
0	190
1	954
0	0
27	29
0	29
1038	936
0	933
35	657
0	196
0	657
1585	5
40	0
0	0
401	0
2272	0
0	0
0	0
0	0
0	0
0	0
0	0
530	163
0	163
5301	21
528	1497
0	1324
0	1494
0	1324
5	4
0	4
1	448
0	201
0	113
0	482
0	485
1	382
0	155
0	429
0	421
1134	1
237	0
2862	7
0	0
893	855
0	640
13	314
8	0
101	0
97	6
0	0
1209	4086
3	4197
90	0
11	9
756	2
0	3
0	3
99	340
9	59
28	228
255	496
27	198
14	431
38	351
0	34
0	69
0	120
16	120
0	66
0	0
0	0
0	0
278	0
0	2
6	2
405	539
0	539
0	0
872	3
1	0
386	1747
79	1747
432	1
0	4
0	0
119	0
3369	4
21	1
0	1
0	0
0	0
0	0
0	0
0	0
0	0
1962	0
0	685
0	918
19	2496
15	2395
0	346
0	625
91	625
256	384
0	384
21	729
0	35
119	746
27609	3061
0	2189
0	835
0	93
0	71
0	84
0	87
0	83
0	87
0	0
0	0
0	0
0	192
0	281
0	281
22	26
155	0
479	314
15	0
0	0
19	24
0	24
1583	137
1	0
141	210
0	207
0	15
1613	835
0	10
41	16
0	6
0	0
0	0
0	0
0	37
0	258
0	4
0	4
0	3239
7	9916
3525	2932
6	9612
4	1569
230	0
66	293
0	242
0	0
356	0
0	221
0	86
3237	850
102	635
0	338
0	0
620	1517
0	724
0	540
0	1467
0	0
0	0
0	0
1572	775
12	39
27	0
0	0
2	0
0	0
10	16
0	7
0	0
0	0
0	5
0	5
5484	8
0	21
0	21
0	17
0	0
0	0
20	738
0	494
230	830
0	0
36	124
42	314
0	35
387	293
0	203
8	230
9	0
0	0
4	2
204	0
1	2
260	0
5	0
0	0
405	622
0	0
877	301
0	288
0	247
0	67
126	1361
0	0
358	1361
0	83
73	185
0	185
0	27
0	6
656	0
379	430
0	430
8	19
5	19
4	1077
6	1038
0	1017
3	137
0	137
0	36
0	19020
5	850
1035	850
0	290
30	56
19	56
94	726
489	726
0	23
1289	0
10676	5440
5220	2
224	1554
0	272
0	229
10	259
37	1580
0	4620
0	4802
0	0
2537	3401
0	388
0	3289
0	2815
0	2945
0	3289
0	3000
0	2632
0	3346
0	2642
2	3267
0	115
17	115
44	169
7	296
0	292
28	68
2	68
61	4496
257	0
146	1034
0	1034
0	573
0	478
168	554
33	0
6	1
0	1
50	146
41	146
0	7776
0	0
1154	0
0	76
13	103
2	0
19392	14
0	21
80	23
2	2
885	86
0	86
2	0
570	408
446	360
14	3839
0	3094
1705	889
0	889
103	1638
0	53
0	1638
0	0
0	22
2	90
60	5746
276	1964
0	1250
0	1355
1	1097
34	5533
0	179
0	175
23	0
1384	2
223	0
0	0
0	0
0	0
428	2
5960	7
0	116
0	191
307	268
0	178
83	178
6	56
50	160
59	108
0	108
0	108
5531	1870
456	1540
0	0
0	0
0	0
0	0
47	0
64	0
0	533
1	72
0	9
0	73
0	189
90	0
269	217
1371	487
112	4349
33	4475
106	4414
0	4405
4	3916
0	4394
151	56
0	22
0	12
0	34
0	179
0	57
0	173
0	0
0	38
126	39
203	1175
27	1175
7	0
69	142
0	142
3675	2
4385	5
10	406
0	386
2252	0
1342	3
0	7
0	22
0	27
17	34
0	0
0	0
0	189
1119	189
2865	1
0	55
0	55
2	55
0	0
196	7
153	7
83	0
1425	0
0	7
26	1443
19	1525
3	1431
164	0
57	2023
0	383
0	313
1583	2026
101	587
2	587
7	60
4	7
232	166
3	115
0	0
4680	3
0	0
0	194
8	194
215	2748
244	2702
108	0
0	0
3306	1
0	0
0	0
0	0
0	4
16	4
896	1778
4	812
444	403
33	392
12	141
0	0
16	0
371	1157
0	87
246	666
0	83
0	583
0	0
691	68
0	68
0	0
0	0
0	14
28	14
139	0
331	117
23	113
28	782
2	782
47	114
0	114
102	341
0	0
651	537
110	537
10	477
0	2314
6	2426
16	1146
1355	2864
136	2318
0	2376
200	2382
401	1712
71	1712
0	0
1652	0
0	0
1308	2
70	44
0	5
2	41
917	4
1502	168
0	166
2218	72
0	25
3	61
70	3506
0	826
0	3506
0	3273
183	4622
9	18
0	21
0	18
0	10
6	19
0	19
12	0
64	38
3	19
20	19
0	166
283	170
0	170
0	0
0	546
126	547
3	546
98	4710
0	0
872	2
470	3683
156	162
0	200
8	3744
440	163
0	0
0	395
0	0
7	32
5	24
0	8
347	1
44	115
0	71
0	225
49	467
0	467
6	9
13	9
104	544
0	0
201	4454
0	602
501	4299
78	536
786	1
188	1600
0	1599
0	0
4	0
40	0
0	0
51	4496
17	12
0	0
0	0
400	730
0	729
4385	1
5	32
0	32
0	30
0	30
128	19032
32	18752
170	19305
5	18691
307	22116
339	18591
42	1
0	0
0	0
0	0
0	0
0	0
0	0
247	859
177	0
0	0
0	0
43	0
14	0
4268	118
15	0
0	115
44	0
495	0
0	36
9	145
41	407
258	407
2056	2
0	537
144	537
0	0
1351	0
6	55
316	180
15	180
79	0
12	3
0	0
657	2536
20	1817
30	374
0	489
36	489
1189	1491
224	1494
0	514
4	3996
12995	3571
4	3564
0	0
0	23
19	2100
0	23
604	2
7	234
671	234
64	0
0	0
28	0
0	0
0	289
0	50
8	641
1	685
0	32
1	64
0	64
0	26
4	20
563	6
0	0
0	0
601	6060
4264	5807
0	0
0	0
0	0
422	2
11	28
0	68
226	210
0	193
4754	3
4440	10
144	0
97	4282
0	0
0	0
0	0
0	0
0	0
0	0
48	75
2	75
0	0
0	0
0	0
12	0
0	4740
0	4579
5344	1310
2	310
7	993
110	0
0	0
10	132
1531	132
0	0
165	4
25	0
241	543
0	152
10	0
0	14
11	489
35	515
0	513
0	28
0	28
111	91
106	91
2402	1
5	409
7	409
0	148
196	148
0	4
0	675
175	2116
1677	1983
31	1957
0	728
0	616
87	0
5020	224
0	215
1	0
686	3
15	943
344	2653
5	2653
511	207
0	207
0	171
0	173
0	6
57	6
0	39
0	47
0	169
804	228
0	33
28	565
0	574
0	564
0	98
0	260
2	260
719	1
0	2100
0	49
8	1214
10	13521
6	9266
0	13085
0	13219
0	0
20	0
0	0
1	0
6	0
0	0
27	82
0	82
80	23
578	221
0	159
0	218
53	0
47	307
0	307
2727	1
200	389
4	0
321	388
81	0
951	1
0	0
0	2
0	0
0	2
0	0
1358	0
2	5
166	3940
327	3940
891	199
0	101
28	101
0	1247
491	1247
564	28
6	56
0	9
0	22
0	56
0	0
0	12
4	12
5	12
0	12
6611	3170
0	3169
52	2578
7	1114
3	996
3	1149
0	858
1328	679
6	369
17	665
0	187
13	189
626	3148
0	1063
0	1631
0	0
0	0
0	0
6812	8
109	269
67	0
169	83
0	23
61	281
0	65
0	4
2	42
440	111
1828	473
0	220
0	253
309	513
41	444
1648	0
0	269
0	39
9	653
0	159
0	610
0	325
0	145
0	145
41	428
0	195
0	65
1	31
0	65
0	180
1	2655
2491	9067
0	4973
0	0
941	855
0	855
474	0
1643	1081
119	0
19	0
69	2768
138	372
0	22
0	96
0	56
0	2768
104	1362
76	524
0	31
3	31
41	493
1244	704
0	180
12	355
139	355
234	7045
1872	7046
0	4
662	6860
0	3985
3	0
2	82
0	46
155	0
0	117
0	86
0	114
0	104
0	96
0	104
17	94
0	16
0	21
0	21
0	452
0	1046
0	1040
0	355
0	191
0	65
26	0
0	143
0	143
0	120
895	161
0	161
79	102
0	82
0	15
0	98
0	98
0	283
90	283
2955	3750
42	385
0	86
6	166
0	18
8	159
2679	6
0	1683
0	1045
822	1700
50	0
450	0
0	0
0	0
831	1216
0	0
0	0
0	0
147	0
0	1047
2552	3180
0	3178
1	9
0	9
333	445
3	223
0	407
68	95
6	95
1	508
7414	510
906	21
0	21
85	111
5	131
1354	131
45	8013
2773	5358
0	6462
0	3509
0	374
0	4064
0	4019
0	1909
0	1142
345	1739
0	374
0	12659
79	12659
278	92
1	25
0	92
0	0
29	0
383	0
0	47
169	439
107	36
373	280
6	280
425	2848
0	114
0	115
0	2612
16	2701
0	0
0	4292
2045	4295
935	494
0	494
30	121
0	508
0	508
244	995
7762	1001
0	246
32	1055
0	968
4	120
0	62
752	183
48	0
0	0
0	0
0	1527
0	27
8	1650
0	1563
0	1620
0	1607
0	0
0	0
0	0
21	72
0	37
4	34
0	0
33	185
0	185
0	76
0	0
0	0
0	0
0	185
0	188
3	0
58	4
0	4
84	0
98	445
134	2328
11	0
273	1434
0	26
0	66
0	1434
7	330
0	330
849	1329
4008	3808
493	1537
0	657
4374	8
104	1232
0	39
0	0
0	24
27	1232
0	0
0	0
192	141
5	9
0	21
0	172
19	191
35	191
0	0
0	0
222	371
1560	13
427	3634
0	3634
0	1349
115	1349
9	156
37	85
1056	621
0	401
0	538
9	58
0	58
1147	0
0	398
0	583
218	1335
0	480
0	1316
1187	5355
0	5355
8	2
0	2
15633	3763
9	0
0	45
0	24
0	33
260	0
15	76
0	76
3	0
0	466
3	121
16	773
4027	1381
707	0
0	0
0	0
0	0
7	0
40	26
0	6
0	6
0	0
9	222
0	222
0	0
994	1
3650	8
11	18241
76629	18475
32	4203
77	61
0	73
5	44
1407	0
0	547
202	547
39	152
4	298
0	2
0	2
29721	3895
0	3838
92	800
53	137
194	761
4352	8
512	1460
32	1450
0	0
0	184
155	184
2567	277
80	274
31	86
0	336
0	209
0	0
0	0
0	0
0	0
0	0
60	1
65	151
518	151
677	0
0	7
8	87
0	87
476	0
9	29
70	29
2	0
0	29
49	0
0	0
0	0
0	39
37	36
0	6
0	45
0	39
131	203
0	203
30	199
0	139
4554	339
2112	8375
0	8362
0	1413
520	296
552	470
0	470
83	74
0	42
9946	7
13	329
0	115
0	270
0	317
0	0
0	2488
2637	2481
16	801
46	578
1897	1633
123	72
0	7
0	51
0	1630
29	75
377	621
0	621
1594	227
0	25
0	1
0	1
0	9
0	5
55	182
0	177
97	0
13	595
2	595
0	0
49	0
0	0
0	0
0	0
0	0
0	0
0	678
561	678
20	67
0	23
0	9
0	67
35	2
0	2
482	0
2209	1604
4	290
0	0
0	156
1093	5653
3	1140
19	399
2	5108
381	0
524	461
0	40
0	421
20	24
0	1
0	0
0	78
0	22
0	62
0	84
0	85
50	119
305	179
0	15
13	72
0	0
249	48
58	2758
9	1682
1048	2762
23	1551
2237	644
0	640
0	754
0	834
12	19
0	19
2204	1
126	5
1082	0
745	734
0	732
205	386
0	556
243	1348
337	2209
20	11164
155	2596
7	11307
27	11183
45	0
8	0
83	310
0	338
40	358
81	6
0	6
17	36
0	36
0	36
0	371
2553	286
210	273
7978	4771
4	4757
5	465
93	175
149	514
28	155
4	160
0	160
9	0
54	269
0	268
3927	1411
0	215
34	1191
6495	1
218	0
19	460
0	418
38	98
0	98
0	98
0	151
0	15
69	140
0	581
164	581
2218	1
398	141
0	141
0	136
58	200
0	198
131	95
43	443
35	443
413	2
1368	159
100	0
74	158
0	151
0	12
0	97
1337	9133
116	9167
0	2
0	0
0	7
0	0
0	0
0	0
0	0
0	0
2529	457
0	456
117	1
148	63
5	63
0	381
638	792
0	775
18	81
1418	1387
0	85
61	742
246	1389
0	978
201	1370
4439	34131
535	35053
0	18498
0	0
0	0
439	3811
8	3808
11	3
7	3
1	2119
0	1526
19	2894
0	2437
0	2281
0	0
0	0
0	1042
3	39
249	1046
0	27
3	27
0	27
2154	218
0	217
560	246
0	33
0	213
85	27
0	27
13	6282
25974	15639
147	1032
6	13278
0	1282
0	132
0	218
21	140
18	73
131	100
0	27
0	496
44	496
177	496
0	0
53	1
0	203
81	936
0	122
0	855
407	0
1257	389
6	387
0	0
1352	1
0	3
8	3
5	5
0	0
0	0
0	5
1	5
0	5
113	0
101	1374
0	334
128	354
0	0
184	0
0	0
178	102
0	90
0	84
33	105
21	1553
113	0
1	0
622	450
0	361
0	52
0	5
0	6
0	50
0	50
0	38
0	50
130	853
0	108
0	226
0	1553
362	1557
0	1235
243	1235
4	0
0	0
1	32
0	187
0	231
604	418
0	204
1000	230
0	209
560	90
30	37
0	17
6	0
838	2
25	0
617	1
4	28
0	0
1195	1
37	1027
705	1027
23	295
0	228
0	1114
61	1172
464	274
0	18
19	18
0	10
0	10
2454	672
234	319
33	353
1151	35
13	34
432	482
0	172
142	1488
0	558
0	258
0	1480
4	8
0	0
52	130
170	696
0	0
0	637
0	639
6	708
2	0
27	0
15	0
85	462
0	462
2573	75
0	60
0	103
366	194
0	91
128	953
6	953
7	953
769	0
0	6
5	0
81	8069
9	7617
802	7836
13	21
0	0
0	21
2324	1259
0	0
0	26
0	5
5	76
12	9052
773	9052
81	0
0	1022
0	207
0	1315
11	1369
33372	40
101	201
68	201
276	189
18	81
7	187
0	0
0	0
0	0
26	60
5	0
0	60
67	129
0	129
0	0
0	0
0	29
0	29
6824	7
15	1
0	59
0	43
0	186
4	203
0	0
219	1721
9	1721
0	713
1281	1174
4	358
0	278
0	58
7	31
738	58
2376	0
0	0
0	58
0	115
157	11
0	11
1	0
1	4
0	4
0	4
1005	58
0	48
448	0
0	0
11	0
2	0
11	869
215	978
0	120
14	1115
9	631
76	632
2649	2528
0	824
61	974
4	0
0	0
15	65
26	38
0	65
0	10
12	10
0	1
23	34
0	34
0	0
0	0
0	184
365	184
1819	8
58	1254
3	82
8	1121
0	9
918	0
163	0
135	516
77	516
41	418
0	362
0	418
10	38
0	19
116	4
7	4
0	0
0	12
17	12
35	9
0	9
38	0
27	210
53	210
0	14
35	246
0	29
0	242
2	2661
59	2661
4	0
29	0
0	0
768	0
73	160
0	160
1762	30226
65	30226
55	0
12	65
0	66
101	312
0	312
262	1180
18	116
71	1180
2426	3694
1155	0
119	1889
21	1889
0	10
0	49
6	43
1707	3
0	0
0	1
0	1
0	0
960	3
1019	38839
346	6156
0	5929
14	39066
0	74
0	1025
0	2059
1533	2077
0	69
552	199
4077	13
0	0
154	245
0	245
29	8
0	0
0	115
1168	121
648	0
5633	4
101	21
0	21
109	1683
164	1683
16	0
0	0
0	0
1265	348
18	345
904	572
0	572
0	0
0	0
0	0
179	88
0	87
3	718
0	21
337	21
0	238
88	135
0	118
64	3
1462	2
59	13
0	69
504	82
63	871
0	113
26	871
0	36
0	84
0	56
0	165
0	37
0	526
0	17
0	80
10	2540
0	2608
0	2492
2	0
10	42
0	37
0	5
402	5817
24	5817
0	0
0	20
4	20
0	79
353	290
0	40
0	88
0	290
0	0
0	5
50	2804
80	24
1174	114
0	114
0	83
0	143
32	1633
8	912
0	912
61	1580
47	64
89	64
198	0
144	8
0	8
0	8
23	54
0	24
0	11
0	6
0	140
0	0
0	0
0	0
0	2714
0	57
19	2737
893	0
0	382
34	634
64	0
6	11
83	11
240	606
0	606
456	0
400	30
55	30
334	0
0	111
95	111
0	0
72	35
0	35
681	126
0	126
0	0
15	0
1413	4
0	11
108	11
1048	980
40	977
0	0
16	0
11	0
0	0
60	95
42	95
2792	896
34	4
0	907
0	893
5	408
308	53
0	4
0	49
193	0
63	445
3025	452
44	244
126	137
157	73
0	73
142	0
13008	7
5	113
0	113
0	0
9	9
157	0
144	3643
0	23
90	2945
3	3418
0	59
4398	6
0	0
0	1
0	0
0	22
0	23
0	23
0	23
0	23
12	9
0	9
0	18
4911	7
36	0
4	0
45	41
27	126
42	126
220	0
0	105
0	105
5576	5
806	158
0	158
18524	35
410	0
8	0
629	2427
0	496
0	546
0	322
0	29
0	309
0	312
0	312
645	2389
294	2388
399	0
932	1
82	135
0	135
0	91
58	398
0	110
5	23
0	53
0	2202
0	54
1702	469
0	469
1308	0
0	12
69	0
1071	1589
2	149
4	1455
58	804
288	4484
28	4435
3580	12534
7	12532
3	8543
76	0
421	0
226	0
127	27
0	27
1717	770
63	770
0	7
53	141
0	7
8	12
0	7
4343	10
0	0
83	0
1005	74
0	74
86	68
178	68
8	11743
0	4692
3	9777
29	9787
16	10585
24642	16439
0	9710
0	1939
133	1791
0	1255
1318	58
0	53
32	26
332	1406
115	974
0	146
4	1478
1269	204
0	1
0	0
8	6
0	1
0	344
195	344
0	16
704	16
0	50
372	50
0	294
0	216
0	253
0	380
4	224
12	16
0	1380
14	223
3	1352
729	1
0	7
0	0
17	7
165	0
10	275
0	231
22	380
12	380
132	1
0	5057
0	5205
37	5205
40	9
0	7
0	2
548	0
77	0
11	52
17	100
282	634
0	57
0	628
1204	1303
0	617
0	1288
1331	8
0	15
0	6
0	0
0	15
3	42
7	179
73	1022
43	1022
2598	2708
0	2708
114	0
393	1202
0	237
0	371
1097	4
414	733
0	891
1968	1261
0	1258
621	214
0	214
107	589
0	2920
0	406
0	6460
5	50
0	5676
0	5616
1442	6306
345	907
18	38
0	38
820	4
137	0
0	0
1108	0
2667	745
0	744
103	341
20	342
95	336
142	46
0	43
70	3
19	1013
38	1071
0	1096
0	1111
0	1015
0	2
0	2
0	0
0	0
0	0
6	0
0	0
0	0
0	0
0	0
0	0
0	0
0	783
0	657
0	792
0	786
733	337
0	334
36	0
0	13
0	0
0	13
0	20
0	20
889	1
98	675
0	675
58	28
0	28
14321	1340
0	0
3085	1
45	1610
0	1610
20	115
0	115
0	10
0	114
0	41
0	114
0	114
113	84
182	85
0	10
15	11
0	0
3	260
13	260
46	0
90	334
0	334
170	1
4640	6938
0	6937
0	0
278	3006
0	3006
0	6351
0	8452
3771	46677
0	37021
0	46677
45	0
1476	1
19	1
202	867
0	904
0	0
4	114
0	16
0	167
454	1683
0	1637
3	159
5	160
23	444
7	370
0	351
8	356
177	0
1	0
0	0
6	0
0	0
6	8
0	8
793	2
815	2
0	258
76	258
2	512
0	512
0	512
776	483
40	26
17	497
0	471
1	6
0	6
0	6
0	9
0	9
0	9
1143	937
140	933
767	0
0	225
53	5189
0	5016
0	0
0	0
21	637
0	313
159	860
0	753
0	329
516	479
7	0
955	31
55	288
0	268
15	257
361	273
0	3
0	0
0	3
3067	2
0	0
0	0
0	0
0	0
0	0
3082	5422
1	567
0	368
0	5221
381	5016
765	0
0	0
0	494
2187	1630
0	1686
36	1652
230	0
0	373
0	366
0	375
4	377
0	395
1351	1150
0	1122
1659	0
242	8254
2577	8255
19	2207
0	447
0	327
17	3924
1	3310
0	3726
194	0
2	90
1	90
196	0
1849	363
0	363
3	5
2	81
0	81
92	257
0	109
0	161
598	44
17	42
13	0
4	0
590	306
8	306
0	21
0	21
0	21
167	2579
21	323
49	2579
0	0
0	0
0	175
0	3353
126	3452
4	58
0	6
0	41
7	58
0	39
86	553
0	451
0	541
0	0
0	0
8	0
0	66
0	14
0	0
4	68
10	86
27	7
0	2652
71	2755
0	49
0	152
0	0
0	0
127	1971
49	1793
0	88
0	111
2	278
124	1497
57	1466
0	168
342	0
184	1303
1882	1303
7	126
0	14
15	126
1	1895
0	21
1	551
0	689
280	600
128	2114
14	2114
0	1947
21	1903
0	321
82	135
46	1618
693	2
1851	0
902	1877
4878	725
348	0
1638	736
0	736
0	29
36	0
4	105
45	523
0	523
18	10
0	10
0	8
491	0
66	1135
0	1135
0	0
0	0
0	254
0	0
1654	2900
0	2874
0	2856
257	0
582	129
10	127
183	18
0	18
31	215
14	31
0	206
1	30
0	100
302	100
0	0
0	0
0	0
0	75
131	75
284	252
132	252
1878	492
0	490
0	15
81	48
0	48
57	112
27	1187
0	1187
21	1022
251	0
648	0
1474	4
0	0
16	83
57	128
14	68
738	396
109	0
70	346
45	1600
140	1600
108	95
8	38
0	57
0	771
545	976
507	0
11	0
82	141
20	167
0	36
34	89
487	16
8	15
2624	1684
0	1590
0	1578
0	1665
0	0
0	0
0	0
0	0
467	37
0	37
12	0
34	0
3954	2
1724	21
14	32
0	32
409	5652
0	214
0	172
3432	2097
1	0
0	0
3	0
29	0
0	0
14	152
82	154
71	51
23	6
0	17
858	466
106	81
0	0
37	0
8	28
0	0
0	28
0	0
0	120
0	120
0	120
372	665
4	0
0	451
75	1225
0	1303
0	1189
977	1
608	0
607	4
687	43
0	43
133	1
43	15
0	15
0	0
766	770
39	764
15	76
962	485
0	485
0	0
0	0
2440	1751
78	1748
1035	9
0	0
414	84
0	83
3	0
679	0
4	21
0	369
0	126
0	544
0	238
0	78
4	563
0	989
0	16
330	16
282	0
15849	2028
3	1998
4200	220
60	218
0	0
106	0
1640	6
93962	83833
431	2
1	0
0	0
0	0
0	0
0	0
0	0
61	0
0	113
3978	114
3379	550
6	542
0	1141
0	1093
1	578
562	2490
0	32
0	0
5	32
20	135
3	66
0	19
0	12
0	0
16	364
587	364
893	0
0	0
132	105
0	99
0	102
0	60
94	60
0	0
0	0
9516	14
3	0
404	10
988	384
0	365
0	259
177	0
200	125
0	77
14	155
32	0
139	64
0	64
6	78
7	4302
0	4313
0	4145
10732	8
0	94
0	10
0	174
0	112
19	137
0	0
0	0
0	0
0	0
254	0
35	482
255	761
7	600
88	1
1	0
2316	9
153	178
1098	180
280	0
0	3
0	2
28	3
0	3
0	0
0	0
0	0
17	544
1	562
3127	8549
0	5883
587	10999
0	10999
2847	445
0	442
230	0
0	0
737	7
135	0
0	2
43	21
0	21
0	0
0	0
0	0
0	1525
648	4084
0	4110
0	4110
3658	12
1363	10
7	955
1386	845
0	843
51	729
7	729
1374	0
0	11
0	11
358	20
1588	213
11	212
168	61
5	61
1102	0
192	30
0	30
0	97
0	187
0	53
93	815
1	794
3821	3
3	0
0	494
0	478
0	533
0	517
0	484
79	0
0	99
189	389
0	290
13	19
26	19
751	102
0	83
0	567
0	522
0	7
0	522
38	564
519	40
14	40
0	0
0	0
0	0
0	550
3	465
0	768
623	1034
5	725
0	82
8	82
1199	5
206	328
125	18
0	700
270	701
0	26
0	26
433	1096
5	1
81	20
0	20
0	20
2	0
296	1129
354	1043
371	1042
72	270
16	270
138	964
0	964
5	556
294	773
3931	6
1005	908
0	908
0	0
26	0
1011	1
0	295
1622	390
0	0
0	1
7	36
144	36
5074	629
0	629
592	347
0	261
0	347
642	7
6	78
64	54
253	397
0	390
52	383
65	66
78	7
0	15
0	3
0	0
9	271
0	286
0	3
0	0
109	0
0	0
0	0
1294	2
117	54
0	54
97	20
0	20
9	907
5	907
0	0
0	13
0	70
0	13
4	70
14	27
0	0
0	0
47	180
812	2556
5	1262
0	2549
0	1504
3659	2319
0	753
44	554
48	637
440	662
0	662
81	155
19	155
6427	9728
8	20
0	0
0	0
0	78
0	2
0	28
0	70
0	6
0	6
165	0
91	14495
31	14497
0	606
0	10918
0	0
0	0
15	0
108	18
0	361
4	195
0	0
1077	2949
73	0
23	0
18	0
80	2315
0	2314
0	1850
0	2361
9	0
0	0
0	161
0	183
0	462
0	516
0	0
5	1839
81	1839
46	0
8	0
153	0
0	0
287	2185
0	1976
0	2214
0	0
1152	0
0	0
0	0
0	0
0	0
0	0
482	1
255	510
0	0
866	100
0	100
15	0
5	96
380	843
20	105
6	47
22163	20
10	18
0	18
3991	3
0	10
147	126
3	137
0	45
0	152
0	146
0	0
0	0
0	0
19	101
0	30
0	101
648	0
0	12
0	60
956	72
4209	8638
8	7828
45	45
0	45
4073	5
1768	0
0	0
0	0
0	0
0	29
62	86
0	168
0	15
0	15
0	849
67	715
3	995
3	1724
30	1706
0	0
240	0
57	59
9	24
0	35
1341	0
535	1431
0	112
111	1423
769	1
0	1677
2	7011
13156	8699
3	0
79	1931
361	2671
0	740
53	77
425	245
0	10
37	85
23	143
9	34
1	29
0	126
0	76
133	162
0	2
0	0
0	0
0	2
6	15
106	15
0	0
12	0
4	0
5	0
0	5
0	5
364	167
0	163
228	1537
679	1537
0	0
16057	15
48	75
0	33
0	40
0	55
0	40
0	21
1586	253
0	139
0	225
15	1
220	1
0	0
0	0
0	0
0	0
100	365
0	287
11	287
676	119
1	119
731	1170
4	151
4744	645
0	627
0	52
0	28
0	53
0	70
21	104
1	78
5040	3314
0	1
10	278
17	21
0	278
614	1
9	39
0	64
7	0
0	591
1879	2564
0	2544
5	2342
1288	496
50	48
7	11
0	37
0	0
6817	4584
12	4544
0	4544
51	4286
0	4577
0	494
528	792
5	448
0	300
0	752
2	322
0	707
0	489
790	835
0	228
292	2246
183	2246
0	0
229	103
95	45
5	45
0	1
0	1
1955	932
0	929
10	681
533	681
13	23
1236	381
0	348
434	25
0	349
685	113
92	113
0	0
406	3144
0	3144
0	0
0	0
0	0
29	0
42	65
125	1539
46	1500
19	1426
59	391
0	0
101	0
0	0
0	99
72	99
380	0
320	103
8337	908
104	0
2223	790
0	166
0	614
1928	147
0	143
0	1516
25	1459
0	89
0	2291
2	2228
317	2460
0	0
154	0
0	2331
222	2019
360	1743
6	247
595	247
0	0
0	0
1741	1
141	0
0	0
5058	181
2	169
0	39
0	37
0	5
245	2085
0	2594
0	5664
0	5715
42	2194
0	0
0	0
995	470
0	191
21	21
0	21
38	65
0	26
0	23
4	68
0	80
9	83
582	1951
32	638
0	1853
3	0
670	0
8	116
565	107
0	157
15	2612
43	3184
50	857
0	2209
0	2432
840	0
7086	1528
0	1524
23	366
0	364
632	0
36	49
0	49
698	4833
0	2238
17	3531
0	988
0	0
71	0
0	0
0	0
20	0
0	0
0	0
0	0
0	0
15	40
72	40
0	0
21	5
9	5
0	451
8	49
20	113
10	451
2521	381
0	379
2725	2015
0	551
0	310
0	1173
0	35
0	70
0	95
137	97
0	98
38	2942
30	2942
0	2268
0	501
0	4
0	1330
5	1643
0	923
3	1616
0	1114
987	1115
0	0
0	0
0	30
98	30
0	0
71	86
0	86
79	0
22	1
0	1
679	0
587	0
5	790
0	857
4	787
1	0
2	40
0	40
334	0
4877	418
0	411
47	1465
11832	1483
0	633
0	859
0	1641
922	0
3468	6
0	53
1	1026
0	70
6	1294
0	1275
0	565
0	62
0	49
21	120
28	90
0	78
15	94
0	1
0	550
0	507
0	454
0	176
0	31
10	31
2928	1697
35	1514
0	1429
4	0
8	0
0	0
0	0
0	116
24	193
33	202
1	1008
23	155
0	2247
5	50
32	2358
0	1008
0	1038
54	308
0	221
0	340
0	0
6	2
31	2708
0	384
2	2830
18	123
0	113
0	17
0	1
0	1
0	0
403	0
97	29
52	29
0	0
6	0
0	0
40	15
0	15
352	0
20	0
0	95
211	95
62	469
0	469
327	355
1681	89
0	85
4	1093
0	270
0	402
0	1223
90	1316
129	183
0	34
21	93
5	3
0	3
0	158
0	151
2	762
38	768
0	754
0	740
0	0
126	0
0	28
0	22
0	28
1226	2595
0	2591
33	57
5	57
12	25
0	25
43	9
0	9
21	9
86	12
8	0
0	3079
0	3397
0	1706
0	0
1422	1633
0	583
215	1422
1491	3
0	0
2768	1
0	245
10	0
9	245
375	36
0	36
0	0
13	0
0	0
0	60
286	61
44	131
0	95
2	131
586	97
0	97
0	1
1018	0
0	0
123	7
0	7
0	0
0	5
131	0
4	2
3	703
0	120
0	549
0	577
2	333
418	1218
12	651
3	294
28	350
0	350
0	0
3	0
372	417
0	318
0	419
0	415
0	0
0	0
0	464
0	956
0	1512
6	1239
0	201
0	115
76	201
0	0
9	1
0	0
0	1
0	0
0	0
0	0
0	0
0	1
48	0
0	0
0	0
0	0
9	144
117	201
0	437
248	638
126	165
0	165
246	1118
0	86
0	1118
0	258
0	145
0	419
100	677
3371	8
190	1000
0	1000
0	3
0	5
68	356
0	201
59	2925
2	4506
0	4244
0	9
0	14
135	0
931	4
0	292
2097	304
0	99
28	2229
17	2229
17	1951
0	1
52	351
8	352
0	352
0	87
18	289
23	315
0	20
0	0
23	21
0	0
0	1
0	1
3776	13
189	633
6	633
259	0
30	4705
51	3739
1	361
638	3978
0	4273
0	829
0	3744
119	0
9409	6514
0	6502
51	42
25	16
0	16
0	5
0	0
47	163
0	3022
0	3184
5986	18417
653	16779
102	227
67	227
1515	632
3	107
0	25
0	81
0	678
0	0
0	0
0	0
0	2047
9	86
8	300
296	2047
97	0
0	6
3	6
0	185
523	727
1	722
0	0
91	3
1	0
0	773
0	6166
0	6270
0	6123
0	6101
0	5984
9	5403
10	5977
0	6363
373	374
0	212
17	83
760	1797
0	1797
285	22
0	22
0	0
45	1041
62	1041
210	15
0	15
17	16
74	16
0	0
0	0
0	129
31	964
0	966
60	1
70	484
0	479
0	26
0	0
0	0
40	97
384	0
938	9
0	9
0	0
0	0
0	0
0	431
200	499
0	233
0	426
28	512
4	0
138	0
539	1113
1653	637
13622	7640
160	7619
576	64
0	64
0	113
799	289
22	113
0	173
2054	4
2322	4
0	11
24	0
0	143
0	82
0	143
0	69
0	175
3	168
0	112
18	585
0	163
0	592
0	376
122	0
11	0
1780	6
114	552
0	175
0	637
13	745
0	579
1648	2
792	0
18	121
0	0
0	0
0	2
0	2
0	2
0	76
0	39
0	0
0	136
38	136
13	0
0	0
0	653
0	444
11	607
25	796
0	1018
24	846
11	904
13	4144
13	4242
12	835
87	0
41	451
0	119
0	451
283	413
66	412
1236	0
315	0
9	0
932	35
170	0
486	269
0	27
1	295
0	120
513	120
41	509
0	509
2929	0
6	0
3	0
0	228
743	228
485	0
37	1
3	0
0	0
5	0
6035	3
22	384
0	498
8	99
0	544
165	4091
1	55
28	527
188	4118
0	1843
110	1843
198	1843
0	152
0	3
0	144
0	150
0	152
857	83
72	85
613	3748
5480	3758
0	1
0	17
0	16
1199	2126
0	119
32	119
0	1196
0	429
2205	1200
4834	2961
8	2956
25	2945
165	78
46	0
0	78
0	0
2102	3
128	544
503	435
0	349
0	520
0	290
23	1782
2213	2419
0	2391
67	1788
1237	0
0	0
85	2295
23	1225
0	54
15	1219
28	2226
0	56
0	72
0	61
8	96
59	1012
0	223
1	947
1	576
0	0
464	2528
6432	11
0	1858
0	0
0	0
58	0
9	0
0	31
0	39
0	0
0	6
44	39
0	35
0	184
1205	928
34	734
2603	2
0	103
1445	1933
206	0
25	832
11	832
4025	9
584	298
0	298
0	22
0	22
74	734
751	734
0	0
0	51
32	139
227	242
0	3
0	215
65	232
675	233
0	0
4096	194
0	6
324	1055
0	1055
0	0
102	197
0	197
0	16
1	48
0	70
0	48
0	70
0	70
252	0
2015	485
2	484
53	1335
0	1335
577	0
0	0
95	0
495	1
11	0
0	0
0	0
0	0
0	0
644	0
0	13
0	0
0	0
173	206
20	64
0	205
57	841
169	841
23	72
552	64
0	64
30	164
292	164
202	485
6	1
0	484
116	0
107	678
0	650
0	647
0	705
0	689
9	376
1	15
1	376
4747	6
367	0
0	40
22	40
22	0
71	0
14	981
227	981
0	2
0	2
0	2
0	61
0	105
0	88
1	78
25	1591
0	1591
2686	4
40	0
987	2799
0	272
0	1697
38	482
0	1810
191	327
0	2635
6	2750
0	2635
0	2563
0	83
24	83
2	1
0	1
0	4
0	4
21	449
3	208
1809	512
0	78
0	56
0	239
11	239
6	0
81	379
108	541
903	2598
1	2627
2278	1
0	120
0	107
2	928
8	928
0	0
0	0
4	0
0	0
16284	8461
385	589
0	151
34	449
1	449
5	69
0	69
1531	0
315	0
313	454
0	126
0	157
0	453
5785	3
0	0
0	0
0	0
0	0
0	0
317	0
24	0
0	0
0	197
0	104
0	7
68	45
990	8
0	1
116	0
5463	1034
73	931
472	0
22	0
13	53
0	53
1559	3
771	0
0	31
0	2
38	244
261	231
19	2681
0	2681
41	217
0	210
0	210
0	224
0	210
26	1304
3596	1270
38	239
0	43
6	228
0	242
430	84
0	84
568	0
2	204
61	204
0	0
0	0
35	61
18	903
123	190
1933	1
0	115
742	117
18	185
18	176
0	65
268	0
0	104
0	197
7	101
198	2
4	0
201	3308
0	252
32	3157
184	245
0	245
7252	362
20	360
286	1238
1	56
3	1222
72	242
156	0
53	0
0	3
0	3
835	2
0	661
0	377
0	50
0	15
709	1812
12	1528
0	610
83	610
0	0
0	0
0	193
204	1515
0	1590
0	1542
358	529
364	530
2280	3438
0	120
0	371
0	0
1100	245
0	16
0	244
0	0
0	0
0	7
19	4526
0	4526
0	248
3371	4483
39	0
0	0
0	0
434	3440
0	3439
0	935
4234	7
159	0
5	0
4	0
7	433
0	288
420	421
0	0
0	8
0	15
0	34
16	363
0	0
1	0
0	4
4	13
0	7
1476	3
0	0
0	0
0	1449
0	1463
4	1484
1	1494
0	912
0	0
486	247
0	245
12433	5872
21	5863
141	1048
275	1048
83	6
0	6
7	47
1441	52
0	0
0	0
0	0
0	764
0	314
0	764
0	314
282	764
18	318
27	12610
0	178
0	12722
0	264
48	2917
1371	2956
0	216
6	0
52	0
623	0
39	588
0	588
23	659
733	11078
47	5790
83	5001
32	10801
20	22
0	686
24	4291
0	4251
3	4267
5	4319
0	231
0	186
0	188
0	168
79	0
0	0
0	0
4	0
2245	2720
56	976
0	2720
3451	0
0	0
9	0
25	1093
51	1093
74	0
390	1345
0	1345
357	0
26	416
1518	423
0	0
0	3
0	3
0	3
0	3
1	3
6	575
14	429
9	577
0	252
1	262
20	301
2	272
0	242
42714	50
22	60
71	60
0	16
2	168
21	731
37	731
6	42
57	606
0	0
50	96
0	43
25	0
2	4
0	0
45	46
0	46
11	1198
32	1198
0	1198
37	2456
610	2456
0	0
4	153
562	316
0	146
26	2229
0	109
1	119
158	2166
0	0
0	9
0	5
7	21
0	0
6620	2185
0	2173
0	357
160	510
0	504
48	515
8	515
3	15
0	64
114	79
22	81
0	76
0	85
0	0
132	0
1440	643
0	643
918	2290
157	2290
0	0
2	0
1683	25
0	23
4055	6
0	0
51	3
8	867
12	919
0	709
0	730
0	582
0	520
0	5
0	0
0	8
0	0
0	0
0	0
0	18
0	14
25	32
55	1219
458	1219
583	1235
0	1235
28	1066
0	1068
0	347
0	46
11	94
8767	16
1907	4238
0	1591
0	2634
3	1594
1084	8
104	4662
19	2479
736	1544
127	4376
3	0
0	19
628	1734
0	330
0	163
0	148
0	70
45	2050
273	0
0	56
397	1
0	8
0	0
0	0
16	14
0	0
0	7
0	7
0	18
0	0
0	7
0	2
0	11
0	11
0	11
0	2
5	54
610	54
102	0
0	0
0	0
34	786
1	786
94	782
0	782
2499	337
0	332
14989	36
5062	1431
0	124
0	492
3	1332
23	346
0	13
0	1051
0	2492
0	2477
29	587
0	279
485	4
4	3
4218	4365
155	4387
7	3236
0	3659
199	271
0	133
0	266
0	149
0	116
434	233
250	3873
180	3873
0	2
0	2
332	554
249	51
11	4
1	31
0	50
0	31
0	0
0	0
0	0
110	23
0	23
820	1324
0	1324
0	0
0	0
0	0
0	0
84	55
50	0
5	351
0	150
217	177
0	203
588	4118
221	2398
26	1592
0	907
159	1185
0	907
0	2853
2	3149
3	3187
8	0
0	0
286	0
0	0
0	115
464	856
5	0
0	497
0	497
0	497
0	426
189	0
0	33
5811	220
0	182
138	2499
0	563
549	2497
0	0
2	0
0	635
0	495
0	479
42	17
4	345
0	221
19	368
5	409
985	1553
50	1346
471	857
110	857
264	0
0	567
0	163
755	592
0	174
8	607
0	399
4	51
0	128
36	128
0	38
0	38
131	101
0	85
0	0
2083	784
0	783
6165	9077
1317	4
0	16
0	16
0	25
0	25
762	4
1712	0
43	31
9	0
12	7
0	7
0	4
0	0
0	768
0	856
0	746
0	863
0	801
2	386
5	386
92	326
0	373
0	309
0	373
2	0
24	0
5	0
0	0
0	0
0	68
80	560
0	447
0	443
0	559
0	146
54	164
0	113
0	113
0	109
0	691
0	276
31	551
7	551
176	632
0	632
70	13
0	3584
0	3614
0	867
755	4714
0	11
0	11
21	70
215	70
188	2363
122	3132
43	3011
8	5
9	5
0	0
0	0
27	68
1	56
1512	10923
47	10905
17	442
0	2395
0	10915
11	0
0	22
0	1431
2	29
51	1431
79	0
0	13597
4	9459
0	10210
10	13597
7	79
399	79
51	0
4	191
0	0
28	16
39	0
11	38
0	993
14	1384
0	1380
0	1416
2119	4
0	0
3	210
103	435
0	161
0	148
0	623
1874	623
673	497
0	492
5	0
0	0
0	7
20	7
240	139
0	139
1955	3961
0	3999
25	683
464	1
1586	4033
28	71
222	128
2	56
9717	12
34	3552
4654	3553
422	6
14	480
0	127
59	480
0	319
318	1254
0	251
0	953
169	300
0	299
0	66
11	66
588	1574
0	1574
410	0
25	5451
0	5451
0	11
773	11
2243	1317
6	1242
0	929
122	1871
0	152
0	1687
3	1851
0	4939
362	4939
1324	1450
0	790
0	1251
0	3
0	3
25	3
0	0
0	0
0	0
0	0
0	0
0	0
0	4
0	4
38	0
371	0
0	0
0	0
0	0
0	0
4876	2
0	14
0	14
14	819
1809	822
0	0
0	2
4	2
0	45
0	45
0	38
2455	108
0	76
0	32
29	16
0	11
0	16
31	791
67	791
9402	14162
3	6070
0	14148
0	59
0	5
0	59
89	0
417	0
97	1597
0	1597
0	0
0	0
0	0
0	816
1852	843
0	2398
2908	2399
571	476
34	473
52255	46
0	5176
2296	5196
7	134
59	195
0	554
0	446
234	555
609	1299
845	1300
133	30
0	8
0	22
0	1354
6	1354
6	1354
0	0
0	0
0	9
0	9
957	0
20	0
80	0
0	5
31	28
0	25
0	28
0	0
0	0
4	19
0	0
0	19
2414	2476
0	2468
0	4
0	4
0	16
0	486
11	490
217	1107
3	1104
0	253
535	2
0	3
0	3
0	3
0	3
0	3
0	3
0	3
0	3
0	0
261	1241
7	429
611	0
59	0
0	507
30	591
0	0
103	472
0	472
6	15
0	15
0	4
360	0
47	388
4	506
393	106
0	106
0	0
0	0
5249	12
0	0
0	158
116	158
847	1
133	1004
24	1079
0	254
25	61
0	14
552	336
0	21
885	0
4	517
0	303
0	59
23	501
4	433
9	21
0	21
527	2
450	0
276	298
0	254
7	271
0	257
0	258
0	253
0	250
0	277
283	0
0	0
0	0
5618	22
17	0
0	3
0	3
44	3
0	541
0	300
0	309
28	595
0	573
0	0
0	0
0	0
13293	4589
0	320
9	3982
249	1365
233	1641
0	688
77	82
42	688
45105	12715
0	1559
0	9677
0	0
0	1803
1114	1803
0	3100
7473	13047
0	2199
103	12985
2745	4
286	63
337	1040
2051	6
8	9
9	9
6	8
0	8
1341	5154
30	1702
0	4777
0	376
0	8
0	8
174	0
8857	20
3128	3
217	16
0	15
0	638
117	638
56	2411
0	2821
0	2923
0	0
941	680
1	680
0	0
0	0
0	1239
0	1005
0	1586
0	1557
1054	0
766	635
19	0
0	0
161	0
251	225
4	57
381	2685
0	644
0	2344
380	195
0	0
0	0
74	474
565	474
478	3
3	908
0	880
4	121
0	118
0	144
0	55
0	181
0	1378
3970	131
0	124
204	337
1	83
0	329
1255	1157
0	1157
28	1157
0	252
3	252
1205	1
44	2315
0	141
3506	258
0	218
1127	0
242	0
3	0
0	0
212	0
0	8
0	638
0	1390
49	1828
0	1829
0	1829
0	0
291	1296
0	1296
109	92
0	92
139	135
0	17
0	32
0	0
455	181
0	181
0	0
0	0
0	0
0	0
0	0
0	0
0	0
0	895
0	3998
51	3998
11	7
451	0
5654	350
0	340
99	0
4	0
0	0
0	9
0	0
4	9
0	137
0	441
0	463
37	0
1422	4
23	23
0	0
0	48
13	47
227	179
6	0
0	428
97	431
38	411
43	431
4	0
162	0
28	625
0	534
17	639
7824	387
104	375
25	0
0	826
8	826
77	605
0	562
5	605
9	16
966	645
0	602
0	42
0	358
0	344
1	347
17	564
0	683
0	4
3	541
59	658
128	0
0	0
0	0
0	0
1114	682
0	682
0	0
11	24
0	4
32	47
0	47
19	1644
97	19
0	0
0	0
0	0
0	0
160	98
977	0
118	291
0	29
22	573
0	548
0	579
0	529
2905	8337
1176	527
24	344
9	68
8701	2178
0	776
364	464
82	981
20	0
5	6
19	6
813	93
0	75
0	55
73	15
0	1
221	1
0	34
0	34
8408	9
0	0
0	0
5142	11
948	450
0	0
0	446
0	256
0	0
0	0
0	0
6	40
0	26
7	402
2	343
0	254
77	77
0	94
101	293
0	242
17	208
0	43
0	143
7	1053
2	355
1	265
7	1013
2004	0
5409	4628
2623	4625
168	389
0	117
4	389
0	0
42	32
0	32
1075	4190
168	4190
63	0
3	832
0	832
36	3013
474	3066
69	68
0	68
97	572
0	572
1728	1
896	0
233	8435
166	8435
1016	105
0	105
1046	248
320	245
262	50
4587	336
6	224
46	120
822	3
39	371
6	2960
0	278
319	2935
2633	1770
45	284
0	41
17	0
0	277
96	263
0	255
0	385
2040	0
1801	180
0	174
15	49
0	0
0	1319
40	1321
18	52
0	52
140	181
5	5
12	81
995	1564
0	1542
0	785
1611	785
0	44
7	19
1	44
20	0
9	0
605	1217
141	1217
1309	1162
3343	9
3	97
165	197
0	31
0	122
0	122
1140	589
0	588
0	495
0	0
0	0
3	0
970	3
3064	5
138	424
9	67
459	424
9	148
0	43
97	7
2637	8
0	6
157	6
20	20
10	3
0	0
0	0
0	0
0	0
0	0
69	0
0	9
0	9
22	9
421	5676
82	5677
0	479
116	479
141	3291
34	3594
0	2967
2297	1
33	1
1157	279
11	279
0	0
13	1718
5	1718
0	88
3	26
0	14
0	87
0	0
0	0
425	0
156	0
1218	1777
0	1742
0	1775
0	1742
0	3
10	3
0	51
0	85
433	136
324	224
8	10
4	5
3	10
0	2
0	2
15	0
71	280
0	335
0	335
0	0
74	0
0	78
829	83
115	23
0	12
0	25
0	18
0	8
5	8
0	0
0	0
0	0
0	0
0	54
0	349
0	659
12	691
0	649
3	647
277	535
48	2757
7	2746
0	1380
0	0
0	0
0	0
0	2553
5	4
762	3248
0	2442
0	34
38	229
242	214
17	234
0	234
82	9548
2655	9549
0	6270
0	6722
0	4360
664	0
703	3
21	445
2	424
27	205
108	0
32	0
0	1313
46	3368
456	3127
0	2844
0	2492
0	2844
74	71
0	1191
0	176
925	1192
365	0
482	5
0	4
35	724
0	19
3	72
0	0
0	718
0	724
0	1
207	97
0	83
0	105
0	95
233	0
22	0
0	73
43	73
10	0
577	96
0	57
0	2
0	2
0	42
61	2
837	1261
1	2804
11	75
147	2804
7	50
639	0
0	47
77	47
3865	2
137	15
236	2523
76	252
0	114
0	0
0	0
59	0
7	0
0	0
0	48
0	48
0	42
0	48
0	9
85	10
196	105
0	56
593	0
0	0
0	0
0	0
0	0
2638	4
2133	618
0	616
156	230
0	0
0	230
114	15
0	15
8	502
2301	491
9	129
1070	0
91	0
1	0
123	479
31	239
52	269
0	37
0	20
0	265
0	0
0	0
0	0
4551	622
0	135
1	467
0	0
2115	106
0	104
0	3353
0	5094
0	2246
305	12229
0	12069
100	1
2773	712
0	705
15	697
24	665
0	552
0	0
264	37
0	0
49	23
0	23
0	0
0	0
157	851
0	31
0	851
0	843
0	23
14	23
0	0
259	0
397	509
0	0
0	0
82	109
7	109
0	0
0	0
0	0
0	0
0	0
0	9
0	0
0	0
0	0
0	9
88	1251
25	1251
0	0
0	0
0	0
0	0
9	118
0	267
0	139
0	240
0	0
0	0
223	0
21	25
0	9
0	16
30	21992
14	5622
312	10520
9	19555
0	18447
47	0
0	5
0	167
322	167
4464	4
3084	1
888	2511
271	276
143	442
0	442
0	10
8	15
42	29
21	29
158	109
0	109
0	0
0	0
0	0
0	840
0	125
420	839
63	714
0	0
13	6
0	6
0	13
97	0
8	0
5152	14
0	0
0	0
0	0
11285	1709
0	1686
87	113
2759	7
0	150
1	42
0	3
0	7
0	144
11	136
96	190
110	190
489	0
7	0
0	60
8	300
0	300
0	300
9	1
0	1
0	0
0	0
0	0
0	0
0	0
0	0
0	0
758	1
0	207
2128	207
0	51
18	51
34	3
0	1284
0	172
0	1237
0	1476
0	1292
0	78
9	1526
0	1796
371	2805
0	2491
30	2303
0	1644
0	2339
0	1573
17	0
5	25
6297	4088
0	64
0	994
0	1654
0	2620
3	0
1	123
908	2335
200	2332
0	14
3	277
640	432
0	423
6	97
47	2
0	2
125	144
11	139
0	55
0	34
60	34
1	394
276	398
0	0
0	0
28	0
0	0
1	3
0	3
0	0
0	25
3	963
40	976
4	14
0	12
0	12
0	14
0	12
0	0
0	0
3024	880
4	879
9	0
0	0
6	1405
0	291
0	1386
4884	765
9	20
0	13
0	7
0	13
14	38
0	2
5	40
419	1
24	0
339	837
0	837
51	834
69	834
544	0
201	236
16	256
0	0
3159	1765
0	1212
12	15
0	73
56	250
1478	534
0	533
0	1028
581	4434
79	4463
11	0
254	8
10	17
0	0
0	17
0	6
0	6
1336	9
120	71
0	27
0	0
3	0
0	0
0	656
1305	657
0	9
0	43
0	43
0	0
0	0
43	299
57	299
0	122
0	9
0	122
0	4406
14197	11204
0	885
1222	11472
0	337
3029	1142
0	330
9	707
0	0
17	0
141	3366
0	23
0	0
0	3366
0	0
0	1903
13	24
39	25
0	143
10	125
245	109
0	302
1539	302
596	3570
135	3570
4	74
2	103
12	105
81	86
0	86
0	0
0	0
3	52
0	76
0	76
26	0
0	0
112	195
0	192
0	0
0	0
254	0
243	1
77	110
1510	112
0	0
393	1421
23	1421
42	539
0	550
0	550
0	0
0	262
0	54
2	345
0	0
178	23
0	23
4	210
0	210
2389	5
1201	51
1394	0
1250	0
0	0
0	0
36	460
33	459
0	0
0	0
0	0
0	0
0	0
0	0
520	1060
0	513
308	0
0	0
1175	0
312	0
14	647
0	20
0	1204
2	1183
0	1205
0	2
0	2
0	0
0	2
0	2
11	73
216	375
500	425
3	0
456	0
79	705
0	48
0	677
2718	4
0	0
0	0
5	4
0	4
0	0
0	102
639	191
0	89
55	1094
832	1094
59	42
0	42
0	0
0	0
0	2
0	2
50	1412
0	132
0	115
39	317
0	53
0	372
0	281
0	1414
0	848
20	763
94	635
0	214
14	1616
10467	2567
7	1573
2	1253
0	1246
0	1576
2	82
0	28
66	82
0	388
107	392
0	0
0	0
0	4
0	4
16	36
1605	1
470	4232
146	1569
0	4232
0	0
0	12
0	21
5	22
0	33
0	0
6	5
0	5
0	5
489	56
0	56
14	11
0	11
544	1
3045	7
115	296
0	279
0	279
0	15
0	337
28	337
0	309
30	55
4	0
0	2
0	2
0	2
0	2
0	2
1933	2
0	244
0	291
11	312
5	234
491	0
6	202
18	74
0	66
195	181
684	0
15	2
0	2
0	2
1035	393
4	0
0	0
17	47
0	8
1	17
0	0
0	0
0	0
0	14
0	114
115	128
0	47
0	14
0	30
0	14
0	38
0	30
0	0
499	869
0	869
0	0
1309	3
361	0
0	90
273	1
35	3
372	426
0	6
0	51
0	338
0	407
0	25
0	123
6	123
0	98
0	4722
0	528
155	4722
145	0
174	0
0	0
0	43
0	89
10	210
4	219
0	212
0	201
0	0
2	0
27	495
40	2176
0	334
13	440
0	278
43	2073
0	179
0	150
0	179
46	321
5	167
0	301
3	300
5018	21
4	129
8	106
2	178
0	419
2	521
0	454
14	943
0	6
0	6
0	0
0	269
740	269
0	0
391	3
0	5
0	5
0	5
0	0
0	0
0	34
135	0
54	14
0	14
124	2373
32	2373
0	0
83	745
0	457
96	323
0	345
997	54
2	47
8	34
1594	6195
2279	6191
0	0
7	154
1266	157
421	2
45	0
0	200
0	26
0	425
0	84
0	623
0	639
147	675
25	643
0	601
0	601
10116	2378
0	2365
0	1
394	105
0	105
1	0
0	0
0	18
0	1
18	18
0	0
8	42
0	90
0	51
0	21
0	325
209	574
0	478
0	3693
0	127
0	394
10	3563
0	0
5	23
6	21
0	12
0	0
18	10
0	10
684	3209
8	2378
22	2302
0	293
0	0
392	644
22	644
137	0
710	0
0	1859
0	180
0	183
1018	1837
52	1605
0	874
0	1018
10	1060
0	877
0	3
0	0
0	3
0	1
0	1
304	0
827	6
0	0
0	0
452	0
33	3
0	3
80	61
2	3
74	3
37	448
0	451
0	451
102	3
0	37
0	0
0	37
0	548
30	542
0	478
24	1707
115	4697
3	4697
0	0
898	1
6199	18041
0	1706
0	1135
630	0
41	23
0	16
461	53
0	34
0	49
48	5180
11049	5186
16	113
0	5
0	19
8	2
0	0
0	0
0	176
28	103
0	258
7	757
2044	684
0	614
174	4
1551	7
0	1411
183	1411
980	10
680	9278
75	4305
196	9175
0	347
25	27
0	331
232	1055
7	1055
1080	0
94	56
0	56
2035	1507
0	1500
68	0
3	0
0	466
32	435
49	383
0	79
64	79
150	78
0	0
0	83
976	84
216	0
726	1283
0	402
338	814
0	814
2670	559
0	553
0	262
0	235
4	20
0	262
0	1003
0	317
0	2279
0	2307
11	2146
6	2183
0	2354
0	2224
0	2258
0	605
5	178
0	162
7	168
4	0
0	0
0	0
3	137
0	75
1594	219
6	589
5	589
384	28
0	28
18	3
0	0
0	3
1	69
0	70
80	347
0	67
0	103
10	91
1	882
0	882
12	0
90	307
85	307
427	1
0	0
5126	2
11	171
156	171
2	34
0	33
48	0
118	2773
2965	2773
0	0
0	0
0	0
203	778
2	786
57	786
0	382
0	0
92	0
0	63
14	63
74	37
0	37
0	16
0	1
8	1
7	1
6	12
0	0
0	12
0	12
1	229
15	378
692	228
155	0
62	0
0	133
38	134
0	0
0	56
22	56
0	114
0	114
0	114
96	1
5	21
1877	102
46	102
286	2
68	0
3362	4082
0	4082
0	298
0	279
0	303
0	298
10959	2791
0	2775
1728	150
35	59
15	86
15	3
0	0
79	8
0	8
237	0
0	0
2293	2
247	1675
18	528
0	134
60	1789
6936	4352
2	4345
0	2719
371	2719
0	0
0	2
363	22
0	22
1991	34
0	32
0	518
0	36
11	0
0	431
48	426
3	1
0	498
0	25
1669	288
0	129
0	210
6	215
0	108
0	10
0	61
10	61
0	0
0	0
0	0
257	189
0	188
0	189
24	703
540	1028
454	1009
5	1045
1356	1130
111	23
0	23
491	0
0	126
0	116
32	338
0	106
0	0
162	0
61	22
0	22
38	1490
84	1495
165	0
0	0
129	284
4	0
1103	2487
5	1909
1092	328
18	1199
5	70
0	60
0	2760
0	1506
0	362
13	10192
2	2671
0	6704
13	10315
111	10307
6	0
0	0
16	951
0	954
0	950
1045	547
266	228
0	531
0	531
0	491
18606	20
1904	48
45	45
0	82
37	0
35	82
0	17
295	5
45	17
6	17
22	0
5	70
85	70
0	406
13	644
0	641
0	644
1	0
0	0
0	0
0	0
1	0
0	69
134	69
1055	0
0	821
0	737
88	821
377	0
887	605
52	328
0	538
0	330
1180	208
0	208
1266	52
0	51
30	335
1	335
2	0
0	21
1132	1042
0	81
95	1059
0	0
0	10
0	10
0	13
0	3
0	13
0	25
221	1917
1128	1921
0	189
0	423
34	1554
406	1556
0	523
882	135
75	1361
634	2017
3	0
637	1012
0	69
0	170
0	0
0	721
0	1010
0	0
1	26
0	26
88	1996
4	1893
0	1288
0	2007
18656	18
0	268
172	273
0	418
17	333
0	0
0	0
0	0
0	20
0	38
0	38
3434	3
0	154
0	176
646	176
13	79
0	79
0	0
0	115
0	115
0	113
10	113
0	113
0	97
7	121
5	117
386	435
0	369
0	175
1187	1464
1	1455
5	0
0	2
4	2
672	0
0	0
0	0
257	135
3	135
0	354
3202	868
26	513
1261	314
0	0
0	29
58	18
1085	1096
0	1127
0	1109
0	1089
0	27
0	6
0	24
0	0
310	133
8	133
0	119
0	0
0	0
506	56
1135	0
384	0
170	0
2	7
0	7
0	7
0	0
0	0
1092	0
8	0
14	0
0	0
0	0
12	243
44	243
9	2376
8	8
0	8
22	0
21	0
0	0
0	0
0	0
901	1912
1504	1914
127	1264
9	1264
54	598
0	950
0	957
3	949
0	913
0	873
0	0
626	242
0	323
0	4301
0	4598
0	4693
66	3017
0	2
0	2
0	0
0	36
0	36
0	0
1458	237
18	237
0	59
0	54
2171	114
5	0
497	60
11	60
0	5
0	5
12	623
0	0
0	0
50	2
99	5035
0	322
8	6187
17	6249
4	6249
4097	6
0	30
0	156
37	186
140	832
0	36
16	74
0	832
0	332
35	519
0	492
0	0
0	0
197	0
70	190
41	190
0	2
0	2
25	26
0	6
0	0
0	6
35	0
0	0
0	0
0	0
0	8562
0	5018
28	8557
0	0
0	0
11	100
0	593
107	677
0	532
0	140
4	1417
24	1417
26	262
113	37
45	0
0	0
4	1139
14	1134
4	1111
18	0
0	187
0	5053
0	8253
171	8253
0	5057
0	192
270	192
0	24
3	24
131	143
0	68
0	34
0	150
11	0
0	0
0	0
0	0
397	470
0	0
3160	3500
17	3499
0	0
0	0
0	58
0	514
0	57
0	518
0	496
18	332
46	332
1549	1173
0	1115
0	0
906	1407
0	180
276	1379
0	0
270	72
0	72
91	193
0	26
0	219
13	1910
23	255
0	205
0	1874
0	1854
304	862
0	0
0	41
0	41
0	41
0	0
578	1
803	1475
17	1472
4888	3
5	283
72	283
37	768
13707	5280
342	4494
3	55
4	55
0	1
0	529
0	217
0	277
6	171
0	80
58	806
8	83
313	83
34	52
0	52
0	12
0	100
0	463
13	477
17	477
15	0
0	0
0	610
13	1526
89	1604
0	1604
1635	770
0	219
0	550
0	1870
0	0
0	0
0	692
821	968
0	306
58	2246
129	300
0	38
172	296
0	0
47	236
15	280
146	234
114	455
0	1097
1471	3861
0	3861
0	1566
0	1987
1591	2215
0	621
30	1958
0	466
5547	2075
13	2073
228	1497
0	1497
0	69
3	24
2	66
2976	1
0	0
0	0
1625	1
2981	908
11	633
0	608
309	6858
3	6234
0	0
0	415
0	416
0	432
0	427
0	1209
290	1209
8	0
0	352
0	59
26	369
0	84
0	0
412	0
656	14
120	692
7	59
0	37
132	729
947	7
11	8
0	8
14	0
84	118
0	118
0	0
3923	1117
28	578
0	535
11	5
0	0
11	0
2358	3
0	0
3132	2261
78	683
0	16
0	683
18	7
490	16
0	14
1968	4
2659	1
1570	854
5	0
53	2198
82	363
0	74
0	363
3330	3
0	291
292	597
0	0
0	9
91	9
0	13
0	5
0	13
431	0
1	17408
17	4349
64	3105
0	1373
302	2462
3	16749
0	16728
0	205
54	624
0	522
25	4
0	4
7	2242
0	130
314	3329
18	3329
0	0
46	243
0	739
10	739
0	0
0	0
1	0
0	0
109	2
169	288
0	275
0	27
79	0
0	205
0	205
5	0
991	0
78	117
76	68
0	68
0	27
15	0
42	1840
0	1889
3	1790
0	1812
0	1830
85	306
0	0
14	0
5482	4
39	23
3090	629
0	624
1833	85
0	85
570	0
0	0
0	0
0	0
3671	5
16	239
1374	3083
0	0
57	479
5440	1869
2329	0
27	1
12940	25
172	0
0	53
11	134
58	146
0	6
0	0
0	0
0	0
0	0
452	0
5638	1
10	1555
158	405
0	106
0	348
80	69
0	69
0	12
0	12
0	0
1349	2032
11	2028
0	2027
0	1558
28	1474
0	1479
372	158
63	158
0	627
182	3658
0	3782
5940	11260
24	179
0	179
0	179
4	0
424	1031
0	1031
0	449
72	449
0	0
4	22
9	2130
192	257
0	257
0	0
6	22
0	22
7	0
0	0
0	81
0	81
0	81
0	1547
0	405
0	2447
36	2447
25	0
304	69
0	65
0	0
0	0
0	0
0	797
0	1430
0	1455
0	0
0	0
344	19
0	5
2	52
0	52
599	2249
0	73
24	0
37	0
59	205
25	198
0	132
72	1720
12	1390
0	47
54	35
0	63
0	17
0	17
0	81
975	1870
0	3757
324	3767
0	129
2	122
9	88
0	381
12	381
1943	5
0	781
64	781
1156	0
594	0
0	0
955	236
0	0
0	102
56	102
208	1537
0	1264
0	1428
463	117
0	629
177	101
183	729
0	629
561	0
0	11
0	4
0	4
0	11
0	30
3	537
11	24
564	537
0	0
2609	333
0	17
0	316
204	205
0	205
5	2
153	833
26	167
12	177
0	760
0	36
0	36
4590	4432
6	4430
85	0
0	0
1516	708
0	101
0	245
3	381
0	1082
135	1082
214	0
52	195
0	195
0	0
2413	3
269	993
265	1254
3885	4
0	17
8	0
6	17
1	42
0	46
152	631
0	26
0	630
11	0
3	0
0	0
0	4
0	6
0	1
0	532
53	643
4	366
0	94
287	94
38	68
0	10
0	11
0	68
0	14
12	14
72	101
0	101
1148	1
0	0
16	0
1933	602
4292	7
321	2
0	558
0	546
0	44
0	435
3	518
1	133
0	56
0	279
0	476
987	950
0	950
0	972
0	8
0	1741
649	1741
2	20
0	20
2	15
0	0
271	1744
0	1870
4	1460
1308	134
0	129
0	51
46	1567
0	253
0	1556
1	1534
0	21
133	21
0	531
381	3246
0	1180
729	2837
0	454
0	1119
0	1265
0	31
0	7
0	3
0	17
0	4
0	25
0	22
0	6
0	2
0	2
0	0
5887	176
362	164
39	0
0	0
99	95
0	95
0	0
11	0
824	95
80	95
567	0
0	446
157	638
40	638
0	17
0	11
57	17
0	13
807	1598
78	1595
0	36
2	42
220	0
0	0
33	169
0	160
0	169
855	0
0	183
3567	187
109	0
27	75
1166	2356
18	258
4	136
59	2264
0	41
0	78
22	536
0	11
0	525
0	330
109	0
67	63
460	1526
358	9
60	1520
0	23
1318	3
961	0
53	834
0	137
0	838
0	0
26	2
0	2
0	6
17	6
0	36
949	1216
20	1216
660	2603
0	59
0	0
203	0
526	2603
287	0
0	4912
93	567
6072	4825
152	0
2	0
1187	676
0	95
0	106
0	103
888	3
493	0
0	0
0	0
47	0
4	0
0	0
666	0
0	0
1548	1
22	0
0	124
86	128
0	0
0	0
0	0
0	0
436	2
202	99
0	99
104	0
6	0
2	61
258	61
269	0
29	12
212	530
0	530
0	12
591	648
0	648
0	120
550	1034
607	1234
1	22
11	134
0	168
0	74
208	191
0	144
0	127
8	0
0	0
2	54
0	33
10	52
0	0
57	86
0	39
0	39
0	4
206	19
53	282
84	300
1	439
0	456
4	6
679	0
14	0
2350	102
0	100
0	19
8	19
5	366
94	334
236	0
2377	638
0	6460
9434	13959
7	10535
49	1337
0	1338
0	187
24	1349
78	107
0	40
0	107
19	15
10	15
8	30
0	3016
0	1631
5	5655
7227	7724
0	3033
532	349
0	349
3504	65
0	0
4	47
104	47
243	13260
23159	13311
20	382
0	344
0	35
93	40
6	40
0	6569
0	948
0	6509
0	6324
0	6230
1407	393
0	392
0	0
0	56
0	82
0	101
375	139
0	70
1	20
4	20
0	0
87	220
17	69
556	937
588	11
0	10
78	316
0	316
0	0
0	0
0	0
0	0
4	0
584	1593
0	1593
306	241
0	22
0	0
14	113
0	100
0	75
0	0
0	0
0	0
70	1360
1493	1360
1420	1008
0	0
0	0
1360	1
2211	3
0	1105
5	578
1029	135
1957	133
24	86
0	1
0	128
0	120
0	0
4	0
14	0
49	3754
0	3677
0	3756
0	3755
0	0
5576	3174
0	3165
127	197
11	194
0	127
265	0
0	13
0	13
0	750
50	87
627	754
0	0
0	0
496	1
0	0
0	0
456	0
8	153
312	236
0	183
0	741
28	744
0	744
0	19
0	22
0	22
516	0
1914	180
69	173
0	0
0	127
614	127
2	0
0	0
0	0
0	0
8864	8
15	0
363	523
7	3
82	0
0	0
312	2810
252	2807
232	131
9	2
1601	1896
0	1617
4	1695
9	697
174	1347
29	1033
0	738
356	4
0	135
0	26
0	131
2	130
1	99
0	0
0	0
0	159
0	826
0	3113
17	2853
153	2357
1	17
0	2340
0	0
529	1440
29	1635
1	6405
45	634
4	633
0	729
71	6347
17	1706
6	23
0	1805
5	796
0	0
0	0
1031	358
12	357
0	0
9933	4796
0	7
1	4
0	0
0	0
4	0
0	15
0	0
0	32
0	11
38	0
0	651
109	712
0	0
761	0
0	0
0	239
10	223
34	0
3	75
12	1121
0	1121
6	1104
2	136
0	0
6	1044
21	3
9	1975
1884	2404
0	806
80	431
33	6
7	184
0	0
206	1245
28	65
0	1071
0	922
0	1228
2835	1
276	120
0	120
0	0
0	7
0	7
0	2
5	2
118	4
56	7
0	7
239	870
0	338
9685	761
0	200
34	7809
474	9095
44	1471
199	1450
0	29003
453	26725
3310	5
0	132
0	3136
128	3374
22	2697
0	195
0	0
0	0
34	13
176	21
670	216
18	206
9	6
0	0
0	59
176	60
0	59
747	3158
206	3153
0	2929
203	0
0	0
0	0
0	0
0	0
0	13
0	0
0	13
0	29
46	2746
0	371
0	2621
8	127
2	20
0	122
0	37
0	4
0	0
0	37
57	0
0	0
14	0
4855	11
2019	1
600	8851
4	1403
0	69
54	8829
538	330
17	23
0	4
0	23
360	0
153	3301
0	702
2	2937
51	18
484	652
49	420
0	625
226	6
783	5592
0	127
0	2163
2	172
2	4283
25	0
1862	1
2353	13817
235	1512
0	259
140	13176
48	950
5961	2471
0	2368
0	734
4	14
27	882
84	856
0	25
21	858
3	908
0	943
59	24
0	24
0	22
0	22
0	7
1	11
0	13
0	26
97	44
0	0
0	0
0	0
4631	256
0	251
118	0
0	0
0	0
0	0
0	148
62	148
1514	270
0	0
7	269
898	1289
0	799
49	1217
729	0
0	0
457	2546
0	2546
11479	66159
72	65495
3489	1985
0	1982
6	0
636	263
40	971
54	971
1072	0
0	0
5	7
0	7
7	0
0	0
0	0
59	237
0	237
3	2
615	686
0	686
194	0
0	743
36	1006
2057	987
19	4745
190	7240
0	7009
11060	21
0	0
0	48
50	48
141	0
3	0
0	0
0	0
2	3
63	860
0	100
0	860
802	2
255	95
0	95
109	3537
0	3537
0	0
186	0
0	0
0	0
0	406
2001	409
110	1
0	0
0	0
2472	17
0	5
71	0
0	174
0	153
0	168
321	0
553	71
0	10
0	0
0	0
0	2
126	360
0	360
74	172
0	763
16	125
5	797
0	760
23	40
0	20
16	39
463	181
259	0
0	0
0	0
6	0
58	0
0	141
259	691
23	278
11	3
0	690
49	0
0	2892
53	2844
0	1056
481	67
0	2184
4348	3608
17	3521
1	3
80	0
0	0
0	6
0	6
0	0
20	45
0	16
9	37
2473	101
0	0
0	0
82	38
0	38
6	323
5	15
492	5
187	719
0	95
770	105
126	103
12	137
0	73
10	0
0	0
0	0
0	0
23	415
5	464
0	214
0	464
0	0
1405	0
0	0
146	591
0	1130
0	173
2410	1138
0	0
0	12
0	12
150	31
11	31
2464	848
0	791
20	55
64	181
19	181
19	961
0	268
5	915
4	128
81	128
0	20
318	2
53	2180
0	2360
0	1086
0	2359
79	518
34	518
43	1659
0	462
37	1434
4	0
0	0
18	0
13	15
0	13
0	142
43	124
0	130
0	132
0	0
0	0
299	167
0	220
26	260
0	390
0	219
107	650
0	13
814	376
0	376
0	0
21	18
0	50
1097	457
0	47
42	1
216	555
13	221
0	150
0	188
0	100
0	0
1916	5
1884	4651
0	4
0	0
0	7
0	22
0	22
221	239
2	1
0	239
3	239
0	587
36	626
96	658
0	70
40	70
276	0
248	240
0	240
0	128
0	128
734	368
0	368
98	617
3	635
14	50
2	48
0	60
34	198
13	181
11	134
0	113
0	134
55	0
25	236
0	236
213	146
0	3
0	30
1	68
3	68
35	148
2	0
346	171
0	315
21	27
0	65
0	4
35	65
126	76
0	76
210	1
5	0
851	73
12	0
0	1088
2	1088
0	0
514	0
0	0
10	0
67	86
11	86
0	760
0	687
0	696
6	807
0	8057
6384	8065
8	19
0	19
82	427
0	75
0	429
4	4
0	339
1	348
0	0
2	0
205	1
0	0
0	0
0	0
62	12
0	8
0	0
0	3
0	12
22	168
0	207
1263	1486
122	1437
0	761
0	532
0	289
65	6486
20	499
1	6278
2	0
8637	16
454	3
10	0
0	41
0	41
10	0
0	73
0	175
9	214
1459	4
271	0
49	0
0	83
94	84
606	2604
169	2209
31	49
8	49
1580	0
0	3
0	3
1	68
0	60
0	59
0	42
453	631
2444	633
163	1
0	2
0	2
0	2
0	3
244	0
17	26
25	26
0	0
0	5
46	39
1823	0
0	3
1241	2
0	95
0	110
599	207
141	0
0	640
581	950
0	547
0	0
30	314
269	327
0	263
16	73
0	0
33	1
0	1
48	1013
126	1015
468	3
0	0
0	3
1796	187
0	182
1519	0
37	861
11	861
0	0
12	0
145	0
94	423
0	423
0	0
0	45
2	1
0	304
94	574
0	524
0	0
0	336
0	327
8	143
0	31
0	0
0	0
0	0
0	0
1	390
5	58
0	98
0	21
0	12
0	531
0	521
0	0
0	2
65	4
4209	16
14	15
0	75
0	68
0	52
0	52
51	62
0	0
0	0
22777	3598
0	3334
1	384
0	3412
0	3175
113	418
0	364
156	184
0	74
17	184
10	0
2	524
13	437
0	524
6385	15
1	250
28	975
0	257
0	1079
100	1272
2	1363
1128	1569
3	1517
0	0
0	141
22	135
0	141
3419	2221
81	398
0	2218
0	88
2	183
0	183
0	23
0	137
55	165
0	51
0	31
0	19
8	31
0	187
216	187
5	11
0	11
0	256
6	3
0	23
0	68
12	706
0	617
5	689
0	0
0	0
1025	1
6	1
0	0
0	11
0	183
0	46
114	229
1	198
1296	862
2	244
38	884
285	54
0	51
0	0
5	0
12	1346
3346	1355
0	0
50	0
0	0
0	0
2276	0
163	10
28	10
0	21
2195	317
0	315
388	195
2	195
0	53
0	12
0	118
0	155
0	144
0	126
0	155
13	0
2444	1510
0	1508
4	0
0	0
369	660
3	660
413	40
0	40
44	711
326	720
2708	667
0	663
588	460
2	460
284	0
64	53
0	53
6	1197
23	64
86	1197
4214	10
3299	2997
0	8
0	20
0	20
60	1096
0	1141
2914	1607
0	0
0	4489
10	4053
1	1000
637	1866
0	0
9	0
45	51
4	0
0	51
3	0
7	21
498	2789
9	502
0	0
0	2789
4	20
0	40
22	137
0	120
1	3
0	3
0	13
0	13
376	63
0	63
0	2491
7826	2512
0	0
4	0
0	0
0	0
38	33
29	187
0	187
0	172
1278	933
0	930
597	197
0	197
0	611
230	2511
0	7
0	7
7	0
51	125
0	125
14	21
42	21
76	108
0	473
166	473
2	287
117	5373
54	5635
243	0
167	0
2	0
0	1701
3230	2217
0	1294
4	0
0	359
0	357
0	371
8	0
509	537
28	31
18	72
33	122
321	122
54	3
4319	7
534	0
293	0
606	450
0	235
0	326
0	0
0	0
0	17
0	0
0	19
824	113
4	112
661	291
14	291
313	0
21	0
496	287
7	314
52	20
0	42
91	621
0	621
210	376
6522	3300
0	3279
147	156
3	139
0	89
0	127
209	10
0	10
3	9
0	0
15	149
0	149
1	181
0	181
0	181
0	181
716	0
0	2
0	0
0	2
0	3
2	417
0	413
0	0
0	0
0	0
16	22
0	0
149	1806
1157	1806
4	50
0	180
0	2
549	1
593	0
536	771
53	10
6	10
0	2
35	0
63	605
0	108
0	595
0	6
0	8
0	8
0	60
0	17
5	26
674	0
6	39
0	1241
125	1279
0	0
0	0
0	0
517	300
424	2
27	24
0	3
4	249
0	1226
305	1243
0	682
0	0
298	321
0	320
0	121
895	1182
0	307
0	1004
20	1182
36	36
0	0
0	3029
0	584
42	3029
181	27
0	0
530	96
0	83
6	83
55	28
0	0
0	0
0	0
0	0
227	1158
0	1157
5	448
0	448
0	0
0	0
52	33
11	146
38	297
5	218
9	297
0	0
1062	169
0	166
0	0
0	0
4	72
0	72
0	69
0	112
7033	3134
2	378
7	2969
1878	6
51	218
1	216
0	5
0	8
0	4
0	0
0	1767
1905	1767
0	565
10	131
0	512
0	0
0	0
0	205
752	3050
3	124
141	2934
2643	3
16	0
9	626
5	80
46	74
0	109
5	61
18	619
183	275
0	275
0	9
72	374
0	370
0	6803
3831	6808
16	69
0	69
683	0
2021	13
132	332
553	332
1198	6
37	28
61	65
585	3560
79	3560
0	69
0	69
9	0
0	0
38	192
264	1862
91	2762
938	3443
0	1039
12	26
0	5
0	907
60	170
6	804
802	1715
2644	2911
552	2908
6	34
0	34
0	0
0	0
0	3
0	3
189	229
3	229
0	39
6598	13
0	0
59	114
351	376
0	329
0	0
0	0
650	1
687	0
117	878
739	882
0	6
0	0
1	2
680	3
480	114
425	1
1439	538
0	537
0	0
0	15
0	14
34	29
29	0
0	219
231	220
1273	351
0	349
0	300
30	2744
665	2680
25	2665
0	2729
412	0
14	62
0	45
111	62
222	1306
0	348
41	1272
0	1430
405	1525
0	1525
52	696
0	70
74	697
0	0
8905	19
28	1021
0	1021
0	12
0	290
202	290
0	66
0	46
0	32
94	50
0	0
2770	5
78	1862
34	1862
3	42
3083	90
0	87
0	0
0	0
1744	0
3	0
0	0
107	331
48	331
29	123
2	123
6	0
0	0
0	0
1500	493
34	311
8	35
1067	232
0	231
178	7127
14	478
5	6950
164	649
9	589
0	459
0	0
0	0
0	0
36	31
0	0
0	109
0	66
46	189
4	65
9	65
0	0
8	11
0	11
22	87
0	154
0	150
985	9
938	0
325	498
4834	499
516	0
0	18
0	66
76	57
379	58
0	58
5	6
253	947
1523	948
0	0
0	0
4	0
0	0
0	0
10	675
0	5
3	675
0	234
0	30
13	0
0	234
0	234
0	144
0	237
0	237
0	0
0	29
0	123
216	152
56	459
65	444
0	229
0	1
0	1
0	1
37	247
1585	249
782	0
0	0
0	0
41	0
0	0
57	0
9	1835
0	2563
698	2881
0	2434
0	1325
0	325
102	39241
172	2940
0	38795
27	38050
1016	38621
0	0
2	0
0	0
0	3
0	3
664	1404
34	315
6	315
0	34
3	20
0	20
0	0
0	0
0	0
43	143
0	143
602	2051
4	50
0	48
7	52
0	48
0	35
0	110
1004	118
520	114
0	0
0	0
0	0
1885	312
0	312
11	177
40	475
6	475
0	1
0	1
120	256
0	2910
7	2938
17425	7480
18	1151
34	1655
152	1640
4	533
0	1640
352	0
445	6563
2901	6564
20	161
0	8
0	0
0	0
30	0
343	378
1238	378
117	0
1169	0
9	0
0	30
0	0
7	2855
0	2855
37	389
0	32
3	640
976	1106
0	943
32	675
0	10
13	675
0	0
17	0
185	0
88	2098
12	2074
0	3
0	147
0	42
0	54
0	50
0	116
0	128
89	0
356	801
0	801
0	500
18	374
9	313
0	313
0	0
5	285
3931	4
0	272
0	223
1417	342
751	267
0	801
0	241
0	323
412	4827
18	5067
15	267
3852	276
174	4497
5	4497
0	4464
1653	4466
0	0
0	230
0	0
0	139
0	190
1	435
0	461
372	455
261	64
2617	8
6082	1823
0	1819
0	2793
0	3351
0	1129
15	5007
10	1491
21	5345
19	0
65	1239
0	483
0	1239
40	108
0	108
10	1518
309	1683
237	11
26	0
0	0
2598	27818
0	133
33	178
1600	180
338	0
0	9
79	19
0	14
7	43
172	43
1	83
12	430
0	3399
0	1919
0	1545
2	475
3	85
0	296
0	3180
0	3301
0	3662
26	123
0	201
25	0
8	104
0	155
1929	645
117	639
0	7
43660	32706
558	25821
1417	27612
0	6169
266	462
0	462
41	123
0	122
399	2
178	258
61	258
95	0
4	119
0	46
0	11
0	0
0	29
16	29
11	91
0	6
35	20
198	2309
77	2309
0	0
0	0
1107	135
0	135
8118	11
19576	39
1534	58
0	58
0	18
1	19
0	4
8	42
0	0
0	18
0	12
4	26
0	25
0	17
0	8
0	12
112	1056
128	1090
0	0
49	364
0	364
989	0
0	2
10	82
0	85
0	0
0	11
0	1
0	32
115	842
907	843
19	275
55	276
0	99
165	178
2154	0
122	1556
567	1541
0	0
0	0
0	1
0	0
0	1
30	42
36	42
2674	10
35	0
209	2469
630	2427
8	42
223	6
71	2
1117	2
4405	1700
161	1
3	26
100	3864
35	3799
0	11
104	312
0	312
170	2175
260	2175
0	203
13	98
12	203
0	203
0	0
5	0
6028	15
1480	299
0	297
136	0
243	0
0	4184
0	4232
0	3935
745	5791
0	0
0	0
415	273
0	140
0	273
974	296
0	296
1349	1
2	0
0	0
0	0
0	0
0	46
0	46
0	0
111	755
30	755
0	110
0	0
0	0
84	0
9	3449
2781	3826
42	2584
0	52
17	52
490	0
1384	3
12655	9223
636	300
0	300
48	766
1	766
1642	2527
33	135
0	115
1668	0
217	556
22	531
0	73
0	100
1527	265
0	92
12	95
0	250
0	178
0	44
358	5
0	4
1918	6200
0	6195
0	0
27	27
1091	27
762	781
511	165
0	75
0	129
0	250
862	250
156	158
0	0
0	0
0	11
1	24
0	273
9	252
3	63
317	173
2640	414
0	408
5234	10
245	0
39	925
29	925
1883	344
0	56
0	0
17	56
0	2
8	8
0	6
60	947
8	199
0	833
2796	6
8	1413
0	467
2	1346
0	895
0	441
0	517
62	517
0	6
0	6
96	0
142	512
86	512
0	16
0	109
0	12
0	459
0	6
0	653
0	626
0	631
0	0
0	0
838	430
0	46
0	12
0	411
1	0
229	542
4	101
3	542
252	0
0	3
8	87
2	57
0	330
0	306
9	3
0	3
18	0
182	13118
786	13118
22	13070
470	257
145	0
162	14
0	1
0	1
0	1
0	62
0	62
0	4
0	4
0	4
0	4
4	0
0	0
5	0
39	58
5	45
138	135
8	90
50	1136
0	1136
9	0
3	40
0	13
0	13
8	29
95	29
0	0
110	50
0	50
0	1828
0	2809
4	2714
4	2868
0	2735
0	2744
0	1925
194	11664
0	2425
17	11215
0	10278
0	6593
9964	11655
11	90
11	91
442	3
0	968
0	816
73	6226
163	1749
0	3662
7	6144
2226	2
1300	0
0	518
3	1850
0	2041
49	426
3670	5519
30	1333
3	1006
0	133
66	5440
0	4685
7	5425
686	1887
0	1887
0	190
358	269
10	78
0	0
0	0
0	0
0	3
0	3
153	17
2	128
0	232
15	999
0	446
34	1001
150	128
293	380
0	480
33	501
184	171
150	171
0	6
66	61
0	61
10	50
1247	1
0	10
39	10
0	15
0	15
416	492
0	195
0	6
0	6
0	6
4	2253
203	2253
0	101
20	193
3	244
0	163
4	346
285	1017
239	1016
89	329
0	152
0	179
4736	9
97	463
0	2
0	461
11	0
0	0
0	485
0	7
375	2504
93	2512
297	0
0	6
5	28
0	230
18	34
0	48
298	299
0	0
0	773
93	773
2	172
0	920
2516	1
0	0
1571	2
1088	7896
0	7598
726	0
0	0
0	0
0	0
0	0
93	0
2873	892
0	44
0	36
0	21
0	2
222	82
0	2
14	581
0	142
0	250
1809	2508
0	2234
0	2287
117	0
0	6
138	0
23	0
0	7
0	0
0	16
0	16
0	95
0	58
10962	24
727	667
67	186
0	174
5	0
3	14
69	216
0	52
0	216
0	208
0	208
5	7
0	9
3	218
0	7
3763	11005
0	1317
25	2
0	0
0	0
1495	0
0	0
0	0
626	440
206	428
0	138
148	734
0	1387
63	1253
28	4729
0	9821
1301	11214
32	3452
20	223
5	0
0	0
485	3
0	6
0	0
0	0
0	0
2	0
5213	1091
50	1085
0	0
0	4
0	13
0	13
369	124
0	124
282	192
10	192
6	203
26	203
0	5
0	5
0	5
0	5
153	110
0	127
35	0
63	46
52	0
0	0
220	0
79	6
0	6
1344	213
0	80
1	21
0	134
7	1683
0	1403
0	65
0	1842
0	1683
0	1775
23	1800
0	1639
84	0
1785	4563
0	4560
11	144
6	0
40	895
27	854
50	930
319	1063
0	1063
11	90
0	24
20621	39640
0	0
0	0
0	0
1803	1544
0	1540
0	1540
0	0
2	0
16	13
0	13
105	253
0	88
0	230
0	217
0	17
0	17
0	89
0	85
4020	8
159	590
243	590
21	0
50	1045
0	1045
30	729
0	11
8	114
0	106
0	65
126	457
0	199
65	105
164	2
91	89
0	477
65	0
29	71
15	133
0	115
17	641
30	603
189	802
265	28288
0	28205
0	6216
0	7058
0	6745
23	75
33	147
404	1699
0	607
0	1699
35957	49
0	6
0	6
22	0
75	61
0	0
0	4
0	61
0	10
16	10
0	273
0	161
0	0
253	539
0	198
0	4
3081	437
3	321
8	145
0	0
0	0
0	1274
850	1275
527	960
2	953
74	5
6	55
23	82
1	66
207	185
0	0
2	121
0	26
32	0
1381	0
751	1
536	1
21	0
388	0
100	10
0	10
0	393
594	393
2193	6
998	191
27	152
0	0
506	132
736	1
0	0
0	0
190	362
0	712
0	151
0	597
0	565
0	589
0	565
14	0
0	18
5	18
0	18
607	0
79	0
84	57
3	57
0	3168
0	118
288	3168
0	0
1381	1
0	31
0	12
0	6
0	247
0	264
190	264
14	0
0	0
2	0
6288	5
7	0
0	411
939	641
0	138
1101	138
0	31
0	39
0	39
2	10
0	34
0	34
0	4
0	10
35	34
4	0
0	0
0	0
80	643
0	643
124	130
10	137
13	79
979	4014
0	160
0	563
21	333
0	3190
0	3252
17	3077
39	4067
741	251
0	130
24	211
0	6
0	6
7	7
10	9
9388	19
0	0
0	88
12	82
833	4
773	9
30	288
71	774
273	895
0	557
148	176
0	9
0	50
0	13
0	50
0	30
40	64
0	46
0	6
0	6
160	447
0	165
1861	2
1409	1012
0	1012
126	1004
234	1004
510	906
3	27
30	27
6	5
159	612
0	612
0	43
2	50
76	1003
531	1002
0	19
85	19
2	122
58	0
0	853
0	627
1591	1386
11	2278
377	2292
0	2029
711	1839
0	6
0	6
0	0
0	1267
0	1308
42	1308
626	3618
754	3618
16	0
18	339
0	1
7	338
406	1
0	15
279	29
28	190
2950	2
526	0
40046	65
16	0
756	87
0	87
7	0
22	27
0	17
133	671
189	671
29	49
1	49
5	53
270	844
46	844
925	885
0	89
0	820
0	784
0	678
0	258
0	808
3	35
11	35
19	44
0	44
0	84
0	777
41	799
0	571
4	713
439	35
0	35
0	0
820	0
23	68
93	68
575	193
42	0
0	0
0	0
0	4
0	4
0	1
0	8
39	9
429	773
0	773
7569	18
0	5
3	5
0	250
0	530
0	487
1	257
0	0
0	425
20	724
12	660
21	495
0	0
0	0
1810	230
0	187
0	121
0	0
0	0
2218	834
3	151
0	683
0	4
0	4
0	1
16	0
0	73
0	0
0	6
92	122
9067	12547
3	12482
8	7943
0	104
428	106
0	36
4	0
13197	20
69	4
14	4
143	113
236	13
11	0
1209	2192
213	3
1	402
23	947
0	414
476	1110
601	1125
2192	1125
5	0
6	177
10	60
0	60
0	59
7382	5
0	0
0	0
83	0
52	0
66	0
0	6
0	6
0	0
252	1008
2011	0
1074	0
93	88
0	88
2	0
9	0
351	731
0	194
0	1745
0	59
0	33
0	2428
0	2464
0	1212
0	2539
124	0
852	1237
0	1237
0	1237
0	1237
0	0
8	3424
80	3424
576	2958
330	5160
4240	4438
0	14
23	14
7	2691
10	7436
32063	10911
0	3838
1836	2
0	830
780	830
0	11
5	664
0	21
0	616
0	695
6	699
671	0
0	0
0	0
1694	1
20	825
0	956
456	0
1066	0
0	59
8	70
0	14
4	137
471	187
0	67
0	90
0	137
0	6
0	6
2	33
0	0
0	0
1206	0
0	0
0	0
0	0
0	0
0	0
0	0
0	0
0	0
0	0
81	188
0	188
0	95
313	98
0	0
0	783
180	783
0	0
0	3
0	0
59	0
251	629
0	18
5	633
0	640
0	629
0	535
0	597
0	0
0	0
2	0
13	0
0	0
77	0
0	0
0	882
0	769
126	4221
18	4410
0	1374
24	631
186	387
0	293
0	4789
0	4283
0	4414
0	8933
0	4766
95	4379
3	7921
0	7799
0	8221
0	7963
4405	78
0	73
1126	921
0	921
106	434
0	430
13	308
0	0
0	0
0	0
24	0
1014	1
4551	24911
716	25124
375	24638
60	957
7	15108
13	0
0	0
31	234
949	1292
33	733
0	932
207	0
340	0
0	0
0	0
1404	1
0	0
777	15
0	15
0	0
20	0
183	21
0	74
0	74
0	0
3	0
53	1180
5	427
1294	1064
0	0
586	76
0	76
14	24
203	88
0	88
9	0
0	8
17	13
0	5
0	0
931	0
161	112
39	112
0	0
4	0
2	0
151	0
324	6
91	507
11	143
224	494
5	378
12	32
0	32
49	19
0	0
0	16
0	16
0	327
653	1267
0	0
9	0
4	87
0	110
0	110
594	13
4210	2
30	10
0	7
17	56
0	56
66	0
1799	10
0	0
0	0
8	2
0	140
0	137
25	140
237	0
0	5
172	5
0	0
877	568
0	568
58	1760
19	229
51	229
399	0
2417	412
77	411
230	65
0	65
228	0
2989	6
0	38
0	54
0	54
0	54
0	54
0	0
1331	0
0	169
0	102
4605	6
3	0
57	81
0	0
0	0
25	27
0	27
0	372
7	148
0	128
116	659
0	5
1050	7
2	489
41	489
123	0
911	0
0	0
0	0
1328	1
67	7
0	7
2634	224
1551	220
0	218
1	59
0	132
0	1156
5	108
0	1136
0	1229
0	1203
33	1117
0	223
0	41
2	41
0	219
392	766
0	396
0	766
5	82
0	82
0	78
2072	5
69	1544
34	1550
456	0
0	0
0	0
2	704
367	704
136	0
5	0
454	73
448	2940
5	585
0	0
0	0
4	476
1164	961
2499	9
409	0
20	548
68	548
43	0
10	79
3	64
0	56
3	85
0	65
273	1
356	0
0	20
0	92
546	768
0	97
0	0
18	0
0	0
95	618
0	33
0	582
138	694
0	694
746	0
28	0
9310	366
0	356
1109	107
0	107
2	0
0	0
0	0
145	28
59	30
21	22
0	79
34	152
0	616
0	71
1	48
61	633
0	7
12	22
30	286
0	279
55	0
58	14
6	14
0	0
54	72
0	10
325	10
230	48
81	47
77	0
712	18611
80	3
161	18546
93	859
4	0
92	300
347	1230
0	2019
293	18502
0	999
2	25
0	16
0	0
0	16
243	547
0	97
0	453
55	542
619	2
0	0
0	2308
0	284
3	2309
35	2161
76	124
0	20
709	4
0	6
0	426
9	433
0	12
7	12
8	36
0	22
0	27
0	0
27	0
2807	5
176	0
66	101
0	101
1413	17170
0	17170
0	0
0	271
1069	320
6	152
0	5
0	748
3	340
150	199
0	678
0	618
9	262
2804	955
0	687
450	3
24	206
0	193
0	197
0	202
896	620
0	14
0	3
1	81
0	81
0	1209
75	1217
657	1
156	193
1637	193
0	5
16	5
0	0
11	0
0	0
34	881
1	770
0	883
0	0
25	8
528	971
27	1290
0	876
0	867
0	887
0	375
0	212
0	212
0	177
136	119
0	52
0	113
62	83
52	1906
181	351
11	350
7770	4979
805	2728
11	715
0	2617
29	98
0	0
16	0
294	697
4	9
0	7
4	2
303	67
151	76
1	11
0	7
0	11
41	151
699	858
5	862
0	824
52	67
0	58
110	933
0	922
0	924
88	94
0	20
0	9
0	11
53	89
0	89
486	940
0	118
0	388
0	25
0	19
0	362
532	388
20	413
105	324
0	26
0	324
0	0
0	228
0	218
0	136
3	69
203	69
1073	1005
0	1005
63	77
9	56
0	35
95	7388
81	2441
0	583
1	17544
27	17367
67	17633
42	15427
0	17954
0	18116
28	327
0	527
0	853
0	78
1993	1603
8	2
0	127
79	691
0	683
0	125
3	1013
5	306
0	1058
0	1011
3	1153
39	109
1	109
177	146
0	146
34	119
0	119
0	0
0	2294
0	1027
0	2272
0	12
0	12
0	12
0	12
0	12
178	64
0	64
0	4
382	487
347	753
0	0
0	7
0	0
0	7
0	126
0	115
44	0
435	0
141	0
171	859
4	859
1	1297
1192	1191
0	0
0	0
0	0
0	0
0	0
0	0
0	0
0	0
0	0
0	0
1143	88
0	84
40	329
51	21
41	319
0	163
2	163
0	172
0	172
9	0
0	196
0	162
199	101
0	48
54	101
88	155
302	710
0	128
15	266
0	0
0	0
2343	1185
0	1185
0	1185
0	0
0	34
42	34
2059	5
0	0
0	14
0	14
0	14
186	1088
1777	989
357	0
45	243
123	250
0	190
0	4
9	8
0	12
0	12
363	1025
0	1025
1080	1035
153	1035
8	0
0	0
18	0
13	0
0	0
3	0
17	141
241	60
22	60
58	0
19	0
0	67
0	67
0	444
795	453
92	67
0	67
0	0
5	183
0	47
294	1918
7	1871
11	2670
7	1624
0	3107
1539	3169
1	2953
0	0
8	217
175	1187
4	1187
12	296
0	296
0	42
0	45
292	0
32	0
71	24
0	24
0	43
242	43
873	0
31	0
269	229
0	229
56	522
0	522
8	1681
53	1681
322	98
0	98
0	0
0	0
0	0
0	0
0	0
363	0
8226	6
6	2
3	2
2	2
182	200
0	254
0	256
6	14
0	170
0	2
25	0
0	0
0	0
0	0
0	0
0	10
0	10
72	0
23	3624
2	25
98	2059
5323	4776
5	67
0	61
11	70
0	70
0	0
6	17
0	791
0	182
0	237
9	79
568	3409
0	3871
47	3744
1376	0
12	0
3777	373
0	372
0	97
63	97
84	3772
7	3772
66	0
0	0
151	299
0	225
0	298
0	296
0	227
0	185
0	77
0	28
737	288
0	50
0	67
2	0
5	59
0	142
39	142
9	1
0	0
0	1
30	0
0	0
1331	1770
814	1770
4956	1417
2	1412
0	0
0	0
39	26
0	24
68	565
0	565
0	57
52	57
14	0
0	17
0	0
0	17
123	3181
40	2754
0	685
11	3143
374	0
1417	8
573	2563
0	1422
174	1400
39	365
2	344
0	365
0	0
26	9
50	198
0	50
118	133
0	133
16	988
0	1096
4	56
0	1100
134	1379
128	1517
504	1517
0	0
26	0
0	0
383	120
151	162
8	139
0	0
0	0
0	0
152	2682
1045	2683
14	0
714	436
0	435
3	0
280	155
1	11
119	189
0	72
83	261
0	0
11	0
33	0
0	469
0	152
0	77
33	451
0	254
0	0
0	65
0	200
132	1
271	0
12	0
1113	475
613	475
17	0
0	0
0	0
0	0
0	0
0	0
0	0
0	0
0	22
59	60
15	60
0	17
0	50
0	0
21	0
135	170
5	170
10	0
33	3
1134	658
25583	9481
0	903
1616	9489
0	0
20	16
21	16
844	50
3	50
0	39
46	45
9	3
398	3
2023	1
0	202
0	191
0	547
0	921
18	452
0	910
1	457
8	59
0	457
423	0
160	0
0	41
1127	41
11	5
0	4
0	4
46	0
0	15
0	13
80	28
2418	0
17	0
0	0
0	0
14	2
0	2
17	2
9	311
625	315
0	420
0	602
7448	781
0	414
340	0
890	130
0	68
13	121
5	59
3	18
0	18
0	0
125	209
0	209
0	79
0	230
0	4400
46	4400
0	0
0	0
85	14
4	14
0	0
0	0
258	0
0	453
773	453
0	471
0	224
230	473
138	0
0	24
43	456
9	456
0	0
717	0
0	47
6	140
0	107
34	325
0	61
0	54
63	309
0	62
168	5
0	0
0	0
330	89
1	89
834	0
183	0
4	77
12	3
86	310
0	0
0	0
1137	6
0	0
11	171
0	168
698	249
7	57
0	57
0	0
0	0
0	0
0	121
71	166
2	63
48	189
0	156
591	230
219	1
660	0
0	15
1	75
1088	75
472	0
151	164
18	164
0	0
334	4193
0	1175
177	4093
939	0
6	116
689	3818
0	3801
3	3128
0	3122
25	0
0	2
0	2
4	2
18	0
2	0
0	5
7	5
106	0
0	9
0	7
0	11
0	11
0	0
34	208
29	43
0	43
72	223
0	223
160	0
93	498
0	31
4	498
0	0
0	0
2281	2044
0	551
111	1998
0	1998
0	887
155	887
276	3452
0	639
12	3452
0	3452
4897	1279
11	1274
42	851
1	221
0	826
0	826
20	564
0	286
657	739
2344	813
2	803
11	28
0	28
20	0
0	0
111	102
0	102
568	638
0	5
0	1
0	638
0	42
0	114
0	49
0	747
0	214
748	703
177	3
0	3
0	0
0	0
0	0
0	0
551	3
0	0
0	926
0	1109
0	1
102	552
0	552
911	895
174	0
93	245
0	91
454	93
2371	2
0	0
0	0
0	950
1050	970
0	619
5	127
0	0
8	0
540	901
0	36
0	901
0	0
0	0
0	16
10	16
78	319
0	38
0	292
0	33
53	33
427	420
1	50
0	0
0	105
20	176
0	92
99	0
95	0
63	110
0	3
3	5
0	5
14	101
40	368
243	469
48	34
0	0
0	0
401	0
0	0
0	0
50	290
2288	832
1	361
1	361
6	0
0	317
0	97
0	138
0	9
582	0
10143	15
0	0
2	61
411	1159
62	1159
879	0
528	89
0	0
62	95
161	104
0	4705
3723	16839
0	16837
279	446
0	294
433	3
308	1
38	1150
438	1150
30	3
3	3
0	1
0	0
4	0
0	0
14	0
0	0
0	0
0	1
0	1
0	0
3	0
0	0
10	0
1	10
317	10
0	0
0	0
0	0
0	0
0	0
0	20
2781	928
17	61
1067	6069
0	6219
31	15
1752	6222
3	845
0	0
267	245
50	245
484	165
0	165
503	162
1112	799
0	248
48	697
16	1
0	113
0	649
383	667
1	0
0	312
280	1092
0	1087
1	136
0	1
206	332
167	332
198	0
166	0
0	367
0	346
79	1078
3	512
0	1
110	1
0	0
1333	2
197	0
37	1
6553	4443
0	2835
0	1467
0	106
2226	107
0	167
22	167
39	0
294	685
31	683
395	0
893	53
0	20
0	33
14	0
656	3
0	105
32	884
25	884
0	293
19	24
18	304
0	1566
0	370
0	498
0	1651
0	1717
7	0
210	3749
0	702
52	142
1008	4110
0	74
16	74
704	0
0	3330
0	1729
0	3055
0	3020
0	3330
169	1862
0	9019
495	12108
0	14538
550	13888
431	0
0	15
3	45
887	0
1351	569
1457	569
170	2741
0	603
0	0
0	2737
0	2534
57	0
351	158
0	106
0	30
0	26
7	52
683	85
0	85
0	38
14	1
192	741
0	740
3	1032
0	3510
380	7171
0	1455
0	4174
0	5620
449	0
6	673
292	2725
0	1986
6	2719
60	91
5	91
292	1
3	2624
35	122
0	1723
40	2680
0	2655
70	154
0	63
0	75
0	154
39	0
0	0
0	0
0	0
2811	5
45	0
7	0
2332	1900
274	1892
34	520
19	520
0	0
3494	3566
0	2114
29	1011
0	2555
3	0
68	0
0	0
39	247
77	247
2080	1245
0	1242
0	0
0	0
0	93
87	93
3287	3011
5354	9
201	253
3	0
34	0
4	0
2755	1
785	52
0	51
19	417
75	417
0	557
322	693
0	693
9326	1316
0	816
36	768
59	0
0	1573
17	5795
4	5810
16	7432
0	121
182	170
0	27
0	0
2	552
1266	555
57	1808
175	1810
682	5278
5	5278
0	5
0	5
237	0
348	678
19	87
6	63
6327	993
72	990
0	70
0	70
185	70
0	4952
2805	4955
1259	0
0	30648
10	1152
0	4282
9	29315
71	30398
0	31699
0	555
3	599
0	296
55	320
4	218
39	218
0	205
120	90
0	90
0	1
0	0
0	0
0	0
923	6184
5410	6183
733	0
552	0
27	7861
0	169
0	393
0	3555
0	7716
0	2179
1690	2179
0	13
0	13
0	1
22	178
0	22
33	274
0	329
8	99
0	220
1401	1044
1450	0
0	0
0	0
0	0
47	128
1	9
1208	72
84	72
0	0
0	0
0	0
0	2
0	2
6	39
0	2817
3	2898
0	15
0	20
49	20
0	20
0	0
3	0
78	1424
479	1360
23	1322
0	0
0	0
0	0
0	4
529	2065
933	299
0	0
0	0
0	11551
2494	21176
0	8693
0	14686
0	14167
0	0
0	0
0	0
199	121
4	121
30	255
9	255
135	1710
190	1629
6	1605
3	1396
0	726
0	579
21	1829
1732	3339
0	4
0	4
146	0
0	0
0	0
22	45
0	45
0	4
0	4
18	0
0	0
20	0
7	432
48	454
5	438
0	0
249	0
13	0
9	0
72	0
0	0
3	0
3	0
71	514
4	37
426	1019
4	1017
0	0
19	0
71	1113
15	1141
15	29
0	34
0	34
0	0
0	0
3188	7
60	0
4384	8
0	0
0	118
0	197
0	21
0	101
8	17
0	17
382	0
0	292
0	12
141	292
29	0
34	0
0	0
0	0
921	4
0	0
80	32
21945	35
0	0
10	372
0	363
1197	381
583	1
1005	444
0	444
24	67
0	24
0	43
0	30
0	101
55	97
0	82
36	49
0	49
16	810
0	810
75	0
0	0
0	0
0	0
54	0
11	17
20	17
2607	5142
83	5137
0	98
0	132
0	4
15	289
0	289
0	0
29	82
8	720
107	790
1	4069
24051	6641
0	4563
0	2774
897	11428
295	11642
159	596
0	595
7	0
581	0
68	13
0	12
0	0
0	0
79	386
0	38
15	89
0	89
0	0
0	0
0	0
0	0
0	591
1577	591
0	0
0	233
0	192
270	159
0	74
1686	1
11	0
33	98
9	98
1694	800
0	800
0	1011
0	924
2124	1013
94	347
0	0
0	347
43	0
142	1043
133	2
0	0
0	69
0	187
3	108
4	42
0	53
0	143
0	7
0	27
0	21
0	148
0	101
0	141
9	471
643	1232
0	926
0	967
0	934
0	946
0	0
778	1
0	31
581	0
0	0
59	0
6	168
0	127
631	2093
144	2093
40	0
0	0
0	0
0	0
0	0
0	0
0	0
13	0
469	2
16	84
245	89
0	0
265	1250
0	1250
11	0
0	0
0	2
6	44
0	33
0	35
0	5
0	5
161	1679
5	318
0	123
0	15
0	1387
0	1208
188	301
26	15
0	3
0	3
1	27
0	0
0	27
0	56
0	68
0	68
2	0
369	530
0	530
4	0
388	4
27	1123
0	222
0	1274
15	1274
13	0
4	16
0	0
1	0
5	154
0	154
30	645
366	645
2678	620
0	617
0	16
8	16
0	16
691	2900
0	2388
1527	2494
0	2494
1233	1
107	1555
9	1555
0	152
0	14
0	130
0	50
0	394
2	482
0	480
0	986
2954	990
4177	1694
0	1693
220	229
11	0
848	1
4	910
0	455
10	550
0	954
9	460
30	842
0	1659
0	3525
16	1042
11	1559
0	3552
0	1020
0	393
0	44
0	111
0	4
21	155
0	529
105	529
6977	50540
0	1
0	28473
0	28886
0	51351
0	60500
0	57378
0	1647
0	141
0	2205
0	963
1425	9118
0	721
0	1130
0	2200
4	21
0	21
256	5426
6	66
0	10
24	5390
0	575
0	314
0	310
0	110
54	6393
8	5907
1673	5
3	0
0	0
0	0
0	0
84	0
667	261
1579	4
5541	162
82	0
273	65
0	65
83	0
444	0
425	0
98	2642
2099	2642
0	18
0	105
0	0
0	4
0	105
31	467
91	467
0	10
0	52
68	63
337	76
0	76
63	0
598	130
100	1263
0	1175
0	1314
233	4
4	0
0	2
0	0
0	2
382	0
104	0
0	0
0	28
4	28
51	102
0	102
52	0
1226	55
790	69
0	69
0	0
0	0
0	31
85	351
0	351
0	278
0	6
914	38
0	36
49	26
2	0
0	0
0	0
14	92
0	16
29	39
0	4
0	4
0	4
0	4
16	0
2309	3
6	94
0	69
5	45
0	58
0	3
2	6
0	6
0	43
0	125
0	6
1	566
507	2902
40	2754
0	0
2	0
1923	2
123	0
364	3108
43	3108
0	75
0	16
50	49
6	70
6	241
0	276
2	276
38	0
40	0
248	0
195	6
76	370
6	310
0	300
0	245
1	245
0	211
4	122
831	393
0	377
0	393
0	11028
1	310
0	1000
0	18108
369	10934
0	18108
0	0
0	0
0	0
1716	6
20	0
0	173
140	286
0	278
0	7
2	254
3	850
110	860
50	580
0	580
37	12
354	614
3014	636
0	6
384	209
0	139
34700	1103
0	1053
0	309
880	513
0	562
0	513
0	15
0	4
7	26
0	0
0	6
8	8
0	0
0	0
0	0
0	84
8	0
0	1
35	84
148	126
6	6
0	0
0	5
0	31
50	42
1271	1
0	0
0	1
0	1
0	0
0	12
0	0
0	12
2	21
0	21
0	4
0	28
10	62
0	28
1182	5
333	830
142	945
0	628
0	214
0	354
0	363
0	285
468	1
3552	1
0	0
0	0
0	0
37	0
3	2
0	2
429	362
8	361
0	0
0	0
1324	3304
216	3301
49	172
0	97
0	157
58	55
6	55
0	0
3727	0
0	0
15	0
210	3
1	3
162	74
0	71
0	21
37	315
0	337
164	337
0	177
0	0
6	0
0	59
70	58
11	494
137	1678
87	1666
18	153
337	0
104	0
0	1017
362	934
110	1
4	167
0	137
0	0
0	54
0	43
13	59
18	111
7	111
278	727
0	637
380	646
7206	2722
413	1188
1062	2
11	98
0	179
25	561
73	587
445	136
256	268
0	246
0	386
0	254
1056	357
0	0
0	0
0	0
0	0
0	40
22	40
89	7791
0	7791
192	4536
0	1186
0	1413
37	4536
0	0
0	102
0	25
0	134
0	140
0	110
33	54
126	89
0	69
0	25
17	2698
0	679
14	3033
22	0
0	0
18	53
0	53
0	1022
1697	1023
0	3
0	53
21	35
0	184
76	184
0	37
0	37
0	29
0	0
0	0
804	194
6	1409
0	1409
304	724
0	724
2	669
0	304
5	425
0	367
0	284
0	66
0	56
19	662
8	0
4	266
0	85
0	266
148	0
2724	420
0	419
15	1453
0	1525
19	1458
0	0
0	0
1380	5255
11	5253
2	164
7	155
0	7
1	7
0	7
0	904
1024	1208
5	1208
0	69
21	69
0	0
0	0
0	0
0	0
0	0
253	2689
48	2689
17	143
1482	144
13	222
25	275
0	250
566	4
126	0
24	1609
97	171
4	1609
0	0
617	2
5637	1676
4	352
0	1412
0	31
12	31
14	87
0	67
16	32
148	116
2	13
0	8
0	13
1046	0
325	479
0	70
0	181
0	0
0	0
0	0
15	0
0	0
0	66
35	742
12	742
156	2
0	2
147	293
0	293
3	6
0	6
388	0
0	9
7	9
0	7
1594	302
3	100
98	0
0	0
0	0
336	967
0	964
0	583
0	1914
0	2066
0	1451
0	2228
876	333
0	142
11	206
94	207
210	0
0	65
9	59
2314	2060
0	728
0	2060
0	0
141	2
0	0
0	0
0	0
0	0
0	0
0	0
990	0
0	1109
2816	1111
1318	2007
0	2004
1331	1903
125	1903
0	408
30	463
0	1115
48	1060
39700	43
1	10
0	10
0	0
0	0
1	2277
216	2694
0	982
0	41
0	3262
174	3262
0	0
0	0
0	0
245	0
5	0
0	248
0	134
509	382
0	12
33	12
2882	721
24	640
185	528
42	0
0	0
1644	3
20	0
0	0
0	6
1103	269
0	1
0	267
2419	168
3	27
108	0
194	0
27	4602
793	639
0	1590
584	5081
9	829
29	96
0	24
0	829
81	0
0	0
147	4
46	9
0	9
0	0
0	0
0	0
13	6
0	4
0	16
0	16
67	6
0	6
588	69
0	72
38	56
0	0
0	0
0	0
0	0
0	0
3147	7
275	81
1337	2
8	261
8	261
244	90
0	90
1268	0
0	0
0	1
0	626
0	5
0	702
0	712
2015	4
0	0
0	0
0	37
11	37
655	195
0	110
0	189
822	2446
0	2445
0	0
0	0
113	436
563	438
0	11
1	11
3	0
12	8
18	178
0	163
0	178
425	0
5	2326
0	309
3410	2325
0	1852
0	999
515	999
0	0
0	0
0	0
0	336
0	555
0	558
0	555
0	570
32	859
14	859
1824	915
29	478
0	398
47	351
76	14
36	258
0	42
0	205
0	0
113	396
2	396
0	18
0	18
1	41
0	150
1573	1395
0	1352
14	91
0	4
0	116
0	195
0	116
0	0
0	0
284	14
0	14
115	1497
5	282
3	1497
0	353
15	353
0	323
0	54
212	184
0	161
14	157
283	660
2940	1152
0	1151
6	0
132	138
0	797
35	777
0	605
272	605
1	0
0	50
72	598
1083	597
34	225
0	56
0	40
0	225
75	296
4	775
0	36
0	953
0	932
91	379
5	379
3408	1
48	0
0	477
0	305
5923	787
0	16
0	66
223	89
0	89
0	0
64	13
48	13
193	1179
111	1176
231	0
0	0
0	0
0	0
0	0
0	8
0	0
0	8
0	8
4	477
160	477
0	0
0	23
7	20
0	17
0	60
355	69
47	683
120	58
1197	1177
11	148
0	1171
17	1380
27	514
2	1380
0	0
164	491
6	119
0	24
0	462
480	246
1	9
17	242
1146	1068
0	1063
0	0
0	19
0	19
7534	3514
0	10
0	0
0	0
0	10
0	0
214	2
0	2
224	40
4	36
0	1
0	1
12	1
3	88
0	86
3909	5
0	11
0	31
0	3
0	28
0	42
495	1
10	0
4353	0
1364	2024
0	2020
3420	1
65	0
0	146
38	146
3436	9
7157	7
115	0
5770	44826
1935	44826
0	218
1153	218
832	0
7453	6001
2	5992
0	0
243	0
0	0
1738	5
8666	11
1422	3
0	10
0	10
0	23222
2051	23223
1276	3
0	3
0	0
0	0
904	3763
0	1196
0	1697
18	3763
132	106
3	15
0	91
17	1432
1015	1435
3	1920
0	1920
8	7
0	7
287	258
0	258
57	193
0	193
177	419
0	419
2	0
446	191
68	191
0	97
0	0
0	0
4	0
0	1057
419	1057
0	0
2123	1
773	80
169	0
322	0
667	0
1500	3
75	2693
1	2693
6	1
37	1
122	275
4	275
0	0
4	1371
0	656
0	865
0	1358
0	1445
0	1672
619	10
691	3214
1071	2707
242	357
0	353
0	325
13	356
109	1622
201	1622
7	0
0	31
0	15
75	46
0	9854
42	9787
0	36
0	7267
23	0
800	674
275	670
0	179
1373	1927
0	250
0	12
7	91
209	91
2546	10
0	0
59	75
0	62
0	13
0	6816
0	3581
3605	6802
0	6955
13	6955
0	0
0	0
0	7
55	7
0	755
248	2321
55	1845
0	2331
761	1885
0	14
35	1833
12974	18
4322	12
0	0
131	0
56	1203
3	1009
261	1092
0	2362
31	2362
0	0
0	0
0	23
105	125
0	108
193	147
17	147
4	0
578	0
2198	4
28	0
0	26
0	0
0	71
6	71
0	71
78	120
19	120
4973	6
111	584
99	584
6518	3170
5	672
0	750
0	314
8	315
2	535
2377	535
132	391
0	377
481	0
644	1830
6	173
0	173
46	216
3	1
0	1
193	53
14	53
1210	0
0	30
0	94
0	23
0	30
0	94
31	94
13	124
618	22
13	16
0	29
54	34
8	0
0	265
223	336
16506	2419
15	2405
145	669
2	172
64	696
1088	450
0	9
9	123
19	17
0	17
0	135
9199	1752
0	1737
0	0
0	0
0	20
0	20
0	0
0	20
0	20
0	20
51	293
0	85
141	2093
5472	2100
7	3
6	3
7	873
0	127
0	860
11	44
68	108
21	109
0	198
28	198
0	40
2	93
0	13
30	100
5	72
0	28
0	0
0	1512
0	253
0	2557
1834	2587
3101	5
84	4231
18	1122
28	1024
0	9587
8	46
24973	8138
36	0
103	0
51	81
12	0
42	0
45	0
53	81
26	264
0	92
338	0
0	0
1317	421
25	420
0	1
0	0
552	0
32	15
0	15
0	2644
0	6466
10182	8234
0	4835
0	0
958	594
0	0
476	604
779	603
49	0
8	0
0	0
12	0
7	0
121	722
5	0
6	287
0	68
0	712
31	58
1	58
0	95
2486	100
1927	0
0	0
0	517
91	661
0	0
0	11
125	11
24	858
241	858
0	191
99	170
267	494
3	497
0	312
269	2620
0	2620
613	638
0	13
13	3
0	13
24	5631
3365	5631
14	606
0	51
3	575
2978	19
190	45
9	9
0	124
2	126
0	126
9	0
5267	1928
8	1925
43	2219
0	2005
0	2102
9	139
0	18
0	11
0	12
304	0
678	3275
2	171
0	69
0	273
0	22
715	1448
0	496
0	1326
10	1326
627	2
0	174
0	1720
0	1569
0	1734
1023	1465
438	1463
21	165
0	165
0	15
45	131
0	131
0	115
49	158
1009	1121
651	0
644	0
4	432
0	544
12	544
0	6
0	6
2	1074
0	36
0	245
13	1320
20	1383
7400	6
0	3
0	3
0	30
0	169
0	635
129	761
0	499
0	411
0	537
0	8
23	8
0	401
2580	721
28	145
0	145
0	4514
8786	4524
0	0
439	0
189	6172
0	6253
3	419
16	6213
0	0
0	3
1	0
0	128
0	143
40	0
5	3
0	0
14	0
437	128
10	545
0	575
0	262
288	4
60	148
0	29
386	2033
0	2033
1040	191
0	185
135	0
6	6
0	33
19	621
292	629
0	0
13	393
3	83
0	393
0	0
1	678
0	39
95	588
2	273
39	596
6	368
7	267
0	32
44	525
0	525
1043	0
2529	8353
0	1
0	8352
10	0
24	463
8	463
0	74
0	48
0	159
0	95
95	268
3	232
2044	294
0	273
1037	71
0	71
30	0
2627	0
26	16
1	51
0	51
0	1
0	1
0	0
40	26
0	26
0	7
0	7
0	1
0	1
0	1
0	1
86	5380
9	5328
0	5405
1746	326
3	322
0	0
11	432
0	432
541	2
0	163
0	72
6	179
42	0
583	3
278	32
0	32
0	643
551	643
0	125
0	54
13	150
921	330
0	0
0	9
25	28
71	520
94	0
52	2
0	1263
2	1366
10	323
1	39
56	39
354	158
0	158
0	0
933	411
0	1
0	74
15	339
6	16
38	39
0	0
0	0
0	0
0	0
0	0
0	0
0	3
1053	3
252	1606
0	1606
0	91
506	309
0	3
0	212
0	42
2	191
0	162
2	437
12	162
986	1062
2	1110
83	1222
1090	73
37	73
49	250
0	122
0	0
0	47
660	47
0	0
0	88
6	0
3	88
4	443
0	258
0	502
0	108
0	108
0	108
0	108
0	26
324	26
13384	1635
52	1629
0	14
0	4
9	423
0	44
0	47
0	420
0	10
12	78
0	10
800	24
10	24
0	52
29	0
50	14
0	2021
0	1949
93	2044
0	390
14	390
5	282
0	0
1685	1
784	1723
0	1723
0	4173
0	460
0	4000
0	4335
0	4162
9	546
0	1628
523	1810
894	5447
1097	5447
32	73
453	128
0	0
86	1029
0	102
656	1332
13645	1026
9	751
0	257
0	0
0	0
0	0
0	8
0	8
0	8
0	8
143	54
100	106
1067	603
0	600
746	2
0	3187
0	229
1826	3188
0	128
0	0
23	0
4	489
0	489
0	422
0	173
0	159
14	51
0	2
84	1597
163	1597
8396	8351
0	8338
61	531
9	302
51	316
0	107
0	117
0	87
0	110
0	67
0	158
29	362
165	360
329	1990
0	1990
4	885
0	0
0	0
34	0
1424	1238
4	73
371	184
9	184
0	134
0	6
5310	5945
109	5939
75	187
0	0
0	0
1534	0
172	66
6	44
0	44
0	59
178	148
0	128
0	0
4	30
222	370
0	340
546	2150
3007	2155
69	36
0	0
0	0
0	0
0	0
0	0
12	0
0	0
12	5
0	128
0	3
0	3
0	0
0	0
0	36
6	34
27	0
0	0
842	481
0	282
8335	297
319	0
13	1
1223	2
4	101
4900	108
0	0
5	0
0	0
1659	2132
300	429
135	34
974	2980
7	2979
852	3
0	0
0	0
156	473
0	473
2837	153
0	0
11	551
4111	560
0	872
0	40
0	843
253	100
0	136
0	31
0	271
2	1044
0	646
0	1008
0	0
0	0
0	0
0	288
163	288
65	700
139	4141
0	247
0	0
1160	4141
11	446
171	4592
632	4561
0	65
0	40
0	5
488	105
9	10
0	11
0	11
0	0
246	0
0	0
735	0
882	1692
0	89
0	1679
0	157
0	295
0	0
6	1490
0	506
0	542
0	365
0	1490
0	1661
219	0
244	291
860	334
0	234
0	258
0	14
0	14
0	14
0	14
16	50
0	50
0	0
95	0
186	9
16	201
197	623
688	0
0	0
0	14
0	1398
0	483
0	4
11	1355
0	1342
0	1002
0	9
0	9
80	71
0	71
0	71
457	369
0	582
0	582
609	730
0	735
0	622
0	622
0	582
0	608
0	0
0	0
0	140
0	6
0	95
97	397
4	371
680	1
0	19
398	1055
0	1054
3	1039
0	180
268	1494
101	1589
0	171
40	171
620	458
0	287
590	309
1163	2
0	646
827	1825
940	1169
6	3
7	1663
300	1663
5	0
7429	7
61	0
1599	10
73	310
0	38
18	310
102	344
2	344
0	0
0	0
5	107
2505	592
128	267
0	325
53	53
0	0
289	796
752	797
1047	750
3	750
10	359
1830	1205
0	878
0	40
5	6
33	3
0	40
0	40
0	450
55	690
0	690
0	0
0	0
0	169
0	201
0	28
391	3
6	442
0	69
1609	481
0	0
0	0
0	0
2	169
886	656
0	2175
17	2280
0	2093
46978	42
5256	3483
126	2612
0	197
39	730
0	2899
543	86
0	86
15	136
455	1177
3	1041
18	0
2851	5
0	0
0	183
315	4
134	199
1357	2564
7	891
9	58
7	1311
0	2275
133	1967
118	2159
0	2050
53	414
0	414
0	0
0	1
0	1
83	0
79	0
0	2
0	61
0	61
0	0
487	0
0	7
0	7
0	928
0	976
256	1994
99	1976
134	0
370	0
388	0
70	3413
0	3174
0	3418
9	3
0	0
103	391
37	391
181	0
711	0
717	472
17	288
0	288
0	0
62	0
0	0
0	0
1617	4
0	3
0	3
4	31
13	31
177	0
0	0
253	631
0	0
0	17
24	17
1127	0
12	351
0	351
0	331
0	101
631	159
10	58
47	0
48	43
31	0
178	2
311	172
0	38
0	2
19	296
0	294
0	19
7	19
73	9
0	247
2037	247
0	365
6	422
37	422
120	150
0	150
7	14
0	14
3	5569
0	24
0	67
0	5451
0	3783
0	5504
721	0
2446	2764
269	221
257	7719
66	0
53	0
0	2
1210	1730
47	1703
0	937
0	885
0	795
1	209
0	5
9	5
16	0
0	157
742	168
0	0
111	177
0	0
16	0
27	412
0	62
0	56
0	379
8	471
890	0
329	1
0	381
112	381
62	0
0	0
0	9
21	51
18	51
5	0
0	131
0	8
0	295
50	295
19	275
57	0
2911	1174
0	1168
71	408
0	252
0	335
1261	0
0	0
106	2948
0	216
5	2959
554	0
0	0
0	0
51	2550
1	2550
0	347
727	347
26	3
0	37
20	37
254	219
0	219
3431	7
3	9
0	47
160	56
0	9
0	9
0	9
759	1
0	35
4	113
0	13
0	25
0	30
0	116
110	0
0	0
0	51
0	68
50	10
11	10
0	26
0	19
14	45
104	112
9	63
5	0
0	0
174	5
0	6559
768	8851
12	4582
17	497
191	445
146	501
824	0
0	0
0	0
0	25
9	25
37	829
3	127
11	819
0	58
1620	60
0	155
59	155
71	91
214	197
0	83
17	89
618	2016
3	2016
0	0
0	0
743	19
0	7775
0	7413
39	122
10	122
945	0
0	198
0	201
0	201
0	777
579	778
181	53
0	53
11	0
0	0
0	0
990	285
0	282
0	8
0	5
0	19
0	14
3	19
29	57
3	57
12	25
0	3
0	3
0	55
0	2
0	62
0	62
0	199
329	507
48	115
0	0
131	0
974	333
0	202
66	28
0	28
0	0
0	13
0	140
0	33
3	140
22	259
0	21
0	259
0	0
24	0
222	0
206	788
0	783
0	775
0	783
0	265
0	469
870	1
175	0
16118	6128
36	6121
7	0
0	0
334	328
0	328
567	354
0	354
0	114
337	118
4210	3
7	142
0	142
8872	4955
1143	1
361	1465
11	1465
2227	19163
0	1534
5	17979
8	8793
3	16651
0	688
2997	1759
3055	4
938	818
0	273
36	189
4	207
0	0
0	0
1204	15
0	14
10	0
123	0
1140	337
15	337
0	4
0	8
0	8
0	4
0	0
0	14
8	14
1360	469
0	468
0	537
0	495
0	5129
16	4875
0	380
0	2508
180	2187
0	2182
0	6
103	6
0	6
0	4
21	4
0	31
0	6
0	9
0	31
2	26
60	2850
49	2856
1	0
443	1205
0	703
0	434
0	0
0	700
0	0
854	1877
23	1876
324	1
0	29
23	1550
0	1299
0	1622
4	0
0	0
157	39
916	2142
0	3037
0	3056
86	0
0	0
2	476
503	976
0	0
0	0
339	1
0	1025
0	727
312	2802
561	0
0	29
1471	1073
37	1102
0	447
19	821
0	821
13	0
0	0
63	3
1066	2120
0	2123
0	1337
5	465
65	12
0	12
3	0
1282	2
1209	3764
9	3753
5589	493
1200	23778
0	21959
3	8116
54	22168
484	0
0	656
0	656
0	13049
14	14140
8	12717
13	29
56	0
0	45
76	58
0	22
22	290
0	7
0	268
0	268
2414	1504
0	1436
0	840
0	1499
0	199
135	676
0	676
0	371
259	371
128	164
13	63
0	0
12	0
3729	1416
35	105
54	94
0	1311
277	0
4	775
0	243
129	1830
73	250
12	1857
0	0
5	0
0	0
0	271
0	415
0	315
189	442
52	201
0	44
7	199
310	56
0	56
513	0
259	274
472	0
0	0
335	41
4	34
1	7
0	0
1491	1
5	111
0	111
0	25
0	696
34	4
0	689
0	636
811	2333
11	137
34	2333
30	0
25	0
0	66
0	192
46	192
0	16
4	35
0	78
29	84
71	0
0	36630
3	69589
0	45599
5	37937
1	33088
15	156002
14	170734
0	94731
401	3126
0	402
107	3082
0	0
0	5
0	5
359	47
0	45
446	938
0	176
0	1037
0	17
0	1029
0	1072
0	1487
3409	1489
1017	134
0	132
6	0
0	286
2	218
0	537
0	568
65	910
13	851
40	462
26	462
384	48
0	48
336	0
0	0
0	0
0	0
0	674
758	3531
0	1791
0	426
17	3664
194	402
127	402
222	158
0	68
0	149
0	0
0	0
0	4
0	0
13	4
23	197
0	787
0	753
242	84
18	501
101	501
67	1100
7	1100
155	0
5	16
0	0
0	0
0	11
0	7
0	0
0	0
203	1823
2440	1826
0	0
11	0
0	44
1224	35
0	44
2661	596
0	595
565	1
1522	1520
0	940
0	580
521	1813
0	1715
91	788
0	2
0	40
0	0
0	40
4	37
121	0
5	4
127	621
0	923
113	929
0	928
641	165
42	100
0	143
0	1227
1111	1853
0	765
0	5
0	0
0	0
0	5
0	0
0	0
111	1006
34	994
0	14
0	520
8	719
50	527
0	155
1981	9
40	6
437	2780
302	2880
229	1297
1200	1297
26	655
953	1014
0	154
8	813
3	2
23	8
3237	837
0	835
0	82
0	86
0	50
638	435
0	0
0	434
5	0
1980	7
572	0
268	5
13	578
0	2048
1	126
0	130
0	2048
61	0
0	0
7	2414
66	2725
39	2673
16	93
139	234
150	1254
0	2668
90	4554
0	1535
0	3863
49	26
0	26
3	0
0	0
1404	131
6	0
0	32
97	372
0	372
0	11
0	7
188	73
0	22
0	17
0	66
0	66
0	73
0	0
2717	0
0	118
0	0
179	3209
74	3209
0	6115
13	23393
0	21656
0	20980
0	6
94	24
36	0
12830	14
0	0
122	117
120	6
0	6
42844	72
5012	987
0	0
0	610
5454	613
355	0
9	508
0	76
2	82
0	0
1138	313
8	0
0	0
0	0
64	0
6363	1414
0	0
0	0
0	0
801	3
209	2097
22	2097
2829	7
32	0
4	141
237	0
807	0
127	525
0	0
12	525
20	0
77	36
134	110
0	95
5067	9
428	0
0	0
0	0
3129	3
0	40
210	99
0	62
0	0
0	0
0	0
101	72
157	0
2744	2006
0	680
71	302
0	1912
53	1319
63	1319
139	54
0	54
0	2354
0	125
21	2354
26	267
0	230
0	144
732	1348
0	1403
0	1217
0	1370
31	0
0	0
0	0
0	0
1	0
0	61
0	4379
0	4407
36	4344
40	4344
3153	1595
888	1864
574	1610
1633	3040
18	51
6	62
24	11
0	93
170	93
3	8
0	8
1132	1
27	0
1287	3930
142	3926
28	52
0	1420
0	1420
2	140
10	140
0	0
0	0
77	456
0	447
0	456
0	386
0	323
0	329
0	320
207	493
30	477
54	127
1511	3
267	68
0	66
626	0
0	0
0	0
163	176
8	134
2	54
289	0
0	10
0	10
2625	1
1806	0
1755	8
0	1381
3	1603
3	1603
0	2287
473	224
483	2507
0	1
2554	3537
0	3536
12412	7
75	106
0	106
18	104
0	104
720	95
0	95
0	0
0	25
165	27
0	2
482	258
0	0
0	0
0	384
13	353
148	148
0	79
52	799
0	245
0	799
196	819
14	819
523	478
54	477
39	205
31	205
3018	5
0	327
0	270
89	320
16	0
27	36
0	36
0	0
6	0
21	0
3	3369
15402	3411
0	55
0	55
0	23
1	23
0	0
2	0
3062	2
4403	802
68	791
0	716
33	721
0	3368
339	686
50	3368
159	241
203	241
60	121
0	121
0	52
0	52
60	666
693	1118
375	341
0	631
46	1151
169	696
11	7
0	7
6	183
0	183
0	183
965	1855
0	1758
53	1718
50	1803
19	1813
30	1708
978	436
373	435
0	0
0	0
709	13150
219	2140
0	12506
0	10544
18	10845
0	11177
0	10736
140	12194
20	417
0	229
0	997
25	487
0	1154
16	1030
386	0
0	0
22	846
0	846
0	90
9	65
7	53
15	277
89	277
742	388
10	388
1	9
813	0
29	0
356	0
10	3198
0	799
223	3198
2758	1016
0	1012
1437	1984
139	359
175	2059
159	321
0	316
0	653
2	345
0	614
0	265
143	781
664	990
1532	1864
31517	1910
208	88
36	27
0	88
228	1
3	0
229	2235
0	2235
15	508
82	508
0	116
46	13
0	0
0	13
1221	3032
0	57
142	2726
0	3016
3153	6
49	178
0	2
0	2
0	8
0	275
0	276
7	60
0	17
0	17
0	36
9	43
282	43
0	4
0	4
6	4
1941	3
6	0
0	0
0	0
0	0
231	0
3	0
56	0
0	294
0	61
0	0
0	130
47	294
0	100
829	104
7	271
0	160
3	2
5501	1152
265	112
0	12
7205	14
49	1
0	1
313	1103
0	1103
30	142
4	693
445	705
173	3
1179	653
10	653
0	0
0	6240
1475	6241
0	27
1396	135
17	0
0	59
10	77
38	216
0	252
0	2688
0	2693
81	307
0	5136
74	4698
0	5045
0	4678
85	770
0	203
0	243
0	126
0	770
0	16
658	555
0	465
0	29
0	52
0	214
0	24
0	45
85	214
52	0
0	130
4	78
0	0
3	99
520	171
12	12121
0	12121
0	8554
190	1003
0	762
937	277
0	29
747	1202
0	3
0	3
23	36
365	0
3	0
0	0
42	50
0	50
309	0
669	0
0	0
0	0
3520	164
4	8
0	156
0	2815
0	1192
5070	2834
1099	0
173	0
0	42
0	42
0	42
0	224
442	227
0	224
0	0
0	521
46	481
181	513
32	0
0	319
7	292
67	173
105	4389
0	4389
107	132
0	132
0	132
273	0
0	95
0	102
0	102
0	0
74	0
0	17
0	12
5	38
229	1420
10	125
0	1325
1715	387
25	325
12	384
0	0
1	52
25	117
2788	438
103	440
399	387
0	174
0	45
0	0
0	56
96	56
40	82
0	2
0	82
0	69
0	0
242	31
0	11
44	11
2907	4977
0	5228
0	29
2	423
0	606
0	5484
0	1926
1349	2754
0	2754
322	643
0	317
0	26
13	0
18	69
705	70
335	0
250	0
137	2
0	0
0	0
14871	27
44	22
0	3
0	19
0	19
0	22
44	22
10599	6
0	1264
3096	2956
0	1911
1806	4
0	0
402	0
229	643
24	689
0	685
42328	33267
5	33189
33	0
1338	2
54	1074
32	171
109	5
0	1070
156	114
0	31
0	24
120	0
45	0
0	0
0	219
163	805
2	689
0	0
16	129
818	129
5195	8
9404	10
18	0
4	0
2233	378
797	6
7837	13
0	0
0	141
0	12
69	141
507	0
2573	1762
382	1
9	0
39	1901
2	1901
0	0
13	0
0	21
0	6
0	6
0	5
0	23
10	35
0	26
1818	12
0	0
0	0
1	3679
0	10610
0	10786
7	32
0	144
0	128
6	119
0	150
0	134
139	239
0	239
14	0
243	0
44	632
4	574
0	479
0	6
0	1
2	1
35	0
4705	433
0	425
1253	4
25	0
6	77
2064	1422
4	166
0	1792
37	1820
52	348
64	348
39	0
1990	91
0	89
92	399
0	25
156	77
0	76
2	2
0	0
0	0
502	0
76	0
0	801
159	801
86	119
0	119
17	64
0	64
1	42
391	990
0	986
51	153
16	153
0	16
0	16
0	573
48	882
43	1
0	6
0	2058
0	229
3360	2059
0	0
0	0
0	0
0	15
0	15
340	50
3	60
12	79
0	0
0	0
63	244
0	4
10	57
0	0
0	0
0	244
0	244
0	244
0	244
608	612
0	7
0	7
703	1176
0	1176
0	0
0	2
0	6
0	6
0	6
0	6
0	6
0	0
11	138
0	549
221	609
7	644
0	644
3	674
5	29
4	657
77	42
194	93
0	86
4	77
5	52
214	52
7112	9980
2215	9974
0	14
0	19
0	25
0	22
9	26
0	70
52	70
779	0
1108	1
0	213
0	180
0	171
6	222
316	564
0	299
489	473
0	472
97	1085
0	331
50	1085
93	221
103	221
0	0
0	0
0	0
0	75
206	63
0	3020
31	1944
27	2833
9	0
133	908
20	1047
15	319
206	166
3	67
0	83
11	464
27	464
5665	9
32	18
0	18
290	0
0	2
14	9
0	9
7122	3005
26	3042
38	2540
10	0
209	13
0	13
498	18
0	17
0	242
251	2291
0	1883
5	15
321	187
0	187
0	0
19	0
22	15
0	15
1	634
0	241
0	163
5	0
0	11
0	11
150	189
26	188
189	0
785	2
31	0
398	367
0	0
0	12552
0	4297
24042	13269
2	4425
1534	0
0	19
0	27
0	25
70	46
0	20
17	20
75	176
0	176
0	0
0	56
11	56
6162	11
0	0
0	0
0	0
0	13
5	13
0	0
0	0
0	0
333	0
82	320
1	320
3988	1629
0	1302
0	1617
168	217
8	217
174	396
92	396
0	19
0	5
0	0
40	14
7	14
8927	8
0	0
188	204
116	306
0	306
0	293
560	2102
0	807
0	1132
71	149
0	149
0	105
18	22
2	22
40	144
0	144
21	0
0	468
0	468
0	468
1910	1
2814	2424
4	282
15	2418
359	0
58924	100
0	32
162	69
12	0
551	5
62	638
0	356
10	188
0	185
0	638
4451	9
228	15190
1	9089
207	10568
1	3934
0	7942
4084	1
8570	1162
0	617
0	530
0	0
9	98
0	98
62	3
0	0
0	2
0	2
7246	9
0	4
0	6
189	6
1454	3
83	71
21	0
36	60
4	2774
0	139
0	2930
0	2931
228	208
0	1445
117	1449
4	0
5	0
0	0
0	0
0	0
97	29
0	29
393	293
70	26
1108	291
3232	0
0	84
2211	88
163	0
0	43
0	0
0	0
7	0
37	0
1757	2
0	0
245	0
0	69
0	3
29	72
0	0
0	1
0	1
0	0
101	61
28	81
0	81
1183	1781
13	14
306	1781
6	73
4	2
0	25
6	27
72	397
1192	2
2842	0
166	0
20	0
27	1002
0	15
0	312
117	784
123	784
233	4
272	0
0	0
0	0
0	16
0	16
3	16
0	0
2085	763
16	339
24	508
0	62
202	62
0	0
127	7
0	6
0	0
3	0
0	7
0	0
0	0
4	7
12	0
0	90
0	88
0	90
0	188
0	78
2016	4784
0	0
0	0
6631	5
0	125
711	240
0	58
2	0
48	14
195	22
16	22
0	14
0	16
3	118
15	21
0	106
34	0
0	0
0	0
0	21
0	0
0	0
0	0
0	0
0	21
0	21
0	1
0	1
0	1
2615	0
0	1273
0	1260
0	1204
0	1351
1	1344
6	1345
0	1275
68	652
129	656
16	656
17	327
0	327
0	182
72	1408
112	1408
353	115
0	80
9	133
8	0
0	0
129	258
0	0
0	55
0	219
0	213
0	213
0	0
0	0
2	1
0	1069
0	163
0	929
28	4859
0	380
19	4557
0	0
0	0
16	413
0	441
0	443
45	0
0	0
0	14
395	14
200	230
2	230
687	1
0	557
0	151
0	585
0	586
0	637
0	67
14	67
0	0
0	0
0	0
0	0
0	0
0	0
0	0
23	3
0	0
0	0
0	4
27	4
179	458
1	457
175	0
2164	0
117	69
0	69
0	34
0	186
7	211
0	180
0	0
0	7
0	7
10	7
0	23
0	229
0	205
0	222
44	326
0	210
0	0
0	0
0	334
217	334
0	65
8	0
10	0
3	203
0	113
3	506
0	111
0	479
28	216
12	203
156	367
1038	1660
0	1584
0	1723
199	192
21	2057
26	2057
0	0
0	9
12	9
216	0
38	469
2	469
0	465
0	1129
29	1129
49	0
0	74
0	124
6	85
0	181
901	553
0	344
28	211
0	192
27	19
236	610
389	608
708	199
117	359
0	144
0	110
30	0
1649	7
1	0
0	10
0	10
0	34
0	34
7	135
0	38
0	163
352	26
0	23
0	203
0	5
0	1
0	202
0	150
0	206
0	144
230	3
0	1
0	2
11	52
0	175
304	191
0	178
189	308
7	81
111	452
70	297
0	141
1230	15048
45	15047
0	0
2625	1799
14	206
464	206
0	3420
0	3380
10372	3866
1	3801
0	2736
0	1690
8	0
0	0
0	127
7	78
365	333
0	235
5	155
3973	123
0	118
483	814
0	814
0	0
10	0
24	172
27	172
248	1
2	0
0	156
12	352
0	145
0	94
0	182
0	190
0	140
0	2555
1	2411
0	2207
37	2490
0	2349
14	2515
23	2665
0	2167
185	78
322	78
147	588
2	588
0	0
0	0
91	36
57	17
9	19
14	19
60	93
0	93
1495	3584
0	3580
0	10
0	0
0	0
0	0
1592	8
0	0
4	0
0	0
167	0
0	325
12	69
0	44
0	325
55	0
343	949
12	15
67	0
0	391
6	96
17	0
7343	6
139	1388
21	1456
23	335
447	335
65	426
0	426
2400	949
11	947
2786	4290
0	4290
0	0
2	0
0	2
0	2
0	148
0	98
0	12
1	92
0	124
0	90
0	2
0	88
1	151
0	0
0	0
143	35
0	206
1026	1334
0	1260
0	1334
0	428
2376	796
0	179
58	178
0	178
1050	416
5	416
68	174
167	2296
246	2296
2610	7
36	54
30	53
0	74
0	96
0	35
0	34
368	3244
0	3141
0	532
0	1213
68	17
0	17
29	67
0	63
97	688
125	343
0	547
0	64
0	28
0	8
0	64
1747	0
1520	1
0	64
302	5
0	5
0	0
0	19
7407	4
131	1438
2	91
0	165
6	1434
0	1059
4	11
0	89
0	16
0	89
0	21
17	21
2370	2
15	131
0	24
2	584
0	584
139	19
0	19
220	1482
1	47
0	1340
0	0
0	0
11260	21
0	901
8	920
184	108
9	87
14	66
41	1158
7	872
5	908
0	1008
0	0
0	0
13	695
2	30
23	945
0	980
1727	753
24	627
0	326
838	515
0	515
3927	4
0	232
0	0
0	13
1	97
0	170
55	78
0	78
9	114
105	114
42	32
0	18
1	117
0	33
0	84
0	598
0	7293
0	797
0	7191
323	7186
90	632
5	281
0	6
0	154
0	0
0	0
0	77
0	0
0	0
0	0
0	0
0	0
105	0
293	293
0	293
11	72
0	72
0	72
1015	3926
0	3246
131	686
260	0
0	354
160	370
142	0
0	0
0	1012
115	1012
5	224
123	224
0	144
0	34
0	34
22	444
54	1
35	444
40	46
1197	23
80	21
7	0
0	0
0	0
0	0
0	0
0	4
22	4
0	5
0	5
0	0
449	0
224	399
10	0
0	6
15	119
989	5283
0	142
0	24
0	5404
38	15
0	15
0	0
0	139
0	205
10	310
0	0
0	0
0	299
39	113
0	113
9	604
0	187
5	552
439	34
17	33
152	48
1	35
28	0
19	46
23	1617
0	220
0	1397
0	1456
5	278
21	1440
0	1235
569	0
4	2746
329	2749
0	37
61	130
0	130
42	57
21	57
0	9
26	619
0	276
710	522
0	2
0	2
0	2
274	71
156	345
40	301
0	3925
17	3925
27	20
0	9
0	9
847	2019
8	2020
50	301
0	301
802	0
64	3209
2	206
0	32
0	3225
0	3226
0	3337
94	3059
0	0
0	0
0	0
10	513
4	2
0	0
0	3
0	0
0	1024
1517	1024
0	1
9	11
0	11
0	3
1048	316
0	0
0	0
274	683
154	683
21	782
0	931
0	929
193	145
0	145
0	407
0	407
101	300
65	2025
0	889
11	68
55	2319
53	185
0	69
6	2108
0	2050
181	218
0	9
0	169
107	73
0	71
0	49
0	0
0	200
0	236
0	245
73	57
540	5
0	0
0	3
0	3
54	0
0	1547
128	1651
50	1
0	1
20	0
0	2
0	2
57	59
0	46
0	16
32	76
0	76
894	0
654	79
0	75
0	6
69	0
0	0
5	0
1707	8
5	0
0	0
6	8
0	8
1187	3
960	528
0	29
32	910
102	910
791	0
10	0
318	0
251	1
0	1
623	2
2	0
559	1268
0	1268
350	0
2361	58
80	1
0	0
2	14
0	14
0	11
0	2702
96	2606
0	445
2	65
304	1060
0	1060
0	0
0	0
0	0
0	0
1	2
1	206
0	899
6	943
0	131
0	0
5	881
42	958
0	0
0	0
6581	12
0	6762
1237	8691
0	1960
64	0
0	0
0	0
4	0
0	0
132	0
786	0
3801	629
1977	0
0	0
0	0
0	0
0	0
47	464
88	464
125	249
0	249
7	0
0	1071
0	53
0	175
0	375
18	1112
0	1069
40	115
11	0
0	0
76	0
1	27
0	0
30	38
0	38
46	226
0	22
325	226
1630	5
583	0
59	1252
478	1252
163	365
0	194
0	20612
0	21806
0	23146
388	25448
1	24110
52	33
0	23
0	2
0	8
0	0
0	0
4	0
823	2
0	0
7102	16782
11	16777
1	7096
2	5417
3310	10
1360	131
0	124
94	0
0	0
0	130
0	0
0	85
8	49
2233	1
30	0
2914	1
61	15
558	15
643	0
0	0
1065	1
0	333
4	333
34	7
0	7
12	11
0	11
0	2
52	25
0	23
0	0
736	0
44	75
20	623
218	623
24	0
0	0
70	1
26	0
5055	3
0	21
358	210
0	199
0	184
0	199
0	193
2	0
0	0
26	2
0	0
0	58
1200	3841
7019	3889
471	1707
0	1707
6	134
0	22
182	150
228	146
0	0
6	0
0	0
8	20
2112	239
427	10
0	2
20	440
11	440
0	0
0	0
0	0
9	1
1677	2
0	8
0	8
0	1438
370	1438
315	218
0	218
8	0
463	4
250	5926
5	5926
0	4297
25	1228
7173	2392
0	2028
0	361
0	0
0	47
5443	415
0	162
0	123
39	153
0	747
2	98
1931	756
0	0
0	0
0	0
0	0
0	117
10	16
0	16
644	245
9	244
18	100
67	9
19	36
0	70
82	85
2	67
11	72
0	72
90	0
5	65
0	65
1709	0
0	167
0	0
157	0
4	701
0	539
263	701
0	867
0	4263
0	4155
0	4381
0	3785
0	320
5	431
1156	996
0	628
0	113
0	11
0	65
25	56
10	78
0	78
36	51
0	0
0	0
0	0
36	0
267	1
920	0
0	12
70	380
349	705
0	187
54	568
128	0
0	27
0	9532
0	3887
0	6821
5216	14485
43	12492
0	216
2846	591
0	0
7	0
425	277
0	277
0	98
0	0
17	98
1	112
0	0
0	0
296	1
4	243
0	1225
1199	1474
2491	15
1381	1506
0	654
0	2969
12	2827
0	2825
0	30
1	233
0	151
0	151
0	2
0	2
429	160
0	160
2072	629
192	628
0	88
18	88
0	0
3	0
0	4
0	4
0	4
0	0
3909	115
0	109
1409	6
0	0
0	0
8	0
9	0
123	0
1473	495
48	492
0	217
25	217
0	83
5	398
471	302
4	122
0	302
42	1180
0	367
8	1180
0	39
0	15
27	15
647	427
30	442
0	0
0	0
0	0
66	0
2211	354
0	10
0	351
0	237
0	0
0	0
0	0
0	657
0	0
0	654
0	637
0	634
14	0
0	36
0	36
1	13
0	13
0	13
0	0
0	760
0	726
0	98
13	773
0	0
0	635
11	575
0	693
972	1368
1	882
14	33
419	1
415	2008
27	2008
2	70
2	317
0	142
0	96
0	108
0	126
808	0
8196	48
0	81
0	1
0	17
142	417
0	442
48	537
3	28
0	57
0	122
0	108
5	551
0	6
0	6
0	6
0	0
6	25
89	0
0	14
4	14
0	14
0	0
0	0
0	249
0	0
0	25
0	20
0	25
0	234
0	249
0	324
8	204
11	232
65	232
35	436
0	432
0	433
0	73
103	73
0	0
0	0
121	11
51	5
0	5
272	126
1914	8
0	24
1199	0
0	152
0	144
130	581
11	541
17	53
4	53
0	627
1391	633
0	14
0	8
0	14
17	120
0	120
24	3901
0	44
0	2936
37	1438
2179	9026
3	5097
6	3858
42	4518
0	2593
2014	0
348	448
904	454
2363	1
13	611
0	77
0	582
57	602
1802	514
35	512
102	312
14	312
193	487
0	442
0	6
44	35
42	0
0	0
359	677
0	128
229	204
5	79
4	63
704	162
0	162
0	122
1857	2316
44	968
7	798
0	485
1133	402
0	1387
25	5
6	5
0	137
39	49
0	336
6	364
93	20
0	20
0	20
69	0
0	0
0	0
404	281
160	609
0	265
27	315
0	55
19	75
0	47
8	58
0	58
32	0
0	35
37	2295
95	2295
18	0
0	59
107	59
0	1022
16	1766
2455	1766
0	12
55	46
0	46
0	77
0	90
0	993
2	1858
0	1439
0	16
6	28
3	28
0	70
20	105
532	102
0	102
21	620
0	620
0	615
0	6
0	4
1379	354
0	216
0	222
85	292
0	291
0	1496
2	365
315	2424
0	970
1	0
2567	7
683	30
498	0
1045	0
602	0
4	693
424	2849
259	2849
1	0
0	28
0	326
11	326
0	321
99	362
58	362
0	32
12	8
501	357
0	107
0	249
2056	6701
173	3591
6	1213
184	1367
4	1068
447	1068
0	0
0	0
10	14
0	14
0	23
0	17
0	23
0	23
0	0
209	0
16	0
0	887
0	1865
468	1870
2	0
11	0
919	5221
694	5221
0	11
0	11
4	0
0	94
744	94
90	91
235	91
0	89
4365	96
456	0
0	57
4	107
12	107
12	0
0	226
106	260
4306	2
1373	147
0	147
3	0
32	0
0	1203
1171	5699
30	101
0	101
0	1
276	0
1080	2460
0	103
0	12
4	2446
1095	696
0	696
550	0
0	4
0	0
0	0
14	4
230	0
3976	9
0	0
2	0
0	21
76	27
0	6
0	714
140	1733
0	1004
133	1691
0	579
0	87
0	63
35	578
16	96
0	96
0	6
0	5
0	11
0	13
0	13
0	13
0	13
4658	960
0	959
25	0
30	0
0	1
0	0
0	989
0	336
0	537
0	212
0	876
8	976
0	7
0	0
0	7
0	906
0	906
6226	6
378	751
470	1506
7067	7
79	1421
0	1421
0	257
0	237
0	239
1340	4100
0	4100
265	3787
0	0
0	0
103	2349
0	210
0	1674
12	2338
2624	165
0	505
14	6928
0	4911
1550	7436
0	222
514	157
1	241
0	1484
293	2010
0	2217
0	2066
0	3
0	3
0	0
0	0
659	508
0	506
0	120
0	319
0	319
0	82
7	75
0	45
846	110
16	338
0	86
13	338
56	2
1	0
0	3377
0	3284
8	3352
0	0
10	45
407	0
554	0
16	0
1753	1638
0	1347
108	694
9	31
0	36
0	223
532	596
20	0
0	8258
0	8039
0	2
41	74
5	74
0	45
0	0
0	45
0	45
0	312
57	335
0	335
10	0
298	663
1	30
3	33
0	97
32	99
2	66
5	11
286	0
0	61
0	42
908	479
8	416
10	53
0	53
0	52
87	52
31	5
0	5
4	1008
287	2722
259	2747
0	2759
4	303
0	294
0	7
0	9
8	282
0	59
750	179
0	3
0	7
0	7
717	6218
0	5306
404	595
40	595
110	22
1180	2406
2	179
6603	6
205	310
0	310
57	0
4511	1
60	0
0	350
329	442
0	402
0	425
1653	3
732	1041
0	1281
0	1341
0	1516
712	5
14	0
0	89
331	205
1	173
0	0
0	0
0	0
5	0
0	0
10	0
1	10
0	10
35	1538
0	1538
7	18
0	18
0	8
0	8
95	45
0	77
0	53
1794	105
240	615
0	91
0	18
625	602
0	1245
427	1311
85	846
2	287
0	287
0	9
53	266
8	266
174	0
44	26
0	26
57	260
0	18
1513	66
4	45
0	12
14	12
0	0
0	0
0	149
11	143
0	113
7	133
0	140
0	140
0	147
0	98
0	0
524	447
0	444
75	7604
0	7604
48	224
122	0
0	0
0	0
0	24
0	24
9	0
36	970
0	101
0	970
230	698
0	306
266	613
473	0
776	0
0	0
0	0
0	357
0	25
15	94
0	35
446	35
0	192
0	192
0	78
7225	9
622	0
1734	0
81	128
148	671
8	671
2	8
0	24
0	24
0	24
89	1
0	60
0	313
0	70
21	292
107	0
123	519
110	73
0	174
0	190
16	964
0	885
66	739
0	739
17	48
7	48
0	163
23	401
12	418
0	423
0	0
1	0
120	195
0	195
22	0
4	0
0	0
0	0
3	0
0	589
6	251
4	380
12	791
25	700
0	314
0	1855
0	332
2	27
46	2929
0	2992
0	0
7	0
3142	1
0	0
5	0
667	168
41	0
2826	4
0	337
0	85
331	108
39	235
2	109
0	249
3	240
120	0
0	9
6	9
0	1
0	9
0	9
2388	10
415	5647
226	5647
0	139
0	2439
0	2506
0	2431
154	2307
361	0
95	711
30	711
0	295
3981	15
132	5811
2173	5788
0	736
162	24
210	3
56	677
8	721
0	684
630	0
0	42
8	42
53	180
0	116
207	182
0	155
1055	1
21620	10489
0	10471
0	570
60	529
0	364
0	295
0	257
0	114
3	1257
0	1185
0	1054
0	1090
0	9
0	9
2330	14364
0	14363
709	288
24	288
4	0
0	0
82	937
0	937
0	6678
0	346
0	6469
4	6960
7	6151
0	2133
203	2133
0	853
151	951
48	943
959	97
0	95
0	0
0	10
15	2312
0	1619
0	852
1807	2174
127	1
234	0
434	449
1396	2
1559	0
647	475
41	468
642	0
47	872
0	17
19	873
0	634
0	10
0	628
0	723
23	0
2222	4
8	34
0	751
33	596
2	792
0	0
2504	3391
0	0
0	3391
726	534
207	319
797	3
0	2
0	334
3595	339
2215	0
0	0
0	0
0	11
0	11
247	633
0	4020
0	511
96	4373
422	4375
29	7
0	7
0	14
0	0
5	14
6	0
0	172
0	2411
0	569
2089	2421
0	180
17	180
4	187
98	204
0	2106
0	188
2974	3700
0	2047
1259	0
159	0
0	0
0	0
1094	115
3	113
1154	544
0	538
0	525
93	0
488	1
6	8
0	6
0	0
0	0
0	0
632	768
0	35
28	36
0	26
0	107
58	107
0	0
0	467
2969	40166
0	4006
5038	33803
1	2337
22	7258
13	7
14	2
135	541
0	323
0	7
55	153
0	44
65	0
638	3857
0	61
17	3796
0	1709
1728	1709
186	0
0	36
0	69
43	105
0	128
0	85
1620	1618
262	1618
7	532
0	1219
411	1198
308	1539
119	1219
65	1244
0	110
40	1279
70	435
49	435
0	198
0	0
89	198
0	0
0	0
0	0
0	0
0	0
4	7
4	327
1	327
0	285
2681	249
0	249
0	237
129	411
0	814
0	1368
55	1308
0	343
1400	345
0	0
0	0
0	0
0	0
0	154
0	2205
0	3060
13	3059
1	3098
0	47
13	81
0	0
0	0
5	331
0	126
319	2825
27	2867
31	133
0	617
458	617
0	1158
0	517
0	1242
432	4870
3	671
0	2114
6	4867
2282	5
4	0
0	0
57	82
0	27
0	131
72	296
30	425
0	206
2762	3
548	227
0	28
243	28
1	0
4745	4
2	5
0	5
2254	19
5	18932
9	14033
0	15143
2315	31215
0	17251
0	13987
464	0
5	33
214	33
0	0
0	0
0	0
0	0
0	0
0	0
0	14
0	96
0	14
5	96
39	85
0	88
3	257
0	125
0	325
63	190
0	197
627	1378
0	461
0	20
0	11
36	28
3	43
0	21
0	0
0	522
1123	522
993	0
0	0
363	81
0	81
2275	3
95	11
0	11
0	29
14	757
286	739
168	2706
0	1008
0	1795
0	984
1088	0
0	209
0	112
0	569
11	657
804	0
506	0
0	7
0	7
513	0
95	269
0	79
0	190
0	46
0	4
145	4
12636	925
144	625
20	940
0	940
0	700
32	464
498	196
0	30
156	213
0	213
98	161
7	158
0	92
124	95
153	0
0	0
0	0
0	0
0	0
0	74
164	262
4	258
7	234
0	79
218	255
26	99
0	99
1	99
5590	3
75	545
5	62
377	529
25	2
0	0
0	2
0	0
267	0
5	2124
9828	19767
0	1365
3	8572
0	8799
0	8612
0	18789
0	0
8	9
0	7
602	503
0	501
258	3034
5	2413
3	2373
0	124
0	577
43	2091
829	507
1365	0
394	44
0	671
0	8
792	671
12	49
115	96
3	90
326	3
5	77
0	77
0	0
19	94
0	94
0	264
607	1350
25	124
11	0
7	122
2774	2
375	490
0	161
0	433
369	0
262	0
0	0
808	8
0	0
0	0
0	0
0	95
771	1391
0	711
2	680
0	571
16	240
0	240
0	1400
1100	7074
1	7019
0	0
0	0
0	0
104	125
0	228
304	1882
0	338
54	1542
0	1544
0	1545
0	2
275	7
0	16
0	0
0	16
0	174
136	412
0	345
33	133
0	62
15	127
623	629
21	100
16	13
0	4
0	0
0	3
0	8
0	15
0	13
197	15
229	315
0	40
0	55
0	256
1578	149
25	144
0	0
4600	11
27	749
7	755
0	1505
0	1558
0	1551
0	814
0	1510
20	253
19	55
230	4200
0	124
22	699
7	0
0	0
2	375
721	375
11	6
39	20
0	179
0	272
507	295
1791	684
79	206
0	206
110	1
133	0
5	54
0	50
0	45
0	44
1032	168
32	168
92	5259
1733	5027
34	1437
43	1452
67	293
718	293
30	266
0	166
1247	978
0	890
0	896
0	895
0	0
0	0
956	2030
0	2027
308	38
0	38
0	1050
0	64
3	1062
1647	2948
58	35
0	35
0	0
0	0
0	9
3	11
38	961
20	961
544	6
435	0
0	9
148	31
5	22
2	0
0	0
0	0
0	0
0	0
0	0
0	0
0	0
0	0
226	140
0	140
170	0
0	0
0	0
897	0
2099	5
35	31
0	31
44	0
418	14
0	14
711	654
312	250
23	123
23788	40512
112	2229
0	3483
0	39859
0	0
4	0
121	0
277	0
0	97
622	97
139	2454
0	165
0	5
0	2430
134	2335
21	81
120	159
0	233
289	3
153	471
0	0
0	0
160	590
2304	594
0	0
0	0
0	0
0	0
333	1270
1	0
349	630
0	630
44	1
146	687
111	1043
0	1043
0	74
6	61
22	674
0	674
309	6044
9	2372
27	6044
125	0
0	0
0	1
0	1
0	967
1304	2088
2	2027
4	1283
0	1357
0	1289
5031	2
0	2
1157	134
0	132
19	35
0	0
0	0
148	252
332	629
0	132
2193	0
0	0
4	152
23	146
4	6
327	82
0	50
0	39
0	0
0	1
64	1235
0	809
0	28
7	1058
0	1259
494	1259
0	28
167	88
0	48
0	932
0	223
1496	933
0	108
0	193
66	259
148	4
0	0
6	4
593	116
0	115
42	16
0	16
1256	1046
0	1158
17	0
890	424
21	14
0	6
0	8
0	0
0	0
0	0
0	0
0	0
0	25
0	163
107	163
364	463
0	35
5	463
0	0
3	22
59	102
2	10
0	129
13	123
0	123
105	265
0	265
382	138
0	121
8	0
1196	0
2	501
1	48
0	276
0	587
65	587
87	878
0	878
384	199
0	0
0	199
10	66
0	68
0	67
0	47
4	32
21	47
16	0
19	0
53	86
0	489
359	1080
0	17
5	17
331	0
0	0
37	65
0	44
0	71
0	58
2027	21
0	21
0	793
0	749
1190	1
0	0
0	0
0	123
2	123
0	0
0	0
0	538
341	538
2774	0
0	6
22	6
32	192
0	108
0	0
0	0
0	29481
250	31085
0	16608
23	0
10	120
0	120
77	0
31	0
0	11
55	75
0	69
38	0
28	0
0	4
0	0
0	4
0	4
1452	2333
52	2331
41	35
0	27
726	720
0	720
0	38
0	38
300	0
7475	20
997	970
4924	8
631	0
421	1612
0	108
47	0
74	33
70	19
0	19
1658	1851
196	1459
0	1480
89	1489
0	1578
0	1551
0	0
0	0
0	0
2	46
17	46
0	371
1962	372
0	55
0	0
0	0
31	0
115	0
313	88
0	0
18	2
0	0
8401	1890
0	1373
0	284
446	202
0	0
5	0
22	0
298	3
0	273
13	39
0	273
1071	529
6	3
0	526
521	2043
0	1927
447	397
0	64
13	7
8	77
90	2421
830	2435
675	1582
0	64
0	1582
1282	909
0	909
558	1372
0	1372
0	1543
378	1543
0	0
297	0
0	4878
5915	27288
0	27194
0	469
92	1439
0	1439
169	1444
1539	1448
9276	20
3771	9
0	0
0	0
0	379
0	227
264	5876
0	348
1	5871
0	29
10	105
799	95
0	0
0	0
1505	0
0	12
59	13
0	13
0	13
0	3
12	0
0	119
0	119
0	0
105	0
0	0
5	0
362	1244
15	1131
79	1927
41	2067
0	1967
9	675
93	389
11	390
93	1634
1	2178
0	0
0	9
0	0
4	0
11	9
7	452
0	420
0	47
0	99
224	118
0	89
20	28
111	0
4	20
0	20
0	2
0	2
0	0
0	3
7	47
0	47
0	0
0	0
450	1
200	4210
39	4210
1057	0
0	26
241	26
556	0
175	332
0	275
0	275
24	58
0	58
6	2
427	0
993	730
21	730
0	0
206	12
3	0
0	10
0	0
735	552
0	515
0	37
0	0
950	2
21	195
74	195
4	38
66	78
0	78
24	53
689	0
1206	173
2	173
13	2561
98	1556
1333	1317
570	1
124	0
10	1152
0	382
29	1152
0	27
23	19
40	32
16	49
7	10
2	4
0	4
0	82
122	82
6407	3959
0	787
17	3838
15	3808
0	3801
9	36
12	36
3176	4
0	14013
0	5992
50	10519
1838	14013
0	798
0	135
82	1604
35	1405
0	1302
1863	6
0	0
0	0
0	0
0	0
0	0
46	0
377	1297
0	1297
0	0
0	0
0	33
95	33
969	0
11	49
8	69
0	77
0	82
0	82
0	281
30	425
0	425
72	0
0	5018
0	3204
0	3959
2283	6614
335	2
72	50
200	6
0	6
3107	3
0	13
0	9
0	5
0	0
0	5
0	5
0	18
0	9
0	0
0	0
0	18
5927	16
280	616
0	273
0	603
113	981
0	445
0	975
0	0
62	0
0	72
0	71
3	70
0	10
45	18
0	18
2	590
15	529
7	384
15	164
41	161
1130	879
8	881
14	67
195	94
12	58
0	0
0	0
33	0
96	0
26	6
27	5
6	703
0	5
12	751
0	761
0	395
181	0
20	0
0	0
344	0
863	2
4	46
0	3
1030	1382
3	197
0	176
59	1349
1	0
14	0
587	0
50	2513
0	2507
0	2554
143	115
0	115
0	125
0	244
0	195
5	824
45	855
13	66
2177	0
103	329
22242	352
99	0
0	936
38	1084
42	1093
211	206
0	206
0	0
4144	6
207	370
0	2
0	1
66	135
46	132
0	132
2	215
0	4
7	79
0	25
0	33
52	290
0	263
12	293
0	0
0	0
0	0
1154	3527
0	3520
66	16
0	0
0	36
0	36
27	0
0	0
0	0
0	799
580	1906
0	1906
0	24
23	24
61	0
815	2
39	487
1319	487
158	126
11	176
42	14
0	9
0	14
0	14
25	99
197	163
0	2
0	0
0	0
0	0
0	0
0	304
0	1178
32	1246
0	1183
20	1115
285	0
0	0
1	0
0	0
0	0
0	3
0	3
0	3
0	3
298	193
0	193
0	0
22	166
0	4
7	166
272	633
0	1810
40	2004
0	2107
66	2100
0	0
23	32
0	32
1	255
0	15
26	57
0	38
0	36
0	234
7	0
1005	94
0	94
230	1
0	1331
0	2059
122	1463
11	2060
5497	92
0	88
0	430
464	436
1532	482
0	71
29	71
27	0
0	0
0	0
263	0
10	53
0	168
0	204
32	360
42	350
0	0
59	0
5329	9
570	0
77	0
463	1063
0	1063
58	22
0	521
952	1165
0	916
151	521
0	521
1261	841
207	144
26	144
178	0
3	6
0	0
0	20
0	20
0	20
0	20
0	0
0	0
0	40
218	207
0	193
12549	4319
235	306
0	306
195	43
5	43
137	0
2086	312
0	151
64	11
0	11
0	0
0	22
0	16
15	49
295	114
0	79
114	71
17	2087
313	2087
585	0
242	0
1284	0
810	2
0	0
577	2815
0	2668
0	2492
0	2320
0	2717
0	2492
218	2559
6	2972
5	2641
0	0
0	0
0	0
588	283
0	278
20119	1705
2088	7
151	44
164	557
0	557
0	0
346	195
5	5
3746	12
0	0
52	1563
23	1563
0	1154
91	76
0	0
66	6
10	6
0	0
5761	10
0	0
0	1459
6	14061
318	37865
2	4398
0	10968
1	33720
0	676
771	1501
0	1271
0	1501
15	1246
0	229
8	127
1819	1224
0	0
2440	1
76	78
0	0
0	0
0	2479
1030	2479
0	0
253	0
0	0
0	1235
6	1040
80	0
0	217
0	661
23	661
0	0
0	0
1065	128
3	127
337	1281
8	140
0	1183
144	299
0	299
245	1
7	83
0	20
0	45
0	1
0	57
14	0
0	219
0	215
219	5434
72	298
0	5434
0	34243
1505	49392
3	23066
28	51
0	27
6068	4
261	203
6	44
0	30
2	44
0	24
0	124
61	200
0	66
0	200
86	386
0	443
7	294
55	38
0	15
0	18
0	7
968	24
0	24
81	599
0	238
0	142
1	545
754	6
0	1105
260	1107
0	0
0	0
0	0
0	5
7	1
0	5
1566	2001
0	2001
0	0
282	240
0	240
39	63
0	254
6	114
4	27
0	11
0	47
6	1301
0	0
8	1298
625	0
10	12
0	12
33	12
0	12
0	14
678	562
0	0
274	381
0	3
95	0
0	381
64	191
5	191
0	2
8	2
0	0
0	0
0	7
0	7
2	0
0	456
0	576
42	161
117	2212
6	2298
0	24
2	37
72	235
0	161
0	0
0	7
0	34
0	27
0	50
0	0
1190	1020
0	1020
0	1020
0	1020
0	888
0	1020
0	0
0	9
0	9
0	6
0	0
194	0
0	13
22	277
27	276
0	548
0	357
0	13
0	173
0	173
470	0
0	0
122	3516
0	2332
43	3516
0	0
84	0
0	588
444	588
76	196
0	196
0	0
1468	4
112	6
591	0
0	532
1113	1085
5	1136
1	0
0	2
0	2
135	280
100	280
927	441
0	441
296	0
0	0
0	0
0	215
0	246
0	163
0	160
0	94
0	1797
0	2349
0	2316
0	2348
0	4
69	1574
1	1570
0	88
85	5190
0	54
75	5460
0	3351
0	64
443	159
0	145
2367	3
126	39
0	6
0	33
8	0
0	231
84	254
0	246
0	0
0	227
0	227
2999	0
0	1578
2166	1580
0	1578
527	3
1657	39322
109	39316
3	103
7	143
404	978
12	819
13	0
0	0
5	79
0	0
0	79
1230	684
6	671
18	55
633	55
0	0
0	168
120	2772
4	157
9	596
7	591
3	491
15	417
33	2733
58	0
186	945
0	945
82	0
17	1314
0	46
360	1273
0	136
0	175
4	479
0	491
0	479
0	516
0	479
0	56
911	462
2066	6
0	0
0	0
0	43
0	51
0	23
0	71
0	112
4	27
56	412
1310	0
4	0
398	31
0	31
601	101
63	100
0	479
33	2729
0	2795
1	0
0	0
0	0
0	0
0	0
0	0
0	0
0	0
0	0
0	183
289	183
0	0
0	0
0	0
0	9
0	0
0	0
0	9
691	4804
0	493
31	5065
1067	4
14	46
28	0
0	109
0	61
69	459
491	0
377	1094
195	266
75	0
650	1
8	62
0	62
0	0
0	0
0	12
0	9
0	0
6	49
0	64
0	44
0	64
0	0
0	0
0	0
374	0
3054	20010
4508	20015
454	0
91	399
908	406
11	38
1822	8
199	0
217	0
5	28
0	0
30	26
0	0
0	0
122	0
0	113
2063	890
14	481
0	766
0	175
1310	0
1020	1505
24	26
0	1356
0	1377
1000	149
0	1286
2	1221
190	2
0	0
1250	1
5797	17
60	85
0	21
2792	111
0	109
8	0
0	0
0	142
0	335
381	1267
0	1262
786	106
0	106
583	1
904	0
0	6019
15160	21501
4050	1829
0	28
0	7
540	0
159	1063
0	172
12	654
0	57
7	442
6	1108
9231	7554
16	1031
4	7538
12	11
89	23
0	5
9	23
0	0
380	0
0	0
0	0
0	0
0	0
0	5
14	892
0	0
8	0
6166	149
0	148
1332	1679
0	1679
0	369
20	141
650	390
2388	5
1309	0
14	0
3	0
248	254
0	16
158	441
0	161
0	267
0	0
284	286
0	286
0	0
1108	0
3	0
505	0
73	0
19233	15
0	42
61	42
0	13
475	411
0	322
780	0
17	107
37	228
393	134
9	3113
124	3113
73	470
0	131
0	62
0	44
9	488
421	90
0	33
775	0
6748	514
39	300
0	833
21	531
17	1965
6	601
16	302
0	597
0	297
0	513
11	1
8	7
13	2122
0	2078
0	2079
0	2063
85	0
93	351
0	0
0	351
0	7
0	14
0	30
28	116
0	3
0	30
155	499
8	507
0	509
12	11718
1	11294
12	9460
0	9354
299	23
0	23
1329	1056
73	1055
1493	2
2	0
6032	18
40	5
301	1325
360	22
0	2865
0	2595
342	5
10	3
6	3
30	68
269	68
14	886
215	886
1632	1643
64	2283
22	2181
21	77
0	23
4658	3200
13	3198
4	7
0	7
0	7
7903	1826
7	1101
0	1030
7	0
1	13
17	13
35	6
15	6
0	91
63	161
128	70
7	933
0	0
119	1351
225	1352
161	717
706	718
2358	4
6	69
0	69
27	94
138	101
5	82
0	67
331	2234
63	2234
1136	191
0	0
50	0
32	0
267	0
3	1083
0	616
2	881
258	1230
25	290
25	0
0	155
0	69
0	142
41	155
12	1
0	0
1450	11
5	0
0	0
0	0
2244	1677
0	0
0	0
0	1
5	1
7	1285
0	798
0	726
0	0
0	0
0	0
83	3
0	3
39864	1607
1	1544
0	0
4805	9
41	0
15	0
0	2128
3490	2757
0	2744
60	42
10	42
965	344
0	344
48	0
68	0
0	282
0	124
6	526
50	526
0	99
652	0
95	0
21409	31592
1365	8040
105	26960
3631	12
924	0
0	84
0	97
0	95
3946	586
0	575
0	5
0	5
25	0
41	0
1233	1441
29	164
27	92
41	1122
0	0
344	152
0	152
0	0
0	0
0	26
14	26
67	9
0	9
0	0
0	0
97	228
0	228
9	192
1766	26116
0	93
9	2321
0	83
0	1784
50	26808
17	0
0	45
26	45
28	1102
0	642
0	688
0	652
0	17
0	4
0	335
0	82
0	78
4	348
100	104
48	40
0	85
0	0
0	0
0	0
0	0
0	0
34	19
23	247
7	247
102	0
2757	2
3465	3
0	0
0	0
10	273
0	49
0	461
0	447
0	0
371	3935
228	3935
0	0
25	19
80	0
0	0
0	0
0	601
0	50
0	178
6	162
25	4003
0	4003
0	4083
100	1725
0	1433
0	13
1	18
0	11
431	1
8	1042
0	603
0	580
6	41
0	532
0	0
0	0
0	13
0	0
0	13
0	0
124	2521
0	128
107	7840
60	7774
49	66
0	3
4	69
3402	3149
0	3144
0	2507
4881	4057
0	4051
427	617
0	315
0	278
40	3810
3	553
0	912
2	469
61	3771
5567	3
33	67
98	856
0	278
0	185
0	558
0	592
0	0
0	0
0	0
47	12
0	36
0	31
0	36
88	380
147	381
0	44
8	139
0	27
84	91
0	18
0	18
98	118
0	8
1	18
0	395
26	395
665	498
0	12
29	11
0	23
0	7
7	19
79	243
25	243
406	396
3	633
90	2428
0	790
0	2216
0	0
259	246
0	246
1708	1223
80	310
3	212
0	21
150	517
0	68
0	485
0	0
50	0
16	2
0	2
688	118
3	6
1	18
0	106
4	0
0	80
0	0
110	199
0	199
45	7
0	0
1437	3
42	0
0	0
0	0
605	5322
0	68
0	1293
31	1162
1015	6971
0	0
0	0
0	0
0	0
0	0
0	0
3	0
0	0
19	0
5	4
13	0
0	489
895	1102
0	1264
1410	45
0	45
0	0
967	1
20	3
69	136
7	157
82	55
18	226
0	120
47	120
0	0
0	0
0	0
5	0
571	1044
0	1042
0	0
0	0
0	0
0	257
370	263
22	87
13	87
0	0
0	0
0	0
0	0
0	0
0	3
597	120
15	19
16	0
0	0
0	0
8	42
0	47
62	2911
0	2886
0	1392
0	1429
0	1398
0	2821
0	0
0	0
0	0
0	32
0	152
0	118
34	7266
0	7349
112	593
2	593
0	10
196	0
1521	0
0	0
0	24
14	24
0	24
0	24
14	39
0	39
1	0
168	32
0	32
30	2175
0	2175
0	143
0	51
0	1482
79	1482
0	5
0	0
0	5
186	7
0	0
0	0
12676	2
1	0
23	46
0	46
8	11
231	11
0	0
4	0
285	0
76815	19165
0	4254
190	460
0	460
603	0
0	31
0	31
0	31
38	303
0	41
0	188
430	5343
2334	790
2799	4561
0	0
0	0
0	0
0	0
0	0
297	1
9	0
0	0
10	0
0	1
0	7
0	0
0	7
0	40
0	14
610	229
3	94
6	135
0	25
0	25
0	0
1419	524
41	112
7	435
13	17
37	172
14	246
1824	294
40	229
0	229
293	1404
12	1568
0	1142
0	0
0	0
0	0
91	0
670	2848
15	2687
0	2483
0	2619
107	993
0	427
0	932
408	476
0	79
0	445
0	0
0	0
0	0
0	5
0	0
0	3
20	8
0	0
0	0
13	216
5	164
0	32
0	41
3	183
0	216
0	0
0	0
5821	1869
0	1618
0	1648
0	1830
6	51
0	11
209	441
52	35
0	6
17	71
0	116
20	159
0	145
0	178
0	0
3	68
0	33
4274	8
0	303
0	235
4	303
0	2
0	2
0	2
0	2
0	1222
444	1222
4111	5
0	0
8	260
0	0
0	69
60	256
16	0
125	15
0	15
1083	369
0	369
0	0
0	0
0	0
0	0
0	0
0	277
0	126
1521	2158
0	2032
17	0
0	0
238	6
0	0
39	490
3	368
1	470
85	170
0	170
195	563
36	567
0	0
0	0
0	95
0	258
0	612
0	138
0	166
6	707
0	605
22	79
0	31
142	476
0	6
0	0
327	0
415	532
42	46
34	197
339	728
1251	4
78	18
6	8
0	8
0	0
396	0
12	50
0	50
0	50
0	7
0	7
220	7180
4829	7184
121	2749
7	119
0	26
43	91
0	2757
0	2675
358	654
48	652
0	327
0	6
0	0
3	0
0	0
0	0
4	12
10895	456
0	439
33	6
630	994
9	3
0	992
28	191
1287	194
19	0
0	71
1	71
0	0
110	805
9	140
0	1511
0	1521
5	1515
0	1511
5	1511
0	1515
0	305
213	1623
13	1623
0	784
33	20
36	20
0	0
43	6
0	0
0	0
131	212
0	212
5378	8
279	0
0	457
916	844
0	60
1826	6
219	324
0	324
0	214
0	0
0	0
0	109
25	163
115	163
0	54
1	86
1015	95
5827	1236
11	1230
308	4232
0	29
20	4203
606	1
9	558
7	10
0	558
0	0
0	13
0	13
0	13
0	13
1	16
0	16
9	32
0	16
0	0
0	0
0	0
0	0
1026	0
0	0
0	0
0	0
0	0
2264	6
815	1751
21	133
0	0
0	0
0	0
0	0
0	0
2863	303
224	0
73	0
494	3
0	16
0	24
0	24
0	24
0	0
560	2
416	312
10	20
0	299
10	9
191	1
0	0
0	7
0	8
0	19
3	1
0	2
0	2
0	2
7	25
0	7
3	7
0	7
0	126
0	3
50	988
0	1004
15	990
308	6
69	23
9	23
0	117
0	9
0	468
8	468
0	17
0	16
0	11
12	446
11	446
152	1205
81	345
112	1482
0	0
0	0
26	242
1295	245
0	30
179	228
0	15
0	0
0	0
0	0
0	0
0	0
157	50
0	2
0	39
0	11
1610	3
115	490
0	20
0	261
0	484
60	226
19	226
0	0
110	99
1575	59
17	157
1527	1065
63	155
0	155
0	0
601	0
0	0
947	0
0	121
7	148
270	477
236	2698
17	2698
69	129
0	111
0	129
20	129
246	1
96	247
2682	0
0	9
19	9
0	0
0	0
309	0
0	0
0	0
0	0
0	0
37	139
0	1
0	0
0	1
0	1
5	0
12	144
1962	145
1	126
65	126
10	213
806	186
0	186
6	0
0	0
20	17
0	0
2	134
0	117
4	70
0	512
2562	839
0	490
2	381
0	97
0	142
0	409
16	518
0	542
0	0
0	0
19	451
0	177
18	41
28	507
0	42
0	507
36	0
1419	238
0	236
30	73
1	6
352	67
16	16
0	14
276	219
0	132
0	0
40	41
151	41
953	2
0	66
0	19
0	8
1	21
0	21
40	228
0	228
552	143
0	40
2	95
0	11
0	843
0	783
28	0
803	787
0	787
559	0
0	0
100	0
4	0
0	0
0	174
32	312
0	0
0	0
637	150
0	150
1670	1697
0	1693
3	0
0	0
0	0
623	701
0	700
0	209
0	0
5607	3
7	0
0	0
39	243
0	169
0	63
145	579
0	60
52	844
5	890
0	606
2593	168
1966	1
3456	7
0	0
0	0
0	81
0	0
665	1373
0	1265
0	27
84	0
208	345
0	249
0	288
0	279
0	258
200	504
0	10
0	7
0	71
60	71
1077	381
0	0
60	97
1	101
0	100
47	188
8	156
1182	0
2	771
0	2232
73	2232
541	0
83	89
3	89
0	66
91	455
0	104
509	456
155	42
0	0
0	0
1309	0
2	39
0	88
0	9
0	1509
25	6257
0	1948
344	6532
678	1
301	482
23	2193
15	2157
19	127
0	50
10	3428
3718	3429
0	1067
83	1067
0	0
0	0
0	0
0	13
29	13
23	0
42	132
0	3
23	60
0	60
0	72
0	0
0	13
5	140
0	12
15	12
0	238
212	266
0	16
0	90
1	27
1	0
104	277
227	12736
7	26
13	7590
2	7580
3	141
0	141
97	902
5	902
0	99
0	2
1293	2
1400	3
0	8
0	8
12345	22183
20	8391
0	5374
0	7443
6	11108
167	14347
5544	91501
0	11157
7	12228
63	91499
71	220
0	249
1	0
4	0
162	12850
260	12753
2080	0
122	746
0	746
0	723
8	53
0	35
60	864
40	211
6	87
39	570
27	258
62	570
1486	638
0	638
0	11
31	11
492	87
0	87
6375	6603
0	5979
0	6075
72	12826
132	0
0	3
4724	15
1	0
12623	3418
0	3406
0	1
35	1
89	2214
9	486
1	2299
3482	436
0	434
11	0
245	5513
0	4967
0	929
15	109
0	0
14	109
154	350
0	0
0	0
55	131
0	37
0	305
8	117
1	145
119	1189
0	474
0	1164
0	0
27	1
0	17
0	17
0	15
0	1
0	2
0	15
2994	0
0	346
0	346
270	12
0	12
6	99
0	218
138	177
2	22
1919	136
69	195
45	330
235	0
160	329
0	210
0	330
6	316
132	344
0	14
445	14
67	44
0	44
0	18
0	18
425	2557
0	2554
1227	1
457	82
0	82
3	0
74	135
0	135
478	0
0	0
0	33
0	31
0	33
0	21
286	21
4443	9
114	571
0	395
0	418
2144	3045
0	3039
4	1485
0	684
126	620
0	661
0	0
30	175
0	2516
0	979
0	2552
14	2591
773	105
0	79
0	84
50	2643
0	2643
162	4
0	0
161	0
0	0
0	111
0	111
0	93
0	0
58	601
0	601
39	262
188	919
6	919
800	0
0	0
0	3
11	75
215	116
0	108
0	110
922	110
0	0
0	3
299	3032
8	3032
0	50
1	1336
54	309
3	1793
0	1682
0	0
0	858
0	359
19	97
0	1960
0	1750
81	1542
293	0
6	0
0	0
0	0
5969	1791
0	1785
5	332
806	4244
140	7951
0	1855
7	158
0	4391
0	7533
24183	19392
0	19355
16	0
0	540
7	540
0	7
0	7
0	7
0	250
0	264
4	12
21	264
249	0
31	90
0	90
51	516
0	516
0	516
1	511
6	1165
21776	1204
0	21
0	23
2	25
34	0
7	30
0	30
167	0
51	464
14	89
836	1655
17	1653
7	82
114	0
219	1648
0	1633
0	1404
0	1458
0	1278
0	1278
1438	0
2047	1745
30	1742
834	0
278	216
0	0
90	144
9	144
27	158
88	154
90	8
0	45
196	48
1	4
81	0
7	86
0	1252
0	1470
40	3761
0	3642
3165	21181
3	13103
4	8410
0	20756
0	0
0	0
0	0
4	0
0	87
0	81
0	20
25	20
0	0
250	0
4	0
366	846
0	44
28	802
32	112
32	112
388	2976
0	19
0	598
280	2963
24	312
21	307
0	76
0	76
0	63
45	25
0	0
0	0
0	0
0	129
30	889
12	552
31	1069
0	556
3	164
0	253
0	979
5	0
0	0
25	0
285	0
107	0
0	309
0	372
135	410
0	253
5	0
82	398
0	398
356	1155
65	124
18	124
51	26
751	350
140	336
76	336
90	66
3	66
89	1035
152	1035
1126	570
363	0
0	69
0	69
0	37
0	69
0	69
24	69
561	0
0	0
0	0
0	0
0	0
0	0
4	457
1312	1416
60	495
13698	26
0	5
0	5
319	236
0	41
7	199
0	5
0	3
0	5
40	4897
21933	7726
0	0
13	0
0	12
4	12
0	9
0	28
0	28
0	28
97	7
62	448
0	736
0	1486
74	4918
43	4455
0	3756
97	0
0	396
2024	2774
602	2773
6	16
0	16
1543	3
188	5463
23	553
218	5463
61	112
0	18
0	41
0	112
81	66
0	66
1791	0
338	2087
261	2087
21	12
0	0
362	0
0	317
128	4099
2	4093
0	2840
545	0
13	0
1426	607
37	607
1	96
4	0
212	0
999	23
21	23
113	504
0	133
68	133
93	28
0	28
0	0
128	103
0	111
0	25
1	26
0	3
0	23
51	26
0	3
67	515
3	515
0	200
0	204
41	0
2043	2
11	0
23	1836
15	1836
0	1048
0	0
0	12
0	392
3797	1427
1	1414
0	1419
0	464
2	213
0	0
0	400
5	603
0	645
211	0
11	0
18	0
9087	1588
0	1572
568	1731
23	1731
50	110
0	12
66	836
7	836
2059	1
477	209
0	209
0	0
9	20
0	1
0	1
0	24
74	34
0	1
0	1
213	0
0	0
0	0
0	127
0	41
657	168
0	0
9	136
1	1
1709	2974
0	0
0	0
0	0
4598	9
14485	15
1733	430
0	123
3396	3307
0	376
0	256
0	3260
45	3507
3501	6
344	0
818	0
0	43
54	7
0	115
2	118
0	132
437	132
0	61
17	1444
39	1434
2861	359
0	332
7	822
0	1
0	1
4	0
0	0
0	66
204	66
0	60
72	60
163	0
61	0
26	0
8	245
0	40
1290	369
0	124
14	0
27	283
0	104
0	331
6395	3246
0	726
223	726
95	29
1551	1708
0	1706
31	439
0	36
0	335
10	413
3074	2327
0	139
0	15
0	2387
9726	25
142	922
89	922
0	494
1064	262
0	143
2144	9163
505	9308
0	1387
0	0
12	283
30	20
3	13
0	13
0	311
10	239
25	311
479	6319
900	6382
112	962
1	56
1	962
0	0
0	0
0	807
1104	1776
0	1640
21	1320
0	0
0	0
0	109
0	223
63	466
7	466
5	129
281	129
0	31
24	31
0	31
3591	99
0	94
3	7
0	0
0	0
0	8
0	8
18	46
0	46
13	0
0	398
0	274
0	841
7	1037
50	3961
2	742
0	742
4	742
59	3164
2407	6422
0	6422
172	0
145	0
3	1777
260	1777
2	229
0	388
0	413
2	495
0	37
21	486
3774	746
0	219
0	527
156	0
0	0
61	21704
6385	16877
0	14426
17	23188
671	21471
0	28121
0	0
0	0
331	91
0	93
110	124
10	88
543	430
1164	4
2517	1
55	839
8	1433
4	1433
0	42
0	28
0	26
0	560
1	560
0	37
2	567
224	327
70	12
5	143
31	737
47	737
0	7
0	7
13	7
0	0
17	0
1	0
1401	0
10	466
0	9
27	61
0	46
0	27
1	90
0	3
0	3
8	9
679	312
138	237
6	118
0	132
0	84
0	183
393	0
551	0
157	1112
7	1164
0	0
60	0
0	0
0	0
1	161
0	156
0	114
5	166
0	126
394	205
0	171
5	144
0	0
0	0
0	0
0	0
1027	951
0	249
0	0
0	0
79	24
0	11
4	0
894	2276
0	1703
0	428
117	316
0	1826
85	0
0	3
83	3
3100	1892
0	834
12	114
26	186
0	1658
0	1662
33	1980
29	188
3	188
1086	912
0	912
143	73
6	73
1602	1
0	0
0	0
12	0
226	253
487	502
17	139
0	82
0	54
0	495
620	357
0	357
4446	5
1	14
505	438
0	438
0	0
5802	4359
255	4363
0	0
0	0
0	670
24	4025
0	1110
3	2588
0	3379
13	19
4626	1804
0	1613
2	114
0	91
0	49
0	120
0	88
4	687
60	1108
335	998
0	0
0	0
0	0
150	0
85	1
15	17
0	17
1305	11
920	4444
245	1980
307	5918
19	0
22	350
6	350
0	14
0	12
1887	775
36	951
27	0
71	509
88	596
0	0
0	13
0	19
3764	22
5	0
0	0
0	1
0	16
31	35
0	6
0	0
0	0
0	0
0	0
4	360
0	112
0	13
0	136
0	321
704	20748
79	524
1761	3
247	77
91	0
0	2415
0	72
41	1826
7	1
229	79
72	79
51	2647
82	1652
0	175
3433	3283
10	1305
0	3266
0	116
86	206
2145	331
0	7
11	93
140	60
0	55
0	3014
0	3655
13	6596
0	4200
53	1047
2	7235
0	34
49	35
0	3261
8	21102
0	426
5380	4135
0	1124
38	4394
8	3827
7	78
0	78
0	32
29	32
337	32
0	32
0	0
0	479
0	226
0	213
0	162
8	0
0	225
0	394
0	150
902	595
15	3
0	0
132	567
0	171
1099	1120
0	0
0	0
0	0
6	0
0	0
0	0
553	0
0	1188
170	1191
246	98
0	98
0	98
65	0
33	0
11	0
0	0
712	556
0	55
0	36
0	0
0	0
28	437
3	543
10	532
644	0
15	112
0	107
54	552
578	1439
594	1521
6	6
4	1182
0	2
6	1194
0	1194
337	54
591	499
0	91
19	124
222	0
0	282
0	282
424	0
0	1
11	1
44	8657
129	9168
7	12
0	24
0	124
12	26
571	263
32	91
0	20
136	0
710	310
457	826
19	0
19	826
0	72
9	1404
0	459
10	175
0	1315
9	4182
10	1431
0	4182
784	348
0	345
1077	20311
253	350
0	350
4468	662
10	22
0	177
0	19
2	716
74	3566
0	397
1104	2
0	25
0	11
0	7
0	25
141	0
0	0
0	11
5	15
0	88
449	287
3	189
314	90
0	8057
28684	8087
0	3
17	0
607	2881
0	0
0	0
0	0
415	0
0	0
26	20986
0	20676
388	19783
425	1867
0	2691
0	2802
0	192
4473	3226
0	1855
0	2548
3	3960
0	0
0	0
4	11
0	11
0	4
0	7
0	8
0	8
0	0
4759	7
677	1131
22	1131
10	0
170	7
0	0
0	0
72	0
0	0
0	0
0	0
267	2308
210	2305
0	0
0	0
0	0
0	0
0	0
2	0
4	0
37	2679
3526	2689
94	133
332	0
67	1098
0	140
0	686
0	410
0	641
5	686
0	1098
0	1124
197	8431
12221	8444
0	0
0	0
154	19732
0	474
226	477
159	185
0	185
0	0
0	29
0	29
38	63
8	63
0	63
0	63
2269	1574
101	2
0	1002
102	1007
16	21774
99	21606
8	95
21	95
0	214
2072	2108
0	2478
8	2017
33	2487
0	2161
60	2436
184	2576
4	0
156	0
0	10
0	87
15	110
0	89
396	418
0	418
3	0
0	0
26	1164
0	195
0	1008
0	950
0	954
756	18453
0	18452
20	83
0	27
0	83
82	0
0	0
174	0
0	3163
177	20027
116	2158
7	22885
10	12
12	12
0	0
0	0
181	0
0	0
0	9
0	9
0	0
531	0
0	0
0	0
0	254
1	442
664	2808
0	1
0	2813
0	2813
84	54
50	4030
277	4084
0	5
131	104
0	99
0	2
0	44
0	10
138	19708
0	13
16	13
0	0
0	0
0	1356
0	75
26	114
7	167
295	1357
0	1134
0	1147
0	760
0	760
98	399
0	399
79	2
57	23407
4	23229
0	0
0	2
0	2
73	3200
0	3213
0	3026
748	0
0	16
0	56
0	0
79	50
1393	9697
14	9697
3929	210
0	208
13	19
0	19
0	2
21	2
0	0
0	1
373	0
18	22193
3	22028
0	511
8	86
2	302
4	418
225	587
0	31
20	0
0	0
149	262
0	262
1738	1685
0	1685
18	5
0	5
11	9
384	19716
7	20
3504	1465
0	29
0	1462
66	22130
7	0
43	0
14	36
77	93
0	92
0	194
0	98
484	388
0	292
37	0
248	3269
159	462
26	462
0	21
1	68
35	88
2534	73
90	71
1034	1
431	479
140	479
393	167
119	0
198	378
0	321
0	128
121	179
15179	8
8299	3975
182	3966
0	253
0	49
219	1071
0	1037
236	411
0	408
0	15
5	22
0	22
4	2
18	506
140	504
0	0
2	9
0	0
0	9
0	19732
69	858
0	560
0	405
0	368
28	602
0	553
0	560
235	4833
0	122
5	4833
36	2
0	5
0	2
0	0
0	5
0	5
143	606
0	3148
19	19948
2	2942
777	2942
6	245
20	238
2	234
2022	0
0	2
0	2
1012	1011
0	1011
0	0
1967	1389
0	1389
17	67
0	67
700	0
0	160
0	160
19	1340
0	93
0	174
0	1272
9	1350
333	1
106	1778
6	1496
138	0
17	0
0	8682
0	5519
196	9007
0	4899
89	0
1	8
0	8
4	25
46	353
0	197
0	130
0	88
0	398
0	154
20	1227
84	1265
0	169
6	0
0	0
0	0
0	0
0	0
2889	521
53	62
21	14
0	0
0	14
613	70
0	66
0	8
0	21
34	34
0	21
1	21
0	243
0	684
29	684
254	376
0	376
0	153
258	153
15	473
0	473
0	0
7	89
0	0
88	219
70	3825
0	44
14	3861
0	406
171	447
24	622
0	553
15	454
38	633
0	489
0	622
0	477
0	226
0	135
0	64
0	3
105	253
0	0
0	0
270	225
0	225
20	0
694	4995
0	907
0	342
31	5183
12	112
1064	1133
0	1132
0	74
1991	190
0	181
4	8
0	0
0	0
1568	1623
8	73
35	1619
0	1548
0	102
0	19
0	24
9	41
9	24
378	182
0	678
0	79
440	678
0	405
2	465
17	2361
18	1743
80	1753
62	0
0	13
0	13
808	223
0	127
2001	133
116	6
3	0
5865	8
12	0
1164	567
2276	2
0	0
0	1
0	1
0	0
9	23
30	398
0	52
0	26
75	363
0	182
1670	3
0	32
27	32
44	14
0	14
0	39
0	101
0	146
0	141
165	0
244	84
0	125
3	140
1781	1058
0	1058
0	217
6252	292
402	58
0	58
11268	357
0	344
55	470
15	470
0	126
577	978
16	978
340	1485
0	1123
0	59
0	941
0	691
0	160
0	142
0	169
10	48
9	79
0	0
0	958
0	0
1021	118
28	252
35	500
0	1497
0	1497
0	0
0	345
0	280
148	420
0	1926
0	1596
11	2003
371	89
5	89
1122	204
0	204
5	340
3	144
0	388
5	1136
0	1261
0	1567
61	623
245	625
0	13
2	98
4	98
0	0
0	0
4430	813
0	384
0	17
104	228
346	629
17	282
0	224
45	282
1032	47
623	0
0	0
0	0
195	93
0	93
4654	891
0	890
0	377
630	362
27	446
880	381
77	0
128	309
7	309
0	0
0	0
0	0
0	0
19	0
0	74
1073	78
11612	21
187	214
0	214
451	0
111	488
343	488
7670	819
0	810
0	0
0	0
0	0
300	212
326	297
0	297
1031	1269
100	494
274	2236
0	1981
0	1332
0	2152
0	1844
65	0
100	0
0	0
28	0
3684	2
178	556
0	556
73	0
546	1753
14	1753
0	177
888	177
2	61
927	1545
0	1545
0	5031
0	507
8671	5731
0	528
15	141
0	141
0	13
20	13
0	6
105	6
12	11
0	11
0	0
0	0
5	4
0	4
13	0
0	156
2	162
4	162
0	0
0	0
14	0
334	291
0	291
1466	197
0	108
0	188
0	42
64	415
5	415
669	577
0	129
0	0
0	0
0	0
0	0
0	0
0	0
0	0
0	0
0	160
0	45
0	14
0	166
0	124
5	166
0	50
0	12
28	246
105	52
0	52
1513	509
26	19
0	19
5465	321
0	3
3	3
180	3
0	3
290	1
39	356
0	318
298	99
0	99
0	899
150	899
0	346
0	155
0	155
11	0
0	0
1291	3207
0	3367
0	2267
0	16
0	4
0	16
11	8
0	8
68	0
3	114
0	0
0	143
0	46
0	49
91	40
21	28
9	34
57	0
0	5
893	356
2202	5
1984	545
80	542
6	39
29	39
488	2
1271	0
0	163
80	229
3	17
172	0
27	10
1298	2426
0	656
0	1393
232	2302
0	0
0	0
1752	3
0	13
2	396
60	409
0	0
9	0
0	0
0	0
37	0
0	6
0	16
0	16
992	0
1051	49
0	45
255	2
498	0
0	47
5	34
35	56
64	0
0	1
18	2
0	0
0	0
0	0
132	257
140	0
0	0
0	0
0	0
0	0
253	102
942	6
308	5
0	1
0	15
0	7
0	7
0	0
0	8
0	6
0	1
2	0
0	0
0	203
496	941
0	941
0	156
7	0
0	0
0	0
0	0
36	638
20	517
0	621
2	0
0	0
31	196
0	4
105	212
0	366
1499	544
0	33
777	1088
15	1199
15	241
0	79
85	1199
1	6
9	443
212	443
130	0
391	0
20	223
77	223
2025	683
0	17
61	17
595	336
1	334
59	61
6	61
12	1032
3402	1234
0	1137
1182	589
216	354
0	356
0	325
408	325
267	3242
30	2977
74	1
0	31
11	31
7	0
0	83
17	567
179	567
111	164
0	101
0	82
22	82
2	0
0	7
848	516
0	515
0	127
0	199
17	197
0	180
1465	0
427	0
225	624
0	624
0	0
0	0
0	4
8	0
0	0
0	0
28	142
12	142
0	0
0	0
5	164
0	164
2537	1205
2	2615
34	370
121	2224
162	844
0	256
17	844
597	38
8	38
0	839
172	839
2730	7
0	2
19	2
0	1420
8	1454
0	1510
7027	281
2	241
0	519
7	519
3	798
8	92
4	373
516	2290
0	714
0	1590
0	19
77	19
1582	511
6	81
0	42
0	64
0	81
446	0
168	1094
149	1094
82	0
48	743
70	743
109	50
0	652
423	652
19	0
0	0
8	75
0	76
11	167
0	228
0	245
20	245
0	164
0	190
69	0
0	0
95	2612
2	0
0	623
0	649
0	90
74	652
444	1490
2875	2567
289	2563
18	44
518	1016
0	947
0	123
0	232
3176	1291
450	1288
6	55
23945	7
77	0
110	1413
0	1468
77	798
0	0
824	1
45	14
2	2440
836	2526
1	1800
395	17669
222	17669
1167	0
480	109
0	4
0	99
3	0
1819	0
448	1820
42	1820
0	262
0	462
0	438
7	254
0	409
0	407
0	429
0	431
0	10
165	1137
0	1263
0	1296
17	1170
0	0
0	0
0	0
8	0
22	0
48	0
0	1
0	0
0	0
1	1
0	0
10	10
0	6
0	10
151	4
0	0
10	20
0	8
123	0
0	0
70	0
0	0
36768	51
0	45
2880	2034
0	2027
0	2030
1498	0
10	244
0	244
6	232
10	147
523	253
879	48
25	327
0	47
20	403
4	49
5	3
0	3
72	180
0	272
19	11
0	11
0	14
0	307
0	134
0	143
2	14
13	302
0	325
0	325
20	337
0	337
0	295
0	325
1831	75
30	74
0	1585
77	1779
43	1115
4	53
0	19
0	53
0	113
0	256
0	781
0	443
191	750
2	0
79	145
0	5
0	145
0	145
30	4065
0	593
0	464
13	4017
73	0
0	0
163	324
0	296
14	324
7044	5
130	2747
5	2747
13	20
67	20
318	9
42	9
298	481
0	481
949	0
0	0
2104	15
221	14
0	10
10	0
43	10
684	56
0	56
1913	0
0	50
283	358
3	255
3020	4
2036	7
622	11
223	0
0	0
0	0
0	35
8	239
0	0
0	39
4	207
25	0
0	322
4507	6013
0	5992
8097	13
220	781
0	781
123	472
93	119
634	1344
11	103
5631	8198
497	7110
19	6647
46	10
0	8
0	0
318	0
20	0
205	5363
919	16
219	880
5	4680
92	850
73	2544
2324	14177
0	4584
0	9592
0	0
0	0
0	0
0	5
3920	1105
0	1039
6	19
0	32
1	251
176	347
1952	7
0	1173
441	1664
571	0
0	0
86	124
10	42
19	515
0	11
0	515
49	0
174	50
539	685
0	683
107	136
146	4
0	32
20	36
937	490
0	490
37	595
0	568
749	740
0	67
26	711
0	15
0	0
3	31
701	2
5	1036
1109	1044
7178	1748
0	1806
119	158
0	9
0	3
0	65
0	65
0	199
139	1035
5	1027
0	0
0	0
391	396
17	396
479	1030
0	0
0	322
0	875
25	163
0	163
14	956
0	403
0	402
0	408
0	407
0	412
0	402
0	237
98	237
0	248
161	248
399	10434
4807	12540
23	5141
127	0
27	288
2	288
0	4
120	6
0	0
84	60
0	60
0	0
0	513
0	499
34	0
0	0
37	7
34	37
0	75
85	75
285	621
3	24
4	23
68	23
39	37
31	1
26	1725
0	0
5049	8172
64	0
53	57
832	56
0	0
27	21
8	21
0	447
0	371
0	394
177	244
592	244
73	41
0	41
60	14
0	14
561	0
0	0
0	4
0	0
0	4
0	0
0	59
1437	217
0	212
989	0
77	154
0	154
661	630
0	630
861	8
10	8
0	1042
0	0
0	0
0	989
386	1547
16	1547
0	3627
6	283
0	356
61	5936
1506	6056
183	2
0	34
4	43
0	37
0	93
0	51
0	93
1631	447
0	444
37	385
0	0
552	222
0	222
13	61
162	201
0	0
0	18
3	211
6	211
3	150
304	376
11	97
0	341
79	761
355	761
4224	646
0	0
0	0
0	0
0	0
109	1110
24	1110
7	71
1584	644
90	153
92	352
832	5
20	39
29	39
0	0
0	0
0	5822
17	5822
336	0
1619	1
1422	8
684	0
11	26
0	31
2	0
985	0
0	20
108	20
2650	4
4099	218
0	213
851	366
2205	3
0	10
0	8
11	116
0	116
0	0
4	0
66	0
0	0
0	17
0	19
0	19
0	0
0	0
132	9
4	9
0	0
0	770
0	215
5	0
19	762
0	102
0	585
5	0
0	0
4253	2426
1593	2424
1	2788
44	2704
782	0
29	10
0	10
1308	658
82	656
0	133
243	135
1917	323
3	310
0	302
20	73
1	0
0	17
29	218
0	214
0	202
32	13
5	15
0	15
123	74
0	200
250	360
6403	651
557	179
1	39
0	140
27	14
0	14
18	0
534	4326
2076	1778
169	4215
0	2549
0	184
4	349
15	318
0	149
0	83
0	2592
0	2536
1	2597
0	2536
25	73
0	13
0	1
491	1593
0	1593
1	0
0	12
21	133
0	132
1002	1579
0	1576
0	1545
2	957
95	1012
0	299
0	319
0	0
0	5
7	5
0	5
0	5
192	1530
1103	1599
31	6
25	1599
618	0
752	6348
0	521
5	318
0	6477
0	511
0	7
2627	1019
0	1022
14014	1802
0	1448
0	13
0	11
8	396
0	251
1303	1452
15	1072
0	15
2	17
178	486
81	1846
348	1430
172	1537
508	38
0	35
347	635
0	70
12	166
0	407
0	0
0	118
39	118
0	14
0	12
0	0
472	37504
25932	37545
1363	1223
0	287
0	494
157	37
0	6138
0	515
0	568
161	5917
37	6125
2	6346
1193	2
0	17
0	15
104	1
16	0
0	0
0	0
0	0
0	0
370	62
0	62
128	0
0	0
0	100
0	858
759	952
162	950
0	728
0	0
0	0
0	0
0	0
0	2
47	112
75	112
0	0
321	0
3	9
302	1515
10	0
0	0
0	9
0	7
1	0
0	0
89	132
1683	12
1601	858
676	0
151	0
10	17
0	38
1333	722
5	722
0	49
0	87
0	87
41	141
2099	3717
231	1126
1	3712
0	0
21	0
0	1309
6658	2914
0	1814
30	3494
1084	903
0	25
0	309
20	903
299	0
223	0
290	679
4	679
0	2
0	2
0	0
0	0
787	312
0	217
0	290
0	89
491	112
19	20
310	1
0	5
0	0
0	0
0	4
0	28
0	29
12	302
277	347
22	150
0	17
0	330
9	0
166	0
5	112
0	112
9	0
27	128
91	128
615	106
0	103
3	0
258	3856
21	2955
17	2971
17	3679
808	1
0	0
0	0
4	74
0	74
0	2
3	2
62	0
47	0
2	41
0	87
0	84
0	31
608	34
0	26
10	2
135	0
17	194
9	194
406	5
0	587
14	1509
9	438
92	1409
0	493
0	366
7	1342
0	0
0	0
327	17
0	17
0	41
0	236
0	96
0	4
499	341
11	0
9776	21
0	948
3134	969
9	981
696	580
0	580
16	14
0	14
3654	1197
0	1192
4	497
1617	0
346	948
0	972
0	1017
8457	77101
0	77094
0	0
0	0
0	19
6	19
2	0
0	0
0	0
17	0
41	91
0	32
83	52
95	153
150	1021
1452	510
0	1
0	39
8	468
0	333
0	331
0	10
0	14
0	2
39	26
10	339
2	42
0	339
49	2
1822	2
65	194
423	198
0	49
261	71
0	68
0	410
0	376
20	2627
0	149
561	2629
0	12
19	79
9	197
27	0
0	0
0	0
253	1084
49	1084
0	0
0	0
0	5
0	5
0	5
0	64
0	64
2	64
3759	4
0	1270
551	1270
7	0
0	0
37	492
54	539
0	0
0	0
0	53
12	67
807	85
4	80
110	665
213	665
220	4152
71	4152
11	0
0	0
12	0
0	22
0	22
0	22
0	22
0	22
12	22
0	22
61	183
425	1111
0	860
1750	0
0	350
2691	352
8	0
4	1
15	459
18	459
10	28
0	0
0	28
22	2
83	142
1302	1268
0	423
7	413
0	1266
0	5
0	11
0	10
20	685
0	567
0	485
0	473
0	410
0	405
0	560
55	705
0	551
0	452
17	1399
0	1542
2	0
0	0
8	0
0	0
0	0
0	0
63	72
0	72
101	39
135	0
523	1651
14	1651
0	0
600	5
0	0
0	0
0	0
0	0
153	136
0	59
5	0
2	216
468	1741
1256	1025
5	9
0	9
0	157
2913	168
1347	3
0	0
5	0
1305	4
1	0
93	0
2	244
0	0
680	0
1096	3
1	2
0	2
6	491
1756	766
77	702
0	265
0	0
0	678
3689	3955
3813	1652
5	1651
962	0
522	1
0	0
1700	3
0	59
274	59
0	2
30	0
439	0
22	0
379	554
284	554
129	0
0	4260
2901	4224
0	2003
7	1895
0	1825
0	296
3	162
0	126
0	290
21	133
116	133
0	0
1	102
0	129
0	132
0	132
431	0
5	68
0	7
115	0
160	210
0	153
27	210
0	155
0	0
0	0
1797	0
109	0
10	74
0	74
6719	2212
0	2151
0	2008
0	2124
0	2106
0	85
0	16
0	2
26	101
431	1094
0	1094
0	42
7	30
0	14
21	47
26	19
0	19
0	3
0	0
0	0
24	50
0	10
44	63
429	645
43	1694
0	2136
0	1846
8	1421
148	8572
354	9217
9	8745
169	8458
8	0
6	135
381	492
0	488
0	86
0	106
0	37
47	37
93	29
0	0
2	0
0	53
3	396
0	61
0	50
45	588
0	226
0	357
3	137
24	121
0	117
0	1327
3012	1341
69	0
1487	1046
1048	2247
0	2
0	40
2	99
0	11
0	85
0	87
0	94
46	192
17	107
110	192
2	0
0	0
0	4
0	4
204	372
1480	1069
0	1062
47	0
0	0
0	0
137	47
208	130
0	55
0	269
0	4
0	269
25	1232
6	243
53	4
0	2
0	2
37	6877
4	6877
0	820
775	1064
0	1063
0	850
963	1377
11654	14
7	0
413	4689
2	5314
8768	4934
389	0
0	0
0	0
157	0
116	1364
1	1364
103	53
1875	4
0	2294
2	821
8	118
0	1323
1025	2973
0	1535
0	2486
0	76749
196	82305
0	81383
1911	18176
2	0
0	67
0	0
0	101
0	151
0	151
0	109
0	0
66485	4554
0	4459
0	3399
0	1
5	1
9	218
3	218
0	5
0	5
369	121
0	121
171	0
320	15115
4	11970
0	4859
10	12272
17	11766
470	348
188	488
0	307
127	7454
0	1729
11	5512
100	3770
103	1299
0	357
0	496
5	1308
102	0
0	0
1	0
0	0
0	0
11	54
0	27
18	70
0	60
0	50
0	70
0	8
0	0
256	1
323	172
0	172
22	15
0	15
30	195
63	195
0	93
140	418
0	93
0	0
617	0
0	638
0	148
0	690
427	693
10	66
921	0
0	805
538	786
1690	514
1620	327
0	327
0	0
0	0
3	67
0	70
0	70
2317	5
2554	291
0	1
1881	5542
126	0
0	0
0	0
0	0
0	0
85	113
0	113
61	15
0	15
73	14
0	20
25	9
0	2
17	0
3173	5522
70	484
0	58
31	58
13	2208
104	2210
256	51
0	51
0	9
0	9
4	552
92	616
216	121
76	0
0	30
0	25
0	30
3	3
0	0
0	0
80	42
0	42
0	0
80	80
1844	301
19	287
3	14
483	233
0	233
8027	1699
23	554
0	11
0	410
0	627
0	425
715	2293
0	972
3	26
0	0
4420	4
661	731
0	731
896	0
0	4
0	4
0	733
55	239
2038	780
0	8
0	0
10	8
25	3107
161	7469
129	3967
9589	6810
0	6914
826	3176
99	1727
46	55
0	2657
0	55
0	55
0	2678
11	295
3	414
1361	408
0	24
74	46
1	11
0	6
5601	11
888	324
11	324
4064	31524
0	9119
22	34478
0	31678
53	27449
55	3117
62	3117
3746	1
9	110
0	110
0	0
71	0
0	6722
26458	8909
0	2980
85	0
504	626
0	0
0	0
0	0
316	0
0	2
2017	1656
0	1654
0	165
56	165
0	59
77	8
2036	2
1657	1
105	0
3580	8
319	89
685	433
0	0
1	6
5	195
231	195
74	345
0	475
0	465
0	1
7	14
97	93
0	93
469	944
0	944
1457	2468
78	950
0	1607
166	1958
0	1611
3	1019
55	1019
0	1019
3447	1004
0	999
48	3048
395	1480
5	3374
0	0
0	0
329	1166
0	946
8806	904
8599	14
1	0
20	0
0	11
0	11
0	0
0	82
3	5
206	306
0	306
577	453
0	56
0	58
65	386
75	994
0	994
126	361
3	0
0	0
168	0
19	0
4	213
0	41
0	300
0	0
0	326
0	165
102	60
92	107
0	107
0	9
85	9
15	574
0	307
0	119
0	227
7	27
0	0
0	13
0	27
1132	0
0	408
15	71
38	480
3085	834
14	14
0	14
0	0
0	8
0	0
9542	17
45	38
0	37
0	27
7	17
0	0
0	8
0	0
0	8
0	0
0	0
6	0
8	106
16	35
118	1761
0	664
16	1761
3	79
357	0
6	1588
15608	1608
1	0
0	0
0	0
14	0
63	103
10	166
538	1329
44	355
0	1331
0	15
0	15
3	0
0	0
312	0
6	0
637	72
0	68
140	0
133	4833
0	4925
0	5079
194	0
2329	114
17	114
145	418
0	240
316	2374
437	698
0	2111
0	0
0	0
0	0
169	55
1300	8
6	0
25	53
0	19
0	16
0	53
0	0
122	840
765	843
8254	2671
9	1121
178	1
0	277
0	277
0	369
0	396
416	231
0	80
0	67
0	113
0	46
0	46
0	0
0	0
14	0
1438	2578
0	19792
0	20245
18	20314
1012	2536
191	60
0	102
90	0
332	4028
0	3163
0	3705
0	665
175	6386
0	2113
0	3829
933	6307
14	53
0	53
0	11
0	11
0	14
0	8
0	4
0	2
1712	2125
82	2114
75	21
0	20
0	0
132	0
11	0
2126	11
0	9
0	9
7	11
1989	961
2	960
48	89
0	0
0	0
13099	12
0	0
0	0
0	80
668	80
124	32
0	28
2064	2
42	15
2	168
0	175
0	175
25	162
0	162
0	0
0	0
0	0
0	0
3312	1562
0	0
0	2
0	2
78	166
0	166
575	190
141	0
0	0
0	0
0	0
3	13
0	13
554	2110
1	2110
0	8
340	1
110	1800
3	1168
21	519
5	4692
32	4389
16	110
0	0
2	0
437	0
77	417
0	1819
0	5718
114	4982
0	0
5	37
0	44
1	0
0	44
0	127
6	973
0	1093
0	1050
0	0
201	198
5	88
0	198
1315	0
0	0
0	0
8	0
0	0
299	0
0	0
1085	435
0	427
13	127
0	127
0	0
0	0
0	0
5	0
2922	612
44	606
0	39
0	313
2762	342
0	3
0	546
6	155
0	5004
72	5145
0	4933
5	3
0	0
0	0
47	6
0	6
329	106
146	3
5	3
0	0
0	0
5	424
0	9
2093	569
0	190
619	2
129	316
1229	0
28	298
0	298
0	156
80	1157
12673	2295
0	1259
19	619
32	231
29	29
860	29
0	0
0	0
60	0
1755	263
0	12
74	204
0	542
4	60
0	692
0	950
1721	2478
0	537
7	514
7	485
12	59
0	145
116	143
0	83
0	0
0	0
0	0
0	0
0	0
0	0
32	0
299	0
0	0
0	5
0	5
0	0
0	268
6	71
300	1123
14	659
53	168
215	0
2986	8569
5	1571
0	8361
117	84
28	406
218	867
0	433
0	128
7	11
0	351
0	201
39	256
0	810
7	531
1015	904
109	82
31	796
0	0
10	316
0	123
1	123
0	10
0	14
87	86
0	0
0	20
120	1611
0	1611
0	534
6	165
3	119
0	462
101	0
2956	3471
53	3471
1563	277
0	272
11508	19
0	0
0	0
0	0
0	14
0	0
0	14
0	0
0	0
0	0
0	0
0	0
0	0
4454	845
84	258
0	729
1304	1
1	0
1781	701
22	192
0	700
60	700
576	2
0	0
57	979
3	5
0	1110
160	1094
0	1
0	1
0	1
0	1
0	1
7750	1068
0	84
275	1
0	0
0	0
0	0
0	0
0	0
0	0
0	0
0	0
82	0
4	0
340	727
2	725
982	6020
571	6019
45	396
0	396
0	0
707	0
6	8
59	1327
8	504
418	1129
5	174
47	18
0	18
5	0
1	82
0	1
4066	348
126	340
425	355
0	355
4672	1721
210	76
0	76
0	0
154	332
18	3554
49	3609
3	3297
0	0
0	0
0	0
61	0
0	0
0	0
5	0
59	349
3	349
87	4538
4	1852
7	192
0	173
4	4475
0	4442
7738	18
12	3
0	3
3299	2791
51	0
1892	3
156	31
0	6
10	25
0	380
475	539
5	159
33	140
0	42
0	127
0	1900
80	1806
56	357
0	1599
0	1689
10	1964
2085	5
13	13
0	9
0	13
0	568
0	437
11224	351
12	58
98	58
34	0
1983	3
0	0
0	0
0	0
343	1
20	2
2	0
0	2
97	3
0	0
0	0
0	0
0	621
0	706
0	692
6	436
40	706
0	0
2	1
285	457
4	472
9	472
0	7
0	7
4	2
2143	10
0	1433
139	1439
122	1439
3	70
3	346
3	346
6	80
446	1103
147	1103
762	861
0	266
0	2422
0	1491
0	2399
691	2419
0	0
0	0
12	83
600	0
0	47
3	10
42	66
0	0
16	18
4	13
21	70
1346	453
0	383
305	599
8	270
26	160
518	160
3165	5672
0	50
0	50
112	1662
0	120
83	228
10	1470
0	1657
0	1734
235	0
0	18
0	18
7	178
3	0
4	26
327	1
167	1
0	1
77	0
0	0
302	563
0	562
37	141
0	141
307	0
0	0
5	0
0	420
0	719
0	146
2259	665
0	1
10661	11
216	1682
0	1682
0	35
140	35
4460	269
13	261
0	0
0	0
121	7971
0	6500
511	4061
13	11655
10658	11673
0	0
0	0
0	0
0	0
0	0
0	0
6	0
0	41
22	0
9878	508
0	363
1495	1652
86	0
0	0
820	152
0	149
13	149
3005	620
16	22
154	623
41	638
32	751
0	7
92	54
216	794
0	0
741	21
3769	2131
14	0
0	189
1302	0
216	2410
31	2335
0	2245
43	2239
0	0
0	224
146	224
0	164
155	564
6	94
59	593
87	2176
0	48
0	218
0	641
0	402
140	742
0	1158
72	496
0	145
0	453
0	418
0	0
15	0
335	128
0	128
0	0
477	0
12	1577
2395	1580
817	0
84	43
0	43
244	1525
29	1544
0	129
4776	137
166	190
0	190
37	2
20	70
53	70
2	211
0	7
0	6
0	26
0	60
24	67
0	0
97	259
0	259
0	132
0	3265
0	3280
10	3303
15	3308
19	3294
8	51
0	29
2	22
5	10
191	1403
3	1403
30	39
0	0
0	0
450	529
5583	3
0	0
0	5
0	5
0	5
866	119
0	0
0	4
0	4
19	102
1465	353
0	118
49	457
531	457
903	1
3338	7
0	0
0	0
206	1
55	133
0	133
144	205
125	2389
10	318
572	2317
7	14
3	14
0	0
0	1029
2625	1033
116	59
1216	0
416	2
18	0
59	52
0	52
25	0
0	0
0	7
6	26
0	0
0	26
0	26
2	0
0	709
0	467
0	155
0	703
0	155
0	0
0	155
76	328
0	188
0	0
0	1561
323	1509
0	1596
233	523
0	107
6	807
533	765
98	1886
0	770
0	791
0	1773
0	1358
1044	71
0	71
255	1145
0	1144
0	82
163	299
0	146
412	230
31	70
0	31
0	24
29	36
327	60
652	0
0	16
10	16
0	3
0	3
4261	589
33	581
41	11
0	11
931	3604
0	569
0	588
0	823
0	1412
5	633
0	1139
0	717
0	406
0	1016
33	2957
0	63
0	3047
3	2970
73	3076
0	3047
2	634
0	261
10	195
0	265
0	203
16	705
0	645
36	683
0	682
1882	1393
79	88
0	1382
1239	147
0	116
0	30
33	68
0	7
0	61
830	1
0	2712
0	2564
7	2638
0	3192
0	3143
0	3072
2389	38557
0	33823
10798	39484
0	39473
115	33337
58	0
745	0
0	867
0	405
0	418
3500	884
85	0
1	232
0	232
0	69
0	232
0	3
0	0
0	0
0	178
0	17
192	178
0	0
2514	3
1	0
0	303
0	1659
0	224
118	1659
0	7
321	1
688	128
0	69
0	69
150	336
116	816
37	816
0	0
0	0
0	0
37	0
12	11
0	6
0	5
260	61
19	168
176	172
0	2565
1167	2565
59	0
293	498
0	497
151	0
1095	0
0	5
0	5
72	385
0	383
45	200
0	187
0	212
0	174
1314	0
1265	0
0	6
82	14
0	14
0	3
0	3
0	6
98	0
0	234
0	279
0	2036
2296	2037
1253	866
4	312
0	740
877	51
0	51
0	5
0	5
0	5
0	0
414	156
0	156
773	1246
0	1246
303	68
0	49
3	34
3	199
0	196
0	80
935	80
0	64
2	369
0	369
0	0
0	47
63	120
0	67
0	53
0	5
188	0
16	23
1056	998
38	998
0	0
0	0
227	263
0	263
0	93
0	44
38	55
3	55
0	0
61	328
0	374
123	578
0	253
833	579
517	427
2829	8
11	0
1089	457
1	457
0	0
26	63
0	0
154	0
0	4
0	11
27	114
28	193
0	188
0	5
0	5
0	5
0	0
20	1190
0	662
44	648
11	697
0	29
0	304
0	1248
318	1281
590	200
5	7
0	242
0	242
7	232
845	1
3480	14
10	8
758	1
0	1204
0	244
0	340
0	1189
6	2540
0	838
0	2682
143	0
507	10
0	8
0	0
0	219
2268	2307
157	2359
0	19
0	0
8	16
0	5
0	5
0	5
258	2
12	4
0	4
10	0
2	108
1399	496
0	493
0	56
0	33
272	76
0	76
3175	748
0	742
0	0
1443	478
0	476
0	6
3	31
395	74
208	78
5	372
0	76
0	39
100	148
6	37
0	54
91	397
0	517
0	517
0	0
0	0
0	0
0	2482
0	85
0	2290
0	2085
1	1298
0	5088
895	5088
15638	14806
0	499
0	14784
7383	6451
878	6357
3	58
0	28
0	0
0	0
0	269
1	105
0	39
0	96
0	89
0	269
1749	0
284	143
0	36
0	107
36	4
0	373
0	12
85	12
0	7
750	1
64	992
1651	997
8050	12
0	85
170	376
0	372
0	0
200	141
0	30
14	187
1284	0
0	635
46	636
10	0
0	0
0	0
22	0
1745	3
22	196
23	196
460	0
36	0
0	785
0	879
0	879
269	2559
1533	2559
9	1
0	0
0	1
33	41
0	113
376	116
302	225
1	463
20	100
124	1129
0	248
9	1135
23	0
0	0
138	0
8	687
0	679
19	0
425	76
0	76
20246	30
0	0
0	0
0	0
0	0
10	0
115	17
0	6
0	6
0	0
575	2
11	17
0	17
21	7
0	7
0	7
0	7
1060	10
356	0
5	0
0	1747
0	215
0	163
0	9
119	1866
4103	935
63	0
26	0
3	934
21	459
423	421
0	534
0	589
0	2376
0	2324
25	1842
0	0
0	0
535	0
21	0
26	79
0	79
0	0
0	0
334	0
0	9
88	493
98	493
0	0
0	0
8	539
0	215
0	239
0	215
0	5302
7	8015
6983	33533
0	33527
0	118
0	0
8	35
4	1231
36	1254
7	1064
83	32
0	32
23	16
0	16
0	30
473	203
0	203
25	0
3059	0
59	136
0	136
914	41
0	41
14	55
0	9
0	53
0	2
0	2
2464	8
962	0
0	0
53	13
0	13
0	3746
284	17435
266	3747
0	1481
9187	18176
0	0
0	0
0	40
101	40
245	7331
224	6828
0	4822
0	0
0	0
0	0
186	0
161	164
4	0
2	164
0	134
1317	3
14	197
0	44
0	71
0	121
0	31
0	52
0	44
0	50
0	18
6849	8
56	116
103	116
0	7
2296	148
13	0
0	4211
1100	4214
0	0
0	0
0	0
0	30
7	0
0	79
414	350
0	350
0	380
0	391
80	391
18	0
0	0
5	0
86	0
507	0
5	41
1	24
272	16
0	0
92	78
636	523
176	0
6	0
16	0
0	0
0	581
239	581
0	0
269	538
934	538
12576	1926
0	1876
0	970
104	136
5	332
1	106
0	360
0	358
0	0
849	0
0	8
15	37
0	83
0	88
936	208
501	0
0	0
0	0
0	12
0	4
5	4
435	57
0	56
344	140
0	140
4951	13
229	764
104	764
0	154
0	64
0	125
0	137
0	76
0	109
32	0
0	0
0	0
0	0
0	0
0	0
0	737
386	737
0	9
923	10
25	818
0	285
410	817
2017	71
0	71
2151	7
42	0
1597	1634
0	28
5	8
0	0
0	28
0	152
23	152
68	262
11	2506
73	342
0	2506
3605	28
0	23
15	220
118	2
17	432
576	582
132	1481
30	1481
0	0
0	0
0	0
0	0
0	0
12	105
29	105
0	412
44	495
0	368
2	308
0	0
0	0
0	0
0	0
3	1
13	1
0	51
0	51
7	51
0	14
0	0
0	710
1	340
0	300
60	0
0	342
0	126
0	152
12	33
0	8
194	58
0	58
0	36
3	17
0	18
0	11
0	0
0	0
315	604
0	350
0	3
0	615
3135	1
1524	0
15589	13
0	0
2257	5
174	63
0	29
1991	42
2660	2506
0	2502
16	21
0	21
51	0
962	0
4	244
0	371
188	866
0	52
25	28
0	844
2	0
0	0
0	0
0	0
0	0
24	0
3317	414
2	413
13	0
0	2
16	4
536	0
114	1
21	351
9	135
1	281
0	1023
5	2371
0	2371
4	486
5	477
4	14
2	153
0	46
3	153
0	62
5	324
1309	1941
0	1753
224	0
0	0
0	0
5	0
0	45
1434	678
0	678
18	644
6	96
0	0
0	96
0	96
0	96
13	37
0	37
0	32
0	17
0	84
522	0
1893	6
134	127
6	60
110	523
0	523
202	71
0	70
0	0
0	0
0	0
0	0
0	0
0	60
1	60
0	60
3540	563
0	557
166	369
0	369
1577	4
1	72
0	72
0	72
0	17
10	17
131	181
6	66
1	181
9	80
0	1
455	312
0	248
0	177
13	32
0	32
24	424
0	58
0	289
0	324
0	401
0	424
4404	3121
3727	3119
332	1694
1281	1697
0	1565
0	96
0	130
591	1465
0	1400
111	1380
1530	2824
5	2823
0	634
2	1058
12	410
0	66
13	42
10	267
16	1175
0	10
16	37
0	35
630	1260
118	1295
9	1260
1098	3
79	328
0	0
0	0
0	0
0	76
0	72
22	40
76	291
0	311
0	243
12	0
274	1360
104	1395
3777	282
0	275
37	771
2971	775
31	38
0	1
0	0
1328	5
0	187
0	76
0	76
0	60
0	60
0	72
3309	5
2	3
0	2
14	87
5	60
0	22
0	369
0	102
0	70
0	47
0	340
2128	2
201	164
0	164
0	0
0	0
0	0
14	0
0	1986
0	7513
53	8615
0	8623
3254	5
2304	0
699	17596
0	14483
747	17596
354	483
43	244
1	487
1	4
0	4
0	56
0	128
21	128
241	0
0	53109
2461	53109
134	1953
73	163
37	1828
0	156
0	40
72	447
6	436
0	613
87	613
0	81
600	85
2064	167
650	173
143	0
6	27
0	0
0	0
4	0
0	21
0	201
258	7562
0	7534
10	3585
0	7468
0	0
0	0
0	0
0	0
0	6
0	6
81	506
2	550
2	0
0	0
0	0
179	0
0	404
0	1034
1196	1652
0	1316
0	1652
20	2134
29	1845
6167	8
0	337
0	93
0	281
0	68
0	79
3	722
0	358
0	358
0	703
0	16
0	4
0	0
0	0
0	0
0	0
0	0
0	550
12	19
0	1924
29	1989
4	0
789	0
0	0
0	0
0	2
0	129
0	11
11	172
112	0
347	0
0	0
47	15
0	0
0	0
0	0
0	0
0	0
349	2095
157	2093
0	138
0	494
444	633
67	3068
0	3122
1626	2839
0	0
0	0
0	0
0	0
6477	8
25	230
27	230
236	743
0	743
3	743
252	18
27	50
0	50
5	6
32	5
200	37
1	37
0	0
0	4
0	4
76	26
0	26
2	26
0	0
0	0
0	0
53	269
0	269
119	123
0	123
0	58
9	58
0	37
12	289
0	269
0	343
0	126
0	456
112	456
0	318
1	0
0	0
21	388
24	610
175	627
865	171
0	171
0	0
0	0
16	0
37	36
55	36
828	169
0	169
8	2
200	84
0	84
0	2
35	0
19	7
1351	58
3	57
3	16
0	0
453	3
638	1480
0	1480
0	0
0	0
356	1243
102	1395
108	1698
0	1692
0	52
530	91
0	88
1476	2
4	0
4142	8
363	0
148	252
0	136
0	121
0	0
0	5
462	0
195	28
1	28
9	12
0	8
7	515
0	0
9	0
0	127
375	127
10	112
7	3
8	118
0	130
5041	8
153	0
0	4357
0	5018
678	7065
335	0
0	25
2	25
880	1810
0	1810
0	1
0	1
3	1
93	0
0	54
15	112
0	111
8	2
0	2
866	0
28	100
14	100
0	7
0	0
0	7
126	35
0	35
3	119
0	119
14	1455
0	253
0	1432
0	774
639	1170
0	182
167	269
0	1169
1887	7
4905	2670
36	2665
0	221
0	14
0	14
1001	0
0	1
7	466
0	269
0	203
13	6
0	3
6	874
3504	876
0	3
158	3
0	18
0	125
167	125
0	48
0	48
0	48
0	48
0	190
116	56
0	0
0	0
3	115
0	13
1882	794
0	73
0	2777
5213	3907
0	2963
10	3902
1	1062
577	2895
52	2894
1058	87
0	86
11	0
589	0
671	3
327	1032
7	455
424	5536
846	11403
0	3398
0	11367
0	8
0	8
0	6
292	0
5	0
0	0
438	114
28	114
0	0
240	0
732	0
895	0
90	6
0	131
116	1208
14	610
0	94
0	243
0	872
2	872
11	148
18077	178
0	14
0	14
0	14
0	0
0	0
0	0
0	0
169	1
587	0
40	11269
0	11343
10	11316
3987	10928
0	11174
0	31
0	31
415	22
0	32
0	7
0	19
1140	217
0	215
18	3
261	93
0	100
0	14
0	14
17	2320
2139	2325
0	1648
298	57
93	58
7	794
0	497
0	118
887	195
1	53
0	177
6869	31974
0	3424
4	31966
1597	158
0	158
44	57
0	57
1279	77
18	77
33	0
1	8
0	0
0	7
0	791
0	412
1	691
0	465
828	0
22	0
0	9
0	9
0	9
127	0
1511	397
0	395
0	32
178	100
2	119
112	4
13	116
486	1
6	1
0	1
258	0
51	0
294	4849
0	79
276	4863
0	4850
5	482
346	501
5847	8
11	230
0	111
188	456
6	359
23	925
27	925
4	0
0	25
0	25
169	0
0	0
0	0
0	0
86	9
712	0
1080	418
0	0
0	418
0	0
0	0
8	229
0	535
416	607
10	0
0	0
700	0
5597	0
15	2
0	2
0	140
19	140
20	19
67	94
0	30
102	0
0	93
232	12
0	547
0	879
146	2655
0	2655
0	343
3	404
349	56
0	37
0	18
1507	0
0	0
245	0
530	284
0	283
113	2
394	23
178	6
0	17
0	34
0	348
0	485
0	3118
9631	3152
0	0
36	123
0	123
17	447
19	447
0	10116
0	9900
9	11331
19	13255
2005	13333
196	77
0	77
0	399
358	399
2	0
21	74
2	74
270	18
56	328
2	113
97	0
363	1842
0	1842
104	2628
4	1014
1	2587
547	77
48	77
0	48
748	103
0	96
15	0
22	10
14	0
0	224
1523	259
0	219
23	48
0	11
2	37
59	0
99	0
320	20
0	20
815	3
1550	481
0	476
508	0
274	0
1450	5022
243	20
0	20
4347	2631
322	0
1	6
76	14
0	14
0	4768
4	8457
25	9234
9	14
961	14
2667	2641
1280	1142
248	1141
18	1134
0	0
0	0
6	1
0	0
0	10
0	23
0	5
5	23
0	0
0	0
0	10
0	1
0	10
16	146
0	146
0	0
0	0
0	0
66	596
2	597
6	337
0	337
0	193
16	231
12	232
0	216
0	0
55	42
0	42
0	0
0	0
0	0
0	0
71	0
4	0
392	0
0	0
0	0
0	0
0	0
0	0
0	0
0	0
11	93
0	43
0	93
0	0
0	0
0	0
0	0
0	0
668	0
0	0
0	0
0	0
33	0
0	0
0	0
0	0
0	0
0	0
0	0
0	0
0	0
4	94
0	130
119	0
0	0
302	32
0	0
0	0
0	0
201	1
25	130
0	0
0	0
0	0
0	0
3	0
0	0
0	10
0	439
506	439
0	0
0	0
0	0
0	0
0	923
1874	925
0	0
0	0
2	0
0	0
0	0
0	134
0	13
143	147
0	0
0	0
0	0
0	0
0	0
0	0
0	33
481	709
0	719
47	748
0	729
0	0
0	0
0	0
274	157
74	157
0	0
4	1
0	51
0	51
0	27
0	51
289	1
466	0
6	387
158	12
0	218
8	137
65	1438
0	207
0	207
187	1442
0	0
0	0
0	41
0	41
0	122
925	122
0	0
0	0
81	61
26	61
0	64
1	921
29	921
167	127
0	127
7592	5638
0	5631
35	54
0	68
933	28
0	43
0	82
0	43
28	139
0	42
7	39
0	21
0	75
473	157
456	629
4	32
0	39
2	647
0	177
0	218
0	218
1	147
0	0
251	356
0	355
0	447
0	423
0	423
3626	794
21	789
16	418
586	418
151	0
0	69
0	88
10	97
1	0
44	5
0	51
0	45
0	37
0	31
0	43
84	43
115	0
0	0
88	41
6	53
83	53
0	3
0	3
12	28
0	5
0	5
5	49
18	53
25	57
0	37
525	81
205	81
0	0
0	0
957	0
0	0
0	0
0	0
0	0
3132	3
478	279
0	279
0	771
25	1936
0	1772
30	1879
2782	0
0	5
7	5
0	1
7	196
270	513
2	513
0	0
9	19
0	0
0	0
0	0
4	2
13	27
268	1021
4352	13
359	21
3	0
0	0
815	341
0	340
1725	1
0	0
0	0
41	160
922	291
0	291
402	0
0	0
5	28
13	37
35	308
1	9
0	0
0	0
0	30
900	38
102	20
4	20
0	0
12	24
0	0
0	212
0	9
0	210
23	46
13	16
0	0
149	63
0	15
0	52
0	3
0	0
0	0
0	0
0	0
0	0
0	0
0	0
0	22
1	22
6	0
0	659
0	659
713	0
0	3
5	21
7	922
0	988
0	1025
81	195
519	0
1	380
0	104
1682	343
0	148
0	185
0	323
1774	1134
0	1128
1	703
0	0
0	97
134	97
0	0
21	0
246	45
0	2
0	2
0	2
202	169
0	169
0	169
54	0
317	3
0	1
0	1
0	0
59	665
434	665
0	0
0	0
3725	0
209	1
1136	1
70	0
605	0
0	117
72	117
7	0
0	0
30	399
3	399
10	9
0	9
680	167
0	74
0	62
0	86
50	25
0	20
332	20
0	0
400	0
0	0
0	0
0	0
0	0
6	0
0	0
0	1899
1465	1900
0	0
2	38
20	36
3	74
10	70
0	24
0	0
0	167
4	167
2023	0
2	237
962	238
767	124
4	123
0	0
7	3
2	0
0	0
6	87
0	87
5	10
0	0
389	0
0	29
197	29
0	50
0	50
203	817
4015	827
1044	55
299	662
0	662
258	3
3	122
375	122
180	13
119	12
0	171
0	11
0	0
0	146
0	146
0	110
0	201
30	0
10	131
14	131
0	21
1018	586
9	429
0	583
27	179
136	147
54	5772
111	227
0	227
0	137
0	1955
0	425
0	292
1	2351
0	1524
1	260
0	19
0	63
0	200
245	0
182	825
2	825
0	1303
677	1303
0	66
2	35
215	67
0	871
537	6614
8	6614
0	422
0	71
1	416
0	349
0	946
0	538
26	448
12	335
0	142
167	0
0	2797
2	0
544	3332
15	1944
6	1963
0	50
0	56
0	56
351	0
3	958
0	578
0	534
0	530
0	387
354	0
27	596
809	596
1	599
0	217
0	267
1086	1
0	90
209	2
82	0
8	17
0	17
5	18
1	90
0	90
0	73
0	73
2	22
0	22
1825	2
29	73
0	73
0	0
0	0
0	0
2	1
24	1
0	1
0	1
0	63
64	63
0	63
5942	4
0	164
579	221
124	57
31	99
0	99
1679	2504
5	2504
296	0
0	0
2710	4
258	0
0	0
353	42
0	0
0	0
301	78
256	198
0	142
30	206
6	144
2326	9
1777	6
422	52
0	52
0	51
657	52
185	108
0	98
0	1
0	47
0	0
66	164
5	164
7	8
0	8
5168	27
112	278
0	11
0	278
21	244
2086	0
0	0
0	61
899	61
71	348
2	187
16	982
0	392
0	982
1231	1510
0	1507
6354	4
0	0
0	0
0	0
0	0
0	0
0	0
0	26530
22	1722
200	25655
0	6759
566	0
262	16
0	0
0	0
3	0
0	0
0	0
1864	268
0	266
1	38
0	0
0	38
0	0
4	0
0	21
360	24
0	0
0	279
1014	415
0	414
7692	9
0	0
0	0
0	0
0	0
0	0
0	0
290	0
1039	153
0	153
1	0
161	0
3	0
26	952
7	817
248	0
1268	0
0	719
5	717
0	622
0	181
0	181
0	181
16	1158
0	699
0	699
0	845
0	448
40	624
10	1113
0	631
6	593
0	578
1	1053
32	614
0	619
0	734
0	294
0	177
4	623
0	704
0	702
0	132
0	308
5	552
0	74
0	43
0	723
7	263
0	255
0	317
0	317
7	400
0	24
3	0
2	253
7	516
0	118
0	268
0	215
2	1102
0	434
0	1219
0	1166
66	51
0	51
74	10
1873	133
0	40
0	24
0	12
4	40
0	161
622	182
3	182
320	0
1671	0
76	90
0	90
386	1
1461	2
1634	0
485	120
0	119
13	385
0	385
0	4353
0	2766
29864	7152
250	0
4	0
73	182
0	182
0	99
0	99
850	286
1331	287
50	131
0	131
0	0
0	0
0	0
0	0
111	2709
0	2709
0	633
624	0
0	0
161	0
1224	3
346	0
0	1778
5151	1784
1942	1532
32	1513
0	695
0	786
0	86
168	86
35723	8669
14	8630
0	0
0	62740
0	11412
761	64969
0	19208
0	0
0	4
0	4
6	238
210	238
0	5750
63	5750
195	273
382	273
58	2
0	12
0	12
0	87
0	78
0	30
0	415
2	389
0	1
0	1
150	550
0	546
0	0
0	0
0	0
0	0
0	0
15	94
215	110
2	101
0	107
0	12
0	4
0	8
0	12
0	1
6422	7
2	134
0	28
11	518
194	643
0	61
0	99
0	94
7	189
4	0
9	140
0	392
0	42
0	637
0	258
0	170
0	0
14	98
0	3945
0	31
22	0
0	0
0	9
0	0
43	510
42	202
0	696
0	1631
7	493
17	85
0	5
0	69
0	163
0	0
0	0
0	0
49	38
0	292
0	298
0	112
178	2810
0	107
0	1206
0	1170
0	1214
0	95
0	186
0	471
0	7
4	7
1	892
0	0
129	613
3	485
17	121
0	119
0	107
87	413
25	114
0	859
3	36
32	82
0	0
0	0
9	224
0	0
11	7
474	0
54	31
0	329
0	124
0	74
0	24
0	612
0	22
0	0
0	4
0	64
0	45
0	0
21	427
0	609
0	4849
0	475
27	77
0	19
12	131
2	238
0	584
0	69
32	276
320	450
0	0
6	3
0	7
5	0
3	1
219	998
316	0
0	52
1540	0
45	536
90	1923
9	1892
53	88
13	162
0	20
214	997
0	568
0	2136
121	331
0	0
0	0
0	2671
0	38
0	16
62	117
0	193
7	391
0	861
0	871
0	961
0	266
0	245
34	0
29	542
0	0
6	162
0	715
0	523
44	271
43	2048
5	2266
0	1909
0	343
0	302
0	311
0	444
0	456
0	549
6	518
0	549
0	535
0	0
17	312
1	538
0	40
689	0
0	269
0	329
1519	2122
0	96
0	108
8	0
0	66
154	468
0	5747
0	5756
1	5692
0	1681
0	361
68	157
100	1543
0	100
169	474
163	2526
0	3022
38	42
0	32
0	98
0	139
5	10650
0	2519
46	801
0	147
88	944
48	3609
0	3609
0	3449
0	0
0	154
110	491
18	23
101	6170
14	344
73	414
0	0
0	1325
0	1423
0	19
0	9452
312	5
11	16
0	0
4	21
0	4251
0	2376
0	5
0	300
0	0
58	301
20	102
23	361
98	328
40	0
7	30
8	31
0	67
0	63
0	63
0	22
0	852
0	1008
0	765
331	627
0	1675
0	1760
0	1261
0	10
1	196
0	0
0	4
0	628
246	0
360	888
0	175
16	7
0	480
0	21
249	101
172	0
0	0
0	0
0	707
0	556
0	9
0	1
0	54
4	13
34	5620
0	342
0	1478
0	36
0	2
0	983
1	7
0	873
0	825
0	216
0	7270
0	179
0	3
0	159
0	567
0	31
0	0
0	332
0	30
0	34
0	0
0	0
0	5
0	11
0	11
0	11
26	0
0	0
0	445
46	15566
0	0
0	85
0	94
0	134
0	239
0	161
0	712
161	228
1	31
270	1774
793	192
234	186
0	1587
31	844
26	1293
0	1218
0	1141
841	0
0	113
7	1815
0	2051
0	0
9	358
0	0
0	0
7	64
0	900
155	3
0	20
6	107
128	0
0	889
0	769
19	255
0	218
0	156
0	126
0	95
0	49
0	0
183	1084
0	18
0	12
0	0
11	655
0	0
112	396
0	855
0	104
0	123
0	123
0	123
0	123
472	0
0	4
0	779
0	0
0	0
5	0
0	336
0	330
0	95
516	2916
11	128
0	483
0	101
0	101
0	85
2	69
9	5844
0	4563
0	0
0	10
435	1427
0	0
0	0
0	0
141	2921
0	5
0	0
0	348
0	441
0	256
35	141
0	0
895	1885
0	52
0	0
0	1587
0	1620
0	1587
161	2125
10	1643
6	290
0	223
0	204
0	159
0	1011
0	16
711	3472
0	8
19	64
0	0
35	473
0	16
3	698
0	48
100	486
0	9
0	918
0	0
0	38
0	28
0	11
0	12
3	5
0	13
2	99
0	694
0	183
25	194
4	109
48	648
0	11
15	422
6	11
1	2399
0	838
61	0
0	1734
4	34
0	52
0	34
48	1049
0	589
0	733
0	727
0	837
0	625
0	64
0	0
275	662
0	124
0	121
107	820
0	467
11	471
16	531
577	70
3	0
0	568
0	615
0	0
0	104
515	2846
0	2616
0	1953
0	1554
8	10
0	54
0	58
0	0
0	9
23	188
0	246
0	364
0	10
0	2241
0	24
4	69
0	46
0	377
0	1
2500	41
107	173
82	88
0	0
197	672
3	59
0	825
3398	7
0	91
0	1739
0	76
0	70
0	49
0	49
0	49
0	305
0	0
0	0
35	0
0	57
0	277
0	441
0	1000
0	63
0	68
0	74
0	78
0	74
0	725
0	941
0	12
102	1409
0	2524
0	5885
0	5885
40	1916
14	0
24	0
1	614
46	418
5	108
114	3446
0	306
633	576
526	574
0	0
0	36
0	0
0	60
0	1696
0	796
3	144
0	9
190	5650
133	1201
0	853
429	3004
138	3004
4	26
0	0
264	477
0	477
81	356
0	89
655	5
112	0
0	74
15	222
30	222
0	0
0	0
0	49
0	48
0	0
0	216
0	27813
0	27676
0	0
1	87
0	593
0	576
0	511
0	188
17	96
41	142
0	85
0	210
57	862
0	721
0	743
49	1037
182	1285
0	1285
0	0
0	108
72	0
582	1248
0	184
0	248
57	56
28	0
759	0
0	0
9	38
0	38
0	332
0	998
50	799
7	83
1411	3
0	406
0	652
0	644
276	0
226	3
0	224
0	0
0	6
0	0
82	228
1036	2
12	10
0	0
0	92
37	168
0	95
94	676
0	0
0	77
372	2080
0	3983
670	6
0	171
0	3759
1781	3629
0	3629
0	642
3	19
4	170
0	2934
18	3111
0	2714
139	2638
0	195
0	626
126	285
0	0
0	0
154	0
0	470
0	38
0	768
0	817
0	772
0	745
0	280
0	156
81	1351
69	1351
0	260
0	19
468	844
0	844
77	0
9	434
345	0
0	0
11	344
47	3
0	9266
0	8577
0	7546
198	2790
2062	4
807	1
1	5
0	132
4	137
39	938
0	28
1	1678
0	109
0	245
0	299
0	0
0	0
394	0
0	8
0	263
0	279
0	272
0	241
0	427
22	96
0	49
0	502
26	52
0	53
22	284
5	5
5	0
0	2299
749	1511
26	4297
0	4297
8	2222
0	21
302	0
0	2376
0	0
205	1678
0	476
282	168
0	23
0	0
0	27
0	27
0	0
29	1961
42	0
6	14
0	155
112	439
0	180
0	2703
0	2968
0	2872
0	0
0	0
0	0
0	3275
0	397
0	0
0	0
0	4
0	0
0	67
0	3
0	0
0	227
0	213
0	227
149	1315
0	375
9	658
0	654
0	627
0	0
0	75
96	0
6	5
0	5
0	5507
0	4
0	133
0	135
0	143
0	110
0	26
144	1325
0	808
0	0
1913	5
1	6
45	0
0	45
0	1472
95	2552
0	1
0	11
0	11
643	299
112	299
0	9711
0	33
0	33
2338	3
964	2
3	0
416	2228
0	1694
0	2
53	86
199	140
0	0
9	126
0	0
0	203
0	1033
71	392
0	294
0	326
34	22
2	22
0	359
0	50
0	0
2861	10
13	0
0	49
0	0
21	136
773	7981
0	0
394	0
0	160
0	160
98	0
282	0
14427	16
2775	8
0	341
0	2204
0	239
512	1
0	1562
191	0
133	0
8	480
0	2249
0	2590
0	2625
0	251
0	1317
0	6
0	494
0	240
429	0
0	0
0	308
0	184
0	1145
0	2141
0	2416
0	6
0	0
9	9
1368	1
59	458
0	458
0	52
0	0
0	816
0	1043
205	986
0	1044
3	0
0	27
0	392
21	0
3	16
171	0
0	12
0	68
0	68
0	301
0	0
81	7
72	0
113	238
0	22
0	22
0	0
0	0
0	0
28	21
14	0
35	239
0	0
516	0
17	0
3884	15
0	30
73	385
4	7
0	3
1	98
0	1067
0	1036
0	1118
0	1149
0	577
0	177
9	377
0	120
0	0
5	1429
0	205
0	53
67	2906
1499	2906
16	0
839	1
0	4
42	0
119	0
68	478
0	57
103	3
478	4
2473	6
55	0
0	13
173	0
0	80
550	3
0	0
0	211
0	89
0	132
216	0
0	80
0	123
0	160
0	160
0	160
0	158
0	158
0	140
0	7578
0	7570
0	7577
0	7228
0	7579
0	5775
0	5
215	0
0	0
9853	168
0	31
9	31
82	0
73	627
0	261
2	0
0	475
0	475
59	0
0	202
0	26
86	0
0	0
0	328
0	3
0	0
8	850
85	0
64	4130
0	3822
13	127
0	127
0	0
112	0
0	0
0	34
0	7
0	7
0	7
0	7
0	49
0	1715
0	1715
4	1717
8	0
0	1509
36	902
81	0
270	0
10	2
302	1718
301	0
0	184
0	164
0	156
0	83
0	145
0	127
0	127
51	0
0	88
97	0
0	1
166	612
0	0
31	212
0	176
555	0
0	20
69	0
932	4413
0	694
0	1165
187	1173
18	699
0	672
15	0
903	0
0	0
104	870
1259	2
82	0
0	72
0	803
461	0
862	0
0	0
0	132
1197	0
0	381
0	375
155	0
25	25
0	1112
74	1112
124	1
4	0
0	78
0	37
47	0
0	87
0	87
0	9
108	0
0	1336
1315	0
112	2589
184	2589
0	3617
0	5906
137	5213
0	5213
4	2953
0	1187
0	1188
0	983
3	1044
0	770
53	0
0	584
0	609
0	565
0	1570
0	0
294	529
0	471
15	25
0	231
67	18
0	18
117	0
5	0
7	20
43	417
404	104
0	1741
0	1611
0	0
0	141
131	0
73	0
22	76
133	0
317	509
0	509
0	256
0	199
0	0
50	662
5	0
0	19
0	0
0	56
0	210
0	13
61	122
0	122
15	172
59	176
0	0
453	0
0	344
0	0
0	2734
11	2734
0	192
0	192
0	141
142	0
0	0
0	937
0	28
0	830
0	1173
0	884
0	876
510	83
0	0
176	3
0	0
26	0
30	0
261	0
0	0
113	0
0	0
1	121
278	129
0	118
0	0
0	0
0	0
7	51
0	51
0	0
0	16
1	1
7	0
74	0
154	0
0	726
10	0
277	259
11	259
125	0
93	0
0	0
5367	4
0	105
0	105
342	1
2	51
0	0
32	0
0	0
18	21
10	47
1817	2
0	2814
0	2778
0	2749
0	2550
0	2549
0	2351
0	2178
0	111
0	1448
0	1205
20	128
941	2
17	2025
0	509
96	697
228	2
6381	18
0	0
0	1284
0	1315
0	1507
0	0
0	841
83	841
0	16
0	16
0	15
0	13
0	0
288	0
2	0
500	0
0	6
6	9
14	8
60	0
0	818
207	918
0	127
218	48
0	0
0	695
4	700
0	613
0	713
0	700
0	0
0	44
0	788
0	788
0	656
0	784
0	558
4829	0
0	610
0	0
0	0
0	0
730	5
0	0
1320	0
0	2
149	0
4167	3
0	65
0	65
0	65
27	112
0	112
1	0
195	57
0	57
625	39
39	120
0	120
14232	14
32	0
0	6
175	0
1661	0
420	549
1	548
1140	0
898	5
1030	1
0	207
15	207
0	0
54	0
12	0
0	0
0	8
0	8
0	1842
0	1318
0	1274
369	1920
0	1295
847	1910
54	2
1767	2
0	0
941	1
374	4
58	0
0	0
0	0
99	0
0	246
17	246
0	259
314	240
0	127
0	0
0	0
0	0
0	0
0	0
0	0
4	0
58	0
5	44
485	44
0	0
4	0
0	0
0	0
113	0
0	0
3	141
4406	8
0	182
0	248
0	248
10	182
40	0
27	0
0	0
0	0
0	0
0	0
0	0
0	0
19	0
41	0
36	0
0	0
0	0
104	1484
0	17
616	6
107	148
0	0
276	0
80	371
0	36
26	555
0	555
8	0
0	0
364	0
0	736
205	2
6	612
0	571
0	589
0	0
51	1013
0	0
119	31
53	729
11	762
0	352
0	58
0	0
0	19
41	0
2418	0
0	1
0	1
0	1
0	0
0	0
0	1
572	0
729	759
0	487
57	5
5	6
0	6
0	0
38	0
0	1024
4276	5
2	2
244	0
459	2
11	134
24	0
529	2
0	0
452	668
0	668
234	10
0	0
0	0
20	0
7675	16
6	1515
0	1510
61	987
0	340
25	7
0	311
0	178
215	0
186	1
181	0
18	132
10	132
270	0
9	49
39	133
0	0
594	825
1753	5
0	0
31	1
16	20
0	20
73	2
6	30
0	30
2	0
365	0
545	32
1	0
421	472
0	472
0	20
0	20
3	0
0	0
33	0
4	0
82	0
8	2088
90	2088
0	810
0	421
1	0
0	0
0	0
27	0
0	0
0	0
0	0
26	307
5	0
4	0
203	1131
13	479
0	478
0	385
811	8
0	0
1	658
22	23
0	23
4	0
0	0
35	0
124	0
0	176
0	137
0	176
0	0
1341	7
0	37
16	96
0	96
0	0
0	0
0	44
242	0
810	0
1	0
292	0
200	2007
0	2007
14	511
1	0
142	0
252	9
808	37
7	0
0	23
0	23
21	0
6	35
0	0
0	0
14	8
0	8
0	19
317	0
111	0
0	174
0	0
14	243
0	0
0	0
0	0
0	19
6	0
1	0
290	2
3563	1496
0	10
0	10
170	0
830	2
170	0
0	0
0	49
37	0
15	82
3	0
933	7
0	241
1791	1
17	0
0	74
4	0
0	0
42	0
0	0
675	4
247	6
2042	0
811	0
0	14
216	0
0	233
0	257
12	0
260	241
0	241
1291	0
811	0
24	0
0	172
17	172
111	0
101	648
0	648
0	0
479	4
0	91
3	0
436	0
0	0
1	667
122	667
1493	2
624	0
0	10181
14	182
0	195
58	126
0	45
1	0
0	0
460	7
0	626
0	0
176	663
219	0
0	0
0	0
0	0
36	0
4	21
1	3
793	1643
0	1641
0	0
0	362
0	5249
21	0
0	0
0	0
802	2
631	0
432	0
1556	0
18	0
0	0
0	0
0	0
19	10
0	0
0	0
0	62
0	29
713	107
0	128
37	171
6	0
0	0
0	5
5	20042
1569	20042
0	5
149	0
43	612
11	594
0	582
0	0
3298	7
0	693
1019	5
3	0
2005	4
903	1110
0	215
654	0
0	141
13	115
72	149
665	3
0	0
93	10841
962	0
0	0
533	0
0	8
0	8
0	0
0	333
0	314
0	333
3	332
214	0
0	1018
267	0
44	13
749	144
1197	0
86	1521
638	0
48	0
1327	0
576	109
4	227
0	195
36	197
558	0
166	0
0	1541
0	70
259	0
208	10
0	0
0	0
1	0
0	41
89	0
144	0
13	283
610	0
216	0
0	754
1302	2
0	872
0	860
0	374
0	374
3	0
137	1
3810	7
26	13
2	0
51	116
0	116
918	5
0	821
0	277
4	14
0	696
0	678
0	690
0	709
0	756
0	1241
112	1241
0	15
151	0
0	55
0	63
223	279
0	321
7	235
58	0
0	509
438	3008
0	826
0	826
2167	8
217	5251
10	5250
0	0
20	0
0	0
0	0
0	4
0	4
10	4
0	3
0	0
51	0
366	645
1	46
504	0
298	11
785	1698
106	567
0	93
0	0
0	74
0	69
0	69
0	69
0	0
0	0
0	424
1762	11
79	3
11	44
0	44
69	153
139	723
164	723
1643	1261
0	1
3	597
3726	2
1357	2
0	10
2	0
2148	4
389	7
0	94
10	94
0	33
0	0
0	1
54	0
0	0
10	182
7	314
0	608
144	510
1	848
0	744
491	17
381	0
143	0
8	0
2	1
0	0
849	424
10	120
2220	0
34	364
0	970
25	108
0	239
2211	1
176	788
89	0
0	0
0	0
8	338
0	0
5502	24
0	0
0	0
44	0
132	88
3942	14
99	0
1812	1
0	0
25	0
0	0
0	504
262	0
27361	45
50	0
0	76
0	600
2129	2
32	0
0	218
0	1598
0	7
0	7
384	0
169	5
0	0
5843	6
0	578
0	313
4043	24
0	16
0	1025
1012	0
0	1087
1024	0
39	0
948	0
1	764
0	1369
0	41
0	41
4	61
0	97
1	0
0	0
0	307
38	307
131	1120
0	0
33	0
15	152
0	0
0	5820
3	634
10	0
0	0
4	1
0	0
0	0
68	0
0	0
0	1199
341	0
240	0
0	100
0	984
0	290
0	0
0	0
0	7
0	7
0	45
0	96
0	198
14	0
2	2
1249	1
1	1
0	810
58	313
0	272
11	313
0	313
10	106
25	0
14	48
0	353
2	16
738	1
5	0
863	396
0	394
7813	17659
930	17650
0	0
117	336
0	115
1	12
0	1149
609	797
0	152
0	422
0	425
0	356
0	124
113	0
162	45
0	1163
0	0
12	328
0	0
0	245
1	60
0	152
0	175
27	185
133	0
96	0
0	0
0	535
0	234
1106	2
0	1
0	1
0	1
10	94
2	0
0	0
0	96
0	918
0	163
126	763
3316	3
10	0
347	0
69	236
1	236
0	0
0	133
0	129
90	285
0	0
0	21
0	201
0	809
0	801
1895	7
11	383
0	258
722	1
13	0
21	0
0	7455
160	4
0	1
0	4
1118	0
15	703
86	287
54	0
0	0
258	251
0	0
0	18
0	223
0	115
0	214
0	0
2351	1862
582	1862
0	0
7568	20
6	4
2346	514
2340	507
0	138
0	1150
6	1
0	153
773	2
0	427
0	0
373	371
0	24
0	17
5	0
0	3
444	0
0	2032
24	29
7	302
32	0
0	57
196	4
102	2709
0	0
0	0
143	0
327	1460
390	1521
0	2
11	6
0	0
0	79
0	79
0	75
0	79
0	79
0	79
0	79
0	79
48	374
1670	0
17635	19
0	469
0	0
0	291
0	302
0	155
453	4
151	19
0	9
96	0
6	0
0	766
0	0
13	0
0	0
7	155
1055	219
699	224
48	0
0	554
0	2010
0	0
75	85
0	85
356	0
0	344
9	405
0	304
5	395
82	0
0	0
0	0
0	0
0	210
0	41
7	0
0	0
72	832
3	832
7	245
63	99
0	99
92	131
0	1
9	0
1	214
603	0
0	0
19	10
7	322
2356	326
513	43
17	192
0	164
0	43
0	177
11	42
0	42
2	0
0	13
1096	14
0	0
75	1
0	36
26	36
0	10
0	209
0	26
0	26
0	0
26	23
0	0
0	10
2	286
0	0
0	0
0	1283
0	12
0	0
0	0
4	0
16	123
0	54
21	63
6	284
7	744
0	744
441	0
13	184
17	1243
0	1243
12	0
0	0
7	385
0	0
0	0
6835	9
0	943
48	62
42	0
110	833
11450	7
0	13
0	24
12	0
0	148
0	9
2	361
0	361
347	250
0	130
0	1137
0	620
86	291
0	29
0	0
0	0
499	0
107	0
1	48
0	0
0	115
0	0
0	7
5	1
0	2082
227	1314
0	12
0	3
0	6274
0	6277
0	6485
0	99
314	0
0	1045
0	1680
34	2000
6	1513
6237	9
10	7
0	1043
1	1732
0	0
0	0
15	509
0	509
0	1285
0	198
0	0
0	0
0	0
0	0
0	0
0	23
0	1176
0	0
0	0
9	127
0	1
0	1068
0	0
2	49
0	23
0	63
0	39
0	0
322	0
322	0
7	384
0	170
0	0
0	1129
0	2016
3	27
587	87
17	0
0	1029
0	719
0	5
0	0
0	51
40	943
395	943
0	521
20	0
0	22
732	3324
0	0
0	0
0	13
0	307
1413	2713
0	0
17	26
0	0
0	5149
0	19
0	25
24	101
0	0
0	172
0	0
3	0
491	3
0	0
31	0
153	1
0	1263
0	0
0	0
0	0
0	1856
0	227
192	0
15	375
0	0
0	1256
0	0
21	293
0	8
26	0
0	122
848	136
12	245
0	254
0	138
13176	9
45	47
22	551
0	584
0	285
0	281
0	21
178	671
1589	849
0	849
533	0
274	1739
0	165
0	806
1	3
3	0
0	470
0	373
0	25
0	387
0	347
0	467
0	477
0	549
265	9
3	2
0	2173
0	641
0	183
0	166
0	0
7	45
214	0
0	12
0	0
429	0
0	0
0	0
0	0
0	0
193	1251
10	10
88	686
11	190
0	190
0	0
19	1001
0	299
0	0
9	811
0	0
0	0
2	572
0	535
0	570
0	571
0	0
0	106
0	8572
0	8709
898	0
0	0
0	300
0	24
0	24
0	10
0	72
2	0
9	24
0	0
383	452
0	45
670	0
0	0
0	106
0	213
805	0
0	935
236	0
0	21
0	21
189	2789
36	1152
0	289
1835	2
39	563
15	6
520	4
0	89
0	0
0	0
0	1719
26	187
0	523
53	494
0	350
0	1167
0	65
0	0
0	0
221	0
0	799
4	126
163	0
53	247
0	25
0	997
0	1003
0	1157
0	1157
424	0
0	0
29	93
0	0
0	200
22	0
0	49
0	37
0	136
5608	9
958	0
0	372
685	0
60	59
9	46
0	29
43	238
0	0
0	0
0	796
0	45
0	39
3050	8204
0	8204
0	19
5	584
3	584
0	4
0	0
0	254
0	0
13	1108
22	27
408	0
12	95
0	0
0	134
0	0
6	29
485	2443
0	101
0	0
0	1
0	1
70	0
9	100
0	0
0	0
0	242
0	0
0	1
0	1
0	1
0	1
0	1
0	136
0	0
0	289
0	71
0	157
226	0
82	1554
0	381
162	381
0	0
0	894
7	0
354	0
0	97
0	91
0	91
2	102
0	67
0	19
0	74
0	14
0	0
0	0
3	28
0	139
0	152
0	0
4	37
0	0
0	0
0	383
0	533
3	204
0	323
7	656
0	93
2	31
0	577
0	270
0	0
0	230
83	456
0	189
0	162
0	190
0	88
0	150
64	887
0	5
0	5
893	541
52	541
0	1727
0	264
40	50
545	0
75	146
18	146
0	25
0	21
0	21
0	459
69	405
0	166
6	150
0	0
29	201
0	0
33	18
846	10916
144	1
0	99
0	419
0	5
228	1169
1155	6
0	42
0	42
1	172
16	112
0	413
0	0
0	4
0	0
0	3
0	3
0	47
134	774
0	20
1	0
0	5
0	5
0	75
25	231
211	9392
0	9510
0	132
120	30
983	2046
0	0
30	116
0	477
0	270
0	60
143	1005
0	607
0	20
0	438
0	38
15	120
660	1352
0	709
3	754
0	609
0	50
0	0
0	0
0	362
1	281
0	7
5	0
0	196
0	5
0	487
15	0
0	89
293	0
974	0
0	0
0	29
685	0
0	0
0	31
0	2082
0	785
10	121
0	0
7	6
0	0
0	5
0	5
0	0
0	0
0	85
0	66
3	0
6	173
545	1
0	174
0	83
44	144
158	114
0	0
0	2
0	0
9	0
38	104
4576	13
0	0
287	7005
4	0
0	0
1380	0
0	0
0	85
0	62
0	44
0	0
1	1504
1	1236
0	0
52	0
5	0
0	38
0	2248
0	1920
0	0
0	0
0	226
265	227
0	212
30	177
0	90
59	991
0	1
0	0
0	4288
862	1
3	101
0	49
111	313
0	685
0	496
0	674
0	685
0	685
0	528
0	608
0	396
0	539
32	1
0	270
0	745
2	6528
0	9097
138	41
0	25
0	116
0	116
0	108
2014	1
0	0
0	0
0	0
272	3036
27	44
164	205
45	0
22	0
11	36
0	36
0	0
59	242
27	91
4	0
0	3425
0	1774
1734	789
480	785
203	1598
0	1558
0	1356
123	1621
0	1489
998	0
3	442
47	1806
0	1699
0	12
1178	0
0	0
78	19
152	0
0	512
5	484
0	538
0	338
0	221
0	335
4289	11885
2180	0
33	0
0	0
2	0
0	111
0	960
0	960
24	751
0	781
293	7332
0	1660
28	8432
267	3
18	105
0	631
0	671
699	6
130	9206
0	1697
0	1753
0	1689
0	1254
0	0
0	0
0	317
0	0
0	22
0	22
172	981
0	1038
0	571
0	309
0	8
1	9
0	0
0	0
193	0
3	134
0	346
6	0
625	1
153	602
1022	0
0	158
0	174
20	0
15	1
0	346
148	911
0	0
1938	85
1	0
50	0
6	782
2	0
0	6603
0	6603
0	6763
0	4998
0	3225
43	0
10	242
6	260
0	5
0	0
0	4
2631	6
0	0
0	0
71	1005
0	974
0	1005
20	1001
0	2
10	0
0	187
0	92
0	155
74	643
2	16
0	16
531	156
0	42
0	126
0	104
0	185
0	11
129	205
290	801
0	433
0	85
5	0
0	0
0	9
4	12
12	0
0	294
0	0
0	0
285	5106
0	0
0	16
0	16
2	136
1	0
307	0
0	323
0	284
43	1946
52	1946
0	128
17	93
9	0
606	609
0	609
0	5669
111	0
0	0
0	730
112	730
13	265
0	265
0	211
34	7
8	231
0	32
0	17
0	109
13	13
135	3
0	235
0	160
1446	4
14	0
0	0
0	0
10	2105
584	2102
2	126
0	18
105	31
0	1041
1286	5
0	437
2534	9
0	548
0	0
4	0
41	232
0	232
0	9
5317	5
40	0
0	2
97	0
3	0
0	0
99	1
5	13
1003	0
0	0
0	0
54	0
0	596
0	218
0	3
2	3
0	0
0	0
0	66
0	67
31	2594
53	2800
1	21
0	202
152	0
0	0
1	0
16	0
0	39
5	980
0	1000
0	910
794	0
9	9
144	3
0	25
2117	0
45	0
0	0
0	1040
0	1040
10	0
0	672
0	1145
13	0
0	95
522	0
5	50
0	215
0	195
67	185
28	0
0	0
0	0
20	3777
0	3770
0	116
0	15919
1	0
0	238
17	106
0	90
0	0
148	0
2	3
227	0
0	226
0	209
226	8
166	0
8678	7
161	1795
0	0
1937	0
22	31
0	244
481	1
11	0
0	198
0	0
0	0
0	46
0	112
3040	1
0	1244
0	17
0	35
1506	2469
0	2469
0	0
0	0
0	85
13	85
0	32
0	14906
1	15079
0	16643
0	16618
0	14822
35	9447
263	0
11	15
0	1809
0	2036
10	50
87	972
0	943
0	946
0	606
0	606
0	0
1	0
317	944
174	4
0	0
0	81
10	0
178	0
16	0
3	0
21	0
0	0
0	0
24	448
0	5
0	5
0	2
905	0
114	8
100	0
0	0
50	62
0	0
4	0
5141	4618
2078	4613
7	91
3	3
0	26
0	1202
1862	3
846	0
0	133
32	238
0	0
3105	3
286	0
0	52
238	443
0	0
35	0
232	833
208	833
123	2
0	9
340	0
153	0
0	4154
0	681
0	0
547	18
1892	1112
0	1112
370	2
691	2
0	599
103	0
0	6874
430	0
61	0
1532	2241
0	90
0	0
10	516
0	200
0	0
554	2516
0	764
0	659
0	750
0	775
0	750
0	750
0	750
0	26
0	192
9	0
64	0
0	17
0	17
47	293
0	256
3134	4
328	0
0	6
182	126
362	0
0	156
0	638
51	2201
0	2201
0	0
3681	2268
0	2264
0	3
0	3
1640	1043
0	0
1178	4
14	0
0	0
0	0
0	5544
0	5214
0	4992
0	4087
0	4329
0	4634
0	5005
0	4261
0	4607
0	5527
5	11
4	0
355	0
1	0
0	6
2032	5
2015	5
0	0
619	0
0	9
4	9
0	9
6	54
156	808
38	0
62092	108
0	504
244	0
37	958
510	957
34	0
0	0
0	258
515	0
0	0
0	23
0	1743
0	0
0	0
0	12
76	155
4	155
0	0
81	389
0	0
0	0
109	2526
0	2504
0	0
0	0
0	0
0	0
1978	8
27	0
0	0
0	0
3	0
736	7
0	0
44	0
0	623
0	0
0	388
0	87
5	672
91	672
0	0
220	727
10	727
0	0
0	0
0	0
85	0
0	135
0	282
34	0
0	1195
4350	12
0	2
0	0
566	2
0	0
0	0
0	0
137	1
0	212
72	230
736	0
124	3510
4	3510
0	121
2	127
0	510
0	4
0	0
0	0
0	0
156	0
7	0
12	549
0	549
20	179
0	179
395	49
0	396
0	390
0	399
129	698
191	698
539	0
370	963
0	0
0	233
12	236
0	181
18	0
87	603
0	603
0	0
0	0
116	0
703	2544
0	2537
0	10
0	0
19	0
13	0
0	1596
11	282
1	0
150	0
0	0
0	0
0	51
0	51
3	0
8284	10650
356	0
1	0
0	103
0	121
9840	15
0	0
0	0
217	135
643	2318
22	0
1330	2921
0	0
5	0
0	2485
0	2577
0	2661
0	2610
0	2610
0	0
0	15
0	0
2	6
4913	11
80	34
512	1102
508	2501
0	163
0	92
0	0
0	0
159	0
0	394
0	343
0	310
0	0
0	0
135	0
0	2
484	0
2080	3
0	0
0	77
63	7
79	1
0	0
0	0
15	0
53	0
5	2
94	0
9	7
0	0
182	0
61	0
0	0
7	0
52	230
229	0
205	0
0	0
104	0
8	3
101	0
2732	0
0	18
3299	8283
0	3620
0	0
302	0
0	362
167	1128
633	0
0	27
0	2972
9	0
0	1019
21	133
0	209
0	185
408	1
6123	10
103	1265
2	24
0	706
27	0
54	95
9	6
608	0
114	0
0	449
0	30
70	0
0	205
1631	4
2375	4
0	0
5350	10
572	103589
3796	103590
10	0
0	22
0	22
0	22
41	128
0	3438
2266	4
0	5090
147	5090
322	0
0	177
1206	0
3	0
6	0
60	0
111	0
4	9
0	0
0	0
96	765
0	0
32	4187
0	4153
0	4176
4	4142
0	3
92	0
6	0
48	0
1598	0
0	181
0	455
41	110
2	110
2615	5
204	1
4625	19
605	3018
0	0
388	0
356	0
0	127
0	280
0	277
0	280
0	280
98	0
82	162
3	0
159	181
3962	3422
538	3421
5	1555
6	253
3	253
318	0
38	388
210	9
0	133
0	0
0	0
0	0
2	174
9	174
0	1
181	0
2937	0
7	0
14	303
0	0
0	0
0	0
183	453
0	453
133	0
0	0
20	86
1	0
17	0
1	0
119	345
0	342
0	31
20	31
26	267
0	280
0	370
0	326
0	347
0	0
9	0
85	0
213	1403
0	50
0	34
158	100
267	357
107	356
9	906
0	2
0	2
28	660
2	21
0	21
0	78
0	77
0	78
0	77
0	78
0	48
0	42
1678	4
0	0
181	1515
31	1515
11	69
0	59
1766	7239
5204	7246
1	0
0	14
1	23
0	23
30	416
0	409
0	157
6	126
0	0
0	0
0	0
0	0
0	0
0	0
0	0
0	0
0	48
0	124
12	28
226	1768
35	3
1431	2
60	472
96	472
4207	6
246	0
114	339
51	867
97	187
2318	1391
513	0
209	0
0	1
14	653
0	5
23	255
0	255
0	0
1134	2
0	0
0	5
544	0
0	3
0	1428
0	945
344	417
571	0
0	0
0	10705
453	35
79	34
0	133
63	1
216	0
17	125
9	125
0	125
1	249
1578	8
0	32
98	663
11	0
0	5
0	5
40	0
4	0
8	44
0	0
0	0
0	397
0	3
0	3
7	3
0	3
63	0
0	57
0	0
0	62
0	62
0	0
10	14453
1591	14454
18	79
2214	8
0	30
0	108
0	108
6	60
0	56
0	55
150	165
0	165
6	16
116	0
0	36
0	0
9357	5503
787	1
0	377
0	0
23	682
0	224
100	0
0	3234
0	28
56	0
75	367
0	22
0	117
0	45
0	0
0	705
0	6
0	6
218	676
0	675
37	0
0	93
22	0
2	20
30	0
1	2056
263	2056
1075	4
11	93
8	93
0	16
101	0
0	0
0	29
0	108
1260	6
0	15
0	15
8	750
30	721
0	690
32	396
0	0
9	0
0	133
78	682
38	81
0	85
0	78
34	40
4	183
193	364
254	0
74	176
0	176
13	117
0	4
0	0
0	0
0	73
160	0
566	1
21	352
29	351
0	2
6	131
93	528
0	217
0	178
0	217
0	214
0	0
0	4
178	0
0	495
0	0
0	0
12065	8586
255	8446
482	7363
87	7625
240	7663
158	7833
0	2188
95	2687
155	2999
144	2783
104	2750
0	4413
0	635
0	647
9	641
0	615
3	37
0	0
0	0
0	0
3696	7
0	0
0	918
0	918
0	928
0	456
0	0
0	695
0	6
0	6
1376	0
0	0
0	159
2279	5
0	797
17	0
137	2
0	12
108	0
17	366
1734	5
1337	1174
8	330
35	118
19778	46
1	0
0	88
0	2737
0	0
0	0
0	0
0	0
390	3
81	1851
0	0
0	128
7	5
5	2
38	146
530	402
0	402
372	0
13	414
0	404
0	154
0	56
26	0
600	192
0	18
269	2
6	427
15	109
191	235
5	235
168	608
337	3315
0	3315
0	124
0	184
4	8
0	719
0	3
66	735
173	666
1088	1
0	10
0	10
0	10
0	2
2905	5
0	0
0	17
0	1284
0	1276
3	16
71	61
0	1237
3	2158
53	0
0	441
0	515
0	515
0	400
0	441
0	358
0	285
0	65
0	154
0	4
0	0
231	683
29	11
63	0
0	3
0	0
0	2
0	54
1	893
12	893
0	158
210	0
683	0
0	92
330	5
0	0
0	0
0	103
108	196
0	35
0	193
0	92
0	140
0	152
4	781
0	781
0	57
2592	0
99	1554
0	1471
2	3
46	429
0	0
0	0
1713	13
0	0
0	0
0	0
37	0
52	126
224	2
50	112
49	0
0	511
1928	5
0	3
0	3
13	9
0	0
1389	0
47	0
0	0
0	0
3	0
0	251
10	251
0	886
0	344
0	0
14	4
0	16
416	0
0	0
0	163
0	1749
0	633
0	27
0	30
0	343
0	343
1	96
118	35
9	629
0	629
0	478
0	344
7	18
163	0
18	86
0	139
0	256
3	0
15	0
10	0
9	0
0	74
9	839
0	839
0	9
0	9
0	18
0	26
0	26
199	1
482	0
0	7467
407	70
0	70
0	70
0	0
912	4785
0	0
0	0
129	91
11	20
671	0
2	552
19	552
0	0
0	0
171	926
12	926
0	114
0	58
1	103
17	381
69	359
0	359
0	221
0	0
24	1
11	2243
5	2243
0	34
0	982
1244	2
3	0
0	550
14	18
136	753
0	165
226	2
0	0
0	0
0	0
0	0
0	0
0	0
0	0
0	0
0	488
87	0
0	8
0	0
801	0
1138	19
0	19
0	0
3237	3
15	141
0	668
0	201
0	201
0	199
0	470
0	236
47	516
450	0
0	944
677	1520
0	0
0	38
0	106
0	2
3998	1
0	2056
10	1
118	566
0	124
0	124
71	124
143	60
0	103
36	167
0	1461
2	0
1643	6
2497	0
550	0
95	0
11	10
911	0
0	0
3274	4
0	140
4	0
0	668
171	18
9	6040
13	6323
233	0
600	1
23	85
0	116
7	40
0	260
15	224
327	254
173	2
0	0
0	0
0	127
2520	5770
4037	4
8	57
5	46
0	46
0	1
1198	197
138	1743
88	230
24	0
0	0
0	727
225	739
35	226
21	408
0	408
0	46
357	18323
0	312
0	10
0	1370
5	1370
53	1159
0	91
0	13
0	28
0	148
301	506
0	2
4	236
0	165
0	36
0	0
0	0
0	130
0	210
67	1968
0	1968
0	157
0	0
0	4
0	4
0	4
0	0
11	0
0	644
0	1469
0	0
0	0
0	0
0	97
21	88
289	4274
260	50
0	0
0	0
0	0
0	0
0	0
0	0
98	0
0	0
0	0
0	0
0	1116
0	489
0	200
0	167
5	0
0	87
435	0
874	0
89	153
0	0
0	0
0	64
10	226
0	1638
10	513
0	15
0	5
0	1008
11	0
0	0
8	45
9	0
0	14
0	230
144	4
53	236
0	1401
0	0
352	2
240	0
0	79
106	38
2011	2
0	26
0	113
0	410
4	1260
71	172
370	1
134	323
2	618
8	623
11	0
0	1
192	0
0	712
0	684
52	53
0	41
0	5421
8	36
114	105
1106	1
0	161
0	3688
62	263
2	269
0	0
208	0
2	1162
52	1162
0	8
0	92
22	20
377	677
0	449
47	449
0	84
0	94
0	139
0	2259
0	9727
17	523
1	199
10	0
0	0
0	0
0	0
63	0
0	6
0	0
17	628
0	560
1	34
0	0
0	0
6	181
0	42
0	1008
57	1008
0	356
10	319
0	2362
30084	57
0	0
506	0
0	779
0	4643
2445	1
0	385
44	334
0	0
0	0
0	0
2846	8001
0	5
0	0
0	266
4	3561
859	3561
62	0
0	0
0	0
19	8
0	6198
0	13
0	14
0	0
0	0
119	1426
0	0
0	0
0	0
3	0
11	128
0	0
0	0
0	5
4	439
0	185
0	0
0	1250
35	1431
1	238
2752	28595
141	28586
226	0
0	262
1166	513
0	513
0	43
0	277
52	239
31	157
610	3
330	0
6	720
0	864
0	37
0	0
294	1000
0	12
0	23
0	37
0	0
49	1425
113	1426
54	102
43	102
16	347
0	0
0	573
0	0
0	121
0	12
0	8
0	0
433	0
203	0
91	0
155	0
1027	0
0	0
0	0
15	594
516	7391
0	1413
0	169
0	92
171	1192
0	40
3331	3
0	0
0	470
5	33
1	0
0	341
101	1620
0	1491
0	620
69	976
197	69
0	69
0	94
0	233
0	233
0	233
0	233
7	2947
9	3000
2	4091
0	3573
0	1111
0	5379
773	7
3982	1108
0	1106
6	0
0	121
0	254
4	14
155	544
0	2
0	9
0	0
0	0
0	33
0	0
0	840
0	97
1	63
0	0
101	0
0	12
344	0
0	469
5	461
0	390
0	322
41	214
10	45
4	59
0	57
46	0
25	35
0	882
65	542
0	0
143	0
83	177
0	1087
28	818
0	752
0	818
0	765
40	708
22	0
0	17
0	0
775	0
0	0
7	113
0	3
115	0
0	10
0	10
0	0
0	0
0	132
0	10
1473	3
222	122
2	16
646	4939
0	138
0	133
4	121
0	0
0	309
69	0
0	0
0	0
0	630
40	0
0	226
0	0
0	0
60	22
373	0
0	0
184	2
6	18
0	301
0	5
0	3
491	0
0	73
124	0
0	0
0	3305
0	2126
0	924
161	224
0	207
0	224
55	216
74	952
35	0
0	3
0	773
7	36
0	11
193	47
702	43
0	43
0	593
0	582
0	2
0	2
0	37
0	1451
0	1123
12	133
0	9
0	0
0	23
7	9
0	0
92	48
0	0
0	1
90	205
70	381
0	1
0	1
0	1
0	1
999	2
0	0
276	789
3	789
39	43
1208	0
45	2173
0	1947
0	2091
10	638
0	39
0	22
118	405
13	0
22	136
18	0
40	253
38	253
0	290
30	967
0	967
0	20
0	17
8	498
146	335
1	136
0	0
414	1
7	347
0	308
14	1121
3	0
0	18
808	0
47	582
135	673
0	0
8	23
0	317
0	319
37	1301
142	1301
0	64
0	362
0	315
0	379
0	0
20	749
16289	38
8	759
1920	0
0	307
276	87
0	0
8	4
104	873
0	873
983	170
0	163
0	3154
1291	8
0	243
0	481
226	434
0	0
0	0
0	0
0	0
0	0
33	2404
0	0
59	274
0	25
0	306
6613	13
8198	128
9	630
182	11
0	639
0	0
767	0
0	26
0	0
423	0
0	57
0	53
2924	6
0	439
14	0
5	1
0	0
20	499
0	1
734	511
36	97
0	97
0	377
362	1
686	138
0	136
6	99
0	701
172	0
1188	7
1522	1
44	0
6	102
46	2098
24	179
14	179
3	0
124	820
0	820
0	26
0	0
0	333
0	1
0	1
0	0
22	132
6070	6
145	0
24	194
0	22
0	0
30	0
1	6
0	874
235	2477
0	24
0	24
0	19
0	36
0	36
0	0
855	0
2312	3
0	338
0	353
0	408
0	0
21	0
1538	1
0	0
97	0
1684	1
861	10
736	0
1	10
0	108
0	101
3071	8
32	0
0	8548
0	0
8021	6783
501	196
0	152
0	111
24	11
0	6
0	5
9	110
0	0
117	0
689	0
0	0
0	1668
0	635
11	747
8	12
2	0
301	594
0	930
96	685
0	0
0	376
38	327
0	184
0	0
0	0
0	174
70	0
0	1
310	0
274	0
0	1719
0	1719
6	5
0	0
0	4
0	0
0	0
0	0
0	2273
0	2290
0	1156
11	1190
0	7015
0	7201
6	0
16	1
0	378
0	340
0	340
0	159
116	443
0	443
0	342
0	290
0	134
0	0
0	0
0	0
75	9
90	873
0	0
0	429
0	431
0	319
2603	6
0	0
0	781
183	1
0	837
0	3
0	3
0	102
105	0
16816	35
8	10
34	1
0	447
530	1311
6	280
1	50
97	260
0	0
0	0
27	0
32	125
364	260
5	9
0	15
0	15
0	15
126	995
67	850
263	0
0	267
0	184
0	51
2	76
0	58
0	43
4	1719
0	1719
85	45
177	893
38	893
0	9
0	9
2	9
0	9
0	15
26	265
0	265
0	253
0	352
1	30
28	35
0	0
499	4
0	1116
862	0
25	32
109	951
1	316
25	161
207	0
2	2247
33	2204
0	29
5	0
0	833
0	97
0	467
10	467
4	7
56	4
8	0
36	0
0	78
98	385
120	9
0	16
0	16
7	0
378	1
11	8
0	0
0	940
27	0
59	0
0	56
0	1224
0	1238
28	0
1	140
9	291
139	0
18	2
0	46
12	0
0	793
1755	764
1311	765
12	25
11	25
343	2
86	268
6831	15
0	357
353	24
0	9
0	0
0	166
47	166
2665	3
3383	5
1526	396
0	395
0	154
326	0
1	22
0	0
6025	9
0	594
0	508
71	141
0	0
0	0
0	0
22	390
93	106
0	0
0	381
1	120
0	66
0	0
7	38
539	0
0	25
0	0
15	0
198	0
15	0
11	0
3446	4
13	0
589	0
3	65
24	159
0	106
0	707
0	225
20	421
0	201
0	200
413	0
868	2
447	1389
2	1389
8	77
4	0
0	126
0	0
196	0
0	6
4392	6179
0	40
0	40
0	40
0	40
0	0
777	0
0	14
2	11
0	1
0	1
1	0
417	0
474	3
664	1
25	0
234	0
256	130
27	34
0	0
2507	388
0	387
5645	5
35	0
381	0
0	728
0	80
0	4138
295	1973
0	512
0	0
0	73
0	0
0	0
0	0
0	0
0	12
0	12
289	5
0	0
0	0
0	181
0	18
121	646
1	267
0	706
429	0
5	16
10	16
48	0
0	0
8	65
0	2091
118	169
0	1078
171	0
0	0
364	0
0	1187
0	1040
84	0
0	0
0	32
0	32
0	7
0	80
15	285
250	723
0	155
17	1599
102	1553
0	1543
449	2
0	91
0	112
0	26
0	26
3661	7
2	0
0	0
0	0
2	6557
28	5709
0	5753
54	1
0	1
0	101
0	395
0	364
8	0
0	408
1698	46
4	141
540	0
0	0
0	0
371	0
0	193
53	0
0	0
38	0
0	0
0	0
0	83
0	61
0	79
332	0
7	21
0	148
0	395
0	0
4	0
2319	5
0	104
0	4
11	165
6	165
1051	652
39	649
92	1045
2	0
0	53
0	53
728	2
295	0
0	0
121	0
0	236
143	0
3	0
0	0
0	264
0	1018
0	599
3868	7386
0	7380
0	230
0	230
4	284
0	215
0	22
887	0
1	13
35	506
0	338
0	109
1	51
0	18
500	6
0	3416
49	619
0	97
934	2
0	5
0	0
0	11
0	11
0	0
894	6
1062	0
0	0
0	0
0	0
7	0
0	0
0	1611
43	0
155	125
0	125
0	65
0	59
577	142
0	0
0	127
0	213
0	236
0	0
0	0
0	0
0	0
1103	4
0	0
35	0
0	9
0	0
1152	0
0	0
0	75
0	106
210	0
0	1001
5	7
104	0
0	578
0	14
0	0
0	0
12	0
0	0
4	0
0	846
0	731
0	631
0	745
0	196
0	6
4	7
0	519
2	40
0	0
0	0
0	52
1471	2477
28	0
2	5
626	0
26	181
3199	2
0	0
795	0
1699	5
97	0
0	3
0	0
976	5
0	266
28	326
1436	0
5	1
0	0
0	0
802	4
0	0
32	2
1097	1748
3164	9
0	2293
0	2300
0	1955
0	686
0	181
0	181
0	279
0	36
94	0
77	645
0	199
24	199
12	1386
1	112
0	71
0	74
56	0
2	0
0	1113
34	32
231	0
0	312
1285	1
0	91
453	0
0	3
0	58
304	10
1288	3
214	1430
0	194
0	194
23	0
56	808
13	815
0	0
0	0
66	792
84	1746
0	1019
350	572
0	142
56	0
585	3741
0	29
0	50
0	50
0	49
0	50
0	50
159	0
95	0
264	359
59	98
0	30
0	0
19	0
14	0
0	0
0	114
0	124
29	124
0	40
0	0
379	0
0	4
0	1026
0	1021
23	698
68	24
79	787
0	1
0	0
962	700
0	699
3	243
13753	13
0	0
47	0
0	0
0	0
0	0
0	0
0	0
0	0
0	7
0	7
0	0
976	6860
307	0
0	9
0	9
140	0
209	1
0	0
0	5
0	5
0	129
0	112
0	9719
0	0
23	633
1136	0
4	1061
97	0
156	2662
1209	0
0	1760
0	0
0	1403
160	0
0	23
1	67
1472	0
169	309
0	25
0	0
40	582
19	582
0	220
0	490
77	3616
33	546
0	4693
0	15
0	24
0	17
0	34
0	16
0	47
0	8
0	28
0	0
0	0
0	28
63173	104
0	10
7	10
0	0
32	0
68	0
2	48
1	111
0	33
0	141
2748	1
0	0
0	315
1212	1896
0	1896
0	236
199	1
6	146
105	0
0	270
3	0
0	168
84	0
0	13
0	0
1	4
0	1
698	2
0	0
0	771
0	0
14	813
0	0
0	0
12	246
0	950
583	1
0	0
87	0
33	0
19	190
0	0
9	0
0	7026
5	411
0	138
0	1612
597	0
1271	268
29	263
0	0
6	0
4	72
0	810
0	871
0	338
0	338
24	0
2128	0
791	0
0	0
54	0
0	0
0	0
2	27
20	148
0	1202
3	0
0	579
6461	7
62	685
381	1
3	0
2320	4
0	53
0	1096
0	0
0	0
1311	4747
108	4747
0	36
2	40
6	0
0	343
0	52
0	562
48	722
0	725
0	786
7	897
0	849
18	942
0	912
0	299
245	0
0	3286
0	3355
0	3355
0	3001
0	3004
0	2826
0	3158
0	3022
0	3158
82	3178
0	559
7003	10
8	12
0	12
269	242
7	0
0	7
0	13
0	593
0	0
0	0
0	2427
68	0
239	0
1405	1
7	0
0	530
282	1213
2	1212
1	487
350	0
0	194
103	2881
0	544
0	294
1118	0
578	1
96	0
75	3
41	1
19	63
58	0
0	0
15	0
1149	0
0	0
0	0
0	416
0	0
0	0
1502	4
5	0
11	0
60	273
0	432
10	108
0	72
4	14
0	14
0	901
0	780
0	1311
0	5
4	6
0	6
0	24
0	189
0	4
27007	39
5	65
10	0
0	0
0	0
0	0
0	0
557	0
465	1
22	990
104	1162
240	0
0	0
88	0
451	3
0	178
0	242
0	257
0	281
159	0
0	296
2	0
23	274
0	1
545	1
0	0
0	0
4	41
3	147
7	221
0	144
0	13
0	0
0	0
0	2
0	2
956	0
0	1654
54	1654
0	8
0	25
102	25
83	0
0	7
1	467
0	280
40	555
0	0
5341	3240
17	3229
0	0
0	76
210	635
535	7
1319	5506
706	1
299	60
1337	0
1	9
1	108
1	1488
253	0
0	0
0	2281
15	0
7	85
0	0
0	0
0	1083
0	1038
0	1058
158	0
10	1011
0	1001
0	2
0	2
0	7
53	0
0	0
0	12
0	20
0	453
238	1
268	0
0	403
0	384
0	384
0	399
0	402
0	479
0	372
0	257
0	245
1782	3
2	128
0	1
0	1
0	1313
0	9
18	1512
0	14
0	14
0	14
11	0
1	607
167	1
136	0
0	315
0	13
72	0
0	18
3	0
0	0
32	0
4185	0
18	0
0	0
0	124
619	196
29	1692
121	0
0	0
0	266
0	102
0	102
0	102
0	34
93	0
8	133
0	2181
42	2
0	0
0	0
126	0
0	2
0	750
0	879
3	3158
2786	3158
114	683
18	0
0	2547
0	108
125	2855
0	2221
4	0
0	908
5	0
0	1082
0	71
0	30
0	0
0	66
486	0
57	1152
44	4905
0	0
0	4
0	4
0	15
0	15
0	9
2	7
0	0
0	65
0	30
0	0
0	0
0	30
451	0
0	6
0	0
34	256
0	6
1134	1
19	115
0	82
118	1
0	23
7	0
0	0
0	501
4	32
20	32
0	269
26	320
51	24
0	24
54	268
25	1
0	0
52	0
0	0
0	193
0	160
0	92
0	67
720	2
95	70618
6	14
213	94
0	0
405	2
395	0
457	0
146	238
0	1529
41	1065
906	0
193	777
0	710
15	104
13	45
0	5
0	5
0	5
21	0
0	19
0	274
0	486
398	3728
87	3719
0	3074
199	765
720	765
0	0
0	0
0	0
0	524
4	1531
22	1097
0	925
666	1
0	0
166	0
0	333
7	0
2973	1
0	21
0	23
0	16
0	23
0	21
0	23
0	12
0	12
0	27
2	0
17	38
655	0
0	0
0	0
1259	0
0	1290
17	1290
337	458
0	408
0	412
20	1907
0	2374
0	332
0	22
0	22
1967	5
6	18
0	0
1309	0
0	477
1595	6078
0	39
144	1005
0	0
334	0
0	292
98	0
0	28
0	0
29	2
0	1254
1	889
0	1388
0	9094
1	0
0	187
23840	21
3842	4
0	83
45	119
0	4
0	4
0	4
0	0
0	0
0	0
0	0
458	5508
11	0
4161	20
184	420
3039	8
21	318
0	0
0	0
5	0
74	1539
17	85
93	1092
0	0
2219	0
199	0
2089	2
79	0
0	0
0	0
0	82
29	0
139	515
266	0
0	1553
0	1452
1	6
1143	2
0	157
8	0
24	0
3	0
36	0
1145	19425
0	3396
0	1239
38	1239
63	453
0	9
0	8
0	8
0	8
0	0
1	71
121	1101
315	769
16	29
13	177
0	62
2	177
0	156
331	777
439	1690
0	1467
0	2
0	25
19	140
32	0
0	117
0	117
0	117
0	117
0	118
0	41
0	23
0	23
0	341
0	337
0	610
0	268
0	1
0	816
911	939
0	8
3	32
0	13
0	13
10	3311
0	860
36	0
0	2
0	0
0	0
0	13854
62	14843
157	0
0	107
0	90
0	49
942	5631
34	360
0	10
0	10
0	683
0	191
0	192
0	739
1	86
18	120
10	382
0	382
0	14
0	691
0	510
0	632
0	95
0	0
1452	1
2	21
0	4
0	0
0	83
24	28
0	166
0	128
0	128
39	25
855	0
0	0
122	30
0	0
131	1001
0	497
141	762
4	104
0	269
35	0
29	8
0	170
0	1078
165	0
203	0
0	0
0	34
0	119
0	134
0	321
0	1942
0	17
5	0
0	0
0	0
2	2424
8	51
0	0
0	0
5	4
191	133
367	2200
0	420
0	839
15	1125
0	1083
0	954
634	0
190	0
0	1361
0	0
946	375
535	1135
33	0
59	695
0	28
3	460
39	563
0	407
0	467
3	599
0	602
66	229
0	0
0	136
0	144
0	26
657	0
38	0
0	982
32	0
108	2426
0	0
47	0
0	0
0	4696
0	4
0	156
0	0
2416	18
184	1120
0	0
0	4063
421	0
339	1
0	5
0	0
146	0
918	0
1219	9
5	11
143	181
0	0
534	777
0	114
463	2320
0	2711
0	2890
0	2872
575	0
4	0
0	1471
0	1321
0	1642
0	1516
0	1364
0	1325
0	0
62	294
0	294
3	272
15	258
0	228
0	390
0	21
0	32
52	270
62	1891
4	1891
0	0
238	0
734	1479
0	1479
0	0
74	76
0	4
376	1
0	0
0	295
0	0
166	428
11	0
0	57
0	57
0	43
0	52
0	47
0	43
0	55
0	43
0	2
42	342
0	0
136	640
0	640
9	303
0	0
0	51
107	767
31	0
0	307
0	307
0	95
0	0
0	14
1536	2
12	51
11	0
89	0
0	163
452	331
0	331
0	122
29	125
0	125
0	125
4470	5
1	2
0	54
0	144
0	142
14	510
1	98
334	0
0	24
666	0
351	0
185	0
0	0
0	681
5	178
79	0
0	31
0	0
2040	552
6	231
0	37
19	0
0	0
2692	2
0	0
0	0
0	0
0	7
0	0
0	6
0	7
0	7
6	0
0	1781
0	1713
29	0
0	11
0	153
0	809
0	1385
3	149
0	149
0	0
0	13
23	763
0	0
693	5
0	131
0	0
0	77
0	62
0	0
0	0
1792	6
0	0
12	0
0	612
0	258
4	413
14	2767
39	3044
0	2899
0	2392
45	4650
0	4518
58	3806
18	0
0	218
0	13
0	1
1	0
0	1550
0	16
0	16
1722	5
101	0
222	0
0	41
0	50
0	0
1151	1
0	153
28	3
0	677
2	6
23	0
0	52
14	46
1289	3
0	0
9880	19
0	129
0	0
34	358
505	1125
254	0
0	0
22	20
0	197
1165	0
0	0
0	171
0	139
0	68
0	131
0	52
0	0
0	5
4	0
0	1148
0	166
2577	8
0	0
0	0
0	0
0	127
0	24
0	0
101	0
101	21
18549	26
0	16
0	16
20	108
0	215
27	275
21	275
1	2810
3	37
171	232
690	0
0	0
712	0
586	6
0	0
0	268
95	268
12	268
20	203
0	0
4	0
47	128
0	2734
113	23
74	21
2120	6
185	922
0	1805
73	103
1	157
192	1
0	0
317	432
0	107
2	111
22	175
343	0
0	751
0	193
0	172
7	172
0	162
2	27
2	27
30	68
0	1018
0	323
0	1009
0	1028
0	1022
3	1009
0	0
0	0
799	5
0	0
0	26
0	0
1	0
0	24
0	24
0	10
0	24
4	54
0	64
0	64
0	0
0	25
45	4870
105	4110
0	4434
160	4071
0	2515
676	2515
0	740
0	0
0	25
2	40
42	228
117	0
462	1
0	96
1178	3
0	0
40	0
273	1128
14	1128
114	239
0	239
105	98
0	141
0	181
0	275
0	274
0	189
0	151
458	0
0	0
652	0
19	0
345	1845
0	1910
0	1739
104	0
1470	3
500	0
7	851
0	195
57	0
0	28
60	0
0	0
0	0
3238	2
3	192
0	284
151	0
574	0
6	0
1823	15722
111	0
0	0
687	15
0	0
0	0
0	266
175	0
0	0
0	0
0	0
23	0
0	0
0	1638
64	0
2978	1
21	299
82	1592
536	2
0	0
0	2279
0	622
762	2
0	0
0	30
3681	5
65	154
0	154
0	89
1042	4
615	0
0	0
0	3
0	709
0	0
24	64
0	0
11	0
0	0
0	0
1550	1
10	1566
0	1566
14	0
30	0
24	4697
0	94
0	0
178	168
0	1211
0	5
0	5
89	649
1210	648
180	0
0	144
5263	1
0	44
0	222
0	194
0	325
0	3
0	0
0	488
759	3
0	0
1396	5
597	0
8	0
0	0
0	95
128	0
0	288
4	160
0	3
0	3
0	0
8	0
1436	5
0	0
3387	0
0	0
921	0
135	2241
0	0
0	634
0	2296
0	2438
1	58
0	0
99	498
14	498
112	570
59	570
20	0
39	497
14	126
0	1043
0	6
10	2233
336	1148
0	1316
0	445
41	1715
0	0
12	3
172	0
0	0
54	498
35	498
0	0
0	0
2437	3
0	48
60	0
400	0
0	0
3807	1705
0	1700
0	1284
253	0
93	413
0	24
0	26
1	231
13	240
32	26
0	421
27	1230
0	1128
0	0
270	0
2	398
0	0
0	0
0	0
7	6
28496	29
0	1004
0	1171
0	0
53	782
1195	8
0	464
10	0
0	0
26	0
1578	1
8	0
356	0
0	129
0	129
0	129
0	14
673	0
0	10
167	626
2363	8
0	0
46	2905
0	2905
28	0
0	0
0	5347
762	2
0	0
47	0
0	0
0	100
13	231
236	0
0	75
72	75
0	42
38	0
5	355
0	0
0	0
10	49
0	49
0	43
122	0
116	0
0	0
0	0
0	0
0	229
21	525
2	167
0	0
0	0
1831	2
0	7
0	7
19	0
271	1487
1462	2
50	579
0	579
0	579
3	0
448	1
0	0
158	260
0	0
0	721
0	1061
0	787
0	779
1255	2710
0	2708
590	0
0	319
970	540
0	539
0	0
393	0
45	0
0	46
997	0
0	0
0	1187
0	0
0	0
435	0
0	1589
45	1589
581	0
18	854
0	0
150	0
75	1262
18	1257
3	9
0	1057
185	1192
0	0
1	0
0	257
390	0
140	0
0	267
0	0
0	7
0	7
1	15
0	0
5	0
0	0
0	536
24	536
38	358
39	358
243	28
133	6967
442	6968
14	287
39	286
0	0
5	20
5	20
183	370
0	0
6	337
0	260
5	225
2	0
36	410
0	30
0	30
107	430
0	2124
0	0
32	26
1139	0
0	993
1	241
0	19
0	0
175	0
0	631
2228	6
0	302
5	0
130	0
0	16
27	78
0	13
0	449
415	627
0	627
4	1091
0	1259
0	445
662	0
0	230
0	15
43	169
0	0
0	18
0	13
3	19
14	0
14	0
244	1057
0	1057
0	0
26	0
1066	0
0	0
34	199
163	74
3	1457
189	239
0	0
1758	1
206	19649
1116	19649
0	190
0	562
0	0
0	11877
0	0
0	436
0	936
0	803
0	5
0	2
96	145
16	334
7	157
2	250
0	224
0	224
0	30
1	7
0	27
0	0
6	0
13	10
196	0
0	786
2661	5
0	178
17	178
0	660
0	5
0	5
5	5
20	429
83	429
154	0
1	96
0	69
514	0
0	0
0	0
0	0
0	1266
0	996
76	3
5	0
0	145
1207	0
0	2
272	0
60	123
124	0
4	0
3	1386
0	0
2894	171
0	171
1039	5
533	0
181	0
0	191
0	65
0	0
147	0
0	49
0	32
0	0
0	0
358	0
107	30
0	9072
289	0
948	986
0	921
0	985
0	944
0	744
0	0
0	50
0	49
0	50
0	50
0	49
9	0
5	0
3	77
0	0
0	0
0	0
1556	5
0	0
661	0
0	47
0	0
0	0
0	0
1205	1
1143	0
0	0
0	0
0	0
0	0
0	224
8	71
1	6
0	6
748	3
1	0
0	259
0	263
0	231
0	0
0	177
0	0
0	114
0	110
0	1096
101	42
12	44
0	811
137	4052
0	496
1281	0
5	135
0	0
0	0
476	0
0	125
3	13
220	0
8	15
42	0
0	0
0	2
0	2
0	2
0	0
0	29
23	15
8	0
0	0
1861	1
863	5
0	0
13	172
0	74
0	106
25	106
0	0
0	0
115	0
75	318
0	192
78	659
0	111
3	0
11	0
0	4
4	0
31	983
0	983
18	75
0	489
2	224
5765	5
0	0
0	93
667	0
409	0
327	0
0	908
0	600
0	746
27	424
0	0
37	1250
0	23
46	146
0	7
0	0
0	0
0	0
18	0
7	2114
23	0
41	0
14	0
34	299
776	1679
175	1680
0	23
0	533
0	11
454	10
13	0
5	2
550	0
1791	3
0	0
0	80
0	0
2939	1
0	0
0	10
113	10
24	0
240	0
156	0
0	0
123	1202
105	0
12	7
222	499
4	0
0	4190
122	2603
0	1239
0	72
452	1162
182	688
0	688
13169	23
0	2
0	0
186	0
0	0
112	451
3	724
0	303
0	1
0	498
0	0
1	0
0	1768
0	1023
0	1094
0	788
0	0
0	0
0	64
0	64
72	426
55	143
558	6093
62	6092
189	113
266	0
426	0
0	10
0	0
41	0
0	0
2180	1
0	4
0	4
160	791
0	0
4	87
0	3
4	0
96	3221
21	3221
27	0
575	0
55	174
598	0
0	0
0	0
0	1
0	1
0	1
0	0
6	729
781	9547
27	9547
0	69
77	0
0	0
32	0
0	0
0	11
0	0
0	0
0	0
0	23
0	4
0	4
1763	2
19	1
0	0
15	0
0	10
5	60
0	328
0	328
0	1254
0	1288
0	0
0	0
301	72
0	70
5	1156
0	1175
5	23
43	0
53	100
0	196
90	122
52	11
0	235
2378	1
0	726
0	16
71	16
0	1751
68549	78
873	8
0	3
0	0
0	605
122	3605
41	3345
61	16
0	0
0	2
19	677
0	677
57	589
117	1161
96	1161
0	1031
34	370
38	491
0	491
0	3
0	878
0	906
0	892
1	892
55	161
23	0
0	0
0	11575
0	18
0	67
0	0
0	0
0	0
0	2013
40	0
12	677
0	35923
0	35587
0	38189
5	9
42	201
226	250
0	3080
124	0
0	0
57	1063
172	20
0	593
177	599
209	599
37	202
0	0
0	19
4654	11
0	0
66	0
339	0
1258	0
68	162
6	99
27	99
0	214
0	108
39	104
12	527
78	527
0	16
279	0
24	0
0	2225
0	0
83	56
0	155
0	124
0	3873
0	175
0	162
26	171
0	157
0	0
183	0
34	1142
56	1148
5	1148
7	0
10	19
16456	16
0	1663
0	437
0	8443
208	1895
215	219
0	0
3	55
122	58
0	87
0	102
31	220
47	220
5	0
3098	9
0	18
593	6
4	1508
33	5
0	207
20	252
0	2761
0	0
5	16
0	267
0	0
0	0
0	0
2388	9
0	0
25	127
6	177
2	36
0	0
23	136
60	136
1536	3
0	0
0	0
0	0
45	397
28	494
0	432
0	0
0	189
32	0
0	0
1	21
0	1018
0	0
0	25
0	404
11	183
49	154
0	111
0	0
418	0
7	0
1568	0
84	10
3401	12
0	69
0	2
0	2
0	34
5923	15
0	115
15	149
0	124
0	4
0	4
192	562
0	51
2095	201
0	0
0	47
0	47
0	1471
0	1468
7	1536
0	779
0	1263
0	937
6	0
0	0
0	69
4	228
48	228
442	0
41	0
7332	4
0	1379
21	507
0	0
0	21969
0	3860
21	235
4	235
97	0
53	278
80	713
0	713
6	0
167	0
0	0
0	0
21	1804
0	393
0	193
0	211
0	674
0	0
547	0
35	0
0	0
0	623
0	72
9	4
0	4
202	748
18	19
8	0
0	0
0	15
0	16
0	505
2	20
16	227
0	0
12	249
0	249
0	5
664	0
0	1019
324	0
147	0
56	840
4	12
25	0
0	299
0	175
0	194
5	0
27	50
0	50
18	5
26	107
0	72
246	0
0	208
507	211
63	24
0	0
14	0
0	0
9	151
0	462
547	2
2344	2
0	2458
0	2285
0	1881
0	2380
0	1404
108	1073
0	1000
0	1086
276	1761
0	134
255	797
105	0
20	421
0	2
20	0
36	110
0	10
383	69
0	0
93	1
0	0
0	0
2	43
0	0
0	12
1	5
0	1
0	11
0	1
8	571
0	0
242	5570
0	5570
5	37
0	0
598	0
0	193
0	132
0	126
8	0
3116	10413
0	10409
0	246
22	11
0	241
19	0
0	28
0	247
0	258
0	0
22	242
0	47
3	0
0	0
508	0
14	4043
114	166
3	825
0	787
93	72
67	0
0	0
28	56
3	0
138	1031
49	1178
3	0
13	321
26	0
0	3452
3385	3454
0	320
5	317
0	111
4	548
23	548
175	505
0	664
2111	940
0	1265
0	1098
0	0
0	15
0	2351
0	0
0	0
0	1747
0	1173
0	1229
0	1407
522	4
798	0
0	0
34	1
0	47
499	20
158	3091
1	65
0	1013
0	0
33	0
3	0
0	0
0	83
0	75
0	192
0	134
0	192
0	192
0	169
378	0
14	0
1	95
0	51
0	0
14	457
13	44
0	305
0	1880
0	0
0	0
1	93
235	1032
346	3244
0	0
148	0
0	37
2	16
0	0
0	4
0	33
0	0
0	80
461	1487
0	0
0	0
0	0
0	0
0	254
1	7392
0	7843
0	334
0	637
151	607
1439	0
0	0
3406	2
249	300
2235	3
39	212
7	0
554	0
0	907
74	405
0	990
0	829
1	2019
3	2048
139	2152
0	2036
0	2140
0	868
93	237
0	126
0	37
0	32
102	1807
0	1807
471	0
0	5
0	0
631	1
0	0
255	1697
11	63
1	968
0	981
0	982
1823	1
0	0
66	591
3	39
0	23
73	461
0	461
0	475
0	502
0	502
0	465
56	305
0	0
10	0
0	0
58	233
0	361
367	0
117	486
0	93
0	13
0	781
156	1317
0	981
7	971
0	0
1718	6
0	0
99	980
1368	0
584	2
0	386
92	808
0	808
0	0
0	8
0	189
0	80
479	712
55	62
18	642
182	728
0	2048
13	0
37	1
100	0
24	0
83	754
0	195
0	226
0	9
0	9
0	0
0	212
0	635
6	15
0	420
0	372
1	7065
0	6994
0	360
0	360
38	0
3	0
0	16
3690	4
1	1061
415	0
1030	0
0	692
0	547
5134	9
425	0
424	0
0	1051
0	0
0	0
2	0
68	591
0	1189
0	969
0	213
263	5
42	0
365	0
0	0
0	0
49	306
3	1263
268	1262
143	722
22	0
0	0
0	59
74	0
0	26
1552	7
299	1
0	0
0	2
29	592
0	589
0	468
8553	20
384	0
0	0
15	0
0	91
288	120
0	548
0	548
0	393
3924	3
14008	48
405	171
1	1591
36	1591
0	25
3	25
0	358
0	4
0	55
201	0
0	0
3	247
0	0
479	0
0	0
20	0
0	1827
0	5
3419	9
0	665
0	511
0	0
60	560
2464	6
148	0
0	9
0	0
0	0
389	0
54	829
0	0
0	0
0	0
1973	1
0	0
0	0
0	0
0	210
210	0
1	0
0	111
0	228
0	133
0	1410
32	0
0	350
8	665
9	510
42647	54351
0	39274
0	56127
2031	17400
0	133
1569	8
2	0
0	430
0	0
0	0
0	0
0	2
0	247
0	608
0	214
6	288
0	96
216	2
0	138
0	141
0	0
0	0
0	36
0	2536
0	0
436	0
14	408
0	248
0	177
0	264
0	1160
0	11
286	4623
3	4623
0	2132
3480	3
439	0
0	16
0	23
0	44
0	56
0	72
0	51
0	54
3	74
0	72
0	23
11071	5
0	0
0	173
0	140
0	78
0	128
0	0
1075	0
0	300
0	485
0	300
0	454
68	1154
4	266
824	0
12	116
189	359
0	359
99	1017
2907	1044
0	1043
562	1724
402	1724
1	0
0	1259
11	3219
68	3219
60	827
0	1820
68	0
311	0
0	0
362	0
0	82
278	0
54	62
1091	51
0	0
1	52
82	267
241	0
0	143
0	0
196	0
0	23
0	0
7	126
55	126
0	2
0	0
0	4
13	0
0	0
0	0
0	477
0	11
22	0
0	51
173	0
115	0
0	136
0	21
15	10
12	0
0	0
556	1
0	278
0	640
0	0
722	0
1307	2
0	55
0	0
93	0
199	187
167	233
95	0
0	62
0	318
9	920
0	1594
1612	7
1076	0
44	42
144	8
5	0
24	7
0	24
27	0
0	18
0	21
4	12
27	0
240	0
0	189
0	257
17	286
0	134
0	203
0	221
7715	13
0	0
0	665
0	511
0	1
16	200
0	165
0	103
6	111
281	2861
0	10
866	1
0	0
0	0
18	1660
0	1604
0	1706
0	1740
0	595
0	176
205	933
71	602
1	461
73	96
0	96
0	290
0	351
0	411
0	329
1	0
0	8
564	3
16	58
0	81
6	12
0	9
47	119
0	0
0	0
0	192
18	192
0	70
0	70
0	1140
0	64
0	0
0	0
25	0
29	143
0	142
2	1720
27	1693
0	1461
18	36
102	42
174	0
0	0
0	0
9	0
91	3041
79	3043
34	0
458	0
0	7
35	225
60	0
522	0
191	349
115	1106
0	0
4	17
0	168
0	224
0	19
232	2
15	301
0	500
0	504
0	180
0	135
4	30
0	135
0	46
0	0
0	189
0	58
41	221
0	29
8	0
1068	15
0	0
400	0
0	0
0	24
579	1105
0	808
1	2027
0	1887
63	545
4325	0
0	615
0	320
2	335
0	321
6	327
21	294
0	0
148	2192
0	4
0	4
3238	0
148	604
0	308
841	205
15	122
5	193
117	441
0	0
20	31
1559	0
0	513
0	1
737	2252
135	1215
476	1
477	108
6	0
43	438
0	105
0	105
0	18
757	2174
281	2174
520	0
0	405
0	1312
0	518
0	76
0	0
0	56
0	56
0	57
20	633
0	249
0	0
612	0
0	299
66	393
0	393
6	46846
4545	46848
0	380
37	0
0	108
1312	1
173	0
0	0
2306	1
4	0
0	57
0	56
0	6
4318	437
0	251
7	0
0	3173
0	0
0	0
27	40
0	1
131	34
0	8
0	665
163	2297
0	2052
0	41
0	1804
0	484
0	26
39	23
0	0
7	474
0	430
0	77
0	0
0	0
0	371
0	332
0	347
0	17
0	654
317	2550
0	366
428	1
333	0
273	0
76	71
293	0
741	0
13	0
1410	0
74	0
0	0
0	0
500	0
0	2
0	0
0	376
22	0
5	0
0	21
121	0
29	133
0	0
0	0
0	0
0	0
29	29
91	990
211	0
302	1267
20	242
25	350
0	350
0	261
0	303
0	3040
0	2293
18	12
0	0
0	0
2	0
0	0
0	0
10	0
0	0
1	0
11	5
0	0
0	0
0	0
0	10274
0	10303
264	9711
0	9770
21	506
0	88
0	0
13	1241
0	0
0	5
877	1
2249	1326
0	1314
0	0
0	0
0	949
0	788
0	119
4	119
318	3
168	0
0	147
2253	3
0	246
11	262
263	9
144	1690
122	267
33	267
0	202
0	1042
0	1035
135	60
0	4283
150	0
5	105
0	418
1453	0
0	466
3510	5
0	0
82	0
1868	2301
0	2298
0	291
0	0
3	0
59	0
3	1093
0	1115
0	56
16	340
172	442
0	0
0	0
4372	5
0	0
62	813
15	205
0	205
0	0
0	0
69	0
0	128
0	151
4	161
1	39
0	138
5	0
0	14
14	1
236	0
76	167
0	0
0	0
0	22
7	104
17	0
0	0
12	14
1	18
0	353
0	0
0	5092
4	0
34	0
559	1415
98	1412
606	0
77	0
1370	1573
4413	9
1069	0
0	92
0	99
0	109
0	89
0	859
53	207
3	207
0	894
8	0
1	3
144	55
0	71
8	0
1544	7358
7968	7361
0	0
774	1
3	0
0	1589
0	0
0	0
0	0
0	1689
0	0
1494	2
0	0
153	0
1715	2
376	0
75	0
978	0
7	5
3	29
47	876
3896	5
0	0
0	1
712	2
0	0
0	406
66	406
0	406
0	397
0	0
0	0
0	0
0	0
0	0
44	0
0	181
38	181
598	0
6	558
24	832
88	486
0	295
330	2
637	24
252	0
0	1839
0	596
4185	606
9	18
16	18
1523	505
132	505
126	265
0	265
53	33
0	0
0	19
0	371
16	0
0	2
0	2
0	2
0	35
82	0
0	69
18	64
106	0
16	17
0	951
0	2
0	20
1	30
6	539
1284	3
110	0
29	84
0	99
0	99
0	99
0	56
44	253
1587	0
646	0
63	169
128	169
13	47
1024	0
15	135
5	1347
0	1603
0	37
36	647
0	538
0	540
0	540
0	613
1	350
1	199
511	0
0	0
79	0
253	1580
3	4
0	0
739	0
0	0
25	187
0	0
0	0
1523	2
94	0
0	1
0	1
4	141
0	135
0	139
0	135
107	107
186	1893
0	326
0	204
0	58
66	0
0	42
0	0
573	1529
249	0
33	13
69	2112
0	2112
8	2110
0	0
0	158
0	167
0	156
0	17
20	0
0	459
0	1
91	0
43	0
15	1048
0	0
0	0
117	0
0	0
450	0
5	29
0	228
18346	25
1237	0
0	0
0	101
281	0
1325	11
0	0
780	12
209	0
179	2839
26	2839
93	1057
100	1057
2	0
0	0
0	0
0	952
172	0
0	0
2264	0
0	834
5	0
0	48
0	47
0	47
68	282
0	182
0	5333
0	2712
0	57
0	53
172	1751
0	2328
0	1659
0	0
0	223
0	4882
0	242
0	0
196	0
0	0
27	847
9	168
0	168
0	0
93	0
160	0
0	0
1153	0
0	92
0	0
0	0
0	0
12	202
0	0
0	1145
202	1761
0	4
12	54
60	196
0	259
0	78
110	0
1	870
0	10
56	129
4376	6
33	0
106	0
0	664
1	17
0	17
0	16
18	64
0	0
100	895
0	895
0	0
72	1
0	37
6	132
0	0
0	0
7266	9
367	1
64	0
550	3245
0	3245
331	882
0	22
2375	8
9201	20
0	0
0	0
14	229
111	618
561	2
0	13615
327	14820
0	3721
0	26
0	2
0	51
0	51
15	81
0	0
0	0
64	0
0	0
2	6
0	107
54	208
4063	4
2695	2
5	0
0	0
38	189
26	191
707	0
1	94
0	259
75	312
16	332
93	1
0	1
0	263
0	249
0	281
43	0
215	2
537	0
0	0
268	1208
0	745
0	3
0	126
6	0
2	256
10	256
1020	1065
0	1058
178	0
0	16
0	16
1101	8
0	0
0	26833
0	0
0	0
1653	2217
14	2098
108	2109
0	17
0	17
0	80
0	115
0	120
34	87
0	70
0	28
0	226
0	340
4	12
0	0
0	0
2	481
14	85
7	0
0	0
45	0
195	1
348	3
0	797
7	326
604	326
57	788
47	616
218	196
0	618
411	0
0	2527
0	4
30	55
35	880
0	15
0	317
555	0
2042	0
990	0
0	894
0	1
49	79
0	79
0	101
62	0
35	1138
117	0
0	6
597	5
0	308
0	271
16	0
0	872
2060	1393
0	1306
4	8
0	217
0	20
16	0
0	18
0	39
0	227
370	240
5	0
437	0
14	0
0	444
0	420
0	418
0	406
0	413
0	432
17	0
0	1637
69	0
59	0
0	699
3	19
0	19
0	45
0	47
0	0
3	0
969	3542
0	3282
0	2250
8	1073
0	1667
3075	8
47	877
0	19
594	0
32	0
3660	6
0	309
7117	10
0	0
305	5
0	1
0	317
577	569
26	569
37	0
0	38
725	3
0	15
3531	4
760	0
0	501
16	161
9	161
526	3
651	0
12	293
0	1252
0	0
43	0
19	0
0	117
5	879
47	877
34	80
0	0
90	2
63	518
0	518
22	123
804	0
0	41
0	54
24	172
814	0
0	0
0	2
0	2
11	133
1811	2
0	1
0	0
31	0
1	5016
0	0
0	0
0	293
0	293
0	276
0	0
204	0
42	0
6	6
0	0
0	0
0	3
15	193
0	359
231	3996
0	3996
55	230
4	0
0	0
24	341
0	0
1669	3
0	316
0	316
3	55
158	0
0	192
134	939
1133	0
33	181
11	381
71	0
352	0
77	487
0	493
0	2946
0	630
0	581
0	136
447	0
0	0
0	0
11	44
0	0
88	191
0	205
0	205
0	205
0	291
120	582
0	582
315	152
4	0
32	64
0	79
0	26
363	988
0	21
203	50
947	0
0	2
0	0
0	0
329	0
258	6
0	87
23	88
0	2
109	0
3	0
0	0
0	86
0	58
0	41
0	0
24	0
0	44
0	44
0	3718
38	0
0	89
0	89
0	89
0	89
0	89
0	89
0	0
286	151
0	151
0	773
514	0
47	0
155	3
182	5
5	0
6	111
1	0
0	876
0	239
69	0
0	2088
39	0
0	867
30	1
418	0
57	150
258	0
0	1023
0	2
32	1029
0	1228
42	944
41	1143
188	20
0	20
0	0
1274	0
0	0
31	257
0	0
10	13
71	61
0	61
575	1
551	3
0	60
0	264
0	37
7	8
0	0
0	0
4	35
87	1403
55	1403
0	0
0	0
8	98
56	0
827	1100
6	1107
0	950
6	2
3	1
0	27
0	1015
91	1202
0	1210
0	59
13922	13
0	168
0	1133
0	2086
0	1693
0	1243
51	767
4	767
0	127
0	839
12	247
3	0
19	176
0	119
200	0
9	0
86	1103
0	1103
0	737
0	108
424	0
506	4
22	5
0	19
0	14
0	19
48	927
3	927
13	45
0	25
1	33
0	34
0	53
0	119
0	54
303	0
0	1315
79	1315
216	0
152	95
11	49
5	0
769	73
0	0
0	3
53	14
100	32
156	212
0	28
284	0
8	0
22	323
0	15
0	10
1063	3
507	487
19	487
117	4542
0	5959
0	5875
0	5834
106	6142
20	5814
4	0
21	0
4	0
0	5
464	0
0	722
29	7
231	0
154	3402
131	1
1601	0
9	0
32	0
0	1102
0	211
66	1565
0	1299
1	109
0	38
0	29
0	38
0	29
0	38
0	33
0	29
0	29
17	0
0	0
10	1245
0	270
0	6
0	22
0	22
0	88
6384	10
307	4
1910	2
35	317
0	317
0	0
12	266
0	266
230	58
0	1765
0	1765
0	8
3954	5
11	0
0	342
1983	0
0	0
0	0
23	0
326	1364
757	0
7	0
0	0
0	186
0	169
0	0
28	0
947	0
0	0
0	0
1	0
0	0
1241	2
2	21
221	801
6	693
0	0
30	2060
215	2060
1298	5
0	0
0	0
1	33
2	25
0	4
634	0
398	1219
0	862
198	228
0	338
73	0
2013	6
78	0
630	0
1	4
2504	7
0	0
0	0
0	0
0	1707
76	1000
0	1734
621	838
0	1335
0	0
2125	2
0	76
0	122
0	950
530	3
0	24
524	28
2	0
39	17
30	457
0	20
0	7
0	1
447	0
1351	4
438	759
123	759
441	0
152	454
0	410
0	0
51	0
0	487
0	146
1260	1
0	0
0	0
19	0
0	0
0	0
2225	8
0	242
0	276
0	549
21	531
20	119
18	588
0	32
0	514
1621	1
0	0
23	0
7	10
0	0
0	56
42	1337
130	1337
0	0
0	0
0	0
0	0
42	0
0	0
132	0
1	0
56	554
0	0
2	0
15	347
82	346
0	2
0	1094
4	31
0	14
549	782
0	147
1825	2
0	183
138	2340
99	2340
44	0
25	0
0	33
438	0
1	54
0	0
0	0
50	378
0	0
0	65
837	0
1724	0
580	819
39	797
209	0
0	0
756	0
21	2
0	2
122	2
0	0
0	0
392	0
84	3548
0	1872
31	0
2117	6
736	2
680	0
51	59
1	59
0	1021
9	0
0	0
241	3
5495	1
0	65
0	0
8	0
0	0
0	463
0	0
37	15
0	125
9253	19
0	0
257	0
0	0
0	9
11	492
0	492
22	0
3	0
0	0
0	0
0	0
122	0
0	652
0	111
0	111
3	0
0	5
352	0
361	0
0	30
0	9
0	5960
0	5960
155	0
5	0
6	0
315	1133
0	1133
4336	2
14	0
0	905
150	517
0	156
0	0
632	0
0	1
106	0
657	0
0	0
0	0
0	0
0	0
374	0
28	0
0	0
319	2
0	1877
0	302
0	301
13	302
0	150
0	306
0	156
0	129
0	136
0	117
0	1478
10	0
0	0
7	1
1	129
15	330
0	21
0	21
0	830
0	0
23	0
0	0
0	0
125	2
17	267
15	267
303	219
43	32
0	16
3	133
693	0
1257	15
0	0
0	0
111	0
0	0
0	75
79	75
45	0
0	0
2	837
140	0
117	503
5	279
0	1
0	536
0	596
0	536
0	596
0	474
0	596
839140	1528
1007	0
1201	0
0	30
0	30
0	514
0	77
8	77
0	73
0	55
0	39
0	48
0	1
149	0
0	185
0	164
0	169
0	140
0	152
0	0
0	0
0	45
0	447
0	60
0	57
6	163
0	152
0	87
194	432
0	308
0	0
0	14
5	0
0	3
0	3924
0	3924
14	3398
0	3137
6243	4
88	0
0	170
50	383
0	164
0	192
0	92
0	152
0	5671
40	23
97	157
447	157
0	166
22	0
151	1070
0	0
0	153
68	0
404	7
655	0
5	1671
6	3
0	34
5	163
0	17
0	0
0	2
561	4
88	3
106	566
0	0
896	0
1487	0
338	94
881	0
551	0
0	674
0	593
0	674
0	687
348	16
0	10
0	532
84	352
29	212
372	0
62	89
6	0
0	0
5	0
0	2722
0	2323
0	162
114	0
0	65
20	0
18	1338
86	1338
0	88
3617	3
5468	6973
0	6963
8121	5
18	66
0	0
18	325
0	0
80	0
0	175
822	0
1177	0
248	0
0	1
0	0
272	9
3674	3
11	47
1	0
0	800
0	247
152	0
2	624
3	6
0	523
0	128
11	34
529	2811
48	0
258	519
475	1969
145	0
0	473
14	947
1084	3
64	0
68	34
0	34
0	0
274	4
105	0
0	329
316	0
0	102
0	595
166	2782
58	2782
68	296
0	0
4613	12
1248	0
59	782
216	1794
6	1711
0	0
0	0
0	297
15	0
36	0
38	1101
0	1148
0	794
0	0
0	2839
0	37
271	901
0	7952
0	0
0	142
0	0
0	0
0	0
12	0
157	0
0	33
0	0
22	238
0	435
0	0
7	115
0	106
0	90
0	342
70	0
0	11
0	12
0	12
0	409
0	355
881	0
0	97
0	259
0	259
7	308
19956	35
0	20
43	156
38	48
0	38
719	0
0	42
0	42
0	42
2	0
905	1
149	3528
34	3515
54	3555
0	92
86	0
0	202
94	0
0	201
0	135
0	135
0	0
0	0
3	0
0	329
0	35
0	44
0	545
0	2
0	0
0	8
0	0
0	0
2	0
0	0
0	224
0	192
150	0
67	0
82	258
0	52
243	55
0	55
404	0
119	0
0	152
0	38
60	167
169	2778
0	2778
0	6425
0	0
0	0
0	0
333	119
0	0
0	18
24	186
0	47
1682	7
1820	3674
0	3672
1134	0
0	81
6	738
132	1712
0	0
0	0
144	768
482	0
4	249
0	104
0	104
0	97
0	0
0	973
0	741
0	0
192	0
0	6
0	6
0	6
5	110
36	683
252	0
11	692
16115	40
1575	3
705	3
167	101
0	101
0	434
0	72
0	15
0	0
0	194
0	0
0	0
13	58
0	58
0	51
0	51
0	51
0	0
0	34
0	0
0	0
14	366
0	1
0	94
7	284
57	284
0	178
91	0
0	337
950	9
0	0
79	1
108	16
18	16
7	5040
0	857
33	4601
0	0
22	0
0	231
5	10403
21	0
0	0
0	638
0	636
0	662
3	0
0	0
0	684
1431	7
23	35
0	0
11	1
71	0
0	533
0	0
13	6
0	9
0	0
8	0
0	127
26	110
1	127
0	0
0	53
0	53
0	47
0	3
149	432
104	2
0	1379
0	0
0	25
0	0
0	2
5	78
100	0
99	0
0	405
226	187
0	1504
5	1486
0	21
0	0
0	628
1121	4785
118	4785
0	1598
0	146
0	249
0	63
0	109
2	2557
706	1
0	34
0	45
0	1146
0	18
0	380
0	0
0	408
0	2
0	25
0	272
0	7
0	2139
106	2015
7	2062
98	1996
0	897
7	323
23	323
0	376
0	159
101	0
0	1209
0	2603
293	2984
356	0
7	0
105	204
0	0
44	2
0	944
0	838
1	947
0	940
27	403
9	77
8	0
64	0
36	262
0	0
0	242
58	0
28	272
0	996
48	1
0	0
0	0
0	8
0	3068
37	3067
52	2805
8	333
0	436
0	436
63	733
36	5
31	5
11	11
0	4
0	3906
21	4373
0	0
0	309
96	2333
9	2247
383	2023
0	917
232	404
24	549
0	420
239	0
0	157
0	246
0	17
0	363
182	1060
0	15
0	15
0	74
0	0
0	0
0	1278
0	866
43	1556
2	0
137	34
0	390
0	398
0	312
0	0
31	531
6	106
0	471
0	276
5	0
0	198
3018	3
0	0
0	30
0	32
0	32
0	0
0	470
0	0
3	58
506	437
0	437
7	0
62	9
5	0
0	165
0	7
0	7
0	257
162	0
0	22
0	556
282	1136
0	0
0	12
213	0
247	2814
7296	1
0	0
0	0
0	555
2	66
71	833
719	0
0	0
492	0
0	0
0	0
0	0
0	0
0	20
0	16
0	7
0	7
0	58
0	122
0	41
0	13
0	78
19	130
0	949
0	4
18	0
513	4
0	0
0	0
65	0
83	579
37	0
89	616
0	35
89	1
0	158
51	0
0	585
10	0
83	478
0	4
282	0
2083	8
0	0
0	0
0	0
0	103
14	0
0	137
7091	13
0	0
0	0
0	1318
93	2
0	91
36	395
0	0
0	0
37	1020
24	1020
0	0
51	1089
851	1089
34	95
107	95
330	0
8	0
0	0
4	0
2	0
24	208
481	34
4	1943
41	8437
58	817
0	0
0	0
6	0
0	79
774	8
0	0
240	0
0	0
15	516
11	516
0	0
0	0
0	0
0	0
0	0
0	0
0	0
0	0
0	6264
0	0
0	20
0	35
0	35
0	0
0	6
0	3466
0	86
0	3548
3	3317
1168	2369
0	0
197	148
6	148
0	0
0	211
0	0
0	9
0	6
0	0
334	0
110	0
0	26
0	26
228	0
7	3531
191	3536
58	2168
0	777
0	2168
0	2283
0	6
0	2
24	1
0	12
0	3
0	0
1596	3
63	0
8	0
237	0
1128	0
768	1
15	5841
31	0
0	0
0	0
0	0
0	0
0	0
0	0
0	161
10	161
5	2
50	2
0	0
0	0
184	451
0	301
0	0
0	0
0	0
0	0
0	89
0	89
9	1
0	0
0	107
8	0
0	0
0	0
66	0
6	10
143	293
0	3
6	0
0	55
0	55
0	36
3	0
0	20
0	8
1103	357
0	355
11	50
0	9
0	9
0	9
80	1350
0	190
0	309
418	421
0	3
9	0
0	0
0	1796
0	0
0	1690
0	1005
166	1
0	842
0	0
165	0
546	0
0	819
0	772
411	0
0	0
0	0
52	2
0	0
242	0
0	9
0	351
527	655
0	0
7	0
58	186
0	330
0	0
0	0
0	73
0	0
104	10983
1216	10983
0	9783
0	85
0	343
960	345
0	0
51	1037
0	0
11030	1291
0	1290
804	0
1	0
0	3
0	3
0	0
51	0
0	91
0	0
0	0
105	323
5	33
941	0
693	2101
19	0
5	836
0	836
2547	700
0	8
48	58
4	0
0	3119
0	2268
0	0
0	551
445	0
0	0
0	41
4827	7
0	0
0	0
751	0
3	26
0	0
310	2421
0	98
2850	6
34	192
219	0
1145	13023
34	0
308	0
0	0
40	281
0	281
23	0
0	0
12	0
4	0
656	1
0	450
0	381
0	339
0	450
0	343
0	330
0	62
0	28
13	28
704	0
0	0
8	249
36	249
20	2933
0	2933
0	22
29	0
20	0
246	4
0	21
252	5590
127	5581
13	5599
8	5559
263	5433
0	1
0	1
0	1
0	1
0	1
4	21
25	0
0	330
0	339
0	339
0	332
4	721
0	708
0	619
0	571
0	7
10	0
0	2207
20	100
0	84
40	0
0	589
0	570
0	589
4	427
87	527
0	0
1357	3
0	1838
106	1060
339	0
2	3
9	0
0	0
9	0
0	4110
121	4228
0	217
0	7
0	7
2	0
1051	1
0	0
0	2
0	0
26	1406
0	550
0	518
0	552
21	531
13	517
0	515
0	440
0	515
17	2
534	0
379	334
13	334
0	0
118	116
0	968
17	968
0	265
156	0
0	447
0	2
267	1132
0	0
587	0
68	0
0	3814
0	3814
1108	3
5	406
0	32
920	4
66	1
0	1
0	1
2301	3
39	109
2937	1
65	0
498	2
511	0
0	0
4	24
0	24
77	0
0	0
0	0
453	7
36	429
925	0
0	213
0	207
0	223
0	175
326	0
226	0
702	1
6	0
49	62
0	817
31	483
0	483
18	0
0	0
110	67
0	67
676	3
38	46
199	0
0	464
387	1
896	0
0	403
0	0
0	3
19	0
74	1359
47	226
0	29
0	29
222	2469
550	2468
37	0
43	0
0	21
49	0
0	0
4	0
0	2
817	1071
0	1071
60	0
724	0
0	0
0	0
0	17
0	207
0	207
18	197
1648	0
0	83724
0	0
509	272
0	272
0	0
0	140
0	221
0	80
108	403
0	403
88	0
32	1086
0	239
5	239
6	442
31	206
17	84
0	0
1	0
0	24
0	0
0	199
159	0
0	869
36	869
31	18
7	125
9	125
0	38
0	213
1502	2
0	580
41	580
2245	77
810	2
0	0
0	8
0	25
0	354
375	0
2	0
0	0
215	0
17	1
596	1491
0	0
33	0
0	0
79	55
4	55
0	3448
13704	18
1455	4
39	1351
0	1313
1	477
33	0
0	449
0	266
54	263
0	186
0	0
0	9407
27	32
23	14
0	13
0	7
4844	15575
14	0
371	0
4	2624
89	2549
3	2555
0	1282
55	0
37	0
10	0
212	131
0	131
3	760
110	3
541	0
4	67
50	67
43	3
0	7
378	1139
0	1139
120	0
1146	6
852	2
0	1278
0	1289
0	0
377	0
0	5
0	0
39	202
4	452
4	567
519	6
49	0
122	900
9	900
7	0
2	380
183	516
0	516
0	0
0	0
154	0
0	86
0	0
0	6736
0	6424
0	7173
518	2
30	0
128	0
0	0
0	1391
305	0
0	1027
23	0
186	35
0	35
563	0
533	0
191	1
3	0
0	7896
0	7487
0	7877
0	7950
0	7923
0	6055
0	0
0	70
46	179
0	2
0	2
0	2
0	0
0	0
259	3551
0	159
0	1203
5	4
0	4
44	60
0	1290
51	1290
0	171
0	7
0	0
0	18
0	592
1	7
474	0
0	604
0	50
0	23
49	23
0	244
0	0
0	1115
0	227
24	2267
0	0
0	60
0	135
0	37
0	0
0	0
0	127
0	197
0	0
0	0
0	39
0	0
380	10
0	216
990	573
2522	578
0	0
0	240
0	0
0	8
0	54
0	54
0	54
480	939
457	0
35	100
31	0
0	281
28	542
0	537
0	529
0	541
0	0
0	0
0	399
0	0
0	1599
0	1340
0	5991
20	5747
0	5954
0	86
43	0
84	1594
0	24
0	0
0	0
0	6
0	0
0	0
0	1169
6	59
32	0
0	401
0	28
0	2715
11	0
0	0
0	135
0	2612
40	0
7	401
0	172
0	0
0	5
0	5
11	218
3	0
0	0
1186	855
0	247
0	1075
19	3
0	1214
48	4
1	4
0	446
0	381
0	381
0	488
11	336
0	418
0	414
0	74
628	2976
0	4290
0	4277
11	232
0	3919
15	888
12	621
0	4370
0	502
0	479
0	465
0	472
0	5
0	6207
0	6300
152	1888
0	102
0	344
0	0
649	3
595	0
9	50
0	25
2478	762
3	806
0	896
0	806
0	259
3	0
1	75
2	0
0	0
31	842
0	842
0	0
281	0
15	0
14	2
0	161
0	785
48	785
1	11
35	454
1930	457
0	95
12	125
0	22
45	602
0	493
0	434
173	1
9	0
0	0
340	0
0	1042
0	806
0	0
6	10323
3970	10341
3	9486
0	0
115	257
8	806
402	808
0	8
0	1506
0	1453
0	1397
0	1426
0	1456
0	1504
0	1475
0	1416
0	0
0	0
0	0
0	0
0	240
385	0
11	218
0	0
0	2501
0	67
43	775
65	761
19	4
0	665
0	7
0	7
766	0
454	2836
0	0
87	0
9	325
27	0
29	157
36	247
0	2758
0	1188
0	975
9	84
4	0
0	226
1	273
0	0
40	0
0	1157
0	39
252	0
14	81
0	131
1168	1
0	28
166	679
0	0
0	0
0	0
0	0
0	633
0	119
0	102
150	0
0	3
0	0
3	0
0	0
0	0
0	314
0	3
0	157
107	0
54	145
1	1792
37	822
119	418
58	418
6	6
180	190
0	32
9	0
0	1
0	0
1	272
0	0
4	0
0	397
0	3
0	29
0	9
0	0
1674	4
0	40
89	111
45	162
0	544
0	2
0	8770
35	0
0	51
47	225
227	225
0	225
0	7463
0	0
0	13
2	215
0	188
504	1
267	0
0	189
0	147
1150	16482
0	567
2454	567
0	14
0	6
23	154
1165	687
2	41
0	4
0	1
5	1
516	0
0	3
0	5
0	5
0	92
0	1557
0	921
0	25
0	604
214	1655
23	65
60	0
0	0
313	0
142	23
0	23
0	1207
0	0
0	454
0	235
0	205
0	299
0	1348
0	197
6	0
1	41
425	5637
6	59
0	0
0	0
13	1872
28	0
1159	0
0	0
0	491
0	0
90	2732
9	2732
145	1556
0	73
0	1
1	5
246	1294
0	757
1	4
380	0
10	5
0	428
45	428
36	508
23	0
0	0
6	130
0	14
0	14
0	15
2126	0
0	7
0	116
0	199
0	188
14	0
0	0
4231	7
0	0
7	41
811	0
730	1
268	0
0	22
0	22
0	20
0	13
0	15
0	17
0	11
0	23
25	329
21	399
9	357
0	399
0	0
3	0
355	0
0	0
963	0
0	0
0	0
418	0
0	0
0	1277
106	1295
9	0
0	718
85	718
117	6750
429	6750
133	0
3	0
0	0
0	472
165	32
0	0
154	0
121	716
1360	0
32	0
2	155
1	343
4	302
71	349
1728	6
0	0
1703	0
1173	0
218	0
0	9
0	1
194	6
838	390
61	387
66	0
7	114
0	0
87	666
845	0
0	1
0	1
407	0
0	0
0	0
1798	2
115	0
0	137
0	0
7	0
404	0
0	0
2	61
11	61
2537	5
0	0
0	0
0	0
12	26
301	0
34204	19631
0	19584
137	182
37	2745
0	2248
67	0
0	510
2	11
0	11
2	0
28	0
1320	0
35	7
0	7
3	22
3	322
0	322
743	234
337	510
416	784
0	0
48	0
0	24
0	10
0	22
0	20
0	12
0	8
0	10
0	6
0	8
0	3
0	1
0	0
0	0
0	517
409	0
8	0
1	0
197	0
87	0
0	0
656	1
46	0
352	0
0	0
364	35
0	35
417	303
45	0
6	254
0	254
5	0
0	1177
1136	1
12	0
57	0
5239	2
13	0
0	224
209	1
316	0
15	0
0	75
127	0
23543	311
753	1
2	0
357	0
0	0
0	0
0	0
0	430
65	0
108	1
1060	0
57	105
55	152
42	152
326	0
0	0
0	0
918	0
16	145
0	0
61	0
2293	9
0	108
0	97
54	0
12	0
54	0
118	499
45	499
293	0
771	0
10328	6
83	3090
19	3062
4	2656
35	0
4931	9
258	5174
1	5174
0	0
55	6
0	122
0	122
0	0
2543	6
0	0
5	0
99	224
0	224
812	0
21	1272
1	0
72	86
0	0
94	0
1	0
3	96
0	0
0	0
170	0
4	26
704	0
0	0
35	41
0	0
5	7
8	0
2	0
7	0
482	104
0	104
157	698
0	698
49	0
412	6
0	106
0	148
271	0
4	0
2184	3
0	0
65	0
0	0
6	0
2	0
0	0
1	0
111	226
851	2
0	8
2183	0
39	0
263	581
217	0
1	14
562	1
0	0
499	0
182	246
103	329
0	839
40	0
180	3838
0	3838
3	49
0	49
0	92
645	0
27	110
0	110
0	0
0	0
0	34
0	112
0	112
5	34
0	533
220	533
0	12
121	255
0	255
333	0
0	0
0	8256
0	8302
36	0
61	697
0	0
0	0
15	3304
696	3304
13	0
0	110
5	110
0	1096
0	1126
0	127
119	0
250	0
0	26
0	26
402	0
0	2105
0	529
0	574
0	437
1037	2
0	0
0	0
0	1
0	1
0	1
0	2
0	2
0	3
0	4
5475	5
0	592
0	6773
0	239
0	239
37	217
0	239
0	225
0	239
184	648
0	211
630	0
209	1
829	1
11	1064
227	0
0	0
0	62
0	62
58	792
0	264
0	0
0	516
0	76
31	582
0	143
0	6
187	673
0	519
14	619
75	654
4	0
0	0
0	0
0	0
7	0
440	0
0	226
7	24
2	83
0	5467
0	5304
10	96
24	69
724	2792
0	0
0	35
0	68
375	906
0	906
0	678
26	695
0	1030
0	34
5	0
13	25
0	0
0	110
1374	1
0	0
485	7
0	388
0	588
0	316
0	762
0	563
7	0
163	2070
221	0
3	0
0	20
0	0
757	3
0	0
3115	0
0	0
0	959
553	4
0	231
0	0
79	515
0	190
0	167
0	1
0	1
0	0
0	916
0	1082
0	0
91	640
1	728
0	65
1	1141
0	148
0	63
9	63
0	0
0	0
62	258
0	0
12209	16
0	56
0	11
0	0
21	0
0	0
0	13
0	13
0	13
0	13
2	1631
254	1631
7	1
13	181
185	0
11	156
45	104
391	6
54033	77
0	24
0	1685
36	173
0	173
0	11
0	3
0	1
0	311
0	688
8	0
21	223
8	0
0	1902
0	0
0	0
0	0
0	291
0	30
2	0
0	388
0	87
0	439
0	477
0	477
0	2289
3	280
314	0
851	0
22	4
26	89
10	89
0	1907
0	58
0	50
0	27
2520	3
0	1929
142	1929
1	9
0	82
0	6856
96	430
13	156
0	0
0	78
0	52
212	623
48	113
4	16
0	98
0	124
0	124
879	0
0	0
0	69
0	80
52	1411
0	156
0	81
0	117
13	43
4	340
0	280
27	390
0	206
0	0
72	0
0	100
1	109
22	0
0	2
0	0
0	29
14	4
47	1333
24	0
0	328
1	107
0	76
0	37
0	76
0	10
1	10
0	3
260	3
722	0
0	417
0	359
15	454
0	369
0	2504
0	1034
0	2372
0	2363
8	1
2538	714
88	2418
0	2418
55	0
95	0
149	1281
0	0
0	0
0	5
0	199
0	18
25	214
0	75
73	0
0	63
83	749
0	749
7	7
1	739
0	0
0	60
1	37
4	6
0	6
0	26
94	0
0	0
0	0
0	0
87	2893
0	2893
833	0
0	19
338	1114
1	4953
0	1541
0	1394
511	0
372	205
0	0
39	208
21	468
30	404
96	0
15	265
0	169
0	0
8	279
0	0
0	268
2020	5
0	108
0	2139
91	2140
232	1378
0	0
0	1026
0	664
143	3
1514	1
7	1422
0	1242
0	10
0	9
1219	4
80	0
0	17
224	0
6	103
0	0
0	0
7	1771
0	1729
0	1771
0	1732
0	1713
0	15
0	28
210	0
26	0
0	314
0	0
31	190
1	3
0	3
0	3
2	21
65	21
0	735
0	730
0	403
0	1205
5	0
249	0
1555	1
0	881
0	57
15	0
2434	4
0	62
0	0
0	120
0	733
159	28
46	0
5	373
19	651
44	0
552	398
0	666
0	59
0	0
0	40
0	2208
2	2168
15	308
11	314
8	314
127	2
101	1
65	0
17	0
10	0
236	1086
887	0
6	537
76	2216
1425	1093
0	1092
0	0
0	0
0	779
0	393
0	0
0	0
0	0
0	642
0	587
0	578
2	0
53	1326
89	9
0	255
0	239
0	239
0	46
0	0
835	1
0	116
0	116
793	2
38	0
140	2996
2134	11
0	37
7	37
0	0
0	778
0	798
7	0
0	2
0	2
0	0
0	6
0	6
453	0
9	0
0	0
0	2527
0	0
51	1007
4	37
0	0
0	0
0	0
438	218
0	2929
227	224
1429	231
1061	2
0	36
0	36
0	0
0	0
0	2
0	0
69	110
72	0
9	29
0	0
0	0
3	165
0	0
3	5
59	0
0	0
0	61
0	7
0	7
0	7
0	0
1	0
0	0
10	357
15	357
0	0
0	0
404	0
0	33
0	11
0	6
2276	6
0	1734
12	0
391	0
322	830
82	0
0	0
1126	7100
0	7097
115	184
0	2
0	2
0	2
0	16
0	45
7	0
532	38
0	62
541	0
2265	9
957	2
120	1437
0	1437
0	5
2	0
319	1520
198	1513
884	0
0	2
150	2
21	505
0	505
0	505
41	607
0	607
12	395
244	2
763	0
0	0
65	1328
64	1325
0	191
0	164
0	90
0	152
40	209
282	211
48	0
73	0
0	0
10	0
5	0
60	0
233	1005
0	20
1066	1755
4	1754
0	9
2	124
12	1361
0	1098
44	410
26	0
0	13
6	244
0	209
5	206
1	202
0	282
0	266
0	78
0	11
0	0
0	0
0	3208
0	3247
0	68
1039	1
0	435
2	27
424	0
0	0
404	244
46	244
9	102
0	42
0	42
0	135
11	161
0	178
0	716
0	0
0	0
0	0
0	368
0	368
0	368
28	224
0	0
14	0
25	0
91	2040
0	0
0	0
1129	5
0	5
0	5
5	20
273	0
405	3627
13	3627
0	0
497	2
131	256
0	1519
0	1565
0	1434
0	1407
22	1045
0	0
0	0
58	1388
0	1388
2283	3229
6	102
0	1504
0	1468
45	1555
219	1516
57	1441
0	1091
19	96
173	0
1099	1
0	0
253	902
0	0
0	0
0	0
15	0
740	1
0	578
0	327
0	122
10	130
0	0
240	27
0	8
0	8
0	7
0	0
1754	1
0	164
0	402
0	396
23	26
0	0
0	375
0	0
158	1640
1121	1
0	150
0	203
2	6
0	367
492	0
43	4
65	651
0	0
191	866
0	166
581	0
89	4802
0	44
0	42
0	0
0	0
0	0
0	0
0	0
1	14
0	3
0	3
0	268
11	0
0	6
0	1277
1	1464
9	1502
1448	424
0	4
0	1534
0	1534
1014	0
661	424
0	987
0	927
108	172
27	2
19	0
0	178
0	2
0	0
0	11
0	277
0	136
610	9
20	0
57	114
0	537
6768	11
37	51
179	1
8	0
0	41
4	12
0	12
0	518
0	7
93	0
42	130
0	57
0	8
279	0
0	0
95	269
118	0
0	0
0	391
0	0
0	0
0	142
0	1853
0	67
0	0
44	267
0	0
0	19
4	7
0	0
0	28
0	19
10	0
0	222
53	149
40	87
4	95
0	0
0	0
72	0
397	1505
0	674
0	21413
145	0
3413	9
0	356
0	48
0	34
0	0
0	115
3	1700
0	0
101	0
3	39
0	689
17175	14
0	0
0	1551
312	1552
0	1013
4	940
865	944
0	0
0	0
71	56
238	2793
29	2793
0	71
0	63
0	30
0	0
194	0
1220	0
0	1083
0	16
0	122
0	0
14	4
302	0
1183	0
1065	1
182	360
0	0
0	0
0	0
0	0
0	41
0	35
193	1
7	6
0	362
0	304
4	304
0	418
25	418
0	0
0	31
0	0
0	0
0	23
15	298
76	0
268	0
0	854
0	683
0	938
2452	2
45	6854
936	6855
0	265
0	473
0	495
0	385
0	385
185	0
3	5
0	2058
0	217
1027	4
7	14
0	0
0	19
0	0
171	0
1282	6
3109	6
0	0
0	3
0	6
6	0
0	14
596	2
203	740
0	0
0	0
0	341
0	0
104	0
0	39
0	446
0	425
0	443
0	440
0	25
5	109
49	109
176	0
0	0
3	437
0	431
0	426
0	385
0	2162
0	2195
0	1943
10	0
0	0
0	18
0	114
26	396
0	6
0	0
14	0
0	0
0	450
18	439
0	369
52	171
0	549
213	0
0	1257
14	1188
0	0
0	53
0	53
0	678
0	766
0	11252
0	11252
0	11252
11	0
2	432
23	444
0	0
0	332
88	332
0	0
2	11
0	11
10	332
9	1025
22	234
1824	4
922	0
48	68
0	211
221	0
3519	4262
106	52
99	0
0	1332
0	1345
82	178
0	0
0	2034
0	1678
0	0
0	73
0	574
50	555
0	0
0	1514
0	0
0	162
522	0
370	0
3993	17090
9	0
18	392
0	392
0	0
0	0
966	0
0	4
0	0
0	460
1061	315
0	1377
0	0
17	0
247	756
17	756
0	1028
0	253
0	17
11	103
328	0
0	0
6683	13
840	1
141	831
7	1171
5	1132
7	163
0	0
7	40
61	1135
1289	2
0	14
0	25
0	17
0	0
51	0
309	2282
0	0
208	3
21	397
584	3
0	45
57	422
26	17
54	581
0	2
0	44
0	37
0	56
0	41
3	68
0	0
0	1106
3	1103
0	1101
0	70
0	71
318	6
0	73
0	274
11886	18
3	0
205	0
476	1
11	47
2	0
2	0
0	0
0	0
41	59
0	59
545	3387
1	252
12	5
1541	0
0	2592
5	691
0	94
472	0
0	368
5	665
0	665
0	314
32	0
0	15
0	609
4	609
45	244
3284	8
28	14
0	13
8	147
0	32
35	4768
0	4763
107	2005
36	0
62	194
1019	390
148	523
24	523
25	3425
1	18
452	0
0	1614
0	1546
0	1527
0	1556
0	1546
0	0
0	0
0	446
0	205
8	60
0	260
25	260
2	53
185	0
0	19
0	19
0	0
1492	0
0	127
0	0
10	5
278	3
0	1
0	0
0	0
0	15235
0	15186
8226	14
11	28
0	768
0	0
0	0
0	0
199	0
310	1351
7	0
2565	1253
168	0
95	157
0	0
0	0
36	5
11	5
3	4
266	277
24	277
0	44
2926	3
1	0
200	2
0	0
11	189
11	0
23	11
88	0
0	1755
49	0
0	0
0	0
0	224
211	202
9	24
3286	8
0	0
0	0
0	294
0	1110
0	0
0	0
491	572
0	0
0	0
0	0
0	0
0	10
0	10
6	0
0	0
2553	3
53	0
290	1666
0	187
0	187
3	187
0	2
0	0
0	77
0	77
972	5
0	1
17	261
0	0
816	6
0	0
0	0
12	0
0	71
130	18
97	0
55	848
18	848
0	22
0	0
8	38
13	38
0	580
0	624
32	624
652	2
1375	5
2361	2
13	600
28	600
0	7
0	7
0	7
0	7
0	315
0	0
0	0
1586	3
15	267
0	0
0	0
105	0
66	351
0	351
0	187
8	2050
178	2083
0	836
200	1907
0	644
2	7
0	91
26	0
837	3
0	0
0	0
6	28
0	0
281	1908
160	1340
0	3
0	0
0	0
0	0
42	3647
0	3679
0	3600
262	811
0	3506
0	941
0	928
69	366
0	432
0	0
0	49
18	49
6	143
318	143
0	0
0	0
0	25
0	842
2	0
0	136
0	46
0	53
0	53
0	16
8	16
0	16
0	1
8	0
0	442
0	141
3	146
0	143
0	0
23	0
87	1084
29	1054
0	844
3	811
0	460
18	421
0	358
0	17
0	3073
2	3038
33	3029
0	3186
0	3043
0	3133
9	1586
2	1534
0	181
27	2
0	183
0	5
0	5
0	0
0	1073
0	886
0	576
0	2
0	8
314	0
288	14102
24	14102
362	0
289	8164
3790	4
37	0
0	3
4	76
2239	2
53	0
0	399
0	0
3050	11
19	0
10	260
2	1292
0	1237
0	3
0	3
0	3
0	9
0	9
125	0
0	0
0	0
0	0
0	0
0	0
204	0
63	1831
3	2008
0	1390
0	781
0	1030
0	1030
26	1030
0	343
0	312
0	362
9	362
22	0
3	64
41	82
18	234
0	234
29	64
0	28
3	28
1	0
1	663
0	19
158	0
337	113
698	0
310	1
3	3
527	362
0	362
0	128
28	0
32	0
32	139
0	41
0	33
0	0
1398	0
0	0
3	0
941	6
472	654
0	111
0	0
0	2054
0	2054
241	2054
95	0
255	13
206	0
4	0
31	0
0	161
3	0
0	1
0	1892
43	15
1469	0
31	74
490	1
0	1632
3	1487
0	1632
318	0
2373	3
134	314
150	421
480	2215
0	327
181	372
2288	1
352	1
0	444
0	443
27	430
8	3
0	0
8527	13
0	355
0	316
317	1
13	0
0	61
0	54
0	54
0	0
0	33
0	300
0	300
0	300
0	0
0	0
0	0
1065	1
180	0
55	223
404	0
0	7
0	0
729	0
0	37
2	3
21	21
0	0
380	830
5058	1
8255	16
59	79
24	88
0	88
89	0
4	22
0	0
0	0
1809	7
0	2
0	0
21	0
8	0
30	684
0	0
0	153
7	104
0	221
0	0
0	0
0	1083
14	1044
4	25
0	42
0	265
0	72
0	77
0	1049
65	1098
0	973
0	584
91	741
107	536
0	81
2700	4
0	35
116	2923
38	16
194	0
12	0
6	30
0	281
0	191
28	968
0	0
0	514
0	72
0	6
0	1052
0	1087
52	1024
8	37
0	5268
805	0
12	35
0	886
0	30
0	0
0	553
37	424
0	0
0	0
63	446
127	208
456	1
23	0
0	2321
0	2156
0	1969
0	300
40	20
0	2
0	2
0	0
0	190
0	0
196	0
0	0
0	169
3	0
0	52
0	52
0	166
315	0
0	0
23	145
2631	1
44	143
56	0
2	0
8	20
43	0
243	527
1826	2
0	33
0	41
0	41
2	633
1	633
0	617
0	572
1	0
0	537
32	0
48	241
0	241
3	0
26	72
0	855
0	802
3	1014
0	615
0	444
1188	2
1	492
0	482
1300	10406
583	2
6	0
0	3049
0	0
0	419
158	0
0	0
6	0
0	0
0	61
79	28
0	0
69	249
31	0
1	45
25	77
284	1100
499	1100
0	0
208	922
0	0
4	0
101	198
0	9
1102	0
21	0
0	1889
0	0
50	0
0	90
0	24
17	0
0	57
0	71
0	0
0	0
976	0
0	0
0	0
22	0
0	0
0	0
0	0
2	64
0	0
131	2
0	8
437	0
10	18
7000	18
0	1
0	1
0	1
0	24
34	272
69	821
0	3
0	2435
54	141
81	206
0	157
0	0
0	38
40	0
31	202
0	202
0	0
0	0
0	0
59	0
0	84
0	588
0	0
0	115
89	403
26	0
9	0
0	133
117	0
1065	0
242	0
867	4
4	15
367	158
0	0
270	0
288	237
0	237
0	0
0	11
66	0
373	634
549	4
0	0
0	0
0	0
57	0
2035	2
0	0
0	0
31	324
0	287
0	653
0	637
0	527
41	765
2	572
0	0
253	0
1129	637
3	589
0	585
0	0
1358	0
80	273
3	0
86	1196
88	586
126	586
0	1735
1	1730
0	1694
7	131
0	131
0	323
0	196
64	493
0	493
0	0
0	0
0	0
873	0
0	78
156	0
0	0
320	0
1332	391
0	390
61	1185
0	0
18	63
0	0
1	8564
11	39
113	0
775	0
1	477
0	278
0	0
251	7
0	125
530	0
62	918
112	401
0	151
0	31
998	4
200	2218
0	0
0	0
266	0
190	2
10	0
0	701
0	621
20	693
0	0
2	14
0	412
0	426
2	298
471	0
8	78
328	1946
0	3
0	0
7	0
956	1206
442	2090
1775	7
0	0
0	0
214	0
0	34
4	93
0	36
0	69
0	104
0	36
0	0
987	0
511	153
2205	2
0	0
59	3858
0	3858
0	0
22	5462
0	5934
0	3268
157	4
27	1394
0	0
617	0
0	412
0	415
0	350
7	0
0	5542
5	0
0	152
0	152
205800	308
203941	311
1912811	2886
675083	1304
14128	103
402222	594
859609	1101
35837	29
37144	86
305471	441
214594	317
5871	27
438342	765
126	0
0	0
0	0
0	0
0	0
0	0
0	0
0	0
0	0
0	0
0	0
0	0
0	0
0	0
0	0
0	0
0	0
0	0
0	0
0	0
0	0
0	0
21	0
29	0
0	0
12620	7070
9	0
5	6916
0	0
8	31
761	2
0	0
0	0
7	0
0	0
0	0
0	0
0	23
0	23
0	34
10	38
0	0
0	0
96	0
0	0
0	0
0	6
0	20
0	0
0	0
0	0
0	0
0	31
7	38
0	0
0	0
52	43
0	43
0	0
0	480
2	0
0	0
0	1
0	10
0	10
0	0
0	0
0	0
0	0
1476	1157
0	1157
0	0
4	0
0	0
1	86
47	0
0	0
70	0
0	0
0	0
0	0
0	0
0	0
0	0
10	15
0	11
0	0
0	1
0	0
0	0
0	2
0	0
0	0
84	0
0	0
0	0
9	0
0	0
0	15
0	0
0	0
0	0
0	3
1	0
9	0
1	98
2	0
119	293
0	0
7	0
6	0
6	0
172	29
47	3
0	0
0	4
0	0
0	0
7	0
32	27
9	0
0	0
0	0
0	0
0	0
0	0
0	3
0	2
0	0
0	203
0	85
2	55
0	0
4	0
1	550
5	7
38	0
11	0
0	355
6	0
0	0
3	0
1	0
7	0
0	17
0	0
0	0
1	31
5	0
0	0
0	0
0	0
0	0
0	0
0	0
0	0
0	0
0	0
0	0
5	4
0	0
0	0
0	0
0	0
0	0
0	1
99002	72
16	653
0	0
0	0
0	0
0	0
0	0
0	4
0	0
4	1
82	38
7	516
0	0
0	0
2	11
0	0
10	0
0	0
0	1
0	1
0	0
40	1170
0	1
0	1
0	0
0	26
10	6
0	0
0	37
0	0
0	0
1	6
863	6
1	99
0	0
15	0
0	0
103	229
0	0
5	0
0	1
0	0
0	0
0	0
107	1708
0	0
0	0
0	0
0	0
0	0
0	402
0	0
32	464
22	242
19	0
390	4
0	0
0	0
3	54
0	0
0	24
0	0
0	0
10	39
0	0
0	49
0	0
0	5
0	0
2	0
0	0
0	0
0	102
9	260
6	5
0	0
1	282
0	62
1	82
0	33
0	24
0	0
0	0
0	2
0	0
0	0
0	0
0	0
0	0
0	0
0	119
0	0
0	0
2	0
0	38
63	764
0	0
37	1025
54	21
172	251
19	413
0	0
0	0
12	369
2	405
31	1266
0	0
0	233
0	0
0	0
0	0
0	0
0	0
0	0
0	0
0	0
12	100
7	42
10	83
0	2
28	0
0	29
0	173
7	4
0	0
12	97
0	0
0	82
0	0
4	0
0	0
142	0
11	759
3	535
50	1025
0	0
0	0
8	1
0	0
0	6
0	0
0	0
0	0
31	103
78	0
87	14
0	0
0	0
24	0
0	0
0	0
0	0
0	0
0	0
0	0
0	0
0	0
0	0
6	14
0	99
0	0
9	1063
16	17
7	38
24	0
0	0
2	353
0	0
61	417
0	227
3	331
0	451
