UniqueCount	AmbigCount
0	0
0	0
0	0
0	0
0	0
0	0
0	0
0	0
0	0
0	0
0	0
0	0
0	0
0	0
0	0
0	0
0	0
0	0
0	0
0	0
0	0
0	0
0	0
0	0
0	0
0	0
0	0
0	0
0	0
0	0
0	0
0	0
0	0
0	0
0	0
0	0
0	0
0	0
0	0
0	0
0	0
0	0
6	0
0	0
0	0
1	0
0	0
0	0
0	0
0	0
0	0
0	0
0	0
3	0
0	0
0	0
0	0
0	0
0	0
0	0
0	0
0	0
0	0
0	0
0	0
0	0
0	0
0	0
0	0
0	0
0	0
0	0
1344	1306
0	1305
0	1300
2361	1845
0	1845
36	89
683	0
453	2
182	133
0	12
0	2
0	127
0	0
1507	3
4	0
0	0
279	23162
70	23697
22	0
11	0
0	0
0	0
0	0
0	0
0	0
0	0
0	0
0	0
0	0
0	0
0	0
0	0
0	0
0	0
0	0
0	0
0	0
0	0
0	0
0	0
0	0
0	0
0	0
0	0
0	0
0	0
0	0
0	0
0	53
0	0
0	0
0	0
0	0
0	0
0	0
0	0
0	0
0	0
0	0
0	0
0	0
0	0
0	0
0	0
0	0
0	0
0	0
0	0
0	0
0	0
0	34
0	0
0	0
0	0
0	0
0	0
0	0
0	0
0	53
0	0
0	0
0	0
0	0
0	0
0	0
0	0
0	0
0	0
0	0
0	0
0	0
0	53
0	0
0	0
0	0
0	20
0	0
0	0
0	0
0	0
0	0
0	476
113	477
66	0
452	0
0	0
0	0
0	0
281	0
1224	1
0	0
2	0
82	23
5	23
4	314
8	953
84	953
414	56
0	56
13	351
245	351
10	1674
25	110
0	1651
206	8668
0	6657
90	8193
3777	927
0	515
0	444
74	713
100	713
0	162
27	1737
49	306
0	242
4	1619
3069	0
149	0
0	0
39	0
0	928
577	928
332	0
1333	0
0	0
163	0
0	0
1290	683
89	0
0	24
110	40
0	16
38	96
3	45
0	51
1145	0
41	84
0	84
0	5
0	5
0	59
184	59
3010	1542
0	1113
1	712
41	62
149	1683
4	1559
0	171
0	71
0	155
0	925
0	867
3	808
0	867
3	2
646	813
766	0
0	3461
298	4306
3	1623
469	4306
4656	8
0	0
548	101
3	495
0	111
0	493
98	1120
22	1014
48	486
328	486
116	1
336	1
1198	1
0	3
11	3
886	31
6	31
21873	35980
0	358
0	35741
1	29064
0	35837
0	30262
13	692
12	694
11	660
0	30
0	0
0	5
0	5
0	5
0	6018
1	2805
265	6720
10	61
0	61
0	0
0	0
0	0
30	0
182	0
0	373
0	277
0	99
61	1579
16	1465
4	64
0	1576
0	1027
202	1027
0	5582
103	5928
0	5924
2	0
1763	1813
0	1419
3	394
141	0
507	649
0	179
0	8
0	41
0	0
0	0
55	11585
0	11585
41	189
503	189
1521	869
0	869
0	0
27	3162
4	52
0	3163
7	3189
0	0
1	0
0	0
88	0
13	9
0	12
19	1225
0	99
0	293
0	377
63	1139
500	4740
0	348
1306	4427
5	2450
195	0
0	832
0	541
0	914
0	788
0	0
0	0
0	0
0	56
27	1180
0	792
0	1198
0	6
0	0
0	25
0	515
0	265
656	2426
143	474
288	474
0	0
144	0
0	0
596	1749
0	1749
0	33
2	33
0	0
0	33
5780	7
147	0
59	657
546	657
0	0
0	0
0	0
1150	3801
195	3801
2520	474
80	277
13	749
284	0
1938	8
0	7
38	738
205	738
827	0
1	20
281	30530
3020	30531
100	323
17	782
184	493
0	59
0	54
147	75
0	8
0	8
0	0
0	0
0	192
1239	480
0	376
35	330
0	0
0	0
249	0
0	0
23	2956
0	2821
80	49
0	10
0	39
0	164
0	164
0	298
135	1834
5	29
0	1627
0	0
202	256
161	256
18	0
210	0
18	0
0	11
0	0
0	4
0	0
0	0
0	11
7	14
159	23
0	1
0	22
0	0
1315	2
760	3
358	578
0	578
139	1035
54	322
10	1035
0	1386
756	303
0	303
186	0
0	78
0	260
0	88
0	280
0	3667
1	2752
0	2357
10	2015
4	973
1346	7434
0	2129
0	7321
17	37
0	9
193	1069
0	1069
0	995
13	638
5	638
0	4579
127	100
0	0
0	0
879	0
544	0
0	153
1480	451
10	0
0	2056
156	2056
0	0
0	0
0	63
47	63
125	0
339	612
0	229
0	0
15	0
1	0
0	0
27	0
17	22
48	280
693	75
0	75
9655	5282
0	5279
357	725
0	62
0	87
396	261
0	220
143	224
0	224
5525	3
2	0
0	225
433	367
10388	3
9	1
102	1
0	0
0	0
0	48
0	20
0	2
17	347
0	578
4	347
0	0
15	14
0	0
2	14
0	628
707	990
0	988
3934	455
5	233
430	322
127	107
0	127
0	3
0	25
0	120
0	127
0	58
0	0
7	58
3	75
0	142
11	0
18	15
0	1141
0	626
0	183
7	1792
51	1674
0	1753
0	1736
0	776
0	1794
0	1737
1	102
0	39
0	27
0	19
0	29
0	102
25557	16
604	365
0	278
0	152
101	0
2350	1178
133	24
82	24
0	5
69	5
0	10644
393	8084
2120	18747
106	17980
0	2312
0	0
84	47
0	0
0	3707
0	3788
0	3692
0	0
0	0
627	520
28	520
105	0
194	189
0	146
0	57
0	3
0	3
0	0
0	0
387	181
0	90
0	165
0	0
2	0
0	0
101	0
818	172
0	0
0	0
0	240
0	52
0	240
7	615
0	553
0	18
0	18
7	22
17	159
0	627
60	143
7	13
271	3111
3	29
0	2957
49	3
7774	4
81	211
0	25
0	138
0	62
0	151
0	8
14	15
0	5
6	23
0	0
0	0
345	339
0	339
54	61
4	47
0	61
926	2
408	104
0	974
0	974
94	39
1	39
2540	1
0	360
961	360
29	0
1887	3
0	0
0	0
1320	0
0	0
0	860
635	1203
0	381
39	58
0	16
47	66
0	66
92	1260
0	1465
86	1465
586	0
0	62
68	62
0	1498
0	237
0	1502
161	1509
0	0
31	0
226	0
16	569
0	569
0	730
1	16
546	730
0	1
137	292
107	422
0	0
16615	3408
4	96
3	3293
46	30
0	30
102	0
0	114
0	2
0	0
0	0
83	91
1	0
4	0
0	0
0	0
87	0
16	662
0	662
1007	67
0	67
0	0
4884	4
1	51
663	0
150	150
1298	151
0	0
0	1
815	0
1937	9
3049	1328
0	0
0	0
0	0
0	0
1707	165
3	164
0	397
0	379
7	397
640	2
7	16
0	16
78	453
5	252
0	393
0	0
0	68
125	405
0	0
0	0
0	0
0	65
0	41
673	8770
0	8769
683	0
42	0
0	0
65	4
74	4
0	562
0	2045
0	3
776	5307
0	161
0	15
0	15
20	9
6	0
785	0
0	96
124	175
0	27
0	55
3701	813
13	849
1724	0
1796	0
0	0
0	0
305	0
3	11
65	12
0	6
0	11
0	8
313	234
0	206
0	75
63	190
89	190
0	39
0	39
0	104
0	105
0	0
0	0
0	55
0	166
0	162
1	166
0	0
59	271
41	271
232	0
23	3
0	3
213	0
315	100
0	100
32	0
2014	931
23	74
0	931
0	5343
22	5337
21	0
0	353
51	353
1204	0
12	272
0	263
2	33
393	440
2	409
0	386
7	175
0	0
0	132
0	17
25	276
1	109
368	187
1198	113
0	113
0	0
0	399
3	397
1	272
30	205
0	205
0	124
315	556
380	50
0	50
245	339
12	319
9	0
0	0
14	0
0	0
0	0
0	0
0	6060
7	574
0	1002
97	396
0	325
0	325
56	5843
0	4383
0	138
2125	143
570	1003
5	85
5	85
0	0
0	0
0	814
5	412
0	99
4	4
0	241
1504	1181
0	1177
1060	2
713	0
37	46
8	40
0	149
0	14
218	149
0	61
0	469
13	530
2416	2271
0	2271
0	2201
0	0
0	0
0	0
0	0
0	0
1192	79
2	67
72	10
11	0
0	0
0	0
3	0
0	278
2663	282
0	0
0	190
11	196
4	0
3516	284
0	276
0	275
0	283
1	151
0	151
1560	505
8	13
0	13
966	0
0	611
58	511
13	98
2150	634
472	0
7	265
23	386
3	222
3	161
489	565
6	0
0	0
532	72
0	72
26	0
0	0
5	0
85	36
1735	0
0	0
0	0
63	347
22	346
7	288
30	0
631	32
0	32
687	669
0	669
0	8
0	8
110	2612
0	2611
0	2629
3	2633
0	0
5	212
61	212
3557	932
40	0
4646	3
120	0
44	0
60	8
0	8
8	49
0	49
0	48
178	0
0	0
71166	21549
10	465
0	284
130	465
0	677
0	80
3	180
0	672
0	75
6	0
0	0
15	0
0	0
0	0
10	23
8	1008
28	1009
0	1014
42	0
0	0
0	0
5	0
0	18
58	18
38	0
6	0
0	0
0	0
0	0
0	0
180	0
240	117
0	11
43	117
5	207
574	846
8	768
1361	34
1	34
0	38
0	38
4	25
0	9
0	25
0	25
828	0
627	734
0	199
0	0
0	0
278	1178
123	1178
0	7
0	7
0	7
284	132
19	749
0	263
3	263
1094	1041
2	748
428	372
0	339
0	752
0	716
417	80
13	80
209	313
0	312
31	1468
15	1509
0	1427
44	1007
0	1007
0	0
0	0
479	560
1258	560
0	792
0	2828
0	864
4076	3621
2657	0
18	0
10126	13
1487	0
0	0
0	10
0	6
0	10
297	0
34	0
726	394
2	394
3537	352
1611	221
0	18
32	18
0	168
10	189
25	165
0	88
1158	226
0	335
3774	1566
217	1549
522	0
53	1312
13	630
0	696
318	3041
0	2642
0	3192
51	57
95	57
93	0
0	66
3	66
0	415
8	415
35	14
314	510
0	510
46	387
0	387
3	941
228	941
0	2
0	2
0	6
0	7
0	2
0	9
0	6
0	2
157	8
0	8
0	23
0	35
0	0
0	6
0	43
30	35
42	944
46	941
476	1494
0	56
13	1494
0	93
22	93
7	0
0	598
1844	598
27	370
0	61
0	370
0	341
0	201
1098	0
558	3287
0	333
0	35
0	0
0	35
0	0
202	204
0	204
160	57
0	57
136	0
0	6
0	0
5	67
1	21
0	32
0	54
89	63
0	39
53	331
0	331
0	0
0	0
0	0
22	0
147	261
0	8
0	51
291	52
73	287
357	0
18	445
54	593
4	0
41	293
30	347
0	347
12	0
0	0
0	224
4	986
0	1198
24	1080
37	1089
0	1087
905	1486
0	1483
99	518
3	518
78	0
0	68
0	22
0	22
43	237
3966	2677
0	2516
16	2513
0	3
0	3
0	0
0	0
491	3590
31	3590
0	27
7	27
26	0
40	803
7	803
0	0
29	44
0	43
0	44
74	1866
2	1866
88	14
3	14
48	124
0	124
0	0
0	0
153	0
0	249
0	249
613	0
278	493
540	0
269	16
0	16
73	5
0	5
12	30
0	30
12	282
6	283
0	32
1	67
1	5
29	37
961	679
50	644
1	118
2041	118
0	0
307	146
0	0
2	88
0	120
18	254
0	2
0	220
0	44
0	11
0	33
98	322
1214	0
0	0
0	0
0	0
0	0
0	0
0	0
0	35
0	351
0	41
84	875
0	862
1282	13845
113	13844
685	159
0	30
0	153
128	346
4	346
286	16
0	16
1072	0
1	0
11	0
0	11
3	9
0	9
145	16227
0	13807
0	7949
0	14413
77	1933
0	699
13	661
0	1237
581	2
0	0
1103	8633
0	7171
1	540
0	404
635	660
0	294
154	38
0	38
1034	325
0	320
96	0
10	217
155	217
15	108
0	102
0	0
0	34
3	49
397	83
2	11
9	21
0	0
0	0
0	3
0	7
0	3
2	0
92	163
2	125
9	167
242	3
0	19
2	30
0	167
0	57
0	9
0	9
3	2
0	134
13	138
4	117
0	117
0	81
0	0
0	0
0	0
0	0
123	0
1	0
0	8
0	0
1	0
987	0
0	178
0	355
43	970
34	970
40	20
0	20
0	0
0	0
0	0
0	0
0	0
739	0
0	0
25	15
2	15
2	0
0	253
44	410
13	0
0	0
0	0
67	164
2	6
0	164
0	9
132	627
0	627
10	1605
0	1605
272	673
0	505
16	335
0	63
0	0
0	4
10	25
0	29
1	519
0	0
0	0
35	85
0	73
6	73
0	130
411	1342
520	470
0	84
49	470
2	49
0	36
2490	0
27	469
0	483
277	483
0	0
2	0
0	1
650	692
114	311
28	86
3	4
0	86
65	0
0	0
0	0
140	221
0	221
30	12
0	0
429	423
0	414
5	0
51	23
16	64
45	841
245	841
140	1079
4	64
1464	0
12	0
0	0
17	196
0	196
0	64
36	200
1078	1465
0	0
67	0
0	131
172	131
0	5
64	0
16	5
85	658
0	192
0	111
10573	2875
2307	2864
180	0
16	11
6	0
0	0
1112	208
0	205
0	822
7809	824
279	65
0	65
0	1310
117	1310
10	1311
504	1312
144	397
0	357
0	96
3	397
6	0
767	100
0	100
0	30
7	11
34	11
0	0
47	18
48	8440
141	6715
13	9121
81	0
151	1
936	0
0	0
7	236
456	236
205	57
54	151
0	15
1	269
15	373
0	0
2	0
534	821
0	821
20	31
8	59
0	49
2	83
2742	180
11	145
24	242
3301	1483
77	79
42	64
0	117
436	212
0	64
2127	138
10	137
27	6
0	6
0	659
0	1
0	1
0	15
0	1
0	1
74	825
0	0
562	1941
0	1941
1	0
0	0
6	0
34	0
18	186
0	186
12	0
0	0
0	0
0	399
2	237
1	95
24	67
883	931
2	931
0	22
9	23
8779	1550
115	4
58	71
0	324
0	72
32	430
0	446
1	446
19	315
0	139
5676	1357
83	799
0	9
0	8
15653	17
6680	2221
0	2221
308	745
411	0
412	0
375	2313
0	2313
0	0
69	82
2185	1083
262	49
0	49
0	0
20	43
12	43
0	2155
95	7011
0	6603
0	3
35	7
0	7
0	0
0	0
0	43
0	33
0	38
0	21
0	0
0	8
3	8
0	8
0	20
0	14
10	0
246	50
0	0
0	0
61	4303
1422	15688
5	15688
588	170
0	170
54	7
258	4915
1412	4915
0	3006
0	0
113	2549
12	481
835	2890
106	1080
0	682
0	1080
0	8
32	595
0	1
0	126
525	592
497	141
0	516
0	791
0	2387
1	181
11547	4043
822	64
27	64
122	1
6	0
0	0
1477	432
0	21
128	940
3	940
0	1
0	0
0	5
0	1
0	5
0	23
0	23
62	23
0	71
203	3322
0	2105
26	3419
0	3390
11	0
8	5
0	0
3462	1
0	261
32	261
0	534
0	571
0	120
0	482
0	519
348	363
0	363
0	2262
977	2269
0	811
187	7
3	7
2	447
0	3112
37	3817
102	3809
0	273
2	0
0	190
1371	967
0	0
73	145
0	163
2	163
78	165
43	336
0	51
11	342
0	247
1	36
0	9
0	365
0	377
1602	9152
21	9148
0	4024
0	4154
49	4201
0	3985
0	0
0	0
1640	3
855	406
0	403
57729	1704
1	1657
0	1318
0	2110
980	2406
22	0
1275	196
0	196
7	0
175	757
336	757
1036	3
4	235
0	66
0	26
0	6
2	76
0	30
402	33
6	368
348	368
1841	987
0	205
0	213
21	406
0	108
0	80
0	346
0	209
0	33
3	214
0	281
11	284
165	0
1083	117
0	5
0	25
465	313
18	69
851	69
1	9
0	9
0	0
0	0
0	33
301	33
0	16
5	38
380	2015
31	2000
42140	53
22	6
0	3
0	3
0	0
2134	0
196	2013
1	2022
0	1523
6	1955
15	1052
0	1009
114	1068
0	0
0	0
0	15
0	15
0	15
18	2
522	3342
0	3041
0	3019
0	88
0	172
0	92
0	141
0	123
0	172
14487	4199
0	4189
4	100
0	31
0	242
2398	409
38	59
3	139
24	23
0	0
5	222
0	70
0	0
66	685
7	107
115	666
641	305
15	135
0	203
4309	351
37	347
3	960
0	314
0	899
177	51
1	51
0	6
0	6
2969	3
0	279
0	339
0	188
284	6432
0	593
2	1163
0	509
0	6700
0	0
0	0
7	5
0	0
0	275
2	250
0	369
0	37
0	369
0	0
133	0
188	259
0	997
1029	998
354	2
41	0
322	611
0	290
0	611
1631	3
116	96
0	77
0	19
121	0
0	0
0	61
136	4
207	704
171	761
640	26
11	0
0	3
6	54
0	54
49	38
2797	2
0	6
0	0
0	0
0	0
732	36
0	0
24	36
998	6
0	0
0	0
0	0
62	91
409	0
2	1316
4	3960
1004	3942
1	2007
9	1102
0	1396
1661	374
0	359
489	0
32	319
612	319
71	0
0	211
0	98
0	98
0	125
0	71
0	521
0	54
8	536
0	394
0	504
0	504
2135	0
0	143
0	132
22	147
835	327
0	308
0	281
1045	350
80	0
573	141
0	141
143	108
0	38
22	30
0	25
0	24
0	24
0	0
551	1165
0	17
4	11
0	11
0	11
0	0
0	774
990	779
0	981
3713	4295
57	4951
0	4951
0	4951
0	5077
0	4961
0	4954
1551	3
154	0
0	0
9	0
0	0
0	0
0	0
708	1913
2	1910
181	5
0	1
0	4
204	0
19	25
0	18
496	354
5	130
0	335
0	362
0	331
3	408
0	451
0	451
0	18
0	75
52	324
0	53
0	346
0	346
0	342
19	8
0	8
0	0
0	0
23	0
17	19
15	220
965	220
0	174
234	561
0	561
1293	2
0	0
13	801
0	776
0	808
0	10
0	211
9	205
0	161
0	52
0	61
0	159
226	3
0	6
8	11
0	11
121	40
0	40
5	121
0	129
18	477
0	93
0	450
200	1067
0	1067
77	625
0	613
24	662
0	657
0	630
0	472
0	621
79	708
211	708
769	265
120	0
7	4
0	0
0	25
0	25
34	14
0	15
75	29
0	488
3698	490
2	0
4310	7
106	0
15	0
0	0
0	3
0	3
0	0
0	0
0	0
0	0
2703	10
0	7
0	0
41	918
0	918
0	13
4	106
0	36
0	106
8	281
0	307
0	269
0	0
247	4924
0	4924
217	3376
0	977
0	1008
0	2973
5	40
17	114
0	1
0	1
0	1
0	1
251	0
0	36803
0	29606
2	40566
0	35635
7	10150
21645	80742
0	33633
1	48295
7	0
1035	1
1951	2469
0	2469
209	129
2	129
6	0
0	219
14	211
5	566
0	82
13	574
314	0
7	213
118	296
8	94
238	362
0	0
370	0
3522	80
0	80
35	65
2	42
0	58
488	190
4328	0
170	112
8	56
27	0
0	86
453	778
92	4
40	0
217	699
2904	359
0	140
0	219
1858	4711
3	434
0	311
10	1033
0	42
0	42
1	2
1229	3
0	0
6102	7
0	0
0	0
642	17
0	14
278	158163
16610	138400
804	140144
103	93822
7626	121226
56	97433
6365	578105
301	149268
123	167007
210	195361
63631	538599
7	6
0	12
2	12
0	7
0	11
1	0
29	2652
0	614
138	2652
10	95
0	95
1041	269
0	263
0	40
605	0
2280	0
2262	3
254	286
0	110
0	53
0	864
101	864
0	0
0	0
19	80
0	0
0	80
0	65
71	100
0	39
3442	2
192	172
0	172
3908	0
107	1186
0	83
0	1188
0	0
0	0
482	899
18	899
6	0
342	9
1926	0
5	0
3	4
0	4
0	47
0	372
13	463
296	1921
25	1923
11	187
261	187
437	1685
0	584
0	1649
0	211
0	173
1587	1749
0	1747
0	754
2109	0
0	0
68	0
2	3040
128	3522
134	1015
474	2012
0	2303
388	2303
0	131
0	61
0	114
1541	787
0	787
397	554
0	0
66	54
0	28
29	0
0	157
0	55
0	157
20	135
3	159
10	0
321	120
0	120
100	2231
78	2069
0	15
0	1021
0	993
292	815
0	815
3	0
0	597
53	597
0	0
560	65
0	65
233	52
0	9876
96	5907
3642	28136
0	28135
309	859
0	708
17	996
0	708
0	399
0	54
0	136
22	139
0	143
0	0
0	4
8	4
4722	5
0	0
0	412
1	412
0	17
0	17
425	17
249	1
2	11
6	32
0	27
826	1008
0	133
48	970
0	53
0	113
0	109
0	0
3101	791
9	791
0	0
3674	2
0	0
0	0
3	0
0	0
221	0
0	290
320	290
842	0
0	0
0	0
1954	1003
15	1003
0	0
0	0
0	0
14	0
50	0
0	0
0	391
0	0
21	4319
0	2478
16330	4522
7122	325
68	322
102	0
0	2137
3	1409
732	2019
181	52
25	55
319	49
0	510
625	562
18	4
257	598
1607	599
201	231
0	0
2263	708
0	2353
0	2252
689	146
47	1459
1074	2339
0	1930
0	1938
0	25
316	98
296	122
31	180
0	180
0	126
0	168
2709	0
0	0
180	5
0	5
0	0
0	0
0	0
3	7
0	54
1521	58
3	88
0	0
0	88
0	2
3	2
0	0
0	2
0	19
641	19
0	0
703	1331
9	1308
385	841
1034	1434
243	1433
6	17
2	74
12	74
2754	1753
0	1753
304	0
766	0
0	0
105	0
90	0
994	74
0	72
262	2691
5	1108
0	1589
0	207
19	685
0	727
0	528
65	528
0	30
3	53
0	33
0	39
40	0
2	284
0	218
1044	0
28	12
0	12
1119	2
0	351
0	351
0	49
0	66
12	180
0	151
0	150
688	233
0	231
0	0
0	139
1315	140
3114	0
352	1536
5	1608
0	944
0	1198
7680	4709
412	4694
4593	152
0	139
34	25
4	25
0	14
27	55
13	0
0	38
0	43
0	36
0	510
0	497
0	65
596	553
0	21
0	537
410	0
7655	10
1889	1755
3	126
0	1754
14	2061
0	1730
63	1813
8	308
4	9
51	0
0	4307
9	802
0	2529
44	60555
1	5708
976	62250
2848	58187
77	273
0	108
38	0
3045	5
1292	2202
9	6
0	6
49	816
1	586
1877	0
15039	20
62	65
0	13
122	65
0	97
17	0
912	1196
104	1196
87	0
280	0
20	20
0	12
0	0
0	2
0	1
0	5
0	5
0	5
16	0
24	33
40	1144
21	500
8	953
0	63
138	235
105	281
1468	0
0	129
3346	133
34	0
14	71
0	71
0	536
0	128
9	15
0	15
532	0
0	40
0	41
0	42
0	41
14	62
0	52
0	56
1160	0
34	1043
50	1043
5129	1420
0	0
0	0
555	67
653	1112
0	774
2	1049
0	1049
4	1049
3	3
2329	3
30	39
0	39
110	99
472	179
0	177
5	25
0	0
0	0
93	0
18	3
2316	0
124	454
1728	454
0	0
1113	0
0	44
0	41
2	47
0	38
0	10
192	10
0	1
0	0
0	0
396	997
0	0
0	996
0	996
0	996
506	0
950	94
0	94
2	2
0	1
3	2
229	204
46	204
375	6
90	0
0	14
14	14
47	595
0	595
0	0
0	0
5	177
108	307
0	307
0	0
0	0
0	0
0	62
0	23
2	29
2	144
0	82
29	1351
6260	9471
0	0
0	0
33	15
0	5
0	13
0	0
0	0
0	4
0	4
6	0
160	503
265	503
0	0
153	512
0	2
2121	19
0	15
0	19
7	266
0	266
190	1214
1	1214
1799	0
0	29
0	26
0	13
139	63
5479	1
1087	15
0	15
6612	3143
0	3138
43	365
5	365
925	1
0	0
58	910
0	430
0	348
0	208
0	183
0	0
0	913
5	42
66	1395
0	196
57	918
0	6
0	0
0	6
0	798
0	2239
0	2239
64	381
198	381
0	941
23	941
98	80
250	454
0	256
976	881
0	905
10959	4
3629	981
4	653
0	148
43	986
543	0
0	3648
0	1423
482	3857
0	46
124	46
2	2
8	0
1672	2411
93	87
88	87
0	96
27	700
4020	803
0	23
0	6
0	50
0	22
0	200
0	7
0	155
0	231
0	226
0	8
70	12
352	1225
4	1225
187	4
1	1159
74	111
87	0
0	0
0	0
0	0
49	756
2214	1763
228	1761
12	126
56	536
115	585
8	227
1442	4705
10	4796
38	2
0	2
28	757
2222	757
0	0
0	0
12	0
0	1
0	1
0	0
193	424
0	424
1405	2
95	0
0	11
95	143
0	143
0	624
0	552
0	518
0	571
0	589
18	590
37	121
1045	61
2	61
61	364
25	364
0	3
0	0
0	3
0	0
0	0
0	0
0	0
2082	735
16	815
0	242
24	904
0	754
0	10
27	10
41	14
0	5
8	387
2	230
3	1801
0	1361
0	1863
1468	38
0	38
30	0
18	0
562	146
26	113
0	73
57	129
14	266
0	269
0	267
0	263
0	13
148	13
1483	0
0	0
4223	432
0	275
0	157
2457	1938
186	1933
0	6
0	6
0	6
0	6
22489	17
196	479
17	0
0	52
0	4
0	57
0	57
37	0
0	0
37	450
0	450
72	0
40	2
9371	3839
108	209
117	143
1	7
0	139
0	403
188	2760
7	2518
669	71
0	71
0	0
0	0
0	14
0	5
0	0
0	14
0	14
320	0
0	57
87	63
40	79
747	79
224	175
0	13
4	36
0	34
0	55
0	50
0	188
0	15
0	16
588	2372
51	2334
5320	0
1165	0
0	11
0	6
0	61
358	161
0	161
0	142
557	0
0	0
59	296
0	97
0	296
10	0
2668	0
3	8
0	0
0	0
192	445
71	0
355	1
0	1
0	184
174	185
115	397
0	120
3	22
51	0
59	927
10479	4
56	678
100	6
5385	681
79	355
38	355
0	167
0	30
0	167
0	88
360	0
1516	0
0	63
129	63
2160	1
114	456
433	456
179	2
0	2
111	0
7	5
0	24
2	24
197	392
0	23
0	392
0	0
672	0
106	1179
4	1179
817	264
4	264
0	201
0	63
80	208
83	37
0	18
1	111
232	206
0	41
0	18
0	9
0	177
77	0
524	0
2281	11691
8	10459
6	6500
0	621
7	327
3104	0
189	371
0	86
294	302
47	316
13	123
6	65
2	123
0	0
0	0
535	0
1071	12027
10600	12029
0	50
14550	10336
0	51
742	51
20	0
642	0
428	613
1	613
30	0
530	1451
151	1451
71	1429
0	555
43	603
0	128
25	608
6132	1
0	1
65	4
0	1060
0	247
0	291
0	412
0	83
7	275
66	301
0	1019
0	947
0	280
164	288
0	0
0	0
0	0
1	4
0	4
0	13
0	13
27	77
0	10
0	20
0	48
0	51
0	8
0	9
0	52
0	72
95	7
4688	7858
0	7858
265	58
0	58
0	0
0	0
0	0
2	0
1	0
1421	2
1767	0
0	0
397	0
0	262
0	264
0	264
0	256
0	104
0	104
0	104
0	107
0	104
0	104
3	751
0	751
1865	420
3	419
35	97
0	129
0	129
0	1652
2	1074
442	5891
162	5767
0	5773
1179	2510
54	207
26	37
0	1808
0	685
0	2009
0	2183
318	846
0	846
303	64
0	64
311	99
0	99
128	28
285	21
0	21
0	9
1	6
0	6
0	6
0	2
18	2
0	2
0	2
2914	2129
395	2149
97	4
1012	1869
4	24
4	96
0	1960
0	2034
580	1
0	0
0	3
0	0
0	3
90	0
2444	0
1854	0
3278	2101
35	161
357	70
22	22
0	0
146	351
0	351
750	2149
317	2149
11	2104
25	1353
0	2104
612	301
0	0
0	0
0	0
229	550
0	550
3	0
94	0
0	0
0	0
0	847
8	45
0	192
0	579
3	853
70	1883
43	1883
0	0
41	0
0	0
21	4
0	7
68	19
21	19
0	3
0	58
0	63
49	90
174	0
181	75
0	117
31	117
9	8
0	2
2054	7
5	43
0	43
0	43
0	43
0	0
0	4
0	3
0	1
678	1041
71	3
0	1005
0	1041
25	0
102	1007
0	1007
688	0
0	29
0	1
5	293
3	277
0	293
447	414
0	276
0	126
0	238
0	0
0	0
0	0
0	90
39	58
6	98
63	489
298	497
8	172
0	9
245	172
0	67
45	103
18	101
0	103
1361	0
0	9102
506	11704
3	3856
0	9098
2084	0
15	60
0	60
827	0
4	0
0	2813
0	1037
0	1837
16899	2836
4	14
0	4
0	0
0	21
1	25
61	531
0	39
0	529
0	5
1110	705
0	704
2	131
0	103
697	211
0	228
725	636
193	636
14	149
25	149
8	8
3	0
0	8
904	2279
0	48
0	2229
0	113
0	2172
0	372
364	0
8	868
0	801
0	871
0	0
0	0
21	842
0	467
737	1310
0	0
2121	1195
112	485
0	1316
0	0
1298	0
1	1
0	0
991	3813
0	3390
4	163
0	751
0	646
0	0
0	0
0	3
1	3
218	247
20	247
45	142
2758	4
3191	1340
0	40
0	207
0	0
0	1480
0	1482
5150	4345
0	4340
0	0
0	3
0	3
0	0
0	0
0	3
0	0
187	965
293	965
5	32
9	235
0	243
0	212
0	220
4	243
12	48
0	19
0	5
46	0
2	9
0	98
0	49
0	0
20	0
33	0
6	175
5878	9088
4	9087
0	0
1298	0
264	177
85	177
74	165
0	165
1709	0
77	54
0	54
510	8339
0	8088
136	6029
424	1318
0	6
0	110
176	1037
0	272
0	1037
22	13
1294	3058
6	3223
6	2929
0	3223
0	3003
3	66
3	66
0	392
700	768
4	398
0	0
0	3
0	3
0	118
0	166
0	166
0	117
774	654
111	452
0	0
0	0
184	92
46	92
73	0
0	90
0	356
117	1976
0	1976
60	207
91146	48
0	0
12596	4
17	174
3	40
193	40
0	0
0	0
0	295
1727	293
161	165
0	22
695	330
0	160
3	61
0	61
217	0
0	29
0	152
0	146
8	58
0	58
641	1023
12	420
92	446
0	743
0	726
289	3107
113	2647
74	460
112	3230
0	19
0	104
2	3230
0	0
296	41
0	41
709	0
0	81
0	25
709	1094
0	1094
1324	6
0	8
0	8
0	25
0	0
51	244
0	136
0	140
0	140
0	136
39	89
2024	0
0	37
37	40
0	116
0	106
106	0
0	289
150	289
10	6871
3638	6871
0	0
0	2
530	0
14334	4619
3	378
14	3274
0	960
0	0
2372	2
3	2
61	0
1490	2
0	186
0	175
0	181
0	2
2	0
0	0
0	0
0	0
81	0
0	1199
175	1841
1340	1354
6	11
10	61
133	61
45	16
0	16
1096	86
0	86
0	0
0	0
2	43
23	12
50	331
0	8
0	330
9	27
172	0
161	256
5	256
0	0
0	0
2182	0
0	103
0	632
604	2231
5138	4344
0	4560
3	4740
0	0
756	0
106	504
0	0
0	0
0	330
535	330
51	0
0	0
0	0
1435	325
0	323
0	240
0	0
1716	1382
4	1382
25	0
588	351
0	280
0	366
0	0
0	6
5	173
0	171
0	0
88	23
0	23
0	0
0	0
0	0
0	0
5	12
0	140
0	0
2	26
0	0
0	138
0	170
2	256
1135	1513
3	1085
2	61
3	232
5	70
4	101
0	67
13	707
22	681
9	13
0	13
0	170
25	170
407	966
0	966
0	0
4	6
0	0
0	0
10	0
0	6
2399	1
10	91
0	262
3	75
0	21
0	67
305	42
0	0
0	124
1419	128
13	0
0	1
0	1
61	646
0	682
13	661
1439	1
46	168
54	0
1616	0
2	5
2653	898
0	76
0	97
23	83
0	97
0	97
1767	0
504	0
19	3
0	3
0	0
0	0
1368	126
171	89
0	40
11	229
0	153
0	198
214	97
221	396
0	396
0	0
0	525
0	525
1365	0
0	228
826	229
1957	310
6	308
2135	0
127	0
7	0
0	1101
0	11
279	2022
1	2022
0	0
3	0
252	789
0	98
9	210
0	549
0	112
0	11
0	11
77	3741
0	416
4	3739
0	0
187	1013
0	1013
0	5
0	48
0	46
0	31
0	84
0	84
25	90
5	0
406	0
6099	7
12	15
15	0
296	0
29	169
847	171
1956	5
0	213
52	369
60	424
0	30595
245	2721
239	31514
104	32979
109	30418
0	165
0	91
0	165
0	157
0	215
0	37
84	37
0	0
0	0
10682	9139
3	9137
0	927
0	0
0	1
0	1
0	4
0	4
467	2000
4	149
0	21
36	979
0	2000
1499	1416
0	182
7	99
0	188
0	191
618	0
210	0
1	0
316	865
266	359
44	67
0	292
14	0
8	25
1520	25
82	0
4343	0
1143	573
0	573
310	0
5	15
0	4
0	15
1935	0
0	7
0	0
62	151
23	373
0	411
1581	784
4	2555
665	2555
6	472
0	122
0	199
1	112
0	63
5	185
0	202
0	44
8	62
0	58
6	0
302	504
0	504
1122	0
183	0
10	364
29	580
0	335
6	64
3	546
131	18158
5235	21650
275	22350
0	16153
318	0
0	28
6	49
198	182
13	18
91	33
6	33
1	0
414	0
2447	223
28	223
4	0
0	0
0	0
0	54
0	54
0	299
0	299
787	1027
0	308
4	201
0	1026
21	0
2	127
0	0
30	127
2891	1903
0	1413
0	586
0	410
0	2
0	0
27	3316
0	806
0	1436
0	3139
38	491
0	179
0	437
4	4
35	0
11	51
294	3
0	509
0	616
91	621
0	464
0	235
661	235
1213	1276
0	1276
17	0
0	18
0	18
373	2921
0	23
0	2921
75	0
1003	827
16	263
0	0
79	1574
22	341
10	1574
0	3
0	3
0	0
0	3
317	362
9	117
819	73
4108	311
0	309
0	225
0	162
0	132
9	18
31	26
0	0
57	2344
5	2344
64	31
0	0
0	0
457	1846
1956	1850
662	1
0	0
717	856
1	863
2	0
1868	1
9730	1989
0	23
0	1960
74	1960
31	0
5	18
55	1328
0	105
377	5636
0	0
0	1567
79	739
1	652
2	228
0	172
16	165
0	4274
1186	762
51	107
982	109
0	105
878	688
0	77
0	686
0	6
115	6
299	0
10222	4
93	764
23	764
74	122
0	0
0	56
0	89
19	140
0	111
28	20
635	0
0	0
0	0
0	0
307	160
0	106
0	131
0	86
1808	15730
1	1772
0	7111
0	5640
2710	10281
123	20
0	981
0	1192
25	359
270	414
0	441
117	5865
99	215
160	5827
31	64
5	25
0	25
0	119
0	101
1149	0
6	0
152	14
4	14
24	9
921	1602
3	0
1	61
295	94
6	28
0	0
0	0
0	3
327	1612
0	1668
0	1695
0	950
3	22
0	0
0	22
0	7399
55	9539
42	9493
1	9511
0	6
0	6
0	187
333	918
0	257
0	682
0	36
7	32
0	34
0	10
0	36
0	71
0	60
0	71
0	71
363	0
3	0
0	0
0	0
0	635
0	661
0	679
0	60
0	745
0	20
0	4143
0	1138
0	479
1	1
0	5214
0	5118
0	5137
0	5374
0	4856
1	0
0	0
0	0
0	160
4	316
0	328
0	5
0	5
168	1066
1876	2
60	630
0	368
0	189
89	620
0	1
0	0
0	0
0	14
3	14
0	0
8	0
20	1337
25	0
815	2635
0	1607
0	335
686	1085
0	0
279	0
51	0
307	337
0	337
7	0
14	769
23	769
2	787
0	1401
27	1490
0	10
0	1019
0	156
17	7034
322	7040
372	0
110	17
0	138
0	996
0	233
0	631
109	974
0	6149
0	2934
0	7097
4	6842
0	2537
0	7528
0	0
0	0
0	0
9	0
51	2666
12	2684
0	2686
1	2683
1528	0
0	15
318	15
238	564
6	531
0	0
40443	37
0	18
4	0
0	0
24	0
0	0
0	1
0	0
0	199
5888	407
0	405
1054	0
0	489
0	466
0	392
0	160
221	572
4	169
2	0
54	211
1284	619
41	504
79	239
1055	3050
36	3222
0	3222
19	0
52	421
3	421
0	85
13	85
11	82
18	0
19	82
6	2
0	0
0	43
0	43
0	0
0	42
2480	0
0	0
18	0
0	0
0	1354
0	1318
0	265
0	1201
0	1327
0	1267
67	1446
34	1446
3028	242
2	242
840	0
0	0
0	0
0	57
0	31
0	130
11	95
13	130
1311	1090
0	1090
0	7
0	4
0	284
9	64
2347	2229
123	2311
6622	6696
33	6688
7	0
0	0
0	158
4	421
0	20
0	6
0	4
7	48
147	75
0	65
27	1685
205	1790
603	0
0	0
0	0
4	0
0	321
0	388
0	0
0	0
1	0
155	0
0	3120
280	3120
4	46
15	46
502	0
140	245
86	245
730	0
304	2900
0	2900
0	0
0	1
93	1
0	104
6	104
0	0
5	0
4	0
4	0
0	0
15	0
0	0
3	813
5457	1861
0	1071
27	219
29	219
89	582
231	582
0	0
0	5
0	5
0	0
0	0
3	3
13	12
2173	0
0	46
43	46
75	1681
0	550
23	1681
0	17
0	0
0	0
0	0
18	490
1	490
644	4
0	10
22	56
0	55
0	56
0	36
67	0
0	3
0	0
0	0
0	0
6	177
0	198
0	210
0	65
0	616
0	1076
215	1076
300	1119
0	1119
10	0
14	0
0	72
5	72
0	0
0	0
36	0
47	392
0	30
22	392
33	0
6	0
0	0
50	122
488	4871
86	4871
0	0
0	4250
42	4250
0	0
1010	2
0	25
0	48
0	21
0	48
121	840
115	841
146	548
0	548
0	0
0	0
0	0
0	0
0	0
30541	11
30385	253
0	232
242	33
0	33
0	33
0	21
2995	21
0	0
0	0
0	0
1972	0
1374	2813
0	1773
351	3188
1178	0
22	0
20	263
67	0
238	1517
0	436
768	437
42	0
0	0
536	975
18	20
3	20
0	20
0	0
0	19
322	1194
1585	694
0	500
749	1196
0	1196
0	7
0	9
0	9
2184	4
1640	24
428	0
27	864
236	2162
27	1984
0	1552
0	0
2	19442
1814	19445
6297	8381
0	450
0	187
13	8190
652	7339
980	7450
0	116
5698	7292
1756	1882
0	7287
1890	754
8	410
0	339
101	3991
7685	4790
0	4787
1229	4455
0	0
2	0
5	0
0	0
0	0
101	1214
0	493
737	1112
0	304
49	1020
71	2024
4881	2492
0	0
0	271
192	3873
12	3870
0	26
0	17
3	26
12502	6
4	0
0	0
0	0
1	0
0	105
1152	105
304	0
0	0
1	7
0	7
0	339
127	339
0	0
0	298
6	26
0	27
6	27
641	302
0	27
42	27
2	0
133	0
9197	258
0	255
0	574
2766	575
5	12
205	0
49	7
0	6
0	0
21	0
13	0
1048	6566
0	6566
5	102
614	2066
0	2066
213	45
1	45
0	0
0	21
8	161
0	21
0	161
9	0
0	45
8	43
0	44
0	43
0	5
0	0
0	1
0	0
0	0
4	0
1	0
0	0
0	0
1	701
0	2493
66	558
383	9259
68	8645
0	2913
0	498
184	498
2	0
0	0
2	192
0	276
11	152
0	5
0	0
0	0
529	962
0	962
70	734
0	820
96	819
1293	0
2505	0
0	1274
0	253
0	1078
0	1618
5907	3166
7	0
1044	290
0	288
0	0
0	9
2	9
0	360
11	703
0	318
0	360
67	719
0	0
0	6
0	2
0	22
0	8
0	16
0	22
132	146
0	59
1327	228
0	228
0	0
0	0
0	0
124	51
30	0
5525	8337
182	331
51	4
13	504
4	659
39	17
0	7101
0	7023
261	36
0	36
0	0
0	19
0	13
0	4
85	172
0	4
824	0
17	55
270	1
1841	0
114	67
0	67
0	0
252	16
127	630
24	818
0	388
10	769
0	783
4	1229
627	1581
0	352
7079	7
0	0
0	21
0	4
0	0
0	0
0	0
0	0
272	0
1616	1035
10	1034
0	0
0	0
1442	0
251	0
0	0
12	25
43	25
0	0
24	124
29	248
0	87
0	247
0	233
0	0
0	0
222	744
4389	744
0	0
0	0
199	296
0	296
747	129
0	127
101	57
0	40
316	1
4363	5
150	1
40	10
81	6933
3199	3095
228	926
16	0
1237	4021
0	0
196	0
0	132
63	321
4	341
0	76
0	37
0	213
3836	157
80	311
0	13
1865	203
0	17
8	194
9	0
0	12
560	135
7	21
0	25
0	25
0	2223
0	6923
0	2359
0	1725
355	618
0	618
1186	1050
0	255
0	134
0	581
32	653
0	23
0	3
0	23
0	727
788	727
0	221
178	1826
0	1817
1198	3135
0	727
0	645
0	1497
0	3
402	3856
5	406
85	3835
1262	4511
0	8
0	4510
442	3
0	164
6570	4269
0	4166
0	0
7	32
39	1557
0	1557
61	0
0	609
0	297
0	169
2	673
0	11
0	11
0	0
535	3
34	0
0	0
3	0
3072	1
0	0
0	0
51	159
0	193
10	220
0	208
465	180
0	0
0	0
57	173
1242	375
21	370
4	0
0	0
3046	0
11	0
6	1
0	1
0	3
15	143
17	40
0	148
0	141
35	0
0	0
0	0
968	0
1415	0
0	0
0	2
0	0
0	0
107	385
73	1
0	0
359	995
0	704
0	415
0	663
0	954
213	171
0	171
0	4
0	7
0	7
0	0
461	639
0	639
0	0
623	346
0	0
11	346
0	0
0	0
1140	0
0	406
0	468
0	0
0	214
244	488
0	488
0	7
747	0
6	0
60	225
0	54
0	82
0	0
0	2
0	708
0	125
0	28
7	708
75	11
0	11
0	0
8	11
1429	622
9	611
3	13
2204	1
0	0
2	0
40	5
5	6
1410	895
0	893
163	561
0	44
0	55
0	66
0	66
0	65
3998	196
19	195
336	78
4	78
39	98
167	99
0	0
767	178
0	17
0	0
13	514
0	117
0	115
0	20
0	115
0	0
0	0
0	0
333	795
3434	3
257	5921
347	5921
0	0
207	1401
0	714
27	1068
4260	9
0	0
22	297
0	26
0	263
20	887
10	862
5357	112
229	111
0	0
4	189
6	189
20665	13
0	0
0	976
903	976
0	537
3	493
35	128
0	36
208	37
0	37
0	0
0	0
0	8
0	8
22	28
0	0
0	11
0	4
0	11
0	0
292	0
84	0
0	0
0	156
148	416
734	691
0	307
0	0
0	0
0	0
0	0
0	0
0	143
0	120
1176	933
0	24
0	22
48	275
0	259
334	0
2	0
0	0
0	8
1	761
0	701
4672	2014
344	2579
1	0
8	104
0	104
0	0
0	0
0	0
0	0
0	0
0	0
4759	14488
0	14486
20	1002
18	20
0	986
5	7
0	14
0	7
0	14
0	12
0	6
0	8
0	2
0	16
0	1
0	14
0	14
45	14
0	0
5	0
0	88
254	166
0	121
0	58
1	23
12180	14351
0	315
410	14314
0	154
0	126
0	244
47	238
0	174
164	7294
0	7294
0	594
0	32
0	43
0	55
0	157
0	502
21	590
0	974
884	1277
0	0
0	0
0	0
0	0
266	790
2704	15040
0	15038
0	0
0	0
396	150
0	150
3	429
0	116
0	116
0	116
0	116
0	116
0	116
0	108
0	108
1667	2397
129	3104
0	3080
253	0
213	786
514	7262
0	2522
0	6433
0	0
0	32
3	9
0	105
0	88
10	13
8	11
0	0
16	0
1	0
0	0
1322	0
0	402
0	232
4	13
0	1990
10	1768
2967	1893
398	740
0	28
0	104
3	741
2162	723
0	209
0	715
0	14
8	14
1	0
700	545
82	0
2901	4630
0	4630
0	17
80	42
0	31
57	96
3	96
140	0
0	0
0	0
0	0
2	21
0	50
396	3668
0	3668
989	0
0	13
1988	281
7	281
72	282
40	281
6	40
5210	0
0	15
573	787
7	787
641	132
0	104
0	124
0	458
0	458
0	441
841	0
10	58
6	59
0	186
9	761
26	640
31	663
3	390
25	1777
15	571
0	1617
0	0
3720	1434
60	1432
0	0
0	0
1956	2
41	0
0	0
72	0
0	0
57	34
0	8
0	9
30	9
0	0
172	963
0	963
0	0
0	0
0	0
550	0
16	1152
0	1152
0	45
21	74
3	0
1429	2
884	339
0	82
378	5527
328	4018
0	259
0	4950
0	0
10	3530
0	1239
0	1271
25	3562
14	0
95	169
0	169
701	484
0	420
0	6613
0	3219
0	3774
14086	13607
134	3021
0	3021
0	3
0	0
103	209
40	209
196	169
294	115
2291	115
45	78
3	13
0	13
0	0
0	481
0	562
0	562
6	213
8	1029
0	527
0	747
0	796
0	607
425	1
256	20583
248	0
6	355
0	30
2934	2497
391	2464
438	68
10	0
35889	30
5	57
0	57
21	161
0	209
0	209
891	7
1272	0
17479	12
38	246
6	246
0	6
0	6
0	6
0	42
98	42
0	17678
0	15681
361	32981
1	22171
0	28377
10	109
0	39
0	29
0	51
0	55
0	71
0	122
0	0
4284	20582
4060	0
831	0
0	0
0	68
0	0
0	0
0	78
10	78
0	31
370	4546
0	82
0	25
0	553
0	4555
0	4506
0	7
0	0
0	6
100	387
420	387
740	1
6	819
0	775
66	72
0	72
83	0
0	291
39	302
64	449
455	310
0	249
0	136
1607	684
36	892
0	842
790	6
13	97
6	92
0	91
286	1273
0	718
125	555
41	0
47	0
1	0
0	3
0	3
0	3
0	0
0	3
295	0
598	1509
0	1062
46	1970
0	1903
1242	27
2398	0
5	0
11	25
0	36
0	194
642	336
0	142
14	0
4313	6744
34	34
0	0
0	34
794	0
3	0
0	13
0	0
0	13
36	157
0	157
325	0
14	0
110	0
458	138
13	299
20	437
0	5
21	5
102	45
8	44
1183	0
783	268
0	268
8078	566
0	100
0	103
0	50
0	600
91	644
58	646
0	667
0	559
0	1080
214	1345
182	0
0	6
110	1217
0	1217
0	0
755	0
2	85
181	85
0	58
108	93
0	0
0	794
51	841
0	99
0	107
0	232
0	218
41	1
1564	1
1788	1715
0	1283
0	1712
0	1364
0	1712
0	374
0	374
0	5
0	5
0	5
10	21
0	11
2	56
277	56
0	0
140	28
0	28
0	8
2	346
4	346
0	9
0	9
17	9
1069	271
0	269
349	5383
2	5382
11	63
0	6
0	194
1166	2117
22	154
64	2088
59	178
0	178
18	264
0	189
5	308
778	45
0	45
0	4
0	4
0	0
0	0
4	24
49	24
29	0
0	0
0	0
473	1
0	0
0	0
25	0
0	42
11	42
4	0
1721	0
5166	926
2524	2459
2414	3
0	0
185	401
0	401
1231	125
0	13
0	165
1207	375
0	210
399	0
56	0
40	0
8	0
0	0
3	1106
0	93
7126	1450
105	0
0	202
0	202
8	202
0	64
113	64
764	0
85	70
0	69
0	174
0	133
338	1226
0	72
0	1223
53	0
0	19
40	199
0	58
0	32
0	144
345	0
425	0
1925	2903
172	2901
8154	6363
0	6348
606	0
121	356
48	356
484	578
0	147
129	578
164	19
4	19
8	18
144	32
0	25
458	648
3	26
0	642
0	0
0	0
0	0
0	10
0	20
0	20
2	0
28	300
0	300
729	0
131	1070
212	1070
0	623
26	623
1362	3
3	98
2	98
217	0
0	0
0	0
0	45
0	64
0	87
0	283
0	41
0	27
0	280
0	305
133	0
0	15
338	415
0	336
0	0
156	0
2824	0
99	607
31	1560
5	471
34	352
0	295
0	235
0	972
26	312
624	2294
18	1080
0	1219
0	0
0	0
0	0
0	12
11	12
77	0
13	36
0	36
793	1451
0	12
0	11
0	93
32	1449
0	0
0	0
0	105
282	83
0	738
0	3089
58	3123
0	3121
0	55
663	55
0	0
0	0
0	10
3	4
191	164
4	73
9	172
0	164
709	189
0	189
0	21
2	21
0	0
0	18
301	0
4567	6
236	223
3239	4
359	0
69	1734
56	1734
0	0
0	0
0	768
76	768
2645	0
94	25
377	471
52	25
2280	608
51	0
0	608
0	0
167	484
0	14
0	478
23	0
5454	2
3571	3043
0	1184
0	7
0	7
0	7
228	0
248	0
0	0
0	0
0	81
1278	588
0	8
0	73
0	52
0	89
114	162
329	0
137	14466
228	958
0	13956
130	0
142	0
9	305
7	305
5891	2400
67	2387
4	13
0	11
0	11
0	2
2	2
0	2
0	2
0	134
0	134
841	736
0	735
0	680
385	265
3	97
29	70
0	94
0	40
545	40
0	12
0	3396
7899	3402
0	0
0	0
0	9
0	7
415	288
0	0
1	0
1	0
48	532
0	538
0	135
0	430
0	446
0	0
0	116
0	178
7	463
84	463
0	613
1347	5871
0	227
0	0
7	6946
0	6931
9	6717
0	5970
0	1793
0	1572
0	1820
0	0
275	223
8513	9
0	136
69	136
0	7
0	3
0	3
1	7
2	1620
3338	1626
0	0
0	41
97	47
118	4993
387	4901
175	3894
14	0
0	40
0	0
0	40
11	480
1348	482
6	0
864	0
139	639
775	639
127	73
0	73
10	0
2707	54
0	53
38491	14568
1	14549
1152	23735
93	5908
0	1490
16	23190
643	405
5	69
0	404
500	2705
4	2674
3	438
0	2674
0	371
9	208
0	13
6	0
2695	388
204	200
0	7
3	200
3	19
2478	0
1213	883
142	946
6	720
15	0
1300	0
0	4
0	42
1	1663
1	401
1832	1548
0	0
0	0
0	0
0	0
46	39
7	39
0	0
1705	0
302	461
0	461
0	123
5	12
0	123
0	123
0	0
0	0
944	1
0	176
10	176
395	582
235	1017
3	1016
367	2851
57	2851
0	11
0	0
194	639
8354	653
0	0
93	0
177	0
115	0
3	0
303	1
119	0
67	1668
0	1659
0	1614
0	1673
0	1622
1455	1284
0	0
0	1
0	1
3184	4
128	0
1	104
0	37
208	124
0	6
0	6
63	1299
0	1299
1	0
58	0
655	949
0	949
6	0
507	1344
0	44
31	1344
383	171
0	171
4	23
6	222
10	222
630	0
491	411
24	1985
94	1969
0	0
0	0
1076	499
0	499
814	1560
0	228
12	1332
17	1945
1	1944
0	2927
0	197
91	2928
0	0
0	0
0	14
0	10
0	137
0	40
0	112
0	127
14	224
46	224
371	1850
3	1834
0	14
37	0
0	0
756	0
574	0
49	31
0	0
0	17
2706	0
8	1649
5372	1653
16	0
250	0
2951	574
4	574
19	78
0	59
0	31
0	25
0	10
494	39458
3230	39524
0	39517
0	11
0	8
0	6
0	2
73	20
0	182
0	278
0	215
13	278
385	13
0	13
67	1443
0	0
0	5517
424	5601
0	5075
18	6074
0	0
0	0
0	0
0	0
0	4
0	0
0	0
0	0
0	4
0	4
0	4
0	915
6	3891
226	3891
40109	27516
376	27504
0	13
61	107
0	96
0	87
9	8
223	210
0	210
0	0
23	13
0	349
0	476
608	476
156	99
9	100
40	0
1796	1136
1758	997
0	0
0	0
1082	69
263	66
0	0
0	0
2	177
0	355
557	0
19238	4
0	0
0	0
4371	1690
272	11
4	11
157	245
788	498
0	498
92	0
3456	4746
0	4745
0	0
10	0
412	1031
78	0
83	4880
0	4880
0	16
0	16
371	239
254	3064
0	2952
0	234
0	112
0	0
1	44
14	465
3	465
14	0
0	3580
499	3580
12	0
8	0
834	781
0	634
0	634
0	778
0	634
2	0
0	0
0	0
26	0
146	5855
0	5855
755	0
174	252
0	153
7	154
0	8
7	133
0	133
473	0
0	0
0	0
134	92
25	225
0	402
3771	2074
34	75
0	1844
200	1531
3	5
0	5
951	10449
0	10449
382	0
1420	5
778	1310
0	1391
7	1363
30	1390
11	1361
9	281
0	50
239	372
0	372
4	2271
0	295
0	621
0	105
0	238
19	1024
126	2480
24763	34
12	179
3	1
42	563
0	123
137	5764
19	5785
64	2678
0	2681
0	2749
5	2266
0	3942
0	2314
117	0
0	93
111	318
33	318
698	857
5	857
235	2755
1	2146
23	2885
1450	3812
599	0
123	167
0	196
12	130
416	0
0	5
0	5
29	0
1	0
3	163
0	133
0	163
0	117
46	0
0	0
138	31
0	31
24	0
0	6
5	3
0	0
1	0
494	152
374	1355
0	352
33	352
1848	9
6	0
0	0
0	0
0	1
0	1
0	20
0	21
0	40
30	40
0	0
9453	10
0	0
0	0
0	0
0	0
1317	0
0	0
0	0
0	5
0	0
0	0
0	0
0	0
0	0
27	201
290	201
0	0
0	1
0	0
0	1
87	0
740	1
506	615
1043	1034
0	1034
8643	1
0	21
0	10
0	15
0	23
38	606
0	595
0	612
17	2249
37	957
114	2143
0	755
5	539
0	0
194	129
3549	3091
46	664
0	2648
0	2757
0	2497
11683	0
599	1257
1	222
0	1144
653	209
0	209
0	68
5	531
0	508
0	512
1290	4
1	0
3	177
0	0
1	3
0	49
273	49
383	129
0	129
552	3858
0	3856
0	288
5	288
647	1412
173	1412
503	123
0	123
0	159
0	447
322	1505
0	1056
0	1180
13	24
0	24
939	538
0	476
41	476
0	5
0	1
0	5
2	5
0	5
0	5
0	5
119	80
0	194
0	208
0	76
0	0
0	0
0	0
60	273
13	331
0	331
29	0
390	0
0	0
3249	2
80	1
57	58
22	58
8	0
962	361
0	358
0	0
3	0
30	69
6	69
0	4
1	4
708	0
219	0
0	89
0	124
16	172
13	1516
0	1595
64	1595
0	1648
45	5
0	5
0	4
5044	4006
0	3857
0	3920
6	3920
190	147
0	147
0	0
9	16
0	0
404	7
211	0
1656	735
1050	0
760	126
0	126
0	0
12	0
6	214
0	48
0	203
700	0
0	497
0	102
33	515
0	515
5	335
3390	335
74	1232
0	220
0	1141
0	1213
103	794
638	0
14	2
3269	3
957	3814
7	1827
0	2317
7	519
0	307
0	73
192	643
0	584
55	29
0	29
0	0
0	0
0	0
2251	243
16	1044
4	1068
8	1088
0	6
46	20
3	20
0	0
5	1286
426	1286
0	24
1270	812
0	812
0	7
0	7
0	4197
30	66
27	3989
0	1867
1	2644
0	2815
0	2610
0	0
0	0
12	100
0	64
9	96
9	59
82	260
2050	166
0	3
0	2
4	1307
1927	1314
108	5733
0	5749
41	5517
196	0
0	183
86	278
0	196
0	278
0	217
0	257
147	56
8	70
0	70
0	166
0	114
0	109
0	109
60	932
1	428
524	977
0	494
384	144
0	141
9	0
1965	2
222	110
7	110
935	356
0	352
38	489
552	489
1139	11553
0	553
3356	14292
4	6646
3997	7
87	0
3	0
0	0
0	20
0	20
0	47
131	47
374	574
0	574
3	554
0	177
520	177
139	21
33	917
2	1557
97	544
0	772
16	626
0	226
0	1472
70	1456
4	118
0	1456
0	4
0	0
41	4
9894	715
0	709
141	751
13	6090
7	6162
80	6131
0	601
18	105
0	666
0	812
17	855
0	56
1	58
6272	4
65	612
20	934
14	637
428	753
954	989
0	76
0	989
87	85
0	85
3	0
6094	768
0	764
1755	4
3605	1
3	43
6	43
0	500
0	417
625	999
8	655
13	0
4	770
0	1954
4	1797
0	1966
4	871
0	3110
63	4089
0	2242
30	17
0	17
0	0
6	0
5	0
863	0
1777	0
447	182
0	0
4	0
3084	10
108	114
0	114
350	2185
0	0
1933	427
0	426
30	221
0	0
0	0
0	0
0	0
0	4
0	4
1	0
0	0
0	2369
96	2369
66	29
17	69
0	5
0	53
0	16
0	11
0	5
0	5
0	5
0	5
981	1
0	14
1580	0
1425	863
0	848
0	30
0	30
0	12
0	12
0	0
0	0
0	58
113	678
3455	9426
77	68
0	9459
72	9459
0	127
259	1057
0	330
0	180
673	180
17	0
0	70
373	70
376	214
0	22
0	215
0	224
1307	0
8	0
1169	0
11	142
0	142
6	0
762	1
10	50
0	50
0	0
0	0
0	0
0	0
0	5
0	0
0	38
0	26
0	37
6	1
0	3
0	15
0	20
4	43
11	44
0	3
0	0
0	0
0	84
0	18
0	84
1163	1661
102	1661
0	278
0	25
0	278
0	240
113	240
0	11
364	11
0	0
4	260
0	260
0	255
0	311
1000	313
0	3
804	430
0	6
125	337
0	20
257	0
4	0
285	0
0	0
0	0
2	18
0	18
23	0
0	0
0	382
0	2
0	2
0	369
6	0
12	59
69	82
0	86
33	96
0	0
1460	519
0	373
1003	0
724	47
1	47
0	476
0	15
0	295
52	563
145	0
19	53
449	1257
16	0
45	1945
10	2049
4	2
84	0
235	198
0	198
0	286
2993	733
0	471
0	54
0	16
0	61
49	309
0	299
0	361
5	0
0	1818
21	1571
0	1598
732	1791
5	310
5	310
268	1137
5	1078
0	899
0	68
471	709
0	585
0	444
0	0
0	0
0	0
0	0
0	0
0	2
12	7
0	2
6	2638
16631	2646
557	710
21	557
0	582
25	191
1	0
0	63
0	71
61	1964
0	71
0	1964
0	22
0	2
37	22
759	2
429	0
2508	2
7098	3471
0	3467
0	0
0	0
2	143
225	155
77	0
6	8
361	1
0	0
130	723
920	723
76	77
0	77
0	0
0	2
0	0
0	0
0	2
0	332
71	336
0	1539
8	1655
0	702
699	790
0	235
0	190
0	374
0	401
2	7
0	7
3408	2451
41	225
808	2449
41	0
480	489
213	489
7	492
139	492
16	562
4	55
3	562
35	0
0	0
0	0
0	41
0	53
0	46
0	50
0	112
52	730
0	664
0	626
30	0
0	0
704	118
3097	244
102	0
2293	0
0	1
1278	2653
0	1326
0	0
0	0
3	77
13	161
0	161
2009	0
679	187
0	187
0	4686
4094	4688
106	0
22	0
0	0
0	50
2	46
0	46
0	0
0	0
115	119
40	119
0	17
2117	444
5115	739
47	609
100	662
226	0
0	0
2	0
860	136
0	136
0	0
0	0
0	0
2638	2
151	248
1999	259
0	9
0	9
115	996
218	996
300	829
0	0
13	130
5	55
2	130
883	0
770	626
599	626
0	90
23	90
3446	2
1877	0
0	0
0	0
4949	111
0	353
0	261
2237	554
119	1547
2060	1547
16	108
0	10
0	108
0	100
0	0
0	0
0	0
0	489
0	608
0	133
0	175
282	868
0	308
0	196
0	2
135	1
0	3389
0	4143
0	3872
0	3975
30	3975
41	540
0	473
0	477
0	473
0	0
0	0
8	0
360	1
435	376
0	366
0	104
53	0
0	0
1585	0
31	0
156	3449
0	142
1	3463
9	3521
0	3273
0	3498
0	5
0	5
0	630
246	630
158	0
396	0
0	108
505	108
66	129
0	45
0	0
1193	0
0	0
13	0
0	0
0	0
53	109
2	109
0	0
164	0
0	0
152	222
0	222
327	170
0	0
0	0
117	386
0	645
0	683
1424	0
0	0
45	5451
432	5448
231	221
0	0
0	0
19	5
0	5
0	2
0	0
226	239
0	229
788	511
12	0
33	9
1952	9
32	0
93	0
445	1811
0	1811
324	1137
0	1118
0	1142
23	1142
6	646
521	646
0	9
0	9
132	3284
1351	3284
3	190
0	129
367	193
398	1155
0	1155
0	10
0	10
38	1480
0	2078
3	2205
0	548
0	8
0	10
0	3
0	9
0	4
15	461
13	461
63	137
0	137
1	50
0	22
0	55
0	29
0	34
15	0
0	3
3	0
322	0
0	0
3	3
0	3
0	2
0	2
0	0
3	6
0	6
474	633
0	633
0	1258
1317	2372
1220	88
266	87
0	49
0	0
0	19
2	19
0	0
0	0
1	0
69	20
0	20
4	439
0	462
0	434
1719	1181
40	339
0	839
3208	323
71	320
677	283
0	168
0	115
0	0
4982	7
6	307
23	2421
0	2421
0	108
0	459
0	489
11	489
0	90
1058	90
198	1819
15	1841
13	155
59	105
80342	67
995	1255
30	1076
31	1253
5	0
0	19
0	16
26	50
12	51
162	7
6	7
787	785
144	0
7	79
117	79
2849	0
0	0
0	0
0	42
6	114
0	72
36	118
0	112
400	143
0	143
2745	15910
1	573
2	5618
7	15881
0	0
0	42
1715	799
43	846
5113	1
0	181
5	171
0	211
0	193
0	182
0	171
0	165
0	174
210	238
0	233
16	163
4	269
1453	442
56	409
245	443
0	443
30	0
0	698
310	699
0	254
0	55
8	101
0	117
2142	1560
0	1257
0	1441
0	1312
127	1601
4224	2368
28	2362
0	0
10	112
0	0
134	2628
18	2630
84	1646
14	1646
26	531
5	134
43	531
4924	0
25	187
37	187
0	0
0	122
0	113
0	122
0	151
1205	1079
0	0
134	0
1309	586
0	215
0	585
313	8424
73	723
0	6509
29	8530
0	15
0	15
16	58
17	58
0	0
0	0
5	122
37	102
338	3
16	163
62	0
0	182
4	182
0	0
0	10
424	10
0	3
0	3
371	0
0	0
197	8328
6	8328
0	221
47	1116
15	1116
0	0
12	0
0	0
0	0
0	0
3	0
0	0
0	0
7612	13569
25	13569
1440	1158
492	1156
237	832
0	832
0	826
24	684
94	569
0	523
431	2777
0	52
0	60
0	52
0	34
19	7
4	322
0	185
398	486
9	19
267	455
0	235
0	0
925	6
29	6
0	53
0	53
20	417
62	178
41	0
69	0
0	0
0	0
271	306
0	62
0	58
0	37
0	43
0	148
17	0
272	1219
16	1079
0	1219
0	3123
1607	5204
0	3110
3	0
0	0
0	0
2264	6445
4	570
79	6442
191	0
4707	2
322	557
40	557
0	4
10	4
0	6
0	6
373	1410
5	275
0	463
36	1123
3828	3254
0	3254
75	13
0	13
16749	6
373	184
0	183
0	33
0	33
12	13
1471	887
147	4
0	98
19	317
49	274
0	0
7891	3
0	0
410	35
0	35
10	1137
78	1137
2008	0
1	0
2223	836
0	0
0	0
0	79
11	14
0	211
0	35
0	211
10	0
0	0
5	3
0	0
0	3
0	0
0	0
0	0
50	0
43	24
719	0
3	7
0	4
0	0
0	0
61	39
33	0
1834	1658
13	1664
0	1630
11	28
0	28
0	4
0	4
0	390
297	390
28	0
0	17
100	1261
6	1261
22	0
0	6
0	0
0	6
0	83
0	0
115	83
0	83
0	101
0	99
349	1244
0	611
122	15
0	15
510	0
24	30
0	28
0	23
0	2
159	4
0	450
81	450
256	661
0	339
0	345
0	352
0	217
0	352
0	5
0	5
0	5
30	5
0	232
0	5
0	449
32	2336
0	1056
0	2220
0	0
0	0
316	0
4235	6
6	0
0	1
0	10
6	33
0	6
0	6
0	4
12	6
454	1520
2	11
0	1520
65	1499
143	32
0	32
1058	718
4	223
728	2602
0	9
31	451
0	335
0	444
0	0
56	396
3	250
0	111
0	291
6	362
4012	2952
0	2730
0	1190
14	931
0	0
0	0
0	0
70	0
0	12
8	12
3	225
1270	279
113	0
0	0
0	0
0	0
864	0
391	134
0	133
25	767
24	816
0	678
29	547
269	2484
0	2618
0	0
2621	1
0	1008
0	1041
296	6290
18	1286
11	1693
0	2645
51	5826
0	2242
0	2649
0	0
96	101
0	46
129	46
6	383
3	64
0	8
8	383
76	64
36	64
0	0
35	23
25	23
11	57
6852	577
293	628
14	233
2	233
0	157
156	214
18	214
20	296
67	296
0	0
0	0
0	0
28	339
2	339
16	4112
24	281
75	4098
6	134
3	690
3	615
0	0
9	0
3	12
0	0
0	89
2	89
4	109
0	249
1284	802
0	801
0	668
0	801
0	0
0	0
3	18
2	18
13974	588
0	392
1545	1154
296	174
10	174
6	273
0	87
0	273
22	0
4	8
41	8
275	88
0	88
48	21
0	21
49	818
23	150
3	817
1	166
1	0
31	166
0	26
0	26
0	0
0	6
39	6
0	0
0	0
0	0
0	257
31	257
2377	1363
0	924
0	1116
0	927
0	795
3	1051
0	12
0	7
0	12
921	0
1507	677
0	707
0	94
0	178
0	96
3	131
4	46
317	46
7	0
1215	0
171	0
94	2155
11	2155
99	10
222	136
0	136
2256	0
121	185
0	185
0	0
13196	2309
11	63
0	61
0	38
7	68
0	68
12	144
0	144
3	764
1	254
29	695
4880	236
0	234
4016	2185
1	2183
590	385
5870	7048
0	5
5	17
5	0
0	8
23	8
0	0
0	0
0	0
2872	1
3	4
21	3
0	46
1033	134
0	134
87	93
0	3
0	90
0	0
79	138
294	0
70	0
30	244
0	243
804	3929
0	3926
45	3884
0	3657
0	1169
5	3726
8	0
269	211
47	148
7	82
15	96
0	305
0	75
0	489
6	384
527	1582
3	825
0	828
0	64
0	83
68	84
643	0
648	623
313	50
0	8
0	42
6	806
0	2917
0	132
71	1178
0	2687
108	431
1197	5845
148	10433
10	93
0	93
600	784
0	784
19	2867
4	142
0	1512
0	2984
126	0
1	6
0	0
0	3
0	238
121	238
0	207
0	47
1087	6982
169	8190
0	4507
0	54
0	63
21	1
3	0
8	42
4	0
0	42
0	2
77	52
0	52
0	0
9	0
0	0
75257	24834
10085	21108
1209	12350
2	2888
34	7395
0	7317
73	12888
0	7955
0	33
1	83
14	57
48	90
630	3192
3	3192
0	6
0	0
0	6
0	6
0	0
0	0
16	285
0	182
224	0
737	831
4312	4826
6	281
0	4699
273	4706
11	8
4	0
10	0
0	8
0	162
0	191
0	123
4	675
8	1070
84	2504
187	2426
0	143
0	469
0	216
0	181
39	434
9	0
0	11
0	11
0	7
0	7
2854	561
47	561
5558	62
0	0
0	58
82	0
972	0
3	115
3	105
5	311
0	364
0	670
14	242
17	2006
74	131
7	1981
0	731
0	681
0	673
0	242
0	640
101	0
135	37
0	5
0	0
0	0
0	5
0	824
86	92
0	92
2250	691
499	0
3	8
6	8
2	2
0	4
1035	0
11	242
121	242
0	1
0	0
0	1
0	1
0	0
19	0
105	2515
273	2515
0	0
1	0
0	0
0	0
0	21
0	11
0	21
34	2
0	0
197	583
37	250
97	1
0	249
21	0
0	0
0	0
0	0
0	0
0	0
0	2
9	17
0	17
544	0
292	66
0	66
0	54
175	1546
1	1005
12	1112
0	646
8	41
0	41
5782	3716
0	3403
9	35
155	34
195	0
1531	0
0	92
0	92
295	292
0	0
0	0
0	0
0	59
1482	110
67	153
0	1446
0	759
4799	2204
0	1253
2473	102
0	102
0	52
0	49
14	53
0	51
19	0
0	0
678	0
0	0
0	6
4	6
297	0
0	64
2	64
0	7
0	7
0	18
1	0
673	8736
0	8736
511	0
4221	470
0	467
412	371
0	364
2	100
82	2606
0	815
0	2477
3	0
4	0
174	1855
13	1855
834	0
588	266
0	99
0	57
0	43
0	99
227	35
0	0
0	35
105	0
0	4271
0	7006
954	24794
0	5246
0	7342
1626	24594
5	74
20	74
0	45
0	19
0	1041
17	1076
3	1251
0	1176
60	2434
1	749
3	133
190	4513
0	3056
119	2590
0	4784
11	410
17	489
0	4
2059	1
3	0
0	0
0	0
8	70
0	70
1577	352
0	0
0	0
0	0
0	0
0	0
115	347
0	98
52	110
859	2882
558	385
203	10876
0	2751
3	0
0	0
0	223
408	223
1443	4
0	18
0	18
0	0
49	497
0	497
142	0
482	1860
50	1849
9	1854
3963	8792
1503	1937
0	8449
40	333
55	60
13	386
169	359
16	0
0	0
0	0
0	8
105	115
11	115
10	0
578	0
5	71
668	71
541	0
6431	7
98	0
70	0
103	1791
16	1791
157	0
0	0
0	20
5	20
709	3630
0	1264
1	3772
0	0
7	669
7	6615
0	723
165	5832
517	6622
138	6432
49	6272
0	307
108	308
73	0
21	0
0	31
15	31
0	20
3	20
0	0
0	0
182	0
0	0
0	0
5	0
4	227
216	15747
0	12948
3	3911
193	15587
1	0
5	0
51	32
398	51
0	1
0	50
509	824
0	814
9	2467
68	3790
1183	1
1	37
0	34
371	4532
0	87
0	815
10	4555
0	78
0	322
0	9
32	2805
0	2748
0	1576
0	1877
58	1819
18	1267
0	1704
0	1677
2738	1677
0	140
0	156
1113	928
0	343
0	881
508	1
2	1
1908	369
0	0
263	0
0	0
2623	1097
0	1289
0	1333
235	426
5	239
2	426
0	441
10272	444
0	81
0	0
0	118
0	231
0	56
0	262
0	212
340	119
0	119
4855	16
3	5
0	0
0	28
0	1
0	10
12	44
2465	307
11	262
1103	312
0	311
0	0
0	0
0	315
803	315
1354	1182
0	1225
110	1143
0	6
5	17
412	793
0	776
0	0
691	0
0	46
290	383
0	55
21	55
0	0
4	0
5478	8135
0	8125
50	2888
0	201
99	2888
14	134
196	2800
122	8
0	0
0	0
11543	9
0	0
0	6
346	0
0	130
0	81
1190	211
0	29
0	29
0	0
0	0
4	0
0	0
12	9
0	9
0	465
281	895
55	333
0	333
0	143
20	1753
0	5589
0	5663
0	118
0	89
1	64
29	743
16	743
0	462
234	0
1018	676
5	486
0	154
314	5840
2855	5840
4482	2516
0	2513
0	28
0	89
0	34
0	75
54	1077
0	182
879	1079
0	3
9	58
0	24
440	58
0	0
845	86
232	36
49	51
1883	63
0	62
5	33
69	70
57	12159
0	16712
44	9643
0	16865
0	16931
0	16944
0	0
0	0
0	0
0	0
27447	22
46	0
2	9
0	9
0	9
0	49
7	85
0	861
0	141
0	80
0	829
0	884
2839	518
0	514
0	42
0	650
10	480
3	21
2	651
568	524
4	92
74	569
93	217
0	217
39	0
482	0
32	145
917	2337
0	2316
0	476
6885	476
0	16
22	29
0	62
23	62
17	19
0	19
0	10
246	940
0	940
988	12
662	0
0	497
0	859
2	831
2	2
910	2
0	11
254	44
0	33
0	0
708	0
1355	276
0	276
1	0
19	420
0	69
5	395
0	117
37	84
0	36
0	0
0	0
188	222
646	222
0	0
74	147
0	147
238	265
0	265
0	69
40	539
1	415
10	508
0	13
656	0
616	0
240	0
2174	1
35	466
0	1517
6	1383
124	7528
2	1900
18	6927
81	0
23	77
176	77
5	0
0	0
0	0
0	0
0	0
999	1
12	15127
479	4373
15	15545
57	0
10	79
9	10
13	8
94	0
36	79
0	2
341	880
0	877
0	874
22	0
0	347
0	0
0	16
0	330
1	347
637	56
3	56
7635	11
269	235
0	108
0	67
0	43
71	321
0	321
9	2
0	2
0	2
0	67
0	2652
2	2655
12	6
0	6
428	286
0	58
0	22
0	70
22	70
0	3
234	291
0	289
210	701
34	701
11	65
0	65
0	0
0	0
0	0
0	0
1178	0
64	0
0	68
35	68
0	221
37	221
263	81
16	81
2	11
986	122
0	122
283	0
0	0
0	0
32	6
4	10
2610	1
357	0
93	156
0	314
0	327
0	0
0	1
0	18
0	3
0	18
322	2095
19	2095
0	78
345	846
0	846
119	313
0	313
0	0
9815	3549
0	3544
2	81
0	81
282	673
461	673
0	0
0	0
2	12
3	6380
0	125
0	1290
4	1707
0	6167
0	5060
0	0
15781	23
5	47
53	47
1650	1
0	2
0	2
2	89
91	104
0	84
0	104
0	7
0	0
0	1665
27	1680
32	22
0	22
0	0
0	0
0	0
0	0
25	0
16	109
0	6
0	103
4142	66
14	66
846	0
9	39
16	39
1761	0
231	133
0	130
0	133
54	36
0	6
0	6
0	0
0	0
0	72
470	891
4	85
45	85
0	1
433	1
1464	1506
0	0
817	0
0	29
3	6
6	150
272	2459
723	2428
9	172
0	172
0	20
14	20
150	12
0	4
69	114
0	0
0	0
0	0
0	0
0	0
792	0
3838	823
0	994
1391	6
0	0
5	1188
9141	4473
0	3363
3	1065
0	798
0	338
226	798
2	132
14	132
379	6922
0	2211
29	6935
2245	6834
65	2420
0	168
0	1
6	1508
797	2971
24	1910
11	851
5	6210
16	0
0	7
0	1
0	16
0	5
0	4
0	7
0	12
0	13
13	0
0	0
2	0
0	0
21	0
0	65
107	1661
0	9
0	32
0	117
0	97
0	83
0	86
4083	3
1505	987
9	954
10	949
44	0
0	0
0	0
0	1
0	242
288	242
0	2833
15	2833
14	18
0	18
0	0
0	0
754	1641
0	1641
22	2
0	2
0	28
4032	30
0	1135
5120	2632
0	1050
5	589
0	1121
380	218
89	0
0	0
0	1
0	1
0	0
0	0
3458	588
0	0
0	0
19	226
0	226
517	0
43	0
0	0
0	76
0	22
60	185
0	0
0	79
12	79
43	150
166	150
242	202
0	202
4031	361
0	360
0	0
1562	274
27	271
0	8013
0	8068
7887	8156
417	426
0	221
0	330
844	0
215	0
30	27
0	20
2	7
0	0
174	837
0	1
0	1
1673	779
11	131
0	0
33	0
1104	1386
5	1386
0	5
246	6
309	655
20	9
0	9
75	5175
0	5175
0	148
0	7
195	148
0	136
0	258
0	89
1053	258
0	0
0	0
20	375
2	422
0	44
0	32
0	44
0	44
126	589
9	439
2390	0
0	0
1010	1663
53	321
333	641
0	641
1	21
0	31
0	31
1517	638
0	638
2431	3
0	370
685	370
173	193
1075	193
0	336
1323	336
0	47
0	407
0	440
8264	0
0	0
0	13
218	124
34	14
564	14
0	91
371	114
3	468
949	468
421	553
2	452
23	161
1120	2021
19	2020
8	0
25307	5833
0	5813
0	705
149	908
0	566
49	170
171	169
22	28
3	28
0	28
0	49
0	12
0	49
2	28
0	687
2154	2191
17	2192
28	0
15	18
0	18
57	427
3	143
25	68
12	229
1463	322
415	0
8	53
0	53
992	0
177	0
0	154
5042	155
0	0
0	0
0	0
0	0
0	0
0	0
0	9
0	210
0	559
0	559
0	26
0	5
0	417
0	577
0	577
126	458
0	200
32	360
2909	466
78	0
7	0
893	7017
0	7017
0	0
0	12
0	52
45	100
0	100
127	3
877	35
0	31
0	0
81	8
3700	8
0	0
0	0
0	8
0	8
0	0
0	1
1274	1524
131	51
0	12
0	39
60	0
1242	0
2	145
0	50
298	151
225	162
0	162
0	500
37	2898
0	38
78	2898
0	39
6	266
0	266
0	177
141	299
3	9
6	98
0	89
0	205
42	142
32	195
107	1073
0	635
7083	1
2714	2
131	0
543	0
724	0
5	0
6	0
24	49
118	86
1	86
13	391
0	2957
0	1949
85	2152
0	3254
4	1951
397	0
565	922
0	168
6	961
0	102
0	102
0	191
0	224
0	2314
8	2301
0	2292
0	22
0	6
0	21
0	27
0	0
12	58
0	62
0	62
0	178
62	178
0	68
14	503
0	5
0	498
361	479
0	479
119	0
339	555
0	188
6	555
0	324
4582	6
0	0
1388	0
0	2299
0	1050
0	3501
284	3566
0	247
34	294
0	0
4180	2
52	234
8	234
0	8384
1624	8385
0	0
28	655
0	0
12	0
19480	4
46	7
12	421
10	421
17	30
152	30
120	313
0	313
8	0
856	0
0	651
0	167
17	859
150	859
0	127
649	127
2052	1231
29	1179
1222	31063
52	29946
0	31057
0	1
0	0
0	0
256	666
0	342
0	622
0	0
0	0
0	0
0	0
0	0
133	374
36	138
114	18
34	0
20	0
1179	0
1323	1358
0	1358
20	1821
104	234
0	229
15	1821
1443	2
2561	0
786	0
0	10
0	10
0	7
0	7
0	0
233	0
770	0
0	107
6664	203
6	118
0	0
0	96
0	26
0	28
0	28
0	96
0	26
0	0
0	20
0	10
0	23
0	7
0	12
0	21
0	5
0	21
5	49
0	306
31	357
206	546
0	117
135	88
0	104
0	1
0	77
0	77
7	104
0	77
0	77
0	77
1270	2
269	0
0	27
0	27
56	558
0	558
0	29
0	185
0	1333
0	44
0	1426
0	1480
408	2
885	696
3	0
19186	6293
118	6229
6	1805
0	669
25	41
245	0
14	6
3	6
0	1
4	1
0	1
3090	127
82	0
118	0
0	14
0	12
1753	2411
0	2411
33	0
0	13
71	13
98	6246
118	572
5	156
0	6131
158	0
198	0
0	0
3180	136
0	136
57	50
0	50
22	36
0	9
1	10
0	10
23	52
5	52
5	52
28	0
11325	1800
0	1798
0	9
10	9
1	509
0	276
0	487
0	3753
103	3753
0	3099
0	0
1	0
0	104
1051	104
0	3
5	3
13	333
13	263
0	263
0	333
0	104
0	2641
0	420
0	120
0	4385
0	4256
0	3653
0	3809
0	4235
0	319
13	322
65	849
9	489
0	32
5918	491
0	332
1569	334
0	61
55	61
0	0
0	0
0	0
0	0
2372	0
1	0
0	0
0	0
0	57
36	164
163	4527
367	5381
123	778
16	404
0	368
0	29
218	4065
5018	1240
9	1229
138	1240
151	550
162	550
0	0
0	0
0	0
5	7
0	77
0	0
0	221
0	95
0	85
0	213
1845	0
73	4772
28	5013
257	2908
0	331
50	772
15	727
53	583
97	583
678	767
0	0
47	767
352	0
14712	1506
0	1495
257	317
37	317
0	86
489	369
59	73
0	14
3	373
19	337
0	275
0	82
31	544
0	24
0	544
6	97
236	97
0	0
0	0
498	3
800	0
0	52
0	5
0	64
0	74
0	45
412	813
0	813
4	165
0	1
2346	1270
0	692
19	1270
691	2345
12	120
35	2345
985	1001
0	0
0	0
19	273
1485	278
0	215
2486	1
1392	299
0	94
0	279
3130	4
146	620
144	620
13	0
3418	7
0	0
0	0
522	70
0	33
0	37
130	0
120	0
526	120
0	120
0	5
0	5
834	1092
0	2783
1	2788
0	2793
0	2788
1289	1712
13	1157
0	1710
24	69
0	64
68	64
0	485
5	439
216	0
398	619
0	244
191	1549
270	1314
151	1415
4	23
0	23
0	17
206	162
0	141
30	86
0	7
11	85
11	607
42	607
0	0
0	0
0	13
0	13
16	0
6	205
14	205
478	0
757	2270
200	0
0	0
0	0
0	0
0	0
0	0
0	0
541	640
0	0
0	0
0	0
0	0
4100	17920
0	17920
2614	1
0	23
0	23
0	0
0	0
0	0
52	0
0	0
0	0
24	3
19	323
0	323
0	241
0	1513
0	979
739	1515
183	0
0	2
0	0
0	2
5	57
5	57
317	0
0	16
0	71
226	6352
12	6336
20	31
3	7
0	0
3	22
0	20
11	23
0	28
0	55
0	176
25	372
0	2348
133	13060
62	13050
9	0
0	0
15	413
0	1473
2334	1467
1742	3
0	0
289	1818
0	1818
2	21
0	26
0	1485
0	657
119	1518
18	1499
65	1394
0	2791
0	2859
1786	0
453	89
0	89
787	0
0	2
0	0
0	2
157	0
432	1015
0	1015
12	11
749	0
80	364
0	153
0	427
2368	0
23	0
21	30
2172	30
20	0
2997	1
0	53
533	574
0	426
0	470
2749	2167
47	2167
0	0
0	0
0	0
225	488
0	3423
47	3590
6	166
0	166
309	11
528	11
1725	35
0	35
118	0
1439	0
123	0
1204	1
4	8
0	8
6251	0
705	0
393	102
1	94
0	2
0	10
145	522
1	0
14	30
0	0
4	2
0	28
434	495
787	6
0	0
0	56
0	71
148	121
90	573
211	573
21	717
27	717
109	683
12	844
602	501
4150	10087
856	10087
0	5
6	5
567	189
0	269
22	293
0	122
27	66
6	86
18	86
92	0
5596	2231
0	2230
249	4610
7	4610
267	0
0	0
44	34
101	34
6	33
0	33
2198	5108
1197	5108
17	56
10	56
0	165
21	165
0	165
0	0
0	0
0	0
0	28
0	28
0	0
0	0
106	3664
305	3630
86	1022
0	1022
1554	428
0	493
225	1320
0	108
0	32
1195	1642
5	1085
0	1100
0	963
37	1120
0	1081
0	1020
189	1119
0	1133
0	992
12	1078
1003	1040
0	132
862	392
0	392
3794	1918
9	0
17	1048
29	1048
1014	325
261	444
218	677
0	611
0	594
618	982
0	981
0	7
23	3
35	10
5	330
0	337
0	1628
5	1606
0	1649
0	0
0	0
0	0
5069	2289
2	17
0	177
14	2313
338	1999
42	1644
0	477
41	1893
13	1707
3	206
0	5
0	5
0	132
0	282
2	1137
0	126
0	1055
1487	2922
89	3142
7	1180
13	329
6	114
0	0
1202	0
0	0
3	0
2	2
616	453
3	903
29	903
2	0
0	16
0	16
11	0
300	1331
162	1959
0	396
0	0
6	549
0	114
129	665
0	0
0	23
0	446
0	536
0	541
6	483
0	485
595	0
1546	185
14	8
12	5
0	0
5	3
0	0
493	257
0	257
157	50
0	50
0	136
176	136
585	142
0	140
110	596
0	596
0	0
4	0
42	0
56	3774
0	2302
10	3774
702	0
419	0
0	0
0	0
19	9
0	6
0	0
0	0
0	5325
32	6801
46	6780
2016	1
0	3
0	183
1027	183
25	0
0	158
887	1076
0	1067
0	7
0	7
20	50
0	50
0	2
0	2
7735	2
137	0
2233	879
2	879
54	0
154	2448
375	2447
110	156
0	169
19	169
0	0
75	2331
0	1433
0	500
107	1398
267	454
0	425
2	499
253	850
0	8
0	66
46	74
0	0
0	0
1	9083
6172	9091
4	800
4	28
0	30
0	15
0	71
5	56
0	50
1	218
0	211
0	4
0	0
0	27
0	27
0	0
0	0
3	20
3	20
1169	0
2099	0
4	1
1914	0
260	0
0	0
0	2
0	0
0	2
218	1910
0	1632
1816	2
0	9
0	9
68	1079
0	1079
1049	240
0	238
0	24
0	4
0	18
1049	593
0	593
455	0
0	0
16485	9
430	20
0	2
0	2
116	200
0	200
32	74
0	74
4096	235
0	231
25	0
7	0
0	46
228	59
0	11
475	0
4	426
2	426
0	371
0	24
4	36
1	67
272	351
0	295
0	315
562	817
21931	4606
3	4028
0	551
58	1570
301	1084
0	0
0	0
0	34
6	66
0	68
0	0
0	0
0	0
441	78
77	0
0	42
32	353
0	0
0	0
0	0
0	1701
11	2263
0	1341
0	1930
0	12930
1	393
229	10978
0	12454
0	10929
31	51
0	246
0	21
29	271
6	250
2	0
5353	2271
0	2271
411	650
2741	3
171	2
0	687
0	77
1043	769
52	22
0	2895
1	383
0	265
26	2923
0	21
0	0
0	0
1	0
0	453
860	453
70	0
37	38
0	38
195	53
6	472
0	98
0	408
0	472
0	471
0	471
48	49
7	49
0	544
44	2529
112	2530
1355	4
0	0
0	0
4	0
0	0
324	10
0	10
11	32
0	24
56	28
158	491
0	103
9	454
1216	0
241	4636
229	4663
941	0
761	1638
0	481
0	1169
101	741
0	736
2020	6
7138	8384
0	8375
0	0
1247	0
624	0
0	14191
694	14547
0	14559
0	21
59	89
6	19
14	22
184	125
0	125
57	6
590	6
2	178
5	185
245	254
0	124
22	203
0	119
9	0
9	9
0	9
311	19
35	0
17	0
1543	1267
1	1268
1082	838
602	3
0	0
30	22
5	105
299	213
0	212
20	0
0	1025
5	1034
0	301
47	301
12	1469
0	2
0	1469
4	98
940	3989
0	3989
0	72
0	23
0	96
77	385
280	429
69	0
240	1322
1	190
0	1285
1	1114
0	1214
78	42
917	42
1783	2919
164	2687
0	2244
251	0
33	9
731	131
54	131
0	20
1655	1232
0	1070
0	655
0	151
58	151
0	39
67	40
0	0
0	0
0	0
0	0
0	0
5502	556
0	552
0	2
0	2
0	29
288	32
48	8
203	130
2	115
430	0
43	1830
183	435
99	2237
0	543
0	8
180	87
40	9
5	118
335	118
0	16
18	18
3422	3
74	3539
0	3531
39	3546
0	0
1922	7
1	0
157	1245
5	388
12	1149
0	1152
0	981
529	19616
33	19647
366	19365
0	0
0	0
6	12
2670	13
44	231
0	198
0	234
0	0
0	0
0	0
8	0
0	0
0	0
243	273
3850	24398
33	24669
7247	5
14087	1338
5	375
0	1356
3	978
0	476
2	1749
0	1405
0	1390
0	978
5610	1
101	13
0	13
241	51
0	32
0	19
10	0
0	576
0	225
4	421
0	576
0	0
238	3
0	3
0	1
54	0
0	0
0	0
0	0
0	0
0	0
0	0
7	251
0	96
0	80
784	0
181	19
0	0
11411	1143
1257	36
54	0
0	0
0	272
449	273
0	52
0	152
31	118
33	20
5	20
0	0
0	0
0	3396
0	204
0	3309
0	3344
0	3361
0	0
0	5
3	9
0	9
24	756
330	742
0	0
0	0
0	0
72	81
0	1
0	80
191	1075
0	340
0	1075
2762	13866
0	13865
0	0
207	75
0	75
93	0
107	0
798	0
676	390
268	2102
0	2102
101	2210
76	178
0	177
952	1264
0	1182
56	1193
0	1225
0	1260
239	8719
1224	8993
1	469
0	0
0	0
0	54
10	54
1894	1
4644	3
0	0
0	0
234	0
0	149
89	149
25	122
427	2417
0	2417
0	556
0	592
0	0
0	0
0	0
0	0
307	41
91	588
1228	630
3	41
398	2931
0	851
106	3019
0	542
377	930
66	509
64	509
0	100
1154	104
492	0
0	0
0	0
217	313
0	313
0	872
0	1006
45	1063
95	62
0	62
0	4
0	0
0	171
1	41
579	709
0	709
5	61
0	61
1688	2327
18	0
33	1073
0	1073
2751	1
252	883
9	883
5	0
0	0
0	0
39	0
11	138
0	138
0	0
0	0
0	0
856	306
0	169
0	270
45	554
9	167
20	554
0	50
21	50
0	5
0	5
352	55
0	55
8	0
1	130
35	130
48	33
46	33
347	439
0	529
0	31
889	577
3	947
197	1344
0	369
0	1348
0	0
543	493
17	340
17	278
143	335
8280	9219
0	12
3296	9044
1505	2
48	121
432	1219
61	1219
0	0
0	0
1289	735
0	735
0	1641
0	28
444	7117
59	7660
2495	5215
0	5211
1077	245
2317	4993
0	4991
0	0
0	0
1057	4
0	0
0	0
0	0
3	0
5840	2
1354	37
489	573
239	5219
18	1214
1	4995
1498	758
0	502
451	313
0	309
0	75
0	4
575	1959
0	1959
12	217
3	5125
0	5207
0	9
1	5125
89	3093
116	3088
0	2952
91	338
71	338
0	0
30	6
662	695
0	695
6	0
894	1375
0	84
0	269
0	1396
0	1403
0	1331
0	1425
0	1390
0	1413
0	0
907	0
1209	2371
0	2301
0	355
2	615
0	2758
0	1918
22	1889
3	3065
26	2893
38	3910
1362	3081
0	364
2115	939
1015	957
1	116
1	230
4	56
0	94
9	526
0	283
1740	1051
6	92
5	92
0	27
12	27
329	526
0	526
0	0
8	0
39	793
0	755
0	12
0	12
0	0
27	373
13	293
1996	118
18	118
0	16
0	0
143	0
13	947
93	947
121	0
0	6
12	13
24	16
4	27
0	8
1778	0
66	0
0	49
70	508
0	74
25	0
148	510
0	0
55	6
1001	359
0	379
0	268
0	342
0	14
0	33
788	0
2727	1
440	175
3	175
0	0
1002	6
0	1
0	0
29	122
0	121
0	96
100	96
0	121
1079	232
0	111
75	221
0	221
43	16
4	0
0	6
47	0
4	27
0	625
102	625
213	463
0	3
0	3
2	265
5	75
0	13
664	302
141	315
2	292
139	7657
0	4736
41	6904
2	3625
870	10053
4	0
300	3898
0	84
0	62
29	3898
10	2
0	2
0	0
0	0
1493	2
0	0
0	24
0	8
6	24
0	0
4	0
4603	0
0	626
1089	1137
13	1005
6	876
0	736
1304	1
26	0
1616	0
187	883
255	0
27	0
0	6
28	29
0	199
0	62
0	2034
0	98
117	2033
422	0
5	3
54	53
234	6
33	6
5	76
2907	78
66	471
0	471
0	6
0	6
0	272
2404	1057
79	974
0	0
0	2996
0	2996
0	2086
31	2620
0	139
7	207
11	104
0	2487
0	0
0	0
211	0
96	0
0	0
0	0
0	0
4250	4
205	0
319	0
0	4
50	19
2367	502
0	495
4	117
0	117
14	36
0	29
0	1
0	64
0	29
0	68
413	0
0	46
0	479
0	7
0	72
0	40
4	0
0	465
0	427
0	465
0	419
129	794
0	480
0	482
3	386
34	0
0	0
75	160
4	0
3541	1007
0	1007
98	117
9	65
146	40
1614	12798
8	12798
0	0
0	3
0	0
0	0
57	3
146	0
1377	0
4754	1
6	121
2	667
224	731
2424	512
0	654
27	0
3	3097
1846	3097
1929	0
0	78
3	24
956	211
0	158
1420	2
0	15
316	2321
0	1414
0	1781
922	1
36	0
0	21
0	37
0	119
0	119
2	8
0	0
1044	0
47	0
480	617
60	617
35	0
129	0
0	40
36	2
69	42
0	4491
0	4167
0	4192
25	4516
431	229
78	233
0	233
126	3
268	152
0	152
0	72
249	547
19	546
2	56
10	56
0	7
0	58
0	36
0	0
0	0
0	58
0	58
0	25
0	58
0	36
0	29
0	0
0	48
0	25
0	45
0	45
432	843
0	376
1070	905
19	0
3041	1
7	0
3	45
0	5
0	45
0	0
0	0
0	0
0	0
0	0
0	0
0	0
45	247
6	48
289	295
1251	0
17	132
6	5
16	129
0	98
9	77
5	80
0	73
0	166
0	141
0	166
0	846
0	128
0	710
2498	2463
20	197
0	2212
8	2376
7	2211
0	2236
18122	19
6	0
328	0
0	39
0	39
0	22
0	40
0	2
2	0
47	422
0	247
0	173
482	0
0	0
0	0
1991	2047
231	2619
0	104
21	104
267	2245
0	271
0	2258
0	2112
994	2023
0	2270
2	1876
5	1909
435	9
19	5
0	5
26	0
1788	962
0	697
0	853
950	207
0	0
5	0
8137	11710
354	12768
114	167
0	57
262	57
0	3
566	0
0	0
0	0
0	0
51	360
12	1
22	472
8	171
3762	2910
326	2856
7	2768
0	0
113	941
0	453
4	0
6	23
0	23
552	870
24	870
6	0
493	0
8100	3
0	164
0	0
7	118
133	310
6170	15539
0	1801
5	12101
0	12821
7	4690
0	2
0	2
0	2
86	2008
57	2008
10	0
0	0
7523	8
0	3814
0	253
0	7991
3	7850
538	0
2	0
96	1006
0	376
173	1245
0	31
96	31
1	7841
4	429
6	7841
0	0
2	5
211	2194
0	2194
0	10
0	10
553	0
749	184
27	181
0	10
10	10
0	2
0	29
0	22
85	0
691	2
195	122
0	43
0	79
36	245
0	245
0	1
0	777
1332	777
88	296
0	246
121	200
0	0
0	0
22	0
71	294
9	10
1	0
0	0
495	493
0	219
9	274
1866	1587
585	0
0	15
0	5
10	56
4	56
0	36
0	1
5	1
342	564
1	85
2	279
0	0
0	0
0	1
2	0
0	0
0	811
0	212
357	6553
224	6689
522	326
0	43
1	0
4	2
0	2
0	10
90	835
174	819
0	1264
0	2798
22	2345
101	1356
0	2299
0	2747
0	7
0	306
0	359
846	601
17	589
0	532
130	59
0	32
0	59
0	19
3	6
0	0
13	240
503	1255
42	522
303	1121
0	11
25	11
555	0
4	27
0	2
6	448
0	155
564	407
1198	0
4524	5
0	397
0	394
1	388
0	393
0	358
0	0
0	24
26	96
0	96
1448	3330
0	2
2	4
0	2
0	2
0	2
0	51
226	51
41	1272
375	1161
8	1298
237	2938
0	80
0	2961
0	2961
7	3034
110	497
0	0
0	0
0	0
0	0
17	0
0	0
0	0
157	3562
0	146
1198	3292
0	581
6	270
1313	760
3	21
281	21
7129	5815
0	0
0	0
0	0
0	13
12	13
0	15
0	286
0	3
0	11
4	353
0	353
0	0
113	738
0	0
0	0
37	0
7	0
3	0
343	144
2	0
86	0
1077	1457
4	561
0	995
23	45
0	0
0	1
0	0
0	0
64	0
2213	171
0	171
0	0
54	5379
439	5379
18	3
0	3
0	0
0	3
0	0
0	0
0	0
0	3
0	3
216	456
1	8
0	8
0	0
1	0
16	68
19	68
2	334
15	1198
7312	1535
2	6
42	6
0	2253
4	289
879	20186
65	17626
0	8109
15	19029
0	0
0	0
76	51
1	51
0	0
1159	673
0	451
4	378
0	560
0	36
6	50
295	134
0	83
0	0
294	8179
9721	8183
0	3621
0	0
82	1
124	1
1088	298
886	298
1000	0
135	0
1198	2574
0	758
571	449
110	1816
0	22
80	22
173	14
83	14
0	3
0	0
0	3
18	74
51	356
63	357
0	553
1717	553
0	0
0	0
0	0
0	0
314	0
102	0
3381	0
0	0
174	649
415	3265
0	750
0	2589
5075	4364
50	3410
0	4360
0	0
0	493
0	43
0	5541
0	5515
116	5586
78	781
109	776
40	250
0	113
353	1907
603	1704
216	1
0	1
827	1743
0	137
0	1744
10	154
0	5
0	112
0	149
115	124
1	800
0	260
3559	839
69	275
17	275
45	5
127	0
4	374
188	1
2	302
13	887
0	888
5	878
0	1
0	1
0	0
0	2172
0	2134
0	2141
7	1735
0	0
52	0
32	45
0	45
0	192
2	982
0	198
0	24
115	1005
0	1003
0	920
461	311
12	311
5	390
204	457
0	40
0	5
93	45
3	0
0	11
1717	0
0	8
0	8
0	8
198	26
0	26
0	27
19	59
14	79
0	56
0	107
1851	251
0	0
4	0
0	2
0	2
215	3683
0	930
0	3683
449	1294
0	166
0	1293
0	1
0	1
283	150
0	150
0	0
0	1505
0	12234
440	12234
0	898
71	898
0	4510
0	4114
34	4384
0	4370
0	34
0	56
0	157
20	581
4	593
12	521
0	588
0	226
0	0
488	1331
0	1331
327	77
0	77
2040	383
0	382
29	7
0	7
264	117
0	117
45	478
0	478
0	478
38	3
0	3
0	0
0	0
0	196
138	197
0	0
4	7
0	0
0	0
0	0
0	0
1924	1590
10	1006
255	1316
112	231
0	1779
0	1782
1536	3661
0	748
203	3660
0	47
0	27
0	32
4	31
0	0
0	0
66	19
0	0
0	19
0	0
0	45
4	65
0	65
6	37
0	37
256	42
0	42
0	27
101	0
1157	0
3621	4
655	1
0	12
12	17
8	18
33	2
0	0
0	14
38	18
0	18
0	0
0	0
0	398
0	86
0	2008
662	2008
0	254
37	261
10	38
0	2
5	10
0	4
0	0
12	0
2	0
0	0
0	0
0	183
340	184
0	5188
0	82
0	605
0	780
2104	5188
440	2057
17	1075
0	1022
45	1005
0	0
0	0
9	18
0	18
0	28
103	0
29	6158
0	868
0	6019
0	133
0	285
0	299
0	882
3	832
0	878
0	812
0	410
7	164
0	294
0	553
0	424
2	3182
0	180
0	3051
132	199
10	2625
33	2959
0	605
0	2390
6	2927
11	184
560	184
0	7
0	7
19	45
0	45
414	360
0	360
0	360
0	360
211	0
40	0
0	466
808	466
14	16
0	2370
1079	2370
0	0
0	4
0	4
226	1437
73	1437
724	338
0	0
5	77
32	132
0	0
35	6
0	0
0	45
6	48
30	48
34	3419
7	3419
816	101
4716	1673
0	136
0	101
0	1672
1136	527
8	107
60	424
70	569
2842	1913
1053	1911
28	72
34	72
392	0
120	1155
0	1155
210	6076
0	5807
16	6076
33	898
0	898
0	0
6885	3
254	3088
38	348
0	2275
10	3107
495	5892
0	5892
1242	110
0	110
13	0
491	49
0	49
0	0
44	390
6	47
3814	2707
0	0
0	7
59	0
8	63
0	63
0	0
197	204
0	0
54	0
655	808
0	39
0	39
0	135
0	135
35	321
51	321
0	230
0	0
18	0
293	396
0	396
117	28
0	28
2040	1
8404	0
0	0
246	0
0	28
0	100
0	9
0	0
0	100
23	0
0	0
0	0
8	0
0	23
115	203
0	70
182	585
18	585
0	7
0	7
3644	2
1	8
0	8
694	9598
448	9598
154	0
169	0
0	41
28	41
58	275
83	275
0	43
453	3277
0	43
173	3233
0	0
1614	1796
0	1265
2648	1401
0	1401
1080	0
389	472
0	469
0	608
33	608
179	72
0	72
0	2
45	60
728	60
0	338
20	355
0	351
0	238
12	302
5	1
2494	307
96	165
5	165
6506	1
1	0
0	0
0	0
2203	2005
2	262
0	938
0	429
798	0
0	629
6	1859
0	454
0	454
66	1929
0	96
969	616
0	264
0	505
12	168
66	618
0	45
136	786
0	0
0	0
0	23
34	23
0	5
0	5
110	0
52	1915
0	185
59	4711
0	4747
0	4756
0	2748
0	4800
1479	1
0	0
0	0
0	0
0	0
118	52
0	1
3748	2021
0	2020
94	2356
140	2689
44	2723
61744	34
295	1
14	31
63	1200
103	6130
290	792
9	4379
245	3577
0	3481
4	3747
0	4024
486	0
820	2
0	349
20	349
0	0
0	0
0	0
0	0
0	0
8881	10992
20	5424
610	0
226	0
0	140
786	160
0	111
1408	2
0	2
0	2
0	80
0	113
0	113
0	0
0	0
166	250
85	250
356	1
12	0
0	0
0	0
0	0
9	2
0	0
0	0
0	0
2	9
0	9
442	272
0	263
0	8
51	392
7	392
0	12
0	12
0	12
9333	876
109	598
0	851
0	71
0	53
0	53
0	69
0	0
0	0
1	0
0	7
0	7
0	21
0	21
0	9
0	21
0	21
334	1139
0	8
1	1022
0	717
7806	1059
0	90
0	223
90	239
1998	97
757	1062
30	779
592	0
0	228
0	217
7	197
864	49
0	49
2797	0
343	438
5551	4
0	0
0	4
0	353
0	92
0	63
1345	0
5686	2170
4208	2
1461	1136
41	1136
4	0
0	1
0	27
0	524
0	0
0	531
0	531
3	18
0	0
2943	2
3	0
0	0
2339	0
182	0
0	0
19	3
0	3
0	3
2	30
214	30
5264	0
434	4
0	70
0	81
0	81
0	70
12	0
0	27
259	164
602	73
3	73
0	0
0	13
6	13
197	1321
0	1321
46	20
0	20
0	1664
519	2668
0	304
3354	3585
260	0
21	46
0	9
0	37
357	0
0	0
0	79
162	457
135	457
3	0
20	594
0	312
0	1149
29	1036
3202	2731
0	825
24	1119
0	2598
0	0
41	12
0	12
0	5
320	296
0	296
1803	1
140	579
1271	579
14153	20
589	2607
0	2337
1147	798
3	797
89	0
10	0
398	0
1030	5
27	5
369	0
0	0
416	0
1486	2234
0	0
0	0
0	0
0	0
0	0
0	0
1085	2011
9	2009
2454	956
7	954
56	923
122	1372
890	1143
0	408
16	175
186	542
0	157
0	153
96	192
16	894
0	218
0	790
0	897
138	674
0	283
0	436
691	0
216	63
0	63
4	25
0	20
0	20
36	31
1	33
0	893
2038	894
17	27
0	521
4228	526
48	29
0	12
0	17
0	15
262	0
410	782
0	782
0	0
7	0
0	0
0	1
0	0
0	1
0	0
0	0
51	44
0	44
16	4
0	4
0	4
0	4
157	50
0	50
0	1278
83	1281
5	1281
72	2612
41	2661
63	804
68	244
2	244
849	619
0	94
0	166
5	129
47	0
10	0
3	26
0	26
119	0
0	27
0	27
4193	2699
42	616
1289	0
1	2
315	656
0	485
0	646
0	636
0	1675
4178	1681
3762	1
379	34
0	34
766	0
47	0
3	416
1962	1536
18	54
267	125
490	168
799	0
0	9
4	117
72	117
2524	534
6	395
38	163
77	0
0	1550
874	1787
539	2818
25	102
0	83
0	66
0	85
0	0
117	0
96	0
0	0
0	0
0	2
0	77
51	349
8	2
0	300
3	0
3	703
0	485
6	195
0	188
0	47
0	48
1	651
1550	0
0	45
72	45
17	73
5	73
1	16
0	1
0	0
1067	736
0	0
2	702
0	5
0	190
121	1905
0	928
7	1905
0	589
0	458
0	214
0	245
1441	703
142	49
63	390
389	563
99	578
0	422
3854	958
0	0
0	0
1734	4
68	23
0	6
0	57
0	5
19	60
8	12
589	641
60	541
0	295
3028	349
55	2
1098	0
4	26
3	26
146	0
1326	0
114	0
0	3
0	3
611	3995
0	586
171	3995
0	0
103	0
440	210
0	210
0	207
0	207
0	103
34	0
0	33
0	0
0	33
0	13
0	0
0	0
10508	7
117	1547
2	1547
14	8
8	8
297	30
7	30
42	171
38	9
0	171
0	57
0	669
109	669
182	0
117	0
0	0
0	0
0	0
0	0
24	0
927	0
0	0
0	0
5	0
11	814
0	521
31	2137
16	2001
225	0
402	34
0	34
0	747
0	99
0	397
0	0
0	0
0	0
78	276
0	45
3032	4
0	1
47838	36
235	426
49	426
418	160
0	160
0	0
0	0
63	6263
136	13573
467	4375
2614	13064
4792	1464
0	1460
43	44
0	44
0	0
0	0
0	0
399	0
3797	6350
0	6382
0	2160
0	0
0	7
0	65
67	453
0	446
57	445
0	453
0	0
0	0
12	0
4313	2
0	0
0	0
2045	0
1216	0
9	1
0	1
0	6
0	6
1809	21278
0	2571
0	19997
0	21138
0	22183
18	2
0	0
0	0
0	2
3802	311
0	309
0	142
0	73
0	101
0	89
22	819
0	106
0	812
16	108
101	108
0	0
4652	8
0	0
0	0
0	0
4048	3
0	0
161	607
171	607
1413	1
1131	4128
0	150
333	440
8	0
2647	225
0	0
83	223
8	28
55	287
0	354
107	277
499	226
12	0
0	0
0	0
0	0
0	30
0	173
3	82
19	17
15	354
0	368
0	0
0	0
0	0
416	0
101	303
0	367
32	632
0	100
0	632
56	66
1192	0
397	654
0	654
45	282
5	224
105	35394
171	36450
4285	34413
145	35365
0	337
54	337
0	86
0	137
63	497
4	503
0	87
3	87
9642	4769
747	3448
18	1163
10	20
7	4766
87	0
75	114
1	114
1051	200
0	113
0	183
342	191
0	191
0	11
0	4
0	1619
0	293
5843	648
19	3890
33	3961
12	3619
72	1984
4	1984
454	0
51	51
0	22
0	14
339	1
0	0
3	5
0	5
18	28
0	366
185	1581
9	1581
1275	0
0	0
0	0
0	0
0	9452
138	1598
0	573
0	3126
726	9449
0	3
0	3
0	237
0	2904
96	4163
0	849
0	0
0	10921
5	5965
129	10877
3523	103
138	3
0	0
861	5771
0	1990
0	1243
0	893
30	5359
0	0
0	0
0	0
0	0
8	0
19	0
71	353
0	504
0	411
45	411
539	0
160	24
0	0
452	0
445	368
0	368
2	125
7	226
18424	17112
1	2103
0	1469
0	16198
4	0
29	70
279	12
11	12
24	14
92	0
0	0
0	0
0	0
0	0
0	0
0	0
0	0
6	632
22	632
119	3
0	0
0	3
2168	3
739	162
4	162
5947	4
198	290
4	290
86	2043
0	184
5	1753
0	2062
137	43
0	43
0	8
7	8
179	0
0	3929
0	3892
0	3885
0	3818
43	4404
0	3951
0	4508
18	56
212	0
2054	70
0	70
0	70
0	0
0	0
0	232
0	31
229	273
0	409
123	409
161	1
12	0
0	0
0	140
2	48
6	218
0	126
2187	951
303	824
180	485
8	10
0	55
12	485
0	0
146	0
3499	2091
0	2089
319	43
52	43
32	0
0	4
0	9
0	4
36	22
0	423
0	39
0	594
5	607
0	0
0	0
5	33
9	27
74	28
206	5
103	20
0	20
1	28
350	0
59	12
0	6
0	5
4	0
0	0
2	1
1	1
708	0
39	0
2	126
0	0
414	117
7	0
0	0
8	70
0	21
0	1102
0	57
0	22
3	1090
11	588
0	113
3	107
0	108
0	111
34	139
11	19
213	28
0	0
0	0
41	58
0	58
0	15
41	22
0	433
0	77
0	96
109	1050
0	849
9	361
39	0
0	0
13	56
0	267
702	267
0	0
0	0
0	0
59	96
0	11
0	90
1025	247
0	247
9	0
0	0
0	40
0	0
193	15
0	15
1	587
297	616
96	9167
99	3513
260	754
27	9167
41	0
4	0
9	0
13	0
2801	0
52	55
0	55
275	343
3569	0
0	251
1440	865
8	101
0	5
939	76
2	76
15	64
386	440
1	0
0	440
1846	1613
5	1613
128	0
0	58
0	58
376	1204
0	1204
474	3795
70	3795
0	2307
266	3162
0	3457
0	1527
252	2311
0	2311
0	0
0	0
373	62
5752	11100
0	8
0	1
0	19
0	31
0	67
0	1
0	9
0	55
0	67
0	62
516	128
0	128
182	0
196	0
10	0
10	0
1003	0
0	0
59	43
0	39
32	3
65	199
40	193
0	120
6	178
24	1485
0	303
124	1485
0	370
4	429
467	1729
0	1321
89	0
0	67
0	8
0	66
0	58
0	6
0	6
6946	6
1696	70
0	70
2769	1185
62	1185
4	0
415	0
0	0
0	0
0	0
0	0
0	6
0	6
0	4
0	4
0	0
0	0
0	0
0	0
2	257
33	257
0	0
109	1687
74	1687
57	584
851	395
3	0
1424	1880
16	543
0	730
3	843
0	603
0	927
0	954
22	0
0	0
64	5
8	2
0	8
0	2
0	3
0	0
0	174
0	54
12	56
27	849
0	886
0	111
10	306
4	209
0	1067
0	141
0	337
157	1131
0	195
114	247
162	356
29	145
232	955
190	2575
0	57
1	114
4	1883
0	2449
2	2
0	0
2876	282
0	281
0	209
0	358
0	41
0	43
0	116
12	314
611	394
0	122
0	919
0	20
33	938
0	840
0	833
0	13
0	7
203	52
0	51
0	0
0	0
366	1427
8	304
0	1064
141	59
1356	16
0	14
1108	0
0	3
0	3
0	3
4059	5
346	0
0	0
58	0
0	0
2834	0
3713	0
70	0
0	3
0	0
0	0
0	3
0	3
0	6
0	6
0	6
0	6
0	6
0	31
3	31
0	0
1706	1438
0	1437
14	459
6390	459
0	263
1260	263
0	5
0	0
3116	1
43	0
0	1
0	1
0	1
123	0
163	269
16	269
166	1740
9	1740
6	750
12	750
14	0
267	104
3	104
0	0
475	16
0	16
0	0
0	0
0	0
88	0
0	817
63	830
626	3
510	0
0	27
15	184
6	180
23	38
903	10
1475	17493
0	2731
0	1724
280	0
0	0
2471	557
0	557
0	3
12	18
0	0
4	104
243	139
0	138
104	133
2689	134
29	3144
1025	5348
265	3060
2411	8649
0	167
346	136
152	302
0	15
16	15
6	104
0	104
2	0
160	1043
41	3508
92	3424
479	1824
47	1826
56	0
0	622
258	622
0	0
1	0
0	0
0	199
0	12
0	101
13	46
0	147
14	433
66	431
1589	0
0	2
17	261
1476	2791
2	2947
3	0
0	0
50	308
0	510
62	2920
183	2915
724	10954
0	2406
0	8728
0	1351
0	10599
8	0
13	5
0	0
0	0
0	0
0	0
0	0
0	0
0	0
0	0
0	0
0	0
0	0
0	0
0	0
0	0
0	0
0	0
0	0
0	0
0	0
0	0
0	0
393	0
3329	1060
4	1054
0	176
243	176
25	0
11	0
0	0
0	40
0	0
0	40
0	80
0	80
3080	8478
1	8475
69	1759
1	1759
104	556
0	641
4929	126
0	124
7	0
0	1
224	1
611	952
82	470
0	183
32	183
1242	1597
7	1468
2	695
3024	4039
276	0
1001	0
4	355
346	355
415	654
0	47
0	0
1	73
0	13
0	13
0	73
0	73
0	73
87	0
3	4
1827	40
0	40
7	0
431	0
862	444
0	0
0	444
590	49
0	10
0	39
8423	3547
0	1717
0	1826
0	20
0	20
268	0
0	22
321	22
98	176
88	176
176	0
1457	0
14	87
0	87
4214	1
2622	0
0	10
0	346
18	346
3	22
433	0
0	0
562	289
0	508
27	508
33	2
0	0
0	0
0	0
0	209
0	492
0	513
0	0
27	129
36	129
32	164
150	303
4	139
5	34
1156	1
0	0
0	0
0	0
0	158
0	170
69	0
0	449
3	468
5	388
5	67
115	86
30	86
2399	801
0	798
696	3507
1098	3511
327	1513
0	1513
15	4
174	663
89	903
78	122
0	80
336	3053
4262	1648
1040	6466
368	0
0	2
0	2
0	0
0	1017
47	1017
1349	534
0	534
73	957
0	143
84	179
0	1000
0	33
0	913
13	164
483	1233
402	0
3	99
145	0
0	0
16	117
0	117
0	100
320	100
0	395
0	135
190	749
0	0
4	948
1349	0
0	57
0	543
2	629
26	634
2378	4960
0	1047
0	4548
0	2648
14	2732
0	2728
251	0
434	0
8	77
0	77
2	0
785	2
0	0
0	0
0	0
0	0
0	0
0	953
781	953
1	3
3	0
1673	154
0	152
1456	472
0	9
1973	4
0	2357
0	66
15	2160
1053	3
3290	3
0	0
0	0
0	0
0	0
0	0
0	0
2	0
0	6
7	37
26	32
16	9
630	422
4	397
0	332
0	0
0	0
29	367
0	364
0	0
0	0
0	0
0	0
2662	1
156	12936
0	6815
0	702
0	11627
3	159
0	36
6	160
818	1
39	2610
135	2577
0	1775
0	414
2472	1955
368	1741
0	2088
0	0
0	2
7393	3771
0	3771
0	0
0	0
47	565
0	545
0	565
347	451
0	394
0	69
106	77
0	77
3	6
0	6
0	6
50	13925
308	12991
23	12866
0	7093
9	10934
0	10877
312	312
8	507
0	418
162	427
0	0
0	894
45	1026
0	1026
0	1026
35	22
0	22
0	368
7	331
513	1889
18	1863
0	0
5	85
2	755
9	415
50	1959
50	1946
68	3010
0	4684
3774	4687
263	191
7	191
29	9
0	9
690	320
0	164
1	479
3	191
3761	2541
0	2540
0	0
0	0
0	0
0	0
0	0
0	0
7	0
6	0
14	0
44	13
0	0
0	0
32	6846
10910	32076
0	32063
0	35
9	62
0	47
273	181
0	32
4	97
0	54
6	52
0	87
156	87
0	2
42	7
40	808
469	901
0	4
9	261
37	904
0	803
0	48
0	221
96	222
73	166
0	166
53	46
0	46
28	0
2	2082
0	2067
0	24
0	69
0	0
0	0
3	259
82	259
5	204
55	309
0	139
357	0
0	942
652	999
248	19
3	19
0	0
0	15
4	15
0	0
0	0
0	1546
67	1546
0	75
4	75
0	6
9	6
13585	2124
34	66
0	0
0	0
0	0
9364	5
220	1018
0	997
0	1018
0	1001
23	110
0	0
0	1
11	1
0	1
16	13
4202	1
9	56
0	39
0	20
1	20
0	0
21	44
0	44
0	83
0	83
0	0
0	0
0	0
24	139
0	31
143	214
0	0
0	0
0	0
0	0
20	0
0	399
0	354
0	992
0	1037
3013	7
399	0
36	1886
14	1886
0	348
0	354
0	354
972	0
419	467
40	477
264	0
134	0
37	115
0	548
120	751
96	570
8	86
18	69
0	69
0	720
642	1256
0	689
0	471
0	435
0	1924
152	2638
0	2008
0	0
34	0
6	0
0	0
0	1511
1235	1511
3	139
4	32
4	139
0	0
0	0
0	0
602	0
212	587
0	166
0	32
6	524
0	8
587	3098
32	191
0	461
33	2798
89	3010
0	6
0	6
60	3409
40	3406
0	3409
51	0
52	660
0	660
618	0
67	0
359	10
748	1103
0	0
0	0
0	0
0	0
2	4
0	214
0	227
0	212
0	410
0	298
3	62
438	415
55	745
0	745
36	934
3655	1
6696	3936
292	87
12	79
0	94
0	94
5896	165
20	1420
4	1420
0	0
2362	2
0	0
0	0
5	0
37	1102
0	585
101	1476
0	278
52	1604
6	30
0	30
54	2311
0	2311
35	59
0	1266
0	70
213	93
0	93
0	70
0	41
0	12
0	27
0	36
0	14
0	37
0	34
0	36
0	43
0	89
0	14
10	40
0	86
0	37
0	93
0	41
3	317
671	1325
0	1325
27	124
50	126
0	0
20	647
0	210
0	423
0	68
0	85
221	376
5299	382
0	2
488	545
0	545
0	0
6	9
234	50
0	41
1	21
252	290
3	136
0	188
209	2173
8	2173
366	4
1575	513
178	507
2	0
0	0
0	0
1	13
10	13
1691	0
0	357
0	283
97	131
19	1276
34	1191
0	0
4	0
1343	0
113	111
773	0
0	100
0	7
50	160
18	159
0	87
26	181
0	1832
0	185
0	2056
433	57
0	2034
52	0
5	0
82	3498
1549	3498
413	0
0	2717
7	695
0	198
0	88
61	2723
0	320
0	664
21	664
422	8062
106	8061
0	10
21	67
0	63
0	0
0	0
0	0
0	0
3121	3
9	154
0	91
1	0
0	4
0	4
0	0
0	0
0	45
0	35
0	120
54	165
2238	110
0	110
0	0
0	0
0	60
354	60
0	212
0	15
0	739
0	779
5	798
0	0
0	0
0	145
4	1332
0	2210
64	2204
2227	122
29	1398
0	1398
97	0
0	199
0	265
922	3081
32	2894
0	0
449	0
0	0
1	0
0	0
2	0
62	10
7	0
678	0
0	0
33	4
0	0
0	4
53	141
0	31
9	83
13	0
0	0
0	13
271	64
0	64
134	190
1934	326
150	326
175	62
63	33
0	4
0	29
1525	5250
0	881
84	5249
39	150
0	44
229	0
63	445
0	445
1578	1156
0	1143
8	266
0	266
2787	1258
21	1255
0	299
0	245
179	826
5	327
9	26
0	0
0	0
0	382
187	382
462	622
0	440
0	536
116	240
7	240
0	18
0	0
0	18
8	361
0	87
0	41
0	88
0	0
0	0
15	0
0	1103
10	995
1	741
125	181
0	169
0	184
4193	0
538	917
36	265
611	3030
188	3030
0	1518
2	1470
0	1518
139	48
0	48
6	44393
0	11214
271	47229
764	2853
0	1295
9	2626
260	84
0	84
469	715
0	713
15	5
167	62
2	11
1076	0
4	299
0	299
1157	213
0	213
788	4291
32	4291
0	8
0	8
296	197
0	197
45	0
763	1239
0	1212
0	1133
0	1159
0	1228
0	82
7	82
0	1
174	0
520	135
0	2
0	0
862	0
0	0
0	0
0	0
0	0
1261	2
0	0
2233	1421
5	841
4205	11
0	10
0	88
0	19
480	102
6	0
80	151
0	94
177	0
0	0
1	0
0	0
26	0
0	0
261	1312
115	89
3	264
4	1172
0	0
0	0
3	1
0	1
39	0
242	0
85	218
2	218
0	786
0	786
0	141
0	142
5	1
0	0
171	0
0	771
95	771
1522	473
58	473
13	22
0	5
0	7
0	22
25	151
48	226
232	1204
0	1138
2172	1607
6	1604
0	327
0	0
0	4
0	0
1	0
0	2
23	2488
2	20
0	0
8	2488
6391	5
904	770
73	1209
5	1439
0	293
149	724
0	724
450	0
0	38
9	38
3	3282
0	2449
15860	7819
1	2383
22	0
0	204
12	204
158	1423
6	1318
6	934
265	2056
0	1917
0	1892
0	210
0	0
0	2455
734	2455
0	12
0	636
0	470
0	6
0	33
26	33
4107	8
0	0
0	2
2321	1352
0	1352
4	0
0	0
0	785
231	1363
0	587
23	538
150	38
91	0
241	418
0	175
22	279
0	288
0	266
0	279
0	68
0	33
0	15
2	227
0	63
0	227
25	0
165	0
515	2
0	0
0	0
297	81
0	81
632	0
255	3976
0	3980
0	3625
0	415
7375	1925
0	1669
1	447
284	760
65	760
3039	109
0	109
0	0
0	0
0	0
1	0
0	0
14	7
0	3
1	3
3	415
5728	1480
6	1477
472	2491
61	889
41	3477
0	0
0	0
55	95
0	95
0	322
0	48
6	197
0	213
162	175
335	575
1383	926
0	5
19	25
0	2
0	20
0	0
0	6
202	2943
35	4732
60	2423
0	4934
1	1
909	2038
140	2037
28	24
1	71
0	3758
25	3758
710	0
117	17
0	0
448	99
0	99
0	51
0	2
3	13
0	13
0	0
0	0
0	0
0	119
48	203
133	2260
3	508
8	340
0	313
24	2129
0	0
458	1812
1797	11823
72662	11868
146	1941
0	1483
0	0
0	0
0	0
8	337
0	94
870	0
0	85
1219	419
9	322
3	324
0	0
16	7
3767	2
0	0
27	0
27	236
542	441
63	439
67	12
482	51
67	2314
0	2314
29	36
0	37
0	151
216	151
0	69
0	69
0	60
8	72
0	0
5	2
0	2
336	157
0	157
2	0
148	1161
4	1094
52	1175
41	380
346	383
0	0
29	195
3	1763
15	74
0	2183
0	2183
0	1740
0	1847
4189	1883
0	2005
0	1972
0	561
5	0
4	0
57	12
0	12
1044	561
0	0
0	0
86	0
0	0
0	0
0	0
176	189
0	28
0	0
12	0
1732	3037
0	3037
2651	0
4	3
2933	1
0	450
0	458
0	82
5	36
0	69
6	159
0	70
164	301
0	244
0	386
0	288
538	371
586	566
0	0
0	0
0	0
0	0
32	198
0	88
2661	0
9	0
0	0
5	0
0	0
0	776
0	288
330	776
1669	1
0	0
247	3
289	1
0	0
82	380
209	380
0	282
62	282
13336	8
161	132
0	24
0	132
0	75
73	8074
0	1596
7	2540
52	7228
153	0
0	0
0	4
0	4
1	0
89	0
136	253
4	1063
390	6239
23	6241
0	12
654	0
14	9
0	171
661	177
99	0
47	4606
0	647
32	5171
77	3196
72	8917
5339	584
0	584
6	53
0	0
0	52
0	49
0	53
85	455
16	22
0	445
189	0
8	41
0	41
0	25
187	275
0	253
351	0
818	4786
0	4786
237	55
0	54
0	13
0	0
0	0
2525	916
27	916
0	0
0	149
1	423
0	87
0	179
0	423
39	407
489	0
785	373
104	373
5	11228
0	10069
0	7481
2312	3
209	151
0	141
4	56
0	14
18	63
6	11
157	264
0	264
0	770
328	949
0	877
0	0
264	3392
0	5067
0	2532
18	3368
686	0
19	0
0	0
0	2
0	0
0	437
0	7
534	3
0	376
0	12
0	102
26	790
0	116
48	664
26	237
0	243
2262	0
2013	19
0	19
0	0
691	2977
0	338
511	2977
0	129
0	31
348	200
0	183
495	0
0	35
0	5
1086	0
116	0
0	165
377	313
4	37
1	278
167	0
267	986
0	2
0	986
13580	6213
181	99
0	99
232	0
0	39
5	39
7	217
0	22
0	860
68	1077
0	24
0	19
0	19
0	24
0	24
0	0
17	0
0	0
875	1249
0	738
351	276
0	0
6	0
0	65
0	12
22	71
0	3
41	3
133	1607
0	576
0	1600
0	288
661	2733
0	625
8	2627
148	0
4054	3
53	187
0	2766
6	996
0	39
0	2746
3	2549
262	0
12667	3064
0	3047
172	0
0	0
0	0
125	144
0	54
0	123
0	12
0	0
28	0
326	0
12	0
133	2805
10	2805
0	15
277	282
163	0
0	0
26	47
881	1068
117	1115
63	0
22	0
0	787
145	787
0	13
1385	12275
26	211
1	12241
20	11856
1	11997
44	155
7	155
0	0
323	12
0	12
0	24
0	14
0	68
0	37
0	431
0	440
0	0
14	0
10	32
0	32
3	0
6	45
285	51
5	43
0	43
0	27
96	27
1310	0
2	0
0	0
0	0
0	3481
109	3747
1	78
0	116
2	116
19	116
16	403
8	292
0	77
0	296
0	12
55	12
14	216
0	217
412	0
0	0
27	109
36	109
0	2
38	0
204	0
61	14
0	73
0	193
2142	925
3	4
0	0
0	0
160	0
0	0
0	0
22	255
33	302
896	1253
16327	1266
8	16
0	0
0	21
0	133
0	103
0	5
101	147
365	735
0	735
0	759
10	759
0	3518
20	592
0	416
0	416
0	3597
2488	4869
22	4869
1759	736
692	736
0	0
0	0
0	2
0	2
4	2
0	2
323	0
430	1
0	36
4	36
1489	0
11256	8
0	11
0	11
5621	1
4262	2
0	8
0	37
0	37
14	822
0	634
0	660
0	32
0	128
0	0
2	0
1105	0
0	0
0	0
3	106
0	63
87	100
0	0
1	0
101	0
2845	4295
0	674
5	411
1595	0
481	0
5	25
7	2
0	34
15	312
0	71
0	275
127	1557
0	1557
45	7
0	7
0	0
0	0
5	27
0	22
0	22
0	22
131	0
36	94
3	83
2	95
257	0
294	48
133	173
24	173
6	0
0	0
113	864
0	1328
0	1030
0	241
521	1735
72	1442
537	0
285	288
0	160
507	0
0	7
0	0
1	1837
0	1837
6	1841
0	1830
0	1836
0	1837
384	238
0	225
0	238
0	5
0	81
0	8
0	81
6	8
2355	1
0	4
2	4
0	2713
15358	2719
1	4
0	4
0	4
0	18
463	190
10	172
0	9
139	9
0	0
0	52
10	55
0	8
0	0
0	297
0	109
0	118
6	210
0	0
41	0
44	330
0	330
450	1
22	369
79	369
116	47
13043	2874
0	2871
0	49
322	49
0	8
4	19
9	261
0	229
2	251
18	19
0	19
0	0
0	0
0	0
0	0
0	0
0	0
453	0
53	141
0	0
2	212
1	34
0	8
0	66
0	8
0	68
0	0
0	0
108	0
53	24
0	24
741	3827
71	3827
21	0
72	21
824	0
176	757
19	712
26	756
1619	0
2	0
3343	471
0	277
115	1399
2	1399
4	0
4	518
0	299
57	518
51	0
2604	0
7	0
46	11
5	11
0	466
67	3238
42	3238
0	156
8	639
0	639
27	661
0	343
0	152
859	702
115	48
0	48
8	5
0	248
0	205
0	260
0	0
0	0
1901	2306
0	352
208	1658
0	1658
6	1517
4431	1072
72	1139
0	83
0	83
9	77
0	132
1568	723
0	139
97	359
0	132
0	1015
5	27
19	29
2	34
3	3
0	3
48	8
16	8
722	1
0	36
34	71
6	71
2	36
18	12
0	3
0	0
0	0
4	0
4	0
25	0
23	285
0	285
0	270
95	4
1229	2034
0	2032
0	2049
487	0
2235	0
78	0
7	0
0	12
84	12
851	0
0	1
0	0
0	1
0	1
171	0
284	763
28	763
0	407
0	407
30	65
0	65
0	0
1	2786
15	734
11	622
26	390
188	4192
0	2777
3519	0
589	12
0	11
39	36
2836	1699
114	387
0	1720
0	8
3	8
0	52
487	52
6	0
161	254
211	0
2	2
0	2
0	0
0	0
0	0
0	5
8	5
10	4
0	4
0	38
0	172
422	341
0	128
0	271
6640	0
120	1204
0	869
17	1241
41	1
0	98
0	74
0	0
0	18
3	0
7	0
0	20
8	20
0	16
24	876
1374	853
1205	1885
7	1885
0	1217
420	1126
0	903
0	0
0	0
44	93
0	528
150	315
0	93
126	843
0	14
0	12
311	505
1	30
0	27
61	1080
0	1093
1678	0
79	0
0	42
29	267
0	124
0	164
0	240
0	144
530	1397
0	1397
142	242
0	242
381	941
1375	1
327	0
0	0
0	0
5	0
0	724
1	194
0	612
0	56
0	498
65	3262
0	2938
0	3177
0	3139
83	14
0	14
380	991
0	991
2875	1
60	0
67	1568
0	100
0	1500
78	1436
1373	0
1273	0
13	64
0	64
19	103
0	37
0	40
2	2
0	2
0	2
156	293
0	276
0	0
7	179
8373	6
0	0
0	0
0	0
0	0
2	54
0	92
0	92
659	655
12	655
0	0
0	203
2	56
55	66
1	254
3872	295
46	226
5	256
0	0
0	334
53	4992
0	4732
815	1760
45	1760
0	1003
0	307
0	1003
7	37
6	37
0	3
884	267
0	264
126	0
5679	2
5115	2
15	0
0	0
0	0
0	0
0	0
396	106
85	0
1438	154
0	93
149	93
66	699
538	699
0	0
24	52
0	52
0	0
0	0
200	450
0	450
16	860
19	811
0	284
0	18
5	2
0	2
0	5
0	16
424	9929
0	8972
289	5335
9	5175
0	3476
0	5341
3644	0
188	0
0	0
7	6
48	6
220	0
0	0
0	0
7	63
18	63
10587	6
486	2631
31	2632
0	0
0	0
192	0
15	0
2	0
78	196
0	196
0	0
142	162
580	165
28	0
4	0
0	0
0	0
8	0
3	711
0	586
0	293
330	814
0	802
132	744
28	0
1219	1
997	0
0	5
0	5
1075	0
0	176
32	1673
42	1673
19	56
0	2
0	54
0	6
0	0
1	6
0	211
15	211
0	0
0	0
0	5
12	5
26	2
0	2
0	1
0	1
0	665
173	760
0	478
1796	1
2095	1746
0	1746
2024	231
40	224
178	0
10	12272
43247	30904
0	21301
0	0
0	0
1121	0
0	32
1	31
2243	1621
61	1621
3560	918
0	917
0	0
200	0
483	0
2	14
0	10
33	203
656	881
0	812
0	812
0	941
0	41
4705	3397
6759	3421
222	0
755	1466
24	547
0	1464
0	150
22	617
1	227
0	253
9	588
0	230
0	421
1336	2917
0	2605
0	2758
0	1741
0	2423
28	2775
8104	13
3	24
1158	0
0	6
469	0
143	147
0	35
0	112
67	2787
0	398
39	4296
0	4244
1050	0
0	1
125	1
1909	513
0	513
271	5971
1055	5974
2836	3
199	0
3082	2
0	265
0	231
0	231
6	407
23	467
0	98
2	460
44	462
206	8047
7552	8052
3800	1479
0	1009
2	416
2	0
30	1
0	1
4	35
0	0
0	0
8	0
0	19
0	19
0	0
2884	2981
0	2376
0	1875
0	1500
3255	617
0	326
0	289
0	72
0	31
0	31
0	72
0	5
20	345
45	105
0	8
34	240
0	176
6	274
51	324
0	324
131	0
45	747
29	747
9328	3
4	9
0	10
0	47
39	64
0	0
1159	2228
0	2223
0	2226
927	0
2781	1
61	0
85	157
0	57
0	155
0	10
7	1
0	298
0	44
119	523
21	436
6364	10
0	59
183	292
7197	1303
0	15
1	523
0	573
0	423
0	148
0	48
803	904
0	740
0	0
606	439
213	557
12	126
0	680
3225	0
0	4
1	4
5303	1945
0	1247
0	323
1	149
3	552
112	92
0	0
0	0
0	0
746	0
107	516
0	475
0	239
0	93
0	85
0	40
0	2
0	27
0	39
4	39
0	36
8	0
2576	1929
87	1928
0	2883
0	2883
0	2881
739	2888
0	0
0	0
0	0
0	0
12	2
0	0
0	0
100	30
0	30
89	428
0	428
2	2033
0	935
5	2117
0	15
0	0
0	15
2	31
0	31
0	0
0	98
0	94
0	98
0	98
0	37
43	37
714	438
140	137
0	137
634	3
0	925
0	714
200	925
25	800
0	2
0	0
0	2
52	104
0	291
0	242
2	167
170	542
56	1226
17	89
2439	1230
2109	403
0	388
0	13
257	0
0	354
68	354
0	10
5	10
21	64
2199	0
0	0
238	0
441	0
194	1260
12	417
1	282
37	931
0	943
0	0
0	0
1706	589
0	958
777	1399
258	655
0	655
1793	4
0	0
0	0
0	0
385	0
10	83
41	84
2560	90
0	83
0	11
0	541
0	0
15	571
0	38
0	5
0	5
5	55
0	0
0	55
1854	738
0	738
265	201
47	201
0	0
0	0
0	0
13	0
0	0
0	0
0	0
0	0
105	0
0	0
0	9
0	13
0	0
8	14
1200	2122
2	1517
525	1
0	0
0	0
4252	2
0	13
1797	237
16	0
6279	4
0	2
0	7
0	7
0	7
2	0
5	0
64	0
0	52
293	359
0	356
9	0
3607	2568
0	1711
341	2271
0	128
28	130
2	147
0	83
0	196
0	769
13	52
97	769
31	87
0	0
0	87
70	66
0	66
1	317
0	309
0	0
2168	0
178	0
0	393
1	384
0	32
2961	1
0	0
0	0
15	56
5	0
1	8
0	8
2	0
0	1072
469	1111
0	1047
28	369
0	369
825	1457
113	503
518	1142
5596	3872
0	3868
1216	3702
1	3035
0	0
7	90
0	13
0	56
0	23
0	32
0	44
0	26
0	21
0	60
0	2705
134	2705
180	959
16	554
0	43
175	1129
29	530
193	530
0	0
0	0
0	0
167	0
0	0
0	0
428	0
3	447
57	447
0	29
2502	1690
0	221
6	1691
0	0
0	0
314	0
8319	4
0	21
682	0
126	0
547	0
187	163
5	4
0	159
295	16817
0	2526
0	2568
26	16086
942	16378
0	10565
0	10263
3	11080
5	11382
0	67
0	112
0	634
55	541
2	585
0	0
0	0
130	232
58	38
0	219
6	1017
3664	1017
196	1344
600	1344
1227	0
1	19
25	41
0	19
955	41
1	841
0	203
0	841
0	0
0	600
277	600
0	0
7	79
0	79
0	0
0	0
0	0
313	794
0	794
370	0
581	72
1282	1
1	235
0	14
0	20
49	229
130	267
21	271
465	667
0	667
0	12
0	65
0	21
0	218
0	69
14	254
7	223
8	313
0	331
0	331
0	0
0	0
0	0
0	0
0	5
2133	5
661	0
0	0
311	76
1260	0
0	0
0	0
0	0
32	1213
0	0
9	1213
117	195
0	155
0	24
0	110
0	16
0	170
12	298
0	239
0	202
0	261
5856	8
906	633
0	633
0	0
8	4
0	14
0	7
0	4
7	21
5	0
0	0
0	0
236	302
0	302
285	1
0	617
15	623
0	651
0	628
341	662
486	1444
0	11
0	10
10	1468
0	64
0	0
0	301
0	46
0	24
0	41
0	286
31	0
3587	3
17	0
7	0
2	265
0	265
0	210
0	141
0	33
0	651
1	536
4466	2
0	761
0	778
0	574
0	778
29	535
5	527
0	400
77	575
0	81
6	0
0	575
1373	0
0	0
31	2142
397	2142
561	13
0	13
14	4
0	4
0	0
70	0
347	1275
3	981
0	1128
186	0
78	761
0	612
0	227
0	385
0	262
409	294
0	211
20	211
98	205
0	205
0	2
0	2
8	17
0	943
230	943
0	103
0	651
1261	0
0	91
11	14
26	91
2192	0
4778	2
0	163
0	24
0	18
0	163
11	150
0	161
7	219
1	219
0	17
0	14
68	17
2670	0
4	137
20	137
34	0
787	1208
0	1207
0	0
0	0
140	0
0	0
0	0
54	635
5	67
0	124
0	22
11	636
0	635
222	88
6	109
0	64
22	1
0	1
0	0
2447	6
472	2360
3506	2361
0	2024
397	0
0	0
0	0
0	0
21	0
171	781
456	781
0	6
11	6
329	850
72	850
0	89
0	116
325	116
742	494
240	0
0	0
0	0
2	3
0	11
150	14
16	283
0	0
526	283
36	49
0	13
0	36
636	216
0	216
490	233
0	171
0	61
270	1
298	41
0	41
3512	3
42	124
0	35
0	34
335	0
5	670
0	479
27	241
0	474
347	633
0	633
184	200
37	200
2	29
0	79
3	333
0	86
0	2021
0	1931
0	0
196	0
0	7
4	7
263	481
6	1
0	481
28	481
242	0
200	150
0	150
2	177
0	911
0	911
0	0
64	0
0	0
0	0
578	1
21	840
0	666
0	610
0	0
0	0
0	25
1	25
26	4
0	4
0	0
306	0
1201	2171
0	0
0	0
58	0
0	10
239	10
0	32
76	167
1861	1685
0	1320
8	350
17	335
0	1271
103	1547
248	0
8	0
0	0
632	0
84	9
0	9
0	7
32	7
0	7
63	0
16	8
7	252
2177	255
0	5
0	5
475	0
625	4308
0	4308
0	0
92	208
0	208
1132	595
58	586
1976	0
0	21
147	21
397	691
0	207
4	376
0	522
2	0
0	0
12	696
0	696
0	0
0	4
0	4
729	417
0	415
0	415
0	0
338	250
6	250
0	35
1323	398
36	429
0	429
467	326
0	326
0	23
0	133
0	133
0	61
1460	6409
312	1342
73	71
0	0
0	5
0	0
21	1674
17	1674
76	302
141	13
0	26
1	270
0	288
0	148
0	2
0	0
0	586
0	605
4	1776
0	2326
0	2013
47	2283
0	0
0	0
1	14
0	14
17	4
0	4
59	116
0	116
3	1
242	0
0	0
1	34
0	34
0	0
1064	1899
630	1899
0	1899
0	0
0	3
0	3
0	0
0	0
632	6928
0	7078
0	6971
0	7232
569	407
0	403
6	5
0	241
0	241
0	185
0	2
0	2
0	0
19	0
0	113
0	106
0	100
0	73
0	92
40	282
2	110
46	282
0	14675
25886	14704
0	128
47	700
7	700
1364	0
507	0
4645	0
124	15
0	7
65397	11064
599	1
0	0
0	1446
0	1436
0	23
0	0
0	751
0	711
0	694
0	763
0	773
352	564
0	564
2303	3
554	439
472	442
167	0
845	3
376	43
0	43
408	463
0	460
0	53
109	53
170	222
135	243
0	0
0	8734
210	8734
179	8504
2533	1267
5	190
0	1267
237	14
22	0
4168	2263
19223	4
46	2423
518	2423
3	63
3	1007
649	1348
14860	4700
0	54
24	4785
22	12
0	12
456	342
0	309
4	248
3	187
0	0
0	0
0	0
21	0
83	0
0	85
0	57
17	383
7	153
15	362
0	65
2	58
0	60
2	452
13	447
2	311
1345	312
5	10
0	6
0	10
1401	2924
26	0
0	0
0	0
0	183
0	15
0	91
0	0
0	0
148	2892
0	1306
192	3228
0	0
0	0
280518	53573
7191	5
0	0
7	0
0	0
1162	1
7	0
2	4
1	4102
40680	4115
0	42
167	42
0	0
0	1903
271	1903
0	0
0	0
1062	212
0	212
37	0
175	0
44	34
1	42
24	11
0	2
0	2
1874	0
0	2
0	0
2744	682
2055	0
179	72
4680	3
0	2143
1576	2143
0	0
0	595
0	902
150	1368
20	0
10	5
0	2
0	5
0	4
0	4
151	489
0	0
0	0
0	0
0	784
130	1175
83	1175
0	267
0	526
745	766
15	3087
0	143
0	2997
19	374
72	2998
0	2
0	0
0	0
0	0
52	2947
17	2947
568	273
0	268
46	157
3	11
0	11
3	11
0	0
698	1107
0	173
6	78
125	78
43010	22
1462	76
2	31
0	45
0	15
0	11
0	30
0	15
148	30
618	10084
58	10157
0	10157
0	0
0	0
1071	1
0	38
194	38
0	0
0	0
0	4565
64	4520
54	4515
0	2966
2	4608
1	4563
12362	6716
0	6705
88	162
1	0
3	5
0	385
5	385
1943	3227
0	3225
0	47
17	132
0	2
0	2
0	2
1027	0
0	5
2	0
0	5
0	0
0	0
0	0
0	0
350	177
0	177
0	101
8435	81
20	73
0	0
919	1
0	9
39	9
0	9
0	119
71	119
1088	0
0	0
0	282
21	2422
0	2422
5	41
149	0
7	23
8534	722
0	718
0	714
63	718
0	313
60	720
758	1484
0	840
2	904
214	1
0	0
1164	1
8	3
33	60
7	60
709	0
591	2605
18	2605
0	1270
2839	0
104	139
33	243
477	243
1299	0
0	0
0	0
7	65
14	65
368	1224
627	1224
10	2355
3977	5033
2	2737
0	565
362	0
12	25
0	21
5	54
0	20
0	27
0	27
0	20
0	27
0	0
0	3
2493	248
0	158
0	33
0	54
90	33
0	33
23	0
0	0
36	60
0	60
148	830
0	1205
7	1172
8930	8
932	0
5910	3679
19	0
97	4
4	1
21	245
1416	0
0	346
218	346
3269	3
0	0
0	0
742	1
26408	13
364	1763
0	1763
7	1642
642	899
0	224
0	2
1	2
7	2072
110	2072
0	10
0	10
23030	21
4	962
0	365
0	107
5	910
17	914
0	914
3502	2464
229	2463
753	1
0	4
0	9
24	9
0	756
1187	756
0	1
0	0
941	488
1910	1422
0	1391
53	1380
0	0
0	0
156	608
0	608
0	0
0	0
1	0
0	0
3729	46
0	44
0	10
0	10
211	2047
0	1983
27	1878
4	0
0	0
0	0
0	0
0	0
10	472
0	116
265	0
352	1054
73	0
300	273
62	6
0	6
0	1
1525	1
2184	1019
0	1019
152	251
0	251
18	0
0	0
0	0
589	191
0	191
0	0
16	0
0	0
2	10740
2	13230
33	13279
0	13753
2	4369
4576	18963
19	9
0	9
70	1152
9	1152
0	0
0	0
4	0
0	0
44	0
41	311
47	311
9	66
77	83
2287	2
14	4039
0	1682
410	3827
7	66
0	2
0	66
2990	676
1231	676
0	0
161	3090
0	743
0	3090
912	321
0	321
974	0
419	0
290	404
167	142
22	416
10	424
0	17
924	1171
1186	1179
539	289
0	289
1	599
1891	599
2364	186
1143	187
1633	0
1289	4
27	131
0	36
0	39
0	36
0	41
218	206
4	4
0	0
0	0
19	4
5380	2
0	4
0	0
0	0
0	0
51	12
0	8
0	8
470	151
672	1
5	3
0	0
19	3
6	0
0	4
0	0
0	2
40	2
0	1
0	1
22	0
2676	0
0	18
0	18
0	4
166	267
2	66
0	2
0	2
28	200
0	203
8	204
0	0
0	0
0	0
0	362
33	400
1152	0
598	1198
0	1198
0	0
0	0
0	0
15	148
24	148
6	21
0	21
2200	0
314	0
0	1162
0	93
13	1188
0	0
34	0
4	0
0	0
41	4
0	81
0	50
496	81
18	778
2230	782
0	0
7	11
0	657
140	608
95	503
0	0
0	129
0	129
123	0
0	12
4	21
8	0
1569	727
19	725
21	21
0	0
167	0
0	24
0	1297
0	160
6	3
14	116
13	1353
0	1271
0	1334
0	1357
0	231
7	636
547	5148
14	5148
0	0
0	3
0	0
9	899
622	899
3150	913
1199	4
11	10
0	0
422	0
67	481
0	26
0	15
0	4
0	0
0	15
96	0
4137	2343
8	2343
30	0
0	0
0	0
41	0
0	351
0	356
968	428
5	342
388	201
554	160
8	160
10	0
22	222
0	721
0	648
757	1328
0	0
24	6
0	6
0	0
0	0
0	0
9404	9
26	695
8	11
143	695
0	29
586	1610
31	113
2	1619
516	20
210	20
74	196
2	84
0	112
0	47
0	112
0	1504
3234	1507
267	0
232	12
0	12
0	4
197	0
11	0
5	0
385	0
31	0
24	40
0	40
1528	3
44	5
1317	1
0	8580
0	14455
0	11406
194	16822
0	8298
0	0
0	0
0	0
294	81
10698	8
0	17
0	17
15022	15
17	22
0	22
4	18
0	13
24	11
1165	3426
10	3426
70	0
254	1804
39	429
56	1804
22	20
0	279
0	22
5166	280
1500	0
0	0
109	54
0	54
0	54
2	3950
2	3768
54	3827
0	3936
3	27
110	27
0	14
27	172
0	227
75	0
0	0
993	131
0	6381
2092	6512
0	0
82	581
6	101
70	579
5	19
378	9963
1	6211
57	6189
0	10063
0	616
11	623
0	623
351	531
0	174
568	0
2584	2
39	217
3	2
120	0
932	57
5	57
12	79
0	266
0	285
0	110
231	110
0	5
30	55
0	55
2862	1850
0	1086
11	1156
0	1040
366	0
0	0
3	87
184	87
16	0
0	0
0	0
1742	202
1989	1
39	20
247	3136
0	71
0	710
0	2582
30	2775
141	1200
15	796
0	187
0	368
0	2723
5	0
0	4
0	4
0	4
0	4
594	0
76	446
0	225
0	2100
25	2100
12	4706
25	5264
9	202
44	202
3486	676
0	674
11	0
38	25
0	3
0	3
0	3
108	438
0	438
1549	0
0	0
0	0
0	0
144	98
0	98
16	58
120	58
41961	24
43	594
0	594
1139	255
0	255
0	54
201	128
0	98
1085	2
0	0
1	1
1011	12
0	12
393	919
52	920
504	0
8	30
10	30
238	93
0	93
23	236
0	0
0	0
0	0
0	0
285	715
0	715
0	13
0	0
101	94
0	94
1	0
8	0
48	41
0	43
22	24
7486	6
0	328
0	5
0	78
20	21
0	103
0	44
76	44
282	0
0	0
0	0
0	0
0	0
0	180
0	164
229	153
0	6932
0	6520
12609	6934
31	1329
263	1329
409	0
56	36
0	34
0	26
0	1
37	1118
0	1115
26	130
0	78
0	71
0	0
0	4
3856	5
2903	911
134	911
0	0
0	54
0	0
108	54
204	365
0	163
0	96
4	428
0	364
0	0
0	0
0	1
326	1
77	72
24	72
0	72
33	124
11	19
37	14114
435	14114
0	0
2386	1
0	5366
0	2532
2	1952
0	3540
0	4726
4	5449
5370	1781
0	1780
1025	40
0	39
0	6
67	0
3526	1851
72	1850
0	1054
0	250
14858	1927
279	71
0	71
825	2156
0	231
32	196
0	193
19	2156
7	6
0	6
0	7
3	7
0	7
727	385
0	384
1285	0
3596	1086
0	393
382	1086
0	0
8	2039
0	18
1560	2038
8	0
487	0
37	8
11	58
4	24
1111	280
0	664
0	480
0	133
292	133
0	0
0	0
1483	0
345	3
0	0
0	0
3	0
133	4934
24	4934
42	0
4149	2333
5000	5770
0	5770
0	776
139	5652
4	295
75	5652
128	576
4	576
1412	0
66	1010
17	1010
27	0
0	92
4	92
201	162
239	214
0	214
0	74
0	233
250	233
1638	0
6	0
206	1
157	1879
0	1879
0	844
20	844
61	0
37	113
0	0
0	62
0	103
0	1951
0	811
0	356
0	2393
1	1269
2	2606
6	211
12	211
110	4
0	4
53	18
400	18
246	0
104	73
302	0
0	0
0	0
0	0
0	2
183	2984
0	360
0	2874
1521	1738
127	1737
226	0
307	0
0	79
10	79
0	10
341	2104
5	2104
1221	3
68	4481
3897	4526
141	224
1109	0
1464	582
8	21
45	574
1122	0
609	0
0	0
0	0
0	11
0	11
0	0
0	171
1043	5389
1549	5326
0	63
0	0
0	0
0	12
1	12
17	0
423	619
574	156
0	155
2	40
0	18
0	12
0	17
0	14
0	14
0	18
0	14
0	18
27	0
85	37
1	14
101	282
0	156
5	120
0	538
0	422
75	544
0	8
0	0
0	0
386	0
0	0
0	8
8	598
0	69
43	590
12	0
36	0
48	634
6314	192
0	190
0	0
97	4
0	4
823	1058
0	368
0	1058
0	136
0	136
0	116
74	309
0	136
193	309
529	0
0	1
0	2
0	2
260	0
168	0
0	0
329	0
8168	3385
0	3379
363	0
352	83
0	83
1	0
919	1
41	279
0	264
0	255
0	275
0	120
27	103
2103	1304
0	1076
610	0
188	2573
0	1490
2970	3351
14500	5
9	65
0	53
0	65
0	65
646	7085
568	769
1	769
0	0
0	7
56	7
23	0
0	427
401	673
0	130
9	301
0	154
0	0
19	13
13	43
3	4
1518	1128
1026	2
3358	2
2218	197
0	197
33	332
0	6
32	245
3493	605
0	444
45	640
4	103
0	103
0	37
0	6
0	25
971	3371
0	85
0	3346
38	3368
60	86608
3014	86599
3134	86612
2765	86575
0	0
115	17
300	17
2610	859
0	859
0	66
8	74
533	78
4657	2
0	0
0	0
69	0
230	0
318	0
169	209
660	210
0	2166
0	2170
327	11
3	312
0	2218
0	2222
7796	4
47	0
442	0
0	0
0	1
0	0
0	1
0	0
40	2
942	0
190	118
0	2
0	2
1971	1
559	476
0	250
0	232
212	0
3758	511
25	511
0	25
11100	5138
4	5135
4	2
60	4204
29	4204
18946	11
274	667
0	0
143	667
0	116
135	117
0	47
181	2090
544	2090
384	45
0	45
42	207
69	860
0	162
0	81
0	6
0	180
0	0
28	16
13	0
0	26
0	107
117	107
5770	7623
0	6985
4	703
0	7163
2	7334
0	12
0	0
0	0
1896	1371
1067	0
6	106
0	112
6	853
58	18964
27343	18972
0	806
0	436
0	401
0	403
0	403
35	0
756	2466
17	2485
0	1055
48	2961
0	544
50	19
0	4
0	4
43	768
645	706
0	706
216	813
0	812
8	152
3	152
0	28
24	0
11441	4648
0	54
3	9
2223	0
99	828
0	828
11	494
23	10
2	28
0	0
0	28
0	35
0	141
0	29
8	341
122	458
5	0
13	112
509	112
1321	925
0	70
64	907
0	139
83	62
7	37
0	49
0	5
1075	0
14	242
0	242
458	2780
0	2780
89	131
0	128
0	128
85	1173
0	9
6	268
0	268
0	0
0	0
0	0
0	0
15	1
0	1
42	3028
1439	3028
0	2766
201	1786
66	394
1926	1642
84	403
0	1478
182	2323
0	2323
0	0
0	0
514	0
0	0
0	3
0	3
481	1459
0	53
60	1535
0	321
76	329
0	131
0	210
0	13
10625	6
5	87
0	87
0	401
0	423
0	383
0	98
1231	522
0	500
0	272
0	328
0	216
0	328
8	0
0	321
18	321
180	0
2679	1
41	478
75	513
71	513
7135	0
1912	5
0	4
0	0
3	833
1741	986
7	2
0	1348
0	314
625	1662
76	0
847	38
245	0
0	0
0	0
134	0
0	251
0	159
580	221
157	343
0	343
0	98
0	6397
2604	6399
61	91
0	91
0	85
0	0
28	0
20	0
0	15
13	15
11	325
1224	325
11	278
0	278
2	0
6	37
0	37
41	0
2528	0
0	448
403	448
1849	496
0	0
5	123
53	123
0	292
0	213
362	860
0	334
0	0
0	0
0	9
3	58
2	1256
4855	9694
0	3272
0	9334
7897	5
137	77
41	0
7765	6
0	0
158	84
0	83
35	0
3660	1
1463	469
0	468
0	400
266	260
1809	261
0	678
0	417
0	681
0	691
30	242
14	129
0	97
0	83
5	195
0	148
28	215
0	0
179	0
23	367
0	1843
485	1842
17	0
0	3
0	8
6	1540
0	0
0	1524
0	243
102	1558
0	1543
1720	0
216	851
4378	2219
0	518
1950	518
40	1989
85	246
2649	1939
40	268
487	573
0	556
5024	6840
0	6837
17	16
0	16
503	188
0	25
0	163
0	395
49	360
850	155
177	0
0	39
5	39
0	0
0	0
87	321
46	321
14	516
8	515
0	0
9	0
0	0
9	4
0	4
22	0
378	0
0	0
0	0
0	0
160	1179
60	371
0	1571
0	101
57	2829
1	2829
0	0
0	0
440	0
3117	7563
9	3082
32	4502
28	232
0	15
1015	0
197	225
0	225
1	114
0	0
90	342
0	212
0	319
753	319
2	0
0	7
0	0
0	7
0	7
0	7
0	0
0	0
528	177
0	177
256	117
0	83
0	1092
56	2718
0	2718
462	3929
11	3929
1852	165
0	10
90	155
0	211
3875	212
3631	1
3114	25
0	24
0	5
0	2
0	23
1	23
1	82
5	94
0	107
192	131
4	0
2247	2
0	20
230	217
0	16
11	1
0	189
0	194
0	0
0	0
7	58
0	58
0	1211
121	1211
926	0
0	0
0	0
265	2159
0	19
328	195
0	94
5	2205
0	5
0	0
4649	2363
9	2351
3	2451
51	594
55	119
21	594
0	585
64	0
153	311
21	1040
2287	1648
3	608
2962	2477
4467	0
61	0
815	0
819	0
245	516
10	516
0	212
211	212
0	2
0	2
3959	3
0	0
0	0
111	568
0	855
0	853
2801	1589
20	1635
0	1635
88	2258
0	630
324	2888
561	497
3	0
640	0
4	0
134	20
0	20
0	0
25	0
100	76
133	29
0	19
44	19
533	0
339	0
11	0
33	299
16	299
0	0
10	8
0	0
0	8
0	0
0	165
1567	165
21	3123
298	3417
3	1123
5864	3189
13	0
330	0
6842	1296
43	929
4516	163
5	163
0	2
0	4
0	4
172	0
48	549
384	549
6	7458
0	76
0	121
0	7482
184	7637
67	7754
11	7866
0	7753
0	2
0	0
2	0
0	0
0	0
38	119
4	80
1269	147
0	44
3485	45
2630	0
6	2
343	0
2	0
0	0
2	9
0	9
0	542
53	542
14	3744
3158	3744
1017	4
91	0
6	0
0	0
0	6
0	6
0	6
0	6
7	11
30	11
2190	423
0	421
0	0
0	101
8	101
86	0
8	12275
40	10570
27	7765
61	13960
116	16992
2570	17574
0	747
478	747
0	20
0	152
677	172
327	156
0	156
0	136
591	710
0	30
0	0
0	133
0	714
24	644
0	315
2007	1142
0	1140
896	0
102	33
0	1000
2	1165
26	1209
0	1
1505	321
0	45
0	275
0	0
0	0
0	0
99	1
44	231
2	27
3	0
0	8
0	10
0	10
0	10
65	692
9	692
352	387
21	387
0	0
161	338
0	80
0	309
21379	10
0	37
0	120
0	113
11	127
0	55
5	77
0	388
0	158
0	357
0	1981
175	4156
0	4252
0	1275
8	294
717	3594
520	69
0	3
11	66
3	0
376	0
0	58
9	119
0	119
5	562
19	562
0	0
1219	139
14	139
40	0
0	1
0	1
41	2409
4	2409
1357	2
0	2
0	3
1	3
60	0
3560	14
628	198
0	198
396	0
0	0
4676	2403
0	22
0	62
376	24
666	2399
0	0
60	82
0	59
0	60
739	0
0	977
34	1485
0	1092
0	501
14	140
486	273
0	194
9235	4021
0	4009
0	35
180	35
46	299
0	299
0	812
0	830
0	830
93	175
331	175
459	1334
1579	0
111	252
77	252
0	0
0	0
0	0
0	0
0	37
5	37
0	37
2566	0
59	1680
13	1359
36	5
0	5
1	1
227	269
39	92
1	269
2	0
0	2
0	0
291	108
0	108
1884	0
379	298
16	2
0	2
6	174
13	174
321	259
1009	57
0	84
0	58
0	66
0	88
20	9
9	9
0	171
0	195
0	18
0	268
13	912
5	1
0	1074
7	1069
0	290
1424	0
449	406
0	406
0	0
0	0
0	0
4	5
0	5
0	0
0	0
109	0
0	309
138	309
82	5380
0	108
3	287
0	5366
0	3384
0	0
0	0
0	20
0	0
0	0
67	0
506	1303
144	1248
0	55
5098	1793
0	1299
0	1315
0	1150
0	1645
549	0
4	857
0	492
0	384
93	921
0	774
5	0
0	1668
0	210
0	25
207	1859
937	669
335	663
0	667
21	0
0	0
256	3147
1133	3068
0	344
1	612
395	182
22	66
0	119
0	136
961	165
0	165
31	0
3	459
237	610
41	608
0	0
0	0
0	0
18	572
47	572
0	3
0	3
0	0
391	2409
3441	2429
69	2313
672	1280
0	1037
0	522
17	426
47	426
1606	717
0	391
5066	1
0	0
0	0
6	0
1209	544
0	544
153	1182
971	1150
0	690
141	1182
337	0
165	0
2	0
4812	667
2481	504
6	504
24	0
62	0
2	0
2	17
10	72
2413	74
0	0
0	0
0	0
38	99
0	24
0	99
8	20
162	0
311	0
1174	5143
19	4773
0	2
0	0
0	0
117	125
0	17
0	0
0	0
0	0
0	0
0	0
0	0
0	4925
0	2223
16977	4940
609	0
171	423
0	183
0	317
513	0
40	184
346	184
863	1304
0	0
0	0
353	3
404	1093
0	463
17	883
0	0
0	0
0	0
0	0
0	0
0	0
0	0
0	20
0	22
3	26
0	10
3	22
0	0
477	86
9280	810
0	801
0	1739
0	616
0	279
0	11
660	1455
59	161
10	367
38	6
0	322
217	1921
0	0
0	45
76	45
6	160
0	103
64	160
11	0
0	104
0	338
13	331
0	212
478	3
662	1
150	198
0	198
0	899
39	912
54	898
16792	927
8	16
634	16
22	40
0	40
2484	3100
0	3100
0	3023
21	0
18	0
0	0
23	499
7	499
2	12
0	12
4455	1811
0	1808
1	90
8	90
0	0
6	0
12	0
117	46
85	158
0	158
376	122
0	122
0	1205
0	1255
341	1335
18	44
18	44
0	0
1629	2155
2	17
0	2155
1460	3455
15	1683
0	2576
621	0
0	0
0	89
633	89
326	0
0	1
39	1
4	6
213	505
0	3
1479	584
177	583
0	0
0	0
0	37
123	65
0	20
5	11
0	0
389	820
58	820
0	179
0	561
103	599
0	0
52	810
766	810
627	851
0	851
104	0
1666	0
64	0
0	0
272	0
2495	0
61	549
0	549
0	0
1	0
0	501
2761	502
1060	3
8	0
48	115
23	65
0	65
23	76
0	76
0	275
3	240
0	0
0	239
0	44
0	44
1310	1331
84	10235
2188	16480
1380	15627
0	426
0	40
0	40
0	25
3	28
10	0
1514	1
55	0
0	983
59	813
12	983
17	2021
0	2570
10382	4597
1395	1886
1	258
0	1883
742	0
0	44
595	44
1046	1002
60	108
649	108
0	42
0	59
13	0
120	10
321	202
0	202
276	209
0	209
0	0
0	0
518	0
331	1379
0	564
52	564
22	0
475	46
0	15
1	5
0	5
462	549
27	188
232	545
107	1481
0	0
0	0
0	0
0	0
824	1
35	912
51	70
19	912
0	0
264	1363
0	463
425	0
2	517
6	2377
333	361
142	2231
0	7
0	0
0	7
47	390
0	205
0	389
174	5822
0	3904
4977	2228
4	1919
0	1731
0	2209
944	2209
96	559
206	559
3	523
1	631
0	3077
1	9954
1	9860
409	226
0	45
0	15
16	15
103	0
4314	1614
0	397
0	0
784	5307
14	5306
20	411
0	8088
1	320
0	8904
6	8858
0	37
0	0
16	53
0	72
15	107
0	107
9	155
0	61
0	0
251	178
0	3
0	17
112	22
3	100
66	100
0	237
0	354
0	354
1	352
46	411
0	411
9439	1217
56	0
0	55
168	855
117	845
230	408
36	408
23	7
109	4
0	17
0	153
0	2034
0	2213
0	2171
2112	0
2	41
19	57
0	27
0	0
0	0
0	108
0	108
4	886
0	738
19	1931
9	1878
85	6
0	6
40036	23
0	886
47	886
0	5699
152	6103
164	3291
511	3638
0	2550
0	530
20	1079
8	1167
0	328
93	357
4937	9
0	0
2	10501
2439	10597
6	10535
2	0
11	7745
7	9771
0	1
734	0
0	5
17	5
36	5
0	5
3	134
85	173
0	172
93	170
0	89
109	96
2	20516
0	7705
0	20273
0	10336
15	2408
92	21403
0	117
0	117
0	117
0	117
0	117
8221	3085
0	240
0	2659
0	2506
0	2544
55	2724
0	2559
0	2681
0	2657
0	26
5	26
5	3
0	780
0	995
14	942
6	108
0	1121
0	270
156	1320
171	1763
382	1763
39	28
0	28
669	163
0	14
0	0
7	162
0	205
909	1232
0	1175
0	1181
0	1137
0	0
441	0
287	0
0	803
96	1906
0	1607
0	207
334	1923
0	0
6	1309
6	1366
0	262
1963	263
26	126
0	126
87	584
120	584
0	26
202	26
0	1053
0	301
88	192
0	65
41	1071
14	724
0	794
3672	2
14	32
6	20
0	35
0	35
0	389
0	0
168	444
2	408
0	444
4618	1
7	0
0	0
207	0
7	24
10	178
0	178
15	983
0	25
0	392
0	1000
0	1000
68	339
143	339
235	4415
0	4415
139	0
10	859
0	347
0	103
0	679
243	0
0	84
0	1634
0	53
0	796
0	1664
0	1587
403	0
0	0
398	808
0	0
0	808
0	0
0	0
0	106
575	593
5	176
11	198
11	16
0	16
409	2
12	0
0	0
4	0
104	12
0	11
0	6
0	1059
0	2
0	2065
0	880
35	2337
0	462
0	36
618	127
94	132
559	1270
37	1270
333	0
274	0
0	37
0	0
0	5
0	146
2	151
7	11
0	5
0	100
0	100
170	2146
0	188
13	2093
5627	11
23	43
4	8
174	0
490	7481
0	3205
43	7025
0	7728
75	7511
0	409
50	10766
0	10899
1	2
34	277
1074	277
4	640
3	440
0	404
7	280
0	144
0	128
10	125
4	123
3	5
951	1207
232	713
6	266
0	438
25	303
8	204
0	58
3	23
0	37
0	50
76	593
2855	853
0	263
0	0
465	0
99	11
0	11
725	45
0	45
0	0
0	0
0	47
0	47
6	72
2	53
23	212
0	180
61	52
0	52
0	61
19	61
137	0
215	775
0	775
31	318
102	318
0	23
0	23
1391	167
18	165
0	74
11	1537
6	501
1005	1426
0	0
0	13
0	13
1478	1
0	0
1637	262
13	262
0	0
0	0
1015	0
0	0
0	0
40	129
176	129
25	5
0	0
3322	1682
66	2829
9	2241
628	0
89	252
0	593
26	1095
0	373
0	236
0	146
24	472
10	258
26	1735
0	949
0	970
0	0
0	0
0	0
9	0
0	0
0	44
0	1
0	1256
0	478
0	1942
24	5260
0	2814
0	4941
465	5282
0	4286
1	52
655	53
20	11942
0	13996
0	11224
0	11310
0	16602
61	19241
677	0
47	544
674	547
154	0
23	85
0	85
0	30
0	125
0	194
611	898
16	10
2	10
0	22
0	1
3	22
0	22
0	13
0	78
0	67
0	501
0	1072
65	1079
0	4
0	0
0	4
66	696
739	696
746	0
0	147
84	151
0	4
2779	0
2968	555
44	555
0	257
0	27
58	257
0	0
6	166
0	43
1230	167
149	639
15	1356
54	1303
41	0
34	32
0	32
20	0
26	0
40	0
0	0
1119	3494
0	3494
68	336
0	165
0	298
1680	0
0	0
0	5
0	32
78	0
0	0
11	0
135	2100
0	941
0	273
0	1855
628	9167
0	15433
0	14403
183	214
1299	217
0	17
120	36
0	24
0	27
0	0
0	0
0	0
0	0
16	0
6	0
0	0
1036	0
3977	3
183	0
55	282
0	282
0	282
0	277
514	211
1	0
0	0
0	245
166	130
12	49
76	2065
46	610
20	2181
0	17
576	17
32	775
0	733
0	724
0	410
0	641
0	586
2	14
0	462
2327	462
1578	3138
0	151
0	0
4397	222
27	222
0	0
0	0
561	293
0	0
576	142
0	142
377	0
20	1123
985	1123
155	0
4183	4
0	23
0	23
4	23
412	610
5	348
328	1
0	469
263	988
0	324
0	550
24	5
205	110
0	110
526	0
7	0
0	3
0	0
48	0
1051	4942
326	4795
0	4928
211	322
0	185
27	147
282	2065
0	2065
0	0
1910	0
3240	0
9	1163
0	642
0	1147
0	0
0	0
20	0
1307	1796
16	0
24	0
22654	13
27	0
5	473
30	1568
175	1544
1205	191
501	0
0	1042
38	1042
0	793
186	0
13	0
0	1015
328	2092
0	855
0	802
0	979
0	1065
9	1109
4	328
53	984
0	1063
0	1959
69	2362
12	2362
171	0
227	0
12	40
0	40
3	12
982	219
0	216
0	33
0	15
7	33
764	362
0	466
0	44
10	0
7	538
0	127
3	541
1	0
0	0
0	0
415	80
23	2095
13	1986
6	2164
0	1057
0	1027
3	1027
0	1024
0	345
89	673
50	406
0	12
37	2057
0	2333
0	2349
0	0
0	0
71	5
333	110
0	39
4	36
0	2
2	74
0	3
16	38
2	27
16	24
0	3
0	3
112	0
2537	1488
26	1488
0	0
806	0
0	0
44	580
0	1085
0	1089
0	10
10	1096
180	575
13	0
74	176
311	0
0	59
29	5482
2855	7416
5	21
0	15
0	25
0	7416
7958	11
4	2480
31	1414
0	1607
288	2207
0	0
84	0
43	868
0	208
0	668
75	892
0	871
68	219
47	219
824	1
505	399
0	67
8	345
899	0
126	279
52	129
3	11
15	264
1570	0
105	0
0	0
0	0
71	66
378	66
289	57
0	102
0	1639
295	1636
123	113
2	13
5	13
13	260
0	260
0	246
362	490
0	475
0	5
0	5
61	66
39	75
0	14
26	14
727	0
0	0
2	0
27	0
0	0
0	0
0	0
0	0
0	120
60	595
9	535
0	458
17	561
0	33
0	0
25	36
0	24
0	1
0	24
7	24
1710	418
0	122
0	384
0	1230
245	1428
0	131
9	1424
0	492
10	0
909	1
952	626
0	626
0	617
5	617
0	97
130	97
0	13
4	37
0	401
3831	1609
0	25
0	35
898	57
5	7044
16	128
121	18
66	232
74	2656
0	48
1542	2657
1349	4
0	0
0	0
48	3
12	48
0	10
0	48
1	30
883	0
42	1580
3	125
461	2430
970	2248
0	1013
18	3965
0	957
2	500
0	511
24	4130
0	3219
0	4029
0	0
1759	234
4329	5604
29	5604
928	784
0	784
21072	7
0	7264
6009	7271
2	0
1	28
476	28
1212	1848
0	1845
429	23
0	23
0	3722
0	3864
24	3469
2	3417
0	0
20	0
0	0
515	1
61	114
0	56
369	183
0	35
0	183
0	0
0	0
0	0
0	0
0	17
0	3042
0	3941
0	4049
0	4037
0	3988
6	3984
0	4021
2	3
0	3
0	0
41	0
39	81
0	81
120	0
0	872
16	73
0	67
1	408
8	871
0	861
0	408
0	877
1082	1267
184	1265
429	1290
68	233
39	233
0	390
1486	457
0	223
6	1
0	1
0	293
974	299
0	26
0	25
0	19
118	158
0	8
0	11
53	22
0	22
2674	0
0	0
0	0
0	5
17	28
52	192
33	79
0	179
13861	1139
0	765
153	161
0	188
0	163
0	182
0	0
0	0
0	0
0	1271
0	376
157	1361
0	1328
4933	190
208	190
4520	1367
0	854
304	511
128	2
20	129
5	62
26	65
18	1
983	3812
0	3750
126	421
0	433
12918	821
1759	3006
0	2302
6	944
0	0
0	0
0	0
0	0
0	0
4	0
139	171
0	171
0	4573
1307	4573
266	4
62	0
0	6
0	6
5690	362
0	360
0	43
50	246
572	1136
0	1141
3468	3661
15	4
1185	2
898	4
22	0
6	3
81	154
0	154
52	0
272	0
1	0
0	0
0	0
0	0
1536	290
3	286
0	4
110	0
0	204
42	6
10	1380
0	2422
8	2020
456	0
0	16
0	3
0	21
0	21
172	0
6	0
0	188
122	188
15	2140
0	2084
0	2143
1776	4
0	22
0	0
9	63
0	41
0	0
19	2
0	25
137	25
1162	534
0	534
0	880
551	880
0	633
204	0
1855	375
0	355
0	350
0	0
318	0
16	13
0	13
225	0
0	0
0	0
904	0
1871	1
5	211
0	132
10	41
1	15
690	15
71	238
5	252
3915	2
6	335
508	335
0	5165
1337	8460
4	2529
2	1163
24	6837
0	5690
0	9
0	4
190	246
3	227
960	0
5214	1311
17998	18758
4	18740
81	6646
8	16
0	3
0	0
28	92
22	102
5	102
245	3
0	3
8	141
6	141
4	288
0	121
0	21
0	0
0	861
0	24
0	24
1390	1
0	34
0	0
0	0
77	34
39	7
3	16
0	16
0	0
444	2
0	61
0	6
0	62
0	60
0	62
0	62
234	176
0	35
0	173
0	0
0	0
31	345
0	280
0	336
0	5
5	0
0	0
9	2
0	2
0	2
71	61
0	79
990	3
641	3
2	344
685	449
4551	336
419	336
12	0
0	0
6906	10063
0	10057
176	1076
0	1395
0	1269
382	443
0	443
0	0
1155	141
0	141
0	0
0	0
8	6
0	4
146	2932
14	2962
0	0
0	0
162	0
0	0
1303	4
0	0
185	315
0	40
0	314
0	301
745	3
0	35
0	33
0	35
0	19
0	19
0	35
1	19
28	1059
0	153
13	1059
5	17
3	17
93	39033
4475	43911
308	0
49	27
2	54
0	0
0	6
0	6
19	58
0	58
4	10
3022	27
0	0
0	18
0	177
17	177
0	0
471	0
2155	2044
0	1743
0	344
6152	1
0	0
0	0
0	0
1585	127
0	125
574	3107
4	3105
0	0
664	71
0	71
357	1061
12	1061
0	7
0	0
1918	146
0	143
247	1533
33	1533
87	70
0	70
391	0
95	430
24	430
1116	0
0	0
16	768
78	1529
3	1666
27	1546
19	670
845	670
238	0
635	3
228	2182
0	247
46	723
94	2208
0	0
424	202
0	202
15	0
445	0
1699	0
3	0
0	0
0	0
0	0
17896	12
0	0
144	337
0	125
0	344
5	5
2	5
11	90
0	90
15	0
694	3
18411	17
0	1
0	0
3	0
0	0
0	0
0	0
0	903
662	903
0	0
0	0
48	120
2	120
236	112
0	75
0	110
4	2813
0	1890
1475	2
719	306
43	301
513	237
6	237
1	231
819	392
0	9
1215	164
0	164
2	27
61	23
0	2561
6263	3313
47	3311
167	325
8	325
301	276
318	276
48	0
19	0
0	1811
0	2249
0	207
9080	12097
13	11647
32	8510
129	0
0	56
4	491
117	491
6808	1705
444	1703
132	1703
0	0
7	2
0	2
0	744
291	744
139	0
150	371
0	371
0	127
246	129
0	53
0	46
2544	731
0	118
0	652
0	671
0	0
24	0
7	222
0	0
30	41
205	0
60	83
52	83
17	0
0	43
28	75
0	0
130	5
8	5
0	0
25	683
0	738
17	699
2991	1341
207	1371
0	1185
4	1327
0	526
15	1247
1	6
0	8
0	14
0	7
4	0
907	41
14	41
89	17
0	4875
32	898
0	173
5	898
354	241
2	10
142	0
6599	0
427	87
2588	1978
0	110
0	44
0	1931
2181	28
18	25
103	246
36680	26
0	0
0	6
340	43
0	43
0	0
0	0
0	0
47	11
579	209
0	0
170	2225
21	2212
76	2206
0	0
0	0
0	601
5	2080
6801	2248
0	80
0	165
68	823
0	735
132	788
629	735
5	261
0	68
20	368
22	0
1442	2532
0	166
4	0
0	11
0	392
0	400
0	401
1	94
299	412
0	136
0	193
7	545
7	312
24	1204
19	1216
42	90
149	3158
0	1177
27	3134
0	1538
591	4368
43	3236
0	4361
4	1806
1907	3182
0	1999
0	1183
0	0
9	30
0	5
0	30
260	199
14	0
0	0
0	0
0	0
3	0
846	1894
0	1894
0	2377
31	2368
0	237
318	237
514	0
141	122
0	122
1031	679
20	229
0	663
8	14
0	14
944	0
357	0
0	47
0	47
0	292
0	365
0	407
3	389
2480	2893
252	2893
0	0
1	423
0	279
0	279
0	13
0	13
0	88
4	250
3	194
0	221
10	337
0	17
54	0
0	0
112	352
209	84
12	1890
0	626
10	1642
9	1890
140	1145
4	1145
507	88
50	88
7	162
202	162
459	1095
112	476
0	380
6	800
0	0
0	0
62	45
0	44
0	27
47	141
0	137
0	53
0	41
0	63
8	63
0	3
0	3
0	0
2944	1683
0	612
0	290
194	0
52	898
309	898
13	15
59	43
0	43
608	0
0	2
0	2
3412	704
0	700
360	133
0	690
0	237
0	147
2308	3548
0	3233
0	116
0	36
8	116
0	50
0	11
10	50
4	429
0	38
0	14
0	28
0	414
0	271
0	23
0	23
0	113
134	25
101	101
12	571
0	77
900	1422
53	1104
2	6
0	6
232	637
3	5238
0	5214
0	48
0	18
0	3853
0	3835
0	3873
0	3835
0	3859
0	3835
2	3840
0	3835
850	764
0	60
0	64
0	535
22	132
0	132
1281	814
0	98
3	814
16	282
47	281
592	784
2142	784
65	0
0	24
0	11
0	16
0	0
0	0
0	0
0	0
6	44
0	44
0	0
0	31
20	31
0	52
6	0
75	740
0	287
4	818
5	14
0	8
0	14
0	18
0	9
0	12
0	11
0	11
0	8
104	54
0	54
0	35
692	2711
0	802
17	1747
0	465
5	505
6	102
0	150
0	2087
2	2201
11	88
0	67
142	1409
0	1818
0	1013
0	0
700	0
0	365
4	373
0	355
328	191
0	172
1	309
31	334
0	28
130	357
1259	357
143	261
0	261
5	7
127	7
0	4349
3803	9484
0	9481
0	0
105	1726
19	1726
42	4
0	4
0	4
6299	6
88	0
13	119
0	12
7	119
0	713
223	5893
0	5728
23	5631
475	232
0	125
0	310
0	335
0	0
0	0
864	6
0	455
0	446
146	964
109	3117
0	2792
1817	2881
133	17752
0	5348
5	4352
0	15605
0	0
2587	6
259	32
1056	32
711	2690
504	2693
0	51
270	51
4028	3231
0	5211
160	5613
0	35
0	14
0	35
0	35
2281	1
276	0
80	2056
25	2056
0	0
336	4460
0	4371
0	4475
0	0
2868	3
0	367
0	233
2	367
107	0
0	4
0	8
1	12
0	4
0	0
0	0
253	1
40	62
0	18
2	0
0	62
32	558
15	525
3	2
6	2
0	2
0	0
0	0
0	0
0	0
0	0
0	0
0	0
0	9
3	9
711	255
0	254
371	0
183	0
208	0
0	0
6	4036
6782	4042
3	824
4407	2968
0	1217
0	667
0	2634
119	0
0	2
0	2
0	2
0	6
0	6
897	2430
9	0
112	467
9	467
868	33
0	33
87	0
0	5
0	199
26	199
2635	189
0	189
9	89
0	13
0	45
0	14
0	14
675	729
0	729
24	139
1286	140
18	121
0	58
0	121
19	7302
0	9949
9108	10448
0	22
9	25
0	25
21	17
0	17
355	962
0	763
0	0
133	195
440	3813
27	3806
3627	947
314	946
3	733
27	553
0	261
1	1299
0	1381
51	1120
0	1454
4127	4
0	1
0	1
1	165
84	265
145	265
35	0
0	0
0	0
0	1206
0	66
0	1311
0	0
0	0
845	218
0	218
577	329
4	156
6	329
247	118
351	353
3	0
4	0
0	0
0	0
0	0
57	1948
180	1923
72	19
0	14
0	6
973	1
15953	16942
28	13507
0	13503
149	16885
165	0
3	0
30386	195327
0	38365
852	162033
0	11282
2161	0
0	20
208	112
0	101
0	43
0	0
0	0
30	15
2	1145
7	1141
0	3
0	49
4	912
0	923
0	923
0	787
488	0
0	16
0	5
18	21
2076	618
0	618
2546	4314
108	4314
5471	2
44	0
1378	1
0	0
10	0
330	288
0	235
0	53
19	2574
619	2339
117	4208
447	600
11	292
0	96
0	0
0	8
200	0
9	79
0	79
143	0
0	24
0	264
2	269
47	133
285	0
246	15
0	15
0	0
0	332
2000	332
1068	0
0	0
0	0
41	1665
40	44
0	1712
0	1709
7	0
178	8
0	8
0	4
11	75
0	14
0	0
0	73
9	0
141	448
2	448
0	0
71	55
0	0
0	2
0	53
105	2774
10	0
1286	328
25	327
0	78
7	860
0	860
2	0
4797	7501
1890	1954
7	246
0	8
90	14
701	0
1	0
197	0
38	1555
38	234
0	185
21	1695
0	1066
0	1716
53	1036
4	1675
218	1
450	0
773	0
0	24
7	742
21	764
6	597
0	180
3	210
1086	2
0	4
0	4
2	1866
380	1866
2	783
8	0
0	215
13	146
0	218
0	218
74	671
97	0
403	380
1	380
0	6
0	6
0	104
0	104
0	0
0	0
0	0
4851	2956
0	550
69	550
1	551
0	98
0	98
0	98
0	0
604	1008
0	211
0	14
0	18
79	234
1	172
42	351
0	233
8306	3
0	0
0	0
308	1
2	0
0	0
0	13
1210	0
13	0
520	2602
11	586
2277	2
0	0
0	0
143	182
0	7
0	36
0	0
791	287
2558	2
0	895
0	1156
219	1156
348	0
0	3166
0	122
0	4830
19	4866
84	4830
0	4798
0	3398
0	3366
46	416
0	353
19	5
0	5
0	441
0	97
0	95
2619	7
75	293
1456	1396
15	1414
298	704
1	617
1	349
0	335
0	214
0	171
0	341
0	572
194	0
33	0
0	0
0	0
1750	1
234	2529
0	226
202	4991
382	97
0	93
0	61
0	894
0	164
701	1020
2	195
10	127
1	6
0	6
0	6
38	364
0	0
878	2
0	58
285	58
272	21
337	0
62	3733
131	286
1518	71
185	5305
7	4939
40	125
115	192
23	192
0	0
242	39
0	5
0	34
3974	15763
18	5639
7	9261
0	15591
14564	3
107	1739
168	1756
3462	9
1959	2094
0	132
5	2004
0	741
2119	19
204	0
1	0
2363	0
0	72
260	72
154	401
4	100
66	401
0	820
0	389
42	382
0	771
0	782
409	0
0	19
0	23
0	23
362	58
0	54
0	0
0	0
0	0
0	0
0	0
69	0
18	14
12	19
7	20
1730	272
13	272
0	0
0	0
0	312
105	535
0	510
0	423
0	0
0	0
45	379
0	379
158	0
0	89
0	83
60	150
0	106
2380	106
0	0
2	4
15	4
1	7346
0	4691
0	579
0	12294
481	14343
2	12310
425	1
3	6
20	0
0	0
0	0
0	0
0	228
0	118
0	71
52	91
11	526
0	416
112	915
0	5753
1	5361
303	2756
2619	0
882	0
4	596
0	43
0	2005
188	217
0	747
0	1913
0	1857
0	2001
0	2001
0	31
0	31
0	31
23	9213
0	678
114	6399
20	8607
0	17
0	0
0	0
0	0
231	11
0	11
88	0
35	0
6	65
0	29
0	58
259	17
0	17
2	7
546	820
0	198
0	325
1	453
1	249
4	492
0	682
0	0
955	0
159	197
0	10327
3492	10331
0	12
0	12
0	0
0	0
13	27
0	27
741	1349
0	34
0	761
38	761
0	1349
354	0
1529	1265
0	1259
522	128
2	128
24	213
0	3216
11368	4574
0	1356
1188	0
46	25
0	872
33	872
17	23
4	23
0	147
207	258
3	277
2	277
95	0
0	0
23172	14
1	1
0	1
0	66
18	770
728	741
0	0
0	0
23	2683
123	0
4	1
7	1
13	567
2	26
0	105
37	226
0	378
0	536
75	0
0	0
198	321
99	321
265	1608
0	1608
0	0
176	18
0	18
437	2
0	0
114	0
1	48
108	67
4	57
863	0
10	13
0	13
0	0
5	203
0	76
473	89
0	89
897	330
0	330
0	5
314	0
0	5
30	32
0	32
0	0
2	231
0	133
0	415
14	239
154	441
0	216
415	216
0	0
0	603
6	603
0	856
87	857
1696	248
0	224
0	2
0	2
0	19
0	31
29	39
2	33
4	41
117	606
5	83
43	589
0	197
0	303
10766	662
7	0
21194	22
12979	3430
338	5
14760	5427
379	5382
212	0
324	1
482	260
331	27
8	27
2924	7954
0	3431
0	3447
0	4792
456	352
0	0
45	749
3057	1
3908	3
15	0
0	0
0	0
0	28
0	28
0	0
0	744
8834	1223
0	499
14	70
530	178
0	178
0	2241
96	2241
36	191
0	129
38	192
20	772
41	772
1185	0
857	1
0	19
31	19
0	0
0	368
0	134
0	352
0	385
2259	66
0	66
1	53
0	12
124	249
0	260
252	0
0	0
1425	765
0	612
0	765
0	0
0	0
0	0
9	7
0	7
0	0
0	0
10503	8
13	0
312	625
46	557
4078	85
0	78
972	559
0	558
2	189
2	71
0	0
0	0
0	0
0	419
103	419
6	452
89	452
0	14
0	14
27	927
5	927
0	131
0	144
5	144
3	0
107	0
184	409
177	409
1	0
0	724
36	724
0	0
0	0
30	0
2	1
43	1
414	0
0	72
1	364
243	46
42	610
0	546
93	632
5	640
37	0
70	0
128	0
6426	6
5	325
2709	1
2628	1048
0	18
1331	43
184	213
0	213
0	0
60	75
0	75
85	800
0	800
752	572
0	110
1	464
0	2297
0	0
260	2298
0	0
0	14
21	14
0	109
4692	1847
102	160
96	1913
167	825
0	0
15	756
0	672
71	670
202	1375
0	1361
0	1337
0	14
255	701
26	568
13	440
64	268
614	422
0	422
0	2905
0	2902
0	3014
0	2800
0	2949
0	180
300	0
9	0
15	2162
0	2162
425	169
0	169
97	1928
0	2033
0	1913
8	240
0	218
9	135
0	55
1	14
0	58
0	1
0	2
0	0
104	1178
3	1244
0	196
3	37
8	1260
1471	1
0	0
2	0
151	1028
0	384
0	86
536	1093
0	0
0	1
0	1
0	0
23	0
1	0
0	94
2	94
0	0
0	0
15	1046
331	1215
0	0
0	0
0	0
994	218
0	218
0	5
4	5
0	0
0	338
0	1832
7	509
40	1735
24	1835
0	6
19	6
0	0
13	0
12	1
0	1
4486	2175
0	2171
0	446
0	49
0	15
0	186
0	374
0	2402
0	635
0	363
0	1960
10	2529
0	2497
0	2464
0	2464
19	2373
3	2391
0	2350
0	0
0	0
0	0
5	0
38	886
0	136
0	85
7	886
72	27
17	27
6	0
0	0
0	19
27	19
3	0
423	34
11	34
0	0
0	36
251	128
0	95
0	51
103	388
0	144
0	257
444	2490
0	2106
5	754
0	0
0	58
0	42
0	0
0	0
626	1
1934	0
0	0
3512	5
249	0
210	706
0	67
6	706
976	0
0	100
72	2212
2102	3051
9	29
0	29
0	16
11	16
9	1482
102	2103
10	612
0	0
0	0
298	391
0	4
11	4
0	0
223	0
0	0
0	0
0	0
0	0
0	0
6713	4
42590	7081
0	7055
0	414
0	13
127	414
0	208
552	208
0	2
11	33
0	8
0	8
3	41
9	18485
197	18519
9827	18420
1690	2354
0	0
0	0
96	0
267	1320
0	1320
6	0
2330	1
0	46
0	25
9	175
14	178
0	509
55	553
29	0
227	69
0	47
55	22
159	372
2082	0
0	50
0	124
0	118
2835	374
0	369
78	30
0	30
0	20
0	20
191	4198
594	4198
53	5
10	126
0	126
0	124
0	326
844	326
470	390
0	284
34	30
54	1
1613	62
0	62
45	22
12	22
19	0
250	111
0	111
131	1823
0	1828
72	115
0	1676
0	828
2130	828
15	236
116	52
8	288
12	0
0	5
0	68
0	62
1658	0
444	2
1927	2476
0	2470
17	107
0	111
1	133
0	107
4	32
0	312
15	549
2	16
55	0
614	0
587	0
0	186
0	23
35	191
0	27
0	29
107	200
0	33
54	73
0	164
0	68
14	0
0	38
0	20
70	697
0	3
0	257
0	676
0	0
613	413
0	413
276	0
0	32
0	32
3155	81
18	81
0	19
0	8
0	54
8	4
0	43
23	0
0	0
2420	0
0	0
755	0
0	24
0	177
413	177
5	5
0	0
0	0
0	0
0	5
0	0
43	133
0	82
0	2
0	0
0	2
0	0
0	0
6	0
0	48
0	48
11	17
0	0
58	1062
198	1062
649	0
192	4770
73	4770
0	2
0	2
0	0
0	0
3	0
98	277
531	277
6281	1363
0	1359
573	0
0	1540
0	1554
0	1603
0	138
59	178
0	154
11	0
306	1
590	163
0	20
181	324
0	0
2972	5884
0	575
10	708
5	5592
534	0
18	0
639	138
44	1095
7	742
323	0
27	369
0	130
0	2
36	1914
6	67
0	133
28	1899
742	281
0	281
434	1851
0	1363
9	955
60	103
0	103
71914	8848
0	8795
0	333
38	371
0	371
151	72
0	73
380	0
0	18
684	0
7046	8644
2	8639
38	1218
0	62
0	24
0	1218
0	536
12587	3
462	111
0	57
35	54
635	542
0	160
0	1072
24	191
32	1113
7	0
834	0
0	0
0	0
56	1082
272	988
0	35
0	0
0	16
0	707
11	708
0	54
0	606
0	487
0	3142
135	3088
0	4123
0	4123
0	537
0	507
6	492
0	530
133	99
0	99
38	99
0	0
0	0
0	1
0	1
0	1
1563	3679
293	3679
9	254
8	120
53	135
2202	1559
305	359
21	1427
35	345
92	345
4	11
0	0
300	113
0	26
0	102
0	27
0	27
0	0
0	0
0	0
5	42
405	0
2	0
0	0
0	0
7289	743
0	221
0	221
0	520
0	236
0	210
0	242
742	1535
0	164
0	37
58	40
10	17
830	0
354	23
0	23
5292	296
20	295
234	28
0	4
2362	7
0	18
7	18
1107	1966
12	1480
0	1924
47	1977
0	10
0	10
0	3
0	0
0	0
0	0
701	0
60	75
3	3635
0	1832
35	2519
0	2590
14	4263
139	3807
0	0
0	92
681	237
0	116
78	353
0	0
0	0
411	257
110	254
5	0
0	0
1760	556
3	524
0	65
4	32
236	348
2	0
145	140
0	140
0	0
0	0
7	5
0	5
0	0
0	789
0	539
4	698
0	6
248	0
0	140
224	140
9	0
103	9
0	9
0	127
2590	1590
0	1530
0	0
4054	2112
10	54
0	108
0	5
1106	156
907	0
0	0
0	0
28	10
0	7
1049	0
11	14
0	14
2321	0
1574	0
708	2017
0	191
3	19
46	0
0	0
0	0
0	8
0	0
0	8
1133	0
0	1097
199	2662
2665	2683
578	0
0	27
0	10
2	0
10	65
261	52
0	46
0	40
1	24
0	52
2	759
0	75
0	788
131	858
108	858
2044	0
3	225
0	1249
17	5024
0	4652
13	345
0	337
76	345
0	242
0	58
0	41
10	244
2	654
0	290
0	594
0	810
42	810
594	4
7510	68041
0	18611
3	19481
259	68130
62	53244
0	14
0	14
0	14
1405	0
9	68
28	68
0	0
294	98
177	98
601	1902
88	1902
58	0
596	0
40	90
0	90
1	0
15	0
0	0
0	0
0	0
0	0
0	8
0	2
0	53
8	167
118	168
286	0
628	0
1	156
23	0
244	164
4	163
688	0
43	470
2	443
5685	823
6	502
67	505
0	789
0	789
0	0
0	0
83	489
0	489
108	0
157	54
0	49
0	54
343	1
0	0
3324	1210
353	1210
5	30
6	512
1001	542
2	5
27	12
0	0
136	45
41	637
3	637
0	37
187	37
576	1
0	0
0	0
0	0
0	0
12	1206
0	203
6239	4810
0	4145
0	3894
8	2173
618	484
0	333
1	333
7	11
49	15
2	26
0	0
0	0
555	0
0	0
1592	0
2	0
0	42
2	56
3498	1053
0	1182
115	1227
2272	0
15	588
0	39
0	614
125	738
39	738
163	0
0	0
346	0
0	127
239	127
572	0
0	5
5	8
129	792
0	791
506	1207
1	35
0	1
7	35
4076	3
2002	282
0	242
0	24
0	12
0	12
0	42
0	24
0	24
4685	1
0	0
0	673
1272	673
4	8
379	80
0	39
326	0
0	17
0	17
0	17
49	0
0	0
0	0
0	0
743	0
0	9210
662	2528
2	3715
0	19
9322	9683
0	3267
0	1463
0	84
13	1425
0	115
0	127
2	0
0	0
28	505
14228	517
0	0
13	30
67	30
8	0
0	18
16	18
0	0
0	0
14	0
0	5
0	9
67	9
319	419
0	419
21	0
315	1
93	178
260	178
295	19
0	19
0	0
1	592
266	829
83	829
475	0
1	0
77	0
0	0
11289	7
0	638
174	1274
51	1274
319	132
1	132
0	5
0	1
6	46
0	46
14	412
434	627
0	332
200	1369
18	9
0	2
0	6
0	9
41	0
0	296
0	342
18	54
0	54
0	54
0	289
0	54
0	0
0	735
0	473
0	444
0	473
5187	3976
52	4192
2	4359
0	4368
0	4346
5	92
0	79
1010	5
1769	1904
1	1903
0	1318
25	24
152	0
30	80
248	33
0	878
2830	1128
0	121
164	1479
0	485
0	383
0	26
0	18
40	339
0	339
3785	1
91	1859
0	129
0	36
0	1859
219	105
257	0
22	127
0	133
0	83
0	25
5	0
9	221
5	221
7	36
41	0
1464	0
108	23
12	0
267	779
21	790
0	802
0	0
0	0
3	0
174	0
83	0
85	0
0	10
0	10
1395	0
41	0
223	406
2059	2907
0	2384
7	2795
0	2831
0	2771
0	2262
0	83
321	130
0	130
1009	0
0	715
767	715
2487	3
120	5
0	5
70	14943
0	15006
0	15322
0	2825
0	15274
0	0
0	0
0	2
27	5
1	3
1855	2144
657	0
83	460
1	460
0	189
0	0
0	0
44	8
16	8
0	4
0	4
156	802
25	908
337	5764
1	1382
1	1359
0	1149
0	5706
0	65
0	62
483	98
33	109
1819	1962
0	873
0	616
24	405
20	574
23	566
7	1878
676	282
0	282
31	2
20	5
21	333
0	333
0	376
0	0
0	0
12	0
0	0
20	0
8	0
54	1954
60	681
0	1935
1	1826
1339	631
124	2139
4550	2139
2512	1
133	114
0	114
0	0
454	1045
0	935
0	626
2426	4079
71	490
0	779
43	430
7	430
0	1367
0	903
0	3889
0	4456
0	4318
0	1098
0	3896
0	897
762	0
58	108
3	108
0	183
2	32
172	183
31	0
10	159
3	140
17	0
0	0
12	123
465	123
4	67
46	79
0	79
0	176
2	1878
0	312
0	1868
0	1956
3	538
118	0
786	84
0	84
0	0
0	0
0	0
39	68
4	68
0	189
0	13
0	7
15	138
0	435
0	420
277	139
0	139
0	1
14	467
36	32
42	499
195	142
427	377
0	49
1255	49
292	245
258	0
519	125
0	125
271	46
58	0
132	464
36	78
76	386
0	6
33	6
31	388
9	315
325	515
0	0
0	0
0	0
0	45
10	65
37	578
0	22
40	581
39	118
0	59
0	118
0	50
0	76
0	162
92	457
0	0
0	0
0	0
0	109
44	1132
880	1242
0	341
0	74
459	215
0	215
0	204
5793	14
81	107
6	107
0	1158
51	1208
0	1218
0	2
0	15
3	0
0	0
40	5
0	5
476	7
0	0
604	130
4	130
508	105
15	107
0	9
0	9
0	0
815	600
1	600
3	181
0	110
0	737
22	737
0	26
0	36
5	19
0	207
0	225
123	234
0	235
0	0
0	0
0	0
0	8
285	40
0	40
76	147
155	147
104	8
0	8
0	0
3	195
792	210
0	960
1250	962
39400	21927
0	20532
0	16484
0	19976
0	9982
22	234
167	234
6	3
46	14
3	0
234	3
37	16
0	2247
0	2349
0	2360
5	1009
0	6
8	59
0	0
4	0
0	82
0	59
16	402
0	388
3	845
23	816
0	808
297	1940
22	325
11	93
2	1940
5	158
0	253
19	276
112	305
0	7
0	29
190	29
0	78
17	662
1	3622
0	3565
0	3756
0	245
0	250
0	152
0	250
0	45
5	44
0	39
0	16
1	16
1050	0
0	0
1	167
0	178
0	166
2782	2
290	0
32	1974
10	1974
0	286
0	29
0	135
0	103
280	585
84	429
752	652
0	256
0	266
0	242
3376	2100
0	18
0	18
0	572
11	572
371	0
14	302
0	0
0	0
38	0
0	37
9	183
0	14
3	160
0	42
0	24
4220	0
27	841
0	841
0	817
9	0
925	0
8	125
0	125
0	668
14	2
0	40
496	668
476	1331
175	1331
0	345
48	0
0	8
0	18
0	0
17	26
0	0
162	0
0	25
30	47
0	22
0	25
86	1017
0	1017
202	90
0	8
0	50
0	41
0	3
118	1197
50	1197
201	174
131	0
0	197
0	299
0	153
519	299
94	18
0	11
0	18
1382	6
0	0
0	0
541	522
4	944
0	906
0	979
0	63
2	56
3	136
0	442
0	131
0	82
62	146
3	334
0	933
113	1168
0	5
1635	278
210	0
4795	0
11	7
0	7
423	0
0	0
0	0
3	114
6	38
23	4
0	4
0	0
360	448
0	448
2	0
211	0
113	0
87	0
0	7
0	32
0	32
62	198
38	232
0	197
0	159
0	191
0	9
8	9
2437	2
3962	2
3	75
0	68
0	0
14	75
95	385
0	388
0	396
0	56
666	56
34	0
14	0
0	465
192	697
0	71
302	777
0	16
0	0
81	0
178	602
95	11879
0	11783
82	11324
14	10544
0	0
0	65
347	578
0	490
0	292
80	0
22	93
0	100
0	114
0	95
18	52
0	52
816	0
261	77
268	104
104	141
0	38
0	23
0	6
0	141
1982	1
355	163
0	0
0	0
3	0
0	0
5	2
58	376
0	376
13	14
0	266
21	40
0	0
28	279
67	23
8	120
0	120
899	0
0	0
1831	1
0	0
153	239
0	25
0	9
0	0
0	25
190	17
0	17
0	6
31	12
19	12
42	40
83	91
0	91
0	167
0	167
1271	1286
28	1285
1355	3
642	4
0	0
177	0
2	2
0	118
34	118
0	1010
450	11520
0	11520
133	123
0	123
127	171
0	12
377	0
236	2438
24	2438
5	0
0	0
41	45
0	67
6	8
0	11
0	20
0	65
0	0
0	0
222	0
22	0
1804	4
0	4
0	0
12	165
69	115
124	280
125	0
0	2650
0	37
93	2762
0	1294
0	1411
1330	478
0	478
1421	615
0	11
5	603
0	0
0	730
5	3449
0	2182
0	1001
0	1893
0	2025
33	2863
0	0
78	698
17	698
19	63
0	192
16	693
0	501
1026	472
0	472
24	15
52	15
0	363
335	534
0	324
0	14
0	159
25	779
0	173
761	732
51	8
0	8
0	0
14	0
0	107
853	113
2	0
6	0
1416	2201
184	0
0	0
146	64
0	0
0	654
1114	1063
4	1063
4	126
47	0
0	0
338	1
0	304
0	2286
0	1930
0	1944
0	2316
0	2115
0	1922
0	2118
0	12
0	119
5	695
9	341
30	787
90	588
100	1413
0	2543
68	108
0	0
6	2543
0	86
0	1070
0	107
0	3146
0	3309
28	98
26	0
0	13
88	945
62	441
80	5
1483	4903
0	0
0	5
0	4506
0	4600
0	4555
0	0
0	0
0	0
0	0
0	0
0	45
1	182
567	182
0	74
194	289
135	477
0	389
34	2008
107	2032
4	1
5531	5
29	27
0	205
501	232
205	406
6	0
40	507
17	507
18	0
0	131
10796	138
0	0
0	9
0	9
3	73
0	90
11	116
0	0
0	0
0	0
6	58
0	49
1	115
51	588
0	33
84	603
0	4701
478	4703
0	1309
1555	1309
21	1867
0	1867
0	1836
0	24
336	24
0	35
0	6
0	16
688	1226
0	503
0	187
0	922
0	321
0	37
0	0
0	0
2364	3
0	4
0	4
61	0
0	0
20	0
56	90
0	14
0	14
15	552
5	552
80	0
969	0
0	0
1135	0
0	1511
0	112
0	1518
0	251
0	230
0	281
28	171
69	171
596	2
0	0
35	0
10	450
0	450
18	0
0	66
11	66
77	153
0	153
0	248
0	18
0	1522
285	2401
0	1787
0	1978
0	1701
0	1106
1	2023
1315	0
0	0
0	0
0	249
35	77
0	98
0	100
0	247
0	7
4	8
17	0
199	0
0	1
0	11
0	85
0	85
754	3722
98	3722
11	0
100	1107
0	828
0	153
0	279
0	340
0	0
1808	254
0	242
0	242
0	254
159	86
1	0
0	0
158	0
139	0
394	37
0	36
0	0
0	0
19	54
0	37
0	54
0	365
55	451
103	21
69	21
4	0
129	384
0	249
8	213
478	0
2219	2051
7	1749
1557	2052
0	19
329	136
0	117
188	0
4	52
1050	5931
0	4371
0	4393
6	2990
53	6083
1555	0
37	323
0	323
441	169
0	80
19	15
0	9
0	59
0	85
0	36
13	14
0	0
50	0
21	57
0	0
0	0
711	0
0	1
0	1
97	0
4707	4
8	271
16	341
0	127
0	341
1344	133
72	0
0	609
0	609
561	4611
0	0
0	4611
0	0
0	0
786	0
1692	0
0	2
6	666
0	200
0	126
0	0
0	8
364	620
0	162
50	212
0	211
0	0
2	0
120	183
0	152
0	38
605	0
311	55
0	20
24	0
315	928
25	90
0	2
0	865
13	889
64	54
1	14
557	1
49	175
22	12
79	5043
197	5209
28	337
0	337
20	0
0	562
0	597
0	432
746	1110
0	1939
0	1939
0	1326
0	5285
6	5087
24	3922
0	5329
2	5117
0	5259
0	1964
0	5339
0	1939
135	3328
18	3328
1	262
9	237
4	356
7	700
0	1073
0	323
5	654
0	1020
12	88
0	427
43	1247
172	86
0	86
0	14
8	181
158	181
0	378
0	402
28	545
0	545
1176	0
1951	3
11	30
0	30
0	25
0	25
0	0
3462	263
39	260
37	929
17	986
0	999
0	701
0	572
0	461
0	930
10	648
41	0
365	0
0	0
0	0
362	0
167	8612
1	8612
0	35
1	35
0	5
0	0
0	0
1736	353
0	353
0	0
54	19
0	12
0	9
0	16
0	0
730	12320
0	8530
143	701
0	51
2	2
0	0
0	248
1185	833
235	461
0	460
6	807
217	8410
79	8410
134	7411
20	147
57	147
69	518
13	62
0	16
0	518
0	516
0	309
0	70
12	218
9	701
410	701
0	0
622	0
23	160
577	162
116	145
0	0
0	145
30	0
80	458
167	459
85	2715
0	2561
320	2709
1130	625
0	0
379	1410
1	1410
9	27
896	0
0	0
1	0
3301	2
0	38
1532	12106
0	488
0	12106
10	10994
225	73
8	38
28	38
2782	759
0	41
1745	0
0	206
221	1531
0	1515
0	1644
877	4
2	0
21	75
0	43
0	45
173	1
536	0
0	1612
0	1196
605	1066
0	365
7	443
15	955
93	1204
11	1204
0	121
0	2
5	121
25	0
1791	666
12	13
0	445
0	378
3230	2
11	227
0	0
61	278
74	278
934	0
1671	0
1116	96
0	96
0	0
1	0
2	976
0	725
0	1977
34	1136
127	2875
460	4686
172	4667
1	158
544	2722
121	13
2640	3126
0	313
0	1228
8	3157
0	3247
0	1228
0	1
1504	2
0	0
0	826
2384	857
66	642
0	642
363	1
17	0
0	0
1147	295
0	295
0	6763
0	1422
0	671
0	359
14	244
0	333
0	144
1	5494
1	5341
0	6670
0	0
2	23
19	23
12	18
0	0
0	18
5	317
565	629
2	312
759	2
1619	1
23	248
0	0
40	0
1	0
112	289
71	278
0	164
0	0
0	0
0	0
0	0
651	0
41	1842
42	1842
0	141
664	49
0	49
58	0
0	360
767	360
5210	3480
2	1485
0	3462
0	0
123	0
9636	12566
0	280
3568	282
22	137
49	99
104	0
101	137
22	4
1960	2178
0	4
0	2178
0	2158
24	2161
0	367
837	748
37	598
0	652
52	311
0	311
35	0
122	50
0	8882
4933	8886
3335	197
0	196
0	9412
0	9975
0	4228
0	9524
0	90
738	847
0	847
25	0
0	79
160	601
45	601
0	0
0	0
0	0
0	7
0	0
0	3
212	153
0	39
0	46
0	527
0	48
0	537
3	548
117	841
0	341
0	769
21	147
289	1373
3	1274
9	0
0	247
207	11040
24845	10848
0	5
0	67
0	7
177	72
0	0
0	0
2359	1
55	184
542	293
12	67
0	169
0	0
6	459
0	2377
9	1206
296	2569
3	1631
954	0
0	20
4	20
0	9
52	13
11	22
0	107
0	27
27	107
116	19
283	442
0	442
267	701
0	144
0	156
48	0
0	253
7	5420
76	5480
14	14
0	14
0	14
131	0
548	0
54	0
0	37
0	4
0	9
0	37
2	37
881	0
0	53
495	99
1	62
2	9
11	9
0	0
0	0
121	553
0	553
2	10
49	0
0	426
0	1029
141	1109
0	908
0	386
60	424
6	7
0	424
29	0
1611	417
0	413
0	3876
0	3877
0	3285
1	0
276	1806
11	153
0	28
0	1802
0	0
495	1263
0	333
0	1249
0	1263
0	0
517	640
0	640
0	85
0	15
0	61
0	255
0	241
17	20
748	627
5	647
0	0
0	0
0	0
13	31
0	31
0	61
58	103
0	103
5	41
6308	9709
6	19
0	131
0	0
249	31
0	9665
202	274
0	274
428	847
0	324
0	765
0	181
794	771
5014	7
1810	270
0	184
0	189
2	247
0	1720
0	659
0	412
187	1720
0	0
0	71
37	71
0	3383
5487	3384
0	6
13	6
0	0
0	0
0	0
0	1635
0	3527
0	3477
13	0
756	117
0	113
0	4
1859	207
0	206
3	57
0	691
1076	704
25	36
31	0
0	36
263	67
0	0
0	144
0	172
0	32
0	139
6	164
0	0
0	3
87	3
164	0
0	0
63	127
2	117
0	278
2	260
0	75
0	91
24	279
0	0
115	2552
21	2552
24	4
111	2044
56	52555
1	19123
213	6349
2183	56857
657	0
0	2820
9963	8000
299	503
2	501
125	553
10	459
0	0
38	210
77	809
624	796
2042	0
807	36
0	36
2494	1242
35	1237
10	70
0	70
0	57
7	4
1034	0
13	0
0	49
0	49
18	0
0	0
1	294
4	345
6	262
148	9
640	74
0	72
200	415
0	95
431	0
173	0
0	3
0	3
30	0
0	3650
29	8164
7743	8877
0	8480
10	58
0	58
5	0
82	40
0	36
0	18
36	10
0	10
15	40
937	228
3	149
24	161
6139	0
1	0
23	363
2	111
25	1852
0	6
136	1852
3	415
486	13
8	415
1022	156
0	156
57	0
81	10
0	10
1700	17223
67	17223
11	0
62	112
8	112
0	48
0	13
1	13
334	117
0	63
13	117
16	36
0	10
0	13
0	23
0	29
11	16
0	16
91	1270
5	1270
0	13
0	14
4	14
4	12
15	173
0	162
52	399
50	399
533	1062
0	1062
95	0
0	164
150	153
0	1003
0	1100
1	1073
0	6
0	14
0	14
2171	0
3856	1107
4	301
6	1080
0	0
0	0
0	65
0	35
0	69
4251	5
1	2
5922	5620
1852	156
0	156
0	16
31	16
0	16
0	0
482	64
0	64
6	180
688	333
0	253
3	22574
31	31631
227	33085
0	22
1	22
0	81
20	81
0	0
4	23
1668	0
0	4
0	4
0	4
17	9
0	9
622	0
8696	242
36	242
4	51
16	432
1	322
49	2153
0	647
2	2153
0	0
3	0
291	7
0	7
0	2428
9	469
0	11032
3	13990
0	463
580	17946
458	1520
97	1520
5	38
0	36
0	5
0	31
826	1
55	961
0	797
0	261
0	1012
0	0
70	62
0	62
1397	1157
0	1157
26	576
0	133
0	576
1837	0
4	4
0	0
375	0
2294	0
0	0
0	0
0	0
0	0
0	0
0	0
495	171
0	171
6071	6
715	1574
0	1413
0	1574
0	1413
4	10
3	10
0	443
0	190
0	137
0	508
0	511
12	356
0	119
0	407
8	392
1527	1
295	3
3889	7
0	0
1244	1046
0	705
13	268
0	0
135	0
173	0
1	0
1193	5182
2	5293
148	0
6	5
745	1
0	9
0	9
134	500
0	77
15	263
406	673
24	237
50	541
19	270
0	51
0	88
0	137
49	137
0	83
0	1
0	1
0	0
414	0
0	13
0	13
490	438
0	438
13	0
1063	0
11	0
587	1892
57	1892
501	0
0	0
0	0
174	0
3432	0
12	0
0	0
0	0
0	0
0	0
0	2
0	2
0	2
1810	0
33	860
0	1099
32	2902
16	2714
0	555
0	893
111	893
401	465
0	465
58	890
0	51
144	940
31140	3423
0	2620
0	794
0	166
0	126
0	155
0	159
0	154
0	159
0	0
0	0
0	0
0	260
0	350
0	350
30	30
76	0
527	333
7	0
3	0
16	29
0	29
1964	123
16	5
172	243
0	236
0	27
2220	1025
0	12
30	17
0	5
0	0
0	0
0	0
7	15
0	250
0	2
0	2
0	5583
12	15970
6297	5599
49	15979
0	2899
268	0
78	346
0	233
0	0
269	0
0	202
0	70
3952	1036
150	735
0	367
0	0
920	1812
0	741
0	748
0	1754
0	0
0	0
0	0
1941	965
11	46
32	0
0	0
0	0
0	0
18	10
0	10
0	0
5	0
0	4
0	4
6732	7
0	15
0	15
0	11
0	13
12	19
39	800
0	492
252	925
0	0
32	168
94	299
0	31
358	278
0	299
7	337
0	0
0	0
0	14
226	0
8	14
283	0
0	0
0	0
336	700
0	0
1037	357
0	321
0	294
0	67
84	1422
0	1
478	1422
0	103
102	143
0	143
0	38
0	0
724	0
312	472
0	472
33	64
0	64
0	1622
5	1565
0	1545
23	198
0	198
0	57
0	30837
7	979
1130	979
0	311
34	54
35	54
122	1030
742	1030
0	7
1348	3
14056	6545
6246	2
215	1828
0	291
0	286
1	409
40	1855
0	6217
0	6982
0	0
3150	3950
0	539
0	3834
0	3290
0	3463
0	3845
0	3547
0	3147
0	3919
0	3095
0	3820
0	157
3	157
32	180
4	328
0	330
4	24
17	26
131	6699
255	0
155	1292
0	1292
0	689
0	501
269	660
65	0
14	0
0	0
30	153
44	153
0	10188
0	0
1020	0
0	89
7	114
0	0
22536	10
6	25
56	32
4	7
1134	80
0	80
63	0
840	510
426	444
8	4891
0	3943
2772	1262
0	1259
86	2064
0	58
2	2064
0	0
24	72
0	62
51	6736
282	2217
5	1442
0	1532
0	1257
94	6514
2	152
0	149
5	25
1439	0
329	0
0	7
6	7
0	0
489	0
6969	0
0	111
0	228
380	306
0	184
129	184
0	64
71	162
45	215
0	215
0	215
6374	1971
588	1556
0	0
0	0
0	6
0	0
25	0
74	0
0	676
0	82
5	23
0	75
0	171
88	0
338	297
1625	543
102	5849
86	6679
54	6556
0	6605
4	5941
0	6589
131	61
2	8
0	2
0	53
0	181
0	33
0	178
0	2
0	55
183	65
207	1505
14	1505
5	0
53	158
0	158
4094	8
5750	2
0	433
0	424
2739	0
1281	0
0	5
0	10
0	8
6	13
0	0
0	0
0	210
1352	210
3450	2
0	94
0	94
0	94
0	0
138	1
217	1
79	0
1632	3
0	6
16	1458
22	1494
0	1390
207	0
116	2700
4	522
0	470
1786	2699
146	735
0	735
0	55
4	10
299	210
0	172
0	0
5641	4
0	0
0	277
14	277
273	3131
397	3059
149	0
0	0
3856	0
0	0
0	0
0	0
0	13
9	13
786	1948
0	983
558	478
25	455
10	137
0	0
27	0
449	1552
0	48
220	772
0	69
0	703
0	0
660	32
0	30
0	8
0	8
0	0
36	0
95	0
450	139
40	137
15	853
2	853
34	43
0	43
153	466
0	0
868	470
86	475
14	414
0	2632
3	2742
27	1206
1718	3247
94	2647
0	2699
228	2711
403	1592
32	1592
0	1
1998	1
0	0
1490	2
94	91
0	39
0	52
934	7
1783	233
0	231
2535	108
0	48
7	126
99	4065
0	976
0	4076
0	3905
167	6786
15	30
0	38
0	30
0	20
0	18
0	33
24	0
56	51
5	17
50	17
0	297
289	211
0	211
0	0
5	713
114	707
3	705
227	6861
0	0
1009	1
861	3990
132	217
0	309
27	4046
373	292
7	0
0	350
0	0
10	77
0	64
0	13
455	0
43	90
0	65
0	215
31	358
0	358
0	6
5	6
121	548
0	0
269	5049
0	670
478	4912
47	690
1090	6
305	1537
0	1537
0	0
15	0
31	0
5	0
62	6699
33	13
0	0
0	0
472	878
0	878
5266	0
0	34
0	34
0	14
0	14
83	30822
84	30464
181	31110
15	30326
271	34141
153	30236
43	3
0	3
0	0
0	0
0	0
0	0
0	0
280	1119
187	0
0	0
0	0
43	0
34	0
4981	127
2	0
1	123
14	0
562	1
0	27
5	127
37	450
331	450
2120	7
0	556
158	556
0	0
1412	0
8	73
321	171
36	171
45	0
25	0
0	0
647	3096
27	2029
30	395
0	512
34	512
1288	1876
309	1875
0	652
9	4962
16625	4239
14	4232
0	0
10	21
52	2312
0	21
741	0
10	235
935	235
73	0
0	0
64	1
0	1
0	260
0	44
0	641
0	678
8	49
0	64
0	51
5	46
0	10
752	3
0	0
0	0
691	7881
5645	7701
0	0
0	0
0	0
490	0
14	32
0	142
187	339
0	299
5326	3
4956	1
102	0
194	6448
0	0
0	0
0	0
0	0
0	0
0	0
46	125
0	125
0	0
0	0
0	0
10	0
0	6972
0	6751
5413	1153
0	334
13	816
96	0
0	0
12	223
2019	224
0	0
213	11
25	0
187	746
0	324
0	0
0	13
2	642
58	721
0	721
0	21
0	21
116	87
169	87
2646	0
10	415
0	415
0	165
251	165
0	6
0	595
160	2074
1920	1952
20	1897
0	636
0	547
127	0
6248	275
0	261
5	0
572	0
8	1109
307	3058
4	3058
622	215
2	217
0	180
14	180
0	25
93	25
4	85
0	48
0	154
904	263
0	79
29	638
0	642
0	631
0	75
0	225
8	225
826	2
5	2460
0	58
12	1440
5	16414
2	11247
0	16010
0	15995
0	0
28	0
0	0
0	0
11	0
9	0
7	79
0	79
91	20
786	217
0	110
0	217
72	0
45	272
0	272
3162	0
215	379
10	0
383	379
95	0
1009	1
0	1
0	1
0	0
0	0
0	0
1478	2
14	9
147	4416
352	4417
1001	254
0	188
37	188
0	1410
521	1410
586	78
4	30
0	10
0	10
0	30
0	0
0	19
8	19
1	0
1	0
7833	3760
0	3753
66	2818
5	1237
2	1128
0	1278
0	937
1675	745
7	385
8	736
0	174
19	207
639	3900
0	1304
1	2081
0	0
0	0
1	0
8479	7
106	217
64	0
247	102
0	31
118	355
0	63
0	0
6	34
351	97
1894	482
0	279
0	202
263	541
60	476
2341	1
0	187
0	41
9	653
0	103
0	619
0	396
1	94
0	94
53	574
0	285
0	113
0	59
0	50
0	219
1	2922
2851	10954
0	6439
0	0
997	1217
0	1217
461	0
1741	1189
96	0
53	5
34	3080
131	427
0	43
0	119
4	84
0	3080
127	1364
84	465
0	15
0	15
46	450
1521	882
0	156
21	396
166	396
227	8123
1840	8123
0	7
762	7949
0	4366
0	0
27	121
20	60
229	0
0	180
0	156
0	200
0	180
0	153
0	180
47	158
0	18
0	7
0	7
0	482
0	1085
0	1062
0	423
0	218
0	70
23	0
13	72
0	72
0	61
1038	96
0	96
69	200
0	146
0	33
0	199
0	195
0	473
127	473
3231	4238
45	343
0	169
15	326
0	24
3	326
2960	1
0	2063
0	1325
816	2076
76	0
601	3
0	0
0	0
986	1521
4	6
0	6
2	0
196	0
0	1643
2978	3831
0	3831
3	15
0	15
354	610
6	369
0	562
59	119
0	119
6	731
10157	734
1117	62
0	62
102	119
0	189
1861	189
37	9456
3324	5897
0	8053
0	4125
0	425
0	4720
0	4679
3	2197
0	1350
268	1914
0	425
0	14441
52	14426
280	86
1	49
0	86
0	0
19	15
427	15
0	19
198	433
117	38
512	332
13	332
466	3002
0	121
0	101
0	2810
11	2875
0	0
0	4842
3196	4846
1117	574
0	574
17	127
0	614
0	614
244	1234
9592	1236
5	230
44	1020
0	914
2	191
0	46
1264	237
52	0
0	0
0	0
0	1871
0	71
2	2159
0	1907
0	2095
0	2058
1	0
0	0
0	0
10	19
0	6
0	6
0	1
27	169
0	148
0	98
0	4
0	0
0	0
0	148
0	169
0	0
45	7
0	7
66	0
239	570
68	2824
23	0
327	1693
0	34
0	59
0	1692
0	416
0	404
913	1601
4663	4656
487	1791
0	719
3817	8
60	1397
0	49
0	3
0	31
18	1397
0	0
0	0
256	122
0	29
0	58
0	170
53	180
21	180
1	4
0	4
242	438
1328	2
473	4022
0	4021
0	1406
84	1406
8	168
10	107
1476	774
0	489
0	704
13	25
0	25
1129	0
0	355
4	631
165	1557
0	552
0	1546
1515	5514
0	5514
7	0
0	0
16746	4215
2	0
2	22
0	13
0	22
161	0
62	63
0	63
0	0
0	523
0	154
11	842
3579	1289
777	0
0	0
0	0
0	0
32	0
3	50
0	8
0	8
0	0
0	328
0	328
0	0
1283	6
4508	10
19	16142
81519	16311
18	4236
76	59
0	110
9	71
1631	4
0	719
187	719
65	132
38	226
6	0
0	0
33154	4345
3	4323
104	867
46	129
207	819
4955	4
628	1700
38	1679
0	0
0	174
141	174
3723	241
145	270
45	51
0	308
0	91
0	0
0	4
0	0
0	0
0	0
63	0
40	106
461	115
1080	0
0	7
2	162
0	162
578	0
13	40
68	43
9	3
0	40
83	0
0	0
0	0
0	19
77	19
0	0
0	19
0	19
112	137
0	137
17	257
0	131
4878	389
2415	8647
0	8636
0	1439
816	310
628	458
0	458
261	292
0	183
11967	10
25	519
0	161
0	401
0	456
0	0
0	2302
3183	2289
31	988
37	667
2351	1701
101	144
0	11
0	87
0	1698
64	77
290	674
0	674
1619	235
8	34
0	0
0	0
0	16
1	1
63	150
0	149
33	0
20	594
19	594
0	0
80	1
0	0
0	0
0	0
0	3
1	3
0	704
566	704
31	72
0	11
0	6
0	72
28	6
0	6
684	0
2642	1682
0	268
0	0
0	114
1403	6038
3	1098
15	512
0	5468
435	1
602	512
2	31
0	481
30	10
0	7
0	1
0	98
0	4
0	68
0	107
0	109
51	143
462	220
0	12
49	35
0	0
333	56
56	2913
16	1710
1581	2921
61	1612
2594	812
0	764
0	912
0	1055
23	9
0	9
2745	3
110	0
1016	0
809	929
0	928
208	415
1	579
191	1351
300	2603
29	13586
228	3288
1	13662
15	13605
40	0
53	0
41	281
9	375
62	386
81	21
0	21
20	27
0	27
1	27
8	502
2809	428
261	334
9468	4955
0	4945
3	405
109	215
127	458
24	244
0	251
0	251
7	0
69	245
0	245
4937	1680
0	217
53	1460
7879	6
214	1
30	443
0	395
21	90
0	99
0	89
0	236
0	24
124	220
0	535
225	535
2787	11
313	119
0	119
0	135
57	185
0	189
243	119
15	676
25	676
575	0
1217	250
107	0
62	130
0	130
0	1
0	76
1693	10524
127	10561
0	7
0	0
0	0
1	1
0	1
0	1
0	0
0	0
2895	388
0	387
148	0
144	48
0	48
5	410
705	926
0	883
7	205
1826	1613
0	71
159	746
249	1631
0	815
266	1211
5147	38899
500	39824
0	19402
0	0
0	0
502	4796
5	4796
9	4
7	4
0	2256
0	1712
40	3114
0	2499
0	2623
7	0
0	0
0	1027
0	67
231	1027
0	22
0	22
0	22
2513	186
0	185
714	280
0	41
0	237
86	31
0	31
9	7676
28764	18125
142	1134
13	15511
0	1456
0	182
0	298
22	163
18	116
140	181
0	65
0	604
36	604
218	604
2	0
61	0
0	168
102	1022
0	105
0	959
408	0
1410	483
2	482
0	0
1575	0
0	0
6	0
0	3
0	0
0	0
0	3
0	3
0	3
116	0
91	1621
0	338
177	346
0	0
235	0
0	3
147	107
0	111
0	103
14	54
31	1780
119	0
0	0
730	387
0	276
1	123
0	12
0	25
0	51
0	47
0	31
0	51
212	1291
0	224
0	201
0	1897
380	1897
0	1585
196	1585
15	10
0	10
0	15
0	251
0	232
855	497
0	149
1127	160
0	149
788	95
20	56
0	12
14	0
1030	0
15	0
638	0
1	23
0	0
1494	0
40	1031
824	1032
21	379
0	309
7	1329
49	1391
536	321
0	17
10	22
0	5
0	5
2921	840
247	400
49	440
967	27
9	26
515	505
0	147
196	1629
0	613
0	230
0	1629
19	5
0	0
87	109
178	610
0	0
0	543
0	566
1	611
4	0
20	0
0	0
98	441
0	441
3034	53
1	53
0	86
488	168
0	82
100	946
7	950
16	951
1043	0
0	0
1	0
84	8828
13	8490
999	8496
12	19
0	0
0	19
2752	1273
0	5
0	69
0	41
5	108
9	11329
699	11329
69	0
0	1145
0	296
0	1338
2	1410
37994	22
121	279
85	279
331	234
30	121
10	234
0	0
0	0
0	0
52	155
11	5
0	155
51	133
0	133
0	0
0	0
11	19
0	19
7023	4
16	12
0	75
0	45
0	280
0	289
0	0
321	1917
11	1917
0	832
1446	1366
0	408
0	358
0	54
13	49
983	63
3068	1
0	0
0	46
0	183
167	8
0	8
2	0
1	26
0	0
0	26
1151	103
0	103
584	0
0	0
12	0
3	0
4	1114
179	1182
0	105
5	1427
19	435
39	435
3364	2729
0	919
46	1166
0	0
0	0
20	86
38	67
1	81
7	4
23	4
0	13
20	59
0	59
0	0
0	0
0	189
387	189
2262	0
51	1465
14	62
15	1302
0	6
956	0
133	1
145	612
94	612
49	349
0	333
0	349
33	22
0	15
86	0
3	0
0	37
1	71
11	71
46	5
2	5
7	0
40	180
70	180
0	16
11	250
0	42
0	234
2	3210
62	3210
3	0
30	0
0	0
973	0
93	200
0	200
1579	33519
75	33519
58	3
0	59
0	57
54	483
0	483
330	1080
23	73
52	1080
2885	4205
1441	0
146	2478
7	2478
0	13
0	10
1	10
1613	1
1	0
0	4
0	1
0	0
1093	0
1083	46777
446	7107
0	6781
24	47103
0	43
0	1083
0	2129
1653	2144
7	110
828	310
4054	10
0	0
254	306
0	306
11	11
0	5
5	152
1248	153
779	0
6850	3
140	20
0	20
77	1973
179	1973
22	0
0	0
0	0
1555	444
15	442
917	650
0	650
0	0
0	0
0	0
253	73
0	73
0	1021
0	36
439	36
0	283
91	150
0	117
72	0
1494	1
66	77
0	83
576	160
64	1020
0	166
13	1020
0	35
0	50
0	31
0	172
0	55
0	626
0	6
0	76
7	2960
0	2995
0	2871
0	0
6	58
2	43
3	15
401	6409
16	6409
0	0
0	23
5	23
0	94
411	392
0	68
0	132
0	398
0	0
0	1
65	3374
87	16
1261	109
0	109
0	133
0	208
44	2304
9	1230
0	1230
50	2267
14	49
38	49
159	0
118	24
0	16
0	21
57	74
0	54
0	4
0	4
0	148
0	0
0	0
5	0
0	3437
0	50
32	3465
1027	0
0	448
45	734
62	4
1	15
67	15
248	786
0	786
453	1
370	46
22	46
456	0
0	58
114	58
1	0
111	8
0	8
834	202
0	202
1	0
42	0
1386	0
0	8
124	8
1423	985
26	985
0	0
52	9
0	9
0	0
79	119
29	119
3644	839
82	7
0	842
0	834
0	370
301	110
0	9
0	100
189	0
94	375
3337	379
47	175
170	127
120	38
0	38
158	0
28832	30
20	113
0	113
0	0
10	6
109	0
160	4574
4	25
95	3748
10	4320
0	138
4996	1
0	6
0	12
0	3
0	33
0	33
0	23
0	27
0	35
24	16
0	16
0	22
5316	1
31	0
31	5
42	48
0	140
67	140
269	0
0	148
23	148
7405	2
874	103
0	97
23702	26
492	0
20	0
649	2575
0	538
0	563
0	327
0	18
0	312
0	320
0	326
756	2329
233	2323
453	0
928	1
76	131
0	131
0	78
47	435
0	114
0	24
0	49
6	2570
0	55
1863	534
0	534
1354	0
7	16
17	0
1508	1955
3	191
2	1790
33	876
330	5237
24	5165
3247	13891
22	13891
1	9215
119	0
407	0
213	0
117	20
1	20
1954	876
58	876
0	6
47	188
0	4
4	20
0	8
4238	1
0	0
69	0
1407	102
0	102
106	100
187	100
0	11777
0	5365
0	10186
5	9266
0	11890
27701	16923
0	9163
0	2403
100	2296
0	1498
1259	56
0	56
38	28
412	1357
182	965
0	145
12	1434
1233	295
0	3
0	0
10	16
0	3
0	371
188	371
0	45
708	45
0	62
511	62
0	371
0	279
0	326
0	442
3	309
25	34
0	1650
0	253
5	1586
715	1
0	2
0	0
12	2
146	0
41	345
6	300
19	377
14	377
137	5
0	5693
0	5834
30	5834
12	6
0	6
0	0
768	0
77	0
2	32
32	102
362	817
0	44
0	817
1281	1434
0	555
0	1385
1614	5
0	8
0	0
0	0
0	8
0	117
2	134
56	1117
54	1117
3209	2708
0	2708
182	0
354	1170
1	279
0	400
1364	0
391	802
0	942
1986	1399
0	1395
642	121
0	120
105	517
0	2875
0	288
0	5992
2	68
0	5177
0	5119
1573	5812
350	953
24	38
0	38
1112	2
158	0
0	0
1256	0
3315	717
0	717
142	517
8	517
116	270
172	41
0	40
64	1
25	1162
35	1256
0	1258
0	1285
4	1166
0	0
0	0
1	0
0	0
0	0
5	3
0	3
0	0
0	0
0	0
0	0
0	0
0	757
0	568
0	758
0	748
831	537
0	534
55	0
0	8
0	0
0	8
0	3
0	3
890	0
91	556
0	556
64	39
0	38
17690	1370
0	1
3178	0
47	1650
3	1650
20	147
0	147
0	18
0	141
0	69
0	133
0	141
158	90
189	83
0	9
7	9
0	0
18	222
18	222
50	0
129	377
0	377
148	0
5705	7417
0	7416
0	0
248	3403
0	3403
0	7690
0	10848
4014	57537
0	45323
6	57545
29	0
1604	7
19	4
205	965
0	988
0	0
2	130
0	33
4	150
340	1886
0	1831
0	117
0	117
38	353
9	288
0	235
0	269
109	0
0	6
0	6
6	0
5	0
0	8
0	8
909	0
840	0
0	241
64	241
2	542
1	542
0	542
833	500
29	15
25	571
0	556
0	0
0	0
0	0
0	2
0	2
0	2
1353	902
40	901
1083	0
0	231
20	5708
0	5553
0	0
0	0
33	647
0	304
116	917
0	792
0	410
764	584
3	0
1087	13
72	283
0	262
3	254
355	272
0	1
0	0
0	1
3772	4
6	5
0	5
0	5
0	5
0	0
3946	7028
13	743
0	459
0	6805
504	6616
827	3
0	0
1	673
2612	1945
0	1998
52	1985
208	0
0	449
0	447
0	450
0	460
0	513
1834	1518
0	1494
1748	0
291	8735
2900	8737
13	2859
1	491
5	388
10	5321
0	4443
0	5152
182	0
4	229
3	229
342	3
2377	406
1	404
7	29
10	82
0	82
86	273
2	128
0	152
681	37
0	37
20	0
7	0
607	364
29	364
0	26
0	26
0	26
142	2356
10	319
38	2356
0	0
0	0
0	234
0	4051
93	4169
16	55
0	25
0	44
13	55
0	37
83	606
0	606
5	703
0	0
0	4
4	4
0	119
0	10
0	2
20	120
8	155
46	2
2	3229
51	3389
0	76
0	169
0	0
0	0
214	2403
72	2101
0	104
4	97
7	225
146	1276
34	1248
0	193
543	0
248	1712
2497	1712
0	142
0	35
12	142
1	2292
0	34
2	760
0	962
389	846
140	2328
10	2328
0	2288
38	2210
0	442
105	241
19	1948
694	0
1810	0
1057	1795
5636	1011
570	6
1814	798
0	798
0	50
45	0
10	205
56	761
0	761
13	12
0	12
0	1
604	0
70	1268
0	1268
9	11
0	11
0	390
3	0
1673	3199
3	3181
0	3174
296	0
546	143
0	143
182	14
0	14
60	247
6	83
0	215
13	24
0	135
311	135
0	5
0	5
0	0
0	47
122	47
279	246
132	246
1895	549
0	549
0	37
123	66
0	66
88	228
60	1424
0	1424
1	1229
260	1
781	0
1748	1
13	0
31	100
41	161
17	123
1029	562
110	0
58	261
42	1537
111	1537
146	99
9	51
0	48
0	779
410	961
651	1
0	0
57	198
5	173
0	78
64	121
379	34
18	33
2708	1618
0	1487
0	1511
0	1597
0	0
0	0
0	0
0	0
687	83
2	83
18	0
16	0
4534	5
1699	31
11	62
0	62
406	5915
0	162
0	126
3786	2323
0	0
0	0
7	0
4	0
0	0
0	48
69	48
98	17
35	11
0	8
884	483
114	54
0	0
73	0
9	9
0	2
0	7
0	0
0	88
0	104
0	104
452	720
13	0
0	572
82	1644
0	1737
0	1601
1125	0
648	2
764	0
923	59
0	56
151	0
56	15
0	15
0	0
782	787
33	787
3	65
1117	636
0	636
0	2
0	2
2670	2047
53	2047
1047	4
0	0
378	95
0	95
2	0
580	0
60	31
0	337
0	130
0	556
0	265
0	91
2	646
0	1059
0	38
454	38
245	0
15183	2178
0	2174
5470	251
26	250
9	0
146	0
1998	2
113791	90566
414	0
15	4
0	4
0	4
1	0
0	0
0	0
61	0
1	210
5204	222
5007	594
22	589
0	1274
0	1290
4	556
798	2709
0	40
0	7
14	40
53	202
6	66
0	9
0	22
0	0
27	351
769	351
947	2
4	0
114	157
0	152
0	146
0	77
143	77
0	0
0	0
9344	3
7	0
454	4
1153	547
0	521
0	399
115	0
237	214
0	98
14	228
51	0
229	93
6	93
0	92
7	5035
0	5035
0	4875
11220	5
0	64
0	10
0	279
0	98
7	244
0	0
0	6
0	6
0	6
370	0
24	679
259	1042
7	814
144	0
0	0
3055	0
130	209
1074	209
289	0
0	17
0	14
11	23
0	23
2	0
0	0
0	0
30	580
12	614
3406	8716
0	6475
537	13060
0	13060
3367	484
0	484
274	0
0	0
775	3
99	0
0	5
69	72
0	72
0	0
0	0
0	0
0	1471
733	4766
0	4785
0	4785
4055	2
1921	2
18	1014
1718	1042
0	1042
86	803
3	805
1945	0
0	25
0	25
434	26
2273	255
0	255
251	119
0	119
1315	0
212	60
0	60
0	158
0	207
1	37
53	869
2	791
3964	10
0	0
0	597
0	587
0	678
0	668
0	630
69	0
0	95
190	534
0	439
6	5
22	5
710	181
0	149
0	549
0	537
0	20
0	537
28	547
519	55
10	55
0	0
0	0
0	0
0	525
0	353
0	796
814	1089
0	710
0	82
24	82
1168	0
213	437
192	23
0	758
338	761
3	16
0	16
507	1296
0	0
155	53
0	53
0	53
0	0
212	1241
423	1253
349	1255
50	331
11	331
150	1037
0	1037
12	576
307	844
4566	0
1406	1393
0	1391
0	1
62	1
929	0
0	274
2116	378
0	0
0	0
17	114
138	118
5677	578
0	576
618	348
0	240
0	342
904	1
6	69
59	52
299	467
0	466
37	437
89	53
30	20
0	24
0	7
0	0
0	478
0	502
0	7
0	25
141	0
0	0
0	0
1729	2
106	78
0	78
125	15
0	15
10	1128
1	1128
4	0
0	0
0	15
0	0
4	15
14	29
0	1
0	1
24	194
1237	2996
5	1376
0	2984
5	1777
5045	2265
0	756
97	563
50	644
642	755
0	755
58	105
6	105
7991	12577
19	23
0	0
0	0
0	26
0	5
0	6
0	20
0	7
0	7
200	0
92	14304
49	14314
0	705
0	10745
0	2
0	1
24	3
126	34
0	332
3	139
5	0
1111	2900
128	0
46	0
54	0
46	2579
0	2579
0	1939
0	2619
0	0
0	0
0	112
0	221
0	453
0	476
0	0
4	2210
105	2210
26	0
0	1
190	0
0	1
444	2767
0	2595
0	2851
10	0
1195	1
0	0
0	0
11	0
0	0
0	0
790	0
384	588
8	0
989	141
0	140
27	0
4	57
525	911
14	53
19	47
26337	13
0	19
7	19
3730	1
0	15
176	186
4	172
0	68
0	205
0	195
0	0
0	0
0	0
13	82
0	24
0	82
637	0
0	8
0	50
795	60
4472	8951
11	8171
32	33
0	32
4950	5
2321	1
0	0
0	0
0	0
0	38
65	120
0	145
0	119
0	119
0	855
108	756
0	984
0	1877
28	1825
0	0
259	0
51	47
6	16
0	31
1343	0
797	1858
0	212
81	1854
1044	0
6	1946
2	7314
13745	9268
3	0
74	1624
371	2442
0	818
45	131
519	276
0	7
10	73
26	229
0	37
0	27
0	210
0	39
108	128
0	11
0	5
0	11
0	11
0	17
114	17
0	0
11	0
14	0
14	0
0	3
0	3
404	213
0	213
274	1996
968	1996
0	0
22134	9
89	56
0	39
0	38
0	38
0	33
0	13
2393	397
3	197
0	315
16	31
202	31
0	0
5	0
0	0
0	0
142	459
0	383
1	383
937	193
0	193
930	1242
3	181
5848	882
0	874
0	56
0	48
0	50
2	84
18	157
0	110
7058	3977
1	0
0	270
10	23
8	239
694	0
11	43
0	70
14	0
0	797
2209	2912
0	2878
0	2644
1608	542
74	54
0	20
0	34
0	0
8591	4946
0	4925
0	4925
74	4684
0	4946
0	539
672	906
0	432
0	351
0	887
3	525
0	1116
12	822
1365	1317
3	137
247	2715
182	2715
0	0
264	161
100	39
12	39
4	12
0	12
2474	1010
0	1006
15	624
739	625
30	14
1655	302
0	283
379	17
0	285
980	126
42	126
0	0
652	3529
0	3529
0	0
0	0
0	0
15	0
22	151
100	1670
19	1615
5	1547
68	392
0	0
89	0
0	0
0	53
58	53
479	0
367	161
9844	1049
93	0
2466	1007
9	192
0	814
2451	160
0	158
4	2229
30	2165
0	177
0	2327
4	2230
396	2545
0	7
146	7
0	2829
364	2363
429	2305
37	360
711	364
0	0
0	0
1740	0
155	2
0	2
5299	192
0	180
0	58
5	53
0	15
320	2995
0	3171
0	7291
0	7375
26	2534
0	0
0	0
1137	645
0	236
14	39
0	39
22	90
0	61
0	34
3	101
0	93
5	120
584	2300
28	679
0	2161
0	0
657	0
14	88
1117	159
0	181
5	3126
35	3774
58	1028
0	2625
0	2919
1279	2
8541	1651
0	1643
69	502
0	502
590	1
40	31
0	31
767	5648
0	2800
3	4201
0	1187
0	0
123	0
0	9
0	9
19	9
0	0
0	0
0	0
0	0
1	32
49	32
8	0
9	0
11	0
0	544
13	67
8	105
0	543
3615	492
0	492
2918	2468
0	600
0	447
0	1471
0	9
0	114
0	127
198	128
0	123
63	3334
35	3334
0	2555
0	658
0	6
0	1874
1	2332
0	1256
3	2267
0	1244
1278	1244
0	2
0	2
0	52
120	52
0	0
53	81
0	81
61	0
44	0
0	0
729	6
604	5
0	1112
0	1169
0	1071
1	0
3	67
0	67
345	0
4935	323
0	320
67	1234
13920	1245
0	793
0	843
0	1794
565	0
3469	7
0	23
5	1088
0	34
1	1392
0	1381
2	589
0	63
0	60
21	179
32	133
0	101
19	146
0	0
1	590
0	549
0	440
0	243
0	13
20	13
3762	1898
107	1706
2	1503
0	0
1	0
0	0
0	0
0	207
15	257
1	309
1	958
10	123
0	2561
7	41
59	2623
0	958
0	976
59	351
0	244
0	395
0	0
0	6
33	3358
0	502
3	3509
17	120
0	107
0	30
0	0
0	0
0	0
432	0
51	32
60	32
0	0
23	0
0	0
12	14
0	14
338	1
37	0
0	84
353	84
61	487
0	487
502	475
2011	79
0	79
0	713
0	174
9	328
0	809
144	935
164	295
0	82
18	197
0	4
0	5
0	264
0	142
21	887
56	875
4	878
0	867
0	0
114	0
0	67
0	39
0	65
1564	2718
0	2715
23	18
0	18
7	3
0	3
126	64
0	3
13	3
61	11
8	0
0	3993
0	4379
0	2086
11	0
1561	1675
2	671
119	1381
1723	9
10	6
2509	0
0	384
14	0
33	384
410	40
0	38
0	0
47	0
0	0
0	37
244	37
41	196
0	120
6	196
666	155
0	155
0	0
1136	0
0	1
113	4
0	4
0	0
0	2
101	0
0	6
0	855
0	127
0	618
0	703
0	429
545	1466
0	775
7	393
46	295
0	295
0	1
1	1
446	492
0	388
0	503
0	497
0	0
0	1
0	556
0	1069
0	1664
0	1403
0	203
8	128
29	203
0	0
0	0
0	0
0	0
0	0
0	0
0	0
0	0
0	3
74	3
0	3
1	0
0	0
0	273
99	354
0	650
309	1004
158	152
0	152
332	1615
0	67
0	1615
0	432
0	263
0	505
128	937
3243	0
224	858
0	858
0	0
0	0
78	303
0	213
99	3226
4	5103
0	4850
0	1
0	5
168	0
891	3
0	277
2219	289
0	72
33	3278
22	3278
28	2869
1	0
4	193
8	195
0	199
0	125
12	406
20	416
0	23
0	9
16	38
0	9
0	15
0	10
4320	0
214	648
4	649
268	1
9	3968
91	3442
0	424
809	3776
0	3665
0	719
0	3248
119	0
12615	7738
0	7728
58	33
83	8
0	8
0	0
0	0
7	6
0	3500
0	4384
6669	21928
734	19714
144	231
72	231
1529	730
0	93
0	22
0	43
7	781
0	0
0	0
0	0
15	2636
0	112
4	403
352	2638
135	0
0	0
6	1
0	199
550	926
0	952
0	0
79	9
1	0
0	772
0	7329
0	7431
11	7316
0	7282
2	7214
6	6477
0	7176
0	7541
289	462
0	172
58	56
808	1817
3	1817
195	18
0	18
0	0
74	1046
36	1046
334	18
6	18
17	24
88	24
3	0
0	0
0	91
8	801
0	814
63	7
98	436
0	436
0	21
0	0
0	0
31	88
392	1
1275	14
0	14
0	0
0	0
0	0
0	445
335	671
0	320
0	506
61	632
0	0
215	1
509	1231
1741	598
14306	8197
217	8188
877	45
0	45
0	97
954	343
39	100
0	243
1326	0
3015	1
0	30
35	0
0	205
0	104
0	205
0	101
0	234
2	196
0	154
26	706
0	215
0	816
0	544
242	0
14	0
1937	1
152	500
0	117
0	670
10	826
0	667
1835	0
868	0
44	103
0	5
0	0
0	0
0	0
0	0
0	6
0	6
0	0
0	148
36	148
19	0
0	0
1	667
0	457
0	594
16	800
0	1038
8	874
28	945
9	4729
0	4817
1	898
112	1
40	412
0	99
0	412
275	562
76	562
1776	0
267	0
11	0
999	33
341	0
581	276
0	30
13	297
0	96
460	96
58	632
9	632
2654	6
1	0
20	0
0	287
873	289
560	0
59	0
15	4
0	0
3	0
7470	4
25	468
0	500
10	38
0	670
204	4541
5	25
59	559
195	4570
0	2052
227	2061
219	2067
0	272
0	13
0	262
0	274
0	274
815	95
39	95
710	4083
7325	4083
5	3
0	25
0	22
265	1915
0	130
81	130
0	1400
1	442
2528	1401
6192	3683
18	3674
30	3667
114	47
29	0
0	47
6	0
2237	2
99	491
593	382
0	353
0	422
0	262
20	1629
2018	2317
0	2280
648	2017
1522	1
1	0
657	2034
12	1247
0	56
21	1246
408	2125
0	42
0	63
0	84
25	105
24	1265
0	304
9	1163
4	728
0	0
293	2062
8482	5
420	1816
0	0
0	0
56	0
7	0
0	57
0	63
0	0
0	0
19	63
0	37
0	212
1313	1073
14	841
3044	5
7	128
1412	2345
278	1
17	977
10	977
5390	6
739	264
0	264
0	19
0	19
87	602
1038	602
0	0
4	45
18	109
221	298
0	11
0	285
70	276
769	277
0	0
5579	279
0	12
406	1472
0	1472
0	0
106	209
0	209
0	30
0	102
0	138
0	102
3	138
0	138
299	0
2337	424
1	424
48	1785
27	1785
542	0
0	0
53	0
641	2
3	0
9	0
0	0
0	0
0	3
759	0
5	3
0	0
0	0
142	222
22	74
0	231
37	940
158	940
31	101
562	63
0	63
34	271
414	271
226	447
0	0
0	447
154	0
136	738
0	682
0	693
0	770
0	763
7	344
0	49
0	344
5325	3
295	3
0	27
9	30
16	0
58	0
35	1213
357	1213
0	4
0	4
0	4
0	57
0	74
0	65
4	66
15	2115
0	2115
3123	0
66	0
1055	2780
0	215
0	1823
11	539
0	1925
206	278
0	2683
5	2721
0	2683
0	2604
0	85
20	85
6	6
0	6
0	6
1	6
29	453
0	319
2836	604
1	64
0	64
0	255
44	255
32	0
75	391
168	536
937	2762
0	2807
2567	2
0	141
0	144
6	1261
8	1261
0	0
0	0
0	0
0	0
19634	9472
485	590
0	261
14	392
7	392
6	56
0	56
1600	0
310	0
565	549
0	121
0	133
0	549
5498	1
0	0
0	0
0	0
0	0
0	0
363	0
45	0
58	0
6	232
0	144
0	15
97	74
1025	0
0	0
97	0
6839	1207
81	1148
475	3
1	0
31	44
0	44
1867	0
567	0
0	52
0	8
31	280
290	250
26	3229
0	3229
22	205
1	191
0	191
0	205
0	191
35	1181
4379	1144
57	211
0	60
12	201
0	227
507	70
0	70
558	0
3	209
53	209
0	10
0	10
31	76
19	917
82	203
2139	0
3	85
847	86
9	101
50	94
2	44
287	0
0	144
0	232
7	131
131	0
2	0
228	3800
0	345
26	3557
277	291
0	291
8163	420
5	409
300	1540
0	62
0	1556
14	178
160	0
18	0
0	4
0	4
868	0
1	734
0	389
4	88
0	29
813	1966
5	1619
0	887
195	887
0	0
0	0
0	217
215	1977
0	2030
0	1990
542	655
353	655
2938	4144
5	176
0	415
0	0
1357	240
0	12
0	240
0	0
0	0
0	1
15	5053
0	5053
0	236
4189	4981
120	0
0	1
0	1
589	3988
0	3988
0	958
5641	11
192	0
2	0
13	0
45	466
0	358
433	429
0	0
0	13
0	24
0	20
18	372
0	0
20	0
0	0
0	6
0	6
1635	4
0	0
0	0
0	1400
0	1419
3	1416
16	1430
0	872
0	0
690	305
0	305
12548	5768
0	5761
104	1260
382	1260
156	17
0	17
12	19
1428	19
0	0
0	0
0	0
0	885
0	454
0	892
0	461
198	885
57	256
70	15841
5	257
0	15976
0	372
22	3112
1577	3150
0	353
8	0
17	0
513	0
45	625
0	603
11	640
855	13615
57	6447
112	5658
41	13342
48	16
0	963
0	5198
5	5168
0	5209
1	5265
0	272
0	193
0	250
8	205
51	0
0	0
0	0
2	0
2450	3469
48	1324
0	3469
3419	1
0	0
0	1
30	1048
58	1048
44	0
429	1431
0	1431
398	0
18	455
2163	455
0	0
0	5
0	5
0	5
5	5
0	5
6	703
19	505
19	627
0	335
0	357
13	386
0	345
0	355
49247	29
49	90
63	90
0	29
0	186
15	742
27	749
9	54
0	640
0	0
61	191
2	119
22	0
9	9
0	0
40	72
0	72
11	1451
38	1451
0	1451
40	3302
672	3302
0	0
0	90
525	201
0	173
76	2402
0	103
0	123
194	2312
0	0
0	1
0	1
0	2
0	0
7019	2359
0	2349
0	400
154	620
0	619
76	614
33	614
0	26
0	50
66	76
17	17
0	17
0	20
0	0
146	0
1495	750
0	750
965	2512
112	2512
0	0
0	0
1789	15
0	14
4365	2
0	0
21	7
0	846
13	848
0	648
0	654
0	439
0	393
0	0
0	0
6	5
0	0
0	0
3	0
0	19
0	49
12	68
43	1467
459	1467
864	1236
0	1233
16	1090
0	1106
0	390
0	55
16	116
10116	7
2146	5573
0	1892
1	3366
8	2222
1285	0
116	5082
7	2676
662	1745
112	4681
0	0
0	7
693	1847
0	317
3	135
0	122
0	64
86	2499
330	0
0	135
629	0
0	0
6	0
0	4
13	7
0	4
0	8
0	0
4	39
0	0
0	25
0	1
2	12
0	12
0	12
0	10
9	67
773	68
147	0
0	0
0	0
44	771
0	771
102	846
0	846
2941	391
31	390
17408	15
6214	1695
0	163
0	579
0	1588
29	302
0	25
0	1413
4	3295
0	3256
0	587
0	310
559	5
4	5
4649	4813
188	4854
8	3564
0	3952
336	274
0	127
0	264
0	188
0	203
503	321
315	4996
135	4996
0	5
0	5
341	576
207	47
17	4
0	38
0	41
0	38
0	10
0	5
0	10
172	82
0	82
903	1750
0	1750
0	1
0	1
0	0
0	0
102	115
64	0
33	293
0	110
342	196
0	176
798	4455
211	2608
29	1672
5	928
157	1242
0	916
2	3127
5	3491
0	3536
0	0
0	0
377	0
0	0
0	95
532	1028
11	0
0	581
0	581
0	581
0	443
261	0
0	13
7262	253
0	238
147	3061
0	658
638	3062
0	0
0	0
0	592
0	430
0	406
40	18
0	432
0	272
48	419
0	477
1062	1622
28	1390
475	1020
127	1020
306	0
0	638
0	214
1035	652
3	219
0	510
0	312
0	133
2	128
42	128
0	16
0	16
140	53
0	37
0	0
2677	1037
0	1037
7817	10409
1220	1
0	5
0	8
0	38
0	33
894	0
2019	0
26	24
1	22
37	14
0	14
0	13
4	0
0	805
0	851
0	743
0	838
0	805
2	889
16	889
50	409
0	478
0	411
0	478
0	0
18	0
1	0
0	0
0	0
0	63
94	648
7	546
0	532
0	639
0	224
78	246
0	215
0	215
0	215
0	742
0	326
33	890
0	890
136	661
0	661
41	14
0	4823
0	4633
0	989
1196	6143
0	10
0	7
15	66
291	66
337	2786
142	3739
53	3524
0	2
0	2
31	0
0	0
7	40
0	29
1440	11219
76	11183
13	506
14	2707
0	11177
0	4
0	47
0	2324
14	21
133	2324
53	0
0	16579
14	11363
0	12665
4	16579
3	91
442	91
36	0
5	125
0	0
13	14
92	1
6	32
0	1060
25	1440
0	1431
0	1491
2033	8
0	2
0	275
162	527
0	158
0	182
0	694
1971	695
801	589
0	589
4	0
0	0
0	4
8	4
266	228
0	228
1913	4400
0	4460
25	839
447	3
1820	4492
10	44
186	80
0	36
10973	1
0	3866
5390	3869
312	0
49	496
0	143
40	490
0	260
491	1569
0	285
0	1314
184	224
8	224
0	44
6	44
719	1853
0	1853
495	0
47	6355
0	6355
0	38
780	38
2377	1155
7	1077
0	811
225	2207
0	133
0	1861
1	2225
0	5214
393	5214
1704	1607
0	915
0	1391
0	0
0	0
22	16
0	0
0	0
0	0
0	0
0	0
5	0
0	6
0	6
47	0
215	0
0	0
0	0
0	4
0	0
4677	1
4	2
0	2
3	719
1786	722
0	1
0	2
5	2
0	33
0	33
0	22
2910	85
3	53
1	32
33	21
0	10
0	21
25	927
71	927
11261	15872
0	6643
1	15870
0	115
0	26
0	115
184	0
547	0
130	1736
2	1736
0	0
0	0
0	0
0	848
2770	876
2	2651
3454	2653
739	667
17	667
58189	26
0	6611
2566	6642
13	169
73	248
0	682
0	514
160	682
792	1628
814	1628
143	45
0	26
0	19
0	1542
1	1542
4	1542
0	0
0	0
0	9
0	9
1232	0
3	0
117	0
0	0
36	50
0	38
0	50
0	0
0	0
10	8
0	0
0	8
2596	2988
4	2988
0	0
0	0
0	28
0	1050
18	1046
182	1259
0	1259
0	382
623	0
0	1
0	1
0	1
0	1
0	1
0	1
0	2
0	1
0	0
321	1412
4	449
792	0
59	0
0	685
15	791
0	0
108	494
0	494
0	19
0	19
0	0
383	0
73	446
0	551
501	95
1	95
0	0
0	0
5814	2
0	2
0	205
105	205
847	1
81	1301
24	1426
0	199
16	92
0	33
520	297
0	20
988	1
6	535
0	305
0	85
22	521
0	460
6	12
0	12
596	0
618	0
265	383
0	342
0	347
0	309
0	342
0	304
0	311
0	328
235	0
0	0
0	0
6584	11
48	0
0	10
3	10
49	10
0	639
0	340
0	359
16	672
0	639
0	0
0	0
0	0
16467	5174
0	428
14	4429
275	1413
354	1972
0	924
66	133
66	924
51327	12479
0	1575
0	9476
0	0
0	2073
1342	2073
7	4116
8718	14861
0	2471
83	14787
3129	5
310	75
308	909
2805	1
0	6
19	6
4	14
0	14
1224	5649
47	1683
0	5231
0	418
0	0
12	0
200	0
10287	6
4013	0
245	25
0	25
1	784
75	784
90	2700
0	3233
0	3315
9	0
1214	888
0	888
0	3
0	3
0	1523
0	1064
0	1922
0	1825
1234	0
1409	606
5	0
0	0
220	0
234	239
20	51
411	3212
0	846
0	2800
318	170
0	3
0	3
71	438
658	438
407	0
13	1031
0	858
0	70
0	69
0	90
0	89
0	115
4	1486
4756	105
0	105
267	399
8	64
0	388
1653	1623
0	1623
20	1623
0	235
4	235
1394	0
31	2802
0	66
2969	170
3	148
1023	0
318	0
0	0
0	0
263	0
0	16
0	595
0	1497
85	1927
0	1937
0	1939
4	0
191	1388
0	1388
136	52
0	51
73	181
0	43
6	28
0	0
548	181
0	181
0	0
0	0
0	0
0	0
0	0
1	0
0	0
0	847
0	4676
39	4676
12	2
504	0
7272	344
0	340
159	0
5	0
0	0
0	17
0	0
0	20
0	180
0	505
0	546
89	0
1263	3
12	36
0	2
4	67
12	54
338	230
29	0
0	450
106	451
37	420
40	451
7	0
165	0
69	818
0	761
0	833
7908	379
140	372
17	0
0	762
17	762
66	470
0	436
0	470
19	26
1402	604
0	562
0	42
0	383
1	361
14	369
17	530
0	618
0	20
0	484
69	572
16	0
0	4
0	0
0	4
1184	784
0	784
0	0
29	19
0	0
26	36
0	36
17	1826
74	33
0	0
0	0
0	0
0	0
161	133
1154	0
108	331
2	39
3	641
0	619
0	664
0	598
4687	9325
1578	613
57	430
0	54
10043	2324
0	832
394	370
46	1171
30	19
3	0
19	0
906	119
0	113
2	57
31	46
3	29
105	0
5	31
0	31
8957	8
2	0
0	0
5748	0
1017	371
0	0
0	369
0	180
0	0
0	0
0	0
9	41
0	38
16	510
4	424
4	315
132	121
0	67
104	264
0	387
11	320
0	107
0	212
7	1280
2	333
0	361
0	1244
2461	10
5756	5132
2748	5131
223	466
0	190
1	466
23	0
76	22
6	22
1460	4465
145	4463
79	0
12	767
0	767
37	3469
413	3540
52	67
0	67
122	594
0	594
2319	5
851	0
304	10219
160	10219
1208	73
0	73
1270	258
462	258
288	68
5094	431
0	296
83	168
1115	2
77	536
14	3401
0	264
345	3376
2958	1746
18	240
0	30
52	0
0	434
90	418
0	410
0	597
2359	0
2485	162
0	161
25	53
0	0
0	1611
35	1622
30	61
0	61
91	192
15	7
5	91
1097	1549
0	1527
0	751
1561	751
0	81
8	63
0	90
40	0
5	0
733	1516
92	1516
756	1400
4062	0
13	149
166	234
0	41
0	100
0	97
1464	701
0	688
0	597
0	2
0	2
0	2
1077	0
3547	3
131	486
4	52
685	486
5	239
0	24
23	12
2913	20
0	17
186	17
13	24
4	2
0	0
0	0
0	8
0	8
2	0
59	1
0	26
0	33
7	36
381	6103
192	6102
0	634
176	634
123	3299
40	3654
0	2980
2647	3
29	0
1099	324
8	323
0	2
12	1658
13	1658
0	109
9	45
0	10
0	109
0	0
0	0
465	0
167	0
1493	1886
0	1819
0	1884
0	1817
0	0
3	0
22	52
0	148
486	194
355	153
13	8
0	1
0	8
4	17
0	17
18	0
27	319
0	370
1	370
0	0
112	0
0	73
877	73
138	37
0	32
0	33
9	37
0	6
6	6
0	0
0	0
0	0
0	0
0	60
0	391
0	923
7	935
0	902
0	906
214	556
42	3157
7	3149
0	1464
0	2
0	0
0	2
2	2847
0	5
989	3562
0	2655
0	32
36	178
249	221
43	258
0	258
80	11635
2778	11638
0	7450
0	8075
0	5054
999	0
1025	0
41	501
0	478
13	253
124	0
12	0
0	1239
31	3409
569	3169
1	2949
0	2435
0	2949
70	95
0	1672
0	223
934	1673
381	0
540	17
0	15
24	830
0	20
4	66
0	3
0	830
0	839
0	27
214	173
0	155
9	196
0	153
260	0
2	0
0	78
37	78
1	0
290	66
6	34
0	2
0	2
5	29
93	1
903	1378
0	2922
0	77
115	2922
9	25
723	0
0	31
44	31
3535	0
101	26
267	2900
64	268
0	125
0	0
0	0
45	0
0	3
0	0
0	21
0	19
0	12
0	21
0	13
130	13
39	177
2	68
639	1
13	0
0	0
0	0
0	0
2615	2
2305	775
0	774
128	190
0	0
0	190
65	8
0	8
20	496
2711	472
22	95
1101	0
101	0
16	0
119	510
34	229
79	292
0	31
0	7
0	292
0	6
0	0
0	6
6243	681
0	187
0	488
8	0
2406	168
0	168
0	3122
0	4941
0	2202
284	12698
0	12557
126	0
2855	674
0	674
17	857
31	792
0	725
0	0
320	40
0	0
92	39
4	35
0	0
0	0
266	857
3	59
0	857
0	839
0	22
15	22
9	0
382	0
472	703
0	0
0	0
132	192
19	192
2	0
0	0
0	0
0	0
0	0
0	4
0	0
0	0
0	0
0	4
62	1467
20	1467
0	0
0	0
0	0
0	0
8	156
5	350
0	187
0	298
0	0
0	0
201	0
4	31
0	0
0	31
56	26339
10	6365
249	12329
4	23149
0	21835
26	0
0	7
0	178
480	178
4213	6
4121	0
813	2874
201	227
186	370
0	370
4	11
0	18
38	64
10	64
124	96
0	96
0	8
0	5
0	8
0	1024
0	165
719	1009
78	890
0	0
80	50
5	50
0	17
193	0
16	0
5578	3
0	0
0	0
0	0
11890	2040
0	2035
42	29
4099	3
0	135
0	43
0	1
0	8
0	134
16	132
147	182
92	182
677	0
21	0
0	14
6	317
0	310
8	317
5	5
0	5
4	0
0	0
0	0
0	0
0	0
0	0
0	0
1031	0
0	210
2360	211
0	51
9	51
54	0
0	1390
1	160
0	1354
0	1710
0	1432
0	111
12	1689
0	2110
524	3502
0	3303
57	2688
0	1889
0	3082
0	1752
86	0
13	13
6113	3237
0	57
0	776
0	1357
0	2051
8	0
0	143
932	2303
123	2303
0	21
1	315
752	439
0	425
3	172
51	4
0	4
157	121
20	137
5	92
0	34
47	35
2	355
225	355
0	0
0	0
26	6
0	6
15	6
0	6
0	6
0	29
1	825
31	844
11	1
0	1
0	1
0	0
0	1
0	0
0	0
4146	1119
5	1117
0	2
0	2
10	1707
0	345
0	1699
5913	898
2	2
0	13
0	11
0	13
9	65
0	0
5	65
517	0
33	0
368	1075
0	1075
48	1075
87	1075
643	1
212	351
27	353
0	0
3520	1900
1	1235
3	10
0	64
90	226
1727	648
0	648
0	940
679	5320
81	5364
10	0
320	16
12	26
0	6
0	20
0	0
0	0
1731	0
107	68
0	29
0	3
9	0
0	0
0	836
1302	836
0	7
17	40
1	40
0	0
0	0
76	223
51	224
0	55
0	7
0	51
0	4451
17356	11236
0	1000
1070	11553
0	286
3865	1214
0	387
0	720
0	0
11	0
159	3836
0	29
0	0
3	3836
0	0
2	2189
4	27
72	32
0	116
7	85
281	112
0	276
1998	276
650	4523
303	4523
0	110
11	192
56	193
28	12
0	12
1	0
0	0
5	24
3	87
0	87
58	0
0	0
121	262
0	247
0	0
0	0
294	0
268	0
95	69
1794	72
0	0
557	1437
27	1437
40	650
0	676
0	676
0	4
0	317
0	55
0	432
0	0
180	32
0	32
24	251
9	251
2506	3
1234	65
1841	3
1164	0
0	7
0	7
41	450
19	450
0	0
0	0
0	0
0	0
0	9
0	9
652	1377
6	704
358	0
0	0
1526	0
310	0
29	619
2	3
0	1314
20	1284
0	1298
0	7
0	4
0	4
0	7
0	7
13	91
375	406
465	388
10	0
548	1
105	715
0	18
0	715
2857	0
33	0
0	0
12	0
0	0
0	4
0	78
678	203
0	125
25	1342
988	1344
50	40
0	40
0	0
0	0
0	6
0	0
57	1453
0	105
0	92
0	265
0	42
0	351
0	228
0	1459
0	1257
61	908
87	827
0	298
19	2022
15412	3323
16	2108
0	1743
0	1738
8	2234
18	151
0	87
56	151
0	487
76	487
0	0
0	0
0	0
0	0
15	47
1983	0
572	5375
209	2271
0	5375
0	0
0	14
1	49
0	46
0	58
0	0
0	3
0	3
0	3
517	25
0	24
22	7
0	7
700	0
3866	4
149	397
0	367
0	375
0	22
0	381
36	381
0	356
59	49
0	0
0	0
0	0
0	0
0	0
0	0
2165	1
0	281
0	324
11	364
4	259
570	0
4	326
26	95
0	82
286	313
757	0
10	14
0	14
0	14
1315	364
25	0
0	0
13	26
0	10
3	11
0	0
2	0
0	0
3	24
0	88
184	112
0	35
0	15
0	28
0	15
0	37
0	28
0	0
474	983
3	983
17	0
1461	1
473	0
0	69
231	0
34	0
501	368
0	26
0	50
0	264
5	356
0	33
0	120
11	120
0	119
0	5511
0	724
77	5511
239	0
166	0
0	0
0	58
0	155
90	346
0	321
0	305
0	315
0	40
0	0
36	691
61	2724
0	377
16	414
0	296
45	2417
0	175
4	162
0	186
91	428
2	206
3	381
2	380
5178	0
20	189
5	168
0	259
12	630
7	771
0	674
13	1369
0	0
0	0
0	0
0	206
790	209
7	0
478	0
0	8
0	8
0	8
0	4
0	0
0	10
106	0
24	3
0	3
92	2912
64	2912
0	0
141	886
0	541
109	378
0	401
1317	62
0	32
1	41
1234	6668
2764	6668
0	0
0	168
1575	170
423	0
36	0
0	268
0	26
0	396
0	101
0	638
0	688
101	772
26	766
0	678
0	678
12417	3248
0	3239
0	0
448	91
3	91
46	28
0	20
0	11
0	1
45	11
0	0
11	44
0	41
0	30
0	11
0	235
139	475
0	425
6	4204
0	144
0	430
2	4045
0	0
4	28
13	28
0	8
45	40
20	6
0	6
705	3584
4	2482
20	2635
0	357
0	0
398	669
31	669
153	0
685	0
0	1908
0	147
0	228
1276	1871
40	1686
0	987
0	1205
7	1244
0	992
0	0
0	0
0	0
0	0
0	0
316	0
875	2
0	0
0	0
625	0
39	3
0	3
52	57
0	25
71	25
47	498
0	503
0	503
73	1
0	9
0	1
0	8
0	761
22	754
0	689
16	1914
117	5653
5	5653
0	0
1015	0
7358	19997
0	2174
0	1055
836	0
18	49
0	32
612	52
0	29
0	52
68	5183
12417	5194
1	207
0	14
0	20
15	5
0	0
0	0
0	228
27	119
0	269
0	868
2551	756
0	701
135	0
1636	1
0	1711
195	1711
1194	0
807	10092
87	4562
191	9970
12	285
39	15
0	275
283	1385
11	1385
1249	4
125	69
0	69
2539	1694
0	1692
106	0
0	0
1	667
6	627
95	534
0	89
75	89
186	81
0	0
0	62
1082	62
241	0
907	1411
0	512
359	918
0	918
3591	669
0	664
0	215
0	200
0	30
0	215
0	1153
5	341
0	2755
2	2771
17	2563
0	2595
0	2868
0	2672
0	2708
0	681
0	214
0	200
4	203
15	0
0	2
0	2
0	142
0	90
1872	232
22	677
0	677
460	39
0	39
73	30
0	2
0	28
0	100
0	105
132	449
0	66
0	60
24	127
0	942
0	942
6	0
79	409
72	409
458	0
0	0
5482	0
67	143
204	143
4	56
0	56
62	0
76	3286
4388	3285
0	0
0	0
0	0
159	715
18	723
72	723
0	460
0	0
44	0
0	81
13	81
75	71
0	71
0	45
0	0
4	1
0	0
9	21
0	0
0	21
0	21
0	229
18	377
879	251
290	0
39	0
0	154
56	158
0	0
0	46
37	46
0	129
0	129
0	129
83	0
27	41
1385	79
23	79
281	0
76	0
3838	4865
2	4865
0	379
0	379
1	387
0	379
14389	3367
0	3355
2005	285
20	95
37	190
19	7
0	0
33	3
0	3
209	0
0	0
2788	4
219	2126
32	616
0	220
41	2254
8758	4830
1	4827
0	2849
493	2849
0	0
0	2
312	26
1	26
2043	30
0	30
0	607
4	58
20	0
0	487
18	490
1	0
7	446
0	24
1643	299
0	152
0	255
1	186
0	126
0	2
0	20
12	20
0	5
0	0
0	5
288	194
0	190
0	194
3	916
735	1202
510	1152
6	1085
1536	1138
123	5
0	5
439	0
5	119
0	56
25	274
7	46
0	0
227	0
47	15
0	15
21	1830
62	1844
177	0
0	0
411	392
7	0
1199	2867
2	2182
859	274
27	1403
17	116
0	106
0	2501
8	1257
0	368
2	9745
9	2687
0	6651
30	9894
73	9877
32	0
0	0
16	1466
0	1470
0	1439
1828	757
367	365
0	715
0	710
1	678
22076	12
2385	76
45	75
0	159
38	0
47	159
0	50
322	14
28	11
3	11
35	0
15	74
94	74
0	454
14	825
0	819
0	835
0	10
0	10
0	0
0	0
6	0
0	66
143	66
1068	2
0	935
0	822
84	936
345	1
2650	1005
29	299
0	942
0	339
1334	248
0	248
1423	100
0	99
24	323
0	323
18	0
3	20
1304	1200
0	97
72	1214
0	0
0	4
11	4
0	10
0	3
0	10
0	17
262	2273
1776	2275
0	184
0	398
30	1548
373	1548
0	540
912	98
51	1719
646	2357
0	0
845	1289
0	36
0	161
0	0
0	1017
0	1293
0	7
0	58
0	58
87	2422
20	2326
0	1535
0	2438
21383	13
0	417
124	430
5	659
30	508
0	0
0	16
0	10
0	8
0	21
6	21
3898	2
0	205
0	211
732	214
2	72
0	72
2	8
4	115
0	113
0	120
13	115
0	120
5	102
6	147
0	127
611	544
0	405
0	152
1160	1699
0	1699
2	0
0	11
1	11
722	0
7	3
0	3
340	176
0	176
0	416
3273	1128
13	705
1499	319
0	0
0	17
29	48
1298	1132
3	1200
0	1150
2	1157
0	32
0	14
1	26
0	0
318	210
0	210
0	190
0	0
0	0
426	42
1589	0
537	0
123	0
0	0
0	0
0	0
0	0
0	0
1302	0
0	0
11	0
0	0
0	0
35	328
23	328
20	2949
12	0
0	0
59	0
0	1
0	0
0	1
0	1
1223	2435
1870	2433
104	1711
0	1711
30	466
0	735
0	707
0	699
0	707
0	690
0	0
787	365
0	318
0	4638
0	4955
0	5009
33	2891
6	8
0	3
0	0
0	8
0	8
0	0
2228	226
40	218
0	56
0	42
2783	98
0	0
610	98
21	98
7	18
3	18
22	783
0	0
0	0
40	0
85	6394
5	315
12	7648
44	7691
4	7695
5043	0
0	12
0	167
32	179
225	719
0	13
5	34
0	719
0	419
70	668
0	636
0	0
0	0
224	0
71	249
37	249
0	0
0	0
39	13
0	3
0	0
0	3
33	0
0	1
0	1
0	0
3	9140
3	5549
36	9139
0	0
0	0
17	100
0	481
160	588
0	430
0	217
0	1932
17	1932
7	301
110	65
20	3
0	3
21	1742
0	1716
1	1713
14	0
0	178
0	5383
0	8816
153	8816
0	5395
2	260
425	260
3	35
4	35
166	212
0	42
0	21
6	216
21	0
0	1
0	1
0	0
497	577
0	0
4312	3443
21	3441
0	2
0	2
0	67
0	674
0	67
0	676
0	654
20	456
28	456
1732	1473
0	1374
0	0
1145	1786
2	185
321	1752
0	1
311	44
0	43
148	236
0	33
9	269
7	2080
2	270
10	212
0	2068
0	2038
438	895
0	1
0	10
0	11
0	9
0	0
539	1
693	1679
2	1679
5892	1
0	272
49	272
61	712
15716	6250
472	5523
5	47
15	47
0	0
0	696
1	208
0	247
2	175
4	119
54	943
31	107
401	107
9	29
0	29
0	29
0	106
0	444
5	446
6	446
1	0
0	0
0	560
16	1199
95	1247
0	1247
1711	934
0	239
0	695
1	2197
0	2
0	0
0	761
951	1115
0	379
59	2576
177	317
0	32
221	308
0	0
58	207
14	243
152	196
165	411
0	1270
1561	4672
0	4672
3	2013
0	2485
1830	2817
0	778
15	2312
0	573
7449	2651
3	2649
174	1800
0	1800
0	59
7	12
0	59
3159	0
0	0
0	0
1680	0
3518	894
19	685
0	821
355	7279
12	6423
0	0
0	375
0	381
0	400
0	400
0	1355
333	1355
5	0
0	580
0	128
59	607
3	114
0	0
340	1
699	41
109	854
0	48
0	43
83	897
1288	0
8	54
0	54
20	0
85	105
0	105
0	2
5510	1756
46	1047
0	706
18	0
0	0
0	0
2590	0
0	0
3773	2724
62	648
0	50
0	648
1	4
426	10
1	5
2136	0
3001	0
1501	876
0	0
86	2668
100	597
0	114
0	597
3825	0
0	364
324	682
0	2
0	16
107	18
0	23
0	6
0	23
641	0
10	23611
0	5569
104	4061
0	1924
363	3405
14	22570
0	22691
0	207
152	787
0	719
32	0
0	0
3	2637
0	277
372	3984
16	3984
4	0
72	190
0	655
13	655
0	8
3	8
5	3
0	3
100	0
160	290
0	289
0	15
61	0
0	7
0	7
14	0
1360	0
108	146
90	56
0	56
0	34
2	7
35	2027
0	2086
0	1991
0	2014
3	2016
107	318
0	0
0	0
6608	10
21	8
3052	623
0	623
2089	70
0	67
495	0
0	0
0	0
0	0
3292	2
46	325
1810	3797
0	6
24	421
6005	1784
2527	8
10	15
13428	22
187	0
11	40
37	93
61	158
0	5
0	3
0	5
0	5
0	5
777	0
6596	2
7	1645
319	567
0	110
0	510
138	69
0	69
0	0
0	0
2	0
1598	2241
0	2244
0	2244
3	1897
65	1784
0	1821
374	139
74	139
0	875
238	4430
0	4605
6287	12942
41	228
0	224
0	224
8	0
412	1262
2	1262
0	365
46	365
0	0
2	18
4	2525
271	183
1	182
0	0
0	0
0	0
0	2
0	0
0	8
0	8
0	8
0	1624
0	270
0	2340
48	2340
13	0
312	114
0	114
0	0
0	0
0	0
0	1040
0	1951
0	1997
3	1
0	0
404	49
0	8
9	65
0	65
578	2453
0	76
47	0
12	0
99	158
11	170
0	148
88	2122
2	1613
0	54
43	68
0	88
0	0
0	0
0	122
1270	1974
0	4197
486	4215
0	143
8	136
13	80
0	417
0	410
1948	2
0	904
62	904
1132	0
452	0
5	0
1521	357
1	0
0	129
72	129
273	1700
0	1407
11	1603
715	117
0	625
197	103
273	728
0	625
762	0
0	23
0	9
0	9
0	23
0	10
18	491
18	42
637	491
0	0
3491	504
0	27
0	473
366	267
0	267
23	4
104	930
40	172
24	275
0	782
0	0
0	0
5107	5175
5	5175
104	0
0	0
1608	934
0	165
0	317
0	509
0	1327
242	1327
180	0
65	152
0	152
0	0
2826	1
308	985
312	1298
4465	0
6	10
23	0
9	10
14	10
0	10
149	662
0	37
0	662
0	0
0	0
0	0
2	2
0	0
0	7
3	568
22	716
6	447
0	16
21	16
59	75
0	2
0	41
0	75
0	32
19	32
99	116
0	116
1296	0
0	12
6	12
1914	795
5493	1
416	0
3	637
0	618
0	39
0	407
0	503
2	156
0	39
0	317
2	472
1165	1058
0	1058
0	1099
3	30
0	2280
667	2280
5	19
0	19
22	29
0	0
317	1824
0	1973
2	1556
1398	213
1	207
0	32
84	1641
0	290
0	1641
0	1586
0	28
101	28
0	538
432	3888
0	1488
941	3596
0	523
0	1424
0	1622
0	15
0	0
0	2
0	2
0	0
0	13
0	13
0	4
8	17
0	17
0	0
7231	249
314	249
61	0
0	0
76	115
0	115
0	1
13	1
1221	144
110	144
681	3
0	491
153	709
63	709
1	16
0	3
144	16
0	13
988	1474
79	1474
0	34
1	40
279	5
0	5
45	226
0	222
0	226
1006	0
0	210
4678	211
202	0
53	145
1358	3084
14	413
17	232
57	2919
0	56
0	148
36	774
0	4
0	771
0	487
45	0
48	75
560	1627
340	29
90	1600
0	26
1634	3
931	0
33	994
0	127
2	996
0	0
9	13
0	13
0	3
15	3
6	60
1010	1553
19	1553
633	2733
0	115
0	0
182	2
524	2735
353	0
0	5027
136	366
7086	4967
216	0
0	0
1344	740
0	57
0	64
0	48
942	8
631	2
0	0
0	0
90	0
0	0
0	0
953	0
0	0
1700	0
28	0
0	136
76	139
0	0
0	0
0	0
0	0
348	0
224	73
0	73
72	6
0	6
0	83
390	83
280	0
66	6
323	748
0	748
0	6
447	657
0	657
0	115
655	823
835	1017
2	15
7	109
0	160
0	51
312	273
0	235
0	154
2	3
0	3
0	63
0	29
0	58
0	0
9	107
0	6
0	6
3	0
251	36
75	207
104	239
13	417
0	459
19	12
710	0
7	0
2880	157
0	156
0	30
24	30
4	455
57	429
307	0
2891	721
0	6329
9536	13262
18	9759
88	1808
0	1846
0	288
23	1850
61	92
0	23
0	92
11	25
28	25
11	10
5	3585
0	2144
0	6939
8859	9789
0	3951
706	438
0	438
3791	59
0	0
0	110
112	110
244	15817
28862	15829
20	557
0	520
0	16
136	53
0	53
0	7596
0	1131
5	7432
0	7265
0	7290
1749	261
13	261
0	0
0	110
0	140
0	152
485	223
0	157
4	46
11	46
0	0
98	398
1	83
732	1203
643	12
0	10
83	321
0	321
0	0
0	0
0	0
0	0
20	0
808	2098
0	2098
382	233
0	18
0	2
3	70
0	44
3	53
0	18
0	18
0	0
87	1697
1754	1697
1103	604
0	0
0	0
1716	3
2917	4
0	1395
4	718
1419	143
2471	143
51	40
0	3
0	64
6	58
0	0
0	0
8	0
34	3718
0	3621
0	3720
0	3720
0	0
6566	3400
0	3398
135	235
14	233
0	173
237	0
0	12
0	12
0	862
56	117
767	862
0	0
0	0
405	0
0	0
3	0
392	0
11	161
331	300
0	215
0	703
48	726
0	726
0	38
0	44
0	44
422	0
2316	237
71	237
0	0
0	101
769	101
2	0
0	0
0	0
0	0
10170	7
6	0
364	790
60	0
118	0
0	0
291	3417
229	3417
372	119
1	0
2173	2476
0	2165
2	2241
0	870
141	1726
21	1309
0	975
274	4
0	126
0	15
0	101
13	126
0	103
0	0
24	0
0	169
0	911
1	3506
31	3236
162	2767
0	32
5	2735
0	0
669	1416
36	1590
4	6231
54	558
13	560
0	723
66	6204
7	1268
0	12
0	1401
0	534
0	0
0	0
1163	293
10	293
0	0
10804	4842
0	1
4	0
0	0
0	0
0	0
0	1
0	0
3	21
0	1
12	0
0	681
95	736
0	0
1031	0
3	0
0	294
30	281
45	0
0	91
39	1386
0	1386
2	1376
21	141
1	0
1	1096
15	14
9	1964
2356	2410
0	874
147	460
42	0
4	180
0	0
313	1667
36	67
0	1444
0	1297
0	1621
3208	0
322	176
0	176
0	0
3	26
0	26
0	12
0	12
154	12
56	5
0	5
240	995
0	395
10848	841
2	234
19	8961
516	10499
65	1561
210	1899
0	35566
523	33498
3831	6
0	124
0	3606
162	3861
17	3032
0	207
0	0
0	0
23	17
128	24
986	317
11	272
6	40
0	0
0	77
241	77
0	77
805	3612
255	3612
0	3371
224	0
3	0
0	0
0	5
0	5
0	4
0	0
0	4
0	21
17	3594
0	561
0	3425
4	131
1	20
1	131
0	53
0	2
0	0
0	53
10	0
3	0
29	0
5805	5
2294	0
615	9934
0	1364
5	114
36	9906
979	424
82	76
0	31
0	77
489	4
244	3902
0	811
8	3571
78	22
585	643
0	405
0	636
189	0
904	6308
0	181
5	2329
0	240
3	4894
34	0
1986	0
2746	14389
236	1953
0	170
91	13444
80	1278
7797	3127
0	2955
0	950
0	33
20	780
37	749
0	34
1	763
4	781
0	815
85	49
0	49
0	8
0	8
0	0
8	14
0	21
0	57
150	71
0	4
0	4
0	0
5560	216
0	211
135	0
0	0
0	0
0	0
0	136
103	136
1411	168
0	15
0	166
1011	1380
0	904
13	1287
646	0
4	3
188	2372
26	2372
14827	75891
57	75185
3540	1849
0	1848
6	0
849	367
47	1066
43	1066
1167	0
0	0
16	6
0	6
3	0
0	0
0	0
56	285
3	283
0	0
843	686
0	686
181	0
0	817
44	1040
2460	1013
37	5303
134	8512
0	8279
12724	5
0	0
6	28
62	28
64	0
2	0
5	10
70	0
0	0
98	1242
0	120
3	1239
912	0
296	93
0	93
221	4192
0	4192
0	0
292	0
0	0
0	0
0	470
2288	470
100	0
0	0
0	0
2955	12
0	7
114	0
0	154
0	122
0	138
267	1
735	52
0	0
0	1
0	0
7	7
153	391
0	391
57	98
0	738
22	67
0	766
0	738
39	32
0	13
3	27
497	250
415	0
0	0
0	0
0	0
57	0
0	74
266	722
4	205
17	0
0	722
63	0
0	3135
88	3109
6	1174
526	105
0	2440
5434	3854
52	3748
0	0
66	0
0	2
0	0
0	0
0	0
39	41
0	19
14	54
2978	114
0	0
0	0
122	25
0	25
0	344
1	21
556	0
163	898
2	99
1033	104
124	108
11	125
0	35
3	0
0	0
0	0
0	0
40	518
15	641
0	255
2	641
3	0
1445	0
0	0
137	783
0	1297
0	276
3193	1308
0	0
0	0
0	0
140	48
36	47
2811	866
0	802
27	60
45	220
14	220
21	902
0	283
16	840
23	186
87	186
0	30
328	0
63	2268
5	2404
0	979
0	2399
73	651
6	651
36	1929
0	418
44	1722
0	0
0	0
10	0
4	16
0	16
0	121
32	90
3	100
0	94
0	0
0	0
414	316
0	271
4	260
0	363
0	219
142	623
0	4
847	483
0	483
0	0
35	12
0	43
1170	512
0	55
20	0
266	610
2	317
0	200
4	256
0	139
0	0
1744	0
2312	5532
0	0
0	0
0	4
0	7
0	7
261	350
0	0
0	350
0	343
0	560
59	585
141	637
0	100
86	100
142	0
195	188
0	188
2	161
0	161
804	406
9	405
103	668
4	680
16	18
3	18
0	75
30	214
31	205
10	150
0	119
0	150
38	0
8	141
0	141
255	182
0	23
0	62
0	89
3	89
49	184
0	32
873	173
0	335
7	34
0	109
0	5
69	103
117	62
0	62
614	0
23	0
503	94
0	0
15	851
0	851
0	0
626	0
0	0
6	0
92	97
11	97
0	865
0	758
0	798
6	875
0	10339
7883	10347
6	17
0	17
169	499
0	78
4	512
0	1
0	351
10	358
0	13
0	13
245	0
5	2
6	22
0	22
55	7
0	0
0	0
0	0
0	7
22	206
0	262
1479	1744
143	1696
0	867
0	629
0	343
45	7448
21	582
0	7255
0	0
9642	15
455	0
1	0
0	18
0	18
16	0
7	103
0	204
22	256
1924	1
355	0
28	0
0	60
83	60
683	2801
191	2330
24	35
8	35
1763	0
0	0
0	0
7	126
0	92
0	95
0	100
460	601
2162	601
159	0
0	0
0	0
0	0
0	0
277	0
37	2
0	2
0	0
0	13
30	19
1829	1
0	0
1177	0
0	60
0	27
475	88
180	0
0	547
786	1099
0	764
0	0
39	394
446	524
0	464
20	74
0	0
50	2
0	2
75	1210
139	1210
639	0
0	0
0	0
1865	215
0	214
1647	0
40	924
7	924
0	0
12	0
146	0
50	558
0	558
0	0
0	39
0	12
0	281
94	554
0	499
0	0
0	433
0	431
14	205
0	13
0	0
0	0
0	0
0	0
0	403
6	73
0	124
0	18
0	20
0	543
0	543
0	0
0	1
79	1
4966	46
10	42
0	78
0	54
0	49
0	56
25	64
6	3
0	3
27816	3873
0	3485
0	468
1	3581
0	3366
62	576
1	491
146	251
1	85
14	250
4	0
4	741
3	579
5	734
7384	7
21	345
21	1065
0	339
0	1111
53	1304
13	1332
1384	1651
1	1602
15	0
0	61
11	60
0	61
3019	1852
61	421
0	1850
0	125
2	231
0	231
0	31
0	109
45	142
0	38
1	18
0	6
34	34
1	236
227	236
16	17
1	17
0	283
6	7
0	19
3	70
38	824
0	719
3	859
0	0
5	0
1166	5
0	0
0	0
0	21
0	77
0	41
98	118
4	117
1628	698
5	168
40	706
343	53
0	53
0	0
2	0
17	1553
3855	1553
0	0
52	0
0	0
0	0
2623	1
244	38
15	38
0	20
2247	311
4	311
497	332
0	332
0	47
0	16
0	129
0	212
0	180
0	136
0	212
22	0
2767	1266
1	1264
4	0
0	0
389	772
2	772
753	108
0	108
25	737
274	738
3161	574
0	570
572	574
28	574
286	0
79	134
0	134
0	1292
42	119
91	1292
4809	5
3946	2899
0	2
0	25
9	25
83	1377
0	1487
3154	1909
0	0
0	5399
13	4938
0	1183
747	2228
0	0
23	0
30	72
13	0
0	72
0	0
8	13
490	3160
16	529
0	9
0	3160
3	43
3	69
19	182
0	176
0	0
0	0
0	22
0	22
469	63
0	63
0	2736
9151	2747
0	0
0	0
0	0
0	0
29	36
9	148
1	148
10	170
1381	1028
0	1028
623	186
0	186
0	608
268	2506
0	10
0	10
6	0
187	338
7	338
0	30
15	30
79	67
0	646
257	648
0	257
107	5798
71	6030
255	0
182	0
6	0
6	1702
3997	2245
0	1405
0	0
0	272
0	271
0	276
5	0
571	662
17	41
16	102
31	92
373	92
134	0
5397	1
562	2
239	2
554	521
0	290
0	389
0	0
0	0
0	11
0	0
0	11
1007	84
6	84
689	307
18	306
286	0
15	0
625	253
0	228
59	12
0	38
86	606
4	606
165	278
7885	3520
8	3509
251	187
36	166
0	92
0	144
252	13
0	13
12	16
0	0
38	212
0	212
12	216
0	216
0	216
4	205
756	5
0	0
0	0
0	0
0	0
0	346
0	345
0	0
0	0
0	0
55	32
0	0
194	1858
1293	1858
0	64
3	194
0	0
597	1
590	0
667	735
64	40
0	40
0	10
24	0
69	686
0	89
0	678
0	0
0	0
0	0
0	56
0	5
0	35
755	2
0	41
0	1483
140	1520
0	0
0	0
4	0
533	330
495	0
38	27
2	10
0	244
0	1289
409	1294
0	681
0	0
426	345
0	345
0	175
923	1222
0	246
0	1091
13	1193
34	18
0	0
0	3637
0	693
33	3637
195	34
0	0
501	127
3	70
0	70
56	17
0	0
0	0
0	0
0	0
318	1132
0	1132
12	595
0	595
0	1
0	1
128	91
15	142
51	310
13	229
5	311
0	0
1127	223
0	223
0	0
0	0
5	103
0	111
0	111
4	139
9353	3540
8	480
5	3362
2441	0
59	327
0	327
0	0
4	2
0	0
0	3
0	1894
2022	1895
0	602
6	125
0	537
0	0
0	0
0	268
860	3261
5	191
227	3168
4035	0
10	0
1	965
0	84
52	188
0	106
0	72
18	939
223	315
0	315
0	24
94	435
0	429
0	7450
4317	7454
27	120
0	120
747	0
2159	2
153	298
547	298
1385	1
89	112
56	64
655	4025
85	4015
0	50
0	50
15	0
0	0
31	207
421	2262
119	3453
968	4297
0	1158
3	52
0	2
0	1139
70	163
2	921
901	2058
3066	2835
683	2836
4	49
0	49
0	0
13	0
0	6
0	6
183	228
0	228
4	16
7557	7
0	0
59	153
413	564
0	492
6	0
0	0
704	0
699	0
232	1117
1017	1121
0	0
0	0
0	6
679	7
512	143
619	1
2000	681
0	681
0	0
0	35
0	22
12	57
15	0
0	161
235	161
1582	442
7	442
0	388
98	3409
832	3310
0	3341
0	3359
603	0
20	58
0	33
170	58
250	1624
0	465
38	1552
0	1737
539	1578
0	1578
65	593
0	76
97	601
0	0
12817	20
28	1145
3	1145
0	8
0	520
147	520
0	110
0	53
0	49
152	53
0	0
3653	3
104	1734
67	1734
3	50
3734	107
1	105
0	0
0	0
2069	0
4	0
0	0
87	386
69	386
39	123
1	123
0	9
0	6
0	9
1687	676
73	401
3	38
1211	196
0	191
236	6687
25	382
0	6530
127	530
21	495
0	402
0	5
0	5
0	5
24	51
0	0
0	110
8	85
10	162
5	102
39	102
0	0
3	17
1	17
46	154
0	249
0	237
1151	1
862	0
338	549
6189	550
672	3
0	9
0	47
79	47
515	65
0	65
0	9
328	1038
1601	1038
0	0
0	0
0	1
0	0
0	0
1	739
0	11
0	740
0	311
0	26
1	4
0	296
0	296
0	162
0	296
0	311
0	0
0	35
0	82
234	117
71	377
35	365
0	165
0	5
0	5
0	5
58	360
1484	362
839	0
2	0
0	0
24	0
0	0
106	0
4	2146
0	2636
760	3258
0	3526
0	2136
0	334
39	48750
198	4104
0	48122
25	47346
1434	48013
0	6
6	13
0	13
0	11
8	11
588	1581
29	277
5	277
3	13
15	54
0	52
0	3
0	2
0	0
36	136
0	136
996	2227
1	45
0	45
0	38
0	38
0	43
0	96
1324	116
643	167
0	5
0	5
0	5
2444	414
0	413
8	197
48	599
4	599
0	2
0	2
115	238
6	3544
3	3566
20932	9163
10	1400
15	2016
234	2111
0	731
0	2111
411	0
505	7788
3502	7789
6	151
0	20
0	0
0	0
35	0
393	415
1326	415
209	0
1230	1
10	0
0	51
0	0
7	3098
0	3098
3	275
0	19
2	747
1379	1182
0	1005
25	753
0	8
8	756
2	0
11	0
220	0
89	2318
11	2295
0	7
7	157
0	26
0	31
0	29
0	143
2	140
103	0
359	1042
0	1042
0	517
15	342
5	371
0	371
5	0
3	290
1337	0
0	290
0	195
1661	372
758	355
0	822
0	259
0	318
298	5578
17	5836
5	319
4568	319
187	5549
4	5550
0	5074
2168	5076
0	0
0	250
0	0
0	168
0	188
20	558
0	596
415	562
492	115
2907	4
9064	2665
0	2664
0	3577
17	4113
6	1137
8	6717
1	1510
37	7055
10	0
85	1106
7	435
0	1106
14	102
5	102
12	1642
300	1801
206	31
12	0
0	0
3916	31629
8	116
21	140
1951	140
336	0
0	16
83	17
0	13
0	57
163	57
6	92
14	488
0	3861
0	2280
0	1613
2	643
5	124
4	382
0	3789
0	3892
0	4299
19	109
0	193
30	0
14	85
0	103
2430	614
102	617
0	2
55990	37185
530	29132
1348	30862
0	7528
314	667
0	667
33	182
0	182
378	0
228	273
107	273
57	0
7	226
5	68
0	4
0	0
0	2
14	2
46	87
0	14
16	33
224	2586
71	2586
1	0
0	0
1369	191
0	189
9286	2
21252	22
1984	36
0	36
0	36
2	12
10	12
3	50
0	1
0	12
0	31
10	31
0	31
0	8
0	23
0	31
59	1012
138	1054
0	0
34	531
0	531
1177	0
0	0
0	48
0	53
0	0
0	24
0	6
0	40
116	1116
1425	1120
22	318
54	318
0	198
137	271
2537	0
145	1559
879	1555
0	0
0	0
5	4
0	0
0	4
20	45
68	45
2915	0
30	0
187	2200
773	2156
39	44
406	0
49	0
1411	0
4937	1799
177	0
1	23
105	4229
44	4142
0	19
26	263
0	263
167	2916
256	2916
0	311
9	164
5	317
0	317
0	0
3	0
6239	6
1744	382
0	382
115	0
374	2
0	4157
0	4037
0	4020
597	5636
0	0
0	0
595	254
0	100
0	254
1264	382
0	379
1502	4
0	1
0	0
0	0
0	0
0	31
0	31
0	0
104	801
32	801
0	117
0	0
0	0
62	1
21	3864
3074	4343
58	3025
0	40
0	40
669	0
1501	5
16179	11092
813	339
0	339
49	842
0	842
1934	3039
47	99
0	95
1793	2
317	548
29	527
0	88
0	101
1779	391
9	171
4	179
0	379
0	271
0	32
478	9
0	9
1938	6880
0	6878
1	0
18	31
1201	35
978	990
640	189
0	85
0	149
0	280
880	280
196	125
0	0
0	0
0	29
28	13
0	262
11	232
0	65
327	167
3162	428
0	427
6300	3
263	0
12	1036
41	1036
692	153
0	54
0	4
44	58
0	0
35	9
0	9
46	947
0	176
0	838
3229	0
38	1487
0	350
5	1352
0	1015
0	529
0	658
89	658
0	14
0	14
73	0
163	619
44	619
10	19
0	81
0	9
0	577
0	10
0	767
0	735
0	743
3	40
0	7
886	469
0	63
1	15
0	437
3	8
314	733
0	225
0	733
291	0
0	4
29	81
0	56
8	346
0	338
18	0
0	0
24	0
280	14119
928	14119
35	14010
501	224
234	0
205	55
0	11
0	0
0	0
5	34
0	34
0	16
0	16
0	16
0	16
3	0
0	0
0	0
50	74
0	39
158	190
4	151
37	1250
0	1250
1	0
6	51
12	16
0	16
0	48
116	48
0	0
151	97
0	97
0	2003
0	3027
7	2983
0	3081
0	3001
0	3007
0	2066
299	13052
0	2469
54	12225
0	11341
3	7237
11180	13036
8	104
10	108
527	11
2	1177
0	998
45	6867
179	1955
0	4065
33	6811
2334	1
1362	0
0	535
15	2000
3	2170
63	484
4528	6704
33	1668
0	1283
0	164
78	6587
0	5709
10	6586
651	1854
0	1854
0	211
318	339
5	127
0	0
0	0
0	0
0	0
0	0
211	26
0	142
0	222
12	934
0	443
55	934
183	206
328	496
0	695
46	673
223	204
190	204
0	0
47	34
0	34
8	58
1679	0
0	1
4	1
0	18
0	18
362	324
0	174
0	0
0	0
0	0
7	2498
171	2497
0	93
31	257
6	321
0	205
0	382
333	1066
267	1066
131	527
0	320
0	235
6610	1
133	696
0	36
0	668
7	0
0	0
0	504
0	11
435	3307
105	3351
256	0
0	6
0	10
0	111
65	16
0	53
296	245
0	0
0	1897
114	1897
0	190
0	978
2823	6
0	0
1616	0
1034	9031
0	8713
655	0
0	0
0	0
0	0
0	0
69	0
3563	914
0	50
0	15
0	9
0	12
196	77
0	2
8	639
0	178
0	282
2404	2623
0	2272
0	2308
205	0
0	0
198	0
33	1
0	8
0	11
0	51
0	51
0	96
0	84
12574	5
840	847
98	272
0	212
19	0
8	73
108	221
0	55
0	219
0	200
0	202
0	0
0	4
0	149
0	4
4468	12446
9	1538
0	0
0	0
0	0
1859	2
0	2
0	2
1026	633
279	559
0	173
238	1058
0	1773
46	1583
25	4829
0	10551
1121	12004
25	3508
2	214
0	0
0	0
478	4
0	0
0	0
0	0
0	0
0	0
5948	785
44	783
0	4
0	3
0	43
0	43
422	101
3	101
222	193
31	193
18	231
26	231
0	11
0	15
0	15
0	15
297	85
3	110
38	0
73	37
39	0
0	0
231	1
88	39
0	39
1548	184
0	83
9	30
0	101
0	1885
0	1646
0	65
6	2053
0	1885
0	2065
24	2091
0	1842
105	0
1759	4651
0	4651
11	133
0	0
27	1086
4	994
61	1106
283	1260
0	1259
7	57
0	8
23437	46068
0	0
0	0
0	0
2096	1614
0	1612
0	1612
0	0
11	0
10	1
0	1
73	386
0	134
0	379
1	368
0	9
20	9
0	98
0	79
5124	0
177	624
231	624
21	1
105	1154
0	1154
30	762
0	41
21	386
0	377
0	43
147	465
0	195
58	143
133	2
76	45
0	466
84	0
29	85
3	150
0	120
48	752
22	643
376	933
304	33345
0	33280
0	6948
0	7741
0	7354
24	239
63	446
483	2249
0	797
0	2249
41727	14
0	0
0	0
0	2
138	81
0	0
0	0
0	81
0	0
43	0
0	309
0	190
0	0
302	633
0	230
0	10
3974	365
0	231
2	161
0	15
0	15
1	1464
1249	1467
693	1200
0	1195
103	0
0	34
56	52
0	55
231	141
0	6
0	193
0	19
92	0
1863	0
799	0
455	0
2	0
322	0
141	13
0	13
0	522
687	522
2649	19
1189	220
37	190
0	0
455	136
792	0
0	0
0	0
160	408
0	668
0	222
0	579
0	520
0	505
0	520
10	0
0	4
0	4
0	4
845	0
110	0
38	46
1	46
0	3645
0	167
356	3645
0	0
1648	0
0	17
0	11
0	0
0	231
0	278
192	278
4	11
0	11
21	0
8117	0
19	0
0	381
1180	622
0	177
1247	177
0	66
0	74
2	74
0	9
0	27
0	28
0	4
0	13
15	27
2	0
0	0
0	0
91	662
0	662
171	96
11	102
10	70
1255	4178
0	105
0	657
0	331
0	3316
0	3347
34	3193
57	4207
975	369
0	191
18	299
0	0
0	0
17	0
4	12
10747	7
0	0
0	23
4	23
1058	0
588	0
22	266
94	728
409	790
0	513
109	171
0	16
0	106
0	18
0	106
0	2
30	33
2	92
0	27
0	27
184	513
0	220
2148	0
1542	920
0	919
148	1352
358	1352
714	957
3	25
35	25
0	14
109	727
0	727
0	33
0	46
54	1028
797	1029
0	24
63	24
1	130
54	0
0	909
0	699
1955	1431
19	2467
340	2441
1	2184
925	2147
0	0
0	0
0	0
0	1328
0	1360
72	1360
728	4163
729	4163
35	0
5	377
0	16
1	361
457	0
0	20
311	28
26	179
3020	0
581	0
47881	31
21	0
748	105
0	105
0	0
5	16
0	16
80	576
119	576
60	79
0	79
0	41
294	967
114	967
1393	1136
0	137
0	1030
0	992
0	895
0	467
0	998
0	52
20	52
30	64
0	64
0	140
0	1090
33	1123
0	798
43	995
565	40
0	39
0	0
1063	0
29	83
57	83
601	167
101	0
10	3
0	3
23	1
0	1
0	7
0	8
37	15
612	814
0	814
9194	6
0	2
4	2
0	312
0	576
0	566
0	322
0	12
0	450
32	731
27	658
24	497
0	0
0	0
2960	392
0	329
0	220
0	5
0	0
2843	1017
0	269
6	741
0	2
0	2
0	1
1	0
0	84
0	0
0	5
123	184
9573	12957
1	12861
0	8182
2	189
513	189
0	95
2	0
14898	9
144	3
21	3
397	361
239	36
55	0
1366	2263
263	0
2	414
35	1080
0	449
851	1253
746	1185
2727	1197
0	0
5	92
0	48
0	43
5	46
8555	2
0	0
0	0
153	0
67	0
62	0
0	0
0	0
0	0
339	912
2349	0
1328	0
172	126
0	126
0	7
0	7
491	959
6	253
3	2193
2	70
0	78
0	3137
0	3159
0	1688
0	3219
97	0
942	1246
0	1246
10	1246
0	1246
5	0
36	4591
111	4591
636	3873
647	6931
5482	6214
0	24
26	24
14	2729
5	7791
34191	11293
1	3733
1886	1
0	942
882	947
0	30
11	876
0	39
0	829
0	944
0	940
602	0
0	0
0	0
1967	0
9	807
3	918
528	0
1228	0
0	98
17	73
0	18
1	198
719	240
0	88
4	94
0	198
0	0
0	0
0	40
0	0
0	7
1353	0
0	0
0	0
0	0
0	0
0	0
0	0
0	0
1	0
0	0
53	129
0	129
0	150
453	150
0	0
0	873
266	873
0	0
0	25
0	0
21	0
232	722
0	21
4	723
0	724
0	722
0	605
0	707
0	0
0	0
4	0
15	5
0	5
84	0
0	0
0	775
0	655
70	4236
4	4393
0	1188
6	769
175	477
0	431
0	6034
0	5491
0	5584
0	11589
0	5866
153	5468
22	10420
0	10301
0	10878
2	10549
4593	69
0	65
1279	847
0	847
90	296
0	294
0	225
0	0
0	0
12	0
17	0
891	0
4292	25532
972	26277
441	25632
52	935
4	15183
5	0
0	0
22	260
1121	1170
74	635
0	843
180	0
417	0
0	0
0	0
1822	0
0	0
752	3
4	3
0	0
16	8
237	32
0	67
0	67
0	12
19	12
90	1371
0	449
1563	1279
0	0
575	77
0	77
0	0
207	74
0	74
0	0
0	3
15	7
0	4
0	0
1157	0
136	133
15	133
0	0
22	0
17	0
125	0
423	21
223	726
11	174
287	745
0	514
0	31
0	30
33	22
0	12
0	27
0	27
0	416
625	1461
0	0
7	0
8	76
0	80
0	80
559	12
5528	4
25	12
0	4
35	33
0	42
133	0
1900	0
0	0
0	0
6	5
0	157
0	139
23	157
241	2
0	0
169	0
0	0
833	531
0	531
165	1344
35	254
32	254
846	0
2786	443
64	443
187	25
4	25
224	0
3906	6
0	14
0	14
0	14
0	14
0	14
0	0
1536	0
0	190
0	123
5565	3
0	0
40	94
0	0
0	0
5	16
0	16
0	501
7	216
0	127
165	833
0	0
999	5
0	441
42	441
133	5
1023	0
0	0
0	0
1472	3
73	5
0	5
2998	233
1650	286
0	283
2	67
3	118
0	1405
0	125
0	1352
0	1473
0	1437
25	1340
37	350
0	97
10	97
0	253
493	882
0	450
0	882
44	90
0	90
3	89
2240	5
77	1631
15	1631
345	1
0	0
0	0
0	742
400	745
131	0
26	0
357	63
464	3326
1	667
0	0
0	0
0	742
1420	1328
2855	1
382	0
16	739
63	739
46	0
6	149
0	93
0	74
0	119
10	107
357	2
553	0
0	15
0	113
762	922
0	125
5	0
10	0
3	0
86	584
0	6
0	578
180	861
0	861
783	0
54	0
11098	400
0	399
1338	112
0	109
0	0
0	0
0	0
110	26
49	38
0	28
14	83
27	180
3	733
0	86
0	58
90	763
0	0
4	39
60	425
0	425
36	0
36	32
2	32
5	2
35	90
2	13
372	13
320	35
122	35
103	0
714	21351
52	7
157	21271
92	1007
10	0
73	385
436	1299
3	2299
243	21220
0	1076
0	26
6	7
0	0
0	7
265	536
0	136
0	444
58	532
678	0
0	0
1	2496
0	268
4	2496
64	2341
72	95
0	23
709	0
0	11
0	546
0	561
2	13
0	13
14	90
0	63
0	59
0	0
56	0
3393	1
169	0
66	94
0	94
1109	22715
0	22715
0	0
1	266
1172	318
6	190
0	25
0	712
1	386
176	196
0	674
0	625
0	413
4245	1357
7	941
426	0
43	294
0	278
0	278
0	293
956	720
0	35
0	17
4	65
0	65
0	1249
48	1252
584	2
116	203
1551	203
0	7
16	7
0	0
0	0
11	0
37	883
7	763
0	883
0	0
53	61
824	1396
27	1949
0	1333
0	1338
0	1339
0	518
1	268
0	268
3	238
158	140
1	43
0	140
33	48
59	2249
165	295
9	306
10029	5712
1054	3074
9	787
0	2873
44	131
0	7
29	0
283	937
0	5
0	0
10	5
244	101
145	80
1	5
0	1
0	5
60	179
810	963
0	966
0	883
53	61
7	48
168	1210
0	1197
0	1197
54	143
0	19
0	11
0	27
46	72
0	72
481	823
0	90
0	560
0	53
0	21
2	529
631	560
36	613
87	423
0	37
0	423
0	5
7	91
0	91
0	69
5	37
253	37
1345	1075
0	1075
39	111
19	91
0	44
98	8963
85	2967
0	598
0	20617
34	20462
35	20679
34	17920
0	21067
0	21323
43	438
0	584
0	921
0	75
2068	1777
41	0
0	118
127	792
4	768
0	122
4	948
0	284
0	981
0	936
8	1064
33	110
2	110
220	209
0	207
56	124
0	124
3	0
0	2485
0	977
6	2461
0	31
0	31
0	31
0	34
0	34
200	126
0	126
0	0
341	551
257	696
0	0
3	7
0	0
0	7
4	97
2	136
34	0
553	3
176	0
265	1044
15	1044
6	1190
1594	1078
11	0
0	0
0	0
0	0
0	0
0	0
0	0
0	0
0	0
0	0
1537	141
0	141
48	409
62	18
66	395
0	209
0	204
0	209
0	215
7	0
0	278
2	166
174	120
0	65
49	120
90	130
403	677
0	85
20	145
0	0
0	0
2558	1081
0	1079
0	1079
0	0
0	67
107	67
2848	4
0	0
0	35
0	35
0	35
182	1278
2237	1168
550	0
6	330
172	337
0	274
0	1
6	4
0	4
0	4
433	1360
0	1360
1224	1234
139	1234
6	0
0	0
19	0
25	11
0	11
11	11
42	156
376	42
10	42
128	0
44	0
0	53
0	53
0	442
795	442
55	43
0	43
0	2
0	140
0	33
304	2175
20	2115
5	3591
9	2211
0	4099
2041	4273
4	3912
0	0
0	303
173	1638
0	1638
7	445
1	445
0	39
0	33
349	1
50	0
98	57
0	57
0	41
227	41
1220	0
54	0
272	265
0	265
45	744
0	744
8	1885
75	1885
296	145
0	145
0	0
0	0
0	0
4	3
0	3
351	0
10885	5
6	2
1	2
0	2
240	210
1	305
0	308
10	44
0	274
0	0
23	0
0	0
0	0
11	0
0	0
0	11
0	11
78	0
13	4040
1	53
106	2425
6417	5411
7	58
0	45
3	63
0	63
0	0
12	9
0	1018
14	185
0	287
6	83
568	3943
0	4391
47	4211
1306	0
69	0
4755	417
0	412
0	151
50	151
80	4569
20	4569
52	0
0	8
168	284
0	226
0	284
0	283
0	226
0	184
0	113
2	19
931	312
0	41
0	93
14	0
3	86
0	193
17	193
3	0
0	7
0	7
16	12
0	12
1410	1970
1019	1969
4361	1220
9	1219
0	0
0	0
25	0
0	0
104	623
0	623
12	35
84	35
27	0
0	27
0	2
0	27
175	4049
18	3481
0	932
36	4021
446	0
1604	0
442	3157
5	2069
206	1461
72	387
0	350
0	387
0	0
3	9
52	193
0	42
133	134
0	134
35	1296
0	1457
0	99
0	1474
125	1830
215	1738
449	1737
1	0
26	0
0	0
411	115
177	217
0	194
0	5
0	5
0	5
226	3074
1235	3074
28	0
696	490
0	490
3	0
290	178
0	31
141	336
0	95
114	431
0	18
10	18
18	0
0	417
2	196
3	89
55	410
0	244
0	0
0	28
0	210
105	0
254	0
23	0
1560	726
839	726
21	0
0	0
0	0
0	3
0	3
0	0
0	0
3	3
0	64
106	78
26	78
0	64
0	78
0	0
3	0
255	205
0	205
11	0
19	0
1426	759
34141	10122
0	1076
1650	10179
0	0
16	2
11	2
1103	95
3	92
0	49
65	62
20	6
510	6
2221	0
0	208
0	208
0	676
0	1152
10	507
0	1152
7	514
0	71
0	514
352	0
212	0
0	33
1073	36
41	8
7	1
0	1
109	0
0	6
0	19
52	25
3049	5
22	3
0	3
0	0
7	12
4	0
66	12
37	345
716	345
0	447
0	834
11466	941
8	548
448	0
809	152
0	69
23	137
0	55
18	31
0	31
0	0
239	280
0	279
1	67
0	297
1	5420
80	5420
0	0
0	0
157	9
5	9
0	0
0	0
261	2
0	429
791	429
0	346
0	163
193	346
88	0
0	31
45	489
1	480
0	0
805	0
0	52
0	189
0	185
36	413
0	110
0	103
90	376
0	126
230	0
0	0
3	0
439	155
7	155
687	1
158	0
0	84
25	2
89	451
0	0
0	0
1062	0
0	0
0	145
7	173
653	234
11	94
0	94
3	3
0	3
0	0
0	92
73	151
0	27
72	334
0	280
1272	375
233	0
919	0
0	11
1	54
1035	54
639	0
122	139
29	139
0	0
303	4917
0	1383
133	4850
956	0
0	101
938	4139
0	4139
4	3252
0	3252
51	0
0	0
0	0
6	0
0	0
15	0
0	0
9	0
80	0
0	0
0	0
0	25
9	25
0	0
27	139
50	38
0	38
0	147
0	147
182	0
77	577
0	43
10	577
0	0
0	0
2499	2025
0	662
78	2192
1	2190
0	791
186	791
267	3415
0	687
2	3415
4	3415
5741	1351
15	1336
80	1384
0	390
0	1331
0	1322
16	550
2	228
699	702
3006	733
0	733
12	79
0	79
63	0
2	0
137	160
0	160
703	1137
2	10
0	2
0	1137
0	52
0	140
0	86
0	727
0	140
912	680
215	0
0	0
0	0
0	0
0	0
0	0
532	0
0	0
0	1216
0	1344
0	0
82	515
0	497
848	952
230	0
11	266
0	83
737	83
2439	1
0	0
1	0
0	1030
1518	1046
8	661
4	238
9	2
4	2
644	1077
0	19
0	1077
0	2
0	2
0	0
5	0
58	299
0	58
0	248
0	45
63	45
517	466
2	57
0	0
0	119
61	246
2	148
69	0
116	0
60	60
2	7
0	0
0	0
19	143
28	420
274	563
23	60
0	0
0	0
327	0
8	0
0	0
37	285
2662	809
14	427
0	427
11	1
0	293
0	62
0	77
0	7
705	0
10631	29
0	0
0	34
472	1256
47	1256
860	1
905	162
0	0
79	44
224	161
0	5312
3906	18559
0	18551
320	426
0	258
278	17
238	0
24	1387
555	1387
8	2
0	2
0	0
0	0
6	0
0	0
0	0
0	0
0	0
0	0
0	0
0	0
11	0
0	0
0	0
13	6
325	19
0	6
2	7
0	0
0	0
1	0
0	28
3032	903
6	68
1345	6874
0	6993
27	25
1877	7011
0	799
0	0
341	228
30	228
502	139
3	139
514	207
1324	1054
0	404
35	926
17	4
0	132
5	787
497	829
2	0
0	380
257	1249
0	1249
10	101
0	0
213	336
156	336
202	0
203	0
0	439
0	388
125	1178
0	613
0	8
75	8
0	0
1724	1
159	2
0	2
6970	4494
0	3297
3	1180
0	152
2578	154
0	155
33	155
75	0
361	948
38	947
397	1
949	45
0	6
0	39
28	0
833	2
0	126
12	764
26	764
3	341
6	11
35	385
7	1826
0	454
0	571
0	1918
0	1993
0	0
242	4174
0	862
47	120
1030	4585
8	78
18	78
690	2
0	3662
2	1793
0	3326
0	3282
0	3662
159	2143
0	9731
540	13191
0	15500
659	14989
541	0
0	17
0	69
1149	0
1719	766
1722	762
227	2792
1	712
0	6
0	2783
0	2621
72	0
251	85
0	58
0	34
1	34
4	27
751	109
0	109
0	43
0	0
229	861
0	861
2	975
0	3984
427	8370
8	1807
0	5326
0	6597
465	0
13	739
289	3081
0	2285
23	3053
34	59
0	59
352	0
15	3805
89	178
0	2653
22	3891
0	3872
65	201
0	80
0	99
4	201
13	0
0	1
0	1
0	1
3402	7
61	0
3	0
2497	2006
252	2003
79	793
53	793
0	0
3714	3659
0	2503
48	748
22	2907
3	0
64	0
0	0
82	321
86	321
2459	1430
0	1420
0	0
0	0
0	238
187	238
4017	3416
7119	1
249	273
22	0
26	0
5	0
2862	0
899	30
0	30
9	497
84	497
7	565
411	759
0	759
10898	1583
0	990
13	935
82	1
0	1900
17	6730
4	6741
25	8578
0	135
222	185
0	53
0	0
0	539
1386	541
17	1706
152	1706
898	6428
0	6428
6	0
0	0
275	0
585	903
10	68
38	52
7782	1295
158	1294
0	57
0	61
202	61
0	5811
3714	5813
1585	0
0	33167
6	1026
8	4348
17	31517
86	32640
0	33865
0	482
3	503
0	238
32	266
8	180
23	180
0	169
209	87
0	87
0	5
0	0
0	0
0	0
1095	6908
6502	6963
758	0
759	0
50	9358
0	121
0	317
0	4188
0	9196
0	2437
2120	2437
0	14
0	14
0	8
14	140
0	15
27	220
0	249
3	73
0	161
2110	1153
1774	4
0	2
0	2
2	2
8	101
0	7
1491	92
50	78
0	0
0	0
0	0
0	5
0	0
8	36
0	2817
22	2947
0	25
0	25
23	38
0	31
0	0
0	0
48	1706
785	1674
3	1654
0	0
0	0
0	0
0	0
626	2235
886	354
0	0
0	0
0	13404
2708	23913
0	10639
8	17041
0	16517
0	0
0	0
0	0
251	183
11	183
12	387
0	387
153	1950
341	1807
6	1799
4	1535
0	763
0	646
19	2116
1859	4127
18	147
0	147
161	2
0	0
0	2
15	40
5	40
5	0
0	0
12	5
0	5
3	0
0	453
20	482
0	471
0	0
557	0
5	0
6	0
71	0
0	0
7	0
1	0
39	599
0	23
448	1108
1	1108
0	0
13	1
54	1288
25	1321
17	33
0	63
0	63
0	0
0	0
3489	1
116	0
4334	2
0	0
4	110
0	279
0	15
0	193
7	31
0	31
577	0
0	334
0	18
149	334
30	0
64	21
0	0
0	0
1034	0
0	0
103	51
25215	14
0	0
11	541
3	539
1870	545
668	0
1434	694
0	690
0	84
0	39
0	62
0	42
0	150
90	147
0	124
35	62
0	62
28	957
0	957
123	0
0	0
0	0
0	0
78	0
6	17
15	17
3160	6252
63	6252
0	67
0	88
0	4
35	311
0	311
0	0
9	63
17	911
124	942
0	4766
28608	7607
0	5244
0	2882
814	12667
330	12856
206	762
0	762
0	0
567	0
58	26
0	26
0	4
0	3
104	479
0	61
14	48
0	48
0	0
0	0
0	0
0	0
0	670
1419	671
0	0
0	235
0	192
72	167
0	48
1899	0
19	0
61	172
29	172
2961	1547
0	1545
0	1010
0	949
2613	1010
152	407
7	0
0	407
69	1
107	1111
124	3
0	0
0	43
4	147
1	74
0	53
0	48
0	94
0	34
0	18
0	10
0	144
6	104
0	161
26	460
868	1107
0	884
0	916
0	887
0	894
0	0
1061	0
0	72
581	0
0	0
22	0
9	130
0	112
722	2768
148	2768
57	7
0	2
0	2
6	0
0	0
0	0
0	0
10	0
624	0
14	105
284	110
2	0
309	1456
0	1456
35	0
0	0
0	12
0	55
0	41
0	50
0	0
0	0
125	1963
5	461
0	143
1	17
3	1687
0	1206
169	317
7	12
0	0
0	0
6	61
0	0
0	61
0	92
0	105
0	103
5	4
457	558
0	558
0	0
501	0
20	1073
0	236
0	1191
15	1204
21	0
1	35
0	4
17	4
8	169
0	169
61	843
571	844
3150	829
0	823
0	7
18	7
0	7
991	3604
0	2976
1443	2641
0	2641
1451	0
130	1945
17	1945
0	161
0	43
0	192
0	104
0	407
0	519
0	474
4	1264
4086	1264
5085	2072
0	2070
288	318
12	0
1199	3
7	778
0	479
17	549
0	842
13	493
8	766
0	1735
0	3715
7	917
5	1526
0	3761
0	961
0	330
0	49
0	141
0	4
56	190
0	495
74	495
6316	50687
0	9
0	25681
0	30211
0	52393
0	60541
0	57771
0	1834
0	195
0	2488
0	1080
1658	10314
0	749
0	1394
0	2476
17	33
0	33
426	6642
5	84
9	2
46	6606
0	1006
0	1088
0	1071
0	409
70	6846
37	6199
1921	0
0	0
0	0
0	0
0	0
70	0
820	222
1878	1
7102	237
74	0
274	75
0	75
36	5
385	0
478	0
83	3351
2468	3353
0	24
4	160
0	0
0	14
0	160
44	770
126	770
0	10
0	46
55	56
327	52
0	52
90	0
856	178
156	1517
0	1465
0	1613
138	0
22	7
7	36
0	0
0	36
444	0
130	0
0	0
0	15
0	15
58	100
0	100
0	0
1438	134
685	59
0	59
6	5
0	0
0	47
65	453
0	453
0	375
0	6
1028	5
0	5
25	13
7	4
0	4
0	6
26	101
0	27
9	61
0	5
0	13
0	13
0	13
29	0
2500	0
20	258
7	220
20	46
0	53
0	0
0	0
0	0
0	35
9	158
0	0
0	775
592	3572
37	3373
0	7
0	7
2218	1
110	0
399	4052
26	4053
0	76
0	13
38	49
0	66
3	429
8	453
2	453
39	0
37	0
312	0
118	0
88	557
25	447
2	436
6	353
0	353
0	296
0	176
1121	530
0	526
0	531
0	13417
0	421
0	1191
6	22225
431	12312
0	22224
3	0
0	0
7	0
2161	0
6	0
3	256
142	316
5	276
0	6
0	295
0	1023
145	1023
79	671
0	671
37	18
415	704
3247	722
3	0
384	276
0	142
39979	673
0	659
0	316
1099	485
0	557
0	484
0	25
0	7
12	50
0	1
0	4
4	25
0	0
0	0
0	0
0	155
1	7
8	13
38	155
248	40
7	6
0	0
0	0
0	8
19	18
1134	3
0	0
0	2
0	2
4	2
0	44
0	0
0	44
3	3
0	3
0	3
6	15
12	37
0	14
1457	3
343	1150
135	834
7	573
0	162
0	241
7	244
0	208
416	0
4368	0
0	0
4	7
0	0
1	7
4	0
0	0
480	318
0	318
3	3
0	3
1793	3664
203	3664
53	305
0	168
0	299
24	50
2	50
0	0
2963	3
0	3
22	3
264	9
0	9
168	96
0	96
0	17
70	329
0	448
192	448
0	264
4	0
3	0
0	58
131	57
33	746
155	2405
95	2408
18	276
424	0
91	0
0	925
369	780
161	0
21	120
0	96
0	0
0	121
0	92
8	121
2	125
2	128
363	989
7	936
386	599
8424	3052
376	1258
1110	0
8	197
0	316
27	801
22	831
379	101
385	329
16	360
4	523
0	379
1277	477
0	4
0	0
0	0
0	0
2	78
0	78
119	9223
0	9223
224	5787
0	1462
0	1967
73	5787
0	7
0	66
0	18
0	112
0	107
0	84
42	71
112	87
0	78
0	29
23	3274
0	695
13	3556
5	0
0	3
24	84
0	81
0	1253
1798	1253
0	1
0	52
30	47
0	246
153	246
0	21
0	21
0	21
0	0
9	0
819	211
14	1465
0	1465
284	633
0	633
1	859
0	328
3	501
0	433
0	341
3	96
0	75
17	846
4	0
7	324
0	71
0	324
158	0
3165	503
0	503
23	1741
0	1825
31	1750
0	0
0	0
1242	6026
0	6026
15	162
9	154
0	1
0	1
0	1
0	1125
1108	1556
4	1556
0	70
11	70
0	5
0	5
1	5
0	0
0	5
336	3777
77	3777
0	247
1963	255
32	182
9	233
0	250
786	0
97	0
41	1991
97	219
11	1991
4	0
657	0
6544	2200
0	454
0	1852
10	46
19	46
7	187
0	132
6	37
119	131
11	16
0	16
0	16
1132	0
602	617
0	58
0	280
0	0
0	0
0	0
35	0
0	0
0	92
38	818
10	816
109	2
0	2
142	254
0	254
22	21
0	21
449	0
0	0
2	0
0	0
1829	387
5	122
71	0
0	0
0	0
474	1201
0	1201
0	711
0	2245
0	2434
0	1666
0	2620
702	459
0	139
12	176
95	176
267	0
3	42
27	44
3542	2677
0	1006
0	2676
0	0
166	0
0	0
0	0
0	0
0	0
0	0
0	0
1197	2
0	1331
3268	1334
1786	2408
0	2406
1687	2274
130	2273
0	370
22	428
0	1202
76	1144
45805	42
0	0
0	0
0	0
0	0
24	2624
354	3043
0	1064
0	38
0	4094
183	4094
0	3
6	3
0	3
259	0
0	0
0	208
0	146
448	356
0	4
30	4
4177	927
16	786
195	681
33	0
0	0
547	0
22	0
0	0
0	0
1346	223
15	3
0	220
3039	186
0	34
92	0
117	0
18	4750
929	576
0	1614
405	5242
14	943
25	117
1	28
0	943
65	0
19	0
190	0
43	17
4	17
0	0
0	0
0	0
24	8
0	16
0	26
0	26
68	0
0	0
558	131
0	137
37	104
0	2
0	2
0	0
0	0
0	2
3029	1
415	101
1368	0
28	283
0	283
397	127
0	127
1406	4
0	0
2	0
0	706
0	3
0	795
0	802
2300	2
0	6
0	6
0	22
13	22
766	179
0	125
0	179
956	3045
0	3045
0	0
9	0
142	452
609	452
0	34
1	34
0	3
2	29
28	199
0	152
0	197
534	2
7	2502
0	366
3988	2499
0	1917
0	1189
528	1189
0	2
0	0
0	0
0	648
0	1136
7	1146
0	1147
0	1171
37	717
4	717
2048	1078
42	530
0	528
76	388
64	16
89	329
0	60
0	299
0	0
127	408
7	408
15	26
0	20
7	27
0	209
1993	1481
0	1454
26	49
0	2
0	157
0	203
0	120
1	0
0	0
294	23
0	23
205	2090
0	508
0	2088
0	491
21	491
0	456
0	31
205	133
0	118
20	114
301	574
3835	1537
0	1534
2	0
113	181
0	1086
30	1057
0	662
459	662
0	0
0	37
83	495
1346	499
14	422
0	125
0	76
11	422
91	548
15	977
0	25
0	1095
0	1075
107	389
4	389
3808	0
15	0
0	515
0	275
7271	796
0	19
0	64
310	74
0	74
2	0
57	32
13	32
142	1160
201	1160
154	0
0	0
0	0
0	0
0	0
1	0
0	0
0	0
0	0
0	449
176	449
0	0
0	26
9	24
0	30
0	82
365	106
45	834
77	53
1006	1252
1	189
0	1244
27	1272
6	574
9	1272
0	0
260	934
5	153
0	43
3	926
412	237
0	16
27	229
1306	1142
0	1142
0	0
0	3
0	3
9257	3661
7	0
0	0
0	0
0	0
0	0
194	0
0	0
271	61
1	53
0	1
0	1
4	1
15	73
5	73
4369	6
0	10
0	52
0	9
0	52
2	52
621	0
9	0
5024	1
1688	2679
0	2678
4106	4
60	0
6	252
137	252
4252	1
7532	4
120	0
5426	55154
2217	55152
0	109
761	109
924	1
8627	6698
3	6692
0	0
274	0
0	0
2122	1
10562	6
1397	1
0	26
0	27
0	27252
1699	27252
1262	3
0	3
0	0
0	0
1292	4851
0	1571
0	1928
13	4851
155	78
0	10
0	71
4	1613
1122	1613
0	3019
2	3019
13	16
0	16
349	195
0	194
36	239
0	239
188	385
0	385
0	0
428	189
39	189
0	88
0	0
0	0
14	0
0	1013
438	1013
0	1
2313	0
807	144
308	0
256	0
1007	0
1643	1
71	2661
0	2661
0	0
4	0
116	223
0	223
0	0
1	1561
0	635
0	900
0	1569
0	1652
0	2150
872	18
826	3961
1410	3282
327	418
0	406
0	333
0	422
108	2102
240	2102
30	0
0	9
6	6
42	15
0	11730
27	11694
2	81
0	8387
6	0
798	718
409	719
0	230
1782	2244
0	275
0	17
0	106
343	95
3206	6
0	0
87	59
0	38
0	21
0	7898
0	4101
3435	7893
0	8029
0	8029
0	0
0	0
0	9
62	9
0	620
171	2554
90	1871
3	2578
941	2117
0	24
23	2077
13719	3
4827	5
0	4
87	4
48	1184
0	1218
177	1125
0	2786
67	2745
0	0
0	0
0	27
163	195
0	195
281	151
10	151
29	0
672	0
2709	0
36	0
0	59
0	3
0	173
5	170
0	173
116	180
8	180
5530	5
106	745
84	745
5793	2753
5	569
0	597
0	311
17	311
3	626
2697	626
184	406
0	380
491	0
653	2037
23	138
0	138
61	270
0	0
0	0
256	29
7	29
1438	0
0	20
0	64
0	0
0	0
0	56
31	56
17	51
573	38
37	17
0	10
53	11
9	0
0	257
281	365
19483	2426
15	2414
119	785
7	161
56	838
1362	438
0	0
0	130
28	37
0	36
1	155
11049	1901
0	1887
0	0
0	5
0	51
0	51
0	0
0	51
0	51
0	51
71	463
0	64
147	1917
6425	1917
38	10
4	10
3	1039
0	121
0	1027
7	44
58	110
14	114
0	245
31	245
0	27
9	135
0	9
8	138
0	95
0	14
0	0
0	1708
0	228
0	2815
2290	2872
3678	4
87	5070
6	1384
53	1239
0	11274
0	75
31684	9654
23	0
54	0
120	99
17	0
51	0
35	0
113	99
32	443
0	72
412	0
0	0
1634	501
7	501
0	0
0	0
505	0
19	11
0	11
0	2839
0	7220
11910	8882
0	5447
10	41
1155	760
4	0
629	563
676	563
14	0
0	0
0	0
14	0
5	0
101	618
6	6
3	193
7	39
0	611
30	93
9	93
0	74
2808	74
2096	1
0	0
0	537
81	664
0	3
0	6
150	9
5	1045
308	1044
0	216
128	153
300	525
4	525
0	379
264	3511
0	3511
713	737
0	7
10	6
0	7
51	6733
3917	6736
21	513
0	36
4	504
3696	46
240	56
2	8
0	236
11	240
0	240
13	0
6891	2128
41	2125
81	2907
0	2614
0	2707
0	179
0	8
0	0
0	0
371	0
653	3627
7	132
2	47
0	248
0	28
818	1223
3	623
0	1590
8	1590
713	1
0	186
0	1874
0	1760
0	1917
1334	1458
368	1458
36	155
0	155
0	19
55	177
0	177
0	153
63	223
1000	1172
793	2
814	0
16	567
0	655
10	655
0	16
0	16
8	1333
0	28
0	315
11	1622
13	1677
9277	1
0	8
0	8
0	29
0	222
5	833
175	1020
0	670
0	551
0	738
0	16
18	16
0	385
2912	741
52	251
0	251
0	5434
9643	5434
0	0
440	0
311	7183
0	7271
0	379
17	7196
0	0
0	0
0	0
0	200
0	220
21	0
0	0
0	0
49	0
449	129
22	777
0	787
9	371
198	0
83	174
0	54
318	2177
0	2177
1249	246
3	246
159	0
5	4
0	71
17	986
486	986
0	0
15	333
2	73
0	333
3	0
0	785
0	63
106	660
0	345
54	683
0	455
7	280
0	8
54	459
1	459
1079	0
2301	8773
0	1
12	8771
21	0
36	589
3	589
2	68
0	37
0	121
0	49
115	225
0	184
2218	223
0	211
1280	70
0	65
20	0
2874	3
50	12
0	38
0	38
0	0
0	4
0	0
8	26
0	30
0	9
0	9
0	2
0	2
0	2
0	2
62	6450
1	6407
0	6511
1864	440
1	440
0	0
3	415
0	415
643	0
9	163
0	81
26	176
71	0
826	0
327	32
0	32
0	743
515	743
0	173
4	69
12	153
1188	395
0	0
0	0
47	12
125	772
109	0
51	0
0	1809
0	1904
5	401
4	85
67	85
349	193
0	193
0	0
1122	426
0	17
0	62
3	354
0	0
17	32
0	0
0	0
0	0
0	0
0	0
0	0
0	11
988	15
241	1447
0	1447
0	147
446	353
0	2
0	204
0	32
5	254
0	176
7	694
9	176
943	1292
1	1232
65	1320
1461	111
38	110
53	194
0	90
0	0
0	19
716	19
0	0
0	71
8	0
1	71
0	601
0	272
0	666
0	122
0	122
0	122
0	122
1	23
248	23
18215	1651
129	1642
0	23
0	0
0	537
0	30
0	61
1	544
0	10
10	107
0	10
1082	34
6	30
0	70
41	7
44	16
5	2534
0	2503
76	2571
0	395
11	395
12	271
0	0
2391	1
939	2171
0	2171
0	4408
0	496
0	4278
0	4551
0	4417
14	697
0	1778
582	1987
933	7008
1433	7008
30	61
531	104
0	0
47	1536
0	137
955	1831
19443	1471
0	1132
0	335
0	0
3	0
0	0
0	0
0	0
0	0
0	0
154	105
142	175
1002	657
0	657
870	0
0	4108
0	264
2395	4109
0	104
0	0
15	0
3	457
5	457
0	367
20	194
6	185
0	45
0	1
73	1817
291	1818
9516	9150
1	9142
90	672
6	329
67	429
0	149
0	97
0	73
0	92
0	58
0	183
39	400
217	423
378	2244
0	2244
0	969
0	0
0	0
60	0
1554	1492
9	93
455	226
12	226
1	108
1	4
6712	6360
146	6358
55	173
0	0
2	0
1264	0
103	64
0	68
10	53
0	48
220	201
2	106
0	2
8	63
290	411
0	348
576	2485
3383	2482
90	75
0	0
0	0
0	0
0	0
0	0
0	5
0	5
11	1
4	104
0	15
0	15
0	2
0	0
0	27
16	25
22	0
0	0
845	475
0	330
10242	346
411	0
8	0
1387	15
0	133
5427	146
0	0
4	3
0	3
1953	2295
336	510
164	77
944	3088
3	3073
1215	0
11	0
1	0
194	529
19	529
2764	142
0	0
19	667
5257	676
0	987
0	32
0	960
278	144
0	117
0	42
0	332
7	1133
0	763
9	1133
0	6
0	6
0	0
0	367
158	367
180	741
151	4468
0	298
1	0
1504	4470
8	455
222	5410
808	5399
0	59
0	24
0	20
497	81
9	7
0	7
0	5
0	0
226	0
0	0
928	0
1032	1889
2	90
0	1877
13	248
0	278
0	0
9	1541
2	521
0	569
0	411
0	1545
0	1699
239	0
218	278
1069	380
0	276
0	300
0	20
1	20
0	20
0	20
43	67
0	67
0	0
84	0
183	2
10	215
218	709
763	0
5	0
22	16
3	1735
0	520
1	9
0	1698
0	1683
0	1274
1	23
0	23
62	29
0	24
0	29
637	495
0	854
0	852
571	1063
0	1082
0	925
0	914
0	863
0	898
0	0
0	0
0	155
0	25
0	110
51	352
0	341
1056	0
0	32
459	1171
0	1161
3	1157
0	339
424	2328
177	2513
6	203
74	203
530	625
4	399
703	329
1135	0
4	757
712	2120
1117	1296
4	6
48	1877
273	1877
3	4
7975	6
74	0
1995	3
89	253
0	47
0	253
112	300
0	300
0	0
0	0
47	112
3428	829
138	438
0	393
81	63
0	0
399	900
967	900
1162	816
38	813
11	406
1930	1397
0	1050
0	108
0	20
47	0
3	108
0	108
0	466
42	621
0	621
6	0
0	0
0	172
0	215
0	12
438	0
5	541
4	94
1983	595
0	0
0	0
0	0
4	249
1245	799
0	2559
13	2686
0	2539
47361	17
7822	3928
92	2622
1	208
56	1143
0	2923
642	96
0	96
9	198
440	1337
2	1139
7	0
3395	1
0	0
0	200
375	3
106	217
1415	2972
5	1087
5	44
22	1561
0	2556
147	2253
192	2420
0	2226
44	597
0	597
0	0
0	0
0	0
167	0
62	0
0	7
0	93
0	93
0	0
581	0
0	6
0	6
0	1018
0	1141
351	2383
84	2359
114	0
360	0
424	0
61	4471
0	4200
0	4471
15	0
0	0
94	289
28	289
223	0
961	1
714	438
0	169
0	169
6	0
63	0
1	0
0	0
1580	3
0	0
0	0
1	34
4	34
205	0
0	0
218	579
0	0
0	6
18	6
1251	0
11	360
0	360
0	334
0	152
653	223
0	71
45	1
46	51
13	0
260	0
277	135
0	47
0	9
2	249
0	240
4	22
11	22
86	16
0	301
2520	301
0	359
5	417
61	417
73	93
0	93
6	10
0	10
0	6637
0	75
0	68
0	6428
0	4598
0	6534
614	0
2773	3002
280	194
220	8245
73	0
64	0
0	7
1446	1875
9	1883
0	1048
0	940
0	819
0	187
0	0
1	0
27	0
0	193
982	203
1	0
129	281
0	0
8	0
55	543
0	118
0	72
0	460
2	590
959	1
385	0
0	419
117	419
64	0
5	0
0	7
24	24
6	24
0	0
0	195
0	0
0	355
60	355
4	349
41	0
3813	1436
0	1436
50	403
1	199
0	352
1595	2
0	0
129	3113
0	256
4	3124
638	0
0	0
1	0
39	2730
5	2730
0	321
629	321
59	3
0	51
31	51
296	253
0	253
3992	5
25	17
0	31
184	48
0	7
0	14
0	16
732	0
0	43
33	153
0	12
0	36
0	45
0	153
87	0
0	0
0	29
0	29
35	10
2	10
0	41
0	4
8	45
82	91
0	36
3	0
0	0
253	0
3	7100
770	9517
12	4944
21	463
234	461
91	479
822	0
0	0
0	0
0	15
0	17
17	919
0	122
15	903
0	47
1716	47
0	190
59	190
60	87
403	199
0	105
5	68
719	2292
0	2290
0	0
0	0
850	27
0	8322
0	7892
50	108
8	108
999	0
0	221
4	221
0	221
0	717
528	717
183	22
0	22
0	0
0	0
0	0
1189	296
0	290
0	0
0	1
0	11
0	5
4	11
13	54
0	54
20	20
0	9
3	9
0	63
0	0
0	61
0	75
0	207
486	560
90	116
0	0
85	0
1159	417
0	248
71	59
0	59
0	0
0	24
0	147
1	24
6	147
22	219
0	14
0	219
0	0
51	0
180	2
310	805
0	794
0	782
0	800
0	265
0	464
832	1
161	0
24422	8190
66	8181
9	16
0	16
411	465
5	465
735	456
0	456
0	136
483	136
4885	6
7	402
4	402
6958	3763
1086	0
400	1598
12	1598
2052	21144
0	1808
11	19750
4	9793
11	18629
1	831
3621	2040
3321	0
884	912
0	400
24	273
0	287
0	3
0	0
1400	27
7	27
25	0
72	0
1258	328
16	327
0	10
0	10
0	10
0	2
0	2
0	38
16	38
1402	462
0	462
0	684
0	615
0	6487
36	6123
0	479
11	3129
163	2545
0	2545
0	10
257	10
3	10
0	0
12	0
0	14
0	2
0	6
0	14
0	32
57	3226
53	3228
1	0
493	1271
0	617
0	358
0	0
0	867
0	0
1029	1849
9	1849
310	0
0	13
15	1910
0	1640
0	2003
1	2
0	2
142	47
1087	2262
1	3311
0	3307
89	0
0	0
0	622
473	1196
0	0
0	0
383	0
0	829
0	485
222	2116
656	2
0	45
2318	1646
55	1691
0	580
37	851
0	851
39	0
0	0
111	0
1287	2374
8	2374
21	1641
0	523
120	30
0	30
0	0
1809	0
1517	4169
0	4169
6297	425
1140	27144
0	25502
3	8974
73	25790
454	0
0	622
1	622
0	13575
13	14608
12	13060
7	47
64	0
0	34
95	43
0	4
37	270
0	1
0	266
0	252
2889	1574
0	1441
2	845
0	1569
0	267
167	851
2	851
0	342
305	342
277	178
1	84
0	1
10	2
4286	1717
18	129
76	83
0	1616
340	0
0	1002
0	305
141	2099
96	267
125	2135
0	0
2	0
0	0
0	241
0	390
0	287
194	416
73	280
0	96
19	250
361	69
0	69
525	0
371	285
470	0
0	0
423	49
16	39
0	10
9	0
1872	3
0	81
0	81
0	17
0	605
28	9
0	599
0	556
1148	2817
6	95
24	2813
27	0
73	0
0	56
0	163
64	163
0	12
0	32
0	49
37	47
29	0
0	36545
4	68952
2	46478
9	37326
18	32685
5	160120
8	174120
0	95385
578	2681
0	491
92	2606
0	0
0	2
0	2
384	37
0	37
578	900
0	228
0	1282
0	17
0	1261
0	1317
5	1611
3525	1611
1083	163
0	163
4	0
3	310
2	288
0	688
0	688
62	1081
24	996
21	610
74	610
301	29
0	29
340	0
0	0
0	0
0	0
0	708
1104	4672
0	2693
1	548
16	4882
299	422
134	421
319	153
0	86
0	111
0	0
0	0
0	0
0	0
31	0
22	320
0	924
0	869
330	75
11	470
117	470
68	1403
6	1403
109	0
4	35
0	0
0	0
31	33
0	9
0	2
2	2
288	1836
2921	1839
0	1
59	3
0	26
1366	27
5	26
3378	728
0	721
479	0
1540	1758
0	1112
0	646
681	2141
5	2027
155	771
0	19
0	42
0	3
0	40
0	42
158	0
16	5
186	796
0	1246
141	1249
0	1248
772	146
19	96
0	133
0	1373
1252	1927
0	810
0	3
0	0
0	0
0	3
0	0
0	0
155	1169
33	1151
0	13
0	492
10	654
4	492
0	130
2525	33
7	31
501	3051
267	3143
263	1581
1804	1581
19	604
1122	975
0	179
9	798
0	0
50	37
3394	786
8	786
0	84
0	137
0	79
794	537
0	0
0	537
9	0
2318	3
677	0
276	0
31	494
0	2328
0	155
0	105
2	2328
89	0
0	0
10	2667
54	2862
59	2968
5	114
176	153
176	1222
0	2917
88	5017
0	1543
0	4308
42	30
0	30
10	0
0	0
1632	152
24	0
0	36
141	376
0	376
0	39
0	14
270	137
0	18
0	19
0	133
0	131
0	131
0	0
3086	3
0	163
0	0
190	3251
64	3251
5	6356
21	26733
0	25194
0	24730
0	12
81	16
71	0
17073	17
0	0
122	160
150	5
0	5
52571	27
4825	991
4	0
0	685
6335	685
464	0
25	541
1	79
0	151
0	0
1319	314
2	2
0	0
0	0
174	0
7463	1671
0	13
3	13
0	13
1163	0
307	2543
10	2543
3500	0
42	0
53	137
217	0
962	0
101	632
0	0
2	632
5	0
82	31
121	73
0	70
6249	4
595	0
0	0
0	0
3835	7
0	78
278	138
5	66
0	0
0	0
0	0
97	46
9	0
3377	2342
0	671
103	300
0	2162
51	1740
122	1740
107	47
0	47
0	2675
0	162
32	2675
18	350
0	327
0	112
585	1441
0	1572
0	1289
0	1526
23	0
0	0
0	0
0	0
0	0
0	99
3	4582
0	4613
55	4566
24	4545
3318	1564
802	1803
752	1548
2116	3688
31	54
9	71
25	17
0	181
263	181
1	5
0	5
1249	1
10	0
1303	4648
166	4648
46	76
0	1756
0	1756
0	148
23	148
0	0
0	0
132	407
0	391
0	407
4	460
0	346
0	341
0	343
210	437
13	434
88	72
1546	0
194	43
0	42
870	0
0	0
0	0
297	190
18	150
0	80
400	0
2	2
0	2
3647	2
2317	0
1950	0
0	1436
0	1663
4	1663
0	2343
492	256
465	2599
0	10
3326	3923
0	3922
15872	6
53	204
1	204
36	135
0	135
564	76
0	76
0	0
0	19
270	26
0	7
566	232
0	0
10	0
1	362
10	314
142	119
0	39
64	922
0	296
15	922
204	894
27	894
502	566
51	566
33	220
21	220
3890	1
0	387
0	330
98	386
49	0
31	35
0	35
0	0
20	0
35	0
7	3479
16399	3491
13	47
0	47
5	18
0	18
0	2
4	2
3265	6
4859	709
85	709
0	953
98	953
7	4273
280	800
61	4273
190	303
209	303
58	101
7	101
0	47
0	47
56	842
1074	1182
320	339
0	816
52	1250
171	656
2	11
0	11
57	235
7	235
0	235
1456	2114
0	1995
41	1981
48	2070
13	2091
10	1940
1278	568
418	568
0	0
0	0
919	14587
276	2125
0	13964
0	11927
34	12282
9	12677
0	12266
123	13440
67	471
0	410
0	1506
25	700
0	1746
30	1581
418	0
3	0
37	957
0	957
0	138
14	100
0	95
31	214
100	214
926	402
0	399
0	6
879	0
46	0
534	0
17	4100
0	935
252	4100
2811	1212
0	1205
1541	1927
96	312
117	2035
101	331
0	235
0	643
0	345
0	693
0	353
137	853
735	1340
1899	2346
40224	2369
392	87
76	46
0	86
227	0
0	0
440	3180
0	3180
4	606
105	606
0	100
37	19
0	1
0	19
1597	3075
0	40
144	2829
0	3070
3625	2
53	217
0	0
0	12
0	15
0	332
0	334
2	56
0	22
0	22
0	26
0	31
299	33
0	10
0	19
0	19
1931	0
9	0
0	0
0	0
0	0
310	0
2	0
118	0
0	264
0	54
0	0
0	119
27	264
3	86
979	86
15	201
0	97
4	12
6082	1519
301	141
0	9
7459	5
13	3
0	3
379	1293
0	1293
80	153
0	937
493	946
97	0
1539	740
19	740
0	0
0	7265
1798	7270
0	46
1687	94
34	0
0	42
0	113
68	238
0	359
0	3476
0	3478
108	316
9	6942
36	6466
0	6828
0	6310
48	903
0	266
0	327
2	128
4	895
0	35
935	628
0	534
0	27
0	58
0	350
0	18
0	56
54	350
35	0
0	148
28	94
0	15
0	126
820	256
8	14263
0	14263
0	9872
190	1056
0	725
1018	342
0	42
886	1342
6	30
0	30
2	56
329	0
24	4
0	4
90	57
5	57
381	0
718	0
0	0
0	0
4198	184
0	13
0	176
0	3468
0	1415
5937	3470
1454	2
181	0
0	30
0	30
4	30
0	233
395	233
0	229
0	0
25	548
109	515
92	532
38	7
0	419
0	377
50	245
159	6084
0	6084
99	84
0	80
0	84
255	0
0	53
0	53
0	49
3	0
75	0
12	39
0	9
0	22
426	1810
24	240
0	1625
1856	252
33	189
8	248
5	0
0	67
25	114
3252	521
163	519
488	448
0	192
0	51
9	0
0	44
159	44
26	86
0	0
0	86
0	86
0	0
347	35
0	5
46	5
3356	5623
0	5839
0	54
5	437
0	613
0	6055
0	2070
1606	3304
0	3304
445	797
0	317
0	46
12	0
0	96
793	96
385	0
252	0
125	0
0	2
1	2
17218	5
72	20
0	10
0	10
0	10
0	15
61	15
13606	7
9	1541
4034	3736
0	2456
2192	3
0	4
549	0
242	720
21	770
0	763
50690	33854
17	33822
70	0
1494	3
49	1557
38	317
67	1
14	1557
235	200
0	38
0	28
88	0
42	0
0	0
0	245
146	918
5	796
0	0
5	187
1056	187
4828	6
7236	3
12	0
0	0
2270	408
976	0
9785	12
3	0
4	151
0	4
86	151
526	0
3316	1966
434	0
5	0
66	1970
8	1970
0	0
4	0
0	12
0	28
0	16
0	18
0	33
13	69
0	66
1672	0
0	0
0	0
11	4008
0	12592
0	12723
1	67
0	153
0	131
1	134
18	202
0	180
110	120
0	120
41	0
276	0
32	772
15	751
0	581
0	0
0	0
12	0
3	0
5539	497
0	495
1817	4
11	0
0	99
2784	1765
3	221
0	2080
28	2137
57	444
53	444
165	0
2950	164
0	164
77	381
2	26
129	82
0	73
6	9
0	0
4	0
602	0
74	0
3	819
101	819
120	107
0	107
42	69
1	69
0	32
439	1100
0	1096
67	134
14	134
0	0
0	0
0	641
66	979
51	0
0	0
0	2460
0	207
3966	2460
0	0
0	0
0	0
5	17
0	17
288	60
19	73
20	79
0	3
0	0
68	247
0	15
16	61
0	4
0	3
0	247
0	244
0	247
0	247
694	639
0	22
0	22
787	1356
0	1355
0	0
0	0
0	0
0	0
0	0
0	0
0	0
0	0
0	155
0	723
253	824
25	856
0	856
0	926
0	40
8	909
91	103
300	111
0	111
0	102
0	25
259	25
9018	12333
2772	12333
0	6
0	21
0	34
0	18
9	31
0	59
61	59
1227	8
1281	0
0	130
0	119
0	144
3	282
319	527
0	313
659	677
0	675
172	1316
0	386
67	1316
116	229
171	229
0	0
0	0
0	0
6	149
263	135
0	3598
37	2400
54	3323
0	5
242	1096
54	1347
24	393
338	170
3	63
2	82
9	579
67	579
6691	4
46	12
0	12
308	0
0	3
9	17
0	16
9353	4055
22	4116
78	3391
1	0
295	29
0	29
695	31
0	31
0	211
325	2758
4	2232
9	40
364	201
10	201
0	0
67	0
0	0
0	0
0	583
0	105
0	198
3	0
0	0
0	0
137	234
41	234
359	0
1006	3
36	0
344	365
1	0
0	13657
0	4587
27726	14253
0	4691
1910	0
0	52
1	40
0	28
80	93
0	24
3	24
64	182
0	182
0	0
0	26
12	26
7178	2
0	0
0	0
0	0
0	6
0	6
0	0
0	0
0	0
409	0
75	173
0	173
4954	1609
0	1407
0	1593
223	304
37	304
171	409
90	409
0	46
0	9
3	1
66	41
47	41
11140	3
0	0
214	158
87	201
0	201
0	401
736	2461
0	903
0	1337
188	276
0	275
0	210
24	8
0	7
16	133
0	133
5	0
0	550
0	553
0	553
1965	0
3231	2726
0	369
42	2723
350	0
80152	53
0	61
135	146
5	0
529	1
80	671
0	392
3	182
0	182
0	671
4185	2
232	15951
14	9369
223	11406
0	4092
0	8150
4678	0
9521	944
0	528
0	415
0	0
30	97
5	97
105	1
0	6
5	18
6	18
8489	4
0	10
0	10
201	10
1692	0
99	56
13	0
54	67
30	3724
0	143
0	3918
0	3918
252	258
0	1758
143	1758
0	0
0	0
0	11
0	15
0	11
73	24
0	24
521	404
85	37
1333	405
3493	4
0	129
2752	130
172	0
0	32
0	4
0	4
3	0
65	0
1743	8
0	0
283	0
0	29
0	33
18	62
0	0
0	1
0	1
0	0
147	64
25	117
0	117
1586	2178
0	25
260	2178
14	87
0	7
0	21
6	21
46	381
1641	1
3052	2
196	0
67	0
60	1426
0	17
1	410
84	679
92	679
280	1
525	0
0	0
0	0
0	4
0	5
0	5
0	0
2487	933
29	437
18	584
0	77
171	78
0	4
154	10
0	6
0	0
0	0
0	3
0	0
0	0
7	3
10	0
0	92
0	87
0	92
0	243
0	83
2655	5553
0	0
0	0
7814	2
0	77
722	243
0	24
5	0
59	14
253	23
13	21
0	14
0	17
6	140
18	14
0	137
25	0
0	0
0	0
0	31
0	1
0	0
0	0
0	0
0	31
0	31
1	9
0	9
0	9
3216	0
0	1357
0	1352
0	1261
0	1435
4	1415
8	1414
0	1308
92	564
85	584
18	584
23	304
0	304
0	179
131	1558
114	1558
447	95
0	60
5	109
7	0
0	0
70	299
0	4
0	54
0	295
0	295
0	294
0	0
0	0
0	0
0	1423
0	117
0	972
63	5837
0	336
30	5614
0	0
0	0
8	396
0	402
2	402
27	0
0	0
0	16
398	16
305	417
13	417
808	0
0	660
0	87
0	712
0	737
0	692
1	88
29	88
0	0
0	0
0	0
0	0
0	0
0	0
0	0
16	2
0	0
0	0
0	5
44	5
278	556
0	556
162	0
2643	1
234	65
0	65
0	76
2	243
7	279
0	234
0	0
0	10
0	10
19	10
0	18
0	206
0	175
2	206
32	289
0	206
5	0
42	0
0	294
308	294
2	41
21	7
11	0
0	278
0	135
1	673
0	145
0	621
18	250
14	277
189	346
1531	1663
0	1601
0	1724
244	183
17	1962
4	1962
0	0
0	30
45	30
309	0
51	381
7	381
0	381
0	1266
13	1266
94	0
0	88
0	198
42	114
0	279
1455	776
0	464
20	339
1	287
28	63
206	485
319	486
754	280
204	356
4	247
0	165
95	0
1672	0
6	0
0	9
0	9
0	25
0	25
17	167
0	32
3	245
452	20
21	20
0	257
0	19
0	2
0	237
0	174
0	264
0	168
313	1
0	1
0	0
0	134
0	281
383	300
0	281
135	265
0	26
113	368
18	280
0	123
1316	18451
79	18451
0	0
2835	2335
38	353
403	353
3	3953
0	3937
13548	4674
0	4645
5	3410
0	1862
2	0
0	0
0	91
7	52
395	258
0	193
0	121
4609	184
0	183
535	957
0	957
0	0
11	0
26	180
15	180
297	0
4	0
0	217
14	390
0	210
0	77
0	194
0	215
0	141
0	2964
7	2797
0	2599
43	2856
0	2653
27	2866
0	3084
0	2501
184	86
346	87
248	630
0	630
0	0
0	0
108	99
67	65
0	19
0	19
92	94
0	94
1965	3951
0	3951
0	50
0	5
0	0
4	5
1836	0
0	0
1	0
0	0
171	0
1	437
11	108
0	79
13	439
55	0
302	833
12	24
101	0
0	297
6	68
2	0
9267	1
183	1485
11	1555
15	270
492	270
83	399
0	407
2565	1004
26	1003
2203	4266
0	4266
0	0
0	0
0	1
0	1
0	202
7	180
0	13
0	131
0	169
8	132
0	1
0	96
0	212
0	0
0	0
139	52
0	282
1051	1849
0	1740
0	1849
0	451
2724	786
0	116
87	183
0	183
1054	435
6	435
49	138
201	2586
220	2586
2998	1
53	82
53	82
0	67
0	92
0	34
0	34
428	3402
0	3285
5	707
0	1276
35	10
0	10
31	53
0	53
97	839
109	463
0	598
0	71
0	34
0	14
0	71
2271	0
1560	1
6	60
349	19
0	19
0	0
0	12
8892	1
103	1137
0	41
0	110
4	1136
0	791
3	5
0	159
0	30
4	159
2	52
27	52
2834	4
10	192
0	26
3	735
0	745
136	8
0	8
213	1765
3	27
5	1626
0	0
0	0
11800	4
0	1053
16	1065
189	160
15	89
10	59
26	1150
4	866
2	940
0	1003
0	0
0	0
24	910
3	31
7	1356
2	1384
1833	961
44	796
0	375
914	626
0	626
5773	7
0	278
0	0
0	17
0	129
0	215
74	79
0	80
5	191
139	191
102	113
0	73
4	134
0	34
0	100
0	621
0	8703
0	843
0	8609
409	8530
112	896
1	451
0	0
0	206
0	0
0	0
0	62
0	0
0	0
0	0
0	0
0	0
161	0
273	388
0	386
20	32
0	39
0	39
1292	4403
0	3710
116	693
437	0
0	390
158	395
141	0
0	0
0	1133
177	1133
11	219
141	219
0	137
1	31
0	26
67	536
55	10
16	536
28	66
1502	32
155	32
16	0
0	0
0	0
0	0
9	0
0	3
31	3
0	3
0	3
0	0
665	0
247	477
4	0
0	0
30	93
1317	5580
2	152
0	33
1	5740
4	0
0	0
0	0
0	72
5	112
6	185
0	0
0	0
0	182
30	106
0	106
2	622
0	162
11	578
575	92
13	92
55	68
0	63
13	0
18	69
39	2170
39	338
0	1837
8	1764
2	344
4	1713
0	1469
332	0
0	3133
358	3133
0	35
75	174
0	174
24	32
9	32
0	31
16	678
0	241
873	620
3	8
0	8
0	6
481	86
187	360
29	322
0	4200
13	4200
20	25
0	1
0	1
949	2057
21	2057
58	271
0	271
971	0
40	3869
5	209
0	19
0	3879
0	3871
0	3967
128	3736
6	0
8	0
0	0
1	434
0	4
5	0
0	0
0	0
0	1195
2026	1195
0	0
2	21
0	21
0	9
1366	408
0	0
0	0
335	732
199	732
23	922
0	1114
0	1109
196	142
0	142
2	506
8	502
114	346
65	2152
0	862
25	115
94	2448
51	216
0	66
1	2370
7	2320
127	295
0	18
0	208
121	110
0	110
0	72
0	0
22	163
0	188
0	201
135	125
628	0
0	0
0	13
0	13
12	0
0	1625
114	1748
36	0
0	0
8	2
5	3
0	3
86	124
0	34
0	18
49	56
0	56
1190	0
982	125
0	104
0	26
73	0
0	0
6	0
1812	0
0	0
6	0
37	31
0	31
1437	0
881	536
2	17
35	1255
108	1255
1120	1
8	0
276	2
129	14
0	14
721	0
22	0
748	1441
0	1441
290	0
2174	111
68	0
0	0
0	4
0	15
0	15
0	3201
134	3144
0	512
0	79
453	1253
0	1253
0	0
0	0
0	0
0	0
3	4
0	144
0	902
33	963
0	88
0	2
1	902
40	963
0	0
0	0
7327	6
0	7872
1012	9530
0	1726
92	9
0	0
0	9
12	0
0	0
114	0
996	0
4103	620
1764	0
0	0
0	5
0	5
0	5
17	579
175	579
101	219
0	219
3	0
0	1002
0	109
0	230
0	396
14	1053
0	978
50	152
4	0
0	0
109	0
0	56
4	0
30	23
0	23
30	206
0	42
425	206
1942	1
675	3
66	1577
620	1577
210	352
0	106
0	22305
0	23477
0	24756
324	27186
0	25910
25	2
0	2
0	0
0	0
0	21
12	21
28	0
1128	0
0	0
7426	17181
17	17174
1	6901
4	5041
3629	0
1596	130
0	130
117	0
0	0
0	163
0	6
0	68
11	29
2242	4
22	0
3571	0
51	28
498	28
696	0
7	0
1297	0
0	373
0	373
78	1
0	1
9	13
0	11
0	10
101	29
0	19
0	0
1090	0
75	122
56	726
216	726
13	0
0	0
124	0
6	0
5546	2
0	31
455	267
0	248
0	196
0	248
0	212
0	3
0	3
3	10
0	10
1	52
1107	4782
9232	4811
464	2181
0	2181
0	167
0	31
187	176
197	208
0	0
4	0
0	0
33	12
2662	317
508	15
0	14
23	390
4	390
0	0
0	0
0	0
8	0
2100	0
0	19
0	19
0	1394
398	1396
362	175
0	175
0	0
427	2
224	6932
0	6931
0	4884
22	1353
8450	2700
4	2332
0	364
0	0
1	101
6233	544
0	200
5	197
32	153
0	980
10	117
1717	980
0	0
0	0
0	0
0	0
0	183
17	6
0	6
842	243
0	243
6	69
65	0
32	29
4	44
98	92
3	62
23	120
0	120
65	0
0	80
0	80
1831	5
0	185
0	0
174	0
0	816
5	583
353	816
0	939
0	4904
0	4840
0	5054
0	4427
2	337
0	470
1486	1124
0	727
0	112
0	18
0	60
25	48
8	114
2	114
29	85
0	0
0	0
0	0
29	0
282	0
2715	0
0	6
57	400
488	734
0	162
63	542
67	0
0	26
2	12096
2	4805
13	9009
6656	18119
57	15191
0	181
3059	569
0	3
8	3
438	271
0	271
0	140
0	0
19	140
0	103
0	0
0	0
376	1
9	310
0	1014
1009	1323
2812	2
1842	1645
0	627
0	3224
12	3094
0	3129
0	15
0	137
0	85
0	74
0	16
0	16
474	202
0	202
2019	784
126	781
0	74
32	74
11	0
1	3
0	0
0	0
0	0
0	0
4902	112
0	108
1487	0
0	0
8	0
0	0
12	0
95	0
1703	502
123	501
2	485
82	480
0	100
0	524
552	307
0	138
0	307
64	1359
0	425
0	1359
0	6
0	11
19	11
930	574
40	586
0	0
0	0
0	0
88	0
2627	333
0	4
0	331
1	197
3	0
0	0
0	0
0	824
0	2
0	804
0	803
0	783
33	0
1	20
0	20
0	11
0	11
0	11
0	0
0	805
0	777
0	103
34	930
0	0
0	780
0	566
2	810
1263	1610
0	1035
0	63
412	0
660	2178
18	2178
14	34
11	308
0	135
0	94
0	149
0	165
796	0
9895	93
3	94
0	4
0	47
140	492
0	524
45	593
4	22
0	43
0	163
0	164
3	592
0	0
0	0
0	0
0	0
2	14
146	0
0	0
0	0
1	0
0	0
0	0
0	289
0	16
0	5
1	5
0	5
0	285
0	289
0	318
0	209
10	301
79	301
44	371
0	347
0	376
0	50
122	50
3	0
0	0
174	3
50	0
0	0
126	71
2214	0
0	19
1361	2
3	151
0	157
167	610
0	580
6	64
0	64
0	744
1621	747
8	53
0	28
0	53
22	166
0	166
23	4604
0	29
0	3389
62	1818
2727	10600
0	5864
8	4544
41	5205
0	3084
2202	0
350	369
926	369
2569	2
13	729
2	45
0	715
83	723
2016	499
65	496
132	349
5	349
27	220
0	142
0	35
35	50
49	0
4	0
479	699
0	131
253	195
0	101
1	50
957	252
0	252
0	143
2564	2907
67	1214
13	931
0	580
1106	491
0	1801
33	7
0	7
0	133
34	42
0	309
23	325
64	48
0	30
0	35
50	0
0	0
0	0
430	235
213	814
0	327
30	410
0	23
19	53
0	17
1	18
0	18
10	0
0	80
29	3006
84	3006
23	0
0	25
234	25
0	827
12	1584
2845	1584
0	0
79	38
0	38
0	73
0	53
0	1266
9	1921
0	1536
0	24
5	24
8	17
0	35
7	115
780	161
0	161
17	689
0	689
0	677
0	1
8	1
1963	520
0	323
0	319
93	344
0	344
0	1780
0	438
337	2948
2	1255
13	5
3230	0
725	30
483	0
1157	0
577	0
0	646
473	2943
220	2942
4	0
0	34
3	281
3	281
0	281
90	405
105	405
4	38
12	8
730	398
23	90
0	308
2471	8152
204	4295
6	1719
158	1494
3	1038
300	1038
0	0
0	0
11	13
0	13
0	41
0	40
0	41
0	41
0	0
145	0
66	0
0	1139
0	2073
539	2073
9	5
45	5
1024	6381
741	6381
0	12
1	12
0	0
0	65
795	65
127	79
245	79
0	124
4465	124
616	0
0	77
0	126
21	126
46	0
0	300
129	328
4842	1
1484	160
0	160
0	17
36	17
0	1280
1288	7107
30	79
0	79
0	0
305	0
1281	2946
0	160
0	16
0	2930
1545	971
0	971
629	0
6	3
0	0
0	0
8	3
346	0
5143	2
0	0
0	0
0	64
147	88
0	24
0	818
169	1772
0	1183
176	1714
0	779
0	79
0	80
48	766
4	9
0	9
0	7
0	1
0	1
0	14
0	8
0	14
0	13
5419	860
0	853
56	0
70	0
0	0
0	16
0	1119
0	434
0	690
0	219
0	1008
0	1171
0	11
0	0
2	11
0	905
0	905
6013	2
469	741
534	1803
9305	3
103	1559
0	1559
2	337
0	317
3	316
1410	4757
0	4757
192	4429
0	0
0	0
107	3141
0	244
0	2265
15	3136
2839	190
0	496
1	7690
0	5502
2017	8186
0	368
941	256
0	400
0	1846
295	2419
0	2688
0	2571
0	0
0	0
1	0
0	0
851	602
0	602
0	133
5	315
0	315
0	62
3	46
0	32
930	75
14	307
0	48
14	301
80	0
0	0
0	3987
0	3885
15	3963
0	0
0	23
370	0
532	0
59	0
1974	1888
0	1635
100	703
3	53
0	19
0	169
572	505
4	0
0	10523
0	10259
0	2
36	115
2	115
0	43
0	0
0	44
0	44
0	262
49	298
0	298
11	0
281	544
0	37
9	44
0	114
20	121
2	63
0	4
257	0
0	56
0	25
949	433
0	397
30	30
0	30
0	42
72	42
22	11
0	11
0	1177
299	3260
243	3297
0	3314
0	296
5	285
0	8
0	12
3	235
7	62
639	152
0	5
0	5
0	5
695	7935
0	6879
365	514
10	512
90	17
1123	2006
1	183
6376	5
476	372
0	372
83	0
4691	6
164	0
0	336
288	469
5	377
6	416
1779	0
755	1104
0	1365
0	1450
0	1615
900	2
3	0
0	123
445	242
0	214
0	0
0	0
0	3
0	5
0	5
5	0
2	49
0	49
41	1844
0	1844
3	32
0	32
5	4
0	4
183	19
0	81
0	70
1941	116
157	648
0	103
0	16
487	638
0	1180
400	1210
68	789
0	212
0	212
0	21
30	240
7	240
179	0
58	43
0	43
95	314
0	12
1789	74
2	62
0	23
19	23
0	0
0	0
0	121
22	133
0	95
6	108
0	121
0	131
0	131
0	97
0	0
713	494
0	494
83	9214
0	9214
66	167
105	0
0	0
0	0
5	54
0	54
29	3
29	1020
0	148
12	1020
322	855
3	358
304	800
511	0
1050	2
0	0
1	0
0	434
0	19
25	128
0	48
495	48
0	175
6	175
0	66
8759	9
612	0
1867	0
75	146
154	550
2	550
0	2
0	36
1	36
0	36
49	0
0	13
0	296
0	53
28	280
183	0
93	575
154	67
0	150
0	187
10	1006
0	956
63	774
0	772
21	107
0	107
10	240
28	510
29	545
0	540
0	11
0	11
124	180
0	180
7	0
1	0
0	0
0	3
6	3
1	579
0	236
22	426
4	866
41	799
0	256
0	2121
0	348
5	27
35	3125
0	3295
3	0
25	0
3645	8
0	0
2	0
712	219
34	0
3300	9
37	306
0	45
232	64
26	295
0	156
0	364
5	312
141	0
5	20
10	20
0	8
0	14
0	14
2640	1
412	6216
186	6216
0	108
0	2461
0	2483
0	2427
239	2350
432	0
95	1041
71	1041
0	394
4999	3
116	7004
2463	6938
1	735
241	67
252	0
41	762
4	798
3	748
792	0
0	45
11	45
117	267
0	167
264	202
0	174
1113	0
27532	12635
0	12617
0	587
75	540
0	544
0	422
0	317
0	120
5	1582
0	1501
0	1329
0	1388
0	1
0	1
2342	14651
0	14651
905	425
19	424
4	5
0	5
161	979
0	979
0	7849
0	451
0	7701
11	8205
0	7316
0	2542
187	2542
0	849
163	948
67	941
1075	123
0	123
0	0
0	9
14	2597
0	1637
0	986
2117	2435
174	7
322	0
411	571
1552	1
1913	1
776	472
24	472
656	3
24	1202
4	82
40	1175
0	609
5	1
0	607
0	706
12	0
2505	0
25	66
0	899
10	768
6	948
0	0
2970	3957
3	1
0	3957
791	641
207	328
1002	10
0	10
0	302
3786	306
2651	5
0	9
0	9
49	327
0	327
305	577
0	3944
0	585
172	4344
397	4344
29	2
0	2
0	12
0	0
6	12
4	0
0	229
10	2854
3	726
2632	2854
0	163
19	163
2	143
157	166
4	2523
0	200
3496	4187
0	2298
1292	0
218	0
0	13
0	0
1217	62
18	49
1373	598
0	595
0	561
135	0
34	0
6	21
0	1
0	0
0	0
0	0
549	640
0	13
37	16
3	16
0	113
18	113
0	0
0	538
3495	42034
0	4223
5689	34834
0	2370
28	8144
21	0
42	0
169	540
0	306
0	21
116	194
0	52
70	0
584	4600
0	63
48	4537
0	1972
2098	1972
218	0
0	46
0	86
84	132
0	99
0	67
1517	1363
252	1361
15	546
0	1209
364	1136
466	1527
107	1209
78	1325
3	172
57	1356
134	379
68	379
0	248
0	2
68	248
0	0
0	0
0	23
0	19
0	11
0	23
2	338
0	338
0	298
3082	318
0	315
0	149
159	297
0	801
0	1541
34	1459
0	463
1846	467
0	0
0	0
0	0
0	0
0	181
4	2801
0	3681
50	3660
0	3690
0	63
17	112
0	0
0	0
4	320
0	148
377	3108
44	3156
44	98
3	879
701	879
4	1203
0	582
0	1267
430	5389
0	728
5	2026
7	5384
2397	0
4	0
0	0
20	21
0	2
2	211
74	359
98	476
3	252
2574	0
659	417
0	27
320	27
10	0
5927	6
0	2
0	2
284	0
0	18028
6	12854
1	16108
2728	30931
0	18161
0	12809
547	0
0	50
223	50
0	0
0	0
0	0
0	0
0	0
0	0
0	23
1	129
0	34
5	102
50	130
0	122
0	371
0	170
0	397
92	224
0	200
665	1749
0	649
0	46
6	9
102	50
4	7
0	4
0	0
7	553
1326	553
1626	0
0	0
343	106
0	106
2942	1
105	16
0	14
0	58
9	747
422	742
148	3056
0	1106
0	2051
0	1078
1442	0
0	196
0	104
16	709
2	769
1197	0
538	0
0	4
14	4
459	0
167	230
0	75
0	152
0	13
0	0
131	0
13385	939
140	769
1	1075
0	1066
0	785
36	595
500	118
0	46
116	369
31	369
79	139
0	139
0	106
68	106
116	0
0	0
0	0
0	0
0	0
0	90
193	309
9	306
0	266
0	69
254	291
67	68
0	68
0	65
7868	2
88	673
0	104
325	620
15	5
0	1
0	0
0	1
337	0
0	1814
11639	21713
0	1372
0	9055
3	9276
0	9078
0	20820
0	0
22	6
0	6
748	518
0	518
337	3151
0	2541
0	2429
2	81
0	537
54	2350
861	450
1905	3
602	39
0	330
0	0
430	330
0	104
74	173
9	152
355	0
0	90
0	90
0	0
21	85
0	85
0	205
729	1545
16	45
8	0
0	45
3127	0
548	488
6	154
0	446
1293	1
385	0
0	0
954	0
0	0
0	0
0	0
1	119
1079	1642
11	843
2	801
9	628
17	256
0	256
0	1608
1090	8002
0	7927
0	0
0	0
0	0
114	134
0	244
351	2190
0	328
40	1911
0	1895
0	1901
10	0
218	0
0	3
0	1
0	3
0	106
91	342
0	299
33	128
0	66
13	102
686	696
34	144
1	29
0	13
4	0
0	26
0	6
0	13
0	8
358	12
355	232
0	17
0	47
0	183
2144	141
23	141
0	0
5718	1
40	952
10	969
0	2012
0	2062
0	2058
0	1088
0	2012
19	269
8	60
307	4683
0	159
31	699
7	0
0	0
0	486
878	487
4	8
30	8
0	147
0	263
477	293
2314	861
88	271
0	271
161	3
187	0
24	141
0	146
0	144
0	121
1426	225
95	223
114	6019
1902	5749
17	1505
57	1513
123	281
809	281
69	328
0	193
1841	1704
0	1534
0	1529
0	1526
0	5
0	8
1103	2233
0	2233
481	40
0	40
0	1382
0	163
0	1418
1998	3264
82	48
0	48
0	0
15	4
0	8
12	9
37	979
52	979
544	0
413	0
0	14
225	46
0	32
13	0
0	0
0	0
0	0
0	0
0	0
0	0
0	0
0	0
142	207
0	207
204	0
0	0
0	0
1264	1
2131	2
81	60
0	59
5	7
641	34
0	29
708	700
289	275
6	31
31237	49283
210	2679
6	4581
0	48674
0	0
15	0
253	0
372	0
0	98
816	98
111	2598
0	132
0	8
0	2576
127	2473
15	71
114	202
0	240
429	2
171	514
0	3
0	0
151	677
2817	678
0	0
0	0
0	0
0	0
507	1517
0	0
410	526
0	526
33	0
117	788
110	1038
0	1038
0	87
0	71
28	677
0	677
305	7030
15	2730
19	7030
185	0
0	0
0	0
0	0
0	1123
1746	2372
20	2345
0	1482
0	1673
0	1605
6042	4
0	2
1466	131
3	130
51	10
1	0
0	0
237	330
406	779
0	159
1975	3
0	0
12	142
15	140
4	2
346	70
7	29
0	45
0	7
0	8
31	1706
0	1145
22	69
1	1419
0	1805
820	1805
0	40
157	80
0	41
0	1124
0	265
1837	1124
0	183
0	169
110	308
144	1
0	1
0	0
556	112
0	112
40	17
0	17
1533	1299
0	1449
2	0
1057	415
0	8
0	0
0	8
0	0
0	0
0	0
0	0
0	0
0	44
0	228
129	228
546	605
0	39
4	605
0	0
6	15
47	113
3	14
0	163
18	153
0	130
83	348
0	348
429	172
0	142
11	0
1641	10
5	626
0	50
0	315
0	767
113	767
81	944
0	944
311	231
2	0
7	231
1	22
0	26
0	26
0	42
0	14
11	42
18	0
15	0
154	58
0	485
322	1017
0	30
5	30
519	0
0	0
16	31
0	34
0	40
0	20
2033	39
0	38
0	837
0	761
1716	2
0	0
0	0
0	167
23	167
0	8
0	8
0	560
470	560
2959	2
0	0
28	0
98	237
0	139
0	0
0	0
0	35616
303	36906
0	18568
55	0
7	153
0	153
86	0
35	0
0	5
52	65
0	60
8	0
57	0
0	5
0	0
0	5
0	5
1840	2528
114	2527
44	13
0	8
1104	1016
0	1015
0	35
1	35
183	0
7379	9
1166	1154
5974	1
681	0
381	1803
3	150
25	0
28	21
90	16
0	16
1927	2252
159	1820
6	1877
165	1851
0	1959
2	1907
0	0
0	0
0	0
0	39
44	30
1	428
2387	429
0	100
0	0
0	0
36	0
68	0
152	50
0	0
12	1
0	0
8929	1624
0	1156
0	224
573	133
0	0
0	0
22	0
392	0
0	358
16	44
0	358
981	586
10	12
0	574
460	2063
0	1962
577	589
0	53
12	7
28	74
167	2811
798	2832
887	1711
0	56
0	1711
1466	876
0	876
558	1165
9	1162
0	1870
453	1870
0	0
341	0
0	5586
5848	28638
5	28635
0	475
73	1653
1	1653
108	1803
2245	1804
10127	12
4517	3
0	0
0	0
0	481
0	274
339	6062
6	306
8	6062
0	26
8	112
928	101
0	0
0	0
2155	0
0	7
42	17
0	17
0	11
0	5
28	0
0	101
0	101
0	0
107	0
0	0
12	3
326	1411
7	1344
122	1861
74	2044
3	1864
0	685
103	389
24	467
95	1521
13	2197
0	0
0	5
0	0
3	0
12	5
14	765
0	728
0	478
0	325
136	542
0	533
13	28
146	0
0	18
0	18
0	2
0	1
0	0
0	5
7	69
2	70
0	0
0	0
527	2
252	4211
78	4211
1892	0
0	20
326	21
594	0
134	343
0	307
0	299
25	75
0	75
3	3
593	0
967	738
6	738
0	0
254	2
4	0
0	0
0	0
804	583
0	535
0	48
7	0
1294	0
3	203
58	203
15	59
55	196
0	191
6	131
887	1
1125	143
11	143
47	2227
152	1649
1001	875
580	0
99	0
19	1362
0	461
80	1362
1	12
6	22
20	24
34	59
0	1
0	0
0	6
0	129
142	129
7137	4150
0	887
9	4019
7	4039
0	4013
0	89
5	89
4021	1
0	16318
4	6983
66	11707
1898	16318
0	414
0	104
21	908
31	812
0	763
2576	0
0	0
0	0
0	0
0	0
0	0
25	0
344	1184
0	1184
0	0
0	0
0	25
156	25
930	0
27	42
0	48
0	48
0	55
5	55
0	550
13	668
0	668
93	2
0	5623
0	3799
6	4755
1810	7596
476	0
60	23
139	0
0	0
3376	2
1	26
0	24
0	0
0	0
0	0
0	0
3	23
0	0
0	1
0	1
0	23
6952	4
406	923
1	452
0	751
167	1167
0	507
0	1141
0	0
76	0
0	92
0	90
7	104
0	4
39	6
0	6
4	750
37	690
35	555
25	170
43	164
1152	1097
11	1071
12	70
256	100
14	58
0	0
0	0
32	0
162	0
22	4
31	4
2	739
0	0
13	774
0	787
0	423
183	0
20	7
0	7
331	0
1332	1
0	57
0	1
1317	1433
3	163
6	179
78	1422
12	0
29	0
647	1
28	2378
0	2351
0	2412
168	180
0	180
0	145
0	294
0	202
4	1046
36	1084
11	47
2267	5
109	406
22996	415
95	0
0	1035
40	1211
22	1214
210	151
0	151
0	0
4133	4
239	472
0	3
0	1
49	99
52	156
0	156
8	256
0	6
9	174
0	61
0	71
50	427
0	397
7	429
0	0
0	8
0	8
1295	3560
0	3560
97	16
0	0
0	36
0	36
29	0
1	0
0	0
0	852
558	2003
0	2003
0	10
19	10
138	0
959	0
0	300
765	300
246	159
6	26
33	52
0	26
0	52
0	52
14	43
245	279
4	7
0	2
0	2
0	0
0	2
0	346
9	1431
57	1500
0	1435
1	1366
338	0
0	9
1	0
0	9
0	8
10	11
0	1
0	1
0	1
302	180
0	180
0	0
23	271
0	22
6	271
406	801
0	2037
48	2279
0	2383
110	2381
5	0
10	40
0	40
11	312
2	72
30	101
0	65
0	29
0	309
18	0
1108	103
0	103
371	0
0	1299
0	2195
97	1538
2	2209
6467	86
0	86
0	501
532	501
1891	545
0	68
30	68
13	0
0	0
0	0
377	1
7	65
0	143
0	163
45	258
63	258
1	0
95	0
6096	0
533	0
76	0
383	1049
0	1049
114	38
0	711
1285	1503
1	1234
159	536
0	536
1287	936
172	102
28	102
128	0
29	24
0	0
0	4
0	0
0	0
0	4
0	1
0	1
0	33
329	247
0	236
15671	5122
225	362
0	362
241	87
0	87
170	1
2484	283
0	80
19	6
0	6
0	0
3	55
0	37
6	86
400	150
0	113
90	75
14	1962
239	1962
554	0
242	0
1319	0
1351	0
0	0
744	3362
0	3152
0	2954
0	2751
0	3174
0	2954
217	3018
5	3599
3	3146
0	0
0	0
0	0
577	241
0	241
22048	1854
1912	0
134	17
184	557
0	557
0	0
253	127
6	3
3975	10
14	0
54	1903
38	1903
0	1402
28	57
0	0
76	11
10	11
0	0
6603	9
0	0
0	1427
5	14942
417	41730
0	4619
0	12064
13	37172
0	721
857	1759
6	1428
0	1759
6	1395
6	252
0	189
2199	1389
0	0
2863	0
55	93
1	0
0	0
0	2509
887	2509
0	0
288	0
7	0
2	1373
19	1119
193	0
0	188
0	958
13	947
0	5
0	5
1337	108
43	102
336	1353
0	112
0	1245
123	309
0	309
315	0
1	88
0	32
0	51
0	7
0	69
2	0
0	273
0	273
233	5400
50	250
1	5398
0	36671
1394	51665
16	23575
31	35
2	21
6436	6
178	249
0	30
0	29
1	30
0	18
0	126
64	232
0	106
0	233
167	478
0	509
0	306
86	33
0	13
0	15
0	7
1211	17
0	16
104	563
0	242
0	189
1	506
791	0
0	1124
198	1125
0	0
0	0
0	0
0	21
0	12
0	21
1890	2531
0	2531
0	0
156	363
0	363
0	0
0	275
0	0
3	0
6	28
0	54
13	1471
0	1
5	1466
573	0
5	11
4	11
43	5
0	5
0	11
736	570
0	0
474	466
0	4
87	0
0	466
63	248
0	248
0	0
7	0
0	0
0	0
4	19
21	19
1	6
0	507
0	704
29	213
159	2629
2	2715
0	33
19	39
126	533
0	409
0	2
0	4
0	46
0	50
8	94
0	0
1431	1110
0	1112
0	1112
0	1109
0	935
0	1109
0	0
0	5
0	5
0	5
0	0
248	0
0	46
0	0
0	0
4	487
0	361
0	10
0	105
0	105
509	0
3	0
106	4216
0	2616
54	4216
0	0
71	0
0	597
542	597
194	245
0	245
0	0
1569	0
134	0
690	1
0	495
1466	1120
16	1184
5	0
0	8
0	8
103	296
163	296
978	462
0	460
367	0
0	0
0	0
0	241
0	292
0	183
0	177
0	84
0	1842
0	2372
4	2321
0	2372
0	10
70	1779
0	1769
0	57
71	4789
0	94
46	5026
0	3042
0	61
542	203
0	181
2343	2
98	26
0	10
0	16
0	0
0	220
90	235
0	218
0	0
0	234
0	234
3166	0
0	1458
2416	1458
0	1458
546	0
1666	44998
113	44998
0	101
7	95
634	1112
11	1026
17	1
0	1
4	82
0	0
0	82
1521	734
17	700
11	47
863	47
0	0
0	178
138	3514
0	171
18	650
5	647
10	571
3	515
39	3453
86	0
206	1089
0	1089
88	0
19	1799
0	43
504	1787
0	142
1	223
0	638
0	651
0	638
0	664
0	638
0	68
1144	499
2395	5
0	0
0	0
0	65
0	88
0	53
0	107
0	152
0	25
145	412
1173	0
6	0
419	57
0	57
960	145
37	145
0	525
21	3110
2	3167
8	0
0	4
0	4
0	4
0	4
0	0
0	0
5	0
0	0
0	239
292	239
4	0
0	0
2	0
0	12
0	0
0	0
0	12
641	6269
0	633
70	6590
1117	0
5	45
9	0
0	140
1	90
98	552
537	0
428	1112
212	278
69	0
756	0
10	35
0	32
0	0
0	0
0	35
2	15
0	0
2	113
20	151
0	90
0	151
0	0
0	0
0	5
513	4
4517	25411
4796	25414
558	0
108	547
957	548
0	13
2088	1
235	0
351	0
10	14
0	0
32	8
0	0
0	0
150	0
3	164
2744	1002
5	471
0	831
0	151
1371	8
1281	1976
11	30
0	1829
0	1811
1369	167
0	1702
7	1669
295	0
6	0
1171	0
6626	10
94	73
0	29
3900	144
0	135
4	0
0	0
0	225
0	458
391	1736
0	1736
964	126
0	126
469	0
565	1
0	5922
15549	22909
4565	1973
42	39
0	11
654	0
243	1052
2	170
13	725
0	82
5	422
22	1097
10239	7909
28	1164
12	7908
16	27
140	23
0	19
0	15
0	0
418	0
0	0
0	8
0	2
0	0
2	3
2	975
0	0
0	0
6972	108
0	107
1235	1363
0	1363
0	253
47	185
1123	511
2896	1
1779	0
4	0
0	0
299	202
0	4
184	544
0	147
0	351
0	0
292	427
0	427
0	0
1144	1
5	0
743	0
44	0
22903	15
0	69
129	67
0	14
428	357
0	287
886	0
23	110
43	349
403	228
13	3825
118	3830
86	456
0	122
0	20
0	20
13	460
619	100
0	27
680	0
8161	590
29	395
0	938
40	718
6	2376
11	785
6	363
11	782
0	355
9	695
14	6
20	18
0	2454
0	2396
0	2461
0	2427
180	0
88	383
0	0
0	383
0	4
0	3
0	32
14	70
2	2
0	49
189	580
1	594
0	590
30	12344
32	11868
1	10227
0	10137
343	29
6	27
1578	1153
56	1152
1854	1
0	6
7246	3
66	1
330	1794
438	14
1	3682
0	3251
317	0
1	2
1	2
14	107
258	107
0	842
161	842
2166	1647
65	2355
30	2244
3	8
0	7
5922	3596
1	3594
1	7
0	0
0	7
9596	2259
0	1241
0	1437
4	0
0	2
46	2
21	1
23	1
0	78
55	97
67	21
0	961
7	1
185	1268
145	1268
169	766
918	766
2151	6
16	137
0	150
45	115
232	142
4	50
0	44
433	3015
68	3015
1274	193
0	0
49	0
38	0
332	0
4	1169
0	717
2	1129
272	1447
89	355
48	0
0	261
0	87
0	232
18	261
15	14
0	0
1457	0
0	0
1	0
0	0
2927	2114
0	1
0	0
0	4
0	4
5	1194
0	763
0	736
0	0
0	0
0	0
45	13
0	13
43345	1449
0	1416
0	0
5189	0
47	0
41	0
0	2232
3760	2853
0	2853
88	23
14	23
1021	375
0	375
64	0
72	0
0	297
0	109
7	466
51	466
0	127
565	0
121	0
29014	39660
1776	10868
92	32554
4379	1
932	2
3	113
0	139
0	132
4888	660
0	658
0	16
0	16
43	0
46	0
1457	1392
17	179
14	51
41	1055
0	0
323	192
0	192
0	0
0	0
2	24
22	24
98	11
0	11
0	0
0	0
61	199
0	199
20	177
1725	29755
0	67
7	2814
0	113
0	2177
39	30681
24	0
0	36
29	36
7	1015
0	554
0	563
0	559
0	5
6	12
0	353
0	108
0	90
0	354
118	69
63	43
0	44
0	0
2	0
0	0
0	0
8	0
12	36
43	182
4	182
96	0
3216	0
3947	0
0	0
1	0
20	330
0	45
0	549
0	543
0	0
452	4261
221	4261
0	0
19	4
91	0
0	0
0	0
0	848
0	45
0	243
7	246
62	5114
0	5122
0	5209
145	2350
0	1924
0	17
0	17
0	9
629	1
0	1018
0	631
0	621
1	8
0	623
0	0
0	0
3	12
0	0
0	10
0	0
103	2548
0	144
101	8570
60	8490
89	35
0	10
0	41
3678	3003
0	3000
0	2410
5803	4401
0	4401
25	231
0	182
0	2
40	3800
6	783
0	1161
7	403
78	3817
6573	2
42	89
163	1124
0	392
0	259
0	774
0	832
0	10
0	10
0	0
73	22
0	30
0	24
0	30
79	439
262	439
0	46
12	157
0	27
152	183
0	8
0	4
118	123
0	0
0	0
0	188
9	188
762	590
0	11
7	0
0	11
0	5
36	33
120	290
40	290
479	457
0	831
129	3017
5	1079
0	2812
0	0
291	415
0	415
2209	1327
64	390
7	282
0	57
224	513
0	73
0	502
0	0
46	0
18	16
0	16
790	176
6	11
0	62
0	126
0	0
0	112
0	0
229	326
6	326
32	3
0	0
1595	4
69	0
0	0
0	0
489	4933
0	84
0	1192
28	1074
1034	6518
0	0
0	0
4	0
0	0
0	0
0	0
38	0
0	0
19	0
0	3
26	2
0	710
1245	1579
0	1826
1652	70
0	70
0	0
1125	0
29	0
52	148
2	156
91	87
33	181
0	190
64	190
0	1
0	1
1	0
9	0
546	1185
0	1185
0	0
0	0
0	0
0	334
406	334
26	99
0	99
0	0
0	0
0	0
0	0
0	0
3	0
554	189
12	2
7	0
0	0
0	0
3	29
0	36
90	2977
0	2957
0	1268
0	1355
0	1271
0	2908
0	0
0	0
8	0
0	54
0	187
0	100
15	8908
0	9023
65	583
0	583
0	6
117	0
1440	0
0	7
0	0
2	7
0	7
0	7
15	54
0	54
6	0
145	46
0	46
59	2687
0	2687
0	168
0	43
2	1826
122	1826
0	0
0	0
0	0
133	3
0	0
0	0
16802	4
0	0
4	58
0	58
0	36
306	36
0	0
0	0
226	0
100093	21166
0	4487
170	688
0	688
698	0
0	40
0	40
0	40
34	308
4	17
2	212
405	6876
2505	839
3370	6037
0	3
0	0
0	3
0	0
0	0
285	0
3	0
0	0
36	0
0	0
0	0
0	0
0	0
2	90
0	29
834	216
9	87
0	127
0	23
0	23
0	0
1519	680
51	183
15	530
17	17
35	235
11	399
2316	455
89	336
0	336
306	1611
1	1754
0	1301
2	0
0	0
0	0
122	0
797	3073
11	2867
0	2652
0	2812
186	1602
1	651
0	1486
431	449
0	55
0	424
0	0
0	0
0	0
0	0
0	0
0	9
16	9
0	0
0	0
29	336
0	245
0	44
0	73
0	286
0	327
0	0
0	0
6688	1816
0	1540
0	1606
0	1774
21	32
0	11
329	633
31	103
0	13
7	125
0	148
14	222
0	208
4	217
0	0
0	43
0	29
4661	0
0	326
0	259
37	326
0	0
0	0
0	0
0	0
0	1476
458	1476
5190	3
0	0
11	285
0	0
0	73
41	282
2	0
113	24
0	24
1048	327
0	327
0	0
0	0
0	0
0	0
0	0
0	343
0	100
1816	2422
0	2322
39	0
0	0
252	2
0	0
55	646
7	499
0	624
97	274
0	274
263	659
59	659
0	0
0	0
0	53
0	287
0	651
3	131
1	166
0	737
0	628
36	126
0	36
217	535
0	9
1	0
102	0
483	588
42	44
47	297
526	885
1525	3
34	25
0	11
0	11
0	0
345	0
6	25
0	25
0	25
0	0
0	0
251	8678
6042	8680
118	3336
5	121
0	27
49	80
0	3347
0	3230
464	724
19	724
0	320
6	1
0	0
4	0
0	0
0	0
13	0
11514	476
0	472
60	10
787	1488
28	9
0	1488
0	193
1687	196
41	0
0	48
0	48
0	0
116	1144
14	115
6	1892
0	1908
1	1918
0	1892
0	1898
0	1924
0	269
195	1837
2	1836
11	878
33	42
64	42
0	0
51	3
4	13
0	13
171	269
0	269
5465	0
328	0
0	517
982	1054
0	59
2184	6
210	386
0	386
0	240
0	0
0	0
0	118
63	225
100	225
0	71
4	100
1255	100
5923	1269
1	1265
322	4878
0	23
43	4855
631	0
9	608
0	11
0	608
0	0
0	0
0	0
0	0
0	0
0	0
0	0
0	0
0	0
0	0
0	0
0	0
0	0
1255	0
0	0
0	0
0	0
0	0
2309	0
916	1992
34	127
0	0
0	0
0	0
0	0
0	0
3255	274
265	1
74	0
678	0
0	5
0	4
0	4
0	5
0	2
543	3
471	177
6	29
0	155
61	74
253	0
0	0
0	0
0	23
0	83
5	20
0	22
0	22
0	26
4	84
0	3
0	3
0	3
0	91
0	4
67	885
0	906
0	901
295	0
60	43
8	43
0	79
0	29
0	368
0	368
1	23
0	6
0	17
13	442
3	442
292	1431
144	511
129	1805
0	0
0	0
10	279
1551	280
0	51
168	325
0	20
0	0
0	0
0	0
0	0
0	0
139	48
0	10
0	27
0	28
1844	3
146	863
0	28
0	496
0	856
75	204
9	204
0	0
104	149
1821	120
64	266
1751	972
71	163
0	163
0	0
605	0
0	0
968	0
3	149
6	191
229	583
246	3895
15	3896
43	209
0	172
0	203
19	209
226	0
97	233
3170	1
0	21
40	21
0	0
0	0
423	0
0	0
0	0
0	0
0	0
90	176
0	0
0	2
0	0
0	1
1	0
27	125
2186	126
4	109
65	109
2	222
734	292
5	292
22	0
0	0
19	2
10	0
0	84
0	74
0	24
0	519
2822	923
0	626
4	355
0	97
0	129
0	420
6	469
1	512
0	0
0	0
1	488
0	208
52	63
62	613
0	63
0	613
32	0
1680	289
1	289
35	74
3	0
418	74
49	6
0	6
325	308
0	174
19	0
65	33
138	33
1239	2
0	91
0	44
16	13
0	25
0	25
80	284
0	284
841	208
0	47
9	155
0	28
0	883
2	803
12	0
802	797
0	797
898	0
0	0
178	1
7	0
0	0
3	192
25	387
0	0
39	0
780	228
0	228
2062	1763
0	1761
0	2
0	2
0	0
546	744
0	744
0	205
0	0
6084	0
2	0
1	0
38	418
0	309
0	80
127	553
0	51
40	962
13	994
0	700
3617	308
2291	3
1497	0
0	0
0	0
2	87
0	0
732	1628
0	1528
0	13
78	0
408	508
0	435
0	459
0	428
0	466
120	378
0	9
0	9
0	45
66	45
1313	409
0	0
156	174
0	148
0	148
10	205
0	179
1219	0
10	602
5	2158
48	2158
601	1
49	77
13	78
0	66
136	683
0	139
620	685
390	71
0	0
0	0
1258	4
0	49
3	93
0	8
0	1767
11	7406
0	2457
419	7702
451	0
394	536
33	2347
30	2333
46	164
0	86
13	3845
4057	3846
0	1016
64	1016
0	0
0	0
0	0
0	4
18	4
13	0
36	238
0	9
7	109
0	112
0	126
0	0
0	6
9	141
0	4
0	4
18	283
424	422
0	11
0	129
3	13
0	1
117	285
230	17055
22	30
19	9850
0	9827
12	145
0	145
103	1013
8	1013
0	161
0	1
1036	1
1755	5
4	6
0	6
13148	27568
6	10580
6	7081
4	9552
0	14033
211	17649
6120	110301
0	14350
0	16764
82	110292
55	220
0	270
21	0
0	0
193	17198
282	17144
2725	1
105	657
0	657
0	641
1	100
0	75
47	909
39	201
0	128
75	711
38	282
64	711
1789	801
0	801
0	22
26	22
583	136
0	135
8285	8082
0	7491
0	7659
134	17200
201	0
0	0
5468	2
1	0
16075	3797
2	3786
0	5
35	5
148	2551
0	471
3	2647
4157	458
0	450
28	5
226	6460
0	5906
0	1024
11	109
0	0
23	109
161	253
0	0
0	0
129	180
1	19
0	328
3	148
0	185
135	1496
0	542
8	1471
0	0
18	1
0	17
4	17
0	13
0	0
0	1
0	9
3352	2
0	389
0	389
346	15
0	15
25	82
1	249
93	212
0	18
1982	89
98	218
37	306
262	0
184	382
7	202
6	395
4	382
146	345
0	22
404	22
53	14
0	14
0	31
0	31
466	3036
0	3036
1511	0
513	67
3	67
0	0
24	90
0	90
456	0
0	0
0	9
0	9
0	6
0	34
358	35
5351	11
167	551
0	369
0	426
2773	3767
0	3750
12	2031
0	873
135	803
0	830
0	0
40	177
0	2937
0	1156
0	2942
27	2975
950	102
0	77
0	72
98	3232
0	3232
272	0
0	0
172	0
0	0
0	106
0	106
0	88
0	0
54	768
0	768
41	347
165	1002
13	1002
569	0
0	0
0	0
11	108
211	142
0	128
8	85
792	88
0	0
0	29
405	3705
10	3704
0	81
0	1427
43	340
4	1948
0	1848
0	0
0	1152
1	422
18	164
0	2376
0	2203
64	1912
314	0
0	0
0	7
0	7
7136	2025
0	2023
2	266
840	4656
149	8194
0	1712
0	104
0	4229
0	7841
25194	22027
0	22023
7	0
0	566
5	566
0	42
0	42
0	42
0	253
0	260
0	7
12	260
270	0
26	111
0	105
43	495
0	495
0	492
0	484
1	1192
25194	1213
0	9
3	21
5	21
24	0
0	105
8	105
275	0
54	486
27	63
1122	1762
22	1762
36	163
0	0
250	1974
0	1934
0	1663
0	1823
0	1590
0	1590
1803	1
2291	1592
41	1592
1003	0
374	210
0	0
104	124
14	124
31	148
179	139
94	2
0	43
184	44
0	0
112	0
1	91
0	1205
0	1382
70	3731
3	3641
3115	22876
1	13984
9	9088
0	22566
0	5
0	0
0	10
8	15
0	81
0	70
0	0
4	0
0	0
301	0
0	0
528	1179
0	47
34	1132
15	120
25	120
446	3337
0	29
0	628
415	3312
55	404
4	404
2	177
0	122
3	138
35	38
0	0
4	0
0	0
0	96
33	1052
0	614
12	1258
3	667
10	137
0	247
0	1165
0	0
0	0
33	0
589	0
205	0
0	320
0	344
120	381
0	229
20	0
108	464
0	464
385	1195
38	122
13	122
32	25
1032	380
130	496
37	496
94	29
11	27
67	1305
195	1305
1389	735
472	1
0	59
0	59
0	29
0	59
0	59
36	59
595	0
0	0
0	0
0	0
0	0
0	0
8	679
1532	1835
68	555
17013	3
0	10
0	10
322	281
0	40
10	241
18	14
0	0
0	14
12	7585
25886	10883
1	0
2	0
0	2
6	2
0	11
0	37
0	37
0	37
116	2
96	543
0	791
0	1340
43	4984
31	4512
0	3574
141	0
0	392
2329	3158
701	3156
0	2
0	2
1772	2
154	5266
28	619
356	5266
30	124
0	18
0	51
0	124
90	111
12	105
1896	2
324	1879
252	1879
3	1
2	0
410	0
0	334
146	4403
6	4401
0	2835
835	0
64	0
2071	892
43	892
6	206
24	0
194	0
1137	33
31	33
153	503
0	155
96	155
91	33
26	33
0	0
130	196
0	207
0	34
1	34
4	1
0	8
42	9
0	1
58	640
4	640
0	215
0	185
38	0
2176	0
9	0
10	1826
42	1826
0	1131
0	0
0	0
0	596
4846	1676
0	1666
0	1672
0	764
0	101
0	5
0	393
4	487
0	517
293	0
11	0
3	0
8475	1780
0	1760
658	1819
32	1822
124	124
0	18
97	876
2	876
2285	2
615	192
0	192
0	9
6	27
0	3
0	3
0	25
134	42
0	0
0	0
276	1
0	2
0	2
0	115
0	99
617	214
0	0
0	125
3	11
1766	2795
0	8
0	8
0	8
5243	5
16789	4
2236	580
0	130
4054	3114
0	381
0	284
0	3067
46	3275
4390	4
442	0
1089	0
0	56
55	7
0	84
7	88
0	214
476	214
0	138
13	1784
1	1779
3392	321
0	314
13	933
0	0
0	0
0	0
0	0
0	116
251	116
0	57
123	68
243	0
76	0
82	0
10	238
0	54
1374	406
0	168
5	0
31	398
0	129
0	450
7193	3411
0	824
291	824
142	20
2011	2041
0	2040
27	502
1	53
4	325
0	479
4188	2663
0	129
0	13
0	2732
13640	6
205	845
118	845
0	510
1289	339
0	247
2674	9732
562	9829
6	1208
0	10
20	288
46	20
12	16
0	9
0	367
0	260
35	367
601	7413
882	7550
133	1273
0	31
5	1273
0	0
0	0
0	1048
1115	2195
3	1982
44	1598
1	2
0	2
0	81
0	155
67	366
3	363
0	89
193	89
0	18
23	18
0	18
3989	206
0	205
0	7
0	0
0	0
0	9
0	16
83	36
0	36
21	4
0	422
0	334
0	1080
0	1046
51	4567
8	702
4	702
0	702
57	3756
2515	8381
0	8377
163	0
226	0
0	2005
380	2005
6	214
0	406
0	419
10	519
0	47
19	503
4614	1052
0	402
0	649
133	0
0	0
68	25709
6686	19732
0	17142
1	28079
727	25466
0	33560
0	1
1	1
342	107
0	107
114	145
0	121
740	531
1422	0
2676	0
64	850
0	1632
1	1632
0	23
0	7
0	19
0	448
0	448
1	21
4	448
237	318
92	25
20	136
34	771
39	771
0	10
0	0
28	0
0	0
24	0
0	0
1482	0
22	646
0	41
33	78
0	61
0	31
7	109
0	0
0	0
0	16
783	276
150	188
0	66
0	95
0	52
0	155
410	0
469	0
163	1514
8	1547
0	0
31	0
0	0
0	0
5	150
0	146
0	205
3	290
0	183
552	409
2	212
1	195
0	0
0	0
0	3
0	3
793	889
0	197
3	10
0	0
69	16
2	11
0	0
905	2861
0	2078
0	475
119	294
0	2309
41	0
0	14
48	14
4060	1939
0	795
6	150
27	120
0	1807
0	1808
33	2056
5	257
0	257
1346	1023
0	1023
192	48
2	48
1877	0
0	0
0	0
0	0
254	247
652	471
19	116
0	46
0	40
0	468
779	486
0	486
5178	4
0	24
680	585
0	585
8	0
6178	4939
318	4935
0	0
0	0
0	772
57	4702
0	1478
0	2873
0	4080
12	8
5720	1917
0	1673
0	95
0	67
0	71
0	108
0	71
3	818
66	1292
431	1230
0	0
0	0
0	0
134	1
82	1
2	35
0	35
1321	0
1099	5064
288	2531
381	6852
33	1
44	380
3	371
0	4
0	8
2373	897
14	1127
5	0
107	442
44	548
0	0
0	1
0	9
4310	12
4	0
0	0
0	0
0	2
41	20
0	0
0	0
0	0
0	0
9	0
9	351
0	216
0	4
0	138
0	420
639	24686
57	603
1896	4
198	99
76	0
0	3097
5	120
7	2198
6	1
285	112
103	113
138	3349
112	1999
3	85
4446	4085
6	1683
0	4067
4	131
128	166
2698	301
0	2
20	83
193	94
0	72
0	3935
0	4307
37	7795
0	5303
69	1481
3	8507
0	37
58	37
3	3521
29	25332
0	427
7143	5112
0	1193
39	5500
0	4462
0	78
0	78
0	12
53	12
193	28
0	25
0	0
17	902
0	460
0	454
0	394
10	0
0	268
0	567
0	176
1023	804
15	2
0	0
93	832
0	218
1421	1461
0	0
0	0
0	0
0	0
0	5
0	5
518	4
0	1191
272	1191
293	128
0	128
0	128
49	0
39	0
14	0
0	0
583	605
0	96
0	74
0	4
0	4
23	470
8	604
25	604
0	0
51	83
0	83
58	728
680	1703
691	1840
22	25
6	1660
0	1
2	1676
0	1676
235	35
627	542
2	45
10	62
292	1
5	206
0	206
435	0
0	0
20	0
16	10172
120	10865
2	10
0	47
0	105
10	34
540	261
70	97
0	25
148	0
978	419
405	748
52	8
10	739
18	62
5	1621
0	452
25	152
0	1586
3	4808
1	1628
0	4808
865	545
5	545
1238	24256
233	377
0	377
5032	494
16	21
0	162
0	20
2	524
67	3814
0	399
1238	1
0	51
0	32
0	27
4	50
324	0
0	0
0	7
2	47
0	96
418	281
0	178
312	136
0	8285
37447	8303
0	5
9	0
693	3761
0	0
0	0
0	0
528	0
0	0
31	24924
0	24617
471	23626
585	2301
0	3320
0	3448
12	307
5532	3998
0	2447
0	3353
3	4963
0	0
0	0
2	10
0	10
0	7
0	7
0	1
0	1
0	0
6354	3
846	1261
12	1258
3	0
221	13
0	0
0	0
50	0
0	0
0	0
0	0
317	2579
247	2579
0	0
0	0
0	0
0	0
0	0
1	0
0	0
50	3432
3996	3436
120	168
384	0
181	1679
0	294
0	1076
0	751
0	1048
2	1076
0	1679
0	1703
222	9131
16547	9134
0	0
0	0
176	23555
0	410
314	426
241	136
0	136
0	0
6	15
0	15
14	102
4	102
0	102
0	102
2638	1523
143	2
0	1181
124	1181
6	25889
90	25692
15	113
2	113
0	216
2574	2143
0	2567
62	2091
48	2580
0	2210
32	2843
9	2948
9	0
195	0
0	12
0	110
57	144
0	119
315	323
0	323
0	0
0	0
44	1517
0	230
0	1377
0	1221
0	1246
955	22806
0	22806
32	140
0	60
0	140
83	0
0	0
369	0
0	3453
147	23773
131	2268
1	26898
2	8
7	8
0	0
0	0
116	0
0	0
0	0
0	0
0	0
366	2
0	0
1	0
0	249
0	529
685	3161
0	13
0	3140
0	3148
92	63
59	4626
365	4689
0	7
100	161
0	154
4	0
5	32
0	19
229	23532
0	7
25	7
0	0
0	0
0	1474
0	35
38	177
11	165
361	1474
0	1163
10	1170
0	742
0	742
167	530
0	530
92	0
55	27399
9	27153
0	2
0	2
0	2
73	3748
0	3753
0	3531
1143	1
0	13
6	36
0	6
60	37
1350	10223
0	10222
4374	273
0	272
16	11
0	11
0	6
39	6
0	0
0	6
346	0
33	26574
1	26392
2	599
4	128
1	335
5	465
271	718
0	61
43	0
0	0
165	368
0	368
2132	1677
0	1675
19	14
0	14
1	21
440	23546
5	8
4240	1803
0	31
0	1809
76	26224
12	0
9	0
17	67
81	51
0	49
0	286
0	114
598	531
0	349
55	0
329	3533
142	535
7	535
0	17
14	139
33	131
3151	84
97	84
1402	0
482	580
154	580
387	107
187	0
322	397
0	331
0	194
208	174
18182	6
10403	4321
180	4299
0	186
0	30
168	1109
0	1087
286	668
0	668
0	19
5	24
0	15
10	0
18	591
162	591
0	0
0	16
0	0
0	16
0	23547
90	979
0	678
0	519
0	489
27	630
0	674
0	674
195	5261
0	120
4	5261
22	0
0	4
0	0
0	4
0	4
0	4
224	586
1	3429
41	23763
0	3433
891	3433
5	257
32	231
3	239
2806	5
0	13
0	13
1494	1106
0	1106
0	0
2012	1622
0	1621
16	55
0	55
938	1
2	130
0	130
13	1524
0	115
0	199
2	1462
37	1546
390	6
166	2028
9	1707
103	0
10	0
13	10818
0	6393
279	11055
0	5773
166	0
4	26
5	26
7	72
52	372
0	154
0	112
0	76
7	326
0	137
10	1427
132	1396
0	154
17	0
0	0
0	0
0	0
0	0
3085	579
44	43
10	10
1	0
0	10
470	39
0	39
4	8
0	25
19	51
2	25
0	29
0	247
0	684
16	684
207	335
0	335
1	198
460	198
29	528
0	528
0	0
8	145
0	3
54	234
39	3380
0	32
15	3405
0	383
186	451
41	645
0	559
27	461
28	645
0	518
0	644
0	491
0	161
0	108
0	17
0	6
109	173
0	0
0	0
270	219
0	219
4	0
829	5559
0	924
0	377
18	5765
0	116
1292	1290
0	1290
0	110
2091	230
0	228
0	14
0	0
0	0
2070	1653
0	107
34	1655
4	1562
0	179
3	59
0	70
2	133
8	74
859	408
0	648
0	41
369	648
0	379
0	429
27	2543
35	1970
143	1827
35	0
0	5
0	5
877	233
0	116
2016	116
140	6
23	0
6538	12
26	6
1390	738
2258	16
0	0
0	9
0	9
0	9
3	62
36	479
0	88
2	72
83	405
0	176
2260	2
0	27
30	27
71	7
0	7
0	50
0	111
0	198
0	180
188	1
221	85
0	105
4	120
2279	1144
0	1143
0	196
6526	270
476	90
0	90
14980	392
0	385
54	590
11	590
0	165
589	951
14	951
356	1511
0	1146
0	34
1	1110
0	750
4	182
0	181
1	185
2	61
0	85
2	0
0	1105
0	0
1327	97
51	301
20	598
0	1850
0	1850
0	0
0	450
7	359
185	565
0	2519
0	2125
14	2602
465	71
5	71
1332	169
5	168
3	464
0	135
2	475
4	1323
0	1438
0	1728
66	586
295	586
0	2
5	113
0	113
0	0
2	0
5126	1179
0	337
0	58
73	179
250	574
3	267
0	182
54	267
1074	96
702	1
0	6
0	6
195	78
0	78
5953	914
0	914
0	453
753	457
37	567
783	290
92	0
101	321
2	321
2	0
0	0
0	0
0	0
4	0
0	86
1042	86
12580	9
194	210
0	210
541	0
113	587
507	592
9076	1077
0	1068
0	0
0	0
0	0
310	203
250	388
0	388
1035	988
114	321
297	2383
0	2129
0	1345
0	2311
0	1863
93	0
146	0
0	0
41	0
3917	0
243	810
0	810
65	0
617	2294
11	2291
0	223
996	224
0	92
1037	1767
0	1767
0	5496
0	628
10230	6280
0	700
4	176
0	176
0	17
9	17
0	2
76	2
25	32
0	32
0	0
0	0
1	7
0	7
25	0
0	132
0	132
20	132
0	0
0	0
54	0
218	309
0	309
1755	232
11	98
0	181
0	24
56	439
10	439
742	568
0	160
4	35
0	0
0	2
0	0
0	0
0	0
0	0
0	2
0	224
0	66
0	25
0	227
0	177
5	227
0	65
0	15
17	296
166	57
0	57
2256	628
31	15
0	15
6674	442
0	14
0	14
261	20
0	20
480	0
22	420
0	400
302	94
0	94
0	927
93	927
2	292
2	77
0	77
9	0
0	0
1309	3652
0	3836
0	2612
0	9
0	5
0	9
3	30
0	30
129	0
0	126
0	0
0	173
0	69
0	71
104	65
27	58
27	63
32	0
14	37
1110	312
2522	0
2388	641
82	641
0	32
34	32
469	0
1307	0
5	183
54	337
0	39
174	0
28	17
2280	2471
0	713
0	1339
4	2354
0	0
0	0
2120	1
0	36
24	367
72	403
0	0
0	0
0	0
0	0
48	0
0	0
0	8
0	8
1161	0
1134	72
0	69
276	0
845	0
0	36
0	47
101	68
64	7
0	4
5	8
0	8
0	0
0	0
100	242
122	0
7	0
0	0
0	0
0	0
337	81
983	1
353	5
0	5
0	25
0	5
0	9
0	9
0	12
0	1
0	9
0	2
0	2
0	195
565	1197
0	1197
0	184
3	0
0	0
0	1
0	1
20	756
21	555
0	712
0	4
0	4
67	243
0	34
74	212
0	308
1626	482
0	59
732	902
1	1434
1	465
5	82
73	1434
12	5
5	461
280	461
131	0
411	0
18	252
70	252
2162	822
0	22
56	22
668	440
4	440
41	36
0	36
32	1229
4356	1470
4	1391
1208	679
264	473
0	482
0	441
659	441
272	3813
38	3504
77	0
0	18
27	18
5	0
0	79
20	669
197	669
126	210
0	126
0	78
54	78
4	0
0	32
1748	854
0	853
0	255
0	356
10	356
0	316
1679	1
529	0
356	651
0	651
0	2
0	2
0	8
0	0
0	0
0	0
26	109
12	109
0	0
0	0
16	279
0	279
2835	1692
0	3806
36	459
173	3177
167	934
5	240
31	934
676	52
14	52
0	951
185	955
3060	8
0	4
40	4
0	1519
0	1581
0	1590
7036	368
0	363
1	571
8	571
9	801
6	88
0	309
554	2405
1	658
0	1667
0	17
86	17
1586	574
3	33
0	22
0	28
3	33
589	0
216	1693
289	1693
64	0
74	901
67	901
64	40
0	667
495	667
10	8
0	8
3	46
0	56
3	166
0	208
0	227
23	226
0	183
0	192
58	5
0	5
67	2171
12	0
0	431
0	466
0	100
81	496
504	1458
3180	2711
255	2711
57	64
656	1339
0	1211
0	278
7	353
5114	1933
765	1927
20	50
26903	10
99	0
108	1554
0	1607
93	878
0	0
881	0
21	19
0	2909
1322	3101
3	2015
393	19579
272	19579
1069	0
547	157
0	1
0	157
12	0
3019	0
530	2134
37	2134
3	303
0	563
0	511
12	296
0	486
0	483
0	535
0	538
0	41
214	1447
0	1707
0	1735
29	1647
0	0
0	0
0	0
14	0
15	0
35	0
0	0
0	3
0	3
0	0
0	3
3	32
0	5
0	32
229	0
0	0
8	23
0	23
163	0
0	0
38	0
0	0
41373	54
0	44
3811	2052
0	2052
3	2052
1792	2
15	189
0	189
15	334
17	178
578	326
1075	99
19	288
0	19
41	391
9	26
5	14
0	14
61	151
0	250
0	10
0	10
0	7
0	452
0	192
0	202
0	33
16	448
0	476
0	476
10	479
0	485
0	445
0	476
2374	53
38	50
1	1887
109	1996
47	1205
32	96
0	16
0	96
0	169
0	319
0	1044
0	467
277	1061
2	16
94	162
0	2
0	162
0	162
62	4425
0	510
0	533
18	4283
93	0
0	0
158	434
0	385
15	431
6370	9
148	3526
0	3526
54	9
48	9
289	26
78	26
475	675
2	675
1017	0
0	0
2464	13
300	8
0	3
6	34
54	37
786	60
0	60
2354	0
0	15
332	385
0	305
3341	1
1960	0
618	10
224	0
0	10
0	10
0	44
15	301
0	1
0	42
1	274
21	0
0	386
4308	6295
0	6289
11309	1
291	971
0	971
154	497
98	198
827	1590
18	122
6569	9488
570	8252
15	7694
31	22
1	19
0	0
310	0
16	0
90	5114
1033	19
312	883
7	4562
70	922
81	2538
2817	16929
0	5212
0	11716
16	12
0	12
0	12
4	5
4530	1038
0	966
8	18
0	41
0	265
97	429
1901	0
0	1469
459	2061
873	4
0	0
106	256
30	78
38	681
0	38
0	681
34	0
89	55
515	606
0	606
144	78
145	2
0	51
27	53
1120	565
5	565
8	654
0	623
811	829
13	66
25	793
0	12
0	0
2	18
932	0
7	1284
1255	1284
7954	1840
0	1922
156	177
0	0
0	3
0	67
0	67
0	169
105	1138
21	1137
0	0
0	0
390	445
9	445
552	1207
0	1
0	432
0	990
14	164
0	164
7	1120
0	597
0	597
0	555
0	605
0	605
0	595
1	235
36	234
0	174
78	174
580	13242
6965	15670
13	6275
163	0
18	314
5	314
0	4
146	0
3	0
115	97
12	97
0	0
0	582
0	580
15	0
0	0
11	3
31	39
0	129
115	129
236	561
0	0
13	37
99	37
59	76
121	1
11	1645
0	0
3864	8410
104	0
121	80
1064	81
0	4
46	41
28	41
3	390
0	311
0	319
220	317
666	317
39	23
0	23
115	25
0	25
640	0
3	0
0	4
0	0
0	4
0	0
0	50
1502	205
0	201
931	0
115	163
7	163
856	706
0	704
847	25
5	25
9	1080
0	0
0	0
0	1025
399	1931
18	1931
0	3710
0	337
0	335
19	6773
1928	6823
324	1
2	51
11	71
0	46
0	125
0	85
0	118
1979	693
0	693
71	355
0	0
1015	322
0	322
39	97
100	60
0	0
0	6
0	70
5	70
0	232
333	396
7	82
0	309
59	951
418	951
5305	630
0	0
0	0
0	0
0	0
131	1439
29	1439
8	86
1934	711
94	139
116	351
932	4
44	71
18	71
1	0
0	0
0	6492
6	6492
533	0
1879	3
1771	1
739	0
17	37
2	57
0	0
1350	2
1	30
100	30
2740	0
4641	267
0	267
871	458
2885	1
0	8
0	8
10	130
0	130
0	0
0	0
67	0
5	0
0	9
0	11
0	4
0	0
0	0
83	3
3	3
0	0
0	975
4	243
7	1
35	979
0	135
0	777
0	0
0	0
5865	2988
1472	2981
0	2994
32	2960
868	0
21	18
0	18
1141	492
93	491
0	177
361	177
2316	441
0	413
0	403
14	48
0	0
0	4
27	241
0	238
0	219
39	4
5	4
0	4
107	108
0	245
178	316
7486	668
520	129
0	49
0	80
47	0
0	0
39	0
502	4954
2398	1787
169	4798
0	2953
0	265
7	336
22	431
16	181
0	211
0	2973
0	2904
11	3055
0	2916
13	110
0	49
0	6
619	1860
0	1857
2	0
0	13
38	89
0	89
1207	2251
0	2251
0	2205
2	942
68	1014
5	284
4	345
0	0
0	0
0	9
0	0
0	0
198	1654
1312	1812
29	42
19	1786
758	0
884	6912
0	653
21	406
0	7011
0	482
0	8
2663	986
12	974
17321	2163
0	1559
0	8
0	8
9	307
0	261
978	1265
27	958
0	12
0	26
134	415
54	1887
358	1604
144	1660
540	58
1	58
564	732
0	84
25	174
0	488
0	0
0	169
39	169
0	6
0	6
0	0
539	44694
30620	44721
1608	1199
0	290
0	419
111	89
0	6368
0	470
0	578
198	6183
22	6309
0	6533
1398	0
0	7
0	7
140	0
1	0
0	0
0	0
0	0
0	0
562	103
0	103
148	1
3	8
0	106
0	772
703	912
146	916
8	643
0	0
0	0
0	0
0	5
0	5
45	162
41	162
0	0
307	0
2	19
399	1632
20	0
0	0
0	1
0	1
0	0
0	0
65	88
1712	0
1741	951
717	0
105	0
83	127
0	147
1730	786
0	786
0	24
0	65
0	65
61	211
2528	4459
294	1583
0	4459
0	0
0	0
0	1400
8007	3046
0	1932
47	3677
1584	1206
5	45
0	331
26	1206
344	0
261	0
358	1024
4	1024
0	0
0	0
0	0
0	0
943	266
0	204
0	230
0	110
657	163
13	53
377	2
0	13
0	0
0	0
0	17
0	32
0	35
1	244
212	262
23	82
0	8
0	254
0	0
151	0
32	114
0	114
10	0
19	104
62	104
623	128
2	128
2	0
257	4784
36	3654
15	3660
18	4528
1174	4
0	0
0	0
7	118
0	118
12	14
11	14
57	0
35	0
7	35
0	78
5	78
0	21
606	21
1	73
6	0
177	1
19	241
20	241
556	21
0	606
5	1428
2	478
132	1309
0	510
0	403
25	1209
0	0
0	0
120	3
0	3
0	68
0	245
1	91
0	20
419	367
7	0
11479	8
10	1031
3471	1097
6	1085
959	798
0	798
4	6
0	6
4120	1370
6	1369
0	557
1549	0
296	851
0	896
0	951
9434	81189
0	81187
0	0
0	0
13	1
4	1
20	0
0	0
0	0
20	0
87	43
0	53
115	75
113	89
190	1153
5	0
0	0
0	0
0	0
0	0
0	0
0	0
0	13
0	0
70	13
21	551
7	96
16	551
40	5
2015	0
41	179
418	179
0	68
339	90
0	90
0	546
0	497
11	2882
0	181
610	2883
0	23
48	109
20	159
17	0
0	0
12	0
312	1215
29	1215
0	0
0	0
0	2
0	2
0	2
2	87
2	87
0	87
4049	2
0	1344
513	1344
9	0
0	11
41	441
88	515
0	0
0	0
0	66
18	79
860	90
5	87
125	680
313	680
201	4898
109	4898
1	0
1	0
0	0
0	9
0	9
0	9
0	9
0	9
12	9
0	9
45	151
371	1055
0	799
2108	1
0	317
3226	318
0	0
10	0
18	367
11	367
3	29
0	7
0	29
23	17
90	94
1369	1476
0	532
9	499
0	1476
0	2
0	12
13	11
39	769
0	623
0	511
0	493
0	387
0	385
0	591
50	793
0	567
0	473
11	1092
0	1338
0	0
5	0
0	3
0	0
0	3
0	3
69	70
0	70
97	27
153	1
719	1924
17	1924
0	0
569	0
0	0
0	0
0	0
0	0
169	169
0	48
3	0
0	169
403	1657
1820	1197
14	13
0	13
0	118
3349	118
1753	0
0	0
65	0
1530	2
0	1
146	0
0	247
0	0
836	2
1118	0
16	10
0	10
5	480
2054	780
109	726
0	277
0	3
0	691
4507	4187
4601	1814
0	1814
1030	0
510	3
0	0
2035	0
0	62
354	62
0	7
36	9
526	9
40	0
404	726
334	726
176	0
0	5351
3873	5306
0	2431
7	2159
0	2086
0	353
0	189
0	183
6	362
9	128
186	128
0	3
0	156
0	197
0	218
0	218
459	1
17	90
0	10
100	0
151	338
0	249
40	338
0	92
0	0
0	0
2009	1
116	0
6	7
0	7
7735	2486
0	2448
0	2283
0	2420
0	2412
0	78
0	35
0	2
18	134
522	1312
0	1312
0	50
0	24
0	21
49	52
57	28
0	28
0	5
0	2
0	0
56	49
0	1
33	60
410	773
39	2018
0	2469
0	2164
2	1423
116	9765
365	10296
0	9890
139	9536
2	0
18	140
413	436
0	436
0	118
0	79
0	13
33	13
97	6
0	0
1	5
4	43
8	495
0	61
4	55
49	703
0	379
0	521
14	257
56	223
11	241
2	1370
3367	1371
60	0
1887	1332
1051	2418
0	12
0	58
0	133
0	16
0	117
0	117
0	114
129	460
23	229
243	460
0	0
3	0
0	17
0	17
271	381
1586	1153
0	1140
12	0
0	0
0	0
106	27
146	151
0	48
0	196
0	20
0	196
18	1210
6	181
66	10
0	0
0	10
22	4468
5	4468
4	865
936	1247
0	1247
0	935
1289	1548
13671	9
14	0
506	5768
2	6607
11435	6144
399	0
0	3
0	3
351	0
72	1502
0	1502
100	49
2180	0
0	2480
0	849
2	166
0	1302
1051	3191
0	1621
0	1905
0	81577
154	85693
0	85023
1726	14432
10	0
0	28
0	0
0	74
0	145
0	145
0	91
0	0
83393	5443
0	5392
0	4132
0	1
10	1
33	266
0	266
0	0
0	0
319	78
0	78
220	0
345	15742
3	13119
3	5028
7	13305
6	12831
569	399
186	539
0	342
134	8318
0	2199
26	6357
96	3969
93	1236
0	343
0	530
0	1253
104	0
0	0
0	0
0	0
0	0
18	77
0	59
14	131
0	127
0	105
0	128
0	16
0	0
290	2
321	221
0	221
43	20
0	20
17	130
60	130
0	138
217	594
0	138
0	0
809	2
0	795
0	139
0	849
465	798
40	97
1197	0
0	971
704	938
2099	465
1942	438
0	438
14	1
0	0
0	101
0	101
0	101
2604	4
3153	304
0	6
2273	6659
139	0
0	0
0	0
0	0
0	0
96	98
0	98
52	34
0	34
21	23
0	23
49	18
0	8
9	0
4695	6748
117	638
6	17
44	17
6	2338
101	2338
265	75
5	72
0	6
0	6
13	624
145	678
580	143
68	0
0	9
0	9
0	9
8	0
0	0
0	0
100	39
0	39
0	0
64	70
2150	240
70	229
18	8
543	236
0	236
10837	2114
1	509
0	16
0	360
0	608
0	419
631	2671
0	924
12	26
0	0
5733	3
673	876
0	876
1033	1
0	0
3	0
0	758
96	272
2346	794
0	0
0	0
1	0
22	3396
182	7839
83	4254
11578	7171
0	7115
944	3405
72	1725
45	47
0	2829
0	47
5	47
0	2835
19	257
10	330
1402	335
0	39
55	77
6	27
0	18
5940	10
1031	427
38	427
3550	34450
0	8992
18	37173
0	34549
40	29787
85	3727
42	3727
3793	3
2	103
0	103
10	0
80	0
5	7020
29656	9847
12	3648
58	0
582	808
0	2
0	2
0	0
336	0
0	23
2440	1934
0	1928
5	130
49	131
0	68
56	0
2338	0
1955	1
82	0
4125	5
402	79
710	455
0	0
2	0
11	210
313	210
80	493
1	627
0	613
0	0
10	18
129	144
0	144
593	1098
0	1098
1976	2681
152	1041
0	1856
129	2182
0	1861
8	1244
42	1244
0	1244
3792	1295
6	1294
90	3621
416	1807
2	3808
0	0
0	0
378	1202
0	997
9408	1110
10149	9
9	0
44	0
0	0
0	0
0	0
4	43
6	4
108	225
0	225
615	464
0	62
2	34
59	398
87	1170
6	1170
135	429
3	0
0	0
220	0
26	0
0	41
9	4
0	49
0	0
6	58
0	38
26	76
119	105
0	105
0	4
83	4
16	571
0	348
0	142
0	269
14	65
0	7
0	16
0	65
1458	0
0	537
33	155
32	729
4315	1406
18	9
0	8
0	1
0	5
0	0
12028	9
39	85
0	53
0	46
3	44
0	0
16	2
0	0
0	2
2	0
0	0
17	0
0	106
38	43
190	2060
0	856
45	2060
1	60
385	0
0	1905
19770	1907
5	12
0	4
0	4
6	0
49	37
12	146
596	1702
48	404
0	1703
5	11
0	11
1	8
0	3
294	0
4	0
597	81
0	81
139	1
156	4909
1	4982
0	5182
130	0
2897	83
2	83
153	546
0	356
374	2735
437	707
0	2472
0	0
0	0
0	0
173	76
1515	2
13	0
54	46
0	21
0	19
0	45
0	0
132	972
904	973
10665	3268
31	1334
216	0
0	362
0	362
2	495
0	507
305	203
0	62
0	108
0	71
0	115
0	115
2	0
0	0
42	0
1562	2673
0	22187
0	22788
42	22868
1138	2786
243	74
1	62
74	1
461	5357
0	4227
0	4988
0	722
228	7350
0	2134
0	3995
1059	7277
17	74
0	74
0	2
0	2
0	7
0	2
0	7
0	0
2362	2328
142	2328
55	28
0	28
0	6
100	0
11	0
2443	4
0	2
0	2
4	2
2468	866
2	866
59	96
0	0
0	0
13581	3
0	0
0	0
0	96
762	98
108	54
0	54
2341	1
45	31
17	201
0	205
0	201
27	190
0	184
0	2
0	0
0	0
0	0
3459	1662
0	0
0	8
0	8
63	221
0	221
800	195
236	0
0	0
0	0
0	0
4	9
0	9
541	1985
0	1985
0	7
280	0
139	2215
2	1131
12	554
0	5394
36	5130
2	84
13	0
5	0
537	0
102	490
0	2142
0	7400
201	6585
0	0
16	62
0	27
0	0
0	27
0	190
19	1147
0	1298
0	1258
0	0
385	248
3	129
0	248
1633	5
0	0
0	0
10	4
0	4
433	0
0	0
1460	617
0	614
5	111
0	111
0	10
0	0
0	0
38	0
3763	782
75	782
0	65
0	395
3585	442
0	7
0	598
8	175
0	5971
41	6093
0	5893
0	0
0	0
0	0
63	9
0	9
443	156
256	26
0	26
0	0
0	0
0	386
2	15
2073	534
1	199
592	0
95	309
1461	1
70	372
0	372
0	210
72	1313
14602	2525
0	1406
4	706
41	225
8	17
970	19
1	0
0	0
73	0
2087	336
0	7
113	252
0	680
0	25
0	776
0	625
2039	2135
0	533
3	505
10	491
1	90
0	175
148	206
0	126
0	0
0	0
0	0
0	0
0	0
0	0
78	0
269	0
0	0
0	5
0	2
0	0
0	262
13	63
300	1320
53	836
101	228
244	0
3500	9491
0	1740
0	9328
82	73
4	432
136	932
0	456
0	218
12	27
2	388
3	193
23	226
0	912
6	502
1291	916
91	123
19	815
0	0
25	309
3	130
14	130
0	13
0	14
78	108
0	0
0	23
164	1873
0	1873
6	587
0	196
0	108
0	502
119	0
2927	3797
74	3797
1933	315
0	310
12859	10
0	0
0	0
0	0
0	0
0	0
0	0
31	0
0	0
0	0
0	0
0	0
0	0
5750	917
66	196
0	842
1466	0
0	1
2146	988
45	173
0	984
101	980
840	2
4	0
90	1416
1	3
0	1637
148	1624
0	0
0	0
0	0
0	0
0	0
9580	1196
0	155
310	1
0	0
0	0
0	0
0	0
0	0
0	0
0	0
0	0
60	0
0	0
414	806
19	806
1021	6353
768	6353
22	457
0	457
0	0
744	0
3	9
47	1468
21	489
505	1340
0	163
78	15
0	15
0	0
0	90
0	7
5367	461
133	455
443	427
0	427
4835	1861
295	80
0	80
5	0
192	416
34	4822
29	4875
0	4612
0	0
0	0
0	0
81	0
0	0
4	0
2	0
74	440
9	440
99	4966
5	2220
9	209
0	189
6	4899
0	4834
8624	5
0	2
0	2
5118	4320
72	0
2130	1
72	22
0	10
13	12
0	260
526	423
15	163
25	149
0	59
0	184
0	2070
80	1930
77	434
0	1741
0	1831
22	2138
2257	0
31	25
0	11
0	25
16	631
0	418
13624	318
7	115
116	115
38	0
2455	1
0	0
0	0
0	0
391	0
22	17
0	4
0	17
65	0
0	0
0	0
0	0
0	650
0	710
0	704
0	442
20	710
0	0
0	8
331	451
0	473
10	473
0	0
0	0
4	5
2504	7
0	1479
114	1500
106	1500
3	114
2	224
18	224
0	89
538	1326
179	1324
836	678
0	196
0	2300
0	1439
0	2243
691	2286
0	0
0	0
4	78
601	0
0	73
16	22
47	100
7	14
8	61
0	29
14	116
1830	581
0	465
303	790
4	305
64	154
620	154
4069	6635
2	30
0	30
109	2261
5	113
50	324
7	2021
0	2360
0	2415
268	0
3	9
0	9
0	93
0	0
21	13
448	0
149	10
0	10
105	0
0	0
285	645
0	645
35	274
0	274
342	0
0	0
1	1
0	555
0	942
0	252
2857	911
0	0
12742	14
201	1992
0	1992
0	34
122	34
5173	328
11	327
3	7
0	7
178	9993
0	8322
560	4909
3	12580
12605	12595
0	0
0	0
0	0
0	0
0	0
0	0
23	4
0	177
21	0
13261	628
0	445
2231	1774
49	0
0	0
1235	133
0	133
10	274
4042	830
2	31
193	829
37	860
43	716
0	18
46	76
196	781
0	5
903	38
4497	2208
4	0
0	231
1539	0
348	2343
19	2242
0	2246
28	2240
6	0
0	214
222	214
0	246
205	590
1	124
45	649
134	3032
0	22
0	328
0	870
0	425
150	1092
0	1526
114	819
0	111
17	406
0	388
0	0
29	0
293	120
0	118
7	0
474	0
9	1748
2527	1756
673	0
175	85
0	85
209	1855
57	1903
6	147
5277	149
140	210
0	210
65	0
0	138
34	138
7	119
0	1
0	16
0	4
0	29
48	29
2	0
92	329
0	329
0	192
0	3932
0	3920
13	3981
25	3976
1	3950
22	90
0	53
0	37
4	0
139	1624
16	1624
91	73
0	0
0	0
478	653
7106	2
0	0
0	0
0	0
0	0
1143	133
0	0
0	0
0	0
34	118
1868	425
0	106
33	507
628	507
1093	0
3524	4
2	21
0	21
360	0
92	178
0	178
181	160
127	2624
7	367
521	2529
0	28
3	28
0	0
4	1481
2959	1484
116	106
1554	0
361	0
42	0
68	70
0	67
45	0
1	0
0	9
4	21
0	0
0	14
0	14
1	0
0	515
0	378
0	78
0	514
0	182
0	0
0	182
60	292
0	140
0	0
4	1749
349	1705
0	1782
357	604
0	87
24	863
518	805
76	2253
0	924
0	931
0	2146
0	1629
1276	70
0	68
304	1229
0	1229
0	113
124	286
0	122
434	204
27	47
0	25
0	21
12	29
443	50
524	0
0	7
0	7
0	0
11	0
6028	880
17	879
23	2
0	2
467	3022
0	654
0	796
0	995
0	1443
0	806
0	1091
0	568
0	409
0	1090
43	3416
3	42
0	3459
0	3373
88	3500
4	3459
0	724
0	317
0	227
0	336
0	282
28	844
0	838
8	875
0	866
2388	1461
53	45
0	1456
1282	139
0	80
0	58
31	69
0	2
0	68
1052	3
0	3513
0	3284
19	3416
0	4148
0	4106
0	3975
2184	46353
0	41119
11377	48076
0	48064
154	40874
75	0
907	0
0	809
0	441
0	440
4783	850
77	0
1	300
2	300
0	85
0	300
0	10
11	0
0	0
0	175
0	10
214	175
0	0
3265	2
0	0
0	293
0	1935
0	291
185	1935
0	9
419	0
706	236
0	116
0	66
273	462
143	672
18	672
0	0
0	0
1	0
46	0
0	0
0	0
0	0
408	46
4	136
114	136
0	2692
1104	2692
43	0
232	438
0	438
137	1
1242	0
0	0
0	0
43	434
0	434
101	252
0	273
0	290
0	262
1310	4
1461	2
0	10
120	29
0	29
0	0
0	0
0	23
88	0
0	248
0	273
0	2202
2557	2206
1541	942
0	435
2	797
1280	23
0	23
0	0
0	0
0	0
0	0
464	179
0	178
940	1426
0	1426
498	62
0	55
0	23
4	200
3	200
0	48
1281	49
0	33
3	348
15	348
0	0
0	60
74	170
0	68
0	95
0	7
287	0
5	2
1096	890
30	890
0	0
0	0
377	280
0	279
0	77
0	32
21	34
0	34
0	0
93	346
0	391
158	584
0	223
986	584
586	344
3089	0
2	0
1170	450
3	450
1	8
43	87
0	0
140	0
0	9
8	10
25	135
40	276
0	228
0	3
0	3
0	3
0	0
9	1238
0	703
19	703
24	706
0	40
0	333
0	1411
375	1451
752	252
0	23
0	196
4	196
3	178
1038	0
4191	25
2	14
684	0
0	1096
0	238
0	333
0	1137
0	2897
0	834
0	3002
112	0
469	15
0	15
0	0
0	233
2693	2555
116	2618
2	25
0	2
0	17
0	3
0	3
0	3
373	0
30	3
0	3
12	0
11	171
1575	849
0	849
5	85
0	82
337	99
0	99
3653	668
0	667
0	0
1409	445
0	445
0	15
0	52
316	113
224	112
2	454
0	68
12	41
114	220
26	35
0	64
59	403
0	549
0	549
0	0
0	0
0	0
0	2780
0	135
0	2593
0	2389
0	1272
0	5735
947	5735
20177	17451
0	656
0	17434
9266	7569
803	7476
0	50
0	20
0	0
0	3
6	387
1	98
0	9
0	113
0	98
0	387
2198	0
296	151
0	26
7	125
23	19
0	465
0	14
92	14
0	3
1127	2
123	1383
2103	1383
9203	1
0	61
271	537
0	537
0	0
214	212
0	23
1	188
1530	6
0	954
58	955
0	0
0	0
0	0
31	0
1673	0
32	158
27	158
513	0
45	0
10	919
0	1068
0	1068
288	2869
1905	2875
9	14
0	4
0	10
17	50
0	77
339	79
444	255
0	407
20	119
192	1360
0	203
30	1368
49	0
0	0
162	0
3	533
0	531
36	0
500	72
0	72
25187	13
0	0
0	0
0	0
0	0
26	0
73	3
0	0
0	0
0	0
769	0
21	42
0	42
5	22
0	22
0	22
0	22
1225	0
444	0
0	0
0	1848
0	200
0	158
0	5
44	1971
4985	1082
83	13
13	5
7	1062
8	379
527	358
1	597
0	644
0	2863
0	2813
36	2287
0	0
0	0
715	2
7	0
11	28
0	28
0	0
0	0
539	0
0	7
104	619
117	619
0	0
0	0
6	439
0	111
0	151
0	111
0	5601
0	8248
7293	35473
0	35472
0	150
0	0
5	35
8	1447
38	1462
5	1251
92	44
0	44
66	16
0	16
0	40
613	212
0	212
25	0
4208	11
90	182
0	182
972	67
0	67
32	31
0	0
0	31
0	0
0	0
2209	4
1111	0
0	0
49	30
0	30
11	3842
293	18152
232	4390
0	1773
10320	19004
0	0
0	0
0	38
181	38
279	8096
254	7578
0	5284
0	14
0	21
34	21
263	0
154	123
0	0
6	123
0	117
1221	0
10	244
0	71
0	60
0	108
0	40
0	58
0	34
0	72
0	42
7023	2
74	170
102	166
0	2
2687	221
35	0
0	5599
1176	5599
0	0
0	0
0	0
0	37
2	6
0	65
500	467
0	466
2	468
0	356
96	356
9	0
0	1
0	1
100	0
766	0
11	35
0	21
533	16
1	0
175	23
679	578
246	0
15	0
5	6
0	0
0	538
271	543
6	1
280	687
1079	687
13096	2028
6	1997
11	884
63	83
11	368
5	95
0	409
0	402
1	0
1046	5
6	6
11	26
0	95
0	139
1164	260
758	1
0	0
0	0
0	3
0	0
3	0
619	101
9	101
380	125
2	125
5641	3
272	860
79	860
0	134
0	61
0	109
0	124
0	76
3	104
34	0
0	0
0	0
0	0
0	0
0	0
0	848
453	850
0	28
1115	28
71	852
0	293
415	845
2199	61
4	61
2604	1
27	0
2503	1555
0	33
4	15
0	0
0	23
0	169
48	169
109	444
13	2773
128	540
0	2773
4272	8
0	7
17	241
108	3
3	494
572	673
199	1589
40	1589
0	0
0	0
0	0
0	0
0	0
4	70
22	70
0	246
19	269
3	218
0	186
0	3
0	3
0	3
0	3
19	175
109	175
0	57
0	57
27	57
16	23
0	0
0	548
5	456
0	187
59	0
12	396
0	74
0	76
3	21
0	14
206	56
0	56
0	11
1	6
0	11
0	5
0	1
0	1
431	663
0	393
0	17
0	705
3499	4
1782	0
19175	8
0	0
2228	1
197	78
0	44
2641	35
2340	2398
0	2396
46	23
0	23
96	0
1061	0
3	332
4	416
309	1162
0	86
24	89
0	1122
0	0
0	11
0	7
0	11
0	7
44	0
3393	419
3	418
14	0
0	18
40	53
527	0
128	0
71	554
8	227
10	463
0	1080
10	2704
0	2704
0	464
0	435
2	26
2	246
0	42
17	246
0	105
2	387
1467	1989
0	1770
221	0
0	0
0	9
0	9
22	124
1786	674
0	682
12	653
28	215
0	0
0	204
0	209
0	204
6	49
0	49
0	29
0	24
11	201
678	0
2139	0
154	149
15	180
97	746
0	746
222	59
0	59
0	0
0	0
0	0
0	0
0	0
0	120
0	120
0	120
4501	626
0	622
125	311
0	311
1856	0
1	158
0	157
0	158
0	6
5	6
87	156
6	35
28	156
27	144
3	3
477	286
0	218
2	151
35	67
0	67
24	456
0	66
0	325
0	342
0	419
0	456
5369	3689
4055	3690
278	1465
1348	1465
0	1370
0	126
0	148
715	1672
0	1618
66	1614
1961	3541
5	3539
0	607
17	1075
21	445
3	73
22	41
18	352
22	1267
1	4
3	36
0	47
585	1256
62	1303
18	1256
1029	0
70	456
5	0
0	0
0	5
0	89
0	88
7	57
96	326
0	340
0	231
13	0
322	1619
107	1641
4130	267
0	264
16	846
2582	847
60	38
0	1
0	0
1306	0
6	312
0	104
0	104
0	80
0	80
0	100
4132	0
16	25
0	0
3	32
3	123
0	32
0	419
0	98
0	70
0	54
3	373
2547	0
262	171
0	171
0	0
0	0
0	0
2	0
0	1984
0	7891
70	9120
0	9117
2954	0
2731	3
611	18814
0	15272
810	18813
359	679
64	305
0	679
5	0
0	0
0	30
0	91
2	91
219	0
0	62361
3104	62361
219	2074
106	141
34	1959
0	249
0	58
125	689
0	669
0	957
55	957
0	108
514	108
2401	146
588	141
281	0
0	27
4	0
0	0
0	0
0	22
0	220
245	8565
0	8598
1	3512
0	8451
0	5
0	5
0	5
0	0
0	0
0	0
80	447
6	485
11	0
0	7
4	7
190	0
0	573
0	1418
1416	2352
0	1869
0	2350
56	2796
23	2327
7399	8
4	444
0	122
0	382
0	54
0	101
0	710
0	337
0	337
0	710
0	45
0	7
0	0
0	0
0	0
0	0
0	0
0	574
14	40
0	2165
36	2190
10	0
829	0
0	6
0	6
0	5
0	130
0	30
13	191
89	0
382	4
0	4
118	3
0	0
0	0
0	0
0	0
0	0
409	2171
271	2172
0	170
0	540
517	710
90	3533
6	3642
2124	3356
0	0
0	0
0	0
0	0
7347	2
40	253
29	253
353	831
0	831
6	831
351	38
51	31
0	31
1	12
32	12
157	37
0	37
0	0
0	0
0	0
115	15
0	11
0	14
0	0
0	0
0	0
60	275
0	275
134	107
0	107
0	60
0	60
0	62
29	384
0	337
0	346
0	104
0	438
110	438
0	331
4	0
6	0
10	370
40	619
153	628
983	220
0	220
0	0
0	0
13	0
8	107
75	107
961	238
0	237
0	13
342	71
0	71
2	0
23	0
9	20
1448	55
0	54
10	25
0	0
354	0
819	1630
0	1629
0	5
0	0
348	1344
92	1495
69	1876
0	1865
0	30
474	85
0	85
1822	0
5	0
4639	2
415	0
175	242
0	140
0	102
0	0
0	15
435	0
423	105
3	105
45	21
0	21
1	443
0	1
26	5
0	148
312	148
0	90
0	0
10	113
0	113
6065	2
172	0
0	5505
0	5531
730	8285
893	2
0	51
16	51
988	1691
0	1691
0	16
0	16
9	15
95	0
0	67
14	155
0	136
1	11
0	11
824	0
30	129
1	129
0	11
0	0
0	11
149	48
0	48
22	168
10	168
9	1706
0	293
0	1678
0	864
719	1412
0	150
247	347
0	1411
2041	0
6592	2908
8	2906
0	208
0	11
0	11
1055	0
0	0
4	500
4	403
0	131
1	18
0	6
30	843
4764	843
0	0
198	5
0	5
2	228
208	228
0	3
0	3
9	40
0	40
24	219
0	38
4	5
0	5
0	133
5	7
2468	938
0	110
7	3124
5842	4221
0	3215
0	4214
3	1162
613	3191
53	3191
1526	114
0	114
11	0
729	0
932	0
599	1261
2	617
278	6273
1202	14553
0	4713
0	14549
0	0
0	0
0	0
365	6
5	0
0	0
573	237
13	237
0	5
359	5
659	2
1103	0
69	0
0	136
133	1388
34	699
0	129
0	334
0	931
6	931
13	219
23131	237
6	13
0	17
0	14
0	0
0	0
0	0
0	0
240	0
613	4
33	11603
0	11674
4	11648
4516	11180
0	11509
0	22
0	22
459	31
6	71
0	1
0	41
1259	284
0	284
42	5
237	66
0	73
0	70
0	70
25	2362
2660	2363
0	1682
308	50
124	51
31	719
0	435
0	136
766	238
0	58
0	211
8168	34443
6	3536
2	34443
1331	194
0	193
89	75
0	75
1400	126
5	124
12	0
8	20
0	0
0	3
1	556
0	286
4	513
0	323
911	0
95	0
0	14
0	14
0	14
139	0
1636	357
0	357
0	29
222	108
22	108
222	0
4	91
467	0
1	2
5	2
915	0
121	0
370	5359
0	131
355	5407
0	5407
0	564
427	575
7702	10
0	371
0	264
295	691
0	578
13	1028
20	1028
9	0
2	30
0	30
117	1
0	4
0	4
0	4
87	14
838	0
1280	401
0	8
0	400
0	9
0	9
6	259
1	777
574	836
5	0
0	0
851	0
6317	4
0	8
0	8
3	160
16	160
31	25
45	128
0	24
138	7
0	126
198	14
0	644
0	913
169	3026
0	3026
0	288
8	353
438	54
0	46
0	8
1722	1
0	0
305	0
641	315
0	315
137	0
309	18
275	0
4	47
9	32
0	322
0	472
0	3442
11161	3517
0	0
81	154
0	154
29	561
10	561
0	11497
5	11269
2	13008
13	14866
1855	14926
220	99
0	98
0	657
411	657
6	0
3	39
0	45
194	13
104	457
6	126
127	0
467	2098
0	2103
108	3884
0	1105
0	3863
634	39
22	39
0	62
700	126
0	104
34	0
2	17
4	0
0	254
1487	277
0	207
24	65
4	26
0	40
48	0
118	0
385	30
2	30
890	0
1645	732
0	732
516	1
242	0
1799	7553
258	50
0	44
7086	4342
352	0
3	28
53	18
0	18
0	6823
5	13316
69	14643
0	20
1075	20
4561	4336
1717	1129
289	1128
20	1105
3	0
2	0
0	0
0	0
0	0
0	35
0	7
1	35
0	0
0	0
0	0
0	0
0	0
24	206
0	206
0	0
0	0
0	0
75	676
21	676
4	514
0	514
0	211
59	258
7	258
0	244
0	0
73	49
0	49
0	0
0	0
0	0
0	0
112	0
0	30
681	30
0	0
0	0
0	0
0	0
0	0
0	0
0	0
5	82
0	26
0	82
0	0
0	0
0	0
0	0
0	0
893	0
0	0
0	0
0	0
44	0
0	0
0	24
0	24
0	0
0	0
0	0
0	0
0	0
9	78
11	79
122	0
0	0
259	3
0	0
0	0
0	0
251	2
8	79
0	0
0	0
0	0
0	0
0	0
0	0
0	26
0	505
526	505
0	0
0	0
0	0
0	0
0	1168
2338	1173
0	0
0	0
0	0
0	0
0	0
0	128
0	9
287	137
0	0
0	0
0	0
0	0
0	0
0	0
0	22
704	914
0	917
23	930
0	921
0	0
0	0
0	0
333	324
66	324
0	0
0	3
0	11
0	11
0	7
0	11
228	0
572	0
0	289
180	10
0	157
4	96
81	1476
0	298
0	298
308	1476
0	0
0	0
0	22
0	19
0	81
890	81
0	0
0	0
52	73
3	73
0	38
14	923
66	923
183	179
0	179
8665	7285
0	7285
46	40
0	64
1063	25
0	38
2	126
1	38
36	208
0	54
9	49
0	38
0	92
522	211
540	815
0	15
0	40
0	832
0	208
0	222
0	222
5	96
0	0
262	397
0	397
1	461
7	378
1	381
4551	953
14	953
7	569
809	569
90	0
0	133
0	135
19	161
0	0
94	0
0	62
0	39
0	52
0	29
4	53
234	53
164	0
3	0
193	19
13	62
120	62
4	11
0	11
1	8
1	9
0	9
2	25
12	30
16	61
0	22
802	68
234	68
5	0
0	0
1697	0
0	0
0	0
0	0
0	0
3795	1
634	464
0	464
0	618
27	1851
0	1730
18	1829
3298	0
0	18
6	18
0	0
6	199
436	709
14	709
0	0
52	19
0	0
0	0
0	0
0	3
47	88
212	1012
5135	3
2948	18
3	0
3	0
916	361
0	361
1992	0
3	0
0	0
33	162
984	299
0	299
521	0
0	0
21	32
23	39
33	361
4	7
0	0
0	0
0	32
919	35
170	21
5	21
0	0
29	62
0	0
0	282
0	3
0	282
117	32
25	25
0	16
250	92
4	38
0	60
76	19
0	0
2	0
0	0
0	0
0	0
12	0
0	0
0	23
0	23
9	0
0	720
0	716
982	0
0	4
35	8
6	1072
0	1124
0	1190
55	195
446	0
2	300
0	99
2065	412
0	155
4	212
0	388
2209	1384
0	1378
9	878
0	6
9	88
191	88
0	0
22	0
60	342
0	7
0	7
0	7
154	155
0	154
0	154
7	0
357	0
4	6
0	6
0	0
40	676
513	677
1	0
0	0
4274	0
186	0
1403	4
71	0
489	4
0	122
93	122
0	0
0	0
2	63
0	63
6	0
0	0
755	174
0	76
0	49
0	82
29	19
0	11
310	11
0	0
516	0
0	0
0	0
0	0
0	0
11	0
0	0
0	2273
1889	2276
0	0
0	32
0	47
16	79
24	85
0	61
0	0
0	189
7	189
2309	1
2	219
1012	219
1076	139
3	139
0	0
21	7
0	0
0	0
9	305
0	305
17	37
0	7
531	0
0	26
117	26
3	46
0	46
133	959
5346	959
2500	234
332	808
0	808
266	0
0	137
355	137
311	13
173	20
0	169
0	7
0	0
0	168
0	126
0	109
0	179
24	0
11	123
5	123
0	30
2598	1402
3	1199
0	1399
48	175
114	155
45	6132
139	215
0	215
0	145
5	2274
0	463
0	318
0	2677
0	1620
0	761
0	53
0	127
0	634
0	0
0	551
0	551
0	1265
641	1265
0	78
1	39
259	78
2	861
515	7197
2	7196
0	373
1	18
0	364
0	343
0	939
1	564
2	367
3	362
0	86
225	0
0	2961
10	0
513	3876
20	2382
15	2397
0	26
0	14
0	14
371	0
1	1089
0	673
0	643
0	632
0	395
295	0
23	508
817	508
0	462
0	119
0	146
1206	0
0	58
244	0
115	0
4	17
0	17
0	25
11	120
0	118
0	146
3	146
2	2
0	2
2092	0
34	134
0	134
0	13
0	13
0	13
23	7
34	6
0	7
0	7
0	135
46	135
0	135
6917	7
3	138
794	180
139	42
34	101
0	101
2484	2581
1	2581
334	0
0	0
3084	6
373	3
0	0
521	66
0	0
0	0
302	101
206	244
0	139
22	282
33	171
2716	0
1794	0
546	55
0	55
0	74
682	74
183	215
0	183
0	0
0	94
4	0
52	43
0	39
0	0
0	0
5633	7
118	290
0	34
0	290
20	231
2261	4
0	0
0	140
876	143
48	372
0	199
6	1330
0	426
0	1330
993	1474
0	1474
6278	1
0	0
0	4
0	0
0	0
0	0
0	0
0	29330
3	1577
241	28405
0	7580
566	0
361	1
0	0
0	0
2	0
0	0
0	0
1793	278
0	278
3	134
1	3
0	134
0	3
4	0
0	21
411	21
36	0
0	292
1237	394
0	394
8862	6
0	0
0	0
0	0
0	0
0	0
0	0
425	0
1192	170
0	161
11	0
114	0
26	0
17	898
1	868
327	0
1105	4
0	637
4	616
0	508
0	105
0	105
0	105
5	1189
0	739
0	739
21	859
0	525
6	559
0	1100
0	722
0	475
0	455
2	1056
35	659
0	675
2	671
0	175
0	116
0	496
0	616
0	608
0	138
0	325
10	459
0	59
0	39
0	652
1	171
0	151
0	185
0	185
30	383
0	27
7	13
1	151
1	404
0	98
0	160
0	136
0	1221
0	555
0	1397
0	1349
30	36
0	36
48	6
1859	123
0	10
0	7
0	0
0	9
5	125
767	246
0	246
349	0
1766	0
125	137
0	137
416	0
1946	3
1718	0
505	73
0	73
0	395
0	395
0	3770
0	2916
28070	6706
217	0
17	0
91	77
0	75
0	121
0	121
1202	472
1657	474
85	161
0	161
0	0
0	0
0	0
0	0
56	2851
0	2851
7	706
412	0
2	0
178	0
1449	0
410	1
0	1714
5558	1721
2486	1666
25	1629
0	721
0	858
0	61
149	61
47349	9482
19	9462
0	0
4	68578
0	11091
644	70783
0	18263
0	0
0	3
28	3
24	273
262	273
0	6071
80	6071
251	313
447	313
88	0
5	48
0	48
1	98
0	71
0	35
0	532
3	510
0	0
0	0
97	734
0	734
0	0
0	0
0	0
0	0
0	0
0	73
234	97
0	82
0	97
0	15
0	5
0	5
1	15
1	4
6450	2
4	167
141	43
10	663
169	711
0	60
0	99
0	99
5	231
0	0
3	199
0	381
6	63
0	598
0	232
0	193
0	0
0	52
0	4177
0	43
21	0
0	5
0	5
0	0
0	588
0	160
0	656
0	1865
14	681
13	42
10	4
0	61
0	122
0	0
0	0
0	0
0	15
0	331
0	369
0	228
151	3227
0	60
0	1117
0	1073
0	1122
0	98
0	180
0	576
0	4
2	20
6	972
15	0
86	649
2	613
10	84
0	251
0	224
135	445
20	111
0	1119
0	38
44	163
0	3
0	3
37	237
5	0
0	3
534	0
0	6
0	245
0	184
0	142
0	49
0	628
0	24
0	7
2	1
0	38
0	47
0	3
0	344
0	814
0	5760
0	596
25	99
0	15
13	139
0	332
0	713
0	70
56	227
397	540
0	0
9	11
0	1
0	0
13	11
490	1014
447	0
0	23
1443	12
66	626
74	1733
2	1707
45	61
18	150
0	114
327	865
0	733
2	2328
111	417
0	0
0	0
323	3563
0	34
0	11
108	134
0	159
21	223
0	1041
0	1250
0	1328
75	378
0	362
5	0
71	555
0	0
91	226
0	735
0	461
25	217
0	1922
4	2389
0	2077
0	356
0	331
0	332
0	453
0	506
0	609
27	519
0	599
0	565
0	0
8	276
4	515
0	102
1089	0
0	232
0	324
1093	1672
0	221
0	248
0	0
0	66
188	446
0	6931
4	6943
2	6863
0	1829
0	428
0	172
93	1931
0	144
132	371
302	2882
0	3558
19	47
3	8
0	112
0	111
5	12260
0	2564
135	916
0	202
133	828
36	3850
0	3850
0	3691
0	1
0	270
151	527
15	32
264	7333
34	405
92	450
0	0
0	1565
0	1634
6	89
0	11023
272	0
8	24
0	0
0	34
0	5921
0	3486
45	14
0	512
0	6
46	410
26	165
16	391
135	456
34	0
0	4
116	67
0	80
0	80
0	75
2	16
0	808
0	1075
0	880
419	674
0	2080
0	2214
0	1378
0	3
4	138
0	0
0	4
0	593
319	0
21	838
0	85
14	11
0	475
0	34
382	145
213	0
0	0
0	0
0	754
0	582
0	1
0	0
0	23
1	9
52	5177
0	306
0	1306
4	48
0	4
0	1107
0	7
0	757
0	691
0	210
0	7521
0	219
0	1
0	178
0	625
0	46
0	0
33	287
0	25
0	88
0	0
0	0
0	2
0	3
0	1
0	1
68	0
0	0
0	570
14	6434
0	0
0	63
0	119
0	148
0	267
0	154
0	625
211	207
3	43
743	2202
818	248
266	233
0	1843
37	936
33	1381
0	1309
0	1222
984	0
0	361
0	1969
0	2227
0	0
12	435
0	0
7	8
7	89
0	955
348	0
0	112
11	145
79	0
0	1085
0	960
0	154
0	141
0	138
0	203
0	149
33	36
0	0
227	1120
1	22
0	9
0	3
15	823
0	0
164	457
0	872
0	108
0	227
0	220
0	227
0	227
472	0
0	2
0	910
0	0
0	0
11	0
0	270
0	270
0	73
595	3585
10	66
0	449
0	157
0	157
0	152
12	78
13	5892
0	4612
0	0
0	4
489	1691
0	0
0	0
0	0
177	3153
0	6
0	0
0	482
0	633
0	266
26	178
0	0
987	2046
0	124
0	0
0	1790
0	1842
0	1788
174	2165
22	1623
0	311
0	230
0	211
0	82
0	859
0	26
835	3928
0	0
0	87
0	0
63	548
0	2
30	874
0	3
147	616
0	16
0	959
0	1
10	32
0	24
0	16
0	0
1	1
0	24
14	179
0	703
0	151
65	153
4	81
239	820
0	4
49	655
21	25
18	1989
0	837
88	0
0	1847
6	56
0	22
0	3
23	1004
0	798
0	931
0	922
0	1048
0	806
0	104
0	0
306	634
0	146
0	143
62	861
0	521
53	536
8	616
471	42
0	0
0	731
0	741
0	0
0	112
296	3135
0	3061
0	2280
0	1935
4	9
0	64
0	83
0	0
0	0
14	247
0	287
1	394
0	4
0	2748
0	41
17	86
0	66
0	410
0	18
2945	27
53	169
147	206
0	14
580	1020
4	83
6	927
3584	7
0	52
0	1966
0	116
0	87
0	68
0	47
0	47
0	463
0	6
0	6
19	0
0	119
0	380
0	647
0	1182
0	115
0	115
0	117
1	120
0	121
0	902
0	1280
0	9
161	1762
0	2577
0	5360
0	5360
35	2058
7	0
23	0
1	607
46	422
2	108
562	3828
0	394
368	378
265	378
0	0
0	6
0	0
2	104
0	1722
0	757
2	180
0	3
282	6482
176	1480
0	830
465	3376
154	3376
2	13
0	0
290	539
0	539
68	447
0	96
1000	0
121	0
0	156
13	274
25	274
0	2
0	0
0	36
0	36
0	0
0	256
0	31623
2	31406
0	1
18	126
0	538
0	526
0	484
0	155
9	84
35	94
0	128
0	329
102	882
0	757
0	760
74	951
293	1468
0	1468
0	0
0	63
47	0
613	1620
0	246
0	246
66	96
31	0
925	1
0	101
1	99
2	99
0	259
0	1348
58	890
16	115
1648	0
0	543
0	632
0	636
377	0
243	3
0	170
0	0
3	4
0	0
44	204
1109	2
9	11
0	1
0	101
31	145
1	86
96	995
0	0
0	101
331	2130
0	4128
539	0
0	187
0	4202
2405	4026
0	4024
0	717
17	24
6	316
0	2951
39	3082
0	2750
166	2490
0	226
0	590
76	326
1	0
1	0
156	0
0	576
0	7
0	653
0	676
0	648
0	649
0	253
0	127
45	1462
83	1462
0	314
0	22
737	1045
0	1042
80	0
6	582
516	0
0	5
14	395
63	2
0	11986
0	11404
0	9938
39	4314
2346	5
1314	0
0	14
0	140
0	160
20	1003
0	33
0	1736
0	148
0	248
0	270
0	0
0	0
352	0
0	0
0	505
4	515
0	509
0	424
0	516
38	115
0	37
0	489
51	155
0	38
37	287
12	6
0	3
0	2485
765	2041
37	4417
0	4417
0	2165
0	14
315	0
0	2349
26	0
167	1579
3	322
146	249
0	52
0	0
0	25
0	25
0	0
21	2130
90	0
0	2
0	119
114	575
0	163
0	3212
0	3520
0	3379
0	0
0	4
0	4
0	3627
6	634
0	0
0	0
0	0
0	0
0	101
0	4
0	0
6	252
0	236
0	252
139	1063
0	323
11	760
0	756
0	738
0	0
0	152
74	4
10	3
0	3
0	6499
0	0
0	179
0	172
0	180
3	152
0	24
132	1290
0	967
0	0
2148	1
2	5
41	0
3	39
0	1631
153	2432
1	0
0	10
0	7
680	258
94	257
0	10142
0	43
0	43
2564	0
990	1
4	0
486	2472
0	2171
0	7
74	100
211	187
0	4
17	160
0	0
31	249
0	987
91	459
0	266
0	300
46	29
1	29
0	419
0	21
0	0
2972	1
8	0
0	82
0	0
34	143
1375	9573
0	0
255	0
0	237
0	237
88	0
258	0
17139	11
2566	0
0	317
0	2812
0	311
362	2
0	1741
22	0
204	0
10	479
0	2453
0	3177
0	3200
0	302
0	1555
1	2
0	542
0	197
395	0
0	0
0	421
0	78
0	1328
0	2480
0	2883
0	6
0	0
2	6
1501	0
132	410
0	410
2	18
0	0
0	926
0	1111
610	485
0	1165
11	0
4	29
0	563
23	0
5	25
154	1
0	0
0	89
0	89
0	317
0	0
54	11
65	0
109	316
0	31
0	31
0	0
0	0
0	0
9	6
20	0
8	209
0	1
334	0
2	0
4437	2
0	10
1	469
0	2
0	0
10	133
0	1571
0	1530
0	1613
0	1654
0	628
0	269
45	512
0	107
0	0
24	1690
0	286
0	91
531	2116
1188	2117
45	0
1001	0
23	6
33	0
154	0
50	536
0	57
195	0
507	0
2864	3
20	0
0	13
185	4
10	98
765	1
0	0
0	117
0	102
0	152
192	1
0	120
1	170
0	230
0	230
0	230
0	230
0	230
0	186
0	8484
0	8464
0	8484
0	8113
0	8492
0	6517
0	0
191	0
0	0
11703	101
0	55
9	55
112	0
105	691
0	332
11	0
0	668
0	668
93	0
0	201
0	28
75	0
1	0
0	421
0	4
0	0
40	947
109	0
53	4907
0	4537
27	144
1	144
0	0
123	0
7	0
0	5
0	21
0	21
0	21
0	21
4	38
0	2088
0	2088
10	2061
17	0
0	1880
64	975
64	0
227	2
5	6
461	1857
359	0
0	273
0	271
0	253
0	173
0	256
0	135
0	135
46	0
0	69
131	0
0	0
213	634
0	0
52	292
1	294
655	0
0	70
77	0
1025	5042
0	627
0	1549
186	1561
28	691
0	826
25	0
632	0
0	0
134	938
1220	0
155	0
0	93
0	958
562	0
1074	3
0	0
0	88
1297	0
0	600
0	566
168	0
10	33
0	1519
90	1519
70	0
1	0
0	81
0	76
37	0
0	125
3	125
0	16
134	0
0	1439
1894	0
129	3274
283	3274
0	4123
0	6730
159	5839
0	5836
0	3279
0	1377
0	1374
0	1064
8	1150
0	835
23	0
0	693
0	711
0	691
0	1863
0	0
230	653
0	684
1	42
0	212
82	17
0	17
296	0
19	0
14	12
77	453
162	69
0	1657
0	648
0	0
0	146
95	0
76	0
36	122
117	0
340	626
0	626
0	241
0	204
0	0
168	590
17	3
0	20
0	0
0	119
0	246
0	26
56	138
0	138
21	240
68	240
0	0
483	0
0	395
5	0
4	3681
15	3681
0	237
0	237
0	140
135	0
0	0
0	820
0	53
0	765
0	1103
0	835
0	828
524	115
0	0
220	0
0	0
10	0
6	0
215	1
0	0
93	0
6	0
0	71
286	71
0	71
0	0
0	0
0	0
0	62
0	62
0	0
15	40
14	4
0	0
87	0
150	0
0	941
0	0
359	436
18	436
136	1
128	0
0	3
6744	0
0	87
0	87
331	0
0	3
0	0
41	0
0	0
32	35
18	31
2199	0
0	3200
0	3136
0	3108
0	3043
0	3049
0	2683
0	2501
0	106
0	1712
0	1492
7	168
1152	0
61	2184
0	531
121	712
248	0
5929	4
0	0
0	1335
0	1356
0	1571
0	0
8	926
114	926
3	10
0	10
0	21
0	21
0	0
308	0
0	0
515	0
0	16
2	16
3	16
106	0
0	897
112	940
0	114
261	89
0	0
0	878
0	883
0	804
0	919
0	883
0	0
1	24
0	974
0	974
0	883
0	971
0	683
4771	0
0	530
0	1
0	0
0	0
771	1
0	0
1195	0
0	0
172	0
4821	7
0	72
0	72
0	72
24	149
0	149
3	0
186	48
0	48
771	51
22	162
0	162
17105	6
68	0
0	0
283	0
1597	0
752	794
0	793
1301	1
1094	0
744	0
0	244
0	244
3	0
34	0
2	0
0	0
0	11
0	11
0	1847
0	1272
0	1278
351	1905
0	1252
964	1903
119	0
2277	0
0	1
1092	1
414	4
110	0
1	0
0	0
97	0
0	383
39	380
0	395
377	379
0	267
0	0
0	0
0	0
0	0
0	0
0	0
3	0
69	1
11	36
609	36
0	0
4	0
0	7
0	7
110	0
0	0
11	90
4931	5
0	180
0	237
0	237
22	172
37	3
48	0
0	0
0	0
0	0
0	0
0	0
0	0
15	0
37	0
17	0
0	0
0	0
274	1474
0	3
708	2
161	152
0	0
329	0
82	321
0	79
28	570
0	570
28	0
0	0
360	0
0	916
249	0
8	705
0	653
0	692
0	0
58	1135
0	0
0	66
52	944
3	1047
0	525
0	79
0	0
0	33
19	0
2384	3
0	4
0	0
0	4
0	14
0	14
0	4
659	0
832	859
0	571
79	3
3	4
0	4
0	0
89	0
0	1204
5222	6
12	0
258	0
494	0
0	130
5	0
539	1
2	0
371	767
0	767
196	0
0	0
0	0
11	0
8878	6
18	1701
0	1694
80	977
0	262
48	17
0	398
0	275
207	0
208	0
220	0
7	196
0	196
439	0
0	46
55	160
0	0
865	927
1783	1
0	0
51	0
34	60
0	60
21	3
0	46
0	46
0	2
535	0
582	29
0	0
361	379
0	379
0	50
0	47
2	0
14	0
26	0
0	0
99	0
15	2321
125	2321
0	833
0	394
0	7
0	7
0	0
24	0
0	0
20	5
9	5
27	419
6	0
2	0
317	1175
17	360
0	376
0	281
1197	25
0	0
0	759
24	12
0	12
8	0
0	0
37	0
109	0
0	147
0	145
0	147
0	0
1434	1
0	17
11	65
0	65
0	0
0	0
0	30
321	0
1107	1
5	0
341	0
267	1826
0	1826
32	628
3	0
123	0
442	3
765	17
7	0
0	32
3	32
21	0
13	17
0	0
0	0
0	0
0	0
0	32
313	0
91	0
40	221
0	0
12	385
0	0
0	1
0	1
0	5
3	0
1	0
225	0
3985	1624
0	14
0	14
236	0
777	5
291	0
0	0
2	44
48	0
35	86
8	0
1284	0
8	322
1495	0
28	0
0	78
2	0
0	0
94	0
5	0
683	6
313	0
2341	2
950	1
0	33
196	2
0	191
0	229
5	0
297	373
0	373
1658	3
821	0
10	0
2	243
28	243
107	0
107	749
0	749
0	0
624	1
0	208
14	0
439	1
0	0
0	749
98	749
1404	0
567	0
0	11824
36	178
0	207
100	132
0	60
15	0
0	0
521	0
0	808
0	0
74	677
269	0
0	0
0	0
0	0
31	0
7	45
6	0
1059	1879
0	1878
0	9
1	547
0	7085
4	6
0	0
0	0
858	0
680	0
427	2
1962	0
35	0
0	0
0	0
0	0
3	18
4	6
0	0
3	73
1	21
903	186
0	108
16	134
0	0
0	0
0	7
3	19537
1777	19537
0	6
116	0
40	557
12	556
0	550
0	0
3363	2
0	798
897	0
6	3
1552	0
1307	1146
0	273
826	0
0	138
0	127
54	156
756	0
8	0
0	11100
637	4
4	0
895	4
0	29
0	29
2	0
0	422
0	414
0	414
11	408
131	0
0	1268
348	0
80	24
788	152
1259	1
132	1753
892	0
20	0
1260	0
597	171
4	262
0	202
70	204
687	0
205	0
2	1825
0	83
370	1
213	12
0	0
0	0
0	0
3	74
161	0
154	0
21	406
635	1
206	0
0	683
1481	0
0	954
0	957
0	402
0	411
0	0
98	1
4722	5
33	15
0	0
53	95
0	95
733	0
0	942
11	285
9	30
0	680
0	645
0	667
0	709
0	730
0	1620
87	1620
4	60
234	0
0	70
0	129
230	375
0	414
23	332
45	0
0	537
452	3777
0	1011
0	1011
2431	0
219	6106
16	6106
0	0
29	0
0	0
0	0
0	18
0	18
0	18
0	8
0	0
37	0
365	630
4	32
637	0
300	6
726	2131
95	665
0	43
2	0
0	127
0	118
0	118
0	118
0	0
0	0
3	473
2288	2
63	11
0	68
8	68
105	195
142	711
207	711
2065	1330
0	0
0	707
4686	1
1429	0
0	7
16	0
2130	2
471	0
0	25
0	25
0	24
0	3
0	4
72	0
0	0
9	219
1	333
0	701
153	545
0	761
0	665
584	32
316	0
144	0
6	0
10	2
0	0
905	414
2	115
2354	2
31	427
0	991
47	200
0	222
3043	1
215	974
49	0
0	1
0	1
1	344
0	0
5444	0
0	0
5	0
14	0
199	136
4690	2
80	0
2052	0
0	0
29	0
0	0
0	598
237	0
36481	15
78	0
0	80
0	735
2346	0
25	0
0	259
0	1682
0	8
0	8
411	0
279	3
0	0
6587	2
0	755
49	314
4182	2
24	51
0	991
1239	6
0	902
1193	2
16	0
1170	0
5	987
0	1699
0	56
0	56
3	78
0	183
0	19
0	19
0	329
33	329
235	1266
0	0
0	0
19	193
7	0
0	6191
135	848
0	0
0	0
0	6
0	0
0	0
70	0
6	0
0	1371
431	0
312	0
0	62
0	829
0	227
0	0
0	0
1	0
0	0
0	76
0	124
0	326
26	0
6	0
1239	0
2	0
57	1001
96	352
0	305
11	352
0	352
5	94
59	0
12	68
0	352
1	16
669	0
0	0
1122	406
0	402
9313	17719
1017	17714
0	1
171	296
0	151
0	38
0	1154
773	762
0	185
0	440
0	440
11	336
0	157
96	0
203	62
0	1350
0	0
3	335
0	2
1	333
0	72
0	240
0	256
39	243
97	0
115	0
0	0
0	716
0	320
978	1
0	0
0	0
0	0
36	161
0	0
0	0
0	50
0	1183
0	182
188	786
3570	2
2	0
326	0
104	266
0	266
0	0
0	106
0	103
186	352
0	2
0	27
0	201
0	788
0	787
1993	1
0	461
0	373
648	0
13	0
12	0
0	8156
189	0
0	0
14	15
1431	0
22	822
26	392
39	19
0	19
126	234
0	0
0	1
0	272
2	164
0	234
0	0
2877	2065
635	2062
0	0
7983	12
0	14
2512	632
2694	635
0	269
0	1127
4	0
0	260
1038	1
0	510
0	0
341	536
0	0
0	0
5	0
0	3
429	0
0	2322
8	45
0	359
24	0
0	24
391	3
115	2817
0	0
0	0
226	0
368	1801
498	1753
0	1
13	13
0	0
0	67
0	70
0	65
0	70
0	70
0	70
0	70
0	70
47	465
1938	0
23213	13
0	417
15	0
0	340
0	352
0	178
487	2
185	23
0	0
166	0
21	0
0	844
0	0
61	0
0	0
6	152
1834	218
836	218
39	0
0	576
0	2200
0	0
84	109
0	109
355	0
5	329
16	428
0	322
6	357
60	0
0	0
0	0
0	0
0	195
0	49
3	0
0	0
124	1047
2	1047
5	219
42	75
0	75
150	119
1	0
13	0
1	238
560	0
3	0
13	5
0	355
2754	358
670	47
0	270
0	235
0	38
29	270
15	32
0	32
1	0
3	10
1272	3
0	0
79	0
0	48
26	48
0	13
0	289
0	30
0	30
0	0
7	11
0	0
0	12
1	396
0	0
0	0
0	1407
0	5
0	0
0	0
15	2
17	125
0	63
60	108
5	477
0	797
0	797
429	12
18	226
38	1468
0	1468
22	0
0	0
11	355
0	0
0	0
7113	10
0	1050
47	113
58	0
89	1025
15971	8
0	40
0	65
19	0
0	201
0	0
11	351
0	351
329	268
0	178
0	1138
0	720
49	267
0	57
0	1
0	0
634	0
159	0
13	31
0	0
0	152
0	0
0	28
0	1
0	2425
106	1362
0	18
0	1
0	6531
0	6591
0	6718
0	119
327	0
0	1353
0	1973
41	2336
9	1695
7200	4
0	8
0	753
0	2350
0	0
0	0
29	499
0	499
0	1571
0	189
0	0
0	0
0	0
0	0
0	0
0	21
0	1280
0	0
0	0
11	40
5	6
0	1282
0	0
0	98
0	31
0	70
0	46
0	1
491	0
427	0
20	418
0	225
0	0
28	1241
0	2057
0	2
727	81
86	0
0	1079
0	898
1	14
0	0
0	35
34	1168
475	1168
0	511
11	0
0	30
897	3646
0	0
0	0
0	3
0	268
1695	2818
0	0
14	32
0	0
0	5621
0	17
0	17
33	109
0	0
0	124
0	3
0	0
505	0
0	0
56	0
269	0
0	1467
0	0
2	4
0	0
0	2008
0	191
148	0
7	474
0	0
0	1351
1	0
38	427
7	14
15	0
0	172
921	143
0	165
0	166
0	170
14535	17
0	84
2	610
0	680
0	313
0	302
0	24
144	815
2015	999
0	999
397	0
278	2175
0	252
168	980
1	5
41	0
0	498
0	418
0	16
0	497
0	548
0	569
0	587
1	699
392	0
2	5
0	2788
0	622
0	189
0	186
0	0
22	71
126	0
0	56
0	0
480	1
0	0
0	0
0	0
0	0
306	1108
0	13
127	786
10	229
0	229
0	0
2	443
0	507
0	0
0	1086
0	10
0	7
29	876
0	863
0	863
0	908
0	0
0	156
0	9098
0	9284
1067	2
0	0
0	330
0	37
0	37
0	18
12	101
3	0
0	11
0	0
425	543
0	52
767	0
0	0
0	122
0	334
834	0
0	1203
414	6
0	20
0	20
236	3396
8	1520
0	379
2182	1
78	530
16	10
628	10
0	99
0	0
0	0
0	1993
4	173
0	790
123	615
0	380
0	1642
0	98
0	1
0	1
242	0
0	943
24	178
102	0
49	309
0	34
0	1089
0	1103
0	1306
0	1306
400	0
0	0
63	41
0	0
0	223
33	0
11	23
0	92
8	128
5750	2
1018	0
0	512
776	0
55	69
0	28
0	55
156	248
0	0
0	0
0	1198
0	76
0	64
2911	8418
0	8418
0	13
7	531
0	531
0	0
0	0
0	285
0	2
39	1511
26	34
473	0
0	119
0	0
1	201
0	4
8	7
398	2712
0	172
0	0
0	0
0	0
60	0
4	115
0	0
0	0
0	322
0	0
0	0
0	0
0	0
0	0
0	0
0	137
0	2
0	387
0	106
0	264
232	0
131	1780
0	342
117	342
0	0
0	840
0	0
414	1
0	89
0	89
0	89
0	99
0	71
0	42
0	71
0	9
0	4
0	0
0	32
2	218
0	120
0	0
7	57
0	0
0	0
0	448
0	621
0	287
0	395
19	731
0	93
0	29
0	587
0	302
0	0
0	203
96	392
0	279
0	264
0	281
0	178
0	262
44	1139
0	0
0	0
1113	552
28	551
0	1796
0	385
32	83
570	0
131	166
4	166
0	3
6	21
0	21
0	465
136	502
0	145
8	137
0	0
46	231
0	0
48	43
927	12320
128	0
0	69
0	572
0	5
24	1294
1047	4
0	172
10	172
9	218
9	107
0	493
0	0
0	0
0	0
0	4
0	4
4	47
106	805
0	19
3	0
0	4
0	4
0	39
5	248
200	9829
0	9937
1	212
175	17
827	2242
0	0
78	131
0	621
0	416
0	102
319	1507
0	989
0	24
0	331
0	145
0	117
694	1544
0	871
0	941
0	738
0	68
0	0
0	2
0	456
0	235
0	13
9	0
0	243
0	0
0	510
9	0
0	78
248	0
1110	0
0	6
0	18
863	1
0	0
0	37
0	2327
0	1054
7	150
0	7
5	26
0	0
0	0
0	0
0	0
6	0
0	92
0	58
0	0
0	251
399	0
0	162
0	91
68	201
145	215
0	0
4	17
3	0
14	0
31	86
4284	2
0	0
337	6719
3	0
0	0
1248	0
0	0
0	100
0	71
0	57
0	0
2	1598
0	1230
0	0
51	0
0	0
0	23
0	2185
0	1862
0	0
0	0
2	170
311	170
0	153
30	188
0	50
91	973
0	6
0	0
0	5109
886	0
2	46
0	28
196	326
0	790
0	677
0	798
0	798
0	798
0	631
0	687
7	499
0	711
30	6
0	339
0	759
4	5501
1	7960
117	25
5	13
0	149
0	125
0	141
2240	2
0	28
0	28
0	6
386	3688
10	56
228	249
52	0
7	0
2	12
0	12
0	0
150	365
28	183
7	0
0	3881
0	1872
2088	815
457	815
244	1507
0	1557
0	1297
135	1611
0	1458
1137	2
3	430
39	1978
0	1801
3	16
1009	0
0	2
61	19
240	0
0	547
11	505
0	602
0	386
0	230
0	297
2332	15888
2185	1
24	0
0	4
0	0
0	248
0	946
0	946
21	858
0	859
348	8890
0	2303
33	10700
305	2
28	106
0	720
0	771
943	0
133	11081
7	2516
0	2559
0	2495
0	1575
0	0
0	0
0	667
0	0
0	26
0	26
104	1077
0	1152
0	553
0	255
0	4
2	8
0	0
0	0
184	0
11	193
0	398
4	0
606	0
309	789
1371	0
0	177
0	138
12	0
25	0
0	261
250	1029
0	0
2791	66
0	0
33	0
21	869
0	0
0	7763
0	7763
0	8063
0	5870
0	3881
133	0
9	258
23	151
0	0
0	0
0	2
3306	13
0	0
0	0
58	989
1	936
0	989
1	986
0	4
44	0
0	161
0	193
0	283
0	745
6	10
1	10
480	195
0	41
0	146
0	120
0	216
0	20
172	286
426	913
0	534
0	128
0	3
0	0
0	9
20	4
46	0
0	399
0	0
0	9
159	5120
7	0
0	17
0	17
8	78
9	0
410	0
0	427
0	403
30	2418
137	2418
0	178
0	84
0	0
772	631
0	631
0	5813
88	0
0	0
0	972
71	972
29	205
0	205
0	150
51	10
16	335
0	21
0	6
0	62
2	8
190	18
0	266
0	187
1513	0
13	0
0	0
0	0
10	2403
545	2390
0	123
0	21
43	43
0	1093
1469	1
0	520
2847	0
0	584
0	0
0	0
56	265
0	265
30	0
7565	7
69	0
0	0
97	0
22	0
0	6
60	0
0	10
928	0
0	0
0	0
52	0
0	505
179	366
0	8
31	8
0	0
0	0
0	58
0	34
24	3273
202	3534
0	20
0	201
205	0
0	0
4	0
23	0
0	26
4	1188
0	1204
0	1129
976	0
1	14
170	0
0	26
2303	0
21	0
0	1
0	909
0	909
23	0
0	723
0	1035
13	0
0	14
477	0
9	16
0	241
0	237
140	250
7	0
0	6
0	6
12	4042
0	4009
0	92
0	17688
0	0
0	234
8	143
0	130
0	0
76	0
0	2
261	0
0	285
0	252
293	10
253	0
7757	6
140	2170
2	0
2208	1
37	20
0	165
583	0
0	0
0	307
0	0
2	0
0	45
0	38
3667	4
0	1493
0	0
0	22
1180	2427
0	2427
0	0
0	0
1	121
2	121
0	69
0	17291
0	17554
0	19551
0	19544
0	17234
34	10720
351	7
28	10
0	2296
0	2579
0	37
12	828
0	1320
0	1321
0	709
1	713
0	12
0	0
400	956
201	0
0	0
0	101
11	4
225	0
16	0
21	0
12	0
2	0
0	0
12	573
0	0
0	0
0	0
957	0
146	0
251	0
0	0
16	90
0	0
20	10
5911	5130
2351	5131
0	40
3	3
0	19
0	1342
2030	1
910	4
0	146
49	222
0	0
3044	1
512	0
0	47
302	507
6	0
34	0
242	929
198	929
154	0
9	9
268	0
196	3
0	7484
0	867
0	0
553	23
2252	1301
0	1301
594	2
747	1
0	682
112	0
0	7498
453	1
98	0
1757	2774
0	57
0	0
11	565
0	212
11	0
755	3310
0	667
0	569
0	659
0	705
0	659
0	658
0	659
0	13
0	207
18	0
96	0
0	8
0	8
21	348
9	296
3449	4
421	0
0	0
196	177
229	4
0	253
0	737
40	2415
0	2415
6	0
4473	2720
0	2708
0	0
0	0
1452	753
0	0
1375	0
26	0
0	12
0	12
0	6307
0	5912
0	5667
0	4411
0	5159
0	5119
0	5519
0	5014
0	5123
0	6286
0	35
3	0
437	0
0	0
0	3
2642	1
2363	2
0	0
691	0
0	1
0	1
0	1
34	104
117	1179
30	0
75062	46
0	573
214	0
77	1123
499	1123
41	0
0	0
0	304
480	0
0	4
0	29
0	2015
0	2
0	0
5	6
125	197
19	197
0	0
46	347
1	0
6	0
174	2674
0	2670
0	0
0	0
0	0
0	0
2269	0
7	0
0	0
0	0
7	0
710	3
0	0
18	0
0	607
0	0
0	491
0	190
0	779
88	779
0	0
233	730
3	730
0	0
0	0
0	0
80	0
2	116
0	305
18	1
0	1311
5197	9
0	0
7	0
547	0
0	0
0	0
0	0
170	0
0	209
60	162
896	1
124	3937
0	3937
0	115
10	104
0	477
0	0
0	2
6	0
0	0
360	0
16	0
56	701
0	701
12	199
0	199
501	44
0	388
0	380
0	390
149	676
270	676
572	0
371	1076
2	0
12	302
17	305
0	257
11	0
45	710
0	710
0	0
0	0
106	0
854	3086
0	3086
0	12
0	0
16	0
17	0
0	1641
17	270
0	0
161	0
3	0
0	0
0	45
0	45
0	2
10789	12276
418	0
0	0
1	56
0	74
11502	11
0	0
0	0
289	318
298	2619
38	0
1605	3153
7	0
13	0
0	2384
0	2475
0	2557
0	2487
0	2487
0	0
0	26
1	1
7	54
5578	5
104	83
688	1305
562	3192
0	266
0	190
0	0
0	0
190	0
2	480
0	430
0	367
0	0
5	0
106	5
0	5
451	0
2187	1
0	2
0	9
41	9
98	0
0	0
0	0
18	0
35	0
8	0
111	0
3	9
0	0
268	0
102	0
0	0
21	0
33	173
286	0
277	0
0	0
220	0
10	0
131	0
2384	0
3	43
1647	7203
0	2790
0	0
568	0
0	395
226	1304
830	0
0	16
0	3703
0	3
0	675
28	168
0	266
0	254
419	0
7173	0
155	1416
4	51
0	875
14	0
38	14
13	4
983	1
85	0
0	438
0	68
115	0
0	158
1822	0
2965	0
6	12
6961	1
900	115957
3698	115957
28	0
0	37
0	45
0	45
8	66
0	4144
2413	0
0	6205
182	6205
444	0
0	92
1496	0
1	0
0	0
61	0
3	0
6	0
0	0
0	0
81	814
0	0
41	4868
0	4843
2	4857
6	4832
0	18
105	0
7	0
29	0
1881	1
0	240
0	430
107	196
13	196
2572	2
288	4
5520	5
744	3416
0	0
368	0
283	0
0	145
0	424
0	419
0	424
0	424
145	0
52	150
0	0
103	197
5734	3398
698	3376
0	1744
6	215
0	215
534	0
44	362
157	12
0	185
0	0
0	2
0	0
0	89
33	89
0	0
200	0
3596	3
0	0
10	233
0	0
0	0
0	0
259	533
0	533
135	0
0	0
0	58
9	3
2	3
4	0
150	483
0	483
0	26
17	26
26	281
0	285
0	391
0	329
0	356
8	0
14	1
133	0
216	1640
0	25
3	25
177	114
271	374
108	374
6	957
0	0
0	0
53	574
0	25
0	25
0	80
0	72
0	80
3	73
0	80
0	28
0	21
1800	1
0	0
186	1390
29	1390
28	91
0	82
1725	8061
5213	8063
0	0
0	31
0	34
0	14
67	559
0	540
0	199
9	167
0	1
0	1
0	1
0	1
0	1
0	1
0	0
0	1
2	50
0	125
0	54
194	1741
37	0
1605	4
86	515
113	515
4542	0
299	0
33	363
0	882
88	118
2858	1479
469	0
318	0
0	7
15	656
0	1
11	275
0	275
0	0
1189	0
0	0
0	0
763	0
20	2
2	1650
0	1258
6	244
558	2
0	0
0	10981
461	35
78	35
0	129
68	6
250	0
28	184
15	189
1	189
1	268
1797	0
5	3
118	544
11	0
0	0
0	0
60	0
0	14
18	91
0	0
0	0
0	381
0	0
0	2
0	11
0	11
77	0
0	30
0	0
4	76
0	76
0	0
5	15960
1884	15963
3	97
2517	0
0	21
0	105
1	105
0	28
0	28
0	20
261	162
0	162
0	21
108	0
0	31
0	0
11080	6242
486	0
0	319
0	0
22	677
0	167
88	0
0	3409
0	18
72	0
107	495
0	7
0	82
0	65
0	0
0	864
2	10
0	10
235	574
0	574
34	0
4	98
44	0
0	30
20	0
0	2155
347	2157
1392	1
6	143
29	143
13	1
49	0
0	0
3	4
0	77
1351	0
0	10
0	7
2	916
19	859
0	842
23	363
0	0
3	0
0	171
79	677
60	61
0	82
0	70
37	23
2	151
448	778
263	0
50	137
0	137
8	140
5	4
12	0
0	0
0	53
126	0
621	0
17	461
19	460
0	5
5	182
234	666
0	354
0	290
0	354
0	337
0	0
0	15
189	0
0	589
0	1
0	0
14937	10018
282	9936
274	8856
142	9145
100	9101
189	9243
1	2507
44	2768
58	3113
115	2891
183	2900
0	5042
0	563
0	565
2	563
0	534
2	39
0	0
0	0
9	28
4817	2
0	0
4	990
0	990
0	1005
0	493
0	0
0	503
0	0
0	0
1467	0
0	14
0	234
2879	0
0	983
16	0
128	0
1	7
0	0
8	494
1623	5
1305	1129
11	291
44	184
20359	11
5	0
0	105
0	2706
0	0
0	0
0	0
0	0
416	0
72	2252
0	0
0	105
1	3
6	7
57	178
440	432
0	432
290	0
18	425
0	413
0	149
0	15
52	0
724	234
0	16
249	0
11	342
69	80
215	232
4	232
172	635
332	3716
0	3716
0	168
50	203
18	22
0	847
0	0
15	723
162	863
1099	0
0	30
0	30
0	30
0	0
3181	0
0	0
0	17
0	1335
0	1329
17	26
34	43
0	1420
0	2448
88	0
0	444
0	522
0	529
0	386
0	450
0	365
0	247
0	80
0	189
0	7
1	0
126	814
45	8
69	0
0	16
0	0
0	0
0	35
0	1038
15	1038
0	84
295	0
796	0
0	131
393	0
2	7
0	7
0	132
114	307
0	81
0	294
0	190
0	254
0	269
19	1044
0	1044
0	44
2935	2
88	1701
0	1642
3	0
128	513
0	0
0	0
2122	1
0	16
0	19
0	3
26	0
84	197
190	0
79	160
59	0
0	553
2444	3
0	0
0	0
20	22
0	0
973	0
46	0
0	0
0	0
0	0
0	138
0	138
0	1266
0	400
0	6
29	22
0	10
588	0
0	0
0	106
0	1806
0	556
0	50
0	65
0	340
0	340
3	74
106	32
63	875
0	875
0	583
0	345
37	10
284	0
5	85
0	233
0	222
3	0
17	0
2	0
44	0
0	164
4	851
0	851
0	4
0	4
0	34
0	46
0	46
251	4
335	0
0	10333
317	49
0	49
0	48
0	0
1061	5554
0	4
0	4
94	66
0	29
812	9
0	730
0	730
0	0
0	0
365	1579
18	1579
0	112
0	45
25	147
26	409
54	338
0	339
0	189
0	0
20	0
6	2988
8	2988
0	47
0	1524
1321	0
24	0
0	623
7	56
152	750
0	271
227	3
0	1
0	0
0	1
0	1
0	1
0	1
0	0
0	1
0	454
136	0
0	18
0	0
873	3
1112	24
0	24
0	0
4073	5
42	228
0	660
0	248
0	248
0	248
0	549
0	168
29	406
467	0
0	1108
883	1871
0	0
4	54
0	95
0	0
4188	2
0	2518
10	0
173	632
0	144
0	144
103	144
127	118
0	205
76	219
0	1919
18	0
1690	1
2931	0
679	5
175	0
17	22
914	0
0	0
3845	5
0	121
6	0
0	858
268	7
6	7300
2	7606
196	0
610	0
43	73
0	141
8	64
0	160
9	207
259	277
143	8
3	0
0	0
0	156
2639	6134
4122	2
19	125
0	30
0	30
5	13
1383	347
26	2068
232	265
9	0
0	0
0	784
383	793
53	215
35	332
0	332
0	82
982	21514
107	346
0	1
0	1746
6	1746
14	1565
0	87
0	48
0	75
0	141
497	562
2	25
7	345
0	177
0	69
0	3
0	3
0	128
0	195
76	2291
0	2291
0	128
2	0
0	7
0	7
0	5
0	0
30	0
0	734
0	1493
0	0
0	8
0	0
0	84
27	85
267	4736
261	37
0	0
0	0
0	0
0	0
0	0
0	0
85	0
0	0
0	0
0	0
0	1285
0	727
0	308
0	285
14	5
0	142
518	0
895	0
49	150
0	0
0	0
0	78
30	202
0	1327
0	351
1	12
0	7
0	912
33	0
0	3
27	80
6	0
1	25
0	228
153	14
94	276
0	1503
0	0
373	3
170	0
0	106
69	54
2221	1
0	17
0	173
0	354
12	1522
79	310
465	3
159	443
0	861
5	823
13	0
0	10
246	0
0	811
0	754
29	61
0	25
0	6534
47	33
87	175
1078	1
0	126
0	4202
158	396
30	396
0	0
247	0
4	1359
42	1359
0	4
0	70
24	21
630	734
0	460
18	460
0	82
0	97
0	151
0	2720
0	10344
13	740
0	236
10	0
0	0
0	0
0	0
61	0
0	54
0	0
7	749
0	659
5	28
0	3
0	0
1	190
1	34
0	946
51	946
0	312
25	351
0	2458
32963	35
0	2
520	0
0	1357
0	5529
2936	6
0	553
87	245
0	0
0	5
0	5
3058	7798
0	4
0	0
0	261
1	3919
819	3919
11	0
0	0
0	0
50	1
0	6743
0	4
0	9
0	0
0	0
102	1463
0	0
0	0
2	0
0	0
12	117
0	0
0	33
0	4
7	532
0	111
0	0
0	1757
0	1932
0	299
2803	34930
129	34930
243	0
0	336
1430	648
0	643
0	53
2	286
72	256
53	167
723	0
351	0
0	832
0	1036
0	25
0	0
190	1136
0	13
0	44
0	49
0	0
29	1620
175	1620
59	144
50	144
82	460
0	0
0	679
0	0
10	84
0	13
0	2
0	0
434	0
223	0
59	2
135	0
953	0
0	0
0	0
5	488
786	8999
0	1645
0	258
0	73
333	1391
0	44
3541	0
0	0
0	706
31	36
0	0
0	466
37	1902
4	1742
0	707
83	1107
271	135
0	135
0	128
0	261
0	254
0	261
0	261
0	2698
6	2734
5	4676
0	4127
0	1483
0	6334
911	0
5287	1525
0	1520
0	0
0	103
0	259
2	2
144	651
0	7
0	7
0	6
5	6
0	34
0	0
0	1230
0	180
42	48
0	0
144	0
0	21
323	0
9	457
0	445
0	362
0	247
42	192
0	1
0	6
1	36
43	0
14	103
0	822
68	526
0	0
237	0
172	281
0	1353
28	1096
0	1054
0	1078
0	1049
65	981
19	0
0	36
5	0
1099	2
0	0
14	98
0	29
142	0
0	12
0	8
0	0
0	0
0	136
0	17
1581	2
177	162
0	31
1182	3765
0	305
0	305
0	273
0	0
0	350
52	0
0	0
0	0
0	830
28	0
0	262
0	0
0	0
23	38
332	0
0	0
187	1
3	38
0	434
0	31
0	31
453	0
0	53
146	0
0	0
0	3732
0	2200
0	883
181	245
0	230
0	245
23	161
0	1342
13	0
0	14
0	785
3	75
1	17
205	31
867	36
0	36
0	670
0	604
0	0
0	0
0	75
0	1684
0	1365
0	165
0	3
0	0
1	55
11	14
4	31
80	93
5	0
0	0
83	214
55	288
0	0
0	0
0	0
0	0
1392	0
0	0
266	913
0	913
38	90
1351	0
1	2140
0	1950
0	2037
34	671
0	71
0	18
150	456
27	0
0	105
43	0
24	236
42	236
0	394
41	777
0	777
0	50
0	36
3	584
211	560
0	83
0	0
531	0
8	365
0	349
11	1171
10	0
0	13
735	0
31	493
169	752
0	0
18	50
0	267
1	275
25	1291
162	1290
0	56
0	437
0	446
9	440
0	0
11	813
18460	17
189	1002
1975	0
0	413
375	59
0	24
31	24
101	1045
0	1045
777	186
0	186
0	3781
1457	0
0	190
0	499
230	455
0	0
0	0
0	0
0	0
0	0
11	2474
1	0
37	356
0	41
0	342
6467	5
8948	178
0	708
167	19
0	820
0	0
975	1
0	29
0	0
460	1
0	70
0	73
3207	5
0	416
10	0
0	0
0	0
15	557
0	5
688	573
38	96
0	96
0	438
324	0
793	195
0	190
12	183
0	750
201	0
1834	0
1490	0
71	0
2	107
291	2646
36	234
13	234
0	3
98	1207
0	1207
0	20
3	0
0	360
0	10
0	10
0	0
14	124
6616	5
120	0
10	272
0	5
0	0
8	0
1	24
0	913
278	2617
1	9
0	9
0	9
0	18
0	18
0	0
777	0
2483	1
0	406
0	416
0	508
0	1
21	0
1886	0
0	0
49	0
1973	0
918	0
813	0
0	19
0	153
0	112
3606	0
25	0
0	8716
0	0
10072	8575
570	193
0	172
0	170
0	5
0	14
0	10
9	62
0	0
120	0
773	0
0	0
0	1863
0	807
18	673
15	17
10	0
324	496
0	1008
151	777
0	0
0	403
3	332
0	206
164	52
0	1
1	156
61	0
2	8
452	0
213	0
0	1785
0	1785
21	0
0	0
0	24
0	0
0	0
0	0
0	2526
0	2521
0	1234
4	1299
0	7575
0	7792
3	0
47	5
3	436
0	346
0	346
0	87
132	526
0	526
5	411
0	395
0	93
0	0
0	0
0	0
123	2
128	1075
0	0
1	437
0	441
0	308
2692	2
0	0
0	990
274	0
0	904
0	3
0	3
0	113
119	0
16863	19
0	12
15	5
0	404
692	1428
57	406
6	23
42	246
2	3
0	3
42	0
25	212
550	326
1	2
0	9
0	9
0	9
116	1122
142	928
271	0
0	355
0	240
0	22
0	64
0	35
0	27
1	2139
0	2139
33	19
369	937
14	937
0	0
0	0
0	0
0	0
0	31
47	210
0	210
0	199
0	426
0	46
4	66
0	0
474	0
0	1225
1099	1
64	34
0	1131
1	452
24	151
189	0
1	2831
38	2754
0	19
5	0
0	893
3	114
0	600
22	599
6	6
38	23
0	0
71	0
0	63
184	469
142	0
0	0
0	0
14	0
377	1
0	12
0	0
0	994
20	0
90	0
0	55
0	1473
0	1486
23	0
0	120
22	316
122	0
18	0
0	38
19	0
0	917
2400	892
1589	892
11	40
13	33
493	3
135	355
8109	5
0	444
426	23
0	19
0	0
0	153
33	153
2642	1
3916	0
2133	488
0	488
0	266
281	0
11	32
0	0
6896	0
0	811
0	625
78	139
0	0
0	0
0	0
55	412
221	83
0	0
0	290
1	180
0	53
0	0
1	68
660	3
0	26
0	0
4	0
294	0
14	17
12	17
4311	18
40	0
596	1
5	53
25	181
0	138
0	768
0	255
24	501
0	176
0	180
611	0
1033	0
512	1828
0	1828
8	38
1	0
0	146
0	0
316	0
0	0
2920	7462
0	38
0	38
0	38
0	38
0	0
862	0
0	13
0	3
0	0
0	0
0	0
389	0
450	3
794	0
53	0
202	0
312	217
46	78
88	0
3579	517
0	517
7021	4
39	0
488	0
0	682
0	125
0	4740
455	2075
0	735
0	0
0	56
0	0
0	0
0	0
0	0
0	0
0	0
265	1
0	0
0	0
0	250
0	49
83	925
2	281
7	958
414	0
6	12
2	12
93	0
0	0
13	99
0	1541
100	168
0	1379
203	0
0	0
367	0
0	1218
0	1076
139	1
0	0
0	67
0	63
0	16
0	69
14	447
291	933
0	178
15	1949
109	1868
0	1861
443	0
0	86
0	114
6	34
0	34
4781	0
2	0
0	8
0	8
2	8194
22	7056
0	7472
57	0
0	0
0	105
0	424
0	373
24	0
0	469
1903	24
8	211
622	0
0	0
0	0
425	0
0	189
78	0
0	0
11	0
6	0
0	0
0	94
0	86
0	76
338	0
0	28
2	127
0	403
0	0
0	0
2851	3
7	161
0	0
39	85
12	85
1289	709
32	706
166	1332
6	0
0	77
0	77
806	0
338	0
0	0
76	0
0	245
166	0
0	0
0	0
0	376
0	1128
0	637
4532	8153
0	8152
0	254
0	254
0	294
0	240
0	57
1022	1
3	46
65	682
0	486
0	148
7	83
0	32
492	0
0	3825
80	869
0	76
1113	0
0	0
0	0
3	18
0	18
0	0
966	0
1227	0
0	0
0	0
0	0
4	0
0	0
0	649
30	0
202	135
0	133
0	101
0	76
667	158
0	0
0	119
0	236
4	260
0	3
0	3
0	3
0	0
1197	2
11	0
13	0
1	8
0	0
1444	0
0	0
0	77
0	126
240	0
0	1177
10	14
184	0
0	770
0	26
0	0
0	2
1	0
0	0
0	0
0	796
0	670
0	634
0	722
0	342
0	17
0	17
0	575
1	51
0	0
0	0
0	124
1151	2850
66	0
4	15
593	0
17	223
3861	0
0	0
773	0
2252	1
227	0
0	6
0	0
1067	1
0	250
43	453
1495	3
6	0
0	0
0	26
928	3
0	0
16	7
466	708
3377	3
0	2617
0	2619
0	2244
0	814
0	215
0	211
0	251
1	25
54	0
52	650
0	199
51	199
20	1533
0	85
0	66
0	83
92	0
15	2
0	1231
71	30
245	0
0	171
1267	0
3	110
689	0
0	0
0	16
443	24
1299	0
250	1821
0	170
0	170
16	0
191	1127
92	915
0	0
0	0
146	938
18	708
0	398
461	620
0	153
71	0
565	4131
0	36
0	36
0	36
0	31
0	36
0	36
159	0
211	0
92	356
36	67
0	49
0	0
7	0
17	0
0	0
0	121
0	133
5	133
0	19
0	0
348	0
0	0
0	1093
0	1090
24	863
0	7
164	838
0	0
0	0
1317	987
0	987
0	100
16945	8
0	0
31	0
0	0
0	2
0	2
0	0
0	0
0	0
0	2
0	2
0	0
1072	7764
319	0
0	14
4	14
168	0
176	0
0	0
0	14
0	14
0	76
0	69
0	12576
0	0
0	801
1338	0
10	1188
130	0
145	2902
1247	0
0	1344
0	0
0	1640
225	0
0	34
7	77
2113	2
112	350
0	16
0	0
9	664
27	664
0	271
0	532
53	3853
1	588
0	5620
0	13
0	34
0	27
0	44
0	7
0	66
0	12
0	56
0	25
0	5
0	23
77826	64
0	5
2	5
4	0
51	0
77	0
1	72
7	99
17	21
0	218
2872	1
0	0
0	451
1375	2094
0	2093
0	306
3	0
23	158
66	0
0	338
4	0
6	168
81	0
0	13
0	0
28	22
0	7
1892	1
0	0
0	735
0	0
34	893
0	2
0	2
0	281
0	1121
708	1
0	0
121	1
24	0
18	266
13	12
18	0
0	7046
12	343
0	198
0	1803
609	0
1585	315
25	314
0	7
24	0
6	74
0	1015
0	1079
6	453
0	453
54	0
2067	2
861	0
0	0
73	0
0	0
0	0
0	15
13	137
0	1214
5	6
0	553
7006	8
81	777
559	0
5	0
2615	0
0	63
0	1296
0	0
0	0
1406	4418
116	4418
0	38
0	50
24	0
4	369
0	54
0	569
37	641
0	644
0	641
6	837
0	796
16	830
0	793
0	292
259	0
1	3777
0	3828
0	3828
0	3429
0	3429
0	3244
0	3638
0	3481
0	3635
110	3661
0	526
8989	8
0	10
0	10
229	326
0	0
7	7
0	21
0	786
1	4
0	0
0	2575
33	0
252	0
1624	0
0	0
0	481
329	1297
37	1297
0	409
0	0
0	209
161	3761
0	463
89	327
1221	1
639	0
178	0
157	0
52	0
12	17
118	0
0	0
25	0
1370	2
0	2
0	2
0	474
0	0
1	0
1514	2
0	0
3	0
244	638
0	742
6	198
0	84
0	11
0	11
0	939
0	850
2	1644
0	5
10	4
0	4
0	32
0	128
6	2
30981	13
6	53
0	0
0	0
0	0
0	0
0	0
589	0
604	0
23	1340
92	1199
272	0
0	3
81	0
468	0
0	262
0	312
0	336
0	373
107	0
0	304
15	0
23	335
4	0
528	0
0	0
0	0
12	52
18	139
11	185
0	139
0	12
0	0
0	7
0	7
0	7
976	0
0	1764
85	1764
0	22
0	56
55	56
38	0
0	4
0	532
0	292
33	560
0	0
6235	3345
44	3343
0	2
0	64
0	601
796	1
1461	5746
843	0
417	81
1304	0
5	74
0	200
2	1846
406	0
0	0
0	2428
19	0
7	53
0	0
0	0
0	1158
0	1149
0	1177
140	0
10	1097
0	1105
3	28
0	27
0	0
71	0
0	0
4	5
0	16
0	515
242	0
277	0
0	359
0	352
0	351
0	352
0	362
0	510
0	325
0	235
0	213
2102	3
4	124
0	7
0	7
0	2117
0	6
32	2341
0	2
0	2
0	2
22	0
1	691
128	0
90	0
55	324
0	36
0	0
0	10
0	0
0	0
46	0
4975	13
9	0
0	0
4	153
684	167
259	2227
86	0
0	0
0	278
0	116
0	116
0	116
0	41
57	0
11	98
0	2569
36	0
3	0
0	0
126	0
0	3
0	860
0	996
3	3097
2795	3097
59	790
27	0
0	3008
0	67
295	3464
0	2814
2	0
0	944
10	0
0	1355
0	185
0	30
0	0
2	44
509	0
52	953
42	4902
0	0
2	0
0	0
0	16
0	16
0	13
11	13
0	0
0	64
0	4
0	0
0	0
0	50
548	0
0	0
0	1
30	216
0	0
1514	0
17	116
0	53
130	0
0	29
0	0
7	0
0	492
3	51
8	51
0	303
18	350
44	41
0	41
55	299
19	4
0	0
31	0
0	0
0	285
0	262
0	193
0	40
692	2
29	53429
20	17
198	93
0	0
581	0
473	0
398	0
327	279
0	1518
29	887
980	0
156	1026
0	911
7	117
25	49
0	0
0	0
0	0
6	0
0	8
0	335
0	632
382	4264
99	4264
0	3541
214	818
776	818
0	0
0	0
0	0
0	603
5	1643
22	1094
0	773
749	0
5	0
221	0
0	335
18	0
3423	0
0	8
0	8
0	8
0	8
0	8
0	8
0	48
0	45
0	75
2	0
26	37
762	0
0	0
0	0
1606	0
0	1579
21	1579
351	285
0	344
0	353
15	2147
0	2818
2	416
0	31
0	31
1917	4
7	5
0	3
1068	0
19	543
832	6091
0	75
119	786
0	1
382	0
0	375
31	0
0	70
0	0
15	1
0	1658
32	1135
0	1250
0	10479
24	0
0	214
29381	11
4476	6
0	67
138	189
0	0
0	0
0	0
0	0
0	0
0	0
0	0
742	6235
64	0
4714	11
236	466
2352	3
4	512
0	0
0	0
0	0
138	2081
44	97
144	1112
0	0
2502	9
207	2
2336	2
56	0
0	0
0	0
0	124
79	0
128	596
279	0
0	1872
0	1809
3	5
1116	1
0	131
6	2
25	0
6	0
12	0
1868	17167
0	4703
0	2036
57	2036
27	511
0	0
0	11
0	11
0	8
0	5
8	86
120	1054
285	814
15	74
4	200
0	45
5	200
0	127
472	650
440	1855
0	1679
0	5
0	12
4	158
64	0
0	140
0	146
0	138
0	140
0	140
0	69
0	32
0	20
0	468
0	472
0	862
0	391
0	9
0	849
636	1076
0	0
1	73
0	27
0	27
8	3970
0	1256
20	0
0	12
0	0
0	0
0	11949
74	12959
135	1
0	109
0	105
19	51
1054	6233
37	380
0	25
0	25
0	822
0	200
0	205
101	670
0	66
10	111
11	484
0	481
0	16
1	890
0	687
1	848
0	172
0	0
1549	0
3	0
0	5
0	0
0	96
4	78
0	227
0	202
0	158
15	33
1132	0
0	0
227	50
0	0
128	1114
0	542
271	823
3	127
0	282
27	0
54	28
0	130
0	1189
138	0
309	0
0	0
0	46
0	117
0	120
0	374
0	2154
0	14
3	0
0	0
0	2
0	2810
6	39
0	0
0	0
14	1
230	151
496	2345
0	438
2	992
22	1382
0	1314
0	1155
603	1
264	0
0	1434
0	0
1226	475
806	1079
40	0
18	598
0	48
0	433
44	560
0	382
0	421
0	573
0	584
188	301
0	0
0	185
0	187
0	8
896	1
48	0
0	988
42	0
146	2924
0	0
50	0
2	0
0	5507
0	0
0	199
0	0
2435	28
67	1266
0	0
0	4168
351	0
395	0
0	1
0	0
149	0
1660	0
1344	1
1	24
125	197
0	0
610	807
0	108
204	2344
29	2587
0	2723
0	2716
759	0
8	1
0	1819
0	1664
0	1929
0	1790
0	1694
0	1652
0	0
46	511
1	511
0	378
36	388
0	294
0	427
0	32
0	32
31	272
55	2250
0	2250
0	0
234	0
927	1726
0	1724
0	0
70	107
0	0
433	0
0	0
0	372
0	0
206	548
30	0
0	64
0	64
0	47
0	53
0	47
0	47
0	62
0	47
0	3
85	413
0	0
103	1046
0	1046
0	337
0	0
0	32
20	1124
70	0
10	288
0	288
0	45
0	0
0	23
1713	1
19	126
5	2
85	0
0	185
365	312
0	312
2	169
27	180
0	170
0	180
4214	1
20	16
0	36
0	208
0	208
39	504
28	114
262	0
0	35
731	0
436	0
122	0
0	0
0	917
3	109
97	0
0	45
0	0
2251	728
29	294
0	15
24	0
0	0
3217	0
0	0
0	0
0	0
4	30
0	13
0	24
0	24
0	24
10	0
0	1817
0	1741
24	19
0	14
0	224
0	816
0	1470
0	90
0	90
0	0
0	23
0	964
1	0
800	0
0	134
8	0
0	68
1	66
0	0
0	0
2237	0
0	0
1	0
0	639
0	281
0	422
1	2586
19	2717
0	2425
0	2089
27	3729
0	3890
67	3207
22	0
0	244
0	40
0	0
0	0
0	1588
3	30
0	30
1550	3
146	0
287	1
2	56
0	48
0	0
1258	1
6	236
9	7
0	861
0	10
28	0
11	28
20	67
1336	0
0	0
12101	10
0	69
0	0
25	332
363	1291
291	0
0	0
34	10
0	153
1337	0
0	0
0	267
0	244
0	171
0	250
0	144
0	0
0	9
32	0
5	1516
0	193
1927	1
0	11
0	8
0	11
0	190
0	8
0	0
92	0
113	15
20748	16
0	13
0	13
0	77
0	352
8	289
27	289
0	3228
1	19
166	216
763	0
0	0
980	3
676	0
0	0
0	325
56	325
14	325
11	185
0	0
3	0
25	96
0	2622
147	37
62	35
1227	0
225	986
0	2113
221	181
1	183
137	7
0	0
439	548
0	115
0	115
31	183
395	0
0	1057
0	294
1	182
37	182
0	149
0	28
4	28
16	44
1	1228
0	428
0	1228
0	1242
2	1248
0	1228
0	0
0	0
903	0
0	0
1	76
0	0
8	0
0	16
0	16
0	13
0	16
17	166
0	166
0	166
0	0
0	15
77	5074
82	4376
0	4706
116	4258
0	2843
882	2844
0	821
0	0
0	14
3	34
213	342
141	0
527	0
0	105
1180	3
4	0
6	0
354	1393
15	1393
76	232
0	232
143	105
0	162
0	228
0	312
0	239
0	204
0	100
439	0
0	0
737	0
4	0
286	1919
0	1971
0	1864
121	0
1432	1
561	0
3	895
0	170
263	0
0	17
331	0
0	0
0	0
3525	1
2	253
0	462
119	0
556	0
2	0
2361	18276
78	0
0	0
613	27
0	0
0	0
0	252
121	0
3	0
0	0
0	0
25	0
5	0
0	1682
69	0
3062	2
60	243
79	1643
538	0
0	0
174	2472
0	700
684	2
0	0
7	36
3911	1
46	179
0	179
0	142
963	0
516	1
0	0
0	4
0	791
0	0
57	97
0	0
0	0
0	3
0	0
1878	5
0	1916
0	1916
3	0
4	0
34	5530
0	133
0	0
157	145
0	1670
2	0
0	0
86	961
1837	961
137	0
0	118
5232	1
0	39
0	327
0	320
0	483
0	2
0	0
0	674
1065	0
0	0
1627	1
747	0
14	0
0	0
0	135
159	0
0	279
20	176
0	0
0	2
0	0
0	0
1629	0
0	0
3813	6
11	0
1183	0
114	2748
0	0
0	749
0	2379
0	2561
53	106
8	0
109	476
29	476
129	680
67	680
11	0
68	513
13	112
0	1389
0	6
2	2440
395	1144
0	1308
0	406
62	1803
0	0
1	0
166	0
0	0
23	631
28	631
0	0
0	5
3002	2
0	40
69	0
619	0
0	2
4011	1857
0	1854
0	1405
404	0
95	366
0	20
0	16
1	233
15	242
19	16
0	505
20	1373
0	1239
0	0
234	1
1	403
0	0
0	0
0	0
28	7
34231	17
0	1049
0	1160
0	0
75	985
1370	2
0	588
10	0
0	0
42	1
2047	0
0	0
511	0
0	184
0	184
0	184
0	23
585	0
0	13
289	763
3023	0
0	2
253	4352
0	4352
29	0
1	0
0	6784
702	6
0	0
532	1
0	0
0	140
13	303
210	0
4	124
253	124
0	89
21	0
0	475
0	11
0	0
42	93
0	90
0	93
0	0
336	0
0	0
0	0
0	0
0	300
11	716
8	231
0	0
0	0
1878	0
3	19
0	19
50	0
72	1585
1874	5
30	506
2	506
4	506
6	0
496	0
0	0
240	313
0	5
0	653
0	989
0	721
0	714
1760	2839
0	2838
1233	0
0	328
1151	379
0	378
0	0
390	0
32	0
0	43
1024	0
0	0
0	1435
0	0
0	0
387	0
1	1692
83	1692
582	0
11	1031
0	0
126	1
91	1298
24	1298
7	40
0	1097
232	1316
0	0
6	0
0	242
410	0
136	0
23	428
0	0
0	0
0	0
3	31
0	0
5	0
0	0
0	561
5	561
43	442
22	442
141	42
139	7735
478	7735
13	256
14	253
0	0
25	30
0	30
108	592
0	0
16	311
0	206
4	220
86	0
26	504
0	20
0	20
96	251
1	2534
1	0
29	40
1314	3
0	1429
7	194
0	19
0	0
211	0
0	579
2896	2
0	399
0	0
189	0
0	9
0	38
0	7
0	571
409	579
0	579
1	1101
0	1257
0	406
686	0
0	167
0	29
93	154
9	0
0	35
0	33
0	34
1	0
14	5
203	1293
0	1293
0	0
23	0
1136	0
0	0
40	301
78	56
16	1651
215	381
0	0
1831	0
213	24489
1436	24489
3	203
0	738
0	0
0	17250
0	2
0	481
0	942
0	835
0	9
0	10
148	196
0	343
0	142
0	325
0	308
0	308
0	41
2	0
0	8
0	0
36	0
22	0
183	0
1	850
3304	0
0	209
0	209
0	686
0	6
4	6
6	6
38	486
45	486
154	0
7	127
0	83
594	0
0	0
0	7
0	7
0	1413
0	1136
158	0
0	0
0	175
1341	0
0	0
508	0
71	226
66	1
44	0
5	1358
0	0
3087	264
0	263
1362	2
241	0
130	0
0	229
0	72
0	0
157	0
0	77
0	28
0	0
0	0
382	0
65	14
0	10409
265	0
739	1073
0	980
0	1065
0	1015
0	829
0	0
0	36
0	31
0	36
0	36
0	31
0	0
0	0
3	46
0	0
0	0
0	0
1895	4
0	0
725	0
0	25
0	0
0	0
0	0
1655	0
1244	0
0	0
0	0
0	0
0	0
0	153
7	75
0	0
7	0
997	3
4	0
0	265
0	276
0	268
0	9
0	270
0	0
0	118
0	118
0	1326
85	41
21	41
0	749
334	5143
0	445
1517	0
5	213
0	0
0	0
448	0
0	129
1	0
220	0
17	25
83	0
0	10
0	1
0	1
0	1
0	0
0	41
26	6
0	0
0	0
2227	1
852	1
5	0
14	209
0	49
0	88
15	88
0	0
0	0
80	0
88	268
0	183
86	663
0	118
3	0
43	0
0	5
6	0
34	1268
0	1268
6	89
0	504
30	243
6541	2
0	3
0	114
668	0
504	0
389	0
0	1049
0	730
0	862
58	415
0	0
72	1207
0	21
46	99
0	0
0	0
11	0
0	11
24	0
0	2297
6	0
51	0
4	3
29	289
1024	2079
190	2078
0	19
0	806
0	22
510	0
1	0
0	9
673	0
2119	5
0	0
0	41
0	0
2659	2
2	0
0	5
114	5
15	0
163	0
282	0
0	0
103	1508
47	0
7	33
199	678
9	0
0	4673
148	2936
0	1273
0	9
434	1149
184	792
0	792
14882	15
5	0
0	0
181	0
0	0
76	473
4	713
0	252
0	6
0	580
0	0
0	0
0	1821
0	1091
0	1181
0	886
0	0
0	0
0	63
0	63
116	535
3	158
662	6246
33	6246
213	133
248	0
559	0
0	12
0	0
74	0
0	0
2904	0
3	5
0	5
151	816
0	0
5	79
2	1
12	0
133	3055
23	3055
11	1
660	0
90	123
863	1
0	0
0	0
0	4
0	4
0	3
0	0
16	996
865	11316
52	11316
0	27
77	0
0	7
45	0
0	0
0	21
0	0
0	0
0	0
0	26
0	0
0	0
2117	0
54	0
0	0
2	0
0	28
7	67
0	389
0	390
0	1381
0	1401
0	0
0	0
335	135
0	125
0	1042
0	1689
0	8
39	0
60	147
0	254
69	154
72	6
0	234
2819	5
0	1101
0	36
49	36
0	2056
71854	54
565	0
0	0
0	0
0	792
95	3547
40	3317
62	27
0	1
0	0
11	887
0	887
64	748
117	1227
111	1227
0	1067
25	472
70	678
0	678
0	0
0	1077
0	1099
0	1061
0	1061
144	190
25	0
0	0
0	13165
0	17
0	89
0	0
0	0
0	0
0	2270
36	0
28	855
0	43941
1	43740
0	46674
0	1
16	259
251	275
0	3797
149	0
0	0
45	1130
177	17
0	749
238	728
263	728
0	148
0	0
0	39
4663	0
0	3
7	0
386	0
1547	0
59	154
7	125
25	125
0	221
0	64
17	66
0	540
64	540
0	0
280	0
36	0
0	2472
0	0
101	42
0	190
0	169
0	4003
0	213
0	73
0	73
0	72
0	0
199	0
18	1134
48	1149
17	1149
6	0
1	63
19192	4
0	2168
0	598
0	9460
179	2410
107	302
0	0
3	136
94	106
0	71
0	86
56	198
42	198
1	0
3671	0
0	42
701	0
4	1894
25	0
0	275
31	316
0	3002
9	0
15	17
0	259
0	4
0	4
0	1
2608	1
0	0
19	72
12	186
2	45
0	0
51	174
69	174
1718	1
0	0
0	0
0	0
56	370
29	407
0	368
0	0
0	216
27	0
0	0
8	43
0	1199
0	0
0	37
0	500
33	233
26	142
0	119
0	0
380	0
3	0
1891	3
84	0
3433	3
0	98
0	29
0	0
0	26
6785	0
0	90
20	222
0	147
0	1
0	1
201	617
1	32
2218	157
0	0
0	51
0	51
0	1583
0	1583
10	1656
0	859
0	1433
0	1084
15	0
0	0
0	83
2	375
42	375
567	0
34	0
8867	8
0	1344
25	702
6	0
0	17480
0	4818
34	286
11	286
74	0
0	206
109	807
0	807
23	0
49	0
0	0
0	0
10	1808
0	564
0	255
0	267
0	740
0	0
636	1
20	0
0	0
0	783
0	108
0	0
0	0
432	960
43	25
3	0
0	0
0	12
0	13
0	450
0	47
9	338
0	0
24	214
0	214
0	3
826	0
0	859
420	0
150	0
0	1088
4	23
29	0
0	350
0	155
0	181
0	9
6	37
0	37
16	12
37	87
6	222
263	0
0	155
589	156
83	33
3	0
73	0
0	9
7	228
0	645
495	0
2346	0
0	2588
0	2367
0	2069
0	2514
0	1581
111	839
0	793
0	848
344	2183
0	166
344	983
96	0
27	474
0	0
21	0
22	162
1	6
362	53
1	0
146	2
0	0
0	0
0	13
0	0
0	24
1	17
0	0
5	22
0	1
0	620
4	0
344	6339
0	6339
4	19
0	0
733	0
0	211
0	183
0	182
11	0
2738	10589
0	10589
0	227
5	19
0	206
22	0
0	27
0	305
0	320
0	1
37	336
0	32
3	5
0	0
655	5
5	4129
147	234
16	892
0	808
156	112
136	0
0	0
47	53
0	0
223	1360
235	1363
0	0
102	331
67	0
9	3746
3594	3746
0	365
0	344
0	111
21	729
9	729
6	588
0	697
2331	1077
2	1735
0	1504
3	1
0	24
0	2506
0	14
0	14
0	1857
0	1329
0	1428
3	1494
686	0
954	0
0	0
37	2
0	96
521	26
470	3508
12	52
0	964
0	0
74	0
14	0
0	0
0	71
10	167
0	266
0	146
0	250
0	266
0	198
453	0
18	0
5	89
0	36
0	0
16	607
0	31
0	303
0	2108
0	0
0	4
3	102
298	1140
422	3522
0	0
119	0
0	65
17	38
0	0
0	0
0	6
7	0
0	144
851	1583
0	0
0	0
0	0
0	0
0	224
1	7466
0	8036
0	438
0	607
92	634
1624	1
0	2
3884	1
281	350
2517	0
22	150
5	5
754	2
0	953
68	502
0	1224
0	1084
0	3052
3	3104
84	3237
0	3095
0	3228
0	1129
145	261
0	171
0	54
0	28
107	2011
0	2012
554	0
5	0
0	0
788	3
5	0
140	1798
14	75
1	1571
0	1568
0	1572
1939	1
1	0
119	581
14	46
0	36
63	611
0	611
0	624
0	643
0	643
0	591
64	362
0	0
11	0
0	0
43	246
0	374
293	0
125	568
0	108
0	34
0	761
160	1343
0	992
7	956
1	3
1818	4
0	0
107	1130
1351	0
772	0
0	479
86	629
0	629
0	0
0	61
0	280
0	70
469	890
52	35
10	731
216	717
0	2301
10	0
26	0
84	0
14	0
0	819
0	281
0	330
0	11
0	9
0	0
0	245
0	1607
0	21
0	724
0	644
0	8178
0	8135
0	282
0	282
23	0
0	0
0	0
3845	4
128	1084
395	0
1149	4
0	906
0	522
6021	3
489	2
506	0
0	1156
11	0
0	0
3	0
95	639
0	1348
0	1100
0	154
259	0
29	0
478	0
1	0
1	8
24	340
10	1723
337	1723
123	880
7	0
1	0
0	67
29	0
0	52
1967	0
172	0
0	0
0	0
32	521
0	518
0	457
9404	12
354	0
0	0
0	0
0	80
334	99
0	666
0	666
0	364
4782	0
15185	18
469	202
17	1721
51	1721
0	19
10	19
0	451
0	0
7	54
227	0
0	4
3	268
0	0
554	0
0	0
46	0
0	2037
0	9
4339	0
0	791
0	619
0	0
99	641
2382	0
158	0
1	10
0	0
0	0
440	0
0	974
0	3
0	0
0	0
2287	0
0	0
0	0
0	0
0	207
285	0
3	0
0	139
0	206
0	165
0	1666
27	0
0	430
14	670
2	636
43672	58323
1	39619
2	59715
1577	15919
0	117
2167	0
0	3
0	531
0	0
1	0
0	0
0	0
4	206
0	708
0	189
8	203
0	37
275	7
0	188
0	188
0	0
0	0
0	69
0	2783
0	0
333	3
40	164
0	95
0	270
0	230
0	1515
0	11
387	5682
6	5681
0	2295
3699	2
496	0
0	19
0	11
0	59
0	82
0	82
0	59
0	67
0	87
0	75
0	14
7934	4
0	0
0	246
0	229
0	146
0	227
0	0
1423	2
0	397
0	639
0	396
1	620
0	1296
38	281
1100	0
18	133
225	305
0	305
105	1053
3667	1303
0	1301
466	1136
166	1136
3	0
0	1272
4	3748
46	3748
47	778
0	1923
65	0
252	0
0	0
541	0
0	115
312	0
92	46
1374	40
0	0
0	61
166	359
322	0
0	166
0	0
223	0
0	32
0	4
10	160
40	160
0	0
0	0
0	6
12	0
0	0
0	0
0	597
16	25
25	0
0	53
132	0
163	0
0	368
0	45
21	29
7	0
0	0
581	0
0	200
0	786
0	0
803	0
1918	1
0	49
2	0
193	1
14	30
171	357
120	0
0	114
0	256
2	1248
0	2091
1774	0
1176	1
37	39
127	8
1	0
46	18
0	36
35	0
0	37
0	51
10	27
34	0
191	0
0	184
0	338
0	284
0	174
0	315
0	344
8714	3
0	0
0	788
0	619
0	5
28	252
0	95
0	122
11	133
306	2925
0	15
967	0
0	0
0	0
26	1380
0	1314
0	1415
0	1459
0	642
0	274
232	997
43	580
2	537
48	145
6	145
0	329
0	397
0	489
0	360
0	0
0	8
626	0
0	46
41	103
13	11
0	16
53	123
0	0
0	0
0	3
0	3
2	81
0	81
0	1714
0	115
0	0
0	0
68	0
40	213
0	212
1	1676
51	1709
0	1440
9	58
0	71
136	0
0	0
0	0
19	0
106	4392
127	4392
9	0
651	0
0	9
53	254
92	0
476	1
204	442
167	1214
0	0
0	11
0	214
0	299
0	52
273	0
7	305
0	362
0	378
0	83
0	131
11	46
0	131
0	69
0	0
0	220
0	74
39	263
0	51
16	0
1175	15
0	0
417	0
0	0
0	0
701	1205
0	872
2	2395
0	2245
69	553
4912	7
0	971
0	257
3	258
0	257
0	243
26	202
0	0
178	2264
0	4
0	4
3684	2
47	792
0	279
828	306
21	126
10	167
138	598
0	0
7	8
1617	0
0	545
0	14
758	2013
139	1521
535	1
475	200
4	0
0	339
0	59
0	59
0	11
918	2388
278	2388
744	5
0	648
0	1062
0	795
0	111
0	2
0	56
0	56
0	76
28	577
0	188
0	0
606	0
0	354
51	478
0	478
4	53276
4910	53278
0	456
111	0
0	93
790	2
220	0
0	0
2862	0
0	0
0	76
0	56
0	12
4791	538
0	273
0	0
0	3405
0	0
0	0
23	35
0	0
102	64
0	5
0	719
247	2775
0	2474
0	40
0	2029
0	582
0	63
32	11
0	0
30	508
0	482
0	107
0	0
0	0
0	337
0	320
0	302
0	13
0	700
279	2971
101	453
586	0
277	0
246	2
63	67
328	0
979	0
5	0
1443	0
137	0
0	6
0	6
502	0
0	7
0	0
0	408
51	0
0	0
4	35
103	0
21	46
0	4
0	4
0	0
0	0
45	62
55	1097
63	0
410	1462
0	191
18	390
0	390
0	415
0	449
0	3424
0	2521
13	18
0	0
0	0
0	0
0	0
0	0
8	2
0	0
0	0
3	0
0	0
0	0
0	0
0	10667
0	10704
430	9979
0	10057
26	506
0	124
0	0
20	1296
0	0
0	0
984	0
2431	1466
0	1465
0	0
0	0
0	1016
0	885
0	149
10	149
367	0
233	0
0	216
2693	4
0	232
8	340
324	28
83	1981
118	326
32	327
0	31
0	1105
0	1090
169	81
0	4520
181	0
3	120
0	427
1541	0
0	538
3397	11
0	13
125	0
2288	2712
0	2712
0	331
0	0
36	0
110	0
6	1181
0	1161
0	12
15	344
185	413
0	0
0	0
5009	10
0	0
89	1043
18	181
0	181
0	0
0	0
72	0
0	189
0	205
0	192
0	32
0	167
4	0
0	32
4	2
192	0
39	163
0	1
0	0
0	48
4	222
14	0
174	3
0	31
8	40
0	292
0	0
0	4991
1	0
126	0
676	1636
112	1630
622	0
118	0
1511	1523
4763	4
988	0
1	105
6	109
0	124
0	108
0	830
39	189
7	189
0	952
30	2
2	0
174	11
0	46
2	0
1728	8487
10080	8495
0	0
905	0
0	0
0	2071
0	0
5	3
0	0
0	2102
1	0
1339	3
0	0
154	0
2613	0
370	0
83	0
1258	0
2	7
0	13
48	1055
3678	3
0	0
0	3
889	0
4	0
0	386
68	389
0	389
0	384
0	0
0	0
0	0
0	0
0	0
87	0
0	155
44	155
564	0
2	476
11	846
89	493
0	272
367	0
904	23
285	0
0	2147
0	720
5227	724
4	14
36	14
1891	641
188	642
124	281
0	281
104	68
0	0
0	32
0	438
20	0
0	0
0	0
0	0
0	18
124	0
1	134
23	48
144	0
11	16
8	1127
0	0
0	7
0	22
5	632
1381	0
80	0
46	83
0	100
0	100
0	100
0	62
97	277
2322	1
773	0
45	154
37	154
14	35
1140	0
12	99
6	1587
0	1775
0	58
17	701
0	602
0	590
0	578
0	626
6	253
1	183
474	0
4	7
53	0
207	1905
0	2
0	0
790	0
0	0
22	149
0	0
0	0
1700	0
149	0
0	0
0	0
8	120
0	116
0	108
0	107
115	250
191	2143
0	427
0	296
0	157
72	0
0	33
0	0
591	1619
203	0
36	9
75	2516
0	2519
7	2519
0	0
3	141
0	146
0	133
0	17
21	0
0	479
0	0
70	0
44	0
0	1315
0	2
0	2
125	0
0	0
425	0
0	14
0	194
23027	23
1140	4
0	0
0	193
456	0
2310	0
0	0
768	21
109	0
236	2987
29	2984
85	984
86	984
9	0
0	0
0	0
0	1110
147	0
0	0
2600	2
0	869
0	0
0	68
0	48
0	48
38	283
0	223
0	5665
0	2917
12	61
0	57
106	2296
0	2939
0	2075
3	0
0	229
532	5369
0	198
0	0
219	0
4	0
117	1040
0	226
0	226
0	0
82	0
174	0
0	0
1329	1
0	107
0	0
0	0
0	0
43	211
0	0
0	1485
254	2224
0	7
31	26
55	167
0	293
0	93
190	0
4	903
0	7
45	206
4747	1
30	0
151	0
0	637
2	8
0	7
0	16
16	82
0	0
122	1129
0	1129
0	0
103	0
0	30
8	126
0	0
0	0
8329	12
556	0
41	0
900	4033
0	4033
414	912
0	26
2634	4
10592	6
0	0
0	0
91	318
150	797
618	1
2	19174
577	20511
0	6452
0	29
0	0
0	32
0	32
11	94
8	0
7	0
60	0
0	2
1	20
6	231
135	157
3779	0
2861	1
9	10
6	6
22	60
19	60
858	0
2	50
0	199
96	386
44	344
61	0
0	2
0	276
0	269
1	497
37	0
165	2
608	0
0	0
385	1164
0	854
0	25
0	159
0	0
0	250
2	250
1184	1188
0	1188
163	0
0	19
0	19
1405	0
0	0
0	30483
0	0
0	0
2168	2392
11	2255
149	2304
0	14
0	14
0	119
0	11
0	15
10	19
0	15
0	50
0	217
0	284
5	54
0	0
0	0
0	611
15	149
0	0
0	0
64	0
252	0
462	0
0	246
12	325
656	325
60	925
78	750
261	274
0	734
480	0
1	3038
0	3
16	134
1	879
0	12
0	505
490	0
2450	0
1079	0
3	1109
0	3
23	72
0	72
0	52
92	0
95	1172
99	0
0	3
578	0
0	283
0	287
6	0
0	927
2640	1578
0	1458
25	23
0	180
0	9
9	0
0	39
0	58
3	289
319	322
7	0
617	0
15	0
0	438
0	427
0	417
0	406
0	418
4	564
30	0
0	1973
29	0
146	0
0	479
0	48
0	48
0	7
0	7
0	0
4	0
1257	3771
1	3534
0	2647
7	1211
0	1944
4024	3
59	1055
0	46
710	0
52	0
4817	4
0	338
7738	3
0	0
253	0
0	3
0	442
554	514
11	514
2	1
0	7
870	0
0	19
3898	0
855	2
0	840
12	185
4	185
411	0
716	1
16	386
0	1308
0	0
52	11
34	0
0	146
9	1043
60	1033
26	41
0	0
69	5
76	432
0	432
18	168
853	0
0	34
0	43
38	322
984	0
0	0
0	0
0	0
0	160
2228	1
0	4
0	0
103	0
0	5963
0	0
0	0
0	338
0	338
0	315
0	0
234	0
36	0
13	27
0	6
0	6
0	3
33	282
0	372
252	4902
0	4902
51	192
0	0
0	0
8	438
0	0
1845	2
0	441
26	441
0	24
164	0
0	201
57	1023
1283	2
58	225
0	368
54	0
330	0
63	503
0	503
0	2900
0	510
6	649
0	103
458	0
0	0
0	0
0	17
0	0
86	183
0	189
0	189
0	189
2	278
166	537
0	537
263	151
0	7
14	80
0	50
0	50
386	1329
0	20
149	37
1213	0
1	27
0	27
0	0
388	0
167	0
0	66
8	66
0	6
115	0
9	0
0	0
20	152
0	60
0	22
0	0
44	0
0	50
0	50
0	4878
10	0
0	155
0	155
0	155
0	155
0	155
0	147
0	0
297	172
0	172
0	749
649	0
76	0
226	0
230	1
1	0
20	261
0	0
0	1173
0	303
114	0
0	2494
74	0
0	996
31	0
530	0
86	152
332	0
2	905
0	0
2	994
0	1191
72	911
43	1108
341	45
0	45
0	0
1301	3
0	0
37	170
1	10
12	6
46	49
0	49
982	0
668	2
0	80
0	308
0	52
15	26
0	0
0	0
1	20
102	1636
51	1636
0	0
0	0
0	104
99	0
602	1158
10	1176
0	1029
5	1
6	0
0	11
0	1456
72	1629
0	1638
1	38
15336	4
0	141
0	1099
0	2337
0	1627
0	1183
81	797
7	808
0	149
0	936
9	233
11	0
20	232
0	161
125	0
3	0
114	1179
0	1179
0	640
0	169
537	0
702	3
2	34
7	20
0	3
0	17
65	1185
2	1185
6	53
0	66
0	35
0	48
0	79
3	156
0	37
451	0
0	1464
24	1464
196	2
150	94
11	47
3	0
720	84
0	0
0	3
126	12
107	32
114	203
0	112
352	0
18	0
42	475
0	11
0	9
1030	2
507	450
20	450
128	4922
0	6684
0	6498
5	6421
108	6790
41	6421
1	0
6	0
0	0
0	3
461	0
0	566
24	30
211	0
131	3656
148	0
1814	0
0	0
44	0
0	1045
0	245
131	1788
0	1452
1	91
0	25
0	25
0	25
0	25
0	25
0	25
0	25
0	25
36	0
0	0
21	1335
0	293
0	22
4	4
0	4
0	53
6250	0
311	0
2229	1
44	439
0	438
0	0
8	299
0	299
264	52
0	2128
0	2128
8	14
4162	0
21	0
0	312
2778	0
0	1
0	1
43	0
382	1408
869	0
1	0
0	0
0	190
0	187
0	0
6	0
916	0
0	3
0	3
4	0
0	0
1542	3
9	9
275	943
4	482
0	0
11	2796
210	2796
1456	0
0	0
0	0
0	42
15	34
7	10
713	0
0	1327
0	895
174	209
0	390
127	0
1870	0
98	0
734	8
3	0
2888	2
0	0
0	0
0	0
0	2132
122	1239
0	2143
714	906
0	1524
0	0
1989	0
0	168
0	135
0	889
508	0
0	39
758	39
8	0
41	3
32	539
0	14
0	17
0	4
466	0
1643	0
361	690
44	690
468	0
96	560
0	504
2	0
76	0
0	619
0	208
1380	0
0	0
0	0
7	0
0	0
0	0
2477	8
0	332
0	381
0	725
70	761
32	66
64	569
0	16
464	675
2554	0
0	0
13	0
10	7
0	0
0	115
15	1459
101	1459
0	45
0	45
0	0
7	0
49	0
0	0
100	3
3	0
94	473
0	0
0	0
20	1223
26	1213
14	17
0	1433
0	45
0	34
596	803
0	132
1764	1
0	295
114	2602
109	2602
48	0
39	0
0	44
458	0
1	41
0	0
0	0
22	352
0	0
7	8
1022	0
1911	0
589	804
39	762
240	0
0	0
870	0
18	4
0	4
68	0
0	0
0	0
501	0
92	3773
0	2043
29	0
2015	0
678	0
769	1
32	48
1	48
0	1153
6	0
0	0
267	0
6397	1
4	86
0	0
0	6
0	0
0	385
0	0
53	28
0	134
10967	8
0	0
307	0
0	0
0	64
13	521
0	521
11	0
5	3
0	3
8	0
0	0
94	0
0	662
0	118
0	118
0	0
0	7
308	0
366	0
0	21
0	1
0	6630
0	6630
193	0
13	0
0	0
343	1196
6	1196
5222	7
2	0
0	1039
157	675
0	246
0	0
565	0
5	8
114	0
745	0
0	0
0	0
0	0
0	0
466	0
53	0
0	0
371	0
0	1795
0	316
0	320
0	314
0	192
0	304
0	192
0	156
0	99
0	88
0	1623
0	0
0	3
5	0
6	143
10	299
0	20
0	20
0	829
0	2
3	0
0	0
0	0
119	1
11	267
18	267
17	61
28	14
0	15
1	171
863	0
1607	0
0	0
0	0
104	0
0	0
0	66
96	66
36	0
0	0
2	1059
198	0
256	861
0	410
0	0
0	659
0	714
0	657
0	727
0	639
0	723
208851	218
1196	1
1141	0
0	31
8	31
0	482
0	122
4	76
0	76
0	50
0	37
0	31
0	15
197	0
0	288
0	238
0	264
0	225
0	240
0	0
0	0
0	52
0	452
0	96
0	102
0	199
0	186
0	101
78	488
0	260
12	0
0	26
0	0
0	4
0	4402
0	4402
11	3822
0	3551
7623	1
100	0
0	153
33	448
0	248
0	286
0	167
0	246
0	5177
84	53
140	205
409	205
0	170
71	0
130	1104
0	0
0	194
44	0
507	0
811	4
0	2180
0	26
0	17
25	201
0	26
0	0
0	19
580	0
88	6
39	643
0	0
888	0
1867	0
0	54
1086	0
651	0
0	892
0	762
0	892
0	876
322	25
0	17
0	703
78	286
50	296
412	0
0	75
18	0
0	0
4	0
0	3329
0	2950
0	254
157	0
0	98
3	0
4	1471
125	1471
0	50
3995	1
5714	7270
0	7267
8785	4
4	68
0	0
23	314
0	0
71	0
0	155
965	0
1198	7
278	0
0	4
0	2
422	0
4137	3
2	28
0	0
0	831
10	241
211	0
42	622
29	22
0	663
0	101
44	35
341	2502
52	0
473	555
509	2470
165	0
0	596
24	1200
1356	0
93	0
92	53
0	53
0	0
352	3
78	0
0	584
288	0
0	38
0	696
156	3241
98	3241
93	310
0	0
5610	10
1489	0
82	803
242	2109
40	2025
0	0
0	4
0	203
3	0
10	0
15	1299
0	1331
0	947
0	0
0	2895
0	25
398	977
0	7751
0	0
0	171
0	0
3	0
0	0
5	0
212	0
0	49
0	0
60	219
0	489
0	0
5	104
0	95
6	90
0	290
120	0
0	29
0	16
0	20
0	554
0	501
1105	0
0	88
0	250
0	250
5	281
20764	17
0	29
70	279
184	25
0	13
784	1
0	93
0	93
0	59
0	0
919	0
276	4101
34	4098
40	4154
0	99
94	0
0	31
134	0
0	177
0	254
1	254
0	0
0	0
2	6
0	269
0	42
0	66
0	901
4	5
0	0
6	0
0	0
0	0
8	0
0	0
0	243
2	231
144	0
66	1
96	302
0	49
228	56
0	56
511	0
130	0
0	97
2	37
67	192
272	2879
0	2879
0	6950
10	0
0	0
0	0
568	114
0	0
0	17
19	172
4	35
1849	0
1902	3992
0	3991
1256	0
0	132
2	797
365	2012
0	0
0	0
71	888
577	0
5	324
0	118
0	104
0	100
0	7
0	1072
0	790
0	0
222	0
0	11
0	11
0	11
19	202
46	695
365	0
22	741
19869	14
1492	0
864	2
176	101
0	101
0	443
0	57
0	5
5	0
0	151
0	0
0	0
32	33
0	33
0	62
0	62
0	57
0	0
0	62
0	0
0	0
14	468
0	1
0	98
20	327
54	327
0	271
86	0
0	457
1188	5
0	0
66	0
170	47
23	47
1	5507
0	870
29	5120
0	0
4	0
0	225
232	12559
53	0
0	0
0	704
0	687
0	706
1	30
1	1
0	842
1650	0
22	18
10	0
56	6
69	0
0	676
0	0
16	6
0	7
0	0
6	0
0	128
20	112
12	128
4	0
0	56
0	58
0	28
0	0
282	491
103	0
0	1285
0	0
0	42
1	5
0	5
6	93
110	0
59	0
0	290
45	30
0	1188
0	1175
0	17
4	0
0	707
1295	5780
90	5776
0	2117
0	176
0	254
0	54
0	158
16	3238
582	0
0	70
0	100
0	1083
1	24
0	400
0	0
0	482
0	0
0	34
0	152
0	10
0	2550
140	2415
14	2454
80	2355
0	1105
2	422
31	422
0	273
0	186
101	0
0	1331
1	3620
304	4037
689	0
0	0
190	252
0	0
24	5
0	944
0	784
0	941
0	964
39	422
32	74
8	0
164	0
66	215
0	0
0	303
43	0
38	386
0	1295
82	3
0	0
0	0
0	0
0	3625
43	3615
59	3398
76	459
0	528
0	528
75	743
19	2
38	2
3	13
0	0
0	4737
42	5237
0	0
0	377
139	2509
7	2438
426	2156
0	934
210	432
6	571
0	388
322	0
0	174
0	241
3	29
0	442
198	1455
0	11
0	11
0	77
0	0
1	0
0	1821
0	886
31	1585
0	0
146	43
0	464
0	461
0	449
0	4
47	641
8	114
0	665
0	411
0	7
8	305
3173	2
2	0
0	27
0	27
0	27
0	0
0	485
0	0
5	79
681	564
0	564
0	0
41	8
10	0
0	166
0	0
0	0
0	250
294	0
0	24
0	605
382	1191
0	0
0	17
220	0
244	3103
8278	3
0	0
0	0
0	681
0	86
48	1240
728	0
0	5
557	0
0	0
0	3
0	3
0	3
0	21
0	28
0	21
0	22
0	46
6	103
0	74
0	17
0	78
38	109
0	833
0	0
8	0
581	0
0	0
0	3
69	0
83	563
14	0
39	582
3	17
150	0
0	125
56	0
0	672
1	0
56	397
0	3
263	0
2398	0
0	6
0	2
0	2
0	82
27	0
0	125
7557	3
7	0
0	2
0	1231
119	0
0	113
35	385
0	0
0	12
53	1010
45	1010
0	10
58	1071
954	1071
56	189
73	189
383	0
17	5
0	0
5	0
17	25
0	183
490	27
16	2380
72	10551
0	757
0	0
0	2
40	0
0	79
1112	3
0	0
363	0
0	0
48	661
25	661
0	6
0	1
0	6
0	6
0	6
0	6
0	2
0	6
0	6542
0	0
0	19
0	52
0	52
0	0
0	0
0	3809
0	77
13	3895
9	3689
723	1417
0	0
311	233
34	233
0	0
0	220
0	0
3	8
0	1
0	0
368	0
73	0
0	25
0	14
233	0
8	4693
215	4696
36	2796
0	946
0	2605
0	2715
0	24
0	21
36	0
0	17
0	13
0	0
986	1
33	0
6	0
351	0
1381	1
871	0
12	6733
51	0
0	0
0	0
0	0
0	0
1	0
9	0
0	132
6	132
3	3
71	6
8	7
0	0
105	415
0	247
0	0
0	0
0	0
0	0
0	173
2	173
10	3
0	0
0	69
12	0
0	0
0	0
25	0
16	18
148	264
6	3
4	0
0	35
0	35
0	15
2	5
0	13
0	13
925	318
0	318
11	61
0	9
0	9
0	9
78	1174
0	249
0	329
397	486
0	3
4	0
0	0
0	2333
9	0
0	1855
0	1013
279	3
0	819
0	0
190	0
532	0
0	988
0	973
469	2
0	0
0	0
59	2
1	0
143	0
0	0
0	438
591	826
0	0
5	0
44	176
3	378
0	0
0	0
0	136
0	0
112	10882
1235	10882
0	9802
0	83
0	401
1186	404
0	0
57	1138
0	0
13186	1443
0	1436
941	1
0	0
0	13
0	13
0	0
28	0
0	43
0	5
0	0
102	248
11	40
1215	0
593	1399
7	0
13	1212
0	1212
2530	699
0	18
88	82
13	0
0	3421
0	2509
0	1
0	409
414	0
0	0
0	39
5583	0
0	0
0	24
962	0
0	13
0	0
234	2602
4	131
3078	10
54	175
152	0
1738	14820
21	0
326	0
0	0
32	236
0	236
20	0
0	8
6	7
1	0
710	0
0	398
0	368
0	342
0	409
0	325
0	241
0	108
0	44
0	44
1065	4
0	0
1	271
27	271
12	3199
0	3199
0	4
38	0
8	0
318	0
33	57
230	5296
92	5284
17	5298
10	5228
323	5124
0	5
0	5
0	5
0	5
0	5
6	21
10	0
0	345
0	367
0	367
0	346
7	761
0	742
0	670
0	832
0	0
21	0
0	2218
22	53
0	85
8	0
0	500
0	491
0	500
0	317
97	443
2	0
1467	0
0	2196
108	1180
396	0
25	1
50	4
7	0
11	0
0	4437
192	4673
0	290
0	4
0	4
0	0
1578	0
0	0
0	0
0	0
63	1378
0	727
0	679
0	728
17	683
14	677
1	676
0	574
0	676
30	0
718	0
417	367
14	367
29	0
118	92
0	1336
48	1336
0	416
430	0
0	538
1	2
238	1302
0	0
708	0
76	5
0	5296
0	5296
1439	0
16	748
0	39
1012	0
56	3
0	3
0	3
2585	3
52	91
3228	4
70	0
579	0
558	0
11	0
7	23
0	23
82	0
0	0
0	0
599	0
6	513
1130	0
0	364
0	350
0	368
0	320
394	0
263	1
738	0
0	0
159	77
0	1240
27	479
0	479
13	0
0	0
114	101
0	101
732	1
23	27
198	0
0	586
623	3
869	0
0	391
0	0
0	6
65	1
112	1663
11	215
0	22
0	22
231	2492
647	2492
15	0
33	0
4	17
3	0
0	0
2	0
0	5
1366	1095
0	1095
74	0
998	0
0	0
0	0
0	17
0	306
0	306
24	297
1677	1
0	90517
0	0
468	288
0	288
2	0
0	167
4	261
0	127
169	426
0	426
100	0
90	1064
0	314
5	314
10	353
18	268
24	128
1	0
0	0
0	27
0	0
0	195
232	0
0	965
58	965
20	22
5	99
10	99
0	38
0	161
1622	0
0	660
29	660
2775	85
926	0
0	0
3	0
0	21
0	308
306	0
1	0
0	0
225	0
22	0
600	1434
0	12
37	0
0	0
97	74
0	74
146	4035
15014	13
1844	5
21	1444
0	1380
0	504
11	0
0	412
0	334
102	367
0	220
0	0
0	9480
25	14
38	32
0	26
0	26
2033	6434
23	0
375	0
0	3671
124	3516
0	3522
0	1789
60	0
16	0
11	0
211	132
0	132
6	891
190	11
470	3
0	76
30	76
34	0
0	35
384	1337
0	1337
146	0
1210	0
941	0
1	1566
0	1614
0	4
369	1
0	2
0	0
35	171
57	812
11	727
547	0
36	4
125	1086
14	1086
1	0
27	500
266	512
0	512
0	0
0	0
144	0
0	114
0	0
0	7446
0	7206
0	7997
488	0
25	0
167	1
0	0
0	1580
261	0
28	1294
38	0
169	14
0	14
566	0
714	0
197	0
15	0
0	8912
0	8455
0	8858
0	8953
0	8919
0	6955
0	4
0	135
87	265
0	0
0	0
0	0
0	0
0	4
501	4458
0	137
0	1572
1	0
0	0
124	76
0	1315
27	1315
0	122
0	8
0	9
0	25
0	625
0	0
336	0
0	664
0	55
0	35
78	35
0	325
0	0
5	1464
0	235
149	2653
0	0
0	74
0	157
0	47
0	0
0	0
0	144
0	298
0	0
0	0
0	43
0	9
300	0
0	270
1066	629
2584	635
3	0
0	243
0	0
0	4
0	69
0	69
0	69
515	996
566	0
17	100
5	0
0	265
31	645
0	644
0	645
0	645
0	8
0	8
0	545
0	0
0	2238
0	1935
0	6488
26	6158
2	6473
0	101
30	0
121	1665
0	16
0	0
0	0
0	0
0	0
0	0
0	1129
41	124
13	0
0	499
4	39
0	2998
0	0
0	0
0	259
0	2171
103	2
0	435
0	170
0	0
0	7
0	7
17	308
0	0
0	2
1301	872
0	302
0	1224
52	0
0	1385
27	10
1	10
0	463
0	315
0	315
0	423
1	378
0	458
0	446
0	91
799	3045
0	4417
0	4471
43	272
0	4556
13	1045
0	589
0	4876
0	403
0	409
0	388
0	383
0	7
0	7304
0	7400
121	2101
0	84
0	152
0	0
737	0
712	0
0	40
0	18
3414	977
0	1017
1	1091
0	1013
0	306
5	0
0	69
7	0
0	0
51	1060
0	1060
0	0
294	7
7	0
8	9
0	137
6	1150
45	1150
0	13
70	498
2383	499
0	106
15	164
0	12
31	590
0	410
0	411
217	2
0	0
0	0
433	0
3	937
0	701
0	0
17	11051
4485	11060
0	10455
0	10
124	242
23	786
415	787
5	29
0	1746
0	1685
0	1634
0	1666
0	1706
0	1734
0	1710
0	1661
0	0
0	0
0	0
0	0
48	225
313	0
0	221
3	0
0	3192
0	142
34	824
57	793
54	0
0	685
0	1
0	1
1052	10
497	3661
0	0
95	0
1	347
55	0
36	221
526	620
1	2934
0	1396
0	1082
13	104
3	6
0	275
0	327
0	0
45	0
0	1552
0	19
282	0
17	54
0	80
1441	0
0	28
164	519
0	0
0	0
0	0
5	0
0	720
0	73
0	66
151	0
0	0
0	0
23	0
0	0
0	0
0	344
0	13
0	126
129	0
84	265
0	1894
37	845
120	569
88	569
4	0
220	283
9	30
11	0
0	0
0	0
0	152
0	0
0	0
0	589
0	0
8	23
5	16
0	0
1795	0
0	44
70	119
25	199
0	898
0	11
0	8916
33	0
2	87
55	275
293	198
0	198
0	10634
0	0
0	21
2	238
0	235
537	0
357	0
0	178
0	119
1734	18891
0	708
2893	722
0	13
0	0
30	117
1349	842
5	21
0	22
0	5
0	5
572	0
0	1
0	3
0	3
0	53
0	1537
0	1187
0	20
0	865
272	1774
6	50
88	0
0	0
466	0
129	6
0	6
0	1363
0	0
0	678
0	302
0	274
0	245
0	1548
0	295
11	2
0	35
485	6213
22	48
0	6
0	6
13	2255
26	0
1811	10
0	0
0	636
0	0
93	2499
16	2499
269	1662
0	61
0	0
0	5
383	1515
0	766
1	15
308	0
12	1
0	583
62	583
23	526
11	0
0	0
18	93
1	20
0	25
3	25
2410	0
0	1
0	293
0	301
37	162
14	0
0	0
5051	6
0	0
3	24
833	0
861	0
197	0
0	17
0	17
0	13
0	16
0	17
0	13
3	13
18	13
20	410
14	407
7	372
0	407
0	11
0	0
262	0
0	0
1068	0
0	0
3	0
503	0
0	0
0	1485
164	1507
4	0
2	875
126	875
147	8089
367	8089
148	0
3	0
0	0
0	497
217	29
0	0
216	0
0	897
1548	0
16	0
9	276
1	445
0	370
97	411
1857	0
11	0
2016	2
1502	0
243	0
2	4
0	6
210	6
752	408
52	408
111	0
19	125
0	0
82	863
996	0
0	0
0	0
409	0
0	0
1	0
2145	1
84	0
0	120
2	0
4	0
560	0
5	0
14	88
4	88
2869	5
0	0
0	4
0	4
4	57
288	2
33283	19499
0	19484
111	151
26	4136
0	3480
95	0
0	523
0	0
0	0
5	0
28	0
1300	0
38	13
0	13
0	58
4	291
0	291
916	243
298	465
395	894
0	0
18	0
0	26
0	25
0	19
0	19
0	18
0	18
3	18
0	18
0	18
0	14
0	3
0	0
0	0
0	579
504	0
32	0
0	0
188	0
104	0
0	0
622	0
36	0
448	4
0	0
308	82
0	74
341	391
30	0
15	496
0	496
11	0
0	1350
1826	2
17	0
88	0
6682	4
5	0
0	244
234	0
270	0
5	0
0	122
94	0
26572	325
787	0
0	0
331	0
0	0
16	0
0	0
0	576
47	0
123	0
1240	0
32	120
31	139
60	138
410	0
0	0
49	0
878	0
8	107
0	0
98	0
2541	0
0	127
0	123
37	0
10	0
57	0
167	506
123	507
388	0
1104	0
12430	2
98	3273
24	3248
9	2878
36	0
5582	1
335	6386
7	6386
0	8
54	0
0	95
0	95
0	0
3150	1
0	0
3	0
67	283
0	283
678	0
13	1319
0	0
69	77
0	0
101	0
15	1
0	92
0	0
0	8
163	0
10	47
817	4
0	0
48	56
0	0
4	5
0	0
0	0
15	0
558	128
0	128
135	719
0	719
27	0
416	0
0	142
0	191
238	0
0	0
2354	0
1	0
28	0
0	0
2	0
0	0
8	1
10	0
273	245
887	0
0	18
2372	1
26	0
144	497
254	0
20	9
651	2
2	0
739	5
149	244
41	343
0	669
68	0
345	4242
0	4242
1	69
0	69
0	61
706	0
15	73
0	73
2	2
0	0
0	92
0	106
0	104
23	90
3	544
272	544
0	9
114	335
0	335
428	0
0	0
0	8856
0	8899
62	0
46	937
0	0
0	0
14	3371
785	3371
6	0
0	118
17	118
0	1063
0	1075
0	89
62	0
252	0
0	8
0	8
409	0
437	1701
0	548
0	609
0	416
1254	2
0	4
0	4
0	5
0	9
0	4
0	9
0	4
0	11
0	11
6471	1
0	541
0	8563
0	303
0	303
21	279
0	303
0	252
0	301
351	718
0	305
760	0
167	3
1043	0
4	972
209	0
0	0
2	61
0	61
64	723
0	445
0	2
0	542
9	59
70	697
211	152
0	5
216	698
0	533
19	667
105	411
0	0
0	0
0	0
0	0
0	22
167	0
0	385
0	23
7	116
0	6685
0	6420
0	142
14	53
724	3238
0	0
0	45
0	90
391	949
0	949
0	834
33	843
0	1056
0	20
0	0
21	16
0	0
0	48
1546	0
0	0
629	17
0	318
0	583
0	155
0	895
0	667
21	0
228	2210
193	0
0	0
0	8
0	0
960	1
0	0
3867	3
7	0
6	1064
639	0
0	280
0	0
258	638
0	215
0	167
0	8
0	8
0	2
0	1103
0	1275
0	2
81	900
0	1059
0	95
0	1414
0	186
0	135
5	135
0	0
0	0
114	299
0	4
13459	14
0	162
0	4
1	0
6	0
0	0
0	8
0	8
0	8
0	8
10	2283
383	2283
0	3
70	228
327	0
10	117
30	80
181	1
71761	25
0	29
0	1837
70	205
0	205
0	5
0	6
0	0
0	282
0	603
23	0
9	214
11	0
0	1622
0	0
0	5
0	5
0	251
0	7
1	0
0	491
0	190
0	462
0	503
0	503
0	2887
2	302
259	0
753	2
16	13
25	85
6	85
0	2430
0	52
0	32
0	0
2509	2
2	2209
96	2209
1	4
0	77
0	7753
157	549
59	146
0	0
21	87
0	75
289	709
65	148
3	20
0	148
0	171
4	172
760	0
0	0
0	116
0	156
218	2232
0	245
0	163
0	234
11	36
7	337
0	254
27	511
0	200
0	2
72	0
0	122
5	90
28	0
0	1
0	0
0	26
11	6
46	1352
31	0
0	352
0	101
0	85
0	53
0	85
0	0
0	0
0	0
208	0
776	0
0	449
0	400
4	471
0	404
0	2770
0	1181
0	2624
0	2609
4	0
2982	792
124	2623
0	2623
59	0
129	0
73	1455
0	0
0	0
4	11
0	255
0	9
47	332
0	117
77	0
0	87
133	781
0	781
8	3
0	839
0	0
12	39
0	25
0	2
0	2
0	54
91	0
0	0
0	0
226	0
74	3608
0	3608
935	0
0	32
369	1371
0	6103
0	1796
0	1641
543	0
270	386
0	0
40	228
18	566
45	475
138	0
3	268
0	173
0	0
6	188
0	3
0	406
2213	0
0	120
0	2364
97	2364
203	1535
0	0
0	1205
0	718
43	2
1839	2
0	1877
0	1620
0	19
0	19
1009	0
101	0
0	0
324	0
0	63
0	0
0	5
7	1952
0	1920
0	1952
0	1914
0	1917
0	27
1	27
204	0
11	0
0	394
0	0
52	157
7	21
0	21
0	0
0	13
30	13
0	1303
0	1273
0	633
0	1496
11	0
198	0
1784	0
0	879
2	36
7	8
2579	1
0	63
0	0
0	159
0	831
234	54
86	0
7	374
0	682
61	0
542	403
0	886
0	92
0	0
0	29
0	2331
0	2267
20	318
0	318
20	318
139	0
122	0
80	0
12	0
14	0
399	1314
847	0
5	680
82	2719
1096	1033
0	1032
2	0
0	0
0	827
0	481
0	0
1	2
0	2
0	657
0	569
0	580
0	0
71	1597
145	0
0	300
0	237
0	237
0	37
1	17
956	0
4	110
2	110
862	0
23	0
91	2896
2440	10
0	29
0	29
0	0
0	880
0	927
1	0
0	31
0	28
0	0
0	9
0	9
520	0
12	0
0	0
2	2686
1	0
0	604
2	40
0	0
0	0
0	0
460	244
0	2990
345	206
1861	207
969	0
0	30
1	30
12	0
0	0
0	0
0	0
71	62
67	0
5	29
5	0
0	0
18	190
0	6
3	5
62	0
0	0
0	57
0	0
0	0
0	0
0	0
0	5
11	0
63	552
10	552
0	0
0	0
423	0
8	58
0	23
0	12
2686	1
0	1880
7	0
505	0
416	1067
91	0
0	79
1052	8055
0	8055
35	203
0	0
0	0
0	0
13	35
0	36
16	0
630	31
0	43
597	0
2740	1
984	0
251	1642
0	1642
2	5
0	0
421	1899
176	1899
1002	0
0	6
210	2
52	726
0	726
0	726
24	679
0	678
5	464
157	0
1109	10
0	0
95	1597
90	1597
0	279
0	264
0	178
0	262
54	328
369	328
31	0
107	5
3	3
4	0
5	0
55	0
223	786
0	19
1147	2234
3	2232
0	14
19	278
0	1542
0	1253
17	484
11	0
0	40
3	244
0	203
0	198
13	233
0	259
0	252
0	83
0	23
0	0
0	0
0	3514
0	3504
0	151
1201	0
0	544
6	1
523	0
0	0
661	306
53	306
6	89
0	51
0	51
0	167
20	176
0	233
14	855
0	0
0	8
0	0
0	321
0	321
0	321
44	268
0	0
15	0
2	0
161	2022
0	0
0	0
1404	0
0	18
0	18
0	27
310	0
352	2638
23	2638
0	0
799	0
109	232
8	1689
0	1754
0	1622
0	1559
19	1125
0	1
0	7
107	1659
0	1659
1998	3452
0	81
0	1769
0	1738
87	1779
248	1758
41	1707
0	1330
12	71
182	0
1751	1
0	0
324	994
0	0
0	0
5	0
5	2
902	0
0	651
0	242
0	83
4	170
0	0
235	43
0	33
0	33
0	19
0	0
1694	1
0	209
0	463
0	449
14	36
0	0
0	367
0	0
157	2263
1301	4
0	141
0	176
38	0
0	433
660	0
35	20
63	838
0	5
384	1171
0	72
530	0
1	4831
0	57
0	57
0	0
0	0
0	0
0	0
0	0
2	5
0	0
0	0
7	338
12	0
0	4
0	1673
0	1902
5	1939
1460	427
0	0
0	1832
0	1832
1363	0
779	486
0	977
0	923
62	151
12	5
8	0
0	130
0	0
0	0
0	22
0	264
0	122
626	0
17	0
37	165
0	669
6468	3
29	23
250	0
4	0
0	41
4	2
0	2
0	577
0	10
111	0
44	151
0	62
5	37
239	0
0	0
0	241
65	0
0	1
0	465
5	0
0	0
0	156
0	2304
0	48
0	0
52	381
0	0
0	5
0	21
0	6
0	11
0	7
6	12
14	232
62	191
79	159
11	159
5	0
0	0
56	0
340	1430
0	731
0	24199
167	0
4469	2
3	266
0	49
0	23
4	0
0	141
0	2099
0	0
170	0
8	39
0	849
19309	14
0	0
2	1632
341	1632
0	964
0	1295
1139	1297
0	0
0	0
263	72
287	3125
39	3125
0	32
0	28
0	28
0	0
230	1
1394	1
0	1257
0	21
0	172
0	0
16	0
566	0
1500	0
1346	2
176	444
0	10
0	6
0	4
0	2
0	85
0	54
168	0
25	16
0	408
0	291
12	291
3	535
31	535
2	0
0	20
0	0
0	7
0	19
7	357
104	3
274	1
0	873
0	834
0	1075
3272	1
11	7307
1021	7307
0	304
0	613
0	630
0	518
0	507
227	0
2	0
0	2219
0	358
1270	0
4	16
0	0
0	27
0	0
129	0
1357	4
4434	3
0	2
0	0
0	0
30	0
0	18
618	1
237	1157
0	0
0	0
5	490
0	0
135	0
9	76
0	449
0	449
0	444
0	438
0	21
4	81
56	81
200	0
0	0
6	455
0	460
0	429
0	382
0	2559
0	2591
0	2159
0	0
0	0
0	19
0	127
18	562
0	8
0	0
27	3
0	0
5	465
16	440
0	395
41	158
0	629
242	0
0	1334
8	1243
0	0
0	14
0	14
0	903
0	739
0	12944
0	12944
0	12944
52	0
2	494
26	519
0	0
0	432
81	432
0	0
7	0
0	0
51	412
39	1197
16	305
2070	0
1017	1
69	43
0	231
339	0
486	7166
109	81
125	0
0	1518
0	1540
81	109
0	0
0	1937
0	1600
0	8
0	85
0	548
37	533
0	0
0	1632
0	0
0	208
569	0
381	0
4374	19014
3	0
46	484
0	484
13	6
0	5
1182	0
0	0
0	0
0	499
1272	453
0	1548
0	0
30	1
293	906
3	906
0	1123
0	312
0	9
9	93
391	0
0	0
7181	0
1077	0
190	1033
30	1333
7	1302
2	6
0	0
2	23
160	1483
1768	1
0	29
0	60
0	8
0	0
131	0
346	2432
6	1
244	0
43	381
664	0
0	69
58	456
11	13
72	678
0	1
0	50
0	35
0	50
0	38
2	80
0	0
0	974
7	988
0	981
0	68
0	58
403	0
0	63
0	285
14366	3
0	0
194	0
421	2
10	57
3	0
0	0
0	0
0	0
39	31
0	31
963	3911
3	249
9	3
1699	5
0	2713
4	636
0	88
526	2
0	263
13	791
0	791
0	318
44	0
0	10
0	861
1	861
33	321
4042	2
5	29
0	51
1	146
0	51
27	5334
0	5322
144	2150
27	0
10	185
995	391
245	661
12	661
31	3944
14	43
601	0
0	1509
0	1460
0	1423
0	1445
0	1460
0	0
0	0
0	580
0	306
0	82
0	207
44	207
19	74
193	0
0	5
0	5
0	0
1827	0
0	43
0	0
1	0
314	0
4	0
0	0
0	0
0	17135
0	17068
9503	3
44	36
0	916
0	0
3	0
0	0
281	0
0	1395
31	0
3360	1309
261	0
146	174
0	0
0	0
33	41
26	39
0	6
358	351
10	351
0	92
3080	1
18	0
179	0
0	0
44	276
17	0
16	3
60	0
0	1966
30	0
0	2
0	2
0	407
207	133
5	48
3644	4
0	0
0	0
0	295
0	1146
0	0
0	0
448	502
0	0
0	4
0	0
3	0
2	7
0	7
0	0
0	0
2899	0
40	0
342	1581
10	169
0	169
6	169
0	0
0	0
0	64
5	64
1298	4
0	4
0	133
14	7
969	1
0	0
0	0
14	0
0	125
105	4
119	0
61	897
9	897
0	12
0	0
27	40
5	40
0	662
0	715
56	715
845	0
1671	3
2230	2
28	671
29	671
0	2
0	2
0	2
0	2
0	432
0	0
0	0
1544	1
33	291
0	0
0	0
135	0
57	435
0	435
0	250
17	2077
202	2123
0	760
0	2025
0	810
0	19
0	97
2	8
1051	0
0	0
0	0
9	70
0	0
202	2147
171	1658
0	2
0	5
0	0
0	0
35	4532
0	4556
0	4478
343	1052
0	3650
0	1162
0	1124
103	458
0	418
0	0
0	41
29	41
1	121
367	121
2	4
0	0
0	39
0	844
6	5
0	88
0	33
0	22
5	22
0	10
6	10
0	10
0	5
0	0
0	652
0	123
9	149
0	124
0	0
43	0
84	1079
41	1047
0	863
4	804
0	535
7	518
0	494
0	22
0	3862
16	3840
55	3792
0	3987
1	3820
0	3908
4	1751
4	1672
0	235
15	0
0	163
0	13
0	13
7	6
0	1646
0	1324
0	923
0	15
0	15
279	0
312	16745
64	16745
363	2
727	8411
4128	4
74	0
0	6
10	105
2011	1
39	0
0	477
0	0
3419	1
9	0
9	316
0	1302
0	1245
0	17
0	8
0	17
0	13
0	13
165	0
0	0
0	0
0	0
0	0
0	0
283	0
69	1856
0	2101
0	1763
0	960
0	1517
0	1517
44	1517
0	328
0	277
3	374
11	374
40	0
7	61
60	72
48	230
0	230
48	69
1	68
0	68
7	0
0	809
4	11
124	0
495	138
584	0
371	0
0	7
535	456
0	456
0	146
30	0
56	0
64	182
0	89
0	37
0	0
1773	1
0	0
22	0
1149	1
391	411
0	154
0	0
0	2868
0	2868
320	2868
116	0
247	4
114	0
2	0
24	0
0	129
1	0
5	0
0	2501
83	22
1637	4
45	291
413	2
0	1891
36	1750
0	1891
258	0
2805	0
164	319
111	348
463	2244
0	358
89	439
2351	2
391	0
0	554
0	514
19	456
0	24
0	0
10112	14
0	344
0	290
361	0
21	0
0	94
0	60
0	86
8	0
0	32
0	274
0	274
0	274
0	0
0	0
0	0
1423	0
210	0
48	242
578	0
0	1
0	0
680	0
0	44
7	5
41	68
0	0
680	1150
5821	14
9047	5
87	138
19	102
0	102
104	0
0	5
4	0
0	0
1994	0
0	8
0	9
36	0
0	0
64	797
0	0
0	150
0	188
0	223
0	0
0	0
0	1234
6	1200
8	24
0	50
0	348
0	82
0	121
0	1230
86	1298
0	1193
0	495
92	927
75	607
0	81
3034	12
0	22
92	3239
18	16
213	0
32	0
5	47
1	337
0	251
45	1152
7	0
0	632
0	90
0	9
0	1267
0	1283
76	1229
0	27
0	6654
980	0
4	30
0	1046
1	21
0	0
0	606
47	403
0	0
0	0
55	485
94	167
403	0
22	0
0	2664
0	2508
0	2381
0	492
52	69
0	10
0	10
0	0
0	201
0	0
229	31
0	0
0	197
22	0
0	98
2	98
64	152
312	0
0	4
21	175
2937	1
19	115
70	0
3	0
8	10
92	0
273	611
1601	1
0	46
0	53
0	48
13	580
19	569
0	572
0	649
1	1
0	497
71	0
48	208
0	208
0	0
28	138
0	889
0	788
5	1096
0	616
0	488
1414	0
0	569
0	537
1468	12176
616	0
21	0
0	3806
0	0
0	849
200	0
0	19
0	0
0	0
0	52
26	25
0	0
167	398
22	3
19	35
16	72
445	1230
458	1230
0	0
207	914
0	0
4	0
147	307
0	12
1335	0
21	0
0	2072
0	0
69	0
0	88
0	11
2	0
0	34
0	56
0	0
0	0
991	0
0	0
0	0
17	0
0	0
0	0
0	0
4	46
0	0
125	0
0	2
530	0
0	4
7627	1
0	2
0	2
2	2
1	51
189	282
97	803
0	0
0	3330
33	122
95	296
0	117
0	0
0	53
88	0
21	169
0	169
0	0
0	3
0	3
67	0
1	75
0	600
0	1
0	124
106	464
17	0
12	0
0	104
65	0
1048	1
240	0
989	0
14	52
459	250
0	0
339	0
242	305
0	305
0	0
0	23
20	0
379	934
343	0
0	0
0	0
0	0
50	0
2673	0
0	3
0	3
17	356
0	339
0	742
0	713
0	567
77	832
0	640
0	0
213	0
1157	688
9	626
0	631
0	7
1628	1
120	277
0	0
70	1293
82	611
163	611
0	1839
1	1839
0	1759
0	22
0	22
0	354
0	244
49	443
0	443
0	0
0	0
8	0
530	1
2	84
177	0
0	0
495	0
1795	505
0	505
38	1309
0	0
7	60
0	0
2	8571
11	27
125	0
759	0
0	505
0	271
0	0
222	0
0	123
649	0
110	1183
204	506
16	245
4	51
953	0
165	2497
0	0
0	0
257	0
227	0
16	0
0	668
0	608
2	657
0	0
33	12
0	460
0	465
7	307
341	0
22	128
451	2141
0	1
0	0
4	0
927	1509
515	2477
2023	2
0	0
0	0
272	0
0	75
0	103
0	51
0	58
1	88
6	40
8	0
1144	0
516	121
2501	1
0	0
86	4365
0	4365
0	0
24	6952
0	7599
0	4026
171	0
22	1975
0	0
761	0
0	429
0	429
0	332
0	0
0	6659
32	0
10	184
0	184
224677	162
229138	197
1946477	1440
684121	562
15545	63
439173	340
857922	579
40872	13
38240	59
314459	268
230190	138
6636	15
484190	443
86	0
0	0
0	0
0	0
0	0
0	0
0	0
0	0
0	0
0	0
0	0
0	0
0	0
0	0
0	0
0	0
0	0
0	0
0	0
0	0
0	0
0	0
22	0
87	0
0	0
5659	3216
41	0
5	3169
0	0
3	12
746	1
0	0
0	0
0	0
0	0
0	0
0	0
0	41
0	41
0	73
13	93
0	0
0	0
117	0
1	3
0	0
0	5
0	19
0	0
0	0
0	0
0	0
0	42
19	51
4	2
0	2
70	48
0	48
0	0
0	560
4	0
0	0
0	9
0	9
0	9
0	0
0	0
0	0
0	0
1996	1464
0	1458
1	0
7	0
0	0
0	89
69	0
0	0
49	1
0	0
0	0
0	0
0	0
0	0
0	0
3	18
0	18
0	0
0	0
0	0
0	0
10	1
0	0
0	0
89	0
0	0
0	0
0	0
4	0
0	23
0	0
0	0
0	0
1	4
0	0
0	0
0	78
22	0
131	445
0	0
0	0
15	0
6	0
185	26
22	0
0	0
0	0
0	0
0	0
1	0
29	7
3	0
0	0
4	0
0	0
0	0
0	0
0	0
0	11
0	11
5	150
0	108
0	38
0	0
6	0
0	482
7	15
11	0
15	3
1	474
3	0
2	0
10	0
0	0
9	0
0	20
0	0
0	0
0	28
23	0
0	0
0	0
0	0
0	0
0	0
0	1
0	0
0	0
0	0
0	0
2	0
0	0
0	0
3	0
0	0
0	1
0	0
126259	60
1	713
0	0
0	0
0	0
0	0
0	0
10	1
0	0
1	0
76	51
17	609
0	0
0	0
0	1
0	0
0	0
0	0
1	1
0	0
0	0
12	1179
0	1
0	1
0	0
10	35
0	35
0	0
0	20
0	0
0	0
0	12
825	6
4	172
0	0
4	0
0	0
37	340
0	0
11	0
0	0
0	0
0	0
0	0
169	2001
0	0
0	0
0	0
0	0
0	0
0	362
0	0
19	569
5	262
6	0
399	0
0	0
0	0
0	43
0	0
10	18
0	0
0	0
2	39
0	0
20	48
0	0
0	4
0	0
0	0
0	0
0	0
0	105
5	164
0	0
0	0
0	315
2	72
0	82
0	29
0	56
0	0
0	11
0	0
0	17
0	0
0	17
0	17
0	0
0	0
0	77
0	0
0	0
0	0
0	67
87	860
0	0
33	1265
58	14
224	398
8	514
0	0
0	0
12	434
1	496
35	1518
0	0
2	137
0	0
0	0
0	0
0	0
0	0
0	0
0	0
0	0
10	177
9	86
8	83
0	24
52	0
4	57
0	171
6	3
0	0
5	137
3	5
0	138
0	0
2	5
0	0
148	0
3	880
6	473
4	1074
0	0
0	0
0	0
0	0
5	2
0	0
0	0
0	0
39	125
83	0
12	9
0	0
0	0
29	0
0	0
0	0
0	0
0	0
0	0
0	0
0	0
0	0
0	0
10	1
0	79
0	0
32	1088
50	45
9	102
15	0
0	0
5	165
0	0
538	1131
0	151
8	353
2	458
