UniqueCount	AmbigCount
0	0
0	0
0	0
0	0
0	0
0	0
0	0
0	0
0	0
0	0
0	0
0	0
0	0
0	0
0	0
0	0
15	0
5	0
0	0
0	0
0	0
0	0
0	0
0	0
0	0
0	0
0	0
0	0
0	0
0	0
0	0
0	0
0	0
0	0
0	0
0	0
0	0
0	0
0	0
0	0
0	0
0	0
19	0
4	0
0	0
0	0
0	0
0	0
0	0
0	0
0	0
0	0
0	0
0	0
0	0
0	0
0	0
0	0
0	0
0	0
0	0
0	0
0	0
0	0
0	0
0	0
0	0
0	0
0	0
0	0
0	0
6	0
2100	2346
0	2337
0	2335
4960	4011
0	4007
81	168
1767	0
1610	0
1104	800
0	37
11	1
0	789
0	0
1843	0
2	0
0	0
575	32995
136	33447
0	0
1	0
0	0
0	0
0	0
0	0
0	0
0	0
0	0
0	0
0	0
0	0
0	0
0	0
0	0
0	0
0	0
0	0
0	0
0	0
0	0
0	0
0	0
0	0
0	0
0	0
0	0
0	0
0	0
0	0
0	80
0	0
0	0
0	0
0	0
0	0
0	0
0	0
0	0
0	0
0	0
0	0
0	0
0	0
0	0
0	0
0	0
0	0
0	0
0	0
0	0
0	0
0	50
0	0
0	0
0	0
0	0
0	0
0	0
0	0
0	67
0	0
0	0
0	0
0	0
0	0
0	0
0	0
0	0
0	0
0	0
0	0
0	0
0	67
0	0
0	0
0	0
0	43
0	0
0	0
0	0
0	0
0	0
0	615
162	615
89	0
16	0
8	0
4	2
0	2
211	2
1937	1
0	24
10	24
48	47
0	47
23	506
2	1486
254	1486
489	32
0	32
21	437
403	437
34	1905
4	184
0	1856
305	10825
0	8189
78	10243
4556	1124
0	622
0	598
105	909
83	909
0	213
42	3034
22	480
0	371
24	2873
5416	0
102	0
0	0
57	0
0	1262
984	1262
477	0
1884	0
0	0
176	0
0	0
1570	1059
83	0
0	21
188	48
0	27
55	147
0	54
0	93
2069	1
139	145
0	145
2	0
0	1
0	70
379	70
4213	2602
0	1917
0	1212
69	78
115	2490
0	2322
0	246
0	99
0	243
0	1916
0	1809
5	1694
0	1809
9	3
731	1125
1214	2
0	5126
409	6191
6	2394
685	6181
6254	2
0	0
889	239
0	790
0	114
0	885
205	1856
7	1709
80	572
554	572
126	6
495	6
1963	7
0	7
4	7
1960	57
0	50
29167	42716
0	264
0	42519
3	34061
0	42590
0	35522
3	848
16	848
21	818
0	35
0	0
0	4
0	4
0	4
0	9762
0	4803
443	11115
26	103
0	103
0	0
0	0
0	4
50	4
378	0
6	444
0	271
1	85
39	1949
14	1871
18	65
0	1934
0	1286
167	1288
0	7736
207	8199
0	8199
0	0
2820	3074
0	2414
0	658
166	0
418	756
0	239
0	12
0	36
0	7
0	7
80	13343
0	13343
31	343
722	343
2266	1347
0	1347
0	0
50	4316
0	122
0	4321
5	4390
0	0
1	0
11	0
137	0
8	22
0	24
8	1699
0	116
0	379
0	479
104	1598
557	6265
0	480
1606	5936
5	3100
198	0
3	1437
0	946
0	1488
0	1154
0	0
0	0
0	0
0	95
16	2145
0	1514
0	2184
0	41
0	21
0	52
0	757
0	415
1117	3702
275	817
469	817
0	0
259	0
0	0
675	2242
0	2240
0	55
0	55
0	0
0	54
9717	5
438	0
36	839
593	839
0	0
0	0
0	0
2130	6007
257	6007
3105	634
68	288
23	922
534	0
2603	12
1	12
26	1069
257	1069
1008	6
4	19
284	51025
5354	51033
148	332
43	905
110	600
0	66
0	58
113	102
0	27
6	27
0	0
0	0
0	119
1660	527
0	408
11	364
0	7
0	0
355	0
0	0
22	3497
0	3276
98	64
2	16
0	48
0	348
0	348
0	671
280	3379
12	33
0	2968
10	0
198	290
296	290
31	0
360	3
22	0
0	22
0	4
0	9
0	0
0	0
16	22
1	19
195	21
0	4
0	17
0	0
2117	0
1152	0
499	683
4	683
173	1509
65	453
14	1508
0	1523
1157	481
0	481
316	0
0	173
0	744
0	249
0	808
0	4640
2	3724
0	3214
21	3057
1	1299
1753	9379
0	3106
0	9222
18	82
0	20
173	1203
0	1203
0	1070
81	666
11	663
0	5282
164	99
0	0
0	0
1343	2
991	0
0	159
2256	699
36	0
23	3160
275	3160
0	0
0	0
0	59
96	59
247	0
657	1174
0	496
17	0
9	0
0	0
0	0
66	0
2	19
57	328
1143	101
4	99
15242	7949
0	7930
539	973
0	69
0	76
597	507
5	435
151	363
0	363
6509	4
9	0
0	136
489	303
14128	20
8	6
141	0
0	2
0	2
0	120
0	14
0	2
5	644
3	650
11	644
0	0
0	18
0	0
0	18
0	1335
1361	1849
0	1846
4318	384
13	174
663	541
81	195
0	101
0	1
0	20
0	101
0	101
0	164
0	5
24	159
12	74
0	167
15	0
37	53
0	1131
0	617
0	176
19	1829
91	1756
1	1804
0	1791
0	768
0	1835
0	1793
0	173
0	56
21	45
0	12
0	25
0	173
34301	25
703	385
0	261
0	206
155	0
3441	1700
242	20
125	20
0	1
199	1
0	14817
491	11401
2576	25475
170	24482
0	3291
0	12
96	100
0	0
0	4382
0	4436
0	4287
0	0
0	0
1071	917
43	917
121	0
292	319
0	205
0	134
0	0
0	0
0	0
0	0
574	187
0	116
0	172
0	0
0	0
0	0
59	6
1335	197
0	5
0	5
14	395
0	77
1	395
9	801
0	748
0	16
6	16
4	28
13	208
0	983
21	185
24	18
241	4023
0	30
0	3826
22	0
9301	6
79	348
0	36
0	211
0	129
0	224
0	27
28	25
0	14
0	52
5	0
0	0
591	644
0	644
117	93
7	88
0	93
1493	6
595	121
0	1123
0	1123
94	27
0	27
3570	4
0	662
1096	662
18	0
2621	5
0	0
0	0
2033	0
0	0
0	968
981	1471
0	562
56	202
0	40
36	163
0	138
84	1679
0	1915
156	1915
788	0
22	174
98	174
0	1700
0	228
0	1700
205	1723
0	0
43	0
234	0
38	685
0	685
0	913
0	30
923	913
0	1
215	314
141	538
0	0
22267	5102
0	152
0	4938
138	35
0	35
122	0
7	128
0	15
0	0
0	0
203	278
0	0
0	0
0	0
0	0
172	0
16	1257
0	1257
1345	115
0	115
0	0
4691	1
7	67
1029	0
173	165
1341	165
0	0
9	4
1128	5
2506	23
5943	2757
6	0
0	0
0	0
0	0
2703	328
2	328
0	511
0	467
17	511
995	0
49	19
0	19
60	558
2	400
0	490
0	0
0	89
223	575
0	0
0	0
0	0
2	148
0	96
900	11914
2	11914
1456	2
82	0
0	0
89	21
49	21
0	978
1	3294
0	2
952	8421
0	250
1	4
0	4
44	4
1	0
1151	3
0	174
207	288
0	27
2	97
4382	991
12	1055
2989	1
2525	7
0	0
0	0
74	0
0	0
88	6
0	6
0	6
0	4
370	424
6	398
0	127
124	205
121	205
0	34
0	54
0	131
0	130
0	0
0	0
0	67
0	193
0	168
6	193
0	8
54	385
37	385
444	0
4	0
0	0
365	0
543	159
0	159
37	0
2632	1241
29	46
5	1241
0	6599
4	6605
4	0
0	400
70	400
1739	1
4	424
0	424
4	69
745	820
5	758
0	719
63	332
0	0
0	163
0	23
19	292
0	70
316	253
1726	129
0	129
0	0
0	475
30	475
0	327
31	221
0	221
0	254
568	881
548	58
0	58
391	327
2	309
11	0
0	0
14	0
0	0
0	0
0	0
0	7301
0	986
0	1137
127	471
0	405
0	399
47	7012
0	5369
0	170
2895	172
546	1438
0	127
34	127
0	0
0	0
2	1162
18	650
0	189
0	2
0	375
1942	1799
0	1796
1551	4
745	2
23	45
4	44
0	152
0	7
308	152
0	143
0	887
26	1030
3184	2798
0	2786
0	2708
0	0
0	0
0	0
0	0
0	0
1572	105
0	91
109	14
240	2
0	2
0	2
4	2
0	343
2894	344
1	0
0	211
2	219
0	0
3730	353
0	350
0	345
0	347
8	231
0	231
2496	712
2	0
0	0
1738	0
4	807
49	586
17	166
2718	816
840	0
20	196
10	568
12	178
0	95
713	728
1	0
0	0
650	155
0	155
19	0
0	0
0	0
101	84
2724	0
0	0
0	0
100	460
87	469
44	356
34	0
981	27
0	27
835	1031
0	1031
0	0
0	0
78	3408
0	3408
6	3423
0	3426
0	0
32	250
67	250
5001	1309
22	0
6080	5
229	0
80	0
60	30
0	30
2	57
0	57
0	57
376	0
0	0
94607	26623
8	626
0	359
108	626
3	1096
0	149
14	384
0	1085
0	145
0	0
0	5
24	10
0	5
0	0
21	14
17	1366
40	1366
1	1370
95	0
0	0
0	0
0	0
0	9
85	9
44	2
4	0
0	0
0	0
0	0
0	0
285	0
345	169
0	10
76	169
31	319
1059	1309
27	1178
2375	65
0	65
0	64
0	64
11	50
0	9
0	50
0	46
1595	2
1107	1256
0	352
0	0
0	0
335	1399
93	1399
0	0
0	0
0	0
440	188
42	976
7	352
0	342
1331	1204
0	803
511	447
0	318
0	781
0	735
451	96
0	95
424	549
0	549
75	2193
13	2249
6	2094
83	1349
19	1349
6	0
0	0
592	826
1734	826
0	1587
0	4718
0	1400
6728	6317
4274	7
45	0
13714	3
1792	0
0	0
0	35
0	32
11	37
460	0
64	0
899	506
0	506
3954	432
2322	342
0	35
50	35
5	186
7	221
59	225
0	83
1811	304
0	496
5394	2303
233	2286
668	0
117	1663
9	791
0	955
367	4102
7	3524
1	4352
63	74
126	74
192	0
0	26
9	26
0	719
3	719
13	4
439	814
10	814
102	709
0	709
8	2443
514	2443
4	24
0	11
0	77
0	46
0	26
0	57
0	76
0	10
241	0
3	0
0	54
0	123
8	2
19	23
0	114
142	122
66	2460
59	2431
519	1819
0	59
19	1817
0	85
14	85
1	0
0	1053
2584	1053
41	701
0	143
0	701
0	672
0	447
2654	0
917	4751
0	422
0	39
0	22
0	18
0	0
233	338
0	338
193	96
2	96
225	0
7	12
0	1
46	140
0	33
0	58
0	110
178	186
0	79
139	529
0	529
0	0
0	0
0	0
81	0
165	327
0	31
0	88
403	88
93	369
706	0
34	261
67	393
0	0
41	540
68	647
0	645
30	0
0	0
0	715
2	2481
0	3103
12	2829
82	2763
0	2882
1779	3055
0	3041
223	785
11	785
607	0
0	95
0	19
0	19
37	268
4629	3614
0	3418
33	3416
0	0
0	0
0	0
0	0
551	3846
59	3846
0	56
10	56
26	0
30	985
9	985
0	2
23	119
0	80
0	119
125	2455
5	2455
53	19
6	19
37	190
0	190
0	0
0	0
94	0
0	479
0	479
688	1
454	771
758	0
405	72
0	72
107	7
0	7
45	66
0	66
32	392
9	392
0	24
5	30
0	8
40	85
1089	956
117	871
0	183
2542	185
0	4
500	282
0	0
0	131
0	179
31	369
0	34
5	255
0	115
0	76
0	95
160	533
3351	1
0	0
0	0
0	0
0	0
0	0
0	0
0	18
0	349
0	55
66	994
0	965
1892	19461
177	19461
845	197
0	17
0	197
105	555
0	554
343	18
0	18
1152	3
3	0
0	0
2	4
1	0
0	0
175	21561
0	18585
0	10536
0	19146
130	2871
0	1010
8	954
0	1868
820	0
0	0
1614	12523
0	10346
7	658
0	453
801	822
0	318
105	18
0	18
2145	534
0	531
90	0
0	323
279	323
43	102
0	101
0	4
0	79
0	104
820	183
22	39
0	66
4	1
0	1
3	13
0	8
0	13
0	0
11	50
0	9
0	168
457	2
0	17
8	19
0	164
0	118
0	23
0	23
6	6
0	137
10	131
0	170
0	170
0	94
0	0
5	0
0	0
0	0
258	0
6	0
0	14
0	23
8	0
1399	0
0	234
0	374
71	1287
38	1287
102	84
0	84
0	0
0	0
0	0
0	2
0	2
945	3
0	0
93	45
2	45
0	0
0	239
29	375
25	0
10	1
0	1
120	175
0	7
0	175
0	0
133	735
0	735
0	1773
0	1773
399	857
0	593
6	520
0	145
0	0
0	0
18	12
0	12
106	1039
0	0
0	0
44	110
0	97
3	104
0	137
693	2327
787	586
0	76
29	586
5	105
2	92
3532	7
28	486
0	488
288	488
0	0
8	0
0	0
818	951
182	287
109	129
1	10
3	129
22	0
0	4
0	3
158	260
0	259
25	5
0	0
687	825
0	587
12	0
115	27
8	124
70	990
214	990
170	1499
0	75
1800	0
32	0
0	0
37	303
0	303
0	66
17	413
1649	1939
0	0
121	0
0	180
305	180
0	3
47	0
16	3
140	1544
0	362
0	304
13548	4010
2763	4002
321	0
3	14
33	0
0	0
1346	209
0	209
0	1358
11651	1361
132	73
0	73
0	1954
134	1956
8	1955
687	1956
221	757
4	672
0	249
257	761
0	0
1279	270
0	270
0	149
22	24
38	24
0	0
81	9
105	15086
260	11726
53	15897
121	0
243	0
1345	0
0	0
1	275
633	275
290	118
27	459
0	89
42	662
30	1019
0	0
0	0
795	1130
0	1130
87	55
20	66
0	23
0	98
2603	171
1	120
23	261
4207	1675
96	79
10	93
26	131
437	222
0	90
2934	199
20	196
69	6
0	6
0	1544
0	0
0	2
0	2
0	0
0	0
132	1520
0	0
728	2342
0	2341
3	0
0	0
10	0
34	0
18	464
0	464
16	0
0	0
0	0
0	656
4	276
0	102
34	91
973	1271
2	1272
12	77
30	77
12558	2463
139	12
19	58
0	388
0	88
36	481
0	483
5	485
12	307
0	161
7159	1401
75	823
0	0
0	0
23909	11
11050	3784
11	3775
556	1400
507	0
558	0
267	2099
0	2099
0	0
86	90
2478	1222
284	69
0	46
0	23
0	89
3	89
0	2971
113	10095
0	9552
0	9
30	12
0	12
0	10
0	10
0	48
0	46
0	68
0	29
0	2
0	7
0	0
0	0
0	40
0	22
7	0
323	100
0	0
0	0
123	5868
1986	23088
17	23088
714	190
0	190
85	17
309	7369
1877	7374
0	4406
0	0
299	4078
23	807
1391	4663
154	1624
0	968
0	1615
5	35
53	735
0	14
0	172
757	713
735	145
6	880
0	946
0	2866
5	155
15655	5042
886	56
20	56
169	0
17	0
0	0
1946	532
0	31
220	1537
17	1537
0	0
0	0
0	0
0	0
0	0
0	28
0	26
80	29
0	55
231	4273
0	2766
19	4387
0	4363
0	5
5	5
0	0
4490	0
0	322
12	322
0	812
0	898
0	157
0	761
0	847
347	406
0	406
0	3443
1357	3461
0	1516
183	15
3	15
0	568
0	4126
22	5108
116	5110
0	312
0	7
0	220
1625	1065
7	0
84	209
0	211
23	220
97	149
44	329
0	59
11	353
0	367
3	37
0	9
0	600
0	607
2051	10832
14	10830
0	5846
0	5960
65	6037
0	5810
0	0
0	0
1898	0
1249	603
0	603
69829	2017
6	1980
0	2569
2	3558
1649	4171
31	0
2129	414
0	414
9	0
254	945
365	946
2232	0
8	336
0	74
0	33
0	19
0	106
0	142
578	142
5	431
401	431
2709	1586
0	377
4	275
83	604
0	119
0	114
0	562
11	231
0	18
0	201
0	282
15	255
213	0
1210	93
0	13
0	20
744	385
1	68
1416	68
0	1
0	1
0	0
0	0
0	92
887	98
0	138
28	255
314	2544
37	2494
61048	44
29	17
0	0
0	17
0	0
3004	8
165	2674
3	2665
0	2148
0	2515
8	1290
0	1286
114	1392
0	0
0	0
0	84
0	84
0	84
0	0
682	5149
0	4672
0	4665
0	62
0	126
0	70
0	102
0	91
0	127
18124	5260
0	5255
5	139
0	45
0	399
3562	701
57	160
3	296
60	50
0	13
0	356
3	99
0	0
92	1020
10	243
152	984
1003	302
8	174
0	162
6093	588
49	571
5	1902
0	659
0	1754
219	99
12	99
0	21
0	21
4291	0
0	248
0	338
0	151
482	8006
0	675
0	1500
0	732
0	8400
0	0
0	0
33	34
0	0
0	631
4	575
18	486
0	29
0	486
0	0
40	0
190	422
0	1242
1346	1242
709	0
63	0
371	674
0	329
0	674
2236	0
176	126
2	94
0	32
119	0
3	0
0	88
141	0
165	586
175	674
652	18
13	0
13	16
14	31
0	31
94	141
4810	5
2	11
0	0
0	0
0	0
1580	82
0	2
51	80
1134	0
0	0
0	1
0	0
40	55
465	0
1	1663
4	4929
1253	4929
2	2544
28	1267
0	1722
2116	510
0	493
746	0
19	593
1034	593
94	6
3	429
0	174
0	174
0	205
0	117
0	708
0	86
4	727
0	155
0	169
0	179
3140	2
5	146
0	128
36	146
1454	429
0	414
0	375
1433	724
151	0
903	229
0	226
195	175
0	90
30	44
0	40
0	35
0	35
0	2
705	1298
0	30
0	6
0	6
0	6
6	0
0	950
1365	951
0	1242
5187	5410
54	6288
0	6283
6	6283
13	6461
0	6290
0	6283
2258	7
292	2
0	0
13	1
0	0
0	0
0	0
867	2516
0	2516
418	0
0	0
0	0
204	0
19	10
0	10
672	559
10	247
0	514
0	561
0	514
7	692
0	709
9	709
0	17
0	51
22	238
0	62
0	241
0	241
0	240
87	12
0	12
0	4
0	4
0	4
19	36
12	263
1652	263
0	173
360	704
0	698
2255	0
0	0
15	1195
0	1176
0	1217
0	17
0	428
39	412
0	352
0	129
0	110
0	322
407	2
0	10
14	10
0	10
94	25
0	25
3	155
0	115
46	779
0	134
0	708
252	1548
0	1548
152	552
3	575
28	612
3	597
0	580
0	382
0	578
13	107
9	107
1392	337
220	0
2	16
0	9
8	89
0	89
18	10
0	10
60	20
0	923
5309	925
7	0
6116	2
92	0
10	0
0	0
0	0
0	0
10	0
0	0
0	0
0	3
4352	11
0	11
0	2
87	1408
0	1408
0	19
7	230
0	82
0	230
3	224
0	290
0	266
0	0
237	5123
0	5123
288	4155
0	1471
0	1408
11	3603
0	61
62	179
0	0
0	0
0	0
0	1
420	0
0	58959
0	46127
11	61074
0	55155
9	16774
33750	123324
0	51960
12	76252
0	0
1659	1
3642	4160
0	4152
387	208
5	208
3	0
0	325
31	278
16	832
0	184
15	879
457	0
0	316
227	396
8	104
494	893
0	0
562	0
4953	133
0	132
42	119
1	80
0	100
942	258
4637	4
205	209
6	116
110	13
0	179
763	1017
75	7
38	1
349	1013
3432	645
0	304
0	337
2492	6156
7	573
0	494
20	1307
0	37
0	37
0	0
1807	0
0	0
8983	16
0	0
0	0
727	18
0	18
704	342274
33057	310395
869	298868
195	209573
13304	274033
64	208491
10331	1126865
312	305862
188	349394
402	404340
110106	1049150
15	14
0	14
0	15
0	1
0	2
0	1
83	3567
0	883
116	3567
15	172
7	172
2423	745
0	745
0	60
853	0
3111	1
3094	0
491	543
0	255
0	100
0	1146
114	1146
0	0
0	0
44	100
0	0
0	100
0	73
205	153
0	92
4064	3
233	254
0	254
5944	6
119	1520
0	32
19	1520
0	0
0	0
511	1197
48	1197
29	0
660	64
2397	0
15	1
13	12
0	12
0	31
0	517
10	627
397	2622
30	2640
23	177
233	177
568	2572
0	850
0	2519
0	197
18	163
1878	2351
0	2349
0	942
3173	0
1	0
181	0
0	3927
185	4552
173	1184
456	2223
0	2607
423	2607
0	151
0	58
0	140
2089	1131
0	1129
388	540
7	0
104	161
0	28
24	0
0	358
3	105
0	356
38	331
7	398
8	0
140	126
0	126
167	3364
149	3093
0	46
0	1786
0	1741
360	1044
0	1044
2	0
0	1032
75	1032
8	0
367	76
0	76
248	26
0	11881
152	7861
4663	35727
0	35727
349	1348
0	1246
5	1668
0	1247
0	776
0	51
0	251
44	241
0	257
4	0
0	21
0	21
7722	0
0	0
0	551
2	551
0	59
0	55
543	60
338	0
3	24
26	39
0	39
1038	1290
0	189
32	1226
0	117
0	188
0	172
0	0
4689	1127
0	1125
0	0
4630	3
1	0
0	0
0	3
0	3
203	0
0	327
268	327
1013	0
0	0
0	0
2191	1404
27	1400
0	0
0	0
0	0
21	0
95	0
0	0
0	442
0	0
6	5829
0	3557
22363	6026
9025	372
62	366
330	0
0	2807
0	1740
726	2654
208	128
26	59
334	59
0	622
741	750
24	5
384	754
2002	755
178	306
0	1
2865	824
0	3168
0	3075
966	301
74	1680
1207	3162
0	2619
0	2663
0	63
404	148
281	211
21	277
0	281
0	223
0	267
4308	2
0	0
261	0
0	0
0	0
0	0
0	0
10	6
0	84
2860	88
5	84
0	2
0	84
0	5
5	0
0	5
0	5
0	32
960	32
0	0
1644	3305
0	3210
577	1075
1284	1819
294	1819
17	19
0	87
10	87
2862	1991
0	1988
730	0
1469	0
0	0
97	0
88	0
2126	154
0	154
229	2944
0	1549
0	1411
0	167
51	1018
0	665
0	689
47	689
0	77
0	144
0	116
5	85
30	0
28	506
0	359
1772	1
96	28
0	28
1617	3
3	555
0	555
0	75
8	58
20	194
0	167
0	359
1146	543
0	550
0	0
0	233
2159	233
4841	7
1096	1639
7	1739
0	1079
0	1369
15288	9206
36	9195
5175	192
0	192
63	13
0	13
0	21
38	64
10	9
0	45
0	47
0	34
0	940
1	917
0	72
457	561
0	14
0	547
651	0
18057	21
2220	2760
0	227
0	2760
44	2957
11	2639
84	2576
7	294
6	7
108	0
0	5380
2	1264
0	3453
56	82285
0	7681
1189	84438
4904	79183
98	356
3	93
91	0
2774	5
2947	3583
13	1
0	1
17	1171
0	883
2659	0
23869	16
55	60
0	22
145	60
0	506
21	1
1578	2367
231	2367
115	0
626	0
42	66
0	34
0	0
0	0
0	16
0	16
0	16
0	16
42	0
91	71
103	2092
54	952
14	1860
0	108
175	255
153	354
2386	9
0	249
5622	249
108	0
27	142
0	137
0	936
0	268
4	14
0	14
870	1
7	53
0	81
0	74
0	81
5	74
0	36
0	36
1647	1
44	1146
93	1146
4883	1036
0	9
2	9
788	96
1182	1604
0	1238
0	1542
0	1542
0	1542
0	6
3117	9
69	53
0	53
140	169
879	351
2	349
39	33
0	0
0	10
189	0
33	0
3207	3
83	681
2541	681
0	0
1694	0
0	78
6	90
4	82
0	84
0	28
246	28
0	1
0	9
0	9
715	1353
0	11
0	1352
0	1352
0	1352
621	0
1275	139
1	139
8	3
0	3
0	3
318	262
76	262
518	0
79	0
0	30
9	30
44	809
0	809
0	0
0	0
12	266
121	457
0	457
0	0
0	0
0	0
0	167
3	41
0	69
58	338
0	171
53	1870
9101	13285
0	0
0	0
43	52
0	10
24	52
0	7
0	0
0	0
0	0
11	0
172	640
243	640
0	0
494	1107
0	5
2932	23
0	19
0	12
0	345
0	345
307	1895
1	1895
2574	0
0	44
0	72
0	21
288	123
10908	10
1453	20
0	20
11812	5684
0	5678
91	784
23	784
981	12
0	1
169	2264
0	1127
0	1056
7	485
0	286
0	0
0	1314
14	151
67	2172
0	407
63	1542
0	5
0	0
0	5
0	1212
0	2972
0	2972
102	524
215	522
0	1026
26	1026
161	93
301	770
0	468
1390	1401
0	1491
15045	8
4930	1307
16	910
0	233
69	1325
1466	0
0	7760
2	3155
818	8216
0	146
216	146
42	10
10	0
2834	3789
138	156
193	156
0	141
4	1366
5289	1508
0	10
0	10
5	32
0	47
0	288
0	16
0	250
0	338
0	270
0	19
56	19
438	1195
17	1195
278	5
0	1125
125	119
274	1
5	0
0	0
10	0
48	1389
3975	3276
473	3274
0	106
27	495
100	585
18	159
1345	3788
1	3803
1	4
0	4
51	1307
3997	1308
0	0
0	4
4	4
0	8
0	11
0	8
262	450
0	450
1679	2
101	1
0	30
117	167
5	175
0	981
0	920
0	884
6	959
0	941
0	898
77	135
1138	60
0	55
49	744
7	744
0	1
0	0
0	1
0	0
0	0
0	0
0	0
2665	1015
38	1363
0	359
45	1516
0	1304
0	43
70	43
123	26
0	17
12	376
0	203
0	2367
0	1901
4	2545
1983	38
0	37
103	2
34	0
902	330
10	234
0	159
48	97
20	259
0	258
0	258
0	258
0	107
313	107
2067	1
0	0
5114	593
0	355
0	236
3099	2560
157	2556
0	4
0	12
0	12
0	12
43266	31
323	879
83	0
0	93
0	15
0	102
0	104
100	7
3	1
36	831
0	831
103	0
10	0
11077	4643
158	422
169	126
3	15
0	117
8	541
200	3648
22	3378
658	42
3	42
0	0
0	0
12	40
0	25
0	19
0	48
0	40
554	0
4	117
192	113
5	99
808	99
327	195
0	9
12	15
5	10
0	27
0	22
0	200
0	25
18	8
662	2853
60	2794
9815	13
1560	9
0	60
0	38
0	122
667	390
0	390
0	296
1006	0
0	1
59	491
0	151
0	491
9	0
2851	3
0	2
0	0
0	0
182	585
78	0
405	3
0	3
0	244
229	244
118	600
0	238
41	6
103	0
91	1284
15547	12
109	673
67	42
6430	674
121	429
79	429
0	140
0	19
0	140
0	84
344	0
1314	0
3	82
75	82
2977	6
124	617
586	617
240	3
0	3
119	0
3	16
0	45
7	45
374	433
0	9
0	433
0	0
1116	0
88	1372
3	1372
1106	482
0	482
6	333
0	108
141	345
199	92
0	28
31	234
371	398
0	106
0	36
0	7
0	344
130	0
609	0
2889	16250
20	14904
10	9043
8	1023
5	320
4803	2
346	511
0	86
522	331
24	356
38	128
0	67
10	128
0	3
0	3
628	0
2042	21360
17473	21368
0	70
22142	18025
0	97
1339	97
44	0
551	1
597	921
14	919
45	0
827	1991
352	1991
44	1976
0	966
23	1028
0	186
69	1037
11991	6
0	0
80	28
0	1887
0	421
1	450
0	669
0	158
0	446
124	532
3	1819
8	1682
0	412
171	426
0	0
0	3
7	0
0	5
0	5
0	14
0	10
52	69
0	6
0	23
0	19
0	19
0	0
0	10
0	60
0	68
64	2
7011	11070
0	11068
324	147
0	147
0	4
0	0
1	4
2	0
2	0
2305	0
2382	1
0	0
529	3
0	385
0	391
0	391
0	368
0	193
0	195
0	195
0	191
0	191
0	191
0	1034
0	1034
2670	634
5	632
58	47
0	118
0	118
0	2335
0	1582
636	8178
200	8091
0	8098
1140	2659
74	203
48	36
0	2053
0	758
0	2247
0	2349
363	1187
0	1187
674	76
0	76
522	153
0	153
212	92
445	13
0	13
2	0
4	0
0	0
0	0
0	0
12	0
0	0
0	0
3129	2222
346	2222
138	0
1445	2830
8	45
6	141
0	2943
0	2956
1408	2
0	0
0	16
0	0
0	16
86	0
2494	4
2113	1
5441	3198
23	148
396	47
69	34
0	0
188	467
0	467
880	2512
367	2517
14	2758
44	1671
0	2758
588	311
0	1
10	1
0	0
472	677
0	677
0	0
134	0
0	0
0	0
0	1048
9	52
0	167
0	720
0	1015
68	2315
34	2315
50	0
22	0
0	0
116	0
0	24
104	38
10	38
0	6
0	53
0	36
43	65
347	0
214	126
0	326
158	326
6	1
0	0
2663	1
21	86
0	85
0	86
0	85
0	0
0	74
0	58
0	16
1247	1845
141	14
0	1744
0	1840
7	0
116	1431
0	1431
898	0
0	44
0	4
3	402
11	367
0	398
628	528
0	340
0	226
0	323
0	0
7	0
0	0
0	173
46	96
23	181
77	701
344	707
9	243
2	6
339	243
0	80
31	210
43	204
0	202
1936	6
0	13438
753	17685
6	6484
2	13438
3140	0
25	99
0	99
870	0
11	0
0	3541
0	1376
0	2203
21760	3559
14	42
0	26
0	3
0	35
0	37
143	845
0	55
0	814
0	10
1787	1453
0	1453
1	290
0	268
1740	545
5	580
1099	867
258	863
0	152
20	152
0	45
0	19
2	3
1121	2594
0	63
0	2624
0	92
0	2608
0	401
395	0
5	1052
0	1012
0	1052
0	0
0	3
28	1005
0	570
994	1575
0	5
2599	1182
106	494
0	1316
0	0
1494	5
4	13
0	0
1415	5411
0	4693
0	247
11	1050
0	983
0	0
0	3
0	10
5	10
409	430
14	430
126	165
3954	8
3849	2019
6	103
0	419
0	0
0	2215
0	2224
6772	6349
0	6349
0	0
0	0
0	12
0	0
0	0
6	12
0	0
607	2592
624	2592
33	50
29	401
0	456
0	362
0	417
9	447
41	168
0	65
0	53
105	0
16	5
0	215
5	153
0	0
18	0
57	19
30	276
8147	14001
0	13997
0	0
1785	0
243	199
69	199
38	144
0	144
2244	4
16	37
0	37
683	14882
0	14386
237	10733
860	2928
0	0
0	274
138	1626
0	539
0	1626
17	10
1695	3624
0	3825
0	3444
0	3826
0	3527
0	70
0	70
0	638
990	1398
0	797
0	0
0	0
0	0
0	157
0	201
0	201
0	147
921	763
19	482
0	0
0	0
176	104
33	104
122	0
0	169
0	578
144	2851
0	2851
40	314
111606	50
0	0
18134	10
12	236
0	42
264	42
1	1
0	0
0	498
2315	495
143	192
0	66
1118	462
0	270
6	60
0	60
294	0
3	68
19	224
0	217
0	130
0	130
923	1309
16	526
179	564
0	1023
0	1013
388	4647
21	4129
71	518
154	3890
0	44
0	115
0	3890
0	0
206	34
0	34
898	0
0	181
0	67
926	1730
0	1730
2390	0
0	4
0	4
0	30
0	0
57	459
0	266
0	268
0	268
0	266
78	135
2745	0
2	82
28	40
0	130
0	128
150	0
0	501
364	501
12	10803
5305	10815
0	0
0	0
778	0
20334	6817
0	647
18	4775
10	1389
0	0
3021	5
33	3
151	0
1769	0
0	219
0	205
0	207
0	4
3	2
6	0
0	0
0	6
131	6
0	1837
332	2952
2264	2398
0	0
5	58
176	58
67	57
0	57
1474	163
0	156
0	0
0	0
0	56
18	18
37	492
0	19
0	492
4	27
328	0
321	676
38	676
0	0
0	0
2883	2
0	172
0	901
789	2831
7161	5877
4	6288
0	6515
0	0
949	1
167	623
0	3
0	3
0	502
663	502
130	0
0	13
0	13
1958	605
0	603
0	324
0	0
2443	2087
11	2085
20	0
637	353
0	215
0	355
0	1
0	2
30	336
0	335
0	0
296	55
0	54
0	0
0	0
0	0
0	0
6	0
0	320
0	4
6	8
0	3
0	123
0	157
10	357
1622	2164
0	1609
2	52
32	322
23	76
17	94
0	62
4	908
23	880
8	1
0	1
0	252
29	252
394	1325
0	1325
0	0
0	10
3	6
0	0
5	0
0	10
3043	3
0	166
0	456
10	162
0	50
0	146
530	85
0	0
0	174
1759	174
10	0
0	3
0	3
194	1326
0	1447
1	1422
1870	0
30	310
130	0
1879	7
0	56
5344	1850
0	100
0	148
39	114
0	141
0	147
3299	3
1130	0
26	0
0	0
9	0
0	0
1522	179
207	130
0	51
21	517
0	371
0	413
264	228
355	387
0	387
0	0
0	817
0	817
2053	1
0	351
1328	355
2125	334
0	328
2673	4
329	0
0	0
0	1739
0	4
383	3060
14	3060
0	14
2	14
333	933
0	86
9	259
0	618
0	116
0	10
0	0
71	4531
0	523
13	4531
0	3
166	1079
0	1079
4	1
0	38
0	15
0	61
6	109
0	108
54	112
54	0
347	0
9050	7
6	3
20	0
422	0
57	259
1184	259
2414	0
0	293
55	593
75	632
0	33830
309	3246
277	34941
57	36341
100	33752
0	230
0	112
1	206
0	192
0	301
0	45
122	45
0	0
0	0
13772	13007
0	13007
0	1767
0	0
0	0
0	0
0	0
0	0
780	3403
1	315
0	11
25	1717
0	3402
1697	1710
0	329
0	170
6	338
0	353
995	0
408	0
5	0
517	982
305	571
67	86
0	485
74	0
1	46
1886	46
57	0
5513	4
1021	688
0	688
493	0
0	30
0	0
0	30
3013	6
3	15
0	0
141	237
21	520
0	428
1813	948
3	3974
940	3974
5	52
0	8
0	96
0	12
0	2
0	90
0	95
0	65
0	3
0	6
8	0
344	760
0	760
1465	0
220	0
3	596
50	863
0	563
0	114
3	886
242	24305
7348	29517
378	29975
5	22152
231	0
0	48
1	98
284	238
46	76
158	15
0	15
20	0
661	1
2999	322
42	322
20	0
0	1
0	1
0	84
0	84
0	592
0	592
1882	1984
0	661
0	378
0	1984
116	0
3	142
0	5
24	142
3612	2500
0	1889
0	905
0	437
0	0
0	0
21	4467
0	1082
0	1707
0	4186
63	712
0	244
0	665
21	0
58	0
0	79
265	11
0	715
0	724
127	726
0	674
14	324
731	329
2289	2364
0	2364
111	0
0	20
0	20
313	4512
0	74
0	4512
142	0
1599	1449
8	494
20	0
78	2229
43	465
12	2229
0	3
0	9
0	0
0	9
9	15
11	142
1264	136
5901	351
0	342
0	304
0	231
0	122
3	57
58	81
4	0
81	2705
7	2705
149	79
0	0
0	0
516	2267
2248	2267
1033	0
0	0
747	1249
4	1249
0	0
2904	0
11694	2726
0	9
0	2706
56	2648
16	0
9	14
75	2529
4	252
429	6435
0	0
0	1907
54	762
0	700
9	321
0	243
1	225
0	4971
1764	922
9	109
792	121
0	109
1373	1121
0	154
0	1121
0	2
145	2
524	0
10889	7
162	1356
88	1356
0	12
0	0
0	55
0	69
11	105
0	72
45	33
864	0
0	0
0	0
0	0
560	251
8	165
0	219
0	145
2396	24242
26	3175
4	10787
0	9099
3345	15272
62	46
0	1315
0	1648
32	367
161	470
0	435
73	6453
79	220
145	6443
35	68
0	12
0	12
0	211
0	200
1293	6
25	0
239	8
0	8
75	3
1363	2799
0	0
0	122
371	195
0	65
0	0
0	5
0	11
390	2283
0	2336
0	2356
0	1200
18	2
0	0
0	2
0	9232
32	12074
59	12032
0	12032
0	1
0	1
0	459
389	1831
0	530
0	1334
0	72
5	68
0	70
0	25
0	81
0	169
0	162
0	178
0	178
605	0
4	7
0	7
0	0
40	1091
0	1136
0	1242
9	117
0	1319
0	43
0	5359
0	1132
0	539
0	1
0	6576
0	6549
0	6513
0	6783
0	6218
28	0
0	0
0	0
0	283
0	479
0	508
0	0
0	0
181	2342
2137	0
78	789
0	478
0	159
112	783
0	1
0	3
0	3
0	4
12	4
0	0
0	0
9	2320
12	0
1514	3972
0	2400
0	423
1714	2475
0	0
448	0
22	0
463	442
0	442
0	0
13	1337
70	1337
0	1375
0	1906
13	2122
0	19
1	1400
0	168
10	6882
321	6882
476	0
130	95
0	162
0	1420
0	357
0	845
160	1249
0	7498
0	3644
0	8674
8	8493
0	3112
0	9308
0	0
0	0
0	0
6	0
100	5394
100	5441
0	5439
29	5450
1436	0
0	22
452	22
307	544
0	529
0	3
56755	89
0	33
14	22
0	22
37	0
0	0
0	0
0	0
0	236
7978	627
0	621
1720	0
6	562
0	547
0	453
0	163
625	1010
0	403
1	0
30	341
1418	698
12	525
59	183
1389	4055
45	4361
0	4361
0	0
100	911
5	911
0	194
43	194
22	95
32	0
61	95
1	8
0	0
5	56
0	56
0	0
0	42
3103	3
4	2
28	0
0	0
0	1962
0	1820
0	464
0	1648
0	1918
0	1744
66	2028
62	2028
4516	365
0	365
1640	0
0	0
0	0
0	133
0	47
0	230
10	181
24	230
2303	1765
0	1765
0	28
1	20
0	307
15	38
3066	2547
185	2631
8694	7793
54	7782
2	0
0	0
11	133
9	296
0	17
0	2
0	17
26	90
268	143
0	124
22	2521
172	2756
898	0
0	0
0	0
4	0
0	495
0	527
0	0
0	0
0	0
285	0
0	4321
347	4327
10	148
35	148
599	0
471	511
163	511
615	5
445	5774
12	5772
0	0
0	1
200	1
0	162
23	162
0	0
12	0
3	0
0	0
0	0
0	0
6	2
0	1177
7314	2667
0	1551
1	411
42	411
83	809
315	809
0	0
7	6
0	6
0	0
0	0
18	0
4	12
3919	6
6	128
33	128
133	2199
0	747
11	2199
1	3
0	0
0	0
0	0
26	875
6	875
794	0
0	60
4	67
0	51
0	67
0	51
191	0
0	5
0	4
0	0
0	0
8	268
0	354
0	359
0	80
0	710
0	1194
251	1194
263	976
0	976
26	0
0	0
0	122
5	122
0	0
0	0
16	0
29	330
0	10
17	330
54	0
0	0
0	0
61	206
628	7224
132	7224
0	1
0	4949
17	4949
10	0
1546	0
7	14
0	42
0	15
0	42
164	1275
284	1275
172	657
0	657
0	0
0	0
0	0
0	0
0	0
40437	21
33738	243
9	218
291	57
0	57
10	57
0	26
3314	26
0	0
0	0
0	0
2347	0
1834	3790
0	2426
451	4283
1841	0
114	0
19	163
155	0
389	3120
0	648
995	648
175	0
0	0
499	1070
52	29
0	29
0	29
0	0
0	36
393	1690
1798	990
5	700
1650	1989
0	1989
0	4
0	4
0	4
3567	1
2133	63
542	4
17	941
259	2225
5	2009
0	1700
0	0
3	26565
2203	26565
8419	11601
0	785
0	283
2	11339
917	10344
1189	10658
3	138
8219	10185
2351	2681
0	10183
2698	1135
0	546
0	589
164	5881
10326	6903
0	6896
1959	6571
0	0
3	0
0	0
0	0
0	0
134	1853
0	681
1190	1706
0	486
51	1997
152	2739
6716	3790
0	0
5	393
201	5613
18	5613
0	51
0	51
4	51
15826	8
0	0
0	0
0	0
2	0
0	78
1709	78
352	0
0	0
0	0
0	0
0	495
184	495
0	0
0	508
7	57
0	58
0	58
982	508
0	44
101	44
0	0
72	0
12351	238
0	233
0	557
3647	558
0	9
360	0
162	23
0	14
0	0
39	0
13	0
1431	8319
0	8319
27	221
599	1982
0	1979
181	59
1	59
0	0
0	25
1	265
0	25
0	265
17	0
6	104
6	147
6	112
0	118
0	8
9	31
0	0
0	0
0	0
0	0
12	0
0	0
0	0
0	859
0	2915
88	571
491	10859
113	10276
0	3449
0	683
292	683
3	0
0	0
0	282
0	441
30	255
0	0
0	0
0	0
770	1504
0	1504
73	1025
0	1105
144	1098
2062	1
6697	6
8	1953
0	325
0	1793
0	2735
9078	5054
9	0
1362	268
0	268
0	0
10	10
0	10
0	325
22	759
0	288
0	325
71	760
0	0
0	2
0	1
0	14
0	2
0	11
0	16
189	311
0	138
1646	297
0	296
0	0
0	0
0	0
168	49
34	0
7120	10250
204	560
24	8
3	792
9	1004
31	30
0	8334
0	8274
355	44
0	44
0	0
0	9
0	9
0	0
101	207
0	21
1635	4
26	70
560	0
3290	0
278	141
0	141
0	0
505	51
120	620
33	793
0	483
33	740
0	760
7	1874
948	2418
0	544
8127	3
0	0
0	2
0	1
0	0
0	0
0	0
0	0
400	0
1557	960
17	957
0	3
0	3
2593	0
274	0
0	0
33	62
103	62
0	0
8	128
16	276
0	85
0	250
0	246
0	0
0	0
156	718
4967	718
0	0
0	0
272	228
5	228
1221	222
0	222
61	24
0	24
332	0
5995	5
215	0
128	25
184	10364
4218	3939
299	1377
10	0
1515	5316
2	0
382	0
0	246
139	506
11	542
10	84
6	72
0	375
5490	247
99	485
0	21
2611	339
0	15
19	316
0	0
0	17
734	118
0	59
0	68
0	68
0	2997
0	10339
0	3226
0	2215
400	918
0	918
1862	1730
1	407
0	171
0	741
44	844
0	20
15	0
0	20
0	906
878	913
0	264
190	2104
0	2079
1476	4349
2	1006
0	858
6	2000
0	9
593	6128
3	600
143	6065
1985	6798
0	25
0	6798
274	1
0	245
9650	6051
0	5900
1	26
21	66
74	3044
0	3044
159	0
0	994
0	432
0	233
8	1060
0	11
0	11
0	0
797	0
25	0
1	23
1	23
4581	0
0	0
0	0
86	327
0	392
1	352
6	415
616	233
0	0
0	0
50	376
2184	747
24	747
0	0
0	0
4020	0
62	0
0	9
0	9
0	23
33	263
32	66
0	263
0	258
54	0
0	0
0	0
1492	1
2317	9
0	0
0	0
0	0
0	2
153	529
84	0
0	0
458	1097
0	828
0	499
0	746
0	1015
27	38
0	38
0	9
0	40
0	40
0	0
631	923
0	923
0	19
898	458
0	37
22	477
0	0
0	0
1915	0
7	597
0	677
0	0
0	251
345	787
0	787
0	22
854	3
12	0
40	347
5	137
0	94
1	0
0	9
0	416
0	91
0	9
0	416
195	27
0	21
0	6
4	9
1832	1047
25	1034
6	32
2892	2
7	0
0	0
54	0
8	0
1929	1229
1	1229
225	643
0	171
0	196
0	197
0	222
0	208
6343	351
19	338
434	120
0	120
81	141
213	141
0	0
1686	233
0	22
0	0
0	920
0	328
0	320
4	13
0	320
0	0
0	0
0	0
601	1054
4701	1
321	7318
434	7318
0	0
364	2513
0	1179
51	1970
4606	11
0	0
0	271
0	34
0	321
14	1072
33	1042
7441	253
214	249
1	0
58	448
0	448
26499	10
0	0
0	1395
1393	1397
0	919
0	769
41	210
0	54
273	15
0	15
0	0
0	0
0	0
0	0
58	36
0	0
0	27
0	2
0	27
0	0
326	0
215	0
32	0
0	310
230	637
1143	1067
0	509
0	0
0	0
1	0
0	0
0	0
0	98
0	79
1729	1267
0	44
0	56
63	402
0	381
495	1
15	0
0	0
0	23
11	1214
0	1066
7298	3007
522	4010
5	0
10	109
0	109
0	0
0	0
0	0
0	0
0	0
0	0
7064	21130
0	21130
28	1258
48	36
15	1253
12	24
0	7
0	7
0	7
0	7
0	7
0	23
0	0
0	29
0	8
0	29
0	38
106	38
0	0
2	0
0	111
310	215
0	145
0	132
19	101
13640	19583
0	698
395	19525
0	75
0	66
2	232
123	226
0	133
216	10090
0	10090
0	681
0	10
0	47
0	43
0	193
0	604
25	670
0	1620
1049	2049
0	4
0	4
0	0
0	0
287	440
3444	21082
0	21082
0	14
0	14
636	235
2	235
1	774
0	255
0	255
0	257
0	250
0	255
0	256
0	258
0	267
2352	2818
138	3500
0	3463
533	1
229	1021
683	10854
0	3571
0	9459
0	0
0	32
3	15
5	82
0	77
1	94
16	94
0	0
60	0
23	0
0	0
1274	0
22	435
0	266
0	25
0	2108
9	1892
2860	2003
640	1284
0	82
0	215
3	1284
2526	758
0	245
0	758
8	27
12	27
17	0
954	716
122	0
3605	5820
0	5814
0	18
96	105
0	105
19	56
0	56
280	0
0	0
0	0
0	0
0	51
0	122
487	5264
0	5264
1276	0
2	8
3479	418
1	418
70	216
56	216
16	214
6990	0
15	26
1021	1133
22	1129
837	184
0	140
0	169
0	571
0	574
0	574
1303	0
28	116
2	116
0	239
1	952
16	783
73	787
12	487
24	2243
18	704
0	2046
0	0
5057	1874
75	1873
0	0
0	0
2555	1
22	0
0	0
92	10
0	10
33	53
0	20
0	9
33	9
1	0
286	1636
0	1636
0	0
0	0
0	10
745	10
49	1485
0	1485
0	138
62	170
4	2
1952	0
1136	472
0	127
424	6765
379	5193
4	225
0	6187
0	0
13	5270
0	1624
0	1667
36	5313
0	0
172	371
0	371
850	457
0	426
0	10234
0	5129
0	6044
20713	21376
238	3941
0	3941
0	4
0	0
244	377
48	377
350	347
432	356
3509	360
66	147
8	17
0	17
0	0
0	488
0	581
0	579
8	167
0	1017
0	582
0	747
0	778
0	701
540	8
432	28572
372	0
0	483
0	61
4199	3059
504	3023
778	77
5	0
45419	57
0	17
0	17
19	232
0	270
0	270
1323	2
1745	0
25017	40
94	241
0	241
0	20
0	20
0	20
0	111
210	111
0	23553
2	21242
479	43616
2	29575
0	37075
14	192
0	30
0	50
0	121
0	57
0	167
2	198
2	0
5172	28565
9531	5
1014	0
32	0
5	88
0	0
0	0
0	76
5	76
0	5
570	5449
0	120
0	47
0	659
0	5434
0	5377
0	4
0	0
0	0
100	460
417	460
953	0
15	1453
0	1297
120	147
0	147
116	0
0	425
41	383
97	576
784	682
3	486
0	438
2152	1027
81	1276
0	1217
1433	4
4	96
34	88
0	94
314	1586
0	887
234	699
46	0
30	0
5	0
0	0
0	4
0	4
0	4
0	0
361	0
651	1522
0	1283
64	2084
6	1994
2803	82
3407	3
22	0
4	25
0	28
0	346
1048	636
0	290
29	0
6058	10518
47	82
0	2
0	82
1128	0
0	0
0	0
0	0
0	0
14	181
0	181
456	2
19	0
231	0
684	176
68	481
47	657
0	15
64	15
171	67
11	61
1999	0
1082	416
0	416
15109	1188
0	99
0	102
0	158
7	1031
119	1143
4	1157
0	890
0	679
0	1555
219	1897
261	0
0	6
185	1216
0	1216
0	0
1084	0
0	76
191	76
0	162
69	244
0	0
0	1239
56	1379
7	128
0	191
0	383
0	278
62	0
2136	0
3269	3581
0	2525
0	3559
5	2817
0	3559
0	422
0	422
0	7
0	1
0	12
24	32
0	10
14	94
304	94
0	2
177	45
0	45
0	5
0	432
7	432
0	0
0	0
0	0
1295	303
0	303
426	6803
0	6803
19	127
0	16
0	222
1553	2795
40	215
81	2749
86	193
0	193
62	296
0	206
10	365
1147	69
0	69
0	1
0	1
0	0
0	0
0	27
26	27
34	7
0	7
0	0
698	0
0	8
0	8
17	0
0	45
3	45
17	0
2373	0
13701	2438
3677	4041
3579	0
0	0
194	413
0	413
1401	99
0	46
0	278
1511	550
0	278
522	1
168	0
66	0
8	2
0	0
9	1774
0	234
11159	2355
187	0
0	321
0	300
0	321
0	94
147	94
908	0
125	97
0	96
5	283
0	183
589	1742
0	149
0	1740
103	0
0	28
35	188
0	47
0	45
0	141
310	5
512	0
2827	3731
307	3723
9836	6864
0	6860
840	0
152	608
83	608
716	824
0	164
180	824
232	20
0	20
2	54
479	60
0	40
448	860
6	32
0	849
0	2
0	2
0	2
0	10
0	36
0	36
0	0
23	453
0	453
1326	0
235	1662
270	1661
0	919
39	919
1689	0
24	84
7	84
264	0
0	0
0	0
0	64
0	107
0	78
0	390
0	50
0	53
3	384
0	406
106	0
0	127
676	758
0	589
0	0
183	0
3979	2
138	836
9	2371
8	663
34	505
6	493
0	278
0	1420
35	508
835	3400
34	1779
0	1849
0	0
0	0
0	0
0	33
9	33
81	0
60	97
0	97
825	1785
0	28
0	15
0	187
22	1777
0	0
0	0
0	84
344	51
0	932
0	3754
72	3829
0	3829
0	31
1011	32
0	0
0	0
14	23
0	4
277	183
6	95
2	197
0	183
1069	324
0	324
0	38
0	33
0	9
0	36
333	0
6474	7
255	348
4521	9
547	0
180	2052
26	2052
0	0
0	0
0	1364
108	1364
5186	2
85	48
426	515
83	27
2916	737
59	2
0	734
0	0
130	705
0	19
0	705
27	0
5091	1
4156	3303
0	1455
0	10
0	11
0	11
277	3
233	0
0	0
0	0
0	179
2376	1047
0	11
0	149
0	94
0	83
150	232
505	4
215	15069
279	1142
0	14486
180	4
269	0
16	410
8	410
8055	2947
66	2943
5	23
0	23
0	22
0	0
20	64
0	59
0	82
0	67
0	67
742	816
0	814
0	765
543	418
0	28
73	25
0	28
0	34
547	34
0	4
0	5055
12408	5058
0	0
0	0
5	26
0	19
392	425
0	0
3	0
0	0
74	822
0	835
0	188
0	798
0	814
0	0
0	222
0	408
1	867
220	867
0	796
1998	9426
0	310
0	0
9	9518
0	9480
7	9244
0	8272
0	2576
0	2236
0	2595
0	0
411	356
7382	3
21	289
152	289
0	14
0	7
0	7
0	21
16	2522
4806	2522
1	0
0	77
343	103
136	7603
651	7313
234	6033
71	0
0	55
0	0
0	55
12	776
1832	776
0	0
1102	2
270	1401
1310	1402
167	180
0	180
0	0
3666	68
0	57
51377	19412
0	19375
1830	35302
71	9195
1	1949
38	34540
564	435
3	121
0	434
719	3961
14	3876
3	834
0	3876
0	701
29	329
0	66
9	6
4518	768
158	229
0	0
6	229
20	37
3543	1
1709	1384
173	1568
0	1203
13	0
2012	1
0	0
0	7
4	1955
6	519
1744	1765
0	0
0	0
0	0
0	0
19	7
4	7
0	0
2440	0
341	552
0	552
15	269
10	55
0	269
0	269
0	0
2	0
1266	0
0	155
28	155
267	497
209	930
1	930
486	3390
90	3390
32	0
0	0
253	717
9891	729
0	0
226	0
244	0
251	0
0	0
480	5
123	0
40	2252
0	2202
0	2166
0	2182
0	2253
2336	2232
0	0
0	1
0	1
4034	7
181	0
0	163
0	38
207	181
0	1
3	1
137	1815
0	1815
0	0
55	0
711	1600
0	1600
130	12
754	1528
0	36
34	1528
632	309
0	309
12	57
27	318
7	318
871	1
494	371
18	2452
116	2447
0	0
0	0
1980	835
16	835
1104	2453
0	306
2	2147
11	2694
7	2694
0	3883
0	287
80	3889
0	0
0	0
0	19
0	50
0	187
0	31
3	147
0	128
44	253
26	253
581	2754
0	2716
0	38
54	0
0	0
1080	0
962	1
58	33
0	2
5	21
3786	8
0	1760
6384	1762
4	0
402	3
5111	838
83	831
47	140
0	97
0	44
0	38
0	34
635	55429
4077	55544
0	55539
0	55
0	31
0	19
0	36
134	113
0	341
0	592
0	404
50	591
313	22
0	22
98	2302
0	5
0	7948
517	8022
0	7277
16	8731
0	0
0	0
0	0
0	6
0	23
0	15
0	6
0	15
0	70
0	73
0	73
0	1210
10	5235
240	5235
62576	45992
633	45939
5	24
108	181
3	167
0	141
15	4
308	312
0	312
0	0
8	9
0	519
0	618
984	618
280	167
2	175
3	0
1942	1492
2174	1338
8	0
8	3
1294	115
387	115
0	0
0	0
7	204
0	407
703	0
27580	15
0	0
0	0
6669	2164
505	26
0	26
219	376
992	762
0	762
161	0
4608	6873
0	6873
0	3
0	3
494	1301
131	0
108	6286
0	6286
0	64
0	64
485	171
368	3767
0	3633
0	171
0	134
10	0
4	30
35	653
6	653
4	0
0	6818
860	6822
1	0
0	0
1254	1167
0	999
0	999
0	1165
0	999
7	0
0	3
0	0
28	0
167	8120
0	8120
912	1
204	354
0	210
0	165
0	8
12	188
0	188
455	0
0	3
0	3
143	113
70	379
0	508
5445	2793
100	106
0	2563
217	2114
4	15
0	15
1035	12384
0	12382
509	0
2040	0
995	1654
0	1707
9	1654
33	1705
0	1653
51	436
0	40
410	605
0	605
23	3108
0	499
0	800
0	221
0	231
20	1429
301	3371
29935	15
0	236
5	0
11	715
0	175
158	8081
34	8081
50	3436
0	3466
0	3559
0	2861
0	5285
0	2927
175	0
0	107
99	311
52	311
1196	1289
4	1289
217	4101
6	3262
12	4224
1961	5567
506	0
269	221
0	254
10	148
363	0
0	0
0	0
38	0
0	0
0	263
0	249
0	263
0	199
51	0
11	0
206	100
0	100
57	0
0	0
4	0
0	0
1	0
837	168
492	1731
7	527
46	527
2822	19
0	0
0	0
0	0
0	0
0	0
0	23
0	42
0	70
33	71
14	0
11639	13
0	3
0	0
0	3
0	3
1935	0
0	0
0	0
0	0
0	0
0	0
0	0
12	1
0	1
19	315
404	316
0	0
0	49
0	0
0	45
267	0
1074	0
874	1006
1553	1444
0	1444
12036	11
0	28
0	25
0	8
0	18
58	719
0	709
0	721
20	3237
60	1519
137	3021
0	942
0	661
0	0
132	148
4228	3974
29	963
0	3334
0	3560
0	3224
8736	9
654	1520
11	343
0	1357
977	269
0	262
0	152
0	593
0	534
0	546
2448	4
0	0
0	304
2	0
0	0
0	67
345	67
323	204
0	204
571	4215
0	4215
0	416
5	416
638	1569
197	1569
731	209
0	209
0	263
0	945
517	3287
0	2348
0	2612
0	13
0	13
1275	888
0	523
24	523
20	60
0	70
0	76
0	76
0	52
0	76
0	81
116	75
0	300
0	287
0	75
0	0
0	0
0	0
221	461
33	569
10	569
25	0
598	3
0	0
4556	1
228	32
88	81
22	79
8	0
1484	508
0	508
0	0
0	0
33	75
10	75
0	0
5	0
1162	1
421	0
0	122
12	161
0	216
26	1575
0	1588
76	1588
2	1681
90	13
0	13
0	7
6907	4785
0	4596
0	4676
0	4676
345	151
0	151
1	0
9	19
0	0
371	0
286	0
2854	1029
1520	11
1028	143
0	143
0	0
12	0
6	236
0	44
0	231
730	2
0	632
0	128
48	659
13	659
0	310
3556	310
165	1107
0	245
0	1018
0	1096
89	682
468	0
3	0
3095	4
1170	5634
8	2650
0	3493
3	959
4	578
0	155
357	1316
0	1223
119	34
0	34
6	4
0	4
0	0
2528	322
19	1135
0	1189
16	1199
0	12
125	28
0	28
0	0
0	2410
684	2410
0	38
1508	869
0	865
0	5
0	5
0	5066
51	115
52	4803
0	2302
0	3244
0	3456
5	3289
0	0
0	0
11	201
0	98
0	176
14	11
129	281
2712	228
0	0
0	6
69	1533
2845	1533
180	7566
0	7569
71	7313
379	0
0	191
52	279
0	194
0	279
0	215
0	258
238	65
0	73
0	73
1	236
0	180
0	182
0	182
117	1494
0	772
1051	1517
0	694
380	182
0	179
22	0
2365	5
184	241
0	241
1709	728
6	723
53	363
892	363
1642	17185
0	978
4574	20932
0	9330
6162	0
207	0
0	11
0	11
8	0
0	0
0	69
319	69
615	643
0	643
14	610
0	219
816	219
128	14
38	1208
0	2168
48	620
0	1024
18	861
0	296
0	2012
148	1996
3	164
11	1996
0	24
0	0
37	24
10902	689
0	678
216	1176
17	7891
10	8099
59	7920
0	881
26	64
0	741
0	968
21	1004
0	119
0	122
8375	10
135	806
4	1150
4	716
424	891
1305	1215
0	53
0	1212
70	73
0	73
0	0
7574	989
0	989
2967	0
5337	12
26	66
17	66
1	701
3	614
938	1493
7	994
0	0
0	1554
0	2848
0	3071
0	3347
0	1609
0	5009
74	6423
0	3782
24	45
0	45
0	2
4	0
19	0
1255	0
2497	5
490	188
0	1
0	1
4305	2
149	111
0	111
611	2990
0	0
2764	682
0	682
67	269
0	0
0	0
0	0
0	0
0	1
0	1
19	1
0	1
0	3322
187	3322
74	24
14	99
0	0
0	64
0	35
0	4
0	11
0	11
0	11
0	1
1283	6
0	0
2394	2
1645	1222
0	1212
0	20
0	20
0	9
0	9
0	2
0	2
0	95
134	906
4320	11705
80	90
2	11776
128	11776
0	195
357	1474
0	456
0	199
656	199
6	0
0	86
483	86
593	349
0	44
0	355
0	385
2631	0
26	0
2026	4
6	191
0	191
0	0
1069	0
3	33
0	33
0	0
0	0
0	0
0	6
0	0
0	0
5	33
0	21
0	33
14	0
0	10
0	28
0	28
0	48
0	50
0	1
0	0
0	0
0	20
0	3
0	20
1585	2210
122	2210
0	413
3	24
13	413
0	304
120	304
0	35
574	37
13	0
0	354
0	354
0	333
0	422
1776	422
0	1
1308	497
0	5
189	439
0	14
759	0
0	0
517	0
0	0
0	0
10	16
0	16
18	0
0	0
0	757
4	8
0	8
0	736
14	0
5	92
88	144
0	133
47	119
0	0
1774	737
0	563
1148	0
1157	54
5	54
0	595
0	33
0	291
103	654
327	0
9	22
429	1499
24	0
113	2446
0	2535
0	4
6	0
431	355
0	355
0	565
4642	1296
0	768
0	114
0	12
0	116
37	236
0	241
0	289
15	0
0	2423
11	2179
0	2211
1033	2389
5	392
1	392
600	1952
0	1856
0	1556
0	103
495	939
0	781
0	524
0	0
0	0
0	0
0	0
0	0
0	8
25	32
0	17
0	3532
24515	3565
594	903
18	664
0	772
61	303
2	0
0	67
2	124
118	2972
0	124
0	2970
0	24
0	7
5	25
914	7
602	0
3350	4
10794	4885
2	4868
0	0
0	0
0	254
213	263
70	0
0	8
574	0
0	0
150	785
1276	785
97	201
0	201
0	2
0	2
0	2
0	0
0	2
0	395
90	394
0	2191
10	2326
0	893
944	1072
0	289
0	325
8	433
3	492
2	0
0	0
4263	2693
24	282
969	2687
30	0
932	911
545	910
12	673
219	673
17	1586
0	265
6	1619
93	0
0	0
0	0
0	28
0	24
0	28
0	17
0	51
42	786
0	748
0	731
11	0
0	4
1475	238
4806	438
86	0
3189	0
0	9
2213	4734
0	2625
0	0
0	0
3	167
24	310
0	302
2095	2
606	159
0	159
5	6234
5898	6243
57	0
12	7
2	7
0	34
9	102
0	102
0	0
0	0
94	226
75	226
0	28
2891	605
9492	1329
71	1171
217	1161
398	17
0	0
9	0
1215	152
0	152
0	0
0	0
8	0
2845	2
183	380
3407	382
0	24
0	24
274	1423
343	1423
523	1234
0	0
7	37
0	2
8	37
951	4
833	747
586	747
0	85
19	85
5246	2
2796	4
0	0
0	0
9987	231
0	496
0	425
2935	853
159	1663
2615	1663
32	218
0	17
0	218
0	205
0	0
0	0
0	0
0	736
0	913
0	228
0	286
389	1301
1	486
0	292
0	0
207	0
0	4373
0	5476
0	5237
0	6177
117	6177
63	840
0	691
0	693
1	691
0	0
0	0
22	0
643	0
683	477
0	460
0	108
89	2
0	2
3107	0
18	0
147	3598
0	141
0	3609
23	3680
8	3440
0	3651
0	6
6	6
0	1175
450	1175
209	0
399	0
0	174
843	174
86	190
0	79
0	0
1536	0
0	0
13	0
0	0
0	0
130	162
0	162
0	5
399	5
0	0
160	213
0	213
649	357
0	3
0	3
82	282
0	530
0	547
1694	0
0	0
54	7773
459	7773
379	449
0	0
0	0
53	9
0	9
1	0
0	0
405	424
0	412
1138	796
28	0
42	30
3421	30
88	10
226	0
464	2407
0	2407
475	1272
0	1245
0	1275
39	1275
37	720
523	720
0	18
0	18
277	5291
2393	5297
9	339
0	256
588	339
573	1744
0	1744
0	14
0	24
92	2217
0	3069
1	3276
0	743
0	17
0	50
0	17
0	42
0	10
10	520
1	520
92	208
0	208
0	67
0	21
0	33
0	81
0	81
0	0
0	0
0	0
536	0
0	0
4	8
0	8
0	6
0	6
0	0
0	7
0	7
737	1129
0	1129
0	1873
1709	3479
1303	63
284	59
0	53
0	3
0	6
0	6
0	0
0	0
1	0
63	5
0	5
39	1037
0	1102
0	1021
2125	1412
39	433
0	977
4322	368
35	368
1092	587
0	334
0	253
0	0
7063	5
0	477
41	3414
0	3414
0	120
5	634
0	642
41	642
0	203
1184	203
403	3961
5	4001
128	417
86	232
108122	44
1311	1407
89	1196
25	1407
18	0
0	40
0	22
11	60
7	60
110	0
0	0
1376	1708
216	0
5	115
185	115
5212	6
0	0
5	0
0	36
11	213
0	111
55	213
0	195
448	214
3	214
3465	22048
0	943
3	8369
5	22024
0	0
0	46
1868	909
35	960
6795	0
0	260
6	259
0	328
3	313
0	294
0	268
0	227
1	255
318	352
0	373
6	157
18	234
1484	467
47	455
270	570
0	567
39	0
0	971
508	987
0	219
0	22
8	110
0	125
3344	1680
0	1457
12	1569
0	1521
266	1710
5985	3006
14	3001
7	0
61	124
0	0
162	3386
29	3388
90	2709
42	2709
11	818
8	266
63	818
5305	6
10	268
38	268
0	17
8	311
0	291
0	311
0	216
2004	1570
0	118
398	120
2282	928
0	410
0	928
228	12654
190	1009
0	10002
38	12776
0	46
0	58
37	174
17	174
0	0
0	0
27	253
104	222
684	0
31	322
55	0
0	393
27	393
0	0
0	26
663	29
0	10
0	10
481	0
0	1
216	10325
0	10325
0	240
65	1270
11	1270
0	0
5	0
0	0
0	0
0	0
0	0
0	0
0	0
9311	19047
16	19047
2688	2220
721	2218
261	1099
0	1099
0	1180
46	1151
117	879
0	795
551	4480
0	70
0	71
0	66
0	48
0	13
4	433
0	179
461	616
31	25
404	709
1	328
0	0
1259	7
57	7
1	42
0	42
39	676
91	348
12	15
114	15
6	8
0	8
343	545
0	134
0	118
0	47
3	51
0	271
29	0
347	1487
0	1326
0	1487
4	6336
2816	9781
23	6028
20	19
13	52
0	12
3209	8951
4	887
73	8951
303	0
8086	11
544	802
24	802
5	3
55	3
0	75
0	75
710	1959
6	378
0	703
19	1523
5210	4536
0	4533
43	29
0	29
23767	29
715	463
0	463
5	96
0	96
17	22
1964	1634
238	2
0	83
36	451
34	411
0	0
11096	6
0	0
577	36
0	36
10	1198
137	1198
2384	1
0	1
2523	993
0	4
0	0
0	143
7	10
46	537
0	181
0	537
0	0
0	0
15	0
0	0
0	0
0	0
0	0
0	0
90	2
75	45
1056	3
7	74
0	69
4	2
0	2
128	71
16	0
2809	1959
19	1972
0	1939
8	23
0	23
0	0
0	0
0	448
392	448
54	0
0	11
133	1988
3	1988
49	0
9	0
0	0
0	0
0	69
0	0
163	69
0	69
0	186
0	183
610	1966
0	976
195	25
0	25
981	0
41	9
0	5
0	7
0	7
148	0
0	459
73	459
586	1230
0	628
0	659
5	718
0	407
4	718
0	1
0	1
0	1
42	1
0	285
4	16
0	635
115	3419
0	1420
0	3189
0	0
0	0
781	0
4191	1
7	0
0	7
0	12
0	30
0	0
0	0
0	0
14	0
698	1513
0	15
0	1513
55	1482
267	36
0	36
1631	1082
0	316
977	3182
0	32
127	706
1	510
0	674
3	0
66	454
1	354
0	172
0	339
27	371
6057	5082
0	4716
0	2294
8	1556
0	0
11	11
0	11
76	0
0	0
0	0
5	360
1972	576
190	0
0	0
370	0
0	0
1423	0
553	236
0	233
52	1321
14	1535
0	1189
46	1054
296	2896
12	2971
0	0
2746	1
0	1438
0	1455
370	8007
5	1624
14	2243
0	3551
58	7340
0	2943
0	3565
0	0
115	67
0	79
149	79
0	473
10	65
0	30
18	449
94	105
31	105
0	0
40	47
22	47
3	74
10228	968
330	1019
11	423
25	423
0	305
400	622
95	622
11	296
77	296
0	12
0	12
0	12
14	428
0	426
67	6088
0	357
89	6067
135	733
0	2699
727	2398
0	0
23	0
12	28
0	27
0	117
2	117
3	224
0	627
2862	2054
0	2057
0	1804
0	2057
0	0
0	0
7	22
14	22
22931	852
1	1130
3817	3052
520	244
7	240
25	480
0	165
3	482
24	0
4	3
67	3
523	130
2	126
56	15
0	15
57	1437
14	278
14	1435
0	314
4	0
51	314
0	8
0	8
2	0
0	29
32	29
0	0
0	0
0	0
0	342
41	342
4650	2821
0	2087
0	2335
0	1982
0	1662
0	2238
0	12
0	12
0	12
1266	0
2041	727
0	766
0	135
0	221
0	135
16	174
0	87
379	87
13	0
1804	0
283	0
175	2894
11	2892
137	19
436	171
4	171
4020	5
107	274
0	274
8	0
17711	3054
0	73
0	68
0	29
0	73
0	68
15	176
0	176
11	1171
0	464
17	1102
6575	406
0	405
6167	3660
5	3658
823	616
8713	9908
0	72
22	40
0	0
1	20
73	20
0	0
0	0
0	0
5167	0
11	0
31	3
5	55
1259	173
0	173
137	159
2	13
0	157
0	0
106	218
420	1
175	6
54	415
0	415
947	5403
0	5403
44	5375
0	5125
0	1472
0	5072
43	0
483	176
22	203
18	131
10	160
0	421
0	125
0	632
19	528
870	2232
5	1253
0	1177
0	131
0	160
180	173
1057	3
1808	1280
552	71
5	2
0	69
4	901
0	3644
0	167
104	1496
0	3337
105	599
1254	6750
150	12534
43	158
0	158
602	714
0	714
7	3770
0	163
0	1814
0	3850
84	0
8	4
0	0
0	7
0	265
117	265
0	227
2	56
1427	8391
243	9809
0	5463
0	35
0	35
7	0
0	0
0	68
0	5
0	63
0	0
82	50
0	50
0	0
3	0
0	0
130469	46451
18030	38522
2518	24768
11	5888
84	14340
0	14196
251	25643
0	15544
0	69
0	264
8	197
63	113
1099	5376
10	5376
0	10
0	1
0	10
0	10
0	0
0	0
13	314
0	185
512	10
1682	2237
5854	6406
0	437
0	6254
329	6264
3	8
2	3
8	0
0	23
0	267
0	289
7	150
28	1095
24	1602
124	3929
357	3814
0	224
0	668
0	361
0	285
60	593
31	0
0	19
0	19
0	0
0	0
5195	1126
44	1121
7106	109
0	0
0	106
134	2
1518	0
15	181
0	169
1	462
0	439
0	633
16	242
32	2437
77	174
0	2333
0	938
0	891
0	897
0	235
0	819
104	0
326	76
0	0
0	0
0	0
0	0
2	2274
105	150
0	150
3254	998
718	0
13	5
2	5
0	5
0	13
1260	0
14	297
180	297
0	24
0	0
0	24
0	24
0	0
23	0
135	3641
271	3641
0	0
0	5
0	5
0	5
0	9
0	9
0	9
78	0
0	0
153	493
26	303
52	0
0	303
14	0
0	0
0	0
0	0
0	0
0	0
0	21
23	55
7	48
863	3
573	154
0	152
0	47
223	2058
0	1493
60	1619
0	828
0	65
0	56
7254	4995
0	4601
4	69
169	69
491	0
2135	0
5	268
0	268
387	467
0	0
0	0
0	0
0	97
2079	298
64	379
2	1950
0	991
6921	2901
0	1772
3535	134
0	132
0	115
0	92
18	126
0	115
29	0
0	0
786	0
0	1
0	1
25	2
656	0
0	78
14	75
0	14
0	19
0	58
6	0
880	12524
0	12524
645	2
7158	780
0	779
518	423
0	413
0	129
91	3742
0	1076
0	3590
0	3
29	3
280	2906
13	2906
1120	0
585	261
0	303
0	155
0	104
0	286
430	95
3	7
0	88
63	2
0	5721
0	8809
1109	31583
0	6518
0	8976
2116	31303
10	108
48	108
0	74
0	58
0	1316
13	1326
7	1555
0	1509
114	3418
3	1283
0	140
138	6490
0	4421
159	3659
0	7067
15	456
42	556
0	7
3259	2
4	0
0	0
0	0
23	100
0	100
2033	553
0	0
0	0
1	0
9	0
0	0
199	424
0	52
15	141
982	2993
572	549
225	11341
0	2781
0	0
0	0
0	266
604	268
2295	0
0	36
0	36
0	0
48	917
0	917
221	0
830	2891
52	2887
0	2897
6058	10473
2324	1376
0	9881
38	499
22	55
25	539
390	470
14	0
0	4
0	0
0	6
121	158
3	158
28	0
1088	3
0	54
1211	54
821	1
8272	4
129	0
82	0
132	2184
0	2184
306	0
0	0
0	14
3	14
935	5828
0	2072
24	6022
5	0
15	953
20	9688
0	1106
242	8544
648	9635
102	9339
19	9161
0	416
148	418
130	0
34	0
0	24
17	24
0	0
7	0
0	0
0	0
161	0
0	0
0	0
0	0
0	360
195	22010
0	18051
0	5352
196	21820
0	0
0	0
113	12
647	142
0	18
0	124
1229	2274
0	1334
0	4323
119	6397
1770	0
0	16
1	11
312	5767
0	110
0	859
23	5788
0	80
0	294
0	14
44	3583
0	3591
0	1980
0	2310
58	2166
33	1448
0	2116
0	1735
3543	1735
0	183
0	148
1752	1130
0	310
0	1094
499	0
7	3
2221	494
0	0
366	0
0	0
3326	1425
0	1578
0	1656
443	414
0	248
3	414
0	357
11504	368
0	154
0	0
0	190
0	274
0	78
5	357
0	274
453	151
0	151
6159	9
0	5
0	0
0	257
0	18
0	161
3	71
3603	422
8	349
1139	439
0	438
0	0
0	0
0	379
898	379
1705	1685
0	1745
83	1700
0	3
0	9
559	1122
0	1113
4	0
1141	0
0	86
386	371
9	127
12	127
0	0
7	0
6050	8819
0	8816
37	3952
0	226
202	3952
1	242
241	3423
212	4
0	0
0	0
16086	1
2	0
0	153
295	0
0	256
0	124
1696	380
0	40
3	40
0	7
0	7
0	7
0	7
13	15
0	15
0	639
385	1210
69	962
0	955
0	328
16	2106
0	6551
0	6683
14	273
0	198
12	127
24	1172
3	1172
0	704
468	0
1317	1127
11	844
0	225
324	8787
4548	8787
5012	2971
0	2970
0	97
0	166
2	61
0	120
60	1007
0	281
1108	1015
0	9
4	168
0	95
769	172
0	0
1164	190
278	66
49	127
1791	110
0	108
16	70
64	87
51	12491
0	18119
39	9605
0	18273
0	18353
0	18372
0	0
0	0
0	0
0	0
33656	22
68	0
2	4
0	4
0	4
0	110
0	112
0	1360
0	236
0	149
0	1355
0	1356
4512	671
0	671
0	157
0	1040
24	1558
0	148
15	1042
1566	1640
0	277
144	772
279	438
0	438
61	0
871	0
58	224
1307	3857
0	3793
0	1106
15741	1113
0	11
14	15
0	118
48	118
19	9
0	9
5	20
245	1104
0	1104
1324	16
927	2
0	635
1	1139
0	1073
2	6
1606	6
0	22
269	85
0	63
0	0
718	0
1887	491
0	491
0	0
0	622
0	107
0	577
0	186
48	141
15	63
0	0
0	0
187	293
787	294
0	0
82	175
0	175
384	360
0	360
0	35
36	431
2	316
4	410
0	6
1122	0
973	0
154	0
3301	8
15	573
0	1766
10	1557
135	9608
1	2872
40	8820
93	0
35	69
154	69
17	4
0	4
0	4
0	4
0	4
1323	0
45	24305
860	7066
8	25215
82	0
19	160
0	15
28	2
234	0
43	159
0	0
382	1054
0	1044
0	1038
48	0
0	698
0	0
0	12
0	689
2	698
1417	103
0	102
11245	13
479	499
0	168
0	98
0	96
81	413
3	413
0	0
0	0
0	0
0	93
0	3976
10	3979
35	0
0	0
919	595
0	101
0	30
0	88
25	88
0	6
345	273
0	273
156	782
22	782
7	68
0	68
0	0
0	0
0	0
0	0
1483	1
104	0
0	159
30	159
0	193
62	193
246	184
0	184
8	2
1168	157
0	157
691	0
5	0
2	0
7	33
14	5
2721	0
953	0
81	194
0	344
0	399
0	6
1	0
0	38
0	6
0	38
405	3059
25	3059
0	203
455	1445
20	1445
158	326
0	326
0	4
12281	3994
0	3974
8	221
0	221
328	957
728	957
0	0
0	0
0	31
2	9028
0	217
0	1988
0	2416
1	8601
0	7224
0	0
26630	51
0	27
37	27
2042	0
2	28
0	28
8	85
52	226
0	179
0	226
0	7
0	0
9	2520
25	2505
67	29
0	29
0	0
0	0
0	0
0	0
35	0
39	89
0	8
0	83
5473	131
0	114
1323	1
0	97
31	97
2404	0
247	137
0	137
0	137
74	65
0	2
0	2
0	0
0	0
0	52
478	1203
4	147
97	147
0	3
491	3
1777	1757
0	0
1330	1
3	26
5	37
21	267
431	3160
1010	3095
22	288
0	288
0	13
22	13
187	6
0	6
105	301
0	0
0	0
0	0
0	0
0	0
1119	0
5177	1260
0	1522
2135	3
0	0
0	1766
12887	7741
0	6107
0	1513
0	795
0	301
290	797
23	202
36	202
540	8512
0	2656
33	8533
3337	8918
43	3309
0	261
0	0
0	1910
982	3997
37	2670
26	1201
6	8057
24	0
0	4
0	8
0	41
0	8
0	4
0	4
0	20
0	41
0	4
0	0
14	4
0	4
40	0
0	44
154	2491
0	6
0	60
4	151
2	132
0	127
0	119
4278	5
1858	1269
15	1168
6	1221
76	0
0	0
0	0
0	0
0	418
583	418
0	3976
5	3976
10	23
2	23
0	0
0	0
1003	2602
3	2602
73	6
0	6
0	72
5452	76
0	1659
7655	3729
0	1522
15	769
0	1607
671	325
33	0
0	0
0	2
0	2
0	0
0	0
4506	565
0	0
0	0
29	238
0	238
1070	0
84	0
0	0
2	282
0	43
124	597
0	0
0	3
35	3
70	308
287	308
362	298
0	298
5535	519
0	508
0	0
1810	343
19	340
0	17482
0	17763
19503	17879
545	578
0	347
0	477
887	0
290	3
98	20
0	14
0	6
0	0
450	1316
1	0
0	0
2028	900
13	103
0	0
54	0
1500	1795
0	1795
0	14
217	15
375	1113
15	0
0	0
81	7586
1	7586
0	235
0	33
433	219
0	224
0	376
0	153
1375	379
0	0
0	0
29	598
0	648
0	92
9	86
0	92
0	92
200	578
18	368
5033	7
0	0
2366	3714
150	683
569	804
0	804
4	23
0	25
0	25
2390	801
0	800
3272	6
0	502
883	506
217	269
1633	269
0	483
1750	483
2	70
0	759
0	788
11769	1
0	0
0	22
242	180
62	51
980	53
0	165
517	200
19	735
1338	735
774	877
0	668
17	286
1590	3050
13	3050
12	0
35141	7854
0	7821
0	850
156	1062
0	627
30	210
326	210
16	44
8	39
0	47
0	60
0	30
0	60
0	37
0	960
3340	2811
14	2814
29	0
27	4
0	4
54	612
5	176
12	105
6	323
1817	443
572	0
9	45
0	45
1650	0
202	0
0	158
5098	159
0	1
5	12
0	12
0	0
0	0
0	1
0	23
0	394
0	976
0	967
0	98
0	23
0	708
14	984
0	980
159	377
0	108
14	329
3266	388
216	0
14	0
1556	11681
0	11681
7	0
0	1
0	41
51	101
0	101
146	4
1298	74
0	68
0	0
79	3
5497	5
0	0
0	2
7	4
0	4
0	0
0	0
2069	2705
113	67
0	27
0	40
96	0
1938	3
2	188
0	65
383	200
280	173
3	173
0	597
47	3733
0	73
85	3733
0	49
0	491
0	502
5	362
112	496
7	34
12	252
0	218
0	273
36	111
18	113
63	1332
0	781
10288	3
4941	1
196	0
631	1
1537	0
0	0
0	0
49	51
94	104
0	104
2	609
6	3957
0	2489
177	2781
0	4329
0	2591
415	1
900	1427
0	194
0	1456
4	52
0	52
0	154
0	211
0	2384
15	2387
0	2370
0	22
0	3
0	34
0	34
0	0
23	46
0	46
9	46
0	185
35	185
0	78
32	578
0	9
0	569
480	514
0	514
152	0
584	782
0	243
8	776
0	495
7669	6
0	0
3134	4
0	2932
0	1400
0	4502
413	4601
0	349
42	439
0	3
7123	0
114	311
5	304
0	9397
1958	9397
0	0
65	1112
0	0
20	2
23214	5
121	27
36	812
7	812
33	49
365	49
102	230
0	230
37	0
561	0
0	949
0	248
14	1228
220	1228
0	121
919	121
2518	1450
14	1395
983	41632
56	40373
0	41632
4	2
5	4
0	4
371	841
0	415
0	786
0	0
0	0
0	0
0	0
0	0
133	422
56	167
233	25
12	0
5	0
2073	0
1834	2078
3	2078
24	2705
144	416
0	414
47	2705
2753	0
3558	3
1259	3
0	11
0	11
0	0
0	0
0	0
278	0
1138	0
0	135
8743	269
0	181
0	17
1	145
2	30
0	47
0	37
0	144
0	30
0	0
0	42
0	6
0	48
0	6
0	11
0	42
0	0
0	42
20	82
0	310
67	298
108	522
0	86
162	84
0	153
0	0
0	130
0	130
0	153
9	130
0	130
0	130
2173	3
424	0
0	15
0	15
68	787
0	787
0	51
0	237
0	2048
0	69
7	2231
0	2260
663	0
1021	918
0	0
30159	9430
124	9355
0	2486
7	973
22	84
352	0
33	4
3	4
0	0
0	0
0	0
4707	175
212	0
209	0
0	40
0	19
2117	2933
0	2932
97	0
0	5
74	9
142	7896
158	805
0	174
0	7759
182	0
336	0
0	0
3492	140
0	135
69	61
0	61
27	37
0	4
15	15
0	15
3	54
0	60
7	60
68	0
15590	2476
0	2469
0	0
3	0
1	884
0	466
0	1012
0	6413
263	6413
0	5387
0	0
2	0
0	94
1104	94
0	7
16	7
35	387
0	315
0	315
0	387
0	152
0	3293
0	643
0	176
0	5930
4	5725
0	4743
0	5048
0	5630
0	289
15	298
22	570
0	598
0	24
8345	604
0	368
1802	368
8	103
65	103
0	0
0	0
1	0
0	0
3118	1
0	3
0	3
0	0
0	84
136	296
199	6468
572	7468
179	1287
22	772
0	633
0	74
341	6296
6925	1965
9	1937
168	1958
235	812
206	812
0	0
0	0
11	1
35	11
1	70
0	0
0	285
0	93
0	57
0	256
3652	5
71	6815
51	7145
392	4048
0	414
99	1012
25	887
69	707
174	707
1118	1056
1	0
44	1050
420	0
18196	2078
0	2057
406	446
98	446
0	150
1139	1130
167	104
0	51
12	1157
26	628
0	466
0	207
41	828
0	74
0	828
27	65
103	66
0	0
0	0
551	0
1454	0
0	77
0	17
0	67
0	89
0	63
805	993
0	993
0	253
0	1
3083	1908
0	1073
17	1905
761	2843
0	100
52	2843
1376	1251
0	0
9	0
17	359
1843	360
0	295
3355	10
2307	498
0	127
0	456
4416	0
234	913
252	913
24	0
4831	3
0	7
0	7
668	85
0	39
0	46
216	0
142	0
830	184
0	184
0	3
0	3
1215	1275
1	2997
22	3014
0	3031
0	3012
1884	2496
30	1555
0	2496
50	114
0	97
55	100
0	810
0	672
365	0
579	981
0	405
376	2610
324	2292
363	2325
7	64
0	64
0	64
203	171
1	111
34	124
0	13
8	124
19	721
58	721
0	7
0	7
18	11
0	11
94	0
5	323
18	323
943	0
1331	4492
367	0
0	0
0	0
0	0
0	0
0	0
0	0
754	1170
0	24
0	24
0	24
0	3
6141	27339
0	27338
5153	2
0	44
0	44
0	0
0	0
0	0
124	0
0	0
0	0
1	0
41	567
0	567
0	254
0	1929
0	1280
1179	1929
205	0
0	2
0	2
0	0
7	97
7	97
295	0
0	17
0	96
141	6959
17	6945
97	96
0	19
0	22
0	134
0	123
72	162
0	92
0	69
0	291
58	653
0	3012
222	17624
83	17554
10	0
0	0
7	480
0	1783
3042	1786
2627	0
42	0
269	2230
0	2230
0	25
19	28
0	2142
0	972
154	2185
32	2164
56	1718
0	3794
0	3829
1895	0
886	137
0	134
734	0
0	44
0	37
0	44
240	7
733	1728
0	1728
1	2
1276	4
66	515
0	137
5	551
3382	1
26	0
18	13
2362	13
18	0
3216	6
0	313
1373	1861
0	1270
0	1422
3414	2990
48	2981
0	0
0	0
0	0
348	582
0	4706
37	4954
8	168
0	168
251	5
887	7
1931	40
0	38
124	0
2455	6
242	0
2009	5
0	0
0	0
9514	5
1198	0
451	260
7	246
0	6
0	20
252	758
0	11
30	60
0	3
4	0
0	60
768	682
998	2
0	2
6	51
0	139
277	173
196	1353
290	1353
11	881
64	881
95	743
9	859
662	556
4490	11574
856	11573
0	22
24	22
1091	483
0	503
32	550
0	265
47	87
19	190
27	190
230	0
6630	2603
4	2601
328	6916
8	6916
375	0
0	0
40	63
160	63
1	37
0	37
2925	6115
1412	6114
19	146
46	146
0	407
29	407
0	407
4	0
0	0
0	0
0	0
0	0
0	0
0	0
170	6078
436	5935
86	1605
0	1605
2071	597
0	739
219	1893
0	216
4	56
1531	2196
3	1678
0	1567
0	1458
49	1724
0	1675
0	1556
237	1402
0	1432
0	1012
3	1093
1149	1069
0	114
1166	405
0	405
5593	2727
14	0
20	1619
40	1619
1128	545
446	587
188	964
0	848
0	864
1066	1531
0	1531
0	19
44	0
17	19
2	382
0	336
0	2076
11	2049
0	2118
0	52
0	52
13	52
6616	2637
2	53
0	315
37	2660
371	2496
8	1960
4	496
28	2389
0	1935
15	276
0	4
7	4
0	116
0	371
4	1375
0	128
0	1294
2190	4377
72	4518
2	1957
40	504
0	176
0	0
2205	8
0	0
9	0
0	0
722	646
0	1110
31	1107
0	0
0	12
0	15
10	0
387	1635
215	2785
0	317
0	0
0	862
0	191
235	1057
0	0
0	2
0	374
0	473
6	476
26	388
0	390
770	0
2175	332
34	13
10	7
0	0
11	6
0	0
572	231
0	230
162	127
0	127
0	165
242	165
855	252
0	252
146	1226
0	1225
7	1
28	0
18	0
99	5748
0	3166
4	5748
854	0
424	0
0	2
0	2
9	24
0	13
0	0
0	0
0	6606
57	8256
47	8187
2946	3
0	4
0	199
1164	199
49	0
0	234
1069	1346
0	1315
0	0
0	0
55	77
0	77
0	0
0	0
11398	13
166	0
3799	1277
47	1266
34	0
220	3559
731	3559
181	240
0	247
16	247
0	0
156	3850
0	2283
0	708
101	2275
313	735
0	678
0	851
397	1445
0	23
0	90
33	113
0	0
0	0
10	14556
9668	14587
24	1334
2	86
0	62
0	19
0	133
7	131
0	118
0	375
0	357
0	4
0	4
0	23
0	23
0	0
0	0
7	67
24	67
1435	1
3202	0
4	2
3856	0
420	0
0	0
0	23
0	3
0	23
239	1596
0	1383
2277	1
0	5
0	6
98	1286
0	1286
1802	375
0	370
0	165
0	0
0	0
1485	874
0	873
672	0
0	0
29062	25
470	69
3	0
0	0
155	298
0	298
19	86
0	86
4980	287
0	285
87	0
0	0
0	77
404	101
0	24
826	0
0	881
1	881
0	350
0	36
3	23
0	65
261	340
0	249
0	259
713	1068
27395	5715
7	4963
5	733
35	1794
328	1277
0	0
0	0
2	147
3	199
0	199
0	1
0	1
0	0
364	45
160	0
0	77
50	553
3	0
0	0
0	0
0	2639
5	3378
0	1981
0	2961
0	19977
0	643
244	16881
0	19287
0	16910
4	64
0	182
0	21
3	183
18	182
25	0
8071	3283
0	3283
553	923
3660	1
211	0
0	1256
0	104
1767	1361
110	20
0	3580
0	369
0	469
37	3678
0	69
0	0
0	0
1	0
0	694
1307	699
56	0
15	39
3	39
254	77
4	755
0	139
0	680
0	758
0	764
3	758
110	51
0	48
0	551
12	2884
90	2910
1683	0
0	0
0	0
7	0
0	0
477	10
0	4
7	92
0	79
134	60
172	701
0	184
0	608
1662	0
261	5836
311	5875
1181	0
1252	2322
0	618
0	1721
112	1102
0	1099
2923	0
9303	10774
0	10757
0	0
1655	0
692	0
0	19153
1090	19652
0	19656
1	9
111	105
12	31
16	23
140	120
0	120
94	28
1026	31
6	301
3	307
443	385
0	147
7	320
0	223
22	0
14	1
0	1
613	31
44	0
17	0
2284	1969
12	1969
1223	1614
793	11
0	11
73	68
9	123
481	222
0	221
26	3
0	1869
13	1883
6	314
56	314
30	1496
0	11
0	1496
4	198
1643	6995
0	6994
0	231
0	156
0	132
131	528
303	571
59	0
442	1902
0	238
5	1868
0	1578
0	1707
76	62
1077	62
2592	3783
180	3457
0	2885
307	3
29	13
941	188
18	188
0	31
2213	1707
0	1496
0	1033
0	297
179	297
0	46
104	46
0	0
3	0
0	0
0	0
0	0
8095	839
0	834
4	4
0	4
0	29
294	29
54	2
222	162
13	123
489	1
38	2167
238	686
179	2779
0	716
0	0
547	78
95	14
29	286
806	286
0	25
32	25
3539	6
107	5505
0	5494
56	5520
0	0
2862	2
8	0
288	2015
4	690
23	1871
0	1870
0	1149
762	25392
3	25406
416	24936
0	3
0	3
2	13
3436	13
67	482
0	419
0	482
0	0
0	0
0	0
6	0
0	0
0	0
263	289
4879	26214
30	26499
8835	0
20168	1412
11	418
0	1432
0	1438
0	664
0	2523
0	1986
0	1965
0	1438
7631	3
183	27
0	23
452	82
7	49
0	30
5	3
0	955
0	425
13	705
0	955
6	0
476	3
0	3
0	0
115	6
0	7
0	7
0	7
0	0
0	0
0	0
40	769
0	319
16	281
1456	0
224	14
8	0
12032	1329
1763	101
68	0
0	0
0	455
875	459
0	19
0	77
5	62
40	34
22	34
0	0
0	0
0	3477
0	182
0	3408
0	3444
0	3441
0	0
0	17
3	18
0	17
25	725
254	695
0	0
0	0
0	2
75	78
0	1
0	75
175	1530
0	437
0	1530
3413	17434
0	17434
0	0
333	157
0	157
111	0
42	0
971	1
738	478
241	2373
0	2373
66	2552
37	29
0	29
1355	1824
0	1764
67	1665
6	1787
0	1823
410	14143
1629	14773
0	1007
0	0
0	0
0	180
17	189
2696	9
5473	1
0	0
0	0
512	0
0	230
66	230
45	251
789	5054
0	5054
0	982
0	1035
0	0
0	0
0	0
0	0
371	86
160	695
1417	781
9	70
498	3521
0	1186
146	3624
0	707
834	1207
177	841
54	841
0	125
1503	126
597	0
0	0
0	0
335	510
0	510
0	1431
0	1569
70	1682
139	36
0	36
0	19
0	0
1	174
43	77
658	942
0	942
23	33
0	33
2396	3115
12	0
36	1377
0	1377
4032	1
508	2239
27	2239
12	0
22	0
0	0
47	0
11	148
0	148
9	13
6	13
0	13
1193	465
0	271
0	454
31	842
0	295
27	842
0	35
28	35
0	0
0	0
464	110
0	110
10	0
10	84
13	84
67	69
31	69
445	653
0	607
0	43
877	658
0	1186
303	1876
0	612
0	1883
0	0
778	836
4	351
3	472
59	270
7502	8598
0	56
3072	8504
2022	0
138	231
481	1923
86	1923
0	27
3	27
1998	913
1	913
0	2215
0	29
604	10217
35	10841
3329	6996
0	6994
1679	400
2951	7177
0	7175
0	8
0	8
1441	6
0	0
0	0
0	0
1	0
7438	3
1913	83
597	788
266	6299
16	1487
0	6105
2191	1208
0	829
515	410
0	409
0	123
0	1
966	2998
0	2997
32	313
10	7303
0	7455
7	8
0	7319
56	3745
211	3755
5	3544
117	421
66	421
0	0
22	0
985	1039
0	1039
3	0
1124	1543
0	99
0	403
0	1560
0	1564
0	1488
0	1592
0	1567
0	1571
0	0
1186	5
1450	2712
0	2667
0	393
0	839
0	4600
0	3160
80	3257
6	5189
29	4910
139	6639
2259	5212
0	470
2926	1192
1669	1211
0	189
2	290
0	64
14	142
1	715
1	467
2662	1509
12	80
1	80
8	29
41	29
345	698
0	698
0	0
5	0
59	1372
0	1281
0	23
9	23
4	8
51	729
12	537
3301	192
35	182
0	5
0	0
86	0
12	1239
139	1239
114	0
0	0
1	0
8	0
8	1
2	1
2183	0
196	0
0	126
84	921
0	151
16	3
133	941
0	8
29	8
1605	595
0	622
0	484
0	537
0	28
0	40
1186	0
3453	3
382	206
4	206
0	0
1657	5
0	3
0	0
14	233
0	230
0	184
226	184
0	192
1549	380
0	188
174	470
0	470
49	24
0	0
8	121
56	0
0	50
0	860
90	860
335	632
0	10
4	10
0	444
0	94
0	11
1062	500
222	511
0	502
137	10912
0	5874
81	9134
0	4961
1241	14543
0	0
302	6006
0	227
0	151
41	6002
2	4
0	4
10	12
0	12
2675	1
0	9
0	40
0	22
14	39
7	0
4	0
6454	8
0	1046
1483	1733
33	1584
6	1276
0	1108
1650	4
7	0
2339	1
283	1311
328	0
17	1
0	1
58	118
0	265
0	75
0	2709
0	120
150	2721
358	2
19	14
22	82
364	9
25	9
0	141
3564	141
86	844
0	844
0	4
0	4
0	304
3821	1459
117	1408
0	0
0	4209
0	4209
0	3041
15	3409
0	219
4	327
9	123
1	3222
9	0
0	0
244	0
138	0
0	0
0	0
0	0
4661	1
186	0
545	0
10	17
79	33
2520	606
0	603
14	152
3	144
31	44
0	29
0	4
0	72
0	38
0	72
353	0
0	59
0	572
0	8
0	114
0	48
9	10
0	564
0	543
0	564
0	551
292	2400
0	1375
0	1371
0	1326
29	0
0	0
165	159
18	0
4806	1584
0	1580
194	178
23	60
171	42
1892	14584
10	14584
7	0
17	11
0	6
0	0
48	11
125	0
2091	0
5991	2
2	212
16	855
182	856
2468	641
0	685
7	0
0	5024
2495	5024
2383	2
0	143
0	46
1413	379
0	292
2200	0
0	16
550	3361
0	1892
0	2630
1250	1
38	0
0	10
0	51
0	155
19	155
1	0
0	0
1522	0
17	0
554	751
69	751
64	0
233	0
0	83
44	8
113	91
0	5444
0	5104
5	5119
41	5459
581	184
60	352
0	352
161	4
411	135
0	135
0	144
394	879
21	871
5	97
2	97
0	21
0	192
0	143
0	0
0	0
0	207
5	192
0	103
0	192
0	158
0	120
0	37
0	169
0	109
0	157
0	157
616	1378
0	569
1468	1436
29	0
3583	6
5	0
12	56
0	1
0	56
0	0
0	0
0	0
0	0
0	0
0	0
0	0
13	362
46	20
281	382
1175	0
0	119
10	11
16	117
0	102
3	49
19	49
0	49
0	223
0	151
0	223
0	1069
0	198
0	950
3314	3658
35	413
0	3330
12	3482
3	3265
0	3312
29581	28
4	0
481	0
0	46
0	46
0	5
0	26
0	2
0	1
48	301
0	183
0	116
590	0
0	0
0	0
2455	2806
267	3538
0	245
37	245
185	2431
0	334
0	2410
0	2239
1817	3239
0	3600
11	3083
40	3118
769	13
10	18
0	8
28	0
2185	1012
0	721
0	865
2076	493
0	0
16	0
11260	15448
418	16981
163	224
0	115
332	115
7	0
1018	0
0	0
0	0
5	0
94	609
9	1
35	571
0	268
4616	3638
307	3561
0	3486
0	0
215	1645
0	597
0	0
22	59
0	59
734	1322
11	1322
0	0
1646	1
10512	1
0	389
0	4
21	233
294	634
8042	19173
0	2266
3	14840
0	15710
26	6014
0	1
0	1
0	1
74	1623
30	1623
14	4
0	4
12152	23
0	4731
0	357
11	10640
0	10635
820	0
0	0
154	1589
0	769
359	2037
0	20
109	20
3	12004
0	630
1	12004
0	1
4	1
260	3508
0	3504
15	1
0	1
1021	3
849	202
33	202
0	26
11	26
0	14
0	53
0	40
118	0
1381	0
409	183
13	85
0	98
24	266
6	266
0	8
0	1117
1738	1117
122	467
0	341
203	384
0	0
0	3
12	3
126	341
0	0
9	3
0	3
647	610
1	258
16	352
3308	2666
630	1
1	1
0	4
20	82
0	82
0	39
0	0
20	0
457	761
0	152
9	427
0	0
0	0
0	2
2	0
0	0
0	1162
0	261
396	9720
302	9903
830	537
0	84
0	0
19	0
8	0
0	13
57	1571
233	1562
0	2201
0	4103
0	3444
55	1711
0	3418
0	4064
0	9
0	665
0	849
830	1126
107	1196
0	701
262	150
6	71
0	144
0	15
5	2
0	0
14	283
374	1672
23	891
372	1517
0	21
25	21
912	1
4	56
0	8
0	654
0	238
789	599
1381	0
8052	1
0	451
0	452
19	431
0	447
0	384
0	0
0	44
32	196
3	196
1636	3352
0	0
0	6
0	0
0	0
0	0
0	135
417	135
41	1794
616	1615
8	1799
349	3823
0	80
2	3873
0	3873
0	3930
118	686
0	0
0	0
0	2
0	0
26	2
0	0
0	0
264	4695
0	156
1669	4351
0	735
0	358
1968	1000
0	28
476	28
12512	10593
0	12
0	11
0	12
0	0
0	0
0	7
0	378
0	3
0	31
24	449
0	449
0	0
91	1053
0	0
0	0
16	0
0	0
29	0
685	269
0	1
60	0
1320	1450
10	609
0	962
34	105
0	11
0	0
0	0
4	0
36	0
4085	413
0	412
0	0
13	7816
518	7816
7	5
0	5
0	0
0	5
21	0
0	0
0	0
0	10
0	1
313	673
0	15
0	12
0	4
2	4
27	65
38	65
0	630
13	1765
11438	2396
0	0
85	0
16	2721
0	404
1085	23207
68	20054
0	9469
18	22277
0	0
0	0
67	86
0	86
0	0
1697	1196
0	945
4	746
0	983
0	23
6	66
493	227
0	161
0	0
361	10182
12274	10187
0	4594
0	0
115	0
104	0
1362	428
1143	428
1701	0
293	0
1408	3423
0	977
455	525
163	2449
0	50
100	79
279	9
138	9
0	0
0	0
0	0
7	96
48	488
143	496
0	955
2067	955
0	0
0	0
0	0
0	0
453	3
338	0
4431	3
0	0
210	749
482	4249
0	1084
0	3491
6316	4863
48	3939
0	4852
0	0
0	773
0	115
0	7809
0	7871
82	7871
120	1326
73	1326
47	398
0	162
543	2727
999	2401
294	8
0	8
1190	2176
11	183
0	2181
8	256
0	23
0	228
0	243
95	145
0	1025
0	310
4285	1045
103	416
11	416
28	0
309	0
23	369
235	5
8	321
8	923
0	923
14	915
0	0
0	0
0	0
0	3393
0	3329
0	3335
33	2667
0	0
93	0
79	65
0	65
0	240
1	1227
0	250
0	17
232	1266
0	1266
0	1189
756	573
0	573
2	979
525	1121
0	79
0	4
90	83
1	3
0	2
2016	4
0	3
0	3
0	3
592	59
0	59
9	49
88	135
29	148
0	65
0	197
2857	411
0	0
0	0
0	6
0	6
251	4262
0	990
0	4262
647	1823
0	214
0	1823
0	0
0	0
357	134
0	134
0	0
0	1856
0	17044
468	17044
0	1232
97	1232
0	5975
0	5487
22	5821
0	5807
0	104
0	156
14	277
18	929
24	910
0	827
0	944
0	362
6	0
614	1543
0	1543
401	123
0	123
2842	395
0	395
16	9
0	9
297	203
0	203
47	459
0	459
0	459
94	10
0	10
0	2
0	2
0	301
167	301
0	0
1	16
0	17
0	0
0	0
0	17
4736	3870
10	2644
496	2125
223	445
0	2888
0	2908
2024	5153
0	954
236	5151
0	48
3	40
0	31
0	44
0	0
0	0
75	36
0	0
3	36
0	0
0	82
0	89
0	89
9	32
0	32
136	7
0	7
0	3
105	0
1628	0
5174	1
897	0
0	47
5	80
19	124
40	2
0	1
0	35
37	51
0	51
0	0
0	0
0	657
0	157
0	3443
1196	3443
0	311
73	315
6	48
0	3
3	11
0	10
0	0
28	0
13	0
0	0
0	0
0	292
473	292
0	6558
0	127
0	617
0	806
2578	6558
729	2660
7	1199
0	1153
41	1127
3	18
0	0
145	185
3	182
0	257
72	0
90	9182
0	1295
41	8960
0	235
0	441
0	437
0	1254
14	1241
0	1255
0	1212
0	562
6	86
0	320
0	675
0	665
1	4354
0	92
0	4259
140	122
20	3785
23	4092
0	645
0	3346
3	4285
36	347
803	348
0	9
0	9
34	46
0	46
513	362
0	355
0	355
0	362
226	0
51	0
0	540
1187	540
37	21
0	3857
1911	3857
0	0
0	0
0	0
380	1899
135	1899
858	304
0	0
21	135
43	222
0	0
11	19
0	9
0	104
0	132
53	132
56	4131
25	4131
802	103
6354	2259
0	170
0	103
0	2257
1638	879
0	213
70	693
70	889
3262	2108
1171	2107
76	101
22	101
455	0
161	1677
0	1677
223	7726
0	7464
21	7726
27	1376
0	1376
0	0
7925	2
583	7560
60	771
0	5391
25	7663
616	6473
0	6473
1599	77
0	74
18	0
1689	225
0	225
0	0
64	402
2	30
6748	4642
0	0
0	10
77	0
0	144
0	144
0	0
195	128
0	19
161	0
665	918
0	816
0	816
0	237
16	237
43	348
57	350
0	300
0	0
27	0
479	598
0	598
167	66
0	66
3152	8
11327	9
4	0
320	0
0	15
0	70
0	7
0	0
0	70
24	0
0	0
0	0
58	36
0	85
127	395
12	63
372	1182
49	1182
5	3
0	3
6796	0
15	4
9	4
1010	13000
592	13006
141	0
240	4
0	11
37	15
85	417
46	417
0	45
544	3494
0	45
209	3449
14	3
2074	2280
0	1680
3347	1904
0	1904
1952	0
648	774
0	768
6	764
26	764
134	66
0	66
3	0
26	72
1006	72
0	380
14	396
0	396
0	351
8	490
0	22
3658	490
176	279
0	279
9881	11
6	5
0	0
0	5
3901	3310
0	476
0	1646
0	838
1302	0
0	638
0	2274
0	476
0	476
60	2385
3	193
1492	1218
0	629
0	921
17	204
84	697
0	47
135	901
3	9
0	1
0	11
36	11
12	7
0	7
153	0
38	2341
0	180
72	5559
0	5673
0	5696
0	3366
0	5731
1822	1
0	7
0	7
0	4
40	4
186	100
0	6
5445	2955
0	2953
87	3351
114	3718
50	3783
73193	69
496	0
3	12
43	1427
162	6610
267	859
9	4657
321	3677
0	3726
17	3840
0	4410
819	4
1131	6
0	382
46	382
0	0
0	0
0	11
0	0
0	11
12570	15570
31	7300
650	0
251	0
0	209
933	226
0	168
1811	5
0	4
1	4
0	106
1	183
0	183
0	0
0	0
152	229
69	229
453	2
27	0
0	0
0	0
0	0
2	0
0	11
0	11
0	11
0	16
0	18
489	367
0	349
0	20
65	479
33	479
0	44
0	44
0	44
10164	1002
124	646
0	998
0	162
0	126
0	130
0	164
0	0
0	2
7	2
0	2
0	13
3	18
0	20
0	13
0	18
0	18
376	1340
0	7
0	1195
0	891
9741	1615
0	143
0	395
120	404
3040	212
866	1354
7	1033
1225	0
0	303
0	303
17	295
1332	90
0	90
3768	1
384	518
7526	0
0	0
0	6
0	524
8	155
0	67
2277	1
9047	3621
6082	3
2146	1375
28	1374
0	0
0	2
3	60
0	1276
0	2
0	1285
0	1285
19	180
0	0
5088	2
0	0
6	6
3682	1
192	7
0	7
3	15
0	15
0	8
5	48
479	48
7515	10
931	6
0	53
0	51
0	64
0	66
0	0
0	46
332	210
828	146
0	144
0	0
0	40
15	40
273	1424
0	1424
90	48
0	48
1	3285
1027	5302
0	517
6677	6939
112	0
41	82
0	15
0	67
440	1
0	0
0	84
125	436
141	436
16	6
27	629
0	362
1	1364
47	1241
4489	3487
2	1042
68	1503
0	3279
0	0
104	17
0	17
0	6
556	515
0	515
1902	0
147	783
2172	787
15904	1
740	4608
0	4058
1573	1017
29	1017
148	0
39	0
588	0
1186	5
26	5
512	0
0	0
341	0
2066	3127
0	0
0	0
0	0
0	0
0	0
0	0
1391	2565
1	2565
6184	2296
0	2296
47	1149
132	1609
1104	1473
5	591
17	302
222	780
0	135
0	131
72	164
31	1530
0	517
0	1345
0	1530
216	1020
0	477
0	751
885	2
443	177
0	177
10	69
0	33
0	38
44	70
4	149
5	1559
3260	1559
14	32
0	992
6659	1007
120	23
0	18
0	5
0	0
234	0
589	967
0	967
0	0
11	0
1	0
0	18
0	1
0	20
0	0
0	0
203	74
0	74
15	1
0	1
0	0
0	0
281	68
0	68
0	1765
143	1774
12	1774
123	3416
95	3455
58	1020
109	440
18	440
1146	923
0	223
0	286
4	139
27	0
1	0
0	56
0	56
182	0
0	19
3	19
6010	3814
82	854
1811	1
0	3
368	984
0	677
0	957
0	928
0	2419
6225	2423
5646	0
459	15
0	15
925	0
25	0
28	595
2835	2067
24	106
438	279
496	214
995	0
0	2
1	56
63	56
2443	452
14	328
23	193
115	0
0	2059
946	2313
875	4726
25	179
0	130
0	124
0	173
1	0
213	0
96	0
0	0
0	0
0	0
0	59
47	423
13	4
0	360
10	0
14	1318
0	997
12	455
0	496
0	131
0	141
0	1231
4053	3
0	86
79	86
8	100
18	100
4	113
0	3
0	0
1589	1104
0	0
0	1123
0	10
0	331
177	2702
0	1346
8	2702
0	827
0	598
0	253
0	318
2053	913
40	37
55	455
387	817
49	853
4	598
4644	1314
5	0
0	0
2039	13
153	20
0	4
0	44
0	16
31	54
30	15
828	1037
123	884
0	458
3971	477
113	2
1200	7
0	41
1	41
109	0
1934	0
340	0
0	0
0	0
794	4954
0	739
196	4953
4	0
119	0
629	296
0	296
0	296
0	296
0	159
19	0
9	49
6	0
0	49
2	0
0	0
0	0
9659	8
125	2490
9	2490
21	15
0	15
577	37
3	37
79	161
53	18
0	161
0	69
0	1086
189	1086
227	0
451	0
0	0
0	0
0	0
0	0
43	0
920	0
0	0
0	0
0	0
5	802
0	482
27	2386
23	2250
377	0
401	64
0	64
0	1135
0	145
0	673
0	4
0	4
0	4
94	424
0	15
3586	10
0	9
66710	59
448	753
81	753
534	138
10	138
0	1
0	1
22	9445
276	19184
663	6345
3299	18525
5699	1640
0	1638
44	80
0	80
0	10
0	10
0	10
908	0
4291	7245
0	7285
0	2227
5	0
0	18
0	68
58	401
1	387
68	396
0	397
8	0
0	0
7	0
7065	0
0	0
0	0
2956	6
2227	2
22	0
0	0
0	25
0	25
2186	27772
0	3218
0	26215
0	27776
0	28848
17	3
0	0
0	0
0	3
4375	318
4	313
0	157
16	91
1	112
0	120
3	995
0	141
0	951
14	167
157	167
3	0
5972	9
0	0
0	0
0	0
6760	1
0	0
223	958
193	956
1560	0
1519	5494
0	280
317	308
21	0
3717	307
0	1
133	305
2	35
39	352
0	416
78	73
551	135
17	8
0	0
0	0
0	0
0	20
0	220
7	103
15	31
30	464
0	479
0	0
0	0
0	0
487	0
108	537
0	593
48	629
0	86
0	629
100	95
1630	0
485	1047
0	1047
82	369
2	309
66	45055
264	46859
6600	43823
174	45044
0	511
87	518
0	127
0	73
87	493
1	526
0	40
0	40
12011	5824
914	4153
17	1440
17	18
0	5819
167	0
112	311
8	311
1763	347
0	182
0	326
531	265
1	265
8	3
0	1
0	2032
0	465
6359	584
26	4519
27	4662
9	4108
93	2562
5	2562
691	0
45	85
0	28
0	42
597	0
3	0
3	24
0	24
21	19
0	509
205	2039
16	2039
1291	2
0	1
0	0
0	1
2	9726
103	1308
0	401
0	3350
715	9707
0	5
12	5
0	235
0	3558
145	4590
0	933
0	3
0	12616
0	7193
123	12577
5112	134
226	0
0	0
1114	10231
0	3022
0	2189
0	1448
22	9459
0	0
0	0
0	0
0	0
16	0
40	0
1582	2726
0	2727
0	604
38	604
933	2
111	9
9	0
714	0
505	455
0	455
0	186
17	220
23791	22174
11	2866
0	1933
0	21217
2	0
77	135
285	4
33	4
0	17
253	0
0	0
0	0
0	0
0	0
0	0
0	0
0	0
16	1231
21	1231
396	33
8	0
0	29
3979	5
844	168
16	168
8737	9
249	377
6	377
106	2744
0	445
0	2492
0	2793
209	52
0	52
0	29
14	29
342	0
0	4756
0	4713
0	4668
0	4666
77	5529
0	4892
13	5670
19	105
208	0
2417	114
0	114
0	114
0	0
0	0
0	390
0	58
311	463
0	1166
154	1166
171	0
20	3
0	3
0	131
0	100
47	293
0	182
2707	1358
519	1174
216	648
8	4
0	61
21	648
0	0
254	0
4410	2116
0	2115
362	40
106	38
75	0
0	10
4	18
0	3
36	21
0	366
0	16
0	545
0	555
0	0
0	3
24	48
14	53
253	44
265	4
158	29
0	27
22	40
684	0
89	35
0	23
0	12
0	1
0	1
11	3
0	0
1175	0
21	0
11	80
0	0
783	158
0	0
0	0
22	68
0	41
0	1329
0	89
0	64
12	1327
29	737
0	162
5	184
0	178
0	156
17	172
28	68
241	36
0	0
0	0
91	194
0	194
0	0
34	13
16	616
0	140
0	132
192	1392
0	1177
5	452
28	0
0	0
13	159
0	340
1261	340
0	0
0	0
0	0
67	139
2	25
0	123
1242	344
0	343
5	2
0	2
6	3
0	14
222	24
0	24
4	1063
423	1145
211	11382
107	4073
308	923
24	11382
11	0
6	0
21	2
31	3
3132	7
48	149
0	149
421	483
4470	5
0	304
2642	1561
0	139
0	12
1319	91
0	90
0	65
289	369
0	0
0	369
2215	2060
6	2059
203	0
0	31
0	31
567	1450
0	1450
496	4148
82	4148
0	3492
498	4628
0	5034
0	1135
196	1697
0	1697
0	0
0	10
586	171
6706	16507
0	8
0	17
0	40
0	47
0	91
0	5
0	3
0	87
0	94
0	94
734	267
0	267
142	0
277	0
20	0
26	0
1287	0
0	0
149	111
0	89
11	0
149	278
112	288
0	149
4	262
6	1879
0	329
158	1879
0	586
9	707
701	2572
0	1803
217	0
9	23
0	0
0	23
0	23
0	0
0	0
7430	14
2307	83
0	83
4214	1505
66	1505
0	0
389	0
0	4
0	4
0	4
0	8
0	8
0	8
0	8
0	8
0	0
0	0
0	0
0	0
8	651
93	651
0	0
64	2003
49	2003
63	667
869	428
16	0
1796	2516
50	800
0	1102
14	1162
0	931
0	1294
0	1318
48	15
0	15
39	20
11	2
0	11
1	2
0	2
3	0
0	250
0	61
10	73
69	1424
0	1420
0	124
3	425
0	395
0	1623
0	235
0	679
213	1681
0	0
0	5
2	5
0	202
234	1044
280	2868
0	39
0	81
8	2236
0	2765
10	27
0	0
4231	420
0	415
0	351
0	480
0	88
0	142
0	218
15	442
722	360
0	103
0	1511
0	9
41	1520
8	1391
1	1361
0	64
0	3
265	113
0	109
0	0
0	0
523	2013
0	346
0	1614
225	54
1793	29
0	28
1867	0
0	4
0	4
0	4
6574	12
381	2
0	0
64	0
0	0
3521	1
4874	0
86	4
0	0
0	0
0	0
0	0
0	6
0	0
0	0
0	0
0	0
3	0
0	30
15	30
0	0
4285	3379
0	3364
0	464
8288	470
0	508
1832	510
0	9
0	0
5129	0
100	0
0	0
0	0
0	0
257	0
194	257
21	257
305	2586
24	2586
21	966
29	966
3	0
451	161
20	161
0	0
729	4
0	4
0	0
0	0
0	0
35	0
0	1831
136	1884
1207	0
738	0
0	48
2	352
8	356
33	92
1790	0
2049	20456
0	3843
0	2449
936	0
6	0
2935	677
0	676
0	0
6	6
0	0
0	88
314	110
0	107
162	143
3938	151
85	4671
1235	8040
293	4494
3683	12915
0	162
472	188
185	348
0	69
72	69
4	87
0	87
0	0
212	1265
45	4074
96	3960
583	1872
42	1872
187	0
0	820
292	820
1	0
6	0
3	0
0	269
0	17
0	151
5	60
0	214
15	585
69	584
1974	0
0	0
4	549
2000	4636
1	5032
0	0
0	0
72	413
1	740
63	4742
488	4735
1008	17549
0	3939
0	14047
0	1866
2	17156
0	0
23	11
0	0
0	0
0	0
0	0
0	0
0	0
0	0
0	0
0	0
0	0
0	0
0	0
0	0
0	0
0	0
0	0
0	0
0	0
0	0
0	0
0	0
592	0
4994	1902
22	1900
0	233
323	233
10	0
17	0
0	0
0	0
0	0
0	0
0	25
0	25
4720	11520
9	11520
67	2391
0	2391
140	615
0	692
5466	158
0	157
21	0
7	0
300	0
779	1234
130	663
10	282
88	282
1927	2644
0	2475
4	1049
4837	5775
228	6
1490	0
2	559
534	560
403	963
0	106
0	0
0	175
0	36
0	22
0	175
0	175
0	175
86	0
4	0
2188	27
0	27
7	0
444	7
1167	514
0	0
0	514
1132	104
0	32
0	72
9708	4795
0	2369
0	2425
0	32
0	32
347	0
0	34
824	34
96	206
179	206
235	0
2159	0
21	113
0	113
8478	23
3149	0
0	7
0	603
29	603
0	0
832	0
0	0
805	289
0	794
48	794
36	0
0	0
0	0
0	0
0	431
0	946
0	989
0	0
13	141
42	141
59	241
211	391
0	150
54	68
1031	0
0	0
0	0
0	0
0	255
0	257
130	0
0	870
0	912
24	843
0	149
103	144
52	144
3263	845
0	843
929	4526
1538	4526
419	2026
0	2025
5	0
165	801
136	1029
97	168
8	126
455	4249
6111	2571
1611	8943
622	0
0	9
0	9
0	0
0	979
49	980
2112	938
0	936
138	1296
0	209
160	307
0	1398
0	19
0	1133
37	207
706	1536
534	0
3	218
233	3
0	0
26	133
0	133
9	76
475	77
0	568
0	167
222	1047
0	0
1	1277
1690	4
0	99
0	812
0	904
35	923
3526	6794
10	1248
0	6407
0	3091
30	3224
8	3224
406	0
655	0
6	159
0	159
8	0
971	0
0	0
0	0
0	9
0	9
0	9
0	1105
909	1105
3	7
15	0
2414	177
0	177
1577	476
0	5
5242	5
0	4538
0	138
27	4130
1636	3
4700	1
0	0
0	0
0	0
0	0
0	0
0	0
0	0
0	1
0	10
24	10
9	0
910	550
0	522
0	450
0	1
0	1
41	418
0	404
0	0
0	0
0	0
0	0
4265	3
246	23416
9	13090
2	1901
0	20661
4	244
0	52
0	255
876	0
84	3430
254	3334
2	2337
0	583
3632	2484
576	2114
0	2675
0	0
0	14
10346	4912
0	4904
0	0
0	0
28	786
0	725
0	786
444	655
0	539
2	150
115	114
0	114
0	0
0	0
0	0
189	19160
335	17725
49	17587
20	8980
20	14988
9	14931
577	544
31	970
0	808
277	891
0	0
0	1435
54	1605
0	1605
0	1605
21	10
0	10
0	387
12	422
1216	2533
0	2490
3	2
2	97
0	1392
17	551
27	2895
107	3215
145	4339
0	7109
4996	7113
299	244
2	244
5	36
0	36
898	393
0	211
1	845
3	379
4935	3748
0	3747
0	0
0	0
0	0
0	0
0	0
0	0
9	0
4	2
48	0
124	12
0	0
0	0
63	8630
13438	40603
0	40576
0	47
4	52
4	28
414	280
0	71
17	123
0	86
0	80
0	82
168	82
0	14
85	26
44	954
664	1052
16	17
5	277
30	1059
3	936
0	37
0	430
99	431
126	207
0	207
73	71
0	71
24	6
0	2827
1	2814
0	22
0	109
0	0
0	0
6	278
108	278
0	386
128	530
0	186
750	4
0	928
734	994
353	64
13	64
0	0
0	7
0	7
0	0
0	1
5	2027
88	2027
0	74
6	74
0	0
8	0
19055	2860
10	114
0	0
0	0
0	0
12387	8
308	1614
0	1569
0	1614
0	1595
32	64
0	0
0	2
20	0
0	2
31	39
6155	0
11	64
0	52
0	15
0	15
0	0
77	65
0	65
0	198
0	198
0	0
0	0
0	0
5	71
0	5
190	192
0	0
0	0
0	0
0	0
48	0
0	664
0	541
0	1338
0	1461
3773	4
734	0
64	2799
17	2799
42	3061
0	3061
10	3061
1384	0
605	631
62	665
548	0
135	0
93	242
6	827
156	1120
106	904
44	217
14	27
0	27
0	1400
741	1843
0	1340
0	864
0	794
0	3156
213	4359
0	3265
0	0
51	0
6	1
0	1
0	2009
1509	2009
4	180
0	36
5	180
0	4
0	4
0	4
991	3
281	623
0	216
0	47
2	515
0	6
804	4357
42	332
0	511
44	3966
69	4209
1	2
0	2
77	4275
35	4275
0	4275
0	0
79	556
0	556
801	0
110	0
501	34
1134	1686
0	0
0	0
0	0
0	0
7	25
0	303
0	303
0	303
0	817
0	589
14	202
573	818
77	1091
0	1091
26	1411
4463	9
9299	5465
512	119
9	125
0	141
0	150
7591	176
11	1792
5	1792
0	7
3750	1
0	0
0	0
4	0
18	1502
17	876
166	2090
0	466
55	2263
10	97
0	97
147	3516
0	3516
26	160
0	1891
0	125
254	170
0	175
0	125
0	62
8	13
0	66
0	84
10	31
0	84
0	80
0	84
0	84
0	163
0	37
3	84
0	163
0	84
0	197
0	84
12	423
1177	1997
0	1997
13	233
92	238
0	0
8	1155
1	409
0	780
7	219
0	75
271	419
5677	425
5	13
968	1761
180	1762
0	0
7	0
228	31
0	31
5	55
415	339
5	105
0	286
281	3248
23	3248
377	15
1720	535
223	520
9	0
0	0
4	0
0	0
1	0
2196	1
3	487
0	364
98	245
18	1706
28	1557
0	0
1	0
1792	0
137	183
1013	0
0	86
0	13
36	175
21	185
0	113
21	188
1	3041
0	413
0	3322
713	101
0	3274
116	0
25	0
77	5621
2082	5621
623	0
2	3441
5	849
0	148
0	50
99	3449
0	266
0	961
73	961
602	11169
194	11169
0	8
7	33
0	31
0	7
0	7
0	0
0	7
4804	4
42	221
0	129
2	0
0	0
0	0
0	0
0	0
0	64
0	60
0	144
45	208
3215	84
0	84
0	0
0	0
0	152
501	152
0	249
0	13
0	926
0	1019
0	1041
11	0
0	0
0	144
6	1523
0	2848
37	2826
2991	154
42	1629
0	1629
137	0
0	330
9	374
1254	3844
15	3647
0	0
585	0
0	0
0	0
0	0
0	0
112	0
0	0
872	0
0	0
6	0
0	0
0	0
28	112
0	8
13	40
20	0
0	0
0	15
371	73
0	73
156	322
2415	538
196	538
285	100
43	77
0	10
0	67
2195	6537
0	1195
86	6536
105	184
0	36
358	0
185	666
0	666
1555	1325
0	1328
0	304
0	304
4135	1870
67	1865
0	269
0	237
322	1275
3	383
34	43
0	0
0	0
18	522
307	522
543	840
0	661
0	676
148	305
4	305
6	12
4	0
0	12
0	488
0	121
0	65
0	119
0	0
0	0
10	0
0	2032
7	1818
16	1377
228	349
0	310
0	353
6461	1
658	1051
17	332
814	3454
265	3454
14	2571
25	2472
5	2566
199	66
0	66
3	96880
0	27206
695	104037
923	3626
0	1518
4	3309
490	131
0	131
582	885
0	885
63	18
206	180
5	36
1319	1
1	521
0	521
1543	474
0	474
788	4109
54	4109
0	40
0	40
283	336
15	336
184	0
969	1558
0	1491
0	1436
0	1475
0	1543
0	150
5	150
1	0
264	0
624	165
5	9
2	0
1129	2
0	2
0	0
0	0
8	0
1960	2
0	2
3525	2183
0	1345
5439	3
0	3
0	133
0	45
755	176
5	0
140	156
0	112
152	0
0	0
0	0
0	0
24	0
0	0
296	1624
154	183
0	205
2	1504
0	5
0	5
4	5
0	5
59	0
638	0
165	440
4	440
96	1368
35	1368
0	181
3	211
10	33
0	7
121	1
9	1278
111	1278
1456	454
23	454
13	36
0	12
0	12
0	27
10	156
64	224
193	1213
0	1126
4060	3510
9	3492
0	723
0	0
0	45
7	0
0	0
0	25
11	4772
20	47
0	0
1	4772
9747	23
943	845
84	1375
3	1603
2	335
89	898
0	898
1133	7
0	25
24	25
5	5706
0	3358
27141	13201
0	3303
33	0
0	305
42	305
367	2081
4	1856
9	1427
351	2982
0	2739
9	2723
0	315
0	0
0	3667
1116	3667
0	13
10	1115
0	788
0	12
0	5
70	5
5244	0
0	0
0	0
3181	2458
0	2458
0	0
4	0
0	1389
460	2281
0	905
2	1023
268	35
117	0
227	534
0	149
20	313
0	300
0	286
0	313
0	58
0	33
0	18
1	545
0	275
0	545
47	0
270	3
688	0
0	0
0	0
306	68
3	68
1100	0
300	5722
0	5722
0	5255
0	541
9165	2528
0	2222
0	647
762	1585
161	1585
4781	202
0	202
0	0
0	0
0	0
0	0
0	0
12	1
0	10
7	10
5	782
6905	1678
18	1674
622	3394
59	1085
61	4551
0	0
4	0
80	127
0	127
0	449
0	49
2	262
0	241
268	283
543	786
1972	1392
0	6
37	44
0	5
2	34
0	0
10	33
300	3533
36	5660
26	2831
0	5916
0	9
919	2574
195	2574
78	118
4	107
0	5847
52	5847
814	0
170	60
0	0
548	137
6	137
15	69
0	0
7	12
0	12
0	0
0	0
0	0
0	215
21	313
252	3193
0	677
0	497
0	455
4	3003
0	0
488	2477
2052	15051
91430	15140
205	2689
0	1989
0	0
0	0
0	0
0	587
4	142
1136	0
0	108
2080	834
40	609
2	605
0	0
15	14
4933	13
0	12
71	12
39	276
503	594
68	594
74	15
778	69
61	3633
13	3633
46	134
8	196
0	422
410	422
2	158
0	172
0	125
1	172
0	0
0	2
0	2
501	178
0	178
37	0
294	1860
10	1731
99	1831
11	360
313	360
0	0
57	201
9	2453
0	66
0	2961
0	2992
0	2417
0	2590
5066	2647
0	2846
0	2761
0	1099
19	0
23	0
117	29
0	29
1872	1099
0	0
0	0
349	0
0	0
0	0
0	0
223	124
0	24
0	0
20	0
2747	4444
0	4444
3991	2
21	4
3274	10
0	568
0	573
0	162
0	94
0	75
17	244
0	118
230	407
0	297
0	558
0	385
778	664
663	865
0	11
0	11
0	11
0	0
78	329
0	126
4074	0
4	0
0	0
0	0
0	0
0	1199
0	508
360	1199
2255	2
0	0
364	0
360	0
0	0
178	577
299	577
0	245
34	245
14071	5
270	190
0	22
0	190
0	140
91	11443
0	2486
0	3946
129	10219
214	0
0	0
0	21
0	21
4	0
61	0
249	330
4	2194
646	9780
43	9782
1	29
807	1
5	3
0	229
1073	255
98	0
73	6042
0	804
15	6690
140	4427
27	11524
6594	598
0	598
25	85
0	0
0	70
0	77
0	85
129	492
12	40
0	492
357	0
0	54
0	54
0	25
241	360
0	340
817	0
1122	6608
0	6603
380	108
0	108
0	5
0	0
0	0
3191	1077
42	1075
0	0
8	122
4	539
0	86
0	170
0	539
49	445
536	0
1112	604
113	604
18	14826
0	13269
0	9556
2783	2
290	156
2	137
0	71
7	18
28	48
0	17
154	285
0	285
0	1362
455	1608
8	1433
0	0
478	6073
0	9304
7	4445
43	6275
1545	0
21	0
0	0
0	6
0	0
0	696
0	5
737	0
0	525
0	18
0	151
41	1260
0	177
67	1078
21	253
0	257
3650	6
2458	24
0	24
9	0
608	3943
0	508
742	3946
0	188
0	18
524	280
0	205
706	4
0	11
0	5
1208	2
229	0
0	248
612	428
0	38
11	396
182	0
365	1285
0	5
0	1285
18960	9033
158	175
0	175
301	0
0	19
7	19
0	627
0	47
0	1268
131	1895
0	5
0	5
0	5
0	5
0	5
0	0
15	0
0	0
1186	1842
0	1121
563	366
0	0
4	0
0	152
0	11
26	175
0	29
154	29
160	1877
0	683
0	1871
0	430
1045	3981
0	852
16	3783
248	0
7185	1
71	446
0	4724
4	1510
0	93
0	4688
46	4451
466	0
19249	5250
0	5232
352	0
0	0
0	0
134	227
0	94
0	187
0	33
0	0
28	0
374	0
13	0
153	3730
25	3728
0	16
464	389
395	0
0	5
21	82
1275	1503
183	1580
211	1
8	0
0	1241
216	1241
1	24
1055	11409
21	220
0	11453
48	11132
0	11282
79	355
41	355
0	0
269	0
0	0
0	67
0	56
0	99
0	88
6	737
0	744
0	0
11	0
48	81
0	81
6	0
4	61
425	84
0	62
0	62
0	25
149	26
1505	0
0	0
4	0
0	0
38	9654
285	10086
4	115
0	179
6	190
33	186
18	669
20	552
6	108
6	567
0	19
144	19
10	414
0	415
467	0
0	0
50	194
26	194
0	6
22	0
29	5
85	0
0	58
0	188
2095	961
0	2
0	0
0	0
190	0
0	0
0	0
14	270
46	320
1106	1711
24080	1722
5	32
0	0
0	38
0	177
0	143
0	8
158	202
470	739
0	739
0	1022
37	1022
0	5524
79	892
0	603
5	603
0	5586
3496	7212
17	7212
2190	1025
917	1025
0	0
0	0
0	0
0	0
0	0
0	0
678	0
460	0
0	58
0	58
3119	0
13641	15
6	17
0	17
7233	5
4918	0
0	33
0	100
0	100
44	1070
0	717
0	756
0	65
0	248
0	0
0	3
1046	4
0	0
0	0
0	102
0	63
230	102
1	0
0	0
176	0
4932	7694
0	1079
0	707
2414	0
671	0
12	59
1	16
6	39
22	478
0	92
0	425
118	2057
0	2057
52	26
0	26
0	0
0	0
13	20
0	20
0	20
0	20
167	0
46	107
5	94
0	121
281	0
310	166
223	236
27	235
34	0
0	0
106	1339
0	2026
0	1776
11	479
730	2595
95	2206
759	0
718	865
0	497
753	1
0	0
0	0
3	2785
0	2785
3	2785
8	2780
0	2785
0	2785
517	350
2	320
0	348
0	0
0	69
0	13
0	69
2	13
3745	6
2	23
9	23
7	3257
19650	3261
0	12
0	23
0	23
0	43
726	262
32	219
0	4
120	4
0	0
0	55
0	58
0	12
0	0
1	490
0	192
0	193
0	316
0	5
37	0
80	543
0	543
536	1
47	552
145	552
169	68
15333	3796
0	3785
0	78
487	78
0	0
0	7
3	235
0	191
0	232
27	18
0	18
0	0
0	0
0	0
0	0
0	0
0	0
554	0
82	154
0	0
21	356
0	55
0	45
0	149
0	45
0	149
0	2
2	2
167	0
64	32
0	32
722	3464
73	3464
33	0
144	79
1146	0
196	1110
18	1089
13	1108
2027	0
0	0
3780	588
0	257
128	1533
0	1536
2	0
166	759
0	401
0	758
103	0
4496	10
9	0
27	13
7	13
0	691
143	5304
52	5304
0	193
21	962
0	962
46	1032
0	584
0	262
1491	1119
272	46
0	46
0	14
1	405
0	361
0	406
0	0
0	0
2382	3578
5	442
248	2581
0	2581
11	2341
5700	1285
70	1362
9	183
0	183
0	171
0	177
1930	897
0	149
102	467
0	177
5	1257
7	22
5	25
0	25
3	8
0	8
61	80
43	80
834	0
0	107
83	165
5	165
7	107
4	12
0	0
0	5
0	5
7	0
4	0
88	0
46	372
0	372
0	336
86	13
1615	2126
0	2131
0	2153
754	0
3575	5
61	0
34	0
5	17
162	19
1582	4
0	0
0	0
0	0
0	0
345	2
612	866
19	866
2	450
0	450
38	67
0	63
0	4
0	3986
15	1074
6	773
5	480
281	5816
0	3791
4284	0
901	33
0	31
52	60
3684	2359
149	617
0	2440
0	11
0	48
0	41
756	41
10	0
297	289
244	0
4	14
0	14
0	0
0	0
0	0
0	8
0	8
29	0
9	0
0	46
0	235
564	383
0	180
0	289
10815	14
141	1789
0	1317
19	1842
40	0
3	291
0	212
0	0
0	25
0	0
0	0
0	25
0	25
0	25
34	1175
1523	1173
2348	3650
0	3650
0	1567
517	1450
0	1172
0	0
0	0
54	129
0	443
183	510
0	129
136	953
1	51
0	51
417	824
0	39
0	56
39	1631
0	1691
2210	0
125	0
0	51
103	562
0	311
0	355
0	513
0	353
964	2096
0	2090
205	332
0	332
465	1188
1691	0
470	0
0	0
0	4
7	4
0	1076
0	385
18	1132
0	89
0	737
118	5066
0	4557
0	4786
0	4770
273	18
0	18
495	1364
0	1364
3198	2
59	0
43	2032
0	118
0	1950
105	1878
1685	3
1530	0
12	95
0	95
11	151
0	9
3	14
3	3
0	3
0	3
191	497
4	455
0	3
51	185
12510	3
0	3
0	0
0	3
0	3
5	52
0	74
0	74
1075	697
8	697
0	0
0	253
0	66
49	101
0	272
4815	385
24	259
5	313
0	2
14	362
61	6446
0	6229
1120	2582
38	2582
10	1301
0	417
0	1301
4	52
5	52
0	0
1259	368
0	368
362	0
6095	3
6531	0
56	0
0	5
0	5
0	0
0	0
648	220
154	0
2545	201
0	121
229	121
45	714
575	714
0	0
70	75
0	75
0	0
0	0
389	826
0	826
16	1279
17	1221
0	419
0	129
0	46
0	0
0	57
0	113
595	12205
0	11179
349	6038
9	5833
0	3992
0	6044
6243	1
303	0
0	0
7	8
146	8
388	0
0	0
0	0
8	48
42	48
16120	11
600	3427
24	3435
0	8
0	8
128	0
44	0
2	0
85	217
0	217
5	0
192	197
1042	197
137	0
30	0
0	0
0	0
24	0
1	1167
0	970
0	506
397	1334
1	1310
261	1237
39	0
1634	3
1003	0
0	0
0	0
1554	4
0	329
88	3988
97	3988
63	52
7	10
0	42
0	1
0	0
3	1
0	326
38	326
0	0
5	0
0	15
15	15
26	3
1	3
1	0
0	0
0	1097
363	1225
2	797
2681	0
2911	3242
0	3242
2641	274
81	275
358	0
0	16791
56101	41378
0	28753
0	7
0	7
1308	0
0	134
30	134
2704	1953
74	1950
4680	1188
0	1185
5	0
272	0
712	0
6	8
5	10
78	282
840	1088
0	1020
0	1020
0	1255
0	21
5716	4398
8604	4405
343	0
1134	1709
32	739
0	1708
0	262
30	1055
0	439
121	442
18	1001
0	356
0	750
2138	4318
6	3794
0	4179
0	2646
0	3565
37	4130
11641	4
23	36
1715	5
0	12
670	0
327	193
0	40
0	150
36	3403
0	510
35	5421
0	5362
1348	0
0	11
0	3
2658	701
0	696
424	8739
1623	8742
4522	6
286	0
5350	6
0	450
0	407
0	407
0	526
37	605
4	113
7	597
77	603
357	11369
10118	11369
4517	1505
0	1041
3	423
0	0
77	32
0	32
4	51
0	0
0	0
2	0
14	26
0	26
2	0
4596	5447
0	4494
0	3365
0	2763
4887	1012
0	593
0	420
40	90
0	56
0	56
2	90
4	0
2	401
10	117
0	16
44	283
0	220
19	312
76	484
0	484
159	0
42	973
39	973
12324	10
0	0
0	43
0	26
42	69
0	0
1269	2504
0	2501
3	2501
1200	2
4674	0
66	0
82	123
0	47
0	121
0	0
0	11
0	379
0	32
180	696
7	628
9148	12
0	121
203	429
11043	1616
0	44
0	674
0	661
0	458
0	287
0	111
1116	1292
8	990
0	0
1105	857
219	699
0	154
0	794
5309	7
0	0
0	0
7274	2574
0	1481
0	542
0	238
0	874
221	98
7	0
0	0
0	0
822	0
150	999
8	913
0	512
0	148
0	137
0	93
0	23
0	57
0	75
0	75
0	65
0	8
3353	2499
134	2499
0	3392
0	3392
0	3393
918	3400
0	3
0	0
0	3
0	3
32	3
0	0
0	0
258	68
0	68
172	417
0	417
7	2981
0	1292
0	3112
0	17
0	0
0	17
48	156
0	156
7	0
8	251
0	245
0	251
0	259
0	29
26	29
1020	644
292	180
0	180
868	0
0	1224
0	882
391	1229
44	979
0	6
0	6
0	6
43	94
0	334
0	264
4	179
290	807
62	1735
35	149
3383	1737
2588	480
0	432
0	48
333	0
0	415
94	415
0	5
0	5
31	62
3108	6
4	0
271	4
665	0
297	1614
12	520
0	318
51	1241
0	1241
0	0
0	0
2086	701
0	1825
1413	2505
398	1067
0	1067
2589	4
0	1
0	1
0	0
342	0
0	70
11	79
3711	242
0	241
0	60
0	791
0	2
23	845
5	90
0	16
6	16
5	96
0	0
0	96
2435	1041
3	1040
398	323
37	323
0	0
0	0
0	0
2	0
0	0
0	0
0	0
0	0
143	0
0	0
0	25
0	33
0	5
19	33
1598	3550
6	2689
526	2
0	4
0	4
5395	1
0	17
1775	273
24	0
9482	14
0	8
1	167
101	167
3	48
18	10
5	10
48	0
0	63
428	555
0	555
6	0
5079	3901
0	2531
466	3334
0	164
37	164
4	189
0	113
1	229
0	751
7	43
72	751
18	55
0	1
0	54
73	81
0	81
5	571
0	566
12	0
1662	0
306	0
0	589
0	644
0	62
3592	4
0	0
0	17
33	94
0	0
1	37
0	37
7	0
0	1568
726	1649
0	1580
46	467
0	467
1114	2148
78	744
834	1617
7868	5345
0	5338
1605	5108
3	4280
1689	0
6	163
0	10
0	122
0	50
0	47
0	51
0	31
0	26
0	122
4	3552
201	3552
192	1397
34	852
0	74
283	1640
35	633
296	633
0	0
0	0
0	0
241	0
0	0
0	0
685	0
0	567
71	567
0	42
2936	2115
0	212
6	2123
0	0
0	0
527	0
10599	4
0	0
972	4
128	0
1319	0
272	147
0	8
0	139
368	22638
0	3813
0	3809
89	21700
1225	21787
0	13108
0	12830
1	13796
4	14074
0	70
0	151
0	908
61	780
0	770
0	0
0	0
216	478
140	67
0	439
2	1235
4562	1238
413	2366
703	2366
1329	0
0	18
37	21
0	18
1557	25
0	1159
4	413
0	1159
0	0
0	1731
416	1731
0	10
9	110
0	110
0	0
0	0
0	0
206	623
0	623
641	0
780	114
1774	1
3	241
0	30
0	19
38	238
182	445
0	463
491	994
0	994
0	21
0	79
0	55
0	150
0	95
18	252
12	193
12	171
1	197
0	197
0	0
0	0
0	0
0	0
4	10
1901	16
962	2
0	0
323	97
2003	0
0	0
0	0
0	0
25	1672
0	5
12	1672
221	431
7	290
0	73
0	253
0	48
0	369
9	242
0	186
0	168
0	224
8666	1
1075	819
0	819
0	0
3	3
0	7
3	37
0	3
8	44
0	3
0	3
0	3
474	384
0	384
458	0
13	917
40	909
0	957
6	917
480	957
708	1469
17	26
0	23
11	1476
0	57
0	35
0	301
0	39
0	21
0	69
0	256
21	0
4921	1
34	0
10	6
9	334
0	334
0	247
39	358
0	129
0	1275
0	980
6024	0
0	1096
0	1103
0	770
0	1103
34	679
7	663
0	485
89	823
0	184
30	17
0	823
2247	0
5	0
17	3209
440	3209
943	39
0	39
8	14
0	14
3	0
58	0
561	2043
0	1508
0	1758
232	0
156	1188
0	1019
1	276
4	516
10	368
530	418
0	392
13	392
141	280
0	280
0	10
0	10
18	39
0	1067
243	1067
36	291
0	1275
1939	6
0	97
11	3
2	97
3785	0
6943	19
0	221
0	43
0	29
0	218
16	203
0	211
10	246
0	246
0	45
0	24
82	45
3338	4
0	94
11	94
14	0
1078	1650
0	1650
0	0
0	0
152	0
0	0
0	0
72	1001
0	133
0	166
0	37
8	1001
0	1001
275	84
10	139
0	110
0	0
0	0
0	0
3391	0
748	4004
5230	4007
0	3547
547	0
0	0
0	0
0	0
22	13
357	1593
943	1598
0	1
2	1
826	1840
170	1840
13	156
0	143
562	143
1106	644
390	0
0	0
0	0
0	20
0	40
367	60
23	392
0	0
612	392
89	57
0	26
0	31
727	248
0	242
637	223
0	182
0	41
408	0
338	62
0	62
5421	6
46	94
0	27
0	26
563	0
16	1069
0	841
20	393
0	835
552	730
0	730
184	277
31	275
9	51
0	50
31	348
0	60
0	2499
0	2415
0	0
262	0
0	0
0	0
648	1317
0	9
0	1317
49	1308
326	0
236	168
0	168
1	214
9	1375
0	1375
0	0
104	0
0	0
0	0
633	0
31	1342
0	1120
0	899
0	0
0	0
0	22
0	22
45	11
0	11
0	0
348	0
1188	1789
1	0
0	0
95	0
0	67
499	67
0	31
88	232
2346	2045
0	1510
0	544
37	511
0	1428
54	1866
291	0
8	0
0	0
997	0
124	28
0	28
0	33
64	42
0	42
78	0
4	24
8	379
3107	379
0	4
0	4
634	0
1020	5957
0	5957
1	16
182	344
21	344
1356	706
63	706
2829	2
0	19
131	19
466	700
0	198
6	386
0	512
0	44
0	42
25	1054
0	1054
0	0
0	23
0	23
710	590
0	590
0	587
0	0
890	506
5	506
0	67
2003	558
42	596
0	596
426	330
0	330
0	0
0	266
0	266
0	141
1759	8455
339	1852
81	104
0	0
0	8
0	6
85	1981
11	1981
85	418
189	72
0	15
0	324
0	344
1	70
4	0
0	0
0	974
0	971
5	3042
0	3935
0	3445
49	3834
0	0
0	0
9	23
0	23
14	17
0	17
70	103
0	103
9	0
410	0
0	11
4	56
20	56
0	1
1290	2538
899	2538
0	2537
0	0
0	8
0	8
0	0
0	0
565	8533
0	8577
0	8467
0	8826
1351	1021
0	1020
0	0
0	397
0	388
0	302
0	0
0	0
0	0
0	0
0	22
0	19
0	22
0	20
0	57
16	210
0	54
32	210
1	20433
38740	20452
0	198
71	1175
27	1175
1809	2
687	0
7597	14
180	16
0	10
77206	12865
760	0
0	0
0	1700
0	1691
0	18
0	0
0	798
0	733
0	777
0	789
0	798
542	741
0	740
2807	4
652	688
574	688
201	0
1145	3
854	130
0	130
374	440
3	440
0	57
252	57
201	324
168	348
0	0
0	9580
220	9580
184	9307
3200	1678
2	179
0	1678
269	17
11	0
5603	3197
37999	22
58	2895
526	2895
3	34
0	1275
603	1468
17726	5126
0	29
0	5107
40	21
0	21
1092	497
0	476
0	316
7	244
0	1
0	6
0	6
82	0
126	0
0	59
0	29
35	520
16	85
11	520
0	128
0	121
0	131
0	609
10	612
0	342
1842	342
5	12
0	12
0	11
2276	4138
13	0
0	1
0	0
0	360
0	64
0	165
0	0
6	0
145	3517
0	1447
342	3950
0	0
0	0
625929	147976
10314	18
0	1
9	1
0	0
1438	0
0	0
8	9
5	4449
53101	4496
0	89
145	89
0	0
0	3417
441	3417
0	0
0	0
1615	351
0	351
37	0
377	0
42	48
5	64
30	22
2	53
0	53
2704	0
0	8
0	8
3845	1075
2725	5
282	90
6029	14
6	3108
2213	3110
0	0
0	680
0	1038
120	1516
17	0
10	0
0	0
0	0
0	0
0	0
209	828
0	0
0	0
0	0
0	1498
170	1997
164	1997
0	488
0	753
866	1191
12	4545
6	111
0	4524
53	562
97	4524
0	0
0	0
0	0
0	0
71	3608
40	3608
847	472
0	469
80	163
2	0
0	0
0	9
0	2
1113	1679
1	308
0	162
254	162
62784	67
2037	146
0	67
0	79
0	0
0	0
0	12
0	0
156	12
878	13313
46	13432
0	13432
0	0
0	0
1302	5
0	39
272	39
0	6
0	0
0	5573
58	5475
46	5473
0	3353
0	5591
0	5493
16264	8777
0	8763
165	239
7	0
13	6
0	781
16	781
2349	4158
0	4156
0	32
16	80
0	0
0	0
0	0
2512	0
0	23
0	0
0	23
0	0
0	0
0	0
0	1
525	258
0	258
0	122
9565	113
4	101
1	0
1488	0
0	10
34	10
0	10
0	201
76	201
1497	0
0	0
0	311
27	2357
0	2357
20	50
265	0
8	16
12397	906
0	899
0	899
41	899
0	344
60	636
757	1689
0	1108
6	1134
373	0
2	6
1850	0
0	6
26	47
0	47
903	0
789	3725
40	3724
0	1796
4066	0
110	302
24	552
956	552
1922	0
1	0
10	0
5	166
10	166
461	1768
1067	1768
0	4442
5228	8111
0	3823
0	1111
606	1
6	13
0	56
35	104
0	59
0	34
0	34
0	56
0	67
0	0
0	5
2686	321
0	213
0	10
0	91
133	25
0	25
90	0
5	0
106	177
0	177
265	1275
17	1781
13	1686
13051	19
1405	2
8336	4852
11	0
158	0
5	6
27	443
1549	5
0	807
213	808
5100	5
0	6
0	6
1132	0
40073	17
615	2815
0	2815
6	2722
1033	1017
0	317
0	0
0	0
23	2637
141	2637
0	6
0	6
26379	25
10	1281
0	550
4	181
6	1239
24	1344
0	1344
5726	3621
216	3620
710	0
0	3
0	17
42	17
0	1179
1609	1181
3	4
0	0
1470	1410
2475	1891
0	1872
146	1858
0	0
0	0
178	894
0	894
0	0
0	51
5	53
0	46
4712	83
0	80
0	0
0	0
259	1987
5	1907
34	1818
0	9
0	0
0	9
0	0
0	0
10	844
0	237
428	0
536	1444
170	0
382	379
139	16
0	16
0	0
1771	0
3856	1859
0	1850
126	252
0	252
45	0
0	0
0	0
771	317
0	316
0	12
36	12
0	0
2	16448
13	19943
5	20200
0	20822
0	5710
6246	27655
0	9
0	9
35	1618
27	1618
0	4
0	4
5	0
0	0
94	0
87	446
57	446
9	165
66	184
3107	0
37	5660
0	2498
612	5221
43	82
0	3
0	82
4089	930
1520	930
0	0
324	4628
0	1256
0	4628
1400	519
0	519
1273	0
296	0
432	437
182	143
16	467
4	477
0	6
1230	1499
1455	1501
1058	516
0	516
0	995
2647	998
2417	262
1383	262
2325	0
1722	0
11	160
0	23
0	37
0	38
0	77
242	175
6	22
0	0
0	3
18	19
7252	6
0	3
0	8
5	13
4	4
37	15
0	11
0	11
598	181
944	0
10	16
0	15
32	17
42	0
0	12
0	0
0	16
9	16
0	7
0	7
129	0
3656	6
0	26
0	26
0	0
264	412
0	124
0	0
0	0
51	324
0	319
17	342
0	0
0	0
0	0
0	323
25	355
1315	1
837	1616
0	1613
0	0
0	0
0	0
9	250
99	250
8	35
0	35
2861	0
560	0
0	1525
0	88
28	1549
0	0
72	0
0	0
0	0
50	13
0	68
0	32
358	68
6	1036
3057	1037
0	0
0	0
0	1142
177	1081
31	812
0	2
0	178
0	178
66	0
0	17
0	31
18	6
2902	1480
4	1471
47	19
7	1
140	0
0	53
0	2061
0	262
1	3
7	156
0	2197
9	2065
0	2175
0	2187
0	256
9	707
586	7407
50	7407
0	0
0	0
0	0
29	1735
1163	1735
3439	1113
2019	1
17	0
0	0
660	0
91	1035
1	71
0	13
0	10
0	5
1	13
177	0
5960	3577
28	3574
33	0
0	0
0	0
99	0
0	739
6	740
1428	848
4	734
558	287
909	329
0	329
17	0
25	343
0	859
0	666
846	1667
0	0
51	28
0	28
0	0
0	0
0	0
13572	5
58	1083
1	10
219	1083
0	56
863	1966
11	160
12	1979
693	34
275	34
126	259
0	64
0	195
0	79
0	195
0	2271
4937	2272
592	0
302	29
13	26
0	13
278	0
0	0
0	0
559	0
64	0
34	41
0	41
2907	0
197	20
2368	2
0	14032
0	23646
0	18492
204	27106
0	13640
0	0
0	0
0	0
520	115
15264	16
0	5
0	5
24694	22
38	86
0	86
27	199
11	125
180	150
1506	4758
3	4758
113	0
249	2569
47	652
78	2569
0	3
0	501
0	50
7441	505
3012	1
6	0
283	89
0	89
0	89
0	5277
16	5049
111	5074
0	5267
2	6
83	6
0	3
36	255
0	305
88	0
19	3
1462	189
0	9132
2726	9320
0	0
139	669
0	143
41	669
25	8
682	15596
5	10009
60	9966
4	15738
0	586
5	590
0	593
727	846
0	255
624	0
3873	0
19	355
2	0
143	0
1315	52
0	52
12	89
8	331
0	341
0	138
390	138
0	12
14	47
0	47
4168	2818
0	1824
13	1706
0	1558
395	0
21	0
8	40
210	40
14	2
0	2
0	0
0	374
2683	0
43	14
392	5781
0	195
0	1339
0	4671
17	3995
146	1406
29	944
0	229
0	470
0	3924
0	0
0	7
0	7
0	7
0	7
728	1
36	678
0	248
0	2318
26	2318
3	6071
29	6821
26	258
126	255
8604	1696
0	1690
10	0
27	29
0	0
3	0
0	0
177	724
0	724
2003	0
0	0
0	0
0	0
153	112
0	112
16	73
155	73
62353	74
82	1728
0	1728
687	194
0	194
0	31
270	118
0	105
2369	1
0	0
2	0
300	12
0	11
574	1410
93	1412
484	0
11	39
2	39
436	109
0	109
30	326
0	0
0	0
0	0
0	0
425	926
0	926
0	47
0	0
161	148
0	148
8	0
26	0
52	47
0	45
10	24
10820	15
0	552
0	5
0	162
65	57
0	229
0	77
157	77
376	0
0	0
0	0
0	0
0	0
0	224
0	209
214	193
0	8682
0	8111
15501	8690
72	1793
422	1794
474	0
88	68
0	61
0	64
0	0
55	1521
0	1521
36	116
0	82
31	94
0	0
0	0
4934	2
4439	1455
134	1448
0	0
0	57
0	0
185	62
280	698
0	277
0	147
20	830
0	698
0	0
0	0
0	1
568	1
69	159
2	159
0	159
24	140
25	28
31	16719
561	16719
0	0
2912	0
0	6510
0	2970
13	2352
0	4311
0	5847
11	6625
7031	2504
5	2504
1990	36
0	36
0	5
127	0
5017	2657
128	2652
0	2392
0	438
29079	3631
379	45
0	42
1138	2965
0	294
71	270
0	267
3	2961
1	12
0	12
0	9
0	9
0	9
1250	641
0	640
1344	0
4543	1492
0	539
602	1484
40	0
0	2268
0	42
1930	2263
16	0
861	0
26	2
18	3
0	5
1812	422
0	942
0	666
0	129
318	129
0	1
0	1
2013	0
573	100
0	0
0	0
11	0
141	6488
7	6488
15	0
4583	2986
6618	8735
0	8730
0	1187
158	7721
0	455
138	7721
193	835
0	835
1572	4
137	1942
24	1942
14	0
5	192
0	103
336	266
313	385
0	385
0	136
0	403
365	406
1805	1
7	0
280	2
104	2312
0	2312
0	852
39	852
79	0
69	164
0	0
0	65
0	143
0	3124
0	1465
0	502
0	3827
0	2136
18	4121
0	357
41	357
129	7
0	0
17	38
258	38
353	0
206	158
554	0
0	0
0	0
0	0
0	0
371	4296
0	568
0	4166
2254	2212
146	2212
318	0
667	0
0	0
0	0
0	3
378	2876
0	2876
1712	4
108	5461
4535	5559
122	330
1485	0
1835	770
13	13
28	760
1780	0
810	3
0	0
0	0
0	0
0	0
0	0
0	139
832	5133
1737	5048
4	83
0	0
3	0
0	26
0	26
35	0
633	635
743	294
0	288
0	83
0	28
0	22
0	56
0	18
0	23
0	93
0	32
0	61
50	0
75	26
21	17
143	499
2	224
0	258
0	812
0	665
91	827
0	14
0	0
0	0
815	2
0	0
0	23
9	710
0	76
55	687
24	0
72	0
22	789
7094	256
0	245
0	0
136	0
0	0
1414	1646
0	573
0	1644
0	103
0	103
0	101
57	268
0	103
176	268
841	2
3	0
0	0
0	0
275	0
216	0
6	0
830	0
18730	7481
0	7470
573	0
703	112
0	112
0	0
1366	0
66	315
0	284
0	291
0	402
0	162
23	153
2891	1752
0	1437
736	4
256	3967
0	2292
4522	5156
22035	15
20	45
0	30
0	45
0	45
644	7936
856	1134
0	1131
0	0
0	32
84	32
103	0
0	640
552	901
0	124
5	323
0	210
0	0
50	2
0	29
0	9
2083	1664
1245	0
5100	9
2301	169
0	169
5	207
0	0
57	405
4228	618
0	541
35	683
13	178
0	178
3	22
0	6
0	27
1146	3858
0	78
0	3843
56	3878
56	143446
4944	143452
5440	143448
5950	143393
0	0
214	25
566	25
3172	1504
0	1502
0	47
30	91
948	91
6692	5
0	1
0	1
149	0
312	3
368	0
139	292
896	293
0	2999
0	2979
421	6
31	380
0	3064
0	3044
10501	2
33	0
514	0
0	7
0	14
0	5
0	5
0	5
64	27
1823	0
287	150
0	9
2	9
2731	0
777	544
0	296
0	199
235	0
5236	715
29	710
0	7
19310	10132
0	10130
0	12
120	5378
38	5378
28765	10
433	904
6	5
91	909
0	88
132	91
0	85
406	3176
957	3176
694	114
0	114
65	385
127	1405
2	211
0	117
0	22
0	302
8	0
33	48
0	0
0	59
0	153
180	153
8712	11702
0	10474
3	943
0	11121
20	10906
0	17
0	0
0	0
3764	2966
1351	0
10	219
0	217
16	1620
27	29546
39340	29562
0	1340
2	669
0	735
0	736
0	736
47	0
782	2623
14	2579
0	1103
25	3038
0	624
44	79
0	37
0	0
70	1188
1051	1146
0	1146
315	1070
2	1070
2	416
0	416
0	21
35	0
14287	5864
0	90
11	3
2691	0
167	1023
0	1023
2	564
78	17
0	35
0	0
0	35
1	60
0	167
0	24
0	496
208	665
0	1
62	220
1088	220
1886	1205
0	68
75	1199
0	165
90	130
15	82
0	103
1	7
1943	0
1	173
0	173
488	4628
0	4628
112	138
0	138
0	130
240	1637
0	6
5	589
0	589
0	0
0	0
0	0
0	0
15	7
0	7
60	3400
1749	3402
0	3087
268	2181
92	422
2528	2018
143	594
0	1819
343	3678
0	3674
4	8
0	8
1001	0
0	0
1	8
0	8
609	2002
0	115
96	2129
0	596
110	617
0	260
0	376
0	65
15292	15
36	272
0	272
0	557
0	587
0	535
0	118
1865	758
0	725
0	638
0	888
0	620
0	888
0	0
0	372
5	372
359	0
3289	2
40	491
77	522
67	522
10292	3
1800	13
0	13
8	0
11	1806
4550	2170
5	0
0	1923
0	455
859	2378
81	0
860	35
430	0
0	0
0	0
171	0
8	480
0	222
700	277
296	833
0	833
0	194
0	7844
3128	7844
103	181
0	181
0	175
0	0
7	0
74	0
3	107
37	116
19	444
1470	445
30	286
5	286
0	0
6	386
0	386
45	0
3273	0
0	688
541	688
2194	643
0	7
8	230
88	230
0	478
0	331
888	1809
0	680
0	0
0	0
0	4
2	88
5	2916
8707	18365
0	6849
0	17542
10668	10
461	267
71	0
9844	4
0	0
109	147
0	147
99	0
5590	4
1857	509
0	506
0	423
244	286
1809	286
0	1139
6	642
0	1115
0	1115
27	398
14	167
0	150
0	108
8	294
9	252
16	353
0	0
88	0
4	383
0	1804
511	1803
217	0
0	11
0	32
5	2191
0	0
7	2120
0	333
235	2204
0	2155
3348	0
305	1338
6648	3201
6	832
3240	836
63	2759
185	374
3784	2696
42	326
804	823
0	807
6382	8138
0	8134
48	54
0	54
841	265
0	37
0	228
0	355
70	340
974	164
281	0
0	31
0	31
0	0
0	0
93	486
45	486
10	1053
74	1053
0	0
0	0
1	0
3	3
0	3
18	0
556	0
0	0
0	0
0	0
258	1596
95	364
0	1970
7	220
95	4148
0	4148
0	0
0	0
590	0
10773	27711
26	12197
32	15601
59	192
0	7
1380	3
721	549
0	549
4	275
0	0
113	211
0	98
6	469
946	469
0	0
0	2
0	0
0	3
0	3
0	3
0	0
0	0
597	290
0	285
309	205
0	115
0	1583
78	4008
0	4008
499	5036
35	5036
2637	237
2	13
154	223
0	298
5043	298
5292	1
4394	21
0	19
0	3
0	0
0	68
0	68
0	191
28	242
0	341
469	392
0	0
3798	3
0	29
319	294
0	24
0	27
0	257
0	267
0	0
0	0
30	364
0	364
0	1593
142	1593
1608	0
0	0
0	0
339	3091
0	25
442	242
0	120
14	3107
0	2
3	0
4705	2559
10	2536
6	2647
17	658
25	107
2	655
0	624
125	0
238	399
26	1891
3824	3106
4	1216
4226	3406
5654	2
138	0
740	0
1477	0
395	745
52	745
0	347
429	347
0	0
0	0
5439	5
0	0
0	0
81	518
0	919
0	919
2832	1560
5	1569
0	1570
93	2645
0	866
415	3511
925	835
29	0
795	0
2	0
31	6
0	6
0	18
34	18
56	123
157	57
0	7
92	7
939	0
592	0
11	0
35	555
12	555
0	0
83	20
0	3
0	17
0	11
0	221
2123	222
6	4123
234	4420
1	1378
7554	4235
15	0
333	0
7566	1351
59	956
6871	348
0	348
0	0
0	0
0	0
299	1
28	870
553	870
0	10062
0	97
0	202
0	10097
162	10261
94	10308
0	10464
0	10401
0	0
0	0
4	0
0	0
0	9
9	233
0	118
1695	270
4	124
4684	124
3730	1
7	12
585	0
0	0
0	0
0	0
0	0
11	1279
83	1279
14	5342
4203	5343
1376	0
144	1
0	0
0	0
0	17
0	25
0	10
0	14
0	27
37	26
2078	402
0	402
0	0
0	261
1	261
96	0
17	18374
17	16104
2	11898
113	20649
135	24768
4248	25339
0	1182
714	1183
0	37
0	210
750	247
399	266
0	266
0	228
889	969
0	78
0	4
0	180
0	969
28	885
0	395
1956	1310
0	1310
1011	1
163	69
0	1321
18	1637
42	1682
0	10
1847	332
0	79
0	237
0	4
0	4
0	4
93	0
71	356
7	45
5	0
2	6
0	6
0	6
0	6
115	881
0	881
409	432
14	432
0	0
223	466
0	105
0	432
37014	47
0	82
0	141
0	153
35	142
0	49
22	116
0	498
0	198
0	470
0	2874
254	6148
0	6317
0	1676
65	500
1111	5502
838	126
0	6
0	120
18	0
685	0
0	22
29	101
0	101
29	784
44	784
5	0
2251	255
55	255
31	0
0	0
0	0
57	2844
0	2844
1570	2
0	3
0	3
0	3
137	4
4991	10
779	301
0	301
538	6
0	1
5432	2965
0	29
0	49
657	45
789	2961
0	0
36	78
0	54
0	46
983	0
13	1989
98	3013
0	2074
5	1158
0	239
541	407
0	225
15437	4886
2	4882
0	20
184	20
121	658
0	658
0	1158
0	1191
0	1191
161	222
438	222
554	1432
2295	0
146	457
210	457
0	0
0	0
0	0
0	6
0	285
42	310
0	310
3955	1
57	2541
27	2038
37	0
0	0
2	26
233	290
39	115
0	290
0	0
0	0
0	0
557	132
0	132
2717	5
1137	645
21	0
0	0
7	257
52	257
558	394
1161	56
0	58
0	52
1	63
0	68
9	3
11	3
0	277
0	327
0	34
0	380
54	1189
0	1
0	1526
0	1442
0	248
1655	0
572	706
0	706
0	0
0	0
0	0
3	3
0	3
0	0
0	0
126	0
0	313
167	313
60	7620
0	185
0	324
0	7621
0	4811
0	0
0	0
0	43
0	0
0	0
114	0
620	1958
273	1887
0	71
7253	2369
0	1724
0	1810
0	1553
0	2138
1086	0
6	1215
0	791
2	734
209	1325
0	1147
3	0
0	2325
0	222
0	33
306	2531
1277	833
325	991
0	1034
32	0
7	0
465	5002
1746	4910
7	521
0	1023
757	382
0	137
0	264
0	277
1301	229
0	229
25	0
0	680
413	900
20	898
0	0
0	0
0	0
33	1052
58	1052
0	0
0	0
0	0
414	3127
4482	3145
94	3012
819	1736
0	1417
0	849
40	521
41	521
2482	1366
2	679
9961	13
0	0
0	0
4	0
1811	763
0	763
222	1864
1085	1837
0	1039
203	1864
591	0
380	1
4	4
6133	909
4258	770
21	770
12	0
59	0
5	0
7	14
12	99
2054	100
0	4
0	4
0	0
70	77
0	38
0	78
10	60
429	0
353	0
1909	8054
50	7521
0	0
0	0
0	0
234	346
0	23
0	0
0	0
0	0
0	0
0	0
0	0
0	7687
0	3631
23509	7707
997	0
369	505
0	230
0	356
403	0
82	195
423	195
4314	6438
0	0
0	0
690	1
646	1646
0	656
16	1372
0	0
0	0
0	0
0	0
0	0
0	0
0	0
0	23
0	23
7	27
0	23
1	11
0	0
589	100
12338	1206
0	1197
0	3791
0	1280
0	302
0	16
1078	3001
61	143
0	409
27	9
0	347
445	4049
0	0
9	35
170	35
0	537
0	298
144	557
50	0
0	198
0	751
11	750
0	578
623	0
763	0
387	423
5	423
0	920
40	922
45	920
16545	933
15	38
969	44
48	72
0	72
3391	4901
0	4900
0	4785
132	0
32	0
0	0
12	646
0	646
0	20
0	20
5609	2226
6	2224
9	164
2	163
0	0
0	2
30	0
170	102
72	187
0	187
544	100
0	96
0	2215
0	2251
685	2376
47	64
0	64
0	0
2120	2965
0	86
0	2964
2257	6524
10	3149
3	5078
919	0
0	0
0	134
908	134
671	0
0	15
56	15
0	2
238	488
7	11
2166	729
274	726
0	0
0	0
3	93
220	140
0	42
0	12
5	0
471	815
75	815
0	292
0	992
98	1040
0	0
33	1055
1148	1055
885	1221
0	1221
284	0
2109	6
146	3
0	3
357	1
3315	10
66	622
0	622
0	0
0	0
0	809
3572	815
1824	0
11	5
71	148
54	87
0	87
16	123
0	123
3	351
6	305
0	1
0	285
0	38
0	38
1849	1750
129	14523
3068	23353
1769	22403
0	661
0	94
0	94
0	46
5	52
29	0
2081	2
208	0
0	1666
88	1349
6	1666
20	2801
0	3416
14384	6229
1563	2237
0	448
0	2236
822	0
0	82
866	82
1938	1242
77	120
745	120
0	38
0	63
7	0
362	7
567	329
1	329
375	315
3	315
0	0
0	0
889	0
742	2207
0	764
83	764
17	0
419	52
0	23
14	9
0	9
412	420
24	320
226	904
331	2034
18	0
0	0
0	0
0	0
1075	0
88	1066
49	68
34	1066
15	3
413	2167
0	736
621	11
0	787
0	3273
882	559
177	3054
0	2
0	0
0	2
104	603
0	227
0	603
38	7966
0	5328
6799	3396
5	2928
0	2677
6	4227
2054	4227
116	708
224	708
0	660
1	1030
0	4798
3	14413
6	14265
629	282
0	44
0	23
9	23
99	0
7111	2540
0	602
0	0
1129	7342
18	7342
6	464
0	10740
0	355
0	11754
14	11704
0	66
0	17
51	41
0	124
40	149
0	146
16	179
0	115
0	0
350	405
0	14
0	18
260	24
0	195
127	195
0	184
0	278
0	271
1	271
55	571
0	571
11523	1704
0	0
0	48
209	1344
234	1336
323	380
31	380
39	3
408	100
0	18
0	231
0	2910
0	3087
0	2965
3165	0
8	31
40	79
2	51
0	0
0	0
0	109
0	109
18	976
1	862
18	2058
17	1989
98	9
0	9
53421	32
3	1333
54	1333
5	7149
187	7771
187	4054
605	4544
0	3161
0	761
18	1583
22	1698
0	429
82	465
6402	2
0	0
0	15423
3429	15533
1	15424
0	0
26	11794
5	14517
0	3
855	0
0	4
7	4
28	42
0	42
2	176
132	149
4	147
144	218
3	104
106	138
33	33938
0	12019
4	33643
0	16712
18	4232
104	35058
0	293
0	293
0	293
0	298
0	293
10813	3755
0	298
0	3294
0	3083
0	3147
51	3325
0	3119
0	3258
0	3256
0	5
9	5
1	5
0	1028
0	1265
5	1203
15	123
0	1215
0	235
199	1407
488	2874
712	2874
28	18
0	18
775	149
0	4
0	0
0	149
0	311
1061	1581
5	1506
0	1497
0	1469
4	0
511	0
344	0
0	1326
179	3132
0	2819
0	375
182	3143
0	0
0	1560
7	1620
0	385
2109	388
87	263
0	263
77	761
128	761
0	34
284	34
0	1947
0	660
146	507
0	221
96	2040
0	1344
0	1435
5981	1
27	34
0	17
0	38
15	38
0	405
0	0
147	394
0	358
0	394
6115	6
11	10
0	10
199	0
12	52
4	262
0	262
9	846
0	15
0	339
0	853
0	853
127	646
159	646
363	6353
10	6353
121	0
23	1758
4	722
0	236
2	1426
444	0
0	138
0	2119
0	56
0	950
0	2171
1	2067
420	0
0	0
551	1183
0	5
0	1183
0	0
0	0
0	73
796	774
6	296
19	338
8	40
0	40
503	0
4	1
0	1
47	11
130	14
0	10
0	7
0	1282
0	3
0	2823
0	1063
53	3133
0	564
0	57
922	245
161	245
931	1950
81	1948
396	0
507	0
0	61
0	13
0	2
0	233
0	233
24	23
0	5
6	157
8	157
314	3141
4	301
29	3005
8628	9
22	81
0	24
169	1
724	10961
0	4835
93	10443
0	11279
88	7939
0	371
76	11352
0	11509
2	17
53	382
1005	383
0	745
2	527
0	537
0	408
0	172
0	165
19	262
0	254
8	27
1309	1664
315	981
8	373
0	512
21	432
3	249
0	95
0	60
15	58
0	93
165	1084
5167	1573
2	491
0	0
466	0
87	9
0	9
1295	103
0	102
0	4
7	4
0	56
0	56
3	92
0	103
66	346
9	244
19	74
0	74
0	87
26	87
152	0
479	1478
0	1472
31	654
160	654
0	41
0	41
2599	366
13	358
3	121
5	2387
12	820
2067	2223
6	0
0	14
0	14
2227	13
0	0
2097	379
20	373
0	0
0	0
916	0
0	0
0	0
42	224
179	224
63	0
0	0
3920	2276
89	3795
0	3056
635	0
175	526
0	894
16	1797
0	676
0	485
0	327
69	823
30	549
29	2776
0	1618
0	1695
0	0
0	0
0	0
2	6
0	6
7	50
0	0
0	1678
0	586
0	2669
49	6807
0	3855
4	6475
501	6882
0	5577
0	87
1003	87
4	18852
0	22077
0	18013
0	18073
3	25072
82	29018
697	3
110	944
1725	945
312	0
34	117
3	117
0	31
0	184
0	274
985	1503
33	14
3	14
0	11
0	0
0	11
0	11
0	1
0	105
0	111
0	644
0	1254
61	1266
0	5
0	0
0	5
102	1425
1605	1425
1071	0
0	161
233	164
0	3
3052	3
3833	712
40	705
0	298
0	25
68	298
0	0
0	190
0	23
1474	195
191	584
9	1420
24	1365
128	0
36	28
0	28
29	0
19	0
87	0
0	0
1879	5589
0	5589
150	431
0	222
0	363
2458	3
0	0
0	23
5	60
73	0
3	0
0	0
176	2698
0	1128
0	282
0	2307
1006	12824
0	20297
0	18972
322	271
1926	272
0	7
84	7
0	5
0	7
0	0
0	0
0	0
0	0
15	0
1	0
0	0
1447	0
5230	1
421	0
71	279
0	278
0	278
0	277
556	262
14	0
0	0
0	272
215	143
7	28
52	3113
116	766
16	3237
0	17
743	17
3	663
0	641
0	634
0	387
0	566
0	534
2	0
1	558
3053	559
3403	5570
0	339
0	0
5858	273
13	266
0	0
0	0
545	349
0	0
811	107
0	107
312	0
51	1462
1497	1462
470	0
7085	10
0	6
0	6
22	6
392	722
13	421
487	1
1	528
379	1668
0	500
0	988
12	17
322	244
0	244
733	0
16	0
0	8
0	0
60	0
1214	5837
437	5629
0	5832
280	485
0	232
23	276
446	3330
7	3330
0	0
3094	0
4025	0
0	1218
0	584
0	1199
0	0
0	0
38	1
1904	2172
38	0
11	0
37411	38
58	0
0	594
45	1844
224	1812
1560	263
691	0
0	1628
105	1628
0	1368
284	0
0	0
0	1709
498	3326
0	1370
26	1317
52	1573
0	1830
0	1868
13	443
85	1523
0	1781
0	3077
181	3430
4	3430
496	0
422	0
20	72
0	72
5	13
1231	188
0	187
0	9
0	1
0	9
1279	575
0	753
0	38
21	7
0	585
0	233
0	585
0	0
0	0
3	0
898	138
49	2801
22	2800
1	3004
0	1740
0	1532
1	1532
0	1530
2	534
175	942
54	592
0	21
55	2758
0	3124
0	3126
0	0
0	0
119	0
416	293
0	133
0	55
0	11
0	238
0	3
81	64
0	53
0	39
0	9
13	3
158	0
3234	1762
21	1760
0	3
1204	0
0	0
54	729
0	1203
0	1203
0	19
2	1227
191	699
17	0
143	293
335	0
0	56
20	6351
3696	8663
0	19
0	27
0	48
0	8662
10479	10
0	3457
0	2082
0	2365
375	2984
7	0
61	0
57	1197
0	337
0	895
84	1259
0	1211
71	233
70	233
1116	0
681	580
0	163
0	443
1176	2
168	270
90	120
0	4
49	252
1989	0
112	0
0	0
0	0
62	123
480	123
459	38
0	133
0	2094
432	2094
153	163
0	22
0	22
4	246
0	246
6	177
307	470
0	462
0	54
0	54
90	151
97	157
7	41
42	41
1160	0
0	10
4	10
12	10
0	0
0	0
0	0
0	0
0	175
92	890
8	780
0	629
22	782
0	37
0	7
32	37
0	43
0	0
0	43
0	8
3281	928
0	311
0	853
0	2014
333	2408
0	306
20	2408
0	693
4	0
1149	0
1229	953
0	951
0	924
0	924
0	128
173	128
0	19
11	31
0	543
4702	1986
0	33
0	23
1218	49
1	11137
28	238
138	27
72	337
101	3291
0	104
1761	3292
2029	0
0	0
0	0
45	0
10	79
0	32
0	79
6	58
1277	0
17	2299
0	317
761	3312
1036	3000
0	1450
21	5563
0	1405
0	713
0	728
32	5815
0	4531
0	5682
0	0
3496	630
6580	8803
49	8792
1138	1128
0	1128
30831	49
3	10422
10978	10428
0	0
0	30
606	30
1611	2608
0	2608
477	56
0	56
0	5077
0	5260
34	4757
0	4582
0	3
41	3
0	0
686	0
44	66
0	41
379	143
0	15
0	143
0	0
0	0
0	0
3	0
0	22
0	3884
0	4885
0	4896
0	4904
0	4904
24	4890
0	4909
0	11
0	11
0	0
78	0
48	126
0	126
423	0
0	939
10	91
0	87
3	489
0	936
0	925
0	490
0	939
1112	1142
165	1142
548	2349
97	317
14	317
0	597
2274	741
0	353
5	5
0	5
0	493
1561	493
0	58
0	24
0	9
163	293
0	5
0	49
57	11
0	11
3991	0
0	0
0	0
0	0
0	0
115	369
74	161
0	349
15374	1398
0	902
32	11
0	11
0	3
0	6
0	0
0	1
0	1
0	2293
0	937
225	2589
0	2545
6089	221
242	212
7800	2494
0	1606
776	885
176	3
20	316
7	63
15	91
37	4
979	4075
0	4012
278	669
0	849
17485	1452
2632	4549
0	3495
24	1482
0	0
0	0
0	0
0	0
0	0
21	1
136	201
0	201
0	5415
1931	5416
633	6
213	0
0	0
0	0
7316	565
0	560
0	55
60	218
789	1549
0	1548
4118	4215
21	0
1556	0
1406	0
34	0
0	2
228	197
0	197
51	0
267	0
0	0
0	0
0	0
0	0
2278	442
0	401
2	41
141	0
0	332
66	2
7	1866
0	3477
16	3040
1109	0
0	36
0	9
0	43
0	54
314	0
0	0
0	316
247	316
7	2350
0	2347
0	2405
2398	8
0	13
0	0
15	125
0	112
0	0
22	8
0	52
135	52
1746	857
8	857
0	1408
812	1408
0	995
345	0
255	300
7	789
0	782
0	0
437	0
22	0
0	0
300	0
0	0
2	0
1232	1
2664	0
13	362
0	202
2	65
12	36
836	38
89	299
0	271
6919	0
6	729
953	729
0	7960
1690	12458
0	3236
0	1490
16	10310
0	8544
0	4
3	9
202	454
0	427
1616	0
8790	1991
24482	26004
4	25978
89	10208
9	15
0	1
0	1
39	154
49	187
3	187
197	1
0	1
30	623
1	623
0	506
0	250
0	81
0	0
0	819
0	4
0	4
1680	2
0	142
0	5
0	0
89	142
53	14
1	37
0	37
0	0
634	0
0	396
0	152
0	450
0	448
0	450
0	450
299	232
0	39
0	223
4	0
0	0
34	344
0	292
0	314
0	4
13	0
0	1
0	15
0	15
0	0
129	133
0	160
1799	0
858	2
0	657
1127	796
5195	352
339	345
0	0
0	0
10183	16560
0	16559
91	1137
0	1486
1	1433
691	765
0	765
0	0
3179	432
0	432
0	0
0	0
0	6
0	2
188	4047
3	4128
0	0
0	0
273	0
0	3
1671	0
0	0
232	557
0	93
0	557
0	513
1114	0
0	103
0	95
0	100
0	55
0	55
0	103
0	55
44	1529
0	176
24	1529
0	14
0	14
41	45586
5413	51272
529	0
102	92
5	165
0	0
0	9
0	9
22	114
0	114
1	35
4673	41
5	0
0	21
0	208
33	208
0	0
734	0
2827	2935
0	2524
0	456
7655	2
7	6
0	6
0	0
2213	223
0	218
850	5256
0	5256
3	0
896	76
0	76
438	923
15	923
8	0
0	0
2463	203
0	199
306	2305
51	2305
184	116
0	116
518	0
101	607
37	611
1474	1
5	0
34	888
75	2065
7	2220
24	2100
71	877
1260	877
38	0
977	0
233	2577
12	291
60	909
79	2586
0	0
431	259
0	259
19	0
788	0
1823	0
1	0
0	0
0	0
0	1
23211	9
0	0
229	501
0	121
0	503
4	15
3	15
13	120
0	120
10	0
893	0
22460	7
0	0
0	0
0	0
0	0
0	0
10	0
0	1334
968	1334
0	0
7	0
75	186
0	186
193	115
0	74
0	115
0	1817
0	1288
2195	2
860	362
80	362
924	403
2	402
0	386
1208	535
0	45
1427	224
0	216
0	43
83	43
0	3540
9350	4689
55	4682
176	528
4	528
375	464
482	464
103	0
24	1
0	2247
0	2878
0	228
11958	15307
11	14558
78	10639
346	0
0	64
13	623
178	623
11889	3025
603	3031
271	3031
0	6
0	0
0	6
0	1124
392	1124
159	0
202	622
0	622
0	185
238	185
0	105
0	109
3753	1247
0	251
0	1079
0	1064
0	0
62	0
0	264
0	12
53	56
446	0
80	45
61	45
23	0
0	37
35	102
6	6
283	27
0	27
0	0
88	1092
0	1233
16	1057
4318	2093
198	2368
0	1949
15	2318
4	951
0	2289
0	0
0	0
1	8
0	8
18	0
718	64
7	60
121	8
0	5679
97	1550
0	295
14	1550
863	699
0	1
100	0
9941	4
772	204
3616	2913
0	173
0	77
0	2834
2331	28
13	28
118	348
43496	11
1	7
0	13
524	66
2	66
0	0
0	0
0	0
49	44
742	348
0	0
282	3310
67	3276
143	3283
0	0
0	0
0	380
0	1302
4391	1401
0	169
0	267
43	1110
0	975
112	1044
624	755
4	314
0	108
59	534
17	0
2233	3736
0	200
19	0
0	1
5	592
0	598
0	600
0	128
377	534
0	81
0	345
9	957
13	627
46	2100
55	2113
47	102
297	5745
0	2140
17	5651
0	2777
884	6532
67	4922
0	6524
0	2633
2136	3693
0	2288
0	1405
0	0
0	40
0	0
0	40
415	419
16	0
0	0
0	0
0	0
0	0
1265	3225
0	3225
0	3138
43	3128
7	464
647	464
778	0
226	129
0	129
1696	1241
13	500
0	1188
62	22
0	22
1238	0
645	0
0	274
15	274
0	683
0	785
0	841
7	799
4585	5251
511	5244
0	0
6	884
0	556
0	551
0	18
0	17
0	226
14	457
0	479
0	576
20	924
0	33
37	0
0	0
192	534
291	51
14	2624
0	891
0	2371
4	2624
217	1947
5	1947
475	107
44	107
13	710
727	715
563	1495
150	721
0	524
0	1005
0	0
0	0
63	16
0	16
0	12
11	46
0	46
0	64
0	40
0	89
55	89
0	8
0	8
0	0
3187	1771
0	552
1	277
217	0
57	997
260	997
0	39
56	35
0	35
929	0
0	1
0	1
5158	1011
0	1006
441	225
0	1047
0	427
0	251
2925	5194
0	4749
0	205
10	93
21	205
0	103
0	21
25	103
1	574
0	51
14	15
0	20
0	567
0	377
0	66
0	66
0	164
164	35
137	131
15	811
0	104
1097	1800
14	1323
11	29
0	19
465	969
15	6792
0	6760
0	79
0	42
0	4376
0	4345
0	4405
0	4345
0	4377
0	4345
16	4354
0	4345
1228	1015
0	65
0	150
0	682
32	428
0	428
1351	1064
0	139
0	1064
10	398
80	398
789	1125
2755	1135
76	0
9	47
0	22
0	39
0	0
0	4
0	0
0	4
4	39
0	39
1	0
0	105
67	105
0	36
0	0
88	1284
0	358
1	1371
0	36
0	19
0	36
5	40
0	32
0	20
0	20
0	20
0	19
113	75
0	75
0	17
817	3985
0	1249
17	2597
0	576
6	763
1	153
0	145
0	3130
3	3219
13	131
0	83
256	2271
0	2639
0	1273
0	0
712	2
0	480
7	489
0	465
409	248
0	205
1	482
31	521
0	44
232	378
1644	378
103	106
0	106
10	19
210	19
0	7165
5517	15152
1	15149
0	0
30	1413
9	1413
103	17
0	17
0	17
8851	2
127	0
21	232
0	21
0	232
0	677
138	5869
0	5594
22	5509
611	241
0	148
0	325
0	372
0	0
0	0
1276	0
0	732
12	696
198	1317
145	4385
0	3896
2475	4016
144	23747
0	6934
7	5521
0	21011
0	0
4220	6
220	25
1357	25
1019	3537
663	3534
0	67
454	67
5209	4527
0	7268
192	7823
0	6
0	0
0	6
0	6
2786	0
276	0
79	3158
36	3158
0	0
491	6322
0	6126
0	6347
0	0
4201	6
0	554
0	314
0	560
296	6
8	1
0	4
0	5
0	1
3	0
0	0
271	0
90	57
0	15
0	0
0	57
48	1890
42	1751
1	12
0	12
0	12
0	0
0	0
0	0
0	0
0	0
0	0
0	0
0	0
2	0
1177	413
0	413
377	0
356	1
409	0
0	0
1	6010
9610	6011
0	649
2805	2401
0	1071
0	619
0	2072
163	0
0	15
0	14
0	15
7	18
0	18
1437	3138
39	0
151	505
20	505
1388	78
0	73
108	0
0	2
0	349
65	349
3809	304
0	303
29	100
3	17
5	64
0	21
0	21
811	801
0	801
103	286
2592	287
29	275
0	134
0	275
0	14802
5	19686
13117	20486
0	36
36	40
0	40
13	25
0	25
443	1301
0	1091
0	8
193	182
651	5136
42	5124
5366	1226
439	1229
3	933
62	648
0	200
7	1611
15	1691
3	1358
0	1732
5478	1
0	0
0	0
19	286
159	449
293	449
210	23
0	0
0	0
0	1913
0	146
7	2032
0	0
0	8
1730	351
30	374
1098	501
0	253
10	501
773	322
534	510
1	0
8	0
0	0
0	0
0	0
73	2485
238	2456
73	34
0	5
1	34
2534	0
21076	23910
47	19801
0	19791
208	23811
222	0
4	0
44844	290354
0	60041
739	238775
0	18685
3005	0
0	19
246	146
0	114
0	55
0	0
0	0
29	33
4	1684
22	1665
0	15
7	80
5	1196
0	1227
0	1227
0	1071
798	0
0	20
0	7
22	27
2561	686
0	686
4839	9689
250	9687
5899	0
61	0
1958	0
0	0
62	0
368	442
0	359
10	83
32	3159
753	3477
146	5462
693	838
17	389
0	145
21	0
0	23
390	0
72	136
0	136
241	0
0	24
0	427
6	440
31	154
278	0
206	24
0	24
5	0
0	444
2505	450
953	0
0	0
0	0
68	2303
34	79
0	2351
0	2354
0	0
136	12
0	12
0	1
9	284
0	103
7	20
0	270
0	0
191	484
2	484
0	7
93	87
0	0
0	15
0	65
121	4096
17	0
2175	338
23	338
0	70
0	2594
3	2594
0	0
7103	6239
2440	2159
8	308
0	1
150	17
1126	0
9	0
274	2
30	2080
19	341
0	428
49	2440
5	1411
0	2461
81	1294
0	2301
270	0
725	0
864	0
0	26
18	1100
9	1119
13	1019
0	311
0	341
2035	1
0	5
0	5
9	3104
479	3104
14	1350
13	0
0	220
2	147
9	228
0	228
647	914
110	0
727	449
0	449
0	0
0	0
0	39
0	39
0	0
0	0
0	0
6943	4319
0	555
68	555
0	872
0	191
0	191
0	191
0	0
974	1457
0	303
0	44
0	2
161	333
12	506
112	691
0	370
9651	4
0	0
3	0
586	0
0	0
0	0
8	71
2313	2
21	0
692	2901
10	731
2711	3
0	0
0	0
221	189
0	0
0	31
9	0
1013	523
3843	0
7	1121
0	1455
290	1455
539	0
0	3904
0	133
0	5857
6	5910
57	5891
0	5818
0	4113
0	4074
32	427
0	277
15	10
0	10
11	758
0	237
39	217
3603	5
137	587
1982	2178
9	2255
433	1178
0	1118
0	524
0	577
0	346
0	279
0	577
0	913
375	0
22	0
0	0
0	0
2365	0
213	3311
7	423
283	6077
553	170
0	149
0	119
0	1292
0	222
950	1478
0	298
17	200
10	0
0	0
0	0
71	620
0	0
1038	13
0	65
450	71
236	43
463	0
108	7058
267	529
2452	136
316	9488
0	8996
84	225
218	231
57	231
0	0
324	32
0	13
0	19
4853	22779
7	8285
11	13649
0	22444
21534	10
108	2299
121	2311
2894	0
3064	2767
0	228
4	2706
0	1111
2185	13
226	0
0	0
3669	0
0	225
578	225
308	794
15	117
43	728
0	1360
0	706
104	703
4	1270
0	1340
455	2
0	35
0	35
2	35
480	55
0	54
0	0
0	0
0	0
0	0
0	3
166	0
34	40
0	32
11	52
2111	499
5	496
0	0
0	0
0	458
365	1034
0	916
0	741
0	0
0	0
50	671
0	671
348	0
0	143
0	116
92	231
0	136
3943	138
0	0
2	3
0	3
0	9671
0	6053
0	650
0	14828
612	17751
0	14843
848	0
7	15
16	0
0	0
0	3
0	3
0	276
0	107
2	80
87	140
12	563
0	394
155	1406
0	9385
5	8670
611	4790
3085	2
1127	0
3	707
0	36
0	2284
157	230
0	929
1	2170
0	2159
0	2284
0	2284
0	14
0	14
0	14
17	13332
0	897
204	8421
51	12717
0	39
0	0
0	0
0	0
456	18
0	18
73	0
15	0
4	53
7	18
0	53
461	64
0	64
0	0
811	1221
0	258
0	503
0	636
3	408
0	818
0	1078
0	0
993	2
296	358
0	15050
5466	15056
0	40
0	40
0	5
0	5
9	29
7	29
1405	2522
0	39
7	1450
34	1450
0	2520
472	0
1992	1838
0	1834
1134	212
8	211
13	298
0	4810
15912	6621
0	1805
1538	0
54	10
0	1202
39	1202
73	49
0	49
0	115
270	261
13	388
6	388
233	0
0	0
30505	7
14	9
0	9
0	108
19	1049
1251	966
0	0
0	0
7	1659
185	0
0	15
27	15
35	702
0	29
0	142
3	225
0	404
0	665
187	0
0	0
252	287
102	286
253	1730
0	1730
0	0
457	95
0	95
548	0
0	0
118	0
0	0
19	11
0	11
2100	2
82	8
0	8
0	0
0	268
0	63
885	119
0	119
1455	618
0	612
0	0
401	0
0	1
38	37
0	37
0	0
0	295
0	91
0	504
5	275
201	571
0	344
633	344
0	0
10	539
9	539
0	792
128	792
2267	328
0	278
3	16
0	16
0	5
0	43
20	42
3	31
11	52
121	735
0	54
96	792
3	245
0	508
13939	1189
34	0
29363	11
15502	3901
520	2
20483	7219
464	7198
192	0
1269	3
414	299
406	10
6	10
3689	11183
0	4780
0	4853
3	6738
552	698
11	0
78	1305
5223	1
4883	2
20	2
0	0
0	4
0	20
0	20
12	0
0	1015
12146	1874
0	927
21	113
902	327
0	327
0	3176
145	3176
100	416
0	223
34	417
63	925
19	925
1396	0
1228	0
0	42
44	42
0	26
0	457
0	106
0	390
0	443
3194	97
0	92
10	63
0	26
225	384
0	364
321	0
0	0
1938	1232
0	937
0	1231
0	0
0	0
0	0
4	7
0	7
0	0
0	0
13996	21
27	0
412	872
30	825
4749	52
0	52
1581	814
0	814
0	273
0	127
0	0
0	0
0	0
0	1240
345	1241
12	606
216	606
0	11
0	11
20	1160
1	1160
0	99
10	115
0	115
0	0
116	0
184	554
249	554
0	0
0	397
17	397
0	0
0	0
32	0
0	1
67	1
285	0
0	28
0	441
286	23
52	678
6	662
104	549
0	549
79	0
150	0
186	0
9375	5
0	203
3091	2
2856	1222
0	36
1818	137
222	358
0	358
0	0
53	30
9	30
111	1091
0	1091
920	1005
0	212
0	843
0	4026
2	0
365	4026
0	0
2	30
18	30
0	165
5625	2329
102	356
95	2409
258	1061
0	0
30	1485
0	1330
177	1323
233	1879
0	1863
0	1855
0	16
280	954
3	847
18	512
59	379
688	593
0	593
0	4167
0	4232
0	4362
1	4167
0	4247
0	344
347	0
0	0
23	2323
0	2323
544	301
0	301
111	3002
0	3098
0	3083
0	419
0	449
12	65
0	24
19	75
21	85
0	6
0	6
0	0
69	1422
8	1489
0	263
0	38
0	1502
1595	0
0	0
7	0
132	1660
0	718
0	185
629	1728
0	0
0	18
0	18
2	0
21	0
0	0
0	124
0	124
0	0
0	0
34	1198
354	1352
7	0
0	0
0	0
1772	422
0	422
0	0
0	0
0	0
0	538
0	2375
23	656
15	2268
29	2379
0	13
35	15
0	0
5	0
2	0
0	0
8166	4191
0	4190
9	646
0	60
6	13
0	272
0	500
0	3124
0	786
0	477
0	2614
30	3450
0	3397
0	3367
0	3362
21	3146
0	3199
0	3052
0	0
0	0
0	0
2	0
50	910
0	151
0	122
15	910
18	0
7	0
4	0
5	0
0	47
53	47
0	0
360	38
13	38
0	0
0	49
210	152
0	116
0	57
212	527
6	202
0	339
520	3444
0	2871
7	1104
0	0
9	113
0	78
0	2
0	2
1244	0
3184	0
0	3
5500	8
339	0
260	1122
4	183
33	1122
1933	4
7	136
99	2711
2249	3551
13	35
0	35
0	14
12	14
70	2278
38	2747
15	835
5	3
0	3
268	367
0	4
93	4
0	0
283	0
0	0
0	0
0	0
0	0
0	0
9313	1
44983	6567
0	6549
0	507
0	15
135	507
0	228
766	228
0	6
36	45
3	15
0	13
3	55
35	25583
241	25622
15029	25456
2513	2908
0	10
0	10
191	0
410	2988
0	2988
10	0
3516	6
0	108
8	30
7	310
31	286
0	648
45	748
57	0
206	108
0	69
70	39
165	316
2737	2
0	126
0	259
4	275
3462	664
0	652
207	30
0	29
0	91
0	91
200	6108
885	6108
15	10
26	130
0	138
0	138
0	359
1127	359
857	622
0	369
27	46
32	9
2281	107
0	107
69	83
54	84
25	1
304	179
0	179
289	2480
0	2488
193	263
0	2203
0	1139
2839	1143
4	201
112	92
2	293
24	0
0	22
0	126
0	121
2551	0
745	2
3613	4820
0	4813
45	157
0	149
0	167
0	157
0	17
0	300
2	544
1	9
172	0
740	4
871	0
0	206
0	84
83	248
0	40
0	23
158	278
0	61
62	116
3	237
0	116
45	0
0	106
0	60
78	892
0	28
0	316
0	843
0	0
633	355
0	355
418	0
0	15
0	15
3723	49
30	49
0	8
0	8
0	14
3	0
0	14
12	0
0	1
2880	3
2	0
965	0
0	79
0	382
852	384
0	12
0	6
0	0
0	0
0	12
0	6
37	95
0	73
0	2
0	0
0	2
0	3
0	0
0	3
0	54
0	54
25	11
0	0
49	1394
225	1394
976	0
166	7289
105	7289
0	0
0	0
0	0
0	0
1	6
108	313
698	313
7847	1685
0	1685
893	0
0	1690
0	1725
0	1773
0	176
124	266
0	240
13	0
708	0
748	222
0	35
401	491
0	0
4016	6881
0	644
20	798
0	6454
604	0
15	0
909	256
103	1599
0	1034
391	0
14	562
0	223
0	12
27	2988
0	158
0	264
5	2951
1092	363
0	363
813	3140
2	2464
44	1596
100	181
11	181
79936	9969
0	9898
0	704
88	792
0	792
564	355
7	355
486	0
0	21
482	0
11389	11564
0	11560
76	2388
0	168
0	95
0	2388
0	857
16492	15
654	259
5	126
114	133
994	855
0	263
1	1578
22	243
44	1687
14	0
1033	1
0	0
0	0
74	1490
364	1336
0	48
0	10
0	14
0	633
0	656
0	40
0	575
0	437
0	3958
118	4043
0	5261
0	5261
0	910
0	884
10	813
0	893
200	207
0	207
106	207
0	0
0	0
0	0
0	0
0	0
2434	5642
514	5642
32	384
25	140
113	244
2602	1992
487	524
38	1855
100	840
236	840
5	0
0	0
399	132
0	45
0	132
0	50
0	50
0	0
0	0
0	0
7	107
839	0
0	0
0	0
0	0
9291	1258
0	418
0	418
0	831
4	441
0	425
0	451
1265	2242
0	179
0	94
156	71
6	12
973	0
343	31
0	26
6366	527
91	520
574	56
0	9
3224	13
0	11
2	11
1482	2579
8	1806
0	2495
52	2503
0	28
3	21
0	7
19	0
1	0
0	0
736	0
74	116
6	5818
0	3241
11	4302
0	4295
34	6969
313	6204
0	0
0	152
808	372
0	202
141	574
0	0
0	0
707	657
170	657
12	0
0	0
2737	728
0	659
0	31
0	69
547	366
12	0
252	334
0	334
10	0
0	0
8	6
0	6
0	2
0	1252
0	854
6	1089
5	14
397	0
0	190
305	193
36	6
140	14
0	14
0	220
3567	1799
0	1699
0	0
8112	4429
26	97
0	268
0	14
1528	333
978	0
0	0
0	0
21	14
0	11
1450	0
2	20
0	12
3459	0
2088	0
551	1288
2	138
4	46
105	0
0	0
0	0
0	9
0	0
0	9
1583	0
0	1112
326	2639
3054	2704
691	0
0	82
0	15
0	4
47	211
399	77
0	73
0	45
0	30
0	91
0	982
0	63
0	1012
199	1040
76	1040
3219	0
18	233
0	1761
33	6168
0	5680
13	551
0	525
135	551
3	441
0	91
0	76
3	598
0	1170
0	542
0	1049
0	857
49	857
604	0
12121	111267
0	30396
5	32067
525	112246
83	89842
0	12
0	12
0	12
2180	0
22	66
22	66
1	0
454	173
356	173
621	3197
206	3197
51	0
775	0
48	76
0	76
0	0
13	11
0	11
0	2
0	2
0	0
0	11
0	54
0	50
6	201
92	201
512	0
820	0
0	333
9	0
323	326
0	326
787	1
43	576
0	561
6361	1001
2	607
89	607
0	976
0	978
3	0
3	0
121	568
0	568
182	0
215	110
0	95
0	110
520	2
0	0
4800	1749
558	1749
5	45
30	684
1358	729
4	0
19	10
0	2
130	64
29	777
0	777
0	46
211	46
751	0
0	0
0	0
0	0
0	0
11	2047
0	399
9418	8111
0	7097
0	6608
21	3495
725	490
0	501
16	501
2	11
78	21
1	32
6	0
0	0
301	0
0	0
1945	0
0	0
0	7
2	7
6469	1793
0	1916
125	2006
3061	3
24	748
0	103
3	804
187	1007
99	1007
191	0
9	0
646	0
0	175
366	175
660	0
0	2
0	18
122	912
0	912
815	1908
69	85
0	0
15	85
7000	3
3165	749
0	681
0	40
0	6
0	36
0	54
0	40
0	40
5793	4
0	0
0	1054
1964	1056
0	26
619	158
0	83
565	0
0	4
0	4
0	4
51	0
0	0
0	0
0	0
1298	0
0	11690
812	3487
0	5022
11	56
10443	12217
0	4528
9	2122
0	68
35	2120
0	180
4	194
0	2
0	2
42	610
19008	632
0	3
11	13
9	13
34	5
0	9
25	6
0	0
7	0
25	0
9	15
0	14
120	15
682	798
0	798
37	0
463	0
47	229
227	229
118	12
0	9
0	0
0	1225
784	1730
138	1730
770	0
3	4
90	0
0	0
12875	5
0	969
240	2120
46	2120
486	222
7	222
0	22
0	14
0	98
6	98
15	401
298	517
0	311
198	1229
10	31
0	0
0	11
0	31
84	0
0	503
0	585
29	129
0	129
0	129
0	472
0	129
0	0
12	1287
0	846
0	813
0	854
6514	5414
38	5642
0	5856
0	5876
0	5856
33	90
0	90
3491	5
2845	2676
0	2676
0	1929
28	20
264	0
84	98
177	6
0	832
3163	999
0	164
149	1349
23	952
30	753
0	59
0	53
38	480
0	480
4911	1
91	2478
0	184
0	64
0	2478
446	171
181	0
20	301
0	274
0	160
0	59
0	0
40	343
5	343
4	131
48	0
2517	1
91	9
23	0
421	1169
50	1210
0	1228
0	0
0	0
0	0
315	6
121	0
85	0
0	14
0	14
2059	0
129	0
437	720
3386	3827
0	3276
0	3737
0	3830
0	3723
0	3041
0	107
478	127
0	127
1280	1
0	1126
1091	1130
4325	2
37	0
0	0
138	19434
0	19481
0	19799
0	3457
0	19783
0	0
0	0
0	10
75	14
0	4
2336	3010
1011	0
137	677
4	677
10	363
1	15
0	0
145	28
6	13
0	3
0	3
221	1071
37	1257
463	9879
0	2358
0	2275
0	1852
0	9758
0	98
0	63
726	122
4	252
2392	2805
1	1255
0	899
9	626
17	781
54	778
6	2689
932	478
3	475
84	0
38	0
26	508
0	508
0	570
0	0
0	0
42	0
0	0
66	0
16	0
76	2261
111	673
0	2238
4	2130
2075	883
123	2225
4070	2226
3783	0
178	226
0	226
0	0
568	1540
0	1394
0	815
3130	5250
86	668
0	797
37	451
10	451
0	1634
0	1020
0	4994
0	5636
9	5540
0	1295
0	4942
0	1067
1120	0
72	234
0	234
0	157
14	44
161	157
55	0
34	376
15	150
136	12
0	12
29	136
510	136
3	71
105	172
0	172
0	270
2	2957
0	478
0	3042
0	3180
2	518
153	0
955	104
0	104
0	0
0	0
0	0
87	236
8	236
0	202
0	21
0	5
33	126
0	537
0	519
706	260
0	260
0	0
15	423
11	14
53	437
274	205
392	373
0	168
2466	168
484	379
160	0
541	215
0	211
256	42
42	0
253	520
28	171
109	349
0	5
33	5
0	339
13	192
421	908
0	0
0	0
0	0
0	86
0	113
93	812
0	71
53	814
68	83
0	38
0	83
0	32
0	50
0	212
131	523
0	0
0	0
0	0
2	87
136	1373
857	1460
0	549
0	131
469	236
0	237
0	237
7279	15
83	80
0	80
24	1533
73	1568
0	1585
0	3
0	9
6	2
0	2
111	21
0	21
750	1
13	0
716	80
0	80
720	103
25	103
0	0
0	0
0	0
1138	801
3	798
13	373
0	166
0	1524
31	1524
1	86
0	84
2	29
0	215
0	235
106	267
22	255
0	0
0	0
0	0
4	6
448	104
0	94
97	132
175	132
161	37
0	37
3	0
8	241
993	268
0	1108
1697	1108
55392	29602
0	27836
0	22679
0	27068
0	13494
35	495
339	495
17	6
45	10
0	0
154	0
91	39
0	3299
0	3488
0	3497
3	1508
0	17
0	57
3	0
2	0
0	120
0	53
39	547
0	512
0	1307
18	1250
0	1245
398	2935
0	463
10	99
3	2935
9	269
0	362
26	402
225	497
0	24
0	50
151	50
0	157
63	1107
0	6312
0	6224
13	6502
0	274
0	277
0	119
0	277
0	48
23	69
1	39
0	12
0	12
1283	2
0	0
4	213
0	228
0	228
3815	0
445	0
36	2089
0	2089
0	562
0	29
0	122
0	151
396	976
128	793
1474	1050
0	461
0	391
0	433
4635	2750
0	45
0	45
9	793
42	793
621	0
4	446
0	0
0	0
31	0
0	48
3	277
0	7
0	261
10	82
0	37
6064	0
73	1135
0	1133
0	1081
16	0
1849	1
1	366
0	366
0	1027
2	3
0	67
792	1028
777	2087
402	2087
0	524
108	0
0	19
0	14
0	0
20	33
0	0
254	0
1	34
7	47
0	13
0	14
279	1866
0	1866
213	159
0	7
0	87
0	72
2	3
162	1426
62	1426
336	246
265	0
0	364
0	484
0	292
526	484
133	39
0	17
5	39
2047	0
0	0
0	0
791	686
0	1382
0	1308
0	1431
0	55
2	72
0	157
0	515
0	154
0	66
109	174
0	346
0	1280
178	1539
0	3
2152	376
275	0
7880	9
18	25
0	25
575	0
0	0
0	0
29	237
1	74
56	0
0	0
0	0
419	749
5	747
16	0
315	0
290	0
128	0
0	3
2	18
0	18
71	263
43	282
0	131
0	95
0	120
0	30
32	30
3162	1
4265	4
8	115
0	98
0	0
5	115
114	504
7	512
0	512
0	22
551	22
103	0
28	0
0	767
265	1062
0	77
492	1195
0	3
12	6
23	8
516	1396
216	16672
0	16440
116	15958
15	14525
0	0
0	216
619	1371
0	1130
0	694
113	2
12	134
0	118
0	135
0	121
4	24
0	24
1596	0
275	94
287	136
262	237
0	65
0	33
0	9
0	237
2667	4
475	386
0	0
0	0
16	11
0	11
7	1
80	510
0	510
0	13
0	366
34	46
0	9
9	379
109	49
8	87
0	87
1227	0
0	0
2419	1
0	0
209	319
0	16
0	0
0	0
1	16
246	16
0	16
0	12
16	14
35	14
67	70
104	190
0	190
0	164
0	164
1909	2616
30	2616
2102	1
1044	0
0	0
304	1
3	0
0	163
24	163
0	1238
456	12766
2	12766
231	246
0	246
218	414
0	18
525	0
302	3198
42	3196
1	3
0	3
89	78
0	101
0	1
0	10
0	25
0	94
0	0
0	0
494	1
33	0
2792	10
0	10
0	0
0	194
147	159
156	353
139	0
0	3094
0	33
98	3203
0	1496
0	1706
1883	748
0	745
1932	899
0	25
6	874
0	0
0	1013
12	5260
0	3493
0	1746
0	3134
0	3294
31	4318
0	0
148	1147
17	1147
11	85
0	269
23	1147
0	707
1450	587
0	584
18	48
45	48
0	442
576	724
0	387
0	25
0	242
6	1281
0	296
1610	1168
46	9
0	8
0	0
13	0
0	170
1245	170
6	0
0	0
1775	2868
199	0
0	0
146	80
0	0
0	1124
1859	1772
0	1772
0	253
97	10
0	10
457	0
4	482
0	3205
0	2684
0	2697
0	3278
0	2998
0	2668
0	3014
0	20
0	262
6	1010
1	535
56	1209
119	947
178	2073
0	3812
59	240
0	0
1	3812
0	119
0	1255
0	110
0	4066
0	4276
25	116
24	0
0	10
176	1117
80	641
60	0
1923	6669
0	0
0	0
0	6039
0	6153
0	6052
0	0
0	0
0	0
0	0
0	0
0	102
6	329
900	330
0	158
209	502
364	1433
3	569
17	3570
134	3632
6	0
7116	7
74	38
0	375
752	415
362	658
0	0
39	941
0	941
13	0
0	135
13144	147
3	0
0	3
0	3
11	215
0	257
14	325
0	0
0	0
0	0
3	101
0	54
26	195
127	1030
0	40
170	1042
0	6775
742	6781
0	2698
3258	2701
28	1963
0	1963
0	1886
0	22
866	22
4	106
0	26
0	41
931	2414
0	1101
0	398
5	1848
0	747
1	134
0	0
1	0
3551	6
0	7
0	7
30	0
2	0
46	0
39	57
0	14
5	14
77	842
0	842
94	0
1257	1
0	0
1679	3
0	1941
0	122
0	1958
0	281
0	284
0	327
45	278
113	278
1052	2
0	0
80	0
31	573
0	573
19	0
0	70
46	70
95	143
0	143
0	391
0	21
0	2575
300	3867
16	2883
0	3201
0	2808
0	1738
4	3248
1376	0
0	0
0	0
0	435
25	185
0	206
0	211
8	427
0	2
3	2
32	0
215	0
0	15
0	27
5	216
0	216
1280	6695
137	6692
12	0
153	1677
0	1298
0	170
0	374
0	523
0	0
2367	370
0	315
0	315
0	370
296	77
0	0
0	1
193	0
284	0
497	144
0	144
0	1
0	1
0	33
0	26
0	33
0	561
126	638
150	17
120	17
0	0
240	784
1	528
4	387
786	2
3472	3816
49	3240
2695	3822
6	29
677	366
0	337
149	0
11	121
1608	8806
0	6249
0	6262
3	4232
49	8930
2477	1
89	559
0	559
581	242
0	139
7	13
0	15
0	43
0	161
0	28
21	19
0	8
107	0
16	63
0	0
0	0
1001	0
1	0
0	0
110	0
12747	2
15	459
0	621
0	254
1	611
1833	277
125	0
0	1573
4	1575
652	6464
0	0
0	6464
0	0
0	0
888	0
2322	0
0	7
10	876
0	317
0	117
0	0
0	40
497	843
0	307
73	421
0	422
0	0
5	0
281	383
0	278
4	86
700	0
659	242
0	60
23	0
422	1224
21	79
0	1
0	1178
11	1202
92	97
1	50
904	0
93	318
37	6
84	7461
207	7617
59	534
0	534
25	0
0	732
0	778
0	504
1113	1527
0	2421
0	2411
0	1795
0	7007
6	6731
27	5298
0	7038
9	6733
0	7009
0	2427
0	7057
0	2421
192	4783
26	4783
0	383
0	417
0	600
25	1061
0	1566
0	491
24	953
0	1538
20	98
0	640
107	1800
398	95
0	95
0	19
27	242
177	242
0	497
3	552
52	699
0	699
2457	4
2142	6
2	65
0	65
0	49
16	62
8	13
5252	344
44	341
19	1062
14	1085
0	1101
1	857
0	652
0	500
0	1061
0	767
39	0
576	0
0	0
0	0
475	0
241	11336
11	11336
1	257
20	252
0	16
0	0
0	0
2640	539
0	536
0	0
74	46
0	19
0	18
0	34
0	0
1014	17704
0	12049
164	725
0	78
0	0
0	0
0	466
2460	1374
206	376
0	376
0	1301
308	10184
50	10184
117	9044
27	323
64	323
124	847
19	140
0	63
0	847
0	489
0	314
0	66
49	212
16	1127
509	1127
0	0
1094	0
22	248
958	249
163	244
0	2
0	244
37	0
43	395
200	395
122	3683
0	3400
429	3676
1439	880
0	0
488	2408
0	2408
8	27
1435	0
0	0
8	0
4066	2
0	85
2615	19180
1	669
0	19184
8	17373
281	37
0	6
10	6
4072	961
0	42
2815	0
0	320
339	2290
0	2155
0	2400
1149	0
4	0
42	168
0	124
0	61
195	0
555	0
1	1108
0	921
761	1107
0	386
0	514
20	939
90	1401
10	1401
0	244
0	8
0	244
32	0
2537	909
23	22
0	529
0	440
5741	1
8	143
24	0
213	738
83	738
1362	0
2400	4
1524	105
0	104
0	0
15	0
8	2102
0	1817
0	4389
49	2341
193	6303
933	9898
368	9837
0	115
448	2829
119	20
3900	4565
0	507
0	1599
20	4617
0	4775
0	1611
0	0
2147	1
0	0
0	958
3034	970
94	1048
0	1048
261	0
92	0
0	0
1752	435
0	435
0	9040
0	1988
0	956
0	379
25	372
0	415
2	216
0	7205
5	6984
0	8885
0	0
8	86
20	86
13	41
0	0
0	41
5	759
776	1256
0	496
1396	0
3631	1
92	520
0	0
49	0
0	0
109	288
104	279
0	128
0	0
0	0
0	0
0	0
865	0
44	2152
52	2152
0	246
968	181
0	181
81	0
0	486
992	491
7261	4031
0	1752
0	4024
0	0
135	0
13452	17470
0	232
3381	249
34	166
18	116
59	0
149	166
35	6
2501	2524
0	6
0	2522
0	2480
35	2482
0	486
1165	909
34	732
0	789
65	372
0	372
62	0
147	79
0	13455
7136	13455
4447	324
0	324
3	11808
0	12488
0	5420
0	11833
2	144
1208	1120
0	1116
36	0
0	102
191	747
27	747
0	0
0	0
0	0
1	5
0	0
0	0
451	209
0	40
0	156
0	811
0	125
0	816
7	860
328	1660
0	709
0	1466
47	197
528	1912
0	1771
2	0
0	453
314	17166
39418	16844
0	8
0	69
0	11
213	77
0	0
0	0
3255	3
56	330
621	252
9	41
0	169
0	0
0	629
0	3107
16	1512
455	3364
0	2239
1662	0
0	16
13	16
0	0
91	0
20	28
0	169
0	49
24	169
251	73
573	901
0	901
630	1884
0	388
0	329
11	0
0	272
0	7470
127	7537
12	11
0	11
0	11
118	0
1017	0
45	0
0	69
0	4
0	7
4	80
0	80
1299	1
0	59
334	117
0	78
5	0
5	0
0	0
0	0
128	613
0	613
18	69
184	0
0	490
0	1224
183	1337
0	1095
0	437
97	1238
2	22
0	1238
38	0
2646	658
0	652
0	5078
0	5081
0	4231
16	0
252	2266
18	257
0	58
0	2261
0	0
680	2004
0	553
0	1978
0	2004
0	0
653	1094
0	1094
0	78
0	45
0	167
0	356
0	316
41	59
1707	1677
14	1736
0	0
0	0
0	0
38	36
0	36
0	59
66	112
0	112
0	68
14929	20132
5	28
0	314
0	0
616	59
0	20052
311	411
0	411
525	1035
2	373
0	1002
0	162
1191	1024
9698	4
2662	313
0	216
0	224
18	426
163	2807
0	800
0	735
267	2807
0	0
0	95
35	95
24	4516
7145	4517
2	33
14	33
0	0
0	0
0	0
0	2639
0	5345
0	5208
51	0
1116	132
0	132
0	21
2698	173
0	167
0	64
0	888
1389	902
15	17
24	0
0	17
333	110
0	0
0	395
0	392
0	64
0	371
8	404
0	0
0	0
92	0
173	2
0	0
62	163
10	179
2	396
0	457
0	178
0	175
35	396
0	0
149	3349
29	3349
87	11
110	3128
27	67225
6	26560
226	8720
2877	72813
846	0
0	3965
13365	11209
374	653
12	653
94	821
0	594
0	7
74	378
89	1261
1054	1182
2896	0
1063	109
4	108
4288	1918
41	1918
30	64
0	64
0	53
42	13
1613	0
23	0
0	52
0	52
8	0
0	0
2	491
18	631
0	506
90	71
846	111
0	111
318	731
0	142
778	0
210	0
0	0
0	0
19	0
0	4837
18	10494
10115	11470
0	10913
17	125
0	125
11	0
73	37
0	24
0	28
146	34
1	34
17	51
993	261
0	227
8	163
8642	9
3	0
0	499
10	165
32	2601
0	4
258	2601
9	385
460	1
0	389
1379	181
0	174
108	0
175	3
0	3
2068	20952
67	20952
17	0
67	173
34	173
0	74
0	0
2	0
450	107
0	53
41	107
60	34
0	18
0	23
0	30
0	34
44	5
0	5
90	2099
0	2099
0	36
0	36
0	36
15	23
5	223
0	200
58	719
31	719
403	845
0	845
188	0
0	201
209	200
0	1474
4	1604
0	1575
0	6
0	53
0	53
3228	0
4074	1268
0	452
10	1225
0	0
0	0
0	28
1	4
0	28
5028	2
6	14
9154	8740
2531	244
0	244
0	8
36	8
0	8
0	0
726	81
0	81
0	239
1075	578
0	475
5	32812
44	45432
299	47205
0	11
1	11
0	153
21	153
0	0
6	24
2073	0
0	9
0	9
0	9
6	16
0	16
1199	0
10569	317
34	317
7	36
24	777
0	503
118	2959
0	1008
1	2959
0	0
5	0
437	12
0	12
0	2626
3	581
0	17155
0	21529
3	583
858	26564
510	1975
121	1975
2	72
0	67
0	15
0	70
1278	2
59	2102
0	1879
0	574
5	2198
0	0
82	84
0	84
1049	1093
0	1093
55	1132
0	298
2	1132
2420	0
30	0
0	0
628	0
3598	0
0	0
0	0
0	0
0	0
0	0
0	0
1019	293
0	293
7897	15
854	2054
0	1908
0	2054
0	1908
13	5
0	5
1	710
0	290
0	125
0	549
0	556
23	884
0	251
0	950
24	938
2063	0
488	0
4950	1
0	0
1706	1609
0	1095
30	402
0	0
235	0
181	0
1	0
1708	6632
3	6748
232	0
10	10
1368	0
0	14
0	14
129	688
0	81
47	373
426	924
49	305
51	886
17	393
0	75
0	92
0	166
93	167
0	54
0	0
0	0
0	0
550	0
0	0
0	0
958	1019
0	1019
40	0
1587	0
1	0
700	2357
79	2357
489	0
1	0
0	0
197	0
4608	1
13	11
0	0
0	5
0	6
0	6
0	6
0	0
0	0
2911	2
79	1638
2	2210
32	5673
26	5476
0	719
0	1255
114	1255
451	518
0	518
90	1408
0	56
165	1444
47882	5280
3	3910
0	1342
0	260
0	190
0	243
0	257
0	236
0	257
0	0
0	0
0	0
0	407
0	547
0	545
144	121
129	0
740	325
23	0
6	0
33	17
0	17
2761	122
14	0
227	334
0	305
1	68
2753	1210
2	12
85	14
0	2
0	0
0	0
0	0
6	73
0	320
0	10
0	10
0	7190
12	16297
7237	7135
47	16241
0	3868
300	0
83	553
0	360
0	0
332	0
6	357
0	189
5077	1496
204	1060
0	473
0	0
1521	2719
0	1116
0	1170
0	2642
0	0
0	0
0	0
2470	1388
9	75
41	7
0	7
4	0
0	0
10	1
0	1
0	0
0	0
0	0
0	0
11565	10
0	26
0	32
0	18
2	3
0	3
66	1185
0	632
437	1264
3	0
54	265
103	424
0	78
472	383
0	335
7	357
0	10
0	10
0	0
304	0
12	0
353	0
0	0
0	0
619	1075
0	0
1226	524
0	498
0	457
0	53
98	2114
0	0
702	2114
0	72
233	320
0	320
0	22
0	3
1101	0
560	700
0	700
21	55
0	55
1	2374
3	2235
0	2245
12	206
1	206
0	90
0	28983
14	1635
1619	1635
0	489
45	98
25	98
251	2082
1550	2071
0	0
1590	0
16457	8624
8931	1
305	2609
0	423
0	413
0	537
55	2705
0	6438
0	6830
0	0
4978	6513
0	787
0	6372
0	5476
0	5613
0	6375
0	5831
0	5071
0	6428
0	5052
8	6333
0	303
56	303
61	203
22	280
0	286
29	97
25	97
109	6499
805	2
238	1504
0	1504
0	823
0	636
324	779
39	0
13	2
0	2
47	195
119	195
0	10493
0	0
1669	0
0	116
14	177
3	1
30426	20
0	0
38	7
2	7
1520	176
0	176
66	0
916	400
768	874
7	5317
0	4369
2838	1550
0	1549
101	2830
0	61
6	2830
0	0
39	120
1	126
89	9227
474	3021
0	1966
0	2272
0	1753
57	8798
8	149
0	149
0	0
3700	1
569	0
0	4
0	4
0	0
768	2
9319	5
0	187
0	352
476	468
0	334
194	341
0	110
111	261
70	220
0	220
0	220
9385	2734
606	2031
0	0
0	0
0	0
0	0
29	0
63	0
0	1287
1	228
0	27
0	91
0	201
36	0
375	396
1688	692
118	6104
102	6539
90	6481
0	6503
0	5708
0	6506
176	71
0	29
0	1
0	42
11	405
0	119
0	382
0	7
0	32
291	41
241	1884
13	1884
0	1
60	188
0	188
6801	3
6419	0
0	711
0	696
4648	2
3296	0
0	19
2	6
0	8
19	24
0	0
0	0
0	291
1917	293
5029	3
0	108
0	108
2	108
1	0
269	8
216	8
131	0
1905	0
3	8
32	2181
1	2286
11	2144
354	0
99	3581
4	672
0	587
2814	3578
156	987
0	987
0	103
0	30
496	377
11	296
0	0
6751	1
0	0
0	426
6	426
369	4031
380	3926
179	0
0	0
3540	5
0	0
0	0
0	0
0	1
11	1
1343	2930
0	1575
547	452
10	431
0	160
0	0
51	0
617	2425
0	76
339	893
4	77
0	816
0	0
965	30
0	30
0	0
0	0
0	0
45	0
126	0
600	145
34	141
82	1521
3	1521
52	175
4	175
183	622
0	0
1287	736
84	736
16	648
0	2896
4	2959
7	1366
1750	3393
110	2896
0	2721
215	2902
741	2561
92	2561
0	0
1911	0
0	0
2303	10
79	110
0	32
0	83
3324	3
2945	353
0	353
3446	111
0	51
22	130
109	5728
0	1124
9	5742
0	5461
293	6560
8	19
0	19
0	19
0	19
23	4
0	15
7	1
64	18
6	48
75	48
10	301
349	295
4	295
0	0
4	1593
421	1591
23	1571
149	6650
0	0
1522	0
907	5692
202	232
0	344
23	5757
350	303
8	0
0	609
0	0
10	89
2	83
0	12
639	0
58	186
0	137
0	277
45	662
0	662
16	37
24	37
133	714
0	0
345	7819
0	1117
668	7573
48	833
1129	0
434	2347
0	2347
0	0
26	0
23	2
0	2
34	6499
38	48
0	0
0	0
853	1436
0	1436
7312	3
6	80
0	80
0	48
0	48
64	28978
58	28613
194	29373
7	28644
271	32730
303	28366
31	1
0	0
0	0
0	0
0	0
0	0
0	0
388	1594
263	0
0	0
0	0
48	0
33	0
6100	130
21	4
0	133
58	0
1210	0
2	80
15	275
26	565
396	565
2552	6
0	756
135	756
0	0
2268	1
0	144
531	366
80	366
163	0
64	0
0	0
458	2028
9	1403
23	447
0	552
18	552
1816	2243
353	2241
0	869
4	5600
24740	6094
11	6075
0	0
0	50
111	3594
4	50
959	0
5	499
1708	501
101	0
0	0
46	5
0	5
0	370
0	142
4	937
0	975
0	29
0	54
0	50
0	13
0	1
836	15
0	0
0	0
995	9979
7589	9597
0	0
0	0
0	0
893	3
14	49
0	214
335	563
0	503
7503	3
9842	12
112	0
152	6332
0	0
0	0
0	0
0	0
0	0
0	0
57	214
9	214
0	3
0	3
0	3
15	0
0	6932
0	6693
6892	1487
0	467
0	1013
95	0
0	0
11	260
2295	261
0	0
324	7
60	0
326	1075
0	456
4	0
4	32
0	870
64	987
0	987
7	32
0	32
171	74
136	73
4320	9
20	601
7	601
0	118
207	118
0	5
0	833
196	2699
2452	2559
12	2461
0	914
0	788
168	1
9007	350
0	343
5	0
1225	0
11	1883
533	5161
4	5161
514	143
0	143
0	127
0	127
2	22
52	22
0	106
0	69
0	235
1348	384
0	103
34	851
0	868
0	817
0	129
0	272
33	272
1167	0
0	3745
0	87
5	2071
23	23234
2	16070
0	22764
0	22747
0	0
8	0
4	0
0	0
38	0
18	0
0	74
0	74
78	15
715	166
0	116
0	164
86	0
68	569
17	569
3856	5
258	489
2	4
511	489
148	0
1336	2
0	0
0	7
0	7
0	0
0	0
2924	1
25	14
346	6722
543	6722
1200	318
0	175
63	175
0	1838
795	1838
1287	137
5	74
0	22
0	22
0	74
7	0
0	13
34	14
6	7
0	7
11520	5010
0	5010
113	4672
2	2019
10	1965
0	2255
0	1566
2190	988
20	440
17	1001
0	181
32	208
814	5064
0	1778
0	2326
0	0
0	0
0	0
12576	16
216	557
171	0
258	91
0	26
94	409
0	80
0	0
14	47
641	127
2414	582
5	299
0	279
416	755
96	637
4518	0
0	256
0	50
5	771
0	149
0	733
0	492
0	168
0	168
80	817
0	307
0	119
14	46
0	133
0	266
16	3982
4594	15448
0	9387
0	0
1216	1760
0	1760
804	0
2408	1693
140	0
76	15
30	4579
181	670
3	77
0	141
0	98
0	4579
121	2087
91	437
0	9
0	9
65	428
2090	1216
0	325
24	527
216	527
379	11104
2361	11104
0	4
1048	10819
0	6138
3	0
0	81
7	84
253	0
5	223
0	212
0	243
0	235
0	203
0	235
141	177
0	31
0	108
0	108
0	577
0	1290
0	1250
1	621
0	351
0	67
86	0
21	156
0	156
0	133
1428	219
0	218
190	138
0	105
0	6
0	136
0	127
0	567
176	567
4056	5872
83	633
0	238
6	278
0	26
7	275
4308	0
0	2612
0	1668
1160	2618
83	0
545	2
0	0
0	0
1211	1958
0	0
0	0
0	0
285	0
0	1260
2530	3295
0	3295
1	7
0	7
542	909
5	491
0	857
75	140
4	140
0	843
12521	846
1436	69
0	69
135	180
0	182
2352	182
72	12984
4418	7951
0	10940
0	5348
0	559
9	7432
0	7184
0	3449
0	2293
375	2470
0	559
0	19127
101	19113
269	98
0	29
0	97
10	0
52	12
690	12
0	38
239	558
184	63
758	729
14	729
669	4685
0	199
0	198
0	4278
18	4481
0	0
0	7515
4508	7517
1358	780
0	780
33	174
0	732
0	732
270	1253
8478	1259
6	420
27	1540
0	1409
4	319
0	57
1494	376
76	0
0	0
0	0
0	2548
0	76
1	2835
4	2567
0	2757
5	2715
0	0
0	0
0	0
17	71
4	45
0	37
0	4
40	332
0	276
0	169
0	0
0	20
0	20
0	280
0	335
4	0
70	0
0	0
79	0
156	696
41	1880
37	0
507	2194
0	51
0	97
0	2193
4	477
0	474
1287	1971
6930	5911
532	2464
0	1322
5628	6
157	1927
0	44
0	0
0	35
25	1927
0	0
0	0
229	180
0	26
0	60
0	229
21	253
23	253
0	0
0	0
311	580
3361	2
504	4407
0	4407
0	1415
62	1415
16	198
7	131
1694	824
0	480
0	702
13	67
0	67
1894	0
0	608
1	1011
276	2616
0	890
3	2553
2261	8669
0	8667
7	0
0	0
25874	6092
9	0
0	64
0	34
0	60
242	0
89	96
0	96
0	0
0	841
0	180
12	1265
5224	1974
1275	0
0	0
0	0
0	0
42	0
35	73
0	12
0	12
0	4
4	276
0	276
0	0
1457	3
6181	2
10	27377
128647	27614
14	7013
108	41
0	100
28	72
3230	6
0	786
297	786
20	140
8	287
0	0
0	0
45074	6333
0	6301
96	1223
27	318
239	1100
5080	7
1253	3302
49	3277
0	0
0	189
259	189
4084	479
137	451
38	152
0	558
0	393
0	6
0	0
0	0
0	0
5	0
63	0
49	104
433	109
1599	0
4	7
3	150
0	150
1436	10
22	66
51	73
0	9
0	66
47	0
0	0
0	0
0	25
118	37
6	12
0	37
0	28
172	225
0	225
47	451
0	304
9884	763
3162	13238
0	13220
0	2536
1115	442
1074	860
0	860
299	317
0	227
19041	28
38	856
0	310
0	714
0	767
0	0
0	2910
4085	2866
11	1040
53	698
2760	1822
121	94
0	3
0	82
0	1820
107	120
614	1283
0	1283
2816	379
0	90
0	0
0	0
0	13
10	18
85	180
0	162
58	0
25	983
30	983
0	0
86	3
0	0
0	0
0	0
0	4
0	4
0	1055
856	1055
57	118
0	25
0	11
0	107
61	18
0	18
797	0
4299	2263
0	373
1	0
12	152
1830	7892
0	1517
25	774
0	7203
474	0
701	671
0	29
0	642
49	1
0	27
0	1
0	216
0	5
0	136
0	216
0	221
73	253
680	463
0	8
39	58
0	0
366	123
57	3200
37	2019
1936	3201
64	1859
3921	1190
0	1160
0	1327
0	1524
35	36
0	36
3253	3
155	7
1812	0
1143	1102
0	1102
262	672
0	687
261	1855
453	3122
23	16319
214	3763
3	16484
35	16364
96	0
67	0
104	360
10	451
81	481
112	13
0	13
76	46
0	46
0	46
0	680
4206	545
495	524
14248	7899
0	7880
10	728
132	349
172	852
27	313
0	316
0	318
0	0
75	465
0	465
5412	1820
0	281
61	1530
9243	4
323	0
27	478
0	452
49	89
0	111
0	111
0	408
0	37
175	384
0	721
358	721
4057	3
514	197
0	197
0	235
67	316
0	320
191	86
50	974
24	974
655	0
2156	247
179	0
112	125
0	125
0	1
0	74
2175	14765
152	14817
1	0
0	0
0	0
0	0
0	0
0	0
0	0
0	0
3396	536
0	532
104	0
149	19
0	19
10	655
951	1203
0	1157
21	162
2318	1751
0	68
94	935
298	1758
1	1624
348	2210
7198	59843
611	61439
0	30529
0	0
0	0
528	6106
23	6103
19	20
8	20
5	3425
0	2316
49	4451
6	3756
0	3636
15	0
0	0
0	1198
0	54
334	1198
9	34
0	34
0	34
3069	407
1	404
802	297
0	31
0	266
241	26
0	26
3	10543
36467	24726
208	1477
4	21341
0	1899
0	298
0	436
26	250
30	132
203	274
3	142
0	901
74	901
441	901
0	0
48	0
0	436
168	1649
0	306
0	1519
818	1
2295	723
0	723
0	0
2543	0
4	0
0	0
0	18
0	0
0	8
0	11
0	24
0	15
123	0
110	2372
0	487
252	561
0	0
294	0
0	9
252	179
0	148
0	142
85	120
78	2180
172	0
0	0
914	644
0	487
0	132
0	23
0	34
0	147
0	147
0	86
0	147
207	1732
0	388
0	399
0	2327
559	2327
0	2255
482	2255
0	0
0	0
0	25
0	227
0	226
953	504
0	380
1939	405
0	373
957	167
12	83
0	49
0	0
1420	0
89	0
1360	3
0	25
0	0
1807	1
50	1437
801	1437
52	622
0	485
0	1858
83	1980
831	315
0	19
25	20
0	23
0	23
3648	1036
331	487
68	547
2687	64
33	64
856	661
0	194
269	1980
0	739
0	326
0	1980
40	31
0	7
94	205
236	816
0	0
0	732
0	749
4	819
18	0
18	0
5	0
98	422
0	422
3933	66
0	63
0	104
671	215
0	111
135	1164
3	1164
36	1164
1385	0
0	7
1	0
146	16282
60	15544
1584	15994
40	52
0	4
0	48
4321	1992
0	0
0	54
0	13
5	138
18	15815
843	15815
78	0
0	1816
0	362
0	1925
3	1998
56475	56
134	448
95	449
688	470
38	237
8	470
0	0
0	0
0	0
42	137
10	0
0	137
66	131
0	131
0	0
0	0
17	27
0	27
11110	11
92	10
0	96
0	75
0	245
0	260
0	0
323	2583
6	2583
0	1290
2164	2108
0	628
0	507
0	81
26	59
1185	81
3360	4
0	0
0	88
0	153
170	9
0	9
0	0
10	3
0	0
0	3
1778	72
0	72
712	0
0	0
21	0
0	0
1	1523
262	1477
0	100
4	1880
20	1520
73	1523
5476	5121
0	1862
144	2111
3	0
0	0
45	160
45	111
0	156
0	21
64	21
0	12
31	65
0	62
0	0
0	0
0	225
492	225
2973	6
66	1923
6	76
20	1756
0	16
1384	0
404	0
144	595
87	595
50	758
0	678
0	758
25	89
0	24
165	9
13	9
4	133
3	265
120	265
44	0
0	0
13	0
52	383
97	383
0	27
59	636
0	62
2	623
0	4115
118	4115
10	0
95	0
6	0
1383	3
108	330
0	324
2338	51748
144	51748
79	5
0	187
0	146
103	556
0	556
327	1851
23	150
106	1851
5962	8927
1363	1
143	3334
17	3334
0	20
0	65
3	64
2261	3
16	0
0	7
0	7
0	0
1948	8
1395	61503
516	9381
0	9030
40	61853
0	139
0	1519
0	3084
2680	3092
0	74
731	221
7334	8
0	0
371	626
0	626
11	8
0	0
0	180
1836	181
1169	0
8530	5
138	41
0	40
112	2603
315	2603
54	0
0	0
0	0
1634	431
17	431
1374	927
0	925
0	0
0	0
0	0
268	69
0	69
0	707
0	61
767	61
0	474
134	235
0	170
130	9
2166	3
142	145
0	102
784	247
96	1546
1	218
26	1546
0	45
1	167
0	140
0	214
0	74
0	712
0	17
0	83
5	4166
0	4245
0	4090
0	0
2	25
1	22
0	3
422	7850
6	7850
0	0
0	24
4	24
0	37
556	318
5	81
0	49
0	316
0	4
3	4
28	2227
0	0
1407	164
0	164
0	135
0	184
46	2747
0	1448
0	1448
65	2701
68	116
103	115
280	0
162	42
0	34
0	22
135	76
0	33
0	4
0	4
0	155
0	0
0	0
0	0
0	4271
0	72
25	4321
1197	0
0	648
51	914
215	4
18	43
99	43
367	1017
0	1017
813	2
512	54
46	54
312	0
0	99
137	99
8	0
201	34
0	34
1280	269
0	269
0	0
51	0
4883	0
0	9
187	9
1642	1378
36	1378
0	0
55	4
7	3
0	0
99	98
17	98
4235	943
101	9
0	958
0	939
2	463
282	155
0	25
0	126
283	0
96	569
4886	566
52	317
272	204
158	113
0	113
281	0
43382	24
57	299
2	299
0	2
0	2
213	1
137	5806
0	75
214	4823
36	5456
0	161
6636	6
0	38
0	69
0	16
0	90
0	95
0	88
0	77
0	109
69	13
0	13
0	13
7934	12
59	0
17	7
86	88
0	165
43	165
387	0
1	289
45	289
9587	0
1285	123
0	123
32429	10
1189	2
14	0
1023	4576
0	1100
0	1157
0	554
0	9
0	525
0	557
0	529
976	3177
431	3173
531	0
1711	2
116	168
0	159
0	144
80	740
0	220
0	26
0	123
0	1604
0	63
2114	666
0	666
1520	0
4	0
21	0
2006	2323
0	346
14	1999
21	1129
519	7010
29	6917
5122	20705
71	20700
2	13966
84	0
451	0
538	0
159	17
7	17
3635	1609
97	1609
0	22
63	344
0	8
5	16
0	9
5020	0
0	0
133	0
1886	148
0	148
139	92
239	92
19	16258
0	7641
0	14557
71	13454
14	15578
40800	23137
0	13264
0	2966
125	2809
0	1698
1896	61
0	59
32	107
472	1958
252	1283
0	184
1	2082
2461	646
0	9
0	0
0	39
0	24
0	371
189	371
0	43
789	43
0	123
920	123
0	489
0	367
1	445
0	530
3	369
42	63
1	2319
10	355
14	2259
2294	6
0	4
0	0
22	4
157	0
47	566
12	469
34	629
27	629
207	14
0	7598
0	7772
32	7772
48	9
0	9
0	0
960	0
95	0
6	79
21	157
593	1219
0	82
0	1218
1999	2441
0	1146
0	2416
2128	0
0	13
0	0
0	2
0	13
1	72
12	243
107	1428
65	1428
3665	3207
0	3203
225	0
584	1596
0	329
0	528
1860	0
328	935
0	1087
4559	2943
0	2938
809	252
0	252
172	722
0	4222
0	410
0	8368
0	72
0	7378
0	7319
1949	8045
407	1545
32	22
0	22
1428	2
173	0
0	9
2724	0
4879	1112
0	1100
286	1260
39	1244
112	318
200	46
0	46
141	0
25	1383
64	1522
0	1512
0	1574
13	1436
0	0
0	0
0	0
0	0
0	0
2	0
0	0
0	0
0	0
0	0
0	0
0	3
0	1207
0	979
0	1207
0	1193
1475	785
0	784
114	0
1	2
0	0
0	2
0	1
0	1
811	0
195	652
0	652
68	74
0	74
27674	2133
0	0
5992	5
62	2716
11	2716
43	165
0	165
0	18
0	165
0	83
0	165
0	165
269	82
287	82
5	55
66	57
0	0
35	397
42	397
23	0
154	556
0	556
253	0
8333	10768
4	10751
0	0
439	4859
0	4859
0	10652
0	15180
5397	73921
0	57181
6	73927
83	0
2311	18
44	10
385	1667
0	1743
0	0
2	107
0	13
3	311
568	3324
0	3263
4	234
17	234
50	754
45	592
0	533
0	645
288	0
8	5
0	5
1	0
2	0
23	20
0	20
1409	0
1176	0
7	405
90	405
20	956
4	956
0	956
1348	890
44	33
43	818
4	789
2	15
0	15
0	8
0	15
0	22
0	15
1816	1276
108	1276
1234	0
0	250
53	7326
0	7130
0	0
0	0
54	1691
1	977
191	2299
0	2097
0	436
1046	892
0	0
1413	16
107	387
0	368
18	327
625	373
0	0
0	0
0	0
4561	6
0	0
0	0
0	0
0	0
0	0
5359	9688
9	914
0	655
0	9414
622	8928
1141	1
13	0
0	907
3801	2759
6	2860
57	2908
408	0
0	568
0	577
0	575
2	580
0	541
2105	1799
0	1772
2175	0
248	13192
3751	13192
7	4349
0	643
0	498
18	8022
0	6782
0	7723
301	0
13	223
1	223
521	0
2714	602
0	599
0	6
1	185
0	185
161	291
0	131
0	169
845	35
4	35
16	3
0	3
1153	782
55	782
0	27
0	27
0	27
275	3462
28	525
46	3462
0	0
0	0
0	358
0	6056
150	6215
0	61
0	29
0	54
15	61
0	39
57	594
0	1300
0	1455
0	0
0	14
16	14
2	133
0	42
0	5
19	148
24	191
22	14
0	4240
81	4392
0	96
0	224
0	0
0	0
201	3022
124	2680
0	176
0	229
16	498
267	2269
36	2200
0	277
615	0
172	1848
3270	1848
0	173
0	24
33	173
4	3804
0	39
0	1031
0	1376
530	1286
183	2812
13	2812
0	3079
23	2932
0	574
133	290
23	2597
1399	4
3178	0
1950	3196
9904	1721
686	13
2219	782
0	781
0	26
108	0
15	277
125	1221
0	1221
25	7
0	7
0	0
828	0
66	1696
0	1696
0	0
0	0
0	314
0	0
2506	4484
0	4483
0	4413
308	2
455	137
0	137
269	6
0	6
21	391
12	76
0	370
7	1
0	175
505	175
0	0
0	0
0	0
0	83
235	83
485	344
190	344
2807	721
0	721
0	39
174	56
0	53
165	461
65	2239
0	2239
9	1999
441	0
1014	0
1937	2
5	0
18	123
52	163
23	125
1450	734
125	0
113	601
82	2165
197	2165
201	142
5	43
0	99
0	589
358	794
903	0
9	0
64	375
46	409
0	88
72	149
470	22
24	21
3752	2047
0	1948
0	1901
0	2019
0	0
0	0
0	0
0	0
843	139
6	139
11	0
51	0
5380	21
3355	35
3	73
0	73
331	6862
0	158
0	167
5071	2827
0	0
0	0
0	0
1	1
0	1
0	197
132	197
56	58
14	26
0	32
1623	673
251	92
0	0
110	0
24	39
0	7
0	32
0	0
0	158
0	175
2	175
730	1263
17	0
0	1182
209	3686
0	3809
5	3502
1603	6
955	0
1004	0
1263	57
0	57
358	0
94	36
0	36
0	0
1126	966
66	963
18	170
1500	688
0	688
4	3
0	3
3145	2570
112	2570
1259	9
0	0
583	137
0	137
4	0
872	0
60	31
9	474
0	205
0	835
0	672
7	118
2	1337
0	1948
0	45
574	46
414	0
17218	2349
1	2328
5474	233
44	227
11	0
114	0
2042	1
194411	155730
629	1
33	26
0	26
0	24
0	0
0	0
0	0
31	0
0	145
3974	154
6639	1126
15	1111
0	2856
0	2976
0	1426
1837	6313
0	0
0	0
0	0
38	144
8	144
0	39
0	48
0	0
45	472
1064	472
1119	2
0	0
182	189
0	189
0	187
0	106
178	106
0	0
0	0
10117	4
30	0
462	9
1863	861
0	823
0	682
256	0
240	187
0	134
2	211
97	0
331	130
0	130
1	103
10	6342
0	6342
0	6126
17934	14
0	142
0	21
0	481
0	172
24	401
0	1
0	1
0	1
0	1
423	0
82	1245
286	1844
5	1491
401	0
0	0
4540	3
189	206
1612	208
352	0
0	17
0	8
11	22
0	22
0	0
0	8
0	8
33	888
15	893
4333	12638
0	7427
686	14743
0	14743
4584	868
0	863
358	3
0	3
1184	1
209	0
0	0
66	53
0	53
0	0
0	0
0	0
0	2330
1088	6684
0	6696
0	6696
6497	1
2138	1
28	1946
2967	1820
0	1819
119	1904
0	1906
2584	0
5	17
0	17
475	48
3062	472
0	472
363	163
0	163
1651	0
380	85
0	85
12	261
0	428
9	58
167	1515
0	1392
4423	6
8	0
0	745
0	686
0	784
0	725
0	674
73	0
0	155
214	612
0	457
14	29
45	29
1068	238
0	197
0	750
0	693
0	5
0	693
47	744
750	84
9	83
0	0
0	0
0	0
0	950
3	679
11	1381
1271	1748
0	1270
0	216
116	216
2897	2
183	596
284	32
0	1027
656	1027
3	9
0	9
685	1737
0	0
216	99
0	99
0	92
4	0
344	1271
375	1354
444	1354
94	597
23	597
97	1392
0	1392
15	810
370	1081
6112	5
1465	1595
0	1587
0	2
10	2
1647	6
0	432
2915	639
0	0
0	0
14	121
205	125
6355	649
0	637
940	629
0	390
0	622
1108	0
0	146
92	96
356	767
0	767
62	735
121	134
87	53
0	4
0	0
0	0
10	345
2	349
0	0
0	7
217	0
0	0
0	0
1690	3
120	85
0	85
173	24
0	24
34	2464
0	2464
0	0
0	9
0	60
0	9
13	60
41	57
0	1
0	1
173	368
1476	4136
8	2080
0	4136
0	2590
4948	2933
0	975
127	1155
124	1282
555	951
0	951
135	155
57	155
13204	19166
10	19
0	0
0	0
8	227
0	54
0	45
0	227
0	2
0	2
305	0
176	24343
108	24345
11	1344
0	18285
0	5
0	11
19	16
140	5
1	647
2	305
0	0
1977	4286
76	0
0	0
4	0
73	4342
0	4337
0	3245
0	4385
2	0
0	0
0	206
0	243
0	607
0	654
0	0
0	2760
195	2760
60	0
0	12
136	0
0	0
422	4111
0	3777
0	4170
14	0
2033	1
0	0
0	0
0	0
0	0
0	0
1030	0
111	553
3	0
1693	168
0	168
56	0
1	34
510	1128
43	99
22	74
50159	47
0	44
15	44
7421	6
0	26
203	265
0	267
0	86
0	293
0	265
0	2
0	2
0	2
3	131
0	55
0	131
1776	0
0	26
0	101
1692	127
6298	14198
21	12927
80	35
0	35
8586	25
3460	7
0	0
0	0
0	0
0	103
328	190
0	248
0	144
0	144
0	1520
154	1321
2	1734
41	3238
34	3185
0	0
274	1
95	87
13	28
0	59
1901	8
893	2222
0	212
127	2194
1549	5
0	3204
0	10411
20652	13627
2	0
90	2654
559	3843
0	1189
45	121
611	371
0	25
128	132
37	323
0	64
0	80
0	293
0	69
120	173
0	19
0	0
0	3
4	19
0	20
38	20
3	0
15	0
5	0
6	0
0	1
0	1
558	248
0	248
478	2724
1407	2724
0	0
25172	15
98	212
0	119
0	89
0	128
0	93
0	45
2522	372
0	195
0	301
25	51
177	51
0	0
7	8
0	8
0	0
318	782
0	699
1	699
1196	199
4	198
1196	1578
5	158
6861	797
0	796
0	48
0	89
0	50
0	83
10	196
0	117
7240	4821
0	0
13	1273
29	110
32	1119
1131	0
2	108
0	117
24	0
0	1146
3122	4783
0	4748
7	4237
2181	793
44	23
4	9
0	14
0	0
11532	5637
8	5608
0	5608
77	5339
0	5630
0	780
1185	1503
8	717
0	668
0	1402
0	438
0	826
0	620
820	955
8	256
363	4170
281	4170
0	0
292	95
80	66
5	66
6	27
0	27
2824	1238
0	1233
33	683
722	683
25	36
2573	594
0	581
605	13
0	581
1238	257
73	257
0	0
847	6195
0	6195
0	0
0	0
0	0
20	0
37	95
84	1849
17	1788
38	1693
21	438
0	0
187	0
12	0
0	107
54	107
779	0
714	95
16676	1616
90	0
3796	1496
10	372
0	1122
2862	190
0	189
4	2946
46	2870
0	217
0	3272
0	3139
515	3503
20	5
228	5
0	3653
432	2920
487	3006
34	373
932	373
0	0
0	0
2247	1
354	21
0	21
6742	240
1	240
0	104
0	94
0	28
402	4364
0	4435
0	10106
0	10183
30	3664
0	0
0	0
1223	554
0	238
23	45
0	45
68	169
0	101
0	68
7	214
0	178
0	226
912	2865
25	870
0	2685
0	0
1012	1
14	97
960	163
1	202
19	5207
43	5832
52	1184
0	4577
0	4918
1307	2
12336	2502
0	2493
69	637
0	637
1116	2
46	58
0	58
883	7749
0	3670
19	5394
2	2044
0	0
299	0
0	0
0	0
13	0
0	0
0	0
0	0
0	0
12	56
125	56
0	0
14	0
26	0
0	1754
50	231
20	341
8	1754
3755	456
0	456
3379	3137
0	891
0	477
0	1799
0	37
0	162
6	193
389	255
4	199
77	4322
35	4322
0	3046
0	940
0	4
0	2397
6	3132
0	1814
25	3008
0	1302
1649	1302
0	0
0	0
0	86
180	86
0	0
62	101
0	101
85	0
13	6
0	6
953	0
746	0
2	1433
0	1522
6	1399
1	0
27	141
0	141
293	0
7038	480
0	469
40	1872
20849	1889
0	715
0	949
0	1797
1744	0
5328	3
0	76
1	1309
0	84
0	1735
0	1727
0	912
0	128
0	95
43	256
16	182
0	156
19	206
7	4
0	884
0	795
0	666
0	351
0	70
29	70
4423	2127
73	1839
14	1677
0	0
3	0
0	0
0	0
0	344
41	529
32	600
0	1363
41	218
0	3551
6	83
49	3637
0	1363
0	1350
91	547
0	369
0	594
0	0
23	9
70	4590
0	569
19	4760
29	136
9	140
0	24
9	0
0	0
0	0
585	0
32	41
43	41
0	0
20	0
0	0
51	28
0	28
368	0
69	0
2	96
447	96
99	990
0	990
660	625
2758	105
0	105
0	1661
0	475
1	678
0	1845
218	2151
248	494
0	91
33	288
0	0
0	5
6	398
0	226
25	1674
126	1677
0	1656
0	1640
0	0
165	0
2	54
0	39
0	47
2017	3829
0	3829
14	46
0	46
24	17
0	17
218	23
0	3
36	3
172	13
10	8
0	6144
0	6779
0	3311
5	0
2352	2610
0	1060
250	2210
2141	7
29	9
5115	6
0	452
11	0
54	452
510	53
0	50
0	0
25	0
0	0
0	38
375	38
108	328
0	178
0	328
1110	177
0	177
0	0
1650	1
0	0
178	0
0	0
1	0
3	33
182	0
0	6
0	1297
0	272
5	939
0	1056
0	650
908	2218
2	1147
3	663
79	571
0	571
0	0
8	0
511	657
0	542
0	656
0	658
0	0
0	0
0	678
0	1369
0	2077
4	1664
2	302
3	237
59	302
0	0
0	22
0	8
0	22
0	8
0	0
0	0
0	0
0	15
98	3
0	3
0	0
0	0
0	251
94	417
0	566
221	983
154	334
0	334
369	1830
0	132
0	1830
0	591
0	373
0	779
202	1370
4052	0
402	1564
0	1563
0	0
0	0
129	594
0	408
82	4761
0	7698
1	7343
0	13
0	37
216	0
1460	3
0	542
3751	586
0	224
70	3377
37	3377
16	2989
0	0
22	481
9	504
0	504
0	191
40	439
11	478
0	9
0	8
29	26
0	0
0	17
0	13
5306	10
235	1133
0	1159
465	0
64	5351
168	4628
0	499
560	4917
0	4916
0	1063
0	4280
165	0
14932	8376
0	8364
97	84
53	18
0	18
0	5
0	5
6	12
0	4610
0	5768
9608	29313
820	26395
137	219
69	219
2425	943
8	153
0	15
0	115
0	983
0	0
0	0
0	0
9	3099
0	109
0	491
351	3099
309	0
0	0
7	4
0	331
637	1059
2	1175
0	0
78	7
0	0
0	1058
0	8851
0	9012
11	8860
0	8854
0	8685
17	7677
0	8726
0	9144
732	772
3	381
70	160
862	1837
3	1835
333	13
0	13
0	0
48	1502
50	1502
289	5
0	5
23	21
114	21
0	0
0	0
0	100
9	1062
0	1069
91	11
122	817
0	817
0	7
0	2
0	2
52	211
458	0
2006	63
0	54
0	0
0	0
0	0
0	1249
906	1760
0	744
0	1348
111	1720
0	0
358	0
472	1301
2447	962
22440	12852
280	12839
943	53
0	48
0	183
1293	571
29	185
0	385
3818	0
3630	2
3	33
86	0
0	388
0	242
0	406
0	160
0	491
1	324
0	310
58	1229
0	472
0	1339
0	936
349	0
14	0
2777	0
228	774
0	151
0	706
19	834
0	619
3152	5
1568	2
66	176
0	0
0	0
0	0
0	0
0	0
2	41
0	35
0	0
1	160
95	160
19	0
0	0
8	1123
0	850
14	1082
79	1413
4	1823
28	1476
47	1590
16	8207
4	8297
0	1543
232	0
71	658
0	151
0	658
318	599
60	599
2609	0
359	0
9	0
1618	95
565	0
763	343
0	73
3	395
0	172
913	174
95	778
0	778
3705	0
3	0
17	0
0	526
1286	526
801	0
68	0
21	10
0	2
15	2
8638	0
17	471
0	613
17	81
0	698
214	5177
8	61
33	586
208	5192
0	2497
250	2501
202	2500
0	384
0	8
0	376
0	384
0	384
1148	117
49	116
789	4943
8046	4951
0	19
0	41
0	27
984	2734
0	137
23	137
0	2091
14	728
4024	2095
7560	4367
33	4348
49	4347
131	105
23	0
0	105
0	0
3394	1
243	780
1044	628
0	503
0	816
0	478
17	2807
2930	4058
0	4010
347	2449
1925	0
0	0
434	2842
28	2051
0	117
37	2064
72	2723
0	90
0	124
0	96
41	156
73	1654
3	504
6	1553
0	1088
0	0
406	2931
11132	9
260	2346
0	6
0	6
149	0
5	0
0	53
0	67
0	2
0	1
63	68
0	25
0	171
1792	1258
56	1097
4397	10
10	134
2415	3806
357	0
58	1585
11	1585
7776	3
1018	497
0	497
0	34
0	34
132	1031
1192	1031
0	0
0	40
31	114
232	283
0	0
0	274
57	191
490	191
0	0
6512	294
0	7
371	1462
0	1462
0	0
239	461
0	447
0	0
5	73
0	87
0	72
8	87
0	87
372	2
2923	544
0	543
39	2315
11	2315
877	0
4	0
79	0
967	0
8	0
0	0
0	0
0	0
7	2
1636	2
3	46
0	0
11	0
444	704
86	241
0	726
68	1101
244	1101
63	127
828	121
0	121
27	130
222	130
227	568
2	0
0	568
178	0
195	960
0	886
0	883
0	987
0	978
11	575
0	75
0	575
8088	7
546	0
0	62
23	62
49	0
51	0
13	1478
347	1478
0	0
0	0
0	0
0	93
0	110
0	107
17	96
14	2134
0	2134
4466	6
93	0
1688	4568
0	476
0	3078
41	868
0	3268
185	589
0	4369
10	4449
0	4369
0	4206
0	136
30	136
3	2
0	2
0	2
0	2
25	523
0	358
3856	669
0	116
0	75
0	484
90	484
32	0
146	503
242	781
1610	3854
0	3892
4314	0
0	228
0	140
4	1668
29	1668
0	5
0	0
0	5
0	0
25805	12821
700	993
0	367
54	496
25	496
5	71
0	71
2193	5
378	0
682	905
0	316
0	380
0	905
7854	3
0	0
0	0
0	0
0	0
0	0
546	1
26	0
58	0
0	95
0	100
0	25
110	54
1415	0
0	0
159	0
14817	2913
101	698
821	0
5	0
38	59
0	59
2117	0
749	0
0	27
0	7
22	295
465	285
37	4402
0	4402
26	167
0	161
6	161
12	167
0	161
18	1300
4815	1239
64	232
0	45
0	241
0	257
744	71
0	71
857	0
3	209
65	209
0	0
0	0
16	77
12	1057
104	271
3149	0
1	190
1164	190
21	202
91	197
6	74
638	3
0	105
0	95
4	197
225	0
47	0
256	4565
0	399
21	4290
373	450
0	450
10815	448
0	441
532	2130
0	116
0	2133
37	299
170	0
50	0
3	3
0	3
1274	1
0	868
0	500
0	77
0	53
991	2423
0	2055
0	1059
132	1059
0	0
0	0
0	95
275	2434
0	2521
0	2440
769	1206
456	1206
4508	6092
7	189
0	723
0	0
1747	365
0	27
0	362
0	2
0	0
0	2
24	6225
0	6225
0	384
4976	6165
115	0
1	0
0	0
1007	6711
7	6711
0	1803
7484	0
204	0
0	0
9	0
53	689
0	471
476	566
0	0
0	5
0	40
0	39
25	480
0	0
20	0
0	0
0	2
0	0
1716	0
0	0
0	0
0	2053
0	2078
5	2091
14	2136
0	1189
0	0
1222	372
0	371
24612	12225
3	12217
135	1801
541	1802
61	13
0	13
8	37
1825	37
0	0
0	0
0	0
0	1130
0	457
0	1138
0	465
377	1130
62	342
87	19327
0	383
0	19576
0	693
44	5048
2703	5106
9	664
0	0
0	0
859	0
24	905
0	811
20	869
1115	18169
113	8449
70	7501
55	17660
45	4
0	1183
0	7069
4	7009
18	7060
0	7148
0	414
0	362
0	338
0	281
133	1
0	0
0	0
0	0
3243	4165
54	1374
0	4165
4441	13
0	0
0	0
6	1038
79	1038
66	0
507	1643
0	1643
659	0
38	575
3016	576
0	0
0	9
0	9
0	13
0	21
0	21
11	988
34	732
32	996
0	404
0	420
45	452
7	405
0	371
68273	53
48	173
55	173
0	54
0	95
17	724
41	724
10	45
41	621
0	0
137	238
9	168
34	0
21	2
0	0
104	133
0	133
2	1780
64	1780
0	1780
37	4363
774	4363
0	0
0	239
1276	551
0	242
33	2910
0	143
0	169
203	2819
0	0
0	6
0	6
0	30
0	0
11678	4159
0	4145
0	706
278	952
4	952
133	952
21	951
0	17
0	65
111	81
24	66
0	40
1	71
0	0
469	0
1834	822
4	822
1447	3831
242	3831
0	0
0	0
2658	31
1	27
6732	1
0	0
103	14
1	1504
18	1511
0	1252
0	1244
0	953
0	850
0	16
0	11
8	52
0	0
0	0
7	0
0	55
0	55
45	110
79	1765
696	1765
936	1661
0	1661
17	1903
0	1947
3	570
0	117
38	216
13769	2
4235	12181
0	4694
0	7603
0	4646
1660	0
160	8029
21	4222
1040	2901
123	7559
0	0
7	19
1240	2587
0	538
0	215
0	208
0	51
45	1565
490	0
0	117
764	0
0	0
1	0
0	0
17	13
0	0
0	9
0	1
4	22
0	0
0	30
0	0
7	30
0	30
0	30
0	4
4	65
1099	65
203	0
0	0
0	0
46	1046
6	1046
121	987
0	987
3893	566
24	564
23400	11
12982	4071
0	302
0	1434
1	3897
52	543
0	75
0	1710
0	4250
0	4228
56	1125
0	610
723	2
0	0
5747	5362
168	5428
6	3999
0	4536
439	540
0	214
0	512
0	374
0	294
816	540
520	7048
244	7048
0	0
0	0
386	634
280	92
5	13
0	51
0	81
0	51
0	2
0	0
0	2
256	65
0	65
1214	2610
0	2610
0	0
0	0
3	0
0	0
276	174
81	0
18	589
0	195
509	369
0	178
1128	6255
298	3501
44	2482
0	1472
178	1848
0	1508
7	4378
7	4816
0	4947
3	0
0	0
674	0
0	0
0	98
760	1121
38	2
0	849
0	849
0	849
2	698
360	0
0	80
8800	347
0	265
278	4146
0	963
828	4153
0	0
37	0
0	964
0	727
0	711
25	42
0	689
0	405
42	732
0	762
1730	2727
63	2286
610	1331
208	1331
460	0
0	1057
0	379
1607	1095
6	407
1	840
0	540
3	71
11	140
35	140
1	42
0	42
245	51
0	44
0	3
4121	1489
0	1484
12566	15195
2065	0
0	11
0	11
0	47
0	41
1371	15
3792	0
99	23
16	7
20	8
4	8
0	8
0	0
0	1413
0	1437
2	1316
0	1381
0	1301
4	772
11	772
66	429
0	590
0	504
0	594
2	0
11	0
17	0
0	0
0	0
0	83
120	806
5	678
0	688
0	821
0	154
31	160
0	129
0	129
0	110
6	1163
0	473
72	1339
0	1339
312	1033
0	1033
51	19
0	6485
0	7058
0	1438
1594	8567
0	13
0	19
22	64
389	64
435	3394
224	4532
56	4331
0	0
0	0
45	0
0	0
40	82
0	60
2060	15701
120	15670
55	812
0	4372
0	15646
0	4
0	61
0	3155
16	24
146	3155
86	0
0	24479
4	17062
0	18173
13	24479
1	97
502	99
25	0
32	325
0	3
1	74
156	20
3	115
0	2049
27	2846
0	2810
0	2937
2679	4
0	0
0	374
275	815
0	331
0	322
0	971
2809	972
946	726
0	726
1	0
0	0
0	9
17	11
429	237
0	237
2499	5566
0	5639
21	895
492	8
2598	5700
57	184
451	290
0	106
16402	27
0	4418
6458	4420
690	3
34	636
0	285
57	627
0	424
521	1493
0	403
0	1080
339	279
1	279
0	53
14	53
998	2846
0	2845
782	0
46	8046
0	8046
0	22
1031	22
3443	1992
11	1903
0	1297
332	3894
0	298
0	3294
0	3863
0	7988
506	7988
2938	2918
0	1610
0	2456
0	0
0	0
42	11
0	0
0	0
0	0
0	4
0	0
0	4
0	4
0	4
82	0
292	0
0	0
0	0
0	0
0	0
7904	2
2	2
0	2
24	1329
2611	1341
0	5
0	5
0	5
0	78
0	76
0	52
3677	164
0	106
5	54
56	24
0	13
0	24
37	1064
97	1064
16713	21940
11	9941
4	21938
0	203
0	16
3	203
136	0
659	0
115	2238
4	2238
0	0
0	0
0	0
0	1151
3557	1182
0	3599
5365	3612
833	610
22	610
90047	47
0	9480
3757	9503
8	296
45	377
0	1005
0	724
300	1005
960	2173
1111	2173
173	34
0	29
2	5
0	2442
15	2442
0	2442
0	0
0	0
0	6
5	6
1652	0
8	0
187	0
4	0
39	18
0	8
0	18
10	0
0	0
12	64
0	0
4	64
3675	4296
0	4289
0	0
0	0
0	63
0	948
5	941
312	1681
0	1681
0	496
828	0
0	7
0	7
0	7
0	7
0	7
0	7
0	7
0	7
6	0
611	3295
10	1186
717	0
91	0
0	838
12	944
0	0
92	414
0	414
20	48
0	48
0	0
440	2
103	668
12	900
633	125
0	121
0	0
0	0
8182	2
0	1
2	223
92	223
1223	0
198	1762
24	1957
0	283
52	160
0	38
990	478
0	25
1482	0
7	867
0	496
0	131
59	842
0	737
24	7
0	7
766	0
876	0
318	467
0	406
2	431
0	394
0	414
0	384
0	392
0	406
328	0
0	0
0	0
9180	5
19	0
0	12
1	12
93	12
3	954
0	433
0	463
19	1015
0	964
0	0
0	0
0	0
22319	7410
0	612
36	6329
328	2069
322	2688
0	1509
134	185
143	1509
66999	17360
0	2247
0	12895
6	2
0	3860
2565	3860
2	5771
12868	21255
0	3777
148	20942
3972	4
460	89
417	1439
4159	0
4	2
60	2
16	15
0	15
2358	12177
138	3767
0	11334
0	842
0	0
1	0
278	0
14624	10
5390	0
304	24
0	24
0	903
87	903
88	3448
0	4020
0	4158
8	0
1781	1115
0	1114
0	6
0	6
0	2598
0	2000
0	3026
0	2923
1537	0
1558	911
37	0
0	0
323	0
756	613
0	152
801	6128
0	1627
0	5225
531	300
0	6
0	6
42	838
883	838
668	0
51	1570
0	1509
0	105
0	105
0	159
3	133
0	226
5	2351
7000	182
0	163
315	591
33	116
0	565
2438	1984
0	1983
31	1983
0	395
29	395
1942	4
16	1829
0	155
5092	289
2	221
2002	0
304	0
0	1
0	1
426	0
0	33
0	944
0	2286
142	3146
0	3166
0	3175
0	0
428	2156
0	2156
156	121
0	121
223	350
0	115
10	31
0	0
808	241
0	241
0	0
0	0
0	0
0	0
0	0
3	0
0	0
0	980
0	5573
108	5573
1	0
753	0
10722	560
0	557
222	0
9	0
0	0
0	36
0	5
0	36
0	220
0	633
0	686
58	0
1873	3
48	51
0	3
5	86
21	161
472	416
25	0
0	586
159	588
50	537
58	584
44	0
270	0
86	1038
0	885
7	1045
8528	468
123	457
32	1
8	1106
11	1106
108	465
0	439
0	465
9	2
1328	774
0	744
0	30
0	345
0	343
5	341
24	689
0	777
0	2
8	670
77	758
33	0
12	4
0	0
0	4
1655	1214
0	1211
0	0
14	21
0	0
44	31
0	31
16	1172
177	23
0	0
0	0
15	0
0	0
245	200
1935	0
141	637
4	47
6	828
0	763
0	839
0	769
5537	10538
1924	672
6	508
0	108
19140	4999
0	1835
813	1009
146	2326
58	45
0	0
17	0
1319	167
0	157
0	110
89	45
0	21
214	0
10	33
0	33
11786	8
0	0
0	0
7333	6
1606	782
0	0
0	781
0	483
0	0
0	0
0	0
14	46
0	41
17	690
6	567
5	489
156	200
0	175
143	597
0	548
39	507
0	135
2	356
0	1932
0	521
0	472
0	1872
3168	3
7184	6374
3288	6369
209	664
0	228
9	664
37	0
54	18
0	18
1692	5081
145	5081
125	0
11	1035
0	1035
87	4071
551	4125
69	76
0	76
128	695
0	695
3918	6
1421	0
422	15173
268	15173
1154	138
0	138
969	163
396	163
543	137
5880	470
0	302
47	203
1403	4
426	608
12	5173
0	441
506	5111
4129	2652
46	422
0	40
116	0
0	464
135	485
0	453
3	727
2833	0
2331	234
0	234
14	63
0	0
0	2220
23	2229
24	38
0	38
89	280
39	20
2	164
1575	2033
0	2014
0	1228
1968	1229
0	125
4	104
0	147
28	0
12	0
1294	1741
203	1746
2244	2473
3373	2
1	148
195	273
0	57
0	161
0	161
2046	983
0	925
0	839
0	0
0	0
0	0
1807	1
4535	0
181	887
0	64
576	887
33	218
0	32
116	12
4028	16
0	64
160	64
30	57
8	13
0	0
0	0
0	1
0	1
0	0
154	0
0	24
0	15
10	24
701	9107
173	9107
0	720
255	720
137	4628
26	5112
0	4373
3106	4
61	0
1669	506
3	502
0	0
44	3437
63	3437
0	146
3	43
0	30
0	146
0	0
0	0
595	0
250	0
1888	2046
0	2004
0	2046
0	2004
0	5
0	5
37	56
0	160
797	207
507	234
15	15
3	0
1	15
0	19
0	19
67	0
62	500
3	615
3	615
0	0
98	0
0	205
1401	209
239	38
0	24
0	53
13	47
0	24
13	24
0	0
0	0
0	0
0	0
0	75
0	486
0	1079
8	1080
0	1054
0	1062
329	884
32	4746
7	4729
0	2207
0	0
0	0
0	0
3	3738
0	16
1408	4604
0	3308
0	102
27	383
391	376
31	413
1	413
80	15308
3888	15310
0	9686
0	10567
0	6614
982	0
1374	0
80	720
0	700
22	358
233	0
38	0
0	1819
38	4395
842	4172
0	3690
2	3148
0	3690
74	61
0	1840
0	317
1460	1842
601	0
736	15
0	15
21	1169
0	15
9	77
0	0
0	1156
0	1166
16	25
265	206
9	163
16	220
2	193
354	0
7	0
0	100
70	105
15	0
480	66
1	38
0	4
0	4
2	32
123	21
1813	2782
0	5065
6	187
218	5065
58	96
1073	0
0	6
94	6
4330	6
194	10
458	4880
116	307
0	137
0	0
0	0
59	0
0	13
0	0
0	105
0	100
0	82
0	107
0	0
160	0
330	243
4	78
1007	0
0	0
0	0
0	0
0	0
2863	1
4333	1195
0	1195
162	308
0	3
0	305
138	28
0	28
18	751
4115	723
9	170
1512	0
84	0
16	0
166	741
38	298
93	325
0	71
0	26
0	312
0	0
0	0
0	0
8738	998
1	218
13	778
0	0
2800	173
0	170
0	6565
0	10116
9	4326
520	24650
0	24348
165	0
5349	1546
0	1535
17	1066
43	995
0	869
0	0
476	74
0	0
212	69
0	69
0	0
0	0
318	1311
2	71
0	1311
3	1234
0	32
21	32
0	0
472	0
593	938
0	0
0	0
133	343
33	343
0	0
0	0
0	0
0	0
0	0
0	4
0	0
0	0
0	0
0	4
92	2200
27	2200
0	0
0	0
0	0
0	0
22	153
0	448
0	193
0	388
0	3
0	3
270	0
35	50
0	0
0	50
99	38185
29	9178
300	17628
8	33633
0	31938
212	0
0	2
0	204
545	205
6532	2
4193	4
1568	4880
267	317
235	411
0	411
0	2
0	4
64	86
30	86
277	178
0	177
0	0
0	0
0	0
0	1348
6	224
943	1348
115	1138
0	0
124	58
3	58
0	8
243	0
5	2
7109	14
0	0
0	0
0	0
16699	3080
0	3071
101	154
6815	3
0	281
0	66
1	11
0	22
0	276
11	275
132	332
136	332
1797	0
15	0
0	45
16	402
0	402
6	402
0	0
0	0
0	0
0	0
0	0
1	0
0	0
0	0
0	0
897	0
0	470
3724	474
0	74
33	74
56	0
0	2055
14	316
0	1970
0	2355
0	2104
0	118
9	2348
0	2715
598	4528
0	4072
69	3519
0	2503
0	3860
0	2364
45	0
39	52
7738	4404
0	49
0	1009
0	1941
0	2725
0	0
0	171
918	2477
165	2477
0	31
4	275
1292	840
3	832
1	204
153	22
0	22
307	377
49	414
0	287
0	104
42	104
3	592
349	592
1	0
0	0
39	0
0	0
18	2
0	2
0	2
0	44
0	1150
44	1182
11	17
0	14
0	11
0	14
0	11
0	0
0	0
5066	1333
0	1326
0	9
0	9
0	2264
0	519
2	2227
7761	1069
33	10
0	16
0	6
0	16
6	112
0	8
0	116
823	3
8	0
417	1135
0	1135
56	1135
59	1135
1051	0
399	518
7	528
0	0
5343	2613
3	1705
23	83
0	393
268	1124
2968	985
4	985
0	1147
791	6319
111	6374
40	0
434	16
0	10
0	0
0	10
0	7
0	7
2012	1
137	91
0	30
0	3
3	0
0	0
0	1314
1858	1316
0	7
8	60
2	60
0	0
0	0
84	347
65	347
0	146
13	30
0	140
0	6817
26777	16664
0	1408
2016	17164
0	379
5335	1503
0	525
0	886
0	0
12	0
267	5619
0	80
0	0
0	5619
0	0
0	1396
0	58
95	61
0	167
9	136
386	157
0	456
2323	456
839	5963
180	5963
9	129
24	240
45	240
40	16
0	16
7	2
0	0
0	27
6	71
0	71
6	0
0	2
84	152
0	144
0	0
0	0
471	0
435	0
77	81
2453	81
0	0
777	1791
31	1791
34	816
0	840
0	840
0	0
0	535
0	49
0	690
0	0
282	38
0	38
39	409
12	409
4272	1
2248	138
2389	0
1919	0
0	5
0	5
70	743
50	744
0	0
3	0
0	3
0	0
0	10
0	10
870	1781
3	918
419	0
0	0
1584	0
537	0
19	1162
0	22
0	2113
5	2063
0	2017
0	2
0	2
0	0
0	2
0	2
12	255
596	702
742	594
7	0
732	0
136	948
0	51
0	931
5013	4
15	0
0	0
27	7
0	7
0	0
0	132
923	278
0	146
77	2148
1643	2157
78	95
0	95
0	0
0	0
10	0
0	0
69	2373
0	154
0	136
51	368
0	71
0	487
0	329
0	2373
0	1354
29	1117
107	1011
0	316
30	2368
17293	3743
4	2366
0	1884
0	1913
5	2546
17	137
0	79
121	137
0	554
118	554
0	0
0	0
0	0
0	0
26	18
2557	0
714	6779
274	2848
0	6779
0	0
0	33
0	58
0	67
2	63
0	0
11	12
0	12
0	7
633	16
0	16
10	14
0	14
1011	0
4819	2
113	210
0	198
0	198
0	21
0	531
29	531
0	509
42	86
6	0
0	6
0	6
0	6
0	6
0	6
3244	1
0	307
0	335
26	374
14	266
1108	8
0	430
57	163
0	170
261	390
988	0
10	3
0	3
0	3
1820	624
5	0
0	0
27	121
0	11
0	16
0	0
0	0
0	0
3	13
1	157
220	170
0	69
0	18
0	31
0	19
0	34
0	31
0	0
904	1747
0	1747
0	0
2309	2
452	0
0	83
253	0
37	0
1040	654
0	5
0	75
0	476
5	633
0	48
0	207
29	209
2	206
0	8403
0	969
138	8403
218	0
211	0
0	0
0	111
0	182
82	463
5	437
0	416
0	430
0	21
0	0
60	1342
6	4416
0	882
26	771
0	545
56	3793
0	173
0	161
0	178
70	468
2	225
0	419
0	419
10855	16
18	188
2	129
8	250
0	831
0	849
0	688
10	1569
0	1
2	1
0	0
0	358
880	358
0	0
857	0
0	0
0	0
0	0
0	0
0	0
0	0
221	0
62	5
0	5
179	3626
69	3626
0	0
91	1238
0	750
170	529
0	549
1464	61
0	48
3	28
3008	12606
4324	12610
0	0
0	244
2224	244
733	0
45	0
0	276
3	33
0	689
0	218
0	949
0	1005
202	995
37	996
0	823
0	820
16102	4119
0	4104
0	0
716	247
3	247
45	10
0	8
0	11
0	3
55	11
0	0
24	81
0	109
0	101
0	21
0	528
239	886
0	783
6	5797
0	237
3	653
2	5547
0	0
8	43
5	43
0	12
15	21
0	0
0	0
1095	5133
45	3717
21	3887
6	510
0	0
467	969
27	969
207	0
1354	0
0	2723
0	186
0	372
1587	2687
22	2378
0	1448
0	1747
10	1790
0	1453
0	7
0	0
0	7
0	5
0	5
445	0
1233	0
0	0
0	0
714	0
90	3
0	3
113	95
12	20
95	20
105	871
0	881
9	881
219	2
0	55
0	0
0	55
0	825
17	812
0	790
26	2352
123	6414
3	6414
0	0
1595	2
9874	26116
0	2844
0	1332
908	1
22	40
0	23
727	156
0	102
0	156
79	6782
17309	6793
5	176
0	1
0	1
3	2
0	0
0	0
0	349
17	161
0	442
2	1359
3094	1210
0	1135
220	0
3786	1
0	2792
266	2792
1195	0
933	12939
142	5849
237	12802
15	337
21	15
0	325
252	1411
3	1411
1412	1
170	109
0	109
2821	2164
0	2164
69	0
0	0
0	723
7	669
62	584
0	87
55	87
82	96
0	0
0	109
1587	109
338	0
1308	2225
0	681
540	1234
0	1234
5963	1160
0	1158
0	257
0	239
0	9
0	257
0	1399
0	469
0	3818
2	3863
56	3589
0	3596
0	3947
0	3641
0	3725
0	961
0	434
0	407
8	409
269	0
0	0
0	0
0	232
0	120
2895	357
4	788
8	788
689	95
0	93
28	6
0	1
0	5
0	137
0	141
169	478
0	113
0	88
20	162
0	1381
0	1386
51	0
185	695
129	695
585	4
0	0
9085	0
68	192
280	192
0	70
0	70
61	0
89	4141
6107	4142
0	4
0	4
0	0
242	801
18	818
67	818
0	643
0	0
126	0
0	57
32	57
186	102
4	102
3	33
0	2
0	3
0	2
6	33
0	0
0	33
0	33
0	363
41	526
1278	245
504	2
77	0
0	259
61	266
8	0
0	81
84	81
0	193
0	193
0	193
169	0
22	60
1871	64
88	64
596	0
98	0
5714	7732
10	7720
0	635
0	615
0	641
0	635
17825	5068
0	5050
2035	165
29	50
23	115
38	14
0	0
69	15
0	15
330	0
0	1
3608	1
235	2561
76	853
0	306
82	2738
12646	7201
0	7187
0	3463
556	3463
0	0
0	0
612	60
0	60
2758	21
0	19
0	387
6	36
17	0
0	321
15	348
6	1
31	827
0	90
2655	482
0	253
0	376
6	349
0	216
0	15
0	48
17	48
0	11
0	6
0	11
394	233
0	233
0	233
31	997
609	1406
541	1385
10	1362
2021	1507
166	5
0	5
711	0
0	152
0	208
45	513
8	130
1	0
555	0
75	18
0	18
27	2208
72	2226
222	0
0	0
710	471
6	0
1741	4012
1	3066
1437	323
27	2010
46	249
0	211
0	3583
7	1531
0	512
10	13600
4	4029
0	9599
19	13840
79	13830
0	0
2	0
20	1241
0	1246
0	1240
2074	1099
347	465
0	1061
0	1061
0	999
28356	30
3498	132
74	128
0	183
40	0
63	183
0	57
373	18
30	0
0	0
28	0
39	98
158	98
0	421
16	855
0	848
2	855
3	7
0	7
0	0
0	0
1	0
0	115
289	115
1504	0
0	954
9	874
111	955
327	0
4138	1112
0	288
0	999
0	359
2458	571
0	571
2051	49
0	48
32	554
0	554
30	0
0	86
2769	2511
0	161
150	2528
1	0
0	9
0	9
0	0
0	0
0	0
0	0
238	2711
2128	2714
0	344
0	580
36	2309
654	2309
0	684
1619	114
54	2045
1000	2842
6	0
911	1542
0	90
0	199
0	0
0	1227
0	1541
0	1
10	149
0	149
127	3621
15	3477
0	2222
0	3643
30322	11
0	519
205	539
6	705
40	527
0	0
0	2
0	2
0	19
0	32
0	32
4204	3
0	198
0	210
945	210
12	68
0	68
0	14
0	166
0	153
0	166
5	171
0	166
8	130
0	190
2	180
810	874
0	681
0	317
2225	3036
2	3036
4	0
0	30
0	30
958	0
0	2
0	2
531	292
0	292
0	422
4859	1267
29	843
1953	519
0	0
0	26
58	33
1386	1409
0	1473
0	1455
0	1403
0	83
0	43
1	67
0	0
320	118
0	115
4	101
0	0
0	0
763	68
2129	4
859	0
186	0
8	5
0	8
0	5
0	0
0	0
2070	0
0	0
9	0
0	0
0	0
41	445
38	445
0	1869
13	6
0	6
101	0
1	0
0	0
0	0
0	0
937	2555
2323	2550
228	2272
4	2272
18	578
0	919
0	907
0	894
0	889
0	867
0	0
856	454
0	375
0	6490
0	6837
0	6950
68	3861
1	9
0	2
0	1
0	17
0	17
0	0
2577	359
34	359
0	50
0	59
3446	103
0	0
569	125
36	125
3	45
0	45
32	1348
0	0
0	0
81	2
140	7617
7	380
6	8944
19	9010
11	9024
6419	4
0	29
0	217
66	246
232	1039
0	28
35	80
0	1039
0	264
67	459
0	450
0	6
0	6
203	3
58	278
77	278
0	0
0	0
50	19
0	7
0	0
3	7
94	0
0	0
0	0
0	0
0	13276
13	8393
64	13276
0	0
0	0
12	146
0	598
154	718
0	512
0	293
0	2948
25	2948
19	464
122	79
181	18
0	18
15	1926
6	1918
5	1879
12	0
0	344
0	7392
0	11727
227	11727
0	7407
10	258
563	258
0	19
8	19
182	210
0	55
0	35
4	214
12	0
0	3
0	0
0	0
653	569
0	0
5424	4596
6	4594
0	1
0	1
0	104
4	767
0	115
0	769
0	765
56	538
77	538
1969	1815
0	1720
0	0
1485	2096
1	187
483	2078
0	0
375	63
0	63
84	316
0	32
20	348
6	3279
8	461
4	256
0	3204
0	3139
614	1513
0	8
0	3
0	11
0	11
0	0
594	0
1075	2215
8	2215
7787	5
0	602
152	602
65	852
21887	8752
774	7877
13	67
1	67
0	0
0	1112
0	225
0	262
0	168
4	76
114	1374
32	134
543	134
11	9
0	9
0	6
0	129
0	641
6	655
27	655
6	0
0	0
0	661
46	1499
101	1564
0	1564
2550	1609
0	447
0	1162
3	1389
0	0
0	2
0	1373
1489	1964
22	637
56	1689
362	509
0	47
286	500
0	0
82	301
30	244
182	282
117	456
0	1487
2342	5980
0	5980
1	3939
0	4785
3078	5407
0	1791
18	1452
0	819
9957	3562
0	3552
341	3119
0	3119
1	42
0	25
0	28
4950	0
0	0
0	0
2559	4
5072	1353
8	1008
0	1084
544	9393
16	8289
0	0
0	476
0	466
0	501
0	490
0	1606
476	1606
6	0
0	602
0	90
33	646
8	108
0	0
707	0
737	5
210	1015
7	90
0	51
124	1066
1934	4
11	18
0	18
9	0
94	199
0	199
0	0
6938	1920
42	1131
0	784
11	1
0	0
12	0
3244	2
0	0
5928	5404
73	1284
0	92
0	1284
0	12
489	14
0	14
3413	1
3677	4
2443	1543
0	0
31	1753
70	677
0	157
0	677
4441	4
0	674
660	1163
0	8
0	11
189	19
0	15
0	2
0	15
768	0
7	27910
14	6347
71	4529
0	2178
458	3957
13	26689
0	26694
0	270
169	912
0	807
86	4
0	4
27	1593
6	155
398	5116
0	5116
0	0
106	296
0	952
6	952
0	5
0	5
3	0
0	0
130	0
249	375
0	360
0	33
75	0
0	291
0	291
0	0
2083	3
185	183
139	92
0	92
0	68
6	0
21	2485
0	2557
0	2465
0	2443
3	2430
212	489
0	0
7	0
8490	7
27	17
4000	849
0	844
4165	142
0	136
1127	3
0	0
0	0
0	0
6205	8
21	388
1976	4694
0	8
74	579
7261	2465
3510	1
46	15
26756	25
226	0
0	34
35	103
153	198
0	7
0	21
0	31
0	31
0	31
901	0
9174	1
373	1166
440	801
0	180
0	712
219	83
0	83
0	17
0	17
0	0
2337	3125
0	3123
1	3125
1	1058
98	3284
0	3347
499	249
20	249
0	618
313	6851
0	7001
9281	20500
45	370
0	370
0	370
6	0
597	1649
0	1649
0	860
124	860
0	0
0	74
6	1602
337	288
0	288
0	0
0	0
0	0
0	7
0	0
0	135
0	135
0	135
0	2055
0	315
0	2852
69	2843
0	0
571	135
8	135
0	7
0	7
0	0
0	1098
0	1966
0	1988
0	0
0	0
457	26
0	21
11	41
0	41
980	3228
4	94
33	0
30	0
193	337
19	328
2	261
35	1236
0	956
0	95
92	102
0	132
0	0
0	0
0	149
1665	2680
0	5315
664	5333
0	221
23	201
17	122
0	699
10	699
3531	0
0	1301
105	1301
1694	0
661	0
0	0
1407	258
3	0
0	202
121	202
269	2067
0	1623
8	1886
744	208
0	920
240	181
309	1101
0	920
677	0
6	35
0	29
0	29
0	35
0	0
9	896
23	94
1045	896
0	0
4080	551
0	41
0	510
452	299
0	299
23	0
275	2518
39	485
5	722
0	2163
7	14
0	14
7416	6996
18	6984
154	0
0	0
2418	1243
0	148
0	416
0	734
0	1867
308	1867
439	0
60	220
0	220
0	0
4115	1
445	1148
462	1530
7307	2
0	9
43	0
4	9
11	51
0	52
275	1199
0	45
0	1198
2	0
0	0
0	0
18	30
0	0
0	1
1	747
35	879
35	552
0	194
800	195
32	27
0	0
0	7
0	27
0	28
47	28
115	166
0	166
2817	2
0	0
8	0
2487	864
5659	2
571	5
0	1066
0	1017
1	85
0	549
0	620
10	179
0	95
0	416
29	596
1618	1183
0	1183
0	1236
9	47
0	3732
1135	3732
14	27
0	27
21	33
0	0
469	2613
9	2771
0	2268
1387	153
0	147
0	50
81	2354
0	381
0	2341
4	2293
0	14
177	14
0	687
691	4858
0	1928
1153	4446
0	684
0	1850
0	2112
0	42
0	1
0	13
0	21
0	0
0	28
0	27
0	5
0	16
0	16
0	0
9736	257
355	255
52	3
0	3
192	104
0	104
0	60
33	60
1517	208
223	207
819	0
0	753
277	983
112	985
9	12
0	5
134	12
0	9
1672	2119
95	2113
0	39
10	46
498	13
0	9
86	273
0	273
0	271
1601	0
0	244
5902	251
210	0
26	145
1841	3748
7	408
30	225
43	3578
0	59
0	135
24	911
0	27
0	890
0	555
109	0
32	101
799	2065
620	20
86	2057
0	31
2556	0
1290	2
52	1245
0	179
0	1274
0	0
42	20
0	20
0	2
4	2
3	47
1475	2176
7	2176
777	2829
0	96
0	5
245	5
633	2827
491	0
0	6625
203	433
10436	6562
262	0
0	0
2577	1662
0	85
0	88
0	81
1668	10
763	0
0	0
0	0
299	0
14	0
0	0
1140	3
0	0
2528	3
50	0
0	274
145	281
0	0
0	0
0	0
0	0
542	0
401	125
0	125
149	2
0	2
0	101
534	101
441	0
54	3
386	889
0	889
0	3
711	1199
0	1199
0	143
699	1131
918	1408
2	16
10	166
3	210
0	66
534	513
0	434
2	283
5	5
0	5
18	78
0	26
22	78
0	0
62	142
0	54
0	55
6	0
290	72
133	483
178	555
13	679
11	695
30	26
1179	0
9	0
3721	183
0	182
0	24
13	24
5	604
197	565
451	0
3956	1321
0	9121
13193	18898
15	14360
94	2014
0	2035
0	236
19	2036
64	105
0	56
0	105
23	21
25	21
38	19
0	6231
0	4257
0	11861
16078	16888
0	6762
1765	932
0	932
6017	145
4	0
8	125
201	125
297	17126
32959	17147
15	749
0	681
0	0
166	108
1	108
0	11075
0	1577
11	11020
0	10743
0	10571
2377	436
0	432
1	7
0	135
0	166
2	193
761	247
0	170
11	28
10	28
0	0
136	421
0	113
836	1392
835	11
0	11
185	439
0	439
0	0
0	0
0	0
4	0
9	0
931	2421
0	2418
437	307
6	17
0	10
0	140
0	113
0	97
0	1
0	1
0	0
104	1979
2230	1979
2787	1945
0	0
0	0
1731	1
4275	3
0	1865
10	983
1145	122
2485	121
92	184
0	26
0	285
0	292
0	0
1	0
47	0
75	4855
0	4785
0	4861
0	4861
0	0
9026	4938
0	4933
276	435
14	435
0	319
526	0
0	24
0	24
0	1396
100	209
1207	1396
0	7
0	0
323	0
1	0
0	0
793	4
0	297
403	453
0	297
0	780
60	780
0	780
2	36
0	39
0	36
712	0
2936	276
81	276
0	0
0	161
1050	161
0	0
0	0
0	6
0	6
15031	6
13	0
766	1992
24	0
136	0
0	0
507	4637
370	4637
518	251
4	0
3311	3236
0	2798
0	2952
9	1128
174	2328
52	1733
7	1374
468	0
0	215
0	41
0	188
0	215
0	172
0	0
0	0
0	283
0	1307
4	5090
32	4680
232	4191
0	73
0	4121
0	0
740	1851
23	2374
7	8565
68	752
11	782
0	913
125	8536
9	2858
0	32
0	3066
0	1225
0	0
0	0
1694	489
13	486
0	0
15941	7015
0	0
0	0
0	0
0	0
0	0
0	8
0	0
5	25
0	8
82	0
0	898
161	995
0	0
1620	3
0	0
5	512
26	449
20	0
0	87
33	1374
0	1374
10	1370
0	167
0	14
7	1448
10	18
9	2612
2969	3242
0	1201
97	615
58	0
23	324
0	0
268	1585
51	131
0	1407
0	1316
0	1557
4845	6
439	197
0	197
0	6
0	21
2	21
0	9
1	7
209	9
80	8
0	8
295	1300
0	453
15278	1110
5	339
42	10380
671	12453
76	2100
242	1980
0	43061
625	39903
5794	9
0	176
0	4728
167	5013
31	3802
0	259
0	7
0	7
24	25
191	38
1464	500
31	476
8	24
1	0
0	163
477	163
0	163
1036	4720
239	4720
0	4369
239	0
0	0
0	0
0	2
0	2
0	14
0	0
0	14
0	44
123	5573
0	1142
0	5288
8	264
0	38
7	264
0	71
14	5
0	0
1	71
22	0
0	0
8	0
7843	4
3188	4
781	12613
0	1762
10	165
21	12568
1340	516
107	115
0	47
0	115
726	0
284	5523
0	1313
2	4950
67	13
676	774
3	498
0	758
407	0
1309	9527
0	203
0	3865
0	434
3	7186
43	0
3273	0
3616	15551
252	2131
0	231
116	14527
82	1617
10010	3898
0	3694
0	1128
0	62
58	1813
57	1779
0	33
12	1800
0	1852
0	1903
131	31
0	31
0	0
0	1
0	0
8	23
0	42
0	37
195	77
0	6
0	6
0	6
6734	278
0	270
177	0
0	0
0	0
0	0
0	175
94	175
2423	267
0	13
0	266
1590	2075
0	1470
55	2012
1481	8
4	5
600	4997
29	4997
20985	92787
110	90546
5740	2536
0	2534
19	0
1241	343
78	1577
63	1577
1403	2
0	0
34	3
0	3
0	0
0	0
0	0
70	485
3	483
0	0
1167	929
0	929
356	0
0	1083
76	1539
3907	1528
18	7112
340	11366
0	10913
18360	4
0	0
0	50
79	50
71	0
7	0
1	60
199	13
0	0
182	1630
0	202
0	1630
1290	0
501	105
0	105
223	5414
0	5414
0	0
371	0
0	0
0	0
0	953
4999	955
175	0
0	0
0	0
4072	41
0	39
129	0
0	179
0	138
0	177
370	3
886	124
0	1
0	0
0	0
0	0
323	696
0	696
76	121
0	785
6	70
0	831
0	782
59	56
0	51
11	35
974	478
624	0
0	0
0	0
0	0
170	0
0	88
177	784
15	271
34	17
0	784
67	0
0	3438
105	3403
9	1264
474	106
0	2398
6031	4218
40	4023
0	0
80	0
0	11
0	4
0	13
0	0
32	109
0	22
32	46
3782	178
0	0
0	0
312	76
0	76
1	599
2	77
1203	2
247	1067
8	176
1440	183
239	183
43	246
0	90
15	0
1	0
0	0
0	0
47	742
27	807
0	323
7	807
0	0
1840	3
0	0
191	981
0	1629
0	350
4118	1630
0	0
0	1
0	1
247	63
54	62
3516	985
0	901
18	84
109	306
6	306
27	1503
0	382
25	1394
23	277
141	277
0	40
535	0
37	2704
0	2848
0	1335
0	2842
108	930
17	929
46	2980
0	680
43	2630
0	0
0	0
22	0
22	8
0	8
0	263
48	233
6	237
0	241
0	0
0	0
603	460
0	663
53	291
0	576
0	296
165	867
0	8
1355	902
0	901
0	0
34	5
0	99
1750	771
0	83
31	0
280	952
12	524
0	240
0	500
0	285
0	0
2837	1
3454	7863
0	6
0	0
0	6
1	12
0	12
506	489
0	0
0	489
0	457
0	1195
64	1243
224	1331
0	190
89	190
254	0
204	220
0	220
0	222
0	222
1950	881
20	881
154	909
0	914
4	56
0	49
0	150
41	401
55	374
11	180
0	106
2	180
62	0
32	306
0	306
377	233
0	53
0	114
0	116
11	116
64	176
6	40
1251	293
12	459
10	30
0	132
0	12
97	124
135	126
0	126
1065	0
14	0
1062	216
8	1
10	1469
3	1469
0	0
927	0
0	0
21	2
62	35
0	35
0	1340
0	1224
0	1352
14	1433
0	14903
11457	14909
14	46
0	46
94	730
0	125
2	750
5	0
0	515
5	519
0	38
0	38
413	0
0	0
9	23
0	23
88	26
0	12
0	0
0	5
0	26
31	320
0	252
2117	2265
171	2238
0	1014
0	712
0	390
74	9033
6	647
0	8790
16	0
11737	10
568	0
34	0
0	44
0	44
15	0
1	141
0	269
8	369
2400	2
471	0
58	0
0	181
310	183
1051	4139
489	3496
32	61
27	57
2494	4
0	0
0	0
0	260
0	234
0	234
0	200
793	965
3104	972
257	0
0	0
0	0
0	0
0	0
581	0
77	18
4	18
0	0
0	10
45	43
2981	9
0	0
1662	4
0	203
0	249
1079	455
497	0
0	904
1230	1701
0	1117
0	0
70	653
341	431
0	401
16	55
0	0
33	4
0	4
107	1759
190	1759
861	0
0	0
0	0
2187	246
0	245
2874	0
36	1488
9	1488
0	0
30	0
451	0
58	424
0	424
0	0
0	49
0	10
0	581
158	996
0	916
0	0
0	591
0	583
4	180
0	18
0	0
0	0
0	0
0	0
0	571
0	73
0	192
0	44
0	56
0	767
0	757
0	0
0	3
88	3
7712	52
30	47
0	208
0	175
0	138
0	145
100	169
0	5
0	5
32322	4436
0	3991
0	561
0	4039
0	3839
153	788
6	664
296	450
0	167
73	450
0	0
6	889
0	713
17	885
9518	7
5	402
53	1315
0	463
3	1605
86	1921
6	1925
1934	2311
0	2150
3	0
0	116
19	116
0	116
4524	2960
136	632
1	2957
0	229
0	391
0	391
0	55
0	201
73	263
0	84
8	45
0	32
35	36
8	294
368	298
19	15
13	15
0	529
0	0
0	65
0	102
28	1413
0	1301
17	1511
0	0
0	0
1764	3
0	4
0	0
0	13
0	139
0	64
176	203
0	252
2365	1159
6	291
60	1190
573	120
0	120
0	0
0	0
5	2126
5373	2126
0	0
67	0
0	0
0	0
3237	0
205	36
32	36
0	24
3607	417
11	414
544	275
0	275
0	112
0	50
0	229
0	318
6	288
0	241
0	318
29	0
3256	1445
0	1444
7	0
0	0
524	920
0	920
863	97
0	97
69	898
313	898
7736	1555
0	1548
788	738
20	734
428	0
94	199
0	199
3	1205
6	114
99	1205
7310	9
6037	4621
0	10
0	49
0	49
125	2806
0	3124
7536	4157
0	0
0	7513
37	6628
0	1616
986	3393
0	0
14	0
54	51
12	0
0	51
0	0
11	15
840	4368
36	822
0	0
0	4368
0	46
2	71
58	221
0	210
9	7
0	7
0	16
0	16
641	101
0	101
0	3480
12634	3490
0	0
0	0
0	0
0	0
41	30
3	157
0	157
11	228
1927	1422
0	1422
1124	281
0	281
1	944
383	3182
11	9
0	9
6	0
54	174
4	174
9	90
26	90
175	208
0	799
291	799
0	346
156	5788
19	6087
348	0
344	0
0	0
0	3232
6477	4250
0	2521
4	0
0	610
9	570
0	620
1	0
1101	985
17	55
11	136
47	213
729	213
190	0
5712	12
791	1
819	0
819	675
0	398
0	421
0	0
0	0
0	24
0	11
0	19
1883	230
25	230
1060	450
14	450
714	0
27	0
731	291
12	418
57	21
0	56
54	795
0	795
261	494
12836	5085
6	5079
222	318
51	234
0	140
0	240
245	10
0	10
2	38
0	0
39	284
0	284
4	211
0	211
0	211
7	206
707	0
0	9
0	0
0	9
0	0
1	584
0	582
0	0
0	0
0	0
20	11
0	0
194	2476
1682	2479
4	63
11	199
0	0
1016	0
657	0
878	1050
30	28
4	28
0	2
61	0
125	1261
0	169
0	1250
0	0
0	0
0	0
1	120
0	11
7	65
851	0
7	65
0	2364
145	2428
0	0
0	0
0	0
746	437
821	0
75	33
1	14
0	378
4	1667
524	1691
0	867
0	0
644	545
0	546
0	199
1400	1774
0	430
0	1546
38	1738
69	45
0	0
0	4941
0	987
154	4941
283	63
0	0
952	222
4	168
2	168
122	42
0	0
0	0
0	0
0	0
332	2017
0	2017
9	647
0	647
0	0
0	0
108	78
9	240
54	500
28	323
12	495
0	0
2082	316
0	316
0	0
0	0
10	116
0	116
0	116
0	113
8630	3044
0	375
0	2903
2997	8
93	531
2	531
0	0
0	8
0	8
0	0
0	2143
2213	2143
0	919
27	125
0	848
0	0
0	0
0	277
965	4298
0	155
269	4207
5385	0
27	0
5	1303
2	131
82	173
0	223
0	119
49	1287
242	306
0	306
0	69
151	969
0	954
2	11920
6280	11928
15	126
0	126
1000	2
3426	7
242	575
996	577
1690	3
189	313
87	68
951	5777
94	5779
0	66
0	66
12	1
0	1
85	330
762	4012
169	5947
1918	7486
0	2143
6	30
0	3
0	1425
53	217
0	1080
1063	2505
4369	4420
871	4420
13	115
0	115
1	0
0	0
0	4
0	4
206	239
0	239
0	0
8214	0
0	0
90	197
558	838
1	722
0	3
0	3
1087	0
1353	0
375	1462
1548	1462
0	3
0	0
0	3
1389	8
869	320
854	1
2516	766
0	766
0	0
0	14
6	38
22	52
19	0
0	264
325	264
1881	503
23	503
0	454
106	4121
942	3890
3	4059
0	4046
637	2
6	48
0	17
156	50
256	1471
0	517
16	1515
0	1620
768	2511
0	2511
53	982
0	76
121	995
0	0
14893	17
28	1586
5	1586
0	13
0	482
134	484
0	115
0	59
0	59
269	59
0	0
3370	1
82	1893
64	1893
14	141
5583	168
0	167
0	0
0	0
2775	1
0	0
0	0
168	641
162	641
67	236
5	236
0	4
0	0
0	4
2390	892
155	623
6	131
2137	537
0	537
377	9521
2	767
4	9289
491	1018
4	923
0	701
0	0
0	0
0	0
61	88
7	0
0	159
0	95
12	234
0	181
29	181
0	0
4	30
6	30
53	257
0	413
0	387
1364	0
1201	0
338	608
6912	608
738	0
0	13
0	34
81	29
789	51
0	51
9	0
397	1377
2190	1378
0	0
0	0
3	0
0	0
0	0
4	946
0	4
2	946
0	439
0	38
4	5
0	439
0	439
0	227
0	449
0	449
7	0
0	71
0	230
430	301
90	691
65	676
0	327
0	0
5	0
0	0
72	557
2517	557
1228	0
0	0
0	0
63	16
0	12
61	0
14	3093
0	4062
1558	4767
0	3970
0	2330
0	539
67	62339
245	4738
0	61667
10	60700
1714	61631
0	0
3	0
0	0
0	6
0	6
727	1821
58	612
20	612
0	32
3	5
0	5
0	0
0	0
0	0
71	207
0	207
1051	3499
18	50
0	53
0	58
0	53
0	55
0	221
1966	233
1092	247
0	0
0	0
0	0
3477	517
0	517
11	320
79	732
14	732
0	11
0	11
75	302
0	4583
9	4612
28387	11687
8	2471
13	2885
357	3176
0	1202
0	3176
693	0
647	9548
4468	9552
42	273
0	21
0	0
0	0
93	0
374	370
1317	370
232	0
1892	0
14	0
0	53
0	0
19	4138
0	4138
56	490
0	57
1	1255
1936	1901
0	1662
46	1280
0	10
7	1280
0	0
1	0
378	0
202	4693
37	4668
0	7
0	207
0	35
0	47
0	49
0	181
0	183
145	0
595	1577
0	1577
0	537
23	306
2	399
0	399
0	0
12	501
2227	1
0	386
0	275
2332	486
1410	403
0	1697
0	495
0	615
499	9649
44	10150
24	467
7302	477
215	6813
12	6818
0	6362
2651	6365
2	0
3	272
0	0
0	164
0	205
15	624
0	684
703	668
662	129
3890	11
10713	3234
0	3231
0	4494
0	5176
8	1797
26	8641
3	2228
81	9142
0	0
168	1983
7	795
0	1983
41	180
7	180
10	2534
542	2649
282	28
95	0
1	0
6947	51758
0	176
11	217
2625	218
501	0
0	16
127	27
0	14
7	64
301	64
3	126
36	775
0	5344
0	3125
0	2502
3	829
0	154
0	446
0	5146
0	5353
0	5864
12	141
4	214
37	0
11	106
0	137
3464	804
93	825
0	21
68691	47731
689	37543
1585	39751
0	9658
273	661
0	661
59	272
0	272
501	1
288	454
177	454
174	0
0	201
0	67
0	2
0	0
0	0
31	0
51	154
0	9
40	38
277	3851
148	3851
0	0
0	0
2393	239
0	234
9502	3
32481	35
2175	117
0	117
0	93
6	109
11	37
0	140
0	16
7	93
0	16
2	23
0	16
0	6
0	10
0	23
194	2029
164	2080
0	0
58	598
0	598
809	0
0	0
0	64
0	64
0	5
0	68
0	34
4	85
163	1475
1884	1477
49	456
66	457
0	250
299	409
3746	9
223	2550
1178	2545
0	4
0	4
16	8
0	4
0	8
50	42
58	42
4340	2
60	0
181	2861
780	2789
16	75
608	0
110	21
1857	21
6260	2437
233	0
0	44
102	6196
54	6128
0	9
44	315
0	315
209	3238
308	3238
0	443
21	270
0	435
0	443
0	0
0	0
9990	11
2344	488
0	485
116	0
380	0
0	6427
9	6174
0	6101
844	8384
0	0
0	0
841	389
0	200
0	389
1997	692
0	692
2017	4
5	6
0	0
0	0
0	0
20	75
0	75
0	7
223	1226
23	1226
0	199
0	0
0	0
183	0
54	7183
5789	7878
89	4986
0	175
7	175
529	6
2128	6
37786	21992
825	486
0	486
50	1185
1	1185
3094	4539
30	222
0	207
2512	1
551	844
40	788
0	142
0	159
2241	508
0	178
5	198
0	453
0	356
0	117
815	26
0	26
3016	10118
0	10118
0	0
0	32
1248	32
1354	1272
908	335
0	151
5	232
0	421
1392	421
205	245
0	5
0	5
0	20
22	33
0	416
36	386
0	150
450	269
4569	557
0	556
8376	0
723	0
38	1251
79	1251
1858	282
0	58
0	0
15	58
0	0
32	5
0	5
40	1157
3	217
0	1013
5492	11
34	2003
3	471
0	1875
0	1343
0	448
0	627
111	627
3	21
0	21
152	0
184	741
70	741
0	8
0	201
0	10
0	799
0	28
0	1061
0	983
0	1036
5	52
0	0
1481	546
0	98
0	26
0	522
5	8
410	1062
0	290
6	1062
520	0
0	0
14	84
0	52
21	350
0	325
15	7
0	7
20	0
357	23817
1295	23817
62	23715
834	331
265	0
371	88
0	24
9	1
0	1
13	99
0	99
0	12
0	15
0	15
0	12
0	0
0	0
0	0
111	162
0	19
139	167
1	148
78	1762
5	1762
0	0
19	76
24	98
2	98
0	86
218	86
0	0
202	154
0	154
0	2809
0	4304
16	4234
0	4379
0	4244
0	4275
0	2923
221	16396
0	3302
92	15384
0	14261
2	9458
15401	16394
24	179
11	185
714	15
0	1679
0	1389
60	8894
210	2648
0	5425
24	8826
5481	1
1486	0
0	640
32	2614
8	2846
72	552
6102	8366
46	1992
0	1644
0	177
74	8212
0	7078
1	8201
1052	3339
0	3336
0	232
378	396
0	164
0	0
0	0
4	0
0	6
0	6
251	15
0	184
0	271
26	1031
0	504
52	1031
103	205
284	590
0	774
70	747
462	288
254	288
0	0
130	107
0	107
12	100
2168	1
0	34
47	34
5	48
0	48
429	279
0	211
0	3
0	3
0	3
6	3333
293	3333
0	110
47	301
9	420
4	249
0	612
491	1484
242	1484
218	521
0	248
0	296
9674	6
147	740
0	41
0	711
5	0
2	6
0	933
1	25
739	4665
92	4729
237	0
0	4
0	3
0	42
115	7
0	62
547	301
0	0
0	2593
177	2593
1	273
0	1419
3852	4
0	0
2749	1
1741	13522
0	12969
1376	0
0	2
0	2
0	0
0	0
167	0
5652	1290
0	46
0	38
0	12
0	10
281	94
0	0
56	962
0	325
0	502
3358	3639
0	3117
0	3197
267	0
0	3
242	0
49	2
0	3
0	0
0	47
0	47
1	153
0	130
15780	2
926	1045
140	313
0	242
6	0
9	100
117	355
0	99
0	354
0	319
0	320
4	4
0	24
8	252
0	24
5112	13716
5	1796
2	0
0	0
0	0
1456	1
0	6
0	6
1428	811
426	740
0	288
228	1448
0	2497
91	2068
74	6714
0	14804
1724	16668
55	5057
9	321
14	0
0	0
1048	0
0	3
0	0
0	0
0	0
3	0
6936	1142
44	1140
0	6
0	8
0	27
0	32
478	126
0	126
509	318
0	318
9	353
26	353
0	9
0	11
0	11
0	11
317	207
0	228
37	0
48	54
43	0
0	0
375	2
45	4
0	3
1962	291
0	151
0	19
0	140
0	3826
0	3152
0	197
18	4241
0	3834
0	4088
17	4182
0	3727
99	0
3848	10343
5	10340
16	263
0	0
53	1188
13	1118
56	1234
578	2050
0	2050
22	105
0	20
19650	62845
0	0
0	0
5	0
3702	2372
0	2368
0	2368
6	0
17	0
11	0
0	0
83	370
0	115
0	350
0	349
0	21
10	21
0	118
0	102
6524	10
172	764
230	764
65	0
83	1270
0	1270
16	859
0	0
2	1
0	1
0	93
139	478
0	219
11	137
65	3
66	114
0	496
134	0
79	107
0	204
0	192
51	1184
86	1042
494	1419
318	52105
0	51923
0	13140
0	14655
0	13971
0	0
0	1
504	2242
0	963
0	2242
57496	64
0	3
0	3
1	3
218	83
0	4
0	4
0	79
0	11
27	11
0	532
0	305
0	0
498	848
0	375
0	5
5516	652
0	416
9	293
0	5
0	5
0	2539
1944	2539
935	1562
0	1562
110	5
0	55
54	166
0	144
440	260
0	14
0	181
0	34
62	0
2869	5
1088	3
814	0
34	0
591	0
116	14
0	14
0	508
706	508
2804	23
1547	389
46	338
0	0
714	241
1266	0
0	0
0	0
262	424
0	700
0	144
0	595
0	567
0	579
0	567
123	0
0	27
0	27
0	27
1142	0
147	0
91	79
0	79
0	4337
0	186
382	4337
4	0
3794	0
0	12
0	12
0	3
0	321
0	360
245	360
10	8
0	8
48	0
10866	13
8	0
0	635
1645	978
0	264
1713	265
0	66
0	67
6	67
0	23
0	61
0	69
0	33
0	39
31	61
10	0
0	0
0	0
142	1131
0	1131
239	233
3	214
6	132
1751	5815
0	195
0	860
3	567
0	4532
0	4584
19	4425
50	5866
1349	443
0	237
19	389
0	3
0	3
27	0
32	36
14757	7
0	0
0	161
15	157
993	0
1207	0
2	453
98	1168
494	1298
0	839
185	326
4	11
0	95
6	11
0	99
0	2
23	41
0	89
0	15
0	5
187	589
0	210
9151	9
1905	1333
0	1333
196	1699
564	1699
963	1388
7	43
33	43
3	14
142	952
0	952
0	57
4	83
66	1139
1024	1150
0	66
144	66
17	230
76	0
7	1282
0	1111
2573	2102
5	3604
582	3624
0	3157
1742	3970
0	3
0	3
0	0
0	1594
0	1655
27	1655
885	5216
769	5219
57	0
13	675
0	10
0	665
405	0
0	39
718	50
20	337
3501	1
754	0
60692	75
21	0
1111	91
0	91
2	0
17	19
0	14
107	719
239	719
43	89
0	89
21	112
351	1355
91	1355
1497	1156
0	140
0	999
0	976
0	934
0	394
0	967
0	75
39	75
7	65
0	65
0	177
0	992
17	1003
0	675
20	822
633	94
0	76
0	0
1880	3
19	125
90	125
926	178
44	0
6	7
0	7
22	3
0	3
0	3
0	3
44	6
647	903
7	903
11782	13
0	0
5	0
0	635
0	1274
0	1254
0	669
0	16
2	920
62	1571
18	1487
45	1038
0	0
0	0
3317	513
0	415
0	245
0	0
2	0
3870	1520
6	474
3	1044
1	12
0	12
0	10
12	0
0	147
0	1
0	62
172	332
13267	18944
0	18817
0	11888
0	217
854	217
0	61
19	0
17900	23
112	11
29	11
680	862
326	26
43	0
1796	2939
425	0
0	933
66	2005
0	1012
1478	2291
936	1650
3445	1650
0	0
36	188
11	103
0	90
2	103
13962	2
0	0
0	0
174	0
91	1
116	1
0	0
0	0
0	0
474	1475
2296	0
1846	4
192	164
0	164
0	2
5	2
590	1302
3	375
13	2759
0	142
0	68
0	3973
0	4008
0	1956
0	4123
178	0
1265	1668
0	1668
0	1668
0	1668
0	0
26	8183
144	8183
949	6850
884	13126
10958	11838
0	21
42	21
21	3833
0	9590
39546	14354
0	4665
3128	4
0	1365
1019	1365
0	31
0	1322
0	23
0	1191
0	1388
15	1369
883	0
4	0
0	0
2786	15
22	1102
0	1257
829	0
2185	0
0	149
71	112
1	23
3	292
886	349
0	113
7	137
0	292
0	7
0	7
0	90
0	0
0	2
1864	0
0	0
0	0
0	0
0	0
0	0
0	0
0	0
35	0
0	0
56	254
0	254
0	272
532	272
0	0
3	2198
629	2198
0	0
0	20
0	0
160	0
240	673
0	28
3	696
0	693
0	673
0	608
0	634
0	0
0	0
2	0
0	0
0	0
90	0
0	0
0	624
0	542
91	3759
0	3904
0	1035
7	1154
349	698
0	746
0	9563
0	8632
0	8767
0	18628
0	9318
183	8660
15	16838
0	16668
0	17475
0	16949
7419	110
0	105
1576	1264
0	1264
133	436
0	436
8	339
0	0
0	0
11	0
27	0
1238	0
5961	31064
1052	31645
266	30684
72	1116
22	18994
11	0
0	0
13	409
1579	2102
103	1170
0	1450
196	0
644	0
5	0
0	0
3885	3
0	0
687	4
0	4
0	6
52	7
200	33
0	48
0	48
0	7
11	7
64	1941
9	700
2350	1837
3	0
1031	186
0	186
6	16
335	109
0	109
1	0
0	17
28	17
2	0
0	8
1811	0
150	237
31	237
0	0
33	0
21	0
146	0
588	33
128	888
3	221
427	808
6	565
0	91
0	89
71	64
0	0
5	42
0	42
0	496
985	2054
0	0
8	0
11	65
0	88
9	88
732	8
6666	1
9	1
0	0
27	37
0	42
134	0
2237	2
0	0
0	0
33	3
0	238
0	188
51	238
465	0
0	1
299	1
0	0
976	737
0	737
224	2482
52	451
75	451
366	1
3035	570
87	568
443	90
0	87
261	0
5468	11
0	42
2	45
0	45
0	42
0	42
0	0
1964	0
0	302
0	223
7841	3
0	0
56	113
0	0
0	0
18	37
0	37
0	770
1	331
1	155
99	1291
0	0
1467	2
1	712
78	712
146	0
675	0
0	0
0	0
2471	0
126	16
0	15
5237	330
2495	456
0	452
11	91
15	103
0	1712
0	123
0	1663
0	1814
0	1799
31	1591
21	234
0	194
16	194
0	350
609	1193
0	543
0	1193
36	167
0	167
13	158
2979	0
77	2392
95	2392
477	0
0	0
0	0
0	1060
424	1060
163	0
28	0
602	97
542	4286
10	690
0	0
0	0
0	1416
3231	2640
3513	3
604	0
12	1042
97	1042
69	0
42	286
0	216
4	240
6	295
23	241
408	4
763	0
0	25
0	267
890	1260
0	246
10	0
5	0
15	0
96	957
0	46
3	911
379	1157
3	1156
1424	1
53	0
12952	527
0	518
1782	139
0	139
4	0
0	0
0	0
106	21
65	121
24	118
5	145
39	251
1	928
0	121
0	49
87	934
0	0
0	20
36	274
0	274
124	0
93	57
6	52
8	9
88	190
0	29
420	29
432	104
244	104
154	0
894	29972
65	14
179	29808
197	1497
16	0
123	413
448	2035
6	3349
265	29640
0	1482
6	59
2	19
0	3
0	19
303	727
0	119
0	569
121	723
993	0
0	0
0	3224
0	360
1	3223
41	2953
127	187
0	35
940	0
0	16
0	964
0	979
21	17
23	17
45	108
0	75
0	75
0	0
40	0
4482	11
343	0
124	120
0	120
1568	27141
0	27140
0	0
0	569
1928	626
0	333
0	5
0	990
0	534
135	267
0	943
0	889
15	516
5531	1859
0	1337
620	0
47	454
0	433
0	433
0	454
1207	1042
0	94
0	40
15	191
3	191
0	2456
63	2460
929	0
228	373
2765	373
0	18
13	18
0	0
0	0
0	0
56	1594
0	1450
0	1610
1	0
84	138
49	927
27	3302
0	2771
0	2751
0	2544
0	192
0	246
0	246
0	203
289	137
0	42
0	137
86	78
80	2678
205	341
1	345
12087	7259
1267	4217
17	1194
0	3674
21	131
0	2
38	0
388	1287
0	0
0	0
8	1
225	85
331	171
8	18
0	18
0	18
72	268
1342	1273
17	1285
0	1216
29	44
0	27
235	1301
0	1282
0	1284
67	152
0	40
0	34
0	28
71	69
0	69
891	1105
0	123
0	731
0	8
0	6
5	688
848	731
39	739
116	623
0	57
0	623
0	32
0	279
0	260
0	151
17	34
316	34
1850	1492
0	1492
98	179
14	161
0	44
220	15067
142	4794
0	1058
0	35579
28	35309
76	35863
22	30589
0	36396
0	36791
13	610
0	795
0	1140
0	159
2789	2321
6	17
0	178
101	1094
16	1063
0	180
6	2041
0	528
0	2070
0	2037
5	2196
30	131
0	131
260	200
0	200
66	164
0	164
3	0
0	4222
0	1783
9	4201
2	35
0	33
0	35
0	37
0	37
245	197
1	197
0	2
571	815
397	1167
0	0
0	4
0	0
0	4
0	189
1	241
47	0
788	0
424	0
359	1129
40	1129
3	1682
2021	1468
0	0
0	49
0	22
9	19
0	2
0	219
0	370
0	370
0	343
0	0
1718	166
0	158
44	403
122	27
95	387
0	277
1	265
0	283
0	295
13	0
0	215
0	308
204	63
0	35
47	63
138	232
592	988
0	189
21	352
0	0
0	0
4929	2127
0	2122
0	2124
7	0
0	51
64	51
3548	9
0	6
0	41
0	41
15	46
213	1656
2548	1493
702	0
19	418
142	438
0	338
0	8
6	0
0	0
0	0
696	1812
0	1808
2078	1930
209	1930
9	0
0	0
17	0
9	3
0	3
5	3
56	164
571	158
11	158
106	0
33	0
0	85
0	85
0	670
1206	671
105	66
0	66
0	6
6	199
0	57
308	2920
10	2869
4	3846
0	2147
0	4329
2036	4494
0	4123
0	0
0	430
283	2064
0	2064
5	588
0	588
0	64
0	56
354	4
103	3
148	50
0	50
0	18
297	18
1935	0
61	0
305	254
0	254
26	1165
0	1165
20	2235
91	2235
562	207
0	207
0	0
0	0
0	0
0	4
0	4
434	0
12176	11
7	9
1	9
7	9
409	431
0	421
0	415
10	18
0	193
0	0
51	0
0	0
0	0
17	0
0	0
0	4
0	4
124	0
22	5799
11	42
77	3015
7765	7391
30	146
0	118
0	59
0	59
0	0
8	26
0	1384
33	299
3	514
17	142
705	5710
0	6168
31	5981
2233	4
44	1
7496	707
0	707
0	204
123	204
106	5375
41	5375
53	0
0	0
316	365
0	307
0	365
0	365
0	307
0	270
0	157
4	36
1179	379
0	40
0	138
13	0
32	155
10	339
15	339
23	0
0	4
0	4
24	0
0	0
1708	2449
1165	2449
5957	1536
24	1536
0	0
1	0
84	17
0	12
167	807
0	807
7	140
70	140
7	0
0	31
0	0
3	31
194	4986
15	4352
0	1227
43	4943
604	0
1950	5
564	3370
0	2171
268	1625
75	580
10	566
0	580
0	0
3	10
76	366
1	96
229	242
0	242
38	2565
0	2844
0	205
1	2701
173	3370
276	2748
656	2749
6	0
51	0
0	0
519	112
328	233
0	209
0	0
0	0
0	0
187	4161
1518	4161
54	0
1121	825
0	825
8	0
267	134
0	17
161	480
0	144
177	624
0	0
20	0
48	0
0	835
0	295
1	168
84	831
0	445
0	0
0	78
0	431
201	0
265	0
49	0
2067	964
1181	963
55	0
0	0
0	0
0	3
0	0
0	0
0	0
3	3
0	30
115	70
0	70
0	30
0	70
0	0
7	0
429	251
6	251
11	0
31	0
2282	1183
40192	11955
7	1119
2019	12030
0	0
4	8
33	8
1164	105
0	104
0	47
32	47
19	4
515	4
2975	2
0	337
0	316
0	963
0	1617
12	736
0	1596
12	691
5	103
0	691
663	0
211	0
0	19
2125	22
19	2
0	0
0	0
79	0
0	30
0	14
125	44
4081	0
26	0
0	0
0	0
3	23
6	0
51	23
18	514
973	514
6	1350
0	2189
19764	2682
11	1593
873	1
961	240
4	97
9	239
1	101
25	83
0	83
0	0
724	1088
8	1091
0	160
0	310
0	6102
93	6102
0	0
0	0
220	10
10	10
0	0
0	0
401	0
0	648
1174	649
0	420
0	172
273	421
166	0
0	71
47	859
17	789
0	0
1051	0
0	79
0	290
0	283
101	607
0	168
0	168
167	587
0	200
251	2
0	0
0	0
672	268
1	267
1374	4
396	0
4	129
19	4
98	709
0	0
0	0
1443	7
0	0
10	237
0	280
1053	398
8	121
0	121
9	12
0	12
0	0
0	146
139	273
0	71
90	330
0	203
1462	363
277	0
1117	8
2	44
0	69
1731	69
1014	0
176	148
8	148
0	3
512	6839
0	2025
220	6692
1347	0
0	137
1383	6166
0	6164
1	4840
0	4840
141	0
0	0
0	0
0	0
15	0
19	0
0	18
21	18
166	0
0	0
0	3
3	18
0	18
0	0
65	340
97	59
0	59
0	232
0	232
307	0
67	742
0	65
15	742
0	0
0	0
3092	2512
0	1141
124	3812
10	3811
0	1000
263	1000
308	4762
0	875
10	4754
0	4754
8700	1849
20	1845
98	1731
0	426
0	1667
0	1661
30	698
0	441
951	981
3922	1162
0	1157
10	40
0	40
39	0
5	0
261	217
0	217
920	1349
0	25
0	4
0	1342
0	81
1	193
0	88
0	1201
0	368
1462	1142
345	4
0	4
0	0
0	0
0	0
0	0
831	0
0	0
0	1659
0	1846
0	6
122	644
0	635
1173	1210
299	0
172	381
0	79
820	79
3199	1
0	5
0	5
0	2005
2737	2034
2	1294
6	189
1	6
6	6
806	1146
0	17
0	1146
0	0
0	0
0	2
1	2
128	355
0	45
0	314
0	47
119	47
766	590
0	48
0	0
0	222
69	408
0	225
83	6
136	6
110	158
0	24
0	0
1	0
13	144
44	341
334	485
52	132
0	0
0	0
429	0
6	0
0	0
68	473
3840	1294
20	809
0	809
7	0
0	560
0	145
0	180
0	19
1161	5
16827	13
0	0
0	52
557	1235
42	1235
1130	0
1435	283
0	0
126	125
210	182
0	7671
5637	26348
0	26343
512	778
0	442
407	31
400	0
52	1938
708	1938
35	0
0	0
0	0
0	0
0	0
0	0
5	0
0	0
0	0
0	0
0	0
0	0
26	0
0	0
21	0
26	31
679	38
0	2
2	5
0	0
0	0
0	0
0	30
3419	976
8	117
1719	8982
0	9170
56	37
2558	9181
0	817
0	0
456	262
48	262
881	259
3	259
992	350
1792	1294
0	448
73	1162
42	0
0	175
6	935
515	961
0	0
9	326
515	1655
0	1651
3	188
0	0
273	433
165	433
395	0
328	0
0	530
0	607
116	1831
3	753
0	9
146	9
0	0
2126	0
443	0
2	0
9869	5870
0	4069
0	1721
0	238
2951	239
0	264
55	264
142	0
394	797
19	797
397	0
1101	52
0	13
25	39
128	0
981	0
0	185
14	1165
29	1165
0	467
1	41
7	574
18	2747
0	621
0	844
0	2837
0	2970
5	0
402	5710
0	1148
52	263
1536	6353
27	178
40	178
1157	0
0	5961
6	3261
0	5471
0	5381
0	5961
119	3386
0	13317
698	17347
0	20732
888	19962
708	0
0	38
0	78
1227	0
2499	1049
2157	1049
291	4332
0	1172
10	1
2	4331
0	3962
76	0
352	278
0	238
1	88
0	83
0	40
830	99
0	99
0	36
0	0
252	1149
4	1149
0	1592
0	6089
498	11859
1	2337
0	7518
0	9415
688	0
23	1148
476	4515
0	3289
21	4444
47	73
0	73
423	0
16	5525
181	182
0	3751
102	5660
0	5585
162	356
4	143
0	175
6	356
75	0
0	4
0	4
0	4
5391	8
83	3
0	0
3259	2298
280	2297
76	987
80	987
0	0
5361	5456
0	3567
67	1221
1	4233
6	0
105	0
0	0
138	387
160	387
3622	1863
0	1857
0	0
0	0
0	351
279	351
5975	5808
8763	1
317	381
30	0
47	0
14	0
3591	0
1103	72
1	72
11	674
141	674
0	640
462	724
0	724
13657	1771
0	1027
28	1281
32	2
8	2372
35	8857
5	8869
46	11084
0	276
718	322
0	96
0	0
0	742
1995	742
28	2801
431	2801
1210	8333
0	8333
0	1
0	1
503	0
813	1389
9	62
16	79
10404	1574
151	1572
0	63
0	69
336	69
7	8356
4870	8358
1803	0
5	47967
5	1323
13	6124
48	46077
91	47585
0	48875
0	656
7	695
0	298
32	315
6	171
33	171
0	171
126	99
0	99
0	0
0	0
0	0
0	0
2416	15604
15047	15552
1180	0
1041	0
106	11963
0	146
11	363
0	5216
3	11699
0	3831
3801	3836
0	23
2	24
0	13
2	258
0	1
38	419
0	445
9	161
0	270
2736	1739
2314	2
0	1
0	1
0	1
22	116
0	5
2071	129
24	121
0	0
0	0
0	0
1	2
0	1
9	58
0	4462
2	4569
0	51
0	91
39	85
0	85
0	0
0	0
73	2335
971	2256
12	2138
0	0
0	0
0	0
0	10
788	2991
1232	427
0	4
0	4
0	18888
3952	33587
0	15550
5	24452
0	23591
0	0
0	0
0	0
257	237
24	237
37	604
0	604
229	2639
336	2451
6	2449
0	2166
0	1073
0	853
22	2866
2736	5738
7	300
0	300
195	0
5	0
0	2
32	124
0	124
15	4
0	4
17	0
0	0
26	0
0	787
55	800
11	799
0	0
296	0
39	0
66	0
66	0
7	0
35	0
24	0
29	838
0	60
879	1611
24	1611
0	0
0	0
43	1718
9	1752
0	34
0	118
11	118
0	0
0	0
5374	19
90	0
6239	7
0	0
0	321
0	474
0	92
0	223
8	42
0	42
696	0
1	404
0	7
138	404
67	0
62	13
0	0
0	0
1968	0
0	0
169	74
37527	30
0	0
29	669
8	663
2297	674
1344	0
2074	951
0	951
2	61
0	30
0	62
0	20
0	118
92	109
0	86
98	152
0	152
26	1219
0	1219
155	0
0	0
0	0
0	0
67	0
41	35
26	35
4565	8823
96	8823
0	153
0	168
0	6
91	435
0	435
0	0
17	103
13	1148
127	1212
8	5385
34719	8691
0	6088
0	3198
944	14216
321	14440
205	944
0	944
0	0
806	2
104	46
5	46
1	28
0	23
157	632
0	75
30	146
0	146
0	0
10	13
0	13
0	13
0	954
1928	964
0	0
0	770
0	670
504	541
0	188
3010	3
27	0
32	179
18	179
3028	1885
0	1885
0	1667
0	1526
4196	1667
251	440
21	0
0	440
29	0
154	1435
258	14
0	0
0	115
3	198
0	89
0	50
0	24
0	166
0	17
14	10
0	28
0	190
0	195
0	223
12	833
1080	1872
0	1385
0	1471
0	1385
0	1412
0	0
1361	0
3	92
1035	0
0	0
14	0
4	114
0	92
995	4071
183	4071
70	10
0	0
0	0
3	0
0	0
0	0
0	0
14	0
447	0
12	71
569	89
5	0
399	2532
0	2532
46	0
0	0
0	14
1	44
9	31
0	43
0	2
0	2
123	2437
0	539
0	313
9	64
164	2334
0	1744
268	543
24	51
0	2
0	2
25	66
0	4
0	66
0	105
0	107
0	106
10	10
692	936
0	936
0	0
504	0
6	1829
0	364
0	2090
16	2104
6	0
0	31
0	0
8	0
5	282
0	282
43	939
681	939
4622	1147
0	1147
0	9
23	9
0	9
1570	5101
0	4228
1975	3213
0	3213
2342	0
187	2817
29	2817
0	178
0	29
0	163
12	78
0	594
0	697
0	653
1	1883
5602	1883
6062	2339
0	2339
420	355
4	0
1788	0
8	1278
0	663
15	840
0	1320
0	662
47	1224
0	2816
2	5516
22	1416
6	2261
0	5610
0	1460
0	533
0	26
0	162
0	5
48	188
0	531
61	531
10283	76815
0	15
0	38931
0	46036
0	79070
0	91457
0	87345
0	3156
0	262
0	4119
0	1803
2340	15315
0	1109
0	2244
0	4133
31	20
0	20
446	7991
0	105
6	13
23	7951
0	1047
0	572
0	572
0	181
103	10087
37	9375
2227	1
0	0
0	0
0	0
0	0
93	0
1044	422
2642	1
10813	385
109	0
526	107
0	107
111	1
648	0
549	0
208	4333
3892	4340
33	23
0	188
0	6
0	3
0	188
61	1164
142	1164
0	34
0	32
88	66
354	84
0	84
96	0
1137	172
224	2482
0	2315
0	2606
252	0
0	0
24	153
0	2
0	153
629	0
135	0
0	0
0	23
1	23
106	146
0	146
0	0
2362	166
960	78
0	78
0	6
0	0
6	29
36	427
10	461
0	359
0	7
1315	22
0	22
80	17
13	2
0	2
0	5
52	117
0	23
23	69
0	25
0	46
0	46
0	46
64	0
3113	0
27	410
1	344
34	98
0	115
0	0
0	0
0	5
0	57
6	301
0	5
0	937
640	4110
83	3861
0	4
0	5
4010	4
208	0
810	5918
40	5919
0	142
0	11
84	120
1	159
1	637
0	651
7	647
56	0
38	0
306	0
215	0
117	856
6	668
0	667
2	560
10	565
4	465
9	268
2113	933
0	890
0	938
0	21363
11	709
0	2064
9	36101
613	19134
7	36101
6	0
0	0
0	0
3009	9
47	0
4	386
238	503
6	455
0	4
0	400
0	1463
169	1468
112	1024
0	1023
52	62
518	1138
4893	1208
1	6
539	388
0	166
48619	1029
0	994
0	790
2276	1243
0	1403
0	1242
0	14
5	5
18	47
0	0
0	8
7	30
0	0
0	0
0	0
0	273
3	4
0	24
49	273
317	167
5	10
0	0
0	5
0	20
20	30
965	5
0	0
0	10
0	10
0	0
0	13
0	0
0	13
7	8
0	8
0	17
0	33
43	60
0	33
1719	0
595	1188
317	1376
0	879
0	206
0	328
0	328
0	250
692	0
4838	0
0	0
3	0
0	0
19	0
0	2
0	0
859	597
0	593
0	0
0	0
1753	4129
264	4131
78	505
0	288
0	478
28	82
2	82
0	0
5971	5
0	21
45	21
381	11
0	11
243	68
0	64
0	19
58	541
0	607
243	607
0	390
0	0
14	0
11	137
109	123
5	1003
301	3409
61	3384
24	365
487	2
121	0
0	1153
447	1015
88	0
83	279
0	223
6	0
0	246
0	160
14	246
19	161
1	158
435	1219
0	1148
598	739
10872	3998
479	1750
1490	0
13	189
4	317
43	1126
46	1145
464	188
437	464
8	466
8	688
0	482
1629	630
0	4
0	0
7	0
0	0
0	76
0	76
240	12971
0	12971
307	8316
5	2345
0	2560
32	8316
0	0
0	171
0	56
0	232
0	241
0	186
46	98
218	137
0	113
0	72
37	3915
0	756
9	4222
0	0
3	0
48	118
0	118
0	2353
2994	2354
0	10
0	76
24	55
0	269
101	269
0	101
0	101
4	83
0	0
6	0
1491	375
20	2409
0	2409
778	1220
0	1220
14	1319
0	494
0	679
0	592
0	474
0	93
0	87
32	1292
8	0
31	375
0	105
0	375
244	0
3979	544
0	544
22	2234
0	2341
74	2248
0	5
0	5
2061	8099
0	8099
3	265
36	250
0	0
0	0
0	0
0	1685
1768	2373
17	2364
0	51
33	51
0	0
0	0
0	0
0	0
0	0
480	5631
97	5631
5	353
3252	367
27	514
9	551
0	503
1177	0
179	0
76	2724
224	341
11	2724
7	0
959	0
9757	2957
6	532
0	2595
0	35
28	35
2	341
0	262
31	172
271	136
7	13
0	11
0	13
1589	3
596	914
0	111
0	379
11	6
0	1
0	5
27	1
0	0
1	90
52	1145
10	1145
265	9
0	9
166	235
0	235
33	16
0	16
557	0
0	0
0	0
0	0
3698	682
4	180
96	0
0	2
0	0
637	1693
0	1693
0	1158
0	3136
0	3378
0	2285
4	3618
1286	523
0	161
6	243
169	243
317	8
0	98
48	95
4521	3541
8	1220
0	3538
0	0
173	0
0	0
0	0
0	0
0	0
0	0
0	0
1284	5
0	1565
3806	1570
1612	2405
0	2405
2347	2858
147	2858
0	719
31	810
0	1887
78	1796
56870	51
0	1
0	1
0	0
0	0
30	4231
466	4905
0	1724
0	32
0	5450
192	5450
0	0
0	0
0	0
436	0
0	0
0	257
0	159
623	416
0	24
57	24
4887	1156
15	993
248	812
123	0
0	0
1448	0
30	0
0	0
0	3
1834	380
13	3
0	377
4422	281
4	43
252	0
215	0
47	6724
1077	806
0	2251
638	7284
36	1221
24	143
0	51
0	1221
174	0
2	0
279	0
77	5
15	5
0	0
0	0
0	0
0	2
0	0
0	7
0	7
83	2
0	2
1157	183
7	186
30	151
0	0
0	0
0	0
0	0
0	0
3778	3
422	98
2230	0
33	429
0	429
573	175
0	175
2335	2
0	0
0	0
0	842
0	16
5	846
144	962
3347	0
0	0
0	0
0	72
30	72
1054	311
0	194
0	311
1561	5187
0	5185
0	14
3	14
197	677
1152	682
0	11
13	11
0	1
5	38
58	303
0	262
0	299
819	0
15	3646
0	532
5557	3637
0	2882
6	1390
716	1392
0	0
0	0
0	0
0	723
0	1199
0	1218
0	1201
0	1244
63	1066
26	1066
3019	1244
69	599
0	622
68	522
281	65
171	422
0	70
1	336
0	0
224	707
7	707
3	18
0	16
10	68
1	249
2662	2108
0	2040
11	106
0	0
0	104
0	206
0	96
0	0
0	0
328	28
0	28
244	3014
23	546
3	3014
0	761
35	761
8	685
0	21
195	191
0	183
14	179
523	853
6633	2347
0	2346
0	0
145	181
0	1086
20	1070
0	818
472	818
1	0
0	39
238	1197
2344	1197
26	405
0	65
0	75
0	405
98	587
9	1199
0	35
0	1438
0	1413
171	624
7	624
6529	6
153	0
0	540
0	404
8215	954
0	49
0	117
331	146
0	143
5	0
101	19
37	19
276	1374
173	1373
159	0
0	0
0	0
0	0
0	0
3	5
0	0
11	5
0	5
0	493
184	493
0	0
0	26
10	16
0	65
0	104
594	165
39	1212
267	74
2081	1446
20	202
0	1442
43	1832
51	937
0	1832
0	0
358	797
24	102
0	23
0	776
981	427
8	9
55	424
1664	1449
0	1449
0	1
4	4
0	4
13477	5153
0	6
0	6
0	6
0	0
0	0
188	6
0	6
410	143
0	143
0	3
0	3
9	3
8	102
0	107
6565	0
0	26
0	88
0	6
0	88
2	105
559	0
6	0
8050	6
2347	3439
2	3439
4525	1
240	0
0	321
203	321
5885	3
10087	6
101	0
8821	78938
4779	78934
0	492
1835	499
1356	6
12388	10023
0	10013
0	0
393	0
0	0
3324	0
14014	10
1992	2
0	28
0	31
0	31590
2121	31590
1943	14
0	14
0	0
0	0
950	3801
1	1228
0	1699
11	3801
212	101
0	16
0	85
10	2226
1365	2226
7	3554
8	3554
7	0
0	0
686	508
0	508
38	284
0	284
312	661
0	661
1	0
319	197
87	197
4	106
0	0
0	6
6	6
0	1413
612	1413
0	0
3155	1
1032	162
437	1
379	0
1407	0
2412	3
127	3870
20	3870
18	5
51	5
191	596
1	596
0	0
5	2463
0	996
3	1424
0	2346
0	2552
0	2824
1057	51
1062	4890
1592	4146
473	942
3	943
0	794
0	946
182	2573
269	2573
74	0
0	10
0	43
123	53
0	15940
50	15886
0	139
0	11572
25	0
1303	1109
467	1110
0	261
1929	2702
0	421
0	76
13	261
488	232
4475	1
0	0
93	113
0	74
0	39
0	11993
0	6300
5865	11953
0	12164
0	12164
0	0
0	0
0	10
85	10
0	1289
302	4176
134	3202
0	4209
1102	2447
0	44
27	2355
26540	19
6995	3
0	20
161	20
136	1902
4	1819
288	1788
0	4045
65	4045
0	0
0	0
0	28
140	243
0	243
327	219
25	219
29	0
748	4
3158	0
31	0
0	76
0	4
0	321
10	312
0	321
138	234
31	234
8090	5
102	978
131	978
8541	3826
0	1012
0	792
0	519
7	519
1	948
3912	950
295	562
0	541
797	0
803	2397
8	245
0	245
78	381
0	2
0	0
265	116
12	116
1405	0
0	34
0	133
0	13
0	27
0	127
85	127
9	121
976	51
51	19
0	44
74	49
5	0
0	351
528	409
25510	3514
8	3509
209	1251
33	347
151	1339
1715	767
0	3
4	214
32	26
0	35
3	234
13887	2588
2	2584
0	0
0	0
0	14
0	14
0	0
0	14
0	14
0	14
124	520
0	136
84	1895
6690	1895
36	8
0	7
12	1695
0	233
0	1683
1	80
75	192
27	190
0	481
46	481
0	83
18	231
0	17
11	235
8	111
0	15
0	0
0	3539
0	452
0	5901
4677	6003
5183	4
106	5698
41	1679
45	1438
0	13573
2	113
42565	11740
28	0
99	0
108	79
15	0
33	0
25	0
73	79
33	494
0	115
546	0
0	0
2244	770
4	770
0	0
0	0
790	0
26	26
0	26
0	4514
1	10729
16766	12762
0	8379
20	53
1796	1005
0	0
899	846
848	845
50	1
0	1
0	0
6	0
32	0
111	925
9	12
0	307
7	61
0	920
23	184
9	184
0	181
3660	185
4163	0
8	0
0	575
126	703
10	6
0	3
237	9
16	1385
450	1385
0	269
136	285
333	724
20	724
0	402
346	4515
0	4515
1256	1167
0	21
26	20
0	21
71	12335
6639	12336
18	976
0	54
4	976
5305	40
406	43
13	8
0	821
2	831
0	829
19	0
5884	2000
30	1997
190	4979
0	4305
0	4724
46	202
0	17
0	8
0	8
504	0
950	5934
3	155
0	138
0	493
0	27
1160	1941
0	903
0	2215
13	2215
854	0
0	413
0	3454
4	3090
2	3499
1558	1810
486	1810
51	242
0	242
0	2
67	156
0	156
0	146
106	299
1951	1879
670	0
1253	1
18	782
0	948
14	948
0	18
0	18
0	1680
0	40
0	337
1	2063
19	2118
11638	5
0	3
3	3
0	46
0	248
5	849
133	1012
0	682
0	592
0	755
0	26
22	26
0	611
4208	1119
105	373
0	373
0	6924
11836	6930
0	0
527	1
314	9272
0	9357
0	514
17	9262
0	0
0	0
1	0
3	169
0	190
27	0
0	0
0	0
44	0
949	222
8	720
0	805
9	444
353	0
93	269
0	67
485	3854
0	3854
1765	326
0	326
144	0
0	0
1	60
35	1249
570	1249
0	0
4	433
5	54
0	433
0	0
2	1318
0	98
134	1137
0	532
48	1172
9	686
7	363
0	23
50	703
5	703
1379	0
3309	12721
0	1
20	12720
18	0
32	688
3	686
0	131
0	76
0	250
0	175
138	498
0	400
3157	326
0	323
2182	139
0	135
52	0
4066	2
23	4
6	27
0	27
0	0
0	6
0	0
37	28
0	34
0	1
0	1
0	0
0	0
0	0
0	0
67	6394
5	6355
0	6409
2260	342
0	342
20	0
7	550
0	550
954	0
19	278
0	117
21	287
85	0
983	0
597	86
0	86
0	1506
1108	1509
0	160
0	59
1	145
1070	366
0	0
0	3
111	55
134	937
144	0
102	0
0	2130
2	2244
1	592
18	132
69	132
610	297
0	297
0	0
1317	528
7	9
0	92
2	441
0	4
44	104
0	0
0	0
0	0
0	0
0	0
0	0
0	10
1731	15
296	2174
0	2174
9	161
978	683
0	22
0	500
1	67
3	412
0	306
0	912
3	306
1540	1822
5	1847
95	1994
2313	210
79	210
59	332
0	96
0	0
0	43
1113	43
0	0
0	136
0	0
0	136
8	908
0	431
0	994
0	204
0	204
0	204
0	204
0	31
318	31
22858	2001
129	1998
0	24
0	5
21	677
0	95
0	89
1	667
0	13
28	115
0	13
1405	24
4	24
0	69
42	2
63	26
6	3364
0	3336
141	3417
0	547
0	547
3	276
0	0
2683	0
882	2106
0	2106
0	6155
0	676
0	5938
0	6355
0	6138
24	923
0	2782
721	3039
1367	9637
2022	9637
58	128
749	236
0	0
58	1888
0	161
948	2197
21758	1483
0	1020
0	453
0	0
0	0
7	0
0	0
0	0
0	0
0	0
203	128
209	197
1853	871
0	867
1189	3
0	4584
0	282
3157	4584
0	240
0	4
35	0
3	682
0	682
0	522
5	370
0	346
9	126
0	5
159	2596
401	2596
13103	14241
0	14219
132	825
12	427
38	481
0	204
4	174
0	135
0	168
0	122
0	284
44	460
218	568
531	2875
0	2875
6	1105
0	0
0	0
123	0
1930	1746
0	75
923	479
54	479
0	236
0	0
7726	6817
110	6803
189	409
0	0
5	0
1587	0
157	52
4	53
4	44
0	41
335	278
0	236
0	0
3	83
497	626
0	543
864	2916
3379	2913
140	82
0	0
0	0
0	0
0	0
0	0
21	19
0	19
10	17
0	236
0	2
0	2
0	0
0	0
0	24
19	13
40	0
0	0
1079	567
0	420
14424	426
567	0
18	0
1704	0
4	205
7159	214
0	0
6	13
0	13
2858	3796
777	995
313	63
1228	4033
5	4024
1947	0
2	0
0	0
234	660
2	660
3115	172
0	0
0	1336
8858	1339
2	1575
0	21
4	1560
500	376
0	288
1	120
0	674
2	2255
0	1475
3	2241
2	0
0	0
0	0
0	352
234	352
222	1003
177	6138
0	366
4	8
1800	6140
16	695
205	6795
1301	6748
0	58
0	36
0	36
754	82
0	40
0	40
0	22
14	0
484	0
0	0
1138	0
1334	2846
0	155
0	2812
31	393
3	496
2	0
4	1968
0	746
0	734
0	601
0	1969
0	2087
498	0
323	294
1652	619
0	391
0	451
0	15
0	15
0	15
0	15
20	142
2	142
0	0
119	0
188	23
23	338
383	956
1293	10
4	0
11	64
2	2387
0	728
1	4
13	2363
0	2326
0	1700
3	14
0	14
104	47
0	38
0	47
965	758
0	792
0	788
612	983
0	952
0	890
0	878
0	800
0	815
0	0
0	0
0	239
0	31
0	166
77	613
21	565
1433	0
0	56
856	2146
0	2118
6	2099
0	373
461	2548
171	2747
0	21
18	21
878	748
0	563
1259	466
1660	0
0	1258
1363	3708
1312	1495
10	1
15	2351
302	2351
8	0
8941	5
85	0
2387	6
114	569
0	99
0	569
165	720
6	720
0	0
16	0
53	116
4496	1189
265	533
0	656
43	117
0	0
562	1087
1214	1090
1892	1343
24	1339
11	406
2760	1596
0	1202
0	114
0	23
60	0
7	114
0	114
0	546
29	725
0	729
2	7
0	7
0	260
0	344
0	35
605	1
6	707
13	185
2514	813
0	0
0	0
0	0
4	259
1467	988
0	3562
5	3743
0	3474
77126	30
9929	5112
89	3409
0	295
57	1531
0	3882
999	260
0	260
0	339
601	2038
10	1699
53	0
5315	0
0	0
0	315
458	5
188	341
2421	5863
26	2192
8	88
5	3066
0	3250
174	2695
111	3075
0	2844
118	949
0	949
8	0
0	0
0	0
171	0
111	0
0	9
0	69
0	69
0	0
890	0
0	6
0	6
0	1442
0	1615
324	3507
144	3492
152	0
461	0
524	1
22	5130
0	4727
0	5134
15	1
0	0
135	834
71	834
166	0
1894	0
1311	758
1	212
0	212
0	0
71	0
0	0
0	0
2360	0
0	0
0	0
11	52
23	52
472	1
0	0
268	811
0	0
0	32
10	32
1237	0
7	413
0	413
0	398
0	241
954	347
0	106
113	0
48	59
44	0
443	0
421	183
0	48
0	10
7	337
0	327
0	32
9	32
67	8
0	372
3541	376
0	499
20	585
89	585
194	269
0	268
15	36
0	36
0	7398
0	57
0	35
0	7109
0	4852
0	7246
867	0
4126	3771
411	233
493	15017
60	0
100	0
0	8
2257	2824
51	2799
0	1569
0	1541
0	1360
0	267
4	0
3	0
37	3
0	277
1189	289
0	0
330	452
0	0
2	0
47	542
0	193
0	57
0	479
13	637
1643	0
531	0
0	478
152	478
161	0
0	0
0	28
28	16
19	16
0	1
0	205
6	0
0	353
74	353
5	352
101	0
4044	1967
0	1954
136	1525
0	803
0	1355
2083	0
0	0
166	4611
0	405
2	4637
886	5
0	0
0	0
33	4090
6	4090
0	383
703	384
101	0
0	73
21	73
540	420
0	420
6106	1
7	23
0	44
76	67
0	16
0	11
0	16
978	0
0	115
42	273
0	52
0	34
0	40
0	267
82	0
0	0
0	131
0	143
55	17
3	17
0	78
0	51
45	119
265	228
7	89
1	0
1	0
380	0
0	9873
967	13593
36	7086
32	809
605	771
208	835
1839	6
3	0
0	0
0	27
0	36
29	1174
0	158
22	1177
0	89
2417	89
0	213
46	213
75	105
383	253
0	106
7	66
1107	3531
8	3531
0	0
0	0
996	59
0	15123
0	14181
74	133
26	133
1903	0
0	226
0	239
0	244
0	834
783	834
196	131
0	131
11	0
0	0
0	0
1443	306
6	306
0	15
0	8
0	38
0	1
18	38
26	89
12	89
18	30
0	1
0	1
0	109
0	5
0	141
0	150
0	323
930	1010
135	183
0	0
199	2
1573	595
0	434
99	70
0	53
0	17
0	11
0	166
0	28
6	166
27	414
0	62
0	414
0	0
66	0
464	1
199	887
0	887
0	887
0	887
0	234
0	559
1319	0
223	0
29286	10828
77	10816
3	18
0	18
487	420
0	420
1122	550
7	544
0	136
513	136
6072	0
5	348
0	348
15140	7447
1789	1
434	1690
12	1690
2530	26700
0	2089
16	24978
5	12379
0	23288
3	1138
5266	3077
4442	2
1331	1195
4	472
34	361
10	392
0	0
0	0
2169	93
2	93
48	0
159	0
1531	443
45	442
0	17
0	48
0	48
0	32
0	12
0	45
10	45
2630	848
0	847
0	872
0	802
0	8383
29	7949
0	644
4	3883
244	4254
0	4254
0	7
180	7
0	7
0	6
16	6
0	31
0	5
0	18
0	31
11	49
97	6618
127	6618
4	2
717	2056
0	1131
0	674
0	1
0	1313
0	0
1371	2573
14	2573
619	0
0	6
63	3121
0	2659
1	3258
0	0
0	0
110	64
1617	3150
0	4411
0	4420
142	0
0	0
9	804
672	1702
0	0
0	0
141	0
0	1468
0	660
362	3296
1026	5
0	52
2859	1903
58	1955
0	941
90	1372
0	1372
21	0
0	0
187	0
1912	3767
11	3767
8	2521
0	931
159	24
0	21
0	3
2382	0
2147	6377
5	6377
8940	778
123	43962
0	39656
3	14743
111	40195
676	0
0	840
0	840
0	20900
11	22045
8	19747
16	59
181	0
0	115
122	140
0	11
67	415
6	0
0	404
0	385
3734	2111
0	1949
0	1149
0	2100
0	553
342	1918
5	1918
0	542
270	542
255	141
5	80
0	7
0	7
4770	1957
33	116
39	91
0	1859
509	0
6	1297
0	452
237	2852
168	422
13	2906
0	0
5	4
0	4
0	448
0	618
0	463
267	666
96	408
0	48
42	395
477	70
0	70
737	0
269	362
566	0
0	0
768	67
31	50
0	17
7	0
2285	1
0	180
0	180
0	34
0	815
86	1
0	813
0	791
1413	3686
5	196
59	3685
13	0
40	0
0	47
0	216
47	216
0	12
0	51
0	95
46	109
61	0
0	50629
17	96513
14	65203
10	52413
13	46363
0	223697
15	242888
0	133534
589	3758
0	570
108	3689
0	0
0	4
0	4
586	43
0	43
948	1303
0	334
0	1912
0	24
0	1957
0	2012
4	2090
4448	2094
2192	305
0	300
11	1
0	574
8	606
0	1258
0	1264
86	2056
24	1932
47	729
74	729
315	56
0	56
389	1
0	0
0	0
0	0
0	1193
1659	7113
0	4139
0	1127
23	7379
324	603
159	603
775	485
0	157
0	409
0	0
0	0
0	9
0	0
13	9
36	456
0	1313
0	1160
345	105
24	437
186	437
56	1927
90	1927
214	0
0	35
0	0
0	0
1	11
0	10
0	0
0	0
298	2532
3799	2532
0	11
87	11
0	40
2197	42
6	40
5308	974
2	972
827	0
3202	2776
0	1699
6	1077
885	2650
0	2506
145	1216
0	14
0	41
0	2
0	35
0	38
237	0
10	5
219	1386
0	2211
281	2230
1	2230
993	213
31	110
0	195
0	2249
1967	3214
0	1386
0	0
0	0
0	0
0	0
0	0
0	0
120	953
25	939
3	13
0	937
2	1215
54	954
0	247
3291	53
10	52
525	3437
270	3573
234	1930
2175	1930
11	828
1299	1418
0	285
11	1173
0	0
75	48
4920	1313
3	1311
0	125
0	150
0	88
766	686
0	0
0	686
6	0
3074	0
650	0
455	5
26	815
0	3687
2	217
0	203
10	3687
92	0
2	0
0	3602
59	3953
48	3929
9	153
301	345
287	1986
0	3849
93	6515
0	2316
0	5532
33	32
0	32
15	0
0	0
2162	198
41	0
0	66
127	388
0	388
0	53
0	26
294	239
0	39
0	48
0	214
0	207
0	227
0	0
3861	5
0	215
0	0
267	4870
110	4870
2	10998
53	43384
0	39247
12	38270
0	23
96	42
110	0
22313	11
0	0
160	207
159	13
0	13
70627	63
9332	2076
8	0
0	819
8782	823
675	0
1	883
0	87
0	216
0	0
1620	271
22	6
0	0
0	0
319	0
11743	2660
2	0
2	15
0	15
1738	3
355	3431
10	3431
4675	7
34	0
18	225
177	0
1047	0
209	1024
0	2
4	1022
0	0
77	74
204	139
0	112
7441	0
620	1
0	0
0	0
5366	0
0	130
327	228
0	106
0	0
0	0
0	0
230	94
59	0
4145	3003
0	921
86	439
0	2781
29	2442
8	2442
205	81
0	81
0	3487
0	231
38	3487
42	489
0	421
0	241
1100	2035
0	2114
0	1812
0	2052
61	0
0	0
0	0
0	0
0	0
0	79
2	6026
0	6101
79	5991
33	6037
5719	2406
1075	2703
861	2288
2973	5167
30	35
1	60
33	25
7	229
450	229
4	5
0	5
1628	2
19	0
2032	6073
150	6074
45	83
8	2507
0	2504
8	167
17	167
0	0
0	0
131	487
0	457
0	487
13	763
0	612
0	604
0	632
315	639
37	623
132	89
2165	4
510	175
0	174
1074	2
0	0
0	0
432	283
0	229
0	74
227	0
6	11
0	11
5074	3
2536	2
2780	0
0	1755
0	2090
3	2090
0	2461
341	119
265	2580
0	60
4809	5920
0	5914
22360	6
95	177
0	177
71	223
0	223
1544	232
0	232
0	0
0	3
378	7
3	4
696	414
0	0
5	0
0	620
1	544
248	237
0	54
108	1296
0	448
4	1296
288	1277
10	1277
857	587
119	587
77	289
38	289
5323	2
0	476
0	385
128	465
0	0
16	34
0	34
1	0
5	0
28	0
0	5353
23419	5376
2	111
0	111
0	40
0	40
0	0
11	0
4676	8
5846	602
98	602
0	1516
79	1516
0	5547
500	1160
60	5547
69	780
434	786
138	223
6	223
0	64
0	64
55	891
1193	1111
348	357
0	843
76	1154
237	814
13	10
0	10
47	244
4	244
0	244
1476	2778
0	2660
36	2627
46	2740
14	2752
20	2592
1176	485
358	485
0	0
0	0
1630	23955
461	3810
0	22872
0	19629
61	19992
0	20597
0	19972
185	22295
45	592
0	518
0	2016
60	816
14	2313
53	2052
567	0
0	0
40	1731
0	1731
0	163
7	138
0	102
42	314
58	314
1218	580
5	580
0	8
1423	6
77	0
654	4
10	6040
0	1523
361	6045
4235	1946
0	1944
1844	2810
141	633
167	2929
244	370
0	664
0	1416
0	709
12	1547
0	653
239	1786
1182	2146
2839	2281
43338	2309
266	105
87	44
0	105
389	0
1	0
511	3817
0	3817
7	819
188	819
0	242
138	48
8	17
0	44
1928	3849
0	64
185	3534
0	3834
5284	6
64	340
0	8
0	11
0	32
0	531
0	543
6	80
0	2
0	2
0	54
0	55
476	55
0	5
0	5
2	5
2618	0
1	8
0	8
0	0
0	0
280	3
3	0
100	0
0	477
0	124
0	0
0	251
59	477
0	168
1375	168
9	359
0	150
2	11
9406	2895
555	291
0	8
9204	3
16	4
0	4
653	2207
0	2204
141	232
5	1198
534	1206
248	0
1986	1068
6	1067
1	0
0	10751
2573	10752
0	46
3158	161
13	0
0	44
4	92
30	325
0	432
0	4753
0	4771
77	501
0	9532
45	8874
0	9356
0	8723
153	1645
0	432
0	528
9	253
14	1645
0	29
1147	852
0	670
0	75
0	93
0	652
0	34
0	102
127	652
64	0
0	196
11	151
0	7
0	176
932	338
19	23911
0	23911
0	17211
222	1117
0	908
1165	267
0	25
1326	2245
0	3
0	3
19	86
466	1
17	1
0	1
43	38
0	38
747	0
897	0
0	0
0	0
6697	295
0	56
0	290
0	5292
0	2333
8775	5302
1075	1
201	0
0	65
0	65
0	63
0	300
688	300
0	300
0	0
37	872
67	747
259	864
89	9
0	664
15	585
178	339
220	6703
0	6703
112	156
0	143
0	153
226	0
0	104
0	104
0	104
2	0
75	0
0	30
0	4
4	68
404	2478
15	290
0	2225
2364	374
82	297
16	367
0	0
0	78
67	186
3731	714
186	716
659	642
10	322
0	47
13	0
0	63
165	63
32	100
0	0
0	100
0	100
0	1
536	49
0	9
58	9
4194	6217
0	6490
0	72
0	435
0	686
0	6773
0	2210
2029	4036
0	4027
523	1105
0	472
0	38
0	0
8	116
1072	116
345	0
453	0
284	1
0	0
7	0
28010	27
64	32
0	11
0	21
0	21
0	58
77	58
16490	9
0	2245
4865	5111
0	3353
2955	8
0	0
514	0
516	1271
95	1353
0	1345
68838	45762
7	45706
139	0
3229	6
82	1910
23	356
78	0
6	1910
298	259
0	36
0	37
126	0
39	0
0	0
0	511
286	1801
0	1548
0	0
0	304
1825	304
9358	5
7774	6
45	0
0	0
3412	527
1426	0
15116	7
0	0
0	462
0	19
240	462
606	0
4683	2630
583	0
23	0
105	2960
0	2960
0	0
9	0
0	5
0	15
0	16
0	3
0	28
17	54
0	49
2585	0
0	0
0	0
0	5236
0	15896
0	16066
0	42
8	273
0	232
6	207
4	276
0	235
261	240
0	240
62	0
441	2
32	1012
26	982
0	767
0	3
0	6
22	6
10	0
6547	697
0	694
2854	2
38	0
17	173
5240	3459
15	360
0	2881
78	2938
34	421
38	421
224	0
3173	125
0	125
76	498
0	41
341	181
0	178
3	6
0	0
0	0
823	0
108	0
0	860
163	860
97	158
0	158
22	96
0	96
0	34
757	2233
0	2217
184	162
5	162
0	2
0	2
0	1194
105	1853
108	0
0	1
0	3624
0	520
5888	3630
0	0
0	0
0	0
4	35
0	35
344	54
3	67
21	82
0	1
0	0
49	441
0	11
7	130
1	6
0	1
0	449
0	433
0	449
0	451
1101	1041
0	30
0	30
993	2235
0	2235
0	0
0	0
0	1
0	1
0	1
0	1
0	1
0	1
0	165
0	764
258	843
15	888
0	888
7	1195
0	73
15	1168
94	141
342	121
0	116
0	88
0	45
292	45
11228	16266
3604	16260
0	36
0	47
0	58
0	43
16	56
0	87
46	88
2009	0
1809	0
3	221
0	250
0	322
0	506
570	1049
0	636
791	867
0	865
193	1985
0	622
67	1985
174	349
202	349
0	0
0	0
0	0
11	222
329	167
0	3571
29	2107
23	3260
8	4
258	1374
61	1681
28	532
333	250
0	200
0	236
30	1050
91	1050
8782	4
51	15
0	15
648	0
0	4
5	7
0	7
14185	5938
48	5998
107	5054
3	0
460	60
0	60
824	38
0	38
0	244
373	3614
7	3101
6	29
463	204
0	204
0	0
59	0
0	0
0	0
0	1136
0	327
0	292
4	0
0	1
0	1
183	266
75	266
855	0
1351	0
54	3
656	572
0	0
0	18090
0	5802
34386	18926
0	5921
2306	0
1	29
0	87
0	66
123	116
0	0
3	0
148	151
0	152
0	0
0	63
1	63
10083	9
0	0
0	0
0	0
5	4
0	4
0	0
0	0
0	0
1031	1
129	259
0	259
5789	2171
0	1936
0	2171
250	281
24	281
229	599
150	599
0	136
0	22
0	11
85	144
29	152
14169	9
0	0
271	230
166	358
0	358
0	620
893	3393
0	1246
0	1825
154	190
0	190
0	106
24	6
3	6
41	283
0	283
25	0
0	745
0	745
3	745
2904	0
4456	3719
0	551
30	3717
421	0
107075	106
0	101
165	177
0	0
937	0
144	1041
0	673
24	258
0	249
0	1045
7824	8
215	22539
0	14180
283	16365
2	5808
0	11242
5984	4
12620	1388
0	711
2	667
0	0
12	156
2	156
152	3
0	0
1	23
0	23
10653	1
0	19
0	19
428	19
2326	0
99	51
17	0
77	66
22	4709
0	164
0	4915
0	4915
374	402
0	2408
158	2413
7	3
0	0
7	0
13	0
11	0
112	67
0	67
513	607
126	34
1715	609
4220	3
0	186
3783	186
319	6
0	27
1	5
0	5
0	0
29	0
2715	1
0	1
414	1
0	94
0	31
28	125
0	0
0	0
0	0
0	0
204	48
15	90
0	90
2411	3475
15	25
485	3475
20	162
0	8
0	19
39	19
64	461
2158	0
5064	9
258	1
41	3
59	1772
0	34
0	460
166	1209
179	1209
362	0
687	2
0	0
0	0
0	10
0	10
0	10
4	0
3608	1287
52	544
28	929
0	70
106	70
0	0
112	3
0	3
0	0
0	0
8	12
0	0
0	0
18	12
27	0
0	158
0	148
0	154
0	364
0	147
2882	7903
0	0
0	0
10496	10
0	197
993	424
0	122
7	0
46	7
354	3
13	3
0	7
0	23
11	239
7	41
7	213
39	0
0	1
0	5
0	73
0	1
0	4
0	0
0	4
0	73
0	73
7	0
0	0
0	0
3990	0
0	1755
0	1710
0	1629
0	1826
4	1811
17	1814
0	1684
128	904
85	912
5	912
30	558
0	558
0	363
131	2070
227	2070
491	148
0	74
4	155
6	0
0	0
177	559
0	0
0	87
0	315
0	292
0	311
0	0
0	0
0	0
0	1947
0	227
0	1395
172	7861
0	456
53	7550
0	0
0	0
12	604
0	630
10	630
4	0
0	0
0	25
686	25
255	328
0	328
914	0
0	846
0	161
0	896
0	908
0	900
0	98
30	98
3	0
0	0
0	0
0	0
4	0
0	0
0	0
18	10
0	0
0	0
0	13
25	13
386	873
0	873
275	1
3709	0
214	122
0	122
0	136
7	355
6	418
0	356
0	0
0	0
0	0
16	0
0	40
0	430
0	277
0	421
128	544
0	418
26	0
87	0
0	453
434	453
0	84
52	31
2	0
0	455
0	306
3	1046
0	299
0	1016
74	292
9	352
247	607
2061	2592
0	2511
0	2735
245	224
22	2594
21	2594
0	0
8	55
64	55
482	0
47	612
12	612
0	601
0	1978
9	1978
129	0
0	141
0	283
0	172
0	342
1448	1112
0	657
36	608
0	552
40	44
385	967
605	963
1237	367
363	711
11	330
0	231
207	0
3025	0
1	0
0	25
0	25
0	13
0	13
43	194
0	47
4	289
601	38
11	38
0	210
0	7
0	0
0	194
0	117
0	210
0	114
459	13
0	10
0	3
0	207
0	426
629	430
0	418
269	481
0	110
185	690
112	497
12	241
1709	25137
106	25137
0	0
4705	4446
46	457
669	458
0	6841
0	6794
20265	7659
0	7604
5	5521
0	3183
0	0
0	0
0	196
1	101
697	543
0	430
0	216
8649	266
0	266
641	1306
0	1306
0	0
18	0
37	292
19	292
318	0
0	0
0	272
20	463
0	271
0	115
0	292
0	318
0	226
0	4073
12	3837
0	3599
22	3938
0	3781
17	3998
5	4151
0	3521
313	191
597	191
346	951
0	951
0	0
0	0
110	143
114	62
14	17
17	17
131	181
0	181
3280	6120
0	6116
0	57
0	0
0	0
4	0
2974	2
0	0
0	0
0	0
151	0
2	454
5	120
0	75
6	454
109	0
434	1387
28	20
148	5
1	639
11	96
13	0
12112	1
193	1477
50	1595
50	567
626	567
76	620
0	620
2879	1085
9	1082
3049	5357
0	5357
0	0
0	0
0	0
0	0
0	549
2	405
3	14
0	358
0	384
0	245
0	2
0	192
1	355
0	0
0	0
245	34
0	410
1532	1779
0	1683
0	1779
0	697
3972	1174
0	193
96	269
0	269
1371	586
27	586
95	255
150	3747
365	3747
3879	2
118	80
97	80
0	96
0	110
0	20
0	12
709	4029
0	3869
6	763
0	1459
66	27
0	27
40	156
0	156
101	993
126	561
3	768
0	107
9	69
0	20
0	107
3184	0
2594	0
1	84
187	5
0	5
0	0
0	4
17592	20
157	2188
0	60
0	227
9	2184
0	1602
1	5
0	114
0	34
1	114
0	54
27	54
3123	0
30	273
0	22
12	1246
0	1246
227	26
0	26
281	2568
5	100
6	2355
0	2
0	0
18734	21
0	1103
28	1107
211	179
6	101
8	58
56	2209
0	1540
10	1832
0	1959
0	0
5	0
27	1252
4	59
20	1721
0	1765
3156	1601
31	1355
0	697
957	632
0	632
6252	1
0	409
0	8
0	40
4	118
0	326
91	182
0	187
14	175
185	175
101	96
0	56
4	106
0	34
0	80
0	1232
0	12591
0	1513
0	12375
600	12411
131	1220
0	624
0	7
0	276
0	0
0	0
0	104
0	0
0	0
0	0
0	0
0	0
217	0
350	406
0	406
34	125
0	137
3	137
1503	5078
0	4325
92	764
359	0
0	625
232	639
235	0
0	0
0	1835
173	1835
7	424
203	424
0	250
2	60
0	60
31	710
43	23
22	710
37	64
1184	26
75	26
12	0
12	0
0	0
0	0
6	0
0	15
29	15
0	0
0	0
1	0
823	0
396	834
0	0
0	5
10	115
1754	7496
4	220
0	72
3	7674
0	0
0	0
7	0
0	162
12	221
20	339
0	11
0	0
0	312
46	77
0	77
48	1075
0	450
26	1013
812	149
34	149
129	75
18	60
32	0
52	143
21	3928
20	454
16	3477
6	2120
1	374
12	2061
0	1824
958	2
0	5268
558	5268
0	47
85	289
0	279
63	49
3	49
0	25
28	1239
0	499
1135	1072
9	12
0	12
0	12
722	120
352	655
89	562
0	5915
8	5915
27	22
4	0
0	0
1891	3977
28	3965
84	266
0	266
1172	0
73	5005
3	284
1	35
0	5020
0	5036
0	5121
164	4650
2	0
10	0
0	0
1	794
0	5
0	0
0	0
0	0
0	1130
1649	1130
0	0
26	37
0	37
0	11
1847	322
0	0
0	0
464	1337
256	1337
5	795
0	928
0	928
299	213
0	213
0	888
8	887
238	701
169	3298
0	1188
25	85
53	3612
51	332
11	85
7	2982
4	2909
296	388
0	5
0	314
162	109
0	107
0	75
0	0
23	252
0	284
0	324
117	102
966	0
0	0
0	26
0	26
107	0
0	2221
207	2340
39	0
0	0
14	4
19	3
0	3
112	137
0	110
0	54
143	147
0	147
1555	0
1443	161
0	113
0	53
78	0
1	0
11	0
2770	1
0	0
0	0
34	24
0	24
2184	2
1219	714
0	43
55	2203
191	2203
1121	2
26	0
585	0
277	14
0	14
840	0
7	0
931	1798
0	1796
650	0
3390	102
100	0
0	0
0	0
0	7
0	7
0	4257
150	4156
0	650
0	96
343	1341
0	1341
0	0
0	0
0	0
0	0
13	3
3	211
0	1282
9	1384
0	135
0	3
23	1280
44	1389
0	0
0	0
9761	4
0	10623
1772	13284
0	2863
236	5
0	1
0	4
5	0
0	0
251	0
2224	0
5911	905
2767	0
0	0
0	0
0	0
0	0
18	811
310	811
140	379
0	379
28	0
3	1172
0	86
0	224
0	413
3	1244
0	1162
64	117
7	0
0	0
248	1
3	115
5	0
60	67
0	67
30	289
0	71
580	291
2485	0
452	0
46	2138
780	2138
362	598
8	264
0	35455
0	37540
0	39647
532	43553
0	41449
24	19
0	19
0	0
0	0
0	7
0	7
35	0
1335	0
0	0
9344	23920
15	23920
3	9532
9	6709
5251	19
2224	193
0	193
101	0
0	0
0	292
0	0
0	172
1	69
3211	0
44	0
5491	0
69	32
482	32
1109	1
5	0
2392	2
0	393
5	393
44	0
0	0
10	10
0	10
0	1
203	46
0	45
0	0
1128	2
157	172
35	935
292	935
37	0
0	0
95	0
38	0
9904	5
6	25
535	296
0	277
0	249
0	277
0	260
0	0
0	0
26	7
0	7
0	83
1533	6689
12524	6735
460	1822
0	1822
0	330
0	42
311	352
232	253
0	0
8	0
0	0
27	49
5376	415
698	34
0	25
27	654
10	654
0	0
0	0
0	0
2	1
3109	2
0	58
0	58
0	1885
569	1885
529	341
0	341
0	0
585	5
329	9217
0	9212
0	6443
1	1699
12350	3994
0	3516
2	469
5	0
0	100
7534	586
0	255
0	226
45	165
0	1070
2	128
2267	1074
0	0
0	3
0	0
0	0
0	281
27	21
1	21
757	362
5	362
26	126
73	8
26	35
3	125
176	177
0	153
44	136
0	136
155	0
0	115
0	115
3224	0
0	353
0	0
361	0
7	738
0	560
322	738
0	1487
0	7100
0	6927
0	7275
0	6374
0	552
4	827
1955	1625
0	901
0	184
0	15
0	107
36	100
1	103
2	103
36	78
0	0
0	0
0	0
77	0
445	0
8314	7
0	10
177	1077
941	988
0	240
116	737
127	0
0	57
17	16746
0	7151
0	12305
7892	24310
106	20948
0	221
4367	658
0	0
16	0
639	325
0	325
0	225
0	0
36	227
0	199
0	0
0	0
344	0
15	463
0	1909
1576	2373
3784	0
2111	2245
0	846
0	4142
6	3926
0	4027
0	39
0	305
0	219
0	225
0	17
0	17
801	293
0	293
3157	1031
181	1031
0	155
38	155
20	0
1	8
0	18
0	15
0	18
0	0
6778	173
0	157
1738	2
0	0
0	0
0	0
9	0
191	0
1979	603
118	601
8	868
107	866
0	203
0	733
710	391
0	158
0	391
54	1993
0	647
0	1993
0	42
0	4
33	4
1163	817
91	837
0	0
0	0
0	0
109	0
3414	561
0	21
0	553
2	390
0	0
0	0
0	0
0	899
0	1
0	869
0	877
0	847
17	0
8	68
0	68
0	17
0	12
0	17
0	0
25	1371
0	1350
14	163
34	1360
0	6
0	1178
11	974
0	1202
1789	2161
0	1590
22	106
870	0
667	2503
19	2503
2	62
14	525
0	226
0	181
0	216
0	228
2225	1
11158	768
4	128
0	0
0	54
271	759
0	822
108	1357
0	61
0	133
0	313
0	308
9	1362
0	0
0	0
0	0
0	0
5	22
209	0
0	4
0	4
2	4
0	0
0	0
0	530
0	23
0	39
0	28
0	39
0	512
0	530
1	556
0	361
9	465
115	465
42	418
0	388
0	412
0	91
209	91
0	0
0	0
223	5
78	15
0	15
191	139
2877	0
0	35
1887	3
0	319
0	268
296	1107
5	1027
0	58
0	58
0	1146
2593	1146
3	108
0	55
0	108
39	228
0	228
24	6043
0	79
4	4646
58	2749
3905	14241
0	7647
6	6126
19	6818
0	4008
2776	0
468	687
1495	687
5139	4
19	1007
0	67
0	987
134	1014
2632	812
60	812
160	519
51	519
34	205
0	125
0	35
130	77
31	0
15	0
545	927
0	138
260	254
0	119
0	71
1469	297
0	297
1	195
3360	4024
146	1907
10	1553
0	871
1320	736
0	2234
53	12
1	12
0	100
30	81
0	389
17	411
220	133
0	125
0	129
107	0
0	0
0	0
637	488
234	1195
0	305
34	424
1	65
26	91
0	24
7	24
0	24
19	0
0	130
33	3710
124	3710
38	0
0	121
323	121
0	1224
16	2094
3074	2094
0	9
66	82
0	82
0	112
0	54
0	1820
4	2749
0	2050
0	78
0	84
7	75
0	168
58	298
735	256
0	256
56	764
0	764
0	763
0	0
0	0
2694	699
0	417
0	418
146	500
0	500
8	2874
0	859
630	4890
0	2170
1	4
4446	1
903	42
533	0
1460	0
1028	0
0	1324
580	4838
360	4838
0	0
0	23
0	489
3	489
0	486
185	554
112	554
55	96
79	30
808	549
8	131
0	418
3179	10993
110	5455
3	2087
220	2190
0	1665
487	1665
0	0
0	0
42	35
0	35
0	54
0	42
0	54
0	54
0	0
196	0
67	0
0	1236
0	2572
752	2572
5	0
30	0
1341	8820
921	8820
0	27
1	27
6	0
0	135
957	135
82	90
277	90
0	183
6453	185
642	0
0	78
1	114
13	114
61	0
0	509
211	567
6070	5
2167	198
0	198
0	31
18	31
0	1926
1857	9651
7	183
6	183
0	11
480	0
1456	3373
0	187
0	17
0	3356
2409	1495
0	1493
971	3
0	3
0	3
0	0
7	3
377	0
7097	4
0	4
0	4
0	35
74	48
0	13
2	1325
284	2961
0	1872
200	2856
0	2065
0	176
2	130
131	2065
0	1
0	1
0	3
0	10
0	10
0	31
0	31
0	31
0	28
8137	1467
0	1458
77	0
60	0
0	5
0	0
0	1728
0	575
0	802
0	239
0	1489
0	1745
0	0
0	0
7	0
0	1451
0	1451
11087	2
657	1109
740	2546
16376	10
126	2410
0	2410
1	510
1	474
0	492
3377	9660
0	9660
347	8935
0	0
2	0
117	4618
0	350
0	3044
22	4606
3965	241
0	627
1	9138
0	6635
2396	9766
0	381
1066	253
0	401
0	2525
480	3463
0	3823
0	3619
0	5
0	5
0	0
2	0
1021	707
0	707
0	83
5	304
0	304
0	98
4	120
0	57
1381	156
5	546
0	106
29	541
62	0
0	0
0	5284
0	5103
30	5267
0	0
1	73
451	4
939	0
42	0
2640	2525
0	2143
159	1218
7	47
0	52
0	438
1101	1065
13	0
0	13706
0	13338
0	13
46	79
0	79
0	90
0	0
0	91
0	91
0	289
42	317
0	317
25	0
446	889
0	31
35	105
8	208
27	211
0	98
0	3
435	0
0	122
1	89
1629	739
16	665
29	39
0	39
0	63
125	63
17	10
0	10
0	1685
359	4231
290	4260
0	4296
0	673
0	635
0	27
0	61
23	566
0	167
1306	342
0	4
0	4
0	4
857	10070
0	8646
598	1007
22	1007
63	59
1341	2924
7	238
9609	4
603	632
0	632
81	3
5986	8
191	0
0	480
476	679
0	601
0	649
2378	0
1115	1526
0	1796
0	1880
0	2083
1422	2
13	0
0	169
438	279
0	230
0	0
0	0
0	0
7	5
0	5
13	0
0	2
0	2
61	2556
0	2556
0	55
0	55
0	5
0	5
113	17
0	92
0	54
2833	119
250	792
0	123
0	23
632	776
0	1638
610	1686
38	1020
0	428
0	428
0	21
23	199
8	199
348	0
27	76
0	76
59	315
0	9
2397	78
0	67
0	25
33	25
0	3
4	0
0	188
11	199
0	123
4	139
0	161
0	164
0	191
0	125
0	0
521	569
0	569
149	11760
0	11760
77	263
155	0
0	0
0	0
7	39
0	39
21	0
62	1709
0	200
3	1710
739	1696
0	797
665	1495
655	0
1556	0
0	0
0	0
0	592
0	18
56	144
0	102
969	102
0	306
5	306
0	103
10415	6
1048	4
2854	0
99	209
236	1103
6	1103
0	1
0	44
5	44
0	44
158	0
0	77
0	648
0	151
25	606
149	0
178	1378
177	65
0	340
0	354
34	1819
0	1683
131	1073
0	1072
45	204
0	204
11	161
22	405
38	469
0	460
0	13
0	13
166	143
0	143
9	0
0	2
0	2
0	0
27	0
0	991
0	323
7	751
13	1504
35	1412
0	321
0	3017
0	540
12	50
32	4305
0	4433
4	0
15	0
5242	6
0	0
1	0
790	199
44	0
4490	3
1	495
0	111
606	175
12	320
0	126
0	335
5	325
175	0
2	18
0	18
0	0
0	14
0	14
4172	3
657	11861
476	11861
0	188
0	3468
0	3519
0	3422
235	3288
565	0
169	1659
52	1659
0	620
7329	10
77	8465
3123	8467
0	971
111	4
343	0
54	1144
3	1202
0	1144
1140	1
1	105
33	105
47	200
0	186
474	243
0	211
1438	0
36587	18111
0	18093
0	859
134	753
0	1100
0	819
0	567
0	322
0	2838
0	2600
0	2321
0	2409
4	17
0	17
3000	19554
0	19552
1027	538
53	531
2	1
0	1
174	1279
0	1279
0	10734
0	594
0	10397
39	11164
4	9888
0	3686
255	3686
0	1706
306	1845
76	1821
1828	200
4	197
0	0
4	6
7	3769
0	2423
0	1443
3194	3567
229	10
361	1
725	729
2464	8
2918	4
997	681
36	681
1005	0
48	1478
0	86
19	1443
0	1038
0	8
0	1028
0	1207
0	0
3571	1
56	176
0	1523
35	1278
34	1579
0	0
3822	5163
9	4
0	5163
1223	911
519	596
1319	5
0	5
0	524
6246	525
3972	11
0	0
0	0
14	340
0	340
390	788
0	5835
0	987
197	6398
544	6399
47	11
0	11
0	39
0	0
17	39
0	0
0	480
6	4833
0	1236
4393	4847
0	251
10	251
0	406
296	439
4	3271
0	361
4180	5926
0	3417
1759	6
259	0
0	10
0	0
1297	66
10	56
1900	808
0	806
0	793
245	0
109	0
5	11
0	3
0	0
0	0
0	0
1071	1127
2	24
93	33
0	31
0	218
42	218
0	0
0	820
4144	53565
0	5059
6224	44175
10	2959
48	10605
42	9
57	0
28	400
0	211
0	7
105	209
0	95
159	0
758	5982
0	113
44	5869
0	4019
3468	4019
261	3
0	72
0	96
79	171
0	243
0	137
2509	2264
312	2263
0	770
0	1603
382	1534
574	2063
200	1604
115	2242
11	201
26	2256
142	494
107	494
0	323
0	1
100	323
0	0
0	0
0	21
0	17
0	14
1	43
13	407
0	407
0	369
6911	1008
0	1000
0	331
277	573
0	848
0	1646
75	1563
0	561
2385	561
0	0
0	0
0	0
0	0
0	317
3	4454
0	5538
25	5544
0	5580
0	49
26	73
0	0
0	0
0	499
0	257
463	5007
35	5128
51	249
0	1061
853	1061
0	2479
0	1100
5	2609
742	11323
0	1650
0	4343
4	11318
3570	3
7	0
0	0
63	173
0	8
0	451
200	942
142	1176
0	523
3143	5
979	652
0	30
285	30
5	0
7393	13
6	42
0	42
8508	11
0	30162
20	21429
0	25947
2868	50418
0	29210
0	21326
727	0
0	74
381	77
0	0
0	0
0	0
0	0
0	0
0	0
0	23
0	155
0	13
2	143
157	389
0	150
0	525
0	261
0	687
144	378
0	403
919	2739
0	727
0	114
0	17
137	128
2	26
0	10
0	0
0	813
1988	813
1997	0
0	0
594	193
0	193
2831	0
105	8
0	8
0	79
1	1259
682	1259
302	5390
0	1939
0	3606
0	1892
2207	0
0	238
0	112
4	697
10	804
1282	1
763	0
0	2
4	2
509	4
157	209
0	82
0	126
0	35
0	0
115	0
16400	1135
502	804
9	1429
0	1427
0	1082
89	801
784	198
0	92
143	381
24	381
126	141
0	134
0	149
132	161
199	0
0	0
0	0
0	0
0	0
3	99
368	325
6	325
0	391
0	89
241	415
83	216
0	216
5	216
13671	10
149	798
0	144
330	741
41	5
0	4
0	0
0	0
427	2
0	2430
15213	27559
0	1771
5	10664
0	10935
0	10697
0	26414
0	0
8	1
0	0
940	875
0	875
354	5633
0	4554
0	4369
6	290
0	1031
72	4330
1098	638
2551	0
934	98
0	12
0	0
45	12
40	115
125	252
0	249
214	0
0	99
0	99
0	0
85	130
0	130
0	351
1029	2224
29	69
0	0
0	69
4429	7
774	753
15	291
0	687
151	0
618	0
0	0
1241	0
18	0
0	0
0	0
0	237
1243	2372
0	1312
1	1060
2	853
30	340
0	340
0	2362
1621	11837
0	11717
0	0
0	2
0	2
370	490
0	274
382	2412
0	375
55	2026
0	2012
0	2016
0	0
319	0
0	19
0	7
0	19
0	168
197	403
0	344
52	237
5	127
27	206
1124	660
18	131
17	29
0	19
0	0
3	21
0	22
0	20
4	24
331	37
291	288
0	14
0	18
0	266
3049	201
44	199
5	0
7318	0
39	968
18	963
0	2006
0	2067
0	2049
0	1058
0	2006
44	316
12	33
424	5335
0	187
38	724
1	5
0	5
0	677
1381	677
41	36
48	53
0	253
0	370
591	401
3332	1257
165	575
0	575
196	0
346	0
10	109
0	99
0	112
0	92
1943	446
122	443
122	8506
3143	8053
20	2415
37	2419
125	362
1028	362
118	640
0	322
1911	1844
0	1681
0	1652
0	1645
0	1
0	1
1435	2591
0	2591
858	103
0	97
0	983
0	143
3	1015
2438	3761
58	32
0	32
0	0
3	0
0	3
0	31
75	1511
59	1511
1149	1
437	2
0	12
198	59
2	47
0	0
0	0
0	0
0	0
0	0
0	0
0	0
0	0
0	0
269	183
0	183
301	0
0	0
0	0
1569	0
3760	5
68	106
3	102
6	7
718	18
0	18
868	872
498	388
0	4
43861	71917
210	3928
5	7288
0	70915
0	0
9	0
394	0
375	9
0	160
815	160
159	2887
0	130
0	2
0	2882
169	2744
28	49
156	274
0	289
618	1
192	612
0	0
0	0
227	1046
4422	1053
0	0
0	0
0	0
0	0
1158	2068
0	0
534	864
0	863
217	0
223	1149
176	1611
0	1608
0	144
0	109
41	1250
0	1250
423	10061
22	3805
49	10061
238	0
0	0
0	1
0	1
0	1946
2767	4019
12	3968
0	2584
0	2873
0	2740
13204	7
0	2
1725	203
0	200
50	37
0	0
0	0
218	417
738	1116
0	182
3539	6
0	0
11	239
15	226
23	13
404	85
19	51
0	44
0	19
0	21
36	1736
0	1156
7	117
4	1327
0	1612
758	1612
0	61
289	110
0	72
0	1421
0	482
2524	1421
0	117
0	155
62	218
328	0
0	0
0	0
991	164
0	164
44	38
0	38
1983	1484
0	1744
14	0
1714	929
11	5
0	4
0	1
0	0
0	0
0	0
0	0
0	0
3	30
0	333
179	333
745	691
0	45
20	691
0	0
8	28
123	155
0	3
0	198
30	191
0	183
119	302
0	302
775	264
0	228
2	4
1872	1
6	970
0	62
0	416
0	1136
162	1136
209	2478
0	2478
712	387
0	1
0	388
3	49
0	56
0	47
0	74
0	63
51	74
25	0
7	0
135	82
2	718
440	1571
0	40
0	40
519	2
0	0
33	51
0	31
9	61
0	34
3050	17
0	13
1	1381
0	1282
2149	0
0	0
0	0
0	186
13	186
0	6
0	6
0	1010
545	1010
4387	4
0	0
92	0
63	272
0	164
0	0
0	0
0	58855
467	60745
0	27226
84	0
1	264
0	264
67	0
79	0
0	6
29	65
0	59
7	0
69	0
2	0
0	0
0	0
0	0
2067	2920
61	2920
65	45
0	42
1672	1483
0	1482
9	78
0	78
418	0
13880	6
1740	1898
13489	21
1156	0
666	2705
4	202
56	0
158	86
174	49
0	49
4376	4059
282	2266
0	2282
256	2321
0	2421
0	2342
0	0
0	0
1	0
0	159
34	133
0	514
2877	514
0	58
0	0
0	0
15	0
93	0
520	68
0	0
8	0
0	0
12581	2575
5	1731
0	360
870	314
0	3
0	5
14	0
519	0
12	525
42	80
0	525
1486	842
11	1
0	838
764	3457
0	3321
770	780
0	69
10	13
26	91
123	3153
1069	3178
1099	2088
0	84
0	2086
1574	768
0	768
843	1721
0	1721
1	2137
596	2137
0	0
575	0
0	7891
8114	39517
0	39472
0	638
109	2476
0	2476
290	3115
3452	3115
15000	9
6260	4
0	0
0	0
0	431
0	279
321	7163
0	527
1	7163
0	59
26	149
1600	115
0	0
0	0
2798	0
0	29
114	36
0	36
0	36
0	5
27	0
0	240
0	240
0	0
178	0
0	0
3	0
378	1859
39	1720
146	2416
42	2548
0	2434
10	932
111	460
16	431
119	1991
2	2632
4	0
0	23
0	2
0	0
23	23
43	787
0	773
0	39
0	133
422	156
0	89
21	61
265	0
4	13
0	13
0	6
0	2
0	0
0	14
6	98
6	98
0	0
0	0
322	0
328	6957
63	6957
2221	0
0	50
370	50
733	0
235	579
0	517
0	522
23	35
0	35
18	1
618	0
1389	1103
3	1099
0	0
364	0
0	0
0	0
0	0
925	703
0	660
0	43
7	0
2400	0
9	312
112	312
12	109
43	264
0	263
53	204
1191	0
1692	239
12	239
64	4025
138	2672
2245	1945
944	2
176	0
21	1969
0	697
126	1969
0	20
13	44
30	32
66	92
0	6
4	1
1	1
0	96
108	96
9232	5118
0	964
45	4927
5	4951
2	4887
0	102
13	102
4794	0
3	23132
0	10244
89	17740
2779	23134
2	366
0	95
25	817
41	739
6	689
2997	0
0	3
0	3
0	3
0	0
0	0
55	0
573	1871
0	1871
0	0
0	0
0	123
315	123
2815	4
10	60
4	99
0	121
0	135
0	135
0	534
18	720
6	720
172	0
0	8677
0	6316
0	8084
2769	12110
620	2
153	100
191	5
0	5
4889	4
14	10
0	3
0	0
0	0
0	0
0	0
3	14
0	2
0	1
0	1
0	14
9314	7
609	1401
1	677
0	998
308	1429
0	706
0	1436
0	0
98	0
0	179
0	175
3	176
4	0
82	7
0	7
20	1114
24	1000
6	821
9	263
17	254
1772	1502
21	1501
18	95
277	135
0	101
0	0
0	0
49	0
151	0
51	0
47	0
12	1014
0	3
7	1073
0	1089
0	578
262	0
41	15
0	15
636	0
2326	4
0	98
0	5
1836	1945
0	323
4	255
177	1910
4	0
52	0
855	0
50	3252
0	3247
0	3299
235	205
0	204
0	152
0	407
2	301
1	1469
147	1520
59	81
3396	3
281	648
32063	678
234	0
0	1378
50	1585
34	1593
398	260
0	260
0	0
6569	7
350	675
0	7
0	7
70	123
79	216
0	216
4	439
0	18
32	271
0	96
0	137
53	658
0	624
20	680
0	0
0	0
0	0
1521	4632
0	4632
189	76
0	0
0	17
0	17
62	0
0	0
0	0
0	1003
601	2615
0	2615
0	31
23	31
170	0
1256	0
70	1217
2457	1222
308	252
0	21
41	121
0	62
0	121
0	121
68	123
382	348
0	15
0	2
0	2
6	0
0	2
0	342
9	1527
43	1577
4	1459
17	1409
492	0
0	0
0	0
0	0
0	0
8	4
0	0
0	0
0	0
422	211
0	211
0	0
36	201
0	10
6	201
457	910
0	3230
53	3542
0	3707
103	3705
0	0
20	41
0	41
19	572
0	65
11	83
0	68
0	35
0	559
13	0
1562	188
0	188
352	0
0	1972
0	3199
225	2290
13	3205
7967	116
0	108
0	631
881	635
1353	464
0	97
38	97
37	0
4	0
0	0
534	0
1	91
0	217
0	281
25	403
50	385
0	0
130	0
7428	3
689	0
166	0
731	2077
2	2077
129	62
0	871
1586	1745
0	1407
277	940
0	940
2733	2362
289	246
41	246
191	0
44	14
0	0
9	6
0	6
0	6
0	6
0	0
0	0
0	53
357	401
0	376
18755	6374
379	830
0	826
380	157
0	157
255	0
5039	679
0	94
25	22
0	22
0	0
0	67
3	108
1	99
662	221
6	206
94	81
52	3543
369	3545
801	0
283	0
1321	7
1615	2
0	0
672	3806
0	3492
0	3180
0	2897
6	3497
0	3178
283	3265
6	3981
11	3471
0	1
0	1
0	0
743	364
0	362
54944	5085
2704	0
522	94
267	582
0	582
0	0
284	154
1	0
4788	3
0	0
65	3010
35	3010
0	2142
206	181
0	14
106	30
0	30
0	0
8426	11
0	0
0	2354
0	19660
288	55332
8	6643
0	16861
15	49550
0	717
1136	2058
0	1627
0	2058
30	2201
0	345
0	316
3398	2191
0	0
3994	0
94	149
0	0
0	0
0	4598
1801	4598
0	0
428	0
0	0
2	2048
13	1719
156	0
0	324
0	1526
36	1526
0	0
0	0
1496	150
5	150
564	2155
0	212
0	2031
148	311
0	309
411	0
0	154
0	69
0	93
0	24
0	88
10	0
0	543
0	552
351	7494
72	291
4	7494
0	64457
2337	89083
10	40347
36	41
0	26
12292	9
365	428
23	122
0	112
0	122
0	96
0	342
91	477
0	129
0	469
241	941
0	1053
6	665
87	56
0	12
0	25
0	19
1260	6
6	5
121	905
0	361
0	249
0	850
955	1
0	1241
172	1241
0	0
5	0
0	0
0	3
0	1
21	3
2527	2917
0	2917
0	0
362	473
0	473
11	3
0	554
0	3
4	0
2	34
0	93
8	2461
0	5
3	2456
1269	0
1	12
0	12
75	23
0	23
0	43
1230	1178
0	4
390	634
0	6
101	1
0	634
137	385
3	385
0	0
9	0
0	0
0	0
7	32
0	32
0	0
0	780
0	971
74	293
266	3714
0	3790
0	41
11	74
8	33
0	2
0	17
0	9
0	5
0	20
5	87
0	0
1844	1633
0	1631
0	1631
0	1631
0	1342
0	1640
0	0
0	3
0	3
0	3
0	0
437	0
0	65
0	0
0	3
0	935
0	677
0	23
0	209
0	209
1001	0
5	0
99	5196
0	3412
59	5196
13	8
146	0
0	1022
718	1022
194	321
0	321
0	0
1987	0
132	0
1281	0
0	692
1858	1574
8	1641
1	0
7	13
0	13
263	409
198	411
1483	721
0	721
418	0
0	0
0	0
0	358
0	365
0	220
0	201
0	98
0	2766
0	3453
0	3412
0	3453
9	20
69	2554
0	2534
0	149
128	8013
0	85
72	8397
0	4957
0	130
875	330
0	268
3548	8
181	80
0	25
4	55
0	0
0	320
42	353
1	349
0	0
0	332
0	332
4376	0
0	2300
3494	2300
0	2300
1251	3
2132	62022
87	62018
0	189
15	171
802	1562
57	1419
129	12
0	12
24	169
0	0
0	169
1653	1071
14	1028
15	128
1304	128
0	0
0	257
168	3724
0	264
11	719
0	718
8	574
14	525
58	3678
44	0
215	1323
3	1323
75	0
25	2206
0	58
564	2157
0	161
4	233
0	711
9	715
0	713
6	747
0	719
5	86
1961	724
3364	2
0	0
0	0
0	66
0	65
0	52
0	76
0	113
1	20
203	412
1676	6
9	0
769	64
0	64
1081	180
36	178
0	831
81	4981
18	5101
0	0
0	0
0	0
0	0
0	0
0	0
0	0
0	0
0	0
5	359
422	359
0	0
0	0
4	0
0	4
0	0
0	0
0	4
1024	9415
0	918
99	9797
1603	0
38	91
15	0
0	225
2	199
83	927
754	0
639	1555
411	508
131	0
1020	0
79	235
0	213
0	0
0	0
0	16
5	11
0	0
3	48
0	63
0	47
0	63
0	0
0	0
5	3
844	0
5951	35759
6943	35770
576	0
136	617
1518	617
0	6
2782	0
332	0
445	0
4	67
0	0
45	47
0	0
0	0
234	0
0	244
3267	1251
24	518
0	1007
0	177
2220	1
1716	2187
53	48
0	1914
0	1933
1771	261
0	1867
6	1683
367	0
0	0
864	0
9531	4
146	127
0	54
4969	295
0	290
23	0
0	0
0	318
0	681
668	2372
0	2372
1186	124
0	124
436	0
2011	0
0	8488
24971	33865
6020	2692
0	8
0	6
1376	0
292	1743
0	371
3	1164
0	151
0	714
51	1848
12443	9243
37	1547
7	9229
40	19
119	12
0	6
0	6
0	0
530	0
0	0
0	7
8	52
0	0
15	14
40	1629
0	0
1	0
10222	211
0	205
2050	2053
0	2053
0	406
50	219
1459	591
3837	1
1927	4
28	0
0	22
537	385
0	6
288	709
0	273
0	420
0	0
277	369
0	368
4	8
1738	1
4	0
619	0
29	0
27944	13
0	51
147	51
0	14
592	484
0	401
1094	1
30	199
75	274
738	316
9	4934
136	4934
114	789
0	184
0	91
0	63
7	801
963	186
0	29
1110	0
10210	934
38	436
0	1239
25	714
13	3113
10	813
12	404
0	810
0	386
0	668
17	35
0	18
6	3234
0	3148
0	3194
0	3166
132	0
187	557
0	0
0	557
0	2
0	12
0	72
50	157
0	0
9	59
216	492
0	487
2	488
40	20316
9	19667
10	16984
0	16813
531	10
3	10
1739	1282
53	1282
2200	6
0	0
10549	0
52	10
372	2114
527	19
10	4392
1	3936
696	0
0	8
3	8
63	136
405	132
12	1357
241	1357
2773	2557
95	3426
77	3283
43	110
0	11
7769	4814
0	4814
0	18
0	0
0	18
13742	3272
0	1832
0	2044
9	0
6	23
27	23
9	11
20	11
0	134
45	176
224	48
6	1911
3	12
169	1404
145	1404
166	715
1014	715
2530	0
5	169
0	186
51	154
255	180
6	162
0	134
401	3596
35	3596
2487	209
4	3
90	0
52	0
492	1
6	2013
0	1166
0	1968
466	2429
35	549
77	0
0	436
0	111
0	386
22	436
3	4
0	0
2959	0
10	0
0	0
0	0
5859	4338
0	2
1	0
0	19
0	19
38	2035
0	1352
0	1267
0	0
0	0
0	0
88	17
0	17
52891	1805
0	1784
0	0
8648	7
71	0
64	0
0	3912
6751	5084
0	5080
99	91
18	91
1741	607
0	603
45	0
113	0
0	295
0	128
2	547
58	547
0	109
895	0
128	0
37780	54097
2503	14840
115	45022
5702	5
1372	0
19	258
0	247
0	274
6608	856
1	850
4	19
7	19
18	0
28	0
1517	1799
40	221
30	144
89	1475
0	0
525	277
0	277
0	0
0	0
4	66
33	66
212	19
0	19
0	0
0	0
79	273
0	273
0	240
2097	40022
0	208
11	3644
0	163
0	2415
46	40876
39	0
1	107
38	107
13	1701
0	1002
0	1093
0	991
0	35
0	30
0	669
0	178
0	135
11	675
150	124
39	43
0	100
0	0
0	0
0	0
0	0
0	0
56	36
23	194
38	194
103	0
4482	2
4615	5
0	0
1	0
16	158
0	8
0	237
0	234
0	0
527	4593
293	4593
0	0
27	11
216	0
0	0
0	0
0	1092
4	76
0	345
8	428
37	7117
0	7125
0	7249
189	3236
0	2767
0	45
8	45
0	22
835	0
0	1732
0	1079
0	1066
0	62
0	1011
0	0
0	0
0	24
0	0
0	11
0	0
167	3248
0	157
163	11996
51	11873
106	70
0	2
10	70
5307	4545
0	4544
0	3570
7735	5818
0	5817
1330	1811
0	655
0	1145
28	5346
2	1034
0	1509
0	589
154	5365
8889	6
54	101
567	2386
0	861
0	466
0	1638
0	1726
0	6
0	6
0	0
81	74
0	64
0	57
0	64
92	754
320	754
0	66
10	224
0	24
166	198
0	23
0	4
113	109
0	3
0	8
0	331
21	331
1206	1006
0	24
7	9
18	33
0	0
14	42
106	283
44	283
708	824
0	1097
180	4292
0	1421
0	3989
0	0
406	387
0	387
1604	2151
204	703
15	475
0	47
466	763
0	130
0	683
0	3
73	3
15	1
0	1
797	181
9	25
0	64
0	139
1	0
0	139
0	4
298	421
8	421
193	1
0	0
2097	0
66	0
0	0
0	0
984	8109
0	200
0	1735
33	1696
1471	10453
0	0
0	0
20	0
1	0
0	0
0	0
36	0
0	0
39	0
6	6
19	0
0	674
1600	1536
0	1761
2209	98
0	96
0	0
1458	0
39	0
103	215
11	233
145	124
59	350
0	318
126	318
0	0
0	0
0	0
15	0
969	1753
0	1753
0	0
0	0
0	0
0	388
671	389
20	176
28	176
0	0
0	0
0	0
0	0
0	0
0	0
840	338
40	5
35	0
0	0
0	0
7	28
0	29
129	6181
0	6100
0	2337
0	2474
0	2349
0	6028
0	0
0	0
0	0
0	59
0	218
0	120
52	13459
0	13649
183	1142
3	1142
0	12
98	0
2276	8
0	22
0	21
15	36
0	36
0	36
0	56
0	56
8	0
296	60
0	60
56	3076
0	3076
6	353
0	55
0	2518
183	2518
0	0
0	0
0	0
195	5
0	0
0	0
26272	3
12	6
52	55
0	55
0	17
383	17
0	0
1	0
395	0
126019	26020
6	5617
262	903
0	903
970	0
0	64
0	58
7	64
84	675
5	119
0	423
532	8726
2718	1240
4260	7488
0	0
0	0
0	0
0	0
0	0
541	0
24	4
0	4
19	0
0	0
0	0
0	0
0	0
8	73
0	33
1106	407
0	153
0	254
0	30
0	30
0	0
2253	732
41	184
3	595
4	27
12	269
44	372
2846	444
114	515
0	515
450	2141
32	2332
0	1430
0	0
0	0
0	0
127	0
861	4287
18	3986
0	3670
0	3858
259	1980
1	870
0	1863
858	899
0	173
0	808
0	0
0	0
0	0
0	6
0	0
0	4
12	10
0	0
0	0
54	413
3	341
0	30
0	93
0	334
0	413
0	0
0	0
7499	1856
0	1503
0	1612
0	1767
10	73
0	6
314	844
16	48
0	7
8	240
0	296
90	512
0	510
0	513
0	0
8	145
0	89
6396	6
0	553
0	408
20	553
0	13
0	12
0	24
0	24
0	1845
543	1846
7571	2
0	0
17	416
0	0
0	128
150	408
11	0
150	19
0	19
2085	566
0	566
0	0
0	0
0	0
0	0
0	0
3	433
0	112
2589	3098
0	2986
97	0
0	0
383	0
0	0
54	885
10	626
1	849
55	192
0	192
418	1363
130	1362
0	0
0	0
0	110
0	365
0	818
10	154
4	228
0	985
1	885
61	170
0	74
354	935
0	7
0	0
466	0
504	827
20	32
17	155
336	983
2028	2
63	11
0	10
0	10
0	0
678	0
23	93
0	90
0	90
0	0
0	0
403	9830
7099	9832
167	5135
0	143
0	25
51	211
0	5122
0	5020
680	1221
40	1207
0	509
3	15
0	0
3	0
0	0
0	0
8	0
16627	683
0	657
73	0
1185	1671
46	16
0	1668
13	283
2919	283
49	0
4	56
6	56
0	0
68	960
3	137
12	2081
0	2083
0	2087
0	2081
0	2081
0	2087
0	314
404	2608
11	2608
18	1198
44	61
86	61
0	0
36	2
5	7
0	7
178	313
0	313
8386	0
333	0
0	818
1818	1539
0	94
2851	5
424	488
0	488
0	367
0	0
0	0
0	144
100	242
142	242
0	117
7	134
1627	134
12118	1897
21	1890
279	5826
0	15
36	5811
1243	0
5	693
0	13
6	693
0	0
0	0
0	0
0	0
0	0
0	0
0	0
0	0
0	0
0	0
0	0
0	0
0	0
1954	0
0	0
0	0
0	0
0	0
3298	2
1505	3062
55	203
0	0
0	0
0	0
0	0
0	0
5979	581
276	0
145	0
909	0
0	1
0	1
0	1
0	1
0	3
1307	0
741	305
15	9
0	305
81	111
745	0
0	0
0	2
0	15
0	69
4	2
0	8
0	8
0	16
13	76
0	61
4	61
0	54
0	215
0	10
95	1858
5	1937
16	1922
678	14
44	43
1	43
0	135
0	18
0	498
7	498
0	9
0	3
0	6
0	577
8	577
329	2291
110	637
182	2752
0	0
0	0
20	660
3371	660
0	43
274	333
0	3
0	0
0	0
0	0
0	0
0	0
218	72
0	9
0	51
3	26
2806	2
143	1094
0	63
0	678
0	1084
126	410
21	410
1	0
88	192
2004	79
46	271
2844	1540
135	210
0	210
0	0
942	0
0	0
1819	0
0	259
4	399
483	1080
405	4253
8	4253
56	266
0	208
0	266
17	266
408	1
194	367
4083	5
0	87
138	87
0	0
0	0
404	0
0	0
0	0
0	0
0	0
17	58
0	0
0	51
0	0
0	0
7	0
27	209
2432	209
0	122
59	122
11	340
1341	417
12	416
0	0
0	0
51	9
0	0
0	113
0	105
0	66
0	605
2893	1011
0	627
13	604
0	146
0	243
0	389
0	520
0	553
0	0
0	0
4	433
0	202
37	55
39	745
0	55
0	745
59	0
2289	369
0	369
23	94
0	0
457	94
85	22
2	19
475	384
0	242
48	0
103	83
180	83
1425	1
0	143
0	86
42	33
0	33
0	33
79	568
0	568
1101	326
5	41
15	262
0	48
0	1421
0	1245
6	0
1157	963
0	962
1358	0
0	0
175	0
12	0
0	0
2	285
37	584
0	0
40	0
1287	405
0	405
3018	2635
0	2635
4	3
2	3
0	0
1091	1187
2	1186
0	360
0	0
7736	2
5	0
0	0
7	34
0	25
0	9
255	887
10	86
59	1268
21	1316
0	890
3694	431
3500	8
5567	0
0	11
0	11
0	116
0	3
1037	1817
0	1678
0	30
85	0
380	679
0	566
0	571
0	551
0	586
218	728
0	2
0	0
0	110
97	110
1590	354
0	0
7	4
0	179
0	179
30	299
0	279
1428	0
5	722
14	2287
93	2287
580	0
63	156
25	156
0	125
252	815
0	221
966	815
239	118
1	0
0	0
1947	0
0	78
7	185
0	15
0	2623
5	10029
0	3110
445	10460
1330	1
416	780
37	5062
31	4984
0	36
0	130
14	6181
7632	6188
0	1203
83	1203
0	0
0	0
0	0
0	5
14	5
37	0
39	256
0	15
2	113
0	117
1	139
0	0
0	14
20	241
0	21
0	14
7	477
10	36
0	7
0	5
6	11
0	0
234	436
393	17718
25	21
50	10304
0	10292
8	260
0	260
178	1709
12	1709
0	401
0	8
1684	13
2383	0
0	0
0	0
17221	36744
12	13169
0	8602
0	11851
16	18108
259	24413
6942	130127
0	16325
0	18864
102	130125
59	257
0	320
24	0
2	3
152	17867
447	17749
3688	1
55	753
0	753
0	721
2	3
0	0
97	1463
107	336
23	171
111	909
78	374
103	909
2741	1246
0	1242
0	6
33	6
726	182
2	182
10710	10776
0	9897
0	10143
297	17841
213	0
17	35
7621	13
4	0
22718	6024
10	6013
0	6
78	6
182	3938
1	661
0	3997
6279	864
0	850
46	11
346	9166
0	8441
0	1341
28	180
0	0
26	180
191	388
0	0
0	0
0	14
0	12
0	499
5	180
1	267
164	1890
0	727
18	1864
3	0
21	5
0	53
0	53
0	44
0	13
0	8
0	30
4974	7
0	685
0	685
493	73
0	73
12	244
8	459
190	324
0	28
2370	134
75	201
33	331
242	0
368	618
0	349
26	631
6	632
235	557
4	5
636	8
119	68
0	68
0	8
0	8
624	3809
0	3809
1607	1
655	141
0	141
6	0
50	196
0	196
474	0
1	0
0	66
0	52
0	41
1	52
486	52
7876	10
148	505
0	389
0	371
4572	5887
0	5829
0	3099
0	1270
159	1197
0	1209
0	0
56	251
0	4236
0	1867
0	4279
39	4340
978	135
0	99
0	91
72	2875
0	2875
445	5
0	0
139	0
0	0
0	87
4	87
0	72
0	0
86	1062
0	1062
93	532
275	1893
1	1893
889	0
0	0
0	0
17	165
378	196
0	192
0	126
1247	126
0	0
0	22
413	5199
9	5199
0	102
0	2360
40	537
2	3192
0	3092
0	0
0	1619
1	620
31	239
0	3474
0	3244
112	2791
457	0
1	0
8	0
0	0
9322	2703
0	2695
0	385
957	6238
135	11254
1	2628
0	206
0	6009
0	10755
47722	44358
0	44343
35	0
0	1030
53	1030
0	12
0	12
0	12
0	344
0	361
17	13
14	361
265	0
17	111
3	111
60	896
0	876
0	880
4	856
3	1979
38396	2005
0	5
2	21
11	21
21	0
0	95
0	95
253	0
91	708
28	106
1389	2474
33	2474
14	161
0	0
356	2574
0	2536
0	2235
0	2413
0	2025
0	2025
2810	0
3259	2525
33	2518
1663	0
571	298
0	0
216	232
8	230
33	316
207	311
124	50
0	47
478	47
0	0
83	0
14	87
0	1816
0	2158
60	5555
5	5474
4313	31602
0	19773
21	13361
0	31121
0	0
0	0
0	17
36	20
0	169
0	160
0	23
60	23
0	0
286	0
0	0
862	1571
3	101
0	1470
29	139
55	139
577	4224
0	58
0	782
433	4175
59	632
44	617
13	284
11	203
0	211
65	74
0	0
0	0
0	0
0	324
32	1694
16	995
36	2000
17	1047
25	377
2	594
0	1841
0	1
0	1
45	0
618	2
219	0
0	428
0	507
174	574
0	327
14	0
158	559
0	559
469	1396
87	250
2	250
48	52
1445	687
199	738
67	738
116	82
8	82
109	1831
225	1835
2629	1443
555	0
0	103
0	107
0	70
0	103
0	107
18	112
969	1
0	0
0	0
0	0
0	0
0	0
11	772
2389	2354
113	730
20597	9
0	8
0	8
534	343
0	31
20	317
2	19
0	8
0	19
35	10338
37130	15254
0	0
32	0
0	15
13	15
0	19
0	73
0	73
0	76
244	6
98	593
0	1123
0	1778
89	6742
39	6146
0	4931
172	0
0	584
3486	4511
1181	4518
0	10
0	10
2603	0
303	8011
21	1115
457	8011
102	245
0	18
0	61
0	245
172	111
10	111
2709	2
416	2763
370	2763
3	2
0	0
598	0
0	553
111	6635
1	6628
0	4393
1363	5
72	0
2100	860
60	860
5	200
8	0
324	0
1410	25
7	20
217	497
0	437
186	437
165	53
47	53
0	0
206	189
0	201
0	46
0	46
0	9
0	4
79	16
0	12
69	918
6	918
0	359
0	278
22	0
2852	2
10	0
14	2510
36	2510
0	1511
0	0
0	0
0	606
6175	1838
0	1825
0	1829
0	700
0	139
0	18
0	379
0	559
0	575
386	0
5	0
11	0
11425	2275
0	2244
981	2505
48	2519
103	128
0	50
89	1444
9	1444
3908	0
800	293
0	291
0	0
10	69
0	5
0	5
0	62
103	73
0	5
0	5
441	0
0	0
0	0
0	185
0	147
938	333
0	0
14	170
6	6
2223	4005
0	0
0	0
0	0
7441	10
24326	19
3812	935
0	177
4809	3567
0	472
0	326
0	3535
45	3758
5195	1
930	0
1458	0
0	33
72	2
0	120
7	122
0	177
447	177
0	79
104	4214
82	4211
3925	492
0	461
26	1370
0	6
0	6
0	0
0	0
0	204
239	204
0	69
117	69
247	0
64	0
109	0
34	357
0	92
2084	582
0	221
0	0
99	507
0	136
0	540
9899	4099
0	1396
392	1396
270	18
2361	2900
0	2900
16	670
2	81
13	447
2	613
4398	2778
0	170
0	26
4	2845
16803	7
334	1568
161	1562
0	914
1980	543
0	372
4342	15269
967	15432
0	1852
0	0
1	189
17	5
5	5
0	1
0	584
7	411
66	584
1175	14693
1175	14976
183	1720
0	59
0	1720
0	0
0	0
0	1387
1609	3139
4	2904
24	2253
0	0
0	0
0	102
0	317
106	741
37	732
11	142
221	142
0	33
72	33
0	33
5688	288
0	284
0	8
0	0
0	0
0	16
0	16
46	95
0	91
2	6
0	592
0	332
0	1408
0	1378
37	6071
16	1011
0	1004
0	1004
125	4991
3416	11779
2	11775
317	3
441	0
0	2855
451	2855
3	305
0	489
0	507
7	881
0	82
15	851
6071	1292
0	492
0	800
151	0
0	0
221	29294
5379	21897
0	17799
6	28876
729	29067
0	35950
0	0
0	1
517	148
0	148
218	275
11	224
1129	775
1796	0
4540	0
75	1340
11	2356
8	2356
0	46
0	18
0	35
0	870
5	870
0	31
1	870
291	479
101	35
56	166
29	1501
89	1501
0	3
0	2
17	1
0	0
27	0
0	0
1967	0
31	891
0	56
39	62
0	71
0	42
12	102
0	0
0	0
27	25
1266	412
243	390
2	154
0	222
0	166
0	292
836	0
758	0
234	2134
13	2202
0	0
44	0
1	0
0	0
0	205
0	203
0	151
5	230
0	178
703	303
0	208
14	193
0	0
0	0
0	0
0	0
1836	1853
0	434
14	3
0	0
91	23
0	6
0	0
1213	3341
0	2599
0	683
156	338
0	2794
163	0
0	2
194	2
4972	2225
0	921
18	159
28	192
0	1907
0	1917
37	2265
45	448
0	448
1873	1373
0	1373
253	90
7	90
1926	0
0	21
0	21
2	0
323	451
1025	742
42	272
2	65
0	57
0	742
1164	658
0	652
6787	4
8	48
893	691
9	691
9	0
7412	5593
415	5593
0	0
0	0
0	1086
60	6214
0	1984
0	3935
0	5400
21	59
6740	2160
0	1936
0	193
0	110
0	95
0	209
0	120
0	1243
105	2047
660	1847
0	8
0	8
0	0
594	11
270	11
10	46
0	46
2175	0
1665	8448
381	3824
552	10825
39	0
54	476
17	473
5	17
0	12
3403	1098
25	1411
2	0
93	651
97	760
7	0
0	12
0	34
6143	43
2	0
0	0
0	0
0	0
48	2
0	1
0	0
0	2
0	2
1	0
4	555
0	300
0	20
0	167
0	476
825	34848
62	583
2933	3
422	126
60	0
0	3702
0	110
20	2535
2	0
378	156
129	162
103	3942
130	2415
4	138
5365	5234
24	2011
0	5171
0	250
173	242
3180	495
0	2
39	172
266	151
0	145
1	5558
0	6257
31	11165
0	7412
47	1903
3	12169
1	8
7	8
1	5456
37	36045
3	839
9068	5473
0	1192
18	5993
6	4957
0	112
0	112
0	23
52	23
515	29
0	29
0	0
67	1229
0	653
0	616
0	530
11	0
0	418
0	675
0	222
1450	1067
19	1
0	0
168	1322
0	296
2118	2240
0	0
0	0
0	0
8	0
0	0
0	0
1056	1
0	1846
370	1846
457	139
0	137
0	139
79	0
19	0
25	0
6	0
948	565
0	60
0	48
0	0
0	0
25	506
19	688
20	674
0	0
57	147
0	144
113	1116
997	2848
1078	2987
14	26
1	2789
0	5
9	2836
10	2836
540	76
868	666
0	111
51	188
382	0
8	351
0	351
749	1
0	0
18	1
31	10886
160	11541
0	21
0	70
0	138
8	59
565	351
60	93
0	61
307	0
1224	565
757	976
47	8
7	970
8	87
0	1861
0	594
8	170
0	1900
4	6489
2	1880
0	6489
1175	693
0	693
1350	34433
406	712
0	712
5303	744
17	24
0	209
0	3
10	788
181	5960
0	915
1944	0
0	70
0	54
0	34
5	58
387	8
0	8
8	19
6	70
5	176
577	477
5	293
426	135
0	13122
50115	13144
0	0
0	0
993	4682
0	0
0	0
0	0
562	5
0	0
55	35204
0	34868
437	33620
587	2764
0	4199
0	4354
0	364
7571	5659
0	3224
0	4649
2	7132
0	0
0	0
0	13
0	13
0	9
0	5
0	8
0	8
5	0
6035	0
1120	1623
11	1623
3	0
384	43
0	0
0	0
177	0
0	0
0	0
0	0
390	3695
276	3695
0	15
0	3
0	12
0	15
0	15
1	0
29	0
67	5043
5933	5045
256	281
591	0
111	2423
0	381
2	1478
0	965
0	1433
14	1478
0	2423
0	2452
210	10799
17963	10808
0	0
0	0
164	33415
0	709
356	740
340	316
0	316
1	0
0	51
0	51
44	153
6	157
0	153
0	153
4112	2472
188	2
0	1693
197	1693
12	36133
102	35872
0	211
34	211
0	199
3537	3215
0	3736
32	3132
73	3738
0	3313
107	3872
146	3998
0	0
324	0
0	33
0	181
58	261
0	182
454	394
0	394
4	0
0	0
15	2100
0	413
0	1765
0	1565
0	1630
1305	29135
0	29135
37	170
0	45
0	170
108	0
0	0
255	0
0	5029
349	34285
188	3826
1	37294
17	10
13	13
0	3
0	0
232	0
0	0
0	0
0	0
0	0
733	2
0	8
0	8
0	329
0	544
1016	4204
0	17
0	4185
0	4204
124	96
97	6472
414	6568
0	7
254	248
0	241
0	0
0	22
0	11
428	33387
0	7
17	7
1	0
0	0
0	1817
0	49
39	192
21	205
505	1817
0	1657
34	1680
0	1037
0	1037
197	739
0	739
100	7
90	39558
18	39352
0	0
0	0
0	0
86	4644
0	4657
0	4457
1579	2
0	20
7	59
0	9
172	172
1594	13441
2	13440
10655	758
0	754
37	43
0	43
0	3
67	3
0	0
0	3
469	0
33	37520
5	37299
0	1298
0	276
14	963
44	1063
440	1622
0	172
95	23
0	23
170	434
0	434
3110	2968
0	2959
41	40
0	40
21	27
528	33409
4	16
5475	1933
0	46
0	1933
201	37292
29	0
19	0
0	41
119	106
0	106
0	449
0	160
711	833
0	544
44	0
309	5264
354	742
11	742
0	7
34	120
96	106
5056	96
156	96
1653	0
695	720
160	721
348	283
179	0
372	606
0	472
0	276
145	405
24223	18
12975	5540
267	5536
0	363
9	94
463	2004
0	1931
294	665
0	665
0	27
4	36
0	26
0	16
44	745
205	729
0	4
2	32
0	0
0	32
0	33319
82	966
0	574
0	447
0	439
20	708
1	574
0	574
348	6528
0	184
9	6528
57	7
0	8
0	3
0	0
0	8
0	8
236	758
10	4975
18	33469
0	4551
1305	4553
0	461
19	453
26	429
4001	1
0	6
0	6
2125	1285
0	1285
0	0
2779	2228
0	2228
26	165
0	165
1283	0
4	217
4	217
24	1435
0	110
0	196
0	1387
37	1484
589	10
236	2469
16	2062
69	0
26	0
0	14018
0	7755
267	14503
0	6961
124	0
22	11
0	11
9	48
75	461
0	273
0	167
0	92
0	525
2	212
13	1714
137	1763
0	228
7	0
0	5
0	0
0	5
0	5
7556	1262
61	84
20	34
8	0
0	34
1043	63
0	63
0	12
1	81
20	108
0	23
8	88
0	251
0	732
21	732
336	346
0	346
0	151
393	151
32	753
0	753
0	0
34	101
0	7
191	287
36	4478
0	48
24	4522
0	627
189	717
33	1056
0	906
18	741
46	1045
0	799
0	1058
0	801
2	311
0	151
0	34
0	29
201	325
5	0
1	0
471	233
0	233
23	0
1114	7638
0	1425
0	466
30	7892
1	147
1535	1351
0	1351
0	266
5153	528
0	527
0	5
0	0
0	0
2965	2253
5	163
22	2251
3	2131
0	213
3	34
0	48
2	108
0	46
750	417
0	1550
0	122
1426	1550
0	853
24	1015
40	3850
27	2949
176	2929
93	0
3	4
0	4
1250	321
0	139
3148	157
276	16
70	0
6859	3
25	0
2104	1100
4458	1
0	0
0	0
0	0
0	0
4	87
41	506
2	98
0	92
135	419
0	182
3616	5
0	35
31	35
96	1
0	1
0	94
6	146
0	262
0	213
368	0
369	168
0	170
4	224
3277	1739
4	1736
0	373
11162	578
762	124
0	124
14766	432
0	419
77	842
14	842
0	124
846	1214
8	1214
376	2063
0	1461
2	60
0	1458
5	904
9	209
0	210
0	208
5	106
9	104
0	10
0	1445
0	0
1452	118
54	376
5	666
0	1867
0	1867
0	0
0	866
14	638
367	1044
0	3314
0	2945
21	3524
645	90
18	89
1650	328
10	325
0	618
2	179
3	839
10	2579
1	2775
0	3341
93	803
407	803
0	0
0	60
7	60
0	0
0	0
7169	737
0	504
0	77
119	261
392	851
5	265
0	212
89	265
2169	250
1226	0
0	0
0	0
318	158
0	158
8372	1457
0	1447
0	611
806	581
24	726
1634	642
122	0
239	466
1	466
0	0
0	0
6	0
0	11
4	11
0	127
1693	128
16947	24
247	336
0	336
647	0
133	810
657	808
11064	1074
0	1071
0	0
0	0
0	0
413	283
448	528
0	528
1551	1735
191	576
435	3872
0	3568
0	2328
1	3801
0	3216
96	0
378	3
0	1
57	0
10934	7
359	1263
0	1263
73	0
789	2834
24	2834
0	260
1447	260
0	131
1577	2312
0	2310
0	6833
0	757
13496	7616
0	777
4	313
0	313
0	12
41	12
0	5
125	5
32	25
0	25
0	0
0	0
1	4
9	4
27	0
0	217
0	217
0	217
0	0
0	0
46	0
819	980
0	977
2353	324
0	184
0	335
6	44
191	937
29	937
1084	810
0	210
18	0
0	0
0	0
0	11
0	0
0	11
0	11
0	11
0	369
0	102
0	48
0	378
0	299
16	372
0	57
0	20
20	370
130	103
0	103
2507	789
41	20
6	20
9973	528
0	14
3	14
239	77
0	77
317	0
60	497
11	463
608	203
0	203
0	1032
216	1032
0	476
0	140
0	140
39	0
0	0
1937	5278
0	5459
0	3425
0	43
0	28
0	44
2	36
0	36
237	0
0	106
0	0
0	159
0	126
0	146
398	138
64	61
33	78
54	0
6	20
1609	427
4156	4
2804	833
142	833
9	37
39	37
610	0
2136	0
0	300
173	483
0	26
447	0
46	19
3005	4021
0	1084
0	2075
12	3788
0	0
0	0
2514	1
0	12
17	723
102	735
0	0
24	0
0	0
0	0
71	0
0	45
0	79
0	79
1549	0
1542	86
4	86
393	0
1090	0
0	71
1	94
177	137
76	0
0	22
7	10
0	10
0	4
0	0
160	453
225	0
6	1
0	0
0	0
0	0
400	217
1322	1
438	0
0	7
0	13
0	7
0	35
0	23
0	6
0	14
0	29
0	0
0	0
0	228
704	1405
0	1402
0	194
11	0
0	0
0	0
0	0
14	746
11	610
0	715
11	13
13	13
87	350
0	22
88	266
0	400
1971	609
0	65
1331	1809
0	1757
15	445
0	103
117	1757
4	17
19	707
377	707
197	1
891	6
17	444
84	444
3112	929
0	36
86	36
945	552
2	552
58	15
6	15
13	2038
6631	2396
0	2273
1724	790
353	620
0	650
0	467
666	468
268	4772
119	4506
101	0
0	82
20	82
0	0
0	73
11	780
199	780
206	365
0	277
0	70
53	70
2	1
0	22
1564	717
0	715
0	299
0	419
8	412
0	391
2325	0
802	0
464	1303
0	1303
0	5
0	5
0	8
0	10
0	0
0	10
45	229
24	229
0	0
0	0
24	498
7	498
4373	2079
0	4364
46	632
170	3671
209	1613
0	401
51	1613
1137	90
0	86
0	992
230	992
4054	4
0	28
33	28
0	1730
6	1796
0	1812
17616	894
9	886
1	594
7	594
42	1360
6	225
0	548
867	3998
0	1085
0	2707
0	34
102	34
2772	953
9	61
0	43
0	77
0	61
763	0
183	2328
178	2328
122	0
162	1893
85	1893
172	64
0	648
473	648
15	4
0	4
10	97
0	100
0	239
0	289
0	309
38	309
0	242
0	257
51	5
0	5
115	3620
6	0
0	665
0	690
0	127
155	701
801	2125
2997	2277
271	2277
12	70
920	1650
0	1553
0	263
0	511
6038	2380
848	2376
11	35
36510	28
82	0
232	3240
0	3326
137	1702
0	1
1500	1
25	44
0	4256
1603	4403
7	2840
600	30409
373	30409
2451	3
612	146
0	1
0	145
15	0
3043	0
748	2758
54	2758
5	325
0	448
0	413
1	279
0	418
0	413
0	448
0	453
0	33
187	1280
0	1608
0	1608
18	1526
0	0
0	0
0	0
1	0
20	0
47	0
0	0
0	0
0	0
0	0
0	0
0	4
0	0
0	4
213	0
0	0
5	17
0	17
250	0
0	0
49	5
0	5
56516	53
0	105
5010	3218
0	3221
3	3223
2211	3
0	259
0	259
14	260
5	215
647	317
1305	77
26	465
0	58
38	575
1	41
0	44
0	44
118	230
0	360
0	2
0	2
0	20
0	501
0	165
0	179
0	29
12	519
0	544
0	544
11	539
0	544
0	514
0	544
2712	79
42	70
5	3344
104	3562
38	2112
36	118
0	38
0	118
0	320
0	600
4	1809
0	911
408	1747
4	10
171	154
0	0
0	154
0	154
50	5903
0	734
0	650
20	5773
107	0
0	2
398	900
0	793
70	900
10921	19
142	4169
7	4169
58	39
69	39
490	28
85	28
591	1243
9	1243
1389	2
0	0
2880	9
334	9
0	18
28	34
78	37
1517	151
0	139
2999	0
0	29
520	648
0	505
6244	2
4265	1
701	39
289	0
0	0
0	0
0	84
10	381
2	0
0	47
0	307
10	0
6	797
10088	12775
0	12733
12554	14
471	1062
0	1062
115	386
71	212
869	1908
0	175
7785	11727
733	10267
7	9600
42	9
0	7
0	0
278	0
13	0
139	7056
1116	41
378	1289
2	6239
62	1263
117	3630
3611	23056
0	7526
0	15527
12	0
0	0
0	0
0	0
5511	1433
0	1358
2	20
0	48
0	409
220	576
2335	0
0	1614
586	2312
1137	0
0	1
165	303
46	92
35	820
0	37
0	820
55	0
122	42
892	938
0	938
334	147
219	0
0	41
30	41
1738	963
2	963
36	1019
0	989
1393	1247
30	94
45	1200
0	58
0	9
8	58
1648	3
7	2175
2023	2178
10986	1949
0	2018
172	152
0	2
0	4
0	104
2	104
0	219
129	1486
24	1482
0	0
0	0
404	479
16	479
620	1239
0	1
0	490
0	1040
37	132
0	132
11	1941
0	943
0	955
0	899
0	951
0	951
0	941
3	494
172	494
0	301
212	301
646	17286
8796	20746
38	8520
282	5
6	580
0	580
0	0
152	0
0	0
196	117
10	117
0	0
0	940
0	926
18	0
0	0
37	20
27	95
1	156
184	156
236	743
0	0
36	52
226	52
84	117
112	0
17	2568
0	2
6016	12918
98	5
74	149
1549	149
0	3
73	62
63	62
0	763
0	589
0	659
322	571
1142	571
90	48
0	48
140	38
0	38
938	2
0	0
0	4
0	0
0	4
0	0
0	112
2675	387
0	385
1437	0
135	277
0	277
1420	1070
0	1066
1257	52
28	52
17	1905
0	7
0	7
0	1820
852	3013
3	3011
0	4212
0	353
0	385
48	7555
1700	7649
340	0
11	72
37	96
0	67
0	176
0	122
0	176
2877	956
0	954
134	533
0	0
877	300
0	298
37	116
317	236
0	9
0	23
0	228
6	236
0	209
423	407
0	56
0	339
103	1208
521	1208
6679	965
0	0
0	0
0	0
0	0
195	1719
31	1719
20	176
2588	996
143	313
136	622
1043	2
14	43
19	43
0	6
0	0
0	8698
9	8698
829	0
2101	0
2196	0
1196	4
7	23
1	30
1	1
1624	0
0	13
115	13
3549	6
6401	328
0	328
1356	805
3179	4
0	7
0	0
21	150
5	150
0	0
0	0
128	0
0	0
0	11
0	21
0	21
0	0
0	0
122	0
0	0
0	3
0	1242
3	391
10	0
41	1234
0	128
0	930
14	12
0	12
9994	4411
2260	4405
1	3525
17	3489
1388	0
57	22
0	22
2638	924
212	923
14	252
466	252
2855	593
5	572
0	569
55	129
2	0
0	30
22	301
0	300
0	284
48	11
12	20
0	20
107	84
0	320
294	451
9487	862
623	145
0	47
0	98
39	1
0	1
43	0
869	7911
3502	2994
274	7717
0	3396
0	296
0	403
1	435
6	226
0	156
0	3445
0	3342
14	3414
0	3337
63	178
0	59
0	4
971	2819
0	2816
0	0
0	17
32	120
0	120
1371	2274
0	2274
0	2218
23	1232
128	1368
0	472
0	541
2	0
0	8
0	21
0	8
0	8
276	2446
1938	2639
65	53
49	2631
1065	1
1139	7804
0	686
0	482
0	7899
0	564
2	12
4605	1222
23	1181
24161	2999
0	2094
0	4
0	0
18	599
0	461
1762	2434
62	1854
0	13
7	15
194	524
63	2128
343	1756
109	1764
581	34
0	34
759	843
2	143
31	258
0	529
0	0
0	244
89	244
0	4
0	0
0	0
971	61994
40686	62030
2384	1801
0	294
0	697
267	149
0	7259
0	607
0	654
207	7001
24	7004
0	7403
1678	0
0	7
0	0
222	1
0	0
0	0
0	0
0	0
0	0
312	49
0	49
203	0
2	0
0	146
0	743
795	930
215	936
3	691
0	0
0	0
0	0
0	0
0	4
171	158
87	158
0	9
503	0
6	4
558	2062
24	3
0	3
0	0
0	0
0	0
0	0
68	150
2770	0
2855	1653
971	1
232	0
151	214
0	261
2455	1142
13	1138
0	36
7	56
0	56
162	368
5547	9976
438	3547
0	9976
0	2
0	2
5	2131
11057	4394
0	2860
40	5735
2244	1191
0	47
0	387
17	1191
453	2
339	0
641	1410
7	1403
0	0
0	0
0	0
0	0
1401	479
1	392
1	391
0	127
746	238
19	107
332	0
0	14
0	0
0	0
0	22
0	33
0	42
0	263
172	281
10	98
0	0
0	280
12	0
403	0
37	139
0	139
20	0
23	132
53	132
649	151
0	151
8	0
370	5367
14	4074
19	4068
20	5173
931	1
4	0
0	0
3	133
0	133
10	25
40	25
80	0
51	0
42	82
0	175
0	158
0	32
911	32
0	96
9	0
321	0
17	296
16	296
821	12
0	772
7	2206
0	649
167	2032
0	635
0	604
9	1866
0	0
0	0
236	5
0	5
0	103
0	291
0	100
0	58
637	490
3	0
15637	19
1	1130
3572	1170
0	1113
1029	937
0	937
56	16
0	16
5685	1881
12	1878
0	733
3841	6
480	1085
0	1131
0	1175
13027	111289
0	111264
0	0
0	0
4	14
0	14
13	0
0	0
0	0
27	0
135	147
0	42
91	45
134	161
260	1731
19	6
0	0
0	0
0	6
0	0
0	0
0	14
0	13
0	0
78	27
19	813
0	156
5	813
75	10
2793	0
59	299
693	299
0	121
432	146
0	146
0	749
0	697
20	4209
6	302
824	4209
7	21
45	91
14	275
17	0
0	0
5	0
409	1568
29	1568
0	8
0	5
0	0
23	9
0	8
5	151
0	151
11	151
6053	6
0	2092
876	2095
17	0
0	0
64	922
127	1042
0	0
0	0
0	38
15	46
759	99
0	99
297	1163
631	1163
276	6582
144	6582
22	0
4	0
9	0
0	11
0	11
0	11
0	5
0	11
8	11
0	3
45	180
456	1718
0	1292
2584	0
0	378
3783	382
0	0
1	0
23	473
15	473
23	11
0	2
0	11
39	21
364	148
1761	1685
0	625
12	553
0	1685
0	0
0	12
0	13
34	994
0	806
0	646
0	650
0	565
0	548
0	785
66	1036
0	776
0	624
16	2040
2	2241
0	0
0	1
0	0
0	0
0	0
0	0
127	175
0	175
124	47
161	0
880	2414
20	2414
0	0
1304	0
0	0
0	0
0	0
0	0
218	289
0	111
0	0
1	470
576	2562
2172	1484
8	11
0	11
0	141
4199	147
4509	4
0	0
248	2
2287	0
0	0
121	0
7	375
0	5
1203	3
2225	0
51	52
0	52
0	604
2900	1021
111	946
0	339
0	0
0	1145
6890	5997
7451	3074
0	3069
1934	0
1181	4
0	0
2717	6
0	91
496	91
0	30
51	31
720	31
48	0
446	760
452	762
263	0
4	6095
4788	6051
0	3029
0	2703
0	2641
1	435
0	186
0	154
6	415
27	172
204	172
0	0
3	161
0	235
0	235
0	235
909	0
12	122
0	8
152	0
291	516
0	414
55	512
1	121
0	0
0	0
2851	0
250	0
0	7
0	7
8899	2549
0	2518
0	2363
0	2494
0	2476
0	114
0	28
0	0
20	148
705	1559
0	1559
0	120
23	88
0	63
69	133
40	34
0	34
0	3
0	0
0	0
33	76
0	0
12	79
552	972
56	2872
0	3441
0	2936
34	2201
199	13900
635	14885
4	14206
178	13593
23	0
11	193
599	747
0	747
0	240
1	142
0	0
5	0
150	41
0	0
0	1
5	72
6	847
0	103
0	83
35	1218
0	567
0	831
17	320
63	267
0	294
0	1995
5008	1999
98	0
2487	1424
1717	2703
0	5
0	29
0	62
0	6
0	48
0	64
0	57
187	747
20	435
397	747
0	0
0	1
0	1
0	1
264	647
2234	1799
0	1784
68	0
0	0
0	0
202	40
254	141
0	78
0	356
0	40
0	356
26	2251
23	316
92	17
0	8
0	9
21	5274
24	5274
0	1725
1417	2363
1	2363
0	1799
1628	2102
25552	20
11	0
569	5950
0	6795
13291	6298
562	0
0	3
0	3
69	0
114	2327
14	2327
136	77
2549	5
0	4514
0	1337
4	364
0	2190
1771	5529
0	2980
0	3136
0	118232
170	124076
0	122854
2652	20860
20	0
0	50
0	0
0	133
0	235
0	235
0	157
0	0
97183	5486
0	5409
0	3980
0	5
0	5
20	356
11	356
9	4
0	4
384	117
0	117
266	0
590	22893
11	18576
0	7519
10	18937
5	18355
754	613
294	652
0	403
108	11343
0	2825
22	8846
205	5189
147	2294
2	549
0	853
12	2320
169	0
0	0
0	0
0	0
0	0
8	108
0	56
25	116
0	100
0	90
0	112
0	11
0	0
592	0
423	362
0	362
40	24
0	24
0	299
88	299
0	121
239	766
0	121
0	0
698	0
0	1048
0	207
0	1131
676	1031
34	155
1811	1
0	1058
756	1027
5173	1206
2197	498
0	488
11	0
0	0
11	92
0	92
0	92
3869	2
4979	582
2	1
3223	8921
149	0
0	0
0	0
0	0
0	0
101	197
0	197
83	24
0	24
36	23
0	14
26	7
11	11
12	0
5793	7413
102	700
5	39
67	39
26	3428
148	3428
574	161
0	161
0	6
0	4
13	943
106	1002
526	289
99	0
0	21
0	17
0	21
0	0
2	0
0	0
156	53
0	53
0	0
141	140
2699	306
70	287
14	19
809	468
0	468
13482	2827
19	897
0	20
0	664
0	810
1	573
1031	4028
1	1309
0	17
0	0
8673	0
755	1020
0	1020
1080	0
0	3
1	3
0	974
43	315
3341	1009
0	5
0	0
0	5
41	4537
159	11039
165	5903
17260	10088
0	10078
1430	5594
107	2094
24	50
0	3488
0	50
0	50
0	3497
22	318
16	409
1570	390
0	56
110	127
0	25
0	12
9021	7
1252	473
13	473
5089	47601
0	13526
16	51882
0	47792
35	41751
109	4713
34	4713
6087	3
15	104
3	104
3	0
198	0
0	9383
42042	13353
2	5157
100	0
836	1151
0	3
0	3
0	0
377	1
0	22
3503	2847
0	2847
6	133
109	133
0	45
90	0
3721	0
2606	2
86	0
5881	1
441	94
915	781
0	3
8	0
0	243
404	243
113	610
0	843
3	785
0	9
20	68
146	170
0	170
906	2013
0	2013
2954	4433
148	1786
0	2991
162	3500
0	3001
4	1820
72	1820
0	1820
6201	2078
0	2071
104	5038
561	2406
1	5571
0	9
0	9
513	1410
0	1138
16298	2124
14139	25
0	0
85	0
0	0
0	0
0	0
0	62
6	8
144	263
0	263
978	680
0	76
0	60
89	596
187	1975
2	1975
144	571
10	0
0	0
561	0
18	0
0	128
1	25
0	168
0	0
0	191
0	125
272	144
143	133
0	133
0	41
139	41
47	895
0	500
0	187
0	339
9	83
0	1
0	33
0	98
2277	0
0	651
14	91
75	799
5468	1454
17	100
0	100
0	20
0	19
0	0
13417	9
91	40
0	24
0	16
2	23
0	0
15	1
0	0
0	1
8	0
0	0
19	0
20	239
37	79
274	3409
0	1390
17	3407
15	86
645	0
3	2698
26548	2720
0	10
0	0
0	0
7	0
89	94
7	203
788	2329
92	667
0	2343
0	41
0	41
5	5
0	5
613	0
4	12
909	123
0	122
176	0
162	5612
8	5661
0	5854
119	0
2757	125
4	125
160	487
0	266
423	3921
613	1085
0	3636
0	0
0	0
0	0
298	36
3047	0
12	0
35	60
0	19
0	27
0	58
0	0
287	1602
1262	1602
12158	4171
25	1820
638	2
0	393
0	394
0	562
0	574
704	418
0	102
1	174
0	219
0	116
0	116
0	0
0	0
57	0
2457	4162
0	32132
0	32841
23	32909
1323	3034
255	126
0	114
145	0
617	7297
0	5991
0	6646
0	1281
445	11010
0	3225
0	6347
1878	10816
20	82
0	82
0	12
0	6
0	39
0	8
0	33
0	6
4074	4309
204	4307
44	24
0	24
0	0
106	0
20	0
4119	11
1	18
15	0
46	19
2986	1029
12	1027
75	122
0	2
0	2
22197	32
0	1
0	1
0	166
952	166
258	49
0	49
3648	0
120	57
0	341
0	350
0	346
30	428
9	422
0	0
0	0
0	8
0	8
5117	2276
0	0
0	10
0	10
90	340
0	340
1008	282
348	0
0	0
0	0
0	1
0	57
0	57
1037	4831
0	4831
0	17
579	0
83	3262
2	1557
17	733
8	7554
47	7211
10	93
11	0
4	0
905	0
118	1096
0	4291
0	13979
531	12417
0	0
4	78
0	133
2	0
0	133
0	217
18	1458
0	1630
0	1584
0	0
664	427
10	240
2	427
1898	1
0	0
0	0
12	2
0	2
599	0
0	0
1818	910
0	905
15	221
3	221
0	1
0	0
0	0
126	0
4653	834
80	834
3	78
0	480
5106	533
0	7
0	709
17	188
0	8075
93	8221
0	7994
5	0
0	0
0	0
48	19
0	19
582	199
125	32
0	32
0	0
0	0
5	525
10	15
2527	762
0	341
880	0
187	463
2108	3
100	436
0	436
0	226
46	1805
21013	3424
0	1920
2	1051
49	426
25	74
1389	76
0	1
0	1
106	0
2548	420
1	42
103	231
0	618
0	122
0	1214
0	1585
2580	3930
0	892
34	837
4	786
2	144
0	299
187	341
0	197
0	0
0	0
0	0
0	0
0	0
0	0
38	0
283	0
0	0
0	21
0	14
0	0
0	418
14	118
385	1814
22	1104
141	317
325	0
4767	15018
1	2933
0	14771
125	113
29	467
211	1042
0	510
0	199
14	28
5	401
2	219
14	305
0	986
0	983
1996	1643
124	120
37	1460
0	0
45	463
0	244
0	244
0	27
0	23
152	121
0	0
0	12
236	3121
0	3115
6	989
3	299
0	160
0	887
194	0
4963	7305
79	7297
2303	410
0	407
15491	11
0	0
0	0
0	2
0	32
0	0
0	32
24	0
0	0
0	0
0	0
0	0
0	0
7670	1444
138	389
0	1330
3409	6
0	0
2434	980
78	198
6	979
115	979
1627	2
0	0
76	1992
0	13
0	2269
240	2259
0	19
0	19
0	6
2	6
0	19
12346	1502
0	210
444	0
0	0
0	0
0	0
0	0
0	0
0	0
0	13
0	13
88	0
2	0
538	1314
36	1314
1159	7106
800	7106
58	855
2	855
0	0
1284	0
21	44
37	1852
9	659
626	1579
7	315
146	37
0	37
2	0
6	134
0	0
6870	637
124	637
505	450
0	450
9167	2826
369	108
0	108
2	0
212	533
55	5344
22	5410
0	5064
0	0
0	0
0	0
41	0
1	0
3	3
15	0
115	684
13	684
132	6189
16	2923
29	283
0	320
8	6095
0	6094
13226	8
1	18
5	18
9970	8601
47	0
3384	0
128	42
0	6
2	36
0	616
953	857
7	239
34	179
0	58
0	189
0	2551
49	2408
27	495
0	2203
0	2297
13	2686
2487	0
41	45
0	18
0	45
16	961
0	726
23743	695
6	53
127	53
50	0
2851	0
10	0
0	0
3	0
401	0
57	9
0	0
0	9
162	3
0	0
0	0
0	0
0	843
0	944
0	927
4	619
46	944
0	1
0	1
547	477
0	530
14	530
0	12
0	12
2	10
3350	22
0	2371
176	2405
122	2403
3	95
1	482
11	482
0	70
641	2053
163	2053
1246	956
0	258
0	7030
0	4137
0	6937
1931	6984
0	0
0	0
15	71
1065	5
0	53
16	35
72	95
12	6
3	45
11	26
50	121
2423	675
0	555
428	937
3	436
33	276
803	276
5506	9182
6	83
0	83
128	2444
0	188
112	382
0	2130
0	2508
0	2575
542	0
0	7
0	7
0	257
0	0
6	33
823	0
507	3
0	3
210	0
0	0
451	899
0	898
40	655
0	655
490	0
0	0
0	0
0	617
0	1089
2	310
3774	1039
0	5
16576	7
325	2716
0	2716
0	27
118	27
6633	448
11	448
0	12
5	12
254	13864
0	11759
849	6680
22	18898
18545	18915
0	0
0	0
0	0
0	0
0	0
0	0
19	4
0	84
58	0
17114	861
0	620
2796	2106
76	0
0	0
1495	200
0	200
31	238
4355	820
13	28
187	818
29	815
64	1049
0	25
80	121
235	1123
0	0
1233	21
6524	3618
20	0
0	350
2153	1
314	2209
21	2084
0	2105
32	2100
0	0
0	440
414	440
0	403
365	965
1	258
34	1058
194	3653
0	61
0	281
0	1209
0	510
179	1476
0	2039
73	841
0	125
16	425
0	369
0	0
42	0
618	230
0	230
0	0
791	0
13	2259
3881	2260
823	0
159	152
0	152
305	2329
58	2369
14	250
7592	267
276	240
0	240
161	0
15	151
42	151
3	176
0	3
0	10
0	7
0	48
74	51
0	0
80	569
0	569
0	249
0	5226
0	5263
1	5304
49	5300
4	5271
13	123
0	45
0	78
7	8
245	2854
11	2854
69	102
0	0
0	0
703	923
11387	5
0	0
0	0
0	0
0	0
1703	173
0	3
0	3
0	3
45	161
1913	564
1	146
30	659
862	659
1450	1
6051	3
0	13
0	13
425	0
57	181
0	181
209	273
147	3580
13	469
593	3507
17	26
0	26
0	0
0	3246
7195	3247
205	171
2470	8
438	0
61	0
114	71
0	71
26	0
0	0
0	23
4	79
0	1
0	70
0	69
0	0
0	999
0	730
0	170
0	999
2	270
0	0
0	270
111	484
0	166
0	0
8	2081
508	2030
0	2099
533	866
0	84
50	1230
727	1121
64	3611
0	1519
0	1504
5	3419
0	2635
1478	118
0	118
350	1442
0	1442
0	67
135	287
0	293
864	477
57	43
0	32
0	19
39	41
608	60
794	0
0	15
28	16
0	6
1	6
8652	1042
21	1038
69	32
0	32
1391	6105
0	913
0	897
0	1293
0	2088
0	1156
0	2172
1	1377
4	637
0	1568
34	4636
0	77
0	4706
0	4566
107	4807
19	4704
0	1131
0	513
5	376
0	541
0	497
29	1317
0	957
25	1033
0	1029
5395	3455
232	136
0	3448
1918	234
0	113
0	120
61	166
0	20
0	150
1401	0
0	4760
0	4426
8	4571
0	5433
0	5281
7	5155
2752	62121
0	54862
14714	63525
0	63519
289	53665
97	0
1031	0
0	1436
0	699
0	736
5828	1353
103	1
13	295
0	295
0	109
0	295
0	7
9	0
0	0
0	240
0	12
351	240
0	0
3464	12
0	0
0	549
0	2858
2	579
253	2854
0	13
891	0
821	241
0	105
0	98
315	521
243	1578
85	1578
0	0
0	0
0	0
76	0
4	0
0	0
0	0
643	80
17	170
227	170
0	3208
1260	3208
47	0
397	768
5	766
83	0
1856	0
0	22
0	22
50	597
0	595
135	321
0	319
0	343
0	314
2035	0
2189	0
0	18
253	27
0	23
0	10
0	10
0	14
79	0
0	356
0	425
0	3372
4418	3380
2575	1461
0	691
0	1210
1843	45
0	45
0	7
0	7
0	7
0	0
605	276
0	276
1281	2274
2	2273
758	108
0	91
0	51
8	326
2	326
0	64
1669	66
0	44
29	628
0	628
0	0
0	128
139	332
0	147
0	183
0	0
474	0
19	8
1226	1174
45	1173
0	0
0	0
382	364
5	364
0	112
0	37
33	37
4	37
0	0
70	414
0	468
166	757
0	311
1244	757
1027	900
4716	4
13	0
2148	839
0	835
0	2
103	85
0	0
155	0
0	13
0	13
22	147
22	275
0	262
0	22
0	22
0	22
0	4
17	2050
0	1149
48	1082
22	1133
0	54
1	410
0	1820
387	1874
1051	333
0	15
0	334
15	334
0	276
1076	1
6443	76
20	65
1027	1
0	1761
0	345
0	497
0	1666
2	4248
0	1221
0	4540
199	0
555	6
0	6
0	0
0	316
3118	3302
159	3392
0	34
0	0
9	34
0	22
0	22
0	22
518	3
20	0
0	0
27	0
11	146
2140	801
0	801
1	96
0	95
420	181
0	181
6943	1144
0	1141
0	0
2220	721
0	721
0	12
0	40
677	143
387	144
17	675
0	80
9	35
142	162
89	43
0	142
65	865
0	1208
0	1208
0	0
0	0
0	0
0	3635
0	124
0	3342
0	3223
0	1915
4	8294
1070	8294
23926	21110
0	647
0	21094
12275	10371
1239	10221
1	57
0	33
0	0
0	1
0	371
8	99
5	2
0	101
0	109
0	371
3161	0
418	198
4	22
0	176
79	2
0	673
0	20
164	20
0	0
1645	0
178	1634
2437	1636
16409	18
0	123
504	711
6	702
0	0
381	259
0	43
16	342
2446	0
0	1144
104	1145
6	0
0	0
0	0
13	0
1843	0
22	233
18	233
922	0
80	0
11	1287
0	1427
0	1427
301	3477
2473	3479
8	9
0	6
0	9
21	83
0	66
478	66
685	382
0	612
3	177
283	2051
4	296
36	2088
10	0
0	0
236	0
6	933
0	923
44	0
806	102
0	102
34634	13
0	0
0	5
0	0
0	0
13	5
251	0
6	4
0	4
0	0
1455	0
62	31
0	31
13	19
0	19
0	18
0	18
2026	0
657	4
0	0
0	2498
0	323
0	327
0	22
129	2619
4543	970
55	10
29	0
0	959
10	461
710	438
9	962
0	1041
0	4355
0	4289
18	3263
0	0
0	0
1065	0
11	0
21	37
0	37
0	0
0	0
376	0
0	5
101	1012
163	1012
0	0
0	0
10	825
0	237
0	352
0	237
2	9656
6	13641
11044	53404
0	53396
6	91
0	0
22	32
1	1632
22	1657
15	1399
101	81
0	81
41	17
0	17
0	49
1050	367
0	366
42	0
4388	0
110	133
0	133
1063	56
0	56
54	68
0	0
0	65
0	8
0	8
2450	1
1559	0
0	0
71	25
0	25
0	4327
435	20305
311	4195
0	1765
11718	21073
0	0
0	0
0	64
171	64
406	12896
334	12237
0	8786
0	0
0	0
0	0
354	2
221	287
9	2
15	287
0	279
2057	0
15	355
0	125
0	71
0	192
0	63
0	112
0	113
0	142
0	40
9144	17
50	168
94	167
2	6
3530	227
1	0
0	8306
1936	8306
0	4
0	4
0	4
0	37
0	0
0	71
454	514
0	514
0	524
0	817
204	817
5	0
0	0
0	0
121	0
825	0
28	99
0	30
727	35
0	0
129	72
961	778
369	0
18	0
7	9
0	0
0	956
495	956
6	9
298	715
926	715
18988	3133
3	3088
7	1481
75	127
13	437
14	141
0	474
0	468
0	0
1554	0
0	13
8	60
0	86
0	141
1007	287
1037	0
0	0
0	0
0	9
0	0
4	0
459	94
4	94
485	131
0	131
8934	2
435	1254
154	1254
0	144
0	52
0	82
0	106
0	76
0	105
26	0
0	0
0	0
0	0
0	0
0	0
0	1157
768	1157
0	35
1761	38
80	1487
0	558
618	1473
2316	53
0	52
3384	6
71	0
2723	2313
0	38
6	27
0	0
0	29
0	209
16	209
202	482
30	3438
164	565
0	3436
5698	32
0	28
4	351
111	17
12	575
777	807
352	2800
122	2800
0	0
0	0
0	0
0	0
0	0
15	197
103	197
0	622
40	707
0	587
0	498
0	0
0	1
0	1
0	1
35	287
251	287
0	89
0	104
21	104
18	26
0	0
0	1102
29	754
0	414
52	0
22	747
0	209
0	236
9	13
0	6
247	77
0	77
6	21
3	12
0	8
0	11
0	0
0	0
648	1058
8	634
0	34
0	1109
4606	1
2480	14
23564	26
0	0
3179	2
240	170
0	77
3232	103
4711	4423
0	4422
97	75
0	75
113	0
1797	0
16	387
0	481
363	1451
0	98
16	81
0	1393
0	0
0	8
0	8
0	8
0	8
46	0
5192	514
1	512
21	0
0	13
79	28
859	0
161	0
85	541
8	191
18	471
0	1194
6	3329
0	3329
0	822
11	844
0	28
8	198
0	38
8	198
0	59
4	415
1688	1968
0	1785
377	1
8	0
0	25
0	25
20	126
2287	953
0	953
31	933
14	173
0	0
0	166
0	166
0	166
8	120
0	120
0	79
0	21
0	164
959	11
3301	1
178	293
23	163
122	799
0	799
322	94
0	94
0	0
0	0
0	0
0	0
0	0
0	106
4	103
0	110
5320	648
8	643
189	412
0	412
2250	0
0	111
0	108
0	108
0	14
8	14
187	278
3	80
13	278
16	143
1	28
698	462
0	358
0	261
54	73
0	73
18	562
0	60
0	385
0	454
0	532
0	563
6426	4759
5365	4752
382	2332
1871	2333
0	2204
0	154
0	204
627	1651
0	1557
62	1557
2250	4001
6	3997
5	1049
5	1822
10	647
0	159
13	85
16	444
50	1990
0	12
19	33
0	63
760	1702
74	1759
13	1696
1407	0
164	792
0	0
0	0
0	9
0	136
0	115
11	67
209	454
0	479
0	344
14	0
522	1998
123	2038
5282	299
0	296
20	1343
4255	1348
90	71
0	0
0	0
1747	2
12	522
0	204
0	204
0	188
0	188
0	199
5350	7
10	17
0	6
1	83
4	189
0	66
1	497
0	117
0	122
0	67
9	462
3478	2
311	333
0	333
0	0
0	0
0	0
5	0
0	2766
0	11356
87	12945
0	12949
3880	10
3699	2
523	18463
0	14504
591	18463
643	921
52	405
3	921
5	0
0	0
0	55
1	175
23	175
228	0
0	79689
3539	79690
261	2542
123	169
53	2438
0	254
0	37
143	788
0	766
0	1112
112	1112
0	215
1259	215
3148	149
679	136
387	0
8	96
0	0
0	0
0	0
0	19
0	269
377	10138
0	10110
5	4132
0	9965
0	12
0	11
0	12
0	6
0	6
0	6
133	620
1	668
7	0
0	14
7	14
263	0
0	640
0	1592
1782	2799
0	2261
0	2795
82	3305
15	2804
10779	11
0	673
0	185
0	578
1	107
0	124
4	1205
0	526
0	518
0	1233
0	90
0	13
0	0
0	0
0	0
0	0
0	0
0	896
10	47
0	2906
63	2938
12	0
1419	0
0	0
0	0
0	24
0	178
0	23
23	240
406	0
493	5
0	5
56	0
0	0
0	0
0	0
0	0
0	0
642	3252
324	3252
0	250
0	739
654	989
96	3767
5	3883
2211	3632
0	0
0	0
0	0
0	0
9294	3
54	492
44	492
435	1124
1	1122
6	1124
311	26
22	99
0	99
6	4
37	2
307	36
0	36
0	0
0	0
0	0
250	63
0	58
0	63
0	0
0	0
0	0
53	440
0	440
287	267
0	267
10	119
6	119
0	55
46	437
0	411
0	549
0	147
0	692
144	692
0	430
8	0
15	0
28	537
49	862
225	880
1179	290
0	289
0	0
0	0
22	0
39	41
115	41
1100	245
0	245
0	0
525	117
0	117
0	0
55	2
30	21
1705	70
1	65
12	14
0	0
1404	1
1241	2305
0	2304
0	6
0	0
368	1482
115	1633
90	2064
0	2059
0	21
485	70
0	70
2654	0
0	0
6202	3
652	5
268	340
0	220
0	120
0	0
10	27
708	0
649	149
21	150
120	34
0	27
3	823
0	6
23	11
0	194
553	194
0	240
0	0
10	301
0	303
7770	6
266	0
0	6245
0	6272
872	9602
605	0
2	91
23	91
1157	1586
0	1586
0	0
0	0
21	11
120	0
0	110
35	279
0	257
11	16
18	16
1364	0
5	195
0	195
0	9
0	7
0	9
257	54
0	54
15	122
0	122
55	2322
0	386
0	2255
0	1132
815	1355
0	167
180	400
0	1355
2963	8
6974	3017
16	3016
0	335
0	15
0	15
1999	10
0	0
4	783
5	653
0	260
3	23
0	9
13	1296
5567	1301
0	0
232	0
0	5
0	284
274	284
0	65
0	65
16	45
8	45
1	415
180	114
0	1
0	1
0	193
0	25
2911	1029
0	184
0	4552
9137	6074
0	4665
6	6066
0	1624
787	3674
62	3673
1491	78
0	77
28	0
1166	0
1523	0
536	1720
0	747
617	9236
1450	19640
0	6174
0	19603
0	18
0	18
0	18
435	0
0	0
0	0
844	325
26	325
0	9
442	13
956	1
1630	3
118	0
0	268
142	2085
9	1061
0	227
0	461
0	1515
10	1515
15	324
27416	343
0	2
0	2
0	2
0	5
0	5
0	5
0	5
297	0
1204	0
47	15871
0	16019
1	15903
5078	15346
0	15860
0	65
0	65
629	36
2	87
1	12
0	64
2104	422
0	422
71	3
399	83
0	125
0	97
0	97
25	3447
3890	3447
0	2635
451	78
135	78
18	1262
0	761
1	181
1228	331
0	92
0	317
10800	53206
0	4859
6	53206
2343	339
0	339
140	108
12	108
2935	232
1	229
157	0
6	27
0	0
0	24
5	1084
0	553
0	1010
0	610
1438	0
15	0
0	37
0	37
0	37
220	0
2324	429
3	429
0	24
306	130
40	163
314	4
18	166
2918	2
4	3
0	3
1394	2
287	0
644	7518
0	223
559	7573
0	7571
3	687
492	703
12712	10
0	411
8	489
295	1038
0	837
44	1309
64	1309
0	0
7	13
0	13
158	1
0	3
0	3
0	3
140	3
1052	0
1571	489
0	0
0	489
0	25
0	25
2	414
13	1106
832	1253
13	0
0	0
1413	1
9493	3
0	4
0	4
16	186
58	186
38	22
141	275
0	60
205	1
0	265
370	19
0	868
0	1264
251	4133
0	4133
0	433
0	618
676	61
0	35
0	26
2354	1
0	0
367	0
1038	425
0	420
188	0
545	16
250	0
4	77
0	48
0	390
0	582
0	3644
11686	3695
1	5
90	236
2	236
28	541
2	541
0	15925
0	15509
0	17917
9	20879
2893	20949
300	139
0	139
0	558
499	558
13	0
2	98
4	101
370	9
43	581
4	213
153	0
585	2455
0	2455
119	3564
0	1341
0	3524
806	124
75	124
0	83
1358	205
0	182
32	0
13	59
29	0
0	529
2928	588
9	432
95	105
0	43
0	68
121	0
143	0
621	52
4	52
1388	1
2667	978
0	978
3808	0
1720	0
4295	17366
367	23
0	20
13478	9543
589	0
0	6
58	13
0	13
2	16531
2	29441
58	31382
2	33
1409	33
9828	9537
2015	1321
468	1321
20	1303
0	0
0	0
0	2
0	0
0	2
0	27
0	3
8	27
0	0
0	2
0	2
0	2
0	2
12	271
0	271
0	0
0	0
0	0
142	1095
39	1093
28	385
0	385
0	301
49	373
43	372
0	303
0	0
80	71
3	71
0	0
0	0
0	0
0	0
129	0
0	30
546	30
0	0
0	0
0	0
0	0
0	0
0	0
0	0
15	131
0	17
0	131
0	0
0	0
0	0
0	0
0	0
1137	0
0	0
0	0
0	0
76	0
0	0
11	14
0	14
0	0
0	0
0	0
0	0
0	0
8	120
10	131
130	0
0	0
419	8
0	0
0	0
0	0
296	4
21	131
0	0
0	0
0	0
1	2
0	0
0	0
0	26
0	488
551	488
0	0
0	0
0	0
0	0
0	1265
3437	1265
0	0
0	0
0	2
0	0
0	0
0	238
0	4
343	242
0	0
0	0
0	0
0	0
0	0
0	0
0	36
695	1052
0	1053
49	1075
0	1056
0	0
0	0
0	0
379	383
77	383
0	0
0	0
0	9
0	9
0	9
0	9
367	0
925	11
9	550
48	35
0	296
1	235
156	2177
0	327
0	327
365	2177
0	0
0	0
5	49
0	51
0	163
1142	163
0	0
0	0
154	69
28	69
0	45
4	1053
67	1053
196	148
1	147
12726	9774
0	9769
45	57
2	66
1238	14
0	17
5	125
0	17
96	250
0	49
3	83
0	37
0	101
612	272
638	787
0	21
0	31
0	818
0	337
0	353
0	353
4	105
0	0
263	504
0	504
2	571
15	678
0	680
5052	1140
32	1137
27	556
949	556
119	0
0	81
0	95
20	130
0	0
176	3
0	115
0	104
0	85
0	74
0	56
219	56
231	0
8	0
137	45
43	82
120	82
5	12
0	12
14	16
0	7
0	7
4	34
12	40
10	37
0	31
705	93
181	93
0	0
0	0
224	0
0	0
0	0
0	0
0	0
4799	1
832	482
0	482
0	927
69	2677
0	2487
32	2665
4383	6
0	18
0	18
0	12
19	258
344	884
2	884
0	0
54	22
3	0
0	0
0	0
16	17
31	62
250	1457
9202	4
1750	37
10	0
0	0
1091	586
0	586
3018	1
0	0
0	0
39	377
1246	255
0	248
924	0
0	0
0	16
7	38
21	546
0	22
0	0
0	0
4	65
1458	65
222	72
7	72
0	0
8	96
0	0
3	245
0	0
0	245
5	23
36	27
0	11
330	107
0	28
0	97
0	5
0	0
0	0
0	0
2	0
0	0
0	0
18	0
0	50
0	50
23	0
0	1219
0	1219
977	0
0	12
14	24
5	1126
0	1191
0	1252
71	303
1003	0
13	584
0	181
3158	575
0	247
0	350
0	563
2989	1862
0	1858
5	1078
0	2
9	155
232	155
0	0
37	0
502	104
0	0
0	0
0	0
284	224
0	222
0	222
84	0
693	0
0	4
0	4
0	0
54	769
698	769
0	0
0	0
6293	1
386	0
1520	2
121	0
1046	0
0	258
145	258
0	12
0	12
24	159
0	159
0	0
0	0
1376	397
0	161
0	193
0	171
79	48
0	54
491	54
0	0
533	0
0	0
0	0
0	0
0	0
12	0
0	0
0	2885
2203	2885
0	0
0	31
4	16
4	47
6	49
0	25
0	0
0	246
26	246
3761	2
2	292
1299	296
1329	202
0	202
0	0
32	0
0	0
0	0
15	361
0	361
2	21
0	21
770	0
0	65
208	65
28	68
0	68
264	1342
8023	1344
3494	284
299	817
0	817
446	0
24	181
476	181
121	21
354	26
0	489
0	7
0	5
0	474
0	430
0	271
0	554
38	0
11	206
7	206
0	45
3177	1557
2	1230
0	1555
76	273
224	233
54	6957
184	428
0	428
0	188
3	3307
0	764
0	404
1	4004
0	2342
6	421
0	61
0	127
0	294
444	0
275	1251
9	1251
0	1364
817	1373
0	177
9	49
485	177
0	1042
759	7774
4	7774
8	688
0	88
0	683
0	561
7	1629
7	994
67	641
4	527
0	155
253	0
0	4120
0	0
634	5092
14	2846
0	2864
0	70
0	92
0	92
424	0
2	1639
0	1032
0	988
0	975
0	640
381	0
22	908
1377	908
11	922
0	290
0	338
1331	2
0	93
192	0
125	0
25	95
0	95
0	12
9	129
0	127
4	132
2	132
1	22
0	22
2610	4
19	79
0	79
0	12
0	12
0	12
8	9
26	6
0	6
0	9
0	162
109	162
6	162
8292	4
0	258
890	286
185	28
38	93
0	93
2544	3192
0	3191
523	0
0	0
5186	0
425	0
0	0
518	74
2	0
0	0
629	162
368	413
0	211
46	484
3	320
2783	1
2680	0
776	59
0	59
0	33
713	36
312	175
0	161
2	3
0	74
0	0
184	465
26	467
0	0
0	0
7882	8
79	229
1	18
0	229
4	184
2479	0
0	0
0	174
1296	177
125	752
0	411
10	1719
0	602
0	1719
1946	2874
0	2874
7954	4
0	0
0	0
0	0
0	0
0	0
0	0
2	44355
0	2565
0	41863
0	12670
744	0
432	16
0	0
0	0
1	2
0	0
0	0
2815	429
0	428
0	69
5	7
0	69
0	7
10	2
0	30
859	30
5	0
0	274
1742	422
0	422
12018	1
0	0
0	0
0	0
0	0
0	0
0	0
494	0
1434	254
0	254
15	0
272	0
22	2
9	1579
9	1467
362	0
1277	0
0	1153
27	1151
4	969
0	228
0	224
0	224
34	2180
0	1331
0	1331
45	1380
0	734
68	964
14	1891
0	1137
4	855
0	816
1	1770
70	1055
0	1063
6	1185
0	373
0	196
8	951
2	1140
0	1130
0	234
0	559
52	832
0	133
0	50
11	1147
2	322
0	271
0	444
0	444
35	615
0	42
8	23
0	379
6	734
0	273
0	281
0	248
1	1942
0	778
0	2326
0	2264
105	71
0	71
80	12
3073	170
0	27
0	17
0	1
0	27
0	176
972	339
2	339
449	0
2513	1
99	127
0	127
632	0
2146	0
2358	0
733	145
6	145
0	463
0	463
0	5817
0	4714
47681	10560
403	0
0	0
112	108
0	108
4	196
0	196
1723	531
2138	531
148	214
0	214
0	0
0	3
0	3
0	0
123	4767
5	4767
0	1135
1100	2
2	0
315	0
1533	1
606	0
0	2378
6822	2391
3363	2422
23	2326
0	1130
0	1384
0	96
244	96
65075	13650
21	13598
0	0
10	122857
0	20686
1136	126414
0	34642
0	0
0	4
13	4
18	371
304	374
0	9845
54	9845
234	500
845	502
130	0
3	34
9	34
0	194
0	195
0	100
0	847
0	740
0	0
0	0
161	821
0	821
0	0
0	0
0	0
0	0
0	0
18	188
376	215
0	204
0	212
0	27
0	9
0	9
0	27
0	7
11083	21
6	192
90	29
9	546
327	996
0	52
0	77
0	70
14	350
0	0
14	256
0	661
0	55
0	960
0	413
0	319
0	0
0	89
0	5994
0	127
19	0
0	22
2	10
0	0
73	553
0	191
0	814
0	2863
3	800
7	92
10	8
0	111
0	229
8	0
0	0
0	0
0	2
0	438
0	413
0	461
104	3791
0	144
0	1820
0	1733
0	1821
0	120
0	200
0	1065
0	18
5	21
0	1258
13	0
54	671
16	635
0	80
0	189
0	164
170	685
16	227
0	1594
2	63
9	161
0	2
0	2
32	269
0	0
22	8
685	0
0	11
0	430
0	330
0	342
12	71
0	883
0	8
0	11
5	26
0	92
0	94
0	0
63	903
0	1195
0	7089
0	764
33	126
0	23
61	306
0	332
0	995
0	114
66	317
556	882
0	0
9	6
0	0
0	0
21	1
423	1185
373	0
0	54
1778	1
189	1332
127	2732
0	2668
96	107
6	297
0	66
143	1134
0	1443
357	3351
264	384
0	0
0	0
2	5097
118	81
0	20
169	186
0	287
14	614
0	1447
0	2334
0	2640
1	475
0	397
61	0
93	521
0	1
114	380
0	1109
12	627
148	557
0	3091
1	3401
0	2946
5	412
0	375
0	381
0	546
0	590
0	732
25	646
0	695
0	669
0	0
23	412
10	908
0	75
1093	0
0	404
0	491
2547	3717
0	165
0	190
17	0
0	108
246	738
0	10268
0	10318
19	10185
0	2271
0	571
0	239
122	2343
0	376
336	600
417	3870
0	6750
82	35
2	18
0	391
0	232
1	17870
0	4001
177	1190
0	308
65	1297
64	5095
0	5095
4	4962
0	0
0	295
195	835
31	50
335	7783
21	520
96	594
0	0
0	1887
0	1987
80	94
0	12818
523	0
6	24
0	0
1	50
0	6513
0	3540
0	8
0	1103
0	0
79	375
52	149
20	442
169	792
22	0
12	33
79	32
0	95
0	95
0	89
0	4
0	1220
0	1568
0	1245
93	914
0	2803
0	2913
0	2782
0	7
11	253
0	0
0	0
0	932
494	0
763	1613
0	138
6	5
0	567
0	50
442	269
346	2
0	0
0	0
0	1185
0	822
0	1
0	2
0	56
0	73
114	7368
0	443
372	2271
6	18
0	2
0	1374
6	7
0	1300
2	1250
0	298
0	12088
0	337
0	5
0	348
0	1073
0	94
0	2
39	523
0	33
0	84
0	0
0	0
0	21
0	19
0	19
0	19
5	0
0	0
0	696
17	8704
0	0
0	143
0	239
0	229
0	342
0	186
0	907
578	370
10	87
49	3577
1446	306
417	295
0	2165
32	1046
18	1640
0	1579
0	1516
1303	0
0	862
0	2688
0	3499
0	0
27	505
0	0
0	0
0	100
0	1768
315	0
0	124
28	183
132	2
0	1453
0	1301
30	476
0	423
0	150
0	233
189	166
19	37
0	0
264	1491
0	6
0	9
0	0
9	1083
0	0
294	824
0	957
0	323
0	288
0	288
0	288
0	288
519	0
0	10
7	1174
0	0
0	0
11	0
0	318
0	318
0	111
751	4796
21	163
0	1030
0	203
0	203
0	192
26	149
10	9388
0	7532
0	0
0	1
739	2160
0	0
0	0
0	1
219	3728
4	7
0	0
0	760
0	844
0	251
40	295
0	0
1183	2727
0	175
0	1
0	2238
0	2319
0	2238
326	2671
21	2033
7	519
0	378
0	308
0	162
0	1502
0	26
1104	5463
0	2
0	186
0	0
107	983
0	20
32	1298
0	65
106	1006
0	25
0	1458
0	0
4	86
0	20
0	17
0	0
26	40
0	77
38	182
0	1218
0	287
24	158
9	487
44	1125
0	3
17	601
9	39
19	2917
0	1084
121	0
0	2587
22	70
0	55
0	25
32	1383
0	843
0	952
0	963
0	1096
0	803
0	176
0	0
192	1023
0	154
0	147
87	819
0	902
19	939
18	1084
1849	181
0	0
0	1059
0	1152
0	0
0	169
0	5555
0	3412
0	2541
0	2156
4	6
0	148
12	192
0	0
0	1
2	217
1	364
0	506
0	1
0	3205
0	28
0	53
0	24
0	616
0	0
4073	30
49	212
232	238
0	14
714	1474
7	136
0	1364
3819	1
0	205
0	2579
0	210
0	134
0	53
0	47
0	47
0	693
0	1
0	1
49	3
0	102
0	526
0	847
0	2438
0	126
0	126
0	141
10	137
0	144
0	1347
0	1701
0	3
161	2167
0	3253
0	7082
0	7082
66	2889
56	0
53	0
18	601
60	432
14	146
821	4655
0	462
626	569
412	569
0	0
2	55
0	0
0	87
2	2566
0	1077
10	233
0	0
490	9643
62	1961
0	1266
629	5002
209	5002
0	17
0	0
399	534
0	534
0	769
0	122
1331	3
146	0
0	156
27	357
33	357
0	0
0	0
0	94
0	94
0	0
0	307
0	51749
0	51590
0	0
13	127
0	707
0	700
0	621
0	188
22	115
9	148
0	171
0	428
73	1189
0	898
0	922
88	1086
495	2068
0	2068
0	0
0	139
74	6
734	1879
0	432
0	475
160	77
25	0
1230	2
0	224
0	48
0	48
0	487
0	1398
84	1287
7	165
1921	1
0	884
0	885
0	865
532	1
444	10
0	357
0	0
0	6
0	0
95	420
1352	0
41	28
0	4
0	117
61	207
3	98
285	1238
0	0
0	177
541	2930
0	5494
664	0
0	303
0	6080
3592	6568
0	6567
0	1340
14	21
14	460
0	4606
42	4779
0	4325
234	4046
0	347
0	818
239	475
0	0
7	0
189	0
0	569
0	15
0	702
0	747
0	707
0	691
0	228
0	120
43	1561
50	1561
0	315
4	68
1587	2321
0	2320
116	0
10	641
575	0
0	19
0	315
64	3
0	17457
0	16887
0	14998
113	8598
3048	1
509	0
0	16
0	268
8	303
143	1438
0	34
1	2984
0	223
0	479
0	522
0	0
0	0
513	0
0	8
0	483
4	519
0	506
0	400
0	745
104	261
0	58
0	652
7	100
0	203
65	430
16	7
10	6
0	3732
1072	2616
37	6082
0	6082
0	3344
0	19
373	0
0	2963
22	0
371	2824
0	734
519	255
0	24
0	0
0	58
0	58
0	0
56	2864
128	0
20	15
0	138
92	809
0	322
0	4153
0	4419
0	4299
0	0
0	2
0	2
0	5934
2	789
0	0
0	0
0	0
0	0
0	85
0	0
0	0
2	466
0	430
0	466
167	1666
0	464
25	1059
0	1035
0	991
2	0
0	376
87	0
17	18
0	18
0	9011
0	22
0	158
0	161
0	164
0	150
0	14
266	2349
0	1528
0	0
3808	3
2	15
45	0
0	49
0	2107
177	3439
0	0
0	73
0	51
839	379
213	377
0	14132
0	64
0	64
7154	6
1450	1
29	9
379	3145
0	1788
0	0
92	109
284	167
0	14
6	159
0	0
19	428
221	1545
131	758
0	423
0	451
17	53
0	53
0	752
5	106
0	0
4995	2
15	11
0	113
0	0
0	194
1635	16087
0	0
437	0
0	338
0	338
65	0
543	0
23141	13
5351	4
0	672
0	3984
0	399
713	0
0	2368
68	0
269	0
23	604
0	3226
0	4054
0	4113
0	450
0	1974
3	13
19	793
0	358
616	0
0	0
0	651
0	174
0	2529
0	3535
0	4023
0	10
0	0
0	17
2389	0
199	680
0	680
19	72
0	11
0	1068
0	1435
377	1412
0	1294
19	0
0	57
0	688
34	0
0	14
213	0
0	16
0	111
0	111
0	543
0	0
43	5
96	0
0	396
0	22
0	22
0	0
0	0
0	0
3	3
49	0
39	310
0	0
666	1
2	0
5641	7
0	19
156	403
0	23
0	0
9	198
0	1732
0	1689
0	1825
0	1868
0	557
1	293
71	761
0	144
0	0
36	2161
0	231
0	118
63	5141
2961	5141
73	0
1109	1
70	73
32	0
111	0
98	771
0	136
83	0
829	0
3863	0
92	0
0	10
155	0
0	123
1146	0
0	4
0	306
0	149
0	213
335	0
0	155
10	219
0	285
0	285
0	285
0	277
0	277
0	264
0	9876
0	9859
0	9876
0	9468
0	9875
0	7346
0	0
294	0
6	0
13580	178
0	57
8	57
19	0
97	1058
0	384
2	0
0	946
0	946
113	0
0	237
0	107
89	0
0	0
0	516
0	0
0	0
23	1316
178	0
38	6019
0	5561
4	176
0	176
0	0
162	0
0	0
0	31
0	6
0	6
0	6
0	6
18	66
0	2255
0	2253
3	2208
5	0
0	2896
70	1070
74	0
354	5
13	2
0	2818
466	0
0	821
0	677
0	624
0	347
0	610
0	65
0	65
100	0
0	99
232	0
0	6
257	913
0	0
46	366
1	328
705	0
0	114
117	0
1504	8508
0	725
0	1827
238	1832
38	1464
0	1010
67	0
719	0
0	0
267	1300
2225	0
113	0
0	184
0	1526
1153	0
1358	7
0	0
0	150
1891	3
0	838
0	818
193	0
86	54
0	2178
132	2178
167	0
7	0
0	127
0	117
102	0
0	142
8	142
0	22
152	0
0	2312
2217	4
188	3875
220	3875
0	4978
0	8080
181	7081
0	7081
0	4010
0	1623
0	1627
0	1777
2	1818
0	1486
26	0
0	987
0	1007
0	982
0	2518
0	0
429	923
0	911
15	45
0	276
70	17
0	17
84	0
34	0
19	49
117	839
552	221
0	2560
0	751
0	0
0	175
184	0
92	0
44	123
283	0
309	637
0	637
0	300
0	245
0	13
172	883
33	6
0	58
0	0
0	121
0	279
0	10
112	214
0	214
17	367
167	372
0	0
644	0
0	330
26	0
1	3768
33	3768
0	272
0	272
0	152
190	0
0	0
0	1105
0	97
0	1227
0	1686
0	1269
0	1254
933	165
0	0
286	0
0	0
29	0
11	0
446	0
0	0
222	0
1	0
0	207
433	209
0	200
0	0
0	0
0	0
0	57
0	57
0	0
2	19
27	7
0	0
36	0
128	0
0	1188
6	0
509	434
17	434
188	0
177	0
0	5
8386	1
0	204
0	199
583	0
4	14
0	0
34	0
0	0
71	18
35	80
2877	0
0	3668
0	3566
0	3516
0	3526
0	3521
0	2977
0	2805
0	195
0	2525
0	2173
12	175
2089	0
16	2990
0	890
33	1096
438	0
6449	2
0	0
0	2115
0	2147
0	2570
0	0
4	1094
100	1094
8	40
0	40
0	11
0	11
0	0
360	0
0	0
667	0
24	8
20	8
9	8
133	0
0	1471
154	1448
0	301
433	93
5	0
0	955
0	959
1	850
0	988
0	959
0	0
0	54
0	1067
0	1072
0	826
0	1065
0	691
5521	8
0	1179
2	12
0	0
0	0
1907	0
0	0
2105	0
7	0
256	0
8056	3
0	92
0	92
0	92
34	194
0	194
0	0
162	101
0	101
912	116
18	89
0	89
22049	13
118	0
0	3
203	0
3328	0
862	1181
4	1181
1876	3
1371	0
179	0
0	295
7	295
0	0
53	0
8	0
0	0
0	18
0	18
0	2362
0	1685
1	1681
627	2443
0	1681
1162	2439
144	0
2549	0
0	0
1443	0
523	0
129	0
0	0
6	0
164	0
0	366
40	356
0	399
608	346
0	219
0	0
0	0
0	0
0	0
0	0
0	0
20	0
110	1
5	42
863	42
0	0
0	0
0	8
0	8
192	0
0	0
21	202
6718	0
0	196
0	227
0	227
16	172
63	3
36	0
0	0
0	0
0	0
0	0
0	0
0	0
50	0
44	0
17	0
0	0
0	0
494	2119
0	66
828	1
370	120
0	0
610	0
104	627
0	52
62	618
0	618
28	0
8	0
387	0
0	1233
268	0
16	1191
0	1100
0	1157
4	0
78	1324
0	0
174	32
153	1550
0	1622
0	766
0	177
0	0
0	23
73	0
3435	2
0	8
0	0
0	8
0	0
0	0
0	0
651	0
1183	1386
0	1006
103	0
14	17
0	17
0	0
99	0
0	2899
5761	0
1	0
209	7
871	0
2	248
41	0
805	0
0	0
520	1271
0	1271
343	5
0	0
0	0
26	0
10732	12
10	2397
0	2377
157	1444
0	489
51	15
0	678
0	356
268	0
331	0
215	0
7	178
1	178
578	0
37	30
40	162
0	0
1027	1366
2753	2
0	0
28	0
23	30
0	30
83	0
0	42
0	42
5	2
459	0
631	35
2	0
591	551
0	551
0	15
0	15
0	0
17	0
38	0
9	0
84	0
0	2778
218	2779
0	1501
0	821
55	24
0	24
0	0
34	0
0	0
0	0
0	0
40	565
16	0
1	0
305	1538
9	506
0	389
0	265
2208	47
0	0
0	1183
42	30
0	30
12	0
0	0
115	0
153	0
0	182
0	196
0	182
0	0
2144	0
0	46
69	414
0	414
0	0
0	0
0	38
625	0
1655	0
0	0
408	0
250	2167
0	2167
23	822
27	0
171	0
537	7
860	7
29	0
0	106
2	106
54	0
0	9
0	0
0	0
3	6
0	6
0	46
309	3
97	0
8	410
0	0
18	571
0	0
1	0
0	0
0	11
1	0
0	0
513	0
5861	2219
8	49
0	49
391	0
901	0
441	1
0	0
0	34
80	0
29	100
2	0
1461	0
0	421
2951	0
29	0
0	171
0	0
0	0
109	2
0	0
906	7
401	1
3620	6
1328	0
0	6
193	0
0	213
0	239
24	0
514	419
0	419
1075	0
1341	0
22	0
8	420
31	420
149	0
153	818
9	818
0	0
707	0
0	278
2	0
531	0
0	0
0	846
95	849
2001	0
975	2
0	16887
11	375
0	395
84	150
0	25
3	0
0	0
586	0
0	1151
0	0
156	906
582	0
0	0
0	0
0	0
28	0
12	143
3	0
1365	3075
0	3075
0	3
2	802
0	7936
11	7
0	0
0	0
1426	4
946	0
666	0
2255	0
45	0
0	0
0	0
0	0
6	13
0	0
0	0
0	39
0	10
1290	310
0	174
15	211
0	0
0	0
0	8
0	27569
2369	27569
0	2
138	0
80	970
36	961
0	951
0	0
5141	0
0	1031
1644	45
14	0
2252	3
1557	1668
0	359
1371	0
2	197
11	152
137	207
1060	0
25	0
188	16511
1319	4
0	0
953	0
0	38
0	38
12	0
0	593
0	573
0	580
0	544
143	0
0	1607
424	0
126	77
1106	170
1616	0
226	2346
1158	0
52	0
1709	0
779	186
15	338
0	400
76	413
942	0
187	0
0	2104
0	99
412	1
182	7
0	0
0	0
4	2
0	99
234	0
298	0
61	655
997	4
258	0
0	1138
2210	2
0	1111
0	1117
0	680
0	750
7	0
131	5
5713	3
26	24
7	0
48	96
0	96
883	0
0	1198
0	436
12	41
0	1201
0	1137
0	1187
0	1262
0	1313
0	1850
131	1850
3	42
174	0
45	141
0	145
193	424
0	465
29	330
83	0
0	717
686	5180
0	1809
0	1809
2890	1
250	6021
4	6021
0	0
10	0
0	0
0	0
0	28
0	28
1	28
7	27
0	0
48	0
620	965
10	82
954	0
333	2
2052	4351
132	690
0	62
6	0
0	4
0	4
0	4
0	4
0	0
0	0
14	651
2975	4
72	15
5	114
0	114
49	218
266	1189
304	1189
2889	1899
0	0
2	766
6619	1
1915	0
0	6
17	0
2552	0
557	0
0	127
6	127
0	77
0	1
0	4
44	0
0	0
34	363
2	325
0	725
244	714
5	1394
0	1237
679	30
429	0
223	0
18	0
9	0
0	0
1611	874
0	112
3103	2
35	681
0	1817
30	246
0	360
4028	0
235	1072
159	0
0	0
0	0
9	592
0	0
7789	0
6	0
6	0
52	0
228	169
7307	2
155	0
4600	0
0	0
43	0
2	0
0	759
344	0
46111	22
42	0
0	73
0	909
3448	0
32	0
0	422
0	2263
0	6
0	6
549	0
131	0
0	0
9629	3
0	911
20	262
7397	7
16	58
0	1054
1818	0
0	1804
1995	2
5	2
1338	0
0	1572
0	1826
0	100
1	100
4	71
0	274
0	9
0	9
8	264
58	264
119	1380
9	0
0	0
73	833
11	0
0	8680
14	1101
5	0
4	0
4	0
0	0
0	0
105	0
0	0
0	2956
453	0
499	0
0	171
0	1181
0	498
0	0
0	0
0	11
0	11
0	109
0	153
0	346
46	0
0	12
1772	0
0	7
83	1251
121	590
0	514
22	591
0	591
29	204
95	0
22	136
0	553
4	71
928	4
0	0
1346	514
0	514
12710	23597
1267	23597
0	0
309	478
0	257
0	30
0	3050
1144	1297
0	368
0	590
0	590
12	480
0	163
130	0
291	111
0	2228
0	0
3	525
0	0
0	419
0	97
0	247
0	261
21	277
98	0
197	0
0	0
0	794
0	604
1092	0
0	0
0	0
0	0
27	170
3	0
1	0
0	71
0	1465
0	281
230	785
4981	1
4	0
523	0
229	416
0	416
0	0
0	106
0	106
247	390
0	27
0	32
0	286
0	1099
0	1092
2401	2
0	496
0	366
1144	4
15	0
38	0
0	11601
197	0
10	0
0	4
1827	0
16	1123
1	471
54	2
0	2
287	216
0	0
0	29
0	414
0	202
0	376
0	0
3631	2735
772	2734
0	0
11388	21
0	1
2859	667
3127	666
0	568
0	2213
3	20
0	344
1434	0
0	995
0	0
248	608
0	16
0	13
3	0
0	0
315	0
0	2986
29	68
0	615
34	0
0	50
507	6
198	4025
0	0
0	0
183	0
842	2446
585	2346
0	2
10	43
0	0
0	75
0	75
0	65
0	78
0	80
0	78
0	90
0	93
80	742
2739	0
27546	24
0	676
4	0
0	421
0	467
0	352
527	1
207	10
0	10
150	0
2	0
0	1340
0	0
28	0
0	0
11	232
1991	295
1295	295
50	0
0	634
0	2865
0	0
185	216
0	216
644	2
0	708
15	788
1	663
15	801
130	0
0	0
0	0
0	0
0	242
0	190
0	0
0	0
128	1255
16	1255
24	306
83	103
0	103
128	251
0	0
8	0
3	293
739	1
0	0
13	34
7	502
3661	503
950	35
0	320
0	276
0	93
41	376
2	82
0	82
0	2
13	0
1852	0
0	1
112	0
0	51
61	51
0	20
0	502
0	121
0	121
0	0
40	53
0	0
0	10
0	348
0	0
2	0
0	2224
0	8
0	3
0	3
9	1
45	254
0	121
39	107
15	395
0	1248
0	1248
535	3
31	276
75	1896
0	1896
52	0
0	0
0	533
0	0
0	0
12838	2
0	1730
0	190
99	0
101	1208
21750	18
0	20
0	37
9	0
0	278
0	6
9	291
0	291
334	226
0	170
0	1739
0	1036
125	373
0	33
0	0
0	0
902	14
121	0
0	47
0	0
0	117
0	0
0	30
0	0
0	3368
380	2115
0	51
0	4
0	7211
0	7457
0	7460
0	244
463	0
0	1671
0	2325
96	2918
26	1970
10328	7
0	11
0	1827
0	2956
0	0
0	0
29	1008
0	1008
0	2162
0	286
1	0
0	0
0	0
0	0
0	0
0	34
0	1407
1	10
0	0
25	167
0	0
0	2232
1	4
2	99
2	31
3	86
0	57
0	0
582	0
649	0
6	687
0	384
0	0
0	1271
0	4053
9	45
765	129
68	0
0	1222
0	1067
1	13
4	0
0	38
67	1847
939	1850
0	785
73	0
0	56
356	4684
0	0
0	0
1	46
0	541
2420	4025
0	0
16	101
0	0
0	9129
0	33
0	36
62	137
0	12
0	263
0	3
6	0
556	0
0	0
252	0
328	0
0	2148
0	0
5	0
0	0
0	2187
0	284
162	0
20	589
0	0
0	3304
6	0
94	506
8	5
25	0
0	354
1242	250
0	182
0	174
0	139
20213	25
0	94
10	670
0	726
0	374
0	474
0	68
303	1367
2639	1507
0	1506
676	1
2	2643
0	530
237	2464
26	0
102	0
1	695
0	556
0	3
0	740
0	696
0	879
0	931
0	984
473	5
8	10
0	3043
0	978
0	256
0	234
0	0
10	128
226	0
0	3
1	12
777	0
0	8
0	8
0	0
0	0
402	1336
2	9
158	1149
12	428
0	428
0	0
98	1371
0	1052
0	0
3	1255
0	8
0	0
96	1224
0	1216
0	1173
0	1253
3	2
0	198
0	17126
0	17492
1335	0
0	0
0	437
0	253
0	253
3	49
5	127
0	0
40	69
0	0
626	917
0	59
1521	0
13	0
0	106
0	285
978	0
0	1388
442	0
0	67
0	67
184	4457
4	1824
0	596
2571	6
81	683
37	3
638	11
0	169
0	0
0	0
0	2590
10	409
0	1992
127	1064
0	687
0	1825
0	142
0	8
0	11
292	0
0	1375
47	251
155	0
32	460
1	53
0	1232
0	1238
0	1472
0	1472
548	0
0	0
56	113
0	0
0	356
13	0
5	29
3	59
0	157
8145	6
1118	0
7	765
2161	5
76	114
0	21
0	97
116	450
0	0
0	0
0	1562
0	52
0	41
5672	17588
0	17587
0	7
13	647
0	647
0	10
0	3
0	326
0	0
70	1468
0	63
841	0
20	86
0	0
20	287
0	2
0	38
529	3071
0	207
0	0
0	19
0	19
75	0
5	146
0	0
0	5
0	665
0	0
0	3
0	3
0	3
0	3
0	3
0	216
0	0
0	459
0	181
0	336
415	0
86	2183
0	428
150	428
0	6
0	1205
17	1
630	0
0	102
0	98
0	100
7	100
0	52
0	49
0	97
0	12
0	0
0	4
0	49
3	231
0	171
0	0
9	75
0	0
0	0
0	691
0	863
0	643
0	788
24	1170
0	211
0	50
0	770
0	416
0	0
0	477
166	693
0	857
0	663
0	861
0	383
0	647
63	1236
0	4
0	4
1625	648
84	648
0	2172
0	417
61	103
904	0
53	187
1	187
0	17
2	17
0	17
0	772
51	675
0	194
7	187
1	0
62	304
0	0
15	87
1117	13588
272	0
0	134
0	982
0	18
64	1495
803	0
0	27
0	27
1	300
23	188
0	771
0	0
0	0
0	0
0	7
0	7
7	71
173	1137
0	46
6	0
0	2
0	2
5	129
19	303
292	11196
0	11325
0	232
162	18
845	2541
0	0
21	136
0	904
4	533
0	68
513	2160
0	1433
0	57
0	632
0	40
15	435
1160	2232
0	1004
0	1099
0	890
0	77
0	0
0	21
0	766
16	488
0	6
13	0
0	350
0	0
0	620
13	0
0	116
463	0
2545	0
0	0
0	42
1375	2
0	0
0	107
0	3113
0	1444
0	213
0	6
12	32
0	0
4	0
0	0
0	0
0	0
0	90
0	67
0	0
0	360
368	0
0	304
0	146
109	265
283	304
0	0
7	14
0	0
27	0
38	205
5764	8
0	0
804	11969
1	0
0	0
1774	0
6	0
0	126
0	101
0	87
0	0
0	1845
0	1572
0	0
127	0
1	0
0	67
0	3519
0	3041
0	0
0	0
0	275
501	275
0	260
22	203
0	80
205	1742
0	7
0	0
0	6356
1086	0
1	107
0	47
87	405
0	1026
0	849
0	1031
0	1033
0	1033
0	793
0	877
0	677
0	977
57	0
0	529
0	1364
12	10947
2	15528
191	59
1	52
0	74
0	77
0	74
3849	1
0	4
0	4
0	1
138	5166
47	123
308	297
143	0
20	0
8	10
0	10
0	0
272	454
14	198
16	0
0	5351
0	1990
3400	1044
526	1044
285	2188
0	2090
0	1791
152	2153
0	1973
1578	0
6	328
42	2672
0	2516
0	0
2056	0
4	0
71	5
389	0
0	751
3	723
0	788
2	536
0	302
0	501
7549	20080
3798	2
74	0
0	0
0	0
0	520
0	1197
0	1197
50	1521
0	1533
382	12587
0	3038
53	13349
590	4
36	142
0	912
1	952
1283	0
2	21959
3	3746
0	3860
0	3752
0	2477
0	0
0	0
1	1005
0	0
0	13
0	13
297	1531
0	1739
0	800
0	375
0	5
2	18
0	0
0	0
259	3
8	238
0	613
14	0
804	0
1201	861
2305	12
0	152
0	255
3	0
47	0
0	601
202	1516
0	0
3342	112
0	0
48	0
114	1171
0	0
0	9509
0	9509
10	9875
0	7270
0	4633
181	0
38	434
21	102
0	2
0	0
0	4
3711	0
0	0
0	0
80	1371
0	1337
0	1371
17	1367
0	0
78	0
0	211
0	390
0	615
129	1158
9	22
7	22
2404	376
0	64
0	233
0	211
0	333
0	49
151	231
200	1161
0	574
0	238
10	0
0	0
0	1
43	1
14	0
0	613
0	0
0	0
380	7167
0	0
0	11
0	11
44	147
13	0
450	0
0	352
0	321
30	2732
94	2732
0	298
0	113
0	0
833	830
0	830
0	10589
139	0
0	0
0	1022
85	1022
75	609
0	609
0	385
58	44
49	539
0	44
0	18
1	97
9	29
340	8
0	422
0	324
1311	0
16	0
0	0
0	0
5	3708
844	3680
19	283
0	44
189	127
0	1376
1855	0
0	690
4096	1
0	843
0	0
0	0
48	405
0	405
3	0
9199	3
79	0
0	0
97	0
28	0
0	0
201	0
0	0
1095	0
0	0
0	0
74	0
0	1061
0	421
0	0
1	0
0	0
0	0
0	171
0	82
1	2223
1	2655
5	56
0	237
186	0
0	0
1	0
45	0
12	43
2	1529
0	1562
13	1474
1387	2
23	25
103	0
0	50
3565	0
73	0
0	5
0	1439
0	1439
40	3
0	686
0	1889
24	0
0	95
651	0
14	39
7	846
12	816
0	776
49	2
0	1
0	1
30	5215
0	5170
0	222
0	26165
88	2
0	630
0	189
0	180
0	0
126	0
3	7
378	9
7	412
0	355
531	11
390	0
10248	6
214	3621
9	0
2171	0
11	35
0	282
907	0
0	0
3	400
0	0
0	0
0	91
0	56
4013	2
0	2149
0	8
0	31
2555	4612
0	4612
0	0
0	0
0	119
0	119
0	62
0	20733
0	20967
0	23454
1	23389
0	20576
36	12959
702	0
32	2
0	3619
0	4010
16	172
114	1209
0	1315
0	1330
0	737
1	730
0	10
0	0
624	1637
450	4
0	0
0	98
4	0
308	0
3	0
25	0
13	0
2	0
0	0
20	694
0	0
0	0
0	0
1565	3
112	0
288	0
0	0
19	57
0	0
16	0
7265	6994
3159	6992
6	79
22	7
0	37
0	2245
2350	1
1154	0
0	262
172	324
0	0
3592	2
178	0
0	61
617	960
4	0
34	0
308	1280
282	1280
152	0
0	5
498	0
303	0
0	6094
0	1280
0	0
758	18
3969	2323
0	2323
646	0
1058	6
0	1075
164	0
0	13663
424	1
104	0
2677	4096
0	105
0	0
29	721
0	342
0	0
863	4229
0	728
0	602
0	709
0	749
0	709
0	709
0	709
0	19
0	330
21	0
140	0
0	16
0	16
49	436
0	352
5226	10
408	0
0	5
234	246
274	0
0	330
0	1166
83	4891
0	4891
0	0
5587	3347
0	3344
0	0
0	0
3012	1828
0	0
1603	0
36	0
0	0
0	0
0	8467
0	7866
0	7665
0	6025
0	6733
0	7015
0	7390
0	6551
1	6828
0	8449
0	52
0	0
508	0
0	0
0	0
2323	1
4314	3
0	0
772	0
0	13
0	13
0	9
4	31
943	735
46	0
152712	103
0	788
333	0
109	1540
742	1540
54	0
0	0
0	469
318	0
0	7
5	9
0	2544
0	0
0	0
6	33
104	179
26	179
0	0
87	587
0	0
2	0
293	4514
0	4484
0	0
0	0
0	0
0	0
2218	0
2	0
0	2
0	2
0	0
1121	2
7	0
38	0
0	684
0	0
0	584
0	248
4	1261
92	1261
0	0
358	996
4	996
0	0
0	0
0	0
105	0
0	119
0	272
47	0
0	1991
14838	4
0	0
4	0
648	0
0	0
0	0
0	0
225	0
0	374
52	304
1193	0
183	4771
4	4771
0	287
24	278
0	1433
0	0
0	0
0	0
0	0
420	0
19	0
44	1195
0	1195
8	179
0	179
555	77
0	464
0	458
0	503
143	779
347	779
877	0
277	1311
0	0
0	359
21	359
0	294
10	0
107	1059
8	1059
5	0
0	0
160	0
1170	4450
0	4450
0	1
0	0
25	0
16	0
0	2537
60	595
7	0
205	0
5	0
0	0
0	56
0	56
27	0
16286	17889
553	0
0	0
6	146
0	188
14595	3
0	0
0	0
301	329
915	3136
23	0
2056	3728
7	0
19	0
0	3322
0	3440
0	3524
0	3460
0	3460
0	0
0	22
0	0
7	85
7160	0
133	156
996	1665
617	3211
0	675
0	416
0	0
0	0
228	0
0	830
0	734
0	607
0	0
1	0
279	0
0	12
624	0
3174	0
0	0
0	47
125	22
62	0
0	2
0	0
3	0
105	1
4	9
52	0
28	22
0	0
387	0
63	0
0	0
40	0
0	141
277	0
328	0
0	14
180	0
12	7
128	0
6894	1
2	41
4670	11863
0	5002
2	0
557	0
0	374
1072	6438
830	1
0	19
0	4911
0	1
0	899
63	281
3	438
0	404
510	0
12431	3
131	1706
1	67
0	1824
19	0
61	95
37	11
1173	0
137	0
0	763
0	71
85	0
0	337
1474	0
6144	9
6	2
9499	8
910	152478
5623	152478
16	0
0	38
0	39
0	39
57	163
0	6080
3009	3
2	7681
206	7681
542	0
0	188
1914	3
1	0
11	0
173	0
1	0
0	1
0	0
0	0
179	1051
0	0
24	5612
0	5577
2	5608
5	5573
9	8
277	0
12	0
59	0
1741	3
0	340
0	497
169	195
9	195
3989	7
295	0
7461	5
1309	5808
1	0
205	0
507	0
0	255
0	598
0	597
0	598
0	598
232	0
140	297
0	4
229	378
6953	5374
1057	5370
0	2247
8	347
0	347
396	3
153	893
395	17
0	215
0	0
0	0
0	0
4	175
4	175
0	0
352	0
5895	2
0	0
98	624
0	0
0	1
0	0
259	670
0	670
201	0
0	0
55	82
2	3
22	3
26	0
97	454
0	449
0	30
14	30
20	329
0	338
0	461
0	406
0	423
0	0
15	1
211	0
254	2217
0	96
1	52
128	126
334	618
166	616
14	1388
0	0
0	0
46	853
0	49
0	49
1	143
0	132
0	147
0	136
0	147
0	76
0	57
2424	3
0	0
256	2610
61	2610
20	42
0	31
2762	11326
8231	11336
13	0
0	2
0	2
0	0
69	671
0	651
0	282
8	234
0	0
0	0
0	0
0	0
0	0
0	0
0	0
0	0
8	53
0	280
22	47
64	2647
22	0
1782	0
95	529
84	529
7885	12
364	0
176	535
118	1195
239	322
4115	2184
670	0
412	0
0	4
1	906
0	10
12	371
0	371
0	0
1116	0
0	0
0	0
877	2
5	0
0	3687
0	1783
13	438
617	0
0	0
0	17561
868	64
64	63
0	220
59	0
377	0
18	389
14	402
6	402
4	358
2825	0
0	0
94	889
2	0
0	0
0	0
44	0
1	19
23	55
0	0
0	0
0	498
3	0
0	2
12	8
0	8
114	0
0	41
0	0
6	84
0	84
0	0
15	22753
2174	22753
6	116
3746	2
10	17
0	209
18	209
2	115
7	111
2	75
256	220
0	220
0	1
222	1
0	109
0	0
15784	8565
880	0
0	514
0	0
39	792
0	263
109	0
0	4086
0	1
86	0
156	758
0	13
0	166
0	134
0	0
200	1558
11	27
0	27
477	904
0	904
35	0
11	135
31	0
1	38
8	0
5	3902
635	3902
1160	0
0	146
28	146
1	7
152	0
0	0
0	7
0	266
1562	2
0	11
0	9
18	838
3	791
0	745
94	733
0	0
4	0
0	282
99	792
81	98
0	102
0	91
57	1
6	180
200	472
392	0
58	120
0	120
0	60
10	5
12	0
0	0
1	155
145	0
891	1
51	617
15	614
0	3
63	177
349	1112
0	281
0	250
0	281
0	273
0	0
0	53
199	0
0	759
0	1
0	0
20413	12336
361	12270
343	11035
215	11364
218	11316
222	11648
0	3380
104	3962
136	4234
128	4093
130	4101
0	8505
0	750
0	753
12	748
0	718
11	95
0	0
0	0
3	2
6920	2
0	0
2	1189
0	1189
0	1215
0	503
0	0
0	593
0	0
0	5
2170	1
0	0
0	381
3235	0
0	1782
37	0
179	0
0	35
282	1
26	644
3100	1
2447	1881
11	459
77	280
32498	27
11	0
0	127
0	4632
0	0
0	5
0	5
0	0
511	4
0	4057
0	0
0	220
1	6
8	0
77	168
723	525
0	525
590	0
4	688
0	664
0	264
0	49
86	0
720	267
0	19
351	0
0	629
44	138
291	272
13	272
161	795
465	5364
0	5361
0	265
273	221
24	7
0	1035
0	5
44	1013
404	1004
1319	0
0	53
0	53
0	53
0	3
4820	3
0	0
0	41
0	2115
0	2107
2	2
79	80
0	2341
1	3908
105	0
0	831
0	928
0	928
0	713
0	763
0	595
0	435
0	107
0	298
0	15
0	0
327	1190
91	11
104	0
0	11
0	0
0	12
0	76
1	1181
3	1181
0	238
278	0
1197	0
0	176
619	0
7	0
0	0
0	126
0	507
0	147
0	890
0	416
0	645
0	661
5	1667
0	1667
0	82
4523	0
100	2604
5	2500
8	5
107	581
3	0
0	0
2763	22
0	16
0	16
0	6
43	0
114	381
237	0
120	224
83	0
0	1457
2864	1
0	8
0	8
29	11
0	0
1694	0
121	0
0	0
0	0
15	0
0	237
10	237
0	1415
0	525
0	6
38	32
0	19
611	0
2	0
0	358
0	3323
0	1326
0	38
0	48
6	549
0	549
10	128
114	62
8	1058
0	1058
0	892
0	557
28	3
208	0
24	102
0	231
0	422
0	0
23	0
8	0
40	0
8	334
5	914
0	914
0	1
0	1
0	17
0	27
0	27
313	7
617	0
0	18015
426	64
0	64
0	64
0	0
2070	7905
0	4
0	4
160	94
9	39
1284	1
4	847
0	847
0	0
0	0
327	1606
13	1606
0	167
0	44
44	248
23	354
76	751
0	751
0	431
0	0
69	0
2	3211
46	3211
0	55
0	1689
1477	2
48	0
0	1280
16	40
175	1494
0	441
262	5
0	0
0	0
0	0
0	0
0	0
0	0
0	0
0	0
0	675
203	0
0	1
0	0
923	0
2131	49
1	49
0	0
6935	3
71	203
0	969
0	285
0	285
0	277
0	420
0	312
138	694
679	0
0	1211
1118	2240
0	0
0	88
0	137
0	0
6159	11
0	3717
15	0
121	850
0	248
0	248
115	248
267	131
0	203
108	199
0	2579
28	0
2473	2
3526	1
815	3
401	0
35	20
2497	0
0	0
6128	5
0	247
15	0
0	1206
507	29
76	8907
0	9456
519	3
1217	0
32	131
0	278
35	80
0	260
47	492
550	455
144	14
0	0
0	0
0	315
4732	6957
9495	7
21	102
0	43
0	43
0	1
2434	436
37	2440
170	334
17	0
0	0
0	997
454	1013
67	423
20	649
0	649
0	78
655	26596
299	483
0	18
0	2052
0	2052
17	1781
0	154
0	91
0	131
0	205
854	1177
0	3
19	400
0	121
0	64
0	0
0	0
0	240
0	241
94	3170
0	3170
0	276
1	0
0	18
0	18
0	0
0	0
14	0
0	1027
0	2460
0	0
0	8
0	0
5	152
44	146
373	5545
466	70
0	0
0	0
0	0
0	0
0	0
2	0
111	0
0	0
0	0
0	0
0	1610
0	860
0	837
0	632
20	5
0	235
663	0
1562	0
194	225
0	0
0	0
0	163
21	268
0	2748
0	432
0	68
0	40
0	1475
57	0
0	6
35	98
29	0
2	16
0	426
321	12
122	425
0	2020
0	3
647	2
444	4
0	133
203	91
3325	1
0	216
0	624
0	484
24	1949
96	418
721	0
212	637
10	1051
13	935
18	0
0	13
328	0
0	1206
0	1149
42	98
0	59
0	8613
48	39
289	156
2010	0
0	238
0	8919
66	276
6	291
0	0
264	0
0	1254
50	1254
0	0
0	140
21	53
589	1169
0	628
34	628
0	65
0	88
0	166
0	5404
0	14986
28	1036
1	540
15	0
0	0
0	0
0	0
60	0
0	85
0	0
10	1004
0	934
7	8
0	5
0	0
8	328
2	14
0	1388
33	1388
0	427
42	499
0	4029
46956	31
0	1
436	0
0	1456
0	7859
3634	2
0	528
168	357
0	0
0	6
0	6
4076	11118
0	26
0	8
0	327
0	5478
1477	5479
90	0
0	0
0	0
1	9
0	10506
0	3
0	11
0	0
0	3
139	2424
1	0
0	0
10	0
13	0
27	213
0	0
0	52
0	18
30	942
0	443
1	0
0	2672
0	2902
0	293
5602	51913
220	51908
307	0
0	420
1827	636
0	635
0	80
2	130
77	334
98	224
1009	0
548	0
0	1522
0	2112
0	10
0	0
241	1492
1	22
0	29
0	95
0	2
46	2715
271	2715
106	321
78	321
21	442
0	0
0	1167
0	0
6	171
0	48
0	50
0	0
711	2
305	0
175	0
202	0
1471	0
0	0
0	0
6	582
2	11265
0	2451
0	351
0	154
252	1936
0	95
5468	2
0	0
0	890
34	30
0	0
0	622
88	2036
0	1808
0	1052
52	1412
407	170
0	170
0	144
0	329
0	329
0	329
0	329
0	4245
7	4325
50	6043
0	5360
0	1675
185	8829
1855	0
6084	1753
0	1752
30	1
0	176
0	394
7	17
498	964
0	8
0	8
0	0
0	5
0	8
0	0
0	1669
0	229
0	104
0	0
157	4
0	19
189	0
4	475
0	457
0	392
0	321
62	184
37	193
18	257
1	94
143	0
8	48
0	1333
40	557
0	0
303	0
231	452
0	1922
14	1409
0	1316
0	1404
0	1337
101	1269
86	0
0	17
0	0
1825	0
0	0
8	150
0	22
68	0
0	13
0	6
0	8
0	0
0	241
0	59
1612	0
401	387
0	61
1271	7425
0	394
0	394
0	353
0	8
0	601
84	0
0	0
0	7
0	1145
61	0
0	453
0	0
0	0
169	29
387	0
0	0
120	4
0	27
0	308
0	42
0	42
650	4
0	155
192	0
0	3
0	5339
0	3614
0	1311
151	213
0	210
0	213
123	358
0	1460
7	0
0	0
26	1706
2	82
3	6
365	80
1111	61
0	61
0	1256
0	1256
0	0
0	0
0	114
0	2642
0	2153
5	277
0	0
0	0
2	68
26	12
0	10
51	54
0	0
0	0
0	508
144	393
0	0
0	0
0	0
0	0
2029	0
2	0
441	1244
0	1241
41	81
1700	0
87	4024
0	3684
0	3847
39	952
0	131
0	51
183	754
62	0
37	135
64	0
56	334
36	334
0	580
47	1110
0	1110
0	19
0	7
0	980
240	643
5	127
0	0
905	2
5	616
0	524
0	1879
0	0
0	39
886	0
74	836
228	1005
0	0
4	26
0	420
0	436
25	1667
177	1666
1	94
0	582
0	588
0	647
0	0
98	1128
25675	34
8	1241
2418	4
0	495
510	131
0	1
14	1
136	1370
0	1370
1875	296
0	294
0	5182
1739	0
0	237
0	1692
422	789
0	0
0	0
0	0
0	0
0	0
22	4096
0	0
100	584
0	82
0	668
8816	12
11853	323
0	1077
300	28
0	1099
0	0
1119	2
0	99
0	0
625	1
0	76
1	82
4274	1
0	637
14	0
0	0
0	0
51	565
0	7
675	953
35	71
0	71
0	723
606	0
1098	185
0	185
46	197
0	1360
312	0
2069	1
1686	0
14	0
4	81
315	3646
49	307
19	307
0	1
109	2165
0	2165
0	59
0	0
0	475
3	10
0	10
0	0
40	193
9285	9
177	0
1	379
0	20
0	0
2	0
0	20
0	1105
168	2803
0	31
0	31
0	31
0	45
0	45
0	0
989	1
3557	7
0	313
0	314
0	400
0	0
20	0
2014	7
0	0
211	0
2593	0
1103	6
1088	0
0	19
0	209
0	159
5222	8
93	0
0	12634
0	0
12381	10435
656	390
0	226
0	210
14	26
0	24
0	13
14	146
0	0
213	0
1066	0
0	0
0	2704
0	1107
38	1095
0	0
2	0
402	710
0	1456
209	882
0	0
0	767
3	555
0	316
108	47
0	0
0	300
99	0
0	2
324	0
203	0
0	2589
0	2589
1	9
0	0
0	26
0	0
0	0
0	0
0	3173
0	3182
0	1581
19	1623
0	10496
0	10709
0	0
11	7
6	547
0	215
0	215
0	175
148	596
0	596
1	425
0	390
0	103
0	0
0	0
28	0
119	13
204	2271
0	0
1	492
0	489
0	338
4132	0
0	0
0	1272
588	0
0	1294
3	1
0	1
0	155
117	0
24411	31
0	10
17	1
0	549
0	929
7	593
7	49
91	457
0	0
0	0
11	0
43	248
673	447
2	0
0	15
0	20
0	20
188	1151
152	964
367	0
0	576
0	421
0	53
13	166
0	66
0	64
0	2515
0	2515
60	17
478	1449
52	1449
0	0
0	0
0	0
0	0
0	57
70	245
0	245
0	226
0	525
1	60
16	67
0	0
559	0
0	2235
1879	0
26	52
1	1677
0	518
33	178
135	0
3	3441
43	3415
0	73
1	0
0	1118
0	123
0	884
67	879
1	24
66	18
6	0
65	0
0	93
131	403
376	0
0	9
0	9
13	0
596	0
0	8
260	0
0	1703
3	0
60	0
0	109
0	1726
0	1730
33	0
1	154
8	642
142	0
47	0
0	46
49	0
0	1470
3493	1365
2204	1363
0	1
61	21
476	0
150	403
11285	12
0	851
723	23
0	3
0	0
0	334
23	334
3558	6
4682	0
2828	648
0	643
0	334
334	0
8	31
0	0
9676	13
0	1026
0	785
72	180
0	0
0	0
0	0
57	882
180	175
0	5
0	634
1	256
0	150
0	0
10	81
1317	0
0	55
0	6
41	0
378	0
16	6
11	6
6217	0
100	0
850	0
8	150
49	261
0	219
0	1188
0	382
28	718
0	311
0	318
774	2
1507	0
701	2777
0	2777
2	61
2	0
0	277
0	0
410	0
0	0
6991	9733
0	64
0	64
0	64
0	64
0	7
1272	5
0	39
0	3
0	0
0	0
0	0
566	0
588	0
1220	0
65	4
493	0
445	195
16	45
152	0
4316	571
0	571
7129	0
83	0
697	0
0	916
0	139
0	7675
740	3251
0	1015
0	7
0	65
0	0
0	0
0	0
0	0
0	6
0	6
224	0
0	0
0	0
0	478
0	37
145	1299
1	352
21	1176
730	0
32	27
2	27
125	0
0	0
12	89
0	2368
135	221
0	2207
265	0
0	0
634	0
0	1779
0	1588
141	1
0	0
0	42
0	42
0	16
0	123
11	476
402	994
0	134
11	2443
120	2293
0	2281
651	0
0	52
0	83
15	33
0	33
7187	17
0	0
0	8
0	8
8	12855
29	11321
0	11708
63	0
0	0
0	217
0	477
0	446
25	0
0	711
2993	27
13	176
735	0
0	0
6	3
421	2
0	483
88	0
0	0
16	0
0	0
0	0
0	162
0	145
0	150
357	3
3	90
0	131
0	467
0	0
5	0
2815	3
0	182
0	2
29	184
36	184
2174	1278
61	1278
355	1632
9	0
0	48
0	48
944	0
562	0
0	0
138	0
0	400
362	0
0	0
0	0
0	521
0	2111
0	1285
6602	11809
0	11809
0	315
0	315
1	345
0	302
0	58
1198	0
13	30
76	1086
0	738
0	218
13	94
0	33
799	0
0	8306
106	937
0	74
1570	2
0	14
0	0
0	33
11	33
0	0
803	0
1802	3
0	0
0	0
0	0
12	0
0	0
0	751
41	0
264	199
0	199
1	191
0	120
1104	236
6	0
0	548
0	255
1	275
7	6
0	6
0	6
0	0
1963	2
5	0
26	0
0	8
0	0
1156	0
0	0
16	120
0	139
238	0
0	1631
0	37
151	0
0	1068
0	18
0	0
0	0
0	0
0	0
1	0
0	1268
0	1104
0	1007
0	1185
0	435
0	19
20	16
0	1378
8	80
0	0
0	0
0	175
2325	3815
106	0
7	26
760	0
83	348
4407	1
0	0
980	0
3159	7
0	0
0	4
0	0
1607	1
0	525
36	604
2091	1
4	0
0	0
0	18
1156	0
0	0
45	0
941	1331
4335	0
0	2649
0	2655
0	2375
0	1102
0	264
0	263
0	439
0	54
169	0
106	929
0	213
41	213
14	2001
0	169
0	120
0	126
102	0
11	2
0	1301
138	80
326	0
0	507
1973	2
5	201
852	0
0	0
0	48
526	25
1476	0
270	2036
0	222
0	222
19	0
107	1660
30	1254
0	0
0	0
47	1017
65	822
0	552
585	752
0	232
98	0
792	5382
0	13
0	26
0	26
0	26
0	26
0	26
251	0
353	0
86	711
89	122
0	78
0	0
30	0
24	0
0	3
0	137
0	168
16	168
0	11
0	0
332	2
0	4
0	1571
0	1571
0	1154
0	5
207	1315
0	0
0	0
1723	1234
0	1234
11	163
23812	29
0	0
50	1
0	14
0	19
0	19
0	8
0	14
0	14
0	0
0	0
0	0
1702	11206
490	0
0	36
6	36
146	0
266	0
0	0
0	14
0	14
0	155
0	153
0	19160
0	0
66	910
1652	2
421	1477
316	0
257	3931
1600	0
0	2482
0	5
0	2217
326	1
0	48
15	47
2288	4
151	601
0	32
0	3
15	1034
13	1034
0	663
0	1236
27	4970
76	806
0	8732
0	15
0	38
0	23
0	125
0	19
0	138
0	14
0	70
0	7
0	6
0	25
104844	65
0	5
0	5
13	0
23	0
78	0
10	90
8	116
0	86
0	325
6127	4
0	1
0	541
1617	2360
0	2360
0	302
338	0
18	198
45	0
0	304
0	0
5	221
191	0
0	6
0	0
3	32
0	0
0	0
0	0
0	1049
0	0
224	1850
0	0
0	0
1	401
0	1537
776	0
0	14
99	0
55	0
40	442
0	0
26	0
0	9896
12	483
3	427
0	2703
743	0
2764	582
60	582
0	6
34	0
60	96
0	1267
0	1345
4	655
0	655
16	0
3002	18
870	0
0	0
77	0
0	0
0	0
0	30
27	264
0	1554
2	11
0	884
9295	6
10	882
650	1
2	0
4112	1
0	117
0	1737
0	0
0	0
2253	6974
290	6974
0	80
3	101
61	2
0	489
1	129
0	1174
43	862
0	868
0	849
0	1164
0	1113
2	1151
0	1094
0	354
586	0
0	4607
0	4643
0	4643
0	4253
0	4253
0	4039
0	4437
0	4271
0	4419
66	4449
0	980
12044	7
3	14
0	14
385	665
2	0
12	1
0	16
0	695
0	10
0	0
0	4576
42	0
345	0
3133	4
5	0
0	734
606	2220
27	2220
6	786
681	1
0	422
217	4682
0	833
0	576
1509	3
909	1
176	0
132	0
91	0
43	37
98	0
0	2
20	0
1247	0
8	0
0	0
0	769
0	0
0	0
2245	0
0	0
5	0
23	387
0	725
0	362
0	132
1	21
0	18
0	1158
0	1025
0	2051
0	21
2	10
0	10
0	47
0	392
0	22
48235	40
55	150
4	12
0	12
0	12
0	12
0	12
1027	0
1481	1
51	2146
22	1315
270	0
0	0
159	0
524	0
0	278
0	344
0	397
0	421
270	0
0	508
30	1
23	394
6	0
525	0
0	0
0	0
9	43
26	254
16	332
0	249
0	24
9	0
0	8
0	0
0	0
1969	1
0	3054
208	3054
0	20
0	68
63	68
50	0
0	12
1	990
0	467
89	727
22	1
7073	3858
23	3855
0	0
0	120
408	907
1139	0
1	7241
1203	0
664	211
1896	0
16	111
3	325
4	3293
82	3
0	0
0	4153
62	0
12	64
0	0
0	0
0	1484
0	1470
5	1479
248	0
23	2856
4	2845
0	19
0	19
9	13
132	0
0	0
0	37
0	10
0	708
282	0
296	0
0	393
0	381
0	377
0	387
0	397
0	499
0	384
0	276
0	268
2112	4
0	145
0	0
0	0
0	2796
0	13
36	3286
0	4
0	4
0	4
20	0
0	852
206	0
90	0
52	398
6	26
266	0
0	45
0	0
0	0
85	0
7296	12
13	0
0	0
0	276
719	194
372	3426
152	0
0	0
0	502
0	91
0	91
0	91
0	27
182	7
39	249
0	4820
57	0
1	0
0	0
128	0
0	0
0	791
0	928
21	4442
3580	4445
223	1262
38	0
0	4477
0	208
279	4995
0	4040
0	0
0	2050
5	0
0	1731
0	215
1	42
0	0
0	45
696	0
14	1708
80	6838
0	0
0	2
0	2
0	24
0	24
0	21
27	15
0	0
0	68
0	33
0	0
0	0
0	16
714	1
0	7
0	0
45	355
0	9
2783	0
10	183
0	131
139	0
0	58
0	0
0	0
0	956
2	69
31	69
0	371
0	510
66	73
0	73
0	349
25	0
0	0
48	0
0	0
0	814
0	611
0	385
0	30
1162	0
150	147435
1	8
488	294
0	0
604	0
748	1
458	0
489	576
0	2222
43	1565
1940	0
267	1230
2	1117
44	88
20	58
0	30
0	30
0	14
31	0
0	59
0	571
0	1633
701	6019
115	6010
0	4913
209	832
732	834
0	0
9	0
0	0
0	583
11	2461
61	1661
0	1227
1281	0
0	0
272	0
0	420
20	1
3985	8
0	17
0	17
0	15
0	17
0	17
0	17
0	77
0	72
0	117
0	0
23	139
854	1
0	0
0	0
1721	0
0	2133
21	2133
473	362
0	502
0	502
17	3597
0	4726
0	533
0	22
0	22
2126	0
0	18
0	15
1501	0
30	464
2138	8340
1	95
221	1213
0	0
596	5
0	613
48	0
2	135
0	0
44	9
0	2179
4	1597
0	2074
0	14878
6	0
0	290
35881	23
5911	8
0	25
119	334
0	0
0	0
0	0
0	3
0	3
0	3
0	0
1174	8564
31	0
7128	2
350	587
4383	0
5	576
0	0
0	0
19	5
125	2680
33	205
215	1553
0	0
3616	3
216	0
2973	0
70	0
0	0
0	0
0	176
70	0
0	589
316	0
0	2024
0	1898
0	0
1191	5
0	283
0	0
20	0
2	0
47	0
4088	41444
0	12294
0	2143
20	2143
17	796
0	0
0	18
0	18
0	18
0	0
11	120
340	1688
89	1108
22	52
10	256
0	50
30	256
0	163
475	906
652	2420
0	2276
8	17
0	36
14	257
65	0
0	161
0	161
0	161
0	161
0	161
0	83
0	22
0	66
0	498
0	472
0	1358
0	634
0	0
0	1408
1453	1344
0	5
0	37
0	34
0	34
18	4821
0	1531
29	0
0	14
0	3
0	3
4	23757
136	25401
259	0
0	157
0	125
40	51
1751	10430
49	274
0	17
0	17
0	929
0	362
0	368
151	896
0	156
55	545
8	740
0	729
0	15
0	1146
0	851
0	1088
0	204
0	0
2388	0
3	11
0	7
0	0
0	196
62	80
0	251
0	210
0	179
9	21
1188	0
0	0
277	96
0	0
252	1379
0	652
63	803
0	119
0	369
2	0
59	9
0	313
0	1689
140	2
467	0
0	3
0	57
0	157
0	182
0	339
0	2774
0	4
10	0
0	0
0	0
1	3656
7	95
0	4
0	4
341	8
403	266
860	4116
0	857
0	1100
23	1428
0	1359
0	1137
764	4
252	0
0	2934
0	0
1886	591
788	1496
27	0
111	1131
0	121
6	786
37	960
7	697
0	844
8	1071
1	1014
207	311
0	0
0	430
0	446
0	47
1143	2
56	0
0	2070
80	0
315	4138
0	0
119	0
9	0
0	6313
0	2
43	916
0	0
3683	16
238	1380
1	0
0	5118
663	1
639	0
0	4
4	0
267	0
2161	0
1774	0
7	29
319	378
0	0
704	1138
0	162
522	3014
12	3675
0	3906
0	3879
1011	0
34	2
0	2257
0	2038
0	2392
0	2161
0	2083
0	2054
0	5
99	457
0	457
0	523
39	509
0	341
0	554
0	61
0	74
40	413
92	2754
0	2754
0	0
304	0
1684	2773
0	2773
0	0
58	140
0	23
302	4
0	0
0	369
0	0
336	744
35	0
0	43
0	43
0	42
0	42
0	42
0	42
0	42
0	43
0	4
77	568
0	0
213	1351
0	1351
0	448
8	0
0	50
162	1245
0	0
10	433
0	433
0	105
0	0
0	24
2008	3
20	67
7	5
297	0
0	344
575	476
0	476
1	190
37	202
0	183
0	202
6166	5
19	17
0	83
0	208
0	199
20	644
59	216
309	0
1	18
1010	0
622	0
176	0
0	0
0	1051
16	234
103	0
0	32
0	0
2265	692
16	340
0	53
33	0
0	0
4856	3
0	0
0	0
0	0
0	15
0	6
0	15
0	15
0	15
0	0
0	2443
0	2373
10	34
0	10
0	168
0	1254
0	2180
11	92
0	92
0	0
0	41
16	1383
10	0
1321	1
0	139
0	0
0	106
5	109
0	0
0	0
2985	0
0	0
4	0
0	1041
0	462
4	742
0	4990
61	5132
0	4890
0	4224
30	7382
0	7482
110	6034
24	0
0	411
0	32
0	2
0	0
1	2374
0	39
0	39
2393	0
61	0
297	0
3	95
0	101
0	6
1674	0
26	318
39	7
0	1255
10	0
23	0
0	56
32	55
1462	0
0	0
16452	13
0	165
0	0
34	324
535	2112
419	1
0	0
67	48
0	385
2049	0
0	0
0	820
0	608
0	350
0	593
1	334
0	7
0	6
11	0
0	2882
0	278
2845	2
0	1
0	0
0	1
0	164
0	5
0	0
130	0
109	22
29280	19
0	44
0	44
0	139
0	534
37	341
32	341
7	3984
2	49
49	364
931	6
0	1
1066	3
1054	0
0	0
0	735
210	738
7	735
28	186
0	0
6	0
95	164
0	3706
87	12
32	12
3340	5
148	1706
0	2839
424	282
1	437
142	1
0	0
67	164
0	61
0	60
8	187
554	0
0	1465
0	890
6	349
11	351
0	370
0	38
8	38
46	63
3	1522
0	495
0	1510
0	1517
0	1530
2	1513
0	0
0	0
1314	0
0	0
0	67
0	0
0	10
0	42
0	42
0	25
0	42
23	176
1	187
0	187
0	0
0	31
52	5821
116	4987
0	5427
67	4916
0	4595
1251	4595
0	1454
0	0
0	35
9	83
296	331
169	0
571	3
0	171
1619	0
0	0
26	3
456	1668
20	1668
169	517
0	517
340	327
0	197
0	275
0	456
0	324
0	262
0	225
362	1
0	0
955	0
12	0
330	2078
0	2194
0	2038
198	0
2239	3
907	0
7	1269
0	300
105	0
0	42
128	5
0	0
0	0
3645	0
3	255
0	607
176	0
897	1
26	0
4229	28351
153	0
0	0
986	42
0	0
0	0
0	469
153	0
0	0
0	0
0	0
27	0
10	0
0	2726
106	0
4168	0
109	379
164	2230
953	0
0	0
243	3355
0	1075
907	0
0	0
13	58
4033	3
98	209
0	209
0	152
1183	2
721	4
0	3
6	0
0	1005
0	0
35	80
0	0
0	0
0	6
0	0
2582	0
3	2719
0	2719
21	0
1	0
45	7353
0	179
0	0
307	329
375	2297
0	4
0	4
73	645
1226	645
142	0
0	150
7505	4
0	71
0	494
0	465
0	655
0	0
0	0
0	890
1336	1
0	0
1744	1
839	0
0	0
0	0
0	135
192	4
0	321
5	182
0	10
0	14
0	0
0	0
2337	0
0	0
4881	2
11	0
1860	1
152	3205
0	0
0	965
3	4179
0	4495
1	131
0	0
154	626
43	626
198	789
121	789
5	0
53	781
17	230
0	2047
0	50
0	3563
522	1723
0	1948
0	744
49	2335
0	0
8	1
163	0
0	0
32	807
31	807
0	0
0	7
3349	3
0	71
126	0
639	2
0	0
5556	1819
0	1813
0	1350
406	0
190	684
0	44
0	20
0	286
10	317
19	19
0	488
0	1055
0	1037
6	0
443	4
0	425
0	0
0	0
0	0
44	10
44988	25
0	1157
0	1356
0	0
133	1653
2028	0
0	1047
26	0
0	0
25	0
2536	3
22	0
715	1
5	222
0	222
0	222
0	8
1109	0
0	20
360	1127
3480	0
0	0
35	5998
0	5998
38	0
0	0
0	9097
932	5
0	0
106	0
0	0
0	168
12	460
331	0
0	103
210	103
0	69
79	0
0	625
0	1
0	0
23	84
0	79
0	84
141	0
577	0
0	0
0	0
0	0
0	328
15	816
2	272
0	0
0	0
2300	3
0	20
0	20
38	0
53	1261
2693	0
17	748
0	748
0	748
0	0
701	0
0	0
423	424
0	0
0	1138
0	1600
0	1191
0	1176
2287	4422
0	4422
0	0
0	596
1392	426
0	426
0	0
138	0
113	0
0	51
1795	0
0	0
0	2909
0	0
0	0
442	0
6	1571
63	1571
908	1
22	1301
0	7
185	0
105	1856
9	1856
12	47
1	1480
240	1693
3	0
7	0
0	453
550	0
170	0
34	595
3	0
0	1
0	1
15	15
0	0
0	0
0	0
0	1023
8	1023
50	408
47	408
275	32
180	11671
795	11671
25	623
108	621
16	0
32	25
0	25
119	562
0	0
12	312
0	258
0	352
52	0
31	623
0	40
2	40
108	404
0	3132
5	0
29	61
1726	0
0	1820
2	311
3	14
0	0
256	0
0	811
4174	0
0	812
7	0
425	1
1	3
13	236
0	14
0	729
725	933
0	933
22	1656
0	1881
0	744
654	0
0	232
0	33
28	196
1	0
0	35
0	35
0	34
15	0
30	1
321	2596
0	2596
0	0
29	0
1976	8
0	0
52	333
150	53
10	2379
389	561
0	0
1888	2
318	33861
1830	33861
0	271
0	1093
0	0
0	20075
0	8
0	1035
0	1412
0	1239
0	31
9	9
290	255
0	572
0	274
6	374
0	370
0	370
0	30
0	1
0	41
0	8
0	0
26	17
176	0
13	896
4125	2
0	205
17	205
155	928
0	0
0	0
2	0
46	698
110	698
350	0
11	222
0	141
475	0
0	0
0	3
0	3
0	2017
0	1618
234	0
11	0
0	318
1957	0
0	3
639	0
82	135
128	9
14	0
0	1885
0	0
4987	339
0	330
1948	2
341	0
126	0
5	281
0	92
0	0
291	0
0	94
1	52
0	0
0	0
490	0
126	30
0	15192
357	0
958	1224
0	1160
0	1221
0	1179
0	938
0	0
0	31
0	31
0	31
0	31
0	26
6	0
2	0
9	113
0	0
0	0
0	0
2598	0
0	0
1161	0
0	125
0	0
0	0
0	0
2925	0
1742	0
0	0
0	0
0	0
0	0
0	234
10	81
0	6
0	6
1014	0
2	0
0	386
0	427
0	407
0	0
0	853
0	1
0	218
0	215
0	1766
186	56
50	56
0	820
230	7753
0	585
1898	2
17	288
17	0
10	0
631	0
0	222
11	18
235	0
34	27
0	0
0	20
0	9
0	9
0	9
0	3
0	52
50	22
21	0
0	0
2256	0
1492	0
0	0
113	197
0	64
0	139
35	139
0	0
0	0
91	0
0	527
0	224
126	837
0	158
0	0
45	0
0	0
6	0
33	1689
0	1689
44	85
0	437
35	348
8986	1
0	4
0	128
688	1
640	0
816	0
0	2239
0	1578
0	1898
101	929
0	0
86	1908
0	21
35	208
0	2
0	0
0	0
0	13
12	0
0	4274
18	0
14	0
29	1
14	289
1167	2521
327	2521
0	43
0	1605
0	39
519	0
27	0
5	1
604	0
2332	7
0	0
0	54
0	0
4657	1
8	0
0	9
80	9
3	0
335	0
140	0
0	0
159	1754
32	0
4	21
356	1008
11	0
0	5311
220	4296
0	1976
0	32
471	1185
232	1113
0	1113
19812	14
0	0
0	0
308	0
0	0
142	515
7	963
0	412
33	12
0	1006
5	0
11	0
0	2951
0	1724
0	1781
0	1425
0	0
0	0
0	104
0	104
122	723
36	159
1087	9578
35	9578
283	172
409	0
1123	0
0	13
6	0
102	0
0	0
4215	2
1	13
0	13
178	1068
0	0
0	99
1	0
5	0
228	5461
67	5461
27	0
697	0
157	82
1365	0
0	0
0	0
4	0
0	0
0	0
0	0
20	1379
1472	15461
54	15461
0	26
127	0
0	9
30	0
0	0
0	26
0	0
0	0
0	0
0	24
0	10
4	10
2257	0
96	2
0	0
1	0
0	18
45	110
4	662
0	658
0	1747
0	1800
0	0
0	0
546	133
0	133
0	1895
0	2177
13	24
116	0
98	256
0	387
73	192
80	4
0	317
4270	0
0	1427
0	56
68	56
2	4330
137358	100
1180	0
0	6
0	0
0	1281
81	4090
48	3855
49	27
0	6
0	0
14	1291
0	1291
59	1078
158	1013
103	1013
0	878
46	675
58	809
0	809
1	9
0	1228
0	1262
0	1123
0	1123
114	261
13	0
0	0
0	18555
1	63
0	101
0	0
0	0
0	0
0	4490
19	0
59	1099
0	55471
1	54817
0	58791
0	0
63	336
391	388
0	4694
209	0
4	0
26	1535
237	20
0	998
404	969
424	969
63	340
0	4
0	52
6301	0
0	11
75	0
608	0
2349	0
132	304
21	212
59	212
0	376
0	175
44	198
8	481
48	481
0	0
454	0
17	0
0	3402
0	0
241	68
0	229
0	137
0	5947
0	292
0	124
0	125
0	108
0	0
297	0
86	2929
136	2974
37	2974
0	4
2	44
25597	6
0	2956
0	744
0	12810
230	3787
211	493
0	0
1	233
221	131
6	184
0	206
66	302
69	302
0	0
6289	1
0	41
1050	0
3	2310
31	0
0	298
37	341
0	3764
5	0
12	19
0	564
0	23
0	8
0	22
3434	0
0	0
35	89
13	263
8	41
0	0
72	267
54	267
2624	3
0	0
0	0
0	0
106	589
34	650
0	623
0	0
7	242
39	0
0	0
3	51
0	1999
0	1
0	43
0	630
31	270
1	178
0	173
0	0
642	0
12	0
2833	1
115	0
5334	8
0	127
0	15
0	0
0	28
11078	6
0	186
0	267
0	229
0	0
0	0
221	574
3	56
3459	392
0	0
0	58
0	58
0	1922
0	1922
12	2022
0	976
0	1759
0	2475
21	0
0	0
15	194
0	381
66	381
759	0
51	0
11977	17
50	1971
105	938
0	0
0	41366
0	11762
50	419
8	419
81	0
127	452
122	1315
0	1315
44	0
316	0
0	0
0	0
18	2305
0	756
0	194
0	226
0	1662
0	0
895	0
69	0
0	0
0	1348
0	67
0	0
0	0
392	1127
59	18
0	0
0	0
0	30
0	32
0	638
0	94
40	466
0	0
0	117
0	117
0	0
1147	0
0	1469
458	0
122	0
1	1359
5	49
19	0
0	631
0	224
0	295
7	1
13	58
0	58
6	18
26	77
15	186
327	0
0	245
1006	246
144	52
19	0
39	0
0	0
26	204
0	554
696	0
3831	0
0	3803
0	3662
0	3117
0	3687
0	1821
156	1507
0	1419
0	1516
415	2624
0	289
342	1782
206	0
31	764
0	0
56	0
16	239
0	2
407	37
0	0
192	14
0	0
0	0
0	32
0	0
7	118
0	14
0	3
4	15
0	6
1	752
0	0
588	12597
0	12597
0	60
0	0
1180	0
0	375
0	280
0	268
17	0
3420	13157
0	13155
0	248
154	5
0	1008
18	2
0	71
0	730
1	747
0	0
28	324
0	64
1	7
0	2
939	5
16	7357
325	311
11	1357
0	1194
166	168
112	0
0	0
60	74
0	0
234	1630
51	2445
19	0
18	370
34	0
6	6006
5200	6008
0	591
19	562
0	170
27	626
16	626
236	933
0	1091
3730	1432
0	1424
0	1245
0	5
0	9
0	4144
0	11
0	11
0	1538
0	1006
0	1078
0	1196
992	0
2255	4
0	12
83	0
0	250
452	32
455	3364
1	41
0	1206
0	0
53	4
32	0
0	0
0	104
6	284
0	474
0	288
0	437
0	474
0	350
764	0
32	0
24	211
1	26
0	0
35	710
5	68
0	419
0	2875
0	0
0	3
1	190
411	1614
498	3772
0	0
180	0
0	79
12	31
2	0
0	0
0	41
0	0
0	162
686	1261
0	0
0	0
0	0
0	0
0	331
8	10353
0	11140
0	709
0	798
162	913
2276	1
0	2
5072	3
500	631
3740	1
54	423
0	1
1018	0
0	1545
57	557
0	1671
0	1488
0	3540
22	3610
155	3726
0	3603
0	3719
0	1486
137	299
5	309
0	81
0	31
136	2580
0	2583
1455	1
0	8
0	0
1293	3
0	0
282	2437
17	89
1	1796
0	1760
0	1767
2427	1
0	1
116	647
9	75
0	32
97	652
0	651
0	667
0	700
0	700
0	639
64	415
0	0
22	0
0	0
65	342
0	493
511	0
116	882
0	190
0	54
0	1053
236	1781
0	1368
7	1338
0	9
2821	0
0	0
133	1294
2061	1
929	0
0	627
94	1325
0	1325
0	0
0	138
0	367
0	140
933	1422
25	90
24	1066
349	919
0	3539
7	0
49	0
166	0
24	0
0	1288
0	222
0	331
0	3
0	3
0	0
0	529
0	2196
0	39
0	572
0	473
0	13527
0	13404
4	439
0	439
23	0
0	0
0	0
6574	1
213	1523
524	0
1603	1
0	1311
0	756
8743	1
679	0
483	0
0	1670
0	0
0	0
0	0
215	1147
0	1797
0	1472
0	231
195	0
51	0
506	0
1	0
0	0
38	467
13	3417
602	3418
237	1589
24	0
0	0
0	91
34	0
0	29
2806	3
388	0
0	0
0	3
47	1081
0	1072
0	802
15542	11
388	0
3	0
41	1
0	139
606	221
0	867
0	867
0	624
6966	3
19155	12
730	244
10	2269
80	2269
0	92
16	92
0	587
0	0
0	155
255	0
0	0
7	387
0	0
615	0
0	0
21	0
0	2397
0	6
6397	0
0	1073
0	870
0	0
90	690
3054	5
118	0
0	39
0	0
0	0
437	3
0	1345
0	0
0	0
0	0
3028	11
0	0
0	0
0	0
0	164
271	0
0	0
0	285
0	337
0	277
0	2646
111	0
0	792
21	873
9	940
59429	69558
1	50934
8	72248
2765	23143
0	193
2773	3
4	5
0	775
0	0
4	0
0	0
0	0
0	436
0	996
0	263
3	291
0	40
199	0
0	342
0	344
0	0
0	0
0	130
0	3033
0	0
614	2
50	203
1	96
0	853
0	419
0	2243
0	13
359	6774
23	6774
0	3792
5381	7
544	0
0	13
0	26
0	91
0	136
0	149
0	91
0	91
5	169
0	124
0	36
6274	0
0	3
0	642
0	439
0	254
0	422
0	0
2121	0
0	391
0	614
0	391
0	625
167	1912
38	453
1511	1
29	225
344	496
0	496
290	1438
3952	1343
0	1343
1041	2500
483	2500
21	0
0	1992
8	4280
80	4280
150	1002
0	2420
129	0
339	0
0	0
775	0
10	242
413	1
95	99
1670	48
0	0
1	133
150	405
423	0
26	191
0	0
387	1
0	10
1	6
0	177
46	183
0	0
0	0
0	1
14	0
0	0
0	0
0	832
7	15
9	0
0	118
222	2
243	0
0	534
0	143
17	24
6	0
0	0
1364	0
0	529
0	1021
6	0
957	0
2467	0
0	85
0	0
186	0
22	26
204	258
28	0
0	72
0	342
1	1256
0	2749
2247	6
2026	0
48	70
100	16
1	0
59	6
0	44
46	0
0	13
0	18
10	33
0	0
285	0
0	358
0	568
22	358
0	231
0	496
0	553
6219	0
0	0
0	1071
0	870
0	0
37	333
0	181
0	126
5	132
492	4092
0	21
1340	1
0	0
0	0
5	1504
0	1465
0	1594
0	1637
7	575
0	285
359	1402
104	762
0	736
120	262
8	262
0	439
7	469
0	585
0	435
0	0
3	2
593	3
5	136
0	142
10	23
0	25
71	205
0	1
0	1
0	597
43	597
0	58
0	58
0	1737
0	129
0	0
0	0
53	0
12	168
0	163
1	2422
63	2454
0	2182
25	138
479	118
87	0
0	11
0	11
15	0
113	5118
211	5116
1	0
802	0
0	10
32	289
117	0
517	0
227	630
352	1702
0	0
1	20
0	304
0	587
0	44
703	7
16	353
0	708
0	727
0	284
0	91
10	26
0	91
0	143
0	0
0	447
0	162
22	259
0	74
40	0
1292	9
0	0
632	0
0	0
0	0
934	1734
0	1376
7	3545
0	3408
112	880
7804	4
0	1305
0	302
6	306
0	307
0	303
46	245
0	0
27	2934
0	3
0	3
5551	1
236	1011
7	513
1216	380
23	160
11	177
367	900
0	0
40	36
2006	2
0	1036
0	17
980	2993
255	1954
793	1
802	325
1	0
83	653
0	166
0	166
0	78
1262	3913
575	3913
709	4
0	667
0	1729
0	1054
0	183
0	0
0	133
0	129
0	151
14	788
0	273
0	0
600	0
0	427
78	664
0	664
34	121260
10915	121261
0	673
187	0
0	195
1395	0
297	0
0	0
4149	0
1	0
0	151
0	129
0	26
5994	762
0	381
0	0
0	5594
2	0
0	0
10	51
6	8
199	120
0	24
0	1263
271	3756
0	3378
0	41
0	2299
0	737
3	40
116	53
0	0
31	678
0	644
0	134
0	0
0	0
0	568
0	541
0	492
0	2
0	871
316	3766
85	613
880	0
478	0
361	0
108	65
520	0
1424	0
7	0
793	0
167	0
0	0
1	8
1349	0
5	7
0	0
0	524
30	1
1	0
6	18
197	0
16	116
2	0
0	0
0	0
0	0
0	15
180	2233
274	0
343	2054
0	263
70	707
0	707
0	623
0	705
0	3890
0	3010
23	20
0	0
0	0
0	0
0	0
0	0
16	0
0	0
0	0
8	0
0	0
0	0
0	0
0	20258
0	20308
618	18957
0	18951
45	959
0	179
0	0
23	1418
0	0
5	1
1427	3
3190	2068
0	2065
0	0
0	0
0	1427
0	1248
0	252
5	252
745	0
312	0
72	263
3400	1
0	308
9	376
406	35
239	2312
429	821
82	821
0	90
0	1320
0	1307
335	183
0	6701
143	0
1	194
0	812
1580	0
0	885
5033	2
0	1
196	0
3146	3374
0	3373
0	637
0	0
21	0
144	0
15	1155
0	1148
0	62
30	680
300	745
0	0
3	0
7105	4
0	0
137	1514
19	163
0	163
0	4
0	4
149	0
0	186
0	200
0	216
7	21
0	213
11	0
0	28
0	0
334	0
101	386
0	12
0	0
0	53
9	264
11	0
0	0
0	12
1	29
0	577
0	0
0	7227
0	0
163	0
987	2099
120	2090
985	0
103	0
2634	2472
5993	6
1402	2
1	98
0	109
1	113
0	97
6	1261
60	322
6	322
0	1210
71	1
6	0
219	58
0	54
1	0
1919	10156
12804	10159
0	0
1177	0
0	0
0	2639
14	0
7	23
0	0
0	2345
1	0
2531	1
0	0
165	0
2245	2
689	0
120	0
1838	1
12	5
0	16
306	1597
6547	2
0	0
0	16
1503	1
0	0
0	380
128	380
0	380
0	367
0	0
0	0
0	0
0	0
0	0
8	0
0	285
61	285
557	0
0	694
34	1257
141	653
0	385
591	0
797	10
365	0
0	3970
0	821
6147	821
17	18
28	18
2181	935
275	934
260	383
0	383
125	46
0	0
0	46
0	580
40	0
0	0
0	0
0	0
0	71
143	0
4	166
65	191
225	0
2	0
0	1411
0	0
0	5
1	11
33	846
1760	0
130	0
27	122
0	128
0	128
0	128
0	90
155	455
3203	3
940	0
32	181
20	181
32	49
1564	1
27	123
0	2325
0	2708
0	64
20	1205
0	971
0	971
0	971
0	1162
23	388
4	186
518	0
6	20
76	0
221	1725
1	1
0	0
1154	3
0	0
33	334
0	0
0	0
3842	0
180	0
0	0
0	0
5	164
0	164
0	154
0	133
190	316
573	3005
0	481
0	325
0	175
87	0
3	84
0	0
924	2673
251	0
47	7
169	4101
0	4101
8	4101
0	0
0	210
0	215
0	191
0	60
44	0
0	673
0	0
157	0
76	0
0	1386
0	0
0	0
148	0
0	0
1193	0
3	30
0	351
28308	16
970	0
0	0
0	178
1371	0
2735	0
0	0
708	13
157	0
291	4622
53	4622
72	1057
147	1057
0	0
0	0
0	0
0	1793
187	1
0	0
3375	4
0	1724
0	0
0	115
0	93
0	97
48	483
0	320
0	8285
0	4565
11	40
0	40
196	3270
0	4278
0	3048
14	0
0	184
1410	6994
16	399
0	0
379	0
0	0
74	1197
0	275
0	275
0	0
100	0
455	0
0	13
1824	0
0	269
0	0
0	0
13	0
17	228
0	0
0	1886
376	2888
0	13
48	44
51	188
0	579
0	149
91	0
4	1058
0	5
44	175
5393	1
22	0
160	0
0	969
3	16
0	14
0	76
10	56
0	0
110	1501
0	1501
0	0
164	0
0	18
11	82
0	0
0	0
10596	2
950	0
106	0
805	4506
0	4506
265	1290
0	8
3387	6
14148	12
0	1
0	1
93	354
148	871
923	0
8	26425
751	28148
0	9308
0	99
0	0
0	73
0	73
41	113
0	0
3	0
99	0
0	0
0	31
7	286
213	294
5891	6
3945	12
39	23
28	9
23	64
13	64
548	0
1	71
17	419
44	495
39	497
93	0
0	0
0	444
0	432
11	835
75	0
495	0
877	0
0	0
448	1455
0	1355
0	20
0	252
0	0
0	296
23	296
1950	2358
0	2358
307	0
0	18
8	18
1836	1
0	0
0	35695
0	0
0	0
2605	3201
8	3081
176	2982
0	27
0	27
0	170
12	194
0	248
50	187
0	118
0	131
0	304
0	503
22	19
0	0
0	0
367	757
14	94
0	0
0	0
146	0
313	0
598	0
0	1584
10	437
738	437
57	1084
57	832
140	267
0	836
683	2
0	4535
0	0
31	166
0	1021
0	51
0	711
780	0
3469	2
1365	0
1	2103
0	4
54	121
0	121
0	125
121	0
127	1600
83	0
0	11
676	4
0	679
0	636
17	0
0	1284
3756	2369
0	2202
61	51
0	394
0	42
29	0
0	18
2	31
2	342
473	397
2	0
695	2
7	0
0	333
0	325
0	322
0	322
0	309
0	955
22	0
0	2978
60	0
34	0
0	879
18	23
0	23
0	17
0	17
2	0
6	0
1678	5040
3	4808
0	3526
8	1809
0	2516
5158	1
0	1597
0	136
924	5
38	0
5845	6
0	524
9856	3
0	0
315	0
0	13
0	524
1065	907
44	907
48	0
0	15
1166	0
0	31
5345	8
1170	0
0	1043
20	245
2	245
710	0
823	0
34	593
0	2136
0	0
3	3
60	0
0	183
9	1512
77	1494
66	56
0	0
180	2
107	789
0	789
28	154
1303	4
0	99
0	124
34	171
1201	0
0	0
0	0
0	0
0	162
2462	1
0	5
0	0
87	0
0	8268
1	0
0	0
0	358
0	358
0	345
3	0
132	0
31	0
10	13
0	1
0	1
0	11
116	542
0	316
383	7160
0	7160
61	394
8	0
0	0
16	518
0	0
2826	5
0	580
17	580
7	52
135	0
0	280
135	1280
1527	0
58	233
0	575
67	0
380	0
160	730
0	727
0	4286
0	882
14	801
0	161
639	1
0	0
0	0
9	94
0	0
111	321
3	174
0	174
0	174
22	294
149	711
0	711
410	181
0	2
104	134
0	88
0	73
593	1749
0	14
316	70
1480	0
0	17
2	17
3	0
449	0
287	1
0	112
22	113
0	0
232	0
7	0
0	0
54	174
0	55
0	5
8	0
66	0
0	97
0	99
0	6973
21	0
0	148
0	148
0	148
0	148
0	148
0	146
0	0
270	175
0	175
0	1060
858	0
110	0
247	2
425	0
0	0
24	344
3	0
0	1208
0	405
202	0
0	3506
172	0
0	1440
53	0
614	0
142	168
365	0
0	1017
2	0
7	1763
0	2104
153	1547
39	1888
361	44
0	44
0	0
1443	0
0	0
1	158
0	0
0	20
70	68
0	66
936	3
970	1
0	123
0	530
0	84
7	22
0	1
0	0
0	2
130	2166
99	2164
0	0
0	0
5	105
47	0
679	1225
19	1229
0	1072
15	4
0	4
0	29
0	1603
66	1841
0	1877
0	141
25510	15
0	223
0	1763
0	3649
0	2647
0	1860
55	1000
7	1006
0	293
0	2362
16	367
15	0
17	335
0	258
162	4
0	0
182	1859
0	1859
0	1170
0	251
875	2
777	2
11	45
0	55
0	20
2	42
83	1072
3	1072
2	45
0	92
0	46
0	57
0	81
0	196
0	83
709	2
0	1607
57	1607
279	0
241	133
0	88
8	4
1097	116
0	0
0	0
122	42
136	73
177	283
0	313
511	0
29	0
49	476
0	7
0	5
1407	0
922	765
97	765
103	4890
0	6245
0	6154
0	6095
104	6440
13	6124
0	0
48	0
0	0
0	0
470	0
0	844
86	14
391	1
192	4730
237	0
3513	1
1	0
19	0
0	1661
0	443
149	2666
0	2122
1	168
0	34
0	32
0	34
0	33
0	33
0	33
0	33
0	34
21	0
0	0
30	1579
0	383
0	2
0	41
0	41
0	85
10445	11
497	0
3000	0
27	479
0	479
0	0
13	468
0	468
393	68
0	3234
0	3234
0	17
5791	1
9	0
0	491
3505	8
0	0
0	0
74	0
203	1526
1320	2
0	0
0	0
0	263
0	241
0	0
4	0
1423	0
0	0
0	0
0	4
0	4
1926	0
0	37
432	1375
4	974
0	0
6	3332
319	3331
2284	8
0	0
0	0
0	2
11	15
10	3
756	1
987	2144
0	1511
281	337
0	582
129	0
1702	0
90	0
955	0
2	1
4171	3
0	0
0	0
4	0
0	2663
91	1619
0	2671
934	1294
0	2705
0	0
3049	1
0	214
0	244
0	1850
783	0
0	87
1484	87
2	0
10	20
48	606
0	39
0	8
0	13
745	0
2927	2
1685	2563
305	2563
658	0
233	899
0	612
0	0
91	0
0	733
0	253
1839	0
0	0
0	0
0	0
0	0
0	0
3409	23
0	400
0	462
0	689
78	870
2	95
39	652
0	50
716	902
2723	0
0	0
23	0
11	30
2	0
0	279
51	2377
204	2377
8	17
0	17
0	10
11	0
73	0
0	0
166	0
5	0
69	546
0	0
0	2
14	558
75	520
0	21
0	2135
0	40
0	28
1153	1079
0	188
2118	13
0	494
254	4190
73	4190
79	0
48	0
0	3
742	0
0	37
0	0
0	0
98	698
1	0
5	178
1417	0
2767	0
858	1166
48	1297
324	0
0	0
1068	3
27	23
0	23
228	0
0	0
0	0
674	0
93	5027
0	2794
90	0
3036	0
1153	0
944	0
38	75
0	75
0	1731
0	0
0	0
208	0
8355	5
3	119
0	1
6	0
0	0
0	529
0	0
38	22
0	490
15064	15
0	0
278	0
0	3
0	23
23	725
0	725
15	0
9	7
0	6
17	0
0	0
27	0
0	834
0	158
0	158
0	0
0	0
319	0
689	6
0	25
0	8
0	8024
0	8024
323	0
36	0
0	0
468	1243
6	1243
5814	2
1	0
0	1614
263	850
0	171
0	0
1039	0
13	0
177	0
883	0
0	0
0	0
0	0
0	0
543	0
50	0
0	0
488	1
0	3193
0	261
0	247
9	230
0	127
0	257
0	127
0	103
0	73
0	73
0	2219
8	0
0	0
0	0
25	297
20	460
0	67
0	67
0	1234
0	8
29	0
0	0
0	0
97	0
45	476
33	476
478	393
79	39
0	0
3	282
877	3
1630	0
0	0
0	1
179	0
0	1
0	119
110	119
99	0
1	0
445	1603
234	0
324	1385
0	712
0	0
0	869
0	944
0	869
0	955
0	828
0	948
385011	441
1603	1
1996	2
0	34
0	34
0	685
0	163
19	77
0	77
0	59
0	54
0	46
0	15
266	3
0	858
0	652
0	821
0	617
0	633
0	0
0	12
0	48
0	815
0	151
0	149
0	200
0	166
0	102
295	777
0	496
5	0
1	7
9	0
0	0
0	4507
0	4507
4	4062
0	3912
9379	2
73	0
0	283
38	546
0	689
0	886
0	428
0	673
0	7371
84	59
232	199
642	189
0	250
70	0
134	1240
0	0
0	209
84	0
529	3
1122	0
0	2408
5	21
0	46
9	225
0	15
0	0
0	9
937	0
125	9
44	796
19	0
1339	2
2541	4
571	232
1237	0
1088	0
0	1176
0	1021
0	1176
0	1153
312	48
0	19
17	1039
81	369
76	293
575	0
0	120
9	0
0	0
0	0
0	3974
0	3473
0	305
294	0
0	126
30	2
17	2182
135	2182
0	68
5116	1
9283	11698
0	11695
10559	5
26	150
0	0
33	539
3	0
99	0
0	274
1157	0
1701	1
390	0
0	4
0	0
439	2
4499	2
11	77
0	0
3	989
11	318
327	3
19	863
36	46
0	870
0	116
31	37
323	3436
98	0
406	959
0	3138
157	0
0	838
27	1698
1486	2
98	0
39	77
0	77
0	5
554	35
305	0
0	805
256	0
0	92
0	898
212	4357
142	4357
107	436
0	0
20070	16
2261	2
0	1079
292	2812
2	2726
0	0
0	0
0	282
1	0
7	0
38	1520
0	1584
0	1106
0	0
0	3529
0	60
790	1720
0	11026
0	0
0	333
0	0
17	2
0	0
0	0
375	0
0	53
0	0
76	326
0	828
0	0
12	278
0	267
4	247
5	522
174	0
0	113
0	16
0	16
0	540
0	630
980	4
0	211
0	356
0	356
4	442
32779	10
0	33
91	156
239	55
0	6
885	0
0	148
0	158
0	119
0	0
1761	0
309	5139
46	5077
52	5179
0	91
65	0
0	90
179	0
0	405
2	307
0	307
0	0
0	0
0	1
0	538
0	54
0	70
0	1198
4	23
0	0
0	5
0	0
0	0
21	0
0	0
0	435
1	407
155	0
157	0
175	420
0	17
349	99
0	99
571	0
149	0
0	161
2	93
182	211
138	4005
0	4001
0	7851
2	0
0	0
0	0
658	142
0	0
0	38
44	208
1	49
2948	16
2939	6143
0	6141
1762	7
0	80
0	1327
259	2421
0	0
0	0
77	1263
418	0
16	545
0	172
0	167
0	138
0	7
0	1801
0	440
0	0
157	0
0	5
0	5
0	5
15	284
40	918
322	0
7	1014
24995	26
2148	0
895	1
227	130
0	129
0	368
0	107
0	19
7	0
0	237
0	0
0	0
33	67
0	67
0	84
0	84
0	78
0	0
0	187
0	2
0	0
38	621
0	0
0	183
4	508
102	508
0	409
102	0
0	630
1696	7
0	0
138	4
114	34
49	34
10	7432
0	1236
30	6814
0	0
2	0
0	426
371	17464
87	0
0	0
0	1156
0	1145
0	1194
0	7
0	4
0	1109
2892	0
33	71
10	6
2	8
257	0
0	1287
0	0
10	5
0	13
0	0
11	0
0	156
5	123
28	156
53	0
0	30
0	35
8	32
0	3
131	777
109	0
0	1972
0	0
0	63
0	0
0	2
10	153
134	0
87	0
0	557
30	26
0	1650
0	1630
0	23
0	0
0	1206
2031	8593
134	8593
0	3001
0	454
0	690
0	184
0	291
7	4519
866	0
0	85
0	156
0	1687
0	44
0	1077
0	0
0	484
0	0
0	15
0	108
0	8
0	3824
172	3657
24	3694
70	3535
0	1641
1	547
48	547
0	557
0	187
142	0
0	3305
3	4689
406	5162
864	0
0	0
320	302
0	1
68	1
0	1262
0	1035
0	1262
0	1209
23	586
28	160
0	0
98	0
0	337
0	0
0	481
95	0
28	796
0	1639
72	0
0	0
0	0
0	11
0	4600
7	4572
97	4311
140	523
0	614
0	614
171	2024
19	17
28	17
17	10
0	7
0	5595
1	6123
0	0
28	498
140	3034
25	2894
494	2649
0	1177
489	912
27	1202
0	810
430	0
0	243
0	394
0	15
0	429
121	1383
0	61
0	65
0	165
0	16
0	0
0	1743
0	1634
94	2666
13	4
142	81
0	482
0	486
0	376
0	0
420	911
7	237
0	831
0	502
0	6
12	353
5033	2
9	0
0	28
0	35
0	35
0	0
0	709
0	2
0	177
1410	1318
0	1318
0	0
107	22
0	0
0	380
0	0
0	0
0	358
189	0
0	45
0	552
432	1352
4	1
0	0
356	0
465	4629
13500	15
0	0
0	0
0	740
0	169
162	1526
941	0
0	6
1184	2
0	0
0	9
0	9
0	9
0	48
0	46
0	41
0	35
0	94
0	205
0	85
0	36
0	167
48	205
71	1387
0	0
3	0
685	0
0	0
0	0
104	0
44	777
18	0
61	847
0	9
254	0
0	245
68	0
0	707
4	0
78	534
0	6
346	0
3562	0
0	1
0	1
0	1
0	161
28	0
0	133
8977	11
17	0
0	4
0	2132
187	0
0	158
38	339
3	0
0	6
41	1700
61	1700
0	10
88	1399
1368	1401
106	241
123	241
455	1
27	0
0	0
9	0
0	17
0	332
1871	130
0	2466
61	11059
125	721
0	0
0	0
52	0
0	68
1349	1
2	0
419	0
0	0
45	450
1	450
0	0
0	0
0	0
0	0
0	0
0	0
0	0
0	0
0	10939
0	0
0	1
0	19
0	19
0	0
0	5
0	5624
0	82
5	5721
5	5402
1220	1036
0	0
363	222
19	222
0	0
0	712
0	0
6	26
0	9
0	0
402	0
77	0
0	52
0	33
341	0
0	6449
281	6452
56	3848
0	1384
0	3265
0	3579
0	11
0	6
6	0
0	41
0	1
0	0
3417	14
100	0
0	0
418	0
1952	1
1162	0
33	8573
38	0
0	0
0	0
0	0
0	0
4	0
1	0
0	269
5	269
9	4
85	4
0	0
0	0
192	429
0	275
0	0
0	0
0	0
0	0
0	196
23	196
8	0
0	0
3	266
4	0
0	0
0	0
60	0
3	25
252	597
1	11
13	0
2	57
0	57
0	21
0	1
0	9
0	9
925	333
0	333
8	100
0	1
0	1
0	1
91	1698
0	310
0	466
518	490
0	11
3	0
0	0
0	4446
0	0
0	2420
0	1446
319	0
0	1267
2	0
690	0
829	2
0	1114
0	1103
621	0
0	0
0	0
95	0
2	0
223	0
2	0
0	644
858	1084
0	0
18	0
25	248
9	352
0	0
0	0
0	320
0	0
223	15924
2063	15925
0	13966
7	133
0	620
1949	623
0	0
100	1258
0	0
19854	2528
0	2512
1958	5
1	0
0	19
0	19
0	0
34	0
0	147
0	0
0	0
139	360
8	90
1245	0
1101	2777
35	0
31	2476
0	2476
4552	1352
0	1
74	147
6	0
0	4541
0	3209
0	0
0	588
736	0
0	0
50	97
7214	4
0	0
0	4
1175	4
0	1
0	0
358	3182
0	131
3273	0
193	568
262	0
2733	21173
21	0
473	0
0	0
51	320
0	320
15	0
0	0
45	4
5	0
839	0
21	706
0	577
0	536
0	709
0	517
0	431
0	119
0	88
0	88
1320	0
0	0
6	297
20	297
49	4838
0	4838
0	11
66	0
77	0
391	0
0	38
227	7673
135	7658
7	7702
21	7616
463	7421
0	13
0	13
0	13
0	13
0	13
0	40
9	0
0	601
0	621
0	619
0	609
9	1130
0	1103
0	1036
0	1025
0	6
12	0
0	3176
54	85
1	130
28	0
0	610
0	589
0	610
0	413
88	538
4	0
1896	0
0	2902
227	2097
451	0
11	5
8	5
1	0
15	0
0	5480
193	5686
0	365
0	7
0	7
0	0
1930	5
0	0
0	0
0	0
39	1951
0	560
0	517
0	563
12	520
0	517
0	514
0	409
0	514
70	0
897	0
433	494
9	491
0	0
178	222
0	1688
39	1688
0	578
458	3
0	1188
0	4
1	1969
1	0
970	0
119	0
0	8579
0	8579
1769	0
16	962
0	37
1759	3
62	0
0	6
0	6
3367	5
21	278
4541	7
61	0
858	0
762	0
4	0
6	25
0	25
204	0
0	0
0	0
804	0
46	581
1407	5
0	186
0	160
0	184
0	174
268	0
224	0
684	0
5	0
150	106
0	2264
66	808
0	808
54	0
0	0
103	128
0	128
949	0
45	24
290	0
0	1180
696	0
1311	0
0	575
0	0
24	25
26	0
674	3287
36	423
0	12
0	12
515	4783
1025	4782
45	0
64	0
16	20
95	0
0	0
2	0
0	1
1638	1650
0	1649
67	0
1192	0
0	0
0	0
0	47
0	308
0	308
46	297
3048	0
0	155633
0	0
777	444
0	444
0	6
0	170
0	362
0	134
260	731
0	731
111	0
183	1506
0	378
4	378
16	637
28	423
18	231
2	0
1	0
0	82
0	0
0	213
548	0
0	1094
58	1094
19	13
0	138
14	138
0	135
0	321
2740	1
0	1018
39	1018
4009	134
1088	0
0	0
13	8
0	49
0	488
434	1
6	0
0	0
333	0
16	0
371	1897
0	0
101	0
0	0
117	105
0	105
223	5774
26773	12
1758	0
14	1669
0	1609
4	534
15	0
0	588
0	447
112	343
0	342
0	0
0	14621
41	39
46	32
0	32
0	32
2369	8704
8	0
645	0
0	4924
163	4754
0	4763
0	2245
50	0
79	0
21	0
319	146
0	146
2	1284
189	15
622	0
7	122
63	122
20	0
0	32
401	1664
0	1664
221	0
1762	8
1163	3
0	1897
0	1940
0	5
427	0
0	0
0	0
71	414
25	785
10	967
835	0
104	0
174	1271
4	1271
11	0
0	442
338	548
0	548
0	0
0	0
288	0
0	77
0	0
0	10435
0	9871
0	11197
735	0
35	0
187	0
0	0
0	3075
355	0
36	1340
37	0
173	9
0	9
735	4
1011	0
202	0
5	0
0	10177
0	9699
0	10155
0	10252
0	10195
0	7636
2	16
0	133
120	418
0	0
0	0
0	0
0	0
0	9
870	6323
0	192
0	1866
11	6
0	6
58	144
2	1621
35	1621
0	172
0	22
0	0
0	11
0	879
0	0
435	1
0	908
0	42
0	24
107	24
0	566
0	0
5	2167
0	347
93	4045
1	7
0	170
0	245
0	98
0	5
0	5
0	240
0	645
0	0
0	0
2	70
0	18
513	1
0	381
1412	855
3401	858
2	0
0	424
0	0
0	0
0	141
0	141
0	141
533	1343
745	0
25	146
13	0
15	486
22	715
0	721
0	693
0	713
0	0
0	0
0	733
0	0
0	3331
0	2932
6	7414
35	7046
0	7422
0	239
45	0
234	2640
0	23
0	0
0	0
0	0
0	0
0	0
0	1880
27	137
109	0
0	818
1	48
0	5230
41	0
0	0
0	385
0	3620
29	1
0	721
0	229
0	0
0	1
0	1
19	382
0	0
0	0
1528	962
0	374
0	2865
66	8
0	1973
53	20
4	20
0	632
0	589
0	589
0	778
11	521
0	646
0	632
0	156
845	3895
0	10241
0	10179
70	348
10	6216
1	1452
0	694
0	6687
0	328
0	317
0	314
0	304
0	0
2	9918
0	10067
253	3197
0	167
0	278
0	0
1209	0
960	0
8	64
0	31
4035	1062
0	1114
0	1222
0	1068
0	373
2	0
0	94
4	0
0	0
55	1640
0	1640
0	0
356	4
3	0
5	5
0	163
5	1408
57	1408
3	16
82	692
2947	695
0	253
16	341
0	49
96	1075
5	811
0	759
239	0
0	3
0	0
755	5
6	1160
0	910
0	0
43	18383
7038	18387
1	17262
0	0
383	453
0	1011
580	1013
0	6
0	1945
0	1899
0	1876
0	1896
0	1930
0	1958
0	1939
0	1865
0	0
0	0
0	0
0	0
135	490
629	0
0	354
7	0
0	3207
0	320
13	829
34	813
57	0
0	908
0	4
0	4
1319	2
723	4213
0	0
123	0
1	564
42	0
96	269
107	270
192	3676
0	1790
0	1372
0	121
6	1
0	528
3	666
4	0
38	0
0	2425
0	43
253	0
22	92
0	93
5032	2
0	61
263	1039
0	0
0	0
0	0
0	0
0	1321
0	171
0	169
171	0
0	0
0	1
27	0
0	0
0	0
0	520
0	6
6	189
191	2
133	421
0	2557
31	1061
160	660
126	660
0	0
311	294
24	80
10	0
0	4
0	0
0	108
0	0
0	0
0	780
0	3
0	49
3	38
0	0
1718	2
0	89
127	180
83	309
0	1017
0	23
0	13659
50	0
1	33
71	376
313	327
0	327
0	14729
0	0
0	25
5	219
0	216
721	0
303	0
0	232
0	235
2330	28017
0	1478
7165	1491
0	9
0	0
65	234
1736	1109
3	67
0	42
12	6
0	6
2271	4
0	7
0	35
0	32
0	224
0	3340
0	1421
0	21
0	982
205	2101
13	41
102	0
0	0
851	0
145	24
0	24
0	2167
0	0
0	952
0	509
0	441
0	301
0	2214
0	386
13	14
1	11
552	9028
0	22
0	9
0	9
33	3722
23	0
1720	0
0	0
0	813
0	0
154	3533
23	3533
318	2275
0	128
0	0
0	0
509	2001
0	1039
6	26
524	1
4	0
0	796
72	796
70	771
19	0
0	0
72	143
0	26
0	29
0	32
3397	0
0	26
0	349
0	338
74	201
28	0
0	0
5249	3
0	0
5	116
1285	0
1665	4
421	0
0	74
0	74
0	58
0	49
0	74
0	60
3	14
0	4
6	436
56	629
5	579
0	629
0	0
18	0
291	0
0	16
1601	2
0	0
0	0
519	7
0	0
0	2166
239	2167
7	0
5	1180
172	1180
147	10956
494	10955
267	0
4	0
0	0
1	386
260	35
0	0
181	0
0	1117
2662	1
24	0
3	277
0	687
1	643
127	707
2598	1
0	0
2709	1
1764	0
307	0
9	5
0	4
282	16
1490	623
61	622
58	0
49	256
0	0
60	1004
1687	0
0	2
0	2
431	0
0	0
0	0
2061	1
189	0
0	154
1	0
3	0
764	0
8	0
14	94
0	94
4504	0
0	0
0	0
0	0
21	63
444	0
50796	30669
0	30622
250	392
37	5787
0	4854
191	0
0	680
0	4
0	4
0	0
8	0
2340	6
32	16
5	16
0	24
4	648
0	648
1171	342
426	1203
591	1341
0	0
13	0
0	17
0	11
4	13
0	13
0	7
0	7
0	7
0	7
0	7
0	7
0	7
0	0
0	0
0	1258
462	0
13	0
7	0
219	0
63	0
0	0
834	0
74	0
528	2
0	0
436	49
0	49
721	535
28	0
14	341
0	341
0	0
5	1977
1206	0
28	0
132	2
6615	1
13	0
0	315
259	0
336	0
29	0
0	172
152	2
37782	416
1169	4
6	7
498	2
0	0
13	0
0	0
0	932
63	0
167	5
1752	4
70	194
71	306
85	306
518	2
0	0
29	0
1122	0
36	193
0	0
102	0
3457	0
0	140
0	128
37	0
4	0
70	0
125	500
162	502
469	0
1067	0
26170	39
127	4894
32	4853
0	4217
41	0
7079	0
496	9668
0	9668
5	8
121	1
0	291
0	291
0	2
4028	1
0	0
0	0
194	470
0	470
1093	0
21	2047
1	0
170	101
0	0
133	0
0	4
4	98
0	0
0	4
251	0
13	32
888	2
0	0
102	95
0	0
14	18
0	0
5	0
22	0
790	155
0	155
161	967
0	966
89	0
503	0
0	155
0	193
331	0
3	0
2469	5
0	0
56	0
0	0
5	0
3	0
5	0
10	0
296	405
1746	0
0	25
3491	0
68	0
124	1077
339	0
29	86
1087	0
0	0
368	5
133	504
97	572
0	1314
66	0
428	5248
0	5248
34	176
0	176
0	133
881	0
39	131
0	131
0	3
0	1
0	46
0	88
0	101
23	54
0	922
377	922
0	17
160	300
0	300
694	0
0	7
0	11592
0	11656
46	0
78	1287
0	0
0	0
24	4829
993	4830
11	0
0	163
31	163
0	1722
0	1731
0	135
94	0
368	0
0	59
0	59
598	1
519	2397
0	776
4	843
0	596
1779	2
0	0
0	0
0	4
0	4
0	4
0	4
0	4
0	8
0	8
9681	8
0	649
0	10426
0	216
0	216
20	209
0	216
0	202
0	216
514	852
0	211
1076	0
199	0
1462	4
0	1535
274	0
0	0
8	102
0	102
86	1157
0	347
0	8
0	855
2	164
108	962
0	170
0	7
246	1165
0	798
33	1094
164	888
5	0
0	0
0	0
0	0
2	7
864	0
0	616
6	65
107	58
5	7354
0	7152
11	205
31	37
717	4128
0	0
0	51
0	163
491	1250
0	1250
0	1032
45	1065
0	1364
0	12
1	0
9	39
0	0
0	123
1945	0
1	0
682	15
0	333
0	488
0	288
0	1068
0	796
22	0
85	2653
218	0
0	0
0	8
0	0
939	0
0	0
4698	1
0	0
0	1707
812	0
0	328
0	0
105	539
0	422
0	372
0	7
0	7
0	7
0	1757
0	1985
0	0
190	1428
0	1594
0	167
0	1898
0	464
0	168
3	171
0	0
0	0
178	559
0	0
14651	0
0	190
0	14
2	0
19	0
0	0
0	19
0	19
0	19
0	19
16	3565
451	3565
0	0
73	330
172	0
25	296
50	225
623	13
129120	88
0	57
0	5070
70	304
0	304
0	17
0	25
0	0
0	572
0	1075
0	0
11	318
26	0
0	2643
0	0
0	0
0	0
0	438
0	37
0	0
0	586
0	248
0	723
0	770
0	770
0	3063
1	577
428	0
1270	2
32	2
29	68
13	68
0	3134
0	68
0	64
1	0
3936	0
0	2438
90	2438
0	5
0	94
0	13103
84	164
48	301
0	3
27	173
0	126
193	955
51	265
2	25
0	185
0	229
5	233
943	0
0	0
0	157
0	170
322	3125
0	717
0	316
0	513
12	50
1	533
0	469
1	591
0	224
0	6
80	0
0	180
15	186
16	0
0	3
0	0
0	38
0	73
65	1923
23	0
0	538
2	221
0	207
0	128
0	207
0	0
0	0
0	6
219	0
1019	1
0	792
0	688
25	830
0	703
0	4561
0	2236
1	4298
0	4270
6	0
4014	1005
166	3413
0	3413
234	0
121	0
73	1967
0	1
0	1
16	20
0	304
0	3
49	289
0	178
82	0
0	136
133	1114
0	1114
5	7
0	973
0	0
0	90
0	31
0	17
3	17
0	140
156	0
0	1
11	1
0	0
124	4751
0	4751
1637	0
0	46
674	1929
2	8331
0	2121
0	1850
757	0
483	303
0	0
25	372
24	752
107	669
81	0
1	485
0	366
0	0
21	260
0	0
0	720
1436	0
0	155
0	3331
262	3331
300	2047
0	0
0	1590
0	955
69	2
2705	1
0	1557
0	1356
0	15
0	12
1849	0
72	0
0	21
530	0
0	120
0	0
4	5
16	2608
0	2546
0	2608
0	2570
0	2558
0	27
13	27
205	0
33	0
0	653
0	0
42	221
0	21
0	18
0	0
7	4
30	4
0	1286
0	1265
0	636
0	2173
12	0
186	0
2652	1
0	1269
11	33
10	9
3600	5
0	186
0	0
5	317
0	2234
433	47
68	0
55	505
21	1059
52	0
705	426
0	1138
0	149
0	0
0	51
0	2764
0	2677
28	535
0	545
69	545
307	0
165	0
105	0
21	0
1	0
495	1761
1161	0
16	617
152	2819
1521	1085
0	1085
1	0
0	0
0	1354
0	1354
0	0
3	0
0	0
0	866
0	765
0	762
7	0
52	2135
288	1
0	695
0	154
0	154
0	54
0	13
908	2
0	191
22	191
1176	1
23	0
353	4622
2941	1
0	32
0	32
0	0
0	1063
0	1079
0	3
0	3
0	3
0	0
0	9
0	9
768	0
29	0
0	0
0	3015
0	0
68	1941
21	37
0	2
0	5
0	5
691	411
0	4348
733	458
3318	459
1509	1
0	44
0	44
17	0
0	4
0	12
0	0
108	146
106	0
10	96
0	0
0	7
33	231
0	5
0	0
108	0
0	0
0	95
0	0
0	0
0	0
0	0
0	1
14	0
25	747
53	747
0	0
0	0
567	0
0	85
0	7
0	6
3788	10
0	2914
27	0
837	5
437	1458
118	0
0	80
1771	12650
0	12650
0	221
0	0
0	0
0	0
8	35
0	15
0	0
915	29
0	84
867	2
3331	4
1440	0
325	3236
0	3236
0	13
5	0
425	1908
246	1908
1117	0
0	0
208	3
47	844
0	844
0	844
81	957
0	957
27	695
91	0
1214	0
0	0
91	1403
86	1403
0	857
0	663
0	383
0	647
28	458
551	463
40	0
104	1
0	0
1	0
17	0
172	0
311	1211
0	27
1627	2649
24	2649
0	26
1	74
0	2068
0	1803
11	490
34	0
0	37
7	276
0	242
0	241
10	237
1	317
0	308
0	60
0	20
0	0
0	0
1	5047
0	5028
0	518
1536	0
0	874
7	62
859	0
0	0
751	449
89	449
22	168
0	59
0	59
0	187
12	223
0	238
8	1104
0	0
0	5
0	0
0	624
0	627
0	627
42	251
0	0
3	0
11	0
36	2508
0	0
0	0
2094	0
0	11
0	11
5	69
481	0
695	5267
53	5267
0	0
985	0
223	337
8	3936
0	3999
0	3671
0	3619
19	2590
0	5
0	0
175	2004
0	2004
3586	4944
4	217
0	4040
0	3902
215	4033
428	3869
115	3905
0	2972
58	90
395	0
2019	0
0	0
531	1525
0	0
0	3
4	0
7	0
1448	2
0	983
0	5
0	0
40	198
0	0
558	52
0	5
0	5
0	30
0	0
2621	3
0	348
0	1020
0	1014
59	92
0	0
0	493
1	0
177	3193
1842	0
0	221
1	310
3	35
0	1051
841	0
43	34
92	1075
0	3
297	1288
0	101
914	2
0	7010
0	91
0	83
0	0
0	0
0	0
0	0
0	0
0	40
0	7
0	7
1	470
6	0
0	5
0	2215
0	2513
0	2532
2396	813
0	11
0	2247
0	2252
1836	0
861	490
0	1441
0	1330
188	222
28	7
8	0
0	258
0	0
0	0
0	26
0	574
0	167
734	0
12	0
98	247
0	832
9021	3
49	42
333	0
2	0
0	34
10	21
0	21
0	778
0	48
150	0
39	141
0	109
44	48
538	0
0	0
121	603
63	0
0	0
0	591
0	0
0	0
0	234
0	3366
35	166
0	0
58	404
0	0
0	22
0	2
0	0
0	6
0	6
12	10
0	327
41	290
97	183
30	183
8	0
0	0
50	0
451	1948
0	873
0	31932
267	0
6049	3
0	379
0	52
0	35
14	0
0	154
0	2748
0	0
254	0
9	53
0	961
28887	26
0	0
2	1907
413	1907
0	1209
0	1466
1496	1466
0	0
0	0
138	83
435	7196
112	7196
0	58
0	54
1	19
0	0
215	0
1992	0
0	1396
5	1
0	354
2	0
29	6
504	0
1587	0
1586	0
101	633
5	24
0	1
0	24
0	0
0	196
0	146
207	0
18	24
0	423
0	582
0	582
6	872
72	872
0	0
0	14
0	0
0	9
0	25
103	534
304	0
325	0
0	1543
0	1212
0	1431
5760	18
17	10203
1241	10203
0	488
0	834
0	844
0	652
0	612
239	0
1	9
0	2954
0	445
1632	3
9	3
0	0
0	35
0	0
262	1
1840	0
5137	3
0	0
0	0
0	3
12	0
0	68
975	0
382	1559
0	0
0	0
7	875
0	0
228	0
0	97
0	522
0	517
0	505
0	522
0	12
7	193
92	193
296	0
0	0
14	745
0	752
0	732
0	677
0	3302
0	3310
0	2856
0	0
0	0
0	14
0	250
37	733
0	12
0	0
26	2
0	0
19	493
8	503
0	407
48	159
0	1682
295	0
0	1432
1	1369
0	0
0	20
0	20
0	1389
0	1631
0	20495
0	20495
0	20495
0	0
0	500
21	516
0	1
0	473
107	473
0	0
0	19
0	19
30	611
25	1483
29	514
3201	7
1128	0
49	126
0	316
215	0
5617	6239
173	116
182	0
0	2451
0	2456
102	234
0	0
0	3145
0	2642
0	0
0	111
0	882
62	855
0	0
0	2062
0	0
0	241
981	2
697	1
5787	24769
11	0
72	619
0	619
1	4
0	0
1681	1
0	0
0	0
0	724
1679	541
0	2102
0	0
24	0
326	1051
0	1051
0	1685
0	301
0	26
23	213
413	0
0	0
12325	5
1521	0
82	1093
51	1816
0	1806
7	12
0	0
0	1
86	2033
2354	1
0	31
0	110
0	20
0	0
83	0
545	4152
2	0
294	0
72	461
843	0
0	78
115	543
20	20
75	753
0	9
0	42
0	73
0	43
0	67
0	98
0	0
0	1308
13	1284
0	1284
0	91
0	101
581	0
9	92
0	362
18455	13
0	0
311	1
540	2
22	67
0	0
17	0
0	0
0	5
39	41
1	41
1468	4808
6	232
9	14
2686	0
0	3577
0	707
0	178
632	0
0	512
16	1226
0	1226
0	519
66	2
0	2
0	1260
9	1259
41	415
4719	0
26	11
0	44
13	214
0	74
79	6542
0	6539
187	2464
32	0
7	119
1866	786
365	893
30	893
130	5753
0	8
1167	4
0	1959
0	1889
0	1841
0	1934
0	1889
0	0
0	0
0	793
3	380
3	90
6	210
18	210
68	82
182	0
0	11
0	11
0	0
2795	0
0	48
0	0
0	4
406	0
0	0
0	0
0	0
0	21040
0	20948
11159	6
32	31
0	1260
0	0
5	0
0	0
303	0
469	2339
24	0
5692	2145
98	0
206	243
0	0
0	0
61	23
5	23
0	1
536	567
9	567
0	132
5454	2
0	0
301	0
0	0
99	344
56	0
53	8
46	0
0	2629
96	0
0	0
0	0
0	647
435	314
8	75
4467	1
0	0
0	0
2	836
2	1666
0	0
0	0
263	838
0	0
0	5
0	0
10	0
0	4
0	4
0	0
0	0
4032	1
67	0
1	1837
0	220
0	216
4	220
0	0
0	0
0	151
14	151
2920	0
11	5
0	278
0	1
1591	0
0	0
0	0
15	0
0	143
148	4
184	0
91	1146
26	1146
0	16
0	0
32	70
0	70
0	1005
0	1111
39	1111
1351	0
1377	2
2614	0
89	1017
27	1017
0	11
0	11
0	11
0	11
0	532
0	0
0	0
2053	1
41	429
0	0
0	0
192	0
151	672
0	672
0	402
5	2967
219	3026
0	1212
0	3065
0	1578
0	14
0	228
39	9
1711	0
0	6
0	6
13	65
0	0
364	3597
595	2640
0	9
0	0
0	0
0	0
33	5625
0	5666
0	5583
311	1107
0	5136
0	1299
0	1270
148	805
0	671
0	7
0	68
54	68
4	231
558	232
9	2
0	0
0	32
0	1349
9	2
12	174
0	102
0	88
1	88
0	29
10	27
0	27
11	7
0	0
0	644
0	170
0	189
0	170
0	0
96	0
112	1421
68	1414
0	1146
8	1119
0	711
21	670
0	682
0	2
0	5012
17	4951
60	4979
0	5142
5	4931
0	5077
6	2242
3	2177
0	214
28	0
0	219
0	3
0	3
0	0
0	1903
0	1583
1	1028
0	16
0	16
373	3
443	21152
76	21152
524	0
1785	12916
6667	5
104	0
0	6
4	130
2504	2
67	0
0	833
0	0
3909	0
30	0
23	617
1	1995
0	1884
0	7
0	7
0	7
0	18
0	18
212	0
0	0
3	0
0	0
0	0
0	0
344	0
69	2644
8	2955
0	1982
0	1081
0	1754
0	1754
19	1754
0	396
0	365
0	510
16	508
27	9
7	84
77	188
64	415
0	415
66	90
7	95
2	95
6	0
0	1239
4	29
231	0
726	256
1065	0
286	0
0	3
718	766
0	766
0	209
64	0
77	0
25	221
0	110
0	107
0	0
2512	0
0	0
26	0
1252	2
553	888
0	248
0	0
0	3618
0	3618
506	3618
332	0
390	5
174	0
0	0
56	2
0	316
0	0
6	2
0	3529
4	1
1969	0
64	310
477	0
0	2368
26	2178
0	2368
233	0
4560	2
153	499
209	504
472	3630
0	401
390	653
4062	0
807	0
0	650
15	628
70	596
0	1
0	0
16827	10
0	442
0	388
468	0
12	0
0	127
0	103
0	119
0	0
0	104
0	579
0	579
0	579
0	0
0	0
0	0
2402	0
391	5
64	287
507	0
1	1
0	0
1130	0
0	87
17	2
53	48
0	0
458	1184
7493	4
17659	5
102	211
32	107
0	107
130	0
0	17
10	0
0	0
3392	0
1	19
0	7
61	0
0	0
33	1136
0	0
0	225
1	275
0	274
0	0
0	0
6	1676
9	1611
13	43
0	141
0	302
0	145
0	200
0	2284
153	2357
0	2164
0	643
114	1023
101	825
0	115
4133	1
2	31
76	3742
31	35
334	0
46	0
0	44
0	345
0	254
209	1898
1	0
0	723
0	190
0	0
0	1569
0	1603
63	1510
0	42
0	8976
1505	1
11	46
0	1220
1	46
0	0
0	594
64	597
3	6
0	6
86	791
130	173
679	0
37	0
0	3501
0	3196
0	3035
0	693
35	93
0	4
0	4
0	0
0	281
0	0
337	34
0	0
0	349
7	0
0	49
0	49
0	216
324	1
0	10
33	221
3572	0
115	220
100	0
0	0
15	48
96	0
453	1039
1997	0
0	53
0	66
0	64
8	766
27	766
0	747
0	953
4	0
0	686
63	0
72	294
0	294
0	0
75	88
0	1232
0	1162
11	1652
0	994
0	819
1895	0
2	1226
0	1192
1	12583
995	0
71	0
0	6043
0	0
0	570
262	0
0	45
0	0
0	0
0	123
57	48
0	0
37	391
48	4
4	52
53	253
571	1727
792	1727
0	0
211	1544
0	0
10	0
131	400
0	12
1653	0
31	0
0	3468
0	0
145	0
0	122
0	45
33	0
0	37
0	51
0	0
0	0
1346	0
0	0
0	0
13	0
0	0
0	0
0	0
19	77
0	0
164	0
0	6
988	0
0	20
10515	3
0	0
0	0
7	0
3	44
144	439
101	1166
0	6
0	3352
105	180
138	248
0	142
0	0
0	77
62	0
50	186
0	186
0	0
0	3
0	3
28	0
0	105
0	800
0	13
4	194
47	569
19	0
10	0
0	227
139	0
1384	2
254	0
1086	0
1	36
642	246
0	0
560	0
381	437
0	437
0	1
0	37
22	0
555	900
1512	14
0	0
0	0
0	0
187	0
3034	0
0	0
0	0
51	447
0	423
0	871
0	859
0	730
74	1045
1	861
0	0
175	0
2783	1272
24	1191
0	1217
0	0
2046	0
188	407
0	0
105	2073
105	887
230	887
15	1973
5	1970
0	1901
49	201
0	201
0	665
0	391
41	465
0	465
0	0
0	0
0	1
1620	3
0	101
353	0
0	0
429	0
2216	531
0	531
82	1593
0	0
2	124
0	0
1	11666
13	47
357	5
917	1
0	692
0	419
2	0
281	8
0	245
746	0
115	1465
0	592
12	248
0	88
1721	0
334	3380
0	6
0	0
402	0
229	0
1	0
0	942
0	847
20	940
5	0
40	68
0	193
0	193
0	134
808	6
22	98
403	2889
0	10
0	0
0	0
2437	3288
443	3224
4249	6
0	0
8	0
479	0
0	81
0	160
0	96
0	126
1	196
0	74
3	0
1449	0
632	172
2943	3
0	0
123	6414
0	6414
0	0
26	8787
0	9626
0	5168
167	0
30	2655
4	0
985	5
0	585
0	585
0	477
0	0
0	8920
24	0
59	2007
0	2007
289184	249
311182	268
2569259	2215
1116780	920
21111	108
547733	390
1142714	809
81358	41
54277	79
435213	377
336451	265
10035	34
663817	655
293	0
0	0
0	0
0	0
0	0
0	0
0	0
0	0
0	0
0	0
0	0
0	0
0	0
0	0
0	0
0	0
0	0
0	0
0	0
0	0
0	0
0	0
41	0
88	0
0	0
9027	5154
68	0
4	5047
0	0
4	10
1071	7
0	0
0	0
3	0
0	0
0	0
0	0
0	66
4	66
0	38
10	44
0	0
0	0
225	0
0	0
0	0
9	45
0	123
0	0
0	0
0	0
0	0
6	41
10	46
0	9
0	9
99	19
0	19
0	0
0	621
0	0
0	0
0	0
0	0
0	2
0	0
0	0
0	0
0	0
2603	1618
0	1618
2	0
2	3
0	3
0	154
56	0
0	0
89	0
0	0
0	0
0	0
0	0
0	0
0	0
10	28
0	21
0	0
0	0
0	0
2	0
3	2
0	0
0	0
123	0
0	0
0	0
2	0
3	0
0	14
0	0
0	0
0	0
2	19
0	0
1	0
7	149
6	0
216	658
0	0
0	0
9	0
0	0
267	19
32	0
0	0
0	0
0	0
0	0
0	0
51	8
17	0
0	0
0	0
0	0
0	0
0	0
0	20
0	0
0	0
1	290
0	126
4	62
0	0
0	0
0	796
11	5
23	0
44	0
14	771
11	0
0	0
18	0
0	0
3	0
0	46
0	0
0	0
19	53
24	0
0	0
0	0
0	0
0	0
0	0
0	0
0	0
7	0
0	0
0	0
9	0
0	0
1	0
20	0
0	0
0	0
0	0
152796	40
22	1176
0	0
0	0
0	0
4	0
0	0
0	1
0	0
0	3
30	23
9	982
0	0
0	0
0	5
3	0
0	4
0	0
0	0
0	0
0	0
40	1983
0	0
0	0
0	1
6	49
24	27
0	0
0	58
0	0
0	0
7	2
659	6
2	312
0	0
28	0
0	0
134	400
0	0
9	0
0	0
0	0
0	0
0	0
65	1229
0	0
0	0
0	0
0	0
0	0
1	694
0	0
52	884
17	425
6	0
391	0
0	0
0	0
3	30
0	0
2	21
0	0
0	0
9	56
0	0
26	105
0	0
0	16
0	0
0	0
0	0
0	0
0	145
1	359
4	5
0	0
0	407
0	129
0	119
0	79
0	106
0	0
0	0
0	0
0	0
0	0
0	1
0	1
0	0
0	0
0	145
0	0
0	0
1	0
0	46
132	1185
0	0
58	1193
38	4
344	699
14	795
0	0
0	0
38	747
0	761
153	1632
0	0
2	285
0	0
0	0
0	0
3	0
0	0
0	0
0	0
0	0
6	210
15	767
27	116
0	14
48	0
6	67
0	220
15	0
0	0
9	132
0	0
0	124
0	0
0	0
0	0
217	0
11	1357
22	820
95	1650
0	0
0	0
6	5
0	0
0	6
0	0
0	0
0	0
26	5
117	0
50	26
0	0
0	0
35	0
0	0
0	0
0	0
0	0
0	0
0	0
0	0
0	0
0	0
2	17
0	136
0	0
39	1955
58	34
3	94
20	0
0	0
0	413
0	0
155	572
0	252
1	558
1	716
