UniqueCount	AmbigCount
0	0
0	0
3	0
0	0
0	0
3	0
1	0
0	0
0	0
0	0
0	0
0	0
0	0
0	0
0	0
0	0
9	0
0	0
0	0
0	0
0	0
0	0
0	0
0	0
0	0
0	0
0	0
0	0
0	0
0	0
0	0
0	0
0	0
0	0
0	0
0	0
0	0
0	0
0	0
0	0
0	0
0	0
9	0
0	0
0	0
1	0
0	0
0	0
0	0
0	0
0	0
0	0
0	0
0	0
0	0
4	0
0	0
0	0
0	0
0	0
6	0
0	0
0	0
0	0
0	0
0	0
0	0
0	0
0	0
4	0
0	0
0	0
1404	1714
0	1712
0	1700
1801	1489
0	1489
83	163
796	0
1092	0
281	314
4	43
0	5
0	308
0	0
1626	1
0	0
0	0
277	21203
58	21786
16	0
16	0
0	0
0	0
0	0
0	0
0	0
0	0
0	0
0	0
0	0
0	0
0	0
0	0
0	0
0	0
0	0
0	0
0	0
0	0
0	0
0	0
0	0
0	0
0	0
0	0
0	0
0	0
0	0
0	0
8	57
0	0
0	0
0	0
0	0
0	0
0	0
0	0
0	0
0	0
0	0
0	0
0	0
0	0
0	0
0	0
0	0
0	0
0	0
0	0
0	0
0	0
0	27
0	0
0	0
0	0
0	0
0	0
0	0
0	0
0	56
0	0
0	0
0	0
0	0
0	0
0	0
0	0
0	0
0	0
0	0
0	0
0	0
0	56
0	0
0	0
0	0
6	38
0	0
0	0
0	0
0	0
0	0
0	418
146	418
108	0
399	2
0	0
4	6
0	6
277	6
1246	0
0	6
3	6
38	32
0	32
11	397
0	1028
188	1028
575	52
0	52
22	313
178	313
24	1647
19	165
0	1631
300	7920
0	6395
93	7398
5016	1248
0	563
0	476
44	744
66	744
0	189
42	2301
44	499
0	275
7	2153
3529	3
160	0
0	0
78	0
0	1181
645	1181
480	0
1304	0
0	0
362	0
2	0
1252	971
121	0
0	14
123	26
0	12
52	152
0	87
0	65
1502	0
81	109
0	109
0	2
0	2
0	120
323	120
2936	1775
0	1299
5	823
55	91
220	1947
0	1807
0	303
0	136
9	257
0	1266
1	1230
0	1173
0	1230
3	0
430	911
880	1
0	4472
276	5578
4	2195
621	5578
4902	1
0	0
788	179
3	640
0	129
0	494
143	1280
8	1179
11	409
402	409
109	4
336	4
1309	1
0	3
16	3
1141	29
3	27
17818	41356
0	494
0	41062
3	35475
0	41210
0	36244
9	530
7	535
13	526
0	22
0	0
3	9
0	10
0	9
0	5763
1	2765
212	6336
8	88
0	88
0	0
0	0
0	0
19	0
105	0
0	428
0	236
0	56
27	1765
11	1741
4	115
0	1764
0	1289
234	1289
8	6205
231	6817
0	6817
8	0
1817	1956
0	1558
0	398
138	0
560	1004
0	274
0	8
0	69
0	13
0	13
89	12213
0	12213
38	230
435	232
1670	1109
0	1109
0	0
74	3159
0	89
5	3161
15	3198
0	0
0	0
3	4
82	4
36	45
0	46
7	1454
0	136
0	401
0	472
88	1382
718	5310
0	443
1204	4928
6	2805
223	0
0	1087
0	653
0	1145
0	970
0	0
0	0
0	0
0	78
32	1498
0	1146
0	1519
0	14
0	5
0	19
0	665
0	357
728	3073
163	494
388	494
0	0
290	0
0	0
604	2185
0	2185
0	39
2	39
7	0
0	38
6027	2
334	0
34	752
471	752
0	0
0	0
4	0
1390	3802
245	3802
2006	454
88	279
23	733
258	0
2075	8
4	8
40	805
163	805
720	0
94	17
169	29242
3208	29242
113	453
26	939
141	565
2	117
0	85
141	145
0	27
7	27
0	0
0	0
0	172
1338	611
0	465
35	420
0	0
0	0
349	0
0	0
21	2859
0	2787
104	94
5	20
0	74
6	250
0	250
0	273
120	1822
2	31
0	1659
0	0
125	274
160	274
62	3
238	1
15	0
0	6
0	0
0	3
0	6
0	0
0	12
3	36
217	26
0	0
0	26
0	0
1194	0
896	0
348	484
15	484
144	1155
61	326
7	1155
0	1524
852	327
0	326
202	0
0	138
0	432
0	191
0	471
0	3806
0	2858
0	2449
19	2193
7	981
1099	7354
0	2479
0	7247
0	15
0	0
210	1149
0	1149
0	1079
17	753
14	753
0	4572
101	70
0	0
0	0
1149	0
557	0
0	188
1192	466
21	0
3	1862
177	1862
0	0
0	0
0	73
53	73
120	0
412	972
0	301
9	1
37	0
0	0
0	0
31	0
0	12
33	277
750	105
0	103
11648	4596
0	4583
430	735
0	80
0	87
448	324
8	292
204	302
0	302
5453	6
6	0
0	244
575	378
10876	6
3	1
150	1
0	0
0	0
0	79
9	13
0	3
43	363
3	727
5	363
0	0
0	11
0	5
0	11
0	758
795	1089
0	1089
4154	652
11	249
446	373
24	117
0	196
0	6
0	60
0	196
0	198
6	99
0	4
4	99
11	56
0	133
29	0
38	46
0	1098
0	553
0	180
25	1784
71	1704
9	1742
0	1734
0	696
0	1785
0	1735
0	100
0	26
2	7
0	1
0	23
0	100
23976	15
704	437
0	295
0	261
89	0
2287	1276
141	14
90	14
0	2
61	2
0	10245
374	8335
2073	17906
185	17254
0	2326
0	0
100	91
3	0
0	4036
0	4087
0	3975
0	0
0	0
504	586
13	586
133	0
210	232
0	171
0	75
0	6
0	4
0	0
0	6
414	215
0	154
0	193
0	0
0	0
0	0
41	5
844	150
0	0
0	0
7	325
0	20
6	325
3	602
0	514
0	19
3	19
3	36
19	352
0	693
68	317
36	21
359	3399
0	52
0	3078
37	1
8462	7
86	377
0	44
0	290
0	94
0	300
0	26
11	3
0	3
9	29
4	0
0	0
496	391
0	391
91	135
13	122
0	135
1024	0
438	142
0	1190
0	1190
72	28
0	28
2935	0
0	515
910	515
32	0
2048	3
0	0
0	0
1455	4
1	0
0	952
730	1329
0	464
28	99
0	25
58	92
0	81
80	1381
0	1611
132	1611
610	0
0	118
58	118
0	1842
0	194
0	1846
205	1830
0	0
33	0
199	0
36	479
0	479
0	767
0	10
496	767
0	5
179	378
145	563
0	0
18222	3442
0	104
3	3319
43	18
0	18
74	0
2	107
0	2
0	0
0	0
47	128
7	0
0	0
1	0
0	0
82	0
27	1062
0	1062
1164	142
0	139
0	0
4555	2
26	119
848	0
292	220
1559	220
0	0
4	5
975	5
2211	22
3410	1615
4	0
1	21
0	0
2	0
2006	244
4	240
0	488
0	441
10	488
668	0
32	10
0	10
77	562
7	382
4	497
0	0
0	80
213	420
0	0
0	0
0	0
6	155
0	99
1032	8995
5	8995
849	0
94	0
0	0
154	16
58	16
0	772
0	2337
0	1
746	5932
0	197
0	28
0	30
15	30
2	0
1191	0
0	92
94	209
0	34
3	95
3063	878
8	922
2295	3
1793	1
0	0
0	0
232	0
2	7
80	27
0	20
0	22
0	9
235	372
3	349
0	148
78	194
130	194
0	55
0	54
0	96
0	101
0	0
0	0
0	37
0	120
0	107
7	120
0	19
64	341
65	341
405	0
3	2
0	2
311	0
365	91
0	91
33	0
1989	997
15	54
0	997
3	6916
22	6839
12	0
0	429
81	429
1209	1
10	191
0	177
2	32
386	673
1	602
0	555
12	284
0	0
0	238
0	26
4	411
2	123
335	326
1275	135
5	135
0	0
0	317
9	315
0	247
16	167
0	167
0	211
424	593
536	62
0	62
249	399
1	378
27	0
0	0
13	0
0	0
0	0
0	0
0	5225
5	413
3	1073
91	509
0	413
0	410
61	4962
0	4051
0	142
2237	143
361	758
2	86
9	86
0	0
0	0
0	974
8	522
4	112
1	4
0	348
1273	1326
0	1310
1395	1
854	0
114	75
18	69
0	137
1	10
266	137
0	92
0	506
17	598
2552	2534
0	2532
0	2418
0	0
0	0
0	0
0	0
0	0
1182	99
0	83
137	14
25	0
0	6
0	6
0	6
0	232
2533	232
0	0
0	231
2	244
0	0
3311	308
0	300
0	292
0	300
5	211
0	211
1606	582
0	5
0	5
504	0
0	731
61	550
10	153
1810	766
620	1
4	217
11	433
14	207
0	128
508	646
0	0
0	0
411	129
0	129
36	0
0	0
8	0
52	20
1953	2
0	0
0	0
48	355
66	355
11	290
43	0
586	20
6	15
552	845
0	845
0	0
0	0
121	2716
3	2716
12	2718
20	2718
0	0
33	223
76	225
3934	1409
27	0
5464	1
204	0
31	0
43	35
0	35
17	79
9	79
0	77
188	0
0	0
69009	25475
12	831
0	442
203	831
2	882
0	142
0	181
0	882
0	142
0	0
2	3
35	3
3	0
0	0
30	236
27	1021
36	1020
19	1024
69	0
0	0
0	0
7	0
0	13
80	13
16	7
6	0
0	0
0	0
0	0
0	0
221	0
225	117
0	12
62	117
11	273
527	898
11	891
1471	65
0	65
0	36
0	36
18	23
0	7
0	23
0	23
1005	0
565	862
0	221
0	0
0	0
318	1443
130	1443
0	0
0	0
0	0
455	183
29	936
3	289
0	289
1045	1177
0	869
532	506
0	351
0	885
0	857
302	59
0	59
296	339
0	339
49	1479
22	1517
2	1445
70	1075
6	1075
0	0
0	0
665	680
1352	681
0	1205
0	3178
1	1081
3980	4383
3024	4
14	0
9929	3
1293	6
0	0
0	19
0	17
0	26
381	0
30	0
761	401
10	401
4047	675
1415	238
0	29
34	29
6	180
6	265
31	204
0	97
1322	343
0	478
3088	1966
220	1936
489	0
69	1295
1	577
0	673
245	2797
8	2534
3	3005
146	157
259	157
83	0
0	66
6	66
0	441
3	441
11	5
290	573
19	573
62	651
0	651
5	1548
340	1548
0	22
0	20
0	39
0	22
0	15
1	35
0	36
0	17
104	1
0	1
0	31
0	72
4	1
10	12
0	74
108	70
68	1314
32	1290
462	2182
0	83
36	2182
0	90
13	90
0	0
0	890
1661	890
29	543
0	99
0	543
0	503
0	350
1019	0
575	3323
0	356
0	31
0	9
0	26
0	0
135	207
0	207
185	100
0	100
183	0
3	18
0	2
24	88
2	29
0	40
0	75
74	139
0	71
109	421
0	421
0	0
0	0
0	13
70	13
92	258
0	21
0	102
381	102
60	336
496	1
88	598
74	747
0	0
41	404
79	495
0	491
41	0
0	0
0	547
0	1865
0	2314
24	2133
38	2104
0	2157
1016	1882
0	1876
119	624
3	624
295	0
2	94
0	38
0	38
53	311
3487	3660
0	3371
37	3476
0	0
0	0
0	0
0	0
595	4042
34	4042
0	10
5	10
43	0
46	831
0	831
0	1
22	95
1	76
0	95
68	1868
1	1868
77	13
3	13
58	176
0	176
0	0
0	0
137	0
0	291
0	291
537	1
278	547
641	0
274	24
0	24
65	0
0	0
10	47
0	47
41	342
13	342
0	39
2	55
12	43
39	69
819	875
88	808
4	93
1771	96
0	0
202	186
0	0
0	124
0	180
12	333
0	12
0	259
0	67
0	44
0	74
56	409
1397	1
0	0
0	0
0	0
0	0
0	0
0	0
0	26
0	249
0	28
70	669
5	656
1482	13713
109	13713
696	259
0	19
0	252
142	466
4	466
241	22
0	20
947	0
0	0
0	0
2	92
0	17
0	17
176	16805
0	14651
0	8231
0	14885
89	1946
0	999
8	914
0	948
470	0
0	0
1440	8646
0	6861
17	550
0	437
618	686
0	316
132	58
6	58
1213	299
0	299
105	0
0	194
187	194
33	153
0	150
0	0
0	17
3	50
436	67
32	28
6	27
0	0
0	0
0	20
0	0
0	20
16	0
32	102
0	39
0	129
258	0
0	19
4	31
0	129
1	37
0	1
0	1
0	0
0	110
8	124
1	122
0	122
2	87
0	0
4	0
0	0
0	0
186	0
0	0
3	8
0	3
0	0
1150	0
0	142
0	243
43	943
40	943
43	36
0	36
0	0
0	0
0	0
4	1
0	0
842	0
0	0
43	47
9	44
0	0
0	260
37	424
8	0
3	0
0	0
105	208
1	12
0	208
0	0
134	543
0	543
0	1752
0	1752
432	803
0	562
0	450
1	80
0	0
0	0
11	14
0	14
150	1017
0	0
0	0
34	87
6	73
1	180
0	224
570	1559
503	672
0	102
24	672
0	56
1	45
2550	1
52	623
0	634
368	634
0	0
10	0
0	0
626	656
135	276
38	154
3	21
0	154
71	0
14	17
0	10
28	51
0	44
3	4
4	0
425	457
0	364
7	0
98	15
5	71
120	924
185	925
72	989
0	34
1764	0
34	0
0	0
13	253
0	253
0	17
44	373
758	1768
0	2
48	2
0	101
221	101
5	24
54	0
22	24
64	829
0	252
0	129
9605	3895
2333	3889
255	0
4	32
8	0
0	0
1044	225
0	225
5	750
8093	751
473	100
0	100
0	1380
130	1385
15	1385
630	1385
159	547
0	492
0	181
179	547
0	0
818	232
0	232
0	127
3	19
23	20
0	0
19	9
57	9566
182	7579
60	10248
99	0
77	1
918	0
4	0
0	492
645	494
214	37
39	260
0	64
20	552
24	736
0	0
0	0
599	885
0	885
29	41
1	44
2	22
0	79
2504	229
11	158
41	255
2691	1388
54	74
27	51
0	106
482	214
0	63
2081	148
22	148
28	11
0	11
0	829
0	0
0	6
0	0
0	0
0	0
63	895
0	0
671	2513
0	2513
2	0
0	0
4	0
36	0
10	194
0	194
9	0
0	0
0	0
0	434
3	216
7	86
25	50
701	892
4	892
5	44
12	43
8339	1639
105	15
63	59
0	395
0	150
35	474
0	492
14	492
16	334
0	154
5343	1738
63	1052
0	1
0	1
16475	18
5113	1530
0	1530
441	900
536	1
444	1
390	2422
0	2422
0	0
57	79
1342	971
249	59
0	55
0	4
0	59
1	59
0	3314
134	8948
7	8241
0	5
47	11
0	11
0	5
0	5
0	21
0	18
0	21
0	13
0	0
0	3
0	3
0	0
0	15
0	0
20	0
328	69
0	0
0	0
66	3829
1658	16942
6	16942
782	215
0	215
75	2
380	5218
1734	5218
0	3425
0	0
141	2693
10	532
679	3091
88	1008
15	622
0	1001
5	35
19	676
0	8
0	143
577	665
548	170
3	660
0	960
0	3469
9	192
14763	5495
1242	80
32	80
209	3
14	0
0	0
1316	381
0	20
123	1379
2	1379
0	6
0	0
0	6
0	6
0	6
0	24
0	27
99	27
0	67
301	4120
0	2911
50	4224
0	4192
0	8
12	8
0	0
3418	0
0	372
52	372
0	922
0	1003
0	264
0	814
0	895
296	445
0	445
0	2593
868	2595
0	889
137	3
6	3
0	341
0	3179
13	3792
138	3792
0	298
0	4
0	198
1179	1044
2	0
59	196
0	224
10	232
110	213
36	290
0	83
40	305
0	345
17	40
0	30
0	445
0	459
2372	8931
19	8931
0	4736
0	4858
38	4914
0	4684
0	0
0	0
2104	0
1167	518
0	518
50888	1963
0	1947
0	1478
0	2178
1304	2554
41	0
1535	271
0	266
17	0
121	774
486	774
1179	0
12	246
0	36
0	32
0	6
0	60
0	78
496	78
20	448
416	448
1915	1068
0	232
0	206
51	450
0	149
0	153
0	396
0	129
0	9
3	125
0	164
2	149
182	0
1020	107
0	6
0	13
573	302
8	67
902	67
0	0
0	0
0	0
0	0
0	116
449	116
0	19
7	34
349	2250
35	2212
53424	81
1	11
0	6
0	5
0	0
2373	1
194	2625
3	2628
0	1999
7	2467
5	911
0	887
184	965
0	0
0	0
0	2
0	2
0	2
2	0
528	3341
0	2991
0	2986
0	24
0	71
0	20
0	69
0	34
0	77
13872	4972
0	4967
0	105
0	64
5	336
2035	530
55	102
5	208
24	61
0	10
12	318
0	78
0	0
74	678
9	168
94	625
625	204
20	90
0	122
4487	342
54	338
2	914
0	308
0	821
199	47
11	47
0	3
0	3
3167	1
0	321
0	442
0	199
396	6937
0	814
0	1673
0	597
6	7235
3	0
0	0
5	15
0	0
0	346
0	292
12	451
0	57
0	451
0	0
94	0
50	206
0	1464
1132	1467
442	0
33	0
338	635
0	260
0	635
1686	0
133	134
0	108
0	26
73	0
3	0
0	64
242	0
235	762
193	826
645	14
22	0
0	11
5	57
0	57
35	121
3090	0
1	19
0	3
0	0
0	0
1091	60
0	6
45	54
1039	0
0	0
0	0
0	0
91	140
516	0
7	1266
10	3495
987	3476
0	2401
40	1374
0	1524
1467	392
0	388
575	2
12	221
364	221
101	3
1	404
0	172
0	172
0	211
0	102
0	561
0	62
0	585
0	466
0	557
0	558
2173	2
35	246
0	218
13	246
1104	471
0	460
0	411
818	388
68	0
616	183
0	183
125	111
0	48
12	34
2	26
0	18
0	18
0	1
742	1336
0	15
0	36
0	36
0	36
0	0
0	858
978	858
0	950
3179	5749
56	6196
4	6196
0	6196
15	6527
0	6204
0	6196
1448	1
188	0
0	0
0	0
0	0
0	0
0	0
631	2324
9	2324
172	7
0	7
0	0
286	0
7	21
0	19
448	435
18	155
0	432
0	450
0	431
0	405
0	447
10	447
0	13
0	47
62	224
0	46
0	231
0	231
0	226
59	1
0	1
0	0
0	0
16	0
16	11
4	174
995	174
0	211
305	726
0	720
1284	0
0	0
42	902
2	885
0	923
0	42
0	401
34	397
0	299
0	126
0	157
0	296
349	0
0	8
8	6
0	6
72	58
0	58
4	97
0	104
16	502
1	112
0	476
156	1394
0	1394
133	482
5	496
13	559
0	517
0	513
0	366
0	524
42	523
147	523
773	206
157	0
0	6
0	6
0	19
0	19
41	25
0	6
105	31
0	521
3669	521
3	0
4488	0
101	0
5	0
0	0
0	0
0	0
0	0
0	0
0	0
0	0
3485	1
0	1
6	0
96	899
0	905
0	21
0	151
2	81
0	151
2	426
0	443
0	366
0	0
348	5019
2	5019
216	3146
0	1095
0	931
3	2825
16	44
12	180
0	5
0	5
0	5
0	1
264	0
0	46919
0	34156
2	51838
0	45917
28	12876
18402	95942
3	35842
18	59785
0	0
1089	1
2298	2780
0	2780
222	178
0	178
2	0
0	246
21	220
13	557
0	110
25	583
293	0
0	197
142	290
0	104
372	583
0	0
486	0
4123	57
0	56
39	50
4	29
0	43
482	192
5598	5
83	201
11	62
56	10
0	179
453	864
33	0
92	0
204	811
3397	473
0	211
0	258
1897	5457
0	477
0	336
10	826
0	33
0	33
0	6
1493	0
0	0
5884	2
0	0
7	0
484	9
0	3
256	155766
16571	140058
632	137912
115	93964
7352	120898
54	96435
4941	504790
242	144497
112	162289
224	188096
51000	468739
3	7
0	3
0	3
0	9
0	4
0	0
148	3419
0	796
59	3419
1	48
0	48
1139	330
0	327
0	50
548	0
2180	0
2565	0
180	394
0	198
0	71
0	736
21	736
0	0
0	0
35	132
0	2
0	132
0	40
97	64
0	25
3756	1
211	164
5	164
4336	0
91	1154
1	55
2	1156
0	0
0	0
427	997
17	997
28	0
492	64
1914	3
0	0
1	0
0	0
0	26
0	462
29	447
417	2097
27	2102
49	274
254	274
374	1631
0	530
0	1605
0	302
0	224
1452	1847
0	1847
0	947
2211	0
0	0
81	1
0	3070
173	3702
217	1244
611	2169
0	2445
367	2445
14	156
0	83
0	145
1222	961
0	960
243	341
13	0
63	113
0	36
35	0
0	201
0	65
0	201
39	187
2	261
25	0
219	89
0	88
94	2649
134	2417
2	21
6	1916
0	1894
371	834
0	834
13	0
0	776
117	776
0	0
639	104
0	104
139	38
0	10798
122	6102
4045	29721
0	29712
268	894
0	764
16	1131
0	764
0	528
0	49
0	145
15	156
0	157
0	0
0	13
0	13
5160	10
0	0
0	456
0	457
0	31
0	28
290	31
220	0
0	12
0	28
0	28
954	924
0	109
34	862
0	105
3	221
4	221
0	0
3106	774
0	773
0	0
3764	0
0	1
0	1
0	0
0	0
163	0
0	288
241	288
892	0
0	2
0	0
1719	1534
24	1530
0	0
0	0
0	0
73	0
54	0
0	0
0	574
0	1
15	5210
0	2916
15898	5431
8058	412
51	405
115	0
0	2412
0	1635
602	2303
159	63
27	84
400	84
0	745
847	811
14	4
274	514
1332	514
413	250
3	0
2881	910
0	2525
0	2389
601	202
104	1785
1220	3099
0	2598
0	2643
0	48
447	125
385	173
57	266
0	266
0	189
0	228
3624	2
0	0
195	4
0	4
0	0
0	0
0	0
25	4
0	67
2000	67
9	66
0	5
0	66
0	0
3	0
0	0
0	0
0	72
738	72
0	0
733	1692
6	1658
455	736
1025	1810
179	1808
24	27
7	98
10	98
2905	2047
0	2047
483	0
1001	0
8	0
74	0
89	0
1488	161
0	160
287	3083
3	1252
0	1833
0	219
12	909
0	836
0	787
123	787
0	34
0	62
0	41
0	38
18	0
11	500
0	399
1077	4
76	51
0	51
1167	5
2	872
0	868
0	61
4	30
13	121
13	84
0	173
600	299
0	299
0	0
0	213
1439	215
3221	4
323	1911
6	2021
0	1393
0	1564
7160	5126
492	5121
4833	247
1	243
52	19
0	19
0	19
24	57
3	3
0	36
0	38
0	43
3	706
0	701
0	44
612	642
0	49
0	597
500	0
9072	8
1718	2348
0	287
0	2348
32	2109
0	1785
93	1776
7	331
50	52
97	0
1	5716
4	1147
0	3548
29	59539
1	7493
1448	61908
2828	56728
69	267
4	89
40	0
3597	0
1558	2258
31	1
0	1
0	1187
0	874
1896	8
15530	7
55	77
0	21
136	77
0	167
21	0
1032	1432
107	1432
186	0
306	0
49	12
0	8
0	0
0	0
0	7
0	22
0	17
0	22
31	0
95	73
56	1233
19	568
13	1111
0	68
124	253
166	298
1742	0
0	130
3693	135
41	0
0	147
0	145
0	785
0	256
8	26
0	26
409	0
0	17
0	20
0	17
0	20
2	57
1	46
0	49
1205	0
51	1366
73	1366
7060	2759
0	9
0	9
597	102
778	1286
0	950
0	1232
0	1227
0	1232
9	6
2166	6
43	26
0	26
106	133
611	183
0	182
11	13
12	4
0	8
107	0
23	15
2713	1
154	387
1798	387
0	0
1206	0
0	138
0	184
1	174
0	184
2	44
205	44
1	2
0	14
0	8
515	1724
0	20
0	1719
0	1719
0	1713
457	0
1049	108
5	107
2	9
0	0
0	9
160	151
57	151
396	0
93	0
0	27
42	27
35	608
0	608
0	1
0	1
0	213
72	259
0	259
0	0
0	0
0	0
0	71
3	17
0	34
33	161
0	90
57	1971
5655	11022
0	0
0	0
6	51
1	14
17	47
0	4
5	0
0	0
0	0
1	0
144	570
176	567
0	0
259	630
0	11
2679	13
0	13
0	28
0	339
0	339
235	1260
0	1260
1826	4
0	24
0	44
0	7
209	71
5686	1
1371	28
0	27
8494	2489
0	2485
68	498
4	498
964	0
0	0
74	1051
0	512
0	404
0	248
0	174
0	0
0	1066
23	63
86	1663
0	235
75	1100
0	7
0	0
0	7
0	1061
0	2467
2	2467
80	547
270	547
0	997
26	997
92	77
307	552
0	344
970	1060
0	1125
11265	12
3671	1194
1	892
0	208
100	1210
672	0
0	3846
0	1673
362	4035
0	132
115	132
37	10
13	0
1887	2762
113	119
125	119
0	133
23	789
3850	924
0	28
0	23
0	32
0	47
0	230
0	28
0	196
0	279
0	264
0	0
8	3
337	1165
33	1165
185	1
0	1128
63	110
112	0
3	0
0	0
1	0
44	984
2424	2179
344	2177
0	112
15	531
107	619
10	322
1704	5023
19	5068
25	8
0	8
54	852
2165	853
0	0
0	0
2	0
0	0
0	0
0	0
145	558
0	558
1584	0
75	0
0	44
86	211
2	221
0	808
0	723
0	698
0	779
0	777
8	754
32	120
1164	112
0	112
54	447
18	447
0	0
0	0
0	0
0	0
3	0
0	0
0	0
2260	876
25	917
0	278
19	1042
0	868
0	10
42	10
100	16
0	14
28	536
6	335
2	1973
0	1707
0	2135
1677	56
0	56
56	5
39	0
601	256
4	169
0	123
64	141
16	233
0	234
2	234
0	225
0	25
73	25
1956	2
0	0
4653	587
10	363
0	223
2395	2373
154	2372
0	6
0	2
0	2
0	8
22182	18
309	829
48	0
0	93
0	19
0	102
0	103
81	9
9	0
50	601
0	599
69	0
8	0
7608	3898
99	229
131	190
3	27
0	185
6	373
152	3072
21	2858
803	68
0	68
0	0
0	0
6	21
0	15
0	7
0	23
0	19
233	0
1	100
140	110
23	117
981	118
297	196
0	22
24	37
2	42
3	51
2	47
0	210
0	53
5	18
585	2987
63	2925
4634	1
1221	1
0	42
0	29
0	58
349	274
0	274
0	212
594	2
0	2
69	370
0	123
0	370
6	0
2677	1
0	0
0	0
0	0
227	532
267	0
387	5
0	5
0	206
155	209
115	578
0	238
16	36
67	0
75	1104
11278	10
82	756
97	39
6078	756
60	290
39	290
0	119
0	13
7	119
0	62
427	0
1177	1
0	90
55	90
2472	0
157	567
481	567
274	1
0	1
110	0
13	1
0	32
3	32
301	499
0	25
0	499
0	0
682	1
104	1285
0	1285
889	350
3	348
5	322
0	86
164	334
75	47
0	13
5	169
196	249
0	108
0	17
0	5
0	242
113	0
645	0
2241	12606
16	11269
0	7588
2	759
0	194
3250	5
323	424
2	59
335	318
27	350
30	198
6	122
1	198
0	0
0	0
634	0
1686	15618
10356	15627
0	75
15021	10717
0	79
835	79
63	0
494	0
535	1204
32	1204
31	0
522	1729
286	1729
70	1715
7	604
28	641
0	113
28	643
7853	4
0	0
90	5
0	934
0	280
1	350
0	457
0	108
2	330
87	306
1	873
1	834
0	240
117	248
0	0
0	0
0	0
0	10
0	10
0	27
0	22
35	120
0	7
0	22
0	63
3	61
0	4
0	9
0	86
0	113
88	1
3581	8994
0	8992
227	71
0	71
0	0
0	0
1	0
3	0
0	0
1500	1
1754	0
0	0
518	0
0	237
0	234
0	239
0	221
0	78
0	89
0	89
0	78
0	91
0	78
0	739
0	739
1793	468
0	464
56	158
0	190
0	190
0	2163
6	1352
541	6691
184	6603
0	6607
1174	2611
45	191
55	36
0	1864
0	714
0	2014
0	2255
237	1027
0	1027
288	87
0	87
333	142
0	142
131	52
353	42
0	42
0	8
5	8
0	8
0	8
0	0
7	0
0	0
0	0
3476	3067
581	3064
100	0
955	2476
16	23
3	81
0	2621
0	2660
888	0
0	0
3	13
6	0
0	13
71	0
2300	0
1766	0
3477	2258
33	211
275	79
86	27
0	0
169	517
0	517
546	2789
368	2789
1	2601
32	1748
0	2601
651	330
0	0
0	0
0	0
206	389
0	389
0	0
109	0
0	0
0	0
0	776
7	41
0	236
0	568
0	806
98	1976
49	1976
34	0
19	0
0	0
66	0
0	8
58	23
1	38
0	26
0	51
0	75
85	90
211	3
263	127
0	177
54	177
0	9
0	4
2043	6
2	70
0	60
0	70
0	60
0	0
0	16
0	6
0	10
651	1651
112	18
7	1585
0	1651
11	0
89	983
0	983
756	0
0	90
6	3
1	369
0	338
0	364
364	461
0	354
0	152
0	231
2	7
0	7
0	0
0	238
107	107
18	241
82	913
283	917
6	173
4	7
295	173
0	110
68	198
43	206
0	195
1766	0
0	9712
806	12795
1	4535
0	9712
2735	1
35	57
0	56
833	0
7	0
0	3463
2	1542
0	2276
15564	3471
0	33
0	28
0	0
0	20
6	24
128	722
0	39
0	704
0	10
1189	644
0	619
18	223
0	210
643	332
0	429
674	829
312	829
3	76
15	76
0	19
1	27
0	12
832	2607
0	72
0	2521
0	181
0	2499
0	250
406	0
14	859
0	811
0	860
0	1
0	4
40	1123
0	486
939	1609
0	0
2210	1169
114	552
0	1316
9	0
1674	1
0	5
1	0
1018	4070
0	3588
5	195
0	937
0	606
0	4
0	4
0	16
2	16
226	260
57	260
134	142
3425	2
3127	1659
0	95
0	407
0	0
0	1811
0	1826
5369	5092
0	5091
0	0
0	2
0	2
0	0
0	0
2	2
0	0
245	1049
299	1049
19	37
52	404
0	427
0	377
0	400
14	423
13	99
0	53
0	40
32	0
0	23
0	118
12	67
0	0
24	0
39	3
5	223
6111	8968
0	8959
0	0
1168	2
290	152
56	152
58	286
0	286
2029	1
57	35
0	35
505	8270
0	8002
182	5935
464	1331
0	13
1	302
158	1292
0	524
0	1292
26	9
897	3360
2	3653
4	3301
0	3653
0	3442
7	219
4	219
0	467
613	935
0	502
0	0
0	0
0	0
0	129
0	144
0	144
0	124
867	622
53	370
2	0
0	0
165	151
57	151
142	0
0	124
0	384
86	2117
0	2117
34	271
93695	65
0	0
12569	5
10	204
0	66
255	66
4	11
0	0
0	252
1711	255
110	133
0	26
635	278
0	145
3	55
3	55
339	0
3	82
6	211
0	205
2	83
0	83
771	1182
8	507
130	581
0	825
4	815
298	3070
73	2600
89	470
132	2968
0	30
0	165
0	2968
0	0
229	25
0	24
992	0
0	148
0	68
730	1480
0	1480
1406	1
1	14
0	14
0	13
0	0
32	390
0	238
0	247
0	252
0	244
61	122
2596	2
8	56
22	40
0	114
0	101
82	0
0	281
215	281
0	6807
3078	6807
0	0
0	0
585	0
14037	5338
10	500
17	3733
3	1098
0	0
2486	0
0	0
116	0
1707	0
0	221
0	217
0	203
0	4
8	7
0	0
0	0
0	0
88	0
0	1169
209	1830
1471	1529
1	1
7	56
141	56
44	39
0	39
1126	74
0	74
0	0
0	0
1	95
0	13
53	533
0	20
0	532
7	25
161	2
148	337
11	337
0	0
0	0
1734	0
0	179
0	987
730	2383
5054	5306
0	5531
6	5769
0	0
1019	0
118	659
0	0
0	0
0	357
640	357
53	0
0	22
0	22
1092	328
0	328
0	203
0	0
2255	1532
18	1526
38	0
601	315
0	227
0	323
0	0
1	11
17	173
0	166
0	0
91	18
0	18
0	0
0	0
0	0
0	0
10	8
0	281
0	4
8	50
0	0
0	128
0	157
3	368
1139	1868
0	1361
2	77
12	264
9	94
0	117
10	92
24	632
33	587
8	23
0	23
0	299
16	299
394	1264
0	1264
0	0
0	9
3	1
0	0
5	0
5	9
2240	2
4	156
0	399
1	146
0	33
2	125
430	86
0	0
0	58
1273	58
0	0
0	10
0	10
166	793
0	853
3	835
1500	0
27	243
48	0
2054	2
0	24
2530	1192
0	27
0	72
7	53
0	70
0	70
1866	0
480	0
19	10
0	10
6	0
0	0
1428	115
145	79
0	35
11	346
0	215
0	277
228	144
357	522
0	522
0	0
0	799
0	799
1527	0
0	225
1006	225
1858	414
2	409
2062	1
284	0
0	0
0	1523
0	2
397	2329
0	2329
3	5
4	5
243	909
5	93
53	288
0	546
0	158
0	7
0	7
103	3424
3	476
0	3424
0	4
231	1267
2	1267
4	4
0	25
6	18
0	51
1	62
0	62
24	74
12	0
455	0
6625	2
3	43
31	0
265	0
18	116
838	116
2205	1
0	196
64	326
62	386
0	30131
398	3106
250	31105
104	32840
158	30151
0	145
0	58
0	120
0	117
0	212
0	42
134	42
0	0
0	0
10889	9161
0	9162
0	1124
0	5
0	5
0	5
0	0
0	0
403	2293
0	171
0	24
15	1346
0	2285
1808	1831
0	317
0	158
1	348
0	350
835	1
251	0
4	0
352	1016
263	366
39	35
0	331
2	0
6	38
1630	38
112	0
4748	1
1372	952
0	952
450	0
0	8
0	2
0	8
1959	1
0	4
0	2
82	206
35	443
0	247
1243	690
0	2650
657	2650
27	332
0	104
0	184
1	107
0	46
0	136
0	184
0	63
16	44
0	59
10	0
193	529
0	529
1297	0
145	0
17	424
32	582
0	417
0	48
0	545
189	22548
4688	25080
296	25848
1	20106
389	0
0	47
2	97
215	215
29	108
128	35
20	35
6	0
495	0
2425	429
41	426
3	0
0	4
0	4
0	66
0	66
0	294
1	294
849	1251
0	402
0	171
1	1249
147	0
0	201
0	0
28	201
2779	1919
0	1445
0	551
0	387
0	0
0	0
23	3416
0	1052
0	1612
0	3164
51	645
0	200
0	587
35	4
36	0
7	71
211	7
0	744
0	854
101	858
0	708
10	253
856	253
1358	1369
0	1369
8	0
3	31
0	31
393	2820
0	25
0	2820
122	0
1033	879
4	242
114	0
70	1757
52	256
4	1752
0	0
0	1
0	0
0	1
241	252
24	158
807	84
4155	337
0	337
0	168
0	119
0	84
9	14
53	39
2	0
74	2428
11	2428
150	41
0	0
0	0
498	2291
2034	2291
681	5
4	0
743	1589
10	1592
0	0
1919	4
8340	2547
0	27
0	2514
56	2443
57	0
6	13
38	1524
1	101
449	5879
0	0
4	1612
51	810
0	718
6	384
0	321
18	316
0	4248
1222	985
56	267
308	266
5	267
796	867
0	165
0	866
0	6
132	6
426	0
10593	6
100	849
14	849
104	105
0	0
0	57
0	66
11	135
0	126
48	28
532	1
0	0
0	0
0	0
323	202
0	126
0	158
0	112
1618	16587
17	2054
0	7759
0	5480
3108	11312
109	64
0	1045
0	1288
38	370
271	446
0	420
159	6183
103	269
168	6101
25	27
0	27
0	27
0	128
0	117
1244	0
0	0
210	31
0	31
23	7
986	1986
0	0
0	69
241	134
0	52
0	0
0	0
0	0
321	1558
0	1724
0	1735
0	1071
6	7
0	1
0	6
0	6968
30	8858
66	8791
0	8788
0	2
0	2
0	220
290	1110
0	313
2	815
0	65
0	56
0	69
5	15
0	66
0	152
0	140
0	153
0	153
351	0
10	0
0	0
0	0
13	1034
0	1066
0	1299
6	61
12	1335
0	20
0	4527
0	915
0	396
0	17
0	5599
0	5508
1	5546
0	5687
0	5074
2	0
0	0
0	0
0	171
0	280
0	291
0	0
0	0
172	1517
2125	0
61	678
0	462
0	190
77	673
6	0
0	0
0	0
2	0
8	0
0	0
6	0
10	1730
19	0
803	2504
0	1548
0	316
809	1144
0	0
244	0
34	0
311	410
0	410
7	0
25	621
72	621
2	646
0	1594
8	1763
0	19
0	1117
0	197
23	7529
461	7529
338	0
174	39
0	151
1	1083
0	214
0	611
145	909
0	6080
1	3084
0	6985
16	6695
0	2667
0	7445
0	0
0	1
0	1
5	0
38	3377
24	3405
0	3407
0	3403
1751	5
0	76
577	76
191	596
0	586
0	0
42470	53
0	27
14	25
0	25
43	7
0	7
4	7
0	0
0	220
6706	456
0	452
1028	1
4	399
0	363
0	299
0	106
346	651
0	200
0	0
90	242
1162	554
13	430
52	184
1002	3904
87	4241
0	4241
1	0
29	637
11	637
0	203
13	203
23	89
22	0
38	89
56	47
0	0
0	12
0	12
0	0
0	12
2819	1
1	0
1	0
0	0
0	1435
0	1349
0	336
0	1193
0	1361
0	1263
75	1398
46	1398
3012	264
7	263
1063	0
0	0
0	0
0	61
0	29
0	132
0	97
21	132
1385	964
0	964
0	9
0	9
0	358
38	99
2235	2548
171	2621
5011	7229
75	7227
15	0
0	3
0	265
1	626
0	15
0	7
0	13
8	40
306	78
0	58
14	1813
220	1944
617	0
0	0
0	0
30	0
0	554
0	590
0	0
0	0
3	0
250	0
0	3238
270	3239
5	37
20	37
766	0
251	219
77	219
564	0
463	4019
10	4019
0	16
0	2
201	18
0	99
14	99
0	0
5	0
0	0
4	0
0	0
0	0
12	0
2	745
5223	1837
0	1113
8	254
23	254
80	629
166	629
0	0
9	7
0	7
0	0
0	0
2	0
2	16
2054	2
5	85
47	85
89	1527
0	455
17	1527
16	128
0	0
0	0
0	0
53	773
0	773
761	0
0	1
9	110
0	104
0	109
0	88
148	0
0	2
0	2
0	0
0	0
3	332
0	462
0	490
0	105
0	564
0	1014
298	1014
207	1256
0	1256
8	0
6	0
0	89
15	89
0	0
0	0
55	0
81	412
0	32
7	412
45	0
4	0
0	2
49	169
605	5358
86	5358
0	16
0	3620
30	3622
0	0
748	0
33	238
0	33
0	21
0	33
159	1009
169	1011
274	751
0	751
0	0
0	0
0	0
0	0
0	0
27588	4
35997	366
6	341
152	59
0	67
5	67
2	34
3409	36
0	0
0	0
0	0
2281	4
1510	3653
0	2281
450	4157
1182	0
63	0
15	361
85	0
240	1977
0	514
689	515
6	0
0	0
543	1186
3	7
0	7
0	7
1	2
6	11
399	1394
1232	801
1	596
869	1207
0	1207
2	2
0	3
0	3
2333	2
1741	21
436	0
19	1032
252	2713
14	2422
0	1976
0	4
0	21813
2092	21813
5104	10325
0	538
0	132
5	10069
732	6608
924	6711
0	138
5995	8457
1782	2062
0	8455
1647	836
0	381
0	454
203	4079
6572	4686
0	4681
1467	4441
0	0
1	0
0	0
0	0
0	0
87	1282
0	562
711	1226
0	246
31	1000
112	1701
5421	2258
0	0
0	332
190	3985
14	3977
0	31
0	21
15	31
11497	11
0	0
0	0
0	0
0	0
0	107
1387	107
357	0
0	0
0	0
0	0
0	409
220	409
7	0
0	419
4	8
0	8
0	8
1005	419
0	28
104	28
0	0
95	0
11865	267
0	257
0	519
3096	522
0	4
326	0
108	18
0	13
1	0
9	0
39	0
914	8195
0	8195
29	166
585	2004
0	1997
140	50
0	47
0	0
0	14
0	206
0	20
0	212
27	0
0	8
0	35
0	18
0	12
0	0
0	23
0	6
0	3
0	3
0	0
0	0
0	0
0	0
1	792
1	2942
86	582
447	9277
47	8413
0	3258
0	576
296	576
17	0
0	0
4	259
0	393
11	276
0	28
0	0
0	0
611	1345
0	1345
98	827
0	878
76	878
1340	0
4417	5
0	1827
0	414
0	1157
0	1618
6495	3787
3	0
1024	322
0	322
0	0
0	7
0	7
0	413
2	858
0	372
0	413
99	865
0	0
0	6
0	3
0	31
0	6
0	31
0	37
126	188
1	88
1950	279
0	279
0	0
0	0
0	0
174	115
87	0
4908	10075
163	368
38	18
0	511
3	636
49	40
5	8595
7	8593
329	56
0	56
2	0
2	33
0	28
0	1
111	185
0	10
749	0
8	80
286	0
1864	3
161	98
0	98
0	0
288	31
129	801
11	1084
0	651
15	1022
0	1047
0	1142
686	1527
0	385
6997	6
5	0
2	0
0	0
0	0
0	0
0	0
1	0
291	0
1558	994
20	994
0	3
0	3
1489	0
344	0
0	0
32	63
72	63
0	0
1	197
60	373
0	133
0	343
0	329
0	0
0	0
185	805
4366	807
0	0
0	0
304	225
0	225
934	191
0	191
271	262
0	179
287	0
4632	4
240	0
74	35
106	6667
2674	2965
227	1157
36	0
1293	4123
0	0
262	0
0	198
148	371
0	407
0	91
0	23
0	262
4753	197
74	378
0	18
1629	235
0	8
20	217
2	0
2	32
398	94
10	118
0	111
0	123
0	2151
0	6634
0	2239
0	1619
389	670
0	670
1356	1570
6	409
0	144
0	550
34	628
0	19
2	1
6	19
0	798
717	798
0	223
257	2171
0	2134
1033	3375
0	709
0	731
1	1560
0	0
376	3825
1	495
57	3799
1437	5406
0	16
0	5406
323	10
2	198
6032	4717
0	4637
0	7
38	92
46	1720
0	1720
91	0
0	738
0	361
0	208
1	780
0	2
0	2
0	0
547	0
38	0
3	3
8	3
3049	4
0	0
0	0
58	221
0	255
0	208
0	251
494	204
0	0
0	0
8	252
1577	508
18	498
0	0
0	0
3140	0
28	0
0	2
0	2
0	0
0	139
14	39
0	141
0	138
36	0
0	0
0	0
1027	1
1356	0
0	0
0	0
0	0
0	0
196	415
49	0
0	0
416	1063
0	788
0	482
0	747
0	1022
31	122
0	122
0	12
0	20
1	20
0	0
444	630
0	630
0	13
721	526
0	21
36	539
0	0
0	0
1464	0
18	712
0	784
0	0
0	166
340	576
0	576
4	11
863	1
0	0
48	162
0	36
0	81
0	0
0	17
0	876
0	134
0	55
14	876
135	25
6	25
0	0
4	24
1824	943
7	918
23	20
2429	1
8	0
0	0
116	4
3	1
1375	952
0	952
199	549
0	124
0	190
0	198
0	214
0	214
3990	256
8	255
316	165
0	165
72	152
260	152
0	2
1827	367
0	55
0	0
1	965
0	501
0	497
0	37
0	497
0	0
0	0
0	0
341	790
3559	0
265	5319
510	5324
0	0
271	1802
0	869
33	1368
3244	13
0	0
11	207
0	52
0	332
13	825
9	831
5345	138
133	136
0	0
60	295
0	295
22237	13
0	0
0	1023
895	1023
0	629
0	540
38	208
0	28
302	25
0	25
0	0
0	0
12	0
0	0
58	34
0	0
0	16
0	0
0	16
0	0
239	0
169	0
5	0
0	223
200	543
726	863
0	367
0	0
0	0
0	5
0	5
0	0
5	142
0	127
1049	961
0	44
0	28
16	323
0	299
632	0
5	0
0	0
0	29
14	1171
0	1092
4974	2663
381	3340
13	0
15	120
0	120
0	0
0	0
0	0
0	0
0	0
0	0
5407	13447
0	13447
13	977
22	38
4	992
27	6
0	0
0	0
0	0
0	4
0	4
0	1
0	0
0	5
0	5
0	1
0	8
45	8
0	0
3	0
0	67
279	121
5	82
0	206
26	174
11951	15707
0	504
394	15665
0	124
0	104
4	208
74	203
0	145
216	7880
0	7880
0	792
0	9
0	45
0	87
0	143
0	707
24	776
0	968
714	1299
0	2
0	2
0	0
0	0
364	825
2560	14909
0	14903
0	3
0	3
436	266
0	266
45	933
0	401
8	409
0	405
1	367
0	409
0	387
0	418
0	383
1742	2829
73	3807
0	3763
278	0
131	831
574	8352
0	3024
0	7246
0	0
0	65
0	19
7	133
0	105
0	21
7	21
0	0
17	0
7	0
0	2
1455	0
10	681
0	425
0	41
0	2552
17	2250
2792	2406
406	842
0	28
0	96
0	842
2317	751
0	256
0	751
3	19
1	19
0	0
632	622
126	0
2549	5090
0	5090
0	50
127	138
0	114
65	128
0	128
166	0
0	0
0	0
0	0
0	41
4	141
427	3166
3	3166
1011	0
0	241
2104	284
0	281
123	451
86	450
8	99
5531	5
9	7
668	1052
27	1052
670	157
5	104
0	148
0	595
0	576
0	578
788	0
22	87
4	87
0	158
0	896
31	789
29	779
0	496
39	1850
11	708
0	1713
0	0
3357	1602
49	1600
1	0
0	0
1536	3
113	0
0	0
76	0
0	0
59	62
0	11
0	7
47	7
0	0
172	1157
0	1157
0	0
0	3
0	4
663	8
56	1323
0	1323
0	66
42	98
3	0
1477	0
1048	393
0	137
443	6941
351	5174
0	289
0	6216
0	0
8	3327
0	1370
0	1422
26	3379
23	0
107	173
0	173
844	416
0	382
0	7348
0	4691
0	3270
17364	15308
148	3925
0	3924
0	0
0	0
117	341
58	341
201	280
353	281
2643	281
21	80
7	5
2	5
0	0
0	537
3	726
0	669
0	310
2	1417
6	845
0	1093
0	1107
0	942
397	12
247	21160
173	0
4	329
0	22
2470	2524
374	2481
615	74
18	0
34472	13
0	96
0	96
5	147
0	178
0	178
1190	2
1279	1
17804	22
57	242
5	242
0	1
0	1
0	1
0	62
209	62
2	18184
0	16145
465	33460
10	22731
0	28703
20	274
0	79
0	101
0	124
0	116
0	196
12	288
2	0
4448	21150
6014	0
1418	1
1	0
6	63
0	0
0	0
0	98
11	98
0	44
527	3955
0	103
0	34
0	572
0	3952
0	3870
0	13
0	0
0	0
139	490
479	490
692	4
0	1095
0	1000
67	94
0	94
121	0
0	301
83	393
107	493
430	334
0	185
0	209
1062	914
56	1214
0	1157
754	3
15	70
44	62
0	69
263	1571
0	855
175	716
21	0
23	0
0	0
0	0
0	0
0	0
0	0
0	0
307	0
640	1809
0	1174
58	2250
0	2187
1648	40
3135	3
14	0
4	46
0	28
0	132
590	271
0	139
9	0
4072	6941
44	37
0	2
6	37
858	1
1	0
0	13
0	4
0	13
25	182
0	182
415	1
8	0
73	0
500	160
50	524
48	684
0	6
69	6
168	97
8	84
1237	1
758	404
0	404
7845	666
0	111
0	126
0	75
0	609
97	670
28	670
0	943
0	620
0	1346
145	1622
277	0
0	5
130	1339
0	1339
0	0
857	1
0	86
251	86
0	141
91	237
0	0
2	964
55	1093
0	114
0	149
0	263
0	220
72	0
1621	0
2387	2908
0	2125
0	2895
0	2313
0	2895
0	518
0	518
0	11
0	11
0	19
15	28
0	19
0	87
248	87
0	0
125	7
0	7
0	35
2	398
18	398
0	3
0	2
7	3
1285	360
0	360
426	6096
8	6096
13	101
5	16
0	204
1198	2554
36	211
69	2542
41	172
0	172
45	302
0	223
7	349
1048	63
0	63
0	7
0	7
0	0
0	0
0	19
58	19
33	0
0	0
0	0
763	0
0	10
0	10
21	2
0	45
0	45
10	0
1679	4
5317	1136
2681	2820
2638	3
0	0
175	423
0	423
1700	158
0	16
0	222
1344	364
0	141
387	0
126	0
55	0
0	10
0	0
3	1084
0	99
6573	1456
122	0
6	321
8	314
0	321
0	73
123	73
723	0
140	75
0	75
0	235
0	169
359	1465
0	80
0	1464
68	0
0	48
78	296
0	60
0	52
0	239
594	0
516	3
1833	3981
292	3978
5776	5683
0	5675
643	0
138	466
70	466
457	887
0	196
212	887
159	0
2	0
0	25
175	26
0	61
383	889
20	23
0	885
0	4
0	5
0	4
0	12
0	28
0	28
2	0
36	375
0	375
790	3
164	1574
347	1574
0	718
16	718
1457	1
20	161
2	161
267	0
0	0
0	0
0	42
0	53
0	119
0	345
0	52
0	18
0	328
0	358
137	0
0	23
446	434
0	357
5	0
133	0
3242	2
104	641
9	1850
8	474
13	394
0	311
1	199
0	1140
31	324
545	2552
22	1336
0	1512
0	0
0	0
0	0
0	3
0	3
203	0
88	93
0	93
774	2183
0	26
0	10
2	139
32	2182
2	0
0	0
0	94
265	59
0	751
0	2989
91	3006
0	3006
0	41
667	41
0	0
0	0
4	35
0	10
195	150
0	64
1	175
0	150
761	223
0	221
0	43
0	43
0	4
0	43
234	0
5543	2
254	262
3206	0
471	0
50	1559
107	1559
0	0
0	0
6	1286
132	1286
3123	0
98	31
616	577
117	26
2353	753
64	0
0	753
0	0
227	673
4	27
0	673
28	0
4686	3
3114	3093
0	1409
0	0
0	0
0	0
389	1
207	0
0	0
0	0
0	125
1182	555
0	24
0	102
0	46
0	102
124	204
554	1
130	17608
235	875
0	17194
143	1
274	0
71	370
4	370
5617	2987
96	2986
10	26
0	20
0	20
0	7
3	2
0	2
0	2
0	66
0	66
816	838
0	837
0	786
332	286
0	102
44	80
0	102
0	27
502	27
2	4
0	3689
7862	3696
0	0
0	0
0	0
0	0
497	386
0	0
5	0
0	0
33	640
0	645
0	131
0	550
0	568
0	0
3	138
0	192
0	482
81	482
0	788
1249	7855
0	165
0	0
13	7229
0	7204
21	6940
0	6094
0	2029
0	1754
3	2101
0	0
234	246
6879	10
7	155
78	155
6	22
0	23
0	23
1	27
0	1770
3286	1777
0	0
0	44
81	63
126	5292
448	5194
172	4376
6	0
0	86
0	5
15	86
3	582
1864	582
0	0
908	0
218	779
633	779
145	104
0	104
15	0
3003	41
0	40
36890	17791
0	17769
1541	25855
89	7537
18	1400
22	25128
696	466
8	93
0	459
555	3293
4	3225
5	696
0	3221
0	637
37	379
0	108
15	5
3453	748
174	312
0	0
5	312
31	52
2560	0
1251	990
178	1099
0	776
43	0
1599	0
0	8
0	8
1	1498
0	413
1919	1386
0	0
0	0
0	0
0	0
24	99
1	97
0	2
1859	0
438	566
0	566
1	104
0	14
0	104
0	104
0	0
2	0
830	0
0	210
44	210
351	612
299	1309
0	1309
351	2496
83	2496
30	11
0	0
297	596
7642	605
0	0
101	0
248	0
174	0
0	2
299	1
120	0
90	1818
0	1781
0	1817
0	1801
0	1839
1432	1950
0	0
0	0
0	0
3164	4
181	0
0	214
0	61
197	233
0	9
4	9
84	1260
0	1260
7	0
19	0
673	1019
0	1019
18	13
487	1611
0	41
51	1611
336	223
0	223
4	46
17	378
14	378
802	0
605	396
22	2028
94	2007
0	0
0	0
1396	614
0	614
1054	1483
0	263
9	1220
9	2035
3	2035
0	3350
0	228
131	3352
0	0
0	0
4	0
0	7
0	142
0	35
0	112
0	130
16	162
36	162
429	1995
4	1980
4	15
44	0
0	0
942	0
554	0
17	31
0	8
0	22
2508	2
3	1975
5465	1976
22	0
149	0
3000	547
34	545
38	76
0	44
0	25
0	25
0	15
444	38041
3916	38129
0	38125
0	49
0	60
0	58
0	13
63	81
0	250
0	344
0	244
34	343
439	30
0	28
59	2060
0	0
0	5857
659	6228
0	5466
8	6629
0	0
0	0
0	0
0	0
0	4
0	0
0	2
0	2
0	7
0	7
0	7
0	965
26	3858
234	3858
35974	27905
456	27880
4	28
70	160
0	147
0	160
7	1
247	271
0	271
0	34
1	47
0	348
0	459
671	459
181	145
0	146
51	0
1778	1540
1562	1005
4	2
0	1
1293	104
297	103
0	0
0	0
0	132
2	339
534	0
20850	9
9	2
0	2
4013	1965
361	24
0	20
187	291
699	524
0	524
104	0
3990	4437
0	4437
0	0
7	0
353	1197
153	2
115	4951
0	4951
0	29
0	29
445	380
375	3453
0	3312
0	380
0	141
0	0
0	60
40	751
14	751
3	0
0	4705
794	4705
0	0
7	0
913	961
0	776
0	776
0	961
0	776
0	0
0	0
0	0
17	0
269	7500
0	7500
963	2
242	194
0	106
0	102
2	7
1	91
0	91
607	0
0	0
0	0
122	144
62	326
0	428
4460	2880
56	107
0	2700
238	2279
3	12
0	12
1051	11888
0	11888
388	0
1473	3
713	1601
0	1676
8	1657
28	1670
4	1657
30	234
0	31
187	322
0	322
28	2637
0	499
0	832
0	165
0	265
32	1557
135	2918
23192	13
13	312
6	11
39	950
0	202
250	7641
28	7613
75	3807
0	3859
0	3960
0	3348
0	5527
6	3436
164	0
0	116
101	337
66	337
574	873
5	871
294	3557
4	2729
28	3814
1344	4907
646	0
142	163
0	185
14	179
500	0
0	7
0	7
52	0
7	0
0	352
0	340
3	352
0	304
49	0
10	0
165	101
0	101
14	0
9	18
1	19
0	0
0	0
653	159
356	1456
4	375
17	375
2126	12
3	0
0	0
0	0
0	0
0	0
0	33
8	22
0	70
30	70
0	0
11071	8
0	6
0	0
0	0
0	6
1443	0
0	0
0	0
0	0
0	0
0	0
0	0
0	0
0	0
37	406
389	406
0	0
0	18
0	3
0	18
134	0
937	0
490	590
1044	952
0	952
10285	5
2	11
0	17
0	18
0	17
38	563
0	561
0	564
5	2465
26	1156
147	2306
0	851
0	631
0	0
183	167
3327	3628
23	823
0	3088
0	3171
0	2915
12752	5
672	1325
8	267
0	1194
649	232
0	232
0	241
0	745
0	658
0	666
1281	0
9	0
11	154
0	1
5	4
0	34
277	34
256	274
0	274
607	3715
4	3715
0	264
1	264
701	1998
154	1997
646	173
0	173
0	160
0	485
324	1567
0	1062
0	1250
2	42
0	42
1049	759
0	665
89	665
2	24
0	19
0	19
0	19
0	19
0	19
0	24
81	91
0	185
0	188
0	90
0	0
4	6
0	6
77	272
31	326
2	326
21	0
454	7
0	0
3620	2
85	16
103	90
10	84
12	0
926	483
0	483
0	0
2	0
37	25
6	25
0	0
0	0
794	0
240	0
0	176
0	173
16	278
5	1980
0	2022
132	2019
5	2066
109	12
0	12
0	2
5045	4917
0	4729
0	4787
7	4787
332	153
0	153
0	0
5	19
0	0
395	3
176	0
1610	704
1238	0
630	168
0	168
0	0
16	0
11	247
0	46
0	239
900	0
0	309
0	55
9	327
3	327
0	395
3134	395
144	1561
0	338
0	1424
0	1521
93	1053
965	0
5	6
3878	0
870	4076
20	1884
0	2559
3	720
14	401
0	118
229	912
8	845
143	57
0	57
0	0
0	0
0	0
2037	363
21	1397
5	1414
21	1427
0	8
88	7
0	7
0	0
0	1655
467	1655
0	24
1197	720
0	720
0	4
0	4
0	4833
54	128
18	4551
0	2358
0	3304
0	3558
7	3336
2	0
0	0
27	181
0	108
2	168
4	47
136	317
2148	216
0	5
0	2
20	1254
1725	1254
148	6645
0	6655
48	6436
212	0
0	249
61	333
0	249
0	333
0	284
0	300
126	68
10	70
0	70
1	305
0	248
0	241
0	241
57	721
2	367
446	746
0	365
429	208
0	205
7	0
1793	3
313	186
0	186
873	377
3	377
83	545
532	545
1700	14245
0	1060
3160	18016
0	9048
3984	7
150	0
11	0
0	0
4	9
0	9
0	6
177	6
454	682
0	682
27	653
0	196
576	196
127	14
39	980
0	1505
105	498
0	808
10	691
0	249
0	1387
112	1719
8	173
2	1719
0	6
0	0
52	6
9727	679
0	678
240	955
24	6575
13	6688
78	6652
0	754
11	101
0	537
0	757
17	800
0	68
1	70
7186	3
101	874
24	1312
23	892
441	948
847	962
0	45
0	962
62	118
0	118
2	0
5745	801
0	799
2048	0
5077	1
10	80
15	80
0	544
0	409
787	1023
0	642
4	0
4	1049
2	1983
0	2136
0	2280
14	1168
2	3397
41	4446
0	2542
21	23
5	23
0	0
3	0
17	0
928	0
1885	1
575	295
0	0
0	0
3569	0
125	193
0	193
390	2094
0	0
1979	373
0	373
44	285
0	0
0	0
0	0
0	0
0	0
0	0
5	0
0	0
0	2552
170	2552
126	31
28	121
0	8
0	108
0	13
0	0
0	8
0	8
0	8
0	4
941	0
0	19
1670	1
1028	950
0	946
1	33
0	33
0	5
1	5
0	0
0	0
0	118
153	549
2801	10012
84	104
0	10044
87	10044
0	113
215	1092
0	387
0	197
593	197
12	0
0	45
308	45
445	353
0	30
0	338
0	364
1429	0
9	0
1962	0
1	188
0	188
15	0
598	0
0	47
0	47
0	0
0	0
0	0
0	1
0	4
0	2
0	34
0	20
0	34
6	1
0	0
0	9
0	9
0	16
10	17
0	6
0	0
0	2
0	93
0	18
0	93
1374	2056
92	2056
1	416
7	37
16	416
0	311
128	311
0	37
512	37
3	0
6	324
0	324
0	318
0	334
1073	335
4	14
724	591
0	25
133	358
0	23
499	0
1	0
654	0
0	0
0	0
17	31
0	31
16	0
0	0
1	790
11	7
0	8
0	750
3	0
12	55
38	91
0	97
52	111
0	0
1214	568
0	406
950	0
839	39
0	39
0	495
0	17
0	240
69	551
151	0
18	20
471	1202
24	0
58	1917
0	2032
0	4
5	0
311	222
0	222
4	519
2806	1148
0	659
0	44
0	16
0	56
54	441
5	453
0	514
5	0
0	2019
32	1860
1	1894
547	1977
27	395
1	395
234	1038
6	936
0	873
0	140
482	880
0	713
0	592
0	0
0	0
0	0
0	0
0	0
0	0
19	19
0	12
10	3337
18860	3347
694	618
18	449
0	568
64	312
0	0
4	58
0	87
194	2378
0	87
3	2378
0	50
0	14
19	52
691	16
537	0
2490	1
7036	3397
0	3396
0	0
0	0
9	156
231	162
146	0
16	23
424	0
0	0
135	566
758	566
94	235
0	235
2	0
0	0
0	0
0	0
0	0
0	384
155	393
0	1601
3	1792
6	766
609	1053
0	346
0	355
0	518
4	495
1	2
0	2
3040	2720
38	259
1002	2719
84	0
566	602
274	602
13	482
162	482
27	794
0	92
9	803
55	0
0	1
0	1
0	86
1	62
0	154
0	42
2	124
70	1009
5	921
0	884
21	0
0	0
655	188
3620	335
77	0
2772	0
0	6
1227	2573
0	1409
0	0
0	0
6	126
17	190
0	190
2750	0
932	242
0	240
9	5850
4300	5857
80	0
15	0
0	0
0	65
18	86
0	86
0	0
0	0
99	139
33	139
1	17
1826	550
5625	1003
42	936
116	876
172	11
0	0
0	0
897	166
0	166
0	4
0	4
0	0
2710	0
114	293
2391	293
0	4
3	4
157	1336
308	1336
375	1065
0	0
5	171
5	64
0	171
869	5
1000	689
554	688
0	111
21	111
4166	2
2140	2
0	6
0	6
5549	221
0	475
0	404
2071	771
255	2030
1397	2032
12	120
0	5
0	120
0	114
0	0
0	0
0	0
0	741
0	823
0	174
0	150
323	1165
1	441
0	263
0	0
208	0
0	3165
0	4336
0	4097
0	4936
124	4936
0	859
0	749
0	749
3	749
0	2
0	2
26	0
377	1
421	457
0	452
0	89
45	1
0	1
1875	2
35	0
207	3361
0	127
0	3368
26	3373
2	3189
0	3382
0	0
0	0
0	691
410	691
134	0
515	0
0	118
538	119
49	142
0	32
0	0
1175	0
0	8
10	8
0	0
0	0
227	296
0	296
11	2
300	3
0	0
164	226
0	226
348	208
0	10
0	10
112	409
1	840
0	869
1311	3
0	0
60	5260
430	5260
303	285
0	0
0	0
33	34
0	34
0	0
0	0
228	256
0	251
833	841
55	0
26	39
2424	39
70	1
160	0
560	1831
0	1831
274	1130
0	1102
0	1136
51	1136
23	694
454	694
0	0
0	0
166	3891
1353	3891
0	290
0	225
329	290
524	1378
0	1378
0	0
0	1
68	1752
0	2116
0	2282
0	646
0	7
0	35
0	3
0	39
0	33
4	480
0	480
1	176
0	176
0	26
0	5
0	26
0	25
0	25
0	0
0	5
0	3
688	5
0	0
0	1
0	1
0	4
0	4
0	0
0	1
0	1
488	806
0	806
0	1565
999	2691
1188	65
269	65
0	49
2	0
0	7
0	7
0	9
0	4
0	13
66	9
0	9
9	607
0	636
11	582
1959	1139
44	446
0	693
3177	482
69	470
786	501
2	234
0	265
0	0
5877	6
0	405
68	2747
0	2747
0	80
5	437
6	455
20	455
0	189
1209	192
177	2055
7	2077
261	400
73	243
78880	33
1035	1288
49	1111
40	1288
2	0
0	41
0	29
0	78
14	82
145	4
0	4
951	946
121	0
16	129
155	129
2996	3
0	0
0	0
0	52
26	162
0	112
44	162
0	151
479	203
0	203
2960	16299
2	584
1	5444
9	16258
0	1
0	38
1617	1152
46	1183
4933	1
0	155
4	145
0	189
0	185
0	157
0	140
0	140
0	152
229	225
0	219
16	306
13	444
1289	732
66	706
356	595
0	595
42	0
0	724
295	730
0	525
0	107
29	131
0	126
2089	2120
0	1505
7	1766
0	1555
193	2101
4232	2857
14	2857
0	0
28	107
0	0
128	2746
31	2750
66	1695
32	1692
31	568
4	129
24	568
3814	0
8	176
30	177
0	3
8	221
0	211
0	221
0	160
1273	1139
0	88
291	92
1227	742
0	297
0	742
528	8836
65	782
0	6454
68	8934
0	54
0	48
42	144
2	144
0	0
0	0
37	177
49	159
522	0
58	314
45	0
0	267
27	267
0	0
0	4
434	4
0	6
0	6
410	1
0	2
380	10470
3	10470
0	246
37	1389
27	1389
0	0
3	0
4	0
0	0
0	0
0	0
0	0
0	0
9171	13856
6	13851
1225	1322
675	1322
236	1058
0	1058
13	841
40	763
113	613
0	603
400	3048
0	81
0	92
6	81
0	62
6	14
10	328
0	122
432	447
60	14
301	449
0	231
0	0
919	18
40	12
0	12
0	12
40	424
49	263
22	25
85	25
1	5
0	5
230	362
0	96
0	55
0	34
0	50
0	156
42	0
327	1194
6	1076
0	1194
0	2791
1581	4237
4	2398
0	1
6	10
0	5
2499	8484
10	891
109	8483
138	0
5150	8
319	547
46	547
10	3
10	3
0	37
0	37
403	1802
11	349
1	540
25	1554
3026	4302
0	4299
133	44
0	44
17616	0
374	334
0	334
0	71
0	71
8	12
1198	1039
155	4
4	129
40	382
68	341
0	0
8170	6
0	0
434	59
0	59
25	1622
218	1622
1902	4
3	0
2187	975
0	0
0	0
0	28
0	7
8	98
0	38
2	98
16	0
0	0
18	2
0	2
0	0
0	0
0	0
0	0
109	0
47	36
881	0
3	9
1	7
16	0
0	0
117	103
36	0
1770	1622
15	1632
0	1580
22	15
0	15
0	0
0	0
0	495
363	495
23	0
0	9
112	1350
11	1350
73	0
0	1
0	0
2	1
0	127
0	6
118	127
0	123
0	143
0	233
495	1703
0	746
75	17
0	17
443	2
28	51
0	51
0	40
0	3
219	0
0	380
97	380
279	863
0	466
10	458
0	512
0	308
2	512
0	16
0	16
0	16
9	12
0	261
2	6
0	510
145	2707
0	1241
0	2566
0	0
0	0
337	0
5042	0
0	0
0	2
0	4
0	15
0	7
0	7
0	7
5	7
416	1862
0	13
0	1862
62	1844
118	31
0	31
916	740
0	235
795	2650
0	28
169	651
0	508
0	625
0	0
24	314
5	264
0	97
0	271
10	298
4085	3918
0	3578
0	1714
9	1246
0	0
0	0
0	0
93	0
0	14
0	7
9	402
1281	344
120	0
0	0
0	0
0	0
923	0
465	142
0	142
47	1190
63	1342
1	1057
104	939
247	3164
0	3323
0	0
2922	6
0	1296
12	1316
394	6108
12	1512
15	1999
0	2855
47	5574
0	2362
0	2855
0	0
0	15
0	97
151	97
7	377
2	26
0	27
10	372
54	87
31	87
0	0
21	27
35	27
10	37
8178	542
243	574
10	241
1	241
0	173
330	459
155	459
24	387
102	385
0	2
0	1
0	2
30	372
1	369
46	4707
23	369
89	4701
50	408
0	1387
312	1199
0	0
1	0
2	20
0	17
0	86
0	86
0	130
0	343
1338	913
0	909
0	752
0	909
0	5
0	5
3	20
3	20
10273	477
0	510
1741	1692
266	98
10	98
10	312
0	136
8	321
43	0
9	7
47	7
249	84
2	81
63	22
0	22
39	844
34	175
0	844
2	198
13	0
48	198
0	30
0	30
0	0
0	20
20	20
0	0
0	0
0	0
0	497
63	497
3017	1592
6	1150
0	1307
0	1079
0	900
0	1221
0	9
0	2
0	9
986	0
1387	698
0	727
0	132
0	273
0	159
9	190
0	134
348	135
16	0
1337	0
164	0
91	2085
14	2085
258	9
266	180
7	180
2515	1
155	105
0	105
0	0
12690	2610
6	147
0	143
0	62
11	147
0	143
1	144
0	144
27	851
0	292
26	784
5599	410
0	406
3593	2152
0	2145
642	421
6962	9760
0	37
26	1
0	0
0	4
41	4
0	2
0	2
2	0
3057	0
7	0
12	6
5	32
1164	203
0	203
86	118
0	17
0	103
0	0
100	138
313	0
122	0
62	303
0	303
733	4329
0	4329
73	4298
0	4044
0	1429
5	3969
2	0
231	235
35	180
9	77
8	154
0	332
3	88
0	496
1	433
714	1663
3	862
0	944
0	85
0	104
62	104
760	0
882	590
450	49
0	15
0	34
11	952
0	2760
0	181
94	1293
0	2196
91	439
1152	6788
33	10667
71	227
0	227
589	795
0	795
7	2858
7	194
0	1654
0	2949
113	0
12	2
0	0
0	2
0	260
88	260
0	225
8	69
1569	5955
387	7463
0	4640
0	13
0	18
2	2
0	0
0	63
0	18
0	45
0	0
94	144
11	144
0	0
0	0
0	0
71977	27736
10268	22688
2208	14807
6	3725
49	8662
0	8562
149	15287
0	9278
0	42
2	128
5	97
32	44
688	3825
10	3823
0	3
0	0
0	8
0	8
0	0
0	0
12	278
0	169
350	0
655	926
4034	5145
4	264
0	5025
253	5044
3	14
0	1
4	0
0	18
0	251
0	275
1	178
21	847
5	1281
132	2622
150	2524
0	149
0	389
0	216
0	168
40	347
4	0
0	12
0	12
0	2
4	2
3905	661
42	661
6628	78
0	3
0	71
162	11
1095	1
18	212
0	186
0	413
0	446
0	744
11	282
6	2509
75	235
11	2415
0	1101
0	1032
0	1054
0	282
0	979
83	0
173	69
0	0
0	0
0	0
0	0
6	840
89	150
0	150
2336	876
441	0
0	0
0	0
1	4
0	12
859	0
0	247
117	247
0	1
0	0
0	1
0	1
0	0
18	0
67	2555
263	2555
0	0
1	29
0	29
0	13
0	5
0	1
0	5
69	0
0	0
168	787
40	244
71	0
0	244
39	4
2	4
0	0
0	0
0	0
0	0
0	4
9	21
7	21
631	0
369	86
0	86
0	61
109	1635
0	1113
36	1231
0	723
4	59
0	53
5832	4120
0	3756
12	42
115	42
264	0
1429	0
0	73
0	73
309	349
0	0
2	0
0	0
0	69
1329	142
57	189
0	1434
0	998
4718	2377
0	1512
2920	163
0	163
0	28
0	28
12	34
0	28
41	0
0	0
692	0
0	2
0	2
0	2
464	0
0	62
8	62
0	8
0	13
0	35
4	0
1066	9611
0	9610
696	4
5858	839
0	837
264	247
0	246
0	71
114	2729
0	713
0	2571
8	15
15	15
259	2183
5	2183
820	0
400	113
0	181
0	72
0	53
0	181
333	53
0	2
0	51
115	0
0	4267
0	8226
990	26867
0	6115
0	8445
2165	26633
5	105
8	105
0	67
0	50
2	1336
6	1354
5	1543
0	1471
81	2550
0	827
4	131
199	4379
0	3185
127	2673
0	4762
23	425
17	515
0	5
2393	0
7	0
6	13
0	0
39	95
0	82
1490	320
3	0
0	0
0	0
0	0
0	0
170	415
0	111
104	185
773	3787
670	470
295	13080
0	3690
0	0
0	0
0	284
495	284
1678	0
0	30
0	30
0	0
10	210
0	210
164	0
391	1801
22	1803
4	1802
3477	7189
1740	885
0	6792
28	305
32	46
5	327
296	276
29	0
0	0
0	0
26	8
111	109
12	109
26	0
769	0
0	80
690	80
751	1
6737	17
133	0
38	0
163	1688
0	1688
200	0
0	0
0	10
11	10
644	4077
0	1464
10	4265
0	5
13	472
4	7467
0	1279
150	6817
616	7369
104	7050
32	6923
0	394
147	394
73	0
35	0
0	16
18	16
0	9
0	9
0	0
0	0
210	0
0	0
0	0
0	0
0	221
198	18763
1	15146
0	4751
239	18575
3	6
1	6
108	6
549	89
0	7
0	82
494	840
0	754
0	2502
93	3749
1149	0
2	21
7	16
309	4292
0	76
0	764
20	4299
0	70
0	415
0	21
26	3052
0	3076
0	1964
0	2427
96	2338
64	1641
6	2169
0	1385
2664	1390
0	112
7	133
1194	835
0	306
0	805
526	10
4	10
2189	513
2	0
372	0
0	0
2447	1494
0	1795
0	1897
247	391
8	226
1	391
0	639
13152	644
3	89
0	0
0	136
0	193
0	69
3	247
0	215
380	126
0	126
5749	33
0	29
0	0
0	91
0	8
0	60
2	79
2894	417
0	334
1305	434
0	434
0	0
0	0
0	366
837	367
1678	2053
0	2115
165	1996
0	7
0	9
356	882
0	873
6	0
565	0
0	78
350	455
0	14
9	16
0	0
5	0
5955	8893
0	8892
36	2668
0	252
86	2668
8	129
231	2754
133	4
0	0
0	0
12889	4
2	0
0	41
294	0
0	247
0	141
1267	388
7	27
0	27
0	9
3	5
0	7
0	9
37	17
0	17
0	557
209	984
33	365
0	363
0	188
6	1769
0	4883
0	4956
0	453
0	383
7	125
48	1112
5	1112
0	661
519	0
1011	699
1	495
0	165
340	6289
3055	6289
2797	2576
0	2575
0	43
0	91
0	48
0	67
56	982
0	189
741	985
0	0
7	137
0	93
462	141
0	0
1050	100
226	31
43	67
1001	62
0	62
20	82
93	79
116	13691
0	17436
68	11520
0	17755
0	17811
0	17757
0	0
0	0
0	0
0	0
24635	10
52	0
16	4
0	4
0	4
0	81
1	64
0	988
0	219
0	111
0	1001
0	985
3337	565
0	562
0	3
0	975
1	67
0	3
20	981
41	67
0	482
66	504
115	272
0	272
37	0
436	2
57	255
723	3133
0	3049
0	577
7391	585
0	1
13	11
0	75
30	75
14	24
0	24
0	9
211	868
0	868
899	19
573	5
0	620
0	1006
10	962
0	2
946	7
0	11
275	41
0	30
0	0
640	1
1227	278
0	278
1	0
9	542
0	66
3	523
0	184
17	94
6	44
0	0
0	0
288	362
785	360
0	0
56	169
0	169
300	270
0	270
0	124
48	829
0	640
23	755
0	48
704	1
641	0
178	0
2171	0
15	722
1	1706
37	1614
158	7899
0	2014
7	7002
76	0
22	149
214	149
5	18
0	18
0	15
0	15
0	18
1205	0
18	14661
471	5649
14	15282
114	0
12	48
3	2
20	0
110	0
63	48
0	5
379	933
0	917
0	921
5	0
0	278
0	0
0	16
0	261
6	278
630	63
0	63
9257	9
361	495
0	232
13	95
0	80
109	410
0	410
0	0
0	0
0	0
0	63
0	3095
12	3105
31	8
0	8
485	339
0	91
0	25
0	75
37	75
5	0
319	390
0	388
164	746
74	746
18	67
0	67
0	0
0	0
0	0
0	0
1168	0
54	0
0	157
23	157
0	317
28	317
206	105
0	105
2	0
955	89
0	88
278	0
0	0
0	0
11	24
63	16
2766	0
536	0
212	204
0	343
0	379
0	0
0	0
0	15
0	0
0	15
343	2135
8	2135
0	110
333	1083
12	1083
147	482
5	481
0	0
10426	3843
0	3838
5	194
0	194
244	859
418	859
0	0
0	0
0	13
17	6343
0	123
0	1348
9	1883
7	6012
0	4801
0	0
15338	16
10	82
27	82
1582	2
0	6
0	6
23	140
69	115
8	88
0	115
0	7
0	0
4	2043
34	2033
60	11
0	11
0	0
0	0
0	0
0	0
12	0
34	73
0	10
0	63
4565	90
6	90
849	0
0	107
13	107
1909	0
241	263
0	263
0	263
62	40
0	2
0	2
0	0
0	0
3	106
594	1190
9	182
129	182
0	10
666	10
1291	1836
0	0
740	0
3	7
7	2
15	266
533	3058
839	3009
3	102
0	102
0	40
4	40
203	4
0	4
65	204
0	0
0	0
0	0
0	0
0	0
830	0
3242	989
0	1314
1628	3
0	0
7	962
10115	4750
0	3828
0	838
0	682
0	252
345	682
20	247
28	247
364	6424
0	2533
27	6434
2304	8084
93	3146
0	196
0	1
3	1933
708	3075
22	1989
9	783
5	7444
60	0
0	3
0	9
0	28
0	5
0	1
0	3
0	14
0	26
8	0
0	0
0	0
0	0
23	0
0	63
142	2028
0	6
0	50
0	101
1	79
0	91
0	65
5034	3
1640	1337
12	1255
9	1302
53	0
0	0
0	0
0	5
0	430
328	430
0	2833
13	2833
28	16
0	16
0	0
0	0
785	1486
2	1486
65	1
0	1
0	46
3521	48
0	1238
4826	2711
2	946
6	500
0	1265
502	195
26	0
0	0
0	0
0	0
0	0
0	0
3591	547
0	6
3	6
16	246
0	246
786	1
61	0
0	0
0	76
0	15
73	192
0	0
2	19
44	19
77	199
160	199
388	173
0	173
4355	340
0	337
0	0
1694	305
27	305
0	8426
0	8541
12115	8624
465	499
0	318
0	398
952	1
161	0
90	11
0	2
2	9
0	5
303	1269
0	0
0	0
1826	1024
10	134
0	0
59	0
1172	1384
0	1384
0	4
243	10
254	750
11	0
0	0
98	5238
0	5238
0	192
5	38
174	181
0	185
0	336
0	94
980	337
0	2
18	2
36	560
1	569
0	47
3	40
0	47
0	47
111	541
20	389
2498	1
0	0
1049	1688
57	298
351	644
0	644
2	19
0	33
1	28
1554	605
0	605
2606	0
0	424
652	424
263	292
964	292
0	447
1274	447
5	108
0	734
0	764
8594	4
0	0
0	26
155	130
57	31
624	31
0	150
414	183
10	499
916	499
677	642
3	515
36	161
1210	2164
5	2164
5	0
23830	6869
0	6848
0	892
210	1159
0	661
40	140
252	137
22	36
9	37
0	54
0	41
0	19
0	41
0	26
0	844
2105	2590
18	2588
18	0
8	5
0	5
50	396
8	141
25	126
0	151
1034	256
450	0
2	107
0	107
1068	0
177	0
0	221
5860	222
0	0
0	0
0	0
0	0
0	0
0	0
0	17
0	391
0	1048
0	1041
0	190
0	15
0	787
5	1021
0	1007
134	451
0	160
26	402
2648	478
144	0
4	0
1101	7565
0	7565
0	0
0	6
0	40
51	94
0	94
84	3
950	49
0	49
2	0
134	8
4695	9
0	7
0	8
0	26
1	33
0	0
0	2
1222	1719
328	80
0	18
0	62
106	0
1429	0
10	300
0	47
473	326
236	114
0	114
0	605
33	2735
0	32
79	2735
0	48
0	349
0	361
0	239
111	328
9	40
14	236
0	197
0	178
12	190
22	194
51	1228
0	757
7778	14
3098	0
141	0
478	0
852	1
4	0
0	0
34	40
83	57
0	57
13	571
3	3468
0	2522
134	2727
0	3807
3	2501
439	0
537	1009
0	169
14	1045
7	71
0	71
0	239
0	268
0	2011
9	1992
0	1987
0	41
0	30
0	64
0	67
0	0
11	63
0	68
6	68
0	200
62	200
0	47
26	473
0	6
0	467
411	601
0	601
193	0
314	684
0	284
1	680
0	419
3618	0
0	0
1903	3
0	2049
0	1550
0	3901
513	3968
6	170
33	225
2	0
4722	1
83	239
4	238
0	7849
1558	7850
0	0
33	744
0	0
22	0
21049	7
313	9
34	415
2	415
34	68
250	68
174	453
0	453
0	0
1267	2
0	878
0	170
10	1201
192	1201
0	50
758	53
1661	1446
16	1386
808	32857
81	31894
0	32854
0	0
0	0
0	0
349	666
0	347
0	648
0	0
0	0
0	0
0	0
0	0
105	363
46	107
115	39
13	0
27	0
1382	4
1382	1680
0	1680
14	2029
107	339
0	321
1	2025
1412	1
2735	1
986	1
4	4
0	4
3	15
0	14
0	1
211	0
916	0
0	204
7028	300
7	194
0	4
0	48
0	16
0	16
0	16
0	48
0	16
0	0
0	50
0	5
0	50
0	0
0	7
0	50
0	1
0	50
18	67
0	394
52	528
274	720
0	202
149	59
0	170
0	3
0	155
0	155
7	173
0	155
0	155
0	155
1489	0
157	0
0	7
0	7
32	585
0	584
0	81
0	222
0	1653
0	60
33	1773
0	1854
481	3
756	690
0	0
23476	9972
104	9882
0	2930
28	1072
22	44
181	0
12	9
33	9
0	0
0	0
0	0
3640	132
121	0
195	0
5	28
0	10
1960	3127
0	3127
138	0
0	1
56	1
130	6538
142	697
0	194
0	6451
194	0
210	0
0	0
3180	153
0	150
103	89
0	89
23	39
0	14
0	0
0	0
12	71
7	76
11	76
12	0
14102	1646
0	1637
0	3
3	3
0	591
0	324
0	723
0	4235
211	4235
0	3676
0	0
4	0
0	116
985	116
0	0
4	0
26	573
10	470
0	470
0	573
0	134
0	3284
0	465
0	145
0	4768
0	4431
0	4001
0	4317
0	4452
0	393
3	413
4	287
2	477
0	19
6642	478
0	300
1428	300
0	53
51	53
0	0
0	0
3	0
0	0
2462	0
0	5
0	1
0	4
9	50
41	197
135	5149
466	6239
124	1022
17	702
0	367
0	26
263	5001
4901	1706
20	1701
136	1709
165	519
155	519
0	0
0	0
0	0
8	0
0	83
0	3
0	247
0	108
0	94
6	235
1958	0
121	4829
53	5205
221	3371
0	383
87	915
16	861
90	732
154	732
698	870
0	5
55	870
430	1
17078	2004
0	2001
204	318
37	318
0	112
502	537
65	96
2	15
1	534
10	382
0	289
0	107
45	613
0	20
0	613
5	78
146	77
0	3
0	0
474	0
873	0
0	52
0	2
0	68
0	71
0	36
472	828
0	828
4	230
0	4
1985	1823
0	1058
46	1823
555	2516
19	131
94	2516
859	1179
0	0
0	0
12	355
1419	355
0	301
2395	2
1534	471
0	171
0	434
3413	6
123	727
201	727
0	0
3353	0
0	0
0	0
586	68
0	38
0	31
200	0
88	0
741	155
0	155
0	6
0	6
978	1203
0	3028
15	3041
0	3061
0	3041
1264	2568
37	1852
0	2564
61	115
0	136
82	136
0	491
0	478
367	0
412	608
0	244
192	1331
161	1120
206	1210
11	17
0	17
0	17
145	143
4	122
43	109
0	14
31	108
35	640
80	640
0	1
1	1
3	18
0	18
38	0
0	163
18	163
553	3
840	2946
337	3
0	0
0	0
0	0
0	0
0	0
0	0
514	916
0	5
0	5
0	5
0	0
3826	18141
0	18139
2628	5
0	8
0	8
0	0
0	0
0	0
95	0
0	0
0	0
20	4
8	439
0	439
1	322
0	1775
0	1097
697	1775
113	0
5	0
0	0
0	0
8	82
0	82
483	0
0	15
2	150
196	8426
32	8420
29	47
1	0
5	0
0	64
0	64
57	73
0	30
0	82
0	201
17	430
0	2894
253	12037
130	11945
11	0
0	0
14	524
0	1935
2162	1926
1671	0
30	0
348	2414
0	2414
0	20
20	20
0	1840
0	879
157	1883
0	1871
83	1373
0	2449
0	2512
1967	3
497	55
0	55
745	0
0	7
0	3
0	7
197	0
540	1161
0	1161
4	2
762	0
44	568
0	251
5	677
2496	0
5	0
26	15
2150	15
16	0
3895	1
0	187
997	1418
0	955
0	1130
2361	2593
62	2593
0	0
0	0
0	0
441	757
0	3662
48	3758
19	371
4	371
311	2
598	1
2110	49
0	45
152	0
1609	8
124	0
1528	4
0	14
3	14
6685	3
792	0
281	188
13	174
0	0
0	15
124	647
2	2
75	96
1	0
11	2
0	96
436	421
787	0
0	0
0	42
0	79
216	112
233	740
236	740
20	849
30	849
104	860
29	1035
652	641
3772	9899
765	9894
3	10
16	10
631	218
3	410
26	465
0	239
10	78
24	122
5	122
103	0
5019	2567
0	2565
278	4629
0	4629
381	0
1	0
58	32
142	32
42	111
0	111
2106	6737
1718	6737
4	74
3	74
0	247
0	246
0	247
0	6
0	0
0	6
0	5
0	5
0	0
0	0
90	3636
403	3599
103	1027
2	1027
1220	393
0	466
254	1441
0	95
0	36
1421	1887
2	1324
0	1313
0	1158
52	1350
0	1279
0	1276
193	1159
0	1178
0	1139
12	1268
1003	1243
0	121
814	342
0	342
4016	2474
3	0
28	1260
22	1260
901	328
422	497
177	742
0	690
0	642
717	1161
0	1161
0	8
22	0
17	8
6	516
0	320
0	1700
2	1652
0	1744
0	70
0	70
6	70
4526	3121
0	31
0	402
51	3156
366	1862
4	1379
1	361
61	1743
6	1355
12	188
0	1
0	1
1	127
0	301
0	1327
0	129
0	1244
1347	3668
71	3855
1	1370
30	484
13	205
8	0
1543	0
0	0
4	0
0	6
981	597
12	1190
21	1196
6	7
1	27
0	31
31	0
446	1540
150	2373
0	329
0	0
0	656
0	158
151	814
0	0
0	28
0	574
0	724
1	726
32	656
0	660
759	0
1684	236
20	15
0	11
3	1
1	4
0	0
507	244
0	244
115	80
0	80
0	98
165	98
727	168
0	168
141	846
0	846
0	2
7	0
61	0
82	4372
9	2672
19	4379
526	0
410	0
0	6
0	6
20	13
0	7
4	0
0	0
0	5693
35	6725
77	6693
2114	1
0	4
0	290
1204	290
32	0
0	144
952	1183
0	1150
0	0
0	0
42	51
0	51
0	5
0	5
10645	0
306	0
2190	896
15	896
64	0
167	2859
374	2859
121	166
0	169
3	169
0	0
130	2361
1	1367
0	415
110	1409
303	691
0	648
8	490
205	896
0	13
0	101
41	114
0	0
0	0
0	9107
5889	9107
8	910
10	47
0	59
0	16
0	81
0	65
0	46
3	287
0	282
0	8
0	0
0	27
0	27
0	0
0	0
4	21
9	21
1301	2
2273	0
1	0
1613	1
351	0
0	0
0	2
0	0
0	2
253	2267
0	1908
1912	2
0	5
0	5
141	1472
0	1472
1110	286
0	285
5	85
0	11
0	18
996	725
0	725
486	0
0	1
16351	10
438	62
0	2
0	2
112	242
0	242
74	143
0	143
3894	341
0	339
39	0
0	0
0	29
294	51
0	22
585	0
4	528
4	528
0	379
4	35
0	44
0	105
251	370
0	298
0	307
623	961
21743	4786
12	4092
0	679
115	1912
347	1239
2	1
0	1
0	54
5	83
0	83
0	0
0	0
0	0
272	105
144	0
0	36
32	298
4	0
0	0
0	0
0	2064
19	2675
4	1429
0	2060
0	13431
5	498
141	11412
0	12899
0	10945
11	42
0	246
0	8
19	254
21	246
2	0
5387	2402
0	2402
355	896
2655	3
248	0
0	668
0	182
1594	850
22	9
0	2932
0	374
0	357
41	2998
0	32
0	2
0	2
9	2
0	526
953	526
73	0
21	37
8	37
294	71
0	575
0	158
0	470
0	575
0	580
8	575
46	48
7	48
2	597
25	3092
163	3096
1265	1
0	0
2	0
0	0
0	0
473	27
0	27
0	59
0	36
32	42
139	456
0	132
0	410
1316	0
255	4956
224	4972
1095	0
880	1767
0	474
0	1298
130	675
0	675
2458	3
7337	8735
0	8734
0	2
1375	0
685	3
0	12757
708	13291
0	13290
3	24
56	88
8	15
7	27
171	127
0	127
66	21
616	21
3	200
0	213
228	266
2	130
14	219
0	124
31	0
20	2
0	2
348	15
38	0
37	0
1647	1549
24	1549
1265	841
665	6
0	6
5	23
0	73
453	183
0	183
27	1
0	1075
14	1094
2	319
51	319
34	1504
0	9
2	1504
0	97
837	4546
0	4546
0	107
0	84
0	147
102	459
401	545
58	0
284	1503
1	156
0	1489
0	1195
0	1326
110	40
1003	41
1326	3499
150	3189
0	2647
246	0
21	37
734	178
36	180
0	14
1748	1458
0	1377
0	851
0	256
100	256
0	33
91	33
0	0
0	0
0	0
0	0
0	0
5910	649
2	649
0	16
0	16
0	46
398	49
58	3
452	247
3	56
468	0
65	2023
177	399
141	2380
0	441
6	7
188	87
63	19
5	148
380	149
0	7
32	27
4091	0
197	4941
0	4927
43	4960
0	0
1879	1
6	0
78	958
1	289
14	888
0	891
0	890
536	19046
13	19060
404	18688
0	5
0	5
0	35
2949	40
47	431
0	417
0	431
0	0
0	0
0	0
14	0
0	0
0	0
318	433
3578	30485
49	30917
7212	4
14684	2017
2	681
0	2091
11	1176
0	470
0	2001
1	1572
0	1555
0	1176
5135	0
139	32
0	32
228	42
0	22
0	17
9	3
1	681
0	275
18	515
0	681
0	0
303	0
0	0
0	0
49	0
0	0
0	0
1	0
0	0
0	0
0	0
19	266
0	76
0	65
979	0
243	24
1	0
11578	1401
1129	74
4	3
0	0
0	213
663	217
0	42
0	206
15	173
27	5
11	5
0	0
0	0
0	3674
0	176
0	3563
0	3638
0	3599
4	0
0	4
2	20
0	17
44	1151
327	1116
5	0
0	0
0	0
68	62
0	0
0	62
185	1217
0	445
0	1217
2220	16466
0	16465
0	0
199	100
0	100
83	0
119	0
714	0
561	290
350	2587
0	2587
46	2659
84	153
0	151
901	1769
4	1707
51	1643
12	1753
0	1769
310	9209
1344	9475
2	422
0	3
0	3
0	152
31	158
2364	0
4133	2
0	0
0	0
428	0
0	180
53	180
3	106
338	2183
0	2183
0	1349
0	1443
14	0
0	0
0	0
0	0
538	114
99	852
1569	966
4	48
452	3144
0	897
109	3197
0	487
403	1027
117	628
82	628
0	122
1390	122
690	0
0	0
0	0
209	255
0	255
0	1096
0	1281
126	1325
79	78
0	78
0	7
0	0
0	60
56	28
496	737
0	737
10	53
0	53
1984	2434
5	0
68	1470
0	1470
2747	0
282	1001
11	1001
24	0
5	0
0	1
56	1
20	197
0	197
0	3
0	3
0	3
810	319
0	202
0	295
28	538
15	205
24	538
0	22
12	22
2	0
0	0
357	94
0	94
15	0
2	127
28	127
77	71
30	71
428	459
0	789
0	87
764	901
3	775
215	1216
0	351
0	1219
0	0
554	820
3	449
12	301
172	436
9221	8759
0	21
2781	8585
1936	1
42	153
319	1229
67	1230
0	0
0	0
1309	954
0	953
0	1938
0	39
535	7291
20	7877
2039	5337
1	5336
925	347
2459	6056
6	6056
0	5
0	5
1288	0
0	0
0	3
0	3
0	3
5954	2
1544	54
561	654
277	4648
30	1176
0	4436
1619	911
0	610
327	304
0	296
0	81
0	8
488	2112
0	2112
48	241
3	9086
0	9120
0	20
12	8935
96	3189
111	3188
0	2966
96	411
110	412
0	1
13	1
626	597
0	597
5	0
960	1939
0	69
0	366
0	1948
0	1953
0	1791
0	1986
0	1899
0	1959
0	0
694	0
1459	3251
0	3164
0	437
2	926
0	3439
0	2352
6	2291
0	3795
4	3647
36	4864
1477	3814
0	293
2095	952
1537	971
0	94
2	248
0	54
2	137
3	562
0	349
1741	1156
10	162
0	162
0	22
36	22
248	791
0	791
0	0
19	0
221	1647
0	1485
0	16
0	16
0	4
51	692
5	440
2484	254
36	248
0	19
0	0
165	0
11	1065
134	1066
77	0
0	13
5	8
5	32
9	32
0	13
2176	1
132	0
0	116
72	937
0	130
39	0
173	952
0	0
40	1
1153	653
0	651
0	502
0	594
0	65
3	90
861	0
3065	4
435	250
2	250
0	0
994	7
0	0
10	0
34	195
0	195
8	96
142	96
0	157
1157	251
0	93
121	304
0	304
16	22
3	0
0	24
102	0
0	20
0	660
123	660
337	609
0	9
0	9
0	277
0	72
0	4
491	307
155	311
0	307
190	8837
2	5610
45	7005
0	3315
874	10460
17	0
314	4400
0	143
0	82
27	4400
17	0
0	0
1	2
0	2
1928	1
0	4
0	25
0	3
13	25
0	0
0	3
5469	4
0	652
916	1251
8	1145
6	987
0	868
1457	1
34	0
1524	0
212	1046
288	0
26	1
0	1
32	50
0	231
0	57
0	2136
0	92
152	2136
491	0
8	19
27	23
195	5
46	5
0	150
2647	150
70	564
0	564
0	3
0	3
0	475
2664	1484
114	1405
3	0
0	3090
0	3090
0	2118
43	2726
0	223
8	297
10	124
4	2577
7	0
0	0
220	0
153	0
0	0
0	0
0	0
4296	1
168	0
356	0
4	35
56	50
1622	605
0	605
0	227
14	226
19	48
0	60
0	13
0	77
0	60
0	77
560	0
0	44
0	417
0	9
0	92
0	35
4	0
0	398
0	388
0	398
0	386
170	863
0	505
3	505
0	454
18	0
0	0
127	99
8	0
4869	1385
0	1385
133	122
2	74
137	48
1533	15578
1	15576
1	0
0	2
0	2
0	0
43	2
100	0
1793	1
4759	1
4	171
30	807
230	838
2061	600
0	677
15	0
0	2711
1777	2718
2584	0
0	96
0	20
898	296
0	240
1568	0
0	11
321	2532
0	1485
0	1993
818	0
26	0
0	26
4	60
0	166
0	166
0	3
0	0
1116	0
45	0
599	746
53	745
32	0
166	0
0	48
40	0
93	48
0	4644
4	4236
0	4255
37	4663
456	276
47	183
0	183
140	3
282	180
0	180
0	83
258	825
32	821
10	160
10	160
0	3
0	49
0	39
0	0
0	0
0	48
5	48
0	31
0	48
0	39
0	36
0	5
0	48
0	31
0	39
0	39
681	1320
0	581
988	1395
18	0
3433	0
4	0
0	52
0	15
0	55
0	0
0	0
0	0
0	0
0	0
0	0
0	0
25	300
28	49
397	349
1263	5
5	169
14	28
21	158
0	124
1	88
8	90
0	77
0	75
0	68
0	75
0	933
0	192
0	827
2425	2623
8	187
0	2400
7	2592
0	2389
0	2412
19180	11
6	0
255	0
0	63
0	63
0	19
0	22
0	0
5	2
32	181
0	97
0	84
580	4
0	0
4	0
1770	2244
204	2791
6	155
88	155
203	2416
0	402
0	2399
0	2260
1013	2100
0	2324
1	1922
9	1967
801	38
7	35
0	29
1	0
1925	1216
0	942
0	1097
1420	408
0	0
0	0
7133	14101
386	15391
124	229
0	126
300	126
2	0
747	0
0	0
0	0
0	0
33	364
0	4
7	322
6	222
2850	2615
312	2545
3	2471
0	0
109	977
2	463
0	0
6	17
0	17
503	688
16	688
1	0
1010	0
7200	4
0	195
0	1
33	97
129	296
4855	18508
0	2140
0	12741
0	13797
10	7243
0	8
0	8
0	8
108	2094
44	2094
5	15
0	15
7607	9
0	4206
0	272
0	7930
1	7793
569	1
4	0
121	1084
6	483
168	1391
0	21
94	21
0	7800
0	541
9	7800
0	0
0	0
174	2112
0	2112
1	4
0	4
924	0
826	248
40	246
0	2
24	2
0	2
0	58
0	35
118	0
809	0
218	116
0	64
0	52
66	269
6	269
0	0
0	930
1061	932
112	419
0	355
102	244
0	0
0	4
0	4
104	367
3	1
0	0
0	0
450	601
0	292
12	309
1740	1741
526	0
8	1
0	2
11	122
0	122
0	70
0	0
41	0
362	679
0	66
5	376
0	0
0	0
0	0
0	0
0	0
0	917
1	202
454	7314
328	7409
490	392
0	53
0	0
2	3
0	3
0	7
41	1173
174	1161
0	1645
2	2998
3	2396
63	1207
0	2346
0	2941
0	6
0	461
0	506
692	772
15	759
0	611
160	91
5	47
0	91
0	7
3	2
3	0
15	363
593	1263
27	582
399	1043
0	31
30	31
758	0
2	27
0	3
0	591
0	199
481	537
1226	0
5189	2
0	640
0	631
0	621
0	622
5	581
0	0
0	14
22	107
0	107
1418	3451
0	4
7	16
0	4
0	4
0	4
0	58
192	58
51	1498
566	1394
11	1512
359	3800
0	133
15	3809
0	3809
18	3909
132	521
0	0
0	0
0	2
0	0
7	2
0	0
0	0
290	4302
0	245
1023	3825
1	697
10	319
1311	871
3	41
313	41
7985	9584
0	3
0	0
0	3
0	0
0	0
0	19
2	372
0	5
0	17
21	447
0	447
0	0
100	836
0	0
0	0
108	0
0	0
2	0
334	135
0	0
126	0
1165	1662
6	560
0	1241
21	65
0	18
0	0
0	0
0	0
74	0
2493	317
0	316
3	0
35	5802
285	5802
5	15
0	15
0	2
0	15
3	0
0	0
0	0
0	4
0	0
279	428
1	9
0	9
0	0
13	1
23	73
11	73
0	449
22	1769
8495	2232
0	8
36	8
5	3452
0	410
635	23670
78	20856
0	9830
23	21971
0	0
0	0
68	54
1	54
0	4
1178	814
0	647
0	532
0	678
2	18
7	78
456	201
0	123
0	0
252	9212
9968	9215
0	4552
0	0
85	6
99	6
904	445
1088	445
1496	1
245	0
1144	2808
0	765
563	515
157	2042
6	50
134	50
267	0
130	0
0	0
0	0
0	0
11	56
71	353
45	365
1	675
2301	685
0	0
0	0
0	0
0	0
401	0
185	0
3688	6
0	0
177	675
345	3378
0	861
0	2730
3806	4707
49	3702
0	4705
0	0
0	841
0	151
0	5634
4	5663
83	5709
78	737
99	737
63	444
0	178
272	2160
422	1822
378	12
0	12
874	1940
12	216
2	1953
10	216
0	20
0	157
0	206
68	162
4	882
0	241
3423	890
78	292
17	292
30	0
239	0
14	496
233	0
21	405
13	1254
0	1259
4	1254
0	0
0	0
0	0
0	2185
0	2144
0	2144
46	1671
1	0
72	0
62	42
0	42
0	84
5	1049
0	233
0	17
141	1050
0	1050
0	987
536	321
20	321
3	563
213	642
0	72
0	2
73	74
4	0
0	7
1732	2
0	0
2	8
0	8
194	50
0	50
1	51
48	102
26	126
0	52
0	110
2036	297
0	0
0	0
0	4
0	4
330	3905
0	870
0	3905
419	1241
0	205
0	1239
0	0
0	0
154	103
0	103
0	0
0	1899
0	12903
516	12903
0	783
109	783
0	4701
0	4296
48	4570
0	4524
0	53
0	75
0	179
8	618
2	600
0	538
0	620
0	256
2	0
462	1583
0	1582
429	105
0	103
2132	436
0	436
25	31
0	31
403	199
0	199
74	740
0	740
0	740
92	12
0	12
0	5
0	5
0	311
243	311
0	0
0	1
0	7
5	0
0	0
0	7
2073	1692
0	1082
250	1399
125	320
0	2014
0	2030
1244	3836
0	821
237	3836
0	31
0	31
0	20
0	19
0	0
0	0
0	0
0	0
0	0
0	0
2	38
0	1
0	1
13	22
0	22
102	8
0	8
0	8
148	0
1289	1
3327	2
887	0
0	27
10	51
13	59
0	2
2	0
0	54
47	64
0	64
0	0
0	0
0	790
0	336
0	1987
646	1987
0	207
36	207
1	63
0	6
7	20
0	0
0	0
19	0
5	0
0	0
0	0
4	188
497	188
0	7296
0	200
0	799
0	946
2111	7296
362	3346
14	1264
0	1203
98	1114
13	1
0	0
55	47
0	52
0	91
26	0
42	7261
0	1111
41	7074
0	118
0	392
0	279
0	976
32	932
0	974
0	914
0	415
16	122
0	331
0	633
0	511
1	3312
0	148
0	3246
92	192
18	2802
16	3038
0	709
0	2545
3	3134
14	283
574	283
0	5
1	2
33	143
0	143
515	302
0	302
0	302
0	302
269	0
45	0
0	417
833	417
34	15
0	2476
1175	2477
0	0
0	0
0	0
229	1622
50	1622
619	321
0	0
0	7
0	8
2	0
21	13
0	10
0	38
0	38
33	38
63	2734
4	2734
1233	164
4850	2298
0	145
0	164
0	2294
1300	596
4	145
66	497
46	614
2467	2085
1062	2086
32	142
32	142
437	0
169	1084
0	1084
332	6249
0	5909
32	6249
45	988
0	988
0	0
6865	0
231	3442
58	504
0	2739
9	3493
638	6651
0	6651
1287	108
0	107
4	0
1005	131
0	131
0	0
64	363
0	41
4000	3741
0	0
0	0
39	0
11	42
0	42
0	0
233	264
0	30
74	0
832	950
0	18
0	18
0	199
1	199
31	491
54	491
0	346
0	2
39	0
327	515
0	515
168	23
0	23
2339	1
9909	0
2	0
332	1
0	96
4	270
6	25
0	0
7	270
29	0
0	5
0	0
0	0
0	50
125	322
4	96
160	528
4	528
0	3
0	3
4134	1
6	16
3	16
934	10068
501	10068
104	0
150	0
0	34
26	34
50	305
52	308
2	75
634	3484
0	75
200	3409
6	0
1333	1906
0	1355
2236	1695
0	1693
1063	1
442	494
0	492
3	541
41	541
107	36
0	36
2	0
33	96
763	97
1	397
54	412
0	412
0	337
3	488
0	2
2658	488
119	152
12	152
7402	2
19	4
0	4
0	4
2403	2331
0	301
0	1165
0	625
931	0
0	581
0	2017
0	513
0	513
104	2134
0	136
1080	670
2	324
0	552
44	384
94	854
0	66
222	1238
0	3
0	3
0	1
37	1
2	3
0	3
187	0
51	2433
0	147
105	5010
0	5040
0	5128
0	3301
0	5145
1773	1
0	0
0	0
0	0
10	0
271	64
0	23
3730	2619
0	2619
77	2330
161	2763
59	2825
67421	32
416	0
15	30
85	1274
123	6201
230	814
1	4535
385	3506
0	3617
12	3717
0	4264
592	0
728	0
0	213
2	213
0	0
0	0
0	13
0	0
2	13
9210	12859
12	5980
690	2
298	0
0	227
779	267
0	196
1263	4
0	0
10	0
0	165
0	212
0	212
0	0
0	0
190	280
104	280
453	0
17	0
0	0
0	0
0	0
2	0
0	3
0	3
0	3
0	12
0	16
471	320
0	302
0	18
54	439
33	439
0	21
0	21
0	21
7592	1096
158	761
0	1096
0	151
0	107
0	107
0	125
0	0
0	2
3	2
0	6
0	19
0	24
0	30
0	18
0	24
0	24
286	1341
0	5
0	1209
0	983
7357	1276
0	94
0	228
55	248
2444	139
826	1144
13	969
580	0
11	270
0	255
16	268
806	25
0	25
3093	0
393	497
5671	6
0	0
0	11
0	621
1	210
0	99
1635	1
5037	2569
5056	1
1361	1282
49	1281
8	0
0	0
0	33
0	637
0	7
0	637
0	637
9	68
0	0
3572	0
1	0
0	0
2538	1
230	1
0	1
6	8
0	8
0	8
7	42
254	46
5214	1
530	0
0	85
0	70
0	87
0	102
3	0
0	40
361	239
567	107
0	107
0	0
0	55
15	55
396	1949
0	1949
79	24
0	24
0	2137
685	3673
0	338
4517	4884
48	0
53	81
0	2
0	79
218	0
5	0
0	58
189	506
95	506
0	0
6	437
0	233
0	1044
38	921
2933	2901
0	917
46	1301
0	2709
0	0
22	10
0	10
0	4
318	408
0	408
1827	0
161	663
1410	664
13569	26
658	2804
0	2467
931	897
14	897
109	0
15	0
496	2
1294	2
9	2
362	0
0	0
372	2
1457	2499
0	0
0	0
0	0
0	0
0	0
0	0
810	2123
15	2120
2747	1061
0	1061
50	990
177	1469
903	1212
0	507
29	247
251	689
0	204
0	188
92	269
47	1409
0	320
0	1274
0	1412
87	594
0	289
0	441
599	0
278	106
0	106
0	39
0	25
0	23
9	42
11	82
0	1019
2293	1019
28	46
1	565
4623	567
88	28
0	17
0	11
0	11
299	0
552	841
0	841
0	0
1	0
1	0
0	0
0	3
0	3
0	5
0	0
204	56
0	56
10	0
0	0
0	0
0	0
164	47
0	47
0	1545
163	1558
21	1558
74	2192
79	2254
30	870
30	233
13	233
1135	1043
0	191
0	344
0	189
33	0
0	0
0	15
0	15
113	0
0	7
8	7
4058	2744
39	661
1392	1
0	2
375	1475
0	1136
0	1398
0	1445
0	1650
4323	1652
5304	7
393	19
0	19
1031	1
47	0
21	527
1774	1583
39	53
240	162
377	154
1222	0
0	9
4	172
54	172
2040	493
8	368
7	104
45	0
0	1884
1070	2267
548	2734
12	129
0	64
0	70
0	125
2	5
161	1
133	0
4	0
0	0
0	12
0	67
83	571
26	19
0	464
6	8
0	1017
0	844
16	345
0	403
0	117
8	111
10	990
2452	0
0	50
41	50
5	40
13	41
0	30
0	7
0	0
854	916
0	6
16	1187
0	17
0	636
119	1794
0	852
3	1794
0	611
0	547
2	194
0	330
1539	879
21	25
32	367
362	783
53	801
1	518
4482	1168
0	0
0	0
2218	0
87	14
0	26
0	41
0	11
26	52
26	24
485	729
93	647
0	239
3327	407
65	2
1546	0
0	25
11	25
98	0
1424	0
128	0
0	32
0	32
679	4925
0	681
166	4925
0	0
113	0
362	191
0	191
0	191
0	191
0	100
13	0
0	81
0	0
0	81
7	0
0	0
0	0
9949	8
88	1277
7	1277
17	21
3	21
305	37
1	37
55	158
51	6
0	158
0	38
0	742
144	742
229	0
178	0
0	0
0	0
0	0
0	0
66	0
858	0
5	0
0	0
4	0
5	579
0	328
38	2209
23	2105
362	0
492	52
0	52
4	974
0	195
0	541
0	0
0	0
0	0
74	336
0	49
2682	3
0	0
50659	52
239	426
44	426
220	106
0	106
0	0
0	0
97	6245
120	13326
360	4171
2227	12886
4284	1816
0	1811
33	59
0	59
0	11
0	11
0	11
612	0
3512	6418
2	6442
0	2072
6	0
0	4
1	103
70	566
0	535
80	536
0	565
2	0
0	0
9	0
5034	6
0	0
0	0
1934	0
1636	1
11	0
0	0
4	1
0	1
1818	21932
0	3044
7	19997
0	21475
0	22712
3	6
0	0
0	0
0	6
4124	428
0	418
0	123
0	63
2	170
0	145
15	820
0	82
0	801
23	123
183	123
21	0
5065	1
0	0
0	0
0	0
4359	6
0	0
187	664
123	658
1529	0
934	4998
0	244
463	534
0	0
2553	263
0	2
96	262
0	45
71	381
0	465
180	202
584	249
4	15
0	6
0	0
4	0
0	37
0	281
1	147
20	45
30	644
0	669
0	0
0	0
0	0
421	0
80	419
0	462
32	637
0	102
0	637
42	51
899	0
388	724
0	723
80	273
0	217
43	28485
196	29711
4840	28109
84	28466
0	448
63	448
0	91
0	91
80	421
4	420
0	29
3	29
8088	4623
842	3390
7	1285
5	26
0	4611
105	0
60	187
5	187
1072	224
0	49
0	223
411	191
8	191
8	2
0	0
0	2378
0	510
5075	579
11	4683
40	4736
11	4379
206	2453
0	2453
631	0
10	21
0	12
0	14
556	2
4	0
19	25
0	25
8	22
3	364
182	1330
1	1330
1120	0
0	0
0	0
0	0
6	9009
194	1673
0	562
0	3098
623	8973
0	5
1	5
0	270
0	3246
101	4169
0	840
0	3
0	10959
4	6032
208	10937
3684	91
327	0
0	0
602	5546
1	1838
0	1538
0	1031
21	5068
0	0
0	0
0	0
0	0
13	0
46	0
409	990
0	1061
2	473
28	473
618	1
128	26
12	0
490	0
556	374
0	374
4	90
24	165
17429	18082
13	2502
1	1691
0	17177
3	0
36	85
367	0
15	0
18	8
141	0
0	13
0	13
0	13
0	13
0	13
0	19
0	19
6	650
21	650
166	9
0	0
0	9
2730	0
902	219
0	217
6022	6
268	362
7	362
136	2118
0	318
0	1882
0	2157
151	35
0	35
0	16
23	16
177	0
0	5379
0	5301
0	5265
0	5264
32	4031
0	3612
6	4155
7	96
234	0
1885	101
0	96
0	91
0	0
0	0
0	265
0	55
243	322
0	627
307	627
227	0
1	0
0	0
0	202
0	97
21	356
0	156
2405	974
286	816
199	662
0	11
0	68
21	662
0	0
120	0
3458	2286
0	2282
240	43
96	43
60	0
0	4
5	13
0	5
11	26
0	539
0	35
0	628
8	671
0	0
0	2
12	75
17	48
142	75
258	1
85	17
0	17
11	22
378	0
49	13
0	9
0	4
2	0
0	0
11	9
1	1
1009	0
58	0
5	101
0	1
333	96
0	5
0	5
37	128
0	50
0	1301
0	99
0	58
12	1309
38	848
0	233
5	236
0	224
0	216
46	188
6	25
179	15
0	0
0	0
34	54
0	54
0	15
48	15
6	335
4	87
0	102
145	866
0	669
0	332
41	0
0	0
22	92
2	235
933	235
0	0
0	0
0	0
83	180
2	31
0	152
1123	261
0	261
10	0
0	0
5	13
0	7
233	28
0	27
1	568
280	601
247	10425
81	4230
288	1062
23	10425
43	0
25	1
8	0
22	0
2355	3
56	78
0	78
253	387
2869	1
0	250
1422	970
4	140
0	40
962	141
0	141
0	45
326	378
2	0
0	378
1658	1675
8	1675
170	0
0	27
5	27
398	1031
0	1028
464	4617
115	4616
0	2440
322	3483
0	3730
0	1337
176	2044
0	2044
9	0
0	1
431	164
5278	12088
6	3
0	8
0	15
0	11
0	111
0	2
0	1
0	113
0	113
0	110
365	220
0	220
201	0
312	0
8	0
6	0
826	0
0	0
201	37
0	30
32	0
77	271
99	269
0	155
0	241
15	1766
0	262
112	1766
0	515
6	474
303	1902
0	1405
116	0
0	105
0	3
0	89
0	91
0	0
0	0
7204	4
1786	82
0	79
4031	2204
121	2201
7	0
486	0
0	0
0	0
0	0
0	0
0	2
0	2
0	1
0	1
0	0
0	0
0	0
0	0
4	349
31	349
0	0
106	1714
45	1714
54	1151
745	812
8	0
1482	2446
21	802
0	855
9	921
0	718
0	1011
0	1042
7	13
0	13
49	18
21	8
0	13
6	7
4	6
0	0
0	217
0	56
7	75
26	1040
0	1154
0	132
19	325
0	267
0	1507
0	169
0	505
156	1571
0	320
171	348
187	579
10	147
258	747
183	2558
0	67
0	173
5	2045
0	2443
7	4
0	0
2161	210
0	209
0	256
0	330
0	66
0	47
0	162
20	295
531	403
0	145
0	1302
0	23
52	1335
3	1264
0	1235
0	13
0	10
181	87
0	87
0	0
0	0
368	1821
3	407
0	1336
198	81
1473	39
2	39
1606	1
0	5
0	5
0	5
5092	3
374	0
0	0
41	0
0	0
3240	2
4148	1
61	0
0	0
0	0
0	0
0	0
0	0
0	5
0	5
8	5
0	5
0	5
1	18
0	18
0	0
1790	1588
0	1588
0	596
5946	597
0	294
1322	295
0	3
0	3
3267	0
46	0
0	0
0	0
0	0
280	0
219	257
4	257
174	2037
13	2037
5	909
32	909
19	0
218	104
2	104
1	2
663	16
0	16
0	0
15	0
0	0
82	0
0	978
49	1000
735	0
660	1
0	20
9	200
0	202
43	63
1367	0
1601	18066
0	2918
1	1736
427	0
0	0
2653	663
0	660
0	2
35	18
0	0
0	99
387	132
0	132
235	211
2490	211
37	3587
902	5719
289	3488
2000	10487
0	259
399	199
168	458
0	11
22	11
5	120
0	120
3	0
188	1313
19	3722
63	3640
455	1736
46	1736
77	0
0	659
185	659
0	0
6	0
6	0
0	213
0	6
8	104
0	49
0	138
0	451
40	446
1651	0
0	0
1	390
1330	3047
5	3297
0	0
0	0
41	305
0	373
61	3230
199	3205
820	11305
0	2533
0	9257
0	1586
11	11002
2	0
20	9
2	0
0	0
0	0
0	0
0	0
0	0
0	0
0	0
0	0
0	0
0	0
0	0
0	0
0	0
0	0
0	0
0	0
0	0
0	0
0	0
0	0
566	6
3323	1062
0	1062
2	197
288	200
69	0
13	0
0	0
2	28
0	0
0	18
0	60
3	60
3488	8872
1	8871
84	1865
0	1865
117	925
0	1010
5587	199
0	194
14	0
0	3
235	3
483	833
106	442
0	238
103	238
1387	1762
0	1617
0	668
3461	4374
288	0
1041	1
16	315
339	315
493	818
0	114
0	0
0	78
0	4
0	2
0	78
0	78
0	78
125	0
7	18
2436	53
0	51
1	0
625	0
873	565
0	0
0	565
737	85
0	34
0	51
9741	4109
0	2375
0	1730
0	3
0	3
275	0
0	57
511	57
169	234
125	234
205	0
1507	0
13	138
0	138
4475	0
2766	2
6	26
0	441
7	441
0	3
445	0
0	0
476	240
4	845
32	845
40	1
0	0
0	0
0	0
0	333
0	583
4	619
0	0
31	160
40	160
49	192
243	327
0	135
44	41
1306	1
0	0
0	0
0	0
2	591
11	557
82	0
0	506
0	527
18	437
0	87
150	120
62	120
2368	1102
0	1099
717	4075
870	4076
313	1276
0	1276
47	18
239	1198
163	1345
139	168
11	104
407	3948
3439	1631
1395	8392
357	0
16	0
0	0
0	0
0	1124
56	1124
1415	699
0	699
68	1124
0	150
160	259
0	1237
0	6
0	919
37	205
505	1325
410	0
10	103
231	5
2	0
25	166
0	166
1	91
391	91
0	372
0	186
173	910
0	0
3	1104
1329	0
0	49
0	621
0	679
42	682
2323	5037
2	1093
0	4579
0	3714
40	3797
13	3797
299	0
617	0
10	47
7	47
13	0
806	1
0	0
0	0
0	0
3	4
0	4
0	983
557	984
0	19
13	0
1737	145
0	143
1500	500
0	13
2244	1
0	2329
0	115
3	2086
921	0
3694	2
0	3
0	3
0	3
0	3
0	0
0	0
0	0
0	9
0	36
0	36
3	2
677	511
2	491
0	394
0	0
0	0
12	432
0	430
0	0
0	0
0	0
0	0
3345	0
147	14462
0	7623
0	838
0	12703
7	248
0	79
0	251
757	0
63	2755
207	2672
4	1819
0	455
2241	2025
458	1822
0	2182
0	0
0	4
6668	4393
0	4392
0	0
0	0
53	690
0	647
0	690
273	552
0	469
9	94
159	144
0	143
9	20
0	17
0	19
191	14299
215	13136
18	13052
5	6976
13	11169
9	11138
368	297
17	609
0	512
183	554
11	0
0	1388
89	1659
0	1659
5	1659
26	28
0	28
0	400
20	284
550	2019
7	1995
0	1
12	136
7	1097
5	461
56	2217
75	2418
109	3460
0	5742
3512	5749
497	231
0	231
36	23
0	23
566	412
0	273
7	1079
1	449
4154	2547
0	2542
0	0
0	0
0	0
0	0
0	0
0	0
10	0
1	0
28	0
33	23
0	0
0	0
36	9550
10176	39151
0	39139
0	29
8	41
0	33
256	181
0	71
2	78
0	32
0	27
0	70
194	70
0	10
43	17
63	767
420	830
0	10
7	268
32	847
0	756
0	31
0	144
123	149
117	159
0	159
146	109
18	109
57	0
2	2379
3	2426
1	53
12	128
0	0
0	0
30	324
103	324
0	249
47	315
0	82
424	0
0	1128
552	1153
218	29
7	29
0	0
0	13
2	13
0	0
0	0
9	1801
139	1801
0	99
6	99
0	3
6	3
16510	2281
50	94
0	0
0	0
0	0
9687	9
199	1506
0	1472
0	1506
0	1495
39	109
0	0
0	0
13	0
0	0
9	29
5395	8
2	92
0	79
0	12
2	12
0	0
35	79
0	79
0	173
7	173
0	0
0	0
0	0
10	180
0	40
161	319
0	0
0	0
0	0
0	0
48	0
0	448
0	344
2	774
0	878
2793	4
377	0
78	2096
11	2096
34	1252
0	1252
0	1252
914	0
384	472
46	489
366	0
211	0
55	137
8	677
137	863
43	648
10	98
36	57
0	57
0	1003
495	1142
0	962
0	664
0	557
0	2245
128	3044
0	2313
230	0
75	0
0	0
0	0
0	1948
1065	1948
11	209
0	51
6	209
0	0
0	2
0	2
606	0
257	834
0	164
0	39
2	781
0	13
568	3552
30	267
3	502
17	3138
71	3405
6	20
0	20
42	3498
13	3495
0	3498
43	0
111	825
0	825
573	0
114	0
365	17
668	1347
0	0
0	0
0	0
0	0
1	22
0	251
0	269
0	248
0	584
0	405
16	150
489	585
91	921
0	921
22	1127
4404	0
5386	3985
351	146
7	158
0	161
0	167
4983	349
3	1553
8	1553
0	5
2493	0
0	0
0	3
7	3
45	1148
3	633
106	1352
0	467
18	1569
9	88
0	88
77	2392
0	2392
33	116
0	1482
0	110
137	134
0	129
0	111
0	57
1	28
0	55
0	51
5	31
0	52
0	57
0	52
0	55
0	125
0	36
2	54
0	127
0	54
0	131
0	59
13	451
424	1736
0	1736
23	164
31	179
0	0
12	790
0	259
0	524
0	91
0	122
301	614
5333	614
3	0
782	1348
79	1348
0	0
10	0
191	46
0	46
9	40
244	274
0	140
0	168
269	2259
13	2259
509	3
1765	512
170	509
26	0
0	0
0	0
4	9
1	9
1715	0
0	221
0	348
93	193
15	1165
24	1065
0	0
51	0
1399	0
148	160
964	1
0	116
0	14
29	229
23	187
0	125
30	203
0	1995
0	255
0	2158
536	94
0	2156
78	0
6	0
137	4563
1463	4563
649	0
0	3357
16	1046
0	305
0	128
102	3360
0	421
7	905
25	905
737	8172
82	8172
0	0
6	74
0	74
2	2
0	2
0	0
0	2
2913	6
25	135
0	86
9	0
0	0
0	0
0	0
0	0
0	63
0	54
1	124
97	187
2696	129
0	126
0	0
0	0
0	83
453	83
0	340
0	18
0	972
0	1042
0	1055
9	17
2	17
0	187
3	1543
0	2419
48	2400
2165	118
46	1468
0	1468
78	0
0	267
3	255
726	2899
13	2667
0	0
376	1
0	0
0	0
0	0
0	0
27	6
5	0
822	0
0	2
0	2
0	0
0	2
49	107
0	31
7	103
7	6
0	6
0	26
266	86
4	86
112	206
2313	343
112	346
242	88
71	88
0	10
0	78
1602	5052
0	825
92	5052
45	135
0	31
238	0
169	626
0	626
1428	1438
0	1440
0	341
0	341
2692	1622
28	1622
0	273
0	236
196	769
0	306
27	68
0	2
0	0
23	437
142	437
595	749
0	512
0	645
117	299
4	299
2	17
0	0
0	17
0	520
0	129
0	92
0	126
0	2
0	2
14	0
0	1174
2	1036
11	832
150	198
0	193
0	201
4210	0
401	982
48	210
758	2953
203	2953
1	1604
0	1527
0	1604
77	51
8	51
156	47034
0	12738
1257	52731
843	3502
0	1743
3	3094
294	66
0	66
423	814
0	814
28	10
167	113
0	15
1046	1
4	215
0	215
989	409
0	409
722	4881
20	4881
0	12
0	12
384	196
0	196
91	0
758	1606
0	1510
0	1502
0	1482
0	1587
0	143
7	143
0	0
170	0
449	101
0	0
2	0
931	9
0	9
0	0
0	0
9	0
1381	0
0	0
1884	1846
0	1151
4057	12
0	5
0	60
0	32
617	93
8	0
113	88
0	71
136	0
0	0
0	0
0	0
44	0
0	0
193	1252
109	176
0	145
1	1182
0	2
0	2
3	2
0	2
41	0
224	0
116	320
0	320
26	810
21	810
0	231
0	233
10	3
2	2
196	0
0	795
142	795
1262	596
80	596
31	80
0	25
0	12
0	80
1	88
56	294
192	1546
10	1419
2037	2271
10	2265
0	481
0	0
0	25
0	0
7	0
0	10
45	2948
4	38
0	0
8	2948
6918	0
895	783
127	1387
15	1643
0	326
161	887
0	887
440	0
0	32
37	32
0	3179
0	2281
13596	7462
0	2238
31	0
1	273
44	273
246	1321
6	1201
0	848
231	2475
1	2348
0	2282
0	158
0	0
0	2817
605	2817
0	102
10	1206
0	887
0	43
0	35
50	36
4271	2
0	0
0	3
2678	1278
0	1276
0	0
0	0
0	1098
282	1646
0	566
10	726
211	22
121	0
265	387
0	125
19	390
0	396
0	382
0	389
0	126
0	94
0	41
3	328
0	109
0	328
11	0
190	0
423	1
0	0
0	0
240	89
0	89
917	0
231	3988
0	3988
0	3484
0	574
8231	2909
0	2667
1	802
433	743
75	743
3287	161
0	159
0	0
0	2
0	7
0	19
0	2
14	23
0	28
25	28
6	1045
5611	1812
12	1811
545	3484
119	1418
95	5024
0	3
0	3
61	105
0	105
0	578
0	164
9	200
0	169
128	158
346	525
1296	1180
0	0
57	48
0	8
0	40
0	0
0	14
128	2280
49	4146
60	2439
0	4315
2	7
797	2186
105	2185
52	29
1	63
0	3625
11	3625
477	0
144	34
0	0
717	111
1	111
13	67
0	6
5	22
0	22
0	0
0	0
10	0
0	132
18	284
257	2302
0	541
7	372
0	356
6	2148
0	0
665	2815
2178	14433
69427	14475
226	2972
5	2278
0	0
0	0
0	0
1	575
0	184
1000	0
0	69
1144	392
7	320
1	283
0	3
13	6
3291	1
0	2
68	2
47	243
333	477
38	477
116	24
620	67
113	2721
3	2721
26	53
0	108
0	243
240	243
0	101
2	101
0	73
18	101
0	0
0	3
0	3
287	160
0	160
32	1
225	1532
12	1418
47	1519
18	393
475	393
0	0
55	228
3	2592
10	83
0	3121
0	3153
0	2471
0	2649
3618	2759
0	2879
0	2740
0	775
21	0
22	0
62	22
0	22
1086	775
0	0
0	0
88	0
0	0
0	0
0	0
263	359
0	69
0	0
18	0
1873	4979
0	4979
3123	0
0	0
2541	1
0	505
0	512
0	126
0	70
0	109
0	239
0	124
124	397
0	229
0	468
0	382
485	453
694	681
0	0
0	0
0	0
0	0
29	215
0	105
2747	0
43	0
0	0
2	0
0	0
0	947
0	416
330	947
1821	1
0	0
288	1
368	0
0	0
112	475
225	475
0	384
99	384
13888	5
251	223
0	19
0	223
1	167
105	8701
0	1994
5	2541
85	7470
198	0
0	1
0	6
0	6
0	0
123	0
169	245
2	1083
592	6303
18	6307
0	21
806	1
18	15
0	277
746	324
114	0
50	5271
0	1050
16	3868
94	4040
34	8355
5729	681
0	669
4	2
0	0
0	2
0	2
0	2
101	423
26	32
0	423
241	0
0	42
0	42
0	18
173	338
0	328
608	0
1038	4804
0	4803
302	42
2	42
0	5
0	0
0	0
2323	1001
19	1001
0	0
0	129
3	472
0	80
0	195
0	472
58	411
419	0
958	581
145	580
8	12779
0	11327
0	8253
1821	1
205	163
4	153
0	76
4	31
4	77
5	16
287	474
0	474
0	856
532	1056
0	986
0	0
232	3475
0	5417
0	2646
47	3690
1014	0
8	3
0	3
0	2
0	0
0	683
0	7
696	0
0	494
0	28
3	138
40	969
0	152
57	813
34	212
0	212
2170	0
2446	69
0	67
0	0
622	3790
0	494
588	3790
0	172
0	19
338	300
0	252
539	0
0	80
0	14
1502	0
149	0
0	217
352	305
0	26
11	279
136	0
227	1078
0	3
0	1078
15136	7742
125	155
0	155
234	0
0	19
6	19
0	452
0	44
0	718
139	1170
0	23
0	18
0	18
0	23
0	18
0	0
42	3
0	3
948	1354
0	703
510	438
0	22
9	22
0	107
0	6
3	136
0	4
64	4
144	1755
0	702
0	1752
0	255
829	3111
0	810
34	2998
136	0
4276	6
97	256
4	3260
0	1263
0	51
0	3238
26	2927
481	0
12865	3314
0	3309
204	0
0	0
0	0
104	192
0	85
0	164
0	47
0	7
38	7
413	0
18	0
152	3418
18	3418
0	21
344	390
201	0
0	6
84	147
569	1294
201	1441
104	0
22	0
0	1011
227	1011
5	23
1719	12529
26	171
2	12522
28	11921
0	12062
59	199
10	199
0	0
560	21
0	21
0	70
0	45
0	68
0	128
1	488
0	509
0	0
3	0
31	82
0	82
18	0
0	55
330	68
0	84
0	84
0	70
120	76
1519	0
8	0
1	0
0	0
10	5206
141	5486
3	64
0	136
13	140
27	139
26	377
18	273
2	59
0	280
0	10
68	10
11	270
0	275
409	0
0	0
36	122
38	122
0	0
25	0
161	0
74	5
0	94
0	335
2046	1315
0	2
0	0
0	0
201	0
0	3
0	3
34	363
7	405
891	1526
15927	1530
6	52
0	0
0	90
0	265
0	122
0	7
351	290
406	652
0	652
0	974
29	974
0	3995
50	506
0	594
0	594
0	4094
2325	5040
14	5038
1851	840
843	840
0	0
0	0
0	0
0	0
0	0
0	0
361	0
328	0
0	65
1	65
1954	0
10960	13
8	12
0	12
5769	3
3628	0
0	55
0	108
0	108
47	1026
0	735
0	777
0	88
4	219
0	0
0	2
1240	2
0	0
0	0
14	110
0	83
103	106
0	0
0	0
165	0
2754	5162
0	976
0	645
2030	0
690	3
0	47
3	9
0	28
8	391
7	55
0	363
108	1639
0	1639
27	25
0	17
0	0
0	0
10	23
0	19
0	19
0	15
101	0
50	93
0	93
0	102
244	0
332	95
257	236
11	236
9	0
0	0
138	1039
0	1526
0	1275
4	288
450	1913
70	1746
578	1
423	605
0	344
616	3
0	14
0	0
12	2476
0	2474
29	2475
15	2470
0	2473
0	2474
250	228
0	226
0	222
0	6
0	43
0	12
0	43
9	12
3103	0
1	18
5	18
0	3209
16418	3216
0	12
0	6
0	1
4	18
688	207
26	189
0	15
178	15
8	0
0	77
3	86
0	25
0	0
0	624
0	359
0	373
10	266
0	0
54	0
76	382
0	382
462	0
24	364
89	364
79	67
10613	2908
0	2906
0	20
273	20
0	9
0	38
15	325
0	267
0	288
3	20
0	20
0	0
0	0
0	0
0	0
0	0
0	0
597	0
117	220
0	0
18	301
0	96
0	20
0	71
0	16
3	83
0	8
2	8
200	0
23	18
0	18
940	5031
141	5029
56	0
106	32
780	0
240	1182
27	1120
17	1149
2123	0
13	0
3130	598
2	503
204	1875
2	1881
2	0
82	454
0	281
14	453
132	0
2257	0
8	0
37	11
3	11
0	603
78	3890
57	3890
0	161
23	727
0	727
28	1031
2	585
0	303
931	1141
175	81
0	81
5	26
0	347
0	287
0	358
0	0
0	0
1416	3113
0	501
197	1646
0	1646
0	1549
4763	1646
145	1811
15	194
0	194
0	178
0	137
1696	798
4	102
98	518
0	141
1	1216
0	28
5	32
0	35
3	14
0	14
119	42
9	42
922	0
0	75
44	112
8	112
0	75
0	7
0	0
0	0
0	0
11	0
0	0
16	0
18	435
0	435
0	409
89	18
1158	2453
0	2417
0	2497
472	0
3099	4
34	0
26	0
0	25
47	25
932	0
0	3
0	0
0	3
0	1
194	1
277	1053
81	1053
11	232
0	232
67	130
0	127
0	3
0	2931
4	757
7	814
8	478
289	4406
0	3025
3956	1
634	17
0	17
77	73
2817	2649
130	568
10	2688
0	7
3	26
0	52
571	52
12	0
256	225
221	0
1	3
0	3
0	0
0	0
0	0
0	4
0	5
24	0
3	0
0	52
0	173
396	295
0	117
0	194
6911	3
101	1376
0	1031
2	1401
44	0
2	159
0	113
0	0
0	3
0	0
0	0
0	7
3	4
0	7
10	1108
1548	1096
1134	1787
9	1787
1	1064
325	905
0	838
0	0
0	0
38	99
0	520
110	266
0	99
115	786
1	22
0	22
281	591
3	38
0	32
37	1288
0	1330
1719	2
141	0
0	22
56	295
0	167
0	215
0	273
0	167
421	1318
0	1318
142	166
3	166
397	1037
1658	0
217	6
0	0
0	0
7	0
0	993
3	311
8	941
0	130
0	762
118	3611
0	3171
0	3428
0	3413
131	18
0	18
412	1251
0	1251
2878	10
75	0
73	1682
0	176
0	1544
107	1459
1358	0
1162	0
33	168
0	168
10	101
0	51
11	56
1	0
0	0
0	0
135	337
0	302
0	0
33	81
8607	8
0	1
0	0
0	1
0	1
6	59
0	77
0	77
702	706
13	706
0	0
0	295
0	25
35	58
0	339
4026	391
62	322
4	343
7	0
0	458
52	5717
0	5407
692	2081
19	2081
8	1166
0	399
0	1166
1	37
5	37
0	8
828	274
0	274
209	0
5719	6
5890	5
18	0
0	2
0	2
0	0
0	0
403	183
163	0
1546	147
0	204
190	204
41	850
579	852
0	0
42	31
0	31
0	0
0	0
192	416
0	416
4	807
0	765
0	243
0	53
6	33
0	0
0	34
0	39
554	9774
0	8275
313	6228
6	6031
3	4217
0	6240
3916	3
265	0
18	0
1	13
90	13
246	0
0	0
0	0
10	65
15	65
10721	12
490	3186
26	3186
11	0
0	0
239	0
13	0
0	0
77	151
0	151
0	0
163	251
809	256
62	0
20	0
0	0
0	0
17	0
2	802
0	679
0	380
337	930
0	904
168	853
45	1
1315	2
973	0
0	0
0	0
896	0
0	169
72	1848
31	1848
65	55
14	2
0	53
0	14
0	0
0	14
0	286
29	283
0	0
0	0
0	30
43	30
32	4
1	4
0	0
0	0
0	700
232	811
0	548
1830	6
1841	2225
0	2225
2452	333
10	333
190	0
16	12445
39690	30783
0	21163
3	1
2	1
1206	0
4	45
2	42
1950	2219
92	2218
3180	1105
0	1099
17	0
218	0
542	0
8	13
29	1
69	282
764	1001
0	889
0	889
0	838
0	22
3531	3439
9602	3445
251	0
739	1563
15	688
0	1552
0	182
9	802
0	336
67	342
20	759
0	267
3	472
1215	3023
0	2570
0	2865
0	1581
0	2356
46	2841
8637	4
40	16
1289	0
0	8
517	0
210	208
0	47
0	160
24	2787
0	463
63	4574
0	4515
1168	1
0	10
60	2
1888	693
0	692
439	6736
1004	6735
2934	0
222	0
2834	3
0	504
0	490
0	493
3	269
27	319
0	61
3	319
54	325
236	9605
6820	9610
2978	1248
1	847
0	356
0	0
20	8
0	8
12	72
0	2
0	2
0	0
3	32
0	32
0	0
2864	3315
5	2621
3	2210
1	1857
3706	795
0	412
0	383
16	70
0	39
0	42
0	70
0	0
34	338
33	121
0	55
22	217
0	145
30	252
39	426
0	426
120	0
25	1062
70	1062
11523	5
0	31
6	9
0	18
82	56
0	0
1106	2853
0	2852
0	2852
1041	0
3025	1
99	0
57	147
0	43
0	133
0	8
1	10
0	413
0	28
151	720
15	621
6929	4
0	123
140	314
7463	1779
0	16
2	650
0	778
0	617
0	136
0	37
854	863
0	731
0	0
679	557
245	588
0	164
0	720
3643	0
0	0
0	0
5671	2647
0	1525
0	450
1	233
1	932
186	135
0	0
0	0
0	0
896	1
112	709
0	612
0	332
0	125
0	75
0	65
0	7
0	33
0	62
0	62
0	52
6	13
2190	2226
143	2221
0	3430
3	3431
0	3437
757	3437
0	4
0	0
0	0
0	0
23	4
0	0
0	0
110	48
0	48
133	429
0	429
0	1909
2	1138
3	2041
0	19
0	0
0	19
61	144
0	144
0	0
11	209
0	183
0	209
0	209
0	35
32	35
675	412
195	105
0	105
551	0
0	964
0	740
253	964
39	820
0	9
0	5
0	9
70	140
0	379
0	315
10	251
339	945
84	1890
18	138
2447	1892
2333	394
0	375
0	18
266	1
0	421
97	421
0	12
8	12
8	69
2021	0
14	2
253	2
482	0
291	1178
7	335
0	366
36	797
0	797
0	0
0	0
1344	604
0	998
952	1378
195	902
0	902
1990	1
0	0
0	0
0	0
440	0
7	48
12	51
2701	105
0	105
0	61
0	673
0	3
0	727
3	44
0	4
4	4
2	41
0	0
0	41
1941	845
6	845
108	232
35	232
0	0
0	0
0	0
0	0
0	0
0	0
1	0
0	0
63	0
4	0
0	27
0	42
0	6
22	42
939	2283
12	1603
495	0
0	2
0	2
5078	6
0	7
1811	317
18	0
5972	21
0	20
5	61
21	61
0	21
2	25
11	25
44	0
0	27
220	442
0	442
3	0
3344	2683
0	1860
443	2345
0	169
34	169
3	222
0	108
0	264
0	810
14	85
113	810
52	85
0	1
0	84
68	56
0	56
0	670
0	666
5	0
2314	3
204	0
0	590
27	689
0	177
3226	1
0	0
0	10
43	55
0	0
1	19
0	19
7	0
0	1269
509	1307
0	1257
60	516
0	516
771	1911
137	750
512	1444
6298	3659
0	3658
1311	3567
0	3046
712	1
13	181
0	40
0	121
0	100
0	81
0	83
0	32
0	40
0	133
0	2950
156	2950
262	1316
24	782
9	41
230	1421
52	573
276	573
0	0
0	0
0	0
159	0
0	0
0	0
498	0
3	426
41	426
0	92
1924	1849
0	178
0	1851
0	0
0	0
463	0
8372	6
0	9
643	0
112	0
650	0
218	273
0	4
0	269
314	17559
0	3056
0	2934
35	16514
1091	16770
0	9272
0	9134
0	10015
0	10153
0	82
0	155
0	721
29	607
0	674
0	0
0	0
241	244
93	46
0	224
22	1239
4096	1239
235	1639
520	1639
966	0
0	21
42	51
0	21
1352	52
0	867
0	276
0	867
0	0
0	616
312	616
0	9
9	102
0	102
0	0
0	0
0	0
203	596
0	596
490	0
617	98
1180	0
3	306
0	6
0	24
20	301
185	474
13	482
451	733
0	732
0	17
0	90
0	24
0	192
0	88
39	276
11	204
13	292
5	313
0	313
0	0
0	0
0	0
0	0
0	3
2724	4
741	0
0	0
397	55
1491	0
0	0
0	0
0	0
23	1062
0	6
6	1062
218	367
10	258
0	48
0	245
0	57
0	334
1	406
0	354
0	295
0	347
6625	3
931	647
0	647
1	0
3	0
0	8
9	7
0	0
23	15
0	0
0	0
0	0
247	263
0	263
406	0
5	560
4	553
0	587
0	558
318	589
458	1364
5	28
0	19
4	1358
7	28
0	2
0	243
0	58
0	6
0	30
0	212
17	0
4157	6
23	0
1	0
4	347
2	347
0	243
0	189
0	61
0	721
0	578
5500	2
0	990
1	998
0	757
0	998
39	521
0	518
0	367
65	744
0	109
21	8
0	744
1557	1
0	0
15	2378
373	2378
595	13
0	13
4	7
0	7
0	5
73	0
343	1211
0	806
0	1081
170	0
54	733
0	606
0	153
0	331
0	334
523	376
0	319
9	319
110	341
0	341
0	0
0	0
4	24
0	1191
313	1191
17	148
0	721
1599	0
0	70
5	13
12	70
2307	4
4975	2
0	251
0	48
0	29
0	244
57	240
0	255
9	217
0	217
0	72
4	51
80	73
2472	2
2	70
36	70
0	0
1159	1246
0	1246
0	0
0	0
121	0
0	0
0	0
47	661
4	105
0	140
0	42
18	663
0	661
256	80
19	106
0	86
1	0
0	0
0	0
1982	0
516	2784
3343	2784
0	2406
500	2
0	0
0	0
0	0
20	2
241	845
428	845
0	5
9	5
375	1145
61	1145
29	138
0	127
414	127
762	466
334	0
0	0
0	0
1	21
1	14
227	35
47	450
0	0
637	450
76	38
0	11
0	27
751	187
0	185
613	330
0	237
0	93
329	0
424	104
0	104
3502	1
28	89
0	46
0	41
464	1
1	1152
0	936
51	586
0	938
665	1161
0	1161
306	478
62	478
3	32
0	95
1	355
0	100
0	2042
0	1950
0	0
249	0
5	11
0	11
264	651
5	0
0	651
47	634
266	0
247	222
0	207
3	222
5	1121
0	1121
0	0
98	0
0	0
0	0
952	0
10	964
0	806
0	628
3	0
0	0
2	37
0	37
48	21
0	21
0	0
477	0
1269	2408
0	0
0	0
60	0
0	33
326	33
0	44
54	291
1487	2047
0	1652
6	339
14	486
0	1581
99	1849
312	0
6	0
0	0
796	1
68	33
0	33
0	18
27	33
0	33
84	0
6	20
13	407
2302	409
0	5
0	5
710	0
932	4270
0	4270
0	20
110	206
0	206
1084	669
43	669
2146	6
0	18
85	18
272	693
0	182
0	425
0	450
5	21
0	19
8	740
0	740
5	0
0	30
0	30
610	550
0	550
0	550
0	0
656	388
10	388
1	30
1532	610
61	656
0	656
460	409
0	409
0	7
0	359
0	359
0	229
1337	7367
250	1158
57	102
0	2
0	2
0	4
53	1929
6	1929
112	344
167	18
0	60
0	311
0	326
0	8
0	0
0	0
0	712
0	890
2	2111
0	2860
0	2506
60	2791
0	0
0	0
0	49
0	49
20	4
0	4
57	180
1	180
7	19
474	3
0	7
3	53
5	53
15	6
910	2173
732	2172
0	2165
0	0
0	7
0	7
0	0
0	0
744	6624
0	6640
0	6475
0	6792
440	544
0	544
0	4
0	602
0	582
0	376
0	0
0	0
0	0
3	0
0	74
0	69
0	74
0	130
0	129
29	400
2	207
33	400
0	15386
26803	15401
0	164
78	820
0	820
1867	3
459	0
5034	5
157	6
0	3
64537	12195
729	0
0	4
0	1749
0	1726
0	44
0	0
0	1070
0	1018
0	1029
0	1082
0	1105
281	695
0	695
2320	2
643	487
748	486
205	0
806	4
562	56
0	56
316	393
0	393
0	48
138	49
207	368
191	302
0	0
0	8891
327	8891
224	8620
2853	1507
5	252
0	1507
230	27
21	0
4518	2357
19887	21
64	2465
389	2467
8	35
7	1209
826	1750
13498	5151
0	37
9	5387
20	20
0	20
417	237
0	225
0	181
1	152
0	3
0	4
0	4
56	0
112	0
0	86
2	45
50	446
5	165
7	416
0	76
4	71
0	81
0	494
22	499
1	304
1216	305
3	8
0	5
0	7
1646	3357
0	0
0	2
0	0
0	580
0	61
0	345
4	0
0	0
151	3084
0	1546
221	3537
10	7
0	7
383074	96123
6953	9
4	4
12	4
0	0
1132	1
5	0
1	3
3	5265
51101	5299
0	82
223	82
0	0
2	1979
334	1979
0	0
0	0
781	231
0	231
14	0
328	4
62	83
12	120
35	47
2	15
0	15
1882	0
0	0
0	0
3081	738
2104	1
170	55
5437	9
3	2276
1444	2277
0	0
0	484
0	784
216	1524
38	0
3	7
0	0
0	7
0	8
0	8
178	757
0	0
0	0
0	0
0	938
141	1317
150	1317
0	379
0	547
880	885
54	3170
7	68
0	3149
42	551
103	3149
0	0
0	0
0	0
0	0
102	3598
13	3598
845	360
0	358
50	188
0	0
0	0
4	0
0	0
798	1497
0	272
3	160
215	160
42876	26
1497	96
0	39
0	57
0	7
0	7
0	26
0	7
157	26
985	10159
75	10309
0	10309
0	0
0	0
940	0
0	54
210	54
0	0
0	0
1	5203
100	5134
79	5131
0	3639
1	5253
5	5184
13315	6722
0	6702
98	197
0	0
0	0
0	587
4	587
2019	3106
4	3106
0	23
21	72
0	0
0	0
0	0
2007	1
0	3
3	3
0	0
0	0
0	4
0	4
0	3
396	226
0	226
0	123
8246	106
7	106
0	0
1093	2
0	23
33	27
0	27
0	145
48	145
1187	4
3	0
0	254
17	2047
0	2047
24	97
375	0
4	9
9147	1098
0	1098
0	1098
121	1098
0	422
65	756
915	1894
0	1235
2	1223
248	0
0	4
1213	0
3	12
76	21
2	21
767	0
644	2501
29	2499
0	1248
3406	4
88	223
32	334
429	328
1637	0
10	0
11	0
13	126
7	126
416	1170
569	1169
0	2210
3997	4955
4	2775
0	639
381	0
13	28
0	22
30	66
0	21
0	45
0	45
4	22
0	22
2	0
0	16
2439	309
0	201
0	30
0	62
125	15
0	15
26	1
3	0
66	202
0	202
226	831
0	1172
5	1132
10406	1
956	0
5251	3218
17	0
65	0
0	4
8	410
1598	0
0	421
181	421
3215	2
0	0
0	0
866	0
25355	16
330	1870
0	1870
6	1788
735	1014
3	272
0	0
0	0
25	2464
112	2464
0	3
0	3
24394	11
10	998
0	351
0	118
12	954
21	987
0	987
3254	2858
268	2858
707	0
0	24
0	36
44	38
0	1046
1458	1046
0	11
0	4
988	579
1597	1832
0	1781
78	1762
0	0
0	0
149	534
0	534
0	0
0	7
0	8
0	8
5630	66
0	59
0	4
0	4
195	2598
0	2534
26	2419
0	0
0	0
0	0
0	0
0	0
21	891
0	400
309	0
396	1123
144	0
219	294
30	23
0	23
0	0
1624	2
2877	1117
0	1117
182	327
0	326
28	0
0	0
0	0
555	220
0	220
0	19
17	19
0	1
5	11224
18	13899
19	14058
8	14527
1	3897
4679	19225
17	5
0	5
36	1090
15	1090
0	0
0	0
1	0
0	0
89	0
52	365
43	365
28	81
34	87
2793	2
30	4258
0	2246
575	3985
9	57
0	4
0	57
3228	895
1277	894
3	0
197	2578
0	767
0	2578
969	571
0	571
1123	0
265	0
437	449
216	128
44	468
1	470
0	14
999	1485
1843	1486
593	356
3	356
0	642
1953	642
1475	264
1096	265
1711	4
1628	0
3	154
0	61
0	71
0	67
0	97
221	197
7	19
0	0
0	0
10	19
6026	3
0	0
0	0
0	5
0	1
86	5
0	5
0	5
566	189
601	0
0	3
0	3
31	3
34	0
2	13
0	0
0	18
11	18
0	1
0	1
49	0
3305	1
0	20
0	20
0	1
188	430
0	174
0	5
0	5
21	240
0	221
9	252
0	0
0	0
0	0
0	522
63	551
1325	0
740	1578
0	1578
0	0
0	0
0	0
9	143
34	143
0	37
0	37
2539	4
586	4
0	1568
0	102
43	1609
0	0
28	0
4	0
0	0
63	18
0	119
0	74
658	119
4	1045
1967	1047
4	0
1	0
0	746
121	707
71	545
0	5
0	185
4	185
512	0
0	10
0	21
6	0
1636	874
14	874
21	6
0	2
217	0
0	38
0	1733
0	203
14	4
15	77
3	1834
11	1705
0	1811
0	1853
0	477
7	1104
502	4916
35	4916
0	0
0	0
0	0
20	893
573	893
3038	1171
1624	5
9	4
0	4
543	0
52	405
2	15
0	3
0	0
0	0
0	3
102	0
4536	2542
9	2542
32	0
0	0
0	0
51	0
0	537
0	554
778	657
17	529
429	162
621	218
0	218
22	0
27	309
0	531
0	444
501	1149
3	0
56	5
0	5
0	0
0	0
0	0
8918	3
22	1029
5	4
195	1029
0	78
634	1691
25	124
7	1738
475	32
228	32
82	208
3	44
0	164
0	49
3	164
0	1722
3245	1722
243	0
295	31
3	28
0	13
241	0
9	0
0	0
572	0
49	0
18	62
0	62
1953	0
92	2
1679	1
1	9109
0	14741
0	11525
123	16936
0	8866
0	0
0	0
0	0
321	75
12033	8
0	11
0	11
15501	12
28	59
0	59
12	131
2	62
65	128
1748	3243
20	3241
71	0
203	2048
40	479
93	2048
19	29
6	457
2	17
6204	460
1321	0
0	2
143	38
0	38
0	38
0	4129
10	3929
100	4000
0	4093
15	38
107	38
0	21
41	264
0	308
56	0
11	3
1274	148
0	5488
2211	5637
0	0
47	463
15	86
39	463
18	6
449	10989
3	6676
54	6646
0	11134
0	680
25	682
0	682
387	656
0	196
608	0
2874	1
24	298
0	0
115	0
786	73
0	73
20	44
1	308
0	317
0	218
476	218
0	2
34	60
0	60
2944	2157
0	1229
27	1409
0	1216
512	0
0	0
0	61
235	61
84	0
0	0
0	0
4	286
1987	1
32	18
237	2935
3	77
0	745
0	2350
13	2926
135	1326
22	833
0	247
0	461
0	2868
1	0
1	44
0	35
0	44
0	35
678	0
82	532
0	198
0	1878
27	1878
5	4712
20	5387
21	266
72	266
5279	1361
0	1358
4	0
29	23
0	3
0	4
0	4
122	601
0	601
1388	9
0	0
0	0
0	0
178	139
0	139
18	60
142	60
39471	42
27	759
0	759
1288	321
0	320
0	55
286	156
0	117
1104	0
0	0
6	2
1237	36
0	36
398	1258
46	1263
411	0
12	40
0	40
271	100
0	100
64	253
0	0
0	0
0	0
0	0
299	824
0	824
0	26
0	0
127	96
0	96
6	0
21	0
12	62
0	62
12	42
7245	5
8	637
0	40
0	219
155	48
0	264
0	41
53	41
312	0
0	0
0	0
0	0
0	0
0	225
0	214
249	182
0	9322
0	8947
12111	9325
78	1599
351	1599
177	0
82	74
0	72
0	63
0	0
48	1613
0	1613
49	79
0	33
0	60
0	1
0	4
4665	1
2995	1029
142	1026
0	0
0	58
0	0
154	60
206	391
0	214
0	94
4	502
0	391
0	0
0	0
0	7
283	7
118	196
24	193
0	196
10	191
9	52
23	10110
404	10110
0	0
2734	4
0	6161
0	2685
1	2381
0	3824
0	5435
14	6244
4624	1894
0	1893
1350	85
0	85
0	14
124	0
3450	2009
108	2005
0	1139
0	219
11919	1929
356	112
0	112
718	2171
0	241
50	218
0	218
22	2168
2	3
0	3
0	0
0	2
0	2
835	546
0	546
1194	4
3242	1359
0	479
481	1356
8	0
0	2344
0	75
1330	2339
34	0
910	1
10	11
15	34
1	26
1201	303
0	769
0	544
0	191
322	192
0	0
0	0
1502	0
445	149
0	0
0	0
0	0
61	4120
25	4120
60	0
4080	2793
5166	7038
0	7036
0	826
205	5838
2	443
60	5838
106	519
17	519
1048	0
137	1368
30	1368
44	0
0	126
6	91
279	194
270	354
0	354
0	74
0	291
339	292
1632	4
1	0
251	5
134	2590
0	2590
0	851
48	851
77	0
25	165
0	1
0	62
0	157
0	2010
0	886
5	452
0	2608
7	1552
0	2844
2	263
63	263
166	45
0	4
51	58
405	61
305	0
131	99
523	0
0	0
0	0
0	0
0	10
244	3314
87	509
0	3169
1505	2023
126	2023
406	0
357	1
0	41
10	41
0	7
331	2273
12	2273
1237	0
112	4897
3147	5022
133	386
1018	0
1449	615
17	17
36	605
1043	2
782	0
0	0
0	0
0	0
0	0
0	0
0	152
1122	5750
1210	5634
4	116
0	0
0	0
1	14
0	14
33	0
530	590
426	347
0	346
1	72
0	52
0	53
0	68
0	17
0	47
0	114
0	47
0	42
39	0
47	52
16	39
140	326
0	133
0	190
0	661
0	571
90	681
0	2
0	0
0	0
429	2
0	0
0	19
4	695
0	95
59	676
4	0
19	0
36	669
7616	173
0	173
0	0
141	0
0	0
1005	1269
0	390
0	1269
0	155
0	155
0	133
68	394
0	155
217	394
624	0
2	1
7	1
1	1
312	0
169	1
0	1
574	1
8874	3990
0	3987
332	0
350	85
0	85
0	0
1065	0
33	402
0	372
0	383
0	312
0	172
13	158
2493	1320
0	989
673	0
217	2663
0	1506
2714	3647
16177	5
4	41
0	14
0	34
0	40
767	8969
462	642
4	642
0	0
0	16
47	16
43	0
0	438
521	728
0	152
0	340
0	196
0	0
0	5
1	15
5	0
1649	1589
1393	5
3337	0
2152	212
0	212
51	457
0	11
100	220
3460	535
0	371
0	564
0	222
0	222
4	10
0	2
0	8
872	3997
0	107
9	3894
14	3997
60	83417
3311	83430
3876	83425
3560	83389
0	0
227	19
475	23
2477	913
0	912
0	51
12	77
614	79
5087	1
0	0
0	0
62	0
231	0
425	0
180	269
612	269
0	2973
0	2980
285	5
33	493
0	3064
0	3071
7597	4
21	5
410	0
0	6
0	7
0	6
0	5
0	6
20	13
972	0
243	150
0	12
1	12
2024	2
677	522
0	337
0	242
331	0
3235	677
22	674
0	15
10059	5612
0	5605
0	1
138	4628
19	4628
18399	3
214	932
4	2
171	934
0	38
130	38
0	77
132	2284
430	2284
519	64
0	64
65	197
60	1020
6	140
4	81
0	16
0	252
88	7
17	37
0	0
0	56
0	110
95	110
5476	7929
0	7355
7	652
0	7495
15	7716
0	13
0	0
1	0
1703	1370
906	1
8	161
0	161
7	551
59	17981
22310	17985
0	1419
2	693
0	729
0	741
0	744
41	0
665	2688
8	2667
0	1194
99	3205
0	587
76	16
0	3
6	0
81	915
759	946
0	946
200	1007
1	1007
24	178
0	178
0	9
32	0
9278	5483
0	66
20	0
2300	1
132	998
0	998
9	631
74	4
0	39
0	0
0	39
0	45
0	129
0	27
4	323
169	438
12	1
39	141
551	141
1245	1105
0	62
52	1085
0	183
50	103
47	65
0	99
13	25
1003	0
11	153
0	153
687	3900
0	3899
80	104
0	104
0	99
93	1068
0	8
4	444
0	444
0	0
0	0
0	0
0	0
16	11
0	11
56	3609
1090	3610
0	3197
318	2477
92	559
2067	2290
82	549
0	2087
222	2544
0	2544
0	0
0	0
548	0
0	0
4	17
0	17
429	1637
0	53
69	1689
0	336
51	343
0	147
0	222
0	32
10447	8
25	87
0	87
0	510
0	543
0	488
0	155
1137	689
0	656
0	334
0	422
0	289
0	422
17	0
0	389
7	389
261	0
2723	9
64	684
129	738
58	738
7791	2
2422	7
0	7
8	0
1	883
1688	1034
13	5
0	1307
0	435
453	1742
95	0
778	25
416	0
0	0
0	0
204	0
13	670
0	176
483	231
183	467
0	467
6	224
0	11707
3811	11711
90	153
0	153
0	151
0	3
7	3
43	0
0	35
31	42
6	413
901	413
20	402
11	402
0	0
0	709
0	709
53	0
2431	0
0	396
319	396
1778	479
0	4
0	113
59	113
1	611
0	343
346	782
0	317
0	0
0	0
0	18
1	55
4	2030
5625	12951
0	5137
0	12155
7788	6
140	104
66	0
8068	3
0	0
68	96
0	95
53	0
3730	2
1443	443
0	443
0	352
274	395
2043	396
0	1073
0	624
0	1045
1	1050
5	408
12	121
0	99
0	95
4	182
3	140
33	214
0	0
170	0
7	502
0	1970
470	1966
42	0
0	14
0	15
7	1542
0	0
4	1508
0	254
96	1557
0	1533
1370	2
194	937
4026	2309
0	470
2016	472
82	2475
143	365
2501	2388
25	249
628	588
0	578
4215	8595
0	8591
33	78
0	78
829	138
0	16
0	122
0	414
87	384
1009	196
229	0
0	114
0	114
0	0
0	0
88	424
31	424
3	595
35	595
0	0
4	0
0	0
76	63
0	63
10	0
431	0
0	9
2	0
3	9
132	1427
126	568
1	2025
0	168
93	3696
0	3696
0	0
0	0
535	0
4774	10847
34	5245
22	5619
73	310
0	23
1049	0
263	257
0	257
4	154
5	0
110	331
0	243
1	391
703	391
0	0
0	5
0	0
0	9
0	10
0	10
0	0
0	0
438	214
0	214
215	154
0	104
0	1095
141	3279
0	3279
488	3692
6	3692
1875	126
0	5
112	121
0	317
4309	317
3989	0
3282	51
0	51
0	0
0	0
0	13
0	13
0	66
15	82
0	136
281	169
0	0
2563	1
0	33
251	288
0	16
0	15
0	252
0	265
19	0
5	0
37	90
0	90
0	1426
161	1426
1248	0
0	0
0	0
229	2019
0	16
372	173
0	55
1	2051
1	1
0	0
4569	2818
19	2758
1	2907
72	727
22	95
19	723
0	693
121	0
111	352
29	1096
2284	1818
0	723
2725	2927
4364	5
89	0
768	0
705	0
308	517
24	517
0	235
339	235
0	12
0	12
3990	5
0	0
0	0
78	595
0	1177
0	1177
2199	1711
20	1712
0	1721
58	2289
0	820
447	3109
553	554
30	0
707	0
2	0
100	27
0	27
0	9
64	9
108	93
145	54
0	16
35	16
722	0
619	1
33	0
12	331
11	331
0	0
35	3
0	1
8	2
0	2
0	188
1834	188
12	3458
197	3877
0	1473
5690	3595
59	0
475	0
5859	1393
23	1046
4318	287
21	283
0	2
0	5
3	5
133	0
28	484
298	484
3	8049
0	121
0	130
0	8041
172	8210
89	8217
0	8423
0	8350
0	0
0	0
2	0
0	0
0	7
36	221
0	118
1697	256
11	131
3689	135
3123	7
13	1
390	0
5	0
0	0
2	0
0	0
16	652
9	652
4	5245
2910	5245
1216	0
175	0
10	1
0	1
0	5
0	8
0	21
0	3
3	21
44	27
3005	554
0	554
0	0
0	91
5	91
90	0
15	11867
14	9932
10	7200
77	13531
96	16152
2672	16878
0	884
557	884
5	25
0	92
437	103
360	155
0	155
0	137
512	983
0	69
0	5
0	169
0	987
3	861
0	484
1845	1386
0	1386
739	0
86	31
0	1212
9	1369
76	1451
0	12
2110	853
0	104
0	737
0	7
0	7
0	7
200	0
52	330
8	65
8	0
0	0
0	3
0	3
0	3
76	776
0	776
241	494
9	494
0	0
180	431
0	76
0	403
25233	9
0	57
0	122
0	127
5	123
0	51
7	97
0	434
0	170
0	399
0	1698
335	4382
0	4565
0	1132
16	331
600	3772
475	85
0	6
2	79
4	0
408	0
0	78
26	144
0	144
18	602
26	602
0	0
1465	201
36	201
61	3
0	0
0	0
48	2410
5	2408
1490	0
0	4
0	4
0	4
85	1
3709	7
838	254
0	254
476	1
5	4
4319	2703
0	16
0	56
563	54
879	2704
0	0
13	76
2	54
0	39
499	1
0	1338
101	1958
0	1333
0	746
4	182
635	303
2	177
8252	3533
0	3532
0	47
198	47
140	946
0	946
0	790
0	799
0	799
141	215
549	215
429	1628
1736	0
117	275
119	275
0	5
0	1
0	6
0	10
0	69
7	78
3	78
3136	3
40	1817
8	1446
29	37
0	37
3	5
187	218
46	53
0	218
3	0
0	0
0	0
405	79
0	79
1857	0
291	286
62	7
0	7
0	199
30	199
411	248
1051	50
0	53
0	43
0	53
0	55
31	0
34	0
0	195
0	215
0	25
0	283
58	849
0	0
0	1049
8	1025
0	172
1436	2
650	554
0	554
0	0
0	0
0	0
0	0
1	0
0	0
0	0
124	0
0	474
217	474
100	5914
0	156
0	377
0	5911
1	4167
0	0
0	0
0	47
0	0
0	0
65	0
506	1294
144	1248
0	46
4675	2065
0	1518
0	1545
0	1375
0	1906
528	1
11	819
7	521
0	424
126	865
0	733
27	0
0	1800
0	219
0	17
202	2009
955	919
498	1038
2	1038
25	0
0	0
245	3449
1151	3385
6	396
0	702
442	205
11	84
0	136
0	142
920	216
0	216
42	0
0	392
225	529
32	526
0	0
0	0
0	0
42	940
0	940
0	0
0	0
0	0
311	3046
2996	3080
91	2967
508	1306
0	1000
0	564
18	331
13	331
1251	770
0	379
5397	5
0	0
0	0
13	0
1208	504
3	504
176	1393
972	1373
2	644
114	1393
480	2
163	0
0	5
4609	777
2284	718
4	718
28	0
80	0
4	0
3	15
5	169
2161	170
0	5
2	4
0	0
45	117
0	55
0	117
0	24
238	0
337	1
996	6022
26	5615
0	0
0	0
12	0
113	207
0	53
0	0
0	0
0	0
0	0
0	0
0	0
0	5446
0	2764
15666	5458
770	0
143	356
0	201
2	223
557	0
56	300
374	300
2862	4863
0	0
0	0
426	0
307	1171
0	451
25	965
0	0
0	0
0	0
0	0
0	0
0	0
0	0
0	0
1	5
2	5
0	5
2	10
0	0
358	113
9051	973
0	964
0	1798
0	596
1	467
0	13
699	1359
29	239
35	621
19	6
0	551
246	1914
0	0
12	41
108	41
0	244
0	149
47	250
34	0
0	123
0	456
1	445
0	364
538	0
710	0
146	331
0	331
5	1220
38	1242
71	1220
15018	1243
6	8
740	8
46	57
0	57
2968	4361
0	4360
0	4249
61	0
42	0
0	1
35	554
3	554
2	13
0	13
4338	2410
3	2409
8	120
1	120
0	0
1	0
26	0
212	47
169	362
0	362
465	74
0	74
0	1810
0	1834
337	1969
33	128
0	128
0	0
1648	2551
0	64
0	2551
2507	4698
18	2520
3	3717
663	0
0	0
0	116
787	116
446	0
0	7
40	7
1	4
255	444
0	14
1509	488
211	488
0	0
0	0
0	39
129	55
0	10
0	8
0	0
388	777
81	777
0	209
0	745
91	788
0	0
53	882
982	882
584	1060
0	1060
166	0
1743	3
114	0
0	0
279	0
3712	0
140	472
0	472
0	6
0	6
0	790
3557	791
1019	1
7	0
81	233
19	115
0	115
14	118
0	118
1	342
10	295
4	1
0	317
0	21
0	21
1335	1546
88	10910
2129	17389
1186	16666
0	576
0	54
0	54
0	68
4	8
6	0
1476	0
102	1
0	1256
38	1016
7	1256
18	1770
0	2992
9282	4763
1400	2207
0	305
0	2207
1006	1
0	69
500	70
1077	928
73	141
951	141
0	54
0	88
14	0
143	9
402	186
0	186
183	133
0	133
0	0
0	0
667	0
322	1561
15	724
167	724
10	0
409	51
2	28
0	4
0	4
228	332
26	258
290	608
180	1721
12	0
0	0
0	0
0	0
969	1
84	905
35	90
17	905
15	3
259	1238
0	501
548	0
12	575
1	2513
340	415
168	2359
0	0
0	0
0	0
73	488
0	218
0	488
523	6210
0	4180
4919	2756
6	2339
0	2132
0	2945
1230	2945
130	832
310	832
9	466
7	564
0	4068
0	10662
11	10564
437	329
0	82
0	35
13	35
128	0
4055	1865
0	514
0	0
739	7145
22	7145
8	660
0	8542
1	283
0	9405
9	9310
0	35
0	6
24	33
0	67
16	119
0	122
5	141
0	62
0	0
207	219
0	10
4	19
192	20
9	145
87	145
0	229
0	343
9	343
0	338
41	430
0	430
8597	1625
47	1
0	46
231	1022
106	1012
197	554
80	554
30	17
423	149
0	30
0	458
0	3018
0	3227
0	3090
2494	1
0	72
44	109
9	51
0	0
0	0
0	129
0	129
12	996
0	848
31	2000
1	1916
100	9
0	9
34334	22
1	1097
84	1097
3	6061
129	6701
131	4214
419	4659
0	3281
0	680
16	1218
6	1331
0	338
90	355
5179	0
0	0
0	11294
2748	11389
6	11315
0	0
6	8531
0	10493
0	0
754	0
0	11
10	11
49	22
0	22
0	101
61	68
8	68
78	130
5	69
69	63
8	22211
0	8630
0	21958
0	11441
7	2437
80	23154
0	405
0	405
0	405
0	407
0	410
8172	3653
0	322
0	3201
0	3086
0	3143
113	3194
0	3074
0	3238
0	3175
0	18
2	18
6	2
0	700
0	831
9	788
5	163
0	1523
0	323
221	1728
169	1779
545	1779
45	23
0	24
572	181
0	10
0	0
7	181
0	363
875	1469
3	1408
0	1404
0	1398
11	0
565	0
447	0
0	857
128	1999
0	1765
0	177
72	2023
0	0
0	1687
3	1747
1	449
2218	450
56	92
0	92
56	635
141	635
0	37
372	46
0	1350
1	357
130	411
0	148
62	1452
19	1495
0	1553
3934	0
38	16
0	11
0	20
0	20
0	437
0	7
182	644
0	604
0	644
4763	2
0	0
0	0
210	0
0	12
0	182
0	182
0	590
4	25
0	334
0	611
0	611
70	446
118	445
308	4807
4	4807
93	0
10	1075
5	431
0	179
6	861
302	0
0	83
2	1647
0	25
0	889
0	1687
0	1593
462	0
6	0
372	938
2	6
0	938
0	0
0	0
0	119
480	728
0	229
3	267
27	24
0	24
381	0
16	0
1	0
28	0
180	10
0	8
0	0
0	1483
0	8
0	2307
0	1251
32	2736
0	578
0	71
567	124
74	126
574	1146
34	1146
425	0
468	1
0	70
0	5
0	13
0	218
0	218
0	5
0	4
1	188
3	188
174	2160
0	280
3	2113
5493	0
5	35
0	0
200	0
502	7883
0	3497
77	7388
0	8054
63	8038
0	418
98	10545
0	10669
0	8
47	266
912	266
6	753
0	480
0	474
0	383
0	190
0	152
6	174
0	168
5	15
1101	1560
279	942
4	326
0	491
17	356
0	187
0	51
1	29
5	23
0	43
109	543
3272	899
5	355
0	0
318	0
107	35
0	35
638	42
0	42
0	0
0	0
0	58
0	58
2	52
3	73
70	209
0	145
83	143
0	143
0	102
44	102
177	0
272	926
0	926
27	517
111	517
0	38
0	38
1310	252
15	252
1	105
5	1943
16	798
997	1831
4	0
0	5
0	5
1474	4
0	13
2108	427
24	427
0	0
0	0
1200	0
0	0
0	0
18	127
203	127
19	0
0	0
3156	2086
74	3316
15	2596
586	0
142	517
0	841
31	1350
0	626
0	432
2	262
29	672
13	468
37	2315
0	1312
0	1370
0	0
0	0
0	0
16	9
0	9
0	19
0	0
0	1173
6	399
0	1845
30	4810
0	2805
0	4575
471	4934
0	3813
5	150
1214	150
21	13933
0	16256
0	13177
0	13299
0	18304
42	21214
664	0
57	671
810	672
129	0
63	133
5	133
1	24
0	204
0	272
775	1179
24	34
3	28
0	18
0	9
0	18
0	18
0	9
0	111
0	91
1	677
0	1443
30	1443
0	6
0	0
0	6
116	1049
806	1049
899	0
0	89
229	93
0	4
2949	1
3429	569
39	568
0	289
0	12
62	289
0	0
0	171
0	48
1254	171
238	728
9	1285
49	1229
70	0
22	32
0	32
6	0
37	0
44	0
0	0
1198	3551
0	3551
87	303
0	128
5	268
1630	0
0	0
0	0
5	2
89	0
0	0
3	0
92	2112
0	835
3	211
0	1817
460	8857
0	13606
0	12718
318	238
1397	238
0	30
144	71
0	63
0	66
0	0
0	1
0	1
0	0
17	1
0	2
0	2
1026	0
3909	0
254	0
52	332
0	332
0	332
0	332
384	211
16	5
0	5
0	209
263	103
21	38
64	2035
82	555
11	2148
0	22
532	22
52	1215
0	1150
0	1147
0	712
0	1061
0	933
0	5
0	678
2250	679
1295	3776
0	164
0	0
4586	343
1	328
0	4
0	4
426	341
0	0
613	149
0	149
594	2
16	1250
1114	1252
226	0
4203	8
0	14
0	14
3	14
544	756
12	443
361	0
2	612
215	714
0	216
0	448
10	34
219	151
0	151
547	0
30	0
0	6
0	1
38	0
809	5962
390	5794
0	5964
279	326
0	191
5	160
427	2755
0	2755
0	0
1751	1
4315	5
25	1379
0	944
0	1349
0	0
0	0
12	0
1451	2075
20	0
40	0
25554	8
2	0
0	524
18	2055
294	2015
1173	315
660	0
0	1204
59	1204
0	1047
261	0
29	0
0	1390
299	2608
0	1098
0	1054
3	1216
0	1453
0	1508
16	503
83	1205
0	1431
0	2410
94	2231
8	2231
340	0
265	0
12	52
0	52
1	13
1037	192
0	188
0	27
0	11
3	27
737	306
0	457
0	47
5	2
1	494
0	222
0	516
10	0
0	0
3	0
730	129
31	1844
14	1950
10	2223
0	1312
3	990
0	990
0	990
0	432
107	848
31	500
0	16
48	2149
0	2504
0	2512
0	0
0	0
84	1
394	276
0	129
0	73
0	3
1	203
0	1
44	72
0	55
4	54
0	3
7	1
81	0
1983	1253
11	1253
4	0
848	1
0	0
20	535
0	904
0	908
0	9
12	924
171	500
42	0
94	195
397	0
0	199
39	7168
2304	8777
0	68
0	33
0	93
0	8777
8099	9
2	2828
45	1743
0	1989
361	2516
1	0
95	0
56	982
0	217
0	721
66	992
1	980
136	235
74	235
723	0
451	447
0	78
1	374
878	2
111	225
61	120
2	16
19	215
1465	2
128	0
0	0
0	0
54	101
390	101
474	59
0	138
0	1948
385	1940
85	138
0	22
5	22
10	305
1	305
5	260
369	603
0	590
0	4
0	4
76	95
30	98
0	41
41	41
941	2
0	4
0	4
82	4
0	0
0	0
0	0
0	0
0	139
25	637
2	540
0	440
5	562
0	22
0	0
2	23
0	26
0	0
0	26
0	8
2431	1002
45	357
3	878
0	1310
398	1519
0	204
19	1520
0	483
5	0
918	0
1122	828
0	828
0	812
0	812
0	69
78	69
0	24
17	38
0	526
3100	1853
0	34
0	37
971	67
4	7918
30	169
124	42
74	233
140	3263
0	151
1403	3264
1316	2
0	0
1	0
90	0
8	53
0	26
0	53
8	41
876	0
26	1776
0	172
400	2472
920	2224
0	1031
10	4003
0	982
6	449
0	523
27	4229
0	3505
0	4157
0	0
1549	308
4391	6119
36	6119
876	863
0	861
21159	11
2	6671
6472	6681
0	0
7	8
396	9
1235	1661
0	1661
388	20
0	18
0	4148
0	4378
19	3950
5	3777
0	0
24	0
0	0
389	3
72	45
0	86
387	235
0	19
0	235
0	0
0	0
0	0
0	0
0	55
0	3604
0	4224
0	4257
0	4264
0	4264
21	4252
0	4254
0	3
0	3
0	0
74	0
21	66
0	66
298	0
6	686
15	70
0	63
8	399
7	680
0	670
0	400
0	678
872	1320
209	1320
370	1698
34	270
41	270
0	632
1708	785
0	366
6	19
0	19
0	486
1028	486
0	60
0	44
0	2
83	210
0	4
0	31
25	15
0	15
2731	1
0	0
0	0
0	0
4	9
54	156
14	44
0	144
13656	1606
0	1181
174	157
0	163
0	116
0	138
0	0
2	3
0	3
0	2040
0	843
191	2312
0	2273
4972	208
317	206
4596	1488
2	886
397	598
77	6
49	178
1	50
35	37
46	0
867	4284
1	4234
153	377
0	496
11110	864
1705	2727
0	2126
7	826
0	0
0	0
0	0
0	0
0	0
17	0
157	223
0	223
0	4516
1368	4516
249	5
333	0
0	1
0	1
5511	375
0	375
0	49
85	226
461	1340
0	1340
3168	4227
20	0
928	1
1014	2
22	0
0	1
100	108
0	108
36	0
185	0
0	6
0	10
0	10
3	7
1899	346
0	320
6	25
105	0
0	344
101	8
4	1753
0	2667
17	2321
452	0
0	44
0	27
0	39
0	44
176	0
0	0
0	260
134	260
7	1833
0	1772
0	1843
1971	0
0	37
0	0
19	125
0	88
0	0
25	2
0	27
123	27
1495	617
0	614
0	1112
580	1112
0	839
248	0
1291	323
5	1096
0	1089
0	0
397	1
9	1
0	1
391	0
0	0
0	0
944	0
1889	0
14	227
0	136
0	34
8	22
721	22
51	303
0	284
3914	4
0	506
613	509
2	5060
1406	8723
0	2769
8	1363
4	6581
0	6297
0	11
0	7
279	327
0	301
1134	5
5876	1466
18416	21096
0	21082
122	7229
6	10
0	0
0	0
20	190
25	220
18	220
326	9
0	9
5	193
0	193
7	507
0	255
0	129
0	0
0	1091
0	13
3	13
1460	0
0	101
0	0
0	0
73	101
30	4
5	15
0	15
0	0
489	2
0	250
0	60
0	306
0	296
0	306
0	306
237	198
0	47
0	197
0	0
0	0
42	469
0	406
0	501
0	0
2	0
0	1
0	0
0	0
0	0
41	104
0	91
1036	0
709	0
0	508
696	618
5022	460
494	458
3	0
0	0
5747	10777
0	10775
211	1389
0	1687
0	1568
534	382
0	382
0	0
1523	149
0	149
0	0
0	0
13	0
0	0
110	3899
3	3967
0	7
24	7
314	0
0	0
1265	0
0	0
153	452
0	65
0	452
0	426
799	0
0	78
0	84
0	84
3	64
0	64
0	84
2	70
42	1136
0	118
12	1136
0	0
0	0
117	52162
5440	57512
361	0
46	9
1	27
0	0
0	24
0	24
13	160
0	160
3	5
3698	38
0	0
0	11
0	166
27	166
0	3
521	0
2017	2521
0	2173
5	359
6642	4
4	0
0	0
0	0
1850	146
0	143
683	3079
0	3079
0	0
689	61
0	60
357	1254
16	1254
3	4
0	3
1865	122
0	122
260	1713
35	1713
116	69
0	69
440	0
114	464
0	463
1179	0
0	0
13	823
92	1524
6	1667
16	1557
40	679
803	679
583	1
770	0
268	2948
10	353
89	1074
146	2972
0	0
626	355
0	355
28	0
429	0
2471	3
3	0
0	0
0	0
0	0
16609	8
1	0
124	376
0	104
6	380
0	0
0	0
16	83
0	83
13	0
784	0
18857	7
0	0
0	4
5	4
0	3
0	3
0	0
1	1039
668	1039
0	0
0	0
35	173
0	173
234	154
0	62
0	154
0	2890
0	2100
1481	0
740	391
87	391
496	275
0	276
0	265
1284	388
0	28
1097	190
0	189
1	48
105	43
0	2906
6018	3623
63	3618
101	383
3	383
369	435
363	435
115	1
27	0
0	2028
0	2240
0	223
8365	14444
16	13949
89	10031
361	0
0	50
0	503
236	503
5397	1802
526	1797
148	1797
0	0
1	0
0	0
0	959
416	959
116	0
146	501
0	501
0	84
129	84
0	85
0	94
2371	1110
0	184
0	947
0	947
0	0
60	0
13	182
0	1
27	105
245	0
95	93
101	93
3	1
0	50
30	92
7	4
98	4
0	4
0	0
41	801
0	1000
6	992
2996	1745
138	1722
0	1504
7	1669
0	760
0	1597
0	0
0	3
0	3
0	0
17	0
1019	80
19	77
130	5
0	5350
108	904
0	233
5	904
308	359
7	0
108	0
6505	4
424	74
2531	2727
12	150
0	87
0	2639
2531	34
27	34
110	355
33677	12
0	3
0	0
268	86
0	86
0	0
0	0
0	0
37	57
520	225
0	0
145	2308
34	2299
111	2292
0	0
0	0
0	0
0	0
880	7
11	80
0	163
27	673
3	611
54	663
547	768
0	318
0	77
16	289
19	0
1478	3124
1	235
34	0
0	48
0	452
0	453
0	465
0	77
387	406
0	101
0	234
5	825
12	525
55	1557
41	1560
30	77
187	3706
0	1481
21	3652
0	1880
729	4297
31	3179
0	4293
0	1821
1751	3003
0	1924
0	1079
0	0
1	4
0	0
0	4
223	240
3	1
0	0
0	0
0	0
2	8
727	2548
0	2548
0	2369
24	2325
28	292
312	292
513	0
135	96
0	96
1028	976
20	340
0	951
8	20
0	20
1056	0
489	0
0	227
10	227
0	382
0	438
0	490
3	479
2316	3101
311	3099
0	0
3	1027
0	695
0	695
0	5
0	0
0	75
7	115
0	120
1	140
2	231
0	11
44	0
0	0
172	354
218	42
14	2525
0	789
0	2323
6	2525
142	1120
0	1120
432	41
61	41
13	365
327	365
393	1195
98	471
0	410
0	910
0	0
0	0
41	25
0	25
0	84
113	240
0	238
5	50
0	44
13	65
23	65
0	11
0	11
0	0
3694	2051
0	866
4	326
266	0
49	1067
398	1070
22	42
72	41
0	41
609	0
0	6
0	6
3176	913
0	913
379	191
0	740
0	446
0	317
2767	3674
0	3209
0	213
0	72
39	213
0	74
0	11
7	74
10	416
0	15
0	10
0	13
0	408
0	302
0	46
0	46
0	131
167	48
121	140
26	736
0	86
694	1869
6	1460
8	65
0	31
208	666
5	6110
0	6084
0	66
0	48
0	4637
0	4636
0	4693
5	4634
0	4660
0	4634
9	4638
0	4634
958	1130
0	88
0	105
0	787
42	301
0	301
1021	1153
0	186
0	1153
32	262
56	262
485	811
1942	811
50	0
1	26
7	19
0	17
0	0
0	0
0	0
0	0
24	22
0	22
0	0
0	86
64	86
7	59
0	0
94	880
0	346
5	984
0	23
0	16
0	23
4	27
0	20
0	19
0	19
0	19
0	16
99	38
0	38
0	30
518	3508
0	834
27	2514
0	538
7	758
5	205
2	185
0	2841
2	2970
8	92
0	60
115	1451
0	1847
0	1059
0	0
771	0
0	318
0	323
0	310
275	253
0	202
0	384
56	402
0	22
192	399
1690	399
79	293
0	293
0	28
188	28
0	5219
3712	10234
1	10234
0	0
122	1826
26	1826
35	12
0	7
0	12
6636	0
128	0
11	217
0	35
3	217
0	884
61	5576
0	5356
4	5245
471	154
0	138
0	247
0	272
0	0
0	0
901	55
0	521
6	516
173	1237
159	3634
0	3220
1849	3275
151	23573
0	7569
11	5613
0	20988
0	0
2106	1
193	38
1023	38
696	2975
615	2975
0	47
271	47
4042	5037
1	7976
255	8724
4	27
0	2
0	27
0	20
3080	0
234	0
95	2507
60	2507
2	0
461	4720
0	4577
0	4765
0	0
2871	0
0	417
0	316
3	419
103	0
0	0
0	1
20	1
0	0
0	2
0	2
304	0
47	65
0	28
0	0
0	65
36	638
18	596
11	11
1	11
0	11
0	0
0	0
0	0
0	0
0	0
0	0
0	0
0	6
4	6
819	390
0	390
376	1
187	0
319	0
0	0
3	5392
8338	5392
0	491
1656	2090
0	1017
0	630
0	1905
154	0
0	0
0	0
0	0
2	7
0	7
859	2439
44	0
102	506
19	506
904	75
0	74
65	0
0	0
0	184
49	184
2510	218
4	218
21	101
0	24
20	84
0	5
0	5
712	690
0	690
41	485
2147	487
19	222
0	123
0	220
10	10358
1	14175
7575	14678
0	35
13	38
0	38
12	38
0	38
474	1333
0	700
0	5
143	194
542	3871
39	3862
3402	878
486	876
1	660
39	481
0	205
10	1171
2	1271
29	1026
5	1302
4257	4
0	3
0	3
8	155
110	294
248	294
86	0
0	0
0	0
0	1549
0	150
9	1647
0	0
0	5
1064	195
0	195
629	376
0	180
7	375
316	259
365	428
0	0
8	0
0	0
0	0
0	0
99	2510
203	2446
23	3
1	0
0	3
693	0
15832	16181
46	13175
0	13168
137	16120
282	0
8	0
29046	177376
1	40965
986	141727
1	9428
2236	0
0	23
207	104
0	83
0	41
0	0
0	0
20	41
1	1579
0	1553
0	21
2	54
3	1163
0	1171
0	1171
0	990
652	0
0	16
0	9
39	25
2849	778
0	778
2632	4381
62	4380
5457	1
38	0
1587	3
0	0
24	0
438	294
0	210
0	84
14	2146
552	2469
98	3955
351	567
6	193
0	122
8	0
0	2
267	0
51	100
0	100
259	0
0	44
0	336
0	361
50	112
433	0
256	36
0	36
0	0
0	469
1849	471
1322	0
0	0
0	0
111	1884
31	69
0	1934
0	1929
2	0
84	13
0	13
0	0
8	175
0	35
5	8
0	160
4	0
215	555
3	555
0	4
50	38
0	0
0	3
0	31
82	2427
5	0
1540	436
37	431
0	163
0	1327
0	1327
0	0
4518	6729
2009	2231
22	335
2	24
125	35
1003	0
0	0
188	0
12	1925
48	359
0	276
53	2257
0	1473
0	2263
62	1403
2	2128
292	0
488	0
740	0
0	20
18	1023
27	1038
19	1265
0	659
0	575
1265	0
0	0
0	0
22	2581
318	2581
7	1418
10	5
0	320
21	250
0	333
0	333
304	833
126	0
486	324
0	324
0	0
0	0
0	129
0	129
1	0
0	0
0	0
3881	3532
0	775
57	775
0	1034
0	412
0	412
0	412
0	0
547	1118
0	135
0	15
0	10
104	147
0	366
143	509
0	325
8413	2
0	0
0	0
338	0
12	0
0	0
8	20
1468	0
31	0
672	2977
12	743
1693	0
0	0
0	0
138	174
0	0
0	33
0	0
668	300
2410	1
16	1223
4	1689
410	1689
445	0
1	3561
0	135
0	5524
19	5538
93	5496
0	5446
0	4150
0	4072
15	360
0	290
96	13
0	13
11	823
0	291
23	274
2455	0
124	453
1327	1652
27	1688
340	1196
7	1110
1	668
0	693
1	472
0	393
0	668
1	1065
556	0
32	0
0	0
0	0
2072	4
294	3467
25	334
334	6302
333	129
0	124
4	108
0	1000
0	224
538	1174
4	492
9	426
11	4
0	0
0	4
104	442
0	0
723	11
0	80
278	80
237	44
410	0
43	5005
185	303
1043	62
189	6992
13	6578
54	178
114	199
41	199
0	5
345	67
0	15
4	46
3888	16745
13	6471
0	9941
0	16597
14437	9
184	2050
136	2065
3863	0
1985	3064
0	165
4	2946
0	1028
1546	15
279	0
2	0
2426	0
0	138
280	138
241	471
20	96
61	427
0	1072
8	532
59	524
0	988
0	1067
350	0
2	114
10	115
2	107
481	69
0	69
0	0
0	0
0	0
0	0
0	0
87	0
7	25
10	30
8	40
1551	333
7	330
0	0
0	0
0	250
342	584
0	547
0	395
0	0
5	0
29	365
4	365
246	0
0	180
0	101
74	250
0	122
3019	123
0	0
0	0
13	0
0	8439
4	5051
0	579
0	12774
558	15344
0	12797
599	3
0	20
4	0
0	0
7	2
0	0
0	334
0	154
0	123
133	120
5	802
0	622
82	1133
0	6443
1	5792
433	3136
2665	3
1003	0
13	758
0	35
0	2038
257	225
0	1010
0	1912
0	1881
0	2038
0	2038
0	35
0	31
0	35
35	10306
0	943
229	7907
16	9614
1	24
0	0
0	0
0	0
355	5
0	5
110	0
15	0
12	42
1	7
0	39
239	38
0	38
8	2
466	868
0	225
0	326
0	448
1	253
0	538
0	739
0	0
1232	0
260	295
0	9680
3823	9681
0	22
0	22
0	0
0	0
9	26
17	26
744	1644
0	35
0	1040
52	1046
0	1644
283	0
1804	1819
0	1819
601	121
5	121
18	283
1	3629
11865	4950
0	1319
1660	0
59	40
0	1114
72	1114
25	37
11	37
0	163
211	338
30	383
0	383
135	0
0	0
24130	16
3	3
0	3
0	97
24	937
636	871
0	0
0	0
18	2765
155	0
0	0
13	0
24	819
7	46
0	147
29	280
0	471
0	782
168	0
0	0
295	428
112	428
548	2210
0	2210
0	0
384	78
0	77
492	0
0	0
106	0
7	23
58	34
0	27
980	2
53	25
0	25
0	0
0	447
0	246
588	108
0	108
768	326
0	325
0	0
380	0
0	0
17	49
0	49
0	4
0	282
0	91
0	452
0	236
136	526
0	171
486	172
0	0
19	373
5	373
0	1035
142	1035
2119	445
0	393
4	18
0	18
0	25
0	15
3	37
3	23
9	21
126	600
1	65
66	584
5	216
0	361
12460	937
12	0
21926	9
13298	4240
474	0
11479	7084
355	7049
290	0
597	0
426	186
361	11
12	11
2645	8797
0	2918
0	4317
4	6166
396	497
5	0
91	956
4090	2
4000	5
18	2
0	2
1	0
0	30
0	30
0	0
0	1086
8446	1716
0	681
28	80
699	258
0	258
0	2478
146	2478
38	293
0	165
52	301
39	658
37	658
1015	0
768	0
0	13
19	13
0	8
0	383
0	104
0	348
0	365
2014	65
0	64
5	58
0	3
208	283
5	283
324	0
0	0
1327	850
0	700
0	850
0	0
0	0
0	0
2	2
0	2
0	6
0	0
11006	10
13	0
323	503
43	488
5320	77
0	75
857	664
0	664
5	223
4	129
0	0
0	0
0	0
0	652
289	652
12	496
151	496
3	12
0	12
28	816
0	816
0	145
12	171
0	171
0	0
71	0
189	527
212	527
0	0
0	748
86	748
0	0
0	0
28	0
9	0
48	0
597	0
0	82
8	506
229	61
32	826
0	752
81	693
0	710
40	0
100	0
118	0
6985	7
3	389
2921	0
2621	1526
0	34
1574	127
205	233
0	232
0	0
56	31
6	31
107	514
0	514
929	563
0	194
0	396
0	2333
2	0
413	2333
0	0
15	6
13	6
0	133
3531	1808
98	222
81	1913
178	756
0	0
19	1413
0	1279
103	1341
245	1229
0	1212
0	1205
0	17
238	824
21	723
23	484
40	381
766	536
0	536
0	3134
4	3329
0	3409
0	3112
0	3219
2	319
232	0
3	0
19	2358
0	2358
401	163
0	163
205	2299
0	2445
0	2394
0	363
0	367
33	126
0	60
0	19
9	20
0	0
0	3
0	0
118	1369
3	1455
0	201
8	44
14	1466
1626	3
0	0
0	0
178	1604
0	514
0	201
472	1556
0	0
0	2
0	2
23	3
29	0
0	0
0	133
10	133
0	0
0	0
22	1396
348	1482
0	0
9	0
0	0
1105	327
30	327
0	7
3	7
0	0
0	351
0	2034
10	467
54	1979
36	2039
0	13
17	13
0	0
3	0
0	0
0	0
4091	2750
0	2744
0	536
0	54
0	18
0	195
0	397
0	2613
0	602
7	368
0	2102
23	2807
0	2664
0	2654
0	2641
0	2503
0	2522
0	2465
0	0
0	6
0	0
6	6
65	782
0	234
0	175
4	782
14	6
13	6
2	0
2	0
0	27
37	27
0	0
317	19
27	19
0	0
0	43
315	139
0	85
0	65
130	496
0	160
0	350
301	2453
0	1996
1	765
0	0
4	89
0	70
0	2
5	2
780	3
1986	0
8	2
3809	1
340	0
168	864
0	147
16	864
1050	0
2	83
79	2762
2513	3537
31	75
0	75
0	14
0	14
49	1362
57	1795
0	659
4	0
0	0
357	558
3	13
77	13
0	0
199	0
0	0
0	0
0	0
0	0
0	0
8035	2
39784	9669
0	9656
0	513
4	33
128	514
0	198
647	198
0	2
43	37
1	30
1	19
0	58
4	21001
187	21016
8481	20911
2851	3158
0	6
0	6
152	0
264	1670
0	1670
4	0
2194	0
0	69
0	28
8	179
4	177
0	506
77	606
40	0
202	69
0	37
32	32
169	426
2198	2
0	64
0	131
6	135
3261	670
1	670
210	25
0	25
0	44
0	44
159	4217
488	4217
71	28
26	117
0	123
0	121
0	343
657	345
580	483
0	310
36	35
28	15
1849	109
0	109
39	17
2	18
28	1
207	214
0	214
212	1543
0	1546
148	181
0	1358
0	764
1794	765
15	310
160	107
10	417
41	0
0	15
5	106
0	98
1649	0
571	0
1651	2478
0	2478
16	90
0	90
3	96
0	90
4	0
0	291
15	484
0	0
162	0
767	0
582	0
0	273
0	65
50	312
0	38
0	42
122	305
0	37
61	115
3	242
0	108
38	0
0	42
0	22
52	790
0	18
0	345
0	767
0	0
602	442
2	442
199	0
0	55
0	55
3500	45
42	45
0	23
0	17
2	38
3	15
4	41
16	0
0	0
2901	5
7	0
894	0
0	52
0	328
444	328
0	17
0	0
0	0
0	0
0	16
0	1
69	132
0	111
5	7
0	7
5	7
3	10
0	0
0	10
0	29
0	29
19	8
0	0
44	1148
173	1148
1109	0
168	6315
148	6314
0	0
0	0
0	7
0	7
3	6
132	301
533	302
5713	1505
0	1497
549	0
0	1775
0	1810
0	1869
0	168
59	205
0	137
12	0
646	0
476	222
0	33
171	410
6	0
2530	6647
1	713
19	707
0	6227
585	0
1	0
706	134
61	1343
0	870
381	0
27	358
0	91
1	10
39	2195
0	128
0	195
4	2146
837	282
0	280
401	1833
3	1468
11	870
60	144
7	144
63488	9950
0	9928
0	307
70	340
0	340
219	119
5	119
403	0
0	2
734	0
6621	8092
0	8090
65	1164
0	116
0	46
0	1164
0	524
13348	11
647	159
0	50
83	109
672	599
0	223
1	1134
9	204
35	1218
58	0
785	0
0	0
0	0
53	1166
192	1087
0	72
2	0
0	20
0	707
2	737
0	114
0	676
0	535
0	3503
131	3884
0	4976
0	4976
0	841
0	752
5	748
0	797
103	220
0	220
54	220
0	0
0	4
0	4
0	4
0	4
1753	3522
278	3522
23	320
26	158
55	162
2327	1995
436	498
18	1814
101	430
203	430
3	0
0	0
293	179
0	94
0	173
0	100
0	100
0	0
0	0
0	0
4	90
424	0
1	2
0	0
0	0
6560	951
0	366
0	366
0	581
12	256
0	221
0	269
549	1762
0	143
0	28
66	59
0	2
955	1
265	28
0	27
5877	303
42	302
365	67
0	0
2417	3
0	27
5	27
1079	2045
4	1664
0	2042
53	2045
0	20
2	20
0	5
8	0
0	0
0	0
1043	2
25	34
11	3429
2	1721
34	2662
0	2315
2	4178
123	3737
0	0
3	77
782	224
0	254
120	478
0	0
0	0
359	336
39	336
12	21
0	21
2523	555
0	512
0	71
2	43
312	304
0	0
177	170
0	170
3	0
0	0
7	0
0	0
0	0
0	852
0	642
1	739
2	13
291	0
0	131
243	131
17	5
171	18
0	18
0	129
3038	1626
0	1562
0	0
4081	2547
6	66
0	121
1	13
1443	215
1052	0
0	0
0	0
44	14
0	6
1050	0
14	10
0	0
2626	3
1960	0
701	2237
2	311
4	15
65	0
0	0
0	0
0	0
0	0
0	0
1329	0
0	1143
253	3295
2420	3341
612	1
0	28
4	4
0	2
20	101
218	71
0	57
0	50
11	16
0	138
2	1056
0	82
0	1118
125	853
103	853
2042	0
12	209
0	1548
42	6337
0	5922
10	416
4	407
112	416
0	279
0	39
0	51
9	371
1	822
3	449
0	728
0	925
84	925
947	0
7398	69980
0	20286
6	21997
297	69578
65	56176
0	13
0	13
0	0
1300	0
28	87
20	87
5	0
367	113
225	112
604	2444
209	2444
80	0
606	0
46	113
0	113
0	0
19	0
0	0
0	0
0	0
0	0
0	7
3	17
0	48
7	186
75	195
256	0
585	0
0	215
20	0
172	167
0	167
592	1
21	470
2	441
5311	1005
0	491
73	479
0	966
0	968
0	0
12	0
60	654
0	654
212	0
194	73
0	60
0	73
314	0
0	0
3489	1540
327	1540
3	16
7	618
1077	635
0	13
27	2
0	0
114	79
23	779
1	779
0	36
370	36
637	3
0	0
0	0
0	0
0	0
0	1593
0	285
6537	6026
0	5213
0	4858
4	2545
474	747
0	352
0	352
21	18
72	14
0	32
0	0
0	0
294	0
0	0
1504	3
4	0
0	8
10	10
3514	1385
0	1606
88	1670
2756	0
11	537
0	30
7	557
115	674
98	673
195	0
2	0
545	0
0	113
191	113
609	0
0	6
2	8
217	979
0	979
606	1691
23	41
0	3
7	41
5830	1
2130	266
2	234
0	16
0	5
0	14
0	59
0	16
0	16
3573	0
0	0
0	637
1112	639
0	7
422	86
0	23
399	0
0	9
0	9
0	9
63	0
0	0
0	0
0	0
1000	0
0	10764
850	3209
0	4536
0	77
8839	11372
0	3977
17	1633
0	103
11	1620
0	308
2	358
0	7
0	7
53	821
14567	827
0	0
0	17
33	17
8	0
0	13
40	13
0	0
0	0
14	0
0	23
0	31
46	31
396	537
0	537
92	0
447	0
95	188
200	188
97	0
0	0
0	0
0	791
558	1248
75	1248
518	0
3	2
189	0
0	0
11939	5
7	797
241	1568
27	1567
342	166
0	166
0	5
0	4
2	99
9	99
31	495
480	727
0	284
277	1503
6	13
4	1
0	6
0	13
13	0
0	461
0	629
7	219
0	219
0	219
0	412
0	219
0	0
8	1226
0	846
0	787
0	856
5330	4927
80	5240
6	5724
0	5743
0	5703
68	147
0	144
1485	0
1832	2718
0	2718
0	2055
48	26
215	0
70	63
208	37
0	1033
3613	1361
4	230
168	1756
1	761
15	603
0	26
0	25
44	361
0	361
4146	1
70	1785
0	133
0	35
0	1785
195	134
341	1
28	169
0	166
0	102
0	49
0	0
18	238
0	238
21	125
82	0
1628	0
80	23
3	0
229	939
13	963
0	995
0	0
0	1
2	1
145	3
91	0
120	0
0	2
0	2
1421	2
130	0
241	442
2030	3652
0	3003
0	3494
0	3559
0	3475
0	2828
0	112
361	141
0	140
1050	4
1	971
818	971
2670	1
43	14
0	14
130	16378
0	16329
0	16806
0	3158
0	16698
0	2
0	2
0	14
38	22
0	8
1907	2407
835	0
116	459
0	459
12	313
4	12
0	0
43	14
0	2
0	0
0	0
294	1026
36	1127
327	6893
0	1955
3	1909
0	1497
0	6809
0	79
0	65
629	115
3	167
1534	2476
0	1013
0	774
7	545
14	778
66	757
11	2357
703	299
0	299
44	8
24	8
64	594
0	594
3	635
0	0
0	0
38	0
0	0
26	0
11	0
98	1926
75	616
0	1901
0	1777
1365	645
157	2334
3161	2334
2733	1
88	80
0	80
0	0
419	1216
0	1111
0	921
2320	5341
76	738
0	1197
67	595
5	600
0	2084
0	1235
0	5048
0	5860
0	5760
0	1614
0	4939
0	1340
1166	0
56	179
0	179
0	220
11	58
111	220
83	0
10	237
660	134
12	3
0	3
17	118
466	118
0	68
25	48
0	48
0	245
0	1843
0	469
0	1910
0	2032
0	518
152	0
664	80
0	80
0	0
0	0
0	0
41	71
0	71
0	154
0	16
0	12
4	75
0	492
0	472
326	185
0	185
5	0
14	640
32	37
82	677
213	182
490	490
0	65
1575	65
423	415
167	0
662	136
0	130
290	21
70	0
224	629
35	190
98	439
0	2
27	2
22	355
4	216
279	645
0	0
0	0
0	0
0	72
0	48
80	542
0	57
25	542
51	175
0	81
0	175
0	66
0	141
0	350
121	717
0	0
0	0
0	0
14	115
63	1280
936	1398
0	462
0	99
408	227
0	229
0	226
5816	7
57	94
0	94
7	1205
29	1234
0	1245
0	5
4	9
0	0
0	0
44	24
0	24
576	0
0	0
839	139
5	139
564	53
12	53
0	0
0	0
0	0
1127	911
0	910
0	298
0	217
0	1504
86	1504
6	30
0	37
4	30
0	362
5	402
125	418
20	435
5	0
0	0
0	0
3	29
550	203
5	198
119	120
235	127
119	12
0	12
0	0
0	186
574	201
0	1194
1805	1194
34803	25808
0	23997
0	19697
0	23450
0	10233
11	342
263	342
0	0
68	34
1	0
58	0
47	85
0	2456
0	2625
0	2660
6	1335
0	2
8	38
3	0
1	1
10	121
0	48
34	523
0	502
3	1107
15	1059
0	1050
302	2237
1	410
0	107
7	2237
5	228
0	304
28	324
146	395
0	28
0	47
163	47
0	127
9	623
0	3291
0	3247
0	3431
1	465
0	461
3	347
0	465
0	42
0	47
2	21
0	6
0	6
1227	0
0	0
0	208
0	217
0	206
2800	1
301	0
59	2016
7	2016
0	236
0	16
0	63
0	123
224	569
84	412
705	612
0	206
0	205
0	194
3912	2733
0	41
0	41
2	526
39	526
446	0
7	364
0	0
0	0
43	0
0	68
12	221
0	16
4	191
7	97
0	64
3771	0
66	918
0	918
0	886
26	0
941	2
10	186
0	186
0	548
0	5
0	39
553	548
440	1201
275	1201
0	305
52	0
7	13
0	16
0	0
39	34
0	5
298	0
0	22
16	41
0	17
0	23
137	974
0	974
355	90
0	5
0	38
0	52
6	11
122	1136
71	1137
240	175
194	0
0	215
0	331
0	169
400	331
131	20
0	19
0	20
1560	0
0	0
0	0
564	495
0	1088
0	1038
0	1135
0	79
1	44
0	172
0	503
0	167
0	104
26	179
0	375
2	1084
209	1311
0	0
1580	368
166	1
5633	0
8	3
0	3
439	0
0	0
0	0
27	129
0	29
22	0
0	0
0	0
262	374
7	374
5	0
186	0
102	0
83	0
0	3
0	68
5	68
76	253
42	289
0	144
0	93
0	125
0	37
15	37
2833	3
4868	5
0	62
0	60
0	0
0	63
73	643
0	628
0	643
0	43
631	43
53	0
19	0
0	441
202	637
0	78
333	721
0	17
1	0
42	0
281	587
188	13524
0	13360
70	12841
15	11763
0	0
2	62
377	579
0	496
0	281
81	0
20	125
0	102
0	130
0	95
5	58
0	58
964	1
261	123
328	162
101	199
0	60
0	41
0	7
0	199
2323	1
354	252
0	0
0	1
4	10
1	10
9	0
68	428
0	428
0	33
0	256
6	44
0	4
32	289
96	26
28	181
0	181
800	0
0	0
1639	0
0	0
182	269
0	18
3	0
0	0
4	18
178	11
0	11
0	11
13	11
24	11
44	38
69	143
0	143
0	130
0	130
1094	1323
25	1323
1440	8
941	1
0	0
193	0
0	0
0	164
79	164
0	1314
523	10611
2	10608
135	167
0	167
101	211
0	11
487	0
308	2497
39	2497
9	7
0	7
52	28
0	59
2	1
0	12
0	31
0	58
0	0
0	0
307	0
33	0
1923	10
0	8
0	0
7	143
41	109
126	252
113	0
0	2427
0	51
103	2553
0	1409
0	1512
1488	592
0	591
1236	716
2	12
4	704
0	0
3	540
4	3082
0	1962
0	987
0	1725
0	1852
16	2589
0	0
118	925
9	923
13	76
0	194
2	922
0	545
1107	611
0	611
17	31
126	31
0	351
346	546
0	311
6	24
0	190
8	882
0	202
1018	808
25	15
0	15
0	0
0	0
0	117
897	118
2	0
0	0
1349	2254
182	0
0	0
167	93
0	0
5	901
1043	1318
0	1315
3	171
36	4
0	4
371	0
0	259
0	2432
0	2187
0	2194
0	2472
0	2320
0	2173
3	2328
0	23
0	286
1	509
4	262
69	652
65	478
136	1698
0	2712
96	244
0	0
0	2712
0	105
0	1304
0	94
2	3362
0	3558
25	144
37	0
0	19
194	1138
71	619
70	17
1431	6452
0	0
0	16
0	5851
0	5975
0	5878
0	0
0	0
0	0
0	0
0	0
0	56
1	305
691	305
0	115
167	373
249	645
15	476
44	2629
180	2705
0	0
6652	11
46	38
0	192
551	230
216	342
0	0
61	718
9	718
0	0
0	147
11045	148
0	0
0	12
3	12
5	86
0	132
24	145
0	0
0	0
0	0
4	58
6	47
1	149
92	886
0	41
118	908
0	5766
489	5766
0	1270
1514	1270
33	2700
0	2700
0	2639
6	36
644	36
9	138
0	19
0	54
558	1485
0	599
0	201
0	1206
0	431
0	62
0	0
0	0
2776	5
0	3
0	3
74	0
5	0
14	0
40	71
0	7
24	7
52	565
4	565
32	0
1187	0
0	0
1201	5
0	1561
0	130
0	1598
6	315
0	284
0	323
54	180
106	180
629	0
0	0
71	0
50	484
0	484
31	0
0	81
23	81
84	142
0	142
0	277
0	12
0	1747
225	2702
0	2016
0	2214
0	1952
0	1203
1	2244
1320	5
0	0
0	0
0	287
18	158
0	167
0	172
2	282
0	10
13	10
29	0
94	0
0	26
0	26
0	272
0	272
731	4156
81	4156
9	0
105	1039
0	774
0	130
0	318
0	337
0	0
1818	295
0	265
0	265
0	295
170	100
4	3
0	4
130	0
132	0
497	78
0	78
0	0
0	0
0	26
0	20
0	26
0	525
77	626
225	27
100	26
13	14
131	319
0	258
8	210
497	0
2020	1963
15	1637
1438	1964
0	51
391	198
0	147
177	0
8	135
684	7258
0	5572
0	5596
0	3945
58	7421
1809	1
110	645
0	645
436	245
0	121
20	18
0	17
0	45
0	165
0	40
3	4
0	0
79	0
28	23
0	0
0	0
708	0
2	0
0	0
163	0
7876	3
27	402
8	508
0	187
0	493
1374	153
76	1
0	722
0	728
498	4803
3	0
0	4802
0	0
0	0
768	0
1951	1
0	0
19	792
2	279
1	142
0	1
0	25
445	769
0	174
45	257
0	257
0	0
1	0
219	570
0	438
0	138
617	0
309	89
3	22
11	0
336	1047
24	112
0	0
0	1006
34	1057
111	57
1	29
707	0
50	181
19	3
122	6174
128	6318
62	470
0	470
10	0
0	573
0	611
0	410
1015	1263
0	2208
0	2204
0	1559
0	5589
15	5503
32	4419
0	5616
13	5515
0	5637
0	2224
0	5606
0	2208
221	3561
14	3561
8	341
7	281
2	445
49	642
0	976
0	400
10	718
0	970
20	106
0	453
66	1184
227	63
0	63
0	16
9	211
137	211
0	355
0	393
34	497
0	497
1424	2
2218	0
11	40
0	40
0	29
3	34
9	9
4042	402
71	400
34	1162
2	1185
0	1160
9	905
0	772
0	572
1	1162
0	843
32	0
365	0
0	0
0	0
399	0
310	8689
0	8689
3	169
17	167
0	31
0	0
0	0
1851	515
8	515
0	0
75	17
0	12
0	13
0	13
0	0
736	12689
0	7737
135	798
0	102
0	0
0	0
0	400
1082	1035
361	521
0	521
0	1167
202	7935
52	7935
75	7221
10	213
47	213
80	672
10	107
0	33
0	672
1	396
0	250
0	46
28	153
14	847
339	847
0	0
765	5
14	241
636	241
147	141
0	0
0	141
57	0
57	619
125	619
134	3007
0	2901
169	3041
1100	781
0	0
344	1570
0	1570
31	39
950	7
0	0
2	0
3618	4
0	51
1654	11192
0	392
0	11194
12	10155
203	41
11	37
20	37
2780	892
0	55
2025	6
0	218
155	1764
0	1695
0	1928
1187	0
3	0
52	96
0	63
0	39
131	0
594	0
0	1715
0	1329
481	1115
0	371
2	411
5	965
112	1425
10	1425
0	152
0	8
3	152
26	0
1729	794
20	2
0	588
0	503
4046	9
14	284
2	0
112	398
72	398
920	0
1749	3
917	129
0	127
0	0
25	0
0	1075
0	880
0	2123
34	1297
105	2910
358	4526
114	4489
0	121
417	2823
120	24
2216	3752
0	420
0	1406
9	3798
0	3934
0	1409
0	0
1809	0
0	0
0	961
2616	990
67	681
0	681
318	1
17	0
0	0
1052	312
0	309
0	8113
0	1300
0	700
0	413
40	349
0	474
1	118
0	7133
3	6907
0	7956
0	0
17	56
55	56
7	16
0	0
0	16
3	551
470	903
0	351
956	0
1779	0
18	157
3	0
45	0
0	0
187	265
42	255
0	146
0	4
0	9
0	9
0	0
757	1
62	1885
81	1885
0	211
489	55
0	55
52	0
0	376
808	378
4900	3225
5	1437
0	3205
0	0
117	0
9837	13164
0	325
3611	326
18	151
58	104
33	0
141	151
19	4
1821	2763
0	3
0	2763
5	2686
41	2705
0	532
977	899
73	724
0	771
48	336
0	336
61	0
166	100
2	9467
5184	9470
3885	206
0	203
0	9507
0	10187
0	5188
0	9795
0	143
725	732
0	732
69	0
0	48
110	572
45	572
0	6
0	0
0	6
8	9
0	6
0	6
135	137
0	50
0	153
0	643
0	118
0	654
7	707
154	811
0	383
0	734
16	124
398	1730
2	1644
8	0
0	378
315	13094
22747	12796
0	9
0	104
0	11
175	113
0	3
0	3
2696	3
69	205
616	441
9	109
0	220
0	0
9	519
0	2001
8	833
238	2143
0	1521
1174	1
0	4
0	4
0	11
54	11
22	3
0	132
0	29
18	132
156	44
345	591
0	591
234	730
0	189
0	194
63	0
0	283
0	6195
123	6242
13	36
0	36
0	36
78	0
693	1
48	0
0	37
0	2
0	12
0	39
0	39
827	0
0	62
498	104
0	53
18	6
9	6
0	0
0	0
126	665
0	665
9	18
81	0
0	333
0	907
145	1020
0	811
0	347
19	734
4	27
0	734
25	0
2347	827
0	827
15	4491
0	4501
0	3993
1	0
181	2142
15	255
0	30
0	2129
0	0
405	1618
0	399
0	1605
0	1618
0	0
432	713
0	713
0	87
0	52
0	148
8	355
0	307
28	25
797	695
12	720
0	1
0	0
0	0
41	35
0	35
0	56
73	156
0	156
0	68
5003	12419
0	24
0	143
0	0
192	39
0	12365
232	335
0	335
413	924
0	334
3	724
2	135
748	728
5192	0
2466	349
1	263
0	238
2	240
0	1866
0	772
0	452
270	1866
0	0
0	117
69	117
2	3143
5277	3145
1	41
35	50
0	0
0	0
0	0
0	2092
0	3962
0	3868
37	0
930	159
0	159
0	21
2379	218
0	212
0	77
1	746
964	776
16	29
27	0
0	29
318	75
0	0
6	176
0	226
0	44
0	176
9	225
0	0
0	1
84	1
109	0
0	0
99	178
0	90
0	240
0	289
0	118
0	82
14	240
0	0
142	2518
25	2518
34	10
140	1944
19	52273
5	21473
234	6812
2835	57138
783	1
0	3605
8492	9098
173	297
3	297
109	603
5	453
0	18
60	287
95	952
596	902
2219	0
911	68
0	66
2742	1381
34	1378
36	90
0	90
0	76
26	11
1065	0
30	0
0	24
0	24
16	0
0	0
0	327
11	410
0	313
108	36
879	94
0	94
231	587
0	122
465	0
240	0
0	0
0	0
43	0
0	5104
33	9660
6539	10411
0	9854
10	69
0	69
1	0
100	47
0	43
0	35
73	15
0	15
42	60
798	184
3	155
48	117
6660	5
0	0
8	395
0	107
73	1984
0	10
183	1982
8	435
619	9
3	443
1062	198
1	198
88	0
92	12
0	12
2271	16637
52	16635
13	0
51	138
10	138
0	70
0	0
1	0
370	76
0	25
13	76
29	28
0	17
0	19
0	22
0	22
23	14
0	14
72	1410
0	1410
0	27
0	29
0	29
4	14
5	229
0	216
28	601
55	602
586	1314
0	1314
128	0
0	223
143	211
0	983
0	1098
0	1075
0	19
0	66
1	67
2304	3
3177	1222
0	434
6	1180
0	0
0	0
0	66
0	16
0	66
4819	3
4	8
5846	5158
2073	178
0	177
0	11
68	11
0	11
0	0
598	69
0	69
0	188
570	428
0	324
6	22165
36	28061
220	30365
0	6
0	6
0	145
28	145
0	1
1	8
1920	0
0	12
0	12
0	12
6	8
0	8
633	0
9441	380
32	379
0	26
17	366
0	245
82	2596
0	760
9	2596
2	0
3	0
379	3
0	3
0	1718
3	328
0	11826
1	14637
0	315
787	18220
328	2288
195	2288
2	108
0	107
0	32
0	102
924	0
36	1297
0	1140
0	379
7	1397
0	0
39	74
0	74
1787	1400
0	1398
24	849
0	160
0	849
1731	2
10	0
0	0
445	0
2448	5
0	0
0	0
0	0
0	0
0	0
0	0
687	175
0	175
6627	14
614	1828
0	1624
0	1825
0	1624
1	1
2	1
0	744
0	387
0	102
0	442
2	452
11	431
0	171
0	533
1	499
1613	0
404	0
4045	9
0	0
1064	1146
0	848
65	391
3	0
238	0
180	0
12	0
1669	4886
7	5008
169	0
9	7
784	0
0	6
0	6
104	500
10	116
10	308
309	760
30	280
8	691
20	388
7	58
0	114
0	163
73	179
0	88
0	0
0	0
0	0
473	0
0	7
2	7
483	552
0	552
24	0
1025	0
1	0
338	2319
109	2319
552	0
0	0
0	0
131	0
4070	3
29	0
0	0
0	0
0	0
0	0
0	0
0	0
0	0
2278	0
32	1184
13	1505
46	3555
8	3356
0	587
0	979
88	979
365	463
0	463
31	1030
0	51
120	1055
32490	4939
0	3420
0	1514
0	258
0	173
0	230
0	237
0	235
0	237
0	0
0	0
0	0
0	429
0	558
0	558
77	48
118	0
552	332
8	0
0	0
22	26
0	26
2150	184
14	0
206	237
0	209
0	43
1943	978
9	20
68	32
0	12
0	0
0	0
0	0
0	48
0	273
3	4
0	4
0	4975
13	17112
5219	4651
36	16788
0	2358
294	0
91	314
0	249
0	0
383	0
1	391
0	232
3893	1332
139	1012
5	490
0	0
864	1477
0	633
4	580
0	1412
0	0
0	0
0	0
1651	1154
11	63
26	1
0	1
9	5
0	5
0	19
0	10
0	0
0	0
0	3
0	3
7200	8
0	24
0	30
0	20
0	6
0	6
43	961
0	563
210	1077
0	0
42	176
91	336
0	34
273	328
0	216
29	229
10	12
0	12
0	0
296	2
12	2
403	0
0	0
0	0
278	740
0	0
1225	351
0	304
0	312
0	74
165	1822
0	1
473	1823
0	107
153	252
0	252
0	13
0	0
1457	1
405	494
0	494
9	47
4	47
4	1955
14	1902
0	1785
14	189
0	189
0	78
0	29091
2	972
1164	970
0	367
8	66
17	66
148	1044
615	1044
1	28
1279	0
11767	7801
5961	7
180	1814
0	323
0	350
8	398
42	1846
0	7440
0	8214
3	0
2380	5252
0	911
0	5088
0	4526
0	4453
0	5099
0	4669
0	4242
0	5161
0	4169
1	5076
0	197
27	197
43	176
11	351
0	351
9	84
31	84
64	7916
303	0
187	1270
0	1270
0	582
0	469
236	532
31	0
6	4
0	4
98	202
50	202
0	13010
0	0
1413	2
0	81
6	125
3	9
22270	13
5	11
59	14
10	3
1129	96
0	96
76	0
1006	566
428	402
12	5906
0	4888
2290	1378
0	1376
122	2260
0	57
0	2260
0	0
24	72
1	90
48	7461
423	2828
0	1837
0	2084
0	1694
49	7142
0	174
0	169
9	12
1572	2
354	0
0	0
0	0
0	0
562	0
7643	2
0	152
0	243
308	346
0	216
166	219
0	98
66	220
137	243
2	246
3	246
5351	1757
491	1333
0	0
0	0
0	2
0	0
22	0
70	0
0	889
9	119
1	20
0	67
0	219
134	0
317	328
1866	614
261	7064
62	7836
146	7746
0	7883
2	6985
0	7872
133	109
0	48
0	3
0	61
6	244
1	53
0	236
0	21
0	92
298	95
244	1689
34	1689
0	0
58	269
0	269
4711	7
5367	6
5	665
0	621
2966	0
1368	0
0	8
0	19
0	18
6	26
0	0
0	0
0	343
1422	343
3603	1
0	78
0	78
0	78
0	0
299	9
269	9
115	0
1973	3
0	15
28	1749
22	1805
12	1664
264	0
112	2758
5	407
0	356
1579	2758
157	796
0	796
0	65
3	8
288	163
9	113
0	0
6262	5
0	0
9	265
14	265
297	3458
326	3356
114	0
0	0
4281	3
0	0
0	0
0	0
0	5
25	5
932	2301
0	1150
554	434
13	405
2	129
0	0
51	0
466	1634
0	82
290	903
10	68
0	835
0	0
677	52
0	52
0	0
0	0
0	12
51	12
119	0
541	113
51	113
61	857
3	857
28	164
8	164
157	490
0	0
844	574
125	574
15	526
0	3264
0	3360
16	1533
1776	3890
105	3280
0	3196
316	3359
537	1958
89	1958
0	0
2410	2
0	0
1431	0
202	147
0	38
0	123
1172	7
1805	260
0	259
2977	108
0	47
8	81
46	4407
0	985
2	4413
0	4198
365	8063
18	72
0	81
0	85
0	59
6	36
0	35
11	0
85	71
1	26
52	26
3	273
388	213
0	213
0	0
9	652
157	652
3	643
132	7954
0	0
1100	0
668	4727
121	293
0	229
13	4773
313	270
6	0
0	571
0	0
12	82
6	69
0	16
427	2
27	108
0	55
0	187
22	415
0	415
7	38
5	38
142	755
0	0
295	5422
0	875
456	5177
78	890
1136	1
367	1955
0	1955
0	0
21	0
40	10
0	10
118	7916
24	63
0	0
0	0
501	1136
4	1134
7062	7
2	40
0	40
0	23
0	23
221	29076
113	28728
254	29639
8	28591
270	33995
251	28429
66	3
0	3
0	0
0	0
0	0
0	0
4	0
326	1387
181	0
0	0
0	0
56	0
30	0
5119	171
11	0
0	164
50	0
736	0
0	16
8	170
52	638
297	638
2851	3
0	615
149	615
0	0
1448	0
0	127
308	299
59	299
45	0
72	0
0	0
753	2948
18	2038
26	456
0	539
20	539
1244	1885
431	1882
0	913
0	6437
14057	4668
15	4664
0	0
2	28
43	2251
0	28
995	0
1	313
894	315
66	0
0	0
61	9
0	9
0	491
0	121
5	971
1	949
0	56
0	72
0	63
0	41
4	11
715	10
0	0
0	0
712	6765
4453	6511
0	0
0	0
0	0
482	0
4	37
0	129
196	329
1	281
5364	1
5849	1
160	0
266	7536
0	0
0	0
0	0
0	0
0	0
0	0
48	133
5	133
0	0
0	0
0	0
7	0
4	8316
0	8081
7258	2223
0	576
2	1643
94	0
0	0
20	217
1933	217
0	0
211	13
17	0
178	850
0	341
5	0
0	28
0	718
48	763
0	763
0	47
0	47
187	159
174	159
3068	3
0	476
0	476
0	153
224	153
0	4
0	996
182	2992
1692	2836
28	2724
0	1080
0	922
108	0
7030	369
0	363
2	0
726	0
14	1081
530	3138
1	3138
660	282
8	282
0	227
0	227
0	19
73	19
4	99
0	34
0	111
903	241
0	88
37	841
0	860
0	817
0	73
0	234
11	234
941	4
4	3128
0	40
6	1824
20	17450
1	12009
0	16681
0	17001
0	0
24	0
0	0
0	0
33	0
3	0
17	113
5	129
138	38
781	304
0	201
0	301
65	0
72	354
3	354
3225	0
236	571
19	0
459	571
83	0
1017	1
0	0
0	0
0	0
0	0
0	0
1728	0
1	0
300	4056
468	4056
1051	198
0	222
88	222
0	1323
558	1326
612	75
10	107
0	24
0	28
0	107
0	0
0	11
11	11
0	6
0	6
6955	4894
0	4890
42	2843
2	1297
17	1207
0	1392
0	1015
1349	807
20	300
0	719
0	122
25	248
583	3812
0	1348
0	1952
0	0
0	0
1	0
8428	5
219	406
51	0
268	164
0	23
63	361
0	53
0	8
3	22
433	83
2108	527
4	293
0	231
419	697
69	629
2178	1
0	156
0	69
14	733
0	79
0	707
0	526
0	327
0	324
49	524
0	217
2	113
6	73
0	60
0	172
0	3704
2882	12462
0	6854
0	0
1177	1136
1	1136
498	0
1882	1220
110	0
38	8
60	3389
106	549
0	36
0	106
0	67
0	3389
137	1759
85	579
0	40
7	45
18	534
1461	972
0	213
11	442
127	442
284	8059
2755	8061
0	5
829	7766
0	4715
12	0
14	100
13	28
234	0
5	187
0	173
0	193
0	191
2	153
0	190
54	141
0	6
0	19
0	19
0	718
0	1546
5	1519
0	661
0	322
0	168
29	0
1	174
0	174
0	147
1092	179
0	179
155	97
0	68
0	8
0	97
0	85
0	601
135	601
3018	4916
48	466
11	164
8	273
0	31
0	269
3273	6
0	2082
0	1434
895	2099
70	0
594	2
0	0
0	0
1129	1934
0	0
0	0
0	0
222	0
1	1680
3191	4498
0	4493
12	12
0	12
309	743
0	429
0	692
109	157
3	157
7	640
8776	641
1300	83
0	81
96	141
3	228
1926	229
46	9786
3099	6673
0	8013
0	4456
0	596
0	4644
0	4759
6	2360
0	1789
354	2258
0	598
0	13625
83	13619
263	144
0	31
0	144
5	0
44	26
472	26
0	28
267	617
106	36
478	254
21	254
489	3621
0	192
0	139
0	3333
22	3469
0	0
0	5002
2551	5005
1112	597
0	596
18	179
0	748
0	748
263	1182
7090	1186
0	324
6	1076
0	948
3	196
9	33
1218	229
108	2
0	0
0	0
0	1968
0	89
5	2251
0	1987
0	2155
3	2149
0	0
0	0
0	0
23	79
0	54
0	34
0	11
28	210
0	200
0	53
0	0
0	12
0	12
0	214
0	225
8	0
44	0
0	0
87	4
160	641
61	2897
34	7
297	1725
0	39
0	84
0	1725
6	386
0	372
1184	1976
6063	5256
617	2328
0	862
4129	2
146	1354
0	27
0	2
0	24
31	1354
0	0
0	0
134	189
2	10
0	30
0	233
71	284
20	284
0	0
0	0
296	605
1797	3
513	5144
0	5144
0	1755
185	1755
21	197
24	119
1185	831
0	536
2	736
10	44
0	44
1482	0
0	498
1	844
242	1936
0	760
0	1896
1413	5608
0	5608
10	6
0	6
16621	4206
8	0
5	56
0	29
0	56
269	0
65	143
0	143
2	0
0	491
0	168
14	867
4274	1750
937	1
0	0
0	0
0	0
27	0
16	77
0	5
1	5
0	0
0	378
0	378
0	0
1280	1
4539	4
33	25988
87110	26192
30	6339
87	73
4	104
23	57
1944	2
0	458
118	458
130	305
12	476
3	0
0	0
37343	5343
0	5323
104	1238
43	301
215	1143
4888	3
552	1995
54	1988
0	0
0	208
189	208
3618	585
162	518
87	149
0	659
0	417
0	0
0	3
0	0
0	0
0	0
45	0
64	150
557	172
928	0
0	20
0	168
0	168
607	0
36	42
67	48
0	7
0	42
57	0
0	0
0	0
0	74
55	82
0	6
0	82
0	67
110	188
0	188
15	376
9	179
5085	555
2275	9087
3	9053
0	1679
790	405
749	600
0	600
379	386
0	294
11932	15
16	472
0	136
0	401
0	441
0	0
0	3105
3333	3118
32	1200
105	819
2324	2183
131	210
0	14
3	97
0	2180
41	71
321	679
0	679
2057	328
0	48
0	6
0	6
0	10
6	25
40	181
0	156
59	0
13	557
18	557
0	0
46	6
0	0
0	0
0	0
0	2
0	2
0	823
623	823
7	90
0	10
1	11
0	89
17	6
0	6
672	0
2690	2241
0	375
0	0
0	213
1210	7646
0	1950
28	710
0	6645
527	0
605	584
0	14
0	570
40	23
0	29
0	5
0	139
0	4
0	94
0	143
4	143
84	138
442	204
0	18
48	66
0	0
191	63
75	3412
21	2176
1396	3412
54	2021
2712	961
0	892
0	1048
0	1216
12	14
0	14
3340	0
197	10
1420	4
757	1343
0	1342
284	485
0	743
188	1669
358	3083
29	12601
136	3235
1	12702
25	12591
65	0
22	0
36	401
6	548
65	561
61	61
0	61
32	93
0	93
6	93
2	413
3080	322
198	287
9608	4850
0	4845
1	565
177	334
130	681
17	246
0	254
0	257
3	0
64	221
0	221
5044	1719
0	205
36	1514
8280	3
310	0
24	470
0	420
45	160
0	162
0	143
5	323
0	34
111	283
0	1289
345	1289
3152	1
481	174
0	174
0	199
34	271
0	278
194	85
34	682
29	682
548	0
1654	107
86	0
120	177
0	170
0	7
0	114
1711	11160
123	11191
16	21
0	0
5	2
0	0
0	0
0	0
0	0
0	0
3434	496
0	495
141	0
155	73
0	73
0	424
577	1052
0	1051
2	8
1740	1792
0	95
124	889
401	1806
1	1381
419	1977
5391	45024
725	46431
0	26754
0	0
0	0
550	4448
10	4448
10	2
8	2
0	2465
1	1801
10	3063
0	2688
0	2474
6	0
0	0
0	1116
0	35
319	1116
4	54
0	54
0	54
2413	276
1	275
794	282
0	59
0	223
163	37
0	37
11	5791
33887	15453
175	1317
11	12288
0	1823
0	185
0	321
3	175
28	108
200	162
2	54
0	686
43	686
196	686
0	0
78	0
0	218
78	1098
0	120
0	1000
483	0
1757	764
11	764
0	0
1917	2
0	1
7	1
0	6
0	0
0	6
0	6
0	6
0	6
171	0
118	1753
0	430
258	502
0	0
294	0
0	21
154	173
2	193
0	179
101	136
68	2042
167	0
4	0
881	649
0	522
0	204
0	32
0	2
0	26
0	26
0	6
0	26
110	1204
0	189
3	374
0	2162
375	2162
0	1658
221	1658
0	0
0	0
0	42
0	357
0	419
1029	725
1	248
988	264
0	249
776	154
14	80
0	31
1	0
1105	0
5	0
718	0
3	15
0	2
1523	2
43	1384
975	1384
46	525
0	391
6	1523
60	1639
588	247
0	19
29	19
0	51
0	51
3228	957
215	355
68	602
1479	91
28	91
561	710
0	200
258	2041
0	658
0	348
0	2041
23	24
0	0
83	141
146	757
0	0
0	722
0	701
13	794
8	0
38	0
0	0
172	505
0	505
3237	48
0	47
0	91
572	212
0	120
153	1258
10	1270
36	1270
1193	0
0	0
17	0
141	9247
9	8700
772	9031
32	85
0	0
0	85
2696	1745
0	5
3	116
0	10
10	190
2	11484
850	11484
60	0
0	1272
0	301
0	1464
6	1520
37810	44
157	331
67	331
407	384
51	197
5	380
0	0
0	0
0	0
63	147
11	4
4	147
67	235
0	235
0	0
0	1
4	25
0	25
7610	3
140	3
0	83
0	54
0	279
0	280
0	0
291	2439
10	2439
0	746
1590	1373
0	484
0	367
0	82
22	71
905	84
3534	1
0	0
0	90
0	185
191	22
0	22
1	0
17	7
0	0
0	7
1039	59
0	59
523	0
0	0
21	0
1	0
13	936
214	1156
0	100
4	1244
34	535
64	535
3100	3385
2	1288
66	1350
1	1
0	0
7	135
21	103
10	135
15	6
53	6
0	15
34	28
0	28
0	0
0	0
0	290
471	290
1988	0
57	1333
6	81
4	1197
0	6
1022	0
211	0
136	772
95	772
33	396
0	354
0	396
2	36
0	27
83	3
6	3
0	43
0	85
45	85
24	5
0	5
31	0
28	245
43	245
2	30
21	306
0	26
0	294
0	2801
87	2801
7	0
40	0
0	0
1051	0
103	257
0	257
2403	39257
72	39257
75	1
7	195
0	187
84	561
0	561
409	1529
7	136
83	1529
3299	5519
1524	3
195	2465
11	2465
2	4
2	151
9	151
2059	0
14	0
0	7
0	7
0	0
1241	0
1095	48063
639	9449
0	9080
31	48432
0	151
0	1480
0	2991
1582	3009
9	145
1115	430
4043	2
0	0
244	327
0	327
76	16
0	6
5	135
1138	138
879	1
8824	4
77	33
0	33
121	1865
215	1865
27	3
0	0
0	0
1579	577
33	577
913	846
0	846
0	0
0	0
0	0
237	134
0	134
2	939
0	54
572	54
0	351
90	92
0	82
121	0
2018	1
56	13
0	94
607	110
61	1011
0	138
3	1011
0	21
4	76
0	63
0	239
0	27
0	824
0	40
0	80
5	3499
0	3510
0	3402
4	0
9	51
0	48
0	3
498	6316
10	6310
0	0
0	42
0	42
0	101
518	460
0	74
0	117
0	471
0	16
0	16
67	3405
0	0
1504	222
0	222
0	88
0	202
30	1981
7	1215
0	1215
45	1951
52	51
71	51
151	0
166	32
0	13
0	29
63	64
0	50
0	1
0	1
0	227
1	0
4	0
0	0
0	3272
3	80
25	3326
1252	0
0	441
34	751
81	6
0	28
64	28
268	732
0	730
576	0
399	21
43	21
819	0
0	96
109	96
8	0
120	48
0	48
971	202
0	201
2	0
47	0
1943	4
0	25
172	25
1170	1350
35	1348
0	0
15	6
2	6
0	2
108	145
15	145
3127	1015
99	8
0	1018
0	1003
3	347
399	115
0	15
0	100
257	0
89	429
2902	430
48	230
130	162
141	56
0	56
229	0
16116	16
20	119
0	119
0	8
16	23
129	0
163	4533
0	39
183	3678
28	4224
0	119
5548	2
0	3
0	17
0	1
0	22
0	43
0	47
0	37
0	49
16	15
0	15
0	31
5560	4
19	0
20	9
60	43
0	135
37	135
240	0
0	178
24	178
6949	8
1158	139
0	137
22545	12
612	0
12	0
573	3084
0	733
0	739
0	463
0	33
0	444
0	446
0	441
547	2808
436	2806
473	0
940	0
109	165
0	164
0	169
66	576
0	210
0	16
0	145
3	2647
0	54
1694	609
5	609
1497	0
4	10
94	0
1316	2331
2	258
14	2079
40	994
415	5566
67	5488
3501	13062
7	13060
2	8663
114	0
663	1
287	0
143	27
0	27
1892	899
78	899
0	6
90	250
0	9
0	24
0	18
5254	17
0	0
29	0
1582	187
3	187
172	71
236	69
14	13519
0	5294
0	10457
22	12121
16	10890
24050	18439
0	11969
0	2539
186	2318
0	1693
1519	59
0	49
26	29
333	1536
201	1220
0	172
7	1625
1663	221
0	2
0	2
2	26
0	4
0	403
196	403
0	33
653	33
0	69
494	69
0	331
0	202
0	285
0	457
2	271
10	50
0	1792
17	435
32	1724
927	0
0	4
0	0
20	4
233	0
49	439
13	342
7	405
12	405
184	7
0	5832
0	5987
38	5989
70	10
0	9
0	0
726	0
84	0
4	23
29	93
368	748
4	29
0	747
1393	1316
5	684
0	1286
1613	3
0	12
0	3
0	0
0	12
4	57
9	191
82	1189
88	1189
2747	3415
0	3413
150	0
449	1458
6	353
0	588
1555	0
426	975
1	1171
2271	1157
0	1156
549	120
0	120
166	603
0	3028
0	357
0	6969
4	72
0	6235
0	6188
1363	6784
313	908
24	32
0	32
1060	0
301	0
0	6
1383	0
3117	976
0	974
150	401
7	401
118	349
168	45
0	38
76	7
10	1209
47	1285
0	1272
0	1318
4	1182
0	0
0	0
0	0
0	0
1	0
10	0
0	0
0	0
0	0
0	0
0	0
3	0
0	630
0	444
0	630
0	630
998	600
0	598
84	0
0	0
0	0
0	0
0	7
0	7
1147	0
88	576
0	576
93	62
0	62
17077	1573
0	0
3621	2
77	1948
0	1948
79	195
0	195
0	31
0	187
0	60
0	187
0	187
127	77
158	77
0	20
20	20
3	0
25	166
0	166
76	0
91	395
0	395
191	0
5408	7308
0	7304
0	0
249	3120
0	3120
0	9483
0	9247
5556	55832
0	45882
1	55842
39	0
1797	12
25	5
175	951
0	984
0	0
0	109
0	15
1	204
381	1947
0	1895
6	150
3	150
16	342
14	264
0	224
0	266
234	0
2	12
0	12
0	0
0	0
4	12
0	12
981	1
888	0
0	257
91	257
22	708
0	708
0	708
785	659
43	41
51	805
3	764
0	8
0	7
0	6
0	6
0	8
0	8
1347	1243
77	1241
1281	0
0	282
62	5912
0	5705
0	0
0	0
43	893
0	515
211	1182
1	1048
0	472
673	664
11	0
863	11
104	331
0	312
13	265
376	324
0	4
0	0
0	4
3583	1
0	0
0	0
0	0
0	20
0	20
3473	8315
6	774
0	478
0	8127
472	7628
1002	0
0	0
0	762
2572	2180
0	2259
32	2201
290	0
0	418
0	406
12	415
0	422
0	609
1852	1632
0	1589
1690	0
252	9094
2589	9096
28	2941
0	693
0	535
28	5339
0	4510
0	5060
219	0
0	196
1	196
393	0
2065	462
1	458
0	22
0	113
0	113
120	264
2	128
0	158
667	26
0	26
33	3
5	3
627	402
14	400
0	3
0	3
0	3
218	3217
13	345
41	3217
0	0
0	0
0	677
1	5713
233	6080
0	89
0	32
0	84
12	97
0	56
117	659
0	607
0	648
0	0
0	1
10	1
0	165
0	51
0	1
8	177
13	168
38	22
0	3886
64	4059
0	64
0	195
0	0
0	0
216	3142
105	2831
0	98
0	134
14	206
113	1485
51	1463
6	234
571	0
281	1656
2027	1656
0	100
0	22
16	106
4	2459
0	36
0	655
0	864
320	764
170	2368
8	2368
0	2241
27	2142
0	433
95	192
28	1933
868	2
2040	3
1013	1807
5832	1055
1174	1
1809	968
0	968
0	44
25	0
3	216
48	989
0	989
10	0
0	0
0	0
727	0
99	1446
0	1446
5	3
0	3
0	329
0	0
1766	3263
2	3261
3	3234
325	3
669	189
0	187
187	5
0	5
48	332
21	98
0	293
3	17
0	194
396	194
0	0
0	0
0	0
0	96
119	96
264	280
144	280
2009	736
0	736
0	32
121	73
0	73
82	285
21	1623
0	1623
4	1448
458	0
1102	2
1880	1
8	0
15	115
88	164
9	123
1017	651
183	0
76	406
66	2075
142	2075
190	100
1	36
0	64
0	1072
477	1370
805	0
24	0
36	164
10	166
0	40
28	68
450	29
24	29
3823	2204
0	2084
0	2078
0	2173
0	2
0	2
0	2
0	2
538	82
8	82
37	0
23	0
4773	2
2174	25
0	41
0	41
871	6835
0	266
0	354
2866	2295
1	0
0	0
7	0
6	1
0	1
0	92
79	92
73	49
25	5
0	46
814	477
115	78
11	0
111	0
13	38
0	5
0	33
0	0
0	173
0	185
0	185
408	852
27	0
0	495
98	1502
0	1532
0	1417
1091	2
766	3
831	0
875	39
0	39
208	0
35	31
0	31
0	0
673	703
39	703
8	98
1452	940
0	940
6	0
0	0
2340	2767
98	2766
1293	12
0	0
451	112
0	112
11	0
770	0
63	21
6	329
0	192
0	541
0	329
1	117
13	751
0	1121
0	43
635	43
320	0
20684	3392
1	3387
5745	307
50	305
0	0
140	0
3046	0
105281	88588
431	0
9	5
0	5
0	5
0	0
0	0
0	0
109	0
0	211
5415	213
4960	774
16	769
0	1042
0	1674
1	870
728	2971
0	29
0	3
15	29
42	129
14	71
1	44
0	11
0	0
13	232
765	232
1140	0
0	0
157	174
0	174
0	169
0	102
84	102
0	0
0	0
12241	8
12	0
543	12
1264	646
0	609
0	467
197	0
278	206
0	124
6	239
10	0
148	80
0	80
0	89
13	5705
0	5713
0	5495
12819	3
0	124
0	15
0	376
0	160
15	285
0	0
0	0
0	0
0	0
326	2
40	764
250	1048
5	765
156	0
0	0
2799	3
251	267
1534	268
326	0
0	28
0	23
13	28
0	28
0	0
0	0
0	0
31	723
8	738
3622	8941
0	8892
1050	14906
0	14906
3186	594
0	593
226	0
0	0
1118	0
171	1
3	13
76	101
0	101
0	0
0	0
0	0
0	1887
724	4873
0	4880
0	4880
4119	4
1993	15
11	1093
1673	1221
0	1219
91	955
0	956
1567	1
0	43
0	43
469	28
2183	398
0	398
203	102
2	102
1440	0
294	47
0	47
0	209
0	201
0	38
110	856
0	773
4948	3
7	0
0	654
0	615
1	709
0	672
0	628
82	0
0	134
152	518
0	384
7	8
18	8
828	141
0	110
0	840
0	764
0	8
0	764
46	774
559	53
36	53
7	1
0	1
0	1
6	674
3	460
2	1013
661	1287
1	878
0	137
37	137
1518	0
221	548
246	23
0	861
407	861
0	34
0	34
620	1220
4	0
160	83
0	83
12	83
3	0
248	1390
474	1415
517	1415
50	346
31	346
223	1386
0	1385
9	461
212	692
4707	5
1708	1524
0	1522
0	2
26	2
1472	0
0	225
2104	404
0	0
0	0
28	65
187	69
5642	611
0	605
735	448
3	328
0	448
950	1
2	160
61	122
344	611
0	585
63	604
82	114
24	69
0	19
0	0
0	0
11	418
3	437
0	0
0	20
184	0
0	0
0	0
1928	1
97	91
0	91
136	18
0	19
33	1230
6	1230
1	0
0	4
0	38
0	4
6	38
60	38
0	0
0	0
87	164
890	3156
4	1588
0	3156
0	1912
4790	3011
0	1006
95	632
66	684
590	890
0	890
103	169
18	169
8529	15898
49	25
0	0
0	0
0	15
0	2
0	0
0	15
0	21
0	21
227	0
125	15118
57	15122
1	741
0	11142
0	5
0	9
22	14
151	15
4	844
1	555
8	0
1191	3156
155	0
53	0
36	0
80	3041
0	3040
0	2459
0	3097
9	0
0	0
0	101
0	211
0	445
0	478
0	0
6	2122
165	2122
42	0
1	21
177	0
0	0
401	2275
0	2055
0	2342
1	0
1235	1
0	0
0	0
0	0
0	0
0	0
743	0
236	730
4	0
1058	145
0	143
47	0
15	52
423	995
17	86
37	76
30433	23
0	17
7	17
5433	1
0	34
205	195
7	218
0	63
0	230
0	230
0	0
0	0
0	0
9	118
0	44
0	124
738	0
0	26
0	87
973	113
3791	9192
12	8505
57	66
0	65
5510	3
2355	2
0	0
0	0
0	0
0	58
81	138
0	249
1	67
0	67
0	847
82	758
6	1023
10	1777
27	1754
0	0
342	0
92	66
11	9
0	57
1658	3
592	2073
0	216
104	2070
1117	0
11	2252
3	7185
14451	9443
7	0
171	2965
331	3615
0	650
62	127
589	378
0	17
33	110
15	257
0	60
6	70
0	243
0	145
189	375
0	24
2	0
0	13
0	24
8	36
103	36
4	0
66	0
5	0
10	0
0	0
5	0
422	265
0	265
306	1972
940	1972
0	0
24281	7
74	82
0	37
1	49
0	41
0	41
0	25
2108	357
0	198
0	286
16	36
274	36
0	0
7	2
0	2
0	0
179	546
0	454
3	454
1006	165
0	165
788	1661
11	202
5328	963
0	953
0	88
0	35
0	90
0	126
10	173
1	144
6424	5329
0	0
3	297
30	65
9	262
640	0
15	85
1	108
32	0
0	817
1990	3408
0	3384
5	3073
1916	876
40	17
8	9
0	8
0	0
7466	6386
1	6346
0	6346
85	6088
0	6386
0	567
662	958
0	451
1	435
0	931
10	722
1	1379
7	1032
1232	1589
4	167
279	3077
292	3077
0	0
288	142
56	47
16	47
5	6
0	6
2427	1228
0	1227
24	789
528	789
2	17
2337	549
0	536
716	13
0	536
1093	306
67	306
7	0
618	3910
0	3910
0	0
0	0
0	0
22	0
19	141
140	1790
7	1709
7	1550
48	481
0	0
136	0
0	0
2	149
72	149
534	0
422	142
10476	1227
93	0
2380	1128
8	179
8	946
2228	206
0	205
0	2221
34	2171
0	159
0	2569
0	2558
481	2854
7	1
218	2
0	2824
322	2441
415	2322
12	382
721	382
0	0
0	0
2826	0
147	31
0	31
4648	144
3	143
0	128
0	94
0	59
338	2898
0	3806
0	7217
0	7333
28	3299
2	0
0	0
1066	564
0	176
18	41
0	41
17	73
0	40
0	25
9	79
0	73
4	91
694	2962
26	1073
0	2660
1	0
777	3
12	138
856	144
0	199
7	3883
24	4292
26	850
0	3207
0	3542
1565	1
9153	2210
0	2210
82	804
0	804
707	0
45	39
0	39
682	5629
0	2536
20	4308
0	1235
0	0
97	0
0	0
0	0
12	0
0	0
0	0
0	0
0	0
1	55
62	55
0	0
30	0
10	0
0	547
12	100
23	138
9	547
3499	586
0	586
3390	2248
0	793
0	289
0	1195
1	20
0	111
0	132
150	162
0	130
72	3455
25	3455
0	2810
0	756
0	6
0	1842
12	2528
0	1579
17	2525
0	1336
1442	1336
0	0
0	0
0	54
89	54
0	0
78	83
0	83
87	0
15	0
0	0
1298	3
1213	0
0	1523
0	1587
2	1492
21	0
31	53
0	53
338	0
5628	424
0	424
89	1840
14692	1846
0	925
0	1049
0	2144
937	0
4334	2
0	60
0	1346
0	70
0	1635
0	1625
0	578
0	81
0	70
7	178
36	224
0	111
32	182
9	4
0	561
0	482
0	391
0	173
0	80
10	80
3300	2243
75	2021
0	1743
0	1
3	0
0	0
0	0
0	241
24	388
51	457
0	1455
65	233
0	2810
32	85
68	2871
0	1455
0	1432
66	405
0	278
0	446
0	0
22	3
69	3112
0	421
4	3232
39	154
5	131
0	55
8	3
0	0
0	3
530	0
63	65
41	65
0	0
18	0
0	0
43	22
0	22
422	0
91	0
0	94
286	94
85	641
0	641
484	545
2183	139
0	139
0	819
0	188
3	362
0	905
102	1070
200	321
2	60
19	177
0	5
0	9
6	286
0	215
32	952
82	950
4	945
0	923
0	0
54	0
4	61
0	41
0	61
1589	3697
0	3697
31	75
0	75
4	4
0	4
94	47
0	1
19	1
72	12
1	0
0	3572
0	3920
0	1981
0	0
1488	2025
0	708
166	1790
1971	0
0	0
2609	5
0	416
8	0
73	416
415	84
0	84
0	0
41	0
0	0
0	37
437	38
54	182
0	107
0	182
666	94
0	94
0	0
1313	1
0	0
282	6
0	6
0	4
0	4
101	0
1	7
0	1085
0	182
0	758
2	880
0	518
526	1829
0	963
9	502
33	370
0	370
0	0
5	0
469	649
0	534
0	660
0	651
0	4
0	0
0	749
0	1270
0	1745
0	1341
0	174
10	127
33	174
0	0
0	0
7	0
0	0
0	0
0	6
0	0
0	0
0	0
54	22
0	22
0	0
0	0
2	261
168	384
0	797
350	1181
141	197
0	197
411	1638
0	83
0	1638
0	488
0	257
0	539
179	1027
3007	0
230	994
0	994
0	0
0	5
123	504
0	314
62	3705
0	5360
1	5091
0	33
0	45
197	0
979	0
0	336
2215	355
0	101
53	2965
17	2965
14	2580
0	4
39	419
35	433
0	434
0	208
19	416
23	453
0	9
0	0
24	18
0	0
0	9
0	0
5691	0
166	659
0	685
319	0
17	4929
56	4070
5	443
655	4253
0	4487
0	1123
0	3800
131	0
10706	9495
0	9490
101	61
61	9
0	9
0	4
0	0
1	7
1	3976
0	5060
6273	23735
596	21177
152	179
84	179
1863	1015
3	189
0	76
0	142
3	1081
0	0
0	0
0	0
4	2706
0	82
10	542
304	2706
196	0
0	0
0	8
0	292
585	1088
0	1077
0	5
102	9
8	0
0	1022
0	7802
0	7943
6	7773
0	7743
0	7696
6	6934
2	7692
0	8092
378	502
0	159
42	111
912	2185
0	2185
415	45
0	45
0	0
42	1169
49	1169
398	18
0	18
12	36
107	36
3	0
2	0
0	148
19	1130
0	1141
37	11
161	721
3	721
0	16
0	0
0	0
69	227
425	0
1472	48
0	47
0	0
0	0
0	0
0	433
290	620
0	314
0	470
64	601
0	0
197	0
599	1412
1945	773
13392	6442
221	6420
915	73
6	73
0	182
1170	417
40	184
0	233
1852	0
3268	1
0	20
65	0
0	242
0	144
0	243
0	135
0	337
7	241
0	192
32	919
0	296
10	1053
0	694
221	0
4	0
2355	8
231	901
0	218
0	592
16	715
0	552
1825	0
1044	0
36	70
0	3
0	0
0	0
0	0
0	0
5	27
0	21
0	0
0	137
37	137
17	3
0	3
0	996
2	718
0	863
24	1171
2	1210
30	1205
31	1323
20	5243
5	5390
8	1183
158	0
32	434
0	156
0	434
318	441
46	441
1737	0
657	0
15	0
898	50
324	0
575	340
0	41
11	364
0	134
491	134
70	774
3	774
2973	0
0	0
27	0
0	412
879	415
832	3
62	0
17	0
0	19
24	19
8193	10
21	598
0	697
26	113
0	855
196	4586
10	76
52	746
218	4632
0	2509
212	2526
209	2512
0	269
0	18
0	249
0	254
0	269
980	134
48	131
862	5015
7306	5016
0	0
0	21
0	17
1185	2536
0	185
78	185
0	1408
0	464
2950	1415
5805	3836
27	3823
44	3804
178	63
31	0
0	63
0	0
2646	4
140	584
662	468
0	339
0	672
0	391
55	2417
2773	3293
0	3249
623	2513
1510	1
2	0
546	2808
17	1687
0	117
27	1680
558	2697
0	57
0	102
0	85
47	138
68	1224
0	343
11	1137
0	761
0	0
583	3032
8717	2
226	2291
0	7
0	7
127	0
4	0
0	27
0	35
0	4
0	0
58	39
0	44
0	269
1659	1210
13	914
3783	2
0	191
1658	3340
231	0
54	1051
4	1051
4781	2
678	295
0	295
0	42
0	42
110	1121
1139	1121
0	0
0	51
44	164
194	302
0	6
0	289
107	338
894	338
0	0
5151	327
0	13
491	1425
0	1425
0	0
139	313
0	313
0	33
4	73
0	118
0	72
0	118
0	118
455	0
3119	630
11	630
65	1835
7	1835
742	0
0	0
62	0
714	0
19	0
0	0
0	0
0	0
0	2
898	0
17	31
0	0
0	0
220	391
39	121
0	396
58	1028
271	1028
35	165
630	69
0	69
37	183
387	183
276	550
0	3
0	547
147	0
165	902
0	833
0	825
0	933
0	919
13	653
0	63
0	653
6013	1
368	0
0	31
29	31
43	0
132	0
23	1223
222	1223
0	3
0	3
0	3
0	64
0	66
0	63
4	67
28	2065
0	2065
3806	1
96	0
1052	3868
0	418
0	2372
23	656
0	2512
217	418
0	3641
10	3672
0	3641
0	3493
0	86
48	86
15	0
0	0
0	0
0	0
40	470
2	336
2611	607
13	29
0	62
0	209
73	209
16	0
97	604
182	686
833	3369
0	3441
2425	2
0	169
4	133
0	1321
35	1321
0	0
0	3
0	3
0	0
19410	10624
479	780
0	277
26	411
18	411
9	123
0	123
1414	3
621	1
467	508
0	131
0	173
0	508
6303	2
0	0
0	0
0	0
0	0
0	0
471	0
86	0
0	0
0	272
0	122
0	16
72	89
1452	0
0	0
126	0
8965	2355
80	1169
597	0
7	0
23	117
0	117
2102	0
834	8
5	35
0	2
41	382
310	372
30	3890
0	3890
16	260
0	263
0	263
0	267
0	263
25	1578
3924	1494
27	265
0	40
1	250
0	272
541	78
0	78
635	0
0	234
72	234
0	7
0	7
53	166
27	1527
105	224
2436	1
0	154
1010	154
17	213
15	193
0	73
292	0
0	122
0	263
23	269
206	0
18	0
268	3508
0	418
10	3185
248	327
0	327
9165	465
0	464
363	1744
0	82
0	1767
10	179
256	2
55	0
0	6
0	15
879	0
0	915
0	528
0	122
0	55
951	2275
6	1888
0	1015
173	1015
0	0
0	0
0	250
224	1866
0	1923
0	1848
582	733
396	733
3265	4271
6	184
0	392
0	0
1295	280
0	26
0	280
3	0
0	0
0	0
37	6444
0	6438
1	266
3921	6353
165	0
3	18
0	18
542	4446
0	4446
0	1178
4771	0
250	0
0	0
4	0
66	347
0	228
527	514
0	0
3	6
0	47
0	25
17	436
0	0
1	0
0	5
0	27
0	22
1390	0
0	0
0	0
0	1768
0	1777
0	1771
17	1793
0	1203
0	0
840	316
0	314
13542	5956
0	5950
201	1395
326	1395
169	23
0	23
14	17
1967	17
0	0
0	0
0	0
0	1037
0	523
0	1041
0	527
372	1037
58	370
36	17010
0	304
0	17210
0	497
26	3413
1733	3439
0	445
0	0
0	0
652	1
35	676
0	604
4	637
840	14683
76	9198
123	8437
88	14401
17	14
0	984
14	4585
0	4572
0	4590
23	4610
0	392
0	303
0	354
0	294
91	0
0	0
0	0
0	0
2843	3701
65	1229
0	3697
3658	0
0	0
0	0
19	1392
69	1392
59	0
319	1636
0	1632
363	0
38	467
1995	468
0	0
0	3
0	3
0	3
7	3
0	3
4	615
26	476
50	616
4	380
0	415
18	413
11	381
0	375
50002	14
29	118
76	114
0	56
0	215
9	781
33	781
8	83
0	749
0	0
95	157
0	86
70	0
0	13
0	0
103	100
0	100
10	1425
54	1425
0	1424
55	3299
604	3299
0	0
0	182
850	371
4	227
59	2709
0	157
1	147
193	2595
0	0
0	0
0	0
0	13
0	0
7398	2925
0	2920
0	475
377	692
0	684
14	688
21	685
0	65
0	53
106	115
43	92
0	76
3	105
0	0
154	0
1857	848
0	848
905	2748
172	2742
0	0
0	0
1942	14
3	14
5068	4
0	0
27	5
4	1569
20	1617
0	1475
0	1458
0	1049
0	1012
0	0
0	0
10	4
0	0
0	0
0	0
0	17
0	76
38	93
61	1651
480	1651
717	1496
0	1496
5	1171
0	1169
0	435
0	65
42	133
11167	7
1918	4900
0	1826
8	3249
0	1649
1660	0
103	5492
14	2541
726	1669
92	5173
0	0
0	18
591	1725
0	395
0	150
4	138
0	67
112	2450
439	0
0	1
713	0
0	5
0	0
0	5
10	15
0	5
2	5
0	5
2	8
0	0
0	4
0	3
0	6
0	6
0	6
0	3
12	52
871	52
230	0
0	0
0	0
53	1059
4	1056
107	845
0	845
2702	447
9	446
17940	11
5611	1481
0	125
0	505
0	1399
16	468
0	61
0	1448
0	3779
0	3759
101	1196
0	674
558	3
5	0
4043	5362
250	5455
7	4174
0	4522
279	340
0	142
0	332
0	126
0	106
480	179
419	5301
265	5301
0	0
0	0
285	562
331	117
8	24
11	77
0	105
0	77
0	7
0	6
0	7
208	86
0	86
801	1691
0	1690
0	0
0	0
6	0
0	0
111	108
42	0
1	735
0	375
306	211
2	238
531	4852
182	3128
40	1518
0	850
154	1097
0	785
10	3284
21	3679
9	3678
2	4
0	4
357	0
0	0
0	110
712	1232
8	1
0	615
0	613
0	615
0	515
340	0
0	41
7616	319
0	267
238	3085
0	721
775	3084
1	0
0	0
6	1274
0	1105
0	1024
92	78
0	493
0	330
43	529
5	682
1127	1948
58	1686
571	1222
164	1222
245	0
0	688
0	239
897	728
2	216
28	1125
0	745
5	10
0	136
75	136
5	30
1	30
217	83
0	55
4	2
2502	1034
0	1032
7053	12036
1878	2
0	16
0	16
0	23
0	18
1060	0
2241	2
35	2
7	8
80	11
0	11
0	3
0	0
0	1327
0	1383
0	1237
0	1360
0	1299
0	556
5	556
115	452
0	521
0	444
0	523
0	6
45	1
0	0
0	0
0	0
0	77
93	863
0	714
0	701
0	862
0	261
52	273
0	204
0	204
0	202
2	1212
0	522
43	776
0	776
214	617
0	617
6	0
0	6342
12	6880
0	1405
1648	8613
0	15
0	15
16	38
234	38
397	3107
188	4009
44	3763
2	0
0	0
28	0
0	0
55	135
0	63
1582	12601
71	12577
18	702
0	2657
0	12569
0	0
0	37
0	1627
5	20
101	1627
92	0
0	16436
5	11700
0	12435
5	16436
3	63
469	63
43	1
30	168
0	1
11	60
110	3
0	80
0	1005
29	1623
0	1582
0	1633
2492	0
0	0
0	316
152	602
0	234
0	163
0	883
2637	885
1175	880
0	880
2	0
0	0
0	5
12	5
252	115
0	115
2383	4434
0	4539
45	923
653	10
1592	4556
26	74
278	147
0	73
11662	9
26	3845
5926	3848
601	0
22	551
0	229
57	548
0	434
431	2030
0	501
0	1619
143	255
0	255
0	42
23	42
726	1804
0	1804
691	2
62	7164
0	7164
0	38
900	39
2105	1632
11	1517
0	1182
122	2683
1	196
0	2437
0	2683
0	6313
452	6313
1686	1737
0	1032
0	1445
0	6
0	6
19	6
0	0
0	0
0	0
0	0
0	0
0	0
0	3
0	3
86	0
422	0
0	0
0	0
0	0
0	0
5328	2
3	13
0	13
1	662
1775	662
0	0
0	0
3	0
0	67
0	66
0	59
3651	166
0	116
5	49
42	24
0	15
0	24
52	1137
74	1137
11170	19337
8	9204
0	19333
0	76
0	10
1	76
213	0
584	1
86	1675
3	1675
0	3
0	0
0	0
0	1170
2572	1187
0	2995
3749	2998
821	672
24	666
65590	37
0	5992
3103	6003
11	210
50	269
28	690
0	513
196	690
778	1390
797	1390
156	67
0	47
0	20
1	1978
10	1978
0	1978
0	0
0	0
0	20
12	20
1382	0
14	0
101	0
4	2
35	64
0	56
0	64
0	0
0	0
3	5
0	0
0	5
2590	3037
0	3037
0	0
1	0
0	35
0	1118
14	1099
234	1144
3	1144
0	398
574	0
0	2
0	2
0	2
0	3
0	5
0	4
0	3
0	2
4	0
314	1646
3	613
650	0
52	0
0	634
18	788
0	0
136	716
0	716
4	42
0	42
0	0
275	0
65	433
8	565
420	108
0	108
3	0
0	3
6883	3
0	0
0	226
61	226
1133	0
68	1235
0	1387
4	240
42	104
0	48
587	365
0	19
1040	1
2	568
0	335
0	77
65	537
0	446
3	23
0	23
736	0
807	0
232	377
0	323
0	335
0	321
0	326
0	307
0	334
0	327
406	0
0	4
0	4
6067	4
79	0
0	2
8	2
56	2
0	582
0	305
0	326
36	630
0	601
0	0
0	0
0	0
15744	5298
0	511
26	4501
247	1603
200	1732
0	830
60	69
81	830
51820	15260
0	1941
0	11865
4	0
0	2171
1376	2171
0	3309
7953	16875
0	3002
85	16899
3119	2
358	124
609	1695
2936	2
3	10
9	10
3	2
0	2
1760	5819
39	1741
0	5255
0	564
0	2
4	2
234	0
17411	7
4255	3
414	42
0	42
0	1000
147	1000
117	3415
0	3804
0	3986
4	0
882	773
2	773
0	15
0	15
0	1449
0	1034
0	1899
0	1772
1403	0
1500	730
44	0
0	0
184	0
291	364
21	88
409	3445
0	860
0	3056
412	169
0	15
0	15
61	671
785	671
493	0
15	1103
0	1150
2	164
0	158
0	185
0	109
0	230
3	1713
5493	144
0	139
342	509
13	91
0	494
1456	1810
0	1809
11	1809
0	316
4	316
1644	5
53	2690
0	132
4014	343
32	307
1454	0
347	0
0	0
0	0
287	0
0	24
0	862
0	1920
73	2373
0	2377
0	2381
4	0
322	2004
0	2004
150	121
2	121
157	283
0	34
8	47
0	0
527	214
0	214
0	0
0	0
0	0
0	0
0	0
1	0
0	0
0	964
0	4231
87	4231
22	0
516	1
7510	596
0	594
209	0
3	0
3	0
0	8
0	1
0	8
0	185
0	660
0	702
123	0
1297	0
37	41
0	0
0	51
8	77
336	304
6	0
0	488
84	496
49	451
39	495
5	0
227	0
114	1168
3	1106
6	1223
9717	692
79	685
16	0
0	838
20	838
79	564
0	515
0	564
21	16
1530	794
0	756
0	35
0	547
4	533
0	535
19	630
0	756
0	13
0	616
56	742
18	0
0	1
0	0
0	1
1313	945
0	943
0	0
11	34
5	11
8	75
0	75
38	1938
140	11
0	0
0	0
0	0
7	0
207	82
1136	0
100	338
7	72
8	828
0	770
0	846
0	748
5347	11461
1332	667
41	509
9	81
9000	2820
0	1127
413	528
96	1248
32	14
0	0
14	0
1009	167
0	145
3	90
74	76
0	24
188	0
4	20
0	20
8471	3
3	0
0	0
5693	0
909	520
0	0
0	512
0	325
0	0
0	0
0	0
28	35
0	35
3	427
0	367
4	275
113	170
0	133
64	450
0	367
3	290
0	96
0	194
17	1050
6	273
4	271
7	1017
2436	1
5816	6368
3200	6370
256	617
0	216
14	617
22	0
52	14
0	14
902	5599
165	5599
104	0
0	1086
0	1086
62	3713
664	3821
69	136
8	136
127	501
0	501
2647	1
896	0
447	10722
294	10722
1204	136
0	136
1223	312
415	312
444	61
5614	478
0	331
31	185
1122	0
82	541
8	3531
1	259
331	3498
2881	2257
58	336
0	64
44	0
0	379
151	300
0	296
0	463
2393	0
2156	230
0	229
16	81
0	0
0	1660
71	1673
22	104
0	104
210	370
16	23
8	134
951	2212
0	2165
0	1017
1716	1017
0	194
22	213
0	242
48	0
3	0
674	1640
214	1640
933	1553
4789	0
20	169
185	332
0	63
0	200
0	200
1488	615
0	576
0	492
0	0
0	0
0	0
1057	0
3707	1
169	569
3	48
401	569
24	290
2	63
86	6
3101	13
2	27
172	27
9	19
2	7
0	0
0	0
0	8
0	8
0	4
95	0
0	25
0	25
7	26
379	5683
249	5683
0	723
213	723
158	3654
19	3975
0	2976
3031	3
32	0
1221	443
28	439
1	0
19	1852
10	1852
0	187
10	64
0	40
0	187
0	0
0	0
473	0
173	0
1367	2118
0	2058
0	2115
0	2058
0	1
0	1
7	73
0	132
464	205
433	252
17	11
3	7
8	11
2	22
0	22
28	0
66	553
17	623
0	623
0	0
80	0
0	142
1171	145
191	23
0	14
0	22
0	14
0	16
20	16
0	0
0	0
0	0
0	0
0	91
0	545
14	1018
0	1065
0	1003
4	995
212	632
67	2785
14	2768
0	1362
0	0
0	0
0	0
8	2605
2	3
949	3141
0	2282
0	72
20	194
291	280
13	245
0	245
65	12393
2350	12396
0	7633
0	8109
0	5356
959	1
1278	0
61	758
8	737
8	387
117	0
15	0
8	1847
24	4088
612	3814
0	3537
0	3010
0	3537
108	103
0	1972
0	248
890	1972
530	0
560	20
0	20
46	931
0	23
16	63
0	0
0	927
0	933
6	25
230	191
0	190
8	209
0	192
283	0
25	0
0	70
19	71
18	0
395	43
0	36
0	0
0	0
7	11
57	13
1358	1998
0	3529
4	115
204	3529
3	3
1084	2
0	78
145	78
5577	13
149	2
282	2930
30	157
0	73
0	0
2	0
46	0
0	9
9	1
0	90
0	73
0	62
0	90
0	5
101	5
54	164
2	86
657	0
0	0
0	0
0	0
0	0
3854	0
2262	981
0	981
191	235
0	10
0	225
100	13
0	13
13	499
2444	491
16	70
1031	0
83	0
35	0
55	329
12	110
64	361
0	38
0	28
0	361
2	3
0	0
0	3
5866	1060
0	278
5	780
0	0
2695	118
0	118
0	5188
0	7520
1	3991
451	17078
0	16683
174	1
3086	740
0	736
11	1087
40	1025
0	920
0	0
329	91
7	0
50	47
0	47
0	0
4	0
226	1045
0	39
0	1045
2	1020
0	53
32	53
0	0
341	2
543	727
0	0
0	0
139	259
28	259
5	0
0	17
0	5
0	0
0	17
0	17
0	17
0	17
0	17
4	17
76	1558
34	1558
0	0
0	0
0	0
0	0
3	145
10	470
0	213
0	416
0	0
0	0
244	0
2	10
0	0
0	10
71	28772
7	7359
377	14837
0	24986
0	23166
109	0
0	24
0	288
438	288
4528	0
4042	0
1048	2930
353	443
295	600
0	600
3	10
11	34
63	92
25	92
153	128
0	128
0	4
0	4
0	4
0	1158
0	182
520	1158
119	981
0	0
101	28
0	28
0	16
192	0
19	0
6327	8
0	0
0	0
0	0
12225	2136
0	2134
59	76
3916	2
0	177
0	23
7	11
0	13
0	148
27	171
66	191
115	191
708	0
55	0
0	27
4	396
0	394
0	396
4	5
0	5
0	0
0	0
0	0
0	0
0	0
0	0
0	0
1084	0
2	332
2597	332
0	68
42	68
46	0
0	1912
0	229
0	1821
0	2354
0	2015
5	108
16	2156
0	2610
401	3726
0	3605
87	3178
0	2338
0	3333
0	2148
44	0
7	10
7063	5462
0	144
0	1327
0	2301
0	3390
9	0
0	231
1048	3066
179	3066
0	29
4	395
933	561
3	561
6	208
88	13
0	13
129	156
5	134
0	71
0	101
43	101
0	294
191	294
11	0
0	0
7	0
0	0
0	0
0	0
0	0
0	40
0	1053
43	1073
12	17
0	17
0	17
0	7
0	17
0	0
0	0
3343	1349
5	1348
3	5
0	0
5	1815
0	457
0	1797
5687	1178
20	17
0	39
0	27
0	39
5	94
0	4
15	98
901	1
58	0
427	936
4	936
73	936
114	936
650	0
228	405
40	422
0	0
3787	2192
0	1485
5	7
0	75
92	222
2056	738
0	738
0	1042
808	5422
119	5452
8	0
334	4
0	0
0	0
0	0
0	3
0	3
1887	1
166	84
0	15
3	5
1	0
0	0
0	781
1557	783
0	8
13	53
10	53
0	0
0	0
62	347
94	347
0	86
4	14
3	86
0	5858
16167	15935
0	1800
1938	16399
0	453
3750	1571
0	477
2	970
0	0
2	0
245	4058
0	51
0	0
2	4058
0	0
4	2336
1	47
108	47
0	160
11	118
302	148
0	572
2216	572
697	4143
164	4143
5	88
7	132
29	141
38	34
0	34
9	2
0	2
7	56
4	94
0	94
46	0
0	5
81	245
0	232
0	0
0	0
312	0
276	4
84	84
1663	84
0	0
512	1791
60	1791
29	604
0	638
0	638
0	4
0	336
0	66
2	438
0	0
187	89
3	89
19	236
0	236
2781	0
1374	63
1719	0
1343	0
0	4
0	4
39	573
31	573
0	0
0	0
0	1
0	0
0	1
0	1
546	1261
0	578
347	1
0	0
1524	0
313	0
15	865
1	28
0	1568
17	1541
3	1520
0	8
0	8
0	2
0	8
0	8
5	53
246	353
579	438
4	0
559	0
138	826
0	21
0	821
3064	0
21	0
0	0
12	10
0	10
0	4
0	113
708	197
0	84
60	1378
1023	1378
55	58
0	58
0	0
0	0
0	2
0	0
107	1797
0	197
0	169
23	370
0	114
0	487
0	336
0	1803
5	1363
18	1242
138	1166
0	466
21	2240
12676	3587
21	2182
0	2192
0	2191
6	2804
15	250
3	127
86	250
0	657
134	657
3	0
0	0
0	0
0	0
48	30
2069	0
539	5568
226	2074
0	5568
0	0
0	9
0	39
0	39
0	22
0	0
0	2
0	2
0	2
733	87
0	87
14	7
0	7
862	0
3834	0
294	633
0	620
0	626
0	58
0	527
71	525
0	463
38	58
6	0
0	0
0	0
0	0
0	0
0	0
2126	2
0	356
0	394
17	444
9	329
707	0
3	233
40	78
0	76
308	217
874	7
2	4
0	4
0	4
1212	343
38	0
0	0
40	51
0	7
0	18
0	0
0	0
0	0
12	21
1	127
258	148
0	62
3	1
0	7
0	4
0	5
0	7
0	0
515	1069
2	1069
5	0
1365	0
509	5
0	116
236	0
31	0
543	593
0	16
2	102
0	471
0	552
0	50
0	215
39	216
0	195
0	5807
0	615
163	5807
288	0
227	0
0	0
0	46
0	102
25	261
2	251
0	240
0	244
0	80
1	0
35	950
57	2820
0	588
13	667
0	422
40	2480
0	239
0	204
0	243
75	448
6	227
0	338
8	344
6162	2
22	187
2	104
0	196
2	538
0	590
3	518
13	1069
0	1
0	1
0	0
0	280
770	280
2	0
414	0
0	7
0	7
0	7
0	0
0	0
0	4
167	0
38	10
0	10
158	2606
53	2606
0	0
111	939
0	631
106	340
0	433
1354	57
0	47
2	39
1678	7343
3084	7342
0	0
0	211
1748	211
498	3
31	0
0	219
0	9
0	472
0	161
0	624
0	659
202	1289
26	1278
0	1110
0	1108
7560	3070
0	3070
0	0
404	151
2	151
1	0
0	0
0	27
0	9
54	27
0	0
13	77
0	84
0	69
0	34
0	459
149	787
0	692
8	5227
0	266
5	787
14	4946
0	0
9	18
0	18
0	2
153	81
12	7
0	7
709	3734
24	2645
11	2752
2	332
0	0
414	838
21	838
150	0
1199	1
0	2169
0	127
0	224
1007	2132
33	1868
0	1065
0	1243
5	1304
0	1083
0	6
0	0
0	6
0	6
0	6
282	0
777	1
0	0
0	0
522	0
52	1
0	1
101	127
7	12
109	12
41	495
5	505
0	505
34	15
0	41
0	0
0	41
0	591
23	575
0	520
18	2611
162	6329
9	6329
0	0
1173	0
6039	22372
0	2318
2	1390
1111	0
24	58
0	30
798	81
0	39
0	80
12	5791
12916	5796
0	234
0	7
3	10
6	1
5	0
0	0
0	289
4	106
0	328
4	1081
2352	983
0	886
215	0
1786	4
0	1799
232	1800
1464	0
1089	10777
102	5530
160	10657
0	435
18	18
0	419
279	1629
11	1629
1473	8
130	94
4	94
2817	1710
0	1709
99	0
0	0
0	712
21	651
97	582
0	44
59	44
236	179
0	0
0	92
1351	92
312	0
923	1534
0	395
339	812
0	812
3469	854
0	851
0	323
0	270
3	39
0	323
0	1435
0	422
0	3168
0	3234
46	2967
0	2974
0	3349
0	3063
0	3155
0	981
0	161
0	135
3	142
3	0
0	0
0	0
0	121
0	113
2039	234
7	897
20	897
560	51
0	51
111	38
0	7
0	31
0	86
0	77
167	440
0	81
0	96
15	139
0	1050
0	1050
12	0
81	376
70	376
543	0
0	0
5844	1
84	165
250	165
3	122
0	113
45	0
107	3633
3809	3633
4	0
0	0
0	0
258	902
20	915
61	915
0	441
0	0
48	0
0	115
34	115
82	77
3	77
3	46
0	0
0	1
0	0
2	21
5	2
0	21
0	23
0	239
39	409
703	288
334	0
61	0
0	224
42	224
0	0
0	80
41	80
0	186
0	183
0	186
87	2
25	48
1430	107
42	105
327	3
55	0
4854	5409
9	5404
0	489
0	462
0	497
0	489
13009	3931
1	3927
2722	345
18	141
8	204
15	2
0	0
49	22
0	22
267	0
0	0
3081	5
230	2299
18	878
0	343
42	2456
7925	4821
6	4817
0	3694
707	3694
0	0
0	20
399	22
0	22
2685	11
0	10
0	766
0	59
30	0
0	614
30	664
5	2
30	814
0	52
1748	513
0	205
0	435
19	277
0	181
0	24
0	48
13	48
0	0
0	0
0	0
239	144
0	139
0	144
25	883
685	1355
570	1341
4	1434
1929	1545
85	22
0	22
471	0
0	110
0	121
21	321
0	88
0	0
291	0
62	15
0	15
41	1938
83	1967
212	0
0	0
301	360
12	0
965	2666
6	1950
1113	334
10	1488
30	78
0	75
1	2556
6	1487
0	398
7	10700
2	3206
0	7149
19	10926
124	10925
22	0
0	0
15	1730
0	1733
0	1692
1418	732
272	294
0	688
0	681
0	655
21661	21
2550	117
49	117
0	160
45	0
76	160
0	64
477	29
22	5
0	5
102	0
31	103
113	103
0	401
22	653
0	651
0	662
1	0
0	0
0	0
0	0
7	0
0	108
203	108
1145	4
0	1321
0	1190
147	1329
404	0
2086	834
22	421
0	779
0	467
1185	355
6	354
1564	68
0	61
50	425
0	425
16	0
0	51
1096	1576
0	120
94	1600
0	0
0	6
0	6
0	26
0	11
0	26
0	7
297	2722
1364	2722
0	258
0	597
55	1976
449	1975
0	564
859	120
51	1795
775	2479
0	0
724	1508
0	75
0	129
0	0
0	1275
0	1510
0	0
8	58
0	58
174	2580
28	2451
0	1822
0	2587
22538	8
0	355
113	377
2	550
23	435
0	0
0	10
0	10
0	1
0	30
0	30
4538	5
0	230
0	248
528	248
13	113
0	113
0	1
0	163
0	163
0	168
1	172
0	168
8	130
1	193
1	172
637	702
0	496
0	149
1286	1841
0	1841
2	0
0	5
0	5
798	0
0	0
0	0
393	185
0	185
0	367
3541	1239
18	869
1647	512
0	0
0	53
68	53
1222	1421
0	1506
0	1462
0	1425
0	33
0	23
4	24
0	0
227	170
0	163
0	143
2	0
0	0
399	45
1557	0
518	1
324	4
0	9
0	9
0	9
2	0
0	0
1410	4
0	0
1	0
0	0
0	0
43	308
22	308
22	3029
21	11
0	11
41	0
0	0
0	0
0	0
0	0
1153	2482
1872	2482
169	1511
9	1511
69	700
0	1061
0	1040
0	1031
0	1022
0	1007
3	0
847	318
0	542
0	5068
1	5514
0	5690
76	3873
0	0
0	0
0	0
0	6
0	6
0	0
1825	324
43	324
0	69
0	93
2681	160
0	0
619	101
27	101
0	20
0	20
52	989
0	0
0	0
76	0
127	5648
0	499
22	7482
35	7567
7	7592
5063	0
0	44
0	153
12	197
160	950
1	22
4	93
0	950
0	515
78	786
0	753
0	5
0	5
263	0
75	197
40	197
0	0
0	0
36	25
0	13
0	0
0	13
53	0
0	0
0	0
0	0
0	8344
8	5100
53	8344
0	0
0	0
2	144
0	695
150	806
0	589
0	179
0	1706
13	1706
16	374
152	69
11	0
0	0
68	1954
0	1905
5	1914
14	0
0	260
0	6064
0	11165
247	11165
0	6063
8	249
404	249
0	21
0	21
158	230
0	68
0	41
0	230
30	0
0	0
0	0
0	0
533	684
0	0
3538	4446
9	4446
0	0
5	0
0	67
3	606
0	74
0	612
0	603
54	452
68	452
1801	1437
0	1325
0	0
1005	1925
0	230
347	1904
0	0
350	54
0	54
65	248
0	28
21	276
11	2404
26	362
11	247
0	2349
0	2293
528	1121
0	0
0	43
0	47
0	47
0	0
598	0
890	1955
8	1955
6154	5
11	322
113	322
25	1298
17375	6089
344	4783
0	54
16	54
0	0
0	810
1	312
0	376
0	256
4	190
141	1186
32	185
421	181
23	37
0	37
0	22
0	159
0	771
4	791
9	791
10	0
0	0
0	729
31	1671
89	1750
0	1750
2070	809
0	306
0	495
3	2184
0	0
0	0
6	831
958	1182
4	390
36	2707
290	374
0	31
131	360
0	0
77	308
10	278
191	301
104	540
0	1523
1756	5571
0	5571
1	2164
0	2632
1709	2935
0	876
32	2362
0	900
7671	3654
9	3654
230	2007
0	2007
1	56
0	29
0	50
2578	4
0	0
0	0
1799	6
3242	982
11	696
0	1009
459	8090
17	7055
0	0
0	419
0	419
18	447
0	438
0	1308
344	1308
6	0
0	428
0	71
39	444
0	148
0	0
486	0
954	51
178	996
2	55
0	113
213	1109
1225	0
3	22
0	22
36	1
86	122
0	122
0	0
5224	1822
66	937
0	885
0	0
0	0
0	0
2623	1
0	0
3837	3272
59	1127
0	67
0	1127
8	11
572	16
3	16
2544	0
3549	2
1652	1112
0	0
66	2732
89	571
0	145
0	571
4560	3
0	719
465	1043
0	1
0	15
109	16
0	0
0	0
1	0
611	0
6	24518
4	6722
94	4886
0	2425
548	4514
2	23146
0	23060
0	208
101	644
0	560
58	17
0	17
1	2828
0	283
382	4020
7	4021
14	0
38	296
0	841
18	841
5	4
0	4
3	0
0	0
122	0
217	360
0	347
0	56
92	0
0	170
0	170
20	0
1588	0
110	168
92	87
0	87
0	49
4	10
55	2595
0	2660
0	2536
0	2575
4	2571
144	324
0	0
3	0
6294	4
49	30
3008	667
0	667
2577	86
0	86
761	0
0	0
0	0
0	0
4330	6
18	368
1563	4115
0	0
90	841
7226	2025
2898	1
18	10
15653	16
245	0
3	21
15	85
91	244
0	5
0	6
0	11
0	10
0	10
714	4
5970	3
4	1876
306	561
0	166
0	481
160	72
0	72
0	8
0	8
0	0
1546	2605
0	2606
0	2606
1	1873
67	1706
0	1746
349	217
29	217
0	822
231	4842
0	5032
6222	13902
74	297
0	297
0	297
16	0
407	1232
0	1232
0	528
93	528
0	0
3	37
8	2629
212	365
0	365
0	0
0	0
0	0
0	12
0	11
0	86
0	86
0	86
0	1736
0	470
0	2784
87	2778
33	0
457	93
4	93
0	0
0	0
0	0
0	1311
0	1988
0	2084
0	2
0	2
686	78
0	28
5	54
0	54
609	2600
0	109
59	2
33	2
126	266
27	275
5	218
65	1918
2	1539
0	85
65	87
0	123
1	32
0	32
0	159
1352	2263
0	3924
414	3952
0	156
10	132
0	59
9	425
5	425
2628	4
0	1023
81	1023
1120	0
660	0
5	0
1364	407
0	0
0	131
87	131
233	1917
0	1580
11	1761
897	173
0	651
173	138
259	789
0	651
669	0
1	53
0	50
0	50
0	61
0	4
9	694
18	71
743	694
0	0
3328	496
0	7
0	488
349	195
1	195
23	15
104	1020
53	219
23	292
0	903
0	1
0	1
5111	5588
0	5586
142	0
0	0
1784	1168
0	136
0	400
0	716
0	1283
251	1283
313	0
55	248
0	248
0	0
2874	3
379	1331
289	1699
4944	1
0	22
72	0
0	22
47	46
0	47
166	825
0	33
0	825
0	0
0	0
0	0
4	9
0	6
0	11
2	699
36	843
14	522
0	137
367	137
44	91
0	19
0	12
0	91
0	2
23	2
110	162
0	162
1214	0
2	0
6	1
2283	752
7201	3
487	0
7	996
0	982
6	92
0	567
0	618
2	231
0	107
0	477
38	588
1253	1287
0	1285
0	1327
9	10
0	2414
720	2414
7	16
0	16
15	54
7	0
204	2207
0	2396
2	1837
1841	254
0	251
4	98
64	1817
0	288
0	1813
0	1751
0	22
164	22
0	701
553	3606
0	1355
718	3131
0	518
0	1284
0	1451
0	55
0	13
0	18
0	10
0	0
0	30
0	48
7	10
0	20
0	20
0	0
7121	277
360	276
61	4
0	4
122	122
0	122
0	0
11	0
1248	150
119	150
735	0
0	641
248	1015
72	1019
0	10
0	5
115	10
0	1
957	1685
112	1683
0	32
0	46
291	10
0	10
67	255
0	250
0	246
1060	0
0	387
5354	394
291	0
40	144
1324	3035
7	349
3	194
52	2858
0	39
0	80
15	616
0	25
0	597
0	363
71	0
38	88
543	1594
413	20
99	1577
0	22
2012	2
1279	0
35	1055
0	146
7	1064
0	0
29	15
0	15
0	0
8	0
3	59
1152	1511
5	1510
939	3673
0	130
0	1
287	4
968	3682
384	0
0	6915
229	749
6879	6778
208	0
0	0
1487	980
0	40
0	42
0	42
1021	1
506	0
0	0
1	0
87	0
0	0
0	0
1348	0
0	0
2233	4
18	0
0	234
160	242
0	0
0	0
0	0
0	0
486	0
191	117
0	117
225	26
8	26
0	91
332	91
523	0
84	4
370	940
0	940
0	4
631	889
0	889
0	178
922	1457
933	1711
0	53
23	250
0	221
0	73
255	346
0	281
3	231
6	1
0	1
15	63
0	32
5	59
0	0
113	126
0	17
0	18
1	0
259	12
108	326
92	338
6	830
2	819
9	12
881	0
9	0
2814	234
0	229
0	20
9	20
0	458
85	424
449	0
3071	970
0	9640
12389	20769
23	15802
58	1444
0	1458
0	222
41	1461
65	94
0	28
2	94
17	42
77	42
20	41
2	4675
0	2454
5	8643
9192	11846
0	5054
592	386
2	386
4110	41
0	0
11	137
203	137
394	18611
25918	18618
43	535
0	514
0	4
86	66
8	66
0	8049
0	1433
3	7891
0	7672
0	7603
1673	442
0	442
1	6
0	90
0	133
0	169
535	264
0	144
12	31
13	31
0	0
89	434
0	112
771	1285
722	11
0	11
156	439
0	439
0	0
0	0
0	0
0	2
10	0
691	2085
0	2085
496	299
0	19
0	0
5	145
0	118
4	92
0	5
0	5
0	4
73	1663
1754	1663
966	911
0	0
0	0
1670	0
2698	0
5	1282
2	877
1532	189
2897	192
37	99
0	17
0	159
0	163
0	0
0	0
15	0
92	4161
0	4054
0	4170
0	4172
0	0
6413	3438
0	3436
180	304
11	304
0	217
380	0
0	9
0	9
0	1006
60	175
757	1006
0	0
0	0
696	1
8	0
0	0
762	0
0	190
325	274
0	212
0	1201
61	1215
0	1215
0	21
0	31
0	27
524	0
2394	233
90	233
0	0
0	170
801	170
3	0
0	0
0	2
0	2
11345	8
8	0
416	834
27	0
96	0
0	0
258	3466
275	3466
406	169
0	0
2086	3487
0	2908
4	3227
0	1002
65	1597
43	1459
2	1106
426	0
0	146
0	26
0	112
0	146
0	116
0	0
21	0
0	185
0	1031
1	3479
7	3165
226	2489
0	31
0	2458
0	0
524	1769
76	1883
10	7548
66	924
17	904
0	904
39	7371
23	1927
0	15
0	2181
0	1147
0	0
0	0
1364	505
28	505
0	0
13219	5209
0	0
0	3
0	0
0	0
0	0
0	3
0	0
0	14
0	0
34	0
0	942
134	1046
0	0
927	0
0	0
0	349
22	309
56	0
11	155
42	1658
0	1658
0	1622
14	212
0	11
3	1253
32	6
5	2249
2173	2753
0	924
95	438
75	0
15	274
0	0
422	1932
34	111
0	1656
0	1605
0	1893
3256	14
367	283
0	283
0	2
0	34
0	34
0	23
3	5
225	23
66	13
0	13
405	1546
0	585
12136	1276
13	440
40	10418
702	11822
63	2151
254	2212
0	34223
574	31321
4110	0
0	207
0	3480
139	3833
28	3296
0	326
3	0
0	0
19	3
225	15
959	369
26	330
1	35
10	0
0	73
285	73
0	73
702	4467
289	4466
0	4182
219	0
0	0
0	0
0	0
0	0
0	8
0	0
0	8
0	53
57	3625
0	538
0	3443
17	175
1	31
0	171
2	45
5	10
0	0
11	45
25	0
0	0
36	0
6581	4
2599	3
821	10577
3	1908
0	170
20	10531
736	407
82	78
0	33
0	78
546	0
288	4249
0	924
2	3757
76	12
700	844
0	526
0	831
311	0
1053	6668
0	205
0	2226
3	258
1	5480
12	0
2094	6
2525	17061
297	1776
0	276
123	16277
84	1772
7155	4047
0	3820
0	1326
2	62
58	1203
45	1152
0	39
7	1154
0	1223
0	1289
97	69
0	69
0	14
0	14
0	8
15	29
0	31
0	30
229	61
0	2
0	2
0	2
3442	255
0	255
245	0
0	0
0	0
0	0
0	178
104	179
1472	318
0	17
2	312
996	1926
0	1172
91	1819
1116	0
0	0
541	2747
0	2747
13505	78100
127	77025
5034	2568
0	2561
10	0
885	284
58	1286
29	1286
1011	0
0	0
30	2
0	2
3	0
0	0
0	0
33	332
4	332
0	0
720	892
0	892
237	0
0	728
54	987
2482	976
69	6008
263	8385
0	7965
14810	3
0	0
0	26
78	26
80	0
2	0
0	1
14	0
0	0
72	1159
0	121
0	1159
1150	4
286	98
0	98
262	4293
0	4293
0	0
219	0
4	0
0	0
0	658
2295	658
191	0
0	0
0	0
2884	13
0	10
89	0
0	245
0	219
0	242
301	0
820	134
0	2
0	0
0	0
0	0
132	749
0	749
111	162
0	1010
28	106
3	1052
0	1010
48	47
0	35
10	28
389	330
522	0
0	3
0	3
0	3
45	0
0	135
253	739
29	251
14	6
0	739
107	0
0	4014
137	3909
5	1545
595	79
0	3006
6181	5056
54	4914
0	0
73	0
0	0
0	0
0	0
0	0
33	50
0	51
38	81
3285	185
0	0
0	0
126	58
0	58
26	657
1	50
686	0
200	846
0	133
1072	145
231	144
22	232
0	117
8	0
1	0
0	0
0	0
69	565
5	629
0	295
0	629
11	0
1950	0
0	0
165	967
0	1314
0	382
2819	1314
0	0
0	0
0	0
149	56
17	58
3101	1068
0	959
22	108
46	236
10	236
24	1185
0	434
17	1098
22	208
128	208
0	55
355	8
54	2394
0	2585
0	1211
0	2577
59	844
29	844
37	2175
0	560
38	1888
9	0
0	0
15	0
11	18
0	18
0	171
41	156
3	152
0	161
0	0
0	0
420	350
0	212
34	465
0	517
0	314
129	982
0	7
953	570
0	570
0	0
29	8
0	103
1183	676
0	139
49	3
494	920
24	388
0	228
0	341
0	201
0	0
1762	1
2805	6593
0	0
0	0
0	5
6	10
0	10
288	390
0	8
0	390
0	378
0	567
54	609
112	669
0	82
53	82
303	0
292	226
0	226
2	236
0	235
807	561
2	561
154	731
13	739
10	86
0	73
0	82
21	240
12	216
27	166
0	126
0	166
38	0
29	310
0	310
300	194
0	31
0	66
0	88
11	88
86	334
1	58
1222	415
20	713
23	40
2	202
0	22
75	189
104	104
0	104
280	0
27	0
709	114
28	11
0	1260
5	1260
0	0
668	0
0	0
3	0
49	99
7	99
0	860
0	782
0	866
2	907
0	9866
8640	9868
0	31
0	31
110	689
0	153
6	721
5	6
10	494
0	505
0	1
0	1
324	0
0	0
0	0
0	0
54	2
8	0
0	0
0	0
0	2
13	259
0	327
1117	1887
273	1847
0	1105
0	707
0	357
46	8038
41	719
4	7760
21	0
10457	8
536	0
27	0
0	33
0	33
24	0
0	108
0	241
36	288
2196	0
402	1
76	0
0	98
90	98
506	2595
379	2068
26	85
8	85
2114	0
0	0
0	0
0	97
2	91
0	79
0	57
569	756
3458	764
261	0
0	0
0	0
0	0
0	0
337	0
31	21
10	21
0	0
0	15
31	43
2290	0
0	0
1294	1
0	132
0	158
884	305
236	0
0	626
799	1137
0	769
0	0
34	276
390	578
0	514
13	71
0	0
84	10
0	10
117	1048
104	1048
690	0
0	0
0	0
2272	315
0	313
1534	1
48	978
0	978
0	0
1	0
223	0
95	551
0	551
0	0
0	32
0	9
0	362
136	691
3	644
0	0
0	634
0	620
0	238
0	34
0	0
0	0
0	0
0	0
0	519
3	103
1	185
0	16
5	73
0	757
0	758
0	0
0	5
78	5
4682	39
25	36
0	213
1	140
0	107
0	127
79	169
1	0
0	0
27746	5214
0	4851
0	506
0	4929
0	4675
80	520
0	465
191	243
0	85
31	243
0	0
7	607
7	509
19	595
7540	2
14	302
38	1070
0	319
11	1183
58	1402
11	1441
1360	1682
0	1646
0	0
0	94
26	90
0	94
5384	2289
34	428
0	2288
0	122
0	186
0	186
0	65
0	172
42	242
0	63
0	33
0	21
26	73
3	244
173	244
7	0
3	0
0	312
1	0
0	35
3	113
61	931
0	773
9	929
0	0
0	0
1187	0
0	6
0	0
0	21
2	165
0	71
185	236
0	244
1280	1095
13	332
61	1143
419	76
0	76
0	1
6	1
4	1632
3777	1632
0	0
111	0
0	0
0	0
2557	1
315	25
19	25
0	14
2485	308
1	308
636	337
0	337
0	141
0	31
0	209
0	309
0	283
0	210
7	309
25	0
2393	1389
0	1389
8	0
0	0
492	736
0	736
786	147
9	147
49	939
220	942
2852	635
0	634
652	688
31	688
610	0
58	117
0	117
3	1615
19	118
72	1615
5303	0
3656	3859
0	1
0	37
0	37
77	1528
0	1607
3243	2166
0	0
0	5701
7	5034
5	1437
898	2841
0	0
24	0
75	109
2	0
0	109
0	0
31	41
445	3601
42	615
0	4
0	3601
5	41
0	68
15	235
0	227
0	2
0	2
0	21
0	21
563	70
0	70
0	3601
9839	3608
0	0
0	6
0	0
0	6
86	59
54	376
0	376
3	179
1367	1571
0	1571
712	299
0	296
0	567
247	2854
0	2
0	2
7	0
106	435
9	435
2	25
27	25
76	135
0	645
155	645
0	480
131	6928
82	7365
346	0
260	0
20	0
0	2008
3967	2494
0	1380
1	3
0	673
0	682
0	703
3	0
659	629
7	28
11	89
57	128
337	128
188	0
6101	2
779	0
315	0
536	638
0	351
0	429
7	0
0	0
0	41
0	3
0	42
1109	120
4	120
843	355
19	355
428	0
25	0
635	265
15	438
58	45
0	37
85	750
3	750
278	519
8304	4313
0	4306
186	244
39	207
0	101
0	182
365	14
0	14
8	9
0	0
16	247
0	247
23	279
0	279
0	279
20	271
907	0
0	0
0	0
0	0
0	0
3	514
0	492
0	0
0	0
0	0
31	34
0	0
224	2263
1105	2263
7	81
11	229
0	0
621	1
533	0
579	876
44	15
5	15
0	1
53	0
39	860
2	137
0	851
0	6
0	6
0	6
0	121
0	20
7	62
807	0
4	46
0	1604
144	1649
0	0
0	0
0	0
497	419
476	0
13	5
0	5
0	196
0	1024
368	1036
0	499
0	0
302	407
0	407
0	160
854	1474
0	440
0	1226
22	1452
50	81
0	0
0	3461
0	791
27	3461
360	32
0	0
575	163
6	88
1	88
89	48
0	0
0	0
0	0
0	0
345	1628
0	1627
50	498
0	498
0	0
0	0
116	44
2	159
57	357
2	261
8	353
0	0
1216	247
0	247
0	0
0	0
25	146
0	149
0	148
0	131
7866	4057
8	544
2	3783
2596	2
67	287
4	287
0	0
1	20
0	15
0	0
0	2342
2734	2346
0	638
7	101
0	578
0	0
0	0
0	367
771	4165
4	211
180	4030
4310	3
6	0
3	998
8	113
63	170
0	174
0	111
28	965
252	430
0	430
0	37
56	495
2	487
4	8439
4372	8445
34	106
0	106
844	0
2463	0
200	478
776	478
1420	3
88	139
66	97
622	4780
102	4773
0	82
0	82
43	2
0	2
49	264
319	2628
111	3646
1545	4771
1	1474
12	46
0	2
1	1103
45	168
6	1432
1115	2535
2996	3287
512	3287
1	45
0	45
0	0
4	0
0	3
0	3
196	175
0	175
5	4
8513	3
0	0
81	178
363	569
1	494
3	10
0	10
825	0
885	0
264	1249
953	1249
0	4
0	0
0	3
868	3
567	176
775	0
2058	835
0	835
0	0
0	36
0	45
41	81
40	0
0	418
344	418
1747	530
33	530
0	493
127	3668
727	3475
7	3617
0	3593
651	0
19	124
0	53
149	131
210	1900
0	657
57	1816
0	2022
724	2056
0	2056
26	505
0	51
152	508
0	0
13671	1
24	1221
2	1221
3	19
0	317
196	317
0	78
0	83
0	82
127	85
0	0
3823	0
136	2151
93	2151
13	81
3810	96
0	96
0	4
0	4
2666	0
0	0
0	0
151	529
108	528
70	187
7	187
1	0
0	0
0	0
2073	960
44	384
4	74
1304	186
0	186
438	11375
33	827
8	11050
268	610
14	528
0	412
0	4
0	4
0	4
33	73
0	0
0	119
3	71
10	152
0	118
17	118
0	0
10	29
3	29
27	124
0	187
0	178
671	3
1167	1
535	754
5631	758
772	4
0	7
0	48
98	48
642	84
0	84
0	3
374	1203
1971	1203
0	0
0	0
4	3
0	3
0	0
18	1030
0	31
0	1035
0	296
0	29
7	3
0	281
0	283
0	218
0	279
0	292
8	0
0	22
0	112
290	134
72	395
88	383
0	163
4	0
0	0
0	0
34	273
1885	273
877	0
0	0
0	0
42	3
0	3
80	0
8	2188
0	3052
953	3545
0	3843
0	2246
0	522
89	45369
186	4917
0	44540
30	43625
1862	44407
0	0
2	0
0	0
0	7
0	7
882	2051
48	375
8	375
0	35
13	29
0	29
5	0
0	0
0	0
39	158
0	158
636	2726
6	44
0	49
3	26
0	42
0	8
0	69
526	70
822	326
0	6
0	4
0	6
2793	592
0	590
17	358
45	663
4	663
0	0
0	0
198	467
0	4335
4	4399
21503	8887
5	1471
17	2338
272	2427
0	784
0	2427
366	0
747	8923
2700	8924
37	221
0	49
0	0
0	0
13	0
547	568
1443	568
154	0
1424	0
6	0
0	4
0	0
28	3831
5	3831
31	411
0	64
4	1284
1911	2028
0	1745
29	736
0	22
7	740
0	0
4	0
236	0
136	2787
8	2768
0	7
0	206
0	58
0	66
0	74
0	186
0	185
166	0
512	885
0	885
0	425
36	239
3	344
0	344
0	0
5	542
2520	0
0	388
0	331
1688	515
799	455
0	1319
0	418
0	529
342	6149
18	6543
22	333
4680	333
221	5989
3	5989
0	6056
1826	6059
0	0
0	264
0	0
0	144
0	229
20	625
0	672
437	644
429	138
3416	2
9904	3437
0	3433
0	3682
1	4307
7	1349
36	6199
0	1739
55	6564
0	0
145	1753
11	604
0	1753
20	88
12	88
15	1649
279	1743
154	38
41	0
0	0
5011	45778
5	178
3	256
2279	258
431	0
0	9
109	20
0	20
0	106
210	106
2	99
11	604
0	3767
0	2198
0	1480
7	524
12	97
0	329
0	3551
0	3770
0	3942
38	142
2	234
36	0
8	104
0	160
2531	827
220	842
0	19
44712	44434
783	35650
1664	38143
0	7920
441	660
0	660
16	167
0	167
440	3
263	303
151	303
68	0
5	306
5	100
0	0
0	0
3	0
8	0
68	137
0	6
15	30
163	2876
125	2876
8	0
0	0
1271	138
0	138
12060	2
21471	21
1915	65
0	64
0	56
4	67
0	14
6	87
0	1
0	69
0	20
23	32
0	22
0	16
5	16
0	31
103	1312
178	1342
0	0
89	584
0	584
1638	0
0	0
0	69
0	74
0	1
0	13
0	12
0	16
130	1212
1148	1213
39	316
43	316
0	199
154	270
3026	0
153	2122
570	2116
0	0
0	0
1	2
0	0
0	2
30	64
88	64
3375	0
72	0
316	2738
835	2652
23	84
361	0
80	2
1361	6
5170	2417
177	0
13	63
159	4959
40	4869
0	23
84	441
0	441
199	2968
438	2968
0	286
15	164
15	286
0	286
0	0
3	0
7537	4
1454	348
0	348
142	0
417	0
1	4159
0	4128
0	3954
685	5625
0	0
0	0
647	297
0	178
0	297
1287	404
0	404
1386	0
0	0
0	0
0	0
0	0
12	54
0	54
0	8
133	970
9	970
0	118
0	0
0	0
140	0
7	3722
3375	4070
36	2587
0	115
2	115
521	0
1457	2
15992	13729
757	536
0	536
54	1117
3	1117
1972	2806
23	108
0	104
2012	0
303	769
31	732
0	155
0	189
1768	440
2	176
7	197
4	422
0	332
0	89
534	27
0	27
1888	8340
0	8336
0	0
50	20
1232	21
971	1014
661	225
0	57
0	188
0	448
1388	448
211	104
0	0
0	0
0	12
23	18
2	426
9	385
0	118
421	322
3747	619
0	616
6784	2
357	0
48	1081
65	1081
814	100
0	42
0	3
27	44
0	2
38	15
0	13
104	1258
0	201
0	1149
3387	0
39	1592
2	551
3	1496
0	887
0	502
0	649
102	649
0	8
0	8
106	0
176	739
112	739
10	16
0	173
0	6
0	685
0	19
0	913
0	831
0	901
0	4
0	0
1183	519
0	91
5	13
0	488
8	0
324	718
0	141
2	718
283	0
0	3
33	97
0	62
21	310
0	294
7	2
0	2
5	0
307	14900
836	14898
31	14829
578	319
172	0
186	38
0	10
0	3
0	3
2	51
0	51
0	15
0	15
0	15
0	15
5	0
0	0
0	0
80	98
5	40
142	218
2	178
33	1467
5	1467
7	0
16	89
7	20
0	20
0	35
128	35
0	0
138	50
0	50
0	2326
0	3359
9	3221
0	3433
0	3245
0	3260
3	2411
241	13731
0	2896
87	13262
0	12235
1	8346
11007	13721
7	138
9	154
456	12
0	1518
0	1276
38	7947
248	2563
0	4909
36	7869
3004	2
1254	3
0	826
6	2704
0	3047
81	627
4008	7601
30	1586
1	1507
0	201
62	7478
0	6234
7	7475
639	1817
0	1817
0	164
348	320
12	156
0	0
0	0
19	0
0	12
0	12
231	20
0	182
0	214
26	770
0	449
56	770
189	242
325	609
0	839
83	831
253	250
207	249
0	0
54	76
0	76
13	78
1811	0
0	0
3	0
0	51
0	51
455	465
0	224
0	0
0	4
0	0
6	2472
295	2472
0	94
52	267
0	370
0	219
0	588
314	1186
240	1186
112	399
2	223
0	201
5867	9
176	930
0	45
1	903
0	0
0	0
0	538
0	7
583	3262
87	3290
521	1
0	0
13	35
2	175
62	35
0	63
323	320
0	0
0	2005
63	2005
0	215
0	966
3347	5
0	0
1935	0
1098	8546
0	8212
1073	2
0	0
0	0
0	0
0	0
164	0
3457	1215
0	99
0	66
0	29
0	49
280	210
0	3
8	527
0	219
0	348
2170	2966
0	2609
0	2654
207	0
0	0
174	0
69	0
0	6
0	1
0	26
0	26
0	117
0	111
15380	5
691	862
163	282
0	268
1	0
3	80
53	199
0	37
0	199
0	194
0	194
0	11
0	8
2	203
0	8
3680	14577
2	1254
4	0
0	0
0	0
2107	0
0	0
0	0
805	584
351	516
0	198
148	907
0	1802
109	1650
27	4903
0	11222
1268	12709
17	3542
33	216
3	0
0	0
468	2
0	0
0	0
0	0
0	0
0	0
5258	1101
49	1097
1	1
0	0
0	53
0	54
447	239
5	239
377	284
0	284
15	184
25	184
0	19
0	11
0	19
0	11
256	210
0	244
53	0
48	54
56	0
0	0
210	0
62	30
0	30
1888	320
0	163
1	53
4	157
3	2215
0	1910
0	120
19	2457
0	2212
0	2387
7	2464
0	2087
87	0
2050	4859
0	4858
17	201
0	0
51	1088
9	1010
96	1120
374	1485
0	1485
25	82
0	36
20787	51245
0	0
0	0
0	0
2027	1666
11	1666
0	1666
14	0
7	0
0	0
0	0
165	408
0	133
7	406
0	380
0	16
8	16
0	83
0	69
4888	3
324	796
343	796
17	0
85	1235
0	1235
9	766
0	45
0	213
0	210
10	23
148	420
0	236
76	132
76	0
66	40
0	438
117	0
88	81
9	208
0	217
20	632
71	647
234	844
401	43785
0	43706
0	7977
0	9345
0	8976
24	135
53	213
361	2126
0	637
0	2126
45121	16
0	4
0	0
5	4
156	152
0	3
0	0
0	149
0	6
25	6
0	375
0	196
0	0
287	804
0	271
0	9
3730	619
0	442
2	228
0	1
0	1
0	1405
1057	1405
794	1137
0	1136
115	2
0	84
39	105
0	91
287	283
0	0
0	300
0	52
112	0
2115	0
894	0
670	1
19	0
424	0
116	10
0	10
0	532
784	534
3459	8
1335	206
33	151
0	0
420	232
907	0
0	0
0	0
189	472
0	884
0	241
0	764
0	676
0	710
0	676
88	0
0	22
0	22
0	22
740	0
105	0
47	72
0	72
0	3887
0	156
320	3887
0	0
2579	2
0	8
0	8
0	0
0	199
0	225
248	225
5	17
0	17
11	0
8319	2
36	0
0	386
1044	625
0	168
1174	168
0	64
0	64
0	70
0	0
0	0
0	0
0	0
0	0
0	0
0	0
1	0
0	0
66	788
0	788
213	141
9	143
18	89
918	4741
0	191
0	670
0	297
0	4051
0	4073
26	3905
57	4759
863	393
0	271
16	344
0	0
0	0
21	0
19	13
11470	2
0	0
0	123
6	113
1234	4
1156	2
35	331
104	898
314	1014
0	653
148	212
0	27
0	91
0	23
0	91
0	4
9	34
11	87
0	34
0	19
287	541
0	171
2376	0
1594	1520
0	1519
197	1201
253	1201
604	1083
9	70
49	70
0	9
153	947
0	947
0	45
2	66
98	1187
646	1193
0	45
197	45
24	310
67	0
2	1092
0	854
1958	1774
10	2986
430	2863
0	2642
1256	2421
0	4
0	0
0	0
0	1604
0	1679
103	1679
776	4355
758	4353
11	0
12	554
0	19
1	535
465	0
0	32
437	44
16	224
3782	6
588	0
51556	31
30	0
888	153
0	151
3	0
22	17
0	17
162	831
216	831
66	53
0	53
2	96
283	1029
65	1029
1096	1052
0	160
0	997
0	966
0	858
0	369
0	976
0	12
7	12
14	29
0	29
0	178
0	1055
19	1071
0	766
4	876
520	52
0	52
0	0
1099	0
78	110
162	110
505	151
99	0
54	22
0	22
27	13
0	13
0	0
0	36
109	36
611	845
0	845
8914	3
0	3
5	3
0	421
0	797
0	752
0	435
0	9
2	601
40	913
14	812
40	644
6	0
0	0
2327	449
0	362
0	220
0	0
0	0
2411	1058
0	255
5	803
1	20
0	19
0	4
6	0
0	84
0	0
0	12
139	148
9981	13685
0	13569
0	8955
0	160
530	161
0	65
2	0
16132	9
155	2
30	2
356	445
282	41
44	0
2462	4340
241	0
3	504
34	1214
3	490
722	1348
1054	1654
2967	1658
0	0
5	168
2	106
0	106
3	94
8707	2
0	8
0	8
150	0
59	0
54	0
1	0
0	0
0	0
355	1215
2716	1
1280	0
129	95
0	95
0	0
0	0
484	947
0	261
4	2078
0	123
0	53
0	2851
0	2935
0	1359
0	3036
153	0
1115	1691
5	1691
6	1691
0	1691
0	0
39	4943
117	4943
558	3939
548	7423
6409	6729
0	19
62	19
13	3720
5	9881
36403	14336
0	4423
2339	3
0	1012
969	1012
0	30
0	981
0	38
0	953
0	1063
14	1055
683	0
0	0
0	0
1805	3
6	873
3	990
488	0
1235	0
0	145
28	134
0	31
0	226
715	307
0	101
9	153
0	226
0	9
1	9
0	64
0	0
0	3
1551	0
0	0
0	0
0	0
0	0
0	0
0	0
0	0
0	0
0	0
68	151
0	151
0	188
417	188
0	0
0	1017
292	1017
0	0
2	1
0	0
70	0
156	655
0	14
0	665
0	666
0	655
0	558
0	634
0	0
0	0
0	0
23	3
0	3
92	0
0	0
0	846
0	718
91	3598
0	3806
0	1196
20	782
174	553
0	465
0	5993
0	5451
0	5481
0	10340
0	5772
92	5372
6	9269
0	9137
0	9665
6	9350
6222	151
0	149
1339	768
0	768
50	321
0	321
2	251
0	0
0	0
1	0
35	0
1057	0
3557	27579
956	27864
382	27162
67	911
10	17068
11	0
0	0
27	290
1062	1357
87	760
0	904
200	0
361	0
0	0
0	0
1764	3
0	0
1471	33
0	31
0	9
27	13
224	20
0	70
0	70
0	5
32	5
45	1458
0	573
1303	1371
0	0
641	110
0	110
0	0
255	119
0	119
0	0
0	7
17	9
0	2
0	7
1268	0
184	154
83	154
0	0
9	0
9	0
139	0
304	8
187	836
8	203
349	742
0	515
3	55
0	54
88	47
0	2
1	28
0	28
0	394
902	1886
0	0
5	0
27	68
0	174
0	174
546	5
5246	7
1	10
0	2
27	44
0	51
93	0
1520	2
0	0
3	0
22	13
4	119
0	111
14	119
277	0
0	0
259	0
0	0
706	552
0	552
127	1639
25	213
52	213
1330	0
2631	491
69	487
273	65
0	65
156	0
4078	1
0	60
0	68
0	69
0	69
0	68
0	0
1601	1
3	458
1	229
5470	1
10	2
74	135
0	0
0	0
15	38
0	38
0	523
2	218
6	168
144	952
0	0
1317	0
0	690
56	690
137	0
2337	1
0	0
0	0
1917	0
88	14
0	14
3521	338
1743	340
0	340
1	49
0	154
0	1398
0	139
0	1409
0	1552
0	1486
76	1369
16	341
0	196
13	196
0	134
177	505
0	269
0	505
27	143
0	143
0	143
2650	2
67	1667
58	1667
497	0
0	0
0	0
0	793
533	793
108	0
18	0
481	82
743	3813
0	742
0	0
0	0
5	752
1352	1365
3686	0
542	4
13	871
78	871
93	0
19	174
8	160
0	134
7	175
16	155
258	0
593	0
0	39
0	162
566	838
0	156
0	0
13	0
0	0
102	680
0	66
4	614
275	998
0	998
695	0
42	0
11723	356
0	355
1535	165
0	164
0	8
0	0
0	8
98	51
69	90
11	93
7	160
54	228
2	736
2	99
0	37
93	746
0	2
6	44
36	371
0	369
75	0
54	55
5	43
9	38
68	101
3	7
310	7
324	31
149	33
111	0
935	21983
76	25
186	21914
157	1173
19	0
121	358
481	1517
5	2207
375	21940
0	1509
1	43
61	395
0	140
0	395
277	833
0	154
0	668
103	826
817	0
0	0
0	2749
0	349
0	2749
45	2487
57	91
0	21
755	1
0	20
0	686
3	709
4	5
2	5
40	56
0	35
0	48
0	0
39	0
3214	2
527	0
97	168
6	168
1593	22382
0	22375
0	0
0	295
1444	358
1	227
0	12
1	1007
0	612
161	331
0	954
0	825
13	486
4519	1642
0	1152
454	0
40	404
0	383
0	388
0	399
846	693
0	64
0	34
6	105
0	105
0	1515
45	1523
655	0
222	250
1699	250
0	13
20	13
0	0
0	0
0	0
76	1148
0	1046
0	1149
0	0
21	58
83	593
35	2721
0	2372
0	2346
0	2164
3	142
0	361
0	361
7	327
197	137
0	41
0	132
66	96
46	2020
267	365
14	373
8300	5895
1185	3465
18	869
0	2941
20	137
0	3
21	0
200	1203
4	9
0	0
10	9
192	99
150	98
23	19
0	14
0	19
35	235
868	1214
0	1215
0	1118
71	71
0	52
121	1071
0	1050
0	1052
62	137
5	39
0	40
0	13
88	92
0	92
499	1020
0	99
0	650
0	55
0	24
4	614
441	650
36	705
64	519
0	44
0	519
0	9
10	378
0	340
0	276
25	44
258	44
1122	1142
0	1141
22	78
0	68
0	27
122	7506
61	2547
0	940
0	18976
42	18719
60	19045
36	17229
0	19451
0	19683
48	507
0	802
2	1287
0	148
2606	2371
16	1
0	228
140	958
2	922
0	139
11	1040
0	344
0	1069
0	1031
3	1156
76	155
7	155
251	259
0	259
87	159
0	159
0	0
0	3071
0	1712
0	2998
0	82
0	81
0	82
0	66
0	66
261	115
0	115
0	4
387	704
447	964
0	0
0	3
0	0
0	3
0	222
18	262
91	0
436	0
214	0
319	1146
22	1146
0	1849
1593	1735
8	22
0	0
0	0
0	0
0	0
0	0
0	1
0	1
0	1
0	0
1287	99
0	99
20	269
52	29
45	258
0	217
20	215
0	231
0	237
1	0
0	260
0	266
281	138
0	88
58	138
81	230
415	900
0	141
13	260
0	1
0	1
2678	1253
0	1253
0	1253
1	0
0	106
104	106
2991	0
0	0
0	35
0	35
0	35
278	1451
2056	1307
145	0
13	239
87	258
0	238
0	0
7	28
0	28
0	25
541	1533
0	1533
1648	1531
174	1531
4	0
0	0
26	0
17	8
0	8
0	8
14	62
480	80
4	80
109	0
62	0
1	85
0	85
0	498
857	498
122	79
0	79
0	3
3	136
0	51
357	2536
13	2485
7	3728
0	2205
0	4250
1874	4414
2	4030
0	0
5	275
192	1711
3	1711
23	470
10	470
0	102
0	94
384	0
81	0
92	23
0	23
0	71
213	71
1472	0
73	0
410	384
0	384
26	628
0	628
21	2177
70	2177
343	205
0	205
0	0
0	0
0	0
0	8
0	8
299	0
11820	1
1	10
1	10
0	10
180	267
0	383
0	392
3	34
0	313
0	0
67	0
0	0
0	3
7	3
0	0
10	18
0	18
79	0
32	5191
5	63
62	2637
5562	6643
9	80
0	69
23	52
0	52
0	0
15	21
0	1466
4	300
2	356
33	118
695	5154
0	5620
63	5376
1801	6
74	3
5220	492
0	488
2	97
80	97
123	5090
12	5090
77	0
0	0
186	280
0	242
0	280
0	279
0	241
0	177
0	128
5	32
864	303
0	66
0	124
59	0
5	129
5	221
25	221
8	0
0	5
0	5
10	2
0	2
1492	2282
1035	2283
7421	2061
18	2061
0	0
0	0
55	11
0	11
133	630
0	630
8	88
61	88
30	0
0	53
0	9
4	53
187	4319
20	3672
3	962
40	4272
501	0
1866	2
782	4468
7	2681
270	2207
42	487
1	474
0	487
0	0
17	17
90	294
0	92
211	191
0	189
6	1515
0	1720
0	153
0	1615
124	2090
220	2240
434	2239
0	0
43	0
0	0
473	96
226	191
3	188
0	0
0	0
0	0
172	3691
1071	3690
36	0
854	531
0	531
10	0
307	217
2	16
134	360
0	139
169	499
9	0
20	1
16	0
0	420
0	197
0	128
29	415
0	229
0	0
0	39
0	267
145	0
283	0
15	0
1322	662
451	660
16	0
0	0
0	0
0	0
0	0
0	0
0	0
0	0
0	46
111	74
19	74
0	33
0	61
0	0
13	0
253	264
7	264
14	2
38	0
1428	843
26525	12355
4	1307
2458	12446
0	0
14	29
24	29
1141	111
4	111
0	42
58	76
18	11
681	11
2423	1
4	318
0	318
0	802
0	1307
20	642
0	1307
4	602
14	107
0	602
432	0
220	0
0	61
2046	64
31	4
6	0
0	0
108	0
0	23
14	19
112	42
3569	1
16	2
0	2
0	0
0	31
4	0
51	31
37	394
921	396
0	2569
0	4067
21558	5099
45	2791
464	0
900	222
0	104
25	190
2	79
25	59
0	59
0	0
223	341
0	341
5	149
0	316
0	4843
56	4843
0	0
0	0
128	24
11	24
0	0
5	6
260	0
0	400
692	400
0	460
0	159
356	460
186	0
0	60
48	704
0	664
0	0
894	0
0	48
8	218
0	206
37	382
0	161
0	112
50	369
0	168
244	0
0	0
0	0
558	236
3	236
811	0
256	1
4	166
36	1
80	540
0	0
0	0
1316	0
0	0
0	153
12	194
572	243
6	123
0	123
4	0
0	0
0	0
0	87
90	147
0	41
54	383
0	323
1221	440
258	0
857	0
3	18
0	55
1160	58
645	2
112	154
13	154
0	0
567	6231
0	1811
189	6095
1121	0
2	142
759	4788
0	4785
2	4042
0	4040
26	0
0	0
0	0
0	0
12	1
0	0
0	11
5	11
140	0
0	0
0	0
0	6
0	6
0	0
41	334
23	29
0	29
0	179
0	179
233	0
78	527
0	41
2	527
0	0
0	0
2634	2574
0	678
138	2443
2	2440
0	991
184	991
358	4971
0	1284
16	4970
2	4970
6096	1617
9	1611
71	1424
3	419
0	1366
0	1366
23	449
1	284
697	647
2881	1117
0	1117
9	41
0	41
49	0
0	0
189	299
0	299
688	922
7	4
0	0
0	922
0	71
2	229
0	139
0	1311
6	356
854	1199
210	0
0	0
0	0
0	0
0	0
0	0
728	0
4	0
0	1213
0	1478
0	0
133	912
0	906
1307	1292
219	0
232	304
0	69
712	78
2349	0
0	0
0	0
0	1326
1320	1358
0	824
18	296
7	6
7	6
612	1181
0	18
0	1181
1	5
0	5
0	6
0	6
94	401
0	51
0	362
0	39
88	39
528	421
0	27
0	0
0	134
25	239
0	126
89	5
166	5
182	113
9	53
0	0
3	0
11	98
38	324
194	422
141	190
0	0
0	0
404	0
6	0
0	0
69	306
2339	945
7	451
3	451
47	0
1	563
0	230
0	248
1	46
610	0
11967	6
0	0
0	43
495	1503
67	1503
925	2
102	33
12	0
38	70
264	177
0	5553
4629	18892
0	18884
322	497
0	310
266	17
306	0
37	1076
460	1076
7	0
9	0
0	0
0	0
4	0
0	0
0	0
0	0
0	2
0	0
0	0
0	2
21	0
0	0
5	0
16	12
473	18
0	3
0	0
0	0
0	0
0	0
9	21
3833	1264
11	46
1095	6182
0	6297
31	20
2003	6301
3	1197
0	0
415	268
34	268
378	168
0	168
579	347
1468	1364
0	491
87	1213
24	4
0	141
10	838
438	851
13	0
3	368
405	1382
0	1382
26	199
0	0
205	306
131	306
250	0
242	0
0	572
0	396
106	1412
3	765
0	22
121	22
0	0
1891	1
298	0
36	0
7353	5108
0	3315
0	1744
0	123
2570	125
0	146
50	147
151	1
263	922
45	922
443	0
1045	52
0	9
15	43
37	0
767	0
0	146
25	1001
54	1001
6	515
12	20
16	472
0	2218
0	518
0	702
0	2305
0	2388
0	0
220	4604
0	796
77	164
944	5019
10	99
18	99
753	2
0	3774
1	1948
0	3451
0	3387
0	3774
175	2110
0	9619
545	15677
0	18109
701	17597
797	0
0	28
1	56
1197	0
1288	679
1941	679
237	3384
0	1030
9	7
0	3376
0	3098
111	1
289	224
0	137
0	55
0	46
0	88
773	101
0	101
0	64
23	11
197	982
0	971
2	1089
0	4570
410	9083
5	1721
3	5607
0	6978
513	0
4	953
366	3788
5	2883
39	3779
69	89
3	89
279	0
23	3967
154	273
0	2818
22	4038
0	3994
76	192
3	91
0	65
13	192
29	0
0	0
0	0
0	0
3393	9
71	0
9	0
2730	2334
327	2332
50	806
39	806
0	0
4201	3912
0	2100
60	1232
0	2680
0	0
69	0
4	0
118	398
58	398
2743	1701
0	1701
0	0
0	0
0	135
255	135
3740	4308
6737	10
355	421
4	0
70	0
13	0
3187	0
1206	46
0	46
4	513
74	513
0	952
652	1169
0	1169
9854	1521
0	915
60	1082
41	0
2	1954
28	6721
9	6735
36	8589
0	103
225	132
0	48
0	0
5	770
1346	772
35	2088
242	2088
748	6705
0	6705
10	1
0	1
244	0
856	1246
12	43
0	28
7352	1611
163	1605
0	86
0	92
278	92
0	5978
3445	5980
1597	1
3	31012
5	1271
5	5062
47	29515
57	30938
0	32402
0	490
1	556
0	337
37	359
1	185
45	185
0	184
233	134
0	134
0	0
0	0
0	0
0	0
1245	7774
6193	7802
863	2
681	4
59	9780
0	172
0	537
0	5085
1	9497
0	2765
2352	2766
0	20
0	30
0	22
7	119
0	8
33	203
0	255
1	70
0	161
1802	1390
2138	3
0	5
0	5
0	5
32	166
0	41
1557	106
79	96
0	0
0	0
0	0
3	16
0	7
4	58
0	3296
5	3415
0	59
0	71
14	66
0	66
0	0
5	0
107	1773
649	1737
11	1678
0	0
0	0
0	0
2	12
655	2463
1089	383
0	0
0	0
0	13857
3079	25535
0	10552
3	17732
0	17119
0	0
0	0
0	0
164	168
42	168
11	343
12	343
120	1615
250	1506
0	1505
5	1298
2	677
0	537
28	1753
2015	4218
4	58
0	58
190	0
0	0
0	9
22	67
0	67
2	0
0	0
50	2
0	2
10	0
5	559
34	596
8	572
0	0
315	0
4	0
19	0
44	0
2	0
1	0
7	0
35	762
0	71
474	1258
23	1256
0	0
10	0
57	1674
21	1720
5	46
0	27
8	27
0	0
0	0
4087	5
162	0
5093	8
0	0
0	221
0	468
0	52
0	214
7	60
0	60
446	1
0	332
4	2
215	332
34	0
68	13
0	0
0	0
1201	0
0	0
48	44
28590	24
0	0
12	781
5	775
2319	781
744	1
1251	778
0	777
5	89
0	23
0	61
0	23
0	118
83	105
0	80
49	139
0	139
41	1112
0	1112
67	4
0	0
0	0
0	0
62	0
9	43
14	43
3181	5690
80	5690
0	170
0	202
0	8
33	443
0	443
0	0
11	100
6	1096
145	1135
4	5012
27298	8188
0	5538
0	3669
1197	16743
423	16992
161	688
0	688
0	0
785	0
84	20
2	20
9	1
0	1
125	508
0	57
31	99
0	99
0	0
0	0
0	0
0	0
0	931
1668	934
0	0
0	593
0	466
239	355
0	203
1943	0
36	0
71	234
64	234
3165	1672
0	1667
0	1258
0	1127
2439	1259
190	499
12	0
0	499
33	0
201	1276
185	5
0	1
0	97
9	259
3	162
3	127
0	86
0	180
0	40
0	38
0	28
0	291
0	185
0	301
13	537
746	1496
0	1220
0	1251
0	1232
0	1243
0	0
1269	0
2	177
640	0
0	0
53	0
31	182
2	150
748	2882
268	2882
95	14
3	0
0	0
0	0
0	0
0	0
0	0
38	0
473	0
31	56
324	68
0	0
260	1809
0	1809
27	0
3	0
0	6
5	24
0	18
0	22
4	12
0	12
202	2226
0	323
0	251
3	32
5	1794
0	1590
203	393
7	12
0	5
0	5
3	82
0	0
0	82
0	98
0	107
0	103
1	12
429	620
0	620
0	0
498	0
7	1336
1	351
0	1543
9	1559
0	0
5	14
0	2
6	2
9	280
3	280
52	819
512	819
3447	774
0	773
0	11
26	11
0	11
645	4300
0	3846
1688	3135
0	3135
1464	1
174	2065
27	2065
0	195
0	21
0	251
1	124
0	515
6	594
0	523
5	1326
3908	1326
4780	2286
0	2285
263	264
1	3
1069	0
4	1068
0	622
0	724
0	1141
0	635
35	925
0	1742
5	3659
19	1229
15	1811
0	3722
0	1226
0	388
0	48
0	130
0	0
45	178
0	591
48	591
8298	58573
0	5
0	35585
0	32159
0	59571
0	71074
0	67642
0	1938
0	205
0	2499
0	1346
1536	11995
0	1322
0	1237
0	2523
26	13
0	13
545	6946
5	98
6	14
7	6911
0	1091
0	661
0	622
0	321
51	6534
14	5891
2390	0
0	0
0	0
0	0
0	0
95	0
830	274
2173	4
6790	242
141	0
289	77
0	77
104	0
549	0
578	0
126	3390
2223	3390
0	18
0	257
0	9
0	5
0	257
23	831
130	831
0	13
0	27
66	40
409	81
0	81
118	0
676	172
115	1411
0	1236
0	1468
194	1
4	1
0	0
0	0
0	0
392	0
131	0
0	0
0	0
3	0
90	156
0	156
0	0
1745	123
725	99
0	99
0	6
0	1
6	50
61	433
0	433
0	342
0	0
1190	47
0	46
55	29
3	3
0	3
0	0
15	83
3	20
30	82
0	20
0	20
0	20
0	20
36	0
2464	1
8	72
0	70
13	73
0	54
0	0
2	16
0	13
0	62
6	103
0	16
0	641
417	3209
34	3060
0	0
0	3
2470	7
143	0
536	3981
38	3982
3	121
0	20
46	78
23	113
0	397
5	403
0	403
35	0
53	0
354	0
173	0
179	686
11	587
0	553
1	406
2	406
3	348
2	200
1043	705
0	675
0	706
0	13604
5	425
0	1321
19	25119
726	17070
12	25119
0	0
0	0
4	0
2187	2
20	0
0	309
211	425
0	362
0	21
0	380
1	1049
148	1049
120	642
0	642
35	48
527	846
4002	896
0	7
522	357
0	224
37861	1095
11	1080
0	475
1149	792
0	825
0	790
0	33
0	12
30	54
5	2
0	10
10	21
0	0
0	0
0	0
0	110
1	0
5	3
30	110
256	198
16	11
2	6
0	2
0	24
54	25
1682	0
0	0
3	8
0	8
0	0
0	20
0	0
1	20
3	2
0	2
0	14
7	33
30	79
0	33
2137	0
487	1101
165	927
4	648
0	371
0	607
11	615
0	487
485	0
5035	6
0	0
0	2
0	0
0	2
0	1
0	0
645	398
0	398
0	0
0	0
1664	4781
273	4780
63	265
0	175
0	255
57	91
11	91
5	0
3192	1
0	10
19	10
303	4
0	4
218	111
0	104
0	12
69	471
0	375
188	375
0	267
10	0
8	0
4	98
44	81
11	732
134	2647
85	2590
8	394
390	0
110	0
0	1205
314	1105
175	0
58	189
0	167
0	0
0	99
0	64
15	99
4	172
0	172
302	949
7	746
487	719
8145	3595
534	1811
1490	2
1	261
0	408
49	861
49	899
471	200
417	313
3	333
3	472
0	339
1210	432
0	1
0	0
3	0
0	0
0	53
16	53
250	9691
0	9691
296	6674
0	1503
0	2641
61	6674
1	1
0	142
0	60
0	165
0	167
0	156
13	97
162	102
0	81
0	46
36	3302
0	837
8	3608
0	0
0	0
17	60
0	60
4	1377
1952	1377
0	15
0	69
29	81
0	282
114	282
0	66
0	66
10	47
0	0
0	0
977	208
17	1425
0	1425
363	611
0	611
0	694
0	285
2	435
0	364
0	280
0	60
0	62
4	683
21	0
14	313
0	97
0	313
269	0
3473	559
0	555
8	1593
0	1682
32	1613
0	0
0	0
1864	7737
4	7737
8	168
6	163
0	0
0	0
0	0
0	1317
1255	1743
0	1743
0	35
16	35
0	6
0	2
0	1
0	0
0	7
836	5472
102	5472
3	166
1917	169
39	347
3	385
0	393
662	0
168	0
55	2039
102	238
0	2039
6	0
695	4
6424	2323
0	498
0	2013
3	41
22	41
15	293
0	200
27	51
162	167
0	10
0	16
0	16
1124	1
231	430
0	70
0	159
0	0
0	0
0	0
0	0
0	0
0	121
64	895
7	889
116	6
0	6
212	319
0	319
19	42
0	42
494	0
0	6
2	4
0	2
2109	464
24	126
102	0
0	0
0	0
448	1334
0	1327
0	641
0	2641
0	2907
0	2079
3	3101
899	424
0	181
28	240
95	240
245	0
0	47
8	48
3361	2841
0	1111
0	2838
0	0
165	0
0	0
0	0
0	0
0	0
0	0
0	0
1272	0
0	1683
3647	1683
1688	2884
0	2884
1593	2815
183	2815
0	447
18	531
0	1274
24	1190
47767	32
0	0
0	0
0	0
0	0
8	2405
316	2818
0	1031
0	64
0	4697
155	4698
0	0
9	0
0	0
347	0
0	0
0	207
0	275
542	482
0	13
47	13
3559	1052
19	912
198	774
103	0
0	0
1087	2
19	0
0	0
0	0
1422	413
0	0
0	413
2927	161
2	19
239	0
193	0
16	5941
951	795
0	2005
542	6458
23	866
53	117
0	36
0	866
133	0
19	0
214	0
52	25
1	25
0	0
0	0
0	0
0	5
0	18
0	23
0	23
64	2
0	2
783	163
6	163
31	141
0	0
0	0
0	0
0	0
0	0
3691	5
306	97
1829	0
44	410
0	410
407	143
0	143
1763	0
0	0
0	0
0	1143
0	11
0	1214
65	1302
2522	0
0	0
0	0
0	50
19	50
670	168
0	91
0	168
1086	2863
0	2862
0	0
0	0
240	599
605	601
0	15
3	9
0	6
1	43
37	163
0	134
0	157
594	0
5	3043
1	438
3767	3038
0	2447
0	1284
646	1284
0	0
0	0
0	0
0	797
0	1150
9	1188
0	1171
0	1216
85	862
22	862
1980	1246
89	654
0	541
63	549
22	6
101	342
0	75
0	274
0	0
174	526
4	526
3	38
0	29
23	49
0	185
2049	1602
0	1553
29	52
4	1
0	156
8	198
0	155
0	0
0	0
367	13
0	13
180	2304
9	367
5	2304
0	493
21	493
5	434
0	77
257	267
0	236
22	233
383	745
4196	2001
0	1997
3	0
126	243
0	1121
44	1094
0	731
381	731
0	0
0	61
108	672
932	672
21	532
0	174
0	64
9	528
82	263
16	1100
0	40
0	1272
0	1253
73	351
15	351
4279	2
62	0
0	545
0	295
6472	848
0	53
0	113
303	122
0	122
4	0
73	70
50	70
202	1200
155	1200
244	0
0	0
0	0
0	0
0	0
0	3
0	0
0	3
0	1
1	631
174	631
0	0
0	19
6	19
0	50
0	65
383	104
39	800
149	67
1423	1267
15	153
1	1267
46	2348
0	826
0	2348
0	0
346	881
17	125
0	24
0	870
372	332
0	15
22	319
1222	1521
0	1521
0	4
0	25
0	25
8900	4574
2	5
0	5
0	5
0	0
0	0
286	13
0	13
364	146
6	146
1	15
0	15
0	15
13	87
2	86
4707	0
0	27
0	87
0	0
0	83
3	94
802	0
7	0
6157	0
1623	3029
0	3028
4172	4
46	0
3	100
81	100
4488	3
9071	6
160	0
6697	48851
2369	48836
0	214
773	217
944	1
7101	6224
2	6214
0	4
341	0
0	0
2029	0
11495	2
1408	0
0	58
0	68
0	28245
2570	28246
1692	28
0	27
0	0
0	0
1300	5873
10	1974
1	2591
34	5873
198	104
10	13
0	91
11	2228
1064	2228
4	3066
0	3066
4	7
0	7
460	422
0	422
45	266
0	266
221	500
0	500
3	0
606	231
41	231
7	133
0	0
0	5
6	5
0	1404
783	1404
3	3
2806	0
878	149
231	0
362	0
866	0
2034	0
127	3755
9	3755
15	9
16	9
165	535
2	535
0	0
0	1452
0	606
0	846
0	1427
0	1532
0	2038
668	19
885	3913
1610	3325
414	571
6	565
0	434
4	579
137	2033
200	2033
17	0
0	4
3	25
119	29
0	12893
41	12755
0	100
0	10234
59	0
892	627
376	627
0	174
1492	2469
0	408
0	56
19	225
226	186
3305	0
0	0
98	44
0	38
0	6
0	7304
0	3854
3985	7291
0	7428
0	7428
0	0
0	0
0	12
64	12
0	833
323	2432
146	1887
0	2458
1175	2659
0	21
23	2622
14040	12
5177	2
0	37
148	37
109	1435
6	1020
229	1336
0	2621
33	2623
0	0
0	0
0	18
208	199
0	195
180	219
31	219
7	0
750	0
2844	2
75	0
0	65
0	3
0	215
9	202
0	217
134	168
21	168
6197	6
75	910
133	910
7156	4424
0	1003
0	1093
0	374
7	376
1	689
2538	690
238	579
0	532
557	1
978	2916
47	307
0	307
31	370
0	1
2	1
228	89
11	88
1530	0
0	26
0	68
0	7
0	13
0	65
26	65
23	128
718	20
62	9
0	22
73	27
8	0
0	327
363	409
18988	2991
14	2984
121	930
17	250
66	972
1352	551
0	0
5	185
23	23
0	32
3	195
12296	2095
0	2092
0	0
0	0
0	22
0	22
0	0
0	22
0	22
0	22
84	251
0	63
183	2253
3842	2254
69	36
3	36
20	1702
0	294
0	1648
2	38
75	113
9	137
0	312
50	312
0	57
14	144
0	13
33	149
5	141
0	26
0	0
0	1530
0	295
0	2704
2161	2738
4537	4
84	6126
12	1602
61	1312
0	12743
2	55
29097	10543
31	0
64	0
77	67
8	0
64	0
35	0
66	67
40	233
0	64
547	0
0	0
1454	609
10	609
0	0
0	0
687	0
13	19
0	19
0	3297
0	8295
12174	10081
0	6180
5	54
1191	759
5	0
469	663
790	662
42	0
9	0
5	0
8	5
34	0
126	822
7	9
7	324
0	81
0	820
48	133
1	133
0	151
2932	151
2078	1
0	0
0	644
118	784
0	5
0	10
218	15
13	841
301	841
0	188
137	219
279	542
8	542
0	486
304	3326
0	3326
597	977
0	25
77	19
0	25
52	7067
3528	7070
26	731
0	61
1	704
3242	25
312	35
0	10
0	149
7	161
0	161
38	0
6088	2471
25	2463
137	2853
0	2376
0	2632
46	149
0	15
0	8
0	8
336	0
592	3568
6	192
0	120
0	277
0	68
652	1938
0	584
0	1505
8	1505
828	0
0	240
0	2206
0	2086
0	2225
1112	1852
570	1853
35	214
0	214
0	13
117	279
0	279
0	255
75	227
1466	1804
865	0
795	0
24	647
0	725
17	725
5	8
0	8
0	1547
0	58
0	411
9	1778
22	1864
8528	5
0	0
0	0
0	43
0	260
4	1067
166	1207
0	868
0	701
0	841
0	4
23	4
0	447
3414	852
68	194
0	194
0	4423
12104	4427
0	0
613	0
326	7766
0	7837
0	663
28	7763
0	0
0	0
0	0
0	149
0	188
35	0
0	0
0	0
27	0
439	156
13	825
0	899
10	438
273	1
118	184
0	48
270	2512
0	2512
1159	310
0	309
92	0
5	24
0	63
21	1011
444	1012
0	0
25	359
0	73
0	359
0	0
11	974
0	67
127	855
0	463
68	887
5	571
14	388
0	16
50	605
0	605
603	1
3409	10163
0	1
10	10162
35	0
51	708
0	705
6	85
0	81
1	198
0	91
108	393
11	377
2452	438
0	421
1493	128
0	124
31	0
2981	0
38	24
1	87
0	87
0	0
0	0
0	0
2	9
0	9
0	12
0	12
0	0
0	0
0	0
0	0
65	6072
8	5961
0	6105
1972	439
10	438
6	0
5	413
0	413
799	0
3	123
0	80
18	134
103	0
913	0
629	84
0	84
0	704
661	704
0	158
0	46
3	95
1131	299
0	0
0	0
38	42
153	883
172	0
84	0
0	1940
5	2065
1	438
3	79
39	79
468	345
1	345
0	0
1233	597
5	11
0	82
7	514
0	16
10	76
0	0
0	0
0	0
0	0
0	0
0	0
0	5
1279	6
276	1993
0	1993
4	114
597	431
0	5
0	312
0	42
4	288
1	213
0	563
22	213
912	1291
3	1363
45	1432
1627	94
45	94
57	426
0	168
0	0
0	50
771	54
0	0
0	84
0	0
0	84
4	626
0	374
0	711
0	97
0	97
0	97
0	97
0	53
328	53
15820	1958
117	1950
0	41
0	0
4	544
0	46
0	82
2	550
0	9
37	104
0	9
1183	22
5	21
0	72
34	5
42	10
1	2956
0	2918
132	2998
0	607
31	607
22	389
0	0
2614	0
1035	2416
0	2416
0	5183
0	539
0	5012
0	5335
0	5162
44	914
0	2302
482	2603
1522	7291
1175	7291
33	65
415	258
0	0
60	1407
0	128
846	1802
19496	1403
4	1030
0	353
0	0
0	0
0	0
0	0
0	0
0	0
0	0
151	109
188	181
1335	967
0	967
875	2
0	4127
0	251
1929	4127
0	263
0	5
21	0
15	500
9	500
0	398
14	386
2	354
1	113
0	0
119	2139
180	2139
8996	10985
3	10978
114	788
19	349
60	533
0	197
12	191
0	140
0	185
0	121
3	276
34	386
200	402
634	2298
0	2298
1	1073
0	0
0	0
100	0
1801	1743
0	80
790	372
39	372
7	258
0	0
5953	8091
188	8081
66	332
0	0
0	0
1914	1
197	74
0	81
6	69
0	58
373	231
0	269
0	11
4	95
393	474
0	379
520	2293
4186	2295
90	50
0	0
0	0
0	0
0	0
0	0
6	23
0	23
33	20
1	258
3	8
0	8
0	0
0	0
1	30
1	32
15	0
0	0
720	425
0	453
9264	464
531	0
40	0
1769	8
0	134
5487	142
0	0
0	0
0	0
1773	2658
542	475
220	56
1123	4382
6	4366
1094	0
0	0
0	0
170	621
19	621
3542	169
0	0
7	632
4530	632
7	1047
0	47
0	1022
228	166
1	158
0	53
0	389
3	1450
0	965
0	1455
0	3
0	3
0	0
0	432
322	432
237	1154
133	5075
0	372
0	1
1311	5076
19	468
233	5986
684	5961
0	64
0	29
0	15
635	93
7	17
0	17
0	16
8	0
244	0
0	0
1269	0
867	2082
2	118
0	2069
4	293
0	396
0	0
10	1760
1	688
0	684
0	522
0	1762
0	1917
413	0
232	236
925	470
0	264
0	348
0	25
0	25
0	25
0	25
28	111
0	111
0	0
82	0
297	7
5	470
386	849
917	0
11	0
6	6
1	1820
0	749
3	3
3	1796
0	1760
0	1354
3	2
0	2
35	24
0	17
0	24
555	518
0	1029
0	1019
365	1228
0	1233
0	1101
0	1086
0	1034
0	1076
0	0
0	0
0	200
0	18
0	106
56	418
5	386
1021	0
0	55
367	1498
0	1483
14	1463
0	347
366	2471
138	2671
3	413
116	413
705	598
2	381
728	333
1146	1
0	627
914	2019
1124	1695
4	0
17	2261
228	2260
13	2
10103	6
187	0
2437	3
110	462
0	125
8	462
79	326
4	326
0	0
0	0
2	158
3221	981
201	357
0	620
62	113
0	0
432	955
705	955
1119	973
23	973
0	428
2032	1601
0	1232
3	75
0	11
53	0
0	75
0	75
0	677
95	891
0	891
4	3
0	3
0	369
0	475
0	53
541	0
0	735
0	186
2364	832
0	0
0	0
0	0
0	172
970	664
0	2862
9	2946
0	2694
55897	14
6479	4450
129	3371
3	228
50	944
0	3702
753	142
0	142
0	185
484	1297
0	1112
52	0
3555	0
0	1
0	207
353	5
119	227
1477	3216
4	1295
14	26
16	1510
0	3280
236	2769
185	3007
0	2865
117	800
4	800
5	0
2	0
0	0
219	0
74	0
0	16
0	64
3	64
0	0
623	1
0	1
0	1
0	1077
0	1161
321	2499
91	2461
100	0
538	0
478	7
57	4765
0	4439
0	4766
11	2
0	0
108	345
18	345
184	0
1078	0
800	608
24	224
0	224
0	0
48	0
0	0
0	0
2277	0
0	0
0	0
4	13
14	13
333	0
0	0
295	746
0	0
0	52
13	52
1789	1
23	509
0	509
0	475
0	180
810	275
0	95
83	0
91	32
8	0
218	0
392	250
0	71
0	8
0	277
0	269
0	16
16	16
91	9
1	376
2520	376
0	439
8	473
51	473
95	85
0	85
32	51
0	51
0	5908
0	85
0	56
0	5671
0	4346
0	5792
739	0
2602	3151
393	164
355	10127
82	0
83	0
1	3
1892	2185
31	2154
0	1191
0	1145
0	974
0	239
0	0
6	0
31	0
0	214
791	222
0	0
144	209
0	0
15	0
85	633
0	135
0	84
0	565
5	725
1318	0
364	0
0	485
154	485
78	0
1	0
0	9
36	59
5	59
0	0
0	276
4	7
0	499
52	499
4	489
60	0
3812	1444
0	1444
133	599
3	345
0	519
1765	1
0	0
118	3427
0	360
0	3437
773	0
0	0
0	0
46	3244
8	3244
0	319
769	323
86	2
0	95
65	95
252	149
0	149
4102	6
9	8
0	39
196	47
0	9
0	5
0	10
1027	0
0	54
19	159
0	26
2	24
0	34
0	157
143	0
13	0
0	83
0	86
55	20
0	20
0	49
0	17
28	61
125	158
0	66
0	0
0	0
361	0
0	7639
825	10264
17	5423
21	586
247	516
133	591
999	0
0	0
0	0
0	63
6	74
24	821
0	130
18	814
0	92
2062	92
0	217
77	217
35	116
274	252
0	101
10	86
959	3108
6	3107
0	0
0	0
819	58
0	10261
5	9604
88	108
14	108
1155	0
0	230
2	230
0	230
0	1168
872	1168
234	76
0	76
6	0
0	0
0	0
1334	246
0	243
0	14
0	1
3	18
0	9
3	18
48	156
4	156
11	35
0	6
2	6
0	70
0	9
0	87
0	95
0	243
570	613
79	144
0	0
135	0
1157	471
0	256
74	29
0	29
0	0
4	38
0	275
2	50
5	275
21	302
0	50
0	302
0	0
56	0
292	2
408	827
0	816
0	796
0	816
0	286
0	474
1006	2
157	0
18924	8870
65	8867
12	22
0	22
431	512
0	512
767	551
0	548
0	112
420	112
4952	2
3	234
3	234
6202	4811
1520	0
354	1708
9	1708
2101	22807
0	1984
8	21403
7	10273
7	19669
0	743
2855	1906
4017	0
973	893
0	418
36	349
0	345
0	5
0	0
1701	43
0	42
43	0
162	0
1319	407
50	406
0	33
0	48
0	48
0	13
0	4
5	37
20	37
1494	443
0	443
0	1074
4	934
0	6951
32	6440
0	785
8	3926
206	3172
0	3172
0	6
290	6
0	6
0	3
14	3
0	15
0	2
0	6
0	15
22	25
83	3217
47	3224
0	3
528	1300
0	727
4	522
0	2
0	711
0	0
1091	2279
22	2279
424	0
0	48
25	1803
0	1504
0	1873
14	0
0	0
112	70
1071	3213
0	4462
0	4484
78	1
0	0
1	617
429	1229
0	0
0	0
116	0
3	1390
0	841
407	3851
803	2
0	29
2481	2147
88	2176
0	684
41	993
0	993
11	0
1	0
89	0
1232	2593
15	2601
10	1632
0	746
155	45
0	31
0	14
1756	0
1105	4288
0	4288
6521	631
2427	25146
0	24691
2	9229
95	24893
552	1
0	745
4	745
0	15725
13	17034
4	14923
13	46
126	0
0	54
69	59
0	27
60	363
0	2
0	336
0	334
2922	2165
0	2065
0	1277
0	2160
0	242
91	847
3	847
0	421
303	421
235	268
10	140
0	6
0	1
3949	2047
43	193
46	125
0	1886
390	2
0	1050
0	355
195	1989
143	377
3	2042
0	0
9	0
0	0
0	421
4	660
0	462
222	717
104	271
0	62
19	263
365	52
0	52
579	0
336	337
533	0
0	0
534	84
18	75
0	7
3	0
1873	0
9	216
0	216
4	30
0	800
54	3
0	786
0	735
990	3142
15	204
38	3142
22	0
29	0
0	103
0	283
83	283
0	18
0	79
0	106
37	124
41	0
0	43564
20	84309
20	58279
2	46758
17	41393
6	177943
19	195210
0	113501
493	3644
0	378
156	3568
1	0
0	0
0	0
352	49
0	49
573	1338
0	311
0	1251
0	11
0	1240
0	1319
0	1744
3329	1745
1124	176
0	176
6	0
8	270
10	328
0	697
0	755
38	1121
16	1123
47	579
66	579
356	56
0	56
392	0
0	0
0	0
0	0
0	889
1326	4565
0	2354
2	535
26	4686
351	470
140	470
290	248
1	92
0	223
0	0
0	0
0	9
0	0
12	9
29	218
0	832
4	750
275	96
20	461
62	461
69	1397
0	1397
251	0
1	8
0	0
0	0
4	28
0	25
0	1
0	1
408	2033
2774	2033
0	6
43	6
0	48
1657	32
0	48
3185	960
0	959
621	0
3197	3751
2	1973
5	1777
639	2385
13	2260
135	1319
0	45
0	129
0	4
0	112
0	115
153	0
3	3
190	922
0	1343
156	1349
5	1344
914	138
28	67
0	127
0	1519
1153	2204
0	924
0	5
0	5
0	0
0	0
0	0
0	0
222	1425
85	1404
0	23
0	817
1	1208
77	812
0	299
2243	23
16	22
602	3752
334	3898
305	1700
1457	1700
47	760
1194	1245
0	215
12	1003
3	0
39	43
3770	1151
1	1147
0	52
0	138
2	110
768	499
0	0
0	499
0	0
2572	2
803	1
511	1
13	663
0	2568
0	173
0	136
4	2568
124	0
1	0
0	3063
18	3411
42	3296
7	126
139	276
189	1680
0	3241
102	5307
0	1937
0	4408
15	49
0	49
21	0
0	0
1752	184
33	0
0	74
131	458
0	458
0	48
0	21
184	131
0	33
3	26
0	132
0	130
0	130
6	0
3608	1
0	110
0	0
142	3719
92	3719
0	7174
23	24772
0	24398
1	23780
0	30
117	49
97	0
14890	14
0	0
119	110
101	2
0	2
49007	17
4556	934
0	0
0	849
6035	850
565	0
0	777
0	117
1	185
0	0
981	364
2	4
0	0
0	0
161	0
6621	1985
0	2
10	7
2	7
1020	4
401	2485
0	2485
3270	7
29	0
40	196
245	0
982	2
190	721
0	0
6	721
6	0
88	49
136	104
0	85
6834	3
639	0
0	0
0	0
3992	3
0	94
210	140
0	55
0	0
0	0
0	0
177	92
150	0
3187	2583
0	853
77	341
0	2443
44	1881
94	1881
92	34
0	34
0	2917
0	223
54	2917
12	271
0	249
0	107
829	1916
0	1988
0	1755
0	1938
1	0
0	0
0	0
0	0
0	0
0	95
6	6930
0	6985
51	6795
37	6880
3034	1386
725	1644
856	1378
1499	2907
46	56
22	81
45	25
0	141
239	141
6	13
0	13
1186	4
22	0
1449	5399
198	5399
43	73
3	1851
0	1851
1	220
35	220
0	0
0	0
64	408
0	382
0	407
0	841
0	703
0	694
0	702
135	503
26	500
97	96
1434	1
273	80
0	80
923	0
0	0
0	0
304	193
7	140
0	71
461	0
0	5
0	5
3716	8
2022	1
1668	0
0	2125
2	2508
0	2508
0	3076
529	178
478	3253
0	1
3255	4702
0	4699
15302	8
46	237
2	237
41	66
0	66
876	72
0	72
0	0
0	25
255	28
0	3
587	305
0	0
6	0
3	672
20	557
196	215
0	104
72	826
0	294
3	826
261	1051
59	1051
868	819
77	819
63	314
50	314
4209	8
0	464
0	399
94	461
47	0
26	45
0	45
0	0
12	0
22	0
4	3343
17161	3349
9	79
0	79
1	19
0	19
0	13
3	13
3631	3
4641	733
42	725
0	974
62	974
0	4563
477	1255
51	4558
345	64
31	64
95	157
0	157
0	69
0	69
60	1057
1035	1546
485	466
0	1010
65	1551
190	823
14	8
0	8
20	230
1	230
0	230
1155	2453
0	2349
44	2318
45	2362
12	2390
5	2313
1052	498
350	498
0	0
0	0
1204	18152
256	2561
0	17325
0	14936
30	15297
9	15808
0	15246
140	16829
28	524
0	365
3	1497
44	729
1	1633
27	1487
506	1
0	0
34	924
0	924
0	129
9	99
0	80
16	255
130	255
931	578
0	578
0	7
792	0
23	0
523	0
17	3948
0	935
309	3948
2750	1420
0	1419
1358	2286
122	444
147	2373
126	475
0	435
0	934
0	488
0	851
0	401
209	1047
939	1457
1816	2141
34286	2167
253	133
81	56
0	131
283	0
2	0
419	2451
0	2451
8	781
146	781
0	142
82	42
1	5
0	42
1402	3849
0	92
145	3423
0	3844
3789	0
82	284
0	6
0	10
0	25
4	395
0	396
13	55
0	0
0	0
0	54
0	58
306	68
0	6
0	6
3	6
2784	1
8	5
0	5
0	0
0	0
294	0
10	2
171	2
0	418
0	105
0	0
0	233
31	418
0	124
1194	125
15	267
0	109
0	13
5950	1577
373	194
0	7
7368	12
30	3
0	3
441	1307
0	1307
114	149
0	985
556	995
171	0
1571	923
13	920
0	0
0	9098
1914	9098
0	73
1756	198
16	0
0	73
4	122
53	360
0	510
0	3620
0	3652
138	468
0	5951
73	5707
0	5742
0	5362
84	984
1	355
0	336
8	157
2	984
0	15
916	768
0	629
0	56
0	82
0	367
1	45
0	66
74	367
56	0
0	205
19	131
0	11
0	158
645	281
4	14754
0	14754
0	10897
238	1071
0	771
840	305
0	56
941	1336
0	8
0	8
15	166
373	0
27	0
0	0
80	71
4	69
461	0
921	0
0	0
0	0
4750	321
0	19
0	320
0	3041
0	1317
6219	3044
1267	0
184	0
0	31
0	31
12	31
0	354
552	354
0	337
0	0
30	544
50	472
231	533
81	2
0	351
8	302
70	175
118	5969
0	5969
123	171
0	168
0	171
506	0
0	69
0	69
0	61
11	0
154	0
9	37
2	32
2	8
270	2180
3	149
0	2078
1717	408
42	341
0	405
2	0
0	82
23	123
3303	493
135	498
412	424
0	192
0	30
0	0
0	58
244	58
30	107
0	5
0	107
0	101
0	0
440	26
0	19
49	19
2834	5928
0	6216
0	52
0	593
0	874
0	6574
0	2526
2114	3670
0	3670
440	1049
0	466
0	30
10	0
0	107
832	108
423	0
313	0
141	0
0	1
0	1
18924	8
71	36
0	3
0	33
0	29
0	43
110	43
13904	10
2	1443
3281	3617
0	2474
2301	2
0	0
558	0
296	767
30	781
0	771
47003	38363
16	38322
96	0
2015	1
59	1216
24	218
135	1
0	1215
204	264
0	73
0	20
93	0
51	0
0	0
0	212
180	764
7	678
0	0
18	188
1133	188
7090	1
8018	4
56	0
1	0
2649	471
856	0
10067	12
10	0
5	142
0	6
62	142
570	1
2989	2333
701	1
5	0
184	2380
3	2380
0	0
5	0
0	21
0	14
0	14
0	5
0	35
4	59
1	47
1854	12
0	0
0	0
0	4963
0	12565
0	12792
8	69
2	180
0	133
3	155
22	193
0	153
141	113
3	114
15	0
356	0
21	746
10	716
0	542
0	0
0	5
3	5
16	1
6024	481
0	480
1875	2
19	0
14	103
2185	2024
0	253
0	2168
69	2252
31	517
93	517
135	0
2775	205
0	203
81	377
1	48
238	141
0	126
2	10
0	0
2	4
774	1
74	0
0	783
169	783
124	191
0	190
49	104
0	104
0	36
486	1249
0	1239
164	150
10	150
0	7
0	7
0	686
54	1050
51	0
0	1
0	2554
0	333
3688	2555
0	2
0	2
0	2
0	15
0	15
316	76
19	98
35	109
0	1
0	1
41	372
0	2
26	92
1	1
0	1
0	390
0	372
0	390
0	390
809	815
0	10
0	10
826	1929
0	1929
0	0
0	0
0	0
0	0
0	0
0	0
0	0
0	0
3	231
2	866
296	991
12	1031
0	1031
0	889
5	54
4	869
84	71
264	105
0	93
0	90
0	12
247	12
7819	13629
2939	13626
0	20
0	26
0	26
0	23
9	23
0	36
48	37
1120	4
1894	0
1	524
0	194
0	275
6	359
345	798
0	509
617	781
0	781
135	1576
0	502
25	1576
191	323
130	323
0	0
0	0
0	0
4	139
307	106
0	2090
8	1541
34	1897
0	3
133	986
15	1176
16	358
322	260
1	76
0	126
7	606
27	606
6748	6
73	5
0	5
416	0
0	0
6	0
0	0
9139	4069
14	4157
91	3621
14	1
332	16
0	16
561	16
0	16
0	239
434	2826
2	2226
2	16
482	334
4	332
0	0
37	0
10	34
0	34
7	1119
0	495
0	242
12	0
0	3
0	3
157	206
54	206
560	5
892	2
50	0
437	486
0	0
0	16904
0	5826
28770	17816
0	5937
2235	1
0	40
3	61
0	30
35	101
0	34
11	34
80	267
0	268
0	0
0	35
10	35
6966	3
0	2
0	2
0	0
0	8
0	8
0	0
0	0
0	0
755	0
125	434
0	434
5139	2141
0	1827
0	2138
308	446
40	446
252	652
94	652
1	77
0	10
5	7
39	77
34	78
9559	2
0	0
297	204
145	284
0	278
0	365
707	2430
3	863
0	1353
172	214
0	214
0	145
15	12
0	12
35	164
0	164
70	0
0	951
16	951
0	951
2109	1
3522	3411
0	482
67	3409
408	1
73106	42
0	59
105	115
12	0
705	0
154	1016
0	538
52	354
0	354
0	1020
6054	3
210	17028
6	10427
293	11949
1	4178
0	8421
4657	2
10072	1464
0	758
0	703
0	0
18	114
1	114
129	0
0	5
8	18
8	18
8521	0
0	9
0	10
268	10
1727	0
111	107
8	1
65	75
35	3756
0	174
0	3985
0	3985
349	388
0	2110
166	2110
20	0
0	0
1	0
5	0
10	5
66	22
0	22
542	400
112	35
1180	408
3484	3
0	130
3322	130
231	11
1	52
0	0
0	0
6	0
84	0
2009	0
0	1
360	2
0	42
0	31
21	73
0	0
0	0
0	0
0	0
263	101
14	123
0	123
1424	2803
0	17
357	2803
42	101
0	3
0	1
5	4
66	439
1919	2
3667	0
194	0
35	4
15	1247
0	14
0	390
77	873
116	873
280	3
702	0
0	0
0	0
0	4
0	4
2	4
0	0
2485	922
20	444
4	600
0	105
216	105
0	1
172	29
0	28
0	0
0	0
0	8
0	0
0	0
6	8
15	0
0	141
0	139
0	141
0	241
0	115
2008	5655
0	0
0	0
7423	7
0	132
661	358
0	40
2	0
50	19
316	29
11	27
0	19
0	21
7	140
15	24
0	136
62	0
0	3
0	0
0	29
0	0
0	0
0	0
0	0
0	29
0	29
3	0
0	0
0	0
2879	0
0	1690
0	1779
0	1609
0	1851
14	1822
3	1791
0	1718
92	875
155	893
24	893
36	340
0	340
0	193
173	1772
199	1772
481	165
0	82
21	178
14	7
0	7
110	366
0	9
0	116
0	386
0	378
0	378
0	0
0	0
1	0
0	1468
0	179
0	1064
149	6117
0	479
20	5814
0	0
0	0
16	461
0	480
0	483
48	0
0	0
0	31
543	31
234	292
4	292
796	0
0	684
0	164
0	742
0	791
0	783
0	99
56	99
0	0
0	0
0	0
0	0
0	0
0	0
0	0
35	4
0	0
0	0
0	22
27	22
323	825
0	825
236	4
2526	1
186	86
0	85
0	63
8	232
8	288
0	234
0	0
0	4
0	5
30	5
0	10
0	252
0	170
0	248
42	308
0	248
21	0
43	0
0	421
367	421
0	71
2	10
13	0
0	256
0	155
0	616
0	171
0	584
29	325
18	322
211	538
1313	2445
0	2305
0	2563
159	278
34	2431
10	2431
0	0
0	55
37	55
255	0
72	544
11	544
0	532
0	1255
37	1255
100	2
0	98
0	163
6	109
0	251
1190	791
0	519
15	309
0	288
51	61
265	669
335	669
691	233
117	614
4	249
0	170
136	0
1707	0
0	0
0	9
0	9
0	144
0	144
17	198
0	71
4	232
559	33
21	33
0	265
0	3
0	5
0	253
0	182
0	274
0	164
350	4
0	3
0	1
3	129
0	302
388	282
0	304
93	290
0	44
110	401
35	295
6	124
1739	18717
91	18717
0	0
2884	2297
37	290
483	290
2	4889
0	4850
13195	5468
0	5428
4	4139
0	2364
0	0
0	0
0	146
10	31
392	321
0	211
2	155
6185	242
0	238
547	1093
0	1093
1	0
17	0
17	170
18	170
279	0
3	0
0	277
2	462
0	277
0	112
0	247
0	269
0	203
0	2995
27	2788
1	2561
23	2903
0	2696
36	2891
6	3105
0	2471
331	153
586	153
220	508
2	508
0	0
0	0
124	81
94	32
10	3
5	2
68	180
0	180
1476	4305
0	4305
0	48
0	0
0	0
0	0
2199	1
0	0
0	0
0	0
196	0
17	713
30	201
0	148
15	713
50	0
329	1137
24	42
109	0
0	436
0	60
0	0
9392	6
159	1592
28	1687
22	348
513	348
60	436
0	438
2571	1069
30	1068
1743	4962
0	4962
0	0
0	0
0	0
0	0
0	128
5	94
3	5
0	87
0	97
0	58
0	0
0	53
0	89
0	0
0	0
220	48
1	283
992	2087
0	1933
0	2087
0	512
2753	836
0	110
104	257
0	257
1439	596
5	594
94	209
184	2571
285	2571
3594	0
45	111
63	111
0	59
0	75
0	32
0	28
431	4227
0	4109
17	766
0	1726
70	33
0	33
19	45
0	45
167	941
131	501
2	710
4	48
2	30
0	8
0	48
2242	3
1848	1
8	130
376	9
0	9
0	0
0	11
9249	5
193	1800
0	111
0	208
11	1791
0	1328
9	5
0	144
0	29
0	144
2	49
17	49
2901	9
31	195
0	13
6	738
0	744
222	18
0	18
147	1916
16	22
3	1744
0	0
0	0
14945	12
0	1138
13	1149
100	128
13	99
0	54
47	1353
2	998
5	1073
0	1185
0	0
0	0
40	977
20	64
15	1202
0	1239
1915	1101
33	913
0	462
1050	713
0	713
4920	4
0	357
0	0
5	30
0	139
0	278
74	121
0	122
8	181
151	181
76	124
4	88
11	128
0	52
0	80
0	848
0	9372
0	1104
0	9144
351	9158
74	844
0	323
0	12
0	226
0	0
0	0
0	125
0	0
0	0
0	0
0	0
0	0
152	0
281	436
2	436
3	58
0	62
4	62
1557	4767
0	3755
117	1013
467	0
0	429
188	431
235	0
0	0
0	1214
169	1214
2	263
235	263
0	156
0	18
0	18
21	518
55	6
54	518
15	39
1664	24
122	18
15	0
12	0
0	2
0	2
2	2
0	0
24	0
0	0
0	0
3	0
717	1
253	445
6	0
0	0
19	144
1183	6980
0	162
0	39
4	7155
0	0
0	0
0	0
0	105
0	175
24	269
0	11
0	0
0	260
18	78
0	78
22	747
0	270
7	703
702	97
47	97
65	27
0	17
16	0
28	64
54	2110
24	356
0	1759
8	2050
6	376
18	2011
0	1727
627	0
0	3201
467	3201
0	43
117	197
0	197
21	40
15	40
0	36
15	845
0	331
871	751
1	3
0	3
0	3
415	75
263	436
47	382
0	4695
3	4695
31	27
0	0
0	0
1017	2247
9	2246
82	346
0	346
1194	0
122	4589
4	203
0	32
0	4606
0	4479
0	4704
71	4360
0	0
7	5
0	5
6	1095
0	5
0	3
5	0
0	0
0	1462
1657	1462
0	0
12	18
1	18
0	9
1294	332
0	0
0	0
267	1018
171	1018
0	765
3	869
0	865
225	222
0	222
0	397
3	395
134	322
109	2543
0	986
12	76
48	2825
21	277
0	89
7	2456
0	2377
175	290
0	13
0	209
98	73
0	69
0	39
0	0
2	194
0	226
0	243
137	193
720	1
0	0
0	24
0	24
30	0
0	1691
98	1776
28	1
0	1
3	4
2	0
0	0
82	115
0	116
0	54
87	159
0	159
1387	0
937	106
0	92
1	26
48	3
10	0
14	0
2232	1
10	0
1	0
13	60
0	60
1667	2
1133	676
0	35
56	1500
113	1500
1175	1
13	0
376	0
209	12
0	11
981	0
8	0
737	1709
0	1707
448	0
2960	120
98	0
0	0
0	17
0	17
0	11
0	3059
51	2967
0	671
0	84
529	1422
0	1422
0	0
0	0
0	0
0	0
4	5
0	251
0	1040
42	1104
0	188
0	1
5	1033
43	1110
0	0
0	0
7347	4
0	7957
1403	10654
3	2762
124	12
1	0
0	12
21	0
0	0
164	0
821	0
5933	731
2379	0
0	0
1	6
0	6
0	6
9	635
171	635
188	402
0	402
23	0
4	1290
0	124
0	286
0	507
13	1347
0	1278
46	92
8	0
0	0
197	0
8	156
0	0
33	31
0	31
36	219
0	45
357	219
1929	2
666	0
74	1867
519	1867
254	647
0	356
2	24174
0	25805
0	27730
427	30827
0	28906
17	10
0	10
0	0
0	0
0	12
11	12
17	0
1461	0
0	0
7852	19668
8	19665
4	8140
0	5882
3308	3
1885	192
0	192
76	0
5	0
0	229
0	3
0	134
5	39
2702	1
43	0
3726	7
94	38
845	38
763	0
0	0
1901	0
0	333
5	333
54	11
0	11
15	34
0	34
0	0
77	23
0	23
0	0
1404	0
95	86
38	889
153	889
44	0
0	0
73	0
41	0
5865	5
0	19
455	356
0	324
0	257
0	317
0	264
6	0
0	0
13	10
0	10
7	61
1348	5060
7986	5094
555	2452
0	2452
2	182
0	13
191	190
182	164
0	0
3	0
0	0
35	18
2749	301
477	24
0	10
23	491
4	491
0	0
0	0
0	0
7	0
2494	2
0	0
0	0
0	1886
580	1887
324	263
0	262
6	0
407	2
316	7152
0	7152
0	5563
6	1760
9492	2941
2	2388
0	547
2	0
2	94
7073	726
0	254
0	221
52	287
0	743
6	113
1877	743
0	0
0	0
0	0
0	0
0	244
13	11
0	11
972	404
4	404
18	162
115	6
34	43
5	84
156	191
6	110
35	126
0	126
75	0
0	110
0	110
1859	2
7	332
0	0
391	0
15	893
7	701
495	893
0	822
0	5697
0	5669
0	5885
0	5328
0	440
18	593
1464	1097
0	566
0	160
0	10
0	119
42	115
62	438
0	438
125	331
0	0
0	0
0	0
48	0
286	1
987	0
0	8
33	477
451	745
0	131
57	629
117	0
0	54
3	12840
0	4662
9	9223
6568	19803
72	16556
0	231
2937	735
0	0
11	0
434	343
0	343
0	221
0	0
34	221
4	235
0	0
0	0
406	0
3	409
0	1224
1484	1633
3715	0
1505	1681
0	690
0	3785
13	3576
0	3682
0	65
3	534
0	391
0	391
0	2
0	2
567	268
0	268
2285	828
164	824
0	208
49	208
16	0
0	2
0	11
0	7
0	11
0	0
4976	167
6	164
1651	0
0	0
0	0
0	0
5	0
181	0
2147	814
86	812
7	267
53	262
0	60
0	666
516	440
7	243
0	440
90	1445
0	501
5	1445
0	59
0	15
40	15
801	732
52	739
0	0
0	0
0	0
120	0
2745	510
5	3
0	510
2	243
0	0
0	0
0	0
0	900
1	0
2	876
0	887
0	863
30	0
0	30
0	30
0	12
0	12
0	12
2	0
0	1479
0	1364
7	95
18	1062
0	1
0	907
16	689
3	827
1265	1461
4	967
40	136
513	0
441	2544
28	2544
3	91
5	369
0	188
0	135
0	189
0	203
943	2
9815	80
7	141
0	4
0	57
139	623
0	701
122	975
0	67
0	130
0	212
0	176
1	1011
0	4
0	4
3	4
0	0
9	40
142	0
0	0
0	7
9	7
0	0
4	0
0	500
0	21
0	30
0	12
0	30
0	494
0	500
2	523
0	320
13	429
107	429
63	632
0	579
0	592
0	127
155	127
0	0
0	0
194	13
58	18
0	18
317	142
2538	0
1	29
1571	0
0	210
0	181
196	694
1	653
13	96
2	96
0	1007
1856	1007
1	39
0	22
0	39
31	172
0	172
22	4676
0	35
0	3725
36	1657
2694	10928
0	6550
10	4675
25	5936
0	3405
2394	0
386	564
1268	564
2518	0
5	854
4	86
0	800
95	837
2255	461
49	460
110	358
32	358
57	278
0	170
0	26
27	43
28	0
9	0
465	882
0	116
339	261
1	146
3	102
824	264
0	264
19	175
2035	2818
93	1398
5	1130
0	691
1343	537
0	1479
49	18
0	18
0	178
42	48
0	427
21	454
78	39
3	37
0	37
74	0
0	0
0	0
522	402
251	773
0	366
58	465
2	97
59	132
3	78
8	73
0	93
42	0
0	48
34	3236
131	3236
39	0
0	90
212	90
0	1219
12	2269
3136	2272
0	4
111	111
0	111
0	134
0	55
0	1215
17	2243
0	1857
0	45
0	51
22	48
0	75
25	123
614	212
0	212
41	967
0	967
0	956
0	0
0	0
1996	634
0	384
0	380
100	400
0	400
1	1892
0	445
388	3014
4	1185
0	3
2852	3
761	42
491	0
1220	3
835	2
1	1024
471	3847
285	3846
1	0
0	24
0	383
0	383
0	373
104	437
81	437
26	31
36	8
648	394
12	109
0	285
2208	8997
168	4451
6	1893
219	1891
2	1008
333	1008
0	0
0	0
16	34
0	34
0	25
0	14
0	25
0	25
0	0
146	0
74	0
0	1080
0	2700
848	2700
7	1
50	1
912	6508
861	6508
0	24
1	24
8	0
0	83
852	83
100	88
316	88
0	133
5359	136
754	0
0	103
0	158
18	158
69	0
0	247
220	278
6114	2
1446	136
0	136
6	8
23	8
0	1628
1232	7680
8	110
5	110
0	0
393	0
1441	3404
0	167
0	15
0	3389
1836	935
0	935
782	0
0	0
0	0
0	0
10	0
438	0
5079	8
0	1
0	1
0	26
98	40
0	14
0	831
137	2070
0	1162
163	1996
0	921
0	90
0	85
82	921
11	124
0	124
0	12
0	4
0	8
0	40
0	40
0	48
0	48
5108	1086
0	1081
70	0
57	0
0	7
0	0
0	1035
0	397
0	639
0	209
0	933
0	1107
0	0
0	0
13	0
0	1156
0	1156
7703	5
507	948
608	2154
11433	4
110	1665
0	1665
1	628
1	507
0	626
1530	5075
0	5075
284	4801
0	0
0	0
104	3392
0	319
0	2451
10	3378
3105	312
0	908
16	7890
0	5034
1554	8799
0	288
801	178
0	300
0	2084
273	2805
0	3131
3	2991
0	0
0	0
0	0
1	0
824	541
0	541
0	196
10	488
0	488
0	109
0	77
0	69
998	120
16	407
0	106
4	407
55	0
2	0
0	4077
0	3875
24	4047
0	0
4	110
590	0
484	0
69	0
1773	2265
1	2044
135	775
12	76
0	30
0	306
613	790
16	0
0	10276
0	9957
0	8
62	90
6	90
0	30
0	0
0	30
0	30
0	410
82	435
0	435
5	0
388	910
0	56
38	77
11	213
20	224
3	128
0	0
264	0
4	86
0	73
1038	587
3	518
34	32
0	32
0	48
96	48
42	24
0	24
0	1383
304	4062
271	4088
0	4112
0	439
0	410
0	10
0	32
1	395
0	99
705	280
0	1
0	12
0	12
1034	7772
0	6515
352	633
24	633
90	29
1065	2581
14	369
6628	9
378	598
0	598
94	0
5300	4
149	0
0	510
289	725
9	611
3	663
2134	1
573	1319
0	2016
0	2122
0	2212
660	0
6	0
0	120
379	237
1	201
0	0
0	0
0	0
0	1
0	1
6	0
0	25
4	25
24	1752
0	1752
3	105
0	105
5	5
0	5
148	48
0	112
0	96
2173	156
222	841
0	104
4	12
864	839
0	1539
410	1610
71	1077
0	263
0	263
6	13
65	240
4	240
131	0
52	24
0	24
79	490
0	16
2069	89
0	73
0	48
23	48
0	0
2	0
0	112
16	117
0	75
4	88
0	92
0	96
0	113
0	94
0	0
744	637
0	634
87	10543
0	10543
80	201
157	0
0	0
0	0
1	25
0	25
42	2
34	1149
0	202
3	1149
415	977
0	456
359	913
704	0
1042	1
0	0
2	0
0	437
9	33
39	146
0	97
554	97
0	157
9	157
0	66
11071	10
705	0
2099	1
48	185
121	780
3	780
0	6
0	26
4	26
0	26
75	0
0	71
0	430
0	94
33	411
164	0
83	591
137	43
0	335
0	324
31	1347
0	1195
125	1110
0	1109
30	150
0	150
12	176
21	451
46	492
0	493
4	9
0	9
189	307
0	307
23	0
0	0
0	0
0	0
0	0
0	587
0	191
9	486
2	957
49	900
0	422
0	2372
0	291
5	28
81	3865
0	4010
10	0
7	0
3707	2
0	0
3	0
902	206
44	0
4668	0
6	541
0	180
426	95
27	225
0	116
0	242
0	235
326	1
5	11
0	11
0	0
0	11
0	11
2883	5
505	6134
269	6133
0	171
0	3238
0	3315
0	3278
219	3143
528	1
139	835
118	835
0	305
5451	5
100	8377
1997	8365
8	998
118	12
211	0
87	826
10	901
0	854
837	0
0	41
18	41
62	233
3	242
316	320
0	271
1615	1
24686	13197
0	13186
0	876
90	816
0	598
0	481
0	415
0	122
0	2052
0	1995
0	1778
0	1813
14	5
0	5
2254	16462
0	16461
882	263
38	262
5	2
0	2
105	1408
0	1408
0	9215
0	635
0	8876
39	9649
0	8600
0	2744
168	2744
0	1146
154	1313
80	1295
1395	132
0	132
0	0
5	18
11	2884
0	1890
0	1177
2154	2733
161	7
348	0
542	540
1717	0
2230	2
807	637
41	637
595	0
38	1160
0	60
41	1146
1	1185
4	2
0	1178
0	1370
8	0
2808	0
47	213
0	934
30	819
14	1068
0	0
2576	4788
5	0
0	4788
902	585
277	409
1021	12
0	12
0	476
4473	478
2492	0
0	8
0	8
21	167
0	167
245	578
0	3954
0	701
128	4402
489	4402
58	3
0	3
0	44
0	0
11	44
0	0
0	363
2	3486
6	848
3216	3488
0	132
2	132
32	295
146	314
0	2731
0	237
3314	4552
0	2455
1914	1
273	0
0	16
0	0
1246	102
0	84
1355	666
0	657
0	637
161	0
1075	1
5	16
0	7
0	0
0	0
0	0
675	669
1	9
45	14
0	14
0	228
39	228
3	0
0	726
3535	47164
0	4983
5283	38365
24	2917
30	9916
25	17
34	3
130	703
0	386
0	28
69	189
0	20
16	0
730	4377
2	35
31	4342
0	2249
2025	2249
276	1
0	32
0	112
68	150
0	241
0	171
1879	2276
540	2275
3	525
0	1304
406	1239
483	1596
0	1304
80	1515
0	210
20	1529
146	591
92	591
0	266
0	5
72	266
0	0
0	0
0	12
0	5
0	25
8	35
2	293
2	293
0	268
3121	528
1	528
0	325
136	492
0	992
0	1738
45	1651
0	496
1978	500
0	3
0	3
0	0
0	0
0	265
0	2838
0	3797
44	3726
0	3794
0	55
18	101
0	0
0	0
3	374
0	205
549	3390
21	3490
32	128
0	958
540	958
0	2084
1	955
0	2230
647	7323
0	1144
0	3558
8	7315
2942	0
3	0
0	0
34	103
0	12
0	186
84	402
52	519
0	259
2954	0
694	486
1	30
309	30
3	0
5641	5
0	11
0	11
3428	1
0	21286
6	15518
0	18618
2344	36472
0	21080
0	15427
691	0
2	62
233	62
0	0
0	0
0	0
0	0
0	0
0	0
0	3
0	154
0	21
2	152
71	198
0	163
0	295
0	135
0	351
103	282
0	303
575	1775
0	496
0	40
0	14
74	52
9	20
0	7
0	0
0	469
1385	469
1780	0
0	0
433	82
0	82
2841	2
101	13
0	13
0	69
23	858
351	844
183	3639
0	1229
0	2520
0	1209
1489	0
0	279
0	108
8	799
1	941
1228	0
588	0
3	4
2	4
751	0
95	160
0	63
0	96
0	19
2	12
201	12
16116	1260
402	808
0	1047
0	1040
0	875
47	705
639	115
0	43
140	459
31	459
53	102
7	102
0	138
168	140
229	3
0	0
0	1
0	0
0	1
12	131
221	279
8	279
0	367
0	88
178	396
55	106
0	113
1	113
8031	6
87	804
0	105
421	770
23	1
0	1
0	0
0	0
325	0
0	3178
9742	24044
0	2095
1	11386
2	11645
0	11411
0	22518
0	0
20	7
0	7
592	626
0	626
265	3515
0	2916
0	2807
17	99
0	640
69	2537
752	576
1829	2
592	48
0	749
0	0
1096	749
3	68
40	109
11	101
346	0
7	133
0	133
0	0
60	65
0	65
0	296
697	1832
43	80
0	0
9	80
4015	1
537	729
0	260
0	647
289	0
373	0
0	0
877	0
2	0
0	0
0	0
0	294
867	1763
0	863
7	902
7	754
19	323
0	323
0	1870
1041	8293
6	8244
0	0
0	3
0	3
158	213
0	232
355	2598
0	529
32	2192
0	2166
0	2175
3	0
208	0
0	8
0	0
0	8
0	243
141	423
0	358
21	169
0	73
23	146
753	653
9	149
0	32
0	6
3	0
3	22
3	12
0	22
0	22
333	26
281	323
8	22
0	54
0	269
2881	161
17	160
0	0
5535	5
36	975
16	991
0	1733
0	1820
0	1802
0	1099
0	1737
35	416
17	78
295	5470
0	118
41	957
0	0
0	0
0	550
912	550
15	10
35	20
0	155
0	246
440	267
2450	970
115	258
0	258
76	0
176	0
10	137
0	153
0	154
0	130
953	227
113	227
169	7263
2000	6929
23	2181
36	2196
99	297
745	297
50	295
0	197
2016	1870
0	1705
0	1696
0	1683
0	6
2	10
1027	2753
0	2753
459	50
0	50
0	1362
0	228
0	1423
1771	4175
143	50
0	48
0	1
21	1
0	3
0	5
36	845
63	845
799	3
598	0
0	10
168	35
6	25
10	0
0	0
0	0
0	0
0	0
0	0
0	0
0	0
0	0
147	178
0	178
294	0
0	0
0	0
1282	0
2622	1
88	82
0	76
1	0
693	30
0	30
888	928
335	416
47	237
20776	46739
254	3308
0	4079
0	45911
2	0
27	0
241	0
428	0
0	124
760	124
140	3080
0	143
0	7
0	3072
153	2923
29	68
230	233
0	309
429	1
210	611
0	4
0	0
107	704
2622	704
0	0
0	0
0	0
0	0
356	1264
0	0
397	854
0	854
32	0
179	1045
101	1171
0	1171
0	67
1	110
25	1035
0	1032
333	7000
32	2876
31	7000
211	0
0	0
0	0
0	0
1	1248
1668	2674
11	2627
0	1862
0	1988
0	1933
5946	6
0	0
1396	116
0	115
41	23
0	5
0	5
354	332
586	1019
0	264
2357	0
0	0
18	275
26	262
13	13
493	131
0	67
0	78
0	0
0	0
32	1762
0	1072
2	41
2	1532
0	1276
691	1276
0	42
166	139
0	61
0	1294
0	278
1596	1295
0	212
0	238
126	383
204	2
0	0
0	2
620	126
0	125
58	33
0	33
2027	1563
1	1760
2	0
1354	729
12	15
0	6
0	9
0	0
0	0
0	0
0	0
0	0
0	30
0	272
127	272
504	617
0	14
1	617
0	0
9	45
67	105
0	7
0	161
43	159
0	123
184	460
0	460
566	150
0	106
0	0
1800	0
0	654
8	87
0	263
0	784
99	785
138	927
0	924
364	279
0	0
4	279
18	48
0	49
0	41
0	65
0	51
27	65
26	0
8	0
160	47
0	574
348	1227
0	54
7	54
549	0
0	0
43	68
0	37
1	68
0	52
2377	37
0	36
5	1549
0	1384
1679	2
0	0
0	0
0	229
6	229
1	5
0	5
0	784
497	784
3165	1
0	3
51	3
59	175
0	112
0	0
0	0
0	34809
364	36624
0	21199
18	0
3	172
0	172
110	0
38	0
0	10
66	87
0	81
16	0
39	0
0	0
0	0
0	0
0	0
1527	3125
108	3124
89	44
0	42
809	864
0	864
5	63
0	63
296	0
7814	12
1096	1343
6952	6
845	0
397	2212
0	128
63	0
21	27
77	21
0	21
1920	2500
184	2294
0	2291
205	2331
0	2423
3	2339
0	0
0	0
0	0
2	58
12	49
0	495
2157	495
0	72
0	5
0	3
36	5
179	0
161	44
0	0
2	0
0	0
9738	2399
3	1724
1	324
508	193
0	0
0	0
63	0
305	0
0	334
12	54
0	334
1092	520
12	7
0	513
528	3706
0	3576
440	554
0	86
21	55
45	129
89	3042
1084	3105
885	1876
0	62
0	1876
1857	1091
0	1091
390	1414
5	1414
0	2151
377	2151
0	0
402	0
0	6094
6050	29664
4	29654
0	562
86	1660
1	1660
210	2438
2219	2438
9044	4
4575	2
0	0
0	0
0	555
0	336
400	6607
0	471
7	6595
0	27
11	144
1073	133
0	0
0	0
2035	0
0	31
63	43
0	41
0	41
0	10
9	0
0	87
0	87
0	0
61	3
0	3
8	2
401	1703
11	1516
196	2486
35	2772
0	2504
1	911
117	532
28	566
152	2056
6	2923
0	0
0	3
0	2
0	2
18	2
8	838
4	770
0	63
0	123
291	156
0	143
22	39
213	1
0	11
0	11
0	0
0	0
0	0
0	0
0	66
4	66
0	0
0	0
366	0
315	5394
56	5394
1651	0
0	76
370	76
494	0
183	519
0	463
0	503
34	126
0	126
9	0
593	0
1182	885
0	885
0	0
371	5
0	0
0	5
0	0
1081	716
0	634
0	82
0	0
1170	0
25	265
70	265
28	89
83	243
0	243
49	153
1062	2
1659	256
15	256
35	3697
133	2467
2455	1807
687	0
128	0
10	1527
2	653
107	1527
2	5
4	32
62	57
23	84
4	8
0	12
0	17
0	175
217	175
6868	5567
0	1143
16	5403
1	5403
0	5382
0	53
4	53
4480	3
0	17302
6	8332
84	13034
2588	17302
0	854
0	138
119	1669
56	1408
0	1311
2750	0
0	0
0	0
0	0
0	0
0	0
46	0
444	1556
0	1556
0	0
0	0
0	117
189	117
1094	0
23	62
0	107
0	140
0	145
0	145
4	540
23	663
10	663
97	1
0	5274
0	2813
6	3483
3178	6650
468	0
173	39
171	5
0	5
3609	1
9	24
0	21
0	6
0	1
0	7
0	6
5	11
0	0
0	1
0	1
0	11
7291	8
329	862
0	425
0	920
246	1288
0	611
2	1284
0	0
99	0
0	214
0	209
7	226
0	1
41	12
0	12
0	672
8	644
14	490
26	154
22	147
1295	1064
5	1046
7	69
230	104
1	60
0	0
0	0
23	0
195	0
25	0
31	0
5	925
0	8
23	957
0	991
0	618
220	0
44	0
0	0
426	0
1153	3
0	84
0	2
1397	1659
11	302
5	214
127	1633
11	0
8	0
886	1
50	2817
0	2814
0	2867
193	177
0	177
0	175
0	364
0	277
8	1033
58	1062
56	169
2548	1
167	469
23451	483
148	0
0	1080
54	1312
15	1318
211	218
0	218
0	0
5302	6
304	513
5	22
0	8
60	140
67	228
0	228
16	371
0	26
15	187
0	36
0	60
64	508
0	463
12	512
0	0
0	0
0	0
1374	3624
5	3624
87	43
0	6
0	36
0	36
68	0
0	0
0	0
0	1036
753	2422
1	2416
0	23
17	23
98	0
970	0
0	366
1001	366
250	203
20	241
41	30
0	14
0	30
0	30
11	54
200	259
0	1
0	3
0	3
1	3
0	3
0	397
8	1507
68	1552
4	1488
13	1439
417	0
0	3
0	0
0	3
0	3
47	9
0	0
0	0
0	0
335	183
0	183
0	0
92	225
0	4
19	225
488	857
0	2818
46	3198
0	3345
63	3346
0	0
57	51
0	51
14	383
0	48
20	78
0	54
0	41
0	360
28	0
1102	94
0	93
368	0
0	1313
0	2496
72	1922
13	2500
7161	158
0	154
8	553
637	553
1649	745
0	66
46	66
50	0
0	0
0	0
456	0
4	102
0	207
0	253
26	420
40	417
0	0
113	0
6106	1
738	1
134	0
651	1563
9	1561
49	30
0	685
856	1424
0	1097
240	656
0	655
1322	1185
175	203
45	203
226	0
36	18
0	8
2	15
0	11
0	11
0	15
0	8
0	8
0	53
313	285
0	262
19529	7602
182	369
0	369
241	155
0	155
176	0
2857	361
0	159
112	28
0	28
0	0
3	34
0	34
13	46
354	119
0	99
89	97
47	2406
519	2403
535	0
298	0
1864	0
1138	0
0	0
607	3394
0	3272
0	2970
0	2647
0	3279
0	2970
247	3031
2	3640
9	3259
3	0
0	0
0	0
815	273
0	273
20334	2085
2597	2
244	49
179	701
0	701
0	0
380	202
31	0
4286	4
7	0
59	1830
48	1830
0	1314
135	107
0	0
68	24
8	24
0	0
7449	3
0	0
0	2057
4	12183
481	40273
11	5852
0	13790
4	34975
0	750
841	1961
2	1593
0	1960
40	1386
4	286
5	125
2359	1379
0	0
3336	1
78	158
0	0
0	0
0	2855
1254	2856
0	0
305	0
0	0
2	1410
25	1220
194	0
1	210
0	836
15	836
0	4
0	4
1265	121
20	121
474	1794
0	174
0	1676
189	443
0	443
278	0
0	85
0	23
0	45
5	2
0	81
1	0
1	278
0	268
288	7433
56	332
12	7433
0	39093
1548	56552
0	26668
58	64
0	50
7002	1
286	290
12	113
0	93
4	113
0	80
0	199
79	308
0	94
0	297
119	421
0	465
0	337
85	34
0	8
0	24
0	8
1645	15
0	15
84	566
0	256
0	151
0	551
744	3
0	1320
259	1320
0	0
3	0
0	0
0	18
0	9
5	18
1999	2591
0	2591
0	0
241	300
0	300
24	59
0	312
6	85
2	7
2	62
0	86
5	1781
0	4
2	1773
925	0
3	6
0	6
30	12
0	11
0	14
766	703
0	2
343	453
0	1
113	0
0	451
79	189
0	189
0	0
7	0
0	0
0	0
17	28
15	28
16	17
0	558
0	659
45	191
243	2711
3	2800
0	51
138	120
83	453
0	359
0	2
0	3
0	44
0	36
15	89
0	0
1229	1360
0	1360
0	1360
0	1356
0	1156
0	1367
0	0
0	10
0	8
0	6
0	0
404	0
0	30
33	204
20	199
5	955
0	488
0	36
0	425
0	436
769	0
0	0
129	4244
0	2924
76	4244
0	5
97	0
0	719
616	719
79	237
0	237
0	0
2118	0
94	1
838	0
0	621
1507	1206
10	1294
7	0
0	4
0	4
197	367
60	367
942	423
0	422
407	0
0	0
0	0
0	417
0	471
0	300
0	278
0	124
0	2460
0	2993
0	2990
0	2993
2	16
109	2306
0	2290
0	81
110	6010
0	44
98	6354
0	4120
0	61
667	223
0	206
2596	2
151	71
0	23
2	48
3	0
0	301
112	319
7	304
0	0
0	238
0	238
3316	0
0	1579
2172	1580
0	1579
578	0
2004	47354
73	47349
0	191
4	216
501	1452
27	1279
141	22
0	22
10	56
0	0
0	56
1463	592
13	586
17	117
1095	117
0	0
0	402
186	4514
2	449
36	1139
2	1087
15	948
14	850
46	4361
112	0
271	1291
0	1291
114	0
32	1956
0	75
330	1911
0	213
0	284
0	932
8	954
0	934
12	989
0	935
0	94
1254	621
2717	3
0	0
0	0
0	75
0	64
0	61
0	80
0	116
2	40
97	420
1416	2
26	0
535	24
0	24
812	199
55	197
0	865
63	3879
16	4017
0	0
0	0
0	0
0	0
0	0
0	0
0	0
0	0
0	0
0	214
308	214
0	2
0	2
2	0
0	6
0	0
0	0
0	6
957	5794
0	574
48	6066
1354	1
10	47
26	0
0	215
0	82
83	545
763	5
559	1294
225	304
55	0
656	0
0	22
0	22
0	0
0	0
0	16
1	2
0	0
0	59
7	92
0	63
0	92
0	0
0	0
0	5
586	0
3841	22530
5935	22536
531	0
220	666
1084	670
6	19
2216	5
416	0
268	0
22	25
0	0
12	15
0	0
0	0
246	0
7	151
1739	946
28	460
0	795
3	190
1543	4
1429	2282
8	48
0	2159
0	2147
1365	158
0	2020
2	1962
231	0
0	0
1466	1
6668	2
82	123
0	39
3557	156
0	154
0	0
0	0
0	346
0	655
421	1946
0	1946
1174	213
0	209
674	0
637	0
0	7168
15871	25971
4483	2405
0	17
0	10
731	0
298	1181
0	228
14	776
0	85
6	412
24	1230
10850	11519
42	1982
22	11511
12	38
136	5
0	2
0	5
7	0
537	0
0	0
0	0
0	13
0	0
5	0
24	1707
0	0
0	0
7480	179
0	176
1496	1904
0	1904
0	443
58	191
1104	560
2842	0
2287	0
5	0
0	1
234	305
0	5
198	465
0	172
0	285
0	0
185	384
0	384
0	0
1452	0
0	0
652	0
29	0
21652	8
0	71
149	71
0	23
647	536
0	403
929	0
8	156
48	284
412	196
4	3931
150	3937
68	479
0	128
0	38
0	22
10	486
709	166
0	39
735	0
8305	687
17	368
0	968
37	648
25	2252
3	716
12	432
9	699
0	424
0	617
7	12
22	31
4	2374
0	2289
0	2370
0	2329
172	0
149	466
0	2
0	466
0	10
0	3
0	60
52	166
0	0
0	4
177	534
25	525
1	541
9	12914
7	12397
0	10491
0	10419
382	20
0	20
1559	1475
83	1475
2145	2
0	0
7342	1
36	2
261	1571
514	17
0	3007
0	2733
415	0
1	28
3	28
47	105
297	105
5	742
197	742
1885	1685
119	2370
28	2249
4	25
0	0
3905	4093
3	4090
0	9
0	0
0	9
9333	2574
11	1515
0	1523
1	0
3	19
55	19
18	5
8	5
0	79
35	87
144	10
9	1707
0	0
101	1462
283	1462
121	883
811	883
2481	0
2	117
0	119
36	164
212	173
0	63
0	50
379	3329
32	3326
1395	161
0	1
63	0
64	0
410	0
14	2097
0	1279
10	1071
334	1541
29	318
78	0
0	237
0	55
0	222
13	237
2	4
0	0
1879	2
6	0
9	0
0	0
2539	1633
0	1
0	0
0	2
0	2
28	2259
0	1546
0	1449
0	0
0	0
0	0
62	7
0	7
42105	1999
0	1960
0	0
5371	0
58	0
59	0
0	3094
4466	3750
0	3748
109	31
31	31
932	445
0	445
57	0
63	0
0	393
0	157
5	622
38	622
0	186
931	0
165	0
25976	40483
1440	8772
53	35380
4094	3
1208	2
3	155
0	161
0	169
5401	826
0	817
0	24
0	24
23	0
25	0
1456	1531
24	136
42	4
22	1155
0	0
414	233
0	233
0	11
0	11
4	33
8	33
93	17
0	17
0	0
0	0
53	198
0	198
9	184
2654	32088
0	158
16	4102
0	84
0	3561
75	33640
33	0
0	87
34	87
40	2032
0	1224
0	1270
0	1207
0	29
0	14
0	497
0	174
0	164
4	505
154	88
55	57
0	48
0	0
0	0
0	1
0	1
1	0
66	43
28	361
0	361
179	0
3776	1
4413	2
0	0
1	0
31	528
2	105
0	738
0	725
0	0
628	5289
294	5289
0	0
10	32
102	0
0	0
0	0
0	977
2	35
0	275
9	273
54	4773
0	4775
0	4902
138	2605
0	2145
0	4
4	4
0	4
686	0
33	2017
0	1119
2	1118
0	67
0	1010
0	3
9	3
9	10
0	0
0	0
0	0
169	3370
2	162
149	10200
70	10094
43	28
0	1
10	28
3553	3569
0	3569
0	2928
5309	5999
0	5995
561	951
0	445
0	487
43	4435
2	718
0	1042
0	350
73	4487
7816	3
42	124
1	1149
0	414
0	370
0	776
0	807
0	4
0	4
0	0
49	37
0	83
0	67
0	83
122	566
266	566
0	48
33	229
0	31
192	213
3	29
0	20
104	106
0	9
12	44
0	508
12	508
897	632
0	20
7	1
13	21
0	1
12	17
115	352
69	352
544	431
0	963
184	3584
4	1265
0	3327
0	0
293	447
0	447
2072	1648
96	393
6	325
0	67
219	719
0	149
0	653
0	6
86	6
15	13
0	13
827	252
12	25
12	56
0	224
0	0
0	150
0	0
211	322
0	322
148	2
0	0
1865	0
46	1
0	0
0	0
722	5590
0	198
0	1405
17	1191
925	7431
0	0
0	0
1	0
0	0
0	0
0	0
9	0
0	0
12	1
6	5
24	5
0	679
913	1561
0	1792
1924	103
0	103
0	0
1175	0
80	0
102	288
5	320
99	131
35	212
0	219
73	220
0	0
0	0
0	0
3	0
646	1374
0	1374
0	0
0	0
0	0
0	299
472	299
19	92
18	92
0	0
0	0
0	0
0	0
0	3
0	3
751	260
9	19
56	3
0	2
0	0
18	24
3	27
67	3474
0	3375
2	1631
0	1594
0	1631
0	3331
0	0
0	0
6	0
2	34
0	183
0	149
22	9609
0	9788
105	915
0	915
0	6
281	0
1319	0
0	14
0	19
10	25
0	25
0	25
10	69
0	69
3	0
166	26
0	26
120	3089
0	3089
2	201
0	47
0	2022
171	2022
0	8
0	0
0	8
168	2
0	0
0	0
15529	10
7	0
1	63
11	63
6	27
399	28
6	0
0	0
352	0
92511	27343
0	6802
231	886
0	886
825	1
0	38
0	35
1	38
69	347
1	28
2	229
545	7292
3804	1233
2601	6060
0	9
0	0
0	9
0	0
0	0
431	6
20	20
0	20
72	6
0	0
0	0
0	0
0	0
2	55
0	22
809	283
2	120
0	163
0	17
0	17
10	0
1798	751
69	162
32	612
15	12
25	274
16	371
2171	433
91	289
0	289
219	1843
19	2094
0	1666
0	0
0	0
0	0
83	0
865	3117
12	2857
0	2768
0	2788
192	1585
0	686
0	1517
433	432
0	76
0	396
0	0
0	0
0	0
0	5
0	0
0	22
15	27
0	0
0	0
23	370
9	312
0	18
0	95
7	292
0	370
0	0
0	0
6261	2034
0	1724
0	1785
0	1932
9	40
0	8
371	554
16	53
0	3
28	50
0	51
16	123
0	138
3	121
0	1
7	29
0	16
4992	0
0	560
0	412
55	560
0	0
0	0
0	0
0	0
0	1997
497	1997
5254	6
0	0
23	283
0	0
0	123
29	265
17	0
172	19
0	19
1329	463
0	462
0	0
0	0
0	0
0	0
0	1
0	410
0	158
2045	2820
0	2662
52	0
0	0
227	9
0	0
32	598
8	445
0	568
174	280
0	280
280	784
69	784
0	0
0	0
0	89
0	380
14	766
0	162
3	219
1	886
0	755
29	136
0	50
200	530
0	19
0	0
438	0
460	645
43	24
49	184
296	829
1506	6
87	21
0	2
0	2
0	0
338	0
51	137
0	137
0	137
0	0
0	0
304	9226
5551	9231
195	3129
0	174
0	29
58	126
0	3134
0	3013
432	697
82	691
1	367
8	6
0	0
9	0
0	0
0	0
22	0
12716	533
0	525
65	9
633	1465
13	19
0	1462
5	286
1819	286
23	0
0	91
0	91
0	0
159	1186
19	229
8	2001
0	2013
4	2039
0	2001
9	2011
0	2049
1	298
179	1867
0	1867
3	952
39	35
42	35
3	0
62	9
5	7
0	7
196	359
0	359
6284	2
316	0
0	560
1108	1181
0	149
2112	1
263	435
0	435
0	269
0	0
0	0
0	116
52	173
75	173
0	90
1	109
1254	115
6027	1589
5	1587
326	6159
0	39
5	6120
626	0
11	724
0	5
0	724
0	1
0	9
0	9
0	9
0	9
0	9
0	10
0	9
0	0
0	1
0	0
0	0
0	0
1229	6
0	0
0	0
0	0
0	0
2433	0
470	2167
48	65
0	0
0	0
0	0
0	0
0	0
3133	310
209	0
99	0
592	0
0	19
0	25
0	25
0	25
0	9
617	0
500	246
8	33
0	231
45	62
292	0
0	0
0	0
0	27
0	46
0	11
0	22
0	22
0	26
8	51
0	25
4	25
0	25
0	86
0	2
48	998
0	1032
6	1027
408	2
32	30
0	30
0	129
0	36
0	484
0	484
0	18
0	2
0	16
22	621
0	621
254	1718
139	521
154	2143
2	0
0	0
22	312
1407	313
4	66
207	391
0	7
0	0
0	0
0	0
0	0
0	0
183	31
0	9
0	20
0	12
2166	5
158	810
0	53
0	563
0	803
103	217
21	217
0	0
114	161
1866	147
38	307
1631	1255
130	157
0	157
0	0
608	0
0	0
1060	2
0	218
17	219
308	688
358	3953
22	3952
61	263
0	237
0	254
32	263
234	0
125	188
3179	1
0	18
15	18
0	0
0	0
677	0
0	1
0	0
0	0
0	1
59	112
0	4
0	2
0	4
0	4
7	0
19	241
2079	242
3	179
74	179
2	274
855	212
6	212
11	0
0	0
44	15
0	0
6	115
0	95
3	60
3	652
2796	1094
0	684
10	673
3	228
0	313
0	576
0	747
0	783
0	2
0	2
9	631
0	278
68	129
32	794
0	129
0	794
24	0
2066	376
0	376
41	70
9	3
371	67
94	27
0	16
199	288
0	176
20	0
59	20
182	20
1298	0
0	120
0	42
3	30
8	9
0	9
53	291
2	291
758	262
0	59
8	194
0	21
0	1000
0	881
20	0
807	864
0	864
711	0
0	0
209	0
15	0
0	0
0	283
57	535
0	0
40	5
909	289
0	289
2083	1986
0	1982
0	0
0	0
0	0
730	1049
9	1047
0	288
0	0
7812	3
4	0
0	0
39	286
0	220
0	45
103	516
2	115
99	1268
28	1349
0	881
3472	358
2918	0
2355	0
0	0
0	0
8	101
0	0
814	1906
0	1789
0	16
98	0
347	614
0	531
0	537
0	514
0	554
242	728
6	2
0	0
2	43
51	43
1540	596
0	0
109	139
0	131
0	131
21	184
1	153
1405	5
1	840
7	2870
72	2870
603	0
147	145
4	142
0	91
142	611
0	134
739	612
285	50
0	0
0	0
1401	1
1	65
1	49
0	10
0	1923
25	7654
0	2289
368	8032
702	0
338	703
30	2589
4	2541
72	131
0	120
15	4199
3840	4208
2	1279
99	1279
0	0
0	0
0	0
0	3
21	3
54	0
33	212
0	7
2	73
0	78
0	134
0	0
0	4
2	101
0	8
0	6
26	330
248	347
0	13
0	84
11	31
4	3
130	386
353	13818
56	15
39	8577
0	8561
15	154
0	154
128	1228
0	1228
0	215
0	6
1064	6
1897	0
0	6
0	6
12989	30858
10	13633
2	9177
0	12300
2	17887
162	18033
6824	115268
0	16693
0	19500
66	115267
78	250
0	296
37	0
19	0
166	13922
159	13817
2273	2
111	815
0	815
0	778
3	77
0	58
61	1111
61	223
6	253
63	789
32	273
58	786
2088	750
0	750
0	10
44	10
552	186
0	186
7090	9034
0	8002
0	8542
249	13867
201	0
0	5
6041	0
2	0
16101	4774
1	4760
0	12
50	12
141	3066
0	583
0	3189
4121	554
0	542
12	8
206	7093
0	6398
0	1249
32	180
0	0
19	180
174	444
0	0
0	0
60	113
2	5
0	341
12	181
4	287
150	1568
0	529
21	1544
2	0
11	10
0	32
0	27
0	27
0	3
0	17
0	27
3362	0
0	345
0	345
431	39
0	39
19	100
0	224
108	172
4	16
2429	164
111	367
57	530
328	0
229	508
6	259
5	521
12	520
78	420
1	20
433	20
95	32
0	32
0	27
0	27
313	3857
0	3857
1230	3
592	173
0	173
2	0
40	166
0	166
450	0
0	0
0	52
4	52
0	46
0	40
434	40
6290	5
156	735
0	506
0	522
2622	3319
2	3289
0	1690
0	1087
98	989
0	984
0	0
57	210
0	3251
0	1105
0	3270
39	3336
1064	157
0	135
0	102
170	3916
0	3916
294	0
0	0
157	0
0	0
0	112
16	112
0	91
0	0
103	830
0	830
44	377
168	1220
24	1220
604	0
0	0
4	0
18	177
212	237
0	214
3	119
1163	121
0	0
0	6
484	3708
11	3708
0	96
0	1708
32	419
13	2260
0	2199
1	0
0	1131
0	439
26	243
0	2640
0	2404
118	2291
274	0
0	0
0	2
0	2
7801	2467
0	2465
8	385
749	3985
159	8385
0	2259
0	202
0	5090
0	7857
29943	26801
0	26787
5	3
0	782
39	785
0	11
0	12
0	9
0	372
0	385
19	15
25	385
371	0
51	179
12	179
58	464
0	463
0	462
6	451
6	1495
26382	1517
8	9
2	30
7	31
6	0
0	39
0	39
302	3
177	672
38	116
881	2045
22	2045
71	224
190	0
341	2269
0	2226
0	1995
0	2060
0	1656
0	1656
1870	2
2045	1955
61	1955
1015	1
454	276
0	0
145	203
10	203
51	257
161	265
186	16
0	54
239	54
0	0
74	0
0	100
0	1335
0	1793
61	3964
4	3851
3605	25398
4	15422
6	10021
2	25035
0	4
0	0
0	12
24	16
0	157
0	130
0	5
61	5
0	0
288	3
0	0
653	1025
0	62
0	963
32	166
55	166
507	3346
0	36
0	814
395	3313
55	278
0	271
0	151
7	96
0	109
56	20
0	0
2	0
0	0
0	171
44	958
22	595
12	1125
2	658
5	210
0	298
0	1001
0	1
0	1
44	0
427	0
114	0
0	318
0	386
82	432
0	254
4	0
115	547
0	547
574	1554
46	139
10	139
38	55
1013	375
148	504
88	504
79	46
3	46
134	1345
263	1342
1319	654
479	0
0	56
0	56
0	31
0	56
0	56
11	56
667	0
0	0
0	0
0	0
0	0
0	0
6	659
1532	2016
77	627
16549	5
0	3
0	3
420	267
0	43
9	230
0	15
0	10
0	15
3	7673
24818	11950
0	0
18	0
0	12
14	12
0	12
0	24
0	18
0	26
130	14
72	673
0	984
0	1469
77	5536
25	4877
0	4206
159	0
0	523
2468	3417
756	3418
8	11
0	11
1973	1
197	6118
19	656
356	6118
72	132
0	15
0	32
0	132
136	123
7	123
2093	0
359	2550
337	2551
18	9
0	0
426	0
0	474
150	5387
0	5368
0	3794
887	0
71	0
1723	940
36	940
5	255
24	0
195	0
1214	31
9	31
418	853
0	178
73	178
92	37
31	37
0	0
247	224
0	244
0	31
1	31
0	8
0	8
84	18
0	10
84	608
9	608
0	254
0	238
21	0
2359	5
38	0
23	2345
50	2345
0	1334
0	0
0	0
0	701
4754	1929
0	1913
0	1925
0	864
0	214
0	14
0	400
14	624
0	655
371	0
8	0
14	0
9893	1383
0	1376
862	2565
35	2566
131	206
0	44
107	1015
14	1015
2519	0
605	235
0	235
0	0
11	29
0	5
1	5
0	63
121	80
2	0
0	0
387	0
1	0
0	0
0	170
0	156
838	327
0	0
12	132
6	7
1282	3590
0	6
0	6
0	1
5773	4
18118	10
1955	522
0	151
3770	3963
7	536
0	373
0	3902
46	4170
5105	0
470	0
1020	0
0	91
156	22
0	224
15	238
8	347
659	347
0	214
35	1835
52	1830
3730	557
0	527
3	1104
0	0
0	0
0	0
0	0
0	180
213	180
0	80
97	93
190	0
67	0
30	0
10	354
0	102
1507	542
0	188
2	0
45	490
0	197
2	539
6793	3303
0	871
197	871
145	16
1975	2311
0	2305
18	446
0	96
5	245
5	387
3942	4005
0	188
0	20
7	4080
15744	7
196	1067
128	1067
0	541
1152	308
0	237
2344	10545
655	10660
2	1577
0	6
11	306
81	33
3	25
0	9
0	315
4	234
46	315
868	7083
755	7246
118	1202
0	39
0	1202
0	0
0	0
0	928
1244	2301
0	2134
53	1552
2	0
0	0
0	182
0	215
71	553
16	553
0	145
227	145
0	28
43	28
0	28
4334	204
0	203
0	0
0	0
0	0
0	1
0	1
75	80
0	78
3	5
0	648
0	452
0	872
6	1692
46	4628
17	1206
0	1205
0	1206
26	3447
2915	7998
3	7997
320	0
229	0
0	2253
365	2253
3	353
0	627
0	648
0	586
0	37
15	578
4888	1097
0	512
0	578
230	1
0	0
372	29374
4157	22705
1	15475
9	23427
535	29298
0	34753
0	1
9	1
370	111
0	111
178	234
14	178
759	567
1411	0
2770	2
94	1070
14	1641
0	1641
0	34
0	8
9	25
0	754
4	754
2	103
3	754
236	344
38	21
14	163
21	841
41	841
0	5
0	3
45	3
0	0
71	0
0	0
1719	0
38	571
0	24
61	70
0	87
0	38
5	108
0	0
0	0
4	20
1098	368
137	313
2	157
0	184
0	135
0	214
500	0
709	2
172	1472
20	1515
0	0
68	0
0	0
0	0
6	226
0	219
0	149
0	229
0	176
553	294
9	232
3	213
3	0
0	0
0	0
0	0
1518	1423
0	376
0	2
0	0
84	48
0	29
4	0
1229	2959
0	1972
0	422
193	400
0	2508
103	0
0	7
79	7
3765	2310
6	986
13	221
15	225
0	1983
0	1998
17	2384
31	278
0	278
1228	1426
0	1426
147	63
4	63
2137	0
0	0
0	0
2	0
192	338
651	683
29	233
0	66
0	38
0	683
788	479
0	479
5584	14
9	67
678	672
4	672
0	0
5671	5180
372	5180
0	0
0	0
0	1039
21	4793
0	1322
5	3284
0	4100
13	29
5153	2059
0	1781
0	117
1	101
0	86
0	129
0	103
0	1194
98	1753
511	1654
11	0
0	0
0	0
257	0
135	0
6	33
0	33
1574	0
972	6062
295	2473
394	7838
20	0
31	545
7	536
2	31
18	15
2072	1043
0	1315
2	0
106	550
71	683
4	0
0	6
0	17
4703	20
0	0
0	0
0	0
0	0
20	4
0	4
0	0
0	4
0	4
2	0
1	446
0	200
0	9
0	206
0	330
627	22687
89	650
2091	1
173	126
111	0
0	2724
0	108
19	1991
21	1
245	89
95	89
104	2957
83	1820
11	148
3826	4871
28	2006
0	4850
0	230
127	205
2861	439
0	4
31	165
188	121
0	99
0	4067
9	4804
42	8682
0	5412
36	1381
2	9335
0	25
65	25
0	4166
47	23515
2	610
7104	5860
0	1444
52	6456
1	5260
2	73
0	73
0	2
21	2
259	33
0	33
5	0
10	736
0	421
0	392
0	298
16	0
0	371
0	590
0	158
1179	841
22	2
0	2
166	924
0	342
1361	1810
0	1
0	1
0	1
0	0
0	3
0	3
655	0
0	1176
288	1176
358	169
0	169
0	169
101	0
31	0
4	0
0	0
759	629
0	78
0	68
0	0
0	0
19	604
13	763
31	763
842	0
23	95
0	95
80	644
723	1879
535	2001
22	55
3	1793
0	15
1	1817
3	1817
336	70
742	663
0	23
3	41
376	0
0	419
0	419
472	0
0	0
3	0
38	7984
90	8525
22	22
3	48
0	125
22	69
790	472
38	175
0	102
206	0
814	483
518	1292
73	21
7	1270
5	77
5	1987
0	531
11	185
0	1868
4	5396
12	2003
0	5396
1006	474
0	472
1347	22341
199	428
0	428
4460	557
12	7
0	173
0	18
2	600
103	4672
0	759
1514	1
0	79
7	46
0	35
0	71
296	7
0	6
0	23
3	86
6	232
512	522
4	269
383	174
0	10472
32941	10504
0	0
16	0
825	4016
0	3
0	0
0	3
675	0
0	0
130	23680
2	23472
333	21672
533	2280
0	3272
0	3401
0	271
5132	4034
0	2279
0	3118
0	4979
1	0
0	0
0	11
0	11
0	11
0	6
0	13
0	13
9	0
6358	4
763	1301
7	1301
0	0
259	24
0	0
0	0
81	0
3	0
0	7
0	7
220	3083
232	3085
0	2
0	2
0	2
0	2
0	0
3	0
16	0
19	2878
4258	2878
154	127
382	0
108	1641
0	306
7	1139
0	698
0	1076
3	1139
0	1641
0	1679
250	11384
14349	11386
0	0
0	0
117	21625
0	522
253	539
221	227
0	227
0	0
10	7
0	7
44	93
3	93
0	93
0	93
2701	2010
108	0
0	1058
163	1058
0	23801
167	23692
6	87
31	87
0	193
2254	2612
0	3098
42	2516
53	3108
0	2699
16	3643
11	3773
0	0
276	0
0	6
0	78
55	119
0	98
521	455
0	455
4	0
0	0
40	1904
0	303
0	1714
0	1544
0	1594
1457	19914
0	19911
60	182
0	86
0	182
96	0
0	0
346	4
0	4104
219	22200
249	2585
59	25163
35	11
14	19
0	8
0	0
108	0
0	0
0	0
0	0
0	0
501	0
0	0
5	0
0	195
0	533
1028	3511
0	15
0	3492
0	3496
152	61
76	5813
425	5874
0	0
140	139
0	139
0	0
2	50
0	9
286	21619
0	10
24	10
0	0
0	0
0	1698
0	56
33	169
2	206
457	1698
0	1274
11	1292
0	892
0	892
87	598
0	596
75	10
74	26403
23	26297
0	0
0	0
0	0
125	4017
0	4021
0	3823
1078	0
0	7
8	35
0	9
124	68
1330	9798
8	9797
4692	401
3	398
10	10
0	10
0	0
45	0
0	0
0	0
321	0
30	24484
0	24375
0	647
3	127
0	292
5	490
243	717
0	38
48	7
0	7
177	412
0	408
1965	1840
0	1835
23	44
0	44
2	5
402	21661
0	11
3966	1737
0	13
0	1736
281	24464
5	0
32	0
9	40
105	73
0	73
0	274
0	117
471	505
0	348
45	0
364	3961
158	496
29	496
0	21
4	112
93	120
3418	96
136	88
1832	0
585	705
219	705
357	116
222	0
230	429
0	350
0	217
235	130
17693	6
9519	5733
243	5728
0	217
23	43
269	1261
0	1230
198	552
0	552
0	29
7	35
0	30
4	1
32	553
173	552
0	8
0	33
0	0
0	33
3	21603
95	1305
0	822
0	698
0	618
9	879
0	821
0	822
319	5895
0	239
6	5894
19	10
0	3
0	0
0	0
0	3
0	3
170	579
8	4039
39	21889
0	4148
1040	4150
3	338
10	327
0	333
2611	0
0	8
0	8
1413	1334
0	1333
0	0
1976	1453
0	1452
38	61
0	61
781	0
4	196
12	196
29	1988
0	212
0	314
0	1864
26	2028
478	20
231	3173
19	2653
86	2
16	0
20	12090
0	8975
260	12546
0	8223
127	0
4	7
8	7
20	43
55	343
0	237
0	175
0	132
0	432
0	205
11	1270
120	1286
0	216
11	0
3	0
0	0
0	0
0	0
3070	701
47	42
4	26
0	0
0	18
641	96
3	96
0	23
0	71
8	102
9	30
0	74
0	352
0	781
44	781
401	471
0	471
0	235
508	235
45	703
0	703
0	0
31	145
0	0
85	423
71	5279
0	96
27	5358
0	371
143	454
26	760
0	625
9	466
28	770
0	538
0	763
0	583
5	276
0	153
1	47
0	18
137	292
0	0
0	0
352	305
0	305
0	0
898	5626
0	1066
0	464
14	5875
0	152
1064	1507
0	1506
0	111
2109	260
0	257
5	17
0	0
1	0
1839	1963
17	165
22	1967
0	1862
0	117
6	24
3	46
7	106
0	34
612	334
0	637
0	82
337	639
0	389
0	435
35	3034
60	2036
159	2497
51	0
0	7
0	7
991	247
0	141
2498	142
170	13
2	0
8840	6
57	2
1340	682
2637	3
0	0
0	5
0	5
0	5
9	94
85	573
6	132
0	99
98	480
0	239
2393	6
0	27
47	27
65	0
0	0
0	70
6	99
0	159
0	149
211	0
345	70
0	91
21	115
1986	1575
0	1575
0	232
7248	336
425	65
0	65
17281	535
0	533
53	575
13	575
0	292
695	1517
12	1517
347	1659
0	1339
0	63
2	1245
0	942
0	272
3	222
1	215
11	148
4	120
0	14
0	1296
0	0
1244	177
78	368
22	764
0	2066
0	2066
0	0
0	744
0	599
238	904
0	2431
0	2069
13	2535
585	190
17	190
1302	265
10	265
0	779
3	399
3	636
3	1707
2	1940
0	2356
86	709
251	709
0	7
0	119
1	119
0	0
3	0
5280	1069
0	700
0	116
104	401
423	1217
8	324
0	281
54	324
1324	213
894	2
0	0
0	0
201	229
0	229
5724	1305
0	1301
0	696
840	533
35	763
804	352
75	0
173	362
11	362
0	4
0	0
0	0
0	9
3	9
0	121
1561	121
18874	19
290	487
0	487
425	0
122	655
422	656
9009	1169
0	1165
0	0
0	0
0	0
310	189
428	398
0	398
772	1269
112	430
309	2430
0	2108
0	1681
0	2630
0	2025
123	0
121	2
0	2
41	0
5547	4
254	760
0	760
151	0
664	2625
17	2625
0	275
1236	275
6	109
1154	1840
0	1839
0	6979
0	860
9193	8009
0	931
9	230
0	230
0	21
23	21
0	10
133	10
36	36
7	36
0	0
0	0
5	3
0	3
64	0
0	231
0	234
14	234
0	0
0	0
64	0
248	302
0	302
2071	403
7	347
0	198
0	31
52	476
19	476
830	683
0	133
0	3
0	0
0	0
0	6
0	0
0	6
0	6
0	6
1	252
0	67
0	22
0	261
0	189
7	252
0	45
0	15
26	448
175	75
0	75
2327	755
28	28
0	28
6851	488
0	0
5	0
210	43
0	43
520	0
30	485
4	463
405	82
0	82
2	908
158	908
1	575
0	261
0	261
4	0
0	0
1278	3995
0	4180
0	2889
0	4
0	2
0	4
4	31
0	31
130	0
3	170
0	1
0	205
0	99
0	99
153	95
23	58
13	65
136	0
9	1
1068	290
3658	5
2507	601
107	600
4	43
18	43
547	0
2004	0
0	215
103	367
0	7
238	0
11	18
2412	3016
0	738
0	1719
16	2807
0	0
0	0
2342	1
0	26
9	385
17	411
1	0
7	1
0	11
0	0
31	11
0	4
0	55
0	53
1311	1
1637	147
0	146
291	0
758	0
0	77
3	116
101	140
92	0
0	29
1	2
0	0
0	0
0	0
97	299
188	0
4	0
0	0
0	0
0	0
456	129
1332	2
479	0
0	3
0	3
0	3
0	4
0	1
0	0
0	1
0	1
0	0
0	0
0	281
548	1237
0	1236
0	208
9	0
0	0
0	0
0	0
24	1014
20	806
0	938
0	21
0	21
42	339
0	14
169	342
0	503
1537	780
0	97
962	1684
2	1497
3	482
0	96
142	1497
12	7
24	565
228	565
161	0
453	0
26	246
50	246
2328	1140
0	41
52	41
659	457
0	456
48	15
4	15
37	1739
4649	2011
0	1936
1180	739
243	539
0	546
0	359
566	359
383	4338
34	4028
55	0
0	28
8	28
9	0
0	112
26	929
222	929
139	297
0	239
0	108
63	108
15	11
0	34
1619	1065
0	1065
0	253
0	351
4	351
0	321
1919	0
656	0
342	954
0	954
0	4
0	4
0	10
0	4
0	0
0	4
50	149
30	149
5	0
0	0
14	210
2	210
2921	1704
0	3975
53	448
176	3432
143	646
0	181
23	646
804	67
14	67
0	1033
312	1035
3775	1
0	17
89	17
0	1951
2	1979
0	2010
7171	230
19	228
2	775
16	775
27	978
13	169
0	470
609	2770
0	770
0	1822
8	22
94	22
2393	881
14	33
0	24
0	33
0	34
629	0
300	1750
248	1750
95	0
137	997
65	997
109	10
0	670
581	670
8	7
0	7
24	84
0	91
0	232
0	270
0	281
39	281
0	204
0	245
37	5
0	5
174	3567
0	0
0	495
0	520
0	159
149	551
851	2511
3028	2979
380	2978
44	68
683	1176
0	1058
0	246
0	330
4210	1964
755	1964
14	39
26806	12
91	0
97	1575
4	1626
130	855
0	1
1081	3
51	17
1	3794
1086	3939
9	2778
584	22803
419	22800
1177	1
690	184
0	0
0	184
4	0
3655	0
396	2346
38	2346
6	326
0	485
0	409
4	326
0	439
0	416
0	492
0	515
0	17
243	1265
0	1461
0	1454
13	1390
0	0
0	0
0	0
15	0
20	0
18	0
0	0
0	2
0	2
0	0
0	2
8	33
0	2
10	33
224	0
0	0
3	21
0	21
148	0
0	0
80	10
0	10
43768	42
0	68
3245	2509
0	2501
0	2509
1667	3
19	205
0	205
9	313
47	247
756	314
1042	66
19	347
0	33
39	416
0	29
15	23
0	23
91	204
0	367
0	20
0	20
0	19
0	521
0	280
0	285
4	21
2	535
0	561
0	561
23	562
0	568
0	514
0	561
2396	80
47	77
0	1975
81	2197
40	1360
54	154
0	57
0	154
0	140
0	363
25	1189
0	643
146	1071
4	10
115	183
0	1
0	180
0	183
54	5014
0	740
0	713
13	4861
130	0
1	0
274	698
0	646
28	698
9451	3
212	3114
0	3114
83	25
92	25
410	12
63	12
378	605
0	605
1326	0
0	0
2250	7
330	6
0	15
22	29
75	38
962	67
0	66
2419	2
0	35
325	399
1	282
3944	0
1980	1
974	31
311	0
0	8
0	8
0	92
18	400
4	0
0	76
3	314
33	0
1	325
4017	6906
0	6891
10525	3
240	1135
0	1135
172	462
104	182
925	1895
13	135
6169	10518
525	9195
12	8430
32	13
3	13
0	0
448	0
24	0
166	7086
1050	17
194	1090
3	6022
93	1099
112	3570
3300	16452
0	6161
0	10290
7	12
0	12
0	5
0	6
4715	1215
0	1157
13	6
0	34
1	270
148	434
2150	1
4	1556
426	2104
816	0
0	0
143	245
20	100
38	760
0	19
0	760
53	0
174	55
719	960
0	960
104	39
189	2
0	52
8	54
1184	716
0	715
49	1261
0	1199
783	1088
19	88
53	1044
0	25
0	3
0	29
1039	1
5	1617
1403	1617
8445	2980
1	3106
221	198
0	0
0	4
0	92
0	92
0	221
123	1638
16	1626
0	0
0	0
559	430
43	430
469	1340
0	0
0	432
0	1147
21	114
0	114
26	1997
3	1023
0	1019
0	964
0	980
0	985
0	1019
3	310
31	310
0	280
165	280
685	13574
6683	16438
32	7260
183	0
42	466
2	466
0	16
152	0
0	0
82	86
8	86
0	0
0	1046
0	1027
53	0
0	0
23	10
57	71
0	196
194	196
388	792
7	7
19	84
153	84
72	68
92	2
6	1831
0	0
4408	9710
117	0
40	80
1001	81
0	0
60	41
16	41
0	1024
0	654
0	729
265	494
967	494
63	63
0	63
193	18
0	18
682	1
0	0
0	8
0	0
0	8
1	0
0	53
1810	182
0	182
1082	1
118	193
0	193
952	707
0	707
1010	15
12	15
30	1887
0	0
0	0
0	1708
433	2367
3	2367
0	4349
3	318
0	426
57	6824
1461	6904
332	0
3	50
17	73
0	62
0	177
0	119
0	174
2119	568
0	568
128	466
0	0
816	391
0	387
67	231
162	162
0	6
0	32
0	163
0	172
0	319
297	528
4	107
0	450
83	989
394	989
4460	847
0	0
0	0
0	0
3	0
206	1323
11	1323
14	152
1963	1062
65	244
107	469
1056	0
25	70
28	70
2	0
0	0
0	7066
19	7066
852	0
2363	2
1880	3
963	0
12	22
0	22
0	0
1366	3
0	20
88	20
2903	2
5580	264
0	262
840	435
2424	3
0	5
0	4
30	116
0	116
0	0
0	0
78	0
1	0
0	0
0	0
0	0
0	0
0	0
118	2
4	0
1	0
0	1020
0	251
0	0
45	1015
0	140
0	837
8	8
0	7
6913	4443
2510	4441
2	2903
63	2856
1136	0
23	5
0	5
1616	811
192	811
2	295
305	295
2386	358
1	348
0	344
38	98
6	0
0	21
88	344
6	328
0	332
54	3
26	9
0	9
115	89
0	171
263	324
6934	591
1005	358
14	154
0	204
50	0
1	0
44	0
559	6994
2426	2477
159	6935
0	2472
0	205
0	351
5	483
0	188
0	195
0	2483
0	2396
0	2566
0	2395
10	70
0	22
0	0
665	1807
0	1804
0	0
0	13
63	157
0	157
1223	2404
0	2403
0	2345
8	1181
132	1267
0	370
0	401
0	0
0	0
2	11
0	1
0	1
228	2232
1110	2437
41	67
35	2436
774	0
789	8174
0	654
14	397
0	8359
0	641
0	9
2932	1259
14	1219
15585	2651
0	1931
0	5
0	4
5	481
0	304
1153	1465
25	1001
0	24
4	10
138	423
68	2240
377	1917
157	1951
453	22
0	22
450	728
2	83
34	224
0	464
12	0
0	260
76	260
0	3
0	2
0	0
500	48684
30370	48704
1560	1624
0	404
0	628
33	44
0	8635
0	847
0	697
192	8318
27	8342
0	8770
1491	1
0	7
0	6
132	0
0	0
0	0
0	0
0	0
0	0
456	105
0	105
213	0
4	2
2	150
0	1075
1055	1244
247	1244
0	913
0	0
0	0
0	0
0	2
0	3
99	192
58	192
0	6
510	0
12	7
434	1995
10	7
0	7
0	7
0	6
0	0
0	0
97	126
1675	0
1865	945
644	0
165	0
152	208
0	216
1560	920
5	918
0	28
0	74
0	74
58	209
2466	4805
268	1520
0	4805
0	0
3	0
1	1770
7853	3762
0	2363
65	4365
1515	1642
0	102
0	658
76	1639
346	0
297	0
413	990
4	990
1	0
0	0
0	0
0	0
871	368
0	273
0	309
3	80
649	162
8	81
463	0
0	0
0	0
0	0
0	0
0	12
0	12
10	234
222	255
7	88
0	6
0	249
2	0
256	0
25	136
0	136
9	0
41	157
122	157
588	106
0	105
2	0
369	4692
15	3631
32	3734
13	4384
984	0
0	0
0	0
5	212
0	212
2	17
13	17
44	0
66	0
18	72
0	123
0	104
0	17
817	17
1	33
13	0
188	0
15	160
28	160
590	29
2	655
21	1593
5	533
189	1443
0	521
0	534
9	1300
0	2
0	2
153	7
0	7
0	58
0	280
0	95
0	31
635	417
0	0
11962	8
0	1118
3705	1207
0	1228
676	843
0	843
22	7
0	7
4377	1749
2	1748
6	754
2805	2
373	1212
0	1241
0	1291
12071	93407
0	93406
0	0
0	0
4	8
0	8
7	0
2	0
0	0
0	0
60	112
0	84
82	97
155	128
244	1610
2015	818
9	8
0	83
0	716
0	479
0	470
0	0
0	24
0	7
147	31
23	558
5	99
4	558
88	21
2060	1
43	292
618	292
0	125
340	111
0	111
0	701
0	649
13	3477
14	252
649	3477
0	60
25	90
26	226
20	0
0	0
5	0
347	1092
17	1092
0	3
0	0
0	4
10	9
0	9
8	83
0	83
4	83
4239	5
0	1547
594	1553
20	0
0	2
29	438
22	508
0	0
0	0
0	86
29	108
637	93
6	93
143	857
343	857
398	5198
166	5198
6	0
0	0
15	0
0	15
0	15
0	15
0	15
0	15
7	15
0	9
60	201
354	1345
0	1125
2451	0
0	439
2993	443
0	0
21	0
15	314
1	314
14	9
0	2
0	9
28	3
349	137
1533	1655
0	584
3	515
0	1655
0	3
0	32
36	10
83	922
0	839
8	639
0	630
0	528
0	525
0	901
44	1008
0	849
1	598
8	1800
2	2074
7	0
0	0
1	0
0	0
0	0
0	0
59	124
3	124
153	60
138	0
700	2122
10	2122
0	0
755	0
0	0
0	1
0	0
0	1
213	198
0	87
20	0
4	397
659	2155
1757	1293
37	14
0	14
0	139
3112	144
1704	4
0	0
0	0
1387	0
3	0
206	0
1	356
0	19
891	0
1176	0
57	25
0	25
0	545
1731	814
105	736
0	230
0	0
0	971
4526	5473
4718	2154
0	2150
1145	0
992	0
0	0
1966	2
0	161
326	162
0	6
71	6
452	2
63	0
467	701
337	701
225	0
2	5279
3195	5226
0	2724
6	2548
3	2460
0	593
2	379
0	284
17	600
41	144
112	144
0	1
5	299
0	388
1	393
0	393
754	0
49	98
1	0
183	0
169	299
0	245
76	296
1	88
0	0
0	0
1906	0
122	0
1	73
0	73
7712	2669
0	2648
0	2500
0	2616
0	2605
0	128
0	70
0	16
33	220
544	1480
0	1476
0	78
9	72
0	36
53	89
12	17
0	17
0	1
0	4
0	1
32	52
0	0
55	59
579	856
42	2223
0	2632
0	2209
2	1435
129	9909
645	10763
0	10218
177	9687
12	0
4	138
421	433
0	433
0	139
0	156
0	14
43	14
77	54
0	0
0	1
6	72
0	675
0	88
0	81
78	1007
0	425
0	663
9	279
30	217
8	254
0	1979
3679	1980
62	0
1776	1132
1328	2548
0	13
0	57
3	138
0	31
0	111
0	136
0	119
81	352
12	214
192	352
0	0
0	2
0	27
0	27
227	515
1514	1435
0	1408
46	0
0	0
0	0
138	39
183	158
0	104
0	306
0	16
0	306
32	1569
27	294
100	41
0	18
0	23
47	5852
6	5852
0	1250
1812	1910
0	1903
0	1554
1437	1910
13164	0
3	0
467	5704
0	6623
10723	6165
759	1
0	0
0	0
270	0
133	1691
5	1691
151	63
1734	0
0	2861
0	890
0	193
0	1431
999	3643
0	1736
0	4975
0	94871
298	105279
0	103958
2254	26595
2	0
0	73
0	0
0	108
0	161
0	161
0	136
0	0
75226	6167
0	6113
0	4628
0	8
3	8
28	275
6	275
13	0
0	0
473	114
0	114
257	0
359	16646
2	13475
4	5407
6	13755
17	13250
434	371
205	618
0	393
172	8164
0	2098
23	5801
135	4544
103	1635
8	393
0	615
0	1654
150	0
0	0
3	0
0	0
0	0
8	72
0	42
21	110
0	100
0	84
0	106
0	17
0	0
315	0
344	242
0	242
26	50
0	50
6	129
108	129
0	99
231	572
0	99
4	0
699	0
0	809
0	118
0	869
439	806
10	70
1318	1
0	1046
569	1005
3092	535
2279	430
0	429
5	0
0	0
4	120
0	120
0	115
2857	0
2963	443
0	10
2441	8712
208	0
0	0
0	0
0	0
4	0
147	130
3	130
54	36
0	36
23	14
0	32
29	23
0	5
13	0
4148	7665
89	513
0	43
50	43
10	2541
152	2541
294	81
0	81
0	0
0	0
6	772
148	837
684	155
102	0
0	37
0	32
4	37
9	0
0	0
0	0
77	27
0	27
0	0
69	68
1986	243
41	237
4	6
622	416
0	415
11134	2725
41	937
0	27
0	689
0	746
0	446
782	2949
0	1157
5	6
0	0
6281	4
788	956
0	956
1549	2
0	7
4	7
0	900
37	290
2219	934
0	0
0	0
0	0
41	4296
146	9261
117	5235
10045	8210
0	8350
930	4156
123	2107
78	66
0	2953
1	66
0	66
0	2988
28	322
26	409
1384	407
0	50
70	99
0	11
0	10
6820	12
1114	507
25	507
4949	34813
0	8595
42	39254
3	35194
28	31270
112	4209
46	4209
3619	3
8	107
0	107
0	0
84	1
3	7411
30792	9739
9	3149
102	0
574	886
0	0
0	0
0	0
366	0
0	12
2102	2290
0	2290
1	217
80	217
0	126
112	0
2687	1
1773	3
116	0
4740	0
419	89
800	710
0	2
0	2
16	309
295	312
180	510
0	699
0	659
2	0
11	33
161	102
0	102
436	1053
0	1053
1760	2937
81	1035
0	2078
165	2516
0	2094
0	1229
76	1229
0	1229
3932	1080
0	1078
86	3452
418	1776
1	3709
0	0
0	0
328	1188
0	960
9280	1212
10594	3
28	0
38	0
0	14
0	14
0	6
0	67
1	7
204	356
0	356
732	459
0	35
0	54
69	428
86	1325
0	1325
171	533
0	0
0	0
256	1
36	0
2	134
0	18
0	157
0	3
0	179
0	112
131	146
94	175
0	175
0	32
117	32
45	978
0	449
0	329
0	345
11	72
0	8
0	32
0	77
1606	0
0	519
22	78
60	677
3467	1266
15	35
0	35
0	3
0	7
0	0
12860	8
41	49
0	35
0	28
0	18
0	0
8	3
0	0
0	3
0	1
0	1
19	0
29	146
37	48
192	2282
0	1022
9	2282
5	74
502	0
0	2238
18321	2245
0	27
0	14
0	14
6	0
62	56
30	132
526	1702
37	397
0	1707
0	13
0	13
2	0
0	0
530	0
0	0
946	136
0	134
211	0
152	5376
5	5475
0	5705
227	0
2941	124
11	122
110	222
0	114
365	2611
550	882
0	2265
0	0
0	0
0	0
245	61
2109	0
12	0
43	85
0	23
0	25
0	75
0	0
125	1089
1089	1089
9050	2967
1	1366
289	0
0	290
4	290
0	375
0	378
634	230
0	84
5	73
0	90
1	97
0	97
0	0
0	0
12	0
1788	2686
0	22084
0	22930
9	22986
1345	2879
261	145
3	254
90	0
418	4224
0	3344
0	3849
0	869
255	7754
0	2684
0	4883
1131	7620
38	115
0	115
0	2
0	2
0	13
0	2
0	13
0	0
1943	2714
82	2713
25	26
0	26
0	0
121	0
29	0
2839	6
0	9
2	6
14	12
2609	1116
14	1114
42	148
5	3
0	3
14630	11
0	0
0	0
0	129
670	129
139	59
0	59
2674	0
93	24
7	187
0	193
0	189
22	135
0	130
0	0
0	0
0	0
0	0
4152	2191
0	0
0	2
0	2
79	363
0	363
705	177
224	0
0	0
0	0
0	6
0	34
0	34
574	2295
0	2295
0	6
417	0
128	2429
7	1576
28	717
0	5943
14	5616
28	97
4	0
3	0
620	0
61	597
0	2612
0	6920
214	5881
0	0
4	34
4	50
4	0
0	50
0	188
32	1313
0	1465
0	1422
0	0
313	467
6	251
0	467
1763	0
0	0
0	0
2	0
0	0
351	0
0	0
1722	650
0	648
18	101
1	101
0	1
0	0
0	0
52	0
4106	888
75	888
3	73
0	496
3190	532
0	7
0	755
2	230
0	6866
94	7021
0	6735
0	0
0	0
0	0
47	31
0	31
390	149
287	24
5	24
0	0
0	0
1	431
2	9
2373	550
0	207
966	0
152	408
1709	1
87	338
0	338
0	195
67	1489
14431	2957
0	1702
11	829
98	437
19	32
799	33
0	0
0	0
59	0
2053	470
6	14
109	413
0	961
0	75
0	875
0	1263
1994	2976
0	734
16	661
11	662
7	82
0	162
153	177
1	110
4	0
0	0
0	0
0	2
0	0
0	0
52	0
329	0
0	0
8	4
0	0
0	0
0	273
2	62
309	1349
31	946
47	171
292	0
3482	9335
4	1797
0	9137
104	110
24	528
236	1174
0	552
0	231
6	35
0	505
0	221
29	364
0	1110
0	686
1533	1260
99	145
27	1173
0	0
34	408
1	147
19	147
0	40
0	33
95	105
0	0
0	20
146	1719
0	1719
0	349
7	102
0	52
0	300
131	0
3119	3774
39	3774
1989	373
0	373
13061	6
0	0
0	0
0	0
0	0
0	0
0	0
27	0
4	0
0	0
0	0
0	0
0	0
5204	1136
121	324
0	1017
1481	0
10	5
2033	1090
29	183
0	1090
94	1090
873	0
0	0
75	1329
7	2
0	1462
184	1440
0	0
0	0
0	0
0	0
0	0
8131	1202
0	157
487	1
0	0
0	0
0	0
0	0
0	0
0	0
0	0
0	0
106	1
0	0
342	800
8	800
1328	8180
753	8180
63	390
0	390
0	0
819	0
82	54
64	1912
68	776
629	1609
12	233
97	24
0	24
0	0
7	113
0	9
4797	494
140	494
375	464
0	464
5599	1976
275	81
0	81
0	0
189	382
63	4809
25	4866
0	4483
0	0
0	6
0	6
92	0
0	9
9	11
8	0
152	530
2	530
93	5104
15	1864
0	291
0	224
10	4997
0	5022
9464	8
0	0
0	0
4137	4583
63	0
2460	0
113	22
0	7
8	15
0	476
645	645
25	169
22	217
3	57
0	192
0	2407
40	2289
59	446
0	2112
0	2197
25	2469
2188	2
20	10
0	5
2	10
1	1007
0	796
13562	359
11	115
181	115
25	2
2696	1
0	0
0	0
1	0
503	0
11	12
5	2
0	10
88	0
0	3
0	3
0	3
0	1031
0	1134
0	1124
0	795
55	1134
0	0
0	3
426	705
3	748
20	748
0	4
0	4
5	9
2915	10
0	1583
130	1599
94	1599
24	106
8	342
6	342
0	116
519	1564
173	1563
926	656
0	201
0	4264
0	2406
0	4240
1076	4248
0	0
0	0
13	65
516	0
0	44
2	11
40	68
3	5
0	37
3	15
21	116
1361	570
0	464
312	664
15	272
65	161
608	161
3490	7952
2	31
0	31
218	1874
0	134
69	318
18	1666
0	1980
1	2033
262	0
0	6
0	6
0	164
14	0
0	34
446	0
194	2
0	2
148	0
0	0
290	729
0	729
29	355
0	355
510	0
0	0
11	1
0	854
0	1253
0	440
2765	1210
0	7
11616	8
256	2510
0	2510
0	31
130	31
5286	345
10	339
0	4
0	4
171	9866
0	8045
703	5276
12	12687
11938	12689
0	0
0	0
0	0
0	0
0	0
0	0
77	6
0	206
22	0
13070	747
0	593
1675	2419
65	0
0	0
1331	124
0	124
17	335
3997	971
37	22
286	966
17	993
34	767
0	19
91	117
208	852
0	2
1011	17
4815	2815
19	0
0	307
1622	2
300	2870
31	2750
0	2716
13	2711
0	0
1	216
205	216
0	233
192	695
8	134
37	781
174	2880
0	85
0	307
0	670
0	615
87	795
0	1319
127	757
0	266
17	675
0	562
0	0
19	0
410	205
0	205
4	0
625	4
18	1935
2611	1935
1048	5
179	115
0	115
358	2261
37	2303
2	180
5944	184
183	191
0	191
101	0
6	121
15	121
4	154
0	9
0	28
0	27
4	84
29	84
0	0
81	342
0	342
0	324
0	4102
0	4044
4	4082
41	4078
3	4098
69	105
0	62
0	43
0	10
312	1840
5	1840
32	56
0	0
0	0
530	595
6809	5
0	0
0	3
0	3
0	3
1157	166
0	4
0	4
0	3
36	168
1733	489
2	139
45	643
636	643
1086	0
4345	2
3	9
0	9
414	0
158	197
0	197
117	168
143	2628
4	399
500	2541
11	29
0	29
0	0
0	1740
3674	1745
109	103
1558	2
287	0
35	0
40	61
0	61
42	0
0	0
0	7
7	30
0	2
5	26
0	25
5	0
0	1428
0	889
0	232
0	1418
1	167
1	1
0	166
90	359
0	175
0	0
6	1813
396	1803
0	1839
396	539
0	83
7	954
716	909
79	2111
0	906
0	927
3	1942
0	1501
1353	113
0	113
328	1399
0	1399
0	133
213	350
0	139
419	270
40	47
0	23
0	25
7	38
338	63
798	0
0	15
18	15
0	3
1	3
6155	1022
26	1017
28	4
0	4
1186	4571
0	691
0	704
0	1199
0	1978
0	910
0	1343
1	878
0	471
0	1370
69	4031
0	130
0	4038
3	3940
167	4102
20	4038
0	790
0	356
10	248
0	405
0	342
10	948
0	851
22	894
0	884
1949	1589
71	83
0	1585
1744	209
0	121
0	88
56	116
0	12
0	107
967	1
0	4007
0	3735
13	3928
0	4547
0	4492
0	4334
2532	44115
0	38282
15683	45457
0	45449
135	36547
105	0
1267	0
6	1639
0	774
0	832
4325	1259
151	0
10	256
1	255
0	80
0	255
0	18
9	3
0	0
0	246
0	18
234	246
0	0
3959	6
6	0
0	316
4	1948
0	337
199	1948
0	23
514	0
674	266
0	108
0	76
254	472
192	871
20	871
0	0
0	0
0	0
30	0
0	0
0	0
0	0
401	57
34	236
128	236
0	3263
1351	3263
30	0
393	543
0	543
74	0
1285	0
0	26
0	26
61	440
0	440
93	268
0	240
0	273
0	225
1438	0
1737	1
0	7
155	17
0	14
0	0
0	0
0	14
73	0
0	304
0	293
0	2921
2418	2921
1568	1251
0	511
1	1118
1196	59
0	59
0	20
0	20
0	20
0	0
693	328
0	328
1066	1709
0	1709
670	74
0	66
0	20
0	255
0	245
0	83
1228	83
0	59
0	408
0	408
2	0
0	55
94	185
0	100
0	82
1	0
306	0
63	16
1193	1272
64	1272
0	0
0	0
247	264
0	264
0	68
0	41
16	46
0	46
0	0
86	508
0	549
119	736
0	315
1073	739
527	514
3270	2
22	0
1307	568
8	566
4	12
61	120
0	0
134	0
0	31
4	41
31	220
34	332
0	326
0	30
0	30
0	30
1	1
6	2162
1	1293
83	1346
41	1393
0	23
0	369
0	1687
479	1710
845	282
3	36
0	250
8	250
0	231
1042	0
4952	31
18	26
810	4
0	1583
0	358
0	498
0	1582
0	3102
0	1212
0	3279
192	0
519	11
0	11
0	0
0	243
2263	2864
92	2947
0	10
0	0
0	10
0	30
0	30
0	30
306	0
48	2
0	2
37	0
23	200
1643	900
0	900
0	47
0	46
322	152
0	152
3704	786
0	784
0	0
1669	723
0	723
0	8
0	65
413	73
165	73
6	564
0	65
4	32
30	146
8	34
0	137
50	608
4	906
0	906
0	0
0	0
0	0
0	2870
0	111
0	2617
0	2552
3	1705
0	6143
815	6144
17500	19079
0	796
0	19059
8615	8383
1042	8231
0	25
0	10
0	0
0	0
1	419
1	206
0	37
0	205
0	186
0	419
2398	5
383	136
0	37
0	99
81	6
0	570
1	23
94	23
0	3
1112	1
180	1743
2011	1743
10524	1
0	123
192	582
0	574
0	0
181	288
0	24
23	293
1549	0
0	784
89	784
0	0
0	0
3	0
28	0
2692	0
38	333
65	333
520	4
88	0
4	1224
0	1330
0	1328
421	3280
1558	3280
5	22
0	8
0	22
92	132
0	166
406	166
400	273
1	504
28	149
209	1422
0	223
12	1436
58	0
0	0
126	0
0	1350
0	1330
31	0
647	76
0	76
25557	17
0	0
0	5
0	0
0	0
13	5
64	5
0	2
0	0
0	0
1021	0
43	30
0	30
9	18
0	18
0	14
0	18
1326	1
403	0
0	0
0	1916
0	282
0	217
0	8
122	2127
5616	1096
102	14
10	0
0	1073
1	395
443	362
5	614
2	686
0	2643
0	2577
18	2121
0	0
0	0
775	0
28	0
53	106
1	106
0	0
0	0
367	0
0	5
142	688
104	688
0	0
0	0
12	961
0	447
0	511
0	448
0	4792
19	7584
6720	35753
0	35747
12	143
0	0
17	26
20	1368
30	1374
1	1216
75	89
0	89
59	33
0	33
0	4
670	266
0	266
26	0
4942	4
126	176
0	176
1137	102
0	100
94	116
0	13
0	113
0	0
0	0
2218	0
1186	0
0	0
58	35
0	35
0	4539
441	20423
359	4772
0	1979
10096	21473
0	0
0	0
0	67
166	67
324	9073
257	8373
0	6186
0	3
11	7
11	7
237	2
196	234
3	4
34	234
0	222
1358	0
26	339
0	164
0	132
0	274
0	132
0	133
0	109
0	161
5	72
7195	12
53	82
65	125
0	2
2546	159
33	0
0	4730
1445	4732
0	0
0	0
0	0
0	34
14	23
0	117
559	586
0	585
9	639
0	476
118	476
24	0
0	2
0	2
154	0
1046	0
17	109
0	10
434	11
0	0
59	34
633	509
220	0
14	0
12	25
0	0
0	887
516	907
7	6
317	554
917	555
14022	1891
0	1866
0	843
121	187
3	408
3	132
0	448
0	439
0	0
1290	3
0	13
13	43
0	82
0	92
1030	217
866	0
0	0
0	0
1	0
0	0
0	0
654	68
0	67
450	169
9	169
5984	2
257	864
98	864
0	201
0	102
0	147
0	151
0	106
10	118
35	0
0	0
0	0
0	0
0	0
0	0
0	1045
598	1045
2	31
1398	31
43	861
4	304
341	847
2549	68
0	66
2978	5
69	0
1965	2261
0	45
7	19
0	0
0	33
0	210
49	210
99	395
35	3271
150	468
0	3270
4633	21
0	19
10	245
225	13
14	529
479	731
234	1777
58	1775
0	0
0	0
0	0
0	0
0	0
23	94
46	96
0	325
15	363
0	312
0	251
0	5
0	5
0	5
0	5
20	402
210	402
0	94
0	98
7	98
10	25
0	0
1	1329
19	612
0	642
77	1
26	794
0	374
0	342
0	12
0	11
201	32
0	32
8	41
9	31
0	28
0	25
0	0
0	0
375	824
0	535
0	14
0	881
3682	2
1881	2
18334	20
0	0
2942	0
273	104
0	51
2595	53
3222	2903
0	2901
28	35
0	35
57	0
1343	0
5	344
0	502
312	1125
0	93
17	85
0	1060
5	0
0	8
0	7
9	8
0	7
59	0
4204	514
0	512
25	0
0	8
98	28
634	1
210	0
53	490
9	149
0	409
0	1196
8	2652
0	2652
0	735
7	738
1	25
3	179
0	45
5	179
0	131
9	523
2184	2908
0	2579
285	0
0	0
0	4
4	4
15	74
1772	821
0	820
13	808
11	167
0	0
0	164
0	160
0	165
4	40
0	40
2	16
0	8
6	164
801	0
1783	1
170	169
2	154
125	780
0	780
339	94
0	93
0	3
0	3
0	3
0	3
0	3
0	121
0	115
0	121
4119	680
5	680
178	438
2	438
2219	1
0	123
0	123
0	123
0	22
17	22
125	191
8	72
31	191
2	121
1	2
450	329
0	264
0	192
2	49
0	49
29	500
0	65
0	308
0	398
0	461
0	500
4383	5306
3670	5301
495	1961
1232	1961
0	1864
0	133
0	168
835	2148
0	2093
121	2077
1945	4581
2	4581
0	573
0	1086
18	478
4	80
18	43
10	242
25	1211
0	7
7	29
0	29
796	1628
46	1655
36	1626
1238	0
64	473
0	0
0	0
0	9
0	114
0	48
21	70
135	328
0	346
0	282
18	0
428	1991
84	2024
5354	470
0	470
13	759
2886	759
42	52
0	0
0	0
1605	0
11	486
0	192
0	193
0	155
0	161
0	166
3531	1
15	22
0	2
1	77
20	199
0	64
4	434
1	122
0	94
0	73
5	379
2543	3
295	243
0	243
0	0
0	0
0	0
13	0
0	2583
0	9832
59	10975
0	10972
3297	2
3104	8
947	23178
0	19926
731	23178
351	645
49	255
1	651
0	0
0	0
0	28
5	109
0	109
378	0
0	61275
3677	61275
105	2223
61	160
62	2081
0	220
0	39
78	731
0	726
0	1031
117	1031
0	133
732	133
2380	191
770	191
336	0
5	49
0	0
0	2
0	2
0	25
0	264
183	8936
0	8913
14	4425
0	8803
0	5
0	5
0	5
0	0
0	0
0	0
68	494
2	560
12	0
0	0
5	0
249	0
0	754
0	1851
1468	2935
1	2393
0	2935
92	3355
18	2851
7713	11
0	831
0	249
1	546
0	159
0	337
17	1197
0	689
0	689
0	1284
0	54
0	27
0	0
0	0
0	0
0	0
0	0
0	973
23	60
0	2832
99	2916
3	0
1095	0
0	0
0	0
0	3
0	190
0	70
10	329
275	0
398	3
3	3
107	1
0	2
0	2
1	0
0	0
0	0
400	2195
194	2195
0	210
0	646
410	856
101	3774
8	3841
1813	3531
0	0
0	0
10	0
0	0
8368	0
35	360
59	360
282	1220
0	1217
0	1220
308	7
55	94
0	94
0	7
41	9
198	69
0	69
0	0
0	1
3	1
107	13
0	10
8	13
0	0
0	0
0	0
42	273
0	273
207	142
0	142
6	147
7	147
0	32
28	239
0	224
0	665
0	316
5	438
116	438
0	293
1	0
24	0
13	444
51	684
110	693
954	202
0	202
5	0
0	0
16	0
3	77
92	77
830	238
0	238
5	0
364	92
0	92
0	2
29	2
17	7
1405	56
0	56
14	4
0	0
731	0
739	2266
0	2266
0	18
0	4
528	1648
151	1757
115	2055
0	2055
0	56
637	90
0	90
1579	1
0	0
4411	2
495	0
173	199
2	127
0	72
0	0
9	26
509	0
212	52
3	53
38	34
0	34
37	763
0	0
20	9
0	185
437	186
0	192
0	0
1	210
0	210
6123	8
157	0
0	5864
0	6672
833	9533
878	0
4	35
4	35
985	1964
0	1964
0	0
6	0
6	22
192	0
0	73
26	121
0	119
8	10
2	10
909	0
45	190
12	190
0	1
0	0
0	1
90	37
0	37
7	254
3	254
32	2171
0	414
0	2069
0	1143
833	1728
0	220
223	487
0	1728
2171	2
6739	3908
17	3907
0	219
0	14
0	14
1395	0
0	0
6	871
3	485
0	420
14	20
0	19
10	1035
3928	1035
0	0
210	0
0	5
0	247
228	247
0	8
0	8
8	46
0	46
4	428
138	149
0	1
0	0
0	161
0	30
2174	1147
0	164
0	3420
5929	4399
0	3207
0	4395
0	1114
596	3721
67	3721
1321	84
0	84
22	0
629	0
910	3
32	1335
0	531
238	6128
1621	15787
0	5757
0	15774
5	13
0	13
0	13
395	0
1	0
0	0
572	207
44	207
0	9
226	9
884	0
1085	0
99	0
0	234
79	1652
6	761
0	179
0	374
0	1237
9	1237
1	297
22007	314
2	19
5	19
0	18
0	0
0	0
0	0
0	0
188	0
654	0
67	14363
0	14443
21	14428
4205	13763
0	14157
0	32
6	32
525	61
7	94
0	1
2	36
1134	356
0	356
42	3
222	106
0	119
0	49
0	49
67	3944
2717	3944
0	2395
285	53
141	54
15	1373
0	892
0	105
1032	270
0	71
0	233
8305	38710
0	4007
8	38705
1447	250
0	250
144	133
2	133
1691	176
9	174
26	0
2	2
0	0
0	2
8	1415
0	862
7	1244
0	924
1118	0
10	0
0	17
0	17
0	17
168	0
1806	457
0	457
0	25
203	87
37	131
187	0
24	130
3726	3
0	4
0	4
650	1
127	0
518	5399
0	165
519	5429
0	5429
0	650
300	659
7311	5
1	230
0	168
220	487
0	380
38	1239
58	1239
0	0
3	47
0	47
203	1
0	0
0	0
5	0
50	0
1039	0
1248	425
0	12
0	424
0	14
0	14
10	262
2	685
420	795
0	0
0	0
1035	0
7093	2
6	3
0	3
23	160
24	160
65	40
64	147
0	18
149	0
0	147
278	40
0	802
0	1197
199	3193
2	3193
0	416
1	803
479	97
0	53
0	44
1989	0
0	0
188	0
700	528
1	528
104	0
350	9
270	0
0	25
0	37
0	404
0	529
0	3723
12124	3765
0	0
36	293
0	293
28	573
23	573
0	11409
0	11139
6	12877
63	14865
1933	14927
282	188
0	188
0	486
403	486
2	0
0	158
8	172
573	28
25	647
3	130
75	0
612	2605
0	2605
114	3637
0	1328
0	3604
709	52
31	52
0	85
1103	232
0	194
35	0
4	15
32	0
0	397
1780	434
0	361
51	57
8	30
5	28
80	0
237	0
496	34
0	34
1207	0
1732	807
5	805
431	0
296	0
2173	7375
393	29
0	28
6467	4688
506	0
2	5
65	15
0	15
3	6734
2	12469
18	13431
5	27
1305	27
4557	4684
1542	1540
253	1538
32	1519
0	0
0	0
0	0
0	0
0	0
0	16
0	1
0	16
0	0
0	0
0	0
0	0
0	0
52	344
3	344
0	0
0	0
0	0
198	865
48	864
6	550
0	550
0	262
46	302
16	302
0	269
0	0
50	51
0	51
0	0
0	0
0	0
0	0
103	0
0	26
821	29
0	0
0	0
0	0
0	0
0	0
0	0
0	0
2	73
0	18
0	73
0	0
0	0
0	0
0	0
0	0
699	0
0	0
0	0
0	0
48	0
0	0
0	5
0	5
0	0
3	0
0	0
0	0
0	0
5	41
6	46
102	0
0	0
260	3
0	0
0	0
0	0
284	3
18	46
0	0
5	0
0	0
0	0
2	0
0	0
0	22
0	438
465	438
0	0
0	0
0	0
0	0
0	1206
2606	1211
0	0
0	0
0	0
0	0
0	0
3	128
0	15
212	143
0	0
0	0
0	0
0	0
0	0
0	0
0	54
764	1027
0	1035
39	1062
0	1036
0	0
0	0
0	0
393	361
53	361
0	0
1	25
0	56
0	56
0	41
0	56
214	0
828	0
7	517
188	35
14	393
16	263
98	1586
0	293
0	293
180	1583
0	2
0	2
4	63
0	63
0	167
1261	167
0	0
0	0
64	52
20	52
0	75
22	1325
66	1325
262	230
0	230
8411	8327
0	8321
65	69
9	97
1424	28
0	78
1	119
0	83
91	230
1	88
5	63
0	78
0	115
607	280
495	775
0	8
0	53
0	804
0	263
0	263
0	263
2	192
0	8
218	551
0	551
1	635
2	319
0	319
4478	1331
11	1331
31	553
654	553
96	0
0	97
0	99
9	115
0	1
63	2
0	170
0	148
0	155
0	133
0	36
177	36
164	0
0	0
11	34
15	54
168	54
0	1
0	1
15	40
0	0
0	0
0	41
18	59
0	38
0	22
459	83
157	83
0	0
0	0
2026	0
0	0
0	0
0	0
0	0
3880	0
724	432
1	432
0	1019
31	2688
0	2483
30	2617
3789	1
0	12
0	12
0	5
6	126
325	647
10	647
0	0
21	25
0	0
0	0
0	0
4	9
14	8
258	1446
5397	1
3267	37
6	0
0	0
693	452
0	452
2043	0
7	1
0	0
42	268
1372	381
0	380
576	0
0	0
10	25
36	27
35	434
8	2
0	0
0	0
0	55
954	56
176	27
4	27
0	0
17	64
0	0
4	208
0	8
0	208
19	33
28	25
1	2
202	139
0	48
5	111
4	6
0	0
1	0
0	0
0	0
0	0
8	0
0	0
0	29
4	29
16	0
0	1195
0	1192
1030	0
0	0
10	27
10	1366
0	1510
0	1557
32	192
429	0
6	737
0	144
2060	423
0	182
0	230
0	412
2168	1186
0	1173
5	719
3	8
5	77
135	77
0	0
22	0
178	218
5	2
4	2
0	2
284	318
0	318
0	318
54	0
418	1
0	6
0	6
0	0
55	849
478	849
0	0
0	0
4603	2
392	0
1461	1
92	0
610	1
0	150
72	150
0	0
0	0
42	355
2	355
1	16
0	16
835	226
0	97
0	90
0	117
85	26
0	43
472	43
0	0
703	0
0	0
0	0
0	0
0	0
41	0
0	0
0	2426
2118	2427
0	0
4	48
17	82
15	130
28	79
0	28
0	0
0	211
33	211
2265	2
5	264
1105	264
1007	150
0	149
0	0
15	5
0	0
0	0
0	216
0	216
3	20
0	9
497	0
0	41
255	41
17	81
0	81
251	1132
5240	1132
1393	174
283	744
0	744
364	1
35	143
343	143
314	13
225	13
0	243
0	14
0	0
0	233
0	221
0	151
0	285
37	0
3	223
19	223
0	55
1428	938
3	776
0	938
46	186
233	161
70	6893
130	226
0	226
0	176
8	1979
0	429
0	359
5	2545
0	1689
9	822
0	83
0	182
0	641
86	0
78	1213
9	1213
0	1658
1053	1658
0	118
8	50
292	118
0	931
473	7325
3	7325
9	791
0	125
4	741
0	553
35	1778
8	1112
58	702
5	552
0	302
333	0
0	2931
0	0
694	3688
2	2360
14	2390
0	56
0	90
0	90
502	0
2	1599
0	1024
0	958
0	933
0	595
550	0
21	798
986	798
12	1162
3	499
0	566
1418	0
0	223
454	0
100	0
9	6
0	6
0	54
4	187
0	187
5	142
1	142
0	7
0	7
2661	0
22	107
0	107
0	0
0	0
0	0
19	5
29	3
0	5
0	5
0	85
54	85
0	85
7590	5
0	165
787	212
113	47
47	116
0	116
1931	3388
0	3388
208	0
0	0
3409	2
381	4
0	0
524	113
1	0
4	0
326	170
173	314
0	175
17	380
5	240
3018	3
2174	0
544	61
0	61
0	84
891	84
190	203
0	187
1	0
0	75
0	0
27	39
0	39
0	0
0	0
5720	0
81	458
0	27
0	458
25	313
2466	0
0	0
0	123
1343	123
102	475
17	213
9	1091
0	340
0	1091
1249	1859
0	1859
7745	5
0	0
0	0
0	0
0	0
0	0
0	0
4	29980
18	2316
338	28621
1	8841
501	1
389	1
0	6
0	6
5	9
0	2
0	9
1695	253
0	251
0	105
8	17
0	98
0	10
7	0
0	53
528	53
0	0
1	237
1068	375
0	374
10314	9
0	0
0	0
0	0
0	0
0	0
0	0
578	0
1201	250
0	250
10	0
200	0
24	0
28	1832
13	1673
380	0
1627	0
4	1417
6	1349
29	1238
0	451
0	465
0	462
35	2257
0	1515
0	1515
10	1505
0	810
44	1213
28	2037
0	1152
10	1217
0	1151
3	2005
83	1201
0	1198
0	1327
0	590
0	393
13	1153
18	1326
0	1302
0	208
0	603
21	1052
0	229
0	164
4	1321
8	593
0	532
0	646
0	646
26	683
0	27
10	0
16	620
29	1124
0	240
0	630
0	557
16	1882
0	873
5	2419
0	2265
45	42
0	42
53	4
2066	118
0	18
0	7
0	0
0	12
0	129
839	333
0	333
399	0
1840	0
156	116
0	116
325	0
1831	0
1943	0
519	151
0	151
5	672
0	672
5	6506
5	3927
30432	10449
266	0
5	0
106	160
0	160
0	200
0	200
893	304
1605	304
138	173
0	173
0	0
0	0
0	0
0	0
122	3023
0	3023
0	897
595	0
5	0
186	0
1975	2
601	0
0	2963
7936	2966
2162	1909
51	1819
0	842
0	1068
0	166
188	166
44051	12877
6	12860
0	0
0	79023
0	16176
1306	82482
0	27432
0	0
0	3
2	3
12	295
236	295
0	6810
68	6810
232	360
658	360
69	0
0	31
0	31
0	242
0	176
0	102
3	910
3	806
0	0
0	0
106	805
0	805
0	0
0	0
0	0
0	0
0	0
4	175
320	197
3	180
0	192
0	34
0	8
0	8
7	34
6	5
5992	3
1	183
194	52
8	769
244	1062
0	22
0	58
0	54
2	307
0	0
6	221
0	519
4	129
0	771
0	305
0	296
0	0
0	94
0	5469
0	37
25	0
0	3
0	7
0	0
29	730
0	183
0	823
0	2102
30	698
17	63
4	7
0	61
0	91
0	0
0	0
0	0
3	13
0	282
0	312
0	285
206	3615
0	80
0	1338
0	1313
0	1344
0	119
0	159
0	684
0	0
19	15
0	1511
1	0
99	676
4	590
6	107
0	234
0	209
0	596
55	221
0	1387
8	36
70	224
0	2
0	2
28	317
3	0
0	8
1004	3
35	25
0	411
0	205
0	80
1	49
0	645
7	43
0	9
0	8
0	63
0	96
0	0
25	514
0	773
0	7205
0	811
17	126
0	22
17	182
0	396
0	1029
0	98
89	443
568	672
0	0
5	5
0	0
0	0
2	10
379	1271
428	0
0	19
1613	9
131	774
55	2636
0	2587
51	73
8	142
0	45
176	1408
0	654
0	2476
109	483
0	2
0	2
336	3768
35	58
0	8
104	173
0	289
14	753
0	966
0	1229
0	1362
84	413
0	343
44	0
90	528
0	2
4	312
0	850
4	542
36	406
43	2660
6	2881
0	2429
5	463
0	465
0	405
1	518
0	550
0	647
27	750
0	774
0	745
0	0
30	369
2	645
0	66
1029	0
0	326
0	410
949	1356
0	204
0	229
28	0
0	98
368	573
0	8161
3	8173
2	8108
0	2185
0	533
0	122
62	1600
0	166
226	468
180	3289
0	3761
48	47
1	41
0	152
0	119
12	13893
0	3516
59	997
0	234
53	1307
40	5169
0	5169
6	4951
0	3
0	479
193	503
26	37
348	7997
15	472
63	563
0	0
0	1568
0	1657
0	32
0	12185
415	0
5	61
4	0
0	38
0	5756
0	3727
15	5
0	619
0	1
80	423
17	213
39	574
97	473
53	0
0	6
74	41
0	122
0	120
0	116
0	14
0	1088
0	1355
0	1045
334	832
0	2426
0	2550
0	1997
0	19
0	213
0	0
0	16
0	878
272	0
14	841
0	148
28	6
0	425
0	38
286	138
227	0
0	0
0	0
0	777
0	555
0	5
0	0
0	19
11	28
106	6232
0	345
1	1853
11	30
0	5
0	1246
2	7
0	1003
0	929
0	276
0	7526
0	227
0	3
0	263
0	763
0	59
0	0
0	300
0	13
0	56
0	0
0	0
0	0
0	0
0	0
0	0
41	0
0	0
0	641
14	5869
0	0
0	124
0	143
6	108
0	319
0	198
0	898
196	167
0	37
468	2256
921	270
289	254
0	2128
30	1242
19	1871
0	1755
0	1671
1044	2
0	445
0	2404
0	2726
0	0
1	463
0	0
0	0
1	97
0	1026
216	4
0	107
6	120
111	0
0	1257
2	1132
20	272
0	250
0	133
0	172
115	167
0	37
0	0
216	1643
0	36
0	27
0	0
6	810
0	0
175	431
0	1301
0	154
0	163
0	162
0	163
0	163
678	0
0	17
12	1102
0	0
0	0
18	0
0	349
0	349
0	88
508	3234
5	130
0	448
0	229
0	229
0	212
20	80
13	6578
0	5129
0	0
0	0
521	1949
3	0
0	0
0	0
148	4114
14	2
0	0
0	444
0	554
0	300
17	191
0	0
1001	1819
0	126
0	4
0	2088
0	2163
0	2088
284	2699
25	2055
0	367
0	307
0	273
10	406
0	912
0	86
714	3985
0	7
0	166
0	0
131	936
0	10
21	1025
0	8
154	609
0	25
0	1337
0	0
15	65
0	28
0	39
0	1
10	2
0	18
29	75
0	775
0	214
45	141
3	233
237	870
0	0
30	635
26	23
5	2576
0	926
26	0
0	1725
1	122
0	24
0	11
41	1435
0	690
0	833
4	766
0	898
0	700
0	131
0	0
229	985
0	138
0	128
130	1091
0	943
17	983
5	979
827	94
0	0
0	714
0	761
0	0
0	155
741	3776
0	3396
0	2482
10	2109
6	18
0	90
0	112
0	0
0	4
17	197
0	333
9	377
0	0
0	3258
0	57
24	136
0	101
0	411
0	8
3087	6
85	241
0	194
1	3
637	1211
7	95
7	1068
5523	3
0	71
0	2043
0	30
0	25
0	51
0	41
0	41
0	459
0	2
0	2
53	0
0	193
0	333
0	541
0	1172
0	85
0	98
0	90
1	108
0	90
0	1133
0	1451
5	9
155	1927
0	2964
0	8194
0	8194
44	2397
24	0
16	0
30	695
46	384
6	184
205	4663
0	477
583	684
501	684
0	0
0	18
0	0
2	96
0	2161
1	861
5	204
0	3
344	8474
213	1657
0	1025
447	3484
173	3483
3	28
0	0
355	610
0	608
102	579
0	148
1305	2
115	0
0	112
17	284
36	284
0	0
0	0
0	42
0	42
0	1
0	284
0	45778
0	45454
0	0
19	196
0	752
0	747
0	622
0	246
30	122
22	139
0	136
0	374
104	1047
0	962
0	985
77	1275
239	1571
0	1571
0	5
0	152
79	0
473	1904
0	228
0	318
91	87
51	0
899	2
0	45
0	56
0	56
0	310
0	1738
86	1023
7	113
1794	0
0	617
0	685
0	686
381	0
237	9
0	208
0	0
0	0
0	0
86	336
1212	0
9	17
0	0
0	82
41	179
15	91
0	1095
0	0
0	116
402	2806
0	4998
690	0
0	264
0	4203
2445	5213
0	5208
0	760
6	48
2	350
0	3770
30	3925
0	3513
119	3087
0	316
0	787
126	378
0	0
0	0
206	0
0	684
0	4
0	1080
0	1120
0	1059
0	1042
0	360
0	214
92	1742
91	1742
0	490
4	23
594	1237
5	1237
96	0
10	850
572	4
1	13
7	407
21	0
0	11311
0	10591
0	9354
63	4580
2223	0
1820	1
0	12
0	148
0	172
48	758
0	16
0	1937
0	129
0	257
0	322
0	0
0	0
535	0
0	13
0	409
0	446
0	431
0	346
0	516
29	180
0	35
0	588
34	220
0	59
39	367
18	2
5	15
0	2839
1120	2694
85	5669
0	5669
3	3001
0	4
429	0
0	2740
31	0
213	2012
0	524
163	325
0	58
0	0
0	19
0	19
0	0
43	2604
105	0
0	2
0	184
224	672
0	314
0	3772
0	4082
0	3969
7	0
0	3
0	3
0	3568
1	669
0	0
0	0
0	0
0	0
0	99
2	0
0	0
16	298
0	286
0	298
184	1790
0	384
11	854
0	854
0	784
0	0
0	81
95	0
9	26
0	26
0	7737
0	0
0	217
0	235
1	243
5	216
0	27
178	1698
0	1188
0	0
2315	3
10	14
72	0
0	32
0	2375
52	3935
0	0
0	1
0	1
738	242
254	242
0	12575
0	75
0	75
3982	9
1048	0
6	2
600	2920
0	2408
0	0
79	100
380	207
0	16
18	99
0	0
13	290
317	1445
84	605
0	359
0	400
18	37
3	37
3	654
8	100
0	6
3213	4
19	5
0	53
0	0
37	142
616	9926
0	2
348	0
15	214
7	214
161	0
334	0
18602	6
3134	0
0	353
0	3315
0	352
770	4
0	1978
57	0
201	0
20	545
0	2600
0	3366
0	3413
0	499
0	1772
0	3
7	876
0	295
586	0
0	0
0	448
0	280
0	1524
0	2784
0	3318
0	25
0	0
0	14
1568	0
131	435
0	435
1	85
0	0
0	1047
0	1276
660	580
0	1327
14	0
3	38
0	524
13	0
4	4
230	8
0	9
0	100
0	100
0	393
0	0
60	6
141	0
103	301
0	6
0	8
0	0
0	0
0	0
12	6
28	2
56	334
0	2
456	0
5	0
5467	2
0	41
114	417
0	7
0	0
17	82
0	1341
0	1303
0	1477
0	1515
0	735
0	271
0	563
0	129
0	0
29	1964
0	315
0	152
547	2054
1284	2055
55	0
1131	0
70	43
28	0
175	0
94	696
0	103
835	0
510	0
3248	0
99	1
0	16
185	0
0	124
946	1
0	1
0	208
0	115
0	218
164	0
0	114
8	217
0	260
0	255
0	264
0	247
0	254
0	200
0	9822
0	9800
0	9822
0	9326
0	9834
0	7521
0	8
270	0
2	0
8753	75
0	67
1	68
126	0
156	859
0	381
3	0
0	989
0	989
52	0
0	235
0	29
103	0
6	0
0	404
0	3
0	0
33	1386
82	0
95	5821
0	5434
19	174
0	174
0	0
96	0
0	0
0	32
0	2
0	4
0	4
0	4
8	62
0	2273
0	2273
19	2209
16	0
0	1730
56	1186
81	0
301	0
18	1
548	1976
278	1
0	230
0	214
0	191
0	103
0	188
0	182
0	182
48	0
0	85
148	0
0	0
191	904
0	0
39	338
0	313
877	0
0	99
124	0
823	4812
0	752
0	1365
244	1369
30	654
0	760
46	0
770	0
0	0
137	1006
1382	0
84	0
0	108
0	1191
560	0
1287	0
0	0
0	126
1405	0
0	567
0	552
144	0
13	43
0	1522
99	1522
129	0
0	0
0	73
0	68
12	0
0	90
0	90
0	4
142	0
0	1645
1956	4
167	3688
238	3688
4	5104
0	8354
154	7445
0	7443
0	4242
3	1691
3	1717
0	1491
15	1571
0	1164
55	0
0	791
0	821
0	788
0	1876
0	0
204	595
0	633
6	53
18	261
117	32
0	32
430	0
12	0
7	18
85	438
395	105
0	2155
0	636
0	0
0	134
125	0
86	0
29	149
109	0
461	732
0	732
0	275
0	239
0	2
123	819
13	5
0	32
0	0
0	91
0	252
3	24
98	228
0	228
21	228
55	238
0	0
537	0
0	410
7	0
13	3114
18	3114
0	175
0	175
0	194
222	0
0	0
0	1015
0	83
0	999
0	1346
0	984
0	978
542	113
0	0
215	0
3	0
20	0
19	0
234	0
0	0
166	0
0	1
1	127
349	131
0	117
0	5
0	5
0	5
0	59
0	59
0	0
0	16
10	3
5	9
112	0
118	0
0	1037
4	0
305	328
7	328
152	0
154	0
0	0
5799	3
0	74
0	74
445	1
19	46
0	0
56	0
0	0
51	34
63	33
2189	9
0	3822
0	3860
0	3829
0	3638
3	3639
0	3241
1	2898
0	180
0	1888
0	1636
22	176
984	2
53	2094
0	582
88	796
356	0
7690	6
0	0
0	1916
0	1945
0	2204
0	0
0	1117
96	1117
13	23
0	23
12	49
0	49
0	0
329	1
0	0
504	1
0	18
0	12
1	18
143	0
0	850
192	1010
0	204
238	42
0	0
0	1025
1	1028
6	926
4	1043
0	1028
0	0
3	59
0	1282
0	1282
0	1118
0	1265
0	844
6218	0
0	719
5	21
0	2
0	2
967	0
0	0
1633	0
0	0
294	0
5614	9
0	83
0	85
0	85
26	148
0	148
0	0
272	102
0	102
790	66
47	165
0	165
15848	9
91	0
0	0
266	3
1505	0
515	891
2	891
1341	0
1396	0
1228	0
0	226
15	226
0	0
48	0
0	0
0	0
0	10
0	10
0	2402
0	1670
0	1652
509	2459
0	1663
1062	2447
157	0
1866	1
0	0
1375	0
758	1
138	0
15	0
0	0
133	0
0	415
33	410
0	421
367	382
0	236
0	1
0	0
0	1
0	1
0	1
0	1
2	0
126	10
6	25
722	25
0	0
11	0
0	3
0	3
218	0
0	0
4	146
4561	1
0	296
0	341
0	356
16	251
40	0
66	0
0	0
0	0
0	0
0	0
1	0
0	0
35	0
37	0
15	0
0	0
0	0
255	1685
0	27
814	0
218	155
0	0
359	0
123	376
0	68
33	774
0	774
29	1
7	0
260	0
0	928
260	2
28	573
0	543
0	560
0	0
107	1394
0	0
0	41
113	1019
0	1081
2	486
0	65
0	0
0	11
104	0
2670	0
0	4
0	0
0	4
0	9
0	9
0	0
850	0
1049	914
0	561
83	0
2	29
0	29
0	0
65	0
0	2349
5407	1
0	0
324	0
615	0
4	213
3	0
510	0
0	0
437	697
0	697
335	7
0	2
0	2
39	0
11024	17
10	1714
0	1713
165	1094
0	262
53	2
0	449
0	301
344	0
179	0
213	0
5	165
5	165
358	0
23	99
45	175
0	0
789	1070
2191	1
0	0
77	0
91	178
0	178
57	0
2	41
0	41
0	0
663	0
575	41
0	0
403	530
0	530
0	37
0	37
0	0
7	0
50	0
0	0
94	0
145	3175
60	3175
0	844
0	465
2	2
0	2
0	0
21	0
0	0
0	9
2	9
34	482
6	0
5	0
307	1280
11	459
0	487
0	403
1096	24
0	0
0	842
31	19
0	19
0	0
0	0
72	0
164	0
0	196
0	167
0	196
0	0
1682	1
0	50
7	110
0	110
0	0
0	0
0	61
292	0
1171	2
8	0
403	0
472	2414
0	2414
29	921
34	0
143	0
555	0
1119	11
37	0
0	30
0	30
16	0
1	25
0	3
0	0
0	0
0	0
0	84
396	0
100	0
8	379
0	0
1	448
0	0
0	0
0	0
0	6
0	0
4	0
322	1
3674	1405
0	28
0	28
204	0
1308	2
253	3
0	0
3	53
73	0
46	113
10	0
1372	0
0	301
2114	1
22	0
0	98
2	0
0	0
64	0
3	0
834	0
272	0
2564	0
1118	0
0	37
255	1
0	278
0	285
50	0
314	355
0	355
1797	0
978	0
37	0
0	202
19	202
88	0
205	739
6	739
0	0
781	0
0	208
0	0
618	0
2	0
0	759
133	759
1743	0
784	0
0	12070
36	448
0	480
132	207
0	85
5	0
0	0
679	0
0	882
0	0
125	999
251	0
0	0
0	0
0	0
34	0
8	99
1	0
1027	2453
0	2453
0	0
0	534
0	8969
4	0
0	0
0	0
842	0
739	0
652	0
1792	1
24	0
0	0
0	0
0	0
5	16
0	1
0	0
0	58
0	27
819	253
0	175
40	296
3	3
0	0
0	0
5	20756
1897	20757
0	0
178	0
38	670
12	658
0	641
0	0
4519	0
0	806
1265	1
23	5
2183	0
1157	1559
0	234
1416	0
0	213
8	177
67	217
859	0
0	0
1	12086
689	0
0	0
753	0
0	43
0	43
4	0
0	564
0	561
0	546
0	550
259	0
0	1270
342	0
31	18
952	128
1370	0
169	2092
986	2
1	0
1782	0
629	144
21	300
0	269
28	277
1000	0
195	0
3	2171
0	75
406	0
224	3
0	0
0	0
8	13
8	101
133	0
181	0
21	342
723	0
350	0
0	682
1573	0
0	968
0	964
0	593
0	633
24	0
142	0
4590	3
17	13
0	0
77	122
0	122
1009	0
0	1151
22	386
1	29
0	877
0	857
0	868
0	921
0	941
0	1953
178	1957
0	62
101	0
0	121
0	96
259	355
0	422
25	339
112	0
0	783
510	3841
0	1199
0	1199
2464	0
277	5813
17	5813
0	0
9	0
0	0
0	0
0	3
0	3
0	3
0	3
0	0
52	0
478	847
29	110
1060	0
375	4
1082	1642
0	719
0	67
0	0
1	78
0	69
0	69
0	69
0	0
0	0
10	499
2158	2
79	14
0	66
4	66
43	180
145	845
195	845
1868	1789
0	0
1	727
4366	2
1550	0
0	9
21	0
2547	0
474	3
0	21
6	21
0	11
0	0
0	2
57	0
0	0
67	260
0	332
0	798
156	622
6	1425
0	1234
450	23
536	0
155	0
39	0
7	0
0	0
1203	502
11	96
2786	2
56	553
0	1173
46	264
0	395
2665	2
276	1288
120	0
0	0
0	0
6	611
0	0
7258	1
0	0
1	0
23	0
254	134
4599	0
92	0
2165	1
0	0
26	0
2	0
0	550
269	0
35393	53
103	1
0	63
0	926
2493	5
43	0
0	206
0	2240
0	2
0	2
342	0
188	0
0	0
7000	21
0	677
63	362
4630	4
0	24
0	1231
1191	10
0	1684
924	0
16	0
1290	1
0	1061
0	1624
0	112
0	112
7	114
0	195
0	19
0	19
0	448
57	448
324	1257
0	0
47	0
73	396
0	0
0	6193
2	832
2	0
0	0
2	0
0	0
14	0
97	0
0	0
0	1370
417	0
293	0
0	164
0	906
0	483
0	0
0	0
0	0
0	0
0	63
0	79
0	214
57	0
0	2
1617	0
1	4
163	1179
80	412
0	351
8	421
0	421
15	138
57	0
12	79
0	320
1	17
833	2
8	0
1160	555
0	555
8378	22449
1114	22446
0	4
152	365
0	87
0	10
0	1690
834	964
0	210
0	711
0	715
17	569
0	188
120	0
299	74
0	1328
0	0
1	472
0	4
22	302
0	60
0	268
0	297
33	292
146	0
121	0
1	0
0	615
0	366
1699	0
0	0
0	0
0	0
7	59
7	0
0	0
0	74
0	1262
0	246
184	911
4157	0
13	7
422	2
55	204
3	204
4	0
5	127
0	122
301	389
0	4
0	46
0	276
0	1037
0	1049
2811	0
19	387
0	278
817	2
31	0
31	0
0	8661
237	0
0	0
0	10
1404	0
34	462
83	360
75	31
0	31
121	358
0	0
0	19
0	318
9	195
0	283
0	0
2785	2380
785	2382
0	0
9231	3
3	9
3154	592
2272	587
0	319
0	1160
12	7
0	258
1372	1
0	475
0	0
524	541
0	0
0	0
0	0
0	0
515	5
0	2662
55	51
0	375
70	0
0	48
379	3
140	2707
0	0
0	3
254	0
529	1867
543	2092
0	0
22	24
0	3
0	127
0	127
0	115
0	127
0	127
0	127
0	134
0	134
81	507
2060	0
19135	9
0	424
8	0
0	443
0	487
0	295
509	0
182	30
0	33
76	0
12	0
0	1006
0	0
32	0
3	0
22	296
945	345
928	345
44	0
0	562
0	2253
0	0
101	153
0	153
382	0
0	612
9	691
2	567
11	648
183	0
0	0
0	0
0	0
0	281
0	171
7	0
0	0
117	1330
3	1330
23	329
39	93
0	93
207	169
0	0
1	0
1	303
855	0
0	0
0	15
0	416
3130	416
840	47
10	262
0	239
0	54
0	233
15	56
0	56
0	0
0	1
1647	5
0	2
128	0
0	44
48	44
0	4
0	373
0	48
0	48
1	0
19	23
4	0
0	11
0	339
0	0
0	0
0	1531
0	20
0	20
0	20
17	0
33	188
0	82
20	92
8	511
4	878
0	878
589	9
12	295
29	1534
0	1534
60	0
0	0
0	466
0	0
0	0
9030	1
0	1568
23	127
87	0
91	978
16286	8
0	49
0	61
22	0
0	231
0	6
5	431
0	428
332	303
0	172
0	1372
0	693
109	369
0	53
0	4
0	0
682	0
149	0
4	42
0	0
0	92
0	0
0	18
15	0
0	2964
110	1568
0	40
0	11
0	8584
0	8852
0	8876
0	183
380	0
0	1748
0	2492
75	2917
20	2085
7207	1
18	32
0	1201
0	2161
0	0
0	0
28	499
0	499
0	2018
0	354
3	7
0	7
0	0
0	0
0	0
0	18
0	1445
0	13
0	0
20	198
0	8
0	1950
3	2
0	138
0	14
0	60
0	39
0	5
512	1
568	0
16	605
0	278
0	0
0	1390
0	2634
6	4
917	184
90	0
0	971
0	846
0	12
0	0
0	64
48	1274
590	1274
0	777
36	0
0	18
1161	4686
0	0
0	0
0	31
0	507
1634	2707
0	0
18	68
0	0
0	7571
0	50
0	74
47	127
0	0
0	130
0	6
4	0
807	3
0	0
117	2
270	0
0	1579
0	6
0	6
0	1
0	2722
0	161
186	0
11	547
0	0
0	1475
2	0
50	648
1	17
12	0
0	191
904	142
61	318
1	335
0	254
13890	13
0	86
18	730
0	795
0	323
0	380
0	33
106	665
2524	1437
0	1436
523	0
326	2063
0	278
143	1174
13	13
10	0
9	521
0	436
0	17
0	533
0	538
0	633
0	673
0	708
368	0
6	21
0	3859
0	625
0	382
0	367
0	0
32	104
222	0
0	24
0	0
777	0
0	5
0	3
0	3
0	5
211	1422
2	4
156	1045
10	325
0	325
0	0
38	1065
0	490
0	0
9	1422
0	8
0	5
7	1112
0	1071
0	1112
0	1112
0	0
0	149
0	11901
0	12112
1460	0
0	0
0	416
0	123
0	123
0	31
12	165
2	2
4	52
0	0
365	534
0	66
940	0
0	0
0	173
0	265
1042	3
0	1285
338	0
0	25
0	25
199	3613
19	1445
0	503
2342	2
73	557
25	3
572	13
0	133
0	0
0	0
0	2312
19	332
0	834
72	616
0	374
0	1551
0	98
0	0
0	0
343	0
0	1069
28	207
123	0
0	348
0	48
0	1389
0	1396
0	1651
0	1651
611	0
0	0
57	191
0	0
0	246
6	0
6	101
11	86
0	331
5943	3
1355	0
0	869
997	0
100	115
13	32
0	44
206	298
0	0
0	0
0	1042
0	70
0	53
2814	8354
0	8352
0	29
4	641
0	641
0	0
0	0
0	289
0	10
21	1569
13	32
660	0
6	85
0	0
0	162
0	6
43	13
508	3262
0	185
0	0
0	0
0	0
72	0
22	233
0	0
0	0
0	720
0	0
0	0
0	0
0	0
0	0
0	0
0	136
0	12
0	442
0	167
0	258
312	0
121	2042
0	484
107	484
0	0
0	873
3	0
357	0
0	89
0	82
0	86
0	100
0	60
0	34
0	78
0	4
0	0
0	0
0	37
8	328
0	180
0	0
12	55
0	0
0	0
0	529
0	683
0	228
0	339
0	785
0	129
0	24
0	651
0	336
0	0
0	270
79	563
0	244
0	209
0	245
0	118
0	203
33	1080
0	5
0	2
968	598
34	598
0	2075
0	396
69	116
751	0
105	250
23	250
0	4
7	42
0	42
0	535
161	584
0	195
6	173
0	0
69	270
0	0
5	75
2187	14573
219	0
0	130
0	640
0	10
299	1691
1113	0
0	65
0	65
0	227
15	196
0	547
0	0
0	0
0	2
0	0
0	0
0	21
174	1032
0	15
1	0
0	20
0	20
5	99
8	381
310	11328
0	11458
0	243
240	19
1316	2013
0	0
60	167
0	726
0	409
0	96
431	1892
0	1114
0	17
0	503
0	141
0	180
763	1833
0	1041
2	1157
0	890
0	74
7	0
0	5
0	491
10	401
0	23
10	0
0	339
0	0
0	985
2	0
0	97
271	1
1621	1
0	17
3	26
966	0
0	0
0	22
0	2434
0	1123
25	213
0	3
14	24
0	0
0	5
0	5
0	0
1	0
0	60
0	40
0	6
0	272
618	0
0	243
0	110
64	227
202	138
0	0
0	15
0	0
50	0
84	202
5164	1
2	0
479	8222
24	0
0	0
1671	2
0	0
0	167
0	138
0	118
0	0
0	1372
0	1155
0	0
146	0
2	0
0	31
0	2332
0	1977
0	0
0	0
0	353
436	353
0	307
24	175
0	74
141	1298
0	0
0	0
6	7592
1022	0
9	137
0	70
135	413
0	879
0	713
0	888
0	888
0	888
0	682
0	751
0	527
0	816
45	4
0	488
0	1170
14	6500
0	9046
122	83
6	10
0	131
0	105
0	127
2273	0
0	4
0	4
0	3
257	2906
18	62
246	310
35	0
8	0
11	16
0	16
0	0
51	318
19	213
24	0
0	4476
0	3037
2283	1097
643	1097
257	1835
0	1733
0	1514
139	1818
0	1651
1266	1
3	459
49	1957
0	1824
0	10
1046	0
5	0
50	2
195	0
0	692
1	670
0	735
0	514
0	249
0	455
2617	16480
2529	4
43	0
0	0
0	0
0	157
3	1130
0	1130
18	880
0	885
445	10221
0	2605
48	12599
269	0
10	49
0	945
0	1015
1054	1
219	13725
5	2433
0	2571
0	2514
0	1872
0	0
0	0
0	598
0	0
0	33
0	38
302	1386
0	1390
0	678
0	341
9	4
18	12
0	0
0	0
282	0
7	211
0	371
18	0
537	0
287	750
1605	0
0	198
0	209
3	0
32	2
0	406
262	1204
0	0
2582	105
0	0
45	0
23	1134
0	0
4	8524
0	8524
0	8818
0	6083
0	4865
144	0
27	366
8	100
0	2
0	2
0	2
4084	1
0	0
0	0
89	1334
0	1297
0	1338
12	1329
0	15
52	0
0	312
0	121
0	213
0	930
3	10
5	10
2181	288
0	40
0	82
0	202
0	306
0	68
258	315
559	890
0	588
0	169
13	1
0	0
0	2
32	9
10	0
0	484
0	0
0	0
245	7098
21	0
0	14
0	14
21	39
5	0
281	0
0	354
0	330
35	2648
86	2648
0	186
0	125
5	0
651	819
0	819
0	9582
143	0
0	0
0	1025
68	1025
42	356
0	356
0	226
38	28
22	380
0	37
0	15
0	63
7	5
137	23
0	167
0	132
1440	5
5	0
0	0
0	0
13	2340
567	2329
2	156
0	25
73	37
0	999
1379	0
0	553
2812	5
0	474
0	0
0	0
62	525
0	525
15	9
6884	3
42	0
1	0
236	0
19	0
0	0
139	1
1	8
1209	0
0	0
0	0
44	0
0	789
196	399
0	6
21	6
0	0
0	0
0	118
0	81
18	2408
39	2688
5	20
0	235
260	0
0	0
10	0
33	0
0	68
0	1191
0	1219
3	1190
955	0
1	12
199	0
0	18
2556	0
147	0
0	4
0	1694
0	1688
29	0
0	612
0	1184
25	0
0	46
779	0
1	64
1	398
2	385
111	274
23	3
0	2
0	2
25	4797
0	4751
0	108
0	17961
547	0
0	308
18	126
0	115
0	0
13	0
3	8
216	9
0	277
0	232
355	9
303	0
9480	12
287	2568
0	0
2462	1
17	14
0	267
673	6
1	0
0	345
0	0
0	0
0	47
0	90
4059	0
0	1784
3	15
0	44
1400	2704
0	2704
0	0
0	0
0	46
2	46
0	21
0	16693
0	16840
0	18548
0	18529
0	16666
21	11284
343	1
37	17
0	2915
0	3340
3	68
79	991
8	1344
0	1351
0	897
0	893
0	27
6	0
556	1097
247	0
0	0
0	97
26	3
241	0
22	0
37	0
21	0
0	0
0	0
28	685
0	7
0	7
0	0
1134	0
135	0
497	0
0	0
65	71
0	0
1	0
5964	6442
2697	6442
0	66
24	1
0	52
0	1336
2226	5
1231	1
0	170
116	368
0	0
4216	2
576	2
0	63
230	825
0	0
54	0
220	1031
220	1031
206	1
0	12
390	0
205	0
0	6674
0	906
0	0
575	20
1872	1412
0	1410
673	0
989	0
0	738
125	0
0	8065
492	0
89	0
1701	2427
0	82
0	0
16	698
0	325
2	0
808	3334
0	970
0	831
0	955
0	1027
0	955
0	960
0	955
0	25
0	264
15	0
106	0
4	13
0	13
50	322
0	251
3504	0
554	0
0	10
213	173
381	0
0	245
0	977
68	2452
0	2452
0	0
4612	4377
0	4376
0	2
0	2
1690	1201
0	0
1532	1
21	0
0	12
0	5
0	7330
0	6940
0	6699
0	5164
0	6076
0	6239
0	6526
0	6102
0	5968
0	7316
3	18
0	0
567	0
0	0
0	9
3278	3
2624	2
0	0
864	0
0	4
0	4
0	3
24	94
140	1065
33	0
75417	26
0	654
249	0
68	1194
471	1194
73	0
0	0
0	409
954	0
0	13
1	24
0	2249
0	0
0	0
0	21
100	214
10	214
1	0
81	432
0	0
9	0
148	3415
0	3376
0	0
0	0
0	0
0	0
1470	1
7	0
0	0
0	0
1	0
904	0
1	0
34	0
0	733
9	0
0	674
0	154
0	891
101	891
0	0
331	1110
4	1110
0	0
0	0
0	0
134	1
0	184
0	482
39	0
0	1463
6940	5
0	0
7	0
503	0
2	0
0	0
0	0
91	0
0	249
80	324
922	0
134	3924
0	3924
0	224
2	219
0	645
0	0
0	0
5	0
0	0
392	0
17	0
26	571
0	571
23	188
0	188
393	37
0	432
0	422
0	443
146	666
253	666
597	0
432	1146
9	0
0	508
44	508
0	389
10	0
67	934
2	934
3	0
0	0
125	0
923	3245
0	3245
0	10
0	0
35	0
3	0
0	2038
20	272
0	0
147	0
1	0
0	0
0	58
0	58
7	0
8829	13894
422	0
0	0
8	250
0	286
11457	2
0	0
0	0
280	372
913	3221
39	0
1749	4114
6	0
1	0
0	2617
0	2761
0	2865
0	2782
0	2782
0	0
0	52
7	0
2	7
5597	3
100	66
385	1222
627	3830
0	211
0	120
0	0
0	0
198	0
3	806
0	709
1	571
0	0
6	0
172	0
0	16
540	0
2532	1
0	0
0	36
69	10
102	1
0	0
0	0
23	0
87	0
3	8
77	0
0	10
0	0
339	0
71	0
0	0
19	0
80	192
272	0
349	0
6	9
145	0
13	8
152	0
2958	2
0	24
8069	10574
0	5393
0	0
594	0
0	574
707	4863
728	0
0	17
0	3635
6	6
0	902
32	127
0	438
0	389
534	0
6906	4
217	1831
5	53
0	1112
19	0
39	46
13	4
1107	0
140	0
0	551
0	54
135	0
0	266
2208	2
2780	1
0	0
5784	0
638	114023
5204	114025
21	0
0	16
0	16
0	16
116	130
0	4268
2675	1
0	5295
161	5295
365	0
0	168
1658	0
1	0
11	0
81	0
104	0
0	4
0	0
0	0
118	675
0	0
43	4436
3	4393
1	4426
2	4383
4	23
120	0
0	0
21	0
1475	0
0	318
0	591
113	200
6	200
3644	3
310	0
6065	5
771	4305
0	0
446	0
440	0
0	174
0	449
0	445
0	449
0	449
121	0
73	142
0	0
100	193
5133	4261
841	4248
0	1830
11	253
0	253
697	0
108	583
224	14
0	219
0	0
0	0
0	0
2	143
15	143
0	0
243	0
3294	6
0	0
33	403
0	9
0	9
0	0
285	522
0	522
127	0
0	0
0	47
5	0
12	0
19	0
151	465
0	465
0	13
38	13
9	399
0	414
0	548
0	458
0	510
0	0
25	0
95	0
193	2109
0	3
3	19
133	99
337	511
173	511
5	1083
0	0
0	0
36	745
8	21
0	21
1	99
0	99
0	103
0	103
0	103
0	50
0	50
2053	4
0	0
185	1751
76	1751
45	61
0	50
2054	8647
5649	8648
3	0
6	15
0	23
0	17
52	621
0	602
0	249
7	229
0	0
0	0
0	0
0	0
0	0
0	0
0	0
0	0
0	42
0	190
14	54
69	2256
60	0
1375	0
87	624
118	624
5063	0
250	1
126	413
52	1046
97	256
2996	1697
666	1
384	0
0	0
0	797
0	2
25	411
0	411
0	0
1408	0
0	0
0	2
685	0
4	0
0	1663
0	1227
0	332
753	0
0	0
0	12890
712	38
65	38
0	149
69	1
236	0
15	194
8	201
11	201
1	273
1888	0
5	53
114	910
0	0
0	0
0	0
67	0
21	36
60	140
0	0
0	0
0	377
8	0
0	1
0	3
0	3
77	0
0	47
0	0
0	114
0	114
0	0
4	16313
1529	16313
29	119
2442	0
0	12
0	210
10	210
0	29
0	29
5	24
316	229
0	229
6	14
79	0
0	25
0	0
10091	7483
473	3
0	409
0	0
18	950
0	201
100	0
0	3274
0	20
66	0
83	518
0	23
0	145
0	46
0	0
169	970
5	5
0	5
298	927
0	925
42	0
25	199
53	0
0	30
89	1
1	2430
324	2430
1720	0
2	143
20	143
10	9
97	0
0	0
0	45
0	104
1466	0
0	9
0	9
6	893
19	852
0	810
56	610
0	0
2	0
0	210
167	952
52	145
0	148
0	134
62	31
1	201
453	864
376	0
52	66
0	66
1	102
20	5
5	0
0	0
0	106
133	0
959	0
51	524
12	524
0	13
19	203
172	679
0	302
0	264
0	308
0	294
0	0
13	12
133	0
0	566
0	1
0	0
13888	11303
286	11037
466	9667
102	9932
257	10085
163	10373
1	2964
187	3539
129	3893
314	3695
227	3714
0	4812
0	691
0	728
2	724
0	710
5	71
0	0
0	0
0	0
4665	1
0	0
7	1214
0	1199
0	1219
0	678
0	0
0	1001
0	1
0	0
1476	0
0	5
0	238
3577	6
0	1206
14	0
227	0
1	22
133	0
20	466
2128	0
1966	1754
12	349
31	144
20803	22
5	0
0	75
0	3733
0	0
0	0
0	0
0	0
407	0
79	2500
0	0
0	183
1	1
8	0
135	305
783	537
0	537
458	0
3	557
0	522
0	260
0	21
55	0
683	279
0	19
262	0
6	373
40	129
215	232
22	232
263	891
385	4083
0	4083
0	176
2	246
10	14
0	924
0	0
0	1076
355	858
1610	0
0	24
0	25
0	25
0	4
3574	5
0	0
0	13
0	1916
0	1897
7	16
115	57
0	1551
1	2503
286	0
0	548
0	639
0	639
0	467
0	523
0	412
0	313
0	106
0	216
0	7
0	0
229	982
23	1
71	0
0	6
0	0
0	2
0	70
8	1429
17	1429
0	147
211	0
771	0
0	179
401	0
4	0
0	0
0	141
66	266
0	67
0	252
0	123
0	200
0	208
15	1156
0	1156
0	74
3284	0
67	1536
0	1497
11	0
61	599
0	0
0	0
2749	5
0	12
0	12
0	0
91	0
94	226
233	0
0	107
134	0
0	689
2505	5
0	9
5	9
0	19
0	0
1450	3
61	0
0	0
0	0
0	0
0	289
11	289
0	1231
0	500
0	0
35	36
0	19
729	0
0	0
0	279
0	1794
0	709
0	54
0	73
3	402
0	402
8	115
124	32
20	706
0	706
0	664
0	420
1	26
186	0
10	116
0	328
0	272
3	0
14	0
6	0
27	0
0	100
20	1160
0	1160
0	5
0	5
0	5
0	12
0	12
192	0
467	0
0	10713
223	44
0	44
0	44
0	8
1292	5656
0	1
0	1
130	95
32	45
896	0
7	967
17	967
0	0
0	0
249	1635
39	1635
0	167
0	41
25	193
43	596
77	594
0	594
0	480
0	0
49	0
3	2530
20	2530
0	67
0	1562
1638	0
59	0
0	590
31	56
156	1146
0	362
169	1
0	0
0	0
0	0
0	0
0	0
0	0
0	0
0	0
0	662
194	0
0	24
0	0
1093	0
1126	34
0	33
0	0
4215	0
56	179
0	883
0	345
0	349
0	324
0	332
0	356
53	738
551	0
0	1523
758	2271
0	0
12	58
0	86
0	0
4535	7
0	3094
0	0
142	826
0	122
0	122
94	122
208	96
0	231
0	206
0	1633
11	0
1968	0
2742	2
760	5
254	0
11	9
1648	0
0	0
4067	6
0	170
1	0
0	892
241	25
2	8355
2	8545
325	0
702	0
62	106
0	139
32	93
0	595
0	408
435	324
165	16
0	0
0	0
0	239
2982	6892
4365	3
52	193
0	83
0	83
11	6
1370	368
30	2255
227	206
26	0
0	0
0	815
450	829
50	289
31	428
0	428
0	78
1072	25458
2	407
0	0
0	1710
6	1710
18	1452
0	137
0	38
0	75
0	221
550	666
9	9
0	320
3	190
0	45
0	4
0	4
0	250
0	281
141	2540
0	2540
0	153
12	0
0	1
0	1
0	0
0	0
17	0
0	704
0	2014
0	0
0	0
0	0
0	166
32	165
372	5339
285	60
0	0
0	2
0	2
0	2
0	2
0	2
128	0
0	0
0	0
0	0
0	1564
0	889
0	257
0	219
8	0
0	192
534	0
1157	1
82	204
0	10
0	10
0	69
19	225
0	1612
16	673
0	46
0	17
0	1215
29	0
0	16
19	60
0	0
0	26
0	299
209	19
88	334
0	1980
0	1
397	0
248	0
0	132
114	58
2674	3
0	27
0	132
0	536
4	1623
35	296
409	4
373	388
6	909
15	920
30	0
0	7
308	0
0	1108
0	1024
74	77
0	83
0	7792
29	64
171	180
1563	0
0	179
0	5513
61	303
18	302
0	0
368	0
4	1211
53	1211
0	0
0	108
23	50
271	847
0	785
41	785
0	79
0	97
0	107
0	3272
0	11108
8	742
1	241
16	0
0	0
0	0
0	0
59	0
0	7
0	0
13	732
0	622
6	25
0	0
1	0
3	250
0	34
0	1539
74	1539
0	290
15	463
0	2818
34851	22
0	0
564	0
0	1700
0	6593
2728	3
0	558
81	355
0	0
0	3
0	3
3401	8534
0	13
0	7
0	258
3	3800
680	3800
62	0
0	0
0	0
44	6
0	6939
0	24
0	29
0	0
0	5
202	1774
0	0
0	0
0	0
0	0
59	204
0	0
0	4
0	35
2	543
0	186
0	0
0	2065
0	2357
0	307
3761	36628
133	36625
314	0
0	466
1838	921
0	921
0	52
0	351
67	453
75	229
894	0
255	0
0	934
0	1213
0	40
0	0
175	1535
11	12
0	58
0	55
0	0
48	2034
201	2034
66	218
61	218
141	532
0	0
0	777
0	0
0	296
0	63
0	8
0	0
472	0
353	3
107	0
147	0
1228	2
0	0
0	0
6	757
4	8625
0	1879
0	354
0	99
259	1598
0	26
3662	6
0	0
0	760
14	59
0	0
0	490
69	2233
5	2081
0	704
107	1346
289	125
0	125
0	146
0	339
0	339
0	339
0	339
0	3268
7	3313
42	6056
0	5510
0	1388
154	7575
762	5
5293	1829
0	1829
1	0
0	70
0	248
0	13
236	812
0	3
2	9
0	2
0	2
0	38
0	0
0	1533
0	171
3	81
0	0
145	0
0	6
594	0
0	721
0	690
0	611
0	423
59	272
16	22
9	28
0	59
56	0
8	53
0	1261
83	586
0	0
196	0
161	209
0	1650
16	1485
0	1414
0	1482
0	1430
145	1327
21	0
0	29
0	0
933	0
0	0
37	157
0	6
141	0
0	10
0	5
0	0
0	0
0	232
0	15
2093	5
235	217
0	49
1170	4811
0	295
0	292
0	260
0	0
0	392
120	0
0	0
0	0
0	766
57	0
0	399
0	0
0	0
6	41
521	0
0	1
249	8
0	25
0	534
0	14
0	12
417	0
0	106
155	0
0	0
0	4348
0	2814
0	1046
142	271
0	264
0	271
30	157
87	1218
5	0
0	19
14	946
0	50
0	16
207	33
908	44
0	44
0	846
0	773
0	6
0	6
0	34
0	1548
0	1239
5	259
0	0
0	0
0	80
3	1
13	7
94	75
7	0
0	0
101	324
159	563
0	0
0	0
0	0
0	0
1300	0
0	0
308	939
0	939
36	90
1594	0
68	2751
0	2461
0	2564
33	831
0	84
0	19
143	447
24	0
0	77
63	0
13	265
74	265
0	362
68	1144
0	1144
0	44
0	25
6	617
188	549
4	187
0	3
578	0
4	448
0	399
15	1804
2	0
0	30
879	0
48	816
169	749
0	0
9	55
1	345
0	348
26	2030
189	2030
3	55
0	509
0	503
0	536
0	0
42	911
18132	21
157	928
2284	0
0	297
308	128
1	9
1	0
159	1279
0	1279
1412	272
0	272
0	5274
1494	0
0	311
0	546
246	709
0	0
0	0
0	0
0	0
0	0
10	3537
4	0
39	366
0	38
0	365
6966	5
10781	189
0	796
170	22
0	832
0	0
1025	0
0	77
0	0
475	0
0	148
0	155
2692	3
0	543
13	0
0	0
0	0
67	601
0	5
537	875
37	128
0	128
0	571
496	0
809	200
0	197
74	206
0	807
301	3
1292	0
2443	0
33	0
2	178
64	2577
16	236
16	236
0	0
91	1159
0	1159
0	48
0	0
0	453
0	23
0	23
0	0
6	141
7422	1
193	0
14	294
0	29
0	0
26	0
1	26
0	1171
345	3323
8	10
0	10
0	10
0	81
0	81
0	0
1062	4
3087	0
0	518
0	447
0	627
0	0
24	0
1751	1
0	0
44	0
2191	0
1180	6
710	1
1	3
0	137
0	110
4029	5
35	0
0	8938
0	0
8021	10232
751	248
0	231
0	232
4	14
0	9
0	4
14	123
0	0
165	0
853	0
0	0
0	2302
0	980
3	636
5	4
0	0
451	674
0	1118
100	1042
0	0
0	447
35	739
0	251
148	70
0	0
3	191
139	0
0	0
343	0
326	0
0	2036
0	2036
5	20
0	0
0	64
0	1
0	1
0	1
0	2763
0	2783
0	1361
8	1391
0	8420
0	8644
0	2
61	6
15	476
0	393
0	393
0	112
145	581
0	581
0	426
0	408
0	85
0	0
0	0
9	0
159	5
217	1982
0	0
1	473
0	473
0	356
2693	1
0	0
0	1014
504	1
0	829
0	6
0	6
0	105
169	0
16785	21
2	11
37	0
0	548
347	1534
4	421
4	29
120	446
2	0
0	0
21	0
41	244
452	413
3	0
0	0
0	0
0	0
192	1413
192	1222
301	2
0	350
0	248
0	116
17	197
0	132
0	83
5	2003
0	2003
101	48
244	1131
41	1131
0	2
0	2
0	2
0	2
0	24
66	246
0	246
0	227
0	468
0	34
4	34
0	0
653	0
0	1407
1057	0
18	60
0	1179
5	419
21	137
140	0
5	2811
60	2747
0	44
10	0
0	982
4	143
0	404
18	398
19	18
54	12
8	0
89	0
0	83
119	417
214	0
0	0
0	0
14	0
397	0
5	19
250	0
0	1201
11	0
42	0
0	46
0	1732
0	1741
20	4
0	118
13	647
226	0
32	0
0	30
36	0
0	975
2156	899
1623	904
9	26
10	16
464	0
60	455
9040	11
0	402
346	39
0	15
0	0
0	232
23	232
3030	0
4742	2
2072	481
0	481
0	174
521	0
7	48
0	0
7682	5
0	917
0	755
64	219
0	0
0	0
0	0
374	471
217	96
0	0
0	351
0	192
0	99
0	0
0	79
699	0
0	18
1	5
13	0
476	0
14	22
14	22
4243	3
69	0
736	0
4	123
45	176
0	149
0	915
0	273
18	530
1	371
0	382
790	0
878	0
525	1670
3	1670
16	138
0	0
0	174
0	0
305	0
0	1
5567	6659
0	66
0	67
0	67
0	67
0	0
1028	0
0	29
2	11
0	0
0	0
0	0
385	2
576	5
1041	0
54	0
345	0
383	282
14	105
202	0
4085	566
0	563
7567	0
22	0
585	0
1	716
0	104
0	4609
459	2485
0	876
3	8
0	70
0	0
0	0
0	0
0	0
0	8
0	8
341	0
0	0
0	0
0	330
0	25
95	1033
5	334
0	833
758	0
22	11
4	11
100	0
0	0
8	105
0	2862
145	171
0	1561
174	0
0	0
463	0
0	1679
0	1454
138	0
0	0
0	69
0	63
0	29
0	93
15	459
235	1132
0	217
12	2177
128	2134
0	2114
620	0
0	109
0	147
3	16
0	16
4494	5
0	0
0	14
0	14
0	8343
22	7331
0	7164
44	0
0	0
0	283
3	520
0	493
11	0
0	542
2685	4
10	235
610	0
0	0
0	0
544	0
0	218
53	3
0	0
17	0
2	0
0	0
0	237
0	203
0	210
457	0
9	49
0	113
0	432
0	0
0	0
3039	3
0	177
0	3
61	293
39	293
1187	847
48	847
177	1570
10	0
0	74
0	74
802	0
538	0
0	0
48	0
0	347
117	0
0	0
0	0
0	266
0	1439
0	775
4299	8249
0	8249
0	272
0	274
0	295
0	237
0	34
926	2
0	20
45	673
0	479
0	146
6	70
0	20
705	1
0	4181
96	977
0	110
1042	0
0	0
0	0
2	20
0	20
0	0
1181	0
1305	0
0	0
0	0
0	0
18	0
2	0
0	636
52	0
179	93
0	93
0	16
0	16
795	171
0	0
0	164
0	327
0	351
0	19
0	19
2	23
0	0
1568	2
2	0
22	0
1	12
0	0
1490	3
0	0
4	71
0	224
291	0
0	1285
0	13
73	0
0	811
0	14
0	0
0	0
9	0
0	0
10	0
0	913
0	779
0	751
0	821
0	367
0	6
0	3
0	591
1	148
0	0
0	0
0	124
838	2949
32	0
0	5
558	0
66	262
4142	3
0	0
1167	2
2211	0
210	0
0	11
0	0
960	0
0	271
87	546
1696	0
0	2
0	0
0	15
1129	1
0	0
23	12
377	676
4774	9
0	3081
0	3094
0	2700
0	781
4	219
0	219
0	396
0	59
178	0
63	895
0	258
58	258
8	1987
0	133
0	78
0	72
96	0
22	0
0	1412
15	32
334	0
0	388
1386	0
12	153
631	0
0	0
0	37
369	14
2088	1
283	2075
0	217
0	217
31	0
282	1587
113	1340
0	0
0	0
151	1147
65	697
0	382
440	635
0	149
110	0
717	4983
0	48
0	49
0	38
0	38
0	49
0	49
240	0
145	1
262	614
57	95
0	66
0	0
10	0
19	0
0	0
0	73
0	125
9	125
0	18
0	0
402	0
0	2
0	1338
0	1338
0	916
0	6
180	1267
0	2
0	0
1146	1202
0	1202
0	217
16811	17
0	0
13	0
0	6
0	6
0	6
0	6
0	6
0	6
0	0
0	0
0	0
1300	9315
500	0
0	9
4	9
186	0
258	1
0	0
0	8
0	8
0	136
0	135
0	15897
0	1
0	857
1524	5
159	1193
182	1
272	3525
1511	0
0	1639
0	0
0	2109
319	0
0	41
4	105
1785	0
224	392
0	52
0	0
18	605
22	605
0	212
0	512
87	4310
11	899
0	5157
0	70
0	68
0	35
0	133
0	57
3	148
0	54
0	99
0	20
0	6
0	15
78358	61
0	0
0	0
8	0
59	0
133	0
2	93
0	134
0	27
0	195
3171	0
0	9
0	637
1623	3243
0	3240
0	427
1	0
24	244
96	0
0	321
18	0
2	171
137	0
6	4
0	0
12	36
0	0
1079	0
0	0
0	876
0	0
206	1189
0	0
0	0
0	316
0	1194
875	1
0	1
109	0
16	0
19	344
0	8
16	0
0	9757
8	387
0	224
0	2212
799	0
1470	407
25	407
1	3
10	0
44	74
0	973
0	1044
0	502
0	502
39	0
2679	0
967	0
0	0
57	0
0	5
0	5
2	29
35	215
0	1588
3	7
0	516
7692	3
188	1043
662	0
2	0
2445	0
0	113
0	1220
0	0
0	0
1447	5227
130	5225
0	28
2	29
68	0
0	418
2	86
0	703
34	853
0	867
0	827
17	1127
0	1063
12	1091
0	1023
0	343
339	0
0	3861
0	3896
0	3896
0	3520
0	3516
0	3330
0	3710
0	3566
0	3710
139	3721
0	831
8010	6
1	12
0	12
411	720
1	0
10	11
0	25
0	706
0	0
3	0
0	3084
28	0
388	0
2397	0
4	0
0	875
343	1273
32	1273
0	435
0	0
0	229
172	4016
0	533
117	340
1409	0
735	8
144	0
136	0
20	0
51	81
71	4
0	4
7	0
1470	0
7	1
0	1
0	624
0	0
0	0
1562	0
0	0
10	0
230	650
0	781
0	272
0	102
1	16
0	11
0	1475
0	1242
0	2079
5	4
1	0
0	0
0	38
0	238
0	15
31163	14
20	123
0	0
0	0
0	0
0	0
0	0
675	0
806	1
34	1457
41	1134
225	0
0	0
94	0
595	0
0	236
0	324
0	323
0	391
241	0
0	312
0	0
38	440
6	0
744	0
0	0
0	0
19	49
9	287
15	348
0	275
0	6
4	0
0	4
0	14
0	14
1098	4
4	1981
152	1981
0	22
0	79
49	79
80	0
6	13
0	696
0	349
28	685
0	0
5971	4270
39	4270
0	0
0	103
0	730
803	0
1979	7119
772	0
534	66
1808	1
7	62
0	162
4	2259
504	0
0	0
0	3228
16	0
18	74
0	0
0	0
0	1390
0	1343
13	1340
134	0
17	1789
9	1778
3	30
0	30
4	8
113	0
0	0
0	18
0	21
0	566
228	0
344	0
0	600
0	584
0	582
0	587
0	608
0	858
0	545
0	405
0	374
2398	0
7	162
0	4
0	4
0	2558
0	10
47	2800
1	13
0	13
0	10
31	0
0	537
159	0
116	0
0	400
1	41
161	0
0	19
0	0
0	0
50	0
5817	5
44	0
0	0
0	251
1008	188
70	2349
117	0
0	0
0	304
0	38
0	38
0	38
0	3
130	0
12	128
0	2819
69	0
5	0
0	0
165	0
0	4
0	959
0	1174
7	3917
3583	3920
48	890
24	0
0	3179
0	135
127	3904
0	3083
9	7
0	1262
5	0
0	1456
0	331
3	39
0	0
0	76
646	1
60	1277
50	6847
0	0
0	3
0	3
0	21
0	21
0	21
6	18
0	0
0	97
0	6
0	0
0	0
0	57
541	0
0	0
0	0
38	298
0	5
1257	0
6	144
0	124
198	1
0	43
2	0
1	0
0	550
0	62
35	62
0	388
13	428
58	46
0	46
9	394
0	2
0	0
71	0
0	0
0	247
0	210
0	120
0	106
1006	0
35	95937
14	35
224	146
0	0
468	0
434	0
682	0
463	341
0	1734
25	1239
1092	0
372	1207
0	1080
17	108
25	67
0	8
0	8
0	3
21	0
0	29
0	357
0	787
464	4416
124	4416
0	3694
193	766
1041	766
0	0
6	0
0	0
0	650
16	2198
32	1648
0	1324
833	0
0	0
279	0
0	434
29	0
3244	3
0	28
0	30
0	27
0	30
0	28
0	30
0	36
0	35
0	73
0	0
25	60
669	0
1	0
0	0
1312	0
0	1742
29	1742
432	502
0	398
0	355
3	2162
0	2734
0	382
0	6
0	8
2356	2
0	11
0	7
1398	1
0	743
1867	6337
5	56
308	1329
0	10
379	0
0	387
123	0
5	85
0	0
40	8
0	1911
12	1376
0	1702
0	12457
9	0
0	212
30794	23
3926	6
0	71
58	260
0	0
0	0
0	0
0	0
0	0
0	0
0	0
1010	7485
7	0
4809	0
216	421
3656	3
25	538
0	0
0	0
25	0
183	2692
0	125
198	1294
0	0
2821	1
201	0
3142	0
83	0
0	0
0	0
0	167
72	0
61	706
418	0
0	2171
0	2071
0	0
1257	4
0	199
7	1
42	0
2	0
28	0
1146	19748
0	3770
0	1632
49	1632
28	841
0	2
0	11
0	11
0	6
0	0
0	75
180	1409
358	887
0	13
17	143
0	43
22	143
0	178
359	802
519	2155
0	2076
0	4
0	39
15	144
88	0
0	197
0	208
0	208
0	200
0	200
0	60
0	61
0	9
0	506
0	499
0	844
0	407
0	7
0	827
935	1516
0	4
0	39
0	6
0	6
544	5331
0	1092
43	0
0	6
0	0
0	0
0	14344
107	15373
141	0
0	152
0	140
23	67
1260	7698
82	694
0	43
3	43
0	1140
0	553
0	551
0	740
21	226
19	163
9	454
0	446
0	10
4	1061
0	865
4	1023
0	204
0	0
1605	0
4	8
0	25
0	0
0	107
0	84
0	303
0	277
0	211
12	16
1141	1
0	0
145	68
0	7
105	1256
0	597
73	803
0	110
0	273
20	0
53	19
0	171
0	1215
173	0
310	0
0	0
2	105
0	96
0	172
0	415
0	2710
0	18
2	0
0	0
0	0
0	3355
3	88
0	6
0	6
429	9
164	167
589	2720
0	557
23	1258
25	1770
0	1691
1	1508
852	7
249	0
0	1641
0	0
1094	547
752	1357
47	0
14	617
0	45
7	454
41	595
0	395
0	421
0	573
0	581
206	330
0	0
0	253
0	256
0	15
775	0
60	0
0	931
93	0
246	3357
0	0
75	0
18	0
0	6035
0	4
6	404
0	0
3059	29
94	1257
5	0
0	5168
639	0
375	0
0	5
0	0
157	0
1499	1
1581	0
2	26
139	193
0	0
661	1030
0	68
430	2802
0	3277
0	3479
0	3460
824	0
10	0
0	2058
0	1899
0	2223
0	2058
0	1967
0	1910
0	0
35	396
1	396
0	462
20	406
0	365
0	560
0	61
0	64
95	396
71	2584
3	2584
0	0
259	0
825	1915
0	1915
0	0
129	126
0	13
419	0
0	0
0	445
0	0
216	623
27	0
0	98
0	98
0	75
0	80
0	78
0	78
0	95
0	77
0	0
147	405
0	0
138	1005
0	1005
1	524
0	0
0	98
214	1282
0	0
10	379
0	379
0	65
0	0
0	27
1839	7
9	63
18	14
200	0
0	200
463	355
0	355
5	194
32	211
0	195
0	211
6249	7
13	17
0	54
0	241
0	241
27	426
0	160
415	0
5	37
650	0
382	0
142	0
0	0
0	982
24	174
84	0
0	65
0	0
2855	714
19	302
0	46
27	0
0	0
3709	1
0	0
0	0
0	0
0	46
0	33
0	15
0	21
0	19
2	0
0	1944
0	1892
32	14
0	9
0	152
0	986
0	1693
15	111
0	111
0	0
0	8
25	1154
0	0
856	0
0	172
0	0
0	177
6	154
0	0
0	0
2670	1
0	0
9	0
0	815
0	346
7	545
0	3163
38	3281
0	3003
0	2683
18	4539
0	4699
121	3790
20	0
0	244
0	64
0	7
0	0
0	1701
0	55
0	55
1856	0
138	0
181	0
2	40
0	86
0	0
1197	0
20	210
48	13
0	970
0	0
37	0
10	67
0	0
1451	0
0	0
12883	16
0	327
0	0
21	469
640	1505
359	0
0	0
35	8
299	420
1470	0
0	0
0	236
0	198
0	107
0	192
0	88
0	8
0	8
33	0
0	1576
0	309
3481	2
0	13
0	12
0	13
0	202
0	8
0	0
112	0
124	23
21715	10
3	2
3	2
36	125
0	357
12	258
28	258
0	3615
0	52
290	166
639	0
0	0
925	0
692	0
0	0
0	488
119	488
20	488
9	220
0	0
0	0
24	147
0	3332
308	28
87	28
2018	1
305	1393
0	2278
190	177
0	262
166	0
0	0
722	728
0	68
0	68
5	131
390	1
0	1071
0	252
10	226
24	226
0	163
16	21
1	21
18	36
8	1242
0	550
0	1225
0	1239
0	1246
0	1225
11	0
0	0
1007	1
0	0
0	29
0	0
7	4
0	48
0	48
0	44
0	48
16	209
0	227
0	227
0	0
0	30
106	6072
118	5059
0	5644
153	5164
0	2697
807	2700
0	820
0	0
3	28
4	53
118	336
136	0
602	0
0	133
1529	0
2	0
29	1
535	1492
47	1492
93	402
0	402
140	148
0	209
0	288
0	398
0	411
0	310
0	152
404	0
0	0
935	0
13	0
292	2247
0	2315
0	2076
176	1
1726	5
513	0
11	1034
0	166
233	4
0	48
774	0
0	0
0	0
4112	0
2	250
0	370
139	0
486	1
11	0
1970	20280
103	0
0	0
750	16
0	0
0	0
0	334
189	0
0	0
0	0
1	0
27	0
0	0
0	2166
103	0
4287	5
23	415
289	2660
637	0
0	0
0	3506
0	740
752	0
0	0
15	22
6187	2
104	149
0	149
0	134
1323	0
632	2
0	4
0	0
0	928
0	0
23	101
0	0
0	0
0	5
0	0
2292	3
3	1740
0	1740
17	0
19	0
10	6631
0	195
0	0
287	152
336	1804
7	5
0	5
125	1025
1858	1025
238	0
3	159
5212	1
0	103
0	412
0	395
0	606
0	0
0	0
0	953
1081	0
0	0
2003	0
799	0
2	0
0	0
0	117
221	0
0	215
14	107
0	1
0	1
0	0
4	0
1837	1
29	0
3791	1
10	0
1158	0
153	3258
0	0
0	670
0	3607
0	3756
0	64
4	0
138	638
29	638
126	627
115	627
0	0
54	581
8	129
0	1531
0	42
0	2533
328	1378
0	1583
0	502
49	2411
0	0
15	0
181	0
0	0
52	608
34	608
0	4
0	0
3277	1
0	59
53	0
913	0
0	0
4253	1996
0	1994
0	1474
292	0
127	481
0	41
0	37
0	302
7	315
18	31
0	444
6	1373
0	1288
0	0
329	0
2	642
0	0
0	0
0	0
20	13
34164	16
0	1376
0	1516
0	0
83	1312
1582	0
0	555
20	0
0	0
33	0
1622	0
8	0
523	0
0	179
0	179
0	171
0	17
568	1
0	27
430	798
3432	2
0	2
13	3811
0	3811
16	0
4	3
0	7217
1031	1
0	0
248	0
0	0
0	143
10	231
230	0
4	127
115	127
0	88
30	0
0	545
0	9
0	0
16	37
0	33
0	36
193	0
339	0
0	0
0	0
0	0
0	409
17	816
4	207
0	0
0	0
1993	0
4	8
0	8
196	0
95	1754
1652	0
59	924
3	924
1	924
15	0
656	0
0	0
282	400
0	6
0	837
0	1184
0	824
0	818
1737	3680
0	3680
624	2
0	409
1309	770
0	770
3	0
180	0
95	0
0	60
1453	0
2	0
0	1820
0	0
0	0
637	0
4	2338
70	2338
613	0
34	1198
0	5
140	0
112	1432
24	1432
11	27
0	1855
191	1624
0	0
11	0
0	299
444	0
178	1
118	393
0	0
0	8
0	8
9	10
0	0
3	0
0	0
0	904
14	904
53	334
72	334
189	52
143	9435
480	9435
38	428
80	422
7	2
17	51
4	51
220	752
0	0
5	530
0	274
1	243
106	0
38	659
0	37
0	37
218	507
0	2689
1	1
48	46
1536	0
0	1540
5	284
0	7
0	0
243	0
0	746
2339	0
0	306
0	0
299	0
0	7
0	32
0	6
0	540
466	847
0	847
13	1346
0	1549
0	502
666	0
0	291
0	54
0	147
2	0
0	60
0	59
1	57
6	0
26	1
210	1660
0	1660
0	0
40	0
1461	0
0	0
30	339
173	96
8	1835
607	530
0	0
2159	0
145	23433
1439	23433
0	221
0	682
0	0
0	17788
0	0
0	405
0	1299
0	1118
0	2
0	6
170	169
0	488
0	226
0	360
0	336
0	341
0	88
9	0
0	9
0	5
15	0
18	17
163	0
6	1221
3320	1
0	195
24	195
0	756
0	14
0	14
2	14
62	411
87	412
155	0
11	163
0	153
537	2
1	0
0	0
0	0
0	1359
0	1088
169	0
5	0
0	181
1540	1
0	4
354	2
94	249
71	0
24	0
7	1174
0	0
3630	306
0	306
1581	1
286	0
168	0
11	397
0	83
0	4
234	0
2	118
0	18
0	9
0	0
430	0
77	15
0	12032
248	0
884	1170
0	1081
0	1166
0	1116
0	892
0	0
0	39
0	39
0	39
0	46
0	39
16	0
4	0
11	85
0	0
0	0
1	0
1946	4
0	0
721	0
0	63
0	7
0	0
0	0
1510	0
1078	0
0	0
0	0
0	0
0	0
0	252
15	97
5	1
0	1
882	0
0	0
0	276
0	289
0	267
0	11
0	237
0	0
0	86
0	92
0	1345
100	63
30	63
0	1048
203	5801
0	532
1500	0
12	210
0	0
0	1
556	0
0	155
6	5
298	0
23	26
42	0
0	15
0	4
1	4
0	4
0	4
0	47
14	2
3	0
0	0
2450	1
1162	4
0	0
22	195
0	62
0	119
38	119
0	0
0	0
139	0
106	254
0	278
72	817
0	170
1	1
7	0
0	0
9	0
32	1424
0	1424
11	140
0	333
9	302
7630	3
0	0
0	107
997	1
589	0
425	0
0	1224
0	819
0	998
74	726
0	0
68	1690
0	20
46	166
0	10
0	0
0	0
0	4
46	0
4	2648
64	0
33	0
19	1
25	240
755	1742
198	1742
0	51
0	788
0	13
564	0
9	0
0	2
647	0
2617	2
0	0
4	142
0	0
2975	0
4	0
0	24
129	24
40	0
246	0
343	0
5	0
128	1834
91	0
18	9
276	688
12	0
0	5465
145	3063
0	1403
0	35
475	1505
204	812
0	812
18116	4
0	0
0	0
289	0
0	0
62	577
1	1034
0	429
33	4
0	631
0	0
9	2
0	2214
0	1529
0	1632
0	1154
0	0
0	0
0	217
0	217
88	614
29	181
594	6296
35	6296
182	166
234	0
606	4
0	13
0	0
55	0
0	0
3054	1
0	2
0	2
136	962
0	0
0	81
0	0
6	0
131	3003
26	3003
2	0
720	0
105	168
1039	0
0	0
0	0
0	0
0	0
0	0
0	0
28	1045
1223	12422
42	12422
0	76
104	0
0	16
47	0
0	0
0	22
0	5
0	5
0	1
0	19
0	2
0	2
2483	5
71	0
0	0
0	0
0	31
31	75
0	463
0	462
0	1788
1	1851
0	0
0	0
399	142
0	142
0	1207
0	1826
0	25
63	2
63	109
1	274
45	195
66	7
0	289
3630	0
0	1330
0	15
89	15
0	2482
90616	49
890	0
0	12
0	0
0	865
109	4591
46	4307
54	16
0	15
0	0
21	955
0	955
51	823
158	1450
133	1449
0	1227
41	513
22	561
0	561
0	3
0	972
0	1007
0	956
0	956
159	192
38	0
0	0
0	13220
0	13
0	124
2	0
0	0
0	0
0	2946
35	0
0	785
0	45098
1	43628
0	47265
0	0
69	353
329	416
0	4112
144	0
4	0
35	1333
83	20
0	759
328	892
464	892
0	198
0	0
0	36
4689	2
0	6
43	0
649	0
1943	1
84	204
49	182
86	182
0	280
0	95
23	204
18	707
66	707
0	0
350	0
21	0
0	2920
0	0
131	45
0	237
0	190
0	5252
0	300
0	171
13	171
0	158
0	0
368	0
46	1432
70	1442
19	1442
1	0
0	61
19661	7
4	2141
0	617
0	10622
169	2765
188	340
5	0
11	199
159	64
0	68
0	88
101	332
23	332
10	0
3551	0
0	82
793	1
0	2252
17	0
0	338
53	372
0	3149
13	0
0	9
0	369
0	4
0	3
0	4
2382	0
0	0
32	96
23	180
3	27
0	0
37	125
111	125
1615	2
0	0
0	0
0	0
40	397
33	485
0	450
0	0
0	289
27	0
0	0
18	67
0	1672
0	0
0	83
0	764
37	160
25	96
0	85
0	0
591	0
17	0
1843	0
109	0
4271	5
0	72
0	2
0	0
0	30
7104	2
0	108
13	293
0	242
0	4
0	4
153	653
0	53
2901	420
0	0
0	51
0	51
0	1812
0	1808
17	1904
4	1010
0	1615
0	1144
28	0
0	0
0	81
1	501
96	501
626	0
51	0
7795	3
44	1646
78	727
1	0
0	22668
0	4501
30	259
6	259
106	0
29	314
147	914
0	914
40	0
106	0
0	0
0	0
38	2286
0	510
0	228
0	271
0	977
0	0
844	0
69	0
0	0
0	989
0	96
0	2
0	2
479	989
25	8
0	0
0	0
0	20
0	20
0	576
0	67
0	363
0	0
12	221
0	221
0	0
671	2
0	1094
459	1
145	0
0	1161
4	26
36	0
0	381
0	178
0	203
4	9
35	83
0	83
19	11
22	87
2	213
268	0
0	277
592	277
96	44
6	0
78	0
0	0
10	287
0	564
610	0
3435	4
0	3198
0	3011
0	2528
0	3122
0	2051
127	1507
0	1393
0	1508
371	2151
0	197
263	1206
133	0
16	457
0	0
43	0
40	197
4	2
477	64
0	0
147	19
0	0
0	0
2	12
0	0
0	29
6	12
2	0
1	4
0	1
0	635
3	0
427	8146
0	8146
9	72
1	0
776	0
0	208
0	142
0	127
18	0
3137	10682
0	10682
0	375
29	5
0	197
24	0
0	99
0	346
1	372
0	2
13	230
0	166
1	9
0	0
748	0
25	4832
108	255
1	1026
0	955
58	88
117	0
0	0
78	67
4	0
319	1502
47	1392
0	0
121	475
174	0
3	3373
3368	3374
0	397
6	388
0	131
14	699
11	699
17	682
0	938
2566	1143
0	2100
0	1789
0	10
0	26
0	2406
0	3
0	3
0	2148
0	1505
0	1636
5	1729
672	0
983	1
0	0
46	0
0	212
769	14
781	4295
19	25
0	1419
2	0
86	6
26	0
0	0
0	102
3	135
0	233
0	166
0	220
0	233
0	176
542	2
25	0
1	120
0	52
1	0
0	535
10	53
0	375
0	2492
0	0
0	2
5	117
370	1171
592	3020
0	0
257	0
0	69
0	47
0	0
0	0
0	46
0	0
0	149
876	1754
0	0
0	0
0	0
0	0
0	319
0	7784
0	8317
0	449
0	657
218	904
1976	0
0	0
4393	3
363	381
2605	1
17	273
6	2
784	0
0	908
75	480
0	1398
0	1262
0	2176
2	2215
158	2348
0	2212
0	2345
0	991
119	344
0	212
0	61
0	47
61	2437
0	2437
480	0
0	13
0	2
791	3
3	0
351	2415
45	123
4	1769
0	1745
0	1760
2281	11
8	0
229	616
5	63
0	37
51	851
0	844
0	829
0	909
0	909
0	798
42	580
0	0
20	0
0	0
50	283
0	401
365	0
110	635
0	127
0	31
0	1048
299	1921
3	1354
1	1357
4	3
1916	0
0	0
235	1627
1738	3
713	1
0	508
147	904
0	904
0	0
0	58
0	233
0	68
661	918
0	110
26	808
172	837
0	2928
8	0
35	0
130	0
23	0
0	1159
0	234
0	262
0	8
0	8
0	0
0	375
0	1590
0	26
0	879
0	772
5	9481
0	9417
13	361
0	361
16	0
0	0
0	0
5123	1
9	1299
409	0
1207	0
0	1093
0	647
5888	3
611	0
569	0
0	1672
1	0
0	0
0	0
78	859
0	1639
0	1246
0	202
324	0
46	0
535	0
10	0
0	7
34	446
4	1693
212	1693
131	886
40	0
0	0
0	49
31	0
0	30
2184	10
241	0
0	0
0	11
16	575
0	570
0	576
9824	17
397	0
0	3
24	4
0	136
427	108
0	645
0	645
0	343
5136	3
13835	6
541	221
27	2139
54	2139
0	21
6	21
0	742
0	0
2	70
268	0
0	0
2	408
0	0
682	0
0	1
3	0
0	2916
0	10
4433	3
0	1025
0	861
0	0
85	1010
3123	2
141	0
0	42
0	0
0	0
467	0
0	1219
0	7
0	6
0	0
2781	0
0	0
0	0
0	0
0	299
405	2
1	0
0	194
0	231
0	259
0	1983
35	0
0	551
23	860
11	629
45276	64543
2	46453
3	66351
2452	19961
0	201
2223	1
2	2
0	567
0	0
58	0
0	0
0	0
0	251
0	939
0	331
16	394
0	95
201	0
0	246
0	250
0	9
0	9
0	88
0	2878
0	0
473	0
26	221
0	134
0	237
0	316
0	1652
0	12
508	6262
0	6262
0	2657
4236	4
539	1
0	29
0	35
0	91
0	113
0	125
0	91
0	92
3	139
0	119
0	17
13425	4
0	0
0	199
0	160
0	92
0	155
0	0
1402	2
0	493
0	725
0	493
10	732
117	1788
43	376
1179	0
23	191
189	409
0	409
253	1506
4027	1835
0	1835
571	1683
433	1683
2	0
0	1738
4	4860
82	4860
190	1151
0	2000
118	0
341	0
3	0
612	0
0	137
364	0
58	125
1430	41
0	0
1	75
142	323
416	0
16	138
0	0
286	1
0	36
0	3
5	196
66	196
0	0
0	0
0	17
8	0
2	0
0	0
0	659
20	23
12	0
0	89
232	0
120	0
0	289
0	97
17	31
26	0
0	4
901	0
0	319
0	831
0	0
895	0
1602	0
0	58
0	2
84	0
284	363
174	407
113	0
0	84
0	370
0	1172
3	1900
2316	1
1197	0
32	38
126	34
0	0
93	8
0	25
58	0
0	23
0	43
14	37
0	0
265	0
0	278
0	358
6	195
0	116
0	519
0	560
10898	6
0	2
0	1017
0	861
0	8
21	281
0	134
0	123
11	140
520	3934
0	2
1246	0
0	0
0	0
0	1408
0	1359
0	1534
0	1570
0	728
0	285
337	1357
80	831
0	701
72	133
4	133
0	339
0	364
0	454
0	336
0	0
0	3
544	0
0	93
0	76
9	21
0	20
82	138
0	0
0	0
0	287
27	287
0	95
0	95
0	2154
0	138
0	0
0	3
90	0
25	195
0	195
0	2853
98	2916
0	2430
33	97
173	50
65	0
0	2
0	2
33	0
122	4413
185	4413
11	0
583	0
0	25
65	226
41	0
609	1
253	505
219	1624
0	0
8	23
1	273
0	258
0	69
302	0
9	305
0	715
0	728
0	262
0	118
7	29
0	118
0	64
0	0
0	283
0	98
10	212
0	60
31	0
1365	8
0	0
593	0
0	0
0	7
976	1768
0	1039
8	3195
0	3060
81	722
5067	0
0	835
0	282
0	286
0	287
0	275
48	243
0	0
422	4340
0	6
0	6
4213	6
181	699
4	540
771	235
44	151
12	151
138	683
0	0
28	35
2180	0
0	617
0	8
944	2663
233	1933
632	0
556	162
0	0
47	583
0	98
0	98
0	36
939	2659
333	2659
849	1
0	785
0	1789
0	790
0	160
0	0
0	50
0	50
0	60
0	578
0	179
0	0
633	0
0	383
52	455
0	455
11	56569
4729	56572
0	428
83	0
0	157
1427	0
334	0
0	0
3344	1
2	0
0	60
0	50
0	12
5575	613
0	421
14	0
0	4156
4	0
0	0
46	72
0	19
60	40
0	24
0	852
158	2540
0	2161
4	53
0	2446
0	551
0	73
31	23
0	0
26	659
0	642
0	161
0	0
0	0
0	498
0	473
0	458
0	19
0	928
358	3684
0	599
651	0
380	0
415	0
92	43
381	0
1020	0
2	0
2053	0
106	0
0	2
0	0
937	0
1	4
0	0
0	471
76	0
3	0
0	34
136	0
51	172
0	0
0	0
0	0
0	0
6	32
112	1249
166	0
613	1886
25	315
33	324
1	324
0	478
0	539
0	4225
0	3052
13	30
0	0
0	0
0	0
0	0
0	0
17	1
0	0
6	0
11	2
0	0
0	0
0	0
0	12229
0	12301
347	11779
0	11685
16	620
0	177
0	0
15	1570
0	0
7	1
903	1
2441	1753
0	1746
0	0
0	0
0	1119
0	987
0	262
8	262
425	0
221	0
0	184
2724	3
4	279
4	353
301	5
246	2076
170	347
12	347
0	55
0	1407
0	1454
239	85
0	4884
227	0
17	128
0	422
1848	0
0	759
4330	0
0	7
203	0
2715	3447
0	3443
0	338
0	0
23	0
149	0
9	1715
0	1711
0	93
46	569
306	594
0	0
0	0
5698	4
0	0
36	1115
36	277
0	277
0	0
0	0
77	0
0	183
0	212
4	207
12	78
0	289
9	0
0	2
0	0
204	1
82	252
0	0
0	0
0	46
0	191
9	0
125	0
0	26
12	27
0	424
0	0
0	5807
3	0
53	0
636	1963
124	1956
475	0
127	0
1674	2012
5361	6
1044	2
0	167
0	180
0	171
0	149
0	968
32	252
2	252
0	1292
19	0
0	1
221	31
0	61
0	0
2390	9576
8848	9584
0	0
905	1
0	0
0	2394
5	0
11	10
0	0
0	2186
0	1
1999	1
0	0
245	0
2555	2
779	1
101	0
1492	0
2	10
14	11
163	1219
3889	5
0	0
0	11
1123	0
0	0
0	486
109	492
0	492
0	471
0	0
0	4
0	4
0	4
0	4
40	0
0	220
58	220
700	0
3	473
16	1281
133	441
0	291
475	0
890	30
337	0
0	2420
0	930
5315	933
7	34
13	34
2055	771
176	764
156	276
0	276
136	83
0	0
0	84
0	602
28	0
0	0
0	0
0	0
0	41
123	0
26	104
0	165
173	0
8	19
15	1316
0	0
0	9
0	9
21	801
1780	0
176	4
42	156
0	167
0	167
0	167
0	101
0	324
2482	1
739	0
162	250
119	250
16	45
818	0
19	140
3	1542
0	1800
0	71
57	831
0	716
0	699
0	699
0	773
8	444
2	249
421	0
0	20
93	0
141	1231
2	3
0	0
739	0
0	0
27	238
0	0
0	0
1717	0
139	0
0	0
0	0
12	139
0	136
0	137
0	123
205	504
253	2407
0	680
0	485
0	190
60	0
2	61
0	0
853	2135
393	0
70	16
122	2655
0	2655
0	2655
0	0
8	161
0	167
0	167
0	34
41	0
0	477
0	0
106	0
56	2
0	1302
0	0
0	0
202	0
0	0
642	1
1	15
1	288
21687	9
1720	5
0	0
0	338
1133	0
2036	0
0	0
935	25
114	0
288	3402
19	3402
77	1096
124	1096
7	0
0	0
0	0
0	1253
179	3
0	0
2663	3
0	1040
1	0
0	53
0	43
0	43
74	357
0	362
0	7113
0	3919
11	48
0	48
215	2068
0	2847
0	1906
7	0
0	276
0	6882
2	310
0	0
256	0
0	0
45	1177
6	256
0	256
0	0
96	0
277	0
0	1
1492	0
0	167
0	0
0	0
0	0
40	199
0	0
0	1459
223	2071
0	14
60	95
41	188
0	410
0	158
168	0
8	1111
0	8
66	196
6023	4
46	0
167	0
0	666
0	20
0	20
0	43
11	49
0	0
97	1215
0	1215
0	0
154	0
0	57
14	164
0	0
0	0
9320	3
429	0
35	0
898	4292
0	4292
437	1215
0	50
3202	0
10639	4
0	4
0	4
35	264
175	1021
668	1
42	23414
817	25177
0	6637
0	77
0	0
0	40
0	40
16	135
2	0
0	0
76	0
0	6
13	28
36	484
150	347
3864	2
2882	0
7	3
0	0
22	94
4	94
911	0
5	71
14	240
190	719
14	357
73	0
0	15
0	321
0	307
9	554
35	0
157	0
698	1
0	0
487	1501
0	898
0	1
0	203
0	0
0	227
6	227
1107	1488
0	1488
171	0
0	8
0	8
1524	3
0	0
0	36514
0	0
0	0
2317	3188
17	3032
131	3092
0	25
0	25
0	165
0	32
0	32
1	29
0	27
0	142
0	256
0	462
24	74
0	0
0	0
0	601
47	173
0	0
0	0
76	0
218	0
193	0
0	667
9	490
572	492
56	911
68	652
241	255
0	681
374	0
0	2806
0	4
21	123
12	1427
0	12
0	580
756	0
2532	2
1106	0
3	1207
0	0
24	87
0	87
0	65
138	0
137	1348
74	0
0	0
1088	1
0	353
0	291
13	0
0	1104
2943	1764
0	1639
25	28
0	352
0	39
15	0
0	29
0	41
4	229
583	249
0	0
581	0
10	0
0	551
0	522
0	519
0	503
0	516
0	636
44	0
0	2064
26	0
127	0
0	829
3	25
0	25
0	13
0	13
0	0
9	1
1159	4239
3	3966
0	2776
11	1387
0	2130
4051	0
3	1219
0	36
763	0
41	0
4810	9
0	415
9260	1
0	0
371	0
0	20
0	486
479	622
7	622
38	0
0	4
991	1
0	19
4454	4
1092	0
0	730
26	328
4	328
581	0
760	0
19	490
0	1748
0	0
74	2
58	0
0	168
6	1019
95	1008
40	53
0	0
77	3
77	549
0	549
25	184
965	0
0	48
0	53
33	323
1000	1
0	0
0	0
0	0
15	175
2547	0
0	4
0	0
90	0
0	6497
1	0
0	0
0	379
0	379
0	374
1	0
412	0
32	0
0	4
0	2
0	2
0	8
69	492
0	426
276	4823
0	4823
139	331
0	0
0	0
29	497
0	0
2184	1
0	367
6	367
15	68
127	0
22	171
125	1119
1470	1
59	209
0	386
95	0
386	0
81	598
0	597
0	3156
0	614
16	727
0	110
549	0
0	0
0	0
0	49
0	0
74	187
2	150
4	150
2	150
6	236
168	723
0	723
439	189
0	3
30	148
0	68
0	77
430	1546
0	30
149	59
1010	0
2	0
0	0
2	0
565	0
293	0
15	53
26	53
0	8
113	0
3	9
0	9
14	152
0	73
0	77
0	0
16	0
0	66
0	66
0	5702
50	0
0	250
0	250
0	250
0	250
0	250
0	242
1	0
393	314
0	314
0	910
694	0
125	0
336	7
218	0
5	0
14	69
0	0
0	1263
0	379
150	0
0	2794
33	0
0	1072
41	1
444	0
86	159
271	0
4	1238
8	0
7	1279
0	1503
141	1166
66	1395
209	40
0	40
0	0
1388	4
0	0
62	312
0	6
8	5
59	44
0	44
1146	1
757	0
0	86
0	338
0	95
9	13
0	0
0	0
2	4
149	1754
75	1754
0	0
0	0
9	138
223	0
988	1356
17	1389
3	1263
6	0
0	0
0	10
0	1465
63	1708
0	1733
7	121
16302	7
0	169
0	1193
0	2352
0	2039
0	1320
59	1000
0	1008
0	169
0	1185
11	188
7	0
14	138
0	120
184	0
2	0
159	1223
0	1223
0	916
0	194
711	0
739	7
13	14
0	18
0	13
0	12
57	1447
10	1447
1	154
0	132
0	57
0	127
0	202
0	358
0	115
457	0
0	1799
33	1799
277	0
204	87
9	91
8	0
770	152
0	0
0	2
84	29
135	36
138	189
0	139
370	1
8	0
49	505
0	18
0	13
1043	0
525	619
49	618
188	5929
0	7610
0	7473
0	7370
112	7787
35	7391
0	0
7	0
0	0
0	0
563	1
0	586
46	15
308	0
217	4492
130	1
1667	0
7	0
40	0
0	1413
0	410
299	2618
0	2049
0	71
0	51
0	44
0	51
0	45
0	50
0	48
0	48
0	47
23	0
0	0
14	1670
0	316
0	6
0	12
0	12
0	2
7290	6
342	0
2513	1
35	432
0	432
0	0
5	410
0	410
355	115
0	2275
0	2275
8	27
5293	6
16	0
0	330
2495	4
2	2
0	2
37	0
365	1807
894	2
1	0
0	0
0	401
0	386
0	0
5	0
1246	0
0	0
0	0
0	1
0	1
1713	1
11	15
317	1069
17	1044
0	0
14	2320
215	2320
1398	0
0	0
0	0
0	13
17	16
20	20
763	0
677	1647
0	1121
134	231
0	375
77	0
2522	0
149	0
578	0
1	0
3571	3
0	0
0	0
0	0
0	2135
49	1386
0	2147
700	830
0	1719
0	0
1827	2
0	154
2	195
0	1423
636	0
0	79
912	81
13	0
19	9
20	569
0	30
0	17
0	7
437	1
1836	0
339	748
113	748
535	4
175	824
0	659
7	0
29	0
0	634
0	164
1726	1
0	0
0	0
1	0
0	0
0	0
2387	0
0	522
0	572
0	712
33	777
25	71
97	734
0	31
245	644
2661	4
0	0
14	0
7	4
0	0
0	49
25	1868
166	1868
0	0
0	0
0	0
7	0
88	0
0	0
181	0
4	0
75	484
0	0
0	0
30	1251
80	1222
4	3
0	1652
0	37
0	32
514	952
0	183
2448	0
0	321
183	2848
143	2848
60	0
59	0
7	15
480	0
1	67
0	0
0	0
45	497
0	0
0	29
1140	1
1894	0
470	859
46	964
319	0
0	0
1181	0
37	32
0	32
80	0
0	0
0	0
420	0
110	4435
0	2236
29	0
2273	0
905	2
1014	4
78	131
0	131
0	1610
5	0
0	0
249	0
6801	1
2	77
1	0
21	0
4	0
0	415
0	0
44	7
0	213
10532	5
0	0
219	0
0	2
0	47
30	579
0	579
86	0
8	16
0	16
3	0
0	0
69	0
0	811
0	170
0	170
0	0
0	0
478	2
624	0
0	14
0	0
0	7390
0	7390
175	0
19	0
0	0
278	1534
0	1534
5141	6
80	1
0	1220
264	929
0	336
0	0
712	1
4	11
116	0
733	1
0	0
0	0
0	0
0	0
482	0
57	0
0	0
444	1
0	1807
0	397
0	392
6	384
0	216
0	411
0	226
0	190
0	173
0	143
0	1404
7	0
0	0
3	4
27	121
36	457
0	30
0	30
0	1065
0	0
18	0
0	0
0	0
286	0
30	452
17	452
38	107
58	78
0	18
4	208
939	0
1093	0
0	0
0	0
78	0
0	0
0	86
99	86
68	0
0	0
386	1276
245	1
219	844
0	441
0	0
3	732
0	801
0	732
0	819
0	666
2	810
263888	225
1246	0
1273	0
0	50
8	50
0	713
0	137
23	95
0	95
0	66
0	54
0	59
0	10
159	0
0	240
0	205
0	225
0	197
0	205
0	0
0	0
0	52
0	612
0	106
0	106
5	239
0	221
0	101
70	539
0	348
10	0
5	18
0	0
0	2
0	4287
0	4287
8	3809
0	3618
6809	1
78	0
0	219
44	741
0	214
0	245
0	123
0	208
0	6232
97	80
211	206
643	206
0	260
106	0
98	1164
0	0
0	189
100	0
517	0
855	0
0	2006
20	22
1	58
0	158
0	20
0	0
0	9
739	0
147	7
113	671
3	0
1139	0
2210	1
0	65
1072	0
671	0
0	1139
0	963
0	1139
0	1131
383	28
0	18
0	868
98	336
52	328
396	0
0	71
36	0
0	0
7	0
0	4124
0	3399
0	303
178	0
0	93
35	2
36	1580
176	1580
0	44
4147	2
7136	8132
0	8130
9298	5
7	101
0	2
27	400
0	0
116	0
0	291
1081	0
1350	3
365	0
0	2
0	0
477	3
4063	2
22	66
1	0
0	971
1	390
235	0
20	754
27	24
0	643
0	166
38	25
482	3878
44	0
656	723
495	2372
173	0
0	575
37	1131
1711	2
120	0
80	91
0	91
0	2
513	8
146	0
0	748
394	0
0	52
0	855
224	3018
123	3017
124	405
0	0
11145	12
1371	0
116	952
197	2089
1	2038
0	0
0	0
1	290
9	0
12	0
23	1491
0	1547
0	1196
0	0
0	3304
0	52
433	1067
0	8492
0	0
0	199
0	0
5	1
0	0
8	0
240	0
0	49
0	0
42	260
0	757
0	0
4	114
0	108
0	84
5	450
71	0
0	30
0	23
0	24
0	341
0	444
1189	0
0	227
0	284
0	284
3	327
25929	19
0	39
70	253
80	9
0	19
963	0
0	37
0	38
0	28
0	0
1167	0
316	4077
27	4051
58	4099
0	147
112	0
0	55
144	0
0	219
0	249
6	249
0	3
0	0
7	0
0	363
0	55
2	78
0	806
0	5
0	0
0	0
0	0
0	0
7	0
0	0
1	340
15	317
174	0
103	0
84	366
0	43
332	92
0	92
443	1
211	0
0	73
11	52
134	191
121	2467
0	2467
0	8290
1	0
0	0
0	0
399	125
0	0
0	25
17	193
7	45
2077	3
2040	4332
0	4332
1494	0
0	72
0	1020
424	2273
2	0
0	0
213	1419
546	0
0	328
0	150
0	125
0	103
0	34
0	1429
0	825
0	0
236	0
0	29
0	29
0	29
18	229
271	690
376	1
0	1133
18082	16
1754	0
956	0
160	130
0	130
0	559
0	104
0	13
0	0
0	206
0	0
0	0
13	55
0	55
0	110
0	110
0	108
0	0
0	96
0	0
0	0
62	493
0	0
0	54
14	372
36	372
0	270
126	0
0	417
1425	3
0	0
101	0
73	26
36	24
8	5977
0	1078
19	5473
0	0
1	0
0	437
346	13155
56	0
0	9
0	1320
0	1344
0	1353
1	17
0	7
0	1119
1858	1
1	41
4	0
5	0
83	0
0	889
0	0
49	3
3	5
0	0
18	7
0	191
19	157
26	191
16	0
0	46
0	54
0	57
0	0
301	539
91	0
0	1749
0	6
0	42
0	13
0	3
23	224
136	0
118	2
0	470
532	363
0	1855
0	1813
0	49
0	0
0	722
1437	5924
96	5922
0	2414
0	148
0	408
0	61
0	188
10	3705
779	0
0	79
0	82
0	1350
4	35
0	477
0	0
0	512
0	0
0	16
0	112
0	9
0	2802
147	2658
29	2698
88	2576
0	1307
2	424
41	424
0	387
0	228
225	0
0	1692
4	3851
419	4332
789	4
7	0
151	358
0	0
64	11
0	908
0	721
4	918
4	894
28	455
19	138
4	9
61	0
24	188
0	0
0	326
86	0
40	308
0	1195
96	0
0	0
0	0
0	0
0	3824
39	3822
135	3604
0	424
0	493
0	493
134	846
43	5
34	5
19	24
0	3
0	5999
102	6566
0	1
0	506
150	3229
2	3080
450	2849
0	1270
537	821
22	1044
0	666
293	0
0	254
0	601
12	12
0	580
218	1559
0	32
0	33
0	98
0	11
0	0
5	2144
0	1033
48	1743
15	0
171	79
0	418
0	427
0	368
0	0
268	581
4	129
0	592
0	401
0	4
0	286
3566	2
1	0
0	36
0	36
0	36
0	0
0	673
0	0
0	65
553	447
0	447
1	0
62	5
11	0
0	170
0	1
0	1
0	384
328	0
1	36
0	626
315	1322
1	0
0	4
227	0
350	3688
5775	15
0	0
0	0
0	725
0	100
86	1018
563	0
0	15
734	0
0	0
0	23
0	20
0	23
0	36
0	43
0	14
0	14
0	207
0	364
0	161
0	44
0	181
51	141
28	1137
0	5
9	0
575	0
0	0
0	0
83	0
119	709
24	0
0	801
3	25
119	0
0	104
47	0
0	750
0	0
79	583
0	5
415	0
2643	2
0	0
0	0
0	0
0	76
4	0
0	150
8994	3
4	0
0	4
0	1831
121	0
0	106
61	402
0	0
0	3
59	1385
46	1385
0	6
75	1115
959	1115
15	154
161	154
392	0
34	2
0	0
38	0
3	20
0	236
614	49
3	3173
83	12547
88	1151
0	0
0	0
25	0
0	127
1374	0
0	0
345	0
0	7
58	638
13	638
0	0
0	0
0	0
0	0
0	0
0	0
0	0
0	0
0	7228
0	0
0	13
0	52
0	52
0	0
0	0
0	3155
0	60
0	3285
1	3077
1181	2757
0	0
267	220
24	220
0	0
0	242
0	0
0	7
9	15
0	0
401	0
139	0
0	50
0	54
197	0
16	4399
221	4405
77	2946
0	1163
0	2665
0	2768
0	26
0	21
41	0
0	39
0	6
0	0
2139	4
90	0
0	0
444	0
1664	0
871	0
29	6711
42	0
0	0
0	0
0	0
0	0
0	0
0	0
0	189
1	189
0	0
33	0
0	0
0	0
149	670
0	408
0	0
0	0
0	0
0	0
0	193
9	193
1	0
0	9
1	98
8	0
0	0
0	0
47	0
2	17
268	450
2	10
9	0
0	27
0	27
0	12
0	0
0	15
0	15
1072	352
0	352
0	88
0	2
0	2
0	2
80	1271
0	205
0	333
470	559
0	8
38	0
0	0
0	2296
3	0
0	2155
0	1236
235	1
0	863
0	0
513	1
634	2
7	968
0	932
465	0
0	0
0	0
96	2
0	0
267	0
9	3
0	412
500	810
0	0
14	0
9	153
3	332
0	0
0	0
0	61
0	0
99	12056
1311	12056
0	10597
10	83
0	595
1378	599
0	0
113	1541
0	0
12980	2019
0	2013
1201	0
1	0
0	4
0	4
0	0
54	0
0	112
0	0
0	0
137	268
13	64
1021	1
949	2591
16	0
16	1296
0	1296
2674	742
0	24
59	91
4	0
0	4210
0	3325
1	0
0	514
515	0
8	0
18	48
6395	6
0	0
0	13
926	0
0	24
0	0
319	2651
6	137
3836	0
136	323
140	0
2999	15915
21	0
429	0
0	0
58	192
0	192
5	0
0	0
1	2
0	0
698	0
0	569
0	515
0	426
0	573
0	395
0	376
0	48
0	67
7	67
1136	0
0	0
17	342
22	342
18	3304
0	3304
0	27
45	0
54	0
351	1
3	59
242	4895
85	4878
23	4918
12	4845
476	4734
0	0
0	0
0	0
0	0
0	0
4	21
32	0
1	451
0	478
0	478
0	464
1	777
0	772
0	712
0	1182
0	20
8	0
0	2474
0	0
0	119
29	0
0	680
1	648
0	680
3	386
128	590
0	0
1310	0
0	2551
212	1413
422	0
5	3
31	9
0	0
5	0
0	6021
343	6186
0	350
0	0
0	0
0	0
1547	1
0	0
0	0
0	0
70	1613
0	835
0	770
0	835
4	781
26	767
2	767
0	628
0	767
24	0
734	0
648	473
35	473
11	0
95	108
0	1258
37	1258
0	475
243	0
0	504
4	1
362	1569
0	0
611	0
98	2
0	5027
0	5027
1635	0
22	686
0	55
1012	0
72	2
0	0
0	0
2803	0
39	128
3113	0
62	0
697	0
835	0
6	0
3	79
0	79
102	0
0	0
0	0
337	0
30	599
1287	0
0	381
0	379
0	389
0	343
305	0
260	0
676	0
0	0
104	73
0	1204
44	643
0	643
22	0
0	0
70	106
0	106
868	0
60	30
257	0
0	812
643	0
938	0
0	416
0	0
0	3
40	1
220	1922
20	289
0	25
0	25
344	2594
654	2594
26	0
25	0
0	0
49	0
0	0
4	0
0	0
1008	1166
0	1163
46	0
1478	1
0	0
0	0
0	41
0	435
0	435
18	414
1925	0
0	88552
0	0
442	286
0	286
0	0
0	200
0	340
0	120
178	520
0	520
134	0
28	1492
0	312
3	312
1	882
8	255
13	128
8	0
0	4
0	40
0	0
0	258
215	0
0	1270
116	1270
11	12
1	193
8	193
0	46
0	174
1960	1
0	648
23	648
2626	107
777	0
0	0
7	20
0	34
0	369
319	0
9	0
0	0
232	0
6	0
1090	1769
0	12
76	2
4	0
78	137
0	137
1	4372
15785	6
1640	2
10	1737
0	1656
2	608
18	0
0	375
0	406
90	283
0	237
0	0
0	10278
54	78
38	30
0	30
0	21
1752	5869
0	0
495	0
0	3359
103	3272
0	3284
0	1660
104	0
93	0
37	0
263	137
0	136
3	915
253	14
635	0
1	172
70	172
75	0
1	53
346	1421
0	1421
212	1
1484	1
1039	0
0	1947
0	2034
0	0
321	2
0	0
0	0
81	211
29	815
20	728
607	0
53	0
186	858
5	858
0	0
0	204
285	471
0	471
0	0
0	0
242	0
0	84
0	0
0	8548
0	8130
0	9095
541	0
31	5
238	0
0	0
0	2089
393	0
0	1275
46	0
245	14
0	14
579	0
660	0
266	0
13	0
0	10613
0	9989
0	10537
0	10684
0	10608
0	8296
2	16
0	142
84	285
0	0
0	0
0	0
0	0
0	3
503	4506
0	267
0	1524
0	5
0	5
39	145
0	1708
27	1708
0	223
0	11
0	0
0	21
0	781
0	0
406	0
0	776
0	55
0	33
124	33
10	391
0	0
0	2017
0	355
198	3613
4	0
0	98
3	212
0	61
0	5
0	5
0	182
0	286
0	0
0	3
0	65
0	0
558	6
0	370
1110	830
2939	831
0	0
0	358
0	0
0	0
0	26
0	26
0	26
453	1005
592	0
11	144
29	0
0	348
44	739
0	739
0	733
0	736
0	2
0	2
0	539
0	0
0	2772
0	2284
0	6530
1	6350
0	6526
0	179
35	0
147	1998
0	48
0	0
0	0
0	4
0	0
0	0
0	1754
29	115
50	0
0	1280
2	32
0	3066
10	0
0	0
0	287
0	3567
54	0
1	567
0	233
0	0
0	3
0	3
8	288
0	0
0	0
1198	1304
0	324
0	1416
57	8
0	1747
33	0
0	0
0	609
0	455
0	455
0	630
1	435
0	520
0	519
0	113
991	3426
0	5472
0	5499
57	267
19	5222
6	1445
0	604
0	6129
0	483
0	453
0	434
0	449
0	0
0	8024
0	8179
237	2255
0	123
0	100
0	0
672	0
659	0
7	10
0	16
2999	1021
7	1049
0	1114
0	957
0	439
1	0
0	113
2	4
0	0
64	1072
0	1072
0	0
202	9
18	0
13	8
0	199
12	880
31	880
9	5
65	662
2017	662
0	215
0	272
0	44
49	1154
0	986
0	901
180	3
0	0
0	0
413	0
0	1226
0	1002
0	0
16	11789
4116	11789
0	10946
0	0
192	299
4	898
424	898
0	27
0	2308
0	2215
0	2170
0	2243
0	2255
0	2283
0	2271
0	2215
0	0
0	0
0	0
0	0
0	293
462	0
9	236
4	0
0	3830
0	77
25	1065
53	1035
54	0
0	877
0	0
0	0
1074	0
725	4224
0	0
186	0
0	406
15	0
50	285
397	538
259	2996
0	1623
0	1273
10	141
0	5
0	386
12	471
0	0
26	0
0	1634
0	43
221	0
23	78
0	94
2477	10
0	39
147	1017
0	0
0	0
0	0
0	3
0	963
0	140
0	139
228	0
0	3
0	1
22	0
0	0
0	0
0	365
0	15
0	174
186	0
89	235
0	2067
68	925
126	741
53	741
2	0
314	327
10	32
9	0
0	5
0	0
0	112
0	0
3	2
0	554
0	0
0	15
0	9
0	0
2383	1
0	22
165	141
27	167
0	1014
0	26
0	10074
50	0
4	26
60	368
278	298
0	298
0	11652
0	0
0	10
5	248
0	232
707	0
436	0
0	185
0	133
1541	20302
0	845
2981	845
0	36
0	23
41	188
1809	1119
7	32
0	16
4	3
0	3
2454	1
0	8
0	73
3	73
0	88
0	1835
0	1360
0	49
0	1016
401	2413
17	25
90	0
0	0
460	0
201	2
0	2
0	1238
4	0
0	759
0	433
0	374
0	320
0	1422
0	272
22	8
2	80
331	7728
8	48
0	1
0	1
31	3198
11	0
1266	0
0	0
0	555
0	0
174	3407
31	3406
229	2196
0	65
0	0
0	6
378	1804
2	1104
2	7
280	1
16	4
0	794
80	794
30	631
7	0
0	0
33	140
0	26
0	32
0	32
3527	8
0	5
0	341
0	351
72	168
30	0
0	0
6131	2
0	0
10	51
754	0
1093	4
279	0
0	37
0	36
0	36
0	34
0	37
0	36
10	34
16	17
8	472
29	422
13	383
0	422
0	0
6	0
257	0
0	11
1188	3
0	0
0	0
963	1
14	0
0	1862
143	1887
1	0
0	943
109	943
121	7577
485	7576
212	0
0	1
0	1
0	462
203	40
0	0
220	0
0	881
1907	0
47	0
11	392
1	765
0	731
100	776
2013	0
20	0
2086	0
1877	2
276	0
10	0
0	4
207	13
849	447
39	447
101	0
28	150
0	0
84	858
1118	0
0	8
0	8
576	0
0	0
0	0
1721	1
174	0
0	118
8	0
8	0
540	0
3	0
0	17
0	17
2678	0
0	0
0	0
0	0
18	23
387	0
37347	20949
0	20930
63	105
43	4192
0	3255
114	0
0	619
0	8
0	8
0	0
34	0
1220	0
38	11
0	11
3	63
0	339
0	339
892	284
1	532
402	1017
0	0
38	0
1	40
0	20
3	31
0	30
2	29
0	15
0	29
0	14
0	14
0	14
0	11
0	0
0	0
0	698
631	0
17	0
5	0
253	1
105	0
0	0
826	0
50	7
371	0
0	0
322	52
0	48
383	360
45	0
22	582
0	582
0	0
0	1441
1896	0
13	0
109	0
5477	1
29	0
0	315
297	0
327	0
0	0
0	86
198	0
27568	365
788	0
0	0
388	0
0	0
4	2
0	2
0	521
48	0
187	0
1266	0
21	128
100	245
58	245
470	0
0	0
23	0
1338	4
8	170
0	0
111	0
2913	1
0	201
0	156
107	0
11	0
78	0
263	533
110	533
303	0
1008	1
12513	3
126	4197
28	4161
10	3608
47	0
5360	3
280	7048
2	7048
0	0
49	0
0	159
0	150
0	0
3541	3
0	0
5	0
108	331
0	331
795	0
18	1830
5	0
118	85
0	0
161	0
6	0
16	135
0	0
0	1
175	0
11	31
944	0
0	0
56	40
0	0
12	6
0	0
0	0
13	0
430	123
0	123
167	789
0	789
60	0
603	0
0	177
0	252
284	1
2	0
2136	1
0	0
15	0
0	0
1	0
0	0
8	0
26	0
108	219
1216	0
0	27
2854	6
42	0
346	827
183	0
19	27
761	0
0	0
728	0
262	252
69	338
0	1273
97	0
335	5715
0	5715
16	67
0	67
0	104
782	0
44	127
0	127
0	9
0	0
0	83
0	124
5	157
14	119
0	573
294	574
0	10
119	375
0	375
429	0
0	2
1	10323
0	10358
86	0
159	1203
0	0
0	0
15	4849
1021	4849
9	0
0	261
6	261
0	1562
8	1597
0	122
90	3
405	0
0	49
2	49
469	0
1	2291
0	481
0	537
0	422
1363	0
0	0
0	0
0	8
0	8
0	8
0	23
0	23
0	8
0	27
7422	4
0	663
0	10227
0	395
0	395
92	376
0	395
0	361
0	389
257	769
0	311
958	0
264	1
949	0
23	1255
206	2
0	1
14	61
0	61
0	981
0	343
0	0
0	596
11	87
60	776
0	128
0	5
193	1015
0	734
45	969
119	494
10	1
0	1
0	1
0	0
3	8
593	0
0	421
3	41
74	99
1	7610
0	7367
0	181
34	64
1322	3628
0	0
0	39
0	175
418	1066
0	1066
0	1001
36	1021
0	1181
0	48
9	0
25	85
0	0
0	144
1876	0
3	0
709	3
0	501
0	787
0	346
0	1174
0	835
8	0
204	2706
376	1
0	0
0	23
10	0
924	0
0	0
4227	0
0	0
0	1418
833	0
0	277
0	0
300	747
1	224
0	168
0	2
0	2
0	2
0	1284
0	1396
0	4
99	1204
0	1378
0	61
0	1603
0	194
0	126
0	126
0	0
0	0
80	366
0	0
13937	10
0	122
0	7
0	0
12	0
0	2
0	16
0	16
0	16
0	16
10	1923
408	1923
15	8
58	230
214	0
37	187
22	158
365	13
54904	31
0	26
0	2076
16	249
0	249
0	34
0	3
0	0
0	443
0	814
9	0
2	274
15	1
0	2929
0	4
0	4
0	4
0	454
0	34
1	0
0	673
0	154
0	553
0	594
0	594
0	2856
7	443
275	0
892	0
17	18
29	91
6	91
0	2439
0	115
0	86
0	7
2810	0
0	3327
99	3327
0	0
0	88
0	7411
281	728
51	202
0	0
6	55
0	28
199	849
68	201
1	38
0	197
0	238
4	238
1129	0
0	22
0	174
0	188
259	2496
0	214
0	99
0	172
9	11
3	447
0	384
4	560
0	180
0	0
44	0
0	126
23	104
93	0
0	10
0	0
0	34
1	43
50	1411
13	0
0	311
0	177
0	160
0	112
0	159
1	0
0	0
0	6
329	0
639	3
0	561
0	517
5	631
0	504
0	2789
0	1170
0	2642
0	2636
4	0
3151	929
111	3020
0	3020
132	0
188	0
148	1919
0	0
0	0
0	26
0	353
0	15
20	254
0	122
20	0
0	152
194	884
0	884
3	8
0	1103
0	0
1	73
0	67
6	19
0	19
0	46
140	0
0	10
0	14
282	0
115	3892
0	3892
1127	0
0	87
470	1646
4	6499
0	2017
0	1755
595	0
486	294
0	0
21	179
12	525
70	435
161	0
1	312
0	201
0	0
16	450
0	5
0	442
2962	0
0	94
0	2461
98	2461
217	1525
0	0
0	1412
0	889
51	3
1985	5
0	2211
0	1863
0	63
0	45
1298	1
66	0
1	23
384	0
21	89
0	0
1	0
9	2190
0	2157
0	2190
0	2145
1	2126
0	39
0	25
171	0
38	0
0	276
0	0
22	177
0	1
0	1
0	0
1	25
54	29
0	1177
0	1156
0	578
0	1636
13	0
219	6
1948	0
0	943
5	23
9	11
2973	4
0	139
0	0
7	197
0	923
280	54
146	0
15	397
33	972
104	0
643	643
0	1076
0	114
1	0
0	32
0	2956
0	2906
5	288
2	296
28	296
142	0
174	0
44	0
15	1
5	1
117	1466
1282	2
1	958
152	2815
1049	1267
0	1267
6	0
0	0
0	990
0	506
0	0
0	0
0	0
0	818
0	718
0	710
0	0
99	2084
164	0
0	384
0	321
0	320
0	54
0	5
1004	1
6	120
5	120
948	0
39	0
137	3859
2204	3
7	57
1	57
0	0
0	1236
0	1244
1	5
0	10
0	10
0	0
0	28
0	28
630	3
33	0
0	0
0	2860
0	0
49	912
12	25
0	0
0	0
4	0
393	244
0	3379
263	408
2348	409
1279	3
0	26
3	26
14	0
0	0
0	2
0	0
59	123
57	0
15	43
0	0
0	3
6	300
0	1
0	0
53	0
0	0
0	127
0	0
0	0
0	0
0	0
2	0
0	0
19	506
15	506
0	0
4	0
570	0
0	20
0	29
1	30
2728	0
0	2010
11	0
462	0
423	1225
87	0
0	58
1252	8349
0	8349
107	246
0	0
0	0
0	0
0	8
0	40
6	5
750	52
0	42
734	0
3056	0
801	0
220	1544
0	1544
0	0
2	0
477	2186
298	2182
1213	0
0	0
138	10
33	687
0	687
0	687
90	699
0	699
11	483
358	0
1090	0
0	0
78	1683
135	1683
0	242
0	207
0	118
0	201
39	397
374	397
34	0
141	19
0	0
15	0
0	0
62	0
144	1329
0	13
1003	2274
10	2274
0	16
12	207
29	1356
0	1118
71	750
38	0
0	46
3	298
0	277
0	253
38	264
0	304
0	295
0	79
0	24
0	0
0	0
0	4318
5	4266
0	165
1172	0
0	702
10	31
527	0
0	0
516	372
55	372
8	163
0	65
0	65
0	178
13	191
0	230
17	1202
0	0
0	0
0	2
0	374
0	376
0	376
48	316
0	0
21	0
18	0
155	2570
0	0
0	0
1441	0
0	18
0	18
2	29
530	0
408	3042
13	3042
0	0
682	0
100	233
19	1908
0	1972
3	1819
0	1768
5	1398
0	3
0	4
84	1392
0	1392
2773	3749
8	130
0	2091
0	2012
80	2067
250	2014
85	2024
0	1442
31	55
230	0
2117	1
0	0
401	1315
0	0
0	11
0	0
4	0
986	0
0	809
0	323
0	81
49	150
0	2
494	80
0	4
0	4
0	2
0	0
1835	2
0	225
0	708
0	699
35	56
0	0
0	513
0	0
277	2357
1467	3
0	214
0	289
1	1
0	609
803	0
20	11
67	736
0	0
272	1262
0	72
561	0
0	5193
0	74
0	74
0	0
0	0
0	0
0	0
0	0
8	27
0	22
0	22
7	390
25	0
0	10
0	2090
8	2375
7	2419
1278	422
0	6
0	1968
0	1969
1347	1
653	559
0	1094
0	1028
65	139
39	5
15	0
0	271
0	1
0	0
3	42
0	322
0	126
569	0
12	0
55	326
0	918
7874	1
71	81
245	0
10	0
0	36
4	10
0	10
0	509
0	18
105	0
45	158
0	73
2	43
262	0
0	0
64	594
145	0
0	0
0	598
0	0
0	0
0	167
0	2765
0	93
0	0
76	564
0	0
0	8
0	12
0	1
0	5
0	0
4	29
0	334
78	174
60	159
28	161
0	8
0	8
114	0
468	1674
0	739
0	25255
159	0
4606	0
0	443
0	79
0	47
11	0
0	220
11	2732
0	0
222	0
4	52
0	913
19585	17
0	0
7	2190
461	2190
0	1419
0	1052
815	1053
0	7
0	7
98	54
342	3567
103	3567
0	114
0	68
0	26
0	0
313	0
1442	0
0	1147
0	21
0	191
0	0
68	3
595	4
1821	0
1415	0
158	402
0	25
0	3
0	22
0	0
0	49
0	27
218	0
26	26
0	472
0	416
3	416
6	609
44	609
0	0
0	18
0	0
0	2
0	14
18	362
86	0
343	0
0	1112
0	800
0	1141
3065	2
1	8675
1066	8675
0	326
0	600
0	605
0	480
0	480
238	0
2	0
0	2153
0	217
1361	0
7	10
19	0
0	37
0	0
141	0
1515	0
5504	11
0	0
0	0
0	0
24	0
0	33
747	3
372	1302
0	0
0	0
3	602
0	0
131	0
0	55
0	625
0	602
0	625
0	615
0	20
11	121
69	121
242	2
0	0
20	491
0	496
0	470
0	419
0	2827
0	2858
2	2523
19	0
0	0
0	24
0	109
20	651
0	17
0	0
25	5
0	0
25	556
35	512
0	443
68	165
0	626
299	0
0	1628
8	1541
0	0
0	60
0	60
0	1246
0	844
0	13895
0	13895
0	13895
49	0
0	556
37	567
0	0
0	388
99	388
0	0
0	0
0	0
23	555
35	1290
22	359
2027	4
1025	0
55	65
0	247
349	0
2230	6512
138	55
140	0
0	1627
0	1631
65	174
0	0
0	2081
0	1717
0	0
0	75
0	777
57	772
0	0
0	1995
0	2
0	200
658	0
560	0
4645	21193
15	0
85	358
0	357
0	0
0	2
1440	0
0	0
0	0
0	621
1241	642
0	1910
0	0
60	0
309	1136
4	1136
0	1326
0	321
0	21
11	123
355	0
0	0
8449	6
1233	0
111	1267
52	1249
5	1225
0	7
0	0
15	31
169	1659
2353	1
0	52
0	83
0	14
0	0
134	0
550	3229
0	2
413	0
30	440
665	0
3	56
89	389
12	7
82	755
0	8
0	99
0	66
0	112
0	55
2	139
0	0
0	1385
21	1372
0	1370
0	81
0	80
571	0
9	82
0	337
12437	7
5	0
272	3
477	0
29	88
1	0
0	1
0	0
0	0
68	56
1	56
620	4609
2	224
0	0
1524	1
0	4047
10	1104
0	108
625	0
0	465
19	861
0	861
0	512
52	0
0	17
0	797
17	797
36	319
4322	1
36	13
0	18
12	314
0	44
56	5721
0	5713
257	2827
50	0
0	345
952	294
294	782
71	782
62	4522
7	31
441	0
0	2104
0	2052
0	2009
0	2059
0	2052
0	0
6	0
0	664
0	235
2	79
0	355
55	355
23	115
173	0
0	6
0	6
0	0
1792	0
0	157
0	0
0	5
499	0
0	0
0	0
0	0
0	21391
0	21298
10233	9
33	55
0	838
0	0
0	0
0	0
34	0
1	1740
43	0
3386	1752
157	0
150	254
0	0
2	0
40	13
4	13
0	17
411	516
13	516
0	151
3813	8
3	0
348	0
0	0
28	181
10	0
15	3
55	0
0	2331
91	0
0	0
0	0
0	477
380	193
1	48
4257	0
0	0
0	0
2	367
9	1559
0	0
0	0
679	606
0	0
0	0
0	0
6	0
0	12
0	12
5	0
0	0
3000	6
31	0
364	1861
0	188
0	188
5	188
0	0
0	0
0	112
9	112
1479	2
1	0
27	216
0	0
1046	0
0	0
0	0
5	0
0	112
294	17
172	1
117	1185
21	1185
0	21
0	0
16	44
5	44
0	733
0	787
67	788
678	0
1911	0
3004	1
25	713
34	713
0	21
0	21
0	21
0	21
0	378
0	0
0	0
1801	2
41	314
0	0
0	0
120	0
56	485
0	485
0	291
16	2308
320	2379
0	1012
0	2555
0	917
14	35
0	144
13	11
1073	0
0	3
0	3
4	67
0	3
273	2162
411	1837
0	0
0	0
0	0
0	0
62	4653
0	4692
0	4600
227	1219
0	4568
0	1256
0	1194
108	434
0	550
0	5
0	64
33	64
16	178
435	178
0	6
0	7
0	28
0	1076
17	1
0	196
10	122
0	59
8	59
0	17
0	17
0	17
3	5
7	0
0	638
0	229
0	266
0	229
0	0
92	0
81	1193
39	1181
0	1014
2	964
0	641
18	581
0	421
0	0
0	3139
10	3111
88	3089
0	3243
0	3070
0	3190
12	1672
8	1624
0	325
20	0
0	222
0	2
0	2
6	0
0	2147
0	1746
0	1194
0	4
0	4
413	0
312	15474
49	15473
409	0
941	9714
4138	1
60	0
0	0
0	108
3092	3
56	0
0	445
0	0
3366	2
38	0
8	284
3	1503
0	1378
0	0
0	0
0	0
0	12
0	12
87	0
0	0
0	0
0	0
0	0
0	0
298	2
65	2133
0	2447
0	1799
0	1055
0	1740
0	1740
73	1740
0	433
0	406
6	461
14	457
62	8
0	105
25	88
21	364
0	364
47	71
0	50
2	50
32	0
0	946
6	4
271	0
582	134
733	0
383	0
5	17
616	491
0	491
0	185
51	0
79	0
52	243
1	71
0	51
0	0
1572	3
0	0
4	0
1042	2
331	494
0	165
0	0
0	2495
0	2495
348	2495
96	1
393	2
200	0
5	0
69	0
0	178
4	0
0	7
0	2311
56	20
1802	10
48	380
599	0
0	2228
23	2009
0	2228
322	0
3106	1
66	362
179	411
423	3207
0	460
138	459
2458	6
356	0
0	479
0	466
13	463
0	6
0	0
11121	6
0	492
0	425
756	1
18	0
0	79
0	69
0	65
12	0
0	28
0	308
0	308
0	308
0	0
0	0
0	0
1419	0
334	0
58	249
533	0
5	0
0	0
858	0
0	47
17	1
0	59
0	0
746	1101
6346	9
10368	1
76	131
19	139
0	139
132	0
1	9
0	0
0	0
2255	0
0	33
0	0
38	0
12	0
88	913
0	0
0	204
42	274
0	275
0	0
0	0
0	1488
4	1444
13	23
0	81
0	460
0	137
0	170
0	1459
50	1525
0	1351
0	477
111	1122
79	808
0	75
3392	4
1	44
128	4155
44	11
211	0
41	0
0	7
0	257
0	215
34	1343
14	0
0	710
0	101
0	3
4	1770
0	1803
86	1727
0	35
0	6943
1175	0
12	35
0	1526
8	17
0	0
0	659
63	554
7	0
0	0
67	495
121	255
500	0
25	0
0	3579
0	3263
0	3072
0	483
90	104
0	10
0	10
0	0
0	252
0	0
151	20
0	0
0	279
3	0
0	49
0	49
40	153
472	0
0	0
19	152
3269	0
63	202
15	0
0	0
0	8
36	0
343	862
2300	3
0	41
0	41
0	39
15	644
43	634
0	623
0	904
3	1
0	521
41	0
55	289
0	289
0	0
23	90
0	1350
0	1216
299	1132
0	603
0	464
1427	0
1	645
0	636
1884	13393
667	0
31	0
0	4109
0	0
0	287
194	1
0	14
0	0
0	0
0	132
54	30
0	0
112	483
17	23
18	58
10	138
361	1271
508	1271
0	0
149	1064
0	0
4	0
136	345
0	16
1489	0
41	0
0	2390
0	0
66	0
0	112
0	15
36	0
0	79
0	107
0	0
0	0
1329	0
0	0
0	0
17	0
0	4
0	4
5	0
2	87
0	0
140	0
0	3
507	0
0	33
7281	8
0	0
0	0
0	0
2	60
378	493
82	859
0	6
0	3449
99	189
97	397
0	158
0	0
0	67
127	0
58	277
0	277
0	0
0	10
0	15
35	0
6	95
0	960
0	4
0	197
74	693
16	0
6	0
0	213
192	0
1375	4
248	0
999	0
1	36
423	106
0	0
380	0
267	404
9	404
0	0
0	22
15	0
642	1012
475	0
0	0
0	0
0	0
90	1
3121	3
0	0
0	0
27	337
0	302
0	747
0	725
0	643
83	836
0	648
0	0
222	0
1368	788
24	744
0	701
0	0
1134	0
124	315
0	0
0	1340
49	674
209	674
24	2246
3	2246
0	2170
23	109
0	109
0	322
0	203
76	615
0	615
0	0
0	0
0	0
1029	3
5	333
207	0
0	0
606	0
1532	601
0	601
85	1988
0	0
16	70
0	0
554	12267
7	60
163	0
928	0
0	445
0	277
0	0
287	0
0	167
574	2
77	1262
165	530
17	315
4	73
1128	1
236	2522
0	0
0	0
327	0
228	0
5	0
0	799
0	741
29	799
2	1
29	41
0	454
0	479
27	387
466	0
16	42
424	2586
2	0
0	0
0	0
1122	1503
411	2993
2380	1
0	0
0	0
409	0
0	177
0	207
0	102
0	130
0	282
12	91
1	0
1131	0
530	180
2762	0
0	0
89	4250
0	4250
0	0
21	7123
0	7838
0	4397
149	0
27	2331
0	0
677	6
0	710
0	714
0	570
1	0
0	8710
24	0
10	201
0	201
209323	154
197009	120
1971706	1174
682105	449
17099	41
431755	299
870799	535
35790	7
39234	41
320046	176
233875	157
5618	21
500843	364
144	7
0	0
0	0
0	0
0	0
0	0
0	0
0	0
0	0
0	0
0	0
0	0
0	0
0	0
0	0
0	0
0	0
0	0
0	0
0	0
0	0
0	0
24	0
20	0
0	0
4488	3011
16	0
3	2959
0	0
21	34
892	1
0	0
0	0
3	0
0	0
0	0
0	0
0	73
0	73
0	68
7	81
15	0
0	0
129	0
0	0
0	0
0	18
0	56
0	0
0	0
0	0
0	0
0	33
8	33
0	0
0	0
107	23
0	23
0	0
0	444
0	0
0	0
0	0
0	1
5	3
0	0
0	0
0	0
0	0
1949	1701
0	1696
0	1
6	0
0	0
0	95
44	0
0	0
33	0
0	0
0	0
0	0
0	0
0	0
0	0
28	14
0	14
0	0
0	0
0	0
3	0
0	4
6	0
0	0
87	0
0	0
0	0
2	0
4	0
0	16
0	0
0	0
0	0
13	38
0	0
0	3
1	67
9	0
198	403
0	0
0	0
7	0
0	0
294	29
27	0
0	0
0	2
0	0
0	0
0	0
58	41
11	0
0	0
0	1
0	0
0	0
0	0
0	3
0	3
0	8
9	412
3	96
0	35
0	0
0	0
1	999
7	3
47	0
11	3
3	784
2	0
5	0
11	0
3	0
7	0
0	105
0	0
0	0
0	51
21	0
0	0
0	0
2	0
0	0
0	0
0	0
0	0
0	0
0	0
0	0
0	0
0	0
0	0
0	0
0	0
0	0
0	0
133137	31
37	1283
0	0
0	0
0	0
11	0
0	0
2	2
0	0
0	0
93	32
2	751
0	0
0	0
4	10
5	0
0	0
0	0
0	0
0	0
0	0
96	2145
0	0
0	0
0	0
0	2
0	3
2	0
1	88
0	0
0	0
10	3
1165	20
5	183
0	0
3	0
0	0
205	461
0	0
5	0
0	2
0	0
0	0
0	0
140	2130
0	0
0	0
0	0
0	0
0	0
16	768
0	0
30	654
29	524
6	0
583	0
0	0
0	0
10	61
1	0
9	19
0	0
0	0
2	57
0	0
2	101
0	0
0	22
0	0
0	0
0	0
0	0
0	99
9	481
9	1
0	0
1	276
0	83
0	89
0	62
0	72
0	0
0	7
0	0
0	7
0	0
0	12
0	12
0	0
0	0
2	296
0	0
0	0
0	0
0	74
58	1008
0	0
56	1140
72	23
222	470
8	533
0	0
0	0
33	539
2	522
91	1507
0	0
0	545
0	0
0	0
0	0
0	0
0	0
0	0
0	0
2	0
9	205
8	78
51	68
0	13
47	0
0	47
0	212
0	8
0	0
5	134
0	0
0	162
0	0
0	0
0	0
186	0
33	1363
14	989
104	1766
0	0
0	0
5	0
0	0
6	15
0	0
0	0
0	0
47	73
85	0
127	12
0	0
0	0
46	0
0	0
0	0
0	0
0	0
0	0
0	0
0	0
0	0
0	0
12	30
0	325
0	0
3	1900
58	40
7	64
57	0
0	0
2	673
0	0
413	1127
1	466
2	645
12	735
