UniqueCount	AmbigCount
0	0
0	0
0	0
0	0
0	0
0	0
0	0
0	0
0	0
0	0
0	0
0	0
0	0
0	0
0	0
0	0
7	0
2	0
0	0
0	0
0	0
0	0
0	0
0	0
0	0
0	0
0	0
0	0
0	0
0	0
0	0
0	0
0	0
0	0
0	0
0	0
0	0
0	0
0	0
0	0
0	0
0	0
9	0
0	0
0	0
0	0
0	0
0	0
0	0
0	0
0	0
0	0
0	0
0	0
0	0
0	0
0	0
0	0
0	0
0	0
0	0
0	0
0	0
3	0
0	0
0	0
0	0
0	0
0	0
0	0
0	0
0	0
1336	1211
0	1211
0	1209
3081	2284
0	2281
64	143
828	0
515	1
792	529
0	19
0	1
0	521
0	0
1332	0
0	2
0	2
86	19323
20	19747
0	0
2	0
0	0
0	0
0	0
0	0
0	0
0	0
0	0
0	0
0	0
0	0
0	0
0	0
0	0
0	0
0	0
0	0
0	0
0	0
0	0
0	0
0	0
0	0
0	0
0	0
0	0
0	0
0	0
0	0
0	19
0	0
0	0
0	0
0	0
0	0
0	0
0	0
0	0
0	0
0	0
0	0
0	0
0	0
0	0
0	0
0	0
0	0
0	0
0	0
0	0
0	0
0	3
0	0
0	0
0	0
0	0
0	0
0	0
0	0
0	19
0	0
0	0
0	0
0	0
0	0
0	0
0	0
0	0
0	0
0	0
0	0
0	0
0	19
0	0
0	0
0	0
0	9
0	0
0	0
0	0
0	0
0	0
0	437
118	437
83	0
566	0
4	0
0	0
0	0
233	0
1222	0
0	10
10	10
70	31
0	31
4	291
0	718
66	718
273	43
0	43
21	318
310	318
36	1529
25	88
0	1518
130	6478
0	4708
39	6116
4807	1060
0	323
0	323
78	529
110	529
0	133
30	1807
17	301
0	190
2	1739
2838	0
103	0
0	0
32	0
6	783
398	783
275	0
993	0
0	0
231	0
0	0
1025	452
56	0
0	25
81	43
0	18
63	116
0	50
0	66
1255	0
89	94
0	94
0	1
0	1
0	74
151	74
2813	1397
0	957
2	653
38	32
155	1836
0	1738
0	184
0	88
0	137
0	1028
0	987
7	915
0	987
8	4
398	773
682	0
0	3562
291	4273
14	1787
570	4271
3627	2
0	0
389	96
0	510
0	115
0	538
86	1179
24	1107
39	283
335	283
95	9
272	9
1176	0
0	1
12	1
997	26
6	25
21891	30506
0	276
0	30315
3	24473
0	30402
0	25480
5	355
6	355
4	346
0	13
0	0
0	3
0	3
0	3
0	5657
0	2773
217	6237
11	43
0	43
0	0
0	0
0	0
45	0
137	0
0	282
0	172
0	67
42	1201
6	1157
10	72
0	1186
0	855
113	855
0	4558
115	4842
0	4842
0	0
1599	1680
0	1358
1	324
93	0
389	671
0	237
0	17
0	44
0	0
0	0
69	9843
0	9843
23	195
436	195
1273	733
0	733
0	0
12	2891
1	55
0	2902
0	2923
0	0
0	0
0	3
69	3
22	19
0	19
2	1147
0	82
0	245
0	286
85	1106
552	4171
0	293
1074	3901
5	2137
111	0
0	814
0	591
0	864
0	672
0	0
0	0
0	0
0	66
33	1172
0	740
0	1179
0	18
0	10
0	18
0	421
0	232
641	2221
149	420
294	420
0	0
254	0
0	0
498	1534
0	1534
0	17
5	17
0	0
0	17
5946	3
123	0
23	538
392	538
0	0
0	0
0	0
1025	3302
211	3301
2190	486
53	294
27	777
402	0
1861	7
0	7
24	506
184	506
782	0
2	11
198	30736
2797	30736
89	211
8	648
95	469
0	50
0	34
70	54
0	12
0	12
0	0
0	0
0	88
1086	377
0	269
22	242
0	0
0	0
272	0
0	0
12	2227
0	2022
96	81
1	0
0	81
1	168
0	168
0	372
177	2214
4	28
0	2001
0	0
188	176
211	176
29	0
262	9
21	0
0	2
0	0
0	2
0	0
0	0
0	2
2	0
94	14
0	0
0	14
3	0
1193	1
680	0
249	467
4	467
112	1171
41	303
8	1171
0	959
541	239
0	239
190	0
0	70
0	363
0	117
0	394
0	2828
6	2190
0	1809
0	1619
0	644
1041	5806
0	1943
0	5752
0	31
0	2
165	890
0	890
0	823
17	548
9	548
0	3329
94	34
0	0
0	0
902	0
529	0
0	133
1318	383
90	0
5	1759
168	1759
0	0
0	0
0	40
34	40
167	0
387	716
6	281
9	0
27	0
0	0
0	0
16	0
0	8
36	200
713	71
0	71
7638	4633
0	4630
326	632
0	60
0	44
270	339
0	292
179	250
0	250
4880	1
2	0
0	247
377	393
7598	2
13	1
79	0
0	0
0	0
0	54
5	18
0	4
38	334
0	527
6	334
0	0
2	14
0	9
0	14
0	892
938	1169
0	1162
3483	384
0	142
463	300
11	102
0	116
0	0
0	32
0	116
0	116
0	84
0	4
9	84
30	72
0	146
20	0
32	23
0	1184
0	654
0	197
15	1796
53	1729
8	1782
0	1768
0	809
0	1806
0	1761
0	96
0	41
10	24
0	11
0	30
0	96
22080	3
521	294
0	246
0	88
81	0
2074	908
153	31
157	30
0	8
91	8
1	8694
366	6655
1606	14872
169	14333
0	1885
0	1
79	66
0	0
0	3247
0	3305
0	3165
0	0
0	0
640	533
23	533
108	0
149	153
0	86
0	80
0	3
0	3
0	0
0	0
291	146
0	71
0	120
0	0
2	0
0	0
44	0
626	120
0	0
0	0
0	197
0	24
2	197
0	465
0	418
0	1
0	1
10	63
5	154
0	508
49	132
14	22
265	2747
0	69
0	2599
37	0
5779	15
53	200
0	45
0	138
0	62
0	144
0	30
18	17
0	19
0	47
1	0
0	0
366	277
0	277
64	80
0	54
0	80
841	0
324	65
0	832
0	832
53	44
0	44
2088	1
0	273
785	273
35	0
2032	0
0	0
0	0
1221	0
0	0
0	862
723	1151
0	355
16	98
0	33
37	85
0	85
19	1212
0	1433
103	1425
496	0
0	63
49	63
0	1350
0	171
0	1350
175	1324
0	0
55	0
145	0
3	555
0	555
0	622
0	15
519	622
3	9
101	258
114	346
0	0
12731	2802
0	110
1	2682
38	23
0	23
108	0
6	49
0	2
0	2
0	0
130	169
0	0
0	0
0	0
0	0
52	0
20	705
0	705
825	87
0	87
0	0
3322	1
6	99
694	4
214	137
1181	137
0	0
8	5
868	0
1450	10
2593	1273
0	0
4	5
0	0
0	0
1522	187
1	187
0	424
0	392
5	424
725	1
27	1
0	1
56	384
0	220
2	348
0	0
0	38
177	329
0	0
0	9
0	9
0	121
0	67
493	6643
1	6643
714	0
38	0
0	0
112	7
69	7
0	723
0	2046
0	4
761	5297
0	184
0	4
0	12
24	9
2	0
810	0
0	84
99	188
0	30
5	88
3254	897
17	940
1915	0
1585	0
0	0
0	0
94	0
0	0
34	4
0	4
0	0
0	0
206	259
0	247
0	84
57	187
96	187
0	24
0	64
0	118
0	120
0	0
5	0
0	19
0	51
0	42
0	51
0	6
66	251
23	251
291	0
7	0
0	0
201	0
360	80
0	80
58	0
1876	861
15	48
0	855
0	5061
8	5068
0	0
0	164
54	164
1231	0
10	215
0	205
0	15
549	519
7	474
0	450
17	248
0	0
0	199
0	29
17	375
3	101
457	330
1115	112
0	112
0	0
0	337
13	334
0	235
25	123
0	123
0	131
266	520
324	42
0	42
172	227
13	204
4	0
0	0
6	0
0	0
0	0
0	0
0	4685
2	457
0	822
50	360
4	298
0	295
13	4494
0	3434
0	129
2007	132
439	972
3	61
28	61
0	0
0	0
0	775
4	417
0	131
0	3
0	270
1344	1031
0	1030
1268	4
558	0
34	61
6	50
0	118
0	24
146	119
0	67
0	474
40	541
2164	1796
0	1796
0	1731
0	0
0	0
0	0
0	0
0	0
1019	55
0	53
76	1
254	0
0	0
8	0
0	0
0	202
2263	202
5	0
0	193
11	210
6	0
2803	220
0	208
0	199
0	209
13	109
0	109
1640	455
7	0
0	0
717	0
9	570
62	433
11	115
1561	586
558	5
10	159
1	331
11	148
0	101
529	472
0	0
0	0
392	61
0	61
33	0
0	0
4	0
73	47
1628	0
0	0
0	0
51	341
55	352
12	256
39	0
589	29
1	29
550	643
0	643
0	0
0	0
70	2069
0	2069
9	2077
11	2078
0	0
14	145
43	146
3650	947
22	0
3685	3
153	0
48	0
46	2
0	2
13	73
0	73
0	73
183	0
0	0
60506	17598
14	756
0	392
216	756
9	751
0	83
4	220
0	748
0	80
0	0
0	6
17	6
2	1
0	1
18	124
21	873
17	890
6	892
42	0
0	0
0	0
5	0
0	10
40	2
20	8
0	0
0	0
0	0
0	0
0	0
133	0
239	91
0	21
37	91
4	184
514	681
20	643
1345	55
0	55
0	31
0	31
11	28
0	7
0	28
0	28
679	2
675	747
0	204
0	0
0	0
245	1000
62	1000
0	0
0	0
0	0
420	167
17	727
0	260
0	259
1023	883
0	600
351	253
0	232
0	504
0	480
277	72
0	72
236	292
0	292
48	1493
11	1550
3	1393
43	879
3	879
7	0
0	0
356	432
1101	432
0	766
0	2579
0	804
3893	3348
2478	0
1	0
8886	0
1147	0
0	0
0	10
0	13
7	16
343	0
17	0
558	378
2	378
3174	324
1405	202
0	20
40	20
0	122
18	140
20	138
0	54
1060	181
0	365
3728	1330
168	1322
616	0
41	953
7	436
0	469
178	2468
0	2022
0	2567
40	39
76	39
60	0
0	57
9	57
0	495
9	495
5	12
305	563
15	563
49	439
0	439
31	1461
287	1461
0	26
0	26
0	28
0	32
0	2
0	41
0	23
0	20
127	0
0	0
0	7
0	49
0	2
1	5
0	52
325	38
44	943
16	941
344	1548
0	112
30	1548
0	37
13	37
0	0
0	565
1447	565
11	369
0	123
0	369
0	342
0	162
1506	0
609	2726
0	284
0	24
0	0
0	24
0	0
156	196
0	196
132	63
0	63
132	0
0	13
0	9
16	112
3	50
0	55
0	102
103	99
0	31
65	334
0	334
0	0
0	0
0	9
39	9
142	254
0	17
0	43
242	43
73	276
468	0
33	270
64	392
0	0
32	304
32	371
0	364
25	0
0	0
0	462
0	1646
0	1976
22	1820
103	1769
0	1853
1062	2094
0	2091
162	547
1	547
251	0
0	131
0	48
0	48
47	238
3006	2286
0	2150
6	2152
0	6
0	6
0	0
0	0
349	3308
23	3308
0	16
0	16
36	0
31	719
4	719
0	0
36	32
0	23
0	32
76	1538
8	1538
99	19
0	19
34	138
0	138
0	2
0	2
126	0
0	250
0	250
591	1
242	437
515	0
236	16
0	16
53	0
0	0
7	18
0	18
35	287
19	287
0	9
6	12
10	12
22	30
861	621
65	591
3	153
1843	153
0	0
315	172
0	0
0	72
0	81
8	220
0	14
0	188
0	40
0	17
0	29
86	303
1732	0
0	0
0	0
0	0
0	0
0	0
0	0
0	24
0	257
0	53
64	807
4	785
1177	12119
106	12115
483	122
0	8
0	120
181	334
0	334
184	21
0	21
662	0
5	0
1	0
3	31
0	4
0	4
118	12628
0	10940
0	6275
0	11223
33	1626
0	615
9	579
0	1014
556	0
0	0
1040	8434
0	7143
28	599
0	388
702	692
0	306
80	35
0	35
1276	302
0	300
75	0
27	207
149	207
61	120
0	120
0	0
0	31
0	63
583	94
41	24
27	22
0	1
7	1
6	7
0	1
0	7
0	0
26	53
0	35
0	134
258	0
0	18
0	28
0	134
0	38
0	1
0	1
2	0
0	111
0	120
3	112
0	112
0	81
0	0
0	0
1	0
0	0
156	0
0	0
4	9
0	5
9	0
787	0
3	126
0	268
45	828
17	828
59	27
0	27
0	0
0	0
0	0
2	0
0	0
585	0
0	0
23	32
1	32
0	0
0	188
26	285
6	6
0	6
0	6
141	166
4	20
2	166
0	0
66	411
0	411
4	1354
0	1354
235	647
0	411
11	362
0	67
0	0
0	0
26	16
0	16
103	771
0	0
0	0
46	86
0	59
0	66
0	97
627	1093
432	443
0	95
29	443
10	80
0	67
2435	0
45	403
0	405
225	407
0	0
4	0
0	1
573	676
125	257
48	72
0	10
0	72
62	0
5	4
0	0
62	171
0	167
26	11
0	0
431	352
0	295
2	0
44	2
2	82
40	598
218	598
122	912
11	66
1249	0
13	0
0	0
8	290
0	290
0	41
18	208
591	1268
0	2
24	2
0	66
144	66
0	21
18	0
0	21
98	905
0	231
0	137
8370	2561
1564	2557
135	0
5	12
16	0
0	0
886	107
0	107
0	785
6586	788
190	65
0	65
0	1167
174	1170
3	1167
516	1170
141	355
0	345
0	110
0	356
4	0
833	175
0	175
0	102
23	20
2	32
1	0
31	11
36	7409
128	5829
35	7911
64	0
196	0
818	0
14	0
0	309
352	310
146	39
44	251
0	34
11	348
6	538
0	0
0	0
552	637
0	637
33	46
0	51
0	20
0	55
2099	127
1	84
19	151
2658	1168
50	47
8	54
10	88
337	223
0	101
1769	135
21	135
41	6
0	6
0	906
0	0
0	0
0	0
0	0
0	0
81	811
0	0
386	1610
0	1610
16	0
0	0
7	0
13	0
3	201
0	197
13	0
0	0
0	0
0	321
7	156
0	55
24	50
737	769
0	772
4	28
23	28
6972	1506
65	21
25	63
0	243
0	85
26	326
0	326
4	326
8	245
0	101
4499	1062
43	580
0	0
0	0
14340	7
5362	1985
6	1981
449	925
356	0
415	0
225	1685
0	1685
0	0
61	67
1724	884
184	20
0	19
0	1
21	60
1	60
0	1662
50	5641
3	5221
0	0
13	5
0	5
0	5
2	5
0	49
0	42
0	48
0	24
0	7
0	10
2	7
0	7
0	35
0	9
15	0
277	47
4	0
0	0
37	3578
1162	13342
15	13341
503	212
0	211
57	5
334	4324
972	4326
0	2611
0	0
144	2499
6	450
871	2812
121	922
0	548
0	922
0	23
17	492
0	11
0	87
436	480
372	165
6	469
0	809
0	2424
4	188
10686	4093
832	55
19	55
111	0
12	0
0	0
1043	318
0	7
87	928
0	928
0	0
0	0
0	0
0	0
0	0
0	16
0	16
97	16
0	40
144	2355
0	1446
4	2439
0	2425
11	0
0	3
0	0
3141	0
0	316
9	316
0	464
0	500
0	94
0	442
0	478
261	338
0	338
0	2780
1399	2785
0	811
151	14
1	14
0	339
0	2633
26	3309
99	3309
0	191
2	2
0	134
1228	739
0	0
47	219
0	231
7	231
80	150
21	253
0	30
16	258
0	216
7	21
0	3
0	338
0	342
1447	7588
22	7588
0	4055
0	4165
57	4198
0	4026
0	0
0	0
1358	0
649	402
0	401
40693	1123
5	1103
0	1318
0	1945
981	2285
23	0
1457	268
0	266
9	0
100	517
305	517
1107	0
11	178
0	96
0	22
0	1
0	97
0	56
390	56
6	335
287	335
1734	867
0	166
0	183
19	322
0	90
0	74
0	296
6	125
0	22
0	113
0	148
0	151
128	0
947	112
0	11
0	27
447	173
9	67
809	67
0	0
3	0
0	0
0	0
0	69
358	69
0	31
15	43
259	1810
39	1801
40756	32
5	5
0	5
0	2
0	0
1991	0
181	1729
0	1723
0	1355
0	1655
2	864
0	864
82	913
0	0
0	0
0	12
0	12
0	12
8	0
384	2887
0	2626
0	2619
0	55
0	101
0	55
0	90
0	65
0	101
10792	3215
0	3206
1	108
5	56
4	398
2838	583
33	78
1	212
33	53
0	1
0	362
6	88
0	0
54	618
2	126
106	597
672	215
12	118
0	116
3223	303
57	303
9	1161
0	438
0	1075
117	58
2	58
0	13
0	13
1956	0
0	182
0	206
0	95
177	4512
0	461
0	866
0	343
3	4653
0	0
0	0
21	4
0	0
0	212
0	195
0	357
0	35
0	357
0	0
19	0
135	166
0	941
953	944
527	0
32	0
227	440
0	212
0	440
1937	0
88	65
0	51
0	27
104	0
1	0
0	77
110	0
160	499
130	576
565	26
17	0
3	0
5	28
0	28
30	91
2769	8
0	4
0	0
0	0
0	0
928	38
0	4
21	34
999	0
0	0
0	0
0	0
23	33
394	0
2	1001
0	2931
633	2930
6	1861
24	971
0	1174
1783	515
0	503
366	0
8	428
614	428
119	4
8	236
0	90
0	90
0	121
0	43
0	441
0	55
0	468
0	93
0	117
0	117
1848	0
15	245
0	197
2	245
805	323
0	324
0	309
1200	576
53	0
617	190
0	190
163	121
0	55
25	35
1	35
0	19
0	19
0	0
561	1019
0	19
0	19
0	19
0	19
3	0
0	604
658	604
0	840
3623	4554
77	4966
0	4966
0	4966
5	5207
0	4973
0	4966
1538	0
139	0
0	0
13	0
0	0
0	0
0	0
742	1647
6	1647
109	3
0	0
0	3
256	0
0	2
0	2
426	371
4	139
0	369
0	382
0	369
0	387
0	415
7	415
0	25
0	70
24	324
0	79
0	335
0	335
0	320
61	11
0	11
0	0
0	0
18	0
11	6
4	234
1123	234
0	140
255	470
0	470
1473	0
0	0
13	902
2	896
0	908
0	14
0	232
6	226
0	178
0	58
0	58
0	145
203	0
0	1
0	12
0	12
37	10
0	10
11	79
0	81
38	357
1	85
0	326
211	909
0	909
92	447
0	471
19	495
2	475
0	486
0	356
0	490
21	341
97	341
783	186
63	0
1	15
0	5
0	53
0	53
45	4
0	18
65	22
0	582
3145	583
15	0
4146	4
42	0
11	0
0	0
13	12
0	12
0	0
0	0
0	0
0	0
2786	5
0	5
2	2
66	1038
1	1038
0	22
6	138
0	47
0	138
0	121
0	147
0	113
0	0
164	4050
5	4050
161	2942
6	943
0	874
2	2587
12	65
12	213
0	8
0	10
0	8
0	2
275	0
0	35068
0	26349
13	35803
0	32815
1	10343
20013	72346
0	30741
12	44654
0	0
911	0
1973	2370
0	2370
286	168
0	168
0	0
0	250
13	234
11	579
0	95
19	595
501	0
14	220
176	264
0	55
190	383
0	0
341	0
2895	74
0	69
21	58
6	39
0	55
545	184
3613	0
98	104
8	41
70	18
0	89
498	557
45	3
34	0
186	544
2580	391
0	171
0	220
1786	4408
13	373
0	389
7	919
0	27
0	27
0	0
1087	0
0	0
6577	5
0	0
0	0
500	10
0	10
366	192005
19589	171311
691	170733
126	114444
9366	146092
36	115562
5557	653275
300	176736
115	198837
247	229438
70215	608297
7	7
0	4
0	7
0	12
0	7
5	0
21	2391
0	597
111	2391
6	80
0	80
1470	451
2	451
0	38
390	0
1701	6
2155	0
218	255
0	135
0	73
0	778
52	778
0	0
0	0
20	58
0	4
2	58
0	36
131	81
4	56
2729	0
135	99
0	99
2861	0
86	942
0	48
4	942
0	0
0	0
486	892
15	892
12	0
386	49
1653	4
19	0
3	1
0	1
0	17
0	317
16	399
246	1787
11	1786
19	128
177	128
310	1386
0	412
0	1366
0	132
15	98
1169	1166
0	1166
0	517
1929	2
0	0
93	0
0	2235
106	2507
114	658
398	1740
0	1954
339	1954
4	130
0	54
0	130
1180	690
0	690
214	413
5	0
74	103
0	34
5	0
0	193
0	60
0	193
15	178
8	242
9	0
111	91
0	91
77	2015
112	1905
0	51
4	1395
0	1390
245	731
0	731
0	0
0	595
65	595
1	0
515	67
0	67
59	7
0	8265
52	4946
3457	23593
0	23593
213	760
0	684
2	967
0	684
0	449
0	88
0	171
18	179
0	181
0	0
0	4
0	4
4754	4
0	0
0	289
0	289
3	27
0	27
312	27
213	0
0	57
2	85
0	82
774	795
0	159
46	752
0	53
3	79
0	75
0	0
2861	737
0	737
0	0
2724	5
0	0
0	0
0	0
0	0
205	0
0	218
253	219
733	0
0	2
0	0
1610	1094
28	1093
0	0
0	0
0	0
21	0
42	0
0	0
0	282
0	3
13	3815
1	1993
14787	3976
5994	295
29	293
222	0
0	1660
0	1071
462	1555
196	53
9	41
306	41
0	382
505	435
4	0
149	403
1146	403
227	217
0	0
2081	660
0	2330
0	2271
611	127
19	897
909	1699
0	1404
0	1442
0	34
299	151
239	185
49	173
0	173
0	142
0	165
3270	2
0	0
147	3
0	3
0	0
0	2
0	2
0	0
1	48
1649	49
0	65
0	8
0	65
0	0
15	2
0	0
0	0
0	53
701	53
0	0
1065	1979
13	1921
386	661
896	1166
180	1166
7	5
2	48
2	48
2172	1231
0	1229
462	0
1462	0
0	0
44	0
66	0
1143	132
0	132
227	2919
0	1184
0	1738
0	218
15	728
0	760
0	563
140	563
0	43
0	62
0	38
0	44
25	0
6	498
0	369
863	1
25	12
0	12
1109	0
0	691
0	690
0	11
12	35
3	84
0	77
0	136
671	214
0	214
0	0
0	167
1194	167
2850	0
388	1160
8	1177
0	667
0	903
6122	3779
835	3778
3648	160
0	160
44	34
0	34
0	11
34	47
2	2
0	31
0	36
0	28
0	468
0	459
0	33
356	404
0	32
0	372
487	0
10360	0
1731	1852
0	178
0	1852
2	1702
2	1513
60	1451
18	268
3	11
58	0
0	3802
6	916
0	2514
34	53116
0	5354
986	54703
2841	51105
51	286
4	115
39	0
2092	0
1523	2098
21	0
0	0
0	878
0	558
1803	1
14443	14
28	45
0	9
69	45
0	150
4	0
1035	1641
166	1640
245	0
308	0
46	17
0	6
0	0
0	9
0	4
0	12
0	15
0	21
26	0
57	38
47	1607
8	711
11	1336
0	44
140	182
125	225
1464	0
0	106
2844	106
48	0
0	157
0	150
0	695
0	240
12	9
0	9
519	0
0	14
0	11
0	16
0	11
1	93
0	75
0	77
1212	1
23	674
39	674
5097	1294
0	8
7	8
531	48
611	970
0	665
0	897
0	897
0	897
0	5
1977	5
48	39
0	39
100	89
514	138
0	137
10	28
2	0
0	0
175	0
16	14
2128	0
154	458
1744	462
0	0
1154	1
0	157
0	218
0	198
0	210
0	30
133	30
0	1
0	2
0	2
409	839
5	2
0	838
0	838
0	838
528	0
843	81
0	81
1	0
0	0
0	0
172	178
49	178
123	0
73	0
0	20
20	20
10	526
0	526
0	0
0	0
0	185
82	204
0	204
0	0
0	0
0	0
0	72
0	9
0	38
33	137
0	65
53	1170
5710	7843
0	0
0	0
21	45
0	26
5	38
0	12
3	0
0	0
0	0
0	0
66	473
213	473
0	0
233	428
0	4
2003	7
0	6
0	9
5	185
0	185
179	1263
2	1263
1386	2
0	26
0	40
0	15
231	74
7705	0
1015	11
0	11
9074	3898
0	3895
85	396
3	396
639	0
0	0
114	1113
0	514
0	440
0	261
0	180
0	0
0	628
8	77
35	1048
0	210
98	786
0	0
0	0
0	0
0	700
0	2115
0	2115
79	410
226	410
3	765
4	765
121	59
289	414
0	255
927	843
0	865
9495	1
3388	894
5	635
4	141
64	916
596	0
0	4691
0	1941
518	4976
0	50
55	50
7	1
12	0
1558	2151
89	42
88	42
0	106
16	736
3212	849
0	20
0	5
0	44
0	13
2	191
0	13
0	150
0	215
0	198
0	4
53	4
257	786
12	786
116	5
0	744
82	95
68	0
4	3
2	3
0	0
53	1001
2812	2567
296	2563
8	108
28	391
91	553
3	179
1162	4101
5	4146
11	7
0	7
33	812
2323	814
0	0
0	0
13	0
0	0
0	1
0	0
165	333
0	333
1111	0
53	0
0	23
97	175
1	175
0	502
0	453
0	406
0	460
0	454
7	452
53	121
933	57
0	57
45	395
7	396
1	0
0	0
0	0
0	0
0	0
0	0
0	0
1800	622
0	790
0	219
17	880
0	740
0	18
57	18
66	12
0	8
22	301
9	156
0	1393
0	1035
0	1465
1383	52
4	52
30	3
22	0
606	195
3	104
0	135
72	114
4	182
0	182
0	182
0	182
0	27
78	27
1349	4
0	0
3174	329
0	221
0	108
1984	1582
96	1582
0	2
0	6
0	6
0	6
30553	8
180	690
49	0
0	74
0	31
0	91
0	91
47	6
17	0
50	519
0	519
149	0
6	0
7320	2803
97	184
96	63
3	6
0	61
0	373
122	2256
13	2009
625	29
3	29
0	0
0	0
2	3
0	2
0	2
0	7
0	3
303	0
0	102
187	103
53	122
613	125
239	156
0	9
7	21
0	21
7	22
0	22
0	156
0	30
0	4
449	1965
35	1945
4883	5
1133	0
0	41
0	31
0	62
406	179
1	179
0	150
632	0
0	0
41	331
0	114
0	331
13	0
2218	0
0	0
0	0
0	0
186	457
92	0
204	5
0	5
0	170
183	174
138	499
0	165
3	26
28	0
81	738
8610	9
36	469
75	14
5210	469
45	260
33	260
0	85
0	11
0	85
0	46
350	0
888	0
0	107
67	107
2245	0
142	566
377	566
214	1
0	1
74	0
4	1
0	14
0	14
160	345
0	10
0	345
1	0
481	0
84	1088
3	1088
831	233
0	233
3	180
0	94
127	207
111	47
0	23
0	150
313	228
2	61
0	26
0	0
0	210
113	0
506	4
1897	9407
7	8435
0	5382
7	562
3	224
2623	0
232	304
0	42
337	276
68	287
13	141
1	100
2	141
0	0
0	0
451	0
1331	12068
10784	12076
0	35
13602	8886
0	58
1074	59
18	0
599	0
292	682
10	682
19	0
458	1386
151	1386
36	1368
0	600
33	621
0	48
14	623
5541	5
0	0
62	12
5	1020
0	218
7	227
0	350
0	58
8	229
82	288
7	989
14	935
0	163
158	184
0	0
0	0
0	0
1	3
0	3
0	26
0	26
35	45
0	0
0	9
0	36
0	36
0	0
0	14
0	37
0	43
88	2
4374	6448
0	6446
232	46
0	46
0	0
0	0
0	0
6	0
0	0
1358	0
1438	2
3	0
204	0
0	262
0	266
0	268
0	253
0	104
0	104
0	104
0	107
3	104
0	104
0	574
0	574
1624	424
1	424
45	95
0	117
0	115
0	1356
9	909
365	4689
115	4639
0	4649
833	1999
70	142
57	38
0	1451
0	566
1	1610
0	1740
194	684
0	684
365	36
0	36
308	39
0	39
94	50
418	38
0	38
6	1
4	0
0	0
0	1
0	0
16	0
0	0
0	0
2085	2161
289	2155
75	0
901	1763
2	19
1	112
0	1816
0	1835
574	0
0	0
0	4
0	0
0	4
76	0
1442	0
1540	0
3180	1771
17	106
237	33
62	11
5	0
139	367
0	367
534	1515
240	1515
5	1727
35	1096
0	1727
585	295
0	5
0	5
0	0
422	474
0	474
0	0
89	0
0	0
0	0
0	734
0	55
0	168
0	507
1	740
41	1416
11	1416
46	0
34	0
0	0
74	2
2	16
108	34
12	34
4	8
0	31
0	29
61	49
212	0
134	45
0	309
121	309
4	5
0	0
1853	0
9	30
0	30
0	30
0	30
1	0
6	0
0	0
0	0
811	1551
54	11
0	1485
0	1554
6	0
80	767
0	767
496	0
0	28
0	3
9	270
0	262
0	270
367	420
0	278
0	152
0	227
0	0
0	0
0	0
0	142
40	82
8	149
45	457
205	473
1	187
0	0
132	187
0	38
36	83
15	66
0	81
1092	0
0	7934
383	10056
0	3321
0	7934
2488	0
45	39
0	39
746	0
0	0
0	2217
0	895
1	1334
14435	2224
12	29
0	8
0	0
0	14
0	10
72	763
0	34
0	759
0	8
1188	511
0	483
7	193
0	217
1197	386
4	430
793	596
196	596
0	112
9	112
0	36
10	18
6	8
918	2388
0	80
1	2332
0	131
0	2302
0	312
250	0
6	739
0	707
0	739
0	0
0	0
5	643
0	287
509	930
21	0
1617	1094
61	436
0	1225
14	0
1112	2
0	1
0	0
755	3203
0	2849
5	128
0	703
0	614
0	0
0	0
0	8
7	8
216	166
31	166
79	106
2702	1
2663	1320
0	72
0	269
2	0
0	1424
0	1413
4104	3464
0	3462
0	0
0	0
0	0
0	0
0	0
0	0
0	0
361	1562
351	1562
13	29
10	313
0	341
0	309
0	337
6	331
35	125
0	44
0	34
33	0
3	22
0	144
1	99
0	0
5	0
18	10
0	75
4416	7862
0	7862
0	0
1091	0
198	124
32	128
53	158
0	158
1622	0
35	23
0	23
422	8220
0	7936
112	5956
529	1594
0	0
0	169
93	833
0	284
0	833
8	7
1043	2599
9	2750
5	2493
0	2752
0	2563
1	125
5	125
0	363
561	764
0	425
0	0
0	11
0	11
0	136
0	160
0	162
0	130
710	662
36	454
0	0
0	0
100	105
20	105
71	0
0	114
2	214
122	1575
0	1575
21	109
65171	19
0	0
11430	0
14	192
0	12
140	12
0	0
0	0
0	280
1410	279
109	131
0	29
516	252
0	116
8	66
0	66
232	0
4	43
5	217
0	200
1	61
0	61
505	733
27	348
72	293
0	505
0	504
253	2607
69	2279
75	328
109	2446
0	55
0	107
0	2446
0	0
148	44
0	44
770	0
0	111
4	41
712	983
0	991
1377	2
0	0
0	0
0	35
1	15
98	617
0	401
0	407
0	407
0	407
27	82
2054	0
2	31
11	32
0	73
0	73
134	0
0	269
157	269
0	6560
2789	6560
5	0
0	1
475	0
12641	4066
11	395
8	2802
0	865
0	0
2052	1
23	4
96	0
1319	0
0	238
0	226
3	240
0	0
6	0
2	0
0	0
0	0
95	0
2	1377
190	1966
1241	1565
0	0
8	40
95	40
23	36
0	36
958	48
0	48
1	0
0	0
2	37
4	10
54	320
0	8
0	319
0	20
108	0
114	276
2	272
0	0
0	0
2189	3
0	105
0	552
426	1829
4522	3765
0	3878
0	4047
0	0
587	0
100	518
0	6
0	6
0	336
369	336
36	0
0	35
0	35
1246	269
0	269
1	156
0	0
1544	1184
20	1184
35	0
522	321
0	240
0	328
0	0
0	4
0	24
0	24
0	0
112	27
0	27
0	0
0	0
0	0
0	0
12	12
0	275
0	7
17	15
0	6
0	160
0	185
13	220
1034	1353
0	998
0	43
9	220
14	63
8	85
3	60
10	574
46	518
6	0
0	0
0	187
21	187
316	1035
0	1035
0	0
0	23
0	18
0	0
4	0
0	23
2021	0
0	114
0	278
1	115
0	19
0	98
324	48
0	0
0	82
1107	88
7	0
0	14
0	9
65	654
0	748
1	746
1255	0
21	216
64	0
1203	0
0	24
3556	1233
0	78
0	117
0	86
0	117
0	114
1833	3
404	0
37	14
0	14
5	0
0	0
1228	108
140	70
0	38
8	174
0	117
0	144
187	96
234	251
0	251
0	0
0	682
0	682
1272	1
0	173
837	174
1464	259
0	259
1888	0
198	0
0	0
0	1043
0	5
203	1830
0	1830
0	0
3	0
233	728
2	65
25	261
0	434
0	9
0	0
0	0
109	3134
0	373
0	3134
0	4
134	1050
0	1050
0	0
0	4
0	4
0	28
0	40
0	40
42	38
8	0
276	0
7150	9
7	18
6	0
207	0
13	226
1070	227
1694	0
0	108
41	282
49	308
0	24113
204	2322
161	24999
91	25985
72	24092
0	205
0	113
0	203
0	189
0	277
0	49
77	49
0	0
0	0
8366	8427
0	8426
7	916
0	4
0	4
0	4
0	7
0	7
479	2162
0	130
0	35
21	1146
0	2162
1190	1311
0	241
0	133
7	250
0	251
786	0
219	0
0	0
207	691
301	434
57	67
0	367
16	0
15	45
1340	45
84	0
3621	2
857	556
0	556
310	0
0	21
0	0
0	21
1597	0
0	3
0	0
104	115
36	360
0	370
1429	730
4	2295
588	2295
14	273
0	71
0	172
1	99
0	37
0	141
0	177
0	48
8	61
0	58
0	0
160	324
0	324
879	0
259	0
12	369
14	579
0	366
0	47
10	586
124	14412
4220	17250
271	17503
6	13036
268	0
0	30
1	47
172	156
36	98
144	34
11	34
15	0
325	0
1949	211
48	211
0	0
0	5
0	5
0	73
0	73
0	268
0	268
2182	2594
0	841
0	482
1	2594
49	0
12	110
0	2
10	110
2177	1521
0	1188
0	496
0	249
0	2
0	0
17	2580
0	598
0	1104
0	2442
65	515
0	211
0	482
35	1
32	0
6	66
249	13
0	490
0	534
81	549
0	458
2	216
477	217
1181	1428
0	1428
11	0
0	21
0	21
278	2573
0	41
0	2573
70	0
922	712
6	274
11	0
62	1173
18	306
6	1173
0	5
6	10
0	3
0	10
121	202
14	85
756	110
4235	286
0	283
0	250
0	168
0	93
4	8
31	33
3	0
27	2240
7	2240
69	41
0	0
0	0
301	1441
1228	1441
523	0
2	0
486	700
7	697
1	0
1833	0
8091	1779
0	5
0	1768
41	1698
22	0
6	11
94	1590
1	144
309	4217
0	0
0	1221
97	565
0	553
2	210
0	147
12	129
0	3127
935	556
39	238
250	238
0	234
904	642
0	121
0	642
0	0
95	0
294	0
7906	0
58	821
42	821
18	80
0	0
3	71
0	57
0	118
0	91
27	24
535	0
0	0
0	0
0	0
335	191
0	144
0	139
0	98
1416	14503
12	1806
1	6350
0	5546
1890	9138
38	8
0	726
0	900
38	318
187	373
1	344
83	4882
114	157
116	4842
51	100
0	11
0	11
0	141
0	121
1014	0
0	0
198	14
0	14
30	9
1104	2074
0	0
0	80
235	96
0	14
0	0
0	0
0	6
312	1533
0	1658
5	1667
0	840
5	5
0	0
0	5
0	5072
47	6592
32	6562
0	6564
0	0
0	0
0	182
282	1100
0	321
0	827
8	33
2	42
0	56
3	38
0	36
0	53
0	71
0	56
0	56
391	0
4	8
0	8
0	0
0	821
0	859
0	986
1	72
7	1036
3	19
0	3689
0	789
0	377
3	10
0	4724
0	4702
0	4694
0	4868
0	4429
13	0
0	0
0	0
0	94
0	215
0	219
0	0
0	0
89	1716
1461	1
43	526
0	363
0	177
82	521
0	0
0	0
0	0
0	3
6	3
0	1
4	1
6	1762
39	0
846	2317
0	1490
0	289
1072	1569
0	0
185	0
38	0
242	290
0	290
4	0
17	703
23	703
0	717
0	1172
14	1252
0	4
0	889
0	104
18	4924
252	4924
218	0
221	68
0	111
7	898
0	244
0	536
104	806
0	4826
4	2329
0	5478
0	5291
0	1999
0	5804
0	0
0	0
0	0
4	0
67	3750
34	3785
0	3791
5	3785
1025	0
0	28
250	28
225	606
11	581
0	0
43284	56
0	23
1	0
5	0
10	0
0	0
0	16
0	0
0	134
5024	357
0	354
1025	0
0	545
0	508
0	412
0	142
326	536
0	209
0	0
62	206
1094	517
19	427
74	145
927	2428
38	2599
0	2599
4	0
41	569
5	569
0	182
11	182
17	93
20	0
40	93
21	48
0	0
0	38
0	38
0	0
0	34
2126	0
0	0
4	0
0	0
0	969
0	973
0	218
0	817
0	996
0	935
53	1329
80	1329
2901	222
0	222
852	0
0	0
0	0
0	62
0	24
0	108
8	88
14	108
1166	869
0	869
0	7
0	4
0	239
30	53
1997	1711
86	1791
5829	5728
16	5720
1	0
0	0
0	113
0	218
0	14
0	8
0	12
21	40
218	87
0	67
16	1503
162	1663
724	0
0	2
0	0
42	0
0	255
0	316
0	0
0	0
0	0
215	0
0	2815
192	2815
1	48
49	48
509	1
274	261
68	260
712	0
259	3137
5	3137
0	1
0	0
121	1
0	114
8	114
0	0
0	0
0	0
0	0
0	0
0	0
6	0
0	780
4511	1636
0	878
3	200
32	200
56	498
164	498
0	0
2	0
0	0
0	0
0	0
8	1
7	25
2549	3
0	64
41	64
84	1407
0	513
10	1407
8	68
0	1
0	0
0	0
21	549
0	549
548	0
0	21
8	35
0	29
0	35
0	33
126	0
0	7
0	0
0	0
0	0
0	183
0	207
0	232
0	87
0	469
0	755
163	755
203	1011
0	1011
35	0
13	0
0	71
5	71
0	1
0	1
13	0
53	253
0	27
6	253
14	0
0	0
0	0
31	104
419	4000
40	4000
0	7
0	3219
26	3219
5	0
1003	0
8	94
0	17
0	10
0	17
147	832
105	832
68	406
0	406
0	2
3	0
0	0
0	0
0	0
26378	10
24102	214
10	205
238	62
0	62
6	60
0	11
2203	11
0	0
0	0
0	0
1669	1
1183	2791
0	1766
286	3264
996	0
53	0
5	109
57	0
270	2397
0	450
739	450
13	0
0	0
287	570
37	8
0	8
0	8
0	0
0	6
260	1084
1284	668
0	416
908	1212
0	1212
0	2
0	5
0	5
1935	1
1506	10
407	2
11	710
217	1911
14	1752
0	1423
1	0
0	17982
1448	17985
4942	6751
0	324
0	124
3	6553
757	7527
1166	7592
2	97
4515	5881
1342	1496
0	5881
1597	638
0	353
0	275
179	3952
6429	4734
0	4733
1199	4471
0	0
3	0
0	0
0	0
0	0
85	1113
0	438
733	1036
0	351
47	1011
36	1504
3676	2059
0	0
0	279
142	3890
7	3890
0	13
0	10
6	13
10258	4
0	0
0	0
0	0
0	0
0	71
1126	71
233	0
0	0
0	0
0	0
0	293
113	293
0	0
0	264
6	10
0	13
10	13
683	264
0	37
24	37
0	0
53	0
7536	165
0	159
0	436
2718	436
3	0
334	0
74	30
0	14
0	0
36	0
1	0
892	7144
0	7144
26	115
334	1400
0	1400
106	33
0	26
0	0
0	17
0	140
0	34
0	153
4	0
0	0
0	2
0	1
0	3
0	0
0	1
0	0
0	1
0	0
15	0
0	1
0	0
0	0
0	577
2	1670
60	355
186	6429
66	6150
0	1980
0	365
181	365
0	0
3	0
0	213
0	333
5	201
0	4
0	0
0	0
509	1028
0	1028
86	664
0	722
97	715
1066	0
5011	3
2	1328
0	274
0	897
0	1515
5688	3045
1	0
848	215
0	213
0	0
3	5
0	5
0	227
4	454
0	197
0	227
82	454
0	0
0	10
0	0
0	33
0	14
0	31
0	33
105	114
2	65
1242	159
0	159
0	0
0	0
0	0
73	53
7	0
5124	7040
185	382
46	11
2	433
8	477
15	8
1	5751
0	5730
303	49
0	49
0	0
0	0
0	0
0	0
25	84
0	0
995	0
40	18
312	0
1717	0
166	62
0	62
0	0
262	50
140	453
19	631
0	350
7	597
0	603
5	1108
613	1439
0	331
5422	5
0	0
0	0
0	0
0	0
0	0
0	0
0	0
288	0
1689	882
8	882
0	1
8	1
1193	0
219	0
0	0
10	24
41	24
0	0
4	72
11	157
0	53
0	136
0	127
0	0
0	0
128	612
4107	612
0	0
0	0
236	237
0	237
751	115
0	114
125	125
0	76
243	3
3997	1
181	0
56	16
77	5855
3034	2802
263	1000
28	0
1067	3802
5	0
182	0
0	132
86	250
1	285
0	56
0	32
0	211
2644	135
55	282
0	20
1567	264
0	12
19	242
2	0
0	27
891	239
2	53
0	49
0	54
0	1747
0	5839
0	1875
0	1266
361	647
6	647
1123	1092
0	232
0	138
0	458
14	573
0	19
3	1
2	19
0	571
702	571
0	141
134	1531
0	1507
1018	2810
0	616
4	592
7	1331
0	0
301	3346
3	333
75	3314
1167	3839
0	28
0	3839
140	0
0	132
6067	3700
0	3630
2	20
22	60
30	1601
0	1601
112	0
0	629
0	296
0	142
14	665
0	12
0	12
0	0
408	0
18	0
3	1
2	1
2856	1
0	0
0	0
85	172
0	199
0	132
0	197
408	134
0	0
0	0
26	259
1537	522
13	522
0	0
0	0
2441	0
31	0
2	7
0	7
0	26
13	147
14	43
0	149
0	145
59	0
0	0
0	0
900	1
1379	0
0	0
0	2
0	0
0	0
114	421
8	4
0	0
261	642
0	427
0	250
0	401
0	616
129	127
0	127
0	11
0	44
0	44
0	0
434	647
0	647
0	10
465	312
3	6
8	322
0	0
0	0
1464	0
13	596
0	636
0	0
0	130
176	399
0	399
0	18
471	0
2	0
31	131
6	47
0	60
8	0
0	39
0	532
0	115
0	26
2	532
143	18
20	18
0	0
0	15
1104	488
1	474
5	9
1628	0
1	0
0	0
348	4
15	4
1338	936
0	936
169	491
0	59
0	79
0	89
0	89
0	85
3621	221
4	221
246	139
4	139
57	96
179	96
0	0
807	144
0	26
0	0
0	802
0	335
0	340
0	15
0	340
0	0
0	0
0	0
262	577
3138	4
182	4506
320	4506
0	0
171	1329
0	627
37	1070
3633	3
0	0
6	314
0	36
0	212
26	579
4	609
4398	166
154	163
3	0
32	193
0	193
17716	3
0	0
0	798
707	798
0	474
0	444
31	171
0	34
207	17
0	17
0	0
0	0
8	0
0	0
20	8
0	0
0	26
0	0
0	26
0	0
212	0
51	0
1	0
0	147
189	410
849	644
0	306
0	0
0	0
0	0
0	0
0	0
0	74
0	81
970	724
0	38
0	38
30	278
0	262
406	0
2	0
0	0
0	19
15	954
1	871
3604	1425
322	2192
43	0
9	122
0	122
0	0
0	0
0	0
0	0
0	0
0	0
3985	12089
0	12088
19	922
12	27
3	902
29	20
0	7
0	10
0	7
0	9
0	2
0	30
0	0
0	37
0	17
0	16
0	15
45	15
0	0
0	0
0	69
175	96
0	73
0	134
24	120
7974	10447
0	332
281	10411
0	116
0	90
2	173
59	173
4	135
130	6901
0	6901
0	520
0	10
0	17
0	64
0	111
0	447
37	506
0	699
729	956
0	2
0	2
0	0
0	0
247	654
2034	12047
0	12047
0	9
2	9
336	136
0	136
17	779
0	261
5	256
0	274
0	249
0	269
0	256
0	295
0	270
1709	1961
61	2604
0	2596
366	0
171	752
422	6407
0	2114
0	5534
0	0
0	10
0	2
0	55
5	55
3	36
23	35
0	0
45	0
0	0
0	0
923	0
10	294
0	159
0	15
0	1141
7	937
2016	1067
359	791
7	51
0	157
0	794
2068	587
1	222
0	587
11	27
0	27
9	0
593	487
76	0
2806	3435
0	3435
1	32
235	134
0	113
40	47
8	47
182	0
1	0
0	0
0	0
0	36
0	140
239	2398
0	2401
913	0
6	102
1705	282
0	274
54	264
25	264
5	106
4182	2
3	1
601	775
18	771
425	117
0	103
0	105
0	333
0	338
0	325
860	0
20	42
2	44
0	123
3	535
29	476
25	468
4	294
27	1417
9	439
0	1328
0	0
3332	1203
35	1203
0	0
0	0
1506	3
26	0
4	0
60	4
0	4
32	65
0	23
0	4
47	4
2	0
125	743
0	743
0	0
0	0
0	5
396	5
44	1015
0	1015
0	69
42	91
0	0
1373	0
795	286
0	109
405	5034
313	3872
3	144
0	4619
0	0
10	3427
0	1101
0	1144
16	3470
10	0
104	151
0	151
592	371
0	314
0	5131
0	2785
0	3734
11837	11643
119	2802
0	2802
8	0
0	0
104	199
54	199
227	173
282	153
2145	153
24	100
7	19
3	19
0	0
0	258
0	329
0	316
7	112
0	600
0	333
0	452
0	474
0	381
423	9
265	18733
334	0
0	318
0	31
2912	2098
369	2062
443	69
7	0
30166	22
0	22
0	22
31	150
0	158
0	158
948	0
1188	0
15215	12
32	208
5	208
0	5
0	5
0	5
0	30
113	30
2	15492
0	13901
307	29038
2	19655
0	24843
16	199
0	63
0	64
0	112
0	125
0	159
1	219
0	0
3757	18729
6514	0
783	0
2	0
3	47
0	0
0	0
0	69
2	69
0	38
390	4129
0	80
0	58
0	518
0	4140
0	4107
0	0
0	0
0	5
78	320
302	320
652	0
3	887
0	812
94	124
0	124
93	0
0	204
55	205
84	294
474	318
3	229
0	154
1497	832
54	1030
0	985
728	0
36	95
34	89
0	91
195	1049
0	574
103	475
11	0
6	0
1	0
0	0
0	0
0	0
0	0
0	0
182	0
507	1164
0	908
48	1505
0	1469
1801	36
2307	0
2	0
3	35
0	28
4	141
511	305
0	164
11	0
4120	6759
31	59
4	5
0	59
693	0
0	0
0	0
0	0
0	0
8	139
0	139
284	0
4	0
74	0
442	115
14	265
60	380
0	9
40	9
113	59
2	55
1337	0
742	256
0	256
9890	663
0	75
0	80
0	85
5	518
76	585
63	595
0	571
0	395
0	1047
140	1182
149	0
0	0
89	839
0	839
0	0
549	0
0	66
171	66
0	35
65	65
0	0
0	1175
44	1229
0	136
0	103
0	370
0	312
47	0
1465	0
1778	1868
0	1386
0	1861
0	1428
0	1861
0	344
0	344
0	3
0	2
0	7
63	14
0	6
7	79
160	80
0	0
173	16
6	16
0	32
0	288
6	288
0	2
0	2
4	2
752	199
13	199
344	4275
2	4275
0	54
9	4
0	156
1059	1758
11	103
60	1739
33	125
0	125
17	174
0	141
3	190
806	38
0	38
5	4
0	4
0	0
0	0
6	25
41	25
38	3
0	3
0	0
458	0
0	14
0	14
42	0
0	40
0	40
3	0
1288	0
7765	1171
2244	2303
2083	6
0	0
139	367
0	367
1235	107
0	29
0	196
1095	354
0	154
281	0
78	0
73	0
0	0
0	0
4	970
0	132
6648	1279
186	0
0	176
0	160
0	176
0	103
126	103
677	4
102	57
0	57
6	183
0	146
358	1186
0	129
0	1185
51	0
0	48
22	200
0	65
0	47
0	140
317	0
311	0
1833	2458
196	2456
7722	5551
0	5549
601	0
127	385
81	385
534	502
0	103
94	502
158	3
2	3
0	37
232	50
0	14
317	460
0	12
0	457
0	1
0	1
0	1
0	20
0	26
0	26
0	0
65	362
0	362
690	0
166	1240
265	1240
0	483
15	483
988	0
7	48
3	48
180	0
0	0
0	0
0	23
0	52
0	61
0	165
0	32
0	22
5	158
0	170
86	0
0	81
342	485
0	384
0	0
178	0
2394	0
158	578
15	1457
9	386
48	377
0	326
0	258
0	981
56	346
514	2188
49	1101
0	1157
0	0
0	0
1	0
0	8
9	8
57	0
31	30
0	30
599	1525
0	15
0	31
0	85
59	1525
0	0
0	0
0	75
270	47
0	656
0	2683
69	2716
0	2716
0	39
591	39
0	0
0	0
9	33
0	11
159	136
0	87
0	169
0	136
524	186
0	186
0	35
0	35
0	19
0	32
224	0
3764	0
191	229
2903	0
405	0
75	1273
6	1273
0	0
0	0
0	1180
119	1180
3618	1
71	16
375	364
56	27
2007	656
48	3
0	651
0	0
146	448
0	28
0	442
25	0
4048	0
2964	2274
0	879
0	0
0	0
0	0
268	0
140	0
0	0
0	0
0	74
1413	615
0	12
0	66
0	34
0	99
71	165
130	0
126	14186
288	1001
0	13648
189	0
153	0
29	265
0	265
4524	1744
24	1743
0	3
0	3
0	3
0	0
7	24
0	15
0	24
0	57
0	57
600	629
0	626
0	585
257	168
0	35
15	29
0	35
0	37
375	37
1	0
0	3130
7613	3131
0	0
0	0
3	0
0	0
395	253
0	0
1	0
0	0
82	506
2	506
0	134
0	465
0	469
0	0
4	64
0	106
0	332
92	332
0	394
1287	5083
0	181
0	0
19	5607
0	5583
8	5461
0	4934
0	1403
0	1263
5	1498
1	0
329	178
5856	0
7	96
73	96
0	12
0	3
0	3
0	12
8	1479
2649	1479
9	0
0	56
185	72
109	4295
373	4182
99	3276
49	0
0	47
0	0
0	47
0	478
1221	478
1	0
817	0
198	874
829	874
153	108
0	108
6	0
2431	50
0	50
30462	11331
0	11323
822	20791
13	5036
0	1252
11	20359
507	288
17	40
0	287
378	2432
16	2391
0	514
0	2384
0	372
12	223
0	15
4	0
2536	386
129	138
0	4
0	138
16	7
2504	6
1146	969
96	1078
13	791
10	0
1172	0
0	0
0	17
7	1684
0	395
1303	1576
0	0
0	0
0	0
0	0
3	8
0	8
0	0
1516	0
303	537
0	537
12	217
0	44
0	217
0	217
0	0
4	0
881	0
0	163
14	163
358	475
164	879
1	879
258	2196
26	2196
6	6
0	0
124	413
6531	416
0	0
138	0
131	0
144	0
0	1
249	0
112	0
91	1366
0	1351
0	1355
0	1355
0	1375
1369	1290
0	0
0	0
0	0
2464	0
159	0
2	135
0	27
232	141
0	1
1	1
63	1244
0	1244
1	0
44	0
576	976
0	976
205	8
526	1066
0	22
19	1066
314	153
0	153
0	41
8	223
0	222
587	0
449	257
19	1585
55	1586
0	0
0	0
1332	630
0	630
704	1618
0	195
23	1422
16	1861
10	1861
0	2681
0	95
65	2685
0	0
0	0
6	2
0	23
0	123
0	19
0	108
0	115
39	195
37	195
281	1543
0	1505
0	38
45	0
0	0
631	0
480	2
24	32
0	4
0	12
2340	2
5	1312
3969	1312
16	0
241	1
3567	560
40	560
44	129
0	71
0	39
0	36
0	47
322	31833
2381	31886
0	31881
5	23
0	20
0	19
0	17
67	47
0	171
0	222
0	126
27	190
286	21
0	21
105	1260
0	0
0	4397
345	4560
0	4169
7	4821
0	0
0	0
0	0
0	7
0	17
0	11
0	15
0	11
0	53
0	56
0	54
0	654
0	3197
175	3197
41434	29561
345	29520
0	16
56	115
0	101
0	104
10	5
227	282
6	282
0	7
0	22
0	287
5	367
559	367
129	74
3	74
101	0
1432	830
2182	776
0	0
0	0
511	69
202	67
0	0
0	0
0	175
0	346
456	0
17799	9
0	0
0	0
4083	1309
251	4
0	4
141	208
510	453
0	453
105	0
3423	4014
1	4009
0	6
0	0
342	883
130	1
89	4206
0	4206
0	25
0	25
432	190
320	2651
0	2550
0	190
0	101
2	1
4	25
9	390
13	390
14	0
0	3587
550	3588
14	0
2	0
752	638
0	492
0	492
0	638
0	492
0	0
0	6
0	0
18	0
176	5353
0	5353
717	0
168	162
5	97
0	88
0	7
0	15
0	15
341	0
0	6
0	6
102	102
40	310
0	369
3863	1952
39	62
0	1812
262	1520
1	7
0	7
761	8595
0	8595
395	0
1193	0
709	1121
0	1159
5	1127
11	1155
10	1127
45	239
0	14
218	354
2	354
12	1902
0	202
0	447
0	76
0	189
10	755
144	2010
18744	6
9	189
0	3
37	484
0	129
191	5199
21	5142
30	2414
0	2430
0	2490
5	1931
0	3621
0	1981
74	0
0	88
86	292
41	292
748	813
1	813
195	2221
3	1656
13	2201
1205	3057
395	0
165	136
1	149
21	187
315	0
9	0
0	0
25	0
10	0
0	197
0	196
0	196
0	148
31	0
6	0
182	34
0	34
0	0
0	6
0	6
0	1
3	0
569	162
408	1156
0	402
11	402
1475	15
13	0
0	0
0	0
0	0
0	0
0	15
0	16
0	20
8	20
0	0
7704	4
0	0
0	0
0	0
0	0
1135	0
0	0
0	0
0	0
0	0
0	0
0	0
0	5
0	5
39	295
327	295
0	0
0	19
4	0
0	17
238	0
629	0
493	567
1077	878
0	878
6681	0
0	5
0	0
0	2
0	7
43	561
0	570
0	571
24	2071
28	847
112	1988
0	642
3	456
0	0
159	115
2933	2731
12	568
0	2397
0	2513
0	2308
5609	6
447	1048
1	198
0	966
617	134
0	134
0	83
0	435
0	412
0	420
1301	0
0	0
11	312
0	0
1	6
0	22
232	22
252	160
0	160
435	2846
0	2846
0	432
3	432
392	1156
146	1156
395	150
0	150
0	166
0	585
442	1790
0	1238
0	1438
0	20
0	20
738	595
0	367
27	367
0	25
0	23
0	28
0	28
0	24
0	28
0	29
207	131
4	323
0	332
16	122
0	0
0	5
0	5
119	238
17	282
0	282
2	0
628	0
0	0
2768	0
58	7
75	55
37	55
9	0
881	320
0	320
0	0
8	0
29	23
0	23
0	0
6	0
662	0
250	0
0	68
5	135
6	170
8	1264
0	1261
72	1256
0	1315
37	12
0	12
0	3
4912	3207
0	3045
0	3160
0	3160
278	109
0	109
0	0
2	1
0	0
355	0
191	0
1528	654
1007	0
589	80
0	80
1	0
4	0
4	89
0	10
0	89
490	2
0	345
0	54
12	388
14	388
0	209
2310	209
92	1095
0	235
0	994
0	1079
83	727
236	0
4	0
2584	0
727	3824
14	1807
0	2434
0	566
0	360
0	81
194	791
0	741
52	2
0	2
0	0
0	0
0	0
1755	200
36	939
9	946
1	978
0	13
58	15
0	15
0	0
0	1345
489	1345
0	37
1039	672
0	672
0	5
0	5
0	4301
40	107
42	4131
0	2034
0	2726
0	2966
11	2789
8	0
0	0
14	120
0	56
0	110
16	14
81	216
1951	154
0	0
0	9
0	1077
1885	1077
124	5117
0	5124
48	4917
224	0
0	152
39	220
0	159
0	220
0	178
0	201
112	20
19	21
0	21
1	310
0	233
0	226
0	226
48	837
0	372
479	862
0	462
420	152
0	151
9	0
2416	0
220	152
0	152
1197	351
3	350
95	525
688	525
1119	10212
0	612
2831	12847
6	6418
3627	0
123	0
5	4
0	4
0	4
0	4
0	18
112	18
300	414
0	414
7	376
0	196
609	198
137	15
34	751
3	1258
79	388
0	602
15	545
0	148
0	1151
76	1450
2	136
0	1450
0	17
0	5
41	17
7303	419
0	418
91	671
12	4621
6	4764
23	4644
0	466
40	59
0	544
0	689
18	745
0	27
0	31
5342	0
62	508
0	753
6	505
394	514
773	788
0	35
0	786
37	70
0	70
0	0
5771	637
0	630
1887	1
2766	3
0	17
3	17
0	454
0	412
461	949
0	600
0	0
0	764
2	1768
0	1741
0	1915
0	789
0	3022
32	3838
0	2199
27	24
0	24
0	0
0	0
14	0
686	0
1471	0
283	146
0	0
0	0
2819	4
88	55
0	55
363	1889
0	0
1785	352
0	352
58	172
0	0
0	0
0	0
0	0
0	3
0	3
0	0
0	0
0	2115
111	2115
45	25
30	106
0	27
0	102
0	4
0	1
0	8
0	8
0	8
0	0
923	0
0	0
1270	0
1452	898
0	894
0	6
0	6
3	31
4	31
0	0
0	0
0	60
111	636
2936	8060
52	79
0	8100
79	8100
0	76
288	886
0	248
0	76
442	87
4	0
0	55
285	55
327	256
0	18
0	241
0	263
1154	1
0	0
1342	3
5	86
0	86
10	0
566	0
1	26
0	26
0	0
0	0
0	0
0	8
0	6
0	0
0	18
0	18
6	15
12	0
0	5
0	18
0	23
0	28
0	28
0	5
0	0
1	0
0	35
0	1
0	35
963	1469
82	1469
0	330
0	14
9	329
0	177
86	177
0	5
366	5
0	0
0	186
0	186
0	174
0	279
775	279
9	12
866	431
0	6
51	240
0	9
459	0
0	0
433	0
0	0
0	0
1	0
0	0
41	0
0	0
10	632
0	2
1	2
0	600
5	0
6	65
53	67
0	72
47	60
0	0
1205	437
0	326
645	0
803	45
1	45
0	543
0	10
0	238
60	595
95	0
5	73
392	1203
17	0
29	1797
0	1868
0	0
4	0
208	230
0	230
0	343
3035	892
0	562
0	60
0	34
0	60
34	172
0	177
0	230
12	0
0	1462
6	1268
3	1299
797	1430
5	258
0	258
390	1371
0	1285
0	1154
0	97
338	686
0	549
0	462
0	0
0	0
0	0
0	0
0	0
0	0
22	11
0	7
0	2502
15145	2516
454	633
10	449
0	556
61	220
4	0
5	55
2	74
137	2037
0	74
0	2037
0	23
0	1
11	23
785	1
345	0
1873	1
6692	3359
0	3352
0	0
0	0
6	140
161	146
39	0
2	17
258	0
0	0
115	561
810	561
84	95
0	95
0	0
0	0
0	0
0	0
0	0
0	257
56	273
0	1438
2	1569
0	607
664	776
0	261
0	297
0	371
0	321
7	5
0	5
2983	1955
18	141
644	1952
25	0
389	563
247	563
12	374
93	374
7	674
1	97
9	680
64	0
0	0
0	0
0	63
0	45
0	45
0	25
8	68
38	670
0	617
0	589
6	0
0	1
625	149
2388	359
71	0
2191	3
0	5
1084	2499
0	1350
0	0
0	0
3	84
28	173
0	173
1487	0
506	139
0	139
0	3783
3483	3783
51	0
4	0
6	0
0	36
2	37
0	37
0	0
0	0
64	140
55	140
0	15
1661	447
6356	1038
49	900
145	948
157	3
0	0
0	0
664	131
0	131
0	0
0	0
0	0
2148	2
111	226
1874	226
0	19
0	19
165	1119
321	1119
296	844
0	0
20	30
7	13
2	30
626	0
1089	719
579	719
0	40
11	40
3151	0
1644	0
0	0
0	0
8302	257
0	288
3	313
1908	546
167	1118
1383	1118
26	73
0	4
0	73
0	73
6	0
0	0
0	0
0	289
0	451
0	70
0	125
290	594
0	198
0	95
0	0
95	0
0	2724
0	3478
0	3257
0	4000
70	4000
7	600
0	477
0	477
0	477
0	0
0	0
32	0
303	0
324	304
0	294
0	84
16	0
0	0
1694	1
12	0
77	2120
0	84
0	2132
1	2165
0	1994
0	2143
0	0
0	0
0	707
175	707
133	0
480	0
0	113
386	114
76	108
0	30
0	0
940	0
0	1
39	1
0	0
0	0
86	143
0	143
2	11
166	11
0	0
113	157
0	157
372	163
5	0
0	0
154	286
0	652
0	667
1107	3
0	0
41	4563
328	4564
124	151
0	0
0	0
36	32
0	32
0	0
0	0
261	241
0	231
654	463
65	0
34	8
1671	8
61	0
168	0
502	1937
0	1937
257	788
0	774
0	791
31	791
21	420
381	420
0	3
0	3
93	2961
1537	2964
0	219
0	149
363	219
316	932
0	932
0	3
4	3
48	1475
0	1996
0	2139
0	478
0	13
0	41
0	13
0	37
0	8
4	242
4	242
114	214
6	214
4	25
0	10
0	22
0	28
0	29
12	0
0	0
0	0
485	2
0	2
0	0
0	0
0	5
0	5
0	0
0	3
0	3
523	656
0	656
0	964
1112	1950
1063	84
197	81
0	23
6	1
0	11
0	11
0	0
0	0
2	0
82	0
0	0
6	483
0	496
0	455
1380	958
52	276
0	682
3090	361
86	361
671	324
0	180
0	144
0	0
4248	3
0	353
18	2230
0	2230
0	64
6	344
0	363
11	363
0	152
901	152
303	2544
7	2560
119	399
35	243
86881	35
903	1170
34	1014
25	1169
0	0
0	25
0	10
18	33
23	35
153	0
0	0
882	992
106	0
10	177
143	177
2891	6
0	0
0	0
0	59
3	181
0	140
60	186
0	157
357	180
0	180
2449	16565
0	565
0	6230
9	16544
0	0
0	74
1650	894
54	960
4937	0
0	181
0	191
0	238
0	239
0	208
0	192
0	180
0	181
203	255
0	270
1	129
5	198
1223	343
34	332
163	374
0	374
28	0
0	707
319	709
0	264
0	60
15	96
0	87
2019	1371
0	1087
0	1246
0	1142
159	1409
3425	1897
15	1897
3	3
15	79
0	0
103	2413
12	2414
106	1655
24	1655
0	416
0	134
12	416
3758	0
3	213
26	213
0	3
0	165
0	165
0	165
0	134
1385	931
0	115
231	124
1200	561
0	250
0	561
182	7655
82	565
0	5973
19	7756
0	18
0	39
45	139
23	145
0	0
0	0
13	111
93	102
500	1
38	171
16	0
0	453
45	453
0	0
0	16
397	16
0	3
0	3
289	0
0	1
183	7085
7	7085
0	199
57	997
48	997
0	0
5	0
4	0
0	0
0	0
0	0
8	0
0	0
6239	12566
15	12566
1559	1247
539	1246
184	756
0	756
0	617
20	575
50	463
0	509
371	2468
0	35
0	35
0	35
0	34
15	21
3	342
0	147
306	469
24	23
186	338
0	137
0	0
740	6
20	1
3	32
0	32
29	444
58	246
44	2
55	2
12	3
0	3
197	330
0	67
0	64
0	3
2	46
0	182
28	0
244	1142
9	1033
0	1142
0	3326
1724	5572
13	3506
0	4
2	43
0	15
1835	5798
5	543
48	5798
160	0
5224	0
296	395
8	395
0	5
1	5
0	44
0	44
420	1326
6	243
10	525
23	1038
3471	3059
0	3059
77	5
0	5
13506	23
383	177
0	177
0	59
0	59
30	27
1176	878
205	0
0	150
65	646
66	571
0	0
6999	9
0	0
395	72
0	72
13	824
46	821
1691	0
0	1
1972	688
0	0
0	0
0	87
3	19
7	282
3	63
0	282
10	0
0	0
0	5
0	0
0	5
0	0
0	0
0	0
29	0
53	27
753	1
1	26
0	20
7	0
0	0
48	30
18	0
1915	1301
27	1303
0	1270
1	2
0	2
0	0
0	0
0	268
361	268
27	0
0	5
69	1113
5	1113
35	0
0	7
0	7
0	10
0	85
0	1
117	85
0	85
0	92
0	195
321	1268
0	566
77	9
0	9
589	0
9	19
0	19
0	16
0	0
117	0
0	365
51	365
269	657
0	365
0	341
0	374
0	243
0	375
0	0
0	0
0	0
10	0
0	211
1	6
0	408
61	1994
0	750
0	1859
0	0
0	0
474	0
3352	0
6	0
0	4
0	15
4	42
0	3
0	3
0	0
0	3
488	1545
0	15
0	1545
39	1524
135	56
0	56
955	679
9	261
424	1592
0	19
112	420
0	319
0	410
0	0
15	289
0	198
0	55
0	223
6	259
3575	3241
0	2980
2	1362
0	933
0	0
0	0
0	0
40	0
0	16
0	1
18	255
1203	297
123	0
0	0
5	0
0	0
862	0
344	165
5	165
23	636
31	694
0	527
21	418
221	2247
10	2329
0	0
2355	0
0	899
10	909
204	5156
0	1046
11	1463
0	2174
27	4728
0	1760
0	2175
0	0
3	17
1	25
105	25
1	248
0	32
1	18
20	248
43	49
33	49
0	0
29	35
23	35
8	55
5957	595
282	645
7	213
18	213
0	153
167	228
42	228
6	283
86	283
0	0
0	0
0	0
20	313
1	314
32	3985
4	246
61	3985
32	358
2	1167
308	937
0	0
12	0
2	13
0	7
0	114
0	114
6	97
0	349
1882	906
0	909
0	792
0	909
0	0
0	0
16	16
8	16
15126	608
1	583
2130	1721
309	133
0	133
19	285
0	101
0	286
8	0
7	5
49	5
257	68
0	68
29	7
0	7
30	740
20	134
0	735
9	143
0	3
37	140
0	7
7	7
5	0
0	13
39	13
0	0
0	0
0	0
0	290
38	290
3085	1705
2	1200
0	1474
0	1210
0	1020
0	1403
0	1
0	1
0	1
700	0
1508	614
0	630
0	83
0	146
0	93
16	100
0	31
208	31
13	0
1182	2
123	0
62	1844
30	1844
117	15
275	157
1	157
2256	0
131	118
0	118
2	0
11606	2117
2	65
0	57
0	36
16	65
0	63
20	167
0	167
12	788
4	242
25	727
4681	258
0	257
3261	2063
0	2063
261	187
4603	5205
0	53
26	25
0	0
8	7
23	7
0	0
0	0
2	0
3191	4
7	4
3	3
1	11
911	130
0	130
87	153
1	19
0	134
0	0
94	110
321	0
113	0
5	278
0	278
888	3796
0	3796
34	3767
0	3558
2	1094
0	3556
0	0
283	157
22	156
9	88
2	118
0	253
10	78
0	360
4	254
427	1280
5	662
0	684
0	68
0	95
75	98
577	0
917	795
344	26
0	1
0	25
19	586
0	2187
0	82
55	945
0	2389
61	360
1039	4322
109	8199
28	140
0	140
441	654
0	654
6	2489
0	108
0	1344
0	2563
55	0
0	0
0	0
0	0
0	146
98	146
0	133
1	62
791	5335
134	6206
0	3191
0	28
0	28
12	1
0	0
6	33
0	7
0	26
0	0
29	32
5	32
0	0
0	0
0	0
87806	33485
12047	25072
1653	19845
18	7504
64	12981
0	12889
125	20400
0	13642
0	35
0	152
4	127
15	57
658	3632
0	3632
0	16
0	8
5	16
0	16
0	0
0	0
24	196
0	119
183	0
985	1345
3508	4012
5	210
0	3956
160	3961
6	1
0	0
6	0
0	9
0	126
1	133
0	75
8	618
5	930
113	2381
157	2342
0	116
0	476
0	221
0	122
24	404
54	0
0	27
0	27
0	0
0	0
4549	913
50	911
4896	51
0	0
0	51
66	0
896	0
3	143
5	126
1	335
0	360
0	580
10	287
23	2120
53	132
0	2048
7	768
0	760
0	742
0	284
0	732
101	0
157	61
0	0
0	0
0	0
0	0
0	1121
47	95
0	95
2200	665
390	0
5	0
0	0
0	1
0	2
946	0
19	282
63	282
0	7
0	0
0	7
0	7
0	0
31	0
84	2420
251	2420
0	0
1	1
0	1
0	0
0	13
0	8
0	13
32	0
0	0
163	424
30	172
70	3
0	169
0	0
2	0
0	0
2	0
0	0
0	0
2	5
17	18
0	18
536	0
313	61
0	61
0	55
156	1421
0	919
26	1047
0	637
0	31
0	31
5039	3394
0	3127
12	49
120	49
280	0
1804	0
0	60
0	60
237	259
0	0
0	0
0	0
0	94
1374	172
52	241
3	1296
0	724
4266	1987
0	1237
2315	112
0	112
0	63
0	43
5	63
0	63
11	0
0	0
538	0
0	8
0	8
13	11
362	0
0	58
2	58
0	2
0	3
0	16
8	0
611	7328
0	7328
527	0
3442	409
7	408
374	308
0	300
0	74
62	2175
0	580
0	2057
25	27
35	27
143	1633
11	1633
670	0
286	111
4	191
0	84
0	63
0	191
333	40
2	7
0	33
64	0
0	3515
0	5357
705	20140
0	4307
0	5714
1214	19973
5	71
22	71
0	49
0	16
0	963
16	971
0	1149
0	1090
78	2508
0	851
0	156
151	4825
0	3176
123	2646
0	5080
24	304
4	376
0	5
2041	0
6	0
0	0
0	0
1	33
0	33
1361	297
0	0
0	0
0	0
0	0
0	0
157	288
0	58
25	101
751	2677
508	372
165	9164
0	2526
0	0
0	0
0	202
362	203
1264	0
0	30
0	30
0	0
17	244
0	244
269	0
432	1671
44	1656
4	1669
3706	7831
1368	1589
0	7583
50	351
8	45
4	401
278	360
0	0
0	0
0	0
2	11
136	109
7	109
15	0
648	0
0	106
736	106
560	3
5219	0
129	0
25	0
92	1193
5	1193
215	0
0	0
0	0
0	0
585	3368
0	1343
1	3552
0	1
23	511
15	5809
0	718
120	5269
350	5821
106	5663
37	5582
0	284
76	285
50	0
36	0
0	10
22	10
5	50
30	50
0	0
0	0
97	0
0	0
0	0
7	0
0	131
114	6417
1	5273
0	1503
9	6305
0	6
0	6
87	6
414	33
0	5
0	28
555	1121
0	695
0	2593
41	3812
862	0
3	0
0	0
246	3818
0	68
0	565
21	3833
0	62
0	270
0	6
8	2472
0	2400
0	1405
0	1657
24	1566
20	1109
5	1483
0	1265
1924	1265
0	67
0	92
1081	564
0	193
0	556
354	0
0	0
1302	329
0	0
264	2
0	0
2173	802
0	987
0	1039
187	319
1	188
2	319
0	428
9146	434
0	54
0	0
0	87
0	251
0	43
0	283
0	213
337	86
1	86
3959	17
3	14
0	0
0	140
0	11
0	112
0	28
1921	196
0	164
821	277
0	277
0	0
0	0
0	247
731	247
1060	1056
0	1099
86	1029
0	0
0	16
432	658
0	642
4	0
780	0
2	83
238	417
0	29
12	32
0	0
5	0
3577	5561
0	5561
36	3008
4	259
156	3008
17	152
199	2561
122	3
0	0
0	0
8632	9
3	0
0	77
275	0
0	120
0	60
964	180
0	11
1	16
0	5
0	5
0	5
0	5
2	16
0	16
0	477
330	828
43	384
0	368
0	114
11	1473
0	5135
0	5167
0	270
0	210
13	108
38	625
0	625
0	327
246	0
967	605
8	446
2	154
209	5077
2364	5077
3776	1925
0	1925
0	14
4	68
0	13
0	60
37	759
0	218
933	760
8	0
14	83
0	45
484	88
0	0
829	104
169	42
42	61
942	42
0	42
4	31
39	61
27	10202
0	14217
41	8194
0	14354
0	14360
0	14422
0	0
0	0
0	0
0	0
21367	11
54	0
10	7
0	7
0	7
0	36
2	47
0	804
0	191
0	59
0	881
3	905
2791	415
0	415
0	63
0	805
10	665
2	40
29	801
553	692
0	260
74	536
102	207
0	207
15	0
547	0
44	192
957	2676
0	2623
0	748
9041	750
0	21
0	22
0	65
9	65
25	11
0	11
0	17
139	717
0	717
944	20
766	0
0	452
0	750
0	724
1	8
1161	9
0	28
202	102
0	74
0	0
563	0
1088	262
0	262
2	0
1	477
2	77
0	459
0	177
45	75
0	25
0	0
0	0
110	188
461	188
0	0
36	104
0	104
158	222
0	222
0	63
43	438
0	321
0	422
0	41
680	0
695	0
111	0
2029	0
22	395
0	1007
12	955
85	5511
2	1396
31	5071
65	0
16	50
148	50
0	2
0	0
0	0
0	0
0	0
925	0
13	13996
430	4375
7	14569
24	0
8	186
5	8
35	5
156	8
90	184
0	0
230	849
0	834
0	826
29	0
0	334
0	0
0	11
0	328
2	334
881	78
0	78
7527	2
418	341
0	161
0	78
0	70
55	220
0	220
0	0
0	0
0	0
8	36
0	2354
0	2358
25	6
0	6
437	281
0	60
0	31
0	40
16	40
0	0
188	254
0	254
158	448
66	448
14	21
0	21
0	0
0	0
0	0
0	0
1113	0
70	0
0	58
3	58
0	233
28	233
190	98
5	98
5	3
834	97
0	97
363	0
0	0
1	0
19	21
13	8
2148	2
441	1
127	141
0	225
0	206
0	0
0	0
0	52
0	0
0	52
187	1943
20	1943
0	73
310	704
0	704
105	235
0	235
0	0
8410	2766
4	2766
1	124
0	124
199	601
424	601
0	0
0	0
7	14
14	5672
1	148
0	1350
3	1452
1	5424
0	4544
0	0
15438	13
1	26
38	26
1317	0
0	7
0	7
7	83
105	127
0	86
0	127
0	0
0	0
0	1300
35	1297
49	34
0	34
0	0
0	0
0	0
0	0
5	0
37	106
0	4
0	102
3329	47
5	46
720	0
0	70
11	70
1400	0
144	163
0	163
0	163
44	38
0	1
0	1
0	0
0	0
0	76
412	811
0	88
35	90
0	0
399	0
1242	1228
0	0
712	0
3	32
1	23
11	208
249	2235
555	2194
1	186
0	186
0	25
3	25
72	10
3	10
80	227
0	0
0	0
0	0
0	0
0	0
671	0
3062	583
0	747
1223	0
0	0
7	1091
7530	4430
0	3415
0	947
0	511
0	239
107	511
10	166
17	166
253	5435
0	1842
38	5452
1826	4846
26	1908
0	164
0	1
0	1005
623	2006
30	1191
9	660
0	4424
14	0
0	0
0	0
0	6
0	0
0	0
0	0
0	4
0	6
9	0
0	0
6	0
0	0
9	0
0	58
98	1289
0	1
0	25
0	85
0	79
0	67
0	70
3263	0
1281	849
10	783
10	839
59	0
0	0
0	0
0	3
0	244
266	244
0	2352
4	2352
28	5
1	5
0	0
0	0
893	1614
3	1614
44	0
0	0
0	22
3169	23
0	995
4581	2317
0	937
0	506
1	999
399	118
33	0
0	0
5	0
0	0
2	0
0	0
2885	415
0	0
20	0
6	177
0	177
504	0
52	0
0	0
0	111
4	26
74	194
0	0
0	14
15	14
70	241
212	241
164	132
0	132
3622	296
0	296
0	0
1325	269
8	269
0	8346
0	8428
6950	8516
271	336
0	198
0	249
693	0
228	0
51	16
0	8
0	8
0	0
412	653
0	0
1	0
1766	685
9	68
4	0
53	0
1112	1498
0	1498
0	10
175	11
283	732
6	1
0	1
94	4446
0	4446
6	141
0	8
242	139
0	130
0	276
0	107
1136	277
0	0
3	0
49	378
8	393
0	11
0	11
0	11
0	11
121	551
8	418
2076	2
0	0
1364	2330
72	451
330	506
0	506
3	26
0	28
0	28
1314	501
0	501
2204	0
0	379
570	379
152	230
999	231
0	353
1061	353
6	127
0	671
0	726
7151	7
0	0
0	8
245	164
45	42
577	42
0	77
362	130
0	485
835	485
499	544
0	374
32	191
1050	1795
24	1795
1	0
22991	5090
0	5072
0	561
141	736
0	460
45	160
180	164
20	33
17	26
1	29
0	37
0	12
0	37
0	29
0	531
2159	1747
41	1763
14	0
21	23
0	23
37	447
5	153
16	85
9	218
1443	332
362	0
6	40
0	40
889	4
65	0
0	133
3834	134
0	0
0	3
0	3
0	0
0	0
0	0
0	13
0	378
0	904
0	904
0	97
0	8
0	719
3	930
0	930
153	296
0	98
8	266
2263	314
112	0
3	0
839	6620
0	6620
0	0
0	6
0	29
34	63
0	63
96	4
742	52
0	52
0	0
48	1
3817	1
2	8
0	1
0	5
0	12
3	0
0	3
1159	1547
163	36
0	8
0	28
61	0
1209	0
0	197
0	67
277	219
160	72
0	72
0	407
15	2474
0	30
74	2474
0	57
0	326
0	338
0	246
121	311
0	21
4	98
0	79
0	163
4	102
26	149
111	877
0	553
5552	3
2896	2
80	0
490	0
920	0
1	0
0	0
23	28
69	50
8	50
2	482
0	2806
0	1889
89	2047
0	3032
4	1896
313	1
629	839
0	136
3	854
3	20
0	20
0	166
0	225
5	1984
11	2029
0	1979
0	10
0	6
0	14
0	14
0	0
12	39
0	39
0	39
0	125
54	125
0	42
31	396
0	5
0	391
261	407
0	407
106	0
260	485
0	178
12	490
0	326
3575	0
0	0
1090	1
0	1723
0	870
0	2736
197	2777
0	218
40	253
0	0
4596	0
48	201
3	200
0	6208
1332	6210
0	0
22	731
0	0
20	0
15243	4
230	10
4	586
0	586
5	32
196	32
107	236
0	236
17	0
1188	0
0	978
0	267
8	1216
161	1216
0	115
574	115
2117	1006
32	991
485	27946
5	27150
0	27946
3	1
4	0
0	0
235	429
0	241
0	419
0	0
0	0
0	0
0	0
0	0
107	260
88	104
147	51
0	0
4	0
1150	0
1211	1214
0	1214
16	1633
86	303
0	294
21	1633
1492	0
1802	0
660	0
0	11
0	11
1	1
0	0
0	1
159	0
708	0
0	196
5987	292
0	180
0	1
7	54
4	10
0	11
0	11
0	54
0	10
0	0
0	25
0	22
1	32
0	8
0	25
0	25
0	1
0	25
12	57
0	203
22	300
97	424
0	79
64	102
0	173
0	4
0	151
0	151
2	173
0	151
0	151
0	151
1221	0
247	0
0	18
0	18
43	478
0	478
0	46
0	172
0	1266
0	43
23	1386
0	1423
435	0
527	589
0	0
17502	5349
55	5300
0	1348
0	645
39	53
208	0
8	10
3	10
0	0
0	0
0	0
2957	102
139	0
129	0
0	29
0	16
1630	2208
0	2205
88	0
0	2
124	2
72	5242
69	432
0	99
0	5183
106	0
236	0
0	0
2428	96
0	95
61	44
0	44
10	22
0	5
0	0
0	0
27	64
10	79
9	79
81	0
10155	1589
0	1587
0	6
4	6
0	446
0	212
0	460
0	3496
124	3496
0	2819
0	0
4	0
0	67
890	68
0	2
30	2
20	301
0	265
0	265
0	301
0	139
0	2854
0	466
0	135
0	4852
1	4657
0	3817
0	4084
0	4604
0	187
0	192
12	170
6	450
0	10
4823	450
0	314
1222	316
0	51
33	53
0	0
0	1
2	1
0	0
1963	0
0	0
0	0
0	0
0	66
107	191
173	4291
328	4910
178	859
32	520
0	386
0	16
222	3767
4970	1282
7	1273
106	1280
126	438
110	438
0	0
0	0
11	3
9	0
0	18
0	0
0	117
0	32
4	24
1	108
2358	0
63	3834
23	3974
181	2218
0	332
50	800
16	760
74	609
114	609
741	680
0	2
17	680
337	1
11037	1275
0	1263
236	212
34	212
0	89
750	684
93	79
1	21
1	690
14	414
0	331
0	95
28	308
0	24
0	308
4	45
148	45
0	1
0	0
413	0
807	0
0	63
0	13
0	86
0	90
0	63
501	614
0	611
0	130
0	2
2446	1279
0	713
17	1279
552	1989
4	87
51	1989
541	785
0	0
0	0
7	243
1150	243
0	190
2174	0
1589	451
0	98
0	406
2931	0
135	559
109	559
1	1
3097	0
0	0
0	0
462	58
0	16
0	42
137	0
131	0
525	104
0	104
0	2
0	2
779	929
0	2283
10	2285
0	2303
0	2285
1007	1263
15	903
4	1263
22	48
0	56
55	56
0	461
0	428
238	1
419	606
0	320
194	1420
194	1287
148	1226
3	19
0	19
0	19
60	53
0	44
15	57
0	9
6	57
9	564
45	564
0	6
0	6
3	9
0	9
31	5
0	214
17	214
522	0
803	2308
237	0
0	0
0	0
0	0
0	0
0	0
0	0
423	659
9	0
0	0
0	0
0	0
3382	17049
0	17046
2491	3
0	14
0	14
0	0
0	0
0	0
31	0
0	0
0	0
0	1
20	287
2	287
0	188
0	1114
0	697
578	1114
115	0
0	0
0	0
0	0
9	64
2	64
249	0
0	18
0	63
125	4289
8	4273
30	45
0	5
6	4
0	18
0	15
21	27
0	38
2	48
0	209
46	376
0	1774
104	10345
83	10327
2	0
0	0
2	288
0	1161
2060	1159
1660	0
24	0
215	1541
0	1541
0	29
3	31
0	1176
0	460
52	1192
33	1184
87	1004
0	2207
0	2236
1704	0
463	111
0	111
526	0
0	33
0	27
10	33
209	0
270	881
0	881
0	5
758	0
15	219
0	89
0	266
2217	0
0	0
25	12
1871	16
22	0
2563	0
0	297
1106	1612
0	1059
0	1215
2502	1807
33	1806
0	0
0	0
0	0
246	442
0	3317
39	3503
7	248
0	248
237	3
538	3
1523	41
0	41
101	0
1434	0
113	0
1119	0
11	3
0	3
6054	0
656	0
326	131
1	129
0	0
0	2
230	502
7	0
30	33
0	0
0	2
0	31
530	485
652	0
0	2
0	18
0	73
139	79
94	594
198	594
6	557
46	557
91	662
13	757
544	454
2211	5878
428	5878
2	9
6	9
726	314
2	310
14	331
0	155
20	66
6	91
2	91
128	0
4782	2000
0	1995
167	4111
0	4111
249	0
0	0
61	17
90	17
4	38
0	38
1831	3823
832	3823
2	62
5	62
0	474
3	474
0	474
0	0
0	0
0	0
0	10
1	10
0	0
0	0
81	3260
274	3224
50	964
0	964
1023	317
0	470
152	1178
0	108
0	37
1026	1502
5	1095
0	1060
0	936
31	1078
0	1028
0	1022
97	958
0	969
0	803
3	896
857	874
0	71
780	227
0	227
3534	1968
0	0
14	1225
23	1225
787	275
300	383
100	585
0	518
0	519
537	962
0	962
0	3
16	0
14	3
4	310
0	252
0	1569
7	1536
0	1600
0	8
0	11
0	11
4746	1897
0	25
0	162
11	1901
272	1592
0	1222
11	364
43	1487
2	1198
12	185
0	0
0	0
0	108
0	209
7	911
0	127
0	829
1259	2367
39	2519
0	942
48	285
16	101
4	0
1225	1
0	0
4	0
0	0
430	322
5	618
22	618
0	0
0	7
0	11
14	0
279	1176
155	1803
1	560
0	0
12	467
0	136
184	602
0	0
0	4
0	320
0	419
0	423
32	336
0	343
515	0
1041	277
42	14
0	9
0	0
0	8
0	0
386	165
0	165
132	83
0	83
0	78
142	78
581	132
0	132
95	656
0	656
0	0
13	0
9	0
43	3427
0	1821
3	3438
556	0
372	0
0	0
0	0
3	6
1	2
0	0
0	0
0	4488
27	5562
47	5528
1868	0
0	8
0	149
738	149
20	0
0	144
813	972
0	960
0	0
0	0
18	51
0	51
0	0
0	0
6684	6
136	0
2608	842
12	839
16	0
144	2579
490	2579
71	178
0	186
7	176
0	0
105	2516
0	1577
0	608
78	1547
227	448
0	428
13	300
228	637
0	7
0	36
30	43
0	0
0	0
6	7790
5754	7790
11	742
7	58
3	34
0	14
0	92
18	70
0	77
0	266
4	242
0	0
0	0
0	6
7	6
0	0
0	0
1	22
9	22
1218	0
1780	0
1	1
1819	0
321	0
0	0
0	29
0	11
0	29
215	1397
0	1196
1781	0
0	0
0	0
98	858
0	858
1088	194
5	194
0	80
0	3
0	5
888	451
0	451
505	0
0	0
16370	23
365	21
0	1
0	1
71	173
0	173
25	66
0	66
3521	173
0	172
36	0
0	0
0	24
217	35
0	11
464	0
0	459
3	459
0	234
1	25
0	22
0	66
224	217
0	179
0	196
461	663
18865	3978
6	3494
0	475
128	1630
314	1066
0	0
0	0
4	47
2	74
0	74
0	0
0	0
0	0
263	25
102	0
0	36
18	353
0	0
0	0
0	0
0	1443
2	1873
0	1108
0	1648
0	11569
0	371
189	9718
0	11136
0	9818
3	38
0	176
0	10
8	177
12	176
13	0
5363	2137
0	2137
324	519
2059	4
107	0
0	637
0	147
1071	784
43	1
0	2214
0	240
0	290
28	2268
0	34
0	0
0	3
0	3
0	390
804	390
35	0
22	7
0	7
174	47
7	528
0	130
0	421
0	528
0	528
0	528
106	49
1	47
0	557
3	2474
83	2484
974	0
0	0
0	0
0	0
0	0
316	20
0	20
7	88
0	65
122	54
133	457
0	141
2	411
1320	2
172	3770
237	3805
767	0
487	1462
0	395
1	1076
76	568
0	568
2066	0
5423	7190
1	7190
0	0
1206	0
549	0
0	12542
636	12918
0	12921
4	18
70	86
14	19
4	14
119	81
0	81
65	37
639	37
0	200
0	223
224	256
0	119
17	203
0	145
20	0
0	2
0	2
324	19
17	0
27	0
1540	1107
11	1114
489	822
448	4
0	4
29	17
0	88
228	151
0	151
10	0
0	1070
12	1079
8	204
12	204
30	1021
2	11
0	1021
0	127
1294	5736
0	5736
3	116
0	90
0	112
68	313
243	375
55	0
239	1260
0	151
0	1238
0	972
0	1119
78	29
956	32
1642	2377
140	2262
0	1823
172	0
5	27
681	103
19	102
0	23
1501	1093
0	984
4	587
0	140
59	140
0	26
40	26
0	0
0	0
0	0
0	0
0	0
4714	500
0	497
0	12
0	12
0	9
195	9
107	10
224	126
29	132
361	4
32	1261
143	363
74	1587
0	394
6	2
276	65
25	9
18	156
495	156
0	28
8	30
2420	0
92	4127
0	4103
29	4145
0	0
1991	0
0	0
94	1155
0	439
28	1062
0	1059
2	941
501	18091
32	18120
389	17827
0	0
0	0
10	25
2509	28
42	338
0	314
0	338
0	0
0	0
0	0
0	0
0	0
0	0
230	249
3803	21038
44	21284
6180	2
15916	1926
0	585
0	1977
1	1017
0	521
0	1790
0	1437
0	1429
0	1020
5128	0
101	9
0	9
264	45
0	14
0	26
19	4
0	480
6	194
16	388
0	480
0	0
322	0
0	0
0	0
14	0
0	0
0	0
0	0
0	0
0	0
0	0
25	249
0	116
0	81
1130	3
125	10
10	0
9956	888
1062	60
0	0
0	0
0	288
452	290
0	24
5	70
3	47
20	0
10	0
0	0
0	0
0	2761
0	137
0	2732
0	2751
0	2742
0	0
0	0
0	0
2	0
21	616
205	619
6	0
0	0
0	0
94	63
0	10
0	53
106	891
0	255
0	891
2561	11275
0	11274
0	0
239	60
15	60
61	0
71	0
583	0
579	367
164	1910
0	1910
25	2018
28	121
0	115
883	1192
0	1110
104	1129
0	1159
0	1192
245	7698
836	7975
0	456
0	3
0	3
0	131
12	133
1669	0
3781	0
0	0
0	0
267	0
0	144
72	144
16	153
410	3075
0	3075
0	1076
0	1178
0	0
0	0
0	0
0	0
176	35
104	460
895	494
0	57
468	2661
0	640
125	2708
3	383
396	821
69	588
88	588
0	69
1020	69
390	0
0	0
0	0
252	303
0	303
0	797
0	914
30	950
78	27
0	27
0	15
0	0
0	69
39	45
475	714
0	714
28	12
0	12
1579	1989
10	0
27	962
0	962
2426	0
326	1300
29	1300
0	0
1	0
0	0
25	0
33	98
0	98
0	0
0	0
0	0
737	283
0	177
0	277
15	576
12	169
12	576
0	16
21	16
0	0
0	0
316	29
0	29
3	0
0	88
10	88
52	83
19	83
297	413
0	469
0	61
755	535
7	781
189	1182
0	396
0	1197
0	0
514	486
4	328
0	298
132	270
6727	7220
0	7
2702	7098
1354	0
108	104
276	976
38	976
0	0
0	0
1049	635
0	634
0	1358
4	43
430	5754
36	6101
2074	4255
0	4252
1504	271
1928	4467
0	4467
0	6
0	6
766	4
0	0
0	0
0	0
0	0
5351	4
1138	47
410	628
183	4333
4	891
0	4142
1478	741
0	534
335	231
0	220
0	52
0	10
595	1927
0	1924
12	235
3	6293
0	6411
0	20
15	6344
67	2801
145	2801
0	2658
60	249
52	250
0	2
25	10
436	473
0	473
10	0
811	1376
0	75
0	272
0	1376
0	1375
0	1301
0	1399
0	1345
0	1393
9	0
788	0
824	2102
0	2055
1	236
0	613
0	3272
0	2189
11	1880
1	3670
11	3452
72	4380
1663	3677
0	277
1974	800
985	809
0	83
2	171
1	46
4	130
2	386
0	247
1588	842
9	109
5	109
0	17
17	17
271	544
0	544
0	0
1	0
184	1226
0	1120
0	11
7	11
0	0
32	488
19	341
2194	142
14	141
0	21
0	0
104	0
12	893
93	893
49	0
0	10
7	9
28	14
5	17
2	9
1493	0
117	0
8	80
46	705
0	70
9	0
162	734
0	3
24	6
1281	473
0	492
0	410
0	430
0	49
2	58
755	0
2306	4
310	220
1	220
0	0
1120	4
0	0
0	0
33	133
0	133
0	113
103	113
0	141
1066	277
0	136
142	269
0	269
32	32
0	0
8	74
88	0
3	19
0	359
48	359
287	408
0	15
2	15
5	329
0	116
2	17
711	407
145	421
0	381
96	6607
1	4114
38	6214
0	3331
588	8871
1	0
172	3945
0	87
0	89
25	3945
3	0
0	0
0	4
0	4
1345	1
0	0
0	15
3	3
3	16
0	0
0	0
3965	1
0	706
783	1268
12	1143
6	1008
0	900
983	0
6	0
1586	0
130	696
186	0
1	2
0	5
33	40
4	74
0	60
0	1812
0	94
91	1820
258	0
36	23
38	47
285	7
35	7
3	137
2391	142
48	414
0	414
0	0
0	0
0	218
2564	1012
79	971
0	0
0	2487
0	2487
0	1829
21	2534
0	156
13	242
24	130
5	2392
1	4
0	4
151	0
138	0
0	0
0	0
0	0
2630	0
144	1
328	0
3	7
55	23
2140	369
0	358
3	162
0	162
1	20
0	42
0	0
0	66
0	52
0	68
296	0
0	51
0	440
0	2
0	116
0	57
8	3
0	427
0	417
0	427
0	420
220	1270
0	849
0	845
4	619
24	0
2	0
116	97
3	0
2660	993
0	993
71	82
16	53
138	26
1321	9851
8	9848
0	0
0	2
0	0
0	0
0	2
85	0
1464	1
3751	1
5	161
19	692
218	779
2192	531
0	613
0	0
0	2654
1383	2656
1808	0
0	63
0	21
793	224
0	190
1301	4
0	0
347	1835
0	954
0	1500
761	1
40	0
0	6
0	39
0	84
0	84
0	0
0	0
970	5
33	0
530	555
67	555
21	0
102	0
0	71
40	0
139	71
0	3715
0	3492
0	3513
44	3736
340	112
49	217
0	217
141	4
212	125
0	125
0	60
159	481
22	481
5	90
13	92
0	16
0	36
0	34
0	0
0	0
0	36
0	30
0	21
0	30
0	34
0	33
0	0
0	34
0	15
0	34
0	28
479	906
0	315
1025	944
4	0
2548	6
8	0
6	46
0	4
0	46
0	0
0	0
0	0
0	0
0	0
0	0
0	0
46	193
20	24
212	217
989	0
8	53
0	2
16	49
0	38
0	29
2	31
0	31
0	191
0	151
0	191
0	749
0	147
0	725
2276	2351
25	256
0	2067
2	2234
5	2102
0	2112
17988	10
16	0
260	0
10	25
0	25
0	8
5	27
0	3
10	1
62	320
0	177
0	142
445	0
0	0
0	5
1746	1780
240	2154
0	215
79	215
203	1884
0	289
0	1887
0	1791
955	1927
0	2096
5	1811
15	1839
338	27
7	16
0	16
3	0
1631	812
0	603
0	737
1386	299
0	0
0	0
5928	8943
296	9834
110	194
0	106
231	106
5	0
528	0
0	0
0	0
0	3
79	352
0	0
16	438
3	247
3640	2492
233	2418
1	2391
0	3
143	922
0	374
0	0
11	22
0	22
555	746
1	746
0	0
703	0
7130	6
0	149
0	0
19	137
155	304
5299	10539
0	1190
2	7916
0	8398
14	3529
4	86
4	87
0	87
41	1116
31	1116
0	0
0	0
6752	15
0	3465
0	308
1	7622
0	7549
455	0
0	0
132	1570
0	697
413	1977
0	13
43	13
3	7595
2	447
6	7595
0	0
0	0
163	2113
0	2113
0	0
0	0
776	0
665	133
19	133
0	6
14	6
0	5
0	15
0	12
66	0
886	0
256	174
0	69
0	105
23	191
0	191
0	0
0	704
1352	704
86	218
0	150
102	176
0	0
0	6
3	6
84	281
0	0
0	0
0	0
441	460
0	200
16	260
1615	1630
449	0
0	0
0	3
0	46
0	46
0	12
0	0
17	0
374	433
0	83
4	235
0	0
0	0
0	0
3	0
0	0
0	860
0	169
324	6886
256	6999
551	289
0	47
0	0
0	0
0	0
0	2
63	870
184	857
0	1263
0	2337
2	1865
66	937
0	1821
0	2291
0	0
0	310
0	411
623	677
35	711
0	455
291	90
0	34
0	89
0	12
0	0
1	0
15	357
711	1587
68	747
431	1363
0	25
25	25
482	0
0	37
0	1
0	430
0	122
515	386
926	1
4023	1
0	352
3	354
1	324
0	339
1	308
0	1
0	21
24	80
0	80
1109	2122
0	14
7	15
0	14
0	14
0	14
0	98
326	98
43	983
506	888
5	989
151	2304
0	28
6	2310
0	2310
11	2326
104	386
0	0
0	0
0	2
0	0
9	2
0	0
0	0
168	3323
0	127
1109	3061
3	437
0	235
1273	588
0	18
282	18
6221	5930
0	0
0	0
3	0
0	0
0	0
0	8
0	261
0	0
0	19
12	335
0	335
0	0
132	527
0	0
0	0
29	0
0	0
3	0
409	190
0	16
34	0
1009	1175
12	498
0	766
31	100
0	2
0	0
0	0
3	0
58	0
1842	239
0	238
1	0
11	4656
308	4655
12	15
0	15
0	12
0	15
6	0
0	0
0	0
1	12
0	16
194	342
0	18
0	18
0	0
0	0
43	59
8	59
0	316
38	1253
7095	1569
0	0
23	0
10	1575
0	248
562	14022
26	12088
0	5928
9	13677
4	0
0	0
64	66
0	66
0	0
1113	661
0	522
0	396
6	596
0	18
0	29
258	133
0	104
0	0
178	6125
6930	6130
0	2793
0	0
86	0
64	0
778	261
774	262
977	0
127	0
1036	2196
0	626
496	386
95	1570
0	25
86	31
156	0
92	0
0	5
0	0
0	5
14	41
31	307
79	319
0	626
1314	628
0	0
0	0
0	0
0	0
399	0
108	0
3018	3
0	3
147	522
359	2689
0	813
0	2177
3985	3243
10	2462
0	3238
3	0
0	608
0	80
0	4648
0	4692
80	4708
69	600
54	600
38	234
0	84
211	1471
570	1284
178	6
0	6
663	1616
5	149
0	1616
3	152
0	9
0	116
0	152
72	78
0	542
2	183
2765	544
43	168
10	168
46	0
188	0
13	475
167	1
28	315
7	1007
1	1004
2	1004
0	1
0	0
0	0
0	1759
0	1740
0	1741
36	1414
0	0
53	0
69	31
0	31
0	192
2	886
0	162
0	11
142	916
0	916
0	868
515	366
11	366
2	612
372	697
0	46
0	4
32	50
0	5
0	5
1438	0
0	0
0	0
0	0
199	49
0	49
5	32
48	82
9	87
9	47
0	136
1724	275
0	0
0	0
0	11
0	11
115	2689
0	637
0	2689
438	1193
0	153
0	1193
0	4
0	4
294	141
0	140
0	0
0	1201
0	9607
353	9608
0	723
106	723
0	4964
0	4493
44	4780
0	4808
0	54
0	71
4	123
0	539
10	565
5	507
0	568
0	178
0	0
396	1104
0	1104
295	102
0	102
1856	305
0	304
27	5
0	5
246	133
0	133
31	318
0	318
0	318
73	9
0	9
0	0
0	0
0	161
108	161
0	0
14	11
0	0
0	3
0	0
0	3
3115	2313
8	1467
244	1302
102	291
0	1786
0	1796
1331	3445
0	699
148	3445
0	65
0	55
0	42
0	52
0	0
0	0
52	20
0	0
0	20
0	3
0	42
0	46
0	46
7	5
0	5
50	4
0	4
0	4
96	0
1051	2
3176	5
661	0
0	39
7	61
9	65
28	10
0	0
0	33
17	46
0	46
0	0
0	0
0	717
0	234
0	1967
870	1967
2	274
35	285
15	69
0	3
10	15
0	0
0	10
7	10
3	0
0	0
0	0
0	249
412	249
0	4331
0	85
0	621
0	714
1728	4334
419	1781
4	832
0	768
62	767
10	10
2	0
12	61
0	60
0	140
43	0
24	5929
0	728
35	5814
0	138
0	232
0	249
0	730
10	703
0	720
0	683
0	429
15	98
0	230
0	435
0	447
1	2845
0	111
0	2761
153	125
33	2479
37	2631
0	432
0	2097
0	2737
24	270
693	270
0	0
0	0
34	14
0	14
317	225
0	225
0	225
0	225
180	0
38	0
0	414
705	414
14	8
0	2375
1263	2375
0	0
0	0
0	0
273	1367
69	1367
561	273
0	0
6	24
18	63
0	0
31	6
0	5
0	63
0	73
45	71
72	2793
3	2793
771	143
4302	1575
0	131
0	143
0	1573
1120	481
7	114
61	341
29	487
2491	1394
727	1391
23	73
15	73
305	0
145	1264
0	1264
161	5152
0	4984
29	5152
49	968
0	968
0	0
5793	0
271	4830
55	697
0	3622
11	4903
339	4344
0	4344
1089	67
0	66
4	0
721	105
0	105
0	0
12	305
0	55
4312	3128
0	0
0	11
56	0
0	56
0	56
0	0
210	131
0	24
64	0
307	612
0	35
0	35
0	163
10	163
9	235
43	235
0	189
0	0
15	0
268	283
0	283
103	71
0	71
1871	0
6030	1
5	0
282	0
0	8
0	28
0	10
0	0
0	28
26	0
0	0
0	0
14	68
0	51
110	249
0	79
111	460
14	460
0	0
0	0
3843	1
12	11
0	11
633	9590
397	9590
107	0
171	0
0	22
23	22
64	304
45	304
0	40
530	2754
0	40
151	2713
17	0
1306	1338
0	921
2080	1214
0	1214
1231	0
375	468
0	468
1	428
29	428
149	89
0	89
10	0
33	38
636	39
0	250
32	263
0	263
0	221
11	282
0	4
2502	282
107	119
13	119
6086	2
3	0
0	0
0	0
1916	1944
8	337
0	898
0	454
595	0
0	460
0	1586
0	356
0	356
89	1673
0	111
1069	607
0	289
0	455
18	172
25	516
0	40
87	688
0	0
0	0
0	9
30	9
0	0
0	0
101	0
38	1503
0	80
85	3746
5	3764
0	3799
0	2143
0	3831
1170	0
0	0
0	0
0	0
19	0
248	49
0	2
4514	2327
0	2324
57	2262
89	2514
54	2557
48645	27
320	0
3	33
26	1107
120	5181
214	753
5	3574
279	2860
0	2849
7	2952
0	3352
510	0
768	5
0	300
26	300
0	0
0	0
0	16
0	0
1	16
6856	8178
9	4064
645	0
108	0
1	139
473	175
0	143
1230	13
0	0
0	0
0	74
2	118
0	118
0	0
0	0
147	150
31	150
314	0
19	0
0	0
0	0
0	0
5	3
0	5
0	5
0	5
0	1
0	3
347	241
0	238
0	3
89	290
27	290
0	22
0	22
0	22
6757	708
108	500
0	718
0	71
0	51
0	51
0	59
0	0
0	0
2	0
0	23
0	28
0	35
0	35
0	17
0	35
0	36
326	983
0	6
0	887
0	652
6569	1025
0	71
0	218
81	228
1868	121
680	984
12	843
649	0
1	200
0	195
16	196
733	48
0	48
2422	1
290	355
4687	2
0	0
0	5
0	340
8	170
0	60
1660	0
4863	1843
3785	0
1592	870
28	870
9	0
0	0
0	25
0	856
0	1
0	864
0	864
27	87
0	0
2931	6
3	0
0	0
2270	1
134	6
0	6
10	0
0	0
0	0
4	24
234	24
4859	12
540	0
0	37
0	35
0	50
0	52
4	0
0	34
215	189
597	110
0	110
0	0
0	18
9	18
158	738
0	738
73	12
0	12
0	1543
255	2607
0	252
2891	3553
13	0
41	66
0	0
0	66
242	0
0	0
1	70
129	327
122	327
8	0
15	558
0	390
1	1132
77	1017
2981	2513
0	662
38	1143
0	2320
0	0
14	0
0	0
0	0
370	261
0	261
1353	1
95	452
1461	452
11229	4
377	2084
0	1838
1043	631
13	631
120	1
20	0
399	0
978	8
9	8
281	1
0	1
344	0
1531	1590
0	0
0	0
0	0
0	0
0	0
0	0
877	1508
0	1508
3493	1278
0	1278
45	815
85	1189
781	991
7	394
10	206
119	528
0	136
1	127
102	163
22	876
0	288
0	728
0	877
126	520
0	209
0	331
580	0
268	48
0	48
17	52
0	40
0	28
31	52
19	81
0	656
1894	656
29	30
0	522
4163	523
27	8
0	8
0	0
0	0
195	0
365	646
0	646
0	0
0	0
3	0
0	0
0	2
0	2
0	5
0	0
112	66
0	66
10	7
0	7
0	0
0	0
156	59
0	59
0	972
115	972
0	972
106	2337
40	2389
40	727
53	178
12	178
789	566
0	102
0	199
7	89
34	0
1	0
0	6
0	6
118	0
0	9
0	9
3467	2220
40	530
1096	0
3	0
256	825
0	600
0	777
0	773
0	1471
3522	1471
3734	4
286	15
0	15
683	0
22	0
1	385
1975	1283
21	64
277	145
325	112
646	0
0	2
0	137
60	137
1639	385
28	292
18	122
59	0
0	1189
527	1328
565	2803
7	120
0	71
0	72
0	115
0	5
125	0
76	0
3	4
0	4
0	7
0	54
42	311
1	15
0	253
8	0
5	1050
0	884
2	335
0	447
12	105
0	118
16	1105
2303	0
0	50
70	50
12	34
11	34
1	64
0	0
0	0
772	642
0	0
1	898
1	11
0	351
170	1505
0	842
3	1505
0	364
0	458
0	203
0	262
1365	720
21	23
97	391
414	444
56	453
0	303
3384	837
14	0
0	0
1470	6
96	13
0	23
0	43
0	13
40	43
8	4
525	592
79	544
0	260
2531	337
72	2
788	0
14	11
11	11
76	0
1227	0
146	0
0	2
11	2
451	3023
0	451
70	3023
3	0
111	0
395	172
0	172
0	172
0	172
0	68
10	0
9	35
0	0
0	32
1	0
0	0
0	0
8810	11
120	2116
15	2116
24	13
7	13
298	26
0	26
65	119
38	7
0	119
4	54
0	541
130	541
199	0
252	0
0	0
0	0
0	0
0	0
72	0
727	0
0	0
0	0
2	0
13	594
0	379
44	1872
13	1777
238	0
412	39
0	39
0	661
0	98
0	354
0	0
0	0
0	0
164	153
0	9
2695	5
1	4
38290	22
205	382
33	382
229	134
0	134
0	4
0	4
68	5671
158	12268
397	4071
2455	11812
3701	964
4	964
43	48
0	48
0	14
0	14
0	14
630	0
3068	4390
3	4420
0	1481
0	0
0	6
0	87
88	289
0	269
17	287
0	289
16	0
0	0
0	0
4361	1
0	0
0	0
1819	0
1025	2
9	0
0	0
0	12
4	12
1304	17595
0	2278
8	16510
3	17517
0	18316
0	6
0	1
0	0
0	6
3497	302
0	295
0	82
0	51
1	117
0	102
17	746
0	47
0	722
41	121
84	123
0	0
3785	1
0	0
0	0
0	0
3628	2
0	0
145	593
140	593
1051	0
919	3891
0	156
201	219
6	0
2121	194
0	0
71	191
0	11
23	306
0	349
112	85
372	129
15	3
0	0
0	0
0	0
0	26
0	128
0	100
19	35
30	336
10	361
0	0
5	0
0	0
313	0
135	245
0	264
30	535
0	83
0	535
44	35
835	0
309	712
0	711
61	298
1	221
49	30188
167	31293
3871	29070
105	30172
0	313
57	313
0	64
0	69
54	312
0	316
0	15
4	15
7675	3466
466	2641
4	924
11	11
2	3466
128	0
67	126
3	126
1115	196
0	120
0	187
317	185
0	185
0	0
0	1
0	1482
0	341
4189	419
11	3078
22	3156
20	2872
32	1804
4	1804
447	0
4	4
0	0
0	1
528	0
0	0
1	5
0	5
13	32
0	336
146	1314
3	1314
802	0
0	0
0	0
0	0
2	8198
181	1486
0	492
0	3216
578	8198
0	4
6	4
3	272
0	2871
78	3672
0	685
0	2
0	9931
0	5682
121	9901
3675	131
150	0
0	0
687	6119
0	1789
0	1349
0	873
6	5630
0	0
0	0
0	0
0	0
11	0
52	0
497	992
0	1067
1	380
21	381
638	1
19	6
4	0
404	0
415	289
0	289
0	90
21	174
14921	14250
3	1872
0	1310
0	13567
0	0
34	28
187	0
13	0
15	23
111	0
0	0
0	0
0	0
0	0
0	0
0	0
5	0
1	261
5	261
274	26
15	0
0	26
2841	4
609	137
5	136
4834	3
160	168
11	168
106	1744
0	270
7	1582
0	1767
109	21
0	21
0	20
1	20
232	0
0	3293
0	3208
0	3238
0	3241
15	3533
0	3270
0	3687
32	134
193	0
1724	24
0	21
0	21
0	4
0	4
0	249
0	27
164	283
0	430
179	431
169	0
0	0
0	0
0	169
0	99
5	309
0	94
1691	871
266	776
133	420
8	1
0	45
9	420
0	0
118	0
2955	1668
0	1662
240	41
69	41
58	0
0	3
3	2
0	1
18	14
0	300
0	26
0	450
3	471
0	0
0	0
8	73
39	27
111	69
205	4
96	4
0	4
0	8
383	0
74	50
0	42
0	8
0	2
0	2
4	4
3	3
653	0
25	0
0	76
0	0
506	93
0	0
0	0
13	83
0	29
0	784
0	63
0	17
5	783
11	417
0	120
0	140
0	149
0	123
21	119
0	58
253	26
0	0
0	0
17	57
0	57
0	6
12	9
10	317
0	63
0	77
101	815
0	686
7	277
18	0
0	0
33	92
0	263
754	263
0	0
0	0
0	0
33	76
8	20
0	60
820	201
0	201
5	0
0	0
0	0
0	16
247	31
0	31
10	501
229	535
124	6634
36	2240
181	526
2	6634
6	0
13	0
16	0
9	3
2331	5
25	79
0	79
293	283
3706	0
0	213
1454	896
22	80
0	24
782	77
0	77
1	24
265	332
0	0
0	332
1109	1150
0	1150
130	0
0	23
0	23
424	920
0	920
282	3309
67	3309
0	2019
211	2743
0	3035
0	948
136	1442
0	1442
5	0
0	0
301	68
4179	7926
0	0
0	1
0	21
0	20
0	47
0	6
0	0
0	61
0	58
0	53
525	188
0	187
145	0
120	0
9	0
12	0
791	1
0	0
28	0
0	0
40	0
62	165
59	159
0	118
8	145
2	1197
0	192
112	1197
0	486
0	489
424	1806
14	1338
94	1
1	31
0	0
0	29
0	31
0	0
0	0
5651	0
1373	36
0	34
2628	1251
61	1251
7	0
363	0
0	0
0	0
0	0
0	0
0	3
0	3
0	3
0	3
0	0
0	0
0	0
0	0
0	246
39	246
0	0
73	1739
38	1739
30	486
553	358
0	0
1175	1908
33	724
0	594
6	651
0	486
0	721
0	747
26	1
0	1
33	16
5	6
0	13
1	6
1	7
0	0
0	188
0	38
0	53
3	840
0	880
0	91
8	277
2	246
0	1122
0	126
0	419
119	1157
0	186
183	272
153	381
1	106
198	789
154	2150
0	40
0	100
10	1672
0	2089
5	22
0	7
2389	253
0	251
0	226
0	287
0	39
0	50
0	121
7	267
686	229
0	71
0	768
0	12
40	776
0	721
0	717
0	35
0	1
237	83
0	83
0	0
0	0
307	1261
5	304
0	931
190	30
1091	15
0	15
1150	0
0	4
0	4
0	4
4026	1
359	0
0	0
34	0
0	0
2591	0
3316	0
69	0
0	0
0	0
0	0
10	0
0	0
0	14
0	5
2	5
0	5
0	14
0	28
3	28
0	0
2654	2165
0	2164
2	390
5920	391
0	246
1060	246
0	4
0	2
2922	0
63	0
0	0
0	0
0	0
216	0
126	164
16	164
135	1671
22	1671
0	561
13	561
11	0
157	122
6	117
0	0
529	14
0	14
0	0
0	0
0	0
62	0
0	1128
87	1180
690	0
575	0
0	23
11	100
0	100
21	58
1100	0
1227	12429
0	2034
0	1437
511	4
0	0
2986	727
0	727
0	7
22	16
0	0
0	86
251	120
0	120
126	146
2428	141
15	2518
815	4666
229	2482
2251	7620
0	90
399	145
94	235
0	27
15	27
12	57
0	57
0	0
195	820
18	2601
86	2526
442	1251
37	1251
141	0
0	515
200	515
0	0
6	0
0	0
0	216
0	18
5	75
9	59
0	176
7	425
38	418
1251	0
0	0
3	278
1229	2427
4	2589
1	0
0	0
37	256
0	383
47	2636
197	2627
556	10285
0	2155
0	8085
0	1156
4	10073
4	0
10	11
0	0
0	0
0	0
0	0
0	0
0	0
0	0
0	0
0	0
0	0
0	0
0	0
0	0
0	0
0	0
0	0
0	0
0	0
0	0
0	0
0	0
421	0
2663	1128
3	1123
3	114
275	114
13	0
7	0
0	0
0	13
0	0
0	5
0	23
0	23
2896	8406
3	8405
53	1521
3	1521
77	460
0	515
4194	167
0	166
23	0
6	0
249	0
151	343
54	180
0	177
62	177
1194	1191
0	1130
0	467
2982	2854
180	0
920	0
11	324
261	324
356	521
0	63
0	0
0	94
0	14
0	6
0	94
0	94
0	94
117	0
2	9
1777	24
0	24
2	0
529	0
880	417
0	0
0	417
660	54
0	23
0	31
7537	3108
0	1605
0	1500
0	25
0	25
253	0
0	18
243	18
79	100
113	100
147	0
1644	0
4	91
0	91
5366	6
2303	1
0	2
0	342
6	342
0	5
484	1
0	0
477	239
0	381
11	381
38	0
0	0
8	0
0	0
0	185
0	391
0	403
4	0
12	89
38	89
42	156
171	262
0	106
22	25
1030	0
0	0
0	0
0	0
0	341
8	366
48	0
0	440
0	448
13	409
0	46
138	107
15	107
2074	671
0	670
560	2659
792	2659
274	1278
0	1278
8	12
202	931
121	1108
110	93
0	71
369	3590
3986	1624
1075	7417
341	0
3	8
0	8
0	0
0	646
33	646
1470	547
0	547
71	743
0	111
112	183
0	821
0	22
0	792
21	160
474	1105
237	0
7	151
121	1
0	0
26	142
0	142
0	78
272	78
0	316
0	149
165	664
1	0
0	793
1216	0
0	46
0	437
0	487
26	493
2136	4466
7	961
26	4069
0	2599
36	2659
13	2651
370	0
445	0
7	112
9	112
0	0
764	0
0	0
0	0
0	4
0	9
0	9
0	913
741	913
6	5
7	0
1198	139
0	139
1128	358
0	7
3219	1
1	3056
0	77
6	2818
923	0
2816	0
0	0
0	0
0	0
0	0
0	0
0	2
0	2
0	0
6	24
9	24
4	0
568	392
0	387
0	295
0	0
0	0
21	280
0	269
0	0
0	0
0	0
0	0
2408	0
141	13843
3	7747
1	1048
0	12330
9	176
0	81
2	188
789	0
39	2212
107	2173
5	1545
2	339
1908	1438
333	1200
0	1506
2	0
0	1
6407	3271
0	3271
0	0
0	0
16	526
0	494
0	526
341	450
0	361
7	108
100	46
0	46
6	0
0	0
0	0
101	11663
228	10710
57	10649
3	5469
4	9086
2	9037
415	377
12	617
0	536
93	555
8	0
0	658
50	807
0	807
0	807
20	23
0	23
0	260
0	280
844	1605
0	1584
0	0
7	120
0	736
7	312
8	1564
57	1691
93	2272
0	3783
2675	3787
180	128
4	128
21	22
0	22
529	199
0	114
280	1282
217	716
3005	1807
0	1801
0	0
0	0
0	0
0	0
0	0
0	0
1	0
3	0
11	0
5	2
0	0
0	0
39	4253
8178	19458
0	19448
3	28
4	38
0	22
234	163
0	49
2	81
0	38
11	27
0	59
135	59
0	7
49	9
23	595
475	662
0	6
2	187
20	669
0	588
0	47
0	177
95	177
121	102
0	102
51	90
3	90
18	0
0	1857
0	1845
0	41
5	94
0	7
0	0
8	166
57	166
0	172
49	236
1	78
435	0
0	655
470	680
139	30
7	30
0	0
0	11
0	11
0	0
0	0
3	1015
76	1015
0	51
2	51
0	2
5	2
16393	2159
33	131
0	7
0	0
0	0
7929	3
242	917
0	909
0	917
0	917
13	70
0	0
0	0
9	0
0	0
16	11
4236	0
18	39
0	16
0	2
0	2
0	0
34	60
0	60
0	82
0	82
0	0
0	0
0	0
7	102
0	4
69	182
0	0
0	0
0	0
0	0
36	0
0	320
0	278
4	799
0	841
2252	1
442	0
28	1408
27	1408
44	1118
0	1118
0	1118
769	0
409	392
26	415
203	0
130	0
41	129
0	473
197	650
113	519
47	113
10	35
0	35
0	686
442	914
0	636
0	491
0	409
0	1605
96	2205
0	1665
127	0
18	0
0	0
0	0
0	1617
1202	1617
3	130
0	19
0	130
0	2
0	2
0	2
738	0
186	606
2	211
0	62
0	563
0	3
549	2695
51	178
1	303
20	2490
66	2644
1	2
0	2
56	2859
2	2851
0	2859
13	0
53	644
0	644
524	0
52	0
370	23
678	955
0	0
0	0
0	0
0	0
0	43
1	167
0	180
0	168
0	396
2	239
14	75
392	396
51	644
0	644
22	909
3620	0
7008	3999
257	80
6	75
0	93
0	99
2512	234
6	1382
2	1382
0	3
2201	0
0	0
0	0
0	0
17	963
0	554
81	1345
0	340
15	1456
2	34
0	34
73	2072
0	2072
2	56
0	1074
0	54
132	63
0	63
0	57
0	11
5	3
0	4
0	9
0	7
0	9
0	13
0	11
0	15
0	63
0	4
0	13
0	61
0	9
0	63
0	11
11	207
538	1144
0	1144
29	120
36	143
0	0
11	677
0	183
0	513
0	94
0	103
236	408
4632	408
0	4
623	926
67	926
0	0
0	4
135	40
0	36
12	40
266	228
0	82
0	195
194	1889
13	1889
341	9
1351	456
98	447
4	0
0	0
0	0
0	0
0	0
1529	0
0	285
0	250
98	137
19	1063
27	978
0	0
15	0
1228	2
111	80
599	0
0	120
0	15
49	197
4	120
0	105
17	135
0	1722
0	236
0	1890
405	71
0	1869
23	0
16	0
54	3599
1500	3599
342	0
0	1900
12	443
0	105
0	30
26	1906
0	149
0	705
46	705
370	6410
109	6409
0	8
10	43
0	43
0	0
0	0
0	0
0	0
2788	6
74	128
0	89
6	0
0	0
0	0
0	0
0	0
0	35
0	35
0	117
30	152
2030	74
0	67
0	0
0	0
0	55
334	55
0	156
0	7
0	585
0	610
0	627
2	12
0	8
0	102
6	1046
0	1829
74	1810
2069	101
16	859
0	859
91	0
0	179
0	152
822	2584
0	2430
0	0
227	0
0	0
0	3
0	3
0	0
61	10
9	0
655	0
0	0
6	0
0	0
0	0
21	163
0	31
7	96
22	3
0	3
0	12
202	47
0	47
95	265
2095	350
177	350
151	72
48	51
0	6
0	45
1175	4105
0	890
63	4104
77	135
0	40
239	0
84	484
0	484
1300	980
0	987
4	210
0	210
2977	1390
48	1390
0	232
0	191
194	792
12	290
13	27
0	0
0	0
16	387
159	387
361	501
0	334
0	427
106	280
10	280
10	7
0	0
0	7
6	496
0	130
0	67
0	124
0	0
0	0
0	0
0	1274
5	1137
1	832
193	217
0	204
0	223
3475	0
429	767
8	256
536	2412
139	2412
0	1674
0	1606
0	1666
96	34
0	34
100	59602
0	15288
1721	65425
596	2545
0	1240
2	2289
195	64
0	64
325	532
0	532
36	5
140	78
0	19
800	0
3	342
0	342
877	292
0	292
648	3848
30	3848
0	16
0	16
193	122
0	122
133	0
746	1271
0	1214
0	1155
0	1190
0	1254
0	21
0	21
0	0
166	2
327	103
6	7
0	0
933	5
0	5
0	0
0	0
7	0
1111	0
0	0
2144	1415
0	821
3563	0
0	0
0	49
0	13
522	61
5	0
81	143
0	98
119	0
0	0
0	0
0	0
28	0
0	0
199	952
78	103
0	140
0	897
0	0
0	0
0	0
0	0
5	0
200	0
84	142
4	142
18	847
10	847
0	102
1	109
4	7
0	3
37	0
1	803
122	803
1374	365
46	365
6	23
0	8
0	17
0	12
16	143
45	156
146	1073
0	1006
2676	2259
3	2255
0	477
0	0
0	13
31	0
15	0
0	9
24	3133
0	26
0	0
17	3133
5380	7
658	583
72	927
1	1130
1	240
76	593
0	593
699	1
0	16
1	16
0	3001
4	2274
14941	6854
0	2225
10	0
0	270
28	270
217	1422
2	1286
0	1015
240	1705
0	1607
0	1568
0	158
0	0
0	2209
787	2209
0	76
26	813
0	560
7	42
0	15
29	15
3395	5
0	0
0	9
1811	1359
3	1359
13	0
0	0
3	794
345	1302
3	527
0	504
211	30
88	0
130	373
0	141
7	223
0	231
0	219
0	223
0	57
0	42
0	24
0	162
0	43
0	162
54	0
103	0
366	1
0	0
0	0
231	50
0	50
773	0
182	3421
0	3421
1	3164
0	380
6075	1767
0	1517
0	417
299	739
65	739
2965	77
0	77
0	0
0	0
0	0
2	0
0	0
13	16
0	14
21	14
4	861
4738	969
2	968
429	2490
41	1012
45	3577
11	6
0	6
78	104
0	104
0	552
0	135
0	151
0	113
211	161
315	421
1386	660
0	0
15	34
0	17
0	17
0	0
1	35
186	2852
43	4303
54	2051
0	4516
4	26
616	1761
88	1761
54	53
7	62
0	3393
45	3393
818	0
67	22
0	0
383	90
0	86
12	41
0	7
3	8
0	8
0	0
0	0
1	0
0	137
32	209
120	2153
0	591
0	397
0	253
12	2006
0	0
433	1864
1410	11023
63239	11049
202	1969
0	1461
0	0
0	0
0	0
0	544
2	180
1041	1
0	67
1136	443
1	341
0	327
0	0
10	5
3339	0
0	0
66	0
35	193
244	360
63	360
78	4
395	41
65	2236
2	2236
15	43
0	77
0	172
278	172
0	79
0	74
0	69
3	79
0	0
3	0
0	0
234	145
0	145
20	0
156	1017
2	966
65	1008
12	209
126	209
0	0
29	219
6	1685
7	49
0	2084
0	2074
0	1711
0	1821
3518	1861
0	1946
0	1916
0	658
0	0
4	0
54	19
0	19
1243	658
0	0
0	0
199	0
0	0
0	0
0	0
132	182
0	42
0	0
30	0
1707	2749
0	2747
2353	0
0	0
3252	0
0	399
0	415
0	96
0	43
0	48
0	133
0	69
137	306
10	230
0	361
0	284
574	330
455	549
0	0
0	0
0	0
0	0
26	239
0	110
2371	0
0	0
0	0
2	0
0	0
0	665
0	277
231	665
1424	2
5	0
260	0
362	0
0	0
66	262
135	262
0	236
41	236
9977	4
116	140
0	52
0	140
0	75
122	6988
0	1368
4	2187
76	6263
165	0
0	0
0	8
0	8
0	1
76	0
156	209
3	1359
401	6406
17	6411
0	34
522	1
6	34
0	190
541	223
32	0
17	3717
0	609
18	3913
49	2729
26	6930
4412	430
0	427
0	4
0	2
0	4
0	4
0	4
76	375
4	20
0	375
163	0
0	26
0	26
0	23
164	281
0	260
322	0
681	3841
0	3841
219	34
0	34
0	9
0	0
0	0
2144	681
24	681
0	0
0	132
1	379
0	53
0	143
0	379
35	293
470	0
655	326
70	327
7	9392
0	8528
0	5981
2141	6
147	162
0	153
0	55
0	16
12	77
0	9
164	242
0	242
0	801
348	1016
0	907
0	0
261	3948
0	5886
0	2907
16	3965
749	0
12	0
0	0
0	9
0	0
0	364
0	6
397	0
0	505
0	16
0	178
29	1006
0	197
67	868
4	209
0	209
1957	0
1451	18
0	18
0	0
410	2702
3	319
433	2702
0	99
0	13
340	156
0	137
402	3
0	26
0	3
947	5
115	0
3	132
319	224
0	16
11	208
165	0
205	933
0	3
0	933
10846	5114
104	94
0	94
182	0
0	6
14	6
0	316
0	32
0	835
75	1151
0	5
0	3
0	3
0	5
0	3
0	0
14	0
0	0
683	979
0	592
252	220
0	1
0	1
0	78
0	4
24	98
0	0
56	0
80	1377
0	571
0	1373
0	292
643	2144
0	378
10	2007
324	0
3245	1
59	223
0	2700
0	933
0	20
0	2692
17	2503
292	0
12029	3153
0	3151
219	0
0	0
0	0
100	126
0	40
0	110
0	22
0	6
16	6
278	0
1	0
71	2909
11	2909
0	16
264	285
269	0
0	1
37	44
570	871
127	915
78	0
20	0
0	795
150	795
0	23
1361	10714
41	133
3	10699
32	10244
1	10424
45	188
7	188
0	0
347	13
0	13
0	49
0	32
0	63
0	69
4	357
0	367
0	0
0	0
27	27
0	27
12	0
0	20
255	40
0	16
0	16
0	42
113	43
828	0
1	0
0	0
0	0
4	4680
188	4964
0	53
0	66
7	76
33	70
26	468
0	423
6	104
0	368
0	2
33	2
17	380
0	390
191	0
0	0
8	118
32	118
0	0
7	0
143	0
82	3
0	61
0	184
1410	817
0	3
0	0
0	0
89	0
0	0
0	0
18	433
12	452
839	985
15196	989
0	8
0	0
0	25
0	95
0	72
0	2
120	107
232	494
0	494
0	517
10	517
0	3214
51	450
1	373
0	373
0	3282
2301	4800
19	4798
1301	761
520	761
0	0
0	0
0	6
0	6
2	3
0	6
349	0
246	0
0	55
4	55
1872	1
8737	9
8	6
0	6
5044	5
3659	0
0	68
0	101
0	104
16	733
0	389
0	418
0	102
5	276
0	0
0	0
726	0
0	0
0	0
0	69
0	35
96	71
0	0
0	0
96	0
2818	4607
0	773
0	485
1604	0
535	0
0	48
21	16
3	12
11	311
0	63
0	264
91	1409
0	1409
31	3
0	3
0	0
0	0
1	11
0	11
0	11
0	11
89	0
43	55
0	45
11	69
235	0
141	90
167	120
12	120
12	3
0	3
116	828
0	1198
0	1100
9	306
358	1579
62	1328
530	4
202	299
0	189
465	3
0	4
0	0
0	1557
0	1549
5	1541
6	1546
0	1540
0	1549
295	177
0	158
0	163
0	0
0	49
0	8
0	49
12	8
2182	3
1	7
6	7
0	2133
13269	2139
0	0
0	0
0	0
1	27
440	171
1	142
0	4
63	4
5	0
0	30
0	30
0	1
0	0
1	520
0	233
0	234
14	302
0	0
15	1
37	298
0	298
350	1
8	265
85	265
17	47
10667	2271
0	2266
0	18
342	18
0	0
0	8
6	233
0	210
0	235
26	26
0	26
0	0
0	0
0	0
0	0
0	0
0	1
331	1
26	115
0	0
11	359
0	83
0	20
0	81
0	36
0	100
0	4
9	4
129	0
34	12
0	12
576	2914
40	2914
9	0
81	25
949	0
205	835
19	815
22	825
1306	0
9	0
2296	336
0	222
129	1057
0	1061
0	0
105	463
0	283
22	463
119	0
2614	0
2	0
44	11
0	11
0	430
51	3171
130	3171
0	158
9	653
0	653
31	637
0	371
5	169
820	688
167	69
0	69
4	7
0	285
1	223
0	285
0	0
0	0
1591	2140
0	246
156	1610
0	1610
1	1501
3785	896
74	959
2	79
0	79
0	70
0	163
1398	548
0	84
65	384
0	163
7	816
0	25
34	21
0	25
8	0
0	0
46	30
10	30
620	3
0	36
54	79
7	79
4	36
3	5
0	1
0	0
0	0
0	0
0	0
39	0
5	276
0	276
0	260
73	20
1412	1989
0	1981
0	2000
368	0
2050	3
39	0
10	0
0	19
54	19
1002	0
0	0
0	0
0	0
0	0
92	2
189	639
28	639
6	297
0	297
9	43
0	43
0	0
0	2479
11	635
3	498
24	372
189	3546
0	2346
3150	2
451	19
0	19
24	30
2456	1565
147	329
0	1573
0	21
0	55
0	54
469	54
28	0
205	203
146	0
4	3
0	3
5	3
0	0
0	0
0	10
0	10
17	0
0	0
0	29
0	93
452	202
0	53
0	162
6636	7
106	1061
0	787
5	1085
58	0
4	207
0	124
0	0
0	4
0	0
0	0
0	7
13	4
0	7
9	828
1104	798
1194	2047
0	2047
0	822
537	734
0	582
0	0
0	0
32	97
0	360
168	340
0	97
104	700
0	33
0	26
245	460
0	25
0	42
32	914
0	960
1456	0
53	2
0	2
100	421
0	277
0	327
0	379
0	267
384	1130
0	1130
177	201
0	201
357	830
1227	0
312	0
0	0
0	0
0	0
0	612
0	169
6	559
0	54
0	427
90	2685
0	2381
0	2568
0	2551
132	17
0	17
362	847
0	847
1993	0
12	0
24	1524
0	145
0	1395
79	1342
1284	0
1039	0
7	92
0	92
10	89
0	23
5	23
0	7
0	5
0	7
156	229
0	217
0	0
24	98
8876	1
0	0
0	0
0	5
0	5
9	50
0	70
0	70
565	453
8	445
3	0
0	204
5	45
49	81
2	245
3361	317
65	219
0	252
1	0
0	238
63	4370
0	4204
817	1822
23	1822
6	882
0	297
0	882
6	13
0	13
0	0
671	198
0	198
149	0
4750	4
5152	0
12	0
0	0
0	0
0	0
0	0
393	126
98	0
1712	103
0	71
157	71
32	529
456	530
0	0
7	24
0	24
0	0
0	0
181	532
0	532
3	766
5	724
0	243
0	42
5	34
0	0
0	34
0	23
365	8058
0	7355
163	3932
0	3763
0	2645
0	3932
3130	0
194	0
8	0
3	0
23	0
263	0
0	0
0	0
0	35
33	35
8994	1
414	2132
28	2137
0	0
0	0
66	0
8	0
0	0
63	123
0	123
0	0
94	109
652	109
83	0
10	0
0	0
0	0
15	0
0	580
0	464
0	236
325	677
0	664
114	619
21	0
993	0
841	2
0	8
0	8
866	0
0	224
45	2414
109	2414
16	43
2	2
0	41
0	0
0	0
0	0
0	276
41	275
0	0
0	0
0	14
5	14
29	0
0	0
0	0
0	0
0	681
180	773
0	526
1812	0
1742	1621
0	1620
1796	208
44	206
100	0
9	10470
34957	25306
0	17099
0	1
0	1
919	0
0	161
39	146
1871	1206
53	1206
3200	777
0	775
6	0
155	0
550	0
26	9
36	3
32	198
505	816
0	731
0	731
7	870
0	23
3980	2989
6208	2996
258	0
663	1234
3	531
0	1231
0	76
8	508
0	190
73	124
29	482
0	288
3	397
1296	2822
1	2527
4	2699
0	1637
0	2326
24	2706
6740	3
24	42
963	0
0	12
492	0
118	121
0	6
0	115
59	2545
0	331
29	3915
0	3870
821	2
0	2
70	0
1671	463
0	463
215	4925
980	4929
2538	2
206	0
3632	0
0	450
0	441
0	441
3	256
26	295
0	53
6	287
22	302
181	7056
5974	7056
2101	833
0	588
0	183
0	0
43	21
0	21
33	29
0	0
0	0
2	0
4	20
0	20
0	0
2632	2918
1	2448
2	1811
1	1592
3139	645
0	372
0	273
15	35
0	9
0	9
0	35
0	2
9	279
19	72
0	21
36	206
0	157
18	227
15	308
0	308
73	0
23	790
46	790
8575	4
0	3
0	6
0	24
26	29
0	0
1158	1998
0	1997
2	1997
763	0
2546	0
40	0
47	141
0	37
0	139
0	0
1	8
0	245
0	28
104	462
0	392
5636	6
0	105
183	265
6766	1291
0	41
0	426
0	608
0	491
0	121
0	53
685	766
0	613
0	0
567	455
131	447
7	128
0	538
3042	0
0	0
0	0
3355	1318
0	861
0	222
0	100
0	358
129	66
0	0
0	0
0	0
680	0
106	531
0	427
0	279
0	93
0	36
2	28
0	4
0	21
0	28
0	28
0	18
0	6
2175	1498
84	1494
0	2112
0	2112
0	2112
514	2112
0	8
0	0
0	3
0	3
16	8
0	5
0	5
114	41
0	41
70	337
0	337
3	1727
0	928
4	1783
0	15
0	0
0	15
2	25
0	25
0	0
3	113
0	108
0	113
0	113
0	43
6	43
629	419
198	141
0	141
485	2
0	888
0	631
196	888
20	670
0	5
0	5
0	5
47	72
3	258
0	186
0	152
188	447
32	1044
12	58
2221	1044
2071	360
0	342
0	17
194	0
0	353
98	353
0	7
8	7
18	29
1665	0
3	4
89	4
369	0
175	1143
5	381
0	280
40	821
0	831
0	5
0	5
1267	542
0	919
737	1275
259	645
0	645
1421	1
0	0
0	0
0	0
284	0
10	65
6	77
2124	156
0	149
0	36
3	611
0	1
11	640
0	53
0	12
0	12
4	66
0	2
0	64
1444	669
0	663
175	261
17	261
0	0
0	0
0	0
0	0
0	0
0	0
0	0
0	0
39	0
0	0
0	6
0	12
0	0
6	12
981	1957
0	1437
639	8
0	0
0	0
4177	3
0	22
1992	269
12	0
5211	3
0	3
0	49
22	49
2	11
0	16
0	16
71	0
6	57
301	294
0	294
0	0
3060	2388
0	1569
270	2105
0	82
30	82
0	85
0	32
0	128
0	552
8	61
148	552
21	43
0	4
0	39
84	82
0	82
0	574
0	566
8	0
1711	0
133	0
1	566
41	629
1	154
2427	7
0	0
0	5
15	58
0	0
0	2
0	2
0	0
0	966
455	1011
0	984
10	318
0	318
657	1430
81	457
536	1103
4449	3038
0	3033
944	2932
0	2409
627	0
2	143
0	1
0	87
0	71
1	65
0	53
0	10
0	0
0	112
0	2469
194	2469
196	777
24	447
11	35
129	1002
23	429
218	430
0	0
0	0
0	0
110	0
0	1
0	1
354	0
0	393
54	393
0	40
1895	1269
0	129
3	1269
0	0
0	0
455	0
7444	5
0	0
753	0
120	0
729	0
149	145
0	0
0	145
201	14378
0	2206
0	2343
41	13913
727	13942
0	8356
0	8232
0	8941
0	9065
0	49
0	92
0	648
69	574
0	536
0	0
0	0
194	433
113	48
0	408
27	893
3205	899
191	1358
440	1358
982	0
0	5
42	29
0	5
943	30
0	710
0	285
0	710
0	0
0	1211
334	1211
0	3
3	107
0	107
0	0
0	0
0	0
183	645
0	645
340	0
509	76
1192	0
14	208
0	10
0	11
26	204
116	339
14	344
368	499
0	499
0	13
0	63
0	23
0	127
0	47
33	181
5	150
17	302
4	309
0	309
0	0
0	0
0	0
0	0
0	2
1393	2
576	2
0	0
310	80
1374	0
0	0
0	0
0	0
25	1245
0	16
0	1245
194	300
6	216
0	21
0	201
0	46
0	264
3	246
0	216
0	174
0	204
4800	2
731	547
0	547
0	0
0	0
0	5
8	0
0	0
0	5
9	0
0	0
0	0
266	208
0	208
201	0
0	480
0	486
0	508
5	486
170	514
485	1024
0	2
0	2
30	1031
0	20
0	17
7	244
0	15
3	8
0	36
0	227
2	0
2655	1
11	0
1	0
0	158
1	158
0	91
12	151
0	44
0	677
2	554
3688	1
0	591
0	591
0	438
0	591
43	395
0	388
0	306
59	430
0	47
9	2
0	430
1315	0
0	0
14	1794
341	1794
592	21
0	21
3	0
0	0
0	0
53	0
368	1017
0	760
0	941
195	0
39	857
0	729
0	173
0	318
0	288
357	307
0	235
7	235
51	193
0	193
0	0
0	0
12	23
0	852
200	852
4	106
0	678
1258	0
0	43
1	6
5	43
1966	0
4119	1
0	182
0	37
0	26
0	180
22	154
0	176
15	135
0	135
0	14
0	7
74	14
2276	0
0	126
20	126
3	0
792	1096
0	1093
1	0
0	0
106	0
0	0
0	0
35	605
0	88
0	124
0	23
10	605
0	600
82	21
1	25
0	21
6	5
0	5
0	0
2263	0
486	2379
3040	2379
0	2095
188	0
0	0
0	0
0	0
30	0
274	1023
720	1023
0	1
0	1
554	1214
69	1214
15	180
0	95
301	95
745	399
198	2
0	0
0	0
1	20
5	19
246	39
25	354
0	0
449	354
49	48
0	9
0	39
626	174
0	174
478	194
0	159
0	35
302	0
289	60
0	60
3344	2
17	73
0	9
0	19
379	0
9	991
0	831
22	481
0	825
403	772
0	772
108	231
26	231
4	19
0	37
3	302
0	57
0	1722
0	1609
0	0
198	0
0	0
0	0
363	782
2	5
0	782
44	782
193	2
206	161
0	161
2	144
4	846
0	846
0	0
73	0
0	0
0	0
476	0
4	769
0	660
0	474
1	0
0	0
0	12
0	12
40	2
0	2
0	0
390	0
529	842
0	0
0	0
101	0
0	45
251	45
0	24
70	160
1613	1615
0	1230
2	284
11	376
0	1170
74	1409
229	0
7	0
0	0
594	0
96	34
0	34
0	8
15	8
0	8
80	4
22	22
6	302
2017	302
0	6
0	6
462	1
524	3884
0	3884
1	2
126	235
3	235
1055	449
9	449
2169	0
0	18
131	18
347	619
0	178
3	398
0	399
4	26
0	26
1	777
0	777
0	0
6	28
0	28
459	307
0	307
0	307
0	0
648	335
0	335
0	39
1338	376
28	405
0	405
411	303
0	303
0	0
0	316
0	316
0	175
1115	5673
281	1081
61	90
0	0
0	8
0	0
42	1250
8	1250
32	178
69	14
0	51
0	159
0	164
0	28
4	0
0	0
0	658
0	554
5	1918
0	2400
0	2061
31	2348
0	0
0	0
2	18
0	18
13	3
0	3
75	221
2	221
14	10
141	0
0	13
4	37
0	37
1	9
1038	1992
733	1997
0	1990
0	0
0	4
0	4
0	0
0	0
352	5399
0	5511
0	5453
0	5623
463	314
0	314
0	0
0	567
0	545
0	392
0	0
0	0
0	0
8	0
0	50
0	47
0	47
0	34
0	59
16	156
0	73
8	156
1	13193
26442	13207
0	133
38	731
15	731
1051	0
474	0
4032	2
128	13
0	7
49196	8163
499	0
0	0
0	1419
0	1407
0	28
0	0
0	704
0	664
0	674
0	704
0	716
201	392
0	392
1821	0
425	415
375	415
173	0
680	0
413	21
0	21
217	259
0	259
0	53
119	53
173	217
138	115
0	0
0	7614
208	7614
172	7452
2063	1154
0	120
0	1154
249	15
5	0
2807	1592
24303	16
36	2080
351	2080
0	22
0	818
540	1085
12017	3374
0	34
11	3442
22	29
0	29
674	321
4	309
0	211
5	175
0	0
0	0
0	0
60	0
56	0
0	38
1	31
11	401
3	91
8	382
0	72
0	71
0	76
0	368
1	372
0	177
1107	177
8	19
0	19
0	7
1345	2781
13	0
0	0
0	0
0	392
0	63
0	180
0	0
0	0
139	2380
0	1091
237	2657
5	6
0	6
262544	45330
5933	11
0	1
14	1
0	0
644	0
0	0
0	0
2	2920
31009	2932
0	63
98	63
0	0
3	1933
275	1933
0	0
0	0
821	171
0	166
31	0
221	0
17	35
0	40
44	11
0	35
0	35
1718	0
0	0
0	0
2407	635
1698	0
166	63
4412	2
9	1597
1074	1597
0	0
0	443
0	726
109	1133
29	0
0	0
0	0
0	0
0	3
0	3
134	357
0	0
0	0
0	0
4	821
96	1102
87	1102
0	314
0	467
664	741
6	2644
0	63
0	2628
42	352
79	2628
0	0
0	0
0	0
0	0
57	2293
11	2293
376	195
0	191
45	99
0	3
0	3
0	0
0	0
702	1114
0	193
0	48
180	48
38479	15
1166	93
0	33
0	60
0	0
0	0
0	13
0	0
145	13
453	9191
60	9273
0	9273
0	0
0	0
959	0
3	53
179	54
0	2
0	0
0	3678
35	3670
39	3655
0	2458
0	3710
0	3702
9988	5656
0	5655
131	122
0	0
0	0
0	502
3	502
1561	2528
0	2528
0	34
19	93
0	0
0	0
0	0
545	0
2	0
1	0
0	0
0	0
0	0
0	0
0	0
320	161
0	161
0	67
7108	75
17	75
0	0
601	0
0	9
17	14
0	14
0	70
37	70
1070	0
0	0
0	174
6	1589
0	1589
30	87
201	0
12	7
8262	760
0	757
0	759
58	757
0	205
42	419
485	1156
0	712
0	736
197	0
0	0
1367	0
2	7
24	46
3	46
482	0
429	2281
27	2281
0	1005
2715	5
73	164
12	340
516	337
1082	0
1	0
8	0
2	62
8	62
308	1068
600	1068
11	2722
3382	5370
4	2774
0	851
427	0
34	5
0	22
10	41
0	13
0	23
0	23
0	16
0	24
3	0
0	5
2096	269
0	198
0	27
0	39
52	12
0	12
31	0
0	0
13	24
0	24
91	753
0	1139
0	1076
8441	8
835	1
4539	2373
18	0
99	0
2	1
15	259
1119	4
3	410
271	410
2669	1
0	0
0	0
760	0
22524	8
359	1538
0	1538
9	1462
631	696
0	143
3	0
0	2
0	1835
52	1835
0	9
0	9
17540	4
9	906
0	377
0	125
10	849
6	664
0	664
4534	3369
283	3369
460	0
0	11
0	25
7	25
0	791
1131	791
0	0
0	0
904	584
1708	1584
0	1569
87	1544
0	0
0	0
148	612
0	612
0	0
0	11
0	12
0	10
2874	37
0	37
0	9
0	9
226	1597
0	1566
14	1449
0	5
0	0
0	5
0	0
0	0
11	755
0	257
230	0
320	876
89	0
262	310
62	2
0	2
0	0
1243	0
1996	912
0	910
122	155
0	155
9	0
0	0
0	0
479	162
0	162
0	18
35	18
0	0
7	10017
25	11983
25	12063
0	12520
2	3740
3779	17053
6	0
0	0
26	867
22	867
0	0
0	0
12	0
0	0
29	0
51	285
93	285
19	73
84	104
2023	1
13	3473
0	1314
340	3371
16	42
0	4
0	42
2652	648
1077	648
1	0
212	2858
0	785
0	2858
796	316
0	316
864	0
189	0
392	388
164	87
16	416
4	423
0	5
805	1009
1105	1009
524	410
0	410
9	609
1634	612
1833	271
1083	271
1503	0
1284	2
4	117
0	29
0	47
0	39
0	73
109	129
12	15
0	0
0	6
12	9
4598	1
0	3
0	0
0	0
0	0
57	20
0	17
0	9
455	110
744	1
9	28
0	7
30	31
8	0
5	0
0	0
0	11
7	11
0	0
0	0
29	0
2046	0
3	4
0	4
0	4
135	203
0	70
0	0
0	0
10	181
0	183
6	201
0	0
0	0
0	0
0	365
32	385
985	1
585	1177
0	1177
0	0
0	7
0	7
7	141
59	141
17	12
0	12
2065	0
216	0
0	768
0	48
23	777
0	0
16	0
0	0
0	7
34	27
0	21
0	18
278	21
8	808
2051	808
0	0
0	2
0	627
58	587
39	415
0	2
0	96
7	96
279	0
0	4
0	11
5	2
1619	758
13	757
20	12
0	5
145	0
0	45
0	1460
0	179
10	5
6	89
0	1542
1	1419
0	1507
0	1521
0	174
33	430
497	4353
30	4353
0	0
3	4
0	0
11	803
524	803
2396	792
1245	0
7	7
0	0
386	0
36	705
3	46
0	2
0	0
0	0
0	2
72	0
3701	2131
7	2131
27	0
0	0
3	0
50	0
0	445
0	445
781	504
4	441
470	202
423	151
0	150
16	0
25	275
0	618
0	460
472	1199
0	0
41	8
0	8
0	0
0	0
0	0
7706	8
0	667
7	6
195	667
0	52
511	1175
34	113
0	1199
400	24
164	24
57	213
11	55
0	158
0	77
0	158
0	1202
2767	1204
403	0
206	2
5	2
0	2
42	0
2	0
0	0
311	0
32	0
4	22
0	22
1633	0
23	20
1303	1
0	8317
0	13190
7	10659
96	15429
0	8145
0	0
0	0
0	0
269	71
10447	0
0	6
0	6
13619	12
20	47
0	47
12	128
0	86
160	116
978	2758
19	2757
51	0
237	1625
44	379
46	1625
12	20
0	389
0	29
5800	391
2104	4
0	0
121	89
0	89
0	89
4	4219
22	4002
77	4057
0	4200
8	18
73	18
0	16
19	172
0	206
32	0
5	2
722	118
0	5642
1819	5762
0	0
74	422
5	75
40	421
18	9
477	9414
2	5947
81	5892
2	9509
0	549
10	553
0	553
260	491
0	136
450	0
2381	0
18	258
0	4
112	2
966	23
2	23
6	42
7	149
0	154
0	124
316	127
0	7
27	41
0	37
2202	1445
0	905
7	870
4	766
293	0
0	0
0	47
160	47
48	2
0	0
0	2
0	181
1642	0
62	12
211	2644
0	89
0	462
0	2269
14	2645
80	1096
13	711
0	169
0	407
0	2605
0	0
0	13
0	12
0	13
0	12
491	0
57	265
0	92
0	1211
11	1211
4	4553
20	4999
19	150
43	150
5901	1321
0	1316
7	0
40	19
0	1
0	1
0	1
129	460
0	459
1293	4
0	0
0	0
0	0
103	64
0	64
42	31
97	31
39372	24
61	1023
0	1023
464	102
0	102
1	33
228	100
0	86
1425	0
0	0
0	0
187	7
0	7
355	835
66	836
440	0
3	45
0	45
321	117
0	117
41	221
0	0
0	0
0	0
0	0
336	727
0	727
0	28
0	0
92	65
0	65
4	0
26	0
24	24
0	24
0	9
6226	5
5	527
0	40
0	186
119	59
0	220
0	63
54	63
261	0
0	0
0	0
0	0
0	0
0	157
0	125
176	129
0	6029
0	5689
9907	6038
41	1113
207	1113
231	0
55	17
0	9
0	17
0	4
31	1268
0	1268
36	106
0	55
0	63
5	0
0	0
2658	0
3250	819
97	811
0	0
0	20
0	0
79	20
240	341
0	142
0	85
0	398
0	341
0	0
0	0
0	10
467	10
101	74
12	67
0	74
7	84
9	11
18	9744
271	9744
0	0
2152	0
0	4120
0	2012
0	1358
0	2903
0	3723
4	4182
5062	1734
0	1733
919	27
0	27
0	6
68	0
2940	1758
71	1754
0	1210
0	310
15411	2108
281	51
0	51
663	2117
0	230
35	202
0	202
31	2117
0	0
0	0
0	0
0	0
0	0
786	434
0	431
945	0
2977	962
0	350
318	959
19	0
7	1787
0	31
1516	1779
11	0
591	0
24	6
11	18
0	15
1160	310
0	532
0	339
0	81
158	81
0	6
0	6
1034	1
222	0
0	0
0	0
13	0
80	3711
21	3711
30	0
4034	2126
3968	5082
0	5080
0	796
155	5108
0	275
85	5108
168	526
0	526
851	0
136	931
5	931
10	0
0	143
0	101
175	228
244	197
0	197
0	130
0	319
216	319
1228	0
0	0
175	1
101	1966
0	1966
0	552
9	552
80	1
12	146
0	0
0	53
0	134
0	1774
0	796
6	352
0	2131
0	1192
1	2349
9	171
35	171
103	12
0	0
63	29
343	29
244	0
167	143
236	0
0	0
0	0
0	0
3	2
179	2674
42	335
0	2584
1467	1418
96	1417
238	0
297	0
0	37
8	37
0	0
230	1770
17	1770
1172	0
98	3675
3266	3757
116	269
1037	0
1252	436
0	16
21	432
1226	0
487	0
0	0
0	0
0	0
0	0
0	0
0	95
909	4401
1472	4298
5	102
0	0
0	0
5	22
0	22
21	0
455	470
435	239
0	239
7	81
0	40
0	48
0	57
0	17
0	16
0	93
0	40
0	50
40	0
31	62
9	44
136	392
0	187
0	197
0	566
0	450
123	567
0	6
0	0
0	0
439	0
0	0
0	1
4	540
0	65
42	539
21	0
61	0
27	474
5716	245
0	245
0	0
94	8
0	8
913	961
0	381
0	961
0	97
0	97
0	72
70	261
0	97
124	261
519	0
0	0
0	0
0	0
165	0
103	2
0	2
396	0
11316	5030
0	5023
469	0
346	92
0	91
6	0
818	0
41	291
0	274
0	272
0	301
0	114
18	122
1941	1185
0	949
598	0
121	2400
0	1624
2736	3282
12681	11
4	86
0	55
0	79
0	86
655	7435
469	707
0	707
0	0
0	18
77	18
212	0
0	353
366	480
0	93
0	183
0	95
0	0
14	4
7	55
10	26
1404	853
946	1
3008	0
2112	114
0	114
41	285
0	17
44	191
3074	473
0	382
6	490
3	112
7	112
1	0
0	5
0	5
953	2524
0	78
0	2458
10	2499
67	85045
2828	85033
2845	85045
3259	84997
4	0
54	7
333	17
2076	761
0	761
0	35
13	46
578	46
4241	0
0	0
0	0
109	0
252	0
402	0
119	167
612	167
0	2409
0	2415
273	9
36	392
0	2466
0	2472
6401	2
9	0
346	0
0	0
0	16
0	0
0	0
0	0
35	16
1016	0
164	105
0	0
0	0
1767	6
550	505
0	277
0	204
250	0
3056	383
27	378
0	1
10693	5094
0	5091
0	7
80	3910
21	3910
18401	7
255	726
7	2
106	728
0	109
103	114
3	54
185	1865
476	1866
523	39
0	39
44	202
63	819
1	139
0	80
0	14
0	226
50	4
12	10
4	0
0	28
0	83
124	83
5213	7031
0	6203
1	582
0	6641
20	6532
0	7
0	0
0	0
2614	1682
828	4
4	77
0	77
17	666
31	17969
24240	17977
0	1115
1	623
0	542
0	542
0	542
13	0
486	1985
13	1931
0	727
32	2205
0	411
37	31
0	7
0	0
98	681
704	695
0	695
174	668
5	668
9	257
0	257
0	14
10	4
10169	3957
0	45
2	0
1705	0
104	552
0	552
13	349
51	11
2	20
0	0
0	20
0	45
0	98
0	19
4	386
129	470
0	9
20	116
578	116
1180	859
0	47
32	854
0	142
51	46
9	13
0	45
1	17
1088	5
8	84
0	84
494	2879
0	2879
105	88
0	88
0	88
36	833
0	0
1	396
0	396
0	8
0	0
0	1
0	1
12	9
0	9
31	2307
1092	2308
0	2042
236	1547
89	363
1869	1452
68	411
0	1323
181	2884
0	2884
0	0
0	0
672	0
0	0
0	15
0	15
408	1260
0	22
60	1385
0	233
39	249
2	90
0	137
0	18
9731	11
10	105
0	105
0	401
0	441
0	413
0	89
1150	569
0	528
0	87
0	118
0	79
0	118
3	0
0	211
13	211
168	0
2184	0
24	331
87	347
40	347
5933	1
1500	8
0	8
1	0
10	1237
3081	1398
0	0
0	1104
0	157
665	1261
75	0
764	31
273	0
0	2
0	2
88	0
0	523
0	180
426	235
250	448
0	448
0	69
0	2657
1228	2657
86	118
9	118
0	116
0	0
2	0
33	0
2	69
12	73
15	342
1018	342
12	268
9	268
0	0
0	9
0	9
55	0
2116	0
0	355
343	355
1402	406
0	8
0	96
37	96
2	547
0	371
615	963
0	291
0	0
0	0
0	6
17	84
11	1524
5257	10466
0	3748
0	9977
6257	3
152	157
42	0
6840	4
0	0
79	106
0	106
67	0
3246	1
1285	333
0	337
0	290
180	236
1343	236
0	977
0	552
0	959
0	961
6	316
22	116
0	81
0	69
5	178
0	137
16	201
0	0
67	0
7	241
0	1235
431	1233
128	0
0	0
0	17
6	1908
0	0
0	1867
0	348
119	1917
0	1882
1904	3
143	876
3569	1793
0	475
1672	476
21	1701
104	171
2505	1660
10	264
479	540
0	518
4268	6172
0	6171
34	43
0	43
599	138
0	12
0	126
0	324
114	285
821	134
152	0
0	34
0	34
0	0
0	0
53	509
64	509
8	730
4	730
0	0
0	0
0	0
7	7
0	7
32	0
480	0
0	0
0	0
0	0
120	1035
63	303
0	1376
0	71
46	2494
0	2494
0	0
0	0
381	0
3404	10285
0	3778
5	6555
30	196
0	20
853	1
421	371
0	371
12	221
0	0
34	171
0	93
15	304
886	304
0	0
0	0
0	0
0	0
0	8
0	8
0	0
0	0
276	164
0	164
203	143
0	96
0	1088
67	2731
0	2731
330	3501
13	3501
1570	171
0	8
90	162
0	167
3216	167
3122	0
2650	37
0	36
0	6
0	6
0	22
0	22
0	73
17	116
0	132
353	164
1	0
2503	2
0	4
174	222
0	8
0	14
0	214
0	218
6	0
0	0
6	145
0	145
0	1170
139	1170
775	0
0	0
0	0
237	1845
0	7
168	149
0	62
10	1885
0	6
2	0
3619	1867
34	1855
0	1932
30	455
11	67
16	454
0	432
86	0
143	272
44	1121
2304	1753
6	632
2714	2245
3459	0
82	0
623	1
908	0
215	501
17	501
0	248
272	248
0	6
0	6
3268	8
0	0
0	0
72	320
0	606
0	606
1633	977
9	980
0	980
29	1711
0	558
258	2269
565	588
22	0
656	0
0	0
65	7
0	7
0	6
60	6
86	67
77	31
0	10
23	10
505	0
324	0
9	0
9	311
22	311
0	0
45	12
0	0
0	12
0	0
0	132
1355	136
26	2085
122	2370
2	891
4596	2185
4	0
194	0
6003	984
28	703
4202	212
4	212
0	0
0	0
0	0
141	0
88	645
419	645
18	6887
0	83
0	186
0	6915
180	7128
86	7198
0	7311
0	7220
0	0
0	0
0	0
0	0
0	4
41	178
0	84
1270	195
7	70
2514	70
2124	0
8	7
435	0
2	0
0	0
5	3
0	3
34	939
36	939
11	3777
3146	3780
904	0
87	0
6	0
0	0
0	4
0	4
0	27
0	9
0	11
37	27
1617	363
0	363
16	0
0	170
3	170
64	0
7	9583
5	8404
18	5955
28	11278
127	13675
2730	13949
0	758
495	758
0	15
0	74
456	89
411	175
0	175
0	158
496	658
0	51
0	3
0	90
0	658
9	536
0	258
1431	883
0	883
668	0
133	66
0	907
21	1100
29	1173
0	1
1397	419
0	65
0	353
0	4
0	4
0	4
138	4
52	176
0	35
14	0
0	1
0	1
0	1
0	1
49	641
8	641
217	256
6	256
0	0
80	191
0	53
0	169
18634	9
0	31
0	103
0	82
16	84
0	29
2	59
9	364
0	137
0	345
0	1507
252	3674
0	3827
4	859
33	157
718	3223
437	68
0	11
7	57
0	0
328	0
0	19
6	78
0	78
35	409
5	409
0	0
1110	201
36	201
51	0
0	0
0	0
41	2100
0	2100
1209	0
0	0
0	0
0	0
93	0
2822	0
531	223
0	223
341	0
0	8
3907	2166
0	30
0	62
340	36
439	2168
5	0
15	82
0	60
0	47
491	1
4	1072
64	1634
0	1133
0	651
6	129
437	217
0	139
9222	3082
9	3082
0	38
152	38
90	338
0	338
0	670
0	696
0	696
76	168
306	168
440	1131
1493	0
96	284
74	284
0	2
0	0
0	2
0	2
0	143
15	189
0	189
2211	0
43	1518
5	1268
24	15
0	15
0	17
141	260
26	83
0	260
3	0
0	0
0	0
480	108
0	108
1774	0
637	476
19	2
0	2
6	148
30	148
361	222
760	50
0	47
0	40
0	54
0	61
11	5
21	4
0	159
0	199
0	50
0	237
15	836
7	2
0	1097
9	1046
0	190
1352	0
479	356
0	356
0	0
0	0
0	0
0	6
0	6
0	0
0	0
109	0
0	297
119	297
109	4806
0	108
1	258
0	4804
0	3016
0	0
0	0
0	42
0	0
0	0
78	0
458	1408
92	1359
0	50
4468	1486
0	1137
0	1148
0	991
0	1335
691	0
4	597
0	355
0	349
57	669
0	570
1	0
0	1292
0	149
0	16
176	1432
875	576
264	794
0	809
9	0
0	0
246	2921
1034	2842
0	312
0	557
413	243
14	111
0	141
0	158
629	104
0	104
9	0
0	409
270	565
27	562
0	0
0	0
0	0
33	608
0	608
0	2
0	2
0	0
315	2130
2953	2141
64	2054
618	1040
0	792
0	444
8	363
34	363
1490	758
0	332
5407	3
0	0
0	0
12	0
1039	470
0	470
195	1383
836	1357
0	791
148	1383
213	0
251	0
0	0
4542	645
2043	495
4	493
12	0
25	0
3	0
10	4
9	67
1809	67
0	8
0	7
0	0
34	74
0	19
0	74
29	51
223	0
137	0
983	4345
27	4042
0	0
0	0
7	0
108	170
0	46
0	0
0	0
0	0
0	0
0	2
0	2
0	4269
0	1938
14738	4274
521	0
211	341
0	156
0	254
260	0
37	158
260	158
4159	5585
0	0
0	0
407	0
440	1010
0	387
15	839
0	0
0	0
0	0
0	0
0	0
0	0
0	0
0	6
0	3
0	6
0	0
2	13
0	0
415	57
7253	641
0	635
0	1702
0	589
0	371
0	13
543	1398
14	152
22	455
2	0
0	410
246	1849
0	0
4	8
112	8
4	155
0	93
51	167
14	0
7	116
0	488
0	481
0	346
211	0
480	0
142	295
0	295
0	775
32	798
26	778
12731	805
6	31
566	34
11	21
0	21
2376	3067
0	3067
0	2976
102	0
14	0
0	0
8	417
6	417
0	8
0	8
3953	1533
0	1530
6	89
4	89
0	0
0	1
4	0
193	82
56	78
0	78
362	71
0	71
0	1514
0	1544
351	1630
22	61
16	61
0	0
1290	1662
1	39
0	1662
2737	4870
19	2628
0	3881
518	0
0	0
0	98
566	98
291	0
0	13
27	13
0	10
190	424
0	0
1290	460
187	460
0	0
0	0
0	28
99	43
0	14
0	5
0	0
251	489
56	488
0	206
0	568
108	604
0	0
44	798
880	798
499	622
0	622
134	0
1438	0
185	11
0	10
279	2
1476	0
37	382
0	382
0	0
0	0
0	472
2404	472
1091	0
3	0
48	115
41	91
0	91
17	36
0	36
6	293
4	268
1	0
0	268
0	24
0	24
997	1095
156	9849
2699	15096
0	13966
4	580
0	55
0	55
2	70
0	5
34	0
1170	0
111	0
0	1026
20	852
0	1026
8	1467
0	2263
8600	3750
1199	1608
0	263
0	1607
596	0
0	44
602	44
1175	742
68	71
568	72
0	15
0	42
3	0
145	4
307	169
0	169
191	215
0	215
0	0
0	0
498	0
379	1306
1	464
53	464
3	0
521	52
10	33
0	9
0	9
164	251
38	212
291	585
114	1372
11	0
0	0
0	0
0	0
648	0
32	713
42	60
11	713
3	0
241	1051
0	332
392	6
5	574
2	2386
512	450
150	2268
0	1
0	0
0	1
67	333
0	144
0	332
9	5440
0	3481
4662	2286
3	2021
0	1869
0	4101
1598	4101
98	505
174	505
0	469
7	581
0	2642
10	8827
3	8756
286	247
0	49
0	32
13	32
62	0
3859	1394
0	391
0	0
738	4981
8	4981
23	408
0	7180
10	227
0	7803
13	7756
0	74
0	8
13	45
0	102
19	126
0	124
8	158
0	97
0	0
274	180
0	13
0	21
149	32
12	138
59	138
0	220
0	330
0	326
0	328
38	411
0	411
7506	971
10	0
0	59
234	774
116	769
251	516
69	516
21	9
84	0
0	13
0	151
1	1646
0	1691
0	1662
1963	1
2	31
13	52
0	34
0	0
0	0
0	132
0	132
0	798
4	665
11	1887
0	1798
83	7
0	7
34174	19
0	793
36	793
7	4416
160	4842
151	2427
490	2814
0	1955
0	412
22	885
7	930
0	350
79	369
4487	2
0	0
0	10043
2161	10149
19	10087
0	0
1	7532
0	9311
0	5
683	1
0	16
19	16
14	10
0	10
0	99
52	128
9	128
60	136
0	57
55	73
14	20990
0	7734
0	20702
1	10352
0	2320
47	21700
0	292
0	292
0	292
0	292
0	293
7684	2771
0	196
0	2438
0	2285
0	2384
40	2466
0	2321
0	2437
0	2429
0	14
2	14
0	0
0	696
0	914
7	891
15	126
0	1119
0	218
128	1283
294	1536
301	1536
13	17
0	17
565	90
0	0
0	0
0	90
0	245
795	1043
4	1002
0	986
0	978
0	0
428	0
190	0
0	734
84	1817
0	1619
0	214
95	1821
0	0
5	1207
8	1239
0	307
2030	307
32	62
0	62
63	448
68	448
0	46
196	46
0	820
0	233
66	210
0	90
35	844
19	1090
0	1140
3623	0
7	11
0	5
0	13
2	13
0	288
0	1
73	383
0	346
0	383
4255	1
0	0
0	0
234	0
7	32
1	96
0	96
5	506
10	11
0	151
0	515
0	515
61	305
75	305
213	4023
5	4023
142	0
10	992
0	441
0	119
3	789
299	0
0	72
0	1434
0	29
0	771
0	1523
0	1452
315	1
0	0
368	744
13	5
0	743
0	0
0	0
0	50
503	432
0	108
11	132
21	22
0	22
337	2
14	0
0	0
41	6
211	14
0	14
0	4
0	746
0	0
0	1613
0	623
43	1831
0	301
0	25
584	142
44	142
424	1086
17	1086
273	0
333	0
0	42
0	13
0	1
0	134
2	134
2	0
0	0
0	106
7	106
181	1957
0	222
7	1905
4991	5
17	45
0	6
120	0
474	7287
0	3072
68	6900
0	7506
96	6267
0	362
31	8971
0	9044
0	1
41	346
1158	346
1	379
0	272
0	252
4	180
0	77
0	68
8	129
2	128
2	8
812	926
218	579
0	193
0	270
13	218
2	118
0	57
0	22
0	35
0	73
126	883
3292	1199
0	312
0	0
355	0
65	14
0	14
556	26
0	24
0	0
10	0
0	26
0	26
0	74
0	50
15	217
0	192
37	67
0	67
0	27
18	27
79	0
366	1013
0	1013
32	477
136	477
0	31
0	31
1482	212
16	211
0	66
18	1391
21	468
1213	1299
3	0
0	4
0	4
1389	0
0	0
1257	190
8	190
0	0
0	0
745	0
0	0
0	0
21	106
123	106
13	0
0	0
2420	1415
71	2174
0	1683
684	1
67	328
0	739
4	1065
0	434
0	275
0	216
49	508
13	358
26	1828
0	968
0	985
0	0
0	0
0	0
1	1
0	1
2	24
0	0
0	1035
0	312
0	1698
61	4633
0	2371
0	4465
393	4714
0	3955
0	48
576	48
39	10162
0	11836
0	9533
0	9597
0	14572
51	16777
532	0
81	663
1161	665
169	0
9	80
0	80
0	14
0	114
0	162
627	881
11	11
2	11
0	43
0	15
0	43
0	43
0	19
0	48
0	88
0	495
0	907
15	909
0	22
0	0
0	22
76	905
1044	905
677	0
0	98
109	100
0	2
2035	0
2521	467
45	463
0	253
0	15
29	253
0	0
0	200
0	85
1065	200
142	521
5	1202
16	1138
70	0
26	18
0	18
11	0
38	0
58	0
11	0
839	3267
0	3267
99	156
0	106
0	131
1418	0
0	0
0	4
5	16
35	0
0	0
0	0
105	1658
0	787
0	171
0	1445
538	6939
0	11448
3	10561
108	96
841	97
0	6
32	6
0	6
0	6
0	0
0	0
0	0
0	0
18	0
3	0
0	0
814	3
3415	2
154	0
36	194
0	194
0	194
0	188
368	145
12	0
0	0
0	202
218	139
0	24
32	2180
52	542
5	2317
0	18
348	18
22	473
0	455
0	452
0	230
0	361
0	304
6	17
9	306
1606	306
1737	2795
0	156
0	0
3357	166
5	166
0	0
0	0
567	378
0	0
749	151
0	151
196	0
12	615
732	615
210	0
4300	6
0	21
0	21
0	21
279	520
1	311
281	0
10	400
201	841
0	264
0	513
4	14
129	145
0	145
568	0
15	0
0	0
0	0
10	0
954	4566
413	4406
0	4563
249	422
4	263
16	201
247	2057
3	2057
0	0
1867	4
2706	6
5	842
0	404
0	830
0	0
0	0
42	2
1224	1536
26	0
23	0
22235	8
56	0
0	299
0	993
146	981
898	219
547	0
0	766
60	766
0	594
296	0
7	0
0	898
298	1746
0	713
0	699
0	854
0	904
5	948
24	260
42	857
1	910
0	1615
69	2132
0	2132
327	0
192	0
29	34
0	34
0	9
1144	234
0	234
0	41
0	5
4	41
772	289
38	387
0	26
14	1
7	369
0	124
0	372
0	0
0	0
0	0
504	99
30	1677
3	1525
2	1627
0	751
0	1241
15	1241
0	1219
0	361
172	612
33	387
0	6
22	1649
0	1887
0	1889
0	0
0	0
73	0
236	166
0	57
0	18
0	1
0	148
0	3
8	40
0	37
0	33
0	4
0	4
77	0
2280	1335
25	1335
0	0
617	0
0	0
44	540
15	899
0	899
0	22
8	912
141	527
8	0
77	222
301	0
0	106
31	4148
2129	5444
0	14
4	20
0	44
0	5444
7541	2
0	2148
17	1299
0	1479
207	1879
1	0
43	2
46	973
0	367
0	679
50	1008
0	981
61	151
72	153
724	0
409	406
0	110
0	339
854	0
107	218
40	84
1	8
32	213
1127	0
51	0
0	0
0	0
60	87
358	87
288	34
0	89
0	865
149	865
111	152
0	27
0	27
11	165
0	165
11	207
349	473
0	454
0	19
0	19
63	75
76	79
0	5
29	5
534	0
0	5
0	5
33	5
0	0
0	0
0	0
0	0
0	139
27	524
32	441
0	433
8	488
0	46
0	1
5	49
0	16
0	0
0	16
0	1
1869	409
4	96
0	362
0	1188
240	1432
0	180
10	1428
0	339
10	0
689	0
954	565
0	565
0	555
0	555
0	120
153	120
0	2
0	3
0	375
3194	1231
0	2
0	25
858	28
0	7151
29	90
100	35
87	233
109	2215
0	78
1354	2216
1054	0
0	0
4	0
59	0
15	64
0	36
0	64
0	44
773	0
18	1677
0	250
482	2425
904	2247
0	784
14	3219
0	762
2	364
0	389
19	3370
0	2644
0	3350
0	0
1904	397
4312	5223
23	5221
754	780
0	780
18104	5
6	6461
6107	6462
15	0
4	24
578	24
1053	1540
3	1540
214	15
0	15
0	3068
0	3190
18	2877
3	2826
0	7
35	7
0	0
440	0
6	27
0	32
306	145
0	22
0	141
0	0
0	0
0	0
0	0
0	33
0	2815
0	3618
0	3687
0	3687
0	3651
9	3642
0	3659
7	4
0	4
0	0
49	0
32	132
0	132
267	0
0	546
1	50
0	41
3	267
2	546
0	527
0	267
0	546
849	840
173	840
360	1322
46	224
24	224
0	435
1227	522
0	202
3	0
0	0
0	245
824	245
0	53
0	34
0	10
120	153
0	0
0	5
18	6
0	6
2712	0
0	0
10	0
0	6
0	0
62	220
19	77
0	203
9329	714
0	463
4	25
0	25
0	24
0	25
0	0
3	0
0	0
2	681
0	208
57	750
0	739
4114	142
130	141
4689	1414
0	924
359	484
114	1
14	176
1	31
28	39
23	0
797	3429
0	3398
143	446
0	377
11453	800
1628	3178
2	2468
3	1085
0	0
0	0
0	0
0	0
0	0
3	0
137	113
0	113
0	4168
1456	4168
269	0
331	0
2	0
0	0
4357	259
1	250
0	15
41	148
589	1266
0	1266
2891	2590
16	0
712	0
824	0
45	0
0	4
80	181
0	181
15	0
201	0
6	0
0	0
0	0
0	0
1344	258
0	252
2	6
58	0
0	182
60	1
1	1113
0	2025
19	1785
558	0
0	36
0	0
0	22
0	36
124	0
1	0
0	166
106	166
14	1670
0	1657
0	1687
1421	1
0	5
0	0
22	54
0	49
0	0
20	20
0	31
71	31
950	516
0	516
0	872
583	872
0	656
280	0
1118	308
5	890
0	888
0	0
299	0
13	6
0	6
183	0
1	0
0	0
802	3
1482	0
11	256
0	138
6	38
3	15
712	15
77	195
0	209
3617	0
17	463
453	463
0	5052
1269	7806
0	1918
0	818
20	6651
0	5067
0	0
0	0
182	233
0	219
909	1
5136	1161
14688	14462
0	14458
34	5567
4	12
0	5
0	3
35	29
8	38
14	38
171	2
0	2
5	122
3	122
0	482
0	227
0	84
0	0
0	610
0	8
3	8
1176	0
0	44
0	0
0	0
76	44
15	11
0	0
0	0
0	0
432	0
0	74
0	26
3	74
0	72
0	74
0	74
194	138
0	23
0	136
3	0
9	0
35	220
0	176
0	231
0	0
7	0
0	0
0	5
0	5
0	0
27	86
0	118
948	0
582	0
0	367
684	466
3485	257
263	255
0	0
0	0
5839	8852
0	8850
137	679
0	953
0	911
420	443
0	443
0	0
1921	259
0	259
0	0
0	0
2	0
1	0
116	3100
0	3143
0	2
26	2
208	0
0	0
1117	0
0	0
191	306
0	49
0	306
0	270
662	0
0	74
0	83
0	80
0	61
0	58
0	80
4	67
34	1036
0	174
19	1036
0	0
0	0
27	29858
3211	33289
330	0
17	13
4	15
0	0
0	15
0	15
15	120
0	120
1	22
2605	21
0	0
0	12
0	145
20	145
0	0
428	0
2021	1820
0	1515
13	318
5373	6
5	0
5	0
0	0
1557	95
0	94
533	2806
0	2806
0	0
463	35
0	35
326	819
13	819
0	0
0	0
1578	126
0	125
202	1508
28	1508
74	68
0	68
411	0
94	513
31	514
898	1
0	3
16	598
66	1250
4	1360
17	1282
36	610
766	610
28	0
751	1
216	1934
9	210
82	651
60	1953
0	0
418	151
0	151
0	0
454	0
1703	3
1	0
0	0
0	0
0	0
14019	4
0	0
76	302
0	117
0	305
0	9
0	9
7	85
0	85
7	0
724	0
13949	5
0	4
0	0
8	0
0	0
0	0
12	0
0	795
561	795
0	0
0	0
62	135
0	135
138	84
0	31
0	84
0	1380
0	981
1275	0
842	309
70	309
503	193
9	193
0	188
1059	245
0	27
1041	219
0	219
0	13
20	13
0	2301
5826	3048
46	3042
138	342
13	342
256	270
245	270
61	0
42	0
0	1379
0	1653
0	153
7524	9049
15	8609
46	6236
255	0
0	48
10	454
120	454
8276	2194
619	2190
122	2190
0	2
11	0
0	2
0	812
313	812
105	0
97	382
0	382
0	62
89	62
0	69
0	95
2754	1090
0	161
0	906
0	917
0	0
17	0
0	196
0	2
4	38
202	0
60	76
64	76
32	0
0	10
15	37
9	0
54	7
0	7
0	0
17	689
0	814
11	698
2947	1355
179	1321
0	1097
11	1305
0	441
0	1218
0	0
0	0
0	0
0	0
7	0
602	59
5	59
78	2
0	3427
41	843
0	169
8	843
550	444
21	0
82	0
5489	1
427	102
2542	1962
0	123
0	50
0	1909
1753	9
13	8
94	309
29537	17
0	0
0	0
313	47
0	47
0	0
0	1
0	1
36	41
467	190
0	0
111	2094
60	2086
108	2082
0	0
0	0
0	466
0	1455
4597	1566
7	130
0	170
68	830
2	728
120	779
363	499
0	209
0	61
34	356
43	0
1345	2100
0	178
6	0
0	16
0	410
0	406
0	410
9	103
238	493
0	61
0	332
1	588
10	348
43	1327
12	1332
22	68
141	2722
0	992
180	2685
0	1350
634	4056
39	2979
0	4042
0	1519
1447	2529
0	1579
0	950
0	0
10	4
0	0
0	4
305	262
5	0
0	0
0	0
0	0
0	1
796	2030
0	2030
0	2014
32	2000
18	195
304	195
443	0
88	85
0	85
1021	660
13	235
0	633
6	13
0	13
1038	0
397	0
0	158
9	158
0	338
0	421
0	435
0	403
3034	3780
267	3781
0	0
1	842
0	474
0	472
0	14
0	3
0	136
0	283
0	261
0	317
11	481
0	24
23	0
0	0
109	242
188	32
5	1747
9	604
0	1589
7	1747
145	897
0	897
381	111
36	111
11	334
437	334
319	866
106	341
2	247
0	611
0	0
0	0
37	14
0	14
0	0
0	14
0	13
0	36
0	31
0	42
18	42
0	2
0	2
4	0
1853	1544
0	510
0	197
153	0
36	648
242	648
14	29
43	54
0	54
566	1
0	1
0	1
3007	622
0	622
320	121
0	559
0	278
0	222
2012	3190
0	2809
0	211
0	99
8	211
0	56
0	20
14	56
0	329
0	18
0	10
0	18
0	319
0	206
0	33
0	33
0	125
148	35
69	71
9	612
0	70
973	1295
17	915
5	75
0	36
194	604
5	5239
0	5214
0	49
0	21
0	3712
0	3701
5	3737
0	3701
0	3726
0	3701
3	3704
0	3701
820	714
0	68
0	69
0	502
6	239
0	239
899	618
0	88
0	617
35	298
38	298
478	627
1805	627
49	0
6	59
0	20
0	45
0	0
0	0
0	0
0	0
5	24
0	24
2	0
0	81
41	81
11	41
0	0
50	490
0	181
5	575
0	16
0	12
0	16
4	22
0	18
12	12
0	12
0	12
0	12
158	32
0	32
0	27
653	2481
0	612
16	1690
1	360
4	546
9	152
0	167
0	1969
5	2090
17	60
0	36
184	1048
1	1321
0	720
0	0
508	0
0	377
0	379
0	365
276	196
0	159
6	329
56	353
0	35
82	323
1167	323
117	235
0	235
1	13
98	13
0	3118
3058	7205
0	7205
0	0
58	1374
26	1374
48	12
0	12
0	12
6722	3
100	0
2	114
0	17
1	114
0	479
89	4132
0	3948
7	3848
472	148
0	115
0	198
0	242
0	0
0	0
745	55
0	479
8	477
90	767
68	2654
0	2381
1625	2442
138	15719
0	4518
0	2820
0	14476
0	0
2470	8
137	17
975	17
575	2159
439	2159
0	42
313	42
3365	3038
0	5126
113	5432
0	15
3	8
0	15
0	15
1895	0
105	0
63	1841
22	1841
5	0
298	4041
0	3952
0	4057
0	0
2491	4
0	368
0	202
0	368
66	0
0	3
0	0
7	3
0	3
1	0
0	0
211	0
27	49
0	15
1	1
0	49
25	923
20	852
4	9
6	9
0	9
0	0
0	0
0	0
0	0
0	0
0	0
0	0
0	1
7	1
834	264
0	264
294	0
149	0
315	0
0	0
0	4099
6245	4099
0	388
1604	1568
0	661
0	370
0	1402
114	0
0	4
0	2
0	2
0	6
0	6
874	1788
9	0
124	314
1	314
661	27
0	27
80	0
0	0
0	206
34	206
2611	159
0	156
4	64
0	36
0	58
0	10
0	10
480	489
0	488
76	361
1787	363
11	162
0	88
0	162
6	8837
2	11431
7726	11945
0	21
16	21
0	21
12	39
0	39
278	941
0	758
0	9
152	190
447	3436
15	3412
3794	813
189	812
2	689
50	498
0	272
10	1158
0	1227
17	984
0	1311
3597	2
0	10
0	10
11	110
57	165
137	165
85	1
0	0
0	0
0	1015
0	49
3	1073
0	0
3	14
968	177
0	175
595	274
0	140
0	274
341	214
312	282
11	0
4	0
0	0
0	0
0	0
25	1471
112	1475
20	8
1	3
0	5
1466	2
13856	14793
27	11760
0	11746
172	14741
91	0
3	0
26782	175326
16	32882
485	147450
0	10923
2181	3
0	11
139	76
0	58
0	28
0	0
0	0
27	45
2	1084
11	1074
0	23
9	36
6	752
0	764
0	764
0	639
484	0
0	13
0	3
12	16
1933	532
0	532
2859	6441
150	6440
4955	1
35	0
1279	0
0	0
22	0
357	361
0	281
6	80
26	2181
451	1829
95	3439
396	502
13	196
0	104
6	0
0	6
243	1
30	100
0	100
135	0
0	24
0	257
0	265
39	123
166	0
89	15
0	15
3	0
0	326
1620	326
830	0
0	0
0	0
51	1703
22	58
0	1758
0	1760
0	0
75	31
0	31
0	9
21	194
0	67
0	10
0	167
0	0
90	279
7	279
0	15
69	64
0	0
0	0
0	49
67	2131
0	0
1202	228
3	221
0	62
6	818
2	818
4	0
4425	5608
1452	1739
12	235
0	15
138	30
778	0
1	0
161	0
36	1405
15	274
0	223
41	1628
0	999
0	1645
87	865
4	1553
303	0
429	0
610	0
0	34
15	834
9	856
5	935
0	374
0	332
1139	3
0	0
0	0
5	1731
252	1731
1	767
0	7
0	128
1	110
0	156
0	156
322	734
81	0
451	306
0	306
0	0
0	0
0	20
0	20
0	0
0	0
0	0
2226	3371
0	453
16	453
0	878
0	256
0	256
0	256
0	0
682	818
0	156
0	33
0	3
96	185
0	201
70	411
0	269
6390	2
0	0
0	0
260	0
2	1
0	1
5	51
920	0
27	0
445	2274
0	473
2202	0
4	0
0	0
114	188
0	0
0	45
1	0
705	294
2215	0
0	626
0	890
177	890
386	0
0	3073
0	104
0	4671
9	4675
125	4667
0	4635
0	3307
0	3271
12	318
0	265
12	23
0	23
4	780
0	248
19	220
2268	0
105	411
1489	1568
17	1605
309	517
1	945
0	582
0	557
0	347
0	296
0	535
0	942
211	0
51	0
0	0
0	0
1434	0
164	2352
6	208
186	4512
301	86
0	83
0	46
0	669
0	169
711	807
0	357
9	245
20	5
0	5
0	5
82	387
0	0
740	6
0	53
265	53
251	88
238	0
73	5350
271	496
1409	90
340	7233
13	6776
62	145
112	225
16	225
0	0
255	38
0	7
0	31
3353	15081
14	5615
0	8900
0	14925
14813	16
104	1378
73	1395
2339	1
1934	2120
0	116
8	2006
4	767
1503	17
114	0
6	0
2007	0
0	136
308	136
171	522
3	70
51	403
0	876
0	443
38	441
0	842
0	849
345	0
7	111
8	111
1	96
374	55
0	55
0	2
0	2
0	2
0	0
0	0
63	0
16	2
4	3
8	4
1271	309
17	309
0	0
0	0
2	341
114	582
0	572
0	439
0	0
0	0
52	452
0	452
167	0
0	84
0	83
78	153
0	65
2534	65
0	0
0	0
5	0
3	5971
2	3652
0	553
0	9459
414	11360
0	9474
675	0
0	3
2	0
0	0
0	0
0	0
0	147
0	77
0	55
35	46
17	370
0	300
80	824
0	5428
4	4939
356	2648
2083	3
765	1
3	477
0	25
0	1517
164	142
0	616
0	1442
0	1411
0	1520
0	1517
0	34
0	34
0	34
0	7985
0	678
76	5619
9	7584
0	23
0	0
0	0
0	0
164	7
0	7
65	0
0	0
4	22
0	18
0	20
279	31
0	31
13	0
485	649
2	190
0	215
0	312
0	177
0	397
0	549
0	0
695	2
167	209
0	9323
3465	9323
0	9
0	9
0	0
0	0
3	17
5	17
659	1179
0	18
0	726
18	726
0	1179
236	0
1172	1347
0	1346
728	112
2	112
27	135
4	2793
9539	4030
0	1220
871	0
14	16
0	639
29	639
25	23
3	23
0	113
189	223
4	145
7	145
142	0
0	0
17372	11
0	7
0	7
0	60
27	629
576	608
0	0
0	0
5	1330
111	0
0	2
4	2
10	247
2	8
0	43
4	91
0	153
0	239
106	0
0	0
184	321
111	321
505	1400
0	1400
0	0
124	12
0	12
377	0
0	0
97	0
3	6
62	25
0	24
1211	0
19	15
0	15
0	0
1	350
0	125
504	66
0	66
763	252
5	252
0	6
193	0
0	5
20	24
0	24
0	1
0	250
0	79
0	327
0	222
118	390
0	162
337	162
0	0
6	438
1	438
0	714
101	714
1892	267
0	240
0	2
0	2
0	35
0	43
5	71
0	53
0	55
91	632
0	101
65	596
0	220
0	404
7102	522
7	0
17354	5
9971	2886
385	0
12706	4857
289	4842
231	1
805	0
603	185
339	16
1	16
2446	7411
0	3147
0	3189
1	4500
553	232
0	0
46	543
3305	0
3635	0
6	0
0	0
3	1
0	3
0	3
2	0
0	628
7561	1048
0	470
22	35
541	129
0	129
0	1964
166	1964
39	265
0	177
41	274
35	668
36	668
749	0
886	0
0	14
37	14
0	0
0	261
4	71
0	234
0	261
2017	44
0	44
11	77
0	34
166	303
5	258
250	0
0	0
1215	685
0	530
0	685
0	0
0	0
0	0
8	0
0	0
0	0
0	0
9062	6
17	0
156	570
27	543
3748	24
0	24
933	569
0	569
0	210
7	83
0	0
0	0
0	0
0	721
218	721
4	398
105	398
0	7
0	7
14	774
0	774
0	174
3	181
0	181
2	0
69	0
185	444
161	444
0	0
0	532
25	532
0	0
0	0
7	0
8	4
72	4
242	0
0	57
0	383
152	33
9	545
0	497
62	431
0	437
81	0
103	0
117	0
5621	5
0	269
2641	1
1980	1022
0	23
1176	66
199	258
0	258
0	0
34	16
0	16
76	587
0	587
492	494
0	106
0	401
0	2102
0	0
279	2102
0	0
6	14
16	14
0	117
3807	1753
46	220
62	1813
120	746
4	0
13	1101
0	1013
96	1001
211	1334
0	1294
0	1279
0	38
192	620
16	531
21	412
103	313
429	297
0	297
0	2839
0	2893
0	2930
0	2734
0	2877
0	179
243	0
4	0
25	1828
0	1828
349	170
0	170
95	1994
0	2137
0	2125
0	296
7	332
33	100
0	22
4	36
6	17
0	7
0	2
0	0
74	1025
17	1070
0	187
4	29
0	1076
1087	0
0	0
2	0
116	1228
0	434
0	139
488	1227
0	0
0	8
0	8
7	0
13	0
0	0
0	79
3	79
0	0
0	0
7	744
209	841
0	0
0	0
0	0
1132	334
26	334
0	0
0	0
0	0
0	322
0	1524
0	466
55	1471
24	1544
0	2
7	2
0	0
15	0
7	0
0	0
4953	2595
0	2595
10	441
0	51
0	19
3	165
0	331
0	2205
0	634
3	403
0	1784
3	2350
0	2307
0	2283
0	2283
25	2192
0	2206
0	2145
0	0
0	2
0	0
2	2
30	621
0	140
0	119
11	621
62	24
9	24
4	0
1	0
0	67
65	67
2	0
398	40
14	40
0	0
0	12
141	105
0	41
0	69
86	354
0	122
0	239
347	2209
0	1915
1	575
0	0
1	84
0	44
0	0
0	0
608	0
1993	1
0	0
3769	2
204	2
180	558
9	64
9	558
970	0
0	85
51	1910
1695	2580
26	41
0	41
0	36
1	36
0	1186
83	1584
7	410
2	0
0	0
224	355
0	4
12	4
0	0
198	0
0	0
0	0
0	0
0	0
0	0
4757	4
34609	5746
0	5735
0	509
0	13
164	509
0	223
591	223
0	9
22	44
8	13
0	8
0	57
0	13707
117	13741
8639	13667
1230	1667
0	14
0	14
130	0
338	1805
0	1805
13	0
2545	0
0	51
2	26
16	136
24	136
0	456
62	521
29	0
232	64
0	50
30	14
91	216
1860	0
0	70
0	201
1	208
2274	450
4	450
161	35
0	35
0	32
0	32
142	3207
595	3207
30	7
3	80
0	80
0	80
1	305
786	305
623	345
0	244
15	12
34	6
1561	76
0	76
38	64
29	69
29	5
239	141
0	141
135	1296
0	1309
178	125
0	1137
0	716
1814	716
14	170
102	57
5	225
31	0
0	12
4	117
0	87
1425	1
712	0
1834	2423
0	2423
40	112
0	102
0	124
0	112
0	8
0	219
6	454
2	8
89	0
500	0
757	0
0	270
0	89
34	333
0	36
0	50
221	317
0	73
24	137
1	262
0	136
30	0
0	32
0	3
58	560
0	16
0	259
0	552
0	0
500	346
0	345
230	0
0	18
0	18
2720	57
22	57
0	4
0	0
0	54
8	12
11	50
30	0
0	1
1753	1
0	0
558	1
0	39
0	169
416	169
0	6
0	0
0	0
0	0
0	6
0	0
56	84
0	57
0	5
0	5
0	5
0	0
0	0
0	0
0	22
0	22
17	17
0	0
68	1199
189	1199
660	0
159	5168
48	5168
0	2
0	0
0	0
0	0
7	5
100	219
420	219
5344	1169
0	1161
377	0
0	1498
0	1521
0	1564
0	135
128	173
0	154
6	0
252	0
621	203
0	32
278	376
2	0
2449	4762
3	399
20	657
0	4533
366	0
0	0
514	145
52	939
0	465
318	0
14	393
0	146
4	4
39	1776
2	106
2	122
3	1739
664	203
0	203
447	1787
0	1396
7	912
68	126
8	126
59760	7136
0	7107
0	262
52	294
0	294
277	136
0	136
261	0
0	7
452	1
6681	7598
2	7594
67	1529
0	136
0	77
0	1529
0	602
11631	13
420	122
4	44
86	78
550	347
0	158
0	1100
11	197
10	1156
12	0
629	0
0	0
0	0
23	665
157	619
0	52
0	0
0	13
0	465
3	486
0	71
0	425
0	334
0	2569
87	2787
0	3564
0	3564
0	954
0	894
5	829
0	927
110	137
0	137
54	137
0	0
0	0
0	0
0	4
0	4
1792	3362
272	3362
26	228
11	86
59	142
1737	1181
280	312
10	1077
97	438
152	438
0	2
0	0
297	124
0	49
0	122
0	49
0	49
0	0
0	0
0	0
6	66
427	0
5	12
0	0
0	11
5959	752
0	238
0	238
0	511
18	240
0	222
0	250
819	1540
0	138
0	45
149	67
4	21
749	0
250	38
0	38
4689	287
39	285
246	64
0	1
1739	5
0	11
1	11
915	1641
2	1152
0	1630
48	1631
0	14
0	14
0	4
4	0
0	0
0	0
548	0
32	7
0	3262
0	1657
38	2366
0	2281
10	3829
215	3422
0	0
0	94
525	275
0	96
61	371
0	0
0	0
414	370
28	370
5	0
0	0
1581	436
0	395
0	52
2	39
304	267
0	0
117	115
0	115
0	0
0	0
0	2
0	2
0	2
0	614
0	372
1	552
24	7
294	0
0	162
216	162
10	9
127	8
0	8
0	120
2085	1031
0	978
0	0
5336	3092
16	76
0	183
0	7
794	109
737	0
0	2
0	0
28	22
0	22
1048	0
6	13
0	4
1885	0
1390	0
267	1007
0	54
2	24
19	0
0	0
0	0
0	0
0	0
0	0
991	0
0	634
119	1584
2078	1595
471	0
0	21
0	0
6	0
6	30
293	64
0	61
0	43
12	19
0	113
0	626
0	72
0	680
123	735
82	735
1671	0
6	219
0	1162
20	4084
0	3733
19	391
1	376
94	391
1	259
0	52
0	78
9	402
9	854
0	457
0	798
0	763
42	763
308	2
6726	61420
0	16087
5	16925
238	62004
62	48362
0	7
0	7
0	7
1311	2
19	70
28	70
0	0
213	120
189	120
438	2117
128	2117
26	0
567	0
33	87
0	87
0	0
4	0
0	0
1	6
0	6
0	0
0	21
0	53
0	49
1	162
43	179
207	0
618	0
0	109
6	0
237	197
0	197
555	0
13	504
3	473
5306	787
0	514
66	515
0	753
0	753
5	0
6	0
73	521
0	521
96	0
126	54
0	52
0	54
463	0
0	0
2870	1212
359	1203
13	40
14	561
908	601
0	0
45	10
0	1
73	29
11	455
1	455
0	17
167	17
446	0
0	0
0	0
0	0
0	0
20	1159
2	257
5866	4992
0	4419
0	4061
0	1992
391	350
0	373
18	373
0	5
54	4
0	9
0	0
0	0
292	0
0	0
1245	0
0	0
0	4
1	5
3295	1071
0	1229
99	1265
1871	0
29	468
0	5
0	469
44	573
59	573
164	0
0	0
424	0
0	107
310	107
538	0
0	5
0	15
131	804
0	804
545	1118
13	64
0	4
3	64
3870	0
2076	285
0	247
0	39
0	19
0	24
0	93
0	30
0	39
4388	0
0	0
0	459
1051	459
1	7
332	108
0	55
359	0
0	4
0	4
0	4
44	0
0	0
1	0
0	0
747	0
0	7630
554	2121
2	3075
0	20
7663	7983
0	2744
2	1216
0	38
26	1212
0	219
3	251
0	0
0	0
35	417
11558	430
0	0
6	12
23	12
17	0
1	18
36	10
0	0
0	0
6	1
0	24
0	26
54	30
305	363
0	363
52	0
296	0
34	123
232	123
179	6
0	6
0	0
0	362
162	517
56	517
379	0
0	0
77	0
0	0
8185	1
3	513
131	1286
35	1286
346	214
0	214
0	3
0	3
0	52
0	52
19	336
197	441
0	212
201	989
19	9
0	0
0	0
0	9
17	0
0	449
0	559
19	158
0	158
0	160
0	404
0	158
0	0
13	1010
0	665
0	637
0	667
4667	3414
33	3615
1	3783
0	3786
0	3799
14	55
0	54
1859	4
1399	1482
0	1481
0	1026
6	10
126	0
21	59
100	9
0	557
1961	718
0	119
98	944
3	621
19	469
0	23
0	21
23	304
0	304
3831	2
74	1513
0	90
0	34
0	1513
181	131
307	0
35	255
0	224
0	141
0	87
10	0
21	227
0	227
1	106
51	0
1398	2
35	20
3	0
257	701
9	751
0	762
0	0
0	2
11	2
196	2
94	0
44	0
0	3
0	3
1416	1
86	0
211	269
1926	2744
0	2320
0	2693
0	2740
0	2678
0	2096
0	69
300	86
0	86
857	0
0	620
669	622
2449	0
58	12
0	12
121	14301
0	14343
0	14597
0	2623
0	14557
0	0
0	0
0	0
28	7
0	7
1388	1729
494	0
88	459
0	459
0	271
5	5
0	0
29	24
23	19
0	0
0	0
271	622
11	761
192	5283
0	1159
0	1133
0	991
0	5212
0	36
0	14
405	47
11	96
1572	1682
1	688
0	589
18	423
14	483
40	387
9	1634
559	250
8	250
47	17
19	17
26	214
0	214
2	263
0	0
0	0
61	0
0	0
12	0
6	0
66	1839
37	510
0	1815
0	1703
1215	645
93	1498
3282	1499
2488	5
98	129
0	129
0	0
420	847
0	795
0	588
2454	3774
50	514
0	724
29	364
7	364
0	1386
0	798
0	3582
0	4123
0	4091
8	1065
0	3520
0	853
707	0
50	134
0	134
0	108
0	23
98	108
28	0
25	146
381	143
14	0
0	0
5	134
408	134
17	65
47	60
0	60
0	155
0	1551
0	290
0	1564
0	1646
1	403
75	0
598	105
0	105
0	0
0	0
0	0
23	93
5	93
0	147
0	7
0	2
10	73
0	388
0	372
303	106
0	106
7	0
14	472
13	3
93	475
182	148
268	259
0	85
1190	85
382	259
155	1
450	123
0	122
205	39
67	0
116	300
28	43
37	257
0	0
38	0
10	290
4	220
219	445
0	0
0	0
0	0
0	49
0	32
52	468
0	36
42	471
37	75
0	51
0	75
0	61
0	107
0	195
124	439
0	0
0	0
0	0
2	78
69	1020
727	1098
0	427
0	108
397	181
0	181
4	176
4896	0
60	29
0	29
12	1093
29	1108
0	1113
0	4
0	15
0	3
0	3
14	11
0	11
477	0
0	0
510	85
13	85
526	86
12	86
0	0
0	0
0	0
641	463
1	461
10	206
0	186
0	962
39	962
0	22
0	12
8	22
0	269
1	285
71	321
0	293
0	0
0	0
0	0
10	0
266	45
8	50
73	98
158	98
112	22
0	22
0	0
0	137
609	150
0	769
1160	769
33441	19400
0	18525
25	15825
0	18042
0	7745
6	344
182	344
0	8
56	15
2	0
76	0
24	28
0	2130
0	2285
0	2298
0	1031
15	11
10	28
5	0
0	0
0	54
0	21
19	418
1	406
4	895
42	857
0	848
268	1899
0	334
5	107
0	1899
3	187
0	301
17	344
135	376
0	28
0	30
82	30
0	163
26	690
6	4659
0	4582
0	4764
0	347
0	351
0	222
0	351
0	1
8	3
4	3
0	7
0	7
962	1
0	0
2	122
0	139
0	137
2499	1
216	0
28	1732
14	1732
0	177
0	15
0	66
0	65
167	381
72	285
621	408
0	173
0	131
0	168
2456	1681
4	14
0	14
0	419
16	419
317	0
1	309
0	2
0	0
1	0
0	67
5	227
0	7
12	208
12	77
0	43
3570	3
27	751
0	751
0	729
8	0
1063	0
16	254
0	254
0	563
2	4
0	35
392	563
396	1299
300	1299
0	301
90	0
0	3
0	1
0	0
12	4
0	0
188	0
0	20
25	38
0	18
0	19
161	928
0	928
150	101
0	3
0	45
0	56
1	6
96	933
26	933
189	152
169	0
0	140
0	250
0	132
412	250
75	25
0	25
0	25
1505	3
0	0
0	0
468	463
0	984
0	936
0	1042
0	63
2	60
4	148
0	361
0	115
0	85
77	127
0	277
0	730
121	891
0	5
1458	218
137	0
3803	4
29	0
0	0
304	0
0	0
0	0
13	108
2	37
0	0
0	0
0	0
339	487
0	486
13	0
239	0
182	0
65	0
0	0
2	19
5	19
40	109
7	122
0	246
0	191
0	238
0	6
11	6
2114	2
3497	0
11	78
0	54
0	0
6	78
42	365
0	354
0	365
0	18
613	18
52	0
42	0
0	586
127	695
0	64
225	842
0	23
1	0
46	2
179	810
126	10018
0	9931
119	9509
5	8684
0	0
1	76
428	795
0	675
0	373
53	0
4	114
0	101
0	117
0	112
9	18
0	18
883	0
221	102
306	133
122	140
0	22
0	2
0	1
0	140
1766	0
195	199
0	0
0	4
0	4
0	4
19	0
65	356
0	356
11	23
0	261
0	34
0	3
31	284
89	22
0	74
0	74
778	0
0	1
1498	0
0	0
178	295
0	19
0	1
0	0
7	19
153	15
0	15
0	11
4	11
17	11
70	49
68	119
0	119
3	122
0	122
1138	1262
18	1262
1238	1
604	0
0	0
220	0
0	0
0	176
49	176
0	927
397	9165
12	9165
233	241
0	241
130	175
2	11
353	0
177	2165
65	2165
13	9
0	9
44	21
0	27
3	5
0	1
0	12
0	24
0	0
0	0
343	0
4	0
1720	5
0	5
0	0
4	103
63	118
105	221
139	0
0	2326
0	37
85	2451
0	1201
0	1266
1117	369
0	367
1295	584
0	15
0	567
0	0
4	608
5	2903
0	1849
0	848
0	1635
0	1718
26	2410
0	0
82	751
8	751
17	44
0	168
6	748
0	510
932	483
0	483
18	30
53	30
0	306
262	449
0	248
0	38
0	159
6	884
0	224
839	829
74	15
0	15
0	0
5	0
0	69
650	69
4	0
0	0
1126	1716
132	0
0	0
68	59
0	0
2	602
949	1047
3	1047
0	150
58	14
0	14
343	0
0	302
0	2234
0	1853
0	1848
0	2282
0	2108
0	1827
0	2127
0	12
0	203
19	756
3	451
55	961
71	769
171	1675
0	3007
93	180
0	0
6	3007
0	70
0	810
0	97
0	2894
0	2995
20	97
10	0
0	6
162	827
48	496
43	8
1447	4245
0	0
0	8
0	3709
0	3842
0	3727
0	0
0	0
0	0
0	0
0	0
0	37
4	206
475	206
0	86
106	262
244	760
0	313
27	2190
131	2240
0	0
4083	3
44	15
0	215
388	230
159	363
0	0
20	435
3	435
9	0
0	126
8670	133
0	0
0	8
0	8
1	152
0	129
22	179
0	0
0	0
0	0
19	57
0	59
3	92
77	619
0	41
96	647
0	4910
462	4910
0	1699
2076	1699
15	1519
0	1519
0	1496
0	3
463	3
35	104
0	17
0	46
603	1220
2	551
6	195
1	967
0	371
0	111
0	0
5	0
2051	1
0	0
0	0
93	0
7	0
28	0
6	42
0	20
7	20
86	549
0	549
15	0
875	0
0	0
1334	2
9	1369
0	77
0	1401
5	274
0	250
0	319
21	173
62	173
745	1
0	0
55	0
9	337
0	337
25	0
0	35
20	35
127	106
0	106
0	200
0	20
0	1515
245	2345
0	1682
0	1831
0	1630
0	1059
6	1861
1013	0
0	0
0	0
0	219
22	85
0	131
0	132
0	218
0	1
0	2
24	0
200	0
0	3
0	16
0	128
0	128
589	3590
107	3590
18	0
84	1059
4	814
0	124
0	296
0	371
0	0
1592	166
0	130
1	130
0	166
161	47
0	1
0	1
94	0
210	0
395	89
0	89
0	0
0	0
15	63
0	45
0	63
0	462
48	509
123	8
77	8
8	5
146	372
0	215
0	188
641	0
1887	2128
4	1874
1675	2138
0	15
265	149
5	134
111	0
0	103
758	5562
0	4054
0	4138
3	2814
64	5654
1203	0
79	290
0	290
405	128
6	62
6	13
0	4
0	20
0	91
0	14
30	17
0	7
61	0
6	46
0	0
0	0
581	0
0	0
0	0
50	0
7368	5
9	396
6	506
0	185
0	496
1226	157
54	0
0	851
0	854
533	4252
0	0
0	4252
0	0
0	0
665	0
1302	0
0	5
1	607
0	144
0	74
0	0
2	19
355	571
0	186
55	232
0	232
0	0
4	0
95	205
0	156
0	57
361	0
277	48
0	6
10	0
232	773
23	65
0	2
0	737
7	758
54	73
0	36
578	4
61	211
10	6
55	4555
126	4658
59	359
0	359
17	0
0	459
0	471
0	315
737	926
0	1584
0	1577
0	1123
0	4136
3	3997
11	3124
0	4148
11	4015
0	4189
0	1579
0	4210
0	1584
115	2939
23	2939
0	201
4	226
0	284
43	511
4	751
0	235
0	464
0	709
7	62
0	289
95	838
232	82
0	82
0	34
12	184
210	184
0	272
0	304
27	386
0	386
1225	2
1553	2
6	54
0	54
0	41
0	41
9	0
3103	242
27	241
20	838
5	861
0	863
0	646
0	527
0	384
0	838
0	611
29	0
410	0
0	0
0	0
318	0
144	7966
0	7966
0	111
6	111
0	18
0	0
0	0
1490	399
0	399
0	0
76	44
4	24
0	11
0	42
0	0
523	10825
0	7463
103	673
0	73
0	0
0	0
0	296
1437	1042
144	329
0	329
0	793
228	6577
40	6577
117	5984
13	218
68	218
105	397
14	51
0	23
0	396
15	382
0	256
0	31
10	130
4	513
377	513
0	0
491	2
11	210
435	210
79	156
1	1
0	156
12	0
29	309
117	309
139	2545
0	2431
295	2565
980	489
0	0
249	1216
0	1216
9	13
958	0
0	3
0	3
3540	2
0	33
1285	10593
3	436
0	10606
5	9608
198	34
3	23
10	23
2721	612
0	49
1606	0
0	216
184	1434
0	1417
0	1537
797	2
0	0
27	111
0	93
0	31
175	0
530	0
0	857
0	708
292	500
0	179
8	206
8	420
96	1157
2	1157
0	138
0	12
10	138
13	0
1847	519
4	13
0	360
0	317
3535	6
7	193
1	0
91	354
72	354
681	1
1478	0
825	99
0	99
0	0
0	0
0	1315
0	1007
0	2618
18	1426
79	3744
444	6236
337	6190
0	89
386	2050
141	11
2264	2457
0	221
0	767
9	2499
0	2602
0	787
2	0
1455	1
0	0
0	547
1877	558
103	538
0	538
449	0
42	0
0	0
1064	258
0	258
0	6351
0	1424
0	798
0	243
18	260
0	354
0	167
0	5192
5	5106
0	6189
0	0
0	40
45	40
1	20
0	0
0	20
4	355
607	626
0	271
658	0
2462	6
19	257
4	0
33	0
7	0
76	250
47	225
0	133
0	0
0	6
0	6
0	0
406	0
27	1724
33	1724
0	176
592	74
0	74
36	0
0	306
631	306
4089	2596
0	1108
0	2589
0	0
113	0
8176	10300
0	324
3469	324
16	113
36	92
74	0
141	113
14	8
1367	1722
0	8
0	1722
0	1675
7	1675
0	341
818	650
34	527
0	571
61	315
0	315
45	0
114	58
0	8943
4498	8947
2879	206
0	203
0	7949
0	8316
0	3410
2	7921
0	92
772	737
0	735
33	0
0	79
94	585
24	585
0	0
0	0
0	0
0	6
0	0
0	0
390	175
0	31
0	77
0	635
0	64
0	636
0	657
158	541
0	238
0	492
9	150
312	1507
0	1415
0	0
0	261
168	10198
23616	9991
0	0
0	43
0	2
174	43
0	0
0	0
2164	0
28	155
457	354
0	79
0	216
0	0
11	333
0	1810
6	908
223	1954
1	1313
773	2
0	0
3	0
0	12
70	12
36	15
0	106
0	28
23	106
190	42
319	535
0	535
355	1354
0	291
4	211
2	0
0	269
19	4959
94	5040
17	28
0	28
0	28
103	1
679	0
54	0
0	30
0	0
0	7
0	37
0	37
799	0
0	38
239	56
0	39
5	0
12	0
0	0
0	0
118	427
0	427
12	34
100	0
0	411
0	850
116	963
4	776
0	380
22	604
2	16
0	604
8	0
1159	443
0	443
4	3196
0	3198
0	2724
0	0
146	1440
11	153
0	22
0	1433
0	0
440	1065
0	285
0	1050
0	1063
0	0
418	809
0	809
0	56
0	30
0	59
0	175
0	159
17	33
1051	919
10	950
0	0
0	0
0	0
33	31
0	31
0	64
67	164
0	164
0	51
8877	13608
3	32
0	206
0	0
449	40
0	13539
202	175
0	175
295	648
1	332
1	623
6	131
698	650
6089	14
1867	220
0	114
0	172
0	154
0	1518
0	537
7	404
227	1518
0	0
0	40
48	40
13	2534
4489	2541
3	16
18	16
0	0
0	0
0	0
0	1669
0	3157
0	3109
35	0
654	149
0	148
0	20
1785	98
0	98
0	61
0	582
1278	572
39	28
7	0
0	28
233	73
0	0
0	151
0	216
0	31
0	148
7	207
0	0
0	1
64	1
106	0
0	0
46	135
5	69
2	232
0	237
0	67
0	58
15	234
0	0
106	2498
7	2498
56	6
103	1930
54	41645
4	15608
258	5524
1724	45236
562	0
3	2448
8892	6725
192	356
0	356
100	479
7	384
1	8
49	205
40	756
616	708
1506	0
554	46
0	41
2167	1060
5	1058
7	12
0	12
0	5
31	23
974	0
32	0
0	32
0	32
19	0
0	0
1	261
10	313
8	248
99	63
526	66
0	66
311	457
0	93
423	0
108	0
0	0
0	0
15	0
0	3316
22	7122
6463	7624
3	7209
7	61
0	61
1	0
77	59
6	55
0	16
11	0
0	0
35	51
554	102
0	61
11	85
5417	3
1	0
7	304
16	96
32	1732
0	14
144	1732
6	301
427	1
0	303
807	175
0	174
41	0
123	7
0	7
1425	14704
82	14704
4	0
42	100
11	100
0	37
0	0
6	0
292	44
0	23
13	44
12	2
0	0
0	0
0	0
0	0
21	8
0	8
69	1277
0	1277
0	6
0	8
0	8
0	1
8	151
0	150
33	425
94	425
282	710
0	710
59	0
0	445
246	423
0	838
4	934
0	896
0	17
0	68
4	69
2210	0
2793	810
0	227
2	794
0	0
0	0
0	41
0	8
5	46
2846	1
0	7
5548	4926
1876	190
0	190
0	11
39	11
0	11
0	0
404	36
0	36
2	191
627	390
0	294
4	19145
22	27516
212	27970
0	0
0	0
0	146
11	146
0	7
3	14
1524	0
0	5
0	5
0	5
10	21
0	21
613	0
6478	253
22	250
12	64
9	500
0	350
83	1988
0	665
3	1988
0	2
3	2
181	0
0	0
0	2044
5	463
0	10300
5	13129
0	457
413	16399
325	1195
63	1195
0	32
0	31
0	8
0	32
945	0
48	959
0	806
0	199
0	996
0	0
58	59
1	59
986	788
0	788
33	651
0	172
9	651
1325	0
3	0
0	0
356	0
2344	0
0	0
0	0
0	0
0	0
0	0
0	0
551	164
1	163
5569	1
576	1232
0	1085
0	1232
0	1085
13	1
0	1
0	667
0	312
0	83
0	476
0	471
5	273
0	94
0	349
0	336
1437	1
339	0
2781	0
0	0
1004	913
0	572
58	314
0	0
92	0
112	0
0	0
971	4532
0	4646
169	5
4	0
796	0
2	17
0	17
57	400
11	70
15	217
192	586
28	193
10	626
35	373
0	109
0	57
0	95
45	95
0	37
0	0
0	3
0	3
395	0
0	3
2	3
521	540
0	540
7	0
919	0
0	0
398	1826
92	1826
327	0
0	1
0	0
94	0
3472	5
24	0
0	0
0	0
0	0
0	7
0	7
0	0
0	0
1793	0
0	744
2	953
21	2664
1	2532
0	472
0	757
44	757
243	368
0	368
38	910
0	22
174	944
26263	3108
0	2198
0	906
0	104
0	87
0	104
0	104
0	92
0	104
0	0
0	0
0	0
0	466
0	555
0	549
71	68
151	0
667	251
28	0
12	0
27	28
0	28
1728	172
12	1
157	243
0	214
0	47
1692	809
0	7
29	8
0	1
0	0
0	0
0	0
0	38
0	275
0	7
0	7
0	4348
5	12440
4776	4308
18	12396
1	2158
170	0
35	213
0	170
0	0
200	0
0	296
0	181
3241	819
94	585
0	252
3	0
628	1499
0	712
0	579
0	1428
0	0
0	0
0	0
1677	865
13	60
20	4
0	4
6	0
0	0
4	3
0	3
0	0
0	0
0	0
0	0
7147	6
0	17
0	25
0	15
0	14
0	15
35	794
0	405
211	865
1	0
61	149
67	337
0	55
378	301
0	221
16	258
0	7
0	7
6	10
170	1
16	11
325	0
0	0
0	0
340	712
0	0
1066	283
0	266
0	246
0	60
44	1455
0	0
487	1455
0	67
149	270
0	270
0	37
0	0
433	0
268	292
1	292
6	46
2	46
23	1086
0	1020
0	1026
15	138
6	138
0	59
0	23616
13	837
1069	837
0	197
15	67
5	67
151	1206
1042	1207
0	4
1001	0
12134	5671
4613	4
197	1603
0	238
0	280
22	230
45	1615
0	4571
0	5057
0	0
2992	4181
0	578
0	4062
0	3484
0	3694
0	4091
0	3713
0	3241
0	4139
0	3187
0	4085
0	163
13	163
44	194
8	296
0	296
16	43
7	43
96	4905
386	0
129	1062
0	1062
2	610
0	481
315	582
46	0
14	8
0	8
33	199
148	199
0	7294
4	0
918	0
0	100
19	176
0	0
21801	13
4	0
62	12
0	12
924	91
0	91
89	0
701	407
354	478
20	3581
0	2888
2082	981
0	980
77	1659
0	56
0	1659
0	0
11	72
4	75
37	5600
277	1965
0	1364
0	1454
0	1154
28	5366
0	97
0	90
0	16
2368	3
333	0
0	3
0	3
0	0
502	0
5563	1
0	119
0	195
364	287
0	207
113	207
0	88
65	183
14	94
0	94
0	94
4796	1555
334	1225
8	0
0	0
0	0
0	0
42	0
61	0
0	786
3	145
0	20
0	71
0	178
76	0
283	227
1384	476
135	4349
58	4851
77	4817
0	4913
3	4371
0	4917
134	37
0	16
0	0
0	21
0	206
0	61
0	201
0	8
0	51
155	51
143	1172
9	1172
8	0
41	142
0	142
3601	6
4122	0
7	638
0	615
2838	0
1528	0
0	6
11	7
0	12
0	14
0	0
0	0
0	254
1260	255
3302	7
0	85
0	85
0	85
0	0
223	19
211	19
61	0
1086	0
0	16
10	1417
16	1452
0	1352
212	0
92	2103
1	454
0	382
1603	2103
113	698
0	698
0	75
0	7
326	216
0	162
0	0
4310	5
0	0
0	252
1	252
174	2587
246	2545
91	0
0	0
2943	0
0	0
0	0
0	0
0	0
10	0
791	1826
0	837
399	375
6	347
0	111
0	0
15	0
410	1453
0	44
243	576
4	35
0	541
0	0
811	46
0	46
0	4
0	4
0	1
22	1
139	0
411	99
14	99
60	1253
2	1253
37	112
3	112
79	405
0	0
665	430
101	429
13	364
0	2136
0	2218
11	990
1132	2486
109	2143
0	2086
208	2193
533	1651
64	1651
0	2
1425	2
1	0
1197	3
87	49
0	12
0	38
1809	8
1739	192
0	191
2402	67
0	36
6	94
60	3576
0	837
0	3587
0	3438
90	4966
9	22
0	30
0	22
0	18
0	3
0	30
1	0
33	33
13	20
67	20
0	197
199	229
0	229
0	0
1	836
167	836
6	811
141	4947
0	0
1024	0
619	3233
165	126
0	203
17	3249
282	194
0	0
0	302
0	0
6	49
1	45
0	4
436	0
32	91
0	49
0	88
30	227
0	227
0	10
6	10
94	431
0	0
258	4234
0	688
387	4110
27	439
647	0
307	1631
0	1631
0	0
8	0
25	0
0	0
79	4905
24	9
0	0
0	0
475	806
1	806
5115	0
17	52
0	52
0	36
0	36
76	23592
65	23428
154	23907
3	23326
144	25897
118	23221
32	0
0	0
0	0
0	0
0	0
0	0
0	0
245	1009
160	0
0	0
0	0
32	0
20	0
4796	135
17	0
0	135
8	0
563	0
4	57
18	296
15	411
248	411
1968	2
0	521
146	521
0	0
1409	0
0	93
402	192
73	192
40	0
33	0
0	0
331	1533
35	1053
32	435
0	564
36	564
1086	1647
270	1647
0	563
2	3786
16650	3790
16	3789
0	0
5	51
33	2176
7	51
794	0
3	330
790	330
61	0
0	0
71	6
0	6
0	303
0	52
7	615
0	578
0	52
0	78
0	55
0	52
0	3
572	12
0	0
0	0
588	6417
4986	6130
2	0
0	0
0	0
539	0
10	50
2	133
232	259
0	238
4601	0
7116	14
93	0
184	4808
0	0
0	0
0	0
0	0
0	0
0	0
56	117
5	117
0	0
0	0
0	0
20	0
6	5254
0	5100
5181	1279
0	340
0	938
101	0
0	0
4	216
1844	216
0	0
157	10
9	0
191	700
0	286
6	0
0	41
9	609
23	618
6	618
2	32
0	32
59	53
63	53
2965	10
0	452
0	452
0	129
158	129
0	2
0	470
89	1633
1642	1534
26	1469
0	505
0	430
88	0
4979	193
0	192
0	0
690	0
32	1168
308	3109
1	3109
427	135
2	132
0	121
1	121
0	26
44	26
0	86
0	60
0	153
862	276
0	78
21	671
0	682
0	666
0	62
0	165
6	165
685	1
0	2317
0	86
3	1412
7	13210
1	9265
0	13095
0	12918
0	0
28	0
3	0
0	0
14	0
6	0
3	77
0	78
72	19
528	256
0	188
0	256
97	0
73	235
0	235
2500	0
195	370
3	2
371	370
83	0
777	0
0	0
0	0
0	0
0	0
0	0
1916	0
1	0
191	3785
300	3785
765	173
0	148
25	148
0	1055
478	1055
732	135
0	67
0	29
0	32
0	67
7	0
0	16
8	16
0	0
0	0
6303	3294
0	3287
49	2700
0	1108
6	1028
0	1176
0	854
1424	836
17	407
7	815
0	164
29	270
661	3717
0	1237
0	1812
0	0
0	0
0	0
8071	0
110	205
54	0
193	87
0	18
52	259
0	45
1	1
0	20
368	66
2028	410
1	221
0	187
294	474
26	416
2111	0
0	224
0	31
27	683
0	151
0	644
0	370
0	188
0	186
46	542
0	277
0	137
14	71
0	53
0	189
0	2353
2299	9047
1	5440
0	0
939	1155
0	1151
470	0
1543	1087
102	0
46	5
31	3197
131	390
3	60
0	81
1	61
0	3197
95	1430
87	380
0	22
0	22
59	358
1322	731
0	170
9	367
108	367
195	7204
1555	7204
0	0
621	7032
0	3782
1	0
4	25
0	23
218	0
6	222
0	201
0	253
0	241
0	208
0	241
55	203
0	10
0	30
0	30
0	348
0	844
4	819
1	610
0	323
0	132
52	0
0	154
0	154
0	109
917	138
0	138
98	135
0	88
0	24
0	133
0	132
0	534
126	534
2644	3475
24	310
2	143
6	191
0	21
7	191
2682	0
0	1373
0	846
758	1394
47	0
409	0
0	0
0	0
928	1207
0	5
0	5
0	0
107	0
0	1394
2614	3493
0	3492
6	24
0	24
363	475
0	325
0	438
44	68
0	68
5	440
7818	440
1083	52
0	52
111	108
5	87
1631	87
40	7594
2644	4766
0	6563
0	3503
0	429
1	5244
0	5049
7	2515
0	1655
205	2065
0	429
0	14816
65	14816
145	53
0	16
0	53
3	0
35	1
429	1
0	30
255	416
136	15
469	287
8	287
449	2439
0	114
0	91
0	2258
12	2370
0	0
0	5093
3014	5096
865	371
0	371
33	134
10	505
0	505
196	858
6456	863
1	241
8	933
0	823
14	178
0	22
997	202
52	0
0	0
0	0
0	1836
0	69
12	2030
0	1870
0	1976
0	1957
0	0
0	0
0	0
21	57
0	29
0	27
0	3
5	129
0	108
0	63
0	0
0	0
0	0
0	111
0	132
0	0
22	0
0	0
36	0
125	662
28	1417
33	0
305	1490
0	27
0	66
0	1490
4	365
0	362
569	1088
3198	3417
295	1254
0	636
3454	0
96	1412
3	91
0	5
0	13
19	1412
0	0
0	0
133	131
0	32
0	72
0	153
25	169
8	169
0	3
0	3
231	335
1957	0
384	3525
0	3525
0	867
59	867
24	163
28	95
1158	571
0	340
0	513
12	22
0	22
1044	0
0	440
0	695
163	1643
0	592
2	1600
1360	4946
0	4946
3	0
0	0
15410	3500
0	0
0	55
0	19
0	55
197	0
16	104
0	104
4	0
0	479
0	117
14	754
4080	1443
647	0
0	2
0	0
0	0
32	0
12	48
0	2
0	2
4	0
0	292
0	292
0	0
930	0
3925	0
3	18458
75670	18560
4	4375
62	55
0	72
32	66
2375	0
0	420
105	420
70	185
30	263
3	0
0	0
27099	3420
1	3412
84	601
12	134
152	538
3946	2
861	2368
54	2342
0	0
0	137
186	137
2960	194
116	222
48	89
0	270
0	135
0	0
0	5
0	0
0	0
0	0
46	0
43	95
420	96
922	0
0	2
0	123
0	123
609	0
9	20
47	12
0	0
0	20
12	0
0	4
0	4
0	56
67	37
0	0
0	59
0	52
96	172
0	172
26	365
0	254
7928	621
1940	7692
0	7669
0	1403
807	322
934	728
0	728
227	236
0	179
10871	5
20	440
0	199
0	343
0	382
0	0
0	2407
2783	2411
31	734
65	475
1957	1357
137	127
0	9
0	51
0	1356
45	101
482	803
0	803
1566	311
0	54
0	0
0	0
0	8
3	0
54	109
0	109
61	0
11	688
29	688
0	0
73	0
0	2
0	0
0	0
0	2
0	2
0	624
445	624
16	62
0	5
0	4
0	58
53	14
0	14
553	0
2507	1553
0	317
0	0
1	98
1344	6178
0	1113
16	519
0	5510
306	0
512	446
8	20
0	425
45	12
0	28
0	0
0	137
0	21
0	105
0	138
0	138
54	141
304	234
0	23
43	91
0	0
292	75
29	2590
6	1495
1357	2590
37	1381
2840	899
0	819
0	930
0	1091
3	18
0	18
2462	5
92	2
870	3
707	625
0	622
204	429
0	504
129	1255
292	2136
16	10906
126	2566
0	11025
12	10932
81	1
23	0
22	265
1	342
46	353
50	14
0	14
24	36
0	36
0	36
3	363
2529	265
336	267
8516	4572
0	4571
0	473
119	270
144	573
7	250
10	262
0	262
2	0
15	177
0	177
4183	1217
0	207
34	1010
6484	6
197	0
28	240
0	212
23	70
0	70
0	66
3	232
0	20
101	226
0	588
202	588
2391	0
583	164
0	163
0	158
48	221
0	221
150	76
27	677
25	677
570	0
1624	210
69	0
53	81
0	77
0	4
0	70
1156	8355
117	8376
5	0
3	1
7	0
0	4
0	4
0	4
0	0
0	0
1994	226
0	226
97	0
79	31
0	31
3	394
622	900
0	841
34	43
1402	1132
0	60
67	559
227	1139
0	1013
274	1359
4053	35666
462	36690
0	17770
0	0
0	0
439	3531
4	3531
6	5
9	5
0	1830
0	1337
38	2482
4	2082
0	2005
2	0
0	0
0	887
0	29
216	887
0	12
0	12
0	12
1903	214
3	214
620	244
0	8
0	236
109	16
0	16
15	6534
24795	16061
114	1057
7	13865
0	1132
3	194
0	295
13	140
10	86
140	177
0	91
0	487
33	487
298	487
0	0
98	0
0	237
109	931
0	147
0	841
490	1
1165	385
3	384
0	0
1738	0
0	0
10	0
0	7
0	0
0	8
0	8
3	10
0	8
80	0
115	1607
0	308
152	296
0	0
251	0
0	19
215	152
0	159
0	169
73	134
49	1778
142	0
0	0
605	359
0	261
1	92
0	10
0	7
0	41
0	41
0	23
0	41
114	816
0	177
0	167
0	1865
379	1865
0	1270
195	1270
0	0
0	0
0	18
0	123
0	135
545	303
3	130
883	137
0	132
452	56
28	32
0	15
2	0
774	0
13	0
565	0
16	4
0	2
1249	2
61	1120
706	1125
48	389
0	321
0	1121
29	1158
560	137
1	25
0	23
0	27
0	27
2486	747
153	285
55	461
1180	39
6	39
536	352
0	146
181	1442
0	501
0	261
0	1442
22	8
3	0
76	142
150	638
0	0
0	604
0	592
0	660
12	0
25	0
0	0
77	215
0	215
2628	44
0	40
0	83
368	155
0	72
88	698
2	698
16	698
967	0
0	5
2	0
92	9099
1	8619
884	8859
17	37
0	0
0	37
2552	1147
0	0
0	66
0	32
5	88
14	8958
530	8958
74	0
0	959
0	174
0	1063
6	1127
33491	23
116	286
33	286
340	263
39	116
2	263
0	0
0	0
0	0
25	85
11	1
0	85
85	90
1	90
0	0
0	0
0	13
0	13
5705	2
85	0
0	58
0	35
0	182
0	194
0	0
296	1751
6	1751
0	801
1182	1243
0	350
0	254
0	45
9	34
783	45
2524	0
0	0
0	34
0	121
146	2
0	2
0	0
0	3
0	3
0	3
954	84
0	84
411	0
0	0
0	0
0	0
2	892
171	863
0	53
0	1076
11	386
11	386
3360	3111
0	1148
43	1202
1	0
0	0
20	112
16	83
5	112
3	10
18	10
0	13
21	42
0	35
0	0
4	0
1	173
356	173
1331	0
37	1292
9	34
26	1193
0	0
923	3
190	0
112	323
43	323
32	423
0	354
0	423
5	62
0	17
70	11
0	11
5	159
7	320
154	320
29	4
0	4
8	0
22	268
50	268
0	7
42	318
0	23
0	308
6	2866
63	2866
14	0
16	0
0	0
816	2
48	178
0	178
1461	29742
101	29742
35	0
11	216
0	219
36	311
0	311
327	1606
7	161
70	1606
3594	4658
1324	0
104	2273
6	2273
0	4
6	90
11	89
1544	0
44	0
1	2
4	2
0	0
1023	0
821	41085
423	6644
0	6374
29	41355
0	89
0	1148
0	2138
1761	2178
0	70
516	202
4332	0
0	0
152	299
0	299
34	8
0	2
0	136
1074	136
718	0
6308	2
118	22
3	19
63	1401
193	1401
27	8
0	0
0	0
1374	350
12	349
898	578
0	578
0	5
0	5
0	0
195	81
0	80
6	490
0	47
383	47
0	353
79	137
0	117
96	8
1409	3
103	80
0	49
425	129
54	808
0	96
37	808
0	59
0	101
0	86
0	200
0	62
0	555
0	20
0	81
6	2588
0	2614
0	2501
0	0
0	46
0	44
0	2
300	5199
5	5199
0	0
0	42
3	42
0	36
389	292
0	39
0	44
0	296
0	11
0	11
18	1699
85	6
832	99
0	98
0	117
0	178
33	1996
0	1017
0	1017
60	1962
31	65
56	65
181	0
103	29
0	25
0	26
81	88
0	39
0	21
0	21
0	154
0	0
0	0
0	0
0	3079
0	82
19	3132
913	0
0	330
52	578
152	3
3	25
27	25
184	702
0	702
448	0
328	30
18	30
418	0
0	45
86	45
0	0
212	23
1	23
732	137
0	137
0	0
23	0
2105	0
2	12
142	12
1148	980
30	973
0	0
16	0
5	0
0	1
99	154
12	154
3324	793
83	2
3	804
0	791
0	337
323	90
0	14
0	76
148	0
51	375
3193	379
55	173
124	109
93	50
0	50
115	0
12623	3
29	106
4	106
0	3
5	3
189	0
118	3589
0	30
112	2930
19	3399
8	95
4088	2
0	4
0	22
0	8
0	25
0	31
3	39
0	31
0	43
24	33
0	33
0	33
4382	6
43	0
10	4
79	74
40	120
15	120
270	0
2	162
13	162
7304	0
631	73
0	73
20283	6
625	0
28	0
668	2535
0	630
0	545
0	245
0	18
0	230
0	242
0	240
547	2066
287	2064
452	0
1046	0
117	107
0	107
0	103
71	390
0	81
0	7
0	78
4	1281
0	74
1242	408
0	408
1190	0
0	1
18	0
1353	1795
2	229
20	1592
8	586
308	4021
49	3989
3180	13681
16	13676
0	9345
26	0
424	1
203	0
101	41
0	41
1981	918
86	918
0	11
34	108
0	0
5	10
7	4
3548	1
0	0
54	0
1072	95
0	95
111	53
125	53
22	7483
0	3507
0	6299
58	6507
7	6635
20490	10864
0	6447
0	1767
66	1663
0	1046
1081	46
0	46
38	30
352	1175
160	856
0	129
6	1255
1306	328
0	0
0	0
13	15
0	0
0	154
98	154
0	19
500	19
0	54
452	54
6	280
0	210
0	270
3	406
4	258
22	28
0	1460
0	216
7	1445
1482	0
0	0
0	0
9	0
117	0
50	251
3	200
20	313
44	313
103	0
0	4596
0	4704
7	4704
35	32
0	28
0	0
677	0
86	0
11	41
16	72
261	639
0	48
0	639
1187	1291
0	636
0	1263
1632	0
0	2
0	0
0	0
0	2
5	89
0	173
84	1011
84	1011
2129	1895
0	1892
103	0
397	789
0	192
0	258
1238	2
351	558
0	642
2786	2029
0	2025
420	120
0	120
127	625
0	2637
0	321
0	5675
0	55
0	5082
0	5023
1445	5502
246	889
35	33
0	33
856	4
179	0
0	1
1472	0
3277	726
0	723
195	577
5	574
75	304
100	38
0	34
63	4
1	1028
51	1115
0	1088
0	1144
4	1050
0	2
0	2
0	0
0	0
0	0
0	0
0	0
0	0
0	0
0	0
0	0
0	0
0	705
0	523
0	705
0	705
943	663
0	662
54	0
0	0
0	0
0	0
0	3
0	3
942	1
94	567
0	567
47	67
0	63
23049	1893
0	0
3496	13
80	1673
0	1673
25	67
0	67
0	11
0	77
0	18
0	77
0	77
98	80
162	80
2	41
23	41
0	0
30	188
32	188
19	0
81	314
0	314
226	0
5553	6998
0	6994
0	0
311	3159
0	3159
0	6858
0	9698
3269	45714
0	35164
3	45712
53	0
1476	4
18	4
267	1170
0	1209
0	0
0	97
0	35
0	160
348	1841
0	1799
0	139
2	139
28	389
3	295
2	265
0	325
141	0
11	0
0	0
6	0
0	0
6	11
0	11
653	0
930	0
0	220
77	220
24	621
4	621
0	621
808	575
45	13
15	464
3	454
0	3
0	3
0	2
0	2
0	3
0	3
1333	1014
76	1014
1003	1
0	242
37	5355
0	5175
0	0
0	0
41	853
0	452
127	1245
0	1120
0	346
739	552
0	0
1271	23
34	252
0	231
0	182
344	234
0	0
0	0
0	0
2938	2
0	0
0	0
0	0
0	0
0	0
2853	5614
24	684
0	353
0	5411
324	5082
763	0
0	0
3	528
2767	1765
5	1861
18	1730
236	0
0	295
0	285
4	290
0	298
0	416
1177	1145
0	1128
1413	0
174	7999
1933	7999
11	2267
0	423
0	272
24	4113
0	3508
0	3916
155	0
2	91
0	91
361	0
2009	462
0	462
3	15
0	94
0	94
70	162
0	69
0	105
591	14
2	14
0	0
1	0
628	402
27	398
0	1
0	1
0	1
122	2604
7	388
19	2604
0	0
0	0
0	225
0	3137
87	3269
0	25
0	16
0	26
5	31
0	19
89	500
0	756
1	832
3	0
0	3
2	3
0	84
0	29
0	12
2	91
16	211
42	18
0	3260
75	3310
0	66
0	142
0	0
0	0
165	2306
91	2032
0	60
0	125
8	293
153	1296
51	1261
0	192
362	1
239	1315
2268	1316
0	90
0	25
6	90
7	2420
0	28
7	550
0	622
328	554
141	1859
9	1859
0	2041
20	1961
0	383
90	163
24	1734
742	0
1972	2
862	1563
5215	1067
631	8
1812	620
0	619
0	14
42	0
2	175
84	708
0	708
25	3
0	3
0	3
443	0
51	1042
0	1042
9	6
0	5
0	556
0	0
1477	2957
2	2943
0	2923
269	0
357	60
0	60
170	5
0	5
4	263
5	61
0	245
23	8
0	129
276	129
0	0
0	0
0	0
0	35
90	35
277	251
60	251
1845	469
0	469
0	14
64	43
0	43
141	296
22	1548
0	1548
0	1344
326	0
523	0
1390	0
0	0
24	54
47	76
12	127
889	474
97	0
103	261
72	1538
106	1538
153	80
5	27
0	53
0	541
276	678
705	1
13	0
61	252
13	230
0	115
12	173
423	11
28	9
2232	1491
0	1413
0	1399
0	1475
0	14
0	14
0	10
0	14
535	45
5	45
45	0
21	0
3535	14
1932	3
16	25
0	25
845	5536
0	303
0	283
3378	2098
0	0
3	0
0	0
2	8
0	8
0	99
105	99
52	31
21	15
0	23
806	325
144	27
0	0
100	0
9	25
1	2
0	23
0	0
0	91
0	106
0	106
407	750
28	0
0	756
165	2063
0	2159
0	1998
1021	0
626	1
754	0
822	56
0	56
163	0
34	24
0	24
0	0
564	535
28	535
12	113
780	358
0	358
0	10
0	10
2260	1749
61	1745
928	0
0	0
444	85
0	84
4	0
582	0
17	3
0	299
0	163
0	543
0	338
0	101
6	700
0	1100
0	51
338	51
423	0
12331	1727
1	1722
3657	181
8	181
28	0
96	0
1250	0
117623	94199
452	0
9	11
0	11
0	11
0	0
0	0
0	0
52	0
0	115
4015	123
4226	479
7	479
0	1839
0	1719
0	871
951	3824
0	0
0	0
1	0
52	115
14	74
0	22
0	18
0	0
36	272
681	272
782	0
0	0
76	144
0	144
0	143
0	98
77	98
0	0
0	0
4084	3
5	0
411	0
1123	418
0	407
0	297
188	0
170	129
0	97
10	152
59	0
209	66
0	66
0	72
5	4751
0	4752
0	4582
9916	2
0	64
0	3
0	272
0	82
2	242
0	0
0	0
0	0
0	0
268	3
43	707
268	1047
11	816
140	0
0	0
2565	4
141	154
1111	154
295	0
0	19
0	19
13	15
0	19
0	0
0	0
0	0
16	509
12	545
2925	8131
0	5017
400	10760
0	10760
3083	570
0	568
253	3
0	0
788	2
98	0
0	3
17	54
0	54
0	0
0	0
0	0
0	1328
515	4083
0	4101
0	4101
4157	1
1380	3
5	1044
1576	890
2	890
124	1142
8	1143
1687	1
0	23
0	23
336	44
1972	203
0	202
236	97
1	97
1069	2
301	57
0	57
0	167
0	230
2	51
76	811
2	740
3131	0
0	0
0	609
0	606
2	627
0	624
0	592
79	0
0	54
172	358
0	304
6	18
18	18
568	147
0	117
0	754
0	712
0	7
0	712
38	690
390	35
21	35
0	0
0	0
0	0
0	473
7	368
0	713
680	936
2	687
0	120
52	120
1608	2
147	360
150	13
0	670
396	670
3	19
0	19
448	1102
0	0
85	50
0	50
0	50
11	0
194	1113
290	980
304	980
63	374
17	374
108	999
0	999
5	420
308	587
4102	2
1148	987
0	987
0	0
21	0
804	0
0	300
1922	394
0	0
0	0
22	113
152	113
4580	528
0	528
639	383
6	271
0	371
908	0
0	89
55	76
285	370
0	359
47	388
41	106
44	46
0	8
0	1
0	0
7	294
6	302
0	1
0	9
102	0
0	0
0	0
1108	0
73	59
0	59
121	20
3	20
21	1389
0	1389
0	0
0	0
0	18
0	0
3	18
24	28
0	0
0	0
55	172
997	2696
30	1340
0	2690
0	1649
3168	1574
0	622
70	686
55	753
345	540
0	540
65	54
21	54
7394	10402
37	32
0	0
0	0
0	7
0	0
0	0
0	7
0	9
0	9
162	0
109	13832
47	13834
1	825
0	10274
0	0
0	4
0	4
123	36
0	706
0	413
0	0
1186	2396
47	0
13	0
14	0
75	2943
0	2928
0	2262
0	2977
1	0
0	0
0	146
0	178
0	420
0	460
0	0
4	1804
114	1804
39	0
0	0
136	0
0	3
362	2220
0	2136
0	2346
5	0
1162	0
0	0
0	0
0	0
0	5
0	5
698	0
198	411
4	0
792	97
0	97
40	0
10	66
508	920
5	104
32	51
30206	17
0	53
7	53
5170	2
0	19
183	137
4	161
0	48
0	169
0	154
0	0
0	0
0	0
19	126
0	59
0	126
976	5
0	24
0	33
794	57
3780	8922
2	8034
18	27
0	27
4960	3
2116	0
0	0
0	0
0	0
0	51
108	125
0	149
0	138
0	138
0	955
83	919
11	1137
14	2048
16	2003
0	0
272	0
51	32
2	15
0	17
1054	0
618	1564
0	119
88	1563
992	0
0	2024
1	6403
11584	8436
2	0
68	1476
229	2005
0	530
20	81
476	230
0	11
49	50
14	181
3	55
5	57
0	159
0	15
112	79
0	4
0	0
0	4
0	4
0	12
92	12
0	0
7	0
0	0
0	0
0	9
0	9
295	176
0	176
247	1653
950	1654
0	0
13875	11
138	105
0	46
4	78
0	65
0	71
0	43
1602	337
0	191
0	300
16	44
253	43
0	0
0	0
0	0
0	0
143	470
0	413
0	413
837	89
6	89
691	953
2	160
4898	678
0	669
0	47
0	51
0	49
0	65
19	138
3	92
5548	3171
5	0
4	695
15	64
10	644
613	0
9	30
0	70
20	0
0	596
2046	2405
0	2380
4	2189
1275	508
36	40
5	6
0	34
0	0
8011	4598
4	4579
0	4574
42	4318
0	4596
0	555
689	948
3	456
0	401
0	905
0	210
0	408
1	373
507	512
0	89
216	2338
247	2338
0	0
246	158
73	57
30	57
9	1
0	1
2061	984
0	982
14	543
483	543
1	14
1516	301
0	268
476	21
0	282
761	143
54	143
0	0
453	3560
0	3560
0	0
0	0
0	0
10	0
22	128
87	1625
0	1580
11	1525
70	331
0	0
58	0
0	0
0	41
59	41
581	0
480	160
10841	1380
81	0
2243	735
0	139
0	596
2440	246
0	246
0	1800
12	1747
0	123
0	1792
0	1700
407	1973
0	16
145	16
0	1718
257	1451
277	1583
10	271
581	271
0	0
0	0
1840	0
248	28
0	28
4412	166
8	166
0	84
0	69
0	18
232	2452
0	2539
0	6645
0	6688
22	2055
3	0
0	0
755	376
0	133
11	45
0	45
41	66
0	50
0	23
10	90
0	67
0	94
669	1731
24	604
0	1580
2	0
663	0
7	87
667	89
0	128
7	2940
39	3546
31	964
0	2479
0	2742
764	1
7849	1496
0	1485
161	1139
0	1139
593	0
50	32
0	32
587	5265
0	2731
7	3737
0	1285
0	0
58	0
0	0
0	0
13	0
0	0
0	0
0	0
0	0
5	17
41	17
0	0
4	0
9	0
0	1057
22	94
9	164
15	1057
2710	475
0	471
2343	2034
0	532
0	340
0	1173
0	25
0	68
0	96
205	123
0	99
42	3130
25	3127
0	2364
0	627
0	0
0	1689
8	2277
0	1331
16	2244
0	880
980	880
0	2
0	0
0	36
127	36
0	0
29	37
0	37
73	0
88	3
0	3
873	1
488	0
0	985
0	1038
0	952
0	0
2	99
0	99
279	0
4990	329
4	325
31	1199
13591	1209
0	558
0	679
0	1337
588	1
2714	11
0	36
2	926
0	35
0	1198
0	1195
0	529
0	76
0	59
10	158
35	124
0	77
12	152
8	2
0	537
0	474
0	395
0	199
0	27
8	27
3052	1537
21	1377
8	1255
0	0
3	0
0	0
4	0
0	238
37	380
56	425
0	1006
28	165
1	2364
0	62
27	2433
0	1006
0	984
103	403
0	260
0	456
0	0
44	1
27	2163
0	304
7	2262
12	147
0	118
0	66
0	0
0	0
0	0
400	0
66	44
51	44
0	0
29	0
0	1
32	8
0	8
313	0
76	0
0	63
351	63
77	560
0	560
512	446
1888	106
0	104
0	693
0	176
7	269
0	756
106	843
175	230
0	63
3	97
0	6
0	12
0	148
0	143
31	722
32	727
0	726
0	714
0	0
93	0
1	11
0	3
0	11
1064	2168
0	2168
16	44
0	44
6	14
0	14
83	28
0	6
10	6
32	3
2	2
0	4234
0	4646
4	2168
0	0
1208	1443
0	642
141	1206
1320	2
3	3
3020	0
0	329
6	2
25	331
414	48
0	48
0	0
34	0
0	0
0	31
194	35
50	116
0	72
0	116
746	166
0	164
0	0
1105	0
0	1
134	6
0	5
0	0
1	7
121	0
1	9
0	803
0	139
0	412
0	515
0	384
417	1149
54	697
0	305
51	343
0	343
0	0
11	1
356	459
0	357
0	434
0	463
0	4
0	0
0	447
0	874
0	1291
0	1024
0	177
0	128
32	177
5	0
0	4
0	4
0	4
0	4
0	3
0	0
0	0
0	11
51	6
0	6
1	0
0	0
0	183
94	276
0	494
248	770
160	144
0	144
321	1402
0	92
0	1402
0	406
0	231
0	525
216	931
2613	0
409	1079
0	1079
0	0
0	2
66	344
0	258
35	2864
7	4411
0	4187
0	15
0	25
177	0
952	1
0	388
2783	414
0	123
43	2606
17	2606
17	2317
0	0
8	204
14	204
0	204
0	97
36	317
34	329
0	17
0	7
5	55
0	7
0	38
0	28
3870	1
182	603
0	617
264	0
9	3528
101	3058
0	405
821	3339
0	3247
0	632
0	2857
128	0
10879	6219
0	6217
51	53
100	5
0	5
0	2
0	0
5	4
1	3264
0	3850
6540	20217
584	18267
133	193
55	193
2585	981
1	192
0	49
0	99
4	1029
0	0
0	0
0	0
8	2189
0	100
2	352
319	2189
165	0
0	0
1	3
0	135
315	565
0	535
1	0
74	0
6	0
0	683
0	5993
0	6134
9	5952
0	5944
0	5895
18	5311
0	5871
0	6194
392	375
0	135
45	152
711	1892
0	1892
192	13
0	13
0	0
24	987
52	987
233	14
0	14
10	13
124	13
0	0
0	0
0	69
18	748
0	748
70	6
61	444
0	440
0	21
0	1
0	1
26	169
360	1
1145	15
0	15
0	0
0	0
0	0
5	646
510	911
0	381
0	686
58	908
0	0
247	0
472	1053
1931	706
12972	7308
158	7297
893	68
12	65
0	131
1001	359
19	134
0	225
3128	1
2678	0
0	23
36	0
0	173
0	100
0	181
0	96
0	185
5	240
0	132
11	653
0	184
0	760
0	453
248	0
1	0
1772	1
140	569
7	144
0	478
11	610
4	533
1906	3
856	0
8	71
0	0
0	0
0	0
0	0
0	0
0	31
0	26
0	0
1	89
58	89
10	0
0	0
0	699
0	478
0	626
31	816
0	1059
9	889
35	930
16	4760
3	4846
7	870
105	0
36	434
0	113
0	434
230	338
50	338
1422	0
529	0
12	0
689	46
222	0
512	230
0	38
7	260
0	144
578	144
43	631
2	631
2129	0
2	0
31	0
0	374
889	374
578	0
51	0
7	0
0	0
6	0
6454	2
11	396
0	453
23	52
0	520
203	3975
8	45
54	487
167	3999
0	2012
243	2023
123	2005
0	177
0	3
0	180
0	181
0	182
833	98
32	98
601	3535
6346	3537
0	10
0	32
0	32
227	1822
0	89
46	89
0	1311
8	466
2557	1311
5567	3146
22	3145
18	3129
89	59
23	0
0	59
0	0
2150	2
110	452
662	380
0	276
0	586
0	381
56	1804
2192	2569
0	2545
607	1789
1225	2
0	0
527	1788
13	1434
0	78
17	1422
394	1897
0	51
0	80
0	80
17	111
60	1054
0	274
16	972
0	652
0	0
255	1974
7582	15
314	1714
0	0
0	0
93	0
8	0
0	41
0	71
0	1
0	0
63	72
4	57
0	114
1149	929
8	770
2835	0
0	74
1417	2225
244	0
26	965
10	965
4144	0
530	249
0	249
0	26
0	26
60	564
778	564
0	0
0	61
9	87
241	256
0	2
0	246
78	253
837	253
0	0
5148	270
0	1
372	1085
0	1085
0	0
154	306
0	306
0	0
1	50
0	58
0	50
0	58
0	58
258	0
1959	260
1	260
26	1529
1	1529
613	0
0	0
41	0
591	0
2	0
5	0
0	0
0	0
0	0
985	0
2	17
0	0
0	0
254	356
49	99
0	356
15	723
110	723
32	111
518	71
0	71
22	256
321	257
226	384
0	5
0	379
186	0
87	541
0	517
0	515
0	571
0	562
9	452
0	29
12	452
5024	1
271	0
0	21
13	21
25	0
61	0
14	881
296	881
0	5
0	5
0	5
0	47
0	38
0	48
24	37
3	1512
0	1512
3006	0
66	0
872	2829
0	272
0	1814
12	545
0	1890
188	304
0	2714
3	2755
0	2714
0	2635
0	97
25	97
5	0
0	0
0	0
0	0
34	401
5	228
2433	509
0	88
0	72
0	364
60	364
17	0
74	330
87	546
900	2432
0	2463
2507	3
0	98
0	79
12	1044
4	1044
0	0
0	0
0	0
0	0
15957	7742
399	584
0	225
28	293
3	293
3	68
0	68
1221	0
237	0
397	370
0	108
0	138
0	370
4852	0
0	0
0	0
0	0
0	0
0	0
342	0
8	0
34	0
0	182
0	113
0	33
78	66
949	0
0	0
73	0
13812	2816
73	487
517	0
0	0
8	53
0	53
1625	0
667	2
0	10
0	10
23	319
265	315
22	2919
0	2919
28	203
0	202
3	202
0	204
0	202
29	1071
3919	1049
36	222
0	50
8	223
0	238
367	83
0	83
613	0
6	146
37	146
0	0
0	0
37	102
20	867
48	119
2219	3
1	92
776	92
6	169
47	165
0	51
459	0
0	113
0	182
8	190
162	4
10	0
172	3032
0	301
25	2851
258	307
0	307
7092	370
5	370
379	1604
0	105
0	1583
69	307
137	0
29	0
0	1
0	5
753	0
0	723
0	451
0	89
0	36
531	1715
2	1443
1	601
47	601
0	0
0	0
0	179
205	1584
0	1639
0	1580
525	617
243	617
2753	3676
1	160
0	409
0	0
1348	235
0	11
0	234
0	0
0	0
0	1
5	4554
0	4554
6	245
3726	4536
75	0
0	0
0	0
507	3689
9	3688
0	1018
4591	1
135	0
0	0
1	0
50	197
0	157
334	371
0	0
0	2
0	2
2	13
27	354
0	0
5	0
0	0
0	2
0	0
1659	1
0	0
0	0
0	1551
0	1542
17	1528
10	1550
0	1064
1	0
759	191
0	190
12477	6246
9	6241
111	1206
330	1206
67	9
0	9
4	10
1250	10
0	0
0	0
0	0
0	714
0	296
0	714
0	296
211	714
23	170
49	11889
0	227
0	12021
0	379
12	3080
1331	3130
1	336
13	3
10	0
514	3
51	606
0	440
3	465
653	10389
69	4646
61	4130
54	10000
49	18
1	960
16	5358
6	5402
9	5456
6	5436
0	289
0	210
0	231
0	211
82	0
0	0
0	0
3	0
2020	2844
39	926
0	2844
2852	2
0	0
0	0
24	799
56	799
46	0
614	1299
0	1298
311	0
43	464
1980	464
0	0
0	5
0	5
0	5
0	5
0	5
12	656
33	434
11	594
0	283
0	307
3	316
12	290
0	303
42873	19
32	45
85	45
0	15
0	162
14	634
50	634
2	46
0	508
0	0
54	143
8	72
12	0
0	2
0	0
73	105
0	105
3	1334
76	1334
0	1334
29	2622
441	2622
0	0
0	150
808	349
0	169
27	2038
0	71
0	103
150	1955
0	0
0	4
0	4
1	43
0	0
6253	2205
0	2204
0	355
158	528
0	528
57	526
7	526
0	30
0	29
47	59
4	38
0	34
0	38
0	0
77	0
1242	593
0	593
863	2589
159	2589
0	0
0	0
1701	14
0	13
3851	0
0	0
46	5
2	1262
22	1343
0	1216
0	1177
0	821
1	713
0	4
0	0
20	14
0	0
0	0
0	0
0	15
0	9
14	24
54	1374
535	1374
525	1113
0	1113
32	1140
0	1153
0	336
0	50
18	110
10098	2
2282	5981
0	2189
0	3828
2	2192
1369	0
105	5178
22	2871
526	1813
124	4781
0	0
0	13
618	1632
0	317
0	121
2	113
4	43
17	1251
264	0
0	18
425	1
0	3
2	0
0	0
31	3
0	0
0	5
0	0
0	0
0	0
0	5
0	9
0	16
0	16
0	16
0	16
7	60
736	60
95	0
0	0
0	0
34	759
6	759
76	720
0	720
2563	320
8	313
14864	4
7028	2238
0	199
0	836
4	2112
34	335
0	41
0	1160
1	2892
0	2872
43	1028
0	512
593	1
3	1
4446	4296
132	4361
10	3236
0	3550
222	250
0	62
0	244
0	110
0	101
459	163
300	3869
170	3869
0	0
0	0
294	424
307	95
14	28
5	31
0	67
0	31
0	4
0	0
0	4
137	56
0	56
930	1629
0	1629
0	0
0	0
0	0
0	0
160	157
30	0
6	616
0	212
273	173
0	129
791	3595
188	2017
25	1497
4	886
153	1036
0	854
9	2486
9	2759
0	2766
0	0
0	0
397	3
0	0
0	73
537	790
14	0
0	593
0	593
0	593
3	519
187	0
0	37
6145	269
0	231
181	3069
0	683
596	3069
0	0
7	0
12	1118
0	961
4	907
81	76
0	360
0	253
40	346
7	444
1187	1599
27	1371
456	1030
154	1029
220	0
0	623
0	275
957	635
0	281
7	856
0	574
12	59
18	120
16	120
1	41
3	41
165	52
0	38
2	1
2493	893
0	882
6844	8557
1375	0
0	0
0	0
0	21
0	21
793	0
2620	1
57	10
4	0
34	2
0	2
0	0
0	0
0	987
0	1043
0	958
0	1054
0	996
0	674
0	674
49	286
0	426
0	298
0	426
0	0
22	1
2	0
0	0
0	0
0	54
60	618
0	540
0	544
0	626
0	205
27	221
0	196
0	196
0	174
0	1002
0	386
28	918
1	918
165	642
0	642
38	11
0	3083
4	3317
0	711
886	4085
0	15
0	15
16	73
251	73
206	2695
155	3680
45	3479
0	0
0	0
17	1
0	1
45	95
0	28
1341	9593
69	9569
13	592
2	2725
0	9570
0	0
0	45
0	1774
4	9
94	1774
39	0
0	13852
7	9759
0	9897
20	13852
3	77
287	77
45	0
61	284
0	3
8	71
92	7
0	66
0	1595
19	2309
0	2274
0	2347
1677	0
0	0
0	298
118	460
0	132
0	110
0	667
2157	667
457	373
0	373
0	0
0	0
0	0
16	0
275	284
0	284
1588	3278
0	3285
47	635
435	4
1680	3330
8	82
211	118
0	36
9881	5
0	3153
3789	3161
515	0
23	382
0	126
71	382
0	296
268	1323
0	276
0	1045
159	202
1	202
0	27
0	27
583	1800
0	1800
418	1
15	5307
3	5307
0	17
837	20
2106	1254
17	1197
0	908
265	2732
6	193
0	2363
5	2678
0	4852
379	4852
1692	1437
0	704
0	1217
0	0
0	0
34	9
0	0
0	0
0	0
0	4
0	0
0	4
0	8
0	8
63	0
152	0
0	0
0	0
0	0
0	0
4921	0
0	3
0	3
6	821
1999	821
0	0
0	0
2	0
0	34
0	34
0	26
2540	105
0	76
4	27
53	38
0	16
0	38
39	616
51	616
10372	12746
0	5483
0	12741
0	195
0	8
0	195
217	0
427	0
80	1540
0	1540
0	0
0	0
0	0
0	827
2092	868
0	2195
3161	2196
566	383
8	383
69922	27
0	5770
2423	5789
17	196
57	245
0	821
0	524
233	821
622	1284
660	1284
122	52
0	32
0	20
0	1079
9	1079
0	1079
0	0
0	0
0	11
6	11
1133	0
0	0
118	1
0	10
27	31
0	25
0	31
3	0
0	0
0	3
0	1
0	2
2568	2716
0	2716
0	0
0	0
0	65
0	1036
1	1031
109	1130
0	1130
0	324
444	0
0	3
0	3
0	3
0	3
0	8
0	7
0	3
0	3
0	0
428	1914
9	673
717	0
36	0
0	652
15	724
0	0
116	322
0	322
0	29
4	29
0	0
303	0
50	553
10	705
405	65
0	65
2	0
0	0
4501	2
0	0
2	172
125	172
805	0
77	1270
11	1382
0	191
31	77
0	35
670	289
0	18
971	0
0	624
0	360
0	72
38	579
0	473
4	11
0	11
582	0
559	0
186	406
0	328
4	381
0	342
0	319
0	335
0	339
0	366
215	0
0	0
0	0
5957	0
13	0
0	10
0	10
24	10
0	492
0	216
0	229
26	521
0	498
0	0
0	0
0	0
14516	4668
0	381
12	3999
208	1385
169	1657
0	728
92	103
53	728
35464	9041
0	1290
0	6643
0	0
0	2059
1334	2059
7	3785
7259	13952
0	2601
86	13828
2636	0
292	42
312	1199
2065	1
9	10
35	10
22	5
0	5
1474	7131
53	2094
0	6656
0	465
0	2
0	2
206	0
7142	2
3686	0
160	15
0	15
0	584
63	584
60	2313
0	2633
0	2730
1	0
1068	869
2	869
0	0
0	0
0	1486
0	1038
0	1768
0	1627
896	0
1160	640
38	0
0	0
229	0
401	369
12	117
506	4108
0	1099
0	3448
380	197
0	0
0	0
21	482
640	482
395	0
17	1170
0	905
1	82
0	82
0	129
0	83
1	161
7	1607
4192	157
0	157
266	415
6	68
0	380
1478	1320
0	1319
53	1319
0	262
7	262
1189	0
25	1325
0	109
3233	238
4	200
1918	0
135	0
0	1
0	1
235	0
0	34
0	611
0	1496
73	1924
0	1930
0	1930
0	0
238	1421
0	1421
124	89
0	89
91	182
0	27
7	48
0	0
551	208
0	208
0	0
0	0
0	0
3	0
0	0
0	0
0	0
0	782
0	4180
50	4180
6	0
370	0
7897	479
0	479
77	0
11	0
0	0
0	9
0	0
0	9
0	156
0	486
0	506
67	0
1101	0
27	57
0	0
2	80
8	89
306	241
7	0
0	376
129	378
26	345
45	378
21	0
163	0
40	822
0	792
15	865
7174	412
159	411
24	0
0	687
4	687
78	432
0	413
0	432
0	20
736	593
0	549
0	43
0	412
3	400
0	399
2	433
0	525
0	14
3	421
58	515
16	0
0	24
0	0
0	24
1180	717
0	717
0	0
13	8
7	2
16	49
0	49
1	1000
145	24
0	0
0	0
0	0
8	0
160	144
1237	0
82	417
0	54
4	631
0	628
0	659
0	593
3251	7675
1594	690
37	547
0	71
13187	3164
0	1081
539	644
99	1543
28	7
2	0
16	0
880	125
0	118
0	84
66	16
0	9
195	0
1	17
0	17
5881	8
0	2
0	2
4618	0
921	374
0	0
0	374
0	236
0	0
0	0
0	0
28	36
0	36
2	464
3	391
2	345
122	74
0	156
99	401
0	203
11	165
0	58
0	100
0	906
0	282
5	227
0	896
1881	0
4542	4326
2111	4325
116	416
0	145
3	416
16	0
52	6
0	6
1133	4028
128	4028
61	0
6	601
1	601
58	2763
355	2823
38	38
3	38
90	486
0	486
2384	0
803	0
253	9529
156	9529
936	111
0	111
842	188
416	188
304	48
4520	247
0	159
49	97
902	0
44	425
4	3202
1	255
329	3146
2898	1684
30	242
0	54
56	0
0	307
62	289
0	286
0	435
2045	0
1630	163
0	163
25	57
0	0
0	1225
46	1236
25	42
0	42
83	228
12	8
3	134
905	1341
0	1326
0	517
1344	517
0	88
1	72
13	83
8	0
5	0
780	1405
100	1400
632	1290
2997	0
5	114
113	200
0	27
0	93
0	93
1283	341
0	339
0	263
0	5
0	0
0	5
913	0
2919	0
118	587
0	74
521	587
7	152
0	15
43	9
2288	14
0	7
112	7
18	34
5	10
0	0
0	0
0	4
0	4
0	5
63	0
0	8
0	7
18	10
548	7153
253	7153
0	542
119	542
135	3441
61	3817
0	3144
2142	0
23	0
1421	421
8	420
0	0
22	2133
19	2133
0	53
4	13
0	11
0	53
0	0
0	0
365	0
181	0
1508	1924
0	1897
0	1923
0	1897
0	4
0	4
1	20
0	118
515	137
389	194
29	16
5	0
0	16
2	14
0	14
38	0
74	229
1	288
0	288
0	0
62	0
0	52
808	52
105	7
0	6
0	6
8	7
0	9
10	9
0	0
0	0
0	0
0	0
0	53
0	357
0	718
0	756
0	728
0	708
156	440
46	2217
1	2207
0	973
0	2
0	0
0	0
0	2364
3	3
815	2882
0	2222
0	22
24	132
252	270
28	344
0	344
45	9948
2783	9950
0	6447
0	7001
0	4500
774	0
737	0
52	421
0	396
3	174
123	0
4	0
0	1048
17	2567
406	2411
1	2296
0	2014
0	2296
55	32
0	1232
0	225
888	1235
295	0
659	5
0	5
26	714
0	7
1	53
0	4
0	708
0	721
5	21
231	197
4	141
3	216
0	154
205	0
2	0
0	77
31	77
4	0
244	53
4	34
0	3
0	3
4	16
111	0
1139	1640
0	3224
6	128
175	3224
0	15
674	0
0	44
60	44
2597	0
104	12
323	2956
0	26
0	0
0	0
0	0
31	0
0	1
0	1
0	38
0	25
0	19
0	38
0	0
118	1
58	140
0	50
648	0
0	0
0	0
0	0
0	0
2244	0
2341	617
0	617
119	176
0	0
0	176
82	2
0	2
5	453
2489	442
21	76
859	0
70	1
0	1
2	72
0	0
107	308
0	43
0	18
0	303
2	7
0	0
0	7
5706	652
0	154
1	497
0	0
1927	112
0	111
0	2935
0	4665
0	2031
328	12135
0	11954
127	0
2999	710
0	710
2	761
22	730
0	635
0	0
382	55
0	0
123	49
0	49
0	0
0	0
221	752
0	50
0	752
0	715
0	21
8	21
9	0
415	0
365	607
0	0
0	0
87	181
36	181
2	0
0	0
0	0
0	0
0	0
0	6
0	0
0	0
0	0
0	6
83	1372
15	1372
0	0
0	0
0	0
0	0
13	113
0	281
0	143
0	269
0	0
0	0
127	0
3	10
0	0
0	10
79	23360
18	5895
189	10393
4	21047
0	20094
107	0
0	2
0	163
392	163
3846	0
2753	0
785	2950
281	287
156	344
0	343
0	0
0	2
40	59
3	59
170	52
0	52
0	0
0	0
0	0
0	833
2	156
567	829
46	714
0	0
65	47
0	47
0	4
130	0
6	0
4868	0
0	0
0	0
0	0
10916	1934
0	1931
69	56
3881	1
0	147
0	42
4	5
0	10
0	142
3	140
77	168
81	168
1150	0
20	0
0	37
7	280
0	280
8	280
3	4
0	4
0	0
0	0
0	0
0	0
0	0
0	0
0	0
594	0
0	189
2177	189
0	40
12	40
48	0
0	1358
1	151
0	1294
0	1589
0	1402
0	101
23	1574
0	1867
343	3130
0	2906
51	2283
0	1742
0	2781
0	1565
121	0
19	30
5315	3049
0	69
0	624
0	1466
0	1796
0	0
6	114
651	1854
162	1854
0	17
5	233
869	606
5	601
0	204
61	3
0	3
215	228
26	207
0	141
0	50
45	50
2	344
173	344
0	2
0	2
6	4
0	4
16	0
0	0
0	0
0	28
2	738
23	757
10	10
0	7
0	7
0	10
0	7
0	0
0	0
2999	797
8	796
0	5
0	5
0	1539
0	326
0	1531
4851	723
9	3
0	4
0	0
0	4
7	79
0	2
4	81
641	0
18	0
437	912
0	911
43	912
78	912
749	0
231	219
24	222
0	0
3462	1452
9	947
7	36
0	143
100	449
1857	595
6	595
0	851
421	3890
88	3916
21	0
258	13
12	31
0	6
0	25
0	0
0	0
1388	1
143	66
0	20
0	9
0	0
0	0
0	778
1170	778
0	12
2	45
6	41
0	0
0	0
47	241
67	241
0	96
0	28
5	96
0	4101
16825	10460
0	1059
1243	10861
0	305
3458	1020
0	317
1	614
0	0
2	0
162	3320
0	55
0	0
0	3320
0	0
0	1184
7	16
72	21
0	110
10	87
167	91
0	361
1743	361
564	3612
156	3611
14	115
18	184
50	190
28	7
0	7
5	0
0	0
5	43
3	65
0	65
29	0
0	3
42	115
0	112
0	0
0	0
389	0
190	0
44	74
1705	74
0	0
587	1319
47	1319
10	561
0	574
0	574
0	0
0	253
0	40
0	347
0	0
133	34
2	34
16	195
1	195
2564	0
1075	48
1452	5
1197	1
0	1
0	1
45	539
20	539
0	0
0	0
0	0
0	0
0	10
0	10
499	1000
0	494
460	0
0	0
1187	0
456	0
9	687
0	20
0	1338
7	1302
0	1301
0	4
0	4
0	0
0	4
0	4
8	108
270	314
394	304
1	0
568	1
62	680
0	38
0	674
2751	2
15	0
0	0
1	4
0	4
0	0
0	61
563	130
0	69
15	1158
750	1159
85	56
0	56
0	0
0	0
0	0
0	0
88	1328
0	93
0	90
0	214
0	40
7	289
0	202
0	1326
0	788
15	641
47	578
0	174
12	1637
12894	2474
8	1612
0	1147
1	1154
7	1484
12	127
0	71
96	127
0	384
90	384
0	0
0	0
0	0
0	0
5	22
1566	0
445	3988
209	1656
0	3988
0	0
0	12
0	20
0	24
0	23
0	0
0	0
0	0
0	0
436	44
0	44
16	11
0	11
557	0
3131	0
167	358
0	340
0	346
0	29
0	402
42	402
0	365
32	36
0	0
0	0
0	0
0	0
0	0
0	0
1807	7
0	268
0	347
14	403
3	274
617	0
4	243
17	97
0	99
201	229
540	0
6	3
0	3
0	3
1175	371
0	0
0	0
19	63
0	11
0	16
0	0
0	0
0	0
9	37
2	87
122	124
0	42
0	2
0	19
0	2
0	19
0	19
0	0
457	1029
0	1029
2	0
1201	0
433	0
0	54
251	0
23	0
534	365
0	10
0	39
5	274
6	359
0	33
0	179
23	179
7	160
0	4978
0	639
77	4978
190	0
194	0
0	0
0	44
0	122
14	261
9	254
0	247
0	239
0	49
3	0
30	810
28	2356
0	487
38	513
0	334
44	2047
0	155
6	132
0	158
74	281
7	85
2	250
0	244
5019	17
37	168
3	135
0	230
2	494
0	672
4	511
21	1070
0	0
0	0
0	0
0	170
767	170
0	0
487	0
0	0
0	0
0	0
0	0
0	0
0	0
100	0
33	0
0	0
110	2100
77	2100
0	0
123	871
0	567
144	352
0	454
1175	86
0	79
7	28
1308	7193
2699	7195
0	0
0	138
1317	138
428	0
48	0
0	168
5	35
0	420
0	93
0	536
0	594
129	685
33	676
0	572
0	572
6723	2237
0	2236
0	0
353	109
2	109
24	11
0	11
0	14
0	10
18	14
0	0
15	44
0	45
0	22
0	8
0	266
165	556
0	515
0	3565
0	150
0	443
2	3414
1	0
19	48
3	44
0	24
28	49
12	2
0	2
709	3100
22	2225
6	2315
6	285
0	0
354	605
37	605
116	1
698	1
0	1620
0	118
0	206
1131	1618
24	1426
0	920
0	1121
8	1139
0	927
0	4
0	0
0	4
0	0
0	0
254	0
821	0
0	0
0	0
530	0
45	1
0	1
66	54
7	0
70	0
16	393
0	393
0	393
59	0
0	15
0	0
0	15
0	478
13	461
0	452
55	2262
134	6282
0	6282
0	0
855	0
6331	17230
0	1925
0	962
837	0
24	40
0	28
623	50
0	36
0	50
64	4526
11173	4536
4	141
0	1
0	1
7	0
0	0
0	0
0	225
10	130
0	276
12	783
2153	729
0	630
138	0
2395	0
0	1414
177	1414
800	1
572	8287
57	3856
185	8216
6	429
24	15
0	419
198	1206
10	1206
1225	0
138	49
4	49
2168	1475
0	1475
35	0
5	0
0	463
9	444
60	341
0	44
43	44
75	59
0	0
0	64
1070	67
225	0
818	1266
0	478
270	773
0	773
4276	815
0	815
0	314
0	280
0	20
0	316
0	984
0	292
0	2410
3	2445
21	2378
0	2300
0	2564
0	2368
0	2454
0	722
0	240
0	229
8	226
5	0
0	0
0	0
0	121
0	59
1743	180
5	532
7	532
395	41
0	41
24	15
0	0
0	15
0	102
0	85
63	413
0	67
0	85
11	144
0	1116
0	1116
9	0
56	428
85	428
484	0
0	0
6402	4
60	128
223	128
9	45
0	38
63	0
57	2313
3090	2313
0	0
0	0
0	0
197	851
9	858
41	858
0	460
0	0
75	0
0	53
30	53
96	56
0	56
3	21
0	0
1	1
6	0
5	27
0	0
0	27
0	27
0	222
8	360
818	222
273	0
46	0
0	103
21	103
2	0
0	45
14	45
0	232
0	226
0	232
115	0
2	50
1162	44
35	44
314	0
45	0
3207	4066
6	4066
0	267
0	257
5	269
0	267
11688	2582
0	2579
1484	203
34	78
5	125
27	5
0	0
42	18
0	18
190	0
0	0
2625	0
124	1577
17	530
0	175
52	1704
8169	4606
4	4606
0	2370
524	2370
0	0
0	0
455	39
2	39
2085	13
0	13
0	533
1	42
9	2
0	423
40	469
1	1
18	664
0	36
1542	301
0	166
0	267
1	199
0	132
0	5
0	25
8	25
0	9
0	9
0	9
251	185
0	173
0	185
6	580
453	915
384	906
7	1008
1378	1097
103	19
0	19
441	0
0	128
0	119
9	324
6	64
0	0
190	0
43	36
0	36
13	1665
62	1673
210	0
0	0
216	213
17	0
1034	2427
4	1863
778	258
19	1211
55	156
0	153
0	2238
0	1213
0	403
0	8765
5	2481
0	5974
2	8946
83	8933
0	0
0	0
29	1032
0	1037
0	1027
1484	693
276	282
0	662
0	656
1	612
18076	15
2159	62
34	59
0	70
20	0
50	70
0	11
283	8
23	4
5	4
6	0
33	67
144	67
0	360
2	705
0	691
5	705
5	0
0	0
0	0
0	0
0	0
0	95
148	95
1015	1
0	723
0	681
61	724
362	0
1952	673
42	302
0	596
0	319
1285	273
0	273
1240	83
0	81
20	227
0	227
26	0
1	32
2081	1924
0	101
122	1942
0	0
0	7
0	7
0	6
0	0
7	6
0	0
176	1822
1283	1821
0	60
0	186
35	889
258	889
0	474
1166	140
58	1349
666	1963
0	0
561	984
0	40
0	104
0	0
0	764
0	988
0	8
36	70
0	70
116	2440
10	2343
0	1591
0	2449
21492	9
0	409
188	426
3	628
37	487
0	0
0	2
0	2
0	0
0	1
3	1
3246	3
0	156
0	179
532	179
40	84
0	84
0	8
0	180
0	165
0	181
21	181
0	181
1	143
10	230
0	191
442	519
0	434
0	180
1332	1715
0	1715
0	0
0	3
12	3
555	0
0	0
0	0
314	181
0	181
0	301
3335	789
25	486
1487	339
0	0
0	11
41	35
1092	872
0	937
0	904
0	894
0	46
0	15
2	41
0	0
243	97
0	97
0	84
0	9
0	9
543	69
1493	0
618	0
99	0
0	15
0	15
0	15
0	0
0	0
1136	0
0	0
7	0
0	0
0	0
9	279
33	279
1	1490
10	2
0	2
40	0
2	0
0	0
0	0
0	0
1192	1766
1616	1766
134	1443
0	1443
46	436
0	736
0	714
0	714
0	708
0	704
0	0
654	351
0	340
0	3454
0	3727
0	3844
37	2178
0	0
0	0
0	0
0	10
0	10
0	0
1519	261
28	259
0	42
0	66
2178	109
4	0
437	127
3	127
3	45
10	45
37	869
0	0
0	0
46	0
51	4703
5	288
0	5859
11	5914
0	5935
4431	3
0	16
0	120
41	136
190	603
0	11
6	42
0	603
0	355
71	570
0	516
0	0
0	0
249	0
52	187
32	187
0	0
0	0
19	38
0	12
0	0
0	12
47	0
0	4
0	4
0	0
3	8232
8	4966
69	8232
0	0
0	0
7	78
0	335
115	449
0	297
0	141
0	1662
2	1662
25	376
78	48
14	4
0	0
24	1251
8	1238
0	1207
3	0
0	199
0	4925
0	8011
164	8011
0	4937
6	220
393	220
0	11
0	11
116	111
0	21
0	12
5	115
12	0
0	4
0	4
0	0
316	498
0	0
4019	3469
7	3469
0	0
0	0
1	63
0	640
0	69
0	641
0	619
16	336
66	336
1350	1353
0	1230
0	0
1015	1423
0	189
259	1373
0	1
185	35
0	35
80	266
0	10
30	276
0	2000
13	276
8	192
0	1981
0	1947
366	933
0	0
0	8
0	8
0	8
0	0
361	0
827	1480
0	1480
5046	0
1	344
85	344
41	713
14252	5361
494	4645
5	50
9	50
0	2
0	704
7	141
0	177
0	110
13	81
78	881
10	89
359	89
13	13
0	13
0	14
0	106
0	455
0	462
5	462
0	0
0	0
0	457
44	1169
75	1204
0	1204
1649	936
0	257
0	677
0	1102
0	2
0	0
0	687
843	1000
2	340
19	1284
164	339
0	19
221	331
0	0
52	221
8	226
122	203
114	383
0	954
1345	3818
0	3818
2	1990
0	2474
1597	2807
0	845
19	1191
0	371
5773	1912
9	1911
198	1820
0	1819
0	36
0	8
0	34
2535	0
0	0
0	0
1652	1
3307	867
18	739
0	676
403	6169
6	5464
0	0
0	306
0	312
3	322
0	320
0	1358
365	1358
0	0
0	295
0	47
17	304
0	74
0	0
302	0
491	14
242	853
0	60
0	56
125	909
1303	1
6	29
0	29
6	0
80	125
0	125
0	0
4179	1250
53	683
0	567
4	0
0	0
0	0
1859	0
0	0
3538	2432
40	687
0	49
0	687
4	0
371	11
3	11
2081	0
2483	1
1419	929
0	0
23	1349
78	483
0	99
0	483
2745	3
0	326
304	597
0	5
0	21
109	26
0	13
0	0
0	13
494	9
6	18184
0	4173
52	3068
0	1542
264	2509
3	17611
0	17640
0	166
112	499
0	447
20	0
0	0
19	1336
0	139
209	3430
20	3430
1	0
60	149
0	467
17	467
0	8
0	8
0	0
0	0
69	0
151	232
0	221
0	26
57	0
0	216
0	216
37	0
1161	0
68	111
102	59
0	59
0	25
10	0
25	1832
0	1875
2	1794
0	1797
0	1782
106	271
0	2
2	2
5229	5
28	22
1739	468
0	463
2956	80
0	80
790	0
0	0
0	0
0	0
3220	1
22	208
1530	2744
0	0
57	545
5575	1824
2174	4
32	17
17557	4
122	0
0	18
20	64
86	120
0	3
0	16
0	17
0	17
0	17
687	0
5833	10
242	928
314	454
0	114
0	389
114	40
0	40
0	3
0	3
0	0
1582	1974
0	1977
0	1975
1	922
95	2214
0	2232
305	115
38	115
0	430
161	4030
0	4182
5226	11540
22	257
0	257
0	257
6	0
454	1134
0	1134
0	390
75	390
0	0
11	108
0	1335
179	241
0	241
0	0
0	0
0	0
0	8
0	0
0	34
0	34
0	34
0	1420
0	273
0	2064
33	2050
14	0
393	88
0	88
0	2
0	1
0	1
0	889
0	1537
0	1610
2	0
0	0
441	28
0	14
10	35
0	35
611	2382
0	63
55	0
13	0
152	246
21	272
0	218
62	914
0	792
0	53
103	77
0	91
0	32
2	32
1	163
1024	1721
0	3571
405	3577
0	112
10	109
8	65
12	326
5	326
1960	1
0	742
46	742
1021	0
518	0
0	0
1163	166
0	0
0	257
148	257
182	1393
0	1144
1	1302
500	109
0	606
165	127
246	733
0	606
649	0
3	45
0	39
0	39
0	49
0	0
3	593
13	44
767	593
0	0
2549	358
0	17
0	344
296	216
0	216
21	0
167	1478
35	256
13	417
0	1267
0	0
0	0
4345	4120
4	4116
68	0
0	0
1430	939
0	146
0	312
0	530
3	1197
220	1197
301	0
62	144
0	144
0	0
2385	0
280	822
337	1093
4706	1
5	11
38	2
0	11
14	23
0	24
157	485
0	26
0	485
0	0
0	0
0	0
14	2
0	0
0	19
0	588
14	685
9	392
0	87
260	88
8	26
0	0
0	4
0	26
0	19
19	19
35	135
1	135
1661	0
0	0
5	0
1293	650
3593	4
431	0
0	800
0	787
0	55
0	364
0	396
4	118
0	70
0	297
13	388
1131	1012
0	1012
0	1032
5	17
0	1987
609	1987
16	12
0	12
12	25
0	0
324	1629
0	1759
1	1400
880	96
0	95
4	70
16	1513
0	285
0	1503
0	1491
0	3
88	3
0	570
426	3195
0	1066
707	2774
0	356
0	1011
0	1162
0	44
0	1
0	0
0	29
0	0
0	31
0	30
0	0
0	0
0	0
0	0
7161	170
289	168
45	0
0	0
145	89
6	89
0	28
13	28
903	87
106	87
538	0
0	415
128	617
49	617
0	15
0	11
150	15
5	4
906	1209
50	1202
0	50
7	64
246	6
0	6
27	209
0	209
0	206
975	2
0	176
3614	182
125	0
57	90
1181	2640
23	319
8	149
86	2528
0	54
0	74
23	593
0	17
0	580
0	377
47	0
41	49
655	1460
522	11
103	1451
0	49
1598	0
881	0
32	923
0	173
1	925
0	0
12	2
0	2
0	0
5	0
0	32
1049	1363
4	1363
522	2453
0	96
0	1
159	2
537	2454
310	0
0	4510
127	325
6352	4433
234	0
0	0
1752	1238
0	110
0	136
0	104
837	0
418	1
0	0
0	0
179	0
1	0
0	0
706	0
0	0
1377	5
7	0
0	233
137	245
0	0
0	0
0	0
0	0
258	0
128	60
0	60
102	11
1	11
1	98
432	98
279	0
18	5
282	691
0	688
0	2
436	718
0	718
0	100
465	799
709	994
0	31
14	123
0	152
0	36
299	273
0	237
0	129
2	2
0	2
6	43
0	18
2	43
0	0
69	109
0	25
0	25
1	0
264	22
72	213
90	235
14	685
6	659
10	6
645	0
3	0
2572	162
0	162
0	17
4	17
0	260
64	227
245	0
2982	746
0	4898
6696	10489
6	7992
58	1750
0	1780
0	308
27	1782
56	74
0	15
0	74
10	15
25	15
33	8
0	2966
0	2155
1	6007
7980	8567
0	3246
975	498
2	498
3379	68
0	0
7	115
147	115
178	10564
22759	10576
14	414
0	400
0	0
82	39
1	39
0	6525
0	1038
0	6483
0	6361
0	6175
1654	321
0	321
3	5
0	42
0	58
0	91
384	130
0	69
0	17
0	17
0	0
46	269
23	84
573	818
566	6
0	6
74	254
0	254
0	0
0	0
0	0
0	0
12	0
742	1409
0	1409
282	149
0	5
0	3
7	58
0	28
0	46
0	6
0	6
0	0
52	1256
1267	1256
1612	1584
0	0
0	0
1112	0
2242	2
0	1182
11	622
1113	165
2093	168
31	73
0	3
0	98
3	97
0	0
0	0
14	0
54	3547
0	3471
0	3548
0	3553
0	0
5670	3095
0	3092
162	326
34	328
0	261
353	0
0	14
0	14
0	774
49	103
706	775
0	0
0	0
446	0
8	0
0	0
418	0
0	199
233	278
0	179
0	670
36	670
0	670
4	18
0	25
0	25
532	0
1768	178
41	178
0	0
0	108
609	108
9	0
0	0
0	0
0	0
7876	5
3	0
513	1224
39	0
121	0
0	0
306	3481
270	3481
281	157
0	0
1927	1736
1	1427
1	1488
0	681
202	1393
11	985
0	751
349	0
0	131
0	34
0	122
15	131
0	91
6	0
0	0
0	115
0	755
0	2976
34	2723
146	2510
0	27
0	2484
0	0
486	1236
26	1576
2	6021
65	521
0	526
0	593
25	5973
0	996
0	32
0	1101
0	475
0	0
0	0
1212	423
9	423
6	0
11382	5274
0	4
0	0
0	0
0	1
0	0
0	14
0	0
0	30
0	13
12	0
0	737
57	784
0	0
763	0
0	0
0	173
14	150
25	0
7	85
42	946
0	946
0	942
9	205
0	2
11	810
9	15
0	1539
1673	1937
0	800
81	431
26	0
10	277
0	0
200	1173
14	86
0	1015
0	963
0	1165
2764	0
336	192
8	192
0	0
4	6
6	6
0	4
0	4
167	4
24	5
0	5
225	908
0	318
9825	772
0	257
34	8159
519	9475
69	1533
215	1664
0	31694
526	29600
3903	7
0	114
0	2783
113	2961
45	2247
0	164
0	0
0	0
40	11
122	16
842	283
12	265
22	18
0	0
0	99
253	99
0	99
678	3130
137	3130
0	2944
128	0
0	0
0	0
0	0
0	0
0	5
0	0
0	5
0	29
26	2669
0	413
0	2577
4	133
4	34
2	118
1	39
6	0
0	0
0	39
36	0
0	0
1	0
5609	0
2253	0
525	7935
0	997
0	89
19	7919
1015	439
54	105
0	40
0	105
371	0
192	3362
0	778
1	3007
50	20
424	581
0	355
0	550
287	0
949	5771
0	119
0	2397
9	176
4	4258
12	0
2029	4
2456	12186
177	1562
0	181
127	11542
52	1103
6299	2611
0	2475
0	797
0	33
29	921
32	880
0	37
2	894
0	911
0	952
61	29
0	29
0	0
0	0
0	0
16	14
0	21
0	15
96	44
0	0
0	1
0	1
4052	177
0	166
96	0
0	3
0	3
0	3
0	161
97	161
1456	150
5	14
4	150
1047	1323
0	818
39	1239
706	0
0	3
196	2959
52	2959
10475	54103
45	53290
3819	1860
0	1860
1	2
664	253
41	976
41	976
857	0
0	0
18	2
0	2
1	0
0	0
0	0
43	371
11	371
0	0
728	722
0	722
145	0
0	661
29	935
1983	925
52	4390
159	7194
0	6904
12247	1
0	0
0	7
24	7
127	0
0	0
7	16
52	1
10	0
93	1058
0	105
0	1058
775	1
277	76
0	76
76	2558
0	2558
0	0
258	0
0	0
0	0
0	578
3080	579
107	3
0	0
0	0
2626	13
2	12
80	0
0	126
0	100
0	111
201	0
813	81
0	7
0	0
0	0
8	3
174	504
0	496
28	130
0	600
18	68
0	650
0	598
29	46
0	34
5	31
433	338
386	0
0	0
0	0
4	0
68	0
0	77
167	616
15	182
11	3
0	615
96	0
0	3141
87	3092
0	1273
529	85
0	2387
5024	3925
37	3754
0	0
54	0
0	0
0	0
0	0
0	0
28	40
0	31
22	65
2608	139
0	0
0	0
155	56
0	56
27	594
9	49
770	0
137	827
6	117
861	112
204	117
12	159
0	82
2	0
0	0
0	0
0	0
79	430
0	494
0	207
1	494
4	0
1215	0
0	0
96	741
0	1172
0	276
2751	1171
0	0
0	2
0	2
156	46
18	46
2364	602
0	551
4	51
17	193
1	193
32	857
0	264
11	816
33	158
99	158
0	26
299	0
48	2012
0	2119
0	975
0	2119
92	758
20	758
30	2043
0	368
33	1875
8	13
0	13
24	0
11	4
0	4
0	152
38	134
4	131
0	134
0	0
0	0
315	231
0	351
35	249
0	446
0	290
69	695
0	3
812	437
0	437
6	0
18	9
0	58
1061	536
0	69
43	3
244	666
15	364
0	201
3	327
0	153
0	0
2155	0
2559	5362
0	8
0	0
0	19
0	58
0	58
270	247
0	0
0	247
0	223
0	583
31	604
79	663
0	107
96	107
231	0
112	203
0	203
11	181
0	181
1188	552
2	549
116	658
3	667
17	38
0	38
0	50
16	183
23	174
17	143
0	130
0	143
16	0
16	119
0	119
278	151
0	18
0	31
2	46
7	46
49	175
2	41
581	206
10	360
15	36
3	105
0	6
18	102
61	75
0	75
653	0
20	0
896	125
0	0
0	1029
9	1029
0	0
469	0
0	0
20	0
32	26
5	26
0	887
0	829
0	904
2	992
0	9072
6702	9076
7	34
0	34
88	441
0	75
6	452
1	0
0	468
0	470
0	41
8	41
217	0
3	10
4	16
0	16
17	16
0	5
0	0
0	0
0	11
8	179
0	263
1493	1583
122	1569
0	811
2	560
0	327
87	6836
32	644
0	6574
5	0
6467	1
433	0
36	0
0	19
0	19
7	0
3	80
0	165
11	204
1674	0
373	0
22	0
0	78
133	78
368	2294
243	1844
12	46
10	46
1666	0
0	0
0	0
14	275
5	240
0	245
0	166
328	487
2097	489
99	0
0	0
0	0
0	0
0	0
336	0
16	7
16	7
0	0
0	11
58	17
1925	5
0	0
865	3
0	105
0	95
559	200
372	0
0	609
778	1070
0	674
0	0
47	362
306	410
0	381
19	39
0	0
55	0
0	0
89	1025
145	1025
532	0
0	0
0	0
1323	209
0	209
1523	0
19	942
9	942
0	0
0	0
239	0
49	449
0	449
0	0
0	39
0	11
0	360
85	619
0	568
0	0
0	569
0	548
0	132
0	6
0	0
0	0
0	0
0	0
0	318
1	42
8	97
0	9
0	35
0	464
0	458
0	0
0	7
55	7
5298	56
45	51
3	113
1	90
0	84
0	87
48	106
0	0
0	0
22853	3426
0	3211
0	322
0	3303
0	3090
53	442
1	348
171	212
1	77
33	212
3	0
0	571
14	454
8	563
6015	5
0	358
32	1135
1	334
5	1345
88	1417
13	1589
1531	1879
1	1817
0	0
0	174
56	173
0	174
4579	2884
94	634
0	2878
0	103
0	188
0	188
0	61
0	158
60	220
0	43
0	32
0	18
10	51
0	209
268	209
72	37
8	37
0	227
0	0
0	19
0	74
34	830
0	748
0	844
0	0
0	0
1104	0
0	14
0	0
0	22
0	96
0	48
145	144
3	233
1455	818
3	266
37	832
419	57
0	57
0	0
4	0
9	1318
3462	1318
0	0
58	0
0	0
0	0
2305	3
215	31
35	31
0	31
2332	279
0	279
400	260
0	260
0	92
0	26
0	143
0	216
0	179
0	147
0	216
43	0
3151	1334
5	1334
1	0
0	0
388	643
1	643
521	78
0	78
37	679
282	683
4590	1035
0	1031
491	412
16	412
326	0
59	120
0	120
0	951
11	82
36	951
4111	9
3463	2520
0	0
0	19
0	19
75	1925
0	2100
5072	2834
0	0
0	5119
11	4567
2	1081
624	2219
0	0
17	0
41	18
0	0
0	18
3	0
13	27
611	2804
35	619
0	7
0	2804
0	26
0	49
23	198
0	190
0	1
0	1
0	21
0	21
357	62
0	62
0	1898
6916	1899
0	0
0	0
0	0
0	0
45	21
28	234
3	234
8	168
1066	875
0	875
594	205
0	205
0	667
274	2287
0	6
0	6
3	0
120	270
0	270
1	20
12	20
77	113
0	515
245	515
0	228
79	4817
38	5013
263	0
199	0
15	0
0	1625
3696	2137
0	1277
2	0
0	580
0	560
0	590
0	0
795	697
21	34
6	141
54	86
352	86
86	0
4358	0
547	0
363	0
562	350
0	207
0	213
0	0
0	0
4	25
0	0
0	25
1254	169
19	165
796	284
15	284
368	0
21	0
522	213
0	231
24	0
0	37
66	446
4	446
143	266
7262	3287
4	3274
148	154
11	142
0	87
0	105
209	11
0	11
26	0
0	0
11	121
0	121
9	220
0	220
0	220
0	202
628	0
0	1
0	0
0	1
0	0
4	474
0	461
0	0
0	0
0	0
12	16
0	0
183	1867
1312	1868
8	56
13	126
0	0
546	3
520	0
608	717
35	29
0	29
0	5
10	0
39	572
0	90
0	564
0	0
0	0
0	0
0	147
1	19
2	69
499	0
0	33
0	1655
118	1688
0	0
0	0
0	0
441	372
589	0
30	6
0	6
0	136
0	1064
279	1064
0	519
0	0
311	228
0	228
0	129
980	1272
0	359
0	1038
23	1257
47	22
0	0
0	3269
0	597
41	3269
154	6
0	0
481	136
9	78
0	78
77	27
0	0
0	0
0	0
0	0
290	1274
0	1274
8	485
0	485
0	0
0	0
91	86
4	118
42	280
8	205
17	280
0	0
1388	252
0	252
0	0
0	0
12	83
0	83
0	83
0	128
6894	3044
1	387
18	2925
1809	2
64	244
6	244
0	0
5	12
0	9
0	0
0	1420
1577	1420
0	516
0	61
0	479
0	0
0	0
0	269
585	2797
0	167
168	2725
2306	0
8	0
0	759
0	78
41	95
0	119
0	83
56	741
216	238
0	238
0	20
59	516
0	513
0	6836
3600	6836
20	75
0	75
743	0
1925	1
172	239
550	242
1122	2
113	119
69	71
633	3654
111	3645
0	32
0	32
16	0
0	0
59	246
294	2401
90	3814
1246	4616
0	1148
9	44
0	5
0	840
45	131
14	904
682	1743
2607	2369
536	2368
0	73
0	73
0	0
3	0
0	1
0	1
131	191
12	191
0	0
6641	3
0	0
48	213
371	539
4	463
6	0
0	0
782	0
631	0
154	1018
1025	1018
0	0
0	0
0	1
765	1
533	107
573	0
1436	523
0	523
0	0
0	8
0	7
16	15
18	0
0	211
137	211
1116	272
12	270
0	245
76	2531
728	2458
21	2471
0	2505
396	0
10	33
0	16
97	37
198	1213
0	426
29	1191
0	1316
502	1676
0	1676
28	617
0	69
82	621
0	0
11953	6
32	1020
8	1020
1	0
0	295
98	295
0	75
0	13
0	12
135	13
0	0
1741	0
89	1766
57	1766
13	80
3037	119
0	112
0	2
0	2
2132	0
9	0
0	0
113	567
114	567
34	107
0	107
0	0
0	0
0	0
1448	570
39	310
11	32
1177	260
0	260
26	759
0	56
0	740
338	603
10	509
0	461
0	2
0	4
0	2
21	37
0	0
0	70
0	71
12	103
0	98
31	98
0	0
6	26
3	26
46	141
0	261
0	241
960	1
875	0
257	516
5248	525
526	0
0	9
0	24
43	16
316	40
0	40
1	1
309	829
1700	829
0	0
0	0
5	11
0	11
0	0
17	659
0	13
2	659
0	301
0	21
2	7
2	304
0	304
0	192
0	304
0	301
8	0
0	85
0	99
183	184
86	398
55	388
0	178
0	2
0	2
0	2
46	427
1400	427
711	0
3	1
3	1
16	4
0	4
56	0
13	1933
0	2408
837	2885
0	2905
0	1553
0	299
34	43450
223	3402
0	42902
6	42160
1102	42699
0	0
3	0
0	0
0	0
0	0
518	1374
43	366
26	366
0	23
0	24
0	24
0	0
0	0
2	0
26	185
0	185
789	2576
4	44
0	46
0	39
0	34
0	16
0	27
457	33
641	136
0	2
0	2
0	2
2158	436
0	436
12	240
33	401
0	401
0	0
0	0
68	157
8	2380
14	2406
16630	7111
5	1481
15	1515
162	1892
0	623
0	1892
451	0
446	7145
2917	7151
26	201
0	36
0	0
0	0
43	0
320	254
1031	254
208	0
1152	0
10	0
0	0
5	0
2	2293
0	2293
21	315
0	59
16	560
1048	854
0	745
36	633
0	10
6	635
0	0
12	0
360	0
100	3293
5	3255
0	1
0	130
0	14
0	19
0	16
0	120
0	109
125	0
425	982
0	982
0	405
11	314
3	297
0	297
0	0
0	455
1995	0
0	277
0	219
1497	356
849	301
0	990
0	343
0	394
318	5595
14	5930
8	276
4636	276
223	4938
0	4939
0	4126
1891	4126
2	0
2	121
0	2
0	76
0	93
17	578
0	621
442	601
384	98
2674	0
8523	2861
0	2857
0	3152
3	3621
0	1093
13	6035
0	1457
66	6351
2	0
66	799
0	282
0	799
15	78
12	78
0	1442
295	1553
177	30
57	0
2	0
4903	38269
0	115
11	142
1651	142
228	0
0	4
56	17
0	16
0	14
86	14
8	74
10	377
0	3184
0	2005
0	1511
5	574
0	88
0	309
0	3124
0	3256
0	3496
14	63
1	149
19	0
5	65
0	100
2177	563
83	563
0	6
46294	29518
546	22993
1081	24472
0	6164
336	562
0	562
16	190
0	190
312	0
241	249
103	249
63	0
2	152
0	45
0	1
0	1
4	0
21	0
41	117
0	0
10	5
172	2369
71	2369
0	0
0	0
1219	119
0	119
8969	12
18871	10
1586	38
0	35
0	47
0	63
0	6
6	90
0	3
0	63
0	55
0	56
0	56
0	21
0	37
0	56
105	1532
204	1551
0	0
25	464
1	464
528	0
0	0
0	34
0	51
0	0
0	29
0	1
0	41
106	998
1237	1000
14	304
75	304
0	118
121	157
2447	0
147	1510
768	1505
0	0
0	0
10	5
0	0
0	5
21	50
13	50
2213	0
51	0
130	1565
580	1521
4	44
407	0
36	2
1128	2
4272	1662
191	0
2	21
81	4025
38	3949
0	4
31	295
0	295
164	2557
268	2557
0	297
14	152
11	297
0	297
0	0
10	0
5273	10
1346	341
0	341
105	0
240	0
0	3596
0	3566
0	3464
510	4824
0	0
0	0
415	184
0	92
0	181
1119	374
0	374
1312	0
0	0
0	0
0	0
0	0
2	11
0	11
0	11
107	853
7	853
0	191
0	0
0	0
84	0
21	4488
3200	4952
35	3219
0	113
0	113
499	0
1451	0
24149	15463
550	330
0	330
53	626
1	626
1946	2638
41	84
0	82
1486	0
322	602
24	570
0	66
0	77
1720	330
1	129
6	138
0	310
0	225
0	57
408	31
0	31
1810	5859
0	5859
1	0
20	30
1165	31
820	830
652	170
0	86
0	134
0	340
1017	341
129	110
0	2
0	2
0	4
11	15
0	352
4	325
0	97
359	225
2736	363
0	362
5222	9
419	0
31	891
65	891
720	81
0	58
0	13
3	66
9	0
38	5
0	5
48	1059
0	168
0	962
3136	2
9	1347
0	348
1	1270
0	793
0	429
0	521
100	521
0	4
0	4
63	0
122	540
51	540
0	12
0	121
0	6
0	542
0	20
0	744
0	701
0	725
9	28
0	0
788	302
0	68
2	15
0	290
9	3
261	654
0	129
0	654
279	0
0	4
35	77
0	75
4	332
0	289
0	0
0	0
23	0
182	13009
672	13009
18	12939
517	163
225	0
241	58
2	10
0	2
0	2
4	42
0	42
0	20
0	20
0	17
0	17
5	0
0	0
3	0
39	95
4	50
153	140
4	90
27	1456
5	1456
13	0
13	80
4	6
0	6
5	41
121	41
0	0
111	57
0	57
0	1682
0	2658
11	2576
0	2726
0	2596
0	2605
0	1775
121	10936
0	2264
66	10454
0	9627
0	6175
10300	10931
7	74
8	74
459	7
0	917
0	789
38	5902
121	1535
0	3562
28	5866
3229	10
1322	0
0	428
4	1587
0	1723
43	484
4226	5909
36	1445
0	1158
0	141
43	5822
0	5048
0	5820
724	1857
0	1857
0	147
312	252
0	105
0	4
0	4
3	0
0	9
0	8
274	13
0	127
0	282
12	1361
0	597
46	1367
125	150
247	443
0	582
66	578
209	158
142	158
0	0
86	61
0	61
0	68
1549	0
0	0
15	0
4	48
0	48
345	291
0	144
0	4
0	4
0	4
11	2351
159	2351
0	63
35	211
1	285
9	201
1	321
398	1091
122	1091
140	437
3	244
0	236
6175	2
106	433
0	8
0	429
0	0
0	0
0	491
1	29
356	2851
127	2899
298	0
0	12
14	13
0	103
85	20
0	98
384	335
0	0
0	1514
89	1514
0	191
0	895
2576	4
0	0
1594	1
937	8235
0	7925
778	0
0	0
0	0
0	0
0	0
94	0
2896	839
0	18
0	11
0	9
0	32
240	61
0	5
26	463
0	198
0	327
1896	2371
0	2069
0	2126
153	0
0	0
113	0
22	0
0	0
0	7
0	18
0	18
0	156
0	127
11465	1
571	681
100	219
0	134
0	0
0	35
90	213
0	59
0	213
0	197
0	197
1	9
0	12
0	135
0	12
3891	10463
0	1305
7	0
0	0
0	0
1512	0
0	0
0	0
788	539
300	500
0	151
175	853
0	1523
85	1333
17	4084
2	9202
1155	10375
37	3018
16	136
0	9
0	9
613	0
0	4
0	0
0	0
0	0
0	0
5376	783
76	782
0	0
0	0
0	12
0	12
337	186
3	186
298	174
29	174
26	204
22	204
0	17
0	16
0	19
0	16
133	72
0	83
49	0
31	31
52	0
0	0
158	0
27	20
0	20
1251	110
0	47
0	13
0	63
12	2443
0	2078
0	115
3	2763
0	2437
0	2610
32	2718
0	2354
82	0
2039	5136
0	5136
13	241
0	0
32	826
11	752
38	834
423	1424
0	1424
5	70
0	17
14229	33618
0	0
0	0
0	0
1799	1336
0	1334
0	1334
0	0
4	0
0	0
0	0
98	306
0	124
1	290
12	272
0	7
2	7
0	131
0	94
4221	3
137	485
187	485
45	0
68	927
0	927
26	594
0	22
3	169
0	166
1	101
127	585
0	240
65	151
172	6
98	111
0	595
90	0
65	67
0	132
0	126
13	608
46	567
333	739
192	25005
0	24944
0	9639
0	10777
0	10342
16	73
12	167
434	1740
0	701
0	1740
39201	22
0	4
0	4
4	0
108	56
0	2
0	1
0	54
0	1
32	1
0	287
0	130
0	0
324	500
0	217
0	10
2729	240
0	179
4	71
0	4
5	4
0	1273
1005	1273
618	1016
5	1011
89	0
0	33
14	56
0	48
245	150
0	0
0	123
0	6
100	0
1433	0
634	0
470	0
16	0
417	0
87	4
0	4
0	347
631	347
1842	47
1033	224
29	191
0	0
393	103
719	0
0	0
0	0
148	373
0	715
0	171
0	597
0	523
0	608
0	523
53	0
0	21
0	21
0	21
825	0
93	0
52	63
0	63
0	3070
0	122
347	3070
0	0
1414	0
0	8
0	7
0	4
0	210
0	219
157	219
9	3
0	3
14	0
7313	4
11	0
0	395
1014	560
0	164
1000	164
0	62
0	64
0	64
0	7
0	24
0	24
0	10
0	7
20	24
4	0
0	0
0	0
78	554
0	554
213	159
19	148
9	87
1084	3761
0	127
0	573
23	367
0	2945
0	2964
35	2860
57	3780
863	285
0	185
4	229
0	4
0	4
32	0
18	38
9515	3
0	0
0	96
14	95
896	0
631	3
38	258
86	686
277	769
0	531
173	227
0	19
0	68
0	19
0	68
0	5
11	12
1	72
0	16
0	16
116	337
0	159
6295	1
1312	855
0	855
102	1005
323	1005
540	982
1	29
25	29
0	4
144	790
0	790
0	32
0	63
34	959
673	959
0	29
102	30
6	193
32	0
0	921
0	799
1687	1378
12	2437
392	2400
0	2039
861	1912
0	4
0	4
0	0
0	1035
0	1071
45	1071
566	3945
653	3949
16	0
9	391
0	13
0	378
387	0
0	46
546	56
50	237
2406	0
462	0
42049	35
7	0
702	85
0	85
15	0
5	21
0	14
66	567
147	567
53	32
10	32
0	61
243	933
83	933
983	804
0	123
0	722
0	711
0	639
0	306
0	706
0	22
0	22
51	49
0	49
0	189
0	819
7	835
0	555
22	647
385	65
0	65
0	0
915	0
34	72
53	73
649	116
58	0
4	8
0	8
18	4
0	4
0	3
0	24
34	27
449	523
0	523
7506	5
0	10
0	10
0	350
0	626
0	615
3	353
3	3
1	421
37	646
9	580
21	432
0	0
0	0
2848	375
0	276
0	211
4	0
0	0
2513	934
0	216
0	708
0	6
0	6
0	0
2	0
0	105
0	2
0	9
77	144
7823	10989
0	10942
0	6885
1	131
473	131
0	39
2	0
12944	0
129	8
28	6
345	363
191	35
32	0
1309	2233
285	0
0	394
49	947
0	454
699	1109
515	1026
2177	1025
0	0
14	109
10	68
0	68
0	65
8411	0
0	0
0	0
110	0
32	0
71	0
8	0
0	0
0	0
372	882
2561	0
1203	2
71	54
0	54
0	7
7	7
400	723
2	197
0	1954
0	98
0	46
0	2784
0	2819
0	1462
0	2870
175	0
776	1115
0	1115
4	1115
0	1115
0	0
17	4655
78	4655
508	4035
905	7403
5751	6680
0	16
46	16
3	2838
0	7458
35261	10946
0	3654
2072	2
0	888
751	888
0	25
3	699
0	19
0	650
0	758
6	718
572	0
0	0
0	0
1871	1
12	668
0	728
527	0
1323	0
0	107
30	72
0	28
5	179
674	223
0	101
10	101
0	179
0	16
0	16
2	40
0	0
0	1
1431	5
0	0
0	0
0	0
0	0
0	0
0	0
0	0
66	0
0	0
65	201
0	201
0	181
416	186
0	0
0	1198
400	1198
0	0
0	6
0	0
54	0
226	478
0	25
0	499
0	496
0	478
0	413
0	468
0	10
0	10
0	10
0	0
0	0
55	0
0	0
0	678
3	582
79	3762
0	3894
0	1036
7	857
271	540
0	473
0	6082
0	5498
0	5705
0	12192
0	5952
94	5490
7	10906
2	10715
0	11273
0	10923
5091	100
0	99
1153	862
0	862
66	337
0	337
28	249
0	0
0	0
2	0
30	0
873	0
3050	17799
702	18197
208	17819
98	753
6	10495
3	0
0	0
3	234
950	1181
56	630
0	827
166	0
378	0
0	0
0	0
2462	1
0	0
764	11
0	11
0	14
20	14
135	34
0	51
0	51
0	0
14	0
52	1260
0	461
1571	1168
0	0
669	104
0	104
0	0
217	66
0	66
0	0
0	1
39	1
0	0
0	0
1287	0
130	90
48	90
0	0
39	0
0	0
76	0
362	23
105	597
4	123
232	606
2	449
4	71
0	71
40	68
0	0
0	11
1	11
0	336
604	1287
0	0
5	0
0	39
0	67
0	67
487	5
4493	0
0	6
0	0
29	43
0	43
85	0
1702	0
0	0
0	0
21	4
0	183
0	167
39	183
216	0
1	8
232	8
0	0
585	385
0	385
113	1136
17	265
50	265
255	0
2499	392
71	392
245	42
0	42
190	0
3394	0
0	34
0	34
0	34
0	34
0	34
0	0
1296	0
0	403
0	284
4883	6
16	3
41	89
0	0
0	0
29	30
0	30
0	444
0	155
0	184
141	807
8	1
956	0
0	503
34	503
63	0
208	0
0	0
0	0
1311	0
94	5
2	5
2897	209
1672	261
0	261
0	53
13	110
0	1077
3	95
0	1086
0	1182
0	1156
6	1046
16	302
0	53
10	53
0	109
160	446
0	213
0	446
19	114
0	114
4	108
1973	4
62	1585
22	1585
331	0
0	0
0	0
0	652
349	652
98	0
48	0
319	34
447	2800
4	598
0	0
0	0
0	837
1796	1586
2331	0
426	0
14	513
46	513
37	0
32	109
7	69
6	89
0	97
0	81
263	0
457	0
0	24
0	97
680	926
0	104
0	0
12	0
11	0
70	536
0	31
0	505
139	631
0	631
673	1
43	0
8984	525
0	519
1293	75
4	72
0	8
0	0
0	8
98	34
21	54
23	48
15	124
27	180
5	664
5	73
0	16
36	648
0	2
0	7
18	147
0	145
38	0
62	48
0	46
5	4
73	119
0	11
331	11
355	65
151	65
113	0
545	20152
45	1
136	20176
182	1039
14	0
78	319
333	1274
0	2080
176	20046
0	1123
0	27
59	229
0	89
0	229
229	506
0	108
0	415
42	504
545	0
0	0
0	2169
0	200
2	2171
29	2084
63	188
0	41
619	0
0	1
0	430
0	430
10	23
0	23
15	48
0	27
0	41
0	0
18	0
3056	0
524	1
91	112
0	112
1050	20802
0	20802
0	0
0	310
1237	398
0	226
0	19
3	809
0	461
114	237
0	775
0	674
4	276
2640	816
0	540
375	0
20	343
0	328
0	328
0	343
837	790
0	33
0	28
0	70
0	70
0	1275
34	1287
560	0
148	266
1952	267
0	5
15	5
0	0
0	0
0	0
57	1041
0	948
0	1043
0	0
27	61
698	1042
28	1612
0	1113
0	1116
0	1065
4	372
2	211
0	211
0	178
149	92
0	14
0	92
45	43
50	1926
164	244
2	247
7934	4441
871	2271
8	727
0	2253
21	104
0	10
23	0
265	741
0	3
0	3
5	1
109	47
129	123
5	12
0	6
0	12
58	186
701	845
5	851
0	799
49	45
5	38
151	1169
0	1162
0	1162
70	136
0	54
0	46
0	14
27	63
0	63
425	809
0	75
0	420
0	29
0	5
0	413
442	420
13	449
110	371
0	42
0	371
0	6
0	264
0	233
0	187
9	31
183	31
1079	888
0	888
36	66
19	62
0	14
85	9828
77	3132
0	863
0	23857
12	23602
39	23837
21	20423
0	24246
0	24525
41	335
0	423
0	717
0	97
1709	1353
38	4
0	118
86	664
0	637
0	111
6	705
0	180
0	725
0	704
0	773
22	90
0	90
138	145
0	145
37	60
0	60
0	0
0	2646
0	1303
4	2614
0	19
0	19
0	19
0	23
0	23
250	71
0	71
0	10
311	489
245	678
0	0
0	2
0	0
0	2
6	147
3	216
47	0
515	0
249	0
279	1013
45	1013
0	1308
1513	1125
4	0
0	0
0	0
0	0
0	0
0	0
0	0
0	0
0	0
0	0
1212	100
0	98
38	226
48	16
50	216
0	139
0	135
0	140
0	145
18	0
0	261
0	229
102	48
3	32
32	54
70	156
418	781
0	128
11	189
0	0
0	0
2752	1305
0	1303
0	1303
0	0
0	68
70	68
2785	0
0	0
0	41
0	44
0	44
126	1100
1975	1022
243	0
23	290
118	304
0	277
0	0
0	14
0	14
0	14
475	1180
0	1180
1164	1140
114	1140
0	0
0	0
2	0
7	11
0	11
0	11
18	56
344	74
8	74
134	1
4	0
0	28
8	28
0	351
780	352
121	50
0	50
0	1
0	74
0	36
265	1763
13	1728
18	2903
5	1724
0	3212
1674	3363
6	3050
0	0
0	315
117	1516
5	1516
0	309
0	309
0	75
3	62
204	0
64	0
105	29
0	29
0	6
197	6
1106	2
54	0
193	198
0	198
22	717
0	717
29	1625
74	1625
313	121
0	121
0	0
0	0
10	0
0	0
0	0
288	0
9923	1
9	2
5	2
3	2
345	336
0	338
0	343
1	27
0	256
0	3
44	0
0	0
0	0
1	0
0	0
0	17
0	17
60	0
18	3212
3	24
41	1805
5016	4287
15	105
0	94
3	43
0	43
2	0
22	11
0	944
2	183
7	269
13	94
438	3415
0	3653
58	3526
816	0
12	0
4915	411
0	404
0	107
64	107
122	3896
29	3896
9	0
2	0
157	289
0	231
0	289
0	285
0	235
0	211
0	120
0	16
920	263
0	32
0	99
29	0
6	117
1	218
16	218
32	0
0	0
0	1
14	2
0	2
1247	1903
843	1903
3835	1046
5	1046
0	0
0	0
70	5
0	5
86	516
0	516
0	45
64	45
16	0
0	49
0	0
1	49
158	3092
18	2623
1	712
6	3072
371	0
1252	0
328	2187
2	1312
95	1103
48	390
0	375
0	390
0	0
25	14
89	284
3	54
56	115
0	115
32	1356
0	1464
23	81
0	1432
97	1772
169	1700
477	1700
0	0
7	0
0	0
281	52
142	138
0	125
0	0
0	0
0	0
140	3007
1124	3012
37	0
576	484
0	484
22	0
204	122
0	6
149	296
0	58
128	354
27	31
8	31
53	0
0	536
0	147
2	88
56	532
0	223
0	0
0	61
0	334
167	0
191	0
11	0
1555	678
874	678
12	0
0	0
0	0
0	6
0	0
0	0
0	0
0	6
0	62
63	92
10	88
0	60
0	88
0	0
8	0
239	76
2	72
16	2
17	0
1499	804
24961	8084
0	814
1235	8125
0	0
6	14
12	14
992	60
17	60
0	64
97	103
27	2
395	2
1813	0
0	178
0	160
0	549
0	818
10	421
0	800
3	542
0	78
0	542
320	0
150	0
0	22
1128	22
15	4
0	0
0	0
72	0
0	12
0	29
119	41
2977	0
15	0
0	0
0	0
4	13
0	0
17	13
28	355
576	356
0	573
0	955
9188	1156
0	647
503	0
1130	249
0	101
9	219
0	74
13	50
0	46
0	0
456	778
0	778
0	102
0	193
0	4407
41	4407
0	0
0	0
93	6
11	6
0	0
0	0
279	0
0	359
659	359
0	446
0	201
234	446
87	0
0	20
65	577
14	559
0	0
782	0
2	42
0	197
0	185
17	427
0	85
0	46
82	399
0	102
140	0
0	0
3	0
272	92
0	92
648	0
244	0
4	86
30	1
98	416
0	0
0	0
961	4
0	0
0	124
15	116
424	167
9	80
0	80
0	6
0	6
0	0
0	101
118	167
6	44
52	244
0	189
842	278
255	0
690	0
0	25
0	67
949	67
543	0
114	73
12	73
0	0
147	2767
0	759
137	2722
900	0
4	142
894	3849
0	3843
0	3131
0	3131
66	0
0	0
0	0
0	0
7	0
5	0
0	12
5	12
82	0
0	3
0	3
7	8
0	8
0	0
33	143
47	30
0	30
43	203
1	203
250	0
47	436
0	20
6	436
0	0
0	0
2212	1704
0	497
69	1903
1	1898
0	668
121	668
247	2809
2	459
14	2802
0	2802
4882	1064
0	1063
29	855
0	216
0	820
0	820
7	537
0	262
623	709
2640	690
0	690
24	40
0	40
26	0
3	0
62	124
0	124
653	1025
0	12
0	0
0	1024
0	75
0	167
0	75
0	733
1	149
878	664
234	0
0	0
0	0
0	0
0	0
0	0
418	0
0	0
0	1182
0	1352
0	0
83	540
0	528
731	859
246	0
198	204
0	49
604	49
3173	8
0	2
0	2
0	1446
1992	1454
0	916
0	156
2	7
4	7
482	894
0	16
0	894
0	0
0	0
0	6
0	6
54	207
0	15
0	192
0	78
66	78
514	360
0	39
0	0
0	84
18	202
0	125
42	0
75	0
149	82
4	47
0	4
5	4
3	133
52	371
230	504
85	215
0	0
0	0
283	0
4	0
0	0
62	242
2354	777
23	548
1	548
0	0
0	535
0	167
0	222
0	37
721	0
8082	0
0	0
0	34
433	1201
70	1201
669	0
362	91
0	0
36	68
200	135
0	4599
3567	16931
0	16931
250	629
0	342
379	12
292	0
41	1084
504	1084
19	1
0	1
0	1
0	0
5	0
0	0
1	0
0	0
0	0
0	0
0	0
0	0
1	0
0	0
1	0
20	17
409	42
0	14
0	11
0	0
0	0
0	0
0	31
2473	791
1	48
1109	5952
0	6056
14	16
1581	6067
0	718
0	2
352	214
43	214
568	193
0	193
629	240
1124	966
3	338
60	870
3	0
0	122
7	665
380	702
12	0
0	319
331	1032
0	1032
1	82
0	0
232	203
94	202
192	0
259	6
0	345
0	470
74	1337
5	536
0	15
144	15
0	0
1373	0
219	0
8	0
6045	3734
0	2653
0	1102
0	104
1860	104
0	144
33	144
75	0
326	740
37	740
280	0
859	48
0	12
15	36
76	0
606	0
0	114
14	707
42	707
1	338
21	18
8	442
5	1916
0	401
0	565
0	1997
0	2039
22	0
248	3635
0	664
22	145
1071	3967
14	128
48	128
666	0
0	3160
0	1512
0	2811
0	2775
0	3160
230	1818
0	8149
335	10060
0	12112
489	11576
494	0
0	20
0	41
825	0
1869	715
1588	715
167	2789
2	692
0	0
6	2788
0	2607
33	0
281	116
0	64
0	31
0	29
1	52
521	62
0	62
0	20
36	5
183	852
0	848
0	1003
0	3256
287	6823
0	1523
0	4299
0	5466
413	0
1	418
161	2072
0	1505
37	2058
65	64
0	64
305	0
16	3280
97	121
0	2139
31	3342
0	3318
149	172
0	74
0	75
6	172
12	0
0	3
0	3
0	3
2906	2
47	5
4	0
2616	1896
239	1893
70	635
29	635
0	0
2971	3664
0	2395
25	819
6	2845
1	0
42	0
0	0
95	204
110	204
2214	1437
0	1435
0	0
0	0
1	193
121	193
4131	3167
4947	0
259	290
43	1
30	0
4	0
1961	0
672	26
0	26
9	416
105	416
0	543
392	656
0	656
9338	1202
1	747
29	617
62	1
2	1412
15	5556
6	5552
11	7013
0	263
321	281
0	62
0	0
0	426
1099	426
38	2128
225	2128
680	5388
0	5388
12	10
0	10
333	0
367	701
0	14
1	15
6415	1032
102	1031
0	78
0	79
178	79
0	5108
3323	5112
1279	6
0	27106
12	961
2	2993
26	26024
30	26813
0	27879
0	573
20	588
0	226
30	251
0	173
48	173
0	169
110	62
0	62
0	6
0	0
0	0
0	0
1668	10590
10107	10627
829	0
670	0
48	7248
0	131
2	317
0	3205
0	7125
0	2057
2113	2060
0	19
0	27
0	9
18	181
0	4
13	254
0	287
0	115
0	210
1651	1046
1678	0
0	0
0	0
0	0
16	102
0	15
1381	58
47	58
0	0
0	0
0	0
0	15
0	5
4	53
0	2809
8	2892
0	38
0	43
22	43
0	51
0	0
0	0
108	1937
968	1912
0	1774
0	0
0	0
0	0
0	7
472	1743
1054	308
0	0
0	0
5	11153
2465	20195
0	9693
1	14997
0	14536
0	0
0	0
0	0
187	142
8	142
24	290
1	290
145	1715
255	1579
0	1570
4	1319
0	628
0	612
31	1792
1530	3214
0	85
0	85
161	0
0	2
0	0
29	42
0	42
11	8
0	8
8	0
0	0
35	0
0	357
20	386
3	377
0	0
454	0
14	0
22	0
108	0
12	0
3	0
9	0
45	630
0	46
449	1135
2	1135
0	0
9	3
24	999
38	1024
16	25
0	98
16	98
0	0
0	0
3260	0
91	0
3872	0
0	0
0	155
0	248
0	20
0	137
10	24
0	24
453	0
0	342
9	5
191	342
26	0
67	3
0	0
0	0
1217	0
0	0
52	53
19046	5
0	0
0	592
1	588
2019	592
679	0
1222	604
0	603
2	66
0	29
0	60
0	35
0	123
73	111
0	92
3	97
0	97
5	742
0	742
123	0
0	0
0	0
0	0
19	0
13	29
2	29
2778	5941
69	5941
0	73
0	91
0	4
30	240
0	240
0	0
38	57
4	765
122	798
2	3367
21450	5338
0	3670
0	2426
671	9798
271	9997
122	711
0	711
0	0
609	0
80	36
0	36
0	17
0	15
101	379
0	34
20	101
0	101
0	0
0	0
0	0
0	0
0	643
1526	644
0	0
0	356
0	299
180	254
0	79
2126	0
22	0
23	108
36	108
2918	1641
0	1641
0	1205
0	1072
2614	1205
134	322
4	9
0	319
38	0
92	998
179	13
0	3
0	83
0	177
0	88
6	42
0	42
2	127
0	8
0	21
0	23
0	131
5	122
0	157
8	450
694	1110
0	863
0	881
0	865
0	866
0	0
940	0
1	37
652	1
0	0
34	0
6	123
4	98
582	2226
96	2226
88	4
0	0
0	0
9	0
0	0
0	0
0	0
3	0
349	0
17	72
302	91
0	0
204	1226
0	1226
41	0
0	0
0	15
0	23
0	16
0	12
3	2
0	2
90	1474
0	266
0	141
11	29
87	1433
0	952
254	249
5	27
0	0
0	0
13	66
0	0
0	66
0	66
0	69
0	55
4	10
381	500
0	500
0	0
495	0
10	1032
8	263
0	1206
16	1208
13	0
0	14
0	0
3	0
3	197
0	197
42	550
482	550
2836	725
0	724
0	0
18	0
0	0
930	3616
0	3101
1225	1949
0	1949
1560	0
97	1995
41	1995
0	147
0	31
0	146
0	71
0	419
10	543
0	527
0	1322
3599	1322
4350	1916
0	1916
220	228
0	0
1295	4
1	738
0	468
0	578
0	783
2	492
9	682
0	1567
4	3200
14	844
9	1331
0	3288
0	847
0	279
0	51
0	134
0	5
7	185
0	502
55	502
7066	52250
0	14
0	27120
0	30911
0	53362
3	62205
0	59314
0	1737
0	148
0	2209
0	1090
1426	8918
0	787
0	1318
0	2204
20	6
0	6
303	5228
5	82
0	23
20	5202
0	837
0	495
0	477
0	211
48	5871
10	5432
1493	0
1	0
0	0
0	0
0	0
52	0
648	229
1645	2
5748	191
90	0
260	46
0	44
78	0
298	0
363	0
141	2707
2111	2707
6	18
0	120
0	5
0	0
0	120
43	637
154	637
0	0
0	9
88	9
254	75
0	75
98	0
723	168
136	1410
0	1385
0	1476
184	0
3	0
5	67
0	0
0	67
408	0
77	0
0	0
0	17
0	17
39	50
0	50
0	0
1564	82
538	73
0	73
0	0
0	0
0	11
31	256
14	266
0	215
0	0
890	25
0	18
19	16
9	4
0	4
0	0
22	50
9	14
13	56
0	4
0	4
0	4
0	4
53	0
2140	0
1	99
0	86
0	52
0	55
0	0
1	15
0	16
0	63
7	115
1	19
0	599
471	3421
38	3261
0	6
0	6
2220	5
161	0
394	3887
12	3887
0	84
0	19
37	65
2	94
6	384
0	394
3	387
33	0
11	0
285	0
106	0
73	501
11	378
0	359
8	288
1	288
1	240
0	181
1530	713
0	689
0	713
0	13280
0	407
0	1006
18	23208
556	13912
2	23204
4	4
0	0
12	0
1973	0
0	0
0	189
116	286
6	265
0	6
3	204
0	841
109	842
75	651
0	651
27	19
405	787
3172	808
3	1
251	136
0	72
33386	583
5	574
0	606
1625	873
0	996
0	871
0	20
0	14
25	66
0	8
8	8
0	37
0	0
0	0
0	0
5	102
16	0
5	8
18	102
282	57
7	9
0	2
0	1
0	15
19	15
757	1
0	0
0	4
0	4
0	0
0	11
0	0
0	11
0	15
0	15
0	9
1	41
31	61
0	41
1253	0
394	736
145	834
0	570
0	225
0	321
0	321
0	257
456	1
3588	0
0	4
4	0
0	4
18	0
0	2
0	2
511	336
0	336
0	2
0	2
1852	3356
170	3356
34	239
0	126
0	233
44	9
5	9
0	0
3525	1
0	8
18	8
245	1
3	1
117	48
0	34
0	25
46	419
0	380
225	380
0	297
0	0
8	0
0	99
108	89
15	605
195	2347
47	2315
5	305
344	0
90	0
0	917
333	819
147	0
68	190
0	161
0	0
0	137
0	98
4	137
31	138
17	135
308	847
7	716
338	537
7337	2609
338	1074
1219	0
1	110
3	208
33	642
73	666
278	82
186	247
0	250
8	381
0	256
1083	341
0	0
0	0
0	0
0	0
0	58
0	58
148	8302
0	8302
201	5077
0	1398
0	1739
92	5077
8	0
0	85
0	40
0	111
0	109
0	99
17	86
102	71
0	59
0	16
18	2653
0	462
13	2830
0	0
0	9
17	80
0	71
0	1324
1723	1324
8	3
0	39
43	52
0	155
61	155
0	71
0	71
4	71
0	0
0	0
1162	325
12	1362
0	1362
597	1030
0	1030
0	781
2	333
2	452
0	398
0	321
0	61
0	50
1	774
16	0
11	217
2	54
0	217
99	0
2552	425
0	423
3	1354
0	1414
22	1349
0	0
0	0
1278	5100
0	5100
4	217
9	209
0	6
15	6
0	6
0	1034
1044	1421
6	1421
0	70
27	70
0	10
0	0
0	0
0	0
0	10
406	3620
107	3620
9	230
1999	230
14	216
17	263
0	213
858	0
144	0
48	2122
73	185
10	2122
9	0
785	0
5955	1733
1	318
0	1529
0	18
17	18
16	189
0	135
32	101
113	146
3	0
0	0
0	0
1077	3
41	224
0	39
0	93
0	6
0	6
0	0
0	0
0	0
0	99
41	785
8	784
111	7
0	7
119	207
0	207
40	5
0	5
461	0
0	8
10	5
0	8
2372	430
4	86
40	0
0	0
0	0
358	946
0	946
0	696
0	2086
0	2275
0	1474
0	2469
726	381
0	168
17	223
104	223
210	0
0	67
31	79
2628	2056
0	790
0	2056
0	0
96	0
0	0
0	0
0	0
0	0
0	0
0	0
772	0
0	1108
2448	1108
1015	1589
0	1589
1537	1989
148	1989
0	340
18	370
0	951
26	921
29165	24
0	7
0	7
0	1
0	8
30	2994
241	3472
0	1280
0	39
0	3509
145	3509
0	0
0	0
0	0
269	0
0	0
0	173
0	124
469	297
0	12
30	12
3671	856
13	770
201	590
28	1
0	1
1160	0
14	0
0	0
0	0
1157	258
0	0
0	258
2794	153
0	8
102	0
117	0
26	4303
628	610
0	1371
355	4641
10	867
6	110
0	30
0	867
94	0
2	0
178	0
59	14
4	14
0	0
0	0
0	0
0	0
0	2
0	2
0	2
34	2
0	2
669	130
10	130
19	109
0	0
0	0
0	0
0	0
0	0
2475	7
388	75
1874	1
18	352
1	352
390	90
0	90
1642	0
0	0
0	0
0	571
0	5
0	549
51	615
1784	0
0	0
0	0
0	33
28	33
573	156
0	82
0	156
1064	3203
0	3198
0	0
0	0
113	397
462	397
0	11
9	11
2	0
0	14
18	201
0	183
0	199
589	2
0	2284
0	369
3591	2279
0	1830
0	809
539	809
0	0
0	0
0	0
0	561
0	1046
18	1046
0	1055
0	1057
53	715
19	715
2114	1112
63	555
0	535
14	452
13	23
78	312
0	54
0	238
0	0
136	376
15	376
2	35
0	33
0	28
5	182
1828	1310
0	1276
42	76
0	11
0	101
3	173
0	93
0	0
0	0
257	14
0	14
125	1983
14	335
0	1983
0	396
18	396
0	370
0	37
137	143
0	136
19	135
254	560
3796	1440
0	1440
0	0
113	121
0	655
33	632
0	574
292	574
0	0
0	48
121	823
1561	823
12	264
0	67
0	20
1	264
28	276
2	951
0	51
0	1151
0	1125
94	353
5	353
3349	0
56	0
0	392
0	316
6173	711
0	6
0	41
203	56
3	56
0	0
63	29
15	29
178	907
125	907
171	0
0	0
0	0
0	0
0	0
0	2
0	2
0	0
0	0
0	547
155	547
0	0
0	51
23	39
0	24
0	42
377	60
26	609
98	54
1024	1123
11	202
4	1117
14	1279
20	627
3	1279
0	0
282	750
13	160
0	45
0	713
339	199
1	21
13	194
1114	813
0	813
0	0
0	0
0	0
8374	3142
2	0
0	0
0	0
0	0
0	0
140	7
0	7
244	30
0	30
0	4
0	4
0	4
13	56
0	56
3476	1
0	29
0	31
0	0
0	31
1	51
486	0
6	0
4598	0
1807	2380
0	2378
3361	0
88	0
0	364
187	364
3364	0
6385	1
107	0
5025	48267
3136	48260
0	206
959	206
860	0
7672	5564
6	5555
0	0
439	0
0	0
2283	0
9038	1
1282	0
0	20
0	20
0	19528
1448	19528
1230	8
0	8
0	0
0	0
279	1470
0	465
0	639
4	1470
130	73
0	15
0	59
13	1652
1054	1653
0	2153
0	2153
9	0
0	0
309	159
0	159
38	187
0	187
178	285
0	285
0	0
514	182
42	182
0	99
0	0
0	3
3	3
0	848
338	848
0	1
2124	0
761	130
204	0
288	0
850	1
1443	2
71	2242
1	2242
12	12
30	12
104	313
1	313
0	0
0	1675
0	630
0	909
0	1676
0	1778
0	1566
664	24
626	3022
1009	2591
216	486
9	502
0	400
0	508
84	1698
196	1698
17	0
0	23
0	20
64	42
0	8962
46	8915
0	81
0	6081
13	0
709	657
335	657
1	206
1126	1734
0	276
0	34
0	157
202	134
2696	0
0	0
60	54
0	30
0	24
0	6834
0	3671
3129	6819
0	6941
0	6941
0	0
0	0
0	5
16	5
0	798
259	2486
73	1878
0	2499
731	1448
0	14
14	1405
13149	13
3970	0
0	12
125	12
32	1268
1	1202
139	1223
1	2730
32	2698
0	0
0	0
0	36
98	174
0	166
179	158
17	158
15	0
587	0
2240	0
47	0
0	66
0	2
0	239
20	231
0	237
109	112
8	112
5025	0
80	688
153	688
5220	2309
0	519
0	542
0	296
12	296
0	600
2140	600
151	397
0	373
471	0
614	1766
10	136
0	136
35	154
0	0
0	0
164	70
3	70
1084	1
0	20
0	66
0	13
0	15
0	66
16	66
15	86
727	19
6	7
0	8
19	8
7	0
1	237
338	317
17689	2175
0	2169
131	870
9	147
40	904
1209	301
0	6
5	132
18	8
0	5
0	136
8924	1464
1	1460
0	0
0	0
2	17
0	17
0	0
0	17
0	17
0	17
142	289
0	80
33	912
3476	916
18	14
2	14
29	1332
0	233
0	1273
0	50
67	127
16	136
0	335
39	335
0	34
1	97
0	7
4	103
0	127
0	26
0	0
0	1895
0	276
0	3202
2733	3279
3506	0
60	4310
15	1117
28	1094
0	9798
0	96
29178	8389
44	0
68	0
55	72
18	0
61	0
14	0
87	72
39	298
0	80
328	0
0	0
1593	564
10	564
0	0
0	0
458	4
16	3
0	3
0	2208
3	5280
9961	6467
0	3957
5	23
1172	684
8	0
512	498
639	498
11	0
3	0
0	0
7	0
22	0
114	617
0	3
0	198
0	72
0	617
26	74
0	74
0	60
2226	60
1665	0
6	0
0	355
105	439
0	2
0	4
161	9
3	874
193	874
0	220
62	111
300	601
16	601
0	236
241	2858
0	2858
519	622
0	18
7	18
0	18
20	6521
3409	6525
27	468
0	31
2	458
3647	40
249	44
5	6
0	446
1	448
0	445
28	0
4263	1502
22	1500
78	2814
0	2432
0	2672
28	190
0	8
0	3
0	3
250	0
559	3135
5	134
0	93
0	315
0	33
653	1430
0	471
0	1250
2	1250
498	0
0	196
0	1935
0	1706
0	1983
956	1267
355	1266
18	165
0	165
0	7
43	110
0	110
0	110
50	182
1094	1527
639	0
809	0
24	492
0	579
10	579
4	7
0	7
0	1137
0	34
0	241
12	1356
19	1382
7818	4
0	0
1	0
0	20
0	172
7	713
106	839
0	560
0	422
0	548
0	4
18	4
0	371
2790	722
91	238
0	238
7	3999
6177	4002
0	0
430	0
198	6629
0	6668
0	372
13	6614
0	0
0	0
0	0
0	177
0	208
12	0
0	0
0	0
15	0
499	131
13	682
0	704
5	351
148	0
139	126
5	29
326	2288
0	2288
1130	156
0	153
71	0
20	13
0	40
28	659
441	659
0	0
1	300
0	42
0	300
0	5
0	775
0	35
50	698
0	279
56	721
0	344
5	244
0	29
45	417
0	417
1142	0
2843	8732
11	2
9	8730
27	0
27	417
1	417
6	98
0	55
7	177
0	81
144	333
0	310
2177	305
0	292
1268	73
0	73
19	0
2556	4
18	6
0	23
0	23
0	0
0	0
0	0
16	7
0	7
0	5
0	5
0	0
0	0
0	0
0	0
42	4717
6	4690
0	4760
1947	410
4	408
0	0
3	298
0	298
657	3
5	157
0	86
31	169
59	0
705	0
322	12
0	12
0	1051
743	1051
0	161
0	31
3	140
1181	330
0	0
0	6
21	53
143	706
179	0
95	0
0	1396
4	1493
2	424
0	64
63	64
387	222
0	222
0	0
1256	388
0	4
0	47
7	339
0	0
13	8
0	0
0	0
0	0
0	0
0	0
0	0
0	10
1036	10
242	1767
0	1767
0	113
562	367
0	9
4	245
0	33
0	218
4	143
5	469
23	143
786	1017
0	1013
69	1103
1330	53
49	53
20	209
0	91
2	0
0	19
700	19
0	0
0	165
10	0
4	165
0	527
0	262
0	597
0	86
0	86
0	82
0	82
0	34
175	34
14261	1408
37	1403
0	30
0	0
8	456
0	31
0	45
0	456
0	0
8	74
0	0
942	18
6	18
0	77
9	5
72	16
9	2397
0	2333
86	2441
0	360
12	360
8	248
0	0
2274	0
711	1596
0	1596
0	3691
0	377
0	3586
0	3801
0	3692
23	517
0	1501
548	1674
975	5659
1050	5660
25	46
382	118
0	0
57	1140
0	87
529	1398
14066	970
0	790
0	171
0	0
0	0
0	0
0	0
0	0
0	0
0	0
143	134
147	211
1031	645
0	645
874	0
0	3094
0	199
2154	3094
0	118
0	0
25	0
7	323
0	323
0	266
15	204
6	181
1	70
0	0
96	1785
248	1785
9519	9940
0	9935
63	568
6	301
39	324
0	100
0	129
0	67
0	106
0	79
0	172
20	232
122	506
295	1979
0	1979
4	699
0	0
0	0
60	0
1403	1219
0	74
388	143
9	143
3	118
0	0
5969	5678
136	5669
76	183
0	0
0	0
1275	0
123	32
11	48
9	42
0	23
226	134
0	119
0	1
5	50
282	354
0	304
493	2076
2657	2077
65	60
0	1
0	1
0	1
0	1
0	1
15	1
0	1
24	13
0	118
0	11
0	11
0	2
0	0
0	7
5	10
30	0
0	0
727	340
0	371
9531	372
313	0
13	1
1346	24
6	149
5057	170
0	0
0	0
0	0
1829	1949
448	353
189	34
970	2813
14	2800
1163	0
0	0
0	0
172	455
6	455
2265	110
0	0
0	1026
6304	1033
10	704
0	14
0	691
245	172
0	229
1	49
0	456
4	1326
0	830
6	1366
0	3
0	3
0	0
0	260
154	260
94	715
87	3615
0	187
0	0
1210	3615
15	423
135	4313
748	4293
0	20
0	12
0	9
513	32
0	10
0	10
0	8
0	0
213	0
0	0
923	0
915	1561
20	135
0	1527
4	247
0	219
0	0
8	1071
0	354
0	362
0	265
0	1071
0	1155
360	0
208	192
908	389
0	280
0	310
0	9
0	9
0	9
0	9
36	60
0	60
0	0
74	0
171	0
5	269
169	546
277	0
0	0
22	23
9	1359
0	420
0	6
1	1344
0	1335
0	857
0	1
0	1
104	54
0	52
0	54
567	441
0	778
0	773
228	916
0	912
0	850
0	848
0	775
0	807
0	0
0	0
0	165
0	14
0	88
63	381
0	348
1095	0
5	37
628	1560
0	1557
3	1542
0	217
218	1274
76	1433
3	41
13	41
670	520
2	301
765	320
989	1
0	730
806	2083
975	1091
1	6
11	1959
270	1958
10	1
5993	2
23	0
1624	9
43	327
0	65
4	327
90	430
16	430
0	0
0	0
1	9
3429	862
211	376
0	486
19	51
0	0
418	763
783	763
1205	734
21	734
17	326
1637	1104
0	818
0	65
0	5
51	1
0	65
0	65
0	437
60	585
0	585
0	0
0	0
0	198
0	280
0	41
376	0
0	472
7	103
1492	528
0	1
0	0
0	0
1	161
1123	643
0	2278
9	2363
0	2211
49303	21
6428	3443
77	2539
0	146
51	858
0	2796
658	123
0	123
9	206
505	1135
13	931
24	0
3049	3
0	0
0	173
346	1
146	185
1503	3109
0	1041
31	64
25	1706
0	2168
94	1829
92	2012
0	1882
85	457
0	457
0	0
0	0
0	0
146	0
46	0
0	6
0	60
0	60
0	2
450	1
5	1
0	1
0	896
0	1106
251	2322
44	2273
67	0
376	0
310	1
30	4494
0	4225
0	4502
7	1
0	0
88	456
52	456
165	0
1198	0
782	509
5	183
0	183
0	0
86	0
0	0
0	0
1629	3
0	0
0	0
0	29
8	29
406	0
0	0
143	554
0	0
0	40
25	40
888	0
20	455
0	455
0	439
3	118
501	158
0	40
73	2
51	54
22	0
253	0
242	191
0	38
0	0
15	223
0	223
0	18
30	18
65	18
0	340
2313	340
0	271
5	338
29	338
94	123
0	123
9	13
0	13
0	5224
0	24
0	33
0	5072
0	3476
0	5142
646	0
2296	2299
206	154
184	8301
22	0
58	0
6	3
1257	1620
22	1595
0	921
0	868
0	706
0	128
0	0
3	0
17	0
0	235
952	245
0	0
197	191
0	0
10	0
38	582
0	96
0	66
0	516
13	638
1078	0
365	0
0	340
140	340
36	0
0	0
0	7
11	40
1	40
0	0
0	115
0	0
0	212
61	212
3	202
53	0
3189	1078
0	1076
152	745
4	331
0	663
1367	1
0	7
114	3077
0	325
10	3091
502	0
0	0
7	0
36	2788
0	2788
0	285
525	285
53	5
0	23
9	23
240	262
0	262
3956	0
8	4
0	21
102	25
0	11
0	11
0	11
714	2
4	52
12	130
0	18
0	23
0	23
0	132
61	0
3	0
0	66
0	70
26	7
0	7
0	50
0	1
20	50
161	142
0	51
1	0
0	0
291	0
1	6393
727	8795
32	4712
4	395
290	367
84	396
1213	1
0	0
0	0
0	8
0	8
41	763
0	128
17	759
0	50
1352	50
0	161
33	161
85	103
343	173
0	60
23	46
973	2875
1	2870
0	0
0	0
745	19
0	8428
0	8059
39	80
37	80
1097	0
0	141
0	142
0	142
0	442
421	442
85	39
0	39
13	0
0	0
0	0
1117	177
0	177
0	24
0	5
0	40
0	24
19	40
15	93
0	93
5	27
0	10
0	10
0	82
0	2
0	70
0	89
0	236
626	615
64	122
0	0
69	0
1170	294
0	155
46	28
0	28
0	0
0	12
0	149
9	23
0	149
21	184
0	15
0	184
0	0
13	0
180	0
227	844
0	835
0	830
0	842
0	310
0	516
864	0
123	0
23880	7665
54	7662
4	18
0	18
350	415
5	415
616	409
0	409
0	83
295	83
4157	7
6	333
21	333
9385	5743
1189	3
322	1273
12	1272
1676	17340
0	1521
8	16258
4	8173
5	15169
0	760
3292	1940
2539	6
947	887
2	346
26	268
0	289
0	0
0	0
1737	46
6	46
14	0
163	0
1084	366
29	366
0	4
0	9
0	9
0	5
0	1
0	36
20	36
1565	459
0	459
0	656
6	535
0	5659
64	5307
0	417
7	2610
139	2056
0	2056
0	0
212	0
0	0
0	4
8	4
0	17
0	9
0	13
0	17
4	52
62	4640
103	4643
1	2
474	1209
0	697
8	435
0	2
0	722
0	0
974	1820
0	1820
234	0
0	41
13	1373
0	1128
2	1453
4	0
0	0
73	49
775	1807
0	2547
0	2552
39	0
0	0
13	460
330	1079
0	0
0	0
214	5
0	819
0	375
230	1704
706	0
0	18
1903	1347
33	1365
0	541
22	890
0	890
10	0
0	0
79	0
1126	2226
14	2239
19	1499
0	567
107	8
0	7
5	1
1604	2
1443	3796
0	3796
5915	540
991	22768
0	21225
0	7436
65	21488
489	0
0	737
0	737
0	11720
13	12416
27	11036
11	41
112	0
0	20
40	24
0	21
37	281
0	1
0	260
0	256
2216	1377
1	1289
0	841
0	1375
0	290
183	1231
0	1231
0	291
219	291
172	126
6	65
0	7
7	8
4057	1633
36	87
52	75
0	1537
303	0
0	748
0	276
186	1844
96	234
11	1882
0	0
0	0
0	0
0	238
0	388
0	270
189	431
54	209
0	33
21	206
282	70
0	70
397	0
235	250
415	5
0	4
579	107
22	90
0	17
5	0
1567	0
8	83
6	83
0	28
0	514
14	0
0	508
0	477
1195	2244
3	178
27	2244
16	0
58	0
0	37
0	140
25	140
0	3
5	17
0	32
29	42
52	0
0	29926
9	55758
16	38172
2	30113
21	26107
7	131677
4	142788
0	76440
488	2705
0	376
108	2641
0	0
0	1
0	1
354	56
0	56
608	952
0	242
0	1227
0	18
0	1216
0	1287
0	1313
3121	1313
1513	164
0	164
4	0
0	352
18	264
0	690
0	648
17	1143
2	1083
19	373
81	373
299	37
0	37
365	0
0	0
0	0
0	0
0	665
868	4155
0	2203
1	528
7	4294
236	461
89	461
493	261
0	77
0	219
0	0
0	0
0	1
0	0
15	1
42	203
0	774
0	726
309	107
9	658
133	658
46	1328
27	1328
103	2
9	30
0	0
0	0
6	12
0	8
0	0
0	0
226	1855
2715	1850
0	3
77	3
0	37
1136	34
0	37
3143	723
0	723
557	0
1759	1485
0	936
2	549
600	1671
0	1577
103	703
3	17
0	66
0	0
0	66
0	55
142	0
2	11
200	774
0	1196
120	1203
1	1208
616	80
24	42
0	73
0	1307
1236	2008
0	864
0	4
0	0
0	0
0	4
0	0
0	0
87	933
15	915
0	14
0	716
1	941
48	722
0	170
1910	26
7	24
552	2995
212	3106
202	1256
1493	1256
3	615
968	927
0	195
4	767
1	0
42	16
3012	717
5	717
0	73
0	119
0	78
636	509
0	0
0	509
4	0
2243	0
654	4
341	1
24	504
0	2246
6	100
0	72
13	2246
66	0
6	7
0	2310
43	2236
26	2534
4	112
130	230
129	1265
0	2466
97	3932
0	1388
0	3490
23	43
0	43
0	0
0	0
1684	139
36	0
0	41
47	326
0	330
0	50
0	16
203	99
0	29
0	9
0	95
0	95
0	95
0	0
2761	0
0	139
0	0
136	3060
64	3060
0	5746
5	22401
0	20926
0	20383
0	10
106	13
63	0
11964	0
0	0
79	137
58	2
0	2
42476	25
4575	1005
0	0
0	569
5018	569
444	0
0	700
0	69
0	122
0	0
1195	320
8	4
0	0
0	0
205	2
6783	1631
0	0
6	1
0	1
1050	3
234	2323
3	2320
3164	1
0	0
32	235
203	1
883	0
109	627
0	0
7	627
13	0
45	35
109	66
0	53
5132	0
560	0
0	0
0	0
3038	4
0	107
248	149
3	71
0	0
0	0
0	0
103	39
28	0
3193	2056
0	606
70	340
0	1921
27	1550
62	1550
171	31
0	31
0	2042
2	86
35	2042
12	387
0	363
0	128
677	1367
0	1440
0	1274
0	1419
15	0
0	0
0	0
0	0
2	0
0	61
5	4496
0	4551
74	4482
18	4492
3163	1248
601	1478
676	1254
1902	3393
12	47
7	48
26	2
3	203
359	203
1	6
0	6
1285	0
8	0
1149	3981
99	3981
80	49
0	1656
0	1656
1	148
9	148
0	0
0	0
52	383
0	351
0	383
8	596
0	478
0	485
0	466
278	634
31	625
32	99
1348	1
262	40
0	40
794	0
0	0
0	0
302	317
7	258
0	90
291	0
0	2
0	2
3359	1
1689	0
1911	0
0	1361
6	1615
0	1615
0	1877
274	133
254	2010
0	21
2932	3416
0	3416
13394	1
68	224
4	224
17	87
0	87
965	142
0	142
0	0
0	28
273	38
0	10
529	194
0	0
0	0
1	601
1	490
169	83
0	20
96	798
0	230
6	798
241	767
16	767
593	503
62	502
47	247
14	247
3367	0
0	386
0	296
76	375
33	0
33	65
0	65
5	0
6	0
28	0
7	3510
15540	3520
4	46
0	46
0	29
0	26
0	0
5	0
2750	0
4041	633
59	627
0	911
74	911
0	3139
255	593
41	3139
264	74
23	74
41	134
0	134
4	65
0	65
62	708
950	1060
335	298
0	658
30	1059
113	543
0	11
0	11
24	203
6	203
0	203
1203	1984
0	1928
22	1925
33	1975
36	1970
13	1878
860	486
312	486
0	0
0	0
915	14329
304	2208
0	13552
0	11536
17	11966
6	12384
0	11861
124	13112
39	425
0	312
0	1111
40	637
9	1406
36	1275
502	0
0	0
32	981
0	981
0	135
5	110
0	106
16	255
69	255
704	400
1	399
4	5
852	0
15	0
429	0
21	3447
0	854
207	3447
2224	918
0	918
1274	1575
88	254
128	1625
114	309
0	265
3	623
0	305
2	670
0	316
151	799
680	1230
1736	1881
30752	1890
216	72
58	25
0	72
179	0
0	0
373	2524
0	2524
4	549
157	549
0	187
68	26
0	2
0	24
1406	2735
0	77
110	2430
0	2729
3013	4
40	115
0	2
0	0
0	2
1	256
0	256
8	39
0	15
0	15
0	21
1	42
232	42
7	1
0	1
0	1
1897	0
2	7
0	7
0	0
0	0
238	0
7	10
76	10
0	338
0	91
0	0
0	203
46	338
0	117
880	117
3	211
0	60
2	6
5552	1402
346	164
0	5
7194	3
25	1
0	1
282	1120
0	1120
111	121
0	768
392	773
91	1
1381	809
18	809
0	0
0	6021
1491	6026
0	46
1670	128
6	0
0	50
2	138
77	293
0	420
0	3681
0	3704
55	401
1	7231
86	6725
0	7064
0	6571
80	867
0	272
0	326
0	96
0	867
0	2
728	659
0	554
0	36
0	65
0	315
0	35
5	67
79	315
30	0
0	145
3	83
0	2
2	106
497	214
5	14874
0	14874
0	10653
194	823
0	554
885	270
0	27
812	1324
0	12
5	12
18	48
366	0
5	0
0	0
56	51
7	51
628	3
489	0
0	0
0	0
3886	179
3	15
0	179
0	3293
0	1406
5016	3301
1022	0
56	0
0	22
0	22
0	22
0	226
451	226
0	226
0	0
0	473
32	403
191	468
48	2
0	333
5	304
61	165
123	4783
0	4783
78	77
0	76
0	77
271	0
0	91
0	95
0	84
0	0
98	0
6	27
5	12
5	28
219	1514
10	159
0	1396
1752	243
43	169
7	237
0	0
0	90
39	103
2626	395
131	398
442	387
0	167
0	36
9	0
0	34
145	34
34	54
0	2
0	54
0	51
0	10
279	27
0	7
21	7
2927	5261
0	5505
0	60
0	527
0	729
0	5742
0	2159
1087	2340
0	2340
376	646
0	268
0	57
13	0
0	112
700	112
336	0
322	0
192	0
0	0
5	0
15154	16
63	18
0	6
1	12
0	8
0	9
42	9
9719	5
3	1400
3113	3003
0	1837
1972	3
0	0
453	0
363	1019
18	1069
0	1069
43270	28564
7	28539
65	0
2035	0
40	1211
30	226
84	6
22	1205
205	128
0	28
0	15
94	0
57	0
0	0
0	247
219	981
0	877
0	0
28	201
935	201
5369	2
4721	0
42	0
4	0
2653	449
861	0
8752	4
8	0
1	172
0	2
127	172
363	0
2417	1454
557	0
6	0
77	1984
0	1984
0	0
8	0
0	15
0	26
0	26
0	20
0	48
2	92
1	85
1481	1
0	0
0	0
0	3777
0	10454
0	10622
7	53
0	111
0	83
0	99
23	111
0	83
124	138
0	138
3	5
248	0
11	752
13	716
0	559
0	0
0	15
14	15
1	0
4733	367
0	364
1483	0
23	0
18	137
3339	2225
3	288
0	1903
17	1962
36	346
37	346
86	0
2496	124
0	124
123	290
0	14
162	87
2	87
4	2
0	0
0	0
449	0
82	0
0	725
83	725
150	117
0	116
24	49
0	49
0	28
372	867
0	863
74	72
5	72
0	0
0	0
0	711
66	1095
27	0
0	5
0	2022
0	294
3567	2022
0	0
0	0
0	0
1	16
0	16
298	40
0	73
28	74
0	0
0	0
28	274
0	11
7	67
0	7
0	0
0	272
0	267
0	272
0	277
698	663
0	20
0	20
620	1358
0	1358
0	0
0	0
0	2
0	2
0	2
0	2
0	2
0	2
0	169
0	751
208	817
7	894
0	894
0	782
0	26
0	782
110	118
201	77
0	57
0	61
0	26
107	26
8009	11097
2293	11093
0	42
0	49
0	67
0	49
22	67
0	34
58	40
1117	0
1229	0
0	312
0	203
0	207
0	379
300	756
0	435
443	401
0	401
68	1168
0	313
71	1168
129	218
115	218
0	0
0	0
0	0
10	152
316	152
0	1753
22	1117
18	1586
11	0
181	1108
11	1327
9	371
181	170
0	78
0	134
8	600
48	600
5376	0
75	3
0	3
397	0
0	0
4	9
0	9
7547	3429
5	3462
73	3034
5	0
279	18
0	18
487	19
0	18
0	184
310	2396
0	1978
13	38
268	148
0	148
0	0
16	0
0	4
0	4
1	949
0	331
0	262
8	0
0	0
0	0
144	222
22	221
294	0
959	0
22	0
326	378
0	0
0	10922
0	3677
21395	11472
0	3785
1567	0
0	54
0	38
0	13
117	92
0	19
0	19
85	175
0	180
0	0
0	29
2	29
6949	6
0	0
0	0
0	0
0	11
0	11
0	0
1	0
0	0
292	0
152	248
0	248
4486	1554
0	1307
0	1554
229	279
19	279
180	368
117	368
1	60
0	13
0	7
67	60
19	60
10768	3
0	0
180	168
74	209
0	193
0	342
612	2081
0	856
3	1028
170	167
0	167
0	142
15	4
0	4
29	142
0	142
13	0
0	576
0	576
0	576
1475	0
2463	2244
8	352
65	2243
239	0
61437	40
0	97
213	169
9	0
414	0
32	459
0	306
8	72
0	72
0	459
5555	0
136	14424
0	8482
207	10806
2	3518
0	7160
3338	1
8018	861
2	503
0	356
0	0
16	142
0	142
112	0
0	7
11	11
1	11
6294	5
0	11
0	12
234	12
1642	0
87	49
36	0
45	46
40	3242
0	148
0	3329
0	3329
210	242
0	1481
69	1486
5	0
16	0
6	0
10	0
1	7
148	37
0	37
346	367
38	37
1004	375
2688	0
0	131
2468	131
264	6
4	69
0	0
0	0
7	0
39	0
1608	1
0	0
195	0
0	27
0	17
19	44
0	0
0	0
3	0
0	0
90	53
5	70
0	70
1410	1880
5	28
300	1880
21	128
0	2
0	8
26	8
66	335
1483	1
3268	0
135	0
53	0
24	1228
0	16
0	322
61	739
81	739
382	5
345	0
0	0
0	0
0	3
0	7
0	7
0	0
2201	748
23	311
5	558
0	78
106	78
0	0
125	8
0	8
0	1
5	1
0	20
0	0
0	0
0	21
18	0
0	119
0	117
0	119
0	232
0	92
1810	5136
0	0
0	0
7048	5
0	116
610	254
4	51
6	0
47	8
284	16
24	16
0	8
0	15
8	117
14	17
3	115
50	0
0	0
6	5
0	32
0	0
0	8
0	0
0	0
0	32
0	32
0	0
0	0
0	0
2891	0
0	1234
0	1253
0	1166
0	1316
0	1300
5	1289
0	1215
136	863
91	881
4	881
17	322
0	322
0	220
90	1451
88	1451
373	168
0	75
16	171
9	0
0	0
94	329
0	10
0	75
0	258
0	253
0	258
0	0
0	0
0	0
0	1161
0	141
0	888
54	4775
0	294
0	4560
0	0
0	0
7	428
0	453
7	456
34	0
0	0
0	13
403	13
241	245
0	245
725	1
0	535
0	95
0	567
0	596
0	591
2	77
36	77
0	0
0	0
0	0
0	3
0	3
0	3
0	3
12	13
0	0
0	0
0	8
25	8
245	457
0	457
131	0
2193	0
157	48
0	48
0	71
0	230
0	271
0	218
0	0
0	5
0	5
10	5
0	15
0	232
0	187
0	217
76	324
0	214
1	0
17	0
0	302
284	302
0	19
6	14
2	0
0	325
0	160
5	751
0	158
0	691
25	268
12	211
149	363
1303	1662
2	1648
0	1739
128	129
29	1974
13	1974
0	0
0	22
34	22
194	0
32	496
2	496
0	485
0	1125
18	1125
120	7
0	38
0	189
17	102
0	160
1040	631
0	338
16	367
0	339
35	48
235	455
352	455
801	298
181	470
0	204
0	141
75	0
1770	0
2	0
0	0
0	0
0	19
0	19
22	112
0	23
10	171
390	28
4	28
0	236
0	2
0	0
0	221
0	144
0	236
0	137
267	1
0	1
0	0
0	129
0	258
474	292
0	262
139	258
0	54
109	304
31	211
0	87
1156	17147
83	17147
0	0
2743	2381
10	228
491	228
0	3851
0	3831
13452	4345
0	4317
7	3194
0	1837
3	0
0	0
0	108
0	23
305	253
0	182
0	115
5234	223
0	223
536	754
0	754
0	0
5	0
11	220
25	220
205	0
3	0
0	200
7	310
0	195
0	104
0	172
0	204
0	196
0	2537
4	2415
0	2266
19	2486
0	2351
7	2536
0	2586
1	2270
283	180
487	180
195	625
0	625
0	0
0	0
149	94
72	53
8	0
11	0
22	182
0	182
1916	3810
0	3808
0	22
0	0
0	0
0	0
1897	5
0	0
0	0
0	0
144	0
3	224
3	64
0	47
3	226
44	0
232	760
30	17
80	0
0	341
0	45
12	0
7308	9
129	1077
27	1133
34	332
531	332
93	413
0	416
2449	1053
32	1053
4170	4040
0	4040
0	0
0	0
0	2
0	2
5	319
0	249
0	13
0	206
0	195
0	165
0	7
0	163
0	248
0	0
6	0
128	29
0	269
993	1483
0	1399
0	1483
0	428
2320	685
0	114
93	302
0	302
1210	452
3	449
51	108
110	2068
247	2068
2392	0
39	47
42	47
0	84
0	99
0	19
0	32
305	2720
0	2657
1	583
0	1104
25	3
0	3
20	100
0	100
87	564
95	294
12	431
0	55
9	37
0	9
0	55
1942	0
1756	8
0	44
259	0
0	0
0	0
7	4
12882	3
101	1134
0	38
0	136
8	1127
0	738
1	4
0	85
0	10
0	85
0	34
9	34
2355	0
5	167
0	25
0	648
0	657
172	16
0	16
237	1810
0	57
3	1659
0	2
0	2
10218	6
0	1157
12	1161
57	117
2	108
13	74
16	1248
6	975
7	1034
0	1144
0	0
0	0
22	884
11	37
0	1178
0	1212
2070	1007
19	877
0	472
753	447
0	446
5145	1
0	231
0	0
2	14
0	86
0	184
63	137
0	138
10	191
121	191
105	146
3	76
3	134
0	59
0	83
0	661
0	7247
0	799
0	7076
336	7079
81	764
0	369
0	4
0	163
0	0
0	0
0	76
0	0
0	0
0	0
0	0
0	0
167	0
251	270
0	270
0	60
0	61
0	61
1015	3551
0	3008
50	547
328	0
0	416
203	429
178	0
0	0
0	1266
137	1266
0	230
153	230
0	134
0	14
0	14
9	432
10	2
30	432
6	51
1480	21
111	21
13	0
0	0
5	0
0	0
0	0
5	16
68	16
0	0
0	0
3	0
504	0
288	592
0	0
0	0
11	76
1222	5436
0	99
0	40
0	5555
6	0
0	0
0	0
0	65
0	86
9	179
6	2
0	0
0	177
33	63
0	63
21	568
0	200
1	534
436	56
25	56
27	26
2	26
6	0
34	43
15	2675
36	282
18	2393
0	1577
0	337
17	1515
0	1310
418	0
0	3062
427	3062
0	35
91	209
0	207
44	55
4	55
0	47
24	676
1	299
673	604
0	23
0	23
0	21
405	65
245	385
43	364
0	3896
19	3896
7	36
0	0
0	0
1284	2561
15	2561
43	161
0	161
924	0
59	3703
4	263
0	27
0	3715
0	3662
0	3796
56	3579
0	0
0	0
0	0
1	904
0	3
0	2
0	1
0	0
0	935
1406	935
0	0
2	10
3	10
0	9
1077	191
0	0
0	0
276	735
145	735
6	505
2	588
0	588
176	132
0	132
1	530
3	530
166	425
61	1906
0	740
11	58
89	2089
36	250
0	57
7	2191
8	2147
172	159
0	9
0	122
78	47
0	47
0	29
0	0
8	166
0	206
0	208
100	65
675	0
0	9
0	3
0	3
22	0
0	1298
101	1355
13	0
0	0
0	7
17	10
0	10
93	136
0	53
0	12
41	73
0	73
1026	0
766	145
0	127
0	23
25	0
0	0
8	0
1843	0
4	0
0	0
33	18
0	18
1362	0
681	522
0	16
56	1552
199	1552
822	0
19	0
302	0
236	22
4	22
504	0
9	0
453	1136
0	1136
372	0
1186	132
90	0
0	0
0	23
0	23
0	14
0	2208
73	2173
6	243
0	62
433	958
0	958
0	0
0	0
0	0
0	0
9	7
1	144
0	951
27	984
0	104
0	2
13	950
23	985
0	0
0	0
5944	5
0	7575
1047	9465
0	1971
49	1
0	0
0	1
1	0
0	0
215	2
1272	0
3633	482
1636	0
0	0
6	1
0	3
0	3
32	632
205	632
102	206
0	206
2	0
0	684
0	75
0	136
0	234
17	721
0	668
29	147
8	0
0	0
129	0
4	46
2	0
13	57
0	57
28	200
0	46
272	200
1573	0
458	0
30	1386
570	1386
222	377
0	169
1	20441
0	21666
0	22790
307	25216
0	24093
21	13
0	13
0	0
0	0
0	0
4	0
5	0
931	0
0	0
6521	15980
13	15979
0	6296
2	4655
3063	1
1425	108
0	108
114	3
0	3
0	217
0	0
0	158
8	83
1837	0
54	0
3738	0
41	25
411	25
586	0
0	0
1142	1
0	262
0	262
39	0
3	0
13	11
0	3
0	9
99	29
0	20
0	0
596	0
50	88
16	630
220	630
19	0
0	0
128	0
9	0
6243	6
1	27
375	224
0	204
0	174
0	201
0	185
0	0
0	0
4	12
0	12
0	70
751	3509
7941	3547
435	1559
0	1559
9	176
0	19
230	194
160	140
0	0
2	0
0	0
18	13
3195	271
449	8
0	8
23	412
2	412
0	4
0	3
0	3
6	4
1892	0
0	8
0	8
0	1203
353	1203
234	177
0	177
0	0
434	0
199	5410
0	5410
0	3757
11	1008
7247	2627
3	2185
0	436
0	0
0	90
6462	511
0	207
0	156
20	148
0	605
0	80
1585	605
0	0
5	0
0	0
0	0
0	195
4	7
0	7
539	235
0	234
17	71
66	0
37	28
0	66
60	113
0	87
28	109
0	109
56	0
0	105
0	105
1960	2
6	352
0	0
195	0
3	529
0	419
230	529
0	774
0	3938
0	3762
0	4019
0	3503
0	355
0	492
1150	1057
0	620
0	141
0	3
0	48
14	49
1	214
0	214
72	194
0	0
0	0
0	0
35	0
298	0
3171	1
0	8
119	659
435	651
0	130
39	494
87	0
0	31
7	10058
0	4127
0	7115
5566	14697
54	12761
0	161
2848	513
0	1
0	1
381	265
0	265
0	130
0	0
43	130
0	283
0	0
0	0
323	0
7	330
0	1167
1216	1497
2593	0
1301	1545
0	628
0	2755
9	2615
0	2666
3	55
9	325
0	270
0	268
0	1
0	1
464	153
3	153
1996	643
123	643
0	78
41	78
28	0
0	0
2	5
0	5
0	5
0	0
4476	83
0	81
1284	1
0	0
1	0
2	0
13	0
125	0
1590	557
104	557
3	294
45	290
0	65
0	611
581	457
0	224
0	456
46	1133
0	359
13	1134
0	34
0	3
13	3
779	448
27	463
0	0
0	0
0	0
44	0
2236	339
6	11
0	338
4	169
4	0
0	0
0	0
0	651
0	6
0	635
0	646
0	630
7	0
0	56
0	56
0	19
0	19
0	19
8	0
3	1102
0	1013
13	59
21	854
0	1
0	725
9	603
3	835
1092	1596
0	1134
59	94
460	0
527	1823
17	1823
6	43
2	262
0	141
0	87
0	110
0	146
1156	10
6482	449
0	76
8	4
0	29
124	621
0	651
50	561
1	30
0	45
0	149
0	148
4	562
0	0
0	0
0	0
0	0
0	24
115	0
0	1
0	1
11	1
0	0
0	0
0	325
0	17
0	12
0	12
0	12
1	318
0	325
6	480
2	356
16	273
50	273
37	485
0	470
0	456
0	31
111	31
2	0
0	0
150	6
42	2
0	2
174	92
1784	0
0	20
1120	0
0	184
0	189
167	656
0	613
2	58
5	58
0	654
1563	654
0	16
0	6
0	16
22	144
0	143
23	3807
0	28
0	3080
80	1753
2695	9144
0	5282
19	3642
7	4616
0	2718
1850	0
283	403
918	403
3045	0
17	575
0	42
0	548
91	572
1942	451
48	451
95	318
29	318
34	159
0	62
0	9
44	40
31	0
6	0
403	743
0	142
194	188
3	61
0	35
836	192
0	192
3	138
2293	2955
57	1512
11	1164
6	641
1110	576
0	1590
29	2
0	2
0	140
26	52
0	291
35	314
77	40
0	36
0	36
38	0
0	0
0	0
407	301
193	739
0	236
47	298
0	57
3	80
0	50
3	45
0	53
5	0
0	50
35	2519
84	2519
37	0
0	67
79	67
0	882
25	1523
2432	1530
0	7
77	94
0	94
0	111
0	52
0	1138
14	1774
0	1309
0	43
1	64
15	54
0	137
24	187
503	93
0	93
49	731
0	731
0	728
0	0
0	0
1795	524
0	312
0	318
74	393
0	393
0	1666
0	417
366	2949
0	1385
4	0
2637	10
754	18
409	1
967	0
270	0
5	910
436	3524
230	3524
0	0
0	18
0	266
3	266
0	263
80	364
64	364
11	33
18	5
529	378
21	118
0	257
2011	5866
159	3224
4	1242
123	1149
3	696
260	696
0	0
0	0
11	9
0	9
0	31
0	14
0	31
0	31
0	0
155	0
28	0
0	772
0	1533
517	1533
2	0
29	0
774	5386
565	5386
0	0
0	0
9	0
0	102
675	102
58	54
178	54
0	83
3475	83
515	1
0	32
0	92
3	92
19	0
0	275
102	308
3779	0
1470	116
0	116
0	4
11	4
0	1067
1244	5540
2	69
3	69
0	0
290	0
1337	2718
0	183
0	14
0	2704
1376	771
0	771
563	1
3	1
0	1
0	0
21	1
334	0
5814	0
0	0
0	0
0	22
69	22
0	0
1	885
195	1776
0	1201
148	1703
0	1221
0	108
0	108
77	1212
5	64
0	64
0	5
0	7
0	9
0	19
0	19
0	19
0	19
4778	810
0	804
31	0
63	0
7	3
0	5
0	988
0	408
0	555
0	114
0	913
0	1019
0	0
0	0
7	0
0	824
0	824
5470	1
403	872
586	1887
9461	0
82	1410
0	1410
0	571
3	477
0	562
2498	6291
0	6291
283	5901
0	0
0	0
92	2731
0	209
0	1819
29	2731
2379	166
0	520
0	6272
0	4405
1683	6792
0	174
582	118
2	183
0	1338
280	2030
0	2215
0	2035
0	0
0	0
0	0
0	0
811	527
0	527
0	97
0	297
0	297
0	101
0	68
0	54
846	112
4	259
0	66
3	257
62	0
0	0
0	3444
0	3361
2	3421
3	0
0	70
272	0
670	1
46	0
1792	1655
0	1489
137	681
0	38
0	33
0	161
638	522
1	0
0	9124
0	8865
0	0
12	50
0	50
0	56
0	0
0	59
0	59
0	213
14	247
0	247
12	0
426	734
0	47
17	22
3	75
45	75
0	47
0	3
271	0
5	32
0	23
1137	337
5	305
30	24
0	24
0	35
83	35
17	13
0	13
0	949
224	2555
241	2583
0	2594
0	394
0	350
0	10
0	39
4	327
0	115
761	248
0	4
0	7
0	7
623	6926
0	5924
309	498
13	498
48	18
912	1825
5	198
5616	4
497	459
0	459
48	0
3202	0
97	0
0	341
271	456
3	367
0	425
1483	0
579	805
0	1121
0	1189
0	1248
641	0
9	0
0	114
359	238
2	213
0	0
0	0
0	0
0	10
0	10
6	0
0	7
0	7
29	1489
0	1489
5	20
0	20
1	3
0	3
93	21
0	68
0	56
1645	94
130	465
0	66
0	9
457	463
0	885
426	917
53	545
1	268
0	268
0	17
17	137
0	137
216	0
44	43
0	43
49	200
0	12
1561	124
0	112
0	21
19	21
0	0
1	0
0	88
7	88
0	70
8	71
0	79
0	80
0	84
0	47
0	0
488	464
0	464
63	7844
0	7844
66	181
95	0
0	0
0	0
1	24
0	24
7	0
17	1013
0	131
0	1013
409	1229
0	582
335	1134
430	0
1079	0
0	0
0	0
0	304
7	36
28	131
0	43
464	43
0	143
6	143
0	74
6608	3
672	1
1616	0
73	201
119	671
0	671
0	4
0	23
7	23
0	23
76	0
0	45
0	401
0	101
5	384
64	0
149	812
70	42
0	208
0	252
11	1109
0	1017
102	720
0	720
22	112
0	112
3	136
4	404
43	405
0	425
0	12
0	12
111	240
0	240
11	0
0	0
0	0
0	0
0	0
0	449
2	219
14	286
13	700
36	633
0	260
0	2119
0	339
19	35
28	3049
0	3151
0	0
32	0
3298	0
0	0
0	0
647	153
28	0
2689	0
1	463
0	107
273	119
19	270
0	162
0	321
4	284
83	0
0	0
0	0
0	0
0	0
0	0
2067	0
481	8431
224	8431
0	84
0	1884
0	1916
0	1875
147	1805
403	0
37	558
96	558
0	190
4021	0
103	4971
1884	4922
0	605
184	49
203	0
58	699
9	734
0	693
721	1
0	65
20	65
54	190
0	123
261	164
1	127
1009	0
20565	9915
0	9899
0	571
102	521
0	598
0	469
0	371
0	140
6	1611
0	1544
0	1362
0	1424
2	0
0	0
2044	10995
0	10995
748	291
40	291
1	2
0	2
92	995
0	995
0	6923
0	297
0	6778
5	7171
0	6445
0	2350
151	2350
0	744
168	825
28	817
790	103
0	102
0	0
0	6
4	2058
0	1323
0	703
1900	1950
142	9
233	0
444	440
1566	0
1772	0
681	393
21	393
650	0
44	1110
0	29
42	1096
0	887
0	0
0	866
0	999
2	0
2319	0
29	68
0	959
20	879
3	1067
0	0
2381	3158
0	0
0	3158
722	509
242	277
799	17
0	17
0	420
3709	422
2412	1
0	3
0	3
1	102
0	102
269	551
0	3166
0	493
87	3509
325	3509
33	2
0	2
0	7
0	0
3	7
0	0
0	318
0	2863
0	721
2407	2866
0	167
0	167
7	229
140	255
0	1834
0	177
2512	3374
0	1992
1369	0
296	0
0	9
0	0
1394	51
6	42
1296	490
0	488
0	470
106	0
823	0
0	13
0	0
0	0
0	0
0	0
627	613
0	6
31	6
0	6
0	103
14	103
0	0
0	629
3155	36678
0	3473
4757	30245
2	2067
39	7309
29	2
33	0
113	487
0	247
0	20
76	134
0	42
61	0
504	3637
0	83
48	3554
0	2028
2082	2028
121	0
0	34
0	62
56	96
0	157
0	96
1590	1306
249	1306
7	475
0	1112
289	990
361	1341
88	1106
91	1072
0	135
19	1071
96	446
59	446
0	175
0	1
132	175
0	0
0	0
0	11
0	11
0	4
10	28
5	262
0	262
0	237
4275	352
0	349
0	195
63	300
0	680
0	1242
46	1194
0	364
1819	364
0	0
0	0
0	0
0	0
0	168
0	2159
0	2818
21	2820
0	2831
0	65
11	106
0	0
0	0
0	319
0	132
257	3134
30	3224
72	89
0	750
444	750
0	1533
0	693
0	1640
475	6352
0	969
0	2669
6	6352
2557	0
0	0
1	0
21	55
0	8
0	300
67	579
76	714
9	334
2176	0
601	276
0	14
193	14
3	0
5338	4
0	3
0	3
2772	2
0	17948
17	12423
0	16472
1974	31240
0	18931
0	12392
544	0
0	32
195	32
0	0
0	0
0	0
0	0
0	0
0	0
0	10
0	125
0	20
0	111
61	180
0	117
6	362
6	143
0	303
54	150
0	217
573	1523
0	544
0	43
0	13
96	49
18	43
0	20
0	0
1	493
1270	493
1530	0
0	0
271	93
0	93
2947	0
80	12
0	7
1	41
4	721
282	714
157	3130
0	1207
0	2046
0	1185
1223	0
0	156
0	49
7	466
11	521
843	0
443	0
0	0
23	0
461	2
103	155
0	29
0	126
0	16
0	6
97	6
13068	1065
248	647
3	856
0	851
0	579
26	443
506	194
0	55
110	236
24	236
69	86
0	85
0	99
76	100
169	0
0	0
0	0
0	0
0	0
4	59
203	195
0	195
0	227
0	76
197	271
69	141
0	141
0	141
8430	1
67	583
0	80
271	551
19	8
0	7
0	1
2	0
267	0
0	2135
10559	18817
0	1517
2	8153
0	8364
0	8163
0	17746
3	0
1	4
0	1
742	580
0	580
158	3193
0	2638
0	2503
6	172
0	665
75	2387
779	471
1725	0
604	36
0	5
0	0
25	5
0	71
84	158
0	148
268	0
0	65
0	65
0	1
76	80
0	80
0	222
666	1404
24	41
0	0
5	41
2754	0
521	436
0	149
0	368
87	0
387	1
0	0
607	0
0	0
0	0
0	0
11	349
794	1482
2	800
5	682
5	604
7	173
0	173
2	1781
1214	8719
11	8630
0	7
0	7
0	7
141	152
0	193
247	1931
0	310
63	1685
0	1699
0	1714
0	3
240	3
0	6
0	0
0	6
0	173
106	323
0	278
2	96
0	36
14	91
599	474
16	96
17	8
0	9
0	0
2	13
1	24
0	40
0	29
339	41
244	260
0	26
0	32
0	219
1695	167
27	167
0	0
4596	3
25	540
8	550
0	1346
0	1373
0	1373
0	602
0	1346
21	293
25	79
295	4415
0	107
31	689
5	2
0	2
0	474
667	474
13	12
49	12
0	245
0	336
483	352
1800	716
73	322
0	322
157	0
302	0
13	67
0	82
0	72
0	76
1332	185
91	185
96	5376
1827	5194
8	1636
36	1651
71	307
760	309
45	348
3	209
1346	1104
0	1004
0	1008
0	1010
0	5
2	5
1057	2117
0	2117
619	34
0	34
0	841
0	88
0	859
1635	2637
82	40
0	40
0	5
16	5
0	1
0	6
36	1126
36	1126
601	0
313	0
0	4
173	24
0	20
1	0
0	0
0	0
0	0
0	0
0	0
0	0
0	0
0	0
185	116
0	116
282	0
0	0
0	0
907	0
2012	1
25	41
3	37
0	0
335	8
0	8
564	684
321	372
18	115
29054	44159
234	2518
0	4341
0	43561
0	0
1	0
148	0
284	5
0	78
465	78
123	1804
0	96
0	8
0	1789
79	1701
14	46
180	160
0	201
372	0
180	407
0	0
0	0
41	458
2188	458
0	0
0	0
0	0
0	0
486	1413
376	0
424	600
1	600
80	1
182	776
121	876
0	876
0	103
1	81
26	719
0	719
221	6088
13	2135
21	6088
181	0
0	0
0	0
0	0
4	1027
1529	2065
9	2032
2	1483
0	1535
0	1502
7819	3
0	7
1062	143
0	133
58	19
6	0
0	0
210	306
378	791
0	143
2055	0
0	0
14	208
8	191
6	17
321	71
13	41
0	32
0	6
0	7
16	1606
0	924
9	59
10	1405
0	1555
588	1555
0	50
189	150
0	35
0	1021
0	261
1696	1021
0	85
0	95
97	158
216	11
0	3
5	8
753	132
0	132
51	8
0	8
1438	981
0	1072
10	0
1009	591
2	12
0	2
0	10
0	0
0	0
0	0
0	0
0	0
0	24
0	216
131	219
529	481
0	30
1	480
0	0
8	63
92	113
3	10
0	144
15	134
0	133
159	389
0	389
364	177
0	138
2	11
1711	2
0	549
0	62
0	239
0	636
89	633
229	1721
0	1721
471	260
0	0
0	260
3	50
0	59
0	57
0	58
0	46
34	58
8	0
7	0
117	40
0	470
258	1030
0	19
0	19
446	0
0	0
31	51
0	26
0	70
0	49
1894	29
0	25
7	1251
0	1146
1565	2
0	0
0	0
0	146
23	146
0	2
0	2
0	539
348	539
2516	6
0	0
28	0
37	129
0	70
0	0
0	0
0	32759
284	34133
0	17621
34	0
15	127
0	127
78	0
35	0
0	11
36	46
0	39
6	0
56	0
0	0
0	0
0	0
0	0
1518	2247
83	2247
46	56
0	48
1030	948
0	948
4	63
0	63
151	0
8213	2
1059	1042
7621	3
784	0
429	1675
6	60
36	0
60	46
99	12
0	12
2753	3007
142	1700
0	1777
101	1756
0	1823
0	1747
0	0
0	0
8	0
0	70
17	62
0	316
2002	316
0	9
0	0
0	0
31	0
133	0
374	113
0	0
4	0
0	0
7970	1540
2	1009
0	199
446	130
0	0
2	0
21	0
395	0
3	405
12	81
0	405
869	500
5	0
0	496
538	2676
0	2543
485	523
0	81
17	15
47	110
106	2633
904	2664
739	1278
0	52
0	1278
985	616
0	616
572	1045
10	1045
0	1707
452	1707
0	0
415	0
0	4682
5511	27051
3	26995
0	416
59	1364
0	1364
145	1822
2353	1823
8602	4
3770	0
0	0
0	0
0	411
0	250
311	4928
3	308
0	4928
0	16
12	93
913	93
0	0
0	0
1597	1
0	14
58	24
0	24
0	24
0	12
13	0
0	97
0	97
0	0
106	9
0	9
3	1
256	1114
10	1047
104	1795
22	1883
0	1822
0	606
85	378
20	407
102	1484
3	2003
0	0
0	21
0	8
0	13
12	8
14	609
10	583
0	375
0	276
144	441
0	419
46	46
143	0
0	27
0	27
0	2
0	0
0	0
0	0
5	64
0	64
0	0
0	0
805	0
225	4075
58	4075
1675	0
0	31
301	31
374	0
146	368
0	322
0	332
47	80
0	80
6	0
458	0
943	671
3	671
0	0
239	6
2	0
0	6
0	0
709	520
0	488
0	32
0	0
642	0
11	241
73	241
21	40
50	117
0	117
19	64
879	0
779	83
8	83
22	2462
104	1602
1356	1233
600	0
75	0
13	1308
0	468
78	1308
10	19
1	41
27	18
16	42
0	8
0	4
0	4
0	96
117	96
7243	3844
0	766
29	3741
3	3717
0	3700
0	37
4	37
3251	0
0	13411
2	5576
64	9907
1364	13411
0	477
0	112
69	977
48	888
0	844
1926	0
0	4
0	4
0	4
0	0
0	0
58	0
403	1381
0	1381
0	0
0	0
0	27
131	27
1309	0
19	18
0	19
0	26
0	29
0	29
0	359
20	462
1	462
112	1
0	5020
0	3538
0	4628
1971	7023
452	2
165	69
123	0
0	0
2947	2
11	11
0	6
0	0
0	3
0	3
0	0
6	6
0	3
0	0
0	0
0	6
6052	1
192	820
6	336
0	632
122	912
0	467
0	912
0	0
59	0
0	139
0	137
5	145
0	0
55	7
0	7
7	773
13	708
30	559
13	152
20	154
1143	1103
21	1108
7	44
313	62
14	40
0	0
0	0
23	0
109	0
37	0
42	0
11	743
0	11
20	794
0	805
0	383
165	0
36	0
0	0
336	0
1471	1
4	29
0	0
1242	1205
0	201
1	151
103	1201
3	0
22	0
679	1
26	1829
0	1864
0	1899
154	145
0	145
0	81
0	222
0	160
11	802
37	831
35	84
1942	5
113	458
20953	467
72	0
0	995
60	1116
17	1118
182	177
0	177
0	0
4391	2
166	394
0	15
0	15
68	133
55	167
0	167
5	376
0	14
25	167
0	58
0	88
72	397
0	371
8	411
0	0
0	0
0	0
1061	3019
0	3017
70	31
0	1
0	31
0	31
29	0
0	0
0	0
0	682
360	1674
0	1674
0	10
17	10
101	0
774	0
32	726
1579	727
182	200
0	131
28	61
0	30
0	61
0	61
11	54
203	208
0	0
6	10
0	10
1	3
0	10
0	307
15	1282
40	1334
0	1264
12	1212
395	0
0	4
0	0
0	4
0	4
8	0
0	0
0	0
0	0
310	178
0	178
0	0
38	193
0	5
15	193
350	545
0	1744
29	1941
1	2033
67	2050
0	0
36	28
0	28
2	402
0	56
17	52
0	47
0	38
0	390
13	0
1061	120
0	119
297	0
0	1153
0	2022
127	1334
9	2029
5830	147
0	141
0	342
505	342
1796	621
0	63
21	63
23	0
0	0
0	0
310	0
16	70
0	185
0	243
19	361
57	354
1	0
96	0
5020	0
524	0
84	0
389	816
6	816
67	24
0	639
1077	1235
0	947
110	557
0	557
1629	1331
162	140
15	140
141	0
14	25
0	0
2	16
0	15
0	15
0	16
0	6
0	6
0	29
299	234
0	226
11678	3746
227	449
0	449
260	102
0	102
151	0
3211	410
0	86
32	13
0	13
0	0
1	46
0	31
14	70
312	117
0	103
145	53
20	1700
170	1700
462	0
202	0
1501	0
807	0
0	0
527	2760
0	2573
0	2362
0	2157
0	2606
0	2362
153	2510
0	2933
4	2557
0	0
0	0
0	0
567	236
0	236
31462	2770
2175	0
366	39
131	463
0	463
0	0
175	132
3	0
3520	6
4	0
40	2158
42	2158
0	1401
134	115
0	0
52	30
8	30
0	0
5031	2
0	0
0	1141
0	13195
203	32926
4	3469
0	9122
36	29834
0	609
838	1523
4	1206
0	1523
28	1321
4	228
0	102
2312	1314
0	0
2255	2
106	122
0	0
0	0
0	2718
1009	2719
0	0
252	1
0	0
0	1165
3	906
196	0
0	273
0	1282
30	1282
7	7
2	7
966	115
15	115
387	1237
0	141
0	1123
81	230
0	230
168	0
0	75
0	25
8	59
0	2
0	62
4	0
0	257
0	257
189	4640
36	252
1	4640
0	35574
1380	48436
2	21338
43	51
0	28
6057	9
347	271
9	56
0	46
5	56
0	26
0	246
48	333
0	71
0	333
179	439
0	495
0	318
83	21
0	3
0	13
0	6
731	16
0	16
52	556
0	219
0	157
9	495
619	0
0	1141
236	1141
0	0
4	0
0	0
0	4
0	1
7	4
1343	1678
0	1677
0	0
291	282
0	282
18	20
0	264
2	51
1	10
14	59
0	91
14	1699
0	1
11	1693
733	1
2	28
0	28
36	13
0	13
0	15
811	556
0	0
312	432
0	0
51	0
0	432
45	282
10	282
0	0
1	0
0	0
0	0
6	16
0	16
2	6
0	505
0	618
25	196
117	2344
5	2411
0	40
77	97
75	272
0	202
0	9
0	4
0	30
0	30
11	52
0	0
1107	855
0	855
0	855
0	855
0	692
0	855
0	0
4	26
0	7
0	25
0	0
262	0
0	32
0	129
14	128
3	740
0	453
0	22
0	224
0	224
500	0
0	0
73	3484
0	2232
46	3484
0	6
99	0
0	472
422	472
98	212
0	212
0	0
1334	0
81	0
804	0
0	465
1166	809
0	843
0	0
0	3
0	3
164	286
120	285
1049	537
0	537
243	0
0	0
0	0
0	256
0	324
0	220
0	212
0	121
0	1730
0	2139
0	2125
0	2139
0	10
47	1424
0	1414
0	95
88	4737
0	81
43	4958
0	2843
0	92
484	235
0	210
2180	1
143	22
0	11
1	11
3	0
0	176
77	191
7	181
0	0
0	251
0	251
2699	0
0	1444
2624	1444
0	1444
801	0
1349	34669
34	34669
0	101
0	100
439	824
4	717
24	0
0	0
15	163
0	0
0	163
1330	687
31	675
2	46
776	46
0	0
0	173
111	2389
5	199
32	489
0	478
11	402
7	378
32	2340
70	0
140	854
11	854
67	0
11	1379
0	40
406	1357
0	63
0	152
0	501
0	508
0	502
0	520
0	504
0	42
968	430
2058	2
0	3
0	3
0	51
0	55
0	32
0	78
0	107
0	27
121	306
1010	0
2	0
424	43
0	43
671	132
45	132
0	511
54	3245
4	3328
0	0
0	0
0	0
0	0
0	0
0	0
0	0
0	0
0	0
0	218
273	218
0	0
0	0
1	0
0	0
0	0
0	0
0	0
602	6235
0	491
25	6447
1040	0
3	37
34	0
0	106
4	90
70	450
513	0
511	1136
215	350
37	1
705	0
0	11
0	9
0	0
0	0
0	29
4	9
0	0
2	104
1	131
6	81
0	130
0	0
0	0
0	4
480	0
4079	20190
4015	20194
397	0
81	299
784	299
0	15
1840	0
152	0
237	0
15	16
0	0
20	29
0	0
0	0
64	3
4	139
1443	647
6	270
0	503
0	113
1301	0
1010	1647
6	46
0	1507
0	1504
1173	143
0	1438
0	1379
177	0
0	0
893	0
5914	1
48	77
2	36
3579	148
3	147
4	0
0	0
0	216
0	391
480	1513
0	1513
921	137
0	137
477	2
1135	0
0	7149
20383	26309
3651	1697
0	11
0	7
575	0
194	1014
6	184
7	660
0	60
0	380
6	1056
8014	6589
19	1175
6	6586
14	8
143	15
0	15
0	7
0	0
407	0
0	0
0	17
2	54
0	0
7	7
21	1523
0	0
0	0
5490	120
0	120
1252	1362
0	1362
0	313
20	128
1075	405
3189	1
1564	1
0	0
0	18
492	501
0	7
204	638
0	199
0	425
0	0
246	323
0	323
0	0
818	1
1	0
408	0
40	0
18862	6
0	18
114	18
0	5
400	334
0	231
939	0
11	65
76	248
350	128
1	3261
135	3266
128	637
0	152
0	64
0	45
0	640
571	84
0	33
667	0
7075	483
30	277
0	709
29	513
12	1897
14	542
2	306
24	536
0	301
0	485
5	15
4	16
2	2014
0	1952
0	2012
0	1993
53	0
126	350
0	4
0	350
0	11
0	10
0	17
47	67
0	0
0	1
227	412
0	413
0	418
20	11504
16	11067
16	9635
0	9500
331	16
0	16
1613	1142
90	1142
1487	0
0	0
5840	2
27	10
278	1351
508	18
10	3029
0	2749
384	0
5	4
6	4
17	104
258	104
0	736
176	736
1668	1231
63	1732
32	1657
8	48
0	9
4170	2570
8	2569
0	2
0	1
0	2
9278	1968
10	1072
0	1208
2	0
2	12
6	12
12	5
16	5
0	131
49	160
127	35
3	1456
0	0
131	1029
147	1029
136	612
651	612
1812	1
2	94
0	98
15	106
227	113
2	111
0	105
347	2214
43	2214
1144	202
0	0
55	0
29	0
233	0
4	1637
0	872
0	1058
257	1311
22	315
37	0
0	247
0	85
0	227
29	247
0	6
0	0
1921	0
10	0
0	0
0	0
3437	2382
0	5
0	0
0	9
0	9
48	1725
0	1096
0	1012
0	0
0	0
0	0
81	12
0	12
33919	1143
0	1126
0	0
4818	3
68	0
30	0
0	2350
3868	2968
0	2967
55	58
10	58
896	335
0	335
68	0
71	0
0	233
0	112
6	392
75	392
0	95
579	0
86	0
23681	33504
1346	9050
91	27984
3335	4
942	0
5	97
0	109
0	117
3967	474
0	473
0	5
0	5
2	0
27	0
1104	1180
39	149
28	48
30	973
0	0
345	228
0	228
0	1
0	1
9	24
36	24
131	13
0	13
0	0
0	0
48	174
0	174
14	156
1830	25956
0	204
7	2759
0	119
0	2428
75	26933
24	0
0	63
20	63
71	1582
0	801
0	861
0	845
0	4
0	16
0	455
0	112
0	101
2	455
98	107
32	48
0	74
0	0
0	0
0	0
0	0
5	0
57	33
31	182
0	182
59	0
2647	3
2941	1
0	0
0	0
2	85
0	17
0	143
4	136
0	0
374	3188
184	3188
0	0
16	24
82	0
0	0
0	0
0	676
0	46
0	240
0	231
31	4540
0	4553
0	4635
116	1969
0	1688
0	19
1	19
0	9
584	3
28	1535
0	723
0	696
6	103
0	649
0	0
0	0
0	15
0	0
0	11
0	0
77	2331
0	128
129	7873
65	7798
89	23
0	1
6	23
3170	2423
0	2423
0	1925
5334	3889
0	3887
505	681
0	312
0	347
59	3281
1	626
0	1006
0	517
75	3276
5536	3
41	83
167	1116
0	462
0	287
0	770
0	832
0	0
2	0
0	0
44	6
2	83
0	68
0	83
96	410
182	411
0	23
1	125
2	36
147	189
10	15
0	9
355	258
8	40
7	52
0	479
23	479
749	572
0	29
14	6
14	35
0	0
11	16
94	227
43	227
360	380
0	753
68	2958
6	1005
0	2767
0	0
322	335
0	335
1196	1062
94	430
28	359
0	16
233	533
0	62
0	490
0	0
21	0
12	6
0	6
610	179
3	32
6	66
0	129
2	0
0	93
0	0
144	281
24	281
166	10
0	0
1421	3
65	0
0	0
0	0
570	4445
0	86
0	1037
7	896
847	5747
0	0
0	0
6	0
4	0
0	0
0	0
16	0
0	0
10	0
0	5
15	0
0	686
1062	1487
4	1673
1227	62
0	62
0	0
974	0
47	0
70	125
10	142
68	68
19	194
0	144
54	144
0	6
0	6
0	0
2	0
579	1125
0	1125
0	0
1	0
0	0
0	235
376	235
34	156
3	156
0	0
0	0
0	0
0	0
0	0
0	0
566	127
24	21
29	0
5	0
0	0
7	6
2	6
119	4011
0	3955
3	1781
0	1807
0	1788
0	3892
0	0
0	0
0	0
0	52
0	107
0	106
28	7547
0	7652
66	574
0	574
0	6
136	0
1371	0
0	12
0	6
16	18
0	18
0	18
21	38
0	38
0	0
183	47
0	47
37	2454
0	2454
0	87
0	54
4	1378
92	1378
0	0
0	0
0	0
115	3
0	0
0	0
14937	0
7	5
18	59
0	59
5	11
207	12
0	0
0	0
284	0
80397	17733
0	4151
135	431
0	431
622	0
0	19
0	19
0	19
61	338
8	38
1	202
387	5242
2230	842
2964	4402
0	0
0	0
0	0
0	0
0	0
401	0
9	0
0	0
24	3
0	0
0	3
0	0
0	3
6	42
0	22
640	176
0	68
0	108
0	14
0	14
5	0
1312	537
22	131
13	459
1	10
31	128
16	179
2035	233
42	364
0	364
327	1495
25	1613
0	1092
7	0
0	0
0	0
54	0
493	2651
11	2476
0	2301
0	2410
150	1069
9	405
0	999
612	599
3	109
0	536
0	0
0	0
0	0
0	2
0	0
0	2
20	4
0	0
0	0
60	227
10	172
0	2
0	44
6	164
0	227
0	0
0	0
5843	1843
0	1572
0	1678
0	1785
12	44
0	8
209	462
41	29
0	14
1	143
0	178
36	284
0	289
3	284
0	0
0	90
0	59
3769	2
0	332
0	256
24	332
0	0
0	0
0	0
0	0
0	1466
380	1466
4773	3
0	0
12	268
0	0
0	93
38	258
16	0
117	15
0	15
862	311
0	311
0	0
0	0
0	0
0	0
0	0
0	278
0	108
1352	1976
0	1868
45	0
0	0
279	11
0	0
25	690
0	506
0	675
148	248
0	248
192	684
58	683
0	0
0	0
0	97
0	247
0	664
0	102
12	172
0	795
2	721
22	111
2	19
188	434
0	6
0	0
269	0
365	502
55	36
43	284
461	783
1247	3
29	23
5	2
0	2
0	0
335	0
25	114
0	114
0	114
0	0
3	0
245	6657
5383	6658
176	3190
16	100
0	14
35	75
0	3193
0	3157
501	719
9	719
0	315
4	0
0	0
1	0
0	0
0	0
21	8
10326	392
0	385
36	11
696	1238
26	16
0	1238
0	362
2505	362
20	0
0	59
0	59
0	0
46	711
6	70
5	1366
0	1369
0	1381
0	1364
0	1366
0	1381
0	189
157	1526
10	1526
0	702
19	30
35	30
0	0
45	2
2	17
0	17
204	307
0	307
4884	3
214	0
0	497
1101	985
0	102
1651	0
291	385
0	385
0	267
0	0
0	0
0	92
28	162
115	162
0	48
5	97
949	97
6190	1020
21	1017
192	3985
0	30
12	3955
639	0
6	570
0	5
0	570
0	0
0	8
0	8
0	8
0	8
0	9
0	9
4	9
0	0
0	0
0	0
0	0
0	0
1229	0
0	0
0	0
0	0
0	0
2257	1
463	1636
45	68
0	0
0	0
0	0
0	0
0	0
3560	403
120	0
91	0
335	1
0	10
0	10
0	10
0	10
0	0
880	0
353	140
4	5
0	139
46	45
601	1
0	0
0	0
0	16
0	85
0	16
0	16
0	16
0	16
5	85
0	22
5	22
0	22
0	99
0	6
20	973
0	989
21	985
425	0
60	36
9	36
0	71
2	29
0	323
0	323
0	3
0	3
0	0
9	422
8	422
286	1224
127	386
107	1505
0	0
0	0
13	326
2030	326
0	38
193	238
0	7
0	0
0	0
0	0
0	0
0	0
76	49
0	11
0	29
0	25
1594	0
188	688
0	48
0	438
0	679
81	256
17	256
0	0
115	156
1763	84
21	240
1685	887
96	248
0	248
0	0
604	0
0	0
1242	0
0	221
4	258
271	751
279	3493
32	3493
45	120
0	110
0	120
6	120
171	0
155	177
2670	0
0	0
11	0
0	0
0	0
220	0
0	0
0	0
0	0
0	0
47	112
0	0
0	9
0	0
0	0
4	0
16	129
1702	132
0	166
75	166
5	286
837	170
16	170
25	0
0	0
13	2
0	0
2	79
0	71
5	41
4	421
1736	672
0	418
0	562
0	126
0	214
0	329
5	434
0	447
0	0
0	0
6	438
0	194
28	36
18	499
0	36
0	499
58	0
1441	261
0	258
68	66
0	0
285	66
44	9
0	7
234	187
0	100
26	0
63	15
87	15
931	0
0	66
0	17
13	26
2	12
0	12
78	386
6	386
825	265
0	47
9	206
0	40
0	835
0	776
16	0
666	621
0	621
654	0
0	0
167	0
9	0
0	0
0	174
17	303
0	0
15	1
936	273
0	270
1838	1616
0	1613
2	0
6	0
0	0
575	712
5	712
7	163
0	0
5284	0
0	0
0	0
23	248
0	168
0	64
104	657
13	40
80	913
7	931
0	594
3009	281
2093	0
3463	1
0	0
0	0
0	82
0	0
813	1255
0	1163
0	10
35	0
346	521
0	431
0	464
0	427
0	468
170	421
1	5
0	0
12	94
25	94
706	216
0	0
47	136
1	117
0	117
20	141
2	100
925	0
0	560
0	1734
65	1734
372	0
43	74
0	74
0	54
102	497
0	82
537	498
262	31
0	0
0	0
1114	0
0	59
6	109
0	16
0	1723
4	6118
0	1791
345	6434
864	0
229	457
47	3412
15	3362
23	92
0	107
16	4120
4787	4132
0	1011
55	1011
0	0
0	0
0	0
0	3
22	3
42	0
28	103
0	11
8	45
0	52
0	51
0	0
0	5
6	148
0	21
0	19
0	304
196	239
0	9
1	39
12	13
6	5
92	305
257	13281
10	49
37	7078
0	7074
5	127
0	127
86	1121
4	1121
0	258
0	3
806	3
1369	0
0	6
0	6
9843	19917
23	7060
0	4692
0	6362
5	9454
177	13268
4903	88137
0	11333
0	12026
87	88130
54	145
0	186
15	0
4	0
214	13386
186	13317
2151	1
73	604
0	604
0	589
0	60
0	49
44	865
52	209
9	128
76	630
38	252
56	630
1425	798
0	798
0	8
11	8
604	142
0	142
5893	5781
0	5254
0	5398
168	13364
260	0
6	4
4834	1
0	0
14411	3676
3	3672
0	12
56	12
138	2516
0	441
5	2611
4174	476
0	474
2	0
203	5495
0	5073
0	716
18	114
0	0
2	114
142	280
0	0
0	0
41	105
0	14
0	344
0	120
0	147
107	1260
0	491
4	1222
0	0
16	2
0	10
0	8
0	8
0	0
0	0
0	8
3109	0
0	405
0	405
292	18
0	18
11	110
1	244
84	171
5	13
1395	52
65	204
15	256
229	0
229	407
0	162
0	411
6	403
159	375
4	16
380	16
57	37
0	37
0	5
0	5
367	2843
0	2843
1117	0
395	64
0	64
0	0
59	96
0	96
304	0
4	0
0	35
1	40
0	23
0	31
338	31
5289	0
148	528
0	377
0	373
2762	3623
7	3612
0	1824
0	778
120	732
0	750
0	0
28	167
0	2601
0	1022
0	2635
25	2664
830	77
0	61
0	63
46	2347
0	2347
256	0
0	0
187	0
0	0
0	61
3	61
0	40
0	0
35	778
0	778
31	361
207	1238
8	1235
341	0
0	0
0	1
7	114
283	139
0	136
0	127
828	132
0	0
0	6
257	3110
13	3110
0	61
0	1285
26	312
0	1886
0	1844
0	0
0	1043
11	490
25	146
0	2210
0	2048
114	1809
308	0
0	0
0	0
0	0
6522	1799
0	1799
6	249
694	3292
75	5829
0	1179
0	123
0	3080
0	5519
30151	26646
0	26636
5	5
0	770
18	775
0	48
0	48
0	48
0	158
0	163
15	13
9	163
346	0
14	53
7	53
66	544
0	543
10	532
9	529
8	1157
23395	1175
0	26
5	31
12	31
15	0
0	23
0	23
203	0
43	501
16	43
894	1411
28	1411
10	86
103	0
265	1510
0	1466
0	1297
0	1369
0	1125
0	1125
1528	0
2031	1546
23	1546
900	0
321	146
0	0
135	167
3	167
81	180
194	195
96	17
1	26
289	26
2	0
78	0
4	70
0	950
0	1199
24	3400
4	3346
2582	21567
0	13519
4	9211
0	21285
0	0
0	0
0	0
13	0
0	73
2	70
0	29
27	29
0	0
167	0
0	0
373	919
0	56
34	863
18	85
32	85
493	3021
0	27
0	543
390	2998
14	283
16	270
0	131
0	88
0	99
30	21
0	0
0	0
0	0
0	171
33	1024
24	638
13	1232
4	678
4	217
0	350
0	1130
0	1
0	1
39	0
484	0
226	0
0	216
0	292
97	310
0	177
0	0
84	441
0	441
320	1030
76	180
0	180
64	29
771	460
141	411
43	411
93	75
29	75
104	975
109	975
1770	922
354	0
0	23
0	23
0	18
0	23
0	23
13	23
624	0
0	0
0	0
0	0
0	0
0	0
3	624
1782	1766
69	558
11989	4
0	2
0	2
215	182
0	35
8	151
1	22
0	9
0	22
77	4393
21796	6765
0	0
34	0
0	6
10	6
0	4
0	19
0	19
0	19
106	0
78	418
0	721
4	1242
50	4392
10	3971
0	3311
114	0
0	319
2095	2559
711	2559
8	8
0	8
1545	1
180	4955
6	590
158	4955
66	177
0	38
0	66
0	175
117	109
4	109
1325	0
245	1864
248	1864
18	16
0	0
325	0
0	342
85	3885
0	3882
0	2559
771	1
45	0
1898	830
70	830
0	208
19	0
162	0
814	16
11	16
196	471
0	196
88	196
78	62
17	62
0	0
106	114
0	119
0	46
10	46
0	2
0	0
54	2
0	2
62	642
17	642
0	285
0	237
22	0
2005	5
19	0
25	1774
38	1774
0	1035
0	2
0	8
0	509
3858	1414
0	1405
0	1413
0	613
2	116
0	3
0	276
1	423
0	441
218	0
15	0
13	0
7040	1306
0	1306
498	1869
40	1874
48	168
0	51
50	786
0	786
2036	0
637	200
0	200
0	0
1	13
0	6
0	6
0	56
84	84
0	0
0	0
313	0
0	0
0	0
0	114
0	71
529	185
0	0
5	120
4	5
1526	2533
0	0
0	0
0	0
4777	3
14524	1
2575	559
0	143
3683	2947
0	357
0	257
0	2912
49	3145
3251	1
419	0
916	0
0	35
70	14
0	115
5	119
0	151
337	151
0	87
59	2372
59	2363
2884	390
0	376
0	978
0	0
0	0
0	0
0	0
0	61
159	61
0	67
103	68
141	0
38	0
75	0
12	225
0	46
1462	340
0	115
0	0
11	326
0	152
1	401
5840	2482
0	856
183	856
142	8
1526	1883
0	1883
23	571
9	95
0	355
3	511
3410	2045
0	121
0	11
10	2091
13770	1
107	808
139	808
0	454
1158	265
0	148
2461	9341
509	9419
0	1165
0	6
9	214
32	16
2	11
0	14
0	410
9	285
50	410
558	8549
1153	8702
88	887
0	35
9	887
0	0
0	0
2	738
1103	1913
0	1820
30	1340
6	0
0	0
0	118
0	185
43	472
10	463
6	61
197	61
0	32
35	27
0	32
3561	228
0	228
3	0
0	0
0	0
0	3
0	3
110	89
0	88
27	13
0	408
0	184
0	917
2	911
26	3607
4	696
5	694
0	694
92	2986
2137	7080
5	7080
261	2
271	0
0	1564
283	1564
0	188
0	324
0	344
0	567
0	31
22	545
3567	735
0	264
0	471
177	1
0	0
69	21808
4722	17285
2	14007
12	21049
585	21682
0	26821
0	0
2	0
392	148
0	148
244	179
0	167
645	452
1069	2
2364	0
48	777
35	1469
1	1469
0	12
0	10
2	12
0	402
4	402
0	30
18	402
214	274
58	28
52	117
8	766
30	766
0	0
0	0
25	0
0	0
22	0
0	0
1655	0
35	646
0	39
56	40
0	42
0	35
3	75
0	0
0	0
3	1
716	298
159	305
0	143
0	144
0	130
0	198
483	0
532	0
139	1394
7	1423
0	0
53	0
0	0
0	0
3	104
0	104
0	165
3	251
0	190
508	304
7	197
4	172
0	0
0	0
0	0
0	0
1210	1154
0	341
0	0
0	0
100	53
0	16
0	0
745	2084
0	1671
0	482
91	202
0	1675
63	0
0	10
67	10
3541	1779
0	870
4	164
9	173
0	1667
0	1674
30	1846
22	220
5	220
1238	849
0	849
171	56
5	56
1645	0
0	0
0	0
2	0
267	216
622	446
29	156
0	51
0	38
0	436
706	384
0	384
4375	1
16	37
699	475
1	475
4	0
5984	4366
210	4366
0	0
0	0
0	601
28	4268
0	1400
0	2617
0	3642
14	29
4705	1314
0	1171
0	142
0	119
0	102
0	139
0	115
2	697
92	1196
414	1095
0	0
0	0
0	0
302	1
126	1
25	12
0	12
1362	0
915	4323
212	1957
251	5759
38	0
30	265
16	247
0	2
4	13
2082	732
12	875
21	0
70	458
45	564
0	0
0	18
0	34
3648	34
0	0
0	0
0	0
0	0
19	17
0	0
0	0
0	3
0	3
6	0
4	482
0	177
0	2
0	128
0	284
489	20315
26	309
1890	0
228	112
22	0
0	2567
0	57
21	1804
8	0
301	84
118	84
66	2736
61	1700
13	90
3386	3360
18	1421
0	3351
4	158
106	123
2302	281
0	0
0	103
139	105
0	93
0	3040
3	3545
35	6349
0	4095
68	1146
2	6833
0	24
26	24
0	3131
12	20415
0	387
6645	4522
0	1020
25	4928
0	4044
0	86
0	86
0	31
46	31
326	24
0	24
0	0
20	644
0	312
0	283
0	211
11	0
0	261
0	403
0	143
871	643
4	1
0	0
108	902
0	211
1437	1519
0	0
0	0
0	0
0	0
0	0
0	0
595	0
0	1118
227	1118
234	122
0	122
0	122
37	0
24	0
6	0
0	0
432	351
0	9
0	5
0	0
0	0
16	392
2	537
20	531
0	0
26	74
3	70
80	700
614	1523
685	1630
20	33
1	1514
0	9
8	1529
3	1529
272	59
625	573
0	16
7	24
227	0
9	248
0	248
454	0
0	0
14	0
11	7002
124	7478
0	0
0	26
0	75
22	11
406	198
33	67
0	45
154	1
753	284
382	515
25	4
4	513
10	50
6	1056
0	400
26	124
0	1057
1	3529
21	1064
0	3529
796	403
0	403
855	20039
212	403
0	403
4283	531
20	27
0	151
0	10
5	539
75	3572
0	522
1306	0
0	55
0	36
0	28
1	55
288	0
0	0
0	23
2	47
0	162
507	382
0	207
233	129
0	8147
30121	8149
0	0
1	0
681	2762
0	0
0	0
0	0
630	0
0	0
90	20979
4	20852
207	19723
501	1891
0	2981
0	3082
16	231
4970	3463
0	2035
0	2638
0	4079
0	0
0	0
0	3
0	3
0	0
0	3
0	0
0	0
0	0
4433	5
765	1107
23	1107
9	0
151	5
0	2
0	0
63	0
0	0
0	0
0	0
286	2392
176	2389
0	0
0	0
0	0
0	0
0	0
0	0
16	0
40	2851
3164	2851
157	140
407	0
122	1628
0	326
1	1121
0	747
0	1031
2	1121
0	1630
0	1691
135	7793
13075	7799
0	0
0	0
156	19636
0	485
240	501
212	139
0	139
0	0
0	4
0	4
34	87
4	89
0	87
0	87
2804	1542
93	3
0	1162
179	1162
0	21005
95	20933
23	89
15	89
0	295
2788	2532
0	2962
54	2437
74	2999
0	2610
80	2715
80	2831
4	0
143	0
0	44
0	150
29	212
0	148
232	196
0	196
0	0
0	0
8	1143
0	225
0	975
0	871
0	871
703	19998
0	19995
23	103
0	39
0	103
164	0
0	0
251	0
0	3103
123	20024
212	1845
34	22619
11	10
3	20
0	13
2	0
111	0
0	0
0	0
0	0
0	0
579	0
0	5
5	5
0	207
0	428
646	2789
0	24
0	2763
0	2765
61	49
48	4551
247	4600
0	1
121	77
0	76
7	0
11	39
0	11
161	19630
0	28
22	28
0	0
0	0
0	1295
0	45
51	114
19	144
242	1295
0	1281
4	1299
0	819
0	819
126	443
0	443
33	16
43	22521
4	22436
0	0
0	0
0	0
102	3217
0	3233
0	3070
1031	0
0	13
8	22
0	4
103	128
1251	8704
17	8704
5590	343
0	341
7	19
0	19
0	5
45	5
0	0
0	5
283	0
31	21142
1	21096
7	546
3	93
1	399
2	491
211	682
0	55
9	6
0	6
115	308
0	308
2562	1921
0	1918
19	16
0	16
23	22
356	19631
3	17
3979	1421
0	22
0	1420
79	21203
17	0
18	0
7	35
98	46
0	46
0	153
0	56
436	252
0	155
40	0
327	3122
243	460
13	460
0	30
26	84
81	94
4008	111
101	110
1047	3
446	443
134	443
288	88
125	0
251	322
0	284
0	123
146	167
15361	12
9607	3490
157	3479
0	266
0	60
283	1543
0	1495
252	337
0	337
0	5
4	14
0	14
6	2
25	596
126	594
0	11
1	12
0	0
0	12
0	19646
92	1034
0	715
0	585
0	508
10	697
1	704
0	706
167	4122
0	96
4	4122
18	16
0	0
0	0
0	0
0	0
0	0
124	433
3	3092
37	19926
7	3045
966	3045
0	252
26	250
8	247
2608	0
0	2
0	2
1437	837
0	837
0	0
1568	1310
0	1310
32	84
0	84
891	0
1	120
0	120
16	1347
0	124
0	185
0	1280
23	1360
340	5
93	1138
0	982
69	0
46	0
16	9439
0	5774
321	9690
0	5224
60	0
2	10
3	10
28	38
65	323
0	185
0	129
0	86
5	348
0	162
3	1311
86	1310
3	163
2	0
0	0
0	0
0	0
0	0
4309	720
28	37
12	26
0	0
0	23
495	59
0	59
0	20
0	46
9	74
6	28
0	43
0	282
0	666
25	666
147	324
0	324
0	116
220	116
4	547
0	547
0	0
19	92
0	0
130	194
43	2703
0	18
11	2721
0	292
123	361
40	511
0	449
21	367
15	533
0	429
0	508
0	375
0	215
0	82
0	29
0	25
89	235
0	0
0	0
306	165
0	165
6	0
792	4961
0	951
0	304
11	5105
1	92
975	825
0	825
0	158
3100	306
0	307
0	6
0	0
0	0
1700	1639
0	78
9	1645
0	1556
0	140
0	59
0	64
0	84
4	86
601	285
0	858
0	82
641	858
0	509
7	598
16	2324
29	1735
91	1660
115	0
0	1
0	1
740	172
0	106
1953	106
182	0
20	0
5038	1
12	0
1380	782
3411	2
0	0
0	0
0	0
0	0
0	42
30	358
0	82
0	50
57	311
0	135
2078	0
0	7
27	7
45	0
0	0
0	51
0	67
0	140
0	137
205	0
161	66
0	99
11	109
2274	1084
2	1081
0	156
5370	261
317	130
0	130
13582	456
0	447
43	403
25	403
0	69
361	695
2	695
302	1149
0	883
0	65
0	1131
2	719
1	181
0	152
0	163
5	72
3	92
0	2
0	1157
0	0
996	111
30	258
8	565
0	1575
0	1575
0	0
0	529
5	380
262	630
0	1952
0	1638
23	2067
355	67
3	67
1159	162
1	162
0	608
3	232
4	502
0	1684
0	1835
0	2174
76	626
270	626
0	25
0	88
23	88
0	0
0	0
4614	690
0	337
0	64
68	218
298	619
4	223
0	185
25	223
1180	126
597	0
0	0
0	0
185	106
0	106
5129	748
0	748
0	312
536	264
17	363
1170	367
43	0
201	384
9	384
0	0
0	0
0	0
0	0
0	0
0	114
1155	114
14109	5
133	174
0	174
481	0
95	537
523	537
7243	746
0	744
0	0
0	0
0	0
300	202
336	285
0	285
865	1137
97	388
297	2572
0	2265
0	1512
0	2513
0	2087
68	0
241	0
0	0
36	0
6776	0
243	691
0	691
121	0
582	2062
31	2062
0	221
820	221
0	59
1066	1501
0	1499
0	4937
0	575
9859	5564
0	624
7	238
0	238
0	20
19	20
0	2
83	2
42	47
0	47
0	0
0	0
0	6
1	6
5	0
0	164
0	164
1	164
0	0
0	0
22	0
472	614
0	614
1652	217
1	201
0	196
0	24
92	480
11	480
452	368
0	111
2	4
0	0
0	2
0	0
0	0
0	3
0	3
0	3
0	146
0	53
0	27
0	146
0	116
3	146
0	64
0	18
2	278
99	76
0	76
2145	493
13	16
0	16
6863	358
0	9
9	9
164	25
0	25
278	0
82	424
0	417
339	115
0	115
0	585
86	588
0	487
0	146
0	146
24	0
0	0
1327	3168
0	3314
0	2202
0	1
0	0
0	1
0	33
0	33
120	0
4	144
0	2
0	166
0	51
0	57
214	58
30	60
6	60
10	0
2	7
830	351
2410	0
1867	634
68	633
8	40
57	40
381	0
1258	1
0	216
154	370
0	9
186	0
21	12
1325	2380
0	602
0	1316
234	2207
0	0
0	0
2063	0
0	18
15	450
62	468
0	0
15	0
0	4
0	0
29	4
0	4
0	18
0	18
877	0
1002	70
0	70
224	0
744	0
0	60
0	96
53	132
105	0
0	7
0	12
0	10
0	2
0	0
92	310
120	1
3	0
0	0
0	0
0	0
296	71
994	0
278	2
0	6
0	6
0	6
0	34
0	28
0	0
0	18
0	16
0	0
0	0
0	165
486	858
0	858
0	120
10	0
0	0
0	1
0	1
7	578
11	453
0	540
5	3
12	3
74	242
0	33
112	223
0	296
1455	491
0	29
778	990
1	1108
3	398
0	50
51	1108
30	0
20	363
257	364
65	0
454	4
11	248
62	248
2047	723
0	13
94	13
655	444
5	444
26	14
0	14
17	947
3708	1084
0	1045
1224	511
313	613
0	614
0	285
479	285
171	3112
68	2875
65	0
0	70
13	70
0	0
0	89
11	488
134	488
157	189
0	143
0	55
49	55
0	0
0	16
1040	552
0	552
0	170
0	264
7	260
0	235
1393	7
511	0
370	951
0	951
0	2
0	2
0	9
0	5
0	0
0	5
45	179
20	179
0	0
0	0
16	231
0	231
2967	1423
0	2982
54	483
109	2440
159	988
0	288
36	988
804	41
5	41
0	786
150	786
1915	0
0	2
29	2
0	1391
5	1387
0	1443
10176	529
0	514
0	479
3	479
19	933
1	86
0	422
574	2451
7	643
0	1619
0	16
68	16
1538	591
0	34
0	15
0	34
7	34
480	0
194	1492
339	1492
57	0
111	901
72	901
104	31
2	553
329	553
0	11
0	11
15	22
0	42
0	164
0	195
0	218
12	215
0	171
4	169
41	8
0	8
116	3044
0	0
0	424
0	454
0	64
67	461
477	1797
2436	1821
191	1815
71	34
557	909
0	827
0	179
0	288
3136	1252
483	1250
3	9
25677	7
50	0
120	2183
0	2252
134	1133
0	0
894	0
58	19
1	2870
1028	2993
1	1727
417	17328
224	17328
1153	0
436	92
0	0
0	92
10	0
2935	0
396	1566
40	1566
0	238
0	457
0	419
0	275
0	391
0	383
0	421
0	429
0	19
179	1096
0	1281
0	1317
15	1239
0	0
0	0
0	0
3	0
17	0
32	0
0	0
0	2
0	2
6	0
0	2
2	7
0	0
0	7
124	0
0	0
11	10
0	11
22	0
0	0
53	5
0	5
29803	33
0	49
3285	1827
0	1827
0	1827
1623	0
9	189
0	189
16	264
18	182
455	272
861	26
23	327
0	25
53	396
0	52
3	6
0	6
56	142
2	207
0	5
0	5
0	6
0	255
0	92
0	96
0	5
2	252
0	265
0	265
13	265
0	271
0	250
0	265
2060	44
35	43
8	1609
29	1763
38	1046
27	122
0	40
0	122
0	149
0	263
11	988
0	572
113	835
0	0
101	166
3	0
0	154
0	166
43	3948
0	492
0	336
15	3890
142	0
5	1
274	519
0	483
26	519
7176	0
124	2993
8	2993
73	20
99	20
313	14
70	14
361	660
0	660
966	0
0	0
1756	13
246	13
0	12
13	30
68	42
797	87
0	87
2170	0
0	30
251	315
0	246
2989	4
2938	0
570	24
169	0
0	0
0	0
0	47
0	176
0	3
0	43
2	143
57	0
4	401
5791	7120
0	7111
8700	1
337	808
0	808
110	240
40	180
671	1486
10	112
5361	8120
446	7077
3	6481
39	5
0	4
0	0
322	0
3	0
132	4405
825	26
391	900
12	3877
83	898
81	2400
2109	14208
0	4270
0	9938
0	0
0	0
0	0
0	2
3615	932
0	884
7	12
0	36
0	160
97	291
1527	0
4	1054
432	1461
751	0
0	4
110	184
55	61
41	588
0	10
0	588
55	0
69	21
542	651
0	651
142	82
197	0
0	21
3	21
1155	504
0	504
21	927
0	872
757	815
31	67
25	787
0	13
0	3
4	16
922	0
2	1323
1366	1323
7323	1843
7	1903
192	113
0	0
0	0
0	57
3	57
0	140
177	1053
7	1045
0	0
0	0
303	268
18	268
592	830
0	2
0	216
0	752
8	140
0	140
15	1533
0	651
0	651
0	641
0	649
0	648
3	651
0	323
51	323
0	187
105	187
420	10106
4836	11977
21	4900
285	0
23	280
0	280
19	22
124	0
0	0
77	39
0	39
0	0
0	924
0	880
44	0
0	0
13	11
39	54
0	138
101	138
113	414
10	26
5	28
136	28
76	43
73	0
27	1320
0	0
3579	6012
67	0
86	52
989	52
0	0
23	32
21	31
6	861
0	578
0	657
189	267
500	267
81	53
0	53
130	37
0	37
578	0
0	0
0	0
0	0
0	0
0	0
0	52
1517	192
0	192
936	2
72	111
0	111
681	673
0	673
955	39
9	39
13	1464
0	1
0	0
0	1328
462	1700
0	1698
0	3098
3	261
0	303
44	5506
1501	5565
246	0
7	72
25	95
0	70
0	101
0	58
0	101
1724	692
0	688
58	393
0	0
831	246
0	246
5	37
97	99
0	0
0	13
0	109
8	109
0	163
279	303
3	46
0	256
39	748
379	748
4050	658
0	0
0	0
0	0
0	0
115	986
12	986
5	128
1552	539
92	218
67	396
598	0
19	40
7	40
2	0
0	0
0	5705
1	5705
297	0
1922	0
1657	5
712	0
14	37
0	53
0	6
1035	0
0	14
65	14
2049	1
3969	187
0	180
866	398
2034	0
0	4
0	4
7	91
0	91
0	0
0	0
90	0
3	0
0	8
0	8
0	8
0	0
0	0
118	1
3	2
1	1
0	824
11	219
4	0
38	817
0	117
0	648
13	7
0	7
5750	2940
1720	2941
1	2188
48	2166
768	0
14	10
0	10
1932	779
161	776
1	191
309	191
1691	295
0	266
0	261
49	79
0	0
0	21
22	214
2	202
0	203
21	7
0	9
0	9
80	95
0	249
163	358
7196	704
760	169
9	53
0	116
20	3
0	3
25	0
455	5027
2277	1871
152	5061
0	2519
0	185
0	297
14	352
0	185
0	110
0	2563
0	2466
9	2501
0	2462
44	149
1	39
0	1
593	1573
0	1573
0	0
1	17
52	109
0	109
951	1874
0	1874
0	1843
9	877
97	928
0	262
0	357
0	0
0	0
0	7
0	0
0	0
206	1647
1001	1778
29	51
28	1759
767	0
834	6159
0	523
2	306
0	6262
0	423
0	5
2617	826
3	831
15379	1824
0	1454
0	10
0	10
2	394
0	324
1207	1525
26	1137
0	11
0	10
98	443
37	1806
274	1497
158	1560
397	31
0	31
506	538
0	43
18	140
0	378
8	0
0	67
48	67
0	10
0	10
0	0
530	34402
23834	34417
1390	982
0	158
0	388
189	76
0	6452
0	532
0	646
141	6198
27	6333
0	6576
1121	2
0	10
0	10
130	0
2	0
0	0
0	0
0	0
0	0
438	86
0	86
126	0
0	5
0	70
0	464
502	521
135	521
0	394
0	0
2	0
0	0
0	1
0	1
84	123
60	123
0	1
334	0
0	8
302	1379
5	8
0	8
0	5
0	5
0	0
0	0
47	118
1376	0
1508	919
491	0
144	0
17	33
0	65
1654	695
1	690
0	33
0	51
0	51
54	250
3235	5352
296	1841
0	5352
0	0
8	0
5	1332
6902	2613
0	1725
34	3313
1544	968
0	74
0	413
27	963
211	0
214	0
374	831
0	831
6	4
0	4
0	0
0	0
849	292
0	260
0	234
3	87
668	150
0	63
214	0
0	0
0	0
0	0
0	0
0	9
0	9
3	103
211	108
4	32
0	4
0	104
0	0
167	0
19	114
0	114
12	0
14	95
51	95
377	72
0	72
1	0
241	3996
15	2940
26	2995
19	3770
771	0
0	0
0	0
2	84
0	84
15	18
5	18
56	0
38	0
0	35
0	72
0	72
0	23
543	27
0	41
3	0
196	0
10	183
24	186
691	24
2	483
11	1260
4	353
97	1175
0	385
0	299
9	1123
0	0
0	0
336	14
0	14
0	57
0	222
0	47
0	52
462	352
0	0
9737	4
0	894
2708	959
0	919
764	549
0	549
20	2
0	2
3666	1086
16	1080
5	428
2755	0
253	823
5	821
0	867
7020	68942
0	68941
0	0
0	0
0	7
0	7
5	0
0	0
0	0
9	0
66	78
0	50
71	57
97	76
214	1179
1243	406
0	1
0	38
4	356
0	232
0	236
0	17
0	29
0	0
59	46
14	384
0	59
9	383
31	3
1962	1
52	170
526	170
0	51
301	117
0	117
0	438
0	376
21	2539
7	209
514	2539
0	14
27	50
7	213
19	0
0	0
4	0
238	1015
14	1015
0	10
0	0
0	0
10	10
0	10
1	90
0	91
0	91
3540	1
0	1439
587	1440
22	0
0	0
11	354
0	402
0	0
0	0
0	40
10	49
602	89
0	89
172	947
428	947
153	4014
85	4014
23	0
9	0
18	0
0	6
0	6
0	6
0	6
0	6
9	6
0	6
43	97
291	953
0	723
1753	0
0	365
3400	366
0	2
42	2
21	381
8	381
10	9
0	1
0	9
11	19
334	117
1208	1099
0	436
5	326
0	1099
0	4
0	11
17	4
30	715
0	629
24	430
0	429
3	351
0	351
0	697
15	786
0	630
14	429
7	776
1	964
0	0
0	0
0	0
0	0
0	0
0	0
77	105
1	105
162	35
97	0
640	1685
0	1685
0	0
844	1
0	0
0	0
0	0
0	0
146	150
0	86
15	0
0	269
360	1445
1366	970
13	2
0	2
0	122
2836	126
2731	0
0	0
67	0
1299	0
7	9
117	0
14	387
0	2
744	1
1503	0
81	6
0	6
6	466
1945	687
89	624
0	256
5	1
0	737
4413	3917
3843	1678
0	1677
1151	0
873	0
0	0
1527	0
0	60
286	60
0	0
33	0
370	0
41	0
347	574
298	574
149	0
0	4527
4044	4495
0	2152
6	1920
3	1878
2	355
0	221
0	179
20	369
21	165
142	165
0	9
4	146
0	181
0	187
0	187
520	0
11	162
0	3
90	0
132	230
0	157
22	230
1	50
0	0
0	0
1621	2
154	0
4	91
0	91
5893	1681
0	1661
0	1534
0	1646
0	1638
0	82
0	19
0	3
6	111
455	1146
0	1146
0	122
5	64
0	32
49	125
38	20
0	20
0	1
0	0
0	0
30	32
0	0
26	42
355	626
48	1815
0	2086
0	1695
4	1449
157	9961
299	10703
0	10193
135	9808
31	0
11	120
421	467
0	467
0	114
0	138
0	4
42	4
125	43
0	0
14	7
0	20
0	469
0	36
0	36
37	638
0	305
0	438
1	183
42	162
14	170
0	1273
3114	1274
57	0
1979	1048
997	2175
0	15
0	53
0	101
0	13
0	80
0	94
0	89
124	315
11	204
164	315
0	0
0	0
0	11
0	11
158	471
1499	1208
0	1183
15	0
0	0
0	0
120	12
207	164
0	106
0	394
0	22
0	394
9	1341
37	349
77	8
0	1
0	7
7	1949
0	1949
1	1383
1352	2134
0	2133
0	1630
975	1315
14642	3
12	0
482	5016
5	5757
9853	5267
406	3
0	1
0	3
63	0
73	1532
10	1532
123	58
1768	1
0	2583
0	766
0	164
0	1240
1194	3222
0	1615
0	3086
0	79133
120	85254
0	84372
1701	17348
4	0
0	43
0	0
0	122
0	200
0	200
0	138
0	0
70866	4435
0	4415
0	3231
0	10
2	10
26	233
2	233
7	6
0	6
397	121
0	121
140	0
270	14130
0	11658
17	4462
6	11868
20	11559
439	309
136	359
0	289
107	6518
0	1574
15	4981
137	2830
75	1404
0	407
0	535
7	1420
113	0
0	0
4	0
0	0
0	0
8	83
0	69
14	81
0	75
0	67
0	81
0	5
0	0
274	0
232	144
0	144
35	44
0	44
31	181
79	181
0	53
257	438
0	53
0	0
489	0
0	691
0	155
0	736
464	678
5	31
912	0
0	901
546	863
3501	736
1476	263
0	263
14	0
0	0
0	64
0	64
0	64
2384	1
3210	235
3	10
1805	5615
118	0
0	0
0	0
0	0
0	0
58	86
0	86
22	19
0	19
29	5
0	5
13	4
0	0
6	0
3849	6375
66	507
10	41
46	41
3	2148
112	2148
302	78
0	78
0	0
0	0
0	650
121	728
698	167
71	0
0	12
0	12
0	12
13	0
0	0
0	0
87	14
0	14
0	0
51	83
1741	193
23	192
1	1
646	331
0	331
9591	2228
22	849
0	6
0	614
0	519
0	368
583	2203
0	777
0	5
0	0
4819	1
458	659
0	659
696	0
0	1
0	1
0	560
22	151
2334	570
0	0
0	0
5	0
42	3040
123	7029
93	3707
10882	6441
0	6450
873	2975
105	1463
72	32
0	2310
0	32
0	32
0	2324
29	284
3	353
1046	345
0	23
80	62
0	8
0	2
4915	1
1124	433
18	432
2801	28120
0	8083
9	30491
0	28217
38	24528
43	3342
55	3342
2754	1
4	53
0	53
0	0
64	0
0	6028
24911	8581
0	3338
35	0
497	573
0	0
0	0
4	0
223	0
0	21
2094	1842
0	1842
2	103
46	105
0	47
63	0
2367	8
1742	0
42	0
2666	0
354	88
1049	634
0	9
5	0
0	211
316	211
96	454
0	599
0	588
0	0
5	15
97	66
0	66
371	1133
0	1133
1683	2335
118	1005
0	1598
160	1890
0	1602
4	1110
46	1110
0	1110
3420	912
11	912
44	3891
461	1998
0	4081
0	2
0	2
281	1281
0	1059
9878	1159
8588	0
29	0
44	0
0	0
0	0
7	3
3	34
0	1
160	194
0	194
475	395
0	49
0	54
51	346
63	938
0	938
77	391
0	2
0	2
361	0
33	0
3	107
6	34
0	144
0	0
0	177
0	102
40	93
54	62
0	62
0	16
135	16
46	846
0	425
0	213
0	344
4	34
0	3
0	21
0	34
1256	0
6	386
15	68
27	498
3434	975
10	69
0	69
0	0
0	25
0	0
8257	7
30	38
0	26
0	24
14	30
0	0
6	0
0	0
0	0
0	0
0	0
10	0
3	145
40	57
155	1629
0	673
17	1629
4	69
410	0
0	1622
15684	1633
5	1
0	0
0	0
0	0
56	38
31	156
583	1367
48	299
0	1377
0	12
0	12
3	0
0	0
347	0
0	0
540	62
0	62
81	0
131	4211
0	4295
0	4438
152	0
1796	75
1	67
124	518
0	280
301	2460
374	661
0	2255
0	0
0	0
0	0
183	47
1355	0
8	0
26	27
0	7
0	12
0	27
0	0
115	829
740	831
9423	3141
6	1317
415	0
0	200
0	200
0	262
0	271
471	219
0	51
0	93
0	100
0	68
0	68
0	0
0	0
5	0
1486	2640
0	21108
0	21539
29	21597
985	2130
162	118
0	106
63	0
307	3199
0	2616
0	2933
3	583
179	6319
0	1957
0	3490
882	6233
26	77
0	77
0	32
0	27
0	32
0	15
0	23
0	0
2376	2503
76	2503
21	10
0	10
0	0
95	0
3	0
2240	0
0	4
0	1
17	6
2512	860
5	860
63	113
0	2
0	2
13404	1
0	4
0	4
0	143
732	143
88	25
0	25
2256	0
56	33
5	129
0	137
0	137
18	230
0	230
0	0
0	0
0	0
0	0
3272	1387
0	0
0	0
0	0
59	212
0	212
667	171
244	0
0	0
0	0
0	0
0	12
4	12
514	2258
0	2258
0	12
288	0
126	1899
1	994
14	498
0	4389
38	4166
22	53
26	0
9	0
463	0
125	708
4	2771
0	8951
316	7898
0	0
1	16
0	26
0	1
0	26
0	108
4	1034
0	1120
2	1086
0	0
361	279
0	118
0	279
1485	1
0	0
0	0
4	0
0	0
324	0
0	0
1214	479
0	475
0	67
0	67
0	0
0	0
0	0
59	0
3092	608
47	608
0	53
0	285
3153	313
0	15
0	573
13	178
0	5410
52	5514
0	5312
6	0
0	0
0	0
36	7
0	7
384	118
195	14
6	14
0	0
0	0
3	384
20	32
1962	542
0	199
419	0
116	284
1452	0
46	282
0	282
0	131
33	1179
14449	2268
0	1320
7	683
44	303
21	49
1061	52
0	0
0	0
48	0
1775	289
0	28
59	144
0	352
0	44
0	590
0	538
1771	1729
0	471
3	452
6	439
0	94
0	138
106	173
0	116
0	0
0	0
0	0
0	0
0	0
0	5
169	0
159	0
0	0
0	8
0	5
0	0
0	301
6	74
220	1074
48	639
51	171
239	0
2980	9370
0	1922
0	9160
75	62
16	406
155	803
0	419
0	121
27	18
3	319
1	180
8	257
0	760
2	576
1413	901
97	95
15	792
0	0
35	284
5	134
1	134
0	62
0	56
21	48
0	0
0	13
167	1842
0	1842
1	601
3	167
0	120
2	528
66	0
2797	4302
58	4299
1689	236
0	236
9319	5
0	0
0	0
0	0
0	0
0	0
0	0
24	0
0	0
0	0
0	0
0	0
0	0
5967	765
65	189
0	749
2054	0
10	1
1752	654
24	128
0	654
69	654
1000	1
0	0
82	1211
3	2
0	1400
109	1384
0	0
0	0
0	0
0	0
0	0
9325	1117
0	143
263	0
0	0
0	0
0	0
0	0
0	0
0	0
0	0
0	0
100	0
0	0
418	922
31	922
656	4545
533	4545
30	485
0	485
0	0
630	0
49	53
61	1655
30	688
501	1422
6	178
89	37
0	37
0	0
11	68
0	1
4362	441
109	440
352	298
0	298
4207	1365
289	76
0	74
6	0
165	408
7	3828
12	3880
4	3554
5	0
0	0
0	0
54	0
0	0
0	0
7	0
84	448
2	448
88	4883
25	2226
9	214
0	285
0	4785
0	4803
7693	8
0	2
0	2
5125	4408
33	0
2208	3
50	6
0	5
0	1
4	363
472	580
12	212
30	92
0	54
0	134
0	1998
41	1892
64	410
0	1693
0	1757
36	2053
1244	0
12	34
0	27
0	34
0	800
0	602
14056	300
19	53
95	53
19	0
1823	1
0	0
0	3
0	3
357	0
31	3
0	3
0	0
132	0
0	0
0	0
0	0
0	701
0	757
0	745
0	484
37	757
0	0
0	0
289	415
0	448
21	448
0	0
0	0
0	16
2338	16
0	1375
108	1378
67	1378
16	78
8	291
24	291
1	84
348	1381
138	1381
629	600
0	201
0	4210
0	2564
0	4154
1239	4180
7	0
0	0
14	35
484	0
0	62
1	12
32	111
16	26
3	73
12	69
33	82
1951	511
0	433
342	590
9	214
53	166
642	166
3686	5643
15	33
0	33
98	1755
0	82
68	248
19	1556
0	1763
0	1854
362	0
6	1
0	1
0	175
1	0
25	46
476	0
262	14
0	14
63	0
0	0
220	506
0	506
36	384
0	384
419	0
0	0
0	2
0	530
0	822
0	273
2434	785
0	3
11075	2
265	1861
0	1861
0	10
126	10
4298	306
3	305
0	0
0	0
176	8189
0	6895
531	3984
7	10844
10717	10845
0	0
0	0
0	0
0	0
0	0
7	0
45	14
0	115
17	0
12121	531
0	351
1593	1678
74	0
0	0
1003	112
0	112
8	211
3589	666
15	26
224	662
16	712
30	673
0	6
42	49
128	707
0	2
793	22
4401	2263
30	0
0	178
1501	0
320	1991
13	1882
0	1927
21	1926
0	0
5	248
171	248
0	325
217	704
3	172
42	799
158	2554
0	36
0	181
0	787
0	357
119	955
0	1395
76	622
0	146
17	298
0	241
0	0
11	0
413	180
0	180
19	2
460	0
6	1526
2277	1526
461	0
135	75
0	75
152	1612
32	1652
0	94
4216	94
215	179
0	179
92	0
12	87
14	87
0	82
0	5
0	24
0	16
0	42
47	46
0	0
62	313
1	313
2	194
0	3320
0	3305
6	3357
22	3354
9	3333
7	70
0	39
0	31
6	2
208	1438
8	1438
46	67
0	0
0	0
479	596
6770	4
0	0
0	6
0	6
0	6
1251	133
0	8
0	8
0	4
40	76
1728	365
0	69
16	396
569	396
935	0
3458	7
0	0
0	0
263	0
107	153
0	153
113	146
106	2286
9	300
321	2239
4	14
8	14
0	0
0	1998
4201	1998
107	114
1395	0
256	0
12	0
37	51
0	50
24	0
0	0
0	13
0	34
0	0
3	21
0	17
0	0
2	1095
0	744
0	173
0	1077
0	210
0	0
0	210
70	327
0	140
0	0
0	1301
319	1275
0	1309
301	504
0	90
18	779
515	721
74	1930
0	755
0	754
0	1829
0	1425
1205	85
0	85
301	1368
0	1368
0	58
151	191
0	136
486	216
70	53
0	34
0	33
45	57
404	90
596	0
0	3
12	3
0	3
0	3
6144	814
5	813
20	0
0	0
353	2946
0	691
0	868
0	1054
0	1412
0	824
0	966
4	723
0	415
0	1030
34	3227
0	39
0	3279
2	3179
71	3336
3	3279
0	714
0	338
5	244
0	358
0	325
9	826
0	636
17	657
0	652
2132	1316
88	78
0	1316
1287	114
0	67
0	44
38	59
0	13
0	54
791	0
0	2452
0	2315
13	2410
0	3005
0	2975
0	2887
1605	37760
0	33448
8821	39115
0	39108
147	33546
73	0
912	0
1	1384
0	653
0	692
3600	670
142	0
0	198
5	198
0	64
0	198
0	1
13	0
0	0
0	162
0	2
227	162
0	0
2487	2
0	0
0	388
0	1802
0	288
145	1800
0	0
419	0
676	174
0	72
0	100
241	434
128	804
38	804
0	0
0	0
0	0
17	0
0	0
0	0
0	0
388	36
13	210
90	210
0	2219
851	2222
48	0
253	402
0	402
41	0
1181	0
0	0
0	0
94	526
0	524
121	144
0	151
0	167
0	143
1260	0
1290	0
0	4
182	15
0	15
0	0
0	0
0	1
77	0
0	212
0	237
0	1896
2649	1896
1432	966
0	416
0	875
1458	39
0	39
0	5
0	5
0	5
0	0
433	215
0	215
647	1312
0	1312
474	73
0	69
1	38
0	223
0	216
0	43
1218	43
0	32
4	432
0	432
0	0
0	66
60	200
0	80
0	108
0	3
238	0
29	5
778	697
19	697
0	0
0	0
213	193
0	193
0	44
0	52
19	60
4	60
0	0
45	259
0	273
102	549
0	220
850	554
552	342
2818	0
7	0
1201	401
0	401
0	0
59	49
0	0
153	0
0	9
0	34
20	158
2	227
0	219
0	4
0	4
0	4
0	2
25	1705
0	977
44	1017
39	1022
0	48
0	310
0	1216
342	1264
615	202
0	1
0	221
0	221
1	190
697	0
3572	26
23	24
726	1
0	1079
0	244
0	327
0	1050
0	2423
0	774
0	2566
139	0
380	3
0	3
0	0
0	241
2091	2113
118	2198
0	24
0	0
5	17
0	5
0	5
0	5
333	0
30	2
0	2
27	0
17	162
1559	711
0	711
0	27
0	26
296	125
0	122
3456	653
0	650
0	0
1597	560
0	560
0	0
8	34
402	81
172	80
17	480
0	41
0	20
102	139
14	41
0	82
75	339
8	441
0	441
0	3
0	3
0	0
0	2459
1	116
0	2269
0	2193
0	1318
0	5035
768	5035
17793	14839
0	534
0	14834
7937	6336
678	6216
4	35
0	21
0	0
0	0
2	208
4	80
0	5
0	80
0	68
0	208
2091	0
276	117
4	38
6	79
41	10
0	490
0	11
135	11
0	0
904	0
104	1225
1805	1225
10874	6
0	70
216	570
0	558
0	0
189	166
0	14
33	223
1258	0
0	665
44	665
1	0
0	0
0	0
24	0
1398	1
28	166
14	166
529	0
33	0
10	830
0	947
0	947
255	2333
1775	2335
0	10
3	8
0	3
65	155
0	48
388	48
308	247
2	339
10	106
163	1082
3	198
5	1083
43	0
0	0
177	0
2	1058
0	1047
40	0
471	50
0	50
21912	13
0	0
0	12
0	0
0	0
8	12
0	2
0	2
0	2
0	0
905	0
14	18
0	18
13	21
0	21
0	21
0	21
1143	0
406	0
0	0
0	1590
0	183
0	201
0	9
117	1688
3353	591
95	8
38	0
0	579
1	250
439	244
2	412
0	433
0	2089
0	2033
16	1596
0	0
0	0
701	0
4	0
41	51
0	51
0	0
0	0
249	0
0	19
112	716
100	716
0	0
0	0
1	859
0	287
0	371
0	287
0	5468
0	7901
6200	30885
0	30874
0	105
0	0
7	40
13	1201
27	1209
7	995
70	40
0	40
40	6
0	6
0	1
445	178
0	178
23	0
3667	2
90	120
0	120
705	46
0	46
10	41
0	0
0	32
0	0
0	0
1870	3
849	1
0	0
69	37
0	37
0	2661
238	12288
170	2746
0	1168
7938	12857
0	0
0	0
0	32
141	32
248	7338
206	6859
0	4906
0	15
0	15
32	15
231	2
233	208
3	0
24	208
0	206
1195	1
5	221
0	110
0	87
0	164
0	85
0	100
0	97
0	93
0	41
6908	6
47	106
61	117
0	0
2228	153
13	0
0	5241
1049	5246
0	0
0	0
0	0
0	11
0	9
0	30
395	380
0	380
0	383
0	508
111	508
4	0
0	7
3	7
61	0
694	0
6	38
0	4
410	12
0	0
26	16
783	554
253	4
12	0
8	12
0	2
0	510
298	515
8	5
318	543
657	543
10770	1893
4	1847
2	845
91	125
13	294
4	102
0	320
0	319
0	0
929	1
0	11
14	46
0	146
0	95
770	287
567	0
0	0
0	0
0	13
0	3
2	3
324	42
1	40
342	109
0	109
5063	0
229	929
105	929
0	120
0	65
0	87
0	87
0	65
0	87
11	0
0	0
0	0
0	0
0	0
0	0
3	692
360	692
0	12
927	12
45	769
4	306
347	763
1953	61
0	61
2174	1
46	0
1926	1351
0	29
6	16
4	0
0	16
0	99
30	99
91	304
15	2144
108	356
0	2144
3877	16
0	15
4	208
93	0
12	463
537	607
138	1623
37	1623
0	0
0	0
0	0
0	0
0	0
8	113
23	117
0	181
24	203
0	155
0	133
0	0
0	7
0	7
0	7
0	21
29	21
0	99
0	99
6	99
0	8
0	0
6	1060
4	577
0	407
100	0
5	639
0	197
0	191
0	6
0	4
150	62
0	62
4	37
9	34
0	26
0	16
0	0
0	0
363	668
0	391
0	19
2	705
3138	0
1433	0
15919	12
0	0
1572	3
193	43
0	17
2194	26
2579	2324
0	2324
18	11
0	11
58	0
986	0
0	285
5	425
224	1185
0	97
10	68
0	1153
4	0
0	10
0	10
0	10
0	10
37	0
3025	345
0	345
12	0
0	0
4	0
676	1
82	0
25	313
1	129
15	266
0	779
25	2274
0	2274
0	590
7	588
8	7
13	213
0	42
2	211
0	48
4	205
932	1236
0	1140
210	0
0	0
0	1
0	1
6	74
1584	810
0	817
1	789
6	139
0	0
0	137
0	137
0	137
0	28
0	28
0	15
0	9
9	114
731	3
2145	0
138	144
12	90
68	570
0	570
254	93
0	93
0	0
0	0
0	0
0	0
0	0
0	46
0	41
0	46
3843	470
0	470
191	405
0	405
1593	0
10	92
0	87
0	87
0	0
6	0
107	120
21	36
37	120
5	88
1	12
436	285
0	226
0	167
20	95
0	95
28	405
0	56
0	271
0	311
0	388
0	410
3559	2206
3570	2207
300	1517
1289	1517
0	1424
0	77
0	92
564	1071
0	1042
97	1041
1536	2562
0	2562
0	622
0	1039
0	430
0	91
14	30
4	269
38	1177
0	13
10	5
0	25
516	1086
25	1111
7	1086
1204	0
79	410
0	0
0	0
0	2
0	124
2	74
28	24
103	367
0	384
0	255
0	0
291	1367
56	1377
3676	249
0	248
7	824
2622	824
18	66
0	0
0	0
1062	1
1	462
0	182
0	185
0	136
0	141
0	174
3979	0
0	0
0	0
8	82
9	125
0	44
0	279
0	81
0	61
0	38
1	249
2261	0
235	127
0	127
0	0
0	0
0	0
0	0
0	1821
0	7570
56	8633
0	8630
2451	2
2342	2
435	13520
0	10902
462	13520
408	523
35	241
2	523
2	2
0	2
0	38
3	115
10	115
207	0
0	53055
2655	53057
170	1975
78	117
57	1880
0	142
0	38
70	472
1	462
0	792
90	792
0	83
374	83
2308	176
510	173
129	0
6	33
0	0
0	3
0	3
0	27
0	244
260	8109
0	8098
30	3401
0	8000
4	15
0	15
0	15
0	0
0	5
0	5
71	526
3	584
5	0
0	0
0	0
147	0
0	432
0	1225
1193	1873
0	1547
0	1873
76	2359
0	1969
5770	1
0	701
0	251
0	571
0	140
0	209
2	1006
0	485
0	479
0	1036
0	54
0	0
0	0
0	0
0	0
0	0
0	0
0	482
11	7
0	1738
70	1751
11	0
869	0
0	3
0	3
0	14
0	187
0	36
13	261
170	0
449	0
1	0
101	8
0	0
0	0
0	0
0	0
0	0
401	1914
193	1914
0	116
0	487
444	603
90	3118
5	3167
1787	2952
0	0
0	7
3	7
0	7
6242	0
23	282
16	282
296	716
0	709
0	716
294	51
26	53
0	53
2	2
26	2
168	48
0	48
0	0
0	0
0	0
82	4
0	4
0	4
1	0
0	0
0	0
36	226
0	226
128	92
0	92
2	30
10	30
0	36
28	230
0	229
0	584
0	191
0	332
93	332
0	194
10	0
5	0
5	333
29	532
118	544
807	194
0	194
0	0
0	0
12	0
33	58
54	58
857	221
0	221
0	0
264	57
0	57
2	0
16	5
14	27
1223	77
0	73
6	1
0	0
917	0
1032	1651
0	1651
0	23
0	0
316	1176
84	1299
86	1640
0	1640
0	44
427	95
0	95
1687	0
0	0
3986	0
333	0
201	219
0	112
0	107
0	0
6	18
394	0
215	19
2	19
16	22
0	14
8	645
0	0
10	2
0	150
308	150
8	162
1	0
11	190
0	194
5228	0
145	0
0	4223
0	4874
630	6920
1131	0
0	17
8	17
1043	1519
0	1519
0	2
0	2
14	9
117	0
0	79
7	184
0	172
11	14
5	14
704	0
18	104
4	104
0	1
0	0
0	1
127	44
0	44
9	138
3	138
25	1296
0	239
0	1254
0	677
458	1060
0	111
130	259
0	1060
1617	0
6806	3148
7	3146
0	210
0	5
0	5
1180	0
0	0
0	686
6	502
0	276
0	11
0	5
24	717
3533	717
0	1
140	2
0	11
0	198
166	198
0	40
0	40
6	14
0	14
2	409
10	118
0	0
0	0
0	108
3	7
1872	705
0	70
0	2786
5578	3707
0	2749
11	3707
0	935
435	2733
58	2733
1243	67
0	67
16	0
655	0
825	1
32	1053
3	337
380	5428
856	11203
0	3496
0	11191
0	9
0	9
0	9
337	0
7	0
0	0
556	237
16	237
0	0
216	0
655	0
1066	0
67	0
0	173
102	1309
22	636
0	107
0	287
0	1000
17	1000
9	213
17629	220
0	8
6	8
3	8
0	0
0	0
0	0
0	0
194	0
661	0
61	10385
0	10486
5	10428
4057	10088
0	10374
0	27
0	27
384	61
0	69
0	0
0	8
1312	304
0	304
19	0
203	70
0	77
0	30
0	30
56	2841
2347	2841
0	1829
325	69
68	70
1	953
0	481
0	125
858	254
0	77
0	213
7401	32421
2	3039
7	32421
1505	187
0	187
69	61
4	61
1398	141
0	141
102	0
1	0
0	0
0	0
0	1100
0	596
4	996
0	626
877	0
4	0
0	17
0	17
0	17
128	0
1448	337
0	337
0	29
153	70
20	121
197	5
12	105
1528	0
6	0
0	0
779	0
96	0
267	4781
0	101
329	4802
0	4802
0	569
323	586
7270	19
1	266
5	169
295	550
1	444
33	1045
26	1045
2	0
1	14
0	14
95	1
0	5
0	5
0	5
69	5
714	0
1246	393
0	5
0	393
0	8
0	8
9	272
15	623
481	699
0	0
0	0
948	0
5808	1
2	4
0	4
4	181
21	181
50	13
71	150
2	41
148	1
0	132
241	15
0	574
0	867
178	2926
0	2926
0	314
5	648
316	43
0	29
0	14
1360	0
0	0
199	0
606	294
0	294
135	0
384	6
231	0
0	22
0	36
0	203
0	271
0	2146
7101	2172
0	1
43	236
0	236
8	270
14	270
0	9576
7	9238
4	10488
2	12245
1528	12310
190	102
0	102
0	485
380	485
0	0
4	72
4	85
301	29
24	652
0	170
74	0
461	1832
0	1835
56	2780
0	970
0	2756
460	25
21	25
0	49
782	95
0	80
45	1
2	27
27	0
0	221
1850	236
2	185
25	41
0	28
0	13
85	0
123	0
389	28
0	28
1009	0
1341	582
0	582
779	0
566	0
1554	6284
262	32
0	31
5974	3634
421	0
4	33
59	2
0	2
1	5950
0	11025
51	11953
4	15
944	15
3787	3630
1184	956
315	956
16	936
0	0
0	0
4	0
0	0
0	3
0	27
0	3
0	27
0	0
0	0
0	3
0	0
0	3
7	204
0	204
0	0
0	0
0	0
136	644
23	644
4	442
0	442
0	286
50	311
6	309
0	270
0	0
72	34
0	34
0	0
0	0
0	0
0	0
72	0
0	3
427	3
0	0
0	0
0	0
0	0
0	0
0	0
0	0
0	73
0	18
0	73
0	0
0	0
0	0
0	0
0	0
726	0
0	0
0	0
0	0
37	0
0	0
10	17
0	17
0	0
0	0
0	0
0	0
0	0
3	45
3	56
74	0
0	0
187	13
0	0
0	0
0	0
286	1
2	55
0	0
0	0
0	0
0	0
2	0
0	0
0	23
0	481
509	481
2	0
0	0
0	0
0	0
0	813
1984	813
0	0
0	0
0	0
0	0
0	0
0	184
0	1
166	185
0	0
0	0
0	0
0	0
0	0
0	0
0	57
623	815
0	813
27	844
0	820
0	0
0	0
0	0
224	260
52	260
0	0
0	2
0	2
0	2
0	2
0	2
238	0
604	0
0	426
132	47
0	227
0	165
93	1597
0	234
0	234
306	1597
0	1
0	1
0	57
0	57
0	113
619	113
0	0
0	0
33	37
7	37
0	62
5	803
57	803
185	79
0	79
7812	5915
0	5915
39	69
6	86
1223	17
0	18
0	66
0	18
52	168
7	53
6	50
0	46
0	56
438	119
446	504
0	8
0	29
0	517
0	287
0	297
0	297
1	108
0	0
196	303
0	303
0	374
4	318
0	318
3379	727
13	723
40	481
783	481
120	0
0	102
0	107
19	129
0	0
54	0
0	132
0	118
0	125
0	111
0	83
156	83
177	0
0	0
0	27
4	51
116	51
1	2
0	2
9	19
0	2
0	2
5	22
5	46
4	21
0	14
572	47
123	47
0	0
0	1
86	0
0	0
0	0
0	1
0	1
3452	0
610	342
0	342
0	479
30	1352
0	1287
15	1328
3034	0
0	12
0	12
0	11
10	100
373	406
7	406
0	0
69	31
0	0
0	0
0	0
2	11
2	23
171	708
4226	1
2776	21
2	0
2	0
756	447
0	447
1642	0
0	0
0	0
39	139
1060	247
0	247
624	2
0	0
6	25
13	40
30	405
0	15
0	1
0	1
0	19
832	19
132	40
2	40
0	0
2	88
0	0
0	184
0	3
0	184
21	25
25	20
3	2
183	90
0	20
0	77
2	8
0	0
0	0
0	0
4	0
0	0
0	0
0	0
0	12
0	12
0	0
0	1031
0	1031
751	0
0	0
9	31
2	860
0	946
0	972
46	142
336	0
2	600
0	151
1933	449
0	193
0	246
0	423
2041	1228
0	1219
7	723
0	6
11	50
108	50
0	0
29	0
40	219
0	2
7	2
0	2
171	171
0	167
0	169
6	0
330	0
0	1
0	1
0	0
35	711
434	711
0	0
0	0
3548	0
240	0
1194	0
70	0
545	0
0	88
72	88
0	0
0	0
34	400
2	400
1	0
0	0
905	225
0	92
0	117
0	98
38	36
0	21
263	21
0	0
388	2
0	0
0	0
0	0
0	0
11	0
0	0
0	1931
1222	1932
0	0
2	28
0	14
3	42
16	56
0	24
0	0
0	160
1	160
1900	0
9	166
830	166
731	182
4	182
0	0
6	0
5	0
0	0
8	148
0	148
2	11
0	1
452	1
0	24
149	24
5	63
0	63
164	945
4698	949
1228	101
196	460
0	460
211	0
0	114
316	114
334	11
196	11
0	250
0	10
0	6
0	223
0	244
0	122
0	276
19	0
3	119
4	119
0	14
1063	669
1	578
0	669
78	153
139	138
46	5572
149	204
0	204
0	147
0	2007
0	533
0	273
0	2448
0	1424
1	727
0	70
0	129
0	597
0	0
0	487
0	487
0	1276
723	1278
0	117
7	73
285	117
17	863
517	6108
0	6108
9	700
0	55
0	656
0	532
8	1331
4	713
62	580
22	535
0	148
206	0
0	2539
0	0
311	3112
34	1696
22	1715
0	29
0	51
0	51
278	0
1	1305
0	722
0	690
0	663
0	570
269	0
20	522
837	522
7	991
0	300
0	356
1066	0
0	95
113	0
100	0
0	13
0	13
0	21
0	114
0	114
0	64
0	64
0	4
0	4
1685	0
20	51
0	51
0	9
0	0
0	9
14	11
31	11
0	4
0	4
0	84
72	84
0	84
6168	0
0	128
556	162
108	34
56	88
0	88
2092	2451
0	2451
276	0
0	0
2899	0
447	1
0	0
701	89
0	0
0	0
354	130
232	332
0	208
26	323
18	194
2015	0
1846	0
415	47
0	47
0	30
579	30
169	168
0	131
0	1
0	50
0	0
29	37
0	37
0	0
0	0
4640	2
82	318
0	48
0	318
21	262
1835	0
0	0
0	138
861	138
92	407
2	167
5	994
0	359
0	994
1125	1461
0	1461
5528	0
0	0
0	0
0	0
0	0
0	0
0	0
1	27466
2	1577
227	26381
0	7636
474	0
315	0
0	0
0	0
10	0
0	0
0	0
2273	325
1	325
0	33
0	1
0	33
0	1
16	0
0	32
487	33
4	0
0	230
1177	338
0	338
7635	4
0	0
0	0
0	0
0	0
0	0
0	0
662	0
1013	134
0	134
0	6
199	6
31	0
19	1518
14	1441
253	0
1272	0
4	1070
14	1070
15	962
0	265
0	267
0	265
19	1742
0	997
0	997
9	1242
0	565
102	1000
44	1628
0	843
5	939
0	915
3	1538
78	833
0	821
6	1015
0	417
0	243
11	920
8	994
0	990
0	185
0	503
31	907
0	179
0	108
1	1071
8	370
0	316
0	448
0	446
15	604
0	15
23	21
11	478
43	865
0	263
0	394
0	348
3	1596
0	690
0	1746
0	1619
46	16
0	16
88	10
2028	99
0	2
0	0
0	0
0	2
0	91
596	137
0	134
264	4
1732	3
83	105
0	105
292	0
1675	1
1557	0
419	79
0	79
2	528
0	528
4	3986
9	3022
32157	7032
287	0
0	0
74	89
0	89
0	118
0	118
1011	313
1302	313
134	219
0	219
0	0
0	1
0	1
0	0
108	3391
0	3391
0	768
762	0
0	0
182	0
1040	0
405	0
0	1081
3823	1084
2045	1483
21	1415
0	574
0	737
0	115
174	115
42887	8978
6	8961
0	0
3	82149
0	14587
936	85027
0	24258
0	2
0	8
11	10
0	261
223	261
0	5418
56	5418
217	317
400	317
63	0
3	24
0	24
0	92
0	85
0	45
1	481
0	449
0	0
0	0
93	426
0	426
0	0
0	0
0	9
0	9
0	0
12	106
217	119
0	108
0	119
0	3
0	1
0	1
10	3
1	1
6877	5
1	122
155	33
9	528
123	539
0	49
0	91
0	91
0	178
0	0
10	130
0	343
0	36
0	706
0	194
0	311
3	0
4	72
0	3917
0	40
30	0
0	9
0	0
0	0
44	411
27	140
0	543
0	1571
8	668
25	89
4	1
0	122
0	117
0	0
0	0
0	0
1	26
0	353
0	298
0	296
152	2451
0	69
0	1212
0	1186
0	1213
0	76
0	202
0	750
0	6
0	14
0	676
4	0
102	468
5	470
16	55
0	180
0	153
20	419
60	254
0	1009
0	15
20	86
0	0
0	0
29	268
0	0
1	11
208	0
10	11
0	254
0	155
0	207
0	27
0	645
3	15
0	6
0	10
0	58
0	45
0	0
0	342
0	739
0	4185
0	514
15	112
0	21
19	108
4	245
0	810
0	76
29	287
397	570
0	0
5	0
0	1
0	0
0	9
232	863
342	0
0	29
1337	2
107	670
35	1489
9	1452
30	38
14	206
0	27
266	700
0	922
206	1981
109	325
0	0
0	0
307	2917
21	36
0	18
43	77
0	270
17	567
0	873
0	1420
0	1585
91	267
0	297
38	1
38	478
0	0
6	197
0	722
1	561
15	205
49	1917
3	1838
0	1522
3	390
0	267
0	350
0	461
0	513
0	613
21	594
0	605
0	576
0	0
3	298
0	445
0	64
962	0
0	307
0	376
1310	2023
0	136
0	163
6	0
0	67
40	343
0	5974
0	5976
1	5916
0	1741
0	391
39	140
92	1819
0	172
137	323
175	2398
0	4509
37	22
0	9
0	104
0	107
13	10880
0	2261
65	795
0	156
89	586
36	3644
0	3644
0	3526
0	1
0	291
28	545
5	29
139	4754
3	395
29	445
0	0
0	1287
0	1379
14	63
0	8142
280	0
14	16
0	0
0	22
0	4665
0	2664
2	0
0	424
0	0
23	248
30	150
36	282
52	410
45	0
0	6
66	50
0	65
0	52
0	37
2	18
0	747
0	977
0	758
191	734
0	1953
0	1990
0	1640
0	5
0	203
0	0
0	22
0	557
299	0
846	822
0	90
22	10
0	340
0	22
188	190
175	0
0	0
0	0
0	646
0	482
0	9
0	3
0	53
0	9
28	5028
0	351
148	1358
2	22
0	0
0	998
0	1
0	681
0	661
0	145
0	7546
0	240
0	0
0	246
0	661
0	49
0	0
0	294
0	28
0	102
0	5
0	0
0	0
0	0
0	0
0	0
24	0
0	3
0	662
16	4247
0	0
0	105
0	143
0	142
0	216
0	157
0	600
27	202
0	24
340	2098
704	256
261	239
0	1569
36	891
16	1252
0	1200
0	1154
868	0
0	363
0	1697
0	2576
0	0
5	465
0	0
0	0
0	63
0	831
162	4
0	79
2	133
87	0
0	965
0	884
13	319
0	267
0	141
0	173
191	145
4	32
0	0
127	975
0	26
0	3
0	12
5	664
0	0
157	380
0	680
0	123
0	234
0	225
0	237
0	237
380	0
0	1
2	781
0	0
0	0
9	0
0	304
0	304
0	92
441	2435
4	76
0	509
0	113
0	113
0	94
12	100
14	5922
0	4724
0	1
0	7
404	1337
1	0
0	0
0	16
82	2733
0	4
0	0
0	469
0	462
0	238
32	131
0	0
778	1620
0	102
0	8
0	1372
0	1403
0	1372
230	2214
16	1738
0	267
0	215
0	166
9	262
0	761
0	16
720	3997
0	0
0	101
0	0
53	736
0	28
34	928
4	40
92	577
0	4
0	833
0	7
29	87
0	3
0	22
0	0
4	10
0	31
3	94
0	681
0	198
25	143
13	167
183	742
0	3
0	459
26	29
6	1817
0	662
71	0
0	1630
4	45
0	23
0	10
49	981
0	700
0	812
0	797
0	887
0	719
0	83
0	0
216	531
0	93
0	98
55	610
2	756
6	759
3	787
494	130
12	0
0	726
0	831
0	0
0	69
337	2792
0	2304
1	1634
2	1363
5	6
0	67
0	84
0	0
0	0
0	162
0	244
3	332
0	7
0	2132
0	19
0	65
0	36
0	362
0	2
2328	14
64	214
22	93
0	7
228	715
0	59
1	842
2477	4
0	82
0	1641
0	161
0	104
0	53
0	50
0	50
0	410
0	10
0	10
27	1
0	65
0	316
0	545
0	1425
0	38
0	41
0	34
0	38
0	40
0	862
0	1128
0	2
150	1438
0	2032
0	5411
0	5411
25	1765
25	0
22	0
0	443
35	263
4	67
612	3644
0	411
785	537
458	537
0	0
0	20
0	0
8	60
1	1509
0	715
0	133
0	0
241	5482
71	1367
0	838
412	2870
116	2870
5	16
0	0
260	474
0	474
73	563
0	113
960	0
109	0
0	46
8	237
16	237
0	0
0	2
0	67
0	67
0	0
0	242
0	38267
0	38078
0	0
5	121
0	393
0	391
0	379
0	137
2	60
5	117
0	115
0	306
1	756
0	546
0	556
57	711
259	1412
0	1411
0	13
0	64
66	0
331	1218
0	208
0	237
121	76
28	0
748	0
0	65
2	41
0	41
0	301
0	1058
73	794
6	105
1619	0
1	519
0	625
0	613
354	0
236	16
0	163
0	0
0	7
0	0
50	137
955	3
0	9
0	3
0	50
26	147
9	67
0	701
0	0
0	111
242	2192
0	3891
504	1
0	170
0	3499
1891	3341
0	3341
0	819
3	32
11	231
0	3110
14	3249
0	2865
126	2605
0	170
0	535
76	323
0	0
0	0
152	0
0	498
0	3
0	600
0	643
0	592
0	611
0	230
0	163
68	1176
70	1176
0	200
6	17
1212	1654
0	1654
56	0
4	325
346	0
6	19
1	415
13	1
0	9574
0	9300
0	8252
64	4402
2393	1
192	0
0	7
0	124
0	147
49	972
0	36
1	1614
0	79
0	289
0	314
4	0
0	0
332	0
0	6
0	393
2	390
0	390
0	312
0	501
16	121
0	44
0	413
22	98
0	79
37	289
15	4
11	0
0	2299
650	1420
50	4406
0	4406
2	2189
0	17
235	0
0	2185
40	0
151	1791
0	511
134	206
0	18
0	0
0	22
0	22
0	0
31	1741
57	0
0	7
0	84
141	530
0	171
0	2547
0	2784
0	2688
0	0
0	0
0	0
0	3135
7	474
0	0
0	0
0	0
0	0
0	47
0	8
0	0
3	354
0	344
0	354
141	1239
0	243
10	770
0	771
0	742
0	0
0	226
117	0
10	15
0	15
0	5467
0	0
0	156
0	164
0	165
0	158
0	16
149	1321
0	945
0	0
2940	0
3	8
27	0
0	39
0	1039
103	2066
5	1
0	2
0	0
629	299
164	300
0	10007
0	19
0	19
2429	0
806	0
9	6
316	2101
0	842
0	0
35	100
183	144
0	12
13	97
0	0
23	271
35	850
90	371
0	247
0	272
21	35
0	35
0	625
5	99
0	0
3001	2
4	1
0	53
0	0
26	128
70	9407
0	2
230	0
0	153
0	153
72	0
337	0
14309	6
3678	0
0	295
0	2767
0	272
574	0
0	1303
83	0
173	0
14	393
0	2382
9	2474
0	2514
0	281
0	1078
0	3
5	508
0	209
456	0
0	0
0	358
0	98
0	1590
0	2176
0	2459
0	7
0	0
1	7
1198	0
106	518
0	518
4	53
0	0
0	801
0	998
682	584
0	1019
8	0
1	28
0	472
16	0
0	1
114	0
0	11
0	91
0	91
0	249
0	0
71	10
65	0
83	271
0	9
0	9
0	0
0	0
0	0
6	1
50	0
30	156
0	0
428	0
3	0
4128	0
0	8
100	324
3	0
0	0
7	144
0	1446
0	1369
0	1435
0	1512
0	579
2	212
53	501
0	119
0	0
24	1302
0	191
0	122
39	2940
1524	2941
32	0
1004	0
43	15
6	0
122	0
99	453
0	75
748	0
613	0
2382	0
27	0
0	2
126	0
13	115
738	0
0	0
0	167
0	49
0	107
247	1
0	68
0	126
0	213
0	208
0	213
0	203
0	206
0	172
0	6547
0	6549
0	6547
0	6317
0	6570
0	5006
0	0
172	0
0	0
7036	90
0	26
6	26
57	0
79	640
0	284
8	0
0	475
0	475
99	0
0	114
0	30
70	0
0	0
0	439
0	4
0	0
11	851
78	0
81	4230
0	3986
3	123
0	123
0	0
94	0
0	0
0	9
0	7
0	7
0	7
0	7
0	42
0	1674
0	1673
0	1714
4	0
0	1965
29	568
55	0
213	0
1	12
352	1363
287	0
0	601
0	566
0	520
0	331
0	509
0	148
0	148
65	0
0	65
236	0
5	0
131	601
0	0
45	199
0	193
562	2
0	24
80	0
1039	5249
0	556
0	1112
142	1130
74	821
0	741
12	0
671	0
0	0
77	784
1221	0
70	0
0	133
0	1003
815	0
1001	0
0	0
0	118
1082	0
0	502
0	500
149	0
15	24
4	1232
91	1232
100	0
0	0
0	89
0	43
48	0
0	61
0	61
0	3
124	0
0	1217
1445	0
177	3014
153	3014
0	3654
0	5919
85	5027
0	5027
4	2791
0	1013
0	1018
1	1028
12	1107
0	814
1	0
0	597
0	619
0	597
0	1501
0	0
263	596
0	478
6	9
24	107
79	10
0	10
37	0
3	0
17	13
54	364
369	97
0	1445
0	388
0	0
0	124
155	0
87	0
33	108
135	4
284	630
0	627
0	263
0	220
0	0
132	592
8	0
0	45
0	0
0	89
0	175
0	11
40	116
0	116
24	248
91	259
0	0
502	0
0	417
0	0
0	2930
8	2930
0	129
0	129
0	119
111	0
0	0
0	806
0	57
0	723
0	954
0	741
0	740
633	105
0	0
236	0
0	0
3	0
7	0
217	0
0	0
127	0
0	0
0	61
237	64
0	57
0	0
0	0
0	0
1	131
0	131
0	0
4	10
10	0
0	0
76	0
140	0
0	830
8	0
291	260
22	260
118	0
126	0
0	3
5312	12
0	102
0	86
374	0
1	25
0	0
40	0
0	0
21	25
0	35
1814	2
0	2661
0	2655
0	2640
0	2637
0	2623
0	2203
0	2068
2	129
0	1740
0	1486
17	141
1233	0
49	1889
0	620
108	925
220	0
5016	3
0	0
0	1399
0	1410
0	1557
0	0
10	834
78	834
0	9
0	9
0	20
0	20
0	0
242	0
5	0
418	0
0	3
4	4
0	4
83	0
0	844
91	829
0	227
242	62
0	0
0	735
3	736
0	624
0	752
0	735
0	0
4	41
0	904
0	904
0	741
0	897
0	539
3814	7
0	613
5	0
0	0
0	0
1133	0
0	0
1198	0
0	0
186	0
4131	3
0	79
0	88
0	88
14	131
0	131
0	0
111	60
0	60
597	58
43	141
0	141
15770	10
61	0
0	6
197	0
1667	1
539	612
0	610
1343	0
855	1
621	0
4	216
0	216
0	0
26	0
2	0
0	0
0	6
0	4
0	1623
0	1116
0	1098
448	1669
0	1107
818	1662
87	0
1828	0
0	0
962	0
391	0
93	0
0	0
0	0
131	0
0	266
35	264
0	281
352	256
0	183
0	0
0	0
0	0
0	0
0	0
0	0
10	0
72	8
4	36
646	36
0	0
0	0
0	1
0	1
163	0
0	0
9	152
4324	2
0	211
0	245
0	245
2	113
32	0
38	0
0	0
0	0
0	0
0	0
0	0
0	0
27	0
12	0
10	0
0	0
0	0
136	1069
0	29
624	0
111	189
0	0
334	0
81	310
0	5
61	391
0	391
5	0
0	0
320	0
0	730
221	0
20	780
0	707
0	760
0	0
61	887
0	0
0	50
75	835
15	910
1	501
0	111
0	0
0	24
20	0
1978	5
0	0
0	0
0	0
0	0
0	0
0	0
403	1
845	701
0	442
56	0
2	9
0	9
0	0
46	0
0	2811
2247	4
12	0
226	0
557	2
0	144
8	0
491	0
0	1
351	673
0	673
169	2
0	0
0	0
23	0
6915	3
4	1540
0	1520
114	811
0	221
32	7
0	386
0	171
238	0
205	0
160	0
1	104
2	104
314	0
7	53
43	67
0	0
639	844
1492	0
0	0
41	0
19	7
0	7
73	0
0	42
0	42
0	0
460	0
488	29
4	0
429	510
0	510
0	9
0	9
0	0
7	0
11	0
0	0
141	0
165	1737
25	1737
0	768
0	412
33	6
0	6
0	0
33	0
4	0
0	2
0	2
30	283
3	0
5	0
223	874
8	338
0	306
0	245
1327	10
0	0
0	804
26	34
0	34
0	0
0	0
36	0
107	0
0	118
0	131
0	118
0	0
1261	0
0	51
6	83
0	83
1	0
0	0
0	34
377	0
1014	0
4	0
273	0
188	1435
0	1435
4	484
22	0
244	0
387	1
817	5
14	0
0	84
1	84
29	0
3	20
0	2
0	0
0	0
0	0
0	49
295	0
69	0
18	205
0	0
40	362
0	0
0	0
0	0
0	18
17	0
0	0
165	0
3637	1397
0	23
0	23
285	0
851	0
255	0
0	0
5	38
41	0
11	57
17	0
926	0
0	222
1691	0
14	0
0	123
4	0
0	0
47	0
0	0
729	0
290	13
2058	4
874	0
0	9
190	0
0	188
2	212
22	0
299	417
0	417
658	0
793	0
20	0
0	188
28	188
81	0
87	639
0	639
0	0
506	0
0	140
12	0
490	4
0	0
0	597
54	597
1409	0
617	0
0	10798
26	113
0	119
53	52
0	39
5	0
0	0
477	0
0	573
0	0
247	749
439	1
0	2
0	2
0	0
71	0
11	52
1	0
955	1645
0	1645
0	0
0	416
0	7435
20	1
0	0
0	0
685	1
639	0
231	0
1587	1
32	0
1	0
0	0
0	0
4	14
0	0
0	0
0	49
0	19
828	167
0	111
11	130
6	0
0	0
0	1
10	17353
1512	17353
0	0
92	0
38	613
11	610
0	604
0	0
3437	1
0	675
1171	11
7	7
1483	0
822	964
0	318
836	0
0	148
9	135
87	149
665	0
11	0
0	7924
973	1
0	0
530	0
0	14
0	14
0	0
0	261
0	256
0	259
0	275
124	0
1	1159
248	0
89	31
586	161
1183	0
76	1479
835	0
23	0
1314	4
402	164
11	310
0	245
44	255
748	0
194	0
0	1531
0	82
320	0
176	6
0	0
0	0
1	5
0	28
73	0
146	0
10	363
732	0
266	0
0	678
1493	0
0	861
0	869
0	460
0	478
1	0
60	1
3502	0
17	24
0	0
19	126
0	126
670	1
0	888
14	305
6	41
0	708
0	677
0	705
0	730
0	754
0	1595
71	1595
13	26
177	0
19	80
0	156
215	395
0	455
11	376
57	0
0	533
478	2901
6	925
0	925
2239	0
109	4533
9	4533
0	0
9	0
0	0
0	0
0	15
0	15
5	15
1	5
0	0
42	0
321	658
7	87
635	0
240	0
1067	2388
39	415
0	35
0	0
0	54
0	55
0	55
0	55
0	0
0	0
4	499
1644	5
97	13
0	30
3	30
40	127
180	757
204	759
1713	1317
0	0
3	630
3736	0
1095	0
0	2
0	0
1782	1
422	1
0	44
0	44
0	35
0	5
0	5
31	0
0	0
82	169
4	251
0	672
165	487
1	583
0	502
480	34
344	0
155	0
36	0
0	0
0	0
1073	402
1	52
1915	1
70	356
0	969
38	128
0	240
2984	3
173	904
114	0
0	0
0	0
1	362
0	0
5304	4
0	0
1	0
27	0
214	120
3759	0
106	0
2871	0
0	0
26	0
7	0
0	530
196	0
27701	15
62	0
0	57
0	625
2063	0
26	0
0	166
0	1553
0	2
0	2
441	0
165	0
0	0
5472	7
0	698
30	320
3828	0
0	37
0	865
1139	4
0	990
984	1
3	0
905	0
0	864
0	1335
0	76
0	76
11	57
0	148
0	6
0	6
5	264
38	264
133	989
0	0
0	0
44	292
8	0
0	5455
114	879
18	0
0	0
0	0
0	0
0	0
50	0
4	0
0	1682
413	0
247	0
0	68
0	875
0	334
0	0
0	0
0	5
0	5
0	75
0	99
0	321
39	0
0	3
1420	1
0	15
180	785
88	313
0	284
13	313
0	313
28	116
56	0
8	95
0	297
4	30
664	0
1	0
854	462
0	462
7185	15332
713	15328
0	1
191	289
0	94
0	29
0	1721
903	759
0	215
0	434
0	435
0	308
0	99
124	0
206	75
0	1200
0	0
8	223
0	14
11	242
0	60
0	199
0	204
17	242
96	0
163	0
0	0
0	536
0	234
1217	0
0	4
0	4
0	4
0	70
0	0
0	0
0	26
0	935
0	159
98	755
3592	0
32	0
334	4
75	206
0	206
0	0
0	52
0	45
135	223
0	22
0	30
2	257
0	906
0	912
1807	2
6	314
0	202
804	0
31	0
10	0
0	7531
39	0
0	0
7	11
1045	0
11	419
57	213
61	1
0	1
139	184
0	0
0	18
0	267
1	125
0	218
0	0
2182	1372
406	1372
0	0
7219	0
0	1
1699	300
2012	300
0	281
2	1305
4	7
0	195
671	0
0	353
0	0
327	427
0	0
0	0
0	0
0	0
362	0
0	1868
4	27
12	346
31	0
0	71
226	0
68	2389
0	0
2	0
190	0
170	1455
487	1478
0	3
1	5
0	0
0	115
0	115
0	91
0	115
0	115
0	115
0	115
0	122
74	388
1568	0
15187	2
0	444
0	0
0	230
0	256
0	186
410	0
118	12
0	14
64	0
4	0
0	692
0	0
61	0
0	0
25	206
1503	195
814	195
28	0
0	424
0	1716
0	0
17	46
0	46
334	0
0	265
17	295
0	241
4	285
99	0
0	0
0	0
0	0
0	245
0	101
0	0
0	0
51	843
1	843
2	181
22	78
0	78
53	157
0	0
11	0
3	259
495	5
4	0
0	4
0	282
2493	282
630	22
3	203
0	166
0	21
0	176
8	59
0	59
0	0
0	1
1063	0
0	0
97	0
0	28
11	28
0	4
0	262
0	68
0	68
1	2
0	11
2	0
0	0
9	358
0	0
0	0
0	1262
0	15
0	0
0	0
9	0
18	144
0	61
5	55
10	342
16	787
0	787
477	2
28	178
31	1041
0	1041
67	0
0	0
21	393
0	0
0	0
8673	1
0	1092
0	145
90	0
90	808
10484	9
0	26
0	33
34	0
0	134
0	5
12	323
0	323
263	226
0	168
0	1147
0	790
68	264
0	12
2	0
0	0
487	0
137	0
0	23
0	0
0	147
0	0
0	28
3	0
0	1832
148	1895
0	30
0	8
0	6445
0	6551
0	6690
0	81
272	0
0	1096
0	1559
66	1845
18	1294
5842	2
25	27
0	725
0	1834
0	0
0	0
38	679
0	679
0	1344
0	192
0	0
0	0
0	0
0	0
0	0
0	17
0	928
0	8
0	0
29	57
0	17
0	1288
0	0
0	119
0	9
0	55
0	38
0	3
498	1
488	0
4	403
0	179
0	0
30	1113
0	2472
7	28
457	79
44	0
0	884
0	827
0	7
0	0
0	51
24	977
569	977
0	493
29	0
1	27
243	2631
0	0
0	0
0	17
0	320
1473	2389
0	0
32	8
0	0
0	4921
0	6
0	8
33	86
0	0
0	150
0	3
0	0
445	0
0	0
88	0
265	0
0	1505
9	4
2	4
0	4
0	1764
0	126
165	0
12	425
0	0
0	2052
0	0
53	385
2	6
7	0
0	186
913	132
66	251
0	223
0	123
12855	18
14	47
0	515
0	571
0	300
0	201
0	31
167	813
2821	1187
0	1187
274	0
0	2034
0	253
2	1167
7	2
27	0
0	546
0	391
0	23
0	554
0	530
0	655
0	683
0	667
346	0
0	3
0	2095
0	555
0	157
0	150
0	0
10	44
90	0
0	16
0	0
481	1
0	6
0	6
0	6
0	6
335	883
0	28
106	776
13	216
0	216
0	0
15	1015
0	648
0	0
0	833
0	12
0	2
7	495
0	465
0	495
0	495
2	0
0	118
0	9683
0	9941
773	0
0	0
0	372
0	161
0	161
0	27
5	111
8	0
0	17
0	0
437	427
0	49
770	0
0	0
0	65
0	219
708	0
0	818
439	0
0	34
0	34
149	2783
8	1271
0	325
1913	2
77	379
13	1
501	3
0	88
0	0
0	0
0	1754
14	183
0	1224
59	590
0	460
0	1242
0	55
0	0
0	1
226	0
0	791
31	101
125	0
75	289
0	35
0	764
0	773
0	939
0	939
489	0
0	0
14	45
0	0
0	178
13	0
13	71
6	46
5	77
5121	0
1010	0
0	543
1453	0
61	48
2	16
0	56
152	337
0	0
0	0
0	744
0	5
0	3
3375	9195
0	9192
0	20
11	427
0	427
0	4
0	0
0	292
0	2
6	974
15	6
421	0
5	76
0	1
12	202
0	0
25	1
378	2615
0	84
0	0
0	0
0	0
45	0
26	115
0	0
0	0
0	437
0	0
0	0
0	0
0	0
0	0
0	0
0	108
0	6
0	370
0	98
0	208
224	0
72	1778
0	290
98	290
0	0
0	757
0	0
489	0
0	66
0	66
0	66
0	77
0	39
0	25
7	68
0	12
0	0
0	0
0	50
3	127
0	105
0	0
1	46
0	0
0	0
0	310
0	443
5	301
0	379
0	621
0	141
0	38
0	518
0	267
0	0
0	216
54	424
0	632
0	551
0	645
0	358
0	540
32	772
0	1
0	1
1091	511
30	506
0	1530
0	303
43	43
546	0
76	187
0	187
0	14
3	7
0	7
0	496
72	597
0	126
0	124
0	0
65	228
0	0
8	62
857	10349
167	0
0	16
0	530
0	5
18	1091
537	0
0	40
0	40
0	180
10	150
0	434
0	0
0	0
0	0
0	3
0	3
15	4
106	674
0	24
0	0
0	0
7	0
0	73
3	202
140	8860
0	8935
0	124
169	26
1063	2550
0	0
31	146
0	492
0	219
0	48
235	1427
0	938
0	34
0	359
0	61
0	138
662	1404
0	677
0	758
0	583
0	69
0	0
0	0
0	480
2	301
0	8
20	0
0	242
0	0
0	407
8	0
0	67
262	0
1449	0
0	6
5	14
959	0
0	0
0	34
0	1989
0	876
29	173
0	2
5	26
0	0
0	3
0	3
0	0
0	0
0	70
0	55
0	0
0	152
591	0
0	156
0	54
63	152
237	211
0	0
2	4
0	0
8	0
46	109
4040	0
0	0
430	6144
5	0
0	0
1213	0
0	0
0	76
0	64
0	53
0	0
0	1240
1	1144
0	0
121	0
0	0
0	57
0	1906
0	1638
0	0
0	0
0	346
394	346
0	314
23	125
0	76
88	975
0	0
0	0
0	3737
695	0
21	113
0	63
131	217
0	568
0	471
0	573
0	574
0	574
0	456
0	496
2	453
0	561
58	1
0	312
0	886
22	10577
7	13324
127	56
0	30
0	112
0	100
0	109
2075	0
0	0
0	0
0	0
215	3393
16	75
131	218
16	0
9	0
4	8
0	8
0	0
185	347
13	189
42	0
0	3152
0	1882
1975	703
359	701
191	1239
0	1301
0	1093
105	1350
3	1255
1052	0
1	236
54	1852
0	1719
0	1
991	0
4	0
55	8
217	0
0	551
0	537
0	599
0	402
0	277
0	387
4942	12224
2090	0
29	0
0	0
0	0
0	257
0	783
0	783
9	817
0	856
287	7398
0	2115
28	8002
335	0
17	50
0	786
0	830
768	0
176	15441
4	2070
0	2151
0	2076
0	1357
0	0
0	0
1	539
0	0
0	22
0	22
121	888
0	1046
0	366
0	153
0	3
0	26
0	0
0	0
132	0
16	147
0	309
2	0
503	0
976	651
1353	0
0	113
0	108
0	0
17	0
0	261
147	1035
0	0
1994	69
0	0
52	0
23	776
0	2
0	6801
0	6801
0	7037
0	5357
0	3318
81	0
14	364
5	72
0	2
0	0
0	0
2239	0
0	0
0	0
58	921
0	899
0	921
6	921
0	0
39	0
0	118
0	376
0	503
0	708
7	19
0	19
1244	181
0	36
0	129
0	166
0	292
0	32
236	192
504	721
0	598
0	90
2	8
0	0
0	6
6	6
29	0
0	303
0	0
0	0
121	4570
15	0
0	11
0	11
24	82
0	0
342	4
0	202
0	183
19	2083
84	2083
0	117
23	65
0	0
682	521
0	521
0	5930
85	0
0	0
0	797
53	797
47	361
5	361
0	212
51	17
12	287
0	62
0	7
0	112
17	19
135	3
0	173
0	136
564	0
14	0
0	0
0	0
7	2232
490	2208
3	184
0	49
51	40
0	948
1162	0
0	412
2204	1
0	607
0	0
0	0
51	213
0	213
9	0
6702	0
50	0
0	0
116	0
7	0
2	5
100	0
0	1
683	0
0	0
0	0
53	0
0	522
0	216
0	9
1	9
0	0
0	0
0	71
1	46
8	1842
56	2112
15	50
0	114
88	0
0	0
4	0
30	0
13	27
0	1087
0	1106
8	1053
753	2
4	0
86	0
0	21
1836	0
69	0
0	0
0	1199
0	1199
18	0
0	408
0	945
20	0
0	61
399	0
0	37
0	473
1	461
119	398
21	0
0	10
0	10
4	3527
0	3505
0	72
0	16183
410	2
0	396
16	119
0	107
0	0
49	0
1	0
210	0
0	208
0	198
290	9
201	0
7449	5
153	1840
0	0
1840	0
3	15
0	179
707	0
0	0
0	252
0	0
1	0
0	37
0	51
2770	0
0	1508
0	0
0	15
1619	2964
0	2964
0	0
0	0
9	75
7	75
0	46
0	15688
0	15810
0	17669
0	17642
0	15692
14	9725
303	0
37	6
0	1911
0	2192
7	128
45	957
2	908
0	926
0	571
4	571
0	1
0	0
412	1375
174	1
0	0
0	75
7	6
238	0
3	0
8	0
25	0
0	0
0	0
20	554
0	5
0	5
0	0
1020	0
84	0
91	0
0	0
45	42
1	0
1	0
4590	4304
1998	4306
0	61
14	3
0	7
0	1324
1818	2
800	0
0	176
49	217
0	0
2621	4
195	0
0	58
203	879
0	0
47	3
212	893
180	893
92	0
0	0
365	0
238	0
0	5575
0	734
0	0
431	18
2028	1325
0	1325
467	0
702	0
0	633
134	0
0	8742
353	0
91	0
1392	2137
0	70
0	0
12	595
0	302
2	0
539	2660
0	775
0	640
0	762
0	788
0	762
0	762
0	762
0	38
0	246
4	0
125	0
0	6
0	6
76	257
0	184
3361	2
311	0
0	0
153	134
235	1
0	209
0	622
55	3063
0	3063
0	0
4111	1713
0	1711
0	0
0	0
1491	726
0	0
1071	0
34	0
0	0
0	0
0	5336
0	4960
0	4814
0	3730
0	4349
0	4378
0	4700
0	4315
0	4202
0	5308
0	0
6	0
176	0
1	0
0	4
2127	0
2163	0
0	0
588	0
0	0
1	0
0	0
2	90
335	687
4	0
96875	26
0	628
192	0
47	944
498	944
39	0
0	0
0	284
281	0
0	28
7	29
0	1810
0	0
0	0
3	20
75	163
12	163
0	0
94	400
0	0
0	0
111	2899
0	2867
0	0
0	0
0	0
0	0
1349	0
4	0
0	0
0	0
0	0
854	0
2	0
14	0
0	518
10	0
0	390
0	120
0	695
50	695
0	0
262	675
0	675
0	0
0	0
0	0
49	0
0	167
8	319
26	0
0	1159
6315	4
0	0
0	0
525	0
0	0
0	0
0	0
171	0
0	225
50	184
771	2
120	3301
0	3301
0	190
17	191
0	760
0	0
0	0
4	0
0	0
146	0
0	0
27	624
0	624
14	123
0	123
338	54
0	347
0	347
0	350
113	621
232	622
474	0
265	777
7	0
0	266
16	266
0	223
17	0
41	634
3	634
15	0
0	0
93	0
736	2771
0	2771
0	6
0	1
5	0
9	0
0	1478
19	387
0	0
114	0
9	0
0	0
0	39
0	39
0	0
9312	10865
427	0
0	0
3	150
0	175
10083	10
3	0
0	0
226	208
581	2452
32	0
1660	2733
5	0
0	0
0	1998
0	2081
0	2166
0	2102
0	2102
0	0
0	18
0	0
2	38
4766	3
65	87
628	1366
486	2738
0	566
0	378
0	0
0	0
237	0
0	445
0	409
0	286
0	0
8	0
126	0
0	10
320	0
2240	2
0	0
0	38
77	10
30	0
0	0
0	0
18	0
35	1
4	1
55	0
13	10
0	0
191	0
72	0
0	0
11	0
22	154
247	0
313	0
4	27
172	0
7	4
97	0
3612	2
0	29
5382	7052
0	3494
0	0
474	2
0	365
599	5585
628	0
0	21
0	3232
0	0
0	660
56	140
0	375
0	346
389	0
7799	7
132	1311
0	32
0	917
0	0
57	61
32	12
906	0
90	0
1	301
0	77
29	0
0	246
1206	0
3772	6
0	7
6317	7
510	98674
3358	98674
2	0
0	4
0	9
0	9
26	76
0	3676
1965	0
8	5377
154	5377
321	0
0	109
949	0
1	0
14	0
37	0
4	0
0	0
0	0
0	0
71	575
0	0
29	4300
2	4254
4	4296
0	4250
0	3
153	0
0	0
29	0
1563	0
0	237
0	430
115	131
18	129
2451	3
272	0
4578	3
94	3167
0	0
374	0
236	3
0	158
0	309
0	309
0	309
0	309
100	0
90	206
0	0
84	177
5263	2751
586	2750
8	1280
0	204
0	204
212	0
47	383
145	21
0	133
0	0
0	0
0	0
0	102
17	102
0	0
142	0
3425	1
0	0
71	433
0	0
0	0
4	0
241	392
0	392
120	0
0	0
0	40
24	0
15	0
21	0
170	408
0	408
0	17
14	17
15	193
0	205
0	272
0	229
0	247
1	0
0	0
138	0
164	1574
0	15
18	18
158	108
244	402
136	401
5	982
0	0
0	0
44	560
0	29
0	29
0	60
0	60
0	60
0	60
0	60
0	11
0	6
1845	0
0	0
128	1369
45	1369
2	59
0	48
1794	7110
5045	7108
0	0
0	3
0	3
0	3
43	510
0	489
0	183
7	173
0	12
0	3
0	12
0	12
0	12
0	12
0	3
0	12
3	50
13	152
25	35
62	1684
18	0
1562	1
78	415
53	415
4500	3
214	0
34	307
83	760
129	214
2555	1221
463	0
259	0
0	1
1	507
0	10
16	289
0	289
0	0
760	0
0	0
0	10
747	2
11	1
4	2318
0	1003
313	354
510	0
0	0
0	9461
600	21
49	21
0	115
58	0
304	1
5	263
3	264
0	264
2	238
1580	0
121	55
94	734
4	0
0	0
0	0
28	0
0	0
5	33
0	0
0	0
0	290
4	0
0	0
7	13
0	13
63	0
0	27
0	0
5	48
0	48
0	0
14	14266
1610	14266
30	41
2347	1
0	10
0	138
5	138
0	49
0	45
1	34
223	181
0	181
0	11
113	0
0	59
0	0
9540	4574
642	0
0	240
3	0
21	654
0	181
83	1
0	2475
0	15
78	0
87	441
0	3
0	124
0	74
1	0
145	883
6	8
0	8
192	539
0	539
34	0
0	61
43	0
1	5
88	2
0	2421
349	2422
1067	0
0	82
18	82
2	16
69	0
0	0
0	12
0	157
1041	0
0	28
0	21
7	610
28	575
0	548
81	412
0	0
2	0
0	228
194	654
45	92
0	111
0	79
30	15
8	97
345	734
243	0
61	65
0	65
20	63
1	1
3	0
0	0
2	75
131	0
631	0
20	393
8	393
0	4
1	143
129	597
0	250
0	193
0	250
0	250
0	0
0	29
132	0
0	525
0	10
0	0
12970	7852
209	7678
255	6827
114	7071
90	7110
147	7263
0	2184
68	2434
76	2722
124	2527
177	2551
0	5249
0	518
0	540
5	534
0	530
6	54
0	0
0	0
1	11
4743	3
0	0
15	1010
0	1010
0	1017
0	400
0	0
0	332
0	0
0	0
1340	1
0	17
0	181
2142	0
0	856
33	0
138	0
0	11
110	0
18	399
1799	0
1389	1253
11	247
31	135
19849	12
5	0
0	71
0	3123
0	0
0	0
0	0
0	0
367	0
102	3003
0	0
0	126
6	9
13	0
52	135
356	313
0	313
487	0
15	491
0	492
0	199
0	86
86	4
644	246
0	1
250	0
7	532
47	99
231	252
8	252
44	628
257	2870
0	2870
0	149
68	217
15	17
0	648
0	0
69	817
260	556
1117	2
0	12
0	19
0	19
0	0
2697	0
0	0
0	3
0	1399
0	1389
11	20
36	36
0	1276
6	2103
76	0
0	573
0	701
0	701
0	526
0	590
0	489
0	354
0	124
0	249
0	13
2	0
98	756
3	0
49	0
0	9
0	0
0	0
0	59
0	773
2	773
0	149
298	0
811	0
0	127
445	0
12	7
0	7
0	90
44	228
0	49
0	656
0	378
0	532
0	555
15	908
0	908
0	49
2793	0
68	1068
0	1033
5	0
46	387
0	0
0	0
1989	7
0	18
0	18
0	0
30	0
122	156
170	0
0	114
64	0
0	695
1851	3
0	0
0	0
4	23
0	0
1128	0
111	0
0	0
0	0
2	0
0	70
14	70
0	1063
0	410
0	0
20	8
0	2
425	0
0	0
0	208
0	1634
0	578
0	8
0	10
1	383
0	383
11	82
128	26
22	759
0	759
0	552
0	375
4	7
110	0
5	71
0	127
0	229
0	0
22	0
10	0
20	0
9	310
0	662
0	662
0	1
0	1
0	9
0	23
0	23
221	0
310	0
0	8883
233	22
0	22
0	22
1	3
1176	5136
0	0
0	0
89	75
23	18
644	0
10	581
8	581
0	0
0	0
240	1115
14	1115
0	113
0	39
36	109
20	216
102	391
0	391
0	271
0	0
39	0
0	2114
20	2111
0	22
0	969
1017	1
34	0
0	795
15	32
145	844
0	242
246	1
0	3
0	3
0	3
0	3
0	3
0	3
0	3
0	3
0	400
149	0
0	12
0	0
758	0
1580	34
7	34
0	0
3783	2
44	200
0	766
0	211
0	211
0	204
0	251
0	210
47	482
413	0
5	923
702	1619
0	0
9	83
0	47
0	0
3786	6
0	2084
1	0
90	566
0	107
0	107
64	103
32	47
0	133
34	153
0	1496
12	0
1345	0
2360	0
569	0
112	0
19	1
1031	0
0	0
3355	1
0	275
2	0
0	666
316	34
10	6046
2	6435
348	0
755	0
11	50
0	158
13	59
0	349
12	299
356	286
105	7
0	0
0	0
0	157
2456	5572
5971	2
8	65
0	30
0	30
2	0
1465	287
8	1520
220	186
2	0
0	0
0	721
253	725
49	201
11	498
0	498
0	56
462	17592
92	337
0	0
0	1367
7	1367
18	1182
0	117
0	65
0	121
0	137
395	663
7	10
7	198
0	173
0	53
0	3
0	3
0	178
0	252
73	2045
0	2045
0	156
1	0
0	15
0	15
0	15
0	0
12	0
0	652
0	1436
0	0
0	3
0	0
0	126
13	111
272	3915
282	58
0	0
0	0
0	2
0	2
0	2
0	2
50	0
2	0
0	0
0	0
0	1117
0	671
0	607
0	514
0	0
0	139
415	0
1019	0
64	208
0	5
0	5
0	63
12	115
0	1273
2	324
0	22
0	4
0	882
15	0
0	7
25	59
27	0
0	2
0	226
198	7
5	153
0	1503
0	0
384	4
210	0
0	76
111	83
2019	0
0	62
0	217
0	330
4	1275
82	235
350	1
308	227
0	464
9	494
31	0
0	2
231	0
0	755
0	696
19	69
0	56
0	5664
2	32
48	163
1583	0
0	143
0	4658
144	336
17	332
0	0
274	0
9	942
64	942
0	2
0	82
1	23
234	773
0	451
38	451
0	85
0	100
0	111
0	2432
0	9378
14	662
0	277
18	0
0	0
0	0
0	0
40	0
0	38
0	0
15	650
0	573
8	32
0	7
0	0
0	161
0	21
0	1061
21	1061
0	350
25	304
0	2303
24920	18
0	3
370	0
0	899
0	5362
2676	0
0	368
84	320
0	0
2	0
0	0
2786	6997
0	7
0	4
0	254
1	2906
690	2906
37	1
0	0
0	0
44	21
0	6758
0	11
0	14
0	0
0	1
163	1567
0	0
0	0
5	0
0	0
6	126
0	0
0	28
0	4
12	444
0	150
0	0
0	1329
15	1462
0	260
2541	29854
108	29854
201	0
0	289
1182	495
0	494
0	29
0	348
84	293
60	194
671	0
338	0
0	699
0	904
0	16
0	0
198	829
0	27
0	28
0	43
0	0
20	1552
177	1552
37	140
54	140
91	496
0	0
0	548
0	0
0	198
0	9
0	17
0	0
354	0
192	0
112	0
59	0
749	0
0	0
0	0
1	442
560	6974
0	1397
0	261
0	143
293	1356
0	62
3427	2
0	0
0	503
13	21
0	0
0	405
32	1205
0	1098
0	609
70	983
290	101
0	101
0	131
0	185
0	185
0	185
0	185
0	2586
22	2643
8	4209
0	3759
0	1164
84	5504
1354	1
4705	1058
0	1056
4	0
0	71
0	222
0	32
189	509
0	3
0	12
0	0
0	0
0	11
0	0
0	1018
0	140
1	61
0	0
232	0
0	12
409	0
3	400
0	386
0	333
0	201
43	141
12	71
9	81
4	56
93	0
4	29
0	652
59	329
0	0
270	0
147	191
0	1163
11	1147
0	1050
0	1146
0	1063
90	987
11	0
0	28
4	0
929	0
0	0
12	76
0	6
107	0
0	3
0	3
0	0
0	0
0	103
0	27
1496	2
190	174
0	15
1811	5739
0	217
0	217
0	200
0	0
0	144
67	0
0	0
0	0
0	604
39	0
0	278
0	0
0	0
4	33
330	0
0	0
70	1
0	57
3	219
0	16
0	16
398	0
0	75
45	0
0	1
0	3344
0	2262
0	696
72	184
0	162
0	184
19	129
0	965
5	0
0	0
9	992
2	60
0	0
278	35
753	61
0	61
0	815
0	830
0	6
0	6
0	7
0	1599
0	1368
4	157
0	1
0	0
0	18
7	7
0	0
34	29
0	0
0	0
99	286
114	428
0	0
0	0
0	0
0	0
1224	0
0	0
283	908
0	908
14	72
1071	0
65	1840
0	1699
0	1757
31	581
0	110
0	43
0	382
40	0
0	97
37	0
20	267
28	267
0	292
62	860
0	860
0	26
0	10
9	559
130	491
2	125
0	0
591	0
2	372
0	343
23	1526
0	0
0	30
513	0
69	486
24	754
0	0
8	87
0	271
0	280
33	1156
142	1156
2	58
0	378
0	368
0	379
0	0
74	773
14601	13
7	740
1711	4
0	322
330	95
0	0
5	0
76	1109
0	1109
879	122
0	122
0	3548
1215	0
0	164
0	839
235	634
0	0
0	0
0	0
0	0
0	0
18	2534
4	0
88	278
0	47
0	378
5948	3
7507	139
0	646
158	21
0	616
0	0
743	0
0	5
0	0
477	0
0	58
0	58
2170	0
0	410
23	0
0	0
0	0
63	340
0	0
595	592
31	106
3	106
0	405
420	0
750	196
0	196
18	100
0	610
208	0
1005	1
1347	0
27	0
0	127
236	2164
42	165
31	165
0	10
101	1144
0	1144
0	78
0	0
0	412
0	8
0	8
0	0
9	98
5789	1
88	0
18	310
2	14
0	0
29	0
14	10
0	792
188	2252
0	14
0	14
0	14
0	22
0	22
0	0
1053	0
2375	1
0	408
0	340
0	479
0	0
10	0
1460	0
0	0
153	0
1411	0
793	0
734	0
0	6
0	175
0	128
3246	0
33	0
0	8130
0	0
9351	6994
425	208
0	188
0	180
2	0
0	8
0	6
34	79
0	0
76	0
647	0
0	0
0	1799
0	798
6	652
11	13
5	0
342	455
0	818
128	676
0	0
0	475
21	526
0	272
110	24
0	9
1	209
95	6
0	0
304	0
198	0
0	1592
0	1592
6	2
0	0
0	22
0	0
0	0
0	0
0	1993
0	2000
0	989
0	1031
0	5337
0	5505
0	0
26	1
0	395
0	230
0	230
0	82
163	436
0	436
0	282
0	258
0	64
0	2
0	2
4	0
127	2
304	2503
0	0
4	432
0	419
11	299
2503	3
0	0
0	830
441	0
0	752
0	1
0	1
0	113
93	0
15648	9
0	0
12	0
0	348
0	799
63	328
0	65
45	252
0	0
0	0
30	0
30	238
385	375
4	8
0	11
5	11
0	11
172	861
115	693
267	0
0	287
0	193
0	86
26	140
3	95
0	76
0	1495
0	1495
24	21
244	841
29	841
0	8
0	8
0	8
0	8
0	32
34	168
0	168
0	161
0	358
0	52
2	68
0	0
510	0
0	1022
880	0
20	65
0	980
0	395
14	98
238	0
0	2583
46	2548
0	42
7	0
0	687
3	174
0	214
0	214
5	23
98	27
2	0
36	0
0	45
98	324
245	0
0	4
0	4
1	0
401	0
0	10
80	0
0	932
11	0
51	0
0	57
0	1214
0	1219
20	1
0	101
0	446
111	0
26	17
0	6
17	0
0	881
1988	818
1176	819
0	33
23	28
359	0
53	301
6439	0
0	464
585	66
0	9
0	0
0	137
32	137
2289	2
2904	3
2178	416
0	416
0	152
272	0
0	6
0	0
5845	0
0	574
0	493
69	209
0	0
0	0
0	0
408	352
79	125
0	0
0	367
7	145
0	62
0	0
8	67
754	0
0	21
0	0
1	0
281	0
19	3
6	3
3599	0
90	0
625	0
0	54
28	162
0	116
0	681
0	247
38	522
0	260
0	258
375	0
979	3
595	1755
2	1755
5	79
1	0
0	101
0	0
278	0
0	0
2540	6831
0	29
0	32
0	32
0	32
0	0
880	0
0	11
0	6
0	0
0	0
0	0
420	0
470	0
516	2
47	0
165	0
295	147
26	25
139	0
2805	386
0	386
5511	2
26	0
518	0
1	601
0	85
0	4488
255	1706
0	622
4	2
0	44
0	0
0	0
0	0
0	0
0	18
0	18
202	0
0	0
0	0
0	338
0	23
61	701
2	243
0	759
569	0
2	29
1	29
78	0
0	0
0	59
0	1116
121	151
0	1306
218	0
0	0
383	0
0	1247
0	1106
79	0
0	0
0	53
0	53
0	27
0	97
11	308
134	872
0	122
16	1658
103	1570
0	1555
486	0
0	70
0	88
0	6
0	6
4386	7
0	0
0	7
0	7
2	8163
41	7384
0	7404
73	0
0	0
0	78
2	346
0	315
36	0
0	476
1647	15
4	157
386	0
8	0
0	0
403	0
0	314
31	0
0	0
13	0
6	0
0	0
0	139
0	114
0	106
247	0
10	38
0	101
0	283
0	0
0	0
2547	0
2	135
0	14
30	108
8	108
1249	801
39	801
154	961
8	0
0	42
0	42
732	1
302	0
0	0
54	0
0	271
116	0
0	0
0	0
0	334
0	1137
0	686
3877	7256
0	7256
0	235
0	235
0	249
0	222
0	44
857	0
0	16
32	677
0	482
0	153
13	68
0	34
525	0
0	4918
47	639
0	70
1235	2
0	7
0	0
0	9
0	9
0	0
803	0
1007	0
0	0
0	0
0	0
12	0
0	0
0	388
8	0
176	138
0	138
0	168
0	111
629	166
0	0
0	308
0	192
24	211
8	18
0	22
0	22
0	0
1069	0
8	0
22	0
1	12
0	0
1098	0
0	0
18	101
0	129
132	0
0	1051
0	25
84	0
1	548
0	26
0	0
0	0
2	0
0	0
2	0
0	879
0	752
2	699
0	786
2	286
0	23
9	21
0	812
0	94
0	0
0	0
0	102
1605	2746
25	0
0	3
568	0
85	229
3116	8
0	0
713	0
1999	0
113	0
0	0
0	0
987	0
0	293
0	522
1329	2
0	3
0	0
1	11
706	0
0	0
27	1
335	642
3394	3
0	2026
0	2033
0	1789
0	746
1	152
0	152
0	245
1	26
113	0
57	519
0	173
64	173
9	1397
1	113
0	72
0	71
108	0
2	9
0	1053
73	60
223	0
0	179
1081	0
0	166
683	0
0	0
0	10
453	5
985	0
193	1625
1	134
0	134
13	0
74	853
47	712
0	0
0	0
94	705
68	439
0	283
416	494
0	121
66	0
580	3720
0	38
0	38
0	34
0	33
0	38
0	38
128	0
157	0
119	470
33	93
0	54
0	0
24	0
5	0
0	0
0	89
0	98
7	98
0	14
0	0
312	0
0	0
0	1071
0	1070
27	723
2	3
97	653
0	3
0	0
1249	961
0	961
8	180
12581	10
0	0
31	0
0	2
0	2
0	2
0	2
0	2
0	2
0	3
0	3
0	0
950	6592
277	0
0	22
10	22
121	0
113	0
0	0
0	3
0	3
0	77
0	75
0	10401
0	0
0	545
1077	1
168	1114
128	0
148	2394
1044	2
0	1136
0	0
2	1574
179	0
0	57
2	44
1495	1
105	144
0	8
0	0
28	527
6	527
0	351
0	649
65	3477
52	491
0	4922
0	38
0	31
0	19
0	98
0	30
0	86
0	22
0	74
0	9
0	0
0	4
62017	44
0	0
0	0
2	0
43	0
70	0
15	124
2	94
27	46
0	118
3754	0
0	0
0	368
1211	1787
0	1786
0	417
191	1
19	120
81	0
0	273
2	0
13	151
76	0
0	8
3	0
29	8
0	0
769	0
0	0
0	717
0	0
37	1233
0	0
0	0
0	182
0	937
620	0
0	6
152	0
27	0
24	290
4	12
15	0
0	5204
13	287
0	191
0	1675
623	2
1668	301
21	301
0	0
27	0
43	87
0	692
0	747
0	434
0	434
50	0
1689	0
705	0
0	0
41	0
0	0
0	0
0	29
6	108
0	1286
0	9
0	657
5970	2
72	676
388	0
0	0
2333	0
0	51
0	1102
0	0
0	0
1574	4058
127	4057
0	17
0	17
77	0
0	242
3	36
0	555
34	667
0	675
0	686
10	876
0	842
9	882
0	853
0	297
239	0
0	2776
0	2797
0	2797
3	2544
0	2545
0	2457
0	2714
0	2610
0	2708
89	2724
0	631
8281	1
3	21
0	21
297	437
7	0
3	16
0	3
0	630
0	0
0	0
0	2535
34	0
269	0
1752	0
0	0
0	548
287	1218
3	1218
1	631
0	0
0	184
145	2762
0	404
91	407
930	0
616	0
149	0
96	0
27	0
43	124
92	0
3	0
0	0
1033	1
0	0
0	0
0	398
0	0
0	0
1539	0
13	0
3	0
193	558
0	331
11	202
0	176
9	17
0	11
0	860
0	733
0	1580
0	8
0	3
0	3
0	19
0	222
8	5
29225	9
9	54
0	0
0	0
0	0
0	0
0	0
599	0
806	0
28	1230
119	1142
163	0
0	0
117	0
560	0
0	181
0	226
0	227
0	265
158	0
0	231
5	0
19	328
0	0
347	0
0	0
0	0
6	59
2	190
18	254
0	189
0	11
0	0
0	0
0	12
0	12
1503	0
0	1653
106	1653
0	21
0	35
78	35
52	0
0	0
1	546
0	259
41	616
2	0
5384	3084
34	3084
0	0
0	86
0	640
590	0
1	4106
778	0
238	97
1019	0
3	45
0	140
1	1757
26	0
0	0
0	2478
23	0
22	51
0	0
0	0
0	1034
0	1010
6	1007
166	0
8	1501
0	1493
2	7
0	7
1	2
194	0
0	0
0	86
0	25
0	457
196	0
164	0
0	402
0	390
0	375
0	379
0	397
0	498
0	374
0	254
0	236
1588	1
6	78
0	0
0	0
0	2237
0	10
46	2449
0	10
0	10
0	10
39	0
0	631
120	0
71	0
0	221
11	33
78	0
0	17
2	0
0	0
39	0
4563	11
16	0
0	0
3	168
508	109
223	1825
144	0
0	0
0	350
0	114
0	114
0	114
0	39
69	0
2	89
0	3217
41	0
9	0
0	0
139	0
0	6
0	685
0	772
0	2517
2313	2521
42	638
30	0
0	2619
0	113
106	3283
0	2686
0	0
0	938
4	0
0	1156
0	48
0	18
0	0
1	41
371	2
56	1240
43	4397
0	0
0	0
0	0
0	21
0	21
0	14
10	6
0	0
0	71
0	7
0	0
0	0
0	28
560	0
0	5
0	7
41	258
0	8
2093	0
2	122
0	53
95	0
0	21
0	0
7	0
0	549
0	38
7	38
0	283
20	282
38	27
0	27
108	357
7	0
0	0
41	0
0	0
0	585
0	494
0	374
0	73
813	0
79	45223
9	5
269	180
0	0
539	0
553	0
300	0
148	297
0	1519
42	1104
1158	0
188	840
0	745
17	81
19	36
0	15
0	18
0	18
8	0
0	29
0	284
0	999
338	4125
79	4126
0	3375
253	643
644	643
0	0
0	0
0	0
0	309
12	1289
8	765
0	604
647	0
0	0
139	0
0	241
16	0
2688	0
0	22
0	22
0	20
0	22
0	22
0	22
0	63
0	49
0	119
10	0
21	56
616	0
0	0
0	0
1289	0
0	1618
10	1618
281	389
0	355
11	331
9	1966
0	2803
0	408
0	9
0	9
1675	4
0	13
0	28
845	0
63	625
1439	5380
2	67
265	774
0	0
305	0
0	298
66	0
2	28
0	0
19	6
0	1432
16	1021
0	1209
0	7766
0	0
0	197
21257	14
3877	1
0	27
55	127
0	0
0	0
0	0
0	0
0	0
0	0
0	0
555	4572
18	0
4121	2
173	360
2630	0
4	296
0	0
0	0
5	1
131	2156
0	98
156	1136
0	0
1907	5
112	0
2312	1
51	1
0	0
0	0
0	47
88	1
0	429
223	0
0	1653
0	1583
0	6
1034	0
0	145
1	0
21	0
8	0
39	0
1109	23158
0	5209
0	1664
66	1664
23	463
0	0
0	6
0	4
0	4
0	0
0	65
242	912
166	726
0	6
9	292
0	78
15	292
0	135
339	558
324	1290
0	1461
1	11
0	12
14	149
50	0
0	77
0	77
0	77
0	77
0	67
0	18
0	17
0	17
0	368
1	366
0	806
0	322
0	1
0	800
587	1154
0	0
5	34
7	33
0	33
358	3169
0	1118
23	0
0	15
0	0
0	0
1	9706
36	10567
223	0
0	126
0	99
35	50
975	5930
30	211
0	6
0	6
0	722
0	456
0	462
0	606
0	184
15	308
6	492
0	482
0	12
0	667
0	506
0	648
0	120
0	0
1584	0
3	5
0	17
0	0
0	80
2	108
0	196
0	158
0	149
12	28
941	0
0	0
160	68
0	0
113	998
0	428
283	588
0	83
0	298
3	0
51	9
0	273
0	1087
198	0
229	0
0	0
0	44
0	93
0	138
0	247
0	2032
0	7
0	0
0	0
0	1
0	2048
7	47
0	9
0	9
251	20
402	168
564	2288
0	455
9	843
15	1114
0	1084
0	938
533	0
243	0
0	1539
0	0
1175	425
555	1101
39	0
22	567
0	84
0	381
31	536
0	401
0	430
0	509
0	533
32	295
0	0
0	219
0	223
0	29
654	0
20	0
0	1005
67	0
61	2779
0	0
59	0
9	0
0	4922
0	10
4	304
0	0
2087	0
156	989
8	0
0	3117
386	0
417	0
0	5
0	0
224	0
1672	0
1067	0
3	14
201	177
0	0
499	674
0	107
226	2156
0	2322
0	2431
0	2429
756	0
13	0
0	1720
0	1592
0	1887
0	1772
0	1657
0	1625
0	1
12	274
0	274
0	374
39	345
0	281
0	297
0	24
0	44
26	222
49	1871
0	1871
0	0
184	1
957	1472
0	1471
3	0
66	124
0	2
269	0
0	0
0	302
0	0
144	455
9	0
0	52
0	52
0	29
0	37
0	31
0	29
0	48
0	32
0	2
33	298
0	0
98	838
0	838
0	278
0	0
0	70
7	1010
46	0
19	289
0	289
0	100
0	0
0	43
1457	0
13	42
9	5
140	0
0	165
310	426
0	426
6	135
46	135
0	132
0	140
3566	2
22	7
1	47
0	244
0	233
10	512
2	148
266	0
1	18
714	0
360	0
143	0
0	0
0	767
9	129
48	0
0	34
0	0
2198	627
14	237
0	23
22	0
1	0
2713	0
0	0
0	0
0	0
0	20
0	13
0	14
0	14
0	14
0	0
0	1389
0	1311
12	3
0	16
0	176
0	722
0	1214
0	55
0	55
0	0
0	12
0	865
2	0
859	1
0	99
1	0
0	68
0	56
0	0
0	0
1937	1
0	0
2	0
0	663
0	206
0	356
0	3288
22	3556
0	3424
0	2866
27	5519
0	5383
32	4423
30	0
0	191
0	31
0	0
0	0
0	1640
0	20
2	20
1558	3
127	0
192	0
1	49
1	87
0	17
1063	1
13	185
13	6
0	715
0	7
19	0
0	64
0	0
940	0
0	2
9528	0
0	186
0	0
25	340
384	997
246	0
0	0
56	5
299	399
1387	3
0	0
0	576
0	487
0	304
0	481
0	229
0	3
0	14
1	0
0	1390
0	222
2713	0
0	15
0	14
0	15
0	128
0	1
0	0
45	0
84	8
19139	5
0	35
0	35
0	86
0	242
32	277
27	277
0	2450
0	53
293	202
817	0
0	0
710	0
466	1
0	0
0	572
113	572
1	566
3	151
0	0
0	0
31	137
0	2369
181	12
76	12
2033	4
65	837
0	2151
150	170
5	237
124	0
0	0
210	296
0	105
0	105
21	172
248	0
0	870
0	656
0	191
23	192
0	171
4	29
0	29
19	42
0	1107
0	400
0	1097
0	1113
0	1140
0	1097
0	0
0	0
906	4
0	0
0	74
0	0
0	2
0	13
0	13
0	12
0	13
6	148
0	154
0	154
0	0
0	25
25	3579
61	3081
0	3297
44	2985
0	2853
739	2853
0	860
0	0
0	13
5	50
108	190
95	0
471	0
0	131
1051	5
4	0
12	0
347	1284
15	1284
59	249
0	249
165	202
0	172
0	218
0	375
0	254
0	194
0	162
354	0
0	0
685	0
16	0
241	1532
0	1577
0	1416
167	0
1545	0
600	0
1	762
0	197
118	0
0	27
86	0
0	0
0	0
2893	0
0	209
0	443
108	0
467	0
6	0
1960	15823
101	0
0	0
735	29
0	0
0	0
0	212
161	0
2	0
0	0
0	0
23	0
4	0
0	1547
66	0
2398	1
19	259
80	1489
609	0
0	0
0	2085
0	712
754	0
0	0
1	24
3778	0
43	142
0	142
0	135
882	1
500	4
0	0
0	8
0	644
0	0
34	59
0	0
0	0
0	0
0	0
1682	0
0	1846
0	1846
22	0
6	0
15	5011
0	209
0	0
225	179
203	1301
0	0
0	0
45	790
1537	790
119	0
4	149
4833	0
0	30
0	298
0	275
0	370
0	0
0	0
0	565
771	0
0	0
1192	2
614	0
8	0
0	0
0	97
148	0
0	201
8	124
0	9
0	9
0	0
0	0
1422	0
3	0
3381	1
21	0
1159	0
143	2132
0	0
0	685
4	2049
0	2139
0	67
0	0
160	472
12	472
110	520
56	521
17	0
29	331
5	133
0	528
0	6
0	1467
395	1298
0	1462
0	499
93	1752
0	0
2	4
109	0
0	0
39	512
14	512
0	5
0	0
2876	4
0	67
46	0
521	4
0	0
4362	1984
0	1983
0	1491
264	0
62	405
0	27
0	18
0	206
2	224
28	16
0	424
11	927
0	860
1	0
308	0
3	318
0	0
0	0
0	0
5	13
29524	11
0	756
0	853
0	0
90	843
1441	4
0	615
11	0
0	0
18	1
1610	0
0	0
339	1
0	171
0	171
0	171
0	5
710	0
0	26
407	901
2441	0
0	0
36	3522
0	3522
7	0
0	1
0	5274
574	2
0	0
407	0
0	0
0	97
10	208
175	0
2	29
65	29
0	25
58	0
0	446
0	16
0	0
9	58
0	44
0	58
205	0
180	0
0	0
0	0
0	0
0	261
4	540
4	210
2	0
0	0
1788	0
0	7
0	7
13	0
191	959
1782	0
17	584
7	584
0	584
12	0
382	0
0	0
311	258
0	10
0	586
0	817
0	604
0	603
1483	2514
0	2514
491	1
0	277
999	425
0	425
0	0
232	0
54	0
0	62
1091	0
0	0
0	2003
0	0
0	0
446	0
2	1258
55	1258
456	0
9	884
0	0
135	0
71	1297
37	1296
0	41
1	658
160	1222
0	0
6	0
0	310
361	2
86	0
121	317
0	0
0	3
0	3
5	27
0	0
0	0
0	0
0	674
9	674
41	288
49	288
170	33
125	7152
541	7161
27	185
65	185
3	0
39	25
0	25
134	347
0	0
5	301
0	158
12	210
18	0
24	518
0	22
0	22
218	393
0	1810
0	7
17	19
1081	0
0	1328
2	220
0	6
0	0
238	0
0	554
2634	0
0	513
1	0
143	0
1	9
0	40
0	5
0	440
466	502
0	502
7	1245
0	1409
0	499
608	0
0	160
0	25
26	103
1	0
0	34
0	34
0	31
0	0
20	19
220	1638
0	1638
0	0
0	0
1086	4
0	0
32	206
88	65
3	1495
415	410
0	0
1844	0
200	21422
1304	21422
7	119
0	782
0	0
0	12223
0	0
0	705
0	944
0	817
0	6
14	0
138	137
16	410
16	160
2	260
0	252
0	252
0	30
0	7
0	26
0	14
3	0
12	1
155	0
2	748
2187	0
0	167
8	167
89	616
0	0
0	0
4	0
42	410
53	410
150	0
0	136
0	104
591	0
0	0
0	0
0	0
0	1300
0	1072
103	0
3	1
0	211
1149	1
0	0
344	0
67	129
45	0
24	1
1	1278
0	0
2977	327
0	326
1168	0
596	0
115	0
9	199
0	79
0	0
94	0
1	89
1	35
0	0
0	0
322	0
93	39
0	8555
207	0
797	913
0	890
0	913
0	879
0	754
0	0
0	34
0	33
0	34
0	34
0	33
10	0
0	0
4	84
0	0
0	0
0	0
1621	0
0	0
663	0
0	52
0	0
0	0
0	0
1561	1
1067	0
0	0
0	0
0	0
0	1
0	194
35	53
2	7
7	7
802	0
0	0
0	188
0	200
0	179
0	4
0	623
0	0
0	138
0	121
0	1054
95	24
22	24
0	599
141	4125
0	457
1213	4
16	150
0	0
0	4
410	0
0	130
1	21
222	0
5	27
45	0
0	0
0	8
0	8
0	8
0	7
0	20
16	1
5	0
0	0
1962	2
733	0
0	0
65	171
0	38
0	70
11	70
0	0
0	0
66	0
53	233
0	129
79	569
0	134
0	0
24	0
0	15
0	0
28	1220
0	1220
1	79
0	367
12	115
6213	4
0	0
0	49
612	0
477	0
533	0
0	1403
0	950
0	1140
87	588
0	0
69	1118
0	13
23	128
0	0
0	0
0	0
5	11
35	0
0	2558
17	0
27	2
2	0
8	239
628	1739
188	1739
0	12
0	987
0	16
554	8
22	0
0	5
361	0
1775	0
0	0
1	88
0	0
2967	0
6	0
0	11
108	11
12	0
183	0
155	0
0	0
95	1228
28	0
0	27
224	601
1	0
0	4410
124	2511
0	1215
0	38
299	885
117	515
0	515
11986	7
0	0
0	0
159	0
0	0
74	364
4	650
0	290
0	6
0	571
0	0
0	0
0	1852
0	1017
0	1101
0	806
0	0
0	0
0	135
0	135
104	416
30	154
693	5617
31	5617
178	133
271	0
662	0
0	9
0	0
67	0
0	0
2428	0
0	0
0	0
152	663
0	0
7	50
0	4
7	0
94	3038
30	3038
4	0
561	1
102	109
876	0
0	0
0	0
0	1
0	1
0	0
0	0
24	807
852	8598
48	8598
0	43
42	0
0	9
42	0
0	0
0	7
0	5
0	5
0	5
0	50
0	0
4	0
1927	1
79	0
0	0
4	0
0	17
8	73
0	463
0	462
0	1080
4	1108
0	0
0	0
277	78
0	77
0	945
0	1326
0	25
37	0
71	147
1	301
55	183
22	3
0	228
3110	0
0	957
0	44
69	44
0	3020
58188	35
798	0
0	9
0	0
0	737
113	3375
49	3134
46	23
0	6
0	0
10	711
0	711
67	569
71	971
116	971
0	810
29	394
20	517
0	517
0	1
2	773
0	776
0	729
0	729
244	184
31	0
0	0
0	10650
0	10
0	83
2	0
0	0
0	0
0	2308
30	0
24	734
0	33643
2	33538
0	36094
0	9
35	140
219	372
0	2744
144	0
1	0
31	908
54	14
0	674
216	562
259	562
0	139
0	0
0	38
3874	4
0	4
48	0
290	0
1171	0
93	151
19	112
26	112
0	270
0	119
9	56
7	460
37	460
0	0
231	0
8	0
0	2243
0	0
104	69
0	165
0	144
0	3606
0	244
0	90
2	100
0	85
0	0
200	3
48	1773
70	1795
10	1795
3	0
0	48
15520	9
0	2133
0	535
0	7738
106	2151
146	247
7	0
1	79
141	67
0	160
0	188
42	182
43	182
3	0
3453	0
0	51
624	0
3	1614
18	0
0	252
49	286
0	2294
5	0
0	7
0	375
0	8
0	8
0	6
2368	8
0	5
19	99
18	183
0	29
0	0
37	161
54	161
1608	2
0	0
0	0
0	0
0	478
41	580
0	558
0	0
0	161
34	0
0	0
16	60
0	1025
0	0
0	66
0	479
6	198
33	192
0	189
0	0
424	0
3	0
1694	4
56	0
2947	5
0	166
0	11
0	0
0	26
6211	2
0	91
0	171
0	151
0	5
0	5
212	535
6	27
2394	400
0	0
0	38
0	38
0	1240
0	1240
13	1291
0	658
0	1122
0	1569
30	0
0	0
0	65
6	337
32	337
453	0
26	0
8912	25
36	1190
59	607
1	0
0	26381
0	5940
39	374
4	374
108	0
8	191
90	696
0	696
22	0
90	0
0	2
0	2
5	1186
0	593
0	180
0	216
0	1237
0	0
566	0
19	0
0	0
0	869
0	98
0	3
0	3
416	719
10	23
2	0
0	0
0	9
0	9
0	471
6	19
0	241
0	0
11	189
0	189
0	0
637	0
0	934
281	0
123	0
94	1058
8	22
9	0
0	386
0	169
0	215
0	11
16	37
0	37
20	10
11	65
2	112
281	1
0	145
487	145
85	39
4	1
101	0
0	0
13	169
0	376
532	0
2151	0
0	2119
0	1963
0	1678
0	2037
0	1374
82	813
0	783
2	818
333	1810
0	143
281	856
134	0
6	377
0	0
24	0
17	127
8	0
421	53
0	0
105	0
0	0
0	0
0	5
0	0
2	53
0	13
0	0
0	14
0	2
0	494
0	0
523	8640
0	8640
2	28
3	0
548	0
0	325
0	257
0	238
26	0
2993	10042
0	10042
6	216
70	6
0	395
23	0
0	26
4	436
0	455
0	1
34	270
0	36
0	4
0	0
771	1
15	4394
142	219
1	689
0	614
89	71
84	0
0	0
81	54
0	0
224	1165
24	1353
0	0
66	309
14	0
5	3594
2957	3594
0	487
14	461
0	180
7	536
5	536
17	480
0	736
2174	960
5	1271
0	1102
0	9
0	6
0	2499
0	7
1	3
0	1267
0	842
0	961
0	969
504	5
1389	0
0	0
29	0
0	126
452	7
655	3216
26	60
0	1077
0	0
37	4
4	3
0	0
0	90
0	105
0	183
0	120
0	179
0	183
0	164
417	2
17	0
7	110
3	62
0	0
0	507
3	7
0	237
0	1780
0	0
0	8
0	107
252	1055
518	2592
0	0
168	2
0	48
5	22
2	0
0	0
0	23
0	0
0	129
359	959
0	0
0	0
0	0
0	0
0	163
3	6576
0	7122
0	335
0	480
89	601
1509	6
0	3
3289	1
201	386
2370	2
27	269
0	1
601	0
0	889
53	345
0	976
0	839
0	2060
12	2097
94	2172
0	2090
0	2165
0	844
64	332
5	255
0	42
0	48
78	1593
0	1598
991	0
0	6
0	0
850	3
0	0
170	1658
6	42
1	1071
0	1081
0	1079
1767	8
0	0
124	452
1	60
0	52
46	485
0	485
0	511
0	531
0	531
0	485
17	351
0	0
4	0
0	0
34	249
0	332
463	0
42	574
0	69
0	12
0	752
162	1331
0	954
2	950
0	0
1667	0
0	0
35	774
1059	0
657	0
0	379
74	621
0	621
0	0
0	61
0	298
0	83
498	794
0	103
13	500
204	563
0	2106
18	0
66	0
80	0
15	0
0	793
0	246
0	278
0	4
0	4
0	0
0	303
0	1205
3	15
0	469
0	430
0	7839
0	7776
3	278
0	278
10	0
16	0
0	0
3532	0
79	835
274	0
931	2
0	880
0	502
5104	1
470	0
452	0
0	732
1	0
0	0
8	0
100	618
0	1087
0	830
0	158
165	0
47	0
257	0
0	0
0	2
23	275
10	1969
327	1969
134	955
24	4
0	0
0	53
16	0
0	3
1747	0
456	0
0	0
0	2
59	826
0	804
0	422
9302	10
369	0
0	8
8	0
0	98
310	152
0	619
0	619
0	371
4410	5
12577	5
447	140
17	1847
55	1847
0	43
8	43
0	393
0	0
0	73
220	0
0	1
8	280
0	0
471	0
0	2
14	1
0	1766
2	1
4048	2
0	773
0	634
0	0
59	514
2312	2
125	0
0	41
0	0
0	0
443	0
0	883
0	0
0	0
0	0
1639	0
0	0
0	0
0	0
0	254
240	0
0	0
0	164
0	190
0	157
0	1631
35	0
0	469
16	682
20	681
38154	45632
0	31178
2	46574
956	12957
0	123
1752	0
0	0
0	452
0	0
15	0
0	0
0	0
0	200
0	523
0	219
9	245
3	39
120	0
0	102
0	108
0	6
0	6
0	62
0	2130
0	0
371	1
10	377
0	158
0	623
0	186
0	1369
0	3
220	4764
25	4764
0	1947
3125	0
470	3
0	3
0	3
0	52
0	58
0	58
0	52
0	53
6	59
0	54
0	14
3774	1
0	0
0	458
0	371
0	284
0	359
0	0
1257	2
0	352
0	499
0	352
0	468
62	1332
31	332
814	3
17	121
250	362
0	362
237	971
2733	1066
3	1066
384	1090
232	1090
9	0
0	1147
5	3225
85	3225
111	729
0	1474
98	0
245	0
0	0
404	0
1	129
322	0
25	50
968	58
0	0
0	59
145	339
237	0
9	132
0	0
176	0
0	24
0	5
0	130
57	130
0	0
0	0
0	4
7	0
0	0
0	0
0	515
12	17
3	0
0	88
117	0
150	0
0	356
0	52
3	25
27	0
0	0
957	0
0	362
0	752
0	0
684	0
1299	0
0	36
0	3
102	0
85	87
201	166
58	0
0	84
0	170
0	732
0	958
1599	2
1153	0
23	49
84	0
0	0
89	3
0	23
30	0
0	9
0	17
14	28
42	0
167	0
0	271
0	331
30	178
0	103
0	302
0	322
3438	6
0	0
0	773
0	634
0	17
41	202
0	143
0	78
0	78
318	2644
0	20
675	0
0	0
0	0
18	1808
0	1691
0	1790
0	1866
0	592
0	224
241	915
56	536
0	510
71	113
0	113
0	258
0	265
0	323
0	248
0	0
3	10
453	0
0	62
20	70
3	8
0	1
45	97
0	0
0	0
0	250
3	250
5	66
0	66
0	1675
0	98
0	0
0	0
24	0
24	150
0	149
0	1953
85	1959
0	1679
23	87
127	31
75	0
0	0
0	0
14	0
66	3661
141	3661
5	0
548	0
0	8
19	203
69	0
314	0
226	426
155	973
0	0
4	22
0	189
0	339
0	5
345	0
4	199
0	405
0	421
0	118
0	95
0	24
0	95
0	43
0	0
0	149
0	95
23	121
0	48
20	0
1028	18
0	0
444	0
0	0
0	26
352	770
0	864
1	2159
0	2072
86	567
4209	5
0	729
0	185
6	182
0	188
0	173
27	159
0	0
27	2234
0	4
0	4
3243	0
142	470
0	532
711	163
17	88
17	116
130	550
0	0
20	23
1296	2
0	793
0	23
555	1424
156	1207
474	0
473	140
0	0
69	282
0	154
0	154
0	93
886	2138
260	2138
495	0
0	338
0	1270
0	577
0	80
0	0
0	91
0	91
0	103
0	551
0	204
0	0
396	1
0	308
72	332
0	332
16	71093
6213	71096
0	342
82	0
0	149
953	0
231	0
0	0
2275	0
12	0
0	103
0	91
0	6
4355	419
0	290
3	0
0	2975
3	0
0	0
14	29
0	6
104	59
0	8
0	750
265	2175
0	2014
0	35
0	1757
0	512
0	29
30	11
0	0
26	374
0	365
0	82
0	0
0	0
0	314
0	280
0	302
0	0
0	684
350	2433
0	348
625	0
248	0
223	1
75	42
236	0
892	0
0	0
1425	0
80	0
0	0
0	0
491	0
3	7
0	0
0	448
75	0
0	0
3	25
147	0
7	92
0	0
0	0
0	0
0	0
14	45
53	867
207	0
457	1287
45	219
19	355
12	355
0	366
0	415
0	2881
0	2135
9	19
0	0
0	0
0	1
0	0
0	0
6	9
0	0
0	0
2	0
0	0
0	0
0	0
0	14763
0	14812
604	13993
0	14114
20	759
0	52
0	0
8	968
0	0
7	0
798	0
2292	1313
0	1313
0	0
0	0
0	989
0	853
0	139
19	139
476	0
118	0
47	168
1864	1
1	339
4	395
270	3
136	1472
163	495
45	495
0	46
0	881
0	869
220	116
0	4185
88	0
7	172
0	447
1533	0
0	595
3040	5
0	16
86	0
2554	3392
0	3392
0	417
0	0
2	0
74	0
0	1430
0	1431
0	58
42	590
142	441
0	0
0	0
4108	11
0	0
0	899
9	161
0	161
0	0
0	0
42	0
0	123
0	128
3	174
5	39
0	213
5	0
0	19
0	0
221	0
69	199
0	0
0	0
0	26
11	149
12	0
195	0
0	8
11	26
0	309
0	0
0	4831
3	0
56	0
655	1563
103	1556
536	0
87	0
1406	1542
4266	7
947	0
0	107
0	146
0	141
0	126
0	829
61	242
1	242
0	858
20	3
5	0
167	25
0	21
0	0
1170	6423
8058	6425
0	0
784	0
0	0
0	1462
8	0
15	48
0	0
0	1693
0	0
1503	4
0	0
103	0
1924	0
498	0
139	0
1218	2
0	15
13	23
210	1030
3936	0
0	0
0	0
757	1
0	0
0	259
123	259
0	259
0	249
0	0
0	0
0	0
0	0
0	0
52	0
0	154
73	154
519	0
0	440
18	655
32	328
0	183
406	0
616	12
236	0
0	1912
0	467
4007	467
13	16
23	16
1567	684
213	684
152	222
0	222
24	38
0	0
0	49
0	335
21	0
0	5
0	5
0	3
0	30
124	0
0	93
3	46
102	3
4	2
13	875
0	0
0	6
0	10
5	500
1244	0
105	0
16	120
0	132
0	132
0	133
0	75
0	286
2138	0
550	1
30	95
53	95
9	30
1108	1
18	132
9	1478
0	1775
0	20
21	643
0	552
0	537
0	537
0	594
3	280
0	167
271	0
4	6
27	0
100	890
1	0
0	0
823	0
0	0
16	190
0	0
0	0
2244	5
140	0
0	0
0	0
0	29
0	29
0	28
0	28
5	72
291	1727
0	332
0	211
0	82
71	0
5	53
0	0
680	1583
241	0
37	12
84	2716
0	2716
9	2715
0	0
0	132
0	136
0	122
0	22
10	0
0	325
0	0
89	0
29	0
33	1155
0	0
0	0
161	0
0	0
574	1
2	39
0	227
19003	10
1047	0
0	0
0	267
305	0
1756	1
0	0
657	7
183	0
154	2823
38	2823
101	980
120	980
3	0
0	0
0	0
0	978
130	0
0	0
1892	0
0	840
3	0
0	72
0	60
0	60
52	248
0	149
0	5062
0	2503
3	7
0	4
138	1838
0	2396
0	1693
0	0
0	112
411	4639
3	239
0	0
272	0
0	0
77	836
3	263
0	263
0	0
61	0
199	0
0	0
1103	0
0	103
0	0
0	0
0	0
36	197
0	0
0	1325
209	1650
0	21
63	49
18	109
0	347
0	122
64	0
0	620
0	5
52	129
4481	0
40	0
164	0
0	603
5	8
0	7
0	31
7	53
0	0
94	911
0	911
0	0
86	0
0	30
0	100
0	0
0	0
5757	0
723	0
31	0
567	3159
0	3159
309	837
0	15
2607	0
11806	5
0	5
0	5
69	228
129	691
562	1
8	12323
218	13212
0	4789
0	5
0	2
0	44
0	44
28	89
0	0
0	0
79	0
0	0
1	24
7	68
65	210
4053	0
2415	0
14	3
7	3
24	89
36	90
736	0
0	26
3	262
74	301
11	298
15	0
0	0
0	287
0	274
1	588
35	0
326	4
607	0
0	0
367	1155
0	886
0	6
0	200
3	0
0	169
0	169
1136	1195
0	1195
257	0
0	5
1	5
1007	0
0	0
0	25665
0	0
0	0
1673	2082
14	1987
73	1954
0	23
0	23
0	63
0	111
0	146
23	112
0	59
0	20
0	270
0	380
48	61
0	0
0	0
200	508
28	60
0	0
0	0
68	0
142	0
247	0
0	660
13	362
549	363
41	1046
101	795
305	325
0	836
430	0
1	2638
0	1
28	82
35	843
0	27
0	455
438	0
2013	4
936	0
5	1157
0	0
42	50
0	50
0	82
99	0
81	1253
55	0
0	6
567	0
0	409
0	379
16	0
0	738
2252	1439
0	1321
5	14
0	297
0	37
4	0
0	39
0	54
1	167
345	196
9	0
428	0
0	0
0	282
0	292
0	291
0	302
0	282
0	438
14	0
0	1887
58	0
32	0
0	690
2	20
0	20
0	35
0	35
0	0
9	0
1241	2974
5	2786
0	2059
5	1005
0	1460
3456	0
0	1030
0	68
713	0
18	0
3550	0
0	285
6037	1
0	0
286	0
0	7
0	357
649	740
7	740
12	3
0	3
730	0
0	6
3268	9
759	0
0	706
10	143
0	143
436	0
558	0
17	348
0	1209
0	0
0	3
56	0
0	111
3	951
22	933
16	84
0	0
102	6
58	519
0	519
15	133
629	0
0	20
0	24
12	216
795	0
0	0
0	0
0	0
0	67
2236	0
0	0
0	0
36	0
0	4181
0	0
0	0
0	230
0	230
0	219
0	0
99	0
12	0
0	17
0	0
0	0
0	4
51	385
0	216
245	4180
0	4180
130	365
5	0
0	0
8	355
0	0
1584	2
5	363
8	363
1	25
98	0
46	198
31	951
981	0
62	219
17	394
84	0
285	0
70	429
0	438
0	2396
0	514
22	626
0	84
313	1
0	0
0	0
6	39
0	0
70	158
0	198
1	198
0	198
0	192
130	485
0	485
328	110
9	1
12	92
0	71
0	48
380	1094
0	19
182	58
1046	0
9	13
0	13
0	0
292	0
265	0
0	62
5	62
0	4
90	1
0	3
0	3
11	115
0	72
0	26
0	0
29	0
0	40
0	47
0	4234
13	0
0	194
0	194
0	194
0	194
0	194
0	171
0	0
235	197
0	197
0	837
532	0
99	0
154	10
217	0
0	0
0	120
1	0
0	1055
0	261
125	0
0	2020
60	0
0	896
43	2
490	0
79	162
271	0
0	806
0	0
8	1099
0	1368
70	985
29	1254
271	30
0	30
0	0
1052	5
0	0
11	229
1	10
3	17
30	30
0	30
571	0
570	0
0	141
0	424
0	83
4	27
0	0
0	0
0	17
80	1344
66	1344
0	0
0	0
8	167
32	1
500	865
32	870
0	748
4	0
0	0
0	10
0	1222
49	1453
0	1465
8	91
14011	14
0	126
0	1120
0	2161
0	1801
0	1158
38	801
0	819
0	144
0	1331
13	177
8	0
0	156
0	134
103	0
5	0
67	1141
0	1141
0	659
0	111
522	0
425	10
0	16
0	23
0	9
0	17
80	988
5	988
1	128
0	101
0	47
0	86
0	143
0	262
0	66
439	0
0	1399
32	1399
234	0
135	131
0	65
0	0
827	86
0	0
0	5
54	24
48	30
115	202
0	119
358	0
26	0
47	361
0	10
0	7
994	0
575	377
32	377
91	4690
0	6059
0	5926
6	5873
65	6213
25	5870
0	0
7	0
0	0
0	2
242	0
0	518
16	35
243	0
138	3415
171	0
1970	0
0	0
27	0
0	1189
0	259
108	1293
0	1031
1	117
0	19
0	13
0	19
0	11
0	19
0	13
0	13
0	14
34	0
0	0
13	1173
0	251
0	5
2	21
0	21
0	4
6419	7
322	0
2038	0
32	268
0	268
0	0
6	285
0	285
211	46
0	2021
0	2021
0	15
3242	0
7	1
0	328
2787	0
0	0
0	0
48	0
137	1108
717	2
3	0
0	0
0	164
0	157
0	0
16	0
813	0
0	1
0	1
0	3
0	3
1274	2
0	10
298	792
8	759
0	0
17	2384
231	2384
1273	0
0	0
0	0
0	30
5	9
26	0
585	0
304	1062
0	933
186	190
0	368
90	0
1436	0
138	0
665	0
6	2
2347	0
0	0
0	0
0	0
0	1936
59	1165
0	1941
596	753
0	1547
0	0
1965	0
0	112
0	175
0	1152
442	1
0	68
692	68
0	0
3	25
19	463
0	35
0	29
0	8
395	0
1636	0
426	530
40	530
468	1
129	453
0	518
10	0
38	0
0	468
0	140
1246	2
0	0
0	0
0	0
9	0
0	0
2339	0
0	231
5	280
0	627
101	741
23	125
51	513
0	50
266	456
1687	0
0	0
17	0
5	10
0	0
0	152
33	1609
159	1609
0	0
0	0
0	0
2	0
77	0
0	0
116	0
4	0
47	449
0	0
0	0
20	1119
27	1103
4	19
0	1527
0	28
0	17
449	789
0	167
1535	0
0	230
106	2330
41	2330
67	0
29	0
0	35
446	0
0	34
0	0
0	0
42	232
0	0
0	73
970	0
1675	0
539	653
52	759
232	0
0	0
558	0
15	13
0	13
71	0
0	0
0	0
640	0
74	2725
0	1351
51	0
1902	0
617	0
659	0
8	21
0	21
0	1179
1	0
0	0
207	0
5017	0
10	80
12	0
0	0
0	0
0	421
0	0
6	17
0	152
9495	4
0	0
260	3
0	0
0	28
8	383
8	383
77	0
0	7
0	7
3	0
0	0
16	0
0	569
0	134
0	134
0	0
0	2
202	0
371	0
0	17
0	0
0	5556
0	5555
203	0
9	0
0	0
260	1046
7	1046
4128	3
59	0
0	1370
157	607
0	160
0	0
533	1
5	7
87	0
528	0
0	0
0	0
0	0
0	0
461	0
23	0
0	0
253	0
0	1563
0	259
0	297
4	304
0	197
0	277
0	198
0	137
0	107
0	104
8	1395
7	0
0	0
0	8
26	142
13	345
0	53
0	53
0	844
0	0
10	0
0	0
0	0
123	0
16	249
7	249
33	46
63	50
0	16
4	223
744	0
1454	7
0	0
0	1
82	0
0	2
0	76
50	76
34	0
2	0
268	1024
110	0
72	646
0	262
0	0
0	479
0	518
0	479
0	524
0	451
0	518
106189	99
1050	0
1231	0
0	48
1	48
0	526
0	103
4	65
0	59
0	50
0	47
0	45
0	17
131	0
0	627
0	545
0	594
0	517
0	540
0	0
0	0
0	60
0	508
0	78
0	78
0	87
0	71
0	47
85	391
0	280
8	0
0	2
0	0
0	0
0	3428
0	3428
1	3058
0	2915
5795	1
34	0
0	111
56	416
0	572
0	650
0	384
0	559
0	5081
66	43
130	144
358	145
0	170
67	0
98	935
0	0
0	134
49	0
414	0
534	1
0	2146
17	13
0	46
0	120
0	13
0	0
0	1
618	0
116	7
47	698
1	0
804	1
1562	0
0	67
759	0
486	0
0	741
0	616
0	741
0	725
331	44
0	12
16	525
54	276
34	207
286	0
101	125
2	0
0	0
2	0
0	2695
0	2322
0	180
210	0
0	88
19	0
26	1355
79	1355
0	113
3288	2
5949	7730
0	7730
5932	6
18	68
1	9
40	332
1	0
68	0
0	142
750	0
1247	0
243	0
0	5
0	0
275	7
3419	0
12	43
5	0
0	688
0	202
171	0
26	758
17	10
0	512
0	102
35	23
198	2031
59	0
472	450
380	2117
114	0
0	496
33	1059
1076	0
99	0
59	58
0	58
0	0
422	8
111	0
0	429
212	0
0	151
0	684
152	2662
138	2662
80	322
0	0
12521	4
1282	0
75	789
163	1738
1	1637
0	0
0	0
0	180
4	0
14	0
13	1223
0	1277
0	947
0	0
1	2768
8	41
407	1049
0	6959
0	0
0	97
0	0
6	2
0	0
3	0
237	0
0	23
0	0
25	184
0	357
0	0
15	171
0	155
12	129
1	308
102	0
0	18
0	6
0	10
0	413
0	446
849	0
0	169
0	232
0	232
6	313
17556	18
0	22
63	144
27	55
0	15
542	0
0	35
0	35
0	31
0	4
882	0
151	3367
30	3339
53	3388
0	77
71	0
0	46
77	0
0	180
0	341
12	341
0	0
0	0
0	0
0	295
0	18
0	35
0	318
5	3
0	0
0	0
0	0
0	0
6	0
0	0
0	219
0	210
139	0
74	0
53	188
0	33
223	89
0	89
356	0
69	0
0	89
0	19
55	159
117	2539
0	2539
0	6197
0	0
0	0
0	0
376	124
0	0
0	47
26	215
0	30
1615	4
1804	3618
0	3613
1147	0
0	93
0	790
332	1519
0	0
0	0
105	756
273	0
5	275
0	128
0	127
0	114
0	11
0	1072
0	654
0	0
187	0
0	0
0	0
0	0
5	137
242	586
289	0
4	797
15346	1
1273	0
624	0
137	90
0	90
0	279
0	54
0	11
0	0
0	115
0	0
0	0
21	55
0	55
0	43
0	43
0	29
0	0
0	29
0	0
0	0
0	466
0	0
0	105
9	304
11	304
0	157
145	2
0	363
1045	1
0	0
103	2
59	17
34	17
8	4303
0	672
34	3988
0	0
4	0
0	303
287	10298
40	0
9	5
0	912
0	875
0	925
1	17
0	0
0	793
1540	0
15	30
8	0
13	1
117	0
0	786
0	0
14	0
0	11
0	0
27	0
0	150
33	139
16	150
14	0
0	28
0	34
0	11
0	6
183	391
30	0
0	1443
0	0
0	26
0	0
0	6
9	84
106	0
40	1
0	297
66	85
0	1039
0	1035
0	18
0	0
0	528
1093	5028
88	5028
0	1843
0	190
0	345
0	51
0	85
18	2303
566	0
0	85
0	121
0	1093
0	26
0	659
0	0
0	392
0	0
0	9
0	77
0	2
0	2296
119	2212
12	2223
70	2132
0	933
2	326
54	326
0	434
0	107
111	0
0	1979
0	3008
315	3189
388	0
0	0
141	193
0	10
49	11
0	899
0	760
0	904
1	880
43	465
4	87
4	0
60	0
51	278
0	0
0	239
65	0
167	494
0	935
82	0
0	0
0	0
0	0
0	2825
6	2821
36	2673
43	381
0	445
0	445
99	1193
38	13
34	13
16	11
0	4
0	4477
141	4957
0	0
10	426
85	2290
8	2200
417	2036
0	916
202	283
28	415
0	283
227	0
0	157
0	565
3	30
0	399
182	1278
0	24
0	24
0	114
0	0
0	0
0	1469
0	878
48	1630
9	0
104	36
0	370
0	369
0	300
0	0
220	509
18	108
0	500
0	241
0	0
0	188
2719	8
3	0
0	45
0	47
0	47
0	0
0	480
0	0
0	111
900	814
0	814
1	0
120	1
2	0
0	176
0	0
0	0
0	185
191	0
0	27
0	351
267	948
0	1
0	13
258	0
235	2873
6742	1
0	0
0	0
0	495
2	75
89	1062
459	0
0	3
672	0
0	0
0	13
0	13
0	13
0	28
0	51
0	9
0	11
0	159
0	251
0	118
0	49
0	148
42	142
16	760
0	4
0	0
505	0
0	0
0	0
79	0
100	490
47	0
0	557
0	20
53	0
0	110
49	0
0	568
10	0
52	412
0	5
237	0
2360	0
0	0
0	0
0	0
0	73
24	0
0	122
6596	2
0	1
0	7
0	1514
121	0
0	157
21	193
0	0
0	6
33	1202
86	1202
0	1
16	912
803	912
58	153
96	153
348	0
13	0
0	0
13	0
7	14
17	281
436	77
1	2157
59	8814
40	574
0	0
0	0
27	0
0	74
1109	3
0	0
232	0
0	0
37	484
8	484
0	3
0	3
0	3
0	3
0	3
0	3
0	3
0	3
0	5911
0	0
0	14
0	33
0	33
0	0
0	0
0	2493
0	79
2	2536
1	2386
744	1294
0	0
159	164
7	164
0	0
0	233
0	0
0	7
0	6
0	0
230	0
67	0
0	28
0	20
164	0
14	3812
174	3813
20	2189
0	767
0	2912
0	2978
0	12
0	12
18	0
0	35
0	0
0	0
1479	0
61	0
0	0
241	0
1394	0
708	0
27	5377
27	0
0	0
0	0
0	0
0	0
0	0
0	0
0	166
14	166
2	2
63	2
3	4
0	0
87	364
0	192
0	0
0	0
0	0
0	0
0	187
11	187
3	0
0	0
9	157
5	0
0	0
0	0
23	0
7	4
152	401
2	10
8	0
0	44
0	44
0	14
17	0
0	5
0	6
744	315
0	315
0	72
0	6
0	6
0	6
55	908
0	212
0	319
386	457
0	4
22	0
0	0
0	2381
0	0
0	1290
0	783
181	3
0	782
0	0
468	0
497	0
2	895
0	867
399	0
0	0
0	0
56	0
0	0
38	0
0	4
0	419
502	664
0	0
3	0
10	150
10	221
0	0
0	0
0	178
0	0
160	10537
1451	10540
0	9043
2	43
0	389
1130	393
0	0
72	883
0	0
11751	1581
0	1578
1026	0
0	0
0	0
0	0
0	0
26	0
0	78
0	0
0	0
127	231
9	40
899	0
637	1536
5	0
25	1611
0	1611
2157	469
0	12
60	75
0	0
0	2972
0	2233
0	0
0	583
452	0
0	0
29	36
4055	0
0	0
0	8
789	0
3	16
0	0
219	1592
0	98
2354	3
83	308
109	0
399	13083
35	0
356	0
0	0
32	203
0	203
10	0
0	0
21	3
0	0
698	1
4	506
0	424
0	373
0	476
0	407
0	297
0	66
0	29
0	29
917	0
0	0
13	229
7	229
29	2877
0	2877
0	21
26	0
20	0
231	0
0	34
201	5138
169	5125
12	5141
7	5103
260	4962
0	4
0	4
0	4
0	4
0	4
0	35
14	0
1	333
0	365
0	365
0	343
0	765
0	754
0	714
0	590
6	9
5	0
0	1844
0	2
0	115
39	0
0	398
1	393
0	398
0	213
67	366
0	0
1352	0
0	1887
124	956
270	0
3	0
12	2
1	0
0	0
0	4010
213	4116
0	278
0	0
0	0
0	0
1155	0
0	0
0	1
0	1
34	1021
0	519
0	484
0	519
28	496
5	479
8	477
0	411
0	482
29	0
705	0
368	348
20	348
0	0
141	72
0	1149
28	1149
0	344
396	0
0	565
0	2
245	1628
0	0
743	0
72	0
0	3873
0	3873
1438	0
21	739
0	3
928	0
45	0
0	0
0	0
2163	0
14	171
2635	0
60	0
474	0
599	0
8	0
0	43
0	43
103	0
0	0
0	0
524	0
10	387
1183	0
0	253
0	252
0	248
0	239
173	0
168	0
607	0
1	0
49	110
0	1325
73	536
0	536
29	0
0	0
81	95
0	95
642	0
44	25
177	0
0	605
386	0
830	4
0	396
0	0
4	11
19	0
400	2093
20	201
0	20
0	20
316	3430
756	3430
42	0
20	0
2	0
34	0
0	0
4	0
0	0
1036	1016
0	1013
63	0
877	2
0	0
0	0
0	39
0	221
0	221
9	215
1803	0
0	94138
0	0
464	332
0	332
1	5
0	167
0	240
0	113
83	554
0	554
129	0
59	1028
0	200
11	200
0	639
13	307
6	164
2	0
0	0
0	36
0	0
0	173
323	0
0	714
45	714
3	20
0	90
19	90
0	38
0	185
1700	0
0	609
23	609
2849	176
720	0
0	0
1	21
1	17
0	280
260	3
28	0
0	0
200	0
2	0
793	1269
0	0
81	4
3	0
136	109
0	109
2	2854
13785	11
1160	0
8	955
0	926
1	274
9	0
0	393
0	314
78	250
0	202
0	0
0	9189
22	50
29	27
0	27
0	24
1057	4247
0	0
553	0
1	3219
111	3064
6	3081
0	1361
54	0
68	0
11	0
196	88
0	88
3	935
172	13
470	0
0	145
70	145
27	0
0	30
271	1041
0	1041
196	0
1083	1
810	0
0	1129
0	1140
0	2
257	0
0	0
0	0
40	175
11	337
9	657
527	0
59	0
142	946
7	946
5	0
6	476
231	305
0	305
0	0
0	0
167	0
0	67
0	0
0	6219
0	6001
0	6721
421	0
9	0
133	0
0	0
0	1966
266	0
17	1152
15	0
186	6
0	6
536	2
761	1
114	0
2	0
0	6868
0	6566
0	6822
0	6885
0	6865
0	5316
2	37
0	78
38	168
0	0
0	0
0	0
0	0
0	0
278	3616
0	170
0	1212
0	8
0	8
125	93
0	1164
31	1164
0	90
0	7
0	3
1	23
0	489
0	0
417	0
0	645
0	21
0	38
91	38
0	359
0	0
0	1552
1	320
130	2741
1	7
0	91
0	205
0	39
0	3
0	3
0	105
0	476
0	0
0	2
4	36
0	3
371	3
0	154
885	624
2102	626
2	0
0	254
0	0
0	2
0	43
0	43
0	45
0	776
525	0
9	78
11	0
2	349
54	597
0	591
0	575
0	592
0	0
0	0
0	425
0	0
0	1607
0	1414
0	5065
0	4890
0	5072
0	96
49	0
145	1599
0	53
0	0
0	0
0	50
0	0
0	0
0	1253
21	136
61	0
0	789
1	35
0	2872
17	0
0	0
0	243
0	3044
32	0
18	424
0	153
0	0
0	0
0	0
1	187
0	0
0	0
1059	680
0	320
0	1651
26	0
0	1176
26	2
0	2
0	408
0	389
0	389
0	539
2	320
0	405
0	405
0	91
687	2874
0	6883
0	6915
20	283
3	3658
2	866
0	542
0	3906
0	328
0	342
0	345
0	338
0	3
0	6086
0	6218
126	1770
0	83
0	80
0	0
657	0
629	0
0	31
0	11
2787	805
3	826
0	903
0	802
0	278
0	0
4	52
0	0
0	0
65	1002
0	1002
0	0
313	9
21	0
10	4
0	155
13	781
29	781
5	19
35	444
1869	444
0	200
9	258
0	43
59	881
0	636
0	603
199	0
0	0
0	0
386	0
0	917
0	746
0	0
14	10573
4166	10577
0	9835
0	0
121	310
1	689
384	689
2	0
0	1160
0	1118
0	1089
0	1121
0	1131
0	1154
0	1140
0	1100
0	0
0	0
0	0
0	0
104	304
373	0
3	157
5	0
0	2738
0	201
88	938
86	929
23	1
0	706
0	5
0	5
823	1
437	2588
0	0
75	0
25	231
12	0
29	172
380	482
138	2259
0	1101
0	809
10	64
0	1
0	369
8	398
0	0
19	0
0	1453
0	17
236	0
0	27
0	85
2095	0
0	46
152	771
0	0
0	0
0	0
0	0
0	745
0	81
0	79
187	0
0	0
0	9
3	0
0	0
0	0
0	265
0	5
0	111
135	0
120	204
0	1430
27	575
116	409
52	409
1	0
243	266
9	60
12	0
0	0
2	0
0	77
0	3
0	0
0	523
0	0
0	34
0	0
0	0
1396	0
0	61
83	108
43	166
0	692
0	7
0	10784
36	0
0	15
55	218
144	182
0	182
0	6641
0	0
0	23
1	192
0	181
567	0
259	0
0	127
0	125
355	20451
0	893
4120	897
0	15
0	0
0	148
1228	794
15	11
0	8
6	0
0	0
2193	0
0	1
2	39
0	39
0	42
0	2180
0	992
0	19
0	691
242	1678
11	60
74	0
0	0
287	0
159	6
0	4
0	1051
5	0
0	516
0	355
0	321
0	334
0	1341
0	231
1	1
7	26
431	5110
7	10
0	5
0	5
25	2177
20	0
1641	6
0	0
0	623
0	0
72	2569
5	2569
115	1377
0	46
0	0
0	2
282	1380
2	737
0	1
348	0
36	0
0	538
51	539
24	474
7	0
0	0
18	145
0	13
0	21
0	22
3006	6
0	17
0	378
0	207
120	176
10	0
0	0
4733	5
0	0
13	62
791	0
938	0
318	1
0	105
0	105
0	91
0	83
0	105
0	84
6	13
0	8
13	346
41	402
28	368
0	402
0	2
2	0
219	0
0	0
1007	0
0	0
0	0
485	0
0	0
0	1518
110	1518
0	0
1	638
129	638
105	7049
387	7049
198	0
0	0
0	0
0	240
101	29
0	0
179	0
143	710
1573	0
7	0
15	238
0	498
0	423
83	465
1749	0
1	0
2224	2
1529	1
249	0
0	0
0	1
183	0
734	346
25	346
120	0
18	148
0	0
40	556
1028	0
0	2
0	2
354	0
0	0
0	0
1721	1
53	0
0	101
0	0
1	0
381	0
0	0
0	16
0	16
2533	3
0	0
0	0
0	0
21	46
349	1
31516	20174
0	20163
90	126
22	2835
0	2397
90	0
0	447
0	24
0	19
0	12
15	0
1220	3
44	8
0	8
2	24
0	391
0	391
691	249
242	735
400	778
0	0
19	0
0	29
0	18
0	28
0	28
0	17
0	17
0	17
0	17
0	17
0	13
0	10
0	0
3	0
0	718
383	0
9	0
6	0
234	0
57	0
0	0
454	2
23	0
394	0
0	0
492	62
0	62
192	218
24	0
20	257
0	257
5	0
0	1292
1086	1
17	0
73	0
5957	0
10	0
0	264
167	0
230	0
1	0
0	88
125	0
24299	263
691	0
0	0
315	0
0	0
10	0
0	0
0	559
22	0
109	0
1225	0
34	172
82	155
80	155
287	1
0	0
26	0
826	0
10	171
0	0
56	0
1838	0
0	102
0	85
61	0
0	0
77	0
148	478
80	478
221	0
883	0
17112	4
57	2908
23	2902
7	2609
31	0
4466	0
253	5823
0	5823
0	3
68	13
0	207
0	207
0	0
2562	0
0	0
0	0
93	261
0	261
690	0
19	1010
0	0
69	94
0	0
79	0
0	0
0	66
0	0
0	5
103	0
6	30
570	0
0	0
43	49
0	0
3	4
0	0
0	0
0	0
490	95
0	92
116	842
0	842
63	0
345	0
0	138
0	172
257	0
0	0
2016	0
0	0
15	0
0	0
2	0
6	0
0	0
14	0
149	191
931	0
0	30
1946	0
54	0
261	953
167	0
26	69
851	0
3	0
666	0
98	177
126	286
0	1008
47	0
218	3415
0	3415
8	96
0	96
0	86
545	0
11	61
0	61
0	0
0	1
0	63
0	119
0	128
5	72
0	509
282	509
0	3
144	329
0	329
328	0
0	7
0	7294
0	7340
51	0
147	741
0	0
0	0
1	2420
797	2420
5	0
0	126
13	126
0	1227
6	1240
0	82
33	0
203	1
0	35
0	35
356	1
296	1629
0	450
3	550
0	394
1143	1
0	0
0	0
0	8
0	12
0	12
0	12
0	12
0	13
0	13
6253	8
0	564
0	6992
0	178
0	178
34	157
0	178
0	170
0	171
286	545
0	109
643	0
216	11
953	0
8	887
186	2
0	0
6	63
0	63
103	525
0	278
0	0
0	347
0	39
47	748
0	161
0	3
157	876
0	643
25	809
102	597
5	0
0	0
0	0
0	0
0	0
445	3
0	187
6	54
38	45
6	6350
0	6180
0	148
9	53
306	3362
0	0
0	30
0	107
390	749
0	749
0	610
22	615
0	701
0	25
5	2
2	28
0	0
0	88
1342	0
5	0
468	8
0	259
0	424
0	239
0	722
0	516
34	0
262	2099
239	0
0	0
0	17
0	0
722	0
0	0
3482	0
0	0
6	927
520	0
0	200
0	0
230	503
0	184
0	161
0	5
0	5
0	5
0	1087
0	1196
0	0
138	659
0	721
0	70
1	1029
0	197
0	106
0	108
0	0
0	0
70	329
0	0
11663	6
0	113
0	12
0	0
13	0
0	0
0	12
0	12
0	12
0	12
5	2245
336	2245
56	13
58	196
199	0
5	128
37	123
363	1
57229	58
0	54
0	2755
47	237
0	237
0	14
0	11
0	0
0	326
0	576
4	0
0	183
25	3
8	1455
0	0
0	0
0	0
0	301
0	9
0	0
0	390
0	120
0	455
0	473
0	474
0	2157
0	230
277	0
921	0
17	9
23	59
8	59
0	1788
0	46
0	33
0	10
2670	1
0	1700
90	1700
0	0
0	88
0	6790
151	296
48	127
0	1
9	100
0	65
100	546
60	162
7	34
0	170
0	191
0	194
703	0
0	0
0	71
0	83
157	1590
0	535
0	294
0	451
3	18
16	352
0	283
8	405
0	185
0	0
52	0
0	86
3	91
36	0
0	9
0	0
0	32
0	15
18	1005
15	0
0	272
0	90
0	77
0	67
0	77
0	0
0	0
0	5
160	0
508	2
0	646
0	563
15	699
0	584
0	2139
0	969
0	2030
0	2014
6	1
2908	645
146	2002
0	2002
61	0
128	0
212	1443
0	3
0	3
0	0
0	307
0	34
7	114
0	82
9	0
0	123
104	660
0	660
9	2
0	748
0	0
0	60
0	8
4	3
2	3
0	67
70	0
0	0
0	0
228	0
29	3275
0	3275
807	0
0	49
311	1299
0	4710
0	1466
0	1381
510	0
344	279
0	0
41	194
13	489
71	415
127	0
0	244
0	174
0	0
3	232
0	0
0	269
1949	0
0	95
0	1864
88	1864
155	1101
0	0
0	991
0	584
21	0
2191	0
10	1423
0	1222
0	3
0	2
1078	0
85	0
6	1
378	0
15	68
0	0
0	0
5	1785
0	1734
0	1785
0	1746
0	1732
0	13
0	20
163	0
11	0
0	362
0	0
28	143
0	2
0	0
0	0
0	14
25	14
0	923
0	887
0	432
0	1486
8	0
173	0
1561	0
0	784
1	49
0	7
2213	2
0	99
0	0
0	142
0	1345
194	35
45	0
25	362
0	452
75	1
434	318
0	833
0	67
0	0
0	19
0	1956
0	1922
15	274
0	274
40	274
122	0
97	0
94	0
8	0
3	0
379	1198
862	1
10	351
130	2049
1462	895
0	895
5	0
0	0
0	699
0	579
0	0
7	0
0	0
0	493
0	439
0	437
0	0
53	1174
177	0
0	448
0	260
0	258
0	31
0	15
755	1
9	67
14	67
658	0
19	0
95	2520
2409	0
0	17
18	17
0	0
0	764
0	772
2	1
0	10
0	10
0	0
1	9
0	9
563	1
37	0
0	0
0	2505
0	0
111	1587
1	33
0	0
0	5
5	5
343	191
0	2690
414	325
1963	320
1026	0
0	13
0	13
0	0
0	1
0	5
0	0
88	79
63	0
4	72
0	0
0	0
2	163
0	4
8	6
59	0
0	0
0	54
0	0
0	0
0	0
0	0
0	0
3	0
29	441
12	441
0	0
0	0
302	0
1	17
0	4
0	4
2138	5
0	1979
21	0
406	0
345	960
47	1
4	32
1017	7753
0	7753
51	217
0	0
0	0
0	0
2	30
0	25
8	0
664	75
0	37
566	0
2012	2
910	0
204	2040
0	2040
0	1
0	0
316	1379
174	1379
723	0
0	3
153	7
32	519
0	519
0	519
31	795
0	791
12	552
182	0
819	0
0	0
68	1169
77	1169
0	632
0	551
0	358
0	540
24	262
324	262
52	0
72	23
0	0
2	0
0	1
28	0
135	774
0	12
972	1525
3	1525
8	12
7	90
12	1451
0	1212
104	348
34	0
0	37
0	146
0	144
0	144
15	142
5	184
0	184
0	51
0	5
0	2
0	0
0	2620
0	2625
0	154
944	0
0	519
12	13
449	0
0	0
516	204
70	204
13	143
0	40
0	40
1	120
17	130
0	151
0	795
0	0
0	0
0	0
0	305
0	310
0	310
37	175
0	0
3	0
3	0
139	1704
0	0
0	0
1406	0
0	6
0	6
0	13
392	0
404	4358
31	4358
0	0
801	0
87	233
5	2065
0	2128
0	1932
0	1942
11	1433
0	0
0	0
71	1250
0	1250
1804	2452
1	71
0	2804
0	2723
127	2858
323	2792
141	2700
0	2085
18	63
253	1
1650	0
0	0
246	747
0	0
0	0
0	0
10	0
739	0
0	781
0	254
0	67
6	120
0	0
250	61
0	9
0	9
0	11
0	0
1301	0
0	184
0	430
0	430
23	50
0	0
0	329
0	0
0	1592
1159	0
0	154
0	194
25	52
0	659
582	0
26	17
57	660
0	6
324	937
0	141
521	0
121	5272
0	40
0	40
0	0
0	0
0	0
0	0
0	0
4	4
0	3
0	3
3	284
22	0
0	0
0	1419
3	1581
9	1596
1373	447
0	0
0	1414
0	1414
953	0
630	457
0	811
0	781
136	160
13	3
5	0
0	148
0	0
0	0
0	9
0	298
0	120
513	0
16	0
77	136
0	576
4855	1
53	37
230	0
4	0
0	10
16	16
0	16
0	554
0	20
51	0
48	164
0	71
22	16
339	0
0	0
127	435
60	0
0	0
0	447
0	0
0	0
0	164
0	2206
7	90
0	0
25	216
0	0
0	13
0	4
0	1
0	22
0	8
7	19
1	209
22	152
89	124
16	124
0	8
0	8
51	0
285	1112
0	481
0	17981
93	0
4637	0
0	293
0	63
0	39
11	0
0	115
4	1681
0	0
210	0
18	50
0	785
15678	6
0	0
0	1504
239	1504
0	1081
0	1103
953	1103
0	0
0	0
68	42
326	4343
44	4343
0	38
0	35
0	32
0	0
129	0
1304	0
0	838
0	20
0	186
0	0
20	0
446	2
1397	6
1083	0
118	420
0	12
0	8
0	4
0	3
0	150
0	117
158	0
22	15
0	373
0	260
4	260
5	439
48	439
0	0
0	12
0	0
0	2
0	23
32	349
192	0
310	0
0	929
0	609
9	955
3907	2
20	5708
816	5704
0	222
0	406
0	414
0	327
0	327
169	0
3	0
0	2029
0	261
807	0
2	11
0	0
0	5
0	0
112	0
1008	0
4694	0
0	0
0	0
0	6
2	0
0	15
497	0
384	1131
0	0
0	0
5	547
0	0
145	0
6	80
0	291
0	288
0	285
0	291
0	14
1	92
49	92
153	0
0	0
9	440
0	457
0	431
0	384
0	2124
0	2166
0	1801
0	0
0	0
0	10
0	124
10	474
0	10
0	0
26	2
1	0
8	370
17	374
0	311
63	139
0	1172
164	0
0	1130
3	1064
0	0
0	57
0	57
0	701
0	958
0	11540
0	11540
0	11540
0	0
0	431
17	436
0	5
0	314
69	314
0	0
3	0
0	0
19	296
15	968
33	254
1747	0
815	0
39	64
0	172
220	0
2105	5429
95	55
83	0
0	1486
0	1503
41	129
0	0
0	1671
0	1383
0	1
0	80
0	815
41	792
0	0
0	1379
0	1
0	207
534	0
392	1
3970	16366
2	0
57	377
0	375
0	0
0	1
1013	0
0	7
0	0
0	430
1277	368
0	1315
0	0
25	0
247	768
0	768
0	1106
0	183
0	11
12	130
319	1
0	0
6515	0
933	0
80	878
20	1235
6	1224
0	4
0	0
9	15
142	1378
1315	4
0	9
0	50
0	9
6	0
19	0
423	2480
0	0
273	0
47	335
566	0
0	41
95	442
12	16
92	657
0	6
0	57
0	62
0	72
0	43
0	97
0	0
0	787
3	784
0	784
0	49
0	44
465	0
6	34
0	250
12289	0
0	0
147	0
289	0
21	65
0	0
2	0
0	0
0	2
49	21
0	21
454	3559
6	168
8	7
1628	0
0	2732
0	430
0	115
445	0
0	207
10	768
0	768
0	339
42	1
0	6
0	655
7	655
31	198
3328	4
9	15
0	27
4	126
0	53
46	3566
0	3560
91	1457
38	0
52	182
1153	355
256	638
10	638
65	3558
7	32
597	3
0	1429
0	1404
0	1353
0	1409
0	1404
0	0
0	0
0	437
0	163
6	67
0	153
26	153
4	76
138	0
0	18
0	18
0	0
1585	1
0	79
0	0
0	0
275	0
8	0
0	0
0	0
0	14105
0	14058
8165	3
41	59
0	926
0	0
0	0
0	0
197	0
0	1520
12	0
3757	1209
166	0
87	157
1	4
0	0
20	38
9	38
3	4
320	333
1	333
0	78
3051	5
3	0
144	0
0	0
25	166
30	0
23	0
108	0
0	1454
37	0
0	0
0	0
0	276
223	130
5	26
3320	10
0	0
0	0
1	664
6	964
1	0
0	0
676	481
0	0
0	0
0	0
5	0
0	6
0	6
9	0
0	0
2552	4
34	0
310	1525
12	143
0	147
9	150
0	0
0	0
0	104
4	104
1676	0
5	0
32	262
0	0
917	0
0	0
0	0
16	0
0	100
103	17
134	0
67	702
9	702
0	14
0	0
17	36
2	36
0	644
0	718
40	718
1097	0
1030	1
1602	4
50	557
32	557
0	32
0	32
0	32
0	32
0	318
0	0
0	0
1233	0
15	264
0	2
0	2
134	0
69	371
0	371
0	291
23	2213
200	2249
0	828
0	1783
0	859
11	18
0	96
8	7
853	0
0	5
0	5
4	56
0	2
208	1966
355	1467
0	2
0	0
0	0
0	0
30	4082
0	4110
0	4028
221	816
0	3140
0	868
0	830
82	398
0	484
0	0
0	27
20	27
9	93
476	93
0	7
0	0
0	20
0	936
7	0
18	167
3	88
1	40
0	40
0	23
2	23
2	23
3	0
7	0
0	475
0	120
15	149
0	120
0	0
66	0
88	901
25	874
0	720
19	695
0	408
12	400
0	485
0	15
0	3064
23	3058
45	3046
0	3171
0	3110
0	3154
2	1257
3	1246
0	204
19	0
0	203
0	10
0	10
9	3
0	1339
0	1051
0	751
0	13
0	13
187	0
313	16231
58	16231
374	0
546	6012
3585	7
40	0
0	0
0	79
1687	0
37	0
0	592
0	0
3112	0
42	0
22	305
3	1232
0	1185
0	13
0	7
0	13
0	6
0	6
83	0
0	0
0	0
0	0
0	0
0	0
215	0
75	1496
0	1717
0	1231
0	739
0	874
0	874
30	874
0	306
0	275
4	449
29	446
32	3
0	96
54	97
46	285
0	285
58	72
0	17
0	17
10	0
0	703
0	3
111	0
409	145
624	0
367	0
0	9
509	479
0	480
0	201
33	0
75	0
19	314
6	97
0	58
0	0
1330	0
0	0
14	0
1015	2
503	595
0	146
0	0
0	2184
0	2184
262	2184
121	0
205	8
135	0
0	0
37	0
0	176
0	0
8	0
0	2011
70	29
1078	0
24	232
391	0
0	1464
17	1359
0	1464
224	0
2794	0
24	316
38	291
208	1921
0	300
108	413
2436	0
447	0
0	335
0	293
15	272
0	0
0	0
9020	3
0	328
0	312
381	0
27	0
0	78
0	60
0	70
0	0
0	42
0	400
0	400
0	400
0	0
0	0
0	0
1562	0
200	0
73	166
513	0
0	5
0	8
875	0
0	35
8	2
31	37
0	0
390	736
5160	3
10828	3
132	160
19	102
0	100
39	0
4	12
1	0
0	0
1857	0
0	12
0	0
51	0
2	0
55	711
0	0
0	208
14	187
3	141
0	0
0	0
0	1249
1	1220
5	14
0	80
0	389
0	57
0	74
0	1610
50	1682
0	1541
0	406
78	718
117	539
0	71
2920	1
0	15
112	2608
13	12
179	1
27	0
0	15
0	166
0	123
122	1042
1	0
0	471
0	119
0	1
1	1056
0	1115
52	1026
5	70
1	5088
902	0
5	12
0	1014
0	6
0	0
0	500
27	463
1	0
0	0
32	622
105	149
400	0
46	0
0	3012
0	2745
0	2561
0	339
79	112
0	0
0	0
0	0
0	208
0	0
156	36
0	0
0	231
6	0
0	97
0	97
0	153
224	4
0	0
22	116
2466	0
50	74
32	0
0	0
11	5
41	0
161	489
1415	7
0	32
0	44
0	39
1	577
14	570
0	570
0	633
0	0
0	386
64	0
110	268
0	268
0	0
39	84
0	888
0	832
208	1002
0	541
0	437
1081	0
3	583
0	549
733	9508
589	0
0	0
0	3098
0	0
0	170
146	0
0	7
0	0
0	0
0	74
14	16
0	0
92	330
13	18
8	38
59	165
322	1268
460	1268
0	0
173	1034
0	0
5	0
141	252
0	25
1163	0
19	0
0	1990
0	0
104	0
0	129
0	27
9	0
0	33
0	49
0	0
0	0
836	0
0	0
0	0
18	0
0	0
0	0
0	0
1	49
0	0
106	0
0	5
387	0
9	20
6345	0
0	3
0	3
0	3
2	56
139	279
68	650
0	5
0	2122
104	131
81	179
0	85
0	0
0	47
80	1
33	126
0	126
0	0
0	5
0	5
22	0
11	107
0	589
0	0
0	154
56	507
16	0
0	0
0	167
104	0
738	0
264	0
895	0
1	18
32	210
0	0
270	0
283	306
0	306
0	0
0	8
23	0
276	715
829	0
0	0
0	1
0	0
122	0
2435	10
0	0
0	0
34	204
0	165
0	603
0	588
0	509
95	731
0	571
0	0
152	0
1954	1020
24	976
0	919
0	0
1312	0
140	239
5	0
6	1229
79	568
180	568
4	1708
0	1705
0	1661
15	119
0	119
0	427
0	278
53	423
0	423
0	0
0	0
0	0
703	0
0	215
210	2
0	0
332	0
1380	382
0	382
68	801
0	0
8	75
0	0
329	7727
21	35
146	0
552	0
1	389
0	211
1	0
216	1
0	241
558	0
78	935
67	392
17	217
0	37
924	2
102	2419
0	0
0	0
286	0
167	0
6	0
0	601
0	529
14	595
6	0
12	22
0	523
0	531
23	384
328	0
5	89
313	1701
0	0
0	0
5	0
1425	1935
289	2269
2739	0
0	0
0	0
309	0
0	114
0	165
0	62
0	100
6	179
0	55
0	0
904	0
456	105
2022	0
0	0
76	3905
0	3905
0	0
31	5651
0	6099
0	3173
168	2
16	1834
0	0
604	0
0	431
0	432
0	313
0	0
0	5615
16	0
52	2776
0	2776
228789	165
245216	121
2133266	1139
796701	479
14734	46
424274	238
933785	489
53208	3
44319	35
345459	183
252705	123
8760	16
543763	309
130	0
0	0
0	0
0	0
0	0
0	0
0	0
0	0
0	0
0	0
0	0
0	0
0	0
0	0
0	0
0	0
0	0
0	0
0	0
0	0
0	0
0	0
0	0
29	0
0	0
3873	2275
0	0
3	2230
0	0
16	50
738	6
0	0
0	0
1	0
0	0
0	0
0	0
0	54
0	54
0	44
15	49
0	0
0	0
101	5
0	0
0	0
0	14
1	58
0	0
0	0
0	0
0	0
0	27
13	30
0	0
0	0
37	16
0	16
0	0
0	440
0	0
0	0
0	0
0	5
0	10
0	0
0	0
0	0
0	0
1890	1241
0	1241
0	0
13	5
0	0
0	121
33	0
0	0
14	0
0	0
0	0
0	0
0	0
0	0
0	0
1	0
0	0
0	0
0	0
0	0
3	0
0	8
0	0
0	0
139	0
2	0
0	0
5	0
5	0
0	2
0	0
0	0
0	0
2	43
1	0
6	2
0	101
9	0
82	384
0	0
0	0
3	0
2	0
133	7
5	0
0	0
0	10
0	0
0	0
0	0
29	3
9	0
2	0
0	0
0	0
0	0
7	0
0	9
0	0
0	0
5	277
0	52
0	37
0	0
0	3
0	737
10	3
14	0
0	1
0	734
4	0
1	0
9	0
0	0
4	0
0	52
0	0
0	0
0	18
14	2
0	0
0	0
0	0
0	0
0	0
0	0
0	0
0	0
0	2
0	0
0	0
0	0
0	0
10	5
0	0
0	0
1	0
79739	17
33	1008
0	0
0	0
0	0
0	0
0	0
0	3
0	0
0	0
65	18
4	637
0	0
0	0
0	9
8	0
0	0
0	0
0	4
0	0
0	0
69	1562
0	4
0	3
0	0
0	14
0	17
0	0
1	62
0	0
0	0
16	3
574	7
0	137
0	0
18	0
0	0
108	312
0	0
8	0
0	0
0	0
0	0
1	0
50	1030
0	0
0	0
0	0
0	0
0	0
6	532
0	4
6	563
15	480
0	0
336	0
0	0
0	0
9	44
0	0
9	7
0	0
0	0
2	64
0	0
14	84
0	0
0	27
0	0
0	0
0	0
0	0
0	124
13	342
2	0
0	0
0	303
2	134
7	94
22	95
0	55
0	0
0	0
0	0
0	0
0	0
0	0
0	0
0	0
0	0
0	204
0	0
0	0
0	0
0	12
67	809
0	0
56	1051
52	14
192	391
6	440
0	0
0	0
7	540
2	416
48	1256
0	0
0	379
0	0
0	0
0	0
0	5
0	0
0	0
0	0
0	0
20	137
11	445
24	43
0	16
48	0
2	48
0	136
5	3
0	0
19	88
0	8
0	80
0	0
0	3
0	0
92	0
10	1079
8	877
73	1390
0	0
0	0
0	1
0	0
2	5
0	0
0	0
0	0
73	85
72	0
218	24
0	0
0	0
40	0
0	0
0	0
0	0
0	0
0	0
0	0
0	0
0	0
0	0
0	5
1	167
0	0
2	1517
50	20
0	63
4	0
0	0
1	451
0	0
419	1002
0	311
3	548
0	654
